Eigvals	159
19.84151778988467	10.369438647519916	5.975155126932553	4.5170462486709875	4.3539109671295915	2.146834789346057	0.9552321180909629	0.8016493833696419	0.6559447300008452	0.538035651150363	0.5160849424308129	0.475136643497615	0.4240103595496396	0.39425211836554097	0.27697629362093124	0.2381369985451991	0.19690548574267108	0.18247319236001713	0.15311759159882032	0.13602344113467968	0.1164467244343419	0.08317643726959645	0.07898398289214614	0.07533298914664388	0.07161520557617274	0.06256788110976386	0.06040793692705826	0.055066922777550875	0.04667490542986408	0.037369343721525373	0.03690254649754975	0.03309161789076365	0.02916833070189684	0.02581221833165115	0.02245433922099438	0.01899411876860535	0.0167826019386923	0.014774005785391342	0.011964074832428527	0.011456841091258106	0.010948498566858193	0.007987787678545542	0.00740136273030655	0.005526325132255927	0.004250213659879001	0.004169709891704476	0.0026541046031465097	0.0022707115800287923	0.0011867076544350035	0.0008403422596649326	5.244310007897993e-06	0.0	0.0	0.0	0.0	0.0	0.0	0.0	0.0	0.0	0.0	0.0	0.0	0.0	0.0	0.0	0.0	0.0	0.0	0.0	0.0	0.0	0.0	0.0	0.0	0.0	0.0	0.0	0.0	0.0	0.0	0.0	0.0	0.0	0.0	0.0	0.0	0.0	0.0	0.0	0.0	0.0	0.0	0.0	0.0	0.0	0.0	0.0	0.0	0.0	0.0	0.0	0.0	0.0	0.0	0.0	0.0	0.0	0.0	0.0	0.0	0.0	0.0	0.0	0.0	0.0	0.0	0.0	0.0	0.0	0.0	0.0	0.0	0.0	0.0	0.0	0.0	0.0	0.0	0.0	0.0	0.0	0.0	0.0	0.0	0.0	0.0	0.0	0.0	0.0	0.0	0.0	0.0	0.0	0.0	0.0	0.0	0.0	0.0	0.0	0.0	0.0	0.0	0.0	0.0	0.0	0.0	0.0	0.0

Proportion explained	159
0.36672809239289106	0.1916569334392741	0.11043798486871276	0.08348795548645398	0.08047274812000174	0.03967965733856039	0.017655426171001402	0.014816777236717383	0.012123737815612854	0.009944440242688033	0.009538728259328751	0.008781886382939573	0.007836926184736548	0.00728690863376191	0.005119315410912817	0.004401453967859843	0.0036393774877907215	0.003372627359240904	0.002830051756799374	0.002514102883473399	0.0021522690738395916	0.0015373388515402167	0.0014598502837517987	0.001392369459663381	0.0013236541682644742	0.0011564336925951608	0.001116511736110432	0.001017794493244524	0.0008626859705077099	0.0006906925307879342	0.000682064780769226	0.0006116279022495465	0.0005391143152387739	0.00047708374376586747	0.0004150205178686589	0.00035106573078022265	0.00031019056402547705	0.00027306595271860986	0.00022113037858319078	0.00021175524588081402	0.00020235961968782153	0.000147637200380197	0.000136798387297615	0.00010214232072146773	7.855612480131209e-05	7.706818453153422e-05	4.905545676648401e-05	4.1969255322944066e-05	2.1933757233071062e-05	1.5531932441235058e-05	9.692987328287235e-08	0.0	0.0	0.0	0.0	0.0	0.0	0.0	0.0	0.0	0.0	0.0	0.0	0.0	0.0	0.0	0.0	0.0	0.0	0.0	0.0	0.0	0.0	0.0	0.0	0.0	0.0	0.0	0.0	0.0	0.0	0.0	0.0	0.0	0.0	0.0	0.0	0.0	0.0	0.0	0.0	0.0	0.0	0.0	0.0	0.0	0.0	0.0	0.0	0.0	0.0	0.0	0.0	0.0	0.0	0.0	0.0	0.0	0.0	0.0	0.0	0.0	0.0	0.0	0.0	0.0	0.0	0.0	0.0	0.0	0.0	0.0	0.0	0.0	0.0	0.0	0.0	0.0	0.0	0.0	0.0	0.0	0.0	0.0	0.0	0.0	0.0	0.0	0.0	0.0	0.0	0.0	0.0	0.0	0.0	0.0	0.0	0.0	0.0	0.0	0.0	0.0	0.0	0.0	0.0	0.0	0.0	0.0	0.0

Species	0	0

Site	159	159
S1-female-1	-0.41596537553326113	-0.04650629870230393	0.05955382256501368	-0.027660792776949952	-0.01028356612219839	-0.06311402076138371	0.016510985105068817	-0.03424299805412849	-0.0005387176983908714	-0.004332863646365315	-0.029522023665602935	0.002924981240800801	0.04532135242684848	0.0164969444795887	0.008531724426501425	-0.015642558586822664	-0.02063463356219245	0.007802516868755458	0.001441248767827584	0.06950989494138633	-0.02213238417680543	0.0012656192571078957	-0.02105236068535009	-0.000425661020924622	-0.012659938829765797	0.0009023416500305402	-2.1929738149804555e-05	-0.003966282160189561	0.033585897212577216	-0.002573329838080772	-0.006640191744723406	-0.026090524015463284	0.009958318609919154	0.016456714720575426	-0.012333250159112567	0.015741521249117783	-0.017450768699592247	-0.00802443292557581	-0.002404827568962633	0.002903599051141864	-0.0016671303001669284	-0.009232377488781765	-0.007110719554000128	0.00824651596582908	-0.009567298520645048	0.00766732002084354	0.002766027058930421	-0.0016878310739979077	-0.008668659962789758	0.010879239200952998	-0.00022715217435043922	0.0	0.0	0.0	0.0	0.0	0.0	0.0	0.0	0.0	0.0	0.0	0.0	0.0	0.0	0.0	0.0	0.0	0.0	0.0	0.0	0.0	0.0	0.0	0.0	0.0	0.0	0.0	0.0	0.0	0.0	0.0	0.0	0.0	0.0	0.0	0.0	0.0	0.0	0.0	0.0	0.0	0.0	0.0	0.0	0.0	0.0	0.0	0.0	0.0	0.0	0.0	0.0	0.0	0.0	0.0	0.0	0.0	0.0	0.0	0.0	0.0	0.0	0.0	0.0	0.0	0.0	0.0	0.0	0.0	0.0	0.0	0.0	0.0	0.0	0.0	0.0	0.0	0.0	0.0	0.0	0.0	0.0	0.0	0.0	0.0	0.0	0.0	0.0	0.0	0.0	0.0	0.0	0.0	0.0	0.0	0.0	0.0	0.0	0.0	0.0	0.0	0.0	0.0	0.0	0.0	0.0	0.0	0.0
S1-female-2	-0.4314736236625353	-0.086427488749298	0.007895549978916139	0.003162124786958084	-0.017571431165331833	-0.09446106426662862	0.009351691523353484	-0.014925055920815342	-0.012902052463626546	-0.0037188951075777885	-0.021317973988977442	0.007883150275380614	0.001434257744591636	-0.010468924088952078	0.0005701498405620124	0.009249112693810315	-0.0036670410028938464	0.0066351887000890295	-0.002573021839305794	0.0033038858109619477	-0.0014783097913108852	-0.0005914561199473072	0.0014098655013836375	0.002550257977603536	-0.00014508913865211967	-0.00010307506193467154	-0.0001468469799385702	0.0011902110692683428	-0.0034471637213842323	0.002099936539562372	-0.000725468866203344	0.0013958059741384435	-0.0005388953909329995	-0.00012374716167074746	-0.001954374237923073	-0.00046582017425860324	0.001323094240953205	0.00037654020366839104	0.0006523121822250951	-0.00048781216585708464	-0.00027230521816316264	0.0012113236978819274	-0.0001603859268219115	0.00036578769645543744	-0.0009719431054942379	0.0003977626271611284	-0.000776255794907473	-1.9000532057174222e-05	-0.00020872121526180844	0.0002752729133891182	8.054915525320858e-06	0.0	-0.0	0.0	-0.0	-0.0	-0.0	0.0	-0.0	0.0	-0.0	0.0	-0.0	0.0	-0.0	0.0	-0.0	-0.0	0.0	-0.0	0.0	0.0	-0.0	0.0	-0.0	0.0	-0.0	0.0	-0.0	0.0	-0.0	-0.0	-0.0	0.0	0.0	-0.0	0.0	0.0	-0.0	-0.0	-0.0	0.0	0.0	0.0	0.0	0.0	0.0	0.0	0.0	0.0	0.0	0.0	0.0	0.0	0.0	0.0	0.0	0.0	0.0	0.0	0.0	0.0	0.0	0.0	0.0	0.0	0.0	0.0	0.0	0.0	0.0	0.0	0.0	0.0	0.0	0.0	0.0	0.0	0.0	0.0	0.0	0.0	0.0	0.0	0.0	0.0	0.0	0.0	0.0	0.0	0.0	0.0	0.0	0.0	0.0	0.0	0.0	0.0	0.0	0.0	0.0	0.0	0.0	0.0	0.0	0.0	0.0	0.0	0.0
S1-female-3	0.35465430258476976	0.0406214668864762	-0.05255168445650965	0.32067043497312797	-0.2855859050414113	0.2754507586973584	-0.1464017750912249	0.10092278408591797	0.2560950047232332	0.024338658376895254	-0.02520339869985826	-0.16143340829761307	-0.16270779470728508	-0.08147576230593458	0.11273656210404943	-0.035495466254095186	-0.0027821269937951918	-0.028612686884940924	0.011090462961471778	0.026758393231985554	0.012381389665765064	0.013090853310442501	0.010493717734668378	0.032042099868055264	-0.006792863768503018	0.0032339697379082277	0.005055073125514479	0.006137627964792723	-0.013030009820019048	0.004165739652532372	-0.0017558397098204417	0.008249808900408946	-0.008398573840075078	0.002352142755612677	-0.0017356687841726362	0.004073292688767988	-0.002467207179533024	-0.008850257508584147	0.00048553341850907274	-0.00018510347482133863	0.003149305614278589	-0.0007515042800528294	-0.005503504283117746	-0.0009490368986599781	-0.0005786660864217598	0.0036876586876698173	0.00021905237954796168	0.0016710300536433276	-0.0004851480055024787	-0.0004501609721424225	4.117174882985674e-06	-0.0	0.0	0.0	-0.0	-0.0	-0.0	0.0	-0.0	-0.0	-0.0	-0.0	-0.0	-0.0	0.0	0.0	-0.0	0.0	0.0	-0.0	-0.0	0.0	0.0	-0.0	0.0	-0.0	-0.0	0.0	0.0	0.0	-0.0	-0.0	0.0	0.0	-0.0	-0.0	-0.0	-0.0	-0.0	-0.0	-0.0	0.0	0.0	0.0	0.0	0.0	0.0	0.0	0.0	0.0	0.0	0.0	0.0	0.0	0.0	0.0	0.0	0.0	0.0	0.0	0.0	0.0	0.0	0.0	0.0	0.0	0.0	0.0	0.0	0.0	0.0	0.0	0.0	0.0	0.0	0.0	0.0	0.0	0.0	0.0	0.0	0.0	0.0	0.0	0.0	0.0	0.0	0.0	0.0	0.0	0.0	0.0	0.0	0.0	0.0	0.0	0.0	0.0	0.0	0.0	0.0	0.0	0.0	0.0	0.0	0.0	0.0	0.0	0.0
S1-male-1	-0.42085646402628263	-0.06454381807654695	0.03696470308294186	-0.011242525978551427	-0.015581090052985578	-0.06472702295038589	0.024120747986772606	-0.021448966203836507	-0.0049606880824081614	0.005748409370376163	-0.04407158582045332	-0.05910374054336581	0.002293795235754685	-0.009544986717156537	-0.010648770063540569	0.0022050313024361097	-0.023646041013977614	0.01355833008154947	0.02090979697873807	0.06152907496472465	0.019872352774782033	0.0045881534101180725	0.00947108048490523	0.024850393518415902	0.01362188980836434	0.02539480430255919	-0.03223433304793058	-0.02461254234640464	0.02972867526134091	-0.006135848946978087	-0.009235348576962713	-0.016424874491250543	-0.009198129238686277	0.037866252868187435	-0.01133740827845877	-0.004345194295549017	0.012360867521087532	-0.00614504401767299	0.00022901387673861012	-0.0013064932939824243	-0.0025082347429971376	0.009806868309461828	0.006203944505134927	-0.011331547292623418	0.0017882219610484886	0.004268693007110237	0.008598097994331705	0.0018038580435162986	-0.0014178844807454165	-0.006504897077009463	0.0001451110961631002	-0.0	0.0	0.0	-0.0	-0.0	-0.0	0.0	-0.0	-0.0	-0.0	-0.0	-0.0	-0.0	0.0	0.0	-0.0	0.0	0.0	-0.0	-0.0	0.0	0.0	-0.0	0.0	-0.0	-0.0	0.0	0.0	0.0	-0.0	0.0	0.0	0.0	-0.0	-0.0	-0.0	-0.0	-0.0	-0.0	-0.0	0.0	0.0	0.0	0.0	0.0	0.0	0.0	0.0	0.0	0.0	0.0	0.0	0.0	0.0	0.0	0.0	0.0	0.0	0.0	0.0	0.0	0.0	0.0	0.0	0.0	0.0	0.0	0.0	0.0	0.0	0.0	0.0	0.0	0.0	0.0	0.0	0.0	0.0	0.0	0.0	0.0	0.0	0.0	0.0	0.0	0.0	0.0	0.0	0.0	0.0	0.0	0.0	0.0	0.0	0.0	0.0	0.0	0.0	0.0	0.0	0.0	0.0	0.0	0.0	0.0	0.0	0.0	0.0
S1-male-2	-0.39459844640567016	-0.04503032284514546	-0.09197252094465456	-0.0660418813044044	0.021447734314909987	-0.006008210102150036	-0.04325567474693133	-0.06975746437784752	-0.08879477430691915	-0.0199836709239285	0.10748199220892458	-0.09507706234347105	0.016243359206119516	0.017198360883631705	0.004078875693660046	4.7025274384378944e-05	0.03550242147761858	0.02787766070884995	-0.0036081638851247844	-0.03697663305445623	-0.0087519619749922	0.006241904742235695	0.007360500583352872	0.008498304727549987	-0.021701879021050578	0.010915603597851783	0.03181480499790482	-0.008688507589046648	-0.008292015845947073	0.020373858749574165	-0.04110340752962589	-0.0019192273447405951	-0.01716366195851823	0.012608037956259602	-0.009569623293434693	0.004286995167503291	0.012777502796702317	0.017866844447271185	-0.007361962939621555	0.00802016005988217	0.016472440813724214	0.02221324978985228	-0.0012278199821269802	0.02372808853205462	0.0035379174042497598	0.0030044232222341547	0.00041817011032334073	-0.004322800748771447	0.001672422021404087	0.003330147489584879	1.2017661363814652e-05	-0.0	0.0	0.0	-0.0	-0.0	-0.0	0.0	-0.0	-0.0	-0.0	-0.0	-0.0	-0.0	0.0	0.0	-0.0	0.0	0.0	-0.0	-0.0	0.0	0.0	-0.0	0.0	-0.0	-0.0	0.0	0.0	0.0	-0.0	-0.0	0.0	0.0	0.0	-0.0	-0.0	-0.0	-0.0	-0.0	-0.0	0.0	0.0	0.0	0.0	0.0	0.0	0.0	0.0	0.0	0.0	0.0	0.0	0.0	0.0	0.0	0.0	0.0	0.0	0.0	0.0	0.0	0.0	0.0	0.0	0.0	0.0	0.0	0.0	0.0	0.0	0.0	0.0	0.0	0.0	0.0	0.0	0.0	0.0	0.0	0.0	0.0	0.0	0.0	0.0	0.0	0.0	0.0	0.0	0.0	0.0	0.0	0.0	0.0	0.0	0.0	0.0	0.0	0.0	0.0	0.0	0.0	0.0	0.0	0.0	0.0	0.0	0.0	0.0
S10-female-1	-0.43147362366253533	-0.086427488749298	0.007895549978915766	0.003162124786957892	-0.017571431165331983	-0.09446106426663006	0.009351691523353417	-0.014925055920815774	-0.012902052463626612	-0.0037188951075777642	-0.021317973988979007	0.00788315027538125	0.0014342577445922346	-0.010468924088952333	0.0005701498405637246	0.009249112693810947	-0.0036670410028927496	0.006635188700089007	-0.0025730218393077505	0.0033038858109617148	-0.001478309791310942	-0.0005914561199476317	0.0014098655013831088	0.0025502579776014956	-0.00014508913865503395	-0.00010307506193630819	-0.00014684697993859713	0.0011902110692714367	-0.0034471637213818276	0.0020999365395616594	-0.0007254688662015664	0.0013958059741401075	-0.0005388953909311564	-0.000123747161672621	-0.001954374237922113	-0.00046582017426133364	0.0013230942409525436	0.00037654020366807397	0.0006523121822285649	-0.000487812165857496	-0.00027230521816366143	0.0012113236978683684	-0.00016038592681670078	0.00036578769645262307	-0.0009719431055051558	0.0003977626271539757	-0.000776255794918833	-1.9000532078862745e-05	-0.00020872121524890974	0.0002752729133570888	8.054915198864794e-06	-0.0	0.0	-0.0	-0.0	0.0	0.0	-0.0	0.0	-0.0	0.0	-0.0	-0.0	-0.0	0.0	-0.0	0.0	0.0	0.0	0.0	0.0	-0.0	0.0	0.0	0.0	0.0	0.0	-0.0	-0.0	-0.0	0.0	0.0	-0.0	-0.0	-0.0	-0.0	-0.0	-0.0	0.0	0.0	0.0	0.0	0.0	0.0	0.0	0.0	0.0	0.0	0.0	0.0	0.0	0.0	0.0	0.0	0.0	0.0	0.0	0.0	0.0	0.0	0.0	0.0	0.0	0.0	0.0	0.0	0.0	0.0	0.0	0.0	0.0	0.0	0.0	0.0	0.0	0.0	0.0	0.0	0.0	0.0	0.0	0.0	0.0	0.0	0.0	0.0	0.0	0.0	0.0	0.0	0.0	0.0	0.0	0.0	0.0	0.0	0.0	0.0	0.0	0.0	0.0	0.0	0.0	0.0	0.0	0.0	0.0	0.0	0.0
S10-female-2	-0.38169497928669516	0.0307223926589011	0.1542129064227211	-0.08095731734423149	-0.0007743763441334607	-0.014151130243660822	0.030939633176565628	-0.0635306893125352	0.009728641670682563	0.009260165802285307	-0.06382495539736996	-0.003294655099634175	0.09587645274733159	0.05126372314583492	0.04293743398613585	-0.0315239636956027	-0.0011744598650137398	0.01255237893469108	0.04336059399314714	0.03426742736929996	-0.014193703144557028	0.026902046982986007	0.02140325826857427	0.0102844703591363	-0.023714581851759106	-0.011506954377952443	0.03401317592467228	-0.0160632751821505	-0.012991471265871357	-0.006455557349225625	-0.027878392003442977	-0.0006265137092387323	-0.02139144150660575	-0.02975751051955728	0.03280977130066571	0.008048512598596678	0.013658388123237268	0.004940931164019693	-0.0025106108164749175	0.001288322456389806	0.003999682584322078	0.0019674085710121264	9.738671409482004e-05	0.003873527647760683	-0.00391198101175773	0.002900240412436229	-0.0026016636464308834	0.007303561704255596	0.003109609687300857	-0.0019971482503524816	-0.0001732251946998861	-0.0	0.0	-0.0	-0.0	-0.0	-0.0	0.0	-0.0	0.0	-0.0	-0.0	-0.0	-0.0	0.0	0.0	0.0	0.0	0.0	-0.0	-0.0	0.0	0.0	-0.0	0.0	0.0	-0.0	0.0	0.0	0.0	-0.0	-0.0	-0.0	0.0	-0.0	-0.0	-0.0	-0.0	-0.0	-0.0	-0.0	0.0	0.0	0.0	0.0	0.0	0.0	0.0	0.0	0.0	0.0	0.0	0.0	0.0	0.0	0.0	0.0	0.0	0.0	0.0	0.0	0.0	0.0	0.0	0.0	0.0	0.0	0.0	0.0	0.0	0.0	0.0	0.0	0.0	0.0	0.0	0.0	0.0	0.0	0.0	0.0	0.0	0.0	0.0	0.0	0.0	0.0	0.0	0.0	0.0	0.0	0.0	0.0	0.0	0.0	0.0	0.0	0.0	0.0	0.0	0.0	0.0	0.0	0.0	0.0	0.0	0.0	0.0	0.0
S10-Female-3	-0.14495634473388683	0.2050985796224705	0.07785857616690384	0.07166189946885915	0.21807885100456328	0.2410554035408187	0.07926181368709109	0.06824209186853049	-0.03781741149199362	0.07979029280782983	0.12938269357609167	0.0071390034047504715	0.08053125857856293	0.040951574462877234	-0.09359566846183585	-0.026969920487305957	0.05514460103422465	0.010328014965451918	0.05426685415901564	0.05023236039586587	-0.04810056965595537	-0.005701576249025982	0.017684974306312447	0.019223230965510072	0.0003697857779234319	-0.006603581903726929	0.021649008237387853	-0.0004205062966313219	-0.005100006355535169	-0.003229765090960621	0.01833575118761991	0.023023437089433295	0.0004131151544646194	-0.035136805555306815	0.0010733682395162336	0.007615348371969125	-0.004183105966104589	0.027384952088280862	-0.012351759877406387	0.014622419000110139	0.003528810926222581	-0.007587421122890144	-0.003219937298013326	-0.0005088446095343354	0.0010302819145489744	-0.0015615827115644575	-0.0024442374211812194	0.0007858754445749802	0.0009002180698095115	0.0001755814319637488	4.8328881798800464e-05	-0.0	0.0	0.0	-0.0	-0.0	-0.0	0.0	-0.0	-0.0	-0.0	-0.0	-0.0	-0.0	0.0	0.0	-0.0	0.0	0.0	-0.0	-0.0	0.0	0.0	-0.0	0.0	-0.0	-0.0	0.0	0.0	0.0	-0.0	-0.0	0.0	0.0	-0.0	-0.0	-0.0	-0.0	-0.0	-0.0	-0.0	0.0	0.0	0.0	0.0	0.0	0.0	0.0	0.0	0.0	0.0	0.0	0.0	0.0	0.0	0.0	0.0	0.0	0.0	0.0	0.0	0.0	0.0	0.0	0.0	0.0	0.0	0.0	0.0	0.0	0.0	0.0	0.0	0.0	0.0	0.0	0.0	0.0	0.0	0.0	0.0	0.0	0.0	0.0	0.0	0.0	0.0	0.0	0.0	0.0	0.0	0.0	0.0	0.0	0.0	0.0	0.0	0.0	0.0	0.0	0.0	0.0	0.0	0.0	0.0	0.0	0.0	0.0	0.0
S10-male-1	-0.42379236800554687	-0.06596506129792815	0.03336499514978913	-0.012190481707110562	-0.013177322767188809	-0.07747836622589471	0.011488712650371569	-0.025439339870948235	-0.005886811968969125	-0.005393739157871645	-0.024851369350152988	0.004743345361894988	0.023780560097414753	0.003786815164919478	0.0020116536146436406	-0.00460650311103534	-0.016243922378488256	0.003356592188811126	-0.0012449483333009305	0.04638221889228917	-0.012404325588075431	0.0031767163152588247	-0.015197978732549718	-0.00044195158287666555	-0.0024794196676993442	0.01562646328488431	-0.008826235912854367	-0.0035779277993794566	0.028168127948725218	0.00474853255829996	-0.004169145813606584	-0.010325500355641816	0.00506934165883705	0.01935284290874922	-0.0025820738972567175	-0.0005382604383891161	0.00240196577309104	0.00670351193281988	-0.0037297646974461213	0.003813956514049682	0.002192627018719146	-0.010823481465531264	0.0007872081919718853	0.002317935540140519	0.016173962187760276	-0.007784598144146762	-0.008322424939391834	0.0006681939825159281	0.013376076844803844	-0.009555204675448776	0.0004999873616824805	-0.0	0.0	0.0	-0.0	-0.0	-0.0	0.0	-0.0	-0.0	-0.0	-0.0	-0.0	-0.0	0.0	0.0	-0.0	0.0	0.0	-0.0	-0.0	0.0	0.0	-0.0	0.0	-0.0	-0.0	0.0	0.0	0.0	-0.0	0.0	0.0	0.0	-0.0	-0.0	-0.0	-0.0	-0.0	-0.0	-0.0	0.0	0.0	0.0	0.0	0.0	0.0	0.0	0.0	0.0	0.0	0.0	0.0	0.0	0.0	0.0	0.0	0.0	0.0	0.0	0.0	0.0	0.0	0.0	0.0	0.0	0.0	0.0	0.0	0.0	0.0	0.0	0.0	0.0	0.0	0.0	0.0	0.0	0.0	0.0	0.0	0.0	0.0	0.0	0.0	0.0	0.0	0.0	0.0	0.0	0.0	0.0	0.0	0.0	0.0	0.0	0.0	0.0	0.0	0.0	0.0	0.0	0.0	0.0	0.0	0.0	0.0	0.0	0.0
S10-male-2-	-0.2298366852882088	0.20921586460268674	0.238436892423486	-0.1991640232742461	-0.005118302909861901	0.11140737233744032	-0.0007018678890162438	-0.09183537021066297	-0.03966067462708631	-0.011713412678022245	-0.014605531723328772	0.0186087664032465	-0.06270269428246147	0.09025070529810715	-0.05661649004471987	0.08582265448291776	0.008485927756688775	-0.022222424821579906	-0.08776289981811088	-0.04474459864524745	0.029121432659502292	0.0220576104749829	-0.010359591712008984	-0.005508920761281655	-0.0016719178438036491	-0.014151646097315822	0.0026388399444039427	-0.027011015261644077	0.03349541934450271	-0.026323787069230293	0.01490772172327658	-0.0046450945042992445	-0.017890859676833088	-0.012355131967423709	0.015710798580409083	-7.154842422734634e-05	-0.0058844590776833	0.005618193856739773	-0.0012747923531361664	0.0032647668995761784	-0.013819968392324267	0.0038768000334099603	-0.004394326969127906	0.0009540146131749416	-0.0020554400284121706	-0.0063152071985538155	0.002086540525481669	-4.428586810818647e-05	0.0007958027271374702	-0.0006494032817961406	-9.393209540148441e-06	-0.0	0.0	0.0	-0.0	-0.0	-0.0	0.0	-0.0	-0.0	-0.0	-0.0	-0.0	-0.0	0.0	0.0	-0.0	0.0	0.0	-0.0	-0.0	0.0	0.0	-0.0	0.0	-0.0	-0.0	0.0	0.0	0.0	-0.0	-0.0	0.0	0.0	-0.0	-0.0	-0.0	-0.0	-0.0	-0.0	-0.0	0.0	0.0	0.0	0.0	0.0	0.0	0.0	0.0	0.0	0.0	0.0	0.0	0.0	0.0	0.0	0.0	0.0	0.0	0.0	0.0	0.0	0.0	0.0	0.0	0.0	0.0	0.0	0.0	0.0	0.0	0.0	0.0	0.0	0.0	0.0	0.0	0.0	0.0	0.0	0.0	0.0	0.0	0.0	0.0	0.0	0.0	0.0	0.0	0.0	0.0	0.0	0.0	0.0	0.0	0.0	0.0	0.0	0.0	0.0	0.0	0.0	0.0	0.0	0.0	0.0	0.0	0.0	0.0
S2-female-1	-0.43147362366253533	-0.08642748874929784	0.007895549978916191	0.003162124786958228	-0.017571431165331844	-0.09446106426662995	0.009351691523353028	-0.014925055920815708	-0.012902052463626834	-0.003718895107577287	-0.02131797398897909	0.00788315027538123	0.0014342577445920403	-0.01046892408895281	0.000570149840564302	0.009249112693810981	-0.003667041002893921	0.006635188700088457	-0.002573021839306999	0.003303885810963507	-0.0014783097913121169	-0.0005914561199483276	0.001409865501382902	0.002550257977603136	-0.00014508913865520618	-0.00010307506193604426	-0.0001468469799365063	0.0011902110692707467	-0.0034471637213855395	0.0020999365395621664	-0.0007254688662025725	0.0013958059741407238	-0.0005388953909314293	-0.00012374716167220232	-0.0019543742379215462	-0.00046582017425956314	0.0013230942409547253	0.00037654020366999756	0.0006523121822290026	-0.0004878121658568714	-0.00027230521816375147	0.0012113236978667718	-0.0001603859268164073	0.0003657876964560659	-0.0009719431055037271	0.0003977626271544951	-0.0007762557949133913	-1.9000532082529327e-05	-0.00020872121524653645	0.0002752729133733882	8.054915091507564e-06	0.0	0.0	0.0	-0.0	0.0	-0.0	-0.0	0.0	0.0	0.0	0.0	0.0	0.0	0.0	-0.0	-0.0	0.0	0.0	-0.0	0.0	-0.0	0.0	0.0	0.0	0.0	-0.0	0.0	0.0	0.0	-0.0	-0.0	0.0	0.0	0.0	0.0	-0.0	-0.0	0.0	-0.0	0.0	0.0	0.0	0.0	0.0	0.0	0.0	0.0	0.0	0.0	0.0	0.0	0.0	0.0	0.0	0.0	0.0	0.0	0.0	0.0	0.0	0.0	0.0	0.0	0.0	0.0	0.0	0.0	0.0	0.0	0.0	0.0	0.0	0.0	0.0	0.0	0.0	0.0	0.0	0.0	0.0	0.0	0.0	0.0	0.0	0.0	0.0	0.0	0.0	0.0	0.0	0.0	0.0	0.0	0.0	0.0	0.0	0.0	0.0	0.0	0.0	0.0	0.0	0.0	0.0	0.0	0.0	0.0	0.0
S2-male-1	-0.4304360260641977	-0.0797426259977521	0.0022513606369002075	0.014751517714517447	-0.043737458537902195	-0.07672689801389058	0.004112076563785524	-0.021163830055054355	-0.013976735994348797	-0.0018648064792401455	-0.026229409830957062	0.004095815487003033	-0.0052611680037471745	-0.006114474104042115	-0.00036484298847466083	0.007450828313468428	-0.007113281460445701	5.926272074620376e-05	-0.010308595757022492	-0.0035968196010468193	-0.0023858579927529973	-0.0016608546948310757	0.0023085613939092487	0.01213645626507708	-0.007719513832924994	0.007138080670147245	0.004201160479423451	-0.0032861235383388233	0.002988867137634633	-2.5415566905287558e-05	-0.002207879518000612	-0.001577290780833253	-0.0036016144115929884	-0.004139442150285771	0.004319582416392405	0.01335836661245348	-0.002171281046353903	-0.008864969953110638	-0.0044171477378991885	0.006424866687847055	-0.007258545480556046	-0.015187710434010954	0.002748494814909115	-0.0025478037958194806	0.011061226697830764	-0.02549481859212677	0.018595009177206096	0.001309460393964979	-0.0013879885759959568	0.0032179035101336417	-0.000451731364202655	0.0	-0.0	-0.0	0.0	0.0	0.0	-0.0	0.0	0.0	0.0	0.0	-0.0	0.0	-0.0	-0.0	0.0	-0.0	0.0	0.0	0.0	-0.0	-0.0	0.0	-0.0	0.0	0.0	-0.0	-0.0	0.0	0.0	-0.0	-0.0	-0.0	0.0	0.0	0.0	0.0	0.0	0.0	0.0	0.0	0.0	0.0	0.0	0.0	0.0	0.0	0.0	0.0	0.0	0.0	0.0	0.0	0.0	0.0	0.0	0.0	0.0	0.0	0.0	0.0	0.0	0.0	0.0	0.0	0.0	0.0	0.0	0.0	0.0	0.0	0.0	0.0	0.0	0.0	0.0	0.0	0.0	0.0	0.0	0.0	0.0	0.0	0.0	0.0	0.0	0.0	0.0	0.0	0.0	0.0	0.0	0.0	0.0	0.0	0.0	0.0	0.0	0.0	0.0	0.0	0.0	0.0	0.0	0.0	0.0	0.0	0.0
S2-male-2	-0.40831262309577177	-0.0612522270788791	0.018764674460673668	0.028425640572478632	0.006030703724748293	-0.0019574977995641925	0.00961398139070305	0.0682760374975765	0.020330395567960024	0.06273567838786331	0.0550495642499609	-0.10433884731143153	-0.008139889867174769	0.015192274929360766	-0.07161084484495799	-0.08229515318952965	0.006038894037294993	0.03512049163009429	0.051414041234273275	-0.033706531501474644	0.021933667141291666	-0.0372909416548018	0.030123987048271104	-0.002694475970662353	0.04074041053564256	0.006355979429427303	-0.03149030631096503	-0.019822491469688033	0.010260241096042578	-0.013971132911725396	0.020713973338742295	0.0027014946454706527	0.018687613269206274	-0.034043829496056936	0.009092536454999117	-0.00821165506208843	0.008349565685005412	0.015702587059006796	-0.009435860719985012	0.008884150873326347	0.01153777252036824	0.005350332573959612	0.003469180698589783	0.0037612701409954936	-0.003820892753969975	0.007703659618908707	-0.005690673498042918	-0.0034057315955194137	0.0014934650654034288	0.003086560557474537	8.458342565208895e-05	-0.0	0.0	0.0	-0.0	-0.0	-0.0	0.0	-0.0	-0.0	-0.0	-0.0	-0.0	-0.0	0.0	0.0	-0.0	0.0	0.0	-0.0	-0.0	0.0	0.0	-0.0	0.0	-0.0	-0.0	0.0	0.0	0.0	-0.0	0.0	0.0	0.0	-0.0	-0.0	-0.0	-0.0	-0.0	-0.0	-0.0	0.0	0.0	0.0	0.0	0.0	0.0	0.0	0.0	0.0	0.0	0.0	0.0	0.0	0.0	0.0	0.0	0.0	0.0	0.0	0.0	0.0	0.0	0.0	0.0	0.0	0.0	0.0	0.0	0.0	0.0	0.0	0.0	0.0	0.0	0.0	0.0	0.0	0.0	0.0	0.0	0.0	0.0	0.0	0.0	0.0	0.0	0.0	0.0	0.0	0.0	0.0	0.0	0.0	0.0	0.0	0.0	0.0	0.0	0.0	0.0	0.0	0.0	0.0	0.0	0.0	0.0	0.0	0.0
S2014F_E2-2-B-F	0.2098515764126796	0.38369089604449885	-0.4864380878603716	0.10737391625534261	-0.2978108707100896	0.15977136820261031	-0.20251688111965058	0.00682116118543702	-0.08078117080491018	0.04983053351215925	-0.021482385721808103	-0.015705792211258368	-0.0032423426475007002	0.021504733479164522	0.0421664354120118	0.031749857901929794	-0.15046917389722567	-0.048072570847484175	0.0741867248304391	-0.0441209203147786	-0.07830944433445072	-0.04927115247702386	-0.0040328033835479145	0.041963310783881706	-0.02921678729605502	-0.01286507440597162	-0.017597928498242408	0.014093508543718164	0.007842190166802309	0.01686664207264468	0.003149352932457608	0.005251098764986058	-0.004135051359797976	0.0011846734077275729	0.008350699447294753	-0.002706138475098371	0.006082411001042542	-0.00699921315137076	0.0006113638197646823	0.003020057692057581	0.004138681102023518	0.001850260306640035	-0.006539836989405186	-0.0013497895143009418	0.0004472897161463261	0.0012411498862785607	0.001322004774764254	-0.0006037281194760326	0.000716726329862014	-0.0001947380772128688	-6.692226146198076e-05	-0.0	0.0	-0.0	-0.0	-0.0	-0.0	0.0	-0.0	-0.0	-0.0	-0.0	-0.0	-0.0	0.0	0.0	-0.0	0.0	0.0	-0.0	-0.0	0.0	0.0	-0.0	0.0	-0.0	-0.0	0.0	0.0	0.0	-0.0	-0.0	0.0	0.0	-0.0	-0.0	-0.0	-0.0	-0.0	-0.0	-0.0	0.0	0.0	0.0	0.0	0.0	0.0	0.0	0.0	0.0	0.0	0.0	0.0	0.0	0.0	0.0	0.0	0.0	0.0	0.0	0.0	0.0	0.0	0.0	0.0	0.0	0.0	0.0	0.0	0.0	0.0	0.0	0.0	0.0	0.0	0.0	0.0	0.0	0.0	0.0	0.0	0.0	0.0	0.0	0.0	0.0	0.0	0.0	0.0	0.0	0.0	0.0	0.0	0.0	0.0	0.0	0.0	0.0	0.0	0.0	0.0	0.0	0.0	0.0	0.0	0.0	0.0	0.0	0.0
S2014F_E2-3-B-F	0.2692085439043121	0.1342544270661515	-0.04888989172411269	0.28609438401648807	0.12166474385702529	-0.050457332399304715	-0.31178280636447075	0.2435735094487926	0.08254916445290074	0.053822688787968836	-0.06287468992125836	-0.031608027059420896	0.29617398860344607	-0.19921214754489325	-0.07615195137645797	0.22627229914646746	-0.045981585289369485	0.012793975151709495	-0.04317167607469563	-0.032375612342629485	-0.03752425406140164	-0.036843751458215564	0.030953063828838764	0.017408870096385105	0.013950015063749387	-0.027501574859097953	-0.0011692459284021652	-0.020209926123205494	0.004911115219911291	-0.004307538516103127	0.0022189820659552716	-0.006717253610481214	0.013186701226219583	-0.004373559420980541	-0.0068500646343872835	0.006125985362039345	-0.0008560503108723367	0.005964412969126701	-0.0019055814831522866	-0.002798835063355254	0.0032587377016770167	-0.002850456836478482	0.006086232909820169	0.003491926679922824	0.0013431872697490831	0.0017959239421447056	-0.0016044156454424552	0.0007406910183522378	0.00013796681033129146	0.0003311912145269512	1.314796369120245e-05	-0.0	0.0	0.0	-0.0	-0.0	-0.0	0.0	-0.0	-0.0	-0.0	-0.0	-0.0	-0.0	0.0	0.0	-0.0	0.0	0.0	-0.0	-0.0	0.0	0.0	-0.0	0.0	-0.0	-0.0	0.0	0.0	0.0	-0.0	-0.0	0.0	0.0	-0.0	-0.0	-0.0	-0.0	-0.0	-0.0	-0.0	0.0	0.0	0.0	0.0	0.0	0.0	0.0	0.0	0.0	0.0	0.0	0.0	0.0	0.0	0.0	0.0	0.0	0.0	0.0	0.0	0.0	0.0	0.0	0.0	0.0	0.0	0.0	0.0	0.0	0.0	0.0	0.0	0.0	0.0	0.0	0.0	0.0	0.0	0.0	0.0	0.0	0.0	0.0	0.0	0.0	0.0	0.0	0.0	0.0	0.0	0.0	0.0	0.0	0.0	0.0	0.0	0.0	0.0	0.0	0.0	0.0	0.0	0.0	0.0	0.0	0.0	0.0	0.0
S2014F_E5-2-A-F	-0.39592259477613384	-0.028687905441627495	0.008610119835926302	0.09354685935457868	0.07812641665656801	-0.03867402996576978	-0.08150760122152967	0.058905936856700584	-0.038539983937163215	0.0532362791927425	-0.058285134242266626	0.01700304706863473	-0.024813340932239844	0.009647710290792979	0.06366911158955064	-0.0339061817430036	-0.029606027616168654	0.034819912449313	-0.0037102824936041242	0.014879960404524342	0.010109507863372983	0.00490900891504449	0.004443609276066111	0.024075000612858347	-0.022114360901050588	-0.009539891888679665	0.031057156771328805	0.0025326568377268895	0.027646113871708563	0.028317455440079266	0.015120401659178532	0.01994903837288472	-0.015941489367151316	0.0010112942989355268	-0.014196691118619155	-0.0008346253259834732	-0.017165225367333788	-0.0007088696628987065	0.003392457434636714	0.004023464104538718	-0.015073148552275916	-0.00024220484818179107	-0.02021881720119162	-0.004093382114568773	-0.005287297581932903	-0.0013970658424761395	-0.010611836551956667	-0.000891126088339914	0.0018239472057112248	0.000996177240665928	3.7375063002902964e-05	-0.0	0.0	0.0	-0.0	-0.0	-0.0	0.0	-0.0	-0.0	-0.0	-0.0	-0.0	-0.0	0.0	0.0	-0.0	0.0	0.0	-0.0	-0.0	0.0	0.0	-0.0	0.0	-0.0	-0.0	0.0	0.0	0.0	-0.0	0.0	0.0	0.0	-0.0	-0.0	-0.0	-0.0	-0.0	-0.0	-0.0	0.0	0.0	0.0	0.0	0.0	0.0	0.0	0.0	0.0	0.0	0.0	0.0	0.0	0.0	0.0	0.0	0.0	0.0	0.0	0.0	0.0	0.0	0.0	0.0	0.0	0.0	0.0	0.0	0.0	0.0	0.0	0.0	0.0	0.0	0.0	0.0	0.0	0.0	0.0	0.0	0.0	0.0	0.0	0.0	0.0	0.0	0.0	0.0	0.0	0.0	0.0	0.0	0.0	0.0	0.0	0.0	0.0	0.0	0.0	0.0	0.0	0.0	0.0	0.0	0.0	0.0	0.0	0.0
S2014F_E5-2-B-F	-0.43147362366253533	-0.08642748874929781	0.007895549978916182	0.0031621247869581984	-0.017571431165331976	-0.09446106426662991	0.00935169152335325	-0.01492505592081559	-0.012902052463627103	-0.0037188951075777838	-0.021317973988978826	0.00788315027538161	0.00143425774459243	-0.010468924088952513	0.000570149840563778	0.009249112693811238	-0.0036670410028932154	0.006635188700089407	-0.002573021839307628	0.0033038858109625986	-0.0014783097913118987	-0.000591456119946989	0.0014098655013813786	0.0025502579776027195	-0.0001450891386546437	-0.00010307506193724873	-0.00014684697993732802	0.0011902110692691887	-0.0034471637213840316	0.0020999365395619673	-0.0007254688662020528	0.0013958059741402285	-0.0005388953909301171	-0.00012374716167133545	-0.001954374237922116	-0.00046582017425935514	0.0013230942409535231	0.0003765402036690683	0.0006523121822269018	-0.00048781216585884154	-0.00027230521816421513	0.0012113236978683142	-0.00016038592681590959	0.0003657876964552399	-0.0009719431055066512	0.0003977626271539742	-0.0007762557949139991	-1.9000532078914305e-05	-0.0002087212152533524	0.000275272913360642	8.054915146179983e-06	-0.0	-0.0	-0.0	0.0	0.0	-0.0	-0.0	-0.0	0.0	0.0	0.0	0.0	0.0	-0.0	0.0	0.0	0.0	0.0	-0.0	-0.0	0.0	-0.0	0.0	-0.0	0.0	-0.0	-0.0	0.0	-0.0	-0.0	-0.0	0.0	0.0	-0.0	-0.0	0.0	0.0	0.0	-0.0	0.0	0.0	0.0	0.0	0.0	0.0	0.0	0.0	0.0	0.0	0.0	0.0	0.0	0.0	0.0	0.0	0.0	0.0	0.0	0.0	0.0	0.0	0.0	0.0	0.0	0.0	0.0	0.0	0.0	0.0	0.0	0.0	0.0	0.0	0.0	0.0	0.0	0.0	0.0	0.0	0.0	0.0	0.0	0.0	0.0	0.0	0.0	0.0	0.0	0.0	0.0	0.0	0.0	0.0	0.0	0.0	0.0	0.0	0.0	0.0	0.0	0.0	0.0	0.0	0.0	0.0	0.0	0.0	0.0
S2014F_E5-C-2-F	-0.3827678223496623	-0.015420892079050539	0.008285246418296562	0.1141525902204357	0.10355162162668821	-0.018763144320921663	-0.09023284431530393	0.06054699660736578	-0.03616909189328664	0.06391030266410432	-0.05605631773521701	0.02259464256380887	-0.01685226237764854	0.012071110594701008	0.05350693114142066	-0.026210380770108375	0.006876129287868125	0.005751377959152102	0.0067988502090428875	0.0040687249639043445	0.004685498374448667	0.006320383679997657	-0.011897639346827797	-0.01948154503503053	-0.01042962159866419	-0.01312870268672992	0.011523859083711013	-0.003106826972384753	0.012420969459291836	-0.012304704307950172	0.015658855275900652	0.005295111772695772	-0.016615502981430854	-0.014658521171473475	0.010033634973857921	-0.016972245745955593	0.0014619541498734005	-0.0020561277445624924	-0.009145338454888609	0.009881233363508215	0.004479495092122681	0.007334192274189305	0.020442133912620907	0.018901596274800002	0.0023446294286975995	0.022908342228987622	0.014462099704157972	0.011674391893662922	-0.00872284615403262	-0.005652882647826112	0.0004682689847867274	-0.0	0.0	0.0	-0.0	-0.0	-0.0	0.0	-0.0	-0.0	-0.0	-0.0	-0.0	-0.0	0.0	0.0	-0.0	0.0	0.0	-0.0	-0.0	0.0	0.0	-0.0	0.0	-0.0	-0.0	0.0	0.0	0.0	-0.0	0.0	0.0	0.0	-0.0	-0.0	-0.0	-0.0	-0.0	-0.0	-0.0	0.0	0.0	0.0	0.0	0.0	0.0	0.0	0.0	0.0	0.0	0.0	0.0	0.0	0.0	0.0	0.0	0.0	0.0	0.0	0.0	0.0	0.0	0.0	0.0	0.0	0.0	0.0	0.0	0.0	0.0	0.0	0.0	0.0	0.0	0.0	0.0	0.0	0.0	0.0	0.0	0.0	0.0	0.0	0.0	0.0	0.0	0.0	0.0	0.0	0.0	0.0	0.0	0.0	0.0	0.0	0.0	0.0	0.0	0.0	0.0	0.0	0.0	0.0	0.0	0.0	0.0	0.0	0.0
S2014F_E9-2-C-F	0.22873039317577343	0.5159073246453539	0.3800140190323281	-0.2005658818280933	-0.11890175893766462	-0.22071361170820766	-0.013067652540380259	-0.006145086878393074	0.01928070402536639	-0.022443573870307723	0.058736232680205315	0.06860294176571677	-0.024402816608407808	-0.03982157882048423	-0.023333537037325058	-0.011436291549790083	-0.008885923336249832	-0.04249995931611774	0.033754424519597676	-0.013003030374320056	-0.02647341784203835	-0.007674316114328464	0.02054420293684953	0.019800209519177988	0.008226313335795975	-0.008397842633220399	-0.001935481289675463	-0.014043764191395866	0.004581236599278866	-0.006608397820177745	-0.004627049272331061	-0.0036036447432255415	-0.009924668837604603	0.006130153567872373	-0.002945892474195322	0.009007141082733662	0.0015743423426281247	-0.009455883824596634	0.00041132908472047634	-0.002506201500903567	0.007758550020730772	0.0022219593967604152	0.0022734614941257694	0.0060128905497327315	0.0005402940289614681	7.769034085098217e-05	-0.0034151823549348746	0.0002636351179937667	-0.0006082764528831167	-0.0005143644127843524	5.565010448395433e-05	0.0	0.0	0.0	0.0	-0.0	0.0	0.0	-0.0	0.0	0.0	0.0	-0.0	0.0	0.0	0.0	0.0	0.0	0.0	-0.0	0.0	-0.0	0.0	0.0	-0.0	0.0	-0.0	-0.0	-0.0	0.0	0.0	0.0	-0.0	0.0	-0.0	-0.0	-0.0	0.0	0.0	-0.0	0.0	0.0	0.0	0.0	0.0	0.0	0.0	0.0	0.0	0.0	0.0	0.0	0.0	0.0	0.0	0.0	0.0	0.0	0.0	0.0	0.0	0.0	0.0	0.0	0.0	0.0	0.0	0.0	0.0	0.0	0.0	0.0	0.0	0.0	0.0	0.0	0.0	0.0	0.0	0.0	0.0	0.0	0.0	0.0	0.0	0.0	0.0	0.0	0.0	0.0	0.0	0.0	0.0	0.0	0.0	0.0	0.0	0.0	0.0	0.0	0.0	0.0	0.0	0.0	0.0	0.0	0.0	0.0	0.0
S2014F_E9-3-C-F	0.20348446770935114	0.30527225985379114	-0.5624016349186488	-0.2811694478288096	0.028266650964613036	-0.1641098514819389	0.018193227720441976	0.01182217704052588	0.08397700565512153	0.027458968723937768	-0.0016023179455017557	-0.014626320962388766	0.004462674460105476	0.007737393521103933	-0.005644078360057563	0.005564681176117714	0.011120380916159016	0.022565111832962136	0.020111714861124657	-0.009853049987989604	0.015801988923184223	0.012955361188057691	-0.1391856330786594	0.06594808336982179	0.10764460090052648	0.005225537432784448	0.05983186953982818	-0.07932373382858537	-0.055576164497473095	0.002520117632010024	0.004439463805009348	0.0031224666239134447	0.012241936900130123	0.005221030821624371	0.00018803545653093637	0.009899947412235098	-0.005029588955247965	-0.006098071079614939	0.0013847888476061856	-0.000843965360411897	-0.004173444431125852	4.736948413796826e-05	0.0036009954216778806	0.0011526394508772435	-0.0005766618695343289	0.0006087723189198772	-8.389593831636743e-05	-0.0001310196438881115	-0.0008703534408818297	0.0009184907967610983	0.0002589867570115543	-0.0	0.0	0.0	-0.0	-0.0	-0.0	0.0	-0.0	-0.0	-0.0	-0.0	-0.0	-0.0	0.0	0.0	-0.0	0.0	0.0	-0.0	-0.0	0.0	0.0	-0.0	0.0	-0.0	-0.0	0.0	0.0	0.0	-0.0	-0.0	0.0	0.0	-0.0	-0.0	-0.0	-0.0	-0.0	-0.0	-0.0	0.0	0.0	0.0	0.0	0.0	0.0	0.0	0.0	0.0	0.0	0.0	0.0	0.0	0.0	0.0	0.0	0.0	0.0	0.0	0.0	0.0	0.0	0.0	0.0	0.0	0.0	0.0	0.0	0.0	0.0	0.0	0.0	0.0	0.0	0.0	0.0	0.0	0.0	0.0	0.0	0.0	0.0	0.0	0.0	0.0	0.0	0.0	0.0	0.0	0.0	0.0	0.0	0.0	0.0	0.0	0.0	0.0	0.0	0.0	0.0	0.0	0.0	0.0	0.0	0.0	0.0	0.0	0.0
S2014m_E2-1-A-F	0.1463468069825981	0.2794451333447704	-0.20278688490406943	0.3227673530448329	-0.6278822997396724	0.03171982092483004	0.01879072428621778	-0.037602604245031944	0.008938026691821525	-0.009382336970307202	-0.015375112518738134	0.07115474093265017	0.03028727228428753	-0.005976030845484626	-0.01897789450708303	-1.336889902585774e-05	0.033498885445848746	0.02615560233290263	0.006165152856819423	0.0013635084174919176	0.0027926121632699074	0.013127442503021516	-0.0034668295512195503	-0.02019675820690935	0.010747256388382162	0.004898385040263854	0.0038869890721840586	-0.0006055661332440921	0.011882084363731612	-0.0031054171369567793	0.0010499313587117476	-0.0036996684035292293	-0.00415968138568711	-0.0012413480371133315	-0.0015258305716453497	0.00018477364197959706	-0.004409696063663923	0.004710203334546455	0.0010049166043404262	-0.0024676051443933006	-0.003121918322931039	0.00027051936161839776	0.0024212148245702225	-0.0015076913878270938	-0.0003345079066961709	-0.0011529589420948574	-0.00033621255098396354	-0.00019389083370535616	5.738448363495683e-05	-0.00016946040262260626	2.398816141037117e-06	0.0	0.0	-0.0	-0.0	0.0	-0.0	-0.0	0.0	0.0	0.0	-0.0	0.0	-0.0	0.0	0.0	-0.0	0.0	0.0	-0.0	-0.0	0.0	0.0	-0.0	-0.0	0.0	-0.0	0.0	-0.0	-0.0	-0.0	-0.0	0.0	0.0	0.0	-0.0	0.0	-0.0	-0.0	0.0	0.0	0.0	0.0	0.0	0.0	0.0	0.0	0.0	0.0	0.0	0.0	0.0	0.0	0.0	0.0	0.0	0.0	0.0	0.0	0.0	0.0	0.0	0.0	0.0	0.0	0.0	0.0	0.0	0.0	0.0	0.0	0.0	0.0	0.0	0.0	0.0	0.0	0.0	0.0	0.0	0.0	0.0	0.0	0.0	0.0	0.0	0.0	0.0	0.0	0.0	0.0	0.0	0.0	0.0	0.0	0.0	0.0	0.0	0.0	0.0	0.0	0.0	0.0	0.0	0.0	0.0	0.0	0.0	0.0
S2014M_E2-1-A-M	0.1463468069825981	0.2794451333447704	-0.20278688490406946	0.3227673530448329	-0.6278822997396725	0.03171982092483006	0.01879072428621782	-0.037602604245031736	0.008938026691821421	-0.009382336970307208	-0.015375112518738167	0.07115474093265028	0.030287272284287604	-0.005976030845484623	-0.01897789450708265	-1.3368899025889061e-05	0.03349888544584867	0.026155602332902785	0.006165152856819951	0.0013635084174921561	0.0027926121632703546	0.01312744250302107	-0.003466829551219055	-0.020196758206908975	0.010747256388382018	0.004898385040264324	0.003886989072183993	-0.0006055661332434461	0.011882084363733924	-0.0031054171369559996	0.0010499313587123919	-0.0036996684035291824	-0.004159681385686423	-0.0012413480371128154	-0.0015258305716462073	0.00018477364197941765	-0.004409696063663603	0.0047102033345455116	0.0010049166043416225	-0.0024676051443946606	-0.0031219183229297485	0.0002705193616150005	0.0024212148245702464	-0.001507691387827344	-0.00033450790669496016	-0.0011529589420936506	-0.0003362125509799306	-0.0001938908337066657	5.738448363526602e-05	-0.00016946040262138588	2.3988162040814936e-06	-0.0	0.0	-0.0	0.0	-0.0	0.0	-0.0	-0.0	-0.0	0.0	0.0	-0.0	0.0	0.0	-0.0	0.0	-0.0	0.0	-0.0	-0.0	0.0	0.0	0.0	0.0	-0.0	0.0	0.0	0.0	0.0	0.0	-0.0	-0.0	-0.0	-0.0	-0.0	-0.0	0.0	0.0	0.0	0.0	0.0	0.0	0.0	0.0	0.0	0.0	0.0	0.0	0.0	0.0	0.0	0.0	0.0	0.0	0.0	0.0	0.0	0.0	0.0	0.0	0.0	0.0	0.0	0.0	0.0	0.0	0.0	0.0	0.0	0.0	0.0	0.0	0.0	0.0	0.0	0.0	0.0	0.0	0.0	0.0	0.0	0.0	0.0	0.0	0.0	0.0	0.0	0.0	0.0	0.0	0.0	0.0	0.0	0.0	0.0	0.0	0.0	0.0	0.0	0.0	0.0	0.0	0.0	0.0	0.0	0.0	0.0	0.0
S2014m_E2-1-B-F	0.1463468069825981	0.2794451333447704	-0.20278688490406946	0.32276735304483295	-0.6278822997396724	0.03171982092483006	0.0187907242862177	-0.037602604245031875	0.008938026691821085	-0.009382336970307343	-0.015375112518738163	0.07115474093265046	0.030287272284287712	-0.005976030845484451	-0.018977894507082756	-1.3368899025638487e-05	0.03349888544584858	0.026155602332902612	0.006165152856820064	0.0013635084174923315	0.0027926121632701846	0.01312744250302122	-0.003466829551218711	-0.020196758206908225	0.010747256388381388	0.004898385040264426	0.0038869890721843527	-0.0006055661332437384	0.011882084363733501	-0.0031054171369560147	0.0010499313587126714	-0.003699668403529157	-0.0041596813856865185	-0.0012413480371121638	-0.001525830571647141	0.0001847736419788973	-0.004409696063663391	0.004710203334546619	0.0010049166043425764	-0.0024676051443927546	-0.0031219183229296774	0.00027051936161697637	0.0024212148245710374	-0.0015076913878302033	-0.0003345079066966969	-0.0011529589420923726	-0.00033621255098254595	-0.00019389083370614338	5.7384483635424174e-05	-0.00016946040262247078	2.3988161695950117e-06	-0.0	-0.0	0.0	-0.0	-0.0	-0.0	-0.0	-0.0	-0.0	-0.0	-0.0	0.0	-0.0	-0.0	-0.0	0.0	0.0	0.0	0.0	0.0	-0.0	-0.0	0.0	0.0	0.0	-0.0	-0.0	-0.0	-0.0	-0.0	0.0	-0.0	0.0	0.0	0.0	-0.0	-0.0	0.0	-0.0	0.0	0.0	0.0	0.0	0.0	0.0	0.0	0.0	0.0	0.0	0.0	0.0	0.0	0.0	0.0	0.0	0.0	0.0	0.0	0.0	0.0	0.0	0.0	0.0	0.0	0.0	0.0	0.0	0.0	0.0	0.0	0.0	0.0	0.0	0.0	0.0	0.0	0.0	0.0	0.0	0.0	0.0	0.0	0.0	0.0	0.0	0.0	0.0	0.0	0.0	0.0	0.0	0.0	0.0	0.0	0.0	0.0	0.0	0.0	0.0	0.0	0.0	0.0	0.0	0.0	0.0	0.0	0.0	0.0
S2014M_E2-1-B-M	0.025619510646801874	0.31336520084574654	0.04888608002586025	0.0901669504874448	-0.4599359017170709	0.2990330188272792	0.18622917692991248	-0.02570831729625476	-0.07404241121067598	-0.04129853789616425	-0.10838737817998488	0.09200189633913318	0.13386950918147705	-0.053153097566106505	0.059399383882511855	-0.04889687517146092	-0.020771316334396536	-0.002112144772150553	0.00565623327622509	0.020280124315230248	-0.0032956131418213014	0.004277703478630222	0.011632314977618314	0.0020556971210859117	0.01351123613234993	-0.029142318487775726	0.012104906927848356	0.010751243417279897	-0.008271728326769976	-0.0031211299907881293	0.007162225470126132	0.005718303170196375	0.0021658606321306602	-0.0010928603693197848	0.0021670187777889584	-0.009642135860042318	0.0076125492522952825	-0.0016118072183498153	-0.0002036299971939018	-0.00032550265978201567	0.0022335213634193762	-0.0007558263831479885	-0.0020988836112294817	-0.0006221924197042246	0.0004126999569161753	0.0025459638907629825	0.002083480154780258	-9.18269468971733e-05	0.0009223449098970244	0.00029876770775004506	-4.5996824840286423e-05	-0.0	0.0	-0.0	-0.0	-0.0	-0.0	0.0	-0.0	-0.0	-0.0	-0.0	-0.0	-0.0	0.0	0.0	-0.0	0.0	0.0	-0.0	-0.0	0.0	0.0	-0.0	0.0	-0.0	-0.0	0.0	0.0	0.0	-0.0	-0.0	0.0	0.0	-0.0	-0.0	-0.0	-0.0	-0.0	-0.0	-0.0	0.0	0.0	0.0	0.0	0.0	0.0	0.0	0.0	0.0	0.0	0.0	0.0	0.0	0.0	0.0	0.0	0.0	0.0	0.0	0.0	0.0	0.0	0.0	0.0	0.0	0.0	0.0	0.0	0.0	0.0	0.0	0.0	0.0	0.0	0.0	0.0	0.0	0.0	0.0	0.0	0.0	0.0	0.0	0.0	0.0	0.0	0.0	0.0	0.0	0.0	0.0	0.0	0.0	0.0	0.0	0.0	0.0	0.0	0.0	0.0	0.0	0.0	0.0	0.0	0.0	0.0	0.0	0.0
S2014m_E2-1-C-F	0.1463468069825981	0.2794451333447702	-0.2027868849040695	0.32276735304483295	-0.6278822997396725	0.031719820924830125	0.018790724286217766	-0.03760260424503164	0.008938026691821623	-0.009382336970307107	-0.01537511251873811	0.07115474093265053	0.03028727228428772	-0.005976030845484479	-0.01897789450708222	-1.3368899025890754e-05	0.033498885445849044	0.026155602332902764	0.0061651528568201375	0.0013635084174927225	0.002792612163270355	0.013127442503021362	-0.0034668295512187927	-0.02019675820690885	0.01074725638838213	0.004898385040264227	0.003886989072184342	-0.0006055661332431795	0.011882084363733288	-0.0031054171369560664	0.0010499313587128236	-0.003699668403528667	-0.004159681385687697	-0.0012413480371127714	-0.0015258305716469658	0.00018477364198004606	-0.00440969606366201	0.004710203334547692	0.0010049166043406997	-0.002467605144394148	-0.0031219183229290936	0.000270519361617197	0.002421214824571651	-0.0015076913878292002	-0.00033450790669484307	-0.001152958942092594	-0.0003362125509788719	-0.00019389083370663335	5.738448363483289e-05	-0.0001694604026201262	2.398816192935898e-06	0.0	-0.0	0.0	0.0	0.0	-0.0	0.0	-0.0	0.0	-0.0	0.0	-0.0	0.0	-0.0	0.0	0.0	0.0	0.0	0.0	-0.0	0.0	0.0	-0.0	0.0	0.0	0.0	-0.0	-0.0	0.0	-0.0	-0.0	0.0	-0.0	-0.0	0.0	0.0	0.0	-0.0	0.0	-0.0	0.0	0.0	0.0	0.0	0.0	0.0	0.0	0.0	0.0	0.0	0.0	0.0	0.0	0.0	0.0	0.0	0.0	0.0	0.0	0.0	0.0	0.0	0.0	0.0	0.0	0.0	0.0	0.0	0.0	0.0	0.0	0.0	0.0	0.0	0.0	0.0	0.0	0.0	0.0	0.0	0.0	0.0	0.0	0.0	0.0	0.0	0.0	0.0	0.0	0.0	0.0	0.0	0.0	0.0	0.0	0.0	0.0	0.0	0.0	0.0	0.0	0.0	0.0	0.0	0.0	0.0	0.0	0.0
S2014m_E2-1-C-M	0.17149327343503024	0.3255208525316154	-0.30831286589989837	0.2520867128129666	-0.524090646021615	0.12575210448259996	-0.07724514616807614	-0.07920941588908635	-0.13935025284878363	-0.03807540743699029	0.12301962166767637	-0.013250150407449994	0.022263117571101287	0.02964648604881548	0.04732176906514279	-7.67436872220416e-06	0.05467124501152289	0.09884835936687822	-0.04101084796682772	0.020262576533515746	0.04391968607187583	0.00048431258197518157	-0.0015693834783155048	-0.02383419985758475	0.015929711774743734	0.01547769509046796	-0.011079230063518655	-0.00744847277045714	0.0006984273985631646	0.008494227434361233	-0.007042106293533566	-0.0016599037787074719	0.006238134190627313	-0.009386730442991306	-0.008727287570444425	-0.004341213268521569	0.005046850757820135	0.007183038027151009	-0.002930931592839122	0.0030413812195433784	0.0030339154194515094	0.0039472383949866905	0.0018813387813297767	0.004960275531165594	-0.0014655479475125968	-0.0013774922681868019	-0.00031618028053774234	0.00017867780727834015	-0.00029331049517219315	0.001100958972382901	2.2116141286663863e-05	-0.0	0.0	0.0	-0.0	-0.0	-0.0	0.0	-0.0	-0.0	-0.0	-0.0	-0.0	-0.0	0.0	0.0	-0.0	0.0	0.0	-0.0	-0.0	0.0	0.0	-0.0	0.0	-0.0	-0.0	0.0	0.0	0.0	-0.0	-0.0	0.0	0.0	-0.0	-0.0	-0.0	-0.0	-0.0	-0.0	-0.0	0.0	0.0	0.0	0.0	0.0	0.0	0.0	0.0	0.0	0.0	0.0	0.0	0.0	0.0	0.0	0.0	0.0	0.0	0.0	0.0	0.0	0.0	0.0	0.0	0.0	0.0	0.0	0.0	0.0	0.0	0.0	0.0	0.0	0.0	0.0	0.0	0.0	0.0	0.0	0.0	0.0	0.0	0.0	0.0	0.0	0.0	0.0	0.0	0.0	0.0	0.0	0.0	0.0	0.0	0.0	0.0	0.0	0.0	0.0	0.0	0.0	0.0	0.0	0.0	0.0	0.0	0.0	0.0
S2014m_E2-2-B-M	-0.36556374598141456	0.008482941686967676	0.004697810686584	0.1746091032758076	0.16581577750889703	0.0010892165974855945	-0.07801624234204742	0.031029524190967377	-0.03539853331787381	0.05710795549611922	-0.0497027897863135	0.025455164197612064	0.012261866229407298	0.00011246245274555491	0.02207355855353945	-0.0033608738271865297	0.050102054108143876	-0.03150654698733022	0.029313746465388243	0.009242368527724268	0.0002520424331759466	0.007791405408584713	0.00784552461500027	-0.02405996652251289	0.024934747590419953	0.031981249624777275	-0.007873743074668201	-0.003500465789248026	0.001014757020978287	-0.0072086678222629645	-0.017933354507358095	-0.017254444633834704	0.015997700529558748	-0.014900153315241074	0.012312623694583356	0.03113616553690896	-0.011102653198839742	-0.006644150423757098	-0.0040155803510410195	0.012328731919651587	-0.0002923873042128505	0.006630901152961066	-0.02630782793850486	-0.0071303588517862265	-0.0032448926539147315	0.003519299504300951	-0.00332141285072447	-0.004909109883507394	0.004193844491436524	-0.0022862729371689572	0.00012835752460127212	-0.0	0.0	0.0	-0.0	-0.0	-0.0	0.0	-0.0	-0.0	-0.0	-0.0	-0.0	-0.0	0.0	0.0	-0.0	0.0	0.0	-0.0	-0.0	0.0	0.0	-0.0	0.0	-0.0	-0.0	0.0	0.0	0.0	-0.0	-0.0	0.0	0.0	-0.0	-0.0	-0.0	-0.0	-0.0	-0.0	-0.0	0.0	0.0	0.0	0.0	0.0	0.0	0.0	0.0	0.0	0.0	0.0	0.0	0.0	0.0	0.0	0.0	0.0	0.0	0.0	0.0	0.0	0.0	0.0	0.0	0.0	0.0	0.0	0.0	0.0	0.0	0.0	0.0	0.0	0.0	0.0	0.0	0.0	0.0	0.0	0.0	0.0	0.0	0.0	0.0	0.0	0.0	0.0	0.0	0.0	0.0	0.0	0.0	0.0	0.0	0.0	0.0	0.0	0.0	0.0	0.0	0.0	0.0	0.0	0.0	0.0	0.0	0.0	0.0
S2014m_E2-2-C-M	0.2014073653973319	0.3416529601325273	-0.10754938081190517	0.5302425415391767	0.30555973588967017	-0.17375457513372397	0.14970446861165662	-0.03492362499827966	0.005352614113495214	0.02367637514599284	0.03531097717462668	0.0076214670620604885	-0.03800196751305614	0.00684657550394934	0.001678632557185151	-0.00936930066185613	-0.027291467866025026	-0.002789630903327882	0.005221059824814381	-0.008520506818605222	-0.017265999365846704	0.003681032117519753	-0.00514795328037715	0.002419694419410901	-0.006320993251341509	-0.0046569227415046285	-0.003999034992954861	0.008481897689804143	-0.005776105682327849	0.00544723937607911	-0.000524021522193086	0.0009242623926629571	0.0026387077079996967	1.3150857044093036e-05	-2.6900240165954618e-05	0.0019784916845544532	-0.001276923562052897	0.009089638088736075	0.07843179071036983	0.04387828396840177	0.016374999068994485	-0.00827215513749427	0.007506376343521216	-0.0024253279939348005	0.0035058826714674703	0.0047145050264479245	0.0033959117215032093	0.00032122978478716263	-0.00032002597356610267	0.0009173665911078441	-3.2557919181965744e-05	-0.0	0.0	-0.0	-0.0	-0.0	-0.0	0.0	-0.0	-0.0	-0.0	-0.0	-0.0	-0.0	0.0	0.0	-0.0	0.0	0.0	-0.0	-0.0	0.0	0.0	-0.0	0.0	-0.0	-0.0	0.0	0.0	0.0	-0.0	-0.0	0.0	0.0	-0.0	-0.0	-0.0	-0.0	-0.0	-0.0	-0.0	0.0	0.0	0.0	0.0	0.0	0.0	0.0	0.0	0.0	0.0	0.0	0.0	0.0	0.0	0.0	0.0	0.0	0.0	0.0	0.0	0.0	0.0	0.0	0.0	0.0	0.0	0.0	0.0	0.0	0.0	0.0	0.0	0.0	0.0	0.0	0.0	0.0	0.0	0.0	0.0	0.0	0.0	0.0	0.0	0.0	0.0	0.0	0.0	0.0	0.0	0.0	0.0	0.0	0.0	0.0	0.0	0.0	0.0	0.0	0.0	0.0	0.0	0.0	0.0	0.0	0.0	0.0	0.0
S2014m_E2-3-B-M	0.23513323765806235	0.5309257514333354	0.34256198683903216	-0.18929080664159392	-0.0789952048150521	-0.16241211580744835	-0.06917633248101794	0.015108910949939469	-0.029612552499125998	-0.01507468541226388	0.12140926078867408	0.021769314134675137	-0.026034556662738614	-0.003142739034320658	-0.005940076066943675	-0.04154667624916759	-0.04203186219294568	0.028179000379571207	-0.036086344650441686	0.03180119457961273	0.0005467244812752663	-0.05404753432212812	0.017221612921911482	0.014906105289279275	0.03466705389967286	0.018142923639131406	-0.007675182671152916	0.01888450761348611	-0.005918464260388747	-0.015263816858553894	0.002618435513447281	-0.013867778267882162	0.02595370130762906	-0.03882164383274036	0.018275459257473734	-0.02266564756889206	-0.02001908349273966	-0.017952535433272764	0.004845492249904333	-0.0013922300863981314	0.000548007863310108	0.009944518198848935	-0.0020485592895172194	-0.0017385915914133138	0.008635290606945215	-0.0019325006991945813	-0.0017016011859651637	0.0015010949964311623	-0.00015710312242955138	-0.00012256164633538556	9.839998522214328e-06	-0.0	0.0	-0.0	-0.0	-0.0	-0.0	0.0	-0.0	-0.0	-0.0	-0.0	-0.0	-0.0	0.0	0.0	-0.0	0.0	0.0	-0.0	-0.0	0.0	0.0	-0.0	0.0	-0.0	-0.0	0.0	0.0	0.0	-0.0	-0.0	0.0	0.0	-0.0	-0.0	-0.0	-0.0	-0.0	-0.0	-0.0	0.0	0.0	0.0	0.0	0.0	0.0	0.0	0.0	0.0	0.0	0.0	0.0	0.0	0.0	0.0	0.0	0.0	0.0	0.0	0.0	0.0	0.0	0.0	0.0	0.0	0.0	0.0	0.0	0.0	0.0	0.0	0.0	0.0	0.0	0.0	0.0	0.0	0.0	0.0	0.0	0.0	0.0	0.0	0.0	0.0	0.0	0.0	0.0	0.0	0.0	0.0	0.0	0.0	0.0	0.0	0.0	0.0	0.0	0.0	0.0	0.0	0.0	0.0	0.0	0.0	0.0	0.0	0.0
S2014m_E2-3-C-M	0.3620160162259499	0.34953066318467607	-0.05217840367109105	0.11421354459888275	0.31236919293430254	0.1417154043499113	-0.035174128872152835	-0.13932188310958046	0.03489206937145371	-0.07770970626764434	0.044563526477555064	-0.019396715089730003	0.151295633717586	0.04412603920028725	0.06619668451709754	0.018473250070742776	-0.02171842959383284	0.002324903781547767	0.08454305813712658	0.008015944480715234	0.05545422190955629	-0.007321885282710866	0.02034646817072105	-0.00863663247998353	-0.03373393923411109	-0.012465974617655647	0.023103838253545485	-0.00776877426023893	-0.03592113076394448	-0.018485210101177114	0.0025480288586080062	0.00137404861383377	0.010315618117285727	0.012342745711013079	0.013106598772405085	-0.022390403258568288	-0.013102039940433175	-0.011084152345332068	-0.0008929678006311589	0.00856466378974336	-0.010111394882777952	-0.004960624753411738	0.002116008633726394	-0.000980789268922473	-0.002509034468925345	-0.003139324986058622	0.000817054438390879	9.117779628247413e-05	2.054026207261273e-05	0.0006635425021922049	2.8522646943813647e-05	-0.0	0.0	0.0	-0.0	-0.0	-0.0	0.0	-0.0	-0.0	-0.0	-0.0	-0.0	-0.0	0.0	0.0	-0.0	0.0	0.0	-0.0	-0.0	0.0	0.0	-0.0	0.0	-0.0	-0.0	0.0	0.0	0.0	-0.0	-0.0	0.0	0.0	-0.0	-0.0	-0.0	-0.0	-0.0	-0.0	-0.0	0.0	0.0	0.0	0.0	0.0	0.0	0.0	0.0	0.0	0.0	0.0	0.0	0.0	0.0	0.0	0.0	0.0	0.0	0.0	0.0	0.0	0.0	0.0	0.0	0.0	0.0	0.0	0.0	0.0	0.0	0.0	0.0	0.0	0.0	0.0	0.0	0.0	0.0	0.0	0.0	0.0	0.0	0.0	0.0	0.0	0.0	0.0	0.0	0.0	0.0	0.0	0.0	0.0	0.0	0.0	0.0	0.0	0.0	0.0	0.0	0.0	0.0	0.0	0.0	0.0	0.0	0.0	0.0
S2014m_E5-1-A-F	0.26156283698367705	-0.377279144386236	0.04679695010911151	-0.03614765785759922	-0.012522531167120767	0.03933540768006785	0.08846782249778469	0.03853488108897564	-0.06731317129407366	0.019500202576459402	-0.002681588303597914	0.06426702893373258	0.007257776298045679	-0.05377412565899229	-0.00039061259832379484	-0.009709340737995823	-0.001775442202689632	-0.0345527151868042	-0.00785384717149855	-0.022561705786454018	0.037674084876169384	-0.022166129195141684	-0.037612729809272605	0.007029739593498741	-0.022033614731366547	-0.009986100827405281	-0.005486157223151012	0.009184593009949005	0.007665329486661997	0.0001275605925151269	-0.012217994166867205	-0.0038721201272869845	-0.006552883098847856	0.012333256016090931	0.03376294783826455	0.00073246453361104	-0.02860899679481986	0.001501619830162535	-0.0049084591248984896	-0.0007401816587032135	0.015107252259104972	0.007264827234282038	0.015280412549182764	-0.01259008255079404	-0.007178778487780352	-0.001292218868446682	-0.002128609275651583	0.0013953981086123448	0.0054474230854821195	0.005757591897487377	2.528897893627927e-05	-0.0	0.0	0.0	-0.0	-0.0	-0.0	0.0	-0.0	-0.0	-0.0	-0.0	-0.0	-0.0	0.0	0.0	-0.0	0.0	0.0	-0.0	-0.0	0.0	0.0	-0.0	0.0	-0.0	-0.0	0.0	0.0	0.0	-0.0	-0.0	0.0	0.0	-0.0	-0.0	-0.0	-0.0	-0.0	-0.0	-0.0	0.0	0.0	0.0	0.0	0.0	0.0	0.0	0.0	0.0	0.0	0.0	0.0	0.0	0.0	0.0	0.0	0.0	0.0	0.0	0.0	0.0	0.0	0.0	0.0	0.0	0.0	0.0	0.0	0.0	0.0	0.0	0.0	0.0	0.0	0.0	0.0	0.0	0.0	0.0	0.0	0.0	0.0	0.0	0.0	0.0	0.0	0.0	0.0	0.0	0.0	0.0	0.0	0.0	0.0	0.0	0.0	0.0	0.0	0.0	0.0	0.0	0.0	0.0	0.0	0.0	0.0	0.0	0.0
S2014M_E5-1-A-M	0.5352010281246521	-0.34324966797084344	0.03333363984194488	0.03332551983337509	-0.07878677053287894	-0.13356465688571	0.007859438651676254	-0.003921798085835875	0.0169699671044736	0.02666745654583744	0.017665312371513163	-0.00013803318151498747	0.01106004142499306	0.01565596490356422	-0.005184318977502628	0.0014794563018336814	0.0006695461313819324	-0.006594926283182853	-0.005590284847115057	0.0004932117730130593	0.006212016113416365	-0.0028642514977432333	-0.004793970203237522	0.0002720038359074955	-0.0031070245557517293	-0.005051752900583799	-0.0015994950417662736	-0.006112231435480354	-0.0015465942408448505	-0.0043406114741329545	-0.000643075948143837	0.0040886672363735855	-0.008640366781012217	0.0029652129856466035	0.0023992334758643854	-0.0010695315329928004	-0.0008283544214478543	-0.0006161646225025924	-0.0005279910253175994	0.00023930214072382007	0.000880906902809278	-0.0016466603318930804	-0.005085425116303894	-0.00020285124271442003	0.001543902911321482	0.0013468875377503817	0.0014499229629185214	-0.00089029029350182	0.00040139844394430354	0.00013820428045364377	2.853364203433858e-05	0.0	-0.0	0.0	0.0	-0.0	0.0	-0.0	0.0	-0.0	-0.0	-0.0	-0.0	-0.0	0.0	-0.0	0.0	0.0	0.0	0.0	-0.0	-0.0	-0.0	0.0	-0.0	0.0	-0.0	0.0	0.0	0.0	-0.0	-0.0	-0.0	0.0	0.0	0.0	0.0	-0.0	-0.0	0.0	0.0	0.0	0.0	0.0	0.0	0.0	0.0	0.0	0.0	0.0	0.0	0.0	0.0	0.0	0.0	0.0	0.0	0.0	0.0	0.0	0.0	0.0	0.0	0.0	0.0	0.0	0.0	0.0	0.0	0.0	0.0	0.0	0.0	0.0	0.0	0.0	0.0	0.0	0.0	0.0	0.0	0.0	0.0	0.0	0.0	0.0	0.0	0.0	0.0	0.0	0.0	0.0	0.0	0.0	0.0	0.0	0.0	0.0	0.0	0.0	0.0	0.0	0.0	0.0	0.0	0.0	0.0	0.0	0.0
S2014m_E5-1-B-F	0.3729561148888022	-0.18528785834331815	-0.2547590633819858	-0.2194405581933367	0.06064118839480033	0.10414392751908153	-0.015547247389998669	-0.03905369147353827	-0.015395515732530419	-0.0744326160678917	-0.05270464048076195	0.01994620956900606	-0.01656855189589508	-0.029646556724598358	0.013439581694309416	-0.022287457857794905	-0.012789345085237162	0.0032811583877727854	0.006269603904182373	-0.02363727932513475	-0.10436795078908312	0.02434773440512295	0.022566280363708068	-0.0038884173908318824	0.023126380574094513	-0.023435143534157706	0.006310465215580659	-0.01178701472710567	0.012319888974494129	0.02353446800124561	-0.011905517855005954	0.004783978818357382	0.010295006672222443	-0.005734575248781171	0.00428952782886136	-0.019167536930296346	-0.003538613315880365	-0.023357040988008095	0.0031326859311547823	0.004571152309837897	-0.003036750511788254	-0.0020723609708024667	-0.006375789127942388	-0.0017028900568808558	-0.002901659914380951	-0.0005968669356923113	0.0037050789971823993	-0.00203246215701026	0.002251218513007185	-0.0001697895821149656	9.538420869644062e-05	-0.0	0.0	0.0	-0.0	-0.0	-0.0	0.0	-0.0	-0.0	-0.0	-0.0	-0.0	-0.0	0.0	0.0	-0.0	0.0	0.0	-0.0	-0.0	0.0	0.0	-0.0	0.0	-0.0	-0.0	0.0	0.0	0.0	-0.0	0.0	0.0	0.0	-0.0	-0.0	-0.0	-0.0	-0.0	-0.0	-0.0	0.0	0.0	0.0	0.0	0.0	0.0	0.0	0.0	0.0	0.0	0.0	0.0	0.0	0.0	0.0	0.0	0.0	0.0	0.0	0.0	0.0	0.0	0.0	0.0	0.0	0.0	0.0	0.0	0.0	0.0	0.0	0.0	0.0	0.0	0.0	0.0	0.0	0.0	0.0	0.0	0.0	0.0	0.0	0.0	0.0	0.0	0.0	0.0	0.0	0.0	0.0	0.0	0.0	0.0	0.0	0.0	0.0	0.0	0.0	0.0	0.0	0.0	0.0	0.0	0.0	0.0	0.0	0.0
S2014M_E5-1-B-M	0.3147017059767058	-0.3725637292071459	0.04543487031403239	-0.028622743698267998	-0.025786088694190707	0.017834677687998245	0.09398891942966535	0.0334576466903005	-0.0775103320458625	-0.008444578543351072	-0.01217074454121088	0.04455309055394233	0.017342524367929053	-0.06640092426119723	0.009784918189967918	-0.02305349943607989	-0.010970014031264021	-0.04982497230590779	-0.020601460355767782	-0.02458575800900739	0.012464146875539001	-0.01561465866685421	-0.02340595403839096	-0.020357662386882372	0.0061364485206413895	-0.02567374813591273	0.02154084165425213	0.006853030398277013	0.00927107720606947	0.002580049400743331	-0.0036485046492875433	0.002884991010544546	0.011034290830912962	-0.007144750704829627	0.004637300038959362	-0.0037359188084860077	0.013209540233160759	0.001488742734751191	-0.00503823085827586	0.0011658813378782901	0.01823799759578038	-0.018702010472850975	-0.010481331568116405	0.004066830076048746	0.013739377999487146	0.0032286434110909523	-0.0058935132420852	-0.0011108875676125406	-0.009264000694469178	-0.007155722779825051	3.066052878898791e-05	-0.0	0.0	0.0	-0.0	-0.0	-0.0	0.0	-0.0	-0.0	-0.0	-0.0	-0.0	-0.0	0.0	0.0	-0.0	0.0	0.0	-0.0	-0.0	0.0	0.0	-0.0	0.0	-0.0	-0.0	0.0	0.0	0.0	-0.0	0.0	-0.0	0.0	-0.0	-0.0	-0.0	-0.0	-0.0	-0.0	-0.0	0.0	0.0	0.0	0.0	0.0	0.0	0.0	0.0	0.0	0.0	0.0	0.0	0.0	0.0	0.0	0.0	0.0	0.0	0.0	0.0	0.0	0.0	0.0	0.0	0.0	0.0	0.0	0.0	0.0	0.0	0.0	0.0	0.0	0.0	0.0	0.0	0.0	0.0	0.0	0.0	0.0	0.0	0.0	0.0	0.0	0.0	0.0	0.0	0.0	0.0	0.0	0.0	0.0	0.0	0.0	0.0	0.0	0.0	0.0	0.0	0.0	0.0	0.0	0.0	0.0	0.0	0.0	0.0
S2014m_E5-1-C-F	0.4233959184343215	-0.36066794834588817	0.0380519220441165	-0.0007464769426307731	-0.05187919863560337	-0.05048372754796697	0.0660207850499563	0.036798201948588044	-0.04272391563526003	-0.022704442445206384	-0.012608482070493006	0.0037558642819473993	0.02152321895282685	-0.012328949391304843	0.0016381472346696478	-0.02577765159933995	0.0013269849373257387	-0.06061303726354625	-0.039839039518152715	-0.006912407991290715	-0.033235590457000405	-0.006999686518964871	0.010377641592437486	-0.0181924157825085	0.0013089704501506288	0.014206535190496292	0.010910039241671223	-0.02263626842696507	-0.01049188961837534	0.017274548334745503	0.002543435452173024	0.02356253131990108	0.0019172086015274785	-0.007469351881897414	-0.004809124424897167	-0.014426210223482292	0.012306228321906039	-0.019471103341146486	0.005531653841402017	0.005077156835400472	-0.014385883598145237	0.008730569785202424	0.0022816553925058716	0.010342891749305022	-0.007059799176855585	-0.0011885544126759215	0.012085527057705141	-0.007346881155156107	0.012076707401115714	0.003956879219245169	0.00048374046536556534	-0.0	0.0	0.0	-0.0	-0.0	-0.0	0.0	-0.0	-0.0	-0.0	-0.0	-0.0	-0.0	0.0	0.0	-0.0	0.0	0.0	-0.0	-0.0	0.0	0.0	-0.0	0.0	-0.0	-0.0	0.0	0.0	0.0	-0.0	0.0	0.0	0.0	-0.0	-0.0	-0.0	-0.0	-0.0	-0.0	-0.0	0.0	0.0	0.0	0.0	0.0	0.0	0.0	0.0	0.0	0.0	0.0	0.0	0.0	0.0	0.0	0.0	0.0	0.0	0.0	0.0	0.0	0.0	0.0	0.0	0.0	0.0	0.0	0.0	0.0	0.0	0.0	0.0	0.0	0.0	0.0	0.0	0.0	0.0	0.0	0.0	0.0	0.0	0.0	0.0	0.0	0.0	0.0	0.0	0.0	0.0	0.0	0.0	0.0	0.0	0.0	0.0	0.0	0.0	0.0	0.0	0.0	0.0	0.0	0.0	0.0	0.0	0.0	0.0
S2014M_E5-1-C-M	0.5385487600365784	-0.2008337952598334	-0.25784651923000307	-0.1871888130199358	0.022113355797931986	-0.004813911849291008	-0.05018065048437924	-0.07597809594729774	-0.007579533628831464	0.003010665236893527	0.009305435738756869	5.163947431168786e-05	-0.009973843839667883	0.02321641514148377	0.01238623286603696	0.0246719238319656	-0.0403717188535239	-0.011377448992297055	0.04811355509129547	-0.015822488388558247	-0.0225793173621387	-0.0035530805141525783	-0.020109678775858047	0.021568435289281353	0.00272481710129374	0.009834365327721445	-0.015880493469632252	0.045870120215404195	0.010719441205745734	-0.0012937363512838193	0.0060355858613388635	-0.008924602931859366	-0.015965900372230037	-0.005062303447126019	0.007436165908334124	0.0009267785357778415	-0.005001701102210976	0.012160068751145926	0.0009867211425728204	-0.0036944332974695668	0.0025111229273199246	0.0057769509318108744	0.0031214588180017732	0.004815359658430883	-0.0030357654463467696	-0.002972610475817417	-0.00020664190354874318	4.678732891642722e-05	0.001052233331331695	0.00018934402987454723	-8.114244839429571e-05	0.0	0.0	0.0	0.0	-0.0	0.0	0.0	0.0	0.0	-0.0	-0.0	-0.0	-0.0	-0.0	0.0	-0.0	-0.0	0.0	0.0	-0.0	-0.0	-0.0	0.0	0.0	-0.0	0.0	0.0	0.0	0.0	-0.0	0.0	0.0	0.0	-0.0	0.0	-0.0	-0.0	0.0	-0.0	0.0	0.0	0.0	0.0	0.0	0.0	0.0	0.0	0.0	0.0	0.0	0.0	0.0	0.0	0.0	0.0	0.0	0.0	0.0	0.0	0.0	0.0	0.0	0.0	0.0	0.0	0.0	0.0	0.0	0.0	0.0	0.0	0.0	0.0	0.0	0.0	0.0	0.0	0.0	0.0	0.0	0.0	0.0	0.0	0.0	0.0	0.0	0.0	0.0	0.0	0.0	0.0	0.0	0.0	0.0	0.0	0.0	0.0	0.0	0.0	0.0	0.0	0.0	0.0	0.0	0.0	0.0	0.0	0.0
S2014m_E5-2-A-M	-0.2712586498835471	0.09008908431243245	-0.05154434636145732	0.262645593073747	-0.03796887013134092	0.2108640830087446	-0.058353912769504815	0.07473748483708072	-0.03915547760887082	0.03983412654017008	-0.035080759090589365	0.08574079306638985	-0.07761143059372777	0.04205423009140399	-0.062316018236418885	0.052464640179856546	0.014749767348527771	-0.1035869488981094	-0.00650976934697496	0.015626908239351804	0.0475827715209012	0.00684557498955343	0.006826927897285898	0.014307970574814382	-0.009504440899231543	-0.0005519086622109908	0.02643928445302971	-0.001049815009531603	-0.011331251810282912	0.007858839198806014	-0.029308110906354837	-0.017744639310056178	0.02993123232559139	0.0027238454564925746	0.008444259115529594	0.010446424299181412	0.015415044964889065	-0.006433442720897403	0.0005870273835112103	0.007256767825192613	-0.014072902266896246	-0.0012575593596137428	-0.008222894722143544	-0.0011257837190481288	0.0014127515477716946	-0.00044642689015083177	0.0017401547161556528	-0.0010865359644809357	-0.0016809032509109444	0.00046900438010905894	0.00012442034337138304	-0.0	0.0	0.0	-0.0	-0.0	-0.0	0.0	-0.0	-0.0	-0.0	-0.0	-0.0	-0.0	0.0	0.0	-0.0	0.0	0.0	-0.0	-0.0	0.0	0.0	-0.0	0.0	-0.0	-0.0	0.0	0.0	0.0	-0.0	0.0	0.0	0.0	-0.0	-0.0	-0.0	-0.0	-0.0	-0.0	-0.0	0.0	0.0	0.0	0.0	0.0	0.0	0.0	0.0	0.0	0.0	0.0	0.0	0.0	0.0	0.0	0.0	0.0	0.0	0.0	0.0	0.0	0.0	0.0	0.0	0.0	0.0	0.0	0.0	0.0	0.0	0.0	0.0	0.0	0.0	0.0	0.0	0.0	0.0	0.0	0.0	0.0	0.0	0.0	0.0	0.0	0.0	0.0	0.0	0.0	0.0	0.0	0.0	0.0	0.0	0.0	0.0	0.0	0.0	0.0	0.0	0.0	0.0	0.0	0.0	0.0	0.0	0.0	0.0
S2014m_E5-2-B-M	0.07715103785628974	0.15457418169541493	-0.06810257026790903	0.11845402726070763	-0.04208694757507439	-0.13540903723012113	0.09316076607440522	0.5238959778946679	-0.09860584101450036	-0.38665998062823626	-0.05172045301659286	-0.07934482587554727	-0.004726273882823539	0.22842245433837288	0.03950563635316549	0.02167087589768362	0.029286425571993648	0.03303388974442544	0.023602051611439898	-0.023399171737915832	-0.051168976501766716	-0.002721288429956165	-0.004073887028156028	-0.009219061024615146	0.007122574954377726	0.0113248648579791	-0.01839592641247166	0.0036014966390215094	-0.010191927345274122	-0.018742960702168954	0.00022863917932490545	-0.001376796858672601	-0.017136411581694332	0.008168488392293739	0.003989106567851834	0.004318017800115213	-0.006600269298554589	-0.005570228582429773	-0.0005186565258648228	0.0017798286918351142	0.0015141012576479643	-0.0006770251866692923	-0.004452453856787609	-0.00014488313007892764	0.0009004805021992775	-0.0006413410889604167	-0.0018336032051788319	-9.11933761047328e-05	-0.0006650846958876611	-0.0003667971088571852	2.5897313953174985e-06	-0.0	0.0	0.0	-0.0	-0.0	-0.0	0.0	-0.0	-0.0	-0.0	-0.0	-0.0	-0.0	0.0	0.0	-0.0	0.0	0.0	-0.0	-0.0	0.0	0.0	-0.0	0.0	-0.0	-0.0	0.0	0.0	0.0	-0.0	-0.0	0.0	0.0	-0.0	-0.0	-0.0	-0.0	-0.0	-0.0	-0.0	0.0	0.0	0.0	0.0	0.0	0.0	0.0	0.0	0.0	0.0	0.0	0.0	0.0	0.0	0.0	0.0	0.0	0.0	0.0	0.0	0.0	0.0	0.0	0.0	0.0	0.0	0.0	0.0	0.0	0.0	0.0	0.0	0.0	0.0	0.0	0.0	0.0	0.0	0.0	0.0	0.0	0.0	0.0	0.0	0.0	0.0	0.0	0.0	0.0	0.0	0.0	0.0	0.0	0.0	0.0	0.0	0.0	0.0	0.0	0.0	0.0	0.0	0.0	0.0	0.0	0.0	0.0	0.0
S2014m_E5-3-B-M	0.27711249997125115	0.5712058302648837	-0.1521189147931044	-0.28449234618529956	0.15480745263310589	0.04887219690493866	-0.09334945824617773	0.0017650027736305595	-0.00337850440912196	0.1323875839077825	-0.114431032951626	0.013904366452685113	0.005451210103473246	0.1299325437091009	0.04788877831925309	0.008059913388808192	0.011212793063173309	0.024277274568908887	-0.024596015977683707	-0.02615334333493842	-0.022298348512738216	0.0012838628788921622	-0.03318940231294144	-0.025779368028833335	-0.01700887932132665	0.008710861832866896	0.01155331594156338	-0.006354665756671717	0.026853758080633748	-0.016887560325146468	0.00311439053164469	-0.008219074893113082	-0.008167330786453902	0.0002480479970180314	0.007413115896965167	-0.00700880456233167	-0.0001281796659165057	0.001119783939012471	-0.004397879470459184	0.007931020188931015	-0.004324710921066126	0.009743800052074602	0.0009417485552394646	-0.0002393967403827931	-0.0027233912367356714	0.0022680164729044936	0.002695531303483579	0.0016393295743752398	-0.0004152626176274324	-0.0006364421644459878	8.363674362743652e-05	-0.0	0.0	0.0	-0.0	-0.0	-0.0	0.0	-0.0	-0.0	-0.0	-0.0	-0.0	-0.0	0.0	0.0	-0.0	0.0	0.0	-0.0	-0.0	0.0	0.0	-0.0	0.0	-0.0	-0.0	0.0	0.0	0.0	-0.0	0.0	0.0	0.0	-0.0	-0.0	-0.0	-0.0	-0.0	-0.0	-0.0	0.0	0.0	0.0	0.0	0.0	0.0	0.0	0.0	0.0	0.0	0.0	0.0	0.0	0.0	0.0	0.0	0.0	0.0	0.0	0.0	0.0	0.0	0.0	0.0	0.0	0.0	0.0	0.0	0.0	0.0	0.0	0.0	0.0	0.0	0.0	0.0	0.0	0.0	0.0	0.0	0.0	0.0	0.0	0.0	0.0	0.0	0.0	0.0	0.0	0.0	0.0	0.0	0.0	0.0	0.0	0.0	0.0	0.0	0.0	0.0	0.0	0.0	0.0	0.0	0.0	0.0	0.0	0.0
S2014m_E7-1-A-M	0.2015661592884808	0.3421689399227817	-0.10783172940108902	0.5320862800965221	0.30666224140310094	-0.17503314662389508	0.15221482043881102	-0.03562482431463494	0.005484841211552512	0.02439527271845604	0.03643091401146724	0.007885105868020574	-0.03948429645331196	0.007135069368405876	0.0017820827366685635	-0.010051162165182127	-0.029749726567657966	-0.0030637076355237965	0.005850139113369154	-0.009703007206299498	-0.020166585213455854	0.004643823380053812	-0.006596051626442167	0.0031482302888082517	-0.008371018639040089	-0.006516460414595531	-0.005689167081147997	0.012671972618936376	-0.009660001049165938	0.011556489303975327	-0.0011321023250123068	0.002420162903590829	0.009833093667407916	9.967991548865009e-05	0.0004006150366392624	-0.0049788074894909625	0.0017211585232412255	-0.007303931482420978	-0.028379968807900207	-0.013347131781146875	-0.004111775780284484	9.385332493429915e-05	0.00019244977909889076	-0.0003095678506138205	0.0006508975646299949	0.0008913296324756023	0.0008428582076141434	8.410286275663991e-05	-9.529663542234636e-05	0.0002830455339761791	-1.084778191576659e-05	0.0	0.0	-0.0	0.0	0.0	-0.0	0.0	-0.0	-0.0	0.0	-0.0	0.0	-0.0	0.0	0.0	-0.0	-0.0	0.0	-0.0	0.0	-0.0	0.0	-0.0	0.0	-0.0	-0.0	0.0	0.0	0.0	0.0	0.0	-0.0	-0.0	0.0	-0.0	0.0	0.0	-0.0	0.0	0.0	0.0	0.0	0.0	0.0	0.0	0.0	0.0	0.0	0.0	0.0	0.0	0.0	0.0	0.0	0.0	0.0	0.0	0.0	0.0	0.0	0.0	0.0	0.0	0.0	0.0	0.0	0.0	0.0	0.0	0.0	0.0	0.0	0.0	0.0	0.0	0.0	0.0	0.0	0.0	0.0	0.0	0.0	0.0	0.0	0.0	0.0	0.0	0.0	0.0	0.0	0.0	0.0	0.0	0.0	0.0	0.0	0.0	0.0	0.0	0.0	0.0	0.0	0.0	0.0	0.0	0.0	0.0	0.0
S2014m_E7-1-B-F	0.2015661592884808	0.3421689399227817	-0.10783172940108907	0.5320862800965224	0.30666224140310094	-0.17503314662389496	0.15221482043881093	-0.03562482431463491	0.005484841211552588	0.02439527271845603	0.03643091401146728	0.007885105868020426	-0.03948429645331178	0.007135069368405918	0.0017820827366684723	-0.010051162165182169	-0.029749726567657935	-0.0030637076355237063	0.005850139113369257	-0.009703007206299328	-0.02016658521345596	0.004643823380053729	-0.006596051626442265	0.003148230288808543	-0.008371018639040037	-0.006516460414595471	-0.005689167081147877	0.012671972618936314	-0.009660001049166091	0.011556489303975256	-0.001132102325012444	0.002420162903590509	0.009833093667408232	9.967991548851017e-05	0.0004006150366392718	-0.0049788074894911985	0.0017211585232410655	-0.007303931482420619	-0.02837996880790055	-0.013347131781147412	-0.004111775780284189	9.385332493434133e-05	0.00019244977909882213	-0.00030956785061362756	0.0006508975646304389	0.0008913296324767735	0.0008428582076143513	8.410286275667207e-05	-9.529663542236973e-05	0.0002830455339739032	-1.084778195142595e-05	-0.0	-0.0	0.0	-0.0	0.0	0.0	0.0	0.0	-0.0	-0.0	0.0	-0.0	-0.0	0.0	0.0	0.0	0.0	0.0	0.0	0.0	0.0	0.0	-0.0	0.0	0.0	-0.0	0.0	-0.0	-0.0	0.0	0.0	0.0	0.0	-0.0	-0.0	0.0	-0.0	0.0	0.0	-0.0	0.0	0.0	0.0	0.0	0.0	0.0	0.0	0.0	0.0	0.0	0.0	0.0	0.0	0.0	0.0	0.0	0.0	0.0	0.0	0.0	0.0	0.0	0.0	0.0	0.0	0.0	0.0	0.0	0.0	0.0	0.0	0.0	0.0	0.0	0.0	0.0	0.0	0.0	0.0	0.0	0.0	0.0	0.0	0.0	0.0	0.0	0.0	0.0	0.0	0.0	0.0	0.0	0.0	0.0	0.0	0.0	0.0	0.0	0.0	0.0	0.0	0.0	0.0	0.0	0.0	0.0	0.0	0.0
S2014m_E7-1-C-F	0.20156615928848073	0.3421689399227817	-0.10783172940108912	0.5320862800965221	0.30666224140310094	-0.17503314662389502	0.15221482043881096	-0.035624824314634804	0.005484841211552465	0.02439527271845603	0.03643091401146725	0.007885105868020522	-0.03948429645331217	0.00713506936840588	0.0017820827366685672	-0.010051162165182087	-0.02974972656765765	-0.003063707635523851	0.005850139113369142	-0.00970300720629982	-0.020166585213455955	0.004643823380053736	-0.006596051626442326	0.00314823028880828	-0.00837101863903994	-0.006516460414595555	-0.005689167081148025	0.01267197261893647	-0.009660001049165905	0.011556489303975353	-0.0011321023250117606	0.002420162903591104	0.00983309366740825	9.967991548864898e-05	0.0004006150366390741	-0.004978807489491071	0.0017211585232407608	-0.007303931482420836	-0.02837996880790106	-0.013347131781147761	-0.004111775780284668	9.385332493445e-05	0.00019244977909855303	-0.0003095678506140093	0.0006508975646301763	0.0008913296324763201	0.0008428582076136656	8.410286275612041e-05	-9.529663542361487e-05	0.00028304553397661444	-1.0847781919879718e-05	0.0	-0.0	-0.0	-0.0	-0.0	-0.0	-0.0	0.0	0.0	-0.0	0.0	0.0	0.0	-0.0	-0.0	0.0	0.0	0.0	-0.0	-0.0	-0.0	-0.0	0.0	-0.0	0.0	0.0	-0.0	0.0	-0.0	-0.0	-0.0	-0.0	-0.0	-0.0	0.0	-0.0	-0.0	0.0	-0.0	-0.0	0.0	0.0	0.0	0.0	0.0	0.0	0.0	0.0	0.0	0.0	0.0	0.0	0.0	0.0	0.0	0.0	0.0	0.0	0.0	0.0	0.0	0.0	0.0	0.0	0.0	0.0	0.0	0.0	0.0	0.0	0.0	0.0	0.0	0.0	0.0	0.0	0.0	0.0	0.0	0.0	0.0	0.0	0.0	0.0	0.0	0.0	0.0	0.0	0.0	0.0	0.0	0.0	0.0	0.0	0.0	0.0	0.0	0.0	0.0	0.0	0.0	0.0	0.0	0.0	0.0	0.0	0.0	0.0
S2014m_E7-3-A-M	0.20443560831221372	0.308532799322088	-0.5737591609107474	-0.289274519805333	0.02941361160338618	-0.17094483044257885	0.025845500944703507	0.017877549352460075	0.09644888193769599	0.029017168570158732	-0.0062612582818731945	-0.020308713390298327	0.006459185642978752	-0.000239070330484386	-0.0159299536795083	-0.007391146065216081	0.04862105976631696	-0.005232015931047222	-0.033437816919551576	0.013144352727541182	0.0325656921567975	0.0032432004086745386	0.07313061693619458	-0.01949196512747087	-0.04465608523712352	-0.015649865153737643	-0.010660249168254648	0.03065743481225731	-0.0001146425322967413	0.012466942059351001	0.030901565260263872	-0.049981966367493524	-0.020488526608882084	0.0009885910788844582	0.008285178994993403	-0.00752475375564048	0.0037755353671763323	0.005931965267564895	-0.003739355771980637	0.000874032287709546	0.016500834166897727	-0.005526249895039678	-0.015127067361639424	-0.004467315341668302	0.004127142997585395	-0.004592493043390523	0.000791080965787078	-0.005425364485867732	-0.005279162540732526	0.0036408611802496733	0.0009532725010104531	-0.0	0.0	0.0	-0.0	-0.0	-0.0	0.0	-0.0	-0.0	-0.0	-0.0	-0.0	-0.0	0.0	0.0	-0.0	0.0	0.0	-0.0	-0.0	0.0	0.0	-0.0	0.0	-0.0	-0.0	0.0	0.0	0.0	-0.0	0.0	0.0	0.0	-0.0	-0.0	-0.0	-0.0	-0.0	-0.0	-0.0	0.0	0.0	0.0	0.0	0.0	0.0	0.0	0.0	0.0	0.0	0.0	0.0	0.0	0.0	0.0	0.0	0.0	0.0	0.0	0.0	0.0	0.0	0.0	0.0	0.0	0.0	0.0	0.0	0.0	0.0	0.0	0.0	0.0	0.0	0.0	0.0	0.0	0.0	0.0	0.0	0.0	0.0	0.0	0.0	0.0	0.0	0.0	0.0	0.0	0.0	0.0	0.0	0.0	0.0	0.0	0.0	0.0	0.0	0.0	0.0	0.0	0.0	0.0	0.0	0.0	0.0	0.0	0.0
S2014M_E9-1-A-M	0.5385487600365784	-0.2008337952598334	-0.25784651923000307	-0.18718881301993576	0.02211335579793205	-0.0048139118492909055	-0.05018065048437913	-0.07597809594729787	-0.007579533628831441	0.003010665236893714	0.009305435738756826	5.163947431157665e-05	-0.0099738438396677	0.023216415141483777	0.012386232866037124	0.024671923831965314	-0.04037171885352365	-0.011377448992297074	0.04811355509129557	-0.01582248838855821	-0.022579317362138723	-0.003553080514152402	-0.02010967877585791	0.021568435289281356	0.0027248171012939962	0.009834365327721554	-0.015880493469631853	0.04587012021540421	0.010719441205745979	-0.0012937363512839518	0.006035585861337913	-0.008924602931859205	-0.015965900372230276	-0.005062303447126127	0.0074361659083345254	0.0009267785357781298	-0.005001701102210771	0.012160068751146365	0.0009867211425725502	-0.0036944332974697697	0.0025111229273201605	0.005776950931811636	0.003121458818001841	0.004815359658431869	-0.0030357654463461234	-0.0029726104758169723	-0.00020664190354760997	4.678732891656166e-05	0.0010522333313334978	0.0001893440298726324	-8.114244840160792e-05	-0.0	-0.0	-0.0	-0.0	0.0	-0.0	-0.0	-0.0	-0.0	0.0	0.0	0.0	0.0	0.0	-0.0	0.0	0.0	0.0	-0.0	0.0	0.0	0.0	-0.0	-0.0	0.0	-0.0	-0.0	-0.0	-0.0	0.0	-0.0	-0.0	-0.0	0.0	-0.0	0.0	0.0	-0.0	0.0	-0.0	0.0	0.0	0.0	0.0	0.0	0.0	0.0	0.0	0.0	0.0	0.0	0.0	0.0	0.0	0.0	0.0	0.0	0.0	0.0	0.0	0.0	0.0	0.0	0.0	0.0	0.0	0.0	0.0	0.0	0.0	0.0	0.0	0.0	0.0	0.0	0.0	0.0	0.0	0.0	0.0	0.0	0.0	0.0	0.0	0.0	0.0	0.0	0.0	0.0	0.0	0.0	0.0	0.0	0.0	0.0	0.0	0.0	0.0	0.0	0.0	0.0	0.0	0.0	0.0	0.0	0.0	0.0	0.0
S2014m_E9-1-C-F	0.5085206008318474	-0.10341003377446314	-0.31555946453462747	-0.1823209135860897	0.09848049078816702	0.05171760859991911	-0.1248492323179727	0.010333029350567886	0.048143132346883076	0.012348246184572307	-0.043700132440254724	0.0448286586804269	-0.05913870101109063	0.047751536442637715	-0.010446664130803189	-0.05961343448609176	-0.05256297126566391	0.11115937340747181	-0.008179102854972236	-0.009831374607166403	-0.012457273403382521	0.03661927897396917	0.02325484606400983	-0.018857189257355425	0.019395020323338688	-0.006618294531202808	-0.021031954115128565	-0.012641694200119258	-0.022127748823091438	0.009278481480040459	-0.014718357084273664	-0.0026881477746359167	0.016243842414686682	-0.0014796162082503805	-0.010343217094072142	0.003330921952039759	0.00868501167221864	0.006890504675471206	-0.0016031459860750932	8.698038806408106e-05	-0.007051032103647783	-0.006947098624629982	0.004075294548690052	-0.005579024634248759	0.0053547059251090896	0.0022487734758553264	-0.001008914934108203	0.0005344843528657246	-0.004228296587104353	0.0009101867102580108	9.559516358805782e-06	-0.0	0.0	-0.0	-0.0	-0.0	-0.0	0.0	-0.0	-0.0	-0.0	-0.0	-0.0	-0.0	0.0	0.0	-0.0	0.0	0.0	-0.0	-0.0	0.0	0.0	-0.0	0.0	-0.0	-0.0	0.0	0.0	0.0	-0.0	-0.0	0.0	0.0	-0.0	-0.0	-0.0	-0.0	-0.0	-0.0	-0.0	0.0	0.0	0.0	0.0	0.0	0.0	0.0	0.0	0.0	0.0	0.0	0.0	0.0	0.0	0.0	0.0	0.0	0.0	0.0	0.0	0.0	0.0	0.0	0.0	0.0	0.0	0.0	0.0	0.0	0.0	0.0	0.0	0.0	0.0	0.0	0.0	0.0	0.0	0.0	0.0	0.0	0.0	0.0	0.0	0.0	0.0	0.0	0.0	0.0	0.0	0.0	0.0	0.0	0.0	0.0	0.0	0.0	0.0	0.0	0.0	0.0	0.0	0.0	0.0	0.0	0.0	0.0	0.0
S2014M_E9-1-C-M	0.4419163909079146	0.07462636968555557	-0.21992110020009004	0.20509698383469413	0.3243762404696281	0.0869418451775435	-0.11115794078388957	-0.12021329669430852	0.025811889043680945	-0.09370246431201794	0.013882440193953117	0.005374611608009634	-0.07067822535156881	-0.013408400969962299	0.0017756405272242551	0.0055759843875761985	0.06452061483556432	0.027007296714821008	0.047780289653737006	-0.006683136192690662	-0.005291588950534566	-0.07668138899837441	0.01668878310672418	0.007176886933822964	0.00019640427970674148	-0.018487668845917092	0.021819713259187086	-0.02423355283928195	0.02013698290379084	-0.0013812440837583074	0.002683127489544199	0.009137673447852478	-0.020874970547006978	-0.008974976599837474	0.0016965687801200188	0.008704156308162991	-0.008579817136991288	0.010596590445394577	0.008519006265724808	-0.018488879410075532	0.0032450335016313597	0.004066138984967473	-0.004801174422545882	0.0009505451342067884	-0.003922244809365269	-0.0028689700679897295	0.0015319925390116355	-0.0015045384475432908	0.0006965860390491596	-0.0008640923678535679	-9.219171581739804e-06	-0.0	0.0	0.0	-0.0	-0.0	-0.0	0.0	-0.0	-0.0	-0.0	-0.0	-0.0	-0.0	0.0	0.0	-0.0	0.0	0.0	-0.0	-0.0	0.0	0.0	-0.0	0.0	-0.0	-0.0	0.0	0.0	0.0	-0.0	-0.0	0.0	0.0	-0.0	-0.0	-0.0	-0.0	-0.0	-0.0	-0.0	0.0	0.0	0.0	0.0	0.0	0.0	0.0	0.0	0.0	0.0	0.0	0.0	0.0	0.0	0.0	0.0	0.0	0.0	0.0	0.0	0.0	0.0	0.0	0.0	0.0	0.0	0.0	0.0	0.0	0.0	0.0	0.0	0.0	0.0	0.0	0.0	0.0	0.0	0.0	0.0	0.0	0.0	0.0	0.0	0.0	0.0	0.0	0.0	0.0	0.0	0.0	0.0	0.0	0.0	0.0	0.0	0.0	0.0	0.0	0.0	0.0	0.0	0.0	0.0	0.0	0.0	0.0	0.0
S2014m_E9-3-A-M	-0.13445350021957628	0.1092419447671392	-0.4156334344261949	-0.2997006251785923	0.09274198281476426	0.09224319258537923	0.08299426264719907	0.04553447032735614	0.02560042281779631	0.02075321367594098	0.02225980864034948	0.09304545945570196	-0.04259223252452987	-0.03496978846655367	-0.06982864589414566	0.030229985290423228	0.024818221528364676	0.030134156867694606	0.011265050429479794	-0.0005978979266376867	-0.00973948262861492	-0.011291908711174144	-0.02132363272673014	0.016775597718637705	-0.03656159698825038	0.05380891058343607	0.017817322660432216	-0.0023908234786156725	-0.024660597986174173	-0.029956328864119367	0.03493046331264865	0.012316638948839602	0.0035490784633738716	-0.00932952021064327	-0.033087108866875554	-0.007051748342754448	0.015207091849717195	-0.007461274613305997	0.002274361011012117	-0.0022045008696659017	-0.0005445607907313379	-0.006030368785878155	-0.008642324106301993	0.002063019540369216	0.0030286309267388008	0.002354889513241273	0.0003511549988848986	-0.0007390253049541683	-0.000286451969161568	-0.00023853588475594617	2.726277947287739e-06	-0.0	0.0	-0.0	-0.0	-0.0	-0.0	0.0	-0.0	-0.0	-0.0	-0.0	-0.0	-0.0	0.0	0.0	-0.0	0.0	0.0	-0.0	-0.0	0.0	0.0	-0.0	0.0	-0.0	-0.0	0.0	0.0	0.0	-0.0	-0.0	0.0	0.0	-0.0	-0.0	-0.0	-0.0	-0.0	-0.0	-0.0	0.0	0.0	0.0	0.0	0.0	0.0	0.0	0.0	0.0	0.0	0.0	0.0	0.0	0.0	0.0	0.0	0.0	0.0	0.0	0.0	0.0	0.0	0.0	0.0	0.0	0.0	0.0	0.0	0.0	0.0	0.0	0.0	0.0	0.0	0.0	0.0	0.0	0.0	0.0	0.0	0.0	0.0	0.0	0.0	0.0	0.0	0.0	0.0	0.0	0.0	0.0	0.0	0.0	0.0	0.0	0.0	0.0	0.0	0.0	0.0	0.0	0.0	0.0	0.0	0.0	0.0	0.0	0.0
S2014m_E9-3-B-M	0.20464431672762454	0.30912635449459236	-0.5756455965304108	-0.290514481607051	0.02953926801818838	-0.17251444973443725	0.026142903829662993	0.018100558588117655	0.09910950833715984	0.03017349761524841	-0.006226489848419993	-0.020842794118962463	0.006635296250662025	0.0002745038052197858	-0.01626949661272923	-0.006629541054781528	0.04945766531455128	-0.0018846342515913364	-0.02980712966578508	0.011162903354711477	0.03591058767071434	0.006897933564639742	0.03214351107253409	0.001005339722272975	-0.01019420223744951	-0.014261521432961046	0.011678846664686944	-0.0015030317737618746	-0.026935075449393397	0.012483937715202313	0.03267357246429496	-0.047692975033718235	-0.010580159017807055	0.0062795778885915724	0.009455643412143637	0.005746540630375405	-0.004254829985613065	-0.0047637362598977225	-0.001341354145982921	-0.0010550927754441925	0.009631803371732053	-0.008228617180809058	-0.0035351811802598722	0.0027445799888727116	-0.0010212264162598552	0.0031567410883491724	-0.00015188833677102145	0.004363139145202378	0.0063428355050998055	-0.0056066047485275085	-0.0010781580021183986	0.0	-0.0	-0.0	0.0	0.0	0.0	-0.0	0.0	0.0	0.0	0.0	0.0	0.0	-0.0	-0.0	0.0	-0.0	0.0	0.0	0.0	-0.0	-0.0	0.0	-0.0	0.0	0.0	-0.0	-0.0	0.0	0.0	-0.0	-0.0	-0.0	0.0	0.0	0.0	0.0	0.0	0.0	0.0	0.0	0.0	0.0	0.0	0.0	0.0	0.0	0.0	0.0	0.0	0.0	0.0	0.0	0.0	0.0	0.0	0.0	0.0	0.0	0.0	0.0	0.0	0.0	0.0	0.0	0.0	0.0	0.0	0.0	0.0	0.0	0.0	0.0	0.0	0.0	0.0	0.0	0.0	0.0	0.0	0.0	0.0	0.0	0.0	0.0	0.0	0.0	0.0	0.0	0.0	0.0	0.0	0.0	0.0	0.0	0.0	0.0	0.0	0.0	0.0	0.0	0.0	0.0	0.0	0.0	0.0	0.0	0.0
S2014m_E9-A-1-F	0.5334641302496308	-0.1484564299625449	-0.11370399676056879	0.09744636140218252	0.17017063651764053	0.06351370824283861	-0.1337734870586055	0.019869496990297567	-0.15472427866572877	0.10638370893556376	0.05163735251767786	-0.008435180732799865	-0.010935335002270171	0.030749329502201148	0.015204546047717019	0.045247263673053255	0.07587619354472094	-0.023443318599889608	0.05865752617487556	0.02441951049691481	0.041695883277606566	0.03176868931264821	0.018489996438561994	-0.02882203771125735	0.015132006186531917	0.027990672619593305	0.010243371438063453	0.006093430930397221	-0.015214002700449869	-0.0043467649132916545	-0.020847897911883895	-0.020937166810979103	0.010907891179096246	0.007093023860427869	-0.011515919642596099	0.02626915838892025	-0.006752730059114729	-0.011032730251270545	-0.0023245728431310086	0.007207875742966587	0.0017290302104629614	0.0033633090713099884	-0.011508001435804098	0.0033611619936484674	0.0010372107576410124	0.002132807433760466	-0.0018298639024566027	0.0008413817469023944	0.0008536012961725272	-9.169841580881871e-05	6.5350089179912e-05	-0.0	0.0	0.0	-0.0	-0.0	-0.0	0.0	-0.0	-0.0	-0.0	-0.0	-0.0	-0.0	0.0	0.0	-0.0	0.0	0.0	-0.0	-0.0	0.0	0.0	-0.0	0.0	-0.0	-0.0	0.0	0.0	0.0	-0.0	-0.0	0.0	0.0	-0.0	-0.0	-0.0	-0.0	-0.0	-0.0	-0.0	0.0	0.0	0.0	0.0	0.0	0.0	0.0	0.0	0.0	0.0	0.0	0.0	0.0	0.0	0.0	0.0	0.0	0.0	0.0	0.0	0.0	0.0	0.0	0.0	0.0	0.0	0.0	0.0	0.0	0.0	0.0	0.0	0.0	0.0	0.0	0.0	0.0	0.0	0.0	0.0	0.0	0.0	0.0	0.0	0.0	0.0	0.0	0.0	0.0	0.0	0.0	0.0	0.0	0.0	0.0	0.0	0.0	0.0	0.0	0.0	0.0	0.0	0.0	0.0	0.0	0.0	0.0	0.0
S2017t1_E11-T1a-Female	0.5158462445384697	-0.2646466266895439	-0.13711351874354197	-0.10528777188251906	-0.00744716613515027	-0.02123632473366693	-0.026706327509703507	-0.07530845210649062	-0.0856345237970967	-0.042133739983097905	0.08945758960251604	-0.060789359360205596	0.022524142382139678	0.01764896447477496	0.04348247025059667	0.02512964356003193	0.0080924573046727	-0.041965680135112836	0.004571503317415728	-0.003715408450762492	0.011081981449023467	-0.047032813568454186	-0.013749221898899499	-0.04344602294534541	-0.03823026273523697	-0.0020350439660267155	0.04324850282111416	-0.03623719863686817	0.0077938101035152	-0.0023503234340523853	0.012450913169565673	0.01811189147421446	0.009751692825896132	0.007061865401377552	0.0018712734579555356	-0.0031039236343559785	0.00539353959053296	-0.0027801831982823735	-0.004609242961774986	0.005432747873225305	-0.0012706911107927728	-0.008841739487252871	0.00212239449454097	-0.01720402461978685	0.0047781702155535455	0.0022911058860970897	-0.005107955695921248	0.0031906459878180103	-0.004506374986844791	-5.134674514034227e-05	5.418297791671903e-06	-0.0	0.0	-0.0	-0.0	-0.0	-0.0	0.0	-0.0	-0.0	-0.0	-0.0	-0.0	-0.0	0.0	0.0	-0.0	0.0	0.0	-0.0	-0.0	0.0	0.0	-0.0	0.0	-0.0	-0.0	0.0	0.0	0.0	-0.0	-0.0	0.0	0.0	-0.0	-0.0	-0.0	-0.0	-0.0	-0.0	-0.0	0.0	0.0	0.0	0.0	0.0	0.0	0.0	0.0	0.0	0.0	0.0	0.0	0.0	0.0	0.0	0.0	0.0	0.0	0.0	0.0	0.0	0.0	0.0	0.0	0.0	0.0	0.0	0.0	0.0	0.0	0.0	0.0	0.0	0.0	0.0	0.0	0.0	0.0	0.0	0.0	0.0	0.0	0.0	0.0	0.0	0.0	0.0	0.0	0.0	0.0	0.0	0.0	0.0	0.0	0.0	0.0	0.0	0.0	0.0	0.0	0.0	0.0	0.0	0.0	0.0	0.0	0.0	0.0
S2017t1_E11-T1a-Male	0.5352010281246521	-0.34324966797084344	0.03333363984194483	0.03332551983337519	-0.078786770532879	-0.13356465688571006	0.00785943865167628	-0.003921798085835847	0.016969967104473665	0.026667456545837458	0.017665312371513198	-0.0001380331815148093	0.011060041424992966	0.015655964903564197	-0.0051843189775023875	0.001479456301833571	0.0006695461313820268	-0.00659492628318291	-0.00559028484711506	0.0004932117730132384	0.00621201611341642	-0.0028642514977431964	-0.00479397020323753	0.00027200383590709565	-0.00310702455575169	-0.005051752900584003	-0.001599495041766247	-0.006112231435480501	-0.0015465942408449261	-0.004340611474132842	-0.0006430759481438306	0.004088667236373879	-0.008640366781012605	0.0029652129856473372	0.002399233475864683	-0.0010695315329928025	-0.0008283544214475411	-0.0006161646225030725	-0.0005279910253177878	0.00023930214072401422	0.0008809069028089314	-0.0016466603318929934	-0.005085425116304258	-0.0002028512427141606	0.001543902911319751	0.001346887537750485	0.0014499229629197777	-0.0008902902935014656	0.00040139844394387474	0.00013820428045378602	2.8533642057331946e-05	0.0	0.0	0.0	0.0	0.0	0.0	-0.0	0.0	0.0	0.0	-0.0	0.0	0.0	0.0	-0.0	-0.0	-0.0	0.0	0.0	0.0	-0.0	0.0	-0.0	-0.0	-0.0	0.0	0.0	0.0	0.0	0.0	0.0	0.0	-0.0	-0.0	-0.0	0.0	-0.0	0.0	-0.0	0.0	0.0	0.0	0.0	0.0	0.0	0.0	0.0	0.0	0.0	0.0	0.0	0.0	0.0	0.0	0.0	0.0	0.0	0.0	0.0	0.0	0.0	0.0	0.0	0.0	0.0	0.0	0.0	0.0	0.0	0.0	0.0	0.0	0.0	0.0	0.0	0.0	0.0	0.0	0.0	0.0	0.0	0.0	0.0	0.0	0.0	0.0	0.0	0.0	0.0	0.0	0.0	0.0	0.0	0.0	0.0	0.0	0.0	0.0	0.0	0.0	0.0	0.0	0.0	0.0	0.0	0.0	0.0	0.0
S2017t1_E11-T1b-Female	0.5352010281246521	-0.3432496679708434	0.03333363984194483	0.03332551983337513	-0.078786770532879	-0.13356465688571	0.007859438651676308	-0.003921798085835853	0.01696996710447361	0.02666745654583748	0.017665312371513253	-0.00013803318151477941	0.011060041424993023	0.015655964903564183	-0.005184318977502469	0.001479456301833543	0.0006695461313820663	-0.006594926283182893	-0.005590284847114995	0.000493211773013367	0.006212016113416103	-0.0028642514977431583	-0.004793970203237711	0.0002720038359074037	-0.0031070245557517986	-0.005051752900584165	-0.0015994950417661537	-0.006112231435480283	-0.0015465942408449786	-0.004340611474132971	-0.0006430759481436753	0.004088667236373754	-0.008640366781012867	0.00296521298564725	0.0023992334758647822	-0.0010695315329928474	-0.0008283544214477967	-0.0006161646225028775	-0.0005279910253180371	0.0002393021407237619	0.0008809069028087869	-0.0016466603318930498	-0.005085425116303904	-0.0002028512427150595	0.001543902911320551	0.0013468875377504615	0.001449922962920546	-0.0008902902935005401	0.00040139844394116375	0.00013820428045447798	2.8533642025204362e-05	0.0	0.0	-0.0	0.0	-0.0	-0.0	-0.0	-0.0	-0.0	-0.0	0.0	0.0	-0.0	0.0	0.0	0.0	-0.0	0.0	0.0	0.0	-0.0	-0.0	-0.0	0.0	-0.0	-0.0	-0.0	0.0	0.0	-0.0	-0.0	0.0	-0.0	0.0	-0.0	0.0	-0.0	0.0	0.0	-0.0	0.0	0.0	0.0	0.0	0.0	0.0	0.0	0.0	0.0	0.0	0.0	0.0	0.0	0.0	0.0	0.0	0.0	0.0	0.0	0.0	0.0	0.0	0.0	0.0	0.0	0.0	0.0	0.0	0.0	0.0	0.0	0.0	0.0	0.0	0.0	0.0	0.0	0.0	0.0	0.0	0.0	0.0	0.0	0.0	0.0	0.0	0.0	0.0	0.0	0.0	0.0	0.0	0.0	0.0	0.0	0.0	0.0	0.0	0.0	0.0	0.0	0.0	0.0	0.0	0.0	0.0	0.0	0.0
S2017t1_E11-T1b-Male	0.5352010281246521	-0.3432496679708434	0.03333363984194483	0.03332551983337519	-0.07878677053287902	-0.13356465688570993	0.0078594386516762	-0.003921798085835788	0.01696996710447368	0.026667456545837513	0.01766531237151324	-0.00013803318151482365	0.011060041424992943	0.015655964903564103	-0.0051843189775024985	0.001479456301833502	0.0006695461313819993	-0.006594926283182998	-0.005590284847115123	0.0004932117730130152	0.006212016113416392	-0.0028642514977434107	-0.004793970203237636	0.0002720038359073204	-0.003107024555751535	-0.005051752900584151	-0.0015994950417662426	-0.00611223143548077	-0.001546594240844813	-0.004340611474132844	-0.0006430759481436094	0.004088667236374161	-0.008640366781012604	0.0029652129856467314	0.0023992334758645728	-0.0010695315329934294	-0.0008283544214476057	-0.000616164622503244	-0.0005279910253180559	0.00023930214072444948	0.0008809069028089951	-0.0016466603318942442	-0.005085425116304676	-0.00020285124271440252	0.0015439029113196794	0.001346887537750672	0.001449922962920213	-0.0008902902935014732	0.00040139844394226145	0.00013820428045411155	2.853364203515952e-05	-0.0	0.0	0.0	-0.0	0.0	-0.0	-0.0	-0.0	-0.0	0.0	-0.0	0.0	0.0	-0.0	-0.0	-0.0	0.0	0.0	-0.0	0.0	-0.0	-0.0	-0.0	-0.0	0.0	-0.0	0.0	-0.0	-0.0	-0.0	0.0	0.0	0.0	0.0	-0.0	-0.0	0.0	0.0	0.0	0.0	0.0	0.0	0.0	0.0	0.0	0.0	0.0	0.0	0.0	0.0	0.0	0.0	0.0	0.0	0.0	0.0	0.0	0.0	0.0	0.0	0.0	0.0	0.0	0.0	0.0	0.0	0.0	0.0	0.0	0.0	0.0	0.0	0.0	0.0	0.0	0.0	0.0	0.0	0.0	0.0	0.0	0.0	0.0	0.0	0.0	0.0	0.0	0.0	0.0	0.0	0.0	0.0	0.0	0.0	0.0	0.0	0.0	0.0	0.0	0.0	0.0	0.0	0.0	0.0	0.0	0.0	0.0	0.0
S2017t1_E13-T1a-Female	-0.4314736236625351	-0.08642748874929786	0.007895549978916115	0.0031621247869581723	-0.017571431165331934	-0.09446106426662991	0.009351691523353372	-0.01492505592081568	-0.012902052463627044	-0.003718895107577828	-0.02131797398897885	0.007883150275381534	0.0014342577445926096	-0.01046892408895222	0.0005701498405639615	0.00924911269381149	-0.00366704100289311	0.006635188700088851	-0.0025730218393072387	0.00330388581096238	-0.0014783097913118857	-0.0005914561199472898	0.0014098655013820376	0.0025502579776024784	-0.00014508913865513302	-0.00010307506193630442	-0.00014684697993737076	0.0011902110692697991	-0.003447163721383575	0.0020999365395619357	-0.0007254688662025597	0.0013958059741401956	-0.0005388953909315312	-0.0001237471616706733	-0.0019543742379225524	-0.00046582017425908246	0.0013230942409529181	0.0003765402036698128	0.0006523121822276033	-0.0004878121658577414	-0.00027230521816420857	0.0012113236978692845	-0.0001603859268159416	0.00036578769645452953	-0.0009719431055049169	0.00039776262715579644	-0.0007762557949189736	-1.900053207873098e-05	-0.00020872121524972132	0.00027527291336382827	8.054915157067316e-06	0.0	0.0	-0.0	-0.0	0.0	0.0	0.0	-0.0	0.0	-0.0	-0.0	-0.0	-0.0	-0.0	-0.0	0.0	0.0	0.0	-0.0	0.0	0.0	0.0	0.0	-0.0	-0.0	0.0	0.0	-0.0	0.0	0.0	0.0	0.0	0.0	-0.0	0.0	0.0	-0.0	0.0	-0.0	-0.0	0.0	0.0	0.0	0.0	0.0	0.0	0.0	0.0	0.0	0.0	0.0	0.0	0.0	0.0	0.0	0.0	0.0	0.0	0.0	0.0	0.0	0.0	0.0	0.0	0.0	0.0	0.0	0.0	0.0	0.0	0.0	0.0	0.0	0.0	0.0	0.0	0.0	0.0	0.0	0.0	0.0	0.0	0.0	0.0	0.0	0.0	0.0	0.0	0.0	0.0	0.0	0.0	0.0	0.0	0.0	0.0	0.0	0.0	0.0	0.0	0.0	0.0	0.0	0.0	0.0	0.0	0.0	0.0
S2017t1_E13-T1a-Male	-0.2528436341043385	0.053560071345305306	-0.34692827842201374	-0.24960723787608544	0.09019024440553312	0.08003722378167578	-0.036705109605295765	-0.046223981340681106	0.029296995061045987	-0.018229110899295704	0.0025974706175055746	0.05973388225943214	-0.061417198097199956	0.07424166281642294	-0.03427282461047827	0.04394066735710585	-0.06849763231652298	-0.05461484703554211	0.021037187608137647	-0.042450770921677344	0.015345256602318953	0.0008394806595784741	-0.0074556198568937046	-0.03468840564250531	0.05462026302496589	-0.01198145504251056	-0.027198851962526638	0.013921569281255146	0.017065047379506856	0.016376998760344492	-0.011324831333720727	-0.002028830168849054	-0.0031464405430793214	-0.006723736060280608	0.005717200537447638	-0.0230609873830306	0.013771023220374427	0.013004683686782354	-0.007453519716801201	0.01665790967508429	-0.007223052012972592	0.005350457971047538	-0.004124988986706908	-1.7907190300936853e-05	-0.0006121837443798849	-0.002068482336761516	0.0020118205052291217	-0.0009856778253277622	-0.00048655768853822663	0.0007148001895165647	-4.096231223789212e-05	-0.0	0.0	0.0	-0.0	-0.0	-0.0	0.0	-0.0	-0.0	-0.0	-0.0	-0.0	-0.0	0.0	0.0	-0.0	0.0	0.0	-0.0	-0.0	0.0	0.0	-0.0	0.0	-0.0	-0.0	0.0	0.0	0.0	-0.0	-0.0	0.0	0.0	-0.0	-0.0	-0.0	-0.0	-0.0	-0.0	-0.0	0.0	0.0	0.0	0.0	0.0	0.0	0.0	0.0	0.0	0.0	0.0	0.0	0.0	0.0	0.0	0.0	0.0	0.0	0.0	0.0	0.0	0.0	0.0	0.0	0.0	0.0	0.0	0.0	0.0	0.0	0.0	0.0	0.0	0.0	0.0	0.0	0.0	0.0	0.0	0.0	0.0	0.0	0.0	0.0	0.0	0.0	0.0	0.0	0.0	0.0	0.0	0.0	0.0	0.0	0.0	0.0	0.0	0.0	0.0	0.0	0.0	0.0	0.0	0.0	0.0	0.0	0.0	0.0
S2017t1_E13-T1b-Female	-0.4314736236625351	-0.08642748874929784	0.007895549978916115	0.0031621247869581576	-0.017571431165331896	-0.09446106426662991	0.009351691523353349	-0.014925055920815602	-0.012902052463627049	-0.0037188951075778375	-0.021317973988978885	0.007883150275381582	0.001434257744592639	-0.010468924088952229	0.0005701498405639309	0.009249112693811424	-0.0036670410028930584	0.006635188700089036	-0.002573021839307324	0.003303885810962338	-0.0014783097913118567	-0.000591456119947223	0.0014098655013819867	0.0025502579776024293	-0.000145089138655298	-0.0001030750619363991	-0.00014684697993741798	0.0011902110692696313	-0.0034471637213832817	0.002099936539561997	-0.0007254688662023394	0.0013958059741402482	-0.0005388953909317031	-0.0001237471616707209	-0.0019543742379228104	-0.0004658201742595501	0.0013230942409527679	0.00037654020366962557	0.0006523121822272906	-0.0004878121658576617	-0.0002723052181644533	0.0012113236978687997	-0.00016038592681643643	0.00036578769645464375	-0.0009719431055047084	0.000397762627154714	-0.0007762557949194604	-1.900053207993275e-05	-0.0002087212152499679	0.0002752729133647483	8.054915138212073e-06	0.0	0.0	-0.0	-0.0	-0.0	0.0	-0.0	0.0	-0.0	-0.0	0.0	-0.0	0.0	0.0	0.0	-0.0	0.0	0.0	-0.0	0.0	0.0	0.0	0.0	0.0	-0.0	-0.0	-0.0	-0.0	0.0	-0.0	0.0	-0.0	0.0	-0.0	-0.0	0.0	0.0	0.0	-0.0	-0.0	0.0	0.0	0.0	0.0	0.0	0.0	0.0	0.0	0.0	0.0	0.0	0.0	0.0	0.0	0.0	0.0	0.0	0.0	0.0	0.0	0.0	0.0	0.0	0.0	0.0	0.0	0.0	0.0	0.0	0.0	0.0	0.0	0.0	0.0	0.0	0.0	0.0	0.0	0.0	0.0	0.0	0.0	0.0	0.0	0.0	0.0	0.0	0.0	0.0	0.0	0.0	0.0	0.0	0.0	0.0	0.0	0.0	0.0	0.0	0.0	0.0	0.0	0.0	0.0	0.0	0.0	0.0	0.0
S2017t1_E13-T1b-Male	-0.3719556242179663	-0.028236893805581018	-0.16710343937709138	-0.11267291253396534	0.04796056305540298	-0.00651867177485311	-0.08014938552225198	-0.11110545457768249	-0.09555231924790553	-0.04835817263160272	0.05902704255227368	-0.06283327835513335	0.002476483127479418	0.01005231076955194	0.08774116920818567	0.027509547319976107	0.0078002207077820865	-0.0014818590672703634	0.0968860996996399	-0.04229222662977952	0.00195400288777826	-0.0312009676605882	0.01605867304904098	-0.043958523476206234	-0.021943183282650866	0.013657377077347828	0.03592165816282658	-0.02005128640625921	0.01241507630419027	-0.018470999893961407	0.010776774145832713	-0.00889741374310235	0.006847292580737518	-0.002160483462748289	0.003021464260377665	0.007471986787286965	-0.014507974234899098	-0.019125359118275013	0.002125095727855	-0.0030322479859107455	-0.005777536961852323	-0.007531446699022599	0.0051788840652089805	-0.01020559332221691	-0.0015834094992331243	0.0010296866696407436	-0.0011625716269106855	0.0021404166552187543	-6.271104359694779e-05	-0.0019335332205964145	5.025489996619752e-05	-0.0	0.0	-0.0	-0.0	-0.0	-0.0	0.0	-0.0	-0.0	-0.0	-0.0	-0.0	-0.0	0.0	0.0	-0.0	0.0	0.0	-0.0	-0.0	0.0	0.0	-0.0	0.0	-0.0	-0.0	0.0	0.0	0.0	-0.0	-0.0	0.0	0.0	-0.0	-0.0	-0.0	-0.0	-0.0	-0.0	-0.0	0.0	0.0	0.0	0.0	0.0	0.0	0.0	0.0	0.0	0.0	0.0	0.0	0.0	0.0	0.0	0.0	0.0	0.0	0.0	0.0	0.0	0.0	0.0	0.0	0.0	0.0	0.0	0.0	0.0	0.0	0.0	0.0	0.0	0.0	0.0	0.0	0.0	0.0	0.0	0.0	0.0	0.0	0.0	0.0	0.0	0.0	0.0	0.0	0.0	0.0	0.0	0.0	0.0	0.0	0.0	0.0	0.0	0.0	0.0	0.0	0.0	0.0	0.0	0.0	0.0	0.0	0.0	0.0
S2017t1_E14-T1a-Female	-0.4314736236625351	-0.08642748874929783	0.007895549978916148	0.0031621247869581467	-0.017571431165331927	-0.09446106426662992	0.009351691523353354	-0.014925055920815538	-0.012902052463627134	-0.0037188951075778067	-0.021317973988978858	0.007883150275381652	0.0014342577445924391	-0.010468924088952246	0.0005701498405640021	0.009249112693811455	-0.003667041002893176	0.006635188700088868	-0.002573021839307345	0.003303885810962517	-0.001478309791311917	-0.0005914561199471905	0.001409865501382017	0.002550257977602305	-0.00014508913865520325	-0.00010307506193629485	-0.00014684697993742635	0.0011902110692697692	-0.003447163721383507	0.002099936539561937	-0.0007254688662023608	0.0013958059741404458	-0.0005388953909315822	-0.00012374716167065498	-0.001954374237922965	-0.00046582017425924417	0.0013230942409528923	0.00037654020366929115	0.000652312182227505	-0.00048781216585775923	-0.00027230521816411495	0.0012113236978687203	-0.00016038592681507974	0.00036578769645448047	-0.0009719431055052166	0.0003977626271556682	-0.0007762557949173575	-1.900053207802073e-05	-0.00020872121525171224	0.0002752729133636425	8.054915153936048e-06	-0.0	0.0	0.0	-0.0	0.0	-0.0	-0.0	0.0	-0.0	0.0	0.0	0.0	0.0	0.0	0.0	0.0	0.0	0.0	0.0	-0.0	-0.0	0.0	0.0	0.0	-0.0	-0.0	-0.0	-0.0	-0.0	0.0	-0.0	0.0	-0.0	0.0	0.0	-0.0	-0.0	-0.0	0.0	-0.0	0.0	0.0	0.0	0.0	0.0	0.0	0.0	0.0	0.0	0.0	0.0	0.0	0.0	0.0	0.0	0.0	0.0	0.0	0.0	0.0	0.0	0.0	0.0	0.0	0.0	0.0	0.0	0.0	0.0	0.0	0.0	0.0	0.0	0.0	0.0	0.0	0.0	0.0	0.0	0.0	0.0	0.0	0.0	0.0	0.0	0.0	0.0	0.0	0.0	0.0	0.0	0.0	0.0	0.0	0.0	0.0	0.0	0.0	0.0	0.0	0.0	0.0	0.0	0.0	0.0	0.0	0.0	0.0
S2017t1_E14-T1a-Male	-0.3658893137638236	0.006088521538444751	0.03798880114138079	-0.0794702960426477	0.01639797307227323	0.05434396721957628	0.010299469542767416	-0.035877438181889196	-0.01969415958347924	0.013014665420540758	0.10285729335539562	-0.07904527139503223	0.09299777003002986	0.07275271216735285	-0.08613737909693815	-0.07239390455593671	0.05061830552055473	-0.03093754750684328	0.01601757884994406	-0.0015103948254930203	-0.01758519002366895	0.005012353487181552	-0.036539558799328506	0.003992257329552126	0.0015107871595552592	-0.06337452161043729	-0.05025683922270681	-0.007062532148635506	0.016848956533152815	-0.0013409380750738131	0.012638100280575451	-0.013464126626688108	0.009116672169858	-0.01503169140395393	-0.017706158087029043	-0.006426197156319191	-0.015669574968175105	0.000235767011317998	0.009560507124517751	-0.015493190286043786	-0.007036843865786954	-0.0075351073141206835	-0.0012973453783114623	-0.003487556846381445	-0.006784387847483193	0.004590786997034469	-0.0010795938202683689	0.0007644626887494344	-0.0008380827518902447	-0.0002618693699588473	-6.820100036866082e-05	-0.0	0.0	-0.0	-0.0	-0.0	-0.0	0.0	-0.0	-0.0	-0.0	-0.0	-0.0	-0.0	0.0	0.0	-0.0	0.0	0.0	-0.0	-0.0	0.0	0.0	-0.0	0.0	-0.0	-0.0	0.0	0.0	0.0	-0.0	-0.0	0.0	0.0	-0.0	-0.0	-0.0	-0.0	-0.0	-0.0	-0.0	0.0	0.0	0.0	0.0	0.0	0.0	0.0	0.0	0.0	0.0	0.0	0.0	0.0	0.0	0.0	0.0	0.0	0.0	0.0	0.0	0.0	0.0	0.0	0.0	0.0	0.0	0.0	0.0	0.0	0.0	0.0	0.0	0.0	0.0	0.0	0.0	0.0	0.0	0.0	0.0	0.0	0.0	0.0	0.0	0.0	0.0	0.0	0.0	0.0	0.0	0.0	0.0	0.0	0.0	0.0	0.0	0.0	0.0	0.0	0.0	0.0	0.0	0.0	0.0	0.0	0.0	0.0	0.0
S2017t1_E14-T1b-Male	0.07002477632589461	0.39474688884789194	0.18880619365167195	-0.3294089764490994	0.006791434795144174	0.06621199602143311	0.040647407293268455	-0.0362133704879	-0.22079086437153497	-0.10024795376493294	0.06932149345334879	-0.014041545570864407	-0.06100642192553873	-0.15504091888801225	0.025662261776119577	0.01751864700912306	-0.005920893240952028	-0.015550324260391466	0.05683816464582481	-0.008716503074693472	0.006532265244751824	-0.011066479252492167	-0.0005695267033514777	-0.05255996947943393	0.008818660166706785	-0.01458508518283578	0.011291765396113257	0.0050482697452967525	0.001464364285621874	0.015459936058543622	-0.0033215449124338143	-0.003588964461241715	0.010129736424270157	0.0010459754053016234	-0.0077312267923750925	0.003399151753694348	-0.005626395881170405	-0.0016964435363382533	0.0005290390304336082	-0.0013283482818045233	-0.0015378241302816966	-0.003922141075745612	0.003133117287295959	0.0013411833036597552	0.0021227535589251473	-0.0002690198797475422	0.0005160527892861218	-0.00025166093596348544	6.3550915467364e-05	-0.000513216987504196	-1.8928684422127465e-05	-0.0	0.0	-0.0	-0.0	-0.0	-0.0	0.0	-0.0	-0.0	-0.0	-0.0	-0.0	-0.0	0.0	0.0	-0.0	0.0	0.0	-0.0	-0.0	0.0	0.0	-0.0	0.0	-0.0	-0.0	0.0	0.0	0.0	-0.0	-0.0	0.0	0.0	-0.0	-0.0	-0.0	-0.0	-0.0	-0.0	-0.0	0.0	0.0	0.0	0.0	0.0	0.0	0.0	0.0	0.0	0.0	0.0	0.0	0.0	0.0	0.0	0.0	0.0	0.0	0.0	0.0	0.0	0.0	0.0	0.0	0.0	0.0	0.0	0.0	0.0	0.0	0.0	0.0	0.0	0.0	0.0	0.0	0.0	0.0	0.0	0.0	0.0	0.0	0.0	0.0	0.0	0.0	0.0	0.0	0.0	0.0	0.0	0.0	0.0	0.0	0.0	0.0	0.0	0.0	0.0	0.0	0.0	0.0	0.0	0.0	0.0	0.0	0.0	0.0
S2017t1_E16-T1a-Female	0.30493813058216124	-0.3419951872369476	0.056155381648630945	-0.027569598262749486	-0.0300775070299926	0.06304257263729172	0.11091959198463512	0.029346159244093856	-0.047088217080833585	0.014548436686514258	-0.0929038848390018	-0.1383308936234882	-0.06568023421098673	-0.09002134449934174	-0.03985788698222947	0.030262999956631866	-0.015217647349809202	0.0020415752213645854	0.037685440761678506	0.012332023024043393	0.01967603688592709	0.0031720681859442896	-0.011009865381016148	0.0026440563948473862	0.011042705158998764	0.019164289652161434	-0.016740404974800935	0.04776239847256231	-0.01788386051557301	0.025221449233473282	-0.012517835826940275	-0.004926043934894227	-0.005199939540740515	-0.004561411997720667	0.0006520349310896739	0.00982116506562157	-0.033823625690915134	0.009071071947839468	0.008535331535645166	-0.009302882660591663	-0.01774435164447362	-0.008881544482034799	0.008826255062333612	0.0171617611094752	-0.00045480850367704366	-0.003972361684413682	-0.007276380899020822	-0.001870253296331502	-0.003146585913479245	-0.0013371849550411826	0.00030321163322449775	-0.0	0.0	0.0	-0.0	-0.0	-0.0	0.0	-0.0	-0.0	-0.0	-0.0	-0.0	-0.0	0.0	0.0	-0.0	0.0	0.0	-0.0	-0.0	0.0	0.0	-0.0	0.0	-0.0	-0.0	0.0	0.0	0.0	-0.0	0.0	0.0	0.0	-0.0	-0.0	-0.0	-0.0	-0.0	-0.0	-0.0	0.0	0.0	0.0	0.0	0.0	0.0	0.0	0.0	0.0	0.0	0.0	0.0	0.0	0.0	0.0	0.0	0.0	0.0	0.0	0.0	0.0	0.0	0.0	0.0	0.0	0.0	0.0	0.0	0.0	0.0	0.0	0.0	0.0	0.0	0.0	0.0	0.0	0.0	0.0	0.0	0.0	0.0	0.0	0.0	0.0	0.0	0.0	0.0	0.0	0.0	0.0	0.0	0.0	0.0	0.0	0.0	0.0	0.0	0.0	0.0	0.0	0.0	0.0	0.0	0.0	0.0	0.0	0.0
S2017t1_E16-T1a-Male	0.2254827638507783	0.47291071058438755	0.34001425860258105	-0.1652331644151158	-0.11958209538164637	-0.12595682741903405	0.09815070941782993	-0.016983363227347344	0.0662718445920038	0.05158597265884183	-0.15165448119565544	-0.24351052697073383	-0.05835514133267623	-0.016996717387673443	-0.05232439865573345	0.12905403450126424	0.01508271907988715	0.08028475372075024	0.0626642231339608	0.05420410588561331	0.03868247067814745	-0.020986221595443628	-0.06215856704167922	-0.0810445909994774	-0.012608692414786498	-0.0154605453837488	-0.00905851471436218	0.028262635856184163	0.0011291270749496	0.047567451289825896	0.008397192484927598	0.028188775544102335	0.006527401238512725	-0.01304737734237107	0.0053766883806769476	-0.013623742774303057	0.005931761283265077	0.0018260019683276553	0.0005726550827292974	0.001765941277920306	-0.0004738090441162747	-0.004243912572620917	-0.004904724051658922	-0.002095609410506762	0.0012519598233978098	0.00044112646541165525	0.0028617799674975426	-0.0019501140345939906	0.00131092125621053	0.0014839922441452255	-6.682483595362498e-05	-0.0	0.0	-0.0	-0.0	-0.0	-0.0	0.0	-0.0	-0.0	-0.0	-0.0	-0.0	-0.0	0.0	0.0	-0.0	0.0	0.0	-0.0	-0.0	0.0	0.0	-0.0	0.0	-0.0	-0.0	0.0	0.0	0.0	-0.0	-0.0	0.0	0.0	-0.0	-0.0	-0.0	-0.0	-0.0	-0.0	-0.0	0.0	0.0	0.0	0.0	0.0	0.0	0.0	0.0	0.0	0.0	0.0	0.0	0.0	0.0	0.0	0.0	0.0	0.0	0.0	0.0	0.0	0.0	0.0	0.0	0.0	0.0	0.0	0.0	0.0	0.0	0.0	0.0	0.0	0.0	0.0	0.0	0.0	0.0	0.0	0.0	0.0	0.0	0.0	0.0	0.0	0.0	0.0	0.0	0.0	0.0	0.0	0.0	0.0	0.0	0.0	0.0	0.0	0.0	0.0	0.0	0.0	0.0	0.0	0.0	0.0	0.0	0.0	0.0
S2017t1_E16-T1b-Female	0.5321015175647299	0.008471952278923542	0.34824643312984976	-0.17903812065620792	-0.04589263578972194	0.012582191486365876	-0.009504440410290782	-0.08564333433849809	0.014427294633109834	0.009259633736695711	-0.030993203702594452	0.009387999347373551	-0.058564705134211206	0.03151535703409782	-0.03519980434345574	0.05625867170495953	0.01205165442730634	0.05789145856498054	-0.011496499106130497	-0.04517096765539822	-0.06597920970899508	0.04603227973128454	0.017855068897691066	-0.030964884327848118	-0.006234771593267222	0.011632049877005172	-0.012440138125079346	-0.018964226270077267	-0.009434518921350719	0.0013281498327663524	-0.00581731360466303	-0.010490027120883514	0.03550243025539786	0.000320245127416736	0.0038492561866743033	0.007235202772236609	-0.014307439797982704	-0.001996191991706718	-0.0010308873239674487	-0.00047598499345052854	0.008858714521324427	0.0007336194236772447	0.0011759231636948348	-0.00787645109650062	-0.004045261969869312	0.0039794969679059	0.004353167551758417	0.0025852892289194617	0.0023251090136249286	-0.0011021152364560137	-0.00014260703013887002	-0.0	0.0	-0.0	-0.0	-0.0	-0.0	0.0	-0.0	-0.0	-0.0	-0.0	-0.0	-0.0	0.0	0.0	-0.0	0.0	0.0	-0.0	-0.0	0.0	0.0	-0.0	0.0	-0.0	-0.0	0.0	0.0	0.0	-0.0	-0.0	-0.0	0.0	-0.0	-0.0	-0.0	-0.0	-0.0	-0.0	-0.0	0.0	0.0	0.0	0.0	0.0	0.0	0.0	0.0	0.0	0.0	0.0	0.0	0.0	0.0	0.0	0.0	0.0	0.0	0.0	0.0	0.0	0.0	0.0	0.0	0.0	0.0	0.0	0.0	0.0	0.0	0.0	0.0	0.0	0.0	0.0	0.0	0.0	0.0	0.0	0.0	0.0	0.0	0.0	0.0	0.0	0.0	0.0	0.0	0.0	0.0	0.0	0.0	0.0	0.0	0.0	0.0	0.0	0.0	0.0	0.0	0.0	0.0	0.0	0.0	0.0	0.0	0.0	0.0
S2017t1_E17-T1a-Female	0.26355053867448947	0.019645899664151378	0.3295985598991069	-0.1932876015211358	0.011441617026841768	0.1330569666395065	0.03426396746941662	-0.036792314770887555	-0.0032277413250098494	-0.09431573781415978	-0.09535505682231672	0.018107101621649652	-0.05417675942338037	-0.10478506495459351	-0.02243587540085994	-0.03553530424429031	0.027112252631846273	0.013250025584268488	-0.05696487198118075	-0.035969105798757325	-0.031235524681587738	-0.02536280489230082	-0.022854701282569428	-0.003741489289794121	0.0072688702615548734	-0.025500934200487272	0.016371523172688647	0.00392034599642873	0.026985867649106737	-0.01610473041085143	-0.00012067809762888544	-0.014274080038499743	-0.004683738911453126	-0.003938690291794494	0.010198483184579917	0.012069046605565703	-0.002053049800983453	0.010960697556093867	0.0005478692286914294	-0.0014646818944048636	-0.0051249182430081995	0.00549492965091417	-0.0022234495692068047	0.003651146919375291	-0.0032466831081332547	0.0011701282133827426	-0.0030098060553128175	0.0002751438619573461	3.1867929273199255e-05	-0.0012237772739440084	0.00012419165568964386	-0.0	0.0	0.0	-0.0	-0.0	-0.0	0.0	-0.0	-0.0	-0.0	-0.0	-0.0	-0.0	0.0	0.0	-0.0	0.0	0.0	-0.0	-0.0	0.0	0.0	-0.0	0.0	-0.0	-0.0	0.0	0.0	0.0	-0.0	0.0	0.0	0.0	-0.0	-0.0	-0.0	-0.0	-0.0	-0.0	-0.0	0.0	0.0	0.0	0.0	0.0	0.0	0.0	0.0	0.0	0.0	0.0	0.0	0.0	0.0	0.0	0.0	0.0	0.0	0.0	0.0	0.0	0.0	0.0	0.0	0.0	0.0	0.0	0.0	0.0	0.0	0.0	0.0	0.0	0.0	0.0	0.0	0.0	0.0	0.0	0.0	0.0	0.0	0.0	0.0	0.0	0.0	0.0	0.0	0.0	0.0	0.0	0.0	0.0	0.0	0.0	0.0	0.0	0.0	0.0	0.0	0.0	0.0	0.0	0.0	0.0	0.0	0.0	0.0
S2017t1_E17-T1a-Male	0.5352010281246521	-0.34324966797084344	0.03333363984194481	0.03332551983337525	-0.078786770532879	-0.13356465688571004	0.007859438651676291	-0.003921798085835943	0.016969967104473585	0.026667456545837437	0.017665312371513472	-0.00013803318151485713	0.011060041424993061	0.0156559649035642	-0.005184318977502542	0.0014794563018336378	0.0006695461313818979	-0.006594926283183094	-0.005590284847115065	0.0004932117730132336	0.00621201611341641	-0.0028642514977434493	-0.004793970203237703	0.0002720038359073451	-0.0031070245557518385	-0.005051752900584088	-0.001599495041765843	-0.006112231435480244	-0.0015465942408450265	-0.0043406114741330075	-0.0006430759481442505	0.004088667236373299	-0.00864036678101283	0.0029652129856471377	0.002399233475864517	-0.0010695315329927462	-0.0008283544214474337	-0.0006161646225031803	-0.0005279910253174509	0.00023930214072415452	0.0008809069028088356	-0.001646660331892529	-0.00508542511630311	-0.00020285124271354733	0.0015439029113190018	0.0013468875377515355	0.001449922962922078	-0.0008902902935019905	0.00040139844394056543	0.0001382042804584633	2.8533642029808854e-05	-0.0	-0.0	-0.0	-0.0	0.0	0.0	0.0	-0.0	-0.0	0.0	-0.0	-0.0	0.0	-0.0	0.0	0.0	-0.0	0.0	0.0	-0.0	0.0	0.0	-0.0	0.0	-0.0	0.0	-0.0	0.0	0.0	-0.0	0.0	-0.0	0.0	0.0	-0.0	-0.0	0.0	-0.0	-0.0	-0.0	0.0	0.0	0.0	0.0	0.0	0.0	0.0	0.0	0.0	0.0	0.0	0.0	0.0	0.0	0.0	0.0	0.0	0.0	0.0	0.0	0.0	0.0	0.0	0.0	0.0	0.0	0.0	0.0	0.0	0.0	0.0	0.0	0.0	0.0	0.0	0.0	0.0	0.0	0.0	0.0	0.0	0.0	0.0	0.0	0.0	0.0	0.0	0.0	0.0	0.0	0.0	0.0	0.0	0.0	0.0	0.0	0.0	0.0	0.0	0.0	0.0	0.0	0.0	0.0	0.0	0.0	0.0	0.0
S2017t1_E17-T1b-Female	0.5352010281246521	-0.34324966797084344	0.03333363984194481	0.03332551983337525	-0.078786770532879	-0.13356465688571004	0.007859438651676305	-0.003921798085835915	0.0169699671044737	0.026667456545837447	0.01766531237151346	-0.00013803318151486073	0.011060041424993134	0.01565596490356415	-0.0051843189775025115	0.0014794563018335168	0.0006695461313818887	-0.006594926283182948	-0.005590284847115004	0.0004932117730133814	0.006212016113416341	-0.002864251497743136	-0.0047939702032376245	0.0002720038359073218	-0.003107024555751842	-0.005051752900584164	-0.0015994950417659317	-0.0061122314354806724	-0.001546594240844956	-0.004340611474132797	-0.0006430759481441375	0.004088667236373674	-0.008640366781012843	0.0029652129856472206	0.002399233475864421	-0.001069531532992889	-0.0008283544214475722	-0.0006161646225032448	-0.0005279910253180546	0.00023930214072395825	0.0008809069028093605	-0.0016466603318926187	-0.0050854251163034905	-0.00020285124271356158	0.0015439029113198527	0.0013468875377509986	0.0014499229629212325	-0.0008902902935027631	0.00040139844394178884	0.00013820428045859605	2.8533642026451987e-05	-0.0	0.0	-0.0	-0.0	0.0	-0.0	0.0	-0.0	-0.0	-0.0	-0.0	0.0	-0.0	0.0	0.0	0.0	-0.0	0.0	-0.0	0.0	-0.0	-0.0	-0.0	0.0	-0.0	-0.0	-0.0	0.0	0.0	0.0	-0.0	0.0	-0.0	-0.0	0.0	0.0	0.0	0.0	-0.0	0.0	0.0	0.0	0.0	0.0	0.0	0.0	0.0	0.0	0.0	0.0	0.0	0.0	0.0	0.0	0.0	0.0	0.0	0.0	0.0	0.0	0.0	0.0	0.0	0.0	0.0	0.0	0.0	0.0	0.0	0.0	0.0	0.0	0.0	0.0	0.0	0.0	0.0	0.0	0.0	0.0	0.0	0.0	0.0	0.0	0.0	0.0	0.0	0.0	0.0	0.0	0.0	0.0	0.0	0.0	0.0	0.0	0.0	0.0	0.0	0.0	0.0	0.0	0.0	0.0	0.0	0.0	0.0	0.0
S2017t1_E17-T1b-Male	0.06015081963169885	-0.10690077066676083	0.23579178389763875	-0.1306261219314209	0.046852336660219596	0.18377901099293317	0.03344716005180789	-0.04991536671065115	0.0807873339742889	-0.04212209530793714	-0.050833838669370635	0.08888783220422149	0.035372741777958995	-0.00011190537242261839	-0.015080489681061201	0.0007233390430012812	0.044884212487315306	0.03724829665257382	0.03811544496259286	0.019289190394672875	0.007305885102584366	-0.05516974690462174	0.0018674877281990986	0.048701779391956836	-0.04405705446427318	0.012442131826286399	0.012503194606730958	-0.007577391476886334	-0.01861167276962206	-0.00156273048196496	0.00045485861581786083	0.014062458869110925	-0.019791031448183467	0.01026462002692357	0.0008518585565253632	-0.013947056405737165	0.026551638356046695	-0.0032577229031725877	0.0052739635145930995	-0.0009591840631493198	-0.013438729944345681	-0.00048400210207457517	-0.0036396655927536966	-0.00531998885903482	0.0017840934075248345	0.000709632915720252	0.00013724410185160038	-0.003194902883240817	-0.0018355677937370713	0.0009670828494000734	0.00010652845945914889	-0.0	0.0	0.0	-0.0	-0.0	-0.0	0.0	-0.0	-0.0	-0.0	-0.0	-0.0	-0.0	0.0	0.0	-0.0	0.0	0.0	-0.0	-0.0	0.0	0.0	-0.0	0.0	-0.0	-0.0	0.0	0.0	0.0	-0.0	0.0	0.0	0.0	-0.0	-0.0	-0.0	-0.0	-0.0	-0.0	-0.0	0.0	0.0	0.0	0.0	0.0	0.0	0.0	0.0	0.0	0.0	0.0	0.0	0.0	0.0	0.0	0.0	0.0	0.0	0.0	0.0	0.0	0.0	0.0	0.0	0.0	0.0	0.0	0.0	0.0	0.0	0.0	0.0	0.0	0.0	0.0	0.0	0.0	0.0	0.0	0.0	0.0	0.0	0.0	0.0	0.0	0.0	0.0	0.0	0.0	0.0	0.0	0.0	0.0	0.0	0.0	0.0	0.0	0.0	0.0	0.0	0.0	0.0	0.0	0.0	0.0	0.0	0.0	0.0
S2017t1_E19-T1a-Female	-0.009069244123767852	-0.3527793827611138	0.06430785807282774	-0.025965954583498478	0.028585611957302543	0.0803195382116916	-0.03325432629571136	-0.03852037386532235	0.027643231241721664	0.004379042228482384	-0.01336794611035987	0.06717197754730872	-0.06377510684770617	0.05612625818371175	-0.04154755026888505	0.043878423730590636	-0.025423018766092816	-0.014655474581740357	-0.011799501985068853	-0.0059277747948330555	0.018130262389756197	0.00565211748978059	0.03638803385261196	-0.02182014090418685	0.04283744715207575	-0.03705306489475559	-0.002890836093228836	-0.018852309328880382	0.0022700627324361666	0.0059564347878301145	-0.01910985613121794	-0.008674132356631668	0.00043501680926220085	0.005733177704257984	0.010228384729146535	-0.01921511523141836	-0.00027775254172961725	0.0014727191882662873	-0.0007796588780412522	0.006733704291716012	-0.02192204475162051	-0.016842017331131838	-0.00694357379492441	0.015953659050174596	-0.0021574763274617875	0.0068291340944190175	0.0009311060484233339	0.0064316274394290605	0.0028893904457890462	0.00243606499672133	-0.00038142012524428976	0.0	-0.0	-0.0	0.0	0.0	0.0	-0.0	0.0	0.0	0.0	0.0	-0.0	0.0	-0.0	-0.0	0.0	-0.0	0.0	0.0	0.0	-0.0	-0.0	0.0	-0.0	0.0	0.0	-0.0	-0.0	0.0	0.0	-0.0	-0.0	-0.0	0.0	0.0	0.0	0.0	0.0	0.0	0.0	0.0	0.0	0.0	0.0	0.0	0.0	0.0	0.0	0.0	0.0	0.0	0.0	0.0	0.0	0.0	0.0	0.0	0.0	0.0	0.0	0.0	0.0	0.0	0.0	0.0	0.0	0.0	0.0	0.0	0.0	0.0	0.0	0.0	0.0	0.0	0.0	0.0	0.0	0.0	0.0	0.0	0.0	0.0	0.0	0.0	0.0	0.0	0.0	0.0	0.0	0.0	0.0	0.0	0.0	0.0	0.0	0.0	0.0	0.0	0.0	0.0	0.0	0.0	0.0	0.0	0.0	0.0	0.0
S2017t1_E19-T1a-Male	0.5352010281246521	-0.3432496679708434	0.0333336398419448	0.033325519833375165	-0.078786770532879	-0.13356465688570995	0.007859438651676248	-0.003921798085835766	0.016969967104473717	0.02666745654583747	0.01766531237151342	-0.00013803318151501496	0.011060041424992933	0.015655964903564103	-0.00518431897750254	0.0014794563018335582	0.0006695461313818332	-0.006594926283182921	-0.00559028484711486	0.0004932117730134514	0.006212016113416153	-0.002864251497743147	-0.004793970203237468	0.0002720038359074142	-0.0031070245557516733	-0.0050517529005841165	-0.0015994950417659505	-0.006112231435480472	-0.0015465942408450341	-0.004340611474133119	-0.0006430759481439196	0.004088667236373726	-0.008640366781012527	0.00296521298564636	0.002399233475864876	-0.0010695315329924946	-0.0008283544214476844	-0.0006161646225029909	-0.0005279910253172411	0.0002393021407242351	0.0008809069028093618	-0.0016466603318928607	-0.005085425116304143	-0.00020285124271483853	0.0015439029113192048	0.0013468875377508713	0.0014499229629210196	-0.0008902902935013044	0.0004013984439398241	0.00013820428045622073	2.853364200455742e-05	-0.0	-0.0	-0.0	0.0	-0.0	0.0	-0.0	0.0	0.0	-0.0	0.0	0.0	-0.0	0.0	0.0	0.0	0.0	0.0	0.0	0.0	0.0	0.0	-0.0	-0.0	0.0	0.0	0.0	-0.0	-0.0	-0.0	0.0	0.0	0.0	0.0	0.0	-0.0	0.0	-0.0	-0.0	0.0	0.0	0.0	0.0	0.0	0.0	0.0	0.0	0.0	0.0	0.0	0.0	0.0	0.0	0.0	0.0	0.0	0.0	0.0	0.0	0.0	0.0	0.0	0.0	0.0	0.0	0.0	0.0	0.0	0.0	0.0	0.0	0.0	0.0	0.0	0.0	0.0	0.0	0.0	0.0	0.0	0.0	0.0	0.0	0.0	0.0	0.0	0.0	0.0	0.0	0.0	0.0	0.0	0.0	0.0	0.0	0.0	0.0	0.0	0.0	0.0	0.0	0.0	0.0	0.0	0.0	0.0	0.0	0.0
S2017t1_E19-T1b-Male	0.13529970274504097	-0.3780677562085328	0.05794656054560727	-0.041619732520982416	0.01323140880820756	0.07821733951292485	0.047190259482719224	0.015043621463548193	-0.029655653315354306	0.049408133036860646	0.012809323547577637	0.0878543982073963	-0.01898295551556678	0.012387718222103503	-0.040117504395081285	0.0428889133535703	0.0008371491977391936	0.00016312553893297157	0.033670015526419135	0.004734428373145857	0.0011315108377389933	0.003838176218456868	-0.01912561459954326	0.01461489386732557	-0.042595549585551944	0.051474723736390365	-0.012688817932869589	0.018341306146034395	-0.02716188637186879	-0.030278739154889038	0.017181007356056398	-0.013009370275815113	-0.011173753414619554	-0.02711021779121962	-0.03499361958825266	-0.001521594414589169	0.00031275490378652353	-0.0016338178495550568	0.0033923691261277867	-0.0062179425054517444	-0.004125524923164956	6.038935222900713e-05	-0.0015878771174682605	0.003280900479551305	-0.0024909758954438444	0.005819161490668571	0.0025545148351236117	0.0023855523204732274	0.0038507277831460133	-0.003240826580987285	-0.00015171234597760797	-0.0	0.0	-0.0	-0.0	-0.0	-0.0	0.0	-0.0	0.0	-0.0	-0.0	-0.0	-0.0	0.0	0.0	-0.0	0.0	0.0	-0.0	-0.0	0.0	0.0	-0.0	0.0	0.0	-0.0	0.0	0.0	0.0	-0.0	-0.0	-0.0	0.0	0.0	-0.0	-0.0	-0.0	-0.0	-0.0	-0.0	0.0	0.0	0.0	0.0	0.0	0.0	0.0	0.0	0.0	0.0	0.0	0.0	0.0	0.0	0.0	0.0	0.0	0.0	0.0	0.0	0.0	0.0	0.0	0.0	0.0	0.0	0.0	0.0	0.0	0.0	0.0	0.0	0.0	0.0	0.0	0.0	0.0	0.0	0.0	0.0	0.0	0.0	0.0	0.0	0.0	0.0	0.0	0.0	0.0	0.0	0.0	0.0	0.0	0.0	0.0	0.0	0.0	0.0	0.0	0.0	0.0	0.0	0.0	0.0	0.0	0.0	0.0	0.0
S2017t1_E23-T1a-Female	0.09610619756065503	0.37521473509024694	-0.15770935867581928	-0.4190775139467071	0.07332013670972232	0.12648507264018208	0.13713014798609088	-0.04150502477406448	-0.03258599651507656	-0.027088974419741625	-0.11990339609362399	0.006234684991694166	0.07492642627634356	-0.003477568680131433	0.042057587908549056	-0.030428859793246395	-0.03009994187021746	-0.01582770590271064	-0.03224657330974975	-0.03670960290534648	-0.023316777240725114	0.002123700831881818	0.0018340686254065793	0.014549799464022772	0.04510874590139064	0.01217193557904135	0.005956523929621048	0.018244759433677014	0.008505289236361818	0.0040994836972106305	-0.0006738454308752675	0.005044324690974131	0.003657720998537114	-0.0060218741361616245	-0.01071126116289838	0.0015958638209919397	0.014749349041753063	0.006462806602509345	-0.000744198231986738	-0.0035780419129903722	0.010285235169315059	-0.0056492840023632165	-0.005488785685761804	-0.0025321310634402773	0.0026060277654737433	-8.204267510724909e-05	-0.000990221122246476	-0.00147563535354153	-4.037665127156414e-05	0.0008393236323873995	-5.112250905176875e-05	-0.0	0.0	-0.0	-0.0	-0.0	-0.0	0.0	-0.0	-0.0	-0.0	-0.0	-0.0	-0.0	0.0	0.0	-0.0	0.0	0.0	-0.0	-0.0	0.0	0.0	-0.0	0.0	-0.0	-0.0	0.0	0.0	0.0	-0.0	-0.0	0.0	0.0	-0.0	-0.0	-0.0	-0.0	-0.0	-0.0	-0.0	0.0	0.0	0.0	0.0	0.0	0.0	0.0	0.0	0.0	0.0	0.0	0.0	0.0	0.0	0.0	0.0	0.0	0.0	0.0	0.0	0.0	0.0	0.0	0.0	0.0	0.0	0.0	0.0	0.0	0.0	0.0	0.0	0.0	0.0	0.0	0.0	0.0	0.0	0.0	0.0	0.0	0.0	0.0	0.0	0.0	0.0	0.0	0.0	0.0	0.0	0.0	0.0	0.0	0.0	0.0	0.0	0.0	0.0	0.0	0.0	0.0	0.0	0.0	0.0	0.0	0.0	0.0	0.0
S2017t1_E23-T1b-Female	-0.05088663209344834	0.14883587334225992	-0.4563043849031717	-0.3131589565262076	0.08158001899753003	0.061927265432557214	0.128008877817178	0.07007260561175235	-0.014116411746697049	-6.371886210328096e-05	-0.008874346687584734	0.049752349554610276	-0.021274484849097528	-0.10900308477058071	-0.03659980705246453	-0.012774128915380569	0.03167333983067407	0.004393310955186438	-0.028133564536383947	-0.01368162671608258	0.033992540968963994	-0.00918249468486305	-0.002177291054369863	0.011824858373333875	-0.01930986790543408	-0.016491788486766717	-0.02944194525437229	-0.0015121587247356044	-0.004147240078867528	-0.006437034143745595	-0.022040753730407675	-0.003861045119501298	0.01048808200787188	0.017450729936006548	0.04273579950348393	0.013227562460721166	-0.02000602877486896	0.0036304742533559992	-0.006652018988800108	0.005252124467978164	0.008187507592973018	0.004508141662098872	0.006932774183523143	-0.00417592504268466	-0.001041786102857925	0.003918105755000087	0.002936946810113353	0.0032141990928052856	0.001551227477205777	-0.0012846900437874019	1.8625956591601178e-06	-0.0	0.0	0.0	-0.0	-0.0	-0.0	0.0	-0.0	-0.0	-0.0	-0.0	-0.0	-0.0	0.0	0.0	-0.0	0.0	0.0	-0.0	-0.0	0.0	0.0	-0.0	0.0	-0.0	-0.0	0.0	0.0	0.0	-0.0	-0.0	0.0	0.0	-0.0	-0.0	-0.0	-0.0	-0.0	-0.0	-0.0	0.0	0.0	0.0	0.0	0.0	0.0	0.0	0.0	0.0	0.0	0.0	0.0	0.0	0.0	0.0	0.0	0.0	0.0	0.0	0.0	0.0	0.0	0.0	0.0	0.0	0.0	0.0	0.0	0.0	0.0	0.0	0.0	0.0	0.0	0.0	0.0	0.0	0.0	0.0	0.0	0.0	0.0	0.0	0.0	0.0	0.0	0.0	0.0	0.0	0.0	0.0	0.0	0.0	0.0	0.0	0.0	0.0	0.0	0.0	0.0	0.0	0.0	0.0	0.0	0.0	0.0	0.0	0.0
S2017t1_E23-T1b-Male	0.24259892296752528	0.5346792878197231	0.28462659550945535	-0.2556817726864914	-0.07919036503065575	-0.15140434059027894	-0.0725342389777103	-0.07048002438661712	-0.08086797500030359	-0.05174512204832663	0.17223313200738857	-0.007049861215517258	-0.020230523348648995	-0.011810534134184765	0.016648951867831357	0.03317990964603379	0.03899922174549559	-0.003706827937440292	-0.006152095036003395	0.02430473756062676	-0.020721462875132653	0.014668222691711983	0.008561011451750216	0.05571250970305832	0.00581977489028324	-0.014837505735123508	-0.03629640329316065	-0.0051147178219001915	-0.0015228661598255173	0.01577182480942213	0.00029951385084214365	0.015267011560318908	-0.014654841298257462	0.010543641361376808	-0.007573390383070438	-0.0017298224652638658	0.015002746261748285	0.01377167379866821	-0.002729792772811762	0.0007851848172060008	0.002096075143743938	-0.003526718981321283	0.000313746630397861	-0.002515333298162422	-0.0016473426851837444	0.0011234318314298389	0.0011135674757726326	-0.0007719213005628848	-0.0006350694614260463	0.0015564583313910716	-3.980387441145952e-05	-0.0	0.0	0.0	-0.0	-0.0	-0.0	0.0	-0.0	-0.0	-0.0	-0.0	-0.0	-0.0	0.0	0.0	-0.0	0.0	0.0	-0.0	-0.0	0.0	0.0	-0.0	0.0	-0.0	-0.0	0.0	0.0	0.0	-0.0	-0.0	0.0	0.0	-0.0	-0.0	-0.0	-0.0	-0.0	-0.0	-0.0	0.0	0.0	0.0	0.0	0.0	0.0	0.0	0.0	0.0	0.0	0.0	0.0	0.0	0.0	0.0	0.0	0.0	0.0	0.0	0.0	0.0	0.0	0.0	0.0	0.0	0.0	0.0	0.0	0.0	0.0	0.0	0.0	0.0	0.0	0.0	0.0	0.0	0.0	0.0	0.0	0.0	0.0	0.0	0.0	0.0	0.0	0.0	0.0	0.0	0.0	0.0	0.0	0.0	0.0	0.0	0.0	0.0	0.0	0.0	0.0	0.0	0.0	0.0	0.0	0.0	0.0	0.0	0.0
S2017t1_E30-T1a-Female	0.15816261768274978	0.27473186036362546	-0.5506210487380988	-0.2977528361156008	0.04016398565998856	-0.11092475203029992	0.06978504359016428	0.04913132138312514	0.04672853181293331	-0.017158439788633364	-0.03353322205302294	-0.04039732673711819	0.014111364509233153	-0.02188525816551023	-0.018310439020578963	-0.037910962758337725	0.04953852464570797	-0.07349291918469474	-0.07171323427267659	0.03295638105557487	-0.025193101684303804	-0.009189613097986571	0.07734938869367666	-0.04126017678685136	-0.03198981293405271	0.01901737135873772	0.0022366092152762665	-0.019130491500595457	-0.014049500520071692	0.03440174093890564	0.02260360340230333	-0.001267489195624282	0.0018070436137833802	-0.005832146706239386	-0.012118757993019813	-0.0008213825562143501	0.0023900868709782128	-0.002273895650989016	0.00506497164666593	-0.0009740723393995468	-0.02182622133821931	0.009604436875939884	0.015649849157276775	0.0033804578306014838	-0.0032207299388478257	0.0016699621823929197	-0.0012533556267845397	0.0015860395806914448	8.189401219381006e-05	0.0010031976289383245	-7.573944999421447e-05	-0.0	0.0	-0.0	-0.0	-0.0	-0.0	0.0	-0.0	-0.0	-0.0	-0.0	-0.0	-0.0	0.0	0.0	-0.0	0.0	0.0	-0.0	-0.0	0.0	0.0	-0.0	0.0	-0.0	-0.0	0.0	0.0	0.0	-0.0	-0.0	0.0	0.0	-0.0	-0.0	-0.0	-0.0	-0.0	-0.0	-0.0	0.0	0.0	0.0	0.0	0.0	0.0	0.0	0.0	0.0	0.0	0.0	0.0	0.0	0.0	0.0	0.0	0.0	0.0	0.0	0.0	0.0	0.0	0.0	0.0	0.0	0.0	0.0	0.0	0.0	0.0	0.0	0.0	0.0	0.0	0.0	0.0	0.0	0.0	0.0	0.0	0.0	0.0	0.0	0.0	0.0	0.0	0.0	0.0	0.0	0.0	0.0	0.0	0.0	0.0	0.0	0.0	0.0	0.0	0.0	0.0	0.0	0.0	0.0	0.0	0.0	0.0	0.0	0.0
S2017t1_E30-T1b-Female	0.22873039317577343	0.5159073246453539	0.3800140190323281	-0.2005658818280933	-0.11890175893766462	-0.22071361170820764	-0.013067652540380156	-0.006145086878392968	0.019280704025365986	-0.02244357387030794	0.058736232680205176	0.06860294176571656	-0.02440281660840815	-0.03982157882048448	-0.023333537037325096	-0.011436291549789996	-0.008885923336250599	-0.0424999593161171	0.03375442451959749	-0.013003030374320546	-0.026473417842038185	-0.007674316114328532	0.020544202936849592	0.019800209519177894	0.008226313335795602	-0.008397842633220663	-0.0019354812896752187	-0.014043764191396812	0.004581236599278491	-0.006608397820177804	-0.004627049272330789	-0.003603644743225084	-0.009924668837604782	0.006130153567873176	-0.002945892474196539	0.009007141082734855	0.001574342342627588	-0.00945588382459537	0.000411329084721378	-0.002506201500903452	0.007758550020729485	0.0022219593967610575	0.002273461494123097	0.00601289054973302	0.0005402940289578333	7.769034085418003e-05	-0.0034151823549338507	0.00026363511799327186	-0.0006082764528857256	-0.0005143644127787405	5.565010454413685e-05	-0.0	-0.0	-0.0	-0.0	0.0	-0.0	-0.0	0.0	-0.0	-0.0	-0.0	0.0	-0.0	-0.0	-0.0	-0.0	-0.0	0.0	0.0	-0.0	0.0	-0.0	-0.0	0.0	-0.0	0.0	0.0	0.0	-0.0	-0.0	-0.0	0.0	-0.0	0.0	0.0	0.0	-0.0	-0.0	0.0	-0.0	0.0	0.0	0.0	0.0	0.0	0.0	0.0	0.0	0.0	0.0	0.0	0.0	0.0	0.0	0.0	0.0	0.0	0.0	0.0	0.0	0.0	0.0	0.0	0.0	0.0	0.0	0.0	0.0	0.0	0.0	0.0	0.0	0.0	0.0	0.0	0.0	0.0	0.0	0.0	0.0	0.0	0.0	0.0	0.0	0.0	0.0	0.0	0.0	0.0	0.0	0.0	0.0	0.0	0.0	0.0	0.0	0.0	0.0	0.0	0.0	0.0	0.0	0.0	0.0	0.0	0.0	0.0	0.0
S2017t2_E11-T2a-Male	-0.4314736236625351	-0.08642748874929784	0.00789554997891613	0.003162124786958202	-0.01757143116533193	-0.09446106426662991	0.0093516915233533	-0.014925055920815618	-0.0129020524636271	-0.0037188951075777807	-0.021317973988979003	0.007883150275381556	0.0014342577445925159	-0.010468924088952168	0.0005701498405639255	0.009249112693811372	-0.003667041002893146	0.006635188700088909	-0.0025730218393073484	0.0033038858109623575	-0.0014783097913118916	-0.0005914561199473231	0.001409865501382013	0.0025502579776025217	-0.00014508913865540117	-0.00010307506193643272	-0.0001468469799373451	0.0011902110692697434	-0.0034471637213833155	0.0020999365395621026	-0.0007254688662025234	0.0013958059741400635	-0.0005388953909316239	-0.00012374716167054404	-0.0019543742379227766	-0.0004658201742593661	0.0013230942409530135	0.0003765402036697288	0.0006523121822277192	-0.00048781216585761997	-0.0002723052181643805	0.0012113236978688843	-0.0001603859268159707	0.00036578769645495026	-0.0009719431055050969	0.0003977626271565355	-0.0007762557949187581	-1.9000532078601276e-05	-0.00020872121525141197	0.00027527291336577366	8.054915101843697e-06	-0.0	-0.0	-0.0	0.0	0.0	-0.0	0.0	-0.0	0.0	-0.0	-0.0	-0.0	0.0	0.0	-0.0	-0.0	0.0	0.0	0.0	0.0	-0.0	-0.0	0.0	-0.0	-0.0	0.0	0.0	-0.0	0.0	-0.0	-0.0	0.0	-0.0	0.0	-0.0	-0.0	0.0	0.0	-0.0	0.0	0.0	0.0	0.0	0.0	0.0	0.0	0.0	0.0	0.0	0.0	0.0	0.0	0.0	0.0	0.0	0.0	0.0	0.0	0.0	0.0	0.0	0.0	0.0	0.0	0.0	0.0	0.0	0.0	0.0	0.0	0.0	0.0	0.0	0.0	0.0	0.0	0.0	0.0	0.0	0.0	0.0	0.0	0.0	0.0	0.0	0.0	0.0	0.0	0.0	0.0	0.0	0.0	0.0	0.0	0.0	0.0	0.0	0.0	0.0	0.0	0.0	0.0	0.0	0.0	0.0	0.0	0.0	0.0
S2017t2_E11-T2b-Female	-0.12039358121912579	-0.30847450487058586	0.06428745286262787	-0.004017277935459226	0.0375228564632889	0.05336747065890614	-0.09092089614299813	-0.07069304772978778	0.07132432983461351	-0.04204759416918331	-0.05345155985750935	0.025053341127024203	-0.04397590996165097	0.004000205123393701	0.005069746336257478	-0.026867624163375656	0.05171917190692949	0.0046587659338982014	-0.0042764373483169795	-0.01446120938802134	-0.01868479438262848	-0.05452004326383499	0.002032356620829188	0.000310260479940582	0.018995564740649208	-0.05091163378968963	-0.013169740270704012	0.013822929950075044	-0.013860879671251543	-0.0030722390829371693	-0.0014636568172405901	-0.016804313513272023	0.0006797530344852649	0.008219570592207901	-0.02022790620283484	0.018089131538549352	0.013771656327072057	-0.013337507158872448	-0.010410238822858154	0.03009355528023569	-0.013245156579458947	0.005150445233133759	0.013415900461052828	-0.0038284046232448777	-0.0025110433190037407	-0.008045783526181733	-0.011380080055049297	-0.0022132171308491258	0.0015374859887730353	-0.000752023783671503	0.00012552260890291307	-0.0	0.0	0.0	-0.0	-0.0	-0.0	0.0	-0.0	-0.0	-0.0	-0.0	-0.0	-0.0	0.0	0.0	-0.0	0.0	0.0	-0.0	-0.0	0.0	0.0	-0.0	0.0	-0.0	-0.0	0.0	0.0	0.0	-0.0	-0.0	0.0	0.0	-0.0	-0.0	-0.0	-0.0	-0.0	-0.0	-0.0	0.0	0.0	0.0	0.0	0.0	0.0	0.0	0.0	0.0	0.0	0.0	0.0	0.0	0.0	0.0	0.0	0.0	0.0	0.0	0.0	0.0	0.0	0.0	0.0	0.0	0.0	0.0	0.0	0.0	0.0	0.0	0.0	0.0	0.0	0.0	0.0	0.0	0.0	0.0	0.0	0.0	0.0	0.0	0.0	0.0	0.0	0.0	0.0	0.0	0.0	0.0	0.0	0.0	0.0	0.0	0.0	0.0	0.0	0.0	0.0	0.0	0.0	0.0	0.0	0.0	0.0	0.0	0.0
S2017t2_E11-T2b-Male	-0.4314736236625351	-0.08642748874929784	0.00789554997891613	0.003162124786958202	-0.01757143116533193	-0.09446106426662988	0.009351691523353314	-0.014925055920815602	-0.012902052463627103	-0.003718895107577811	-0.021317973988978983	0.007883150275381603	0.001434257744592569	-0.01046892408895215	0.0005701498405638976	0.009249112693811406	-0.0036670410028930905	0.006635188700088911	-0.002573021839307289	0.003303885810962458	-0.0014783097913117994	-0.0005914561199472645	0.001409865501381955	0.0025502579776024445	-0.00014508913865519946	-0.00010307506193629645	-0.0001468469799374504	0.0011902110692698221	-0.0034471637213832115	0.0020999365395620445	-0.0007254688662026389	0.0013958059741399828	-0.0005388953909315286	-0.00012374716167085317	-0.0019543742379228234	-0.00046582017425918356	0.0013230942409527084	0.0003765402036695775	0.0006523121822273436	-0.000487812165857601	-0.0002723052181642104	0.0012113236978693368	-0.00016038592681575357	0.00036578769645546357	-0.0009719431055053517	0.0003977626271563148	-0.0007762557949194056	-1.900053208000434e-05	-0.00020872121525079807	0.0002752729133634491	8.054915121537745e-06	0.0	0.0	0.0	0.0	0.0	-0.0	-0.0	0.0	0.0	-0.0	-0.0	0.0	-0.0	-0.0	-0.0	0.0	0.0	0.0	-0.0	-0.0	-0.0	-0.0	0.0	0.0	-0.0	-0.0	0.0	-0.0	0.0	-0.0	0.0	-0.0	0.0	-0.0	-0.0	-0.0	-0.0	-0.0	0.0	-0.0	0.0	0.0	0.0	0.0	0.0	0.0	0.0	0.0	0.0	0.0	0.0	0.0	0.0	0.0	0.0	0.0	0.0	0.0	0.0	0.0	0.0	0.0	0.0	0.0	0.0	0.0	0.0	0.0	0.0	0.0	0.0	0.0	0.0	0.0	0.0	0.0	0.0	0.0	0.0	0.0	0.0	0.0	0.0	0.0	0.0	0.0	0.0	0.0	0.0	0.0	0.0	0.0	0.0	0.0	0.0	0.0	0.0	0.0	0.0	0.0	0.0	0.0	0.0	0.0	0.0	0.0	0.0	0.0
S2017t2_E13-T2a-Female	0.20401119379937802	0.30722132282106157	-0.5693554570567007	-0.28622419353449297	0.029036796925901498	-0.1678570938688693	0.02340720638306101	0.015830132795210956	0.09112982421314815	0.028498314021983363	-0.004331669137564557	-0.017105186938641367	0.005233072027281271	0.0011715607405183366	-0.01272465107672676	-0.0024039513467489	0.03518916912760945	0.006290124951319606	-0.014688484735758258	0.003712780437314007	0.030351603930722677	0.004382451608584449	0.024977509824041802	-9.585611826013831e-05	-0.023077984959061423	-0.019319704570363493	-0.019681150086399354	0.047264904240819715	0.04408006704641729	-0.0794875126504796	-0.07945645509668221	0.0918838483078021	0.029973126401001773	-0.0009214296548434754	-0.019304464671320323	0.009810801414765124	-0.000705433698181729	-0.009430730450877101	0.0031300247588432616	-0.0025309449439790375	-0.004974927759385316	-0.0028732260002522227	0.0014566321722669945	0.002764770559470705	-0.0006432986770192492	0.000667462664066589	-0.0006907696577365412	0.0004914812768192913	0.0007179202269854325	-0.0005275151835343943	-7.730291508795994e-05	-0.0	0.0	-0.0	-0.0	-0.0	-0.0	0.0	-0.0	-0.0	-0.0	-0.0	-0.0	-0.0	0.0	0.0	-0.0	0.0	0.0	-0.0	-0.0	0.0	0.0	-0.0	0.0	-0.0	-0.0	0.0	0.0	0.0	-0.0	-0.0	0.0	0.0	-0.0	-0.0	-0.0	-0.0	-0.0	-0.0	-0.0	0.0	0.0	0.0	0.0	0.0	0.0	0.0	0.0	0.0	0.0	0.0	0.0	0.0	0.0	0.0	0.0	0.0	0.0	0.0	0.0	0.0	0.0	0.0	0.0	0.0	0.0	0.0	0.0	0.0	0.0	0.0	0.0	0.0	0.0	0.0	0.0	0.0	0.0	0.0	0.0	0.0	0.0	0.0	0.0	0.0	0.0	0.0	0.0	0.0	0.0	0.0	0.0	0.0	0.0	0.0	0.0	0.0	0.0	0.0	0.0	0.0	0.0	0.0	0.0	0.0	0.0	0.0	0.0
S2017t2_E13-T2b-Female	-0.16484712898529397	-0.28504494812301245	0.05956058889653264	0.003177753059726845	0.03770140600324867	0.038525296223472616	-0.103234427554615	-0.07048345100387994	0.08108674413849809	-0.054231065680530176	-0.054427173579062745	0.0008068261489303823	-0.018693337174045598	-0.015978796518780564	0.025961856271852803	-0.039061606662779656	0.054925349627679074	-0.00829484363155531	0.0059599558888023315	-0.009418975370984642	-0.013764153608937686	-0.030194922836996547	0.006088894016684705	0.002261658565391448	0.010729267265043342	-0.010318436118554711	-0.010263284452875592	-0.0036404555596493524	-0.009621308723900891	0.008807390401171759	0.0075736914100045	0.013403552346564422	0.016043955754859195	0.006079123345105808	-0.009258034249345199	0.009414541464782773	-0.020078996537702863	0.022777879705935148	0.009645504606473615	-0.02358351121542943	0.007214462444253461	0.014488515376793498	-0.014442372758068861	0.005653458587095139	0.005345612036978417	-0.003996575683674305	0.017161628704472385	-0.005339201245263258	-0.004235854641082043	-0.006690461292910483	-0.00020208849469644866	-0.0	0.0	-0.0	-0.0	-0.0	-0.0	0.0	-0.0	-0.0	-0.0	-0.0	-0.0	-0.0	0.0	0.0	-0.0	0.0	0.0	-0.0	-0.0	0.0	0.0	-0.0	0.0	-0.0	-0.0	0.0	0.0	0.0	-0.0	-0.0	0.0	0.0	-0.0	0.0	-0.0	-0.0	-0.0	-0.0	-0.0	0.0	0.0	0.0	0.0	0.0	0.0	0.0	0.0	0.0	0.0	0.0	0.0	0.0	0.0	0.0	0.0	0.0	0.0	0.0	0.0	0.0	0.0	0.0	0.0	0.0	0.0	0.0	0.0	0.0	0.0	0.0	0.0	0.0	0.0	0.0	0.0	0.0	0.0	0.0	0.0	0.0	0.0	0.0	0.0	0.0	0.0	0.0	0.0	0.0	0.0	0.0	0.0	0.0	0.0	0.0	0.0	0.0	0.0	0.0	0.0	0.0	0.0	0.0	0.0	0.0	0.0	0.0	0.0
S2017t2_E14-T2a-Female	0.5352010281246521	-0.3432496679708434	0.0333336398419448	0.03332551983337519	-0.078786770532879	-0.13356465688570993	0.007859438651676222	-0.003921798085835763	0.01696996710447376	0.026667456545837406	0.017665312371513406	-0.00013803318151495877	0.011060041424993084	0.015655964903563947	-0.00518431897750254	0.001479456301833602	0.0006695461313817526	-0.006594926283182893	-0.005590284847114819	0.0004932117730133632	0.006212016113416274	-0.0028642514977432957	-0.004793970203237436	0.0002720038359072911	-0.003107024555751482	-0.005051752900584259	-0.0015994950417661416	-0.006112231435480925	-0.0015465942408450356	-0.004340611474132927	-0.0006430759481439277	0.004088667236373823	-0.008640366781012624	0.0029652129856467205	0.0023992334758647705	-0.0010695315329924554	-0.0008283544214477774	-0.0006161646225036437	-0.0005279910253174637	0.00023930214072445208	0.0008809069028097103	-0.001646660331892483	-0.005085425116303322	-0.0002028512427143058	0.001543902911319177	0.0013468875377511621	0.0014499229629219657	-0.0008902902935009399	0.0004013984439411558	0.00013820428045604622	2.8533642014231064e-05	-0.0	0.0	-0.0	0.0	0.0	0.0	0.0	-0.0	-0.0	-0.0	0.0	-0.0	0.0	-0.0	0.0	-0.0	0.0	0.0	0.0	-0.0	-0.0	0.0	-0.0	0.0	0.0	-0.0	0.0	-0.0	-0.0	0.0	-0.0	-0.0	-0.0	-0.0	0.0	0.0	-0.0	-0.0	0.0	-0.0	0.0	0.0	0.0	0.0	0.0	0.0	0.0	0.0	0.0	0.0	0.0	0.0	0.0	0.0	0.0	0.0	0.0	0.0	0.0	0.0	0.0	0.0	0.0	0.0	0.0	0.0	0.0	0.0	0.0	0.0	0.0	0.0	0.0	0.0	0.0	0.0	0.0	0.0	0.0	0.0	0.0	0.0	0.0	0.0	0.0	0.0	0.0	0.0	0.0	0.0	0.0	0.0	0.0	0.0	0.0	0.0	0.0	0.0	0.0	0.0	0.0	0.0	0.0	0.0	0.0	0.0	0.0	0.0
S2017t2_E14-T2a-Male	-0.43147362366253506	-0.08642748874929781	0.007895549978916139	0.003162124786958187	-0.017571431165331955	-0.09446106426662988	0.009351691523353283	-0.014925055920815628	-0.012902052463627077	-0.0037188951075777144	-0.021317973988978983	0.00788315027538163	0.0014342577445925373	-0.010468924088952112	0.0005701498405640071	0.009249112693811392	-0.0036670410028930723	0.006635188700088979	-0.002573021839307492	0.0033038858109623683	-0.0014783097913118072	-0.0005914561199471633	0.001409865501381941	0.002550257977602279	-0.00014508913865515893	-0.00010307506193635391	-0.00014684697993745346	0.0011902110692697595	-0.003447163721383478	0.002099936539562	-0.0007254688662020488	0.0013958059741404	-0.0005388953909313072	-0.00012374716167065118	-0.0019543742379228395	-0.00046582017425932885	0.0013230942409523925	0.00037654020366963896	0.0006523121822271021	-0.0004878121658576752	-0.0002723052181646689	0.0012113236978684512	-0.0001603859268166042	0.00036578769645466744	-0.0009719431055059995	0.0003977626271559883	-0.0007762557949195287	-1.9000532079905195e-05	-0.0002087212152512773	0.00027527291336499325	8.054915113356631e-06	-0.0	-0.0	0.0	0.0	-0.0	-0.0	-0.0	0.0	-0.0	0.0	-0.0	-0.0	-0.0	-0.0	-0.0	-0.0	0.0	0.0	-0.0	-0.0	0.0	0.0	0.0	-0.0	0.0	0.0	0.0	-0.0	0.0	0.0	-0.0	0.0	-0.0	0.0	0.0	0.0	0.0	-0.0	-0.0	-0.0	0.0	0.0	0.0	0.0	0.0	0.0	0.0	0.0	0.0	0.0	0.0	0.0	0.0	0.0	0.0	0.0	0.0	0.0	0.0	0.0	0.0	0.0	0.0	0.0	0.0	0.0	0.0	0.0	0.0	0.0	0.0	0.0	0.0	0.0	0.0	0.0	0.0	0.0	0.0	0.0	0.0	0.0	0.0	0.0	0.0	0.0	0.0	0.0	0.0	0.0	0.0	0.0	0.0	0.0	0.0	0.0	0.0	0.0	0.0	0.0	0.0	0.0	0.0	0.0	0.0	0.0	0.0	0.0
S2017t2_E14-T2b-Female	0.5352010281246521	-0.34324966797084344	0.03333363984194486	0.03332551983337512	-0.078786770532879	-0.13356465688571	0.00785943865167626	-0.0039217980858359	0.016969967104473602	0.026667456545837423	0.017665312371513406	-0.0001380331815148117	0.011060041424993138	0.015655964903564114	-0.005184318977502616	0.0014794563018335164	0.0006695461313817997	-0.0065949262831827065	-0.005590284847114935	0.0004932117730134547	0.0062120161134161574	-0.0028642514977431713	-0.004793970203237481	0.0002720038359073836	-0.003107024555752017	-0.005051752900583808	-0.001599495041766114	-0.006112231435480439	-0.0015465942408450497	-0.004340611474132843	-0.0006430759481438438	0.004088667236374031	-0.008640366781012605	0.0029652129856470263	0.002399233475864911	-0.001069531532992948	-0.0008283544214481771	-0.0006161646225025452	-0.0005279910253176517	0.00023930214072473546	0.000880906902809351	-0.0016466603318926382	-0.005085425116304169	-0.00020285124271393962	0.0015439029113193375	0.0013468875377510067	0.0014499229629205044	-0.00089029029350122	0.00040139844394152056	0.00013820428045661876	2.8533642020188108e-05	-0.0	-0.0	-0.0	0.0	-0.0	-0.0	0.0	-0.0	-0.0	0.0	0.0	0.0	0.0	0.0	0.0	-0.0	-0.0	0.0	0.0	0.0	0.0	0.0	0.0	0.0	-0.0	-0.0	-0.0	0.0	-0.0	0.0	-0.0	-0.0	0.0	-0.0	0.0	0.0	-0.0	-0.0	0.0	0.0	0.0	0.0	0.0	0.0	0.0	0.0	0.0	0.0	0.0	0.0	0.0	0.0	0.0	0.0	0.0	0.0	0.0	0.0	0.0	0.0	0.0	0.0	0.0	0.0	0.0	0.0	0.0	0.0	0.0	0.0	0.0	0.0	0.0	0.0	0.0	0.0	0.0	0.0	0.0	0.0	0.0	0.0	0.0	0.0	0.0	0.0	0.0	0.0	0.0	0.0	0.0	0.0	0.0	0.0	0.0	0.0	0.0	0.0	0.0	0.0	0.0	0.0	0.0	0.0	0.0	0.0	0.0	0.0
S2017t2_E14-T2b-Male	-0.43147362366253506	-0.08642748874929783	0.00789554997891613	0.0031621247869581984	-0.01757143116533194	-0.09446106426662987	0.009351691523353297	-0.014925055920815632	-0.012902052463627103	-0.0037188951075777478	-0.021317973988979038	0.007883150275381594	0.0014342577445925148	-0.010468924088952065	0.0005701498405639738	0.00924911269381139	-0.003667041002893042	0.006635188700089067	-0.002573021839307379	0.0033038858109624234	-0.001478309791311864	-0.0005914561199471892	0.0014098655013820298	0.0025502579776022845	-0.00014508913865522098	-0.00010307506193653983	-0.00014684697993743215	0.0011902110692698664	-0.003447163721383411	0.002099936539562043	-0.0007254688662022751	0.0013958059741402563	-0.0005388953909312732	-0.00012374716167082832	-0.0019543742379226374	-0.0004658201742591116	0.0013230942409525842	0.00037654020366970433	0.0006523121822271094	-0.0004878121658573818	-0.00027230521816435266	0.001211323697868719	-0.00016038592681686008	0.00036578769645508307	-0.0009719431055061358	0.00039776262715625647	-0.0007762557949188118	-1.9000532079829582e-05	-0.00020872121524980868	0.00027527291336555985	8.054915168734119e-06	0.0	-0.0	-0.0	-0.0	-0.0	0.0	-0.0	0.0	0.0	0.0	-0.0	0.0	-0.0	-0.0	-0.0	-0.0	0.0	0.0	0.0	-0.0	-0.0	0.0	0.0	0.0	-0.0	-0.0	0.0	-0.0	-0.0	0.0	-0.0	0.0	-0.0	-0.0	-0.0	0.0	0.0	-0.0	-0.0	-0.0	0.0	0.0	0.0	0.0	0.0	0.0	0.0	0.0	0.0	0.0	0.0	0.0	0.0	0.0	0.0	0.0	0.0	0.0	0.0	0.0	0.0	0.0	0.0	0.0	0.0	0.0	0.0	0.0	0.0	0.0	0.0	0.0	0.0	0.0	0.0	0.0	0.0	0.0	0.0	0.0	0.0	0.0	0.0	0.0	0.0	0.0	0.0	0.0	0.0	0.0	0.0	0.0	0.0	0.0	0.0	0.0	0.0	0.0	0.0	0.0	0.0	0.0	0.0	0.0	0.0	0.0	0.0	0.0
S2017t2_E16-T2a-Female	0.32697098194203483	-0.19490360214253594	0.18562031628575779	-0.10592479643158921	-0.010299635622519534	0.1473882919875008	0.13261875333817968	-0.009315630775638753	-0.008874698014351402	-0.0006008597773930367	-0.09298898921114311	-0.10163942760129045	0.046061747653480214	-0.021536846379948123	0.004411836239577109	-0.019340341089416513	-0.03614174566493228	0.03327616600723318	0.05645372672672516	0.071239371658394	-0.003238289618565551	0.05965511215210094	0.05551451593349596	0.0240401333484213	0.02208057707636516	-0.03985748138632445	-0.006170441421006522	-0.021482609823474233	-0.031101763131650473	-0.002256605607781815	-0.012792594015554134	0.00892889851313646	0.0057208006420750804	-0.017252969700821758	0.0104923395199908	0.00045819081168851873	0.004052264246467899	-0.0018914898249403611	-0.0037794638108535152	0.007864366494384068	0.008384932583425157	-0.0010948042754129537	-0.005793943784352033	0.003425384884154811	0.001118421074447181	-0.006700220202621411	-0.0017983282519728717	0.004856640002807805	0.0007064674739882232	-0.0019444397975841412	-0.00014055367915813608	-0.0	0.0	-0.0	-0.0	-0.0	-0.0	0.0	-0.0	0.0	-0.0	-0.0	-0.0	-0.0	0.0	0.0	-0.0	0.0	0.0	-0.0	-0.0	0.0	0.0	-0.0	0.0	0.0	-0.0	0.0	0.0	0.0	-0.0	-0.0	-0.0	0.0	-0.0	-0.0	-0.0	-0.0	-0.0	-0.0	-0.0	0.0	0.0	0.0	0.0	0.0	0.0	0.0	0.0	0.0	0.0	0.0	0.0	0.0	0.0	0.0	0.0	0.0	0.0	0.0	0.0	0.0	0.0	0.0	0.0	0.0	0.0	0.0	0.0	0.0	0.0	0.0	0.0	0.0	0.0	0.0	0.0	0.0	0.0	0.0	0.0	0.0	0.0	0.0	0.0	0.0	0.0	0.0	0.0	0.0	0.0	0.0	0.0	0.0	0.0	0.0	0.0	0.0	0.0	0.0	0.0	0.0	0.0	0.0	0.0	0.0	0.0	0.0	0.0
S2017t2_E16-T2a-Male	0.3635495194710446	-0.27030292704984304	-0.09474410025636866	-0.11682600288769066	0.01550499519068084	0.09532554912262847	0.035722436567546936	-0.0452374052328625	-0.12146645212927798	-0.05188115836682097	0.02217421784619884	-0.12483933898211978	-0.015361230667956765	-0.050851113464278674	0.02858207561021061	0.030130492776092695	0.012697967642667639	0.001095369244142154	0.023743655551226244	0.0007655956913094976	0.014900974794302621	6.737166973940856e-05	0.03704775867922291	0.0019355267699415857	0.03395010759967	0.004990968748163472	0.012049645466740064	-0.001003358424925706	0.0025752644982738092	-0.023727504501850474	0.014370442211796291	-0.014001729670744097	-0.004924722244590928	0.002619342313651248	-0.030438647404408548	0.005252989972333176	0.005820174351697706	-0.00832282570259208	0.00381269838678029	-0.009772038645777172	-0.01074202301422742	-0.0016621472946622337	0.01405325654360614	0.0070157211898078334	-0.00019229360056492224	0.0030261332914923098	0.0041026796225782595	-0.0014169838202882574	0.0033695540708585615	-0.0004625983771859623	8.745827373601186e-05	-0.0	0.0	0.0	-0.0	-0.0	-0.0	0.0	-0.0	-0.0	-0.0	-0.0	-0.0	-0.0	0.0	0.0	-0.0	0.0	0.0	-0.0	-0.0	0.0	0.0	-0.0	0.0	-0.0	-0.0	0.0	0.0	0.0	-0.0	-0.0	0.0	0.0	-0.0	-0.0	-0.0	-0.0	-0.0	-0.0	-0.0	0.0	0.0	0.0	0.0	0.0	0.0	0.0	0.0	0.0	0.0	0.0	0.0	0.0	0.0	0.0	0.0	0.0	0.0	0.0	0.0	0.0	0.0	0.0	0.0	0.0	0.0	0.0	0.0	0.0	0.0	0.0	0.0	0.0	0.0	0.0	0.0	0.0	0.0	0.0	0.0	0.0	0.0	0.0	0.0	0.0	0.0	0.0	0.0	0.0	0.0	0.0	0.0	0.0	0.0	0.0	0.0	0.0	0.0	0.0	0.0	0.0	0.0	0.0	0.0	0.0	0.0	0.0	0.0
S2017t2_E16-T2b-Female	0.3157560944821945	-0.33395742425000463	0.046141987957999474	0.01892452903601316	0.023201521181187505	0.05192299390924932	0.034285927450250955	0.10251277463400456	-0.10425275195356237	0.019923451134396516	-0.025125506782068964	0.04545613510297868	0.0009340128995289138	-0.03525257809866696	0.038483534954464146	-0.07139951395037558	-0.07412467201030083	-0.0032200399621424903	-0.018543790401391657	-0.02754019107269275	0.03242093524603743	-0.03370649392294093	-0.020682366511886787	-0.03445657604837772	-0.003934643641081853	-0.003282517439340253	0.008198878116188904	0.02336352362319591	-0.009797878924707596	-0.0014149850072643592	0.00453479726157545	-0.0016284493919165774	-0.0034093274953128725	-0.0023661054034887267	-0.003289548830390067	0.016957158641849136	0.010953142093864582	0.023929350707056565	0.0003363761352263944	-0.0021394256455389577	-0.009284368007551407	-0.001145874201101015	-0.008965264028186854	-0.001312120851742407	0.001270286389692009	0.0025137697089644283	0.002197925974524224	0.00150966873688195	0.001728931475482762	-0.0003273044271255021	-0.00021775125956304662	-0.0	0.0	-0.0	-0.0	-0.0	-0.0	0.0	-0.0	-0.0	-0.0	-0.0	-0.0	-0.0	0.0	0.0	-0.0	0.0	0.0	-0.0	-0.0	0.0	0.0	-0.0	0.0	0.0	-0.0	0.0	0.0	0.0	-0.0	-0.0	0.0	-0.0	-0.0	0.0	-0.0	-0.0	-0.0	-0.0	-0.0	0.0	0.0	0.0	0.0	0.0	0.0	0.0	0.0	0.0	0.0	0.0	0.0	0.0	0.0	0.0	0.0	0.0	0.0	0.0	0.0	0.0	0.0	0.0	0.0	0.0	0.0	0.0	0.0	0.0	0.0	0.0	0.0	0.0	0.0	0.0	0.0	0.0	0.0	0.0	0.0	0.0	0.0	0.0	0.0	0.0	0.0	0.0	0.0	0.0	0.0	0.0	0.0	0.0	0.0	0.0	0.0	0.0	0.0	0.0	0.0	0.0	0.0	0.0	0.0	0.0	0.0	0.0	0.0
S2017t2_E16-T2b-Male	0.22058087128514545	-0.2572673304119204	-0.03990014786136019	-0.054760562360597384	0.07590115432906384	0.1604078850217232	-0.02201494671082499	0.04011703043234639	-0.11662220569227844	0.0035110209542121825	0.04380675696252916	-0.03234951958683355	-0.043356733978376895	-0.019494352763141164	0.023967513611671917	-0.014282400892731016	-0.009236810986734274	0.10726662705392219	-0.029893770695880503	-0.01707803211579653	0.03765323505338466	-0.006621134296529698	0.020519958513051228	0.030482874785706635	-0.02082102734522442	-0.0037720140745947177	-0.047660001108569765	-0.04113890376084373	-0.001761280751833365	0.020923417105280798	-0.01222959428105129	0.008201792300973723	0.0058070805493524655	0.025149298860406448	0.01698253991474522	0.00011135976452002297	-0.00810684301046384	0.005248135656582606	-0.005514099065580346	0.002347981682814078	0.005755320563611694	0.0022835645927412503	0.009870985268839396	-0.009134212879367424	0.0013155495635718462	0.012104539812813852	0.004622935046331343	-0.002669363917466869	0.00299843657763272	-0.0005202772364175233	1.2561809770469724e-05	-0.0	0.0	0.0	-0.0	-0.0	-0.0	0.0	-0.0	-0.0	-0.0	-0.0	-0.0	-0.0	0.0	0.0	-0.0	0.0	0.0	-0.0	-0.0	0.0	0.0	-0.0	0.0	-0.0	-0.0	0.0	0.0	0.0	-0.0	0.0	-0.0	0.0	0.0	-0.0	-0.0	-0.0	-0.0	-0.0	-0.0	0.0	0.0	0.0	0.0	0.0	0.0	0.0	0.0	0.0	0.0	0.0	0.0	0.0	0.0	0.0	0.0	0.0	0.0	0.0	0.0	0.0	0.0	0.0	0.0	0.0	0.0	0.0	0.0	0.0	0.0	0.0	0.0	0.0	0.0	0.0	0.0	0.0	0.0	0.0	0.0	0.0	0.0	0.0	0.0	0.0	0.0	0.0	0.0	0.0	0.0	0.0	0.0	0.0	0.0	0.0	0.0	0.0	0.0	0.0	0.0	0.0	0.0	0.0	0.0	0.0	0.0	0.0	0.0
S2017t2_E17-T2a-Female	0.1771634719134453	-0.3087174489022377	-0.037799511304803406	-0.1044025750050354	0.039693911687443253	0.13224806570576453	0.018202806334195597	-0.03451076137054938	-0.08840533907837647	-0.006461017023414996	0.08429574257408982	0.024329738781036746	-0.0026348138953003948	-0.01365337743517096	0.010904175910304868	0.05084858624265573	0.057510155456315895	0.04841181790314894	-0.02345201311105402	-0.017984738160435488	0.00396898249886248	0.01969407605794412	-0.010618274117598747	0.03689342245783376	-0.039640349092804734	0.001872925069714694	-0.024557645892271582	-0.014088447857824786	-0.009651047024815774	0.02615388726670084	-0.019205564454763735	0.0037488772410091374	-0.00035101067825085225	-0.002439962934525676	0.0007708335625541904	-0.008759361677486342	0.004353639286395029	-0.005678576838707647	0.0015910088866620184	0.006997461585349127	0.0025552913546777896	0.0038307988286021256	-0.01773597681087458	0.014858415601461566	0.003406144083477515	-0.010696755481441063	-0.005071042966776485	0.0033216251048819264	-0.004512468949412092	0.0011861518851986061	-0.00011408408779221087	-0.0	0.0	-0.0	-0.0	-0.0	-0.0	0.0	-0.0	-0.0	-0.0	-0.0	-0.0	-0.0	0.0	0.0	-0.0	0.0	0.0	0.0	-0.0	0.0	0.0	-0.0	0.0	-0.0	-0.0	0.0	0.0	0.0	-0.0	-0.0	0.0	0.0	-0.0	-0.0	-0.0	-0.0	-0.0	-0.0	-0.0	0.0	0.0	0.0	0.0	0.0	0.0	0.0	0.0	0.0	0.0	0.0	0.0	0.0	0.0	0.0	0.0	0.0	0.0	0.0	0.0	0.0	0.0	0.0	0.0	0.0	0.0	0.0	0.0	0.0	0.0	0.0	0.0	0.0	0.0	0.0	0.0	0.0	0.0	0.0	0.0	0.0	0.0	0.0	0.0	0.0	0.0	0.0	0.0	0.0	0.0	0.0	0.0	0.0	0.0	0.0	0.0	0.0	0.0	0.0	0.0	0.0	0.0	0.0	0.0	0.0	0.0	0.0	0.0
S2017t2_E17-T2b-Female	-0.23145277537675676	-0.243865261312197	0.04923632163572988	0.009261730180833226	0.03432637767202428	0.008729902579859746	-0.1073143890083638	-0.06427880716125274	0.07403802264778513	-0.06599589538992102	-0.044774707875413426	-0.01896286320989328	0.020906829391054826	-0.0485031739930776	0.030412162008274898	-0.0266398464392561	0.024599094370288326	-0.008867133127311827	0.01348875988516235	-0.0076095437786827865	0.0036187486163296633	0.03736320243680213	-0.007446146234052177	-0.0034469215936411522	-0.011709968709865322	0.041239171612969625	0.001876180107768433	-0.00692400975079758	0.013354434136778797	-0.010353651720672104	-0.0024672508063431557	-0.0018812467634552223	-0.007773796723119137	-0.014976176230077144	0.0250230899579342	-0.011836491066393992	0.003389581811445137	-0.004890495858560685	-0.00509009335171851	0.0034982966823998212	0.006520313547650813	-0.006189499516940561	0.010298377504500807	0.0044322380910020096	0.0004500029608533759	0.00992614270253836	-0.004944729820964457	-0.020980386668555746	-0.0007632701107353333	0.0010801263542489184	-0.00034771323097568143	0.0	-0.0	-0.0	0.0	0.0	0.0	-0.0	0.0	0.0	0.0	0.0	-0.0	0.0	-0.0	-0.0	0.0	-0.0	0.0	0.0	0.0	-0.0	-0.0	0.0	-0.0	0.0	0.0	-0.0	-0.0	0.0	0.0	-0.0	-0.0	-0.0	0.0	0.0	0.0	0.0	0.0	0.0	0.0	0.0	0.0	0.0	0.0	0.0	0.0	0.0	0.0	0.0	0.0	0.0	0.0	0.0	0.0	0.0	0.0	0.0	0.0	0.0	0.0	0.0	0.0	0.0	0.0	0.0	0.0	0.0	0.0	0.0	0.0	0.0	0.0	0.0	0.0	0.0	0.0	0.0	0.0	0.0	0.0	0.0	0.0	0.0	0.0	0.0	0.0	0.0	0.0	0.0	0.0	0.0	0.0	0.0	0.0	0.0	0.0	0.0	0.0	0.0	0.0	0.0	0.0	0.0	0.0	0.0	0.0	0.0	0.0
S2017t2_E17-T2b-Male	-0.20960716401573803	-0.25863909212141256	0.05285240190482587	0.00782736277342934	0.035484453724417324	0.01949538367003092	-0.108654021935905	-0.06500783100864813	0.07923006402608782	-0.06211086658224988	-0.04656063148849937	-0.0163487387398708	0.005246923537081617	-0.0380600909307757	0.032569903195031426	-0.032732932020343365	0.03973635523391861	-0.011137957426316519	0.01225799269123199	-0.010122839861906319	-0.002659227198901658	0.019889337575092647	-0.0056822673614931474	-0.0003493510246109697	-0.002665613231383799	0.019360379525724294	-0.007256915065534317	-0.0024419734668076217	0.005605726442841372	-0.0016107501191562673	0.0035771919630395465	0.0046052934238430656	-0.0006188967501898311	-0.004571083235180405	0.009616869787012577	-0.005700331561477649	0.004597196531936468	0.00523528435971146	0.008378734141734902	-0.021975415295077884	0.009583285536488045	-0.007378117445295842	-0.0018489185565203113	-0.004916893166110992	-0.0008180316919791879	-0.0009759145078262309	-0.002638655181016701	0.02576830260647475	0.004111970483671963	0.006763325861550981	0.0003239980392287325	-0.0	0.0	0.0	-0.0	-0.0	-0.0	0.0	-0.0	-0.0	-0.0	-0.0	-0.0	-0.0	0.0	0.0	-0.0	0.0	0.0	-0.0	-0.0	0.0	0.0	-0.0	0.0	-0.0	-0.0	0.0	0.0	0.0	-0.0	0.0	0.0	0.0	-0.0	-0.0	-0.0	-0.0	-0.0	-0.0	-0.0	0.0	0.0	0.0	0.0	0.0	0.0	0.0	0.0	0.0	0.0	0.0	0.0	0.0	0.0	0.0	0.0	0.0	0.0	0.0	0.0	0.0	0.0	0.0	0.0	0.0	0.0	0.0	0.0	0.0	0.0	0.0	0.0	0.0	0.0	0.0	0.0	0.0	0.0	0.0	0.0	0.0	0.0	0.0	0.0	0.0	0.0	0.0	0.0	0.0	0.0	0.0	0.0	0.0	0.0	0.0	0.0	0.0	0.0	0.0	0.0	0.0	0.0	0.0	0.0	0.0	0.0	0.0	0.0
S2017t2_E19-T2a-Female	0.5073799281625411	-0.3472772963005481	0.03329517602703413	0.024083407006905158	-0.07123805438165134	-0.11080773917902971	0.023754927293045548	0.009312140529069379	0.0027881443567601355	0.006854742224493324	0.005778023809635415	-0.007585380904581944	0.015438467853888808	0.01324003733582699	-0.008963055400568935	-0.01229826115107352	0.0036985744005113377	-0.039090799602569	-0.024799280427074733	0.0069028015710007815	-0.014761051765499553	-0.007035485292543482	0.003793736959584813	-0.01357028666375474	-0.012658948250831787	0.03280449783901295	-0.0018365663002834767	-0.027322326845167815	-0.00044589045375642024	0.023918379432665917	-0.0008319707607619242	0.02099236918452158	-0.002813947598229525	0.0028426471039571825	-0.0006722569261110523	-0.0030104116732613865	0.0015755505910710116	0.00775978294788514	-0.000810046367424764	0.008532703839131642	-0.017328219316894884	0.019986400042949017	0.017234018549674286	-0.003783991710462232	0.006881311960670672	-0.0020501055108713847	-0.01820003520631447	0.007484910440933076	-0.00911599258039909	-0.00305546470124039	-0.0005205304863676775	0.0	-0.0	-0.0	0.0	0.0	0.0	-0.0	0.0	0.0	0.0	0.0	-0.0	0.0	-0.0	-0.0	0.0	-0.0	0.0	0.0	0.0	-0.0	-0.0	0.0	-0.0	0.0	0.0	-0.0	-0.0	0.0	0.0	-0.0	-0.0	-0.0	0.0	0.0	0.0	0.0	0.0	0.0	0.0	0.0	0.0	0.0	0.0	0.0	0.0	0.0	0.0	0.0	0.0	0.0	0.0	0.0	0.0	0.0	0.0	0.0	0.0	0.0	0.0	0.0	0.0	0.0	0.0	0.0	0.0	0.0	0.0	0.0	0.0	0.0	0.0	0.0	0.0	0.0	0.0	0.0	0.0	0.0	0.0	0.0	0.0	0.0	0.0	0.0	0.0	0.0	0.0	0.0	0.0	0.0	0.0	0.0	0.0	0.0	0.0	0.0	0.0	0.0	0.0	0.0	0.0	0.0	0.0	0.0	0.0	0.0	0.0
S2017t2_E19-T2a-Male	0.5350764609408647	-0.34009270523173263	0.03567024457789307	0.035093486502871134	-0.07908079553057974	-0.13498842177976159	0.0034529147345753342	0.0443596367463458	0.009458550500855187	-0.023546646432782523	0.00956837402851217	0.006217771003801319	-0.006115841021904966	0.05507410585737909	-0.006143809533740863	0.014529893543502459	0.012884086939734082	-0.023792746980470517	0.018937110291057754	-0.0033785152961623177	0.0407472464810448	0.028527318714767956	-0.006391107516116181	0.04553810317140242	-0.02938693633720667	-0.024144062589586596	0.04070684894391327	0.01543900880362797	0.034627598795301785	0.02295510134621651	-0.0030053948543597876	-0.02482009269190546	0.06202776132969331	-0.013140226966865466	-0.00933926546551838	0.003287962385828744	0.01932490481624306	0.017254035225535556	0.0013068074843537096	0.0007924810226851265	-0.0007811658442601194	0.010456938287033906	0.00985327003447713	-0.0055092052829702875	-0.004815835842159463	-0.002314697948824332	0.003982654566972655	-0.0007706427560261852	0.00221691003190586	-0.0017421158215378746	-9.382704504492729e-06	-0.0	0.0	-0.0	-0.0	-0.0	-0.0	0.0	-0.0	-0.0	-0.0	-0.0	-0.0	-0.0	0.0	0.0	-0.0	0.0	0.0	-0.0	-0.0	0.0	0.0	-0.0	0.0	-0.0	-0.0	0.0	0.0	0.0	-0.0	-0.0	0.0	0.0	-0.0	-0.0	-0.0	-0.0	-0.0	-0.0	-0.0	0.0	0.0	0.0	0.0	0.0	0.0	0.0	0.0	0.0	0.0	0.0	0.0	0.0	0.0	0.0	0.0	0.0	0.0	0.0	0.0	0.0	0.0	0.0	0.0	0.0	0.0	0.0	0.0	0.0	0.0	0.0	0.0	0.0	0.0	0.0	0.0	0.0	0.0	0.0	0.0	0.0	0.0	0.0	0.0	0.0	0.0	0.0	0.0	0.0	0.0	0.0	0.0	0.0	0.0	0.0	0.0	0.0	0.0	0.0	0.0	0.0	0.0	0.0	0.0	0.0	0.0	0.0	0.0
S2017t2_E19-T2b-Female	0.5352010281246519	-0.34324966797084355	0.03333363984194481	0.03332551983337519	-0.078786770532879	-0.13356465688571	0.007859438651676246	-0.003921798085835861	0.01696996710447369	0.026667456545837482	0.01766531237151344	-0.00013803318151493963	0.01106004142499294	0.0156559649035641	-0.005184318977502467	0.0014794563018335472	0.0006695461313818321	-0.0065949262831826875	-0.005590284847115034	0.0004932117730134553	0.006212016113415991	-0.002864251497743274	-0.0047939702032374935	0.00027200383590748976	-0.003107024555751845	-0.005051752900583976	-0.0015994950417659358	-0.006112231435480174	-0.0015465942408449426	-0.004340611474132605	-0.0006430759481442263	0.00408866723637393	-0.008640366781012931	0.002965212985647318	0.0023992334758649522	-0.001069531532992922	-0.0008283544214484765	-0.0006161646225030216	-0.0005279910253171722	0.0002393021407244451	0.0008809069028090583	-0.0016466603318921447	-0.005085425116303548	-0.00020285124271361148	0.0015439029113198663	0.001346887537750188	0.0014499229629200826	-0.0008902902935005143	0.00040139844394107885	0.00013820428045412502	2.8533642012275173e-05	0.0	0.0	0.0	-0.0	0.0	0.0	0.0	0.0	0.0	0.0	0.0	-0.0	-0.0	0.0	-0.0	-0.0	0.0	0.0	-0.0	-0.0	0.0	-0.0	0.0	-0.0	-0.0	-0.0	-0.0	0.0	0.0	0.0	0.0	0.0	-0.0	-0.0	0.0	-0.0	0.0	-0.0	-0.0	-0.0	0.0	0.0	0.0	0.0	0.0	0.0	0.0	0.0	0.0	0.0	0.0	0.0	0.0	0.0	0.0	0.0	0.0	0.0	0.0	0.0	0.0	0.0	0.0	0.0	0.0	0.0	0.0	0.0	0.0	0.0	0.0	0.0	0.0	0.0	0.0	0.0	0.0	0.0	0.0	0.0	0.0	0.0	0.0	0.0	0.0	0.0	0.0	0.0	0.0	0.0	0.0	0.0	0.0	0.0	0.0	0.0	0.0	0.0	0.0	0.0	0.0	0.0	0.0	0.0	0.0	0.0	0.0	0.0
S2017t2_E19-T2b-Male	0.33780093334547046	-0.3523509156856015	0.05153502862333176	-0.019352102269861608	-0.03542748745030932	0.03408294270728776	0.11151946382871046	0.031186598575286967	-0.05592361998707757	0.0049745701563434835	-0.07309614650201487	-0.09557469251709234	-0.029066458598093564	-0.07584970114323478	-0.017956277564144755	-0.0026420601789766455	-0.027540517223686778	-0.02715353582602062	0.008753831475708504	0.005735677431452004	0.026996786667570258	-0.004106300203546484	0.01163020377907143	0.011776049464875867	0.03266254575882657	0.010714338555496715	-0.004665958177274942	-0.011762237175821562	0.019076211635092134	-0.03121140052410737	0.007689664739937005	-0.01037987509652606	-0.009161408381024905	0.0005940391880360893	-0.016844843612359515	-0.010901876627843914	0.03232940335976765	0.0037298263027663162	-0.00472368503537931	0.003696144942030438	0.016560546073213125	0.015080202725452551	-0.012480774986448458	-0.021336084360356465	-0.0011845152148382678	-0.0015149736956807844	0.0030277916423876138	0.0012684408857891662	-0.0028406260223298035	0.0037030995473459486	-0.00031625319615352496	0.0	-0.0	-0.0	0.0	0.0	0.0	-0.0	0.0	0.0	0.0	0.0	0.0	0.0	-0.0	-0.0	0.0	-0.0	0.0	0.0	-0.0	-0.0	-0.0	0.0	-0.0	-0.0	0.0	-0.0	0.0	0.0	0.0	-0.0	0.0	-0.0	-0.0	0.0	0.0	0.0	0.0	0.0	0.0	0.0	0.0	0.0	0.0	0.0	0.0	0.0	0.0	0.0	0.0	0.0	0.0	0.0	0.0	0.0	0.0	0.0	0.0	0.0	0.0	0.0	0.0	0.0	0.0	0.0	0.0	0.0	0.0	0.0	0.0	0.0	0.0	0.0	0.0	0.0	0.0	0.0	0.0	0.0	0.0	0.0	0.0	0.0	0.0	0.0	0.0	0.0	0.0	0.0	0.0	0.0	0.0	0.0	0.0	0.0	0.0	0.0	0.0	0.0	0.0	0.0	0.0	0.0	0.0	0.0	0.0	0.0	0.0
S2017t2_E23-T2a-Female	-0.431473623662535	-0.08642748874929781	0.00789554997891608	0.0031621247869582057	-0.01757143116533194	-0.09446106426662979	0.009351691523353325	-0.014925055920815573	-0.012902052463627052	-0.0037188951075777313	-0.02131797398897894	0.007883150275381607	0.0014342577445925248	-0.010468924088952104	0.0005701498405639821	0.009249112693811394	-0.003667041002892963	0.00663518870008898	-0.002573021839307358	0.003303885810962274	-0.0014783097913118497	-0.0005914561199470949	0.0014098655013820552	0.0025502579776023435	-0.0001450891386552307	-0.000103075061936311	-0.0001468469799374104	0.0011902110692698236	-0.0034471637213831425	0.002099936539561762	-0.0007254688662024197	0.0013958059741400472	-0.0005388953909314997	-0.0001237471616705373	-0.001954374237922946	-0.0004658201742593304	0.0013230942409524881	0.00037654020366970244	0.0006523121822273636	-0.0004878121658575858	-0.0002723052181644502	0.0012113236978687002	-0.00016038592681608146	0.00036578769645504	-0.0009719431055056307	0.0003977626271557624	-0.0007762557949188732	-1.9000532079964033e-05	-0.00020872121525014514	0.00027527291336592517	8.054915158353534e-06	-0.0	0.0	0.0	0.0	0.0	0.0	0.0	0.0	-0.0	-0.0	0.0	0.0	-0.0	-0.0	0.0	-0.0	0.0	0.0	0.0	0.0	0.0	-0.0	-0.0	-0.0	0.0	0.0	0.0	-0.0	0.0	0.0	-0.0	-0.0	0.0	0.0	-0.0	-0.0	-0.0	0.0	0.0	0.0	0.0	0.0	0.0	0.0	0.0	0.0	0.0	0.0	0.0	0.0	0.0	0.0	0.0	0.0	0.0	0.0	0.0	0.0	0.0	0.0	0.0	0.0	0.0	0.0	0.0	0.0	0.0	0.0	0.0	0.0	0.0	0.0	0.0	0.0	0.0	0.0	0.0	0.0	0.0	0.0	0.0	0.0	0.0	0.0	0.0	0.0	0.0	0.0	0.0	0.0	0.0	0.0	0.0	0.0	0.0	0.0	0.0	0.0	0.0	0.0	0.0	0.0	0.0	0.0	0.0	0.0	0.0	0.0
S2017t2_E23-T2a-Male	-0.01059142340112976	0.2066093050160811	-0.4388395616445756	-0.20018888687838032	0.17333210894898549	0.10814250775803658	0.02215377007892687	0.16438758041119508	-0.08135732558870538	0.07455179184303076	-0.061472530334705074	0.04803941859649143	-0.05243476899790214	-0.09035103024143597	0.03860651552349975	-0.07207331793133061	-0.0029595625249973947	0.011577947474345065	-0.02829125212796403	0.011135914324271355	0.05200961740275688	-0.0011488789190456324	-0.016922386974885243	0.014412550399029653	0.0023055448595406106	-0.029698146767248385	0.022767546783324384	0.002963086743191874	0.0004943275450718514	0.0044824449682084	0.00828026168103126	0.012100207491239369	-0.009684920388658147	-0.00010043717739147152	-0.003812222284370407	-0.0010298976243231532	-0.0141360038024662	0.0001986589196623639	0.0034741329996346563	-0.00659646687448167	-9.200477120367094e-07	-0.004030780902856886	0.0016252318616838638	0.0034921263348991444	-0.0008027839430541837	-0.0030806815928546122	-0.0043560195592467045	-0.0014610691848646008	0.00018221479692187394	0.0012817082856285734	4.1950287909290806e-05	-0.0	0.0	0.0	-0.0	-0.0	-0.0	0.0	-0.0	-0.0	-0.0	-0.0	-0.0	-0.0	0.0	0.0	-0.0	0.0	0.0	-0.0	-0.0	0.0	0.0	-0.0	0.0	-0.0	-0.0	0.0	0.0	0.0	-0.0	-0.0	0.0	0.0	-0.0	-0.0	-0.0	-0.0	-0.0	-0.0	-0.0	0.0	0.0	0.0	0.0	0.0	0.0	0.0	0.0	0.0	0.0	0.0	0.0	0.0	0.0	0.0	0.0	0.0	0.0	0.0	0.0	0.0	0.0	0.0	0.0	0.0	0.0	0.0	0.0	0.0	0.0	0.0	0.0	0.0	0.0	0.0	0.0	0.0	0.0	0.0	0.0	0.0	0.0	0.0	0.0	0.0	0.0	0.0	0.0	0.0	0.0	0.0	0.0	0.0	0.0	0.0	0.0	0.0	0.0	0.0	0.0	0.0	0.0	0.0	0.0	0.0	0.0	0.0	0.0
S2017t2_E23-T2b-Female	-0.431473623662535	-0.0864274887492978	0.007895549978916071	0.0031621247869581984	-0.017571431165331948	-0.09446106426662983	0.00935169152335332	-0.014925055920815593	-0.012902052463627058	-0.0037188951075777248	-0.021317973988978896	0.00788315027538154	0.0014342577445925248	-0.010468924088952097	0.0005701498405639825	0.009249112693811483	-0.003667041002893018	0.006635188700089019	-0.0025730218393074486	0.003303885810962238	-0.001478309791311692	-0.0005914561199471945	0.0014098655013819903	0.0025502579776022693	-0.0001450891386553599	-0.0001030750619363982	-0.00014684697993733268	0.0011902110692698046	-0.003447163721383235	0.0020999365395617748	-0.0007254688662023673	0.0013958059741401884	-0.0005388953909314732	-0.0001237471616704595	-0.001954374237922856	-0.00046582017425953625	0.0013230942409526705	0.00037654020366976657	0.0006523121822276574	-0.00048781216585766404	-0.00027230521816379993	0.0012113236978682587	-0.0001603859268163361	0.00036578769645513007	-0.000971943105505403	0.00039776262715449833	-0.0007762557949183877	-1.9000532080771486e-05	-0.0002087212152504651	0.00027527291336805774	8.05491513410992e-06	0.0	-0.0	0.0	-0.0	-0.0	0.0	0.0	-0.0	-0.0	0.0	-0.0	0.0	0.0	0.0	0.0	-0.0	0.0	0.0	0.0	-0.0	0.0	-0.0	-0.0	-0.0	0.0	0.0	0.0	-0.0	-0.0	-0.0	0.0	-0.0	-0.0	-0.0	-0.0	0.0	-0.0	-0.0	0.0	0.0	0.0	0.0	0.0	0.0	0.0	0.0	0.0	0.0	0.0	0.0	0.0	0.0	0.0	0.0	0.0	0.0	0.0	0.0	0.0	0.0	0.0	0.0	0.0	0.0	0.0	0.0	0.0	0.0	0.0	0.0	0.0	0.0	0.0	0.0	0.0	0.0	0.0	0.0	0.0	0.0	0.0	0.0	0.0	0.0	0.0	0.0	0.0	0.0	0.0	0.0	0.0	0.0	0.0	0.0	0.0	0.0	0.0	0.0	0.0	0.0	0.0	0.0	0.0	0.0	0.0	0.0	0.0	0.0
S2017t2_E23-T2b-Male	-0.431473623662535	-0.0864274887492978	0.00789554997891608	0.0031621247869582057	-0.01757143116533194	-0.09446106426662983	0.0093516915233533	-0.014925055920815618	-0.012902052463627026	-0.0037188951075777157	-0.02131797398897888	0.007883150275381503	0.0014342577445925022	-0.010468924088952045	0.0005701498405639414	0.009249112693811323	-0.0036670410028930935	0.006635188700088988	-0.002573021839307359	0.0033038858109623133	-0.0014783097913118903	-0.0005914561199469909	0.001409865501382	0.0025502579776023773	-0.00014508913865526014	-0.00010307506193655164	-0.00014684697993744213	0.0011902110692698315	-0.0034471637213834092	0.0020999365395617496	-0.0007254688662024021	0.001395805974140014	-0.0005388953909314325	-0.00012374716167049262	-0.001954374237922842	-0.00046582017425955116	0.0013230942409524838	0.00037654020366968715	0.0006523121822278626	-0.0004878121658576323	-0.000272305218164226	0.0012113236978687563	-0.00016038592681613404	0.00036578769645548325	-0.0009719431055054627	0.00039776262715588296	-0.000776255794917778	-1.900053208052723e-05	-0.0002087212152492695	0.00027527291336750084	8.054915151232514e-06	0.0	-0.0	-0.0	-0.0	0.0	-0.0	-0.0	0.0	-0.0	0.0	0.0	0.0	-0.0	-0.0	0.0	-0.0	0.0	0.0	0.0	0.0	-0.0	-0.0	-0.0	-0.0	0.0	0.0	0.0	-0.0	0.0	0.0	0.0	-0.0	-0.0	-0.0	0.0	-0.0	-0.0	0.0	0.0	0.0	0.0	0.0	0.0	0.0	0.0	0.0	0.0	0.0	0.0	0.0	0.0	0.0	0.0	0.0	0.0	0.0	0.0	0.0	0.0	0.0	0.0	0.0	0.0	0.0	0.0	0.0	0.0	0.0	0.0	0.0	0.0	0.0	0.0	0.0	0.0	0.0	0.0	0.0	0.0	0.0	0.0	0.0	0.0	0.0	0.0	0.0	0.0	0.0	0.0	0.0	0.0	0.0	0.0	0.0	0.0	0.0	0.0	0.0	0.0	0.0	0.0	0.0	0.0	0.0	0.0	0.0	0.0	0.0
S2017t2_E30-T2a-Female	0.03882394683322125	-0.3648906531260973	0.0630128254352971	-0.03452402586911579	0.02485665425363974	0.08410192689665162	-0.009043690270878795	-0.021580448219530916	0.009303010736615054	0.024076215092731754	-0.0037601572922198326	0.07750913294052622	-0.05099733246473304	0.05429835671392124	-0.044522675203227995	0.04374388186639982	-0.038003793579219666	0.011137049415367981	0.004326702238591503	0.0025417921046238167	-0.0042521772780849286	0.040184478719705714	0.03261222038083339	-0.026782410857969962	0.012009180678857938	-0.024995951632071144	-0.005448151286143001	-0.02367283856305259	-0.01963585397238066	0.010288233773746219	-0.01905520865176811	-0.0019648126548541655	-0.0007838549727629225	-0.016901508990626535	-0.005690340868355197	0.012154543767157317	-0.0015072941589517937	-0.013914390767583822	0.010859472119118965	-0.021937253757714426	0.00864314453157847	0.0056487998313751436	0.012044333273292884	-0.016730050252134473	0.006084883030333947	-0.0026546213172108967	-0.0017636766400116438	-0.00703089840853082	-0.005210835894776476	-0.0006150720459225821	0.0005126667885715879	-0.0	0.0	0.0	-0.0	-0.0	-0.0	0.0	-0.0	-0.0	-0.0	-0.0	-0.0	-0.0	0.0	0.0	-0.0	0.0	0.0	-0.0	-0.0	0.0	0.0	-0.0	0.0	-0.0	-0.0	0.0	0.0	0.0	-0.0	0.0	0.0	0.0	-0.0	-0.0	-0.0	-0.0	-0.0	-0.0	-0.0	0.0	0.0	0.0	0.0	0.0	0.0	0.0	0.0	0.0	0.0	0.0	0.0	0.0	0.0	0.0	0.0	0.0	0.0	0.0	0.0	0.0	0.0	0.0	0.0	0.0	0.0	0.0	0.0	0.0	0.0	0.0	0.0	0.0	0.0	0.0	0.0	0.0	0.0	0.0	0.0	0.0	0.0	0.0	0.0	0.0	0.0	0.0	0.0	0.0	0.0	0.0	0.0	0.0	0.0	0.0	0.0	0.0	0.0	0.0	0.0	0.0	0.0	0.0	0.0	0.0	0.0	0.0	0.0
S2017t2_E30-T2a-Male	-0.11745919650211269	-0.22806807168152007	0.045810564603595116	0.0022893744332153527	0.033228150599697304	0.091365783451643	-0.038514437114573835	0.121753314649015	0.09084015968841055	-0.255094072848869	-0.021967672877725733	0.05755782957582639	-0.058928313304084705	0.0707544138406194	-0.0630244075312482	0.07507211199330473	0.033172497946958784	-0.023018020052343362	0.029536682152908854	-0.0043541947442041935	0.06642633387559695	0.018592396272554358	-0.005823636395917628	0.026148317031927385	-0.00903552927601992	-0.00997141095514903	0.012301183285239227	0.012442942651892783	0.01023262453146827	0.005198615849823381	-7.852286146201874e-05	-0.0018746653881125414	0.00433351226991871	-0.005282778641980531	0.006747166827851937	-0.008282579188445747	0.002491128916553992	0.0031422397720459534	-0.00295108248429073	-0.00362617033952322	0.010660469732546921	-0.003977708455687279	0.0027751758180913416	0.0016821383192117485	0.0014727331053464704	0.0014279898539342752	0.0005727614597675785	0.00188683711047379	-0.0006298457803132596	0.0009408559027327705	-7.319367744262778e-05	-0.0	0.0	-0.0	-0.0	-0.0	-0.0	0.0	-0.0	-0.0	-0.0	-0.0	-0.0	-0.0	0.0	0.0	-0.0	0.0	0.0	-0.0	-0.0	0.0	0.0	-0.0	0.0	-0.0	-0.0	0.0	0.0	0.0	-0.0	-0.0	0.0	0.0	-0.0	-0.0	-0.0	-0.0	-0.0	-0.0	-0.0	0.0	0.0	0.0	0.0	0.0	0.0	0.0	0.0	0.0	0.0	0.0	0.0	0.0	0.0	0.0	0.0	0.0	0.0	0.0	0.0	0.0	0.0	0.0	0.0	0.0	0.0	0.0	0.0	0.0	0.0	0.0	0.0	0.0	0.0	0.0	0.0	0.0	0.0	0.0	0.0	0.0	0.0	0.0	0.0	0.0	0.0	0.0	0.0	0.0	0.0	0.0	0.0	0.0	0.0	0.0	0.0	0.0	0.0	0.0	0.0	0.0	0.0	0.0	0.0	0.0	0.0	0.0	0.0
S2017t2_E30-T2b-Female	0.4267228520292845	-0.2920195849461816	0.11101631051783306	-0.05175652241379015	-0.03927196873037923	0.008415432011064433	0.08806649781743094	0.010166960287417245	-0.02878937530611793	-0.014934333112379697	0.0012644718823357163	-0.001786826431172689	0.10259443627285954	0.045904449798402844	0.003176888772022059	-0.05142974836124459	-0.032585382430337574	-0.0679822793254899	-0.015555855615027387	0.09251795965692136	-0.03383167929016228	-0.002766635905221673	-0.037391909289941454	-0.02514653318645184	-0.025069947504688925	-0.03367985574883987	-0.016918780122226695	-0.028587557306628177	0.024964413133826673	-0.009347233571175161	0.006154372734927848	-0.02001555060353214	0.01343771056367695	0.01548784803167382	-0.014736163663281407	0.013962603649598143	-0.00560082550634871	-0.006029920706746096	0.002400315187478401	-0.005218979838458705	-0.0008831333107461491	-0.004853332737592957	-0.0003275335103412091	0.005771558571132218	-0.004620460359163009	0.004340149118212725	0.0010845605301687572	0.0002357208398562666	-0.0005214286719317787	0.0016352485147719759	-3.7079927122182705e-05	-0.0	0.0	0.0	-0.0	-0.0	-0.0	0.0	-0.0	-0.0	-0.0	-0.0	-0.0	-0.0	0.0	0.0	-0.0	0.0	0.0	-0.0	-0.0	0.0	0.0	-0.0	0.0	-0.0	-0.0	0.0	0.0	0.0	-0.0	-0.0	0.0	0.0	-0.0	-0.0	-0.0	-0.0	-0.0	-0.0	-0.0	0.0	0.0	0.0	0.0	0.0	0.0	0.0	0.0	0.0	0.0	0.0	0.0	0.0	0.0	0.0	0.0	0.0	0.0	0.0	0.0	0.0	0.0	0.0	0.0	0.0	0.0	0.0	0.0	0.0	0.0	0.0	0.0	0.0	0.0	0.0	0.0	0.0	0.0	0.0	0.0	0.0	0.0	0.0	0.0	0.0	0.0	0.0	0.0	0.0	0.0	0.0	0.0	0.0	0.0	0.0	0.0	0.0	0.0	0.0	0.0	0.0	0.0	0.0	0.0	0.0	0.0	0.0	0.0
S2017t2_E30-T2b-Male	0.3907829437621941	-0.22119165926828838	-0.006463937787377559	0.10757988235516916	0.14286102452062344	0.10913728909815429	-0.05608502674731377	0.0884741421502081	-0.161894973774366	0.07384372943116493	-0.003270819797672245	-0.001651791118962795	0.00907790550429104	0.008360789693051922	0.008432745453157486	0.00245449004317257	0.046690150690289006	-0.06205271861754901	-0.058162695913723673	0.04746583331319752	-0.04173412665493075	0.03809039641695832	0.0014066186130243096	0.019136904668619743	0.03562920501706524	-0.0004352750088490316	-0.004839854226318786	0.03536052198879703	-0.013434087172809315	-0.011642858600539902	0.013036971912457581	0.008386625547454457	-0.011248077436374453	-0.015746503027751216	0.012034436263636816	-0.019436956284732142	-0.0055650103824346	0.005809726056493793	0.004728681617642797	-0.006506054696249087	-0.009393688355058586	-0.002579526802198161	0.009565340290573331	-0.006921517668976656	-0.006130632261162831	-0.0034597776248709525	0.0029688318747174572	-0.0009347903655611588	-0.0005706255934795644	-0.0011694766130491197	-3.8516502905123444e-05	-0.0	0.0	-0.0	-0.0	-0.0	-0.0	0.0	-0.0	-0.0	-0.0	-0.0	-0.0	-0.0	0.0	0.0	-0.0	0.0	0.0	-0.0	-0.0	0.0	0.0	-0.0	0.0	-0.0	-0.0	0.0	0.0	0.0	-0.0	-0.0	0.0	0.0	-0.0	-0.0	-0.0	-0.0	-0.0	-0.0	-0.0	0.0	0.0	0.0	0.0	0.0	0.0	0.0	0.0	0.0	0.0	0.0	0.0	0.0	0.0	0.0	0.0	0.0	0.0	0.0	0.0	0.0	0.0	0.0	0.0	0.0	0.0	0.0	0.0	0.0	0.0	0.0	0.0	0.0	0.0	0.0	0.0	0.0	0.0	0.0	0.0	0.0	0.0	0.0	0.0	0.0	0.0	0.0	0.0	0.0	0.0	0.0	0.0	0.0	0.0	0.0	0.0	0.0	0.0	0.0	0.0	0.0	0.0	0.0	0.0	0.0	0.0	0.0	0.0
S2017t3_E11-T3a-Female	0.46128322644464265	0.19348296384986532	0.3404687777908163	-0.018117620279814325	0.10076888426661776	0.0757794921353431	-0.17846910245304784	0.0139087573535501	0.03793276187001065	0.00697920284690468	-0.0837591431113446	0.025688651395896135	-0.06717450522495448	-0.02462504716375178	-0.00999330396843065	-0.01926116626122541	0.0943585334770413	0.027401500566275407	0.0066688540302295325	0.03616682260585858	-0.020397365015483858	-0.04056097234813234	-0.03936430214612961	-0.030594488261315743	-0.0024034965678255893	-0.04029490424610473	0.003721652976194395	0.024557739555120077	-0.010848814345155711	-0.0034601553878569214	-0.007129699607338605	-0.009060674377603694	-0.0033037451713219643	0.0077582200990845345	0.006891498172715779	-0.005936975466277098	0.026031559904652214	-0.0038431822783769718	-0.00347950747774094	0.006854880696053924	-0.004949193015087359	-0.0003936752392749797	0.0042914435390660486	-0.00235118744355827	0.002518372343837046	-0.0016791055903750095	0.002414359999658567	-0.0011675342405998452	0.0006625536183378056	0.0010626284934819937	-0.00010826012905975805	-0.0	0.0	-0.0	-0.0	-0.0	-0.0	0.0	-0.0	-0.0	-0.0	-0.0	-0.0	-0.0	0.0	0.0	-0.0	0.0	0.0	-0.0	-0.0	0.0	0.0	-0.0	0.0	-0.0	-0.0	0.0	0.0	0.0	-0.0	-0.0	0.0	0.0	-0.0	-0.0	-0.0	-0.0	-0.0	-0.0	-0.0	0.0	0.0	0.0	0.0	0.0	0.0	0.0	0.0	0.0	0.0	0.0	0.0	0.0	0.0	0.0	0.0	0.0	0.0	0.0	0.0	0.0	0.0	0.0	0.0	0.0	0.0	0.0	0.0	0.0	0.0	0.0	0.0	0.0	0.0	0.0	0.0	0.0	0.0	0.0	0.0	0.0	0.0	0.0	0.0	0.0	0.0	0.0	0.0	0.0	0.0	0.0	0.0	0.0	0.0	0.0	0.0	0.0	0.0	0.0	0.0	0.0	0.0	0.0	0.0	0.0	0.0	0.0	0.0
S2017t3_E11-T3a-Male	0.1673289700808038	0.12321677740199037	-0.14644351442906364	0.26317235842309006	0.34907265070282745	0.15321569461304776	0.07342144732146742	-0.06568964079853089	-0.11544113554566782	-0.16139862705833552	0.04236671934572551	-0.047018941415541506	0.010324464614335295	-0.17254941563222434	0.018380432843629158	-0.007879528187860838	-0.042877659796883114	-0.0024023575016890487	-0.04080869688837833	-0.03140819115497783	0.013020101676689719	0.04739989454022372	-0.0035497697392646178	-0.009037679177948378	0.006675143391643025	-0.0005732685288372713	0.01371778264865089	0.006445678283923289	0.0010627069237819527	-0.019142418571394277	0.004902924149507098	-0.011496320234179593	0.0004379884483236579	-0.006077619801850974	-0.011666477530042327	-0.0015989834804680295	0.00967998715336083	-0.0031929886394003524	-0.002552629124804243	0.005474855877119329	0.0018822307688251873	0.0015994603919796248	-0.001764693254341856	0.0021556041229650134	-1.5549381630841593e-05	-0.00033652339065279476	0.0008612706718250564	0.0007724018968061262	-0.0013785830557961683	0.0007529395665163872	1.184430991934156e-05	-0.0	0.0	0.0	-0.0	-0.0	-0.0	0.0	-0.0	-0.0	-0.0	-0.0	-0.0	-0.0	0.0	0.0	-0.0	0.0	0.0	-0.0	-0.0	0.0	0.0	-0.0	0.0	-0.0	-0.0	0.0	0.0	0.0	-0.0	-0.0	0.0	0.0	-0.0	-0.0	-0.0	-0.0	-0.0	-0.0	-0.0	0.0	0.0	0.0	0.0	0.0	0.0	0.0	0.0	0.0	0.0	0.0	0.0	0.0	0.0	0.0	0.0	0.0	0.0	0.0	0.0	0.0	0.0	0.0	0.0	0.0	0.0	0.0	0.0	0.0	0.0	0.0	0.0	0.0	0.0	0.0	0.0	0.0	0.0	0.0	0.0	0.0	0.0	0.0	0.0	0.0	0.0	0.0	0.0	0.0	0.0	0.0	0.0	0.0	0.0	0.0	0.0	0.0	0.0	0.0	0.0	0.0	0.0	0.0	0.0	0.0	0.0	0.0	0.0
S2017t3_E16-T3b-Female	0.31309153437916587	0.4667744157600271	0.12814356800871912	0.18314826300600148	0.290655441999954	0.07732211515182058	0.02337824600958884	-0.13877288028856877	-0.013516198073745326	-0.0332268290498047	0.05457277228246835	-0.03745812219483043	0.08275515151444143	0.07318640598797395	0.024758411948589406	0.04086432577103875	0.010298643338144464	0.031621084453310314	-0.10916335347242465	-0.042293927977756364	0.007412383970866911	0.021436013061047438	-0.03341562011224848	0.0018708627392213008	-0.009597282898718147	-0.007536973042221786	0.0034911764661858828	0.02566389320680663	0.010590293897581957	0.01655933279153259	0.0073664877058776165	0.008775368271396394	-0.009333068090726558	0.003798340484227466	0.007107651904782751	0.019680739470946274	0.012849092457863037	-0.008146937355922403	0.00798945637869096	-0.01155576796428358	0.004545635135242368	-0.0002966330150431718	-0.004055345947946907	0.000950221380693507	0.0008209276093836675	0.003919912876869009	-0.0016978016104218434	-0.0018556849322021675	0.001640075206964134	-0.001640989973098361	-5.3769310623806644e-05	-0.0	0.0	-0.0	-0.0	-0.0	-0.0	0.0	-0.0	-0.0	-0.0	-0.0	-0.0	-0.0	0.0	0.0	-0.0	0.0	0.0	-0.0	-0.0	0.0	0.0	-0.0	0.0	-0.0	-0.0	0.0	0.0	0.0	-0.0	-0.0	0.0	0.0	-0.0	-0.0	-0.0	-0.0	-0.0	-0.0	-0.0	0.0	0.0	0.0	0.0	0.0	0.0	0.0	0.0	0.0	0.0	0.0	0.0	0.0	0.0	0.0	0.0	0.0	0.0	0.0	0.0	0.0	0.0	0.0	0.0	0.0	0.0	0.0	0.0	0.0	0.0	0.0	0.0	0.0	0.0	0.0	0.0	0.0	0.0	0.0	0.0	0.0	0.0	0.0	0.0	0.0	0.0	0.0	0.0	0.0	0.0	0.0	0.0	0.0	0.0	0.0	0.0	0.0	0.0	0.0	0.0	0.0	0.0	0.0	0.0	0.0	0.0	0.0	0.0
S2017t3_E16-T3b-Male	0.5275995746669777	0.020372924528565067	0.2944168507934829	-0.051000210931866574	0.05515943012870837	0.08907047384007159	-0.06883585362303735	0.017987139336923984	-0.0210100962468656	0.10413176579219034	-0.07772306320795876	0.019248545261455616	-0.015086105189110476	0.09616381101257293	0.053656120322162194	-0.006838139580726367	-0.033907731859732095	0.05797452164348608	-0.03430458746632254	-0.045436028671238374	0.00631718035249685	0.04860934975901024	0.017276735896673143	0.011720287976947063	-0.010432298613580684	-0.011435685847302802	0.011967755275998302	-0.02774493510934229	0.03559005703327036	0.000518175578862324	0.023884189777010637	0.014194555385510354	-0.01731356069394415	0.000702546276533328	-0.01365555265938702	-0.011398592845645952	-0.01921241007335965	-0.009987992033777732	0.0017145157538842257	-0.002545701676709356	0.0033742925427363503	-0.004190952061431114	-0.004756210993742403	0.007563440964730327	0.0033133848614197996	-0.0036109828758685183	-0.007051445392087385	-0.0010817904502524154	-0.0010770673529748628	0.00022532221060753317	0.00010943893103884004	-0.0	0.0	0.0	-0.0	-0.0	-0.0	0.0	-0.0	-0.0	-0.0	-0.0	-0.0	-0.0	0.0	0.0	-0.0	0.0	0.0	-0.0	-0.0	0.0	0.0	-0.0	0.0	-0.0	-0.0	0.0	0.0	0.0	-0.0	0.0	0.0	0.0	-0.0	-0.0	-0.0	-0.0	-0.0	-0.0	-0.0	0.0	0.0	0.0	0.0	0.0	0.0	0.0	0.0	0.0	0.0	0.0	0.0	0.0	0.0	0.0	0.0	0.0	0.0	0.0	0.0	0.0	0.0	0.0	0.0	0.0	0.0	0.0	0.0	0.0	0.0	0.0	0.0	0.0	0.0	0.0	0.0	0.0	0.0	0.0	0.0	0.0	0.0	0.0	0.0	0.0	0.0	0.0	0.0	0.0	0.0	0.0	0.0	0.0	0.0	0.0	0.0	0.0	0.0	0.0	0.0	0.0	0.0	0.0	0.0	0.0	0.0	0.0	0.0
S2017t3_E17-T3a-Female	-0.431473623662535	-0.08642748874929777	0.007895549978916045	0.003162124786958202	-0.01757143116533194	-0.09446106426662983	0.009351691523353339	-0.014925055920815618	-0.012902052463627035	-0.0037188951075777204	-0.02131797398897878	0.007883150275381544	0.00143425774459256	-0.010468924088952057	0.0005701498405639802	0.0092491126938115	-0.003667041002893022	0.006635188700088952	-0.0025730218393074235	0.0033038858109621233	-0.001478309791311745	-0.0005914561199472552	0.0014098655013818073	0.002550257977602386	-0.00014508913865533916	-0.00010307506193628269	-0.00014684697993717785	0.0011902110692699527	-0.0034471637213833537	0.002099936539561929	-0.000725468866202524	0.0013958059741400112	-0.000538895390931511	-0.0001237471616707075	-0.001954374237922674	-0.00046582017425926043	0.0013230942409526102	0.00037654020366965435	0.0006523121822274648	-0.00048781216585792235	-0.0002723052181643559	0.0012113236978679688	-0.000160385926816367	0.00036578769645538426	-0.0009719431055050056	0.0003977626271544924	-0.0007762557949190178	-1.9000532080364185e-05	-0.00020872121524938788	0.0002752729133687242	8.054915137137864e-06	0.0	0.0	-0.0	-0.0	-0.0	0.0	0.0	0.0	-0.0	0.0	0.0	-0.0	-0.0	-0.0	-0.0	0.0	0.0	0.0	0.0	0.0	-0.0	0.0	-0.0	-0.0	0.0	-0.0	-0.0	0.0	0.0	-0.0	-0.0	0.0	-0.0	-0.0	0.0	-0.0	-0.0	-0.0	0.0	0.0	0.0	0.0	0.0	0.0	0.0	0.0	0.0	0.0	0.0	0.0	0.0	0.0	0.0	0.0	0.0	0.0	0.0	0.0	0.0	0.0	0.0	0.0	0.0	0.0	0.0	0.0	0.0	0.0	0.0	0.0	0.0	0.0	0.0	0.0	0.0	0.0	0.0	0.0	0.0	0.0	0.0	0.0	0.0	0.0	0.0	0.0	0.0	0.0	0.0	0.0	0.0	0.0	0.0	0.0	0.0	0.0	0.0	0.0	0.0	0.0	0.0	0.0	0.0	0.0	0.0	0.0	0.0	0.0
S2017t3_E30-T3b-Female	0.34367516436601714	0.3557719912273648	0.3952621211399379	-0.18610021278704705	-0.06301714379841973	-0.11050676257722516	-0.13468297904939297	-0.04114955470990028	0.11256795207627082	-0.15698952846400346	0.057989340562827986	0.0340755461125304	0.029745702834610813	-0.13543622740223846	-0.05080934955776446	-0.039841206883073264	-0.03760440378639188	-0.01760911165009565	0.017272046466539022	-0.015971319647638715	0.04357709579275124	0.0719626654234712	-0.0073837077649923704	0.0008097471047853169	-0.013038178139252907	0.04248936476916281	-0.001927240622823999	0.012704900110567739	-0.005749829397683569	-0.006789104309293911	0.006615579376983437	0.000616055475240689	-0.006286945539348195	-0.0019137230806734737	-0.002334383427129971	-0.012217646312805343	-0.009102135929726413	-0.005047058861636046	-0.0014492291096793214	0.004916926988614638	-0.005166479468465269	-0.0016501783125868498	4.6672491290746464e-05	-0.00017772208087227283	-0.0014781639688284884	-0.0035285294612448673	0.0016587991673984825	0.0001933391454256177	-0.0014106443800967284	0.0005920463046350275	1.976025976855312e-05	-0.0	0.0	0.0	-0.0	-0.0	-0.0	0.0	-0.0	-0.0	-0.0	-0.0	-0.0	-0.0	0.0	0.0	-0.0	0.0	0.0	-0.0	-0.0	0.0	0.0	-0.0	0.0	-0.0	-0.0	0.0	0.0	0.0	-0.0	-0.0	0.0	0.0	-0.0	-0.0	-0.0	-0.0	-0.0	-0.0	-0.0	0.0	0.0	0.0	0.0	0.0	0.0	0.0	0.0	0.0	0.0	0.0	0.0	0.0	0.0	0.0	0.0	0.0	0.0	0.0	0.0	0.0	0.0	0.0	0.0	0.0	0.0	0.0	0.0	0.0	0.0	0.0	0.0	0.0	0.0	0.0	0.0	0.0	0.0	0.0	0.0	0.0	0.0	0.0	0.0	0.0	0.0	0.0	0.0	0.0	0.0	0.0	0.0	0.0	0.0	0.0	0.0	0.0	0.0	0.0	0.0	0.0	0.0	0.0	0.0	0.0	0.0	0.0	0.0
S2017t3F_E11-T3b-Female	0.34070828848858914	0.22486043100626277	-0.3434058604734893	0.06967799892179351	0.3301594742405529	0.09919028287327275	-0.10999188989237424	-0.04659778889475569	0.06289079700771466	-0.07496779499304912	-0.0312078932092776	0.00770476234729254	0.039049311588563874	-0.005129068201474584	-0.04018751229100366	-0.04304162248785678	-0.03920736936159067	-0.0582678857078463	0.016248526550361395	0.06113850289563793	-0.0070927850880997114	0.032045177943723246	-0.04168055113140968	-0.024505021406673974	0.010627714292139734	0.07472811795534415	-0.035117557271011623	-0.009764946404280009	0.0433971374327783	0.019741149049087945	-0.008282044024633102	0.005487935695552687	-0.004748136562550224	0.002766395730468686	0.003012466003698594	-0.007268164222314244	0.005794785636851378	0.013284746719382606	-0.0038502121024689916	0.006599641005355761	0.0024445228831724516	0.004414775511454969	-0.0009482871774130283	-0.0030047746998656966	0.0026487194321692673	-0.002783653403420669	-0.001787488733212135	-0.00045689758984180734	0.0004339851834427393	-0.000979173755681129	-4.956392203065699e-06	-0.0	0.0	0.0	-0.0	-0.0	-0.0	0.0	-0.0	-0.0	-0.0	-0.0	-0.0	-0.0	0.0	0.0	-0.0	0.0	0.0	-0.0	-0.0	0.0	0.0	-0.0	0.0	-0.0	-0.0	0.0	0.0	0.0	-0.0	-0.0	0.0	0.0	-0.0	-0.0	-0.0	-0.0	-0.0	-0.0	-0.0	0.0	0.0	0.0	0.0	0.0	0.0	0.0	0.0	0.0	0.0	0.0	0.0	0.0	0.0	0.0	0.0	0.0	0.0	0.0	0.0	0.0	0.0	0.0	0.0	0.0	0.0	0.0	0.0	0.0	0.0	0.0	0.0	0.0	0.0	0.0	0.0	0.0	0.0	0.0	0.0	0.0	0.0	0.0	0.0	0.0	0.0	0.0	0.0	0.0	0.0	0.0	0.0	0.0	0.0	0.0	0.0	0.0	0.0	0.0	0.0	0.0	0.0	0.0	0.0	0.0	0.0	0.0	0.0
S2017t3F_E14-T3a-Female	0.5422956942148097	-0.11812313598928258	0.25415842486970136	-0.11855251362258025	-0.04615995503880015	0.028942599617791474	0.07502273040058359	-0.07405340910477297	0.03727319130401661	0.050704497108741975	-0.027679210727126667	0.013235044569404759	0.12039365520584892	0.1082453828621395	0.06126417274486307	0.03199659474280286	0.008633534044598691	-0.004694938707048592	0.018016093614464126	-0.034253959541603395	0.028099092023470676	-0.0201772894015271	0.014283040485953448	0.03533816097345957	0.030593405633352937	0.034690925062757436	-0.0006717196040569542	0.07563642650184191	-0.02223087310708596	-0.00292302102281536	-0.00831598510231662	-0.021524357565445486	-0.012589570292051384	0.009396479344095661	-0.006613570116065604	0.010453152827736614	-0.000838953841863071	0.00690118931508014	-0.00023633078219801224	-0.005404100234410253	-0.006525489793408756	-0.0028857567209058625	0.015386304474692742	-0.0014486284637592424	0.0015406870256150262	0.0052046807245181275	-7.311954284225341e-05	-0.00010777868599268186	-0.0009581290457474698	0.0006647451505855543	3.595327302098679e-05	-0.0	0.0	0.0	-0.0	-0.0	-0.0	0.0	-0.0	-0.0	-0.0	-0.0	-0.0	-0.0	0.0	0.0	-0.0	0.0	0.0	-0.0	-0.0	0.0	0.0	-0.0	0.0	-0.0	-0.0	0.0	0.0	0.0	-0.0	0.0	0.0	0.0	-0.0	-0.0	-0.0	-0.0	-0.0	-0.0	-0.0	0.0	0.0	0.0	0.0	0.0	0.0	0.0	0.0	0.0	0.0	0.0	0.0	0.0	0.0	0.0	0.0	0.0	0.0	0.0	0.0	0.0	0.0	0.0	0.0	0.0	0.0	0.0	0.0	0.0	0.0	0.0	0.0	0.0	0.0	0.0	0.0	0.0	0.0	0.0	0.0	0.0	0.0	0.0	0.0	0.0	0.0	0.0	0.0	0.0	0.0	0.0	0.0	0.0	0.0	0.0	0.0	0.0	0.0	0.0	0.0	0.0	0.0	0.0	0.0	0.0	0.0	0.0	0.0
S2017t3F_E16-T3a-Female	0.38198292318224836	0.16833948992425826	0.22534585650144148	0.15230283803666944	0.23334854035130995	0.15578091530247692	-0.0003479087519438761	-0.037065662530821414	0.08737448829556808	-0.07416401351904227	-0.1162298046628144	0.03620375865981718	0.06706631403476662	0.02833504637105645	0.02964041487621992	-0.05063220886014947	0.05932659229678415	-0.06784546065537259	-0.03201195506301349	0.02500500926121559	-0.008466912948674908	-0.03924473163371214	0.026590059612864408	-0.0027318412885928706	0.016631729911225513	0.05704350018851519	0.000496552161337636	-0.026731677249202567	-0.0018499331467290783	0.045087227309074676	-0.00993842370250536	0.031825421182177766	0.014074640588924166	-0.011134308053269778	-0.005971761141030812	0.010407961687266435	-0.013001838571957873	0.01313116606320859	-0.001283277513589335	-0.007470822781594846	0.00989960369062659	-0.0012720545755869883	-0.00020791867164294877	5.2520278932886397e-05	0.0020155829032087904	0.003131453976085745	0.0030245955783230138	0.0002319149990967286	0.0004571944467406168	0.000800732349264757	-4.429160667613617e-06	-0.0	0.0	0.0	-0.0	-0.0	-0.0	0.0	-0.0	-0.0	-0.0	-0.0	-0.0	-0.0	0.0	0.0	-0.0	0.0	0.0	-0.0	-0.0	0.0	0.0	-0.0	0.0	-0.0	-0.0	0.0	0.0	0.0	-0.0	-0.0	0.0	0.0	-0.0	-0.0	-0.0	-0.0	-0.0	-0.0	-0.0	0.0	0.0	0.0	0.0	0.0	0.0	0.0	0.0	0.0	0.0	0.0	0.0	0.0	0.0	0.0	0.0	0.0	0.0	0.0	0.0	0.0	0.0	0.0	0.0	0.0	0.0	0.0	0.0	0.0	0.0	0.0	0.0	0.0	0.0	0.0	0.0	0.0	0.0	0.0	0.0	0.0	0.0	0.0	0.0	0.0	0.0	0.0	0.0	0.0	0.0	0.0	0.0	0.0	0.0	0.0	0.0	0.0	0.0	0.0	0.0	0.0	0.0	0.0	0.0	0.0	0.0	0.0	0.0
S2017t3F_E19-T3a-Female	0.24439570392349103	0.5653862682304243	0.35049637011492596	-0.03363550898691961	0.04186374547770935	-0.11644744247909505	-0.1373743562106055	0.09704641791150474	-0.07241532907302811	0.08992917014235305	0.010501281273984902	0.06709720900864533	-0.026516307079050255	-0.03463485889741039	0.016617345706648527	-0.029241471396385218	0.038201935054887406	-0.06649384574062053	0.01954787405322481	0.04703480862805344	0.0018654229751772853	0.01735875624229785	0.00601205308762399	-0.027303536561557117	0.03576064864205912	0.011489281326243418	-0.009451118443739394	0.0012370921960068086	-0.02277178305379398	-0.012306464756078848	-0.015716681567445406	0.0074965664112451565	-0.02900557551619652	0.012541253410544316	0.008503618659467672	-0.009909102955371622	-0.0036290007649645555	-0.006647166848466043	0.0010552442877968678	-0.0013432573090664888	0.005182029882199858	-0.005592823628682926	-0.0012322757139061273	0.0016481060215669768	0.0015283064674203903	-0.007636658221560662	-0.0001462508749896046	-0.0005720007148189779	-0.00242999361029395	4.808290991611972e-05	-1.2454380539924016e-05	-0.0	0.0	-0.0	-0.0	-0.0	-0.0	0.0	-0.0	-0.0	-0.0	-0.0	-0.0	-0.0	0.0	0.0	-0.0	0.0	0.0	-0.0	-0.0	0.0	0.0	-0.0	0.0	-0.0	-0.0	0.0	0.0	0.0	-0.0	-0.0	0.0	0.0	-0.0	-0.0	-0.0	-0.0	-0.0	-0.0	-0.0	0.0	0.0	0.0	0.0	0.0	0.0	0.0	0.0	0.0	0.0	0.0	0.0	0.0	0.0	0.0	0.0	0.0	0.0	0.0	0.0	0.0	0.0	0.0	0.0	0.0	0.0	0.0	0.0	0.0	0.0	0.0	0.0	0.0	0.0	0.0	0.0	0.0	0.0	0.0	0.0	0.0	0.0	0.0	0.0	0.0	0.0	0.0	0.0	0.0	0.0	0.0	0.0	0.0	0.0	0.0	0.0	0.0	0.0	0.0	0.0	0.0	0.0	0.0	0.0	0.0	0.0	0.0	0.0
S2017t3F_E19-T3b-Female	0.2593331063389651	0.5496751263480374	0.2256001044662183	0.24667236161385894	0.24896692514157603	-0.0011537971526597351	0.1457742285700005	-0.09126472149074061	0.008745558536458002	0.045442512085755955	-0.12541852874358708	-0.10681703758878955	-0.03672313640746612	0.03051801206470733	-0.002853378769284459	0.034497520411446	-0.02322142397946114	0.006213058758253416	-0.008651790156741059	-0.0065847203732956345	0.017180061124599653	-0.0023609983707886546	0.023622328720784895	0.010916415626312482	0.020638705819942198	0.010108340072294438	0.0050035135162494315	-0.03474022937722353	0.028010158028896493	-0.055028721981163896	0.0060210687558873086	-0.02674109243076163	-0.011331435926118131	-0.0017109929675319503	-0.008189260807249141	0.0066819801727489945	-0.0022433920131909924	0.0123173273417142	-0.0016257062894195972	0.00285389338286244	0.0007440534453389807	0.008896654808407668	-0.003010757293159614	-0.00032107973593225366	-0.004122827057343201	-0.004517472735376804	-0.0030357642123813333	0.001784535035197302	-0.0007756727777562779	-0.0004939698517840936	6.552919886685656e-05	-0.0	0.0	0.0	-0.0	-0.0	-0.0	0.0	-0.0	-0.0	-0.0	-0.0	-0.0	-0.0	0.0	0.0	-0.0	0.0	0.0	-0.0	-0.0	0.0	0.0	-0.0	0.0	-0.0	-0.0	0.0	0.0	0.0	-0.0	0.0	0.0	0.0	-0.0	-0.0	-0.0	-0.0	-0.0	-0.0	-0.0	0.0	0.0	0.0	0.0	0.0	0.0	0.0	0.0	0.0	0.0	0.0	0.0	0.0	0.0	0.0	0.0	0.0	0.0	0.0	0.0	0.0	0.0	0.0	0.0	0.0	0.0	0.0	0.0	0.0	0.0	0.0	0.0	0.0	0.0	0.0	0.0	0.0	0.0	0.0	0.0	0.0	0.0	0.0	0.0	0.0	0.0	0.0	0.0	0.0	0.0	0.0	0.0	0.0	0.0	0.0	0.0	0.0	0.0	0.0	0.0	0.0	0.0	0.0	0.0	0.0	0.0	0.0	0.0
S2017t3F_E23-T3b-Female	-0.11376301855557014	0.3022475360694688	0.3041858594005676	-0.07025170294904891	0.12273925992689078	0.13652613707457992	-0.005069932809441962	0.07894924154932378	-0.07248273858184452	0.07148055143092677	-0.06349088516963249	0.10469030962136491	-0.09164013748464298	-0.032428453078437405	-0.05957720977359894	0.06442329676784031	0.00957385220692214	0.027795370740001282	-0.018011171638380424	0.015965699751669383	-0.044895170931201475	0.015492215310914962	-0.031582738490569175	-0.03194987143621501	-0.050143781159119334	0.028210855980529765	0.0025772970638893917	0.004697376700974485	-0.02500462241910601	-0.014202155924765498	0.015889760793766312	0.004153408312848228	0.014060033820295028	0.007257546757336118	-0.0031219772122001803	-0.004977727775399572	0.0005476785313353666	-0.0029858693566042617	-0.000418524106985354	-0.003959182337168385	0.01273047627348354	0.001034378273808041	0.00299777425000113	-0.002550920811287396	-0.0011007610553557185	0.006531337835397858	0.00030884517970513833	0.0014252817439639016	0.001344507825918538	0.0008895613241791647	-8.440670784734834e-05	-0.0	0.0	-0.0	-0.0	-0.0	-0.0	0.0	-0.0	-0.0	-0.0	-0.0	-0.0	-0.0	0.0	0.0	-0.0	0.0	0.0	-0.0	-0.0	0.0	0.0	-0.0	0.0	-0.0	-0.0	0.0	0.0	0.0	-0.0	-0.0	0.0	0.0	-0.0	-0.0	-0.0	-0.0	-0.0	-0.0	-0.0	0.0	0.0	0.0	0.0	0.0	0.0	0.0	0.0	0.0	0.0	0.0	0.0	0.0	0.0	0.0	0.0	0.0	0.0	0.0	0.0	0.0	0.0	0.0	0.0	0.0	0.0	0.0	0.0	0.0	0.0	0.0	0.0	0.0	0.0	0.0	0.0	0.0	0.0	0.0	0.0	0.0	0.0	0.0	0.0	0.0	0.0	0.0	0.0	0.0	0.0	0.0	0.0	0.0	0.0	0.0	0.0	0.0	0.0	0.0	0.0	0.0	0.0	0.0	0.0	0.0	0.0	0.0	0.0
S2017t3F_E30-T3a-Female	-0.3376117063990904	0.03284670985522225	-0.06731530747949033	0.09994430159780561	0.17088171133892968	0.05022633599878987	-0.1261334897612351	-0.0016805161744367473	-0.09604024210801752	0.034218736693417094	0.032935549498862265	-0.025276971997607693	0.0033950967317124465	0.013677339481098305	0.05134532871647273	0.032101828295313224	0.06748025234103378	-0.016176930504189658	-0.025710102548671437	-4.066516203371776e-05	-0.005213502301490256	0.00921007867718742	0.0016977247966732676	0.0067147143636164626	0.02458415979565702	-0.010258337137831095	-0.034516611308579664	0.012880590675262545	-0.02406005616726388	0.004564290256397422	0.010248025323489238	0.01094164150251847	0.010860590026908963	-0.005256211684135868	-0.0025861571108557577	0.003982515698435102	0.008329105472770248	0.003873177052412198	0.007138191671887316	-0.010484136885240672	-0.0012954384785899967	0.0021484575388129286	-0.0020753906851598593	-0.00924664031336801	-0.008003944456492074	-0.0019160592486173668	0.0004564195418276433	0.0032852732134899293	-0.004760647296450106	0.0035957565263682605	-0.00013630819027461014	-0.0	0.0	-0.0	-0.0	-0.0	-0.0	0.0	-0.0	-0.0	-0.0	-0.0	-0.0	-0.0	0.0	0.0	-0.0	0.0	0.0	-0.0	-0.0	0.0	0.0	-0.0	0.0	0.0	-0.0	0.0	0.0	0.0	-0.0	-0.0	-0.0	0.0	-0.0	-0.0	-0.0	-0.0	-0.0	-0.0	-0.0	0.0	0.0	0.0	0.0	0.0	0.0	0.0	0.0	0.0	0.0	0.0	0.0	0.0	0.0	0.0	0.0	0.0	0.0	0.0	0.0	0.0	0.0	0.0	0.0	0.0	0.0	0.0	0.0	0.0	0.0	0.0	0.0	0.0	0.0	0.0	0.0	0.0	0.0	0.0	0.0	0.0	0.0	0.0	0.0	0.0	0.0	0.0	0.0	0.0	0.0	0.0	0.0	0.0	0.0	0.0	0.0	0.0	0.0	0.0	0.0	0.0	0.0	0.0	0.0	0.0	0.0	0.0	0.0
S2017t3M_E11-T3b-Male	0.4374093730790599	0.004314549838972851	-0.006984202548908924	0.43464023932064116	0.31099842283928225	-0.0007516198671125117	3.4812966017728264e-06	-0.08875029720538297	0.11121443781465165	-0.08088928804696235	-0.04459616821070966	0.04930140534737333	-0.08513162682218474	-0.04162313028867459	-0.03706987300279172	-0.05187978142360354	0.035872252453932746	0.0821471139850409	-0.002642438365848378	-0.007457729081545191	-0.035448746891590235	0.01141466480446531	0.007966723729248117	0.029428619737902374	-0.0013228831223146495	-0.026980566886215803	-0.008995815255804285	0.01879434293984453	-0.007668812889883816	-0.013909833019848123	-0.0014263363693089912	-0.02302184867095809	-0.0013636235129941764	0.008694331614720016	-0.0007303304814043698	0.0023893001781778965	0.0034163448405783096	-0.007204042682455053	-0.00027653774983673425	0.008084594184646696	-0.011151145323109872	-0.0015861468871090413	0.006255568339677241	0.0008295035313574233	0.0004851452674378807	0.000285591836056924	-0.0039436915171348315	0.0008338778382996832	-0.000719208922302156	-1.4115180133205583e-06	2.495166497905912e-05	-0.0	0.0	0.0	-0.0	-0.0	-0.0	0.0	-0.0	-0.0	-0.0	-0.0	-0.0	-0.0	0.0	0.0	-0.0	0.0	0.0	-0.0	-0.0	0.0	0.0	-0.0	0.0	-0.0	-0.0	0.0	0.0	0.0	-0.0	-0.0	0.0	0.0	-0.0	-0.0	-0.0	-0.0	-0.0	-0.0	-0.0	0.0	0.0	0.0	0.0	0.0	0.0	0.0	0.0	0.0	0.0	0.0	0.0	0.0	0.0	0.0	0.0	0.0	0.0	0.0	0.0	0.0	0.0	0.0	0.0	0.0	0.0	0.0	0.0	0.0	0.0	0.0	0.0	0.0	0.0	0.0	0.0	0.0	0.0	0.0	0.0	0.0	0.0	0.0	0.0	0.0	0.0	0.0	0.0	0.0	0.0	0.0	0.0	0.0	0.0	0.0	0.0	0.0	0.0	0.0	0.0	0.0	0.0	0.0	0.0	0.0	0.0	0.0	0.0
S2017t3M_E16-T3a-Male	0.5363581773929872	-0.325170960052028	0.03475647510262417	0.05974982215895507	-0.05454333121253513	-0.11311502611894192	-0.02681995765679801	0.0397865905736568	-0.0031939837677798393	0.048354800358140736	0.025406423557002095	-0.003140513267251622	0.002862796389330452	0.040882220148542155	0.0033346018703729083	-0.042223289728175635	-0.04048371867770679	0.030447403148010775	-0.026128676595072883	0.007393204698267783	0.04073042707297579	-0.052430786902448547	-0.0008891138552464344	-0.01580446168922036	0.005531499018166208	0.030544535060558486	-0.010986352556785785	-0.0058435064884	-0.0032856539434529372	-0.00808401126628558	0.009459990392514188	-0.0001528716068588438	0.024146695483827193	-0.021639439248830217	0.014128789153281085	-0.013102678612482484	0.014322102433178142	-0.016261653988124108	0.001534412005637447	0.00046988151282975805	0.02082309224202489	-0.002101425150716899	0.005068699090220551	0.012765347230557778	-0.014364135478210447	-0.014790392165906874	-0.002819809982154247	0.002316296517883034	-7.326990125211714e-05	-4.063419809626714e-05	8.590985228078256e-05	-0.0	0.0	0.0	-0.0	-0.0	-0.0	0.0	-0.0	-0.0	-0.0	-0.0	-0.0	-0.0	0.0	0.0	-0.0	0.0	0.0	-0.0	-0.0	0.0	0.0	-0.0	0.0	-0.0	-0.0	0.0	0.0	0.0	-0.0	0.0	0.0	0.0	-0.0	-0.0	-0.0	-0.0	-0.0	-0.0	-0.0	0.0	0.0	0.0	0.0	0.0	0.0	0.0	0.0	0.0	0.0	0.0	0.0	0.0	0.0	0.0	0.0	0.0	0.0	0.0	0.0	0.0	0.0	0.0	0.0	0.0	0.0	0.0	0.0	0.0	0.0	0.0	0.0	0.0	0.0	0.0	0.0	0.0	0.0	0.0	0.0	0.0	0.0	0.0	0.0	0.0	0.0	0.0	0.0	0.0	0.0	0.0	0.0	0.0	0.0	0.0	0.0	0.0	0.0	0.0	0.0	0.0	0.0	0.0	0.0	0.0	0.0	0.0	0.0
S2017t3M_E19-T3b-Male	0.24044206057213663	0.5486750399821757	0.35547333881702814	-0.08009033285779436	-0.010245900142128488	-0.13710491112092366	-0.11944669908135433	0.14046712337467757	-0.04608047990833455	0.010481785957736288	0.00498748439643901	0.05467047022588928	-0.05819712688677576	0.0200948956376983	0.03218471102533772	-0.04135448670526911	-0.012953085998538996	-0.02907971631755431	0.03187048103059222	0.008408308566534788	0.06121867109972063	0.03637980229338852	0.0013499098323821333	0.0508162845401481	-0.03437690488213417	-0.027592630707965814	0.04658264424727637	0.009420585334843244	0.04159950538398944	0.030424010082222952	0.012961554073411135	-0.005780941575332003	0.03764337317579603	-0.013411419426623359	-0.01757582825721031	-0.0024199863450356713	0.003477300481723844	0.011143433822697474	0.0027111050142985286	-0.0024141773909714895	-0.0023746185340038574	0.005908443465181932	0.007693350018141484	-0.0008753933690156036	-0.002890033184891099	-0.0004267556800916801	0.0005297893816070197	-0.0007760681066139248	0.0018982149415143741	-0.0005821686139475743	-1.1976668906274319e-05	-0.0	0.0	0.0	-0.0	-0.0	-0.0	0.0	-0.0	-0.0	-0.0	-0.0	-0.0	-0.0	0.0	0.0	-0.0	0.0	0.0	-0.0	-0.0	0.0	0.0	-0.0	0.0	-0.0	-0.0	0.0	0.0	0.0	-0.0	-0.0	0.0	0.0	-0.0	-0.0	-0.0	-0.0	-0.0	-0.0	-0.0	0.0	0.0	0.0	0.0	0.0	0.0	0.0	0.0	0.0	0.0	0.0	0.0	0.0	0.0	0.0	0.0	0.0	0.0	0.0	0.0	0.0	0.0	0.0	0.0	0.0	0.0	0.0	0.0	0.0	0.0	0.0	0.0	0.0	0.0	0.0	0.0	0.0	0.0	0.0	0.0	0.0	0.0	0.0	0.0	0.0	0.0	0.0	0.0	0.0	0.0	0.0	0.0	0.0	0.0	0.0	0.0	0.0	0.0	0.0	0.0	0.0	0.0	0.0	0.0	0.0	0.0	0.0	0.0
S2017t3M_E23-T3a-Male	-0.2425578861735814	0.0928328207957677	-0.021527151526729734	0.29807579597145645	0.29509862283568633	0.09729461996381343	0.08697440275186746	-0.04227721416810881	0.016865020393603575	-0.051983170100224775	0.016457879769725858	0.11312246089028533	-0.06618120016690505	0.024274825751121373	-0.06417092500138814	0.07138679667977509	-0.04063742370986572	-0.04441898087700336	-0.002120589716332714	0.010896196561094088	0.06656449464151917	-0.04694680579195589	0.018810249638799688	-0.024960949911467755	0.014178117999990435	-0.004948625890285077	-0.010488825914303935	-0.04166795754122683	0.007519034494800979	-0.0024260357087467336	0.007917512044597267	0.01599868261925488	-0.018925833839980036	0.0023357311115387667	0.00028285713278314295	-0.004581594150874572	-0.011926320844161637	0.0087268807026079	0.008116317557781316	-0.012880914552142988	0.0022831111761637945	0.00019068833880755008	0.001898369803183634	0.008018508039559832	-0.0018152015766438043	-0.0042104571206505155	-0.002561418112387846	-0.0005836536380070578	0.001543135986839906	-0.0006080363566439768	-3.742988170555852e-05	-0.0	0.0	-0.0	-0.0	-0.0	-0.0	0.0	-0.0	-0.0	-0.0	-0.0	-0.0	-0.0	0.0	0.0	-0.0	0.0	0.0	-0.0	-0.0	0.0	0.0	-0.0	0.0	-0.0	-0.0	0.0	0.0	0.0	-0.0	-0.0	0.0	0.0	-0.0	-0.0	-0.0	-0.0	-0.0	-0.0	-0.0	0.0	0.0	0.0	0.0	0.0	0.0	0.0	0.0	0.0	0.0	0.0	0.0	0.0	0.0	0.0	0.0	0.0	0.0	0.0	0.0	0.0	0.0	0.0	0.0	0.0	0.0	0.0	0.0	0.0	0.0	0.0	0.0	0.0	0.0	0.0	0.0	0.0	0.0	0.0	0.0	0.0	0.0	0.0	0.0	0.0	0.0	0.0	0.0	0.0	0.0	0.0	0.0	0.0	0.0	0.0	0.0	0.0	0.0	0.0	0.0	0.0	0.0	0.0	0.0	0.0	0.0	0.0	0.0
S2017t3M_E23-T3b-Male	0.23494353551347613	0.5334645068293545	0.367078455680785	-0.14043622766399846	-0.06367165787739607	-0.1701579689724806	-0.07952118699310394	0.07312016431993776	-0.019031692181883705	0.008106169693468408	0.052668910622830314	0.050781557834539894	-0.03383284231155371	-0.012368371594158583	0.009507710736269903	-0.07614988592547527	-0.07545726564171423	0.030360739312735443	-0.000817461712022727	-0.013297660058898677	0.015818349785895396	-0.03056889378861119	0.018975716750422037	-0.018771284901278173	7.182672946968852e-05	0.012040237405325902	-0.028349055610505797	-0.01706262335283012	-0.03328342540706812	-0.0011704278435209743	-0.004839327012171316	0.0074725834388425115	-0.011921592523596015	0.015253767181311812	-0.00043667658864335557	0.027602969110917377	0.007913823199102688	0.024945799688759374	-0.001275470368794489	0.0007865864260871611	-0.019089244690204826	-0.009204894481573883	-0.009145316733838574	-0.004555306410821874	-0.005613093350116228	0.008251538428540268	0.0033831899216474623	-0.00036826170596925055	0.001546890917000323	-0.0003865370563951123	-2.5981853755038665e-05	-0.0	0.0	-0.0	-0.0	-0.0	-0.0	0.0	-0.0	-0.0	-0.0	-0.0	-0.0	-0.0	0.0	0.0	-0.0	0.0	0.0	-0.0	-0.0	0.0	0.0	-0.0	0.0	-0.0	-0.0	0.0	0.0	0.0	-0.0	-0.0	0.0	0.0	-0.0	-0.0	-0.0	-0.0	-0.0	-0.0	-0.0	0.0	0.0	0.0	0.0	0.0	0.0	0.0	0.0	0.0	0.0	0.0	0.0	0.0	0.0	0.0	0.0	0.0	0.0	0.0	0.0	0.0	0.0	0.0	0.0	0.0	0.0	0.0	0.0	0.0	0.0	0.0	0.0	0.0	0.0	0.0	0.0	0.0	0.0	0.0	0.0	0.0	0.0	0.0	0.0	0.0	0.0	0.0	0.0	0.0	0.0	0.0	0.0	0.0	0.0	0.0	0.0	0.0	0.0	0.0	0.0	0.0	0.0	0.0	0.0	0.0	0.0	0.0	0.0
S3-female-1	-0.431473623662535	-0.0864274887492978	0.007895549978916054	0.003162124786958213	-0.01757143116533195	-0.09446106426662984	0.009351691523353387	-0.014925055920815672	-0.012902052463627047	-0.0037188951075777495	-0.02131797398897875	0.007883150275381572	0.0014342577445924853	-0.010468924088952091	0.0005701498405640738	0.009249112693811444	-0.00366704100289301	0.006635188700088946	-0.0025730218393074434	0.0033038858109623154	-0.0014783097913118998	-0.0005914561199471522	0.0014098655013818854	0.0025502579776023383	-0.0001450891386554664	-0.00010307506193651185	-0.000146846979937267	0.0011902110692698388	-0.0034471637213832566	0.0020999365395618463	-0.0007254688662024946	0.0013958059741400477	-0.0005388953909315117	-0.00012374716167016768	-0.0019543742379230875	-0.00046582017425922503	0.0013230942409524498	0.00037654020366962925	0.0006523121822275635	-0.0004878121658576287	-0.0002723052181643002	0.0012113236978679497	-0.00016038592681633787	0.0003657876964549495	-0.0009719431055050592	0.0003977626271544416	-0.0007762557949176368	-1.9000532080793543e-05	-0.0002087212152493223	0.0002752729133675754	8.05491513888635e-06	-0.0	0.0	-0.0	0.0	-0.0	0.0	-0.0	-0.0	0.0	0.0	-0.0	-0.0	0.0	0.0	0.0	-0.0	0.0	0.0	0.0	0.0	-0.0	-0.0	-0.0	-0.0	-0.0	-0.0	-0.0	0.0	0.0	-0.0	0.0	-0.0	-0.0	-0.0	0.0	0.0	-0.0	-0.0	0.0	0.0	0.0	0.0	0.0	0.0	0.0	0.0	0.0	0.0	0.0	0.0	0.0	0.0	0.0	0.0	0.0	0.0	0.0	0.0	0.0	0.0	0.0	0.0	0.0	0.0	0.0	0.0	0.0	0.0	0.0	0.0	0.0	0.0	0.0	0.0	0.0	0.0	0.0	0.0	0.0	0.0	0.0	0.0	0.0	0.0	0.0	0.0	0.0	0.0	0.0	0.0	0.0	0.0	0.0	0.0	0.0	0.0	0.0	0.0	0.0	0.0	0.0	0.0	0.0	0.0	0.0	0.0	0.0	0.0
S3-female-3	0.07030006122101536	-0.2237384721028293	0.08140333475825637	-0.0494788045671464	0.05843172268033974	0.20701316186667387	0.003606138588407232	0.056050799180965595	0.10490827460985226	-0.007733394061299696	0.12475008419711708	0.015335872476189047	-0.026667095863642132	-0.01711210191234976	-0.010886343346614546	-0.045084091885900304	0.004396029909738418	0.08027724018456898	-0.028761461655926884	0.07554505410087566	-0.05602006675188256	-0.06349608606814688	-0.019718921982162112	-0.0013908929838891827	0.010530219739513319	0.00657824643457269	0.024869618940908864	0.022253681555360477	0.03131829519590868	-0.012246533411709679	-0.0011862387220555497	-0.026783171226105986	0.014234337577898543	-0.004734795546810662	-0.005735600184922585	-0.0056869116421419535	-0.004844281803864074	-0.00228088232802701	0.00024578698168762275	-0.0004050288911732884	-0.004098087125797101	-0.0007048709191327101	-0.0025557719437710766	0.0022320407664997684	0.0030889040990472404	0.0023988191066007004	0.00028963959456370785	0.0007245822531286555	0.000508253539905565	0.0013696047476258457	8.317384568103826e-06	-0.0	0.0	0.0	-0.0	-0.0	-0.0	0.0	-0.0	-0.0	-0.0	-0.0	-0.0	-0.0	0.0	0.0	-0.0	0.0	0.0	-0.0	-0.0	0.0	0.0	-0.0	0.0	-0.0	-0.0	0.0	0.0	0.0	-0.0	-0.0	0.0	0.0	-0.0	-0.0	-0.0	-0.0	-0.0	-0.0	-0.0	0.0	0.0	0.0	0.0	0.0	0.0	0.0	0.0	0.0	0.0	0.0	0.0	0.0	0.0	0.0	0.0	0.0	0.0	0.0	0.0	0.0	0.0	0.0	0.0	0.0	0.0	0.0	0.0	0.0	0.0	0.0	0.0	0.0	0.0	0.0	0.0	0.0	0.0	0.0	0.0	0.0	0.0	0.0	0.0	0.0	0.0	0.0	0.0	0.0	0.0	0.0	0.0	0.0	0.0	0.0	0.0	0.0	0.0	0.0	0.0	0.0	0.0	0.0	0.0	0.0	0.0	0.0	0.0
S3-male-1	-0.4314736236625349	-0.08642748874929775	0.007895549978916097	0.003162124786958202	-0.017571431165331955	-0.09446106426662983	0.009351691523353366	-0.014925055920815554	-0.012902052463627007	-0.003718895107577669	-0.021317973988978788	0.007883150275381584	0.0014342577445924402	-0.010468924088952083	0.000570149840563998	0.009249112693811542	-0.0036670410028930714	0.006635188700088983	-0.0025730218393075024	0.0033038858109622608	-0.001478309791311812	-0.0005914561199472548	0.0014098655013817549	0.002550257977602283	-0.00014508913865542082	-0.00010307506193642543	-0.00014684697993732582	0.0011902110692698833	-0.003447163721383019	0.0020999365395619383	-0.0007254688662020872	0.0013958059741401266	-0.0005388953909314807	-0.00012374716167036032	-0.0019543742379228707	-0.0004658201742593513	0.001323094240952147	0.0003765402036696969	0.0006523121822275614	-0.00048781216585813437	-0.0002723052181646095	0.001211323697867575	-0.0001603859268168025	0.0003657876964542749	-0.0009719431055054385	0.00039776262715471175	-0.0007762557949177418	-1.9000532079471223e-05	-0.00020872121525146754	0.0002752729133684985	8.054915162034547e-06	0.0	0.0	0.0	0.0	0.0	0.0	-0.0	-0.0	-0.0	0.0	-0.0	-0.0	0.0	0.0	-0.0	0.0	0.0	0.0	0.0	-0.0	0.0	-0.0	-0.0	0.0	-0.0	-0.0	-0.0	0.0	0.0	-0.0	-0.0	0.0	0.0	0.0	0.0	-0.0	0.0	0.0	0.0	0.0	0.0	0.0	0.0	0.0	0.0	0.0	0.0	0.0	0.0	0.0	0.0	0.0	0.0	0.0	0.0	0.0	0.0	0.0	0.0	0.0	0.0	0.0	0.0	0.0	0.0	0.0	0.0	0.0	0.0	0.0	0.0	0.0	0.0	0.0	0.0	0.0	0.0	0.0	0.0	0.0	0.0	0.0	0.0	0.0	0.0	0.0	0.0	0.0	0.0	0.0	0.0	0.0	0.0	0.0	0.0	0.0	0.0	0.0	0.0	0.0	0.0	0.0	0.0	0.0	0.0	0.0	0.0	0.0
S3-male-2	0.17141317005654502	0.47880462128632195	0.1751710547426161	-0.059681008921343766	-0.3336722071770211	0.20511160770934322	0.048562208256088396	-0.04562278735673673	-0.022839217064788465	0.03939641984321924	-0.02906067592667191	-0.2751147399654449	-0.05926004460560697	0.05340388102440247	-0.10245136223157694	-0.014372531661248876	-0.005809680250794765	-0.07831035311975786	-0.05884067860563052	-0.025767369878282095	-0.0481936826303652	-0.006504824410930281	-0.0038745892386095842	0.03406727391680864	-0.04712010836524893	0.01726281834610334	0.021046210216947567	-0.012351836547248534	-0.023441958332168975	-0.00915829250654478	-0.013015311632028903	-0.002340954609661155	0.006655741710742784	0.010981228319476113	0.006235683133932387	0.006477617093870935	-0.0030107122381121455	-0.0025267559618896585	0.00010897135711666439	0.0017526841388122154	-0.0022561844986506412	0.0006386204287385486	0.0010167428711690756	0.0013954959662031846	-2.0171003368913818e-05	-0.0010169455455522308	-0.0017876014776764604	0.0001964583319919111	-0.0008980906126651922	-0.0003658972237764379	7.258267039596848e-05	-0.0	0.0	0.0	-0.0	-0.0	-0.0	0.0	-0.0	-0.0	-0.0	-0.0	-0.0	-0.0	0.0	0.0	-0.0	0.0	0.0	-0.0	-0.0	0.0	0.0	-0.0	0.0	-0.0	-0.0	0.0	0.0	0.0	-0.0	-0.0	0.0	0.0	-0.0	-0.0	-0.0	-0.0	-0.0	-0.0	-0.0	0.0	0.0	0.0	0.0	0.0	0.0	0.0	0.0	0.0	0.0	0.0	0.0	0.0	0.0	0.0	0.0	0.0	0.0	0.0	0.0	0.0	0.0	0.0	0.0	0.0	0.0	0.0	0.0	0.0	0.0	0.0	0.0	0.0	0.0	0.0	0.0	0.0	0.0	0.0	0.0	0.0	0.0	0.0	0.0	0.0	0.0	0.0	0.0	0.0	0.0	0.0	0.0	0.0	0.0	0.0	0.0	0.0	0.0	0.0	0.0	0.0	0.0	0.0	0.0	0.0	0.0	0.0	0.0
S3-male-3	-0.1608662293106905	-0.16776947339570114	0.04647393857588684	-0.06136614829779619	0.053839188881688885	0.11516689253816442	-0.09658820648992267	-0.09001734918180924	0.05943400395179347	-0.09783728102097548	0.03929825149546045	-0.025851539097921733	0.03841594961674481	0.0034662814852263004	-0.014146592868115676	0.011411824148531704	-0.0015438932527515217	-0.03716079599045743	-0.05450670138381829	0.076461172695311	0.03486873326865469	0.01447685520632325	-0.0332610311831833	0.015017121975514386	-0.004143197029378883	-0.008142006565269701	-0.018998927760805934	0.011433603559126794	-0.003610697726301822	-0.0011302384997332014	0.015738713718444493	0.014631652585254335	-0.010688022141202127	-0.010758572474378577	-0.008293753355397317	0.013045174858363557	-0.014225585087367397	-0.01751792488221458	-0.016140619470768263	0.021678782900933717	0.016999304410107056	-0.004578827471477034	0.0031212374644321835	-0.003924945631301865	-0.006992520292577524	0.005166013734914102	0.0002336236288715946	-0.0016532987283885167	0.001478614014126089	-0.0008775378752320435	0.00011261508325395671	-0.0	0.0	0.0	-0.0	-0.0	-0.0	0.0	-0.0	-0.0	-0.0	-0.0	-0.0	-0.0	0.0	0.0	-0.0	0.0	0.0	-0.0	-0.0	0.0	0.0	-0.0	0.0	-0.0	-0.0	0.0	0.0	0.0	-0.0	0.0	0.0	0.0	-0.0	-0.0	-0.0	-0.0	-0.0	-0.0	-0.0	0.0	0.0	0.0	0.0	0.0	0.0	0.0	0.0	0.0	0.0	0.0	0.0	0.0	0.0	0.0	0.0	0.0	0.0	0.0	0.0	0.0	0.0	0.0	0.0	0.0	0.0	0.0	0.0	0.0	0.0	0.0	0.0	0.0	0.0	0.0	0.0	0.0	0.0	0.0	0.0	0.0	0.0	0.0	0.0	0.0	0.0	0.0	0.0	0.0	0.0	0.0	0.0	0.0	0.0	0.0	0.0	0.0	0.0	0.0	0.0	0.0	0.0	0.0	0.0	0.0	0.0	0.0	0.0
S4-female-1	-0.42455539403514425	-0.06759353376015093	0.0013722140889050646	0.026626378865554523	-0.06513349944453235	-0.020302847842381674	0.009072150671869632	0.0028607320007240844	0.0012661773232508088	0.0329629620068815	0.026998279293219764	-0.04442936788232898	0.021618960828575215	0.017844063384907217	-0.08391814199300363	-0.06200721296964144	0.025655769212724736	-0.0209840451773861	0.025535288582524827	-0.06317907015382501	-0.017902029467859754	-0.006707375213630655	-0.003942556131755995	0.009057787669861256	-0.019572299977809005	-0.00500602265374617	0.021627651160028644	-0.01007649641640931	0.010958254453808021	0.008558298899142747	-0.022746799826241566	-0.005086714618690394	-0.02357979382780695	-0.031818900614302995	-0.0008843278427785976	0.010812432574577027	-0.007860139446066393	1.4500404949781673e-05	-0.012675698899894523	0.01405672883188638	-0.0038840145523596297	-0.01801366776698197	0.00794450198508142	-0.0014037654531487652	0.013982916446908683	-0.004760641403725845	0.011571478629548366	0.002400677343082481	-0.0013942920205550816	-0.00043783106624518644	3.4555845358682846e-05	-0.0	0.0	-0.0	-0.0	-0.0	-0.0	0.0	-0.0	-0.0	-0.0	-0.0	-0.0	-0.0	0.0	0.0	-0.0	0.0	0.0	-0.0	-0.0	0.0	0.0	-0.0	0.0	-0.0	-0.0	0.0	0.0	0.0	-0.0	0.0	0.0	0.0	-0.0	-0.0	-0.0	-0.0	-0.0	-0.0	-0.0	0.0	0.0	0.0	0.0	0.0	0.0	0.0	0.0	0.0	0.0	0.0	0.0	0.0	0.0	0.0	0.0	0.0	0.0	0.0	0.0	0.0	0.0	0.0	0.0	0.0	0.0	0.0	0.0	0.0	0.0	0.0	0.0	0.0	0.0	0.0	0.0	0.0	0.0	0.0	0.0	0.0	0.0	0.0	0.0	0.0	0.0	0.0	0.0	0.0	0.0	0.0	0.0	0.0	0.0	0.0	0.0	0.0	0.0	0.0	0.0	0.0	0.0	0.0	0.0	0.0	0.0	0.0	0.0
S4-female-2	-0.4314736236625349	-0.08642748874929777	0.007895549978916097	0.0031621247869581984	-0.017571431165331965	-0.09446106426662984	0.009351691523353422	-0.01492505592081559	-0.012902052463627026	-0.0037188951075776897	-0.021317973988978813	0.007883150275381577	0.0014342577445924255	-0.010468924088952093	0.0005701498405640003	0.009249112693811509	-0.0036670410028931113	0.006635188700088916	-0.0025730218393075	0.003303885810962312	-0.0014783097913117918	-0.0005914561199470826	0.0014098655013817917	0.0025502579776023283	-0.00014508913865546194	-0.00010307506193643765	-0.00014684697993739925	0.0011902110692699477	-0.003447163721383096	0.0020999365395618984	-0.0007254688662023618	0.0013958059741400828	-0.0005388953909317081	-0.0001237471616700313	-0.0019543742379228993	-0.00046582017425930505	0.0013230942409523322	0.00037654020366969095	0.0006523121822274521	-0.0004878121658583454	-0.00027230521816472904	0.0012113236978678308	-0.0001603859268162749	0.0003657876964546677	-0.0009719431055053943	0.00039776262715486273	-0.0007762557949178103	-1.9000532079305075e-05	-0.00020872121525102968	0.0002752729133677575	8.05491515231367e-06	-0.0	0.0	-0.0	-0.0	0.0	-0.0	0.0	0.0	0.0	-0.0	-0.0	0.0	-0.0	-0.0	-0.0	-0.0	0.0	0.0	-0.0	-0.0	-0.0	0.0	-0.0	-0.0	0.0	-0.0	-0.0	0.0	0.0	0.0	0.0	0.0	0.0	0.0	-0.0	0.0	0.0	0.0	0.0	-0.0	0.0	0.0	0.0	0.0	0.0	0.0	0.0	0.0	0.0	0.0	0.0	0.0	0.0	0.0	0.0	0.0	0.0	0.0	0.0	0.0	0.0	0.0	0.0	0.0	0.0	0.0	0.0	0.0	0.0	0.0	0.0	0.0	0.0	0.0	0.0	0.0	0.0	0.0	0.0	0.0	0.0	0.0	0.0	0.0	0.0	0.0	0.0	0.0	0.0	0.0	0.0	0.0	0.0	0.0	0.0	0.0	0.0	0.0	0.0	0.0	0.0	0.0	0.0	0.0	0.0	0.0	0.0	0.0
S4-female-3	-0.4314736236625349	-0.08642748874929777	0.007895549978916089	0.0031621247869582057	-0.017571431165331972	-0.09446106426662983	0.009351691523353453	-0.01492505592081564	-0.01290205246362704	-0.003718895107577699	-0.021317973988978757	0.007883150275381614	0.0014342577445923882	-0.010468924088952088	0.0005701498405640505	0.009249112693811463	-0.0036670410028930697	0.006635188700088906	-0.002573021839307484	0.0033038858109623865	-0.0014783097913117036	-0.0005914561199469851	0.0014098655013818275	0.0025502579776024254	-0.00014508913865540096	-0.000103075061936396	-0.00014684697993739057	0.0011902110692699303	-0.003447163721383027	0.0020999365395619374	-0.0007254688662023085	0.0013958059741401283	-0.0005388953909315807	-0.00012374716167002796	-0.001954374237922979	-0.0004658201742592428	0.0013230942409523667	0.000376540203669537	0.0006523121822272684	-0.00048781216585813724	-0.0002723052181648126	0.0012113236978679278	-0.00016038592681627046	0.00036578769645461524	-0.0009719431055053937	0.0003977626271547413	-0.0007762557949181262	-1.9000532079120653e-05	-0.00020872121525183224	0.00027527291336681265	8.054915127452632e-06	0.0	0.0	0.0	-0.0	-0.0	-0.0	-0.0	-0.0	0.0	-0.0	-0.0	-0.0	-0.0	0.0	-0.0	-0.0	0.0	0.0	0.0	0.0	-0.0	0.0	-0.0	-0.0	0.0	-0.0	-0.0	0.0	-0.0	0.0	-0.0	-0.0	0.0	-0.0	0.0	-0.0	0.0	-0.0	-0.0	-0.0	0.0	0.0	0.0	0.0	0.0	0.0	0.0	0.0	0.0	0.0	0.0	0.0	0.0	0.0	0.0	0.0	0.0	0.0	0.0	0.0	0.0	0.0	0.0	0.0	0.0	0.0	0.0	0.0	0.0	0.0	0.0	0.0	0.0	0.0	0.0	0.0	0.0	0.0	0.0	0.0	0.0	0.0	0.0	0.0	0.0	0.0	0.0	0.0	0.0	0.0	0.0	0.0	0.0	0.0	0.0	0.0	0.0	0.0	0.0	0.0	0.0	0.0	0.0	0.0	0.0	0.0	0.0	0.0
S4-male-2	-0.33519727049596604	0.04422924252730414	-0.04098251958488116	0.06440016485702683	0.15292887938528943	0.05926816678566512	-0.12602478089186753	-0.0033167637464337576	-0.08833316352452747	0.032711204753832275	0.026890485490954297	-0.026840736672342644	0.0064346309844166465	0.029601719290418858	0.0653285701102783	0.005133658826440164	0.04445150637152199	-0.007857689441570306	-0.023734812807517304	0.044597860992629045	-0.011649241463218519	0.013343109090136281	-0.024691024785157764	-0.0024267420684315963	0.009449987291344481	-0.01302829854820821	-0.04159370405699	0.008623246762482384	0.0031730141944835495	-0.0008537891336169781	0.0099351570120248	-0.00226881238061731	0.002849163745992901	0.028540573854430727	-0.005367380332170701	-0.008732115128209176	0.02368636570377304	-0.0006011611162466971	0.0014384136285238598	-0.0068952425667168134	0.008180141519636142	-0.013298127432621825	0.0062321592755062195	0.005134954170139952	0.01129482702102029	-0.003113664825640092	-0.002685507626366698	0.003729587747721671	0.005462181976557916	-0.0011801348645255829	3.8571135212492e-06	-0.0	0.0	-0.0	-0.0	-0.0	-0.0	0.0	-0.0	-0.0	-0.0	-0.0	-0.0	-0.0	0.0	0.0	-0.0	0.0	0.0	-0.0	-0.0	0.0	0.0	-0.0	0.0	-0.0	-0.0	0.0	0.0	0.0	-0.0	-0.0	0.0	0.0	-0.0	-0.0	-0.0	-0.0	-0.0	-0.0	-0.0	0.0	0.0	0.0	0.0	0.0	0.0	0.0	0.0	0.0	0.0	0.0	0.0	0.0	0.0	0.0	0.0	0.0	0.0	0.0	0.0	0.0	0.0	0.0	0.0	0.0	0.0	0.0	0.0	0.0	0.0	0.0	0.0	0.0	0.0	0.0	0.0	0.0	0.0	0.0	0.0	0.0	0.0	0.0	0.0	0.0	0.0	0.0	0.0	0.0	0.0	0.0	0.0	0.0	0.0	0.0	0.0	0.0	0.0	0.0	0.0	0.0	0.0	0.0	0.0	0.0	0.0	0.0	0.0
S4-male-3	-0.36526287523049544	-0.11335550747214745	0.02799053165991478	0.008090750327706665	0.004527131756360431	0.02264158256630772	-0.0006815730736817805	0.038750751897780815	0.0911289315838044	0.023962572566165838	0.10381573221647622	-0.05878083834702071	0.0544852454611655	-0.015578236322978696	-0.08276341733580507	-0.05437102365506524	0.042473505325571585	-0.018857400665123664	0.03409733015158722	-0.08554583097398258	-0.0028653249501638853	0.033038128033900306	-0.014631000065171174	-0.028465695606766445	0.025863817733777248	-0.01580843223646213	-0.002975353970346331	0.023316251493982077	0.0384887913233368	0.017527512412893596	0.04516230871906533	0.024044233030856458	-0.007134619194554968	0.015015210300879779	0.01123538571444876	0.013865532003943266	0.014651980438602373	-0.026193423420843288	0.011362330467593608	-0.010587467300600431	-0.002910611836297294	0.005702286646022812	-0.0036206457562016564	-4.734678249096092e-05	0.0025999273523430785	0.0020746296803119935	-0.002748727756213512	0.0006650946553778141	0.00042123540279517975	-0.0015250807218653679	-0.00015728469979703623	-0.0	0.0	-0.0	-0.0	-0.0	-0.0	0.0	-0.0	0.0	-0.0	-0.0	-0.0	-0.0	0.0	0.0	-0.0	0.0	0.0	-0.0	-0.0	0.0	0.0	-0.0	0.0	0.0	-0.0	0.0	0.0	0.0	-0.0	-0.0	-0.0	0.0	-0.0	-0.0	-0.0	-0.0	-0.0	-0.0	-0.0	0.0	0.0	0.0	0.0	0.0	0.0	0.0	0.0	0.0	0.0	0.0	0.0	0.0	0.0	0.0	0.0	0.0	0.0	0.0	0.0	0.0	0.0	0.0	0.0	0.0	0.0	0.0	0.0	0.0	0.0	0.0	0.0	0.0	0.0	0.0	0.0	0.0	0.0	0.0	0.0	0.0	0.0	0.0	0.0	0.0	0.0	0.0	0.0	0.0	0.0	0.0	0.0	0.0	0.0	0.0	0.0	0.0	0.0	0.0	0.0	0.0	0.0	0.0	0.0	0.0	0.0	0.0	0.0
S5-female-1	-0.4314736236625349	-0.08642748874929777	0.007895549978916097	0.003162124786958213	-0.01757143116533198	-0.09446106426662983	0.009351691523353422	-0.014925055920815566	-0.012902052463627063	-0.00371889510757768	-0.021317973988978833	0.007883150275381652	0.0014342577445923125	-0.0104689240889521	0.0005701498405640432	0.009249112693811437	-0.003667041002893001	0.006635188700088871	-0.0025730218393074824	0.0033038858109623263	-0.0014783097913116825	-0.000591456119946831	0.0014098655013817893	0.0025502579776022116	-0.00014508913865541096	-0.00010307506193640823	-0.00014684697993739247	0.001190211069269677	-0.0034471637213830558	0.0020999365395617193	-0.0007254688662021111	0.0013958059741402322	-0.0005388953909316847	-0.00012374716167024724	-0.0019543742379227874	-0.0004658201742594067	0.0013230942409522574	0.0003765402036691123	0.0006523121822276683	-0.0004878121658578739	-0.0002723052181649026	0.0012113236978673913	-0.0001603859268169529	0.0003657876964539089	-0.0009719431055054333	0.0003977626271551812	-0.0007762557949180071	-1.900053207982954e-05	-0.0002087212152508499	0.0002752729133661695	8.054915170850246e-06	-0.0	-0.0	-0.0	0.0	0.0	0.0	-0.0	0.0	-0.0	-0.0	0.0	0.0	0.0	0.0	-0.0	-0.0	0.0	0.0	-0.0	0.0	-0.0	0.0	-0.0	-0.0	0.0	0.0	-0.0	0.0	0.0	0.0	0.0	0.0	0.0	-0.0	0.0	-0.0	-0.0	-0.0	-0.0	-0.0	0.0	0.0	0.0	0.0	0.0	0.0	0.0	0.0	0.0	0.0	0.0	0.0	0.0	0.0	0.0	0.0	0.0	0.0	0.0	0.0	0.0	0.0	0.0	0.0	0.0	0.0	0.0	0.0	0.0	0.0	0.0	0.0	0.0	0.0	0.0	0.0	0.0	0.0	0.0	0.0	0.0	0.0	0.0	0.0	0.0	0.0	0.0	0.0	0.0	0.0	0.0	0.0	0.0	0.0	0.0	0.0	0.0	0.0	0.0	0.0	0.0	0.0	0.0	0.0	0.0	0.0	0.0	0.0
S5-female-2	-0.43244660808596835	-0.08554931214608423	0.010311097049118687	0.0027728256339263737	-0.017703131370626235	-0.08190275864290576	0.013938542136733673	-0.006271925227961499	-0.004404176755841502	0.0077695398344423865	0.002321247204148846	-0.01245451927631342	0.006315365680274101	-0.0022010870598382225	-0.029674674910893928	-0.008275210259693577	-0.003327539485705143	0.0077962845964401305	-0.0059173774622717995	-0.003170817483109753	-0.02051691394502871	-0.008521671078773718	0.005654168305404854	0.0031064541873135174	0.001419112226069511	0.006777236817023583	0.03722614539162771	0.010276290106417257	0.003116390624553499	0.004090232322812571	-0.02016002802246014	-0.005892076987925502	-0.0032577627322773186	0.026285882081330012	-0.013467875209158072	-0.02013728716558372	-0.01495911032509799	0.01364697889561397	-0.0017996279683259431	-0.0027820008093169795	0.0060213106835852355	-0.00990398556465738	0.0006486598935221469	-0.01046489348820218	-0.004667519587996556	0.006233801225864732	-0.0041864151920135715	-0.0036174935155779764	0.0023877181662537413	-0.0006456311737562759	4.8622296157924825e-06	-0.0	0.0	0.0	-0.0	-0.0	-0.0	0.0	-0.0	-0.0	-0.0	-0.0	-0.0	-0.0	0.0	0.0	-0.0	0.0	0.0	-0.0	-0.0	0.0	0.0	-0.0	0.0	-0.0	-0.0	0.0	0.0	0.0	-0.0	-0.0	0.0	0.0	0.0	-0.0	-0.0	-0.0	-0.0	-0.0	-0.0	0.0	0.0	0.0	0.0	0.0	0.0	0.0	0.0	0.0	0.0	0.0	0.0	0.0	0.0	0.0	0.0	0.0	0.0	0.0	0.0	0.0	0.0	0.0	0.0	0.0	0.0	0.0	0.0	0.0	0.0	0.0	0.0	0.0	0.0	0.0	0.0	0.0	0.0	0.0	0.0	0.0	0.0	0.0	0.0	0.0	0.0	0.0	0.0	0.0	0.0	0.0	0.0	0.0	0.0	0.0	0.0	0.0	0.0	0.0	0.0	0.0	0.0	0.0	0.0	0.0	0.0	0.0	0.0
S5-male-1	-0.33838347182345524	0.07474307040201376	0.19612458319021164	-0.10638273635393977	0.0010364230238261284	0.04869564636364037	0.048317611216567684	-0.0520044462914412	0.06007551820232533	0.009839295930627961	-0.03862608346589588	0.01654973808514746	0.08552936774936944	0.07021074389386854	0.04952047445881352	-0.01687815792281168	0.01552044235042857	-0.022756650758179345	0.036108076744883304	-0.01764234016110808	0.019112102275332908	0.00802990254843884	0.016678216569564367	-0.013870005537751747	0.006854746489858355	-0.03465307232156782	-0.012291198741606932	0.009314372596434048	-0.044919065428504754	-0.029429545808941814	0.05430692955491251	0.025417958226204965	0.04645632849870522	0.040627283036803956	0.010824650764495925	-0.018969440097436206	-0.007213184509528783	0.013193579125118949	0.0010449706787207449	0.0034435645187646143	2.6509170496001194e-05	0.013691322156117567	-0.0022141116057300186	0.006154381126694307	0.0024895854102668516	-0.006971293522382836	-0.00016819964630938313	-0.005556089994404612	-0.00043881913957912356	-0.0007533654939484126	9.872395287896993e-05	-0.0	0.0	0.0	-0.0	-0.0	-0.0	0.0	-0.0	-0.0	-0.0	-0.0	-0.0	-0.0	0.0	0.0	-0.0	0.0	0.0	-0.0	-0.0	0.0	0.0	-0.0	0.0	-0.0	-0.0	0.0	0.0	0.0	-0.0	0.0	0.0	0.0	-0.0	-0.0	-0.0	-0.0	-0.0	-0.0	-0.0	0.0	0.0	0.0	0.0	0.0	0.0	0.0	0.0	0.0	0.0	0.0	0.0	0.0	0.0	0.0	0.0	0.0	0.0	0.0	0.0	0.0	0.0	0.0	0.0	0.0	0.0	0.0	0.0	0.0	0.0	0.0	0.0	0.0	0.0	0.0	0.0	0.0	0.0	0.0	0.0	0.0	0.0	0.0	0.0	0.0	0.0	0.0	0.0	0.0	0.0	0.0	0.0	0.0	0.0	0.0	0.0	0.0	0.0	0.0	0.0	0.0	0.0	0.0	0.0	0.0	0.0	0.0	0.0
S5-male-2	-0.4091464307460943	-0.07544102230739505	0.017411152949680247	0.00509900635917322	-0.02401486468103208	0.0138470394073097	0.04212914576384817	0.07529066133664973	0.14814578483038143	0.049362620708642425	0.12737270323342192	-0.06158032533384739	-0.04637456815973514	-0.0237552789543284	0.07788480839850274	-0.00406009685004819	0.01860977724056463	-0.050051645274774764	-0.0012433381238283914	-0.04023431128701424	-0.02737260149068326	0.01041686370649925	-0.01905851969069688	-0.03112530205491816	0.0032678338759424093	-0.016652400765012135	-0.002448438324931849	-0.005460933301925269	-0.009107953166071903	-0.007295776830800478	-0.023513678058734035	-0.01641899743931933	-0.000638700169582984	0.0004992698045852186	-0.024049280865882542	-0.00808419955897696	-0.007672943824674165	0.01957554609296306	0.0012502136702358753	-0.004201602026627487	0.005013376356266115	0.006034771253311108	-0.0015865764378756174	-0.0026432207856827835	-0.0024459512335642513	-0.013369746307667112	0.0013449364826116517	0.008897357721525317	0.0009694633477319399	-0.00017185161896127228	0.0002630988348384482	-0.0	0.0	0.0	-0.0	-0.0	-0.0	0.0	-0.0	-0.0	-0.0	-0.0	-0.0	-0.0	0.0	0.0	-0.0	0.0	0.0	-0.0	-0.0	0.0	0.0	-0.0	0.0	-0.0	-0.0	0.0	0.0	0.0	-0.0	0.0	0.0	0.0	-0.0	-0.0	-0.0	-0.0	-0.0	-0.0	-0.0	0.0	0.0	0.0	0.0	0.0	0.0	0.0	0.0	0.0	0.0	0.0	0.0	0.0	0.0	0.0	0.0	0.0	0.0	0.0	0.0	0.0	0.0	0.0	0.0	0.0	0.0	0.0	0.0	0.0	0.0	0.0	0.0	0.0	0.0	0.0	0.0	0.0	0.0	0.0	0.0	0.0	0.0	0.0	0.0	0.0	0.0	0.0	0.0	0.0	0.0	0.0	0.0	0.0	0.0	0.0	0.0	0.0	0.0	0.0	0.0	0.0	0.0	0.0	0.0	0.0	0.0	0.0	0.0
S5-male-3	-0.25089742099691853	-0.0851476339660159	0.06056615687061651	0.003863637273680748	0.07953264844575034	0.08892402224069258	-0.1184000893500084	0.007652520391271156	0.03799026602318505	-0.04191597228484469	0.042241183016584645	-0.05775173265269177	0.08816294459567652	0.013631482517875729	-0.02413515041457077	-0.05616511724354426	-0.07498934041013025	0.016515497511711618	-0.04356831778512017	0.0016519981133662283	0.015432504021228666	0.008572191475396706	-0.0234395982816263	-0.016338921552066076	-0.018939987960246943	0.007814484512863358	-0.006380745617950262	0.008869272695296053	-0.01583808470930013	-0.01848098189038636	-0.003956235270953641	-0.022060158146752128	0.02628296501937389	0.01826085021136988	-0.013211624915623249	-0.01289792618847875	-0.02712937400082319	0.008880770308233945	-0.001721352912366726	0.009651575310849484	-0.009421584276926107	0.009673151217011951	-0.007508041915365835	0.005438755184633302	0.009084000513579308	-0.004581565739797865	0.0025668552625144605	-0.0016043302261688607	-0.002841522300158591	-0.0008977375184903669	-7.892779998754845e-05	-0.0	0.0	-0.0	-0.0	-0.0	-0.0	0.0	-0.0	-0.0	-0.0	-0.0	-0.0	-0.0	0.0	0.0	-0.0	0.0	0.0	-0.0	-0.0	0.0	0.0	-0.0	0.0	-0.0	-0.0	0.0	0.0	0.0	-0.0	-0.0	0.0	0.0	-0.0	-0.0	-0.0	-0.0	-0.0	-0.0	-0.0	0.0	0.0	0.0	0.0	0.0	0.0	0.0	0.0	0.0	0.0	0.0	0.0	0.0	0.0	0.0	0.0	0.0	0.0	0.0	0.0	0.0	0.0	0.0	0.0	0.0	0.0	0.0	0.0	0.0	0.0	0.0	0.0	0.0	0.0	0.0	0.0	0.0	0.0	0.0	0.0	0.0	0.0	0.0	0.0	0.0	0.0	0.0	0.0	0.0	0.0	0.0	0.0	0.0	0.0	0.0	0.0	0.0	0.0	0.0	0.0	0.0	0.0	0.0	0.0	0.0	0.0	0.0	0.0
s6-Female-1	-0.34626347578297884	0.012126765281054308	-0.07510561361542138	0.13991428620031732	-0.3281224740973669	0.17494399219432516	-0.0148715510608421	-0.03353465592838425	0.021222778780406706	-0.014399056429072472	-0.009838100762383358	0.03711074878191476	-0.07015384028831115	-0.0005929002747348943	-0.027420626494922457	0.005545606551479816	-0.0309817173000541	-0.06122663562655281	-0.0015886415801594036	-0.025683356505071	0.0016404973061583026	-0.013195532878778891	-0.015712915441410562	0.004800666861497432	-0.02021288420639739	-0.0339856741160237	-0.0339221113714646	0.012456128484678492	-0.039162944599001895	0.008584327933497416	0.01563500438997054	0.019404914211449263	-0.016142964486150543	-0.002911406859354083	-0.03143157788879267	7.809657584012212e-05	-0.01973491841666838	-0.01623380852575162	-0.010328161681530635	0.020695796183708978	0.01801801385865062	0.015586927287273752	-0.004959849083343371	-0.002900964722159563	-0.0066096586908739475	0.0037973432346442844	-0.0011252963700737505	0.004140607933399515	0.0011242937625710002	-0.0028247511059142903	-7.199509368019354e-05	-0.0	0.0	-0.0	-0.0	-0.0	-0.0	0.0	-0.0	-0.0	-0.0	-0.0	-0.0	-0.0	0.0	0.0	-0.0	0.0	0.0	-0.0	-0.0	0.0	0.0	-0.0	0.0	-0.0	-0.0	0.0	0.0	0.0	-0.0	-0.0	0.0	0.0	-0.0	-0.0	-0.0	-0.0	-0.0	-0.0	-0.0	0.0	0.0	0.0	0.0	0.0	0.0	0.0	0.0	0.0	0.0	0.0	0.0	0.0	0.0	0.0	0.0	0.0	0.0	0.0	0.0	0.0	0.0	0.0	0.0	0.0	0.0	0.0	0.0	0.0	0.0	0.0	0.0	0.0	0.0	0.0	0.0	0.0	0.0	0.0	0.0	0.0	0.0	0.0	0.0	0.0	0.0	0.0	0.0	0.0	0.0	0.0	0.0	0.0	0.0	0.0	0.0	0.0	0.0	0.0	0.0	0.0	0.0	0.0	0.0	0.0	0.0	0.0	0.0
S6-female-2	-0.4126981350967458	-0.07929038340569135	0.014224564919909088	0.005602342975359531	-0.024272985476839617	-0.010821664794802469	0.03728273346613301	0.06140671585238965	0.14049334792378199	0.03363491542488795	0.09221500187682541	-0.023920586184569582	-0.059620437522084894	-0.04206680704707385	0.15102711623442194	0.0345140548973581	0.012234658610723833	-0.039669002670323826	0.0031625315173460095	-0.013701820460588304	-0.010031587071587158	0.01805460321788046	-0.015686029847436323	-0.029748697964296567	0.009005308764026984	-0.0071139308258852405	-0.03941539084381667	-0.02050515367108012	0.00852922144618805	-0.012692671167441934	-0.0018998190976754548	-0.01732549307105914	0.004924803798726437	-0.036130023706997416	0.0037803723658218027	0.0011976131611942417	0.009278989477015604	6.75762805459558e-05	0.0020901575416843476	-0.0030419655944876095	-0.005257564540816241	-0.006490227467735287	0.001852428840269923	0.0008581510964790467	-0.0012426884954516463	0.007606027861174807	-0.0017752699344375834	-0.009277398705343306	0.0006069557662128057	-0.0013524503670258594	-0.0002617482533257538	0.0	-0.0	-0.0	0.0	0.0	0.0	0.0	-0.0	0.0	0.0	0.0	-0.0	0.0	-0.0	0.0	0.0	-0.0	0.0	-0.0	-0.0	-0.0	-0.0	0.0	-0.0	0.0	0.0	-0.0	0.0	0.0	0.0	-0.0	-0.0	-0.0	0.0	0.0	0.0	0.0	0.0	-0.0	0.0	0.0	0.0	0.0	0.0	0.0	0.0	0.0	0.0	0.0	0.0	0.0	0.0	0.0	0.0	0.0	0.0	0.0	0.0	0.0	0.0	0.0	0.0	0.0	0.0	0.0	0.0	0.0	0.0	0.0	0.0	0.0	0.0	0.0	0.0	0.0	0.0	0.0	0.0	0.0	0.0	0.0	0.0	0.0	0.0	0.0	0.0	0.0	0.0	0.0	0.0	0.0	0.0	0.0	0.0	0.0	0.0	0.0	0.0	0.0	0.0	0.0	0.0	0.0	0.0	0.0	0.0	0.0	0.0
S6-female-3	0.14583347779538255	-0.3668910513997118	0.05914929581595889	-0.040395678433747556	0.009487602825888246	0.10457026058321053	0.06879429359207716	0.04842906052926643	0.030341289779747753	0.05480549057575509	0.06011237669274498	0.06661813838444124	-0.038147949247540974	-0.022461090343522824	0.01407896871021106	0.03986507577545254	0.006246858793281456	0.014468877175678794	0.03368064767812156	-0.009665764998847165	-0.021935750199460858	0.027585907254033346	0.015126810028153736	-0.0029376721304354525	0.016292333212905276	0.028284240510093248	-0.009179321257466282	0.017843228589120713	0.01779949914020514	-0.004682999002933364	0.0468733278413865	0.016148426319922377	0.009442501303039877	0.011334573748066921	0.023797204619300703	0.0348031146594773	0.002319083198751919	-0.006288596421449412	-0.0026154186447480032	0.009356459927589808	-0.012439009662342146	0.010275563416402622	0.0035558823969880885	0.005165447600692976	0.004270781845572345	-0.0038047311030367926	0.0009574552149313599	0.0024089189414976116	-0.0013006845119145605	0.0018140133956133088	7.798702315892382e-05	-0.0	0.0	0.0	-0.0	-0.0	-0.0	0.0	-0.0	-0.0	-0.0	-0.0	-0.0	-0.0	0.0	0.0	-0.0	0.0	0.0	-0.0	-0.0	0.0	0.0	-0.0	0.0	-0.0	-0.0	0.0	0.0	0.0	-0.0	0.0	0.0	0.0	-0.0	-0.0	-0.0	-0.0	-0.0	-0.0	-0.0	0.0	0.0	0.0	0.0	0.0	0.0	0.0	0.0	0.0	0.0	0.0	0.0	0.0	0.0	0.0	0.0	0.0	0.0	0.0	0.0	0.0	0.0	0.0	0.0	0.0	0.0	0.0	0.0	0.0	0.0	0.0	0.0	0.0	0.0	0.0	0.0	0.0	0.0	0.0	0.0	0.0	0.0	0.0	0.0	0.0	0.0	0.0	0.0	0.0	0.0	0.0	0.0	0.0	0.0	0.0	0.0	0.0	0.0	0.0	0.0	0.0	0.0	0.0	0.0	0.0	0.0	0.0	0.0
S6-male-1	-0.4313807244649543	-0.08766823749686091	0.011035821325374472	0.004295969447266913	-0.020272798848102982	-0.06903480481465298	0.02017060171397303	0.011096814558944823	0.03944971598276567	0.015238532788371855	0.02735424003681969	-0.004742400697791882	-0.022185002970544387	-0.02090938685548568	0.03732181397873032	0.015538077776785604	-0.009325306729068466	0.016727824582712773	0.0030927679440396275	0.022095853073257062	-0.03189512338255691	0.005775640594806699	0.02293799679767385	-0.0015165930494230602	0.02525470341494684	0.020860522290395072	0.04066218042555251	0.022260003427094974	0.03033321554458095	0.0026362609831412777	0.038190788779300454	0.025069827479682148	0.0074299957363010045	0.032163286049215624	0.021478746963667843	0.03318064280399415	-0.0015011155611411918	0.0032029238563210495	-0.012105979596713558	0.01656239881381279	0.004278206892520275	-0.001134382101182854	0.0011028688677984673	0.0019566989082932954	-3.144511558432681e-06	-0.003586534015271388	0.004422985235617548	0.002715312472905735	-0.0017667143509257236	0.0028753641111143717	-1.1156060446915614e-06	-0.0	0.0	0.0	-0.0	-0.0	-0.0	0.0	-0.0	-0.0	-0.0	-0.0	-0.0	-0.0	0.0	0.0	-0.0	0.0	0.0	-0.0	-0.0	0.0	0.0	-0.0	0.0	-0.0	-0.0	0.0	0.0	0.0	-0.0	0.0	0.0	0.0	-0.0	-0.0	-0.0	-0.0	-0.0	-0.0	-0.0	0.0	0.0	0.0	0.0	0.0	0.0	0.0	0.0	0.0	0.0	0.0	0.0	0.0	0.0	0.0	0.0	0.0	0.0	0.0	0.0	0.0	0.0	0.0	0.0	0.0	0.0	0.0	0.0	0.0	0.0	0.0	0.0	0.0	0.0	0.0	0.0	0.0	0.0	0.0	0.0	0.0	0.0	0.0	0.0	0.0	0.0	0.0	0.0	0.0	0.0	0.0	0.0	0.0	0.0	0.0	0.0	0.0	0.0	0.0	0.0	0.0	0.0	0.0	0.0	0.0	0.0	0.0	0.0
S6-male-2	-0.4314736236625349	-0.0864274887492978	0.007895549978916106	0.003162124786958213	-0.01757143116533199	-0.09446106426662979	0.00935169152335345	-0.014925055920815531	-0.01290205246362704	-0.0037188951075777157	-0.021317973988978833	0.007883150275381626	0.001434257744592342	-0.010468924088952154	0.0005701498405640692	0.00924911269381145	-0.003667041002893001	0.00663518870008894	-0.0025730218393074738	0.0033038858109622877	-0.001478309791311521	-0.0005914561199470562	0.0014098655013818858	0.002550257977602182	-0.00014508913865541787	-0.00010307506193641124	-0.00014684697993761728	0.001190211069269617	-0.0034471637213831026	0.0020999365395617995	-0.0007254688662023952	0.0013958059741403244	-0.0005388953909316837	-0.00012374716167008385	-0.001954374237923155	-0.00046582017425929524	0.0013230942409523526	0.0003765402036698593	0.0006523121822274218	-0.00048781216585776796	-0.00027230521816455774	0.001211323697867911	-0.00016038592681665397	0.0003657876964541947	-0.0009719431055051782	0.0003977626271551009	-0.0007762557949173921	-1.900053207838075e-05	-0.00020872121525098713	0.00027527291336550586	8.054915177736636e-06	0.0	-0.0	0.0	-0.0	0.0	0.0	-0.0	-0.0	0.0	0.0	0.0	-0.0	-0.0	-0.0	0.0	-0.0	-0.0	0.0	-0.0	0.0	0.0	0.0	-0.0	0.0	-0.0	0.0	-0.0	-0.0	-0.0	-0.0	-0.0	0.0	-0.0	-0.0	-0.0	-0.0	-0.0	0.0	0.0	0.0	0.0	0.0	0.0	0.0	0.0	0.0	0.0	0.0	0.0	0.0	0.0	0.0	0.0	0.0	0.0	0.0	0.0	0.0	0.0	0.0	0.0	0.0	0.0	0.0	0.0	0.0	0.0	0.0	0.0	0.0	0.0	0.0	0.0	0.0	0.0	0.0	0.0	0.0	0.0	0.0	0.0	0.0	0.0	0.0	0.0	0.0	0.0	0.0	0.0	0.0	0.0	0.0	0.0	0.0	0.0	0.0	0.0	0.0	0.0	0.0	0.0	0.0	0.0	0.0	0.0	0.0	0.0	0.0
S6-male-3	-0.07027605927814393	0.2251525910428181	0.19042766330524422	0.04528123513572741	0.1736607636033331	0.23532071161608736	0.10709680429967432	0.14057258860922203	-0.034188131377984245	0.12054800773900726	0.004126686620904611	-0.013700129566936718	0.13257176251806055	-0.02431888549664605	-0.10529538490679109	-0.0704520920607823	0.07268844655827746	0.016720787015648345	0.0689251404406702	-0.060741397735253465	0.05056412925290984	-0.006832603049811795	-0.001763330073431413	0.02252803648548404	0.01034554562683165	0.014009259679317272	-0.03320972897790352	-0.0015628076804679219	0.026820751156032316	0.02732071976045121	-0.020004604794794833	-0.011712719280957084	-0.013605493711392707	0.02069135413527879	0.0004572044641060213	-0.01139157956439428	0.002410408220937806	-0.026935888421719956	0.007262226702385992	-0.0022721592528233115	-0.010107516152088662	0.006733010515882308	-0.004642568557017345	-0.003052273860678122	-0.001146605702952285	0.0023479130329006046	0.002506940393699481	-5.1973558658633106e-05	-0.0016771666758898757	-0.000720773501584745	-6.146058600207127e-06	-0.0	0.0	-0.0	-0.0	-0.0	-0.0	0.0	-0.0	-0.0	-0.0	-0.0	-0.0	-0.0	0.0	0.0	-0.0	0.0	0.0	-0.0	-0.0	0.0	0.0	-0.0	0.0	-0.0	-0.0	0.0	0.0	0.0	-0.0	-0.0	0.0	0.0	-0.0	-0.0	-0.0	-0.0	-0.0	-0.0	-0.0	0.0	0.0	0.0	0.0	0.0	0.0	0.0	0.0	0.0	0.0	0.0	0.0	0.0	0.0	0.0	0.0	0.0	0.0	0.0	0.0	0.0	0.0	0.0	0.0	0.0	0.0	0.0	0.0	0.0	0.0	0.0	0.0	0.0	0.0	0.0	0.0	0.0	0.0	0.0	0.0	0.0	0.0	0.0	0.0	0.0	0.0	0.0	0.0	0.0	0.0	0.0	0.0	0.0	0.0	0.0	0.0	0.0	0.0	0.0	0.0	0.0	0.0	0.0	0.0	0.0	0.0	0.0	0.0
S7-female-1	-0.2766343011999941	0.0665976948599529	-0.07652016502481658	0.07587320312264434	-0.21451105425060507	0.27411445505270976	0.012589504103809745	0.031674779746445704	0.010365993904751375	0.016694606707474618	0.13579882750754374	-0.06081361366758266	-0.10374692264377464	0.03644955306005671	-0.07183905993468669	0.026659219103411923	-0.0667348019081492	-0.011430072235226307	-0.032818277031933796	0.055161761882075167	0.015620503610152188	-0.030181812401435443	0.027710548638356213	0.02484253193444421	0.024750132779098183	0.018159924765605205	0.0010160127041572218	-0.006955835910750083	0.013933929218449251	-0.008695351020861813	0.012824839520888991	0.005230505955439904	0.009921011431668968	0.026615617367678545	0.018933615445104877	-0.006416177661708458	0.009240820593064658	0.0007493833400484467	0.0009503326457654228	-0.0049383286364197915	-0.002018093432785591	-0.013191194231800395	0.005042080687968233	0.00355498990356399	0.0024257994734322324	-0.0012826500308306438	0.0003420134649119879	-0.00044594789084076946	-0.00030758776229140156	2.7519949473363496e-05	2.586373005184513e-05	-0.0	0.0	0.0	-0.0	-0.0	-0.0	0.0	-0.0	-0.0	-0.0	-0.0	-0.0	-0.0	0.0	0.0	-0.0	0.0	0.0	-0.0	-0.0	0.0	0.0	-0.0	0.0	-0.0	-0.0	0.0	0.0	0.0	-0.0	-0.0	0.0	0.0	-0.0	-0.0	-0.0	-0.0	-0.0	-0.0	-0.0	0.0	0.0	0.0	0.0	0.0	0.0	0.0	0.0	0.0	0.0	0.0	0.0	0.0	0.0	0.0	0.0	0.0	0.0	0.0	0.0	0.0	0.0	0.0	0.0	0.0	0.0	0.0	0.0	0.0	0.0	0.0	0.0	0.0	0.0	0.0	0.0	0.0	0.0	0.0	0.0	0.0	0.0	0.0	0.0	0.0	0.0	0.0	0.0	0.0	0.0	0.0	0.0	0.0	0.0	0.0	0.0	0.0	0.0	0.0	0.0	0.0	0.0	0.0	0.0	0.0	0.0	0.0	0.0
S7-female-2	-0.12232487813670792	0.17137974023235455	0.20258778378193834	-0.1378978660308532	-0.02146366949441323	0.17959178853321245	0.27697771693260315	0.13608963254968925	0.16515501348722042	0.06203233654439756	0.10465515868325613	0.060709980600542834	0.041173170188541316	-0.07553927055462248	0.1961365187676981	0.09030479649749977	0.028864695047455154	0.01230600799870243	0.0004597444815440387	-0.019746692336688194	-0.014431470409787497	-0.009320503138362182	-0.024811476243017928	0.01278297107499388	-0.03671914404297063	0.01641682889424257	-0.04136294042173639	-0.03610300198943411	0.019181678814750035	0.008869016627535963	-0.01717937249369042	-0.014484570975860044	0.0014004852902213102	-0.00825228061075886	0.0033420151281288676	-0.009742094896967004	-0.0005350702154997053	0.002644984860655818	-0.0009571575882366949	0.007756679782007948	-0.011180478652320074	0.00030211962761658934	0.0014655202007682246	-0.0006770638222574557	-0.0016126381765549083	-0.008908631179517481	0.0010086697288053514	-0.0013159385630677459	-0.0010544303619545979	-0.000881571234738047	2.6070200643300354e-05	-0.0	0.0	0.0	-0.0	-0.0	-0.0	0.0	-0.0	-0.0	-0.0	-0.0	-0.0	-0.0	0.0	0.0	-0.0	0.0	0.0	-0.0	-0.0	0.0	0.0	-0.0	0.0	-0.0	-0.0	0.0	0.0	0.0	-0.0	-0.0	0.0	0.0	-0.0	-0.0	-0.0	-0.0	-0.0	-0.0	-0.0	0.0	0.0	0.0	0.0	0.0	0.0	0.0	0.0	0.0	0.0	0.0	0.0	0.0	0.0	0.0	0.0	0.0	0.0	0.0	0.0	0.0	0.0	0.0	0.0	0.0	0.0	0.0	0.0	0.0	0.0	0.0	0.0	0.0	0.0	0.0	0.0	0.0	0.0	0.0	0.0	0.0	0.0	0.0	0.0	0.0	0.0	0.0	0.0	0.0	0.0	0.0	0.0	0.0	0.0	0.0	0.0	0.0	0.0	0.0	0.0	0.0	0.0	0.0	0.0	0.0	0.0	0.0	0.0
S7-female-3	0.110188961574562	-0.3554094482304971	0.06269972288944692	-0.039647333634295165	0.015943807273039862	0.12661202058517332	0.05362604153291383	0.04940976230885914	0.05478164293080178	0.057226620076632075	0.08090378635578753	0.04348865384708606	-0.044436211525691334	-0.005368968792617598	-0.04254878624679835	0.009407538543490109	0.0072405164782416535	0.043280752042960405	0.026043327543048146	-0.036896627644192784	-0.06324260849490138	0.0344792951451339	0.03299725235888325	-0.016131825020292333	0.010082456204600777	0.02150147829318532	0.04063781317552326	-0.0018723967545367195	0.0067303755269967425	0.008133817672366381	0.002924076526905272	0.013333755740044579	0.009178163893526124	0.02359956828129651	-0.015384298419018817	-0.018229937526480597	-0.012831692538834443	0.012446884146651072	-0.005730405505878249	0.0009981699737558502	0.020349444554471456	-0.012545460880951794	0.003246236131902527	-0.004275733024128168	-0.0063597024383587305	-0.0009874902378102048	-0.0009148357759383237	-0.0022857000426767435	0.0007679223683107323	-0.0010253675728190833	-0.00015254181404638297	-0.0	0.0	-0.0	-0.0	-0.0	-0.0	0.0	-0.0	0.0	-0.0	-0.0	-0.0	-0.0	0.0	0.0	-0.0	0.0	0.0	-0.0	-0.0	0.0	0.0	-0.0	0.0	0.0	-0.0	0.0	0.0	0.0	-0.0	-0.0	-0.0	0.0	0.0	-0.0	-0.0	-0.0	-0.0	-0.0	-0.0	0.0	0.0	0.0	0.0	0.0	0.0	0.0	0.0	0.0	0.0	0.0	0.0	0.0	0.0	0.0	0.0	0.0	0.0	0.0	0.0	0.0	0.0	0.0	0.0	0.0	0.0	0.0	0.0	0.0	0.0	0.0	0.0	0.0	0.0	0.0	0.0	0.0	0.0	0.0	0.0	0.0	0.0	0.0	0.0	0.0	0.0	0.0	0.0	0.0	0.0	0.0	0.0	0.0	0.0	0.0	0.0	0.0	0.0	0.0	0.0	0.0	0.0	0.0	0.0	0.0	0.0	0.0	0.0
S7-male-1	-0.4314736236625349	-0.08642748874929781	0.007895549978916106	0.0031621247869582057	-0.01757143116533199	-0.09446106426662979	0.00935169152335346	-0.014925055920815515	-0.012902052463627058	-0.00371889510757773	-0.02131797398897883	0.007883150275381615	0.0014342577445922572	-0.010468924088952159	0.0005701498405640077	0.009249112693811495	-0.003667041002892997	0.006635188700088986	-0.0025730218393074256	0.0033038858109622608	-0.0014783097913116136	-0.0005914561199469751	0.0014098655013818464	0.0025502579776022698	-0.00014508913865534046	-0.00010307506193642237	-0.00014684697993745853	0.0011902110692697913	-0.0034471637213830415	0.002099936539561834	-0.0007254688662020471	0.0013958059741403061	-0.0005388953909318855	-0.0001237471616698553	-0.001954374237922925	-0.00046582017425925956	0.001323094240952216	0.0003765402036694479	0.0006523121822272081	-0.0004878121658576866	-0.00027230521816501907	0.0012113236978679208	-0.00016038592681665197	0.0003657876964538335	-0.0009719431055050103	0.00039776262715474195	-0.0007762557949171278	-1.9000532079209154e-05	-0.00020872121525167294	0.0002752729133650101	8.05491515065206e-06	0.0	-0.0	-0.0	0.0	-0.0	-0.0	0.0	0.0	0.0	0.0	-0.0	-0.0	0.0	0.0	0.0	0.0	0.0	0.0	-0.0	0.0	0.0	-0.0	-0.0	0.0	-0.0	0.0	0.0	-0.0	-0.0	0.0	0.0	0.0	-0.0	0.0	-0.0	0.0	-0.0	-0.0	0.0	-0.0	0.0	0.0	0.0	0.0	0.0	0.0	0.0	0.0	0.0	0.0	0.0	0.0	0.0	0.0	0.0	0.0	0.0	0.0	0.0	0.0	0.0	0.0	0.0	0.0	0.0	0.0	0.0	0.0	0.0	0.0	0.0	0.0	0.0	0.0	0.0	0.0	0.0	0.0	0.0	0.0	0.0	0.0	0.0	0.0	0.0	0.0	0.0	0.0	0.0	0.0	0.0	0.0	0.0	0.0	0.0	0.0	0.0	0.0	0.0	0.0	0.0	0.0	0.0	0.0	0.0	0.0	0.0	0.0
S7-male-2	-0.2949545101953137	0.14887871440813186	0.23121186762256535	-0.09212893390029205	-0.025004865603316623	0.09127834001816378	-0.004193950896931735	-0.05185789794769058	0.01747386030903157	0.010690517070267188	-0.08578507416462329	0.029499877932735813	0.02347793842365551	0.09941825968445295	0.03288336063889381	-0.0274350265981501	-0.017958711031376393	-0.0003837753964034247	-0.04534609734639783	-0.06777464990910577	0.03721585121308491	-0.044260967386215884	0.0025483780663679333	-0.0018548665783225248	0.01168719137808366	0.028418108168678458	-0.03251526808707376	0.008881096612440529	-0.012237977745311995	0.01961106987269297	-0.0009283108385248583	-0.002474853037697181	0.018636836907646878	-0.016189905721966134	-0.02397625783117176	0.02655033763526987	0.0002512218535343736	-0.015975604699956365	-0.00705897679324253	0.002953660840550372	0.02055245594517915	-0.017584375732433714	0.013581151447152532	0.00019219274402108692	0.004695852849864342	-0.005212821596221547	-0.000193011439250254	0.00025662646442091956	-0.0003757128621722333	0.0017484874423403414	-7.931877720153324e-06	-0.0	0.0	-0.0	-0.0	-0.0	-0.0	0.0	-0.0	-0.0	-0.0	-0.0	-0.0	-0.0	0.0	0.0	-0.0	0.0	0.0	-0.0	-0.0	0.0	0.0	-0.0	0.0	-0.0	-0.0	0.0	0.0	0.0	-0.0	-0.0	0.0	0.0	-0.0	-0.0	-0.0	-0.0	-0.0	-0.0	-0.0	0.0	0.0	0.0	0.0	0.0	0.0	0.0	0.0	0.0	0.0	0.0	0.0	0.0	0.0	0.0	0.0	0.0	0.0	0.0	0.0	0.0	0.0	0.0	0.0	0.0	0.0	0.0	0.0	0.0	0.0	0.0	0.0	0.0	0.0	0.0	0.0	0.0	0.0	0.0	0.0	0.0	0.0	0.0	0.0	0.0	0.0	0.0	0.0	0.0	0.0	0.0	0.0	0.0	0.0	0.0	0.0	0.0	0.0	0.0	0.0	0.0	0.0	0.0	0.0	0.0	0.0	0.0	0.0
S7-male-3	-0.17440132184434676	0.03753679106211605	0.11479451666702807	-0.04763837300117416	0.06917226056088879	0.21433374888805426	0.01687163943596435	0.10609045875635087	0.12216746564832649	6.702288439205081e-05	0.15912483969042437	-0.015388364791510244	0.05562045327085291	0.02987490509274436	-0.015435554404921429	-0.009755416127651463	-0.10919904285771799	0.0457760100032899	-0.03988301705686034	0.052355613368707886	0.02500412466193134	0.024671117543039855	-0.006412153843229114	-0.05304704992311692	-0.00843394208529996	-0.03383129933501999	0.0488074910850579	0.014385406708769121	-0.02451693150328648	0.00189607946658967	-0.01130332331130958	0.009449311959998074	-0.03365188693890166	-0.011698767588246934	0.005041934046122428	0.03367121482973279	0.01633221245606859	-0.005890967235666132	0.007312103577249743	-0.014259607274053761	0.004724215698415057	0.017206312251193654	0.005264046315261694	-0.0026805512858985997	-0.00017804805872918467	-0.003104198060264383	0.0017618643128038737	-0.0031009040792118595	0.0017116538897413876	-0.0006328542053483347	6.201972776612508e-06	-0.0	0.0	0.0	-0.0	-0.0	-0.0	0.0	-0.0	-0.0	-0.0	-0.0	-0.0	-0.0	0.0	0.0	-0.0	0.0	0.0	-0.0	-0.0	0.0	0.0	-0.0	0.0	-0.0	-0.0	0.0	0.0	0.0	-0.0	-0.0	0.0	0.0	-0.0	-0.0	-0.0	-0.0	-0.0	-0.0	-0.0	0.0	0.0	0.0	0.0	0.0	0.0	0.0	0.0	0.0	0.0	0.0	0.0	0.0	0.0	0.0	0.0	0.0	0.0	0.0	0.0	0.0	0.0	0.0	0.0	0.0	0.0	0.0	0.0	0.0	0.0	0.0	0.0	0.0	0.0	0.0	0.0	0.0	0.0	0.0	0.0	0.0	0.0	0.0	0.0	0.0	0.0	0.0	0.0	0.0	0.0	0.0	0.0	0.0	0.0	0.0	0.0	0.0	0.0	0.0	0.0	0.0	0.0	0.0	0.0	0.0	0.0	0.0	0.0
S8-female-1	-0.41465329969019377	-0.0647473250881538	-0.04234430477274413	-0.033389395524471274	0.002159596444368632	-0.056383920658269866	-0.022038583124845433	-0.054558444927573994	-0.06670470820626817	-0.019542232033844625	0.043429364810923674	-0.04237789593517843	0.002470874982627902	0.007241696949122959	0.01431398553227976	0.02723260772345235	0.013500511382452137	0.01395002948473333	-0.04601306091176193	0.025275438810409192	-0.016794778077746625	0.004568706260824864	0.00388784294678175	0.04485560366467367	0.0038198545497750733	0.00641316452411379	0.004610402027350387	0.017892481204391953	-0.0038677852835765384	0.0011460383010428918	0.0097727023720627	0.016724883325891164	-0.008458665704707624	-0.017874522643850727	0.022420349079204618	-0.0012399920574260306	-0.004685287552956549	0.009887870437230198	-0.0009233164982127772	0.004360370151621717	-0.014677104818155061	-0.01395877226049507	-0.0004511840497739721	-0.01465637765265357	-0.016655076017486073	-0.0048608719410128155	0.0030659481733480245	-0.005038085457408653	-0.00437578788093232	-0.007374016068392501	0.00018428621001963672	-0.0	0.0	0.0	-0.0	-0.0	-0.0	0.0	-0.0	-0.0	-0.0	-0.0	-0.0	-0.0	0.0	0.0	-0.0	0.0	0.0	-0.0	-0.0	0.0	0.0	-0.0	0.0	-0.0	-0.0	0.0	0.0	0.0	-0.0	0.0	0.0	0.0	-0.0	-0.0	-0.0	-0.0	-0.0	-0.0	-0.0	0.0	0.0	0.0	0.0	0.0	0.0	0.0	0.0	0.0	0.0	0.0	0.0	0.0	0.0	0.0	0.0	0.0	0.0	0.0	0.0	0.0	0.0	0.0	0.0	0.0	0.0	0.0	0.0	0.0	0.0	0.0	0.0	0.0	0.0	0.0	0.0	0.0	0.0	0.0	0.0	0.0	0.0	0.0	0.0	0.0	0.0	0.0	0.0	0.0	0.0	0.0	0.0	0.0	0.0	0.0	0.0	0.0	0.0	0.0	0.0	0.0	0.0	0.0	0.0	0.0	0.0	0.0	0.0
S8-female-2	-0.4314736236625349	-0.08642748874929779	0.007895549978916122	0.0031621247869582057	-0.01757143116533199	-0.09446106426662979	0.009351691523353436	-0.014925055920815522	-0.012902052463627063	-0.0037188951075777356	-0.021317973988978854	0.007883150275381596	0.0014342577445922674	-0.01046892408895215	0.0005701498405640748	0.00924911269381158	-0.003667041002893012	0.006635188700088951	-0.0025730218393074837	0.003303885810962262	-0.0014783097913116932	-0.0005914561199470571	0.0014098655013820127	0.002550257977602276	-0.0001450891386554022	-0.00010307506193640891	-0.00014684697993739765	0.0011902110692696378	-0.003447163721382878	0.0020999365395618164	-0.0007254688662021304	0.0013958059741402036	-0.0005388953909315102	-0.00012374716167008225	-0.0019543742379230563	-0.00046582017425956276	0.0013230942409521444	0.0003765402036693696	0.0006523121822274647	-0.0004878121658579177	-0.0002723052181647261	0.0012113236978677116	-0.00016038592681673624	0.000365787696453308	-0.0009719431055053584	0.0003977626271541998	-0.0007762557949169009	-1.9000532078547584e-05	-0.00020872121525120747	0.0002752729133657818	8.05491513789646e-06	0.0	-0.0	-0.0	-0.0	-0.0	-0.0	-0.0	-0.0	0.0	-0.0	0.0	-0.0	0.0	-0.0	-0.0	-0.0	0.0	0.0	-0.0	-0.0	0.0	-0.0	-0.0	0.0	-0.0	0.0	-0.0	0.0	-0.0	0.0	0.0	0.0	0.0	0.0	-0.0	0.0	-0.0	-0.0	-0.0	0.0	0.0	0.0	0.0	0.0	0.0	0.0	0.0	0.0	0.0	0.0	0.0	0.0	0.0	0.0	0.0	0.0	0.0	0.0	0.0	0.0	0.0	0.0	0.0	0.0	0.0	0.0	0.0	0.0	0.0	0.0	0.0	0.0	0.0	0.0	0.0	0.0	0.0	0.0	0.0	0.0	0.0	0.0	0.0	0.0	0.0	0.0	0.0	0.0	0.0	0.0	0.0	0.0	0.0	0.0	0.0	0.0	0.0	0.0	0.0	0.0	0.0	0.0	0.0	0.0	0.0	0.0	0.0	0.0
S8-female-3	-0.39857310449020117	-0.08833549716723774	0.01698335976098394	0.028405626818730212	0.013720691752191106	-0.051711319403597904	-0.03414275220460735	0.018066365067927553	-0.0048573076746614725	0.004552254675962965	0.006735690663021503	-0.017512859818326468	0.01729699927763181	0.002176418746097344	-0.012713453511567399	-0.0382477675223321	-0.03728697275981469	0.05731845588173579	-0.028476324180203943	-0.005394314582433162	0.005240859876472057	-0.03188542432283055	0.009291103140010012	-0.004700112904994874	0.00814632347466601	0.03922449095742398	0.02645594911654546	0.018839814291567492	0.0073694576476409455	0.017169949316631634	-0.022687447359404287	-0.012648272549907493	0.011743407440405508	0.007305025861404697	0.014074291417818715	-0.010964634127078635	0.008746218936381191	-0.03167416836575127	0.01293015140092208	-0.009270820724309835	0.005536661359477534	0.0032288168758727903	-0.007810230178209642	0.0030457848674126423	-0.019759305753363654	-0.008584617124931625	0.002178058396731226	0.0043534222204832445	-0.002916498002609583	-0.006694054155936757	-0.0001289407962492853	-0.0	0.0	-0.0	-0.0	-0.0	-0.0	0.0	-0.0	-0.0	-0.0	-0.0	-0.0	-0.0	0.0	0.0	-0.0	0.0	0.0	-0.0	-0.0	0.0	0.0	-0.0	0.0	0.0	-0.0	0.0	0.0	0.0	-0.0	-0.0	-0.0	0.0	-0.0	-0.0	-0.0	-0.0	-0.0	-0.0	-0.0	0.0	0.0	0.0	0.0	0.0	0.0	0.0	0.0	0.0	0.0	0.0	0.0	0.0	0.0	0.0	0.0	0.0	0.0	0.0	0.0	0.0	0.0	0.0	0.0	0.0	0.0	0.0	0.0	0.0	0.0	0.0	0.0	0.0	0.0	0.0	0.0	0.0	0.0	0.0	0.0	0.0	0.0	0.0	0.0	0.0	0.0	0.0	0.0	0.0	0.0	0.0	0.0	0.0	0.0	0.0	0.0	0.0	0.0	0.0	0.0	0.0	0.0	0.0	0.0	0.0	0.0	0.0	0.0
S8-male-1	-0.40112004756509356	-0.028547281778507027	-0.043455686291620735	0.09809787425138682	-0.2235013416683268	0.06893498874364856	-0.03149609254774303	-0.03959397743497146	0.003188898740282229	0.005654098208768018	-0.023000705322635144	-0.021834778819907894	-0.04166543876353893	0.0009126065807417823	0.0009842420026251993	-0.028842178155019826	-0.0034144319641263602	-0.0605761296236489	0.001540289062794513	-0.03784453581126532	-0.02603231625629815	0.010952310963652274	-0.011461781642989121	0.012815159115909181	-0.03871920095632663	0.012476610798875711	-0.008211504367579378	-0.00852494495768635	-0.024898022754613034	-0.026055576242790524	-0.003929330643318621	-0.011561650851270495	0.02952887740608093	0.006207248465480755	0.03934314222753888	0.007308880658573198	0.020598514240358908	0.005454816786831331	0.013997592985271215	-0.02447017696102077	-0.001745766764037056	-0.008596278800374472	-0.0051517610943591745	0.00794401281740298	0.002690479543106339	0.007277097873536803	-0.00704879015476554	-0.0031180063906428353	-0.0009343710049601858	0.002001387175958905	0.00012241512591475474	-0.0	0.0	0.0	-0.0	-0.0	-0.0	0.0	-0.0	-0.0	-0.0	-0.0	-0.0	-0.0	0.0	0.0	-0.0	0.0	0.0	-0.0	-0.0	0.0	0.0	-0.0	0.0	-0.0	-0.0	0.0	0.0	0.0	-0.0	-0.0	0.0	0.0	-0.0	-0.0	-0.0	-0.0	-0.0	-0.0	-0.0	0.0	0.0	0.0	0.0	0.0	0.0	0.0	0.0	0.0	0.0	0.0	0.0	0.0	0.0	0.0	0.0	0.0	0.0	0.0	0.0	0.0	0.0	0.0	0.0	0.0	0.0	0.0	0.0	0.0	0.0	0.0	0.0	0.0	0.0	0.0	0.0	0.0	0.0	0.0	0.0	0.0	0.0	0.0	0.0	0.0	0.0	0.0	0.0	0.0	0.0	0.0	0.0	0.0	0.0	0.0	0.0	0.0	0.0	0.0	0.0	0.0	0.0	0.0	0.0	0.0	0.0	0.0	0.0
S8-male-2	-0.26127045058870996	0.1351032215371943	0.20603681359150733	-0.14850388507004128	0.0033983023771802516	0.1551154242552909	0.08370186839336874	0.004094761415645241	0.1364132134264413	0.02742600713425492	0.08279839528231345	-0.005384340541029854	-0.014601275170359982	0.0712183429519557	0.062332526595675584	0.05856850967199314	-0.005383698584429057	-0.0464187982278002	-0.0353353793454396	-0.013357983455134498	0.022111703249185537	-0.011510921862487637	0.032311137180652934	0.0005334589558384433	0.05520115534261516	0.004097059524905878	0.047155400999862374	0.034396188257578085	0.0004901621041153858	0.016319906414682544	-0.02444236038754501	-0.002724887533932344	-0.009215712280829668	0.014184504276154284	-0.012852121543073256	-0.018855632151169463	-0.007375746686359966	-0.0038000432603580224	-0.000700894117175602	-0.0003543623625051978	-0.0005597876625826692	-0.004878780443118935	-0.0032662656452239	-0.0038702777844174738	0.0007600758715218885	0.017057344198181106	-0.0009155569669688071	0.0024812973725142243	-0.0001388161423193731	0.0011315097790756486	-6.052826220696393e-06	-0.0	0.0	-0.0	-0.0	-0.0	-0.0	0.0	-0.0	-0.0	-0.0	-0.0	-0.0	-0.0	0.0	0.0	-0.0	0.0	0.0	-0.0	-0.0	0.0	0.0	-0.0	0.0	-0.0	-0.0	0.0	0.0	0.0	-0.0	-0.0	0.0	0.0	-0.0	-0.0	-0.0	-0.0	-0.0	-0.0	-0.0	0.0	0.0	0.0	0.0	0.0	0.0	0.0	0.0	0.0	0.0	0.0	0.0	0.0	0.0	0.0	0.0	0.0	0.0	0.0	0.0	0.0	0.0	0.0	0.0	0.0	0.0	0.0	0.0	0.0	0.0	0.0	0.0	0.0	0.0	0.0	0.0	0.0	0.0	0.0	0.0	0.0	0.0	0.0	0.0	0.0	0.0	0.0	0.0	0.0	0.0	0.0	0.0	0.0	0.0	0.0	0.0	0.0	0.0	0.0	0.0	0.0	0.0	0.0	0.0	0.0	0.0	0.0	0.0
S8-male-3	-0.37564757716435376	-0.0031837322718154502	0.012597362409313608	0.13468158865673657	0.1254139630481096	0.009899280787339034	-0.0870731127302681	0.0694450301542956	-0.025620183687557144	0.08384837702974914	-0.022468066637519178	-0.010826661514364844	0.002182805067181065	0.016271950791056283	-0.01146728460589331	-0.04344305203012106	0.03550401443929839	-0.021841066353871053	0.0045361755643915265	-0.008349156922156032	-0.02920626106162793	0.0002391179316646069	-0.01569867269743967	-0.033369258557795024	-0.0032988652182588444	-0.005311349253131552	0.03995038214544652	0.010158208451575458	-0.013539925752410252	-0.019929961147532763	-0.02767503060455946	-0.011048212699402414	-0.020822257100098503	0.018773465768191354	0.0022124422556686106	-0.02195414314798293	-0.0001794106023891828	0.006874332020779761	-0.0015157895786034575	-0.004717484686979546	0.013840363509988777	0.0051698616731322535	0.01655582185136691	-0.002113343036685146	-0.0004480653295150482	-0.01332176357958715	-0.0009266536260375958	-0.007894428559212312	-2.6468042198455804e-05	0.0019630382516786365	-0.0003392623841680017	0.0	-0.0	-0.0	0.0	0.0	0.0	-0.0	0.0	0.0	0.0	0.0	0.0	0.0	-0.0	-0.0	0.0	-0.0	0.0	0.0	0.0	-0.0	-0.0	0.0	-0.0	0.0	0.0	-0.0	-0.0	0.0	0.0	-0.0	-0.0	-0.0	0.0	0.0	0.0	0.0	0.0	0.0	0.0	0.0	0.0	0.0	0.0	0.0	0.0	0.0	0.0	0.0	0.0	0.0	0.0	0.0	0.0	0.0	0.0	0.0	0.0	0.0	0.0	0.0	0.0	0.0	0.0	0.0	0.0	0.0	0.0	0.0	0.0	0.0	0.0	0.0	0.0	0.0	0.0	0.0	0.0	0.0	0.0	0.0	0.0	0.0	0.0	0.0	0.0	0.0	0.0	0.0	0.0	0.0	0.0	0.0	0.0	0.0	0.0	0.0	0.0	0.0	0.0	0.0	0.0	0.0	0.0	0.0	0.0	0.0	0.0
S9-female-1	-0.37915376571447834	-0.005264487651022703	-0.005421251652214546	0.12741409888733657	0.0025765629784835838	0.03813112534474258	-0.08216833537606474	0.05469827012856519	-0.031444662459206255	0.06774638694546835	-0.07557404938197641	-0.0519258212719901	-0.06004793730689542	0.008265646124615373	0.04425932867845233	-0.04486600800106369	-0.02994666460340528	0.012447530433088825	0.01570910923183964	-0.005016580954520976	0.04254182779975814	0.010318404006170914	0.01504620451404306	0.030412292826214524	-0.017737637912761887	-0.0044048073873617045	-0.012442842207648196	-0.03024091743634527	0.016591367055553325	-0.008460959762934846	0.023530866712741336	0.006965078596388274	-0.012634179774319337	-0.00735400979238571	-0.013741332166701849	0.0030105566858310054	-0.005816839920402507	-0.007898150802757825	0.0025918978304360863	-0.010903658978139497	-0.00020178598195986033	-0.006290354870211399	0.012836265350198002	-0.0002954912457331908	0.008926778748880709	-0.004832418611016851	0.0012812432354161083	-0.00549133854202198	0.002477912530827452	0.003176113913261011	-0.00030014888874991565	0.0	-0.0	-0.0	0.0	0.0	0.0	-0.0	-0.0	0.0	0.0	0.0	-0.0	0.0	-0.0	0.0	0.0	-0.0	0.0	-0.0	0.0	-0.0	-0.0	0.0	-0.0	0.0	0.0	-0.0	-0.0	0.0	0.0	-0.0	-0.0	-0.0	0.0	0.0	0.0	0.0	0.0	0.0	0.0	0.0	0.0	0.0	0.0	0.0	0.0	0.0	0.0	0.0	0.0	0.0	0.0	0.0	0.0	0.0	0.0	0.0	0.0	0.0	0.0	0.0	0.0	0.0	0.0	0.0	0.0	0.0	0.0	0.0	0.0	0.0	0.0	0.0	0.0	0.0	0.0	0.0	0.0	0.0	0.0	0.0	0.0	0.0	0.0	0.0	0.0	0.0	0.0	0.0	0.0	0.0	0.0	0.0	0.0	0.0	0.0	0.0	0.0	0.0	0.0	0.0	0.0	0.0	0.0	0.0	0.0	0.0	0.0
S9-female-2	-0.43147362366253483	-0.08642748874929777	0.007895549978916115	0.003162124786958202	-0.017571431165331962	-0.09446106426662977	0.009351691523353411	-0.014925055920815515	-0.012902052463627063	-0.0037188951075777413	-0.021317973988978795	0.007883150275381666	0.00143425774459222	-0.010468924088952178	0.0005701498405640592	0.009249112693811463	-0.0036670410028930007	0.006635188700088977	-0.00257302183930754	0.003303885810962371	-0.0014783097913116938	-0.0005914561199469901	0.001409865501381927	0.0025502579776024163	-0.00014508913865536098	-0.00010307506193636509	-0.00014684697993744237	0.0011902110692696773	-0.003447163721382901	0.002099936539561661	-0.0007254688662021405	0.0013958059741400216	-0.0005388953909316735	-0.00012374716167002248	-0.0019543742379230103	-0.00046582017425902375	0.0013230942409519922	0.00037654020366922295	0.0006523121822273913	-0.00048781216585761633	-0.0002723052181649176	0.0012113236978671632	-0.0001603859268172376	0.0003657876964533176	-0.0009719431055050687	0.0003977626271540984	-0.000776255794916521	-1.9000532079041167e-05	-0.00020872121525157398	0.0002752729133653138	8.054915165104566e-06	-0.0	0.0	0.0	0.0	-0.0	-0.0	0.0	-0.0	0.0	0.0	0.0	-0.0	-0.0	0.0	-0.0	0.0	-0.0	0.0	0.0	-0.0	-0.0	-0.0	-0.0	0.0	-0.0	0.0	0.0	0.0	-0.0	-0.0	-0.0	-0.0	0.0	-0.0	0.0	0.0	0.0	-0.0	-0.0	-0.0	0.0	0.0	0.0	0.0	0.0	0.0	0.0	0.0	0.0	0.0	0.0	0.0	0.0	0.0	0.0	0.0	0.0	0.0	0.0	0.0	0.0	0.0	0.0	0.0	0.0	0.0	0.0	0.0	0.0	0.0	0.0	0.0	0.0	0.0	0.0	0.0	0.0	0.0	0.0	0.0	0.0	0.0	0.0	0.0	0.0	0.0	0.0	0.0	0.0	0.0	0.0	0.0	0.0	0.0	0.0	0.0	0.0	0.0	0.0	0.0	0.0	0.0	0.0	0.0	0.0	0.0	0.0	0.0
S9-female-3	-0.2842846689116748	-0.13793055164838536	0.0376822654007015	0.05468728803156677	0.06879979270869911	0.039279377941303935	-0.11977574890475835	0.04039620659223209	0.04750928792237059	-0.025441197084566297	0.018733239237093965	-0.04655390030350642	0.06784594181450511	-0.02033097447850669	-0.038295369587858875	-0.065868253645636	-0.04857863038269274	0.024473146958278024	-0.008536879527643048	-0.07450688070586899	0.027253681641267208	0.02756443979989471	-0.012843606569318121	-0.029953686549859235	-0.025689100430108976	0.017285520361682266	-0.004897405632954871	-0.0012827039500566122	-0.025570573801636784	-0.004603596881491803	-0.0012584085948849722	0.003478881039098575	-0.005250228422779025	-0.0019930263797820038	-0.0016546853800385964	-0.003945328845106203	0.009460509284828502	0.01794806043194604	-0.0006008528511319139	0.004460889064212679	-0.019529380416169927	-0.01042272875902902	-0.001180842137173438	-0.00860753763648918	-0.005428086152152492	-0.0007859551699948241	-0.00014461865848844344	0.00365380771970842	0.002419879042872687	0.0007855160517200713	0.0002134875909755854	-0.0	0.0	0.0	-0.0	-0.0	-0.0	0.0	-0.0	-0.0	-0.0	-0.0	-0.0	-0.0	0.0	0.0	-0.0	0.0	0.0	-0.0	-0.0	0.0	0.0	-0.0	0.0	-0.0	-0.0	0.0	0.0	0.0	-0.0	0.0	0.0	0.0	-0.0	-0.0	-0.0	-0.0	-0.0	-0.0	-0.0	0.0	0.0	0.0	0.0	0.0	0.0	0.0	0.0	0.0	0.0	0.0	0.0	0.0	0.0	0.0	0.0	0.0	0.0	0.0	0.0	0.0	0.0	0.0	0.0	0.0	0.0	0.0	0.0	0.0	0.0	0.0	0.0	0.0	0.0	0.0	0.0	0.0	0.0	0.0	0.0	0.0	0.0	0.0	0.0	0.0	0.0	0.0	0.0	0.0	0.0	0.0	0.0	0.0	0.0	0.0	0.0	0.0	0.0	0.0	0.0	0.0	0.0	0.0	0.0	0.0	0.0	0.0	0.0
S9-male-1	-0.42319548288671555	-0.07499318801854607	-0.01644030079659078	-0.016242435852102388	-0.007521947281866821	-0.07448258989569136	-0.007238884885599131	-0.03364385636308156	-0.037424047045946776	-0.012298020992773205	0.0192114818144342	-0.017501310425601317	0.0021639859146221703	-0.0004508234426416574	0.007460066432094367	0.015489737576507512	-0.002434815568262484	0.016362846838003247	-0.03314635241009394	0.023925819261144232	-0.010274781571390354	-0.010214533613849067	0.004050355110674152	0.021712003003616007	0.01135010105910266	0.004897158736368908	0.012728717647029325	0.022713490033202464	-0.0047406515025924705	-0.004401628962045678	-0.000927388352692987	-0.0027995080147203083	0.003938496062377527	-0.026000703041315527	0.014028809515098594	-0.014892904953954034	-0.020469413505309918	-0.011874118708134635	0.008003595488928905	-0.00481137869114402	-0.01091068298301948	0.021654975709413465	-0.007760815573056744	-0.012820626622527729	0.03125206708566093	0.007787344930726066	-0.0011800298341054958	0.0021878275468513782	0.004104530757124295	0.004240955804572774	-0.00014640637426078146	-0.0	0.0	-0.0	-0.0	-0.0	-0.0	0.0	-0.0	-0.0	-0.0	-0.0	-0.0	-0.0	0.0	0.0	-0.0	0.0	0.0	-0.0	-0.0	0.0	0.0	-0.0	0.0	-0.0	-0.0	0.0	0.0	0.0	-0.0	-0.0	0.0	0.0	0.0	-0.0	-0.0	-0.0	-0.0	-0.0	-0.0	0.0	0.0	0.0	0.0	0.0	0.0	0.0	0.0	0.0	0.0	0.0	0.0	0.0	0.0	0.0	0.0	0.0	0.0	0.0	0.0	0.0	0.0	0.0	0.0	0.0	0.0	0.0	0.0	0.0	0.0	0.0	0.0	0.0	0.0	0.0	0.0	0.0	0.0	0.0	0.0	0.0	0.0	0.0	0.0	0.0	0.0	0.0	0.0	0.0	0.0	0.0	0.0	0.0	0.0	0.0	0.0	0.0	0.0	0.0	0.0	0.0	0.0	0.0	0.0	0.0	0.0	0.0	0.0
S9-male-2	-0.16854975574572895	0.14569531736113228	-0.25054699494738236	-0.3099818549847859	0.0957846647488695	0.14770170000906072	0.03358486610276837	-0.042989656861518274	0.03173707661178311	-0.0074106004057519145	0.006530299417627075	0.07560071706510757	0.025155278442739806	0.07704673541375902	-0.03669319503958594	0.017037203800138664	-0.0767948438279281	0.008638924013920269	0.07434649928848487	0.07389206448049247	-0.03275499263588949	0.010749403429878412	-0.008719962557219511	-0.006990773416534826	-0.02163015016330103	-0.013235225184879466	-0.021046655435473814	-0.009606465216063592	0.004220922738728083	0.011308364770102731	-0.014796902791785728	-0.012991081272275745	-0.005861098515075851	-0.0016105212858656501	0.0006118911407749112	0.014466607166313561	0.002552104906045426	0.0007683586806120139	0.0074619523353808715	-0.01447985284473788	0.0025460178428771294	0.0052419147150292835	0.007030306723366518	0.00011078821809402575	-0.00013642998331263748	-0.002857506322337323	-0.001594824297956855	-0.00045148139320977393	-0.002184390858423306	0.0008750301677037935	1.8554110431711886e-05	-0.0	0.0	0.0	-0.0	-0.0	-0.0	0.0	-0.0	-0.0	-0.0	-0.0	-0.0	-0.0	0.0	0.0	-0.0	0.0	0.0	-0.0	-0.0	0.0	0.0	-0.0	0.0	-0.0	-0.0	0.0	0.0	0.0	-0.0	-0.0	0.0	0.0	-0.0	-0.0	-0.0	-0.0	-0.0	-0.0	-0.0	0.0	0.0	0.0	0.0	0.0	0.0	0.0	0.0	0.0	0.0	0.0	0.0	0.0	0.0	0.0	0.0	0.0	0.0	0.0	0.0	0.0	0.0	0.0	0.0	0.0	0.0	0.0	0.0	0.0	0.0	0.0	0.0	0.0	0.0	0.0	0.0	0.0	0.0	0.0	0.0	0.0	0.0	0.0	0.0	0.0	0.0	0.0	0.0	0.0	0.0	0.0	0.0	0.0	0.0	0.0	0.0	0.0	0.0	0.0	0.0	0.0	0.0	0.0	0.0	0.0	0.0	0.0	0.0

Biplot	0	0

Site constraints	0	0
