,FOUND2_TB,FOUND1_TB,B1_T0,E11_T0,E13_T0,E14_T0,E16_T0,E17_T0,E19_T0,E23_T0,E30_T0,ED12_T0,ED18_T0,ED22_T0,ED24_T0,ED26_T0,ED27_T0,ED29_T0,ED32_T0,B1_T1,B2_T1,B3_T1,B4_T1,E11_T1,E13_T1,E14_T1,E16_T1,E17_T1,E19_T1,E23_T1,E30_T1,ED12_T1,ED18_T1,ED22_T1,ED24_T1,ED26_T1,ED27_T1,ED29_T1,ED32_T1,F3_T1,F4_T1,F15_T1,F20_T1,F21_T1,F25_T1,F28_T1,F31_T1,S1_T1,S2_T1,S5_T1,S6_T1,S7_T1,S8_T1,S9_T1,S10_T1,E11_T2,E13_T2,E14_T2,E16_T2,E17_T2,E19_T2,E23_T2,E30_T2,ED12_T2,ED18_T2,ED22_T2,ED24_T2,ED26_T2,ED27_T2,ED29_T2,ED32_T2,B1_T3,B2_T3,B3_T3,B4_T3,E11_T3,E13_T3,E14_T3,E16_T3,E17_T3,E19_T3,E23_T3,E30_T3,ED12_T3,ED18_T3,ED22_T3,ED24_T3,ED26_T3,ED27_T3,ED29_T3,ED32_T3,F3_T3,F4_T3,F15_T3,F21_T3,F25_T3,F28_T3,F31_T3,S1_T3,S2_T3,S5_T3,S6_T3,S7_T3,S8_T3,S9_T3,S10_T3
FOUND2_TB,NA,0.013989116,0.015643171,0.016213623,0.01438285,0.015012998,0.01684773,0.014617244,0.013633227,0.015866801,0.014132465,0.016331066,0.014369042,0.014351863,0.014824966,0.013675602,0.01439805,0.014325315,0.014513473,0.016995619,0.023075089,0.018780409,0.021374078,0.01593873,0.014721692,0.0157483,0.015908431,0.014360158,0.013960461,0.014228234,0.014222056,0.01529367,0.014504696,0.013956228,0.014475346,0.014154717,0.014782473,0.014856734,0.014789602,0.015078515,0.015233448,0.015537367,0.014588095,0.015329016,0.015391802,0.015237142,0.016615237,0.014181562,0.014588359,0.013842021,0.013854028,0.014269021,0.013981244,0.014487803,0.014741622,0.01569536,0.014810105,0.016776173,0.016102903,0.014152163,0.01522148,0.015256636,0.013004285,0.015898732,0.014612426,0.015095129,0.015538356,0.015010015,0.015287095,0.016003482,0.014238799,0.015977237,0.015069818,0.017231793,0.017054074,0.01610399,0.016907641,0.017563522,0.01570211,0.014666637,0.01533745,0.015104227,0.016021557,0.015819434,0.016337803,0.015130331,0.015712148,0.01552613,0.01717879,0.016588552,0.015287873,0.01602493,0.016436071,0.017247354,0.017662426,0.019433434,0.016588762,0.017041264,0.0243733,0.0257224,0.019126835,0.017431985,0.018470351,0.02040927,0.016779274,0.017409414
FOUND1_TB,0.013989116,NA,0.015580277,0.016124045,0.014579845,0.014843451,0.016288504,0.014510793,0.013850638,0.015317761,0.013958647,0.01549279,0.014089744,0.014406117,0.01468141,0.013806675,0.013996909,0.013827,0.014716355,0.017088916,0.023345298,0.019083354,0.021777893,0.015636902,0.01492633,0.015526608,0.015807731,0.014556006,0.014360992,0.013967899,0.014126271,0.015415704,0.015034336,0.014010093,0.014281845,0.014354965,0.014125856,0.014922824,0.015362261,0.015267631,0.014790632,0.015667531,0.014785415,0.015721253,0.015383704,0.014783204,0.016586816,0.014299521,0.014729734,0.014153049,0.014265744,0.014925218,0.01438336,0.014831698,0.015042495,0.01556277,0.014831795,0.015867688,0.01575935,0.013920417,0.015438441,0.015246703,0.013283728,0.015730081,0.014663485,0.014894308,0.015143737,0.015348854,0.01468319,0.016031894,0.01434163,0.016115226,0.015287038,0.017264687,0.01736222,0.016247995,0.017497493,0.016867022,0.015481444,0.014925147,0.015362038,0.014765915,0.01586478,0.015726698,0.01662031,0.014845871,0.015447014,0.015969367,0.016568013,0.01651093,0.01520814,0.016248598,0.016521156,0.017643343,0.017812436,0.018873135,0.016264643,0.016839613,0.026168486,0.0267023,0.018889962,0.017833078,0.019179668,0.021587904,0.017727436,0.018342533
B1_T0,0.015643171,0.015580277,NA,0.016828138,0.015916434,0.015993495,0.017473233,0.01562496,0.015343204,0.0171314,0.016035128,0.016871297,0.015585898,0.015753933,0.015893009,0.015082074,0.015495893,0.015322747,0.015601989,0.017817309,0.02414488,0.019870244,0.022776244,0.016862595,0.016113556,0.016790224,0.017242729,0.015601094,0.015685054,0.015085429,0.015523105,0.016620861,0.01591531,0.015493518,0.015517839,0.015397145,0.015544822,0.015869438,0.016469181,0.015802181,0.015585477,0.016460294,0.01576821,0.016626301,0.016085798,0.015638841,0.017491161,0.015010039,0.015714336,0.014974502,0.015151957,0.015787689,0.015470809,0.015682372,0.015973046,0.01658739,0.016081797,0.017055962,0.016701493,0.015113515,0.016628314,0.016889951,0.014677635,0.016337633,0.016017224,0.016108748,0.016532337,0.016369466,0.016099839,0.017307428,0.015505316,0.017296681,0.016483663,0.018254591,0.018301765,0.016976569,0.018670931,0.017731097,0.016713661,0.015832074,0.016552931,0.016444485,0.017038223,0.016406055,0.018235107,0.015989433,0.017035435,0.01698653,0.017561841,0.017345814,0.016488454,0.016902516,0.017565049,0.018371881,0.01844166,0.020617698,0.017373942,0.017656545,0.027157579,0.02887987,0.019451458,0.01880258,0.020040636,0.02348852,0.018637054,0.019544505
E11_T0,0.016213623,0.016124045,0.016828138,NA,0.016432675,0.016588328,0.017527822,0.016486644,0.015624419,0.017398264,0.016272292,0.016852236,0.01609788,0.016156,0.016206755,0.01516072,0.016093801,0.01551427,0.015929575,0.018887835,0.025232391,0.020512025,0.023497624,0.014522785,0.016600468,0.01693044,0.017215909,0.01603068,0.015778233,0.015877105,0.016168053,0.016767439,0.016423158,0.015522554,0.0162442,0.015712888,0.016044426,0.016565143,0.01680251,0.016971339,0.016613681,0.01725491,0.016554109,0.017133113,0.016941875,0.016925131,0.018383559,0.01570075,0.01594551,0.015762969,0.015804612,0.016454499,0.016016475,0.016150766,0.017019871,0.013998849,0.01650453,0.017821339,0.016800686,0.015523991,0.016588346,0.017361897,0.014917212,0.016643073,0.016054007,0.016573941,0.016811352,0.016345774,0.016975581,0.017889661,0.015624764,0.017581933,0.01659553,0.018692764,0.018866626,0.014353634,0.019026568,0.018308825,0.016548615,0.016421294,0.016877561,0.016957259,0.017306912,0.016687155,0.01820301,0.01647923,0.017017686,0.01746139,0.018589309,0.017696987,0.01669874,0.017698931,0.018418739,0.019173755,0.019241068,0.020720217,0.018266827,0.018495029,0.027494919,0.028768829,0.020410458,0.01945636,0.020752025,0.023322235,0.018614337,0.019984449
E13_T0,0.01438285,0.014579845,0.015916434,0.016432675,NA,0.014961837,0.016819564,0.015000706,0.014115696,0.015847434,0.014462058,0.015973417,0.014567668,0.01463395,0.015052124,0.013876223,0.0146679,0.014057019,0.01462502,0.016908912,0.023648839,0.018841464,0.021492327,0.01603094,0.013823301,0.015447255,0.016060539,0.014556334,0.014081042,0.014132616,0.014790289,0.015400305,0.014772661,0.014359749,0.014527278,0.01403875,0.01473453,0.014925082,0.014679713,0.014973321,0.014993554,0.015554971,0.01497172,0.015430755,0.015115961,0.015022509,0.016513653,0.014133459,0.014555397,0.014112551,0.014077035,0.014613041,0.014241048,0.014459975,0.014739691,0.015538975,0.013574519,0.016476241,0.016011586,0.014188282,0.015264788,0.015563864,0.013495033,0.015694576,0.01478929,0.015282563,0.015663475,0.014970653,0.015208424,0.016069813,0.014008934,0.01612267,0.015208528,0.017082008,0.01676391,0.016569251,0.016442251,0.016941255,0.01536299,0.015143728,0.015332548,0.015374523,0.016158718,0.015757833,0.016769382,0.015150148,0.016180283,0.01599271,0.016942521,0.016527214,0.015099472,0.016071798,0.016452795,0.016824134,0.017202809,0.019159376,0.016298359,0.016751643,0.024792065,0.026221988,0.019013828,0.017680108,0.01812444,0.020649304,0.017292102,0.017396538
E14_T0,0.015012998,0.014843451,0.015993495,0.016588328,0.014961837,NA,0.017126282,0.015368212,0.014519952,0.016549648,0.015076037,0.016189865,0.014866664,0.015083129,0.015451875,0.014109665,0.014848053,0.01459103,0.015230782,0.017734272,0.024131435,0.01952129,0.022438101,0.016194156,0.015151056,0.014231445,0.016664722,0.015149753,0.014665396,0.014790988,0.014932889,0.016085861,0.015345768,0.014650765,0.014977977,0.014795542,0.014998598,0.015485058,0.015651362,0.015959555,0.01548696,0.01637561,0.015643508,0.016248407,0.015802806,0.015784096,0.017266662,0.01485472,0.015184878,0.014782912,0.014879864,0.01539684,0.014816242,0.015226936,0.015661601,0.016060713,0.015317079,0.014975942,0.016151461,0.014701802,0.015788466,0.016350454,0.013804259,0.015854171,0.015276384,0.01539398,0.016130672,0.01547192,0.015594673,0.016707271,0.014845416,0.016693805,0.015987234,0.017710233,0.017405833,0.016631764,0.017997325,0.015338526,0.015798498,0.015327504,0.015825098,0.015766661,0.016200439,0.016046047,0.017202044,0.015384493,0.016661334,0.016158773,0.017183986,0.016873327,0.015617854,0.016801697,0.017345214,0.017679528,0.01789447,0.019425201,0.016993839,0.017286494,0.025898195,0.027190622,0.019484247,0.018566946,0.019128149,0.02191604,0.017879075,0.018653403
E16_T0,0.01684773,0.016288504,0.017473233,0.017527822,0.016819564,0.017126282,NA,0.016626545,0.01623778,0.017657299,0.016569132,0.01753336,0.016849582,0.016767949,0.017086818,0.015967261,0.016723644,0.016142542,0.016905083,0.019259216,0.025525994,0.02104432,0.024201252,0.017867199,0.017079655,0.017208629,0.015609537,0.01686311,0.016604252,0.016400378,0.016802948,0.01748234,0.017483403,0.016546025,0.016874183,0.016527633,0.016673605,0.017373527,0.017513137,0.017297411,0.016820273,0.018115163,0.0171159,0.018104653,0.01778897,0.017520412,0.019044917,0.016455204,0.016732568,0.016474569,0.016393033,0.017202472,0.016695154,0.017056608,0.017334537,0.017377739,0.017032572,0.018331181,0.015554162,0.016139943,0.017753527,0.017928693,0.015810234,0.017444902,0.017092181,0.017448445,0.017551291,0.017575279,0.017433482,0.018669795,0.016431215,0.018283239,0.017405546,0.019421158,0.019407335,0.017974751,0.019609559,0.019127644,0.015382557,0.017383219,0.017535167,0.017830131,0.018389531,0.017515755,0.019476892,0.01741271,0.018193479,0.018366643,0.019047164,0.018405932,0.017499603,0.01843552,0.019020037,0.019937291,0.019906971,0.021186791,0.018980335,0.018951801,0.028950619,0.029888195,0.021236874,0.020205878,0.021507981,0.024988535,0.019942196,0.02084433
E17_T0,0.014617244,0.014510793,0.01562496,0.016486644,0.015000706,0.015368212,0.016626545,NA,0.014103586,0.015625583,0.014648297,0.016060527,0.014676454,0.014783343,0.015086503,0.014166167,0.014710423,0.014412316,0.014827566,0.017384118,0.023511078,0.019103308,0.021748867,0.016274123,0.015300092,0.015914238,0.016251876,0.014045449,0.014591546,0.014352777,0.014784034,0.015592239,0.015059481,0.014355803,0.014718699,0.014533256,0.015021803,0.015163638,0.015365693,0.015265952,0.015175989,0.015833801,0.014908023,0.015544466,0.015559955,0.015270563,0.016874529,0.014376593,0.014635912,0.014221443,0.01418952,0.01488285,0.014658561,0.01492142,0.014976242,0.015953331,0.01517305,0.0168284,0.01633925,0.013674631,0.015885095,0.015812029,0.013568302,0.016000692,0.015047296,0.015564385,0.015774699,0.015337068,0.015516806,0.016301406,0.014489478,0.016462643,0.015749945,0.017594935,0.017415629,0.016703482,0.017666723,0.01733181,0.015843492,0.014290822,0.016047272,0.015686267,0.016396116,0.015785869,0.017091477,0.015251306,0.01613922,0.016405292,0.017401584,0.016707644,0.015554308,0.016503956,0.016968687,0.01755535,0.0174918,0.019666844,0.016756944,0.017004614,0.025792385,0.027366465,0.019552438,0.018034248,0.019138594,0.021540134,0.017789126,0.018134119
E19_T0,0.013633227,0.013850638,0.015343204,0.015624419,0.014115696,0.014519952,0.01623778,0.014103586,NA,0.01487984,0.013216126,0.015544779,0.01351507,0.013820192,0.014379634,0.013002539,0.013804179,0.01370585,0.013269764,0.016814907,0.02343565,0.018581291,0.02077053,0.015743271,0.01421455,0.015076147,0.01568474,0.014107868,0.012354966,0.013991306,0.013898275,0.014891173,0.013896079,0.013579792,0.014086562,0.013821638,0.014465779,0.014058713,0.013806166,0.014633018,0.015204499,0.014636406,0.01432823,0.014953975,0.014625872,0.014950757,0.016224083,0.013378015,0.013682571,0.013386843,0.013745265,0.01387905,0.013530035,0.014053791,0.014155153,0.014964307,0.013901106,0.015907899,0.015803829,0.013778562,0.013309192,0.015055815,0.012590886,0.014936397,0.013685751,0.014339885,0.015014496,0.013697035,0.014866447,0.015126079,0.012798572,0.015608712,0.014108009,0.017051642,0.016401628,0.01541012,0.015918441,0.016384626,0.015045108,0.013886548,0.013466586,0.014455231,0.015216147,0.015115777,0.014687438,0.014247504,0.015170631,0.014887936,0.016939744,0.01559435,0.013944442,0.015551555,0.016255072,0.016452961,0.016799315,0.018709912,0.015974351,0.016345879,0.02267586,0.024373702,0.019099582,0.017042916,0.017950666,0.018584243,0.015817712,0.01642559
E23_T0,0.015866801,0.015317761,0.0171314,0.017398264,0.015847434,0.016549648,0.017657299,0.015625583,0.01487984,NA,0.015484175,0.016741169,0.015589927,0.015736155,0.015924252,0.015173827,0.01593894,0.015339143,0.01558548,0.018731862,0.024819452,0.020109967,0.022777507,0.017411319,0.016282679,0.016991193,0.017444319,0.01620415,0.016075578,0.015288302,0.015867871,0.016573832,0.015968196,0.015313996,0.016102202,0.015713938,0.016168299,0.016326617,0.016054541,0.016476338,0.016594986,0.016654552,0.016018419,0.016823818,0.016598048,0.016330519,0.018116324,0.015270622,0.01584476,0.015376272,0.015513793,0.016087287,0.015691779,0.015988575,0.01639879,0.016756968,0.015882033,0.01802003,0.017444242,0.015416962,0.016837511,0.015065655,0.014586705,0.016703673,0.015632266,0.016540641,0.016713116,0.016105262,0.016638165,0.017219389,0.014834893,0.017895859,0.016231433,0.018927985,0.018610199,0.017675903,0.018284029,0.018480183,0.016592058,0.016438734,0.016769398,0.01463608,0.017199859,0.016628416,0.017652066,0.016137426,0.016845561,0.017700854,0.018677093,0.017366582,0.016294165,0.017322799,0.017965917,0.018569145,0.018298364,0.020625566,0.017668863,0.017948786,0.026099745,0.026673405,0.02029557,0.01925999,0.019853825,0.021927025,0.018307632,0.018715032
E30_T0,0.014132465,0.013958647,0.016035128,0.016272292,0.014462058,0.015076037,0.016569132,0.014648297,0.013216126,0.015484175,NA,0.016474346,0.014199882,0.014292582,0.014766534,0.013665365,0.014528207,0.014412856,0.014351612,0.017423366,0.023562793,0.019359162,0.021439825,0.015966564,0.014816105,0.015640994,0.015912617,0.014441966,0.014261059,0.01429348,0.013071336,0.015263663,0.014284774,0.014112657,0.014355504,0.013996243,0.014686848,0.014921477,0.014644518,0.014953834,0.015451218,0.015327024,0.014949051,0.015695698,0.015263302,0.01530554,0.016784213,0.01434816,0.014495612,0.014073507,0.014442862,0.01436239,0.014138321,0.014676918,0.014951702,0.015543696,0.014656122,0.016371178,0.016028732,0.014107867,0.015397025,0.015023109,0.011957211,0.015782998,0.014273223,0.014831332,0.015302749,0.014649483,0.015169468,0.015870608,0.013850831,0.01591721,0.015005497,0.0170203,0.016743794,0.01596577,0.016705279,0.016961009,0.015459227,0.014521068,0.015396182,0.014960339,0.014473134,0.015660657,0.015382512,0.014892482,0.015395033,0.015177559,0.01703096,0.01614728,0.015198018,0.01630112,0.016693358,0.017034955,0.017596651,0.019227699,0.016429023,0.017196058,0.024019315,0.024829743,0.019406739,0.017810181,0.018594182,0.020044252,0.016552911,0.017294581
ED12_T0,0.016331066,0.01549279,0.016871297,0.016852236,0.015973417,0.016189865,0.01753336,0.016060527,0.015544779,0.016741169,0.016474346,NA,0.01581041,0.01573059,0.015363029,0.015001571,0.015395999,0.014694243,0.015814457,0.018268941,0.024769459,0.019918281,0.023266339,0.017252239,0.016387867,0.01646245,0.01719437,0.016482553,0.015873671,0.01544532,0.016000475,0.014554547,0.016692688,0.015562283,0.015904501,0.015667481,0.01578017,0.016369532,0.016879116,0.016784192,0.016184541,0.017498417,0.016222321,0.016947002,0.016759608,0.016400877,0.018293347,0.015103342,0.016008081,0.015600741,0.015245091,0.016468411,0.015862312,0.015842988,0.016429689,0.01684361,0.016203121,0.017317234,0.01671322,0.015409559,0.016911767,0.017377923,0.015171538,0.014010178,0.016031859,0.016708393,0.016537139,0.016138726,0.016229121,0.017633529,0.015558564,0.018137562,0.016725243,0.018995292,0.018919233,0.017542368,0.018980633,0.018095305,0.016295794,0.016681975,0.016707475,0.01700702,0.017311262,0.014135754,0.018690931,0.016267546,0.017251313,0.017966126,0.018412967,0.0180112,0.016292224,0.01753497,0.018145325,0.018989526,0.018122469,0.020497942,0.018125781,0.017773483,0.02843268,0.02945859,0.019937231,0.019273435,0.020715282,0.024271667,0.019129384,0.019787695
ED18_T0,0.014369042,0.014089744,0.015585898,0.01609788,0.014567668,0.014866664,0.016849582,0.014676454,0.01351507,0.015589927,0.014199882,0.01581041,NA,0.014470513,0.014777086,0.013596563,0.01423533,0.014161042,0.01437861,0.017163293,0.023545138,0.018790464,0.021450381,0.015990854,0.014705949,0.015392757,0.016007471,0.014765169,0.014104545,0.01428902,0.014371357,0.01552555,0.013450368,0.014197774,0.014513987,0.014061261,0.014440006,0.014842441,0.01495302,0.015257564,0.015174133,0.015338616,0.014881854,0.015482587,0.015099833,0.015078126,0.016506053,0.013927989,0.014586227,0.013959771,0.014152958,0.014621126,0.014188783,0.014484087,0.014810052,0.015351718,0.0145093,0.016195984,0.016049703,0.01399479,0.015154576,0.015597377,0.013068199,0.015786422,0.013417678,0.014982459,0.01548757,0.014536332,0.015051745,0.015886722,0.013958487,0.016226715,0.015051863,0.017442805,0.01685897,0.016144644,0.017117103,0.016414345,0.015520571,0.014796879,0.015297659,0.015098291,0.015619091,0.015737599,0.014955936,0.014811685,0.01580089,0.015645483,0.017027506,0.016335305,0.015042258,0.016274808,0.016545888,0.017057914,0.017137173,0.019014183,0.016213984,0.016574571,0.024371731,0.026244912,0.018951193,0.01766708,0.018468067,0.020090226,0.016882685,0.017529561
ED22_T0,0.014351863,0.014406117,0.015753933,0.016156,0.01463395,0.015083129,0.016767949,0.014783343,0.013820192,0.015736155,0.014292582,0.01573059,0.014470513,NA,0.014805537,0.013585412,0.014498925,0.014115297,0.014223597,0.01724346,0.023519176,0.018816074,0.021384028,0.016171159,0.015016305,0.015451014,0.015970279,0.014504266,0.014283156,0.01437017,0.014351516,0.015322662,0.014582431,0.01307863,0.014553775,0.014099496,0.014819639,0.014863569,0.014695539,0.014992903,0.015115223,0.015427191,0.014735226,0.015671998,0.015335146,0.015201993,0.016778021,0.013992574,0.014724892,0.013986516,0.014229055,0.014581291,0.01413781,0.014632641,0.014974952,0.01545527,0.014718962,0.016327775,0.015827949,0.01420949,0.015507435,0.015658569,0.013178718,0.015602303,0.014528019,0.013911542,0.015406062,0.014869938,0.015322984,0.016120694,0.013631645,0.016147803,0.014917268,0.017482902,0.016962843,0.016198795,0.017190261,0.017000772,0.015378784,0.014839912,0.015283169,0.015335141,0.015875437,0.015555149,0.016255307,0.013980279,0.015606807,0.015577295,0.017239673,0.016299163,0.015138623,0.016038683,0.016611225,0.016898079,0.017482552,0.019446006,0.016216246,0.016669155,0.024462592,0.026062444,0.019273559,0.017804769,0.018816922,0.020607044,0.016662194,0.017625823
ED24_T0,0.014824966,0.01468141,0.015893009,0.016206755,0.015052124,0.015451875,0.017086818,0.015086503,0.014379634,0.015924252,0.014766534,0.015363029,0.014777086,0.014805537,NA,0.014161935,0.014587059,0.014148644,0.014957917,0.01759594,0.023620973,0.019179719,0.021979532,0.016120221,0.015296096,0.015591468,0.016256018,0.015069626,0.01485438,0.014535203,0.014721043,0.015564306,0.015140099,0.014457948,0.013620361,0.01444569,0.014852751,0.0151374,0.015506338,0.015497248,0.015218724,0.015965681,0.015349953,0.01601468,0.015579392,0.015487812,0.017175725,0.014471184,0.014935496,0.014384622,0.014514789,0.015093761,0.014650317,0.014793004,0.015352445,0.015880499,0.014996866,0.01634398,0.015869867,0.014444356,0.015757439,0.015893173,0.013526473,0.015586464,0.014793265,0.015223752,0.014519821,0.015284813,0.015432766,0.016592848,0.014530164,0.016737119,0.015816006,0.017710345,0.017606137,0.016599489,0.01763046,0.01694112,0.01550734,0.015242763,0.01563187,0.015525059,0.015854896,0.015490179,0.016886097,0.015124819,0.014844887,0.016041737,0.01717499,0.016614907,0.015573482,0.016365149,0.016935994,0.017666248,0.017618358,0.019669947,0.016685833,0.017162034,0.025870502,0.027066039,0.019310873,0.018140603,0.019114481,0.022118959,0.0177506,0.018528724
ED26_T0,0.013675602,0.013806675,0.015082074,0.01516072,0.013876223,0.014109665,0.015967261,0.014166167,0.013002539,0.015173827,0.013665365,0.015001571,0.013596563,0.013585412,0.014161935,NA,0.013695375,0.013289662,0.013684065,0.016591966,0.023129486,0.018367915,0.021028653,0.015315078,0.014266243,0.014640291,0.01520178,0.013882454,0.013419595,0.013722515,0.013768627,0.014576945,0.013995121,0.013406874,0.013905412,0.012632052,0.014031254,0.014157802,0.014416413,0.014503708,0.014473521,0.014795814,0.01436096,0.015033694,0.01481821,0.014701812,0.016101,0.013473075,0.013784939,0.013369976,0.013626113,0.0139015,0.013615913,0.014089,0.014320789,0.014707492,0.014089825,0.015731828,0.015024893,0.013347656,0.014650953,0.014967478,0.01267376,0.014694432,0.013794833,0.01408699,0.014924408,0.013097745,0.01471838,0.015411391,0.013175847,0.01544212,0.014434414,0.016700473,0.016452682,0.015349176,0.016539843,0.016260101,0.014577279,0.013952889,0.014550313,0.014693205,0.015139077,0.014822659,0.015428901,0.014122183,0.015095008,0.01394478,0.016664191,0.015584439,0.014412308,0.015511333,0.016076327,0.016507144,0.016675809,0.018531218,0.015818072,0.015994201,0.02407448,0.025697031,0.018795353,0.017258913,0.018530712,0.02017366,0.016301715,0.016894202
ED27_T0,0.01439805,0.013996909,0.015495893,0.016093801,0.0146679,0.014848053,0.016723644,0.014710423,0.013804179,0.01593894,0.014528207,0.015395999,0.01423533,0.014498925,0.014587059,0.013695375,NA,0.013842251,0.014558996,0.017042888,0.023383748,0.018615039,0.021512191,0.015735942,0.014907743,0.015160991,0.016059773,0.014972708,0.013999948,0.013929573,0.014596083,0.015224348,0.014667934,0.014140437,0.014183348,0.014211487,0.012735786,0.014695151,0.015203261,0.015243272,0.015042252,0.015522297,0.014702822,0.015477326,0.015005496,0.015085984,0.016445789,0.013887262,0.014444907,0.013924549,0.014102507,0.014807581,0.014027214,0.014395088,0.014916203,0.015301912,0.014432614,0.015678108,0.015665234,0.014007727,0.015032974,0.015761592,0.01327797,0.015416182,0.014358391,0.014843236,0.015398061,0.014818289,0.013531479,0.016172914,0.014003619,0.016157482,0.014922595,0.017325646,0.017112547,0.016120607,0.017249344,0.016415142,0.015105238,0.014613934,0.015286325,0.015287598,0.015511926,0.01545793,0.016210508,0.014706259,0.015657582,0.01579734,0.014972016,0.016328686,0.015003026,0.01592825,0.016505382,0.016874344,0.017011929,0.018704565,0.016076237,0.016418839,0.024941007,0.026316289,0.019058323,0.017605937,0.018756775,0.021157637,0.017174761,0.017517654
ED29_T0,0.014325315,0.013827,0.015322747,0.01551427,0.014057019,0.01459103,0.016142542,0.014412316,0.01370585,0.015339143,0.014412856,0.014694243,0.014161042,0.014115297,0.014148644,0.013289662,0.013842251,NA,0.014109029,0.016820295,0.023141448,0.018489813,0.021617397,0.015609723,0.014525882,0.014864625,0.015632179,0.014349217,0.014031083,0.013957945,0.014317042,0.0150078,0.014672275,0.013813624,0.014173791,0.013867187,0.014254157,0.013494541,0.014871788,0.01500245,0.014565086,0.01557883,0.014860526,0.015385883,0.015055196,0.015000513,0.016647561,0.013814191,0.014158795,0.013960235,0.013959104,0.014698549,0.013982542,0.014206641,0.014629776,0.015139064,0.01427298,0.015853697,0.015115771,0.013721189,0.015001508,0.015322217,0.013149959,0.01481989,0.014292931,0.014718586,0.015121182,0.014703275,0.014773451,0.014812453,0.013689373,0.016120073,0.015055192,0.01705794,0.016943716,0.016037651,0.017239102,0.016484297,0.014792239,0.014707249,0.014731478,0.014985837,0.015627655,0.015059632,0.016516605,0.014669377,0.015493647,0.015769328,0.016503958,0.014898911,0.014860791,0.015909343,0.016481741,0.017116824,0.016873227,0.018847828,0.016188551,0.016479653,0.025577014,0.026878532,0.018707771,0.017829998,0.018755008,0.021484254,0.017441846,0.017708318
ED32_T0,0.014513473,0.014716355,0.015601989,0.015929575,0.01462502,0.015230782,0.016905083,0.014827566,0.013269764,0.01558548,0.014351612,0.015814457,0.01437861,0.014223597,0.014957917,0.013684065,0.014558996,0.014109029,NA,0.017297396,0.023886929,0.019067897,0.021402884,0.015824004,0.015029001,0.015637727,0.016363737,0.014654604,0.014014426,0.014425175,0.014562646,0.01524819,0.014474646,0.014163669,0.014709985,0.014229203,0.014933383,0.014809268,0.013759133,0.015094799,0.015374863,0.015272646,0.015027186,0.015251025,0.015411958,0.015516256,0.016617298,0.014017481,0.014731501,0.014112924,0.01441213,0.014583393,0.014253538,0.01460986,0.014935085,0.01525762,0.014497053,0.016680031,0.016120495,0.014212237,0.014923153,0.015612869,0.013284255,0.015651552,0.0142924,0.01504352,0.015586719,0.014463346,0.015460744,0.016017117,0.012663357,0.016249832,0.014792334,0.017623625,0.017189021,0.015913134,0.016991957,0.017130035,0.015618311,0.014831354,0.014985416,0.015161142,0.015775104,0.015548717,0.016058624,0.014695113,0.015838268,0.015985264,0.017569176,0.016323,0.01402043,0.016172944,0.016907264,0.016564683,0.017124894,0.019117461,0.016294605,0.016619949,0.023784402,0.025509494,0.01959894,0.017833646,0.018465077,0.020075571,0.016776791,0.01725417
B1_T1,0.016995619,0.017088916,0.017817309,0.018887835,0.016908912,0.017734272,0.019259216,0.017384118,0.016814907,0.018731862,0.017423366,0.018268941,0.017163293,0.01724346,0.01759594,0.016591966,0.017042888,0.016820295,0.017297396,NA,0.025630378,0.020847463,0.023565817,0.018522485,0.017284834,0.018159887,0.01866212,0.017170008,0.01677456,0.016519882,0.01711666,0.017865464,0.017646332,0.016895347,0.017168475,0.016728846,0.017233486,0.017626089,0.017786922,0.017490977,0.01714383,0.018013917,0.017334413,0.017882206,0.017754443,0.017308803,0.018959866,0.016508726,0.017037584,0.016586983,0.016319401,0.01704457,0.016736244,0.016986747,0.017092985,0.018380381,0.017417783,0.018878624,0.018359273,0.01664344,0.017996337,0.01842857,0.01629407,0.018367137,0.017548117,0.017811065,0.018197277,0.017887383,0.017590807,0.018821937,0.016740021,0.01861184,0.017760355,0.019433706,0.01933512,0.019140914,0.020058575,0.019889753,0.018110097,0.017596992,0.018174228,0.018387534,0.018801905,0.018279935,0.019928108,0.017665077,0.01889847,0.018776294,0.019564232,0.019253478,0.018005454,0.018076646,0.018681455,0.019511308,0.019436309,0.021122083,0.01861579,0.018800126,0.028242245,0.029366138,0.021837339,0.020247695,0.021003249,0.024072769,0.019985136,0.020243259
B2_T1,0.023075089,0.023345298,0.02414488,0.025232391,0.023648839,0.024131435,0.025525994,0.023511078,0.02343565,0.024819452,0.023562793,0.024769459,0.023545138,0.023519176,0.023620973,0.023129486,0.023383748,0.023141448,0.023886929,0.025630378,NA,0.027466273,0.030082077,0.024846769,0.023937919,0.024401492,0.024985046,0.023536695,0.023492548,0.022908178,0.023397441,0.024369694,0.023727313,0.023281128,0.023028717,0.023185559,0.023421941,0.023989447,0.024332393,0.023590103,0.023165332,0.024460533,0.02339999,0.024466898,0.024079148,0.023612719,0.025296391,0.023109575,0.023684782,0.02274881,0.022645169,0.023347387,0.023017387,0.023187062,0.02366054,0.024783315,0.023732162,0.024927656,0.024568532,0.023048485,0.024590963,0.024519183,0.022489967,0.024704982,0.023891535,0.024092552,0.024219195,0.0243597,0.023936381,0.025212356,0.023306763,0.024756344,0.024178416,0.02578151,0.026096233,0.025213557,0.026420095,0.025659204,0.024671426,0.023704261,0.024694986,0.024408723,0.025006736,0.024485283,0.026132063,0.02436808,0.024881102,0.02481758,0.025418805,0.025377926,0.024344803,0.024403571,0.024779214,0.026046959,0.026124801,0.027964196,0.025185167,0.025429093,0.035261894,0.036118446,0.028141967,0.026738715,0.027566818,0.030616019,0.026523633,0.026977096
B3_T1,0.018780409,0.019083354,0.019870244,0.020512025,0.018841464,0.01952129,0.02104432,0.019103308,0.018581291,0.020109967,0.019359162,0.019918281,0.018790464,0.018816074,0.019179719,0.018367915,0.018615039,0.018489813,0.019067897,0.020847463,0.027466273,NA,0.025329092,0.02032822,0.01924463,0.019720178,0.020385799,0.019073056,0.018585933,0.018267468,0.019245429,0.019526785,0.019239461,0.018492286,0.018874278,0.018465257,0.018906141,0.019404702,0.019481536,0.019271479,0.019213439,0.019643523,0.019108708,0.019290555,0.019522182,0.019294296,0.020557938,0.018146811,0.018986231,0.018329516,0.018111315,0.018834712,0.018432014,0.018687344,0.018722932,0.02008199,0.019013995,0.020768145,0.020190225,0.018435111,0.019729945,0.020177095,0.018140255,0.019995241,0.019006982,0.019523988,0.019993251,0.019494458,0.019527265,0.020687589,0.018558013,0.020730384,0.019670538,0.021503034,0.021212414,0.020741497,0.021687683,0.021538088,0.020033064,0.01935968,0.019910004,0.019873115,0.020663899,0.019924129,0.021156384,0.019552191,0.020546399,0.020678599,0.021338517,0.021133278,0.019766296,0.019693497,0.020278804,0.02096385,0.020547446,0.023064809,0.020122938,0.020225363,0.029447615,0.031342813,0.023458401,0.021819578,0.022858684,0.025114265,0.021749852,0.022179017
B4_T1,0.021374078,0.021777893,0.022776244,0.023497624,0.021492327,0.022438101,0.024201252,0.021748867,0.02077053,0.022777507,0.021439825,0.023266339,0.021450381,0.021384028,0.021979532,0.021028653,0.021512191,0.021617397,0.021402884,0.023565817,0.030082077,0.025329092,NA,0.022999248,0.021877596,0.022463322,0.023245188,0.021782569,0.021051734,0.02103755,0.021739618,0.022396375,0.021569518,0.021127425,0.021322554,0.021049226,0.0218931,0.021956134,0.021447231,0.021638639,0.022175508,0.021744793,0.02158958,0.022009924,0.022064392,0.021936388,0.023101394,0.020848867,0.021720731,0.020838364,0.020695265,0.021053748,0.020964023,0.021269637,0.021647887,0.022535251,0.021629308,0.023549041,0.023216334,0.021231826,0.022225585,0.022788339,0.020524608,0.023401799,0.021486921,0.022184489,0.022568636,0.021921897,0.022311571,0.023083675,0.020671049,0.022939573,0.021687735,0.024043295,0.023390334,0.023461617,0.024013298,0.024132134,0.02263752,0.021566838,0.02271134,0.022537837,0.023352827,0.022891344,0.023365461,0.022131199,0.022911503,0.02290498,0.024391952,0.023587407,0.02208808,0.022512093,0.022907588,0.023168889,0.023532414,0.025549553,0.022754149,0.023029346,0.030415693,0.031778122,0.026324063,0.024325628,0.025174778,0.02654722,0.023632219,0.023939546
E11_T1,0.01593873,0.015636902,0.016862595,0.014522785,0.01603094,0.016194156,0.017867199,0.016274123,0.015743271,0.017411319,0.015966564,0.017252239,0.015990854,0.016171159,0.016120221,0.015315078,0.015735942,0.015609723,0.015824004,0.018522485,0.024846769,0.02032822,0.022999248,NA,0.016390993,0.016677956,0.017173982,0.015997202,0.015539541,0.015424654,0.015989393,0.016521019,0.016283488,0.015474548,0.015778632,0.015416242,0.015642522,0.016683032,0.016221441,0.01646823,0.016225505,0.016881924,0.016125665,0.016824124,0.016831596,0.016456737,0.017902367,0.015568949,0.016015736,0.015541586,0.015442409,0.016239714,0.015570532,0.015801761,0.016440285,0.013611032,0.016204737,0.017425478,0.016810384,0.01539262,0.016381555,0.017180433,0.014945403,0.017076251,0.016097457,0.016316284,0.016529079,0.016560294,0.016538535,0.01774255,0.015402513,0.017570517,0.016553124,0.018257857,0.018348434,0.014023153,0.018910031,0.018086081,0.016413985,0.016190407,0.016819191,0.016828823,0.017140542,0.016714939,0.01823887,0.016279917,0.01689757,0.017244815,0.018132372,0.017712843,0.016476064,0.017423155,0.017806228,0.018606039,0.018815846,0.020551863,0.017576286,0.01794654,0.027213322,0.027998211,0.020092199,0.019072909,0.020269175,0.022754514,0.018897353,0.019626873
E13_T1,0.014721692,0.01492633,0.016113556,0.016600468,0.013823301,0.015151056,0.017079655,0.015300092,0.01421455,0.016282679,0.014816105,0.016387867,0.014705949,0.015016305,0.015296096,0.014266243,0.014907743,0.014525882,0.015029001,0.017284834,0.023937919,0.01924463,0.021877596,0.016390993,NA,0.015706708,0.016316651,0.014897,0.01433339,0.014646046,0.014934069,0.015805083,0.014961548,0.014773023,0.014577291,0.014447808,0.01503329,0.015355171,0.01528445,0.015317742,0.015091242,0.015755772,0.015432951,0.01572696,0.015287874,0.01548406,0.016850972,0.014574212,0.014923813,0.014413981,0.014468047,0.015012626,0.014754144,0.014936176,0.015245671,0.015933723,0.013129539,0.01654289,0.016187091,0.014499919,0.015433784,0.015692679,0.01373729,0.015975393,0.014885229,0.015288336,0.015802887,0.015229731,0.015433312,0.016510675,0.014203382,0.016544393,0.015455213,0.017414954,0.017002025,0.016594389,0.016183388,0.017006317,0.015476916,0.015110688,0.015501673,0.015557556,0.016197595,0.016000644,0.016705198,0.01531454,0.016224634,0.016091167,0.017290458,0.016846194,0.015585886,0.0164149,0.016977884,0.017090999,0.017337832,0.019325631,0.016681451,0.017040072,0.025005372,0.026235263,0.01906016,0.018341762,0.018654813,0.020823838,0.017675669,0.017640133
E14_T1,0.0157483,0.015526608,0.016790224,0.01693044,0.015447255,0.014231445,0.017208629,0.015914238,0.015076147,0.016991193,0.015640994,0.01646245,0.015392757,0.015451014,0.015591468,0.014640291,0.015160991,0.014864625,0.015637727,0.018159887,0.024401492,0.019720178,0.022463322,0.016677956,0.015706708,NA,0.016717896,0.01572688,0.015002094,0.014994452,0.015268164,0.016293836,0.015972633,0.015042052,0.015234959,0.015055932,0.015376397,0.015682345,0.016133373,0.016282549,0.015826236,0.016657393,0.015930741,0.016604076,0.016143473,0.01638208,0.017571559,0.015044167,0.015600291,0.014961033,0.015084813,0.01598327,0.015273189,0.015474079,0.016035721,0.016330204,0.015812561,0.014703043,0.016351103,0.015053505,0.016109091,0.016754115,0.014031208,0.01616824,0.01537502,0.015635352,0.016255877,0.015949561,0.016052608,0.016749009,0.014890581,0.017262364,0.016188606,0.01826357,0.017903669,0.017071055,0.018428957,0.015171988,0.015875301,0.015693297,0.016177949,0.016062915,0.016603291,0.016247182,0.017619625,0.015608944,0.017060593,0.016641242,0.017434215,0.017083063,0.015880571,0.016833139,0.017279229,0.017783483,0.017994027,0.019578209,0.017326184,0.017470021,0.026246742,0.027368927,0.019641757,0.018755768,0.019778089,0.022310096,0.018457801,0.018812408
E16_T1,0.015908431,0.015807731,0.017242729,0.017215909,0.016060539,0.016664722,0.015609537,0.016251876,0.01568474,0.017444319,0.015912617,0.01719437,0.016007471,0.015970279,0.016256018,0.01520178,0.016059773,0.015632179,0.016363737,0.01866212,0.024985046,0.020385799,0.023245188,0.017173982,0.016316651,0.016717896,NA,0.016021613,0.016076944,0.015704455,0.016092227,0.01660037,0.016569635,0.015868902,0.01616882,0.015540245,0.016066591,0.016600812,0.016645398,0.01659887,0.016454793,0.01739361,0.016482683,0.01739029,0.017092044,0.016799847,0.018328047,0.015989331,0.016177945,0.015888062,0.015529879,0.016334225,0.015945977,0.016323258,0.01668023,0.01685338,0.016472808,0.017945069,0.014272472,0.015472181,0.017169556,0.017052748,0.015091019,0.017067905,0.016335049,0.016353276,0.0169426,0.016748355,0.016707009,0.01801381,0.015788212,0.017554592,0.016838531,0.018682278,0.018233278,0.017335684,0.018846712,0.018579753,0.01400333,0.016565471,0.016827053,0.017221471,0.017604884,0.017124766,0.018402751,0.016637629,0.017366057,0.017437862,0.018484392,0.017878832,0.016959828,0.01781194,0.018209212,0.019387105,0.018841005,0.020765327,0.018386474,0.018478329,0.027514154,0.028741299,0.020674597,0.019401828,0.020228678,0.023311197,0.019328424,0.019730784
E17_T1,0.014360158,0.014556006,0.015601094,0.01603068,0.014556334,0.015149753,0.01686311,0.014045449,0.014107868,0.01620415,0.014441966,0.016482553,0.014765169,0.014504266,0.015069626,0.013882454,0.014972708,0.014349217,0.014654604,0.017170008,0.023536695,0.019073056,0.021782569,0.015997202,0.014897,0.01572688,0.016021613,NA,0.014186148,0.014583591,0.014648976,0.015504112,0.014865404,0.014144719,0.014565122,0.014290468,0.014990229,0.014862563,0.014802987,0.014839127,0.014991572,0.015703374,0.014990236,0.015739092,0.015421242,0.015165132,0.016914723,0.014503198,0.014605582,0.014244754,0.014317354,0.014503917,0.014323364,0.014734038,0.014917183,0.015635615,0.014952577,0.01660999,0.015859606,0.013433787,0.015451525,0.01580603,0.013563814,0.01587662,0.014930117,0.015019505,0.015708498,0.015286619,0.015476309,0.016483872,0.014204881,0.016102296,0.015488982,0.017403979,0.016935048,0.016097214,0.017299726,0.017324993,0.015560857,0.014068075,0.015661165,0.015580225,0.016182246,0.015765884,0.016758278,0.015211254,0.015945027,0.015773235,0.017308724,0.016536442,0.015550662,0.016140631,0.016611149,0.017395684,0.017746164,0.019412158,0.016566379,0.017016815,0.025204457,0.026603334,0.019449503,0.017896494,0.018573033,0.020827354,0.017246706,0.017899598
E19_T1,0.013960461,0.014360992,0.015685054,0.015778233,0.014081042,0.014665396,0.016604252,0.014591546,0.012354966,0.016075578,0.014261059,0.015873671,0.014104545,0.014283156,0.01485438,0.013419595,0.013999948,0.014031083,0.014014426,0.01677456,0.023492548,0.018585933,0.021051734,0.015539541,0.01433339,0.015002094,0.016076944,0.014186148,NA,0.013961627,0.01434575,0.01525496,0.014445272,0.013612216,0.01431831,0.013980418,0.014357098,0.014622836,0.014381273,0.014878591,0.014990631,0.01503244,0.014631158,0.015055331,0.015018438,0.015004149,0.016217359,0.013721501,0.014083681,0.013843645,0.013871397,0.014414191,0.013928105,0.014300971,0.014377201,0.015127659,0.014264403,0.015772365,0.015446986,0.013887966,0.013380646,0.015659861,0.013113072,0.01563789,0.014219258,0.014737297,0.015440006,0.014627164,0.014921548,0.015795159,0.013379959,0.015901283,0.01473501,0.017038274,0.016539754,0.015885724,0.016909029,0.016375808,0.014962475,0.014500145,0.01362221,0.015034276,0.015721627,0.01547092,0.016297351,0.014605214,0.015889162,0.01564609,0.016739788,0.016202481,0.014653185,0.015551188,0.016244009,0.016224593,0.016594038,0.018596702,0.015859801,0.016294586,0.023814703,0.025396809,0.01888639,0.017228033,0.018049636,0.019947426,0.016628128,0.016882658
E23_T1,0.014228234,0.013967899,0.015085429,0.015877105,0.014132616,0.014790988,0.016400378,0.014352777,0.013991306,0.015288302,0.01429348,0.01544532,0.01428902,0.01437017,0.014535203,0.013722515,0.013929573,0.013957945,0.014425175,0.016519882,0.022908178,0.018267468,0.02103755,0.015424654,0.014646046,0.014994452,0.015704455,0.014583591,0.013961627,NA,0.014229559,0.015046237,0.014582356,0.013765391,0.01412465,0.013873049,0.014267644,0.014724558,0.01462521,0.014575577,0.014423907,0.015037525,0.01433267,0.01487075,0.014617888,0.014345748,0.015885346,0.013683314,0.014188339,0.013598893,0.013422989,0.014356328,0.013766798,0.014160261,0.014483529,0.015183658,0.014397892,0.015788516,0.015295335,0.013697241,0.014932798,0.01499449,0.013060019,0.015362262,0.014420319,0.014783683,0.015322423,0.014945196,0.014872091,0.01583989,0.013765893,0.015751855,0.014636347,0.016600943,0.016388102,0.015973919,0.016987253,0.016416073,0.014977969,0.014706051,0.015234231,0.014792114,0.015822737,0.015289919,0.016596307,0.014547499,0.015841815,0.015840198,0.016390558,0.016093402,0.014895829,0.015481153,0.015791452,0.016580496,0.016532488,0.018410268,0.015594682,0.015923089,0.024845322,0.026021487,0.018585358,0.017055086,0.018092802,0.020754192,0.017103648,0.017240343
E30_T1,0.014222056,0.014126271,0.015523105,0.016168053,0.014790289,0.014932889,0.016802948,0.014784034,0.013898275,0.015867871,0.013071336,0.016000475,0.014371357,0.014351516,0.014721043,0.013768627,0.014596083,0.014317042,0.014562646,0.01711666,0.023397441,0.019245429,0.021739618,0.015989393,0.014934069,0.015268164,0.016092227,0.014648976,0.01434575,0.014229559,NA,0.015312319,0.014904964,0.014099831,0.014395615,0.014042357,0.014586964,0.015121691,0.015165473,0.015172259,0.015049404,0.015890354,0.014985823,0.016112973,0.015406835,0.01508268,0.016722938,0.014256323,0.014936093,0.014292679,0.014453772,0.014767664,0.014429332,0.014782914,0.015301879,0.015676807,0.01477963,0.015660793,0.015724309,0.014050664,0.015324617,0.014972103,0.011489293,0.015390984,0.014413482,0.014406753,0.015075383,0.0150028,0.015101026,0.015920557,0.014177086,0.016118985,0.015354493,0.017172117,0.017033083,0.016101649,0.017218002,0.016356604,0.015438572,0.014716729,0.015249583,0.014963042,0.013867453,0.015161154,0.016232265,0.014780361,0.015356832,0.015550098,0.016610828,0.015995579,0.015145483,0.016214806,0.016757943,0.01752753,0.017591142,0.019041627,0.016797412,0.016969209,0.025613818,0.026669302,0.019119191,0.01802614,0.019340347,0.021838339,0.017394971,0.018502704
ED12_T1,0.01529367,0.015415704,0.016620861,0.016767439,0.015400305,0.016085861,0.01748234,0.015592239,0.014891173,0.016573832,0.015263663,0.014554547,0.01552555,0.015322662,0.015564306,0.014576945,0.015224348,0.0150078,0.01524819,0.017865464,0.024369694,0.019526785,0.022396375,0.016521019,0.015805083,0.016293836,0.01660037,0.015504112,0.01525496,0.015046237,0.015312319,NA,0.015751152,0.014909609,0.015292544,0.014764341,0.015493315,0.015784887,0.015880049,0.015812248,0.015875101,0.016380102,0.015597721,0.016191785,0.016194741,0.015883626,0.017513485,0.015045577,0.015613046,0.015066455,0.014956932,0.015618963,0.015141634,0.015343367,0.015701133,0.016192742,0.015494699,0.017175368,0.016476556,0.015046003,0.016198196,0.016670216,0.014022287,0.014216766,0.015317695,0.015949682,0.016346808,0.015829565,0.016070869,0.01683879,0.014926888,0.017082284,0.015918774,0.01813289,0.017803548,0.016808262,0.017942866,0.017766579,0.015996976,0.015772305,0.016151802,0.016331543,0.016541995,0.01403341,0.01746511,0.015885589,0.016534589,0.016681718,0.018011539,0.017233104,0.01590076,0.017053511,0.017412705,0.018003762,0.017906955,0.020120708,0.017301532,0.017541391,0.026413015,0.027451484,0.020010734,0.018433422,0.019411464,0.021816797,0.018086548,0.018455781
ED18_T1,0.014504696,0.015034336,0.01591531,0.016423158,0.014772661,0.015345768,0.017483403,0.015059481,0.013896079,0.015968196,0.014284774,0.016692688,0.013450368,0.014582431,0.015140099,0.013995121,0.014667934,0.014672275,0.014474646,0.017646332,0.023727313,0.019239461,0.021569518,0.016283488,0.014961548,0.015972633,0.016569635,0.014865404,0.014445272,0.014582356,0.014904964,0.015751152,NA,0.014189684,0.014534071,0.014086,0.01483557,0.015018436,0.014833744,0.015165824,0.015516437,0.015237307,0.014948833,0.015429386,0.0150626,0.015203782,0.016765226,0.014344184,0.014877755,0.013975077,0.014275332,0.014631534,0.014238488,0.014662968,0.015039238,0.015643998,0.014726188,0.0167031,0.016323182,0.014446812,0.015422773,0.015593904,0.013418088,0.01617057,0.013097173,0.015070483,0.015763937,0.014877247,0.015485584,0.01625906,0.013959997,0.016259207,0.015094386,0.017559532,0.016996987,0.016294795,0.017314523,0.016932875,0.015936252,0.014786036,0.015751923,0.015209748,0.016071221,0.016053027,0.01482799,0.015035115,0.015982314,0.015561939,0.016800212,0.016419943,0.015420384,0.016436441,0.016842144,0.0167369,0.017644237,0.019771356,0.016391697,0.017060062,0.023276777,0.025594984,0.019555175,0.017984373,0.018435755,0.019716479,0.016875414,0.017254322
ED22_T1,0.013956228,0.014010093,0.015493518,0.015522554,0.014359749,0.014650765,0.016546025,0.014355803,0.013579792,0.015313996,0.014112657,0.015562283,0.014197774,0.01307863,0.014457948,0.013406874,0.014140437,0.013813624,0.014163669,0.016895347,0.023281128,0.018492286,0.021127425,0.015474548,0.014773023,0.015042052,0.015868902,0.014144719,0.013612216,0.013765391,0.014099831,0.014909609,0.014189684,NA,0.014154345,0.013661735,0.01430756,0.014622712,0.014433846,0.014664979,0.014831696,0.015122619,0.014375607,0.015004069,0.014893812,0.014622902,0.016290108,0.013572373,0.014136054,0.013753053,0.013756301,0.014311458,0.013685179,0.014064005,0.014523518,0.01488109,0.014462796,0.015818287,0.015210186,0.013652031,0.014741892,0.015168579,0.012831265,0.015199083,0.014050702,0.01346856,0.015052413,0.014675037,0.014941811,0.015754638,0.01358459,0.015799424,0.014639965,0.016958015,0.016559166,0.015665285,0.01709873,0.016503315,0.015000251,0.014288115,0.014827517,0.014861353,0.015542771,0.015011899,0.016053894,0.013444236,0.015385497,0.015478621,0.016624294,0.015886319,0.014641865,0.01554227,0.016000455,0.016550841,0.016899469,0.018939939,0.015847324,0.016298171,0.024401801,0.025894506,0.018729005,0.017460228,0.018152119,0.020322847,0.016710468,0.017353427
ED24_T1,0.014475346,0.014281845,0.015517839,0.0162442,0.014527278,0.014977977,0.016874183,0.014718699,0.014086562,0.016102202,0.014355504,0.015904501,0.014513987,0.014553775,0.013620361,0.013905412,0.014183348,0.014173791,0.014709985,0.017168475,0.023028717,0.018874278,0.021322554,0.015778632,0.014577291,0.015234959,0.01616882,0.014565122,0.01431831,0.01412465,0.014395615,0.015292544,0.014534071,0.014154345,NA,0.014028733,0.014336071,0.014932088,0.01489016,0.014795044,0.014702384,0.01542813,0.014864559,0.015338014,0.014835206,0.014910279,0.016586732,0.014371973,0.014803029,0.013949433,0.014091199,0.014513071,0.014123203,0.014443751,0.014926945,0.015542241,0.014349644,0.01566856,0.015649218,0.01405108,0.015214749,0.015520776,0.013404688,0.015597168,0.014493697,0.014697083,0.013791241,0.015131857,0.015084498,0.016231911,0.014005081,0.015953315,0.015129254,0.017020742,0.016799583,0.016083995,0.016872316,0.016325919,0.015406121,0.014590975,0.01541504,0.015212363,0.015495196,0.015515824,0.016382307,0.01496167,0.014244796,0.015532079,0.016342127,0.016256041,0.015330072,0.015964188,0.016176152,0.016926069,0.017464044,0.01904127,0.016116779,0.016912268,0.025123795,0.025972242,0.019049785,0.017628737,0.01864647,0.021153935,0.017572695,0.017862674
ED26_T1,0.014154717,0.014354965,0.015397145,0.015712888,0.01403875,0.014795542,0.016527633,0.014533256,0.013821638,0.015713938,0.013996243,0.015667481,0.014061261,0.014099496,0.01444569,0.012632052,0.014211487,0.013867187,0.014229203,0.016728846,0.023185559,0.018465257,0.021049226,0.015416242,0.014447808,0.015055932,0.015540245,0.014290468,0.013980418,0.013873049,0.014042357,0.014764341,0.014086,0.013661735,0.014028733,NA,0.014195288,0.014457734,0.014549265,0.014674227,0.014808343,0.015036045,0.014558147,0.015034107,0.015040173,0.01464214,0.016262791,0.013947328,0.014214372,0.013534494,0.013665681,0.014155564,0.013776416,0.014170908,0.014499737,0.014951104,0.01429141,0.016036948,0.015223429,0.013720956,0.015090329,0.015277862,0.012921538,0.015384832,0.014077286,0.014547877,0.015239561,0.013703002,0.014877421,0.015845854,0.013562925,0.015913732,0.014823832,0.016732061,0.016487126,0.015705644,0.016905393,0.016709801,0.014873357,0.014167842,0.015294395,0.015163036,0.015388099,0.015290755,0.016050992,0.014539606,0.015592071,0.014233003,0.016677681,0.01580611,0.014944146,0.015568193,0.016010916,0.016501492,0.016904438,0.018637141,0.016061039,0.016270875,0.024160387,0.02573287,0.019005741,0.017444388,0.018187546,0.02023075,0.016807888,0.017132706
ED27_T1,0.014782473,0.014125856,0.015544822,0.016044426,0.01473453,0.014998598,0.016673605,0.015021803,0.014465779,0.016168299,0.014686848,0.01578017,0.014440006,0.014819639,0.014852751,0.014031254,0.012735786,0.014254157,0.014933383,0.017233486,0.023421941,0.018906141,0.0218931,0.015642522,0.01503329,0.015376397,0.016066591,0.014990229,0.014357098,0.014267644,0.014586964,0.015493315,0.01483557,0.01430756,0.014336071,0.014195288,NA,0.01509332,0.015486389,0.015308644,0.014974382,0.015967302,0.014991899,0.015806914,0.015312163,0.015088337,0.016740269,0.014277456,0.014854474,0.014130995,0.01440744,0.014973322,0.014354664,0.014628874,0.015238368,0.015519034,0.014752306,0.015634666,0.015441554,0.014147307,0.015483528,0.015642132,0.013570024,0.015478009,0.014739509,0.014879806,0.015344618,0.015229809,0.012791311,0.016294626,0.014533426,0.016216403,0.015499543,0.017195823,0.017136942,0.016074622,0.017725953,0.016551877,0.015318883,0.014971767,0.015436218,0.015473903,0.015707698,0.015406705,0.016774779,0.015245411,0.015626492,0.015943165,0.014584907,0.016345864,0.0154283,0.016171505,0.016429624,0.017433118,0.017640473,0.019133053,0.016509874,0.016860102,0.026459267,0.026887489,0.019059835,0.018024861,0.019016994,0.022141663,0.017784286,0.018449684
ED29_T1,0.014856734,0.014922824,0.015869438,0.016565143,0.014925082,0.015485058,0.017373527,0.015163638,0.014058713,0.016326617,0.014921477,0.016369532,0.014842441,0.014863569,0.0151374,0.014157802,0.014695151,0.013494541,0.014809268,0.017626089,0.023989447,0.019404702,0.021956134,0.016683032,0.015355171,0.015682345,0.016600812,0.014862563,0.014622836,0.014724558,0.015121691,0.015784887,0.015018436,0.014622712,0.014932088,0.014457734,0.01509332,NA,0.015232401,0.015440662,0.015562359,0.015880916,0.01548571,0.015760025,0.015502823,0.015710757,0.017166179,0.014574675,0.01485367,0.014507997,0.014590781,0.015094988,0.014459604,0.014966406,0.015251573,0.015982747,0.015029657,0.016789397,0.016420896,0.014589611,0.015526089,0.015956999,0.013639501,0.015799137,0.0148294,0.015454496,0.016157115,0.015344598,0.015555266,0.014998038,0.014153737,0.016743559,0.015644852,0.017739519,0.017406112,0.016906327,0.017480879,0.017222004,0.015991419,0.01509635,0.015708465,0.015586528,0.016481409,0.015972674,0.016603758,0.015444235,0.016401285,0.016009818,0.017456512,0.015222166,0.015659192,0.016475479,0.01717191,0.017381642,0.017526744,0.019837146,0.016728735,0.017143214,0.024405831,0.026548059,0.019642549,0.018203021,0.019103133,0.020824545,0.017219644,0.017560887
ED32_T1,0.014789602,0.015362261,0.016469181,0.01680251,0.014679713,0.015651362,0.017513137,0.015365693,0.013806166,0.016054541,0.014644518,0.016879116,0.01495302,0.014695539,0.015506338,0.014416413,0.015203261,0.014871788,0.013759133,0.017786922,0.024332393,0.019481536,0.021447231,0.016221441,0.01528445,0.016133373,0.016645398,0.014802987,0.014381273,0.01462521,0.015165473,0.015880049,0.014833744,0.014433846,0.01489016,0.014549265,0.015486389,0.015232401,NA,0.015254081,0.015919122,0.015228294,0.015194914,0.015609842,0.015464253,0.015597501,0.016847811,0.014650415,0.015145567,0.014426108,0.014555051,0.014689997,0.014460706,0.014942017,0.015120819,0.015614131,0.0149417,0.017063976,0.016577902,0.014857854,0.015228587,0.015978419,0.013726419,0.016499074,0.014901993,0.015332783,0.016203058,0.015207897,0.016103082,0.016540159,0.01275974,0.016436486,0.015210549,0.01755799,0.016957295,0.016367797,0.017080409,0.017351288,0.01572116,0.015160508,0.015659993,0.015473291,0.016309662,0.016284567,0.016217717,0.015234249,0.016473595,0.016141887,0.017965029,0.016727227,0.014287906,0.016524865,0.016992957,0.016602278,0.017645524,0.019599684,0.016372925,0.016999241,0.023215938,0.025093818,0.019915961,0.017724449,0.0182283,0.019434785,0.016921461,0.017218076
F3_T1,0.015078515,0.015267631,0.015802181,0.016971339,0.014973321,0.015959555,0.017297411,0.015265952,0.014633018,0.016476338,0.014953834,0.016784192,0.015257564,0.014992903,0.015497248,0.014503708,0.015243272,0.01500245,0.015094799,0.017490977,0.023590103,0.019271479,0.021638639,0.01646823,0.015317742,0.016282549,0.01659887,0.014839127,0.014878591,0.014575577,0.015172259,0.015812248,0.015165824,0.014664979,0.014795044,0.014674227,0.015308644,0.015440662,0.015254081,NA,0.015373797,0.015382116,0.01503422,0.01551644,0.015360648,0.015180595,0.016917778,0.01452211,0.015166076,0.014353919,0.014318469,0.014653301,0.014448858,0.014788726,0.01508829,0.015999074,0.015139363,0.017317375,0.016200016,0.014565612,0.015922402,0.016222308,0.014143243,0.016555688,0.015357635,0.015554895,0.016222476,0.015727729,0.016024746,0.016892814,0.014476291,0.016456157,0.015509169,0.017675957,0.01719962,0.016807046,0.017701036,0.017916468,0.016074171,0.015271341,0.016141622,0.016151746,0.016662439,0.016409845,0.01724273,0.015630319,0.01674901,0.016533442,0.01773187,0.016977905,0.015986217,0.016263481,0.016618932,0.017018059,0.017338539,0.019856564,0.016452965,0.01691243,0.024589844,0.02666232,0.019542438,0.017945566,0.018820604,0.020956368,0.017573228,0.017904364
F4_T1,0.015233448,0.014790632,0.015585477,0.016613681,0.014993554,0.01548696,0.016820273,0.015175989,0.015204499,0.016594986,0.015451218,0.016184541,0.015174133,0.015115223,0.015218724,0.014473521,0.015042252,0.014565086,0.015374863,0.01714383,0.023165332,0.019213439,0.022175508,0.016225505,0.015091242,0.015826236,0.016454793,0.014991572,0.014990631,0.014423907,0.015049404,0.015875101,0.015516437,0.014831696,0.014702384,0.014808343,0.014974382,0.015562359,0.015919122,0.015373797,NA,0.016131473,0.015227514,0.016056591,0.015367935,0.015054678,0.017090695,0.014860162,0.015055833,0.014597484,0.014517768,0.015409093,0.01479836,0.015016283,0.015406414,0.016235431,0.015179801,0.016006075,0.015793496,0.014426704,0.015901135,0.016351055,0.014237125,0.015922667,0.015443458,0.01539356,0.015775101,0.015935984,0.015568458,0.016943982,0.014892194,0.016470981,0.015988821,0.017252766,0.01735809,0.016855066,0.018117839,0.016904381,0.015783015,0.015601679,0.015996159,0.01615069,0.016278723,0.015882979,0.017952841,0.01552727,0.016359424,0.016418495,0.016958399,0.01670165,0.015904113,0.016220756,0.016612362,0.017843518,0.017876521,0.01944651,0.016702624,0.017321941,0.027211089,0.02800456,0.019091171,0.018529613,0.019351196,0.022691589,0.018536764,0.019071579
F15_T1,0.015537367,0.015667531,0.016460294,0.01725491,0.015554971,0.01637561,0.018115163,0.015833801,0.014636406,0.016654552,0.015327024,0.017498417,0.015338616,0.015427191,0.015965681,0.014795814,0.015522297,0.01557883,0.015272646,0.018013917,0.024460533,0.019643523,0.021744793,0.016881924,0.015755772,0.016657393,0.01739361,0.015703374,0.01503244,0.015037525,0.015890354,0.016380102,0.015237307,0.015122619,0.01542813,0.015036045,0.015967302,0.015880916,0.015228294,0.015382116,0.016131473,NA,0.015388632,0.015849734,0.015784691,0.015969405,0.017001672,0.01478975,0.015440349,0.014629244,0.014784569,0.015179601,0.014853028,0.015324547,0.015563842,0.016223805,0.015426761,0.017710513,0.017403887,0.015205378,0.015815994,0.01681261,0.014323481,0.017211113,0.015185236,0.016030967,0.016797504,0.015440966,0.016509539,0.017085309,0.014497292,0.016896374,0.015483348,0.017921572,0.017465203,0.017171653,0.017634164,0.017797123,0.016720885,0.015592049,0.016429687,0.016376463,0.017120177,0.016988731,0.016755575,0.015735462,0.016952042,0.016506151,0.018282432,0.017532831,0.015932071,0.016833077,0.017371614,0.016754875,0.017503498,0.019759496,0.016367713,0.01700059,0.023641477,0.025450391,0.020384058,0.018208858,0.018948886,0.01984997,0.017304691,0.017600251
F20_T1,0.014588095,0.014785415,0.01576821,0.016554109,0.01497172,0.015643508,0.0171159,0.014908023,0.01432823,0.016018419,0.014949051,0.016222321,0.014881854,0.014735226,0.015349953,0.01436096,0.014702822,0.014860526,0.015027186,0.017334413,0.02339999,0.019108708,0.02158958,0.016125665,0.015432951,0.015930741,0.016482683,0.014990236,0.014631158,0.01433267,0.014985823,0.015597721,0.014948833,0.014375607,0.014864559,0.014558147,0.014991899,0.01548571,0.015194914,0.01503422,0.015227514,0.015388632,NA,0.015465514,0.015298082,0.015055047,0.01659757,0.014351579,0.014937746,0.014062018,0.01417775,0.014839869,0.014423341,0.014743592,0.014927634,0.015755773,0.015269108,0.016859617,0.016386567,0.014638383,0.01563838,0.015986492,0.013809699,0.016018864,0.014907022,0.015455625,0.016094068,0.015412811,0.015595982,0.016636926,0.014230162,0.016277814,0.015260409,0.01760598,0.017276102,0.016460023,0.017611375,0.017572941,0.015832421,0.015240075,0.016042755,0.015825222,0.016469536,0.015812224,0.016965476,0.015380704,0.016359322,0.016127283,0.017399482,0.016922643,0.015572479,0.016378921,0.016561289,0.017274319,0.017560453,0.019546733,0.016477141,0.016858815,0.025132707,0.026465081,0.019218779,0.017776631,0.018708676,0.020939661,0.017381618,0.017872498
F21_T1,0.015329016,0.015721253,0.016626301,0.017133113,0.015430755,0.016248407,0.018104653,0.015544466,0.014953975,0.016823818,0.015695698,0.016947002,0.015482587,0.015671998,0.01601468,0.015033694,0.015477326,0.015385883,0.015251025,0.017882206,0.024466898,0.019290555,0.022009924,0.016824124,0.01572696,0.016604076,0.01739029,0.015739092,0.015055331,0.01487075,0.016112973,0.016191785,0.015429386,0.015004069,0.015338014,0.015034107,0.015806914,0.015760025,0.015609842,0.01551644,0.016056591,0.015849734,0.015465514,NA,0.015887985,0.015922548,0.017137044,0.014681631,0.015294254,0.014494157,0.014538085,0.015273706,0.01486805,0.015199127,0.015395991,0.016308209,0.015436229,0.01773031,0.017227777,0.015295959,0.016139201,0.017124947,0.014690434,0.017144466,0.015467804,0.016337333,0.016682268,0.015767695,0.016503327,0.017220913,0.014609888,0.017011227,0.015757781,0.01822581,0.017661571,0.017148561,0.018103141,0.018364865,0.016682718,0.015902297,0.01679383,0.016781535,0.01750814,0.016798243,0.017709185,0.016023421,0.017255679,0.017325193,0.018579689,0.017588224,0.016201523,0.016648908,0.017150532,0.017105131,0.017654338,0.02017312,0.016861307,0.017105068,0.024741499,0.026359817,0.020153801,0.018438228,0.018766108,0.020554398,0.017713017,0.017993035
F25_T1,0.015391802,0.015383704,0.016085798,0.016941875,0.015115961,0.015802806,0.01778897,0.015559955,0.014625872,0.016598048,0.015263302,0.016759608,0.015099833,0.015335146,0.015579392,0.01481821,0.015005496,0.015055196,0.015411958,0.017754443,0.024079148,0.019522182,0.022064392,0.016831596,0.015287874,0.016143473,0.017092044,0.015421242,0.015018438,0.014617888,0.015406835,0.016194741,0.0150626,0.014893812,0.014835206,0.015040173,0.015312163,0.015502823,0.015464253,0.015360648,0.015367935,0.015784691,0.015298082,0.015887985,NA,0.015284158,0.017127785,0.014671041,0.015301593,0.014489487,0.014607763,0.015246546,0.014816948,0.015105964,0.015459498,0.016272351,0.01498729,0.01645598,0.016684897,0.014900782,0.015785673,0.016260892,0.014250159,0.016226197,0.015147196,0.015475792,0.016253962,0.015486941,0.015904987,0.016775471,0.014526827,0.016614471,0.015557347,0.017766515,0.017163512,0.016736931,0.017355747,0.016752856,0.016221274,0.015363416,0.016004222,0.015783338,0.016368913,0.01632618,0.016804559,0.01544158,0.016681856,0.016492306,0.017340329,0.017003,0.015956249,0.016496545,0.016872312,0.016937173,0.017819095,0.019913306,0.016655882,0.017093764,0.024710268,0.026252329,0.019727366,0.01831463,0.018924733,0.020994506,0.017822002,0.018053132
F28_T1,0.015237142,0.014783204,0.015638841,0.016925131,0.015022509,0.015784096,0.017520412,0.015270563,0.014950757,0.016330519,0.01530554,0.016400877,0.015078126,0.015201993,0.015487812,0.014701812,0.015085984,0.015000513,0.015516256,0.017308803,0.023612719,0.019294296,0.021936388,0.016456737,0.01548406,0.01638208,0.016799847,0.015165132,0.015004149,0.014345748,0.01508268,0.015883626,0.015203782,0.014622902,0.014910279,0.01464214,0.015088337,0.015710757,0.015597501,0.015180595,0.015054678,0.015969405,0.015055047,0.015922548,0.015284158,NA,0.016739328,0.014627279,0.015176832,0.014402838,0.014358617,0.01504808,0.014708228,0.014963519,0.015130921,0.016207089,0.015261917,0.016679152,0.016245611,0.01461815,0.015872222,0.016112131,0.014329223,0.016245882,0.015453363,0.015611009,0.016396712,0.015994018,0.015680653,0.016737431,0.014888998,0.016656505,0.015755751,0.017219412,0.017377768,0.016963513,0.018299842,0.017453167,0.016090851,0.015388092,0.016327026,0.015770209,0.016678039,0.016291179,0.017571469,0.015646418,0.016885479,0.016404948,0.016963142,0.016748939,0.016020118,0.016308349,0.016581566,0.017617684,0.017730312,0.019393773,0.016515148,0.017135635,0.026203622,0.027347996,0.019494523,0.017932168,0.01906004,0.022100008,0.018232183,0.018405117
F31_T1,0.016615237,0.016586816,0.017491161,0.018383559,0.016513653,0.017266662,0.019044917,0.016874529,0.016224083,0.018116324,0.016784213,0.018293347,0.016506053,0.016778021,0.017175725,0.016101,0.016445789,0.016647561,0.016617298,0.018959866,0.025296391,0.020557938,0.023101394,0.017902367,0.016850972,0.017571559,0.018328047,0.016914723,0.016217359,0.015885346,0.016722938,0.017513485,0.016765226,0.016290108,0.016586732,0.016262791,0.016740269,0.017166179,0.016847811,0.016917778,0.017090695,0.017001672,0.01659757,0.017137044,0.017127785,0.016739328,NA,0.016017726,0.016774492,0.015793465,0.015918819,0.016636128,0.01627782,0.016487977,0.016679891,0.017674418,0.016612704,0.018547389,0.018095494,0.016310918,0.017195608,0.01778496,0.015475578,0.018160332,0.016665728,0.017182494,0.017848791,0.017209561,0.01730897,0.018334937,0.016128752,0.018266278,0.016902565,0.019120814,0.018853608,0.018264735,0.019363148,0.018773532,0.017873886,0.017008184,0.017647175,0.017426655,0.018181386,0.01789969,0.018653855,0.016938383,0.018485429,0.01814119,0.019126712,0.018710806,0.017334406,0.017736027,0.018137792,0.018166542,0.018778308,0.020758686,0.017833263,0.01809553,0.026491347,0.027970637,0.021562595,0.019227303,0.020416233,0.022429265,0.019110358,0.019429339
S1_T1,0.014181562,0.014299521,0.015010039,0.01570075,0.014133459,0.01485472,0.016455204,0.014376593,0.013378015,0.015270622,0.01434816,0.015103342,0.013927989,0.013992574,0.014471184,0.013473075,0.013887262,0.013814191,0.014017481,0.016508726,0.023109575,0.018146811,0.020848867,0.015568949,0.014574212,0.015044167,0.015989331,0.014503198,0.013721501,0.013683314,0.014256323,0.015045577,0.014344184,0.013572373,0.014371973,0.013947328,0.014277456,0.014574675,0.014650415,0.01452211,0.014860162,0.01478975,0.014351579,0.014681631,0.014671041,0.014627279,0.016017726,NA,0.013900161,0.013275319,0.013256977,0.013867191,0.013677603,0.013852411,0.014094395,0.015115243,0.014117671,0.015995556,0.015843389,0.013695876,0.014711582,0.015410463,0.013025616,0.015264901,0.014108416,0.01468312,0.015228924,0.01424593,0.014795319,0.01550668,0.01338486,0.015657709,0.014358883,0.016929137,0.01647397,0.015949875,0.016700486,0.016606282,0.015282262,0.01439901,0.014949474,0.014987313,0.015672073,0.01520552,0.016038173,0.014418319,0.015570902,0.015815934,0.016803574,0.016230316,0.014540734,0.015405566,0.01594043,0.016068568,0.016255469,0.018412255,0.015625537,0.015533398,0.023772161,0.026053113,0.018731131,0.017303502,0.018227692,0.020015762,0.016367628,0.016898175
S2_T1,0.014588359,0.014729734,0.015714336,0.01594551,0.014555397,0.015184878,0.016732568,0.014635912,0.013682571,0.01584476,0.014495612,0.016008081,0.014586227,0.014724892,0.014935496,0.013784939,0.014444907,0.014158795,0.014731501,0.017037584,0.023684782,0.018986231,0.021720731,0.016015736,0.014923813,0.015600291,0.016177945,0.014605582,0.014083681,0.014188339,0.014936093,0.015613046,0.014877755,0.014136054,0.014803029,0.014214372,0.014854474,0.01485367,0.015145567,0.015166076,0.015055833,0.015440349,0.014937746,0.015294254,0.015301593,0.015176832,0.016774492,0.013900161,NA,0.01380792,0.01384807,0.014357782,0.01399804,0.014501155,0.014654858,0.015509315,0.014654977,0.016557295,0.015974042,0.014128381,0.015064774,0.015930992,0.013559704,0.015757634,0.014664636,0.01517588,0.015937041,0.014845346,0.015328335,0.016198715,0.014182872,0.016182153,0.015275819,0.017288671,0.017099782,0.016143928,0.017256103,0.017200865,0.015636641,0.014766072,0.015171508,0.015626205,0.016254353,0.015798072,0.016529937,0.014928253,0.016180833,0.015946859,0.017408723,0.016390482,0.015121781,0.016042833,0.016585153,0.016850142,0.017351043,0.019013035,0.016114609,0.016876154,0.024444457,0.025904381,0.018941497,0.017746778,0.01856731,0.020757738,0.017161483,0.017360139
S5_T1,0.013842021,0.014153049,0.014974502,0.015762969,0.014112551,0.014782912,0.016474569,0.014221443,0.013386843,0.015376272,0.014073507,0.015600741,0.013959771,0.013986516,0.014384622,0.013369976,0.013924549,0.013960235,0.014112924,0.016586983,0.02274881,0.018329516,0.020838364,0.015541586,0.014413981,0.014961033,0.015888062,0.014244754,0.013843645,0.013598893,0.014292679,0.015066455,0.013975077,0.013753053,0.013949433,0.013534494,0.014130995,0.014507997,0.014426108,0.014353919,0.014597484,0.014629244,0.014062018,0.014494157,0.014489487,0.014402838,0.015793465,0.013275319,0.01380792,NA,0.013230499,0.013721616,0.013338425,0.013780505,0.013992828,0.01508743,0.014203019,0.0159764,0.015755088,0.013790566,0.014687012,0.015105446,0.01297617,0.01548267,0.014137371,0.01473169,0.015163382,0.014317146,0.014743027,0.015779366,0.013398405,0.015559107,0.014363272,0.016628631,0.016352987,0.015687168,0.016639719,0.016483932,0.015359735,0.014199648,0.015209751,0.014844852,0.015718076,0.015320199,0.015910458,0.014544573,0.015674543,0.015208695,0.01644172,0.016200844,0.01475302,0.015268896,0.015668003,0.015946544,0.016743517,0.018496629,0.015415197,0.015973662,0.023387545,0.025492569,0.0186261,0.016923743,0.017759869,0.019690365,0.016254544,0.016707103
S6_T1,0.013854028,0.014265744,0.015151957,0.015804612,0.014077035,0.014879864,0.016393033,0.01418952,0.013745265,0.015513793,0.014442862,0.015245091,0.014152958,0.014229055,0.014514789,0.013626113,0.014102507,0.013959104,0.01441213,0.016319401,0.022645169,0.018111315,0.020695265,0.015442409,0.014468047,0.015084813,0.015529879,0.014317354,0.013871397,0.013422989,0.014453772,0.014956932,0.014275332,0.013756301,0.014091199,0.013665681,0.01440744,0.014590781,0.014555051,0.014318469,0.014517768,0.014784569,0.01417775,0.014538085,0.014607763,0.014358617,0.015918819,0.013256977,0.01384807,0.013230499,NA,0.013712806,0.013435831,0.013697941,0.013953784,0.015220532,0.014332358,0.016361413,0.015498504,0.013758216,0.014983101,0.015314718,0.013389055,0.015585698,0.014434527,0.014973684,0.015337936,0.014751405,0.014821964,0.01591264,0.013793841,0.015656584,0.014534562,0.016422216,0.01618589,0.015913522,0.017068871,0.017044577,0.015242375,0.014452945,0.015453469,0.015339457,0.016004405,0.015417821,0.016565602,0.014817942,0.015926116,0.015904674,0.016835076,0.016352238,0.014998676,0.015198721,0.015728396,0.016307929,0.016468523,0.018510254,0.015767381,0.015743947,0.024408891,0.025802499,0.018855625,0.016805481,0.017826608,0.020216595,0.016799261,0.017085911
S7_T1,0.014269021,0.014925218,0.015787689,0.016454499,0.014613041,0.01539684,0.017202472,0.01488285,0.01387905,0.016087287,0.01436239,0.016468411,0.014621126,0.014581291,0.015093761,0.0139015,0.014807581,0.014698549,0.014583393,0.01704457,0.023347387,0.018834712,0.021053748,0.016239714,0.015012626,0.01598327,0.016334225,0.014503917,0.014414191,0.014356328,0.014767664,0.015618963,0.014631534,0.014311458,0.014513071,0.014155564,0.014973322,0.015094988,0.014689997,0.014653301,0.015409093,0.015179601,0.014839869,0.015273706,0.015246546,0.01504808,0.016636128,0.013867191,0.014357782,0.013721616,0.013712806,NA,0.013947323,0.014294966,0.014583097,0.015817373,0.014801856,0.017400759,0.016476175,0.014329945,0.015496996,0.015689271,0.013798031,0.01630792,0.014802777,0.015231533,0.015861314,0.014960171,0.015532736,0.016328069,0.014053067,0.015834738,0.014861967,0.017063877,0.016909646,0.016323027,0.017064491,0.017980858,0.015987062,0.014642989,0.01588328,0.015802979,0.016570006,0.016164177,0.016202178,0.01530664,0.016110218,0.015789791,0.017611695,0.01684311,0.015498978,0.015931073,0.016563223,0.016758568,0.017036434,0.019097498,0.016274069,0.016470506,0.023969522,0.025648957,0.019835227,0.017491148,0.018399824,0.019903092,0.016639499,0.017302282
S8_T1,0.013981244,0.01438336,0.015470809,0.016016475,0.014241048,0.014816242,0.016695154,0.014658561,0.013530035,0.015691779,0.014138321,0.015862312,0.014188783,0.01413781,0.014650317,0.013615913,0.014027214,0.013982542,0.014253538,0.016736244,0.023017387,0.018432014,0.020964023,0.015570532,0.014754144,0.015273189,0.015945977,0.014323364,0.013928105,0.013766798,0.014429332,0.015141634,0.014238488,0.013685179,0.014123203,0.013776416,0.014354664,0.014459604,0.014460706,0.014448858,0.01479836,0.014853028,0.014423341,0.01486805,0.014816948,0.014708228,0.01627782,0.013677603,0.01399804,0.013338425,0.013435831,0.013947323,NA,0.013978745,0.014325655,0.015011053,0.014366809,0.016077461,0.01563591,0.013883451,0.014819088,0.015324946,0.013104105,0.015614907,0.014288655,0.014722999,0.01543107,0.014678853,0.014960468,0.015758698,0.013628931,0.015715929,0.014702731,0.016740264,0.016428442,0.015875681,0.016902308,0.016805088,0.015226903,0.014377397,0.015131464,0.014976498,0.015773472,0.015426251,0.015968961,0.014687898,0.015733877,0.015325211,0.016696846,0.016022741,0.014900611,0.015399426,0.015919033,0.016116465,0.016843108,0.018657337,0.015602509,0.016038823,0.023645597,0.025106879,0.018891448,0.017133049,0.017988839,0.019654978,0.01644625,0.01697757
S9_T1,0.014487803,0.014831698,0.015682372,0.016150766,0.014459975,0.015226936,0.017056608,0.01492142,0.014053791,0.015988575,0.014676918,0.015842988,0.014484087,0.014632641,0.014793004,0.014089,0.014395088,0.014206641,0.01460986,0.016986747,0.023187062,0.018687344,0.021269637,0.015801761,0.014936176,0.015474079,0.016323258,0.014734038,0.014300971,0.014160261,0.014782914,0.015343367,0.014662968,0.014064005,0.014443751,0.014170908,0.014628874,0.014966406,0.014942017,0.014788726,0.015016283,0.015324547,0.014743592,0.015199127,0.015105964,0.014963519,0.016487977,0.013852411,0.014501155,0.013780505,0.013697941,0.014294966,0.013978745,NA,0.014483233,0.015377951,0.014585563,0.01647875,0.016072464,0.014327994,0.015340787,0.015969035,0.013658736,0.016006492,0.014739987,0.015269399,0.015756755,0.015140117,0.015238967,0.016411121,0.014039961,0.016129613,0.015091572,0.01716705,0.016782283,0.016313999,0.017478289,0.017088086,0.015809895,0.014840759,0.015588454,0.015665954,0.016093457,0.01574028,0.016809359,0.015273079,0.016485689,0.016206386,0.017157027,0.016609387,0.015381078,0.016081963,0.016331999,0.016582904,0.016784523,0.018823627,0.01596306,0.016220211,0.024438402,0.026051664,0.018984066,0.017555738,0.018014722,0.020254117,0.017006807,0.017297405
S10_T1,0.014741622,0.015042495,0.015973046,0.017019871,0.014739691,0.015661601,0.017334537,0.014976242,0.014155153,0.01639879,0.014951702,0.016429689,0.014810052,0.014974952,0.015352445,0.014320789,0.014916203,0.014629776,0.014935085,0.017092985,0.02366054,0.018722932,0.021647887,0.016440285,0.015245671,0.016035721,0.01668023,0.014917183,0.014377201,0.014483529,0.015301879,0.015701133,0.015039238,0.014523518,0.014926945,0.014499737,0.015238368,0.015251573,0.015120819,0.01508829,0.015406414,0.015563842,0.014927634,0.015395991,0.015459498,0.015130921,0.016679891,0.014094395,0.014654858,0.013992828,0.013953784,0.014583097,0.014325655,0.014483233,NA,0.016106576,0.014968539,0.017168638,0.01662799,0.014604973,0.015423372,0.016369644,0.013867466,0.016419405,0.01518299,0.015661503,0.016387724,0.015331542,0.015749153,0.016581975,0.014538303,0.01649748,0.015296126,0.017317308,0.01690137,0.016904786,0.01766108,0.017502965,0.016255592,0.015108322,0.015864962,0.016197897,0.016502628,0.016207689,0.017027943,0.0154928,0.016872032,0.016197889,0.017728399,0.017020297,0.015663434,0.016140033,0.016590847,0.016862988,0.017136467,0.019409833,0.016205919,0.016596586,0.024475869,0.026120969,0.019288877,0.017703554,0.01859116,0.020176437,0.017295905,0.017334732
E11_T2,0.01569536,0.01556277,0.01658739,0.013998849,0.015538975,0.016060713,0.017377739,0.015953331,0.014964307,0.016756968,0.015543696,0.01684361,0.015351718,0.01545527,0.015880499,0.014707492,0.015301912,0.015139064,0.01525762,0.018380381,0.024783315,0.02008199,0.022535251,0.013611032,0.015933723,0.016330204,0.01685338,0.015635615,0.015127659,0.015183658,0.015676807,0.016192742,0.015643998,0.01488109,0.015542241,0.014951104,0.015519034,0.015982747,0.015614131,0.015999074,0.016235431,0.016223805,0.015755773,0.016308209,0.016272351,0.016207089,0.017674418,0.015115243,0.015509315,0.01508743,0.015220532,0.015817373,0.015011053,0.015377951,0.016106576,NA,0.015431379,0.016972157,0.01660093,0.014909001,0.015745103,0.01684186,0.014257571,0.016409842,0.015411727,0.015744311,0.016258975,0.015688887,0.016380989,0.017301557,0.014488257,0.017141308,0.015898729,0.018153073,0.017873804,0.013568063,0.017892997,0.017464414,0.01587933,0.015535896,0.016167059,0.016429369,0.016465829,0.01630254,0.017192666,0.015671273,0.01647596,0.016582187,0.017957463,0.016988067,0.01586396,0.017081444,0.01755614,0.017758807,0.01841806,0.020332028,0.017087404,0.017537226,0.025523052,0.026704553,0.019864331,0.018664332,0.019763856,0.021420208,0.017822309,0.018515284
E13_T2,0.014810105,0.014831795,0.016081797,0.01650453,0.013574519,0.015317079,0.017032572,0.01517305,0.013901106,0.015882033,0.014656122,0.016203121,0.0145093,0.014718962,0.014996866,0.014089825,0.014432614,0.01427298,0.014497053,0.017417783,0.023732162,0.019013995,0.021629308,0.016204737,0.013129539,0.015812561,0.016472808,0.014952577,0.014264403,0.014397892,0.01477963,0.015494699,0.014726188,0.014462796,0.014349644,0.01429141,0.014752306,0.015029657,0.0149417,0.015139363,0.015179801,0.015426761,0.015269108,0.015436229,0.01498729,0.015261917,0.016612704,0.014117671,0.014654977,0.014203019,0.014332358,0.014801856,0.014366809,0.014585563,0.014968539,0.015431379,NA,0.016132669,0.015977254,0.014286396,0.014939905,0.015560125,0.013383731,0.015636184,0.014529158,0.014941249,0.015575498,0.014821819,0.015264819,0.016186004,0.01379621,0.016303969,0.015091929,0.017270242,0.016761873,0.016360786,0.015553698,0.016613254,0.015263644,0.014872539,0.015196635,0.015152858,0.015624482,0.015661634,0.016284129,0.014764908,0.015962661,0.015869214,0.016809657,0.016181223,0.015076848,0.01647035,0.016667228,0.016399693,0.017161275,0.019017584,0.01609384,0.016485794,0.024410088,0.025837087,0.019416704,0.017850522,0.018401432,0.020127539,0.017287092,0.017248649
E14_T2,0.016776173,0.015867688,0.017055962,0.017821339,0.016476241,0.014975942,0.018331181,0.0168284,0.015907899,0.01802003,0.016371178,0.017317234,0.016195984,0.016327775,0.01634398,0.015731828,0.015678108,0.015853697,0.016680031,0.018878624,0.024927656,0.020768145,0.023549041,0.017425478,0.01654289,0.014703043,0.017945069,0.01660999,0.015772365,0.015788516,0.015660793,0.017175368,0.0167031,0.015818287,0.01566856,0.016036948,0.015634666,0.016789397,0.017063976,0.017317375,0.016006075,0.017710513,0.016859617,0.01773031,0.01645598,0.016679152,0.018547389,0.015995556,0.016557295,0.0159764,0.016361413,0.017400759,0.016077461,0.01647875,0.017168638,0.016972157,0.016132669,NA,0.016803949,0.015473971,0.016586776,0.017447936,0.014394409,0.016353929,0.016098582,0.015651437,0.0163185,0.016840194,0.016470849,0.017568347,0.015868197,0.017782831,0.017345987,0.018599173,0.018580015,0.017708644,0.019062006,0.013878212,0.016510666,0.016409363,0.01632088,0.016741933,0.016059749,0.016416132,0.018251884,0.015908342,0.017277514,0.017039566,0.016744451,0.017808978,0.016342599,0.017488428,0.018052877,0.018402938,0.019363876,0.02068869,0.017842832,0.018247896,0.027714287,0.029131632,0.02005709,0.019631227,0.020589168,0.024226694,0.019578534,0.020401152
E16_T2,0.016102903,0.01575935,0.016701493,0.016800686,0.016011586,0.016151461,0.015554162,0.01633925,0.015803829,0.017444242,0.016028732,0.01671322,0.016049703,0.015827949,0.015869867,0.015024893,0.015665234,0.015115771,0.016120495,0.018359273,0.024568532,0.020190225,0.023216334,0.016810384,0.016187091,0.016351103,0.014272472,0.015859606,0.015446986,0.015295335,0.015724309,0.016476556,0.016323182,0.015210186,0.015649218,0.015223429,0.015441554,0.016420896,0.016577902,0.016200016,0.015793496,0.017403887,0.016386567,0.017227777,0.016684897,0.016245611,0.018095494,0.015843389,0.015974042,0.015755088,0.015498504,0.016476175,0.01563591,0.016072464,0.01662799,0.01660093,0.015977254,0.016803949,NA,0.015032433,0.016537041,0.017020452,0.014797649,0.01639413,0.015929371,0.015689935,0.016374332,0.01685019,0.016094518,0.017757808,0.01550678,0.017226266,0.016587606,0.018295159,0.018182967,0.017131712,0.018958331,0.017552807,0.013526411,0.016046295,0.016183965,0.016821609,0.017037231,0.016473663,0.018605933,0.016160763,0.017017204,0.017114323,0.017451086,0.017157936,0.016552558,0.017185644,0.017699353,0.018845213,0.018666651,0.020566609,0.018082158,0.01823117,0.028196503,0.029458234,0.020258685,0.019137829,0.020171951,0.024183838,0.019352052,0.020089013
E17_T2,0.014152163,0.013920417,0.015113515,0.015523991,0.014188282,0.014701802,0.016139943,0.013674631,0.013778562,0.015416962,0.014107867,0.015409559,0.01399479,0.01420949,0.014444356,0.013347656,0.014007727,0.013721189,0.014212237,0.01664344,0.023048485,0.018435111,0.021231826,0.01539262,0.014499919,0.015053505,0.015472181,0.013433787,0.013887966,0.013697241,0.014050664,0.015046003,0.014446812,0.013652031,0.01405108,0.013720956,0.014147307,0.014589611,0.014857854,0.014565612,0.014426704,0.015205378,0.014638383,0.015295959,0.014900782,0.01461815,0.016310918,0.013695876,0.014128381,0.013790566,0.013758216,0.014329945,0.013883451,0.014327994,0.014604973,0.014909001,0.014286396,0.015473971,0.015032433,NA,0.014811151,0.015067195,0.012869245,0.015115435,0.014129,0.014441159,0.014809601,0.014574449,0.014653963,0.015768016,0.013708583,0.015893022,0.014871085,0.016830227,0.01656357,0.01553924,0.017148377,0.016192333,0.01485449,0.013371153,0.014955959,0.014874284,0.015234839,0.014996871,0.016325341,0.014309633,0.015110085,0.015520109,0.016337478,0.015802584,0.01460744,0.015451418,0.015797995,0.016849567,0.016840955,0.018534057,0.016008416,0.016179711,0.025571385,0.026235873,0.01865297,0.017371305,0.018639996,0.021327849,0.016925764,0.01776158
E19_T2,0.01522148,0.015438441,0.016628314,0.016588346,0.015264788,0.015788466,0.017753527,0.015885095,0.013309192,0.016837511,0.015397025,0.016911767,0.015154576,0.015507435,0.015757439,0.014650953,0.015032974,0.015001508,0.014923153,0.017996337,0.024590963,0.019729945,0.022225585,0.016381555,0.015433784,0.016109091,0.017169556,0.015451525,0.013380646,0.014932798,0.015324617,0.016198196,0.015422773,0.014741892,0.015214749,0.015090329,0.015483528,0.015526089,0.015228587,0.015922402,0.015901135,0.015815994,0.01563838,0.016139201,0.015785673,0.015872222,0.017195608,0.014711582,0.015064774,0.014687012,0.014983101,0.015496996,0.014819088,0.015340787,0.015423372,0.015745103,0.014939905,0.016586776,0.016537041,0.014811151,NA,0.016452722,0.013902843,0.016154751,0.01503523,0.01551737,0.016234998,0.015442699,0.016042712,0.016509974,0.014390021,0.016688194,0.015529498,0.017764766,0.017518888,0.016459697,0.017659852,0.016806911,0.016037006,0.015294316,0.014470672,0.015831235,0.016285794,0.016312156,0.01661879,0.015428019,0.016486253,0.016392685,0.017524105,0.016740381,0.015417,0.016587341,0.017275434,0.017132192,0.017740104,0.019652702,0.016589597,0.017186009,0.024567262,0.026124518,0.019974758,0.018409901,0.018957192,0.020806956,0.017479882,0.017972978
E23_T2,0.015256636,0.015246703,0.016889951,0.017361897,0.015563864,0.016350454,0.017928693,0.015812029,0.015055815,0.015065655,0.015023109,0.017377923,0.015597377,0.015658569,0.015893173,0.014967478,0.015761592,0.015322217,0.015612869,0.01842857,0.024519183,0.020177095,0.022788339,0.017180433,0.015692679,0.016754115,0.017052748,0.01580603,0.015659861,0.01499449,0.014972103,0.016670216,0.015593904,0.015168579,0.015520776,0.015277862,0.015642132,0.015956999,0.015978419,0.016222308,0.016351055,0.01681261,0.015986492,0.017124947,0.016260892,0.016112131,0.01778496,0.015410463,0.015930992,0.015105446,0.015314718,0.015689271,0.015324946,0.015969035,0.016369644,0.01684186,0.015560125,0.017447936,0.017020452,0.015067195,0.016452722,NA,0.013819538,0.016665393,0.015584808,0.015645506,0.016264711,0.015948359,0.016251027,0.016600607,0.015009127,0.017149784,0.0162378,0.018361169,0.018201987,0.017071647,0.017837563,0.018034662,0.016442529,0.01561299,0.016416988,0.013330285,0.016545346,0.016537021,0.01702963,0.015963795,0.016103418,0.016652249,0.017695312,0.016948835,0.015958398,0.017142517,0.017514319,0.018495034,0.018847623,0.020044664,0.017738952,0.017992508,0.026199163,0.026721738,0.020619875,0.018644518,0.020006292,0.022246164,0.018343141,0.018886987
E30_T2,0.013004285,0.013283728,0.014677635,0.014917212,0.013495033,0.013804259,0.015810234,0.013568302,0.012590886,0.014586705,0.011957211,0.015171538,0.013068199,0.013178718,0.013526473,0.01267376,0.01327797,0.013149959,0.013284255,0.01629407,0.022489967,0.018140255,0.020524608,0.014945403,0.01373729,0.014031208,0.015091019,0.013563814,0.013113072,0.013060019,0.011489293,0.014022287,0.013418088,0.012831265,0.013404688,0.012921538,0.013570024,0.013639501,0.013726419,0.014143243,0.014237125,0.014323481,0.013809699,0.014690434,0.014250159,0.014329223,0.015475578,0.013025616,0.013559704,0.01297617,0.013389055,0.013798031,0.013104105,0.013658736,0.013867466,0.014257571,0.013383731,0.014394409,0.014797649,0.012869245,0.013902843,0.013819538,NA,0.014040589,0.012716857,0.013113871,0.014047847,0.013375655,0.014095037,0.014309893,0.012641731,0.015161185,0.014011038,0.016464805,0.015767752,0.014828648,0.015377623,0.014615162,0.014121262,0.01323146,0.01361565,0.013431533,0.012240046,0.013953742,0.014338292,0.013233031,0.014153955,0.01405937,0.01554467,0.014643424,0.01349183,0.015215672,0.015692759,0.015754996,0.016355395,0.018092152,0.015398256,0.015515596,0.02291622,0.024844055,0.0179857,0.01659667,0.017215961,0.019228932,0.015341673,0.016430742
ED12_T2,0.015898732,0.015730081,0.016337633,0.016643073,0.015694576,0.015854171,0.017444902,0.016000692,0.014936397,0.016703673,0.015782998,0.014010178,0.015786422,0.015602303,0.015586464,0.014694432,0.015416182,0.01481989,0.015651552,0.018367137,0.024704982,0.019995241,0.023401799,0.017076251,0.015975393,0.01616824,0.017067905,0.01587662,0.01563789,0.015362262,0.015390984,0.014216766,0.01617057,0.015199083,0.015597168,0.015384832,0.015478009,0.015799137,0.016499074,0.016555688,0.015922667,0.017211113,0.016018864,0.017144466,0.016226197,0.016245882,0.018160332,0.015264901,0.015757634,0.01548267,0.015585698,0.01630792,0.015614907,0.016006492,0.016419405,0.016409842,0.015636184,0.016353929,0.01639413,0.015115435,0.016154751,0.016665393,0.014040589,NA,0.015445156,0.015884435,0.016151394,0.015824743,0.016169658,0.016809351,0.015267552,0.017494881,0.016495015,0.018627668,0.018543981,0.016911616,0.017912145,0.016947893,0.016005388,0.015936586,0.015719553,0.01614267,0.016245763,0.013550595,0.017383342,0.015746987,0.016534697,0.016760134,0.017460996,0.017098161,0.015830422,0.017461294,0.018025603,0.018798098,0.018535857,0.020780438,0.018148474,0.01813472,0.027664301,0.02914897,0.020012675,0.019336668,0.020477793,0.023744017,0.018589166,0.019234769
ED18_T2,0.014612426,0.014663485,0.016017224,0.016054007,0.01478929,0.015276384,0.017092181,0.015047296,0.013685751,0.015632266,0.014273223,0.016031859,0.013417678,0.014528019,0.014793265,0.013794833,0.014358391,0.014292931,0.0142924,0.017548117,0.023891535,0.019006982,0.021486921,0.016097457,0.014885229,0.01537502,0.016335049,0.014930117,0.014219258,0.014420319,0.014413482,0.015317695,0.013097173,0.014050702,0.014493697,0.014077286,0.014739509,0.0148294,0.014901993,0.015357635,0.015443458,0.015185236,0.014907022,0.015467804,0.015147196,0.015453363,0.016665728,0.014108416,0.014664636,0.014137371,0.014434527,0.014802777,0.014288655,0.014739987,0.01518299,0.015411727,0.014529158,0.016098582,0.015929371,0.014129,0.01503523,0.015584808,0.012716857,0.015445156,NA,0.014705393,0.015201671,0.014488338,0.015205916,0.015864983,0.013747803,0.016430136,0.01498807,0.017619461,0.017063072,0.016196391,0.016768176,0.016365296,0.01550049,0.014708949,0.01515346,0.014970921,0.015451416,0.01546428,0.014411385,0.014530819,0.015469296,0.015667309,0.01679034,0.016050029,0.014928064,0.016311369,0.016745602,0.016770412,0.017244148,0.019400638,0.016349775,0.016636131,0.023873408,0.025878475,0.01924692,0.018125243,0.018519804,0.020053119,0.016972803,0.017407807
ED22_T2,0.015095129,0.014894308,0.016108748,0.016573941,0.015282563,0.01539398,0.017448445,0.015564385,0.014339885,0.016540641,0.014831332,0.016708393,0.014982459,0.013911542,0.015223752,0.01408699,0.014843236,0.014718586,0.01504352,0.017811065,0.024092552,0.019523988,0.022184489,0.016316284,0.015288336,0.015635352,0.016353276,0.015019505,0.014737297,0.014783683,0.014406753,0.015949682,0.015070483,0.01346856,0.014697083,0.014547877,0.014879806,0.015454496,0.015332783,0.015554895,0.01539356,0.016030967,0.015455625,0.016337333,0.015475792,0.015611009,0.017182494,0.01468312,0.01517588,0.01473169,0.014973684,0.015231533,0.014722999,0.015269399,0.015661503,0.015744311,0.014941249,0.015651437,0.015689935,0.014441159,0.01551737,0.015645506,0.013113871,0.015884435,0.014705393,NA,0.015175973,0.015327529,0.015567577,0.01644417,0.014165219,0.016574944,0.015630936,0.01771181,0.017523548,0.01619811,0.01750611,0.01625031,0.015571164,0.015082106,0.01526076,0.015400324,0.015317926,0.015768874,0.016662239,0.013781858,0.015720856,0.015840847,0.016776436,0.016292381,0.015489627,0.016583667,0.016894116,0.017238613,0.017971364,0.020238167,0.016868128,0.017340932,0.025499655,0.026889421,0.019548848,0.018213276,0.019288871,0.021406256,0.017625506,0.01844903
ED24_T2,0.015538356,0.015143737,0.016532337,0.016811352,0.015663475,0.016130672,0.017551291,0.015774699,0.015014496,0.016713116,0.015302749,0.016537139,0.01548757,0.015406062,0.014519821,0.014924408,0.015398061,0.015121182,0.015586719,0.018197277,0.024219195,0.019993251,0.022568636,0.016529079,0.015802887,0.016255877,0.0169426,0.015708498,0.015440006,0.015322423,0.015075383,0.016346808,0.015763937,0.015052413,0.013791241,0.015239561,0.015344618,0.016157115,0.016203058,0.016222476,0.015775101,0.016797504,0.016094068,0.016682268,0.016253962,0.016396712,0.017848791,0.015228924,0.015937041,0.015163382,0.015337936,0.015861314,0.01543107,0.015756755,0.016387724,0.016258975,0.015575498,0.0163185,0.016374332,0.014809601,0.016234998,0.016264711,0.014047847,0.016151394,0.015201671,0.015175973,NA,0.015938151,0.015888485,0.017011212,0.014848767,0.017058001,0.016352475,0.018224394,0.018088756,0.016898644,0.018238738,0.017186062,0.016102442,0.015782905,0.016167707,0.01603317,0.016048156,0.016060968,0.017424007,0.015515716,0.014487431,0.016745366,0.017415131,0.017048561,0.01597307,0.016812352,0.017416598,0.018323474,0.018753049,0.020309893,0.017649804,0.017979999,0.027396718,0.027835083,0.020153146,0.018745955,0.020314024,0.023350395,0.018621857,0.019403956
ED26_T2,0.015010015,0.015348854,0.016369466,0.016345774,0.014970653,0.01547192,0.017575279,0.015337068,0.013697035,0.016105262,0.014649483,0.016138726,0.014536332,0.014869938,0.015284813,0.013097745,0.014818289,0.014703275,0.014463346,0.017887383,0.0243597,0.019494458,0.021921897,0.016560294,0.015229731,0.015949561,0.016748355,0.015286619,0.014627164,0.014945196,0.0150028,0.015829565,0.014877247,0.014675037,0.015131857,0.013703002,0.015229809,0.015344598,0.015207897,0.015727729,0.015935984,0.015440966,0.015412811,0.015767695,0.015486941,0.015994018,0.017209561,0.01424593,0.014845346,0.014317146,0.014751405,0.014960171,0.014678853,0.015140117,0.015331542,0.015688887,0.014821819,0.016840194,0.01685019,0.014574449,0.015442699,0.015948359,0.013375655,0.015824743,0.014488338,0.015327529,0.015938151,NA,0.015699541,0.016241898,0.013808598,0.016716489,0.015301964,0.018091997,0.017355074,0.016491884,0.016937017,0.016873695,0.015902115,0.01489349,0.01560965,0.015695381,0.015882355,0.015960324,0.015661593,0.014957413,0.016094997,0.015030494,0.017932998,0.016779171,0.015071383,0.016751373,0.017503769,0.017110958,0.017360714,0.019425242,0.016801428,0.016681623,0.023456338,0.025995,0.019773562,0.018329374,0.018897557,0.019893347,0.016676052,0.017423133
ED27_T2,0.015287095,0.01468319,0.016099839,0.016975581,0.015208424,0.015594673,0.017433482,0.015516806,0.014866447,0.016638165,0.015169468,0.016229121,0.015051745,0.015322984,0.015432766,0.01471838,0.013531479,0.014773451,0.015460744,0.017590807,0.023936381,0.019527265,0.022311571,0.016538535,0.015433312,0.016052608,0.016707009,0.015476309,0.014921548,0.014872091,0.015101026,0.016070869,0.015485584,0.014941811,0.015084498,0.014877421,0.012791311,0.015555266,0.016103082,0.016024746,0.015568458,0.016509539,0.015595982,0.016503327,0.015904987,0.015680653,0.01730897,0.014795319,0.015328335,0.014743027,0.014821964,0.015532736,0.014960468,0.015238967,0.015749153,0.016380989,0.015264819,0.016470849,0.016094518,0.014653963,0.016042712,0.016251027,0.014095037,0.016169658,0.015205916,0.015567577,0.015888485,0.015699541,NA,0.016641889,0.014934556,0.017031983,0.016134956,0.0177922,0.017888862,0.016987191,0.018102729,0.017418865,0.016128572,0.015554241,0.016073474,0.016103476,0.016477125,0.015911484,0.017320849,0.015724937,0.01624517,0.016592467,0.015280174,0.016932714,0.015971096,0.016725719,0.016947016,0.018042464,0.017880783,0.019713081,0.017130703,0.017379666,0.026908285,0.027465137,0.01971425,0.018472359,0.019563044,0.022483245,0.018257354,0.01892597
ED29_T2,0.016003482,0.016031894,0.017307428,0.017889661,0.016069813,0.016707271,0.018669795,0.016301406,0.015126079,0.017219389,0.015870608,0.017633529,0.015886722,0.016120694,0.016592848,0.015411391,0.016172914,0.014812453,0.016017117,0.018821937,0.025212356,0.020687589,0.023083675,0.01774255,0.016510675,0.016749009,0.01801381,0.016483872,0.015795159,0.01583989,0.015920557,0.01683879,0.01625906,0.015754638,0.016231911,0.015845854,0.016294626,0.014998038,0.016540159,0.016892814,0.016943982,0.017085309,0.016636926,0.017220913,0.016775471,0.016737431,0.018334937,0.01550668,0.016198715,0.015779366,0.01591264,0.016328069,0.015758698,0.016411121,0.016581975,0.017301557,0.016186004,0.017568347,0.017757808,0.015768016,0.016509974,0.016600607,0.014309893,0.016809351,0.015864983,0.01644417,0.017011212,0.016241898,0.016641889,NA,0.015258583,0.017739799,0.016770655,0.018968444,0.018462421,0.017851948,0.018846205,0.018080708,0.017223461,0.016188653,0.016511933,0.016252837,0.017117989,0.016983915,0.017308276,0.01645167,0.017030023,0.017163536,0.018370834,0.01599377,0.016402381,0.01770477,0.018304598,0.018713046,0.018719676,0.020764862,0.01825572,0.018094068,0.026321069,0.0274711,0.021180453,0.01947499,0.020533345,0.022368314,0.018542103,0.019355616
ED32_T2,0.014238799,0.01434163,0.015505316,0.015624764,0.014008934,0.014845416,0.016431215,0.014489478,0.012798572,0.014834893,0.013850831,0.015558564,0.013958487,0.013631645,0.014530164,0.013175847,0.014003619,0.013689373,0.012663357,0.016740021,0.023306763,0.018558013,0.020671049,0.015402513,0.014203382,0.014890581,0.015788212,0.014204881,0.013379959,0.013765893,0.014177086,0.014926888,0.013959997,0.01358459,0.014005081,0.013562925,0.014533426,0.014153737,0.01275974,0.014476291,0.014892194,0.014497292,0.014230162,0.014609888,0.014526827,0.014888998,0.016128752,0.01338486,0.014182872,0.013398405,0.013793841,0.014053067,0.013628931,0.014039961,0.014538303,0.014488257,0.01379621,0.015868197,0.01550678,0.013708583,0.014390021,0.015009127,0.012641731,0.015267552,0.013747803,0.014165219,0.014848767,0.013808598,0.014934556,0.015258583,NA,0.015554056,0.014109059,0.016967739,0.016199407,0.015479576,0.015935326,0.016145107,0.014785207,0.014117689,0.014276048,0.014540106,0.015171303,0.015092008,0.015369462,0.014165325,0.015373338,0.015023333,0.016926698,0.015601548,0.013002398,0.015379891,0.016023445,0.015747708,0.016573966,0.018520067,0.015589839,0.015845207,0.022524998,0.024360187,0.018725566,0.017188313,0.017732922,0.01873621,0.015813696,0.01637116
B1_T3,0.015977237,0.016115226,0.017296681,0.017581933,0.01612267,0.016693805,0.018283239,0.016462643,0.015608712,0.017895859,0.01591721,0.018137562,0.016226715,0.016147803,0.016737119,0.01544212,0.016157482,0.016120073,0.016249832,0.01861184,0.024756344,0.020730384,0.022939573,0.017570517,0.016544393,0.017262364,0.017554592,0.016102296,0.015901283,0.015751855,0.016118985,0.017082284,0.016259207,0.015799424,0.015953315,0.015913732,0.016216403,0.016743559,0.016436486,0.016456157,0.016470981,0.016896374,0.016277814,0.017011227,0.016614471,0.016656505,0.018266278,0.015657709,0.016182153,0.015559107,0.015656584,0.015834738,0.015715929,0.016129613,0.01649748,0.017141308,0.016303969,0.017782831,0.017226266,0.015893022,0.016688194,0.017149784,0.015161185,0.017494881,0.016430136,0.016574944,0.017058001,0.016716489,0.017031983,0.017739799,0.015554056,NA,0.015014633,0.016637769,0.017205005,0.017646587,0.018756207,0.018701662,0.017020797,0.016242543,0.017035036,0.017121596,0.017656556,0.017605921,0.017886901,0.016646625,0.017250127,0.017014328,0.018355533,0.018020378,0.016897409,0.017556384,0.018019216,0.018279535,0.019084728,0.020338122,0.017851012,0.018323429,0.026634358,0.02759496,0.021222406,0.019284681,0.020041611,0.021967884,0.018603214,0.018960762
B2_T3,0.015069818,0.015287038,0.016483663,0.01659553,0.015208528,0.015987234,0.017405546,0.015749945,0.014108009,0.016231433,0.015005497,0.016725243,0.015051863,0.014917268,0.015816006,0.014434414,0.014922595,0.015055192,0.014792334,0.017760355,0.024178416,0.019670538,0.021687735,0.016553124,0.015455213,0.016188606,0.016838531,0.015488982,0.01473501,0.014636347,0.015354493,0.015918774,0.015094386,0.014639965,0.015129254,0.014823832,0.015499543,0.015644852,0.015210549,0.015509169,0.015988821,0.015483348,0.015260409,0.015757781,0.015557347,0.015755751,0.016902565,0.014358883,0.015275819,0.014363272,0.014534562,0.014861967,0.014702731,0.015091572,0.015296126,0.015898729,0.015091929,0.017345987,0.016587606,0.014871085,0.015529498,0.0162378,0.014011038,0.016495015,0.01498807,0.015630936,0.016352475,0.015301964,0.016134956,0.016770655,0.014109059,0.015014633,NA,0.015524486,0.016410157,0.01677627,0.017369526,0.017807219,0.016043763,0.015407785,0.016177049,0.015898183,0.016731243,0.016446892,0.016739552,0.015457848,0.016567527,0.016405583,0.018001318,0.017143589,0.015541075,0.016450941,0.017061314,0.016844349,0.017396302,0.019489933,0.016470608,0.017083952,0.023847876,0.025716983,0.020183141,0.018188293,0.018669994,0.019874956,0.017111098,0.017246836
B3_T3,0.017231793,0.017264687,0.018254591,0.018692764,0.017082008,0.017710233,0.019421158,0.017594935,0.017051642,0.018927985,0.0170203,0.018995292,0.017442805,0.017482902,0.017710345,0.016700473,0.017325646,0.01705794,0.017623625,0.019433706,0.02578151,0.021503034,0.024043295,0.018257857,0.017414954,0.01826357,0.018682278,0.017403979,0.017038274,0.016600943,0.017172117,0.01813289,0.017559532,0.016958015,0.017020742,0.016732061,0.017195823,0.017739519,0.01755799,0.017675957,0.017252766,0.017921572,0.01760598,0.01822581,0.017766515,0.017219412,0.019120814,0.016929137,0.017288671,0.016628631,0.016422216,0.017063877,0.016740264,0.01716705,0.017317308,0.018153073,0.017270242,0.018599173,0.018295159,0.016830227,0.017764766,0.018361169,0.016464805,0.018627668,0.017619461,0.01771181,0.018224394,0.018091997,0.0177922,0.018968444,0.016967739,0.016637769,0.015524486,NA,0.017114182,0.018772835,0.020108835,0.019330592,0.018321926,0.017483223,0.018403125,0.018285663,0.01876549,0.018391294,0.019556454,0.017925202,0.018568176,0.018128824,0.019019214,0.01905778,0.018128061,0.01856147,0.018869855,0.019437936,0.019803732,0.021828523,0.018744017,0.019417686,0.028107114,0.027864601,0.021717107,0.01991785,0.02098151,0.023417231,0.020110388,0.01998348
B4_T3,0.017054074,0.01736222,0.018301765,0.018866626,0.01676391,0.017405833,0.019407335,0.017415629,0.016401628,0.018610199,0.016743794,0.018919233,0.01685897,0.016962843,0.017606137,0.016452682,0.017112547,0.016943716,0.017189021,0.01933512,0.026096233,0.021212414,0.023390334,0.018348434,0.017002025,0.017903669,0.018233278,0.016935048,0.016539754,0.016388102,0.017033083,0.017803548,0.016996987,0.016559166,0.016799583,0.016487126,0.017136942,0.017406112,0.016957295,0.01719962,0.01735809,0.017465203,0.017276102,0.017661571,0.017163512,0.017377768,0.018853608,0.01647397,0.017099782,0.016352987,0.01618589,0.016909646,0.016428442,0.016782283,0.01690137,0.017873804,0.016761873,0.018580015,0.018182967,0.01656357,0.017518888,0.018201987,0.015767752,0.018543981,0.017063072,0.017523548,0.018088756,0.017355074,0.017888862,0.018462421,0.016199407,0.017205005,0.016410157,0.017114182,NA,0.018642039,0.019504864,0.019087056,0.017771996,0.017065779,0.017764991,0.018012107,0.018051777,0.018312566,0.018860133,0.01741535,0.018418723,0.017982394,0.019219779,0.018797493,0.017611118,0.018325824,0.018750794,0.018738655,0.019383742,0.021154055,0.018444809,0.018366805,0.026078092,0.026925556,0.021528174,0.020032094,0.020226393,0.022151379,0.019520836,0.019364371
E11_T3,0.01610399,0.016247995,0.016976569,0.014353634,0.016569251,0.016631764,0.017974751,0.016703482,0.01541012,0.017675903,0.01596577,0.017542368,0.016144644,0.016198795,0.016599489,0.015349176,0.016120607,0.016037651,0.015913134,0.019140914,0.025213557,0.020741497,0.023461617,0.014023153,0.016594389,0.017071055,0.017335684,0.016097214,0.015885724,0.015973919,0.016101649,0.016808262,0.016294795,0.015665285,0.016083995,0.015705644,0.016074622,0.016906327,0.016367797,0.016807046,0.016855066,0.017171653,0.016460023,0.017148561,0.016736931,0.016963513,0.018264735,0.015949875,0.016143928,0.015687168,0.015913522,0.016323027,0.015875681,0.016313999,0.016904786,0.013568063,0.016360786,0.017708644,0.017131712,0.01553924,0.016459697,0.017071647,0.014828648,0.016911616,0.016196391,0.01619811,0.016898644,0.016491884,0.016987191,0.017851948,0.015479576,0.017646587,0.01677627,0.018772835,0.018642039,NA,0.018687686,0.018182022,0.016603188,0.016190373,0.016720795,0.016847392,0.017104987,0.016863861,0.017659351,0.016277261,0.016965699,0.017060797,0.018537685,0.017718742,0.01655447,0.017758926,0.01812808,0.018868704,0.019366562,0.020968211,0.018026387,0.01861472,0.026656541,0.027249034,0.020738808,0.019339038,0.020575956,0.022436609,0.018483684,0.019672448
E13_T3,0.016907641,0.017497493,0.018670931,0.019026568,0.016442251,0.017997325,0.019609559,0.017666723,0.015918441,0.018284029,0.016705279,0.018980633,0.017117103,0.017190261,0.01763046,0.016539843,0.017249344,0.017239102,0.016991957,0.020058575,0.026420095,0.021687683,0.024013298,0.018910031,0.016183388,0.018428957,0.018846712,0.017299726,0.016909029,0.016987253,0.017218002,0.017942866,0.017314523,0.01709873,0.016872316,0.016905393,0.017725953,0.017480879,0.017080409,0.017701036,0.018117839,0.017634164,0.017611375,0.018103141,0.017355747,0.018299842,0.019363148,0.016700486,0.017256103,0.016639719,0.017068871,0.017064491,0.016902308,0.017478289,0.01766108,0.017892997,0.015553698,0.019062006,0.018958331,0.017148377,0.017659852,0.017837563,0.015377623,0.017912145,0.016768176,0.01750611,0.018238738,0.016937017,0.018102729,0.018846205,0.015935326,0.018756207,0.017369526,0.020108835,0.019504864,0.018687686,NA,0.019306755,0.017805355,0.017148962,0.017780301,0.01754111,0.017897157,0.018131815,0.017779948,0.017596983,0.018165264,0.017783587,0.019633994,0.018928672,0.017453351,0.019156394,0.019247979,0.019251429,0.019855299,0.021851177,0.018976836,0.019218645,0.025296664,0.027468023,0.02216114,0.020072544,0.020578034,0.021361591,0.01876371,0.019080932
E14_T3,0.017563522,0.016867022,0.017731097,0.018308825,0.016941255,0.015338526,0.019127644,0.01733181,0.016384626,0.018480183,0.016961009,0.018095305,0.016414345,0.017000772,0.01694112,0.016260101,0.016415142,0.016484297,0.017130035,0.019889753,0.025659204,0.021538088,0.024132134,0.018086081,0.017006317,0.015171988,0.018579753,0.017324993,0.016375808,0.016416073,0.016356604,0.017766579,0.016932875,0.016503315,0.016325919,0.016709801,0.016551877,0.017222004,0.017351288,0.017916468,0.016904381,0.017797123,0.017572941,0.018364865,0.016752856,0.017453167,0.018773532,0.016606282,0.017200865,0.016483932,0.017044577,0.017980858,0.016805088,0.017088086,0.017502965,0.017464414,0.016613254,0.013878212,0.017552807,0.016192333,0.016806911,0.018034662,0.014615162,0.016947893,0.016365296,0.01625031,0.017186062,0.016873695,0.017418865,0.018080708,0.016145107,0.018701662,0.017807219,0.019330592,0.019087056,0.018182022,0.019306755,NA,0.017211892,0.016816307,0.016656639,0.016914838,0.016271002,0.017156996,0.018108598,0.016192477,0.018138942,0.017397959,0.017702445,0.018188729,0.016669828,0.018239766,0.018759202,0.018199616,0.019514178,0.021653188,0.018061056,0.018606516,0.027272063,0.029153332,0.020838268,0.020272054,0.02055391,0.023826109,0.019862659,0.020271262
E16_T3,0.01570211,0.015481444,0.016713661,0.016548615,0.01536299,0.015798498,0.015382557,0.015843492,0.015045108,0.016592058,0.015459227,0.016295794,0.015520571,0.015378784,0.01550734,0.014577279,0.015105238,0.014792239,0.015618311,0.018110097,0.024671426,0.020033064,0.02263752,0.016413985,0.015476916,0.015875301,0.01400333,0.015560857,0.014962475,0.014977969,0.015438572,0.015996976,0.015936252,0.015000251,0.015406121,0.014873357,0.015318883,0.015991419,0.01572116,0.016074171,0.015783015,0.016720885,0.015832421,0.016682718,0.016221274,0.016090851,0.017873886,0.015282262,0.015636641,0.015359735,0.015242375,0.015987062,0.015226903,0.015809895,0.016255592,0.01587933,0.015263644,0.016510666,0.013526411,0.01485449,0.016037006,0.016442529,0.014121262,0.016005388,0.01550049,0.015571164,0.016102442,0.015902115,0.016128572,0.017223461,0.014785207,0.017020797,0.016043763,0.018321926,0.017771996,0.016603188,0.017805355,0.017211892,NA,0.015693569,0.015723816,0.016206406,0.016434592,0.016020236,0.017543771,0.015612944,0.016427554,0.0167299,0.017379688,0.017007027,0.015729035,0.017057632,0.017613688,0.018379039,0.018209955,0.020216558,0.017557045,0.017650964,0.026810049,0.027851765,0.019734286,0.018683499,0.019554473,0.022616077,0.018513658,0.019038387
E17_T3,0.014666637,0.014925147,0.015832074,0.016421294,0.015143728,0.015327504,0.017383219,0.014290822,0.013886548,0.016438734,0.014521068,0.016681975,0.014796879,0.014839912,0.015242763,0.013952889,0.014613934,0.014707249,0.014831354,0.017596992,0.023704261,0.01935968,0.021566838,0.016190407,0.015110688,0.015693297,0.016565471,0.014068075,0.014500145,0.014706051,0.014716729,0.015772305,0.014786036,0.014288115,0.014590975,0.014167842,0.014971767,0.01509635,0.015160508,0.015271341,0.015601679,0.015592049,0.015240075,0.015902297,0.015363416,0.015388092,0.017008184,0.01439901,0.014766072,0.014199648,0.014452945,0.014642989,0.014377397,0.014840759,0.015108322,0.015535896,0.014872539,0.016409363,0.016046295,0.013371153,0.015294316,0.01561299,0.01323146,0.015936586,0.014708949,0.015082106,0.015782905,0.01489349,0.015554241,0.016188653,0.014117689,0.016242543,0.015407785,0.017483223,0.017065779,0.016190373,0.017148962,0.016816307,0.015693569,NA,0.015603342,0.01546898,0.015825237,0.015936095,0.016170536,0.015077903,0.015905689,0.015448407,0.016992408,0.016449809,0.015146907,0.016139747,0.016546116,0.017201014,0.017571958,0.019339694,0.016723758,0.016737042,0.024412988,0.026072855,0.01964751,0.017957619,0.018794851,0.020676466,0.017013977,0.017755804
E19_T3,0.01533745,0.015362038,0.016552931,0.016877561,0.015332548,0.015825098,0.017535167,0.016047272,0.013466586,0.016769398,0.015396182,0.016707475,0.015297659,0.015283169,0.01563187,0.014550313,0.015286325,0.014731478,0.014985416,0.018174228,0.024694986,0.019910004,0.02271134,0.016819191,0.015501673,0.016177949,0.016827053,0.015661165,0.01362221,0.015234231,0.015249583,0.016151802,0.015751923,0.014827517,0.01541504,0.015294395,0.015436218,0.015708465,0.015659993,0.016141622,0.015996159,0.016429687,0.016042755,0.01679383,0.016004222,0.016327026,0.017647175,0.014949474,0.015171508,0.015209751,0.015453469,0.01588328,0.015131464,0.015588454,0.015864962,0.016167059,0.015196635,0.01632088,0.016183965,0.014955959,0.014470672,0.016416988,0.01361565,0.015719553,0.01515346,0.01526076,0.016167707,0.01560965,0.016073474,0.016511933,0.014276048,0.017035036,0.016177049,0.018403125,0.017764991,0.016720795,0.017780301,0.016656639,0.015723816,0.015603342,NA,0.015549921,0.015804413,0.016005828,0.016798032,0.015403115,0.016199848,0.016274319,0.017610235,0.016810465,0.015373831,0.016915769,0.017728397,0.017645696,0.018422665,0.020138639,0.017239498,0.017479068,0.025844643,0.027045894,0.019667451,0.01902042,0.019626421,0.021806447,0.018013085,0.018439694
E23_T3,0.015104227,0.014765915,0.016444485,0.016957259,0.015374523,0.015766661,0.017830131,0.015686267,0.014455231,0.01463608,0.014960339,0.01700702,0.015098291,0.015335141,0.015525059,0.014693205,0.015287598,0.014985837,0.015161142,0.018387534,0.024408723,0.019873115,0.022537837,0.016828823,0.015557556,0.016062915,0.017221471,0.015580225,0.015034276,0.014792114,0.014963042,0.016331543,0.015209748,0.014861353,0.015212363,0.015163036,0.015473903,0.015586528,0.015473291,0.016151746,0.01615069,0.016376463,0.015825222,0.016781535,0.015783338,0.015770209,0.017426655,0.014987313,0.015626205,0.014844852,0.015339457,0.015802979,0.014976498,0.015665954,0.016197897,0.016429369,0.015152858,0.016741933,0.016821609,0.014874284,0.015831235,0.013330285,0.013431533,0.01614267,0.014970921,0.015400324,0.01603317,0.015695381,0.016103476,0.016252837,0.014540106,0.017121596,0.015898183,0.018285663,0.018012107,0.016847392,0.01754111,0.016914838,0.016206406,0.01546898,0.015549921,NA,0.016056811,0.015944007,0.01641462,0.015281077,0.016105023,0.016111756,0.017267722,0.016630819,0.015440111,0.016894356,0.017640639,0.017911074,0.01843768,0.020070619,0.017126405,0.017708093,0.025038117,0.026199968,0.019833572,0.018400227,0.019631905,0.021371567,0.017745601,0.018369798
E30_T3,0.016021557,0.01586478,0.017038223,0.017306912,0.016158718,0.016200439,0.018389531,0.016396116,0.015216147,0.017199859,0.014473134,0.017311262,0.015619091,0.015875437,0.015854896,0.015139077,0.015511926,0.015627655,0.015775104,0.018801905,0.025006736,0.020663899,0.023352827,0.017140542,0.016197595,0.016603291,0.017604884,0.016182246,0.015721627,0.015822737,0.013867453,0.016541995,0.016071221,0.015542771,0.015495196,0.015388099,0.015707698,0.016481409,0.016309662,0.016662439,0.016278723,0.017120177,0.016469536,0.01750814,0.016368913,0.016678039,0.018181386,0.015672073,0.016254353,0.015718076,0.016004405,0.016570006,0.015773472,0.016093457,0.016502628,0.016465829,0.015624482,0.016059749,0.017037231,0.015234839,0.016285794,0.016545346,0.012240046,0.016245763,0.015451416,0.015317926,0.016048156,0.015882355,0.016477125,0.017117989,0.015171303,0.017656556,0.016731243,0.01876549,0.018051777,0.017104987,0.017897157,0.016271002,0.016434592,0.015825237,0.015804413,0.016056811,NA,0.016333109,0.016761871,0.01567663,0.016405489,0.016571873,0.017387273,0.01718689,0.015968192,0.017717901,0.018169001,0.018230329,0.01881008,0.020777931,0.017872507,0.018058933,0.026284772,0.027637169,0.020172933,0.019267281,0.019977941,0.022488117,0.018427483,0.01942752
ED12_T3,0.015819434,0.015726698,0.016406055,0.016687155,0.015757833,0.016046047,0.017515755,0.015785869,0.015115777,0.016628416,0.015660657,0.014135754,0.015737599,0.015555149,0.015490179,0.014822659,0.01545793,0.015059632,0.015548717,0.018279935,0.024485283,0.019924129,0.022891344,0.016714939,0.016000644,0.016247182,0.017124766,0.015765884,0.01547092,0.015289919,0.015161154,0.01403341,0.016053027,0.015011899,0.015515824,0.015290755,0.015406705,0.015972674,0.016284567,0.016409845,0.015882979,0.016988731,0.015812224,0.016798243,0.01632618,0.016291179,0.01789969,0.01520552,0.015798072,0.015320199,0.015417821,0.016164177,0.015426251,0.01574028,0.016207689,0.01630254,0.015661634,0.016416132,0.016473663,0.014996871,0.016312156,0.016537021,0.013953742,0.013550595,0.01546428,0.015768874,0.016060968,0.015960324,0.015911484,0.016983915,0.015092008,0.017605921,0.016446892,0.018391294,0.018312566,0.016863861,0.018131815,0.017156996,0.016020236,0.015936095,0.016005828,0.015944007,0.016333109,NA,0.017645541,0.015752766,0.016488151,0.016876891,0.01747513,0.017199496,0.015823964,0.017166602,0.017736346,0.018638038,0.018460544,0.020753832,0.017769642,0.018031689,0.02721906,0.028286749,0.019772916,0.019043226,0.020111926,0.02332523,0.018347164,0.01930009
ED18_T3,0.016337803,0.01662031,0.018235107,0.01820301,0.016769382,0.017202044,0.019476892,0.017091477,0.014687438,0.017652066,0.015382512,0.018690931,0.014955936,0.016255307,0.016886097,0.015428901,0.016210508,0.016516605,0.016058624,0.019928108,0.026132063,0.021156384,0.023365461,0.01823887,0.016705198,0.017619625,0.018402751,0.016758278,0.016297351,0.016596307,0.016232265,0.01746511,0.01482799,0.016053894,0.016382307,0.016050992,0.016774779,0.016603758,0.016217717,0.01724273,0.017952841,0.016755575,0.016965476,0.017709185,0.016804559,0.017571469,0.018653855,0.016038173,0.016529937,0.015910458,0.016565602,0.016202178,0.015968961,0.016809359,0.017027943,0.017192666,0.016284129,0.018251884,0.018605933,0.016325341,0.01661879,0.01702963,0.014338292,0.017383342,0.014411385,0.016662239,0.017424007,0.015661593,0.017320849,0.017308276,0.015369462,0.017886901,0.016739552,0.019556454,0.018860133,0.017659351,0.017779948,0.018108598,0.017543771,0.016170536,0.016798032,0.01641462,0.016761871,0.017645541,NA,0.016393072,0.017050361,0.016601065,0.018944274,0.017971286,0.01648613,0.018447156,0.018844112,0.018419451,0.019523519,0.021275004,0.018177151,0.018799948,0.023696245,0.026014126,0.021760421,0.019710188,0.020322458,0.020286333,0.017555839,0.018415859
ED22_T3,0.015130331,0.014845871,0.015989433,0.01647923,0.015150148,0.015384493,0.01741271,0.015251306,0.014247504,0.016137426,0.014892482,0.016267546,0.014811685,0.013980279,0.015124819,0.014122183,0.014706259,0.014669377,0.014695113,0.017665077,0.02436808,0.019552191,0.022131199,0.016279917,0.01531454,0.015608944,0.016637629,0.015211254,0.014605214,0.014547499,0.014780361,0.015885589,0.015035115,0.013444236,0.01496167,0.014539606,0.015245411,0.015444235,0.015234249,0.015630319,0.01552727,0.015735462,0.015380704,0.016023421,0.01544158,0.015646418,0.016938383,0.014418319,0.014928253,0.014544573,0.014817942,0.01530664,0.014687898,0.015273079,0.0154928,0.015671273,0.014764908,0.015908342,0.016160763,0.014309633,0.015428019,0.015963795,0.013233031,0.015746987,0.014530819,0.013781858,0.015515716,0.014957413,0.015724937,0.01645167,0.014165325,0.016646625,0.015457848,0.017925202,0.01741535,0.016277261,0.017596983,0.016192477,0.015612944,0.015077903,0.015403115,0.015281077,0.01567663,0.015752766,0.016393072,NA,0.015976692,0.016063104,0.01721521,0.016510957,0.015175679,0.016357457,0.017160208,0.016730447,0.017400987,0.019445585,0.01646356,0.016920521,0.024579754,0.02662045,0.019430789,0.018177763,0.019156213,0.021210026,0.017428064,0.018107684
ED24_T3,0.015712148,0.015447014,0.017035435,0.017017686,0.016180283,0.016661334,0.018193479,0.01613922,0.015170631,0.016845561,0.015395033,0.017251313,0.01580089,0.015606807,0.014844887,0.015095008,0.015657582,0.015493647,0.015838268,0.01889847,0.024881102,0.020546399,0.022911503,0.01689757,0.016224634,0.017060593,0.017366057,0.015945027,0.015889162,0.015841815,0.015356832,0.016534589,0.015982314,0.015385497,0.014244796,0.015592071,0.015626492,0.016401285,0.016473595,0.01674901,0.016359424,0.016952042,0.016359322,0.017255679,0.016681856,0.016885479,0.018485429,0.015570902,0.016180833,0.015674543,0.015926116,0.016110218,0.015733877,0.016485689,0.016872032,0.01647596,0.015962661,0.017277514,0.017017204,0.015110085,0.016486253,0.016103418,0.014153955,0.016534697,0.015469296,0.015720856,0.014487431,0.016094997,0.01624517,0.017030023,0.015373338,0.017250127,0.016567527,0.018568176,0.018418723,0.016965699,0.018165264,0.018138942,0.016427554,0.015905689,0.016199848,0.016105023,0.016405489,0.016488151,0.017050361,0.015976692,NA,0.016565073,0.01774145,0.01725744,0.016370051,0.01762608,0.017906733,0.019330541,0.019509523,0.021167509,0.018282792,0.018648861,0.027383144,0.027713809,0.020814768,0.019390773,0.020899441,0.023250195,0.018758716,0.019699632
ED26_T3,0.01552613,0.015969367,0.01698653,0.01746139,0.01599271,0.016158773,0.018366643,0.016405292,0.014887936,0.017700854,0.015177559,0.017966126,0.015645483,0.015577295,0.016041737,0.01394478,0.01579734,0.015769328,0.015985264,0.018776294,0.02481758,0.020678599,0.02290498,0.017244815,0.016091167,0.016641242,0.017437862,0.015773235,0.01564609,0.015840198,0.015550098,0.016681718,0.015561939,0.015478621,0.015532079,0.014233003,0.015943165,0.016009818,0.016141887,0.016533442,0.016418495,0.016506151,0.016127283,0.017325193,0.016492306,0.016404948,0.01814119,0.015815934,0.015946859,0.015208695,0.015904674,0.015789791,0.015325211,0.016206386,0.016197889,0.016582187,0.015869214,0.017039566,0.017114323,0.015520109,0.016392685,0.016652249,0.01405937,0.016760134,0.015667309,0.015840847,0.016745366,0.015030494,0.016592467,0.017163536,0.015023333,0.017014328,0.016405583,0.018128824,0.017982394,0.017060797,0.017783587,0.017397959,0.0167299,0.015448407,0.016274319,0.016111756,0.016571873,0.016876891,0.016601065,0.016063104,0.016565073,NA,0.017631169,0.017129835,0.016262366,0.017809844,0.017947995,0.018248725,0.019515853,0.020599581,0.017689051,0.018310587,0.024945015,0.026768375,0.020636956,0.018860248,0.020138422,0.021143539,0.017702212,0.018624275
ED27_T3,0.01717879,0.016568013,0.017561841,0.018589309,0.016942521,0.017183986,0.019047164,0.017401584,0.016939744,0.018677093,0.01703096,0.018412967,0.017027506,0.017239673,0.01717499,0.016664191,0.014972016,0.016503958,0.017569176,0.019564232,0.025418805,0.021338517,0.024391952,0.018132372,0.017290458,0.017434215,0.018484392,0.017308724,0.016739788,0.016390558,0.016610828,0.018011539,0.016800212,0.016624294,0.016342127,0.016677681,0.014584907,0.017456512,0.017965029,0.01773187,0.016958399,0.018282432,0.017399482,0.018579689,0.017340329,0.016963142,0.019126712,0.016803574,0.017408723,0.01644172,0.016835076,0.017611695,0.016696846,0.017157027,0.017728399,0.017957463,0.016809657,0.016744451,0.017451086,0.016337478,0.017524105,0.017695312,0.01554467,0.017460996,0.01679034,0.016776436,0.017415131,0.017932998,0.015280174,0.018370834,0.016926698,0.018355533,0.018001318,0.019019214,0.019219779,0.018537685,0.019633994,0.017702445,0.017379688,0.016992408,0.017610235,0.017267722,0.017387273,0.01747513,0.018944274,0.01721521,0.01774145,0.017631169,NA,0.018118272,0.01742368,0.018326445,0.018464599,0.019575299,0.0201156,0.021748686,0.018624648,0.019183725,0.029385945,0.029612614,0.021454749,0.020339086,0.02122689,0.024968401,0.020439692,0.021284074
ED29_T3,0.016588552,0.01651093,0.017345814,0.017696987,0.016527214,0.016873327,0.018405932,0.016707644,0.01559435,0.017366582,0.01614728,0.0180112,0.016335305,0.016299163,0.016614907,0.015584439,0.016328686,0.014898911,0.016323,0.019253478,0.025377926,0.021133278,0.023587407,0.017712843,0.016846194,0.017083063,0.017878832,0.016536442,0.016202481,0.016093402,0.015995579,0.017233104,0.016419943,0.015886319,0.016256041,0.01580611,0.016345864,0.015222166,0.016727227,0.016977905,0.01670165,0.017532831,0.016922643,0.017588224,0.017003,0.016748939,0.018710806,0.016230316,0.016390482,0.016200844,0.016352238,0.01684311,0.016022741,0.016609387,0.017020297,0.016988067,0.016181223,0.017808978,0.017157936,0.015802584,0.016740381,0.016948835,0.014643424,0.017098161,0.016050029,0.016292381,0.017048561,0.016779171,0.016932714,0.01599377,0.015601548,0.018020378,0.017143589,0.01905778,0.018797493,0.017718742,0.018928672,0.018188729,0.017007027,0.016449809,0.016810465,0.016630819,0.01718689,0.017199496,0.017971286,0.016510957,0.01725744,0.017129835,0.018118272,NA,0.016599395,0.018141706,0.018694501,0.019045318,0.019440881,0.020971467,0.018270801,0.018788407,0.026918957,0.027863316,0.021225394,0.019816959,0.020662402,0.02306982,0.019181356,0.019408336
ED32_T3,0.015287873,0.01520814,0.016488454,0.01669874,0.015099472,0.015617854,0.017499603,0.015554308,0.013944442,0.016294165,0.015198018,0.016292224,0.015042258,0.015138623,0.015573482,0.014412308,0.015003026,0.014860791,0.01402043,0.018005454,0.024344803,0.019766296,0.02208808,0.016476064,0.015585886,0.015880571,0.016959828,0.015550662,0.014653185,0.014895829,0.015145483,0.01590076,0.015420384,0.014641865,0.015330072,0.014944146,0.0154283,0.015659192,0.014287906,0.015986217,0.015904113,0.015932071,0.015572479,0.016201523,0.015956249,0.016020118,0.017334406,0.014540734,0.015121781,0.01475302,0.014998676,0.015498978,0.014900611,0.015381078,0.015663434,0.01586396,0.015076848,0.016342599,0.016552558,0.01460744,0.015417,0.015958398,0.01349183,0.015830422,0.014928064,0.015489627,0.01597307,0.015071383,0.015971096,0.016402381,0.013002398,0.016897409,0.015541075,0.018128061,0.017611118,0.01655447,0.017453351,0.016669828,0.015729035,0.015146907,0.015373831,0.015440111,0.015968192,0.015823964,0.01648613,0.015175679,0.016370051,0.016262366,0.01742368,0.016599395,NA,0.016561565,0.017238325,0.017293067,0.017815577,0.019496594,0.016717211,0.016830393,0.02503722,0.026302685,0.019907226,0.018410042,0.019111851,0.021201818,0.017579822,0.018178818
F3_T3,0.01602493,0.016248598,0.016902516,0.017698931,0.016071798,0.016801697,0.01843552,0.016503956,0.015551555,0.017322799,0.01630112,0.01753497,0.016274808,0.016038683,0.016365149,0.015511333,0.01592825,0.015909343,0.016172944,0.018076646,0.024403571,0.019693497,0.022512093,0.017423155,0.0164149,0.016833139,0.01781194,0.016140631,0.015551188,0.015481153,0.016214806,0.017053511,0.016436441,0.01554227,0.015964188,0.015568193,0.016171505,0.016475479,0.016524865,0.016263481,0.016220756,0.016833077,0.016378921,0.016648908,0.016496545,0.016308349,0.017736027,0.015405566,0.016042833,0.015268896,0.015198721,0.015931073,0.015399426,0.016081963,0.016140033,0.017081444,0.01647035,0.017488428,0.017185644,0.015451418,0.016587341,0.017142517,0.015215672,0.017461294,0.016311369,0.016583667,0.016812352,0.016751373,0.016725719,0.01770477,0.015379891,0.017556384,0.016450941,0.01856147,0.018325824,0.017758926,0.019156394,0.018239766,0.017057632,0.016139747,0.016915769,0.016894356,0.017717901,0.017166602,0.018447156,0.016357457,0.01762608,0.017809844,0.018326445,0.018141706,0.016561565,NA,0.015916252,0.018019289,0.017837486,0.020393084,0.017239435,0.017293535,0.026628575,0.028095143,0.020460392,0.018937522,0.019940991,0.022847703,0.018754337,0.01944953
F4_T3,0.016436071,0.016521156,0.017565049,0.018418739,0.016452795,0.017345214,0.019020037,0.016968687,0.016255072,0.017965917,0.016693358,0.018145325,0.016545888,0.016611225,0.016935994,0.016076327,0.016505382,0.016481741,0.016907264,0.018681455,0.024779214,0.020278804,0.022907588,0.017806228,0.016977884,0.017279229,0.018209212,0.016611149,0.016244009,0.015791452,0.016757943,0.017412705,0.016842144,0.016000455,0.016176152,0.016010916,0.016429624,0.01717191,0.016992957,0.016618932,0.016612362,0.017371614,0.016561289,0.017150532,0.016872312,0.016581566,0.018137792,0.01594043,0.016585153,0.015668003,0.015728396,0.016563223,0.015919033,0.016331999,0.016590847,0.01755614,0.016667228,0.018052877,0.017699353,0.015797995,0.017275434,0.017514319,0.015692759,0.018025603,0.016745602,0.016894116,0.017416598,0.017503769,0.016947016,0.018304598,0.016023445,0.018019216,0.017061314,0.018869855,0.018750794,0.01812808,0.019247979,0.018759202,0.017613688,0.016546116,0.017728397,0.017640639,0.018169001,0.017736346,0.018844112,0.017160208,0.017906733,0.017947995,0.018464599,0.018694501,0.017238325,0.015916252,NA,0.018518179,0.018876279,0.02085759,0.017827453,0.017869048,0.027298557,0.028141189,0.021221192,0.019302202,0.020406557,0.022842869,0.019491874,0.020091059
F15_T3,0.017247354,0.017643343,0.018371881,0.019173755,0.016824134,0.017679528,0.019937291,0.01755535,0.016452961,0.018569145,0.017034955,0.018989526,0.017057914,0.016898079,0.017666248,0.016507144,0.016874344,0.017116824,0.016564683,0.019511308,0.026046959,0.02096385,0.023168889,0.018606039,0.017090999,0.017783483,0.019387105,0.017395684,0.016224593,0.016580496,0.01752753,0.018003762,0.0167369,0.016550841,0.016926069,0.016501492,0.017433118,0.017381642,0.016602278,0.017018059,0.017843518,0.016754875,0.017274319,0.017105131,0.016937173,0.017617684,0.018166542,0.016068568,0.016850142,0.015946544,0.016307929,0.016758568,0.016116465,0.016582904,0.016862988,0.017758807,0.016399693,0.018402938,0.018845213,0.016849567,0.017132192,0.018495034,0.015754996,0.018798098,0.016770412,0.017238613,0.018323474,0.017110958,0.018042464,0.018713046,0.015747708,0.018279535,0.016844349,0.019437936,0.018738655,0.018868704,0.019251429,0.018199616,0.018379039,0.017201014,0.017645696,0.017911074,0.018230329,0.018638038,0.018419451,0.016730447,0.019330541,0.018248725,0.019575299,0.019045318,0.017293067,0.018019289,0.018518179,NA,0.018271439,0.020954192,0.017129795,0.018063154,0.024412154,0.026902768,0.021652799,0.01971647,0.019518152,0.020554382,0.018622289,0.018676307
F21_T3,0.017662426,0.017812436,0.01844166,0.019241068,0.017202809,0.01789447,0.019906971,0.0174918,0.016799315,0.018298364,0.017596651,0.018122469,0.017137173,0.017482552,0.017618358,0.016675809,0.017011929,0.016873227,0.017124894,0.019436309,0.026124801,0.020547446,0.023532414,0.018815846,0.017337832,0.017994027,0.018841005,0.017746164,0.016594038,0.016532488,0.017591142,0.017906955,0.017644237,0.016899469,0.017464044,0.016904438,0.017640473,0.017526744,0.017645524,0.017338539,0.017876521,0.017503498,0.017560453,0.017654338,0.017819095,0.017730312,0.018778308,0.016255469,0.017351043,0.016743517,0.016468523,0.017036434,0.016843108,0.016784523,0.017136467,0.01841806,0.017161275,0.019363876,0.018666651,0.016840955,0.017740104,0.018847623,0.016355395,0.018535857,0.017244148,0.017971364,0.018753049,0.017360714,0.017880783,0.018719676,0.016573966,0.019084728,0.017396302,0.019803732,0.019383742,0.019366562,0.019855299,0.019514178,0.018209955,0.017571958,0.018422665,0.01843768,0.01881008,0.018460544,0.019523519,0.017400987,0.019509523,0.019515853,0.0201156,0.019440881,0.017815577,0.017837486,0.018876279,0.018271439,NA,0.020782968,0.018028147,0.01787812,0.027225174,0.02859538,0.022057333,0.020547354,0.020823583,0.022706974,0.019693947,0.019839779
F25_T3,0.019433434,0.018873135,0.020617698,0.020720217,0.019159376,0.019425201,0.021186791,0.019666844,0.018709912,0.020625566,0.019227699,0.020497942,0.019014183,0.019446006,0.019669947,0.018531218,0.018704565,0.018847828,0.019117461,0.021122083,0.027964196,0.023064809,0.025549553,0.020551863,0.019325631,0.019578209,0.020765327,0.019412158,0.018596702,0.018410268,0.019041627,0.020120708,0.019771356,0.018939939,0.01904127,0.018637141,0.019133053,0.019837146,0.019599684,0.019856564,0.01944651,0.019759496,0.019546733,0.02017312,0.019913306,0.019393773,0.020758686,0.018412255,0.019013035,0.018496629,0.018510254,0.019097498,0.018657337,0.018823627,0.019409833,0.020332028,0.019017584,0.02068869,0.020566609,0.018534057,0.019652702,0.020044664,0.018092152,0.020780438,0.019400638,0.020238167,0.020309893,0.019425242,0.019713081,0.020764862,0.018520067,0.020338122,0.019489933,0.021828523,0.021154055,0.020968211,0.021851177,0.021653188,0.020216558,0.019339694,0.020138639,0.020070619,0.020777931,0.020753832,0.021275004,0.019445585,0.021167509,0.020599581,0.021748686,0.020971467,0.019496594,0.020393084,0.02085759,0.020954192,0.020782968,NA,0.019988672,0.019987314,0.029513998,0.030237614,0.024211601,0.022547306,0.023127435,0.025357537,0.022119826,0.022147772
F28_T3,0.016588762,0.016264643,0.017373942,0.018266827,0.016298359,0.016993839,0.018980335,0.016756944,0.015974351,0.017668863,0.016429023,0.018125781,0.016213984,0.016216246,0.016685833,0.015818072,0.016076237,0.016188551,0.016294605,0.01861579,0.025185167,0.020122938,0.022754149,0.017576286,0.016681451,0.017326184,0.018386474,0.016566379,0.015859801,0.015594682,0.016797412,0.017301532,0.016391697,0.015847324,0.016116779,0.016061039,0.016509874,0.016728735,0.016372925,0.016452965,0.016702624,0.016367713,0.016477141,0.016861307,0.016655882,0.016515148,0.017833263,0.015625537,0.016114609,0.015415197,0.015767381,0.016274069,0.015602509,0.01596306,0.016205919,0.017087404,0.01609384,0.017842832,0.018082158,0.016008416,0.016589597,0.017738952,0.015398256,0.018148474,0.016349775,0.016868128,0.017649804,0.016801428,0.017130703,0.01825572,0.015589839,0.017851012,0.016470608,0.018744017,0.018444809,0.018026387,0.018976836,0.018061056,0.017557045,0.016723758,0.017239498,0.017126405,0.017872507,0.017769642,0.018177151,0.01646356,0.018282792,0.017689051,0.018624648,0.018270801,0.016717211,0.017239435,0.017827453,0.017129795,0.018028147,0.019988672,NA,0.017367522,0.025548802,0.027352749,0.020901947,0.018991698,0.019587063,0.021392494,0.01855347,0.018746128
F31_T3,0.017041264,0.016839613,0.017656545,0.018495029,0.016751643,0.017286494,0.018951801,0.017004614,0.016345879,0.017948786,0.017196058,0.017773483,0.016574571,0.016669155,0.017162034,0.015994201,0.016418839,0.016479653,0.016619949,0.018800126,0.025429093,0.020225363,0.023029346,0.01794654,0.017040072,0.017470021,0.018478329,0.017016815,0.016294586,0.015923089,0.016969209,0.017541391,0.017060062,0.016298171,0.016912268,0.016270875,0.016860102,0.017143214,0.016999241,0.01691243,0.017321941,0.01700059,0.016858815,0.017105068,0.017093764,0.017135635,0.01809553,0.015533398,0.016876154,0.015973662,0.015743947,0.016470506,0.016038823,0.016220211,0.016596586,0.017537226,0.016485794,0.018247896,0.01823117,0.016179711,0.017186009,0.017992508,0.015515596,0.01813472,0.016636131,0.017340932,0.017979999,0.016681623,0.017379666,0.018094068,0.015845207,0.018323429,0.017083952,0.019417686,0.018366805,0.01861472,0.019218645,0.018606516,0.017650964,0.016737042,0.017479068,0.017708093,0.018058933,0.018031689,0.018799948,0.016920521,0.018648861,0.018310587,0.019183725,0.018788407,0.016830393,0.017293535,0.017869048,0.018063154,0.01787812,0.019987314,0.017367522,NA,0.026416747,0.027900689,0.021025543,0.01976947,0.020381334,0.022488662,0.019053463,0.019477928
S1_T3,0.0243733,0.026168486,0.027157579,0.027494919,0.024792065,0.025898195,0.028950619,0.025792385,0.02267586,0.026099745,0.024019315,0.02843268,0.024371731,0.024462592,0.025870502,0.02407448,0.024941007,0.025577014,0.023784402,0.028242245,0.035261894,0.029447615,0.030415693,0.027213322,0.025005372,0.026246742,0.027514154,0.025204457,0.023814703,0.024845322,0.025613818,0.026413015,0.023276777,0.024401801,0.025123795,0.024160387,0.026459267,0.024405831,0.023215938,0.024589844,0.027211089,0.023641477,0.025132707,0.024741499,0.024710268,0.026203622,0.026491347,0.023772161,0.024444457,0.023387545,0.024408891,0.023969522,0.023645597,0.024438402,0.024475869,0.025523052,0.024410088,0.027714287,0.028196503,0.025571385,0.024567262,0.026199163,0.02291622,0.027664301,0.023873408,0.025499655,0.027396718,0.023456338,0.026908285,0.026321069,0.022524998,0.026634358,0.023847876,0.028107114,0.026078092,0.026656541,0.025296664,0.027272063,0.026810049,0.024412988,0.025844643,0.025038117,0.026284772,0.02721906,0.023696245,0.024579754,0.027383144,0.024945015,0.029385945,0.026918957,0.02503722,0.026628575,0.027298557,0.024412154,0.027225174,0.029513998,0.025548802,0.026416747,NA,0.030604678,0.029744116,0.026771481,0.026086674,0.022793512,0.024019245,0.023706662
S2_T3,0.0257224,0.0267023,0.02887987,0.028768829,0.026221988,0.027190622,0.029888195,0.027366465,0.024373702,0.026673405,0.024829743,0.02945859,0.026244912,0.026062444,0.027066039,0.025697031,0.026316289,0.026878532,0.025509494,0.029366138,0.036118446,0.031342813,0.031778122,0.027998211,0.026235263,0.027368927,0.028741299,0.026603334,0.025396809,0.026021487,0.026669302,0.027451484,0.025594984,0.025894506,0.025972242,0.02573287,0.026887489,0.026548059,0.025093818,0.02666232,0.02800456,0.025450391,0.026465081,0.026359817,0.026252329,0.027347996,0.027970637,0.026053113,0.025904381,0.025492569,0.025802499,0.025648957,0.025106879,0.026051664,0.026120969,0.026704553,0.025837087,0.029131632,0.029458234,0.026235873,0.026124518,0.026721738,0.024844055,0.02914897,0.025878475,0.026889421,0.027835083,0.025995,0.027465137,0.0274711,0.024360187,0.02759496,0.025716983,0.027864601,0.026925556,0.027249034,0.027468023,0.029153332,0.027851765,0.026072855,0.027045894,0.026199968,0.027637169,0.028286749,0.026014126,0.02662045,0.027713809,0.026768375,0.029612614,0.027863316,0.026302685,0.028095143,0.028141189,0.026902768,0.02859538,0.030237614,0.027352749,0.027900689,0.030604678,NA,0.031253007,0.028692609,0.028324079,0.027186383,0.026597359,0.026091493
S5_T3,0.019126835,0.018889962,0.019451458,0.020410458,0.019013828,0.019484247,0.021236874,0.019552438,0.019099582,0.02029557,0.019406739,0.019937231,0.018951193,0.019273559,0.019310873,0.018795353,0.019058323,0.018707771,0.01959894,0.021837339,0.028141967,0.023458401,0.026324063,0.020092199,0.01906016,0.019641757,0.020674597,0.019449503,0.01888639,0.018585358,0.019119191,0.020010734,0.019555175,0.018729005,0.019049785,0.019005741,0.019059835,0.019642549,0.019915961,0.019542438,0.019091171,0.020384058,0.019218779,0.020153801,0.019727366,0.019494523,0.021562595,0.018731131,0.018941497,0.0186261,0.018855625,0.019835227,0.018891448,0.018984066,0.019288877,0.019864331,0.019416704,0.02005709,0.020258685,0.01865297,0.019974758,0.020619875,0.0179857,0.020012675,0.01924692,0.019548848,0.020153146,0.019773562,0.01971425,0.021180453,0.018725566,0.021222406,0.020183141,0.021717107,0.021528174,0.020738808,0.02216114,0.020838268,0.019734286,0.01964751,0.019667451,0.019833572,0.020172933,0.019772916,0.021760421,0.019430789,0.020814768,0.020636956,0.021454749,0.021225394,0.019907226,0.020460392,0.021221192,0.021652799,0.022057333,0.024211601,0.020901947,0.021025543,0.029744116,0.031253007,NA,0.022222933,0.022783955,0.026401411,0.021866726,0.021960467
S6_T3,0.017431985,0.017833078,0.01880258,0.01945636,0.017680108,0.018566946,0.020205878,0.018034248,0.017042916,0.01925999,0.017810181,0.019273435,0.01766708,0.017804769,0.018140603,0.017258913,0.017605937,0.017829998,0.017833646,0.020247695,0.026738715,0.021819578,0.024325628,0.019072909,0.018341762,0.018755768,0.019401828,0.017896494,0.017228033,0.017055086,0.01802614,0.018433422,0.017984373,0.017460228,0.017628737,0.017444388,0.018024861,0.018203021,0.017724449,0.017945566,0.018529613,0.018208858,0.017776631,0.018438228,0.01831463,0.017932168,0.019227303,0.017303502,0.017746778,0.016923743,0.016805481,0.017491148,0.017133049,0.017555738,0.017703554,0.018664332,0.017850522,0.019631227,0.019137829,0.017371305,0.018409901,0.018644518,0.01659667,0.019336668,0.018125243,0.018213276,0.018745955,0.018329374,0.018472359,0.01947499,0.017188313,0.019284681,0.018188293,0.01991785,0.020032094,0.019339038,0.020072544,0.020272054,0.018683499,0.017957619,0.01902042,0.018400227,0.019267281,0.019043226,0.019710188,0.018177763,0.019390773,0.018860248,0.020339086,0.019816959,0.018410042,0.018937522,0.019302202,0.01971647,0.020547354,0.022547306,0.018991698,0.01976947,0.026771481,0.028692609,0.022222933,NA,0.020814329,0.023282925,0.019678811,0.020654164
S7_T3,0.018470351,0.019179668,0.020040636,0.020752025,0.01812444,0.019128149,0.021507981,0.019138594,0.017950666,0.019853825,0.018594182,0.020715282,0.018468067,0.018816922,0.019114481,0.018530712,0.018756775,0.018755008,0.018465077,0.021003249,0.027566818,0.022858684,0.025174778,0.020269175,0.018654813,0.019778089,0.020228678,0.018573033,0.018049636,0.018092802,0.019340347,0.019411464,0.018435755,0.018152119,0.01864647,0.018187546,0.019016994,0.019103133,0.0182283,0.018820604,0.019351196,0.018948886,0.018708676,0.018766108,0.018924733,0.01906004,0.020416233,0.018227692,0.01856731,0.017759869,0.017826608,0.018399824,0.017988839,0.018014722,0.01859116,0.019763856,0.018401432,0.020589168,0.020171951,0.018639996,0.018957192,0.020006292,0.017215961,0.020477793,0.018519804,0.019288871,0.020314024,0.018897557,0.019563044,0.020533345,0.017732922,0.020041611,0.018669994,0.02098151,0.020226393,0.020575956,0.020578034,0.02055391,0.019554473,0.018794851,0.019626421,0.019631905,0.019977941,0.020111926,0.020322458,0.019156213,0.020899441,0.020138422,0.02122689,0.020662402,0.019111851,0.019940991,0.020406557,0.019518152,0.020823583,0.023127435,0.019587063,0.020381334,0.026086674,0.028324079,0.022783955,0.020814329,NA,0.02208374,0.020664122,0.020380861
S8_T3,0.02040927,0.021587904,0.02348852,0.023322235,0.020649304,0.02191604,0.024988535,0.021540134,0.018584243,0.021927025,0.020044252,0.024271667,0.020090226,0.020607044,0.022118959,0.02017366,0.021157637,0.021484254,0.020075571,0.024072769,0.030616019,0.025114265,0.02654722,0.022754514,0.020823838,0.022310096,0.023311197,0.020827354,0.019947426,0.020754192,0.021838339,0.021816797,0.019716479,0.020322847,0.021153935,0.02023075,0.022141663,0.020824545,0.019434785,0.020956368,0.022691589,0.01984997,0.020939661,0.020554398,0.020994506,0.022100008,0.022429265,0.020015762,0.020757738,0.019690365,0.020216595,0.019903092,0.019654978,0.020254117,0.020176437,0.021420208,0.020127539,0.024226694,0.024183838,0.021327849,0.020806956,0.022246164,0.019228932,0.023744017,0.020053119,0.021406256,0.023350395,0.019893347,0.022483245,0.022368314,0.01873621,0.021967884,0.019874956,0.023417231,0.022151379,0.022436609,0.021361591,0.023826109,0.022616077,0.020676466,0.021806447,0.021371567,0.022488117,0.02332523,0.020286333,0.021210026,0.023250195,0.021143539,0.024968401,0.02306982,0.021201818,0.022847703,0.022842869,0.020554382,0.022706974,0.025357537,0.021392494,0.022488662,0.022793512,0.027186383,0.026401411,0.023282925,0.02208374,NA,0.020311329,0.019748089
S9_T3,0.016779274,0.017727436,0.018637054,0.018614337,0.017292102,0.017879075,0.019942196,0.017789126,0.015817712,0.018307632,0.016552911,0.019129384,0.016882685,0.016662194,0.0177506,0.016301715,0.017174761,0.017441846,0.016776791,0.019985136,0.026523633,0.021749852,0.023632219,0.018897353,0.017675669,0.018457801,0.019328424,0.017246706,0.016628128,0.017103648,0.017394971,0.018086548,0.016875414,0.016710468,0.017572695,0.016807888,0.017784286,0.017219644,0.016921461,0.017573228,0.018536764,0.017304691,0.017381618,0.017713017,0.017822002,0.018232183,0.019110358,0.016367628,0.017161483,0.016254544,0.016799261,0.016639499,0.01644625,0.017006807,0.017295905,0.017822309,0.017287092,0.019578534,0.019352052,0.016925764,0.017479882,0.018343141,0.015341673,0.018589166,0.016972803,0.017625506,0.018621857,0.016676052,0.018257354,0.018542103,0.015813696,0.018603214,0.017111098,0.020110388,0.019520836,0.018483684,0.01876371,0.019862659,0.018513658,0.017013977,0.018013085,0.017745601,0.018427483,0.018347164,0.017555839,0.017428064,0.018758716,0.017702212,0.020439692,0.019181356,0.017579822,0.018754337,0.019491874,0.018622289,0.019693947,0.022119826,0.01855347,0.019053463,0.024019245,0.026597359,0.021866726,0.019678811,0.020664122,0.020311329,NA,0.018788764
S10_T3,0.017409414,0.018342533,0.019544505,0.019984449,0.017396538,0.018653403,0.02084433,0.018134119,0.01642559,0.018715032,0.017294581,0.019787695,0.017529561,0.017625823,0.018528724,0.016894202,0.017517654,0.017708318,0.01725417,0.020243259,0.026977096,0.022179017,0.023939546,0.019626873,0.017640133,0.018812408,0.019730784,0.017899598,0.016882658,0.017240343,0.018502704,0.018455781,0.017254322,0.017353427,0.017862674,0.017132706,0.018449684,0.017560887,0.017218076,0.017904364,0.019071579,0.017600251,0.017872498,0.017993035,0.018053132,0.018405117,0.019429339,0.016898175,0.017360139,0.016707103,0.017085911,0.017302282,0.01697757,0.017297405,0.017334732,0.018515284,0.017248649,0.020401152,0.020089013,0.01776158,0.017972978,0.018886987,0.016430742,0.019234769,0.017407807,0.01844903,0.019403956,0.017423133,0.01892597,0.019355616,0.01637116,0.018960762,0.017246836,0.01998348,0.019364371,0.019672448,0.019080932,0.020271262,0.019038387,0.017755804,0.018439694,0.018369798,0.01942752,0.01930009,0.018415859,0.018107684,0.019699632,0.018624275,0.021284074,0.019408336,0.018178818,0.01944953,0.020091059,0.018676307,0.019839779,0.022147772,0.018746128,0.019477928,0.023706662,0.026091493,0.021960467,0.020654164,0.020380861,0.019748089,0.018788764,NA