,E10_T1,E10_T2,E10_T3,E10_T4,E10_T5,E1_T1,E1_T2,E1_T3,E1_T4,E1_T5,E2_T1,E2_T2,E2_T3,E2_T4,E2_T5,E3_T1,E3_T2,E3_T3,E3_T4,E3_T5,E4_T1,E4_T2,E4_T3,E4_T4,E4_T5,E5_T1,E5_T2,E5_T3,E5_T4,E5_T5,E6_T1,E6_T2,E6_T3,E6_T4,E6_T5,E7_T1,E7_T2,E7_T3,E7_T4,E7_T5,E8_T1,E8_T2,E8_T3,E8_T4,E8_T5,E9_T1,E9_T2,E9_T3,E9_T4,E9_T5,F10_T1,F10_T2,F10_T4,F10_T5,F1_T1,F1_T2,F1_T3,F1_T4,F1_T5,F2_T1,F2_T2,F2_T3,F2_T4,F2_T5,F3_T1,F3_T2,F3_T3,F3_T4,F3_T5,F4_T1,F4_T2,F4_T3,F4_T4,F4_T5,F5_T1,F5_T2,F5_T3,F5_T4,F5_T5,F6_T1,F6_T2,F6_T3,F6_T4,F6_T5,F7_T1,F7_T2,F7_T4,F7_T5,F8_T1,F8_T2,F8_T4,F8_T5,F9_T1,F9_T2,F9_T4,F9_T5
E10_T1,NA,0.002421004,0.003264089,0.009851935,0.007007108,0.003701413,0.002394419,0.003576717,0.010985692,0.004865166,0.00328593,0.006204374,0.002758124,0.004833063,0.01166632,0.004008368,0.00385684,0.005526601,0.003614945,0.003986826,0.003819007,0.004036053,0.003380685,0.004409711,0.005964749,0.003823515,0.002699264,0.003325664,0.004299859,0.00847913,0.003279519,0.003408362,0.005792018,0.004251018,0.004050563,0.002365908,0.004902569,0.003128146,0.012999295,0.00620832,0.003328628,0.005333505,0.00397736,0.011857177,0.003645112,0.003938478,0.003032989,0.004005008,0.010077456,0.005079195,0.0015454,0.003447058,0.004711204,0.01025874,0.003350439,0.00326744,0.002570168,0.007720726,0.006303421,0.002344296,0.003040973,0.002789269,0.008349003,0.008574462,0.002474851,0.003563233,0.003344334,0.006688977,0.00867091,0.002942233,0.002395081,0.003333364,0.009578992,0.025460295,0.002102253,0.002012777,0.002463301,0.012179637,0.056023924,0.002756531,0.002455503,0.003335366,0.022942959,0.022549691,0.002583985,0.002780154,0.013920951,0.015107168,0.00236705,0.002575177,0.009550441,0.009804158,0.0061089,0.003754354,0.004360722,0.005872808
E10_T2,0.002421004,NA,0.002369939,0.008473401,0.007944683,0.002367123,0.00200639,0.003043438,0.011632182,0.004413167,0.003553246,0.005665447,0.002463211,0.003643033,0.011050708,0.002361236,0.003072221,0.003484039,0.002126621,0.0028463,0.002726826,0.003785045,0.003329999,0.003302023,0.004836615,0.002780663,0.001800566,0.002747033,0.003104502,0.005119487,0.002133675,0.002216748,0.003746759,0.002729277,0.003507294,0.002085561,0.004287694,0.002496198,0.009603205,0.006754081,0.002808967,0.003458626,0.002797248,0.012424036,0.002498887,0.002745398,0.00239102,0.002751583,0.008494524,0.003964982,0.001979814,0.003366662,0.003233592,0.00790221,0.002540105,0.003194047,0.002985136,0.008554094,0.00647649,0.001880603,0.003044536,0.003084116,0.00821369,0.006699227,0.002232433,0.0025533,0.002044581,0.007151538,0.008148403,0.002299258,0.002876747,0.002799899,0.011270984,0.026763228,0.002624495,0.003018505,0.002033004,0.012050422,0.057540806,0.002477062,0.002692269,0.002329773,0.021883124,0.020343547,0.002511544,0.002093889,0.012801936,0.013562654,0.002269727,0.003196133,0.007469149,0.009077727,0.006030238,0.003298321,0.003260655,0.005193511
E10_T3,0.003264089,0.002369939,NA,0.00951354,0.007824886,0.002871003,0.003096105,0.003989982,0.010526794,0.004594805,0.004378828,0.006145099,0.002778069,0.003425905,0.012128107,0.003969655,0.00435989,0.003301362,0.003085769,0.004293015,0.003793756,0.004779613,0.0038223,0.003597336,0.005624522,0.003845669,0.003507453,0.003296745,0.003469723,0.006510808,0.003428926,0.003540328,0.004205609,0.003805436,0.004372355,0.00379349,0.003673962,0.002603836,0.00994808,0.007734021,0.004329772,0.004316502,0.003236681,0.012420863,0.003863374,0.00349672,0.003436078,0.004260625,0.009147818,0.005163753,0.002761406,0.003237673,0.003635957,0.007908743,0.003303608,0.003293515,0.003247313,0.009252775,0.008038982,0.002847915,0.004513595,0.003379923,0.009884261,0.008648209,0.002661851,0.004144655,0.002637301,0.00749612,0.009531368,0.003654881,0.004124304,0.003299694,0.012914202,0.028775193,0.004038169,0.004303014,0.002676381,0.01334261,0.055984994,0.002425872,0.003677966,0.003199277,0.022571779,0.022070215,0.003802222,0.003320734,0.014048015,0.014636416,0.003149163,0.004661073,0.007380355,0.00988945,0.005617357,0.003700433,0.004123889,0.005063866
E10_T4,0.009851935,0.008473401,0.00951354,NA,0.013156109,0.008554517,0.007801688,0.008892054,0.016878674,0.010580872,0.008366716,0.010606016,0.008351615,0.009049511,0.01510924,0.008780438,0.008859945,0.009047389,0.008738854,0.00911975,0.010024122,0.01122004,0.010724748,0.011575446,0.011025253,0.009932068,0.00859905,0.009487861,0.009410673,0.009094131,0.00904238,0.008574187,0.01124142,0.010000055,0.009811495,0.009291232,0.009894223,0.008742418,0.018041659,0.012921307,0.008810688,0.01053045,0.008820498,0.019735922,0.009251848,0.00903794,0.00887312,0.008535003,0.014042552,0.009219746,0.008563606,0.010449795,0.010193707,0.014064806,0.008489837,0.008212869,0.009702051,0.014607231,0.013327189,0.009428314,0.009695124,0.008376307,0.016039037,0.014234716,0.008372554,0.009934067,0.00795299,0.013758314,0.015426205,0.008706789,0.010308222,0.009379913,0.019428614,0.030368192,0.009219969,0.010034546,0.008396114,0.020437053,0.061107584,0.008192843,0.009372062,0.008572468,0.025725042,0.028281709,0.009968516,0.008540345,0.021083391,0.021289253,0.008808938,0.010018889,0.014673623,0.016602013,0.010656752,0.010145195,0.010615966,0.011386855
E10_T5,0.007007108,0.007944683,0.007824886,0.013156109,NA,0.009266745,0.008470934,0.00929247,0.014025175,0.010979206,0.009138294,0.01037774,0.008550851,0.009755425,0.017046348,0.009022822,0.00861889,0.010201148,0.008840261,0.008824843,0.010358684,0.010751483,0.009600714,0.010220192,0.012893237,0.009948112,0.008425364,0.010075137,0.008845141,0.011725882,0.009985347,0.008855791,0.011572042,0.009652633,0.009827678,0.007842949,0.00921608,0.008425579,0.017750822,0.011388321,0.009358255,0.010633462,0.007108443,0.015943109,0.008254968,0.009527438,0.008681862,0.009983443,0.015178908,0.009042651,0.008204096,0.009159441,0.008946678,0.014761813,0.009398956,0.008563176,0.00875091,0.012930904,0.009475529,0.008834066,0.008574223,0.007137518,0.011236528,0.011525276,0.008528818,0.010768467,0.008517598,0.011873799,0.014611317,0.009643235,0.008262753,0.00875327,0.012741667,0.030679173,0.009277601,0.007995554,0.008251073,0.017055033,0.052334466,0.008835662,0.007997624,0.008629702,0.02808324,0.026719389,0.009536349,0.00931401,0.01745841,0.019326044,0.008838395,0.008077513,0.012664649,0.012721822,0.01283884,0.011108986,0.008981393,0.010418362
E1_T1,0.003701413,0.002367123,0.002871003,0.008554517,0.009266745,NA,0.002138592,0.0025541,0.010058549,0.004217846,0.002728285,0.004585683,0.002660166,0.002669489,0.010600811,0.001684592,0.002692516,0.003293776,0.002168125,0.003371945,0.002179778,0.003446468,0.002955929,0.003303722,0.004388367,0.002390942,0.002806183,0.0030168,0.002740062,0.005438936,0.002029384,0.002374549,0.003835415,0.00317048,0.003920869,0.003058453,0.003017045,0.002413969,0.009189513,0.008147094,0.002284806,0.004231643,0.003142214,0.013284906,0.003642167,0.00259296,0.002543824,0.003305271,0.009319675,0.005322334,0.001827336,0.003646295,0.003818356,0.007663746,0.001724367,0.003144384,0.002808851,0.010131115,0.007993818,0.002303575,0.004015601,0.002484929,0.010803915,0.0088028,0.001746642,0.00329225,0.002102531,0.008279706,0.009997307,0.002033698,0.004330106,0.003109104,0.013901246,0.028065723,0.002195832,0.004344539,0.002247365,0.013637928,0.055514731,0.000941124,0.002959782,0.00235945,0.020920398,0.02176882,0.002521484,0.002273319,0.014685302,0.015384346,0.001485349,0.004074983,0.007000043,0.010659046,0.004346601,0.002717164,0.003725318,0.005252456
E1_T2,0.002394419,0.00200639,0.003096105,0.007801688,0.008470934,0.002138592,NA,0.001996759,0.01095175,0.003671981,0.002550939,0.00426512,0.002315932,0.003317012,0.009257308,0.00200115,0.002378813,0.003564514,0.001995946,0.003167259,0.002440397,0.003302678,0.002403777,0.003734592,0.003948326,0.002149608,0.001678448,0.002482814,0.003165254,0.005830413,0.001712059,0.001896016,0.003718606,0.002726567,0.003053264,0.002918489,0.003770032,0.001949545,0.010722195,0.007111449,0.001930576,0.004092009,0.003413018,0.012390059,0.003161918,0.002911444,0.002062882,0.002835056,0.009131697,0.0039709,0.001205784,0.003250619,0.00340376,0.007716187,0.001369142,0.002656528,0.002219522,0.00791789,0.006911591,0.001719466,0.002947928,0.001887479,0.008422684,0.008149539,0.001751436,0.00252715,0.001622945,0.006967909,0.008346705,0.001522384,0.00260218,0.002950128,0.011809275,0.02648097,0.001560148,0.002416229,0.001837463,0.011246946,0.056142466,0.001498369,0.002192,0.002094906,0.020484431,0.020881522,0.002083004,0.001415074,0.012929543,0.013024562,0.0017013,0.003329273,0.007352049,0.009678757,0.004531779,0.002719919,0.003058391,0.004884387
E1_T3,0.003576717,0.003043438,0.003989982,0.008892054,0.00929247,0.0025541,0.001996759,NA,0.011528866,0.004904455,0.002721382,0.005605726,0.002824308,0.003653513,0.010746587,0.003131005,0.003532073,0.004139338,0.002474065,0.00394308,0.002382546,0.003235117,0.003533727,0.004265315,0.00466832,0.002248678,0.002805855,0.003322861,0.004192125,0.006613407,0.003195663,0.002666003,0.004294322,0.003728041,0.003826921,0.003880745,0.004186367,0.003220981,0.010800652,0.007976599,0.003443709,0.005531704,0.003912978,0.014170962,0.003810022,0.003084725,0.002014428,0.003506204,0.010368501,0.004855699,0.00215881,0.004565823,0.004188828,0.009241534,0.002596434,0.004155662,0.003507434,0.009431241,0.008128059,0.003316345,0.004493982,0.002865332,0.009798349,0.008751948,0.003058261,0.002804215,0.002857663,0.008115419,0.011333838,0.002636507,0.003745799,0.003748255,0.012113043,0.027757064,0.002125004,0.003717904,0.002680607,0.013328216,0.059333737,0.002248761,0.003330909,0.003703524,0.019849545,0.022433368,0.002512906,0.002799673,0.014055678,0.014925315,0.003113991,0.004089989,0.008382125,0.010684283,0.006145003,0.003284907,0.00404418,0.005948183
E1_T4,0.010985692,0.011632182,0.010526794,0.016878674,0.014025175,0.010058549,0.01095175,0.011528866,NA,0.012013345,0.010507935,0.0097026,0.009381129,0.009055996,0.019831249,0.01110234,0.010819446,0.012422271,0.010149296,0.011632277,0.010498883,0.011038638,0.012228514,0.010549785,0.013164011,0.01176542,0.010404778,0.011804157,0.009821252,0.012473767,0.011554528,0.010570666,0.011398687,0.010370257,0.011452756,0.010421709,0.009598177,0.01153797,0.015106797,0.01338094,0.01125541,0.011676241,0.010109383,0.017719832,0.010831323,0.010666132,0.010978881,0.012077181,0.015955264,0.012805908,0.010664328,0.011286749,0.009853928,0.01712845,0.010952067,0.01118371,0.010799391,0.015259854,0.013959205,0.010950814,0.011668051,0.009759716,0.016017456,0.014037947,0.010481686,0.013044869,0.010850113,0.01447457,0.018158501,0.012214954,0.011688467,0.011411709,0.018357285,0.035124626,0.01188272,0.013107299,0.011159084,0.016746467,0.063271279,0.009731761,0.01012176,0.011994559,0.030061099,0.031287653,0.01260995,0.012125738,0.019581689,0.024813065,0.0103069,0.012240828,0.012737626,0.016785737,0.014352375,0.011621277,0.011689285,0.012046316
E1_T5,0.004865166,0.004413167,0.004594805,0.010580872,0.010979206,0.004217846,0.003671981,0.004904455,0.012013345,NA,0.005404752,0.006714783,0.003411111,0.004196936,0.011770606,0.004936072,0.005220376,0.005802225,0.004126283,0.005243552,0.005370398,0.005898308,0.004953053,0.005036992,0.006129368,0.004713816,0.004556571,0.004532765,0.003779237,0.007799638,0.004689075,0.004238422,0.004753235,0.004547796,0.005173408,0.005761802,0.00503866,0.003630805,0.012436006,0.008762961,0.0048864,0.006288526,0.005292959,0.013395517,0.005154769,0.004804279,0.0045759,0.005187906,0.011198155,0.006018215,0.003945758,0.004139409,0.005118956,0.009546307,0.003864803,0.004517283,0.004235874,0.010851933,0.008496471,0.004328957,0.005198314,0.004455343,0.011241309,0.009498189,0.004281876,0.005307502,0.003664078,0.008917634,0.010483011,0.004772093,0.005108359,0.004763965,0.01458707,0.029357739,0.004884887,0.005330181,0.003761021,0.013771718,0.055770741,0.003616165,0.004849806,0.004439327,0.023460517,0.023676089,0.004820514,0.003957245,0.015785374,0.015256899,0.003827616,0.005576094,0.008268088,0.010659951,0.005743163,0.004563859,0.005218715,0.005761326
E2_T1,0.00328593,0.003553246,0.004378828,0.008366716,0.009138294,0.002728285,0.002550939,0.002721382,0.010507935,0.005404752,NA,0.006195408,0.003120016,0.003919756,0.010814981,0.002854395,0.002824469,0.004028023,0.003013302,0.003853014,0.003141765,0.003246482,0.003976149,0.004416165,0.004936657,0.003703085,0.003102816,0.00389208,0.004355088,0.006443255,0.00276735,0.003037285,0.005567149,0.004454697,0.005378279,0.003337219,0.003796524,0.003668719,0.011409063,0.007373235,0.002504974,0.005850538,0.004536,0.014691693,0.004871582,0.00303332,0.003235693,0.004377565,0.010905348,0.00515512,0.002142551,0.004724259,0.004346555,0.009837583,0.00225998,0.003420197,0.002995435,0.010659709,0.00718345,0.003118466,0.004534447,0.002519733,0.010181531,0.009142508,0.002497927,0.004147412,0.003094039,0.009884871,0.0089523,0.00321277,0.004104638,0.003693068,0.014051483,0.027866908,0.002730104,0.003162964,0.002780155,0.01405989,0.058014015,0.002399015,0.002475423,0.003402262,0.021495378,0.024186313,0.002654257,0.00294405,0.015444351,0.015148337,0.002329583,0.004122931,0.009460672,0.011540007,0.006224086,0.003725343,0.004621068,0.006322014
E2_T2,0.006204374,0.005665447,0.006145099,0.010606016,0.01037774,0.004585683,0.00426512,0.005605726,0.0097026,0.006714783,0.006195408,NA,0.005658691,0.004841364,0.013231379,0.005211593,0.005179948,0.005582203,0.004782854,0.005975003,0.005758164,0.007371359,0.005566626,0.007173466,0.007279561,0.004755162,0.005478246,0.005440572,0.004393942,0.007193008,0.005168502,0.004306487,0.005684712,0.004961029,0.005530993,0.00534651,0.003843638,0.004706323,0.011133868,0.009918443,0.005004561,0.004066515,0.004814088,0.01274329,0.00548654,0.00631709,0.005490533,0.006471945,0.010356981,0.007660929,0.004966131,0.0068039,0.006285527,0.007745036,0.005032021,0.005012945,0.005088606,0.010021935,0.010657796,0.005224326,0.005866172,0.004624549,0.009392919,0.010766112,0.005391755,0.006118456,0.004688343,0.008613379,0.01312024,0.00522964,0.006849117,0.006222288,0.013561998,0.029248707,0.005151969,0.006871743,0.005092845,0.0117094,0.060032742,0.004163888,0.00540338,0.005043694,0.022710173,0.023376751,0.006055712,0.005462272,0.010640607,0.019287699,0.004643482,0.008159444,0.008444298,0.011516473,0.006813326,0.005491266,0.005340636,0.005562973
E2_T3,0.002758124,0.002463211,0.002778069,0.008351615,0.008550851,0.002660166,0.002315932,0.002824308,0.009381129,0.003411111,0.003120016,0.005658691,NA,0.002092123,0.010731412,0.003639063,0.003698125,0.004193722,0.002353064,0.003943414,0.003083901,0.003479409,0.003979761,0.003633078,0.005066648,0.002735542,0.002424331,0.002509384,0.002332749,0.005509496,0.002846759,0.002520408,0.003512945,0.003834845,0.003698974,0.003146017,0.003372394,0.00270553,0.010994649,0.005862013,0.003599841,0.004257905,0.003328761,0.012167549,0.003083156,0.001995169,0.002318605,0.002897337,0.00916094,0.004445879,0.001941611,0.00297467,0.003162724,0.009430005,0.00267008,0.002625612,0.003316051,0.008892465,0.006901135,0.002543611,0.003621332,0.002845747,0.009748671,0.007584148,0.00229505,0.003534624,0.002412987,0.007187509,0.009260967,0.002872107,0.003284928,0.003223416,0.012144789,0.028006647,0.003118645,0.003607761,0.002342896,0.01323557,0.055649291,0.002042854,0.002855752,0.003136573,0.021785925,0.022645441,0.003669469,0.002717422,0.01386912,0.015709582,0.002405619,0.003377771,0.00699862,0.0092122,0.005494182,0.003256893,0.00418257,0.00528152
E2_T4,0.004833063,0.003643033,0.003425905,0.009049511,0.009755425,0.002669489,0.003317012,0.003653513,0.009055996,0.004196936,0.003919756,0.004841364,0.002092123,NA,0.00963233,0.004130741,0.004074676,0.004278785,0.002285401,0.004309441,0.003820967,0.004433227,0.004026536,0.004175846,0.005317607,0.004152506,0.003849489,0.003822987,0.00286263,0.004965471,0.003740121,0.00305926,0.003578307,0.003570448,0.004276858,0.00393562,0.003150749,0.003172172,0.009400372,0.007463301,0.004406313,0.004382053,0.003794473,0.013422174,0.003835015,0.003237685,0.003406053,0.004044248,0.008994906,0.005862921,0.003024842,0.003801744,0.003142004,0.008796603,0.00357784,0.003114086,0.003753495,0.009323668,0.007695028,0.003681507,0.004598113,0.003106555,0.009829436,0.007518776,0.003394694,0.0051166,0.00249402,0.007647635,0.010305497,0.004209317,0.004247072,0.002938259,0.012112003,0.028775222,0.004310492,0.005390741,0.003275221,0.013219827,0.055551661,0.002436496,0.003633139,0.003363695,0.022096806,0.022233007,0.004648982,0.004018629,0.013524044,0.015849684,0.00322091,0.005240871,0.007191777,0.009426701,0.00617185,0.004007946,0.004219372,0.005119719
E2_T5,0.01166632,0.011050708,0.012128107,0.01510924,0.017046348,0.010600811,0.009257308,0.010746587,0.019831249,0.011770606,0.010814981,0.013231379,0.010731412,0.00963233,NA,0.011505741,0.010683569,0.013284803,0.011176156,0.010603965,0.013286677,0.012654939,0.011250856,0.012290353,0.012283962,0.011276986,0.010731347,0.011299834,0.010769048,0.011350431,0.010335243,0.010236806,0.013033586,0.011623384,0.011943296,0.011985832,0.011737986,0.009596626,0.018750944,0.014331864,0.010494292,0.01319415,0.012270178,0.023250936,0.011750135,0.011973839,0.010751518,0.010418495,0.015651762,0.011078103,0.009525509,0.011688817,0.011829547,0.01687575,0.009375693,0.010087382,0.010649901,0.018609376,0.016224826,0.009971114,0.011340351,0.009373214,0.016229455,0.017258975,0.010903213,0.011036623,0.00878488,0.015934374,0.015844309,0.011059135,0.011259235,0.01062306,0.020284986,0.037603778,0.010559102,0.011763647,0.010003559,0.021994444,0.063569706,0.010125519,0.010171833,0.009720083,0.029881558,0.033782295,0.010700803,0.009841504,0.023081245,0.020534426,0.009865924,0.012418289,0.017526229,0.019769011,0.012666445,0.011131859,0.012624729,0.014448862
E3_T1,0.004008368,0.002361236,0.003969655,0.008780438,0.009022822,0.001684592,0.00200115,0.003131005,0.01110234,0.004936072,0.002854395,0.005211593,0.003639063,0.004130741,0.011505741,NA,0.002148195,0.00315188,0.002124728,0.003069372,0.001924492,0.003367234,0.003101875,0.003723326,0.004550947,0.002634582,0.002373492,0.003869701,0.003680219,0.00621551,0.001932542,0.00206422,0.003561854,0.002635463,0.00379114,0.002276861,0.004469917,0.002972453,0.009356419,0.008455019,0.0019201,0.004453599,0.003791589,0.013551329,0.003364453,0.003495044,0.003170995,0.003939284,0.009291025,0.004729606,0.002167623,0.004541112,0.003437113,0.00716963,0.002530537,0.003965315,0.003195095,0.009504683,0.006169645,0.002458439,0.003508865,0.002697386,0.009032721,0.006928905,0.002381228,0.003011525,0.002139268,0.008223579,0.009413888,0.002004696,0.003629729,0.003183797,0.01249442,0.02666642,0.002384734,0.003877019,0.002304183,0.01163991,0.055693977,0.002013061,0.002546444,0.002350862,0.021607685,0.021152132,0.002779929,0.00224356,0.013823531,0.013231826,0.001869292,0.004041848,0.006948989,0.009172219,0.005620244,0.003920599,0.002946417,0.005273422
E3_T2,0.00385684,0.003072221,0.00435989,0.008859945,0.00861889,0.002692516,0.002378813,0.003532073,0.010819446,0.005220376,0.002824469,0.005179948,0.003698125,0.004074676,0.010683569,0.002148195,NA,0.003421486,0.002167723,0.003027124,0.003271562,0.00388097,0.003797483,0.004626,0.005103804,0.003531049,0.002830483,0.004161974,0.003585458,0.006111353,0.002704932,0.002556108,0.005247177,0.003940514,0.004714861,0.003025723,0.004351564,0.003733604,0.011265327,0.008025158,0.002707506,0.004854393,0.004118554,0.014384336,0.003986207,0.003082373,0.003532439,0.004009538,0.010011516,0.005182617,0.003000763,0.005062029,0.003772854,0.007931037,0.002928262,0.004448652,0.003807844,0.010728895,0.007858338,0.002786717,0.004778833,0.003207979,0.009703007,0.008098845,0.003379981,0.003438624,0.002679771,0.009241361,0.009639388,0.003013261,0.004379635,0.003917291,0.01336797,0.028026091,0.002847252,0.003975102,0.002683921,0.013329995,0.055442889,0.002896738,0.003399832,0.003654044,0.021622748,0.022896008,0.002809394,0.002562889,0.014887322,0.013377869,0.002252196,0.004870404,0.007895374,0.009886184,0.006192323,0.004353867,0.00416883,0.006111317
E3_T3,0.005526601,0.003484039,0.003301362,0.009047389,0.010201148,0.003293776,0.003564514,0.004139338,0.012422271,0.005802225,0.004028023,0.005582203,0.004193722,0.004278785,0.013284803,0.00315188,0.003421486,NA,0.002643315,0.003951069,0.004160975,0.005667741,0.004134229,0.005100798,0.006422313,0.003898745,0.003890794,0.004068424,0.003892133,0.005603269,0.003850135,0.003486573,0.004149123,0.004490189,0.005351189,0.00453065,0.003842156,0.003007303,0.010174044,0.009946904,0.004318033,0.003589554,0.004259706,0.012810876,0.004201603,0.00422634,0.004115978,0.004401998,0.009030092,0.006130732,0.003953855,0.00517238,0.00451962,0.006858521,0.00366072,0.004222386,0.004407419,0.010822695,0.008993287,0.004001471,0.00580888,0.004015691,0.010003188,0.009488205,0.003684888,0.004387084,0.003042256,0.009005678,0.011367682,0.003509276,0.005609795,0.003893834,0.014938382,0.029798364,0.004123259,0.005483938,0.002694258,0.014574255,0.058461751,0.002903495,0.004809217,0.003651048,0.021259698,0.021030949,0.004009727,0.003344672,0.015988637,0.015431723,0.003939269,0.00698071,0.00856389,0.010724805,0.006235766,0.004533461,0.00409259,0.005160547
E3_T4,0.003614945,0.002126621,0.003085769,0.008738854,0.008840261,0.002168125,0.001995946,0.002474065,0.010149296,0.004126283,0.003013302,0.004782854,0.002353064,0.002285401,0.011176156,0.002124728,0.002167723,0.002643315,NA,0.002287969,0.002417782,0.003397966,0.002908274,0.003374575,0.00419243,0.002799668,0.002254137,0.00317637,0.002608294,0.005016321,0.002479298,0.001985544,0.003211406,0.002679704,0.003377836,0.002500177,0.00338974,0.002364133,0.008757582,0.007418737,0.002519676,0.003616577,0.002804594,0.012289978,0.002711869,0.002696444,0.002429375,0.003377921,0.008749638,0.004705772,0.002402112,0.003784739,0.002747256,0.006850672,0.002364385,0.003821494,0.002713456,0.008764995,0.00662912,0.002438455,0.003711818,0.002803851,0.008683624,0.006490615,0.002307464,0.002918788,0.001830506,0.007308743,0.009759541,0.002702095,0.003561688,0.002782422,0.011623842,0.026652052,0.002595694,0.004008801,0.001854461,0.012007812,0.055166729,0.001796951,0.002786941,0.002689522,0.020306569,0.021796297,0.00286712,0.00251957,0.013087657,0.014066857,0.002197895,0.004693353,0.006599115,0.008749195,0.005622757,0.003555983,0.002987663,0.005114027
E3_T5,0.003986826,0.0028463,0.004293015,0.00911975,0.008824843,0.003371945,0.003167259,0.00394308,0.011632277,0.005243552,0.003853014,0.005975003,0.003943414,0.004309441,0.010603965,0.003069372,0.003027124,0.003951069,0.002287969,NA,0.004264165,0.004660229,0.004078495,0.004574062,0.005431373,0.004205712,0.003362363,0.004272522,0.004069757,0.005981629,0.003065088,0.00297876,0.005501308,0.003827426,0.00428819,0.002721214,0.005256466,0.003116376,0.010315434,0.007437638,0.003470972,0.004891015,0.00407267,0.013295734,0.003594121,0.004477535,0.003555503,0.003850644,0.009101374,0.004796923,0.002707566,0.00528836,0.00427735,0.007417388,0.003407986,0.004631837,0.003236392,0.009205262,0.006833713,0.003109244,0.003744994,0.003797505,0.008495866,0.007403829,0.003195922,0.00377454,0.002308811,0.00794108,0.009171233,0.003414679,0.00391466,0.003890282,0.01104432,0.027010118,0.003500451,0.004169538,0.002633204,0.012627042,0.054702835,0.00313625,0.002961032,0.003351559,0.021393862,0.021941135,0.003461883,0.003269345,0.013149392,0.0129829,0.002971529,0.004918441,0.008110919,0.00954424,0.006147655,0.005023293,0.003606638,0.005737915
E4_T1,0.003819007,0.002726826,0.003793756,0.010024122,0.010358684,0.002179778,0.002440397,0.002382546,0.010498883,0.005370398,0.003141765,0.005758164,0.003083901,0.003820967,0.013286677,0.001924492,0.003271562,0.004160975,0.002417782,0.004264165,NA,0.00232159,0.003044657,0.003197776,0.004381733,0.002088119,0.002246893,0.003808702,0.004272898,0.006871535,0.002408172,0.002725212,0.003191827,0.003101161,0.00377726,0.002965736,0.00472222,0.003369521,0.009381251,0.008787946,0.002705577,0.004931438,0.003615574,0.014183035,0.003840459,0.002923248,0.002887346,0.00459264,0.010636381,0.005708309,0.002486179,0.004429432,0.002979208,0.00786311,0.00267148,0.004266077,0.003542068,0.009075753,0.007286845,0.00281052,0.004043231,0.003657421,0.010274217,0.007208932,0.002546322,0.002380355,0.00283573,0.007705092,0.010882915,0.002193977,0.00399284,0.003096233,0.01142931,0.026495946,0.002462996,0.003853297,0.003068918,0.011785952,0.059196744,0.002108169,0.002801172,0.002946913,0.019628848,0.020738297,0.002295617,0.002427159,0.012408181,0.015185775,0.002531203,0.003833836,0.006967003,0.009325791,0.006010324,0.003344156,0.003303178,0.005121345
E4_T2,0.004036053,0.003785045,0.004779613,0.01122004,0.010751483,0.003446468,0.003302678,0.003235117,0.011038638,0.005898308,0.003246482,0.007371359,0.003479409,0.004433227,0.012654939,0.003367234,0.00388097,0.005667741,0.003397966,0.004660229,0.00232159,NA,0.003308355,0.002325807,0.004598134,0.003479041,0.003207384,0.004078315,0.004838545,0.008028932,0.00314572,0.003338482,0.00456885,0.004000882,0.004780063,0.003905706,0.004899908,0.004604841,0.011558009,0.008166973,0.003082082,0.006774744,0.005086758,0.015424404,0.004657611,0.003427737,0.003567047,0.005115887,0.011577086,0.006535573,0.002971373,0.004047746,0.003554422,0.010664284,0.003166097,0.004699583,0.003490363,0.009842338,0.007294875,0.003185456,0.004622006,0.004340157,0.01104092,0.008127936,0.003164188,0.003738521,0.00367209,0.009301813,0.010583512,0.003835218,0.003642326,0.00371059,0.012023817,0.027348627,0.003550879,0.003846139,0.003380943,0.012960521,0.059278987,0.00313677,0.003010094,0.004003937,0.022295017,0.023065892,0.003425298,0.003969437,0.013701324,0.014930878,0.002952969,0.003702572,0.008302533,0.01067831,0.007208266,0.004294427,0.00443787,0.007033718
E4_T3,0.003380685,0.003329999,0.0038223,0.010724748,0.009600714,0.002955929,0.002403777,0.003533727,0.012228514,0.004953053,0.003976149,0.005566626,0.003979761,0.004026536,0.011250856,0.003101875,0.003797483,0.004134229,0.002908274,0.004078495,0.003044657,0.003308355,NA,0.003536776,0.004813974,0.003110388,0.003074832,0.002579527,0.003803313,0.007594183,0.002902522,0.00314206,0.004163693,0.00361387,0.00365355,0.00387526,0.004115652,0.002579585,0.012369252,0.008891072,0.002866176,0.004969881,0.004463435,0.013228606,0.004162286,0.004540135,0.002820625,0.004363966,0.010161038,0.005548035,0.002491796,0.003740626,0.004429793,0.007939431,0.002537051,0.003967214,0.002166764,0.009266583,0.007930395,0.002868932,0.003932355,0.003046483,0.009370357,0.008590758,0.002854853,0.003667131,0.002186089,0.007671355,0.009944077,0.002960236,0.003997872,0.002887945,0.011157878,0.027503985,0.002726862,0.003826727,0.002604593,0.0123897,0.056545346,0.002203651,0.003414074,0.00269194,0.02256568,0.022392996,0.003564127,0.003050859,0.013962647,0.014110927,0.002561456,0.004784382,0.008174286,0.010318553,0.005200502,0.003417063,0.003490425,0.005447603
E4_T4,0.004409711,0.003302023,0.003597336,0.011575446,0.010220192,0.003303722,0.003734592,0.004265315,0.010549785,0.005036992,0.004416165,0.007173466,0.003633078,0.004175846,0.012290353,0.003723326,0.004626,0.005100798,0.003374575,0.004574062,0.003197776,0.002325807,0.003536776,NA,0.005544134,0.004127959,0.003019718,0.004262258,0.004194502,0.007647259,0.002714888,0.003267752,0.004438883,0.003248338,0.004800195,0.004273522,0.005181544,0.004022859,0.01120341,0.007389649,0.003764305,0.005839042,0.004900788,0.014196057,0.003998183,0.004296542,0.004192353,0.005303611,0.010049849,0.005925476,0.00319402,0.00304453,0.003855352,0.010353649,0.003473555,0.004280889,0.003150065,0.010510742,0.006558023,0.002277279,0.004265616,0.004222452,0.011069626,0.00740694,0.003086742,0.003612969,0.00317647,0.009212285,0.00865618,0.004209695,0.004053952,0.003273135,0.01274091,0.028138187,0.004074719,0.00463207,0.002785044,0.011869719,0.057167943,0.003239276,0.003280685,0.003352625,0.022495276,0.023902582,0.003597642,0.00355468,0.015032257,0.013378629,0.002881541,0.00358183,0.007741866,0.009717242,0.006660629,0.003971545,0.004017188,0.006418443
E4_T5,0.005964749,0.004836615,0.005624522,0.011025253,0.012893237,0.004388367,0.003948326,0.00466832,0.013164011,0.006129368,0.004936657,0.007279561,0.005066648,0.005317607,0.012283962,0.004550947,0.005103804,0.006422313,0.00419243,0.005431373,0.004381733,0.004598134,0.004813974,0.005544134,NA,0.003855846,0.004623094,0.004430647,0.005071676,0.007731919,0.004402032,0.004080388,0.006170957,0.005256308,0.005343369,0.005369741,0.006158795,0.004573152,0.011997278,0.009323976,0.004500024,0.006875778,0.006183753,0.017423971,0.005722725,0.004755677,0.004174915,0.005407381,0.012162527,0.00665887,0.004185806,0.005622371,0.005706327,0.009462921,0.004100368,0.006401058,0.003992793,0.011825836,0.009526293,0.003946309,0.005885804,0.005190219,0.012025652,0.010276729,0.004720502,0.004482333,0.004093596,0.01020701,0.011373016,0.004600942,0.005701508,0.005593867,0.0145223,0.028156445,0.00435394,0.00544064,0.004479231,0.01465499,0.062118807,0.003930635,0.004616851,0.005211888,0.023259579,0.024944472,0.004144956,0.004649371,0.01472575,0.015899812,0.004234296,0.006006689,0.009286939,0.012900202,0.00708525,0.004942169,0.006489197,0.007800922
E5_T1,0.003823515,0.002780663,0.003845669,0.009932068,0.009948112,0.002390942,0.002149608,0.002248678,0.01176542,0.004713816,0.003703085,0.004755162,0.002735542,0.004152506,0.011276986,0.002634582,0.003531049,0.003898745,0.002799668,0.004205712,0.002088119,0.003479041,0.003110388,0.004127959,0.003855846,NA,0.002557573,0.002524622,0.003005571,0.006067054,0.002707527,0.002689254,0.004233717,0.004279087,0.003932998,0.003322017,0.003739346,0.002473331,0.010621496,0.007993097,0.002962512,0.004524384,0.00378375,0.013309055,0.00370138,0.002439168,0.001618432,0.003307182,0.009593524,0.005319503,0.001974729,0.004034738,0.004299786,0.007609347,0.002395136,0.004017316,0.00332441,0.009755111,0.008505162,0.002558277,0.00411489,0.003413904,0.00929551,0.009080608,0.002837331,0.002643568,0.002602605,0.007860588,0.011396661,0.002357456,0.003888248,0.003976471,0.012159604,0.028401215,0.002013486,0.004026254,0.002520795,0.01304108,0.058748629,0.00168469,0.003334823,0.003727445,0.021703721,0.02179997,0.002390718,0.002377633,0.013301605,0.01595449,0.002757601,0.004202802,0.007599357,0.010294972,0.00525316,0.002750358,0.004591008,0.005481313
E5_T2,0.002699264,0.001800566,0.003507453,0.00859905,0.008425364,0.002806183,0.001678448,0.002805855,0.010404778,0.004556571,0.003102816,0.005478246,0.002424331,0.003849489,0.010731347,0.002373492,0.002830483,0.003890794,0.002254137,0.003362363,0.002246893,0.003207384,0.003074832,0.003019718,0.004623094,0.002557573,NA,0.00264718,0.003252499,0.005359796,0.002000071,0.002054327,0.003574981,0.002723582,0.003155477,0.002315875,0.004101688,0.002602047,0.010484345,0.006179966,0.002272974,0.003876573,0.003545971,0.013027073,0.002712736,0.002504449,0.001880693,0.003136449,0.009053654,0.003587997,0.001773471,0.003006822,0.002843798,0.008702319,0.002144098,0.003026755,0.00258708,0.008790614,0.006244219,0.00191162,0.002531478,0.002746263,0.009106853,0.006528735,0.002143857,0.002206329,0.001874002,0.007645931,0.007899548,0.001854412,0.002535202,0.002629075,0.010125683,0.027411059,0.002323411,0.002544639,0.0018811,0.011329555,0.057452942,0.002519103,0.002169982,0.002380333,0.021262381,0.02160256,0.002725786,0.001940955,0.013613557,0.013453168,0.002385388,0.002582161,0.007517487,0.0083611,0.005836275,0.003043312,0.003275556,0.005198411
E5_T3,0.003325664,0.002747033,0.003296745,0.009487861,0.010075137,0.0030168,0.002482814,0.003322861,0.011804157,0.004532765,0.00389208,0.005440572,0.002509384,0.003822987,0.011299834,0.003869701,0.004161974,0.004068424,0.00317637,0.004272522,0.003808702,0.004078315,0.002579527,0.004262258,0.004430647,0.002524622,0.00264718,NA,0.002505212,0.005768039,0.002966709,0.003107329,0.004286028,0.004110235,0.003996594,0.003776821,0.003091015,0.002493578,0.010954043,0.007859716,0.003495503,0.003819965,0.004233767,0.013271662,0.003770779,0.002992617,0.002142189,0.003133192,0.009864544,0.004862548,0.0025054,0.003619601,0.004426635,0.007745333,0.002683987,0.003357782,0.002775102,0.00906693,0.009089678,0.002900842,0.004516906,0.003570926,0.009484048,0.009127471,0.003034074,0.003467528,0.002240839,0.007222533,0.009979216,0.002924464,0.004393433,0.003748922,0.012650292,0.027649299,0.002943299,0.003867605,0.002536751,0.014194496,0.056916454,0.00235082,0.00341706,0.003484562,0.021980143,0.022763687,0.003595498,0.003231319,0.013819434,0.015631263,0.003086507,0.005051808,0.008138073,0.010708949,0.005440832,0.003629272,0.004254933,0.005616788
E5_T4,0.004299859,0.003104502,0.003469723,0.009410673,0.008845141,0.002740062,0.003165254,0.004192125,0.009821252,0.003779237,0.004355088,0.004393942,0.002332749,0.00286263,0.010769048,0.003680219,0.003585458,0.003892133,0.002608294,0.004069757,0.004272898,0.004838545,0.003803313,0.004194502,0.005071676,0.003005571,0.003252499,0.002505212,NA,0.004764778,0.00321753,0.002464533,0.003999491,0.003682543,0.004025263,0.003364012,0.003027916,0.002750553,0.01022415,0.007043255,0.0032135,0.003652304,0.003485822,0.011528358,0.003210176,0.003250349,0.003339148,0.003537168,0.008691307,0.005111922,0.002746366,0.003450064,0.003937924,0.008523374,0.003240886,0.003464347,0.003123203,0.010039936,0.007696371,0.00273306,0.004173221,0.003158779,0.009385054,0.007820167,0.002980507,0.004135244,0.002795798,0.007734523,0.010068572,0.003599911,0.004355564,0.003755785,0.012473679,0.02736921,0.003710042,0.004299685,0.002698748,0.013346266,0.05353794,0.002520004,0.003070234,0.003510322,0.02281106,0.022476503,0.004242352,0.00336299,0.013946751,0.01597118,0.002176276,0.004723091,0.007136796,0.009219242,0.005884363,0.003421229,0.004657112,0.005230097
E5_T5,0.00847913,0.005119487,0.006510808,0.009094131,0.011725882,0.005438936,0.005830413,0.006613407,0.012473767,0.007799638,0.006443255,0.007193008,0.005509496,0.004965471,0.011350431,0.00621551,0.006111353,0.005603269,0.005016321,0.005981629,0.006871535,0.008028932,0.007594183,0.007647259,0.007731919,0.006067054,0.005359796,0.005768039,0.004764778,NA,0.006610384,0.005528876,0.007004148,0.006666008,0.007406754,0.006553624,0.005802548,0.005284339,0.011713308,0.010397518,0.006614107,0.005917737,0.005737487,0.017225836,0.005467538,0.005441758,0.005901397,0.004721156,0.009661567,0.006558209,0.006496726,0.007971727,0.006616811,0.010646052,0.005741811,0.006033655,0.007180975,0.013480991,0.011779206,0.00591784,0.007556903,0.006293957,0.01280047,0.011146709,0.006372064,0.007491462,0.004885586,0.011454038,0.012443204,0.006106413,0.007908885,0.006752518,0.016660874,0.033621556,0.007173852,0.008795394,0.005821369,0.017130711,0.061118795,0.005673343,0.006480489,0.006017515,0.025693614,0.025714966,0.007359293,0.006443392,0.016303265,0.020012385,0.006238459,0.008742705,0.01069003,0.013704519,0.009192014,0.00757841,0.007550132,0.008662641
E6_T1,0.003279519,0.002133675,0.003428926,0.00904238,0.009985347,0.002029384,0.001712059,0.003195663,0.011554528,0.004689075,0.00276735,0.005168502,0.002846759,0.003740121,0.010335243,0.001932542,0.002704932,0.003850135,0.002479298,0.003065088,0.002408172,0.00314572,0.002902522,0.002714888,0.004402032,0.002707527,0.002000071,0.002966709,0.00321753,0.006610384,NA,0.001951916,0.003925625,0.002659658,0.00361572,0.002491031,0.004189589,0.00289692,0.010860102,0.006559815,0.002084258,0.00419332,0.004243929,0.013505757,0.003539184,0.002954765,0.003087075,0.004103101,0.009554493,0.004423575,0.00144881,0.00293174,0.003509197,0.008291507,0.001570758,0.002930331,0.002325027,0.009526429,0.006528706,0.001330485,0.002967318,0.002805221,0.009952852,0.007512363,0.001445548,0.002135591,0.001833328,0.008755939,0.007425426,0.00156542,0.003139717,0.00284724,0.012609316,0.027162813,0.002292184,0.00273585,0.001548065,0.012535165,0.055650479,0.001950104,0.001876838,0.002148064,0.020460915,0.021771107,0.00204138,0.001679186,0.013886594,0.012121863,0.00131519,0.00298693,0.007546315,0.009390625,0.004900012,0.002393198,0.003232915,0.005451549
E6_T2,0.003408362,0.002216748,0.003540328,0.008574187,0.008855791,0.002374549,0.001896016,0.002666003,0.010570666,0.004238422,0.003037285,0.004306487,0.002520408,0.00305926,0.010236806,0.00206422,0.002556108,0.003486573,0.001985544,0.00297876,0.002725212,0.003338482,0.00314206,0.003267752,0.004080388,0.002689254,0.002054327,0.003107329,0.002464533,0.005528876,0.001951916,NA,0.002665135,0.001884557,0.002635593,0.002360277,0.00354797,0.002979961,0.010056908,0.006424326,0.002011725,0.003792107,0.00363443,0.0122026,0.002707148,0.003014698,0.002851704,0.003844467,0.008317569,0.0037905,0.002001456,0.003280026,0.003033035,0.007589123,0.002335867,0.002979193,0.002528589,0.008769961,0.006385335,0.001758226,0.002636585,0.002470303,0.008906689,0.00672908,0.002174426,0.002421302,0.002068051,0.007396649,0.009045539,0.002236977,0.003022988,0.002708666,0.01030345,0.026857718,0.00237898,0.003062504,0.00191031,0.011166784,0.057020887,0.002095464,0.002142688,0.002597858,0.020899819,0.020332143,0.002396449,0.002097356,0.01242408,0.012230119,0.002019042,0.003508607,0.007466454,0.008578458,0.005364064,0.003283612,0.003294162,0.005137064
E6_T3,0.005792018,0.003746759,0.004205609,0.01124142,0.011572042,0.003835415,0.003718606,0.004294322,0.011398687,0.004753235,0.005567149,0.005684712,0.003512945,0.003578307,0.013033586,0.003561854,0.005247177,0.004149123,0.003211406,0.005501308,0.003191827,0.00456885,0.004163693,0.004438883,0.006170957,0.004233717,0.003574981,0.004286028,0.003999491,0.007004148,0.003925625,0.002665135,NA,0.002491685,0.003634462,0.004284187,0.004255576,0.003686524,0.009235104,0.009391259,0.004124426,0.004181999,0.004188669,0.01261794,0.004312043,0.004333219,0.004468003,0.005318166,0.009188451,0.006364852,0.00412693,0.004465263,0.002910042,0.007846952,0.004032005,0.004318531,0.004537458,0.008974945,0.00832751,0.004321256,0.004787672,0.004282619,0.010376315,0.007303834,0.004336736,0.004152866,0.003385738,0.007511408,0.011606412,0.004350552,0.005403112,0.00379938,0.012177327,0.028914391,0.004902745,0.005529798,0.003939963,0.011202291,0.058375276,0.003404408,0.004529681,0.00372228,0.020839716,0.02017021,0.005072663,0.004221393,0.012719396,0.015484074,0.00395832,0.005943018,0.006965281,0.009121606,0.007167457,0.004477768,0.003161242,0.004835171
E6_T4,0.004251018,0.002729277,0.003805436,0.010000055,0.009652633,0.00317048,0.002726567,0.003728041,0.010370257,0.004547796,0.004454697,0.004961029,0.003834845,0.003570448,0.011623384,0.002635463,0.003940514,0.004490189,0.002679704,0.003827426,0.003101161,0.004000882,0.00361387,0.003248338,0.005256308,0.004279087,0.002723582,0.004110235,0.003682543,0.006666008,0.002659658,0.001884557,0.002491685,NA,0.003290314,0.003161388,0.004603818,0.003264148,0.009523119,0.007381206,0.003134418,0.004573568,0.00359878,0.012181767,0.003384769,0.004897956,0.003873478,0.005144858,0.009288919,0.004869506,0.003037055,0.003552915,0.002852092,0.007738518,0.002987022,0.003858397,0.002822698,0.008344426,0.005863603,0.002861498,0.003038405,0.002877508,0.008730671,0.00628047,0.003213161,0.003478956,0.00276278,0.007301693,0.008779572,0.003278569,0.003617471,0.003007127,0.010555161,0.025210258,0.003764983,0.003672471,0.002672528,0.009529619,0.057493531,0.003089312,0.003131556,0.003002511,0.019964795,0.020106082,0.003693492,0.003205891,0.01155185,0.012795269,0.002627389,0.00376302,0.006824935,0.008378615,0.006190402,0.003763119,0.002441631,0.004982153
E6_T5,0.004050563,0.003507294,0.004372355,0.009811495,0.009827678,0.003920869,0.003053264,0.003826921,0.011452756,0.005173408,0.005378279,0.005530993,0.003698974,0.004276858,0.011943296,0.00379114,0.004714861,0.005351189,0.003377836,0.00428819,0.00377726,0.004780063,0.00365355,0.004800195,0.005343369,0.003932998,0.003155477,0.003996594,0.004025263,0.007406754,0.00361572,0.002635593,0.003634462,0.003290314,NA,0.00411057,0.005157813,0.003577057,0.011859375,0.007856791,0.003536704,0.005158288,0.004469851,0.012546829,0.003293707,0.004417648,0.003795049,0.005034381,0.009870246,0.004867467,0.002865769,0.005028172,0.003879177,0.008446327,0.003758485,0.004265387,0.003572206,0.008093253,0.008311061,0.003664958,0.003989157,0.003940269,0.009472661,0.007007605,0.003519223,0.003541963,0.003374068,0.0065662,0.011045946,0.003743986,0.0040093,0.003680565,0.009706647,0.024870265,0.003570961,0.004318077,0.003320507,0.012046894,0.057816635,0.00347929,0.003824981,0.003888864,0.021974313,0.022361411,0.004024729,0.003561187,0.011518709,0.014501472,0.003634152,0.004643337,0.008174766,0.008692701,0.006040994,0.004375026,0.003846366,0.005576172
E7_T1,0.002365908,0.002085561,0.00379349,0.009291232,0.007842949,0.003058453,0.002918489,0.003880745,0.010421709,0.005761802,0.003337219,0.00534651,0.003146017,0.00393562,0.011985832,0.002276861,0.003025723,0.00453065,0.002500177,0.002721214,0.002965736,0.003905706,0.00387526,0.004273522,0.005369741,0.003322017,0.002315875,0.003776821,0.003364012,0.006553624,0.002491031,0.002360277,0.004284187,0.003161388,0.00411057,NA,0.004074573,0.003382685,0.009761587,0.005884194,0.002407105,0.004121155,0.003035249,0.011705721,0.002987791,0.003563901,0.003445645,0.00397454,0.007972086,0.00481964,0.002130224,0.004061216,0.00300514,0.008578234,0.003442762,0.003540655,0.003260423,0.007981873,0.004812587,0.002353857,0.002540153,0.003077557,0.007607683,0.005941701,0.002489045,0.003228207,0.002595354,0.007364227,0.007831642,0.002900218,0.002914497,0.002991616,0.008810904,0.026649359,0.00318691,0.002543874,0.00268453,0.010327845,0.055924877,0.002642117,0.001564547,0.002718177,0.022693104,0.020332939,0.00321241,0.002951333,0.012413318,0.01361223,0.002440702,0.002864999,0.007394845,0.008060102,0.007088505,0.004185584,0.003438077,0.005338759
E7_T2,0.004902569,0.004287694,0.003673962,0.009894223,0.00921608,0.003017045,0.003770032,0.004186367,0.009598177,0.00503866,0.003796524,0.003843638,0.003372394,0.003150749,0.011737986,0.004469917,0.004351564,0.003842156,0.00338974,0.005256466,0.00472222,0.004899908,0.004115652,0.005181544,0.006158795,0.003739346,0.004101688,0.003091015,0.003027916,0.005802548,0.004189589,0.00354797,0.004255576,0.004603818,0.005157813,0.004074573,NA,0.00308113,0.00979967,0.008260875,0.004129983,0.003741246,0.003902799,0.012174128,0.004393133,0.003648853,0.003876676,0.004566428,0.009220384,0.006237288,0.003870251,0.004811432,0.003927338,0.007920984,0.003662628,0.002932377,0.004071387,0.009213715,0.009076684,0.004400003,0.005383159,0.00327365,0.009271297,0.009820898,0.003782131,0.005492746,0.003059295,0.007602384,0.011645298,0.004761967,0.005741046,0.004029338,0.013068527,0.029150476,0.004298377,0.005427321,0.003510662,0.013451295,0.056109887,0.002677487,0.004087695,0.004286458,0.022885492,0.021701623,0.005432064,0.004585684,0.013492956,0.018425041,0.004161502,0.006617184,0.008199019,0.010948574,0.006567516,0.004519648,0.004572927,0.004851224
E7_T3,0.003128146,0.002496198,0.002603836,0.008742418,0.008425579,0.002413969,0.001949545,0.003220981,0.01153797,0.003630805,0.003668719,0.004706323,0.00270553,0.003172172,0.009596626,0.002972453,0.003733604,0.003007303,0.002364133,0.003116376,0.003369521,0.004604841,0.002579585,0.004022859,0.004573152,0.002473331,0.002602047,0.002493578,0.002750553,0.005284339,0.00289692,0.002979961,0.003686524,0.003264148,0.003577057,0.003382685,0.00308113,NA,0.010534059,0.007380607,0.003114367,0.003327208,0.002977105,0.012055978,0.0036685,0.003417445,0.002493432,0.003172065,0.009035029,0.004210171,0.00193661,0.003336939,0.00401047,0.006487331,0.002117203,0.003122427,0.002295905,0.008720436,0.007383544,0.002328349,0.003544873,0.00247304,0.007885304,0.008104036,0.002479041,0.003443697,0.001531762,0.006706413,0.009354945,0.002690787,0.003748856,0.002839311,0.011561308,0.026414154,0.00253458,0.003653377,0.001778046,0.012259721,0.05536782,0.001722427,0.0030962,0.002149228,0.021419607,0.021666115,0.002921848,0.002211375,0.01323629,0.015137806,0.002480886,0.004589256,0.007300325,0.009531308,0.004343412,0.003054555,0.003002514,0.004257408
E7_T4,0.012999295,0.009603205,0.00994808,0.018041659,0.017750822,0.009189513,0.010722195,0.010800652,0.015106797,0.012436006,0.011409063,0.011133868,0.010994649,0.009400372,0.018750944,0.009356419,0.011265327,0.010174044,0.008757582,0.010315434,0.009381251,0.011558009,0.012369252,0.01120341,0.011997278,0.010621496,0.010484345,0.010954043,0.01022415,0.011713308,0.010860102,0.010056908,0.009235104,0.009523119,0.011859375,0.009761587,0.00979967,0.010534059,NA,0.016506936,0.01132817,0.01050349,0.009764297,0.019033015,0.011312149,0.010455795,0.011058155,0.011624803,0.015421713,0.013482154,0.011454283,0.013364469,0.008885326,0.012722059,0.011408288,0.012487853,0.012051951,0.014828007,0.015049245,0.01180547,0.012283673,0.011080149,0.015136532,0.013040162,0.01097348,0.011326142,0.009762249,0.013375955,0.019196215,0.010915178,0.012817133,0.011109587,0.019726973,0.038097499,0.01198134,0.013385295,0.011583773,0.018308247,0.067357117,0.010064531,0.010724221,0.010567702,0.029752177,0.025060553,0.01184413,0.011523473,0.018084555,0.022118266,0.010269927,0.013970113,0.013605965,0.01719839,0.015539178,0.012603485,0.009948007,0.012257465
E7_T5,0.00620832,0.006754081,0.007734021,0.012921307,0.011388321,0.008147094,0.007111449,0.007976599,0.01338094,0.008762961,0.007373235,0.009918443,0.005862013,0.007463301,0.014331864,0.008455019,0.008025158,0.009946904,0.007418737,0.007437638,0.008787946,0.008166973,0.008891072,0.007389649,0.009323976,0.007993097,0.006179966,0.007859716,0.007043255,0.010397518,0.006559815,0.006424326,0.009391259,0.007381206,0.007856791,0.005884194,0.008260875,0.007380607,0.016506936,NA,0.008094731,0.008968662,0.007259947,0.015587772,0.006685141,0.007530207,0.006496602,0.007941465,0.014196179,0.007664433,0.006095907,0.007251492,0.00849482,0.015542322,0.007323849,0.007009073,0.006350066,0.013765299,0.008769971,0.005993222,0.006244626,0.006359034,0.012960687,0.01009839,0.005756405,0.007959944,0.006922464,0.011980851,0.010437652,0.007673066,0.006231857,0.007537002,0.013225738,0.031252123,0.00774162,0.006324144,0.006163528,0.01627817,0.059007849,0.007205387,0.005677694,0.007841784,0.027509731,0.02802711,0.0081807,0.006820005,0.018805929,0.018393606,0.006873346,0.005317669,0.012215336,0.012642622,0.010309766,0.007774025,0.008834241,0.010489476
E8_T1,0.003328628,0.002808967,0.004329772,0.008810688,0.009358255,0.002284806,0.001930576,0.003443709,0.01125541,0.0048864,0.002504974,0.005004561,0.003599841,0.004406313,0.010494292,0.0019201,0.002707506,0.004318033,0.002519676,0.003470972,0.002705577,0.003082082,0.002866176,0.003764305,0.004500024,0.002962512,0.002272974,0.003495503,0.0032135,0.006614107,0.002084258,0.002011725,0.004124426,0.003134418,0.003536704,0.002407105,0.004129983,0.003114367,0.01132817,0.008094731,NA,0.004975925,0.003843424,0.01322536,0.003418465,0.003390335,0.003395466,0.003791641,0.009437277,0.004636014,0.002026346,0.00405274,0.003443728,0.0078438,0.001983166,0.003634523,0.002415973,0.009371032,0.006792727,0.00244396,0.003130208,0.002907942,0.009831952,0.008204523,0.002452979,0.002842908,0.002522731,0.008405946,0.008704218,0.00292535,0.003673616,0.003479216,0.011694089,0.026055776,0.002251435,0.003027182,0.002444569,0.011867987,0.056955984,0.002238428,0.001981746,0.002504152,0.021230864,0.023629599,0.002663185,0.002460919,0.013013741,0.013496818,0.001854055,0.003466232,0.008134848,0.009926293,0.005351188,0.003136464,0.004016989,0.005670625
E8_T2,0.005333505,0.003458626,0.004316502,0.01053045,0.010633462,0.004231643,0.004092009,0.005531704,0.011676241,0.006288526,0.005850538,0.004066515,0.004257905,0.004382053,0.01319415,0.004453599,0.004854393,0.003589554,0.003616577,0.004891015,0.004931438,0.006774744,0.004969881,0.005839042,0.006875778,0.004524384,0.003876573,0.003819965,0.003652304,0.005917737,0.00419332,0.003792107,0.004181999,0.004573568,0.005158288,0.004121155,0.003741246,0.003327208,0.01050349,0.008968662,0.004975925,NA,0.003507956,0.013393763,0.003908063,0.004532138,0.004542771,0.004540854,0.009336756,0.006997889,0.004379695,0.005589478,0.004997011,0.007622802,0.004789658,0.003902769,0.00502953,0.008682034,0.008912331,0.003558066,0.005715546,0.004500098,0.008933869,0.009123924,0.004571558,0.004527532,0.003495912,0.007852581,0.011181202,0.004266989,0.006508943,0.004902678,0.013066972,0.028899198,0.004975741,0.005675225,0.00402759,0.012242134,0.059696092,0.004025317,0.005153328,0.004160152,0.021154357,0.020588447,0.005017657,0.004252013,0.013217517,0.018096002,0.004527803,0.007429902,0.00825673,0.0096721,0.00781488,0.005303009,0.004067784,0.00469177
E8_T3,0.00397736,0.002797248,0.003236681,0.008820498,0.007108443,0.003142214,0.003413018,0.003912978,0.010109383,0.005292959,0.004536,0.004814088,0.003328761,0.003794473,0.012270178,0.003791589,0.004118554,0.004259706,0.002804594,0.00407267,0.003615574,0.005086758,0.004463435,0.004900788,0.006183753,0.00378375,0.003545971,0.004233767,0.003485822,0.005737487,0.004243929,0.00363443,0.004188669,0.00359878,0.004469851,0.003035249,0.003902799,0.002977105,0.009764297,0.007259947,0.003843424,0.003507956,NA,0.01190085,0.003154711,0.003816523,0.003109433,0.003640376,0.010090502,0.005434818,0.003733038,0.004778588,0.003812697,0.007947382,0.003731362,0.003918158,0.004057412,0.008496925,0.007178836,0.003651117,0.004541854,0.003111829,0.008099651,0.008025929,0.003768104,0.00456608,0.003171997,0.007450219,0.011001506,0.004416789,0.004848965,0.004142929,0.011416731,0.026196616,0.004089386,0.004760156,0.003230521,0.011702735,0.056054832,0.002788781,0.003673695,0.003760124,0.021843144,0.021441117,0.004278588,0.003734235,0.012654563,0.016520484,0.003504063,0.005145633,0.006869584,0.009107359,0.007241408,0.005076363,0.004052105,0.004989433
E8_T4,0.011857177,0.012424036,0.012420863,0.019735922,0.015943109,0.013284906,0.012390059,0.014170962,0.017719832,0.013395517,0.014691693,0.01274329,0.012167549,0.013422174,0.023250936,0.013551329,0.014384336,0.012810876,0.012289978,0.013295734,0.014183035,0.015424404,0.013228606,0.014196057,0.017423971,0.013309055,0.013027073,0.013271662,0.011528358,0.017225836,0.013505757,0.0122026,0.01261794,0.012181767,0.012546829,0.011705721,0.012174128,0.012055978,0.019033015,0.015587772,0.01322536,0.013393763,0.01190085,NA,0.011214897,0.014527087,0.013684796,0.014856418,0.016790825,0.013734,0.012281976,0.012400477,0.012893916,0.017566125,0.013748506,0.0119252,0.013036518,0.014606035,0.015661349,0.013094272,0.01202602,0.010981991,0.014214166,0.016523011,0.012155587,0.014462012,0.012557848,0.013624466,0.019427116,0.012984501,0.011889649,0.01253854,0.017809813,0.033557793,0.01299446,0.012118192,0.011802865,0.017322091,0.062282036,0.011318041,0.012782689,0.012874903,0.032940053,0.027763053,0.014278209,0.012852277,0.022120128,0.025308648,0.012436629,0.012964815,0.016636413,0.017386297,0.015658207,0.013963866,0.012469855,0.013289395
E8_T5,0.003645112,0.002498887,0.003863374,0.009251848,0.008254968,0.003642167,0.003161918,0.003810022,0.010831323,0.005154769,0.004871582,0.00548654,0.003083156,0.003835015,0.011750135,0.003364453,0.003986207,0.004201603,0.002711869,0.003594121,0.003840459,0.004657611,0.004162286,0.003998183,0.005722725,0.00370138,0.002712736,0.003770779,0.003210176,0.005467538,0.003539184,0.002707148,0.004312043,0.003384769,0.003293707,0.002987791,0.004393133,0.0036685,0.011312149,0.006685141,0.003418465,0.003908063,0.003154711,0.011214897,NA,0.004189094,0.00329195,0.003502106,0.008180941,0.003643348,0.003274833,0.004417386,0.003765444,0.008644762,0.003821149,0.003771317,0.003774266,0.008611186,0.007109851,0.003063738,0.003787458,0.00310908,0.008446568,0.006950875,0.003363059,0.003400312,0.002731783,0.006935287,0.00931481,0.003568594,0.003832033,0.003307497,0.010264228,0.02547976,0.003287319,0.004028068,0.002813727,0.012124605,0.055837696,0.003404314,0.003448521,0.003783602,0.022175899,0.021274511,0.00366368,0.003488769,0.012525639,0.014609491,0.003393204,0.004489287,0.007587182,0.008979395,0.007311644,0.004759469,0.003917085,0.005677332
E9_T1,0.003938478,0.002745398,0.00349672,0.00903794,0.009527438,0.00259296,0.002911444,0.003084725,0.010666132,0.004804279,0.00303332,0.00631709,0.001995169,0.003237685,0.011973839,0.003495044,0.003082373,0.00422634,0.002696444,0.004477535,0.002923248,0.003427737,0.004540135,0.004296542,0.004755677,0.002439168,0.002504449,0.002992617,0.003250349,0.005441758,0.002954765,0.003014698,0.004333219,0.004897956,0.004417648,0.003563901,0.003648853,0.003417445,0.010455795,0.007530207,0.003390335,0.004532138,0.003816523,0.014527087,0.004189094,NA,0.001796747,0.002385425,0.009523763,0.004502956,0.002868797,0.004462623,0.003999282,0.009227222,0.002881533,0.004514341,0.004295169,0.01039761,0.008843922,0.002856234,0.005224278,0.004383682,0.010838678,0.009044618,0.003187394,0.003117619,0.002952326,0.009213408,0.010930211,0.003050479,0.004586823,0.004432472,0.013777693,0.029405941,0.00339367,0.004620945,0.003163093,0.015331356,0.058173392,0.002504906,0.003538732,0.004219938,0.023602983,0.023098518,0.003301702,0.003076631,0.01440787,0.016708911,0.003245885,0.004751035,0.008117842,0.010517644,0.006321244,0.003925661,0.005119726,0.006476169
E9_T2,0.003032989,0.00239102,0.003436078,0.00887312,0.008681862,0.002543824,0.002062882,0.002014428,0.010978881,0.0045759,0.003235693,0.005490533,0.002318605,0.003406053,0.010751518,0.003170995,0.003532439,0.004115978,0.002429375,0.003555503,0.002887346,0.003567047,0.002820625,0.004192353,0.004174915,0.001618432,0.001880693,0.002142189,0.003339148,0.005901397,0.003087075,0.002851704,0.004468003,0.003873478,0.003795049,0.003445645,0.003876676,0.002493432,0.011058155,0.006496602,0.003395466,0.004542771,0.003109433,0.013684796,0.00329195,0.001796747,NA,0.002212373,0.010206457,0.004240964,0.002103505,0.003975909,0.004205753,0.008011257,0.002491435,0.004009168,0.002773147,0.009483913,0.007804744,0.00276875,0.004140485,0.003118541,0.008681555,0.008722789,0.002691769,0.003043054,0.002359282,0.007619792,0.010571234,0.00271816,0.003413952,0.003837445,0.011142764,0.027986441,0.002264859,0.003872246,0.002433314,0.013291954,0.057027292,0.001969778,0.003200788,0.003726614,0.02223146,0.022298489,0.002840488,0.002696451,0.013576432,0.015081716,0.002890674,0.004120217,0.008008651,0.009840254,0.005287334,0.003223714,0.004262472,0.005345667
E9_T3,0.004005008,0.002751583,0.004260625,0.008535003,0.009983443,0.003305271,0.002835056,0.003506204,0.012077181,0.005187906,0.004377565,0.006471945,0.002897337,0.004044248,0.010418495,0.003939284,0.004009538,0.004401998,0.003377921,0.003850644,0.00459264,0.005115887,0.004363966,0.005303611,0.005407381,0.003307182,0.003136449,0.003133192,0.003537168,0.004721156,0.004103101,0.003844467,0.005318166,0.005144858,0.005034381,0.00397454,0.004566428,0.003172065,0.011624803,0.007941465,0.003791641,0.004540854,0.003640376,0.014856418,0.003502106,0.002385425,0.002212373,NA,0.008588158,0.004567041,0.003384021,0.005273276,0.005079767,0.009855456,0.003427908,0.0043519,0.004439928,0.009924392,0.008873863,0.003656313,0.005211587,0.004110187,0.010349361,0.009724232,0.004295207,0.003952736,0.003117621,0.008311437,0.010350985,0.003602468,0.004828711,0.004928207,0.013330554,0.02970251,0.003297252,0.005231186,0.003450932,0.015135522,0.058573944,0.00304594,0.00414234,0.004201157,0.024884055,0.023581966,0.004068373,0.003715009,0.015018229,0.016638691,0.003809182,0.005445763,0.009201458,0.011136912,0.006737553,0.004553709,0.005466419,0.00649185
E9_T4,0.010077456,0.008494524,0.009147818,0.014042552,0.015178908,0.009319675,0.009131697,0.010368501,0.015955264,0.011198155,0.010905348,0.010356981,0.00916094,0.008994906,0.015651762,0.009291025,0.010011516,0.009030092,0.008749638,0.009101374,0.010636381,0.011577086,0.010161038,0.010049849,0.012162527,0.009593524,0.009053654,0.009864544,0.008691307,0.009661567,0.009554493,0.008317569,0.009188451,0.009288919,0.009870246,0.007972086,0.009220384,0.009035029,0.015421713,0.014196179,0.009437277,0.009336756,0.010090502,0.016790825,0.008180941,0.009523763,0.010206457,0.008588158,NA,0.00956692,0.009067507,0.009822019,0.009363253,0.013770175,0.009904727,0.008948508,0.0099905,0.014785664,0.013458216,0.008840417,0.009733036,0.009572983,0.014971529,0.013012397,0.009532973,0.009961198,0.008328274,0.013228396,0.014767023,0.00966932,0.01031483,0.009093618,0.016950069,0.035435216,0.009745006,0.01088336,0.009096752,0.016405958,0.063069049,0.008510693,0.009182229,0.009145033,0.029399845,0.027604251,0.010555077,0.009828309,0.018533967,0.018971293,0.009274091,0.010843469,0.013609139,0.01523295,0.012637522,0.010227885,0.009979773,0.01041301
E9_T5,0.005079195,0.003964982,0.005163753,0.009219746,0.009042651,0.005322334,0.0039709,0.004855699,0.012805908,0.006018215,0.00515512,0.007660929,0.004445879,0.005862921,0.011078103,0.004729606,0.005182617,0.006130732,0.004705772,0.004796923,0.005708309,0.006535573,0.005548035,0.005925476,0.00665887,0.005319503,0.003587997,0.004862548,0.005111922,0.006558209,0.004423575,0.0037905,0.006364852,0.004869506,0.004867467,0.00481964,0.006237288,0.004210171,0.013482154,0.007664433,0.004636014,0.006997889,0.005434818,0.013734,0.003643348,0.004502956,0.004240964,0.004567041,0.00956692,NA,0.004338716,0.006095524,0.006152057,0.010706453,0.004296911,0.005862526,0.00466678,0.011457261,0.00853384,0.004272181,0.005130605,0.004545474,0.010604279,0.009235921,0.004252283,0.004878328,0.003780539,0.009905006,0.010555408,0.004179689,0.00474347,0.005370385,0.012470761,0.026699153,0.004795157,0.005110037,0.003955659,0.013597462,0.059436921,0.005176518,0.004079904,0.004927821,0.025313785,0.025601015,0.004905942,0.004274121,0.014803777,0.013583417,0.004760651,0.00526475,0.010031258,0.011555384,0.007844947,0.006037865,0.006027774,0.00797964
F10_T1,0.0015454,0.001979814,0.002761406,0.008563606,0.008204096,0.001827336,0.001205784,0.00215881,0.010664328,0.003945758,0.002142551,0.004966131,0.001941611,0.003024842,0.009525509,0.002167623,0.003000763,0.003953855,0.002402112,0.002707566,0.002486179,0.002971373,0.002491796,0.00319402,0.004185806,0.001974729,0.001773471,0.0025054,0.002746366,0.006496726,0.00144881,0.002001456,0.00412693,0.003037055,0.002865769,0.002130224,0.003870251,0.00193661,0.011454283,0.006095907,0.002026346,0.004379695,0.003733038,0.012281976,0.003274833,0.002868797,0.002103505,0.003384021,0.009067507,0.004338716,NA,0.002330965,0.003605945,0.008309962,0.001407769,0.001936595,0.001491868,0.008500818,0.005913963,0.001144582,0.002265331,0.00174488,0.008361816,0.00754738,0.001042777,0.00250923,0.001594266,0.007181643,0.007328096,0.001352249,0.001785126,0.002147887,0.010433131,0.025830582,0.001459202,0.001685219,0.001125356,0.011433051,0.053831043,0.001086032,0.00154671,0.001838998,0.021455189,0.022021127,0.001652156,0.001304553,0.013643648,0.01361325,0.001029975,0.001984954,0.007405154,0.009036785,0.0037766,0.002127033,0.00330358,0.004563138
F10_T2,0.003447058,0.003366662,0.003237673,0.010449795,0.009159441,0.003646295,0.003250619,0.004565823,0.011286749,0.004139409,0.004724259,0.0068039,0.00297467,0.003801744,0.011688817,0.004541112,0.005062029,0.00517238,0.003784739,0.00528836,0.004429432,0.004047746,0.003740626,0.00304453,0.005622371,0.004034738,0.003006822,0.003619601,0.003450064,0.007971727,0.00293174,0.003280026,0.004465263,0.003552915,0.005028172,0.004061216,0.004811432,0.003336939,0.013364469,0.007251492,0.00405274,0.005589478,0.004778588,0.012400477,0.004417386,0.004462623,0.003975909,0.005273276,0.009822019,0.006095524,0.002330965,NA,0.004082368,0.010667201,0.003045234,0.003139678,0.002786806,0.010355881,0.006678232,0.002315455,0.003557691,0.003354285,0.011044952,0.008446259,0.002579452,0.003861882,0.003285341,0.00890371,0.008426482,0.003176357,0.002741393,0.00302769,0.012023272,0.027578269,0.003827481,0.003518758,0.002423047,0.012691799,0.053744615,0.002403816,0.003683744,0.003096292,0.02288829,0.024208596,0.003721024,0.003158814,0.015904403,0.014424373,0.002920671,0.002820782,0.008229949,0.009437878,0.005577812,0.003072881,0.004822129,0.005327597
F10_T4,0.004711204,0.003233592,0.003635957,0.010193707,0.008946678,0.003818356,0.00340376,0.004188828,0.009853928,0.005118956,0.004346555,0.006285527,0.003162724,0.003142004,0.011829547,0.003437113,0.003772854,0.00451962,0.002747256,0.00427735,0.002979208,0.003554422,0.004429793,0.003855352,0.005706327,0.004299786,0.002843798,0.004426635,0.003937924,0.006616811,0.003509197,0.003033035,0.002910042,0.002852092,0.003879177,0.00300514,0.003927338,0.00401047,0.008885326,0.00849482,0.003443728,0.004997011,0.003812697,0.012893916,0.003765444,0.003999282,0.004205753,0.005079767,0.009363253,0.006152057,0.003605945,0.004082368,NA,0.008087134,0.004155289,0.003587557,0.004154139,0.007545423,0.006083548,0.004156546,0.004002081,0.003624034,0.008933318,0.005738101,0.003785671,0.004254252,0.00288264,0.006685129,0.009871504,0.004426741,0.004118082,0.002858292,0.01006836,0.027066547,0.004818024,0.004149749,0.003524079,0.010258781,0.055222474,0.003420205,0.003171187,0.003365391,0.021269543,0.019599578,0.0044089,0.003917953,0.01225561,0.013324961,0.00345786,0.004419843,0.006478434,0.007810336,0.007685632,0.004344287,0.002762198,0.004513653
F10_T5,0.01025874,0.00790221,0.007908743,0.014064806,0.014761813,0.007663746,0.007716187,0.009241534,0.01712845,0.009546307,0.009837583,0.007745036,0.009430005,0.008796603,0.01687575,0.00716963,0.007931037,0.006858521,0.006850672,0.007417388,0.00786311,0.010664284,0.007939431,0.010353649,0.009462921,0.007609347,0.008702319,0.007745333,0.008523374,0.010646052,0.008291507,0.007589123,0.007846952,0.007738518,0.008446327,0.008578234,0.007920984,0.006487331,0.012722059,0.015542322,0.0078438,0.007622802,0.007947382,0.017566125,0.008644762,0.009227222,0.008011257,0.009855456,0.013770175,0.010706453,0.008309962,0.010667201,0.008087134,NA,0.007640279,0.009145574,0.007318813,0.013426327,0.014290219,0.008335149,0.009588188,0.008578861,0.011874233,0.013091879,0.008662787,0.008139255,0.005784035,0.011544593,0.016129492,0.008558949,0.010777006,0.008104589,0.016737156,0.032140646,0.008162267,0.009662642,0.007058762,0.015469596,0.059516963,0.006843233,0.008757252,0.00735054,0.025185362,0.023159402,0.008055505,0.008188662,0.014195689,0.018949746,0.008586971,0.0128428,0.010955699,0.012977001,0.007920052,0.009044775,0.006922069,0.007770816
F1_T1,0.003350439,0.002540105,0.003303608,0.008489837,0.009398956,0.001724367,0.001369142,0.002596434,0.010952067,0.003864803,0.00225998,0.005032021,0.00267008,0.00357784,0.009375693,0.002530537,0.002928262,0.00366072,0.002364385,0.003407986,0.00267148,0.003166097,0.002537051,0.003473555,0.004100368,0.002395136,0.002144098,0.002683987,0.003240886,0.005741811,0.001570758,0.002335867,0.004032005,0.002987022,0.003758485,0.003442762,0.003662628,0.002117203,0.011408288,0.007323849,0.001983166,0.004789658,0.003731362,0.013748506,0.003821149,0.002881533,0.002491435,0.003427908,0.009904727,0.004296911,0.001407769,0.003045234,0.004155289,0.007640279,NA,0.002918984,0.001893854,0.010086683,0.007771831,0.001859135,0.003238515,0.002307202,0.01020781,0.008612852,0.001734434,0.002416325,0.001852378,0.008701332,0.008497355,0.001877776,0.003736205,0.002941338,0.013603088,0.027576946,0.002034882,0.003067212,0.001646514,0.013148241,0.057790495,0.00125265,0.002662974,0.002305126,0.020267521,0.023353218,0.002153618,0.001497642,0.014183462,0.013987991,0.001665936,0.003630503,0.007824383,0.010621594,0.004180433,0.002503256,0.004021554,0.005585549
F1_T2,0.00326744,0.003194047,0.003293515,0.008212869,0.008563176,0.003144384,0.002656528,0.004155662,0.01118371,0.004517283,0.003420197,0.005012945,0.002625612,0.003114086,0.010087382,0.003965315,0.004448652,0.004222386,0.003821494,0.004631837,0.004266077,0.004699583,0.003967214,0.004280889,0.006401058,0.004017316,0.003026755,0.003357782,0.003464347,0.006033655,0.002930331,0.002979193,0.004318531,0.003858397,0.004265387,0.003540655,0.002932377,0.003122427,0.012487853,0.007009073,0.003634523,0.003902769,0.003918158,0.0119252,0.003771317,0.004514341,0.004009168,0.0043519,0.008948508,0.005862526,0.001936595,0.003139678,0.003587557,0.009145574,0.002918984,NA,0.003241577,0.007972551,0.006735824,0.002749147,0.002955366,0.002133779,0.008705421,0.008114934,0.002716856,0.004822753,0.00245442,0.006810138,0.007571031,0.003542969,0.003489839,0.002640345,0.010794757,0.026860298,0.003302537,0.002966783,0.002427582,0.012427556,0.054557442,0.002344209,0.002840722,0.002389677,0.02130418,0.021833697,0.003926545,0.002880731,0.014999973,0.015546302,0.002998853,0.00346286,0.008859486,0.008996458,0.005487152,0.003452698,0.003821716,0.004252487
F1_T3,0.002570168,0.002985136,0.003247313,0.009702051,0.00875091,0.002808851,0.002219522,0.003507434,0.010799391,0.004235874,0.002995435,0.005088606,0.003316051,0.003753495,0.010649901,0.003195095,0.003807844,0.004407419,0.002713456,0.003236392,0.003542068,0.003490363,0.002166764,0.003150065,0.003992793,0.00332441,0.00258708,0.002775102,0.003123203,0.007180975,0.002325027,0.002528589,0.004537458,0.002822698,0.003572206,0.003260423,0.004071387,0.002295905,0.012051951,0.006350066,0.002415973,0.00502953,0.004057412,0.013036518,0.003774266,0.004295169,0.002773147,0.004439928,0.0099905,0.00466678,0.001491868,0.002786806,0.004154139,0.007318813,0.001893854,0.003241577,NA,0.009341907,0.006225716,0.001897795,0.002690489,0.002319328,0.009296939,0.007772053,0.002101279,0.003356604,0.001809796,0.007727691,0.007794184,0.003073542,0.002736957,0.002752746,0.010498031,0.025207556,0.002452139,0.002410221,0.001572619,0.011326732,0.055610285,0.002004659,0.002077974,0.002546476,0.021882752,0.023385774,0.002471541,0.002623939,0.012654388,0.012956497,0.001842117,0.003222561,0.007857391,0.009417502,0.004204088,0.002467754,0.00359586,0.004927541
F1_T4,0.007720726,0.008554094,0.009252775,0.014607231,0.012930904,0.010131115,0.00791789,0.009431241,0.015259854,0.010851933,0.010659709,0.010021935,0.008892465,0.009323668,0.018609376,0.009504683,0.010728895,0.010822695,0.008764995,0.009205262,0.009075753,0.009842338,0.009266583,0.010510742,0.011825836,0.009755111,0.008790614,0.00906693,0.010039936,0.013480991,0.009526429,0.008769961,0.008974945,0.008344426,0.008093253,0.007981873,0.009213715,0.008720436,0.014828007,0.013765299,0.009371032,0.008682034,0.008496925,0.014606035,0.008611186,0.01039761,0.009483913,0.009924392,0.014785664,0.011457261,0.008500818,0.010355881,0.007545423,0.013426327,0.010086683,0.007972551,0.009341907,NA,0.011106337,0.009768469,0.00843949,0.008591034,0.007444841,0.011627366,0.010058498,0.009665313,0.008660643,0.003615119,0.015260738,0.00975605,0.009535172,0.008436171,0.01055627,0.027249248,0.009494794,0.008633714,0.008992461,0.013467353,0.061251874,0.008548527,0.008876547,0.008880409,0.025714903,0.019504469,0.009893546,0.009941705,0.014478414,0.01975721,0.01005996,0.009832912,0.012937872,0.013140422,0.0137373,0.010142452,0.007244858,0.009092814
F1_T5,0.006303421,0.00647649,0.008038982,0.013327189,0.009475529,0.007993818,0.006911591,0.008128059,0.013959205,0.008496471,0.00718345,0.010657796,0.006901135,0.007695028,0.016224826,0.006169645,0.007858338,0.008993287,0.00662912,0.006833713,0.007286845,0.007294875,0.007930395,0.006558023,0.009526293,0.008505162,0.006244219,0.009089678,0.007696371,0.011779206,0.006528706,0.006385335,0.00832751,0.005863603,0.008311061,0.004812587,0.009076684,0.007383544,0.015049245,0.008769971,0.006792727,0.008912331,0.007178836,0.015661349,0.007109851,0.008843922,0.007804744,0.008873863,0.013458216,0.00853384,0.005913963,0.006678232,0.006083548,0.014290219,0.007771831,0.006735824,0.006225716,0.011106337,NA,0.006066504,0.005952182,0.005921166,0.010140503,0.00670701,0.006278858,0.007781575,0.007004286,0.011109862,0.009100965,0.007419609,0.005425175,0.006089769,0.010717233,0.026717785,0.007907795,0.005634245,0.00582043,0.012150178,0.053394485,0.007511708,0.005316585,0.005786151,0.025742414,0.02257426,0.007195635,0.00692625,0.016381576,0.014142248,0.006223036,0.004961623,0.011559434,0.009338151,0.011801714,0.008722678,0.006392919,0.008843178
F2_T1,0.002344296,0.001880603,0.002847915,0.009428314,0.008834066,0.002303575,0.001719466,0.003316345,0.010950814,0.004328957,0.003118466,0.005224326,0.002543611,0.003681507,0.009971114,0.002458439,0.002786717,0.004001471,0.002438455,0.003109244,0.00281052,0.003185456,0.002868932,0.002277279,0.003946309,0.002558277,0.00191162,0.002900842,0.00273306,0.00591784,0.001330485,0.001758226,0.004321256,0.002861498,0.003664958,0.002353857,0.004400003,0.002328349,0.01180547,0.005993222,0.00244396,0.003558066,0.003651117,0.013094272,0.003063738,0.002856234,0.00276875,0.003656313,0.008840417,0.004272181,0.001144582,0.002315455,0.004156546,0.008335149,0.001859135,0.002749147,0.001897795,0.009768469,0.006066504,NA,0.002833025,0.002549306,0.009709107,0.007982718,0.001482434,0.002263575,0.001996052,0.008553922,0.006894616,0.001769718,0.002605684,0.002730146,0.011736262,0.02748894,0.001892951,0.002361199,0.001442106,0.011824206,0.05618019,0.001938079,0.001996566,0.002334721,0.021982438,0.022744094,0.001693014,0.00149933,0.013827647,0.01322219,0.00137802,0.002538365,0.007862049,0.009369919,0.004712766,0.00259164,0.003903922,0.00567908
F2_T2,0.003040973,0.003044536,0.004513595,0.009695124,0.008574223,0.004015601,0.002947928,0.004493982,0.011668051,0.005198314,0.004534447,0.005866172,0.003621332,0.004598113,0.011340351,0.003508865,0.004778833,0.00580888,0.003711818,0.003744994,0.004043231,0.004622006,0.003932355,0.004265616,0.005885804,0.00411489,0.002531478,0.004516906,0.004173221,0.007556903,0.002967318,0.002636585,0.004787672,0.003038405,0.003989157,0.002540153,0.005383159,0.003544873,0.012283673,0.006244626,0.003130208,0.005715546,0.004541854,0.01202602,0.003787458,0.005224278,0.004140485,0.005211587,0.009733036,0.005130605,0.002265331,0.003557691,0.004002081,0.009588188,0.003238515,0.002955366,0.002690489,0.00843949,0.005952182,0.002833025,NA,0.002830473,0.008341247,0.007151381,0.002836334,0.003530408,0.002349813,0.007450912,0.007993903,0.00337688,0.002423104,0.002953396,0.009264787,0.02624849,0.003167397,0.002714982,0.002584903,0.01004004,0.056462525,0.003037361,0.001995959,0.002751936,0.023528117,0.02179316,0.003665359,0.00298849,0.013761605,0.01365757,0.002746723,0.002483845,0.008213971,0.008720944,0.005708809,0.003403046,0.004335051,0.005414185
F2_T3,0.002789269,0.003084116,0.003379923,0.008376307,0.007137518,0.002484929,0.001887479,0.002865332,0.009759716,0.004455343,0.002519733,0.004624549,0.002845747,0.003106555,0.009373214,0.002697386,0.003207979,0.004015691,0.002803851,0.003797505,0.003657421,0.004340157,0.003046483,0.004222452,0.005190219,0.003413904,0.002746263,0.003570926,0.003158779,0.006293957,0.002805221,0.002470303,0.004282619,0.002877508,0.003940269,0.003077557,0.00327365,0.00247304,0.011080149,0.006359034,0.002907942,0.004500098,0.003111829,0.010981991,0.00310908,0.004383682,0.003118541,0.004110187,0.009572983,0.004545474,0.00174488,0.003354285,0.003624034,0.008578861,0.002307202,0.002133779,0.002319328,0.008591034,0.005921166,0.002549306,0.002830473,NA,0.007914753,0.007343571,0.002351377,0.004223198,0.002118184,0.0071524,0.008205737,0.00278397,0.00251564,0.002376598,0.010493921,0.026791574,0.002578296,0.002654544,0.002008714,0.011276904,0.054124384,0.001786168,0.002448208,0.002289849,0.020871111,0.021918683,0.003054206,0.002499456,0.014586947,0.014580229,0.001822916,0.003358401,0.00755631,0.009195018,0.005237481,0.003005971,0.003299787,0.004574065
F2_T4,0.008349003,0.00821369,0.009884261,0.016039037,0.011236528,0.010803915,0.008422684,0.009798349,0.016017456,0.011241309,0.010181531,0.009392919,0.009748671,0.009829436,0.016229455,0.009032721,0.009703007,0.010003188,0.008683624,0.008495866,0.010274217,0.01104092,0.009370357,0.011069626,0.012025652,0.00929551,0.009106853,0.009484048,0.009385054,0.01280047,0.009952852,0.008906689,0.010376315,0.008730671,0.009472661,0.007607683,0.009271297,0.007885304,0.015136532,0.012960687,0.009831952,0.008933869,0.008099651,0.014214166,0.008446568,0.010838678,0.008681555,0.010349361,0.014971529,0.010604279,0.008361816,0.011044952,0.008933318,0.011874233,0.01020781,0.008705421,0.009296939,0.007444841,0.010140503,0.009709107,0.008341247,0.007914753,NA,0.011083156,0.00988471,0.009876212,0.008189664,0.006541851,0.014765006,0.010136021,0.008665494,0.008727254,0.008971707,0.028757587,0.009158184,0.008518561,0.007977032,0.012780989,0.058923422,0.008922113,0.008456812,0.008510728,0.028159148,0.021442075,0.009283335,0.009599952,0.014767544,0.018502203,0.009638671,0.010799854,0.012781412,0.012915825,0.013794455,0.011415751,0.007629529,0.009284441
F2_T5,0.008574462,0.006699227,0.008648209,0.014234716,0.011525276,0.0088028,0.008149539,0.008751948,0.014037947,0.009498189,0.009142508,0.010766112,0.007584148,0.007518776,0.017258975,0.006928905,0.008098845,0.009488205,0.006490615,0.007403829,0.007208932,0.008127936,0.008590758,0.00740694,0.010276729,0.009080608,0.006528735,0.009127471,0.007820167,0.011146709,0.007512363,0.00672908,0.007303834,0.00628047,0.007007605,0.005941701,0.009820898,0.008104036,0.013040162,0.01009839,0.008204523,0.009123924,0.008025929,0.016523011,0.006950875,0.009044618,0.008722789,0.009724232,0.013012397,0.009235921,0.00754738,0.008446259,0.005738101,0.013091879,0.008612852,0.008114934,0.007772053,0.011627366,0.00670701,0.007982718,0.007151381,0.007343571,0.011083156,NA,0.007454473,0.008418188,0.007032311,0.009912635,0.012363094,0.008356592,0.006697822,0.006335957,0.010265413,0.028485724,0.009079673,0.007767639,0.007235482,0.012884093,0.057514588,0.008372698,0.00666345,0.007058933,0.02513284,0.025234206,0.008988707,0.008174103,0.015925231,0.014491872,0.007179194,0.007019974,0.010130273,0.007384049,0.01245389,0.009192061,0.005813259,0.008412648
F3_T1,0.002474851,0.002232433,0.002661851,0.008372554,0.008528818,0.001746642,0.001751436,0.003058261,0.010481686,0.004281876,0.002497927,0.005391755,0.00229505,0.003394694,0.010903213,0.002381228,0.003379981,0.003684888,0.002307464,0.003195922,0.002546322,0.003164188,0.002854853,0.003086742,0.004720502,0.002837331,0.002143857,0.003034074,0.002980507,0.006372064,0.001445548,0.002174426,0.004336736,0.003213161,0.003519223,0.002489045,0.003782131,0.002479041,0.01097348,0.005756405,0.002452979,0.004571558,0.003768104,0.012155587,0.003363059,0.003187394,0.002691769,0.004295207,0.009532973,0.004252283,0.001042777,0.002579452,0.003785671,0.008662787,0.001734434,0.002716856,0.002101279,0.010058498,0.006278858,0.001482434,0.002836334,0.002351377,0.00988471,0.007454473,NA,0.002921225,0.002129693,0.008574579,0.008363055,0.001356841,0.002551349,0.002650864,0.012470482,0.026474062,0.002214182,0.002617583,0.00161556,0.012139396,0.055853727,0.001607774,0.001916679,0.00212735,0.020824995,0.02270945,0.002479009,0.001511556,0.014196185,0.014264618,0.001382562,0.002746486,0.007351046,0.009621713,0.004398671,0.002613074,0.003682932,0.005336069
F3_T2,0.003563233,0.0025533,0.004144655,0.009934067,0.010768467,0.00329225,0.00252715,0.002804215,0.013044869,0.005307502,0.004147412,0.006118456,0.003534624,0.0051166,0.011036623,0.003011525,0.003438624,0.004387084,0.002918788,0.00377454,0.002380355,0.003738521,0.003667131,0.003612969,0.004482333,0.002643568,0.002206329,0.003467528,0.004135244,0.007491462,0.002135591,0.002421302,0.004152866,0.003478956,0.003541963,0.003228207,0.005492746,0.003443697,0.011326142,0.007959944,0.002842908,0.004527532,0.00456608,0.014462012,0.003400312,0.003117619,0.003043054,0.003952736,0.009961198,0.004878328,0.00250923,0.003861882,0.004254252,0.008139255,0.002416325,0.004822753,0.003356604,0.009665313,0.007781575,0.002263575,0.003530408,0.004223198,0.009876212,0.008418188,0.002921225,NA,0.002622192,0.008424321,0.009808619,0.002243963,0.003853749,0.003743145,0.012193968,0.027262837,0.002483732,0.003239433,0.00257993,0.012109449,0.060665573,0.003009962,0.003181971,0.003453525,0.019935191,0.022010085,0.001662844,0.002280467,0.013107558,0.013453405,0.00301375,0.004328772,0.008019922,0.009258729,0.006132475,0.002818831,0.003907994,0.005969638
F3_T3,0.003344334,0.002044581,0.002637301,0.00795299,0.008517598,0.002102531,0.001622945,0.002857663,0.010850113,0.003664078,0.003094039,0.004688343,0.002412987,0.00249402,0.00878488,0.002139268,0.002679771,0.003042256,0.001830506,0.002308811,0.00283573,0.00367209,0.002186089,0.00317647,0.004093596,0.002602605,0.001874002,0.002240839,0.002795798,0.004885586,0.001833328,0.002068051,0.003385738,0.00276278,0.003374068,0.002595354,0.003059295,0.001531762,0.009762249,0.006922464,0.002522731,0.003495912,0.003171997,0.012557848,0.002731783,0.002952326,0.002359282,0.003117621,0.008328274,0.003780539,0.001594266,0.003285341,0.00288264,0.005784035,0.001852378,0.00245442,0.001809796,0.008660643,0.007004286,0.001996052,0.002349813,0.002118184,0.008189664,0.007032311,0.002129693,0.002622192,NA,0.006998865,0.008114534,0.00216345,0.002942101,0.001981813,0.010958728,0.026972689,0.002511073,0.002859083,0.001545784,0.011674804,0.054167371,0.001574689,0.002194611,0.001558879,0.021492431,0.021066133,0.002573328,0.00209925,0.012757929,0.01304713,0.001949286,0.003998921,0.006498544,0.008678052,0.004231489,0.002769169,0.002699572,0.004307559
F3_T4,0.006688977,0.007151538,0.00749612,0.013758314,0.011873799,0.008279706,0.006967909,0.008115419,0.01447457,0.008917634,0.009884871,0.008613379,0.007187509,0.007647635,0.015934374,0.008223579,0.009241361,0.009005678,0.007308743,0.00794108,0.007705092,0.009301813,0.007671355,0.009212285,0.01020701,0.007860588,0.007645931,0.007222533,0.007734523,0.011454038,0.008755939,0.007396649,0.007511408,0.007301693,0.0065662,0.007364227,0.007602384,0.006706413,0.013375955,0.011980851,0.008405946,0.007852581,0.007450219,0.013624466,0.006935287,0.009213408,0.007619792,0.008311437,0.013228396,0.009905006,0.007181643,0.00890371,0.006685129,0.011544593,0.008701332,0.006810138,0.007727691,0.003615119,0.011109862,0.008553922,0.007450912,0.0071524,0.006541851,0.009912635,0.008574579,0.008424321,0.006998865,NA,0.013819578,0.00850317,0.007821582,0.007102399,0.00931389,0.028378424,0.007624211,0.008159214,0.007395513,0.0146253,0.058928063,0.007017461,0.007693311,0.007408906,0.024477639,0.020372051,0.008754407,0.0085698,0.013501885,0.018480662,0.008519974,0.008873727,0.010953164,0.011651553,0.011220826,0.008325322,0.006368661,0.007731172
F3_T5,0.00867091,0.008148403,0.009531368,0.015426205,0.014611317,0.009997307,0.008346705,0.011333838,0.018158501,0.010483011,0.0089523,0.01312024,0.009260967,0.010305497,0.015844309,0.009413888,0.009639388,0.011367682,0.009759541,0.009171233,0.010882915,0.010583512,0.009944077,0.00865618,0.011373016,0.011396661,0.007899548,0.009979216,0.010068572,0.012443204,0.007425426,0.009045539,0.011606412,0.008779572,0.011045946,0.007831642,0.011645298,0.009354945,0.019196215,0.010437652,0.008704218,0.011181202,0.011001506,0.019427116,0.00931481,0.010930211,0.010571234,0.010350985,0.014767023,0.010555408,0.007328096,0.008426482,0.009871504,0.016129492,0.008497355,0.007571031,0.007794184,0.015260738,0.009100965,0.006894616,0.007993903,0.008205737,0.014765006,0.012363094,0.008363055,0.009808619,0.008114534,0.013819578,NA,0.009603372,0.0079754,0.008249626,0.016001589,0.034143572,0.009483846,0.00768364,0.008020557,0.018129898,0.058918104,0.010011987,0.007236843,0.007780004,0.02975371,0.029269243,0.009186918,0.008671523,0.021780619,0.017089266,0.008035859,0.007654263,0.015355977,0.015161467,0.011913753,0.009832692,0.009297788,0.011777626
F4_T1,0.002942233,0.002299258,0.003654881,0.008706789,0.009643235,0.002033698,0.001522384,0.002636507,0.012214954,0.004772093,0.00321277,0.00522964,0.002872107,0.004209317,0.011059135,0.002004696,0.003013261,0.003509276,0.002702095,0.003414679,0.002193977,0.003835218,0.002960236,0.004209695,0.004600942,0.002357456,0.001854412,0.002924464,0.003599911,0.006106413,0.00156542,0.002236977,0.004350552,0.003278569,0.003743986,0.002900218,0.004761967,0.002690787,0.010915178,0.007673066,0.00292535,0.004266989,0.004416789,0.012984501,0.003568594,0.003050479,0.00271816,0.003602468,0.00966932,0.004179689,0.001352249,0.003176357,0.004426741,0.008558949,0.001877776,0.003542969,0.003073542,0.00975605,0.007419609,0.001769718,0.00337688,0.00278397,0.010136021,0.008356592,0.001356841,0.002243963,0.00216345,0.00850317,0.009603372,NA,0.002945023,0.003230724,0.012777235,0.027416629,0.001859259,0.002928694,0.002061506,0.013027427,0.05848935,0.001715032,0.002934967,0.002204117,0.021032805,0.021137297,0.002092518,0.001318505,0.014494939,0.014472545,0.001854208,0.003536092,0.008047331,0.010162542,0.004621703,0.002799557,0.003911779,0.005781883
F4_T2,0.002395081,0.002876747,0.004124304,0.010308222,0.008262753,0.004330106,0.00260218,0.003745799,0.011688467,0.005108359,0.004104638,0.006849117,0.003284928,0.004247072,0.011259235,0.003629729,0.004379635,0.005609795,0.003561688,0.00391466,0.00399284,0.003642326,0.003997872,0.004053952,0.005701508,0.003888248,0.002535202,0.004393433,0.004355564,0.007908885,0.003139717,0.003022988,0.005403112,0.003617471,0.0040093,0.002914497,0.005741046,0.003748856,0.012817133,0.006231857,0.003673616,0.006508943,0.004848965,0.011889649,0.003832033,0.004586823,0.003413952,0.004828711,0.01031483,0.00474347,0.001785126,0.002741393,0.004118082,0.010777006,0.003736205,0.003489839,0.002736957,0.009535172,0.005425175,0.002605684,0.002423104,0.00251564,0.008665494,0.006697822,0.002551349,0.003853749,0.002942101,0.007821582,0.0079754,0.002945023,NA,0.00309006,0.008767002,0.026302616,0.003003423,0.002258838,0.002567957,0.01098779,0.055478763,0.003211909,0.002391298,0.002936182,0.02295294,0.023536877,0.003293446,0.003037385,0.014135244,0.01316305,0.002694967,0.002048763,0.008363475,0.008551699,0.006271238,0.003776828,0.00415013,0.005513313
F4_T3,0.003333364,0.002799899,0.003299694,0.009379913,0.00875327,0.003109104,0.002950128,0.003748255,0.011411709,0.004763965,0.003693068,0.006222288,0.003223416,0.002938259,0.01062306,0.003183797,0.003917291,0.003893834,0.002782422,0.003890282,0.003096233,0.00371059,0.002887945,0.003273135,0.005593867,0.003976471,0.002629075,0.003748922,0.003755785,0.006752518,0.00284724,0.002708666,0.00379938,0.003007127,0.003680565,0.002991616,0.004029338,0.002839311,0.011109587,0.007537002,0.003479216,0.004902678,0.004142929,0.01253854,0.003307497,0.004432472,0.003837445,0.004928207,0.009093618,0.005370385,0.002147887,0.00302769,0.002858292,0.008104589,0.002941338,0.002640345,0.002752746,0.008436171,0.006089769,0.002730146,0.002953396,0.002376598,0.008727254,0.006335957,0.002650864,0.003743145,0.001981813,0.007102399,0.008249626,0.003230724,0.00309006,NA,0.009593786,0.027163212,0.003631626,0.003111338,0.001881334,0.011888427,0.056108969,0.002325347,0.002959468,0.002361697,0.022412883,0.020583036,0.003278968,0.002867029,0.014412624,0.013260435,0.002728723,0.003676553,0.00754747,0.008321095,0.005321879,0.003589717,0.00310236,0.004812058
F4_T4,0.009578992,0.011270984,0.012914202,0.019428614,0.012741667,0.013901246,0.011809275,0.012113043,0.018357285,0.01458707,0.014051483,0.013561998,0.012144789,0.012112003,0.020284986,0.01249442,0.01336797,0.014938382,0.011623842,0.01104432,0.01142931,0.012023817,0.011157878,0.01274091,0.0145223,0.012159604,0.010125683,0.012650292,0.012473679,0.016660874,0.012609316,0.01030345,0.012177327,0.010555161,0.009706647,0.008810904,0.013068527,0.011561308,0.019726973,0.013225738,0.011694089,0.013066972,0.011416731,0.017809813,0.010264228,0.013777693,0.011142764,0.013330554,0.016950069,0.012470761,0.010433131,0.012023272,0.01006836,0.016737156,0.013603088,0.010794757,0.010498031,0.01055627,0.010717233,0.011736262,0.009264787,0.010493921,0.008971707,0.010265413,0.012470482,0.012193968,0.010958728,0.00931389,0.016001589,0.012777235,0.008767002,0.009593786,NA,0.029488198,0.011958509,0.010028504,0.011121156,0.01390755,0.06204634,0.012221625,0.009856286,0.011526409,0.031066878,0.025197243,0.012210974,0.012628043,0.015961073,0.020205225,0.012521814,0.010290116,0.015301504,0.012331691,0.016674736,0.013480271,0.009750278,0.011828733
F4_T5,0.025460295,0.026763228,0.028775193,0.030368192,0.030679173,0.028065723,0.02648097,0.027757064,0.035124626,0.029357739,0.027866908,0.029248707,0.028006647,0.028775222,0.037603778,0.02666642,0.028026091,0.029798364,0.026652052,0.027010118,0.026495946,0.027348627,0.027503985,0.028138187,0.028156445,0.028401215,0.027411059,0.027649299,0.02736921,0.033621556,0.027162813,0.026857718,0.028914391,0.025210258,0.024870265,0.026649359,0.029150476,0.026414154,0.038097499,0.031252123,0.026055776,0.028899198,0.026196616,0.033557793,0.02547976,0.029405941,0.027986441,0.02970251,0.035435216,0.026699153,0.025830582,0.027578269,0.027066547,0.032140646,0.027576946,0.026860298,0.025207556,0.027249248,0.026717785,0.02748894,0.02624849,0.026791574,0.028757587,0.028485724,0.026474062,0.027262837,0.026972689,0.028378424,0.034143572,0.027416629,0.026302616,0.027163212,0.029488198,NA,0.026824577,0.025065405,0.026051933,0.030328522,0.076057999,0.027226352,0.026477041,0.027630217,0.038716943,0.04413338,0.027429492,0.026666794,0.030684511,0.036373587,0.026633998,0.025918448,0.03177014,0.030505885,0.030314547,0.029001698,0.026527036,0.02698195
F5_T1,0.002102253,0.002624495,0.004038169,0.009219969,0.009277601,0.002195832,0.001560148,0.002125004,0.01188272,0.004884887,0.002730104,0.005151969,0.003118645,0.004310492,0.010559102,0.002384734,0.002847252,0.004123259,0.002595694,0.003500451,0.002462996,0.003550879,0.002726862,0.004074719,0.00435394,0.002013486,0.002323411,0.002943299,0.003710042,0.007173852,0.002292184,0.00237898,0.004902745,0.003764983,0.003570961,0.00318691,0.004298377,0.00253458,0.01198134,0.00774162,0.002251435,0.004975741,0.004089386,0.01299446,0.003287319,0.00339367,0.002264859,0.003297252,0.009745006,0.004795157,0.001459202,0.003827481,0.004818024,0.008162267,0.002034882,0.003302537,0.002452139,0.009494794,0.007907795,0.001892951,0.003167397,0.002578296,0.009158184,0.009079673,0.002214182,0.002483732,0.002511073,0.007624211,0.009483846,0.001859259,0.003003423,0.003631626,0.011958509,0.026824577,NA,0.002806902,0.001860597,0.012875383,0.055868157,0.001672168,0.002510206,0.002969286,0.021089732,0.022812995,0.001608931,0.001959328,0.013999239,0.014985958,0.001986538,0.003771843,0.008768698,0.010594742,0.005103748,0.00279991,0.004217245,0.00589021
F5_T2,0.002012777,0.003018505,0.004303014,0.010034546,0.007995554,0.004344539,0.002416229,0.003717904,0.013107299,0.005330181,0.003162964,0.006871743,0.003607761,0.005390741,0.011763647,0.003877019,0.003975102,0.005483938,0.004008801,0.004169538,0.003853297,0.003846139,0.003826727,0.00463207,0.00544064,0.004026254,0.002544639,0.003867605,0.004299685,0.008795394,0.00273585,0.003062504,0.005529798,0.003672471,0.004318077,0.002543874,0.005427321,0.003653377,0.013385295,0.006324144,0.003027182,0.005675225,0.004760156,0.012118192,0.004028068,0.004620945,0.003872246,0.005231186,0.01088336,0.005110037,0.001685219,0.003518758,0.004149749,0.009662642,0.003067212,0.002966783,0.002410221,0.008633714,0.005634245,0.002361199,0.002714982,0.002654544,0.008518561,0.007767639,0.002617583,0.003239433,0.002859083,0.008159214,0.00768364,0.002928694,0.002258838,0.003111338,0.010028504,0.025065405,0.002806902,NA,0.00275122,0.011286989,0.057053589,0.003305282,0.00225827,0.00295377,0.022381116,0.02201351,0.002491613,0.002649354,0.013417026,0.013512452,0.002684882,0.002218743,0.009212318,0.009465583,0.006370381,0.003318134,0.004141175,0.005988327
F5_T3,0.002463301,0.002033004,0.002676381,0.008396114,0.008251073,0.002247365,0.001837463,0.002680607,0.011159084,0.003761021,0.002780155,0.005092845,0.002342896,0.003275221,0.010003559,0.002304183,0.002683921,0.002694258,0.001854461,0.002633204,0.003068918,0.003380943,0.002604593,0.002785044,0.004479231,0.002520795,0.0018811,0.002536751,0.002698748,0.005821369,0.001548065,0.00191031,0.003939963,0.002672528,0.003320507,0.00268453,0.003510662,0.001778046,0.011583773,0.006163528,0.002444569,0.00402759,0.003230521,0.011802865,0.002813727,0.003163093,0.002433314,0.003450932,0.009096752,0.003955659,0.001125356,0.002423047,0.003524079,0.007058762,0.001646514,0.002427582,0.001572619,0.008992461,0.00582043,0.001442106,0.002584903,0.002008714,0.007977032,0.007235482,0.00161556,0.00257993,0.001545784,0.007395513,0.008020557,0.002061506,0.002567957,0.001881334,0.011121156,0.026051933,0.001860597,0.00275122,NA,0.011778992,0.053704034,0.00141395,0.002074878,0.001707642,0.021321694,0.021383041,0.001965005,0.001596704,0.014410397,0.012410948,0.001718447,0.003088294,0.00734587,0.008527804,0.00413582,0.002630153,0.002963986,0.004427205
F5_T4,0.012179637,0.012050422,0.01334261,0.020437053,0.017055033,0.013637928,0.011246946,0.013328216,0.016746467,0.013771718,0.01405989,0.0117094,0.01323557,0.013219827,0.021994444,0.01163991,0.013329995,0.014574255,0.012007812,0.012627042,0.011785952,0.012960521,0.0123897,0.011869719,0.01465499,0.01304108,0.011329555,0.014194496,0.013346266,0.017130711,0.012535165,0.011166784,0.011202291,0.009529619,0.012046894,0.010327845,0.013451295,0.012259721,0.018308247,0.01627817,0.011867987,0.012242134,0.011702735,0.017322091,0.012124605,0.015331356,0.013291954,0.015135522,0.016405958,0.013597462,0.011433051,0.012691799,0.010258781,0.015469596,0.013148241,0.012427556,0.011326732,0.013467353,0.012150178,0.011824206,0.01004004,0.011276904,0.012780989,0.012884093,0.012139396,0.012109449,0.011674804,0.0146253,0.018129898,0.013027427,0.01098779,0.011888427,0.01390755,0.030328522,0.012875383,0.011286989,0.011778992,NA,0.067466999,0.012356668,0.011150331,0.011300375,0.02888151,0.024855693,0.012886327,0.011815951,0.016347468,0.02037499,0.011566349,0.012193009,0.0131665,0.015021449,0.016724021,0.012985865,0.009756309,0.010517265
F5_T5,0.056023924,0.057540806,0.055984994,0.061107584,0.052334466,0.055514731,0.056142466,0.059333737,0.063271279,0.055770741,0.058014015,0.060032742,0.055649291,0.055551661,0.063569706,0.055693977,0.055442889,0.058461751,0.055166729,0.054702835,0.059196744,0.059278987,0.056545346,0.057167943,0.062118807,0.058748629,0.057452942,0.056916454,0.05353794,0.061118795,0.055650479,0.057020887,0.058375276,0.057493531,0.057816635,0.055924877,0.056109887,0.05536782,0.067357117,0.059007849,0.056955984,0.059696092,0.056054832,0.062282036,0.055837696,0.058173392,0.057027292,0.058573944,0.063069049,0.059436921,0.053831043,0.053744615,0.055222474,0.059516963,0.057790495,0.054557442,0.055610285,0.061251874,0.053394485,0.05618019,0.056462525,0.054124384,0.058923422,0.057514588,0.055853727,0.060665573,0.054167371,0.058928063,0.058918104,0.05848935,0.055478763,0.056108969,0.06204634,0.076057999,0.055868157,0.057053589,0.053704034,0.067466999,NA,0.054293386,0.055231718,0.054540198,0.072578451,0.072497273,0.057477182,0.056767465,0.068437836,0.064280826,0.053872029,0.055592697,0.056929925,0.056669831,0.058188977,0.059295764,0.05590709,0.056542502
F6_T1,0.002756531,0.002477062,0.002425872,0.008192843,0.008835662,0.000941124,0.001498369,0.002248761,0.009731761,0.003616165,0.002399015,0.004163888,0.002042854,0.002436496,0.010125519,0.002013061,0.002896738,0.002903495,0.001796951,0.00313625,0.002108169,0.00313677,0.002203651,0.003239276,0.003930635,0.00168469,0.002519103,0.00235082,0.002520004,0.005673343,0.001950104,0.002095464,0.003404408,0.003089312,0.00347929,0.002642117,0.002677487,0.001722427,0.010064531,0.007205387,0.002238428,0.004025317,0.002788781,0.011318041,0.003404314,0.002504906,0.001969778,0.00304594,0.008510693,0.005176518,0.001086032,0.002403816,0.003420205,0.006843233,0.00125265,0.002344209,0.002004659,0.008548527,0.007511708,0.001938079,0.003037361,0.001786168,0.008922113,0.008372698,0.001607774,0.003009962,0.001574689,0.007017461,0.010011987,0.001715032,0.003211909,0.002325347,0.012221625,0.027226352,0.001672168,0.003305282,0.00141395,0.012356668,0.054293386,NA,0.002530021,0.002052103,0.02130472,0.021421463,0.002182119,0.001810551,0.01416857,0.015380819,0.001556366,0.003488139,0.006139378,0.009272541,0.003403363,0.002386048,0.00342672,0.004463006
F6_T2,0.002455503,0.002692269,0.003677966,0.009372062,0.007997624,0.002959782,0.002192,0.003330909,0.01012176,0.004849806,0.002475423,0.00540338,0.002855752,0.003633139,0.010171833,0.002546444,0.003399832,0.004809217,0.002786941,0.002961032,0.002801172,0.003010094,0.003414074,0.003280685,0.004616851,0.003334823,0.002169982,0.00341706,0.003070234,0.006480489,0.001876838,0.002142688,0.004529681,0.003131556,0.003824981,0.001564547,0.004087695,0.0030962,0.010724221,0.005677694,0.001981746,0.005153328,0.003673695,0.012782689,0.003448521,0.003538732,0.003200788,0.00414234,0.009182229,0.004079904,0.00154671,0.003683744,0.003171187,0.008757252,0.002662974,0.002840722,0.002077974,0.008876547,0.005316585,0.001996566,0.001995959,0.002448208,0.008456812,0.00666345,0.001916679,0.003181971,0.002194611,0.007693311,0.007236843,0.002934967,0.002391298,0.002959468,0.009856286,0.026477041,0.002510206,0.00225827,0.002074878,0.011150331,0.055231718,0.002530021,NA,0.002156463,0.021889911,0.022276981,0.002664813,0.002514608,0.013151442,0.01261873,0.001760234,0.002318615,0.007807388,0.008952401,0.00603088,0.003141829,0.003253859,0.004812825
F6_T3,0.003335366,0.002329773,0.003199277,0.008572468,0.008629702,0.00235945,0.002094906,0.003703524,0.011994559,0.004439327,0.003402262,0.005043694,0.003136573,0.003363695,0.009720083,0.002350862,0.003654044,0.003651048,0.002689522,0.003351559,0.002946913,0.004003937,0.00269194,0.003352625,0.005211888,0.003727445,0.002380333,0.003484562,0.003510322,0.006017515,0.002148064,0.002597858,0.00372228,0.003002511,0.003888864,0.002718177,0.004286458,0.002149228,0.010567702,0.007841784,0.002504152,0.004160152,0.003760124,0.012874903,0.003783602,0.004219938,0.003726614,0.004201157,0.009145033,0.004927821,0.001838998,0.003096292,0.003365391,0.00735054,0.002305126,0.002389677,0.002546476,0.008880409,0.005786151,0.002334721,0.002751936,0.002289849,0.008510728,0.007058933,0.00212735,0.003453525,0.001558879,0.007408906,0.007780004,0.002204117,0.002936182,0.002361697,0.011526409,0.027630217,0.002969286,0.00295377,0.001707642,0.011300375,0.054540198,0.002052103,0.002156463,NA,0.021874968,0.021949539,0.003084132,0.002080727,0.013933913,0.013359017,0.001872688,0.003538203,0.007466407,0.008794508,0.004743877,0.002878538,0.003072721,0.00401904
F6_T4,0.022942959,0.021883124,0.022571779,0.025725042,0.02808324,0.020920398,0.020484431,0.019849545,0.030061099,0.023460517,0.021495378,0.022710173,0.021785925,0.022096806,0.029881558,0.021607685,0.021622748,0.021259698,0.020306569,0.021393862,0.019628848,0.022295017,0.02256568,0.022495276,0.023259579,0.021703721,0.021262381,0.021980143,0.02281106,0.025693614,0.020460915,0.020899819,0.020839716,0.019964795,0.021974313,0.022693104,0.022885492,0.021419607,0.029752177,0.027509731,0.021230864,0.021154357,0.021843144,0.032940053,0.022175899,0.023602983,0.02223146,0.024884055,0.029399845,0.025313785,0.021455189,0.02288829,0.021269543,0.025185362,0.020267521,0.02130418,0.021882752,0.025714903,0.025742414,0.021982438,0.023528117,0.020871111,0.028159148,0.02513284,0.020824995,0.019935191,0.021492431,0.024477639,0.02975371,0.021032805,0.02295294,0.022412883,0.031066878,0.038716943,0.021089732,0.022381116,0.021321694,0.02888151,0.072578451,0.02130472,0.021889911,0.021874968,NA,0.0386564,0.02101437,0.020343846,0.030445093,0.032476178,0.021641422,0.0237608,0.023934563,0.027424031,0.025222744,0.022152753,0.018901963,0.021761064
F6_T5,0.022549691,0.020343547,0.022070215,0.028281709,0.026719389,0.02176882,0.020881522,0.022433368,0.031287653,0.023676089,0.024186313,0.023376751,0.022645441,0.022233007,0.033782295,0.021152132,0.022896008,0.021030949,0.021796297,0.021941135,0.020738297,0.023065892,0.022392996,0.023902582,0.024944472,0.02179997,0.02160256,0.022763687,0.022476503,0.025714966,0.021771107,0.020332143,0.02017021,0.020106082,0.022361411,0.020332939,0.021701623,0.021666115,0.025060553,0.02802711,0.023629599,0.020588447,0.021441117,0.027763053,0.021274511,0.023098518,0.022298489,0.023581966,0.027604251,0.025601015,0.022021127,0.024208596,0.019599578,0.023159402,0.023353218,0.021833697,0.023385774,0.019504469,0.02257426,0.022744094,0.02179316,0.021918683,0.021442075,0.025234206,0.02270945,0.022010085,0.021066133,0.020372051,0.029269243,0.021137297,0.023536877,0.020583036,0.025197243,0.04413338,0.022812995,0.02201351,0.021383041,0.024855693,0.072497273,0.021421463,0.022276981,0.021949539,0.0386564,NA,0.022338454,0.022614157,0.027902472,0.030274164,0.023164186,0.025049753,0.024009226,0.024709981,0.026905718,0.02388506,0.018074469,0.021944601
F7_T1,0.002583985,0.002511544,0.003802222,0.009968516,0.009536349,0.002521484,0.002083004,0.002512906,0.01260995,0.004820514,0.002654257,0.006055712,0.003669469,0.004648982,0.010700803,0.002779929,0.002809394,0.004009727,0.00286712,0.003461883,0.002295617,0.003425298,0.003564127,0.003597642,0.004144956,0.002390718,0.002725786,0.003595498,0.004242352,0.007359293,0.00204138,0.002396449,0.005072663,0.003693492,0.004024729,0.00321241,0.005432064,0.002921848,0.01184413,0.0081807,0.002663185,0.005017657,0.004278588,0.014278209,0.00366368,0.003301702,0.002840488,0.004068373,0.010555077,0.004905942,0.001652156,0.003721024,0.0044089,0.008055505,0.002153618,0.003926545,0.002471541,0.009893546,0.007195635,0.001693014,0.003665359,0.003054206,0.009283335,0.008988707,0.002479009,0.001662844,0.002573328,0.008754407,0.009186918,0.002092518,0.003293446,0.003278968,0.012210974,0.027429492,0.001608931,0.002491613,0.001965005,0.012886327,0.057477182,0.002182119,0.002664813,0.003084132,0.02101437,0.022338454,NA,0.001806822,0.013772823,0.013324043,0.002063757,0.003680855,0.00848421,0.010074116,0.00543557,0.002698093,0.004092542,0.006024301
F7_T2,0.002780154,0.002093889,0.003320734,0.008540345,0.00931401,0.002273319,0.001415074,0.002799673,0.012125738,0.003957245,0.00294405,0.005462272,0.002717422,0.004018629,0.009841504,0.00224356,0.002562889,0.003344672,0.00251957,0.003269345,0.002427159,0.003969437,0.003050859,0.00355468,0.004649371,0.002377633,0.001940955,0.003231319,0.00336299,0.006443392,0.001679186,0.002097356,0.004221393,0.003205891,0.003561187,0.002951333,0.004585684,0.002211375,0.011523473,0.006820005,0.002460919,0.004252013,0.003734235,0.012852277,0.003488769,0.003076631,0.002696451,0.003715009,0.009828309,0.004274121,0.001304553,0.003158814,0.003917953,0.008188662,0.001497642,0.002880731,0.002623939,0.009941705,0.00692625,0.00149933,0.00298849,0.002499456,0.009599952,0.008174103,0.001511556,0.002280467,0.00209925,0.0085698,0.008671523,0.001318505,0.003037385,0.002867029,0.012628043,0.026666794,0.001959328,0.002649354,0.001596704,0.011815951,0.056767465,0.001810551,0.002514608,0.002080727,0.020343846,0.022614157,0.001806822,NA,0.014609732,0.013533429,0.0015238,0.002957554,0.00805008,0.009481646,0.004325776,0.002583917,0.003648255,0.00506877
F7_T4,0.013920951,0.012801936,0.014048015,0.021083391,0.01745841,0.014685302,0.012929543,0.014055678,0.019581689,0.015785374,0.015444351,0.010640607,0.01386912,0.013524044,0.023081245,0.013823531,0.014887322,0.015988637,0.013087657,0.013149392,0.012408181,0.013701324,0.013962647,0.015032257,0.01472575,0.013301605,0.013613557,0.013819434,0.013946751,0.016303265,0.013886594,0.01242408,0.012719396,0.01155185,0.011518709,0.012413318,0.013492956,0.01323629,0.018084555,0.018805929,0.013013741,0.013217517,0.012654563,0.022120128,0.012525639,0.01440787,0.013576432,0.015018229,0.018533967,0.014803777,0.013643648,0.015904403,0.01225561,0.014195689,0.014183462,0.014999973,0.012654388,0.014478414,0.016381576,0.013827647,0.013761605,0.014586947,0.014767544,0.015925231,0.014196185,0.013107558,0.012757929,0.013501885,0.021780619,0.014494939,0.014135244,0.014412624,0.015961073,0.030684511,0.013999239,0.013417026,0.014410397,0.016347468,0.068437836,0.01416857,0.013151442,0.013933913,0.030445093,0.027902472,0.013772823,0.014609732,NA,0.024169738,0.013903452,0.015314561,0.015544181,0.017149158,0.017094583,0.015176841,0.012215312,0.01357518
F7_T5,0.015107168,0.013562654,0.014636416,0.021289253,0.019326044,0.015384346,0.013024562,0.014925315,0.024813065,0.015256899,0.015148337,0.019287699,0.015709582,0.015849684,0.020534426,0.013231826,0.013377869,0.015431723,0.014066857,0.0129829,0.015185775,0.014930878,0.014110927,0.013378629,0.015899812,0.01595449,0.013453168,0.015631263,0.01597118,0.020012385,0.012121863,0.012230119,0.015484074,0.012795269,0.014501472,0.01361223,0.018425041,0.015137806,0.022118266,0.018393606,0.013496818,0.018096002,0.016520484,0.025308648,0.014609491,0.016708911,0.015081716,0.016638691,0.018971293,0.013583417,0.01361325,0.014424373,0.013324961,0.018949746,0.013987991,0.015546302,0.012956497,0.01975721,0.014142248,0.01322219,0.01365757,0.014580229,0.018502203,0.014491872,0.014264618,0.013453405,0.01304713,0.018480662,0.017089266,0.014472545,0.01316305,0.013260435,0.020205225,0.036373587,0.014985958,0.013512452,0.012410948,0.02037499,0.064280826,0.015380819,0.01261873,0.013359017,0.032476178,0.030274164,0.013324043,0.013533429,0.024169738,NA,0.013636674,0.013620866,0.019239361,0.017667012,0.01780973,0.01535556,0.012944577,0.016379215
F8_T1,0.00236705,0.002269727,0.003149163,0.008808938,0.008838395,0.001485349,0.0017013,0.003113991,0.0103069,0.003827616,0.002329583,0.004643482,0.002405619,0.00322091,0.009865924,0.001869292,0.002252196,0.003939269,0.002197895,0.002971529,0.002531203,0.002952969,0.002561456,0.002881541,0.004234296,0.002757601,0.002385388,0.003086507,0.002176276,0.006238459,0.00131519,0.002019042,0.00395832,0.002627389,0.003634152,0.002440702,0.004161502,0.002480886,0.010269927,0.006873346,0.001854055,0.004527803,0.003504063,0.012436629,0.003393204,0.003245885,0.002890674,0.003809182,0.009274091,0.004760651,0.001029975,0.002920671,0.00345786,0.008586971,0.001665936,0.002998853,0.001842117,0.01005996,0.006223036,0.00137802,0.002746723,0.001822916,0.009638671,0.007179194,0.001382562,0.00301375,0.001949286,0.008519974,0.008035859,0.001854208,0.002694967,0.002728723,0.012521814,0.026633998,0.001986538,0.002684882,0.001718447,0.011566349,0.053872029,0.001556366,0.001760234,0.001872688,0.021641422,0.023164186,0.002063757,0.0015238,0.013903452,0.013636674,NA,0.002738832,0.007172776,0.009472268,0.004446539,0.002234674,0.00336466,0.005217224
F8_T2,0.002575177,0.003196133,0.004661073,0.010018889,0.008077513,0.004074983,0.003329273,0.004089989,0.012240828,0.005576094,0.004122931,0.008159444,0.003377771,0.005240871,0.012418289,0.004041848,0.004870404,0.00698071,0.004693353,0.004918441,0.003833836,0.003702572,0.004784382,0.00358183,0.006006689,0.004202802,0.002582161,0.005051808,0.004723091,0.008742705,0.00298693,0.003508607,0.005943018,0.00376302,0.004643337,0.002864999,0.006617184,0.004589256,0.013970113,0.005317669,0.003466232,0.007429902,0.005145633,0.012964815,0.004489287,0.004751035,0.004120217,0.005445763,0.010843469,0.00526475,0.001984954,0.002820782,0.004419843,0.0128428,0.003630503,0.00346286,0.003222561,0.009832912,0.004961623,0.002538365,0.002483845,0.003358401,0.010799854,0.007019974,0.002746486,0.004328772,0.003998921,0.008873727,0.007654263,0.003536092,0.002048763,0.003676553,0.010290116,0.025918448,0.003771843,0.002218743,0.003088294,0.012193009,0.055592697,0.003488139,0.002318615,0.003538203,0.0237608,0.025049753,0.003680855,0.002957554,0.015314561,0.013620866,0.002738832,NA,0.009587889,0.009368382,0.006859562,0.003931105,0.005513845,0.007030762
F8_T4,0.009550441,0.007469149,0.007380355,0.014673623,0.012664649,0.007000043,0.007352049,0.008382125,0.012737626,0.008268088,0.009460672,0.008444298,0.00699862,0.007191777,0.017526229,0.006948989,0.007895374,0.00856389,0.006599115,0.008110919,0.006967003,0.008302533,0.008174286,0.007741866,0.009286939,0.007599357,0.007517487,0.008138073,0.007136796,0.01069003,0.007546315,0.007466454,0.006965281,0.006824935,0.008174766,0.007394845,0.008199019,0.007300325,0.013605965,0.012215336,0.008134848,0.00825673,0.006869584,0.016636413,0.007587182,0.008117842,0.008008651,0.009201458,0.013609139,0.010031258,0.007405154,0.008229949,0.006478434,0.010955699,0.007824383,0.008859486,0.007857391,0.012937872,0.011559434,0.007862049,0.008213971,0.00755631,0.012781412,0.010130273,0.007351046,0.008019922,0.006498544,0.010953164,0.015355977,0.008047331,0.008363475,0.00754747,0.015301504,0.03177014,0.008768698,0.009212318,0.00734587,0.0131665,0.056929925,0.006139378,0.007807388,0.007466407,0.023934563,0.024009226,0.00848421,0.00805008,0.015544181,0.019239361,0.007172776,0.009587889,NA,0.011966098,0.009264211,0.008356011,0.006250633,0.007820506
F8_T5,0.009804158,0.009077727,0.00988945,0.016602013,0.012721822,0.010659046,0.009678757,0.010684283,0.016785737,0.010659951,0.011540007,0.011516473,0.0092122,0.009426701,0.019769011,0.009172219,0.009886184,0.010724805,0.008749195,0.00954424,0.009325791,0.01067831,0.010318553,0.009717242,0.012900202,0.010294972,0.0083611,0.010708949,0.009219242,0.013704519,0.009390625,0.008578458,0.009121606,0.008378615,0.008692701,0.008060102,0.010948574,0.009531308,0.01719839,0.012642622,0.009926293,0.0096721,0.009107359,0.017386297,0.008979395,0.010517644,0.009840254,0.011136912,0.01523295,0.011555384,0.009036785,0.009437878,0.007810336,0.012977001,0.010621594,0.008996458,0.009417502,0.013140422,0.009338151,0.009369919,0.008720944,0.009195018,0.012915825,0.007384049,0.009621713,0.009258729,0.008678052,0.011651553,0.015161467,0.010162542,0.008551699,0.008321095,0.012331691,0.030505885,0.010594742,0.009465583,0.008527804,0.015021449,0.056669831,0.009272541,0.008952401,0.008794508,0.027424031,0.024709981,0.010074116,0.009481646,0.017149158,0.017667012,0.009472268,0.009368382,0.011966098,NA,0.012347146,0.009838603,0.007842851,0.008743369
F9_T1,0.0061089,0.006030238,0.005617357,0.010656752,0.01283884,0.004346601,0.004531779,0.006145003,0.014352375,0.005743163,0.006224086,0.006813326,0.005494182,0.00617185,0.012666445,0.005620244,0.006192323,0.006235766,0.005622757,0.006147655,0.006010324,0.007208266,0.005200502,0.006660629,0.00708525,0.00525316,0.005836275,0.005440832,0.005884363,0.009192014,0.004900012,0.005364064,0.007167457,0.006190402,0.006040994,0.007088505,0.006567516,0.004343412,0.015539178,0.010309766,0.005351188,0.00781488,0.007241408,0.015658207,0.007311644,0.006321244,0.005287334,0.006737553,0.012637522,0.007844947,0.0037766,0.005577812,0.007685632,0.007920052,0.004180433,0.005487152,0.004204088,0.0137373,0.011801714,0.004712766,0.005708809,0.005237481,0.013794455,0.01245389,0.004398671,0.006132475,0.004231489,0.011220826,0.011913753,0.004621703,0.006271238,0.005321879,0.016674736,0.030314547,0.005103748,0.006370381,0.00413582,0.016724021,0.058188977,0.003403363,0.00603088,0.004743877,0.025222744,0.026905718,0.00543557,0.004325776,0.017094583,0.01780973,0.004446539,0.006859562,0.009264211,0.012347146,NA,0.004411414,0.006885214,0.006876196
F9_T2,0.003754354,0.003298321,0.003700433,0.010145195,0.011108986,0.002717164,0.002719919,0.003284907,0.011621277,0.004563859,0.003725343,0.005491266,0.003256893,0.004007946,0.011131859,0.003920599,0.004353867,0.004533461,0.003555983,0.005023293,0.003344156,0.004294427,0.003417063,0.003971545,0.004942169,0.002750358,0.003043312,0.003629272,0.003421229,0.00757841,0.002393198,0.003283612,0.004477768,0.003763119,0.004375026,0.004185584,0.004519648,0.003054555,0.012603485,0.007774025,0.003136464,0.005303009,0.005076363,0.013963866,0.004759469,0.003925661,0.003223714,0.004553709,0.010227885,0.006037865,0.002127033,0.003072881,0.004344287,0.009044775,0.002503256,0.003452698,0.002467754,0.010142452,0.008722678,0.00259164,0.003403046,0.003005971,0.011415751,0.009192061,0.002613074,0.002818831,0.002769169,0.008325322,0.009832692,0.002799557,0.003776828,0.003589717,0.013480271,0.029001698,0.00279991,0.003318134,0.002630153,0.012985865,0.059295764,0.002386048,0.003141829,0.002878538,0.022152753,0.02388506,0.002698093,0.002583917,0.015176841,0.01535556,0.002234674,0.003931105,0.008356011,0.009838603,0.004411414,NA,0.004678883,0.005051428
F9_T4,0.004360722,0.003260655,0.004123889,0.010615966,0.008981393,0.003725318,0.003058391,0.00404418,0.011689285,0.005218715,0.004621068,0.005340636,0.00418257,0.004219372,0.012624729,0.002946417,0.00416883,0.00409259,0.002987663,0.003606638,0.003303178,0.00443787,0.003490425,0.004017188,0.006489197,0.004591008,0.003275556,0.004254933,0.004657112,0.007550132,0.003232915,0.003294162,0.003161242,0.002441631,0.003846366,0.003438077,0.004572927,0.003002514,0.009948007,0.008834241,0.004016989,0.004067784,0.004052105,0.012469855,0.003917085,0.005119726,0.004262472,0.005466419,0.009979773,0.006027774,0.00330358,0.004822129,0.002762198,0.006922069,0.004021554,0.003821716,0.00359586,0.007244858,0.006392919,0.003903922,0.004335051,0.003299787,0.007629529,0.005813259,0.003682932,0.003907994,0.002699572,0.006368661,0.009297788,0.003911779,0.00415013,0.00310236,0.009750278,0.026527036,0.004217245,0.004141175,0.002963986,0.009756309,0.05590709,0.00342672,0.003253859,0.003072721,0.018901963,0.018074469,0.004092542,0.003648255,0.012215312,0.012944577,0.00336466,0.005513845,0.006250633,0.007842851,0.006885214,0.004678883,NA,0.003584333
F9_T5,0.005872808,0.005193511,0.005063866,0.011386855,0.010418362,0.005252456,0.004884387,0.005948183,0.012046316,0.005761326,0.006322014,0.005562973,0.00528152,0.005119719,0.014448862,0.005273422,0.006111317,0.005160547,0.005114027,0.005737915,0.005121345,0.007033718,0.005447603,0.006418443,0.007800922,0.005481313,0.005198411,0.005616788,0.005230097,0.008662641,0.005451549,0.005137064,0.004835171,0.004982153,0.005576172,0.005338759,0.004851224,0.004257408,0.012257465,0.010489476,0.005670625,0.00469177,0.004989433,0.013289395,0.005677332,0.006476169,0.005345667,0.00649185,0.01041301,0.00797964,0.004563138,0.005327597,0.004513653,0.007770816,0.005585549,0.004252487,0.004927541,0.009092814,0.008843178,0.00567908,0.005414185,0.004574065,0.009284441,0.008412648,0.005336069,0.005969638,0.004307559,0.007731172,0.011777626,0.005781883,0.005513313,0.004812058,0.011828733,0.02698195,0.00589021,0.005988327,0.004427205,0.010517265,0.056542502,0.004463006,0.004812825,0.00401904,0.021761064,0.021944601,0.006024301,0.00506877,0.01357518,0.016379215,0.005217224,0.007030762,0.007820506,0.008743369,0.006876196,0.005051428,0.003584333,NA