Eigvals	196
11.625846543486325	9.688382519509	7.82383121167512	4.625196480007583	3.8985500122429184	2.6579458005819343	1.8747194294745828	1.7448305027979694	1.4572659541564428	1.2023514724570101	0.9368487740279701	0.9056001022670044	0.743884532118704	0.7263450553313529	0.6570664115173426	0.5610696200492788	0.5323948854803677	0.5189087453666421	0.428439706850539	0.4207877843365857	0.380547104296427	0.3437870162015413	0.3237701822162409	0.29405069220021907	0.2844610311496443	0.2618837725333574	0.22929228324847895	0.21580768871590195	0.20759702388980839	0.19613686407577813	0.19066017418506753	0.16981108870601513	0.16146605198514075	0.15210055476933837	0.1405734917691328	0.133694132025175	0.11491701578713953	0.1036545756459688	0.100055446902523	0.09747527433362335	0.0940886882958536	0.0860871455631731	0.08000256180228138	0.0775144341867261	0.07389296479054308	0.06952617185739829	0.06454472290409308	0.06217329866972532	0.056206315865909906	0.05613360254540961	0.04955428277078244	0.048551539236290964	0.0473839969674662	0.04151110156914095	0.037287113014358386	0.03487235991136184	0.03244918915522954	0.027449432304582855	0.025320014040497715	0.02484959661818214	0.02048619074389201	0.02017591655295603	0.01873813577051875	0.01643831603798085	0.014691654258385367	0.013706173659710386	0.01268341215617419	0.009757742885172477	0.009362033321353063	0.00832078799184055	0.0064929568988578955	0.0059858341554930045	0.0024450463988004278	0.002116780943390794	0.001359071239584815	0.0	0.0	0.0	0.0	0.0	0.0	0.0	0.0	0.0	0.0	0.0	0.0	0.0	0.0	0.0	0.0	0.0	0.0	0.0	0.0	0.0	0.0	0.0	0.0	0.0	0.0	0.0	0.0	0.0	0.0	0.0	0.0	0.0	0.0	0.0	0.0	0.0	0.0	0.0	0.0	0.0	0.0	0.0	0.0	0.0	0.0	0.0	0.0	0.0	0.0	0.0	0.0	0.0	0.0	0.0	0.0	0.0	0.0	0.0	0.0	0.0	0.0	0.0	0.0	0.0	0.0	0.0	0.0	0.0	0.0	0.0	0.0	0.0	0.0	0.0	0.0	0.0	0.0	0.0	0.0	0.0	0.0	0.0	0.0	0.0	0.0	0.0	0.0	0.0	0.0	0.0	0.0	0.0	0.0	0.0	0.0	0.0	0.0	0.0	0.0	0.0	0.0	0.0	0.0	0.0	0.0	0.0	0.0	0.0	0.0	0.0	0.0	0.0	0.0	0.0	0.0	0.0	0.0	0.0	0.0	0.0

Proportion explained	196
0.19912670542284408	0.16594195397039646	0.13400604653930828	0.07922004935746024	0.06677409829558309	0.04552511410525198	0.03211006632395488	0.029885337660689106	0.024959951715398377	0.020593793886330897	0.016046281804411092	0.015511056689119403	0.012741203450582566	0.0124407884903092	0.011254188611560956	0.009609962124939277	0.0091188232300447	0.008887833543429438	0.007338286031762234	0.007207224425654238	0.006517984806810217	0.0058883605290418785	0.005545513563912954	0.005036480169088625	0.004872229109694365	0.004485527366391243	0.003927302564279275	0.0036963393502723457	0.0035557076440102956	0.0033594188095713374	0.00326561443924178	0.0029085127273798593	0.0027655795084830905	0.002605167911937941	0.0024077331642964007	0.0022899039605383	0.0019682907962980866	0.0017753884909094246	0.0017137428596520118	0.0016695498401462416	0.0016115446258326291	0.0014744947485012046	0.0013702784134890641	0.0013276619336564871	0.0012656336532251052	0.0011908395221664888	0.0011055176047823736	0.0010649000124906439	0.0009626979386378595	0.000961452509851455	0.000848762370191999	0.0008315874474317104	0.0008115898632073388	0.0007109993120085787	0.0006386511245874309	0.0005972913983936687	0.000555787495212016	0.0004701520014128681	0.00043367947084845286	0.00042562219337374807	0.00035088607562782054	0.00034557172048063037	0.0003209455094553849	0.0002815543541796171	0.0002516376505350367	0.00023475840616016342	0.00021724061699352572	0.00016712995357539987	0.0001603522671976437	0.00014251788832233354	0.00011121092222282007	0.00010252495851656225	4.1878587694923774e-05	3.6256079398831293e-05	2.3278079352001325e-05	0.0	0.0	0.0	0.0	0.0	0.0	0.0	0.0	0.0	0.0	0.0	0.0	0.0	0.0	0.0	0.0	0.0	0.0	0.0	0.0	0.0	0.0	0.0	0.0	0.0	0.0	0.0	0.0	0.0	0.0	0.0	0.0	0.0	0.0	0.0	0.0	0.0	0.0	0.0	0.0	0.0	0.0	0.0	0.0	0.0	0.0	0.0	0.0	0.0	0.0	0.0	0.0	0.0	0.0	0.0	0.0	0.0	0.0	0.0	0.0	0.0	0.0	0.0	0.0	0.0	0.0	0.0	0.0	0.0	0.0	0.0	0.0	0.0	0.0	0.0	0.0	0.0	0.0	0.0	0.0	0.0	0.0	0.0	0.0	0.0	0.0	0.0	0.0	0.0	0.0	0.0	0.0	0.0	0.0	0.0	0.0	0.0	0.0	0.0	0.0	0.0	0.0	0.0	0.0	0.0	0.0	0.0	0.0	0.0	0.0	0.0	0.0	0.0	0.0	0.0	0.0	0.0	0.0	0.0	0.0	0.0

Species	0	0

Site	196	196
S1-female-1	0.4499698420776858	0.16216669585084698	-0.142782321902211	-0.22522541924771403	0.2557108007958227	0.05321181450621083	-0.04481323628511513	0.0963631829389866	0.13975515995819182	-0.05161237988829718	0.0010126145716690652	-0.07304161625590198	-0.014338262664704707	-0.0017360583036659144	-0.03648564846517493	0.05211440811364197	0.0009040101798538896	0.006916014744134766	-0.009061613457441676	-0.04962383565314658	-0.03248701245961955	0.05247699175329875	0.015212880525347932	0.011244458492610559	-0.012796465885320888	0.01428418757825681	-0.03321534631116921	0.011920150729349061	-0.006438643909299284	-0.0008864746889610495	-0.011339296276999101	0.01056419553465866	-0.003991096055713349	-0.05876818301528973	0.006499103031706338	-0.015291510553878562	-0.017307838062773043	0.009530837119783664	-0.006990335209428034	0.004040429171851917	-0.003297441166157887	-0.01634725046550155	-0.011139914348781983	0.01877126908751194	0.0036686822123748195	-0.014594732144556068	-0.01652594029524384	-0.025326611763957313	0.008485800507841335	-0.016978942508796044	0.00014634416758024985	-0.017377417414694393	0.021604287549914607	0.018770119956694337	-0.012586848166068847	-0.010304166391194166	0.012733155420062182	-0.0035062148462218926	0.014210486406242525	-0.011559612615270613	-0.002716676432096666	0.0058485003579589025	-0.0032127119581745103	-0.00245569298805255	0.013587621215200988	0.03181295181730763	-0.0013814892385666455	-0.01062067275068912	-0.00956010939438845	0.007964414911406145	0.00395400596098058	-0.0035504306519530734	0.008681238102519364	-0.006724646583830743	0.0035132445420418606	-0.0	0.0	0.0	0.0	0.0	0.0	0.0	0.0	0.0	0.0	0.0	0.0	0.0	0.0	0.0	0.0	0.0	0.0	0.0	0.0	0.0	0.0	0.0	0.0	0.0	0.0	0.0	0.0	0.0	0.0	0.0	0.0	0.0	0.0	0.0	0.0	0.0	0.0	0.0	0.0	0.0	0.0	0.0	0.0	0.0	0.0	0.0	0.0	0.0	0.0	0.0	0.0	0.0	0.0	0.0	0.0	0.0	0.0	0.0	0.0	0.0	0.0	0.0	0.0	0.0	0.0	0.0	0.0	0.0	0.0	0.0	0.0	0.0	0.0	0.0	0.0	0.0	0.0	0.0	0.0	0.0	0.0	0.0	0.0	0.0	0.0	0.0	0.0	0.0	0.0	0.0	0.0	0.0	0.0	0.0	0.0	0.0	0.0	0.0	0.0	0.0	0.0	0.0	0.0	0.0	0.0	0.0	0.0	0.0	0.0	0.0	0.0	0.0	0.0	0.0	0.0	0.0	0.0	0.0	0.0	0.0
S1-female-3	0.10302514699362919	0.10804925734043959	0.009707431268123737	0.13849327708480608	0.03880627580730507	0.016512185811862132	0.08739875580111778	-0.34454180561060777	0.017567875208999367	0.014127415279547145	-0.13666426170419302	0.03336858977504293	-0.38615533062673657	-0.0563675607920367	-0.026867071890967282	-0.043507281551895795	0.06613931603752607	-0.020240893761225388	-0.04789114135335809	0.08377423809039873	0.051569165080428254	0.011871667746410606	0.03172059947336089	-0.10929994923690615	-0.00044369882125413313	0.015894808678839696	-0.0016401853778883946	0.021459284024966833	-0.04489866375949508	0.021121591282981408	0.02878801393364188	-0.005401779598307574	0.00012490795794221787	0.00781183939701808	-0.004001201319796097	-0.012551798931388252	-0.012927517579770653	0.01683230758745925	-0.017372199359646692	-0.001137753275690846	-0.023874348194566103	-0.007725564053410991	0.007360672728503867	0.0018250162027715175	0.0002801070350649557	-0.02378922272428118	0.005020543818968439	0.00830676427001959	0.005697436805831754	-0.006482060864064967	0.004316785015117948	-0.0029787031219467167	0.00542918900771232	-0.024117257333757806	-0.003537449189158129	-0.004670670280609023	0.0018960026089216999	0.005294337607716786	0.004231560375211744	0.0023831896235479073	0.005892436612394064	-0.0022470990145464368	-0.007521066847666916	-0.007165331309227111	0.008339074473304212	-0.006084748474149809	0.0028018485206080202	0.002876835649413126	0.002271129066680185	-0.0024931819161464505	-0.004209742098987891	0.00118219893986194	0.0011166137525264483	0.002356144094426711	0.0002282832497510231	-0.0	0.0	0.0	0.0	0.0	0.0	0.0	0.0	0.0	0.0	0.0	0.0	0.0	0.0	0.0	0.0	0.0	0.0	0.0	0.0	0.0	0.0	0.0	0.0	0.0	0.0	0.0	0.0	0.0	0.0	0.0	0.0	0.0	0.0	0.0	0.0	0.0	0.0	0.0	0.0	0.0	0.0	0.0	0.0	0.0	0.0	0.0	0.0	0.0	0.0	0.0	0.0	0.0	0.0	0.0	0.0	0.0	0.0	0.0	0.0	0.0	0.0	0.0	0.0	0.0	0.0	0.0	0.0	0.0	0.0	0.0	0.0	0.0	0.0	0.0	0.0	0.0	0.0	0.0	0.0	0.0	0.0	0.0	0.0	0.0	0.0	0.0	0.0	0.0	0.0	0.0	0.0	0.0	0.0	0.0	0.0	0.0	0.0	0.0	0.0	0.0	0.0	0.0	0.0	0.0	0.0	0.0	0.0	0.0	0.0	0.0	0.0	0.0	0.0	0.0	0.0	0.0	0.0	0.0	0.0	0.0
S1-male-1	0.32343894443558174	-0.06761641610442007	-0.03664089200726148	-0.06552039871151646	-0.2043645848719882	-0.09067864644724977	-0.0874728238141271	0.01612112097110864	0.07624179194348682	0.11339758893588565	0.020896159680840423	0.10257200537940436	0.03675183604057154	0.02382212177919716	0.03393916415815575	-0.07276151057684581	0.06959572470485113	0.060365747271131774	-0.03613947175157209	0.030877861729951498	-0.043215678896051546	-0.04390094430546888	-0.018006903015979927	0.006391650302928606	0.044013100255945965	0.028541659385336537	0.01833281484649884	-0.0099785313567317	0.07946774544613368	0.06822126614072585	0.019882430938002547	-0.020345860573275712	0.0486621503029306	-0.00563331682257036	0.08643479776118364	0.05040852937819041	0.006466593013517623	0.0061800898747391315	0.05591506877480801	0.03435322719868837	0.007516145163217169	-0.06641948601938355	0.008877834528933948	-0.04820912609980898	-0.03571148351057183	-0.07220392595307859	0.00036943194550783835	-0.04507270379986382	0.008168534812657979	0.017136542259155084	-0.0004507873496196012	-0.012334675642219222	0.010183937273983399	-0.015174016922158532	-0.007443296134403803	0.015121647534356806	0.011970501183485614	0.023696471017317065	-0.0020628443826668026	-0.011861095318870418	0.0024679425627090693	-0.010820384339305223	-0.004678933398360601	-0.00920772103025431	0.0015506793015795416	-0.009116326736196131	0.0028787492780664504	-0.0046702774594468335	-0.004638632675347171	0.007758593991361032	0.003187097326148162	-5.410675907969224e-05	0.0038835376365557814	0.003100531579524777	-0.002398710778070846	-0.0	0.0	0.0	0.0	0.0	0.0	0.0	0.0	0.0	0.0	0.0	0.0	0.0	0.0	0.0	0.0	0.0	0.0	0.0	0.0	0.0	0.0	0.0	0.0	0.0	0.0	0.0	0.0	0.0	0.0	0.0	0.0	0.0	0.0	0.0	0.0	0.0	0.0	0.0	0.0	0.0	0.0	0.0	0.0	0.0	0.0	0.0	0.0	0.0	0.0	0.0	0.0	0.0	0.0	0.0	0.0	0.0	0.0	0.0	0.0	0.0	0.0	0.0	0.0	0.0	0.0	0.0	0.0	0.0	0.0	0.0	0.0	0.0	0.0	0.0	0.0	0.0	0.0	0.0	0.0	0.0	0.0	0.0	0.0	0.0	0.0	0.0	0.0	0.0	0.0	0.0	0.0	0.0	0.0	0.0	0.0	0.0	0.0	0.0	0.0	0.0	0.0	0.0	0.0	0.0	0.0	0.0	0.0	0.0	0.0	0.0	0.0	0.0	0.0	0.0	0.0	0.0	0.0	0.0	0.0	0.0
S10-female-1	0.26345904696566774	0.04418438665626433	0.38618715527591974	0.09771135525502736	0.034970821411145915	0.08097492044633645	0.006129019450697469	-0.31766021040707954	0.13065752023984012	0.1727108666631787	0.08526358813889469	0.13688100093045016	0.1316589667090703	-0.03455239323426689	-0.06275607878908716	0.14243804230517526	0.08558401189621072	-0.03799571560780072	-0.05305260038142032	-0.052711822456235506	0.07997947407945843	0.11304212166642039	0.01281503208004115	-0.052135580138962294	-0.06413182437166369	0.024444354913390157	-0.014758185298237282	0.06433549555833425	-0.03966836191029879	0.06430325341147557	0.008455557404770947	-0.021653470706823382	0.03175598416044606	0.01822777564225976	-0.006315862255331789	0.000839184300999894	-0.002920603472247029	0.0015457752316866663	0.024802075914851226	-0.006948129524698165	0.05145878452178675	0.0013893568300079498	-0.012249206078756632	0.019718418371733732	-0.017474462553030458	-0.016630296118566132	0.0031518996713112138	0.005229598944414369	0.00030921614336124997	-0.017071197837530583	-0.012655557824076185	0.008008661143726654	-0.01471713764844001	-0.009118762290971593	0.005950298594415263	-0.00414759271983792	-0.006042697721104868	-0.0002627331675914402	-0.003803224995663404	0.003816309240873738	0.0005806272357819939	0.0007553182166707045	-0.01025352177573192	0.012259709808519207	-0.004910710636081212	0.0076086028857246975	0.008108994000214325	0.0015691672117219755	0.00665488354909587	-0.004184354613202904	0.005866262126673645	0.0011826346528300668	-0.0011630404470671164	-0.0021317033752946647	0.0027449034288469635	-0.0	0.0	0.0	0.0	0.0	0.0	0.0	0.0	0.0	0.0	0.0	0.0	0.0	0.0	0.0	0.0	0.0	0.0	0.0	0.0	0.0	0.0	0.0	0.0	0.0	0.0	0.0	0.0	0.0	0.0	0.0	0.0	0.0	0.0	0.0	0.0	0.0	0.0	0.0	0.0	0.0	0.0	0.0	0.0	0.0	0.0	0.0	0.0	0.0	0.0	0.0	0.0	0.0	0.0	0.0	0.0	0.0	0.0	0.0	0.0	0.0	0.0	0.0	0.0	0.0	0.0	0.0	0.0	0.0	0.0	0.0	0.0	0.0	0.0	0.0	0.0	0.0	0.0	0.0	0.0	0.0	0.0	0.0	0.0	0.0	0.0	0.0	0.0	0.0	0.0	0.0	0.0	0.0	0.0	0.0	0.0	0.0	0.0	0.0	0.0	0.0	0.0	0.0	0.0	0.0	0.0	0.0	0.0	0.0	0.0	0.0	0.0	0.0	0.0	0.0	0.0	0.0	0.0	0.0	0.0	0.0
S10-female-2	0.3751699340670503	-0.021046664220703164	-0.1789937977479719	-0.12935056113674007	-0.1466413534728501	-0.09035319708932862	-0.07675819049284639	0.02232259594000607	0.0884140698176438	0.10409904298607395	-0.058503121257024254	0.07232830688059534	0.033188905365561766	-0.08684509717733845	0.05511668322504664	-0.040913850280327596	-0.07343308422265155	0.07714545845274015	0.013012144373283564	0.0522383455783235	0.06785176944443234	0.042551037885173754	-0.06638742308528511	0.035637556231860164	-0.01731891893256345	0.01786992725388401	0.02174790256036841	-0.09475421501677986	-0.00403980556082561	-0.05421893989947047	0.05019707500954525	0.013937679683668066	-0.01015964580166281	0.01908663882318034	-0.054317463809141715	0.0009150833920396419	-0.03894623601309932	0.0549584755190954	-0.021215878016281997	-0.009616242890980802	-0.015133869909671844	0.03380954378066471	0.008486275740006726	0.06247313856998963	0.0018019746558713453	-0.024547285762347337	0.00293535712049415	-0.02352309484267125	-0.004019583992537196	0.036185021081454626	0.0362729321917887	0.007130267363833268	0.01173709362880437	0.03269213975543734	-0.008220988218045308	0.016247237460165573	0.007759662867196559	-0.006200975300873055	-0.0014926677268048603	0.014866973353205006	-0.021897456151962452	0.004296716144436412	-0.00037535988658099815	-0.001186952188840761	-0.007552339773817898	0.0072311329101810975	-0.0025215687397515305	0.003035594793575124	0.011526976637095034	0.003946691901104356	-0.005841883569472577	-0.0002993464883578678	-0.002635057763200466	-0.0019717299734972765	-0.002464852876931245	-0.0	0.0	0.0	0.0	0.0	0.0	0.0	0.0	0.0	0.0	0.0	0.0	0.0	0.0	0.0	0.0	0.0	0.0	0.0	0.0	0.0	0.0	0.0	0.0	0.0	0.0	0.0	0.0	0.0	0.0	0.0	0.0	0.0	0.0	0.0	0.0	0.0	0.0	0.0	0.0	0.0	0.0	0.0	0.0	0.0	0.0	0.0	0.0	0.0	0.0	0.0	0.0	0.0	0.0	0.0	0.0	0.0	0.0	0.0	0.0	0.0	0.0	0.0	0.0	0.0	0.0	0.0	0.0	0.0	0.0	0.0	0.0	0.0	0.0	0.0	0.0	0.0	0.0	0.0	0.0	0.0	0.0	0.0	0.0	0.0	0.0	0.0	0.0	0.0	0.0	0.0	0.0	0.0	0.0	0.0	0.0	0.0	0.0	0.0	0.0	0.0	0.0	0.0	0.0	0.0	0.0	0.0	0.0	0.0	0.0	0.0	0.0	0.0	0.0	0.0	0.0	0.0	0.0	0.0	0.0	0.0
S10-Female-3	0.16483959532601777	-0.16706214861535937	0.3622056088213449	0.2940294250352928	0.10650814801432376	-0.09417598704529254	0.007569080819429565	-0.02005412833509385	-0.060221283489081824	-0.002139743760741222	0.12698779556908374	-0.023499600010158283	-0.02583237209555184	-0.03487837080241205	-0.001013600643645713	0.04554640981549831	-0.005296579819302286	0.03111577487651465	0.03270020725992764	-0.017279692951689084	0.024672108578781132	0.019478124820432506	-0.01809234048054174	0.005384955864240943	0.0009727408892561255	0.019515173286509018	0.01711787429182578	0.011079788744177876	0.039188740993960046	-0.06203614268223264	-0.02276240403395948	-0.046153868310940066	-0.02396380241417186	0.03296207687391038	-0.03111762266511765	-0.035439952189283676	-0.02635076772321776	0.0026779007850442917	0.005663490618547606	-0.008483127494150587	0.0007336803420806634	-0.01122638181697038	0.017149941415051898	0.02750485212766492	-0.01648059838690911	-0.02213818159393057	-0.008066784663654448	-0.0034450817115339706	0.010124901864889516	-0.004995673565948156	-0.013237865163659789	-0.0071478836915650655	0.047509847503806935	-0.006507353789552819	0.010915443950899991	0.008617413259920147	0.010728285588410663	0.0002921550193072949	-0.01108383869131061	-0.000823413947166191	0.008787832413138123	-0.002416215228779035	0.0029130713680509592	-0.010155466839089524	0.007034894561661878	-0.0015516519001629093	-0.0008772453243760533	0.0036129757387817806	0.008440631581873607	-0.007527728387416754	0.001949864061334035	0.001752052204557558	2.126319458369213e-05	0.006518506302274503	-0.0044686019880298	-0.0	0.0	0.0	0.0	0.0	0.0	0.0	0.0	0.0	0.0	0.0	0.0	0.0	0.0	0.0	0.0	0.0	0.0	0.0	0.0	0.0	0.0	0.0	0.0	0.0	0.0	0.0	0.0	0.0	0.0	0.0	0.0	0.0	0.0	0.0	0.0	0.0	0.0	0.0	0.0	0.0	0.0	0.0	0.0	0.0	0.0	0.0	0.0	0.0	0.0	0.0	0.0	0.0	0.0	0.0	0.0	0.0	0.0	0.0	0.0	0.0	0.0	0.0	0.0	0.0	0.0	0.0	0.0	0.0	0.0	0.0	0.0	0.0	0.0	0.0	0.0	0.0	0.0	0.0	0.0	0.0	0.0	0.0	0.0	0.0	0.0	0.0	0.0	0.0	0.0	0.0	0.0	0.0	0.0	0.0	0.0	0.0	0.0	0.0	0.0	0.0	0.0	0.0	0.0	0.0	0.0	0.0	0.0	0.0	0.0	0.0	0.0	0.0	0.0	0.0	0.0	0.0	0.0	0.0	0.0	0.0
S10-male-1	0.4557798511314633	0.11785909644581548	-0.17518002719716663	-0.23043831089152397	0.20508642157683238	0.06236591845567167	0.018229895220100285	0.04797224123556135	0.09305048227224884	-0.09326972179477987	-0.03224774293385582	-0.14096992114588033	-0.037958802811883297	-0.009361423516013117	0.05883783058522879	0.03999504115733755	0.07815790214133406	-0.011421222350069322	0.11627533568746246	-0.14381159378140593	-0.0090781457825561	-0.00845792250334179	0.019064667215158603	0.002333255207140442	-0.00764412774273437	-0.0010338210890580416	0.022529277061611338	-0.034332238296146136	0.00516781126549423	0.0032685471308554733	0.03771805534069051	-0.009359984950044906	-0.015726975343082816	0.03630665112155784	-0.0161674823529785	0.011077927339469029	0.0006942077580403143	0.026763745969279776	0.023899321913428046	-0.0007032504967267205	-0.0057665945199687875	-0.009949325531038052	-0.0003496822590019244	-3.7959376811447896e-05	-0.0050602941043798415	-0.0013521461772724674	-0.004221379853715968	-0.01432413756121455	-0.01399547986112915	-0.019086036006421177	0.015836049175182873	0.012566936582085509	-0.007156673212378807	0.0024860187942817515	-0.028780090636865718	0.003704578585957397	-0.01779584070291148	0.006530923526200296	-0.006524439818012723	0.003733527687234916	0.010692590112589127	-0.0014567307193704608	0.0013456548112895674	0.011611200998124524	-0.004900312595807502	-0.004564418591721041	0.015776980370562202	0.009883695103179624	0.005715570463677802	-0.007584201518016643	0.001409268073687691	-0.002802687941902199	-0.0010024781394496027	0.0005461161947190581	-0.0017001483975894098	-0.0	0.0	0.0	0.0	0.0	0.0	0.0	0.0	0.0	0.0	0.0	0.0	0.0	0.0	0.0	0.0	0.0	0.0	0.0	0.0	0.0	0.0	0.0	0.0	0.0	0.0	0.0	0.0	0.0	0.0	0.0	0.0	0.0	0.0	0.0	0.0	0.0	0.0	0.0	0.0	0.0	0.0	0.0	0.0	0.0	0.0	0.0	0.0	0.0	0.0	0.0	0.0	0.0	0.0	0.0	0.0	0.0	0.0	0.0	0.0	0.0	0.0	0.0	0.0	0.0	0.0	0.0	0.0	0.0	0.0	0.0	0.0	0.0	0.0	0.0	0.0	0.0	0.0	0.0	0.0	0.0	0.0	0.0	0.0	0.0	0.0	0.0	0.0	0.0	0.0	0.0	0.0	0.0	0.0	0.0	0.0	0.0	0.0	0.0	0.0	0.0	0.0	0.0	0.0	0.0	0.0	0.0	0.0	0.0	0.0	0.0	0.0	0.0	0.0	0.0	0.0	0.0	0.0	0.0	0.0	0.0
S10-male-2-	-0.2007015063303051	-0.08943532165037836	0.06929010156077296	-0.24213819749465418	0.06407077596500102	-0.10930050414758138	-0.0612380335837587	-0.008788447050243713	0.06694842240998206	0.17022864350921135	-0.12910922328548824	0.11593439682376218	0.11793527321413443	0.0700365097901223	0.016840853527098285	-0.03224042066889342	-0.03357626806353938	0.05657082072103003	0.039367927886109294	0.056584205178807995	-0.15710543266494062	0.09002000023722807	0.03779122912961217	-0.031936877067766385	0.041641725674755	0.0784501853573547	-0.001444494346612414	0.03726505537501542	0.051398705911730375	-0.010543178934875634	0.09857459572106145	-0.02308998750968927	-0.024110875331302396	0.022406842019520302	0.021855819897080533	0.04979857788891342	-0.03866375987569014	0.06510241809878986	0.03781185520729783	0.0018051131504030896	0.04328949234872374	0.009563314004106404	0.006332497489364519	-0.040703146974925546	-0.0395702111149758	-0.06738601682018965	-0.005479132701178307	-0.021645627175040056	0.00868325109032338	-0.012958996088112303	-0.01616390212902261	-0.01710805836877895	-0.0082195755902513	-0.008351049913249906	0.0007224275773736934	-0.017995226695915762	-0.00534742724862332	0.0037572659881994607	-0.012278841762518911	-0.01491140122061314	-0.009421417963802964	-0.010214018356574213	0.00327810798440712	-0.0037484697543049856	-0.0011742715495683819	0.005819552835347011	0.0015365093131387607	0.0014373111124521552	-0.0022998427666147655	-0.004594907316508363	0.00054510658464312	-0.0025173213337980234	-0.00026934833715325094	0.0016031241619610238	-4.034580915484186e-05	-0.0	0.0	0.0	0.0	0.0	0.0	0.0	0.0	0.0	0.0	0.0	0.0	0.0	0.0	0.0	0.0	0.0	0.0	0.0	0.0	0.0	0.0	0.0	0.0	0.0	0.0	0.0	0.0	0.0	0.0	0.0	0.0	0.0	0.0	0.0	0.0	0.0	0.0	0.0	0.0	0.0	0.0	0.0	0.0	0.0	0.0	0.0	0.0	0.0	0.0	0.0	0.0	0.0	0.0	0.0	0.0	0.0	0.0	0.0	0.0	0.0	0.0	0.0	0.0	0.0	0.0	0.0	0.0	0.0	0.0	0.0	0.0	0.0	0.0	0.0	0.0	0.0	0.0	0.0	0.0	0.0	0.0	0.0	0.0	0.0	0.0	0.0	0.0	0.0	0.0	0.0	0.0	0.0	0.0	0.0	0.0	0.0	0.0	0.0	0.0	0.0	0.0	0.0	0.0	0.0	0.0	0.0	0.0	0.0	0.0	0.0	0.0	0.0	0.0	0.0	0.0	0.0	0.0	0.0	0.0	0.0
S2-female-1	0.46452749269622434	0.1456021476077327	-0.047043623850446706	-0.132146483435324	0.20189411345278674	-0.035894631547878746	-0.01965388706811569	0.039343894457919935	0.07839436742614088	0.013509787062931381	-0.0037915320003296784	-0.057658404150721876	-0.01901141620307378	0.08631440862005235	0.06843934534552801	-0.01726951975576647	0.02136777199149355	0.053358012445939164	0.04570836174748029	0.022229253219487453	-0.07329124079849283	0.008283649540099873	0.04422135111118321	-0.005087171348489617	-0.030501515285125454	-0.02234472633986062	0.009169824152055375	-0.00613851615028281	-0.0048686032514528845	-0.015758223249213235	-0.039632458297480196	-0.0033597055577421738	-0.015238975907276436	0.04382959286147429	0.025058920365016647	-0.0016095157810457215	0.028474653188878974	-0.03759554165312397	0.014699532814217242	-0.0067433045147684495	0.006428490444674099	-0.007412461495333048	-0.005654215148812742	0.014232558846352506	0.02020399773059894	-0.035432084468583654	-0.019725055776464627	0.011559369908518535	-0.037966081870884245	-0.004842850736414365	0.004732628204786361	0.031687314466323994	-0.010423684937162479	0.0063962401039856474	0.01309232199147107	-0.008651965273772154	0.001079783407565373	0.013892338175677501	0.0021192841138020163	0.0013072123884185747	0.015349263067176606	-0.006618567560030874	0.013173153882309744	-0.005601970632876545	-0.010093303779859635	-0.012429794093115926	-0.016777914609061167	0.0060051379741103495	-0.0075656495542296654	0.020539910186038738	0.006884444151157741	0.004196968636369672	0.001055012342728729	0.002423606969292282	0.0028668155467118086	-0.0	0.0	0.0	0.0	0.0	0.0	0.0	0.0	0.0	0.0	0.0	0.0	0.0	0.0	0.0	0.0	0.0	0.0	0.0	0.0	0.0	0.0	0.0	0.0	0.0	0.0	0.0	0.0	0.0	0.0	0.0	0.0	0.0	0.0	0.0	0.0	0.0	0.0	0.0	0.0	0.0	0.0	0.0	0.0	0.0	0.0	0.0	0.0	0.0	0.0	0.0	0.0	0.0	0.0	0.0	0.0	0.0	0.0	0.0	0.0	0.0	0.0	0.0	0.0	0.0	0.0	0.0	0.0	0.0	0.0	0.0	0.0	0.0	0.0	0.0	0.0	0.0	0.0	0.0	0.0	0.0	0.0	0.0	0.0	0.0	0.0	0.0	0.0	0.0	0.0	0.0	0.0	0.0	0.0	0.0	0.0	0.0	0.0	0.0	0.0	0.0	0.0	0.0	0.0	0.0	0.0	0.0	0.0	0.0	0.0	0.0	0.0	0.0	0.0	0.0	0.0	0.0	0.0	0.0	0.0	0.0
S2-male-1	0.41620777872169007	0.12892319680460115	-0.08822008244087705	-0.15977818896909152	0.030320993120387028	-0.06697621407160773	-0.07382756879544171	0.10711179695808518	0.09324634118664245	0.02245112732983632	0.034596130412760835	0.11586465821539615	0.0005589956405884969	0.057416593935248145	-0.07976966509671021	0.04459211729393922	-0.03203848232078468	0.007921016889397175	0.025641158351147695	-0.012926145787846179	-0.08984055471845345	-0.04662931796908511	0.027274398870274177	0.007917410470071452	-0.035984423776294815	-0.016644007580864206	-0.029670476248895142	0.04882966759346887	-0.00497338137912982	-0.013137882493334195	-0.003234043714414405	-0.03370219979605066	-0.0007911794320502823	0.011290647370594006	-0.006875073147372457	0.012037564052310424	-0.002268828614862045	-0.06727387339207415	0.011568400908989905	0.017499762925422675	-0.011861678410010063	0.020482726391845927	-0.007106260231489063	-0.018704145195042772	0.028408998347551503	0.018277171488510813	0.009810925988920619	0.021943550715641354	-0.0014196211256623451	-0.031185026434529455	0.03619293731427564	-0.019087404444916033	0.022787460550441646	-0.002898138506581898	-0.01661294339594819	0.006517720899813055	0.009717715306314297	0.0003813863307566375	0.0074158576527455404	-0.009470149795457489	0.0021470091651675485	-0.009765145840176534	0.009702226462913601	-0.008586951185928159	-0.0017747141155884806	-0.006729853102165439	0.005004859231885828	0.0014340257422375377	0.00556725665764342	-0.011570212915000544	-0.001945611570138924	0.001148615833906898	-0.007589086014355634	-0.0032962959804009894	-0.003548053511959241	-0.0	0.0	0.0	0.0	0.0	0.0	0.0	0.0	0.0	0.0	0.0	0.0	0.0	0.0	0.0	0.0	0.0	0.0	0.0	0.0	0.0	0.0	0.0	0.0	0.0	0.0	0.0	0.0	0.0	0.0	0.0	0.0	0.0	0.0	0.0	0.0	0.0	0.0	0.0	0.0	0.0	0.0	0.0	0.0	0.0	0.0	0.0	0.0	0.0	0.0	0.0	0.0	0.0	0.0	0.0	0.0	0.0	0.0	0.0	0.0	0.0	0.0	0.0	0.0	0.0	0.0	0.0	0.0	0.0	0.0	0.0	0.0	0.0	0.0	0.0	0.0	0.0	0.0	0.0	0.0	0.0	0.0	0.0	0.0	0.0	0.0	0.0	0.0	0.0	0.0	0.0	0.0	0.0	0.0	0.0	0.0	0.0	0.0	0.0	0.0	0.0	0.0	0.0	0.0	0.0	0.0	0.0	0.0	0.0	0.0	0.0	0.0	0.0	0.0	0.0	0.0	0.0	0.0	0.0	0.0	0.0
S2-male-2	0.4995075071849902	0.12299471867093863	0.047378721889103005	-0.0759162496342722	0.20987028015779077	-0.06799156408351036	-0.0010394779209922868	-0.13308862396678947	0.14337326587475988	0.06463610608860292	0.01758084027210213	0.019575843281541105	0.003783942447066707	0.05328425341503945	0.07866214402110266	-0.04842806513575099	-0.05292299519482226	0.03679392184580701	0.07060703729521443	0.02629263127798096	-0.017224555405645096	-0.05638128174530739	-0.05464930842263572	0.012126700829327926	0.029501599107693253	-0.016579000635508764	0.039462683281025195	0.016460974719209848	-0.012635876894718507	-0.02464149212325011	0.045436916076888316	0.011718607127993235	0.0032042149445704257	0.018847040614906135	-0.041317986051589393	-0.015204477401230071	0.0061910514441233825	-0.011625693894424681	0.0140108002054958	0.027089140557825388	-0.028744877789488765	0.02381174227099456	0.011423648959743113	-0.027722871665649188	0.009860158530185348	0.046357697094606715	-0.00387060393939712	0.026814804282325515	0.018237600850750532	0.01049139060132252	0.007995157746462686	-0.020442210010250535	0.025209589577059377	-0.0056422005729195234	0.008399064395754566	-0.0012812660717227886	0.005078726164056118	0.00499659388125217	0.004265752636644745	-0.016135201129187482	-0.0009276999007331129	-0.010428273256020667	0.0012934248913022812	0.00901219472561589	0.012251007163431209	0.0020374921430636964	0.0004033218993133421	-0.0062752908998056165	-0.0094326816194457	-0.009463164629630025	0.007021453798218937	-0.0005205438142820148	-0.00023997616902042895	0.00018725340189703127	-0.001996517962107269	-0.0	0.0	0.0	0.0	0.0	0.0	0.0	0.0	0.0	0.0	0.0	0.0	0.0	0.0	0.0	0.0	0.0	0.0	0.0	0.0	0.0	0.0	0.0	0.0	0.0	0.0	0.0	0.0	0.0	0.0	0.0	0.0	0.0	0.0	0.0	0.0	0.0	0.0	0.0	0.0	0.0	0.0	0.0	0.0	0.0	0.0	0.0	0.0	0.0	0.0	0.0	0.0	0.0	0.0	0.0	0.0	0.0	0.0	0.0	0.0	0.0	0.0	0.0	0.0	0.0	0.0	0.0	0.0	0.0	0.0	0.0	0.0	0.0	0.0	0.0	0.0	0.0	0.0	0.0	0.0	0.0	0.0	0.0	0.0	0.0	0.0	0.0	0.0	0.0	0.0	0.0	0.0	0.0	0.0	0.0	0.0	0.0	0.0	0.0	0.0	0.0	0.0	0.0	0.0	0.0	0.0	0.0	0.0	0.0	0.0	0.0	0.0	0.0	0.0	0.0	0.0	0.0	0.0	0.0	0.0	0.0
S2014F_E2-2-A-F	-0.2489104172960793	-0.32049135992321254	-0.05546431405258518	-0.20095473374758765	0.1495460785397018	-0.11079138689269129	-0.0563716787943862	-0.01924786683963712	-0.08326078212452671	-0.051295091775901996	-0.037038438378952085	-0.07008633376161504	0.04230173138348913	-0.005563881587196293	-0.027856002253425997	0.0743292784526866	0.0605402784947621	0.12162020549898127	0.018039410951992792	0.0023115815253535008	-0.04643500588374343	-0.012352798493122945	-0.03187823686031831	0.05336099137251292	-0.06114253950538663	-0.019453381805141248	0.04185770174220462	0.030554906307677696	0.013346986425696197	0.0378761387838987	-0.018689688233696766	-0.01007333936196927	0.023278148512706806	0.034529812933546566	-0.0295180915502511	0.01981947671933247	-0.022889403588624756	0.0029563153974602394	-0.021757869643429555	0.004250024992262328	-0.022614041504211025	0.013189906095712517	0.012958692439886248	-0.014225887955234134	0.006073343971690016	0.002412109147427578	-0.00778024112341387	0.013922894699227133	0.005070848259394878	0.024209612952992576	-0.001979321422481183	0.0017395708713850778	0.012453545245653981	0.013994716720979305	-0.00016158212032215124	-0.013546591195787577	0.017531066607099847	0.011599366914519885	-0.006295409180880475	0.006111399148328976	-0.01405627018681873	-0.010407041109915388	-0.001488650057659324	0.01137480881240345	-0.010306774045982719	-0.0066033923945471255	0.0005094406949417002	-0.0019431288845890358	-0.0016831550721943286	0.00404153442892226	-0.004865906598293442	0.0006738008228942104	0.0051123349403702206	-0.004254382618234149	-3.48155384280346e-05	-0.0	0.0	0.0	0.0	0.0	0.0	0.0	0.0	0.0	0.0	0.0	0.0	0.0	0.0	0.0	0.0	0.0	0.0	0.0	0.0	0.0	0.0	0.0	0.0	0.0	0.0	0.0	0.0	0.0	0.0	0.0	0.0	0.0	0.0	0.0	0.0	0.0	0.0	0.0	0.0	0.0	0.0	0.0	0.0	0.0	0.0	0.0	0.0	0.0	0.0	0.0	0.0	0.0	0.0	0.0	0.0	0.0	0.0	0.0	0.0	0.0	0.0	0.0	0.0	0.0	0.0	0.0	0.0	0.0	0.0	0.0	0.0	0.0	0.0	0.0	0.0	0.0	0.0	0.0	0.0	0.0	0.0	0.0	0.0	0.0	0.0	0.0	0.0	0.0	0.0	0.0	0.0	0.0	0.0	0.0	0.0	0.0	0.0	0.0	0.0	0.0	0.0	0.0	0.0	0.0	0.0	0.0	0.0	0.0	0.0	0.0	0.0	0.0	0.0	0.0	0.0	0.0	0.0	0.0	0.0	0.0
S2014F_E2-2-B-F	0.00486726343604981	-0.3126260439530791	-0.16229537838206523	-0.024748999655293022	-0.10398064669533288	-0.03973272972125562	-0.001272877610318171	0.09434277489349185	0.026804796015845112	-0.1467535371212389	0.02502350434499525	0.04823819455316148	0.005723101714558256	-0.004932578806364567	0.09852038139961374	0.03717365560891732	0.14142488495267974	0.036508198706094105	0.02153525560386959	0.06279437794037976	0.09369137373279199	0.011135798967112007	-0.04377668664476597	-0.056025294035876146	-0.04995545085926151	0.02943829845880119	0.009731831467480547	0.006963957250164907	0.012696531159765002	0.018900955206897704	-0.015651475352260132	0.015120652703358335	-0.018450286053616722	0.02932901174476872	0.009970139624518343	0.006389946675311306	0.03952631237340335	-0.008596793640929967	-0.015675323760999928	-0.018410214473764955	-0.00011247822780553464	-0.00202170587416977	-0.02844270194382817	-0.022227024636852256	0.046439616607477835	-0.0008361267085285472	0.02466613870662441	-0.023004011340462087	0.03289956056707808	0.005271025878652678	-0.020234531776502855	0.011105795791236845	0.0034182686932616438	0.04208796361815633	-0.008819993308262419	-0.012384094776134918	0.022282421032270402	0.01531235407882981	-0.025711201855525518	0.0076530595234233995	-0.006685918461156999	-0.0127011977184566	0.0004474725776120679	-0.00881997934151775	-0.005910456650506425	0.0032469894353396892	0.006613066302554636	0.008807126054850116	0.0012979629412571848	-0.004309674554971356	0.004094772779072806	0.0013295345260098716	0.002351948733098458	-0.001192588342234147	-0.002233663828347812	-0.0	0.0	0.0	0.0	0.0	0.0	0.0	0.0	0.0	0.0	0.0	0.0	0.0	0.0	0.0	0.0	0.0	0.0	0.0	0.0	0.0	0.0	0.0	0.0	0.0	0.0	0.0	0.0	0.0	0.0	0.0	0.0	0.0	0.0	0.0	0.0	0.0	0.0	0.0	0.0	0.0	0.0	0.0	0.0	0.0	0.0	0.0	0.0	0.0	0.0	0.0	0.0	0.0	0.0	0.0	0.0	0.0	0.0	0.0	0.0	0.0	0.0	0.0	0.0	0.0	0.0	0.0	0.0	0.0	0.0	0.0	0.0	0.0	0.0	0.0	0.0	0.0	0.0	0.0	0.0	0.0	0.0	0.0	0.0	0.0	0.0	0.0	0.0	0.0	0.0	0.0	0.0	0.0	0.0	0.0	0.0	0.0	0.0	0.0	0.0	0.0	0.0	0.0	0.0	0.0	0.0	0.0	0.0	0.0	0.0	0.0	0.0	0.0	0.0	0.0	0.0	0.0	0.0	0.0	0.0	0.0
S2014F_E2-2-C-F	-0.14910931852446638	-0.361517331123847	-0.09242072056460525	-0.06040620835849604	0.01953078262107025	-0.15720795394609155	-0.017635280727097715	0.06529872849501872	-0.0754632550410996	-0.10713314714369775	-0.01710484941667747	-0.010015447068993023	0.038566838010151684	0.04832810228490765	0.046556152121168516	0.01601573922111167	-0.004399521616794978	0.0350785658723397	0.03143229345160376	-0.08468653291877813	0.026346343475045053	0.00654537868820696	0.07338385554251432	-0.035540481550097515	0.0009855191741687612	0.04620103710060079	-0.011169435148862737	-0.016265749149673433	-0.021286945837025454	0.041983275085271096	0.03109580522650753	0.006889465717299373	-0.04419525848004521	0.06668287852977636	-0.033115259574188725	0.016707429103038827	-0.021559035583054765	-0.05386264899998438	-0.015085866919522337	-0.02204687103347521	-0.008726815587499147	-0.013017107220662964	-0.016367851776687675	0.03468429952674486	0.0026497196566330696	-0.0021677404311552556	0.0013508324015702904	-0.005461743977703919	0.03900893819443051	-0.022135136840614567	-0.00030939683892952305	-0.014591170252846059	0.0013073649087467561	-0.0022419029414135236	0.018782817344976385	0.0009398679319188954	0.024154632803909178	-0.0013408190318754689	0.020248080171738923	0.00942567544190733	0.009464596375633452	-0.008994547715931092	0.003493684196406515	-0.014478751017821149	0.018232489820106335	0.002320985666017256	-0.01051677402861922	0.009476602841506405	0.0017652102889765978	0.002642364375585672	-0.005825244733844722	-0.007647242074451624	-0.003611346866850503	0.0033346583513730837	0.0013824738070646503	-0.0	0.0	0.0	0.0	0.0	0.0	0.0	0.0	0.0	0.0	0.0	0.0	0.0	0.0	0.0	0.0	0.0	0.0	0.0	0.0	0.0	0.0	0.0	0.0	0.0	0.0	0.0	0.0	0.0	0.0	0.0	0.0	0.0	0.0	0.0	0.0	0.0	0.0	0.0	0.0	0.0	0.0	0.0	0.0	0.0	0.0	0.0	0.0	0.0	0.0	0.0	0.0	0.0	0.0	0.0	0.0	0.0	0.0	0.0	0.0	0.0	0.0	0.0	0.0	0.0	0.0	0.0	0.0	0.0	0.0	0.0	0.0	0.0	0.0	0.0	0.0	0.0	0.0	0.0	0.0	0.0	0.0	0.0	0.0	0.0	0.0	0.0	0.0	0.0	0.0	0.0	0.0	0.0	0.0	0.0	0.0	0.0	0.0	0.0	0.0	0.0	0.0	0.0	0.0	0.0	0.0	0.0	0.0	0.0	0.0	0.0	0.0	0.0	0.0	0.0	0.0	0.0	0.0	0.0	0.0	0.0
S2014F_E2-3-A-F	-0.33573742587286765	-0.21276049868668828	0.05083682586106261	-0.3393153612644569	0.27654278106531144	0.024841562890414837	-0.08461816338977148	-0.12101141891938376	0.06304444085267802	0.05987951327183565	-0.08063078084154755	-0.07919848161667273	0.02129796772349841	-0.03135697098407353	-0.11084414674247321	-0.01713222318398114	0.050916661478534464	-0.031520299533381445	-0.030979572723273917	-0.011680054691263942	0.08438075673155054	-0.09173868651203577	-0.09257626845782835	0.06134510491850522	-0.0037987749261315183	-0.054577368822988054	0.06489270941850231	-0.0017291317763788896	0.005873363537988666	0.07126202904969733	0.026295450943365207	-0.0503123601743882	0.009314286906433964	-0.03423529677095653	-0.026429724814230313	-0.01981813561508032	0.016673502247037814	-0.032493897881596324	-0.002631062892989553	-0.035022476675131246	0.02507572546974659	0.0241784492536664	0.01523546278756968	0.013679016691305657	-0.01910274645560358	-0.04613339325239172	0.0006736104065907043	0.0063416631645077425	-0.005292775064731665	-0.017989416263225262	0.026238867965079442	-0.03353560311805526	-0.0017762309535313996	0.0019388629863700602	0.0007976309084828441	-0.007557324605995696	-0.0018945616949908668	0.018633312917078683	0.014682886304608673	-0.0009028648786587565	0.016814349307784672	0.007497914292754583	-0.007046845045258031	0.007297169171532717	0.0010998508236529235	0.004959847400816749	-0.005579666445102743	0.003151168309264285	-0.0009883464166649178	-0.0054927447029655815	-0.0033973939154530695	-0.005364640342352418	0.00021110863857454404	0.0006345421543885548	-0.0018944496398991802	-0.0	0.0	0.0	0.0	0.0	0.0	0.0	0.0	0.0	0.0	0.0	0.0	0.0	0.0	0.0	0.0	0.0	0.0	0.0	0.0	0.0	0.0	0.0	0.0	0.0	0.0	0.0	0.0	0.0	0.0	0.0	0.0	0.0	0.0	0.0	0.0	0.0	0.0	0.0	0.0	0.0	0.0	0.0	0.0	0.0	0.0	0.0	0.0	0.0	0.0	0.0	0.0	0.0	0.0	0.0	0.0	0.0	0.0	0.0	0.0	0.0	0.0	0.0	0.0	0.0	0.0	0.0	0.0	0.0	0.0	0.0	0.0	0.0	0.0	0.0	0.0	0.0	0.0	0.0	0.0	0.0	0.0	0.0	0.0	0.0	0.0	0.0	0.0	0.0	0.0	0.0	0.0	0.0	0.0	0.0	0.0	0.0	0.0	0.0	0.0	0.0	0.0	0.0	0.0	0.0	0.0	0.0	0.0	0.0	0.0	0.0	0.0	0.0	0.0	0.0	0.0	0.0	0.0	0.0	0.0	0.0
S2014F_E2-3-B-F	-0.17497562217308912	-0.27697698339346954	-0.03648754332171382	-0.11747159823636096	0.08180809212034362	0.0880685143123885	-0.022300000614431856	0.009105042350753522	0.1478991572979842	-0.1619078776801133	0.03815708782553875	0.14784763598726558	0.10437781846859326	0.06483743134602539	-0.018024200314139156	-0.05546109136154206	0.040287826289832	-0.08634197992593651	-0.14307956394304971	-0.02071879209428732	-0.09697249619629433	0.001682798994278237	-0.01945713311936387	-0.061920812218994016	-0.0339911691033767	-0.0815086961521064	0.20255565358884614	-0.043884559931977575	-0.09194363319626744	-0.04208651470108688	-0.08733923631289883	0.08667200073886348	0.013717186058341184	0.002687770546601456	-0.004202088103478769	0.06186991517609514	-0.06420269374514853	0.01347313963335568	0.001430170232456765	-0.03390850769823196	0.006648824894749665	-0.005041932804581154	0.022756341568004743	-0.012735146228208191	0.01257116608230779	-0.020492594332586735	0.0016224373874089927	0.023439465741846032	0.034960957144801415	-0.01575178408687495	0.007493602586608566	0.005451144057292963	0.009571821743443686	-0.011596243114329049	-0.012412375743867908	-0.004601400774296962	0.0014613789196224877	0.008072856237936509	-0.009466695056920873	0.009026770486076224	8.769745860376359e-05	0.0009635821355163212	-0.00552582111581508	-0.0014972617333744655	0.003500615637302433	-0.00468983706680366	-0.004542550131663636	0.001874581659126318	0.006910114788506547	-0.0068898658002926345	0.0141930864908821	0.001188781262469961	-0.00440900664199039	-0.0015436851438019243	-0.000519191987658949	-0.0	0.0	0.0	0.0	0.0	0.0	0.0	0.0	0.0	0.0	0.0	0.0	0.0	0.0	0.0	0.0	0.0	0.0	0.0	0.0	0.0	0.0	0.0	0.0	0.0	0.0	0.0	0.0	0.0	0.0	0.0	0.0	0.0	0.0	0.0	0.0	0.0	0.0	0.0	0.0	0.0	0.0	0.0	0.0	0.0	0.0	0.0	0.0	0.0	0.0	0.0	0.0	0.0	0.0	0.0	0.0	0.0	0.0	0.0	0.0	0.0	0.0	0.0	0.0	0.0	0.0	0.0	0.0	0.0	0.0	0.0	0.0	0.0	0.0	0.0	0.0	0.0	0.0	0.0	0.0	0.0	0.0	0.0	0.0	0.0	0.0	0.0	0.0	0.0	0.0	0.0	0.0	0.0	0.0	0.0	0.0	0.0	0.0	0.0	0.0	0.0	0.0	0.0	0.0	0.0	0.0	0.0	0.0	0.0	0.0	0.0	0.0	0.0	0.0	0.0	0.0	0.0	0.0	0.0	0.0	0.0
S2014F_E2-3-C-F	0.1361834464586245	-0.21000532369295646	-0.03598911991112459	0.02074370693259043	0.07496469799106513	0.07945996941181907	0.07268555995100484	-0.25305823620544016	0.14657643171584223	-0.14195240089941338	0.04935425716247963	0.11035087526163713	0.09325951423547425	-0.11324350593638532	0.001475832020002724	0.07537913678016216	0.12093317846016087	0.1085233237849407	-0.006669713539865118	0.08788753269667583	-0.025479279460248024	0.04932748204284016	-0.005550140742660246	-0.03724603346139936	-0.015310745930425645	-0.017327491401286272	-0.031075862727128298	-0.03346919111097496	-0.031079788689487263	0.015308329254091457	-0.01604757368794508	-0.015680867062959004	0.07094772530918717	-0.01923543420427375	0.07126438059454807	0.02423885808295131	0.025801206888032634	0.0031969830596183355	-0.008694932554678764	-0.02791627328244351	-3.77561207948549e-05	0.009801887849974862	-0.010494422989498589	0.02679681594076134	-0.03635247008556987	0.037902194119163776	0.00688713193218132	0.010112244698837316	-0.024489184361767818	-0.0027741940343264044	0.0009101345772398903	-0.0008068981445310876	0.008642861325571662	0.030851346413314856	0.0014832635906235733	0.003514368967509516	-0.003341298362288735	-0.0036236015950489252	0.013253233223464979	-0.019272677421150165	0.01064472505340281	-0.0005962830614158109	0.0007278624143163782	-0.005721427146676092	0.005073336301342796	0.001254899749089329	0.0009798793233803235	-0.008959462372848311	0.0013512878395461033	0.000289142420642397	-0.006464358995012882	-0.001650997968439217	-0.005195069354785976	0.0005855110221040264	-0.0004117068338831083	-0.0	0.0	0.0	0.0	0.0	0.0	0.0	0.0	0.0	0.0	0.0	0.0	0.0	0.0	0.0	0.0	0.0	0.0	0.0	0.0	0.0	0.0	0.0	0.0	0.0	0.0	0.0	0.0	0.0	0.0	0.0	0.0	0.0	0.0	0.0	0.0	0.0	0.0	0.0	0.0	0.0	0.0	0.0	0.0	0.0	0.0	0.0	0.0	0.0	0.0	0.0	0.0	0.0	0.0	0.0	0.0	0.0	0.0	0.0	0.0	0.0	0.0	0.0	0.0	0.0	0.0	0.0	0.0	0.0	0.0	0.0	0.0	0.0	0.0	0.0	0.0	0.0	0.0	0.0	0.0	0.0	0.0	0.0	0.0	0.0	0.0	0.0	0.0	0.0	0.0	0.0	0.0	0.0	0.0	0.0	0.0	0.0	0.0	0.0	0.0	0.0	0.0	0.0	0.0	0.0	0.0	0.0	0.0	0.0	0.0	0.0	0.0	0.0	0.0	0.0	0.0	0.0	0.0	0.0	0.0	0.0
S2014F_E5-2-A-F	-0.12239180862824721	-0.3476344905613586	0.006170728194953822	0.12505528472287733	0.25502912412555767	-0.028738916669292063	0.1714753777642338	0.25565368657142645	0.01008730532765001	-0.017723565335756485	-0.03101576069443494	0.003072108351796082	0.030427177831354887	-0.03421891873426761	-0.03476713891286888	-0.03323706287477794	-0.005078775830234315	-0.006870246446675113	0.003248715420002686	-0.034951951721742924	-0.022482838713205472	0.09120938756265183	-0.049125484707134875	-0.009768809299576652	-0.02838874012188728	0.034877555488678325	-0.07362004183315243	-2.2064189569616895e-05	-0.03905221661170099	-0.0014413569398566872	0.006844953427236069	0.03915407979902964	0.04537410885514109	-0.02997021364173171	0.008419462413365846	-0.04403166230124945	0.020419674442806342	0.03096960562838861	0.03663790464495269	0.02482907236328861	0.007095201371401923	-0.013861624183428267	-0.02050244635954418	0.009228009082291603	-0.010196037159797283	0.008007488547701112	0.01186330069470134	0.009562845661301967	0.010454087773888347	-0.004166985076992862	0.013603882197525332	-0.007871261133216251	0.00864735526897256	0.0016413759248400963	-0.028956666769117217	0.018304327738483644	0.0024231412246699707	0.0051500797284027445	0.00848663099220615	-0.0008987603316206543	0.0021735107619840774	-0.004092039633520816	0.0010841886854280245	-0.00043121817079376696	-0.002432886319470477	-0.003056447614979647	-0.00395708823138977	-0.000502389768440675	-0.007279705260204625	0.006374643427087586	-0.007860267830390783	-0.003561374796765268	-0.0033394960739629876	0.0034877999000259034	-0.0020338704842818127	-0.0	0.0	0.0	0.0	0.0	0.0	0.0	0.0	0.0	0.0	0.0	0.0	0.0	0.0	0.0	0.0	0.0	0.0	0.0	0.0	0.0	0.0	0.0	0.0	0.0	0.0	0.0	0.0	0.0	0.0	0.0	0.0	0.0	0.0	0.0	0.0	0.0	0.0	0.0	0.0	0.0	0.0	0.0	0.0	0.0	0.0	0.0	0.0	0.0	0.0	0.0	0.0	0.0	0.0	0.0	0.0	0.0	0.0	0.0	0.0	0.0	0.0	0.0	0.0	0.0	0.0	0.0	0.0	0.0	0.0	0.0	0.0	0.0	0.0	0.0	0.0	0.0	0.0	0.0	0.0	0.0	0.0	0.0	0.0	0.0	0.0	0.0	0.0	0.0	0.0	0.0	0.0	0.0	0.0	0.0	0.0	0.0	0.0	0.0	0.0	0.0	0.0	0.0	0.0	0.0	0.0	0.0	0.0	0.0	0.0	0.0	0.0	0.0	0.0	0.0	0.0	0.0	0.0	0.0	0.0	0.0
S2014F_E5-2-A-F_plate2	0.10765329619159505	-0.32198773164813765	-0.11891878213551531	0.21376835247480105	-0.008613351032360885	-0.07901465982477211	0.0822127720366682	0.14462171662480647	-0.06419962308869855	0.06368699103981382	0.04838240697313665	0.025070719045252744	-0.059518875624840484	-0.10173064148167614	-0.07241620788273102	-0.03917420876618409	-0.03716519631757204	0.034092356284786345	0.057519321091488385	-0.0021211486683571927	0.02126983568489694	0.007817673521298424	0.03408203916710499	0.04397184503394466	0.028813505394782262	-0.06953243131414595	0.01994415833149595	-0.01795585644212068	-0.017564075453356594	0.03087170117150959	-0.05074637448466127	0.03361371573518223	-0.010796290549164988	0.005744745194051318	0.02778676386206944	-0.018794030794029932	-0.022733870753777505	-0.005120105286617867	-0.011274078116007818	-0.03374173759654354	0.04167855171752105	0.009560593163161655	-0.0251826751458543	-0.0034182650470514957	-0.028498106677288693	-0.028711087818946178	0.008974738496399463	-0.010569652632586803	-0.014730274760680806	0.002741797336488722	-0.009398520893856737	0.0028180055807074745	0.0047520145443877525	0.00761126324509394	-0.010142580826987662	0.002285806575882736	0.010171175298974648	0.004947911108433966	0.009735620481015603	0.011369723460791896	-0.00418118853187824	-0.009623716267892693	-0.006028344442350889	0.0031176417277381523	0.008512210259944522	-0.002403892181728169	-7.397313302531248e-05	-0.0005821633178470569	0.01125919460639619	0.0005921983001543408	0.009957282641187405	0.005124977423491459	0.003972167637644443	-0.005091051480449326	0.002014233679670815	-0.0	0.0	0.0	0.0	0.0	0.0	0.0	0.0	0.0	0.0	0.0	0.0	0.0	0.0	0.0	0.0	0.0	0.0	0.0	0.0	0.0	0.0	0.0	0.0	0.0	0.0	0.0	0.0	0.0	0.0	0.0	0.0	0.0	0.0	0.0	0.0	0.0	0.0	0.0	0.0	0.0	0.0	0.0	0.0	0.0	0.0	0.0	0.0	0.0	0.0	0.0	0.0	0.0	0.0	0.0	0.0	0.0	0.0	0.0	0.0	0.0	0.0	0.0	0.0	0.0	0.0	0.0	0.0	0.0	0.0	0.0	0.0	0.0	0.0	0.0	0.0	0.0	0.0	0.0	0.0	0.0	0.0	0.0	0.0	0.0	0.0	0.0	0.0	0.0	0.0	0.0	0.0	0.0	0.0	0.0	0.0	0.0	0.0	0.0	0.0	0.0	0.0	0.0	0.0	0.0	0.0	0.0	0.0	0.0	0.0	0.0	0.0	0.0	0.0	0.0	0.0	0.0	0.0	0.0	0.0	0.0
S2014F_E5-2-B-F	-0.07612004542352346	-0.35101255294536404	-0.03740840448513741	0.16407980386287804	0.1341034497514582	-0.15153723135327749	0.031482850677920234	0.10776167477607342	0.045254287237964264	-0.1033884233195321	0.039843196929547395	0.08071649746562151	-0.015394715733728173	-0.014658239023814395	-0.06070045067691101	0.012619942720440548	-0.04580475484435999	-0.10594359739037672	0.0015031782131649251	0.021644566132011878	0.019464422359194718	-0.006204422864953289	-0.043203058862165925	0.040164473180121285	0.025635908398725003	-0.0036974614842526254	-0.03036369610895614	0.020045764770864175	0.018477870805200372	-0.038827984849377974	-0.020660061742108264	-0.06617907945704213	-0.046053446294487266	-0.016062245801989138	0.01843946703865102	0.0466824701748741	0.013629453260325693	0.006288146911411637	-0.011627759104514492	0.02635929246848898	0.013424198027140405	0.005306947676367415	-0.02359594767261658	0.009738658945919371	-0.012448697750123005	0.012520284760367765	0.03291888567621414	-0.017858283310500992	0.008849578252557168	-0.003912023961394732	0.004714493464976641	0.017182499461717356	0.0005700148204047889	-0.004719788498569655	-0.01856871177652044	-0.019431461453549386	-0.0009809657870990863	0.009822202008950764	0.0012769940777290379	-0.03398523968076598	0.009952779267016989	0.021333831140579188	-0.011541213751114563	-0.0011143750157025505	-0.006303486898957749	-0.0012652534973879859	-0.0018412916766819241	0.00053469389330079	-0.01066993646061938	-0.0021671389297281424	0.0008349436029128996	-0.006023650665658051	-0.0049858721470743255	-0.005347082310196696	0.0014823708063681292	-0.0	0.0	0.0	0.0	0.0	0.0	0.0	0.0	0.0	0.0	0.0	0.0	0.0	0.0	0.0	0.0	0.0	0.0	0.0	0.0	0.0	0.0	0.0	0.0	0.0	0.0	0.0	0.0	0.0	0.0	0.0	0.0	0.0	0.0	0.0	0.0	0.0	0.0	0.0	0.0	0.0	0.0	0.0	0.0	0.0	0.0	0.0	0.0	0.0	0.0	0.0	0.0	0.0	0.0	0.0	0.0	0.0	0.0	0.0	0.0	0.0	0.0	0.0	0.0	0.0	0.0	0.0	0.0	0.0	0.0	0.0	0.0	0.0	0.0	0.0	0.0	0.0	0.0	0.0	0.0	0.0	0.0	0.0	0.0	0.0	0.0	0.0	0.0	0.0	0.0	0.0	0.0	0.0	0.0	0.0	0.0	0.0	0.0	0.0	0.0	0.0	0.0	0.0	0.0	0.0	0.0	0.0	0.0	0.0	0.0	0.0	0.0	0.0	0.0	0.0	0.0	0.0	0.0	0.0	0.0	0.0
S2014F_E5-3-B-F	-0.05014122037873658	-0.31962573997871085	-0.1531101060517213	-0.05158574054435646	-0.180928939151653	0.0526931566313519	0.1337704252541258	0.11116218178196091	0.11363623671144148	0.08986557914207541	0.10257438603604871	-0.06422817525689704	-0.06306469819771675	0.002912770939295006	0.0537872031673227	-0.030233203507636162	0.023763907073750548	-0.015701892666818505	-0.009423329798549623	0.0026331602923697693	-0.07282565452587696	0.042529204021120766	-0.0734244315742497	0.03820060071953196	0.0018185761773040119	-0.04863838872971616	-0.04975669196705585	-0.002098849625964204	0.01037489870071068	0.01081299585733256	-0.010678078482463507	0.00497012069095145	0.011894529415674326	0.0357039524449665	0.05302377400129627	-0.017957047095978555	0.020144021294616676	-0.01072134982085406	-0.007798174571760585	0.020385954826179938	0.03596288835303021	0.02027631280495677	-0.022238156082576045	0.004187121955352814	-0.015539640429632691	-0.010238577356710932	0.00827072515777341	-0.0007297314748464798	0.0028197614218091684	0.01989852236585561	0.005163287410537199	0.015300010735212548	0.005553846760659199	0.0013730822468528072	-0.0012485825228965256	-0.0008472555829145761	-0.008368581803710386	-0.0033379719525758697	0.0019975221300546245	0.006368404777358594	0.0014655532895592282	-0.0027035392919381803	-0.003678812203071934	0.0007038535830521766	0.0015551996276471057	-0.008324483587120318	-0.014743143069914434	0.004559480305023627	0.004272009020241966	-0.0037140860312429294	-0.0005533121105280454	-0.0034754973693955347	0.000369262099523106	-0.0007060919318250117	-0.000744688995795571	-0.0	0.0	0.0	0.0	0.0	0.0	0.0	0.0	0.0	0.0	0.0	0.0	0.0	0.0	0.0	0.0	0.0	0.0	0.0	0.0	0.0	0.0	0.0	0.0	0.0	0.0	0.0	0.0	0.0	0.0	0.0	0.0	0.0	0.0	0.0	0.0	0.0	0.0	0.0	0.0	0.0	0.0	0.0	0.0	0.0	0.0	0.0	0.0	0.0	0.0	0.0	0.0	0.0	0.0	0.0	0.0	0.0	0.0	0.0	0.0	0.0	0.0	0.0	0.0	0.0	0.0	0.0	0.0	0.0	0.0	0.0	0.0	0.0	0.0	0.0	0.0	0.0	0.0	0.0	0.0	0.0	0.0	0.0	0.0	0.0	0.0	0.0	0.0	0.0	0.0	0.0	0.0	0.0	0.0	0.0	0.0	0.0	0.0	0.0	0.0	0.0	0.0	0.0	0.0	0.0	0.0	0.0	0.0	0.0	0.0	0.0	0.0	0.0	0.0	0.0	0.0	0.0	0.0	0.0	0.0	0.0
S2014F_E5-3-C-F	0.0975260292862128	-0.368288411724541	-0.17956180448411516	0.09032572861550156	-0.17508352678692185	-0.024939574808158293	0.03271970107473594	0.06789632779467052	-0.001198817701495889	0.03600677177635046	0.10468371781402376	-0.1167998948039741	-0.03160135271458864	-0.03437396101272094	-0.02078397710613036	-0.02805917269320642	0.10781002620342099	0.04117574568788774	-0.047267521934115646	0.0292198082373273	-0.014207089216957017	0.004774369798181529	0.008230096118912525	0.042815124341860404	0.013661053558725612	-0.05454272205440364	0.0031249649431354626	-0.023613185399290415	0.028978636364414733	-0.034252802533280294	-0.021850329438095038	-0.026663394513587364	-0.003546592495434587	-0.01657182893791439	-0.06703770814353455	0.07792774436421657	-0.021898310636719563	0.05396130324593769	-0.010885435015720384	0.003292454667421081	-0.010203379142237647	0.014749143971401923	-0.03822847964678984	0.027929746402980182	0.027446409013666174	-0.009128692612088355	0.0075450688137383756	0.018955366676622905	0.025039261106471422	-0.006269741631940583	0.003059111423879075	0.041076686905638135	-0.00015490951793796178	-0.023054800518329283	-0.01525298780183878	-0.01631778221719264	-0.008866971500488017	-0.0023747130705007082	-0.010676376237005018	-0.017590519992308533	0.018058999746654186	-0.0031369499839935806	-0.005319667206619363	0.00654995780862901	0.0075859825786592965	-0.003042814057319575	0.0004227970755411154	-0.006048274515946808	0.0003871857344883	0.0057246802441763365	-0.006634678429928323	-0.003551886504215666	0.003352419009763564	0.00145815876566044	0.0007102866190645933	-0.0	0.0	0.0	0.0	0.0	0.0	0.0	0.0	0.0	0.0	0.0	0.0	0.0	0.0	0.0	0.0	0.0	0.0	0.0	0.0	0.0	0.0	0.0	0.0	0.0	0.0	0.0	0.0	0.0	0.0	0.0	0.0	0.0	0.0	0.0	0.0	0.0	0.0	0.0	0.0	0.0	0.0	0.0	0.0	0.0	0.0	0.0	0.0	0.0	0.0	0.0	0.0	0.0	0.0	0.0	0.0	0.0	0.0	0.0	0.0	0.0	0.0	0.0	0.0	0.0	0.0	0.0	0.0	0.0	0.0	0.0	0.0	0.0	0.0	0.0	0.0	0.0	0.0	0.0	0.0	0.0	0.0	0.0	0.0	0.0	0.0	0.0	0.0	0.0	0.0	0.0	0.0	0.0	0.0	0.0	0.0	0.0	0.0	0.0	0.0	0.0	0.0	0.0	0.0	0.0	0.0	0.0	0.0	0.0	0.0	0.0	0.0	0.0	0.0	0.0	0.0	0.0	0.0	0.0	0.0	0.0
S2014F_E5-C-2-F	-0.12968611165357002	-0.27210860267341047	-0.07168301326303163	-0.13687479670039293	-0.021658147642381574	-0.0015418892169768235	-0.02682016007545525	-0.03392111704911398	0.07069017821677033	0.0489856856917715	0.11877246338498663	0.10873989733672998	-0.00364057009398074	-0.01747970119246183	0.025124086701454246	-0.11607080354935247	-0.012579537231317892	-0.02964760041325809	-0.027035889577099056	0.035658707277245315	0.03930687064476324	0.006567731697758933	0.05372428516416505	0.03719304317947075	0.09748512467755449	-0.018091566100589353	-0.021585725039385037	0.017126490755510218	-0.007545444846404433	-0.032663531473845535	-0.04112770007618513	-0.05490141793459742	-0.018230443997335248	-0.025303001270990808	0.02490108497826404	-0.04240805489312894	0.002940967951857177	-0.03309565597168928	0.018684251373430914	-0.032216849876150845	-0.05099175574967992	0.0165879189377285	-0.033446217897372295	0.017735021886385142	0.0030716053300262015	-0.01670544505144194	-0.010993759226491547	-0.019094179844788933	0.02311349951212884	0.005217792098479142	0.0007059520286273193	-0.04892275673193406	-0.011935434440479122	-0.0008998707221793341	0.012319001445107678	-0.019243626485941807	0.01382466535050357	-0.004815891390005811	-0.012958315151443123	0.0007971538467731673	0.0015888532824601287	-0.007039351050508246	0.011588040654352497	-0.0002747125483118299	-0.003987483263795545	0.0027143340349906624	0.004533172356570577	0.00037648833010767635	0.005783431927032954	0.002887555950609829	-0.0009896034083989045	-0.011263221470245733	-0.005029743308990924	-0.0006940741196811187	0.0004936882051864507	-0.0	0.0	0.0	0.0	0.0	0.0	0.0	0.0	0.0	0.0	0.0	0.0	0.0	0.0	0.0	0.0	0.0	0.0	0.0	0.0	0.0	0.0	0.0	0.0	0.0	0.0	0.0	0.0	0.0	0.0	0.0	0.0	0.0	0.0	0.0	0.0	0.0	0.0	0.0	0.0	0.0	0.0	0.0	0.0	0.0	0.0	0.0	0.0	0.0	0.0	0.0	0.0	0.0	0.0	0.0	0.0	0.0	0.0	0.0	0.0	0.0	0.0	0.0	0.0	0.0	0.0	0.0	0.0	0.0	0.0	0.0	0.0	0.0	0.0	0.0	0.0	0.0	0.0	0.0	0.0	0.0	0.0	0.0	0.0	0.0	0.0	0.0	0.0	0.0	0.0	0.0	0.0	0.0	0.0	0.0	0.0	0.0	0.0	0.0	0.0	0.0	0.0	0.0	0.0	0.0	0.0	0.0	0.0	0.0	0.0	0.0	0.0	0.0	0.0	0.0	0.0	0.0	0.0	0.0	0.0	0.0
S2014F_E7-1-A-F	0.15576753226679926	0.07506538005879655	0.35541204977634033	-0.1064961548436225	-0.10823247073225319	0.08888849922636641	-0.022283641779322908	0.08151595263987699	0.02317929516911936	-0.13268842126089805	-0.04121477259424745	0.017705246652095878	0.05100946453709663	-0.09812490307844961	-0.028133695905464967	-0.00538834961820169	0.023725085185906537	0.06233713562320763	0.0021266436164621458	0.03144553047118407	-0.007438243387739141	-0.005431379877789908	-0.028679167581317815	0.001166249963276987	-0.022785795411100897	0.005619963078358641	-0.03505875203283196	-0.03246608422050958	0.009372902402110063	0.017716392393427233	0.009622468929421674	-0.04046239193947481	-0.001077434420318089	-0.032566373650334636	0.05905434319184069	0.00033686105835502436	-0.02439700081757616	-0.020047695935001542	-0.013901500632749739	-0.009127170813465773	-0.013657470262593827	-0.016877826120447643	-0.005339206996591073	0.02721873320576553	-0.019019964412945213	0.017526292660580197	0.01653456289164763	0.04503398821901529	0.013630850795049634	-0.006005082501208374	0.03825258838103016	-0.040129599025688585	-0.029270842889020404	-0.011215668440427809	0.014793562678658842	0.006720200288698929	-0.02054407759053317	0.031675357932107545	0.007801655067707185	0.004030922762396918	-0.011354927124974155	0.002921106614749205	0.028932217886382578	0.01118785738999991	0.009909961839854453	0.005862227215279092	-0.0162049359157249	-0.006366070621599275	-0.003150053597739533	-0.006199519740071852	0.0012761452756460529	-0.002185354921777225	0.003844283639303296	0.0007209070420972325	0.00043885093727347185	-0.0	0.0	0.0	0.0	0.0	0.0	0.0	0.0	0.0	0.0	0.0	0.0	0.0	0.0	0.0	0.0	0.0	0.0	0.0	0.0	0.0	0.0	0.0	0.0	0.0	0.0	0.0	0.0	0.0	0.0	0.0	0.0	0.0	0.0	0.0	0.0	0.0	0.0	0.0	0.0	0.0	0.0	0.0	0.0	0.0	0.0	0.0	0.0	0.0	0.0	0.0	0.0	0.0	0.0	0.0	0.0	0.0	0.0	0.0	0.0	0.0	0.0	0.0	0.0	0.0	0.0	0.0	0.0	0.0	0.0	0.0	0.0	0.0	0.0	0.0	0.0	0.0	0.0	0.0	0.0	0.0	0.0	0.0	0.0	0.0	0.0	0.0	0.0	0.0	0.0	0.0	0.0	0.0	0.0	0.0	0.0	0.0	0.0	0.0	0.0	0.0	0.0	0.0	0.0	0.0	0.0	0.0	0.0	0.0	0.0	0.0	0.0	0.0	0.0	0.0	0.0	0.0	0.0	0.0	0.0	0.0
S2014F_E7-2-C-F	-0.0003655082513267292	-0.2449597553631882	-0.06979487543731473	0.036968510390789695	0.053598408127289186	0.1260745330602475	0.21152387588552105	-0.22659513266010725	0.018973670888752053	-0.20154537880116868	0.060854205854932675	-0.025814653753142555	0.048896864949563135	0.01063779972022189	0.010408668501431968	-0.06524263993667585	0.08805927867126143	-0.022962915860812554	0.04076128972466216	0.0620559285016688	0.011573745803083103	-0.05202570268800241	-0.05968758896542133	-0.053465217348525516	0.04199158420803911	0.018548184337983973	-0.024289713805620346	0.011868224914092932	-0.017925443576062513	-0.09979975502650086	0.009069235756382773	0.04271251367135417	-0.023464687849928657	-0.0021391592170136565	-0.001882248926924935	0.0013838925321304828	0.014935517987055244	-0.011201609144969375	0.009374418722084369	-0.024718190639450296	0.02446502711559853	-0.03145731108567192	-0.014463164969057682	-0.016090878880630006	0.0368384237841444	-0.05410207781940019	0.016490364059715025	-0.010762063064676301	0.03570327811068909	0.006350990213091013	-0.007661490633680019	-0.02721511447192449	-0.017027301611804806	-0.004604021316688488	0.009284145839492181	-0.0010483827922522753	-0.00401916837028892	-0.025899666190981704	0.0019453836206121647	0.003760387758391615	-0.015110157971215909	0.01190223765374716	-0.010640316936709745	0.005107934920469231	-0.0051532126985126435	-0.0054150141537719155	0.005949785111637258	0.0006870372338569561	-0.00027240274700727796	0.00889028274227727	-0.0016693091446420417	0.003155184471799451	0.003074576667755228	-0.0018554277272677109	0.0008179024541017804	-0.0	0.0	0.0	0.0	0.0	0.0	0.0	0.0	0.0	0.0	0.0	0.0	0.0	0.0	0.0	0.0	0.0	0.0	0.0	0.0	0.0	0.0	0.0	0.0	0.0	0.0	0.0	0.0	0.0	0.0	0.0	0.0	0.0	0.0	0.0	0.0	0.0	0.0	0.0	0.0	0.0	0.0	0.0	0.0	0.0	0.0	0.0	0.0	0.0	0.0	0.0	0.0	0.0	0.0	0.0	0.0	0.0	0.0	0.0	0.0	0.0	0.0	0.0	0.0	0.0	0.0	0.0	0.0	0.0	0.0	0.0	0.0	0.0	0.0	0.0	0.0	0.0	0.0	0.0	0.0	0.0	0.0	0.0	0.0	0.0	0.0	0.0	0.0	0.0	0.0	0.0	0.0	0.0	0.0	0.0	0.0	0.0	0.0	0.0	0.0	0.0	0.0	0.0	0.0	0.0	0.0	0.0	0.0	0.0	0.0	0.0	0.0	0.0	0.0	0.0	0.0	0.0	0.0	0.0	0.0	0.0
S2014F_E9-2-A-F	-0.09397637708816932	-0.3549233771056264	-0.10751241573644182	-0.01019734638819393	0.02624431736690849	-0.02439020819194178	-0.04001265400799685	0.07652886685622666	-0.0690989225520099	-0.08601735198806364	0.0592289526332248	0.09053437226928665	-0.025681852204627938	0.04537078240631315	0.06649655810059577	-0.018037313066067703	-0.021337066027056657	0.029141792024094785	0.008910741353408922	-0.02820397994359442	0.06535906689632183	0.012447036315916447	0.012827248182622535	-0.013666856572517342	0.008284964903545316	-0.09073842157463956	0.013537546462869204	-0.006207760958319123	-0.026466284257205836	0.02651207865943991	0.012072783409165282	-0.027273362373661517	-0.02405762650052257	0.0057323133397753565	-0.044705868407470276	-0.03770734053803207	0.018262656453544343	-0.0007424728482249195	0.016872028257166993	0.001384399905562121	0.029326460301326625	0.00393946724033624	0.038455167580665826	-0.00982188211881072	-0.016118422812695998	-0.018005904751119017	-0.02616689627502378	-0.015544426828530532	-0.04545390214181518	0.0006923626464320195	-0.009466739161562323	-0.006279218957406994	0.009734053629291866	-0.037009048453879964	0.006504672199287701	-0.011067417361733209	-0.005809903555331743	-0.008219775384620572	0.007092932909570096	-0.008895648259374035	-0.008079048267203362	0.027575628312128408	0.024874518201172084	-0.009681851722649331	-0.002437634953633435	-0.010020074652460995	-0.0024220486308208582	-0.005396966028985427	-0.004244423619593831	0.0016739298555413142	5.963088153814563e-06	0.011323008157408155	0.00032065845603511964	-0.003570022224721784	0.00017384020850321817	-0.0	0.0	0.0	0.0	0.0	0.0	0.0	0.0	0.0	0.0	0.0	0.0	0.0	0.0	0.0	0.0	0.0	0.0	0.0	0.0	0.0	0.0	0.0	0.0	0.0	0.0	0.0	0.0	0.0	0.0	0.0	0.0	0.0	0.0	0.0	0.0	0.0	0.0	0.0	0.0	0.0	0.0	0.0	0.0	0.0	0.0	0.0	0.0	0.0	0.0	0.0	0.0	0.0	0.0	0.0	0.0	0.0	0.0	0.0	0.0	0.0	0.0	0.0	0.0	0.0	0.0	0.0	0.0	0.0	0.0	0.0	0.0	0.0	0.0	0.0	0.0	0.0	0.0	0.0	0.0	0.0	0.0	0.0	0.0	0.0	0.0	0.0	0.0	0.0	0.0	0.0	0.0	0.0	0.0	0.0	0.0	0.0	0.0	0.0	0.0	0.0	0.0	0.0	0.0	0.0	0.0	0.0	0.0	0.0	0.0	0.0	0.0	0.0	0.0	0.0	0.0	0.0	0.0	0.0	0.0	0.0
S2014F_E9-2-B-F	-0.21377946014299942	-0.20387294498672204	-0.09081624390832785	-0.21530069832002766	0.12595531202045426	0.0456583772191972	0.0584456234125155	-0.04077009073866268	-0.13278006522845198	-0.04854806605985674	0.04671177739937584	-0.003650920169328156	0.04928187327463249	-0.0053806827353393176	-0.009051833469414091	-0.09528737734661316	0.07726330340636703	0.09729332218419719	0.04687922795829317	0.05540911469869683	7.326187605851667e-05	0.0314893653649424	0.006508146087374425	-0.062410925619067636	0.017376239268043794	-0.006261088076771546	0.02106787102733644	0.011469551491338777	-0.05970395131441932	-0.0009631300943308105	-0.05953355604582108	-0.011787855433024214	-0.04147585796260141	0.0025177446664107193	0.010993311405465172	-0.0057115874376695505	0.014464498040591401	-0.009922309719436088	-0.008541266595452264	0.03980660005549428	0.0355082541238638	0.021989118383200158	0.0005299916878440027	-0.022517846273667902	-0.004748448898404857	0.03286431541671723	-0.006723769162000024	-0.02894759686495923	-0.01990405881948624	0.021582480906069585	0.023191598833399007	0.019760523506994258	-0.021643626055237994	-0.01851964531125192	0.00025794976512920863	0.014794223599431227	0.0019924866366219864	0.004702641183231704	-0.0035842550275668045	0.0007085632069280816	0.006940636639655399	0.00949023974964356	0.002335965124036167	0.007383521061058235	0.008322617808959801	0.010369097632315007	0.004391241082168014	0.00163796263284802	-0.0006806394624227619	0.004571702981189957	-0.008068039756869781	-0.00454478569856538	-0.001036686320395973	0.00406575190854916	0.00048062960447724955	-0.0	0.0	0.0	0.0	0.0	0.0	0.0	0.0	0.0	0.0	0.0	0.0	0.0	0.0	0.0	0.0	0.0	0.0	0.0	0.0	0.0	0.0	0.0	0.0	0.0	0.0	0.0	0.0	0.0	0.0	0.0	0.0	0.0	0.0	0.0	0.0	0.0	0.0	0.0	0.0	0.0	0.0	0.0	0.0	0.0	0.0	0.0	0.0	0.0	0.0	0.0	0.0	0.0	0.0	0.0	0.0	0.0	0.0	0.0	0.0	0.0	0.0	0.0	0.0	0.0	0.0	0.0	0.0	0.0	0.0	0.0	0.0	0.0	0.0	0.0	0.0	0.0	0.0	0.0	0.0	0.0	0.0	0.0	0.0	0.0	0.0	0.0	0.0	0.0	0.0	0.0	0.0	0.0	0.0	0.0	0.0	0.0	0.0	0.0	0.0	0.0	0.0	0.0	0.0	0.0	0.0	0.0	0.0	0.0	0.0	0.0	0.0	0.0	0.0	0.0	0.0	0.0	0.0	0.0	0.0	0.0
S2014F_E9-2-C-F	0.09275616961686406	-0.2932190509744976	-0.18808857082527325	-0.0534345111980535	-0.1919972783408826	0.1571464210483791	0.06614138683746394	-0.026548392545842334	-0.02820925063171301	-0.11748494670688638	-0.015531153392785567	0.04436197523223773	0.08451126674650142	0.05216413157226711	-0.07281000588733264	-0.11834193776375275	0.012323172588230576	0.004532083300976925	0.04744670401753448	0.04313694527717154	0.03710129014951577	-0.005239626475617403	0.07916549218361854	0.02948866828976752	-0.09648818461554459	0.06969275925779159	0.096608816962639	-0.010027738733527126	-0.08497195974358145	-0.01838403693790165	-0.06213739419338654	0.030325936402518558	0.022731086335693953	-0.06243678534902044	0.011523702284894848	-0.026011256470777684	-0.028752778388788865	0.005306044838897689	0.0004640576597060939	0.03722439355056837	-0.003957551986598164	-0.004899618586199803	-0.0024262305477049705	-0.015448455071561715	0.007664215119194699	-0.01050281180042714	-0.033475762292268854	-0.007704933836929013	-0.010962858339940323	-0.002326791078874682	0.013512734709776202	-0.011043437591105643	0.001541790989699707	-0.0012054695038016068	-0.014335187223929447	-0.030327883243294898	-0.00499114783736272	0.007100647770051227	-0.008083425532992357	-0.0053286022213418615	0.004645172887105765	0.014226046401348667	0.009552646405912014	0.005574572005105566	0.008947260836376442	-0.0014558239684249357	-0.005397977097282916	0.006596971533298871	-0.004797892428164292	0.00022649709377856787	-0.0013057938534674365	0.00032552572406819387	0.0010750931607355133	-9.383404770709564e-05	0.0009500345577277647	-0.0	0.0	0.0	0.0	0.0	0.0	0.0	0.0	0.0	0.0	0.0	0.0	0.0	0.0	0.0	0.0	0.0	0.0	0.0	0.0	0.0	0.0	0.0	0.0	0.0	0.0	0.0	0.0	0.0	0.0	0.0	0.0	0.0	0.0	0.0	0.0	0.0	0.0	0.0	0.0	0.0	0.0	0.0	0.0	0.0	0.0	0.0	0.0	0.0	0.0	0.0	0.0	0.0	0.0	0.0	0.0	0.0	0.0	0.0	0.0	0.0	0.0	0.0	0.0	0.0	0.0	0.0	0.0	0.0	0.0	0.0	0.0	0.0	0.0	0.0	0.0	0.0	0.0	0.0	0.0	0.0	0.0	0.0	0.0	0.0	0.0	0.0	0.0	0.0	0.0	0.0	0.0	0.0	0.0	0.0	0.0	0.0	0.0	0.0	0.0	0.0	0.0	0.0	0.0	0.0	0.0	0.0	0.0	0.0	0.0	0.0	0.0	0.0	0.0	0.0	0.0	0.0	0.0	0.0	0.0	0.0
S2014F_E9-3-A-F	0.14536275904252993	-0.36818352441215363	-0.07260280094415153	0.18721649541633387	0.1724861197338982	0.3033392639520646	-0.25941756039652336	-0.06044530344465199	-0.18704409301995453	-0.03689421665062914	-0.048157945176331256	-0.03914322198035641	-0.07900961283252152	0.075034040528951	0.13078124589852383	-0.003255822005446793	0.0011971508182406826	0.068221665340954	-0.05447433792110163	-0.04827993930581042	-0.018298328456818662	-0.018553072664662443	-0.03277326237771653	0.04189052304379869	0.03385430163644146	-0.042291310095051424	0.013896124810696533	0.04525026924689803	0.019203984800546376	0.035304842024503326	0.03438065230142283	0.0029733148967545195	0.032764625224784176	-0.0038297214632551854	-0.014087550890600849	0.021681910022237388	-0.03583626341601978	-0.004645593032079541	-0.030554799937571687	-0.010064493289469446	0.01900523213064658	-0.013730785729383329	-0.004046958716867201	-0.0029058144606009936	0.004741529794432443	0.030133656532020978	-0.009277319028348404	-0.016720758482883097	0.006460955143816346	-0.0046301689055880755	0.008026288837944229	0.01019082090705185	-0.014411528503968934	0.021665910902241757	-0.003168658361466959	-0.003621735340667463	0.0022954972871184415	-0.006431775715181696	-0.006478212222749782	-1.4315410181098752e-05	0.00734682016992653	-0.007991822061784046	-0.003541875346280443	-0.002633616862768016	0.0003888213240140326	0.008713005063301256	-9.622591926485415e-05	0.0019996608158248793	-0.002409787458735184	-0.0021208766005633034	0.0019710042630823477	-0.007410553808638826	0.001042924385077238	-0.0008687907238962433	-0.0020348246459603557	-0.0	0.0	0.0	0.0	0.0	0.0	0.0	0.0	0.0	0.0	0.0	0.0	0.0	0.0	0.0	0.0	0.0	0.0	0.0	0.0	0.0	0.0	0.0	0.0	0.0	0.0	0.0	0.0	0.0	0.0	0.0	0.0	0.0	0.0	0.0	0.0	0.0	0.0	0.0	0.0	0.0	0.0	0.0	0.0	0.0	0.0	0.0	0.0	0.0	0.0	0.0	0.0	0.0	0.0	0.0	0.0	0.0	0.0	0.0	0.0	0.0	0.0	0.0	0.0	0.0	0.0	0.0	0.0	0.0	0.0	0.0	0.0	0.0	0.0	0.0	0.0	0.0	0.0	0.0	0.0	0.0	0.0	0.0	0.0	0.0	0.0	0.0	0.0	0.0	0.0	0.0	0.0	0.0	0.0	0.0	0.0	0.0	0.0	0.0	0.0	0.0	0.0	0.0	0.0	0.0	0.0	0.0	0.0	0.0	0.0	0.0	0.0	0.0	0.0	0.0	0.0	0.0	0.0	0.0	0.0	0.0
S2014F_E9-3-B-F	0.10129039006003143	-0.23953477532235282	-0.06991542787121915	0.0758121250729939	0.19670869952068612	0.5924197051860649	-0.23610725050041623	0.01174627324634193	-0.16798861588442585	0.11521990255210877	0.007336520828730528	0.033673228733392624	-0.009649054085389597	0.04514607221206801	8.977126099772794e-05	-0.16835399875829013	0.03221911604548563	-0.056010459869615364	0.017858555988057134	0.002546482948176003	0.01661758050825896	0.041331364582618935	-0.011143630016092549	0.02858884203968907	-0.046288757679701545	-0.0005174117012498113	-0.003715593347281798	0.00914938118861461	-0.04645509341325416	-0.02871836459055232	0.015355630322215595	-0.012869949554609685	0.0023038125633604357	0.029039008427766515	0.01905563654894246	0.025225017200777772	-0.010100587840615951	-0.02308470823287964	0.01744889950083729	0.022293582054243297	-0.005075874155882175	-0.005988332457336114	-0.021890805635485424	0.015046634063677653	0.007764606756221896	0.018317023179653284	0.02267002612529453	0.007565540621448175	0.016740878822118294	0.024162148539042232	0.008762590067972944	-0.005256985699744304	-0.021175432265348414	-0.0013551577716769763	0.02512764628374952	-0.0026531932718246378	-0.006066375030595584	-0.0012887721326022132	-0.011488086561590276	0.003970895131403209	-0.0029903572123164955	-0.004340005177959738	0.0023642279534371066	-0.008798638988800137	-0.0066435051011007685	0.0029460038549190774	0.009659279112868497	0.0010424428455923826	0.00223357148799484	-0.0017997711678067775	-0.0026060250277547318	0.003833305820087523	0.00013992283531998802	0.003328836759171077	-0.0012933067142176372	-0.0	0.0	0.0	0.0	0.0	0.0	0.0	0.0	0.0	0.0	0.0	0.0	0.0	0.0	0.0	0.0	0.0	0.0	0.0	0.0	0.0	0.0	0.0	0.0	0.0	0.0	0.0	0.0	0.0	0.0	0.0	0.0	0.0	0.0	0.0	0.0	0.0	0.0	0.0	0.0	0.0	0.0	0.0	0.0	0.0	0.0	0.0	0.0	0.0	0.0	0.0	0.0	0.0	0.0	0.0	0.0	0.0	0.0	0.0	0.0	0.0	0.0	0.0	0.0	0.0	0.0	0.0	0.0	0.0	0.0	0.0	0.0	0.0	0.0	0.0	0.0	0.0	0.0	0.0	0.0	0.0	0.0	0.0	0.0	0.0	0.0	0.0	0.0	0.0	0.0	0.0	0.0	0.0	0.0	0.0	0.0	0.0	0.0	0.0	0.0	0.0	0.0	0.0	0.0	0.0	0.0	0.0	0.0	0.0	0.0	0.0	0.0	0.0	0.0	0.0	0.0	0.0	0.0	0.0	0.0	0.0
S2014F_E9-3-C-F	0.09717425162362038	-0.2941234779670542	-0.10962179661542235	0.1825400979761617	0.16324280312092324	0.2894984574224801	-0.24116737566034877	0.05135489725511393	-0.25567129982241366	-0.024405509332500512	0.006644562688755072	0.002279620727556833	-0.03265591847631219	0.04626491738562512	0.07689435560402871	0.026992914428954098	0.04953789764980542	0.06389356699454782	-0.0092027531535645	0.047771718353630456	-0.03458147957686499	0.052720935170298674	-0.021914431889949106	0.02940309825807314	0.019942881232839178	-0.0033682185460452525	-0.06672341277455997	-0.01300147359275354	0.023941892156201093	-0.0008428412391466585	-0.04473090900846802	-0.031033006480372594	-0.04389247937504486	-0.01563460322549787	-0.02098452645108248	0.010774988717669139	-0.029541716605519838	0.04014384481216726	0.01691384718183377	0.004421090630769424	0.007057289362599073	0.016445410128886194	-0.0016518608713838464	-0.010596336747426945	-0.003944543573524487	-0.02321416253562142	0.02550932055195457	0.00852545442509646	0.0017339321342884795	-0.020629573373652982	-0.02600304903776155	-0.026891643330055504	0.030279121537644532	-0.01742473841126002	-0.0004962961195074244	-0.015165348201188858	-0.0004218364624935944	-0.006216489636301936	0.010545115302468641	0.0050413940608468695	-0.014538702776355073	0.002949171839353851	0.0034689907961007586	0.005631309808914233	-0.004109667436372585	-0.010617061486737809	-0.002911688876525387	0.007201297120475456	-0.0018937747960264119	0.0011255662829945414	0.00013694418218667065	0.0025860341783541605	-0.004079785557408899	-0.0009833669204924234	0.0024770602815905227	-0.0	0.0	0.0	0.0	0.0	0.0	0.0	0.0	0.0	0.0	0.0	0.0	0.0	0.0	0.0	0.0	0.0	0.0	0.0	0.0	0.0	0.0	0.0	0.0	0.0	0.0	0.0	0.0	0.0	0.0	0.0	0.0	0.0	0.0	0.0	0.0	0.0	0.0	0.0	0.0	0.0	0.0	0.0	0.0	0.0	0.0	0.0	0.0	0.0	0.0	0.0	0.0	0.0	0.0	0.0	0.0	0.0	0.0	0.0	0.0	0.0	0.0	0.0	0.0	0.0	0.0	0.0	0.0	0.0	0.0	0.0	0.0	0.0	0.0	0.0	0.0	0.0	0.0	0.0	0.0	0.0	0.0	0.0	0.0	0.0	0.0	0.0	0.0	0.0	0.0	0.0	0.0	0.0	0.0	0.0	0.0	0.0	0.0	0.0	0.0	0.0	0.0	0.0	0.0	0.0	0.0	0.0	0.0	0.0	0.0	0.0	0.0	0.0	0.0	0.0	0.0	0.0	0.0	0.0	0.0	0.0
S2014m_E2-1-A-F	-0.1820145013743499	-0.04380146588295758	0.4289170218999611	-0.18981420855258424	0.09287394897255935	-0.042275414741822906	-0.04249950120852712	-0.08882478791439902	0.03644227903416212	0.06417597862410122	0.05095506358474777	-0.02176115514500946	-0.017323484268417774	-0.0009828632064577166	-0.014568704670542899	-0.042133073760230996	-0.026568944547719624	0.00047570214280561466	0.0013413093976001877	-0.03114727830437464	0.03446453127880727	-0.05231980071608104	0.02466760196701484	-0.009520359271769866	0.04067100378707238	0.0392000613277198	0.020262444070593993	0.021560424426216872	0.0325323742001139	-0.03721345826349217	0.015917799358944548	-0.018304166088487964	-0.0033624311287085494	-0.00834355383631411	0.04411716022901032	0.011119540597653866	-0.028969143905664848	0.008387932030656025	-0.014946070745595641	-0.01470169420923735	0.008003314700294972	0.011613377496156103	-0.012481812088993313	-0.025491382198045132	-0.009833027180460994	0.054144459448198484	0.006021827462801101	-0.015036449495353843	0.004171438950254864	-0.0020869783504641115	0.013322874770023821	0.022170036472944795	0.012418499303304716	-0.008171307386728447	-0.0007214895606936002	-0.009326269109632695	-0.003149257826857719	0.007843382027641928	-0.02428669267309195	0.004776837449126623	-0.00615035245757955	0.013009999597632242	0.007152007933611535	-0.0027278977280367567	0.011297037102352308	0.00704127165583198	-0.014471905651600236	0.014189441076452982	0.0050594227948065834	-0.002057974864579917	0.002569476489139141	0.004129584844801127	0.001959019552308248	-0.001070223140797174	-0.0003443338948648583	-0.0	0.0	0.0	0.0	0.0	0.0	0.0	0.0	0.0	0.0	0.0	0.0	0.0	0.0	0.0	0.0	0.0	0.0	0.0	0.0	0.0	0.0	0.0	0.0	0.0	0.0	0.0	0.0	0.0	0.0	0.0	0.0	0.0	0.0	0.0	0.0	0.0	0.0	0.0	0.0	0.0	0.0	0.0	0.0	0.0	0.0	0.0	0.0	0.0	0.0	0.0	0.0	0.0	0.0	0.0	0.0	0.0	0.0	0.0	0.0	0.0	0.0	0.0	0.0	0.0	0.0	0.0	0.0	0.0	0.0	0.0	0.0	0.0	0.0	0.0	0.0	0.0	0.0	0.0	0.0	0.0	0.0	0.0	0.0	0.0	0.0	0.0	0.0	0.0	0.0	0.0	0.0	0.0	0.0	0.0	0.0	0.0	0.0	0.0	0.0	0.0	0.0	0.0	0.0	0.0	0.0	0.0	0.0	0.0	0.0	0.0	0.0	0.0	0.0	0.0	0.0	0.0	0.0	0.0	0.0	0.0
S2014M_E2-1-A-M	-0.22109986635555307	-0.009786510944017543	0.42338755595680605	-0.26360849173358336	0.0742289987882572	-0.037341272595655874	-0.06495661724416184	-0.02499209621468567	-0.026464142438223523	0.09560905242141324	-0.002360049617854553	-0.0666726783004611	0.019493942754412054	-0.0132060656838835	-0.07033771231558278	0.008653754889140185	0.013033676141130582	0.020856481916211592	0.01953972078645902	-0.02537799678587026	0.03831167522782798	-0.04506127439102378	-0.01650698647382149	0.04029774789549532	-0.0414633037473784	0.013879357472111855	0.053222459923027765	0.03294551351605841	0.02140488238358494	-0.006591756463493747	-0.031748726911518727	0.006179659887875329	0.017740794602943234	0.03716453174586312	-0.00508676047234457	-0.004155898177647504	0.003447792532963631	0.005972186536286057	0.013497426617462813	0.012127568350721585	0.02235724645926405	-0.0041534471432726075	-0.023939704254282244	0.0016337133640735768	0.012971298499819208	0.005408252581354615	0.00834757187506963	0.005954828649387152	-0.0025577511766896504	0.02189545529689339	-0.004325752210077248	-0.006361173367506101	0.004535332385118982	-0.00703776658041528	0.003126504378154477	0.014394964666653043	-0.0092119447114882	-0.01785746232260141	-0.011723570264368138	-0.0016724080344541101	0.004758948005015113	-0.017251106991187693	0.018302127066979996	-0.0023127679924244467	-0.004075754781216327	-0.008416518660538663	-0.003059319622359521	-0.01645467461579466	0.004208525334937855	0.00922918523447095	-0.006278153691909742	0.0070498561003358405	0.0009448887339911028	0.0021406849338013096	0.0027444768743328327	-0.0	0.0	0.0	0.0	0.0	0.0	0.0	0.0	0.0	0.0	0.0	0.0	0.0	0.0	0.0	0.0	0.0	0.0	0.0	0.0	0.0	0.0	0.0	0.0	0.0	0.0	0.0	0.0	0.0	0.0	0.0	0.0	0.0	0.0	0.0	0.0	0.0	0.0	0.0	0.0	0.0	0.0	0.0	0.0	0.0	0.0	0.0	0.0	0.0	0.0	0.0	0.0	0.0	0.0	0.0	0.0	0.0	0.0	0.0	0.0	0.0	0.0	0.0	0.0	0.0	0.0	0.0	0.0	0.0	0.0	0.0	0.0	0.0	0.0	0.0	0.0	0.0	0.0	0.0	0.0	0.0	0.0	0.0	0.0	0.0	0.0	0.0	0.0	0.0	0.0	0.0	0.0	0.0	0.0	0.0	0.0	0.0	0.0	0.0	0.0	0.0	0.0	0.0	0.0	0.0	0.0	0.0	0.0	0.0	0.0	0.0	0.0	0.0	0.0	0.0	0.0	0.0	0.0	0.0	0.0	0.0
S2014m_E2-1-B-F	-0.10942382743073596	-0.03819232017036161	0.47454843696654103	-0.09221229555987438	0.010824882028981353	0.039202077022918974	-0.011820393606184476	0.0003387706938363401	0.10817960345194555	-0.05979413198778749	0.008211245390986366	0.04074193258804925	-0.05635986453319339	0.02190346408688173	0.014210682408492454	-0.041415547265249444	-0.03139925393246981	-0.05843756352355887	-0.06943405278612931	-0.0163865937852333	0.007073302875716583	-0.03157154490794135	-0.005370128557831596	-0.0032357640841753064	0.041477699627386184	-0.03779438532567779	0.017483913734756513	-0.030630539137829565	0.014525248752781035	0.037846757941326706	0.016287938006874943	0.015893867599237273	-0.005206927617690443	0.008836077040569183	-0.003237176025416151	-0.006750357782192461	0.011724066469513548	0.012075199606680331	0.020796260928704725	-7.958417785438606e-05	-0.011423306253487524	-0.011652728077023123	0.01282574835041812	0.02509627948555284	0.007398808339121568	0.0003941250291569025	-0.0058832791104541995	0.019351831613579756	-0.023060241889666634	-0.01964104092405827	-0.0013733026577548188	-0.0029665345160281367	0.013599037007604592	0.002960770423440728	0.012121151776308382	-0.010529397360596509	-0.013342941633498126	-0.0091367973289683	-0.0016104397960429752	-0.034171082707998714	-0.00042149156018565976	-0.000386813865836909	0.008053860051137613	-0.003000252704623186	-0.020700802343179277	0.009820403782229124	0.002273299020141639	-0.006102316822894886	0.0006517202079094483	0.008180892722684782	-0.00896216724671514	-0.004495718995000654	0.008685943183048857	0.0034423599128271106	-0.0005066154809621196	-0.0	0.0	0.0	0.0	0.0	0.0	0.0	0.0	0.0	0.0	0.0	0.0	0.0	0.0	0.0	0.0	0.0	0.0	0.0	0.0	0.0	0.0	0.0	0.0	0.0	0.0	0.0	0.0	0.0	0.0	0.0	0.0	0.0	0.0	0.0	0.0	0.0	0.0	0.0	0.0	0.0	0.0	0.0	0.0	0.0	0.0	0.0	0.0	0.0	0.0	0.0	0.0	0.0	0.0	0.0	0.0	0.0	0.0	0.0	0.0	0.0	0.0	0.0	0.0	0.0	0.0	0.0	0.0	0.0	0.0	0.0	0.0	0.0	0.0	0.0	0.0	0.0	0.0	0.0	0.0	0.0	0.0	0.0	0.0	0.0	0.0	0.0	0.0	0.0	0.0	0.0	0.0	0.0	0.0	0.0	0.0	0.0	0.0	0.0	0.0	0.0	0.0	0.0	0.0	0.0	0.0	0.0	0.0	0.0	0.0	0.0	0.0	0.0	0.0	0.0	0.0	0.0	0.0	0.0	0.0	0.0
S2014M_E2-1-B-M	-0.1703693280009403	0.00013618676846935312	0.4595277511399777	-0.18810110751458278	0.008780481150810102	0.022276312147818375	-0.05261423708368871	0.06806095258857538	0.021050616677414098	-0.007270602659644686	0.013255345089639912	-0.047981583453134136	0.07184214839139003	-0.01103646835402321	0.04751050730752884	-0.03420185290058274	-0.042294710098300374	-0.03310029567344334	0.011985612960836547	0.0002128201791560735	-0.005683005290196318	0.0019397860819853289	0.10655764052085878	-0.007589562952745652	0.007980037880828956	0.018815920666097847	-0.03232056217740236	-0.023196094523021345	-0.017519609006033235	0.014523556238450665	0.015066923652473047	0.01239685505523519	-0.021140850732119437	0.01966955916993833	-0.0035014517913733996	0.021574493937421602	0.004270429496311089	-0.011899501284993338	-0.020751282018829146	0.01773982841253873	-0.030161890113481332	0.0025914429577133676	-0.009539676313910596	0.013263329788723478	0.007365243729615834	-0.009114685940944502	0.0018428022202880412	0.025461201359350052	0.010771937414648325	0.00955904319074066	0.0065255052755204416	0.01627898189646864	0.004117714001935828	0.0044761162159666044	0.01583563660956326	-0.0018782842426828463	0.024515832735059983	0.010399259295779223	0.007123703591368659	0.007223931316633217	0.010702331033642548	-0.008799809273384643	0.00038565434249038797	-0.0007932257758893936	-0.0007253457249980393	0.003934448585064836	0.014012088353942773	0.002007681365667776	0.0008423767796963239	0.0009434663349724927	0.008849965169951892	-0.016844600278153918	-0.0020342890304185547	0.0003673780266538741	-0.004411203103306937	-0.0	0.0	0.0	0.0	0.0	0.0	0.0	0.0	0.0	0.0	0.0	0.0	0.0	0.0	0.0	0.0	0.0	0.0	0.0	0.0	0.0	0.0	0.0	0.0	0.0	0.0	0.0	0.0	0.0	0.0	0.0	0.0	0.0	0.0	0.0	0.0	0.0	0.0	0.0	0.0	0.0	0.0	0.0	0.0	0.0	0.0	0.0	0.0	0.0	0.0	0.0	0.0	0.0	0.0	0.0	0.0	0.0	0.0	0.0	0.0	0.0	0.0	0.0	0.0	0.0	0.0	0.0	0.0	0.0	0.0	0.0	0.0	0.0	0.0	0.0	0.0	0.0	0.0	0.0	0.0	0.0	0.0	0.0	0.0	0.0	0.0	0.0	0.0	0.0	0.0	0.0	0.0	0.0	0.0	0.0	0.0	0.0	0.0	0.0	0.0	0.0	0.0	0.0	0.0	0.0	0.0	0.0	0.0	0.0	0.0	0.0	0.0	0.0	0.0	0.0	0.0	0.0	0.0	0.0	0.0	0.0
S2014m_E2-1-C-F	-0.07455865586074215	-0.019417055629392613	0.4541264631802283	-0.08192085349127726	-0.04351150461290014	0.06591756161903979	-0.012651096482391657	0.061612887681534174	0.10265674307042934	-0.08972578925108678	-0.029323119536005218	0.01933954156822143	-0.02517804993218073	0.005797600249112342	0.017397435061498153	-0.010507598706128236	-0.03287377824155963	-0.05555814376907591	-0.04989099483524744	0.003496643999990627	-0.01950838027034979	-0.01886459866055163	-0.021823514427734482	0.04460830935284207	0.016825858399320093	-0.0300019323550504	-0.027771694184551807	-0.017996003822621322	0.032395849708195694	0.017626449796259408	0.017428126892502595	0.02230692066774235	-0.0013145338547353041	-0.036385266957924704	-0.02192235465837842	0.008115172267591078	0.013408535009732443	0.004099100812840234	-0.0006001604551055644	-0.005582641246240319	0.009701589862582495	-0.02046802685195084	-0.02959073295384244	-0.013355220135567721	0.011413865686752182	-0.019814981399899748	0.018247004193713126	0.004829095308645311	-0.006360428870487301	-0.006809691147845572	0.00021219001323048313	0.003294276915762745	-0.01638158258502577	-0.020839890270921223	0.001918028477037271	0.031429149260310714	0.0067161794853372375	0.028324386237716312	-0.006794553418897234	0.028071053486996747	-0.014985822874030472	-0.0018995744097475642	0.008420668034892036	0.001566883067470928	0.030403316471568378	0.010314099214589735	-0.0018990577335475122	-0.004730692664608545	-0.011329360826958996	-0.002993583130771949	0.00044357452666982116	0.005612131882363323	-0.010067333026500796	-0.0036631476476312965	-0.0009324353501659255	-0.0	0.0	0.0	0.0	0.0	0.0	0.0	0.0	0.0	0.0	0.0	0.0	0.0	0.0	0.0	0.0	0.0	0.0	0.0	0.0	0.0	0.0	0.0	0.0	0.0	0.0	0.0	0.0	0.0	0.0	0.0	0.0	0.0	0.0	0.0	0.0	0.0	0.0	0.0	0.0	0.0	0.0	0.0	0.0	0.0	0.0	0.0	0.0	0.0	0.0	0.0	0.0	0.0	0.0	0.0	0.0	0.0	0.0	0.0	0.0	0.0	0.0	0.0	0.0	0.0	0.0	0.0	0.0	0.0	0.0	0.0	0.0	0.0	0.0	0.0	0.0	0.0	0.0	0.0	0.0	0.0	0.0	0.0	0.0	0.0	0.0	0.0	0.0	0.0	0.0	0.0	0.0	0.0	0.0	0.0	0.0	0.0	0.0	0.0	0.0	0.0	0.0	0.0	0.0	0.0	0.0	0.0	0.0	0.0	0.0	0.0	0.0	0.0	0.0	0.0	0.0	0.0	0.0	0.0	0.0	0.0
S2014m_E2-1-C-M	-0.1558983665717974	-0.0678055934996819	0.40118758095771123	-0.14180805396057938	0.018516880799903452	-0.017506090939557482	-0.05220420933100271	0.02104431099002529	0.023314640085625702	-0.02384401615250993	0.047702947388772864	-0.006753320793309427	0.05706572117420449	-0.007628472646478662	0.021499014630347785	-0.027412785272622833	-0.02823913979897086	0.03099647966085513	-0.054927966014653176	-0.022139329422154772	-0.05331152549002779	0.0017955684189710204	0.05514452775357316	0.002298035562142504	0.06238896741346167	-0.010168464161979704	0.006321007879958983	-0.018795704660523094	0.0282845064618688	-0.006741488127570281	-0.00837511066955082	0.020145820000006122	-0.018119498639134403	-0.026355689214325826	-0.007500191612646708	0.007972710096250274	0.018363011782009345	-0.03399050364887287	-0.023755622091213797	0.008558600960634903	0.03234677149057457	-0.03559087835391656	-0.015590547431443544	-0.0027979120463471415	-0.011250720233644573	0.003691516709509944	-0.03403457711856539	-0.012908880519808439	0.0077538485318205015	0.0062270666358248735	-0.0013746912967939821	-0.01299690394384972	-0.010897176981885052	0.03185568724691146	-0.0037116924991442333	-0.0013458794519778379	-0.010233068121247111	-0.016033564212259592	0.013969692746487319	0.011653094212642972	0.009339444182697443	0.009914449906711	-0.029921134787294808	-0.0005129652564832762	-0.008500943561692582	-0.016102443176018437	-0.005180627810465399	0.004005756412248296	-0.001592633580376989	-0.01201295307810792	-0.015237697494579094	0.00962266120386633	0.000767297534482413	0.002991554510037396	0.0034400212837537177	-0.0	0.0	0.0	0.0	0.0	0.0	0.0	0.0	0.0	0.0	0.0	0.0	0.0	0.0	0.0	0.0	0.0	0.0	0.0	0.0	0.0	0.0	0.0	0.0	0.0	0.0	0.0	0.0	0.0	0.0	0.0	0.0	0.0	0.0	0.0	0.0	0.0	0.0	0.0	0.0	0.0	0.0	0.0	0.0	0.0	0.0	0.0	0.0	0.0	0.0	0.0	0.0	0.0	0.0	0.0	0.0	0.0	0.0	0.0	0.0	0.0	0.0	0.0	0.0	0.0	0.0	0.0	0.0	0.0	0.0	0.0	0.0	0.0	0.0	0.0	0.0	0.0	0.0	0.0	0.0	0.0	0.0	0.0	0.0	0.0	0.0	0.0	0.0	0.0	0.0	0.0	0.0	0.0	0.0	0.0	0.0	0.0	0.0	0.0	0.0	0.0	0.0	0.0	0.0	0.0	0.0	0.0	0.0	0.0	0.0	0.0	0.0	0.0	0.0	0.0	0.0	0.0	0.0	0.0	0.0	0.0
S2014m_E2-2-A-M	-0.007887448968106905	-0.38699692767064986	-0.1568622188594223	0.05489380917933391	-0.17469982427424022	-0.10886118353507862	-0.0072225644477974206	0.10416606676493517	0.038700895967230774	-0.0691187391033164	0.03590506421651149	-0.13807973977990418	-0.006168332473187009	0.08615365323015206	0.06576586698523687	0.06276165807807112	0.07342720325631849	-0.030001490844103598	-0.03724139505234756	0.04481646711871434	-0.002502304225086641	-0.006090502470495306	-0.020488625363239706	0.001736872018019435	-0.029661768696348116	0.09186606632468686	0.005252848707784662	0.012091043972937407	-0.0164581323657457	0.03737574656729824	0.004500214745471846	-0.03535425979233356	-0.05043665851088857	0.0018972624286765314	-0.006114576640431008	-0.01940602312726347	-0.011415218151895187	0.00592358587078988	-0.041382459387225255	0.008489652790138675	0.036512975939724183	0.014904449778541454	0.019203906739732653	-0.0006463806802706294	-0.0031620023132609954	0.0017669032247475697	0.009600395939567193	0.029922258056933874	-0.00820166420735848	-0.012381030197660025	0.022689369484108365	-0.01908690287858308	0.013280440723890662	0.0016798558178633873	0.02267450965463664	0.013008625456108725	-0.009339951200947024	-0.0029230116774597893	0.010345205051632207	0.0036828364178483376	-0.002442680005823436	0.0022132847793410785	0.004335174934883425	0.001548707686847138	0.004354336103111907	-0.006123031779932959	0.0019207946594549448	-0.0014510309658209743	-0.004184635117587128	0.014996511562568508	0.001625419525382977	-0.000312155656326936	-0.002131706371782256	0.0014006748111391261	0.0012400984978225762	-0.0	0.0	0.0	0.0	0.0	0.0	0.0	0.0	0.0	0.0	0.0	0.0	0.0	0.0	0.0	0.0	0.0	0.0	0.0	0.0	0.0	0.0	0.0	0.0	0.0	0.0	0.0	0.0	0.0	0.0	0.0	0.0	0.0	0.0	0.0	0.0	0.0	0.0	0.0	0.0	0.0	0.0	0.0	0.0	0.0	0.0	0.0	0.0	0.0	0.0	0.0	0.0	0.0	0.0	0.0	0.0	0.0	0.0	0.0	0.0	0.0	0.0	0.0	0.0	0.0	0.0	0.0	0.0	0.0	0.0	0.0	0.0	0.0	0.0	0.0	0.0	0.0	0.0	0.0	0.0	0.0	0.0	0.0	0.0	0.0	0.0	0.0	0.0	0.0	0.0	0.0	0.0	0.0	0.0	0.0	0.0	0.0	0.0	0.0	0.0	0.0	0.0	0.0	0.0	0.0	0.0	0.0	0.0	0.0	0.0	0.0	0.0	0.0	0.0	0.0	0.0	0.0	0.0	0.0	0.0	0.0
S2014m_E2-2-B-M	-0.2070389645590492	-0.31393906607443345	-0.11719527993650465	-0.2689313323646494	-0.07235321953276762	-0.07581199148242207	-0.10858953894325983	0.04223169616671049	0.09429815332057667	0.06804484275455303	0.09397927260392239	-0.030616608060279497	0.04003529394271268	-0.02398941213132767	0.015383709698351082	-0.03948163015021166	0.05772962581194483	0.030755243949133634	-0.02704292389318533	0.009704455303475882	-0.015897322411760048	0.009821220166210549	0.018661947955776918	-0.043195226270107356	-0.009632548969565169	0.08264066275236898	-0.029288501249535068	0.035933409759500066	0.004564359890343526	0.029196172768672098	-0.036585648709304454	0.0015200394689958787	-0.024962590536687645	0.007866080104552772	0.035515735919792304	-0.013267634567382695	-0.01964959603484291	-0.006603096944513665	-0.02775959392384297	0.014061873019351618	-0.012251411636919717	0.010878067199000982	0.01967759023704609	-0.018558695561015644	0.02079150112351781	0.02300685984509461	0.007374780207610278	-0.008705117676243837	0.022160108108135092	-0.012385443318548312	0.021844574237335917	0.008787632229028524	0.015468437637613137	0.0012428662138986495	-0.014980890775561176	0.03321878180865971	-0.012989314427028572	0.003655705674834943	0.0121575009723024	0.0023637764694839805	-0.00971392127612829	0.009778109627875228	0.0024528676654562726	0.009725420661807187	0.009114719590681044	-0.003025114389281538	-0.0028414510904814687	0.002602859805420097	0.00047952234543385824	0.0030742370500231103	-0.0056520873434710945	0.010870649324603148	0.0044546290313988955	-0.00035136259552306963	0.0028122451068259722	-0.0	0.0	0.0	0.0	0.0	0.0	0.0	0.0	0.0	0.0	0.0	0.0	0.0	0.0	0.0	0.0	0.0	0.0	0.0	0.0	0.0	0.0	0.0	0.0	0.0	0.0	0.0	0.0	0.0	0.0	0.0	0.0	0.0	0.0	0.0	0.0	0.0	0.0	0.0	0.0	0.0	0.0	0.0	0.0	0.0	0.0	0.0	0.0	0.0	0.0	0.0	0.0	0.0	0.0	0.0	0.0	0.0	0.0	0.0	0.0	0.0	0.0	0.0	0.0	0.0	0.0	0.0	0.0	0.0	0.0	0.0	0.0	0.0	0.0	0.0	0.0	0.0	0.0	0.0	0.0	0.0	0.0	0.0	0.0	0.0	0.0	0.0	0.0	0.0	0.0	0.0	0.0	0.0	0.0	0.0	0.0	0.0	0.0	0.0	0.0	0.0	0.0	0.0	0.0	0.0	0.0	0.0	0.0	0.0	0.0	0.0	0.0	0.0	0.0	0.0	0.0	0.0	0.0	0.0	0.0	0.0
S2014m_E2-2-C-M	-0.12875008965618184	-0.3909200986924532	-0.03925325943426118	0.04144555142507216	0.12779093080045467	-0.18860656102543058	-0.07222574142071318	0.14701205961064298	0.01925814420420378	-0.10618307927882692	-0.02217767413029606	0.049393667431329696	0.01707513670158668	-0.020216592200559057	-0.011586320870486756	0.0033431008552638774	-0.07373371320696538	-0.03287162288396232	0.043303658647457624	-0.0569081733694697	-0.009458733920011267	0.029593470713269926	-0.02736854398112383	-0.08761626301427135	-0.017081620419165354	0.012430119107678862	-0.008100512491106429	-0.014986602456501907	-0.03278317609964221	0.026379888598320595	-0.013705462088506587	-0.04004444107693326	0.036969361904166276	0.003622626058311708	0.012234755815126223	0.011518235426330464	-0.0010570167979008984	-0.03596746249482392	0.007163941764790057	0.020065940937109703	-0.02779820889078415	-0.022293182801299334	-0.006343408090168132	0.03293991245920613	0.004169243906456534	0.014168237024045684	-0.009461756871119092	0.0015685623766131997	-0.007390546274149686	-0.0012635242307113212	-0.013719606709820443	-0.008948080458446443	-0.021782833751854778	-0.024264904416091682	-0.01636138022382131	0.031107330255511424	-0.030236794250685314	-0.010447130963094195	-0.021571783322970165	0.0021442048105722125	-0.015421147417245115	-0.01297605329603091	-0.013860812441338938	0.00617553690052239	-0.007786506351366481	0.006609377719704382	0.015600814230421135	-0.0006848054594672911	0.000851677236543784	0.0012989259808078861	0.006400856917185238	0.008993738874042544	0.0018468321141139469	-0.0040290503836871334	-0.0001643795778435158	-0.0	0.0	0.0	0.0	0.0	0.0	0.0	0.0	0.0	0.0	0.0	0.0	0.0	0.0	0.0	0.0	0.0	0.0	0.0	0.0	0.0	0.0	0.0	0.0	0.0	0.0	0.0	0.0	0.0	0.0	0.0	0.0	0.0	0.0	0.0	0.0	0.0	0.0	0.0	0.0	0.0	0.0	0.0	0.0	0.0	0.0	0.0	0.0	0.0	0.0	0.0	0.0	0.0	0.0	0.0	0.0	0.0	0.0	0.0	0.0	0.0	0.0	0.0	0.0	0.0	0.0	0.0	0.0	0.0	0.0	0.0	0.0	0.0	0.0	0.0	0.0	0.0	0.0	0.0	0.0	0.0	0.0	0.0	0.0	0.0	0.0	0.0	0.0	0.0	0.0	0.0	0.0	0.0	0.0	0.0	0.0	0.0	0.0	0.0	0.0	0.0	0.0	0.0	0.0	0.0	0.0	0.0	0.0	0.0	0.0	0.0	0.0	0.0	0.0	0.0	0.0	0.0	0.0	0.0	0.0	0.0
S2014m_E2-3-A-M	-0.1855788196082137	-0.33164397729642886	-0.148090332346705	-0.22601559652229966	-0.11920825421622631	0.053564026612706296	-0.11006750962149589	0.03892612287261057	-0.007176443475081445	0.067409098807208	0.0934353344882456	0.0073193822400686	0.012427129568921155	0.05854394765899346	0.08149599025568825	-0.026697637095446994	-0.021092326671042425	0.00477305679163183	0.0070519006554469865	-0.008411839571597026	0.02083557705179689	0.02410248816928262	0.06827402167529133	-0.031045633885448298	0.051900433236530485	0.012359826104261628	0.045692612825453185	-0.09818105284357075	-0.0461940098727544	-0.03359442971954383	0.030314025061537728	-0.09307372776096004	0.010145858559449297	0.0017124866610069818	-0.013940682358449962	-0.0373141813350175	0.048129075095662915	0.018362521721100925	-0.0018526150913732696	0.04385752163402584	-0.005568449865859602	-0.013370881649346057	-0.009400186777496308	-0.003421087188655562	0.009322779301408336	0.0019048774548549579	-0.012686319327515115	0.015321474330756521	-0.011154486190810494	0.013144203266547722	-0.010220918322006977	0.012512075638053979	0.008392846229933366	0.027148525685479354	-0.011019472032330377	0.0002718293171866656	0.008785073722460792	0.010435854460526387	0.006396891299311553	0.006755475327568377	0.012344662026999126	0.004254530984513781	-0.014961755745649799	0.000276348316761738	2.2565851276064815e-05	-0.0029544108700347385	-0.0004177774643098246	-0.010247815775766661	-0.0019027743890429074	-0.0024531106511118546	0.006212935408827711	-0.0012646703484083376	0.003390743480341627	0.0002575591441196107	-0.0015822625050396363	-0.0	0.0	0.0	0.0	0.0	0.0	0.0	0.0	0.0	0.0	0.0	0.0	0.0	0.0	0.0	0.0	0.0	0.0	0.0	0.0	0.0	0.0	0.0	0.0	0.0	0.0	0.0	0.0	0.0	0.0	0.0	0.0	0.0	0.0	0.0	0.0	0.0	0.0	0.0	0.0	0.0	0.0	0.0	0.0	0.0	0.0	0.0	0.0	0.0	0.0	0.0	0.0	0.0	0.0	0.0	0.0	0.0	0.0	0.0	0.0	0.0	0.0	0.0	0.0	0.0	0.0	0.0	0.0	0.0	0.0	0.0	0.0	0.0	0.0	0.0	0.0	0.0	0.0	0.0	0.0	0.0	0.0	0.0	0.0	0.0	0.0	0.0	0.0	0.0	0.0	0.0	0.0	0.0	0.0	0.0	0.0	0.0	0.0	0.0	0.0	0.0	0.0	0.0	0.0	0.0	0.0	0.0	0.0	0.0	0.0	0.0	0.0	0.0	0.0	0.0	0.0	0.0	0.0	0.0	0.0	0.0
S2014m_E2-3-B-M	0.06789579887453968	-0.2970872425216946	-0.1979327143433211	-0.05353055784063208	-0.3068176926426257	0.04186188839875237	-0.04510414728538573	0.024518441605807142	0.10252357046294994	0.03161500005819291	0.022916935556834765	-0.17681608079157812	0.0019921188067458574	0.0036144152172336817	-0.0019239240559056708	0.04236383123439511	0.07163674501654031	-0.06381248239263525	-0.0339178523683882	0.013552495847437456	-0.05520953807897459	-0.035996925407053806	-0.03791382334905597	-0.052632802698764705	0.00740654430806683	0.011347548358568325	-0.012179275192150351	-0.07983528289554079	-0.043963888962490406	-0.006282041092646467	0.034837142554310196	0.026444595931404982	-0.008488933773156165	0.05399570957893298	0.008430735667418369	0.019756199184880953	0.019961998697803993	-0.022072836806720196	0.010619322109410257	-0.05488007800527131	-0.04220464592252832	0.0037854935589705014	0.0029866446131737705	0.01590203120498944	-0.06444152361062117	0.04156144537161414	-0.024824301576923825	-0.040506161154109356	-0.019683407929353157	0.019189212143933702	-0.03343789492732526	-0.014656407668329331	0.004873046114992472	-0.0473549404019734	-0.006161461118151417	-0.010652636008738085	-0.0049144360917433025	0.011645851770594547	-0.0014447547024870528	0.0022512080199040014	0.009444415429777473	0.007226658638353358	0.004549763217753915	-0.0005679959820389083	-0.008908432576183007	0.00855189613334063	-0.003483726137438024	-0.0040065277846917475	-0.008161210339184233	-0.010044267126995493	-0.0010118473717243071	0.0008869541529539877	-0.00043594501395543606	-0.00023562655621224421	0.0001896861974056271	-0.0	0.0	0.0	0.0	0.0	0.0	0.0	0.0	0.0	0.0	0.0	0.0	0.0	0.0	0.0	0.0	0.0	0.0	0.0	0.0	0.0	0.0	0.0	0.0	0.0	0.0	0.0	0.0	0.0	0.0	0.0	0.0	0.0	0.0	0.0	0.0	0.0	0.0	0.0	0.0	0.0	0.0	0.0	0.0	0.0	0.0	0.0	0.0	0.0	0.0	0.0	0.0	0.0	0.0	0.0	0.0	0.0	0.0	0.0	0.0	0.0	0.0	0.0	0.0	0.0	0.0	0.0	0.0	0.0	0.0	0.0	0.0	0.0	0.0	0.0	0.0	0.0	0.0	0.0	0.0	0.0	0.0	0.0	0.0	0.0	0.0	0.0	0.0	0.0	0.0	0.0	0.0	0.0	0.0	0.0	0.0	0.0	0.0	0.0	0.0	0.0	0.0	0.0	0.0	0.0	0.0	0.0	0.0	0.0	0.0	0.0	0.0	0.0	0.0	0.0	0.0	0.0	0.0	0.0	0.0	0.0
S2014m_E2-3-C-M	-0.2325583534081229	-0.26813815923690915	-0.12445871124770747	-0.2893019430218148	-0.03779389779840571	-0.04742539970189667	-0.09047146496161251	-0.01822927536440238	0.027499633612958107	0.02815075507320791	0.0497164009928772	0.013189048834969835	0.05701873142402299	-0.04378818050018569	-0.08113301536438547	0.032517777603012915	0.0008166325585258596	0.028664585906098664	0.10160117646104094	0.01924930545644724	0.030667407060828725	-0.046969224573405	0.0030646479232420564	-0.022062263891844527	-0.03424271120370819	-0.010173591126459535	-0.04293465832633101	-0.0341212588027265	0.05269574238684891	-0.09111271726464817	-0.056164654556334015	0.07680231846122565	0.04480153396570229	-0.007206534614707623	-0.0027777816479471616	0.025067832707063937	0.015367793114722231	0.0572826135838722	0.0018104851222454036	-0.031841078559890615	0.009237203523682928	-0.018561550804377838	0.010389192167128896	0.006300849364102922	-0.0007939358975193921	-0.005342570823659253	0.02337194394053211	0.02707184230117835	-0.020405718641922446	-0.004403105571738953	-0.004097127799429529	-0.013781048181164475	-0.003696059020726637	0.0009885023643244853	0.02848242401556202	-0.0014361267180969081	-0.019365937563616768	-0.010290725456256715	0.007992381827569978	-0.000988497266943882	0.00992676943537111	-0.005670583725562742	0.002441846029512395	-0.02107046787544627	-0.009188656107828121	0.003578539555591312	0.0015140868684954212	-0.0037022666504855513	0.004244197707875699	3.279583410550236e-05	-0.004935279276961468	-0.008173648587264205	0.0011605713991139541	-0.00015621403467099134	-0.0015505749602009364	-0.0	0.0	0.0	0.0	0.0	0.0	0.0	0.0	0.0	0.0	0.0	0.0	0.0	0.0	0.0	0.0	0.0	0.0	0.0	0.0	0.0	0.0	0.0	0.0	0.0	0.0	0.0	0.0	0.0	0.0	0.0	0.0	0.0	0.0	0.0	0.0	0.0	0.0	0.0	0.0	0.0	0.0	0.0	0.0	0.0	0.0	0.0	0.0	0.0	0.0	0.0	0.0	0.0	0.0	0.0	0.0	0.0	0.0	0.0	0.0	0.0	0.0	0.0	0.0	0.0	0.0	0.0	0.0	0.0	0.0	0.0	0.0	0.0	0.0	0.0	0.0	0.0	0.0	0.0	0.0	0.0	0.0	0.0	0.0	0.0	0.0	0.0	0.0	0.0	0.0	0.0	0.0	0.0	0.0	0.0	0.0	0.0	0.0	0.0	0.0	0.0	0.0	0.0	0.0	0.0	0.0	0.0	0.0	0.0	0.0	0.0	0.0	0.0	0.0	0.0	0.0	0.0	0.0	0.0	0.0	0.0
S2014m_E5-1-A-F	0.14648830953905007	0.03604671899553442	0.41301788019778507	-0.02703249192133973	-0.11185721185888685	0.14150768897972488	-0.0011815003258634827	0.031059541319158817	0.006267296549672724	-0.05201740770708332	-0.06689412789837922	0.03269328915316382	-0.1528152202516694	-0.09908974453051368	-0.14854115404956475	-0.05794057426714441	0.005888678983727918	0.05677361817562085	-0.040210895859231065	0.03573109184792865	-0.015798339948326908	0.016456021556591847	0.035012429274280985	-0.03799438237691712	0.0507622952474571	-0.02207181926252895	0.019755772906741752	0.03378247247429654	-0.003499835918308358	0.0027920868942372746	-0.04024392754800241	-0.0017134883791281817	-0.031806820613048147	-0.04091254994869087	-0.06626889264185627	0.01763381830650739	0.049247664493401726	0.018236515256466666	0.025609229601817666	0.019059416363482407	-0.006715870248686702	-0.008252028289221839	-0.01108954946697337	-0.013176371792026456	0.011178632198839257	-0.0008725214063708776	0.01568969437728983	-0.012499752151421182	0.003169552720791499	-0.011762763371926577	-0.017614020020728923	0.0038781265987299753	0.00024236702358124894	0.01723072133865816	-0.021983008661287138	0.006952537282977324	0.0007773427928529721	-0.0005863309385422244	0.004585055003714936	0.007804171829702789	0.0005529860894605609	-0.004791498165578684	0.004539176281830471	-0.0018739036351810455	-0.013139153808212548	0.00015348228014305264	0.0018805489865418334	-0.004866830546220279	0.0011389594367868417	0.00015420816153164553	0.002364639402844502	-0.004156840851325699	0.0014231452028381426	0.00043528837484514796	-0.0006497102254734749	-0.0	0.0	0.0	0.0	0.0	0.0	0.0	0.0	0.0	0.0	0.0	0.0	0.0	0.0	0.0	0.0	0.0	0.0	0.0	0.0	0.0	0.0	0.0	0.0	0.0	0.0	0.0	0.0	0.0	0.0	0.0	0.0	0.0	0.0	0.0	0.0	0.0	0.0	0.0	0.0	0.0	0.0	0.0	0.0	0.0	0.0	0.0	0.0	0.0	0.0	0.0	0.0	0.0	0.0	0.0	0.0	0.0	0.0	0.0	0.0	0.0	0.0	0.0	0.0	0.0	0.0	0.0	0.0	0.0	0.0	0.0	0.0	0.0	0.0	0.0	0.0	0.0	0.0	0.0	0.0	0.0	0.0	0.0	0.0	0.0	0.0	0.0	0.0	0.0	0.0	0.0	0.0	0.0	0.0	0.0	0.0	0.0	0.0	0.0	0.0	0.0	0.0	0.0	0.0	0.0	0.0	0.0	0.0	0.0	0.0	0.0	0.0	0.0	0.0	0.0	0.0	0.0	0.0	0.0	0.0	0.0
S2014M_E5-1-A-M	0.015479157037487807	0.02653349486371616	0.4585104951693708	-0.04394275490605413	-0.1132488889047286	0.11298188311783834	0.0067615445009106085	0.07678884979637608	0.0439497955937458	-0.08415005368516443	-0.037810311837691034	-0.09935081147409686	0.0029199872964544935	-0.028972537860945835	0.053610830987968296	0.03816395478507192	-0.02974057112712173	-0.03467007935069319	0.11141166421449052	0.0629627562220021	-0.022924911010681503	-0.0404051592675507	0.03415227798525788	0.0627039615635923	-0.03115578125434774	0.009697122635649046	-0.012023179845882121	-0.032831276709757606	-0.025231359653632046	0.010868771142847258	0.021918159518869315	-0.051199828901746555	0.038668946612537426	-0.013575600094085292	0.0055410206455075595	0.0387528210995439	-0.02605775897407309	0.026008494190962603	-0.007691308570064828	0.0027442599854119692	-0.009148035238315037	0.030174276573956688	0.027537428446706504	-0.03077390190725049	-0.0007668757910079131	-0.005502848162274739	0.014101895096811971	0.007437776572773846	-0.022283570261744347	0.003133988168697434	-0.001365457738894801	-0.003766122894805328	-0.005831069671524489	0.009727804894633959	0.013527091901870958	0.0011154730233095976	-0.0033195799674553155	-0.011218855655307189	-0.0017144151213515505	0.002836242340860789	-0.0029652824560871677	0.005179086231900457	-0.032571395957739516	-0.01412915359326523	-0.0070324251082883186	-0.003498295412739127	-0.013058872154919656	0.005190658183036939	0.0075746986185941025	0.013111467616718381	0.010399781580497494	-0.001635616290368694	-0.0006775642626234949	0.003203945613405664	0.0043356192699202005	-0.0	0.0	0.0	0.0	0.0	0.0	0.0	0.0	0.0	0.0	0.0	0.0	0.0	0.0	0.0	0.0	0.0	0.0	0.0	0.0	0.0	0.0	0.0	0.0	0.0	0.0	0.0	0.0	0.0	0.0	0.0	0.0	0.0	0.0	0.0	0.0	0.0	0.0	0.0	0.0	0.0	0.0	0.0	0.0	0.0	0.0	0.0	0.0	0.0	0.0	0.0	0.0	0.0	0.0	0.0	0.0	0.0	0.0	0.0	0.0	0.0	0.0	0.0	0.0	0.0	0.0	0.0	0.0	0.0	0.0	0.0	0.0	0.0	0.0	0.0	0.0	0.0	0.0	0.0	0.0	0.0	0.0	0.0	0.0	0.0	0.0	0.0	0.0	0.0	0.0	0.0	0.0	0.0	0.0	0.0	0.0	0.0	0.0	0.0	0.0	0.0	0.0	0.0	0.0	0.0	0.0	0.0	0.0	0.0	0.0	0.0	0.0	0.0	0.0	0.0	0.0	0.0	0.0	0.0	0.0	0.0
S2014m_E5-1-B-F	0.21411396207443045	0.17191376719939017	0.38187136838185376	-0.08768665541117442	-0.04382558421074106	0.12173916409231665	0.025279365726208078	0.10128707970253309	-0.02420686132960837	-0.08514599083108332	0.00799731692960698	0.013174651700036339	0.03489513479552495	-0.09481805160082495	-0.03806024075975379	-0.07741751058736761	0.058884475650443524	-0.00554355875612504	-0.032812124177948494	0.059452423944209104	0.10003038582442085	-0.03792388710506845	0.016159002467158144	0.028862071840078832	-0.004435710974191288	-0.0035220515851624584	0.021651866097719196	-0.08402638389332369	0.03244986720337522	0.028469499481390707	0.03174091255075828	-0.03816566232096837	-0.04921607419727718	0.06912568715379803	0.02551998437357798	0.037126515713693194	0.01738297032972679	0.011913156362690983	0.04294740622590731	-0.001274288766218741	0.012506148897328455	-0.00678008666500774	0.007727372737356888	0.026921107291924824	0.0060787451835884266	-0.007790431125533274	0.02194789256924626	-0.010741016083682853	0.013471751405758098	0.007515942829815014	-0.009520617520215213	0.011086720771896628	0.03870998710822583	0.00804461273802418	-0.006647223556391284	-0.004541157817689932	0.0009895235776440452	0.0015229053813586137	0.002875774571067543	0.00490463336228868	0.0014317711950671437	-0.002793986423700171	0.010936535497897257	0.0033200043825222575	-0.0008752511462640383	0.004734879243156596	-0.0022495758267249994	-0.0014232405620111662	-0.0020600076660793765	0.003552124576149796	-0.0020888340833222947	0.004408048136437643	-0.005483985271278272	-0.003951486053102962	0.0030437620132528743	-0.0	0.0	0.0	0.0	0.0	0.0	0.0	0.0	0.0	0.0	0.0	0.0	0.0	0.0	0.0	0.0	0.0	0.0	0.0	0.0	0.0	0.0	0.0	0.0	0.0	0.0	0.0	0.0	0.0	0.0	0.0	0.0	0.0	0.0	0.0	0.0	0.0	0.0	0.0	0.0	0.0	0.0	0.0	0.0	0.0	0.0	0.0	0.0	0.0	0.0	0.0	0.0	0.0	0.0	0.0	0.0	0.0	0.0	0.0	0.0	0.0	0.0	0.0	0.0	0.0	0.0	0.0	0.0	0.0	0.0	0.0	0.0	0.0	0.0	0.0	0.0	0.0	0.0	0.0	0.0	0.0	0.0	0.0	0.0	0.0	0.0	0.0	0.0	0.0	0.0	0.0	0.0	0.0	0.0	0.0	0.0	0.0	0.0	0.0	0.0	0.0	0.0	0.0	0.0	0.0	0.0	0.0	0.0	0.0	0.0	0.0	0.0	0.0	0.0	0.0	0.0	0.0	0.0	0.0	0.0	0.0
S2014M_E5-1-B-M	-0.0173002345409813	0.006375841676278304	0.38094045640784546	-0.011256565118696242	-0.057100219454278386	0.14833033064739698	0.1673299232481085	0.05816278563724994	0.05090343935931293	0.07097397612221742	-0.03358455961721003	0.014517898314318423	-0.29360021727885555	0.06428882767835564	-0.14271278813689436	-0.028213496549108354	0.051381687195977965	0.010358018881692483	0.047273100748341325	0.0012015997453603381	-0.020658175145099537	0.08137834062426173	-0.01929174404421633	0.012645873315623305	-0.039392726163433235	0.09818460261541628	0.020548038069440028	-0.06343284693301031	0.006890829592278272	-0.029160788971061533	0.013675621618944875	0.0032076200157086687	0.005228745934703567	0.01131921615555759	-0.003743918174726363	-0.007098691298472454	-0.03209457215063155	0.01300503410166546	-0.01563871642125807	0.0016310390253265277	0.0024139991585558403	-0.008383785464695705	0.04840721389005214	0.0004192772142454789	-0.004485351750541278	0.0021583960489999724	-0.024267415089030707	0.02026733987600137	0.017615501245941998	-0.023882673228141155	0.01439417741347218	-0.02544657648315094	-0.009901090048357066	0.005670344823721713	0.006518887018193879	-0.017262034338265845	-7.028120833561654e-05	-0.00801804959122386	0.008124904162946497	-0.009935354218850468	0.0017061556384178943	0.004946969409549007	-0.009452268805171419	-0.0026831083623215803	0.01152484523793256	-0.000721564228542166	0.0057274758458726064	-0.0013238947687315248	-0.0008455365045401061	-0.0024432378009000433	-0.0006166929439787588	0.00276534961880778	-0.0009563908640714138	-0.0012678509349413364	-0.0015620087518292847	-0.0	0.0	0.0	0.0	0.0	0.0	0.0	0.0	0.0	0.0	0.0	0.0	0.0	0.0	0.0	0.0	0.0	0.0	0.0	0.0	0.0	0.0	0.0	0.0	0.0	0.0	0.0	0.0	0.0	0.0	0.0	0.0	0.0	0.0	0.0	0.0	0.0	0.0	0.0	0.0	0.0	0.0	0.0	0.0	0.0	0.0	0.0	0.0	0.0	0.0	0.0	0.0	0.0	0.0	0.0	0.0	0.0	0.0	0.0	0.0	0.0	0.0	0.0	0.0	0.0	0.0	0.0	0.0	0.0	0.0	0.0	0.0	0.0	0.0	0.0	0.0	0.0	0.0	0.0	0.0	0.0	0.0	0.0	0.0	0.0	0.0	0.0	0.0	0.0	0.0	0.0	0.0	0.0	0.0	0.0	0.0	0.0	0.0	0.0	0.0	0.0	0.0	0.0	0.0	0.0	0.0	0.0	0.0	0.0	0.0	0.0	0.0	0.0	0.0	0.0	0.0	0.0	0.0	0.0	0.0	0.0
S2014m_E5-1-C-F	0.0975134149924234	0.05589131639657886	0.39883257020891993	-0.06445970186961157	-0.1202238485136248	0.14209910268770756	0.0008934447905750902	0.1039121323871022	0.018867809268709294	-0.08878535692160053	-0.03300171574002427	0.008792361040150914	0.08288634886672236	-0.11303808149692367	-0.06342103016152942	-0.0005216468642576697	0.025762745003117662	0.013258874574011204	0.009680170313024474	0.052443710503627054	-0.010913976026546915	0.005818591458475204	0.03025286215294285	0.028909295213235025	-0.01488901781313365	-0.015358630090330404	-0.027318157165966375	0.058426999978866	-0.0272175909864923	-0.021491481068524172	0.061128170870998394	-0.0012109334650617508	-0.011768968332701182	-0.0361427641493383	0.0005544558432098389	-0.009352763477187066	0.009632038587619096	-0.0033339246700772457	0.007006151332801852	0.005394027354893646	-0.007293161947582672	0.016541595743089884	0.017173874236061933	0.009702377053241857	-0.013141404726994637	0.022439340564424717	-0.01572488898864404	-0.0018035267939714794	-0.026509397317092214	0.01584781372319352	-0.02293506660907177	0.027155619041230716	-0.003084965737120546	-0.002673864863133151	-0.002517200512095235	-0.0005457727171628646	0.033818221021363705	-0.008857141031276577	-0.013206001406972059	-0.002739514094683881	-0.007003253459632572	0.010563781599358203	-0.028914057278268544	-0.012731585392332077	0.004952512720431148	-0.014758309732533566	-0.009435660061605643	0.0010677967097352276	-0.0057667951178153026	-0.006996447418306618	0.012487680788544479	-0.0023840972022094666	0.0007054117511474908	0.004857601252773575	-0.000744669727551034	-0.0	0.0	0.0	0.0	0.0	0.0	0.0	0.0	0.0	0.0	0.0	0.0	0.0	0.0	0.0	0.0	0.0	0.0	0.0	0.0	0.0	0.0	0.0	0.0	0.0	0.0	0.0	0.0	0.0	0.0	0.0	0.0	0.0	0.0	0.0	0.0	0.0	0.0	0.0	0.0	0.0	0.0	0.0	0.0	0.0	0.0	0.0	0.0	0.0	0.0	0.0	0.0	0.0	0.0	0.0	0.0	0.0	0.0	0.0	0.0	0.0	0.0	0.0	0.0	0.0	0.0	0.0	0.0	0.0	0.0	0.0	0.0	0.0	0.0	0.0	0.0	0.0	0.0	0.0	0.0	0.0	0.0	0.0	0.0	0.0	0.0	0.0	0.0	0.0	0.0	0.0	0.0	0.0	0.0	0.0	0.0	0.0	0.0	0.0	0.0	0.0	0.0	0.0	0.0	0.0	0.0	0.0	0.0	0.0	0.0	0.0	0.0	0.0	0.0	0.0	0.0	0.0	0.0	0.0	0.0	0.0
S2014M_E5-1-C-M	-0.09297416489801867	-0.00991990797836219	0.40299059658077524	-0.16849890163145667	-0.04543167275660597	0.041414940702103255	0.01741297435155147	0.043257347988265485	-0.015104619414440239	-0.044707950366143945	0.0017980379881003534	-0.04516855260730359	0.0025926841204630094	-0.0030019762757511246	0.07008136360746536	-0.050744354861744674	-0.049802862357200474	0.010768031087921105	0.07501497576145598	-0.01497669772767458	0.00199726231271389	0.029529818888193466	0.04404101797328004	-0.02862478191720857	0.0012805880102988198	-0.044858853803529004	-0.015427926137068003	0.011173960873087679	-0.03153168946526271	0.014837770876327431	-0.009887936552514803	-0.043787963030455644	0.05409310732732388	0.03448182237876441	-0.03668741618168563	0.002738426205427478	0.008121649891017269	0.023047979080846596	0.034600305795324686	-0.006200129181565949	-0.03644910849613959	0.0020743640892419524	0.013745261604201508	0.02046168762939051	-0.0123745811822973	-0.011882143137039003	0.003904887725491901	-0.006905360778957205	-0.006412347496010052	0.011973051024553564	-0.009919136219162454	-0.026745844724720098	0.021112595234281946	0.008419062598193252	0.0002236421650079891	0.006069752204125144	-0.007818796336112618	-0.007655291514399587	0.008477722761261903	0.022114545251861767	-0.006834309695450947	0.006896660182083638	0.014284708888205773	0.01893059202316287	0.007821316049280245	0.002880007267061294	-0.016323299936475064	0.0042227570079726925	-0.007255259992848938	-0.002000460704432305	0.0024767300061644903	0.0057042674579815605	0.001629439158712917	-0.007125557321404588	-0.0012272797457652054	-0.0	0.0	0.0	0.0	0.0	0.0	0.0	0.0	0.0	0.0	0.0	0.0	0.0	0.0	0.0	0.0	0.0	0.0	0.0	0.0	0.0	0.0	0.0	0.0	0.0	0.0	0.0	0.0	0.0	0.0	0.0	0.0	0.0	0.0	0.0	0.0	0.0	0.0	0.0	0.0	0.0	0.0	0.0	0.0	0.0	0.0	0.0	0.0	0.0	0.0	0.0	0.0	0.0	0.0	0.0	0.0	0.0	0.0	0.0	0.0	0.0	0.0	0.0	0.0	0.0	0.0	0.0	0.0	0.0	0.0	0.0	0.0	0.0	0.0	0.0	0.0	0.0	0.0	0.0	0.0	0.0	0.0	0.0	0.0	0.0	0.0	0.0	0.0	0.0	0.0	0.0	0.0	0.0	0.0	0.0	0.0	0.0	0.0	0.0	0.0	0.0	0.0	0.0	0.0	0.0	0.0	0.0	0.0	0.0	0.0	0.0	0.0	0.0	0.0	0.0	0.0	0.0	0.0	0.0	0.0	0.0
S2014m_E5-2-A-M	0.11962146726960367	-0.3017085201048904	-0.01646811137468986	0.12984806209207925	-0.1037566837340666	-0.09846053607172775	0.00042001921048382724	0.10214759803722435	0.022204244402356053	0.021521188117776376	0.07196526399780749	0.07779877852642143	0.008606372659404869	0.00027091248425408805	-0.031159724112458497	-0.08276239766368157	0.13323940849019497	0.07236847322251344	0.06111124803552321	0.04711814549137401	-0.02805223244852305	-0.06326525939924386	0.027652776865353147	0.045648376857924625	-0.019556052772755506	-0.00029865469860604094	-0.011762054880883494	0.03466339578999847	0.01637832033236703	0.008644221237136956	0.0012161005723469284	-0.002118835275552283	0.055698847245778484	-0.03841756189767275	-0.04877467692382199	0.024006031616163586	-0.0160753400861891	-0.0006898056922745573	0.01112232937949884	-0.04282988708141101	-0.0010767280982199854	-0.007906556030111601	-0.0027805411978138804	0.003520368266049378	0.01005672190144483	0.0092880169795264	-0.02349731165541985	0.0012921206715835703	-0.0011277530741521638	0.010394013206208714	0.01184036726541855	-0.004659246997496806	0.01800236732991542	-0.003868822253710145	0.032097715771595633	0.039047795904182336	0.0053002783517861925	-0.02303322836312434	0.021691909768024806	-0.006311883575808333	-0.0035521854477816917	0.006288906816929427	-0.0003273521086440038	-0.012430714366961915	-0.009995598610219517	0.003222499209829895	0.004981557638319084	-0.001622976444302193	0.0012196549743199807	-0.005286071376376429	-0.008807168264534164	0.002697732136302485	-0.004292031016067173	-0.0009792028975048647	-0.0012120265981857491	-0.0	0.0	0.0	0.0	0.0	0.0	0.0	0.0	0.0	0.0	0.0	0.0	0.0	0.0	0.0	0.0	0.0	0.0	0.0	0.0	0.0	0.0	0.0	0.0	0.0	0.0	0.0	0.0	0.0	0.0	0.0	0.0	0.0	0.0	0.0	0.0	0.0	0.0	0.0	0.0	0.0	0.0	0.0	0.0	0.0	0.0	0.0	0.0	0.0	0.0	0.0	0.0	0.0	0.0	0.0	0.0	0.0	0.0	0.0	0.0	0.0	0.0	0.0	0.0	0.0	0.0	0.0	0.0	0.0	0.0	0.0	0.0	0.0	0.0	0.0	0.0	0.0	0.0	0.0	0.0	0.0	0.0	0.0	0.0	0.0	0.0	0.0	0.0	0.0	0.0	0.0	0.0	0.0	0.0	0.0	0.0	0.0	0.0	0.0	0.0	0.0	0.0	0.0	0.0	0.0	0.0	0.0	0.0	0.0	0.0	0.0	0.0	0.0	0.0	0.0	0.0	0.0	0.0	0.0	0.0	0.0
S2014m_E5-2-B-M	-0.0596200163394722	-0.40294146521934227	-0.04288166504692717	0.10974143814740883	0.0817511399044901	-0.16573475625287182	-0.05778454031824701	0.11923905377830508	0.11926648395264233	-0.06937602754962342	0.03279217978495954	0.08683652128182139	-0.011541538285617948	-0.03384432459911053	-0.029560228355943314	0.0014459565612451823	-0.030004967936075114	-0.09124750935343136	-0.012200984086423092	-0.013033151747416911	0.06105272977171912	-0.004545591891565538	-0.044786860089035166	0.025485420894671238	0.006493244130670986	0.017307820466012012	-0.04051043887372276	0.04288892121691701	0.011491803078500186	-0.012008016645926104	0.0031556931056003963	0.027992583375066157	0.011941479245263084	-0.020732608163340445	0.02048830393560096	-0.016213871653890575	-0.014868445052619321	0.034945779217175295	0.037374707354215025	-0.007784870592228794	-0.010398101967411665	-0.0025807328064838195	0.011763442568116131	-0.012429947593750322	-0.037251204498027005	0.01688452321091275	-0.005715231642957377	-0.012426809601142355	-0.0001343695364389378	0.011958887573680155	0.017445244761655657	0.006552966059245966	-0.0031328539441461915	0.013055697183983606	-0.0072937338757725085	-0.018986624461731105	0.005242890195237141	0.0009100235262647339	0.007449474125256919	0.010483788390985972	0.0003144125754496309	-0.01695131027384037	0.004330911135703186	0.005987006681179589	0.010616628237563493	-0.000513615621982522	-0.007440188240139204	0.0023563681625448744	0.007486494470904535	-0.00208945033511455	-0.009152290604820547	-0.003092500681943926	0.0032366604367726056	0.005459562108807634	0.0003525789311718075	-0.0	0.0	0.0	0.0	0.0	0.0	0.0	0.0	0.0	0.0	0.0	0.0	0.0	0.0	0.0	0.0	0.0	0.0	0.0	0.0	0.0	0.0	0.0	0.0	0.0	0.0	0.0	0.0	0.0	0.0	0.0	0.0	0.0	0.0	0.0	0.0	0.0	0.0	0.0	0.0	0.0	0.0	0.0	0.0	0.0	0.0	0.0	0.0	0.0	0.0	0.0	0.0	0.0	0.0	0.0	0.0	0.0	0.0	0.0	0.0	0.0	0.0	0.0	0.0	0.0	0.0	0.0	0.0	0.0	0.0	0.0	0.0	0.0	0.0	0.0	0.0	0.0	0.0	0.0	0.0	0.0	0.0	0.0	0.0	0.0	0.0	0.0	0.0	0.0	0.0	0.0	0.0	0.0	0.0	0.0	0.0	0.0	0.0	0.0	0.0	0.0	0.0	0.0	0.0	0.0	0.0	0.0	0.0	0.0	0.0	0.0	0.0	0.0	0.0	0.0	0.0	0.0	0.0	0.0	0.0	0.0
S2014m_E5-3-A-M	0.08696393057130496	-0.3147261070716344	-0.21124677740376405	0.013620424280586355	-0.2778072142162582	0.06567197434232859	0.08930620238580358	0.022217369814364223	0.026765233496141613	0.08718127532027517	0.09145271805944456	-0.21261825659850161	-0.008869615405414649	0.015240571983764313	-0.06578693988067559	-0.06294959930672317	0.0039017734179951514	-0.0754459756246775	-0.04073856413829713	0.018976871616513256	-0.09222862440279984	-0.0022995849847154705	0.010439841933486651	0.0007412568443916967	-0.001631782335717754	0.014439211950446673	-0.0033153205180984453	0.009621031094912127	0.02082218188717763	0.026073946219480216	-0.02377445029007624	-0.010315235806153029	-0.05522831984989377	0.0024399231720339033	-0.017025063191271696	0.03084994338255731	0.025223143226738333	-0.0339127878178393	0.011312634773968875	0.021530319006693773	-0.0052493006665622136	-0.0031294432646765246	0.018127908494912668	0.03101308371753735	-0.03695286839980423	-0.0008257133818554453	0.010042027040419984	-0.010067628912930194	-0.003542425140781414	0.030046626718450823	0.020442776891572385	-0.004883181768692409	-0.027699341870658586	0.02981680624364584	0.008541165044140599	-0.026775110517640383	0.004074634465941076	0.00836046624171014	-0.001140051099090785	-0.018165895492839496	-0.013869994108099531	-0.0036422609505740258	-0.011972884446966812	-0.014697627821136547	0.004626005766494901	0.006622668921969316	-0.006905982446488264	-0.014812836657173261	0.016797746236052267	-0.008914113951094383	0.004350319945582712	0.0033936162735340595	0.0024913078035829557	-0.006706241004934393	0.0008281876638182559	-0.0	0.0	0.0	0.0	0.0	0.0	0.0	0.0	0.0	0.0	0.0	0.0	0.0	0.0	0.0	0.0	0.0	0.0	0.0	0.0	0.0	0.0	0.0	0.0	0.0	0.0	0.0	0.0	0.0	0.0	0.0	0.0	0.0	0.0	0.0	0.0	0.0	0.0	0.0	0.0	0.0	0.0	0.0	0.0	0.0	0.0	0.0	0.0	0.0	0.0	0.0	0.0	0.0	0.0	0.0	0.0	0.0	0.0	0.0	0.0	0.0	0.0	0.0	0.0	0.0	0.0	0.0	0.0	0.0	0.0	0.0	0.0	0.0	0.0	0.0	0.0	0.0	0.0	0.0	0.0	0.0	0.0	0.0	0.0	0.0	0.0	0.0	0.0	0.0	0.0	0.0	0.0	0.0	0.0	0.0	0.0	0.0	0.0	0.0	0.0	0.0	0.0	0.0	0.0	0.0	0.0	0.0	0.0	0.0	0.0	0.0	0.0	0.0	0.0	0.0	0.0	0.0	0.0	0.0	0.0	0.0
S2014m_E5-3-B-M	-0.11821735423428922	-0.36198249280899747	-0.05005323488687903	0.09564915445463026	0.15204259703547016	-0.06868039908605358	0.139621346217225	0.11881126800440443	-0.0317479541775817	-0.03968704806795953	0.04887039484465783	0.03901777151070804	-0.03228299322628883	-0.021761761796222193	-0.011567587120475679	-0.040432185534952716	-0.08417075414978181	0.005965240791311276	0.020822148253598283	-0.07209754052843831	-0.05127771961949432	0.030199127575477522	-0.05102851412120655	-0.012442913424402863	0.017745296816039705	-0.09165253791198973	0.028026822703474223	0.00571922385636014	0.013730409274795683	0.049600644216286086	0.019881557934629968	-0.01708347631324056	0.01238772258533209	0.03742193411690741	0.035880361848910663	-0.03437947512678585	0.007382739565921987	0.001111500835721768	0.003242199758805154	-0.03516715453760975	0.005833263002438161	0.014992738807932527	0.026300676357563547	-0.006200192075389908	0.00046992788117297007	-0.013028866770099347	-0.002552361632792747	0.006622218280670798	0.022920383410856397	0.008116230975211315	0.005874607833352748	0.010859669622690306	-0.006885003951676156	0.038359886728904294	0.04254259175163967	-0.0014209366047341708	0.008950395579517288	-0.011034386040274805	-0.0045466400754104516	-0.0026285637076597615	0.009236880370423734	0.0036511290314454143	-0.0026965843781530524	-0.009476472176785085	0.004957277966039351	0.009912919356902668	-0.004035313918656383	-0.0036216436066890583	0.011186685364174893	-0.00823032731993545	0.006297067360821489	-0.0069012349683800125	0.0008683225250357511	0.002483593411916252	0.0014595819627271727	-0.0	0.0	0.0	0.0	0.0	0.0	0.0	0.0	0.0	0.0	0.0	0.0	0.0	0.0	0.0	0.0	0.0	0.0	0.0	0.0	0.0	0.0	0.0	0.0	0.0	0.0	0.0	0.0	0.0	0.0	0.0	0.0	0.0	0.0	0.0	0.0	0.0	0.0	0.0	0.0	0.0	0.0	0.0	0.0	0.0	0.0	0.0	0.0	0.0	0.0	0.0	0.0	0.0	0.0	0.0	0.0	0.0	0.0	0.0	0.0	0.0	0.0	0.0	0.0	0.0	0.0	0.0	0.0	0.0	0.0	0.0	0.0	0.0	0.0	0.0	0.0	0.0	0.0	0.0	0.0	0.0	0.0	0.0	0.0	0.0	0.0	0.0	0.0	0.0	0.0	0.0	0.0	0.0	0.0	0.0	0.0	0.0	0.0	0.0	0.0	0.0	0.0	0.0	0.0	0.0	0.0	0.0	0.0	0.0	0.0	0.0	0.0	0.0	0.0	0.0	0.0	0.0	0.0	0.0	0.0	0.0
S2014m_E5-3-C-M	0.09976577065954209	-0.33563356708333036	-0.18594085135985552	0.05323636218340248	-0.21746285125007633	0.06396767230481454	0.11768092783573415	0.0560985301510342	0.04364022236643269	0.16078405676751392	0.09467525676824465	-0.16287916954328496	-0.057482454466951355	-0.03936762699196394	-0.027180265878045833	-0.03077064544273596	-0.0063759900858593906	0.015572981774954146	-0.08007514066516613	-0.026461488704520152	-0.07540532626037103	-0.011442332503242517	0.022572076832574072	0.026820181782039907	0.029618128086412714	-0.06282667621734751	0.01938141661148436	-0.024147220321254447	0.00666919858769532	0.016597397877974585	0.002545665451427238	0.042877773330691496	0.005400129952336627	-0.01950134267185647	0.029407998419225742	-0.0333658303552104	0.02318760845146573	0.0037256621031923915	-0.00621299499002528	-0.003452019578798397	0.01840244670463792	0.014180518549982814	0.010382073702323228	-0.00877988754079105	-0.011347961259475263	0.012197274239362395	0.019194420442423532	0.0002188944953840048	-0.009822614417986536	-0.03073142586614279	-0.002131481987844237	-0.022848045047926955	0.0024050639363803485	0.0002207487565660511	-0.016516659778684144	0.0180843631685135	0.00596392118633362	-0.007172851505076392	-0.0035838883650361674	0.00837038887163325	-0.007354975161494545	-0.003125320335704503	0.0028182943045271976	0.0033072223333191434	-0.005703543189994142	0.0026364541467615147	0.015601831703958218	0.017720397571803846	-0.01575617532999818	0.006863611904810226	0.0006158515969407177	-0.0011997459952785181	-0.0064242143747079445	0.008000154970078943	-0.0009668940287962726	-0.0	0.0	0.0	0.0	0.0	0.0	0.0	0.0	0.0	0.0	0.0	0.0	0.0	0.0	0.0	0.0	0.0	0.0	0.0	0.0	0.0	0.0	0.0	0.0	0.0	0.0	0.0	0.0	0.0	0.0	0.0	0.0	0.0	0.0	0.0	0.0	0.0	0.0	0.0	0.0	0.0	0.0	0.0	0.0	0.0	0.0	0.0	0.0	0.0	0.0	0.0	0.0	0.0	0.0	0.0	0.0	0.0	0.0	0.0	0.0	0.0	0.0	0.0	0.0	0.0	0.0	0.0	0.0	0.0	0.0	0.0	0.0	0.0	0.0	0.0	0.0	0.0	0.0	0.0	0.0	0.0	0.0	0.0	0.0	0.0	0.0	0.0	0.0	0.0	0.0	0.0	0.0	0.0	0.0	0.0	0.0	0.0	0.0	0.0	0.0	0.0	0.0	0.0	0.0	0.0	0.0	0.0	0.0	0.0	0.0	0.0	0.0	0.0	0.0	0.0	0.0	0.0	0.0	0.0	0.0	0.0
S2014m_E7-1-A-M	0.07244433910020062	0.007684432969221969	0.3764295871976287	-0.04946621211920468	-0.1846338188279313	0.10178907327537516	0.007187777497329962	0.04325386885937598	-0.01243477704223463	-0.13415118027865564	-0.0869319906600186	-0.07689956045640686	0.05598418149994882	-0.06582352439272825	0.04337151931421097	0.04308690906015922	0.028958291242022004	0.009565891642478433	0.09180154851916524	-0.014364653654379271	-0.0576243297396741	-0.03630987423537202	0.017649208810912385	0.034558948962463365	0.03251308864049589	0.018600575834008242	-0.025182069744103582	-0.003209510494853538	-0.037902627005384056	0.026562885723137437	0.04942011221206598	0.03942672930866269	0.029478475375705412	0.032697362210332655	-0.015502697063766615	-0.0033991052203803445	-0.027167255950904825	0.0024276597828758566	-0.007491790087330005	-0.027391613750858444	5.2035752157669074e-05	-0.008862324560641231	-0.027199426150379402	-0.007206702235520422	0.019560559463473993	-0.002270352387850608	-0.012801588079594358	-0.030557991373159732	0.015649620834796457	-0.0028917102065564304	-0.003266173800459846	0.01200254064883952	-0.01270010281034008	-0.009815124165870426	-0.02416872886679392	-0.0053674841419360094	0.0037429942061733283	-0.010739532174976966	0.008676511865741346	-0.012724290098395893	0.01158068444455635	0.004381278863135785	0.008383828559070388	0.0028352818074249687	-0.0023881058582408492	0.0025365776998536402	0.01184234846438037	-0.0010641289368819118	0.008516892340577828	-0.00899618341335382	-0.006930646656117784	-0.005939718668709817	0.000748849129597313	-0.0005072392277056353	6.044410458025286e-06	-0.0	0.0	0.0	0.0	0.0	0.0	0.0	0.0	0.0	0.0	0.0	0.0	0.0	0.0	0.0	0.0	0.0	0.0	0.0	0.0	0.0	0.0	0.0	0.0	0.0	0.0	0.0	0.0	0.0	0.0	0.0	0.0	0.0	0.0	0.0	0.0	0.0	0.0	0.0	0.0	0.0	0.0	0.0	0.0	0.0	0.0	0.0	0.0	0.0	0.0	0.0	0.0	0.0	0.0	0.0	0.0	0.0	0.0	0.0	0.0	0.0	0.0	0.0	0.0	0.0	0.0	0.0	0.0	0.0	0.0	0.0	0.0	0.0	0.0	0.0	0.0	0.0	0.0	0.0	0.0	0.0	0.0	0.0	0.0	0.0	0.0	0.0	0.0	0.0	0.0	0.0	0.0	0.0	0.0	0.0	0.0	0.0	0.0	0.0	0.0	0.0	0.0	0.0	0.0	0.0	0.0	0.0	0.0	0.0	0.0	0.0	0.0	0.0	0.0	0.0	0.0	0.0	0.0	0.0	0.0	0.0
S2014m_E7-1-B-F	0.0718615726386419	0.05051465984114145	0.4386208210079747	-0.07017228524732476	-0.0954264156366809	0.12346120174681251	-0.015060858180718562	0.07400662917375113	0.06489975286283976	-0.09242679896347532	-0.07161252191946392	-0.023237696242281412	-0.01624376508821706	-0.06686757545375316	-0.0022105820802470946	-0.0024004166184027572	0.020088228452665658	0.0016548825450825296	0.0388713096717099	0.047717492007194544	0.025733122306688373	-0.019511281047497973	0.017654223291856366	-0.0015404971705942833	-0.0644552401474887	0.013826332619279928	-0.0422695881704055	0.0008650930466892695	-0.021198717029198344	0.014799752932040494	0.01637576618342539	-0.0005456781998749515	-0.009170566877370664	-0.025183916848958366	0.02415285577445223	-0.007853054509114074	0.010336107950677702	-0.03282436089181274	-0.016586371015043472	-0.020890704840694156	-0.018072607235221343	0.04277027155242373	0.02516335830323073	-0.028171670888436976	0.0002444147748271622	-0.01677686941368274	-0.019931683087383273	-0.019291917887538257	0.015693989603511118	-0.011649950595810534	-0.007418651545391182	0.01448195075149986	-0.0028631171577747877	-0.02528430579521331	0.0011782896310866783	0.019939819549720544	-0.0068694642654572044	-0.010199872057380896	-0.007923882312041419	-0.012891471637499877	0.008159804250987045	-0.01562802418430266	-0.008776366717334184	0.01037398058628025	-0.00674693917828572	0.007505576234562605	0.002727218346882699	0.009725083609809953	0.008014935069990322	0.015528088324109414	0.0033923393256866914	-0.003274267158000788	-0.0029000879916850145	-0.006378815778722374	-0.004714543009498624	-0.0	0.0	0.0	0.0	0.0	0.0	0.0	0.0	0.0	0.0	0.0	0.0	0.0	0.0	0.0	0.0	0.0	0.0	0.0	0.0	0.0	0.0	0.0	0.0	0.0	0.0	0.0	0.0	0.0	0.0	0.0	0.0	0.0	0.0	0.0	0.0	0.0	0.0	0.0	0.0	0.0	0.0	0.0	0.0	0.0	0.0	0.0	0.0	0.0	0.0	0.0	0.0	0.0	0.0	0.0	0.0	0.0	0.0	0.0	0.0	0.0	0.0	0.0	0.0	0.0	0.0	0.0	0.0	0.0	0.0	0.0	0.0	0.0	0.0	0.0	0.0	0.0	0.0	0.0	0.0	0.0	0.0	0.0	0.0	0.0	0.0	0.0	0.0	0.0	0.0	0.0	0.0	0.0	0.0	0.0	0.0	0.0	0.0	0.0	0.0	0.0	0.0	0.0	0.0	0.0	0.0	0.0	0.0	0.0	0.0	0.0	0.0	0.0	0.0	0.0	0.0	0.0	0.0	0.0	0.0	0.0
S2014m_E7-1-B-M	-0.03730502146106329	0.03264038034052688	0.42997977427612666	-0.13727975747017362	-0.05011887309530321	0.0723768620715432	-0.006618312616246895	0.0960192875047944	0.0549384232026387	-0.07811069012595523	-0.0342383596254315	0.007487607100608499	0.038319395894551904	-0.012731269056705003	0.058914444068661684	-0.019193310215006164	-0.019233708357538255	-0.042925754184757026	0.007390919956579325	-0.005423799369900927	0.01843332674713789	0.02785958424984732	-0.004240489986122345	-0.01932338411727212	-0.06485002024278988	-0.02158398374028329	-0.06300734583162221	0.03423425102190518	-0.028961578032172485	0.011175510388809692	-0.011182717727669706	0.009323130374243007	0.02370550218253925	0.0005048112979650773	-0.007831058180374002	-0.028588599444287977	0.0030270497063150104	0.02741004290289015	0.004999477144657447	-0.009887299515081693	-0.02494800998943501	0.0345007158925644	0.030003421200213817	-0.039248350595453174	0.001570274847036633	-0.004120881390299787	0.013549345874247148	-0.04121379745844944	0.006750921750194017	0.01028605655018884	0.01836457998506575	0.0231724714153458	-0.00027928603917791195	-0.0009033499598109523	-0.005152585785342161	-0.012460148765078156	0.016437657215620613	0.012255033508281218	-0.0023836354608371413	0.0006492010086573391	0.019920369233900736	0.022484814476663697	0.007950141197941279	-0.006143166203039648	-0.002270566508330517	-0.017234241666058473	0.0136279431600904	-0.0043815159415467155	0.009129870182301818	-0.00759351868703937	-0.005708814577788359	-0.002510368891510962	0.0025248647772207404	0.006016323386954973	0.0052250557795339185	-0.0	0.0	0.0	0.0	0.0	0.0	0.0	0.0	0.0	0.0	0.0	0.0	0.0	0.0	0.0	0.0	0.0	0.0	0.0	0.0	0.0	0.0	0.0	0.0	0.0	0.0	0.0	0.0	0.0	0.0	0.0	0.0	0.0	0.0	0.0	0.0	0.0	0.0	0.0	0.0	0.0	0.0	0.0	0.0	0.0	0.0	0.0	0.0	0.0	0.0	0.0	0.0	0.0	0.0	0.0	0.0	0.0	0.0	0.0	0.0	0.0	0.0	0.0	0.0	0.0	0.0	0.0	0.0	0.0	0.0	0.0	0.0	0.0	0.0	0.0	0.0	0.0	0.0	0.0	0.0	0.0	0.0	0.0	0.0	0.0	0.0	0.0	0.0	0.0	0.0	0.0	0.0	0.0	0.0	0.0	0.0	0.0	0.0	0.0	0.0	0.0	0.0	0.0	0.0	0.0	0.0	0.0	0.0	0.0	0.0	0.0	0.0	0.0	0.0	0.0	0.0	0.0	0.0	0.0	0.0	0.0
S2014m_E7-1-C-F	-0.033388185985910986	0.03278194192299582	0.358628166389945	-0.19571442526590702	-0.033584733048408845	0.02722057815886501	-0.013246818852965615	0.07248448114008105	0.011401733610104449	-0.07351951548713007	-0.009701832154495466	0.05234321685311129	0.07549338350519046	-0.038991434855495215	0.04527247645065272	-0.024494410943461473	-0.013493098018668844	0.03406653517952451	-0.023404348995300327	-0.03904918199773708	0.011265706394058574	0.058740484125749434	-0.017706829444111026	-0.06736030748637038	-0.010679635919821615	-0.02245044247791164	-0.033706111147844615	0.029012760453250488	0.004808560006017488	0.003901740070190811	-0.007473578983899223	-0.017663880788367902	0.016701872436785364	-0.013564446185489224	-0.0007009538643911433	-0.030769291104789345	0.02540366306593436	-0.004565309186250867	-0.00472465169768399	-0.009412508494080606	-0.004077195593615047	-0.018777614854217063	0.001268368724082615	0.02628815842038653	-0.02657793716222071	0.023247893597482406	0.0013695925774194837	0.013460741168413231	0.0015094985221326567	-0.02508131173469586	-0.0011469021658734146	-0.018129191121523256	0.0013276683093879807	0.00998369276708834	-0.01266143709568699	-0.022809722993876323	0.008528616205740218	-0.009794836681345545	0.0007341163644894655	-0.013823978923293612	-0.008208529313123172	-0.01241419464624782	-0.011460161517404997	-0.008701979358189263	6.808303154116983e-05	0.004733797898011951	0.02331695548450235	-0.0038666679891037796	0.0036307682100296386	0.01619399389271666	0.002673099703451282	0.0025144229884132706	0.003457679079878521	-0.004551554994368552	-0.002781152517708879	-0.0	0.0	0.0	0.0	0.0	0.0	0.0	0.0	0.0	0.0	0.0	0.0	0.0	0.0	0.0	0.0	0.0	0.0	0.0	0.0	0.0	0.0	0.0	0.0	0.0	0.0	0.0	0.0	0.0	0.0	0.0	0.0	0.0	0.0	0.0	0.0	0.0	0.0	0.0	0.0	0.0	0.0	0.0	0.0	0.0	0.0	0.0	0.0	0.0	0.0	0.0	0.0	0.0	0.0	0.0	0.0	0.0	0.0	0.0	0.0	0.0	0.0	0.0	0.0	0.0	0.0	0.0	0.0	0.0	0.0	0.0	0.0	0.0	0.0	0.0	0.0	0.0	0.0	0.0	0.0	0.0	0.0	0.0	0.0	0.0	0.0	0.0	0.0	0.0	0.0	0.0	0.0	0.0	0.0	0.0	0.0	0.0	0.0	0.0	0.0	0.0	0.0	0.0	0.0	0.0	0.0	0.0	0.0	0.0	0.0	0.0	0.0	0.0	0.0	0.0	0.0	0.0	0.0	0.0	0.0	0.0
S2014m_E7-1-C-M	0.020577118369962483	0.012793361952638822	0.36869974119608934	-0.09757630562031451	-0.10257644593864816	0.058779658671106315	0.040374142188476375	0.019814386504808136	0.03952579588938441	-0.08488779468454571	-0.09516649906117472	0.0028400288428064363	-0.1372613694524616	0.05106678705756397	0.032704696818982595	-0.0048615478302286175	0.02271673689227337	0.0408927454838094	0.03957667848608941	-0.0035356019404939763	0.045008035870675686	0.0359046233058644	-0.054689747122332294	-0.040418416913752746	-0.027266371824239737	0.00655618688035891	-0.009587104460535886	0.017061828768767353	-0.01596179270843522	0.008214060168546644	-0.04198368897267999	-0.005786071941933028	-0.010764746288996607	0.01935903635873824	0.012183051294438958	0.0018197734416730512	0.025522858137203105	-0.04424387498226407	0.009765624014355215	0.02714213611656968	0.054839106521315725	0.00882345307264117	-0.05813690357612626	0.02217019761821137	0.002212825876942811	-0.010493117378908004	0.001786158937613492	-0.0024153297018835243	0.008512479674378508	0.013214756903912214	-0.012344951129012903	0.009047388776429013	0.014639468722068491	0.017372605312120346	0.01344281349386689	0.0066318925234665335	-0.012354919380698713	0.018352840500961854	-0.03444798816333406	0.0005540446487237553	-0.006670175200859192	0.0015541666616792024	-0.0004228925144152332	-0.009926087996396623	-0.0037393167013269886	0.005060299949555479	-0.008549044092418603	0.005222781232511219	-0.0030639906217000473	-0.008618032313641744	-0.016347312650894202	0.00989770042986698	-0.0008296527577439311	0.006398888552070829	0.0011161809844655013	-0.0	0.0	0.0	0.0	0.0	0.0	0.0	0.0	0.0	0.0	0.0	0.0	0.0	0.0	0.0	0.0	0.0	0.0	0.0	0.0	0.0	0.0	0.0	0.0	0.0	0.0	0.0	0.0	0.0	0.0	0.0	0.0	0.0	0.0	0.0	0.0	0.0	0.0	0.0	0.0	0.0	0.0	0.0	0.0	0.0	0.0	0.0	0.0	0.0	0.0	0.0	0.0	0.0	0.0	0.0	0.0	0.0	0.0	0.0	0.0	0.0	0.0	0.0	0.0	0.0	0.0	0.0	0.0	0.0	0.0	0.0	0.0	0.0	0.0	0.0	0.0	0.0	0.0	0.0	0.0	0.0	0.0	0.0	0.0	0.0	0.0	0.0	0.0	0.0	0.0	0.0	0.0	0.0	0.0	0.0	0.0	0.0	0.0	0.0	0.0	0.0	0.0	0.0	0.0	0.0	0.0	0.0	0.0	0.0	0.0	0.0	0.0	0.0	0.0	0.0	0.0	0.0	0.0	0.0	0.0	0.0
S2014m_E7-2-A-F	-0.20307225227527717	-0.32241460396870186	-0.010965105680372317	-0.14806068864216504	0.1693662433915373	-0.05375555332149757	0.0746591171061983	-0.21605157314687146	-0.027780073528952193	-0.07617173605098679	0.05328692863750651	-0.09057167164126795	0.0370062313246458	0.028728011193633596	0.02995241381807006	-0.05597549864305696	0.02855804431139149	0.07921183772869829	-0.009627808872799137	-0.02394435121394707	-0.018261341246694648	-0.06330904339731586	0.03399422146956473	-0.036975407486674716	0.07323327158659884	0.002455711651268552	-0.03478243295919391	0.04750204611036343	0.0152124173024505	-0.06993616356881383	0.040312359874934346	0.027730017145320116	-0.005695243673864684	-0.0009835482184763294	0.011449774252158203	0.006783728017069302	-0.022056561858905376	0.0212001351048091	-0.004795689341365969	0.01967151918500738	0.0041680685043280884	0.000789001851127944	0.02213674119069945	0.019427101170235342	0.0012730157422850942	0.018185521372528077	0.03874742667575231	0.012982016408843914	-0.019987443447052777	-0.0256109053264979	-0.011397627043417038	0.009581903036518518	0.009071661449841114	0.0109111200625715	-0.007653459467816032	0.016562528760819234	-0.0030017556635850698	-0.005828735323940538	0.005369339548271565	-0.011974157327128929	-0.006192247488506598	0.0029807958081087076	-0.0027108982559148035	-0.004216741932711398	0.0009183424982796432	0.0015409714007150604	8.242720306248305e-05	-0.0070601938683479745	-0.006944637467737046	-0.0016105521947936395	0.005455891738115375	0.00293058093534345	-0.002535603479162356	0.001650466337969547	0.0008330095883366173	-0.0	0.0	0.0	0.0	0.0	0.0	0.0	0.0	0.0	0.0	0.0	0.0	0.0	0.0	0.0	0.0	0.0	0.0	0.0	0.0	0.0	0.0	0.0	0.0	0.0	0.0	0.0	0.0	0.0	0.0	0.0	0.0	0.0	0.0	0.0	0.0	0.0	0.0	0.0	0.0	0.0	0.0	0.0	0.0	0.0	0.0	0.0	0.0	0.0	0.0	0.0	0.0	0.0	0.0	0.0	0.0	0.0	0.0	0.0	0.0	0.0	0.0	0.0	0.0	0.0	0.0	0.0	0.0	0.0	0.0	0.0	0.0	0.0	0.0	0.0	0.0	0.0	0.0	0.0	0.0	0.0	0.0	0.0	0.0	0.0	0.0	0.0	0.0	0.0	0.0	0.0	0.0	0.0	0.0	0.0	0.0	0.0	0.0	0.0	0.0	0.0	0.0	0.0	0.0	0.0	0.0	0.0	0.0	0.0	0.0	0.0	0.0	0.0	0.0	0.0	0.0	0.0	0.0	0.0	0.0	0.0
S2014m_E7-2-A-M	-0.054478277412354566	-0.3187302072443183	-0.15197906591377022	-0.14091623952706023	-0.20497558592620793	0.01759955827429588	0.11973584689289868	-0.04127418034001541	0.07369252003528672	-0.06121711035388645	0.02711852245378586	-0.027492973084209848	0.04845406156793958	0.07202149135912803	0.005915791327745929	-0.1297787241257747	-0.02723243160225868	-0.10811780805995552	-0.026889012887747137	-0.06294860766294534	0.010623936127006002	0.0025415607102778058	-0.07086833838057063	0.005997425902651355	0.006452664165666905	0.036687931195093046	0.002116755345116226	0.03643506505003046	0.07935747197070395	0.04880276525071353	0.011552280959397775	-0.024313312074332752	0.07625569773832881	-0.015245031455887284	-0.06090325569048186	-0.0011635932087971051	-0.0032118679065627023	0.048688878749481315	-0.0014628935393112556	-0.029460288074454048	-0.03305759586612775	-0.019642691526464626	-0.010001513756134745	-0.008488671555077485	0.025797375263787375	0.01801550474351754	-0.012001619249078992	0.005249387897760116	-0.010797278230478567	-0.005552437683751386	-0.015269166258151688	0.02194658685874227	-0.011750807418380345	-0.014860735354814521	-0.0030322391198829503	0.017032045354813438	-0.002360028373532929	0.0016306188396831719	0.007893008357498612	0.005392774962836341	0.004088349497890478	0.018000443056814752	0.0013338618342075724	0.002731030485877769	0.004790109653733232	-0.0032805080083673976	-0.0008856134733532153	0.0016485150972697985	-0.00047590595114273124	0.006483279628273791	-0.0005799066773085087	-0.00031961235544978315	-6.475410170395758e-05	0.0015841482236191027	-0.0007796444312280695	-0.0	0.0	0.0	0.0	0.0	0.0	0.0	0.0	0.0	0.0	0.0	0.0	0.0	0.0	0.0	0.0	0.0	0.0	0.0	0.0	0.0	0.0	0.0	0.0	0.0	0.0	0.0	0.0	0.0	0.0	0.0	0.0	0.0	0.0	0.0	0.0	0.0	0.0	0.0	0.0	0.0	0.0	0.0	0.0	0.0	0.0	0.0	0.0	0.0	0.0	0.0	0.0	0.0	0.0	0.0	0.0	0.0	0.0	0.0	0.0	0.0	0.0	0.0	0.0	0.0	0.0	0.0	0.0	0.0	0.0	0.0	0.0	0.0	0.0	0.0	0.0	0.0	0.0	0.0	0.0	0.0	0.0	0.0	0.0	0.0	0.0	0.0	0.0	0.0	0.0	0.0	0.0	0.0	0.0	0.0	0.0	0.0	0.0	0.0	0.0	0.0	0.0	0.0	0.0	0.0	0.0	0.0	0.0	0.0	0.0	0.0	0.0	0.0	0.0	0.0	0.0	0.0	0.0	0.0	0.0	0.0
S2014m_E7-2-B-F	-0.0025945169331559868	-0.30367511691954613	-0.1048307123530343	-0.01889340878668523	-0.06632575251232893	0.0634777568350974	0.18722040627841338	-0.20649484012121666	0.03963805473620773	-0.17403724587484817	0.03421073544420744	0.05564352088522083	0.05732871686736703	0.0642751602073775	-0.05948095479852815	-0.07491132213786343	-0.0605215989101523	-0.0521374023522375	0.02915058936564579	-0.018305264971433234	-0.009671295158817289	-0.06280169021399137	-0.025435084479499437	0.002224261491806136	-0.024181369607406678	0.027620942623950612	-0.04762362767268014	0.04606466335155261	0.04554443577089912	-0.037954823287178044	-0.020240316209018016	-0.02670503749558655	0.006974557359701879	0.03059815918248931	0.006533697574193192	0.007442192549907193	-0.033723378212808304	-0.025457010473624808	-0.03230047816013499	0.037829976329698436	-0.024363935932679662	0.025147925738581434	-0.014749944559297443	0.012227577605617268	-0.004311408888364626	-0.01729528303428336	-0.003608324162283043	0.014569243720096122	-0.0396511178811878	-0.00044546477884915115	-0.025746895218037497	0.0034897220756966124	0.03090377266384744	-0.006069244536810481	-0.007829637564272495	0.005033431635141877	-0.01103389305170371	0.014447212038481943	0.007069228396334232	0.008530416815673875	0.007883573202428256	-0.023692993264339192	-0.00978255883289781	-0.009960918023838024	-0.012126025669030012	0.0022400761632086503	0.004664518023230896	0.001029048081287164	-0.0009403209714989233	-0.006455197520420352	-0.0047669714562690296	0.0028519520607500734	0.000390266847798881	0.0022178733957215866	-0.00015763023492752467	-0.0	0.0	0.0	0.0	0.0	0.0	0.0	0.0	0.0	0.0	0.0	0.0	0.0	0.0	0.0	0.0	0.0	0.0	0.0	0.0	0.0	0.0	0.0	0.0	0.0	0.0	0.0	0.0	0.0	0.0	0.0	0.0	0.0	0.0	0.0	0.0	0.0	0.0	0.0	0.0	0.0	0.0	0.0	0.0	0.0	0.0	0.0	0.0	0.0	0.0	0.0	0.0	0.0	0.0	0.0	0.0	0.0	0.0	0.0	0.0	0.0	0.0	0.0	0.0	0.0	0.0	0.0	0.0	0.0	0.0	0.0	0.0	0.0	0.0	0.0	0.0	0.0	0.0	0.0	0.0	0.0	0.0	0.0	0.0	0.0	0.0	0.0	0.0	0.0	0.0	0.0	0.0	0.0	0.0	0.0	0.0	0.0	0.0	0.0	0.0	0.0	0.0	0.0	0.0	0.0	0.0	0.0	0.0	0.0	0.0	0.0	0.0	0.0	0.0	0.0	0.0	0.0	0.0	0.0	0.0	0.0
S2014m_E7-2-B-M	-0.017257985647315573	-0.38510704011794566	-0.0715131578572828	0.07815498220689085	0.0009663741501887332	-0.0146878261549335	0.09509383374460688	-0.15041578263362793	0.11262802053258902	-0.09456025022661381	0.11489229198256455	0.08347337146901136	-0.02067195697287369	-0.01604843854140463	0.02998532447008609	0.09406123013591362	0.02363776527466655	0.017583785458884227	0.02767703801696251	-0.004627322419458276	0.015295038507729381	0.01652391731149916	0.017702614420048068	0.05468747655512536	-0.03705011409148034	-0.032103573784280276	-0.06783935138169374	0.04746709219203366	-0.004542263494487089	0.024072023272648842	0.02201829585458331	-0.0012499178348921514	0.03928023687840394	0.02753728339021582	-0.06165790349969712	0.06117711151923958	-0.0349397135846386	-0.0024528189002661228	-0.033236701862680885	0.030466376906692776	0.03143692081414644	-0.020346690859181567	-0.0013454910014411364	0.0020020046363165324	-0.003070029313808187	-0.0023688738560425733	-0.0017065097710060007	0.010016056942854915	0.0032461621915312712	0.001953045619759114	0.02285361324615384	-0.001661410424291477	-0.007517477613706965	-0.01113384741972555	0.0036294072053097313	-0.0068557657792105995	0.007348039881584561	0.004837735917832527	-0.01180912286808224	0.006667802192939715	0.0012116529428762685	0.0013305662769161153	0.00992797804065661	0.008048075637131911	-0.003709512149156189	0.00025003607337980953	-0.0010615633605688677	0.004731363975901935	-0.009747052083062322	0.004635219578574446	0.006402781679378272	-0.0020275186210524853	0.0026112807400473603	-0.0009803323886310956	-0.001896538125719183	-0.0	0.0	0.0	0.0	0.0	0.0	0.0	0.0	0.0	0.0	0.0	0.0	0.0	0.0	0.0	0.0	0.0	0.0	0.0	0.0	0.0	0.0	0.0	0.0	0.0	0.0	0.0	0.0	0.0	0.0	0.0	0.0	0.0	0.0	0.0	0.0	0.0	0.0	0.0	0.0	0.0	0.0	0.0	0.0	0.0	0.0	0.0	0.0	0.0	0.0	0.0	0.0	0.0	0.0	0.0	0.0	0.0	0.0	0.0	0.0	0.0	0.0	0.0	0.0	0.0	0.0	0.0	0.0	0.0	0.0	0.0	0.0	0.0	0.0	0.0	0.0	0.0	0.0	0.0	0.0	0.0	0.0	0.0	0.0	0.0	0.0	0.0	0.0	0.0	0.0	0.0	0.0	0.0	0.0	0.0	0.0	0.0	0.0	0.0	0.0	0.0	0.0	0.0	0.0	0.0	0.0	0.0	0.0	0.0	0.0	0.0	0.0	0.0	0.0	0.0	0.0	0.0	0.0	0.0	0.0	0.0
S2014m_E7-2-C-M	0.02868595580687282	-0.3683923861601985	-0.04929759472092417	0.2619166985363817	0.19744257326648493	-0.02073282389795539	0.15428832373750187	0.006616413958300119	-0.0027366518473726123	-0.10373399621981766	0.07601428239371608	-0.012149682612162784	0.020127496213644912	-0.1504683755112901	-0.1016700072406472	-0.0025568702232051425	0.05012482067855695	0.028557664204240527	0.08191815520631877	0.0004352768914801994	-0.0534971764055449	-0.03563189105472721	-0.06624218188113157	-0.034184629224154016	0.06720725118679556	0.07200661307022124	0.006185102141728692	-0.01425410574656745	-0.010093658292089946	0.007904814516249565	0.048184683792318786	-0.0018199715346958305	-0.02330792567233848	0.008931580362635274	-0.006939681746870003	0.002381857879261193	-0.03826516648926105	-0.007418794097527017	0.001091997808231339	-0.009339895416817347	-0.03243155385815003	-0.014959115763209924	0.009098346287388294	0.004455562684755833	0.005353326452181341	-0.007877801004966581	-0.015016040970058726	0.023069846373828216	-0.005278210247076787	-0.020524716131077054	-0.014558867420731206	0.008163151579997136	0.010468138039541476	-0.010326584167433275	0.0014364191564925502	-0.0032664158502887963	0.0026045659754134506	0.0125813054126919	-0.008401837330167094	0.00182727813081508	-0.006309157618840638	-0.001514637322740223	0.0016233552094401308	0.010656829501845764	0.0016770203592257336	-0.0046633583579471696	0.001413526779603229	-0.0006374533136575581	0.0015919368489365118	-9.628480877608864e-06	-0.0009264949108003683	0.005156332333474718	0.0018993055040373687	0.0008716377499152247	0.0015441540816071968	-0.0	0.0	0.0	0.0	0.0	0.0	0.0	0.0	0.0	0.0	0.0	0.0	0.0	0.0	0.0	0.0	0.0	0.0	0.0	0.0	0.0	0.0	0.0	0.0	0.0	0.0	0.0	0.0	0.0	0.0	0.0	0.0	0.0	0.0	0.0	0.0	0.0	0.0	0.0	0.0	0.0	0.0	0.0	0.0	0.0	0.0	0.0	0.0	0.0	0.0	0.0	0.0	0.0	0.0	0.0	0.0	0.0	0.0	0.0	0.0	0.0	0.0	0.0	0.0	0.0	0.0	0.0	0.0	0.0	0.0	0.0	0.0	0.0	0.0	0.0	0.0	0.0	0.0	0.0	0.0	0.0	0.0	0.0	0.0	0.0	0.0	0.0	0.0	0.0	0.0	0.0	0.0	0.0	0.0	0.0	0.0	0.0	0.0	0.0	0.0	0.0	0.0	0.0	0.0	0.0	0.0	0.0	0.0	0.0	0.0	0.0	0.0	0.0	0.0	0.0	0.0	0.0	0.0	0.0	0.0	0.0
S2014m_E7-3-A-M	0.10619750495777434	-0.3075035121150423	-0.09228801411238745	0.12848289485123707	0.07775593997833688	0.29502867016460005	-0.15400586794448162	-0.24471754877273938	0.0219018378653632	-0.018039371804231454	0.12106855233147089	0.16219152925642175	0.017301868865651594	-0.07786191360421539	-0.08857919793235365	0.14557731448793576	-0.050924341353384854	-0.002817626033108794	-0.011278520935090349	0.007885259136247002	-0.07574474307353112	-0.018128789271632053	0.05217193776509229	-0.03532052726852469	0.019642629125903636	-0.02030446524956027	-0.04395425103576992	-0.0013605695686422375	0.043786509024684055	0.0017262192197141635	0.01343629078312565	-0.00916054020373618	-0.0030065620603032237	0.017000958124503918	0.0014351556855060445	-0.022618408459621948	0.07882379484754465	0.00997606539420332	0.00581738572684147	0.00877623912967297	0.006859366858133668	0.02887351168332164	0.028589255225950985	-0.0028382428140077674	0.01576235351606301	-0.008836543031534562	0.0016015643089803374	-0.0183001640498658	0.001334593363926765	0.01764524680382002	0.022846926352180136	-0.010512677439743174	0.009466942773909448	0.0005119165879508055	-0.014630766424634355	-0.009527103497634106	-0.012935105192070882	-0.005610761098943521	-0.0008295674677622569	0.015352764997465821	0.0028735007720336247	0.014978180672221763	0.0023279662284369225	0.001574707102938153	0.009782326787226252	-0.0034061906842129046	0.0044274371883689006	0.006765240452975955	-0.001116794194123773	0.00202148122885793	-0.003072234210105587	0.00393034500497995	0.0024794066207796664	8.374254862617411e-05	-0.0008881723250395965	-0.0	0.0	0.0	0.0	0.0	0.0	0.0	0.0	0.0	0.0	0.0	0.0	0.0	0.0	0.0	0.0	0.0	0.0	0.0	0.0	0.0	0.0	0.0	0.0	0.0	0.0	0.0	0.0	0.0	0.0	0.0	0.0	0.0	0.0	0.0	0.0	0.0	0.0	0.0	0.0	0.0	0.0	0.0	0.0	0.0	0.0	0.0	0.0	0.0	0.0	0.0	0.0	0.0	0.0	0.0	0.0	0.0	0.0	0.0	0.0	0.0	0.0	0.0	0.0	0.0	0.0	0.0	0.0	0.0	0.0	0.0	0.0	0.0	0.0	0.0	0.0	0.0	0.0	0.0	0.0	0.0	0.0	0.0	0.0	0.0	0.0	0.0	0.0	0.0	0.0	0.0	0.0	0.0	0.0	0.0	0.0	0.0	0.0	0.0	0.0	0.0	0.0	0.0	0.0	0.0	0.0	0.0	0.0	0.0	0.0	0.0	0.0	0.0	0.0	0.0	0.0	0.0	0.0	0.0	0.0	0.0
S2014M_E7-3-B-M	0.05657563077567188	-0.3882389406839927	-0.12062732120966128	0.08620717555301544	-0.10057349457735613	0.08542579269008323	-0.07593084427186474	-0.1782559810461634	0.08119898804042773	-0.021279391249054088	0.08704194626995512	0.04805287692779302	-0.038021819549798073	-0.0015807161615676287	0.06035673844588079	0.13469408505327948	0.005034501101546009	0.008904020652006989	-0.012963013929710663	0.012292844419638509	0.04886790173734769	-0.055392112847237496	0.058936648740065815	0.059663075952031214	0.04172569273923016	-0.0003748145067588718	0.006448853410427238	-0.06494326705372068	-0.019685421405876476	-0.007758036838031277	0.07862405068797641	-0.027311469297873172	0.022036776182590773	-0.013955797530839496	0.04018357705664077	-0.07436803774269539	-0.019819293961170947	0.01683613491730128	0.007058417324082381	0.03977461854639061	0.002358043939516857	0.012790390693327231	0.020963655390405633	-0.011193461463587753	0.02512459502569694	-0.018529159896175217	-0.032074039269439435	0.0038113801095043982	-0.007397720310508709	-0.013858617225513882	-0.013241940694364622	0.023105052524377723	-0.022225988867312415	0.0029532683428280756	-0.010663849091762738	0.0028969572464973385	0.005018824752038527	-0.013242892477262526	-0.004854842163878868	-0.006221822576167677	-0.008474632515156445	-0.006954290193802418	0.00646482482986473	-0.0057245969317254826	0.001145442970867909	0.003519584877029826	-0.0021809531398638356	-0.008472688702121195	0.003023883755726193	-0.012877169192309218	-0.005838078590448005	0.0016744120290765126	-6.394052459422554e-05	-0.0005102837976346855	0.0003928633138760451	-0.0	0.0	0.0	0.0	0.0	0.0	0.0	0.0	0.0	0.0	0.0	0.0	0.0	0.0	0.0	0.0	0.0	0.0	0.0	0.0	0.0	0.0	0.0	0.0	0.0	0.0	0.0	0.0	0.0	0.0	0.0	0.0	0.0	0.0	0.0	0.0	0.0	0.0	0.0	0.0	0.0	0.0	0.0	0.0	0.0	0.0	0.0	0.0	0.0	0.0	0.0	0.0	0.0	0.0	0.0	0.0	0.0	0.0	0.0	0.0	0.0	0.0	0.0	0.0	0.0	0.0	0.0	0.0	0.0	0.0	0.0	0.0	0.0	0.0	0.0	0.0	0.0	0.0	0.0	0.0	0.0	0.0	0.0	0.0	0.0	0.0	0.0	0.0	0.0	0.0	0.0	0.0	0.0	0.0	0.0	0.0	0.0	0.0	0.0	0.0	0.0	0.0	0.0	0.0	0.0	0.0	0.0	0.0	0.0	0.0	0.0	0.0	0.0	0.0	0.0	0.0	0.0	0.0	0.0	0.0	0.0
S2014m_E7-3-C-M	-0.12420409319529464	-0.2356090767305699	-0.10072492646467643	-0.04328867332305281	0.06476247676810117	0.41669069431238387	0.20998494691717182	0.18760599784387913	0.011468788465255144	0.07744266236731205	-0.06383499317974671	0.14795864618015325	0.07460226575269056	0.025206977490726642	0.010456233499449623	0.1489233051628691	-0.039205502337501176	0.028531574532895586	-0.03777646959733338	-0.01445077670649956	0.003315226139255685	-0.08928363218443369	0.016034481820271097	-0.003195539296590279	0.044623910877835835	0.11179664113383836	0.11607242999242509	-0.05427191704838407	-0.040639175169515276	0.0022624672149757	0.06102912132230762	-0.029807706631553205	-0.014485788238703402	-0.0009165553041176928	-0.02272031976185416	-0.05251963484290591	0.028826620370738618	-0.014306687092837422	-0.01516492153946617	0.027105242058137184	0.005329613296274001	0.0005501940660514645	-0.022740664727997677	-0.03504789391080405	0.029788497166895505	0.011899901795120134	0.011583873976708561	-0.016860776887499995	-0.007440581460120545	8.201847836473508e-07	0.004162396589651533	-0.004202512429286801	0.017784773393392836	-0.004546641077456107	-0.004573986412706975	-0.0010836637509460513	0.003668161391546564	-0.004348009740759888	0.006717475798567475	0.0015253099813146423	-0.0059138196684493495	-0.002943855452340936	0.007668020058537656	0.00445849158849858	0.0026760192799249725	0.0054815241958970605	-0.003760833761673449	-0.0027565686655800924	-0.0002590643524829056	0.007988610453251024	-0.0052456748717307836	-0.0021823497085269867	0.0017784275785520593	-0.0011298861070886542	0.001245254870863619	-0.0	0.0	0.0	0.0	0.0	0.0	0.0	0.0	0.0	0.0	0.0	0.0	0.0	0.0	0.0	0.0	0.0	0.0	0.0	0.0	0.0	0.0	0.0	0.0	0.0	0.0	0.0	0.0	0.0	0.0	0.0	0.0	0.0	0.0	0.0	0.0	0.0	0.0	0.0	0.0	0.0	0.0	0.0	0.0	0.0	0.0	0.0	0.0	0.0	0.0	0.0	0.0	0.0	0.0	0.0	0.0	0.0	0.0	0.0	0.0	0.0	0.0	0.0	0.0	0.0	0.0	0.0	0.0	0.0	0.0	0.0	0.0	0.0	0.0	0.0	0.0	0.0	0.0	0.0	0.0	0.0	0.0	0.0	0.0	0.0	0.0	0.0	0.0	0.0	0.0	0.0	0.0	0.0	0.0	0.0	0.0	0.0	0.0	0.0	0.0	0.0	0.0	0.0	0.0	0.0	0.0	0.0	0.0	0.0	0.0	0.0	0.0	0.0	0.0	0.0	0.0	0.0	0.0	0.0	0.0	0.0
S2014M_E9-1-A-M	-0.205447318946599	-0.09417236412315927	0.34132361882164347	-0.17315019076836433	0.10829162421618967	-0.09390962775339216	-0.07328971273216976	0.0017429267781824806	-0.07248968218582343	0.09677812285945847	0.04801689345805499	-0.06522853381149979	0.03263077172090614	0.05557956622087445	-0.040172770186741404	0.05524607800995681	0.08533509413388704	0.08255138326904574	-0.005382714617128057	-0.03620821975287671	0.010746470656153674	0.016344829195276227	0.0025754483166745084	0.05719385873907648	-0.0668109268589706	0.009299325221417692	0.00841558270973794	-0.021754863624045426	0.048574698321609294	-0.05005726928076508	-0.04595531037220667	0.04001778295296462	0.00542980987065394	0.030029456307964168	0.01723512718736521	-0.02806517984751023	0.006627804430630065	-0.005770618444567803	-0.0034390611596512733	0.01572275070450426	0.010621476176846152	0.005408215274766347	0.04105331966468539	-0.0066565493722247964	0.00018367237074843864	0.006504353157201846	-0.0018668857931043333	-0.009907778055519829	-0.006096883735033542	0.0018185544886765805	-0.013412000710333306	0.005538655867327831	-0.018599315764232398	0.0037829804147136766	-0.02086407042465801	-0.0035499147095908678	0.01311130569189836	-0.001363662993348271	0.011526420129574791	-0.008569876088492814	-0.013308496349421132	0.002887726570970577	0.0021167756096393824	0.003594772260429288	-0.002349932852812659	0.01116035851577478	0.017898237795168772	0.0025645125130478934	-0.005249318807537498	-0.008537318777630577	0.0063014931015235795	-0.005593797523047198	-0.00746710404063038	-0.0011312686018550993	-0.0019489516969579828	-0.0	0.0	0.0	0.0	0.0	0.0	0.0	0.0	0.0	0.0	0.0	0.0	0.0	0.0	0.0	0.0	0.0	0.0	0.0	0.0	0.0	0.0	0.0	0.0	0.0	0.0	0.0	0.0	0.0	0.0	0.0	0.0	0.0	0.0	0.0	0.0	0.0	0.0	0.0	0.0	0.0	0.0	0.0	0.0	0.0	0.0	0.0	0.0	0.0	0.0	0.0	0.0	0.0	0.0	0.0	0.0	0.0	0.0	0.0	0.0	0.0	0.0	0.0	0.0	0.0	0.0	0.0	0.0	0.0	0.0	0.0	0.0	0.0	0.0	0.0	0.0	0.0	0.0	0.0	0.0	0.0	0.0	0.0	0.0	0.0	0.0	0.0	0.0	0.0	0.0	0.0	0.0	0.0	0.0	0.0	0.0	0.0	0.0	0.0	0.0	0.0	0.0	0.0	0.0	0.0	0.0	0.0	0.0	0.0	0.0	0.0	0.0	0.0	0.0	0.0	0.0	0.0	0.0	0.0	0.0	0.0
S2014m_E9-1-B-F	-0.01820460507845982	-0.2518339210992766	0.03988661657732841	0.0014843436423147866	-0.03092575617631985	-0.07503988982715673	0.07219396916921404	-0.09012723772658787	0.07715743646331323	-0.12451709865780575	-0.18762964326146106	0.07657503255313129	-0.2664877870658173	0.13618564851580564	-0.03296033011501414	-0.006398167680648628	-0.003049143679330737	0.018360405682028746	-0.10651203244938785	0.008107033934057466	-0.06639123487744904	0.02202555988986437	0.04535407719938706	0.030406155225058407	-0.013830587992385736	0.0032160765458467445	-0.011563050283151514	-0.03598692360983626	0.03977875881025887	0.00876667984164001	0.008187860648946254	0.011580665787946238	-0.007948790763758476	0.023204627028798483	-0.009610902358981795	0.0030410041582323	0.013716382094289666	0.013285330042202245	-0.0074505986815338494	-0.014247431508029849	-0.002541564017210161	0.01066109718256428	0.031523107191164	-0.009796901422759513	0.00921496153045489	0.019920002439128077	0.019752818880914916	-0.004698180746451914	0.012733230396457958	0.0085478793402753	0.006420811506276028	-0.012808105752747176	-0.017719392904571297	0.018541908594528363	0.010842340932061387	0.003453367435395874	0.0018863623457273685	-0.004561023337455647	0.0007473701827586689	0.004943868761832629	-0.007807048139017429	0.003209137862091984	-0.005938317620914594	0.007397941231100235	-0.002074230582465007	0.005095567853691826	0.003224507550104025	-0.0026852265254518125	-0.0012520083023059275	-0.004820288532384441	-0.003916050186623707	0.0016886184611500225	0.0007881442411178581	0.001742240271011538	1.2271831560983836e-05	-0.0	0.0	0.0	0.0	0.0	0.0	0.0	0.0	0.0	0.0	0.0	0.0	0.0	0.0	0.0	0.0	0.0	0.0	0.0	0.0	0.0	0.0	0.0	0.0	0.0	0.0	0.0	0.0	0.0	0.0	0.0	0.0	0.0	0.0	0.0	0.0	0.0	0.0	0.0	0.0	0.0	0.0	0.0	0.0	0.0	0.0	0.0	0.0	0.0	0.0	0.0	0.0	0.0	0.0	0.0	0.0	0.0	0.0	0.0	0.0	0.0	0.0	0.0	0.0	0.0	0.0	0.0	0.0	0.0	0.0	0.0	0.0	0.0	0.0	0.0	0.0	0.0	0.0	0.0	0.0	0.0	0.0	0.0	0.0	0.0	0.0	0.0	0.0	0.0	0.0	0.0	0.0	0.0	0.0	0.0	0.0	0.0	0.0	0.0	0.0	0.0	0.0	0.0	0.0	0.0	0.0	0.0	0.0	0.0	0.0	0.0	0.0	0.0	0.0	0.0	0.0	0.0	0.0	0.0	0.0	0.0
S2014M_E9-1-B-M	-0.2792206652028426	-0.15372756019964368	0.01952327863035015	-0.3373962325523297	0.15997555428304483	-0.037406589694293675	-0.06854805720124746	-0.06067601778157555	0.01269368974089279	0.0746620675651912	-0.1433584422991762	-0.08333123177718334	0.026389913236483892	-0.040514597257064376	-0.11051902645972711	0.05931284717973123	0.009894232109510313	0.027261533084116576	-0.021206908409834673	-0.012636622665476188	0.01591927601222063	0.008397390780668191	-0.07048371274664404	0.07041288933952246	-0.0077024757040852	-0.04353357752561427	-0.06719296415067293	-0.08174532301646407	-0.006682161521466088	-0.038354589343274764	0.011938193810179094	-0.04271138234008256	0.00425416274584934	-0.05880437931098009	-0.021386340825218952	-0.02674853436478562	-0.010388940256480263	-0.0431353168152446	0.035827227024527473	-0.011874686700849535	-0.02909371653288751	0.01179651483195212	-0.030563613292842056	0.002040431587039123	0.017437707070443502	-0.015181572626539918	0.00657610952264898	0.015830689133318476	0.008400183068990881	0.011755172774687683	-0.011830378768033934	0.00216200958287382	-0.01750520547138253	-0.01181610237916921	0.008114301092310023	-0.016012123124199237	0.009678083203225274	0.0018993251376629215	-0.03056706181589279	0.002228045368984594	0.0010481184669166646	0.005433959620122149	-0.0065092668897772194	0.0026082246786893293	0.009044415089261319	-0.011808834830961783	-0.00018145406404270864	0.008864115063994312	-0.006579115878924254	0.005044598183637813	0.008405472768267485	0.012549136874184243	0.002447960426673466	0.004944493656382862	-0.00010821192074320448	-0.0	0.0	0.0	0.0	0.0	0.0	0.0	0.0	0.0	0.0	0.0	0.0	0.0	0.0	0.0	0.0	0.0	0.0	0.0	0.0	0.0	0.0	0.0	0.0	0.0	0.0	0.0	0.0	0.0	0.0	0.0	0.0	0.0	0.0	0.0	0.0	0.0	0.0	0.0	0.0	0.0	0.0	0.0	0.0	0.0	0.0	0.0	0.0	0.0	0.0	0.0	0.0	0.0	0.0	0.0	0.0	0.0	0.0	0.0	0.0	0.0	0.0	0.0	0.0	0.0	0.0	0.0	0.0	0.0	0.0	0.0	0.0	0.0	0.0	0.0	0.0	0.0	0.0	0.0	0.0	0.0	0.0	0.0	0.0	0.0	0.0	0.0	0.0	0.0	0.0	0.0	0.0	0.0	0.0	0.0	0.0	0.0	0.0	0.0	0.0	0.0	0.0	0.0	0.0	0.0	0.0	0.0	0.0	0.0	0.0	0.0	0.0	0.0	0.0	0.0	0.0	0.0	0.0	0.0	0.0	0.0
S2014m_E9-1-C-F	-0.0010769478682246551	-0.07553139574323284	0.35185223763391865	-0.017685490771048723	-0.07932510679696986	0.022274239743520483	0.03355191865777364	-0.09041377600290658	0.09251489481929245	-0.07626319279817645	-0.028110156659529085	0.0604971290879193	-0.17476249557572915	0.06479130622953577	-0.02159680030087255	0.04723676357409284	-0.004006700849299131	0.037356307355216625	-0.004101761481717472	-0.009684630991551793	-0.04079384232160116	-0.02463839097066766	-0.0830318959282133	0.0013584995230984786	0.07189310797332116	0.040272590363389274	0.03555924240660387	-0.0022653902340459974	0.010725928898427724	-0.030420654160435597	-0.028161664462718398	0.008059040370267731	0.004636878641078876	0.0043391890742873005	0.023835604878286953	-0.001650480151611083	-0.01758996437903499	-0.006662594119805886	0.016870620548276427	0.010969856796699182	0.0051322801729532614	-0.008210294969592967	-0.028070574359552295	0.012295440964842632	-0.01218557169213141	0.01854039881977236	-0.0211577527477375	0.0037773254584798355	-0.03068898438144193	0.035543484867734614	-0.002272705737517941	0.014448083641371321	0.009437689139459093	0.0024311910603768147	-0.00665519480061822	-0.0056443686175116844	0.017666508032215665	0.00016689992055395533	0.022676390753846077	0.007626548000977455	0.008721991162882905	-0.0035159487850450416	0.00905256462890535	0.011976281686231582	-0.009238871301297058	-0.00649329245731302	-0.002938272987268923	0.006086089853619957	0.0012563898844879975	0.0094053658427377	0.016678223799387267	-0.009804438051179006	0.0011675935755453822	-0.0027906372882872898	4.434107031486707e-05	-0.0	0.0	0.0	0.0	0.0	0.0	0.0	0.0	0.0	0.0	0.0	0.0	0.0	0.0	0.0	0.0	0.0	0.0	0.0	0.0	0.0	0.0	0.0	0.0	0.0	0.0	0.0	0.0	0.0	0.0	0.0	0.0	0.0	0.0	0.0	0.0	0.0	0.0	0.0	0.0	0.0	0.0	0.0	0.0	0.0	0.0	0.0	0.0	0.0	0.0	0.0	0.0	0.0	0.0	0.0	0.0	0.0	0.0	0.0	0.0	0.0	0.0	0.0	0.0	0.0	0.0	0.0	0.0	0.0	0.0	0.0	0.0	0.0	0.0	0.0	0.0	0.0	0.0	0.0	0.0	0.0	0.0	0.0	0.0	0.0	0.0	0.0	0.0	0.0	0.0	0.0	0.0	0.0	0.0	0.0	0.0	0.0	0.0	0.0	0.0	0.0	0.0	0.0	0.0	0.0	0.0	0.0	0.0	0.0	0.0	0.0	0.0	0.0	0.0	0.0	0.0	0.0	0.0	0.0	0.0	0.0
S2014M_E9-1-C-M	-0.14424779412247357	-0.09122993766248977	0.17232670629261362	-0.22026772339633252	-0.07815641619257706	-0.09589627249746051	-0.05832352342897715	-0.003930365894402626	0.019079392134216715	0.0979071835346651	-0.019293091971434684	0.14063924980265846	-0.07073514422214557	0.08855816251080231	-0.13392276783864368	-0.007342874140469448	-0.002625453501436808	0.041602116047117776	0.012148162498945438	-0.07457581560110067	0.042640979167751156	0.004009909919254231	0.03295004449448023	-0.042856847632228884	0.015939697021308288	-0.02828060375122366	-0.042925178798223794	-0.037850241934486085	-0.023479356888623206	0.007117289046646556	0.03601921758922491	0.041188197319055285	-0.037742096440497315	-0.029652457626698665	-0.006552069117811555	0.029884284454310756	0.0065822720566882835	-0.01548076352824269	-0.014234851176554705	-0.012256610392556419	-0.021022173255640292	0.026026742802350775	-0.016130575738552488	-0.0006884475861781245	0.010858288349167246	0.0009923327650033897	-0.011255760374444087	-0.0057409161167374005	0.0047890243680261705	0.0038570584289930295	0.0013659327534374008	0.022657794947359915	0.010181857142633428	-0.008818561940812512	0.0006916389738110415	0.018481412249594754	-0.02277979145757863	0.011395393938585166	0.0014061476458005536	0.0029806440216540143	0.0022740285281322116	0.003979545651906	-0.012126959889061277	0.008224639549609265	-0.009654423236980467	-0.0003850316457000743	-0.010464951069848632	-0.0008298061831289589	-0.007048968009287951	-0.0031956229695276764	-0.0020664557418560263	0.0031107639674589262	0.0010065959282768505	0.0002923163640198169	-0.000572209295897212	-0.0	0.0	0.0	0.0	0.0	0.0	0.0	0.0	0.0	0.0	0.0	0.0	0.0	0.0	0.0	0.0	0.0	0.0	0.0	0.0	0.0	0.0	0.0	0.0	0.0	0.0	0.0	0.0	0.0	0.0	0.0	0.0	0.0	0.0	0.0	0.0	0.0	0.0	0.0	0.0	0.0	0.0	0.0	0.0	0.0	0.0	0.0	0.0	0.0	0.0	0.0	0.0	0.0	0.0	0.0	0.0	0.0	0.0	0.0	0.0	0.0	0.0	0.0	0.0	0.0	0.0	0.0	0.0	0.0	0.0	0.0	0.0	0.0	0.0	0.0	0.0	0.0	0.0	0.0	0.0	0.0	0.0	0.0	0.0	0.0	0.0	0.0	0.0	0.0	0.0	0.0	0.0	0.0	0.0	0.0	0.0	0.0	0.0	0.0	0.0	0.0	0.0	0.0	0.0	0.0	0.0	0.0	0.0	0.0	0.0	0.0	0.0	0.0	0.0	0.0	0.0	0.0	0.0	0.0	0.0	0.0
S2014m_E9-2-B-M	0.17246458543950036	-0.38516039294272125	-0.15495663500170884	0.10611932187280097	-0.07303824692233572	-0.020479078949653385	-0.03148490170275935	0.022665189702370137	-0.06356966319840887	-0.11359885217772703	-0.007547081187660063	0.005210344528750723	0.020303506622817356	-0.029181537746997017	-0.05565980694956681	-0.039683559661713386	0.013744829976719237	0.06520897544741941	-0.021910938876290326	-0.016075877965881013	0.10422046063311513	-0.02204801956700319	0.06307687192304043	-0.002939485678030116	-0.05263260577310645	-0.010654570969547549	0.06836520013111626	0.042025549013616686	-0.01856893959342592	0.0018176796809098758	0.019668524978877326	-0.01751533076285064	-0.023230106823657073	-0.07930653087095303	-0.030351627714766377	-0.023120045529779542	0.02636879302738666	-0.002558593825757385	0.022352585086446646	-0.013355888944073229	0.007706479479145937	-0.010060830579588918	0.010937164363464124	-0.0012247044786176525	-0.07164520217406317	0.019566698387408526	0.01651514377114785	-0.017123531899222555	-0.01163771202493208	-0.020295668764175295	-0.006506621188037426	-0.00041427372639719434	0.005462349195541844	0.0019825006902910755	0.004985374032788115	0.01672996250874078	0.010277719002259452	0.00815047837742305	-0.009609160950099067	0.00236451073541955	-0.008251988490329995	-0.018905550650376454	-0.005783355347717766	0.012018420233679572	-0.0071405587852331675	-0.005066329204381858	0.002981219706564467	0.0038194143964643055	-0.0012880383889171752	-0.0013170526804951535	0.003533506993948799	-0.0034782660426607753	4.651382446441534e-05	0.0026142859874089476	-0.0026122687542803153	-0.0	0.0	0.0	0.0	0.0	0.0	0.0	0.0	0.0	0.0	0.0	0.0	0.0	0.0	0.0	0.0	0.0	0.0	0.0	0.0	0.0	0.0	0.0	0.0	0.0	0.0	0.0	0.0	0.0	0.0	0.0	0.0	0.0	0.0	0.0	0.0	0.0	0.0	0.0	0.0	0.0	0.0	0.0	0.0	0.0	0.0	0.0	0.0	0.0	0.0	0.0	0.0	0.0	0.0	0.0	0.0	0.0	0.0	0.0	0.0	0.0	0.0	0.0	0.0	0.0	0.0	0.0	0.0	0.0	0.0	0.0	0.0	0.0	0.0	0.0	0.0	0.0	0.0	0.0	0.0	0.0	0.0	0.0	0.0	0.0	0.0	0.0	0.0	0.0	0.0	0.0	0.0	0.0	0.0	0.0	0.0	0.0	0.0	0.0	0.0	0.0	0.0	0.0	0.0	0.0	0.0	0.0	0.0	0.0	0.0	0.0	0.0	0.0	0.0	0.0	0.0	0.0	0.0	0.0	0.0	0.0
S2014m_E9-2-C-M	-0.12058583623168202	-0.28829764224255533	0.0155801945117128	0.0595511137369528	0.23049231178849056	0.14985842401875754	0.29651084628599667	0.22554553633501828	0.0674285619927143	0.0924478516439789	-0.04981783985866021	0.00252114031216288	-0.015870971106023216	0.05137329615973244	0.1291707553394372	0.11258642832850195	0.005999256637933455	0.09882495557728732	-0.09540304701044605	0.008323349425702512	0.04613577540614859	-0.029662888018740355	0.06769501537545541	0.0438710738286437	-0.050463336111634144	-0.009186464839197717	-0.02878420153013829	0.010243823523477127	0.07132608512291988	-0.0003592201277192467	-0.03446291682445993	0.01551467736426451	-8.82877852988515e-05	-0.0263352791824988	-0.02689739131621192	0.015424114492150198	0.006310210057078929	0.004434186793121745	-0.008608271080733764	0.005964841847674803	-0.04869330329364315	0.004789065377992134	0.002801821809751472	-0.018248335372460952	-0.010795801607715228	0.013181097047158797	-0.012870052000194268	-0.021318367474844165	-0.004278830396181552	0.006872431512690673	0.013893958580192172	-0.010270174705063154	0.006450699489550311	-0.024086453207453895	0.011739084686959713	-0.022423611578033867	-0.017176759015914946	-0.0008964601132223964	-0.01346405480238296	0.0017135278815283562	0.002601911396324497	-0.007008814162171098	-0.001061761531042306	-0.001042231836763112	0.0014305311410188616	0.0001729962696720515	0.0020384186872056563	-0.002324093489741828	0.003937095102593152	-0.0025441175811296013	0.005326059928691562	0.001757685027852755	-0.00019441757641190972	-0.0014771682066769486	-0.0006120276687243228	-0.0	0.0	0.0	0.0	0.0	0.0	0.0	0.0	0.0	0.0	0.0	0.0	0.0	0.0	0.0	0.0	0.0	0.0	0.0	0.0	0.0	0.0	0.0	0.0	0.0	0.0	0.0	0.0	0.0	0.0	0.0	0.0	0.0	0.0	0.0	0.0	0.0	0.0	0.0	0.0	0.0	0.0	0.0	0.0	0.0	0.0	0.0	0.0	0.0	0.0	0.0	0.0	0.0	0.0	0.0	0.0	0.0	0.0	0.0	0.0	0.0	0.0	0.0	0.0	0.0	0.0	0.0	0.0	0.0	0.0	0.0	0.0	0.0	0.0	0.0	0.0	0.0	0.0	0.0	0.0	0.0	0.0	0.0	0.0	0.0	0.0	0.0	0.0	0.0	0.0	0.0	0.0	0.0	0.0	0.0	0.0	0.0	0.0	0.0	0.0	0.0	0.0	0.0	0.0	0.0	0.0	0.0	0.0	0.0	0.0	0.0	0.0	0.0	0.0	0.0	0.0	0.0	0.0	0.0	0.0	0.0
S2014m_E9-3-A-M	0.14374074184370503	-0.40170558620164065	-0.15619190228944532	0.21255447310024156	0.015281557094012835	0.034206181582453636	-0.13847682327346358	0.02291617631398584	-0.1937684259468235	-0.10629302011898514	-0.06393806058771416	-0.02030569797448068	0.0165298843180856	0.04011608553409433	-0.08720846203024482	0.0871115590195511	-0.10874558292595381	0.0067125517321535546	0.021066608057124524	-0.06453906891167684	-0.01663444833069777	-0.03753593540324172	0.03982257882371274	-0.04810491629865111	-0.03237691704070966	0.01613741081234522	0.029779654690644027	-0.05134810767168318	0.043137620806333085	-0.027720028017402077	0.007954283469231773	0.0010961121201837575	0.015525557024912135	-0.0012499524801127123	0.0031438341528667343	-0.04334769908971206	0.08264831419664773	0.03996423831067907	0.011053483320228315	0.0019882185578575357	0.025433232975928054	0.02015418511660601	-0.031713888537746836	0.002777204102079872	-0.0003132310937745522	-0.020788087757638494	0.0069145831852463965	0.01379431247863936	0.02721066838436576	0.031022159885035865	0.029522251239323307	-0.009031545185331795	-0.012208344692453351	-0.024520881585659803	0.010265548528929896	0.005802103041030603	-0.00859694416128478	0.004848442517494181	0.010360095203124291	0.0017614191796961295	0.012529289841339948	-0.0016506799926836965	-0.003389860143689126	-0.006608300257423342	0.0031841357869804637	0.007703308277424988	-0.0026051602661551357	-0.0019045184289852456	0.009054903647301714	-0.0031831459523161193	0.0029344927609461324	-0.0011389536725175166	0.00047234940613381354	0.0019933867700958033	-0.0003347859750723547	-0.0	0.0	0.0	0.0	0.0	0.0	0.0	0.0	0.0	0.0	0.0	0.0	0.0	0.0	0.0	0.0	0.0	0.0	0.0	0.0	0.0	0.0	0.0	0.0	0.0	0.0	0.0	0.0	0.0	0.0	0.0	0.0	0.0	0.0	0.0	0.0	0.0	0.0	0.0	0.0	0.0	0.0	0.0	0.0	0.0	0.0	0.0	0.0	0.0	0.0	0.0	0.0	0.0	0.0	0.0	0.0	0.0	0.0	0.0	0.0	0.0	0.0	0.0	0.0	0.0	0.0	0.0	0.0	0.0	0.0	0.0	0.0	0.0	0.0	0.0	0.0	0.0	0.0	0.0	0.0	0.0	0.0	0.0	0.0	0.0	0.0	0.0	0.0	0.0	0.0	0.0	0.0	0.0	0.0	0.0	0.0	0.0	0.0	0.0	0.0	0.0	0.0	0.0	0.0	0.0	0.0	0.0	0.0	0.0	0.0	0.0	0.0	0.0	0.0	0.0	0.0	0.0	0.0	0.0	0.0	0.0
S2014m_E9-3-B-M	0.1119107439849562	-0.2830533423164622	-0.20068528500289287	0.009707326313109237	-0.11489659750530391	0.3685769919269106	-0.34693099844099556	0.0339737335478422	-0.11703596702127221	0.09245562906159643	0.00571364853673788	0.11362229713930835	-0.06167969695177288	0.021914563997947473	0.023123248222577174	0.006971500660412008	-0.08931048070748918	-0.0414514019225833	0.06832588260665248	0.0018939803422312797	0.008925632566538234	-0.008188918034844143	-0.028587397305313372	0.049826430224344145	0.014992124613049222	0.02526821343682495	-0.023025217171909546	0.04633255957741164	-0.0012087627386597926	0.023651777318481153	-0.02464050753733048	0.020556388093090537	-0.003987718856197417	-0.007131013057624192	0.008613041686530468	0.011730173715019462	-0.05839688884303542	-0.008351469497053239	0.013770561251941562	-0.015286661037226283	-0.024565506090731277	-0.04268646797472376	0.023969807746992207	0.011181437691875077	0.005135557956033441	0.011007766602367847	0.018745382566974042	-0.00906843455870535	-0.018108139414410293	-0.013355664905553637	-0.0031438383446824127	0.014374810198096081	-0.005047996929380382	0.018053804704796745	0.011148063031575414	0.011024256837106679	-0.009036640968964702	-0.006112515348152512	-0.00033163509309847304	0.0054058592140598495	-0.0014483611839835946	-0.0014315900523904136	-0.003590938197880013	0.0032408190391136227	-0.0015984855496827498	-0.006968458114603691	0.0026832636870699	0.00956751871276547	-0.004719419500947374	0.0014730528682565408	-0.0001561974151728786	0.00016183068680880296	0.0002940968918558999	-0.00010645267095780259	0.0006254004643074856	-0.0	0.0	0.0	0.0	0.0	0.0	0.0	0.0	0.0	0.0	0.0	0.0	0.0	0.0	0.0	0.0	0.0	0.0	0.0	0.0	0.0	0.0	0.0	0.0	0.0	0.0	0.0	0.0	0.0	0.0	0.0	0.0	0.0	0.0	0.0	0.0	0.0	0.0	0.0	0.0	0.0	0.0	0.0	0.0	0.0	0.0	0.0	0.0	0.0	0.0	0.0	0.0	0.0	0.0	0.0	0.0	0.0	0.0	0.0	0.0	0.0	0.0	0.0	0.0	0.0	0.0	0.0	0.0	0.0	0.0	0.0	0.0	0.0	0.0	0.0	0.0	0.0	0.0	0.0	0.0	0.0	0.0	0.0	0.0	0.0	0.0	0.0	0.0	0.0	0.0	0.0	0.0	0.0	0.0	0.0	0.0	0.0	0.0	0.0	0.0	0.0	0.0	0.0	0.0	0.0	0.0	0.0	0.0	0.0	0.0	0.0	0.0	0.0	0.0	0.0	0.0	0.0	0.0	0.0	0.0	0.0
S2014m_E9-3-C-M	0.10060786663581309	-0.2015593260417324	-0.07409182102161789	0.05078565448973528	0.1679617981482469	0.5353670336793669	-0.3666507608051451	-0.015770844719342154	-0.14560348836388964	0.07821727996835441	-0.07498105839293584	0.024044017788785687	-0.01317099942359028	0.07171290774508503	0.04293267878583775	-0.0413131268705311	-0.023003837503095644	-0.07380910151890513	0.0001859583959785877	-0.0082640112694061	0.005813423319843807	0.00557840989837671	-0.05748721753531797	-0.03465729078911577	-0.006808693445277776	0.03319747168983834	-0.050574698377124395	0.0033221241970865095	0.021749522527276355	6.692297502778046e-05	-0.0043254296529147375	0.051477920539291955	0.015141393733626479	0.013487121123310747	0.028997775441074625	0.010995691768361902	0.016416455457774204	-0.010712530348121677	-0.03130083272663193	-0.04836343222278089	-0.0037970997305766924	0.01219967487166564	-0.006817529369216011	0.012286265604272456	-0.026912433804112713	0.0010424248874404732	-0.028519228839640007	0.028448829189638713	-0.00365324469206066	-0.011444353057644345	-0.009503571346065819	0.014707557992348562	0.008768625844967954	-0.006144344717163394	-0.019655635310966826	0.016502707260685544	0.011403890968922506	0.01634495458911271	0.004526187034560989	-0.025536029019405323	0.006299164960995372	0.0013625181965496243	-0.004978460157142308	0.006465289668515748	0.0024469642143185996	-0.0011483478171203448	-0.006737526515601394	-0.01465238494388766	0.0022617166458193234	0.0030271843787956342	0.0028364690026153046	0.0006763016828947064	-0.0014944061658663532	-0.002499221631831413	0.001746535454431587	-0.0	0.0	0.0	0.0	0.0	0.0	0.0	0.0	0.0	0.0	0.0	0.0	0.0	0.0	0.0	0.0	0.0	0.0	0.0	0.0	0.0	0.0	0.0	0.0	0.0	0.0	0.0	0.0	0.0	0.0	0.0	0.0	0.0	0.0	0.0	0.0	0.0	0.0	0.0	0.0	0.0	0.0	0.0	0.0	0.0	0.0	0.0	0.0	0.0	0.0	0.0	0.0	0.0	0.0	0.0	0.0	0.0	0.0	0.0	0.0	0.0	0.0	0.0	0.0	0.0	0.0	0.0	0.0	0.0	0.0	0.0	0.0	0.0	0.0	0.0	0.0	0.0	0.0	0.0	0.0	0.0	0.0	0.0	0.0	0.0	0.0	0.0	0.0	0.0	0.0	0.0	0.0	0.0	0.0	0.0	0.0	0.0	0.0	0.0	0.0	0.0	0.0	0.0	0.0	0.0	0.0	0.0	0.0	0.0	0.0	0.0	0.0	0.0	0.0	0.0	0.0	0.0	0.0	0.0	0.0	0.0
S2014m_E9-A-1-F	-0.20122598436908384	-0.21203793402115365	-0.03994753679096858	-0.3146779174144268	-0.029231409908354718	-0.06706129614912211	-0.04864040147606886	-0.0695978186415066	0.06435513007674308	0.031897699942040794	-0.12352083905032787	0.04013925649098117	-0.22523315899139434	-0.028892349470547588	-0.11021793722556567	-0.012593527395016842	-0.03969033487550851	0.07127797486799822	0.048132204810900366	-0.008837907913361559	0.03319187411866659	0.0025913310102629534	0.016808032113480104	-0.003921728579924596	0.006274016913913242	0.012279206123915117	-0.00224032305507527	0.009119634289451123	-0.006134418279178603	0.05896274650327027	-0.049062450387438936	0.032853141744170915	-0.006604400178044673	0.03200500491718688	-0.00618075289348561	0.02001944117716779	0.019808550650234104	0.008605321417082349	0.020421410522857134	0.037052223391191436	-0.002819292425235021	-0.017723028885671285	-0.00031605698874750433	0.0017174313221489407	0.00041034522328086206	0.009968505001357509	-0.0048475504456709255	-0.0029980860436939543	-0.011003170887924678	0.005939577213801879	-0.014080324583136974	0.017605674390271348	-9.636951846177645e-05	0.0012051288818998697	-0.00020783968881128806	0.00681874421708885	0.0071847372252962305	-0.010719348107405574	0.007145398719415769	-0.007640710100235173	-0.007493580375486976	-0.0020712309493032457	0.01411426464688432	-0.0034839113588189595	-0.0014999558643502252	-0.00041097249534983706	-0.0009972309599357548	-0.0038185611219060073	0.003866678334851979	0.004789615822296659	0.008938543208875119	-0.00834436751393712	-0.004585654600255273	-0.0034858549042319767	0.0016623878796442496	-0.0	0.0	0.0	0.0	0.0	0.0	0.0	0.0	0.0	0.0	0.0	0.0	0.0	0.0	0.0	0.0	0.0	0.0	0.0	0.0	0.0	0.0	0.0	0.0	0.0	0.0	0.0	0.0	0.0	0.0	0.0	0.0	0.0	0.0	0.0	0.0	0.0	0.0	0.0	0.0	0.0	0.0	0.0	0.0	0.0	0.0	0.0	0.0	0.0	0.0	0.0	0.0	0.0	0.0	0.0	0.0	0.0	0.0	0.0	0.0	0.0	0.0	0.0	0.0	0.0	0.0	0.0	0.0	0.0	0.0	0.0	0.0	0.0	0.0	0.0	0.0	0.0	0.0	0.0	0.0	0.0	0.0	0.0	0.0	0.0	0.0	0.0	0.0	0.0	0.0	0.0	0.0	0.0	0.0	0.0	0.0	0.0	0.0	0.0	0.0	0.0	0.0	0.0	0.0	0.0	0.0	0.0	0.0	0.0	0.0	0.0	0.0	0.0	0.0	0.0	0.0	0.0	0.0	0.0	0.0	0.0
S2017t1_E11-T1a-Female	0.3800297131802481	0.20558804994000823	-0.24549129141418086	-0.19845610582849466	0.20362043597664647	0.034189060287487714	-0.0089532304146751	0.09089885269753212	0.022828027126901646	-0.1031182684382589	0.06869281863757659	-0.02704277610031767	0.001838360765777652	-0.015333377219135969	-0.07257242333027343	0.10648717490567737	-0.013684117928441373	-0.028430229133461712	0.005497265022786091	0.018043161843508276	-0.043980128184308465	0.024040455593588854	-0.03981619194145604	-0.06785581783287015	0.06045160898509434	-0.0038847282092221683	-0.0074366445660471	0.024866713430061787	0.003939205569600141	0.020118571791146015	-0.009880192201874785	0.00022342210963618368	-0.0800132431780862	0.001743416829286482	0.0037739253176418534	-0.014380017111646874	-0.012727803707750463	0.007737141261450028	-0.012235475567272338	-0.0025723316295044488	0.02203457577951023	-0.01987122732977933	0.02791513914784149	-0.017044920212386912	-0.003963910460391549	-0.007160978570755091	-0.010771636062626367	0.018931307386325428	-0.00047274661799432506	-0.006371950258040787	-0.004894839266490523	0.03219351566308576	-0.045027114571606464	0.0030411595536338617	0.00812010517574874	-0.00803115233322424	0.007503918487376686	-0.004097172231009056	-0.011078641080999601	0.021524942904051936	0.00530797738203352	-0.002883746485720568	0.010878457817545402	0.002901860570861107	-0.007784126687992086	-0.0011900337764197166	-0.0018145698904524765	-0.006355796947448777	-0.006365181019395925	0.006557364562803592	-0.0024401661637636746	-0.004012359300893611	0.000242874958012279	0.0008630354690280627	0.00028554947977409677	-0.0	0.0	0.0	0.0	0.0	0.0	0.0	0.0	0.0	0.0	0.0	0.0	0.0	0.0	0.0	0.0	0.0	0.0	0.0	0.0	0.0	0.0	0.0	0.0	0.0	0.0	0.0	0.0	0.0	0.0	0.0	0.0	0.0	0.0	0.0	0.0	0.0	0.0	0.0	0.0	0.0	0.0	0.0	0.0	0.0	0.0	0.0	0.0	0.0	0.0	0.0	0.0	0.0	0.0	0.0	0.0	0.0	0.0	0.0	0.0	0.0	0.0	0.0	0.0	0.0	0.0	0.0	0.0	0.0	0.0	0.0	0.0	0.0	0.0	0.0	0.0	0.0	0.0	0.0	0.0	0.0	0.0	0.0	0.0	0.0	0.0	0.0	0.0	0.0	0.0	0.0	0.0	0.0	0.0	0.0	0.0	0.0	0.0	0.0	0.0	0.0	0.0	0.0	0.0	0.0	0.0	0.0	0.0	0.0	0.0	0.0	0.0	0.0	0.0	0.0	0.0	0.0	0.0	0.0	0.0	0.0
S2017t1_E11-T1b-Male	0.34023754819618984	0.10392568204745525	-0.30489039948537083	-0.16031797654997032	-0.06755709506929344	-0.06107150006584966	-0.05340083069842832	0.0808008636950509	0.03746683959007209	0.0037934421316301176	0.14056646830924882	-0.0093109712027343	-0.05118309267965756	-0.06113467966266956	0.01631006548285381	0.02605213652460137	-0.005218019183835534	-0.055417275782025814	-0.010017240645733172	0.09278519576738394	0.06730421156047303	0.010952086260808753	-0.025162161659286406	-0.006906323345702864	0.05980000923490611	0.019943601472767414	0.005846438889191753	0.02098280068545601	0.01010342884146651	0.05247007409746741	-0.03851782214603904	-0.014877317871576853	0.02815225116470295	-0.026137798189351143	0.01566993083394422	-0.03330290906845828	0.019236371635130693	0.02545243139078034	0.00407479974506997	0.011295308316303718	-0.014291970448913805	0.003154920515996386	0.0016485686449130908	-0.01674477886901573	0.023115834246723112	0.014244107610789324	-0.022920917587748828	0.019655461599283337	0.02617475252822362	0.0007670106644863776	0.0013751739925163518	-0.0010206720097684667	0.0020958928898532807	-0.00016998655814303795	0.021053398836386766	0.016283356773950364	-0.02546942093912887	0.001413451203839335	-0.005167552522059787	-0.007473267621320897	-8.073910439841324e-05	-0.009099606789066456	-0.013096368311380818	0.005503150230242055	-0.006871763106490694	-0.004347488500780239	-0.007283126183750757	-0.0014478174753229636	-0.0021091240613793005	-0.00708164550259015	0.008158796920922555	-0.0006138355079222642	-0.0008425886447112497	-0.0007852233228391998	-0.002447921060788319	-0.0	0.0	0.0	0.0	0.0	0.0	0.0	0.0	0.0	0.0	0.0	0.0	0.0	0.0	0.0	0.0	0.0	0.0	0.0	0.0	0.0	0.0	0.0	0.0	0.0	0.0	0.0	0.0	0.0	0.0	0.0	0.0	0.0	0.0	0.0	0.0	0.0	0.0	0.0	0.0	0.0	0.0	0.0	0.0	0.0	0.0	0.0	0.0	0.0	0.0	0.0	0.0	0.0	0.0	0.0	0.0	0.0	0.0	0.0	0.0	0.0	0.0	0.0	0.0	0.0	0.0	0.0	0.0	0.0	0.0	0.0	0.0	0.0	0.0	0.0	0.0	0.0	0.0	0.0	0.0	0.0	0.0	0.0	0.0	0.0	0.0	0.0	0.0	0.0	0.0	0.0	0.0	0.0	0.0	0.0	0.0	0.0	0.0	0.0	0.0	0.0	0.0	0.0	0.0	0.0	0.0	0.0	0.0	0.0	0.0	0.0	0.0	0.0	0.0	0.0	0.0	0.0	0.0	0.0	0.0	0.0
S2017t1_E13-T1a-Female	0.2701461124322801	0.14481302993948345	-0.13997994042609144	-0.027512755543866296	-0.05102866736148097	-0.00171859857099464	0.1805136241369955	-0.0650581581591343	-0.18560821113751466	-0.026904117506654602	-0.10036517246578204	0.006833901126279796	0.07315759998890387	0.001930162396637708	-0.013868171073803816	-0.11870560280751122	0.04057938904788487	-0.03258998684015336	-0.012642386037481336	0.01218396470228891	-0.03804774665408848	0.027515350698682935	-0.005956484373819835	0.0333391366099544	0.041879085107813824	0.07085081204155846	-0.007111709445410843	0.0057780410586816145	0.03798971392226031	0.02353020476217627	0.007422510549622862	-0.02401146859046905	0.025351010335212778	0.0077673763230317995	-0.04711123116915666	-0.005159698859072872	-0.003665971013063829	-0.0035919354861660875	0.012792030519654503	0.012668045859016302	0.015794829509243272	-0.026270622570722425	0.02480095864987082	0.020234442415202527	0.022820843917997193	0.008502713448443942	-0.020533894054929287	-0.0276608851018826	-0.029645318175145957	0.014038858977581307	0.043454967181923675	0.01194175497619795	-0.01449092706668791	-0.0025629924126940153	0.0008294971733811579	-0.012677972521156093	-0.007922158639168403	0.018735954798521574	0.0003971247442120347	0.005977388542150549	0.012461803478265868	-0.0023263151661004275	0.01146432975553731	0.0017969435020887081	-0.012902739025011154	0.008191735738086608	0.004741596558849138	0.013895473722383981	0.011249277666486635	0.0012193126600646604	-0.0020297460670170788	7.99475387038018e-05	-0.009435634615386273	0.0012882566956555193	0.0005218310805595151	-0.0	0.0	0.0	0.0	0.0	0.0	0.0	0.0	0.0	0.0	0.0	0.0	0.0	0.0	0.0	0.0	0.0	0.0	0.0	0.0	0.0	0.0	0.0	0.0	0.0	0.0	0.0	0.0	0.0	0.0	0.0	0.0	0.0	0.0	0.0	0.0	0.0	0.0	0.0	0.0	0.0	0.0	0.0	0.0	0.0	0.0	0.0	0.0	0.0	0.0	0.0	0.0	0.0	0.0	0.0	0.0	0.0	0.0	0.0	0.0	0.0	0.0	0.0	0.0	0.0	0.0	0.0	0.0	0.0	0.0	0.0	0.0	0.0	0.0	0.0	0.0	0.0	0.0	0.0	0.0	0.0	0.0	0.0	0.0	0.0	0.0	0.0	0.0	0.0	0.0	0.0	0.0	0.0	0.0	0.0	0.0	0.0	0.0	0.0	0.0	0.0	0.0	0.0	0.0	0.0	0.0	0.0	0.0	0.0	0.0	0.0	0.0	0.0	0.0	0.0	0.0	0.0	0.0	0.0	0.0	0.0
S2017t1_E13-T1a-Male	0.20350706518898234	-0.005706410608711483	-0.15828272806785498	-0.04120598855570128	-0.15427053927879744	0.03034956069559097	0.22251809708594764	-0.01325928825443183	-0.12656319198799162	-0.0025235314358495547	-0.10593918316629711	0.049912490648758204	0.0494218384284191	-0.04595984090134224	-0.07454584266983114	-0.08403191417972314	0.017622400222331542	-0.02828295993070194	0.05644824722291844	-0.0659703710904985	-0.00240987107563082	0.010635672324351472	0.02198614953790893	0.03743751330744166	-0.019077219919047563	-0.020616508603587786	-0.03670939544274701	-0.07866001823620145	0.05346922995678068	0.002144158127762378	0.025873805328358347	-0.05399554069833775	-0.0426606091591204	0.02968715666000303	0.01478918451728959	-0.004435306015573541	-0.021497402513277773	0.006519766020760804	0.0136016608308228	-0.028293957922477738	0.016035371562491175	0.003915773211087011	0.0032769035400755306	-0.003056774325729125	-0.004088189326605434	0.024073925816888248	-0.012947030586585952	0.01859067334537335	-0.011606095232721145	-0.013422062970084143	0.007655201576081232	0.009875309621399717	-0.012314307043786261	0.005509580418385318	-0.011973807683279025	-0.014251566140733151	-0.02634597267082105	-0.00847313130221402	-0.019403057153268174	0.0014633558865763184	0.003906678989547939	0.00015043934234008002	0.0036800172565348566	0.005996944307676397	0.011740648528566062	-0.01210678398961131	0.020187581528939565	-0.00821316110053149	-0.004533103727178904	-0.00414299786161426	0.0047193092256117555	0.003842215385707425	0.0017712381417094758	-0.0012229672907811571	0.000938988765695466	-0.0	0.0	0.0	0.0	0.0	0.0	0.0	0.0	0.0	0.0	0.0	0.0	0.0	0.0	0.0	0.0	0.0	0.0	0.0	0.0	0.0	0.0	0.0	0.0	0.0	0.0	0.0	0.0	0.0	0.0	0.0	0.0	0.0	0.0	0.0	0.0	0.0	0.0	0.0	0.0	0.0	0.0	0.0	0.0	0.0	0.0	0.0	0.0	0.0	0.0	0.0	0.0	0.0	0.0	0.0	0.0	0.0	0.0	0.0	0.0	0.0	0.0	0.0	0.0	0.0	0.0	0.0	0.0	0.0	0.0	0.0	0.0	0.0	0.0	0.0	0.0	0.0	0.0	0.0	0.0	0.0	0.0	0.0	0.0	0.0	0.0	0.0	0.0	0.0	0.0	0.0	0.0	0.0	0.0	0.0	0.0	0.0	0.0	0.0	0.0	0.0	0.0	0.0	0.0	0.0	0.0	0.0	0.0	0.0	0.0	0.0	0.0	0.0	0.0	0.0	0.0	0.0	0.0	0.0	0.0	0.0
S2017t1_E13-T1b-Female	0.24607382127330252	0.23321734891258056	0.08368628397610711	-0.01642418639373284	-0.10513191535319241	-0.02029102643868269	0.07517773347375432	-0.04498366117201851	-0.1875086536647596	-0.042791817895247795	0.024605767180977917	-0.03006356525264516	0.01919194546845149	0.009891954161263613	0.008660391222640314	0.018529884770319943	0.026230148519737425	0.015016566849673462	-0.02684953763214353	-0.0165715226110748	0.01869490498678603	0.06425243840043546	-0.02464918458151206	0.004275401199617046	0.024003364869343367	0.07168409006997692	0.053150602819090176	0.028657119803332954	0.02099179034502811	-0.023012326415653737	0.033244811482843105	0.0289430623087408	0.002414873017339712	0.027529582484159713	-0.01770596114954889	-0.0183188799752899	0.013335167968717018	-0.015615874723934517	0.016636210559018844	-0.011100143452240323	-0.009236930539963545	-0.032355205274744225	0.02125173284201043	0.017989656742450334	-0.01270603624850175	0.005593772474489923	0.046488810631703494	-0.029674980483752337	-0.01755057239102319	0.0035353790569374838	0.016581531125401183	-0.011179683527550232	-0.012882633183287943	-0.011075231133835586	1.036299615687611e-05	0.015551820675945462	0.020256506816584384	-0.00285401158395989	-0.0027439148720612375	0.003418529454745578	0.0034937416085556914	0.008702334787460258	-0.014665686189645543	0.015777936138898472	-0.0002915101288374018	0.001589581710960137	-0.0033327843914207306	-0.005897720785518769	0.0014791839894733763	0.006953459363080535	0.0034830102868231975	-0.0021769158537094054	-0.0014052004789234637	5.854300055576536e-05	-0.0015703721456971549	-0.0	0.0	0.0	0.0	0.0	0.0	0.0	0.0	0.0	0.0	0.0	0.0	0.0	0.0	0.0	0.0	0.0	0.0	0.0	0.0	0.0	0.0	0.0	0.0	0.0	0.0	0.0	0.0	0.0	0.0	0.0	0.0	0.0	0.0	0.0	0.0	0.0	0.0	0.0	0.0	0.0	0.0	0.0	0.0	0.0	0.0	0.0	0.0	0.0	0.0	0.0	0.0	0.0	0.0	0.0	0.0	0.0	0.0	0.0	0.0	0.0	0.0	0.0	0.0	0.0	0.0	0.0	0.0	0.0	0.0	0.0	0.0	0.0	0.0	0.0	0.0	0.0	0.0	0.0	0.0	0.0	0.0	0.0	0.0	0.0	0.0	0.0	0.0	0.0	0.0	0.0	0.0	0.0	0.0	0.0	0.0	0.0	0.0	0.0	0.0	0.0	0.0	0.0	0.0	0.0	0.0	0.0	0.0	0.0	0.0	0.0	0.0	0.0	0.0	0.0	0.0	0.0	0.0	0.0	0.0	0.0
S2017t1_E13-T1b-Male	0.22101191343182575	0.07995901925284638	-0.08536679339691997	0.008711143830289952	-0.16346468373603631	0.006524610992625704	0.2127680916968239	-0.018132337308487623	-0.18176739521486276	0.05773486444412583	-0.025142620599195205	0.0606783424913136	0.05231806759225377	0.018118201369332003	-0.07293327855105011	-0.07541704110800564	-0.027960741027593942	-0.010123420376194995	0.04147884546664389	-0.025311491269546203	-0.01620384233049094	-0.001523182833621683	-0.011745549928247489	0.008464146586062909	-0.023461259526886966	-0.009052290369370872	-0.004311239351539962	-0.012410716996604088	0.047232108953640384	0.07299440295517758	0.016258561657864594	0.03299284764889354	0.021856169875453527	0.0082865414518613	0.035455717887291446	-0.042188563185083953	0.01334219273289585	-0.005634335809515319	-0.05082437323841245	0.018078109696098816	-0.003750851657368643	-0.006179017006708337	-0.008531219865792413	-0.005985178203714608	0.010516789612620685	0.011430038992490996	0.015431771947549792	0.009216716729922698	0.024472271669206055	-0.01705127190346698	-0.03550765560868636	-0.018628235522639775	0.01244939549823177	-0.022005485473395123	-0.008433243409795628	-0.00738130940869599	0.01413319509886356	0.009221958986856437	0.006169592403322172	0.011536266557447102	0.0036272642687548867	0.00507981571244562	-0.0035256263969856466	-0.012598964338144732	-0.01663977182024862	-0.000281449989090078	-0.009733346749539193	0.0029405571953497744	0.0015904414238772121	-0.003371518513956634	0.0018362671556928017	0.0016412912562457796	0.001668047408436732	-0.0020822881279517523	-0.0019981231738383223	-0.0	0.0	0.0	0.0	0.0	0.0	0.0	0.0	0.0	0.0	0.0	0.0	0.0	0.0	0.0	0.0	0.0	0.0	0.0	0.0	0.0	0.0	0.0	0.0	0.0	0.0	0.0	0.0	0.0	0.0	0.0	0.0	0.0	0.0	0.0	0.0	0.0	0.0	0.0	0.0	0.0	0.0	0.0	0.0	0.0	0.0	0.0	0.0	0.0	0.0	0.0	0.0	0.0	0.0	0.0	0.0	0.0	0.0	0.0	0.0	0.0	0.0	0.0	0.0	0.0	0.0	0.0	0.0	0.0	0.0	0.0	0.0	0.0	0.0	0.0	0.0	0.0	0.0	0.0	0.0	0.0	0.0	0.0	0.0	0.0	0.0	0.0	0.0	0.0	0.0	0.0	0.0	0.0	0.0	0.0	0.0	0.0	0.0	0.0	0.0	0.0	0.0	0.0	0.0	0.0	0.0	0.0	0.0	0.0	0.0	0.0	0.0	0.0	0.0	0.0	0.0	0.0	0.0	0.0	0.0	0.0
S2017t1_E14-T1a-Female	0.3483861378965154	0.12640163997557285	-0.2608880311600865	-0.14056838267886793	-0.041768987205607594	-0.06969002056957346	-0.02069151316893779	0.05108971414063241	-0.005155689161077488	-0.03658993399221537	0.04384221816656693	0.06150677366540356	-0.035513747112788936	-0.06134833775963569	0.021771306258754175	0.04088589078806773	0.0006833661136272108	-0.046498564737138905	0.06490010110747377	0.03769645721038337	0.054664037277781734	-0.0005802466268759014	0.00803491111006076	0.021119215741560733	0.06827654283728904	0.006640306788291473	0.009154710773202835	-0.009333998742862268	-0.0063502223142310995	0.03885643866883592	-0.0314707364582365	0.04369351850296021	0.012827005953675124	0.0491130372407011	-0.017937201574126833	0.01080911644914134	0.00022586911452252836	-0.022576881388771338	-0.021287234094326386	-0.03294476967439367	0.013893638656033812	-0.0040331631461035375	-0.02132530907200187	-0.021090773816000417	0.001756991866300627	0.017177010524075005	-0.013006851071163101	-0.021163844325087517	-0.03561804071726753	-0.0016599782051494622	-0.006883625851743872	-0.015700101141513278	-0.006997694801922588	0.003090714017997907	-0.008501297178112143	-0.023640661645919162	0.007496142685914439	0.002529197919291256	0.015456121746727185	-0.01369397771824349	-0.0020482534794693348	-0.02116249046613479	0.01146182662865998	0.00863462694610519	0.017454023320295373	0.009626369178339603	0.003389364274717024	0.0021142195574500307	0.00302199501898177	-0.0021776615602876514	0.00337542891554792	0.003494019873807161	-0.00416650833421451	0.005623592823632504	0.004165567666279582	-0.0	0.0	0.0	0.0	0.0	0.0	0.0	0.0	0.0	0.0	0.0	0.0	0.0	0.0	0.0	0.0	0.0	0.0	0.0	0.0	0.0	0.0	0.0	0.0	0.0	0.0	0.0	0.0	0.0	0.0	0.0	0.0	0.0	0.0	0.0	0.0	0.0	0.0	0.0	0.0	0.0	0.0	0.0	0.0	0.0	0.0	0.0	0.0	0.0	0.0	0.0	0.0	0.0	0.0	0.0	0.0	0.0	0.0	0.0	0.0	0.0	0.0	0.0	0.0	0.0	0.0	0.0	0.0	0.0	0.0	0.0	0.0	0.0	0.0	0.0	0.0	0.0	0.0	0.0	0.0	0.0	0.0	0.0	0.0	0.0	0.0	0.0	0.0	0.0	0.0	0.0	0.0	0.0	0.0	0.0	0.0	0.0	0.0	0.0	0.0	0.0	0.0	0.0	0.0	0.0	0.0	0.0	0.0	0.0	0.0	0.0	0.0	0.0	0.0	0.0	0.0	0.0	0.0	0.0	0.0	0.0
S2017t1_E14-T1a-Male	0.33219901781638417	0.09949813987322159	-0.21233160127153355	-0.09600501571521725	-0.007876428196727228	-0.013686436008815708	0.08753272220909966	-0.08155150878117443	-0.124112457209297	-0.12256441625823909	-0.09413538045436003	-0.048768170678707555	0.08530449569354615	0.013521231705604377	-0.025226582044109283	-0.0469025721205809	-0.06962622067140371	0.007559507195940731	-0.1032975291511465	0.03040899188467589	0.03918949146775994	0.040931788273992555	-0.05454652435821105	0.021499443623705483	0.04736639975878246	0.09151670555527867	-0.005125294134109833	-0.0347552172522188	0.04977231988557563	0.07178100990204196	-0.05462277887224301	0.03582247565546135	0.00731605553341803	0.019090189452193842	0.026628521396538422	0.04265254213253934	-0.0039696225389306405	-0.01843246096140951	0.033869457253764695	0.03799333850136858	-0.023398345248995926	0.08061063995458662	-0.01711590705396488	0.0015584658958604676	-0.027951044774529036	-0.02033159269625895	-0.006337978928542124	0.011885483325373588	-0.007189499020392707	-0.029045830497929644	0.0249387141456335	0.0077397671937738085	0.004527723554318578	-0.014767818499657921	-0.003731836734389577	0.012365951103206912	0.030005037790258822	-0.05486403955176128	-0.006371997731995207	0.010140794505993624	0.0009009757112251309	0.014515051980424814	-0.0014766712837630497	-0.008578810460999496	0.006576791476322181	-0.00368571070393783	-0.005787456215670332	0.0031631221007637554	-0.006512023375500436	-0.004774345996573703	0.001284477862383163	-0.0034307372154228936	0.0032498695554506844	5.523880564217818e-05	-0.003635752761856063	-0.0	0.0	0.0	0.0	0.0	0.0	0.0	0.0	0.0	0.0	0.0	0.0	0.0	0.0	0.0	0.0	0.0	0.0	0.0	0.0	0.0	0.0	0.0	0.0	0.0	0.0	0.0	0.0	0.0	0.0	0.0	0.0	0.0	0.0	0.0	0.0	0.0	0.0	0.0	0.0	0.0	0.0	0.0	0.0	0.0	0.0	0.0	0.0	0.0	0.0	0.0	0.0	0.0	0.0	0.0	0.0	0.0	0.0	0.0	0.0	0.0	0.0	0.0	0.0	0.0	0.0	0.0	0.0	0.0	0.0	0.0	0.0	0.0	0.0	0.0	0.0	0.0	0.0	0.0	0.0	0.0	0.0	0.0	0.0	0.0	0.0	0.0	0.0	0.0	0.0	0.0	0.0	0.0	0.0	0.0	0.0	0.0	0.0	0.0	0.0	0.0	0.0	0.0	0.0	0.0	0.0	0.0	0.0	0.0	0.0	0.0	0.0	0.0	0.0	0.0	0.0	0.0	0.0	0.0	0.0	0.0
S2017t1_E14-T1b-Female	0.3915389297397022	0.06797502705412253	-0.13768423970204627	-0.1218931431560121	-0.1365932571848981	-0.09670007739163897	-0.004271161129211212	0.009147280947647187	-0.025512547251476933	-0.0047162959917143804	-0.004227626933775892	0.040725851021578066	0.018606142268555188	0.07275207511061321	-0.015667401037959314	-0.0023638816433994517	-0.019190691588267254	-0.0004373290721349556	0.008137829716320032	-0.014013710421327501	0.049285663272181666	-0.08573411550340788	0.0198252510305866	0.021481963574680508	0.014178743858379231	0.030387654231512063	-0.05081288406647984	-0.06108483581911151	-0.022232730527148158	-0.022352768822983392	-0.0005063543346662326	0.031866077682092125	0.022009011908692897	0.01949698391759503	-0.06300502655163197	-0.010973595503319403	0.015967606972426707	-0.03223340058925092	0.025019715496269294	-0.03646874117636332	0.030584736229239608	-0.0024267973967329534	0.0069543408018185975	0.007220722632454285	-0.01600370577471178	0.0015081672005502	0.049453703411516385	-0.002768964932127506	0.03652576875066353	-0.013348579845338849	-0.020303581574176496	0.013520875050377893	0.0010964956294114805	0.004418463008310858	0.03219445592540802	-0.014634349409473923	0.004829436117773005	-0.0060709700292278955	-0.0027885912401617607	-0.022282663533658764	-0.017716366894127	0.008683734527923153	-0.0016763042056650067	0.011074252052916622	0.006849748865849803	-0.014206477910327952	0.00459972523482249	-0.0011562506462088414	-0.004602488259981448	0.0034500219337224498	0.006780669701127454	-0.0009530235794595252	0.008882627919215041	0.003471735506713972	0.0033538861464004425	-0.0	0.0	0.0	0.0	0.0	0.0	0.0	0.0	0.0	0.0	0.0	0.0	0.0	0.0	0.0	0.0	0.0	0.0	0.0	0.0	0.0	0.0	0.0	0.0	0.0	0.0	0.0	0.0	0.0	0.0	0.0	0.0	0.0	0.0	0.0	0.0	0.0	0.0	0.0	0.0	0.0	0.0	0.0	0.0	0.0	0.0	0.0	0.0	0.0	0.0	0.0	0.0	0.0	0.0	0.0	0.0	0.0	0.0	0.0	0.0	0.0	0.0	0.0	0.0	0.0	0.0	0.0	0.0	0.0	0.0	0.0	0.0	0.0	0.0	0.0	0.0	0.0	0.0	0.0	0.0	0.0	0.0	0.0	0.0	0.0	0.0	0.0	0.0	0.0	0.0	0.0	0.0	0.0	0.0	0.0	0.0	0.0	0.0	0.0	0.0	0.0	0.0	0.0	0.0	0.0	0.0	0.0	0.0	0.0	0.0	0.0	0.0	0.0	0.0	0.0	0.0	0.0	0.0	0.0	0.0	0.0
S2017t1_E14-T1b-Male	0.3481289188213532	0.15265913108171486	-0.191002927056394	-0.09751875036302811	-0.007201400989786877	-0.030552518537953783	0.0862671803506516	-0.054427993592131185	-0.1215938392628694	-0.0966729121298843	-0.05539652223460546	-0.008172642246438185	0.04465585084090939	0.05558498654925459	-0.029273290630089214	-0.03523051164336132	-0.046212819005349584	-0.017674837899373113	-0.05342471539967042	0.04622325502533358	-0.012591183891850299	0.008271180148353848	0.017914125937958825	0.025253508320589337	0.023509840883794004	0.03796469377442338	0.011635511215691976	-0.006318466588996187	0.003275344359608041	-0.004306712660012152	-0.023603441640155116	-0.014127838245357908	0.029317775312743644	0.02055417720008659	-0.032317863767470555	-0.022649958461322884	-0.006965874566126905	0.013741322862672902	0.0014665990098680537	-0.011138674628573427	0.016854515743530942	0.06399574757284628	0.009617860673651894	-0.025776707544357333	-0.002839366361960907	0.01775808225693342	-0.0010977074950556432	0.011070910038037441	-0.00459809020334103	0.0028764785821301228	-0.06846667433401497	-0.007805438611253575	0.001312356497794866	0.012995904800081526	0.0024333565467133107	0.0008726158145331945	-0.032225586010959685	0.042526944395184445	0.013467167992228472	0.006253058914966816	-0.004341466379325389	-0.02997759744686215	-0.01481841818545396	-0.01427052577375447	0.0006720179347007955	0.0018820913412374697	0.0008125164575766335	-0.0016976576989755424	0.003762026870929944	-0.004303514387201312	-0.002351606439829032	-0.0022154908367117546	0.0014977593576442486	-0.0031489714150337465	0.002724215246384755	-0.0	0.0	0.0	0.0	0.0	0.0	0.0	0.0	0.0	0.0	0.0	0.0	0.0	0.0	0.0	0.0	0.0	0.0	0.0	0.0	0.0	0.0	0.0	0.0	0.0	0.0	0.0	0.0	0.0	0.0	0.0	0.0	0.0	0.0	0.0	0.0	0.0	0.0	0.0	0.0	0.0	0.0	0.0	0.0	0.0	0.0	0.0	0.0	0.0	0.0	0.0	0.0	0.0	0.0	0.0	0.0	0.0	0.0	0.0	0.0	0.0	0.0	0.0	0.0	0.0	0.0	0.0	0.0	0.0	0.0	0.0	0.0	0.0	0.0	0.0	0.0	0.0	0.0	0.0	0.0	0.0	0.0	0.0	0.0	0.0	0.0	0.0	0.0	0.0	0.0	0.0	0.0	0.0	0.0	0.0	0.0	0.0	0.0	0.0	0.0	0.0	0.0	0.0	0.0	0.0	0.0	0.0	0.0	0.0	0.0	0.0	0.0	0.0	0.0	0.0	0.0	0.0	0.0	0.0	0.0	0.0
S2017t1_E16-T1a-Female	0.3074752940905248	0.18563382261900382	-0.25624841165616485	-0.10495409187001128	0.03190979805585439	-0.023068152528156367	0.0683501259127469	0.019033087740066745	-0.08219408281409597	-0.050666859998838465	0.04565313223848016	0.006824115017867729	-0.05381388861894324	-0.04050167295242001	-0.0027346927481750284	0.04547822475765428	-0.04442907641513853	-0.005207248953844615	0.007867462665453618	0.036246795334743356	-0.023326123433202003	0.04970904560850856	0.01403731036147219	0.038782835156128743	0.04254931207668763	-0.0842716267938491	0.026947011093410203	0.026566621584763868	-0.03467816023505117	-0.04529213062572042	0.035812177097708724	-0.010650310293076472	0.02857340770466383	0.020932680117451835	-0.011155729416948331	0.020739289756526016	-0.001158385301693838	-0.00868590499018254	0.004150260459081452	0.0218312420290232	0.010933788967380636	0.016139955622162982	-0.00746847160613448	0.009140123963774031	-0.0009845581573926857	-0.002003012710771989	-0.008644063896637778	-0.0017236418149563285	0.0333541599797004	0.014273654401627232	-0.01240842872395661	0.0021039638127697286	0.013865196450381333	-0.018814912847352348	0.010069348877753685	0.024625139906930597	0.009871797808451833	0.011747267839439333	0.008622055279805639	-0.029036064221782405	0.003522603143836482	0.019405567471031133	-0.0005805234493270196	0.011499953664370705	-0.004169634469489805	0.008025804669019577	0.005632782935181169	-0.00124002561097985	-0.012125688778249454	-0.0008299231071043267	0.0025810955738572116	0.003605778944527484	0.0012791565330416564	0.003853362523190508	-0.0026749806661036032	-0.0	0.0	0.0	0.0	0.0	0.0	0.0	0.0	0.0	0.0	0.0	0.0	0.0	0.0	0.0	0.0	0.0	0.0	0.0	0.0	0.0	0.0	0.0	0.0	0.0	0.0	0.0	0.0	0.0	0.0	0.0	0.0	0.0	0.0	0.0	0.0	0.0	0.0	0.0	0.0	0.0	0.0	0.0	0.0	0.0	0.0	0.0	0.0	0.0	0.0	0.0	0.0	0.0	0.0	0.0	0.0	0.0	0.0	0.0	0.0	0.0	0.0	0.0	0.0	0.0	0.0	0.0	0.0	0.0	0.0	0.0	0.0	0.0	0.0	0.0	0.0	0.0	0.0	0.0	0.0	0.0	0.0	0.0	0.0	0.0	0.0	0.0	0.0	0.0	0.0	0.0	0.0	0.0	0.0	0.0	0.0	0.0	0.0	0.0	0.0	0.0	0.0	0.0	0.0	0.0	0.0	0.0	0.0	0.0	0.0	0.0	0.0	0.0	0.0	0.0	0.0	0.0	0.0	0.0	0.0	0.0
S2017t1_E16-T1a-Male	0.1617820475763576	0.3172831325182704	-0.2873077780100667	0.001764784624452794	-0.0030079345606190983	-0.04622003522182391	-0.03741240856418505	0.027678039895282263	-0.02326010402379131	-0.034632800808382255	0.04714394174844753	0.07890110235352997	-0.02094083469119743	-0.10031257531266584	0.005133994572992721	0.015214762950875297	-0.042988253962007436	0.005233057784541955	-0.04433842588026962	-0.03936545076182172	-0.02094981972376385	-0.03220161263551873	-0.01735425184268953	0.022499710493637765	-0.04699266747762514	0.0289147238421477	-0.0011640740721542058	0.00018064835490186324	-0.016728228573437327	0.011817167145479018	-0.00388903102466518	-0.0034122765540630334	-0.017823934197869522	0.02106004180570717	-0.005205294140860758	0.02983502596590837	0.0028864051393916964	-0.0008323890552585602	0.006596559785975443	0.013575925004296427	-0.009888867888371521	0.0067920190006006504	-0.011589045679137388	0.020419353782992217	0.0050286444406514004	0.012541397242359625	-0.013212708663620046	-0.037375335713273644	0.011898388615683403	-0.03858994223636909	-0.027717200630644184	-0.013591910323793673	-0.009763820434280457	0.009515203198866543	0.007742037837427797	0.0030579928407817917	-0.017682613298767576	0.010158713944177753	0.014329016279824672	-0.0022286813386744194	-0.007158862965075253	0.013199437752766403	-0.008783299681326713	0.001840197108684309	0.019103930570882652	-0.017873499959515576	0.0013074756008727912	4.2924963003111896e-05	0.009307999665100186	0.012036465246660358	-0.0069787891247819625	-0.014032962945462671	0.0023793213052801664	-0.0031217219399927673	-0.0019081410265025603	-0.0	0.0	0.0	0.0	0.0	0.0	0.0	0.0	0.0	0.0	0.0	0.0	0.0	0.0	0.0	0.0	0.0	0.0	0.0	0.0	0.0	0.0	0.0	0.0	0.0	0.0	0.0	0.0	0.0	0.0	0.0	0.0	0.0	0.0	0.0	0.0	0.0	0.0	0.0	0.0	0.0	0.0	0.0	0.0	0.0	0.0	0.0	0.0	0.0	0.0	0.0	0.0	0.0	0.0	0.0	0.0	0.0	0.0	0.0	0.0	0.0	0.0	0.0	0.0	0.0	0.0	0.0	0.0	0.0	0.0	0.0	0.0	0.0	0.0	0.0	0.0	0.0	0.0	0.0	0.0	0.0	0.0	0.0	0.0	0.0	0.0	0.0	0.0	0.0	0.0	0.0	0.0	0.0	0.0	0.0	0.0	0.0	0.0	0.0	0.0	0.0	0.0	0.0	0.0	0.0	0.0	0.0	0.0	0.0	0.0	0.0	0.0	0.0	0.0	0.0	0.0	0.0	0.0	0.0	0.0	0.0
S2017t1_E16-T1b-Female	0.24361036601499228	0.3301542516918098	-0.0873865319069169	-0.03212321446572531	0.03359935026838057	-0.06329535936669752	-0.0069833959064923125	0.0076639386663560774	-0.10183771518955945	-0.010214579739000628	0.01565413225179227	0.05711467306707659	-0.007930573860738931	-0.019983996024205943	0.03873582653019099	0.05042456886490731	0.056112829626957524	0.001445350781336573	0.02826034582380746	0.04001601257013328	-0.0666322831058234	-0.03201821368151489	-0.047908328615574446	-0.053591924549088794	0.027993991337551163	0.04203833069284642	0.015247035235173586	-0.026553263008314117	0.012781622239489344	0.0518477242061637	0.025624570295186822	0.05658537262066705	0.02823389583980285	-0.018994612705096267	-0.022766896437328352	-0.02585013540490628	-0.00274548999608367	-0.018915953612179907	-0.00026066279528934295	-0.012478030986337218	-0.024171547509141134	-0.006507690438143208	-0.022066367826954435	-8.532268064393793e-05	-0.006272051895688242	0.015563628125588756	0.018322472699389983	-0.003563931612717967	0.019208810883515403	0.025855247972364284	-0.01586171852351934	0.009591135485852604	0.006878039551057144	0.003619402968510943	0.0008126107775782084	-0.0023927894580918247	-0.02238357167342249	-0.011959485577957467	0.0032935312162271474	0.009690701009366207	0.00037205335147310486	0.007069691284117621	-0.004273570931383906	-0.007164447706143031	0.004191137142003126	-0.011751609925773263	0.013674469017318652	0.0016516759129606834	0.0014926574937284668	0.002285265495680648	0.0038278980946137692	-0.00293960493887589	0.002088531810073346	0.0021097439093233365	0.002259214513231811	-0.0	0.0	0.0	0.0	0.0	0.0	0.0	0.0	0.0	0.0	0.0	0.0	0.0	0.0	0.0	0.0	0.0	0.0	0.0	0.0	0.0	0.0	0.0	0.0	0.0	0.0	0.0	0.0	0.0	0.0	0.0	0.0	0.0	0.0	0.0	0.0	0.0	0.0	0.0	0.0	0.0	0.0	0.0	0.0	0.0	0.0	0.0	0.0	0.0	0.0	0.0	0.0	0.0	0.0	0.0	0.0	0.0	0.0	0.0	0.0	0.0	0.0	0.0	0.0	0.0	0.0	0.0	0.0	0.0	0.0	0.0	0.0	0.0	0.0	0.0	0.0	0.0	0.0	0.0	0.0	0.0	0.0	0.0	0.0	0.0	0.0	0.0	0.0	0.0	0.0	0.0	0.0	0.0	0.0	0.0	0.0	0.0	0.0	0.0	0.0	0.0	0.0	0.0	0.0	0.0	0.0	0.0	0.0	0.0	0.0	0.0	0.0	0.0	0.0	0.0	0.0	0.0	0.0	0.0	0.0	0.0
S2017t1_E17-T1a-Female	0.3379156754276907	0.3287673807639341	-0.1491327240618151	-0.08940670064997919	0.22014416099386433	0.011455519885604285	0.044662396010498116	0.047808633342415266	-0.03828098938771464	0.01172523705249691	0.07166337803998386	-0.008056659026315638	-0.05633717877020413	0.0018155183353532368	0.013010459799376983	-0.028733403448608925	0.026306045509599262	-0.0641094854759708	0.009728674167319323	0.07204035819195344	-0.0011879561008288774	0.04921874343399412	0.05954863285770315	0.014238277830225658	-0.024028914039466956	-0.012783228357941621	0.01934253054951527	0.02350841220071068	-0.022302189635653332	-0.02908905290478161	-0.007566231465729124	-0.053940863616518564	-0.00029022153826167304	-0.014680647345196243	-0.015090304332254166	-0.01192327416412164	-0.013735224396359803	-0.016559504200972627	0.0019919529687936733	0.0028627138061708994	-0.01458999295667004	-0.0001449902069917086	-0.005218891695117373	-0.017137791778397714	0.009278494003234264	0.008553402744710654	0.05158033073749429	-0.018621826539170137	-0.012475794127850135	-0.004438980912133784	0.004116127624192013	-0.0112888755946363	-0.00253520004025904	-0.02018578946741783	-0.019405513887899628	0.007776209350676866	-0.0032553993575383756	-0.013180748048101314	-0.0008201214659598422	-0.0007166844068092562	0.01570663765098199	-0.0234471482497324	0.007819329462668377	-0.016163057784945423	0.0037658040725662787	-0.003005967712471896	-0.00033432313348142343	-0.00588698119381786	0.013327156096891645	-0.007916526261947304	-0.010636420573752088	-0.005528433797984648	0.008250935919952455	-0.0033203214298604235	0.0016024151697431818	-0.0	0.0	0.0	0.0	0.0	0.0	0.0	0.0	0.0	0.0	0.0	0.0	0.0	0.0	0.0	0.0	0.0	0.0	0.0	0.0	0.0	0.0	0.0	0.0	0.0	0.0	0.0	0.0	0.0	0.0	0.0	0.0	0.0	0.0	0.0	0.0	0.0	0.0	0.0	0.0	0.0	0.0	0.0	0.0	0.0	0.0	0.0	0.0	0.0	0.0	0.0	0.0	0.0	0.0	0.0	0.0	0.0	0.0	0.0	0.0	0.0	0.0	0.0	0.0	0.0	0.0	0.0	0.0	0.0	0.0	0.0	0.0	0.0	0.0	0.0	0.0	0.0	0.0	0.0	0.0	0.0	0.0	0.0	0.0	0.0	0.0	0.0	0.0	0.0	0.0	0.0	0.0	0.0	0.0	0.0	0.0	0.0	0.0	0.0	0.0	0.0	0.0	0.0	0.0	0.0	0.0	0.0	0.0	0.0	0.0	0.0	0.0	0.0	0.0	0.0	0.0	0.0	0.0	0.0	0.0	0.0
S2017t1_E17-T1a-Male	0.23675207471086693	0.3826552345802853	-0.14460848975406204	-0.004292326471291819	0.15634873147740563	0.010249555370416368	0.04481231919888131	0.03211870623314701	-0.06801687416215452	0.04679629049489377	0.08419002523562888	0.020880351922673658	-0.03837934623015269	-0.033845301638411526	0.03174043549771869	-0.07157424141669681	0.018451436058401487	-0.026962430312067874	0.005019169633324093	0.07910256823180124	-0.013456725451661546	-0.03302025672473713	0.02085237984959209	-0.012853218649842306	-0.06490084983913554	0.030663965464674918	0.004368114126945748	0.0030091051380798485	-0.021622111671275954	-0.03155917757759393	-0.017429228149116294	-0.039343561822361026	0.054235945560247786	0.0032607868261141423	-0.04784698361005371	-0.0053884213247335205	0.02075402074789194	0.00860200902012487	0.013014502153107043	0.005937700457921495	-0.016528550013610144	0.005627734636019249	-0.03009716748937995	-0.03273326263271301	-0.02827381827160796	-0.007884819698192299	-0.010181579418299563	0.005557938046417338	0.016742441086258057	-0.024438624114945712	-0.01540505668038352	0.011892375277081313	-0.023356692707542044	0.024645499323277954	0.017178078231811108	-0.019283462249878643	-0.006483572588210427	-0.008216170014837041	0.0007355742237160055	0.0031884213039615025	-0.0015408481203683607	0.004109136650340394	0.008490253958416611	0.006071450631782558	-0.00840771648428956	0.02297358450770941	-0.00586541937243363	-0.009622036752271806	-0.01638582463469263	0.0025150498472877136	0.01108424054590735	0.0027519111950930777	-0.005917443573476729	0.005725741698545277	-0.0034039074511722175	-0.0	0.0	0.0	0.0	0.0	0.0	0.0	0.0	0.0	0.0	0.0	0.0	0.0	0.0	0.0	0.0	0.0	0.0	0.0	0.0	0.0	0.0	0.0	0.0	0.0	0.0	0.0	0.0	0.0	0.0	0.0	0.0	0.0	0.0	0.0	0.0	0.0	0.0	0.0	0.0	0.0	0.0	0.0	0.0	0.0	0.0	0.0	0.0	0.0	0.0	0.0	0.0	0.0	0.0	0.0	0.0	0.0	0.0	0.0	0.0	0.0	0.0	0.0	0.0	0.0	0.0	0.0	0.0	0.0	0.0	0.0	0.0	0.0	0.0	0.0	0.0	0.0	0.0	0.0	0.0	0.0	0.0	0.0	0.0	0.0	0.0	0.0	0.0	0.0	0.0	0.0	0.0	0.0	0.0	0.0	0.0	0.0	0.0	0.0	0.0	0.0	0.0	0.0	0.0	0.0	0.0	0.0	0.0	0.0	0.0	0.0	0.0	0.0	0.0	0.0	0.0	0.0	0.0	0.0	0.0	0.0
S2017t1_E17-T1b-Female	0.30432512532660416	0.3490739682777541	0.00036940357282963667	-0.05579119342121607	0.1338432446659965	0.008823509896209695	0.05784706274675769	0.06995602779185933	-0.08912739690842746	0.055050180844299024	0.1196504431163226	0.02666532908943004	-0.007314648394203395	0.04854330945172823	-0.03694187509289683	-0.011389701972631337	0.041385495276317005	-0.054073177824899	0.03455534324518446	0.0497548404540137	0.026915020748972864	0.014757901966315996	-0.007000070877516527	-0.006646639716108258	0.0014508325320612325	0.0009266692968885266	-0.012822223735657804	0.009672280139436728	0.028466852585573216	0.001992337135861125	0.023023479447672204	0.055918688313898256	0.02799714363887749	-0.02121441210179082	-0.024767511553905372	0.017624457763625583	0.041799982541198176	0.004839806755053199	-0.010708452650715837	0.017587142686581105	-0.018293197636745057	0.023307113300601295	0.017810574991905467	0.0025262166843638472	-0.00451085850428048	0.012874827598598152	-0.04549783727849359	0.009527021401889527	0.017141181715434266	0.00999192606950796	0.017020624667899987	-0.025034248207424434	-0.00673174954041923	0.000939398188052588	-0.0026313365929102857	0.010611134818026195	0.012750112194325045	0.02491422434528578	-0.006618923690719957	-0.026427673710671742	-0.0002788689100901294	-0.005436152107828647	-0.002860395147559552	0.007259969354076021	0.0025282134186373735	-0.007654165020586995	0.0023374696427320924	0.01345817739717743	-0.011652856979310719	-0.005641040901289402	0.0027114025513038354	0.005271341359976095	0.004384554457602291	-0.0018511103392334662	0.004905978535828741	-0.0	0.0	0.0	0.0	0.0	0.0	0.0	0.0	0.0	0.0	0.0	0.0	0.0	0.0	0.0	0.0	0.0	0.0	0.0	0.0	0.0	0.0	0.0	0.0	0.0	0.0	0.0	0.0	0.0	0.0	0.0	0.0	0.0	0.0	0.0	0.0	0.0	0.0	0.0	0.0	0.0	0.0	0.0	0.0	0.0	0.0	0.0	0.0	0.0	0.0	0.0	0.0	0.0	0.0	0.0	0.0	0.0	0.0	0.0	0.0	0.0	0.0	0.0	0.0	0.0	0.0	0.0	0.0	0.0	0.0	0.0	0.0	0.0	0.0	0.0	0.0	0.0	0.0	0.0	0.0	0.0	0.0	0.0	0.0	0.0	0.0	0.0	0.0	0.0	0.0	0.0	0.0	0.0	0.0	0.0	0.0	0.0	0.0	0.0	0.0	0.0	0.0	0.0	0.0	0.0	0.0	0.0	0.0	0.0	0.0	0.0	0.0	0.0	0.0	0.0	0.0	0.0	0.0	0.0	0.0	0.0
S2017t1_E17-T1b-Male	0.3400912044192805	0.3349901551450622	-0.16641628624826033	-0.10942775039284049	0.2417527149394375	0.016342527418264634	0.02629171207211517	0.061261005725950106	-0.020306100260111388	0.0012966938667579515	0.06231083985825805	-0.02397677810709009	-0.03476457401056442	-0.0002799531552051199	-0.016890725385675043	0.01465923723010017	0.024313219617770755	-0.09932720470581989	0.0114373679051135	0.07455257342193522	0.025643274068700997	0.04739059118359762	0.06448450229016922	-0.002910030894159901	-0.010687946640882422	-0.01466918366101554	0.00342391806272638	0.023275401929897074	0.02288938287027009	-0.023009896419823116	0.03190945451322133	0.024552510415025035	-0.008341387470632667	0.01489606788761061	0.013773049263104683	-0.005575354035970477	0.02442677086734974	0.013643053653453705	-0.01568206899202497	-0.026947943171279305	0.008053000938584161	-0.020700234902415664	0.0024745053235282156	0.0125028228379305	0.01718837758003003	0.0024692207803111484	0.009307947573740245	0.012256948146595897	-0.03493319374521574	0.01080086793750306	0.00034190616329220685	-0.026172874051114247	0.02340238582735715	-0.007415937070485318	-0.0022380485034560354	0.0018551658938624875	0.006091103153736085	-0.0023390989752176076	-0.023484721653841165	0.003451470558659112	-0.004233181837521887	0.02200962760850795	-0.010961852330400711	0.006815938857641615	-0.0013916906990208357	-0.0060814450366949505	-0.01819867424139996	0.002549973733173444	0.013971773970264495	0.00344766173368413	-0.000665681506211262	-0.00015599676355022838	-0.005662002032059481	0.0016584710459470907	-0.006607630027280398	-0.0	0.0	0.0	0.0	0.0	0.0	0.0	0.0	0.0	0.0	0.0	0.0	0.0	0.0	0.0	0.0	0.0	0.0	0.0	0.0	0.0	0.0	0.0	0.0	0.0	0.0	0.0	0.0	0.0	0.0	0.0	0.0	0.0	0.0	0.0	0.0	0.0	0.0	0.0	0.0	0.0	0.0	0.0	0.0	0.0	0.0	0.0	0.0	0.0	0.0	0.0	0.0	0.0	0.0	0.0	0.0	0.0	0.0	0.0	0.0	0.0	0.0	0.0	0.0	0.0	0.0	0.0	0.0	0.0	0.0	0.0	0.0	0.0	0.0	0.0	0.0	0.0	0.0	0.0	0.0	0.0	0.0	0.0	0.0	0.0	0.0	0.0	0.0	0.0	0.0	0.0	0.0	0.0	0.0	0.0	0.0	0.0	0.0	0.0	0.0	0.0	0.0	0.0	0.0	0.0	0.0	0.0	0.0	0.0	0.0	0.0	0.0	0.0	0.0	0.0	0.0	0.0	0.0	0.0	0.0	0.0
S2017t1_E19-T1a-Female	0.34432456491907376	0.12450248946646093	-0.08441267925673779	-0.09184517303076306	-0.1315208977112973	-0.09518960117546389	-0.012362589161536267	0.027457180436142217	-0.06519231651063581	0.015442999202986214	0.054490077242148424	0.06283876965220013	-0.012112270390845855	0.054611622257525645	-0.01728039027165719	0.033389550404318534	-0.019956212238266505	0.011928564452316237	0.023547167280889278	0.01843916118769361	0.06751591691536077	-0.041568637275129494	0.005062016167387512	0.02218065198521921	0.039542967018966285	-0.03647560566517961	-0.027184222675681224	-0.017431841554093677	-0.056181862521090226	0.0051347919525091485	-0.01701584266713047	0.039205517276971115	0.008690290345746561	0.017333607341214936	-0.01661568550823165	0.018242546179239514	-0.020458248818885475	0.004540519421421843	0.009024298812505454	0.038024889710748425	0.031107494315404702	0.024639116793433433	0.048024599009372934	0.010587978567675446	-0.04786208015072817	0.015312214037366689	0.003663330831480232	0.008414312552965287	0.013376322026379311	-0.007221152142852794	-0.0006162373416950526	-0.0007285302744150903	-0.04181958541339846	-0.011061696824518083	-0.00960721184020575	-0.0018864189307076144	-0.006512504846730226	-0.0026477241255816455	-0.021321524897810352	0.03694098092821781	0.028398290135368705	0.007486960275453227	0.0004650448078563113	-0.022919614351906818	-0.002781237697164392	0.006196567394276434	-0.0065794063427568605	-0.004421168745542866	-0.009188681540904513	0.011231373044879096	-0.012572393435668591	0.00043368001669161536	-0.0038827763676598905	-0.0030470652834090066	-0.0002449395810194607	-0.0	0.0	0.0	0.0	0.0	0.0	0.0	0.0	0.0	0.0	0.0	0.0	0.0	0.0	0.0	0.0	0.0	0.0	0.0	0.0	0.0	0.0	0.0	0.0	0.0	0.0	0.0	0.0	0.0	0.0	0.0	0.0	0.0	0.0	0.0	0.0	0.0	0.0	0.0	0.0	0.0	0.0	0.0	0.0	0.0	0.0	0.0	0.0	0.0	0.0	0.0	0.0	0.0	0.0	0.0	0.0	0.0	0.0	0.0	0.0	0.0	0.0	0.0	0.0	0.0	0.0	0.0	0.0	0.0	0.0	0.0	0.0	0.0	0.0	0.0	0.0	0.0	0.0	0.0	0.0	0.0	0.0	0.0	0.0	0.0	0.0	0.0	0.0	0.0	0.0	0.0	0.0	0.0	0.0	0.0	0.0	0.0	0.0	0.0	0.0	0.0	0.0	0.0	0.0	0.0	0.0	0.0	0.0	0.0	0.0	0.0	0.0	0.0	0.0	0.0	0.0	0.0	0.0	0.0	0.0	0.0
S2017t1_E19-T1a-Male	0.286900638689836	0.003816972603189805	0.1138386720103605	-0.07420842014565635	-0.33099709825770424	-0.057048087226346314	-0.050077457298866826	0.036082980309075	-0.03376833733961478	0.0529367280659975	0.08449562872959865	-0.032812949561758495	-0.0015472159220456694	0.013324775810848968	0.0005763634596918815	0.025565691208220637	0.025186974758356996	0.020391527047071645	-0.029519035289614033	-0.03269177887904634	0.08303075473355215	0.028643680795846914	-0.004403967356996065	-0.005584095749046477	-9.884492302106472e-05	0.033980622849489016	0.022797622420546733	-0.010254856856488978	0.03609085585333785	-0.03217058902549597	-0.031301956331040014	-0.03817245102123621	0.00361063259217381	0.010404867737702899	0.05307762332240184	-0.05309942428479125	-0.0098208773871893	0.01830260920884151	-0.0021888609417592972	-0.014132343190463933	-0.007803287244052237	-0.025950063770038913	0.00949408845947659	0.02679010945346932	0.004858305299002117	-0.007366255831909622	0.009478605628979783	0.03082375473804815	0.009948009551389723	-0.014894611175668237	0.0029115854674683847	0.030290791450803357	-0.0075794010109643374	0.015715560045425767	-0.0033049366557798784	0.014135834268241719	0.006246420985644527	0.018724466682833427	0.006119676609269659	-0.0023867103531123902	0.016609958344299056	0.00824659361411422	0.0071289611439338384	-0.00381646795449496	0.0014309565571759314	-0.007877496721376501	0.012113343388985417	-0.001318812159958719	-0.0030149377854754955	-0.009485268153710926	-0.0007050162164769469	0.0011197845312766437	-0.002005469957059477	-0.0019906645421076475	0.002130095141975855	-0.0	0.0	0.0	0.0	0.0	0.0	0.0	0.0	0.0	0.0	0.0	0.0	0.0	0.0	0.0	0.0	0.0	0.0	0.0	0.0	0.0	0.0	0.0	0.0	0.0	0.0	0.0	0.0	0.0	0.0	0.0	0.0	0.0	0.0	0.0	0.0	0.0	0.0	0.0	0.0	0.0	0.0	0.0	0.0	0.0	0.0	0.0	0.0	0.0	0.0	0.0	0.0	0.0	0.0	0.0	0.0	0.0	0.0	0.0	0.0	0.0	0.0	0.0	0.0	0.0	0.0	0.0	0.0	0.0	0.0	0.0	0.0	0.0	0.0	0.0	0.0	0.0	0.0	0.0	0.0	0.0	0.0	0.0	0.0	0.0	0.0	0.0	0.0	0.0	0.0	0.0	0.0	0.0	0.0	0.0	0.0	0.0	0.0	0.0	0.0	0.0	0.0	0.0	0.0	0.0	0.0	0.0	0.0	0.0	0.0	0.0	0.0	0.0	0.0	0.0	0.0	0.0	0.0	0.0	0.0	0.0
S2017t1_E19-T1b-Male	0.19691893821589584	-0.04283692089430287	-0.046222343966457254	0.009989657581845493	-0.028176530610901158	0.17446513856442866	0.35455501271000045	0.11837498405022269	-0.06513902603991142	0.2372161306529691	-0.20270280071921778	0.03882945868739496	0.05053669887152719	-0.012558737643056546	0.045841579567847145	0.119388132960704	-0.04200834518878613	0.16801193326043729	-0.05884213427577215	0.024680353527952777	0.019811278016162198	-0.08995360012053376	0.04934959071037685	-0.07410401717942382	0.050460265630782944	-0.013329720407830061	-0.0027635007731308205	0.07797981269963379	-0.02123029944302442	-0.03232310669897575	-0.05572377600975181	-0.003921789966818498	0.04392081500668459	-0.013678217904976012	-0.0009585179955341842	-0.003258950411738211	-0.016540978740413857	-0.00261570399736104	0.01104256337703281	-0.023015890434743107	-0.021720864643653325	-0.014291206637033487	0.0034095367019070745	0.03738496217558457	-0.007408564965385729	-0.0021583024974719685	0.008238457960966197	-0.0054955635852601496	0.0077091063989212	-0.00018420512009776214	0.0029522882478635313	0.006766828587083944	-0.012839600558111836	-0.01153346798207475	0.0032563746212804245	-0.0013120956242903131	-0.004342357073730484	0.012886929046943009	-0.0013455603639170922	-0.004434152204131126	0.0011562114664561312	0.00578900148036185	-0.0077160413326302175	-0.004275335688251202	0.0001891327118999043	-0.0020122373596841124	-0.002893476431670277	-0.0010860759228021324	-0.000461689824386988	-0.001412120506448029	-0.0004840597993053875	-0.0011408529878770791	-0.0004248617363689847	0.0010943671692073126	8.287996427997901e-06	-0.0	0.0	0.0	0.0	0.0	0.0	0.0	0.0	0.0	0.0	0.0	0.0	0.0	0.0	0.0	0.0	0.0	0.0	0.0	0.0	0.0	0.0	0.0	0.0	0.0	0.0	0.0	0.0	0.0	0.0	0.0	0.0	0.0	0.0	0.0	0.0	0.0	0.0	0.0	0.0	0.0	0.0	0.0	0.0	0.0	0.0	0.0	0.0	0.0	0.0	0.0	0.0	0.0	0.0	0.0	0.0	0.0	0.0	0.0	0.0	0.0	0.0	0.0	0.0	0.0	0.0	0.0	0.0	0.0	0.0	0.0	0.0	0.0	0.0	0.0	0.0	0.0	0.0	0.0	0.0	0.0	0.0	0.0	0.0	0.0	0.0	0.0	0.0	0.0	0.0	0.0	0.0	0.0	0.0	0.0	0.0	0.0	0.0	0.0	0.0	0.0	0.0	0.0	0.0	0.0	0.0	0.0	0.0	0.0	0.0	0.0	0.0	0.0	0.0	0.0	0.0	0.0	0.0	0.0	0.0	0.0
S2017t1_E23-T1a-Female	0.22742731385947576	0.19139786168399903	-0.1760194729745345	-0.016222259528362978	-0.11629178100898326	-0.08730389366001999	0.021889851260975698	-0.07422212826563784	-0.13335097145604058	-0.018344377213743705	-0.06046413012069085	0.01089191864378884	0.012712447332089736	0.04152392715080518	-0.015168962609906246	-0.00012757649375896472	-0.052079347946257556	-0.025463666427060654	-0.0657004432956936	0.028843290027383388	-0.020116302022050076	-0.03720468435761992	0.019068324654670413	-0.06713972351581135	-0.09480690007105903	-0.02636189018007321	-0.024534813542638846	-0.03719376264581218	0.010537535073469051	-0.030990597615835384	0.03456600642853746	-0.013808130252438287	0.007554921102243324	-0.01583237461308225	-0.005074317957914583	-0.03175205414002875	-0.007940426520604052	0.010077453885050668	-0.004808054677699974	-0.015908789182020426	0.0006560912508933802	-0.037187413276367064	-0.021959750345802657	0.008464675800167205	-0.019975255242990975	-0.026472367105590845	0.0022808755588270674	0.0030528884408920856	-0.011110879516813848	0.010012249954942414	0.05557637254234431	0.02931410621550003	0.021747881271644103	0.012137433725961775	-0.012035332722829176	0.005588528899731755	-0.005576898683069431	-0.009172235883790054	-0.009204814076033588	-0.013882271109207379	-0.018385211386874423	-0.006951134241979987	0.0014885466046789463	-0.0038732085575771177	-0.012814075781842516	0.0024520461524759726	-0.0017964999707989345	0.0018502470048663926	-0.0005195980796891003	-0.0029874371004114425	0.0002356687149163129	0.005417068998494984	-0.0036278036608300276	-0.0061401140211404135	0.003304734449166324	-0.0	0.0	0.0	0.0	0.0	0.0	0.0	0.0	0.0	0.0	0.0	0.0	0.0	0.0	0.0	0.0	0.0	0.0	0.0	0.0	0.0	0.0	0.0	0.0	0.0	0.0	0.0	0.0	0.0	0.0	0.0	0.0	0.0	0.0	0.0	0.0	0.0	0.0	0.0	0.0	0.0	0.0	0.0	0.0	0.0	0.0	0.0	0.0	0.0	0.0	0.0	0.0	0.0	0.0	0.0	0.0	0.0	0.0	0.0	0.0	0.0	0.0	0.0	0.0	0.0	0.0	0.0	0.0	0.0	0.0	0.0	0.0	0.0	0.0	0.0	0.0	0.0	0.0	0.0	0.0	0.0	0.0	0.0	0.0	0.0	0.0	0.0	0.0	0.0	0.0	0.0	0.0	0.0	0.0	0.0	0.0	0.0	0.0	0.0	0.0	0.0	0.0	0.0	0.0	0.0	0.0	0.0	0.0	0.0	0.0	0.0	0.0	0.0	0.0	0.0	0.0	0.0	0.0	0.0	0.0	0.0
S2017t1_E23-T1a-Male	0.2521298807039259	0.06265087196245572	-0.05766530140182813	-0.02071487374822113	-0.19351289270336938	-0.05948945201763399	0.055378769009202605	-0.07645093064759503	-0.16192543343178478	0.0025854849201021606	-0.1145412961169484	0.044941465424121516	0.09139963539864861	0.10783152566625426	-0.0913905848323456	-0.00745521003199113	-0.03478752928772585	-0.01996731364349774	-0.010890395033110359	0.01371398501937292	0.015153263987545483	-0.03284834676659345	-0.01553149770077825	-0.0690760060276335	-0.054000826752694936	-0.07968445100807994	-0.061228587459096054	-0.04025452331082408	0.01913810963837793	0.0017977992968786533	-0.024931505134478626	-0.06604589650866183	-0.008374639327291915	-0.04471623754739672	0.054441382802488586	0.024210248529373975	-0.02056865879261551	0.027863214830510567	-0.026744180780622743	0.025495253191329857	0.018729481190980224	-0.033322881662214594	0.015396266501421037	-0.0169082109909118	0.013664065742637644	0.031213914943102057	-0.02916121688108482	0.020238374109982193	0.002561817103142561	0.0025632290709842803	-0.028991202539267166	-0.0036189873730554313	0.0165581877010327	0.008262051058735629	0.003424823008180744	-0.015306986176620022	0.02705808104288901	-0.01893121449338713	0.003957180690299445	0.018343101556522284	0.013316092469302258	-0.00014175878661652896	-0.000178381212825534	0.022375070205043947	0.022075000033810938	-0.000354850885700694	0.005171185256169606	-0.0037036738140385273	0.008218058796980962	0.00711269061709877	0.001760857312285637	-0.004688308931432314	0.0012640606560081896	0.006262312183334873	-0.0012506390212176012	-0.0	0.0	0.0	0.0	0.0	0.0	0.0	0.0	0.0	0.0	0.0	0.0	0.0	0.0	0.0	0.0	0.0	0.0	0.0	0.0	0.0	0.0	0.0	0.0	0.0	0.0	0.0	0.0	0.0	0.0	0.0	0.0	0.0	0.0	0.0	0.0	0.0	0.0	0.0	0.0	0.0	0.0	0.0	0.0	0.0	0.0	0.0	0.0	0.0	0.0	0.0	0.0	0.0	0.0	0.0	0.0	0.0	0.0	0.0	0.0	0.0	0.0	0.0	0.0	0.0	0.0	0.0	0.0	0.0	0.0	0.0	0.0	0.0	0.0	0.0	0.0	0.0	0.0	0.0	0.0	0.0	0.0	0.0	0.0	0.0	0.0	0.0	0.0	0.0	0.0	0.0	0.0	0.0	0.0	0.0	0.0	0.0	0.0	0.0	0.0	0.0	0.0	0.0	0.0	0.0	0.0	0.0	0.0	0.0	0.0	0.0	0.0	0.0	0.0	0.0	0.0	0.0	0.0	0.0	0.0	0.0
S2017t1_E23-T1b-Female	0.29516636887017306	0.25251178290641485	0.03582495570969808	-0.04713024559281439	-0.04031515838133457	-0.05363705149154069	0.01773768110937777	-0.025040458138042697	-0.1562354248661343	0.016465888249775868	-0.0037610607437288464	-0.036761984927050156	0.010408173911119927	0.06686664375883021	0.011757089737124884	0.05393010113438711	0.023995012493719065	0.04614180021257978	-0.03957994792277419	-0.010552054151352444	0.04354713357427132	0.02553367029642228	-0.07756879861654609	-0.03701918417339945	0.021909654746528867	-0.06741797193180933	-0.05024818268591198	-0.07650372457316776	-0.078596268587574	-0.040243134871706984	0.03524478585193606	0.02268377551418758	0.010783308716376009	-0.04810647774105477	0.017667695282620733	0.03803590109674333	-0.025860344573757868	0.021946503734792275	0.007554325157705904	0.017507070567596934	0.01623464977066007	-0.006772680427240764	-0.010009071399244354	-0.006830198627728412	0.02591538575998918	-0.004857734515119124	-0.042141369674593476	-0.018915730141178942	-0.004290205427304757	-0.011181566988431552	0.03195355561887385	0.005730471913344601	0.023606481477042147	0.019712736299262637	0.00014675141463783	0.009835348909810865	-0.0019315245676459084	-0.0026873332073078533	0.006784459833998384	0.0019314233526646222	0.002045079119198427	-0.027110809810038914	-0.006882351599821934	0.004693540661479691	0.005452625772717589	-0.0007272938796977684	-0.007570527042036689	-0.0010405705453142295	0.0077911131139954	-0.0014153806711232066	0.0005026737192954531	-0.005296522786743749	0.0009539506237956574	0.002336312186665892	-0.0017046197864199778	-0.0	0.0	0.0	0.0	0.0	0.0	0.0	0.0	0.0	0.0	0.0	0.0	0.0	0.0	0.0	0.0	0.0	0.0	0.0	0.0	0.0	0.0	0.0	0.0	0.0	0.0	0.0	0.0	0.0	0.0	0.0	0.0	0.0	0.0	0.0	0.0	0.0	0.0	0.0	0.0	0.0	0.0	0.0	0.0	0.0	0.0	0.0	0.0	0.0	0.0	0.0	0.0	0.0	0.0	0.0	0.0	0.0	0.0	0.0	0.0	0.0	0.0	0.0	0.0	0.0	0.0	0.0	0.0	0.0	0.0	0.0	0.0	0.0	0.0	0.0	0.0	0.0	0.0	0.0	0.0	0.0	0.0	0.0	0.0	0.0	0.0	0.0	0.0	0.0	0.0	0.0	0.0	0.0	0.0	0.0	0.0	0.0	0.0	0.0	0.0	0.0	0.0	0.0	0.0	0.0	0.0	0.0	0.0	0.0	0.0	0.0	0.0	0.0	0.0	0.0	0.0	0.0	0.0	0.0	0.0	0.0
S2017t1_E23-T1b-Male	0.2381518262594922	0.07638366218223837	0.03578467501277206	-0.008718783188123127	-0.2339720825132627	-0.04223422857552547	0.07553290701182186	-0.047604803104761395	-0.17907839637876838	0.010651229428576185	-0.003740225020653048	0.03838152604660278	0.05890389424808046	0.0658520689504323	-0.08344376424517409	0.012495767181994539	-0.016422900277511567	-0.010657883993447154	0.014513638445980312	-0.04755383495505414	0.06315984504546404	0.03309063557011753	-0.00862892896482791	-0.031884717780916144	-0.028174555430821147	-0.04909870907353962	-0.01301027493059841	-0.015219687542507205	-0.0053086832185496565	-0.02633056795451347	0.011207197442063057	-0.032003366927945455	-0.044055961419717155	-0.017427361990578268	0.0011316631853915367	0.05150782259381656	0.004934417538362575	-0.008005008015943078	-0.010516127856465501	-0.0033856154517474192	-0.029805732821605074	-0.02259125765188813	-0.008975130850558599	-0.021247536077022455	0.032050610810529914	-0.007036694526721596	0.012160182500769305	-0.023665936992669816	-0.020714396771960804	0.006395176998768724	-0.004795166431582861	-0.002914781288757254	-0.022565087695143697	-0.0031662871640132694	0.0033168704968262936	0.003970788291503807	-0.011749907530587463	-0.010649172701571528	0.02653868922494653	-0.0238411933924205	-0.021397098001363968	-0.00872560371828988	0.000946565291424344	0.0024526915495379667	-0.0008498726117253235	0.006109827475327721	-0.01510371631565688	0.006490220758864391	-0.007041856944121371	0.002421025804073561	0.0009124688942284272	-0.006316532014499609	0.001177508117081993	0.0013004275403555945	0.000979433611371127	-0.0	0.0	0.0	0.0	0.0	0.0	0.0	0.0	0.0	0.0	0.0	0.0	0.0	0.0	0.0	0.0	0.0	0.0	0.0	0.0	0.0	0.0	0.0	0.0	0.0	0.0	0.0	0.0	0.0	0.0	0.0	0.0	0.0	0.0	0.0	0.0	0.0	0.0	0.0	0.0	0.0	0.0	0.0	0.0	0.0	0.0	0.0	0.0	0.0	0.0	0.0	0.0	0.0	0.0	0.0	0.0	0.0	0.0	0.0	0.0	0.0	0.0	0.0	0.0	0.0	0.0	0.0	0.0	0.0	0.0	0.0	0.0	0.0	0.0	0.0	0.0	0.0	0.0	0.0	0.0	0.0	0.0	0.0	0.0	0.0	0.0	0.0	0.0	0.0	0.0	0.0	0.0	0.0	0.0	0.0	0.0	0.0	0.0	0.0	0.0	0.0	0.0	0.0	0.0	0.0	0.0	0.0	0.0	0.0	0.0	0.0	0.0	0.0	0.0	0.0	0.0	0.0	0.0	0.0	0.0	0.0
S2017t1_E30-T1a-Female	0.1228918547862831	0.46363638832812887	-0.23225994782919376	0.0900711994151177	0.10673234225940459	0.004274160553808244	-0.05706192705648571	0.0191820238603872	0.05243239535679396	-0.010822041972314343	-0.018588265300848138	-0.04599576063755409	0.010294502360000155	-0.02989673564626259	0.0346829698957111	-0.04985576538298107	-0.026205666629872008	0.06953298367659866	-0.03687032748048646	-0.024110211820266778	0.0812671218519306	0.037352133624465614	0.0030882337983833127	0.017637875868082485	-0.004381804901906132	0.02027636811938095	-0.03012013459536602	-0.016872571732385076	-0.00017742606833212073	0.004547517744276764	-0.02439316783370063	0.002818456381661814	0.039532694336805514	-0.0022592876353753166	-0.007415014030930953	0.0192466438461815	0.0048799420258882715	-0.03682149087129385	0.002259661787484895	0.001276069294359369	0.02728828701779792	0.02715221319021378	0.06303006974161153	-0.012841359519546678	-0.022120835462342166	-0.010571712664432681	0.013040252147412413	0.021951473776852644	0.0294155712583657	0.024835002963705007	0.0012947797401045766	-0.001437761194322015	0.010779826241813974	0.008652947173048557	-0.016117712021318408	-0.006062127292018025	-0.03352446726269171	0.005439102509789997	-0.006945866361845129	-0.003533698044607199	-0.0002807261263107253	0.0012727118645182135	0.006564062052376996	0.007166834297785068	0.010466963423873888	0.0010843897745322184	0.010638651506886667	-0.00432480777990284	0.0039100758731169675	0.0061229796547266745	0.0032419392761790936	-0.007819775559163477	-0.002525105972227966	0.0031643516462482708	0.002402658095577809	-0.0	0.0	0.0	0.0	0.0	0.0	0.0	0.0	0.0	0.0	0.0	0.0	0.0	0.0	0.0	0.0	0.0	0.0	0.0	0.0	0.0	0.0	0.0	0.0	0.0	0.0	0.0	0.0	0.0	0.0	0.0	0.0	0.0	0.0	0.0	0.0	0.0	0.0	0.0	0.0	0.0	0.0	0.0	0.0	0.0	0.0	0.0	0.0	0.0	0.0	0.0	0.0	0.0	0.0	0.0	0.0	0.0	0.0	0.0	0.0	0.0	0.0	0.0	0.0	0.0	0.0	0.0	0.0	0.0	0.0	0.0	0.0	0.0	0.0	0.0	0.0	0.0	0.0	0.0	0.0	0.0	0.0	0.0	0.0	0.0	0.0	0.0	0.0	0.0	0.0	0.0	0.0	0.0	0.0	0.0	0.0	0.0	0.0	0.0	0.0	0.0	0.0	0.0	0.0	0.0	0.0	0.0	0.0	0.0	0.0	0.0	0.0	0.0	0.0	0.0	0.0	0.0	0.0	0.0	0.0	0.0
S2017t1_E30-T1a-Male	0.1438357594025478	0.18243637388539052	-0.17713213978817663	0.02579776923079946	-0.10035526743007236	-0.04459134940538222	0.02840581742423822	-0.061647560779519925	-0.15464602699604893	0.010112533802146988	-0.18743341033517236	0.09464702592034813	-0.005287194860407129	-0.1712266722998308	0.111275840327249	0.035195602675528216	0.17292558758754106	-0.09020360978422692	0.00715604754367723	-0.09494632906841036	-0.06006877798605719	0.03284515726740187	0.016619714853950238	-0.04069219538223386	0.022834867532250943	-0.06086875654124407	0.03873879703226187	0.0029368880034507092	0.02344268527716252	-0.0337830993295165	-0.013621470681518082	-0.020204973584834186	-0.015498249345419874	0.006997954575301392	0.02178138207222035	-0.009897780519037513	-0.004929866185944988	-0.008904903778523359	-0.029209308222331767	0.009586286036290833	-0.015664099120107966	0.0030265841915357865	0.018201703954168796	-0.011286464403300528	-0.029689306369054806	0.0008928462742491157	0.020633671565072717	0.02564746289721092	-0.002879439834434188	0.01896481839459971	0.009734222407452127	-0.003710840397014921	0.004536989725444246	-0.0056723219601252	0.003700719297826908	0.007299441895330313	-0.005762946539675096	0.006930522338379144	0.001908176764741358	-0.008126544078389742	0.0004572365425297301	0.005590847278027055	0.005465085877652982	-0.004193532017193599	0.002600041904463638	-0.0010834542768486915	-0.010948629832381691	0.0020567076418975803	-0.008888165513161093	0.0016860047566338544	-0.0031730715943156245	-0.003902524987975895	0.003235732915300407	-0.0012092937005563102	0.0012982499115434558	-0.0	0.0	0.0	0.0	0.0	0.0	0.0	0.0	0.0	0.0	0.0	0.0	0.0	0.0	0.0	0.0	0.0	0.0	0.0	0.0	0.0	0.0	0.0	0.0	0.0	0.0	0.0	0.0	0.0	0.0	0.0	0.0	0.0	0.0	0.0	0.0	0.0	0.0	0.0	0.0	0.0	0.0	0.0	0.0	0.0	0.0	0.0	0.0	0.0	0.0	0.0	0.0	0.0	0.0	0.0	0.0	0.0	0.0	0.0	0.0	0.0	0.0	0.0	0.0	0.0	0.0	0.0	0.0	0.0	0.0	0.0	0.0	0.0	0.0	0.0	0.0	0.0	0.0	0.0	0.0	0.0	0.0	0.0	0.0	0.0	0.0	0.0	0.0	0.0	0.0	0.0	0.0	0.0	0.0	0.0	0.0	0.0	0.0	0.0	0.0	0.0	0.0	0.0	0.0	0.0	0.0	0.0	0.0	0.0	0.0	0.0	0.0	0.0	0.0	0.0	0.0	0.0	0.0	0.0	0.0	0.0
S2017t1_E30-T1b-Female	0.12619901915673531	0.40329744539160783	-0.2562776840474487	0.05746375385504056	0.04862995002894444	-0.011243839906474005	-0.04650721660092773	0.02722195479172663	0.019884480438713263	-0.03502786367154356	-0.020927276456307212	0.02280146431244273	0.03446039248716987	-0.0623734035305676	-0.004559563345018514	-0.011349891452614346	-0.004648536847557214	0.08900087168390375	-0.07718981682665496	-0.044662738006457814	0.005762874800046827	0.023438126337303293	-0.03731588332918122	0.020555502194596828	0.047892716310218734	0.04074519654379303	-0.03149901215409136	-0.030126538209155312	-0.03999431953077373	-0.008606070015490548	-0.0037716734336181246	0.0073514375773223156	-0.0017358547778133556	0.0010869515397920085	-0.021587687035746584	-0.0063670588888427105	0.013743077210418054	0.0044407358006823845	0.0024857745489736465	-0.0202178729529821	0.0071447444014827825	-0.012894097888497368	0.009729646224515715	-0.02173399395917388	0.001068498001657569	0.0006984805538503337	0.022051026838715744	0.022102663046035302	-0.0047966918723324125	0.014124816795480446	-0.016890582610038632	0.012796691933368107	-0.013318701393573756	-0.01485633707361019	0.0018557536603393055	-0.008193677037786297	0.01985998050047747	0.0059527706211249115	0.00850520489761558	-0.015606428563437759	0.007304915566242688	0.004398601584861474	-0.0021621081702342068	-0.003948086751971393	-0.006541572361735489	-0.0026029599658292427	-0.004426401455602855	0.01110375829026532	0.0008002958128456259	-0.004562613462889472	-0.006703347603695001	0.014211684266740875	-0.0014840773769849035	-0.004601633303417912	-0.005135629997963015	-0.0	0.0	0.0	0.0	0.0	0.0	0.0	0.0	0.0	0.0	0.0	0.0	0.0	0.0	0.0	0.0	0.0	0.0	0.0	0.0	0.0	0.0	0.0	0.0	0.0	0.0	0.0	0.0	0.0	0.0	0.0	0.0	0.0	0.0	0.0	0.0	0.0	0.0	0.0	0.0	0.0	0.0	0.0	0.0	0.0	0.0	0.0	0.0	0.0	0.0	0.0	0.0	0.0	0.0	0.0	0.0	0.0	0.0	0.0	0.0	0.0	0.0	0.0	0.0	0.0	0.0	0.0	0.0	0.0	0.0	0.0	0.0	0.0	0.0	0.0	0.0	0.0	0.0	0.0	0.0	0.0	0.0	0.0	0.0	0.0	0.0	0.0	0.0	0.0	0.0	0.0	0.0	0.0	0.0	0.0	0.0	0.0	0.0	0.0	0.0	0.0	0.0	0.0	0.0	0.0	0.0	0.0	0.0	0.0	0.0	0.0	0.0	0.0	0.0	0.0	0.0	0.0	0.0	0.0	0.0	0.0
S2017t1_E30-T1b-Male	0.1271923879715403	0.3242047911640211	-0.28385234357455863	0.0466602043305395	-0.039119345204533355	-0.04664320398801674	-0.049149663860864994	0.014187580271644648	-0.0032512397393239714	-0.03401357953131689	0.008397592223946869	0.06714491867583645	0.0016063121630030652	-0.08442114906019803	0.004238267652200896	-0.008616911449250739	-0.04475489940437451	0.054576731078133496	-0.028210370905249044	-0.04953463250606101	0.0011101260815380585	-0.010040695181066098	-0.029509603220178184	0.002804758126277002	-0.021352837565400375	0.03872426644937493	-0.0056251522129302164	-0.012768489846004028	-0.011252672637339622	0.031084313520737192	-0.013362510550254654	-0.015874212463954537	-0.009859439839459954	0.03207288747798273	0.013829704312205175	0.034762240433370006	0.014745582384444561	0.0018870863397360818	-0.014702996533539481	-0.016675302188821274	-0.011380533711837714	-0.021838862820707485	-0.0021045145810089836	0.019247715103433677	0.028719027403482922	-0.004727768581311634	0.008662519339931871	-0.013997715103379077	-0.013968942897322869	0.003944021727866899	0.01932490267885706	-0.013200829527388477	0.018113493025345862	-0.019074728688687027	0.00019163078170682477	0.006139377088917699	0.024680988475645222	-0.013489658023220203	-0.008887791243552238	0.014735085670171528	0.007784888268015452	-0.0003433867911080615	-0.013270254737197411	0.000795052894270166	-0.019644137642684745	0.015359680204463742	-0.0019967515523279817	-0.006649690551924904	-0.005711515289463983	-0.01175172451814277	0.007818139018586258	0.0040971926834112	0.001891295269188289	0.003187300639492123	0.007086430504980978	-0.0	0.0	0.0	0.0	0.0	0.0	0.0	0.0	0.0	0.0	0.0	0.0	0.0	0.0	0.0	0.0	0.0	0.0	0.0	0.0	0.0	0.0	0.0	0.0	0.0	0.0	0.0	0.0	0.0	0.0	0.0	0.0	0.0	0.0	0.0	0.0	0.0	0.0	0.0	0.0	0.0	0.0	0.0	0.0	0.0	0.0	0.0	0.0	0.0	0.0	0.0	0.0	0.0	0.0	0.0	0.0	0.0	0.0	0.0	0.0	0.0	0.0	0.0	0.0	0.0	0.0	0.0	0.0	0.0	0.0	0.0	0.0	0.0	0.0	0.0	0.0	0.0	0.0	0.0	0.0	0.0	0.0	0.0	0.0	0.0	0.0	0.0	0.0	0.0	0.0	0.0	0.0	0.0	0.0	0.0	0.0	0.0	0.0	0.0	0.0	0.0	0.0	0.0	0.0	0.0	0.0	0.0	0.0	0.0	0.0	0.0	0.0	0.0	0.0	0.0	0.0	0.0	0.0	0.0	0.0	0.0
S2017t2_E11-T2a-Male_C7D5_5f	-0.14673584616498708	0.4030579914718636	0.12298508567470585	0.2854595957144189	-0.05610498151404488	0.07416644215955631	-0.08149455667371658	-0.007506372935239789	0.02761649894222063	0.06373793658389452	0.010023170318893682	-0.08794789538848813	0.047310110320257656	0.08135735780208492	-0.0531269433431156	0.008372257479573134	0.03504427746618334	0.003030504397609421	0.014937610239859489	-0.019342634807455215	0.08531349250613916	0.01963796148839491	0.018925823461597716	-0.01768534127437296	0.0167268887543677	0.022459892690550536	0.053937456320101614	-0.02342801110533012	0.03216627806767278	0.0008102560323056878	-0.03722677323787737	0.008839988299778124	0.0071806085255664304	0.025787319698353375	0.006150184007856907	0.04707617897620205	0.0330436818810228	0.004067215549970702	-0.007007834448637018	-0.017623866754675747	-0.038922430531829595	0.0597445997410879	-0.04083803427579323	-0.02143746499429765	-0.01618059933428553	-0.028149403409118028	0.006700918193502237	0.025622840396750127	-0.02390813525244366	-0.04003277561018072	0.01688031890229857	-0.009043095770495023	-0.006551230982401736	0.0031725627907344656	-0.024450370755933565	0.006718068592585696	0.021962527687824744	-0.02558907552604685	-0.003415015129253424	0.001930890142361321	-0.0070226993697673394	-0.002602237475933465	0.010038816667270833	0.0032333744100767935	-0.010220172706504483	0.00041149433036991685	0.0018479987641777142	-0.0027090883001244857	-0.008406766487514651	-0.012010298570704599	-0.0038583862754442773	-0.0038881023477541393	0.007995100356204675	0.00204377897098609	-0.0015618849502181695	-0.0	0.0	0.0	0.0	0.0	0.0	0.0	0.0	0.0	0.0	0.0	0.0	0.0	0.0	0.0	0.0	0.0	0.0	0.0	0.0	0.0	0.0	0.0	0.0	0.0	0.0	0.0	0.0	0.0	0.0	0.0	0.0	0.0	0.0	0.0	0.0	0.0	0.0	0.0	0.0	0.0	0.0	0.0	0.0	0.0	0.0	0.0	0.0	0.0	0.0	0.0	0.0	0.0	0.0	0.0	0.0	0.0	0.0	0.0	0.0	0.0	0.0	0.0	0.0	0.0	0.0	0.0	0.0	0.0	0.0	0.0	0.0	0.0	0.0	0.0	0.0	0.0	0.0	0.0	0.0	0.0	0.0	0.0	0.0	0.0	0.0	0.0	0.0	0.0	0.0	0.0	0.0	0.0	0.0	0.0	0.0	0.0	0.0	0.0	0.0	0.0	0.0	0.0	0.0	0.0	0.0	0.0	0.0	0.0	0.0	0.0	0.0	0.0	0.0	0.0	0.0	0.0	0.0	0.0	0.0	0.0
S2017t2_E11-T2a-Male	-0.3097198600704488	0.23639633225412168	0.1743597354256697	-0.03251071124124304	0.04846723430285369	-0.07163165388068948	-0.029649705756109455	-0.03317561288935577	-0.04436397026926324	0.08305017269056203	0.06158558701385401	-0.012179114940501678	0.005141493818933964	0.053008993025066065	0.030383251652574255	-0.034323994220463686	0.009439277935872549	0.005385773448822927	0.007217658627170404	-0.055216611739786634	0.06511369436955267	0.0024656639863301012	0.022607670603744252	-0.02074230166308424	-0.024684176411929	0.0520644739565687	0.009148063844711415	-0.0005958857800391989	-0.045056049190492616	-0.00838226997489938	0.008512536314757164	-0.013918632867146959	-0.02434331910686286	0.008114065704284652	0.0355068775532401	0.04125988012736902	0.013996918842679078	0.018761131227222415	-0.009202279216957607	-0.023146747413745863	-0.02224914933439301	0.0082989826449791	-0.004110375530712933	0.002428364294098972	0.015440053045742022	-0.006243888832448905	-0.008568919475333227	-0.02525296922453051	-0.010478588960390292	-0.012818154803937023	0.0030501933834857597	-0.015520192866387634	-0.010964788768397106	0.004849055823031138	0.027483924495350174	0.002519696646839117	-0.010804128242203155	0.0218667701329374	0.004477138276902091	0.01102441883169333	0.004577683514737353	-0.00011346490695632152	-0.016392279280463943	0.008584315820600364	0.005675390484736774	-0.011545891047469928	0.004339770269221781	-0.0037636822006755213	-0.003274259514649569	0.006155902990252781	-0.00011342168109459382	-0.0028701491260636797	-0.0006451675572052006	-0.0022288422202444745	-0.0011247842315088763	-0.0	0.0	0.0	0.0	0.0	0.0	0.0	0.0	0.0	0.0	0.0	0.0	0.0	0.0	0.0	0.0	0.0	0.0	0.0	0.0	0.0	0.0	0.0	0.0	0.0	0.0	0.0	0.0	0.0	0.0	0.0	0.0	0.0	0.0	0.0	0.0	0.0	0.0	0.0	0.0	0.0	0.0	0.0	0.0	0.0	0.0	0.0	0.0	0.0	0.0	0.0	0.0	0.0	0.0	0.0	0.0	0.0	0.0	0.0	0.0	0.0	0.0	0.0	0.0	0.0	0.0	0.0	0.0	0.0	0.0	0.0	0.0	0.0	0.0	0.0	0.0	0.0	0.0	0.0	0.0	0.0	0.0	0.0	0.0	0.0	0.0	0.0	0.0	0.0	0.0	0.0	0.0	0.0	0.0	0.0	0.0	0.0	0.0	0.0	0.0	0.0	0.0	0.0	0.0	0.0	0.0	0.0	0.0	0.0	0.0	0.0	0.0	0.0	0.0	0.0	0.0	0.0	0.0	0.0	0.0	0.0
S2017t2_E11-T2b-Female	-0.19387879782214013	0.26087747770994235	0.17134419133615186	0.1100280657995	-0.0894446471997529	0.014552796565350584	0.003729270899692471	0.019501739174856234	0.021549883225011553	-0.04726451793293677	0.03139751130539438	-0.017678202105134558	-0.019601190054661505	0.009976092778386209	0.045087604891856606	0.03233577627520805	-0.01897912035334027	0.03603255420879437	0.002214610513753988	-0.0250204641463071	0.006976908992264915	0.01556088259163484	-0.07914132686680249	0.03190956241594272	-0.005334244158342511	0.0789182899907102	-0.020497293579019214	0.010614579478646843	-0.02102831051399928	-0.05529041300737054	-0.027813303721100396	-0.04034216421631174	-0.004936737093662911	-0.011885296604824635	0.006988683641868502	-0.010877563590948802	-6.729676628681823e-08	-0.0005899886862500563	-0.02636516536745422	-0.01550903707356497	0.03957212050478361	-0.03169423872779109	0.018554767766248835	-0.01572210394711942	0.0026638845044075856	-0.0005575349296682879	0.00534986025428727	0.011128674829003376	-0.0012598399093352484	0.008690531319129098	-0.00647606224053505	-0.022331219326040774	5.1935503805603786e-05	0.004697955913451753	-0.011031358993852207	-0.00926494193725408	-0.005958546805572497	-0.01664366226636323	-0.005289068396274891	-0.004380962280871866	0.025609709239494245	-0.005952533193298374	0.0026950779217369443	0.005968700880040229	-0.010804326503696327	0.004643238755895906	0.002619086169377226	0.015066132088863296	-0.009051288489372021	-0.01255275885396563	0.0032190546052196407	0.004755107207622171	0.001617038332599138	-0.004984401211254251	-0.0009108853275004809	-0.0	0.0	0.0	0.0	0.0	0.0	0.0	0.0	0.0	0.0	0.0	0.0	0.0	0.0	0.0	0.0	0.0	0.0	0.0	0.0	0.0	0.0	0.0	0.0	0.0	0.0	0.0	0.0	0.0	0.0	0.0	0.0	0.0	0.0	0.0	0.0	0.0	0.0	0.0	0.0	0.0	0.0	0.0	0.0	0.0	0.0	0.0	0.0	0.0	0.0	0.0	0.0	0.0	0.0	0.0	0.0	0.0	0.0	0.0	0.0	0.0	0.0	0.0	0.0	0.0	0.0	0.0	0.0	0.0	0.0	0.0	0.0	0.0	0.0	0.0	0.0	0.0	0.0	0.0	0.0	0.0	0.0	0.0	0.0	0.0	0.0	0.0	0.0	0.0	0.0	0.0	0.0	0.0	0.0	0.0	0.0	0.0	0.0	0.0	0.0	0.0	0.0	0.0	0.0	0.0	0.0	0.0	0.0	0.0	0.0	0.0	0.0	0.0	0.0	0.0	0.0	0.0	0.0	0.0	0.0	0.0
S2017t2_E11-T2b-Male	-0.28872187585931314	0.29123520975515005	0.001649581239789309	0.14886299134274403	0.02696181179789275	0.009089238493762624	-0.01641482237397232	0.026428336136913422	0.12099617892214551	0.004386860708327183	-0.05493707209696181	0.013706909701329187	0.03129802169969266	0.13565379147770396	0.03155945919035626	-0.03962251193385282	0.033910467579579474	-0.036816870836461145	0.022028754917972765	0.025125782501791153	0.02993462514128079	-0.012542151623028644	-0.017258405340211676	-0.010267371777451377	-0.014037851800116049	-0.029687101974880257	-0.024835887151222997	-0.0067215891415265345	0.025950283246183738	0.011813000613859755	0.007031785886334477	-0.006892065035176479	0.03711738646597791	0.01027157659892733	-0.015303353515834997	-0.01532966848661694	0.011311932346301155	0.00972787175978235	0.007995316337732221	-0.0030453169404850875	0.007245769732603375	-0.0018655439993544244	0.002029246888376874	0.005729153035992122	0.004274613191941634	0.009984606019170724	0.0017017472749866383	0.0051996072269800886	0.01489901199796835	-0.008569315308063359	-0.0017139594466881556	-0.005508184159894292	0.008729845550353343	-0.002746414408071756	-0.0016658692478366869	0.012450038328004648	0.018399131717855392	0.013177338809341538	-0.00047268594316252224	-0.002276752817165628	-0.006500065819261011	0.009922444084755318	0.02229475709637786	0.011508505921892157	-0.0036641786614197715	-0.008642756627723042	0.010750944337063688	-0.0054679727369377285	0.022780700918567123	-0.004523324851349641	0.005739935595488812	0.009457660462225044	-0.0006771848368893041	0.007930754372877607	4.9749366936152254e-05	-0.0	0.0	0.0	0.0	0.0	0.0	0.0	0.0	0.0	0.0	0.0	0.0	0.0	0.0	0.0	0.0	0.0	0.0	0.0	0.0	0.0	0.0	0.0	0.0	0.0	0.0	0.0	0.0	0.0	0.0	0.0	0.0	0.0	0.0	0.0	0.0	0.0	0.0	0.0	0.0	0.0	0.0	0.0	0.0	0.0	0.0	0.0	0.0	0.0	0.0	0.0	0.0	0.0	0.0	0.0	0.0	0.0	0.0	0.0	0.0	0.0	0.0	0.0	0.0	0.0	0.0	0.0	0.0	0.0	0.0	0.0	0.0	0.0	0.0	0.0	0.0	0.0	0.0	0.0	0.0	0.0	0.0	0.0	0.0	0.0	0.0	0.0	0.0	0.0	0.0	0.0	0.0	0.0	0.0	0.0	0.0	0.0	0.0	0.0	0.0	0.0	0.0	0.0	0.0	0.0	0.0	0.0	0.0	0.0	0.0	0.0	0.0	0.0	0.0	0.0	0.0	0.0	0.0	0.0	0.0	0.0
S2017t2_E13-T2a-Female	-0.13102088354277014	0.3683295807118526	0.13591934403541212	0.2512054567065378	-0.10202429379755427	0.0588735189193674	-0.09161014294716228	0.007560476563336938	0.01688854691832792	0.0302549836145394	0.003611456390378586	-0.07461623009069313	0.03782819639532025	0.02182629315333028	-0.07365985157799385	0.026036208721727655	0.01354789953657119	0.0484455015459698	-0.012078874066789251	-0.04524011698275904	0.01937197066569113	0.050621442242701084	-0.004935534599402524	0.0010371850660961415	0.05425092647918128	-0.007153275987547838	0.020560854362182277	0.012482615029884169	0.036516391366344124	-0.04689919909342672	-0.031134277032255374	-0.005045131127488769	0.011120217989009827	0.0030446087701770084	-0.021591649724210914	-0.043793831505818476	-0.028174346718345684	-0.007162045844057214	-0.006451227495587026	0.024091009185748514	0.012686014073518506	-0.03234883029199713	0.0013422013504532228	0.002535747330816804	0.007066440963720253	0.0018906578699589296	0.006172427084789925	-0.008017013046642084	0.0029603533443359306	-0.01395417484388879	0.0032648323867117478	0.007936953232307427	-0.0025140233844634908	-0.017440894581637417	0.006466886477150245	-0.004592220176915957	0.0012529614081622411	0.026898768884340302	0.022726006504674198	0.0009073406946272335	-0.022199562511473217	0.013586916054252341	-0.014910445493473964	-0.007895777920745787	-0.002718190351845145	0.0022629272625795567	-0.004108944197805923	0.002647706251724379	0.012385567646631377	0.0031396532676906726	0.007339895499412529	-0.005287972721067563	-0.005355275050239598	0.004099764011729899	0.0012459043371294443	-0.0	0.0	0.0	0.0	0.0	0.0	0.0	0.0	0.0	0.0	0.0	0.0	0.0	0.0	0.0	0.0	0.0	0.0	0.0	0.0	0.0	0.0	0.0	0.0	0.0	0.0	0.0	0.0	0.0	0.0	0.0	0.0	0.0	0.0	0.0	0.0	0.0	0.0	0.0	0.0	0.0	0.0	0.0	0.0	0.0	0.0	0.0	0.0	0.0	0.0	0.0	0.0	0.0	0.0	0.0	0.0	0.0	0.0	0.0	0.0	0.0	0.0	0.0	0.0	0.0	0.0	0.0	0.0	0.0	0.0	0.0	0.0	0.0	0.0	0.0	0.0	0.0	0.0	0.0	0.0	0.0	0.0	0.0	0.0	0.0	0.0	0.0	0.0	0.0	0.0	0.0	0.0	0.0	0.0	0.0	0.0	0.0	0.0	0.0	0.0	0.0	0.0	0.0	0.0	0.0	0.0	0.0	0.0	0.0	0.0	0.0	0.0	0.0	0.0	0.0	0.0	0.0	0.0	0.0	0.0	0.0
S2017t2_E13-T2a-Male	-0.23149961230676305	0.2673237001452949	-0.1549512659217258	0.21215881224202585	-0.04483880489022387	0.05623110350506501	-0.05075571366724075	0.012538972275278726	0.1138247136187418	-0.04560863233819271	-0.0923599666369912	-0.0026546220303091312	0.03961296500600962	-0.00485654428294809	-0.0643199922825238	0.010423110308106902	0.03736570434625482	0.007004388914130582	-0.023831687724265475	0.06073889679915252	-0.01857961931712535	0.033668952287378144	0.038148006822217306	0.03801585739756821	0.0164393903313767	0.007429704992456132	0.01693230899895978	-0.007658777678650967	-0.008724717556564714	-0.025903771061829055	0.03312487584526972	-0.02107079812982934	-0.013309419114450079	0.00788578660962495	0.020164910333358883	-0.016962692814808302	-0.07095570207687013	-0.03282527362391701	0.007669624218333295	-0.017367446538568157	0.0012471780447136905	0.027692658669066315	-0.031296216777711376	0.020139979989861688	0.010436592783564097	0.008698537149560533	-0.010795895325096635	-0.001788456058913217	-0.016774599949148657	0.014951333163069784	-0.018671185535893513	-0.016715046332458947	-0.029587440608059904	-0.0025718311810496723	0.0023253087080657344	0.02305778044230392	-0.009003558957898523	-0.004392365978528537	-0.028548871513445238	-0.0033780310072679238	-0.021634852341554777	-0.003523438530531565	0.007789297720689316	-0.018426054307254924	0.014083761700412466	0.00624949473121067	0.0009696182038071387	-0.008663066540415685	0.0005924944374565867	-0.002756760262154265	-0.0006857465698947373	-0.0076693432125513935	-0.003381372821285405	0.0035344746987607833	-0.001704398801695267	-0.0	0.0	0.0	0.0	0.0	0.0	0.0	0.0	0.0	0.0	0.0	0.0	0.0	0.0	0.0	0.0	0.0	0.0	0.0	0.0	0.0	0.0	0.0	0.0	0.0	0.0	0.0	0.0	0.0	0.0	0.0	0.0	0.0	0.0	0.0	0.0	0.0	0.0	0.0	0.0	0.0	0.0	0.0	0.0	0.0	0.0	0.0	0.0	0.0	0.0	0.0	0.0	0.0	0.0	0.0	0.0	0.0	0.0	0.0	0.0	0.0	0.0	0.0	0.0	0.0	0.0	0.0	0.0	0.0	0.0	0.0	0.0	0.0	0.0	0.0	0.0	0.0	0.0	0.0	0.0	0.0	0.0	0.0	0.0	0.0	0.0	0.0	0.0	0.0	0.0	0.0	0.0	0.0	0.0	0.0	0.0	0.0	0.0	0.0	0.0	0.0	0.0	0.0	0.0	0.0	0.0	0.0	0.0	0.0	0.0	0.0	0.0	0.0	0.0	0.0	0.0	0.0	0.0	0.0	0.0	0.0
S2017t2_E13-T2b-Female	-0.05769011605797073	0.20283436195079657	0.13800379243201485	0.12359757515388367	-0.2231623203234724	-0.02198489246187373	-0.039647951843434	-0.017554655339455497	-0.06573338438527047	-0.02316737715735824	0.04541302838971791	-0.020780626542509287	-0.06049745167059669	-0.07653021652365188	0.020332589005019188	0.029739495994720064	-0.07258343578050425	0.012236104491495292	0.008047698070406183	-0.04333261430842939	-0.03983630995230962	-0.06437874246379853	0.025921628086576717	0.020467914714841853	-0.027533889391430373	-0.0004521388204759181	0.04681414722185005	0.026672177527338508	0.004062940824167297	0.008344783558687955	-0.016077890281074134	-0.024893853972682404	-0.0057016010916473014	0.029210838487226606	-0.0005792263417410584	0.022867010606991662	0.008508168796882036	0.0003305529090515727	-0.013690804844084702	0.016202640417935964	0.03698866174014355	-0.005857786604510543	-0.04325581618982286	0.01281349670651759	-0.0013446356118027353	0.01340711935969582	-0.028108165623797542	-0.003595366088360614	-0.0012919817423662993	-0.00715605544894882	-0.007751177629849849	0.0042872312158002725	-0.004085743179004824	-0.004426193109622902	-0.017344069141939766	0.012549017647643247	-0.0061428534126957545	-0.0063888028912008265	-0.028371746123118366	-0.02276538129489103	-0.0026506630049242036	-0.001959944814682423	0.0049012497970798135	-0.011150802351334128	0.007239044312162367	-0.02029439249546981	-0.005006930174580684	0.0030872265927685306	0.007268978199872968	0.004603977134973396	0.005711436930406579	0.0015935631128073968	0.0022033705190745807	0.00053079794105363	-0.002719277737178387	-0.0	0.0	0.0	0.0	0.0	0.0	0.0	0.0	0.0	0.0	0.0	0.0	0.0	0.0	0.0	0.0	0.0	0.0	0.0	0.0	0.0	0.0	0.0	0.0	0.0	0.0	0.0	0.0	0.0	0.0	0.0	0.0	0.0	0.0	0.0	0.0	0.0	0.0	0.0	0.0	0.0	0.0	0.0	0.0	0.0	0.0	0.0	0.0	0.0	0.0	0.0	0.0	0.0	0.0	0.0	0.0	0.0	0.0	0.0	0.0	0.0	0.0	0.0	0.0	0.0	0.0	0.0	0.0	0.0	0.0	0.0	0.0	0.0	0.0	0.0	0.0	0.0	0.0	0.0	0.0	0.0	0.0	0.0	0.0	0.0	0.0	0.0	0.0	0.0	0.0	0.0	0.0	0.0	0.0	0.0	0.0	0.0	0.0	0.0	0.0	0.0	0.0	0.0	0.0	0.0	0.0	0.0	0.0	0.0	0.0	0.0	0.0	0.0	0.0	0.0	0.0	0.0	0.0	0.0	0.0	0.0
S2017t2_E13-T2b-Male	-0.32008647331438755	0.17477929431873884	-0.016306611498090817	-0.05876526153132409	0.06271779035237006	-0.09481041031948372	-0.04080810828464589	-0.04082635536590143	-0.013876976764324858	0.06117678955628539	-0.03367835212277873	0.016415212515368434	0.012796701000734902	0.0180643759690872	0.008656026079897034	-0.048298544690231475	0.008633373829712446	0.0622715862311479	0.0019996563501308807	0.0062505301855274855	-0.045816041281314675	-0.051225923810225664	0.01240306876507525	-0.0010472346399623986	0.009823418182181855	0.04313503644172835	-0.044047051335606685	0.01099383168640016	-0.034374757714889626	-0.009772471212599186	-0.03484996055882957	-0.028339173676576155	-0.0012077290477170558	-0.019862205552710198	-0.0013984145850638213	-0.006772104918077006	-0.0014700192625587524	0.007391061716848327	0.002972744385149766	-0.029216115615965925	0.026916921518962782	0.0018497778800185857	0.01729590267307317	-0.003989150275589637	0.03167676750983469	0.02973703002367359	0.021249017859984478	-0.01655504977771577	-0.007588184760257644	-0.03353821110893624	0.027380533665935944	0.013589845308329072	0.00028908285393386125	-0.018550267624864652	-0.0077056385813173405	0.004444083575933642	0.013957066096030481	-0.00033794818650547157	0.004214830925670241	-0.005143157090324582	-0.0006750835555729581	0.0021199047599036102	-0.005124803670631472	-0.0186490508241019	0.004241126408151643	0.019493571510148053	-0.017071350158737744	-0.01115132975768717	0.005176924631204422	-0.0025490568213101072	0.009258642229561222	0.013810757020416517	0.006485204070068749	0.0014322125040925413	0.00730225074196726	-0.0	0.0	0.0	0.0	0.0	0.0	0.0	0.0	0.0	0.0	0.0	0.0	0.0	0.0	0.0	0.0	0.0	0.0	0.0	0.0	0.0	0.0	0.0	0.0	0.0	0.0	0.0	0.0	0.0	0.0	0.0	0.0	0.0	0.0	0.0	0.0	0.0	0.0	0.0	0.0	0.0	0.0	0.0	0.0	0.0	0.0	0.0	0.0	0.0	0.0	0.0	0.0	0.0	0.0	0.0	0.0	0.0	0.0	0.0	0.0	0.0	0.0	0.0	0.0	0.0	0.0	0.0	0.0	0.0	0.0	0.0	0.0	0.0	0.0	0.0	0.0	0.0	0.0	0.0	0.0	0.0	0.0	0.0	0.0	0.0	0.0	0.0	0.0	0.0	0.0	0.0	0.0	0.0	0.0	0.0	0.0	0.0	0.0	0.0	0.0	0.0	0.0	0.0	0.0	0.0	0.0	0.0	0.0	0.0	0.0	0.0	0.0	0.0	0.0	0.0	0.0	0.0	0.0	0.0	0.0	0.0
S2017t2_E14-T2a-Female	-0.11622779646787007	0.21844708676867194	-0.08838949147842914	0.19348897290068012	-0.20869818512061789	-0.04399856412608119	-0.08577195173714226	0.012067583630230984	0.05151976383392406	0.04942580313564451	0.03716701000119611	0.03139089498037856	-0.0033405924112176956	0.03434832516217312	-0.03854782341788356	0.005293168460719413	-0.0020700859123078327	0.030528910538939885	0.10532206936892284	0.01794367452786224	0.030002094310686577	-0.052803784980950154	0.01908796235052646	-0.0023225423607502664	0.034087193428065	-0.0040599306905353925	-0.006261127150229833	-0.011833155276341762	-0.004041150724328911	0.03755662336653084	-0.0186045940972314	0.018849018890098896	-0.0013396598794707245	-0.0403537189665779	-0.028455990379458878	0.003081902646558352	0.01610994468106465	0.010680707813240181	-0.01808562021089896	-0.0032033425405435328	-0.030040637165149223	-0.027888304647576693	0.02351921600498255	-0.009514995248724853	-0.0173248452682654	-0.0019996071985747695	-0.0015105134238329525	0.010063171379454384	-0.0022373282829596442	-0.005520469196484647	-0.009089546868060556	-0.02377212457593737	-0.004601131466294018	0.005731024088114837	-0.010655044041334332	-0.02262940046437281	-0.0009344637365664369	-0.005136899031261691	-0.02216536923295569	0.007758618542938704	-0.007069385604140479	0.003728250742897221	0.0029035734677636703	-0.002543930323125873	-0.0014471645159156894	-0.0010773301676592858	-0.005359176721677033	0.002498751779647223	0.00815507182709854	0.0008774569171339075	-0.0003056747284966657	0.005535377167186451	-0.0033252632038296387	-0.0015832819229530473	0.006040722693575359	-0.0	0.0	0.0	0.0	0.0	0.0	0.0	0.0	0.0	0.0	0.0	0.0	0.0	0.0	0.0	0.0	0.0	0.0	0.0	0.0	0.0	0.0	0.0	0.0	0.0	0.0	0.0	0.0	0.0	0.0	0.0	0.0	0.0	0.0	0.0	0.0	0.0	0.0	0.0	0.0	0.0	0.0	0.0	0.0	0.0	0.0	0.0	0.0	0.0	0.0	0.0	0.0	0.0	0.0	0.0	0.0	0.0	0.0	0.0	0.0	0.0	0.0	0.0	0.0	0.0	0.0	0.0	0.0	0.0	0.0	0.0	0.0	0.0	0.0	0.0	0.0	0.0	0.0	0.0	0.0	0.0	0.0	0.0	0.0	0.0	0.0	0.0	0.0	0.0	0.0	0.0	0.0	0.0	0.0	0.0	0.0	0.0	0.0	0.0	0.0	0.0	0.0	0.0	0.0	0.0	0.0	0.0	0.0	0.0	0.0	0.0	0.0	0.0	0.0	0.0	0.0	0.0	0.0	0.0	0.0	0.0
S2017t2_E14-T2a-Male	-0.16590643379185252	0.09827678565685817	0.3673038212586561	-0.11699287207989699	-0.06609550830789843	0.012297246791818296	0.01142799309683607	0.08951123570096113	-0.05790426083772579	-0.08400419438524188	0.012491075377847195	0.010659755809278684	0.06692309286834483	-0.025121441067423797	0.020940746196675186	0.02289063569284327	-0.0471915961482243	-0.09022813820433993	-0.017853941372272863	0.06798008623018008	0.001754554861905915	0.027272223636572356	0.002237725764477871	-0.015707365026713223	0.09480815564375689	-0.03297209288306233	-0.025688439876026346	-0.008794468139137184	-0.02543874821477547	0.05413379969441677	-0.015300506266290209	-0.003002546625315766	-0.030101330609554954	0.029280660896929874	-0.009910565472452337	-0.016677160526373334	-0.015485333315674312	0.03543081679857696	-0.012997591281880164	0.007766366841744873	0.039306577702863124	0.009594648433887786	0.016225406835083774	-0.0040999800477733075	0.04405985725830882	0.006624092579208298	0.007126379491704616	0.018579947841141184	-0.004421117303259862	-0.011990273429467395	-0.00020015088211268375	-0.0142846135304264	-0.01628803493503554	-0.01705259166155381	0.01132487922869723	-0.004043107902365711	-0.0057213649409556	-0.0057635512772210365	0.003967990075875385	-0.00862036930445924	-0.0138383153400167	-0.020719163489542718	0.0001330804176363482	0.006188288190316485	-0.006123447824364204	-0.00040590267663945804	-0.0067633314137723	-0.004132291902762021	0.0017787204629400415	-0.0083989225157171	0.003634361040465454	0.0023602070758403466	-0.0012331154193896876	-0.00018281681997730145	-9.25329479921012e-06	-0.0	0.0	0.0	0.0	0.0	0.0	0.0	0.0	0.0	0.0	0.0	0.0	0.0	0.0	0.0	0.0	0.0	0.0	0.0	0.0	0.0	0.0	0.0	0.0	0.0	0.0	0.0	0.0	0.0	0.0	0.0	0.0	0.0	0.0	0.0	0.0	0.0	0.0	0.0	0.0	0.0	0.0	0.0	0.0	0.0	0.0	0.0	0.0	0.0	0.0	0.0	0.0	0.0	0.0	0.0	0.0	0.0	0.0	0.0	0.0	0.0	0.0	0.0	0.0	0.0	0.0	0.0	0.0	0.0	0.0	0.0	0.0	0.0	0.0	0.0	0.0	0.0	0.0	0.0	0.0	0.0	0.0	0.0	0.0	0.0	0.0	0.0	0.0	0.0	0.0	0.0	0.0	0.0	0.0	0.0	0.0	0.0	0.0	0.0	0.0	0.0	0.0	0.0	0.0	0.0	0.0	0.0	0.0	0.0	0.0	0.0	0.0	0.0	0.0	0.0	0.0	0.0	0.0	0.0	0.0	0.0
S2017t2_E14-T2b-Female	-0.15852073555854387	0.3382627711999198	-0.014089001532079905	0.2580836127270136	-0.08510794087025422	0.030121424001196367	-0.07491277211122127	0.007282811393169749	0.04921735034942799	0.0472787634509792	-0.04024370710124184	-0.005438969081253736	0.07040241312107728	0.07156821898009207	-0.10898693109256033	0.018968469436532975	0.045208135935081675	0.028517567614624255	-0.001442711939586205	0.014053921018967798	-0.03407859809959425	-0.02887991038695402	0.00105427894582369	-0.012716605585472664	0.060104724471925094	-0.04046854885816047	0.023798149867170097	-1.6626146143393614e-05	0.0010389163108953038	0.03137239516549952	0.015377117073284019	0.014032318890621566	-0.03096161570368429	-0.02084139376095062	-0.015404947586369658	-0.003486595577896144	-0.04062425625262466	0.012277700337580147	0.010318171418028647	0.041941338966164005	-0.0013015406893268065	-0.0012575886265418683	-0.008321019864528012	0.016285267667002216	-0.0018500432548833239	0.023315692688248558	0.003428277959787069	-0.00032551754047736576	0.006878393417762612	0.0049722026635877995	-0.004440489846113815	-0.0038689173151168423	-0.0018524369340192695	0.022945124255122736	0.007191662470269681	0.0128819722344418	0.011162231100006886	0.008052289108050902	-0.008294597624054365	-0.0038346159741213487	0.029219983093556622	-0.005795133755738323	0.005683356815450982	-0.0004694209081302751	-0.006828480587706904	-0.002782201252491824	0.00970482759313649	-0.0035270048535496305	-0.005377199900577503	0.019481673210811894	-0.0007636008702633861	0.01227170174983507	-0.0013712592747065	-0.002194055747363651	-0.0015068595298729798	-0.0	0.0	0.0	0.0	0.0	0.0	0.0	0.0	0.0	0.0	0.0	0.0	0.0	0.0	0.0	0.0	0.0	0.0	0.0	0.0	0.0	0.0	0.0	0.0	0.0	0.0	0.0	0.0	0.0	0.0	0.0	0.0	0.0	0.0	0.0	0.0	0.0	0.0	0.0	0.0	0.0	0.0	0.0	0.0	0.0	0.0	0.0	0.0	0.0	0.0	0.0	0.0	0.0	0.0	0.0	0.0	0.0	0.0	0.0	0.0	0.0	0.0	0.0	0.0	0.0	0.0	0.0	0.0	0.0	0.0	0.0	0.0	0.0	0.0	0.0	0.0	0.0	0.0	0.0	0.0	0.0	0.0	0.0	0.0	0.0	0.0	0.0	0.0	0.0	0.0	0.0	0.0	0.0	0.0	0.0	0.0	0.0	0.0	0.0	0.0	0.0	0.0	0.0	0.0	0.0	0.0	0.0	0.0	0.0	0.0	0.0	0.0	0.0	0.0	0.0	0.0	0.0	0.0	0.0	0.0	0.0
S2017t2_E14-T2b-Male	-0.27851752457387846	0.10737233409059653	0.010372630140167297	-0.09954633121736206	-0.07544650351129671	-0.13747140605549588	-0.04396337834966043	0.011214642902869781	-0.0528916711119796	0.10320669561297599	0.06105679883802827	0.11289390943414275	0.006939525024662127	0.037630011495246626	-0.01877273709688736	-0.002615766026254985	0.0034181836483528614	-0.06415490749356996	0.013877081597089851	0.0216801396784077	0.038038536817456114	-0.04976555534062049	0.05151999537918129	-0.017606371550479942	-0.006406747668050472	-0.007995003963892357	0.007885905844812878	0.005345544775280189	-0.01065071987923394	0.03946954255836287	0.042975087313981	0.026454734322174586	-0.011191227037969043	-0.019019818778721654	-0.010819744088733414	0.016825156129824263	-0.03498612466264883	-0.020549086513886254	-0.01853099093330211	0.03214159718370344	0.019570706896523474	0.007712558234141409	-0.009502909692977415	0.02067242220401792	-0.02213581840524504	4.088764773068682e-05	0.009156650453797661	0.010738917970672978	0.012427503162419659	-0.0025974667997051815	-0.005545196512599142	-0.021619600203241846	-0.007323071818890427	0.02104447754016654	-0.02414426335786443	0.006049647180492661	-0.0091828097409588	-0.0038796390123515454	0.010921351194166387	0.0009858260389767554	0.01573502439283675	0.012138349217951403	0.013561904475458684	-0.002314714495351059	-0.010354639278230273	0.010466664575635937	-0.0009562494037377685	-0.0003352543982847331	0.002003998782350271	0.0014835177500830213	0.010515916464922857	0.005158395854475974	0.002051824804260642	0.0024776496721914615	-0.00029319953895991073	-0.0	0.0	0.0	0.0	0.0	0.0	0.0	0.0	0.0	0.0	0.0	0.0	0.0	0.0	0.0	0.0	0.0	0.0	0.0	0.0	0.0	0.0	0.0	0.0	0.0	0.0	0.0	0.0	0.0	0.0	0.0	0.0	0.0	0.0	0.0	0.0	0.0	0.0	0.0	0.0	0.0	0.0	0.0	0.0	0.0	0.0	0.0	0.0	0.0	0.0	0.0	0.0	0.0	0.0	0.0	0.0	0.0	0.0	0.0	0.0	0.0	0.0	0.0	0.0	0.0	0.0	0.0	0.0	0.0	0.0	0.0	0.0	0.0	0.0	0.0	0.0	0.0	0.0	0.0	0.0	0.0	0.0	0.0	0.0	0.0	0.0	0.0	0.0	0.0	0.0	0.0	0.0	0.0	0.0	0.0	0.0	0.0	0.0	0.0	0.0	0.0	0.0	0.0	0.0	0.0	0.0	0.0	0.0	0.0	0.0	0.0	0.0	0.0	0.0	0.0	0.0	0.0	0.0	0.0	0.0	0.0
S2017t2_E16-T2a-Female	-0.12003424675235132	0.28606113261789756	0.04020528188960043	0.2253154405687757	-0.10290004953817701	0.09704336862023079	0.0847936795139477	0.05611616606308172	-0.036139415533582846	0.10711494069800145	0.07087475324678696	0.029207594022508634	0.023948480738740847	-0.01416930537502789	-0.11717470491407875	-0.04765364516386666	0.0012180964770685933	0.06742109979432422	0.006034792901422412	-0.06862349433761834	-0.0341746322710275	0.026569578701519825	-0.006328736921574184	0.03376709308031118	0.02921085687838184	-0.019774201042075116	0.008585676186703963	0.04048192697525434	-0.037713830271251705	0.013769195720301483	0.003431392559609886	0.020554243529032457	-0.004719167644389488	-0.0008275811294801594	0.014216136886548181	-0.0031493346995034293	0.015318705163373606	-0.006646501761056044	-0.0048573519949023855	-0.021246448745619366	-0.016310374331838018	0.010129652950535311	0.0019232760032346118	-0.02117454061430564	-0.007156515349466417	-0.023703723262335687	0.01899741136864061	0.020738909954130434	-0.00041051126291542333	0.03789936194160329	0.008046981796913027	0.0278636570812256	0.006955521249214996	0.002976896748596179	-0.009393930917857464	-0.011288326000695922	-0.02399568454379426	-0.0025474089406877427	0.0017454550581762495	-0.000651152930089914	-0.016875263840885626	-0.006609247509180204	0.0019120405700640947	0.014173974068502133	0.011839605932071852	-0.0027281424956251956	0.006348915073799739	0.002116631083098797	0.004184172043009805	0.0006206752778203046	-0.006461667309621779	-0.002958573101041188	0.0012528043685230634	-0.0005903636685506481	-0.0009053979395190598	-0.0	0.0	0.0	0.0	0.0	0.0	0.0	0.0	0.0	0.0	0.0	0.0	0.0	0.0	0.0	0.0	0.0	0.0	0.0	0.0	0.0	0.0	0.0	0.0	0.0	0.0	0.0	0.0	0.0	0.0	0.0	0.0	0.0	0.0	0.0	0.0	0.0	0.0	0.0	0.0	0.0	0.0	0.0	0.0	0.0	0.0	0.0	0.0	0.0	0.0	0.0	0.0	0.0	0.0	0.0	0.0	0.0	0.0	0.0	0.0	0.0	0.0	0.0	0.0	0.0	0.0	0.0	0.0	0.0	0.0	0.0	0.0	0.0	0.0	0.0	0.0	0.0	0.0	0.0	0.0	0.0	0.0	0.0	0.0	0.0	0.0	0.0	0.0	0.0	0.0	0.0	0.0	0.0	0.0	0.0	0.0	0.0	0.0	0.0	0.0	0.0	0.0	0.0	0.0	0.0	0.0	0.0	0.0	0.0	0.0	0.0	0.0	0.0	0.0	0.0	0.0	0.0	0.0	0.0	0.0	0.0
S2017t2_E16-T2a-Male	-0.07010742744518217	0.28573195412009555	0.3349368035568261	0.11125931457711011	-0.11785048460962168	0.0799852559316573	-0.06291156156683549	0.05757490677352759	-0.0971214735500693	-0.03476820840225935	0.019942489525333083	-0.07519603561645917	0.010139521226683141	-0.16375207904035138	0.032535374035445395	0.008098229196142444	-0.032974494615127296	-0.0920691644332003	-0.06573660876794847	0.08465744114935073	-0.05581268868706123	-0.07768039629100025	0.0590133073146222	0.015284788244916735	-0.03241616602790156	-0.02319685344797485	-0.026867355921839402	0.004409380278488143	-0.033702887405529014	0.0387877691720716	0.012046730523737134	0.04287893652234	-0.028042616795672153	-0.013595291818758355	-0.020494239260620817	-0.005018079693737232	-0.006583736608138112	0.0325830662223988	-0.006524147370034137	0.017499386650662512	-0.010504119534441468	-0.028990699948994714	-0.029941646537188046	-0.01124496664927803	-0.014756407247080588	-0.03422100515636876	0.016798725184928368	0.020719090349822028	-0.00987047843229549	-0.0028832995016934196	0.0033630144190810183	0.012568025208373976	-0.001937477784169433	0.00732832336127357	-0.0018497644737323557	-0.0019801542182413326	-0.008540377565183279	0.009825092993509785	0.01540374856055085	0.005845334571634153	0.0067373430041633075	0.008154861871165353	0.003392063985910808	0.0034171847453812808	0.001570681471841721	0.011244658803738889	0.004429096190904455	0.0058912038294414975	-0.0022419094968271283	-0.0026560529234470414	-0.0042556654677431026	0.0015921212452400006	0.0017130863972987611	-0.0001292009809285994	-0.0015160727270090296	-0.0	0.0	0.0	0.0	0.0	0.0	0.0	0.0	0.0	0.0	0.0	0.0	0.0	0.0	0.0	0.0	0.0	0.0	0.0	0.0	0.0	0.0	0.0	0.0	0.0	0.0	0.0	0.0	0.0	0.0	0.0	0.0	0.0	0.0	0.0	0.0	0.0	0.0	0.0	0.0	0.0	0.0	0.0	0.0	0.0	0.0	0.0	0.0	0.0	0.0	0.0	0.0	0.0	0.0	0.0	0.0	0.0	0.0	0.0	0.0	0.0	0.0	0.0	0.0	0.0	0.0	0.0	0.0	0.0	0.0	0.0	0.0	0.0	0.0	0.0	0.0	0.0	0.0	0.0	0.0	0.0	0.0	0.0	0.0	0.0	0.0	0.0	0.0	0.0	0.0	0.0	0.0	0.0	0.0	0.0	0.0	0.0	0.0	0.0	0.0	0.0	0.0	0.0	0.0	0.0	0.0	0.0	0.0	0.0	0.0	0.0	0.0	0.0	0.0	0.0	0.0	0.0	0.0	0.0	0.0	0.0
S2017t2_E16-T2b-Female	-0.26691333753207186	0.282183835516382	-0.003988483312967889	0.16104482893581343	0.008838161257352949	0.011482466880953458	-0.01793176944410148	0.02390513616256392	0.12430642713107824	-0.007073468641779214	-0.06236784871894795	0.012440185565061435	0.02973000433794288	0.13052615304929258	0.020231921809814226	-0.027704042648807266	0.039502095721608094	-0.011153455551702617	0.02205400065334377	0.030907187384168828	0.007385601181636263	-0.0145084895080228	-0.0348503041521148	0.009318596778578712	-0.0010346590163118044	-0.02048549549801312	-0.033589735051522816	-0.001296736529083732	0.023009288079504187	0.004648632610504712	0.0007122994833811412	-0.008630214755495032	0.01279850646287318	-0.006869001694561902	-0.012483777118218173	-0.029480877635952595	0.0021265657211873845	-0.0021270572487551496	-0.008498330698402305	0.022955289913910472	0.017035286602991594	-0.015696943585169293	-0.021388071523016274	-0.005573980876619715	0.003831702830843693	0.009484711769425943	0.014108754941724389	-0.02538422680623263	0.004666103177566448	-0.009225745516447661	0.009161582416815469	0.004254905091469298	0.015917100940536024	0.005778570482835689	0.010695925114613552	-0.007151077837296193	-0.0016900469782200412	0.005879870717777955	-0.009590313503901202	0.011433308185319704	0.0009695547176696312	0.008885259875232764	-0.02191063826719287	-0.015473519909196907	0.020953709924268694	0.005896994365076988	-0.006745315705140979	0.0036151255647299874	-0.021875775876418077	-0.0017371622065678746	-0.007003905520038816	-0.012812157696404754	0.0001001455595916672	-0.011518465230906574	-0.0020874343418852033	-0.0	0.0	0.0	0.0	0.0	0.0	0.0	0.0	0.0	0.0	0.0	0.0	0.0	0.0	0.0	0.0	0.0	0.0	0.0	0.0	0.0	0.0	0.0	0.0	0.0	0.0	0.0	0.0	0.0	0.0	0.0	0.0	0.0	0.0	0.0	0.0	0.0	0.0	0.0	0.0	0.0	0.0	0.0	0.0	0.0	0.0	0.0	0.0	0.0	0.0	0.0	0.0	0.0	0.0	0.0	0.0	0.0	0.0	0.0	0.0	0.0	0.0	0.0	0.0	0.0	0.0	0.0	0.0	0.0	0.0	0.0	0.0	0.0	0.0	0.0	0.0	0.0	0.0	0.0	0.0	0.0	0.0	0.0	0.0	0.0	0.0	0.0	0.0	0.0	0.0	0.0	0.0	0.0	0.0	0.0	0.0	0.0	0.0	0.0	0.0	0.0	0.0	0.0	0.0	0.0	0.0	0.0	0.0	0.0	0.0	0.0	0.0	0.0	0.0	0.0	0.0	0.0	0.0	0.0	0.0	0.0
S2017t2_E16-T2b-Male	-0.30784382716063213	0.11954444808369044	0.024298473048195723	-0.14509817388700477	0.05341925078604787	-0.1231689427952613	-0.031898918824818545	-0.0443212685672745	-0.09695438171752965	0.10190076151381808	-0.03276240919547321	0.06302052460760675	0.03201055818605802	0.03095699552317592	-0.06307291350703431	0.02238660776674903	0.05654138360847122	-0.02285901527962528	-0.011878754781281736	0.06748694017882043	-0.04233353885241623	-0.08360376022404488	-0.016218912870259485	0.018475770470418644	-0.01217729653950273	-0.010349377959550161	0.024949644200890835	0.003194522468216986	-0.01095383764418937	0.027973556481147167	-0.0019157915412219128	0.010176792085668912	0.016899462925348788	0.01772148066739941	-0.008243846018245106	-0.04020974413532843	-0.0064633941043811234	-0.003230800424129396	-0.0006101688287895514	0.014068247688962799	-0.0032557415331111355	-0.009215914436541255	-0.011729692591272595	-0.004561801727392351	-0.007489508755764139	0.0042124865612864085	0.03513775817131146	0.031024137455993094	-0.006361664657515082	0.023116685503812327	5.97772079119787e-05	0.013536737944171855	0.011066697081956895	-0.008112297126307112	0.013840020134141384	0.0057027874773434685	0.017990798777674084	-0.011452186955597927	-0.001475304898372791	-0.011969676397036895	-0.003011946138830217	0.004746653094426305	-0.003565694259956974	0.009488854619296872	0.007473304720770937	-0.0011329589853826553	0.008344193368731746	-0.005010692251864535	0.0006770966463756152	-0.0011484556785385492	-0.013328242359134537	-0.010445254420343261	-0.0007863571452251778	-0.0032531765600267897	-0.000212817813202601	-0.0	0.0	0.0	0.0	0.0	0.0	0.0	0.0	0.0	0.0	0.0	0.0	0.0	0.0	0.0	0.0	0.0	0.0	0.0	0.0	0.0	0.0	0.0	0.0	0.0	0.0	0.0	0.0	0.0	0.0	0.0	0.0	0.0	0.0	0.0	0.0	0.0	0.0	0.0	0.0	0.0	0.0	0.0	0.0	0.0	0.0	0.0	0.0	0.0	0.0	0.0	0.0	0.0	0.0	0.0	0.0	0.0	0.0	0.0	0.0	0.0	0.0	0.0	0.0	0.0	0.0	0.0	0.0	0.0	0.0	0.0	0.0	0.0	0.0	0.0	0.0	0.0	0.0	0.0	0.0	0.0	0.0	0.0	0.0	0.0	0.0	0.0	0.0	0.0	0.0	0.0	0.0	0.0	0.0	0.0	0.0	0.0	0.0	0.0	0.0	0.0	0.0	0.0	0.0	0.0	0.0	0.0	0.0	0.0	0.0	0.0	0.0	0.0	0.0	0.0	0.0	0.0	0.0	0.0	0.0	0.0
S2017t2_E17-T2a-Female	-0.24030522192145531	0.2313357803908805	0.07374125811411185	0.07073187545737497	-0.05491688364961079	-0.025251984490182143	-0.007578807597281608	0.02354690588478706	0.024996782814288337	-0.02257653189989023	0.020346547860680166	0.07302579761830195	0.031046666374774122	0.0724468301052155	-0.011085860041869367	0.0009945259841727264	-0.002565993793742253	0.01319585775126192	-0.03709757165773997	-0.05955514496371959	0.006641753343857791	0.03348211745271652	-0.05964271694472837	-0.008905914614615425	0.01140073209954589	0.0017890530477115308	-0.013326930051277972	0.027939542649815	-0.04517916969778741	0.019470072503135528	0.009772555732988368	0.014265481591371901	0.01086809343077186	-0.0013867519648295538	0.009599469286693122	0.0032682038070228374	0.014836209618391038	0.018986958119392907	0.014592931238901761	-0.04169420409695729	-0.031163090230055333	0.01948660874625462	0.031178975425726823	-0.013896441820644296	0.01813461249234729	-0.011893041363329712	-0.0006046304539572816	0.006413045853779503	0.007924384249665963	0.04760773475037886	-0.0071814370932459974	0.01097841667579367	-0.009895236461453953	-0.006961941925220244	-0.008826764776482556	0.0077297567128205074	-0.00991854520718241	-0.007438558104142922	0.00036509140681811766	0.0028342510354568396	-0.0017973738306925778	-0.0066600027935275995	0.012244609830960339	-0.010923700865941176	0.0056332346195098575	0.003406739661498907	-0.01672606010835261	-0.0020046325808119668	0.0020468070182122016	0.009746838440685055	-0.004902023023221111	0.00034817655617616644	-0.0011507821483711833	0.0008402751301957031	0.0014413934655237762	-0.0	0.0	0.0	0.0	0.0	0.0	0.0	0.0	0.0	0.0	0.0	0.0	0.0	0.0	0.0	0.0	0.0	0.0	0.0	0.0	0.0	0.0	0.0	0.0	0.0	0.0	0.0	0.0	0.0	0.0	0.0	0.0	0.0	0.0	0.0	0.0	0.0	0.0	0.0	0.0	0.0	0.0	0.0	0.0	0.0	0.0	0.0	0.0	0.0	0.0	0.0	0.0	0.0	0.0	0.0	0.0	0.0	0.0	0.0	0.0	0.0	0.0	0.0	0.0	0.0	0.0	0.0	0.0	0.0	0.0	0.0	0.0	0.0	0.0	0.0	0.0	0.0	0.0	0.0	0.0	0.0	0.0	0.0	0.0	0.0	0.0	0.0	0.0	0.0	0.0	0.0	0.0	0.0	0.0	0.0	0.0	0.0	0.0	0.0	0.0	0.0	0.0	0.0	0.0	0.0	0.0	0.0	0.0	0.0	0.0	0.0	0.0	0.0	0.0	0.0	0.0	0.0	0.0	0.0	0.0	0.0
S2017t2_E17-T2a-Male	-0.324676500673367	0.18428623505196878	-0.068286251258606	-0.013599405004436063	0.01588564133171253	-0.07455725680684544	-0.039298076694161535	-0.0047875980313011645	0.019443004774507985	0.022196925810512306	-0.030744875391303005	0.06166156358168167	0.03271300308939124	0.026558000131063	-0.003655181051103189	-0.028142300478008746	-0.02474288836500813	0.021328982774853084	-0.02305252583127516	0.0018924339986488856	-0.040628447958006776	-0.0028214206062872446	0.05531253106320072	-0.02192316118544433	0.037026841316748896	0.035326552351266284	-0.013598417260870738	-0.008291605654881963	-0.022763053686268336	-0.008177406241000246	0.0023142616956210115	-0.03951752991657383	0.01994360141724906	0.020796947126328996	-0.003577199436243807	-0.006262422655989525	0.02990989693191195	-0.0035262921994570666	-0.021990079958063676	-0.062281702313429665	0.00937235248050044	0.0010765099914763	0.0188372546892387	0.004713743086906835	0.013422427582532764	-0.0009752374924223502	-0.014277893737353588	0.03547669023262655	0.010421899937399236	0.013525947779126819	-0.0025544151013686804	0.01697386468964607	0.0039517919203682665	0.009568226775778236	0.0015465477187223832	-0.01802659295994021	0.007456558556746093	0.00793798833443508	-0.009007051682382342	0.002187211379419075	0.0032889716738459113	-0.01018933495036473	-0.008183125768858882	0.0007419471808404103	-0.01763742926721673	-0.006536600499294265	-0.0002837529615471319	0.0022577223193666965	-0.01528860677444245	0.001769172041546092	-0.01056858982252492	-0.00491112954325383	-0.005829186378789261	-0.005616631358322866	-0.002385098526683976	-0.0	0.0	0.0	0.0	0.0	0.0	0.0	0.0	0.0	0.0	0.0	0.0	0.0	0.0	0.0	0.0	0.0	0.0	0.0	0.0	0.0	0.0	0.0	0.0	0.0	0.0	0.0	0.0	0.0	0.0	0.0	0.0	0.0	0.0	0.0	0.0	0.0	0.0	0.0	0.0	0.0	0.0	0.0	0.0	0.0	0.0	0.0	0.0	0.0	0.0	0.0	0.0	0.0	0.0	0.0	0.0	0.0	0.0	0.0	0.0	0.0	0.0	0.0	0.0	0.0	0.0	0.0	0.0	0.0	0.0	0.0	0.0	0.0	0.0	0.0	0.0	0.0	0.0	0.0	0.0	0.0	0.0	0.0	0.0	0.0	0.0	0.0	0.0	0.0	0.0	0.0	0.0	0.0	0.0	0.0	0.0	0.0	0.0	0.0	0.0	0.0	0.0	0.0	0.0	0.0	0.0	0.0	0.0	0.0	0.0	0.0	0.0	0.0	0.0	0.0	0.0	0.0	0.0	0.0	0.0	0.0
S2017t2_E17-T2b-Female	-0.1386218611437087	0.2574443400573938	-0.1902386211017104	0.23591876423646188	-0.1183734822949292	0.01357629057717917	-0.09070764420444952	-0.0030067503506955805	0.070266698555256	0.015453317791321551	-0.06317978124700116	0.013467435316037725	0.017326602951393252	-0.0008498842277778419	-0.09821618823237815	0.006812257660383991	-0.017233191405158874	0.021576424104874974	0.03258845593443381	0.02958415058258792	-0.0468266613973597	-0.00825694345829815	0.04961238243983275	-0.034260535048499595	0.00441959050617517	-0.0585281452824156	-0.015601952916235177	0.024373269167062474	0.04949712403970204	-0.015515901389560353	-0.050071235936906995	-0.024083116198119946	0.0018398483069970231	0.04385783209419305	-0.02714483820731689	-0.035012450469691016	-0.01801616278407277	0.018678115898501112	-0.00799565691147155	-0.02911626354287493	-0.02375801982949419	-0.0024018870220430745	-0.018964762528260907	-0.009869201391292104	0.01916083417241565	0.002638432408185234	0.00041887650736109746	-0.04344536001561082	0.012537174998690484	-0.018804843428775125	0.019089639437876497	-0.01377313815986393	0.0009865534157438183	0.005180661047387302	0.0015839537900648444	0.014957539703276748	-0.004768596097227847	-0.0006765520131776034	-0.00568255977039756	0.012562260479222567	0.014233187131543765	-0.012048909804565253	-0.0022983542645314907	0.007241713903911589	0.0037237129747390765	-0.010341344615955539	0.0019074080649775622	0.00425705487123136	-0.006714414138370432	-0.0011233047684874903	0.004411907335759696	0.00035959527526767767	0.002172146511812606	-0.0025791538004700095	-0.0007365688868159651	-0.0	0.0	0.0	0.0	0.0	0.0	0.0	0.0	0.0	0.0	0.0	0.0	0.0	0.0	0.0	0.0	0.0	0.0	0.0	0.0	0.0	0.0	0.0	0.0	0.0	0.0	0.0	0.0	0.0	0.0	0.0	0.0	0.0	0.0	0.0	0.0	0.0	0.0	0.0	0.0	0.0	0.0	0.0	0.0	0.0	0.0	0.0	0.0	0.0	0.0	0.0	0.0	0.0	0.0	0.0	0.0	0.0	0.0	0.0	0.0	0.0	0.0	0.0	0.0	0.0	0.0	0.0	0.0	0.0	0.0	0.0	0.0	0.0	0.0	0.0	0.0	0.0	0.0	0.0	0.0	0.0	0.0	0.0	0.0	0.0	0.0	0.0	0.0	0.0	0.0	0.0	0.0	0.0	0.0	0.0	0.0	0.0	0.0	0.0	0.0	0.0	0.0	0.0	0.0	0.0	0.0	0.0	0.0	0.0	0.0	0.0	0.0	0.0	0.0	0.0	0.0	0.0	0.0	0.0	0.0	0.0
S2017t2_E17-T2b-Male	-0.36157020304858334	0.2008937169658052	-0.1799225757485611	0.10294733143259058	-0.02263934829729372	0.03207229981175764	-0.03419479842122676	0.039236765971812526	0.13098971279861324	-0.09142203104214644	-0.033418888342154035	0.04204645498642812	0.04931390670493374	0.04629396670493684	-0.03988779075054322	0.021944528584189337	-0.013560862468736078	-0.041296918781040144	-0.06210187440838942	-0.022205411877349767	0.019536638616214408	0.06109003539504747	-0.0038256349310056654	0.007537608898602088	0.01709390644490418	-0.062396891329833074	0.025583605537967458	0.00698911706138408	0.012028472793115978	0.033508860880771936	-0.009723072563277741	-0.012021552621836799	0.002308727387763056	0.06272685062908531	-0.015264851997073742	-0.036085237071682964	-0.025316086144816615	0.05425022138740757	0.024101040147749914	0.04361429163224227	-0.024960345900887262	0.009312164801212736	-0.0070349392773367625	0.017488358593850256	-0.0025661683828022384	0.014104059369176029	0.02775543045191937	-0.013606757214446924	-0.006719745967516113	-0.02083185857702556	0.010580673523698349	-0.006429275125589032	0.001323302416671565	0.009009473598164404	0.036839170299288716	0.0017250586817160935	-0.003289345075918933	-0.012692361530566975	-0.004740954491731407	-0.024387350267334212	0.008740393168025044	-0.002240037449569434	-0.003099419275559953	0.009167338268252846	-0.003021447110830337	0.0005564959460075039	0.0013006734063306497	0.008474103270752355	-0.0034622693787219054	0.006919219648417618	-0.0038065730658631133	0.004143492646795725	-0.0001381502783001352	-0.0010596424842458459	0.00517670721521028	-0.0	0.0	0.0	0.0	0.0	0.0	0.0	0.0	0.0	0.0	0.0	0.0	0.0	0.0	0.0	0.0	0.0	0.0	0.0	0.0	0.0	0.0	0.0	0.0	0.0	0.0	0.0	0.0	0.0	0.0	0.0	0.0	0.0	0.0	0.0	0.0	0.0	0.0	0.0	0.0	0.0	0.0	0.0	0.0	0.0	0.0	0.0	0.0	0.0	0.0	0.0	0.0	0.0	0.0	0.0	0.0	0.0	0.0	0.0	0.0	0.0	0.0	0.0	0.0	0.0	0.0	0.0	0.0	0.0	0.0	0.0	0.0	0.0	0.0	0.0	0.0	0.0	0.0	0.0	0.0	0.0	0.0	0.0	0.0	0.0	0.0	0.0	0.0	0.0	0.0	0.0	0.0	0.0	0.0	0.0	0.0	0.0	0.0	0.0	0.0	0.0	0.0	0.0	0.0	0.0	0.0	0.0	0.0	0.0	0.0	0.0	0.0	0.0	0.0	0.0	0.0	0.0	0.0	0.0	0.0	0.0
S2017t2_E19-T2a-Female	-0.2021043325421018	0.12832109088297242	0.17706077917595853	-0.0388548647130436	-0.05943166067054076	-0.05325272402646624	-0.0009735820787957907	0.010222964467627106	-0.08257200092454726	-0.0067594804801523285	0.06529981107612705	0.050464635241364096	-0.006091397245323803	0.009791061578660672	0.018687302948226073	0.04176711170470812	-0.017961174179182297	-0.02274048698297674	-0.026968075919981314	0.0004906266117032416	-0.034915345989338875	0.042422539838503706	-0.02154762697002801	-0.04431034158814251	0.00803948254178065	0.00746423468569705	0.015428440801950449	-0.02799736409612167	0.004605382320269467	-0.04598917638845123	-0.020871101315683416	-0.0068558749537484314	-0.0003736731659003646	0.01824197528460287	-0.008395595848915536	-0.04905209183520991	-0.028086004731415423	-0.008275166541227655	0.007192053076382901	-0.006371011029108065	-0.0454383101505462	-0.017691991197045783	0.004728093347696767	-0.008252605847530195	-0.043646237499815076	-0.01593506924732637	-0.007242743946026285	0.01836583641753535	-0.013398260454079524	-0.01929035274534962	-0.008724931399817315	0.006978309121747036	0.0014825259824677917	-0.021422803250578444	0.024672311263434575	0.009846387569728863	0.014112567607327823	0.0013954202482414615	-0.014621570775921956	-0.0004892406028954824	0.01990482719477802	0.0050786798654131665	0.0003538956974806749	-0.008945456569095562	0.001626762638548728	0.007397473901626763	0.00453999031212181	0.015377589681071547	0.00971411466374127	0.003993300647383614	-0.0030826675862960047	-0.0006461369657695582	0.0007811756840458132	-0.008894022507402736	0.0008596211980386094	-0.0	0.0	0.0	0.0	0.0	0.0	0.0	0.0	0.0	0.0	0.0	0.0	0.0	0.0	0.0	0.0	0.0	0.0	0.0	0.0	0.0	0.0	0.0	0.0	0.0	0.0	0.0	0.0	0.0	0.0	0.0	0.0	0.0	0.0	0.0	0.0	0.0	0.0	0.0	0.0	0.0	0.0	0.0	0.0	0.0	0.0	0.0	0.0	0.0	0.0	0.0	0.0	0.0	0.0	0.0	0.0	0.0	0.0	0.0	0.0	0.0	0.0	0.0	0.0	0.0	0.0	0.0	0.0	0.0	0.0	0.0	0.0	0.0	0.0	0.0	0.0	0.0	0.0	0.0	0.0	0.0	0.0	0.0	0.0	0.0	0.0	0.0	0.0	0.0	0.0	0.0	0.0	0.0	0.0	0.0	0.0	0.0	0.0	0.0	0.0	0.0	0.0	0.0	0.0	0.0	0.0	0.0	0.0	0.0	0.0	0.0	0.0	0.0	0.0	0.0	0.0	0.0	0.0	0.0	0.0	0.0
S2017t2_E19-T2a-Male	-0.169097206047086	0.04008239739815876	0.13668888928656725	0.04444053037970769	-0.0127665844400744	-0.1079104579280511	0.021633706076071377	0.005006138049710054	-0.11292706941246881	-0.04467364364272293	0.061113703203166794	0.03412292558721539	-0.020444367552132404	0.07262848672002721	0.0915122569450972	0.06157851396532948	0.06058736965883588	0.02942648593814667	-0.015146045869906206	0.03297045741544017	-0.04380738846890838	0.053780371075490545	-0.01665772530039553	-0.03305017184030424	0.011287782452074556	-0.03470304447317577	0.013579387806009825	-0.03129858783534902	-0.012989358443081741	0.0417456916716052	-0.0017554443718438616	0.022790111755885602	0.026110782494052198	0.0002366996894223683	0.003903993211733644	-0.005978042562078296	0.002890839454925019	-0.0044807725448026145	-0.00739396648309368	0.0004749325769797204	-0.05436345586103207	0.000785126047671596	-0.012776973662647254	-0.00917900699566414	0.0038206100230681983	0.009883360355413718	0.0367800559184121	-0.00036718779081395056	-0.04968799021067901	0.005030326723992308	0.01407420863042013	0.0012817696366073173	-0.03493975744215152	0.03266806592719358	-0.00741644616482939	-0.008798599174780498	-0.0072584756956129625	-0.008642293214905748	-0.0017679327873348259	-0.017831873410533442	-0.012040246045764156	-0.006944376476304023	-0.008809155327632325	-0.006990026883902795	0.014094625651111735	0.0011292722430192876	0.006633163604342436	0.006695662026260769	-0.00657422631901909	-0.0059554852414277415	0.002677360802505688	0.009066667986701828	-0.006847697664642472	0.0046890322556841935	-0.0007382431901266339	-0.0	0.0	0.0	0.0	0.0	0.0	0.0	0.0	0.0	0.0	0.0	0.0	0.0	0.0	0.0	0.0	0.0	0.0	0.0	0.0	0.0	0.0	0.0	0.0	0.0	0.0	0.0	0.0	0.0	0.0	0.0	0.0	0.0	0.0	0.0	0.0	0.0	0.0	0.0	0.0	0.0	0.0	0.0	0.0	0.0	0.0	0.0	0.0	0.0	0.0	0.0	0.0	0.0	0.0	0.0	0.0	0.0	0.0	0.0	0.0	0.0	0.0	0.0	0.0	0.0	0.0	0.0	0.0	0.0	0.0	0.0	0.0	0.0	0.0	0.0	0.0	0.0	0.0	0.0	0.0	0.0	0.0	0.0	0.0	0.0	0.0	0.0	0.0	0.0	0.0	0.0	0.0	0.0	0.0	0.0	0.0	0.0	0.0	0.0	0.0	0.0	0.0	0.0	0.0	0.0	0.0	0.0	0.0	0.0	0.0	0.0	0.0	0.0	0.0	0.0	0.0	0.0	0.0	0.0	0.0	0.0
S2017t2_E19-T2b-Female	-0.2228078940391432	0.16495073458495177	-0.08410915487972065	0.11009010034374916	-0.1439428785629177	-0.056466573237838755	-0.049342815475955065	0.05879822966708742	0.11180536320600229	0.025389096048897438	0.022153720912533082	0.11087504548971458	0.005809531167218492	0.07754633161086188	0.0044734734880650115	-0.02494896626748996	-0.001050704377183092	-0.03424226333554499	-0.002323389774589781	0.021487065250169093	0.044202829987588524	-0.041084384369377905	-0.0036114722051033394	0.059065170336045095	-0.005574069333195367	0.007136014874867136	-0.034128543624227466	-0.0024523485989168046	-0.011638018353368708	0.0037294687628992955	-0.017611066240431978	0.027449383569712802	-0.0037906797554735313	0.007884024466739047	-0.009368627004680071	0.0007144624194695666	0.026179872729878585	-0.02869290549546473	-0.010345361566603728	0.022714613349882114	0.017685270362178155	-0.042753256822461436	0.01591592327040416	-0.014230417697119021	-0.009977936524577713	2.0647096818179546e-05	0.019400132630818603	0.02318343718838333	-0.025880791332610915	0.006747441147217139	-0.002930923439387419	0.03510830822039205	0.013510649299631408	-0.01581315472712208	0.004388115228199175	-0.02112778473625682	0.00930841208424369	-0.0009134815390395977	-0.004905732722438998	0.006039203698654606	-0.013276060131563837	-0.007442809320659246	0.0022909353166103963	0.0014878692094795643	0.014513530012272857	0.0012393152355782903	0.008202793833435978	0.0024719045230401117	0.002556492783412236	-0.010787572188516475	-0.001296553063045138	-0.006637977195628863	0.00278082661962492	0.002009469996639078	-0.002743766556410723	-0.0	0.0	0.0	0.0	0.0	0.0	0.0	0.0	0.0	0.0	0.0	0.0	0.0	0.0	0.0	0.0	0.0	0.0	0.0	0.0	0.0	0.0	0.0	0.0	0.0	0.0	0.0	0.0	0.0	0.0	0.0	0.0	0.0	0.0	0.0	0.0	0.0	0.0	0.0	0.0	0.0	0.0	0.0	0.0	0.0	0.0	0.0	0.0	0.0	0.0	0.0	0.0	0.0	0.0	0.0	0.0	0.0	0.0	0.0	0.0	0.0	0.0	0.0	0.0	0.0	0.0	0.0	0.0	0.0	0.0	0.0	0.0	0.0	0.0	0.0	0.0	0.0	0.0	0.0	0.0	0.0	0.0	0.0	0.0	0.0	0.0	0.0	0.0	0.0	0.0	0.0	0.0	0.0	0.0	0.0	0.0	0.0	0.0	0.0	0.0	0.0	0.0	0.0	0.0	0.0	0.0	0.0	0.0	0.0	0.0	0.0	0.0	0.0	0.0	0.0	0.0	0.0	0.0	0.0	0.0	0.0
S2017t2_E19-T2b-Male	-0.16065570800405868	0.14383512517213143	0.13232673897507738	0.04124515556863159	-0.12076741673486688	-0.029014278106036788	-0.0035263986726674058	0.027553342226952274	-0.027404948307719716	-0.03661732283741755	0.07758170264677135	0.08871193161258989	-0.03193775466784402	0.003575301785908244	0.012362394389884512	0.055537438036362186	-0.026110147245936355	-0.04786318883857787	-0.028537624098340677	-0.0005271367048912904	-0.03148966371598819	-0.004003193339993856	-0.05054447745543137	0.010094650409597374	-0.07662952337960385	0.02397736176537158	-0.001840846065939993	0.017292287463708273	0.03586454223920925	-0.04796527042569669	-0.032291648369376404	0.014498763974005036	-0.007949388982281353	0.04102525097857041	0.026460624453680096	-0.02020154592836155	0.016455133508205468	-0.005631544842896914	-0.012839855779992417	0.0022670439115103566	-0.02850572545373739	-0.008254577957803365	-0.02304573281850246	-0.022925251974798118	-0.021713000460597636	0.000730420795280474	-0.01150035982215852	-0.031197698851822782	0.01765515410722607	-0.0049719803038213665	0.0055883645748448915	0.01194377041051705	-0.0042695397138752395	-0.0013839968643084926	0.011181698079928063	-0.0032218590528274816	0.0008344371373442827	-0.001837716820889298	0.00355923142860565	0.011964419697785257	0.007186224424223751	-0.0010977159837548052	-0.00832025546966321	0.01822188586061026	0.0021034519331993118	0.013719873846878613	-0.013008818715022063	-0.014982158512449169	-0.0010726321998330809	0.001864197743307715	0.0017666299865485263	0.006408380098876614	0.0004159317051427742	0.0040033387762209195	-0.00171306381675953	-0.0	0.0	0.0	0.0	0.0	0.0	0.0	0.0	0.0	0.0	0.0	0.0	0.0	0.0	0.0	0.0	0.0	0.0	0.0	0.0	0.0	0.0	0.0	0.0	0.0	0.0	0.0	0.0	0.0	0.0	0.0	0.0	0.0	0.0	0.0	0.0	0.0	0.0	0.0	0.0	0.0	0.0	0.0	0.0	0.0	0.0	0.0	0.0	0.0	0.0	0.0	0.0	0.0	0.0	0.0	0.0	0.0	0.0	0.0	0.0	0.0	0.0	0.0	0.0	0.0	0.0	0.0	0.0	0.0	0.0	0.0	0.0	0.0	0.0	0.0	0.0	0.0	0.0	0.0	0.0	0.0	0.0	0.0	0.0	0.0	0.0	0.0	0.0	0.0	0.0	0.0	0.0	0.0	0.0	0.0	0.0	0.0	0.0	0.0	0.0	0.0	0.0	0.0	0.0	0.0	0.0	0.0	0.0	0.0	0.0	0.0	0.0	0.0	0.0	0.0	0.0	0.0	0.0	0.0	0.0	0.0
S2017t2_E23-T2a-Female	-0.24813069606350335	0.07342896918692686	-0.05953820692943832	0.0287289227701686	0.014002133731217425	-0.09449972663253965	-0.016553531881908636	0.000532402947397331	-0.031189916257730762	-0.005677309872174897	0.02230860392500263	0.07677574250131122	-0.013880432364263253	0.014593400466739749	0.07350976333579365	-0.023693185871673836	-0.01012829630027555	0.0022838056129634208	-0.06068901964899937	0.022117165118943273	-0.10647715784148347	-0.01932715180586869	0.060448863669753314	-0.013724397508200616	-0.04719575907533021	-0.041657892476834636	-0.029771002401960744	-0.031058650181062793	-0.0015823395660072143	-0.03611100031210418	-0.0314711663573115	-0.019002493202159635	0.011444127364652588	0.01501029248424365	0.01346359286354929	0.00024789206933015977	0.03006864744910824	-0.025541956564428682	0.038726935151882434	0.004303435402503757	-0.007199637745842789	0.02599815345423371	0.028636121112908152	0.044394325838055256	0.002832949600395402	0.005567655237836083	-0.03302095927779626	-0.008306591592577121	0.008913374204412348	-0.01693057965114413	-0.0229580957533493	-0.006759147080581247	-0.027429010713538055	0.007461338185368323	-0.013679519368874432	0.015078625176223976	0.0034773943325324378	-0.005987763106298796	0.019710851167521658	0.012226432559295055	-0.02294404619514099	0.0007858907200643006	0.012071116295183253	0.008610221653272509	-0.003181717374336736	-0.004601106861722521	-0.0024676741041026	0.022497764747847555	0.0037324791298591555	0.0017674122114338556	-0.007363026774116145	-0.0026485266224030497	0.006542931454781329	0.001339189425667332	-0.0014762393973726067	-0.0	0.0	0.0	0.0	0.0	0.0	0.0	0.0	0.0	0.0	0.0	0.0	0.0	0.0	0.0	0.0	0.0	0.0	0.0	0.0	0.0	0.0	0.0	0.0	0.0	0.0	0.0	0.0	0.0	0.0	0.0	0.0	0.0	0.0	0.0	0.0	0.0	0.0	0.0	0.0	0.0	0.0	0.0	0.0	0.0	0.0	0.0	0.0	0.0	0.0	0.0	0.0	0.0	0.0	0.0	0.0	0.0	0.0	0.0	0.0	0.0	0.0	0.0	0.0	0.0	0.0	0.0	0.0	0.0	0.0	0.0	0.0	0.0	0.0	0.0	0.0	0.0	0.0	0.0	0.0	0.0	0.0	0.0	0.0	0.0	0.0	0.0	0.0	0.0	0.0	0.0	0.0	0.0	0.0	0.0	0.0	0.0	0.0	0.0	0.0	0.0	0.0	0.0	0.0	0.0	0.0	0.0	0.0	0.0	0.0	0.0	0.0	0.0	0.0	0.0	0.0	0.0	0.0	0.0	0.0	0.0
S2017t2_E23-T2a-Male	-0.21323407601380184	0.2800370877566811	-0.016502416198657367	0.2621185208064477	0.01593276153725037	0.038600480245473565	-0.04934306885342796	0.004078840456304767	0.11929230308829412	0.004041399120533098	-0.03370379143271646	-0.03929664955681565	0.04680770531477623	0.10819932012023237	0.0011459498293519257	-0.04827352752821601	0.1012463423881668	0.0207635967948735	0.017936251414068308	0.07186793897267485	-0.01933293082502431	-0.042252063429547654	0.04644402555524091	0.031740121021732466	-0.04313776575190928	-0.028682093810287426	-0.005361478768957643	-0.044885648761611385	0.006962076030173231	-0.010502068714239808	-0.012625390118553919	0.016686694930960002	-0.006412119077937586	0.031834668987828524	0.04130646839943152	-0.02678885817139204	-0.012094315731618024	-0.03494934318608743	0.006879599488487636	0.03141645334003438	-0.009307141080682594	-0.012554349604400711	0.03419137176567471	0.011209641903533964	-0.007261336147788075	0.014679580640255315	-0.018965861783154202	-0.027548544330786098	0.005631632975158787	0.017451881657319427	-0.0030502298882253355	-0.0006264534533070755	-0.005541347330063589	-0.01640357049607296	0.009536807542573243	0.004562216888799336	-0.013055911213158012	-0.02027797863856603	0.01700794419534671	-0.010483045712371186	0.014860668698364415	-0.005919428565243097	-0.015758834045874557	0.008404331763670357	-0.007286257982525678	-0.005805014011644473	-0.006039016917811491	0.0030573871530326555	0.0006949207821178205	0.0017144409534623033	0.0019254505687330847	0.003692848287342666	-7.838677545572656e-05	0.0023063090426328203	0.0008213994533557315	-0.0	0.0	0.0	0.0	0.0	0.0	0.0	0.0	0.0	0.0	0.0	0.0	0.0	0.0	0.0	0.0	0.0	0.0	0.0	0.0	0.0	0.0	0.0	0.0	0.0	0.0	0.0	0.0	0.0	0.0	0.0	0.0	0.0	0.0	0.0	0.0	0.0	0.0	0.0	0.0	0.0	0.0	0.0	0.0	0.0	0.0	0.0	0.0	0.0	0.0	0.0	0.0	0.0	0.0	0.0	0.0	0.0	0.0	0.0	0.0	0.0	0.0	0.0	0.0	0.0	0.0	0.0	0.0	0.0	0.0	0.0	0.0	0.0	0.0	0.0	0.0	0.0	0.0	0.0	0.0	0.0	0.0	0.0	0.0	0.0	0.0	0.0	0.0	0.0	0.0	0.0	0.0	0.0	0.0	0.0	0.0	0.0	0.0	0.0	0.0	0.0	0.0	0.0	0.0	0.0	0.0	0.0	0.0	0.0	0.0	0.0	0.0	0.0	0.0	0.0	0.0	0.0	0.0	0.0	0.0	0.0
S2017t2_E23-T2b-Female	-0.1929453702644423	0.05967717095121875	0.22664411052943376	0.0773249862617166	0.05896120024487702	-0.07025776399177885	0.014014546213549998	0.062372958129243296	-0.11111979825669945	-0.03547705587666585	0.10642471719391546	0.013995645568925422	-0.03764517003190085	0.06386804239354546	0.08419533881055044	0.03406898076613886	0.07671649073008042	-0.03659129715510425	-0.0640862524853695	0.034620782108035215	0.028353042184525907	0.08601431198687377	0.019751302411458335	0.004898790448452081	-0.06391252272286957	-0.03354408796908456	0.019443129168468742	-0.010955422693379223	0.05500355000472797	-0.009334172924917034	0.028436894093144063	0.012974476402919726	0.02230593782813062	-0.006832056756108652	-0.013550267547442187	-0.00467784779704911	-0.008956215366962878	-0.010584323800597338	0.0026690192197880843	0.011668849668070292	0.01025535276306433	-0.005692591274185451	0.03133559206831838	0.006696498134871943	0.01765825098754131	0.006070923865817321	0.0055901327807265835	-0.0060403478345182286	0.0034323511913432123	-0.0032951372235188554	-0.007032224875546818	0.001163420746386886	0.004609509057822433	-0.014173019842556731	-0.029544933572269227	-0.006429642962751962	-0.008995484632033817	-0.0019283826140297938	-0.012323284371237203	-0.0029468735004500616	-0.0030098021705766364	-0.003428131737024497	-0.002693107322931965	0.0011424759826063884	-0.007403317289145693	-0.0011149290074342214	-0.009587548841460368	-0.003449436235279851	0.003273534901142148	0.0021536989171602734	-0.003969955359975934	-0.010281226430279355	0.00874494187825545	-0.0029057715338185325	0.0020683133422290056	-0.0	0.0	0.0	0.0	0.0	0.0	0.0	0.0	0.0	0.0	0.0	0.0	0.0	0.0	0.0	0.0	0.0	0.0	0.0	0.0	0.0	0.0	0.0	0.0	0.0	0.0	0.0	0.0	0.0	0.0	0.0	0.0	0.0	0.0	0.0	0.0	0.0	0.0	0.0	0.0	0.0	0.0	0.0	0.0	0.0	0.0	0.0	0.0	0.0	0.0	0.0	0.0	0.0	0.0	0.0	0.0	0.0	0.0	0.0	0.0	0.0	0.0	0.0	0.0	0.0	0.0	0.0	0.0	0.0	0.0	0.0	0.0	0.0	0.0	0.0	0.0	0.0	0.0	0.0	0.0	0.0	0.0	0.0	0.0	0.0	0.0	0.0	0.0	0.0	0.0	0.0	0.0	0.0	0.0	0.0	0.0	0.0	0.0	0.0	0.0	0.0	0.0	0.0	0.0	0.0	0.0	0.0	0.0	0.0	0.0	0.0	0.0	0.0	0.0	0.0	0.0	0.0	0.0	0.0	0.0	0.0
S2017t2_E23-T2b-Male	-0.12213168648949897	0.1285409436102104	0.07076011229023528	0.3398102831628655	0.019099782581097197	-0.11686329483206741	-0.05802457464476024	0.10265762580485219	-0.10215400306456042	-0.03245601443758096	0.0606010159290644	0.019523043994673715	0.005732179963132831	0.004373263405763712	-0.028573852613594058	0.05423687273342138	0.07619279785367439	0.0761916607163082	-0.0756826341732774	-0.037863330291555586	-0.020293864141027046	-0.022045613939358215	0.014110675093787177	0.0454414898670387	-0.057435352029043416	0.03756173159289983	-0.0018114555680608078	0.012849991981145732	-0.0536154962758263	0.06210859603526072	0.03912974554309626	0.014560016417419715	-0.06572850605791992	-0.02997335751494032	-0.008201139592185812	0.034695868471456996	0.014151324494605384	0.016144541433160815	0.012101672956393753	-0.023262964656637197	0.01926449647689045	0.00038783354434724076	0.00809895970855516	0.013577124467153458	-0.00539623531468054	0.007207555462859813	-0.016848063107138198	0.011421874578542154	0.003281443445625191	0.008599727342096103	-0.0003056022898057104	-0.001626889659094645	0.0015765062478082705	-0.008625076361111246	0.020129474861675073	0.0039629142304084455	0.006486237789491752	0.003231285597414277	0.006223959866483557	-0.0051545427644394265	0.0024981403114794336	-0.008514277538667474	0.004057932934312759	-0.004549860701268485	-0.008161714001362808	0.0032508237961590054	-0.006888708899661081	-0.0030334321696324743	-0.0018547396886367707	-0.006893277241311077	0.0017118656052200623	0.0009834850491967162	0.000587116400468459	0.0016891394578204468	-0.00012210500984194994	-0.0	0.0	0.0	0.0	0.0	0.0	0.0	0.0	0.0	0.0	0.0	0.0	0.0	0.0	0.0	0.0	0.0	0.0	0.0	0.0	0.0	0.0	0.0	0.0	0.0	0.0	0.0	0.0	0.0	0.0	0.0	0.0	0.0	0.0	0.0	0.0	0.0	0.0	0.0	0.0	0.0	0.0	0.0	0.0	0.0	0.0	0.0	0.0	0.0	0.0	0.0	0.0	0.0	0.0	0.0	0.0	0.0	0.0	0.0	0.0	0.0	0.0	0.0	0.0	0.0	0.0	0.0	0.0	0.0	0.0	0.0	0.0	0.0	0.0	0.0	0.0	0.0	0.0	0.0	0.0	0.0	0.0	0.0	0.0	0.0	0.0	0.0	0.0	0.0	0.0	0.0	0.0	0.0	0.0	0.0	0.0	0.0	0.0	0.0	0.0	0.0	0.0	0.0	0.0	0.0	0.0	0.0	0.0	0.0	0.0	0.0	0.0	0.0	0.0	0.0	0.0	0.0	0.0	0.0	0.0	0.0
S2017t2_E30-T2a-Female	-0.08706705583111994	0.23996490581321286	0.12526841697131214	0.1443121919228403	-0.18822481877375868	-0.005590357826896142	-0.04474777706392649	0.0028351353968280504	-0.07037972140386248	0.002467652043196082	0.07376214954857624	-0.00974493916977311	-0.06028731402438797	-0.08356480349833002	0.0031787990849126884	0.04847334208870583	-0.08415184457101478	0.0021726905193841244	0.029287400013383216	-0.030088789414386193	-0.055929641928672974	-0.01925756185993203	0.015955476087464487	-0.003667565518279733	-0.044073534604205884	0.025580517865554438	0.05944050649829669	0.013182999151642434	0.03760079988463356	-0.007080293118623432	-0.021667741924682033	-0.02486147427997738	0.004971238669925171	-0.04873062498757266	0.02365700484195881	0.04166991217221036	-0.03079496260821836	-0.023873413297078042	0.04106747566620908	-0.011023441150123927	0.029534660511209048	0.03396033652502365	0.029089585734579648	0.0343276706680612	0.03262888253484763	0.01471328081690276	-0.006279318906190633	-0.010916852667630757	-0.005913088198472629	-0.0008589790231888536	-0.01382666455503235	0.004731945579675496	0.019136175647544263	0.001155186380556079	0.007968310191829074	-0.023405145404808696	0.013663904361625696	0.011048362090314963	0.00279386541547876	0.009572054003765906	-0.005156325297232872	-0.0005032136592956586	-0.0036468144752684795	0.013617338095452895	-0.0017167737374576106	0.010334311199612757	0.016591660888854855	-0.010856512925341857	-0.005606992871471535	0.00042468308067639165	-0.012713829203907909	0.0012618418229220021	-0.0030078680211051614	-0.0010793315589488891	0.0016724666364396536	-0.0	0.0	0.0	0.0	0.0	0.0	0.0	0.0	0.0	0.0	0.0	0.0	0.0	0.0	0.0	0.0	0.0	0.0	0.0	0.0	0.0	0.0	0.0	0.0	0.0	0.0	0.0	0.0	0.0	0.0	0.0	0.0	0.0	0.0	0.0	0.0	0.0	0.0	0.0	0.0	0.0	0.0	0.0	0.0	0.0	0.0	0.0	0.0	0.0	0.0	0.0	0.0	0.0	0.0	0.0	0.0	0.0	0.0	0.0	0.0	0.0	0.0	0.0	0.0	0.0	0.0	0.0	0.0	0.0	0.0	0.0	0.0	0.0	0.0	0.0	0.0	0.0	0.0	0.0	0.0	0.0	0.0	0.0	0.0	0.0	0.0	0.0	0.0	0.0	0.0	0.0	0.0	0.0	0.0	0.0	0.0	0.0	0.0	0.0	0.0	0.0	0.0	0.0	0.0	0.0	0.0	0.0	0.0	0.0	0.0	0.0	0.0	0.0	0.0	0.0	0.0	0.0	0.0	0.0	0.0	0.0
S2017t2_E30-T2a-Male	-0.23303228718158064	0.17861655015219607	0.23780222313353402	-0.053398750372957805	-0.02690987156176318	-0.035088563743060484	0.0010173961761232207	0.018244429767390866	-0.07108720860178173	-0.01754087192236835	0.05220202780842025	0.008702064934631309	-0.022808343121173223	-0.018307560034729144	0.04656257024459402	0.022106159402110952	-0.025600007088959147	-0.04941033103278584	-0.02051492921661551	0.004723089026175967	-0.004170992356756594	0.04567310601140292	-0.011783980053463785	-0.0575071768408113	0.013207296873635692	0.027217196832210397	0.021259671066280423	0.009224679850473306	0.021519849378271293	-0.02282528032854458	0.015493958723656208	-0.013363568898721924	0.02316553055569043	-0.036228793656050334	-0.01422352218562437	-0.025565230529900923	-0.03725762484241185	-0.04024853168907603	0.015485216554359037	-0.007022896724673912	0.023856461951217458	-0.007058260726094522	-0.018599838050055755	0.02733245810536944	-0.007439874640579397	-0.0016692968521294202	-0.023040963189678115	0.0014585717295393821	0.02578412860460914	0.015418684348816037	-0.0032841458679156357	-0.008452091223135475	0.01797488396420087	0.0006019077763819487	-0.02398781972107369	-0.0006315673961258139	-0.0019634735269974295	-0.017979472107748747	0.01545357335663565	-0.008117423956312307	-0.0055140135639617635	0.005433094547264586	0.014413059048124522	-0.016555318767696718	0.012187128118183376	-0.01888047956476975	-0.002467071914517208	-0.003995953813217675	-0.004729903881991595	0.00850563047989714	0.0015578734067050774	-0.004945822528510072	-0.004976437565001892	0.004866199838754211	0.0020842439085396645	-0.0	0.0	0.0	0.0	0.0	0.0	0.0	0.0	0.0	0.0	0.0	0.0	0.0	0.0	0.0	0.0	0.0	0.0	0.0	0.0	0.0	0.0	0.0	0.0	0.0	0.0	0.0	0.0	0.0	0.0	0.0	0.0	0.0	0.0	0.0	0.0	0.0	0.0	0.0	0.0	0.0	0.0	0.0	0.0	0.0	0.0	0.0	0.0	0.0	0.0	0.0	0.0	0.0	0.0	0.0	0.0	0.0	0.0	0.0	0.0	0.0	0.0	0.0	0.0	0.0	0.0	0.0	0.0	0.0	0.0	0.0	0.0	0.0	0.0	0.0	0.0	0.0	0.0	0.0	0.0	0.0	0.0	0.0	0.0	0.0	0.0	0.0	0.0	0.0	0.0	0.0	0.0	0.0	0.0	0.0	0.0	0.0	0.0	0.0	0.0	0.0	0.0	0.0	0.0	0.0	0.0	0.0	0.0	0.0	0.0	0.0	0.0	0.0	0.0	0.0	0.0	0.0	0.0	0.0	0.0	0.0
S2017t2_E30-T2b-Female	-0.18603955274647405	0.14430628903286047	0.02164790769476476	0.03533154287046445	-0.1430843412099304	-0.08733086449807162	0.014749635486361276	-0.003709101104803471	-0.025953041327006838	-0.006412927634685818	0.028272283995684582	0.0703591636185433	-0.024637354828889554	0.0674568427707314	0.05461473135470546	0.02059247345440176	-0.038695285173144515	0.001883555217166523	0.022061505007901605	-0.06690451499868148	-0.007895245534603777	-0.029124824444842046	-0.04151203885790033	-0.001258324869076554	-0.0335908740071978	-0.04553881869415194	-0.003355092232490787	-0.012625854704276242	-0.053596045947718204	0.021793269083510345	0.004296881288812657	-0.014950461306679659	0.0019102984837490846	0.0067505545374065565	-0.0011550381744927973	0.012648751970791444	-0.0014969597273011238	0.048372281766736205	0.009130483598553093	0.010761103456902257	-0.01736752105131599	0.028036652423191262	-0.01283559238162354	0.0061272401070192875	0.018623428322006252	-0.011626231604965663	-0.003059254854450148	-0.02403772318971869	-0.0033300284001783515	-0.012500550339622437	0.0040284504121427134	-0.016173563417521637	-0.015420254651597333	-0.007341613145748595	0.0024586165550848837	0.00880077129061699	-0.0012908975170935171	0.029394083975465862	0.005767591595360104	-0.010404245503966422	0.0023099107201019144	0.01596515963402669	-0.013564826643548527	-0.016633788262277484	-0.004747682641656125	-0.011046854799320459	0.009156445490705968	-0.0026644321927449784	-0.000903227912593558	-0.011820390950225678	0.006147542806162598	-0.0044513894565034575	-0.004061121767433332	0.0010504761075521944	-0.0008422036090161809	-0.0	0.0	0.0	0.0	0.0	0.0	0.0	0.0	0.0	0.0	0.0	0.0	0.0	0.0	0.0	0.0	0.0	0.0	0.0	0.0	0.0	0.0	0.0	0.0	0.0	0.0	0.0	0.0	0.0	0.0	0.0	0.0	0.0	0.0	0.0	0.0	0.0	0.0	0.0	0.0	0.0	0.0	0.0	0.0	0.0	0.0	0.0	0.0	0.0	0.0	0.0	0.0	0.0	0.0	0.0	0.0	0.0	0.0	0.0	0.0	0.0	0.0	0.0	0.0	0.0	0.0	0.0	0.0	0.0	0.0	0.0	0.0	0.0	0.0	0.0	0.0	0.0	0.0	0.0	0.0	0.0	0.0	0.0	0.0	0.0	0.0	0.0	0.0	0.0	0.0	0.0	0.0	0.0	0.0	0.0	0.0	0.0	0.0	0.0	0.0	0.0	0.0	0.0	0.0	0.0	0.0	0.0	0.0	0.0	0.0	0.0	0.0	0.0	0.0	0.0	0.0	0.0	0.0	0.0	0.0	0.0
S2017t2_E30-T2b-Male	-0.2246965559853556	0.2317924173872378	0.017513250139319664	0.06254970861748123	-0.0047281488113910764	-0.028584000860699562	0.03961464053548873	0.010981766627365613	-0.015023541133984292	0.0187886554595955	-0.11582113354440167	0.12476035042260715	0.005256151406697676	-0.028582021554239764	0.14682013426562301	-0.005017687764595347	0.20380931975035563	-0.19121520334437353	0.02392917824281637	-0.1564089963125724	-0.06655237953697946	-0.06493690882309436	-0.02528139010357096	0.039217716748993756	0.006617129665873996	0.02510439812850084	-0.023424579360686613	-0.009245027524392732	0.007334681900038952	-0.02167873656225896	-0.009705073507010675	0.010649109589509894	-0.04069396397597446	-0.01856146510897266	-0.023828649190626213	0.0025942980652298303	0.024584498734593296	0.016193905087463982	0.02292131332438952	0.026137419484741443	0.01713156877033544	0.013290475040435859	0.0008215288116474892	0.0019281089616734507	-0.0016607619517554795	0.006850100372031826	-0.01641954785258152	0.007791169397904953	-0.00336613834743701	0.0014086088781611722	0.002630881872741853	-0.01036757143710784	0.010255780578455508	0.007403202775046903	0.0013990378060885268	-0.004698030865922499	-0.009444845968626792	-0.011732874397488775	-0.0019699869021364115	0.006305272214191663	-0.0035206848674286593	-0.003677357904929019	-0.001074413109320254	0.006450892004056811	0.0020074690766028512	0.002805575466348077	-0.0019062979675373059	-0.006295840285504952	0.0008720460060546827	-0.0016283632252346776	0.0012875273589983578	0.0011114492274566662	-0.0015216185427499543	0.0007579178016622436	-0.0009281135835901874	-0.0	0.0	0.0	0.0	0.0	0.0	0.0	0.0	0.0	0.0	0.0	0.0	0.0	0.0	0.0	0.0	0.0	0.0	0.0	0.0	0.0	0.0	0.0	0.0	0.0	0.0	0.0	0.0	0.0	0.0	0.0	0.0	0.0	0.0	0.0	0.0	0.0	0.0	0.0	0.0	0.0	0.0	0.0	0.0	0.0	0.0	0.0	0.0	0.0	0.0	0.0	0.0	0.0	0.0	0.0	0.0	0.0	0.0	0.0	0.0	0.0	0.0	0.0	0.0	0.0	0.0	0.0	0.0	0.0	0.0	0.0	0.0	0.0	0.0	0.0	0.0	0.0	0.0	0.0	0.0	0.0	0.0	0.0	0.0	0.0	0.0	0.0	0.0	0.0	0.0	0.0	0.0	0.0	0.0	0.0	0.0	0.0	0.0	0.0	0.0	0.0	0.0	0.0	0.0	0.0	0.0	0.0	0.0	0.0	0.0	0.0	0.0	0.0	0.0	0.0	0.0	0.0	0.0	0.0	0.0	0.0
S2017t3_E11-T3a-Female	-0.3399993475493489	0.11836201478628401	-0.15219466983333543	0.07454687397661726	0.07015728937869685	0.10387996061978119	0.17559472269629942	0.036127840747112436	0.014780627140398699	0.0016718057024114376	0.04914236893741047	-0.038756106857341266	-0.06311768710414425	-0.014382134406415318	0.13006181785087387	-0.057980591434845255	-0.08274786954752035	0.01793869211135104	0.015531477488404305	-0.07243036872277842	-0.029574097517206063	0.019173909456509864	-0.04870506036991819	-0.016664861114872233	-0.02129801642149876	-0.02702304288427743	0.018365425932362456	-0.015502652448417814	-0.018891397724590156	0.061196558707063364	-0.005952099257683918	-0.003248737603672822	0.04159317011560942	-0.04485287401565589	0.001986578262111997	-0.0007479164882393126	0.015132315511091983	-0.017645268684423607	0.036837789294740374	-0.017354199185787917	0.001644340464846312	-0.01622622156896896	0.026823143227342135	0.027148218752151048	0.032201364650389155	-0.014478767674224954	0.009771740097235691	0.009607149596919351	-0.030760692465868582	-0.006688561584231412	-0.00036370117429400763	0.0015689090442917942	0.003536902197297046	-0.0243259853918072	-0.006923373951564992	-0.01561660166966764	0.02200380496002305	0.0015894399705433204	-0.01265186954370439	0.00035203726397885844	-0.0006647388185556866	-0.01924398550920133	-0.009141801813811133	-0.011587639383305837	0.006115187225914358	-0.0006776580902232432	0.0022040974355439272	-0.013103806435867907	-0.006873281164610759	0.01132839626372733	-0.0017329975927583034	0.0025484090638191333	0.001143050098142903	0.0018612166609654002	-0.0030249740867563995	-0.0	0.0	0.0	0.0	0.0	0.0	0.0	0.0	0.0	0.0	0.0	0.0	0.0	0.0	0.0	0.0	0.0	0.0	0.0	0.0	0.0	0.0	0.0	0.0	0.0	0.0	0.0	0.0	0.0	0.0	0.0	0.0	0.0	0.0	0.0	0.0	0.0	0.0	0.0	0.0	0.0	0.0	0.0	0.0	0.0	0.0	0.0	0.0	0.0	0.0	0.0	0.0	0.0	0.0	0.0	0.0	0.0	0.0	0.0	0.0	0.0	0.0	0.0	0.0	0.0	0.0	0.0	0.0	0.0	0.0	0.0	0.0	0.0	0.0	0.0	0.0	0.0	0.0	0.0	0.0	0.0	0.0	0.0	0.0	0.0	0.0	0.0	0.0	0.0	0.0	0.0	0.0	0.0	0.0	0.0	0.0	0.0	0.0	0.0	0.0	0.0	0.0	0.0	0.0	0.0	0.0	0.0	0.0	0.0	0.0	0.0	0.0	0.0	0.0	0.0	0.0	0.0	0.0	0.0	0.0	0.0
S2017t3_E11-T3a-Male	-0.37532877084339367	0.05099273398567988	-0.1555936178676433	-0.1670440127762776	0.047272095583434856	-0.0608093488090836	-0.049065297979019616	-0.045297462037086046	-0.08157079357876638	0.012696579981025823	0.010208538924005856	0.019911832589934234	-0.009234947362970876	-0.06945490942587923	-0.05336223870789117	0.048444194231823674	-0.01984780236316358	-0.0342973022652871	-0.030864347504487643	-0.009502341207845422	-0.011016339001771583	-0.05106564968853773	-0.03657887921534795	0.02924250732629836	-0.06291396348424427	-0.010182693718689136	0.01958307970107163	0.028037827072404962	0.01308657289584877	-0.0028029157853291273	0.008354620601161317	-0.02871750896508358	-0.011442264248802046	0.055769764936845496	-0.009536083303554958	0.005144816285774039	-0.0003791176146992297	-0.004200290612612996	-0.009726224159077593	0.0025228752035874862	-0.02595630431025177	0.005707860359453937	0.014170040699674305	-0.020005715551810643	-0.006813729275478588	-0.006577699918070759	0.004213762467280858	-0.019479738907135877	0.02300589360192278	-0.0046668068957801245	-0.014779481035086979	0.01674477381464955	-0.0159270851434526	0.007871965777760528	-0.007287227139519531	-6.665427307701168e-05	0.012086802147510036	0.0007492537965651122	0.0053568992013276985	-0.014067585144327016	0.004603022289555985	-0.003812918690084438	-0.01067838952350827	-0.0036088711521503163	0.013723402195380477	0.021336841905049208	0.005893001534952787	-0.0018986865716642573	0.003967443758415068	0.01680884075836469	-0.011686792708460401	0.017652620207639053	0.0011272225759454424	0.006194934297229842	-0.005997489867016935	-0.0	0.0	0.0	0.0	0.0	0.0	0.0	0.0	0.0	0.0	0.0	0.0	0.0	0.0	0.0	0.0	0.0	0.0	0.0	0.0	0.0	0.0	0.0	0.0	0.0	0.0	0.0	0.0	0.0	0.0	0.0	0.0	0.0	0.0	0.0	0.0	0.0	0.0	0.0	0.0	0.0	0.0	0.0	0.0	0.0	0.0	0.0	0.0	0.0	0.0	0.0	0.0	0.0	0.0	0.0	0.0	0.0	0.0	0.0	0.0	0.0	0.0	0.0	0.0	0.0	0.0	0.0	0.0	0.0	0.0	0.0	0.0	0.0	0.0	0.0	0.0	0.0	0.0	0.0	0.0	0.0	0.0	0.0	0.0	0.0	0.0	0.0	0.0	0.0	0.0	0.0	0.0	0.0	0.0	0.0	0.0	0.0	0.0	0.0	0.0	0.0	0.0	0.0	0.0	0.0	0.0	0.0	0.0	0.0	0.0	0.0	0.0	0.0	0.0	0.0	0.0	0.0	0.0	0.0	0.0	0.0
S2017t3_E16-T3b-Female	-0.3753680332724783	0.123539068804386	-0.12923291253308028	-0.04359829613446199	0.0819712379784024	0.03357155747633196	0.0924562326738664	0.023127030897653583	-0.0191987096088328	0.058757027069929996	0.04138401744115117	0.02286965297123983	0.003525339937485112	-0.06486038315352298	-0.032442100970871336	-0.07620488895031488	-0.01801581570819611	0.028430493651418177	-0.04493959346439442	-0.04967129611958969	-0.025289543394389	0.04956436211439291	0.03801966827125779	0.03380992919439738	0.012275312414243083	0.02673067044434539	-0.019857381233723485	0.01978087500743434	-0.04102681538836005	0.01857545322206904	0.014474003828893958	0.02596794520143927	-0.026533593969203916	-0.005804793273167624	0.02513676018706649	0.006394474442397855	-0.02449827590219273	0.008763836937732698	0.018488759688923172	-0.004582659120911094	0.010305820077325575	0.003533680074898821	-0.02721247337486098	0.04033433137181906	0.014351213185670906	0.015810584145942354	0.007738342491715366	-0.010395341710657783	0.010500924794604792	0.026442648951460035	0.0033998980722075556	-0.0042354291459982055	0.011156838529139089	-0.009612884091745372	0.019310280881632485	-0.030466695313910233	-0.015248741523067912	-0.016160576679594314	0.01605629004120173	0.007345145266899093	0.018126224797208892	-0.003099757904427934	-0.0037855949029178392	0.012817824667768644	-0.0045501794054090714	-0.010969798336932469	0.0057918055320917	-0.00400361616321544	-0.009737683774526775	-0.01599176471427292	0.00672971756079856	0.0036385945443474523	0.003273807975846481	0.0007575937471876907	-0.0022040553726863357	-0.0	0.0	0.0	0.0	0.0	0.0	0.0	0.0	0.0	0.0	0.0	0.0	0.0	0.0	0.0	0.0	0.0	0.0	0.0	0.0	0.0	0.0	0.0	0.0	0.0	0.0	0.0	0.0	0.0	0.0	0.0	0.0	0.0	0.0	0.0	0.0	0.0	0.0	0.0	0.0	0.0	0.0	0.0	0.0	0.0	0.0	0.0	0.0	0.0	0.0	0.0	0.0	0.0	0.0	0.0	0.0	0.0	0.0	0.0	0.0	0.0	0.0	0.0	0.0	0.0	0.0	0.0	0.0	0.0	0.0	0.0	0.0	0.0	0.0	0.0	0.0	0.0	0.0	0.0	0.0	0.0	0.0	0.0	0.0	0.0	0.0	0.0	0.0	0.0	0.0	0.0	0.0	0.0	0.0	0.0	0.0	0.0	0.0	0.0	0.0	0.0	0.0	0.0	0.0	0.0	0.0	0.0	0.0	0.0	0.0	0.0	0.0	0.0	0.0	0.0	0.0	0.0	0.0	0.0	0.0	0.0
S2017t3_E16-T3b-Male	-0.4311110381247386	0.1686040743239139	-0.1416934368899766	0.024529469872116752	0.10859963569417462	0.06563036029005777	0.009733401719823419	0.0011442073301665785	0.0504889562024181	-0.014590184571542516	0.05440523447185612	-0.03470355957616591	0.0221320860905704	0.018591041802863497	-0.004530373194513243	-0.0945264047939151	-0.012861860547525184	0.005215731704625123	0.002383086823373362	-0.032558083143338204	0.046062214581232275	0.0406475539937096	0.0427973173505202	-0.013719017064092398	0.04970377767624542	-0.00486044146182419	-0.004757120983475424	0.015455254014333404	0.025158842634901684	-0.01575141598533638	0.023173663075379495	-0.023486511063902583	0.0036138507749890387	-0.003076630833187056	-0.056348617805060966	0.04208432558633454	0.04315571336626326	-0.04031997447222298	-0.025313810272511485	0.01745744322799918	-0.014791420806146437	-0.02842726515738567	-0.000685821207054715	0.004509014880516523	-0.004439242126410211	-0.019586146891727812	-0.0488554411369432	0.02883227426396334	0.011250645885756506	0.013625905012285541	0.006810210538703776	0.0018098360450588195	-0.013090907044555122	0.001089574404223101	-0.014444663342641726	0.002709975495423568	0.02191137121821939	0.00012225371765384367	-2.0346660720861193e-05	-0.0034740847454612232	-0.005361686158077277	0.007475018361598998	-0.007952847535641476	-0.004624546773388657	0.0006918880158010971	0.00872239593433456	0.009685705174262696	0.0009863343821053846	0.002482099101636409	0.005074325147873255	-0.008100038295032246	-0.003475006907436915	-0.00197191040396349	0.00024673020424352516	0.008238479873895612	-0.0	0.0	0.0	0.0	0.0	0.0	0.0	0.0	0.0	0.0	0.0	0.0	0.0	0.0	0.0	0.0	0.0	0.0	0.0	0.0	0.0	0.0	0.0	0.0	0.0	0.0	0.0	0.0	0.0	0.0	0.0	0.0	0.0	0.0	0.0	0.0	0.0	0.0	0.0	0.0	0.0	0.0	0.0	0.0	0.0	0.0	0.0	0.0	0.0	0.0	0.0	0.0	0.0	0.0	0.0	0.0	0.0	0.0	0.0	0.0	0.0	0.0	0.0	0.0	0.0	0.0	0.0	0.0	0.0	0.0	0.0	0.0	0.0	0.0	0.0	0.0	0.0	0.0	0.0	0.0	0.0	0.0	0.0	0.0	0.0	0.0	0.0	0.0	0.0	0.0	0.0	0.0	0.0	0.0	0.0	0.0	0.0	0.0	0.0	0.0	0.0	0.0	0.0	0.0	0.0	0.0	0.0	0.0	0.0	0.0	0.0	0.0	0.0	0.0	0.0	0.0	0.0	0.0	0.0	0.0	0.0
S2017t3_E17-T3a-Female	-0.37868437335452276	0.09410099832048255	-0.11309473458491631	-0.13961829745268797	0.11157079230434966	-0.056693454439950434	-0.04244120075919499	-0.08090555597989686	-0.07289532741501882	0.008036834232365366	-0.02254821971505205	-0.07320830240088094	-0.020193525414770108	-0.05781233973270588	0.018673025321998483	0.045644851087871474	0.004771159674669826	0.009703441240830309	0.010168127492075093	0.013937750271859938	-0.01269504821420771	-0.047938056986806976	-0.06468135994283705	0.017499717097189928	-0.037940969290552115	0.018190886407741108	0.005155833061428763	0.007785705862032555	-0.017987621367393215	0.01237152888232824	-0.03137586196109389	-0.013686325216071937	-0.000349147400459499	-0.0036167395005963798	-0.007508857080966221	-0.008597489118043668	0.010497457935877953	0.022802019214707377	0.0030576383089684057	0.007785326104460577	-0.0180856879766455	-0.015958767113528678	-0.015313235249782394	-0.0027691131676457004	-0.013543076734128351	-0.012127777360881727	-0.015332945901308697	-0.006654935788555555	-0.00774493416052012	-0.016078524419023427	-0.008486689169662004	-0.02297056084753537	-0.013455315872918708	0.006029333905143463	-0.004555420826495264	-0.021226116798703183	0.004111978303917159	-0.0012023416391346914	-0.0011472245782595365	0.003384141367476696	-0.015124800701768632	-0.006171897996069638	-0.012312050550159217	0.028615668952087128	-0.015574156850896284	-0.021993218768591963	-0.01573664240315991	-0.011108599934935327	0.0026858810197939306	-0.0014163640192603466	-0.012529952905905323	-0.003046130609236183	-0.010293608872696125	0.001105921347222735	-0.0006234551248313385	-0.0	0.0	0.0	0.0	0.0	0.0	0.0	0.0	0.0	0.0	0.0	0.0	0.0	0.0	0.0	0.0	0.0	0.0	0.0	0.0	0.0	0.0	0.0	0.0	0.0	0.0	0.0	0.0	0.0	0.0	0.0	0.0	0.0	0.0	0.0	0.0	0.0	0.0	0.0	0.0	0.0	0.0	0.0	0.0	0.0	0.0	0.0	0.0	0.0	0.0	0.0	0.0	0.0	0.0	0.0	0.0	0.0	0.0	0.0	0.0	0.0	0.0	0.0	0.0	0.0	0.0	0.0	0.0	0.0	0.0	0.0	0.0	0.0	0.0	0.0	0.0	0.0	0.0	0.0	0.0	0.0	0.0	0.0	0.0	0.0	0.0	0.0	0.0	0.0	0.0	0.0	0.0	0.0	0.0	0.0	0.0	0.0	0.0	0.0	0.0	0.0	0.0	0.0	0.0	0.0	0.0	0.0	0.0	0.0	0.0	0.0	0.0	0.0	0.0	0.0	0.0	0.0	0.0	0.0	0.0	0.0
S2017t3_E17-T3a-Male	-0.3754476016973691	0.1149031018844213	-0.12680147361608846	-0.09103439913152006	0.08333594732929465	-0.05550735966395443	-0.051452227702126506	-0.06886500106559547	-0.03206351212791084	-0.009953103908361629	-0.00835896837040575	-0.0454092755574316	-0.010432127492080329	-0.047541546995717804	0.02178445092468112	0.03248886446410685	-0.023367009638231653	0.04104329747495499	0.012378484647061582	-0.007220338465006253	-0.025455444313404667	-0.028849407722449618	-0.017537033477753504	-0.014243082172119885	-0.015537666198868856	0.053165169480642885	-0.004262066558566085	-0.0029820121522079793	0.0032618348879068157	-0.006000260128876042	-0.04191241507884782	0.03394859386166129	-0.019142701340336753	-0.01750085404999919	0.03392806476773064	0.014858629400081487	0.05312543084603102	0.05077369331225717	0.01476183535261907	0.001968516849186008	0.010856747199859922	0.007950491714359036	-0.010895708585177055	0.009708139214879946	0.03351080848015852	0.021206896120436552	0.003414515994103243	-0.008031529390914782	-0.013385964227327704	0.020069600672980754	0.003343405423659327	-0.02140261048111258	-0.003781191325657041	-0.016148027599051998	0.024022240831215243	0.002217160779084179	-0.015057883434148035	0.004078403280232865	-0.0223709883323838	-0.00635546779813154	0.007093734143921977	0.016880815018595962	0.019333905462126242	-0.010526345129155292	0.0018319289096898968	-0.0006703729448421723	0.01702050614963154	0.0030844109741867253	-0.0028676379951627124	0.004443647350141957	0.012278111281464457	-0.015985849690153313	0.0003347475915043563	-0.00011388500886048832	0.002353693884178847	-0.0	0.0	0.0	0.0	0.0	0.0	0.0	0.0	0.0	0.0	0.0	0.0	0.0	0.0	0.0	0.0	0.0	0.0	0.0	0.0	0.0	0.0	0.0	0.0	0.0	0.0	0.0	0.0	0.0	0.0	0.0	0.0	0.0	0.0	0.0	0.0	0.0	0.0	0.0	0.0	0.0	0.0	0.0	0.0	0.0	0.0	0.0	0.0	0.0	0.0	0.0	0.0	0.0	0.0	0.0	0.0	0.0	0.0	0.0	0.0	0.0	0.0	0.0	0.0	0.0	0.0	0.0	0.0	0.0	0.0	0.0	0.0	0.0	0.0	0.0	0.0	0.0	0.0	0.0	0.0	0.0	0.0	0.0	0.0	0.0	0.0	0.0	0.0	0.0	0.0	0.0	0.0	0.0	0.0	0.0	0.0	0.0	0.0	0.0	0.0	0.0	0.0	0.0	0.0	0.0	0.0	0.0	0.0	0.0	0.0	0.0	0.0	0.0	0.0	0.0	0.0	0.0	0.0	0.0	0.0	0.0
S2017t3_E30-T3b-Female	-0.2525088007739819	0.2165730208820805	-0.24059451449640673	0.21340567417137682	-0.05876296068967857	0.08914728243102071	-0.04574318620429547	-0.019769951071099988	0.0892507354592052	-0.10276806194867834	-0.029532204455986075	-0.07165008035306177	0.011701681275763725	-0.01760453157516509	-0.018600003480632565	0.06675749691311016	-0.01981036490945207	0.030761685678086275	0.0747623427558994	0.03145603492916234	-0.03293769635069647	-0.005910953849403427	-0.02195738851460907	-0.06444315072177596	0.013146206846133279	0.000944962227209246	0.04788479697577818	-0.014706119387285478	0.06000004691246114	0.012729262091579714	0.014096493098290891	0.0008025891557625646	0.01323327062871853	-0.03328407558537502	0.011599831402348033	0.013392774844680337	-0.00715252670440406	-0.01456017404804403	0.02071586657379299	0.009799760787288793	-0.001296047885439662	0.035844841551505094	0.006151705134565787	-0.0034789430154722576	-2.9954514475118193e-05	0.00332321576579507	-0.014488440596286872	0.01555860442844145	-0.0017987134144518513	0.011008770112929918	0.0018424115996012599	0.009988792136557307	-0.013150935957456254	0.008754827106722518	0.028608538107422882	0.01294789500760876	0.0285966741063909	0.015575078310168378	-0.008700284858792125	-0.011222171854890769	-0.006853754989095457	0.006915815646642762	0.0022700577166372693	0.016094177304919313	-0.0030393258971027773	-0.0072007977115099995	-0.004714319866062572	0.009012518019472513	0.004641445290706813	-0.005304436421512942	-0.0070658130948243175	-0.004143848047203372	0.004290403746991826	-0.0049651337825188996	0.006116415874854131	-0.0	0.0	0.0	0.0	0.0	0.0	0.0	0.0	0.0	0.0	0.0	0.0	0.0	0.0	0.0	0.0	0.0	0.0	0.0	0.0	0.0	0.0	0.0	0.0	0.0	0.0	0.0	0.0	0.0	0.0	0.0	0.0	0.0	0.0	0.0	0.0	0.0	0.0	0.0	0.0	0.0	0.0	0.0	0.0	0.0	0.0	0.0	0.0	0.0	0.0	0.0	0.0	0.0	0.0	0.0	0.0	0.0	0.0	0.0	0.0	0.0	0.0	0.0	0.0	0.0	0.0	0.0	0.0	0.0	0.0	0.0	0.0	0.0	0.0	0.0	0.0	0.0	0.0	0.0	0.0	0.0	0.0	0.0	0.0	0.0	0.0	0.0	0.0	0.0	0.0	0.0	0.0	0.0	0.0	0.0	0.0	0.0	0.0	0.0	0.0	0.0	0.0	0.0	0.0	0.0	0.0	0.0	0.0	0.0	0.0	0.0	0.0	0.0	0.0	0.0	0.0	0.0	0.0	0.0	0.0	0.0
S2017t3F_E11-T3b-Female	-0.3695457334387169	0.05715045355321973	-0.11433066007303302	-0.10675117750970567	0.138489856475319	0.033683882507535574	0.14157599777062083	-0.02872721500095122	-0.10119861108992043	0.09570398867698948	0.06464405675284116	-0.08059681105654447	-0.07261867733805179	-0.06337607672868495	0.07207887740624222	-0.053742527760720096	-0.04080512665724283	-0.013525761233003288	0.09855336927528419	-0.005113754935854939	-0.009679827979928826	0.01132502963921801	0.02870200863991703	-0.0720618122186005	-0.04046813590450016	-0.011759506454131043	0.023968627932161972	-0.043698783461892945	0.04223932060323479	0.015288241748196896	0.03862322208561758	0.01196396769194017	0.03823027614221595	-0.026555353187142593	0.027604257098534934	0.0006225302893277818	-0.02920459678220223	-0.02334196472693676	-0.009949721445191202	-0.01065476412617354	0.009891277178388426	0.04272642122955713	-0.0025853382435435954	-0.024274424637611473	-0.011644418517757108	0.001576334258046046	0.025108292585541023	-0.007256846965453812	0.016754352156984002	-0.005912461066147339	0.0007084588812475671	0.03308365060944833	0.01771251806029554	0.0045182221488303574	0.014213308221251318	-0.007696184625451976	-0.006150027279898469	0.0005690007581394492	0.013868721727294912	0.005232931226108217	-0.0005614338795425771	0.0033886376032272866	-0.0014539025696527637	0.004900717331687291	-0.006718835220199568	0.006887642364828647	-0.003462273795560596	-0.0012770855752438316	4.869145729789821e-05	0.005447663306474384	0.0023687574715444896	0.00682067663282953	-0.003582317261459702	-0.002329057190100178	0.0007285662892756276	-0.0	0.0	0.0	0.0	0.0	0.0	0.0	0.0	0.0	0.0	0.0	0.0	0.0	0.0	0.0	0.0	0.0	0.0	0.0	0.0	0.0	0.0	0.0	0.0	0.0	0.0	0.0	0.0	0.0	0.0	0.0	0.0	0.0	0.0	0.0	0.0	0.0	0.0	0.0	0.0	0.0	0.0	0.0	0.0	0.0	0.0	0.0	0.0	0.0	0.0	0.0	0.0	0.0	0.0	0.0	0.0	0.0	0.0	0.0	0.0	0.0	0.0	0.0	0.0	0.0	0.0	0.0	0.0	0.0	0.0	0.0	0.0	0.0	0.0	0.0	0.0	0.0	0.0	0.0	0.0	0.0	0.0	0.0	0.0	0.0	0.0	0.0	0.0	0.0	0.0	0.0	0.0	0.0	0.0	0.0	0.0	0.0	0.0	0.0	0.0	0.0	0.0	0.0	0.0	0.0	0.0	0.0	0.0	0.0	0.0	0.0	0.0	0.0	0.0	0.0	0.0	0.0	0.0	0.0	0.0	0.0
S2017t3F_E13-T3a-Female	-0.2874753282637317	0.21079943410487262	-0.15072180275860028	0.13683762558135482	-0.013942357237304312	0.030338075240341413	-0.00942042200308359	0.008833241310268766	0.10538977675411845	-0.07375340121429237	-0.06785042927812976	-0.015450743961695164	-0.0074477436090888685	0.020865915742106295	0.04796442812840618	0.02684036459878657	-0.021615403680064434	0.006878525928629923	-0.0015263784318468234	0.011114258703217236	0.005177655361542073	0.07192517978955275	-0.020146757744293434	0.013746750484235312	0.01688962101603219	-0.020354679502952198	-0.014832225541700973	-0.028784180973015813	0.02443348003473648	-0.045404480709849045	-0.028751054309752975	-0.00446385460006146	0.007468976330148835	-0.053640484367214934	-0.0025807876901601627	-0.002475980306217061	-0.031586080163969896	-0.02135990371636331	0.021913871019546848	0.007899875893850553	0.0081731187601579	0.040985908146152605	-0.03265851188930854	-0.011694003053633042	-0.003411910768011386	0.009844607631014454	0.03233311839534075	-0.022047157139888026	-0.01571973972165444	-0.009888384353478977	-0.019367615338585633	0.01464919657131077	0.0005034958424108075	-0.005878505446607867	-0.005982749638997564	-0.008479802307053074	0.011009718583097761	0.022740709381672476	0.027577616494865523	0.01391102911817339	0.00025211395518072194	0.010443362048237714	0.016357540852822813	0.008902538467424594	-0.021595037866288806	0.0038118362140280157	0.005303801939634159	-0.017359252933803457	0.0025321415174728106	-0.0006926805047228041	-0.0043298709484499015	0.003288441787598332	-3.951259546575337e-05	-0.00023164967460106905	0.0007969677609480096	-0.0	0.0	0.0	0.0	0.0	0.0	0.0	0.0	0.0	0.0	0.0	0.0	0.0	0.0	0.0	0.0	0.0	0.0	0.0	0.0	0.0	0.0	0.0	0.0	0.0	0.0	0.0	0.0	0.0	0.0	0.0	0.0	0.0	0.0	0.0	0.0	0.0	0.0	0.0	0.0	0.0	0.0	0.0	0.0	0.0	0.0	0.0	0.0	0.0	0.0	0.0	0.0	0.0	0.0	0.0	0.0	0.0	0.0	0.0	0.0	0.0	0.0	0.0	0.0	0.0	0.0	0.0	0.0	0.0	0.0	0.0	0.0	0.0	0.0	0.0	0.0	0.0	0.0	0.0	0.0	0.0	0.0	0.0	0.0	0.0	0.0	0.0	0.0	0.0	0.0	0.0	0.0	0.0	0.0	0.0	0.0	0.0	0.0	0.0	0.0	0.0	0.0	0.0	0.0	0.0	0.0	0.0	0.0	0.0	0.0	0.0	0.0	0.0	0.0	0.0	0.0	0.0	0.0	0.0	0.0	0.0
S2017t3F_E13-T3b-Female	-0.360175714534291	0.15052410666929975	-0.11924480085443184	-0.010141902458797232	0.06691743636978845	-0.039424853432933914	-0.04289200350120594	-0.06855590889643028	0.05089162447089766	-0.022655791169641223	-0.0373901534627348	-0.0787468886168533	-0.007800656182275479	0.020494879003086205	0.06978679838702076	-0.041970476125667004	-0.026923218218753157	0.08393758765800653	0.01300745825920446	-0.06402025649100321	0.032859807059380325	0.016373941097346835	0.033304400366861525	-0.0035747942889563277	0.051589769957117955	-0.025847365016019384	-0.0023084320047798475	-0.013195202725080407	-0.014034633725016229	0.016653929187512833	-0.02930789416512066	-0.010619103737196798	0.003984176933128616	-0.005216582003276339	0.0077444356481171485	0.0026433015519183346	0.0043405670195415	0.015532956658051893	-0.017451419318921232	0.007179593750088185	0.006635929769273464	-0.001576796715584487	-0.03282325615114732	-0.020846580064465485	-0.02332002097114566	-0.021437240373629166	-0.000839713628214383	0.0063131745180206806	0.0010612144248950564	0.0243292071155221	-0.014412848372412454	0.007289592794984201	0.023214836413956264	-0.021880564324856123	-0.006165768824285307	0.007462471142665034	-0.024324996118196267	-0.021291565343251006	0.004361073153115436	-0.01639410331170701	0.009996053432497442	-0.012613233921787962	-0.006184724063945172	0.015583001248678573	0.021438886834352987	0.011994838383492929	0.0069190633898189805	0.015537318588994983	0.006789060247406593	-0.0007758396812514122	-0.000342107552281154	0.0050680282796365	-0.005280856255891412	-0.004109593066287843	0.0016020072075309548	-0.0	0.0	0.0	0.0	0.0	0.0	0.0	0.0	0.0	0.0	0.0	0.0	0.0	0.0	0.0	0.0	0.0	0.0	0.0	0.0	0.0	0.0	0.0	0.0	0.0	0.0	0.0	0.0	0.0	0.0	0.0	0.0	0.0	0.0	0.0	0.0	0.0	0.0	0.0	0.0	0.0	0.0	0.0	0.0	0.0	0.0	0.0	0.0	0.0	0.0	0.0	0.0	0.0	0.0	0.0	0.0	0.0	0.0	0.0	0.0	0.0	0.0	0.0	0.0	0.0	0.0	0.0	0.0	0.0	0.0	0.0	0.0	0.0	0.0	0.0	0.0	0.0	0.0	0.0	0.0	0.0	0.0	0.0	0.0	0.0	0.0	0.0	0.0	0.0	0.0	0.0	0.0	0.0	0.0	0.0	0.0	0.0	0.0	0.0	0.0	0.0	0.0	0.0	0.0	0.0	0.0	0.0	0.0	0.0	0.0	0.0	0.0	0.0	0.0	0.0	0.0	0.0	0.0	0.0	0.0	0.0
S2017t3F_E14-T3a-Female	-0.3868011277337524	0.07969063612626627	-0.12769476551905715	-0.10919461990688728	0.12025077103025873	0.02833854952155132	0.06586551646842728	-0.01720203390676795	-0.08380453585700975	0.058013094875390546	0.05431162406463802	-0.02805154086916359	-0.01862727874447758	-0.07368563277221883	-0.03865670869446296	-0.03526519779128034	0.0062232159589090804	0.000563085086051591	-0.0029785680022123744	-0.007431695198467916	-0.024021792816652135	-0.010312273710640531	-0.01981813062151996	-0.010115920627724073	-0.02799550022551169	0.007152691683904056	-0.03606150637089454	0.004704863723737563	0.012300483523463447	-0.048433633717880654	0.012234394696207183	0.03446751547499201	-0.009803704002327798	-0.0012926322424343197	-0.02360981641301627	0.006748339316539483	0.008835775406123724	0.022419317968434733	0.01299410771174942	0.022133435458875715	0.0020105857085761817	-0.014427234340321176	-0.01508458631580394	-0.017759159686258193	-0.01144884132020701	0.016804516607490955	-0.0351233096346628	0.0028313265251865083	0.002346781738133255	-0.004671730727556834	-0.0018131819236395735	0.010152865915124674	-0.0448687113627143	0.004692967444635931	0.000722095034871742	0.005425343103829538	0.015453128189388016	0.0014122435184841329	0.006337168405204085	-0.005021339603212102	-0.00955071380942506	-0.0010360149491767732	0.024183773624444384	-0.008023865331018351	0.006086796294455128	-0.010149670277092286	-0.007325001387355615	-0.0068175489094873965	0.015461922334271428	-0.004591632875198668	0.004203822725850744	0.0076098347715789745	0.0014881719237803076	-0.012306940513644423	-0.005140293188168982	-0.0	0.0	0.0	0.0	0.0	0.0	0.0	0.0	0.0	0.0	0.0	0.0	0.0	0.0	0.0	0.0	0.0	0.0	0.0	0.0	0.0	0.0	0.0	0.0	0.0	0.0	0.0	0.0	0.0	0.0	0.0	0.0	0.0	0.0	0.0	0.0	0.0	0.0	0.0	0.0	0.0	0.0	0.0	0.0	0.0	0.0	0.0	0.0	0.0	0.0	0.0	0.0	0.0	0.0	0.0	0.0	0.0	0.0	0.0	0.0	0.0	0.0	0.0	0.0	0.0	0.0	0.0	0.0	0.0	0.0	0.0	0.0	0.0	0.0	0.0	0.0	0.0	0.0	0.0	0.0	0.0	0.0	0.0	0.0	0.0	0.0	0.0	0.0	0.0	0.0	0.0	0.0	0.0	0.0	0.0	0.0	0.0	0.0	0.0	0.0	0.0	0.0	0.0	0.0	0.0	0.0	0.0	0.0	0.0	0.0	0.0	0.0	0.0	0.0	0.0	0.0	0.0	0.0	0.0	0.0	0.0
S2017t3F_E14-T3b-Female	-0.42719105827224985	0.11289571968323595	-0.12569098190917025	-0.07822734659366419	0.1470603203995883	0.061193302701168	0.11720166134532059	0.01649909679850859	-0.05785745073966874	0.11868337276482045	0.059992430228760406	-0.03693930217675592	-0.011854536296612142	-0.06403488664518248	-0.016263439588746403	-0.057006582319166284	-0.01052534019714033	0.008524673870438215	-0.02238969104233011	-0.058663494537855174	0.015721287453361085	-0.03271689928133024	0.010444813670001902	0.00173464132792586	-0.03706115864653436	-0.00245485277199011	-0.01652154281856869	-0.020560275504029075	-0.021046386151313212	-0.003007119214252591	0.021320401275555134	0.0366716797633873	-0.020976218283084103	0.03388097715925382	0.02281116824183618	-0.0107086654629158	0.007357101464924651	0.04778449321002127	-0.01999102813610967	0.004395651227395875	0.03663914704470835	-0.0019269515331592486	0.0011875464037143903	-0.0019346734396016652	0.004001925160644178	0.008729639302096264	0.0006594058065614661	0.010207179534834873	-0.010674052295142109	-0.039850345088460554	-0.022378545184180407	-0.008739120634240568	0.010231346087183128	0.005153497939628367	-0.005556327999523867	0.023273858564382254	0.0018253501822031028	0.014024592797736454	-0.020454505169486218	-0.008730288407726687	-0.019606327977776304	0.0023412951016675994	-0.0018131109525594599	-0.005284903795689274	-0.006592712696122099	0.012305139707277259	-0.0009322392154206501	0.01299089023148648	-0.001876957619793686	0.0011836462357015741	-0.004463697371644794	-0.008924574298570118	0.0019803236985569675	0.003961720579767339	0.0028135884118488325	-0.0	0.0	0.0	0.0	0.0	0.0	0.0	0.0	0.0	0.0	0.0	0.0	0.0	0.0	0.0	0.0	0.0	0.0	0.0	0.0	0.0	0.0	0.0	0.0	0.0	0.0	0.0	0.0	0.0	0.0	0.0	0.0	0.0	0.0	0.0	0.0	0.0	0.0	0.0	0.0	0.0	0.0	0.0	0.0	0.0	0.0	0.0	0.0	0.0	0.0	0.0	0.0	0.0	0.0	0.0	0.0	0.0	0.0	0.0	0.0	0.0	0.0	0.0	0.0	0.0	0.0	0.0	0.0	0.0	0.0	0.0	0.0	0.0	0.0	0.0	0.0	0.0	0.0	0.0	0.0	0.0	0.0	0.0	0.0	0.0	0.0	0.0	0.0	0.0	0.0	0.0	0.0	0.0	0.0	0.0	0.0	0.0	0.0	0.0	0.0	0.0	0.0	0.0	0.0	0.0	0.0	0.0	0.0	0.0	0.0	0.0	0.0	0.0	0.0	0.0	0.0	0.0	0.0	0.0	0.0	0.0
S2017t3F_E16-T3a-Female	-0.272553852378816	0.25118915490582416	-0.21155172458350116	0.24445094314330784	0.03488056181655903	0.22789779475304897	0.11194451396882588	0.06119949849365626	0.108373099771876	0.00766759838861149	0.000629037711558264	-0.07409067006113887	0.03323936359716362	-0.04379751684904133	-0.08065149002049239	-0.07420903100804532	0.04285693826554728	0.03764372701824222	0.05180779545160028	0.0030675633810836097	0.03899575163754127	0.022806019513606144	-0.029499819426153043	-0.00384754228530904	-0.025225119488073343	-0.05599227470943464	0.0034888619420887757	0.0190226204460757	-0.001866515135393461	0.0322933761398278	0.040679596498827734	0.025558858873713185	-0.0028845135965365563	0.03283906279918157	0.014585445564361803	-0.07983819718087122	-0.027511442116107412	-0.007543526089088639	-0.01657730495630234	0.013046866514888861	0.010424036840599579	-0.007517120992379337	-0.0025071921084076033	-0.006327521965286201	-0.002058706395087567	-0.005204858197960589	-0.015812863019907097	-0.027066223520661018	0.012510597926732462	-0.022055702004582626	0.001712682828447541	0.005869814162356938	0.010410510750742986	0.01548194247550121	0.010520237537136243	0.006691227327458412	-0.013935354598745817	-0.009206798057039646	-0.0085788462602861	-0.003170178122790552	0.0008879230736078977	0.004576349116781808	0.003956560185968369	0.003755266989147785	-0.013551961212539852	-0.0022131232170612136	-0.007704492557804189	-0.008840003838547968	-0.0030878818325868235	0.0006141009201311641	0.005639263288049662	-0.006803791183822311	-0.0002514327112688093	-0.002791578020829574	-0.0007105207715199025	-0.0	0.0	0.0	0.0	0.0	0.0	0.0	0.0	0.0	0.0	0.0	0.0	0.0	0.0	0.0	0.0	0.0	0.0	0.0	0.0	0.0	0.0	0.0	0.0	0.0	0.0	0.0	0.0	0.0	0.0	0.0	0.0	0.0	0.0	0.0	0.0	0.0	0.0	0.0	0.0	0.0	0.0	0.0	0.0	0.0	0.0	0.0	0.0	0.0	0.0	0.0	0.0	0.0	0.0	0.0	0.0	0.0	0.0	0.0	0.0	0.0	0.0	0.0	0.0	0.0	0.0	0.0	0.0	0.0	0.0	0.0	0.0	0.0	0.0	0.0	0.0	0.0	0.0	0.0	0.0	0.0	0.0	0.0	0.0	0.0	0.0	0.0	0.0	0.0	0.0	0.0	0.0	0.0	0.0	0.0	0.0	0.0	0.0	0.0	0.0	0.0	0.0	0.0	0.0	0.0	0.0	0.0	0.0	0.0	0.0	0.0	0.0	0.0	0.0	0.0	0.0	0.0	0.0	0.0	0.0	0.0
S2017t3F_E17-T3b-Female	-0.37911268473397647	0.06665468732150968	-0.10529392919217187	-0.17354612840497854	0.1231229584140066	-0.06305918067522413	-0.04043127655825483	-0.08555257630308188	-0.0939644236934482	0.017707739381414726	-0.03277080285832422	-0.08361878625706573	-0.02630096223300038	-0.05587615143262848	0.025702076521724904	0.05319583530311242	0.007845851199407635	-0.015198607776247004	0.0048915314482316915	0.030946017598777936	-0.011161740462407999	-0.031342887695755765	-0.07748905709909634	0.00544860083596266	-0.03547373314499924	-0.0007307883535892591	0.021327345158913585	0.00428110798604551	-0.014148063896607894	0.022351981328190284	-0.007616142822302613	-0.019890810963677348	-0.0014269364293103758	-0.033086831693504785	-0.024666815422747956	-0.02258373470388112	-0.03718144301735326	-0.043535641166363034	0.012211062328407003	0.013662730943945251	-0.010795363660388921	-0.016580408552138225	0.000633068002675934	-0.0002711360441286032	-0.0014056013601647234	-0.04363472730236565	0.00677308857984828	0.00496264200987226	-0.006334903449155866	0.009830422655812458	0.0038152045472306367	-0.005608919476538861	-0.018299713261862	0.017146179764312583	-0.012509920965147164	0.0016204116835764678	-0.019767839586567304	0.005972813034740733	0.014681360311767465	0.006991653097550804	0.009967128226341502	0.009009034331276828	0.002739359490338863	-0.01745263658461748	-0.003998667757087289	0.005952125782269415	0.011891249663263532	0.01478676534854372	-0.0040762238962555	-0.010538488438186278	0.006599379591700786	-0.0035786683251992674	0.01021941196472227	0.002651958407871897	-0.0004125668541585688	-0.0	0.0	0.0	0.0	0.0	0.0	0.0	0.0	0.0	0.0	0.0	0.0	0.0	0.0	0.0	0.0	0.0	0.0	0.0	0.0	0.0	0.0	0.0	0.0	0.0	0.0	0.0	0.0	0.0	0.0	0.0	0.0	0.0	0.0	0.0	0.0	0.0	0.0	0.0	0.0	0.0	0.0	0.0	0.0	0.0	0.0	0.0	0.0	0.0	0.0	0.0	0.0	0.0	0.0	0.0	0.0	0.0	0.0	0.0	0.0	0.0	0.0	0.0	0.0	0.0	0.0	0.0	0.0	0.0	0.0	0.0	0.0	0.0	0.0	0.0	0.0	0.0	0.0	0.0	0.0	0.0	0.0	0.0	0.0	0.0	0.0	0.0	0.0	0.0	0.0	0.0	0.0	0.0	0.0	0.0	0.0	0.0	0.0	0.0	0.0	0.0	0.0	0.0	0.0	0.0	0.0	0.0	0.0	0.0	0.0	0.0	0.0	0.0	0.0	0.0	0.0	0.0	0.0	0.0	0.0	0.0
S2017t3F_E19-T3a-Female	-0.19157565424995276	0.1728998013933751	-0.23023025072626582	0.1764730647970633	-0.12843754425862414	0.026884061381066523	0.014530441837920276	-0.05747557613526541	0.02364093900240169	-0.09168993159918268	-0.07600674633947782	-0.07338082384573737	-0.006358549297824184	0.023435987549042032	-0.0029018703090520673	0.05805915519519618	-0.034709197692429784	0.017861234749185745	0.034702452984299303	0.02139450161386125	-0.023778303750828695	0.02600306260974948	0.022859493172289247	0.09937256129913	0.04297802666134625	-0.010739395532140317	0.03165878269050177	0.03784599027378349	-0.07244783410548766	-0.02204264742797134	0.02260728215858445	-0.020465452403622367	0.023190949063528164	0.00818216970986623	0.047010341673829364	0.04627433348889039	0.05643037288270686	0.02149211570073917	-0.0333834398161988	-0.0065343298084381786	-0.04314483170870482	-0.04014525289604699	0.015905543853791695	0.014673963621765937	-0.03354165451673829	2.104730806947368e-05	-0.023041245139434657	0.0038736335089702974	0.03777000218765234	-0.038230040415662934	0.004336308127061563	0.03089343302287481	0.03563765980806083	-0.006405161004354566	0.0022981627136206438	-0.014587463453788427	-0.017427676824789778	-0.005847231003145535	-0.006264466054333986	0.011735632797355133	-0.01442934403155462	0.011317185312680559	0.01064416975877849	-0.009974707630923622	0.006614680095752207	0.007306294138113878	0.006663447935486961	-0.0032754018320713466	0.0017739566253587545	-0.0007696388743510906	-0.0029343451365421037	0.003872466664919227	-0.0008717859932701281	0.001272269511598397	0.0016756759539714506	-0.0	0.0	0.0	0.0	0.0	0.0	0.0	0.0	0.0	0.0	0.0	0.0	0.0	0.0	0.0	0.0	0.0	0.0	0.0	0.0	0.0	0.0	0.0	0.0	0.0	0.0	0.0	0.0	0.0	0.0	0.0	0.0	0.0	0.0	0.0	0.0	0.0	0.0	0.0	0.0	0.0	0.0	0.0	0.0	0.0	0.0	0.0	0.0	0.0	0.0	0.0	0.0	0.0	0.0	0.0	0.0	0.0	0.0	0.0	0.0	0.0	0.0	0.0	0.0	0.0	0.0	0.0	0.0	0.0	0.0	0.0	0.0	0.0	0.0	0.0	0.0	0.0	0.0	0.0	0.0	0.0	0.0	0.0	0.0	0.0	0.0	0.0	0.0	0.0	0.0	0.0	0.0	0.0	0.0	0.0	0.0	0.0	0.0	0.0	0.0	0.0	0.0	0.0	0.0	0.0	0.0	0.0	0.0	0.0	0.0	0.0	0.0	0.0	0.0	0.0	0.0	0.0	0.0	0.0	0.0	0.0
S2017t3F_E19-T3b-Female	-0.2653371217571497	-0.03472695179254675	-0.0675295226158364	-0.23481191220336659	0.07701135140566674	-0.08214293815760634	0.03539531355022252	-0.12245691683917827	-0.1439905710923696	0.011471558636995184	-0.11124684913224461	-0.12073431216688475	0.008851248163210392	0.020966058141116243	-0.004753940621042949	0.06445531368407659	0.006491354228181077	-0.02042798526144037	0.034772508180703765	0.06619985146336436	0.017016416868664154	0.03291463901070518	-0.01913820040719036	0.07342231205485923	0.059769708818504165	-0.037594615256767556	0.0034852475858982296	0.02686300837470836	-0.02948473672846707	-0.006216796987863978	-0.008797181745568712	0.006567587317220712	0.03753078812922252	0.01728650750770315	0.028113067776087783	-0.010531254645974266	0.024133456495122448	0.021461003026161836	-0.005076762646019324	-0.01380672754223498	-0.001820831860655081	-0.01913768629394862	-0.0008545064503880009	0.007752490495756796	0.0038637035103137466	0.0037238419089572405	-0.023353434446895176	-0.014265277305297178	0.033296410854708754	-0.022980685143430508	-0.003061353951727118	-0.013836607512444863	-0.00045384119021398586	-0.0009371526601241459	-0.018087467978123845	-0.0007154527147077846	0.003955703770056271	-0.007073686938970311	-0.004417583284578007	0.011365805047499426	0.010495883418040223	-0.008817229777551082	0.003542268757479181	-0.005538103814478423	-0.0025612743288306226	0.00396973806676315	-0.00868090399705858	-0.010708979396085443	5.4373672521096886e-05	-0.003220661318371122	0.0006662546886942736	-0.0006811339228647649	-0.003018800060361957	-0.0003813199518888859	0.003262506956477882	-0.0	0.0	0.0	0.0	0.0	0.0	0.0	0.0	0.0	0.0	0.0	0.0	0.0	0.0	0.0	0.0	0.0	0.0	0.0	0.0	0.0	0.0	0.0	0.0	0.0	0.0	0.0	0.0	0.0	0.0	0.0	0.0	0.0	0.0	0.0	0.0	0.0	0.0	0.0	0.0	0.0	0.0	0.0	0.0	0.0	0.0	0.0	0.0	0.0	0.0	0.0	0.0	0.0	0.0	0.0	0.0	0.0	0.0	0.0	0.0	0.0	0.0	0.0	0.0	0.0	0.0	0.0	0.0	0.0	0.0	0.0	0.0	0.0	0.0	0.0	0.0	0.0	0.0	0.0	0.0	0.0	0.0	0.0	0.0	0.0	0.0	0.0	0.0	0.0	0.0	0.0	0.0	0.0	0.0	0.0	0.0	0.0	0.0	0.0	0.0	0.0	0.0	0.0	0.0	0.0	0.0	0.0	0.0	0.0	0.0	0.0	0.0	0.0	0.0	0.0	0.0	0.0	0.0	0.0	0.0	0.0
S2017t3F_E23-T3a-Female	-0.20603882395837073	0.13848953087060148	-0.19688895337603923	0.12210052742630619	-0.15965412985573524	-0.030947016771603268	-0.016821220454139394	0.0018274540909636852	0.08713609355574664	-0.050623471666456754	-0.03628608425818885	0.026932089258231092	-0.03292011192887883	0.028878240863014507	0.04226256915977324	0.00489728069877869	-0.019180764064220087	0.014465514752369457	0.04987658570486185	0.010892941925030637	0.032060235476389226	-0.005400097660774247	0.005057534680192426	0.03233522342608028	0.0023201631214509405	-0.00987595397249958	-0.014229003639362345	0.0008151745328485398	-0.029512739941193914	-0.013773032268707923	-0.015317668867718032	-0.015230691410384568	0.02328273247451998	0.05393966635114444	-0.016904816240832822	0.005768439702896303	-0.010747610875811954	-0.0004324942735341232	-0.054301475244234704	-0.017914030019278795	0.03286534941050627	-0.006596727996655204	-0.0336305283660544	-0.006859127692968862	-0.03632333613954434	-0.016549288141529978	0.006924411387793812	0.019745002320645272	-0.03214528703079654	0.019288058262950516	0.020886658830548754	-0.022182938253673873	-0.00492022815754249	0.001981941215481963	-0.01637309696496945	-0.000601096908121945	-0.004082490200129829	0.021971227940266593	0.01225325736324895	-0.007425673557507362	-0.008427722366967655	0.006042468113538665	-0.006639769006288826	0.0034458733928335273	-0.002446689630423296	-0.004504919186588178	-0.004871158078617811	-0.0036285982969256184	-0.0005646396379862994	0.01253959142935752	0.0008534821786810151	-0.005165380860158147	0.0067471826966054695	0.0029859562695547723	-0.0021751976791040684	-0.0	0.0	0.0	0.0	0.0	0.0	0.0	0.0	0.0	0.0	0.0	0.0	0.0	0.0	0.0	0.0	0.0	0.0	0.0	0.0	0.0	0.0	0.0	0.0	0.0	0.0	0.0	0.0	0.0	0.0	0.0	0.0	0.0	0.0	0.0	0.0	0.0	0.0	0.0	0.0	0.0	0.0	0.0	0.0	0.0	0.0	0.0	0.0	0.0	0.0	0.0	0.0	0.0	0.0	0.0	0.0	0.0	0.0	0.0	0.0	0.0	0.0	0.0	0.0	0.0	0.0	0.0	0.0	0.0	0.0	0.0	0.0	0.0	0.0	0.0	0.0	0.0	0.0	0.0	0.0	0.0	0.0	0.0	0.0	0.0	0.0	0.0	0.0	0.0	0.0	0.0	0.0	0.0	0.0	0.0	0.0	0.0	0.0	0.0	0.0	0.0	0.0	0.0	0.0	0.0	0.0	0.0	0.0	0.0	0.0	0.0	0.0	0.0	0.0	0.0	0.0	0.0	0.0	0.0	0.0	0.0
S2017t3F_E23-T3b-Female	-0.4163053434865711	0.17928943681018966	-0.1469950484395845	-0.003089924634091424	0.06854448146873522	0.0031894053301734695	-0.07399911996272626	-0.013039161176036972	0.07292072339221398	-0.0480808152874799	-0.012285015334449714	-0.03978430330580043	0.04302831984756119	0.020079819911624774	-0.010755985958914678	-0.003811284912210625	-0.012153759082400694	0.03398081546387856	-0.01141928536572192	-0.03234600406607955	0.02377237299736513	0.03836184447972903	0.02525817744905419	-0.05387761670109289	0.06569162297572183	0.022020537208794766	-0.024233031486949927	-0.0021563410242260747	0.007102584117974697	0.004935759134042054	0.00035977917616966974	0.008776060778367512	-0.023715225700295134	0.017319569912849785	-0.0029515362310836603	-0.017639280349570984	-0.0017434480537974952	0.0029121217237509088	-0.035958318604733516	0.013360822836034425	-0.017781047790121584	-0.01194088447679414	-0.009330103085249918	-0.013246703610699097	-0.028407978094148037	0.013351577523106563	-0.00106412267868424	0.0015956707346038985	0.01860371383139315	-0.016658495330498766	0.024345577474757966	-0.0009099965340836927	-0.007022193046907914	0.006548454739626555	-0.008798256544819569	-0.02322165478871317	-0.0020873635798271174	0.0024514865795110495	0.0031205353974986137	0.011864672336328324	-0.01637746815055753	-0.006956381294573274	-0.0024593245747363355	-0.008411870301622115	-0.009978505335910968	-0.02013495295915918	0.0007103873707020178	-0.008190594039800488	0.000515906424310128	-0.001434931053690096	0.00403878165547056	0.0021870263824758543	0.00048327374208009404	0.005486780286062917	-0.003533364074567533	-0.0	0.0	0.0	0.0	0.0	0.0	0.0	0.0	0.0	0.0	0.0	0.0	0.0	0.0	0.0	0.0	0.0	0.0	0.0	0.0	0.0	0.0	0.0	0.0	0.0	0.0	0.0	0.0	0.0	0.0	0.0	0.0	0.0	0.0	0.0	0.0	0.0	0.0	0.0	0.0	0.0	0.0	0.0	0.0	0.0	0.0	0.0	0.0	0.0	0.0	0.0	0.0	0.0	0.0	0.0	0.0	0.0	0.0	0.0	0.0	0.0	0.0	0.0	0.0	0.0	0.0	0.0	0.0	0.0	0.0	0.0	0.0	0.0	0.0	0.0	0.0	0.0	0.0	0.0	0.0	0.0	0.0	0.0	0.0	0.0	0.0	0.0	0.0	0.0	0.0	0.0	0.0	0.0	0.0	0.0	0.0	0.0	0.0	0.0	0.0	0.0	0.0	0.0	0.0	0.0	0.0	0.0	0.0	0.0	0.0	0.0	0.0	0.0	0.0	0.0	0.0	0.0	0.0	0.0	0.0	0.0
S2017t3F_E30-T3a-Female	-0.2701141851284742	0.28011707766664085	-0.21768967064381117	0.25889336622320147	0.01992620671140473	0.16402848510607118	-0.06625972871476742	-0.0009453289206539043	0.103001767481236	-0.06958252418803078	-0.01720050309145356	-0.10767252221119628	0.0463992261421748	-0.024767832072246213	-0.0735860645351584	0.020297565297886788	0.04217741346351118	-0.014555604867489068	0.03197718592939595	0.036064188988474064	0.039856556344904315	-0.006162881252604814	0.005890391512296952	-0.06591247919681589	-0.012135798685566553	-0.030025794745881625	0.01577019094268832	0.009607856097887498	0.0722145606928943	-0.018469371780791645	0.033564749326533805	0.04225477365093288	0.001085307509318387	0.0023696174100205536	-0.027801986993271785	0.020602323657394075	0.02927540848419906	0.028266588179600153	0.0503916087657719	-0.008127802935900931	0.0209051565102354	-0.004014411032798233	0.009328712699991899	0.027290176148348787	0.02379455434284543	0.012087978594558797	-0.01354086340533895	-0.009466538756655743	-0.01584281217904106	0.01945410656756914	-0.018615731124652146	-0.018421948399881618	0.010774328394387767	0.021984498598940132	-0.010301421825609463	-0.005712517357261691	0.0026399453857155583	0.00817133923508555	0.013421046745022534	0.014309705694584677	0.013663935252772083	-0.011517301406070931	0.0026035788632968403	-0.014989077689783404	0.02498592053734381	0.012744523477954791	-0.007260388666310958	0.011578307736824802	-0.007216718304860231	-0.0020272399346423268	0.004140306030982446	0.007731631104335788	0.0009188257414706512	0.0012627541773528382	-0.0021264932761297616	-0.0	0.0	0.0	0.0	0.0	0.0	0.0	0.0	0.0	0.0	0.0	0.0	0.0	0.0	0.0	0.0	0.0	0.0	0.0	0.0	0.0	0.0	0.0	0.0	0.0	0.0	0.0	0.0	0.0	0.0	0.0	0.0	0.0	0.0	0.0	0.0	0.0	0.0	0.0	0.0	0.0	0.0	0.0	0.0	0.0	0.0	0.0	0.0	0.0	0.0	0.0	0.0	0.0	0.0	0.0	0.0	0.0	0.0	0.0	0.0	0.0	0.0	0.0	0.0	0.0	0.0	0.0	0.0	0.0	0.0	0.0	0.0	0.0	0.0	0.0	0.0	0.0	0.0	0.0	0.0	0.0	0.0	0.0	0.0	0.0	0.0	0.0	0.0	0.0	0.0	0.0	0.0	0.0	0.0	0.0	0.0	0.0	0.0	0.0	0.0	0.0	0.0	0.0	0.0	0.0	0.0	0.0	0.0	0.0	0.0	0.0	0.0	0.0	0.0	0.0	0.0	0.0	0.0	0.0	0.0	0.0
S2017t3M_E11-T3b-Male	-0.36613314380001516	0.030140409054795415	-0.1558442262912512	-0.18699080499368798	0.042709761397072964	-0.05386705930097541	-0.03818252622760711	-0.034424974513478555	-0.09820257089188268	0.020733907503225228	0.021577499085115952	0.029895733933870215	-0.013141700705006486	-0.06688073759737959	-0.07844875570983133	0.04672411236556935	-0.017309210470086864	-0.06303491283512742	-0.019437669644130833	0.01817811688525151	0.010152912398088094	-0.019439978782012736	-0.01716747532246615	0.002851154122504167	-0.06852140766053111	-0.03484357602447479	0.019871233446710466	0.05027742987345609	0.03464595531739331	-0.007697150941124092	0.03491229691161591	-0.01778747528244432	0.005005835551712699	0.03859377629264494	-0.010809017023171875	-0.004093666963196693	-0.007002749966592407	-0.024470086788355213	0.0024635582926967915	-0.0023622020727657846	-0.004510295524550837	-0.0037593430924853528	0.021074225788852034	0.002977318514622944	0.003108583169235024	-0.0032290098296894514	0.006067805933254655	-0.010567574742060085	0.006010258147613038	0.03248754931639078	-0.001600696266750938	0.004363804185242335	0.016479353764451775	-0.00629677418515102	-0.034001951809984096	0.008320791419244864	-0.0010626113389618423	-0.013869858101961159	-0.0025743942836442364	0.009403209330704177	-0.006977176072328999	-0.005813612521984784	-0.0052244822385085765	-0.0028565092737976036	0.0046115847328308136	-0.013491401199248566	-0.005829352604244816	-0.008331453929612537	-0.017135391162316098	-0.006825492527970319	0.008703689162665935	-0.01071667613954106	-0.008950771522565492	-0.001589204840564065	0.008736986935736308	-0.0	0.0	0.0	0.0	0.0	0.0	0.0	0.0	0.0	0.0	0.0	0.0	0.0	0.0	0.0	0.0	0.0	0.0	0.0	0.0	0.0	0.0	0.0	0.0	0.0	0.0	0.0	0.0	0.0	0.0	0.0	0.0	0.0	0.0	0.0	0.0	0.0	0.0	0.0	0.0	0.0	0.0	0.0	0.0	0.0	0.0	0.0	0.0	0.0	0.0	0.0	0.0	0.0	0.0	0.0	0.0	0.0	0.0	0.0	0.0	0.0	0.0	0.0	0.0	0.0	0.0	0.0	0.0	0.0	0.0	0.0	0.0	0.0	0.0	0.0	0.0	0.0	0.0	0.0	0.0	0.0	0.0	0.0	0.0	0.0	0.0	0.0	0.0	0.0	0.0	0.0	0.0	0.0	0.0	0.0	0.0	0.0	0.0	0.0	0.0	0.0	0.0	0.0	0.0	0.0	0.0	0.0	0.0	0.0	0.0	0.0	0.0	0.0	0.0	0.0	0.0	0.0	0.0	0.0	0.0	0.0
S2017t3M_E13-T3a-Male	-0.1859652983328209	-0.08804816223445279	-0.04102797646351976	-0.03230711917639774	0.16378607730368552	0.2869649279232305	0.4108195230264318	0.21360748288382378	0.06213746537170603	0.17308833271708676	-0.0763687715278079	0.007355233309705448	0.02694317288682641	0.05464212988925951	0.08746493429028644	0.14640720454591316	-0.051206335758136004	-0.07218343980315348	-0.031090853127868367	0.06592390402676666	0.13129163740968444	-0.09032196708475722	-0.011916951803580916	-0.06060437316729745	0.02057772007057224	-0.003925874079169439	-0.008653745073174955	0.037880273281534246	0.03577032524600335	-0.005582535140673477	-0.03895842142945134	-0.006736203716868679	-0.04051176269688265	0.036313902350044204	0.012087742455983258	0.0643429711318977	-0.03172493577672156	0.0035602210177479205	0.016091682324223658	-0.003940669800303839	-0.0020242127510416825	-0.010090307849562805	0.013382202799442553	0.02478710096384532	-0.007408831043012347	-0.013877416942589987	-0.01947274817064051	0.02304523386354844	0.0014642925081022288	0.012717145474649647	-0.008722527776358369	0.0036801433290469384	-0.013830354985011582	0.01905756652403694	-0.007306301799753475	0.01955840883788625	-0.006266922356883244	-0.0046115228678105585	0.012928296750923773	-0.0026332410881720818	0.0013483572275249372	0.005933431385062545	-0.0016630223728042871	0.0037350779911274655	0.0006796607407375746	-0.0019100057284678791	0.0035963585550712086	0.002111885046155014	0.001594875716016341	-0.007236988450005126	-0.0012988420622910804	0.0029270521570115217	-0.0006078327219897353	0.0004979405366786654	7.406252790166004e-07	-0.0	0.0	0.0	0.0	0.0	0.0	0.0	0.0	0.0	0.0	0.0	0.0	0.0	0.0	0.0	0.0	0.0	0.0	0.0	0.0	0.0	0.0	0.0	0.0	0.0	0.0	0.0	0.0	0.0	0.0	0.0	0.0	0.0	0.0	0.0	0.0	0.0	0.0	0.0	0.0	0.0	0.0	0.0	0.0	0.0	0.0	0.0	0.0	0.0	0.0	0.0	0.0	0.0	0.0	0.0	0.0	0.0	0.0	0.0	0.0	0.0	0.0	0.0	0.0	0.0	0.0	0.0	0.0	0.0	0.0	0.0	0.0	0.0	0.0	0.0	0.0	0.0	0.0	0.0	0.0	0.0	0.0	0.0	0.0	0.0	0.0	0.0	0.0	0.0	0.0	0.0	0.0	0.0	0.0	0.0	0.0	0.0	0.0	0.0	0.0	0.0	0.0	0.0	0.0	0.0	0.0	0.0	0.0	0.0	0.0	0.0	0.0	0.0	0.0	0.0	0.0	0.0	0.0	0.0	0.0	0.0
S2017t3M_E14-T3a-Male	-0.2400186829048449	0.1452038544011489	-0.17297328771847442	0.12251529174954183	-0.046555004689931255	0.07128458311742367	0.16437452292157625	0.07762922547721803	0.02922017019753639	0.040285723783677264	0.01269320863125383	0.0717751206016279	-0.0522093894133092	-0.050329539819673495	-0.002524655813097553	0.006711435139273736	-0.07244757498087802	-0.01415173660704841	-0.021495877521393647	-0.0006122883808366096	-0.06374701879256436	0.01770980785129175	-0.020220776391273804	0.0664187264711236	-0.043904921325048994	0.008455764979792326	-0.041961606964391655	-0.006513059820129748	-0.030679192233097934	-0.039415464033773384	0.004200957172491503	-0.019258748314668915	0.0006198336894002015	-0.020127699288177946	0.019610637497097013	0.027112833591157404	0.005574298968843937	-0.00033643747970093943	-0.03003883643973302	-0.022262210657245356	0.023381108032457475	0.010663811603718236	-0.00013579265068678264	-0.039793332459164936	0.004884157759109549	-0.001395054311871703	0.0006864958135590663	0.019313934189062815	-0.006000777200654953	0.007272811529072142	-0.004721299598324863	-0.040283843781875585	0.005566501478981825	0.017429339297647572	-0.00967144834505911	0.019092441609143064	0.035930062308225166	-0.0014512738402656892	-0.004819239043332952	0.002467136647214463	0.015119005534431868	0.0018904132785472403	0.005524005773808845	0.0006787369571391188	-0.003691651528937673	0.0010491334281194369	0.004293988086627971	0.01574118372886176	0.005741569214296693	0.004242805945229938	0.00164115764191117	0.0022792395265643028	-0.0010342667451389766	0.001562483886144302	0.005318696868391938	-0.0	0.0	0.0	0.0	0.0	0.0	0.0	0.0	0.0	0.0	0.0	0.0	0.0	0.0	0.0	0.0	0.0	0.0	0.0	0.0	0.0	0.0	0.0	0.0	0.0	0.0	0.0	0.0	0.0	0.0	0.0	0.0	0.0	0.0	0.0	0.0	0.0	0.0	0.0	0.0	0.0	0.0	0.0	0.0	0.0	0.0	0.0	0.0	0.0	0.0	0.0	0.0	0.0	0.0	0.0	0.0	0.0	0.0	0.0	0.0	0.0	0.0	0.0	0.0	0.0	0.0	0.0	0.0	0.0	0.0	0.0	0.0	0.0	0.0	0.0	0.0	0.0	0.0	0.0	0.0	0.0	0.0	0.0	0.0	0.0	0.0	0.0	0.0	0.0	0.0	0.0	0.0	0.0	0.0	0.0	0.0	0.0	0.0	0.0	0.0	0.0	0.0	0.0	0.0	0.0	0.0	0.0	0.0	0.0	0.0	0.0	0.0	0.0	0.0	0.0	0.0	0.0	0.0	0.0	0.0	0.0
S2017t3M_E14-T3b-Male	-0.15671354909753304	0.08029626581207158	-0.2751364495501181	0.12162082050050166	-0.25971562622962147	-0.023810052093013265	-0.025507396688728333	-0.029199301860245053	0.07318839979452199	-0.023315079101512027	0.012891362050986462	-0.0967560079157824	-0.03904352130850037	-0.0008228853597370505	0.06489421252864053	-0.028710354272750552	-0.0011564118533295062	-0.010949737599308656	-0.049880388864934386	-0.012402717416518825	0.05229997114972015	-0.01703949016215253	0.024199177764867744	0.055160757399762665	-0.02445642879405486	0.06995209260722898	-0.0029756203812040067	0.037219452109493935	-0.03268244089863199	0.007403766009804771	0.014003604561708608	-0.013399716770355612	-0.003771652572209197	-0.040474883799474885	0.03279116903804419	-0.028321038613483496	-0.0010929247304691052	0.01980079180712444	0.03649576794267449	-0.014701635357579852	-0.003934579702070047	-0.01175357011266126	0.009737674370894052	-0.006642512910799291	0.031668969726161164	-0.021104962026956952	0.006019422743207203	0.022208906955092592	0.023903923991627465	0.024374296594197778	-0.023230670787893645	0.005614758267476373	-0.02736555814578924	0.004878342672681713	-0.012945874205415488	0.026232382160261	0.0022842753488347815	-0.012732860277565027	0.012669517482003127	-0.010671024120992753	0.01512671444574302	-0.013637553802519235	0.004215668450555439	0.0021060999245433283	-0.0014507614158687755	-0.003987609291739209	-0.004766612283855034	-0.004307265871182803	-0.002708477213362142	-0.002077301424866507	0.0020757496810960706	0.00017333722599708647	-0.0007521458581260252	-0.0023882369481998526	-0.0003661908362956812	-0.0	0.0	0.0	0.0	0.0	0.0	0.0	0.0	0.0	0.0	0.0	0.0	0.0	0.0	0.0	0.0	0.0	0.0	0.0	0.0	0.0	0.0	0.0	0.0	0.0	0.0	0.0	0.0	0.0	0.0	0.0	0.0	0.0	0.0	0.0	0.0	0.0	0.0	0.0	0.0	0.0	0.0	0.0	0.0	0.0	0.0	0.0	0.0	0.0	0.0	0.0	0.0	0.0	0.0	0.0	0.0	0.0	0.0	0.0	0.0	0.0	0.0	0.0	0.0	0.0	0.0	0.0	0.0	0.0	0.0	0.0	0.0	0.0	0.0	0.0	0.0	0.0	0.0	0.0	0.0	0.0	0.0	0.0	0.0	0.0	0.0	0.0	0.0	0.0	0.0	0.0	0.0	0.0	0.0	0.0	0.0	0.0	0.0	0.0	0.0	0.0	0.0	0.0	0.0	0.0	0.0	0.0	0.0	0.0	0.0	0.0	0.0	0.0	0.0	0.0	0.0	0.0	0.0	0.0	0.0	0.0
S2017t3M_E16-T3a-Male	-0.4000716558197548	0.1438013538580354	-0.15730449621166606	-0.027156807461347438	0.05763398296612204	0.0035622881651589462	-0.024277389056454487	-0.025537429768390307	0.004927187870947318	-0.03392265616216579	0.02387389833285476	-0.027235034424318662	0.01308123974083331	-0.005946559765777028	0.004669233853678008	-0.025288378410847124	-0.03333179427621545	0.053998623972232304	0.016686707993998354	-0.03248066377644166	0.0047260640903802375	0.032707533942920884	0.012965558901717278	-0.026245243709046507	0.05276857522408276	0.03429266594847618	-0.006128862376233848	0.027868567856686375	-0.012900885644974994	-0.011741826564265659	0.008079634814564925	-0.0438359748359401	-0.015257715523869923	-0.007868492321795885	-0.02727863507599923	0.039478893138439296	-0.006324376899596307	-0.013985827525231673	0.0074279506168115125	0.0069288718725586985	-0.015571447751059094	-0.004447980677993492	0.05849849788083102	-0.014198561316783315	-0.007845889510523871	0.011560236186612362	0.03960335091080721	0.00013544229843405188	-0.010904126991104393	0.015955101273086587	-0.01832905345119389	0.005801840757442891	0.010314312717162988	0.019313126280590325	-0.010094852576214628	0.02295259399907711	-0.010627193818078508	-0.002053886848081759	-0.007950222873303686	0.009160223748805346	0.008654324658089194	0.012796787349902385	0.005190365749549774	0.015703960782204852	0.0014995154538139414	0.004514745882838249	-0.020798111381668018	0.00045418694671143215	0.007154540041000188	-0.010461338727076405	0.005016041244055039	-0.006447642143516649	0.004848611620038608	0.002028669087881437	-0.007776494701652876	-0.0	0.0	0.0	0.0	0.0	0.0	0.0	0.0	0.0	0.0	0.0	0.0	0.0	0.0	0.0	0.0	0.0	0.0	0.0	0.0	0.0	0.0	0.0	0.0	0.0	0.0	0.0	0.0	0.0	0.0	0.0	0.0	0.0	0.0	0.0	0.0	0.0	0.0	0.0	0.0	0.0	0.0	0.0	0.0	0.0	0.0	0.0	0.0	0.0	0.0	0.0	0.0	0.0	0.0	0.0	0.0	0.0	0.0	0.0	0.0	0.0	0.0	0.0	0.0	0.0	0.0	0.0	0.0	0.0	0.0	0.0	0.0	0.0	0.0	0.0	0.0	0.0	0.0	0.0	0.0	0.0	0.0	0.0	0.0	0.0	0.0	0.0	0.0	0.0	0.0	0.0	0.0	0.0	0.0	0.0	0.0	0.0	0.0	0.0	0.0	0.0	0.0	0.0	0.0	0.0	0.0	0.0	0.0	0.0	0.0	0.0	0.0	0.0	0.0	0.0	0.0	0.0	0.0	0.0	0.0	0.0
S2017t3M_E17-T3b-Male	-0.28168030788098597	-0.029879804253556148	-0.04890128241054951	0.0376344738117458	0.15581931782828543	-0.16935970906004427	-0.03741069901395983	0.030470314771969625	-0.10244337476643921	-0.026302700436873064	0.004775838306236394	0.028055530398104607	-0.03528654104014054	-0.02384507890040711	0.06817878324115416	0.01878041878666809	0.03252711922960658	0.017100918111003748	-0.08585338289073036	0.05596863252471978	-0.026898062481412285	0.039626908956195514	0.09296360256819813	-0.00912833532977768	-0.005131072400549462	0.017376171727835545	-0.025978873157428833	-0.005833803027388729	0.041164688749388036	0.005483874709180267	0.04147084095079508	0.014248109754833902	-0.02396629429638301	-0.023625470318622704	-0.032267264125585685	-0.001831772780830123	-0.010862071459315123	-0.00584602113561794	-0.03374408159536713	-0.02426354674589085	0.003919097423050587	0.016456337128435014	-0.04279480827150799	-0.02765809774258611	-0.020668028499231612	-0.0010318348159181854	-0.01512427690238716	0.015949005228417183	-0.010722465413396828	0.01316703285480398	-0.001361217712678983	0.0024225074405878006	0.02175643382273061	0.0011555727259112932	0.013966503247290752	0.007203887711129753	-0.0020067137052386325	-0.00029738764743776305	-0.007475210995755184	0.00822776146667313	0.019319234714092585	0.002322881640667353	0.0064306794385226495	-0.0013220399393826356	-0.003315903862226314	-0.0039756759038415464	0.0039960007980463855	-0.012359185341914101	0.009583923742296833	0.005688098241968253	0.007234909367797256	0.0010772047139772783	-0.0017399468386453806	-0.0002680367623541724	-0.0011888866359439675	-0.0	0.0	0.0	0.0	0.0	0.0	0.0	0.0	0.0	0.0	0.0	0.0	0.0	0.0	0.0	0.0	0.0	0.0	0.0	0.0	0.0	0.0	0.0	0.0	0.0	0.0	0.0	0.0	0.0	0.0	0.0	0.0	0.0	0.0	0.0	0.0	0.0	0.0	0.0	0.0	0.0	0.0	0.0	0.0	0.0	0.0	0.0	0.0	0.0	0.0	0.0	0.0	0.0	0.0	0.0	0.0	0.0	0.0	0.0	0.0	0.0	0.0	0.0	0.0	0.0	0.0	0.0	0.0	0.0	0.0	0.0	0.0	0.0	0.0	0.0	0.0	0.0	0.0	0.0	0.0	0.0	0.0	0.0	0.0	0.0	0.0	0.0	0.0	0.0	0.0	0.0	0.0	0.0	0.0	0.0	0.0	0.0	0.0	0.0	0.0	0.0	0.0	0.0	0.0	0.0	0.0	0.0	0.0	0.0	0.0	0.0	0.0	0.0	0.0	0.0	0.0	0.0	0.0	0.0	0.0	0.0
S2017t3M_E19-T3a-Male	-0.08004524392755824	0.03748887789936409	0.116888369485067	0.002672928174709099	-0.14851250194358795	-0.022921515889080254	0.1477694287900746	-0.04059414156030384	-0.1334611194248627	-0.05383874794560592	-0.00255804283152248	-0.007311379338020087	0.0191757631157758	0.1675372424309955	0.0013269086680757027	0.07670494785419145	-0.030286444468827316	-0.09416711858888843	0.04357851167993054	0.04975003691938613	-0.02743320066576021	0.07383447162014543	-0.01963337403615201	0.08729895906465815	0.0407511820174649	0.004258984157027178	0.04551046176165338	0.04797625084201953	-0.012137139722994883	-0.03759493164450545	0.03352612905381821	0.008580304958357602	0.0026094140753077687	-0.04188825240294261	0.02694755254995307	0.042524835833820364	0.058335477504596216	-0.02023296059551135	0.012740384342096152	-0.006175341165261853	0.0017944171743261162	0.0003526543677466086	0.002431851317113116	0.007941449237320373	-0.016424290502780423	0.002936706659972086	2.5931936034493482e-05	-0.009272934788327138	0.016190983265515064	-0.01266372254706994	0.00504789970167524	0.021625149728920715	0.014182746300630728	0.01382991435990956	0.01829479566647249	0.01959136319544759	-0.018865785466540917	0.005632205259162097	-0.005086456416501489	0.016035308129035773	-0.012045948477055639	-0.003639400944712853	0.020372766431958372	-0.001238947480802361	-0.011154752601292178	-0.00018436539235754112	0.01156497105745293	-0.0011252704071172293	-0.0018018568340468207	0.0024707150039425187	0.0016685687005691138	0.0006075835151143802	0.0029753275419319635	-0.0015523386034063601	0.00019346543073687716	-0.0	0.0	0.0	0.0	0.0	0.0	0.0	0.0	0.0	0.0	0.0	0.0	0.0	0.0	0.0	0.0	0.0	0.0	0.0	0.0	0.0	0.0	0.0	0.0	0.0	0.0	0.0	0.0	0.0	0.0	0.0	0.0	0.0	0.0	0.0	0.0	0.0	0.0	0.0	0.0	0.0	0.0	0.0	0.0	0.0	0.0	0.0	0.0	0.0	0.0	0.0	0.0	0.0	0.0	0.0	0.0	0.0	0.0	0.0	0.0	0.0	0.0	0.0	0.0	0.0	0.0	0.0	0.0	0.0	0.0	0.0	0.0	0.0	0.0	0.0	0.0	0.0	0.0	0.0	0.0	0.0	0.0	0.0	0.0	0.0	0.0	0.0	0.0	0.0	0.0	0.0	0.0	0.0	0.0	0.0	0.0	0.0	0.0	0.0	0.0	0.0	0.0	0.0	0.0	0.0	0.0	0.0	0.0	0.0	0.0	0.0	0.0	0.0	0.0	0.0	0.0	0.0	0.0	0.0	0.0	0.0
S2017t3M_E19-T3b-Male	-0.32819634050819757	0.001759698471535133	-0.04294128994348675	-0.24247271241416865	0.14665460508279587	-0.07388131922371709	-0.016908050794124732	-0.06068627153891965	-0.09900114772487537	0.054852182180205586	-0.08154504391507132	-0.038175970714783014	0.0402536369272042	-0.017286345841583794	-0.07905051136807924	0.07470737269364726	0.0318015917602926	-0.07418369805388675	-0.029155225409326628	0.10273457355655315	0.01710067117083455	0.05930398999301591	-0.041015064237234666	0.11648417025668045	0.06628819884443689	-0.02406127778177474	0.013398050009655358	0.00979072687216368	-0.030716616889933924	0.013635340614120762	-0.011883321059068853	0.004010381722250508	-0.008923048102797402	-0.013645261271316088	0.02953609411724559	0.004614445917144373	0.031176549189491882	-0.014548306220015336	-0.01480832290432533	-0.0061052000631361845	-0.013434097589396872	-0.016096694673695785	0.015299676536910774	0.01838361306153423	0.01870466501399246	0.008466326109314571	-0.012747349962483022	-0.01336758622073395	-0.012691415336483007	-0.011388341444990553	0.01504707863173871	0.010590017697651031	0.03675076386864173	-0.011815468160109683	0.01479037951789959	0.0006555562380619577	-0.00883375552144633	0.011811148648517135	0.019002986418369176	0.006447190259073345	-0.007912732084275136	-0.00703564765007449	-0.002802258390984274	-0.013031798575386198	-0.0033118411546976785	-0.004944198698997571	0.011848390658936536	0.01314040922115949	0.011294682405179461	0.0035379530460389395	0.0024493183225329377	0.00689239804599734	0.004513987525410382	-0.0009734779831451624	-0.0032013780486600564	-0.0	0.0	0.0	0.0	0.0	0.0	0.0	0.0	0.0	0.0	0.0	0.0	0.0	0.0	0.0	0.0	0.0	0.0	0.0	0.0	0.0	0.0	0.0	0.0	0.0	0.0	0.0	0.0	0.0	0.0	0.0	0.0	0.0	0.0	0.0	0.0	0.0	0.0	0.0	0.0	0.0	0.0	0.0	0.0	0.0	0.0	0.0	0.0	0.0	0.0	0.0	0.0	0.0	0.0	0.0	0.0	0.0	0.0	0.0	0.0	0.0	0.0	0.0	0.0	0.0	0.0	0.0	0.0	0.0	0.0	0.0	0.0	0.0	0.0	0.0	0.0	0.0	0.0	0.0	0.0	0.0	0.0	0.0	0.0	0.0	0.0	0.0	0.0	0.0	0.0	0.0	0.0	0.0	0.0	0.0	0.0	0.0	0.0	0.0	0.0	0.0	0.0	0.0	0.0	0.0	0.0	0.0	0.0	0.0	0.0	0.0	0.0	0.0	0.0	0.0	0.0	0.0	0.0	0.0	0.0	0.0
S2017t3M_E23-T3a-Male	-0.24041298962285496	-0.06985545290634404	-0.16805116303815182	-0.1790475916620794	-0.10953384352241836	-0.11894915717334012	-0.0027031187756124744	-0.05375461575399629	-0.06868721435683872	0.01319279993115022	0.000891173271161929	-0.031265302759928566	-0.029055906865119618	0.010414472341648039	0.05776502423144284	0.032816203200643684	-0.0687159164508262	-0.0705799050430578	0.0513579241495577	0.032437349022411945	0.054956535617492	0.03663277789854849	0.08896424299015707	-0.03369437563676781	0.041363681270103536	0.00017539821018128154	0.01096727198759458	0.0088382432796057	0.037663329598208464	0.007255128570397406	0.03283580433798152	0.0701664685200574	0.024425703974122703	-0.03831202018017558	0.03347494796367791	0.010577556929366275	-0.026708110071713052	-0.010987313409690922	0.018543199026001263	-0.019659852415388465	0.05069766955074289	0.00946363748284889	0.005469518745528412	0.020774698749177846	0.027305152315552188	0.01476376167461335	0.010330115091234892	-0.011022341880110045	0.0008762372856954415	-0.0025411674358945292	0.02588833069328667	-0.011348699792472655	-0.00479252379363285	-0.016304822211372257	-0.004363131036107078	-0.01794022633368873	0.019000255828290173	0.014419876986394443	-0.019091130695210602	-0.01732779637157094	0.006821000616691352	-0.010961726855635507	-0.009464947980473327	0.017640387327635555	0.0018657246677654098	-0.006833532277417824	-0.004546038758624608	0.0014536039271327576	0.0008957985536514483	0.00042738180405936293	-0.009997160936328152	0.0041577703775114855	0.0024764823427530173	-0.002049673287630577	-0.004789324687894262	-0.0	0.0	0.0	0.0	0.0	0.0	0.0	0.0	0.0	0.0	0.0	0.0	0.0	0.0	0.0	0.0	0.0	0.0	0.0	0.0	0.0	0.0	0.0	0.0	0.0	0.0	0.0	0.0	0.0	0.0	0.0	0.0	0.0	0.0	0.0	0.0	0.0	0.0	0.0	0.0	0.0	0.0	0.0	0.0	0.0	0.0	0.0	0.0	0.0	0.0	0.0	0.0	0.0	0.0	0.0	0.0	0.0	0.0	0.0	0.0	0.0	0.0	0.0	0.0	0.0	0.0	0.0	0.0	0.0	0.0	0.0	0.0	0.0	0.0	0.0	0.0	0.0	0.0	0.0	0.0	0.0	0.0	0.0	0.0	0.0	0.0	0.0	0.0	0.0	0.0	0.0	0.0	0.0	0.0	0.0	0.0	0.0	0.0	0.0	0.0	0.0	0.0	0.0	0.0	0.0	0.0	0.0	0.0	0.0	0.0	0.0	0.0	0.0	0.0	0.0	0.0	0.0	0.0	0.0	0.0	0.0
S2017t3M_E23-T3b-Male	-0.29549319767755394	-0.0003073475552449094	-0.178759983387441	-0.12617555288242008	-0.08142885290509652	-0.10817224409211396	-0.06202821483887831	-0.007439869445894035	-0.014039888460095754	0.04090436966834625	0.06383325376665268	0.026212760663424154	-0.04979596733649954	-0.06019532274358008	0.06868586542291505	0.014531111793503802	-0.04085642210190176	-0.06262189922578403	0.01991413296343878	0.04224879275818559	0.026090958420096153	0.010990254259281605	0.04849069339553693	-0.030901203611198767	-0.0053960035460381165	0.026691438402575787	0.012842065733078828	-0.009835082613604926	0.03309316126496395	0.013997367465638939	-0.0005435284158089067	0.035354277418248134	0.001155112894369822	-0.05796211803298425	0.009456693677941604	-0.0024059859318469818	-0.03213729055741888	-0.0016036373400737612	0.017493022105123178	-0.00118863335552723	-0.025871504979816173	-0.014834557380374395	-0.02101465103337111	0.0006510005495422778	-0.011736317007655537	-0.008918507225970141	-0.009783695722200099	-0.0035865546528172226	-0.019604821167424694	-0.013312401452399395	-0.0032774425380268854	0.01872239956462375	0.014590872764087175	0.014535280005201332	0.02681708182159595	-0.008836997577483647	-0.007646011412480187	-0.007163376010727337	-0.007532028684499835	0.009841201950765276	-0.0072330108395933365	0.0048879841085904575	0.0013800806509645647	0.00485673095668243	0.0018837385547047537	0.006965927190102005	0.005905062684874828	0.007779281710285269	-0.008274918968862666	-0.00525620151728986	-0.0011128717446385371	0.002336435042725967	-0.0013623536513859267	0.001616020072257133	0.0031453485963608353	-0.0	0.0	0.0	0.0	0.0	0.0	0.0	0.0	0.0	0.0	0.0	0.0	0.0	0.0	0.0	0.0	0.0	0.0	0.0	0.0	0.0	0.0	0.0	0.0	0.0	0.0	0.0	0.0	0.0	0.0	0.0	0.0	0.0	0.0	0.0	0.0	0.0	0.0	0.0	0.0	0.0	0.0	0.0	0.0	0.0	0.0	0.0	0.0	0.0	0.0	0.0	0.0	0.0	0.0	0.0	0.0	0.0	0.0	0.0	0.0	0.0	0.0	0.0	0.0	0.0	0.0	0.0	0.0	0.0	0.0	0.0	0.0	0.0	0.0	0.0	0.0	0.0	0.0	0.0	0.0	0.0	0.0	0.0	0.0	0.0	0.0	0.0	0.0	0.0	0.0	0.0	0.0	0.0	0.0	0.0	0.0	0.0	0.0	0.0	0.0	0.0	0.0	0.0	0.0	0.0	0.0	0.0	0.0	0.0	0.0	0.0	0.0	0.0	0.0	0.0	0.0	0.0	0.0	0.0	0.0	0.0
S2017t3M_E30-T3a-Male	-0.2516832354675609	0.1663344615229346	-0.26854075270987354	0.17538916456880912	-0.1313657686141235	0.04661597107215108	-0.07091698472535435	0.007848725419834083	0.11093110247999854	-0.08380600779026924	0.018753278449026176	-0.006245429577883645	-0.017724038147495225	-0.029900378202242773	-0.02645091718817633	0.06151408325769816	-0.057445624066570326	-0.0012014736913142194	0.08721952893508564	-0.005314779380104992	0.02803026614243498	-0.026074528992537174	-0.005150325530628666	-0.046786954782917	-0.025792620884763598	0.005287987901760762	0.012881083918083106	-0.01786601615968968	0.05924187708764472	0.009513225765518987	0.009556118084559894	0.0012941617848587703	-0.00045914103635073935	-0.03099308381588436	0.010602380872532539	0.024935567575938875	0.005697387414210271	-0.04326003176162562	-0.007902492288191237	0.007063895761801002	0.022409147794909254	0.01642122479071399	0.01915540542857225	-0.005592478169704466	0.024718991317732114	-0.016871428788854115	0.008546688213592281	0.0060988454813428895	0.013662366793331318	-0.010925092135387723	0.02790897462509049	0.011561901692578733	-0.007371889191943176	-0.0330274780083055	-0.004222289883096227	-0.01797183098660504	-0.023638919172795224	-0.011470836978005753	0.020311990336845467	0.002355232876093142	-0.007004169635378106	-0.0008056680093058424	-0.008331604408611299	-0.015280725973275046	-0.011351512155945475	0.0040427715645095005	0.0018719749164943897	-0.0033398953339637077	0.003233877027514247	0.004132870075425869	0.003264929787567728	-0.0010348607153423664	-0.004969425592105656	0.0024318627225206704	-0.007466570336304045	-0.0	0.0	0.0	0.0	0.0	0.0	0.0	0.0	0.0	0.0	0.0	0.0	0.0	0.0	0.0	0.0	0.0	0.0	0.0	0.0	0.0	0.0	0.0	0.0	0.0	0.0	0.0	0.0	0.0	0.0	0.0	0.0	0.0	0.0	0.0	0.0	0.0	0.0	0.0	0.0	0.0	0.0	0.0	0.0	0.0	0.0	0.0	0.0	0.0	0.0	0.0	0.0	0.0	0.0	0.0	0.0	0.0	0.0	0.0	0.0	0.0	0.0	0.0	0.0	0.0	0.0	0.0	0.0	0.0	0.0	0.0	0.0	0.0	0.0	0.0	0.0	0.0	0.0	0.0	0.0	0.0	0.0	0.0	0.0	0.0	0.0	0.0	0.0	0.0	0.0	0.0	0.0	0.0	0.0	0.0	0.0	0.0	0.0	0.0	0.0	0.0	0.0	0.0	0.0	0.0	0.0	0.0	0.0	0.0	0.0	0.0	0.0	0.0	0.0	0.0	0.0	0.0	0.0	0.0	0.0	0.0
S3-female-3	0.19557135684374816	0.31337019992088716	-0.12856599039444797	0.13435528237104205	0.1990307531842081	-0.05067620758844336	-0.01753605103646493	-0.1838188684868023	0.07313176885645137	0.023634167800394866	0.07270853902720854	0.028253700806485916	-0.006826169090970447	-0.10240037885034534	0.09406726187062144	-0.0757496766900698	-0.07493722363611365	0.013756565236531224	-0.09074384510021513	0.0009192407199803773	0.03384031203624495	-0.062110192119558205	-0.0548926120817803	0.026375415970017985	-0.019702276155705672	0.019217395303834695	-0.012507059311940747	-0.016333363937214296	-0.005326369335916843	-0.0456230497439009	-0.01419567227711503	0.022363646860049748	-0.07262651087486686	0.011973488789860195	0.01845655901219961	-0.012118221708678425	-0.009434623881652003	0.010151550711036456	-0.009203848731567597	0.014731622896788855	-0.030654968982732688	0.0042858915225503485	0.021075662796425105	0.0058946764424198175	0.0036254044690921974	-0.00804720992305147	-0.024472506867408667	-0.011854147121438239	-0.021677335429950685	0.004103275039969768	0.018395350023892053	-0.0063345068760919864	0.019108705891797226	0.005714232989126359	0.0065090297722638244	0.007114836773252813	-0.0029348455534819354	0.017073986198246325	-0.010463297235472943	0.0031961118777128357	-0.0010468674511265878	-0.008263754690569988	0.00010780560667448895	-0.007967326138942367	0.0041724175177821066	-0.007741640349632313	0.009240859622570286	-0.011462319071193128	-0.0048617676021684535	0.004747932181326061	0.00016353355548710902	0.003087105469214774	0.001449638759436068	0.0009249639416192512	-0.0002854120202118688	-0.0	0.0	0.0	0.0	0.0	0.0	0.0	0.0	0.0	0.0	0.0	0.0	0.0	0.0	0.0	0.0	0.0	0.0	0.0	0.0	0.0	0.0	0.0	0.0	0.0	0.0	0.0	0.0	0.0	0.0	0.0	0.0	0.0	0.0	0.0	0.0	0.0	0.0	0.0	0.0	0.0	0.0	0.0	0.0	0.0	0.0	0.0	0.0	0.0	0.0	0.0	0.0	0.0	0.0	0.0	0.0	0.0	0.0	0.0	0.0	0.0	0.0	0.0	0.0	0.0	0.0	0.0	0.0	0.0	0.0	0.0	0.0	0.0	0.0	0.0	0.0	0.0	0.0	0.0	0.0	0.0	0.0	0.0	0.0	0.0	0.0	0.0	0.0	0.0	0.0	0.0	0.0	0.0	0.0	0.0	0.0	0.0	0.0	0.0	0.0	0.0	0.0	0.0	0.0	0.0	0.0	0.0	0.0	0.0	0.0	0.0	0.0	0.0	0.0	0.0	0.0	0.0	0.0	0.0	0.0	0.0
S3-male-1	0.18615411662390288	-0.09867144932232402	0.17632513499724975	-0.02325859740942402	-0.4322028725915029	-0.03761454549412277	-0.08623132981125438	0.051142896477639116	0.006867414835396846	0.14209641988423674	0.08632046935067446	-0.14528161770556894	-0.02789476540180841	0.049357768008768774	-0.026995892474588536	0.07108001909902276	0.014797968777999729	-0.04739553378418982	-0.054092513215753334	-0.04634184383803204	-0.029320199509256326	0.015744698337513456	-0.02055622408561684	-0.01144336837823912	0.02307013091661742	0.026738199057518647	0.01172607502610542	-0.008514180459126075	-0.004661806922653779	-0.04120577074092224	-0.027766132266246843	-0.009448139252534201	0.04371320026865613	0.011621061269965397	-0.022855745533703065	-0.01724635197379407	-0.024424333412456242	0.006660758811627012	-0.01767238733626779	-0.018499027215978004	0.01176274281176861	0.012763921732517119	-0.016602794187008593	0.008098699050606567	-0.001029988728076748	0.019092904899677476	-0.003317984165603171	-0.004144656046652015	0.0027325385033184642	0.01857481457990324	-0.00581414515990631	-0.017060943444767277	0.007138004951732821	-0.017089926701458914	-0.0015607557489629772	-0.011372484199728916	-0.004748443975111711	-0.007734770330938886	-0.010153220956479959	0.001986829488676574	-0.005363174362451198	-0.0022202039207849557	0.001131821850185039	0.0019828884328151513	0.0015190073423220428	0.0090531843379286	-0.00454928975321138	0.003989550100825659	-0.004071492245904737	0.004748381970920964	-0.0024537702554886976	-7.823719370344932e-05	0.003016622061575865	0.0016310542083675895	-0.0019585716271154066	-0.0	0.0	0.0	0.0	0.0	0.0	0.0	0.0	0.0	0.0	0.0	0.0	0.0	0.0	0.0	0.0	0.0	0.0	0.0	0.0	0.0	0.0	0.0	0.0	0.0	0.0	0.0	0.0	0.0	0.0	0.0	0.0	0.0	0.0	0.0	0.0	0.0	0.0	0.0	0.0	0.0	0.0	0.0	0.0	0.0	0.0	0.0	0.0	0.0	0.0	0.0	0.0	0.0	0.0	0.0	0.0	0.0	0.0	0.0	0.0	0.0	0.0	0.0	0.0	0.0	0.0	0.0	0.0	0.0	0.0	0.0	0.0	0.0	0.0	0.0	0.0	0.0	0.0	0.0	0.0	0.0	0.0	0.0	0.0	0.0	0.0	0.0	0.0	0.0	0.0	0.0	0.0	0.0	0.0	0.0	0.0	0.0	0.0	0.0	0.0	0.0	0.0	0.0	0.0	0.0	0.0	0.0	0.0	0.0	0.0	0.0	0.0	0.0	0.0	0.0	0.0	0.0	0.0	0.0	0.0	0.0
S3-male-2	0.2146952920458076	-0.2110232086748778	0.044254344727667684	0.1625651623866887	0.09756684757671752	0.04284358131164782	0.09447338873196255	-0.4996458681396838	0.14266959760405587	0.0902372029706343	-0.04921845885298197	-0.11105885075717599	0.1048705722775756	-0.0014687802312155006	0.06594526986065534	0.06373366975328455	-0.09783236819693258	-0.08444258822037089	-0.009505287249274524	-0.000564110118860023	-0.013101258193809398	0.09241786296473681	0.09552566025628652	0.04024121028438872	-0.06535776504294807	0.030241765428932237	-0.011951222057544389	-0.06141435368981934	-0.011103700075870733	0.07583763930347094	-0.0830642047653025	-0.005302454374015667	-0.027493247064722646	-0.003600460592436855	-0.048851600956557925	0.0020362826713648603	-0.006124236077476401	-9.094974813430493e-05	0.029216344234638626	-0.004199803032133906	0.01182966852903068	-0.03647657090398337	-0.007688729733711885	-0.012517605302428696	-0.010715816033566718	0.025683260517957662	0.0014496816576490214	-0.0014421086932003577	0.025927461328588936	0.01906039975193172	-0.006728767409415673	0.0020200227855776856	-0.0009753185228541557	-0.0011486724248388506	0.0011813289716343202	0.01853880631467326	0.005474094293700054	0.005666352878816393	-0.0014394026555125056	-0.007008480077853427	-0.003493586460011523	-0.00044116630498242066	-0.0019069594657201386	-0.0016691771194539862	-0.005893250579954677	0.002079923316646109	-0.007814470027953302	0.000903727623572735	0.004026058037217179	0.0008299693129537697	0.0028832818943979703	-0.00026353245751272966	-0.0015032906565926557	0.0003624521663834628	-0.0003620153087135172	-0.0	0.0	0.0	0.0	0.0	0.0	0.0	0.0	0.0	0.0	0.0	0.0	0.0	0.0	0.0	0.0	0.0	0.0	0.0	0.0	0.0	0.0	0.0	0.0	0.0	0.0	0.0	0.0	0.0	0.0	0.0	0.0	0.0	0.0	0.0	0.0	0.0	0.0	0.0	0.0	0.0	0.0	0.0	0.0	0.0	0.0	0.0	0.0	0.0	0.0	0.0	0.0	0.0	0.0	0.0	0.0	0.0	0.0	0.0	0.0	0.0	0.0	0.0	0.0	0.0	0.0	0.0	0.0	0.0	0.0	0.0	0.0	0.0	0.0	0.0	0.0	0.0	0.0	0.0	0.0	0.0	0.0	0.0	0.0	0.0	0.0	0.0	0.0	0.0	0.0	0.0	0.0	0.0	0.0	0.0	0.0	0.0	0.0	0.0	0.0	0.0	0.0	0.0	0.0	0.0	0.0	0.0	0.0	0.0	0.0	0.0	0.0	0.0	0.0	0.0	0.0	0.0	0.0	0.0	0.0	0.0
S3-male-3	0.17555144820713336	-0.2558410501224196	0.16346040582461965	0.36169401140525587	0.305877359079947	-0.21118067989652922	-0.07794034800660815	0.07293358765709525	0.0444001998708164	0.09260214141808208	-0.1032319307388999	0.00039249057867869037	0.03335629594367981	-0.0241191562313029	-0.06872765607462905	-0.046425783250288934	0.024991689623684657	-0.09369804695146199	-0.061175348497174854	0.013011283841468897	0.0050191429200274465	-0.05785563822571691	0.03010140274487034	-0.030218294761227622	0.016641322888574433	0.026827066998951758	-0.015388827886229008	0.013944821639945076	-0.026132717690936752	-0.02892519416066913	0.027083134304455875	-0.004291200241856236	0.07142828973952976	0.04600135049276991	0.0304158937940286	-0.01335353556175302	-0.0010902872558159846	-0.006536099752541918	0.009098899501818468	0.009107736969618871	0.010488141129752554	0.0007853907179298946	-0.003320814340356228	0.01396991463735576	0.02483264679437242	0.00986911672556618	-0.004938274408748737	0.005955322008968188	-0.0123554634666769	0.010866519438240442	0.0013247870387178456	0.017079166105898116	0.002364523568397501	0.00318233344887068	-0.001479508902334959	-0.03009549561341878	-0.0005537000682465941	-0.005152222417768631	0.0010228945538675446	0.010289979328654301	-0.01278588199283496	-0.007019768988884342	0.009537638218936974	0.004078224266619692	-0.01456630893789892	0.012192944192613221	-0.0062792716403502966	0.010291132005930409	-0.0052391588808708344	0.008829535234090496	0.008247895455750477	-0.003070122223337825	0.004280299735719101	-0.0016972119960565234	-0.0011174036147728204	-0.0	0.0	0.0	0.0	0.0	0.0	0.0	0.0	0.0	0.0	0.0	0.0	0.0	0.0	0.0	0.0	0.0	0.0	0.0	0.0	0.0	0.0	0.0	0.0	0.0	0.0	0.0	0.0	0.0	0.0	0.0	0.0	0.0	0.0	0.0	0.0	0.0	0.0	0.0	0.0	0.0	0.0	0.0	0.0	0.0	0.0	0.0	0.0	0.0	0.0	0.0	0.0	0.0	0.0	0.0	0.0	0.0	0.0	0.0	0.0	0.0	0.0	0.0	0.0	0.0	0.0	0.0	0.0	0.0	0.0	0.0	0.0	0.0	0.0	0.0	0.0	0.0	0.0	0.0	0.0	0.0	0.0	0.0	0.0	0.0	0.0	0.0	0.0	0.0	0.0	0.0	0.0	0.0	0.0	0.0	0.0	0.0	0.0	0.0	0.0	0.0	0.0	0.0	0.0	0.0	0.0	0.0	0.0	0.0	0.0	0.0	0.0	0.0	0.0	0.0	0.0	0.0	0.0	0.0	0.0	0.0
S4-female-1	0.47452001066716637	0.16781952506112074	-0.14393594950096072	-0.23676133722243445	0.31346453995040324	0.07473886406549249	-0.045891970341760964	0.09555944670543787	0.16449651241212943	-0.02927101741953046	0.03649124858299118	-0.10722652852483262	-0.019972052013106232	0.007463504738122715	-0.04149290117654255	0.039911262376348046	0.003830472915137403	-0.027085969386408074	-0.0023391222280559096	-0.0737263899568193	0.02547148388687141	0.03849444833528967	0.03621239920682035	-0.014417429705538382	-0.06844574261578615	0.007754861516189256	0.0006723158225655329	-0.0052813496417728895	-0.004445023020841505	-0.006108803095008716	0.021597242871229848	0.0036965901221966933	-0.017584801486423975	-0.01701371175812624	0.012821666587341149	0.003983304564910569	-0.01307162270091878	0.031058894915911885	0.00758141249638749	0.044936538034881464	-0.012571292599790583	-0.006454089685097698	-0.009322834031177694	-0.0011887535698701368	-0.017479488494917584	0.008078687805940482	0.011067800632703247	0.010817127126056245	0.021883438715701493	0.01263432869300263	-0.01079624373695393	0.02428575703085209	0.004719623886424015	-0.030675231183264987	0.021849969996719686	-0.013108422080667377	0.015425595229865271	-0.0027982133601765005	0.026179458345576227	0.006073846486819362	-0.015199082333305268	-0.02022598328687736	0.003961087509418957	-0.018580656013189138	-0.0006278703110096627	-0.014782113880772664	-0.004351705021159945	0.015534773106648173	-0.004787075892028035	-0.0029712617725805883	-0.006035457815330589	0.0035914128135826166	-0.0025361744112913968	0.0017402169679177383	0.0032922548490645002	-0.0	0.0	0.0	0.0	0.0	0.0	0.0	0.0	0.0	0.0	0.0	0.0	0.0	0.0	0.0	0.0	0.0	0.0	0.0	0.0	0.0	0.0	0.0	0.0	0.0	0.0	0.0	0.0	0.0	0.0	0.0	0.0	0.0	0.0	0.0	0.0	0.0	0.0	0.0	0.0	0.0	0.0	0.0	0.0	0.0	0.0	0.0	0.0	0.0	0.0	0.0	0.0	0.0	0.0	0.0	0.0	0.0	0.0	0.0	0.0	0.0	0.0	0.0	0.0	0.0	0.0	0.0	0.0	0.0	0.0	0.0	0.0	0.0	0.0	0.0	0.0	0.0	0.0	0.0	0.0	0.0	0.0	0.0	0.0	0.0	0.0	0.0	0.0	0.0	0.0	0.0	0.0	0.0	0.0	0.0	0.0	0.0	0.0	0.0	0.0	0.0	0.0	0.0	0.0	0.0	0.0	0.0	0.0	0.0	0.0	0.0	0.0	0.0	0.0	0.0	0.0	0.0	0.0	0.0	0.0	0.0
S4-male-1	0.196869453875315	-0.23306497307947496	-0.2297226108912512	-0.07286299855579705	-0.3539740465675857	0.014653882123683688	-0.06025887443193412	-0.00502221320861618	0.06786162852467287	0.1395620226584545	-0.0324222846635903	-0.22375861516493795	-0.006009723844553355	0.0010383366756086575	-0.04489550159818355	0.028887114612323326	-0.01672480092509559	-0.0632633557149589	-0.09184269077100297	-0.0320673173907833	-0.008218826644039688	-0.01590030200055559	-0.07369545875708565	-0.1486927508503622	-0.010624906068947221	-0.04769912621708986	-0.0661010990005764	0.030507959042584794	-0.08235170040259009	-0.020882255476979177	0.04608080327325296	-0.02427688326227376	-0.006218524800289132	-0.0022603717838227625	-0.028231636700976958	0.03261658660540727	-0.004876697960952246	-0.042537506669107404	0.013756201937832823	0.014423191523956557	0.012604749058899386	-0.0050359680117496594	0.013541184294767375	-0.06389027137455058	0.008311749122725203	0.0031601103471494093	0.004849877529606215	-0.01926361436122367	-0.00941955070885125	-0.004832604887868867	0.004400113943351278	-0.02048326378235162	0.031793122306910324	0.012825151752001713	0.022064360183631105	-0.0023856267861080667	0.007076856423717688	-0.00591633074329566	-0.009819395674218532	0.0006705249270927261	-0.0012486661938462405	-0.0019075196619796997	0.016220593207716683	-0.0017329237605484033	-0.008127538825019778	0.00020366668612138082	0.010565458524657213	-0.0031591628592463105	0.007909189753908606	-0.0014627051764497538	-0.002910810509667358	-0.005227293097925651	-0.0037849920509380954	-0.0024679799242824014	0.0006866589362076844	-0.0	0.0	0.0	0.0	0.0	0.0	0.0	0.0	0.0	0.0	0.0	0.0	0.0	0.0	0.0	0.0	0.0	0.0	0.0	0.0	0.0	0.0	0.0	0.0	0.0	0.0	0.0	0.0	0.0	0.0	0.0	0.0	0.0	0.0	0.0	0.0	0.0	0.0	0.0	0.0	0.0	0.0	0.0	0.0	0.0	0.0	0.0	0.0	0.0	0.0	0.0	0.0	0.0	0.0	0.0	0.0	0.0	0.0	0.0	0.0	0.0	0.0	0.0	0.0	0.0	0.0	0.0	0.0	0.0	0.0	0.0	0.0	0.0	0.0	0.0	0.0	0.0	0.0	0.0	0.0	0.0	0.0	0.0	0.0	0.0	0.0	0.0	0.0	0.0	0.0	0.0	0.0	0.0	0.0	0.0	0.0	0.0	0.0	0.0	0.0	0.0	0.0	0.0	0.0	0.0	0.0	0.0	0.0	0.0	0.0	0.0	0.0	0.0	0.0	0.0	0.0	0.0	0.0	0.0	0.0	0.0
S4-male-2	0.3096299105352692	0.0853332866976004	0.4348455001692048	-0.012047561627474092	-0.05764715870591395	0.03669236275349401	-0.047043495428512924	-0.04886449397624134	0.030012890309781735	0.03455284524989434	-0.0672270481356388	-0.03130927016839137	0.05585238022950245	-0.12323039901673868	0.09752509159071378	-0.0745537790859108	-0.10051195329305725	0.05648732537772221	0.025172911851578293	0.008228386442307493	0.021750423632184827	0.024861006676278448	-0.05797579513355223	-0.04204133237992053	-0.025836063476788487	-0.05668073587911439	0.10649598985621571	0.01933800839398577	0.052686813277898585	-0.00021336475264061423	-0.007549002865026562	-0.020431808820910266	-0.0169943848747273	-0.0047748791458633736	0.009671116422323194	0.022766282459342084	0.009196126961938339	0.016609902884332173	-0.041927330067526226	-0.00550696784617691	0.0032689012925641073	-0.033474439644281435	0.007832057562617406	-0.0387969228956773	-0.004743348544439205	0.039456575149704645	-0.01155278577979573	0.0053297387704773855	0.006274285481279329	0.008674784045824611	-0.00299471179408427	-0.017329810855966844	-0.002759996382269348	-0.008289764510173384	0.018287117206185092	-0.015578061394120908	-0.005235567318643858	-0.01300098311843003	0.011107915907324978	-0.007172671946888801	-0.00077550326714354	-0.004535429717107206	0.014380094663479798	-0.013630767007294944	-0.0032072079895422135	-0.005328155658751743	-0.0032280247873130697	0.0026093527353247816	-0.012061916901796291	-0.007177124400132908	-0.011607674726714284	-0.0005914718224234525	0.0024467114421963896	0.00271583505302641	-0.002203058844987864	-0.0	0.0	0.0	0.0	0.0	0.0	0.0	0.0	0.0	0.0	0.0	0.0	0.0	0.0	0.0	0.0	0.0	0.0	0.0	0.0	0.0	0.0	0.0	0.0	0.0	0.0	0.0	0.0	0.0	0.0	0.0	0.0	0.0	0.0	0.0	0.0	0.0	0.0	0.0	0.0	0.0	0.0	0.0	0.0	0.0	0.0	0.0	0.0	0.0	0.0	0.0	0.0	0.0	0.0	0.0	0.0	0.0	0.0	0.0	0.0	0.0	0.0	0.0	0.0	0.0	0.0	0.0	0.0	0.0	0.0	0.0	0.0	0.0	0.0	0.0	0.0	0.0	0.0	0.0	0.0	0.0	0.0	0.0	0.0	0.0	0.0	0.0	0.0	0.0	0.0	0.0	0.0	0.0	0.0	0.0	0.0	0.0	0.0	0.0	0.0	0.0	0.0	0.0	0.0	0.0	0.0	0.0	0.0	0.0	0.0	0.0	0.0	0.0	0.0	0.0	0.0	0.0	0.0	0.0	0.0	0.0
S4-male-3	0.1612238035922374	-0.23009942558955568	0.1299193775056686	0.33525622139984723	0.25579780688864884	-0.21658085497490215	-0.0682100084054687	0.1023335661595915	0.005263527688889306	0.08334013940021234	-0.11809103725650796	-0.028123532938534576	0.020456331512354785	-0.020122804464163244	-0.002364349656321604	-0.0347541916512213	-0.02829692110362763	-0.04841063392815364	0.01337162073553239	0.049111004596424604	-0.04514678184517348	-0.007355145148187208	-0.020289193733670965	-0.03411228997008855	0.0032485722530716465	0.030861609595809168	0.00658334553353322	-0.04794277935705493	0.0034293462789777855	-0.01309229853669071	-0.047807698583121803	-0.03583731151964628	0.03274550494210826	-0.033468444359832275	-0.0317887207345911	0.007408290039978818	0.037590757553579046	-0.018926785990838205	-0.07294041472699239	-0.0068724690095884125	0.03125600102590754	-0.002467549737570968	0.04111015426415904	0.036963719131199384	0.004448285662894207	-0.03853916039082908	0.01141518313623741	-0.04959095588873171	8.550536306790016e-05	-0.03885607120081681	-0.00893524623413918	0.03343218935116789	-0.02000075493775932	0.007513803270478159	0.012518186621343167	0.01581561654320275	-0.0019670775284977692	-0.0053367115538796054	-0.0063802868508849725	-0.016642218384597	0.01148574194543687	-0.015327167894927638	0.024927125540829254	0.00998548715876298	0.01363738574286037	-0.015649129782614186	-0.00704080228202264	-0.0006948274913842304	-0.01139956822632899	-0.01064001698313968	0.0020378512793388635	0.0014834870145746244	-0.002677837750295698	0.0005554650603436358	-0.0011929495966538795	-0.0	0.0	0.0	0.0	0.0	0.0	0.0	0.0	0.0	0.0	0.0	0.0	0.0	0.0	0.0	0.0	0.0	0.0	0.0	0.0	0.0	0.0	0.0	0.0	0.0	0.0	0.0	0.0	0.0	0.0	0.0	0.0	0.0	0.0	0.0	0.0	0.0	0.0	0.0	0.0	0.0	0.0	0.0	0.0	0.0	0.0	0.0	0.0	0.0	0.0	0.0	0.0	0.0	0.0	0.0	0.0	0.0	0.0	0.0	0.0	0.0	0.0	0.0	0.0	0.0	0.0	0.0	0.0	0.0	0.0	0.0	0.0	0.0	0.0	0.0	0.0	0.0	0.0	0.0	0.0	0.0	0.0	0.0	0.0	0.0	0.0	0.0	0.0	0.0	0.0	0.0	0.0	0.0	0.0	0.0	0.0	0.0	0.0	0.0	0.0	0.0	0.0	0.0	0.0	0.0	0.0	0.0	0.0	0.0	0.0	0.0	0.0	0.0	0.0	0.0	0.0	0.0	0.0	0.0	0.0	0.0
S5-female-1	0.43413101950835437	0.23762388914391736	0.009769972899006225	-0.1284333570491056	0.1399750311778738	-0.03742247811438052	0.0005168507879871642	0.04863778285823935	0.004097614080746271	0.01713989751485172	0.018595565282410825	-0.04413128129781124	-0.020992347184555532	0.13196719381305907	0.03554917621895659	0.024255357454417245	0.04730476646940369	0.009599561467326016	0.09763127249696239	0.0017641270230091674	-0.00898941194832795	-0.023972494081327362	0.008614594090109597	-0.013997286717274265	-0.0006497190839761973	-0.021812546808874563	0.0028344582719922727	0.0030889462688744227	-0.036809083777382984	0.04947281220689536	-0.045680336613046914	-0.027477429445935585	-0.01598812826016484	0.009703758627444456	0.04044463913330594	-0.00010618055991782668	-0.017182522116381417	0.025383340098977306	-0.009845264031674668	-0.004836584260254	0.02249641221317963	-0.0016701362988779218	-0.0033742737271925272	0.014618980771636304	0.004891037433233189	-0.013649642440854993	0.007380989533634425	-0.002262680698390836	0.003972448813273399	0.030784183943714183	-0.013798342192047487	-0.017599030963291202	0.00801922888313567	0.004705371620055334	-0.004160587849222577	0.0047183339671410555	0.019033295702469408	-0.010305680305839945	0.004595740363760032	0.013787483819444352	-0.02119070297506665	0.025670955819622657	-0.0033922613578050097	-0.007813556091348053	0.004398176198576797	-0.0032005435815208234	0.0192148014881819	-0.012052297592902451	-0.0029144640822286604	-0.0036860001884669318	-0.0004163386812690394	0.01098986229070361	0.0011719235874605004	-0.007105173093959476	-0.005936652345068875	-0.0	0.0	0.0	0.0	0.0	0.0	0.0	0.0	0.0	0.0	0.0	0.0	0.0	0.0	0.0	0.0	0.0	0.0	0.0	0.0	0.0	0.0	0.0	0.0	0.0	0.0	0.0	0.0	0.0	0.0	0.0	0.0	0.0	0.0	0.0	0.0	0.0	0.0	0.0	0.0	0.0	0.0	0.0	0.0	0.0	0.0	0.0	0.0	0.0	0.0	0.0	0.0	0.0	0.0	0.0	0.0	0.0	0.0	0.0	0.0	0.0	0.0	0.0	0.0	0.0	0.0	0.0	0.0	0.0	0.0	0.0	0.0	0.0	0.0	0.0	0.0	0.0	0.0	0.0	0.0	0.0	0.0	0.0	0.0	0.0	0.0	0.0	0.0	0.0	0.0	0.0	0.0	0.0	0.0	0.0	0.0	0.0	0.0	0.0	0.0	0.0	0.0	0.0	0.0	0.0	0.0	0.0	0.0	0.0	0.0	0.0	0.0	0.0	0.0	0.0	0.0	0.0	0.0	0.0	0.0	0.0
S5-female-2	0.24850448854706586	-0.11923485722860441	-0.06379791300665882	-0.036009832436596716	-0.2821114199645285	-0.08237887807961125	-0.10360727153734577	0.014856138592630285	0.13489084461270037	0.24065448377855692	-0.06815081935764042	0.01709349505117612	0.044143732275741185	-0.004016261742965458	0.06814048953518266	-0.05097592426287194	0.024491438493960863	0.03208611765881413	0.023994963812836844	0.12078412494609828	-0.06561390386271258	0.054918250028300516	-0.06560740434892746	-0.04479057065734969	-0.04382113934778366	0.011599002482594843	0.040334291990947346	0.11367985679432221	-0.021533700195843854	0.01676320497505253	0.029162230832480443	-0.02472599696414602	-0.041486766739380614	0.010223083430394951	-0.035252398639391135	-0.02590808092848587	0.04390406396244969	0.03023700392715718	-0.007140028726633	-0.010647899057804791	0.011275664583744162	0.056366726382109676	-0.01725434091038746	0.04186998452442307	0.028596864355347938	-0.0017747724063300863	-0.013748733189563146	0.0332542568731759	-0.01253135172848929	-0.024471009425176854	0.0030207243201027163	0.01952435490113844	-0.007588018574253739	-0.012996232625987455	-0.014536120073473194	-0.021665355418246587	-0.007390772601780915	-0.008450944743884154	0.013628879514772037	0.014322516917070703	0.0015845134343255027	0.007163747393077081	-0.009917624739298735	0.005241958317633892	0.01296032381477486	0.00022269943391032117	0.001742563594399189	0.005171120292342308	0.003708540367328286	0.002119585922993609	0.0032353534850118036	0.0016506625296397964	0.0011934632136622423	0.0016972840593258251	0.0010827729281408477	-0.0	0.0	0.0	0.0	0.0	0.0	0.0	0.0	0.0	0.0	0.0	0.0	0.0	0.0	0.0	0.0	0.0	0.0	0.0	0.0	0.0	0.0	0.0	0.0	0.0	0.0	0.0	0.0	0.0	0.0	0.0	0.0	0.0	0.0	0.0	0.0	0.0	0.0	0.0	0.0	0.0	0.0	0.0	0.0	0.0	0.0	0.0	0.0	0.0	0.0	0.0	0.0	0.0	0.0	0.0	0.0	0.0	0.0	0.0	0.0	0.0	0.0	0.0	0.0	0.0	0.0	0.0	0.0	0.0	0.0	0.0	0.0	0.0	0.0	0.0	0.0	0.0	0.0	0.0	0.0	0.0	0.0	0.0	0.0	0.0	0.0	0.0	0.0	0.0	0.0	0.0	0.0	0.0	0.0	0.0	0.0	0.0	0.0	0.0	0.0	0.0	0.0	0.0	0.0	0.0	0.0	0.0	0.0	0.0	0.0	0.0	0.0	0.0	0.0	0.0	0.0	0.0	0.0	0.0	0.0	0.0
S5-male-1	0.23324595799581285	-0.13085744360705337	-0.16571334405277205	-0.0638955745610354	-0.25527768733902445	-0.021356371008669783	-0.040449738239214154	-0.022141622688747864	0.032757917172818854	0.07318875106109127	-0.2089265981519831	0.07094262284592823	0.004397638156896326	-0.17748414026022527	0.09166312032839292	0.022303513269750077	0.18494640477967475	-0.10970081540616564	0.07821280063958708	-0.20093197221683362	0.028974142956012153	0.011793705336207293	0.0664231402307741	0.028884506718065823	0.07214710186873408	-0.01348051083475936	0.008946394974350116	0.04874777960815657	0.01809201114661008	-0.038026275973479906	-0.0703766003167426	0.014737776120681832	-0.0007479054123360127	-0.04175857144311049	-0.0008458282293358335	-0.008647825500570935	0.011092351948443298	-0.00666204424714868	-0.0020819390055388147	0.030689320329567244	-0.007521191424595499	0.0340771395746086	0.01915746675212655	-0.005455062117389092	0.0061458159162625856	-0.014443329528241799	-0.009084696780893126	0.008681597580820339	0.010725658810715293	-0.0012085715885301494	0.003921087353478971	-0.0036534133250575016	0.00831654015489452	0.01198265592669712	0.017705749827226065	0.008633112235416079	0.015776355703774402	-0.0033128248017961367	-0.0026558486173422226	0.00216338698531074	-0.006426815432142014	-0.007043513507678784	-0.007599658268525382	-0.007497153172031927	-0.004746270175978424	0.004121458427472287	-0.007970181867437616	-0.003204434525976611	-5.576906892700218e-05	0.0028017339627140285	0.0021765844268285504	0.003025722023739718	-0.000773864152561839	-0.000384095340461025	-0.0006556314388981718	-0.0	0.0	0.0	0.0	0.0	0.0	0.0	0.0	0.0	0.0	0.0	0.0	0.0	0.0	0.0	0.0	0.0	0.0	0.0	0.0	0.0	0.0	0.0	0.0	0.0	0.0	0.0	0.0	0.0	0.0	0.0	0.0	0.0	0.0	0.0	0.0	0.0	0.0	0.0	0.0	0.0	0.0	0.0	0.0	0.0	0.0	0.0	0.0	0.0	0.0	0.0	0.0	0.0	0.0	0.0	0.0	0.0	0.0	0.0	0.0	0.0	0.0	0.0	0.0	0.0	0.0	0.0	0.0	0.0	0.0	0.0	0.0	0.0	0.0	0.0	0.0	0.0	0.0	0.0	0.0	0.0	0.0	0.0	0.0	0.0	0.0	0.0	0.0	0.0	0.0	0.0	0.0	0.0	0.0	0.0	0.0	0.0	0.0	0.0	0.0	0.0	0.0	0.0	0.0	0.0	0.0	0.0	0.0	0.0	0.0	0.0	0.0	0.0	0.0	0.0	0.0	0.0	0.0	0.0	0.0	0.0
S5-male-3	0.22862119723617205	-0.16882359416573756	0.20605819151682	0.2513711530588241	0.033990832588403505	-0.1400423830538371	0.05200045901360047	-0.12016106834322299	-0.13122875099227	-0.0504499339717	-0.024432161201062005	-0.04663855626145489	0.05369222390626291	0.12324224174231631	-0.014634895423586342	-0.03273553998685143	0.014902008534848367	0.031841542231128256	-0.041093250406171726	-0.053762788738633306	0.041705873101143855	-0.015204629887184172	-0.011564133801307176	-0.014650361865811846	-0.019614683398971655	0.00863629653760422	-0.03541576664574511	0.04850939874314627	0.018396358847850455	0.0563878643879256	-0.011811123435358763	0.04214459131677677	-0.04632519999101329	-0.03821075581554596	-0.012717617751895248	-0.04708183917794819	-0.018901258350320544	-0.0005553503561167483	-0.028277594818859494	-0.019251981452296455	-0.009659367054305028	0.0359864056718485	0.0014194637256063976	0.00011925550290376449	0.01120458171513154	-0.023013724542549414	-0.04853648090030015	-0.015268265664495462	-0.0112154867275484	0.018174799217028928	-0.018537241264727652	0.0036347067435670605	0.018828393711376075	0.013543532792209838	0.0003091023348095277	-0.014987958508670246	-0.009461283848664456	0.003439295757352094	-0.005666073674100103	-0.008739533046574665	-0.007558707432805742	0.012155285855775595	0.012057907953495638	-0.010012450190514223	-0.0012275385593383422	0.004377867700701378	-0.002106713789309371	-0.0008957464202713276	-0.004991131531893623	-0.0016190221485712223	-0.0005306732661971827	-0.0008133720452937191	0.0004547874480501018	-0.0017269917417925239	-0.0019732211764603306	-0.0	0.0	0.0	0.0	0.0	0.0	0.0	0.0	0.0	0.0	0.0	0.0	0.0	0.0	0.0	0.0	0.0	0.0	0.0	0.0	0.0	0.0	0.0	0.0	0.0	0.0	0.0	0.0	0.0	0.0	0.0	0.0	0.0	0.0	0.0	0.0	0.0	0.0	0.0	0.0	0.0	0.0	0.0	0.0	0.0	0.0	0.0	0.0	0.0	0.0	0.0	0.0	0.0	0.0	0.0	0.0	0.0	0.0	0.0	0.0	0.0	0.0	0.0	0.0	0.0	0.0	0.0	0.0	0.0	0.0	0.0	0.0	0.0	0.0	0.0	0.0	0.0	0.0	0.0	0.0	0.0	0.0	0.0	0.0	0.0	0.0	0.0	0.0	0.0	0.0	0.0	0.0	0.0	0.0	0.0	0.0	0.0	0.0	0.0	0.0	0.0	0.0	0.0	0.0	0.0	0.0	0.0	0.0	0.0	0.0	0.0	0.0	0.0	0.0	0.0	0.0	0.0	0.0	0.0	0.0	0.0
s6-Female-1	0.4424473922562459	0.224770726399625	0.11062566397619204	-0.09412838111876062	0.1976018578488647	-0.031173510405429313	-0.008330683142300664	0.006789239976198699	0.0623748134840856	0.00825282013831094	0.11292928341848252	0.03253377959882358	-0.020673624599156473	0.10159179658676998	-0.044473100823691915	0.018021027280133925	0.028821108385661202	-0.03728795730112118	-0.003985689834473473	-0.0539355251031252	0.02545275774572186	-0.05469321212027831	-0.019186096814767073	0.010831329967254898	0.06015058377894069	-0.020118830871440264	0.00688266251899046	0.02033572241783713	0.018230376735244583	0.0035689680388639356	-0.010265091122014744	-0.02257647276948206	-0.04920604463340656	-0.038251820661679946	0.037490101506430645	-0.0029437802659938034	-0.021383573589504736	0.011255298937899479	-0.02088819717301207	-0.04817325340775624	-0.029342974120238365	0.031713403704967454	-0.003689695919107719	0.00035223929356624283	0.0038991315400690625	-0.011538592601910072	0.014996861437250365	-0.024740571734802264	0.006613952055981019	0.008226562627649425	-0.01120102294470046	0.007909208070346615	-0.012348795948731093	0.009057876615805285	-0.020357479832405472	-0.016108437389398145	-0.006239740318103897	-0.003712941947469902	-0.0010555449464560523	-0.0195158701766429	0.004398872597208515	0.010584563612351569	0.008920740304813636	-0.004312618205123849	-0.009409029812268084	0.005901374997295617	-0.006234436142379802	0.01042783251394458	0.005815458850781415	0.008682577173272574	0.0004905402313422822	-5.9176476603111724e-05	-0.005597394259793671	0.003165534210770159	-0.000776623639059836	-0.0	0.0	0.0	0.0	0.0	0.0	0.0	0.0	0.0	0.0	0.0	0.0	0.0	0.0	0.0	0.0	0.0	0.0	0.0	0.0	0.0	0.0	0.0	0.0	0.0	0.0	0.0	0.0	0.0	0.0	0.0	0.0	0.0	0.0	0.0	0.0	0.0	0.0	0.0	0.0	0.0	0.0	0.0	0.0	0.0	0.0	0.0	0.0	0.0	0.0	0.0	0.0	0.0	0.0	0.0	0.0	0.0	0.0	0.0	0.0	0.0	0.0	0.0	0.0	0.0	0.0	0.0	0.0	0.0	0.0	0.0	0.0	0.0	0.0	0.0	0.0	0.0	0.0	0.0	0.0	0.0	0.0	0.0	0.0	0.0	0.0	0.0	0.0	0.0	0.0	0.0	0.0	0.0	0.0	0.0	0.0	0.0	0.0	0.0	0.0	0.0	0.0	0.0	0.0	0.0	0.0	0.0	0.0	0.0	0.0	0.0	0.0	0.0	0.0	0.0	0.0	0.0	0.0	0.0	0.0	0.0
S6-female-3	0.17659327002144393	-0.056804874811570066	0.31150276284733674	0.19058956261977622	0.0648088074948797	0.108303476682381	0.19028732395465112	-0.2661075020011887	0.07730721707154864	0.2615185735864622	0.1693982913995784	0.05652613422785688	0.06301093323876819	-0.033913831200656996	-0.003926814239401381	0.03965521447018805	-0.02804717273843908	-0.00923621892138406	0.08337748954856107	-0.04600776595404599	-0.05754965398185229	0.06625037918552042	-0.025402872490977006	0.05261512817672691	0.0024136511485752664	0.001675747680755013	-0.00915612590066849	-0.08175391916769688	-0.01124583452256652	0.033186438685595246	-0.01213575048182324	0.025861447259851757	-0.007660596114552861	-0.014463882264342335	-0.033767754455521486	0.014306772568204958	0.006280755737881865	-0.02457958251788952	-0.024385990634162212	-0.007146785006824988	-0.026574465500128482	-0.008001959027060954	-0.0047304489864181485	-0.010753698170180345	0.029551117484803272	-0.0003056591861572948	0.019510888722698877	-0.012344153007512083	-0.0022082052242787986	-0.00939171156558401	-0.004422091129115659	0.009080174091438029	0.002380540753719615	0.01473327505531836	0.0011219421099706336	0.006502350214588695	0.00309176262426063	0.003311834641367097	0.0004968677278754858	0.001547313168356741	0.0034630730272915554	0.00010943149004088724	0.013998329302192384	-0.007032242601912207	0.0021201337701407847	-0.009317555851858202	-0.012235951529956164	-0.0038932736034400558	-0.005730942362459199	0.005275366839443461	-0.00430169580437023	-0.004490656196477392	0.00039986068851357047	-0.000697735070320019	-0.0008644879863404888	-0.0	0.0	0.0	0.0	0.0	0.0	0.0	0.0	0.0	0.0	0.0	0.0	0.0	0.0	0.0	0.0	0.0	0.0	0.0	0.0	0.0	0.0	0.0	0.0	0.0	0.0	0.0	0.0	0.0	0.0	0.0	0.0	0.0	0.0	0.0	0.0	0.0	0.0	0.0	0.0	0.0	0.0	0.0	0.0	0.0	0.0	0.0	0.0	0.0	0.0	0.0	0.0	0.0	0.0	0.0	0.0	0.0	0.0	0.0	0.0	0.0	0.0	0.0	0.0	0.0	0.0	0.0	0.0	0.0	0.0	0.0	0.0	0.0	0.0	0.0	0.0	0.0	0.0	0.0	0.0	0.0	0.0	0.0	0.0	0.0	0.0	0.0	0.0	0.0	0.0	0.0	0.0	0.0	0.0	0.0	0.0	0.0	0.0	0.0	0.0	0.0	0.0	0.0	0.0	0.0	0.0	0.0	0.0	0.0	0.0	0.0	0.0	0.0	0.0	0.0	0.0	0.0	0.0	0.0	0.0	0.0
S6-male-3	0.15088855084295458	-0.1435412559422715	0.28505228923575704	0.3214512102865603	0.1285739098705694	-0.11520346762052949	0.06406214686753348	-0.02068530932750611	-0.11490205867477983	0.033972171399692726	0.1296653454496789	-0.01802507033175628	-0.02510502376011069	-0.005727806466938646	-0.008684247861313357	0.0032250440512525944	0.0037713975582536283	-0.00040148758742384146	0.05213129881797991	2.603946178864986e-05	0.04777910492134667	0.027637121989050807	-0.02599517238935537	-0.004748169405560628	0.03683984460419269	-0.02586109074606547	0.009917088818757604	0.02014264898833541	-0.0016047655781901873	-0.023486395104011314	-0.014046262902331132	-0.028747772693293844	-0.0038144769846112222	0.016243379630433055	0.0034199891634017964	0.0018051087405073737	-0.0065131999898676496	0.012362749635073653	0.0018849433589166328	0.018675090067404723	0.00036554365566158174	0.015317361543147319	-0.009940247613391314	-0.030174774422443748	-0.0013957464690977223	-0.011896974278910361	-0.03061212358747569	0.0006919194803888233	-0.006628368011210551	0.02242132958226708	0.02038455410925019	-0.0012109869871750392	-0.03536940112902917	-0.027887677579155095	0.022823171489732966	0.011170685120787028	0.009651520152695754	5.753060435706705e-05	0.01050036207600047	0.014374418353318402	-0.011193560488974406	-0.005777237017859566	-0.01326487392506133	0.00905850530062047	0.0033771786149522924	0.015419625847348168	0.013911310216352961	-0.004286788134679142	-0.0022511998358130726	9.585759341172957e-05	-0.00021170540366533607	-0.0010648107119102625	0.0010966784040333589	0.0006494514505978682	0.002485727305052404	-0.0	0.0	0.0	0.0	0.0	0.0	0.0	0.0	0.0	0.0	0.0	0.0	0.0	0.0	0.0	0.0	0.0	0.0	0.0	0.0	0.0	0.0	0.0	0.0	0.0	0.0	0.0	0.0	0.0	0.0	0.0	0.0	0.0	0.0	0.0	0.0	0.0	0.0	0.0	0.0	0.0	0.0	0.0	0.0	0.0	0.0	0.0	0.0	0.0	0.0	0.0	0.0	0.0	0.0	0.0	0.0	0.0	0.0	0.0	0.0	0.0	0.0	0.0	0.0	0.0	0.0	0.0	0.0	0.0	0.0	0.0	0.0	0.0	0.0	0.0	0.0	0.0	0.0	0.0	0.0	0.0	0.0	0.0	0.0	0.0	0.0	0.0	0.0	0.0	0.0	0.0	0.0	0.0	0.0	0.0	0.0	0.0	0.0	0.0	0.0	0.0	0.0	0.0	0.0	0.0	0.0	0.0	0.0	0.0	0.0	0.0	0.0	0.0	0.0	0.0	0.0	0.0	0.0	0.0	0.0	0.0
S7-female-1	0.23003765615964286	0.33963415688640486	-0.07958878992296493	0.08507747099204635	0.09887782765994867	-0.07733841358211553	0.010578512514761695	-0.1590880326970273	0.0019480755271754449	0.006229236991959692	0.03685027747373109	-0.012269373846080716	-0.05494083699583522	0.0016084631997629539	0.10287237956762882	-0.06759444716616435	-0.009547415318376256	0.033577999066157015	-0.04277524120352953	-0.04554983378631203	0.016901987563372817	-0.13703863306678554	-0.01969796403273243	0.0069579382502491915	-0.001614961198087622	-0.018076054577263922	-0.005273120119256204	0.03320155195102375	-0.03081875388628048	0.004643911436790619	0.02940458866495402	-0.029371410935995018	0.05756611879476396	-0.0011869496457694439	0.03583391358672141	0.0005815321333820671	-0.003120439637439169	0.014244606996948014	0.018179198694554886	0.006320846867310547	0.03446153837242004	0.0063952146502581275	-0.0333464890386665	0.01882397205113964	-0.016649494843287368	0.01962169244908826	0.005214560795664452	-0.006035733770113676	0.012462057915324197	-0.016229475316380637	0.0019849304314226387	0.012502719672200823	-0.021392058022792978	-0.006881472762458616	0.006229912964194871	-0.014695071994444801	0.014485950045205828	-0.006717739524390752	0.006414410892776848	0.010469023932432132	-0.010056760867517365	0.006745261324793546	0.0034018289521158475	0.003104452255336497	-0.0036960760926305026	-0.0001181956689790719	-0.007141124766107143	0.014463710149879232	0.01089330594461507	-0.004957633744392251	-0.0019519811449022037	-0.0031075761090947006	-0.0009296609737462787	-0.004186715765057863	0.0006536393683980973	-0.0	0.0	0.0	0.0	0.0	0.0	0.0	0.0	0.0	0.0	0.0	0.0	0.0	0.0	0.0	0.0	0.0	0.0	0.0	0.0	0.0	0.0	0.0	0.0	0.0	0.0	0.0	0.0	0.0	0.0	0.0	0.0	0.0	0.0	0.0	0.0	0.0	0.0	0.0	0.0	0.0	0.0	0.0	0.0	0.0	0.0	0.0	0.0	0.0	0.0	0.0	0.0	0.0	0.0	0.0	0.0	0.0	0.0	0.0	0.0	0.0	0.0	0.0	0.0	0.0	0.0	0.0	0.0	0.0	0.0	0.0	0.0	0.0	0.0	0.0	0.0	0.0	0.0	0.0	0.0	0.0	0.0	0.0	0.0	0.0	0.0	0.0	0.0	0.0	0.0	0.0	0.0	0.0	0.0	0.0	0.0	0.0	0.0	0.0	0.0	0.0	0.0	0.0	0.0	0.0	0.0	0.0	0.0	0.0	0.0	0.0	0.0	0.0	0.0	0.0	0.0	0.0	0.0	0.0	0.0	0.0
S7-female-3	0.15303525221405978	-0.2917217421187348	0.09241794058667589	0.35925844651229916	0.3379420533330298	-0.20017292942327997	-0.09211822411426876	0.11632466650742251	0.0499319904810346	0.06274592114695048	-0.1353186381975823	-0.07458238335164087	0.01484552348726066	-0.09706002498791498	-0.06267586250092286	-0.025753724735519005	-0.02234761229601723	-0.11732553289045103	-0.07288632142694643	-0.00284021754368884	0.05916201983505554	0.03381758777133111	0.029782335016187822	-0.007174535687069165	0.01745477460015729	0.03984687483418594	0.04172079200219216	-0.016809431574299812	-0.023999164988349295	-0.009023670301307293	0.008416154663837565	0.006942544717728507	0.06396723149084105	0.006161710515496403	0.03658364494202733	0.052299356682511886	0.014377960085984631	-0.012445711843816789	-0.0507089079159881	0.02328185245918902	0.006007164526327998	-0.004964405638102941	-0.0005103982473331359	-0.02219020515902172	0.0290519326930864	0.001345715062542933	0.01108691334113774	-0.01810094054460499	-0.034064626238064534	0.01300736445441923	-0.03131656305501188	-0.011339930879046356	-0.007443196983262818	0.011444732252189052	0.015055195453737734	0.0009340324857387011	-0.002090347917904467	-0.009758909539071386	0.008074757200713892	-0.004632544527411145	0.0036121706381858046	0.029570198120350798	-0.003781047169572958	-0.0036100533948566424	0.007256137129644968	-0.008503017750261	0.008010073292352541	-0.00511693873658439	0.004671564954355352	-0.0006799768128793471	-0.004715199909737159	0.004087193352207306	-0.002091204949888788	-0.003241231454234923	-6.94325740837622e-05	-0.0	0.0	0.0	0.0	0.0	0.0	0.0	0.0	0.0	0.0	0.0	0.0	0.0	0.0	0.0	0.0	0.0	0.0	0.0	0.0	0.0	0.0	0.0	0.0	0.0	0.0	0.0	0.0	0.0	0.0	0.0	0.0	0.0	0.0	0.0	0.0	0.0	0.0	0.0	0.0	0.0	0.0	0.0	0.0	0.0	0.0	0.0	0.0	0.0	0.0	0.0	0.0	0.0	0.0	0.0	0.0	0.0	0.0	0.0	0.0	0.0	0.0	0.0	0.0	0.0	0.0	0.0	0.0	0.0	0.0	0.0	0.0	0.0	0.0	0.0	0.0	0.0	0.0	0.0	0.0	0.0	0.0	0.0	0.0	0.0	0.0	0.0	0.0	0.0	0.0	0.0	0.0	0.0	0.0	0.0	0.0	0.0	0.0	0.0	0.0	0.0	0.0	0.0	0.0	0.0	0.0	0.0	0.0	0.0	0.0	0.0	0.0	0.0	0.0	0.0	0.0	0.0	0.0	0.0	0.0	0.0
S7-male-1	0.45510945467691943	0.06538172784640751	-0.23369496177326626	-0.21428775150327348	0.050490159894640875	-0.010018281742746861	0.026156800222632413	-0.005138159039716896	0.045755927081565756	-0.1308947147757245	-0.03182898073974556	-0.07234264422671749	0.006867547039370556	0.0890908419632731	-0.06702890368597195	0.041253228831186775	-0.09912547131272721	-0.007718883749005104	-0.0033277386139443383	-0.07889617367814772	-0.06966213523788281	0.01005647955551395	0.06311043748024284	0.029737282254367028	-0.05132965340338765	0.016754548421248516	0.025354851845048314	0.07121012443147098	0.005180982648582439	0.0186754808172738	0.005772278672455442	-0.0031081267794840885	-0.002713169681413036	-0.02943613149312221	0.030437473525104897	-0.016853914096488353	-0.006398799081850028	0.021455747623479966	-0.024554655628850328	-0.0008784814644861264	-0.023998923965143176	-0.016476916314829795	-0.01489115536124635	0.02189970763271828	0.007149874842230049	-0.014206619075827879	0.011302039105533715	0.007833095944424683	-0.0030520698538957433	0.028719282889489307	-0.0026993980023815706	-0.013786652592485519	-0.003585360159025313	0.02182103089197473	-0.0002030675627793876	-0.004909960887234977	-0.005004180588590733	-0.0023389299091953067	-0.011096437069362383	-0.01582062842917411	-0.0032585083572592263	0.011229549920911831	0.006095773517502588	0.009110056458659845	-0.002441652967855921	0.003883042951441604	-0.005232339866328897	0.0017941498280028688	0.0024247724155130736	0.0009998385175174864	-0.003143496036314795	0.004907073433368906	-0.0023898017745880564	0.0026298988797547984	-0.0019811252396235717	-0.0	0.0	0.0	0.0	0.0	0.0	0.0	0.0	0.0	0.0	0.0	0.0	0.0	0.0	0.0	0.0	0.0	0.0	0.0	0.0	0.0	0.0	0.0	0.0	0.0	0.0	0.0	0.0	0.0	0.0	0.0	0.0	0.0	0.0	0.0	0.0	0.0	0.0	0.0	0.0	0.0	0.0	0.0	0.0	0.0	0.0	0.0	0.0	0.0	0.0	0.0	0.0	0.0	0.0	0.0	0.0	0.0	0.0	0.0	0.0	0.0	0.0	0.0	0.0	0.0	0.0	0.0	0.0	0.0	0.0	0.0	0.0	0.0	0.0	0.0	0.0	0.0	0.0	0.0	0.0	0.0	0.0	0.0	0.0	0.0	0.0	0.0	0.0	0.0	0.0	0.0	0.0	0.0	0.0	0.0	0.0	0.0	0.0	0.0	0.0	0.0	0.0	0.0	0.0	0.0	0.0	0.0	0.0	0.0	0.0	0.0	0.0	0.0	0.0	0.0	0.0	0.0	0.0	0.0	0.0	0.0
S7-male-2	0.09640830840025595	-0.1989983308910625	-0.08059186843076854	-0.08827696304154332	-0.15448098045789851	-0.06780031112963585	0.021869103485616024	-0.0815403749522203	0.16254714818289376	0.021553494709836498	-0.1458153898968773	0.08342564036930211	0.04478446553910663	0.0028063535724598496	0.11954508462131717	-0.04278590099065628	-0.1277654635500552	0.01586136949933103	0.040694508967299474	0.03696599598791437	0.04527272873214306	0.057150008811191595	-0.0742891278816879	0.05972013208502758	-0.061290277796906205	-0.03655016255275143	0.050573487750061374	0.031941026650148946	0.008068960311049318	-0.06817528857084479	0.0638638624148119	0.06846331440702431	-0.10242687193686587	-0.01610085792062558	-0.012542718498752313	-0.022494836510023125	0.02664316118506808	-0.01762363643653041	-0.011940788305007045	-0.019428474769058138	0.02381212376174659	0.0010021997344325016	-0.007482682153235208	0.0019490602446598246	-0.02473102118784557	0.016286125894138512	0.009196414011403012	-0.0001475916782437938	-0.004836825045935876	-0.006737774342920237	-0.01256430740224926	0.0016898540253316822	-0.02031258777268141	-0.004644682638339288	0.0028050330677116845	0.00785839974467047	0.0019048396209765629	-0.016568886531513664	0.014422853604368631	-0.0054700483971100635	0.010062997891196378	-0.006645263513520686	-0.004317323189776986	0.004525715800291704	0.00016989673278223563	-0.00017451932415066463	0.005959442590786527	0.0016895715781231734	-0.0007899295240960308	0.0027988174836916756	0.003179609311619248	0.0031019835871445227	-0.00032389337391805403	-0.0032314824974555125	0.0016889122515334047	-0.0	0.0	0.0	0.0	0.0	0.0	0.0	0.0	0.0	0.0	0.0	0.0	0.0	0.0	0.0	0.0	0.0	0.0	0.0	0.0	0.0	0.0	0.0	0.0	0.0	0.0	0.0	0.0	0.0	0.0	0.0	0.0	0.0	0.0	0.0	0.0	0.0	0.0	0.0	0.0	0.0	0.0	0.0	0.0	0.0	0.0	0.0	0.0	0.0	0.0	0.0	0.0	0.0	0.0	0.0	0.0	0.0	0.0	0.0	0.0	0.0	0.0	0.0	0.0	0.0	0.0	0.0	0.0	0.0	0.0	0.0	0.0	0.0	0.0	0.0	0.0	0.0	0.0	0.0	0.0	0.0	0.0	0.0	0.0	0.0	0.0	0.0	0.0	0.0	0.0	0.0	0.0	0.0	0.0	0.0	0.0	0.0	0.0	0.0	0.0	0.0	0.0	0.0	0.0	0.0	0.0	0.0	0.0	0.0	0.0	0.0	0.0	0.0	0.0	0.0	0.0	0.0	0.0	0.0	0.0	0.0
S7-male-3	0.18187760622332003	-0.20835170608503542	0.28591096133699617	0.2884697791418182	0.06423534609734839	-0.14333586998473383	0.03690805809981643	-0.06435313550620467	-0.0773539199227734	-0.009629027830375166	0.02510105424027128	-0.0969296558202072	-0.008854057837846686	0.10302310094709642	-0.005745452212844633	0.012392353232182508	0.01936351236995364	0.02271303980541807	0.007328637177660935	-0.057650334081434794	0.026955002091583677	-0.024290138028768372	0.03532542821473037	0.022806913485204968	-0.009083640153686404	-0.008659232298175454	0.03313833109375594	0.054729044577807674	-0.013182351074544513	-0.031234694833834693	0.06738814858178666	0.011884131951078958	0.004814687270735386	0.024272556158497324	0.03414463455078747	0.02044415977909948	0.027263053498517147	-0.025879705053702733	0.0772442900018127	-0.015941582938643024	-0.02230853444520448	0.009967393546816392	-0.021045114741775166	-0.032686246763530755	0.0008625754874797272	0.0016516782134065266	0.028342830465608867	0.03406310294217373	-0.02204903842571604	-0.037484905247305925	0.017123873334742367	-0.014738972016866064	-0.006427602100074859	0.022490009250659755	-0.001275428505453946	-0.008380226512454023	-0.012279842425100246	0.0028019775748796155	0.008039508241878024	0.011929224141177183	0.01793431258868963	-0.0011041443197572366	-0.004919204290923758	-0.0019245391214923072	0.013491916419422727	-0.016468214176876377	-0.004460744391223068	-0.0030197902906092386	0.0033060920725149056	0.006900869561221289	-8.174330226843716e-05	0.005712358157094436	-0.001985209042054107	-0.004399011055074897	0.0034148352912557805	-0.0	0.0	0.0	0.0	0.0	0.0	0.0	0.0	0.0	0.0	0.0	0.0	0.0	0.0	0.0	0.0	0.0	0.0	0.0	0.0	0.0	0.0	0.0	0.0	0.0	0.0	0.0	0.0	0.0	0.0	0.0	0.0	0.0	0.0	0.0	0.0	0.0	0.0	0.0	0.0	0.0	0.0	0.0	0.0	0.0	0.0	0.0	0.0	0.0	0.0	0.0	0.0	0.0	0.0	0.0	0.0	0.0	0.0	0.0	0.0	0.0	0.0	0.0	0.0	0.0	0.0	0.0	0.0	0.0	0.0	0.0	0.0	0.0	0.0	0.0	0.0	0.0	0.0	0.0	0.0	0.0	0.0	0.0	0.0	0.0	0.0	0.0	0.0	0.0	0.0	0.0	0.0	0.0	0.0	0.0	0.0	0.0	0.0	0.0	0.0	0.0	0.0	0.0	0.0	0.0	0.0	0.0	0.0	0.0	0.0	0.0	0.0	0.0	0.0	0.0	0.0	0.0	0.0	0.0	0.0	0.0
S8-female-3	0.1922486421771198	-0.22315017673016938	0.23223331006518397	0.3427140576108876	0.20967007675360816	-0.223835242561125	-0.057772893580434505	0.010433209582755381	0.01637378819512693	0.09584412549094642	-0.040305177917575846	0.007213874486996512	0.014164043411947401	0.030162405283841755	0.03175359664945316	-0.013452943875262842	-0.03769282403288811	-0.0056785269783784205	0.08062805944274831	0.015842266589416742	-0.021248868224332886	-0.03405896488820988	-0.07421147347780645	-0.03269892938705303	0.011941924705973949	0.01302267676805056	0.028360681829282572	-0.028852523968071458	-0.017822321698502976	0.009434912975403728	0.03312039865962101	0.01639293201386731	-0.006939949986017138	-0.058175504974312106	-0.003145110852968855	0.011709506999732422	0.004138157125774075	0.033066585211539684	-0.04457942976078891	0.06292632214737016	-0.03890166962095945	0.013778383607003066	0.0019453851082304626	0.04403811102707848	-0.028057321563427343	0.017200679595395882	0.03621687743438031	-0.004763465080345313	0.02960204887989336	0.02174471878356785	-0.011008957175304469	-0.02254785387898687	-0.010336216302768274	-0.008919051804772012	-0.022684346797969563	-0.0029987051260511365	0.002781884460452354	0.0008721154876682411	-0.011502665314572896	0.011233121741371034	0.0023820739259486526	-0.013391054822121828	-0.001188667615929207	0.000780162786927724	-0.009538134117720731	5.883616532597013e-06	0.0029488709087204653	0.0010747598949192264	0.00951071755976879	0.002821856727124964	-0.000374604151557824	0.0012177007030300068	-0.0007784387484061473	-0.00018953939542077963	0.003399314972432281	-0.0	0.0	0.0	0.0	0.0	0.0	0.0	0.0	0.0	0.0	0.0	0.0	0.0	0.0	0.0	0.0	0.0	0.0	0.0	0.0	0.0	0.0	0.0	0.0	0.0	0.0	0.0	0.0	0.0	0.0	0.0	0.0	0.0	0.0	0.0	0.0	0.0	0.0	0.0	0.0	0.0	0.0	0.0	0.0	0.0	0.0	0.0	0.0	0.0	0.0	0.0	0.0	0.0	0.0	0.0	0.0	0.0	0.0	0.0	0.0	0.0	0.0	0.0	0.0	0.0	0.0	0.0	0.0	0.0	0.0	0.0	0.0	0.0	0.0	0.0	0.0	0.0	0.0	0.0	0.0	0.0	0.0	0.0	0.0	0.0	0.0	0.0	0.0	0.0	0.0	0.0	0.0	0.0	0.0	0.0	0.0	0.0	0.0	0.0	0.0	0.0	0.0	0.0	0.0	0.0	0.0	0.0	0.0	0.0	0.0	0.0	0.0	0.0	0.0	0.0	0.0	0.0	0.0	0.0	0.0	0.0
S8-male-1	0.37906809228628546	0.19256347395208806	0.3112626223136935	-0.12523512417611873	-0.0035055410524359835	0.02734981768081101	-0.06883522341010129	0.078075107053639	0.013919922443197499	-0.06371445949101161	0.039924084316744504	0.006099995170497247	0.0331141191893348	-0.09061843034989167	-0.00760070491171656	0.0027985786724360915	-0.07950415042937972	0.06350273984038868	-0.09872855849950693	-0.0364583950848183	-0.01353656340988101	-0.015959379233314412	-0.04913155978271162	0.02399853072321776	0.044142240055962345	0.03171720968145302	-0.006282224302849898	-0.0042259688625578004	0.013724499805231945	-0.016971033549176315	-0.018457551509637116	0.038064727467793796	0.05893326671497177	0.016757496746263378	-0.04896949827808524	0.0022095978861714108	-0.0025149225554798186	-0.03206721113102453	0.01730701063746056	0.030215306521417892	0.03757789449575449	0.017840199226633845	-0.0033871947231462495	-0.025093610657778074	-0.004538231121466238	0.0011550026933013914	-0.02379942510185587	0.0005529074569939853	0.0018962862262996878	-0.01414397380779087	0.01546645627923559	-0.007903304677337552	0.010666653969774944	0.02071237907861212	0.007015311349847574	0.001023207071471086	-0.027531476180684408	-0.005223800317068665	-0.010390314078600568	0.0009514689489989611	-0.0003758123923266023	0.006241791443211123	-0.014098974702520006	-0.0008900208575226218	-0.002102863897876824	-0.002661387597958185	0.0003118387607957645	-0.0007008728235264795	0.007637577854601594	0.0008947562072618452	0.0019495934325906216	0.006218590578402898	-0.0020734000118332644	-0.0020475170598346667	0.001553782308873392	-0.0	0.0	0.0	0.0	0.0	0.0	0.0	0.0	0.0	0.0	0.0	0.0	0.0	0.0	0.0	0.0	0.0	0.0	0.0	0.0	0.0	0.0	0.0	0.0	0.0	0.0	0.0	0.0	0.0	0.0	0.0	0.0	0.0	0.0	0.0	0.0	0.0	0.0	0.0	0.0	0.0	0.0	0.0	0.0	0.0	0.0	0.0	0.0	0.0	0.0	0.0	0.0	0.0	0.0	0.0	0.0	0.0	0.0	0.0	0.0	0.0	0.0	0.0	0.0	0.0	0.0	0.0	0.0	0.0	0.0	0.0	0.0	0.0	0.0	0.0	0.0	0.0	0.0	0.0	0.0	0.0	0.0	0.0	0.0	0.0	0.0	0.0	0.0	0.0	0.0	0.0	0.0	0.0	0.0	0.0	0.0	0.0	0.0	0.0	0.0	0.0	0.0	0.0	0.0	0.0	0.0	0.0	0.0	0.0	0.0	0.0	0.0	0.0	0.0	0.0	0.0	0.0	0.0	0.0	0.0	0.0
S8-male-2	0.31629077386206855	-0.2331020141356809	-0.15158724668565715	0.020682708174813057	-0.12168174892109207	-0.14114919103638024	-0.07511016748409684	0.01689688727478838	0.040578156065707124	0.03584893641950581	-0.03565525956078556	0.0186440237578731	0.01061814993883727	-0.08375100275656758	0.07712476071401818	-0.023280934458730983	0.04303299554309764	0.13173611740308797	-0.10618175354125729	0.016076779952921155	0.053761697386299566	0.049874478661583704	0.0028585801862432356	0.03715874924024992	-0.018753690954135666	-0.06069880196567202	0.0062324927995904165	-0.01676951593814859	0.08805248369959606	0.0025846793992481305	0.05993581795429583	0.011057843773861712	-0.0034545172435115883	0.0157758333012095	0.03664530878595507	0.02167024339623432	0.0008215259195640351	-0.03617086932890692	-0.008256887515693423	0.01960832808238771	-0.03333680031713351	-0.028664732530445356	-0.007355536363012168	-0.018774284819022432	0.05678188729563984	0.012528286467386842	-0.0005803104520329958	0.028448462772278162	0.01007491966121737	-0.012592985077386916	-0.019715412329736826	-0.011945083917253305	-0.023375502139264585	-0.010267594626623968	-0.0066885302877556	-0.012286846745937096	-0.012799586343375255	0.007805323646866179	-0.0004637209005378246	0.013072418806841646	0.00013666186058143725	0.019758185713924695	0.0055500327471439456	0.004145930893382641	-0.008211108909989894	0.0062012518518121335	-0.0031709124192367674	0.001030263354018665	0.006540366998883433	0.002414553675332597	0.004500660722760992	0.0011462422518804772	-0.000952509972019455	-0.0028955865128748666	0.0019576985813867702	-0.0	0.0	0.0	0.0	0.0	0.0	0.0	0.0	0.0	0.0	0.0	0.0	0.0	0.0	0.0	0.0	0.0	0.0	0.0	0.0	0.0	0.0	0.0	0.0	0.0	0.0	0.0	0.0	0.0	0.0	0.0	0.0	0.0	0.0	0.0	0.0	0.0	0.0	0.0	0.0	0.0	0.0	0.0	0.0	0.0	0.0	0.0	0.0	0.0	0.0	0.0	0.0	0.0	0.0	0.0	0.0	0.0	0.0	0.0	0.0	0.0	0.0	0.0	0.0	0.0	0.0	0.0	0.0	0.0	0.0	0.0	0.0	0.0	0.0	0.0	0.0	0.0	0.0	0.0	0.0	0.0	0.0	0.0	0.0	0.0	0.0	0.0	0.0	0.0	0.0	0.0	0.0	0.0	0.0	0.0	0.0	0.0	0.0	0.0	0.0	0.0	0.0	0.0	0.0	0.0	0.0	0.0	0.0	0.0	0.0	0.0	0.0	0.0	0.0	0.0	0.0	0.0	0.0	0.0	0.0	0.0
S8-male-3	0.13690674398879815	-0.21034362770727766	0.12171681166241399	0.33987817387804653	0.23379632224156624	-0.20708471868833253	-0.0218482908896327	0.006331574455234931	-0.0075584782680811835	0.05204172246687858	-0.06917850250143734	-0.03706944692993359	0.0030546941041015075	-0.008364028790286292	0.04339005121800434	-0.018623006876106945	-0.03961377097705499	-0.04858802015430385	0.06904665633129302	0.07486218813034534	-0.01035837193053419	-0.027759707349540443	-0.005748719178754197	0.0027101550694028516	0.017705463311462496	-0.016422136306975168	0.0036868435840557226	-0.042912618686183214	-0.0013191241469394743	0.034185267203066375	-0.06598076442251934	-0.030384994544208746	-0.08428934562778084	0.0068267048223819	-0.002310422412270308	-0.015545577074099577	-0.010750914353444363	0.0014400569465673465	0.09385166226096651	-0.06107001926978295	0.006997455613219005	-0.02660437362327504	-0.00905852299135064	-0.0493317774439495	-0.0024268816279483982	0.05601636606423351	-0.019527136298550903	0.025825051053455835	0.02727059579470982	0.0013914472122943853	0.02757828464387565	0.011572120835706114	0.01348927217936984	0.004777168041727038	-0.035967808938169185	0.011524587496239766	-0.005385462374984856	0.005312515759920806	0.00045230740521222287	-0.0067528032138298565	-0.01129874232321522	0.016467586947062633	-0.01934137012829215	-0.005583937127357669	-0.009553979819600964	0.008880772495843112	0.0014404478898948192	0.0040205964316801165	-0.0033247438014872505	0.004826967963810035	-0.004551731065109383	-0.006020519854303728	0.0002574259347346899	0.0008155134953607348	-0.001588401621541811	-0.0	0.0	0.0	0.0	0.0	0.0	0.0	0.0	0.0	0.0	0.0	0.0	0.0	0.0	0.0	0.0	0.0	0.0	0.0	0.0	0.0	0.0	0.0	0.0	0.0	0.0	0.0	0.0	0.0	0.0	0.0	0.0	0.0	0.0	0.0	0.0	0.0	0.0	0.0	0.0	0.0	0.0	0.0	0.0	0.0	0.0	0.0	0.0	0.0	0.0	0.0	0.0	0.0	0.0	0.0	0.0	0.0	0.0	0.0	0.0	0.0	0.0	0.0	0.0	0.0	0.0	0.0	0.0	0.0	0.0	0.0	0.0	0.0	0.0	0.0	0.0	0.0	0.0	0.0	0.0	0.0	0.0	0.0	0.0	0.0	0.0	0.0	0.0	0.0	0.0	0.0	0.0	0.0	0.0	0.0	0.0	0.0	0.0	0.0	0.0	0.0	0.0	0.0	0.0	0.0	0.0	0.0	0.0	0.0	0.0	0.0	0.0	0.0	0.0	0.0	0.0	0.0	0.0	0.0	0.0	0.0
S9-female-1	0.48403748231441757	0.17823984338608645	-0.04647814701525955	-0.17596273791338926	0.2911399543632792	0.013079808083633014	-0.03796832810757132	0.04941076942197855	0.1721281050848218	0.005870200205838197	-0.0003874150834115979	-0.01078466487761517	-0.024665807912658835	0.03579350332281674	-0.047488113311429464	-0.0177770081408283	0.016408335232108166	-0.03494587505826685	-0.046975884750900296	-0.04727123064849695	-0.012088661984906629	-0.014221876057633729	0.062083301112917995	0.022435986568053706	-0.0004687595529630916	-0.019303192608463624	0.01954010044324142	0.005974982904634176	0.025523930504499796	-0.012689585024356732	0.021270778714690047	-0.02040263829431457	0.023219146713183536	-0.017415091140680523	-0.00257732687952856	-0.0053505877207033915	-0.02211344857708642	0.015690054002223282	-0.03827413088216165	-0.0659041415478667	0.0323913902087073	-0.013562213263441874	-0.010968680925084896	-0.01110870725062996	-0.013342080254831277	0.009664260880734453	-0.013035782106124974	-0.012433384969179938	-0.017279850610793217	0.011231645083678585	0.0056488838855173265	0.007699438868664511	-0.02082131187931156	-0.010156069569423746	0.002245629427950021	0.0273014413915706	0.0003016686820052284	-0.005928730882439011	0.002355091706776205	0.0337513814974649	-0.008808385785204816	-0.004765326865834969	-0.006152781022897989	-0.0014563641668272783	-0.006165521752292766	-0.0092641318927017	0.014984718072104256	-0.00820694393423501	-0.007943640150485525	0.0014089779444449344	-0.004929365725181762	-0.002084677081373115	0.007282252397627977	0.0014692029519708465	0.0016890123528954665	-0.0	0.0	0.0	0.0	0.0	0.0	0.0	0.0	0.0	0.0	0.0	0.0	0.0	0.0	0.0	0.0	0.0	0.0	0.0	0.0	0.0	0.0	0.0	0.0	0.0	0.0	0.0	0.0	0.0	0.0	0.0	0.0	0.0	0.0	0.0	0.0	0.0	0.0	0.0	0.0	0.0	0.0	0.0	0.0	0.0	0.0	0.0	0.0	0.0	0.0	0.0	0.0	0.0	0.0	0.0	0.0	0.0	0.0	0.0	0.0	0.0	0.0	0.0	0.0	0.0	0.0	0.0	0.0	0.0	0.0	0.0	0.0	0.0	0.0	0.0	0.0	0.0	0.0	0.0	0.0	0.0	0.0	0.0	0.0	0.0	0.0	0.0	0.0	0.0	0.0	0.0	0.0	0.0	0.0	0.0	0.0	0.0	0.0	0.0	0.0	0.0	0.0	0.0	0.0	0.0	0.0	0.0	0.0	0.0	0.0	0.0	0.0	0.0	0.0	0.0	0.0	0.0	0.0	0.0	0.0	0.0
S9-female-3	0.20848020196690942	-0.05573469286865405	0.43586724304158536	0.08642740797687212	-0.10236065078329754	0.051478053018044034	-0.002514213146056071	-0.12564070664927804	-0.015584982125826041	-0.08554350373755931	-0.00857946825665821	-0.14319420659749033	0.03713776062103624	-0.03636961588628201	0.07110512239073738	-0.05374867911029855	-0.07089165784900099	-0.015326052356850448	-0.03434481059755586	0.024351400438155646	-0.030863928035765344	-0.09170477171444281	0.06626846451032475	-0.00029091356476518466	0.036126774964362666	-0.03889709485474337	-0.03868864959719957	0.028912468521415397	-0.0063512417356086474	-0.017275473208350142	-0.027457784192281787	0.05820942373954661	-0.01853176588514441	0.021761654068829357	0.01994057289999535	-0.03228157635335466	0.0005422020671597418	-0.0032520837603900194	-0.031971232123547313	0.017202749888969495	-0.016341816352555973	0.017956366580391278	0.03240613604712006	0.017746656573064793	0.015188049528000768	-0.03228746400232639	0.02350622138031081	-0.0014958821933063074	0.013756052727688395	0.013680970400439517	0.014919995865533588	-0.0043141527741003514	-0.00449287697315158	-0.006528513068626433	-0.008026083650267258	0.00029735471066598255	0.00902509080175083	0.011095650404277941	0.00024847037147210355	0.0005426239584407453	-0.0067089521125201605	-0.008590940366009372	0.0013166440733772269	0.012620493917411123	0.003724554518811457	-0.002048215956202884	0.008427585440270275	-0.005544069071535296	-0.005768651287566306	0.002217178220537283	0.001778795889188961	0.0013533382036450918	0.00012076078435130738	-0.0005621404303610307	0.001369301054152776	-0.0	0.0	0.0	0.0	0.0	0.0	0.0	0.0	0.0	0.0	0.0	0.0	0.0	0.0	0.0	0.0	0.0	0.0	0.0	0.0	0.0	0.0	0.0	0.0	0.0	0.0	0.0	0.0	0.0	0.0	0.0	0.0	0.0	0.0	0.0	0.0	0.0	0.0	0.0	0.0	0.0	0.0	0.0	0.0	0.0	0.0	0.0	0.0	0.0	0.0	0.0	0.0	0.0	0.0	0.0	0.0	0.0	0.0	0.0	0.0	0.0	0.0	0.0	0.0	0.0	0.0	0.0	0.0	0.0	0.0	0.0	0.0	0.0	0.0	0.0	0.0	0.0	0.0	0.0	0.0	0.0	0.0	0.0	0.0	0.0	0.0	0.0	0.0	0.0	0.0	0.0	0.0	0.0	0.0	0.0	0.0	0.0	0.0	0.0	0.0	0.0	0.0	0.0	0.0	0.0	0.0	0.0	0.0	0.0	0.0	0.0	0.0	0.0	0.0	0.0	0.0	0.0	0.0	0.0	0.0	0.0
S9-male-1	0.44453244140779674	0.16363306077286574	-0.0004846739425498793	-0.12460231976640518	0.17983818767743276	-0.037659277581660384	-0.039538758601936744	0.052397924415074924	0.08078739673503363	0.0261552590753204	0.014852676482425782	-0.0030349077859514917	0.0034082656581915158	0.09593223817153161	0.02801343628466262	-0.00892526109700936	0.021778425470998373	0.04736331038969308	0.03962326119884111	0.007131899631959998	-0.09066014897787822	-0.014269154073822555	-0.01599552284934564	0.005428667149967367	-0.00974689316252769	-0.022864363648340595	0.0008326532027717074	-0.004487104450231332	0.023450896625365952	0.001954085991263432	-0.01643817445597471	0.037283080309408294	-0.0374039342594667	-0.03659550232197381	-0.006607046448923538	-0.020480744960953843	0.027621283484122527	-0.03277709142945558	0.009766752581113439	0.023294191757933215	0.0002496871334219471	-0.032962887301883244	-0.0051980441544374695	0.024034402531841876	0.012608508032404356	-0.028057515077812113	0.0015299833741747445	0.019864969714412352	-0.02366887501442541	-0.022264934428386396	-0.031433202273737026	0.004960592193277677	0.009210768290041412	-0.013748551397034346	0.007899602976959422	0.009624898484383743	-0.015416013568060367	-0.008518552099900292	-0.015625864655358	0.006194865293753666	0.012859150566078113	0.007862116186490527	-0.013438595847959022	0.01779203227262765	0.006416412078567956	0.01832657894975379	-0.006389476217426322	-0.007814889673845722	0.019814762872898375	-0.01157573610360281	-0.007051341891212669	-0.01092809651331714	-0.0007207434053592878	0.0031807034844947993	0.0018152655839711602	-0.0	0.0	0.0	0.0	0.0	0.0	0.0	0.0	0.0	0.0	0.0	0.0	0.0	0.0	0.0	0.0	0.0	0.0	0.0	0.0	0.0	0.0	0.0	0.0	0.0	0.0	0.0	0.0	0.0	0.0	0.0	0.0	0.0	0.0	0.0	0.0	0.0	0.0	0.0	0.0	0.0	0.0	0.0	0.0	0.0	0.0	0.0	0.0	0.0	0.0	0.0	0.0	0.0	0.0	0.0	0.0	0.0	0.0	0.0	0.0	0.0	0.0	0.0	0.0	0.0	0.0	0.0	0.0	0.0	0.0	0.0	0.0	0.0	0.0	0.0	0.0	0.0	0.0	0.0	0.0	0.0	0.0	0.0	0.0	0.0	0.0	0.0	0.0	0.0	0.0	0.0	0.0	0.0	0.0	0.0	0.0	0.0	0.0	0.0	0.0	0.0	0.0	0.0	0.0	0.0	0.0	0.0	0.0	0.0	0.0	0.0	0.0	0.0	0.0	0.0	0.0	0.0	0.0	0.0	0.0	0.0
S9-male-2	0.21067994829957015	-0.3316297847819969	-0.09341852308593185	0.212924956533575	-0.05420513263416619	-0.24802172068059547	-0.0946165313660143	0.10147635850108692	-0.03332161445262343	0.05459668926009349	-0.12158267914720174	-0.013988280833336723	0.008805069888074772	-0.04784576733959269	-0.01429034866301209	0.03230083715645348	-0.08595117980458578	0.016830848470876472	0.05682895209041232	0.008008123008522045	0.013655524974908075	0.06206567911784312	0.0350617384863023	0.011174289831704536	-0.01971264855025558	0.007124500025221559	-0.029573178641355502	0.03489681550598588	-0.056871454827812085	-0.03831071185008513	-0.0022306587587943207	0.07635990520770365	0.012485516031974545	0.05904471600719639	0.010070901045581391	-0.017476701994150145	-0.036054465555203336	-0.01635184903816141	0.04457480993057056	0.01964706150192106	-0.023659066297642656	-0.018956843372676373	0.0023362559749446595	-0.025294997909689823	0.02840353228482143	-0.022335710406530825	-0.018948877621340777	0.02212565116459127	-0.009519391927965718	-0.002520138553748988	-0.003140702458673453	-0.00556866032739599	0.007002397157638392	0.005526355267946333	-0.007449753738598357	-0.005775819571546873	-0.0026515941788396646	0.013800681296938382	-0.0025499725600380283	-0.006093191347311603	0.008181161162771173	0.015278207477883337	8.629209078969937e-05	0.0017444746719889122	-0.0024165979485055297	0.002841131144157135	-0.0033256936371141295	-0.007471629239322552	-0.008923815360165248	-0.003715906232540053	-0.008079866652574107	-0.0013766468190367924	0.0018818968655775238	0.0026949514707697094	-0.0008761526024715459	-0.0	0.0	0.0	0.0	0.0	0.0	0.0	0.0	0.0	0.0	0.0	0.0	0.0	0.0	0.0	0.0	0.0	0.0	0.0	0.0	0.0	0.0	0.0	0.0	0.0	0.0	0.0	0.0	0.0	0.0	0.0	0.0	0.0	0.0	0.0	0.0	0.0	0.0	0.0	0.0	0.0	0.0	0.0	0.0	0.0	0.0	0.0	0.0	0.0	0.0	0.0	0.0	0.0	0.0	0.0	0.0	0.0	0.0	0.0	0.0	0.0	0.0	0.0	0.0	0.0	0.0	0.0	0.0	0.0	0.0	0.0	0.0	0.0	0.0	0.0	0.0	0.0	0.0	0.0	0.0	0.0	0.0	0.0	0.0	0.0	0.0	0.0	0.0	0.0	0.0	0.0	0.0	0.0	0.0	0.0	0.0	0.0	0.0	0.0	0.0	0.0	0.0	0.0	0.0	0.0	0.0	0.0	0.0	0.0	0.0	0.0	0.0	0.0	0.0	0.0	0.0	0.0	0.0	0.0	0.0	0.0

Biplot	0	0

Site constraints	0	0
