Eigvals	219
13.063535496165189	10.535840055543625	9.582151710046324	5.5908627030899805	5.023399437252387	3.087611830103157	2.7733901964945438	2.462543746906437	2.168424027517336	2.0958511425634674	1.6001517628548374	1.3959055595927277	1.2174834395096856	0.9762226077909864	0.8853362750669018	0.8668286074873648	0.8377797145879604	0.7908560995680536	0.647626400094861	0.6063930686851844	0.5902611456776332	0.5334407118249089	0.5232319074490825	0.465584481141293	0.4510354820997693	0.43532345020631613	0.4204544937292838	0.3849348468582634	0.34661977221810814	0.33692289724934454	0.32278521170347463	0.3076989466905309	0.2748275696323046	0.25549723218133535	0.24612313010936826	0.23310529351497578	0.2231642596020944	0.210483297713286	0.19598818444894173	0.18571716132137794	0.1724569842244439	0.1673307792784533	0.15466246093552583	0.14991843865804833	0.14092912846033978	0.13489746202149777	0.12854444365460482	0.11299483675489506	0.1120347656915377	0.10073270142686908	0.0935219553181803	0.0915833023209629	0.08571279065064719	0.07801979191022745	0.0741444184461777	0.06800126924768546	0.06286888660192802	0.060129074282889716	0.05630539693675107	0.05342878395795614	0.05061512708504523	0.04652314455654216	0.04417623347398436	0.03686854166932618	0.03573705879954048	0.031200236842764406	0.027350821462235345	0.026547330702581345	0.024074821432750637	0.021271324937318425	0.017618229334178004	0.013642586514837119	0.013185289028021206	0.01120410505852143	0.01002192564854032	0.005245499206416368	0.004768543696643897	0.0016402468170597733	0.001260493422728513	0.0	0.0	0.0	0.0	0.0	0.0	0.0	0.0	0.0	0.0	0.0	0.0	0.0	0.0	0.0	0.0	0.0	0.0	0.0	0.0	0.0	0.0	0.0	0.0	0.0	0.0	0.0	0.0	0.0	0.0	0.0	0.0	0.0	0.0	0.0	0.0	0.0	0.0	0.0	0.0	0.0	0.0	0.0	0.0	0.0	0.0	0.0	0.0	0.0	0.0	0.0	0.0	0.0	0.0	0.0	0.0	0.0	0.0	0.0	0.0	0.0	0.0	0.0	0.0	0.0	0.0	0.0	0.0	0.0	0.0	0.0	0.0	0.0	0.0	0.0	0.0	0.0	0.0	0.0	0.0	0.0	0.0	0.0	0.0	0.0	0.0	0.0	0.0	0.0	0.0	0.0	0.0	0.0	0.0	0.0	0.0	0.0	0.0	0.0	0.0	0.0	0.0	0.0	0.0	0.0	0.0	0.0	0.0	0.0	0.0	0.0	0.0	0.0	0.0	0.0	0.0	0.0	0.0	0.0	0.0	0.0	0.0	0.0	0.0	0.0	0.0	0.0	0.0	0.0	0.0	0.0	0.0	0.0	0.0	0.0	0.0	0.0	0.0	0.0	0.0

Proportion explained	219
0.17263239210628512	0.13922932824514697	0.126626499519691	0.07388229646220652	0.06638336624972725	0.04080226339055318	0.03664987812874383	0.03254209534774299	0.02865535345167092	0.02769631516258614	0.021145732457787524	0.018446653739157715	0.01608883587249733	0.01290061515587914	0.011699567779957648	0.011454992111487095	0.011071115949422426	0.010451028385107326	0.008558272350725982	0.008013380913193372	0.007800200303787482	0.007049327967627628	0.006914420360076719	0.006152619459761038	0.0059603569204180265	0.005752725100424634	0.0055562343781766	0.005086848306701938	0.004580521134337111	0.004452378586532604	0.004265551484838241	0.0040661890673748865	0.003631799429511915	0.003376352319090535	0.0032524751600314723	0.0030804466711129553	0.0029490776045310797	0.002781500857354463	0.0025899504093605144	0.0024542205916238983	0.0022789896143230997	0.002211247690820599	0.0020438380259450006	0.001981146581182068	0.0018623543810712025	0.0017826469384703723	0.0016986928849835623	0.0014932074835623857	0.0014805203083097093	0.0013311654579078824	0.0012358766786965086	0.0012102577101966027	0.0011326799003585262	0.0010310182349220025	0.0009798058359814154	0.0008986251677379039	0.0008308016069872953	0.0007945954547786	0.000744066211213541	0.0007060522616331128	0.0006688702662475998	0.0006147954154876369	0.0005837813860649254	0.0004872114860264584	0.0004722591330056602	0.00041230580511915653	0.0003614364378221846	0.0003508184445603234	0.00031814465652789246	0.00028109692879674947	0.00023282189385324516	0.00018028445249485762	0.0001742413442508147	0.00014806033621070404	0.00013243803706329907	6.931837679478888e-05	6.301549113229234e-05	2.167558175632245e-05	1.665720546047732e-05	0.0	0.0	0.0	0.0	0.0	0.0	0.0	0.0	0.0	0.0	0.0	0.0	0.0	0.0	0.0	0.0	0.0	0.0	0.0	0.0	0.0	0.0	0.0	0.0	0.0	0.0	0.0	0.0	0.0	0.0	0.0	0.0	0.0	0.0	0.0	0.0	0.0	0.0	0.0	0.0	0.0	0.0	0.0	0.0	0.0	0.0	0.0	0.0	0.0	0.0	0.0	0.0	0.0	0.0	0.0	0.0	0.0	0.0	0.0	0.0	0.0	0.0	0.0	0.0	0.0	0.0	0.0	0.0	0.0	0.0	0.0	0.0	0.0	0.0	0.0	0.0	0.0	0.0	0.0	0.0	0.0	0.0	0.0	0.0	0.0	0.0	0.0	0.0	0.0	0.0	0.0	0.0	0.0	0.0	0.0	0.0	0.0	0.0	0.0	0.0	0.0	0.0	0.0	0.0	0.0	0.0	0.0	0.0	0.0	0.0	0.0	0.0	0.0	0.0	0.0	0.0	0.0	0.0	0.0	0.0	0.0	0.0	0.0	0.0	0.0	0.0	0.0	0.0	0.0	0.0	0.0	0.0	0.0	0.0	0.0	0.0	0.0	0.0	0.0	0.0

Species	0	0

Site	219	219
S1-female-1	0.3943286665543839	0.2619500515955602	-0.20298883973772333	0.3316154574017544	-0.2445296898722224	0.01633032867989242	-0.14354280925300886	-0.0649703944368786	-0.028614252153335334	0.051086422394107725	0.1609695626887384	-0.06347148064857233	-0.0037224326579855574	-0.006646506088383285	-0.01220934462266728	0.1177608332456617	-0.05547336870823078	-0.021427045627310366	-0.02241341709937506	0.0113388945199686	0.03140147267810004	0.024695322516095707	0.05900983065452386	0.0653061059006954	-0.007203019465725214	-0.011004813899210972	-0.11751547886270242	0.024991749701137798	-0.040523413259020875	0.0031495611334514746	0.01750903678947504	0.04970735070016556	0.04896583650788312	0.004857858502233934	0.008614695043142233	0.006457222944112214	0.005929267385758638	0.029988363132557278	0.009336417861565317	-0.010831193150172162	-0.04960513919612636	0.010570022022284941	-0.005564017280848939	-0.024040743414483364	0.019963498959348337	0.016153364545322707	-0.031973220111547344	0.029965078866954424	0.004498132381237893	-0.03406468101431556	0.011035021652571645	-0.010401751237694986	0.007118658403806998	0.016966087756962362	0.013258049890757939	-0.009619407411651047	0.017498760393969224	-0.008401125918904281	-0.01781161593733226	-0.006358569173684649	-0.015264253380168949	-0.010117914449988975	0.02849864525654084	-0.005676181612481894	-0.002238677982994878	0.007251802064757361	-0.016558791425067852	-0.006012394058848948	0.006559302053153462	0.03164778480039198	0.008911174912452339	-0.009836589853225736	0.00559552936988515	0.001446575855218791	-0.007566393437026902	0.0023826993650963874	-0.002479945353653367	0.0014413397106248379	-9.616071161497756e-05	0.0	0.0	0.0	0.0	0.0	0.0	0.0	0.0	0.0	0.0	0.0	0.0	0.0	0.0	0.0	0.0	0.0	0.0	0.0	0.0	0.0	0.0	0.0	0.0	0.0	0.0	0.0	0.0	0.0	0.0	0.0	0.0	0.0	0.0	0.0	0.0	0.0	0.0	0.0	0.0	0.0	0.0	0.0	0.0	0.0	0.0	0.0	0.0	0.0	0.0	0.0	0.0	0.0	0.0	0.0	0.0	0.0	0.0	0.0	0.0	0.0	0.0	0.0	0.0	0.0	0.0	0.0	0.0	0.0	0.0	0.0	0.0	0.0	0.0	0.0	0.0	0.0	0.0	0.0	0.0	0.0	0.0	0.0	0.0	0.0	0.0	0.0	0.0	0.0	0.0	0.0	0.0	0.0	0.0	0.0	0.0	0.0	0.0	0.0	0.0	0.0	0.0	0.0	0.0	0.0	0.0	0.0	0.0	0.0	0.0	0.0	0.0	0.0	0.0	0.0	0.0	0.0	0.0	0.0	0.0	0.0	0.0	0.0	0.0	0.0	0.0	0.0	0.0	0.0	0.0	0.0	0.0	0.0	0.0	0.0	0.0	0.0	0.0	0.0	0.0
S1-female-2	0.23132381091445461	-0.1407551440078588	0.17086007972211867	-0.06578827316021596	0.3969839512767107	-0.0013073835168537545	0.03397714324889263	-0.021678173654045438	0.056875674688542516	0.042369378441292856	0.08706577613230633	0.08666236216783164	0.04064441345427471	0.008908034388188546	0.03033692621169261	0.017517563717378157	-0.009093215983434818	0.0021969888177183956	-0.034555929468262504	0.01687381704139882	0.008859082538549421	-0.019617360296774106	0.06414239690175173	-0.0003497858630366635	-0.0012562252505451542	-0.05333162008347498	-0.026491217309811448	-0.03813859497528463	-0.09202410124597112	-0.0018919228408808004	0.050529861687147966	0.047833559670154076	-0.010937918623249042	0.0352807484894126	0.022590434681945548	-0.019416250213607072	-0.01405738869577795	-0.04279371678368663	-0.032534917914772726	0.028389908449405043	0.014421355863048445	-0.024877055756612726	-0.024695555059567255	-0.025333862418530306	-0.008843162123756755	0.005588307917840978	-0.01744038189567542	0.014161644617821285	0.0036632519832548102	-0.00033463458923192236	-0.023065847776980664	0.004075115852107842	0.0054155403017499765	0.036499327004942926	0.007994632205310803	-0.0097100633906666	0.03397482778619574	0.003811820914089973	0.004987519425479424	0.0242349205321729	0.004624322215655737	-0.010046070214766983	0.0029278509552373914	0.011879191552194628	0.011685435038814888	-0.006368230166480645	-0.009882582095263355	-0.0011074313134215828	-0.004828578223054484	-0.004138073845437104	-0.004399623632713713	0.0022448657820893416	-0.007941599346278857	-0.0008060931243179002	-0.005372915392319964	-0.0034400528041782417	-0.001801085654989751	0.0016233250100749475	0.003078990732283891	0.0	0.0	0.0	0.0	0.0	0.0	0.0	0.0	0.0	0.0	0.0	0.0	0.0	0.0	0.0	0.0	0.0	0.0	0.0	0.0	0.0	0.0	0.0	0.0	0.0	0.0	0.0	0.0	0.0	0.0	0.0	0.0	0.0	0.0	0.0	0.0	0.0	0.0	0.0	0.0	0.0	0.0	0.0	0.0	0.0	0.0	0.0	0.0	0.0	0.0	0.0	0.0	0.0	0.0	0.0	0.0	0.0	0.0	0.0	0.0	0.0	0.0	0.0	0.0	0.0	0.0	0.0	0.0	0.0	0.0	0.0	0.0	0.0	0.0	0.0	0.0	0.0	0.0	0.0	0.0	0.0	0.0	0.0	0.0	0.0	0.0	0.0	0.0	0.0	0.0	0.0	0.0	0.0	0.0	0.0	0.0	0.0	0.0	0.0	0.0	0.0	0.0	0.0	0.0	0.0	0.0	0.0	0.0	0.0	0.0	0.0	0.0	0.0	0.0	0.0	0.0	0.0	0.0	0.0	0.0	0.0	0.0	0.0	0.0	0.0	0.0	0.0	0.0	0.0	0.0	0.0	0.0	0.0	0.0	0.0	0.0	0.0	0.0	0.0	0.0
S1-female-3	0.1108482205924144	0.059952158533737414	0.03410652921471909	-0.11184542512454233	-0.0760581996102284	0.053300498064526726	0.3099262148361251	0.1170447493427922	-0.027568592698271364	-0.047516300618756335	-0.01078195100886384	0.13681532827695686	0.07048863809306846	0.023387565089482882	-0.24776909461764907	-0.18706126099925918	-0.1066236175413512	-0.13576018247869195	0.19879968868917663	-0.04235194635421	0.07211530096113739	-0.08254272574800327	-0.08797774031927713	0.059286203021079405	-0.004921115207202391	-0.04136303678121056	-0.05324831227093728	-0.015649849040074597	0.05258308194234829	-0.04738682974486409	0.015738776686805202	-0.008794700714887955	-0.026080139817074164	0.07346371000115513	0.008402529435635986	-0.03299296563759965	-0.05069460534393271	0.004265065565200187	0.02864775539057834	-0.007850149609276871	-0.02107931163862193	-0.03170709300442519	0.011499153587552838	0.02406656464464036	-0.007287830795163316	-0.011181803640420561	-0.013989212994753917	-0.013574816046391998	0.003068770266533955	-0.007252208322519633	-0.03021237435980992	0.03669903197712704	0.0011469990581948666	-0.000987711753743107	-0.0034738937115182194	0.004850432054457233	-0.006263023152547303	-0.01980423515841545	-0.01904380133009322	-0.00550724610143409	0.0023173443898557074	0.007366513513678488	-0.00733183828494965	-0.006007875965807148	-0.0013376653416750299	0.0008547603811991146	0.0038413417379012985	0.00644413857742699	0.008261652827879225	0.010617148041655524	0.002615691176673454	-0.0027975005400212856	-0.0038061308052968457	-0.00014504329321250912	0.0026045694217741956	0.0008856735029628356	-0.003337357937941657	-0.001510360192130625	0.001221241615434264	0.0	0.0	0.0	0.0	0.0	0.0	0.0	0.0	0.0	0.0	0.0	0.0	0.0	0.0	0.0	0.0	0.0	0.0	0.0	0.0	0.0	0.0	0.0	0.0	0.0	0.0	0.0	0.0	0.0	0.0	0.0	0.0	0.0	0.0	0.0	0.0	0.0	0.0	0.0	0.0	0.0	0.0	0.0	0.0	0.0	0.0	0.0	0.0	0.0	0.0	0.0	0.0	0.0	0.0	0.0	0.0	0.0	0.0	0.0	0.0	0.0	0.0	0.0	0.0	0.0	0.0	0.0	0.0	0.0	0.0	0.0	0.0	0.0	0.0	0.0	0.0	0.0	0.0	0.0	0.0	0.0	0.0	0.0	0.0	0.0	0.0	0.0	0.0	0.0	0.0	0.0	0.0	0.0	0.0	0.0	0.0	0.0	0.0	0.0	0.0	0.0	0.0	0.0	0.0	0.0	0.0	0.0	0.0	0.0	0.0	0.0	0.0	0.0	0.0	0.0	0.0	0.0	0.0	0.0	0.0	0.0	0.0	0.0	0.0	0.0	0.0	0.0	0.0	0.0	0.0	0.0	0.0	0.0	0.0	0.0	0.0	0.0	0.0	0.0	0.0
S1-male-1	0.3231358316292659	0.02055570151635996	0.12936986758504115	0.04428568458573495	0.16383035340786556	0.008885230555078828	-0.13158261988821363	0.0343996750231839	-0.04450781595822802	-0.013219198348316103	-0.10960975808865503	-0.08980228920093607	0.03343322511335928	-0.005824413725919961	-0.08098082395232849	-0.025836507094667022	0.01645166398609787	0.08713449326255586	-0.01436499650412964	0.03099875541997374	0.022482632931938293	0.05945799036844083	-0.00794769890618063	-0.13065437947654512	-0.06475560569509546	0.10325446085372086	0.014915240423595233	0.01639520179151235	-0.02555737154601041	0.03542281333766221	-0.024620654719825618	-0.005679243347703141	0.05602388078637866	-0.014010570758868109	-0.014675107441420138	0.03835095647536614	-0.02705399279818138	-0.02272871036158033	0.07261255292322165	-0.015058936989682687	-0.0023927607028192887	-0.03732226266355587	0.011894287683557022	-0.04249356977694894	-0.004220970359222608	-0.05504029680488346	0.037768410611331835	-0.043626057531110624	0.01795656202423035	0.03706530113973431	-0.008165292604833977	0.03315498099532486	0.02764893528521524	0.011369007657830513	0.003785851321718741	-0.019939217112273505	-0.03330333080068753	0.020751895381522747	-0.00655056140959693	-0.0009458773767123935	-0.0385994302080539	-0.014281429524402606	-0.0037049023626995066	0.005079921863392813	-0.008014619737321059	0.004877598965985548	0.007584870454806353	-0.00725316530263819	0.013177364812669318	0.02297790684920544	0.0017067956032283521	0.01374932352497417	-0.0036799677567618057	0.0037593225995708386	0.009270787972676732	-0.0017082877096532868	0.006686832888351445	-0.002172376727648746	0.0030215717149974794	0.0	0.0	0.0	0.0	0.0	0.0	0.0	0.0	0.0	0.0	0.0	0.0	0.0	0.0	0.0	0.0	0.0	0.0	0.0	0.0	0.0	0.0	0.0	0.0	0.0	0.0	0.0	0.0	0.0	0.0	0.0	0.0	0.0	0.0	0.0	0.0	0.0	0.0	0.0	0.0	0.0	0.0	0.0	0.0	0.0	0.0	0.0	0.0	0.0	0.0	0.0	0.0	0.0	0.0	0.0	0.0	0.0	0.0	0.0	0.0	0.0	0.0	0.0	0.0	0.0	0.0	0.0	0.0	0.0	0.0	0.0	0.0	0.0	0.0	0.0	0.0	0.0	0.0	0.0	0.0	0.0	0.0	0.0	0.0	0.0	0.0	0.0	0.0	0.0	0.0	0.0	0.0	0.0	0.0	0.0	0.0	0.0	0.0	0.0	0.0	0.0	0.0	0.0	0.0	0.0	0.0	0.0	0.0	0.0	0.0	0.0	0.0	0.0	0.0	0.0	0.0	0.0	0.0	0.0	0.0	0.0	0.0	0.0	0.0	0.0	0.0	0.0	0.0	0.0	0.0	0.0	0.0	0.0	0.0	0.0	0.0	0.0	0.0	0.0	0.0
S1-male-2	0.17877339957053967	-0.018733416494974182	0.4397307128692266	-0.09083074177014912	-0.02049915342758851	0.23564609817383417	-0.2696170335864332	0.23320472843378987	0.12200523185176498	-0.1732709470192137	0.05872609797318517	-0.0970831215357465	0.15516336232403174	-0.03722827213016303	0.03070159111255628	0.028900660730224008	-0.03268652007234872	0.05117644980004341	0.05558471392447723	0.0451726578107519	0.03242434266005157	-0.036502573513589084	0.009539050999225938	-0.030299381681897098	0.017921210848521014	0.05502552971135754	-0.01083881545528105	0.01660194222103097	-0.013079329197738883	0.0038023519725203406	-0.012047832071473502	0.0005636581382196344	0.023899289471457426	0.009002897332906937	-0.001776245338742708	0.021531560603418955	-0.016052654544719075	-0.032318619820597104	0.0017333613848011143	-0.013554245981302877	-0.035966015442480556	0.0010419241254583612	-0.0036624838248901525	-0.017929144919868016	0.004131781910367268	-0.018990137000129838	-0.019164672616861694	-0.012558412006729454	-0.00749411648420049	0.000331912564956319	0.012312537340465642	0.00881320188426445	-0.0015882067350235169	-0.008571449551081179	-0.005596125718211186	-0.020196916811082873	0.0013854635670960797	9.192067662695257e-05	0.00905869370425041	0.014162538411398919	-0.016435757523320826	-0.006670742678964223	0.011347461826124424	0.017664531059848037	-0.013168574065767085	-0.006455461970920217	-0.006928603545477783	-0.011619902725673354	-0.007084205496889002	-0.009304510244248445	-0.0032045739516103635	-0.003839925553094445	0.02100878198182088	-0.020322460586371584	-0.005239479719056383	-0.0035523169832841093	-0.0030651222518685932	0.001239054247140575	0.0049255978159141005	0.0	0.0	0.0	0.0	0.0	0.0	0.0	0.0	0.0	0.0	0.0	0.0	0.0	0.0	0.0	0.0	0.0	0.0	0.0	0.0	0.0	0.0	0.0	0.0	0.0	0.0	0.0	0.0	0.0	0.0	0.0	0.0	0.0	0.0	0.0	0.0	0.0	0.0	0.0	0.0	0.0	0.0	0.0	0.0	0.0	0.0	0.0	0.0	0.0	0.0	0.0	0.0	0.0	0.0	0.0	0.0	0.0	0.0	0.0	0.0	0.0	0.0	0.0	0.0	0.0	0.0	0.0	0.0	0.0	0.0	0.0	0.0	0.0	0.0	0.0	0.0	0.0	0.0	0.0	0.0	0.0	0.0	0.0	0.0	0.0	0.0	0.0	0.0	0.0	0.0	0.0	0.0	0.0	0.0	0.0	0.0	0.0	0.0	0.0	0.0	0.0	0.0	0.0	0.0	0.0	0.0	0.0	0.0	0.0	0.0	0.0	0.0	0.0	0.0	0.0	0.0	0.0	0.0	0.0	0.0	0.0	0.0	0.0	0.0	0.0	0.0	0.0	0.0	0.0	0.0	0.0	0.0	0.0	0.0	0.0	0.0	0.0	0.0	0.0	0.0
S10-female-1	0.2301686270191521	-0.09147326347547968	0.31081486323502877	-0.0550139954605105	-0.15389800971704237	0.11436691385429876	0.07813362264033094	0.17049591325184527	-0.3790718926853037	-0.032254404126940674	-0.15201315756191558	0.11676434871272905	0.028979659234550995	0.0502978323549793	0.03807471147022681	0.07332435028270425	-0.030785949816240332	0.0603122415176584	-0.010793405880620504	0.09537294165575834	0.09257048837289214	-0.03521108654795807	0.07757181070020024	0.01801501912401455	0.06453583273117962	-0.11329434753998617	-0.030530251360789594	0.05229625761004293	-0.028513005225847037	0.046203955850248536	-0.014867069882688162	-0.03930632491830508	0.01573240274029111	-0.008903276257702182	0.0039499491623109315	0.030790014400703003	0.008154998769805268	0.021858660768766965	0.005867531389378967	0.008218175196779648	-0.016505782942139488	-0.03257712978047214	-0.06228065163684433	0.001219933525365266	0.05415443997211276	-0.048012384963022146	0.004005981071126213	0.016735877977716515	-0.037063786173121234	0.0009552798474609794	-0.021095498411859617	0.011336448377210212	-0.018243468508276316	0.023568300521294404	0.01733319517005075	0.009484697770062143	-0.008457392769026769	-0.015921404410624212	-0.014015178533234926	0.0011878139311514062	-0.004198517210467143	0.0031535972625879403	-0.0004438457579701539	-0.007665905652925479	0.011561511461849925	0.005352734708516714	0.011754142940856856	0.005449450498382521	0.008939836058713709	0.005782886582806735	-0.003713284743580716	-6.281442769548428e-05	-0.003108881242810583	0.002634120495086067	0.007863857181872954	0.00438905657705976	0.0024368645774466144	0.002501367726223115	-0.0003623384200026188	0.0	0.0	0.0	0.0	0.0	0.0	0.0	0.0	0.0	0.0	0.0	0.0	0.0	0.0	0.0	0.0	0.0	0.0	0.0	0.0	0.0	0.0	0.0	0.0	0.0	0.0	0.0	0.0	0.0	0.0	0.0	0.0	0.0	0.0	0.0	0.0	0.0	0.0	0.0	0.0	0.0	0.0	0.0	0.0	0.0	0.0	0.0	0.0	0.0	0.0	0.0	0.0	0.0	0.0	0.0	0.0	0.0	0.0	0.0	0.0	0.0	0.0	0.0	0.0	0.0	0.0	0.0	0.0	0.0	0.0	0.0	0.0	0.0	0.0	0.0	0.0	0.0	0.0	0.0	0.0	0.0	0.0	0.0	0.0	0.0	0.0	0.0	0.0	0.0	0.0	0.0	0.0	0.0	0.0	0.0	0.0	0.0	0.0	0.0	0.0	0.0	0.0	0.0	0.0	0.0	0.0	0.0	0.0	0.0	0.0	0.0	0.0	0.0	0.0	0.0	0.0	0.0	0.0	0.0	0.0	0.0	0.0	0.0	0.0	0.0	0.0	0.0	0.0	0.0	0.0	0.0	0.0	0.0	0.0	0.0	0.0	0.0	0.0	0.0	0.0
S10-female-2	0.37538632038537306	0.034781811115218254	-0.2965264417347615	0.14994138514839875	0.15808715553815234	-0.04267610685935995	-0.025965047441219084	0.04830727609061121	-0.0023943770901597486	-0.0038033488758669543	0.06344853333767612	-0.005622612543984519	-0.10674453296985821	-0.024157189645052854	-0.06103565155123031	-0.04505487648991972	0.15140006370810666	0.02385099899976278	-0.009149126263587467	0.03596784163069209	0.04286295157614029	-0.06731043806987731	0.03941030397682743	-0.06210163096640452	0.04640371348738625	0.0008125512035277628	-0.06203281213681807	-0.0447417152020715	0.020748174606265234	-0.1062424805827909	-0.023030017950258677	-0.01980929473202215	-0.01586540153392562	-0.040972285890352136	0.03133977717315402	0.035025418370804	0.12112474266465392	0.031652245000398926	-0.06585247779085164	-0.016893204258818427	0.015058107708188622	0.03997848873620492	-0.03371282846884506	0.016663984735102312	0.015556311310562499	0.007011181357143987	-0.003620451530960348	0.0026981581750079673	0.013831236649715953	-0.010054648530545447	0.02635832256988783	0.01496586225219898	0.007199963955697582	0.014947317242828169	-0.01896767816560451	0.02259370094439796	-0.014767481155585037	0.004406009274469778	0.015001067853520907	-0.007309194711180583	0.013266848024586053	-0.025230622462654152	-0.03036621539829728	0.004071642780244426	-0.0034867286737116166	0.008717302575358524	-0.011287749534827607	-0.00857777268386855	-0.013886308758953922	-0.004704190535931162	-0.00232026222194302	-0.00573621985394082	-0.0025686199024272725	-0.004400569653476417	0.006234739213766167	0.0016642506822886636	-0.003345426519267448	-0.0005420708441587139	-0.003200385843831797	0.0	0.0	0.0	0.0	0.0	0.0	0.0	0.0	0.0	0.0	0.0	0.0	0.0	0.0	0.0	0.0	0.0	0.0	0.0	0.0	0.0	0.0	0.0	0.0	0.0	0.0	0.0	0.0	0.0	0.0	0.0	0.0	0.0	0.0	0.0	0.0	0.0	0.0	0.0	0.0	0.0	0.0	0.0	0.0	0.0	0.0	0.0	0.0	0.0	0.0	0.0	0.0	0.0	0.0	0.0	0.0	0.0	0.0	0.0	0.0	0.0	0.0	0.0	0.0	0.0	0.0	0.0	0.0	0.0	0.0	0.0	0.0	0.0	0.0	0.0	0.0	0.0	0.0	0.0	0.0	0.0	0.0	0.0	0.0	0.0	0.0	0.0	0.0	0.0	0.0	0.0	0.0	0.0	0.0	0.0	0.0	0.0	0.0	0.0	0.0	0.0	0.0	0.0	0.0	0.0	0.0	0.0	0.0	0.0	0.0	0.0	0.0	0.0	0.0	0.0	0.0	0.0	0.0	0.0	0.0	0.0	0.0	0.0	0.0	0.0	0.0	0.0	0.0	0.0	0.0	0.0	0.0	0.0	0.0	0.0	0.0	0.0	0.0	0.0	0.0
S10-Female-3	0.1884014936490496	-0.26945052237011524	0.16778891670913185	-0.2628069483094012	-0.21453608072882224	-0.16649155214758368	0.11594973679082547	0.06519348442824963	-0.002364061051220178	0.015284528756214288	-0.0907564525703722	0.053701867893409104	0.08628604460413346	-0.06125025818149724	0.02847547453368278	0.10690080385444253	-0.03766613920485576	0.04901518855235008	-0.0067087370128320915	0.05563228744066831	0.03886622078016664	0.024743485229158587	-0.030826032244512188	-0.009804002333760668	0.035645138141257235	0.01911677819923106	-0.012647490162882849	-0.03355979336868133	-0.028054787127289926	0.004874991110038525	-0.0006433891794249828	-0.02622527174245849	0.03225347978302942	0.007918162230082543	0.0035826563616973344	0.027038012241756802	0.015327740933233037	0.04273670334545566	0.02292135432667763	0.053848819858032936	-0.0004831814301757996	-0.009498705418475837	-0.0034220479970191956	0.02068233058096767	0.0077407030906132684	-0.023770318435540436	-0.031563630760310254	0.02825304733577772	0.0244002998009289	0.0264169632469326	-0.0034933272518841035	0.011274323689208565	0.018245797853920154	-0.005989788379791232	0.0060461758905423985	-0.002449486943326843	-0.010232591679092143	-0.017788649810564123	0.013079005641770308	-0.003937530533296688	0.0019628786930653867	-0.019541250285347034	0.006879503468342232	-0.006211602358762462	0.02178463247887919	-0.0064902755142732214	0.01049054597413979	0.005978716714385386	0.014751752644046635	-0.0034505454195283385	0.006393689132041296	0.006891169160452425	-0.013503891973821043	-0.0022414015959928185	-0.002645156342000387	0.006094243521668063	-0.012585052595725166	0.0015640046291372158	-0.003726351311642546	0.0	0.0	0.0	0.0	0.0	0.0	0.0	0.0	0.0	0.0	0.0	0.0	0.0	0.0	0.0	0.0	0.0	0.0	0.0	0.0	0.0	0.0	0.0	0.0	0.0	0.0	0.0	0.0	0.0	0.0	0.0	0.0	0.0	0.0	0.0	0.0	0.0	0.0	0.0	0.0	0.0	0.0	0.0	0.0	0.0	0.0	0.0	0.0	0.0	0.0	0.0	0.0	0.0	0.0	0.0	0.0	0.0	0.0	0.0	0.0	0.0	0.0	0.0	0.0	0.0	0.0	0.0	0.0	0.0	0.0	0.0	0.0	0.0	0.0	0.0	0.0	0.0	0.0	0.0	0.0	0.0	0.0	0.0	0.0	0.0	0.0	0.0	0.0	0.0	0.0	0.0	0.0	0.0	0.0	0.0	0.0	0.0	0.0	0.0	0.0	0.0	0.0	0.0	0.0	0.0	0.0	0.0	0.0	0.0	0.0	0.0	0.0	0.0	0.0	0.0	0.0	0.0	0.0	0.0	0.0	0.0	0.0	0.0	0.0	0.0	0.0	0.0	0.0	0.0	0.0	0.0	0.0	0.0	0.0	0.0	0.0	0.0	0.0	0.0	0.0
S10-male-1	0.40755149694141324	0.21176499232741156	-0.20962922938803788	0.2792667762924917	-0.1980117827014813	0.01004235148333222	0.11090018811471504	-0.04115725543585565	0.07796473122153869	-0.0005715194090595215	0.24622189711722456	-0.06512294314270814	-0.019542229999660703	-0.07366398307959819	-0.032355386031610846	0.024706852888821663	-0.06373343588648775	0.03409461927888314	-0.029157353777277285	0.1256857157218186	-0.04314338470395454	0.0029029828704938416	0.06358301220975444	0.026330996913971203	-0.03094013245888674	-0.030051000886309766	-0.0952639206386444	0.06272071867901945	-0.019468519757995	0.009398995462131167	-0.07335450072857981	0.045186605341669274	-0.021850994781339648	-0.018052699691550565	0.01578068593775278	0.021292011251337117	-0.046012616079338195	0.01658367437423988	0.03276411049374655	0.026774892871664034	-0.008354066746711495	0.010397986114266443	-0.00017214023335605376	-0.01645866473224773	-0.0106405102110416	-0.027003469121881823	-0.011465922753579378	-0.014950582736627997	0.009972071248122858	0.007518483623588701	0.02154194022391225	-0.012872691936922457	0.020735176006403098	0.005499426282659483	-0.023052000334567217	-0.0020788890612972546	-0.019399022937402685	0.013410314980352568	-0.014050085045736852	-0.003776883046396071	0.012341675167489248	0.04374752622876255	-0.0023756796443200044	0.0038321345965900925	-0.002853772957420891	-0.001418509639513813	0.0011539841120395081	-0.0008351078439895081	-0.007308238926260178	0.0061025885804130535	0.00046041048113019137	0.005817129337137381	-0.0020179315646382885	-0.004206004477938041	-0.0033660284956758013	0.0036225528460399553	-0.0018609065447807256	0.0014667457899859555	-0.0005339472030722223	0.0	0.0	0.0	0.0	0.0	0.0	0.0	0.0	0.0	0.0	0.0	0.0	0.0	0.0	0.0	0.0	0.0	0.0	0.0	0.0	0.0	0.0	0.0	0.0	0.0	0.0	0.0	0.0	0.0	0.0	0.0	0.0	0.0	0.0	0.0	0.0	0.0	0.0	0.0	0.0	0.0	0.0	0.0	0.0	0.0	0.0	0.0	0.0	0.0	0.0	0.0	0.0	0.0	0.0	0.0	0.0	0.0	0.0	0.0	0.0	0.0	0.0	0.0	0.0	0.0	0.0	0.0	0.0	0.0	0.0	0.0	0.0	0.0	0.0	0.0	0.0	0.0	0.0	0.0	0.0	0.0	0.0	0.0	0.0	0.0	0.0	0.0	0.0	0.0	0.0	0.0	0.0	0.0	0.0	0.0	0.0	0.0	0.0	0.0	0.0	0.0	0.0	0.0	0.0	0.0	0.0	0.0	0.0	0.0	0.0	0.0	0.0	0.0	0.0	0.0	0.0	0.0	0.0	0.0	0.0	0.0	0.0	0.0	0.0	0.0	0.0	0.0	0.0	0.0	0.0	0.0	0.0	0.0	0.0	0.0	0.0	0.0	0.0	0.0	0.0
S10-male-2-	-0.16157750748155003	-0.11343117039519811	0.12407760240165629	0.1709009427105809	0.08968097815347262	0.019975942202939304	-0.20363638291864722	0.22001132486465963	-0.024412708162982785	-0.15188063120564652	-0.08206053664452284	-0.18321816698217094	-0.06091264441528223	-0.10972571554539101	-0.04648734217374624	-0.028055225132722402	0.11476569447932489	-0.054488888253169686	-0.02244773879186294	-0.021882071112677384	-0.03488088605017614	0.012797590355666936	0.05250569349526876	0.055102618396225225	0.04241901257667982	-0.03308478886557994	0.015810028766516174	-0.08979295154944854	-0.005195786441768509	-0.048446491692428886	-0.07372387871356899	0.008430873530471271	-0.0019146816203215531	-0.04598405988749325	-0.017069814205190225	0.04460179565970944	-0.013688988409951757	-0.02844226581029596	-0.0038504448777237745	0.051605754703275844	0.021387348210064366	-0.013246889617783907	-0.007511456186022295	0.003962551504700121	0.05549736585136778	-0.03950757664205921	0.006419313889396837	-0.017189684058871526	-0.006763971613555357	0.0019297114197914873	0.0038746414731729226	-0.0025215889854263347	6.689968668697826e-05	0.010738973476003345	-0.01128204793183363	-0.012818848139885727	0.01127050831367655	0.0006189938365686287	-0.012070301036676619	0.01504220366178185	-0.01717634583704402	-0.018135793311075295	-0.004848947586450872	0.008582245586534172	0.00030902113568841963	0.006390318197079138	0.02710448789552659	-0.002833141388844349	0.0010981815156457181	0.013502226371268137	0.00420327065995268	0.010694245383600205	-0.0038175552574418524	0.0009561821479899147	0.007317254087536337	0.004576324576683214	0.0031173211716262325	-8.96083703757663e-05	0.00057078127466237	0.0	0.0	0.0	0.0	0.0	0.0	0.0	0.0	0.0	0.0	0.0	0.0	0.0	0.0	0.0	0.0	0.0	0.0	0.0	0.0	0.0	0.0	0.0	0.0	0.0	0.0	0.0	0.0	0.0	0.0	0.0	0.0	0.0	0.0	0.0	0.0	0.0	0.0	0.0	0.0	0.0	0.0	0.0	0.0	0.0	0.0	0.0	0.0	0.0	0.0	0.0	0.0	0.0	0.0	0.0	0.0	0.0	0.0	0.0	0.0	0.0	0.0	0.0	0.0	0.0	0.0	0.0	0.0	0.0	0.0	0.0	0.0	0.0	0.0	0.0	0.0	0.0	0.0	0.0	0.0	0.0	0.0	0.0	0.0	0.0	0.0	0.0	0.0	0.0	0.0	0.0	0.0	0.0	0.0	0.0	0.0	0.0	0.0	0.0	0.0	0.0	0.0	0.0	0.0	0.0	0.0	0.0	0.0	0.0	0.0	0.0	0.0	0.0	0.0	0.0	0.0	0.0	0.0	0.0	0.0	0.0	0.0	0.0	0.0	0.0	0.0	0.0	0.0	0.0	0.0	0.0	0.0	0.0	0.0	0.0	0.0	0.0	0.0	0.0	0.0
S2-female-1	0.3976199190423028	0.16932913065411828	0.0019192471685317443	0.11694209253969116	-0.04022237121647626	-0.08006858463778821	0.029928724414764785	0.03004496217618551	0.03735555310960017	-0.008271502405222626	-0.038413864201894694	-0.032645584679467626	-0.0708666283797367	-0.15474060709815485	0.03591866608319427	0.041334024288870654	0.0322263245370403	0.03620891757135635	0.009656572595671275	-0.06811590090320348	-0.00210191324714053	0.03595915728412429	0.008826179824751926	0.0015297491299627191	0.045809739093891626	-0.023907873732474584	-0.03899394440037878	-0.0019996671821500686	-0.008657776825973578	0.03364296212479859	0.0045961544598891015	0.018392472922580037	0.0042762343207342025	-0.01167610758471	0.02627835012848729	0.003918265030763855	0.007137773917595603	0.057622941563282064	0.017702716230813778	0.038648566724386164	0.04188772674683498	-0.009466815905011128	0.012092799395661246	0.05122817529778375	-0.00422153656453116	-0.0018047975208979482	0.05195046765880005	0.014962762506247082	-0.0372579892938449	-0.008351769822645457	-0.008731018167577563	-0.04867356712224382	0.010878825876851406	-0.03586371996148609	0.03443258726488316	0.0035770331566815174	-0.007351321034178522	-0.005602637394211835	-0.0004198977644166656	-0.012906298761915335	-0.008828576033570823	-0.008536633893635685	0.018285203793501126	0.011450024438079865	0.012043694898465886	0.004857297280491667	-0.017043158389017012	0.02346640110850539	0.0034012237196045913	0.01285324110614946	-0.011551027918225607	0.01961701322829	-0.001040306964051823	0.001512038107303585	0.0006896190430245357	-0.004127040226181861	-0.008297204359893229	-0.0023870179933271757	0.0011339420819358017	0.0	0.0	0.0	0.0	0.0	0.0	0.0	0.0	0.0	0.0	0.0	0.0	0.0	0.0	0.0	0.0	0.0	0.0	0.0	0.0	0.0	0.0	0.0	0.0	0.0	0.0	0.0	0.0	0.0	0.0	0.0	0.0	0.0	0.0	0.0	0.0	0.0	0.0	0.0	0.0	0.0	0.0	0.0	0.0	0.0	0.0	0.0	0.0	0.0	0.0	0.0	0.0	0.0	0.0	0.0	0.0	0.0	0.0	0.0	0.0	0.0	0.0	0.0	0.0	0.0	0.0	0.0	0.0	0.0	0.0	0.0	0.0	0.0	0.0	0.0	0.0	0.0	0.0	0.0	0.0	0.0	0.0	0.0	0.0	0.0	0.0	0.0	0.0	0.0	0.0	0.0	0.0	0.0	0.0	0.0	0.0	0.0	0.0	0.0	0.0	0.0	0.0	0.0	0.0	0.0	0.0	0.0	0.0	0.0	0.0	0.0	0.0	0.0	0.0	0.0	0.0	0.0	0.0	0.0	0.0	0.0	0.0	0.0	0.0	0.0	0.0	0.0	0.0	0.0	0.0	0.0	0.0	0.0	0.0	0.0	0.0	0.0	0.0	0.0	0.0
S2-female-2	0.18109931320953745	-0.20691198809012173	-0.23499217321624616	-0.06964153249864703	0.3472656848313092	0.04230921481487515	0.031579283807315825	0.1486209667653878	0.005785537095728001	-0.053486751517763394	0.15092334138707975	0.14784393599218745	-0.02608266574844925	0.06389528313389789	0.01387122403056371	0.032705477509312096	-0.06891976769593956	-0.09748585162170759	-0.09151808839724852	-0.020297687273334693	0.04298906068200481	0.048160492075482814	0.04781515513065689	0.048160474933384406	0.06414941561644844	0.034102604041320664	0.047592649086929756	0.05056549880155515	0.04286209751005806	-0.031727103515558096	0.016939864838553503	0.007563539132453812	-0.022423752216429914	-0.02821310497116593	-0.04228211014789218	0.0059591576150101805	-0.020835331009326063	-0.03408904676315883	-0.03609239638896576	-0.0239988847385847	-0.019535341270833947	-0.010578217394043162	-0.006983123159716116	0.04398056532206437	0.016522722479177892	-0.013507881639832119	0.009835178439046164	0.007619283008066276	-0.00878947531062075	-0.00760042421930865	-0.029590237436759693	-0.000965942847403561	0.0163893091643554	-0.02025585074433844	-0.005969977305950976	0.009974402849845732	0.00019478588226759348	0.00046927315758762836	0.0003088175855427706	0.01085041444130542	-0.04252206917621785	-0.018615200362135768	-0.018928877896675064	-0.017120111654714346	0.01630961427968558	-0.015545298486998657	0.0015032828208281156	-0.011116644560908473	0.009266014324349769	0.009658727014183762	0.00321481141185754	-0.0017800425727210057	0.0001445074669285926	0.0006057932704817468	-0.01679670600646729	0.009178392806633252	-0.003250448252881002	0.0037290527381688746	0.0009639237224335429	0.0	0.0	0.0	0.0	0.0	0.0	0.0	0.0	0.0	0.0	0.0	0.0	0.0	0.0	0.0	0.0	0.0	0.0	0.0	0.0	0.0	0.0	0.0	0.0	0.0	0.0	0.0	0.0	0.0	0.0	0.0	0.0	0.0	0.0	0.0	0.0	0.0	0.0	0.0	0.0	0.0	0.0	0.0	0.0	0.0	0.0	0.0	0.0	0.0	0.0	0.0	0.0	0.0	0.0	0.0	0.0	0.0	0.0	0.0	0.0	0.0	0.0	0.0	0.0	0.0	0.0	0.0	0.0	0.0	0.0	0.0	0.0	0.0	0.0	0.0	0.0	0.0	0.0	0.0	0.0	0.0	0.0	0.0	0.0	0.0	0.0	0.0	0.0	0.0	0.0	0.0	0.0	0.0	0.0	0.0	0.0	0.0	0.0	0.0	0.0	0.0	0.0	0.0	0.0	0.0	0.0	0.0	0.0	0.0	0.0	0.0	0.0	0.0	0.0	0.0	0.0	0.0	0.0	0.0	0.0	0.0	0.0	0.0	0.0	0.0	0.0	0.0	0.0	0.0	0.0	0.0	0.0	0.0	0.0	0.0	0.0	0.0	0.0	0.0	0.0
S2-male-1	0.36897506935291957	0.1832291806024115	-0.21688672011524318	0.21596748036743962	-0.05334225393815782	-0.07672399392729691	-0.1271798635665409	-0.04276353480914463	-0.09995772164904805	0.032041041244128134	0.0268681419764469	-0.06410628381110833	0.0033065009370676158	-0.011429475979598903	-0.05085214765717861	0.052695252528618564	0.021697015426587286	-0.053698425291735546	-0.04657355393002055	-0.10030411993912307	0.01043293612776961	-0.033391525881968906	0.0034295128858200853	-0.025323097197387824	-0.029241437138834845	0.08496672774845825	0.0553072847601978	0.04525583216393008	-0.0019189722334697031	0.04502599071538805	-0.01371247308482272	-0.013288421982012256	-0.019095311056707004	0.024336083122224725	0.007775136868893125	-0.019301944343731926	-0.0584804498569268	-0.02307137026186702	0.03639706958830799	-0.005756235976380808	0.019956050587964153	-0.08306982567336092	-0.023427523827529512	0.04778655137735148	-0.035776798702764095	-0.05216106555159795	0.002354737108458129	0.08323853586553544	0.009181454138194666	0.04947643661327087	-0.006061900705065512	0.0044662084627124865	0.03254699611593471	0.007569601942722182	-0.0036955923756623794	0.008728862256880342	-0.03230605467131352	-0.005414874209186936	0.0372314097405509	0.017480438667656622	0.012960873453764161	0.011478125529071601	-0.0034895694782386306	0.008743640321245848	0.007221655665612557	-0.013469689586475665	-0.010297591301578856	0.004573133626794826	-0.012902122301828722	-0.003716595733576289	0.005815825042044187	0.00038919698450660907	0.0038206488666995067	0.00500577741518243	0.00856548393230893	0.0010900984160946527	0.0015872036529040055	0.0014703025336919625	-0.0012423245378212688	0.0	0.0	0.0	0.0	0.0	0.0	0.0	0.0	0.0	0.0	0.0	0.0	0.0	0.0	0.0	0.0	0.0	0.0	0.0	0.0	0.0	0.0	0.0	0.0	0.0	0.0	0.0	0.0	0.0	0.0	0.0	0.0	0.0	0.0	0.0	0.0	0.0	0.0	0.0	0.0	0.0	0.0	0.0	0.0	0.0	0.0	0.0	0.0	0.0	0.0	0.0	0.0	0.0	0.0	0.0	0.0	0.0	0.0	0.0	0.0	0.0	0.0	0.0	0.0	0.0	0.0	0.0	0.0	0.0	0.0	0.0	0.0	0.0	0.0	0.0	0.0	0.0	0.0	0.0	0.0	0.0	0.0	0.0	0.0	0.0	0.0	0.0	0.0	0.0	0.0	0.0	0.0	0.0	0.0	0.0	0.0	0.0	0.0	0.0	0.0	0.0	0.0	0.0	0.0	0.0	0.0	0.0	0.0	0.0	0.0	0.0	0.0	0.0	0.0	0.0	0.0	0.0	0.0	0.0	0.0	0.0	0.0	0.0	0.0	0.0	0.0	0.0	0.0	0.0	0.0	0.0	0.0	0.0	0.0	0.0	0.0	0.0	0.0	0.0	0.0
S2-male-2	0.4705696237987738	0.2167639525114184	0.041262454549303364	0.21373133885769854	-0.24519339391338832	-0.05966535227556914	-0.12470446004190122	0.06007043419826109	-0.13561670845587248	-0.05699041137205304	0.04593212626385339	0.029640881163546007	-0.10758188735270707	-0.09541492665789246	-0.02055018660882551	-0.06990703795671406	0.014143675452453892	-0.06499044687222617	-0.0434656422791728	-0.04134250894537345	-0.023488002872771394	0.01188698142630376	0.11516991520847496	-0.0038928200695805236	-0.013754845880460618	-0.07626764141587881	-0.022629069786614987	0.02959656112531482	0.06010433869748362	-0.040573922743900974	-0.015453187171189825	0.012892086851367137	-0.04071565029397815	0.010774462148425952	0.000776275971287883	-0.02517004734058912	0.015906643701232286	-0.04173244996563592	0.005898986891239135	0.01041397750374668	0.02342050134036768	0.01308458339405378	-0.013386058964123409	-0.002420315818750226	0.018376613430828713	-0.032650734775570754	0.011534129534987492	-0.01316474756780971	-0.005512172497925898	0.00492680715166218	-0.009090975290528784	-0.024651613542390642	-0.00566801745088618	-0.007554365137287954	-0.019601903109464983	-0.02312182132294697	0.017773435488529457	-0.009075070668681708	0.021330639692993793	-0.0005480422005255685	-0.01913344557065413	-0.025450355829100338	-0.0069300231440002965	0.00766206650189795	0.004523701859307896	0.012985781733032768	0.01870180821328584	0.003017944958976124	-0.007400478955516633	-0.01703366557446471	-0.017949775264760444	-0.0019058110441172566	0.007719941375844809	0.0013705705165704518	0.0030773292945386415	-3.0516909089175334e-05	0.0111507697802134	-0.00011372434825500831	-0.0012421416993050594	0.0	0.0	0.0	0.0	0.0	0.0	0.0	0.0	0.0	0.0	0.0	0.0	0.0	0.0	0.0	0.0	0.0	0.0	0.0	0.0	0.0	0.0	0.0	0.0	0.0	0.0	0.0	0.0	0.0	0.0	0.0	0.0	0.0	0.0	0.0	0.0	0.0	0.0	0.0	0.0	0.0	0.0	0.0	0.0	0.0	0.0	0.0	0.0	0.0	0.0	0.0	0.0	0.0	0.0	0.0	0.0	0.0	0.0	0.0	0.0	0.0	0.0	0.0	0.0	0.0	0.0	0.0	0.0	0.0	0.0	0.0	0.0	0.0	0.0	0.0	0.0	0.0	0.0	0.0	0.0	0.0	0.0	0.0	0.0	0.0	0.0	0.0	0.0	0.0	0.0	0.0	0.0	0.0	0.0	0.0	0.0	0.0	0.0	0.0	0.0	0.0	0.0	0.0	0.0	0.0	0.0	0.0	0.0	0.0	0.0	0.0	0.0	0.0	0.0	0.0	0.0	0.0	0.0	0.0	0.0	0.0	0.0	0.0	0.0	0.0	0.0	0.0	0.0	0.0	0.0	0.0	0.0	0.0	0.0	0.0	0.0	0.0	0.0	0.0	0.0
S2014F_E2-2-A-F	-0.33250208822756794	-0.17295878269668596	-0.05424241408573135	0.3748228559077191	-0.09256032136539336	0.027626183394264103	-0.001040557605726458	0.07881404089947841	0.08940909347143858	0.005411464282610796	0.030666383450546772	0.039915492016651004	-0.09291459435182163	0.035641535829828944	-0.003198174185201464	0.07176113969732076	-0.01554532653957749	0.1475258932019269	0.044620497858141706	-0.018001118614777326	-0.05552344114749232	0.057746660482309004	-0.02349673981553164	-0.011369138680946212	-0.009127215603236127	-0.013316895079461823	-0.022103471754056546	0.026682939141680972	-0.06998158647655982	0.0056849088504451716	0.08234536421440071	0.01814711410506273	-0.02162856788532438	0.030394911135683718	0.002158351733313101	-0.02094282005156622	0.05164252358397059	0.023120408062931457	0.047423173548861136	-0.02865549480240866	-0.009358640998533015	-0.07086804221962134	-0.001983565373164035	0.031193593252271234	-0.010492571183274646	0.0295984799055347	0.03749659779109842	-0.01973565370281321	-0.022939226234153613	0.006622526827966387	0.0276668652360306	0.01215029419480437	-0.0035132834229616673	-0.008950458336178857	0.01293134081424155	-0.0019045201643442275	0.023122068587334912	-0.007167440779626327	-0.012668610479456633	-0.03323648709998692	-0.010990855786704532	-0.0017749462342655925	-0.0068972439982438035	0.006014193737455735	-0.019425163752018172	0.0120070484394187	0.013629625448052067	-0.007269002681119522	-0.011751714234217399	0.0007526737722344632	-0.007815477955509648	0.004747853740893218	-0.009689494643309576	-0.00791097379662687	0.006278456082005831	0.0030900336453748263	-0.0006562720000966417	0.002599214153476121	0.000575479559938876	0.0	0.0	0.0	0.0	0.0	0.0	0.0	0.0	0.0	0.0	0.0	0.0	0.0	0.0	0.0	0.0	0.0	0.0	0.0	0.0	0.0	0.0	0.0	0.0	0.0	0.0	0.0	0.0	0.0	0.0	0.0	0.0	0.0	0.0	0.0	0.0	0.0	0.0	0.0	0.0	0.0	0.0	0.0	0.0	0.0	0.0	0.0	0.0	0.0	0.0	0.0	0.0	0.0	0.0	0.0	0.0	0.0	0.0	0.0	0.0	0.0	0.0	0.0	0.0	0.0	0.0	0.0	0.0	0.0	0.0	0.0	0.0	0.0	0.0	0.0	0.0	0.0	0.0	0.0	0.0	0.0	0.0	0.0	0.0	0.0	0.0	0.0	0.0	0.0	0.0	0.0	0.0	0.0	0.0	0.0	0.0	0.0	0.0	0.0	0.0	0.0	0.0	0.0	0.0	0.0	0.0	0.0	0.0	0.0	0.0	0.0	0.0	0.0	0.0	0.0	0.0	0.0	0.0	0.0	0.0	0.0	0.0	0.0	0.0	0.0	0.0	0.0	0.0	0.0	0.0	0.0	0.0	0.0	0.0	0.0	0.0	0.0	0.0	0.0	0.0
S2014F_E2-2-B-F	0.007543680836882271	-0.24113945820976476	-0.22829915104051585	0.04453706771142725	0.13178932467908583	-0.06187035640713128	0.02630845694990409	-0.07778702668691563	-0.014939194925340975	0.03980287294836512	0.027525454666101005	-0.19417430670610186	-0.01595954367181201	0.028907412257983392	0.10077347373875953	-0.0820789094716504	-0.015085026648003557	0.11484706052402571	0.09208508183028459	0.05117364174903926	-0.03215248738095973	-0.005173058688499181	-0.0704507853776554	-0.09996937551457949	0.01638344964151071	-0.059068538075052045	-0.07479748927988003	0.01071212085698124	0.06105565730856446	0.047717066602968816	-0.02670311235251727	0.07821641535908012	-0.03530816960424243	-0.001209455774399123	-0.09923675611567954	-0.010312123745547123	-0.0004361012370410878	0.033609910010468924	-0.015998061380447105	-0.0359547978251849	0.010845397481157771	0.03936392660840286	-0.016231752090083346	0.013988793368342587	0.013553297334752381	-0.03278540084482468	0.008781037594836685	0.0175075164018794	0.008666798238422509	-0.014140410089575261	-0.009690898801954284	0.008060983110777605	0.00713797882368444	0.012807019911515486	0.033148428498988615	0.0020896674629594203	0.006906151599986745	0.019833083505633144	0.004682965225328208	-0.009580667827247836	-0.0007295249513687316	0.015125119903920877	-0.010039821871090301	0.013817219402910922	-0.0047599937096140296	0.005645562404804171	0.004276712028013005	-0.009715184090371903	0.011574641034665423	-0.0057093420563096575	-0.00011851788816102094	-0.016928084248850814	-0.003992853997937095	-0.0006885745178769885	0.0026274883011375267	-0.0021365683216515935	-0.01232497880876067	-0.0013020138534230413	-0.00033836644644062947	0.0	0.0	0.0	0.0	0.0	0.0	0.0	0.0	0.0	0.0	0.0	0.0	0.0	0.0	0.0	0.0	0.0	0.0	0.0	0.0	0.0	0.0	0.0	0.0	0.0	0.0	0.0	0.0	0.0	0.0	0.0	0.0	0.0	0.0	0.0	0.0	0.0	0.0	0.0	0.0	0.0	0.0	0.0	0.0	0.0	0.0	0.0	0.0	0.0	0.0	0.0	0.0	0.0	0.0	0.0	0.0	0.0	0.0	0.0	0.0	0.0	0.0	0.0	0.0	0.0	0.0	0.0	0.0	0.0	0.0	0.0	0.0	0.0	0.0	0.0	0.0	0.0	0.0	0.0	0.0	0.0	0.0	0.0	0.0	0.0	0.0	0.0	0.0	0.0	0.0	0.0	0.0	0.0	0.0	0.0	0.0	0.0	0.0	0.0	0.0	0.0	0.0	0.0	0.0	0.0	0.0	0.0	0.0	0.0	0.0	0.0	0.0	0.0	0.0	0.0	0.0	0.0	0.0	0.0	0.0	0.0	0.0	0.0	0.0	0.0	0.0	0.0	0.0	0.0	0.0	0.0	0.0	0.0	0.0	0.0	0.0	0.0	0.0	0.0	0.0
S2014F_E2-2-C-F	-0.21018039983205833	-0.3226650851774835	-0.18160800955452697	0.0939392787279877	0.005875581902174824	-0.12785022421972458	0.07962280492790402	-0.0066042330292253116	0.1479806918440109	0.004514134363995928	-0.011609762981569946	-0.14306995187975288	0.03045750790938929	-0.04920263318714054	0.0214689676867928	-0.018181361727743983	0.05172447507835833	0.05175144944209546	-0.11770356709194313	-0.004610389054774605	-0.02903891571628491	-0.05264357761627329	0.023757602627584	0.02857887225600006	-0.007826255708017227	-0.011182628569974727	-0.07651690483857955	0.01572869537203848	-0.027415487184846245	-0.03613645148425076	0.009252210834926791	0.010745215853575322	0.02395665473320104	-0.0038803403837464304	-0.09048068237553754	0.02406850197787827	-0.04239536038281407	-0.033914208045081135	0.01626481867140327	-0.010149054779031351	-0.0693675997791397	-0.05703355996155104	0.02104311510609113	0.01722280908824547	0.015751027112891593	0.012496686050656826	0.0053877946567924655	0.014882268499589941	-0.0028474131256404586	-0.02007262664499054	0.01585851506852699	0.0068469933771949975	0.0008654383720838868	0.020591375067856937	-0.04393429658528096	0.015058024041969618	0.023054912532086316	-0.0006618460902663934	-0.012705985969385566	0.005254060201237673	0.001051444284845111	-0.012898442439565108	-0.004107477376550943	0.01857505815740001	0.005287105200131476	-0.0006061645856058915	-0.008352143037901527	0.001029175815742224	0.012265205657784524	-0.0024251698717736516	-0.015250441865049539	0.001485312186482047	0.007132001902125341	0.003601945080239275	-0.0020300045049197017	0.004405749153893553	0.002684739565990061	-0.0018549493882232292	0.0010394379776596289	0.0	0.0	0.0	0.0	0.0	0.0	0.0	0.0	0.0	0.0	0.0	0.0	0.0	0.0	0.0	0.0	0.0	0.0	0.0	0.0	0.0	0.0	0.0	0.0	0.0	0.0	0.0	0.0	0.0	0.0	0.0	0.0	0.0	0.0	0.0	0.0	0.0	0.0	0.0	0.0	0.0	0.0	0.0	0.0	0.0	0.0	0.0	0.0	0.0	0.0	0.0	0.0	0.0	0.0	0.0	0.0	0.0	0.0	0.0	0.0	0.0	0.0	0.0	0.0	0.0	0.0	0.0	0.0	0.0	0.0	0.0	0.0	0.0	0.0	0.0	0.0	0.0	0.0	0.0	0.0	0.0	0.0	0.0	0.0	0.0	0.0	0.0	0.0	0.0	0.0	0.0	0.0	0.0	0.0	0.0	0.0	0.0	0.0	0.0	0.0	0.0	0.0	0.0	0.0	0.0	0.0	0.0	0.0	0.0	0.0	0.0	0.0	0.0	0.0	0.0	0.0	0.0	0.0	0.0	0.0	0.0	0.0	0.0	0.0	0.0	0.0	0.0	0.0	0.0	0.0	0.0	0.0	0.0	0.0	0.0	0.0	0.0	0.0	0.0	0.0
S2014F_E2-3-A-F	-0.4099708725292218	-0.15809836950957543	0.011632027667574823	0.4201930605934193	-0.17453622540490737	0.08081827668431511	-0.09237798494353278	0.155174114149535	0.10526708492054594	0.030114884566036493	0.07580463308149694	0.09034288938618147	-0.06258196832021481	0.045807268701204995	0.0111471028730474	0.045907729833990774	-0.08255295593041362	0.06332542690770258	0.017269373169385715	0.07162093049154851	-0.0176022113517124	-0.07251386470262551	0.03429543433329249	-0.04763189100083833	-0.03435894450539288	-0.08446137559544929	0.002849046480827615	0.10666662013952209	-0.006636297375738368	-0.030705472136364983	0.030383857106121123	0.009090186145773067	-0.05802052285658175	0.012703590353059757	0.07416411488175279	0.024898488043416867	0.045597337876191295	-0.07211090512595733	0.05485282171579865	-0.009710209979277275	-0.02666474379605236	-0.010139265854576763	0.0491901866621112	0.025626518850376985	0.025055923904349173	-0.010264777030578818	-0.004740426728632172	0.022236391831575966	0.015925894313752072	0.015301932000994825	-0.006719770307125985	-0.05087637106967278	-0.03136772116048797	0.01950585336847538	0.02064222746400764	0.01720980672393186	-0.03167776785007131	0.006669371215324519	-0.014219154221519115	-0.0012544676427463457	-0.01017560910574493	-0.008455126175346673	-0.025607339311196957	-0.002098623478153856	-0.006060831258277841	0.018459919212808314	0.0110351769341151	0.014312456761871942	0.0025370525560915284	-0.013619683432163025	0.013582829359711385	-0.004480514202043323	-0.0028933255124968887	0.008128200827349972	0.003769040802231192	-0.0008292384504486124	-0.001986126901819852	-0.0015138901390355966	0.001447578429224247	0.0	0.0	0.0	0.0	0.0	0.0	0.0	0.0	0.0	0.0	0.0	0.0	0.0	0.0	0.0	0.0	0.0	0.0	0.0	0.0	0.0	0.0	0.0	0.0	0.0	0.0	0.0	0.0	0.0	0.0	0.0	0.0	0.0	0.0	0.0	0.0	0.0	0.0	0.0	0.0	0.0	0.0	0.0	0.0	0.0	0.0	0.0	0.0	0.0	0.0	0.0	0.0	0.0	0.0	0.0	0.0	0.0	0.0	0.0	0.0	0.0	0.0	0.0	0.0	0.0	0.0	0.0	0.0	0.0	0.0	0.0	0.0	0.0	0.0	0.0	0.0	0.0	0.0	0.0	0.0	0.0	0.0	0.0	0.0	0.0	0.0	0.0	0.0	0.0	0.0	0.0	0.0	0.0	0.0	0.0	0.0	0.0	0.0	0.0	0.0	0.0	0.0	0.0	0.0	0.0	0.0	0.0	0.0	0.0	0.0	0.0	0.0	0.0	0.0	0.0	0.0	0.0	0.0	0.0	0.0	0.0	0.0	0.0	0.0	0.0	0.0	0.0	0.0	0.0	0.0	0.0	0.0	0.0	0.0	0.0	0.0	0.0	0.0	0.0	0.0
S2014F_E2-3-B-F	-0.19912687303557192	-0.2322339149652683	-0.11384779495911215	0.1422205773645351	-0.002158842664083647	0.04953450257143006	-0.010001696155718501	-0.06339853220795498	-0.2395156967850005	-0.0034004714253705057	-0.008459032987068986	-0.14502660519191032	0.09854256885790906	0.006895490880162084	-0.07479385577258413	0.025227629216193703	-0.04377531439527797	-0.019475239672366203	-0.010265480376011164	-0.05471952921067121	-0.16578034176417303	-0.060422919972144704	0.09494363253260231	-0.08715991169678033	-0.013890534822444883	0.10730466311149342	0.038450404066407776	-0.01709165068134352	0.09666587404752386	-0.03853708686805199	0.04018356798138904	0.15511439144653505	-0.06240081731201566	0.03660010977189324	0.006705652201897384	0.11645936788709728	0.001251714911493824	0.01334326989314494	-0.07237507221909913	-0.054097781317230725	-0.06443257722633873	-0.002345046225555638	-0.030238924112300752	0.02997076649260713	0.00660026813221823	0.024788635584296944	-0.05149186124709076	0.017677139157906318	-0.010160256622980517	0.003923856104273198	-0.02450939083390309	0.01881285437274399	0.006250346856183243	-0.010359481966629643	-0.00042548293049152376	-0.021750839416213346	-0.0016076938728684746	-0.01726704207936842	-0.02941659689641829	-0.004495042902880779	-0.005411059519321748	0.015067223896783777	0.01923066263472741	-0.02802526259481728	0.009992881659916767	-0.008208307393302743	-0.0054468334972813896	0.00821589078244072	0.00949675723751052	0.0078007780347294645	-0.005128868667344516	0.00795543583933172	0.010963025175118758	-6.62810192642304e-05	0.0029835336540286026	0.0031191204701012123	0.0016580627425780959	-0.002752845740157106	-0.00159326405910004	0.0	0.0	0.0	0.0	0.0	0.0	0.0	0.0	0.0	0.0	0.0	0.0	0.0	0.0	0.0	0.0	0.0	0.0	0.0	0.0	0.0	0.0	0.0	0.0	0.0	0.0	0.0	0.0	0.0	0.0	0.0	0.0	0.0	0.0	0.0	0.0	0.0	0.0	0.0	0.0	0.0	0.0	0.0	0.0	0.0	0.0	0.0	0.0	0.0	0.0	0.0	0.0	0.0	0.0	0.0	0.0	0.0	0.0	0.0	0.0	0.0	0.0	0.0	0.0	0.0	0.0	0.0	0.0	0.0	0.0	0.0	0.0	0.0	0.0	0.0	0.0	0.0	0.0	0.0	0.0	0.0	0.0	0.0	0.0	0.0	0.0	0.0	0.0	0.0	0.0	0.0	0.0	0.0	0.0	0.0	0.0	0.0	0.0	0.0	0.0	0.0	0.0	0.0	0.0	0.0	0.0	0.0	0.0	0.0	0.0	0.0	0.0	0.0	0.0	0.0	0.0	0.0	0.0	0.0	0.0	0.0	0.0	0.0	0.0	0.0	0.0	0.0	0.0	0.0	0.0	0.0	0.0	0.0	0.0	0.0	0.0	0.0	0.0	0.0	0.0
S2014F_E2-3-C-F	0.17074388922141986	-0.13947975200399265	-0.05919482590410844	0.06446938828863734	-0.25760336063811484	0.0844439434615794	0.1548600545523328	0.0805835492983015	-0.3794458618004273	0.04938413014271611	-0.013318680173234296	-0.08594894372441887	0.02875415830961453	0.19896659946607678	0.15303293976939403	-0.0035310270953485424	-0.03064524713834697	0.14666796297845996	0.04413453528160979	-0.024756201659397462	0.015817981537448185	-0.06794658311983234	-0.13811529851028614	-0.030837766318859573	-0.033955891699200214	-0.04239495153661489	0.0038217447852887843	-0.024693382721496546	0.03392066739144472	0.00022163171924445733	-0.03561798474551379	0.021205949649750745	0.08147184957102413	-0.04923889175938904	-0.04610474724474926	0.04883084454570667	-0.009885146555423068	0.018116754710875076	-0.023780207433122758	0.043588635531185284	-0.02702391402552597	-0.02231295006713591	0.011092854176985217	-0.00673041467242434	-0.025612436498813708	-0.015666122659170067	0.01856865922612769	-0.0014105600130886822	0.00817597093339987	0.014402011690056385	-0.0004870495708244791	-0.02753520535231823	0.004356804954431113	-0.003453185176242056	-0.03705361202592057	0.02018465045870921	0.002548463114483551	0.00344014372858907	0.0030506896241282466	0.0030390369408172307	0.012874277785880461	-0.01631425556620798	-0.009426682787320723	-0.009019045388541432	0.009630212476311824	0.00531422796755725	-0.0005434275371823076	-0.012657002657258089	0.004239258257251315	0.0017500448011230692	-0.0014504971328182744	-0.002367996065565591	0.0017413124975806799	0.0014625856138205384	-0.0030074300934464153	0.0037875374257161742	0.00030793583985725575	0.0009222808665032214	-0.0009061866139337112	0.0	0.0	0.0	0.0	0.0	0.0	0.0	0.0	0.0	0.0	0.0	0.0	0.0	0.0	0.0	0.0	0.0	0.0	0.0	0.0	0.0	0.0	0.0	0.0	0.0	0.0	0.0	0.0	0.0	0.0	0.0	0.0	0.0	0.0	0.0	0.0	0.0	0.0	0.0	0.0	0.0	0.0	0.0	0.0	0.0	0.0	0.0	0.0	0.0	0.0	0.0	0.0	0.0	0.0	0.0	0.0	0.0	0.0	0.0	0.0	0.0	0.0	0.0	0.0	0.0	0.0	0.0	0.0	0.0	0.0	0.0	0.0	0.0	0.0	0.0	0.0	0.0	0.0	0.0	0.0	0.0	0.0	0.0	0.0	0.0	0.0	0.0	0.0	0.0	0.0	0.0	0.0	0.0	0.0	0.0	0.0	0.0	0.0	0.0	0.0	0.0	0.0	0.0	0.0	0.0	0.0	0.0	0.0	0.0	0.0	0.0	0.0	0.0	0.0	0.0	0.0	0.0	0.0	0.0	0.0	0.0	0.0	0.0	0.0	0.0	0.0	0.0	0.0	0.0	0.0	0.0	0.0	0.0	0.0	0.0	0.0	0.0	0.0	0.0	0.0
S2014F_E5-2-A-F	-0.06911251060783433	-0.29728177013532897	-0.1689923422578484	-0.08491918983883523	-0.1845038090052194	-0.12001278592520746	-0.1496002226833789	-0.25554328798190634	0.05327447178930147	-0.13213563251615407	-0.06466590084272346	-0.0978549989862239	-0.04585664153064386	0.08168107533019348	-0.09562223511527089	-0.003179847565697282	0.022107178066660554	0.058980828328870014	0.0014292531228566655	0.026543924585016455	0.007066507490436437	-0.014022204607342341	0.03779100213255608	0.06023140324712617	0.09160644566958549	-0.032550217874865325	0.06284676516980134	-0.028611686324969247	-0.08222608239130097	0.07172686861623881	-0.050535412773157526	0.024730731918654592	0.02278062729848631	-0.0017452069559408523	0.014292086918414602	0.0012765845854812111	0.013790283050421789	0.021701910454696008	-0.011209735240462626	-0.0008918672833277869	0.04120457839251098	0.027354722950374395	0.016428132209235436	0.016754417743581818	-0.0028242336099513297	-0.00616248876563502	-0.0035087057779907916	0.019088870806674887	0.0008320503130565158	-0.01480541389841843	-0.02217424433374594	0.02472978511073989	0.0005440113113168499	-0.015197538552887689	0.006088468529480901	3.6376166303945887e-06	0.02482913625768072	0.027195947670595428	-0.011919404508657291	-0.0009362076536839686	0.011986409266720087	0.024234357853458375	-0.02308280103596775	0.021508365628547372	0.006184463648451948	0.004260500256689594	-0.01385199160549869	-0.021080672796090567	-0.007763864652013846	0.0023479637733756094	0.005110232409931002	0.0005000566760641193	0.0016696371599109429	-0.005214243780774208	0.003040127031859353	0.002370651045308906	0.004680416057367664	-0.0004572996999332781	0.002322685256266282	0.0	0.0	0.0	0.0	0.0	0.0	0.0	0.0	0.0	0.0	0.0	0.0	0.0	0.0	0.0	0.0	0.0	0.0	0.0	0.0	0.0	0.0	0.0	0.0	0.0	0.0	0.0	0.0	0.0	0.0	0.0	0.0	0.0	0.0	0.0	0.0	0.0	0.0	0.0	0.0	0.0	0.0	0.0	0.0	0.0	0.0	0.0	0.0	0.0	0.0	0.0	0.0	0.0	0.0	0.0	0.0	0.0	0.0	0.0	0.0	0.0	0.0	0.0	0.0	0.0	0.0	0.0	0.0	0.0	0.0	0.0	0.0	0.0	0.0	0.0	0.0	0.0	0.0	0.0	0.0	0.0	0.0	0.0	0.0	0.0	0.0	0.0	0.0	0.0	0.0	0.0	0.0	0.0	0.0	0.0	0.0	0.0	0.0	0.0	0.0	0.0	0.0	0.0	0.0	0.0	0.0	0.0	0.0	0.0	0.0	0.0	0.0	0.0	0.0	0.0	0.0	0.0	0.0	0.0	0.0	0.0	0.0	0.0	0.0	0.0	0.0	0.0	0.0	0.0	0.0	0.0	0.0	0.0	0.0	0.0	0.0	0.0	0.0	0.0	0.0
S2014F_E5-2-A-F_plate2	0.07967811402897115	-0.21631629101460478	-0.3002206618920581	-0.19653527077835437	-0.010485424409489845	-0.024377811401975754	0.004914535066020622	-0.1666952821721768	0.19523541275443163	-0.10563902415176082	-0.12409617292983802	0.06984353842532158	0.07178995789661574	0.003785402435843997	-0.06310183365147504	0.030533356926780355	0.07667200313797036	0.06691580863986542	-0.04435443582477313	0.014829183977816502	0.028169544260682626	-0.0767148444555072	-0.07028305089531724	0.07011329277893025	-0.02285162750002698	0.032148893696284465	-0.01016884922562283	0.02355286547200584	0.01079479323323479	0.021200314719776923	-0.05436075463404051	-0.006282584524050873	-0.02504405831541893	0.016276996486141157	0.0704290846622431	-0.038324480775630575	0.038575537008425836	0.04009304988651645	-0.030716065225855314	-0.002146790565104033	-0.046241750663002894	-0.010599171592905443	-0.021523618853377433	-0.012372916886674487	0.004978335911888659	0.014667437944482734	0.005685941699709447	0.02395452821965998	0.0366150770684387	0.027654190694304734	-0.0012323975027554402	-0.01461257881310136	-0.02245649577567506	0.03126103273546036	0.001345084965097963	-0.010060348916358002	-0.01430430320424789	0.008384518172828648	0.003934946557573101	-0.007464229868141828	-0.03342281813426548	-0.016744602688759304	0.027344166442568374	-0.001313670037960176	-0.0067411393078928555	0.021584181767886942	0.010066751859117706	0.017179384100287062	0.009303206717915341	-0.003344830206418492	0.008769751638553055	0.006589279886772231	0.005324697974924471	0.0020134744036945725	-0.009744966708558695	-0.0025232535505057886	-0.0024900915988684794	-0.0008608673505737353	0.0010432379577721368	0.0	0.0	0.0	0.0	0.0	0.0	0.0	0.0	0.0	0.0	0.0	0.0	0.0	0.0	0.0	0.0	0.0	0.0	0.0	0.0	0.0	0.0	0.0	0.0	0.0	0.0	0.0	0.0	0.0	0.0	0.0	0.0	0.0	0.0	0.0	0.0	0.0	0.0	0.0	0.0	0.0	0.0	0.0	0.0	0.0	0.0	0.0	0.0	0.0	0.0	0.0	0.0	0.0	0.0	0.0	0.0	0.0	0.0	0.0	0.0	0.0	0.0	0.0	0.0	0.0	0.0	0.0	0.0	0.0	0.0	0.0	0.0	0.0	0.0	0.0	0.0	0.0	0.0	0.0	0.0	0.0	0.0	0.0	0.0	0.0	0.0	0.0	0.0	0.0	0.0	0.0	0.0	0.0	0.0	0.0	0.0	0.0	0.0	0.0	0.0	0.0	0.0	0.0	0.0	0.0	0.0	0.0	0.0	0.0	0.0	0.0	0.0	0.0	0.0	0.0	0.0	0.0	0.0	0.0	0.0	0.0	0.0	0.0	0.0	0.0	0.0	0.0	0.0	0.0	0.0	0.0	0.0	0.0	0.0	0.0	0.0	0.0	0.0	0.0	0.0
S2014F_E5-2-B-F	-0.02590309247888919	-0.37003252507315987	-0.14159360194601336	-0.15978582723976914	-0.18832617296157897	-0.1815077188794687	-0.13043685300910354	-0.08659236013032587	-0.08762808057441208	-0.0195752991563432	-0.030929834544888193	-0.10006241868487568	0.09272901241250706	0.07608929856703137	-0.06187501924001735	0.05622938785846391	-0.059069250832797605	-0.008565630479344668	-0.014654530493857029	-0.09249748149318615	-0.07944599439971224	-0.08220242064198917	0.05807070806398541	-0.05014933534159312	0.021691719361836382	-0.0023968913607082475	0.03221194769699522	0.053176474444392094	0.04248941877079552	-0.037430902222149495	0.0350764037026005	-0.05499302609026423	0.06951768148116302	0.021039183523162128	-0.0010058668922693571	-0.026978474080795536	-0.009721645471494313	0.0034612328781220966	-0.01513611815649527	0.039067715726943904	0.009994571068565458	-0.004617599315168092	0.023010408209240822	-0.015293070188675937	0.0014398440166254614	0.00732829300619997	0.003594829671321183	-0.002467262798073081	-0.01667738259669625	-0.03917006267943448	-0.012548029721918005	-0.0030478218102668385	-0.010398703573585914	-0.000936784123372174	-0.007897562724603275	0.03404469036361138	-0.021932714307568116	0.02555931766334443	0.014779721237657981	0.0043945293353416445	-0.00014539328545721668	-0.0025513714230985187	-0.014611462094619443	0.0132140286499778	-0.019150744763626153	0.023616970198720052	0.002806502860594522	-0.006278252561427941	-0.010890491457614128	0.006041608969083857	-0.006433456176520295	-0.0004821809112908756	-0.006649445208008265	0.002231442979897567	-0.006104695596668812	0.0005849111466933673	-0.0008710407658072492	0.0007300837763489937	-0.000985405874427817	0.0	0.0	0.0	0.0	0.0	0.0	0.0	0.0	0.0	0.0	0.0	0.0	0.0	0.0	0.0	0.0	0.0	0.0	0.0	0.0	0.0	0.0	0.0	0.0	0.0	0.0	0.0	0.0	0.0	0.0	0.0	0.0	0.0	0.0	0.0	0.0	0.0	0.0	0.0	0.0	0.0	0.0	0.0	0.0	0.0	0.0	0.0	0.0	0.0	0.0	0.0	0.0	0.0	0.0	0.0	0.0	0.0	0.0	0.0	0.0	0.0	0.0	0.0	0.0	0.0	0.0	0.0	0.0	0.0	0.0	0.0	0.0	0.0	0.0	0.0	0.0	0.0	0.0	0.0	0.0	0.0	0.0	0.0	0.0	0.0	0.0	0.0	0.0	0.0	0.0	0.0	0.0	0.0	0.0	0.0	0.0	0.0	0.0	0.0	0.0	0.0	0.0	0.0	0.0	0.0	0.0	0.0	0.0	0.0	0.0	0.0	0.0	0.0	0.0	0.0	0.0	0.0	0.0	0.0	0.0	0.0	0.0	0.0	0.0	0.0	0.0	0.0	0.0	0.0	0.0	0.0	0.0	0.0	0.0	0.0	0.0	0.0	0.0	0.0	0.0
S2014F_E5-3-B-F	-0.021144731705939602	-0.26447428842669374	-0.24554024983505066	0.011231734276072465	0.19913448438071282	0.11465401744569764	-0.09102648384265763	-0.20058851138650927	-0.1692795369324438	-0.153144588269724	0.15586787079909403	0.15033131245160952	0.03243148746506457	-0.011891527292263403	-0.024300487687781556	-0.006306923612563603	-0.02289471181467033	0.02924320678438784	0.02550156556611088	-0.03735948018826038	-0.013122463438033189	0.11265031924639311	0.02685079171334081	0.025309814847649575	-0.016947551329006705	0.012113518745149217	0.05802480903889845	-0.009102950963737512	-0.040499632120308195	0.06748282902995958	-0.05681039908203313	0.049668665961218536	0.011896524353460688	-0.042776521481571295	0.0677710789596142	-0.05659722924232887	0.030372463465610632	0.0035948933746212256	0.00831757550252263	0.007110161736357212	-0.033929094359950104	-0.016995944760858195	0.029081523136069484	-0.004313411258588326	0.010171465335648389	0.005356302766368876	0.03556326422475867	0.011299959802327989	-0.0241553322924351	-0.033976646883121665	0.004090873881145827	0.021668953285646043	-0.017505749621030527	0.009587830095573844	-0.028135770820391696	0.003101752243342561	0.021105638674667686	0.0009948174968284324	0.02147269797630866	-0.021915840491409835	-0.007361946083579417	-0.012509785611919223	-0.005416695682377993	0.00653207899908098	-0.004651863399736608	0.006111321872501723	-0.005668281054877259	-0.0013046396722005639	-0.0049755438295717895	0.006320745172785337	-0.007627922108292674	0.0025435662093786313	0.0017713436993242611	0.005727215701218027	-0.015486276200911161	0.0016440493990338566	-0.0011929927048899692	-0.0017892698824782953	0.0017948225806546296	0.0	0.0	0.0	0.0	0.0	0.0	0.0	0.0	0.0	0.0	0.0	0.0	0.0	0.0	0.0	0.0	0.0	0.0	0.0	0.0	0.0	0.0	0.0	0.0	0.0	0.0	0.0	0.0	0.0	0.0	0.0	0.0	0.0	0.0	0.0	0.0	0.0	0.0	0.0	0.0	0.0	0.0	0.0	0.0	0.0	0.0	0.0	0.0	0.0	0.0	0.0	0.0	0.0	0.0	0.0	0.0	0.0	0.0	0.0	0.0	0.0	0.0	0.0	0.0	0.0	0.0	0.0	0.0	0.0	0.0	0.0	0.0	0.0	0.0	0.0	0.0	0.0	0.0	0.0	0.0	0.0	0.0	0.0	0.0	0.0	0.0	0.0	0.0	0.0	0.0	0.0	0.0	0.0	0.0	0.0	0.0	0.0	0.0	0.0	0.0	0.0	0.0	0.0	0.0	0.0	0.0	0.0	0.0	0.0	0.0	0.0	0.0	0.0	0.0	0.0	0.0	0.0	0.0	0.0	0.0	0.0	0.0	0.0	0.0	0.0	0.0	0.0	0.0	0.0	0.0	0.0	0.0	0.0	0.0	0.0	0.0	0.0	0.0	0.0	0.0
S2014F_E5-3-C-F	0.08089391902600974	-0.33404341760062495	-0.2576529410893927	-0.08476746109488112	0.1310805011716456	-0.010726576007522168	-0.05051375698435205	-0.09953273545277198	-0.09417246458620572	-0.03337278522169336	0.10633104840250417	0.08319692698200712	0.0699802280885632	-0.01347635335089023	0.0292003743561599	-0.044665957300963594	-0.021168964894561344	0.10229015672220776	0.03319175630217357	-0.08038473965249804	-0.10093692367436231	0.03622106255207223	-0.052816563082272644	0.007966524864141672	-0.0620563322157886	-0.04402741414894954	0.009137206994691116	0.012939579900296032	0.00810582064612782	0.040095547385659465	0.04622613486569122	0.05443121045415904	-0.02174978339189225	-0.021361695891840105	-0.029174420885551635	0.03485370643716341	0.006487067448416511	-0.004936545211101836	-0.04466276234782199	-0.04622955616816248	-0.01185297315340712	0.02659306706228947	-0.012698823578697891	-0.01521219806864889	0.02406540496046863	0.009912229328425413	-0.020293689297440517	-0.010831123405254188	-0.008475538225721993	0.07024201931209821	-0.012852553202212666	0.01036702012259987	0.03775650114289707	0.01097441987750926	0.03729076707538461	0.01364525774062773	0.0012477667032897784	0.004250429559779821	0.016689144497938256	0.018171598558439448	0.021555595954054766	-0.013845787635966729	-0.009132375156703844	0.012820115604647273	0.013233728608728828	0.012423315477764532	0.023975479831738433	0.0016019796022970292	-0.012714810096668016	0.0056660225218700755	-0.012724821114792988	-0.0017943535914944568	0.007997615382928256	-0.01136864821758137	-0.0171382757876443	0.004542668464600805	0.007311084840998963	0.0040190490376783745	-0.003221207173757317	0.0	0.0	0.0	0.0	0.0	0.0	0.0	0.0	0.0	0.0	0.0	0.0	0.0	0.0	0.0	0.0	0.0	0.0	0.0	0.0	0.0	0.0	0.0	0.0	0.0	0.0	0.0	0.0	0.0	0.0	0.0	0.0	0.0	0.0	0.0	0.0	0.0	0.0	0.0	0.0	0.0	0.0	0.0	0.0	0.0	0.0	0.0	0.0	0.0	0.0	0.0	0.0	0.0	0.0	0.0	0.0	0.0	0.0	0.0	0.0	0.0	0.0	0.0	0.0	0.0	0.0	0.0	0.0	0.0	0.0	0.0	0.0	0.0	0.0	0.0	0.0	0.0	0.0	0.0	0.0	0.0	0.0	0.0	0.0	0.0	0.0	0.0	0.0	0.0	0.0	0.0	0.0	0.0	0.0	0.0	0.0	0.0	0.0	0.0	0.0	0.0	0.0	0.0	0.0	0.0	0.0	0.0	0.0	0.0	0.0	0.0	0.0	0.0	0.0	0.0	0.0	0.0	0.0	0.0	0.0	0.0	0.0	0.0	0.0	0.0	0.0	0.0	0.0	0.0	0.0	0.0	0.0	0.0	0.0	0.0	0.0	0.0	0.0	0.0	0.0
S2014F_E5-C-2-F	-0.25362631147806647	-0.26206729398177026	-0.11712504961222132	0.26434104787259766	-0.026956366488368678	0.054446525857709725	0.0336697900755116	-0.0038663837781720855	0.0007748196464925005	-0.002445916398303303	-0.02606032482742753	-0.006340739574362315	0.028785466322040924	-0.07418120608115258	-0.11384300648604723	-0.019513593577369037	0.05467619496196229	0.10672893269444367	-0.058252001472471046	-0.0717410701441921	-0.07219449964462386	0.03707486032164846	-0.06393417714565937	0.010263730005896303	-0.049689493311335396	0.0028871458984486673	0.034558774598718464	0.05785477176644103	0.008847480295176045	0.024830851152546067	0.03062246392577957	-0.024145301634935668	0.04960385648081733	-0.024036658815560705	0.027280467392812303	-0.03323203854077579	0.0095883474566001	-0.04603890594850136	-0.037722930411920895	0.028527165613626695	0.028282494286257353	0.041765199854227116	0.016245539259169696	-0.04191411977007547	0.029112367991348434	-0.018614919171050653	-0.008732236029896177	-0.011988086604724252	0.03772204507856711	-0.005073880986703144	-0.03854197126402281	0.0029843034080647094	0.00416962012109881	-0.015690251252890794	0.02319568734690558	-0.014993133345478995	-0.004291149483215523	0.004739377177558958	-0.01660400669854623	0.012259341976514897	-0.0009526970119939697	0.0005660947826676474	0.012171206939075498	-0.01975088071860546	-0.013287968781193498	-0.01440498167928887	-0.008052314687030838	0.00523488262254962	-0.01087351404689111	-0.01458093931963392	0.008772601980970003	-0.01215943541171007	-0.002942796675554294	0.007580825050938045	-6.711749041979291e-05	-0.00451134016844107	0.0037480523231369794	-0.000619814574421927	0.0041478738380377285	0.0	0.0	0.0	0.0	0.0	0.0	0.0	0.0	0.0	0.0	0.0	0.0	0.0	0.0	0.0	0.0	0.0	0.0	0.0	0.0	0.0	0.0	0.0	0.0	0.0	0.0	0.0	0.0	0.0	0.0	0.0	0.0	0.0	0.0	0.0	0.0	0.0	0.0	0.0	0.0	0.0	0.0	0.0	0.0	0.0	0.0	0.0	0.0	0.0	0.0	0.0	0.0	0.0	0.0	0.0	0.0	0.0	0.0	0.0	0.0	0.0	0.0	0.0	0.0	0.0	0.0	0.0	0.0	0.0	0.0	0.0	0.0	0.0	0.0	0.0	0.0	0.0	0.0	0.0	0.0	0.0	0.0	0.0	0.0	0.0	0.0	0.0	0.0	0.0	0.0	0.0	0.0	0.0	0.0	0.0	0.0	0.0	0.0	0.0	0.0	0.0	0.0	0.0	0.0	0.0	0.0	0.0	0.0	0.0	0.0	0.0	0.0	0.0	0.0	0.0	0.0	0.0	0.0	0.0	0.0	0.0	0.0	0.0	0.0	0.0	0.0	0.0	0.0	0.0	0.0	0.0	0.0	0.0	0.0	0.0	0.0	0.0	0.0	0.0	0.0
S2014F_E7-1-A-F	0.09707747513225273	-0.0669238264496498	0.2491758485466404	0.06876654044150159	0.21043494755029818	-0.025535301397935195	0.014811723740632738	-0.15338587381389218	-0.029828989153826427	0.07451493258847754	0.001348424648602829	-0.15150569298989164	-0.045199222728186494	0.023625017135271424	-0.030592906593313297	0.02973164444804072	0.026679921627985805	0.049730840405544346	0.029401939803960025	0.03204444278949023	-0.03438601810374974	-0.03215753043479736	-0.00036738666286310233	-0.017233921325660626	-0.023597915157328953	-0.01908691946698436	0.04748310862899618	0.0431737049386456	0.009652514983426695	0.008525556099221064	0.04175104276581094	-0.023970937258626	0.026563158376833203	0.025758642102242196	0.002682349141127529	-0.007990276401209138	0.005597651331600395	0.013332033686208479	0.003530935999961196	0.04438656037354838	-0.03309910519484589	0.007165081051058101	0.03717094288177867	0.0016466147272048589	0.028079919802663476	0.011150552626661538	0.012656305139803202	0.03060591355186836	0.00939058937204155	-0.011542170905922215	-0.011314562665346039	-0.021972984623084876	-0.004226737032331586	-0.018192817646457263	-0.008109694469916775	0.02063994486726529	-0.005396084995165797	-0.0216951275872747	-0.009876089217736911	0.03082780014852628	0.002293735368828242	0.0027212585512094534	-0.01964099421598331	0.01746405011735914	-0.030508211686279846	-0.004325335606271398	0.004784379656820396	0.014711584983796044	-0.021490237567549992	-0.016980440356402095	0.0005205341707982958	-0.015108356486202183	-0.013315170535815879	-0.019241048317949407	0.005991785059117833	-0.0034403455365305466	0.001940527449760038	0.0012484098883118874	-0.003351810689383131	0.0	0.0	0.0	0.0	0.0	0.0	0.0	0.0	0.0	0.0	0.0	0.0	0.0	0.0	0.0	0.0	0.0	0.0	0.0	0.0	0.0	0.0	0.0	0.0	0.0	0.0	0.0	0.0	0.0	0.0	0.0	0.0	0.0	0.0	0.0	0.0	0.0	0.0	0.0	0.0	0.0	0.0	0.0	0.0	0.0	0.0	0.0	0.0	0.0	0.0	0.0	0.0	0.0	0.0	0.0	0.0	0.0	0.0	0.0	0.0	0.0	0.0	0.0	0.0	0.0	0.0	0.0	0.0	0.0	0.0	0.0	0.0	0.0	0.0	0.0	0.0	0.0	0.0	0.0	0.0	0.0	0.0	0.0	0.0	0.0	0.0	0.0	0.0	0.0	0.0	0.0	0.0	0.0	0.0	0.0	0.0	0.0	0.0	0.0	0.0	0.0	0.0	0.0	0.0	0.0	0.0	0.0	0.0	0.0	0.0	0.0	0.0	0.0	0.0	0.0	0.0	0.0	0.0	0.0	0.0	0.0	0.0	0.0	0.0	0.0	0.0	0.0	0.0	0.0	0.0	0.0	0.0	0.0	0.0	0.0	0.0	0.0	0.0	0.0	0.0
S2014F_E7-2-C-F	-0.035158771949964834	-0.23763263930495368	-0.0897015576279016	0.016447581984840195	-0.03481746925461223	0.06415913293118025	0.3245530983734541	0.11295574925628686	-0.09543826594281767	-0.016368901954073048	0.06246585160080808	-0.2070132791600671	0.0348624856943327	0.0967940713344907	0.08001846057439438	0.04513553533974632	-0.07664234085759317	-0.051938921759004525	0.01309306852155804	-0.05761780645735099	-0.040653718594366665	0.035763628563236054	0.014825372088010004	-0.1109137731452552	0.0615193492234932	0.008938013324603304	0.009067811000763058	-0.01770026720601183	0.036856760824960234	-0.00565313743144362	-0.002087108725263556	0.11255501262812283	-0.0019685830467773753	0.04014943379679127	-0.012874803897951441	-0.03770950211618974	-0.0009798670297734588	0.009229872045681396	0.04997891068982668	-0.02474795712079017	0.06814100356201036	0.03862085630419049	-0.01918484383766374	0.011544419838649636	0.059236696625632204	-0.017827877458813975	0.011538072128375614	-0.013959745383935357	0.020174073971123998	-0.00584608976994263	0.006078069027997808	-0.0013208658614537038	0.023533845983611842	-0.012602721483644042	0.014188327723086713	0.0022208678364873603	0.010422069602812249	0.003610397099885405	0.010302019807214504	-0.020000262096538962	0.002665595004456861	-0.012135419853293793	0.008731685185060975	0.016222462537143097	0.005483468928720324	0.011454357051857128	0.012443778944465637	-0.0008285900616502815	-0.0058514994743448425	-0.011219161285045813	-0.0019242356314944026	0.001073934444106113	-0.006581551826639305	4.7120851766972624e-05	0.005959611736975681	-0.0017675924946760867	-0.0015750614798579429	0.004552029988962028	0.004568159019172066	0.0	0.0	0.0	0.0	0.0	0.0	0.0	0.0	0.0	0.0	0.0	0.0	0.0	0.0	0.0	0.0	0.0	0.0	0.0	0.0	0.0	0.0	0.0	0.0	0.0	0.0	0.0	0.0	0.0	0.0	0.0	0.0	0.0	0.0	0.0	0.0	0.0	0.0	0.0	0.0	0.0	0.0	0.0	0.0	0.0	0.0	0.0	0.0	0.0	0.0	0.0	0.0	0.0	0.0	0.0	0.0	0.0	0.0	0.0	0.0	0.0	0.0	0.0	0.0	0.0	0.0	0.0	0.0	0.0	0.0	0.0	0.0	0.0	0.0	0.0	0.0	0.0	0.0	0.0	0.0	0.0	0.0	0.0	0.0	0.0	0.0	0.0	0.0	0.0	0.0	0.0	0.0	0.0	0.0	0.0	0.0	0.0	0.0	0.0	0.0	0.0	0.0	0.0	0.0	0.0	0.0	0.0	0.0	0.0	0.0	0.0	0.0	0.0	0.0	0.0	0.0	0.0	0.0	0.0	0.0	0.0	0.0	0.0	0.0	0.0	0.0	0.0	0.0	0.0	0.0	0.0	0.0	0.0	0.0	0.0	0.0	0.0	0.0	0.0	0.0
S2014F_E7-3-A-F	-0.04548783519823277	-0.1760385256341769	0.05181554788692892	0.05233402990457739	-0.0026276741070830095	0.021269450321261936	0.1621898937743367	0.05312234102854335	-0.2999271410418793	-0.0882565489307088	-0.15355315901889863	-0.05370672715647849	0.02836934859100448	-0.061051248780045884	-0.013174594541697166	0.09414335897023168	-0.004282760727503396	-0.003925466056962643	0.0030380865089569605	0.0633603763880257	-0.06475993089999381	-0.00915377756719562	0.026458662980365207	0.07305432455853905	0.014562488311734739	-0.01587870306857091	0.06519049143506589	-0.007757553997863257	-0.06539685797747939	0.04728651528393217	0.030774483605580247	-0.042552222629591886	0.008481237379587336	-0.021459225232426382	-0.037669951256013134	-0.005303937705153753	0.04239831968695613	-0.006814520841903497	-0.046413668620246394	-0.014071919775953639	0.01880522761386113	-0.01467966310218665	0.005187870980755246	-0.04936981957542579	-0.026186387981228732	-0.023597629750689183	0.009348374249393273	0.011308322635997577	0.0036575741995362237	0.015040338218191635	0.00820469116954526	-0.0037789504566950447	-0.006161157477699071	0.020367569493539798	-0.021681526568100944	-0.008811828633103425	0.006992447523862597	-0.01136740787344515	-0.011217940590321015	-0.018907350533290804	-0.0006508733759310956	-0.0017775828319679372	-0.01038079381778641	-0.011426877372774107	0.013930218107385822	0.00800481978066056	-0.001977012194415022	-0.016716789785972568	-0.014694552523662054	-0.0023824329751729835	-0.0014328698613480832	-0.013917131888453418	0.006297941870243511	0.0036236446708408413	0.006417487512833069	0.005437326847007912	-0.0001597004718012665	-0.003964983622087997	-0.000133832673070252	0.0	0.0	0.0	0.0	0.0	0.0	0.0	0.0	0.0	0.0	0.0	0.0	0.0	0.0	0.0	0.0	0.0	0.0	0.0	0.0	0.0	0.0	0.0	0.0	0.0	0.0	0.0	0.0	0.0	0.0	0.0	0.0	0.0	0.0	0.0	0.0	0.0	0.0	0.0	0.0	0.0	0.0	0.0	0.0	0.0	0.0	0.0	0.0	0.0	0.0	0.0	0.0	0.0	0.0	0.0	0.0	0.0	0.0	0.0	0.0	0.0	0.0	0.0	0.0	0.0	0.0	0.0	0.0	0.0	0.0	0.0	0.0	0.0	0.0	0.0	0.0	0.0	0.0	0.0	0.0	0.0	0.0	0.0	0.0	0.0	0.0	0.0	0.0	0.0	0.0	0.0	0.0	0.0	0.0	0.0	0.0	0.0	0.0	0.0	0.0	0.0	0.0	0.0	0.0	0.0	0.0	0.0	0.0	0.0	0.0	0.0	0.0	0.0	0.0	0.0	0.0	0.0	0.0	0.0	0.0	0.0	0.0	0.0	0.0	0.0	0.0	0.0	0.0	0.0	0.0	0.0	0.0	0.0	0.0	0.0	0.0	0.0	0.0	0.0	0.0
S2014F_E7-3-B-F	-0.18252169715803623	-0.1809574144493993	0.07905882415334034	0.07323644988564099	-0.2281071052989824	-0.05196130252353084	0.13622463147788103	0.1560997033572842	-0.26179096416102415	-0.014446663947741445	-0.09575089760203283	0.008931169987776561	0.04880520272598298	-0.004490697182213958	0.18117900987059615	-0.0001140520303205289	-0.004978325225308631	-0.11305164887191294	-0.00524289090971943	0.021888100927983656	0.04655251409659406	-0.03419927930768991	-0.06227981272706548	0.08512548230026355	-0.03926429567213415	0.012526719586761784	0.00602856619423516	-0.09826983136247336	-0.025981663567568567	0.06639532883879025	-0.0517063046911647	-0.021229184481125787	-0.009111688385151818	-0.04247991135522495	0.029647395851234378	0.02202703076013095	-0.0040106290548221415	-0.013039446889667097	0.008250589204229752	0.006247396928651524	-0.021345990259413073	-0.019896228728776874	-0.027403438756844613	-0.0027571226824717582	-0.012646944695841798	-0.03606049844764241	-0.0280609749207953	-0.002759294110975855	0.010096975121561566	0.01135610510090642	-0.008001782840677601	0.0059528134043239905	-0.004796101449357446	0.003571192511500952	0.012007490182654705	0.02259941737791656	-0.007239114203350091	-0.0005935500044311817	-0.0024844550558353615	0.010338099924397394	-0.011365060381481423	0.00570194993915536	-0.007811940366628645	0.0056807064845596535	-0.019403730958100072	-0.0014818002875858305	-0.01918149827330477	0.0011752047069837459	-0.003815061956683919	-0.0035000405933371544	-0.02074664025498265	-0.003942980516808314	-0.0039351475714804246	-0.0039757745631907315	0.00020051106258528692	-0.002215253791094445	-0.0025758588500015686	-0.002735452604023721	0.0007825258959954325	0.0	0.0	0.0	0.0	0.0	0.0	0.0	0.0	0.0	0.0	0.0	0.0	0.0	0.0	0.0	0.0	0.0	0.0	0.0	0.0	0.0	0.0	0.0	0.0	0.0	0.0	0.0	0.0	0.0	0.0	0.0	0.0	0.0	0.0	0.0	0.0	0.0	0.0	0.0	0.0	0.0	0.0	0.0	0.0	0.0	0.0	0.0	0.0	0.0	0.0	0.0	0.0	0.0	0.0	0.0	0.0	0.0	0.0	0.0	0.0	0.0	0.0	0.0	0.0	0.0	0.0	0.0	0.0	0.0	0.0	0.0	0.0	0.0	0.0	0.0	0.0	0.0	0.0	0.0	0.0	0.0	0.0	0.0	0.0	0.0	0.0	0.0	0.0	0.0	0.0	0.0	0.0	0.0	0.0	0.0	0.0	0.0	0.0	0.0	0.0	0.0	0.0	0.0	0.0	0.0	0.0	0.0	0.0	0.0	0.0	0.0	0.0	0.0	0.0	0.0	0.0	0.0	0.0	0.0	0.0	0.0	0.0	0.0	0.0	0.0	0.0	0.0	0.0	0.0	0.0	0.0	0.0	0.0	0.0	0.0	0.0	0.0	0.0	0.0	0.0
S2014F_E7-3-C-F	-0.18645248111924545	-0.2830608092030983	-0.07573776512026427	0.19875442641238592	-0.07453634172372166	0.03111935386099446	0.19372007486949586	0.07714650696703058	-0.1176903413687823	0.1206271189661604	-0.018620236853535713	-0.05369452586120569	0.04468540938227818	-0.10554900010261001	-0.0977864665167675	-0.03807501857193735	0.02691311727955498	-0.03990199004574202	0.00707843413060336	0.014777412546853719	0.08449987928426751	0.019064435758985858	-0.0737182297275123	0.07920790951944291	0.019319250045405096	0.005162926018726265	-0.019076585518329865	-0.0064210033021606105	-0.006037438188067463	0.028603467682027654	-0.007395304739893833	-0.004949882100601265	0.015401831716040095	-0.04671692146692947	0.08114337953755343	0.052731836177732104	-0.01847368096581744	-0.019700007589448044	0.05560146050477705	0.018041973875255374	0.024398354787526392	0.04566878025704299	0.029988593912674395	0.003733258512446441	0.032844087557496814	0.024320628250130035	-0.012294100760959173	0.06596673303256523	0.012615144731349838	-0.03927666331430595	0.01835388491733134	-0.006143995388080402	-0.0007119427095422341	0.012165561696603135	-0.02765655641470641	-0.01514030196357325	0.00928476118367842	0.046087764415945885	0.015300833075894023	-0.015653687860206	0.004950368503723685	-0.023775182095636577	0.030065354945703893	0.009348634157298419	-0.004780347982607321	-0.004583821887480769	0.00812210986420859	0.0023849523732474794	0.005037911375971932	-7.04736998216984e-05	0.005344408940692277	0.021736585028766794	-0.0010496470787259387	-0.0032894213668535743	-0.0031764279166061906	0.0011485665042824916	-0.0010564274492307665	0.001602661936640124	-0.0019518947215547418	0.0	0.0	0.0	0.0	0.0	0.0	0.0	0.0	0.0	0.0	0.0	0.0	0.0	0.0	0.0	0.0	0.0	0.0	0.0	0.0	0.0	0.0	0.0	0.0	0.0	0.0	0.0	0.0	0.0	0.0	0.0	0.0	0.0	0.0	0.0	0.0	0.0	0.0	0.0	0.0	0.0	0.0	0.0	0.0	0.0	0.0	0.0	0.0	0.0	0.0	0.0	0.0	0.0	0.0	0.0	0.0	0.0	0.0	0.0	0.0	0.0	0.0	0.0	0.0	0.0	0.0	0.0	0.0	0.0	0.0	0.0	0.0	0.0	0.0	0.0	0.0	0.0	0.0	0.0	0.0	0.0	0.0	0.0	0.0	0.0	0.0	0.0	0.0	0.0	0.0	0.0	0.0	0.0	0.0	0.0	0.0	0.0	0.0	0.0	0.0	0.0	0.0	0.0	0.0	0.0	0.0	0.0	0.0	0.0	0.0	0.0	0.0	0.0	0.0	0.0	0.0	0.0	0.0	0.0	0.0	0.0	0.0	0.0	0.0	0.0	0.0	0.0	0.0	0.0	0.0	0.0	0.0	0.0	0.0	0.0	0.0	0.0	0.0	0.0	0.0
S2014F_E9-2-A-F	-0.06051831767524401	-0.29901963781043034	-0.2502729729212456	-0.0578135377941922	0.03711539838742194	-0.10385814092958544	-0.05132724530756103	-0.09820067715404446	0.07134787432689567	0.1204046504804983	-0.03267905338405751	-0.053516854626173546	0.01185290177752394	-0.06256596596232915	0.05296559258830273	-0.008725811035610829	-0.00803300411328128	-0.0016999460937820886	0.07778106725422589	0.10915969569814674	0.0717737549570814	0.044558585874462986	0.012081641207059459	0.03087194638543034	-0.07779326675269473	0.019502739772799232	0.04288294446152157	-0.011162834289139827	0.06786979982160327	-0.0190817318766238	0.007771003599595667	-0.058495815810977715	-0.026606986203450034	-0.04993210867926727	0.07638868627582666	-0.07582356629622848	-0.0018229004933121807	-0.01383445104486465	-0.014076408005141745	-0.04311851476240959	0.00043867093291079327	0.0066002518814603115	-0.04504697202168001	0.01139053377932393	0.01638306067501395	-0.013429583034149695	0.011655992070383274	0.00988118688048905	0.015332298283020877	-0.002770966953638244	0.004967266026462963	0.014539808564630064	0.0005229153699790724	0.026215530339835213	0.017495321942369545	-0.00016190125014238084	0.00808683763825761	0.012522884608944553	-0.011395919272381207	-0.019943445672434914	-0.035030934878546055	-0.003143143683273174	-0.012294931804874502	0.0071933093428515164	0.017616970773258824	-0.004574039278234915	-0.008136113715275227	-0.007811027336508233	0.006073368751329447	-0.02231414555554843	0.0048860746871769315	0.01693047143849215	0.010477604553735328	0.006271766226708537	0.01652790581586679	0.0042448977661010195	-0.0030634530765260262	-0.0026945464208432855	-0.0035658754934894603	0.0	0.0	0.0	0.0	0.0	0.0	0.0	0.0	0.0	0.0	0.0	0.0	0.0	0.0	0.0	0.0	0.0	0.0	0.0	0.0	0.0	0.0	0.0	0.0	0.0	0.0	0.0	0.0	0.0	0.0	0.0	0.0	0.0	0.0	0.0	0.0	0.0	0.0	0.0	0.0	0.0	0.0	0.0	0.0	0.0	0.0	0.0	0.0	0.0	0.0	0.0	0.0	0.0	0.0	0.0	0.0	0.0	0.0	0.0	0.0	0.0	0.0	0.0	0.0	0.0	0.0	0.0	0.0	0.0	0.0	0.0	0.0	0.0	0.0	0.0	0.0	0.0	0.0	0.0	0.0	0.0	0.0	0.0	0.0	0.0	0.0	0.0	0.0	0.0	0.0	0.0	0.0	0.0	0.0	0.0	0.0	0.0	0.0	0.0	0.0	0.0	0.0	0.0	0.0	0.0	0.0	0.0	0.0	0.0	0.0	0.0	0.0	0.0	0.0	0.0	0.0	0.0	0.0	0.0	0.0	0.0	0.0	0.0	0.0	0.0	0.0	0.0	0.0	0.0	0.0	0.0	0.0	0.0	0.0	0.0	0.0	0.0	0.0	0.0	0.0
S2014F_E9-2-B-F	-0.3231783220021885	-0.10025961508226192	-0.09809891897690895	0.2255478146273199	-0.12413831585112459	0.032359053138372784	0.11195707513933388	-0.0012018579846246364	0.12272968082915944	-0.0099146512738008	-0.03394552099224676	0.05430026764380787	0.03796947879696656	-0.033111412972562704	0.07750129904381664	-0.06413252776995365	0.034200669588278054	0.12599027067460508	0.00488792697485551	-0.01565786355419469	-0.08420002718589764	-0.010804342552675586	-0.028251452207744148	0.04427071632344929	-0.06369290060582365	-0.00939354417971617	-0.034843432310193066	-0.04413201532890723	0.10888925631513346	0.02444388235588112	0.04687881298695437	-0.039483304425667956	0.09906859498761204	0.006141678176212963	0.07263709117078307	-0.02587639475682704	-0.06960748490394346	0.04316797928485374	-0.08062676910508407	0.03151692262433342	0.012405067038610905	0.005058159039311429	0.01980560161311224	-0.0006646292041000041	0.0010229626794771738	-0.005766253146522021	-0.039260427064248635	-0.00632860857499149	0.01085619401391216	-0.04732815085946724	-0.025510066306774506	-0.010704594462200689	-0.010053182537201574	0.015847063709870053	-0.03014219868446314	-0.006518861688334449	-0.029953914356881224	0.008877935390633048	0.020649139964575267	0.03459397848429521	-0.005382699649945079	0.006241589907887018	0.009637776869946556	-0.006827089142628218	0.010101163175322447	0.015202176779379665	0.0023900793677988533	-0.0015822567729182075	0.012360251346453612	0.006129851841082462	0.006976292580164712	0.002302320690058508	0.016045192304405438	-0.0008873683737898223	0.006284015836079978	-9.957932874256488e-05	0.0035870956753361947	0.00232741960649124	-0.0009288790958388831	0.0	0.0	0.0	0.0	0.0	0.0	0.0	0.0	0.0	0.0	0.0	0.0	0.0	0.0	0.0	0.0	0.0	0.0	0.0	0.0	0.0	0.0	0.0	0.0	0.0	0.0	0.0	0.0	0.0	0.0	0.0	0.0	0.0	0.0	0.0	0.0	0.0	0.0	0.0	0.0	0.0	0.0	0.0	0.0	0.0	0.0	0.0	0.0	0.0	0.0	0.0	0.0	0.0	0.0	0.0	0.0	0.0	0.0	0.0	0.0	0.0	0.0	0.0	0.0	0.0	0.0	0.0	0.0	0.0	0.0	0.0	0.0	0.0	0.0	0.0	0.0	0.0	0.0	0.0	0.0	0.0	0.0	0.0	0.0	0.0	0.0	0.0	0.0	0.0	0.0	0.0	0.0	0.0	0.0	0.0	0.0	0.0	0.0	0.0	0.0	0.0	0.0	0.0	0.0	0.0	0.0	0.0	0.0	0.0	0.0	0.0	0.0	0.0	0.0	0.0	0.0	0.0	0.0	0.0	0.0	0.0	0.0	0.0	0.0	0.0	0.0	0.0	0.0	0.0	0.0	0.0	0.0	0.0	0.0	0.0	0.0	0.0	0.0	0.0	0.0
S2014F_E9-2-C-F	0.12864206187327903	-0.14171222605646308	-0.10471767336977021	-0.00039903868530247834	0.16482184637684863	0.09913504766822916	0.09853133892365541	0.012997728210177039	0.03887359676030825	0.05066899757817659	-0.11611362343429496	-0.1702223993373762	-0.08977484389854547	-0.01868492645948941	0.007040910556762675	-0.03400549253785967	-0.12631498477341818	0.00533576414376544	-0.016121868064278688	-0.023639430921131726	-0.08595503272689343	-0.0770982290212157	-0.004609063564743199	-0.06211542132089821	-0.09785654068646603	-0.11062364715590838	0.09674740769806994	0.033641175095098355	0.039720616233512494	-0.007672196644697135	0.022600516647250414	0.11149334771036476	-0.001413259123340622	0.07382007968252216	0.10954992357008814	0.11453787407803903	-0.010544154224308395	-0.005367186214070401	-0.051685580004722786	-0.007387639960529707	-0.034987031964945514	-0.0055567821842228355	-0.04076104667107315	0.010693931840084514	-0.020221153979664667	0.02053973783282828	-0.011869232624766758	0.028166626207357322	-0.03655217490677405	-0.014361486725671887	-0.012363183158818703	0.007610258516861087	-0.021486297846115398	-0.008304609413519445	0.021943663195458252	-0.025632647497166736	-0.0003964178189175165	0.02118033339745305	-0.022163934652027775	-0.016427168199297012	-0.010702277913441229	-0.013106077736628667	-0.0002789141581538946	-0.004925453070654871	-0.0009009634863765217	0.0032832949055917817	-0.0036857192187372415	0.004101237559485492	0.005540837230943963	-0.003327321672511391	-0.0003478804917244249	0.013525769791264053	0.002295051094599445	0.0033767335345317286	0.0008249094609826136	-0.002932807065963416	0.0009823216948153463	-0.0019796716843694467	-0.0008013517747844312	0.0	0.0	0.0	0.0	0.0	0.0	0.0	0.0	0.0	0.0	0.0	0.0	0.0	0.0	0.0	0.0	0.0	0.0	0.0	0.0	0.0	0.0	0.0	0.0	0.0	0.0	0.0	0.0	0.0	0.0	0.0	0.0	0.0	0.0	0.0	0.0	0.0	0.0	0.0	0.0	0.0	0.0	0.0	0.0	0.0	0.0	0.0	0.0	0.0	0.0	0.0	0.0	0.0	0.0	0.0	0.0	0.0	0.0	0.0	0.0	0.0	0.0	0.0	0.0	0.0	0.0	0.0	0.0	0.0	0.0	0.0	0.0	0.0	0.0	0.0	0.0	0.0	0.0	0.0	0.0	0.0	0.0	0.0	0.0	0.0	0.0	0.0	0.0	0.0	0.0	0.0	0.0	0.0	0.0	0.0	0.0	0.0	0.0	0.0	0.0	0.0	0.0	0.0	0.0	0.0	0.0	0.0	0.0	0.0	0.0	0.0	0.0	0.0	0.0	0.0	0.0	0.0	0.0	0.0	0.0	0.0	0.0	0.0	0.0	0.0	0.0	0.0	0.0	0.0	0.0	0.0	0.0	0.0	0.0	0.0	0.0	0.0	0.0	0.0	0.0
S2014F_E9-3-A-F	0.12525796448810506	-0.2873937856716352	-0.19295715611916506	-0.09319524154630948	-0.16755420277809321	0.3485422309360625	0.10776381281410671	0.04553895252553503	0.21222904309966323	0.3258826297444823	-0.046178832968596845	0.061465748576685644	-0.014697778005234374	-0.1338412745348068	0.019636825763391996	-0.03115579516137624	0.007601516094293389	-0.12615587178637144	-0.02595811491757723	-0.0769667872318323	0.017385534323424354	0.07254278467606992	0.018912357061542415	-0.05394943789043534	-0.015226196802843288	0.022804295663901263	-0.021099062927351676	0.025509036313207084	-0.04127303952859864	0.019433818393368784	-0.031915664053028696	0.007567065212435558	-0.03126595910101403	-0.0065038180078675805	-0.08019022912648407	-0.018180444060892812	0.02366074861577948	-0.009835772955012331	-0.038413528795245115	0.035816310560355516	-0.028343333462426453	-0.011342194250039468	0.012910927077820081	-0.03541136728773885	0.0063920759776380795	-0.020969564610200893	-0.03711585312532935	-0.010120642384590322	-0.002142793820004679	-0.00838207077250878	-0.0015525599110666718	0.0019190643338876851	-0.008997999965593988	0.04191622832377951	0.005055280411496943	0.012039057831689034	0.0026046326730055683	-0.002148647879860895	-0.0021567880235299312	-0.008078250458640392	-0.004161383434287687	0.006596526895524027	0.006618454254096106	-0.007687738802174855	0.005460488511018123	0.0014514835163933456	-0.002894666460041443	0.009426287557778901	-0.005153264527038378	0.013617358144671039	-0.003762495355522101	0.0004216941516742108	-0.006137768711027379	-0.006649954219560727	0.006390451509436222	0.0040675858905645885	0.004958082688279041	0.0006802782244226234	-0.0010633921462775418	0.0	0.0	0.0	0.0	0.0	0.0	0.0	0.0	0.0	0.0	0.0	0.0	0.0	0.0	0.0	0.0	0.0	0.0	0.0	0.0	0.0	0.0	0.0	0.0	0.0	0.0	0.0	0.0	0.0	0.0	0.0	0.0	0.0	0.0	0.0	0.0	0.0	0.0	0.0	0.0	0.0	0.0	0.0	0.0	0.0	0.0	0.0	0.0	0.0	0.0	0.0	0.0	0.0	0.0	0.0	0.0	0.0	0.0	0.0	0.0	0.0	0.0	0.0	0.0	0.0	0.0	0.0	0.0	0.0	0.0	0.0	0.0	0.0	0.0	0.0	0.0	0.0	0.0	0.0	0.0	0.0	0.0	0.0	0.0	0.0	0.0	0.0	0.0	0.0	0.0	0.0	0.0	0.0	0.0	0.0	0.0	0.0	0.0	0.0	0.0	0.0	0.0	0.0	0.0	0.0	0.0	0.0	0.0	0.0	0.0	0.0	0.0	0.0	0.0	0.0	0.0	0.0	0.0	0.0	0.0	0.0	0.0	0.0	0.0	0.0	0.0	0.0	0.0	0.0	0.0	0.0	0.0	0.0	0.0	0.0	0.0	0.0	0.0	0.0	0.0
S2014F_E9-3-B-F	0.1183243155981926	-0.1517326468381969	-0.1359537901479602	0.014029946625896881	-0.23405623389461686	0.5542132405543811	-0.1053406480188088	-0.13734195154254888	0.09458772633333581	0.20078044250033797	-0.13076970457641887	0.14592349007631225	-0.06622052278017569	-0.013387589449068822	0.03440847333412271	-0.17298376648517091	-0.04351937797259479	0.04080140505361532	-0.003463085306667265	-0.029568598921210512	-0.08357530636296154	-0.07465135132488858	0.03446614856981322	0.031213786053476605	0.07730978241379649	-0.015630907677350543	0.06764941998819723	-0.02378171932364201	-0.05434207349689162	0.06476114771299789	-0.04521546227866204	-0.0005101626535056552	-0.04457033217104224	0.052585050216525264	-0.0320318415506015	-0.008363811615756828	0.01715715240189684	0.04238904558231042	-0.012411862511153417	0.005417679502651838	0.03996309769367538	0.041084110781698095	0.005378166517839638	0.014156385810162713	-0.016817132696144536	-0.011261841363538565	-0.02503762734136578	0.005144121921427316	-0.009211401132698787	-0.0022025718560187823	0.002766175884776404	0.012646930663311887	0.009377616317813274	0.009396628968690063	0.0007337743779274463	0.004544757751422018	-0.01550669758338985	-0.01480535083905007	0.008630419645773907	0.006383950248782466	-0.0008943546000833373	-0.007678960933157021	0.007304092660874945	0.0074974420164790724	0.008936760069153319	-0.011130218895208592	0.00027195329702932314	0.00027468783942269674	-0.006898431464321831	0.0012010376158833964	0.00745857685369847	0.012120182570076266	-0.002083559118338561	-0.004803284831784156	0.008478165040899885	3.304896422021914e-05	0.0004100188102296922	0.0011103273809587508	0.0003824065758823659	0.0	0.0	0.0	0.0	0.0	0.0	0.0	0.0	0.0	0.0	0.0	0.0	0.0	0.0	0.0	0.0	0.0	0.0	0.0	0.0	0.0	0.0	0.0	0.0	0.0	0.0	0.0	0.0	0.0	0.0	0.0	0.0	0.0	0.0	0.0	0.0	0.0	0.0	0.0	0.0	0.0	0.0	0.0	0.0	0.0	0.0	0.0	0.0	0.0	0.0	0.0	0.0	0.0	0.0	0.0	0.0	0.0	0.0	0.0	0.0	0.0	0.0	0.0	0.0	0.0	0.0	0.0	0.0	0.0	0.0	0.0	0.0	0.0	0.0	0.0	0.0	0.0	0.0	0.0	0.0	0.0	0.0	0.0	0.0	0.0	0.0	0.0	0.0	0.0	0.0	0.0	0.0	0.0	0.0	0.0	0.0	0.0	0.0	0.0	0.0	0.0	0.0	0.0	0.0	0.0	0.0	0.0	0.0	0.0	0.0	0.0	0.0	0.0	0.0	0.0	0.0	0.0	0.0	0.0	0.0	0.0	0.0	0.0	0.0	0.0	0.0	0.0	0.0	0.0	0.0	0.0	0.0	0.0	0.0	0.0	0.0	0.0	0.0	0.0	0.0
S2014F_E9-3-C-F	0.0699804554379781	-0.18920173741481378	-0.21983191205558386	-0.001776076828863987	-0.09099222955391553	0.4456173979173782	-0.1858420804222514	-0.013108269784787963	0.12601953289914178	0.2845061019271707	-0.20230769135786164	-0.07412306790875499	0.08620290819018522	-0.0003258412983240616	0.08171988132421905	-0.008286479327132622	0.0142480700011146	0.03917563064496832	0.034587896561085525	-0.10161489398321749	-0.029839902754897715	-0.0006964351271502136	0.02500235764594768	0.07809195183339757	0.05644081995549749	0.013083557848303356	-0.07115023733317263	0.00501952113176931	0.09156061868032137	-0.03568788751377838	0.04741120059483648	-0.015184137509029532	0.020216471033002573	-0.025894999379713013	0.012691342495078538	-0.031525609963993735	-0.0005645943195578531	-0.023319764574346265	0.03485841793713953	0.026096192133696343	-0.0024275564789585087	-0.02556332520500604	0.00040869261645510853	0.0001811260150460321	0.0038798968630225565	-0.012566089781364226	0.06923070593423164	-0.0192601708360396	0.016631850526344433	0.045070507092593866	0.0003965782406500105	0.03957423169555284	0.03605958333475646	0.018399058568840762	0.02465779786872509	-0.016138503739634526	0.03798772113856437	0.013103629598131163	-0.004348213282382486	-0.013276530848492016	0.016145098505483117	-0.0040089234474725835	0.005547144850508776	-0.004307716222547535	-0.011951916683570124	-0.009823740879740231	0.01239927285347589	0.005943766080536426	0.008410294968196624	0.000964065483956971	0.00012162051968032861	-0.006116971729660931	-0.003291151461237284	-0.0008134763789007085	0.0016799010741518744	-0.0006247754606944669	0.00048155768056644556	-0.0010454005043748135	0.0013950817080822223	0.0	0.0	0.0	0.0	0.0	0.0	0.0	0.0	0.0	0.0	0.0	0.0	0.0	0.0	0.0	0.0	0.0	0.0	0.0	0.0	0.0	0.0	0.0	0.0	0.0	0.0	0.0	0.0	0.0	0.0	0.0	0.0	0.0	0.0	0.0	0.0	0.0	0.0	0.0	0.0	0.0	0.0	0.0	0.0	0.0	0.0	0.0	0.0	0.0	0.0	0.0	0.0	0.0	0.0	0.0	0.0	0.0	0.0	0.0	0.0	0.0	0.0	0.0	0.0	0.0	0.0	0.0	0.0	0.0	0.0	0.0	0.0	0.0	0.0	0.0	0.0	0.0	0.0	0.0	0.0	0.0	0.0	0.0	0.0	0.0	0.0	0.0	0.0	0.0	0.0	0.0	0.0	0.0	0.0	0.0	0.0	0.0	0.0	0.0	0.0	0.0	0.0	0.0	0.0	0.0	0.0	0.0	0.0	0.0	0.0	0.0	0.0	0.0	0.0	0.0	0.0	0.0	0.0	0.0	0.0	0.0	0.0	0.0	0.0	0.0	0.0	0.0	0.0	0.0	0.0	0.0	0.0	0.0	0.0	0.0	0.0	0.0	0.0	0.0	0.0
S2014m_E2-1-A-F	-0.2044926504699726	-0.1066996213586275	0.39022387693400706	0.2740837147260663	-0.05417975932983435	-0.043895883886000374	-0.010640618832640605	0.06934473084608661	-0.003843659680419495	-0.011041158226297346	-0.017793852992921546	0.11690883114761923	0.0031082474228477934	-0.030052453683175717	-0.10885015827714377	-0.05884839033240436	-0.12334084581519657	0.07089710326355451	0.016394299030637716	-0.02971350268190003	0.07900290366098103	0.001291351097540685	0.019116391092875672	-0.056264180237463976	-0.010531398517134603	-0.03971410742545266	0.0014267251823108721	0.06513717813336593	0.015972790626964422	0.021249989253705734	0.026329865349393244	0.0006895822941595545	-0.01033877620045179	-0.0039531907945575566	-0.003012278100405831	-0.029807577397057486	0.005442618388079682	-0.04934317705504271	0.005804826627790875	0.010827281903786477	0.002373413219837978	0.012736803289353312	-0.03208924438410558	-0.026480207437863872	0.030026615783586515	-0.02469753968431268	-0.0014420032149937553	-0.03191385668854708	0.00011627459333173622	0.019014865759960017	0.011794431547684616	0.005705632536758381	0.018237146269633797	-0.003601570854420435	-0.019372811668362133	-0.017377726664455775	0.012370837231299022	0.019636189041904333	0.021533411534520097	0.03302228227215185	0.0246272368280139	-0.02104943346563382	0.024730771133103884	0.008237410028085274	-0.0038805626242108685	-0.008492649656759735	-0.022004882464684374	-0.011663296664294283	-0.00328364423820008	0.004310221495652127	-0.006120978710506888	-0.0028649876283323482	0.006961049803809256	-0.009733398952479008	-0.008303990220188311	0.004352958468641984	-0.0026176113391625745	-0.0009507535357546092	-0.0022563246846126076	0.0	0.0	0.0	0.0	0.0	0.0	0.0	0.0	0.0	0.0	0.0	0.0	0.0	0.0	0.0	0.0	0.0	0.0	0.0	0.0	0.0	0.0	0.0	0.0	0.0	0.0	0.0	0.0	0.0	0.0	0.0	0.0	0.0	0.0	0.0	0.0	0.0	0.0	0.0	0.0	0.0	0.0	0.0	0.0	0.0	0.0	0.0	0.0	0.0	0.0	0.0	0.0	0.0	0.0	0.0	0.0	0.0	0.0	0.0	0.0	0.0	0.0	0.0	0.0	0.0	0.0	0.0	0.0	0.0	0.0	0.0	0.0	0.0	0.0	0.0	0.0	0.0	0.0	0.0	0.0	0.0	0.0	0.0	0.0	0.0	0.0	0.0	0.0	0.0	0.0	0.0	0.0	0.0	0.0	0.0	0.0	0.0	0.0	0.0	0.0	0.0	0.0	0.0	0.0	0.0	0.0	0.0	0.0	0.0	0.0	0.0	0.0	0.0	0.0	0.0	0.0	0.0	0.0	0.0	0.0	0.0	0.0	0.0	0.0	0.0	0.0	0.0	0.0	0.0	0.0	0.0	0.0	0.0	0.0	0.0	0.0	0.0	0.0	0.0	0.0
S2014M_E2-1-A-M	-0.17550165350154615	-0.10118590591789389	0.4632286984780203	0.19743729692484438	0.023101823482903707	-0.036990947421885405	-0.025050761961821728	-0.046275493107748485	-0.0007277021652682201	0.0630596758726022	0.05553669778317573	0.016130215339504306	0.004026851344296039	0.010256926798902386	-0.01162737172121625	-0.00225971102813343	0.001373234660105744	-0.07890291747556206	-0.09416768872098978	-0.019811276220155702	0.004135673680703645	-0.009431665267538155	-0.002750961205252849	-0.006050342895394022	0.004019872462104542	-0.026309740403192776	-0.029242115452076216	-0.018659826207461896	0.018864269041782525	-0.02589982208293958	-0.010953596483227402	-0.021938330369233736	0.0651263274464027	-0.02278009054916417	-0.020997598669276033	0.003318026770900792	-0.0166966541793677	-0.0133823329208198	-0.0012480691262614836	-0.010788317778298782	-0.009589606000954268	0.010218665321546616	0.023967030333257693	0.0031730710312808837	0.022495653294155628	0.004185064333410323	-0.00349852382054333	0.04926841222782185	0.011914947659787218	0.010322009908849487	0.012538409012143406	0.012505550022611216	0.027985838743946126	-0.018794735222042447	0.01960126779897684	-0.011253610203165164	-0.0065951014265136845	-0.005171446047985597	0.0061260719144769285	-0.005151489537322219	-0.018470966035168183	0.005193616167137655	-0.010999738997882222	-0.0043648605331250675	0.023362245760680023	0.004971364561167042	0.013923157046704611	0.002441439151487182	0.007247212678350316	-0.0030353769815265434	-0.004721863510312373	-0.00015411517021458402	-0.006307642407320569	-0.00495510660921545	-0.00907538733914791	-0.009827619532588736	-0.0037256405346171853	0.001975976219314961	-0.004925865184741312	0.0	0.0	0.0	0.0	0.0	0.0	0.0	0.0	0.0	0.0	0.0	0.0	0.0	0.0	0.0	0.0	0.0	0.0	0.0	0.0	0.0	0.0	0.0	0.0	0.0	0.0	0.0	0.0	0.0	0.0	0.0	0.0	0.0	0.0	0.0	0.0	0.0	0.0	0.0	0.0	0.0	0.0	0.0	0.0	0.0	0.0	0.0	0.0	0.0	0.0	0.0	0.0	0.0	0.0	0.0	0.0	0.0	0.0	0.0	0.0	0.0	0.0	0.0	0.0	0.0	0.0	0.0	0.0	0.0	0.0	0.0	0.0	0.0	0.0	0.0	0.0	0.0	0.0	0.0	0.0	0.0	0.0	0.0	0.0	0.0	0.0	0.0	0.0	0.0	0.0	0.0	0.0	0.0	0.0	0.0	0.0	0.0	0.0	0.0	0.0	0.0	0.0	0.0	0.0	0.0	0.0	0.0	0.0	0.0	0.0	0.0	0.0	0.0	0.0	0.0	0.0	0.0	0.0	0.0	0.0	0.0	0.0	0.0	0.0	0.0	0.0	0.0	0.0	0.0	0.0	0.0	0.0	0.0	0.0	0.0	0.0	0.0	0.0	0.0	0.0
S2014m_E2-1-B-F	-0.06606928865416074	-0.15545973398048163	0.4393566435929395	0.07293569678857961	-0.03709406316683553	-0.014925560805592398	0.14799136250272868	-0.02105293323749989	-0.16723111154971237	0.054569710916425075	0.06912938530906503	-0.0025290038339239027	0.051385550335790287	-0.04007179026674384	-0.015904682892344986	-0.0023331914140818	-0.01766524175604268	-0.05503565812578917	0.03454882692703844	0.07443774746422843	-0.001711391033669147	-0.027542528420627828	0.021320241110038565	0.010313560781024597	0.005204561350322033	0.08654317484277446	0.018245206057745097	-0.025865443785222278	-0.018409261761053324	-0.04246321375759677	0.012363473410818938	0.039581545200289975	-0.04558384958496783	0.036064688049065374	-0.004087214094797503	0.0015020755278502766	0.02643514962579638	-0.02052736009640105	0.038580230956583084	0.010410096023700419	0.02649420482829447	0.045802824966077266	0.01898061715928962	0.007556733433143655	0.013971756057565416	0.021833724566041	0.02496546057926128	0.022176265505909443	0.016409785160244127	-0.005688598210877479	-0.017851421005969308	-0.016010266973290103	-0.0029586799377349883	-0.016822654860581515	-0.059714861716378055	-0.0006819726440793324	-0.007289899486551004	0.01756855033379923	0.027334148887334826	0.01055896085848445	0.0011936309983374528	0.0066281497357244725	0.0071811599828887265	-0.0012799924757425066	-0.002963224467415156	-0.021867016818812913	0.022120619793342924	0.00934226975464744	-0.004367864329300396	0.012973492950706916	0.007211210055391692	0.007878943127202529	-0.01523622524003911	-0.0028336024234472132	0.001155839321061366	-0.0036579298303407656	3.23316904153568e-05	0.004018118715629037	0.000864671410328409	0.0	0.0	0.0	0.0	0.0	0.0	0.0	0.0	0.0	0.0	0.0	0.0	0.0	0.0	0.0	0.0	0.0	0.0	0.0	0.0	0.0	0.0	0.0	0.0	0.0	0.0	0.0	0.0	0.0	0.0	0.0	0.0	0.0	0.0	0.0	0.0	0.0	0.0	0.0	0.0	0.0	0.0	0.0	0.0	0.0	0.0	0.0	0.0	0.0	0.0	0.0	0.0	0.0	0.0	0.0	0.0	0.0	0.0	0.0	0.0	0.0	0.0	0.0	0.0	0.0	0.0	0.0	0.0	0.0	0.0	0.0	0.0	0.0	0.0	0.0	0.0	0.0	0.0	0.0	0.0	0.0	0.0	0.0	0.0	0.0	0.0	0.0	0.0	0.0	0.0	0.0	0.0	0.0	0.0	0.0	0.0	0.0	0.0	0.0	0.0	0.0	0.0	0.0	0.0	0.0	0.0	0.0	0.0	0.0	0.0	0.0	0.0	0.0	0.0	0.0	0.0	0.0	0.0	0.0	0.0	0.0	0.0	0.0	0.0	0.0	0.0	0.0	0.0	0.0	0.0	0.0	0.0	0.0	0.0	0.0	0.0	0.0	0.0	0.0	0.0
S2014M_E2-1-B-M	-0.14615739548174508	-0.14806317317158618	0.3843039399269307	0.14071979749463612	0.0197202158832533	-0.05940189507697179	-0.02784001201870939	-0.04665537365087913	0.008479805192867717	0.086796949145548	0.02723558633028366	-0.020899174108128735	-0.016931290556591084	-0.00579102742997468	0.07175215421539029	0.014114360085030564	0.057097853542919345	-0.03825151971469304	-0.09019118292117126	-0.08359771123579585	0.0021020183239539095	0.05195293183373621	-0.039774656816309914	0.0012080417969766227	-0.005511723312157757	0.027201791963477263	-0.014356236147652978	-0.022050407128336027	-0.03780959387728959	0.017676284450650073	-0.037252445772551025	0.021543785260872476	0.03638358857440346	-0.0006104613310980992	0.008415708463823314	0.030288243560468615	-0.026609716814474778	0.01378887851185043	-0.01485950302709991	-0.013631989332874664	0.005859592153316805	-0.010885017787058526	-0.011631253033232196	0.011742775632978599	-0.010568719661995954	0.011235853240547954	0.0013799723292043284	0.0012678940245851272	-0.0011525927142246894	-0.0042865562376037235	0.014388170101107968	-0.026683248551972634	-0.013612113732417762	0.016931129590090428	-0.0018080639482461946	0.01091812369569609	0.028164767810183875	0.009921774693206454	-0.02941536648450682	-0.0013817204458810447	-0.0057512392285621675	0.0012919998091652349	0.012918412301725005	0.008772586212105072	0.002074439817955844	-0.008771648422784295	0.011517103009467688	0.0009999127331580214	-0.013940916306250283	-0.0019305347929315386	0.02689006910995345	-0.00805823735261119	-0.006195187867589524	-0.02036714408023115	-0.002103890079346789	0.01476286003309585	0.002567989071843047	-0.0007314919396155125	-0.003322484738015824	0.0	0.0	0.0	0.0	0.0	0.0	0.0	0.0	0.0	0.0	0.0	0.0	0.0	0.0	0.0	0.0	0.0	0.0	0.0	0.0	0.0	0.0	0.0	0.0	0.0	0.0	0.0	0.0	0.0	0.0	0.0	0.0	0.0	0.0	0.0	0.0	0.0	0.0	0.0	0.0	0.0	0.0	0.0	0.0	0.0	0.0	0.0	0.0	0.0	0.0	0.0	0.0	0.0	0.0	0.0	0.0	0.0	0.0	0.0	0.0	0.0	0.0	0.0	0.0	0.0	0.0	0.0	0.0	0.0	0.0	0.0	0.0	0.0	0.0	0.0	0.0	0.0	0.0	0.0	0.0	0.0	0.0	0.0	0.0	0.0	0.0	0.0	0.0	0.0	0.0	0.0	0.0	0.0	0.0	0.0	0.0	0.0	0.0	0.0	0.0	0.0	0.0	0.0	0.0	0.0	0.0	0.0	0.0	0.0	0.0	0.0	0.0	0.0	0.0	0.0	0.0	0.0	0.0	0.0	0.0	0.0	0.0	0.0	0.0	0.0	0.0	0.0	0.0	0.0	0.0	0.0	0.0	0.0	0.0	0.0	0.0	0.0	0.0	0.0	0.0
S2014m_E2-1-C-F	-0.13830466247214207	-0.1086772881694221	0.4608291691952417	0.1392603057037363	0.03203076588827587	-0.03059077911748063	-0.025353921917425283	-0.0879106738137524	0.009042420804144366	0.07094683604280508	0.056901722935714466	-0.03795845952361882	-0.021533469046499797	-0.011863063457567151	0.03799720505914681	-0.03970429371676009	-0.03509991825656487	-0.10170497560379091	-0.02909739905159444	-0.03925198179474557	0.005458020606010429	-0.08970934745657874	-0.021792279645416374	0.05040208020999216	0.041074109745965294	-0.0216179229404613	-0.0776073300990557	-0.02959504273330565	-0.010138758422065923	0.04656299295098056	0.020038941389286028	0.019352951294725616	0.04094527414455529	-0.019814139145129663	0.03651941654517592	0.01280103616995572	0.04651398865107371	0.03249134598327026	0.040596671508741716	-0.009350519970789862	0.001717079659806818	-0.008609694839961714	0.027055294779120647	0.010400781819887732	-0.014664569397339369	0.016416799045998423	-0.0045936545343204516	-0.016895188017632047	0.03288963660727093	-0.03833369637761928	0.0033810040801925613	-0.001325395091345462	0.027410629828417472	-0.04423980597456753	-0.003787110707460238	-0.0026266888441743	0.007220364483138316	0.010624756156791001	0.010904036787370038	0.005314070705126668	-0.0142659179105287	-0.020389510645469115	0.018030334992958343	-0.016292567194309344	-0.023529312935747056	0.001499419479840548	-0.01219877147793145	0.0008512423022522021	0.00930899781352724	-0.010490283708360264	-0.008252625324027752	0.006108660661987202	-0.008226491828307952	-0.007848091436060002	0.008759077979991628	0.0037332972200379514	0.005461066569804657	-0.0007645112596589995	0.001251990616363893	0.0	0.0	0.0	0.0	0.0	0.0	0.0	0.0	0.0	0.0	0.0	0.0	0.0	0.0	0.0	0.0	0.0	0.0	0.0	0.0	0.0	0.0	0.0	0.0	0.0	0.0	0.0	0.0	0.0	0.0	0.0	0.0	0.0	0.0	0.0	0.0	0.0	0.0	0.0	0.0	0.0	0.0	0.0	0.0	0.0	0.0	0.0	0.0	0.0	0.0	0.0	0.0	0.0	0.0	0.0	0.0	0.0	0.0	0.0	0.0	0.0	0.0	0.0	0.0	0.0	0.0	0.0	0.0	0.0	0.0	0.0	0.0	0.0	0.0	0.0	0.0	0.0	0.0	0.0	0.0	0.0	0.0	0.0	0.0	0.0	0.0	0.0	0.0	0.0	0.0	0.0	0.0	0.0	0.0	0.0	0.0	0.0	0.0	0.0	0.0	0.0	0.0	0.0	0.0	0.0	0.0	0.0	0.0	0.0	0.0	0.0	0.0	0.0	0.0	0.0	0.0	0.0	0.0	0.0	0.0	0.0	0.0	0.0	0.0	0.0	0.0	0.0	0.0	0.0	0.0	0.0	0.0	0.0	0.0	0.0	0.0	0.0	0.0	0.0	0.0
S2014m_E2-1-C-M	-0.16236015427299513	-0.08656581532179823	0.4489087154316264	0.18396599942789052	0.04784418950565887	-0.032049812615478124	0.023299940281847835	-0.03274297636016179	0.06599636625808211	0.04545044179273603	0.0864427261515466	0.023363899279836824	-0.03362831392451208	-0.015439723571829269	0.036474021083726986	0.01513636293080931	0.0711933524698718	-0.009114312425259051	-0.08966278882721099	0.07926952654595198	-0.08478564265105543	-0.03550345863045759	-0.020862548936338383	0.025180069710413918	0.009202219637928133	-0.0037405322616316608	0.018503781447647437	-0.023743946225568212	0.010355135704794422	0.004985784186799751	-0.0373025555830864	-0.013245478136867205	-0.005579238122204251	0.028214418650434454	-0.03109672364350464	0.017945016605582835	-0.02853959105467792	0.030376427052454698	0.035015090411635155	-0.014095036437175816	-0.01087566701990814	0.010424852204372776	0.029734865514454287	0.014249331218387866	0.019693587597664618	0.005558765517700318	0.013404767363269673	-0.01850318533816708	-0.034658682102528496	-0.004020046503155931	0.01413176771815767	0.02323235426722848	-0.023182096439260006	0.009555145881479259	-0.004166717993856867	-0.014638291081373996	-0.008726657539756554	-0.01415837981760944	-0.01153856135812893	0.012548654759917803	0.018356030845839155	-0.013251453381685749	-0.013647983789995734	0.002289006736854799	0.020697389898390695	0.010353554508092729	-0.001532982504262223	0.000725066897963821	-0.020306637984743785	0.013475415160194043	0.011994830983446465	-0.003244333755570426	0.010222963300797035	0.01862632809826367	0.0031468176845999927	-0.004541681948919575	0.00021504783586062207	-0.006118335219476326	0.0021035580107455023	0.0	0.0	0.0	0.0	0.0	0.0	0.0	0.0	0.0	0.0	0.0	0.0	0.0	0.0	0.0	0.0	0.0	0.0	0.0	0.0	0.0	0.0	0.0	0.0	0.0	0.0	0.0	0.0	0.0	0.0	0.0	0.0	0.0	0.0	0.0	0.0	0.0	0.0	0.0	0.0	0.0	0.0	0.0	0.0	0.0	0.0	0.0	0.0	0.0	0.0	0.0	0.0	0.0	0.0	0.0	0.0	0.0	0.0	0.0	0.0	0.0	0.0	0.0	0.0	0.0	0.0	0.0	0.0	0.0	0.0	0.0	0.0	0.0	0.0	0.0	0.0	0.0	0.0	0.0	0.0	0.0	0.0	0.0	0.0	0.0	0.0	0.0	0.0	0.0	0.0	0.0	0.0	0.0	0.0	0.0	0.0	0.0	0.0	0.0	0.0	0.0	0.0	0.0	0.0	0.0	0.0	0.0	0.0	0.0	0.0	0.0	0.0	0.0	0.0	0.0	0.0	0.0	0.0	0.0	0.0	0.0	0.0	0.0	0.0	0.0	0.0	0.0	0.0	0.0	0.0	0.0	0.0	0.0	0.0	0.0	0.0	0.0	0.0	0.0	0.0
S2014m_E2-2-A-M	-0.015317796616648631	-0.353035909394575	-0.25004836965314764	-0.089576026098337	0.14802955335464446	-0.14149852431448723	-0.014176813901273295	-0.04352066548454302	0.05930725801760868	0.0009743278812315171	0.1325586306100509	-0.0892794881075374	0.002017778415508269	-0.03406781343003028	0.11249668632363279	0.007404093725472302	-0.027278098757546925	0.017122750785381582	0.05185382392263495	0.036488334512641996	0.023244216928414517	0.0006222755872104964	0.03376286797721251	-0.041778042584349445	-0.0076589496863571	-0.04694416423319738	-0.04498069883517804	0.010030453731786657	-0.05669572506906934	-0.07629546414888176	0.006566607400359932	-0.05097445258966528	0.005549193084968631	0.03843094260584371	-0.012899265815686201	-0.020768217626658602	0.006982550072533352	0.007912748012021334	-0.01321023842331074	0.01492691084764537	-0.04747158740069784	0.012410016707358185	0.027116746219108454	0.03501047884405715	-0.019617505946967918	-0.026605582641578664	0.012011054526154589	-0.022643936774122516	0.0005371373381583232	0.0007713909278992067	-0.009484882086331083	0.0019501059242615052	0.0011601634655930243	0.0025165617752731058	0.005035216982122654	-0.002340638188980926	0.017054313138799727	-0.024707289955098247	0.0020252034385353146	0.04310416676976675	0.01900539274950776	0.011254243482763751	0.020591464998829405	-0.018140048491525795	-0.00032766152949283546	-0.003454142218957031	-0.013414397375049352	0.021032162042887007	-0.01246873400451552	-0.00046421034604057104	0.00674042742802221	0.013064803419092653	0.0013472789196041313	-0.005695594996606518	0.0024883464858788734	0.004987043334102031	0.002937959091091149	0.000817481571254508	0.000588789010344028	0.0	0.0	0.0	0.0	0.0	0.0	0.0	0.0	0.0	0.0	0.0	0.0	0.0	0.0	0.0	0.0	0.0	0.0	0.0	0.0	0.0	0.0	0.0	0.0	0.0	0.0	0.0	0.0	0.0	0.0	0.0	0.0	0.0	0.0	0.0	0.0	0.0	0.0	0.0	0.0	0.0	0.0	0.0	0.0	0.0	0.0	0.0	0.0	0.0	0.0	0.0	0.0	0.0	0.0	0.0	0.0	0.0	0.0	0.0	0.0	0.0	0.0	0.0	0.0	0.0	0.0	0.0	0.0	0.0	0.0	0.0	0.0	0.0	0.0	0.0	0.0	0.0	0.0	0.0	0.0	0.0	0.0	0.0	0.0	0.0	0.0	0.0	0.0	0.0	0.0	0.0	0.0	0.0	0.0	0.0	0.0	0.0	0.0	0.0	0.0	0.0	0.0	0.0	0.0	0.0	0.0	0.0	0.0	0.0	0.0	0.0	0.0	0.0	0.0	0.0	0.0	0.0	0.0	0.0	0.0	0.0	0.0	0.0	0.0	0.0	0.0	0.0	0.0	0.0	0.0	0.0	0.0	0.0	0.0	0.0	0.0	0.0	0.0	0.0	0.0
S2014m_E2-2-B-M	-0.14045964561702906	-0.2082315172001907	-0.14420223445115743	0.29124377911590427	0.12377583779566555	-0.056339613150032865	-0.17882264463022146	0.033565703037200384	-0.09668967811215734	0.03365179215318095	0.022008464558509785	-0.09418047250571772	0.07023837447516366	0.035632431212044395	0.07186218830407344	-0.16126821814034073	0.014146760102584092	0.036713988112358424	-0.07437112782938929	0.00434424369919038	0.1034286552269698	0.0631695996023503	-0.004415343048454138	-0.0167695438965573	-0.0336149998244633	-0.06960039200009123	-0.015797013538628602	-0.027850067908900242	-0.014402210628350332	-0.014688128043292704	-0.002818136488660268	-0.06188262951051091	0.06956880103538018	0.046784972758142175	0.014345264148596343	-0.013984440729604471	-0.04618600159832487	-0.012739626699013606	0.001600690344284453	-0.050603493105749076	-0.02035397392120462	0.017416179233409	0.02455176210189154	0.019019240467174726	-0.022261371296222944	0.010214787698867514	0.046063181579532014	-0.004812602019515273	-0.0012929473524790258	0.030802694509027864	0.026537315984186363	0.03770386503482739	-0.008915617615687071	-0.020718815864003235	0.01818947067811807	-0.007653894564257449	0.014001541664902622	-0.024574690625424164	-0.011031599571506774	-0.0055032628695426385	0.00383352905696241	-0.012066276905792908	0.0009515544456644885	-0.01597283494415456	-0.007072396848592495	-0.007115970801372602	0.0046506231080504275	0.004682220605648434	-0.016471438349149038	0.005213150912935351	0.004192683005495754	-0.005926568017879366	-0.0011036253132225436	-0.003179964792877857	0.004709004212314215	-0.003412849281470717	-0.002907634095687717	9.827183517086887e-05	-0.001535071610425021	0.0	0.0	0.0	0.0	0.0	0.0	0.0	0.0	0.0	0.0	0.0	0.0	0.0	0.0	0.0	0.0	0.0	0.0	0.0	0.0	0.0	0.0	0.0	0.0	0.0	0.0	0.0	0.0	0.0	0.0	0.0	0.0	0.0	0.0	0.0	0.0	0.0	0.0	0.0	0.0	0.0	0.0	0.0	0.0	0.0	0.0	0.0	0.0	0.0	0.0	0.0	0.0	0.0	0.0	0.0	0.0	0.0	0.0	0.0	0.0	0.0	0.0	0.0	0.0	0.0	0.0	0.0	0.0	0.0	0.0	0.0	0.0	0.0	0.0	0.0	0.0	0.0	0.0	0.0	0.0	0.0	0.0	0.0	0.0	0.0	0.0	0.0	0.0	0.0	0.0	0.0	0.0	0.0	0.0	0.0	0.0	0.0	0.0	0.0	0.0	0.0	0.0	0.0	0.0	0.0	0.0	0.0	0.0	0.0	0.0	0.0	0.0	0.0	0.0	0.0	0.0	0.0	0.0	0.0	0.0	0.0	0.0	0.0	0.0	0.0	0.0	0.0	0.0	0.0	0.0	0.0	0.0	0.0	0.0	0.0	0.0	0.0	0.0	0.0	0.0
S2014m_E2-2-C-M	-0.018702311325406753	-0.29021358099211714	-0.20049678225048992	-0.014218657592827005	-0.007759774594837758	-0.20708764141410033	-0.07738857026641618	-0.09291022253606264	0.057855807784561994	0.038234937309923396	-0.02155035703342386	-0.16339142154327932	-0.04490023110575146	-0.006378344578014301	-0.01716326046305642	-0.043114635767009885	-0.0010753298279845478	0.039190468590713415	0.04424558615527548	0.1485811165396654	0.03509803439716125	0.008559973530853686	0.01298015326206427	-0.006700906116049844	0.003299261971436909	-0.021829420888704796	0.040968297429533014	-0.021051856301787505	-0.0655015600684945	0.046226696984342626	0.03678652469099544	-0.062193871029654624	0.027257293445122902	0.041785360720234234	-0.0036574292226200225	-0.01860310564845493	-0.005456553812387363	0.06030725484983035	0.0017214662570598496	-0.044065923782889045	0.010897358688359771	0.019982797070049237	-0.007692683414519473	0.025083981078246297	-0.04026699198409669	0.012213104346411846	0.006612572484716151	-0.016804570344190906	-0.017163866941678135	0.032932328051313645	0.029466355108591222	-0.008904329632754638	-0.017958735361542893	-0.003443912284957932	-0.01899700919927524	-0.013404196217407661	-0.01725715626130827	-0.04475553805926602	-0.00168896682563294	0.006036878892450976	-0.0032334835562798634	-0.023256035893966683	0.009066839340173041	-0.026733543134941043	-0.003542746838972007	-0.00820864231142499	0.018973198781160116	0.006148022251276354	0.010411606440896358	0.013515882204249544	-0.02030447843137112	-0.008453929425306539	-0.009820132862765252	-0.0066799380924396305	-0.013008683620947203	0.002603640455920064	0.0011766947171094105	0.002925366238061037	-0.000391539410539052	0.0	0.0	0.0	0.0	0.0	0.0	0.0	0.0	0.0	0.0	0.0	0.0	0.0	0.0	0.0	0.0	0.0	0.0	0.0	0.0	0.0	0.0	0.0	0.0	0.0	0.0	0.0	0.0	0.0	0.0	0.0	0.0	0.0	0.0	0.0	0.0	0.0	0.0	0.0	0.0	0.0	0.0	0.0	0.0	0.0	0.0	0.0	0.0	0.0	0.0	0.0	0.0	0.0	0.0	0.0	0.0	0.0	0.0	0.0	0.0	0.0	0.0	0.0	0.0	0.0	0.0	0.0	0.0	0.0	0.0	0.0	0.0	0.0	0.0	0.0	0.0	0.0	0.0	0.0	0.0	0.0	0.0	0.0	0.0	0.0	0.0	0.0	0.0	0.0	0.0	0.0	0.0	0.0	0.0	0.0	0.0	0.0	0.0	0.0	0.0	0.0	0.0	0.0	0.0	0.0	0.0	0.0	0.0	0.0	0.0	0.0	0.0	0.0	0.0	0.0	0.0	0.0	0.0	0.0	0.0	0.0	0.0	0.0	0.0	0.0	0.0	0.0	0.0	0.0	0.0	0.0	0.0	0.0	0.0	0.0	0.0	0.0	0.0	0.0	0.0
S2014m_E2-3-A-M	-0.14777134370257886	-0.28998143964838147	-0.20318998190956972	0.11757039927024034	0.15869546242207522	0.036358229967248926	0.019565198514335816	0.015284422832139788	0.08763387387840192	0.129348833151193	-0.014134881646090216	-0.06385217790560081	-0.02794653388667512	-0.1252843801289523	0.12673476996045605	-0.07201251723613657	-0.004844984459415932	-0.06840915776079813	-0.0528895297066584	0.08245936440034439	0.052120961781212664	-0.05471309439212381	-0.013429351777303759	0.030262413746639072	0.04659607066276552	0.03180833990733516	0.006004139644561952	-0.011172971550990538	0.005547549833608156	-0.009680543823432895	-0.06790314574445351	-0.011263324602547272	-0.026562855081556813	0.008556180039037428	0.05229872055147053	0.06487867153482255	0.031947793004981274	-0.005120023928747697	-0.024595227784289454	-0.06423197047978475	0.024916240755013412	0.004763251717973775	-0.03296462113285187	-0.015967190979312585	-0.036064707318651294	-0.0005562042159745185	0.0018477657735019085	-0.030672782746196798	0.01804223560602732	0.023891221708240457	-0.01436691040919782	0.001619711937970159	0.002167005034560372	-0.03163187202896616	0.012982994113143688	-0.002552867878393435	0.014090098731983292	0.02270091381304072	0.011728426530215509	0.003431369323156078	0.012059942300029285	0.016968817390392816	0.0039525142651582286	0.010639697409846608	-0.015653820227813756	0.025529923620605268	-0.008814676982794301	-0.0004005486021596302	-0.005144184427844047	0.00623127210153014	-0.001953834394358426	-0.006612767326343993	-0.005013079645479901	0.0020238435552035984	-0.00061914755743424	-0.004314858250018753	-0.0027519392611376784	0.00037265370378184495	-0.000404423746004846	0.0	0.0	0.0	0.0	0.0	0.0	0.0	0.0	0.0	0.0	0.0	0.0	0.0	0.0	0.0	0.0	0.0	0.0	0.0	0.0	0.0	0.0	0.0	0.0	0.0	0.0	0.0	0.0	0.0	0.0	0.0	0.0	0.0	0.0	0.0	0.0	0.0	0.0	0.0	0.0	0.0	0.0	0.0	0.0	0.0	0.0	0.0	0.0	0.0	0.0	0.0	0.0	0.0	0.0	0.0	0.0	0.0	0.0	0.0	0.0	0.0	0.0	0.0	0.0	0.0	0.0	0.0	0.0	0.0	0.0	0.0	0.0	0.0	0.0	0.0	0.0	0.0	0.0	0.0	0.0	0.0	0.0	0.0	0.0	0.0	0.0	0.0	0.0	0.0	0.0	0.0	0.0	0.0	0.0	0.0	0.0	0.0	0.0	0.0	0.0	0.0	0.0	0.0	0.0	0.0	0.0	0.0	0.0	0.0	0.0	0.0	0.0	0.0	0.0	0.0	0.0	0.0	0.0	0.0	0.0	0.0	0.0	0.0	0.0	0.0	0.0	0.0	0.0	0.0	0.0	0.0	0.0	0.0	0.0	0.0	0.0	0.0	0.0	0.0	0.0
S2014m_E2-3-B-M	0.13628252034790633	-0.2179047602026484	-0.2589774243792689	-0.03321270562626685	0.3177964248090236	0.05974267907300678	0.0062143311153438595	0.05289582511229877	0.002345148758267147	0.001219405004210007	0.14345208662396086	0.06276604715561923	-0.011454338065996224	0.023118454614105225	0.10131285899147494	0.021370826567935302	-0.09113249494948894	0.052517790028358165	0.022192474410065187	-0.014501740872358322	-0.02285514127626671	0.016869881756517206	-0.0906046351985293	0.025336803413817145	0.13591532292892175	-0.07200852393202749	-2.643368649745622e-05	0.045709073221708155	0.05156833253609265	-0.015477440995895908	-0.011445338293410202	0.029569596765338973	0.020826688149863253	-0.0024047185255271597	0.043933114868700766	-0.03890811400627537	-0.019612772656035445	-0.016487039879755458	0.002231277990251612	0.0014388502435906305	0.01824505134140445	-0.06435339728403229	-0.0007722644715943293	0.02348702780696673	-0.0012498087762331288	0.05758783401221955	0.04025369221588358	-0.011771835679595678	0.05698479162189847	-0.0006749904853173969	0.03324715133882629	0.013837883478972643	-0.0009407419550728063	0.01662508728842011	-0.02276459526066673	-0.03391028324281119	-0.04469062361065305	-0.015469557192726299	-0.0026695476243057677	-0.011076635791313294	-0.00926650357336471	0.008977158314580635	0.004012117606971627	0.009986749507100236	-0.018842592017380238	-0.013407304485488518	0.015487300620097958	0.009336870460535423	-0.0024367657339077016	-0.005341696218800708	-0.00678004705385096	0.0035549873111640003	0.00443434350211026	0.0016274920891527654	0.005424546161797283	0.0019153238859772545	0.0043963057676404535	0.0001881207980226911	0.004258838166150053	0.0	0.0	0.0	0.0	0.0	0.0	0.0	0.0	0.0	0.0	0.0	0.0	0.0	0.0	0.0	0.0	0.0	0.0	0.0	0.0	0.0	0.0	0.0	0.0	0.0	0.0	0.0	0.0	0.0	0.0	0.0	0.0	0.0	0.0	0.0	0.0	0.0	0.0	0.0	0.0	0.0	0.0	0.0	0.0	0.0	0.0	0.0	0.0	0.0	0.0	0.0	0.0	0.0	0.0	0.0	0.0	0.0	0.0	0.0	0.0	0.0	0.0	0.0	0.0	0.0	0.0	0.0	0.0	0.0	0.0	0.0	0.0	0.0	0.0	0.0	0.0	0.0	0.0	0.0	0.0	0.0	0.0	0.0	0.0	0.0	0.0	0.0	0.0	0.0	0.0	0.0	0.0	0.0	0.0	0.0	0.0	0.0	0.0	0.0	0.0	0.0	0.0	0.0	0.0	0.0	0.0	0.0	0.0	0.0	0.0	0.0	0.0	0.0	0.0	0.0	0.0	0.0	0.0	0.0	0.0	0.0	0.0	0.0	0.0	0.0	0.0	0.0	0.0	0.0	0.0	0.0	0.0	0.0	0.0	0.0	0.0	0.0	0.0	0.0	0.0
S2014m_E2-3-C-M	-0.30835865538399426	-0.21884991872235784	-0.12985113949617788	0.3215963694269029	0.1429560492358324	-0.07022157629499709	-0.17854330920852043	0.10423151287445669	-0.004572001580455	0.012089413550585598	-0.013736380507910703	0.03195996181006146	-0.0064435190163402555	0.06836591654338661	0.0565428331881891	0.06117851385803261	-0.07829217292841259	0.0468756859326403	-0.05673497574892041	-0.025210397635020212	0.030469164050223374	-0.09648958095583973	-0.02374309582388284	-0.03342703338954592	0.0024257215409479948	0.018427924791712763	-0.0536520676104596	0.06901256636764272	0.06485619202064949	-0.01858742775874381	0.006349175152838335	-0.004110638483733147	0.026014404394286775	0.047056479063222176	-0.006775159173445163	-0.04174311326400242	0.051603526242913145	0.04299930063919088	-0.04160290984352263	0.03924809460603635	0.010910308647746047	0.027136190453048506	-0.022278945754793264	-0.009511088165049756	-0.01313152110246015	-0.04008631504946332	0.0036862472365791423	-0.02702506136581973	-0.02356825319243705	-0.05599034097010733	0.008614067051724461	-0.022358603429457197	0.016861715324072168	-0.018126651060412537	-0.02590013071890402	0.02225380375314383	-0.003379416546374585	0.004820978071055706	0.019883977477887976	0.00027203872499462233	0.0148424943627581	-0.0015876763157474452	-0.008996298234783586	0.014890697719026924	0.029795647280217243	-0.005189346400379351	0.002481927822820606	-0.023660210507245892	0.0011639159030147202	0.00651375574839135	0.001500723590254159	0.0075784766220575155	-0.0026827666453504155	0.003961266511823183	-0.006572957293543365	0.0044300459450996215	0.004161598924460231	-0.0025564794775700264	0.0007366822709133482	0.0	0.0	0.0	0.0	0.0	0.0	0.0	0.0	0.0	0.0	0.0	0.0	0.0	0.0	0.0	0.0	0.0	0.0	0.0	0.0	0.0	0.0	0.0	0.0	0.0	0.0	0.0	0.0	0.0	0.0	0.0	0.0	0.0	0.0	0.0	0.0	0.0	0.0	0.0	0.0	0.0	0.0	0.0	0.0	0.0	0.0	0.0	0.0	0.0	0.0	0.0	0.0	0.0	0.0	0.0	0.0	0.0	0.0	0.0	0.0	0.0	0.0	0.0	0.0	0.0	0.0	0.0	0.0	0.0	0.0	0.0	0.0	0.0	0.0	0.0	0.0	0.0	0.0	0.0	0.0	0.0	0.0	0.0	0.0	0.0	0.0	0.0	0.0	0.0	0.0	0.0	0.0	0.0	0.0	0.0	0.0	0.0	0.0	0.0	0.0	0.0	0.0	0.0	0.0	0.0	0.0	0.0	0.0	0.0	0.0	0.0	0.0	0.0	0.0	0.0	0.0	0.0	0.0	0.0	0.0	0.0	0.0	0.0	0.0	0.0	0.0	0.0	0.0	0.0	0.0	0.0	0.0	0.0	0.0	0.0	0.0	0.0	0.0	0.0	0.0
S2014m_E5-1-A-F	0.16706502575354523	-0.08742240650727416	0.39051032121886253	0.0007357905382554854	0.05699630335328474	0.0508573586002309	0.026630613182633267	-0.14316782415173396	-0.10454076525853853	0.09711760490136055	0.009484870580284912	0.0288315015521661	0.01706940703815738	0.06190287221223759	-0.2042766537510904	-0.003222024318366151	-0.04724653284490816	-0.03714592344593557	0.048695150991088655	-0.1422567867760535	0.006299321088307719	-0.00286016707394786	-0.06252898102878483	0.07392042915088574	0.008716225530542	-0.0012396362328177136	-0.06590257322343145	-0.018801559926868595	-0.023758033834771833	-0.05143189301133331	0.0347536691375223	0.002774183125412392	-0.014417886733356073	-0.004638735732200922	-0.009500894987585887	-0.018704035421140602	-0.028943822508906036	0.014119355213507339	0.025532885123802383	-0.013058957724831326	0.02491619424339043	-0.031727253343820074	-0.028453482280488992	-0.0006658190495666182	-0.010755873042398374	0.037078690898323524	-0.0035888981384415756	-0.01663913421260153	-0.02655231000226635	-0.012493568991320113	0.00617280202136668	-0.01524397963399059	0.0012998780602864412	-0.00829878709324076	0.010692176128647042	-0.015693680418618627	-0.016121672397905074	-0.00850264143395164	-0.015871485206700713	0.0007503500700018647	0.015959142106036467	0.018752904272410817	-0.004354610873554027	0.01575140724385422	-0.00011964118884681548	0.010686540860920569	0.0006527852405711301	-0.004529797463280011	0.009081424547311248	-0.017845169468724928	-0.0007697053241256206	-0.010860976661812351	0.0037507332885564496	-0.0038840253715517812	-0.0017092559447013439	0.0014412435555353677	0.00208781135163771	-0.0013529815737614343	0.0007251823622565503	0.0	0.0	0.0	0.0	0.0	0.0	0.0	0.0	0.0	0.0	0.0	0.0	0.0	0.0	0.0	0.0	0.0	0.0	0.0	0.0	0.0	0.0	0.0	0.0	0.0	0.0	0.0	0.0	0.0	0.0	0.0	0.0	0.0	0.0	0.0	0.0	0.0	0.0	0.0	0.0	0.0	0.0	0.0	0.0	0.0	0.0	0.0	0.0	0.0	0.0	0.0	0.0	0.0	0.0	0.0	0.0	0.0	0.0	0.0	0.0	0.0	0.0	0.0	0.0	0.0	0.0	0.0	0.0	0.0	0.0	0.0	0.0	0.0	0.0	0.0	0.0	0.0	0.0	0.0	0.0	0.0	0.0	0.0	0.0	0.0	0.0	0.0	0.0	0.0	0.0	0.0	0.0	0.0	0.0	0.0	0.0	0.0	0.0	0.0	0.0	0.0	0.0	0.0	0.0	0.0	0.0	0.0	0.0	0.0	0.0	0.0	0.0	0.0	0.0	0.0	0.0	0.0	0.0	0.0	0.0	0.0	0.0	0.0	0.0	0.0	0.0	0.0	0.0	0.0	0.0	0.0	0.0	0.0	0.0	0.0	0.0	0.0	0.0	0.0	0.0
S2014M_E5-1-A-M	0.02611917689369552	-0.10083469268542189	0.4542567972320471	0.002070106670316616	0.05769053414847796	0.02415288863023162	0.0953189112333775	-0.12355946820547917	0.013873587042252243	0.05766080217878582	0.17422861004644413	-0.027567069579318176	-0.07317728931741292	-0.027635226579110137	-0.009185342746425528	0.026340876939343998	0.0036923499669413015	-0.07023113671769778	0.02985694880499858	0.05757314141262056	-0.07771556395030378	-0.01552603298043006	-0.00027710805369409526	-0.017903799960159967	-0.03174007178024866	-0.008919597218954817	0.055596456487178675	0.054920352190918405	0.04469181393002989	0.01012490224532752	-0.005054652780525976	-0.07893136847849277	-0.0013054711869110876	-0.044281516465117264	-0.001757352121915335	-0.018999351681876903	-0.001014417006468568	0.018207612331455434	0.01093312327833611	-0.010177834065077957	0.0239154923678607	0.04766197039350833	0.02353975234791375	0.024613345882786426	0.012375420540978713	-0.018339066934071273	0.02398758945169249	0.009871518077308475	0.002167548226560806	0.0046098695992419355	-0.02906632746008336	0.0100888843049636	-0.0029293133978963485	0.01733091259250449	0.0036183902472768596	0.023219713883417904	0.008287615316601289	0.000852573052126554	-0.013416174698746466	-0.00887160139810092	-0.009062723068088535	0.004575424349412849	0.00219988912813827	-0.006252732247171666	0.02236382298776717	-0.010309260243183373	-0.015432462836969987	-0.005517265653379504	0.013159369220303488	-0.016233228969587104	-0.005772735846915124	-0.0058491368335966834	0.005408257044289801	-0.009848441294224046	0.008266510685952482	0.012697735771672627	0.008851558693877376	-0.003272420337694891	-0.0014646253654028304	0.0	0.0	0.0	0.0	0.0	0.0	0.0	0.0	0.0	0.0	0.0	0.0	0.0	0.0	0.0	0.0	0.0	0.0	0.0	0.0	0.0	0.0	0.0	0.0	0.0	0.0	0.0	0.0	0.0	0.0	0.0	0.0	0.0	0.0	0.0	0.0	0.0	0.0	0.0	0.0	0.0	0.0	0.0	0.0	0.0	0.0	0.0	0.0	0.0	0.0	0.0	0.0	0.0	0.0	0.0	0.0	0.0	0.0	0.0	0.0	0.0	0.0	0.0	0.0	0.0	0.0	0.0	0.0	0.0	0.0	0.0	0.0	0.0	0.0	0.0	0.0	0.0	0.0	0.0	0.0	0.0	0.0	0.0	0.0	0.0	0.0	0.0	0.0	0.0	0.0	0.0	0.0	0.0	0.0	0.0	0.0	0.0	0.0	0.0	0.0	0.0	0.0	0.0	0.0	0.0	0.0	0.0	0.0	0.0	0.0	0.0	0.0	0.0	0.0	0.0	0.0	0.0	0.0	0.0	0.0	0.0	0.0	0.0	0.0	0.0	0.0	0.0	0.0	0.0	0.0	0.0	0.0	0.0	0.0	0.0	0.0	0.0	0.0	0.0	0.0
S2014m_E5-1-B-F	0.2656369746049863	0.09847452913136061	0.3958917432471961	0.08450822702418301	-0.004919565120973557	0.03977864635136277	0.015771871688436075	-0.19629371893997014	0.005857662140285913	0.08008984566056149	0.03710853354350468	0.027627921387801964	-0.011819682848357504	0.11703286989292822	-0.024200327051291687	-0.08540470346966443	-0.03473950347730964	0.05899311638426746	0.02411082080190603	-0.040464326316080386	-0.0420026865862074	-0.11422377125511107	-0.059704204506155205	0.013398942896089358	-0.03686339302395319	-0.014931414490029066	-0.013518547967751463	-0.057697575456529974	0.03658303460740859	-0.014336508882565402	0.026904029661350057	0.020332749061224512	-0.009864560145603982	-0.0605581513338544	0.01160209330696235	0.08637582411384646	0.005295776504753434	0.037385796157860876	0.05951979446917246	-0.018303983783191816	0.019695261781181323	0.024826561470749256	-0.013575783719790712	0.028487945905977315	0.026681268276813653	0.02525588278919744	0.07066128280297208	-0.0029519440347612587	0.011548041241076081	0.05424395309919392	0.006206189440275408	-0.014424213132823882	0.038863083725314024	-0.007203903119693975	-0.005911922432417926	-0.02515706264911888	0.012514383876681657	0.01930952438439869	0.000588082120843141	0.023304112173816706	-0.0029622589002590463	-0.005210621116783388	0.007063458968850986	-0.011433469920025321	0.011493375850117808	-0.0163046527493695	-0.0083386352625223	-0.012228849241757713	-0.018031122188484836	0.0064536482572888545	-0.001542931423447241	0.005279315026562538	0.0015131860787885945	-0.010076690958436635	-0.002959588635480559	0.009842933716347431	0.0023036923331923222	0.0007400732149203352	-0.001941695876627564	0.0	0.0	0.0	0.0	0.0	0.0	0.0	0.0	0.0	0.0	0.0	0.0	0.0	0.0	0.0	0.0	0.0	0.0	0.0	0.0	0.0	0.0	0.0	0.0	0.0	0.0	0.0	0.0	0.0	0.0	0.0	0.0	0.0	0.0	0.0	0.0	0.0	0.0	0.0	0.0	0.0	0.0	0.0	0.0	0.0	0.0	0.0	0.0	0.0	0.0	0.0	0.0	0.0	0.0	0.0	0.0	0.0	0.0	0.0	0.0	0.0	0.0	0.0	0.0	0.0	0.0	0.0	0.0	0.0	0.0	0.0	0.0	0.0	0.0	0.0	0.0	0.0	0.0	0.0	0.0	0.0	0.0	0.0	0.0	0.0	0.0	0.0	0.0	0.0	0.0	0.0	0.0	0.0	0.0	0.0	0.0	0.0	0.0	0.0	0.0	0.0	0.0	0.0	0.0	0.0	0.0	0.0	0.0	0.0	0.0	0.0	0.0	0.0	0.0	0.0	0.0	0.0	0.0	0.0	0.0	0.0	0.0	0.0	0.0	0.0	0.0	0.0	0.0	0.0	0.0	0.0	0.0	0.0	0.0	0.0	0.0	0.0	0.0	0.0	0.0
S2014M_E5-1-B-M	0.058547092413715814	-0.09088945450435791	0.3415760499387353	-0.05826181045947164	0.03342979293486423	0.12545223845219983	0.16363486536483912	-0.1926128862567297	0.06844036849983373	-0.16771698209828437	0.08162846438520038	0.0822281894444982	-0.06212148669782688	-0.12486004437800342	-0.15566170036006752	-0.06990440311564776	-0.13460840314329348	0.05136981819307095	0.10270092292809739	-0.051344074426268704	0.0005716355935156096	-0.15370891294420158	-0.013483508819965502	0.0510656798825639	0.04921190129205544	0.04227630120822538	-0.05749603752959359	0.013701945569175549	-0.036986953764092854	-0.030369760795176268	-0.05244145986036175	0.021769555921633706	0.05556776319786974	0.0006478320168046469	0.010541339446649006	-0.0002889645741273702	0.0035582394007345874	-0.034229929411373095	0.0050805334789983374	-0.011112103207493878	-0.02919424758776999	0.0077955286690361576	-0.0004831276481146241	0.008080568252689612	-0.0114277292915836	-0.053249582527627994	0.015916860192332204	-0.010530307155725996	-0.018543659453159323	0.0015130925648688715	0.012757349149931742	-0.01181480789546952	-0.0206176339481949	-0.015080987115108217	0.017537432627827015	0.026199854394773067	0.0076931864405621825	-0.01152501251081677	-0.004039373338516421	0.0025757703826259355	0.008531086815959953	-0.017677557480274674	-0.0023661226744599684	-0.007291975951788158	-0.0055993235926469235	0.000779567154707517	0.014589158748191626	0.0060011157336401985	0.0031923566428511923	0.004747107820756312	0.004300523013842797	-0.0021945573218622367	-0.004904724736250672	0.007512619164270667	0.0028225609409911045	-0.0019226678056738853	-0.007192010995590766	-0.0010330818894783826	-0.0005050151433198335	0.0	0.0	0.0	0.0	0.0	0.0	0.0	0.0	0.0	0.0	0.0	0.0	0.0	0.0	0.0	0.0	0.0	0.0	0.0	0.0	0.0	0.0	0.0	0.0	0.0	0.0	0.0	0.0	0.0	0.0	0.0	0.0	0.0	0.0	0.0	0.0	0.0	0.0	0.0	0.0	0.0	0.0	0.0	0.0	0.0	0.0	0.0	0.0	0.0	0.0	0.0	0.0	0.0	0.0	0.0	0.0	0.0	0.0	0.0	0.0	0.0	0.0	0.0	0.0	0.0	0.0	0.0	0.0	0.0	0.0	0.0	0.0	0.0	0.0	0.0	0.0	0.0	0.0	0.0	0.0	0.0	0.0	0.0	0.0	0.0	0.0	0.0	0.0	0.0	0.0	0.0	0.0	0.0	0.0	0.0	0.0	0.0	0.0	0.0	0.0	0.0	0.0	0.0	0.0	0.0	0.0	0.0	0.0	0.0	0.0	0.0	0.0	0.0	0.0	0.0	0.0	0.0	0.0	0.0	0.0	0.0	0.0	0.0	0.0	0.0	0.0	0.0	0.0	0.0	0.0	0.0	0.0	0.0	0.0	0.0	0.0	0.0	0.0	0.0	0.0
S2014m_E5-1-C-F	0.06676295763358328	-0.09000990861833366	0.39074301033873143	0.009617987576966715	0.09881795189934017	0.02702073810646162	0.07641236705136224	-0.12746707131869414	0.002187642948286013	0.08691620003995525	0.110824451340394	-0.04407105361395801	-0.08278806200516849	0.002336289932687436	-0.053780939039278865	0.07100987278730472	0.009684684654560615	-0.040469989492722916	0.03682401051319161	-0.005483379362887298	-0.05880587403830191	0.06081018074866314	-0.0408034891168408	0.016745932481597576	-0.03046467394868244	-0.030621222587542383	0.038445651453819285	0.024080654856962803	0.025725939122131045	0.0121299868044179	0.017174619799443853	-0.06667037687619447	0.040111606686059585	-0.03144040217366895	0.01868419643385226	-0.0305183875685764	0.014795028736165774	0.04937599099896193	-0.0027751901592814863	-0.013511861703955573	-0.006998722728127403	-0.006538635951687578	-0.014198600867763839	-0.028177765399905186	0.006770975638987439	0.009044994784206728	-0.017121059069608386	0.021086109873645845	-0.009918572151504606	0.006317272021649286	-0.005693021321645367	0.023588202109923104	0.018055009912692252	0.03954147519688634	0.012548160254799847	0.018040129839607996	0.02749824505889259	0.027313942861419017	0.035086397010079075	-0.012217542441472563	-0.0208567645776799	-0.013148245093431805	0.01582408636815123	-0.010032502560836896	0.005273135680499356	0.00142498401110966	-0.00267958027019585	-0.007953822990634756	-0.013381100597935376	0.015400187089036154	0.0027297828793937866	0.02008999805008975	0.001903851421224966	0.004536217250745598	-0.002293659810186429	-0.001254541046877785	-0.0022053609003823784	0.004268755359678515	0.00782125023732336	0.0	0.0	0.0	0.0	0.0	0.0	0.0	0.0	0.0	0.0	0.0	0.0	0.0	0.0	0.0	0.0	0.0	0.0	0.0	0.0	0.0	0.0	0.0	0.0	0.0	0.0	0.0	0.0	0.0	0.0	0.0	0.0	0.0	0.0	0.0	0.0	0.0	0.0	0.0	0.0	0.0	0.0	0.0	0.0	0.0	0.0	0.0	0.0	0.0	0.0	0.0	0.0	0.0	0.0	0.0	0.0	0.0	0.0	0.0	0.0	0.0	0.0	0.0	0.0	0.0	0.0	0.0	0.0	0.0	0.0	0.0	0.0	0.0	0.0	0.0	0.0	0.0	0.0	0.0	0.0	0.0	0.0	0.0	0.0	0.0	0.0	0.0	0.0	0.0	0.0	0.0	0.0	0.0	0.0	0.0	0.0	0.0	0.0	0.0	0.0	0.0	0.0	0.0	0.0	0.0	0.0	0.0	0.0	0.0	0.0	0.0	0.0	0.0	0.0	0.0	0.0	0.0	0.0	0.0	0.0	0.0	0.0	0.0	0.0	0.0	0.0	0.0	0.0	0.0	0.0	0.0	0.0	0.0	0.0	0.0	0.0	0.0	0.0	0.0	0.0
S2014M_E5-1-C-M	-0.1450003611020524	-0.07956871576840745	0.4007331013172113	0.246490459650029	-0.008761835902583006	-0.01694084056203325	0.007218310097453113	-0.044693476809126394	0.008002518333110265	0.0007772485816988342	-0.0024432011244364016	0.06755786518233109	-0.006943965461016921	0.015709053330695104	-0.04770841699522953	-0.09512401106222282	-0.0031692201744811053	0.10101782755570292	-0.036697780319939026	0.011610617857047353	-0.0034131728069310293	-0.0022220377796717487	0.019391671471171944	0.017269634891742863	-0.005275926438821155	-0.0012544406400973904	0.027457054230280054	-0.017618808329454852	-0.04058253992788758	-0.011346585149691552	0.02140098722372849	-0.005886322348096675	-0.009210865969963428	0.006153196786123737	-0.02830515705069226	-0.01329444269333493	-0.08113557899414252	-0.04148314164461919	-0.03293866674701483	0.015938066146136902	0.051611836205367884	0.015437315390834774	-0.050785638595889256	0.029795609177258008	-0.007171271520141752	0.014539127611011952	-0.0019468415347375524	0.06321849461438811	-0.014402153298053394	-0.018222733755666656	-0.001938640544008117	0.006393119088283502	0.0057808219866672585	0.015320669383303918	0.008814599685872445	0.020694812292194734	-0.0081484772027063	0.004351013861118271	-0.005200482232257252	-0.003443066885823774	-0.019905494017739354	0.02843251775164322	0.011520598359819492	-0.01398975138829345	-0.007548558961965127	-0.003788680446006115	0.0033771053712888925	-0.0007496997349322218	0.0009329146873935024	0.0013040249859968757	-0.007715707499107655	-0.005920616434052932	-0.005634762652744014	-0.006089281357276684	0.006329048632272128	0.004665716522330905	0.0034483110479409263	0.0001515191840446794	0.005206510391498119	0.0	0.0	0.0	0.0	0.0	0.0	0.0	0.0	0.0	0.0	0.0	0.0	0.0	0.0	0.0	0.0	0.0	0.0	0.0	0.0	0.0	0.0	0.0	0.0	0.0	0.0	0.0	0.0	0.0	0.0	0.0	0.0	0.0	0.0	0.0	0.0	0.0	0.0	0.0	0.0	0.0	0.0	0.0	0.0	0.0	0.0	0.0	0.0	0.0	0.0	0.0	0.0	0.0	0.0	0.0	0.0	0.0	0.0	0.0	0.0	0.0	0.0	0.0	0.0	0.0	0.0	0.0	0.0	0.0	0.0	0.0	0.0	0.0	0.0	0.0	0.0	0.0	0.0	0.0	0.0	0.0	0.0	0.0	0.0	0.0	0.0	0.0	0.0	0.0	0.0	0.0	0.0	0.0	0.0	0.0	0.0	0.0	0.0	0.0	0.0	0.0	0.0	0.0	0.0	0.0	0.0	0.0	0.0	0.0	0.0	0.0	0.0	0.0	0.0	0.0	0.0	0.0	0.0	0.0	0.0	0.0	0.0	0.0	0.0	0.0	0.0	0.0	0.0	0.0	0.0	0.0	0.0	0.0	0.0	0.0	0.0	0.0	0.0	0.0	0.0
S2014m_E5-2-A-M	0.03835615064078619	-0.3127906433401714	-0.15715751490015306	-0.1360728460539478	0.10663232123506529	-0.12747938185046798	-0.2058233596442377	-0.06447588026949248	-0.017967939177713835	-0.08273291828828594	0.005106069421962939	0.009372569943859153	0.006949339011219374	0.026756976987434986	0.13680265570258104	-0.007438462260217643	-0.10411961742801965	0.07209350285410766	0.02373678747245597	-0.07528176700265149	-0.1038814687781059	-0.0521946715478374	-0.002436982503356018	0.07243662231816744	-0.05820365428081615	0.003037548507516074	-0.014202174151866838	-0.05001451198669773	-0.01823476484271361	-0.1248440791087971	-0.008136559821860458	-0.022613708188667654	0.04741335679036281	-0.00207740434652118	-0.020465233769277398	0.0008449048840880499	0.003875529994640958	-0.020362253676659964	0.020379386005449453	0.042076112179599515	-0.0030612196597145174	-0.013548797764775711	-0.009202271223470573	-0.017717814446396193	0.0005945939039563872	-0.027058791550778182	-0.02298688579197815	-0.03438020036586466	0.01076872297357678	-0.02975090238506611	-0.017660205298066365	0.0181392313429266	-0.007212667474642897	0.013691650722763963	-0.0034263260962467783	0.036082888685419645	-0.005893090769216836	-0.004063244199302622	-0.009819146560887452	-0.006739854657907448	-0.011774209979946807	-0.011193048085289953	0.014249869578371642	-0.013224097734151629	0.017634726317690176	-0.021363347846722586	-0.01218520642788101	0.007022692195351847	0.0018193826886502996	-0.011495202154922796	0.00110343485386938	-0.0024356731114515825	-0.0035756294866161886	0.007461910987936618	0.0026101490985597467	-0.0036759198396142086	0.0020282288587387368	-0.0029223490086795374	0.0011440215254214926	0.0	0.0	0.0	0.0	0.0	0.0	0.0	0.0	0.0	0.0	0.0	0.0	0.0	0.0	0.0	0.0	0.0	0.0	0.0	0.0	0.0	0.0	0.0	0.0	0.0	0.0	0.0	0.0	0.0	0.0	0.0	0.0	0.0	0.0	0.0	0.0	0.0	0.0	0.0	0.0	0.0	0.0	0.0	0.0	0.0	0.0	0.0	0.0	0.0	0.0	0.0	0.0	0.0	0.0	0.0	0.0	0.0	0.0	0.0	0.0	0.0	0.0	0.0	0.0	0.0	0.0	0.0	0.0	0.0	0.0	0.0	0.0	0.0	0.0	0.0	0.0	0.0	0.0	0.0	0.0	0.0	0.0	0.0	0.0	0.0	0.0	0.0	0.0	0.0	0.0	0.0	0.0	0.0	0.0	0.0	0.0	0.0	0.0	0.0	0.0	0.0	0.0	0.0	0.0	0.0	0.0	0.0	0.0	0.0	0.0	0.0	0.0	0.0	0.0	0.0	0.0	0.0	0.0	0.0	0.0	0.0	0.0	0.0	0.0	0.0	0.0	0.0	0.0	0.0	0.0	0.0	0.0	0.0	0.0	0.0	0.0	0.0	0.0	0.0	0.0
S2014m_E5-2-B-M	-0.08302577988139849	-0.35267693685864	-0.10491746930872589	-0.10299202769500339	-0.15873556429523555	-0.24632375551384247	-0.11561373597151685	-0.01814168569168348	-0.07023786412133239	0.03847015630830999	-0.015668575012103378	-0.10992176788528936	0.02747118610642689	0.02007707855998395	-0.053860499777188806	0.027463829238744613	-0.035173083757752244	-0.10102342862210525	0.018126894961537285	0.005257724967895359	0.006169309987228497	-0.023709128427322704	0.025685186785955594	-0.03188714401127932	0.04245202414986916	0.050005358132651674	0.10910030433049726	-0.0029178480254129237	-0.03393852082182057	0.050669109882801544	-0.021063155030818376	0.011956045928932124	-0.034414258285000984	-0.00041809761109707695	0.0004944710790755516	-0.0194896034103443	-0.002750302899549758	0.002474188993737962	-0.008686740782579253	0.035610982475677164	0.03204381311307656	-0.012638143404563889	0.010256120351007968	-0.0009282335925791825	0.04662601557393409	0.03526499166638889	-0.014766583080776349	0.004029642950953007	0.005853246180046781	0.022548816517615578	0.007256690696555478	0.00404203610825674	-0.00116319537921361	0.010982185809861636	-0.02564436144654034	-0.017009504079583224	-0.015274609029843216	-0.0017182251342706296	-0.014716228280479266	-0.0057644868326949955	0.0016464183854103002	-0.004526170601218417	-0.01601965244846181	0.0018572847345520013	-0.009539231301132052	0.011885754576023522	0.0026051574240543414	-0.006559166862897631	0.005277433159040965	0.0116096702311685	0.02301154813295936	-0.0176740781006659	0.009835896307070938	0.0013705071912776781	-0.01698591437958285	-0.0035502259588953656	-0.0008788734520237416	0.0008348536613834026	-0.0006000273080687294	0.0	0.0	0.0	0.0	0.0	0.0	0.0	0.0	0.0	0.0	0.0	0.0	0.0	0.0	0.0	0.0	0.0	0.0	0.0	0.0	0.0	0.0	0.0	0.0	0.0	0.0	0.0	0.0	0.0	0.0	0.0	0.0	0.0	0.0	0.0	0.0	0.0	0.0	0.0	0.0	0.0	0.0	0.0	0.0	0.0	0.0	0.0	0.0	0.0	0.0	0.0	0.0	0.0	0.0	0.0	0.0	0.0	0.0	0.0	0.0	0.0	0.0	0.0	0.0	0.0	0.0	0.0	0.0	0.0	0.0	0.0	0.0	0.0	0.0	0.0	0.0	0.0	0.0	0.0	0.0	0.0	0.0	0.0	0.0	0.0	0.0	0.0	0.0	0.0	0.0	0.0	0.0	0.0	0.0	0.0	0.0	0.0	0.0	0.0	0.0	0.0	0.0	0.0	0.0	0.0	0.0	0.0	0.0	0.0	0.0	0.0	0.0	0.0	0.0	0.0	0.0	0.0	0.0	0.0	0.0	0.0	0.0	0.0	0.0	0.0	0.0	0.0	0.0	0.0	0.0	0.0	0.0	0.0	0.0	0.0	0.0	0.0	0.0	0.0	0.0
S2014M_E5-2-C-M	0.06071038108967761	-0.3382231252899478	-0.09653928172533892	-0.21722853092484962	-0.3734687645780282	-0.19597336733336704	-0.2102926175993063	-0.002490385565146761	0.08375021491883129	0.06554707761447058	0.07564088277503984	0.005969816575489207	0.010283445634892434	0.13294623446455073	-0.10629151422839479	0.06526728602114798	-0.049531146476771606	-0.07503398083907578	-0.019839144235283112	-0.03241667973338033	0.02684968058754874	0.06750033699753494	-0.017833529614369813	-0.02169568284559847	0.06262283317769121	-0.08393824518138902	-0.0348100142479224	-0.011034466432174478	-0.019353199598450815	0.04272640610159157	0.01014300289748778	0.007230678941412195	0.08562173201479063	-0.023023057897683188	-0.014879934281236394	0.045589439127521565	0.023054562972837304	0.008364466431404087	-0.05424399982841012	-0.0833543474110591	-0.007646369558064133	-0.007166376234266004	-0.05804712813695999	-0.05561307796063218	0.01146256843410782	0.001329793397768635	0.036760933763953466	-0.018312597001636753	-0.014196957731643806	0.018962156467142437	-0.014519875562530633	-0.04086271502267203	-0.019287984723615967	-0.010838658038277287	-0.02413381048142638	0.012055234660113674	-0.014062585210505657	0.0211447631641861	0.011747095654864762	0.0012715332330168157	0.003944227577869219	0.030735292603910558	0.006603130536113059	-0.0007949062503263797	-0.004137077557498955	-0.027014084498917616	0.0027068504054681133	0.008507227387590476	-0.0033033436311727285	0.0010332253059453362	0.006910783041794877	0.009544152541413302	0.004983814936479231	0.004238926363833536	0.008360775287711265	-0.008903057810367395	-0.006875264665196168	0.002507613922716938	0.003422615439928395	0.0	0.0	0.0	0.0	0.0	0.0	0.0	0.0	0.0	0.0	0.0	0.0	0.0	0.0	0.0	0.0	0.0	0.0	0.0	0.0	0.0	0.0	0.0	0.0	0.0	0.0	0.0	0.0	0.0	0.0	0.0	0.0	0.0	0.0	0.0	0.0	0.0	0.0	0.0	0.0	0.0	0.0	0.0	0.0	0.0	0.0	0.0	0.0	0.0	0.0	0.0	0.0	0.0	0.0	0.0	0.0	0.0	0.0	0.0	0.0	0.0	0.0	0.0	0.0	0.0	0.0	0.0	0.0	0.0	0.0	0.0	0.0	0.0	0.0	0.0	0.0	0.0	0.0	0.0	0.0	0.0	0.0	0.0	0.0	0.0	0.0	0.0	0.0	0.0	0.0	0.0	0.0	0.0	0.0	0.0	0.0	0.0	0.0	0.0	0.0	0.0	0.0	0.0	0.0	0.0	0.0	0.0	0.0	0.0	0.0	0.0	0.0	0.0	0.0	0.0	0.0	0.0	0.0	0.0	0.0	0.0	0.0	0.0	0.0	0.0	0.0	0.0	0.0	0.0	0.0	0.0	0.0	0.0	0.0	0.0	0.0	0.0	0.0	0.0	0.0
S2014m_E5-3-A-M	0.04642857916451201	-0.21207891854041136	-0.24234977672670321	-0.07978557306988765	0.26531000652232056	0.030952619645325835	0.08642693158057765	0.007270149922980697	0.05489994880496369	-0.12284833622639951	0.12312426239363991	0.05292142386594141	0.03210461014507852	0.048508793738307375	0.10721929849699878	0.00048406276174556203	-0.05771235958511974	-0.032103800342550025	-0.025389733999784857	-0.13279525829235111	-0.050387673916030766	-0.051290632647345145	0.0658918678793888	0.017382683120485874	-0.03597764655260537	0.018431808226820116	0.025213258747011014	-0.0690979291173417	-0.0553876425914733	0.0600176167370067	0.0331078896274658	-0.0031388033653926453	0.017820018309161266	-0.04378673704763556	0.04102836476541673	-0.0033713064852603143	-0.02124799409332128	0.021921424059524228	0.03724177103478503	-0.003313481720503777	0.04808737685800183	0.02760488434443809	0.0022446316024224045	-0.025863826754027538	0.024511646965667544	-0.01071871444005108	0.011448492678695703	0.014951576000262298	-0.02641170878022266	0.027619862029549754	0.03554970393658913	-0.0032111360432276375	-0.04480346581167593	-0.0057829828446996166	0.01956974003123461	0.012753646096694557	0.02111110229470652	-0.004260065850636118	0.014579176410395222	-0.013110122611136536	0.015662486132764327	-0.0069174371684345565	0.006606968566312618	-0.0001670771124699692	-0.020391137613345104	0.013401979055233637	-0.0054195316750093305	0.009000505167164623	-0.007631773956371857	0.01448217079783574	0.012421994472290254	-0.004036334770956288	0.004073827032884803	0.0066599391489146915	-0.007479983197999572	0.004199442463870022	-0.0010489879523326133	0.002114388021328745	-0.0017532946588761048	0.0	0.0	0.0	0.0	0.0	0.0	0.0	0.0	0.0	0.0	0.0	0.0	0.0	0.0	0.0	0.0	0.0	0.0	0.0	0.0	0.0	0.0	0.0	0.0	0.0	0.0	0.0	0.0	0.0	0.0	0.0	0.0	0.0	0.0	0.0	0.0	0.0	0.0	0.0	0.0	0.0	0.0	0.0	0.0	0.0	0.0	0.0	0.0	0.0	0.0	0.0	0.0	0.0	0.0	0.0	0.0	0.0	0.0	0.0	0.0	0.0	0.0	0.0	0.0	0.0	0.0	0.0	0.0	0.0	0.0	0.0	0.0	0.0	0.0	0.0	0.0	0.0	0.0	0.0	0.0	0.0	0.0	0.0	0.0	0.0	0.0	0.0	0.0	0.0	0.0	0.0	0.0	0.0	0.0	0.0	0.0	0.0	0.0	0.0	0.0	0.0	0.0	0.0	0.0	0.0	0.0	0.0	0.0	0.0	0.0	0.0	0.0	0.0	0.0	0.0	0.0	0.0	0.0	0.0	0.0	0.0	0.0	0.0	0.0	0.0	0.0	0.0	0.0	0.0	0.0	0.0	0.0	0.0	0.0	0.0	0.0	0.0	0.0	0.0	0.0
S2014m_E5-3-B-M	-0.16519322834080039	-0.3270445930736278	-0.16717288988378343	-0.0069874199956786185	-0.155896480488031	-0.12831236409919122	-0.07348378153615946	-0.1803154669504122	-0.05832559023023659	-0.050615285398513364	-0.07461877557148117	-0.06045896669265904	0.09193739890724653	-0.007313436749175485	-0.06565728673117473	-0.02854131889879283	0.02151026607272781	0.04661322197274083	-0.043273817451106436	-0.02162251701510872	-0.036775199537908386	0.006870366050616973	0.033900072805099934	0.03650812180885692	-0.020139572836991058	0.04973177259882122	0.006536681030686175	-0.03029685983621222	0.018989368023750727	0.012699816019857632	-0.0048288151530659455	0.04947440161399046	-0.04312236584472709	-0.011163573006999881	0.032930976369289953	-0.04634660117916893	0.027473133801821314	0.011593448920414902	0.030916978262490114	0.024180195208168945	-0.03233866396952152	-0.06714783706345484	-5.898162980009529e-05	-0.0037120006874926774	-0.0028697413265188756	-0.01080901856486787	-0.013203238701278755	-0.005017557609479401	0.02307496689319394	0.008995530573841552	0.012431293081847284	-0.03911556263840673	0.019842651105170854	0.012780946711769717	0.01743022791625924	0.005889389229213267	-0.010460858072842595	-0.042346840377812334	0.02158325124387026	0.02868034159535984	-0.005416203395820959	-0.017693391687751803	0.006786515557174885	-0.007079709012903123	0.019068888968610594	-0.030143754973483646	-0.003083609803236134	0.011524789371025683	-0.0004515931050173023	-0.0061644440216365465	0.005613609643691848	-0.010526462940629821	-0.0070855419282042625	-0.005945773010931055	0.006173968137452577	0.0011462969896948634	-0.011931798057318432	0.0036855491907691502	-0.0017478259740045926	0.0	0.0	0.0	0.0	0.0	0.0	0.0	0.0	0.0	0.0	0.0	0.0	0.0	0.0	0.0	0.0	0.0	0.0	0.0	0.0	0.0	0.0	0.0	0.0	0.0	0.0	0.0	0.0	0.0	0.0	0.0	0.0	0.0	0.0	0.0	0.0	0.0	0.0	0.0	0.0	0.0	0.0	0.0	0.0	0.0	0.0	0.0	0.0	0.0	0.0	0.0	0.0	0.0	0.0	0.0	0.0	0.0	0.0	0.0	0.0	0.0	0.0	0.0	0.0	0.0	0.0	0.0	0.0	0.0	0.0	0.0	0.0	0.0	0.0	0.0	0.0	0.0	0.0	0.0	0.0	0.0	0.0	0.0	0.0	0.0	0.0	0.0	0.0	0.0	0.0	0.0	0.0	0.0	0.0	0.0	0.0	0.0	0.0	0.0	0.0	0.0	0.0	0.0	0.0	0.0	0.0	0.0	0.0	0.0	0.0	0.0	0.0	0.0	0.0	0.0	0.0	0.0	0.0	0.0	0.0	0.0	0.0	0.0	0.0	0.0	0.0	0.0	0.0	0.0	0.0	0.0	0.0	0.0	0.0	0.0	0.0	0.0	0.0	0.0	0.0
S2014m_E5-3-C-M	0.07381678483189089	-0.2927298261375006	-0.2642382251375295	-0.07418993093719319	0.21234093311074537	0.09500141578823218	0.05216956334975051	-0.05693379603243826	-0.030981653285476238	-0.09745957241321006	0.14790458567943535	0.13940657658750685	0.0639723163972238	-0.03174297463194227	0.0034628758021578642	-0.022153477333200954	-0.02033014076963056	-0.010555787073535912	-0.06084693610116329	-0.1098429311669133	-0.021162512148977745	0.033829612013159954	0.0012728234410487114	-0.00907759702099856	-0.012535164894728765	-0.01498804258444268	-0.004743319420876112	0.027360037675804572	-0.04633813368356761	0.025849178480428236	-0.06414536620919835	0.0011424023724059104	0.004947464993854402	-0.035751140529959875	0.04863863832600485	0.025876197673773107	0.014514236267188634	-0.025659262913425546	-0.053802403885823094	-0.00967266711866965	-0.009100947865447491	0.029998314131179947	0.03497040488439157	-0.03276214277587356	-0.04880321108689859	0.0061586964957242914	0.003304361646588217	-0.004254252049596532	0.012800004196473848	0.01687264160460109	-0.0076313270963850426	-0.025631593377779326	-0.05332127214503958	0.00402406690492189	-0.022227598481598443	-0.026985017792253735	-0.028285691552214356	0.007340394468759547	-0.015959686575212868	0.0005910201241523451	0.004232209073142597	-0.0022522634333645222	-0.002518435129022436	0.0034177259006339398	0.00484220863644404	-0.018081853227095393	0.00819028541152777	-0.009758640311280101	0.011618694501805759	-0.00811734781370377	0.009616588209941867	-0.0054217496367113234	-0.008899665076080742	-0.007226677145959161	0.017414757658075423	-0.0028597157369653126	-0.0028163475037212755	0.0005508196274157958	-0.0010488347222813216	0.0	0.0	0.0	0.0	0.0	0.0	0.0	0.0	0.0	0.0	0.0	0.0	0.0	0.0	0.0	0.0	0.0	0.0	0.0	0.0	0.0	0.0	0.0	0.0	0.0	0.0	0.0	0.0	0.0	0.0	0.0	0.0	0.0	0.0	0.0	0.0	0.0	0.0	0.0	0.0	0.0	0.0	0.0	0.0	0.0	0.0	0.0	0.0	0.0	0.0	0.0	0.0	0.0	0.0	0.0	0.0	0.0	0.0	0.0	0.0	0.0	0.0	0.0	0.0	0.0	0.0	0.0	0.0	0.0	0.0	0.0	0.0	0.0	0.0	0.0	0.0	0.0	0.0	0.0	0.0	0.0	0.0	0.0	0.0	0.0	0.0	0.0	0.0	0.0	0.0	0.0	0.0	0.0	0.0	0.0	0.0	0.0	0.0	0.0	0.0	0.0	0.0	0.0	0.0	0.0	0.0	0.0	0.0	0.0	0.0	0.0	0.0	0.0	0.0	0.0	0.0	0.0	0.0	0.0	0.0	0.0	0.0	0.0	0.0	0.0	0.0	0.0	0.0	0.0	0.0	0.0	0.0	0.0	0.0	0.0	0.0	0.0	0.0	0.0	0.0
S2014m_E7-1-A-M	0.16225192874588895	-0.06118018697701232	0.3053425182943009	-0.017530424743042804	0.20217729936461082	0.03519386047839032	0.10929195725294992	-0.10721520794182648	0.06637687049881089	0.0841328134955176	0.039884164811441906	-0.10295421183991892	-0.04182105306366174	0.08032195753816665	-0.03651054908441655	0.09809593058360296	0.06076580427369547	0.011101593791143666	-0.03770248431262477	0.021275121334105696	-0.08196000972929263	0.013099371479918619	-0.056681787984731155	0.011336600489123142	0.05867011499900006	-0.12051272322933966	-0.04112973641270945	0.03329477248838369	0.006757467141770708	0.020832377071382743	-0.07530223231343587	-0.009533092801442348	-0.03989508669242158	-0.010893823883663245	0.0020166500146850718	-0.01270919585677212	0.0018114006810009938	0.002608384929817052	0.05555267048287191	-0.01104241919580241	0.02985942111034927	-0.0005238280265001334	0.008152149151350905	-0.01794627844520252	-0.03682924076090676	-0.016038339455610742	-0.04977616393825892	-0.0220381561503216	-0.010328458057833723	-0.008298729825357109	0.01719804746787413	0.0006553724699892681	-0.005238892896491208	0.007926537540593578	-0.00723804728982503	-0.010632223642073675	-0.020593191656275447	0.014023794660052057	-0.010415969251114071	-0.01646443738338992	0.03100826689781688	0.013007654157270924	0.00817848943091008	-0.013499205509850263	0.002665134361790261	-0.0010882275738175304	0.002397501305456384	0.000894581040446311	0.011006612964570494	0.01615559739840735	0.009254976339435079	0.0066940276907664345	0.009070291065031436	0.0003752933090721738	-0.003784874383309273	-0.0023999948117491288	0.003388390017023007	0.0014766272873159964	-0.0031375549109491224	0.0	0.0	0.0	0.0	0.0	0.0	0.0	0.0	0.0	0.0	0.0	0.0	0.0	0.0	0.0	0.0	0.0	0.0	0.0	0.0	0.0	0.0	0.0	0.0	0.0	0.0	0.0	0.0	0.0	0.0	0.0	0.0	0.0	0.0	0.0	0.0	0.0	0.0	0.0	0.0	0.0	0.0	0.0	0.0	0.0	0.0	0.0	0.0	0.0	0.0	0.0	0.0	0.0	0.0	0.0	0.0	0.0	0.0	0.0	0.0	0.0	0.0	0.0	0.0	0.0	0.0	0.0	0.0	0.0	0.0	0.0	0.0	0.0	0.0	0.0	0.0	0.0	0.0	0.0	0.0	0.0	0.0	0.0	0.0	0.0	0.0	0.0	0.0	0.0	0.0	0.0	0.0	0.0	0.0	0.0	0.0	0.0	0.0	0.0	0.0	0.0	0.0	0.0	0.0	0.0	0.0	0.0	0.0	0.0	0.0	0.0	0.0	0.0	0.0	0.0	0.0	0.0	0.0	0.0	0.0	0.0	0.0	0.0	0.0	0.0	0.0	0.0	0.0	0.0	0.0	0.0	0.0	0.0	0.0	0.0	0.0	0.0	0.0	0.0	0.0
S2014m_E7-1-B-F	0.11933955368169495	-0.023443407894262143	0.4169339256753912	0.0613983205573347	0.03275597789299287	0.022193849546831693	-0.003899024224307194	-0.16910456891189665	-0.04980438104010579	0.08808609268503403	0.08306986247309357	-0.05844958033702572	-0.08814327954346192	0.12439222186063939	0.003939729025270153	-0.022272866754644273	-0.009756374637456822	-0.013603803386329286	-0.00763050280623836	-0.004012796537356273	-0.006352106492430996	0.05648128410502846	-0.003921645393877301	-0.012346807622835847	-0.07274004817207746	-0.05797836663292175	0.06840337724969728	0.01740150982247218	0.02007279052364047	0.003170246551250333	-0.043719011404223004	-0.06283667315279812	-0.0032846744087780154	-0.04480133615861239	0.004354158945695963	0.007523679194352981	-0.0025726939816356474	0.05205397133406639	0.0018657143366078428	0.02670925091504712	-0.020545654372142372	-0.0013069329065742144	0.030275175361017807	0.020411557402222346	-0.0016407475352502533	-0.013043214515144615	-0.03193160404978436	0.020318764148360684	-0.015430204916395502	-0.020732455104577645	-0.0019340050376330646	0.040146747649582336	-0.02079310971451341	-0.041141879013950056	0.0023770048361097247	-0.0008217917595853176	0.0005682592942156458	-0.01960041273386344	0.01258841193168104	-0.011516254853752126	-0.00479107500867616	-0.007234983957082431	0.007195994355922415	-0.014164376503331915	-0.022011355140252254	0.00021355164553912755	0.004159885748643243	-0.004584910442268003	-0.01772616577065662	0.006576114194990455	-0.01665190996592124	-0.006764405523790637	-0.0007977856946189878	0.008855325621799616	-0.001747412831138438	-0.006176187697203387	-0.015091768021905616	-0.004683685273255472	0.0022139526826039364	0.0	0.0	0.0	0.0	0.0	0.0	0.0	0.0	0.0	0.0	0.0	0.0	0.0	0.0	0.0	0.0	0.0	0.0	0.0	0.0	0.0	0.0	0.0	0.0	0.0	0.0	0.0	0.0	0.0	0.0	0.0	0.0	0.0	0.0	0.0	0.0	0.0	0.0	0.0	0.0	0.0	0.0	0.0	0.0	0.0	0.0	0.0	0.0	0.0	0.0	0.0	0.0	0.0	0.0	0.0	0.0	0.0	0.0	0.0	0.0	0.0	0.0	0.0	0.0	0.0	0.0	0.0	0.0	0.0	0.0	0.0	0.0	0.0	0.0	0.0	0.0	0.0	0.0	0.0	0.0	0.0	0.0	0.0	0.0	0.0	0.0	0.0	0.0	0.0	0.0	0.0	0.0	0.0	0.0	0.0	0.0	0.0	0.0	0.0	0.0	0.0	0.0	0.0	0.0	0.0	0.0	0.0	0.0	0.0	0.0	0.0	0.0	0.0	0.0	0.0	0.0	0.0	0.0	0.0	0.0	0.0	0.0	0.0	0.0	0.0	0.0	0.0	0.0	0.0	0.0	0.0	0.0	0.0	0.0	0.0	0.0	0.0	0.0	0.0	0.0
S2014m_E7-1-B-M	-0.11074377874726189	-0.10626930723338945	0.44922016408416143	0.16385355389297498	-0.002765753100955468	-0.025131491435971976	0.007177049000518527	-0.060598484601381154	-0.04694115033598048	0.06326428956058347	0.07353128061701053	0.008378660773046573	0.015565050188264802	0.016389158373015765	-0.00022948692318882193	-0.0566126436170634	0.04519753751245482	-0.03245258657000041	-0.0870393709005407	0.031040368794839936	-0.054856640859192736	0.04962466668544193	0.008536613312580245	0.024939886532500066	0.005179604764405685	-0.01656148541436936	0.046333529103287446	-0.004494281289478075	0.04009015696347219	0.023231103096666563	-0.029641313729801083	-0.008796932996031464	-0.0689890135683545	-0.0006459008338865831	0.005607083305259933	0.0022668841517674817	-0.003474541248084798	0.009180335305385033	-0.004628608892309916	-0.006028395656860068	-0.019855199094349886	-0.04659518104652009	-0.025221105097837905	-0.008254011079379266	-0.0037523259421152364	-0.0034318755820874356	-0.013082676953869424	-0.0426693883789172	0.007692347871133486	-0.0018876023562271627	0.006889330855717813	-0.016889520175825103	-0.002434988489257438	0.04065272499852377	-0.014984351548003455	-0.01327630983346106	0.004331455596694125	0.000924939137349813	-0.008359031661610746	0.015068309402528558	0.034145771604811255	-0.020422520690368057	0.0033100628262182703	0.008936297106033383	-0.005023664024708674	0.006374449243604336	0.0030279402523257933	-0.0061870350472184145	-0.01699754729158255	-0.02462826968991197	-0.007928889049014157	0.004840567694562676	-0.005824104502292472	0.009163792806513294	0.0034674993668789996	-0.007657085498436051	-0.004213706910324066	0.005224462362334952	-0.0025054215021765923	0.0	0.0	0.0	0.0	0.0	0.0	0.0	0.0	0.0	0.0	0.0	0.0	0.0	0.0	0.0	0.0	0.0	0.0	0.0	0.0	0.0	0.0	0.0	0.0	0.0	0.0	0.0	0.0	0.0	0.0	0.0	0.0	0.0	0.0	0.0	0.0	0.0	0.0	0.0	0.0	0.0	0.0	0.0	0.0	0.0	0.0	0.0	0.0	0.0	0.0	0.0	0.0	0.0	0.0	0.0	0.0	0.0	0.0	0.0	0.0	0.0	0.0	0.0	0.0	0.0	0.0	0.0	0.0	0.0	0.0	0.0	0.0	0.0	0.0	0.0	0.0	0.0	0.0	0.0	0.0	0.0	0.0	0.0	0.0	0.0	0.0	0.0	0.0	0.0	0.0	0.0	0.0	0.0	0.0	0.0	0.0	0.0	0.0	0.0	0.0	0.0	0.0	0.0	0.0	0.0	0.0	0.0	0.0	0.0	0.0	0.0	0.0	0.0	0.0	0.0	0.0	0.0	0.0	0.0	0.0	0.0	0.0	0.0	0.0	0.0	0.0	0.0	0.0	0.0	0.0	0.0	0.0	0.0	0.0	0.0	0.0	0.0	0.0	0.0	0.0
S2014m_E7-1-C-F	-0.08337278692022947	-0.07207850672691889	0.4643460245413095	0.17925755309692398	0.01427728988406987	-0.018422009515376033	-0.02598059929458466	-0.09341894673941235	-0.041183551249166034	0.06291656746900398	0.0521563768938182	-0.03742394088619937	0.007215186446982876	0.055967465087627594	0.03275965824309914	-0.08598096674317254	0.035879985566633306	-0.04342377553392798	-0.08242630727203487	0.057134950481314825	-0.026070308967126095	0.02280692743239377	0.05258135012604751	0.04520262881162121	0.032426056298221644	-0.07195807989805372	0.011947363438962043	0.01820850996922236	0.048285931855102215	0.0436581589496775	-0.0073474919097379415	-0.03431770688154516	-0.048193728721384936	0.03298540690124161	0.011849239366525838	0.001626974055327823	0.03722139369977376	0.024479715711638757	0.030195885383680704	-0.020571399738312412	-0.004916377080184583	-0.023334457638257148	-0.017811166607973227	-0.01032381698938527	-0.04976082416209708	-0.008683799543752728	-0.03005153713902793	-0.0064502398860033575	-0.0006754202459553945	0.005695791485868206	-0.015612405063057796	0.013885938146629995	-0.018371777531401408	0.006575233758937466	0.025390383855268872	0.021130651549643806	-0.011287863147298464	-0.006058486470399649	0.01537243657112099	-0.014188966747350746	-0.011587533330274449	0.024649782066543405	-0.011216284768891258	0.014508331283332869	0.0013858049470779374	0.00023318421584924752	-0.02483523351374979	0.002984147921160761	0.03608832986246571	0.010831316065418557	0.004307637263471263	-0.0023897747027608143	0.013154941006175879	-0.0024535497525669846	-0.00960072543266312	0.00638854305453184	0.002781111614673465	0.0005584962082904954	0.0035138107448904	0.0	0.0	0.0	0.0	0.0	0.0	0.0	0.0	0.0	0.0	0.0	0.0	0.0	0.0	0.0	0.0	0.0	0.0	0.0	0.0	0.0	0.0	0.0	0.0	0.0	0.0	0.0	0.0	0.0	0.0	0.0	0.0	0.0	0.0	0.0	0.0	0.0	0.0	0.0	0.0	0.0	0.0	0.0	0.0	0.0	0.0	0.0	0.0	0.0	0.0	0.0	0.0	0.0	0.0	0.0	0.0	0.0	0.0	0.0	0.0	0.0	0.0	0.0	0.0	0.0	0.0	0.0	0.0	0.0	0.0	0.0	0.0	0.0	0.0	0.0	0.0	0.0	0.0	0.0	0.0	0.0	0.0	0.0	0.0	0.0	0.0	0.0	0.0	0.0	0.0	0.0	0.0	0.0	0.0	0.0	0.0	0.0	0.0	0.0	0.0	0.0	0.0	0.0	0.0	0.0	0.0	0.0	0.0	0.0	0.0	0.0	0.0	0.0	0.0	0.0	0.0	0.0	0.0	0.0	0.0	0.0	0.0	0.0	0.0	0.0	0.0	0.0	0.0	0.0	0.0	0.0	0.0	0.0	0.0	0.0	0.0	0.0	0.0	0.0	0.0
S2014m_E7-1-C-M	0.08895095835374314	0.019737948434068526	0.35667349801391585	0.13706201830921597	0.01981553085693882	-0.017965103673585416	0.0236610818691472	-0.14133608322222227	-0.03273018744255488	0.029628577705272482	0.02662679945617094	-0.09873672834513685	-0.10759712349676195	0.0553080372853544	-0.025912333185558863	-0.10999328910779636	-0.11739415205773968	0.030756270519970878	0.13327237552522117	0.006943827000241432	0.12931688667454025	-0.03947903181774939	0.022060358691868072	-0.0027460817327737974	0.017059325572565055	0.04475389674499817	-0.007701606544920273	-0.057063723594180354	-0.05034531445220606	-0.006839437868874576	0.026854593769915534	0.014373626117844577	0.04169124259054605	-0.04057672698604232	-0.035902295261441765	0.008580968264156484	0.013451056063153848	0.013954735810336686	-0.029359869918937454	0.04329451442713009	0.0015080739296773299	0.00671972568753221	0.03719321817857884	0.028670366602280964	-0.019719455168833104	-0.027834578730855267	-0.01907024646467509	-0.006893126439004102	0.03287064971939043	0.012249936916100898	-0.020250735360826583	-0.01000900119488498	-0.0318272291103873	0.012575962043010995	0.005911404218387313	-0.03154304040828835	0.0020008186513644868	0.0033726997499246812	0.0024005131616677703	0.0037094487879535893	-0.010243014668922485	0.012214740576850316	-0.014505755755044793	0.014185389078907713	0.006903798962490667	0.007674047268911629	-0.009942884833124688	0.0050002525615437075	0.010814744851424269	-0.01567836789112407	0.014062433330747873	0.010139501291216664	0.017116549982309145	0.0178868802869944	-0.004947518297776998	-0.0062133098487181905	0.00810076061899035	0.0041473162885675196	-0.00237413632493758	0.0	0.0	0.0	0.0	0.0	0.0	0.0	0.0	0.0	0.0	0.0	0.0	0.0	0.0	0.0	0.0	0.0	0.0	0.0	0.0	0.0	0.0	0.0	0.0	0.0	0.0	0.0	0.0	0.0	0.0	0.0	0.0	0.0	0.0	0.0	0.0	0.0	0.0	0.0	0.0	0.0	0.0	0.0	0.0	0.0	0.0	0.0	0.0	0.0	0.0	0.0	0.0	0.0	0.0	0.0	0.0	0.0	0.0	0.0	0.0	0.0	0.0	0.0	0.0	0.0	0.0	0.0	0.0	0.0	0.0	0.0	0.0	0.0	0.0	0.0	0.0	0.0	0.0	0.0	0.0	0.0	0.0	0.0	0.0	0.0	0.0	0.0	0.0	0.0	0.0	0.0	0.0	0.0	0.0	0.0	0.0	0.0	0.0	0.0	0.0	0.0	0.0	0.0	0.0	0.0	0.0	0.0	0.0	0.0	0.0	0.0	0.0	0.0	0.0	0.0	0.0	0.0	0.0	0.0	0.0	0.0	0.0	0.0	0.0	0.0	0.0	0.0	0.0	0.0	0.0	0.0	0.0	0.0	0.0	0.0	0.0	0.0	0.0	0.0	0.0
S2014m_E7-2-A-F	-0.22965745783794791	-0.24317934993642107	-0.07074700115813444	0.17597672789972915	-0.09979139186797432	-0.04268669154076154	0.17453498436230921	0.08036167712124032	-0.048992440308219184	0.006636799761849538	0.0165610623262921	-0.03673268963205275	0.08332318591582404	-0.04796724055758073	0.028535399847547976	-0.0107881186555531	0.046215983994982966	0.014945190324998445	-0.0454085610772804	-0.09880375825101381	-0.034801695953825096	0.048876002137612236	-0.013561295669778681	-0.011905197657225529	0.07433895391653036	0.06128125930061351	-0.06894331014412425	-0.03116162318753657	0.08093459825251693	-0.044296291923732974	0.002084540297013907	-0.06215738860896673	0.03619927842999021	0.07920737369911765	-0.024004484791141024	0.027161342466255796	-0.04019178313644567	0.039307267175316685	-0.01279957557645341	0.06265413960240938	0.0008106106375621406	0.026847323278024842	0.016855450885884315	0.018500420484279863	-0.035731152917643914	0.023030497425627933	0.06024169933999146	0.003927404746069035	-0.05713875917589837	0.014057630198284179	0.024583066673640894	-0.002510985241605644	-0.04140919775248469	0.02033086228975303	0.03164691918845534	0.0007640435116265334	-0.005308315758588439	-0.012395113137011455	0.013040456666548857	0.0034649327058969294	0.013087023931463417	0.018945243660476088	-0.026159705429689133	0.016729930950863246	-0.004751022256623317	-0.0012474507308867886	-0.005407861799813209	-0.00324009001710896	0.011897927125144963	0.009680733027101497	0.0037172473368737775	0.004657683160676722	0.010086438682967056	0.0015505642475576082	-0.0017820105000968668	0.0010514676951928427	-0.002756918965928451	-0.0013084842771018982	0.000639233098025879	0.0	0.0	0.0	0.0	0.0	0.0	0.0	0.0	0.0	0.0	0.0	0.0	0.0	0.0	0.0	0.0	0.0	0.0	0.0	0.0	0.0	0.0	0.0	0.0	0.0	0.0	0.0	0.0	0.0	0.0	0.0	0.0	0.0	0.0	0.0	0.0	0.0	0.0	0.0	0.0	0.0	0.0	0.0	0.0	0.0	0.0	0.0	0.0	0.0	0.0	0.0	0.0	0.0	0.0	0.0	0.0	0.0	0.0	0.0	0.0	0.0	0.0	0.0	0.0	0.0	0.0	0.0	0.0	0.0	0.0	0.0	0.0	0.0	0.0	0.0	0.0	0.0	0.0	0.0	0.0	0.0	0.0	0.0	0.0	0.0	0.0	0.0	0.0	0.0	0.0	0.0	0.0	0.0	0.0	0.0	0.0	0.0	0.0	0.0	0.0	0.0	0.0	0.0	0.0	0.0	0.0	0.0	0.0	0.0	0.0	0.0	0.0	0.0	0.0	0.0	0.0	0.0	0.0	0.0	0.0	0.0	0.0	0.0	0.0	0.0	0.0	0.0	0.0	0.0	0.0	0.0	0.0	0.0	0.0	0.0	0.0	0.0	0.0	0.0	0.0
S2014m_E7-2-A-M	-0.13354402484302788	-0.265706149235573	-0.18776695995739842	0.1718439668927137	0.21185753897033427	-0.026300791310060155	0.04231504295509888	0.0007326264626656608	-0.1364001229915333	-0.010063642832202338	0.10478935386478785	0.04633397215619361	0.0995623960385307	-0.03758752185191686	-0.012001642746684122	-0.06882805024166952	-0.01566166551761359	0.010146270616244162	-0.010013419332075054	0.0628384031869876	-0.09877675809151809	0.1009699129875083	0.09150537786982667	-0.014537875250856983	0.04739184128768818	0.014472698060508412	-0.047728753169908794	-0.06837181260448451	0.024784630208759238	-0.00837710560824513	0.028912032680891903	0.005240589452158921	-0.015179577779091276	0.0006555162134402827	-0.0028514395418759325	0.010844069183357707	0.00025696443615663066	-0.026499450556367894	0.0576107858528496	0.05071368899283017	-0.008109367066993192	-0.06600465857744339	-0.004164916143448351	-0.04838481421581839	-0.01961118971594932	0.007153652911001734	-0.031156214954180184	-0.022795249614377563	0.017044197242702584	-0.04447897507734883	-0.006823804197659639	-0.02705333769882255	0.03293544511937144	0.012071404802616627	0.017260109401686097	0.027716864064211196	0.008430947337736607	0.026685052561413534	0.004536319480363567	-0.0009372999425977159	0.004403800262357492	0.02229293782795394	-0.004524651311325173	-0.011579496787244745	-0.007566859903732481	0.005173361682911525	-0.015018167256207084	-0.004776824918355471	0.00593774784971553	-0.006777163439799621	0.0006552382411923707	-0.007687262831928865	-0.004107015873784253	0.0010167148406232374	-0.0009885065567886995	-0.003543736113711207	-0.0005002529598920229	0.0012614462888304763	0.0010695813318682902	0.0	0.0	0.0	0.0	0.0	0.0	0.0	0.0	0.0	0.0	0.0	0.0	0.0	0.0	0.0	0.0	0.0	0.0	0.0	0.0	0.0	0.0	0.0	0.0	0.0	0.0	0.0	0.0	0.0	0.0	0.0	0.0	0.0	0.0	0.0	0.0	0.0	0.0	0.0	0.0	0.0	0.0	0.0	0.0	0.0	0.0	0.0	0.0	0.0	0.0	0.0	0.0	0.0	0.0	0.0	0.0	0.0	0.0	0.0	0.0	0.0	0.0	0.0	0.0	0.0	0.0	0.0	0.0	0.0	0.0	0.0	0.0	0.0	0.0	0.0	0.0	0.0	0.0	0.0	0.0	0.0	0.0	0.0	0.0	0.0	0.0	0.0	0.0	0.0	0.0	0.0	0.0	0.0	0.0	0.0	0.0	0.0	0.0	0.0	0.0	0.0	0.0	0.0	0.0	0.0	0.0	0.0	0.0	0.0	0.0	0.0	0.0	0.0	0.0	0.0	0.0	0.0	0.0	0.0	0.0	0.0	0.0	0.0	0.0	0.0	0.0	0.0	0.0	0.0	0.0	0.0	0.0	0.0	0.0	0.0	0.0	0.0	0.0	0.0	0.0
S2014m_E7-2-B-F	-0.038944873777296246	-0.23721052300475232	-0.13581342947329386	0.055045674356657005	-0.008933084793210167	0.09453374454976385	0.3006153264278207	0.010510160939353278	-0.13047334349053727	-0.07081106767884791	0.015009914243794092	-0.18070587351079975	0.0685685333605124	0.09974393879016337	-0.037406874024143576	0.03903183427171894	-0.024888616537976964	0.01847037642630612	-0.023788343890110523	0.008439769519517687	-0.01603597137742867	0.05232698241343111	0.1327114171554442	-0.012056381930336306	0.021962275637736627	0.01881787513983773	-0.03542691371843319	0.014621757959542132	-0.04468324683888988	-0.0829284884748426	0.06161078216821821	-0.08927732310267776	0.019704722316657264	0.05997746133842409	-0.007362606184697208	-0.05263922166204348	0.006443230248123712	0.03687686617900849	-0.006744319061498092	-0.005828852726311888	0.024476946554833165	0.015945515605042326	-0.00022590435482056849	0.030833176040311237	-0.05626817568791621	-0.03067478505797893	-0.0024230296328765066	-0.05208686983237198	0.005674158177869421	0.017222346556465193	-0.016798855876870883	0.032199417429326464	-0.010633305477549974	0.0521720996610721	-0.018156073252484573	-0.01764048431451804	0.0007834444309520935	0.016745327306817083	0.01806139125845833	0.011261587261675324	0.016073908224073404	-0.0035224072453472403	-0.0020127119963516565	0.010522784159325168	0.00402087813347014	-0.015268963185033754	0.005582139837262866	0.01570172261136254	0.012244672865333784	-0.0054096461336373275	-0.003392651544744653	0.00792402785568082	-0.00437643568261357	-0.0016210979757644189	-0.007396691272080256	-0.003564743413115558	-0.004854305655196188	0.0017116766061155404	-0.002089905767726295	0.0	0.0	0.0	0.0	0.0	0.0	0.0	0.0	0.0	0.0	0.0	0.0	0.0	0.0	0.0	0.0	0.0	0.0	0.0	0.0	0.0	0.0	0.0	0.0	0.0	0.0	0.0	0.0	0.0	0.0	0.0	0.0	0.0	0.0	0.0	0.0	0.0	0.0	0.0	0.0	0.0	0.0	0.0	0.0	0.0	0.0	0.0	0.0	0.0	0.0	0.0	0.0	0.0	0.0	0.0	0.0	0.0	0.0	0.0	0.0	0.0	0.0	0.0	0.0	0.0	0.0	0.0	0.0	0.0	0.0	0.0	0.0	0.0	0.0	0.0	0.0	0.0	0.0	0.0	0.0	0.0	0.0	0.0	0.0	0.0	0.0	0.0	0.0	0.0	0.0	0.0	0.0	0.0	0.0	0.0	0.0	0.0	0.0	0.0	0.0	0.0	0.0	0.0	0.0	0.0	0.0	0.0	0.0	0.0	0.0	0.0	0.0	0.0	0.0	0.0	0.0	0.0	0.0	0.0	0.0	0.0	0.0	0.0	0.0	0.0	0.0	0.0	0.0	0.0	0.0	0.0	0.0	0.0	0.0	0.0	0.0	0.0	0.0	0.0	0.0
S2014m_E7-2-B-M	-0.13014287871196473	-0.33517914412802824	-0.15985448051254514	-0.03552671936734021	-0.1462407155502375	-0.06660439151128167	0.20846572178382883	-0.049947963940619185	-0.05220040817712848	-0.02757277470995436	-0.022819085499161795	-0.10332075874505495	0.11775251631056607	-0.04342518333505295	0.022422435982506587	0.04335550564461288	0.05750716359521144	0.03373934827629774	0.0074455582506554666	-0.01950269181152788	-0.016828216633252915	0.019281121112454412	0.03683680386890272	0.051945635522597323	-0.01676691077740002	0.03819671960449973	-0.08023456025109742	0.0009506638391735639	-0.012530312319271463	-0.03706697323124278	0.007801625908119617	0.004938320467827992	-0.06870820033053837	-0.020256922664610197	-0.010385335302377712	-0.017950605168749623	0.06491497424744075	-0.01906152857799613	0.014461316899411436	-0.007202119091405999	-0.02629100951822305	0.014139988053085048	0.025998099842324884	0.023991383392146026	0.013280647652012924	-0.033458556911950287	0.0057636561994860395	0.018696843938511738	-0.002185624714701871	0.01272100011575342	0.009738738939230204	-0.0021571624787934457	0.01988399035699133	-0.04192337611479769	-0.02027846962102202	-0.010243887342899037	-0.03902908569932669	-0.00851947218089925	0.005908964097632063	-0.027465659326621046	0.006029259317486517	0.02050260086952055	0.018380119880850768	-0.012241856189682456	0.005422915565374624	-0.014129777415911248	0.011560282565018084	0.0009979180712300993	-0.023515982140324864	0.011922765994552189	0.0020768853868231275	-0.00020099919447746952	-0.003234036637153831	-0.0020058998200977126	0.004533596653802989	-0.0017767034707104263	0.009987360870531448	0.0005262389279188006	0.0042770979204317825	0.0	0.0	0.0	0.0	0.0	0.0	0.0	0.0	0.0	0.0	0.0	0.0	0.0	0.0	0.0	0.0	0.0	0.0	0.0	0.0	0.0	0.0	0.0	0.0	0.0	0.0	0.0	0.0	0.0	0.0	0.0	0.0	0.0	0.0	0.0	0.0	0.0	0.0	0.0	0.0	0.0	0.0	0.0	0.0	0.0	0.0	0.0	0.0	0.0	0.0	0.0	0.0	0.0	0.0	0.0	0.0	0.0	0.0	0.0	0.0	0.0	0.0	0.0	0.0	0.0	0.0	0.0	0.0	0.0	0.0	0.0	0.0	0.0	0.0	0.0	0.0	0.0	0.0	0.0	0.0	0.0	0.0	0.0	0.0	0.0	0.0	0.0	0.0	0.0	0.0	0.0	0.0	0.0	0.0	0.0	0.0	0.0	0.0	0.0	0.0	0.0	0.0	0.0	0.0	0.0	0.0	0.0	0.0	0.0	0.0	0.0	0.0	0.0	0.0	0.0	0.0	0.0	0.0	0.0	0.0	0.0	0.0	0.0	0.0	0.0	0.0	0.0	0.0	0.0	0.0	0.0	0.0	0.0	0.0	0.0	0.0	0.0	0.0	0.0	0.0
S2014m_E7-2-C-M	-0.07857132682961061	-0.3342554414993467	-0.1045350417483138	-0.0857342138373004	-0.22064233959697363	-0.018347416159970254	0.14809066271956078	-0.15336694023644987	-0.04002446774647874	-0.16665747246692023	0.051070960014588204	-0.06463421187774873	0.013020586767041837	-0.04361124723571332	0.056122882319681065	-0.00420339412757127	0.014220092348861225	0.031231448996018686	0.03422205449626252	-0.044888265466031536	-0.0084905705479918	0.06436387624419346	-0.06270387188735474	-0.030386983927027406	0.055019258553162524	0.011204234583813777	0.018702959371241317	0.03807387373097749	0.008289363272925785	-0.07161994662468713	-0.07624631520375924	-0.005723427187499993	0.012866363534067601	0.09374994835623017	-0.069689333757302	-0.06310654242230736	0.055011748024624114	-0.0008824390694233532	0.023367627537200016	0.006273527324837491	-0.0213633157438275	-0.005654157241102803	-0.019061178237750068	0.02045083995358227	0.01306663026046684	0.026522938020408043	-0.010644246987613445	0.02091654102751693	0.004083138870687887	-0.010991960634254835	0.00282213853569238	-0.01260215419539155	0.019171209162433187	-0.018287153057638984	0.005058519718107516	0.018377865500500225	0.029968467475485122	-0.008145674484624927	-0.017764275197671802	-0.0014368670259984361	-0.030782251414046762	-0.006358522113256137	0.010139487415053097	-0.010119774899493261	-0.005840125134981314	0.002579512068555639	-0.01554326848914565	-0.010025798359706873	0.00925011567245863	-0.007251544726374613	0.009435071312959472	0.013937410930232017	0.007147730004645529	0.0049857324498471245	0.003264296989612052	-0.0017091272197996543	0.006200509298255285	0.000153824842341876	-0.0034858597274615823	0.0	0.0	0.0	0.0	0.0	0.0	0.0	0.0	0.0	0.0	0.0	0.0	0.0	0.0	0.0	0.0	0.0	0.0	0.0	0.0	0.0	0.0	0.0	0.0	0.0	0.0	0.0	0.0	0.0	0.0	0.0	0.0	0.0	0.0	0.0	0.0	0.0	0.0	0.0	0.0	0.0	0.0	0.0	0.0	0.0	0.0	0.0	0.0	0.0	0.0	0.0	0.0	0.0	0.0	0.0	0.0	0.0	0.0	0.0	0.0	0.0	0.0	0.0	0.0	0.0	0.0	0.0	0.0	0.0	0.0	0.0	0.0	0.0	0.0	0.0	0.0	0.0	0.0	0.0	0.0	0.0	0.0	0.0	0.0	0.0	0.0	0.0	0.0	0.0	0.0	0.0	0.0	0.0	0.0	0.0	0.0	0.0	0.0	0.0	0.0	0.0	0.0	0.0	0.0	0.0	0.0	0.0	0.0	0.0	0.0	0.0	0.0	0.0	0.0	0.0	0.0	0.0	0.0	0.0	0.0	0.0	0.0	0.0	0.0	0.0	0.0	0.0	0.0	0.0	0.0	0.0	0.0	0.0	0.0	0.0	0.0	0.0	0.0	0.0	0.0
S2014m_E7-3-A-M	0.14907543410855378	-0.2491800783734883	-0.1846395664007722	-0.0010167221846578232	-0.13012512163174567	0.29696340300306145	0.1804328619118218	0.10126320775001883	-0.2616473135750238	0.23478004279514061	-0.14385632053681868	-0.017082283033614865	0.07459947655986844	0.009928019024509382	-0.011837248323754912	0.15816825652251296	0.06782178146821514	0.05606779953839172	0.053236849236293925	0.10668780176051355	0.02288256022884332	-0.01162014186819819	-0.1111018806401912	0.0334012949501448	0.03358262094631098	-0.06495271544421105	0.02026759737455586	0.016334616504547813	-0.006817378922756538	0.013249100503997706	-0.000277141947748728	0.009987367874463172	0.019986634834119377	-0.014659371991489532	0.09190264808561066	0.008848793171579631	-0.01994606644746733	-0.031178926387340856	-0.0014980789675506918	-0.0126199879773926	0.02954414498711132	-0.013070989727247389	-0.023504997910948688	0.01699020492437912	-0.01762346710071113	-0.016379179094382034	-0.01431371936246388	9.696321250504106e-05	0.007223761717998527	-0.01600601488507532	-0.013884542926298062	-0.008513317786509985	0.01065043307641213	-0.015586091600823155	0.024539564581867446	0.01231441621040536	0.0035985814825505993	-0.019723552745049788	-9.497332685455883e-05	0.007668371321242867	-0.014115164924207757	0.0038548372321862145	-0.01712798210138535	0.0068886408810882385	0.0030111211509031796	0.010352819672689443	-0.01650053986571659	0.004025496473381616	-0.008954387051939985	-0.0004083963991155685	-0.0021873810620188145	-0.011344433969410256	0.0021656918556243964	-0.0013602792679490892	-0.005110381764910261	-0.00205576469342468	0.005104891827692285	-0.003088478305071483	-0.00042799463111778077	0.0	0.0	0.0	0.0	0.0	0.0	0.0	0.0	0.0	0.0	0.0	0.0	0.0	0.0	0.0	0.0	0.0	0.0	0.0	0.0	0.0	0.0	0.0	0.0	0.0	0.0	0.0	0.0	0.0	0.0	0.0	0.0	0.0	0.0	0.0	0.0	0.0	0.0	0.0	0.0	0.0	0.0	0.0	0.0	0.0	0.0	0.0	0.0	0.0	0.0	0.0	0.0	0.0	0.0	0.0	0.0	0.0	0.0	0.0	0.0	0.0	0.0	0.0	0.0	0.0	0.0	0.0	0.0	0.0	0.0	0.0	0.0	0.0	0.0	0.0	0.0	0.0	0.0	0.0	0.0	0.0	0.0	0.0	0.0	0.0	0.0	0.0	0.0	0.0	0.0	0.0	0.0	0.0	0.0	0.0	0.0	0.0	0.0	0.0	0.0	0.0	0.0	0.0	0.0	0.0	0.0	0.0	0.0	0.0	0.0	0.0	0.0	0.0	0.0	0.0	0.0	0.0	0.0	0.0	0.0	0.0	0.0	0.0	0.0	0.0	0.0	0.0	0.0	0.0	0.0	0.0	0.0	0.0	0.0	0.0	0.0	0.0	0.0	0.0	0.0
S2014M_E7-3-B-M	0.1007786008197642	-0.40463786840252974	-0.2784021569601948	-0.128859118533253	0.024580097631300545	0.054334284595997775	-0.0029497386717070462	-0.009322945788181368	-0.1284665018990092	0.15925377476316815	-0.002992537223976736	0.11006066449976211	0.13709242986306103	-0.0990836671967402	0.04393333248072523	0.05142378112158805	0.012893392737371995	-0.007800525816489505	0.04394607197907383	0.055546512142133714	0.014324948975731546	-0.009721345732175899	-0.039591974750765535	0.01240246171107095	-0.11736883918554536	0.014291749477442725	-0.0239782641349813	-0.012519136396410209	-0.06693010975042861	-0.09684421363942869	0.01352175040696734	-0.02433406143995107	-0.02376294050244213	-0.0015965039322412401	0.009936478588288557	0.030794653847336047	-0.015252798216693843	-0.038843327774365194	0.06828806892527689	-0.02344933430298305	0.044239378664468997	0.04743940166848219	-0.018642930345132654	0.002830304800046522	0.03625396710160739	0.026722534147085232	-0.012707341127315027	0.018714132281608384	0.011768324571603749	-0.012893745692387285	0.001939720337360852	-0.024020770074778933	0.002808830492556069	-0.020268673343590345	-0.024974928801855676	-0.005535934031564398	0.003669317977663824	0.015902494509482983	0.002574384074982576	0.0007979878635986106	0.010726894836169471	0.02014494069385912	-0.006627494485037059	0.02283856440752041	0.0017931573943957954	0.01134072727216604	0.0012437779961671238	-0.006466894881419253	0.003515960393753373	0.006873409209922137	0.007048465657238914	0.0029032197608834663	0.002507994395258998	0.01026616591649639	0.0029333783705542105	-0.005571250284441957	-0.002161634462417016	0.0012625100657563848	0.004179923199589998	0.0	0.0	0.0	0.0	0.0	0.0	0.0	0.0	0.0	0.0	0.0	0.0	0.0	0.0	0.0	0.0	0.0	0.0	0.0	0.0	0.0	0.0	0.0	0.0	0.0	0.0	0.0	0.0	0.0	0.0	0.0	0.0	0.0	0.0	0.0	0.0	0.0	0.0	0.0	0.0	0.0	0.0	0.0	0.0	0.0	0.0	0.0	0.0	0.0	0.0	0.0	0.0	0.0	0.0	0.0	0.0	0.0	0.0	0.0	0.0	0.0	0.0	0.0	0.0	0.0	0.0	0.0	0.0	0.0	0.0	0.0	0.0	0.0	0.0	0.0	0.0	0.0	0.0	0.0	0.0	0.0	0.0	0.0	0.0	0.0	0.0	0.0	0.0	0.0	0.0	0.0	0.0	0.0	0.0	0.0	0.0	0.0	0.0	0.0	0.0	0.0	0.0	0.0	0.0	0.0	0.0	0.0	0.0	0.0	0.0	0.0	0.0	0.0	0.0	0.0	0.0	0.0	0.0	0.0	0.0	0.0	0.0	0.0	0.0	0.0	0.0	0.0	0.0	0.0	0.0	0.0	0.0	0.0	0.0	0.0	0.0	0.0	0.0	0.0	0.0
S2014m_E7-3-C-M	-0.150131993415976	-0.2045865853512198	-0.12294058872659545	0.05994927276860708	-0.16554438267364213	0.38986153469760276	-0.038243440861097024	-0.31975347643999885	-0.016208915716210266	-0.08850397080043632	0.008567984152876792	-0.05122269254863187	-0.10665780197011636	-0.07982888115641865	0.037089956846275765	0.062325614642162394	-0.014904356993532772	-0.1153513817412028	-0.009455696440038377	0.06278686866559545	0.10866789426156566	0.11398872063455012	0.02564711788858401	-0.05800627866002261	-0.00815447845303434	0.013561566122108378	0.06560432964176613	0.002338008645617785	-0.04573259611520499	-0.14394583047531043	-0.0006438787482121205	-0.06974181288732656	0.04987375272009499	0.024855765863295635	0.0791603554160864	0.0028884023625856442	-0.04539755208428642	-0.02846100128544411	-0.003955898967596935	-0.07550512224670494	0.01110919504583093	-0.01285350545699577	-0.04228864762266453	0.06036066117318809	-0.023262759936491982	-0.0013510290488156927	0.032696125522802245	-0.027736799013213995	0.009457610948974585	0.01774018975516338	-0.0005773904374379899	-0.013301659308970632	0.008745584839572757	-0.009365295280503554	0.005632364827782808	-0.009145820308259276	0.01555764394318808	-0.004694982176158037	0.0024618851673175253	0.025898625921943287	0.01030889611867493	0.009401563110996065	0.013178029764219853	-0.004380331174003706	0.0036561092736548924	0.018832722825929696	0.004226424839807376	0.0024249186014799256	0.004141405642856554	0.008818500550450399	-0.003613896529259638	-0.01209366208898137	-0.000519437406890285	0.002579070342226672	-0.0088261980478253	0.0017636651730082483	0.00372879100716485	-0.0011329989865583115	0.00045426146606633425	0.0	0.0	0.0	0.0	0.0	0.0	0.0	0.0	0.0	0.0	0.0	0.0	0.0	0.0	0.0	0.0	0.0	0.0	0.0	0.0	0.0	0.0	0.0	0.0	0.0	0.0	0.0	0.0	0.0	0.0	0.0	0.0	0.0	0.0	0.0	0.0	0.0	0.0	0.0	0.0	0.0	0.0	0.0	0.0	0.0	0.0	0.0	0.0	0.0	0.0	0.0	0.0	0.0	0.0	0.0	0.0	0.0	0.0	0.0	0.0	0.0	0.0	0.0	0.0	0.0	0.0	0.0	0.0	0.0	0.0	0.0	0.0	0.0	0.0	0.0	0.0	0.0	0.0	0.0	0.0	0.0	0.0	0.0	0.0	0.0	0.0	0.0	0.0	0.0	0.0	0.0	0.0	0.0	0.0	0.0	0.0	0.0	0.0	0.0	0.0	0.0	0.0	0.0	0.0	0.0	0.0	0.0	0.0	0.0	0.0	0.0	0.0	0.0	0.0	0.0	0.0	0.0	0.0	0.0	0.0	0.0	0.0	0.0	0.0	0.0	0.0	0.0	0.0	0.0	0.0	0.0	0.0	0.0	0.0	0.0	0.0	0.0	0.0	0.0	0.0
S2014M_E9-1-A-M	-0.2020158026812362	-0.11247177276194643	0.33971644675670587	0.22276622103199534	0.02482731712830017	-0.05505628614058679	0.0007543149020354426	0.05844338611372245	0.11932226278400716	0.011380811612954367	-0.017263248069180667	0.09144751035775575	-0.08732658898184825	-0.015978248249929272	0.073253274383636	0.07116631267866395	-0.022530917422475087	0.1047270145264805	-0.024849994591515736	0.020602482028302765	0.02472746581708743	-0.008934609602999752	-0.02238765212815246	-0.01014302556381591	0.0029584939368867383	0.07266119267650267	0.018567850514464287	0.03033266524035192	-0.01863042835002197	0.00595896011980518	-0.006513988662125526	0.04927727234009281	0.019828315866593692	0.015006368082861262	0.007754080194169236	-0.006838036634349045	0.028601042683311425	-0.020964004784101486	-0.043385122519069834	0.05247251169595977	0.033504207977943574	0.0037760949653812665	-0.02588385791551713	-0.012528366229425996	0.0034573481789549106	-0.007730640875009869	0.0006387709301203567	-0.03964306081903539	-0.004796237231305262	-0.012922220123651993	0.00602162199537794	0.028492274338763935	0.001217117069005936	-0.047491876985683204	-0.018141698736097906	-0.028237176423359565	0.00221579883383945	-0.018538419198869515	-0.005499992947002377	-0.017624349163993313	0.010006099835427338	0.0019641136814942052	-0.010679864942085608	0.014946989973362756	-0.010223126855182398	-0.005321443202482462	-0.00033748666316055936	0.0021770195522075354	0.007251046118848678	0.007912113915578022	-0.006099171552274838	0.009586717035669844	-0.005341797432660824	0.00965669862292204	0.0015792856519128283	-0.0017180786167657247	-0.004513064339108398	-0.0014483259982632703	-0.004160361950543274	0.0	0.0	0.0	0.0	0.0	0.0	0.0	0.0	0.0	0.0	0.0	0.0	0.0	0.0	0.0	0.0	0.0	0.0	0.0	0.0	0.0	0.0	0.0	0.0	0.0	0.0	0.0	0.0	0.0	0.0	0.0	0.0	0.0	0.0	0.0	0.0	0.0	0.0	0.0	0.0	0.0	0.0	0.0	0.0	0.0	0.0	0.0	0.0	0.0	0.0	0.0	0.0	0.0	0.0	0.0	0.0	0.0	0.0	0.0	0.0	0.0	0.0	0.0	0.0	0.0	0.0	0.0	0.0	0.0	0.0	0.0	0.0	0.0	0.0	0.0	0.0	0.0	0.0	0.0	0.0	0.0	0.0	0.0	0.0	0.0	0.0	0.0	0.0	0.0	0.0	0.0	0.0	0.0	0.0	0.0	0.0	0.0	0.0	0.0	0.0	0.0	0.0	0.0	0.0	0.0	0.0	0.0	0.0	0.0	0.0	0.0	0.0	0.0	0.0	0.0	0.0	0.0	0.0	0.0	0.0	0.0	0.0	0.0	0.0	0.0	0.0	0.0	0.0	0.0	0.0	0.0	0.0	0.0	0.0	0.0	0.0	0.0	0.0	0.0	0.0
S2014m_E9-1-B-F	0.07149410252357603	-0.2371843022637115	0.05575991498394655	-0.11369772791599905	0.1260539698449744	-0.100524016634944	0.09864258971721623	-0.001553237294590876	0.06301674612354997	-0.027506090721630204	-0.03268502329079013	-0.10766816882685418	-0.04825065196603959	-0.12813192698573794	-0.10730015578165988	-0.027061316185849445	-0.15200114260725128	-0.0726783618395227	0.018908204265514046	-0.1033690677667752	0.08896207069849882	-0.08164507123742801	-0.026754474746221144	-0.020091277977684903	-0.1075971857012402	-0.023006209090821322	-0.0451389271933645	0.04004402982809484	-0.05080039914770113	0.009926604856969959	0.0066658512888669195	0.01783516551212604	0.008027253957614802	-0.07746480255560712	-0.04193453109321467	-0.013848910023225742	0.0036774857629794286	0.007960755518419514	-0.004394871738825292	-0.018305399849453084	0.011626988931970724	-0.003937375297040744	0.01876950419284049	0.0253907911904617	0.010555762533150069	0.012360368572706847	0.010509898938888478	-0.009066047735976645	0.002316234917789644	-0.01005766840892255	-0.014310058521928758	0.01406982748196855	0.005366279670157352	0.023765244806303196	0.008993464518057237	0.026189293841393655	0.011942534462734756	0.008572729709600654	0.028297555800995293	0.006606512403264008	-0.010824827286218015	-0.003254098414911469	-0.01234060396621822	0.0036989047262224514	-0.004181637189760646	0.008031930388161888	-0.011535633354533701	0.004349382834301488	-0.0006338857539099741	0.01406150484617017	-0.011046687073500636	-0.006535677112163345	-0.0033602220782481223	-0.0012244301751268309	0.0004411317811219001	-0.000872271004218448	0.0027530310043657065	-0.002543305558583544	0.0005093870147831166	0.0	0.0	0.0	0.0	0.0	0.0	0.0	0.0	0.0	0.0	0.0	0.0	0.0	0.0	0.0	0.0	0.0	0.0	0.0	0.0	0.0	0.0	0.0	0.0	0.0	0.0	0.0	0.0	0.0	0.0	0.0	0.0	0.0	0.0	0.0	0.0	0.0	0.0	0.0	0.0	0.0	0.0	0.0	0.0	0.0	0.0	0.0	0.0	0.0	0.0	0.0	0.0	0.0	0.0	0.0	0.0	0.0	0.0	0.0	0.0	0.0	0.0	0.0	0.0	0.0	0.0	0.0	0.0	0.0	0.0	0.0	0.0	0.0	0.0	0.0	0.0	0.0	0.0	0.0	0.0	0.0	0.0	0.0	0.0	0.0	0.0	0.0	0.0	0.0	0.0	0.0	0.0	0.0	0.0	0.0	0.0	0.0	0.0	0.0	0.0	0.0	0.0	0.0	0.0	0.0	0.0	0.0	0.0	0.0	0.0	0.0	0.0	0.0	0.0	0.0	0.0	0.0	0.0	0.0	0.0	0.0	0.0	0.0	0.0	0.0	0.0	0.0	0.0	0.0	0.0	0.0	0.0	0.0	0.0	0.0	0.0	0.0	0.0	0.0	0.0
S2014M_E9-1-B-M	-0.3508045983176336	-0.13213599878385676	0.00777265681002318	0.37689575792169505	-0.06984742130943614	-0.004846147444050696	-0.06321291803251118	0.1363388448389931	0.08405191019235823	-0.004408940019876065	0.05345561959897379	0.060848480493334946	-0.15778886288143681	0.09566418345686316	-0.04315452276207723	0.07944078370951116	-0.0808187758125706	0.020741312087955762	0.03830505403360645	-0.00942858067437866	0.05462583606657495	-0.007777802866310862	-0.034509232059600436	0.010406684639850708	0.03601001870664235	0.06205933091879498	0.015093642729567137	0.026373992061743054	-0.049071549750926376	-0.049719611009320396	-0.0031481928946610243	-0.01524420606444627	-0.03398535882470057	-0.023454673444967038	-0.0462421035140135	0.03896135716960736	0.07809727302556133	0.04654166085811658	0.006543886265146638	0.008110049578270056	0.017768073570214538	-0.005588671047197876	0.025443443310119288	0.0019887754055912575	-0.01761567755752187	0.01096345666542615	-0.0376992451309484	0.018463763255526254	0.0058323944820465635	0.06173173164808161	-0.03741594677956941	0.007632340359978037	-0.03672944454161884	0.03589767294815274	0.03407116849213893	0.005042871370616182	0.011057016411141322	0.0034202648004411054	0.010285886945651527	-0.007760281172768605	-0.017821638332638497	0.018797232274738986	-0.0016388194879314155	0.004249173343997065	-0.006370150587721533	-0.020719951966992195	0.002178981840210006	0.008314221298673641	0.0023203680059374256	-0.015501547276835803	0.0049446294238141755	0.00197265726601676	0.008589315613728816	-0.001001844542723698	-0.002555282137222783	-0.006556946712133736	0.001921021122142635	0.002155638084835837	-3.459415187260838e-05	0.0	0.0	0.0	0.0	0.0	0.0	0.0	0.0	0.0	0.0	0.0	0.0	0.0	0.0	0.0	0.0	0.0	0.0	0.0	0.0	0.0	0.0	0.0	0.0	0.0	0.0	0.0	0.0	0.0	0.0	0.0	0.0	0.0	0.0	0.0	0.0	0.0	0.0	0.0	0.0	0.0	0.0	0.0	0.0	0.0	0.0	0.0	0.0	0.0	0.0	0.0	0.0	0.0	0.0	0.0	0.0	0.0	0.0	0.0	0.0	0.0	0.0	0.0	0.0	0.0	0.0	0.0	0.0	0.0	0.0	0.0	0.0	0.0	0.0	0.0	0.0	0.0	0.0	0.0	0.0	0.0	0.0	0.0	0.0	0.0	0.0	0.0	0.0	0.0	0.0	0.0	0.0	0.0	0.0	0.0	0.0	0.0	0.0	0.0	0.0	0.0	0.0	0.0	0.0	0.0	0.0	0.0	0.0	0.0	0.0	0.0	0.0	0.0	0.0	0.0	0.0	0.0	0.0	0.0	0.0	0.0	0.0	0.0	0.0	0.0	0.0	0.0	0.0	0.0	0.0	0.0	0.0	0.0	0.0	0.0	0.0	0.0	0.0	0.0	0.0
S2014m_E9-1-C-F	-0.023952632913852728	-0.15002209712207865	0.3202398251803878	0.06008589409382482	0.022434745290886467	-0.028472106733711314	0.1224036426168402	-0.04412174458442283	-0.061779809286764714	0.04537694391551674	0.02351676739489117	-0.044142780492078114	-0.02454499833961452	-0.10315825763199606	-0.08289646768448908	-0.05808404152490456	-0.07984057745612785	-0.0158715227886953	0.11830287034266006	-0.04298608368526796	0.04650472251639755	0.05559650719001528	-0.01643626009296261	0.013060496318327026	0.04002776822714082	0.06252251370078304	-0.019832732430059355	-0.014934623483608985	-0.008117602115909651	0.05648411971447204	0.06603151271840296	0.04009721480491743	0.019395168550503203	0.014676324363342317	0.030950634092617814	-0.04348644271670679	0.02545046675032009	-0.007283962878495892	-0.043234965521515144	0.0001208952214384064	-0.0062079079375412065	-0.016689043796745493	-0.02960431451024863	-0.03506813889365069	0.0020730423806914846	0.02121195910247109	-0.005598676259591567	-0.041513815560057475	0.005157571452576737	-0.005122486414540821	0.020060515735597122	-0.02515996961133026	0.014284921808670636	-0.0066209260127032855	0.006286402632771961	-0.010324163279007727	-0.003730846615512593	-0.029474072276403637	-0.02019306515661816	-0.010947340144244802	-0.011229835207644442	-0.003847700521591531	-0.013585958450454514	-0.0018871610518341735	0.009625593188333887	-0.0015936659518944402	0.003452927095977874	-0.0008935827041527466	-0.007082919596109724	0.015844434267805293	-0.0054856956435059175	-0.010042521038323354	0.008851587832402927	0.007267091463322261	2.2748893633686716e-05	-0.003964419563474649	0.0023467365566354616	-0.003065545786207214	0.000600018119505881	0.0	0.0	0.0	0.0	0.0	0.0	0.0	0.0	0.0	0.0	0.0	0.0	0.0	0.0	0.0	0.0	0.0	0.0	0.0	0.0	0.0	0.0	0.0	0.0	0.0	0.0	0.0	0.0	0.0	0.0	0.0	0.0	0.0	0.0	0.0	0.0	0.0	0.0	0.0	0.0	0.0	0.0	0.0	0.0	0.0	0.0	0.0	0.0	0.0	0.0	0.0	0.0	0.0	0.0	0.0	0.0	0.0	0.0	0.0	0.0	0.0	0.0	0.0	0.0	0.0	0.0	0.0	0.0	0.0	0.0	0.0	0.0	0.0	0.0	0.0	0.0	0.0	0.0	0.0	0.0	0.0	0.0	0.0	0.0	0.0	0.0	0.0	0.0	0.0	0.0	0.0	0.0	0.0	0.0	0.0	0.0	0.0	0.0	0.0	0.0	0.0	0.0	0.0	0.0	0.0	0.0	0.0	0.0	0.0	0.0	0.0	0.0	0.0	0.0	0.0	0.0	0.0	0.0	0.0	0.0	0.0	0.0	0.0	0.0	0.0	0.0	0.0	0.0	0.0	0.0	0.0	0.0	0.0	0.0	0.0	0.0	0.0	0.0	0.0	0.0
S2014M_E9-1-C-M	-0.16149623000345317	-0.1531771378119325	0.09966926244138334	0.19408599589344816	0.18694301980097217	-0.09172998023701459	-0.022863932630625267	0.09248014428241146	0.0008591589231660564	-0.03040592696282659	-0.07897437628080697	0.04522803828967419	-0.05466965005773319	-0.13822821336743038	-0.08035791292257438	0.03590067980488396	-0.08016634741675042	0.011259541864009463	-0.05874180273924006	0.03977650244375601	0.011767657010590382	-0.004645182519704309	-0.032854940514868036	-0.03497447151858162	-0.03545438591044107	0.028415610339195752	0.041324410704233004	0.0058929419765680596	0.04810312906770234	-0.01792889445045912	-0.026530692090917404	-0.025599736475578932	0.0407090528428865	-0.03876011414230729	-0.032607925336356425	-0.018085453901965653	-0.002081269481704543	0.017241666967801328	-0.0013909652881043631	-0.022360233984989805	0.047822974586390794	0.03430360790231817	0.010104181089167772	0.0197944807474399	0.003562618040474717	0.037434297902503216	0.001457310294521551	0.029555158997875284	0.008366919599486664	0.01911794791650352	-0.01546307505167002	0.0062426727777739055	0.01746860680021958	0.011873526606848742	0.0037207641729209173	0.029845126210422457	-0.010446256186227512	-0.003970978319690896	-0.0011863538821090627	-0.021020207108388148	-0.013031670649496938	0.01483595013637282	0.01578346563936386	-0.018841883769292852	0.007856505095459928	-0.0018901784308678331	-0.01494568969584489	0.006284270328858675	0.0068480816997591575	-0.00702756789226635	-0.016972387738533184	-0.0016850314922531747	-0.001707349723051872	-0.0028239863776197867	-0.0026370234649145366	-0.002985292705000764	0.0006787177750857925	0.005928316903750412	0.0016767791658882163	0.0	0.0	0.0	0.0	0.0	0.0	0.0	0.0	0.0	0.0	0.0	0.0	0.0	0.0	0.0	0.0	0.0	0.0	0.0	0.0	0.0	0.0	0.0	0.0	0.0	0.0	0.0	0.0	0.0	0.0	0.0	0.0	0.0	0.0	0.0	0.0	0.0	0.0	0.0	0.0	0.0	0.0	0.0	0.0	0.0	0.0	0.0	0.0	0.0	0.0	0.0	0.0	0.0	0.0	0.0	0.0	0.0	0.0	0.0	0.0	0.0	0.0	0.0	0.0	0.0	0.0	0.0	0.0	0.0	0.0	0.0	0.0	0.0	0.0	0.0	0.0	0.0	0.0	0.0	0.0	0.0	0.0	0.0	0.0	0.0	0.0	0.0	0.0	0.0	0.0	0.0	0.0	0.0	0.0	0.0	0.0	0.0	0.0	0.0	0.0	0.0	0.0	0.0	0.0	0.0	0.0	0.0	0.0	0.0	0.0	0.0	0.0	0.0	0.0	0.0	0.0	0.0	0.0	0.0	0.0	0.0	0.0	0.0	0.0	0.0	0.0	0.0	0.0	0.0	0.0	0.0	0.0	0.0	0.0	0.0	0.0	0.0	0.0	0.0	0.0
S2014m_E9-2-B-M	0.18694094114073143	-0.24212916099764115	-0.16151661335775203	-0.07596900167697371	-0.04470801699747764	-0.019457886611071208	0.11660371049331311	0.008651273205472081	0.11595322274834229	0.08399829519395202	-0.07278789055028423	-0.13307204108931794	-0.07432786300459458	0.06199607626883766	0.011503466766718068	-0.06758904321407558	-0.04553388157644681	0.0146531193138219	-0.06232113051526467	-0.04485157436035267	0.10504897671036428	0.09683948859400288	-0.04198629379848842	0.11553795705433208	-0.05887139462047681	-0.02649148668296629	0.08272036559834427	0.10754048045390119	0.018746384382459597	-0.08199945386601512	0.004499167956601944	-0.05200445763773749	-0.03243752560034627	0.00747223042655479	-0.001966146083709981	0.011444267935878402	-0.007216719502144417	-0.07694353504408592	0.006788076094583138	-0.042271328772167806	-0.02914442090386656	0.02014415290907901	-0.013833158736171787	-0.000991528713852924	-0.000523230134098182	0.004842449473155656	-0.018493292185800706	-0.021810995768458286	-0.015193708359833384	-0.01307781379331789	0.0020919885809411445	-0.02889303568013903	-0.016909078563497423	-0.026304220392344577	-0.014843861599647568	-0.007042223584198701	-0.018380224458955798	0.011685189285477944	-0.008051141955058294	0.0013360682606909106	0.01191271972015838	-0.006136910703978145	0.010550426819433011	-0.009081810625565005	0.004256832034175362	0.013258380259658267	0.004741548081629445	-0.008056779363819861	0.009835400338596636	0.0007483035004156732	-0.011192127702290146	0.0021047954890754555	0.00027686667709180034	0.002653699477875597	0.004333666799409499	-0.0006358173757660729	-0.004252514671486379	0.002527907350396653	-0.0017162932261785416	0.0	0.0	0.0	0.0	0.0	0.0	0.0	0.0	0.0	0.0	0.0	0.0	0.0	0.0	0.0	0.0	0.0	0.0	0.0	0.0	0.0	0.0	0.0	0.0	0.0	0.0	0.0	0.0	0.0	0.0	0.0	0.0	0.0	0.0	0.0	0.0	0.0	0.0	0.0	0.0	0.0	0.0	0.0	0.0	0.0	0.0	0.0	0.0	0.0	0.0	0.0	0.0	0.0	0.0	0.0	0.0	0.0	0.0	0.0	0.0	0.0	0.0	0.0	0.0	0.0	0.0	0.0	0.0	0.0	0.0	0.0	0.0	0.0	0.0	0.0	0.0	0.0	0.0	0.0	0.0	0.0	0.0	0.0	0.0	0.0	0.0	0.0	0.0	0.0	0.0	0.0	0.0	0.0	0.0	0.0	0.0	0.0	0.0	0.0	0.0	0.0	0.0	0.0	0.0	0.0	0.0	0.0	0.0	0.0	0.0	0.0	0.0	0.0	0.0	0.0	0.0	0.0	0.0	0.0	0.0	0.0	0.0	0.0	0.0	0.0	0.0	0.0	0.0	0.0	0.0	0.0	0.0	0.0	0.0	0.0	0.0	0.0	0.0	0.0	0.0
S2014m_E9-2-C-M	-0.13455265850581602	-0.23670495082043796	-0.08899339627900113	-0.03293790205909947	-0.2310483131907188	0.1693014160950974	-0.07219965728855189	-0.32584250323585723	0.02346446139262995	-0.2838937436913885	0.06690574636882342	-0.033669745792618166	-0.14103970601178237	-0.05061850725622129	0.1494690975401941	0.013233999266265162	0.020600702247912092	-0.061634049999309465	-0.023503398961059196	-0.010447811140740912	0.12179807005436305	-0.012164085839104007	-0.12893030823067425	-0.034919036362228595	-0.051343638727035505	0.0061191586479756995	-0.04455922698390577	0.023200012735812483	-0.0373842934540788	0.01875367012052092	0.07425227785608018	-0.011492391434098637	-0.0795115182474015	-0.007336001131685717	-0.03861427112037364	0.0719098966854816	-0.03108900724465287	0.016328222975761697	-0.03324250306525143	0.04050709325710912	0.03127642884332584	0.004774004187803763	0.019478263853245695	-0.017558752959546037	0.05032185511628024	0.0026591546563677544	-0.0269007070624708	-0.009561446106834168	-0.009652290276381417	-0.01089518577545046	-0.009433300593401807	0.005472294846477844	0.009347360880301286	0.01688990565807333	0.005302714362261914	-0.011644986966208077	-0.03169032340200879	0.014480532405096726	0.015998228791236788	-0.004105639696941496	0.01479362224511141	-0.00478492550666058	-0.0075820596450308034	0.005103397985824032	-0.005207476668370424	0.008786094042514377	0.010924471869889166	0.005585528495773315	0.009826840550684902	-0.0024726216340247745	-0.0020521738355459744	-0.004077871904775115	-0.0019595827249612482	-0.0006518287838208773	0.006006378075856196	-0.0019078645073938442	-0.002991899260145121	-0.0032200606049295004	0.0007111119483130562	0.0	0.0	0.0	0.0	0.0	0.0	0.0	0.0	0.0	0.0	0.0	0.0	0.0	0.0	0.0	0.0	0.0	0.0	0.0	0.0	0.0	0.0	0.0	0.0	0.0	0.0	0.0	0.0	0.0	0.0	0.0	0.0	0.0	0.0	0.0	0.0	0.0	0.0	0.0	0.0	0.0	0.0	0.0	0.0	0.0	0.0	0.0	0.0	0.0	0.0	0.0	0.0	0.0	0.0	0.0	0.0	0.0	0.0	0.0	0.0	0.0	0.0	0.0	0.0	0.0	0.0	0.0	0.0	0.0	0.0	0.0	0.0	0.0	0.0	0.0	0.0	0.0	0.0	0.0	0.0	0.0	0.0	0.0	0.0	0.0	0.0	0.0	0.0	0.0	0.0	0.0	0.0	0.0	0.0	0.0	0.0	0.0	0.0	0.0	0.0	0.0	0.0	0.0	0.0	0.0	0.0	0.0	0.0	0.0	0.0	0.0	0.0	0.0	0.0	0.0	0.0	0.0	0.0	0.0	0.0	0.0	0.0	0.0	0.0	0.0	0.0	0.0	0.0	0.0	0.0	0.0	0.0	0.0	0.0	0.0	0.0	0.0	0.0	0.0	0.0
S2014m_E9-3-A-M	0.08707986130599556	-0.3381104722159175	-0.22330872078478192	-0.2220026574753092	-0.2675102229749213	0.06294105535443027	0.07490239908660551	-0.005904598492715797	0.3662650861381755	0.1964482607528706	-0.031091500047990904	0.0021077904254973817	-0.040867756535849294	0.013220944424927886	0.04189923891961666	0.030244209456381996	-0.06664054625245763	-0.005077681623415104	-0.03367023178248209	0.0783812052530004	-0.0059263085980790055	-0.06294944921637614	0.055820981392034896	0.0365783294497758	0.009730444177116332	-0.024783404535340007	0.027610501220997365	-0.02990525919686484	0.024747197569356817	-0.06999968447200952	-0.0037925587825332232	0.025406709541022338	0.04869685158478788	-0.0413298990014369	0.0700955799277635	0.016806089847683368	-0.01992560737711488	0.009764508023226018	0.01905507543990477	0.04578967992036517	0.03815756156062055	-0.0447721909892777	0.009693934485089198	0.011158954227426363	0.010210816653432108	0.0265122565200684	-0.00894080773150322	0.008166750970824239	0.010364017657767807	0.0037312009569084336	-0.012242342359225562	-0.005559433843825447	0.02111204247784943	-0.02984182153523614	0.010801788387617316	-0.005031352138418009	-0.010954132992350162	-0.008428291530893977	0.0030344625747567135	0.029681821238510948	-0.005819085192131344	-0.00041149789909527185	-0.04031167898279475	0.012130512229037762	0.005337638071761603	-0.010566989226482058	-0.004176585118848048	-0.01192688926050354	-0.0031427906835578487	0.006075404013321532	0.009155430278493424	-0.014500948737365139	-0.0008268837696829933	-0.0015258634546858828	-0.013497498490411005	3.588437440423396e-05	-0.00022682112180001397	-0.001748412253855113	0.000453447501477961	0.0	0.0	0.0	0.0	0.0	0.0	0.0	0.0	0.0	0.0	0.0	0.0	0.0	0.0	0.0	0.0	0.0	0.0	0.0	0.0	0.0	0.0	0.0	0.0	0.0	0.0	0.0	0.0	0.0	0.0	0.0	0.0	0.0	0.0	0.0	0.0	0.0	0.0	0.0	0.0	0.0	0.0	0.0	0.0	0.0	0.0	0.0	0.0	0.0	0.0	0.0	0.0	0.0	0.0	0.0	0.0	0.0	0.0	0.0	0.0	0.0	0.0	0.0	0.0	0.0	0.0	0.0	0.0	0.0	0.0	0.0	0.0	0.0	0.0	0.0	0.0	0.0	0.0	0.0	0.0	0.0	0.0	0.0	0.0	0.0	0.0	0.0	0.0	0.0	0.0	0.0	0.0	0.0	0.0	0.0	0.0	0.0	0.0	0.0	0.0	0.0	0.0	0.0	0.0	0.0	0.0	0.0	0.0	0.0	0.0	0.0	0.0	0.0	0.0	0.0	0.0	0.0	0.0	0.0	0.0	0.0	0.0	0.0	0.0	0.0	0.0	0.0	0.0	0.0	0.0	0.0	0.0	0.0	0.0	0.0	0.0	0.0	0.0	0.0	0.0
S2014m_E9-3-B-M	0.06834958659306054	-0.2141476197799278	-0.26228354692466904	-0.00896423575446191	0.05208908224426031	0.4192089663162448	-0.2539976499790201	-0.05990663651193687	0.06839918484537287	0.332295769492423	-0.18344911271613606	0.08977189146235147	0.03873215553103203	-0.09041944128561089	0.003717923128542533	0.015683695587910933	-0.04757647183468667	-0.12068215018735538	-0.01968376397359672	-0.015769429839665287	-0.03139100494572646	-0.13205810264204132	0.09327476621472636	-0.07871707563805179	0.012410466250809726	0.007515930594020371	-0.025826300998499117	-0.011552352104182302	-0.05497864682589669	0.04584536049097518	-0.003768273558016487	-0.019298752353086916	0.02499615259774319	0.004268119092312854	-0.060820194126576674	-0.03960796873697606	0.005875723283229647	0.026589225893506693	0.010668074000463922	0.010399808100455207	0.01396107431898722	0.015070869461269839	0.016087619007302895	-0.004256959340420613	0.0005451790763579893	-0.0030263283073296014	-0.004455136073552432	0.0011035045500515889	-0.012386556711723007	-0.03454335413762836	0.02749218914560183	-0.020779898172860706	-0.019557884427547776	0.002241528285435279	-0.020031532371851426	0.010668164701873916	-0.016072466860330533	-0.012267233441151461	-0.0004042926316073949	-0.01962224704134386	-0.011111991032931093	-0.0016504138470583931	-0.003157384556252138	-0.014250437693909438	-0.0030436020377692637	-0.0030082393108548998	-0.003659963724178376	-0.0034146065967489915	2.9969410060354915e-06	-0.003808467690542573	-0.008070376113471648	0.008974360939558937	0.003962776052987474	-0.0012730091809611435	-0.0006842847025339892	0.000763696733859638	0.0020095512508045018	0.0024866381653084633	-0.0009085344099803158	0.0	0.0	0.0	0.0	0.0	0.0	0.0	0.0	0.0	0.0	0.0	0.0	0.0	0.0	0.0	0.0	0.0	0.0	0.0	0.0	0.0	0.0	0.0	0.0	0.0	0.0	0.0	0.0	0.0	0.0	0.0	0.0	0.0	0.0	0.0	0.0	0.0	0.0	0.0	0.0	0.0	0.0	0.0	0.0	0.0	0.0	0.0	0.0	0.0	0.0	0.0	0.0	0.0	0.0	0.0	0.0	0.0	0.0	0.0	0.0	0.0	0.0	0.0	0.0	0.0	0.0	0.0	0.0	0.0	0.0	0.0	0.0	0.0	0.0	0.0	0.0	0.0	0.0	0.0	0.0	0.0	0.0	0.0	0.0	0.0	0.0	0.0	0.0	0.0	0.0	0.0	0.0	0.0	0.0	0.0	0.0	0.0	0.0	0.0	0.0	0.0	0.0	0.0	0.0	0.0	0.0	0.0	0.0	0.0	0.0	0.0	0.0	0.0	0.0	0.0	0.0	0.0	0.0	0.0	0.0	0.0	0.0	0.0	0.0	0.0	0.0	0.0	0.0	0.0	0.0	0.0	0.0	0.0	0.0	0.0	0.0	0.0	0.0	0.0	0.0
S2014m_E9-3-C-M	0.18412927476690727	-0.12221293381113549	-0.16199574903637404	0.07379106356117139	-0.16430284953431218	0.44495008564003635	-0.035332473950736784	-0.027216472862607585	0.03893362090497592	0.38782532250760904	-0.11631726786580732	0.058438052001181295	-0.06860696920927319	-0.004477448564728639	-0.06597780918490637	-0.08463157531276222	-0.010981899492442234	-0.02044610499222697	0.0449058728122906	0.04347009762246548	0.003972600303078	0.12425896037500672	0.03199848589559654	-0.06327235502081457	-0.000597408916557382	0.009381183450974433	0.08783715228490467	-0.06648675659803621	0.03409414892782106	0.013461750113283167	-0.010237841649625837	0.02494899745037841	0.006687772607663526	-3.91420042809744e-05	-0.10143389097058195	-0.003341124407378278	0.0029365259570198294	0.01255641901035291	0.004620941547430782	0.013923729559620242	-0.05587479690606333	-0.013115769627913262	0.026622017909066903	-0.03946869241451756	0.01816350828997352	0.013111884339174486	0.0037214235860811196	0.016614554128701903	-0.021324915452010804	0.014878995385698332	-0.005745712595099715	0.0008992648510339899	-0.01543309028136853	-0.029723320794838443	-0.02465983108309068	0.009871686673561638	-0.006370250017064043	0.005667165976250663	0.0026786762690599814	0.011742111292137826	0.015411009019511038	-0.004647135628775068	0.00233080895787834	0.0013591702116644132	-0.003995358699169836	-0.0035674796666133545	0.0024166874321008987	-0.007745555298900714	-0.001947577688703882	-0.011441829295008815	-0.0033066300852300457	-0.002723683195403054	0.004128929993262077	0.006189711089460344	-0.006080533590365087	-0.0003092904052477649	-0.006984207242654963	-0.000589636139668324	-0.0010514556627312258	0.0	0.0	0.0	0.0	0.0	0.0	0.0	0.0	0.0	0.0	0.0	0.0	0.0	0.0	0.0	0.0	0.0	0.0	0.0	0.0	0.0	0.0	0.0	0.0	0.0	0.0	0.0	0.0	0.0	0.0	0.0	0.0	0.0	0.0	0.0	0.0	0.0	0.0	0.0	0.0	0.0	0.0	0.0	0.0	0.0	0.0	0.0	0.0	0.0	0.0	0.0	0.0	0.0	0.0	0.0	0.0	0.0	0.0	0.0	0.0	0.0	0.0	0.0	0.0	0.0	0.0	0.0	0.0	0.0	0.0	0.0	0.0	0.0	0.0	0.0	0.0	0.0	0.0	0.0	0.0	0.0	0.0	0.0	0.0	0.0	0.0	0.0	0.0	0.0	0.0	0.0	0.0	0.0	0.0	0.0	0.0	0.0	0.0	0.0	0.0	0.0	0.0	0.0	0.0	0.0	0.0	0.0	0.0	0.0	0.0	0.0	0.0	0.0	0.0	0.0	0.0	0.0	0.0	0.0	0.0	0.0	0.0	0.0	0.0	0.0	0.0	0.0	0.0	0.0	0.0	0.0	0.0	0.0	0.0	0.0	0.0	0.0	0.0	0.0	0.0
S2014m_E9-A-1-F	-0.15343563367492813	-0.21658099994028404	-0.09530272160894408	0.21459452717799188	0.17265339674939953	-0.04514373471651799	0.10158847636285442	0.032249783867771935	-0.03961994230988159	0.014270257955172286	0.0789197529371827	-0.009407129350044821	0.006238226765362067	-0.08704507340891204	-0.24469270875006902	-0.1378868435131858	-0.0722141286229905	-0.09144083295610146	0.020031903933534392	0.0035399504699213766	0.08392040606042403	-0.08310655239191474	-0.06274206165209589	0.01698930335003661	0.029958959391917485	-0.0009223380179477936	-0.06235373714696594	-0.05141345568832847	-0.0016565451442331733	0.022368405208143125	-0.024189587909762816	-0.018513570217523926	0.003138904844931274	-0.028808069507150237	-0.03234003630870199	-0.018961074170349968	-0.011976055750612877	0.020173294166021982	-0.01850212748031734	-0.034149788314335426	-0.03266718927105966	-0.04314492495983264	-0.0181255031278711	-0.015406414809193546	-0.015753392425088854	-0.017214322385127257	0.0012389457282365821	-0.014230991259121655	-0.01009422333590705	0.0026429090296908255	0.018172083557743433	-0.00031578798101734054	0.004708965146633438	-0.011594770158643236	0.012244296757123331	-0.00022933456607350457	-0.013736252115730352	-0.002900940978662992	-0.006711030104469044	0.0033935834065580706	0.012391135071038107	-0.005229558124330069	-0.01290688861861845	0.004542908480087153	0.013767402437513997	0.00949317729864644	0.00914960006198247	-0.008187851891508427	-0.013548096823756106	-0.009582393426198295	0.007443093148004299	0.0008579811694356063	0.0013390586459237437	0.006266946672659665	0.0021698465148612665	0.0032591336706874626	0.0015824773670032129	-0.0016510309516322838	-0.0019481612415533321	0.0	0.0	0.0	0.0	0.0	0.0	0.0	0.0	0.0	0.0	0.0	0.0	0.0	0.0	0.0	0.0	0.0	0.0	0.0	0.0	0.0	0.0	0.0	0.0	0.0	0.0	0.0	0.0	0.0	0.0	0.0	0.0	0.0	0.0	0.0	0.0	0.0	0.0	0.0	0.0	0.0	0.0	0.0	0.0	0.0	0.0	0.0	0.0	0.0	0.0	0.0	0.0	0.0	0.0	0.0	0.0	0.0	0.0	0.0	0.0	0.0	0.0	0.0	0.0	0.0	0.0	0.0	0.0	0.0	0.0	0.0	0.0	0.0	0.0	0.0	0.0	0.0	0.0	0.0	0.0	0.0	0.0	0.0	0.0	0.0	0.0	0.0	0.0	0.0	0.0	0.0	0.0	0.0	0.0	0.0	0.0	0.0	0.0	0.0	0.0	0.0	0.0	0.0	0.0	0.0	0.0	0.0	0.0	0.0	0.0	0.0	0.0	0.0	0.0	0.0	0.0	0.0	0.0	0.0	0.0	0.0	0.0	0.0	0.0	0.0	0.0	0.0	0.0	0.0	0.0	0.0	0.0	0.0	0.0	0.0	0.0	0.0	0.0	0.0	0.0
S2017t1_E11-T1a-Female	0.3900280442935502	0.18731270988472137	-0.192327451525656	0.20426871991213513	-0.021539899901400865	-0.05269792187864343	-0.01660341014424088	-0.02425812657147861	-0.028719459774903186	0.004549246633905242	0.02804830990762111	-0.0998608229757192	-0.0244108384501456	-0.06419723721115733	-0.03795264049309269	0.08945941438943857	0.007299623918604692	0.006013017913011652	0.006457325663412555	-0.007003141558208856	-0.0649265074067302	-0.0410542640551128	-0.0865285752256687	0.0025042077695009643	0.07051900001754863	-0.008263966070840194	0.0708857855359167	0.004980824592724916	-0.019381707640100932	0.040599546141544096	0.008722239847832866	-0.03813726886164178	0.021443526271601007	0.014713581548876125	-0.05752725504616076	-0.024445565355008712	-0.004997944835567902	-0.08946621976156538	0.022929373270752198	-0.011063538183168456	0.005261259638919635	0.01646278960418148	0.003958302646160494	0.01792583333809243	0.020466303322653773	0.03702628440655224	-0.05891878381892353	-0.035111045255688395	0.019565907295305072	-0.023534094010142836	-0.014004899187947232	-0.03451751773083514	-0.052152942998010966	-0.028142077170749253	0.01590820673750607	-0.013298324117019299	0.03584946585575082	-0.001839596045005031	0.034652454748625584	-0.015485368856142425	0.013963222921426533	0.0033721506351238697	-0.004905052948156156	0.004816303782300595	0.032812180306219074	-0.0017886938503541348	0.007827154098159317	0.008778117031713958	-0.009751093978652174	-0.0006118523222426273	-0.02024087705626228	0.009479972095392298	0.004782583207564341	-0.0002544966095231807	-0.0005985744540216069	0.003508192362644756	0.005746355135813759	0.0007187781262112382	0.0009996010182797528	0.0	0.0	0.0	0.0	0.0	0.0	0.0	0.0	0.0	0.0	0.0	0.0	0.0	0.0	0.0	0.0	0.0	0.0	0.0	0.0	0.0	0.0	0.0	0.0	0.0	0.0	0.0	0.0	0.0	0.0	0.0	0.0	0.0	0.0	0.0	0.0	0.0	0.0	0.0	0.0	0.0	0.0	0.0	0.0	0.0	0.0	0.0	0.0	0.0	0.0	0.0	0.0	0.0	0.0	0.0	0.0	0.0	0.0	0.0	0.0	0.0	0.0	0.0	0.0	0.0	0.0	0.0	0.0	0.0	0.0	0.0	0.0	0.0	0.0	0.0	0.0	0.0	0.0	0.0	0.0	0.0	0.0	0.0	0.0	0.0	0.0	0.0	0.0	0.0	0.0	0.0	0.0	0.0	0.0	0.0	0.0	0.0	0.0	0.0	0.0	0.0	0.0	0.0	0.0	0.0	0.0	0.0	0.0	0.0	0.0	0.0	0.0	0.0	0.0	0.0	0.0	0.0	0.0	0.0	0.0	0.0	0.0	0.0	0.0	0.0	0.0	0.0	0.0	0.0	0.0	0.0	0.0	0.0	0.0	0.0	0.0	0.0	0.0	0.0	0.0
S2017t1_E11-T1a-Male	0.30067726558748964	0.24371865566548168	-0.3303374764571132	0.19626782185346478	0.056405794484167486	-0.07471623367314432	-0.10272312757800517	-0.06786207389059913	-0.00996686588744467	0.056645318522913476	0.03099225789938353	0.03809908455436227	0.07198328016875767	-0.037733332884818754	-0.009956737151997882	0.08145501042482972	0.00313636019627393	0.0006377910649120775	0.021841470163598345	0.0692463576835345	0.03963179375562223	-0.026756289377133192	0.023450169590045016	0.06184571062950063	-0.09157937346252192	0.0603089608236378	-0.024677643207454417	-0.02688203936047177	0.06531565323174435	-0.01264694121538827	-0.03198065420104572	0.04776938260438358	-0.019290831048026865	-0.011193939099387826	0.025697485208163746	-0.036349616977697584	-0.025279187065491288	0.05082496028249037	-0.01715775087956626	-0.0018628020340059172	-0.002596071184637003	-0.006894908108149647	-0.020598277534719465	-0.007964926295557596	0.0016455437056843586	-0.0016881551186404846	0.03131111626542358	-0.017223894419668262	-0.004416133940809669	-0.00621055975194166	-0.018634622977059184	0.017738312109649948	-0.029270164880471912	-0.017173969075176886	-0.01732735827273189	-0.0030662039813403605	0.01040880423729353	-0.009804828444728766	0.03362669823291578	-0.018400283010884887	-0.01458421918130785	0.019794740927926675	-0.00012206858218669962	-0.0027575752378408906	0.015092339894147721	0.001327928088737464	0.012039995007323424	0.006427036069370584	-0.008426911540845176	-0.01977508307659356	-0.002216313629384634	-0.007480724666505389	-0.003215624911241293	-0.009953493264682369	0.0056420739723063605	-0.0017026116945527768	0.0067961387599387345	-0.003054332693580447	-0.003977963303209578	0.0	0.0	0.0	0.0	0.0	0.0	0.0	0.0	0.0	0.0	0.0	0.0	0.0	0.0	0.0	0.0	0.0	0.0	0.0	0.0	0.0	0.0	0.0	0.0	0.0	0.0	0.0	0.0	0.0	0.0	0.0	0.0	0.0	0.0	0.0	0.0	0.0	0.0	0.0	0.0	0.0	0.0	0.0	0.0	0.0	0.0	0.0	0.0	0.0	0.0	0.0	0.0	0.0	0.0	0.0	0.0	0.0	0.0	0.0	0.0	0.0	0.0	0.0	0.0	0.0	0.0	0.0	0.0	0.0	0.0	0.0	0.0	0.0	0.0	0.0	0.0	0.0	0.0	0.0	0.0	0.0	0.0	0.0	0.0	0.0	0.0	0.0	0.0	0.0	0.0	0.0	0.0	0.0	0.0	0.0	0.0	0.0	0.0	0.0	0.0	0.0	0.0	0.0	0.0	0.0	0.0	0.0	0.0	0.0	0.0	0.0	0.0	0.0	0.0	0.0	0.0	0.0	0.0	0.0	0.0	0.0	0.0	0.0	0.0	0.0	0.0	0.0	0.0	0.0	0.0	0.0	0.0	0.0	0.0	0.0	0.0	0.0	0.0	0.0	0.0
S2017t1_E11-T1b-Female	0.156166740407656	0.3371218299589556	-0.2576032467676842	0.007665341850839659	-0.044848271881189394	0.01961263288540731	0.1575219485306589	-0.04650358025638522	0.08025522096683009	-0.010450813998146008	0.01629889277289589	-0.003264741227534656	0.07278426362668607	0.04070763638056104	-0.02075711298968109	-0.011857751715970501	0.08728764633701153	0.056084272813167024	-0.004537517300225006	-0.05817940737390465	-0.004223187321226303	0.031528660662242136	-0.02280778378387946	-0.053955073830694304	0.08893562284031395	-0.023727527795974066	-0.03934910916012148	0.012533229433789761	-0.045036863303258394	-0.07537517271441105	0.01958699558412123	0.05576557615673835	-0.015985409549048268	-0.04404106778275673	-0.029115794258439465	0.004539678810149229	0.00768228357539781	0.02636848687793262	-0.04285454450997221	-0.06461301017769175	0.03428813853120624	-0.003185337776139524	0.008944578182402983	-0.03500121227633345	-0.032175600837962386	-0.01160042262658298	0.010347638224791239	0.035120808943588	0.0035012949488643346	-0.015141485855175944	0.02690502886248852	0.03153769554261989	-0.043491008314143154	0.0024577855797418527	0.01721083879100282	-0.01997484072764766	-0.037560647840313474	-0.010749679405139854	0.015087865307340879	0.03481883134439536	-0.026842799303828536	-0.011633214981025639	0.01451979833484373	0.0036200098693434496	0.00918967181993746	0.013583826205267279	-0.017535725689588208	-0.013139578089241507	-0.0017863282805062098	-0.001928366898878348	-0.0023906309406986517	-0.010339040571241045	-0.009932175456710187	0.001969510984949164	0.007988682635328169	-0.0013948619891571976	0.0014594464583941162	0.0010031472149542998	0.0011217806259748813	0.0	0.0	0.0	0.0	0.0	0.0	0.0	0.0	0.0	0.0	0.0	0.0	0.0	0.0	0.0	0.0	0.0	0.0	0.0	0.0	0.0	0.0	0.0	0.0	0.0	0.0	0.0	0.0	0.0	0.0	0.0	0.0	0.0	0.0	0.0	0.0	0.0	0.0	0.0	0.0	0.0	0.0	0.0	0.0	0.0	0.0	0.0	0.0	0.0	0.0	0.0	0.0	0.0	0.0	0.0	0.0	0.0	0.0	0.0	0.0	0.0	0.0	0.0	0.0	0.0	0.0	0.0	0.0	0.0	0.0	0.0	0.0	0.0	0.0	0.0	0.0	0.0	0.0	0.0	0.0	0.0	0.0	0.0	0.0	0.0	0.0	0.0	0.0	0.0	0.0	0.0	0.0	0.0	0.0	0.0	0.0	0.0	0.0	0.0	0.0	0.0	0.0	0.0	0.0	0.0	0.0	0.0	0.0	0.0	0.0	0.0	0.0	0.0	0.0	0.0	0.0	0.0	0.0	0.0	0.0	0.0	0.0	0.0	0.0	0.0	0.0	0.0	0.0	0.0	0.0	0.0	0.0	0.0	0.0	0.0	0.0	0.0	0.0	0.0	0.0
S2017t1_E11-T1b-Male	0.25328876659703814	0.26483796058270676	-0.24618443822135783	0.09088615177688344	0.13660766168994418	-0.09546720429679867	-0.15321219973585606	-0.031221310650028394	-0.06802816528233446	0.002362297416365043	-0.006812939873195022	0.08758295870438172	0.12254260079562293	0.0620212663313318	0.09631179513337862	-0.03866849300489032	-0.014669801104667372	-0.04194766304351441	0.07537805124132692	-0.027960867899086448	0.04900977567561611	-0.04948664605859015	-0.01876255869780737	-0.051930101683241	0.008234313089866769	-0.09075964864148633	0.011124621034440545	-0.06783603963558596	0.01597902899601599	-0.02134636983976791	-0.012203841124585025	-0.03591947058419534	0.015124802605764816	0.013793246392188919	0.0012582983644894622	-0.0053852485514442935	0.04205454107926275	-0.08193357330802939	0.01309553620137977	-0.052867135167780015	0.021202658317479705	-0.014699205468397309	0.020132663506420703	-0.01759473191435407	0.01421579200719535	0.028266225544152406	-0.02398459329486131	0.0064503840005040655	-0.0054655743745567476	-0.027524830632887246	-0.0160575792965646	0.011077686561842959	-0.003396185604951778	-0.006206070459734872	0.01602518352672047	-0.009648111320128834	0.01405557419829225	-0.023406192702668235	0.0012898258145834446	0.01099923249554509	0.006783149299348778	0.001157503791921249	0.00929573282826411	-0.01800211823050634	0.013498903788596474	0.009975826058840292	-0.022696444120280417	-0.011974938977895184	-0.001743400474386225	0.009725362064556025	0.01821269158751966	0.0008093336783902311	-0.0008687961990611789	-0.007681451322004751	0.004160730265827841	-0.0014468895174856618	-0.008596580344364384	0.002512872091779759	0.0005165162023922021	0.0	0.0	0.0	0.0	0.0	0.0	0.0	0.0	0.0	0.0	0.0	0.0	0.0	0.0	0.0	0.0	0.0	0.0	0.0	0.0	0.0	0.0	0.0	0.0	0.0	0.0	0.0	0.0	0.0	0.0	0.0	0.0	0.0	0.0	0.0	0.0	0.0	0.0	0.0	0.0	0.0	0.0	0.0	0.0	0.0	0.0	0.0	0.0	0.0	0.0	0.0	0.0	0.0	0.0	0.0	0.0	0.0	0.0	0.0	0.0	0.0	0.0	0.0	0.0	0.0	0.0	0.0	0.0	0.0	0.0	0.0	0.0	0.0	0.0	0.0	0.0	0.0	0.0	0.0	0.0	0.0	0.0	0.0	0.0	0.0	0.0	0.0	0.0	0.0	0.0	0.0	0.0	0.0	0.0	0.0	0.0	0.0	0.0	0.0	0.0	0.0	0.0	0.0	0.0	0.0	0.0	0.0	0.0	0.0	0.0	0.0	0.0	0.0	0.0	0.0	0.0	0.0	0.0	0.0	0.0	0.0	0.0	0.0	0.0	0.0	0.0	0.0	0.0	0.0	0.0	0.0	0.0	0.0	0.0	0.0	0.0	0.0	0.0	0.0	0.0
S2017t1_E13-T1a-Female	0.31068782659601435	0.20071014939686457	-0.11734870642570558	0.07215620986685745	-0.0702284017908646	0.056822096306263344	0.21769364337856775	-0.026313283868681807	0.13761030831327997	-0.18157585467396486	-0.0454290589353738	0.02592625955302327	-0.005814693626052094	0.11957200556970482	0.026906713616338965	-0.07317070372510859	-0.02739892180041438	0.0008209376033009206	-0.08069909708912196	-0.020360045761682637	-0.08724207739345739	-0.0063596296032918265	0.02414787102864447	-0.051035787217524095	-0.05030184721470962	0.03990108650448501	-0.004293448130712628	-0.12606189260933173	-0.031325736504726	0.031501113160090695	0.0260509320070308	-0.04412800050712129	0.04080532574626358	-0.02248926716112546	0.01214601232200567	-0.02692149583462049	0.07888214308539353	-0.04631314988095327	0.0361490631110611	-0.021575654629761073	-0.010909809282005458	0.02955033781425126	-0.008202177330413531	0.01284534022523097	0.032071401465944095	-0.01975888371264984	-0.028054151327261103	-0.014756428594034997	0.035723882261118486	-0.008004338167124158	-0.004043941234092895	-0.008755737668933741	0.007501512392334971	-0.010233021678625864	0.03686408362111258	-0.02122256506436121	-0.017298765272100565	0.0037372530966343427	0.010232844016410182	-0.000961394076447647	-0.0030885478293304945	0.01032445908440643	0.0013853242036292919	-0.0003678080833878882	0.0039271719807767265	0.024302126500522353	0.01605741793164209	0.008089975679461996	-0.0002586446709632744	0.003918950490567713	0.0027512943449562394	0.001907716636785562	-0.00012883832609018365	-0.0049615080980007446	-0.00677815286745921	-0.0013196385602171209	-0.0011669124016531396	-0.0015743663047470197	0.0007567537149592556	0.0	0.0	0.0	0.0	0.0	0.0	0.0	0.0	0.0	0.0	0.0	0.0	0.0	0.0	0.0	0.0	0.0	0.0	0.0	0.0	0.0	0.0	0.0	0.0	0.0	0.0	0.0	0.0	0.0	0.0	0.0	0.0	0.0	0.0	0.0	0.0	0.0	0.0	0.0	0.0	0.0	0.0	0.0	0.0	0.0	0.0	0.0	0.0	0.0	0.0	0.0	0.0	0.0	0.0	0.0	0.0	0.0	0.0	0.0	0.0	0.0	0.0	0.0	0.0	0.0	0.0	0.0	0.0	0.0	0.0	0.0	0.0	0.0	0.0	0.0	0.0	0.0	0.0	0.0	0.0	0.0	0.0	0.0	0.0	0.0	0.0	0.0	0.0	0.0	0.0	0.0	0.0	0.0	0.0	0.0	0.0	0.0	0.0	0.0	0.0	0.0	0.0	0.0	0.0	0.0	0.0	0.0	0.0	0.0	0.0	0.0	0.0	0.0	0.0	0.0	0.0	0.0	0.0	0.0	0.0	0.0	0.0	0.0	0.0	0.0	0.0	0.0	0.0	0.0	0.0	0.0	0.0	0.0	0.0	0.0	0.0	0.0	0.0	0.0	0.0
S2017t1_E13-T1a-Male	0.08202378817992835	0.04320770558764703	-0.04365825999055545	-0.06756174110586587	0.12244038502530842	0.08992620034395028	0.12562554030925419	-0.13460277703368928	0.06902896722383275	-0.22208966643571748	-0.18509473901663773	-0.012968957952162172	-0.024280014767144347	0.055369226233310365	-0.043182247747949806	0.008866255665137296	-0.0262078559074984	0.03443069062095845	-0.034088077585737966	0.008946385860030527	-0.03237017696844421	0.04605177358699618	-0.023157201128782258	0.022839082408041333	0.0019369929109992175	-0.03723177066678925	-0.014842923688876122	0.017776250937909542	0.034663894971217045	-0.010950779494943358	-0.13997426971057	0.0379065351486913	-0.004627467437947636	-0.024324501530808694	0.011265142639136624	-0.03679461993886795	0.015212201809217878	-0.015244588498124104	0.009408038051976078	0.00896469998971366	0.03554647135140418	0.0011753736315066178	0.016224139190326173	-0.026356655951164806	-0.04343091353308163	0.03078571784699352	0.0020749883735879443	-0.0020975853327848373	0.00215191409825874	0.0013589084968962262	-0.01779085059027833	-0.004933433892718178	-0.007504339446463975	0.0022934164711467305	-0.015031652434839475	0.011018689355592172	0.018944709901907227	-0.003912439699591511	0.003756737611021552	0.0086151448102736	-0.011600027599440321	0.02343630305081979	-0.019673135038299296	0.0031013000856436926	0.008631633148989813	-0.012590516860521463	0.01256343479937636	-0.002239048065009614	0.004078561532094969	0.012753384257272937	-0.019401710085028726	-0.0019005438455529742	0.0033099876149174125	-0.005312547163245627	0.006629954006925556	-0.002614770740532871	-0.0033034572060108218	0.001805958683006821	-0.002334482300333231	0.0	0.0	0.0	0.0	0.0	0.0	0.0	0.0	0.0	0.0	0.0	0.0	0.0	0.0	0.0	0.0	0.0	0.0	0.0	0.0	0.0	0.0	0.0	0.0	0.0	0.0	0.0	0.0	0.0	0.0	0.0	0.0	0.0	0.0	0.0	0.0	0.0	0.0	0.0	0.0	0.0	0.0	0.0	0.0	0.0	0.0	0.0	0.0	0.0	0.0	0.0	0.0	0.0	0.0	0.0	0.0	0.0	0.0	0.0	0.0	0.0	0.0	0.0	0.0	0.0	0.0	0.0	0.0	0.0	0.0	0.0	0.0	0.0	0.0	0.0	0.0	0.0	0.0	0.0	0.0	0.0	0.0	0.0	0.0	0.0	0.0	0.0	0.0	0.0	0.0	0.0	0.0	0.0	0.0	0.0	0.0	0.0	0.0	0.0	0.0	0.0	0.0	0.0	0.0	0.0	0.0	0.0	0.0	0.0	0.0	0.0	0.0	0.0	0.0	0.0	0.0	0.0	0.0	0.0	0.0	0.0	0.0	0.0	0.0	0.0	0.0	0.0	0.0	0.0	0.0	0.0	0.0	0.0	0.0	0.0	0.0	0.0	0.0	0.0	0.0
S2017t1_E13-T1b-Female	0.22599389446603982	0.11333140054896752	0.22357864828129118	-0.019464893681877562	0.12775004127614753	0.021874887125343297	0.1738277399405114	-0.07829009270140162	0.1402191346542798	0.03631043369580497	-0.05047825499034084	0.01061389327455695	0.04313946582423905	0.130233801720085	3.5688665226247386e-05	0.0032839413074058047	0.07596413525484931	0.02153989116024852	-0.020256413887932284	-0.010904981721489656	0.0046426114621171246	0.019083033501263953	0.04854513109349572	0.003511061353154426	-0.03229062499318215	-0.012358856878302583	-0.04079139051123415	-0.043641089311472585	-0.024714515579639537	0.006267951873162846	0.029131118571833772	0.029600420623143667	0.011337078668445766	0.033066365460690035	-0.004955595831937834	-0.0053837951152162205	-0.056968206219634325	0.014495490428342509	-0.0019778868195677213	0.03098257410400945	0.006850328448400172	-0.006473418869927582	0.014901061222281112	-0.007105743544247622	-0.018324640420436845	0.03146225284476801	0.025614207686200197	-0.008209096874108066	-0.00702149343825775	0.008360057315370852	-0.03458329377344452	-0.03397048333663219	-0.01697538002013607	-0.0018269451793348497	-0.03352920739658835	-0.012603400319337266	0.004566762937561248	0.017742850380100296	0.003441108173621626	-0.010272538146556574	-0.033521141782832636	0.005535983174580466	0.0008060333519935079	-0.011616537035260804	0.004052101786706827	0.02016356744560198	0.0034779066991852277	-0.00455268911138867	0.01065450988450414	-7.093693839740512e-05	-0.0034970430958729155	-0.009783603273294538	-0.00513350167458196	-0.010323242158847832	0.006269532416538009	-0.007327835049922919	-0.0021038302945493264	-0.0006311199782185962	2.281754935331534e-05	0.0	0.0	0.0	0.0	0.0	0.0	0.0	0.0	0.0	0.0	0.0	0.0	0.0	0.0	0.0	0.0	0.0	0.0	0.0	0.0	0.0	0.0	0.0	0.0	0.0	0.0	0.0	0.0	0.0	0.0	0.0	0.0	0.0	0.0	0.0	0.0	0.0	0.0	0.0	0.0	0.0	0.0	0.0	0.0	0.0	0.0	0.0	0.0	0.0	0.0	0.0	0.0	0.0	0.0	0.0	0.0	0.0	0.0	0.0	0.0	0.0	0.0	0.0	0.0	0.0	0.0	0.0	0.0	0.0	0.0	0.0	0.0	0.0	0.0	0.0	0.0	0.0	0.0	0.0	0.0	0.0	0.0	0.0	0.0	0.0	0.0	0.0	0.0	0.0	0.0	0.0	0.0	0.0	0.0	0.0	0.0	0.0	0.0	0.0	0.0	0.0	0.0	0.0	0.0	0.0	0.0	0.0	0.0	0.0	0.0	0.0	0.0	0.0	0.0	0.0	0.0	0.0	0.0	0.0	0.0	0.0	0.0	0.0	0.0	0.0	0.0	0.0	0.0	0.0	0.0	0.0	0.0	0.0	0.0	0.0	0.0	0.0	0.0	0.0	0.0
S2017t1_E13-T1b-Male	0.1407543248774448	0.0942447175145306	0.040290101282231525	-0.08406157579562694	0.11858249122175206	0.08690500684160248	0.09049183629471523	-0.16536763521708575	0.06472415046191908	-0.1966267890271352	-0.19767688754354815	0.05569361802892449	0.05025777557015798	0.014986412399936394	-0.06316089237337272	-0.003925532929872445	0.05206950698601741	0.057800245073154705	-0.027363435695033883	0.022404335835577553	0.033317568005116115	0.07697291880098268	0.008879287502065443	-0.03463922557988697	0.014661409155146864	-0.009034806609314877	-0.026901814872004055	0.03309057211547547	-0.01942849608965908	0.042236408197266324	-0.08119491266807514	0.012895456606522977	0.019640237312103365	0.06162350228958908	0.013956297005691532	0.011978366251233268	0.009295340747938386	0.022499609962166277	0.014005361762423762	0.015431820919119564	-0.03890046327378038	0.0012874937404277812	0.03696615038215357	0.029774893398458385	0.03706791731154599	0.0009108813008815048	-0.01260206295675206	-0.0033681761115523347	0.018970539830690986	0.01762773315426529	-0.02098127193810349	0.021147758133587144	0.02157028715895271	-0.03662256011708502	-0.00218564755677605	0.021658828803836433	0.005302495889351311	0.0009586261852102073	-0.014839626625813031	0.012911694353644403	0.01830653040028512	0.017480259945528882	0.004430173128399351	-0.0038115465383979316	-0.014760641686156399	0.008027846464749534	-0.01133975239399157	-0.004674805194047455	-0.00619509667245518	-0.005057020844814667	-0.003382520257615023	0.003614242282000941	0.00790461125421466	0.004102699154595501	0.0010609126110164896	0.0036391443114701426	0.0068841851780033015	-0.001545279809529016	0.00026647739759818906	0.0	0.0	0.0	0.0	0.0	0.0	0.0	0.0	0.0	0.0	0.0	0.0	0.0	0.0	0.0	0.0	0.0	0.0	0.0	0.0	0.0	0.0	0.0	0.0	0.0	0.0	0.0	0.0	0.0	0.0	0.0	0.0	0.0	0.0	0.0	0.0	0.0	0.0	0.0	0.0	0.0	0.0	0.0	0.0	0.0	0.0	0.0	0.0	0.0	0.0	0.0	0.0	0.0	0.0	0.0	0.0	0.0	0.0	0.0	0.0	0.0	0.0	0.0	0.0	0.0	0.0	0.0	0.0	0.0	0.0	0.0	0.0	0.0	0.0	0.0	0.0	0.0	0.0	0.0	0.0	0.0	0.0	0.0	0.0	0.0	0.0	0.0	0.0	0.0	0.0	0.0	0.0	0.0	0.0	0.0	0.0	0.0	0.0	0.0	0.0	0.0	0.0	0.0	0.0	0.0	0.0	0.0	0.0	0.0	0.0	0.0	0.0	0.0	0.0	0.0	0.0	0.0	0.0	0.0	0.0	0.0	0.0	0.0	0.0	0.0	0.0	0.0	0.0	0.0	0.0	0.0	0.0	0.0	0.0	0.0	0.0	0.0	0.0	0.0	0.0
S2017t1_E14-T1a-Female	0.3198556536449785	0.18499500360083615	-0.27801515596710275	0.12431959010894818	0.08885082475332853	-0.0629993203812177	0.05101051178800975	-0.018941789141438375	0.03914601421044857	0.011466917782774182	0.015910423557698648	-0.03599438976238783	0.06067374113612278	-0.021717355305221113	-0.00043304826261003463	0.036339272865931485	0.01595981882407565	-0.00031993893012837745	0.003100346029767022	0.01511751966078508	0.01606596990805762	-0.08571067981357247	-0.05333446369370072	-0.0750815834897811	0.0171568883048874	-0.02480735022162192	0.008537158421715466	-0.05095850496050258	0.047167636586319686	0.04143102321704432	-0.04516125262097342	-0.02816622504295999	-0.020330041031602703	-0.012776310305152552	-0.05133310368233178	-0.0682630445032849	0.0033955277334081248	-0.010272267499990023	-0.006611210682147567	0.0075464404836418	-0.03775414117534711	-0.02356173139367946	-0.02769659882927713	0.019767650178782032	-0.022492280371154322	0.012751750483634241	0.0071349581817498915	0.038783407689689846	0.01347706061447796	0.030336639267593054	0.010385851002273199	-0.023706815640203653	-0.020900923453113895	-0.003027669247820354	-0.024214148275011872	0.0020016327834965603	-0.0015654369658993758	0.01502876969709616	-0.04112708347969403	0.00485128048900288	0.015037103660832407	-0.019318121269619244	0.024564410133125228	-0.010278682302580064	-0.01810081862325556	0.02508525873173522	0.0006805424895572426	0.0044880526858473505	0.02220909954849608	0.003837079764442013	-0.00035111363296642354	0.006991092715833637	-0.004869410747659497	0.0003634715941153759	-0.022707617184092397	-0.001351976389795984	0.0012209447493625573	-0.0005099407352493727	0.004548182816744041	0.0	0.0	0.0	0.0	0.0	0.0	0.0	0.0	0.0	0.0	0.0	0.0	0.0	0.0	0.0	0.0	0.0	0.0	0.0	0.0	0.0	0.0	0.0	0.0	0.0	0.0	0.0	0.0	0.0	0.0	0.0	0.0	0.0	0.0	0.0	0.0	0.0	0.0	0.0	0.0	0.0	0.0	0.0	0.0	0.0	0.0	0.0	0.0	0.0	0.0	0.0	0.0	0.0	0.0	0.0	0.0	0.0	0.0	0.0	0.0	0.0	0.0	0.0	0.0	0.0	0.0	0.0	0.0	0.0	0.0	0.0	0.0	0.0	0.0	0.0	0.0	0.0	0.0	0.0	0.0	0.0	0.0	0.0	0.0	0.0	0.0	0.0	0.0	0.0	0.0	0.0	0.0	0.0	0.0	0.0	0.0	0.0	0.0	0.0	0.0	0.0	0.0	0.0	0.0	0.0	0.0	0.0	0.0	0.0	0.0	0.0	0.0	0.0	0.0	0.0	0.0	0.0	0.0	0.0	0.0	0.0	0.0	0.0	0.0	0.0	0.0	0.0	0.0	0.0	0.0	0.0	0.0	0.0	0.0	0.0	0.0	0.0	0.0	0.0	0.0
S2017t1_E14-T1a-Male	0.32641145695954266	0.15322554305850428	-0.22210592793435657	0.11256342862257068	-0.019598877167511897	-0.032485664850657986	0.12772470325614044	0.015614443928505408	0.1036635515439392	0.015215649350833383	0.002381293460269106	-0.08081614059699747	0.01803993119091703	0.035417755425880736	0.014516974623390105	0.0308879782335455	0.04278125485163759	0.002236019412476522	-0.013232817915754733	-0.09645703117618085	0.05506404975188558	-0.0397069703761536	-0.05914598491429316	-0.03928954536355898	0.05933891590729471	-0.0008882914000749365	0.016416871573724335	-0.05612598160438254	-0.018342826989954274	0.07723541530021363	0.027357220732320928	-0.04015672480072829	-0.03238783455174219	-0.03362290594747131	0.06855625829546161	0.013805989009616203	0.06828322874869257	-0.07431686276840406	-0.005229680967972974	0.02363345695154917	-0.03965800155750951	0.029176633902185414	0.04655005623538891	0.03614126030257627	-0.034010912900563336	0.03207313460583341	-0.0019873995587100135	-0.04698076273758766	-0.09809116219194	-0.013484223286384643	0.03631986121054469	0.04698735581861414	0.03986363305309418	0.022277584411820674	-0.042540010630059924	0.02909716821517467	0.003737549541884483	-0.006929312535151849	-0.007822699749507679	0.01967324672970455	-0.04765409360527895	0.026512636513290572	0.01626606992140935	0.007559124850047628	0.009442886355388265	-0.007801206040394595	0.012984754539678853	0.004948203646884145	0.006215205106489938	-0.016256399206216646	0.014947739912744794	-0.0042786690660132996	-0.004641192819389722	0.009558255013553245	0.001767992372671501	-0.0011041042871290242	0.0032985430030717244	0.002705707866006046	0.00011322322149988101	0.0	0.0	0.0	0.0	0.0	0.0	0.0	0.0	0.0	0.0	0.0	0.0	0.0	0.0	0.0	0.0	0.0	0.0	0.0	0.0	0.0	0.0	0.0	0.0	0.0	0.0	0.0	0.0	0.0	0.0	0.0	0.0	0.0	0.0	0.0	0.0	0.0	0.0	0.0	0.0	0.0	0.0	0.0	0.0	0.0	0.0	0.0	0.0	0.0	0.0	0.0	0.0	0.0	0.0	0.0	0.0	0.0	0.0	0.0	0.0	0.0	0.0	0.0	0.0	0.0	0.0	0.0	0.0	0.0	0.0	0.0	0.0	0.0	0.0	0.0	0.0	0.0	0.0	0.0	0.0	0.0	0.0	0.0	0.0	0.0	0.0	0.0	0.0	0.0	0.0	0.0	0.0	0.0	0.0	0.0	0.0	0.0	0.0	0.0	0.0	0.0	0.0	0.0	0.0	0.0	0.0	0.0	0.0	0.0	0.0	0.0	0.0	0.0	0.0	0.0	0.0	0.0	0.0	0.0	0.0	0.0	0.0	0.0	0.0	0.0	0.0	0.0	0.0	0.0	0.0	0.0	0.0	0.0	0.0	0.0	0.0	0.0	0.0	0.0	0.0
S2017t1_E14-T1b-Female	0.23765501925838609	0.08390414848296011	0.0309162099357494	-0.030601709630018927	0.25506636504235203	-0.054642954133272185	0.04006787862241944	0.0010049777608562619	0.06641811276176265	0.009071569797603115	-0.120029460814643	0.04680065995854309	0.040394138423837024	0.022859600054487207	0.01725849066958622	-0.02280118886547695	-0.029131515100380336	0.06705391709511742	0.01898382305584767	0.07617742922672262	0.08486221272365811	-0.03553321883365429	0.007705657200980704	-0.046334747307098974	-0.012096640809104987	0.027318857096132066	-0.018281281336847102	-0.012690534181349007	0.08047387085302248	0.023008454316457348	-0.04383482673775792	-0.047871020547765826	0.005295085368746084	0.0005605937541835262	-0.012339872139999836	0.002381405543250802	-0.008589681001499818	0.03472805171614811	-0.009923047592371576	0.001362054731272465	-0.05034526474357531	-0.0026614737028503523	-0.021041924594429624	0.01025673609655393	-0.01791706881765729	-0.016909485257519504	-0.0433240378713409	-0.053252274325863345	-0.0011979778119388708	-0.01184445570607908	-0.0037880421905220596	-0.014226488884109439	-0.009657027276379333	-0.02183451944752595	-0.019115372924519487	-0.009072109587955027	0.007504033611503435	0.027030679785776127	0.0227000558168814	-0.02392664369900618	-0.0024244199974501122	0.019494102422430677	0.010035151196006793	0.0014605787457736385	0.020210035176821038	0.0030712994319852084	0.03403961684717613	-0.013361322890857069	-0.008149448548053844	-0.0021460543464994217	0.016076001272326716	-0.0065843371593661635	-0.001845688789531099	-0.018036057286144665	0.0003579460885361581	-0.002746360828467605	-0.0006697404839891255	0.00046217991107337615	0.004125042542993978	0.0	0.0	0.0	0.0	0.0	0.0	0.0	0.0	0.0	0.0	0.0	0.0	0.0	0.0	0.0	0.0	0.0	0.0	0.0	0.0	0.0	0.0	0.0	0.0	0.0	0.0	0.0	0.0	0.0	0.0	0.0	0.0	0.0	0.0	0.0	0.0	0.0	0.0	0.0	0.0	0.0	0.0	0.0	0.0	0.0	0.0	0.0	0.0	0.0	0.0	0.0	0.0	0.0	0.0	0.0	0.0	0.0	0.0	0.0	0.0	0.0	0.0	0.0	0.0	0.0	0.0	0.0	0.0	0.0	0.0	0.0	0.0	0.0	0.0	0.0	0.0	0.0	0.0	0.0	0.0	0.0	0.0	0.0	0.0	0.0	0.0	0.0	0.0	0.0	0.0	0.0	0.0	0.0	0.0	0.0	0.0	0.0	0.0	0.0	0.0	0.0	0.0	0.0	0.0	0.0	0.0	0.0	0.0	0.0	0.0	0.0	0.0	0.0	0.0	0.0	0.0	0.0	0.0	0.0	0.0	0.0	0.0	0.0	0.0	0.0	0.0	0.0	0.0	0.0	0.0	0.0	0.0	0.0	0.0	0.0	0.0	0.0	0.0	0.0	0.0
S2017t1_E14-T1b-Male	0.375518270872895	0.22527633566313948	-0.10938365108362569	0.1292608868871184	-0.03671540069151868	-0.05255970518420397	0.1327644141108299	0.04039335556501995	0.10207778533890824	-0.03180924424874488	-0.012635594327001527	-0.055590679868425065	-0.0233715020674634	-0.04409355141621787	0.016031948347056593	0.0599988380542772	-0.042543913204074316	-0.0665664523396972	-0.039841846639575275	-0.03474942046827321	-0.004339081831411164	0.0016682204647541453	0.015687782423277015	0.026145851251588383	-0.014488283464353482	-0.04879204861629733	0.00984938160496835	-0.06055271897191379	-0.022557480800473192	0.0029420646877668173	0.021887234471421137	0.01293540724213597	-0.026983480626665564	0.02544007913693307	0.004923253949085436	-0.031809284037518634	-0.01943350975632963	-0.03301397948489496	0.0015168746141504795	0.029345185341951362	-0.04528905466528808	-0.008483549318385328	-0.008734410235292813	0.0271594602819397	-0.03382572057334446	0.004633133469297528	-0.0024970034717853363	0.009375406690927077	-0.02394737130007532	0.016373359736426518	-0.02299668684261779	-0.003802888286960612	-0.030674710048941217	-0.001607300728919497	0.032338759611479154	-0.02999084701152586	0.011924651519455641	0.03604288045094533	0.017198101052910815	0.0008357926557152177	-0.003815731521916265	-0.025548132170460734	-0.012316664861373202	0.009587946715756857	0.01633980205943129	-0.028623827154939704	-0.005536462669999281	-0.02576981694495488	-0.01600788216791405	-0.0004285692931261497	0.001219226009918287	-0.008008685683206191	-0.0026079584830504365	-0.00861193722184581	0.0029495972813808054	-0.0025536275752615785	0.0011492582411978996	-0.001210789661562233	0.0008902879646495558	0.0	0.0	0.0	0.0	0.0	0.0	0.0	0.0	0.0	0.0	0.0	0.0	0.0	0.0	0.0	0.0	0.0	0.0	0.0	0.0	0.0	0.0	0.0	0.0	0.0	0.0	0.0	0.0	0.0	0.0	0.0	0.0	0.0	0.0	0.0	0.0	0.0	0.0	0.0	0.0	0.0	0.0	0.0	0.0	0.0	0.0	0.0	0.0	0.0	0.0	0.0	0.0	0.0	0.0	0.0	0.0	0.0	0.0	0.0	0.0	0.0	0.0	0.0	0.0	0.0	0.0	0.0	0.0	0.0	0.0	0.0	0.0	0.0	0.0	0.0	0.0	0.0	0.0	0.0	0.0	0.0	0.0	0.0	0.0	0.0	0.0	0.0	0.0	0.0	0.0	0.0	0.0	0.0	0.0	0.0	0.0	0.0	0.0	0.0	0.0	0.0	0.0	0.0	0.0	0.0	0.0	0.0	0.0	0.0	0.0	0.0	0.0	0.0	0.0	0.0	0.0	0.0	0.0	0.0	0.0	0.0	0.0	0.0	0.0	0.0	0.0	0.0	0.0	0.0	0.0	0.0	0.0	0.0	0.0	0.0	0.0	0.0	0.0	0.0	0.0
S2017t1_E16-T1a-Female	0.25424818647002484	0.2546366640685984	-0.25769142250900623	0.07183952426574765	0.033535905410653266	-0.03149415398614572	0.12610238114739836	-0.010727593894519388	0.10063561983104705	-0.022736400414107554	-0.03509297939369922	-0.021523300358490226	0.0676966513154673	0.04700530452789937	-0.02252806331290264	0.01666154385495932	0.04155621048127061	-0.020297785120956455	-0.01173463045976863	-0.058534755338662245	0.023467673937337938	-0.04874410365015163	0.04797516345000364	0.04255969342561532	0.010688678011932656	0.031038647827097393	0.027178170658473583	0.04697727416498706	-0.005881193834386974	-0.027997347998661343	0.004023180436263589	-0.017541376176779977	-0.0024203395083269093	0.01058119120493728	-0.015155350331418382	0.02982609388244466	-0.00438289262390256	-0.011821734969437439	-0.033691838917941086	0.002662133695150734	0.04594141392379229	-0.05320695711757744	0.012775758017593302	0.002276736517913801	0.011886494744487462	0.040681269107868574	0.001457843144858865	-0.00025283308076333867	0.004629740359511774	-0.011583082134546894	-0.04785574514535092	0.019586333623915785	0.032615144592192606	0.01445435110464153	-0.024144982895111997	-0.011706239300133418	0.028940108391316912	0.0020702226335970737	-0.028320661388164928	-0.017820801035417378	0.011725744616141745	-0.01032538591984748	-0.034702546957524665	-0.027789714090710717	-0.012207578684660544	0.00018201103871283458	0.004776231478811044	-0.007721108996749205	-0.005135601652864818	0.004749173740402936	-0.008107068639225376	0.003726982147760671	0.0027744888204939	-0.0005666350791529963	-0.001295493776981817	-0.0031866772561205082	-0.0050317648972815565	0.0028632550132237015	0.0013142901944010702	0.0	0.0	0.0	0.0	0.0	0.0	0.0	0.0	0.0	0.0	0.0	0.0	0.0	0.0	0.0	0.0	0.0	0.0	0.0	0.0	0.0	0.0	0.0	0.0	0.0	0.0	0.0	0.0	0.0	0.0	0.0	0.0	0.0	0.0	0.0	0.0	0.0	0.0	0.0	0.0	0.0	0.0	0.0	0.0	0.0	0.0	0.0	0.0	0.0	0.0	0.0	0.0	0.0	0.0	0.0	0.0	0.0	0.0	0.0	0.0	0.0	0.0	0.0	0.0	0.0	0.0	0.0	0.0	0.0	0.0	0.0	0.0	0.0	0.0	0.0	0.0	0.0	0.0	0.0	0.0	0.0	0.0	0.0	0.0	0.0	0.0	0.0	0.0	0.0	0.0	0.0	0.0	0.0	0.0	0.0	0.0	0.0	0.0	0.0	0.0	0.0	0.0	0.0	0.0	0.0	0.0	0.0	0.0	0.0	0.0	0.0	0.0	0.0	0.0	0.0	0.0	0.0	0.0	0.0	0.0	0.0	0.0	0.0	0.0	0.0	0.0	0.0	0.0	0.0	0.0	0.0	0.0	0.0	0.0	0.0	0.0	0.0	0.0	0.0	0.0
S2017t1_E16-T1a-Male	0.23498485824697818	0.2881522655284813	-0.330436130514439	0.1099322506458868	0.09129129882245661	-0.0745436622305314	-0.027367530460354433	-0.05588894086351627	0.0012796388119636249	0.05289856955027178	-0.0014057630282857593	0.03706829421485978	0.10768779977267082	-0.029615515318599916	-0.035396069612080416	0.013763407783082403	0.051011926801964834	-0.010771542430443197	0.06542929195413341	0.09583018447544862	-0.01870694616196771	0.03217217195802376	0.00016290874373520522	-0.05089983976687531	-0.06849325833399168	0.022331729358282648	-0.05214262580920572	0.004643186917505744	-0.0019839655397322466	0.012265995185304879	0.004313053259795729	0.007924967367031742	0.014663548213909134	-0.012120065577405609	0.028123832562699992	0.003476258789316735	-0.024271247402487286	0.046093602417624197	-0.012121014939831308	-0.03979160553560272	0.02288649255050371	0.001918646117625074	0.036115833496475666	0.008910233471604415	0.01118413979862132	-0.042552840592879	-0.009420019382700515	-0.014297488705390235	-0.012013100001092507	-0.028022952192765606	-0.007729650786738571	-0.028703704903458627	0.033076770671815275	0.001335810469120086	0.01957082589268068	0.019610536094490955	0.012892526349164398	0.0004759380967203186	-0.021295661977068184	0.009726327953177325	0.010291828586522776	-0.014565319854445417	-0.01879578077198943	0.022942782368632966	-0.0065960256894300046	-0.02296607701606824	0.009766072419864182	0.001437380135062406	0.009193364587961937	0.004202110184997931	-0.004632043373138615	0.008030942039995248	0.00045774406497490046	0.010227054397485039	-0.002497167763133744	-0.0018600899967558555	-0.0007897261923012072	0.0019695892598111157	0.0013397034156592364	0.0	0.0	0.0	0.0	0.0	0.0	0.0	0.0	0.0	0.0	0.0	0.0	0.0	0.0	0.0	0.0	0.0	0.0	0.0	0.0	0.0	0.0	0.0	0.0	0.0	0.0	0.0	0.0	0.0	0.0	0.0	0.0	0.0	0.0	0.0	0.0	0.0	0.0	0.0	0.0	0.0	0.0	0.0	0.0	0.0	0.0	0.0	0.0	0.0	0.0	0.0	0.0	0.0	0.0	0.0	0.0	0.0	0.0	0.0	0.0	0.0	0.0	0.0	0.0	0.0	0.0	0.0	0.0	0.0	0.0	0.0	0.0	0.0	0.0	0.0	0.0	0.0	0.0	0.0	0.0	0.0	0.0	0.0	0.0	0.0	0.0	0.0	0.0	0.0	0.0	0.0	0.0	0.0	0.0	0.0	0.0	0.0	0.0	0.0	0.0	0.0	0.0	0.0	0.0	0.0	0.0	0.0	0.0	0.0	0.0	0.0	0.0	0.0	0.0	0.0	0.0	0.0	0.0	0.0	0.0	0.0	0.0	0.0	0.0	0.0	0.0	0.0	0.0	0.0	0.0	0.0	0.0	0.0	0.0	0.0	0.0	0.0	0.0	0.0	0.0
S2017t1_E16-T1b-Female	0.2570060313442031	0.40130595253864687	-0.034694573240349726	0.08898965266048124	-0.10966554154742168	-0.06343020354028328	-0.03324295301661275	-0.011426517263592352	0.004256619197358653	-0.013980438790123586	-0.07377643576139097	0.011009151546175695	-0.0019502415018215413	0.00826655896326112	0.05230793350833054	0.043883079490869864	-0.023710667174514734	-0.03453220559883757	0.07069040953337284	-0.006599062085931226	-0.016610889839828023	0.05577123872866115	-0.0379642468591504	-0.0231940358777664	0.019438820754472567	-0.05215621957229525	0.0022343629521974074	-0.03399965890690267	0.010418994507988154	-0.007929230568796106	-0.061759443601367536	0.036797861759138656	0.00034353949305889874	0.010279617803516838	-0.04230702414849249	-0.013992675195337577	-0.037862269533742034	0.00701583479573633	-0.0026818701266377197	-0.027857066170014454	0.0407025399365083	-0.030711722222428628	0.00785540803852951	0.01879598418970817	-0.00865346921820017	-0.017272778457635342	-0.045768007415072275	-0.029108013963019545	0.03456033460393083	-0.020146448841498278	-0.007884073636411104	-0.02837292683067531	0.021206633963607037	0.031935340989653185	-0.002788417439497415	-0.005974973747061078	0.02916418817436014	0.013764874281142625	-0.0034437872343330285	-0.003145314595373769	-0.026871358024985352	-0.002812417435730783	0.008650339305435729	0.00625052914430013	-0.016196324211993924	-0.021220972875499195	0.02344363657923816	0.021208266553120757	-0.013796438875922565	0.014614783808254221	0.015322285892728937	-0.009028698446469072	0.0031200202597265435	0.004047366068411948	-0.00019211056343510185	-0.003550121001225809	-0.0014862835433713721	-0.004640882868695713	-0.004527850770291268	0.0	0.0	0.0	0.0	0.0	0.0	0.0	0.0	0.0	0.0	0.0	0.0	0.0	0.0	0.0	0.0	0.0	0.0	0.0	0.0	0.0	0.0	0.0	0.0	0.0	0.0	0.0	0.0	0.0	0.0	0.0	0.0	0.0	0.0	0.0	0.0	0.0	0.0	0.0	0.0	0.0	0.0	0.0	0.0	0.0	0.0	0.0	0.0	0.0	0.0	0.0	0.0	0.0	0.0	0.0	0.0	0.0	0.0	0.0	0.0	0.0	0.0	0.0	0.0	0.0	0.0	0.0	0.0	0.0	0.0	0.0	0.0	0.0	0.0	0.0	0.0	0.0	0.0	0.0	0.0	0.0	0.0	0.0	0.0	0.0	0.0	0.0	0.0	0.0	0.0	0.0	0.0	0.0	0.0	0.0	0.0	0.0	0.0	0.0	0.0	0.0	0.0	0.0	0.0	0.0	0.0	0.0	0.0	0.0	0.0	0.0	0.0	0.0	0.0	0.0	0.0	0.0	0.0	0.0	0.0	0.0	0.0	0.0	0.0	0.0	0.0	0.0	0.0	0.0	0.0	0.0	0.0	0.0	0.0	0.0	0.0	0.0	0.0	0.0	0.0
S2017t1_E16-T1b-Male	0.25979861725309644	0.4086004767069195	-0.08122822054989391	0.11335599238153052	-0.10640845591320715	-0.07962083548259899	-0.08985140485878071	-0.011793121011713151	-0.006662648602131614	0.0016026048895201568	-0.0706721521810308	-0.007757630240901461	0.03617608936290487	-0.01269359439373623	0.030880003552704042	0.05553622444915979	-0.021648675965686332	-0.09674139894812307	0.0574367107233563	-0.037411152330911614	0.00586675699997953	0.015753604564119183	0.02809505150143288	0.07340618450482383	-0.01123465659484188	-0.07149483694269315	-0.024377325645498445	0.032043165308425804	0.00945391085482924	-0.00901472616775058	-0.01487561124728737	0.0350914211010944	0.025853102646426946	0.06722660080396578	0.008063722131063294	0.012864105517810382	-0.02909399139066675	0.0031220806571320616	-0.029550007432865188	-0.0025855746786154106	-0.007264519543823621	0.01146595267415141	0.02803463600145188	-0.03749531888338377	0.006359503268929239	-0.03696626846039402	0.02366871722278489	0.014270985077360618	-0.004165197838531979	0.016084880410860307	0.0002740830326627295	0.006052836451507233	0.006313186738913912	-0.0013731272810764978	0.008789343231777245	-0.0003610111808362177	-0.028142007237173212	-0.007073571622290718	0.013840819320152783	-0.028374884140815473	0.007137087108917491	-0.008668552488746208	0.027155432912000947	0.02181141732386097	-0.013144689541834804	-0.004732896571108048	-0.014836109855241158	-0.005853406360086521	0.002746040083847532	-0.011114765057060619	-0.0023085231582762288	-0.00029016356158386905	-0.010375288421834416	-0.0023376942225739415	-0.016042978550595197	0.0011198516599353456	0.0071253257429052	0.0029698657359867055	-0.00037778871735929447	0.0	0.0	0.0	0.0	0.0	0.0	0.0	0.0	0.0	0.0	0.0	0.0	0.0	0.0	0.0	0.0	0.0	0.0	0.0	0.0	0.0	0.0	0.0	0.0	0.0	0.0	0.0	0.0	0.0	0.0	0.0	0.0	0.0	0.0	0.0	0.0	0.0	0.0	0.0	0.0	0.0	0.0	0.0	0.0	0.0	0.0	0.0	0.0	0.0	0.0	0.0	0.0	0.0	0.0	0.0	0.0	0.0	0.0	0.0	0.0	0.0	0.0	0.0	0.0	0.0	0.0	0.0	0.0	0.0	0.0	0.0	0.0	0.0	0.0	0.0	0.0	0.0	0.0	0.0	0.0	0.0	0.0	0.0	0.0	0.0	0.0	0.0	0.0	0.0	0.0	0.0	0.0	0.0	0.0	0.0	0.0	0.0	0.0	0.0	0.0	0.0	0.0	0.0	0.0	0.0	0.0	0.0	0.0	0.0	0.0	0.0	0.0	0.0	0.0	0.0	0.0	0.0	0.0	0.0	0.0	0.0	0.0	0.0	0.0	0.0	0.0	0.0	0.0	0.0	0.0	0.0	0.0	0.0	0.0	0.0	0.0	0.0	0.0	0.0	0.0
S2017t1_E17-T1a-Female	0.20800532469306812	0.5041538809796271	-0.16032296465293402	0.09546369824419967	-0.23693944287409466	-0.02372640812453314	-0.08043542469386157	-0.04492218136078496	-0.011228015153588601	-0.013635235685636925	0.06911817220008717	0.05018142603724622	0.09576195651072651	0.01532070459918891	0.057734169792359354	-0.053144208508531486	-0.003738949877233962	-0.021517702357414757	0.007414743035416259	-0.005803572862284483	-0.015851207327301498	-0.06549085946570907	0.05674234799626008	0.03593851964931679	0.02910718866206443	-0.027953397568174502	-0.017244263409338805	0.08787423301168486	-0.005098323917616315	0.0009786596197806437	0.04512450548212455	-0.016254194681842374	-0.01223999111617287	-0.0021656866922757224	-0.010290921800529387	-0.00884642660269225	-0.04511175484471036	0.01634856680092792	0.019052056512268857	0.008569455812545895	0.004176585839078173	0.005704854452766056	-0.027586692159160722	-0.014081483058891434	-0.012242776556681115	0.004913890699688806	0.01813154282246749	0.010446189890702349	0.017432953873806008	0.03112574485370366	0.02351751722437815	0.024402286307357572	-0.018595264507062715	-0.03444161936367994	-0.014973514094576925	0.028295288304810637	0.003358825170180895	0.018762014277726974	0.005869529895332019	0.005664361201224672	-0.025544924550111755	0.004541107734909588	-0.010455132316691878	-0.010578029786662385	0.013221277703111298	0.01831626218871508	0.005437131129743398	0.002037719107813723	-0.0065376975976328255	-0.008815039823460059	0.006763522107144951	0.004608585651162036	0.0055141551593165476	-0.00875339422625891	0.0019368170886147741	-0.01123587410995767	0.005142433081439888	0.0006054976342094411	-0.0018035497700538865	0.0	0.0	0.0	0.0	0.0	0.0	0.0	0.0	0.0	0.0	0.0	0.0	0.0	0.0	0.0	0.0	0.0	0.0	0.0	0.0	0.0	0.0	0.0	0.0	0.0	0.0	0.0	0.0	0.0	0.0	0.0	0.0	0.0	0.0	0.0	0.0	0.0	0.0	0.0	0.0	0.0	0.0	0.0	0.0	0.0	0.0	0.0	0.0	0.0	0.0	0.0	0.0	0.0	0.0	0.0	0.0	0.0	0.0	0.0	0.0	0.0	0.0	0.0	0.0	0.0	0.0	0.0	0.0	0.0	0.0	0.0	0.0	0.0	0.0	0.0	0.0	0.0	0.0	0.0	0.0	0.0	0.0	0.0	0.0	0.0	0.0	0.0	0.0	0.0	0.0	0.0	0.0	0.0	0.0	0.0	0.0	0.0	0.0	0.0	0.0	0.0	0.0	0.0	0.0	0.0	0.0	0.0	0.0	0.0	0.0	0.0	0.0	0.0	0.0	0.0	0.0	0.0	0.0	0.0	0.0	0.0	0.0	0.0	0.0	0.0	0.0	0.0	0.0	0.0	0.0	0.0	0.0	0.0	0.0	0.0	0.0	0.0	0.0	0.0	0.0
S2017t1_E17-T1a-Male	0.2360800915653237	0.39524093542191835	-0.14208755962444633	0.07072701643592343	-0.16181775605383922	-0.013929043773481711	0.06360100150661434	-0.06067484257649833	0.040393337423507356	-0.07725980699892274	0.021781310736913705	0.08688275655455908	0.0532282761476528	-0.03422484971623222	0.03139042765615207	-0.05488121776030244	0.058373942589450965	0.03475524050213034	0.061431316104483054	0.01874926450355161	-0.09360012504767254	-0.04785154459939678	-0.008501940595183999	0.019967324080475087	-0.0016776055191859963	0.023143661768262713	0.06125617575802977	-0.003970017666668544	0.01751008208491117	0.012549765023688896	0.06177626430996079	-0.08578550450603985	0.018562192259347427	-0.009586037326021656	-0.013960575926735743	0.008535907661472806	0.005445423440617716	-0.03210078146652736	-0.00932600706993997	-0.047377148305791116	0.0002617990418214984	0.006635943137038107	0.018255617976699626	0.023424990986494382	-0.003852447089026255	0.005380476750844361	-0.03556296585072287	-0.022489312942077073	-0.01965944135597351	0.0037905468967812514	-0.032933320423104095	-0.013620619182942044	-0.0275820407501095	-0.012380772045829543	-0.0037518434691766536	0.016839671325949195	-0.016444178299214435	-0.0023247991355474385	-0.032952787109816466	-0.010356866363339145	0.0075929860534423394	-0.019291261783030044	0.021006959056064065	0.03411617474664576	0.01818720406778215	-0.025922413036528254	-0.002802078319372293	0.00798179112855274	-0.009615747691267591	0.0130536294198324	-0.0073454815870698026	0.002796086287104379	-0.006651411240904715	-0.0003574758924963205	-0.003279710739670805	0.0055090863258594035	-0.0032185677480222642	0.0007670431181140922	0.003126632320262835	0.0	0.0	0.0	0.0	0.0	0.0	0.0	0.0	0.0	0.0	0.0	0.0	0.0	0.0	0.0	0.0	0.0	0.0	0.0	0.0	0.0	0.0	0.0	0.0	0.0	0.0	0.0	0.0	0.0	0.0	0.0	0.0	0.0	0.0	0.0	0.0	0.0	0.0	0.0	0.0	0.0	0.0	0.0	0.0	0.0	0.0	0.0	0.0	0.0	0.0	0.0	0.0	0.0	0.0	0.0	0.0	0.0	0.0	0.0	0.0	0.0	0.0	0.0	0.0	0.0	0.0	0.0	0.0	0.0	0.0	0.0	0.0	0.0	0.0	0.0	0.0	0.0	0.0	0.0	0.0	0.0	0.0	0.0	0.0	0.0	0.0	0.0	0.0	0.0	0.0	0.0	0.0	0.0	0.0	0.0	0.0	0.0	0.0	0.0	0.0	0.0	0.0	0.0	0.0	0.0	0.0	0.0	0.0	0.0	0.0	0.0	0.0	0.0	0.0	0.0	0.0	0.0	0.0	0.0	0.0	0.0	0.0	0.0	0.0	0.0	0.0	0.0	0.0	0.0	0.0	0.0	0.0	0.0	0.0	0.0	0.0	0.0	0.0	0.0	0.0
S2017t1_E17-T1b-Female	0.20114166895418453	0.44839511049118247	-0.024830797439110087	0.027820551644264897	-0.143835832667708	-0.04326069250728003	-0.04475467131685579	-0.03131442647333435	-0.007653994666284199	-0.033167411673521795	-0.06110851438711622	0.06159581648096906	0.010493842856255913	-0.031148455192253028	0.052861221247643427	-0.031839822064773586	-0.006477688459561869	0.0006505709778427577	0.0049433773714025585	-0.015166165992034094	-0.04178441042527971	-0.0006278061541129297	-0.006311874982255832	0.009434993111213352	-0.011406792468108374	-0.016414907732028382	0.020611708247264694	-0.026294250496422433	-0.02918993821955995	-0.04252725949256722	0.058933607370449115	-0.0032546279609812863	-0.009664461789142513	-0.06997785217140057	-0.024776491619602554	0.02589433721874085	0.0011831683836201227	0.022230020998912327	-0.018691545977674806	0.017509552384187926	0.010142794519210782	-0.0398654668165515	0.0031479701381166647	0.027484785805578064	-0.05155298343017465	-0.009945875719062993	-0.0048982746919894425	0.01661864157446861	0.010830534703791818	-0.025747910361295475	0.024007082989635876	0.03350439454847612	-0.015343946965636797	-0.02525015892664427	-0.02043463661195984	-0.005886675447128999	0.03262089475716764	-0.001613153794241331	-0.037360788751174254	0.011178109843895672	0.010626247994508876	-0.005712009133342008	-0.014658586897110441	0.000265856232209051	0.0029047049372462985	0.010249817355737531	0.003511966699382249	0.006764296617372851	0.002501735090477465	0.0013229949787151145	-0.004093958370658723	0.008995661712742102	0.003501243536537347	0.0004302029354578811	0.0006357719193238613	-0.0055186892767060056	-0.00018858516745489648	0.001630921211707985	0.005737911719321964	0.0	0.0	0.0	0.0	0.0	0.0	0.0	0.0	0.0	0.0	0.0	0.0	0.0	0.0	0.0	0.0	0.0	0.0	0.0	0.0	0.0	0.0	0.0	0.0	0.0	0.0	0.0	0.0	0.0	0.0	0.0	0.0	0.0	0.0	0.0	0.0	0.0	0.0	0.0	0.0	0.0	0.0	0.0	0.0	0.0	0.0	0.0	0.0	0.0	0.0	0.0	0.0	0.0	0.0	0.0	0.0	0.0	0.0	0.0	0.0	0.0	0.0	0.0	0.0	0.0	0.0	0.0	0.0	0.0	0.0	0.0	0.0	0.0	0.0	0.0	0.0	0.0	0.0	0.0	0.0	0.0	0.0	0.0	0.0	0.0	0.0	0.0	0.0	0.0	0.0	0.0	0.0	0.0	0.0	0.0	0.0	0.0	0.0	0.0	0.0	0.0	0.0	0.0	0.0	0.0	0.0	0.0	0.0	0.0	0.0	0.0	0.0	0.0	0.0	0.0	0.0	0.0	0.0	0.0	0.0	0.0	0.0	0.0	0.0	0.0	0.0	0.0	0.0	0.0	0.0	0.0	0.0	0.0	0.0	0.0	0.0	0.0	0.0	0.0	0.0
S2017t1_E17-T1b-Male	0.254192203176635	0.39453146403994305	-0.17948693974566085	0.08548406299502373	-0.15735661725880876	-0.031105896176871876	0.10161284779450294	-0.022974650805771574	0.07838092444844266	-0.03212193312637762	0.07494139357446705	0.06720985415908179	0.07133920898001185	-0.039997711446358	0.02845008179561084	-0.04414251596386445	0.047690304743207464	0.020870721619329253	0.06680455841757602	0.025654736603849353	-0.054300399560021806	-0.039856328880541185	0.008586836084103511	0.002417392022987126	0.03775210219637156	0.0038609108725750295	0.027375973845886026	0.028034283758462116	0.0018862317660284925	0.02051050383593428	-0.0012012327093837332	-0.0756516023359263	-0.011514716136086818	0.029169605665620626	-0.025116217770798244	0.03759825846165186	-0.03490012254093772	-0.004755378254924931	-0.0010447644492354619	0.007273809574891353	-0.005932724110434301	-0.026081433392972826	-0.010411780255099036	0.04797377481209442	0.014995742271888084	0.009904889127856593	-0.004850384555966114	0.0018920329282698946	-0.014799309764721057	0.009181838478906974	0.021936535376644906	-0.045860990454761705	0.005742488238011044	-0.008140471554978611	0.01837771051036841	-0.01482169078155177	0.024220555921169177	0.017533758390920643	0.05426939969310701	-0.01882922341408536	0.001388976603765705	0.015316104901810143	0.009683099077525044	-0.01524578985489591	-0.011854325782174373	-0.0018335962435431824	0.011883708160629265	-0.016452961266918364	0.01774571996102822	-0.009712002691340137	-0.0051804987850983765	-0.0076175653786841	0.00619129434920041	0.015859681658674872	0.007834532963205656	0.007903583416587596	-0.0018165894419667926	-0.005331608177446659	-0.0032890128237984357	0.0	0.0	0.0	0.0	0.0	0.0	0.0	0.0	0.0	0.0	0.0	0.0	0.0	0.0	0.0	0.0	0.0	0.0	0.0	0.0	0.0	0.0	0.0	0.0	0.0	0.0	0.0	0.0	0.0	0.0	0.0	0.0	0.0	0.0	0.0	0.0	0.0	0.0	0.0	0.0	0.0	0.0	0.0	0.0	0.0	0.0	0.0	0.0	0.0	0.0	0.0	0.0	0.0	0.0	0.0	0.0	0.0	0.0	0.0	0.0	0.0	0.0	0.0	0.0	0.0	0.0	0.0	0.0	0.0	0.0	0.0	0.0	0.0	0.0	0.0	0.0	0.0	0.0	0.0	0.0	0.0	0.0	0.0	0.0	0.0	0.0	0.0	0.0	0.0	0.0	0.0	0.0	0.0	0.0	0.0	0.0	0.0	0.0	0.0	0.0	0.0	0.0	0.0	0.0	0.0	0.0	0.0	0.0	0.0	0.0	0.0	0.0	0.0	0.0	0.0	0.0	0.0	0.0	0.0	0.0	0.0	0.0	0.0	0.0	0.0	0.0	0.0	0.0	0.0	0.0	0.0	0.0	0.0	0.0	0.0	0.0	0.0	0.0	0.0	0.0
S2017t1_E19-T1a-Female	0.3368365932670433	0.10900376742266205	0.05181377859509099	0.06675537064714343	0.12413257300260143	-0.04891533574896969	0.02561898227780215	-0.06802045345458607	0.04514524958005708	-0.010419744695393106	-0.10427996220444878	-0.015024186663439508	0.034119958774658496	-0.06539871692621808	-0.014386395235506126	0.038431725150060644	-0.006414767518441319	0.109961033072364	-0.02626820926276534	-0.013474589605817551	-0.017360018968185453	-0.07146171568479033	0.023165709598465086	-0.030091397703484568	0.06607810379697682	0.07487607315890465	0.030919502383691153	-1.6479332836806193e-07	0.013792832520554186	-0.004914974951458555	0.03221857645286227	-0.08980480442502611	0.021684830211567075	-0.04161831689863445	-0.018467041670051604	0.06374971358591902	0.05171019775319284	-0.04502447255826392	0.021544324791587483	0.0069495923628591786	-0.03633206980668077	-0.027902626785540265	-0.03335090583499904	0.013896863006162214	0.03765915693200319	0.04373513029422503	-0.0023794058867345506	0.0004685449615484766	0.0033184534486550192	-0.006589683834859874	0.026955419513254347	0.005679227301747482	-0.02392857713707189	0.010545244113149256	0.01384067909453722	-0.0270305588400998	0.019510618371683722	-0.015075509481482957	0.03785944217570932	-0.03874302814470884	0.008448861668849676	0.02004698803392679	0.003619277061883702	0.017567605514348324	-0.009164971991632045	-0.025863487619963894	-0.015030401717336597	0.0015434197255170868	0.01072592673308498	0.006789256670481584	0.0034822811175519316	-0.01724649050584141	0.006606046739798167	-0.004684811713892656	-0.0006454196903816054	0.0011970692967595347	-0.0045427114531591895	0.0002452572699018826	-0.0015557697104290424	0.0	0.0	0.0	0.0	0.0	0.0	0.0	0.0	0.0	0.0	0.0	0.0	0.0	0.0	0.0	0.0	0.0	0.0	0.0	0.0	0.0	0.0	0.0	0.0	0.0	0.0	0.0	0.0	0.0	0.0	0.0	0.0	0.0	0.0	0.0	0.0	0.0	0.0	0.0	0.0	0.0	0.0	0.0	0.0	0.0	0.0	0.0	0.0	0.0	0.0	0.0	0.0	0.0	0.0	0.0	0.0	0.0	0.0	0.0	0.0	0.0	0.0	0.0	0.0	0.0	0.0	0.0	0.0	0.0	0.0	0.0	0.0	0.0	0.0	0.0	0.0	0.0	0.0	0.0	0.0	0.0	0.0	0.0	0.0	0.0	0.0	0.0	0.0	0.0	0.0	0.0	0.0	0.0	0.0	0.0	0.0	0.0	0.0	0.0	0.0	0.0	0.0	0.0	0.0	0.0	0.0	0.0	0.0	0.0	0.0	0.0	0.0	0.0	0.0	0.0	0.0	0.0	0.0	0.0	0.0	0.0	0.0	0.0	0.0	0.0	0.0	0.0	0.0	0.0	0.0	0.0	0.0	0.0	0.0	0.0	0.0	0.0	0.0	0.0	0.0
S2017t1_E19-T1a-Male	0.30654881284748103	-0.02465815537649506	0.16668560639537222	0.044943397181456166	0.31768399119394547	-0.050217676631413015	-0.1195666689392814	-0.09996611223660239	-0.04003815675667742	0.09249240717014799	0.02809350995688088	0.07952253851909492	0.004078458045452752	0.0519792446861368	0.06465778273854199	-0.0196438087323506	0.0012949742794875199	0.07239612876051213	0.012504207365756281	0.060843475726312365	0.04596239991864565	-0.01765017845716709	-0.010023737300175447	0.026314603308109714	-0.01096487491733817	0.031592875255618	0.022483172593612426	-0.041474483656230486	-0.043164598408640224	-0.035744145391512355	0.012426368060133496	0.03783752543605627	0.019358246274956605	0.006483866630220475	-0.012436506901898937	0.017576290638049826	0.010707092983355506	-0.020165779025233015	-0.012013438179055261	0.015228977740660975	0.014143934082008754	0.01040060034376307	0.003772002976522668	-0.04363920486341686	-0.008456212233579974	0.005447411191151408	0.030453489824675606	-0.006276574064452336	0.008650163434785993	0.0028424200510120093	-0.015831642911799844	-0.006071398738633769	-0.017609537340528027	-0.02204655663142012	-0.0011013145414408196	0.012137138068759068	0.005510229882112804	0.007257846748463518	-0.006582048804866312	-0.018354207458280654	0.0013143676356949191	0.001455045916610225	0.005341450901568109	-0.013246655862801686	0.013248876650197356	0.0030837087085466143	-0.011187232730152109	0.0021147326936561913	-0.011597877455922664	-0.00293111890783855	-0.0025262239028058155	-0.006558877140995147	0.0029225937137984164	0.026129985946615537	-0.002953322140962904	0.003717217810256762	-0.0012329270092982703	0.004477405458380674	-0.0033088578802047907	0.0	0.0	0.0	0.0	0.0	0.0	0.0	0.0	0.0	0.0	0.0	0.0	0.0	0.0	0.0	0.0	0.0	0.0	0.0	0.0	0.0	0.0	0.0	0.0	0.0	0.0	0.0	0.0	0.0	0.0	0.0	0.0	0.0	0.0	0.0	0.0	0.0	0.0	0.0	0.0	0.0	0.0	0.0	0.0	0.0	0.0	0.0	0.0	0.0	0.0	0.0	0.0	0.0	0.0	0.0	0.0	0.0	0.0	0.0	0.0	0.0	0.0	0.0	0.0	0.0	0.0	0.0	0.0	0.0	0.0	0.0	0.0	0.0	0.0	0.0	0.0	0.0	0.0	0.0	0.0	0.0	0.0	0.0	0.0	0.0	0.0	0.0	0.0	0.0	0.0	0.0	0.0	0.0	0.0	0.0	0.0	0.0	0.0	0.0	0.0	0.0	0.0	0.0	0.0	0.0	0.0	0.0	0.0	0.0	0.0	0.0	0.0	0.0	0.0	0.0	0.0	0.0	0.0	0.0	0.0	0.0	0.0	0.0	0.0	0.0	0.0	0.0	0.0	0.0	0.0	0.0	0.0	0.0	0.0	0.0	0.0	0.0	0.0	0.0	0.0
S2017t1_E19-T1b-Female	0.34763756522788775	0.2118435058667051	-0.10581163261896082	0.1398873523928165	0.07437048617932755	-0.0958456472699197	-0.12474721904200843	-0.033985199018945686	-0.049037097325764355	-0.0280338344089047	-0.1259839661330657	-0.02202443114801627	0.01351989099736811	-0.015645321615429312	0.012849153651798529	0.021348291885930747	-0.09693581712530741	-0.05351110804636443	-0.03829857119027789	0.030843434339000494	-0.05781233032321146	-0.014135144238802527	-0.018104792919458403	-0.04229124280706158	-0.055277809618510275	0.00492379877127904	-0.03083332459803781	-0.06464455137159861	-0.0299615531758196	0.0211881351009707	-0.02398872231333634	-0.011497467040285241	-0.04103391633974371	-0.027537049883530618	0.020811551093881893	-0.036150422631225934	0.01621048211035119	0.008237980756246044	-0.00242345830285552	0.013258532789485107	0.022974146028778043	0.02505268990422845	0.0020337249670924814	0.0402271568076246	-0.026408710636619023	-0.014153907781296755	0.015309345058542496	-0.0018940709691520042	-0.008123139402198606	0.0029185428803802675	0.02416232361661407	-0.022561876714270342	0.008766937549163361	0.038503297300566515	0.006188988113038769	0.01087030497691918	-0.003325976809359121	0.019408921236825815	-0.037103115373989144	0.03620668266035449	0.005419966929861955	-0.008039924902319754	-0.013576626843170944	-0.0022937142465885964	-0.023616503957196118	-0.007585274385111452	0.01455084869472149	-0.006518827697985446	0.005200051401392457	0.004234638237997193	-0.029519481668610712	0.0007335279506810588	0.009948152560247335	0.009915736865242872	0.008658916236166466	0.0007932490878647307	-0.0024886097675793687	0.00024415556145150434	-0.0003493791812065403	0.0	0.0	0.0	0.0	0.0	0.0	0.0	0.0	0.0	0.0	0.0	0.0	0.0	0.0	0.0	0.0	0.0	0.0	0.0	0.0	0.0	0.0	0.0	0.0	0.0	0.0	0.0	0.0	0.0	0.0	0.0	0.0	0.0	0.0	0.0	0.0	0.0	0.0	0.0	0.0	0.0	0.0	0.0	0.0	0.0	0.0	0.0	0.0	0.0	0.0	0.0	0.0	0.0	0.0	0.0	0.0	0.0	0.0	0.0	0.0	0.0	0.0	0.0	0.0	0.0	0.0	0.0	0.0	0.0	0.0	0.0	0.0	0.0	0.0	0.0	0.0	0.0	0.0	0.0	0.0	0.0	0.0	0.0	0.0	0.0	0.0	0.0	0.0	0.0	0.0	0.0	0.0	0.0	0.0	0.0	0.0	0.0	0.0	0.0	0.0	0.0	0.0	0.0	0.0	0.0	0.0	0.0	0.0	0.0	0.0	0.0	0.0	0.0	0.0	0.0	0.0	0.0	0.0	0.0	0.0	0.0	0.0	0.0	0.0	0.0	0.0	0.0	0.0	0.0	0.0	0.0	0.0	0.0	0.0	0.0	0.0	0.0	0.0	0.0	0.0
S2017t1_E19-T1b-Male	0.11902742198779431	-0.09604164703017727	-0.047581343447525994	-0.053567484002842225	0.12439669766419031	0.1836146349153244	-0.06688551123835755	-0.23155520763214246	-0.03485300369479866	-0.32898471409211855	-0.13277998251504725	0.05506233749391367	-0.09796576514290394	-0.12940668348591375	-0.06327666076021198	0.12016269217516591	0.029270414698686555	-0.07161838746192849	-0.09862727354280516	0.07637525270526023	0.04762185404624039	-0.003327918689651659	-0.1457945358852143	-0.07356764973284982	-0.0049467538466385005	-0.03637443181815022	0.008038778604382032	-0.014798140942662786	0.030149401484172902	0.0014695825933192825	0.15444380230480845	0.0039007515770830867	-0.03322899628984424	0.07764198328550632	-0.039621278347903965	0.03953687106338498	-0.01284240177871534	0.005033845857694196	0.00034880380008558726	0.040356762667822794	0.03508569082226887	-0.03524604238874636	-0.006862386454164771	-0.025277793414114534	-0.0019663280082560033	0.004696245048045132	0.022969953141384086	-0.02571855310111509	-0.00029856563725470315	-0.0055381903632687425	0.013849939329307809	0.0019270115035774512	0.007120674884157903	0.02776614702321487	-0.003032407672310875	0.0011799023000261823	0.0033499958722282893	0.006784386516677915	-0.002253998324085739	-0.01466253436187482	0.0073273498001820295	-0.0053742029904675	0.010133956991565505	-0.0019004599998072704	0.007611697647945243	-0.0034344151224569045	0.004834447439961963	-0.004062766652063509	-0.0028433639164321648	-0.0029667100301966716	0.002765818738735794	-0.005395188281447196	0.0009444773799324644	0.00048125487469014087	-0.0017578424959652891	0.00026180568044629126	0.001642171930705687	0.001963654920284051	0.00046313884369459426	0.0	0.0	0.0	0.0	0.0	0.0	0.0	0.0	0.0	0.0	0.0	0.0	0.0	0.0	0.0	0.0	0.0	0.0	0.0	0.0	0.0	0.0	0.0	0.0	0.0	0.0	0.0	0.0	0.0	0.0	0.0	0.0	0.0	0.0	0.0	0.0	0.0	0.0	0.0	0.0	0.0	0.0	0.0	0.0	0.0	0.0	0.0	0.0	0.0	0.0	0.0	0.0	0.0	0.0	0.0	0.0	0.0	0.0	0.0	0.0	0.0	0.0	0.0	0.0	0.0	0.0	0.0	0.0	0.0	0.0	0.0	0.0	0.0	0.0	0.0	0.0	0.0	0.0	0.0	0.0	0.0	0.0	0.0	0.0	0.0	0.0	0.0	0.0	0.0	0.0	0.0	0.0	0.0	0.0	0.0	0.0	0.0	0.0	0.0	0.0	0.0	0.0	0.0	0.0	0.0	0.0	0.0	0.0	0.0	0.0	0.0	0.0	0.0	0.0	0.0	0.0	0.0	0.0	0.0	0.0	0.0	0.0	0.0	0.0	0.0	0.0	0.0	0.0	0.0	0.0	0.0	0.0	0.0	0.0	0.0	0.0	0.0	0.0	0.0	0.0
S2017t1_E23-T1a-Female	0.24096849938644344	0.23201036860977248	-0.11563097788147339	0.05035097179614954	-0.012532048997821463	-0.011018258070403585	0.19222553037779685	0.07193163582345238	0.15746876151387018	-0.05658024007565364	-0.0036226910994819348	-0.028470708006167602	-0.040439088016674736	0.10900194119617224	0.04678163009120429	-0.023033729840149366	-0.023523041967681978	-0.05901758012503454	0.006039128188806871	-0.0323293839082983	0.048711456574805787	0.005842526668636649	0.016588733772476726	0.012872654912410242	-0.05440250114774926	0.006329158775767378	0.06760464655334322	-0.0686053338269309	0.0181823737041868	-0.04475996713754987	0.000550099432714614	0.016262202023879253	0.06392528529759318	-0.0017695682280681564	0.0253627028208544	0.01697382638376334	0.05798654410788423	0.047442288043048446	0.027206590373429127	-0.04213343665901952	0.04291245252351473	-0.03690777599535295	-0.05829952624984809	-0.0858611038609248	0.0643525537473584	0.008166308273849083	0.010252032932082848	0.015098563933215403	0.010542234616770292	0.001725877839322034	0.026987242008714957	0.009673135716585096	-0.009442470595542544	0.015264272744247647	-0.00914494798056475	0.045310221013484926	-0.007987189251194968	-0.04579748544664452	0.005057688715931024	0.00029243813742032046	0.04693443366341628	0.018490672559835518	0.0039504105952382065	0.009287337122696405	-0.0008215637524729996	-0.013381491302380153	0.00020935743888147543	0.020289601261900617	0.013583364643773757	-0.011529905359507908	-0.008713370634239246	0.0046569811805949775	0.014352425113927886	-0.0006719887859650884	0.007459687793480443	-0.0021186038944492856	0.008020475726934515	-0.002986326693275134	0.0004634554226985362	0.0	0.0	0.0	0.0	0.0	0.0	0.0	0.0	0.0	0.0	0.0	0.0	0.0	0.0	0.0	0.0	0.0	0.0	0.0	0.0	0.0	0.0	0.0	0.0	0.0	0.0	0.0	0.0	0.0	0.0	0.0	0.0	0.0	0.0	0.0	0.0	0.0	0.0	0.0	0.0	0.0	0.0	0.0	0.0	0.0	0.0	0.0	0.0	0.0	0.0	0.0	0.0	0.0	0.0	0.0	0.0	0.0	0.0	0.0	0.0	0.0	0.0	0.0	0.0	0.0	0.0	0.0	0.0	0.0	0.0	0.0	0.0	0.0	0.0	0.0	0.0	0.0	0.0	0.0	0.0	0.0	0.0	0.0	0.0	0.0	0.0	0.0	0.0	0.0	0.0	0.0	0.0	0.0	0.0	0.0	0.0	0.0	0.0	0.0	0.0	0.0	0.0	0.0	0.0	0.0	0.0	0.0	0.0	0.0	0.0	0.0	0.0	0.0	0.0	0.0	0.0	0.0	0.0	0.0	0.0	0.0	0.0	0.0	0.0	0.0	0.0	0.0	0.0	0.0	0.0	0.0	0.0	0.0	0.0	0.0	0.0	0.0	0.0	0.0	0.0
S2017t1_E23-T1a-Male	0.2349108644615622	0.08082235591663342	-0.06468978608868876	-0.023155467790092383	0.15540957928825636	0.00821545721335252	0.13772456412802064	0.0980754072777517	0.11470065283685088	-0.06191138563649162	-0.15415381316769172	-0.04558617745127324	-0.05867421689054739	0.1260513867062079	-0.02857147329635419	0.019626702235526122	-0.03847801138016826	-0.025765144168991023	-0.0779718632660475	-0.018297069559183053	0.077578989021183	0.0083154336178168	0.03300802613582255	0.08764211580601892	-0.019880917309835714	0.015056917447943016	0.1017724104279349	-0.02513855788051796	0.08886480755993126	0.0033584381218602875	0.06883922279312212	0.036351757009429254	-0.018900467115877614	-0.005005013519299381	-0.04915768815018287	0.008733203280736535	-0.016893747082375645	0.03514173929676848	0.013864204830724739	-0.0005081676604472632	-0.011890514006636538	0.04723745434309876	0.04409938083443317	-0.017361437951460293	-0.0026653709003355867	-0.08065405039887584	0.022056436610568393	0.004937874175965324	0.048511632571189685	-0.009293661418467259	0.0420571473125026	-0.05360130455483033	-0.01351282988186257	-0.009719907458989723	-0.013588936201346272	-0.011738892501128318	0.04590875881156656	-0.027727878987838617	-0.0014459077880018725	0.005610202514080928	-0.0044762521471335736	0.012667858541406524	-0.0006122835209001048	-0.013217398974034466	-0.0005885515066996474	0.0314049036547815	-0.01714229294921778	0.008580265510199329	-0.004304152130834423	-0.002708015622423223	0.018252844244195578	-0.003750405345976658	-0.003799038277298349	0.00855493127692381	0.0028835396145781202	0.010644760833195594	-0.002498611656182745	0.003531632908916248	0.0027401503996461974	0.0	0.0	0.0	0.0	0.0	0.0	0.0	0.0	0.0	0.0	0.0	0.0	0.0	0.0	0.0	0.0	0.0	0.0	0.0	0.0	0.0	0.0	0.0	0.0	0.0	0.0	0.0	0.0	0.0	0.0	0.0	0.0	0.0	0.0	0.0	0.0	0.0	0.0	0.0	0.0	0.0	0.0	0.0	0.0	0.0	0.0	0.0	0.0	0.0	0.0	0.0	0.0	0.0	0.0	0.0	0.0	0.0	0.0	0.0	0.0	0.0	0.0	0.0	0.0	0.0	0.0	0.0	0.0	0.0	0.0	0.0	0.0	0.0	0.0	0.0	0.0	0.0	0.0	0.0	0.0	0.0	0.0	0.0	0.0	0.0	0.0	0.0	0.0	0.0	0.0	0.0	0.0	0.0	0.0	0.0	0.0	0.0	0.0	0.0	0.0	0.0	0.0	0.0	0.0	0.0	0.0	0.0	0.0	0.0	0.0	0.0	0.0	0.0	0.0	0.0	0.0	0.0	0.0	0.0	0.0	0.0	0.0	0.0	0.0	0.0	0.0	0.0	0.0	0.0	0.0	0.0	0.0	0.0	0.0	0.0	0.0	0.0	0.0	0.0	0.0
S2017t1_E23-T1b-Female	0.33896613170219775	0.15809743722156105	0.171250646154251	0.07060800148206368	0.0817684322831731	-0.04876655892442302	0.1024740325492462	-0.054024455525602165	0.12093457834403264	0.05505350944586632	-0.01975018804186774	-0.0025626933779107314	-0.00509623489368642	0.011032080910506309	0.038185197813224964	0.05592828820185983	0.016438797952184763	0.03863085627838177	-0.006325706163323019	0.007105445790475293	0.07830303103236268	-0.007038009931419749	-0.003290927589605401	0.034635346601212286	0.0742226159465446	0.06984868857130208	-0.021962137880677187	-0.009414799841341344	0.04384930557105089	-0.035679947606867844	-0.0051696136366069624	0.0009519384402989256	-0.011335605157374334	-0.011005811520270815	0.032464150180208165	-0.006463619212844806	0.05494047893955719	-0.038322720363294	-0.05528868645253277	0.023676299003164362	-0.015211851069484491	0.01400232997213158	-0.02611453854024864	-0.03544245869240212	-0.00384896535107136	-0.026579490214013766	0.007176415264887859	0.02159433661245499	-0.018026382125332308	0.00011873286956550321	0.024179025820778327	-0.004878929205372032	0.017490454069403454	0.0077278038763127005	0.014304518399123932	-0.0021630866334343777	-0.030975093716913288	-0.021274377236416776	-0.02702418719414047	0.015763161154890352	0.001454637461019286	-0.0004737210821835066	0.000549425106620019	0.008691076284686712	-0.015015501982728927	0.0011666741029863288	0.0039790728804111036	-0.010501378117084133	-0.023691259009451748	0.010278182490387028	-0.015614383007019946	0.015575415831883096	0.0032072419610698444	0.0010400017186777174	-0.0029236030441852873	0.0051317249393215796	0.004937362258416844	-0.0007069038131307137	0.002322403960941588	0.0	0.0	0.0	0.0	0.0	0.0	0.0	0.0	0.0	0.0	0.0	0.0	0.0	0.0	0.0	0.0	0.0	0.0	0.0	0.0	0.0	0.0	0.0	0.0	0.0	0.0	0.0	0.0	0.0	0.0	0.0	0.0	0.0	0.0	0.0	0.0	0.0	0.0	0.0	0.0	0.0	0.0	0.0	0.0	0.0	0.0	0.0	0.0	0.0	0.0	0.0	0.0	0.0	0.0	0.0	0.0	0.0	0.0	0.0	0.0	0.0	0.0	0.0	0.0	0.0	0.0	0.0	0.0	0.0	0.0	0.0	0.0	0.0	0.0	0.0	0.0	0.0	0.0	0.0	0.0	0.0	0.0	0.0	0.0	0.0	0.0	0.0	0.0	0.0	0.0	0.0	0.0	0.0	0.0	0.0	0.0	0.0	0.0	0.0	0.0	0.0	0.0	0.0	0.0	0.0	0.0	0.0	0.0	0.0	0.0	0.0	0.0	0.0	0.0	0.0	0.0	0.0	0.0	0.0	0.0	0.0	0.0	0.0	0.0	0.0	0.0	0.0	0.0	0.0	0.0	0.0	0.0	0.0	0.0	0.0	0.0	0.0	0.0	0.0	0.0
S2017t1_E23-T1b-Male	0.2093345724429423	0.00928107310459706	0.077504539064857	-0.06606139430497412	0.15591616639517064	0.07202392375055394	0.15950665653227886	0.017241354081804685	0.13199205914024192	-0.10458901897482811	-0.1735841633911691	-0.006171114469236895	-0.012781191896815291	0.10545959202221916	-0.025898304400676052	0.04818008388259395	-0.06483546020572589	0.07158400609424541	-0.1032596238809384	-0.031596490188006233	0.018699433405459535	0.06530544809112922	0.09939385994847451	0.07185761719645091	0.03625210104419596	0.06614810634917204	-0.026900676788104306	0.012088033552623254	0.053263866597627885	0.030475809178976014	0.06290268442149143	-0.005722772000235274	-0.04318433278129828	-0.023192934064583674	-0.011888536417321146	-0.010969660785638446	-0.04048699939594869	0.027486270501797725	0.04077620018318803	-0.06364400195842926	0.02442973955847513	0.054748726390440684	-0.02178218859115074	0.018246935854008568	0.018120174335672617	-0.04694642035581086	-0.04288913174889756	-0.007249367738692798	-0.021863774392121834	-0.022416415984628936	0.006073127875685205	0.013113947788117841	-0.004084473651312415	-0.016499399178331105	0.03152936264528813	0.01788985483498084	-0.016089457128808632	0.020457096653613244	-0.02752952635181889	0.014077129992975309	-0.009406262357443709	-0.011278043833761102	-0.005401564363361286	-0.006180823317350478	-0.01600649976921045	-0.019225822540367976	0.0035861521670697795	7.302770025110259e-05	0.0034490380237031963	-0.005039191360525901	0.002146146899203968	0.00016364961034238346	-0.007986590696224963	0.00984398523729102	-0.00566263352247063	0.002620750661086678	-0.0038231633831717813	0.0007269926601572746	-0.004592092051087418	0.0	0.0	0.0	0.0	0.0	0.0	0.0	0.0	0.0	0.0	0.0	0.0	0.0	0.0	0.0	0.0	0.0	0.0	0.0	0.0	0.0	0.0	0.0	0.0	0.0	0.0	0.0	0.0	0.0	0.0	0.0	0.0	0.0	0.0	0.0	0.0	0.0	0.0	0.0	0.0	0.0	0.0	0.0	0.0	0.0	0.0	0.0	0.0	0.0	0.0	0.0	0.0	0.0	0.0	0.0	0.0	0.0	0.0	0.0	0.0	0.0	0.0	0.0	0.0	0.0	0.0	0.0	0.0	0.0	0.0	0.0	0.0	0.0	0.0	0.0	0.0	0.0	0.0	0.0	0.0	0.0	0.0	0.0	0.0	0.0	0.0	0.0	0.0	0.0	0.0	0.0	0.0	0.0	0.0	0.0	0.0	0.0	0.0	0.0	0.0	0.0	0.0	0.0	0.0	0.0	0.0	0.0	0.0	0.0	0.0	0.0	0.0	0.0	0.0	0.0	0.0	0.0	0.0	0.0	0.0	0.0	0.0	0.0	0.0	0.0	0.0	0.0	0.0	0.0	0.0	0.0	0.0	0.0	0.0	0.0	0.0	0.0	0.0	0.0	0.0
S2017t1_E30-T1a-Female	0.1297207780805857	0.5257242174429149	-0.1676217727623261	-0.014744843530947595	-0.16933577531796246	-0.03219482978151929	-0.053673039975035225	0.011416490578081522	-0.033979302053839436	0.06648821917692826	0.08089546486176193	0.007468892192574383	-0.021383405889644585	0.018659403745657954	0.03949426304840702	-0.04863178611783675	0.002627105330470378	0.03263631092222581	-0.060915017429955746	0.001712432161434257	0.042976477229828405	-0.02458128560327966	-0.05987978107035653	-0.02772962658237892	0.03938065685162136	0.014322161634473507	0.03003767284165482	-0.06153170479417114	-0.040750557959794	-0.010982562153215263	0.0135812867542506	-0.01716759684012113	0.0003473249523539177	-0.02332678188308415	0.016823392734988403	-0.028438732894484554	0.008381120194999049	0.018080990893272638	-0.0073354817444572715	0.01467307516929106	-0.04644164664941204	-0.012363839592827155	-0.00476730981642247	0.041988990239802286	0.016943986900742062	0.009865790281977593	-0.0354027993379218	0.012849247050885857	-0.028447934708529115	0.014510099207158603	-0.04759408574575145	-0.019394337434015647	0.027148827341416906	-0.004071535514454343	0.007717782954674087	-0.040062375966844	0.007118505347612087	-0.014094194787761445	0.016462576849540233	-0.013399194326971488	0.01721343460469079	-0.003990577347396496	-0.016918811537190593	-0.0066233064278579685	-0.01904500899418559	-0.006388742755314337	0.007236593859692376	-0.0024416686860850288	0.009571568496786117	-0.006201174665582342	0.008154029974552607	0.006085308475053789	-0.006021680376831937	0.006869818745407561	-0.0030874283636194468	0.0006871566694601552	0.0029580752028809565	0.001789317325228787	0.0025666667371991455	0.0	0.0	0.0	0.0	0.0	0.0	0.0	0.0	0.0	0.0	0.0	0.0	0.0	0.0	0.0	0.0	0.0	0.0	0.0	0.0	0.0	0.0	0.0	0.0	0.0	0.0	0.0	0.0	0.0	0.0	0.0	0.0	0.0	0.0	0.0	0.0	0.0	0.0	0.0	0.0	0.0	0.0	0.0	0.0	0.0	0.0	0.0	0.0	0.0	0.0	0.0	0.0	0.0	0.0	0.0	0.0	0.0	0.0	0.0	0.0	0.0	0.0	0.0	0.0	0.0	0.0	0.0	0.0	0.0	0.0	0.0	0.0	0.0	0.0	0.0	0.0	0.0	0.0	0.0	0.0	0.0	0.0	0.0	0.0	0.0	0.0	0.0	0.0	0.0	0.0	0.0	0.0	0.0	0.0	0.0	0.0	0.0	0.0	0.0	0.0	0.0	0.0	0.0	0.0	0.0	0.0	0.0	0.0	0.0	0.0	0.0	0.0	0.0	0.0	0.0	0.0	0.0	0.0	0.0	0.0	0.0	0.0	0.0	0.0	0.0	0.0	0.0	0.0	0.0	0.0	0.0	0.0	0.0	0.0	0.0	0.0	0.0	0.0	0.0	0.0
S2017t1_E30-T1a-Male	0.21470367266674678	0.22279351097859523	-0.0853930651145825	-0.016398655404917695	0.059638897188777525	-0.012167554795147428	0.1589690449807262	0.0731743234377105	0.13034833584049346	-0.04425314255910977	-0.1578189961205101	-0.011091148508366582	-0.0437069136231114	0.15383619412777422	0.008839593272676801	-0.06376333547978232	-0.04014831840241443	-0.08201456651840251	0.0223116790169535	0.07158782751063908	-0.037431081087144394	0.09428098844802303	-0.03023185242372824	-0.004681068234215401	-0.019474036302429415	0.03993350461576932	-0.09429071054490684	0.030591940947016373	-0.00314095611989464	-0.031317594637070074	-0.030264981758344005	0.010595870101335343	0.016361351015471638	-0.004272943686827397	0.024893750102222157	0.036698511826952024	-0.004701263686337532	-0.030842675917798493	-0.032114451355060074	0.02166758569091728	0.014312917814197725	-0.024209295674029702	0.05021897650195373	-0.0225808076162475	0.004433678908021445	0.036010842881572455	0.04100814843362427	-0.003301605828284557	-0.017360383756803446	0.03049767582277428	-0.031974388881900274	0.0034599450355460217	0.013011172141082866	0.018884212708227537	0.0025198258985781093	-0.004925755698039377	-0.0007367027991644092	0.0030085265246737633	0.012050562962697678	-0.01602160808491444	-0.00039016089108997076	-0.03222450137217943	0.004244863485888054	0.00391358494927062	0.01429583080698872	-0.008848815445054994	-0.03150607817556489	-0.010658458745350964	-0.009513136429079866	0.004584671231390769	0.0024726749707156812	0.00237088965707656	0.0013239338644104094	-0.0033191796558310785	0.004385767453411536	0.0022051898558323704	0.003971054283277008	0.0008483847242484631	-0.0011218309696620495	0.0	0.0	0.0	0.0	0.0	0.0	0.0	0.0	0.0	0.0	0.0	0.0	0.0	0.0	0.0	0.0	0.0	0.0	0.0	0.0	0.0	0.0	0.0	0.0	0.0	0.0	0.0	0.0	0.0	0.0	0.0	0.0	0.0	0.0	0.0	0.0	0.0	0.0	0.0	0.0	0.0	0.0	0.0	0.0	0.0	0.0	0.0	0.0	0.0	0.0	0.0	0.0	0.0	0.0	0.0	0.0	0.0	0.0	0.0	0.0	0.0	0.0	0.0	0.0	0.0	0.0	0.0	0.0	0.0	0.0	0.0	0.0	0.0	0.0	0.0	0.0	0.0	0.0	0.0	0.0	0.0	0.0	0.0	0.0	0.0	0.0	0.0	0.0	0.0	0.0	0.0	0.0	0.0	0.0	0.0	0.0	0.0	0.0	0.0	0.0	0.0	0.0	0.0	0.0	0.0	0.0	0.0	0.0	0.0	0.0	0.0	0.0	0.0	0.0	0.0	0.0	0.0	0.0	0.0	0.0	0.0	0.0	0.0	0.0	0.0	0.0	0.0	0.0	0.0	0.0	0.0	0.0	0.0	0.0	0.0	0.0	0.0	0.0	0.0	0.0
S2017t1_E30-T1b-Female	0.11890949382144252	0.4509630801009663	-0.1864264161994686	-0.032968115086124836	-0.003709119785783015	-0.05263860413483354	-0.09872823080656598	-0.001193432299682928	-0.06223382017597038	0.047519265684583756	-0.07834355876724784	-0.0590661946830855	0.03659771304487533	0.07256676471726735	-0.01934471847738772	-0.05086191028078814	0.01803452379255942	-0.006529107273659295	-0.0756534378864548	-0.020564237680767365	0.01736037874376458	-0.0010447355694644205	-0.034560422687324864	-0.04545446563013889	0.06750162192544401	-0.008510791219821606	-0.005277027433849983	0.021110455821838597	-0.04586964599855888	-0.02056596121240365	0.030957353068029797	-0.004715792124786807	0.02588899477570468	-0.022536501989697314	0.03073494126809178	-0.015093920985689114	0.06368051673720619	-0.03922376814137958	0.04246151992845814	-0.013637202974286014	-0.02593164501653522	0.034421367621784146	0.01650142531916311	-0.03421764611006391	0.03487678221388706	-0.020691486282651047	-0.0007830064458279446	-0.011743392146720837	-0.004645789185646725	-0.029045022207158832	-0.02399987172424198	0.01033974468503042	0.019745406969684867	0.01530834877054839	0.004187095025477716	0.007198287723250885	-0.022239372013302807	0.023605975209524795	-0.010915071243088492	0.006525072682090298	0.010444004196922884	0.027486897342024738	-0.011303519952639033	-0.011808943970552597	-0.000676333215096334	0.002748630858104811	0.01656190293863305	-0.002485800859212362	0.014314258148852219	0.0021584104729264566	-0.003994450968883483	-0.003714048241929705	0.003737586881570612	-0.006076381991313055	-0.002758410204953094	0.005580457196753734	-0.005394022935789776	-0.005408516921195102	-0.00254971876413613	0.0	0.0	0.0	0.0	0.0	0.0	0.0	0.0	0.0	0.0	0.0	0.0	0.0	0.0	0.0	0.0	0.0	0.0	0.0	0.0	0.0	0.0	0.0	0.0	0.0	0.0	0.0	0.0	0.0	0.0	0.0	0.0	0.0	0.0	0.0	0.0	0.0	0.0	0.0	0.0	0.0	0.0	0.0	0.0	0.0	0.0	0.0	0.0	0.0	0.0	0.0	0.0	0.0	0.0	0.0	0.0	0.0	0.0	0.0	0.0	0.0	0.0	0.0	0.0	0.0	0.0	0.0	0.0	0.0	0.0	0.0	0.0	0.0	0.0	0.0	0.0	0.0	0.0	0.0	0.0	0.0	0.0	0.0	0.0	0.0	0.0	0.0	0.0	0.0	0.0	0.0	0.0	0.0	0.0	0.0	0.0	0.0	0.0	0.0	0.0	0.0	0.0	0.0	0.0	0.0	0.0	0.0	0.0	0.0	0.0	0.0	0.0	0.0	0.0	0.0	0.0	0.0	0.0	0.0	0.0	0.0	0.0	0.0	0.0	0.0	0.0	0.0	0.0	0.0	0.0	0.0	0.0	0.0	0.0	0.0	0.0	0.0	0.0	0.0	0.0
S2017t1_E30-T1b-Male	0.08084746621199242	0.3092073453026419	-0.16677223448581555	-0.11598868392240215	0.133277838242526	-0.04234194805831313	-0.010765849523527384	0.022183265386222183	-0.03498433556228597	0.028468543536438386	-0.11464457405658486	-0.0020302832036843015	-0.008776691885425356	0.05273189305752248	-0.04282017251060543	-0.09816348648709165	0.03914157144532918	0.008738127644824737	0.001819135527699297	0.08253927809747362	-0.04275800230205316	0.016379614740398007	-0.08995799284452911	-0.05507533293928026	-0.03567857152682712	0.02279260277190485	0.02143399297861869	0.014791326570820924	-0.034838328135616686	0.014528495746057862	0.04476913870826891	0.009006316508664907	0.060037033644628646	-0.007207363109235078	-0.021671311778330763	0.014823958247006542	-0.004800041709652334	0.008341626925362942	0.0595224039088842	0.029075372530638997	-0.052656824669631216	0.04490181065351958	-0.025944069904684626	4.3978370464733656e-05	-0.012469367158556295	0.006082720287454071	0.02030319824933757	-0.042862071393619354	0.035010943565591306	0.015494175851193765	0.003096299923131491	-0.013483030592938537	0.00168457790299085	0.020685808607211455	0.01365421621905342	0.0022864060064061633	-0.026904237517877377	0.014479608420082725	-0.006186657869787125	-0.018409348515816097	-0.028878344713344727	0.010009023195947415	-0.015001428614317204	-0.0062953691737004745	0.009193517546008808	-0.00033573369692624697	-0.012731021555447518	-0.001201100159168298	-0.019539890731337377	0.012354529863220892	0.0018403205345550882	0.0012044145269551555	0.0012052851521843035	0.00513023568826308	-0.00680865210913043	-0.0010166624406104414	0.004779080321566756	0.0018439647386011987	-0.002474537876798023	0.0	0.0	0.0	0.0	0.0	0.0	0.0	0.0	0.0	0.0	0.0	0.0	0.0	0.0	0.0	0.0	0.0	0.0	0.0	0.0	0.0	0.0	0.0	0.0	0.0	0.0	0.0	0.0	0.0	0.0	0.0	0.0	0.0	0.0	0.0	0.0	0.0	0.0	0.0	0.0	0.0	0.0	0.0	0.0	0.0	0.0	0.0	0.0	0.0	0.0	0.0	0.0	0.0	0.0	0.0	0.0	0.0	0.0	0.0	0.0	0.0	0.0	0.0	0.0	0.0	0.0	0.0	0.0	0.0	0.0	0.0	0.0	0.0	0.0	0.0	0.0	0.0	0.0	0.0	0.0	0.0	0.0	0.0	0.0	0.0	0.0	0.0	0.0	0.0	0.0	0.0	0.0	0.0	0.0	0.0	0.0	0.0	0.0	0.0	0.0	0.0	0.0	0.0	0.0	0.0	0.0	0.0	0.0	0.0	0.0	0.0	0.0	0.0	0.0	0.0	0.0	0.0	0.0	0.0	0.0	0.0	0.0	0.0	0.0	0.0	0.0	0.0	0.0	0.0	0.0	0.0	0.0	0.0	0.0	0.0	0.0	0.0	0.0	0.0	0.0
S2017t2_E11-T2a-Male_C7D5_5f	-0.15910525292258543	0.2955577561571116	0.25087846332388297	-0.270029008812655	-0.014437604857078507	0.039513211692247814	-0.0068378040311438916	-0.0020143739930081994	-0.027353611439005464	0.04963117486161818	0.04673276709513878	0.019643197053866083	-0.033785123186332255	-0.008158626725900066	0.06319350363286147	-0.017914387296649494	-0.07755949085239149	0.10872080452753964	0.007639727222577851	0.003632265257324624	-0.0031739181447171844	-0.05655634229402295	-0.023538923722125245	-0.08363051407029945	0.04720556321843427	-0.027195644874334613	0.04157341577964889	-0.0007148789171543951	0.02700345531165052	-0.0020865433783338726	-0.04044895707989987	0.03790294610137589	-0.05169486091848235	-0.0344823901688849	0.04142678559695718	0.019190460685740478	-0.06184537524318852	-0.04990103972854439	0.017305189225153807	-0.02111011510800552	0.0007490750450720969	0.03964965124581899	-0.0005103348033190716	-0.027683058159187455	-0.004651948657191583	-0.023714690103029807	-0.012377101955716719	-0.05176580376952669	-0.08691068953528222	0.03143640619221822	0.009553222223544685	0.031516796687090176	0.03137043463383049	0.014583907450567106	-0.034206609620314854	0.03657069188398044	0.0354034651227649	-0.031887135864580196	0.022632774926532588	0.010292143469342591	-0.033221427205284135	0.012995396284282338	0.008964460390711297	0.019729630154566354	-0.0036248420922282473	0.006547312229531549	-0.0015748375760277426	0.01424011336710855	0.002664407124759314	-0.01475789324891604	0.008806778394105801	0.0001323083188502235	-0.0064372712111590725	0.006717684621807675	-0.00932116593203098	-0.006193944842936475	-0.0009499097454181819	0.0017933900571218513	0.0008801608757095495	0.0	0.0	0.0	0.0	0.0	0.0	0.0	0.0	0.0	0.0	0.0	0.0	0.0	0.0	0.0	0.0	0.0	0.0	0.0	0.0	0.0	0.0	0.0	0.0	0.0	0.0	0.0	0.0	0.0	0.0	0.0	0.0	0.0	0.0	0.0	0.0	0.0	0.0	0.0	0.0	0.0	0.0	0.0	0.0	0.0	0.0	0.0	0.0	0.0	0.0	0.0	0.0	0.0	0.0	0.0	0.0	0.0	0.0	0.0	0.0	0.0	0.0	0.0	0.0	0.0	0.0	0.0	0.0	0.0	0.0	0.0	0.0	0.0	0.0	0.0	0.0	0.0	0.0	0.0	0.0	0.0	0.0	0.0	0.0	0.0	0.0	0.0	0.0	0.0	0.0	0.0	0.0	0.0	0.0	0.0	0.0	0.0	0.0	0.0	0.0	0.0	0.0	0.0	0.0	0.0	0.0	0.0	0.0	0.0	0.0	0.0	0.0	0.0	0.0	0.0	0.0	0.0	0.0	0.0	0.0	0.0	0.0	0.0	0.0	0.0	0.0	0.0	0.0	0.0	0.0	0.0	0.0	0.0	0.0	0.0	0.0	0.0	0.0	0.0	0.0
S2017t2_E11-T2a-Male	-0.32466160350247225	0.1969743415130128	0.20673059005736405	-0.0005779952884821786	-0.0029156696141075518	-0.06401671173304516	-0.03376555407664958	0.058671672583292485	0.003651296400943173	0.004061158727488615	-0.07676881375788912	0.021723917195245638	0.03335671452425822	-0.05828262371444779	0.03289970472448625	-0.02532145189949657	-0.030791339581674054	0.0208758443402421	-0.06537548750562792	-0.012422171097854354	0.052408529309747674	0.036621134387711925	0.026527924429874162	-0.0278407673135215	0.0563000862865034	-0.011000425533126405	-0.026414857529278492	0.0023890420442928607	-0.0032549257576661144	-0.02102659012454463	-0.0047807862090695355	-0.004804355174520401	0.05756136492136859	-0.003264508751647841	0.006058748398527441	0.018484767118156192	-0.025403239168430652	0.03947853627772109	0.0497773591055817	-0.02482791986756104	-0.061328243567714616	0.00908216412222784	-0.006312472394390577	-0.004186370294901489	0.03764437097305686	0.019550440392432	-0.022467772863662097	0.006758416833022365	-0.017876518211565058	-0.005002108207977056	-0.0005195000320750763	0.01376181279725232	-0.024982867476832416	0.019275128357020607	0.032564731490962666	0.013327866626299067	-0.016781105168330382	0.01552543812943245	-0.0020229622733134453	0.00510413718701882	0.01290400043717852	-0.008667764363409122	-0.020036319386690555	-0.007971102936967433	0.008515010092638366	-0.00390688390233108	0.0022425488525470356	-0.006402046657746233	-0.01575469063614096	-0.0049095205012213506	0.01232396506703865	0.008634659404395614	-0.0033867606463330695	-0.0015722112059545566	-0.00030966934403511875	-0.0008103120817700488	0.0010050410906842586	-0.005127206144782031	-0.0008458839171257732	0.0	0.0	0.0	0.0	0.0	0.0	0.0	0.0	0.0	0.0	0.0	0.0	0.0	0.0	0.0	0.0	0.0	0.0	0.0	0.0	0.0	0.0	0.0	0.0	0.0	0.0	0.0	0.0	0.0	0.0	0.0	0.0	0.0	0.0	0.0	0.0	0.0	0.0	0.0	0.0	0.0	0.0	0.0	0.0	0.0	0.0	0.0	0.0	0.0	0.0	0.0	0.0	0.0	0.0	0.0	0.0	0.0	0.0	0.0	0.0	0.0	0.0	0.0	0.0	0.0	0.0	0.0	0.0	0.0	0.0	0.0	0.0	0.0	0.0	0.0	0.0	0.0	0.0	0.0	0.0	0.0	0.0	0.0	0.0	0.0	0.0	0.0	0.0	0.0	0.0	0.0	0.0	0.0	0.0	0.0	0.0	0.0	0.0	0.0	0.0	0.0	0.0	0.0	0.0	0.0	0.0	0.0	0.0	0.0	0.0	0.0	0.0	0.0	0.0	0.0	0.0	0.0	0.0	0.0	0.0	0.0	0.0	0.0	0.0	0.0	0.0	0.0	0.0	0.0	0.0	0.0	0.0	0.0	0.0	0.0	0.0	0.0	0.0	0.0	0.0
S2017t2_E11-T2b-Female	-0.17414475480813532	0.22535281907247554	0.2981472814864143	-0.1679197721498027	0.05132147564353892	-0.009436598322504219	-0.014264161902339421	-0.09425117645203034	-0.010016843762590748	0.07953166096752631	0.04885391678923971	-0.01639930383206497	-0.023887038388242746	0.04207505258717381	0.055966937610354324	0.012880655725440447	0.0211088388108907	-0.007647994900460773	0.022075591589587995	-0.0025442412794544522	0.013379132639670855	0.008652395177812258	-0.0020449886294582028	-0.028536991922627538	0.020062343933382923	0.030010955709513495	0.02742343932052994	-0.017293547665140768	-0.07092431713584647	-0.07463946217752225	0.03428678766386267	0.026493122190585448	-0.00025060422648163637	-0.02113947155695728	0.02763656009609659	-0.0668428117197539	-0.02444959355470862	0.02936179925233124	-0.023203739443812606	0.02302938729067791	-0.01803501968455956	0.013833152624252677	-0.020860857494351875	-0.023296420005325585	0.0032685700795822264	-0.007587985573205786	0.008814413404431192	0.023890636867010106	-0.00787333894311331	-0.0073764618142409324	-0.05559178788491867	-0.029930236825149586	0.0033886029585227886	0.016668215442687102	0.007013369307630449	-0.007043708587718188	0.007733466796152937	0.0034725266156386708	-0.005120796741806256	-0.015233517518417547	0.017034764092909445	0.021228533486686452	-0.0077975723637885835	-0.005913031777130354	-0.01073876637007667	-0.0031905089595635466	0.01088252302499103	0.0008279774150020934	-0.00579073769695738	0.0003673162887210806	-0.0006031473922226365	0.009032816189182058	-0.010925924007373859	-0.00020437849656807644	-0.0015682045196677508	0.005482872169841025	-0.0007007690703661264	-0.005662272749495578	-0.0027992708308242032	0.0	0.0	0.0	0.0	0.0	0.0	0.0	0.0	0.0	0.0	0.0	0.0	0.0	0.0	0.0	0.0	0.0	0.0	0.0	0.0	0.0	0.0	0.0	0.0	0.0	0.0	0.0	0.0	0.0	0.0	0.0	0.0	0.0	0.0	0.0	0.0	0.0	0.0	0.0	0.0	0.0	0.0	0.0	0.0	0.0	0.0	0.0	0.0	0.0	0.0	0.0	0.0	0.0	0.0	0.0	0.0	0.0	0.0	0.0	0.0	0.0	0.0	0.0	0.0	0.0	0.0	0.0	0.0	0.0	0.0	0.0	0.0	0.0	0.0	0.0	0.0	0.0	0.0	0.0	0.0	0.0	0.0	0.0	0.0	0.0	0.0	0.0	0.0	0.0	0.0	0.0	0.0	0.0	0.0	0.0	0.0	0.0	0.0	0.0	0.0	0.0	0.0	0.0	0.0	0.0	0.0	0.0	0.0	0.0	0.0	0.0	0.0	0.0	0.0	0.0	0.0	0.0	0.0	0.0	0.0	0.0	0.0	0.0	0.0	0.0	0.0	0.0	0.0	0.0	0.0	0.0	0.0	0.0	0.0	0.0	0.0	0.0	0.0	0.0	0.0
S2017t2_E11-T2b-Male	-0.3093307399821706	0.25292258901651177	0.0445706174789924	-0.17243009876933837	-0.037410088622541506	-0.013165706616657863	0.032279893487648766	0.05819701269630174	-0.0474530788083615	0.0044221825713604635	0.04401130625554165	-0.04737583337070979	-0.10601557405770866	-0.05945874049432241	0.03545723439387188	-0.03419307520126338	-0.050665713734119606	-0.02278998168676398	0.01963837821765564	0.05539749099006487	-0.04835168739786078	0.020174150604788225	0.017186776261748426	0.04147789583417854	-0.050030864736063975	0.01976799215861469	0.025089828845744372	-0.0651839822099211	0.01821587440344876	0.0368048931569353	0.007227640560668211	-0.00359997167217197	-0.009624957109468505	0.04737742595710987	-0.025488131075223835	0.0065793955978616725	0.04841700369591167	-0.029273844278936208	-0.01338314890586836	0.002220440257846865	-0.003659952168330618	-0.016410000986011343	0.020832075589440342	0.014520729444167506	0.003887733004380351	-0.01371669005052353	0.026670959525211455	0.0016779421682548245	0.014130028681754909	-0.004906781741447944	0.010599976309436458	0.021494911060042473	-0.009795072685840567	-0.011946106004833852	-0.0007772946857759055	-0.03037924133665977	-0.03405774653327821	-0.01209169765794068	0.014053483195090512	0.004364996240453569	0.012813511605420389	-0.003942671504117217	-0.018135073703034084	-0.018015084140893752	0.016564811378078276	-0.01116537765445434	-0.0012075324539402384	-0.012611537140862746	0.010022599687376442	0.01052706840676552	0.0058832497570761874	0.00023194138488137888	-0.02380841746265688	0.00026474592634777495	-0.008513647668190707	-0.013516700414414884	0.007577255468167691	-0.0012956893645392803	-0.003438504259204842	0.0	0.0	0.0	0.0	0.0	0.0	0.0	0.0	0.0	0.0	0.0	0.0	0.0	0.0	0.0	0.0	0.0	0.0	0.0	0.0	0.0	0.0	0.0	0.0	0.0	0.0	0.0	0.0	0.0	0.0	0.0	0.0	0.0	0.0	0.0	0.0	0.0	0.0	0.0	0.0	0.0	0.0	0.0	0.0	0.0	0.0	0.0	0.0	0.0	0.0	0.0	0.0	0.0	0.0	0.0	0.0	0.0	0.0	0.0	0.0	0.0	0.0	0.0	0.0	0.0	0.0	0.0	0.0	0.0	0.0	0.0	0.0	0.0	0.0	0.0	0.0	0.0	0.0	0.0	0.0	0.0	0.0	0.0	0.0	0.0	0.0	0.0	0.0	0.0	0.0	0.0	0.0	0.0	0.0	0.0	0.0	0.0	0.0	0.0	0.0	0.0	0.0	0.0	0.0	0.0	0.0	0.0	0.0	0.0	0.0	0.0	0.0	0.0	0.0	0.0	0.0	0.0	0.0	0.0	0.0	0.0	0.0	0.0	0.0	0.0	0.0	0.0	0.0	0.0	0.0	0.0	0.0	0.0	0.0	0.0	0.0	0.0	0.0	0.0	0.0
S2017t2_E13-T2a-Female	-0.10745755451447726	0.3542534709242135	0.23606978562124029	-0.34608780676442635	0.00035714353297208105	0.05846489412961959	-0.055207360976185206	0.0502078675281161	-0.020835312150496412	0.09089934536962113	0.04387842879500521	0.08803671906240663	-0.06625368539774702	-0.002738598549769191	-0.007056997814935154	0.05118757095637498	-0.03605651724833652	0.0919613809684898	-0.05261372946884446	0.006201966774166835	0.04760443777523892	0.0036997213487162035	0.0036984428279970053	-0.0001871088781411339	-0.01324104767976867	0.06630505968117145	-0.06002255428499719	-0.03867563330996573	0.00570065087847678	0.03819536034481477	0.007504180445706672	-0.026632188835470295	-0.01342146081712664	0.06407028748972024	1.9216984169634948e-05	0.03569089820652158	0.0024502567709109406	-0.029701415448515102	-0.023172290642391853	0.028749873048953583	0.005158534666940219	-0.030094484219341522	0.015365909437502951	0.032404263619750455	0.030041649767044182	-0.03167682566644444	-0.007189853422629317	-0.006395193501561958	0.040525840164616245	-0.016495543788040214	0.011710313771047134	0.015256858867213443	-0.0015587529453484116	-0.016492556877445615	0.023353527523590552	-0.010698695431906031	0.0003350818815362751	0.006821437642716836	-0.0037262689630212145	0.01419199552688699	-0.009506434516140508	-0.023749956580006948	0.014098463505635357	0.0018563647929124973	-0.002564714104121965	0.0083446544967242	-0.0066370424341324185	0.004528314938780081	0.004055364470734984	-0.0038764717896113982	-0.009149545305869616	-0.010503544231080884	0.021051450861418526	-0.017637749651538998	-5.044337942386791e-05	-0.006350129982262481	-0.004172748668845673	-0.001177147416474188	0.001656723866176625	0.0	0.0	0.0	0.0	0.0	0.0	0.0	0.0	0.0	0.0	0.0	0.0	0.0	0.0	0.0	0.0	0.0	0.0	0.0	0.0	0.0	0.0	0.0	0.0	0.0	0.0	0.0	0.0	0.0	0.0	0.0	0.0	0.0	0.0	0.0	0.0	0.0	0.0	0.0	0.0	0.0	0.0	0.0	0.0	0.0	0.0	0.0	0.0	0.0	0.0	0.0	0.0	0.0	0.0	0.0	0.0	0.0	0.0	0.0	0.0	0.0	0.0	0.0	0.0	0.0	0.0	0.0	0.0	0.0	0.0	0.0	0.0	0.0	0.0	0.0	0.0	0.0	0.0	0.0	0.0	0.0	0.0	0.0	0.0	0.0	0.0	0.0	0.0	0.0	0.0	0.0	0.0	0.0	0.0	0.0	0.0	0.0	0.0	0.0	0.0	0.0	0.0	0.0	0.0	0.0	0.0	0.0	0.0	0.0	0.0	0.0	0.0	0.0	0.0	0.0	0.0	0.0	0.0	0.0	0.0	0.0	0.0	0.0	0.0	0.0	0.0	0.0	0.0	0.0	0.0	0.0	0.0	0.0	0.0	0.0	0.0	0.0	0.0	0.0	0.0
S2017t2_E13-T2a-Male	-0.32008117015047544	0.27269086440757445	-0.16124229398200238	-0.24969036708193426	0.016997960695035404	0.06719105975716846	-0.05594027314134781	-0.0055408757897361305	-0.07469413727268548	0.10397761531909382	0.08969664577138291	-0.08965156889122058	-0.044242073047688825	0.03923823355457771	-0.061698841423891274	0.08366411932358976	0.005634738056533426	0.013615420912713288	0.02838885662736255	-0.02248679193678309	0.03418832204369065	0.02236472658900625	0.04000647160812057	0.027815123734318044	-0.05426605879928878	0.023781045953938134	-0.03445644229223477	-0.009158530463962384	-0.005344510999283167	0.005392060466961319	-0.00781793196337536	0.001221450208351864	-0.012284180050801848	-0.027705121989912405	0.028087159049416922	0.028188970537593366	-0.006610188857734085	-0.015382546832605794	0.0017502180891571357	0.026026480785532647	0.014133060711693353	0.004026323566641889	0.02553765955556736	0.048302418926039106	-0.002358410978074635	-0.014907232591812083	-0.0036146679931621387	-0.012873424463681844	-0.0035664300430145253	-0.031594073482846124	0.002717200678674143	0.011097887476877575	-0.011491968454656446	0.035568916837557356	0.018911162934705	0.013232758134139848	-0.004410002884666211	-0.01029086287073824	0.019399337141481853	0.006250942522706482	0.01955338439787329	0.01931829561533942	0.033563131184349955	-0.01757818207446226	-0.012557921984228726	-0.001980438099906853	0.00789166889511356	-0.032736889600803266	-0.0321935086386105	-0.0005825244937602767	-0.008944797471406562	0.004725197582930861	0.022478231714063542	-0.001227843650681331	-0.008971812462159905	-0.008210442911345131	-0.008705191630537885	-0.0029660828145447286	-0.0006731239671284724	0.0	0.0	0.0	0.0	0.0	0.0	0.0	0.0	0.0	0.0	0.0	0.0	0.0	0.0	0.0	0.0	0.0	0.0	0.0	0.0	0.0	0.0	0.0	0.0	0.0	0.0	0.0	0.0	0.0	0.0	0.0	0.0	0.0	0.0	0.0	0.0	0.0	0.0	0.0	0.0	0.0	0.0	0.0	0.0	0.0	0.0	0.0	0.0	0.0	0.0	0.0	0.0	0.0	0.0	0.0	0.0	0.0	0.0	0.0	0.0	0.0	0.0	0.0	0.0	0.0	0.0	0.0	0.0	0.0	0.0	0.0	0.0	0.0	0.0	0.0	0.0	0.0	0.0	0.0	0.0	0.0	0.0	0.0	0.0	0.0	0.0	0.0	0.0	0.0	0.0	0.0	0.0	0.0	0.0	0.0	0.0	0.0	0.0	0.0	0.0	0.0	0.0	0.0	0.0	0.0	0.0	0.0	0.0	0.0	0.0	0.0	0.0	0.0	0.0	0.0	0.0	0.0	0.0	0.0	0.0	0.0	0.0	0.0	0.0	0.0	0.0	0.0	0.0	0.0	0.0	0.0	0.0	0.0	0.0	0.0	0.0	0.0	0.0	0.0	0.0
S2017t2_E13-T2b-Female	0.006226441871788335	0.16857150466304605	0.21291956234365914	-0.20714077376576964	0.16874431059327796	-0.019780309464076794	0.05939023720438955	-0.026657796184917187	0.036865432203066484	0.09668074659751599	-0.014054482680719528	0.0670169235842112	0.09590964489126222	-0.01596508904176871	-0.06038577368977937	0.029283930440942945	0.1360877333369321	-0.05297421480557056	-0.008290051664709447	0.0070637877732849155	-0.012554327281383925	0.023022931939339582	-0.029157903839498435	0.0017589837153425983	0.025058921627717733	0.036440136238794565	0.029512116116413193	0.08622629327116424	-0.02576279557463008	-0.0030413837365465064	0.045682532939730604	0.04647344034384541	0.032444779230558725	-0.012279695845102469	-0.0266183959604944	-0.0004483300177371033	-0.011440317380280923	-0.05216742936141986	-0.026753787689070004	0.05143479442351426	0.007232255150121064	0.030454050453157574	-0.05039903725480576	0.02911817329720874	-0.0357588101800539	-0.009323587615137139	0.02690959735063513	0.024717255187045647	0.015665693783739266	-0.01187046486015708	-0.0005036670605455108	0.011464981775034466	-0.008785670492241913	-0.01560003057313083	0.02805417788703906	0.027754925436105672	0.018288280019531023	-0.00519683348134359	0.013170083647514623	0.007648606712627429	-0.00045256374198857584	0.00858241525629152	0.005993900028061881	-0.016598694840556216	0.00712037156219844	0.0032600415367107652	0.020126455355323095	0.0063610758095829	0.007380612516945214	-0.00257582473251039	0.0011609202494612132	0.005298140050589106	0.0026973654802712626	0.00679760688887718	-0.0021377186953279092	-0.0012814490596475049	0.0010061395534302147	-0.000548857779690916	-0.0017585448383469066	0.0	0.0	0.0	0.0	0.0	0.0	0.0	0.0	0.0	0.0	0.0	0.0	0.0	0.0	0.0	0.0	0.0	0.0	0.0	0.0	0.0	0.0	0.0	0.0	0.0	0.0	0.0	0.0	0.0	0.0	0.0	0.0	0.0	0.0	0.0	0.0	0.0	0.0	0.0	0.0	0.0	0.0	0.0	0.0	0.0	0.0	0.0	0.0	0.0	0.0	0.0	0.0	0.0	0.0	0.0	0.0	0.0	0.0	0.0	0.0	0.0	0.0	0.0	0.0	0.0	0.0	0.0	0.0	0.0	0.0	0.0	0.0	0.0	0.0	0.0	0.0	0.0	0.0	0.0	0.0	0.0	0.0	0.0	0.0	0.0	0.0	0.0	0.0	0.0	0.0	0.0	0.0	0.0	0.0	0.0	0.0	0.0	0.0	0.0	0.0	0.0	0.0	0.0	0.0	0.0	0.0	0.0	0.0	0.0	0.0	0.0	0.0	0.0	0.0	0.0	0.0	0.0	0.0	0.0	0.0	0.0	0.0	0.0	0.0	0.0	0.0	0.0	0.0	0.0	0.0	0.0	0.0	0.0	0.0	0.0	0.0	0.0	0.0	0.0	0.0
S2017t2_E13-T2b-Male	-0.39686508885604144	0.22237075398752432	0.11684729370635638	0.024051746833876154	-0.0620038161121975	-0.05832366996625256	-0.040260311906543556	0.12513670052748466	0.005035217056836696	-0.021323061414979912	-0.04784961404042076	0.051623742833790454	-0.03397622510680554	-0.03926821667067495	0.025874834068345964	-0.05019679953541072	-0.06501809385526909	-0.0010458958425254938	-0.07976160740799265	0.003324199564888156	-0.005636430859651112	-0.015021360378433312	-0.013652878081671272	-0.015823413808198614	-0.02248051553756585	-0.07581536464820517	0.009838512207937503	-0.013138198784334068	0.025462217959876743	-0.02861077484483233	0.01767985383845096	-0.015488900897824084	0.029200629280475166	0.007413939741145573	-0.00014225463764479856	-0.020142999119957948	-0.003267435852253808	-0.0069950302158832255	-0.00875356715709172	0.036396921709607746	0.010640067548276433	0.02806038423117617	0.02970403011624923	-0.007245075884711904	-0.003356616217517373	-0.02046538193246135	0.005895289113634749	0.013162217050014163	-0.0023247829925956954	-0.014955930644929408	-0.0024956258482228054	-0.004007592989095804	0.02210595635863422	0.007689603904792552	0.013051970047095213	-0.03911849105468927	0.002237994847283189	-0.002622775366083193	0.004047213285012599	-0.01661215029747568	0.014112085956925223	0.009409421951933688	-0.012471102926230479	-0.014030387218393014	-0.018005424037971438	-0.0049651428416111355	-0.0012135741197847867	0.013154715382908718	0.00346899514041355	-0.011184313826858423	-0.014240257042565227	-0.002791463710386826	0.005976887231167061	0.0026572036572702013	-0.001354170041697112	0.009243070950469055	-0.001573837570955265	0.006741809477409412	0.0018517733039543197	0.0	0.0	0.0	0.0	0.0	0.0	0.0	0.0	0.0	0.0	0.0	0.0	0.0	0.0	0.0	0.0	0.0	0.0	0.0	0.0	0.0	0.0	0.0	0.0	0.0	0.0	0.0	0.0	0.0	0.0	0.0	0.0	0.0	0.0	0.0	0.0	0.0	0.0	0.0	0.0	0.0	0.0	0.0	0.0	0.0	0.0	0.0	0.0	0.0	0.0	0.0	0.0	0.0	0.0	0.0	0.0	0.0	0.0	0.0	0.0	0.0	0.0	0.0	0.0	0.0	0.0	0.0	0.0	0.0	0.0	0.0	0.0	0.0	0.0	0.0	0.0	0.0	0.0	0.0	0.0	0.0	0.0	0.0	0.0	0.0	0.0	0.0	0.0	0.0	0.0	0.0	0.0	0.0	0.0	0.0	0.0	0.0	0.0	0.0	0.0	0.0	0.0	0.0	0.0	0.0	0.0	0.0	0.0	0.0	0.0	0.0	0.0	0.0	0.0	0.0	0.0	0.0	0.0	0.0	0.0	0.0	0.0	0.0	0.0	0.0	0.0	0.0	0.0	0.0	0.0	0.0	0.0	0.0	0.0	0.0	0.0	0.0	0.0	0.0	0.0
S2017t2_E14-T2a-Female	-0.060507988517770984	0.201848888216676	-0.027561620976123923	-0.27856532581809557	0.21372210347437828	-0.02128063657758288	0.023718106099104096	0.0848978567863703	0.011841233848618567	0.024820872359007033	-0.02125944744646231	0.03085435059011045	0.006620758618609827	-0.11424162358661451	-0.03570478741066238	0.012595517187196816	-0.032783789176505894	0.02218064781579668	-0.07776791562063361	0.03089769433658524	0.007278932887108138	-0.035349612489380004	-0.02044032054836326	-0.05501974873670193	-0.007342547389449324	-0.029898412665431924	-0.03651298299865719	-0.015287325344000766	-0.009834007445458549	-0.03917641104598395	-0.023928704437347695	-0.010333176585278016	-0.028168769566329462	-0.008534502341417735	0.004026885171094782	-0.024781341473095284	-0.00800319698205087	0.05854395126378612	-0.020088531825954	-0.022249405765016217	0.012184838654003917	0.0011577134044364	0.003972293722967452	-0.001154094313209819	-0.0010073492400193842	0.0026865801956930716	0.007782327651779672	0.000653191211649824	-0.02787315496951338	0.026456207824299728	0.013184222693499212	-0.02784964751270151	0.018442906287319986	-0.009575172210196329	-0.016473968643940188	0.009466096849825738	-0.008910308058033493	0.002071911376027635	-0.024081640888738223	-0.020536972198486256	0.017747396193319838	0.03278897488976919	0.013515272357867009	-0.007621157066844644	0.004448302844979641	0.0007996177574564966	-0.012858922167267528	0.007634548507609691	-0.004695421161905935	-0.010511766547134817	-0.014130515087318734	0.0002303594576688497	-0.001536064969641337	0.0005631397492838968	-0.008985603887580554	-0.0034175866683893376	-0.0010981128186054066	0.001109037428400586	0.0012307962930132685	0.0	0.0	0.0	0.0	0.0	0.0	0.0	0.0	0.0	0.0	0.0	0.0	0.0	0.0	0.0	0.0	0.0	0.0	0.0	0.0	0.0	0.0	0.0	0.0	0.0	0.0	0.0	0.0	0.0	0.0	0.0	0.0	0.0	0.0	0.0	0.0	0.0	0.0	0.0	0.0	0.0	0.0	0.0	0.0	0.0	0.0	0.0	0.0	0.0	0.0	0.0	0.0	0.0	0.0	0.0	0.0	0.0	0.0	0.0	0.0	0.0	0.0	0.0	0.0	0.0	0.0	0.0	0.0	0.0	0.0	0.0	0.0	0.0	0.0	0.0	0.0	0.0	0.0	0.0	0.0	0.0	0.0	0.0	0.0	0.0	0.0	0.0	0.0	0.0	0.0	0.0	0.0	0.0	0.0	0.0	0.0	0.0	0.0	0.0	0.0	0.0	0.0	0.0	0.0	0.0	0.0	0.0	0.0	0.0	0.0	0.0	0.0	0.0	0.0	0.0	0.0	0.0	0.0	0.0	0.0	0.0	0.0	0.0	0.0	0.0	0.0	0.0	0.0	0.0	0.0	0.0	0.0	0.0	0.0	0.0	0.0	0.0	0.0	0.0	0.0
S2017t2_E14-T2a-Male	-0.22948248522109557	0.06421265144427749	0.28692761685062146	0.1092954618016161	0.10692568574262629	-0.07961725964967238	-0.03412671932876542	-0.035695357415262675	0.047065933965917565	0.030151665703697223	-0.09974523061449181	0.0033488730509868485	0.09425020772553487	0.03064566339060618	0.013828419143234318	0.04445974630246804	0.04762305086303621	-0.030248128707431456	0.011075488199239791	-0.02520004668477596	0.048279034426415394	-0.019591335383876942	0.039706334062012294	0.027864098587424665	0.0314722163508054	-0.003673659929560725	-0.038703716516497844	-0.02925718454057296	0.02301773905166187	-0.014317510219806328	-0.012761518592233503	0.003710693102830512	0.0353472577436069	0.03215059337482717	0.03330441101994838	0.002469555479835314	-0.038466840641414125	-0.0628822085677863	-0.026802832195931603	-0.005316420152714932	0.007104521124847941	0.0020260980889259934	0.04297216532768779	-0.014208417225434323	0.012556549750971473	-0.0011501833215820424	-5.7116100761172714e-05	0.0123122561999669	-0.016417058793457055	0.010051567461146348	-0.009668702453274286	-0.004615351649014234	0.005676361408662649	0.021739220024602945	0.0032005012130432004	0.01242193282930311	0.009915741839984423	-0.007601638705513219	-0.012493830499279903	-0.02133601067169529	0.018866654230264485	-0.004722813348356494	-0.0007201605968653816	-0.0150822035320816	0.01079293860507881	0.007971132720142927	0.016919505537293118	0.019354980976366638	-0.009782786380307188	0.000671418331171704	-0.0008197068449464511	0.009141663693443257	0.02511206775234979	-0.0023371579595631332	0.0017171940842084336	-0.009577195118066898	-0.0018795651876497533	0.002847985930252462	0.0002965553408331555	0.0	0.0	0.0	0.0	0.0	0.0	0.0	0.0	0.0	0.0	0.0	0.0	0.0	0.0	0.0	0.0	0.0	0.0	0.0	0.0	0.0	0.0	0.0	0.0	0.0	0.0	0.0	0.0	0.0	0.0	0.0	0.0	0.0	0.0	0.0	0.0	0.0	0.0	0.0	0.0	0.0	0.0	0.0	0.0	0.0	0.0	0.0	0.0	0.0	0.0	0.0	0.0	0.0	0.0	0.0	0.0	0.0	0.0	0.0	0.0	0.0	0.0	0.0	0.0	0.0	0.0	0.0	0.0	0.0	0.0	0.0	0.0	0.0	0.0	0.0	0.0	0.0	0.0	0.0	0.0	0.0	0.0	0.0	0.0	0.0	0.0	0.0	0.0	0.0	0.0	0.0	0.0	0.0	0.0	0.0	0.0	0.0	0.0	0.0	0.0	0.0	0.0	0.0	0.0	0.0	0.0	0.0	0.0	0.0	0.0	0.0	0.0	0.0	0.0	0.0	0.0	0.0	0.0	0.0	0.0	0.0	0.0	0.0	0.0	0.0	0.0	0.0	0.0	0.0	0.0	0.0	0.0	0.0	0.0	0.0	0.0	0.0	0.0	0.0	0.0
S2017t2_E14-T2b-Female	-0.1523769306158964	0.30748769710425294	0.1610990111781261	-0.2999470696212079	0.011179573488049436	0.0393582733050585	-0.03414749435953106	0.033177801724601844	-0.04649091601074251	0.05372944641000027	0.013967419147743233	0.01024549330068078	-0.07427206748556987	-0.011551666457483789	0.012506005650938927	0.08419649234305092	-0.0760699459276076	0.09241594595713096	-0.008693588251999916	-0.044897074036250297	0.032887674928793936	0.05039057595292587	-0.02062142541568747	-0.03192740368779251	0.0076574699178277	-0.015847906130295	-0.03312969072906546	-0.029748833459873083	0.018812609359146106	-0.0029263744472555575	-0.05267627381036951	-0.0033874259286991166	-0.0006789686975315936	-0.0007487167015350376	-0.01611835218500308	0.011954193728405713	-0.018066895473565617	-0.004127653399011594	0.020952634403233274	-0.03407408001345332	0.021232476565705868	-0.019873782338592123	-0.004715324056923273	-0.012872403590571029	0.016480377917926274	0.02887434160084901	-0.02777500105264415	0.006862307965507461	0.033279677274934256	0.008205089013529211	0.005182190915428235	-0.020834687947762536	-0.0555417347354209	-0.005741222449005288	0.0082568079876554	0.028004012172961806	0.005687109029219087	0.001102557313596173	-0.013574790204920922	0.01680380932048895	0.019749604013314454	-0.011242898651128845	-0.0038783057061668124	-0.006605788702552076	0.005871775793320563	-0.011701814925312559	0.0009938692911934902	-0.021416399530305497	0.013789727194264993	0.02657725665441857	-0.0027343464254896573	0.008003311475404696	-0.007838811824420911	-0.003278406257149989	0.01253625694109551	0.0011361054262270347	0.011319035891247576	0.004735404506515293	-0.002377795394980213	0.0	0.0	0.0	0.0	0.0	0.0	0.0	0.0	0.0	0.0	0.0	0.0	0.0	0.0	0.0	0.0	0.0	0.0	0.0	0.0	0.0	0.0	0.0	0.0	0.0	0.0	0.0	0.0	0.0	0.0	0.0	0.0	0.0	0.0	0.0	0.0	0.0	0.0	0.0	0.0	0.0	0.0	0.0	0.0	0.0	0.0	0.0	0.0	0.0	0.0	0.0	0.0	0.0	0.0	0.0	0.0	0.0	0.0	0.0	0.0	0.0	0.0	0.0	0.0	0.0	0.0	0.0	0.0	0.0	0.0	0.0	0.0	0.0	0.0	0.0	0.0	0.0	0.0	0.0	0.0	0.0	0.0	0.0	0.0	0.0	0.0	0.0	0.0	0.0	0.0	0.0	0.0	0.0	0.0	0.0	0.0	0.0	0.0	0.0	0.0	0.0	0.0	0.0	0.0	0.0	0.0	0.0	0.0	0.0	0.0	0.0	0.0	0.0	0.0	0.0	0.0	0.0	0.0	0.0	0.0	0.0	0.0	0.0	0.0	0.0	0.0	0.0	0.0	0.0	0.0	0.0	0.0	0.0	0.0	0.0	0.0	0.0	0.0	0.0	0.0
S2017t2_E14-T2b-Male	-0.28243959644024874	0.17444000406172455	0.045848393061705336	-0.060517923823167015	0.10411962410886076	-0.07408180558568636	-0.08646548423698439	0.015192068539515406	-0.07055870441538288	-0.0233036411238932	-0.10587041847750447	-0.04889706012872956	0.050301833052726404	-0.06330825512394131	0.014323479613269338	-0.02297506729404072	-0.014697197109151934	-0.08876017119831191	-0.026170185910519908	0.016689460806502673	-0.0026046728690373097	-0.03044699416654201	0.06054190315068438	0.0015553667771358668	0.010191359397190961	-0.021674165986050292	0.02328995943768089	0.03932671060694343	0.03180878228232473	0.007854160815389012	0.03730034372098272	0.05172128869633097	0.026414674280001514	-0.05573220152480244	-0.03302101484105633	0.001266438690069716	0.04241931443754653	-0.010555549678101895	0.04443524732525054	0.017938882305527305	-0.014913845435079474	0.0037119130220978503	-0.026921752972082068	0.029872679152878667	-0.07343994133745668	0.03422151655737333	-0.0007861089683352425	0.0012972272417290341	0.02125313076403183	0.004153101736810614	-0.012171445426299396	-0.00609803179836448	-0.011916679037416894	-9.125138306609856e-05	-0.0029500454325720377	0.011599885020798329	-0.013090916364680561	-0.016279322719466503	-0.010096387316858866	0.014877398801374928	0.006407487947526778	-0.008356030763987304	0.006706334798654848	0.02509389327553318	-0.0062387633908318006	0.004527774318870744	-0.0008674811892807317	0.023983080146325473	-0.01957186953647932	0.003938311567433117	0.013513010936983077	-0.0003743283485010483	0.010857280300718484	0.0004679951366675815	0.014179484700558255	-0.0035168257285679797	-0.010670331768167212	0.0023041670451536297	0.000151075703604757	0.0	0.0	0.0	0.0	0.0	0.0	0.0	0.0	0.0	0.0	0.0	0.0	0.0	0.0	0.0	0.0	0.0	0.0	0.0	0.0	0.0	0.0	0.0	0.0	0.0	0.0	0.0	0.0	0.0	0.0	0.0	0.0	0.0	0.0	0.0	0.0	0.0	0.0	0.0	0.0	0.0	0.0	0.0	0.0	0.0	0.0	0.0	0.0	0.0	0.0	0.0	0.0	0.0	0.0	0.0	0.0	0.0	0.0	0.0	0.0	0.0	0.0	0.0	0.0	0.0	0.0	0.0	0.0	0.0	0.0	0.0	0.0	0.0	0.0	0.0	0.0	0.0	0.0	0.0	0.0	0.0	0.0	0.0	0.0	0.0	0.0	0.0	0.0	0.0	0.0	0.0	0.0	0.0	0.0	0.0	0.0	0.0	0.0	0.0	0.0	0.0	0.0	0.0	0.0	0.0	0.0	0.0	0.0	0.0	0.0	0.0	0.0	0.0	0.0	0.0	0.0	0.0	0.0	0.0	0.0	0.0	0.0	0.0	0.0	0.0	0.0	0.0	0.0	0.0	0.0	0.0	0.0	0.0	0.0	0.0	0.0	0.0	0.0	0.0	0.0
S2017t2_E16-T2a-Female	-0.0999125014922248	0.2560838907199943	0.034246522554323915	-0.26711249586874847	0.14683409358122634	0.032054721635788715	-0.12931043195994618	-0.031020459072173774	-0.09609869871966764	-0.003729343727888439	-0.09328867204340298	0.040246384822161384	0.04182197457538273	-0.034702989824600315	-0.06176436782371924	0.0072375680796146645	-0.06294584566734593	0.11409233596473953	-0.08725804344277605	-0.05281017572619679	-0.012603979085925629	-0.02454950066899817	0.04299939140725082	0.0047353464432296054	-0.024019686246421392	-0.03615282837617305	-0.0469680731498971	-0.0005378551006282019	0.005485587502627434	0.006115414070707941	0.059199948354027664	-0.048931305966936255	-0.009179000335379462	0.008014800717908655	0.017670200209594412	-0.026916341735773282	-0.001571511561785925	0.03312452144355175	-0.027935893418234704	-0.050766883998964486	0.030835016573137128	-0.026392366558341526	-0.017952371433263788	-0.03527341938977302	0.0025925045293895923	0.03731119322692636	-0.003800884101471077	0.015200936237982705	0.010005112715234554	0.02224240820272268	-0.00660808909917341	0.003718211455141521	0.0063178602818585675	0.006387940811527087	-0.009621160622488321	-0.011858808200737777	-0.010581528795616857	0.011767758574176794	0.015131133467086898	-0.009964596334640946	-0.008814798275001607	-0.009933260565798095	0.01009753278670588	0.01107612055819842	-0.003877761511410396	0.019605045379381403	-0.0010180620732088044	0.0033829131420724	-0.008062343065675277	-0.0029012715481277714	0.009664263722922258	0.008417922525456012	-0.01115224163308449	0.010129012635730657	-0.002525813460921292	0.002990279290595952	-0.000745614314780189	-0.001674696767321799	-0.002903047177816288	0.0	0.0	0.0	0.0	0.0	0.0	0.0	0.0	0.0	0.0	0.0	0.0	0.0	0.0	0.0	0.0	0.0	0.0	0.0	0.0	0.0	0.0	0.0	0.0	0.0	0.0	0.0	0.0	0.0	0.0	0.0	0.0	0.0	0.0	0.0	0.0	0.0	0.0	0.0	0.0	0.0	0.0	0.0	0.0	0.0	0.0	0.0	0.0	0.0	0.0	0.0	0.0	0.0	0.0	0.0	0.0	0.0	0.0	0.0	0.0	0.0	0.0	0.0	0.0	0.0	0.0	0.0	0.0	0.0	0.0	0.0	0.0	0.0	0.0	0.0	0.0	0.0	0.0	0.0	0.0	0.0	0.0	0.0	0.0	0.0	0.0	0.0	0.0	0.0	0.0	0.0	0.0	0.0	0.0	0.0	0.0	0.0	0.0	0.0	0.0	0.0	0.0	0.0	0.0	0.0	0.0	0.0	0.0	0.0	0.0	0.0	0.0	0.0	0.0	0.0	0.0	0.0	0.0	0.0	0.0	0.0	0.0	0.0	0.0	0.0	0.0	0.0	0.0	0.0	0.0	0.0	0.0	0.0	0.0	0.0	0.0	0.0	0.0	0.0	0.0
S2017t2_E16-T2a-Male	-0.006962611549923832	0.14842664313461898	0.30051438177641604	-0.13810322301654177	0.2021004995818192	-0.02960206299484972	-0.10118299590346085	-0.13089874565238058	0.012258504665251413	0.1156250505992092	-0.03214671252490309	0.04678943787697201	0.11189626461187022	0.106637012941872	-0.00593929832473087	0.08908820499588899	0.1085154744477775	-0.13892858676413558	0.0001483670515599178	-0.029284558873346432	-0.055049142374142775	-0.08584284033639401	-0.01668394104437978	0.020004775522625994	-0.04056234537757103	-0.06731373690503868	0.007329394175251761	0.08269539371193803	0.035652072276459286	-0.004836412200666794	-0.009787934261949825	-0.017800219485907702	0.013910265752420223	-0.005187863416404546	0.00768825986941744	0.026637757197845686	0.009062078224602156	0.05937498528710995	0.025400707267020064	-0.022770867532804447	0.006721959932134515	-0.02315029785483146	0.010809612639028186	0.010257706620503316	0.012989880586211911	0.0041785523989958185	-0.004769313594753814	-0.013695303932303731	0.014885068982577332	0.0034350562269905615	0.021243470562782397	-0.005051595471232704	-0.001788499994048201	0.007548723958679835	-0.014279023525437883	-0.01788951461096884	-0.010095382036923093	-0.017671171363321345	0.004062478162370242	0.013546959648119222	-0.001280667111782163	3.3457564103548285e-05	0.0026432749790653866	0.020726135467666697	0.007881628150688812	-0.021217122808507027	0.0002515921262354206	-0.0025740897865812093	0.008839542355435045	0.0026089101160472906	-0.0020735039332513802	-0.00612785839091175	-0.005815915215551574	0.0113104870445348	-0.002457861906902229	0.00022090163705360636	-0.0006934710670572908	-0.0004900772072879364	0.00192226619274814	0.0	0.0	0.0	0.0	0.0	0.0	0.0	0.0	0.0	0.0	0.0	0.0	0.0	0.0	0.0	0.0	0.0	0.0	0.0	0.0	0.0	0.0	0.0	0.0	0.0	0.0	0.0	0.0	0.0	0.0	0.0	0.0	0.0	0.0	0.0	0.0	0.0	0.0	0.0	0.0	0.0	0.0	0.0	0.0	0.0	0.0	0.0	0.0	0.0	0.0	0.0	0.0	0.0	0.0	0.0	0.0	0.0	0.0	0.0	0.0	0.0	0.0	0.0	0.0	0.0	0.0	0.0	0.0	0.0	0.0	0.0	0.0	0.0	0.0	0.0	0.0	0.0	0.0	0.0	0.0	0.0	0.0	0.0	0.0	0.0	0.0	0.0	0.0	0.0	0.0	0.0	0.0	0.0	0.0	0.0	0.0	0.0	0.0	0.0	0.0	0.0	0.0	0.0	0.0	0.0	0.0	0.0	0.0	0.0	0.0	0.0	0.0	0.0	0.0	0.0	0.0	0.0	0.0	0.0	0.0	0.0	0.0	0.0	0.0	0.0	0.0	0.0	0.0	0.0	0.0	0.0	0.0	0.0	0.0	0.0	0.0	0.0	0.0	0.0	0.0
S2017t2_E16-T2b-Female	-0.3078772412112573	0.2224842997389445	0.0661129230715053	-0.1043953128950457	-0.006978444300692974	-0.03296093250767111	0.02509482636428949	0.06610515971768063	-0.03604029966416813	0.007603558142972541	-0.005557117683889435	-0.040012668250197905	-0.08390411718085126	-0.08871887077427323	0.017416311645528777	-0.015842844095563663	-0.041157639235927426	-0.016451701420939175	-0.0297294148013859	0.024977545824971414	-0.03569839018575142	0.05198865192849	0.003387580567755389	0.032607895153030156	-0.002630696946467518	0.011290835984376106	0.015913809885930615	-0.08496231798798161	0.005117303360891803	-0.005883059919172509	0.010388647750730068	0.008368440524663736	-0.020410891261650854	0.03560829371381598	-0.01357607899444922	0.00862883101498579	0.03485266556281477	0.009999925035508467	-0.002155295222812694	-0.030877345734228106	-0.009855735354722757	-0.04019072320320613	0.02982832252619349	-0.02776931240429394	-0.01670471305230696	0.007396651373024311	0.011589538082271558	-0.006744861019404369	0.0057750403708355215	-0.00034806785611375007	-0.013792009249240933	-0.015625728501397936	0.006964378027138368	-0.0031705845779141186	-0.019715057588518003	0.02301417348707553	0.024992131585659272	0.016509268523187272	0.009997809374449837	0.011838671684857048	-0.019309518998454386	-0.0008313566679698745	0.014180484049650903	0.010278910822675782	-0.01671190279473595	0.012127928259512429	0.007627471634569517	0.019123162980433695	-0.008961901160548378	0.012482550909157149	0.009324658734445506	-0.010472861935114425	0.012341710298579769	0.008535929102398806	0.014681194283477264	0.014796625217058948	-0.007856405957090454	-0.003199824907696897	-0.0006970434896143465	0.0	0.0	0.0	0.0	0.0	0.0	0.0	0.0	0.0	0.0	0.0	0.0	0.0	0.0	0.0	0.0	0.0	0.0	0.0	0.0	0.0	0.0	0.0	0.0	0.0	0.0	0.0	0.0	0.0	0.0	0.0	0.0	0.0	0.0	0.0	0.0	0.0	0.0	0.0	0.0	0.0	0.0	0.0	0.0	0.0	0.0	0.0	0.0	0.0	0.0	0.0	0.0	0.0	0.0	0.0	0.0	0.0	0.0	0.0	0.0	0.0	0.0	0.0	0.0	0.0	0.0	0.0	0.0	0.0	0.0	0.0	0.0	0.0	0.0	0.0	0.0	0.0	0.0	0.0	0.0	0.0	0.0	0.0	0.0	0.0	0.0	0.0	0.0	0.0	0.0	0.0	0.0	0.0	0.0	0.0	0.0	0.0	0.0	0.0	0.0	0.0	0.0	0.0	0.0	0.0	0.0	0.0	0.0	0.0	0.0	0.0	0.0	0.0	0.0	0.0	0.0	0.0	0.0	0.0	0.0	0.0	0.0	0.0	0.0	0.0	0.0	0.0	0.0	0.0	0.0	0.0	0.0	0.0	0.0	0.0	0.0	0.0	0.0	0.0	0.0
S2017t2_E16-T2b-Male	-0.3652321736061855	0.15469531322026844	0.10823816016375842	0.13383856592022864	-0.043736734749504146	-0.07673754824284562	-0.0433380756528081	0.12787736738801633	0.05845519204207063	-0.04321251882009783	-0.11603775364918563	0.09371515163876845	-0.008333939448749701	0.003571718742779655	0.03003285775012669	0.01992769316138652	-0.05086826241093864	-0.042367546907561913	0.026402091914216767	-0.03918504834763359	-0.012993318283396876	0.024309355497621175	-0.010847165966780174	-0.03811429979350843	-0.008308412194919304	-0.08731517265473883	0.02530127786103451	0.05185585954500644	-0.0010194665234268831	-0.05454093427788944	0.04035848625970598	0.00585628414556946	0.005041596531508868	0.016699008974078073	-0.016136683034639936	-0.010412674204333717	0.04397722762230705	0.01856543231787995	-0.007934856831786428	0.0031349637684304787	0.01871116445637261	-0.01217707259953909	0.014004588927037223	-0.017573338299218675	-0.028274204320142382	-0.02108351749334872	0.009559107610089235	0.007897315154876704	0.010646584803892436	0.0026597301957571517	0.039134158378473276	-0.002675390005198087	-0.02226653705086416	-0.013939018255735814	0.004467843820181724	0.00430097790969451	0.02441898355792152	0.025383318920222313	-0.0010765677447627073	0.00961520622502505	-0.014618952156142227	-0.0019642651612180807	0.012369811018513406	0.004675292714794771	0.012001768919268078	0.007546326445382015	0.009202866552336176	-0.018364487046420946	-0.004852203773058365	0.0041378642012285406	0.0006217105015372118	-0.0013288889682903414	-0.0009317704377628761	0.004637793068009474	-0.0005672050294673699	-0.007457692792923388	0.004389550195053754	-0.004614852181936349	-0.0017425419730327603	0.0	0.0	0.0	0.0	0.0	0.0	0.0	0.0	0.0	0.0	0.0	0.0	0.0	0.0	0.0	0.0	0.0	0.0	0.0	0.0	0.0	0.0	0.0	0.0	0.0	0.0	0.0	0.0	0.0	0.0	0.0	0.0	0.0	0.0	0.0	0.0	0.0	0.0	0.0	0.0	0.0	0.0	0.0	0.0	0.0	0.0	0.0	0.0	0.0	0.0	0.0	0.0	0.0	0.0	0.0	0.0	0.0	0.0	0.0	0.0	0.0	0.0	0.0	0.0	0.0	0.0	0.0	0.0	0.0	0.0	0.0	0.0	0.0	0.0	0.0	0.0	0.0	0.0	0.0	0.0	0.0	0.0	0.0	0.0	0.0	0.0	0.0	0.0	0.0	0.0	0.0	0.0	0.0	0.0	0.0	0.0	0.0	0.0	0.0	0.0	0.0	0.0	0.0	0.0	0.0	0.0	0.0	0.0	0.0	0.0	0.0	0.0	0.0	0.0	0.0	0.0	0.0	0.0	0.0	0.0	0.0	0.0	0.0	0.0	0.0	0.0	0.0	0.0	0.0	0.0	0.0	0.0	0.0	0.0	0.0	0.0	0.0	0.0	0.0	0.0
S2017t2_E17-T2a-Female	-0.2462325111219862	0.24828401077988074	0.028049954518687283	-0.10717030371785574	0.04206449273152296	-0.023333578665174555	-0.05308018326238335	0.015644918566787343	-0.10210230222660881	0.020293061891135954	-0.08285608396928522	-0.12176252988239383	-0.04869006775437104	6.320690450877149e-06	-0.022426115627641352	-0.04896285334445956	-0.053498419382064434	0.02394508010624646	-0.008187049534167778	-0.0018181970925297292	0.01827971037411232	0.047678108960022614	0.041312498794076315	0.07014750339670647	0.020413401229012574	-0.08674198543121173	6.945013446114746e-05	-0.0369300265489303	0.013701885031208071	0.02245085019081028	0.03919520938141536	-0.015589097203152942	-0.06373118698224532	0.036931521953853574	0.02402328135235043	-0.033721397137571635	0.031023535233146268	-0.020420565853654	-0.011838548713555688	-0.004527184662779402	0.02410945685963203	-0.004136144830573513	0.021684233908091852	-0.017213444451403447	-0.02213009452170437	-0.014852485435912903	-0.007343345851240757	0.0341956328312496	-0.014853815586587238	-0.0023532588836417036	0.008461880160915692	-0.0035809382754950934	0.020883833801834246	-0.004401742666469182	-0.006126560520700789	-0.00643612393565012	-0.0019434969469509379	-0.00842604879681956	0.0005995113352715687	-0.03313899924742455	-0.0011729518202005013	0.012339441079537657	0.014078384186098594	0.00042971678973798705	0.01492541406825034	-0.005659223511192057	0.0052174185363204895	-0.005349566831071684	0.0017546365174640015	0.015381827920729011	0.00078142764425799	-0.022345329515866146	0.012623474860277928	-0.004663954657721522	0.0018886872027841087	-0.005302499931033061	0.009191894409078824	0.0021259214579631347	3.774222310000757e-06	0.0	0.0	0.0	0.0	0.0	0.0	0.0	0.0	0.0	0.0	0.0	0.0	0.0	0.0	0.0	0.0	0.0	0.0	0.0	0.0	0.0	0.0	0.0	0.0	0.0	0.0	0.0	0.0	0.0	0.0	0.0	0.0	0.0	0.0	0.0	0.0	0.0	0.0	0.0	0.0	0.0	0.0	0.0	0.0	0.0	0.0	0.0	0.0	0.0	0.0	0.0	0.0	0.0	0.0	0.0	0.0	0.0	0.0	0.0	0.0	0.0	0.0	0.0	0.0	0.0	0.0	0.0	0.0	0.0	0.0	0.0	0.0	0.0	0.0	0.0	0.0	0.0	0.0	0.0	0.0	0.0	0.0	0.0	0.0	0.0	0.0	0.0	0.0	0.0	0.0	0.0	0.0	0.0	0.0	0.0	0.0	0.0	0.0	0.0	0.0	0.0	0.0	0.0	0.0	0.0	0.0	0.0	0.0	0.0	0.0	0.0	0.0	0.0	0.0	0.0	0.0	0.0	0.0	0.0	0.0	0.0	0.0	0.0	0.0	0.0	0.0	0.0	0.0	0.0	0.0	0.0	0.0	0.0	0.0	0.0	0.0	0.0	0.0	0.0	0.0
S2017t2_E17-T2a-Male	-0.27060853194008955	0.13005196859494703	-0.0469051566806023	-0.03447471567282981	0.15554113178451864	-0.09080880755577268	-0.04792691935195064	0.0399052171137434	-0.057961245932301064	0.0015393499179527218	-0.059388544819380724	-0.0026018240760739384	0.0008433782095608452	-0.07707320471586436	0.023980478931588514	-0.055042896915632925	-0.015565903787919196	-0.06741289576684653	-0.029778327692926047	0.05922679169514797	-0.04670699889983275	-0.0327646608611989	-0.03533135650047604	-0.004982509682136041	-0.005375132601866308	0.01977908217998328	0.0359006375999552	-0.06566017341049149	-0.021161084363985658	-0.02670037752195262	0.005063106059392164	0.02163886903053702	-0.027017110895095318	0.014548824684872194	0.006645590862276873	-0.022402538056207615	-0.0016517266171286718	0.017873985140801102	0.02431864815458921	-0.022559708420443976	-0.02479809093332151	-0.014294872653391645	-0.009096671739494196	-0.009447985520627856	-0.01944060228212093	-0.024372501313926324	0.0238581341929055	-0.013159788264767802	-0.0191877879337285	-0.019732865040570893	-0.01821337904704886	-0.0020914421463257182	-0.03192816899040088	0.00025851081338910823	-0.0022926756743925475	0.005116475479512354	-0.011180978225615531	0.02236720997676507	0.008949300120441027	-0.012444618140505528	-0.00622308780031704	-0.021993864353189653	-0.0081564771839153	-0.009595595991884745	-0.029540570801231045	-0.0022196308172016633	0.002450575097024473	-0.019300522583468007	0.016330176918900468	-0.02205868946525657	-0.0026497283026329487	0.012063023680429268	0.00729997437641279	-0.01842867745092251	-0.018079406314445913	-0.0005767179875114675	0.006140638198680992	-0.0008085942031868846	0.00038323545614120277	0.0	0.0	0.0	0.0	0.0	0.0	0.0	0.0	0.0	0.0	0.0	0.0	0.0	0.0	0.0	0.0	0.0	0.0	0.0	0.0	0.0	0.0	0.0	0.0	0.0	0.0	0.0	0.0	0.0	0.0	0.0	0.0	0.0	0.0	0.0	0.0	0.0	0.0	0.0	0.0	0.0	0.0	0.0	0.0	0.0	0.0	0.0	0.0	0.0	0.0	0.0	0.0	0.0	0.0	0.0	0.0	0.0	0.0	0.0	0.0	0.0	0.0	0.0	0.0	0.0	0.0	0.0	0.0	0.0	0.0	0.0	0.0	0.0	0.0	0.0	0.0	0.0	0.0	0.0	0.0	0.0	0.0	0.0	0.0	0.0	0.0	0.0	0.0	0.0	0.0	0.0	0.0	0.0	0.0	0.0	0.0	0.0	0.0	0.0	0.0	0.0	0.0	0.0	0.0	0.0	0.0	0.0	0.0	0.0	0.0	0.0	0.0	0.0	0.0	0.0	0.0	0.0	0.0	0.0	0.0	0.0	0.0	0.0	0.0	0.0	0.0	0.0	0.0	0.0	0.0	0.0	0.0	0.0	0.0	0.0	0.0	0.0	0.0	0.0	0.0
S2017t2_E17-T2b-Female	-0.16043214499032837	0.28842498811422423	-0.09773070003977555	-0.30708376732940795	0.08594225769131573	0.03187122656283856	-0.049032223933708596	0.07926435922610309	-0.06005429110345364	0.05636893334519404	0.0003510654944420947	-0.0087814086261494	-0.07360578819107133	-0.00042860313459394336	-0.06661556598505679	0.07321794806696573	0.0065904979736497215	0.0006914891374391934	-0.015715320099585595	-0.02883478585517964	-0.03891075068269558	-0.007440295394385391	-0.05384885978397611	0.06284661336450631	-0.04446618703158604	0.018434937059840735	0.006223428819861991	-0.031054605870734043	-0.00483869878372658	0.018328114071910262	-0.004441516439354411	-0.017373567230196386	0.005121076550717831	0.08487917789575884	-0.023551475526406202	0.03160107236396777	0.012153947872064154	-0.05560059200587905	0.01574418079262976	0.0026798437420186695	0.020867741979270642	-0.004621829584072884	0.004093885164247852	-0.00022011572749231842	0.03724866384825286	0.005657741877636027	0.04561762353854041	-0.030064027826268717	0.03161857402732594	-0.001844985533744158	0.003463979864526237	0.02419995460394321	-0.020797284077089265	-0.007588621174436576	-0.0024332509804625277	0.0004802268675505045	-0.019044089532703524	0.00485117904878424	-0.023767866587739567	0.020645210207778004	0.0159686927556993	0.038925573849090817	-0.0018226938823176068	0.0079313025883541	0.023652564325558893	-0.012202637675848152	0.0026165640117613033	-0.004537299871525773	-0.0025964835239663127	-0.019155785988085768	-0.006052173789837043	0.005930604758928259	0.004336193456219212	-0.0009276314375355312	-0.009255145733130877	0.005732557046397824	-0.008992090810846478	-0.0008080469847136835	0.0037634659681184406	0.0	0.0	0.0	0.0	0.0	0.0	0.0	0.0	0.0	0.0	0.0	0.0	0.0	0.0	0.0	0.0	0.0	0.0	0.0	0.0	0.0	0.0	0.0	0.0	0.0	0.0	0.0	0.0	0.0	0.0	0.0	0.0	0.0	0.0	0.0	0.0	0.0	0.0	0.0	0.0	0.0	0.0	0.0	0.0	0.0	0.0	0.0	0.0	0.0	0.0	0.0	0.0	0.0	0.0	0.0	0.0	0.0	0.0	0.0	0.0	0.0	0.0	0.0	0.0	0.0	0.0	0.0	0.0	0.0	0.0	0.0	0.0	0.0	0.0	0.0	0.0	0.0	0.0	0.0	0.0	0.0	0.0	0.0	0.0	0.0	0.0	0.0	0.0	0.0	0.0	0.0	0.0	0.0	0.0	0.0	0.0	0.0	0.0	0.0	0.0	0.0	0.0	0.0	0.0	0.0	0.0	0.0	0.0	0.0	0.0	0.0	0.0	0.0	0.0	0.0	0.0	0.0	0.0	0.0	0.0	0.0	0.0	0.0	0.0	0.0	0.0	0.0	0.0	0.0	0.0	0.0	0.0	0.0	0.0	0.0	0.0	0.0	0.0	0.0	0.0
S2017t2_E17-T2b-Male	-0.41975066560260305	0.2083785872777985	-0.11451183026471763	-0.07120209636685434	0.04923144195905185	-0.02424371745857498	-0.08200883480045919	0.0271949214396735	-0.08013948572634101	0.07469829132807444	0.025644395456013915	-0.10085764054665382	0.03089419236054995	-0.0004653643602013925	-0.025183492150612052	-0.01773006218456165	0.012257915140951899	-0.03572727458247145	-0.0679737220483841	-0.0035866477254663724	0.034937171563915057	-0.04163755030412234	0.04716311388086508	0.049471258150468454	0.04504635729874092	-0.006118318776092781	-0.038827318064987466	-0.014718414457154664	-0.0014012888705451842	0.05867776064871209	-0.006777001715636543	-0.02236490978605685	-0.018014456757141105	0.04276561879467949	-0.0005253960859503371	0.0439825707187922	0.03443056583894934	-0.026839678785428187	-0.012053144212040585	-0.01882940193844498	0.012246928885079458	-0.003269015671001354	0.009227335118310906	-0.034042517051732675	-0.005797611810014695	0.01569951124098965	-0.009156535092040102	-0.022992934756538706	0.050095249411245255	0.02155260937265698	-0.002875145926732405	-0.02160615607909468	0.011358639240301645	0.002429027671569092	0.00543766642974135	0.0045719157282186045	0.009755621659630936	-0.004792556949582491	0.0319169692698005	0.02709348059312887	-0.015616698862230405	0.008132289564932919	-0.021248838572564273	-0.016113999311459314	-0.01584955692041074	0.008039572186447116	-0.0021405797778342494	-0.007220547664996974	0.011192234451223611	-0.013357743621076562	-0.01209849693304536	0.01824638144848716	-0.014237648280527286	0.0003643256083583078	0.0006496354681993536	0.005093149787442805	-0.002562482770768555	-0.0005194095348341205	0.0031469803995621604	0.0	0.0	0.0	0.0	0.0	0.0	0.0	0.0	0.0	0.0	0.0	0.0	0.0	0.0	0.0	0.0	0.0	0.0	0.0	0.0	0.0	0.0	0.0	0.0	0.0	0.0	0.0	0.0	0.0	0.0	0.0	0.0	0.0	0.0	0.0	0.0	0.0	0.0	0.0	0.0	0.0	0.0	0.0	0.0	0.0	0.0	0.0	0.0	0.0	0.0	0.0	0.0	0.0	0.0	0.0	0.0	0.0	0.0	0.0	0.0	0.0	0.0	0.0	0.0	0.0	0.0	0.0	0.0	0.0	0.0	0.0	0.0	0.0	0.0	0.0	0.0	0.0	0.0	0.0	0.0	0.0	0.0	0.0	0.0	0.0	0.0	0.0	0.0	0.0	0.0	0.0	0.0	0.0	0.0	0.0	0.0	0.0	0.0	0.0	0.0	0.0	0.0	0.0	0.0	0.0	0.0	0.0	0.0	0.0	0.0	0.0	0.0	0.0	0.0	0.0	0.0	0.0	0.0	0.0	0.0	0.0	0.0	0.0	0.0	0.0	0.0	0.0	0.0	0.0	0.0	0.0	0.0	0.0	0.0	0.0	0.0	0.0	0.0	0.0	0.0
S2017t2_E19-T2a-Female	-0.0792005789398355	0.053512014422462284	0.1682834292957571	-0.08137775164986379	0.1543824077038176	-0.04779159742846712	0.12771041988034063	-0.053681606274915604	0.044142580814843985	-0.0019971100335512263	-0.02626878990170266	-0.05214801229534413	0.067866187008412	-0.026742876674935433	-0.006173583367364119	0.054365866723929776	0.04124104340371817	-0.04183341721542978	0.08561395378998306	0.0026045410021540193	0.030454983747256317	0.01435032128131155	0.048596024417001726	-0.054995493837568264	0.02317725085389451	-0.004472028302831692	0.03808068433460923	0.0414879155637754	0.031624093185211505	0.011717694812187011	-0.07197676082023852	0.007211796898773329	0.009926639229866113	-0.004969001185394594	-0.024816560987862543	-0.010786465457367606	-0.014423643553477803	-0.08319592345821474	-0.04801945795659912	-0.013338777680251062	0.04023950301953581	-0.019342574767349886	0.001000640076403524	0.01276645789150544	0.005330961223708993	-0.03259156799279896	-0.01341129897840995	-0.016172442918483784	0.033105075849217805	0.005454069046104931	0.01963816726358704	-0.003076356816532594	-0.004601478088177828	0.008260832678237058	-0.004425012654770518	-0.011535322272209951	-0.008485694015061824	-0.023148994350377206	-0.012070670934228393	-0.00418576802695481	-0.014927089388707628	0.0020672539349562194	-0.009914585722693594	0.005935081517079367	-0.006299979829715056	-0.006092975473081809	-0.01776118317569552	-0.008366314485252671	-0.006909381562670881	-0.013160133292028114	0.007246008153082956	0.01621576207892904	-0.005830060327134992	-0.0013468905322046967	-0.013915967860429427	0.010601372986026147	-0.0024912668661799245	-0.003713091402166297	-0.0005901898698534679	0.0	0.0	0.0	0.0	0.0	0.0	0.0	0.0	0.0	0.0	0.0	0.0	0.0	0.0	0.0	0.0	0.0	0.0	0.0	0.0	0.0	0.0	0.0	0.0	0.0	0.0	0.0	0.0	0.0	0.0	0.0	0.0	0.0	0.0	0.0	0.0	0.0	0.0	0.0	0.0	0.0	0.0	0.0	0.0	0.0	0.0	0.0	0.0	0.0	0.0	0.0	0.0	0.0	0.0	0.0	0.0	0.0	0.0	0.0	0.0	0.0	0.0	0.0	0.0	0.0	0.0	0.0	0.0	0.0	0.0	0.0	0.0	0.0	0.0	0.0	0.0	0.0	0.0	0.0	0.0	0.0	0.0	0.0	0.0	0.0	0.0	0.0	0.0	0.0	0.0	0.0	0.0	0.0	0.0	0.0	0.0	0.0	0.0	0.0	0.0	0.0	0.0	0.0	0.0	0.0	0.0	0.0	0.0	0.0	0.0	0.0	0.0	0.0	0.0	0.0	0.0	0.0	0.0	0.0	0.0	0.0	0.0	0.0	0.0	0.0	0.0	0.0	0.0	0.0	0.0	0.0	0.0	0.0	0.0	0.0	0.0	0.0	0.0	0.0	0.0
S2017t2_E19-T2a-Male	-0.07298413188744284	-0.13654359228434243	0.2752836370391136	-0.036200215439328866	0.018552478473669323	-0.13038486843635902	-0.005065204371460994	-0.11394701125981041	0.09077625841351733	0.0662055157705903	-0.04436188915515894	-0.08940206662041594	-0.0016551707233140257	-0.02557295102433264	0.12728270937713873	0.05522130152029688	0.04466349164171269	0.017747210506554784	0.048851304137881815	-0.016908297413769997	0.01806251037099741	0.019028156059197877	-0.010869006574311987	0.056938294067537205	-0.0286125213971327	0.04743451601552052	-0.04136770620873208	-0.06865265703714205	-0.026687908694618272	0.04065450988742276	0.027033518765866096	0.06313503632621514	-0.05452382457604179	-0.010786671357980991	-0.03754470340160667	-0.05377503324984195	0.016094861567090453	-0.05131462073600287	-0.021719907176087027	-0.0006976538712313612	-0.037488144806944984	0.019768501653420322	-0.0017415829439405043	-0.009174539466911552	0.01667991146206469	-0.0010571061881594344	0.03529557637685416	0.03983774984585426	-0.02550594348879073	0.0457936813312288	-0.01716669285010072	-0.009464380747107051	-0.01035569778685061	-0.006774726242927704	-0.0036786531158296437	0.020363917428373984	-0.013071450589119604	0.02316058969210167	0.004625810928561677	0.023954633501953308	0.005224489769599411	0.0015948505482370908	0.010714366165869928	0.004225686055341808	0.013556392891529169	0.0021478690153916733	0.0077559090127741455	-0.004909394312196328	0.022859833966358004	0.0038153704021748032	-0.0028775848053475047	-0.0079310323399682	0.0038081540302441026	0.011260033928466173	-0.002079949363157335	-0.003351268349187383	-0.0006715003581905964	-0.005012459000784971	0.002714855666661207	0.0	0.0	0.0	0.0	0.0	0.0	0.0	0.0	0.0	0.0	0.0	0.0	0.0	0.0	0.0	0.0	0.0	0.0	0.0	0.0	0.0	0.0	0.0	0.0	0.0	0.0	0.0	0.0	0.0	0.0	0.0	0.0	0.0	0.0	0.0	0.0	0.0	0.0	0.0	0.0	0.0	0.0	0.0	0.0	0.0	0.0	0.0	0.0	0.0	0.0	0.0	0.0	0.0	0.0	0.0	0.0	0.0	0.0	0.0	0.0	0.0	0.0	0.0	0.0	0.0	0.0	0.0	0.0	0.0	0.0	0.0	0.0	0.0	0.0	0.0	0.0	0.0	0.0	0.0	0.0	0.0	0.0	0.0	0.0	0.0	0.0	0.0	0.0	0.0	0.0	0.0	0.0	0.0	0.0	0.0	0.0	0.0	0.0	0.0	0.0	0.0	0.0	0.0	0.0	0.0	0.0	0.0	0.0	0.0	0.0	0.0	0.0	0.0	0.0	0.0	0.0	0.0	0.0	0.0	0.0	0.0	0.0	0.0	0.0	0.0	0.0	0.0	0.0	0.0	0.0	0.0	0.0	0.0	0.0	0.0	0.0	0.0	0.0	0.0	0.0
S2017t2_E19-T2b-Female	-0.21820344488932683	0.16519642456925973	0.10623367654505368	-0.15463928188280288	0.10920684691779374	-0.06734468040666465	-0.08869270934093439	-0.018073389680886596	-0.07181358449413607	0.024333196371326405	-0.08408207692757363	-0.07015849823223211	0.039858324299174124	-0.0625910336357334	0.04673927152999515	-0.004362762987428945	-0.05233564542399011	0.019943342432537998	-0.02287751885991699	-0.0356641863686595	0.04806292305664026	-0.025917271247503232	0.046898440779018016	-0.06162328681083584	0.033059189232810794	0.01463828920644388	-0.0012009007737546675	0.04552910172233993	-0.02157246468489684	0.042407550367693	0.01136825309805796	0.0031134171405141292	-0.007489625372447521	-0.008474602344095937	0.05082015405290646	-0.03941364884628308	0.0064692890083859235	0.03516798709450188	0.010825053012318796	-0.004011509431283817	-0.008249442372370712	0.01903136339572122	0.013372294147910179	0.015570580844783905	0.05075213898378713	-0.004537610397003323	0.0065516956161164866	-0.003043658910897892	0.002609556358942332	-0.009580128930550448	-0.015553907491808341	0.008079318523735864	-0.009194056470008772	-0.006559943601105385	-0.015509410938307802	-0.029691487917840355	0.0011387677340302456	-0.02460934768193626	-0.0005432885712312482	-0.029406340222886546	-0.008033278150209903	-0.004091011520178252	-0.019344979928642352	0.00048775747985181265	-0.006025909235839772	-0.016783447580379626	-0.012395901344266852	-0.0003584637484514578	0.008211086735323812	0.0056236414272585	-0.0008705384329190667	-0.014551853458685676	-0.003979838154288747	0.01249521561697061	0.00528468722116316	0.005057226112941041	0.007837708591397851	0.002552036686912381	0.0028963485475736596	0.0	0.0	0.0	0.0	0.0	0.0	0.0	0.0	0.0	0.0	0.0	0.0	0.0	0.0	0.0	0.0	0.0	0.0	0.0	0.0	0.0	0.0	0.0	0.0	0.0	0.0	0.0	0.0	0.0	0.0	0.0	0.0	0.0	0.0	0.0	0.0	0.0	0.0	0.0	0.0	0.0	0.0	0.0	0.0	0.0	0.0	0.0	0.0	0.0	0.0	0.0	0.0	0.0	0.0	0.0	0.0	0.0	0.0	0.0	0.0	0.0	0.0	0.0	0.0	0.0	0.0	0.0	0.0	0.0	0.0	0.0	0.0	0.0	0.0	0.0	0.0	0.0	0.0	0.0	0.0	0.0	0.0	0.0	0.0	0.0	0.0	0.0	0.0	0.0	0.0	0.0	0.0	0.0	0.0	0.0	0.0	0.0	0.0	0.0	0.0	0.0	0.0	0.0	0.0	0.0	0.0	0.0	0.0	0.0	0.0	0.0	0.0	0.0	0.0	0.0	0.0	0.0	0.0	0.0	0.0	0.0	0.0	0.0	0.0	0.0	0.0	0.0	0.0	0.0	0.0	0.0	0.0	0.0	0.0	0.0	0.0	0.0	0.0	0.0	0.0
S2017t2_E19-T2b-Male	-0.13774514250337844	0.08961050490510516	0.06258820384248073	-0.062485607902971536	0.10644301359898765	-0.05879715826286807	0.07584173746311194	0.006766684997975638	0.01401693271252461	-0.004136494291838423	-0.11355997547287716	-0.06108242084360198	0.03934320486469059	-0.1022267574013183	0.0324026486485734	-0.03947444280605601	0.005399272410529565	0.02892113212200364	0.06250344701772395	-0.0089622617541032	-0.03100602991602254	0.038069721513092	0.002484859506412644	0.0028663619191162362	0.06800047581131471	-0.02409364345199071	0.036018130927810706	0.05028581839588482	0.0014056170679291576	0.0674440969797717	0.04100528720715411	0.030470459779849177	-0.03923257801564907	-0.019508789073917596	0.04609860060300024	0.02665178708340329	0.012801837624115851	0.06402875820320567	-0.0201516723023044	-0.005986883282196645	0.019377008316023805	-0.01928346974463199	0.02366559245246401	0.013666107372898893	0.012369453580208712	-0.0006726168498958076	0.006350450257854782	-0.005348220735951978	0.022304851031809875	0.007951855310918054	0.027771131461555316	0.03617137761856545	-0.0008646905072854736	-0.018229045023931904	-0.0007622815198852483	0.004819291027868274	0.03616917369588247	0.0003412776830433617	0.018867869468194253	0.020239001573174622	0.024401400551312284	0.011303689749844728	0.006499985595568089	-0.03500590509589285	0.030936816553086017	-0.002709216518288191	0.011955137658496677	-0.012346228095938468	0.0102103336450175	-0.010786422572647916	0.004455451750496348	0.010210178478365787	-0.01321550715584292	0.0008033607439175568	-0.001333781145213756	-0.004574165538849142	-0.006301458761199478	-0.0038799032207671364	0.004033264958496403	0.0	0.0	0.0	0.0	0.0	0.0	0.0	0.0	0.0	0.0	0.0	0.0	0.0	0.0	0.0	0.0	0.0	0.0	0.0	0.0	0.0	0.0	0.0	0.0	0.0	0.0	0.0	0.0	0.0	0.0	0.0	0.0	0.0	0.0	0.0	0.0	0.0	0.0	0.0	0.0	0.0	0.0	0.0	0.0	0.0	0.0	0.0	0.0	0.0	0.0	0.0	0.0	0.0	0.0	0.0	0.0	0.0	0.0	0.0	0.0	0.0	0.0	0.0	0.0	0.0	0.0	0.0	0.0	0.0	0.0	0.0	0.0	0.0	0.0	0.0	0.0	0.0	0.0	0.0	0.0	0.0	0.0	0.0	0.0	0.0	0.0	0.0	0.0	0.0	0.0	0.0	0.0	0.0	0.0	0.0	0.0	0.0	0.0	0.0	0.0	0.0	0.0	0.0	0.0	0.0	0.0	0.0	0.0	0.0	0.0	0.0	0.0	0.0	0.0	0.0	0.0	0.0	0.0	0.0	0.0	0.0	0.0	0.0	0.0	0.0	0.0	0.0	0.0	0.0	0.0	0.0	0.0	0.0	0.0	0.0	0.0	0.0	0.0	0.0	0.0
S2017t2_E23-T2a-Female	-0.3061479813593681	0.07515456492982654	-0.11842174830989678	-0.05421529439043252	0.007941463475801339	-0.09489277396692923	0.0481355388164762	0.03865796371433169	0.04240473236635232	0.0378200960729537	-0.01488540424485334	-0.04917828441336745	0.017461711223854048	-0.043313449057296616	0.0920222217429799	-0.0683573709009299	0.08970191408728734	-0.06343513782674286	0.014328190018361279	-0.008874690589636308	0.011722476408750078	-0.0020720002898491213	-0.06528573243167028	0.10286615497061485	0.06213890558069851	0.0693327124472176	0.019660581031313903	0.07927844815757439	0.027107502322420072	0.0429670432569249	0.04380304180513542	0.01262010828122364	0.012241631892392704	-0.05367669465244459	-0.0068657185735694565	0.03485709193780572	0.02296559195993623	0.008014605625677088	0.02761257710506575	0.019212067415008575	0.022881526305441605	0.021131571000101514	-0.019559258029180758	-0.012106594774289997	-0.047466888989895845	0.02353535941770302	-0.019962299978365967	-0.04117042359608833	-0.0009886582592812316	0.00176517209081212	-0.024580583980281134	0.018590255121670056	-0.01043113160629174	-0.025450555217865416	0.009093150494867417	0.03873848385114404	0.0038082876255146132	0.008542743143161122	-0.019277585152323223	-0.019954732221333527	0.009775433651183815	-0.011476746748217938	-0.0005627267548130794	-0.010025152777879453	-0.013869123556501077	-0.009268148444922677	-0.00012900695753416473	0.010452775520536164	-0.005349128634560083	-0.0015677781980213369	-0.0078105426676659045	-0.0006433293701192641	0.008462944904463846	-0.010262102220042375	-0.0008557068430232491	-0.004836493564828719	0.0036089657422486332	0.002964295712153046	-0.002466425588669514	0.0	0.0	0.0	0.0	0.0	0.0	0.0	0.0	0.0	0.0	0.0	0.0	0.0	0.0	0.0	0.0	0.0	0.0	0.0	0.0	0.0	0.0	0.0	0.0	0.0	0.0	0.0	0.0	0.0	0.0	0.0	0.0	0.0	0.0	0.0	0.0	0.0	0.0	0.0	0.0	0.0	0.0	0.0	0.0	0.0	0.0	0.0	0.0	0.0	0.0	0.0	0.0	0.0	0.0	0.0	0.0	0.0	0.0	0.0	0.0	0.0	0.0	0.0	0.0	0.0	0.0	0.0	0.0	0.0	0.0	0.0	0.0	0.0	0.0	0.0	0.0	0.0	0.0	0.0	0.0	0.0	0.0	0.0	0.0	0.0	0.0	0.0	0.0	0.0	0.0	0.0	0.0	0.0	0.0	0.0	0.0	0.0	0.0	0.0	0.0	0.0	0.0	0.0	0.0	0.0	0.0	0.0	0.0	0.0	0.0	0.0	0.0	0.0	0.0	0.0	0.0	0.0	0.0	0.0	0.0	0.0	0.0	0.0	0.0	0.0	0.0	0.0	0.0	0.0	0.0	0.0	0.0	0.0	0.0	0.0	0.0	0.0	0.0	0.0	0.0
S2017t2_E23-T2a-Male	-0.3275590605006391	0.24011285649879519	-0.07900098157579669	-0.21951847467010868	-0.06296414362091744	0.023064782022426514	-0.020412985319119004	0.02592886588958552	-0.06375721750817098	0.06906280810544911	0.11185304502664303	-0.08982666456656466	-0.0897272573111368	0.027837671446199534	0.06544121579193639	-0.010016474646594548	-0.03474255547906039	-0.011277451580570629	0.05446549074604283	-0.06839746161687972	0.03199121832753321	0.01563981269856191	-0.00017229296579357586	-0.002672952538912562	-0.006862487333164541	0.034699688532290184	0.004599603235756378	-0.020673184037072457	-0.032702303931071715	0.0750813202222737	-0.010911304928072045	-0.02686935026538932	0.008916099597351367	0.06157620820286	0.011286337179424231	-0.014653813170492686	0.024982368775636726	0.036182813253390664	-0.02980236989347994	0.005210308495748218	0.03724609945485362	-0.018879191525542252	-0.0024681942131715294	0.0511423715204065	0.024821998116864526	0.016681356774085002	0.022413605148189013	-0.014722649708515972	0.022236783445334342	-0.015999993353756584	0.030710795515715057	-0.007034497110870313	0.000607160714305166	0.013548752138247232	0.004423057504423336	-0.008217931063706928	-0.009571400999541787	0.012781183761224139	-0.03163955807209254	-0.006157875750875169	-0.03206312874712675	0.0037101332297675275	0.010082086887167675	0.007690541990032358	0.01699332246674935	0.0022209999444054176	-0.010519310370766857	-0.015361862357588426	0.00583756241346736	-0.021090044132953237	0.004845914794349066	0.010449475490101797	0.009275796419462577	0.002960846388785907	0.0038555958854598663	-0.0023485571240266538	-0.004643829679724048	0.002577060504641037	-0.003274973121004768	0.0	0.0	0.0	0.0	0.0	0.0	0.0	0.0	0.0	0.0	0.0	0.0	0.0	0.0	0.0	0.0	0.0	0.0	0.0	0.0	0.0	0.0	0.0	0.0	0.0	0.0	0.0	0.0	0.0	0.0	0.0	0.0	0.0	0.0	0.0	0.0	0.0	0.0	0.0	0.0	0.0	0.0	0.0	0.0	0.0	0.0	0.0	0.0	0.0	0.0	0.0	0.0	0.0	0.0	0.0	0.0	0.0	0.0	0.0	0.0	0.0	0.0	0.0	0.0	0.0	0.0	0.0	0.0	0.0	0.0	0.0	0.0	0.0	0.0	0.0	0.0	0.0	0.0	0.0	0.0	0.0	0.0	0.0	0.0	0.0	0.0	0.0	0.0	0.0	0.0	0.0	0.0	0.0	0.0	0.0	0.0	0.0	0.0	0.0	0.0	0.0	0.0	0.0	0.0	0.0	0.0	0.0	0.0	0.0	0.0	0.0	0.0	0.0	0.0	0.0	0.0	0.0	0.0	0.0	0.0	0.0	0.0	0.0	0.0	0.0	0.0	0.0	0.0	0.0	0.0	0.0	0.0	0.0	0.0	0.0	0.0	0.0	0.0	0.0	0.0
S2017t2_E23-T2b-Female	-0.1449056366145304	0.008635687011353322	0.31126832967655854	-0.10938561447736979	-0.07764766344972959	-0.10505901092246574	-0.022212637198976162	-0.1419152794791089	0.0908620480188607	-0.009628354793978553	-0.043465872897128485	0.011602391894159115	0.10140566692959911	0.0009604499035197597	0.1865985104647335	-0.08287369018256815	0.02171174503224152	-0.0015695979092612067	0.1263797316468467	-0.025278370431829726	0.029680126867477494	-0.05600844106722859	0.08873592582435998	0.05004334795171106	-0.06912490087558894	-0.003296773075019624	-0.04821495304717421	0.06849214862588048	-0.00612230794323288	0.04423729243597717	0.010603342400149764	0.00985742204843488	-0.012686928977383166	0.022981756012272203	-0.04436736773344587	0.011127218029794333	0.025495022960723916	-0.03642969894227225	-0.02969829001992389	-0.0292500131335534	0.05154186841114164	0.013759757049121293	-0.0083338105693892	-0.0014889477332985979	0.03412439138185899	-0.0001818711155658889	-6.0340252792684736e-05	-0.01997988557928424	-0.00038443905263137206	-0.004551750329532389	-6.887871743359342e-05	-0.018219265659545635	0.009329888861396076	0.03930461983587131	-0.005051995685705007	-0.016497538496760448	-0.0009431606648210741	-0.02810405683715723	-0.005201504410977249	-0.01881132644515591	-0.006868616627314492	0.011151038933834075	-0.02376966360408359	-0.0217416306319535	-0.0128843125119989	0.016256134358838836	0.005885649806945477	-0.0006433018765681663	-0.007758605667032554	0.015532505094631516	-0.00919400661078944	0.0039976663093793776	-0.0022549832429550475	-0.007340829633296998	-0.002271214254782087	-0.0031312988155128376	-0.004684960906259239	0.0019377753446818404	-0.0006491398676719593	0.0	0.0	0.0	0.0	0.0	0.0	0.0	0.0	0.0	0.0	0.0	0.0	0.0	0.0	0.0	0.0	0.0	0.0	0.0	0.0	0.0	0.0	0.0	0.0	0.0	0.0	0.0	0.0	0.0	0.0	0.0	0.0	0.0	0.0	0.0	0.0	0.0	0.0	0.0	0.0	0.0	0.0	0.0	0.0	0.0	0.0	0.0	0.0	0.0	0.0	0.0	0.0	0.0	0.0	0.0	0.0	0.0	0.0	0.0	0.0	0.0	0.0	0.0	0.0	0.0	0.0	0.0	0.0	0.0	0.0	0.0	0.0	0.0	0.0	0.0	0.0	0.0	0.0	0.0	0.0	0.0	0.0	0.0	0.0	0.0	0.0	0.0	0.0	0.0	0.0	0.0	0.0	0.0	0.0	0.0	0.0	0.0	0.0	0.0	0.0	0.0	0.0	0.0	0.0	0.0	0.0	0.0	0.0	0.0	0.0	0.0	0.0	0.0	0.0	0.0	0.0	0.0	0.0	0.0	0.0	0.0	0.0	0.0	0.0	0.0	0.0	0.0	0.0	0.0	0.0	0.0	0.0	0.0	0.0	0.0	0.0	0.0	0.0	0.0	0.0
S2017t2_E23-T2b-Male	-0.12093964324313086	0.08559979832047528	-0.042520975213522126	-0.3633373113172153	-0.10027312242597793	-0.19085183925952384	-0.11684169428482984	-0.006259350019872789	0.06258391054168601	0.035105602485643775	-0.11921586031605187	-0.031961489254340204	0.007161944695447712	-0.01246262824118277	0.041885211468679316	0.00041722136525356617	0.0031877155267280794	0.0038103922575917397	0.0011319733680120504	-0.03956502159017393	-0.0004907313804210299	0.014338533492878489	-0.07652620353391279	0.06185572957985038	-0.022347293006348322	-0.07432361004366311	0.030023863933740638	0.02961524403072912	-0.07631569468312045	-0.07751528586178512	0.006259861575804519	0.0517745027670432	-0.005272632388383376	-0.04266635682335384	-0.01686700370962558	-0.005704077399279039	-0.010442451806303946	0.01884184582515371	0.046904504072679536	0.013125276399886287	-0.005429591027901362	0.016919568251873726	0.008212017247779148	-0.007004626716524709	-0.01540129900719636	-0.019537273424619396	-0.017877889017936136	-0.008483490750072153	-0.014811512643541249	0.004781251360485935	0.001898326926813401	-0.02090868052499118	0.01909703410637829	0.01695833550438676	-0.0015691275479447903	-0.009811480065195614	-0.0077005956340834595	-0.022127392381779933	0.004720218535218944	-0.000961362915853509	-0.00298543490100252	-0.022339565591628113	0.011074152929974034	-0.02024607346662893	0.006177583827666839	-0.00940920146534826	0.012219772486638554	2.608441728168689e-06	0.0016858963270707586	-0.014623063664733406	0.003727908236666946	0.0076321173680987875	0.014117965156559654	-0.004681784937939043	-0.005472704880674576	0.008196527138353263	0.00026751716408398164	-0.0019675802759880207	-0.0027119475452856948	0.0	0.0	0.0	0.0	0.0	0.0	0.0	0.0	0.0	0.0	0.0	0.0	0.0	0.0	0.0	0.0	0.0	0.0	0.0	0.0	0.0	0.0	0.0	0.0	0.0	0.0	0.0	0.0	0.0	0.0	0.0	0.0	0.0	0.0	0.0	0.0	0.0	0.0	0.0	0.0	0.0	0.0	0.0	0.0	0.0	0.0	0.0	0.0	0.0	0.0	0.0	0.0	0.0	0.0	0.0	0.0	0.0	0.0	0.0	0.0	0.0	0.0	0.0	0.0	0.0	0.0	0.0	0.0	0.0	0.0	0.0	0.0	0.0	0.0	0.0	0.0	0.0	0.0	0.0	0.0	0.0	0.0	0.0	0.0	0.0	0.0	0.0	0.0	0.0	0.0	0.0	0.0	0.0	0.0	0.0	0.0	0.0	0.0	0.0	0.0	0.0	0.0	0.0	0.0	0.0	0.0	0.0	0.0	0.0	0.0	0.0	0.0	0.0	0.0	0.0	0.0	0.0	0.0	0.0	0.0	0.0	0.0	0.0	0.0	0.0	0.0	0.0	0.0	0.0	0.0	0.0	0.0	0.0	0.0	0.0	0.0	0.0	0.0	0.0	0.0
S2017t2_E30-T2a-Female	-0.10403832364655591	0.29374348883273405	0.043079365657049964	-0.33745427345619067	0.02834958531598365	0.05640447443539835	0.16586951721829915	0.14244027481690968	0.09006293499215569	-0.0114128949329241	0.05065892106445893	0.03681824542721703	-0.06852449826859136	-0.041373154853904796	-0.002688144837119149	-0.0035440849678815473	-0.04861360473680706	-0.018813609299823043	-0.11887149267408981	0.010364801495746256	0.016808062096258253	0.012298554277366765	0.041091252244997226	0.014289124708696244	-0.05499064960295501	-0.08491448723921398	-0.020728874975774178	0.006629921459693475	0.0046430305343669155	-0.007331796308431665	0.02424849906697708	0.04877351351798029	0.03258451742297346	-0.012399828368009888	-0.03262763388629298	0.023034394663442596	0.03027911027424674	-0.009880332317513368	0.011312080837988722	0.027359791565367497	0.0233769258606385	-0.0007251861965655652	-0.015988344183308495	0.02739846416707242	-0.04773492162570304	0.0482483718336497	-0.011166521462779857	-0.005425904006667156	-0.0025657312616644582	0.020774428406944996	-0.024667216979381228	0.0003377804799301186	0.020690487858094898	0.00380093427110271	-0.01262139305505209	-0.02145510453388799	0.001857780403827042	-0.011500553983672267	0.005241457087886051	-0.007683173875448672	0.0011983938251396245	-0.0031252653223041793	-0.009903535946469155	0.026185145127490077	-0.010306282060799785	0.002298999448443516	0.003889104629576489	-0.0084801753861465	0.006080917375618744	-0.00406598983304777	0.007468604080765835	0.0046220293855634125	-0.00910982040189512	0.008213183404308069	0.00565909507725214	-6.036715834901594e-05	-0.0029884224699751184	-0.00199771474820049	-0.0002696378131916334	0.0	0.0	0.0	0.0	0.0	0.0	0.0	0.0	0.0	0.0	0.0	0.0	0.0	0.0	0.0	0.0	0.0	0.0	0.0	0.0	0.0	0.0	0.0	0.0	0.0	0.0	0.0	0.0	0.0	0.0	0.0	0.0	0.0	0.0	0.0	0.0	0.0	0.0	0.0	0.0	0.0	0.0	0.0	0.0	0.0	0.0	0.0	0.0	0.0	0.0	0.0	0.0	0.0	0.0	0.0	0.0	0.0	0.0	0.0	0.0	0.0	0.0	0.0	0.0	0.0	0.0	0.0	0.0	0.0	0.0	0.0	0.0	0.0	0.0	0.0	0.0	0.0	0.0	0.0	0.0	0.0	0.0	0.0	0.0	0.0	0.0	0.0	0.0	0.0	0.0	0.0	0.0	0.0	0.0	0.0	0.0	0.0	0.0	0.0	0.0	0.0	0.0	0.0	0.0	0.0	0.0	0.0	0.0	0.0	0.0	0.0	0.0	0.0	0.0	0.0	0.0	0.0	0.0	0.0	0.0	0.0	0.0	0.0	0.0	0.0	0.0	0.0	0.0	0.0	0.0	0.0	0.0	0.0	0.0	0.0	0.0	0.0	0.0	0.0	0.0
S2017t2_E30-T2a-Male	-0.1971835725590977	0.10043680549826761	0.2691782954081886	0.03193134488301121	0.08830422577997396	-0.06695745069148967	0.039763154780694004	-0.044425744870277506	0.045098431380756705	0.03654976448017759	-0.044275785849930874	0.005343183572144721	0.053390907272505624	-0.015205588712641365	0.03466040784135834	0.018203272671761292	0.06792089626273154	-0.031779703113491875	0.05414972025349319	0.029234298526038715	-0.010944608639354899	0.017026830386201227	0.011476942493910541	0.034822037798804426	0.03364959896968313	0.04987812880520102	0.01000104553385423	-0.045844748049073875	-0.013777353660222038	-0.01754571588361978	0.01216565135323118	0.03479845031623091	-0.00012444070950160338	0.02664387768778897	0.011165842990263374	0.027057412671236555	-0.01797680123166568	-0.007689441232761775	-0.023085838356006142	-0.028424147096242382	0.0043869517279409905	-0.041831140271852675	0.03113970070396969	-0.013702903955887266	-0.016750744585213438	-0.0043900622103789505	-0.00455227315800135	-0.0237502788371862	-0.0078010062751016785	0.0005475906539687599	-0.010188984509338002	-0.015423934304937515	-0.01233647319051649	-0.02491198609816122	0.010583453801701807	0.02909471434906775	-0.014493886578528662	0.011142221025619863	0.028513213802096975	0.01701216734577962	-0.012397996993417546	-0.01558311133311418	0.020459297317890843	0.02278764197650217	-0.02575634877785057	-0.00784653039582466	-0.015890625856863964	-0.017069869386267388	0.016084329496727934	-0.0007139116626644361	-0.015765899542976577	-0.006416838470170279	-0.0108969657796248	0.01003978986465943	0.0010209693146755944	0.002679886215477252	0.0016613871698142799	0.0030748347901337907	0.0005875058421782077	0.0	0.0	0.0	0.0	0.0	0.0	0.0	0.0	0.0	0.0	0.0	0.0	0.0	0.0	0.0	0.0	0.0	0.0	0.0	0.0	0.0	0.0	0.0	0.0	0.0	0.0	0.0	0.0	0.0	0.0	0.0	0.0	0.0	0.0	0.0	0.0	0.0	0.0	0.0	0.0	0.0	0.0	0.0	0.0	0.0	0.0	0.0	0.0	0.0	0.0	0.0	0.0	0.0	0.0	0.0	0.0	0.0	0.0	0.0	0.0	0.0	0.0	0.0	0.0	0.0	0.0	0.0	0.0	0.0	0.0	0.0	0.0	0.0	0.0	0.0	0.0	0.0	0.0	0.0	0.0	0.0	0.0	0.0	0.0	0.0	0.0	0.0	0.0	0.0	0.0	0.0	0.0	0.0	0.0	0.0	0.0	0.0	0.0	0.0	0.0	0.0	0.0	0.0	0.0	0.0	0.0	0.0	0.0	0.0	0.0	0.0	0.0	0.0	0.0	0.0	0.0	0.0	0.0	0.0	0.0	0.0	0.0	0.0	0.0	0.0	0.0	0.0	0.0	0.0	0.0	0.0	0.0	0.0	0.0	0.0	0.0	0.0	0.0	0.0	0.0
S2017t2_E30-T2b-Female	-0.13994460758662067	0.16127479872894765	0.21304637811435845	-0.13742252571907684	0.07968941697186341	-0.027389779659403	0.14505012342114756	-0.02842019536763658	0.0871012091817584	0.010455065876378063	0.0317921734874706	-0.02075388347662124	0.005477112903990677	-0.03857848871218153	0.04846394808562158	-0.008984885580935277	0.016590067625452388	-0.015895929455963752	0.05422766285432421	0.02908249919883977	0.022357716863832183	0.024115050483589827	0.03393624421004432	-0.04433679485663035	0.05709057433946592	0.01621427267162426	0.013638252752066843	0.038615474153839244	-0.05034452369384612	-0.04186004086091932	-0.0024633329375047764	0.019437716869595945	0.01624514011142113	-0.008092615809716078	0.015919146973716655	-0.024525939114107144	0.026841634259679965	0.031782678612647275	-0.029667128528238274	0.01952694872384571	-0.03416143007987393	-0.012135448241480521	-0.03370025195956955	-0.008223368443466597	0.012700087925967154	-0.03520072057821125	-0.025689555524664343	0.00387618036298929	-0.014471535034167446	0.01810629348401009	0.044367737237805224	0.008537616486960706	-0.015225142246789877	-0.02049159489227799	-0.003929049074519319	-0.026473273313967833	-0.014905788753970575	0.06832075184255773	-0.027882945494120178	-0.0031678973458729794	-0.0026898740479673155	0.0020788665767831793	-0.009593741529209677	-0.001876097322413212	0.009790781545627472	0.0029540821119463366	-0.011815584672593542	0.01702695184638076	-0.009391739588795753	0.0029354500855758555	-0.0017709477319350153	-0.01040774038706362	0.012989643693182281	-0.01265799986063718	0.005270740846865386	0.005874512798249206	-0.0037030866831741756	0.005833967859554923	0.0023228858031517823	0.0	0.0	0.0	0.0	0.0	0.0	0.0	0.0	0.0	0.0	0.0	0.0	0.0	0.0	0.0	0.0	0.0	0.0	0.0	0.0	0.0	0.0	0.0	0.0	0.0	0.0	0.0	0.0	0.0	0.0	0.0	0.0	0.0	0.0	0.0	0.0	0.0	0.0	0.0	0.0	0.0	0.0	0.0	0.0	0.0	0.0	0.0	0.0	0.0	0.0	0.0	0.0	0.0	0.0	0.0	0.0	0.0	0.0	0.0	0.0	0.0	0.0	0.0	0.0	0.0	0.0	0.0	0.0	0.0	0.0	0.0	0.0	0.0	0.0	0.0	0.0	0.0	0.0	0.0	0.0	0.0	0.0	0.0	0.0	0.0	0.0	0.0	0.0	0.0	0.0	0.0	0.0	0.0	0.0	0.0	0.0	0.0	0.0	0.0	0.0	0.0	0.0	0.0	0.0	0.0	0.0	0.0	0.0	0.0	0.0	0.0	0.0	0.0	0.0	0.0	0.0	0.0	0.0	0.0	0.0	0.0	0.0	0.0	0.0	0.0	0.0	0.0	0.0	0.0	0.0	0.0	0.0	0.0	0.0	0.0	0.0	0.0	0.0	0.0	0.0
S2017t2_E30-T2b-Male	-0.2774492898954751	0.20141003922549847	0.0342379795965904	-0.05746210271610331	-0.06436948690547728	-0.008762377071600491	-0.01117867630700318	0.007247523401954204	-0.02067436327355526	-0.0965525224330707	-0.13049103921405938	-0.029833790147880294	0.0001425121194734321	0.1203063864030825	0.09265272776276466	-0.15344328168835622	-0.12167509173516948	-0.18416776481894498	0.057031145191599866	0.09739842759743107	-0.21550198945533097	0.07824169842796411	-0.000964407876628452	-0.030891321404351076	0.03384017244620322	0.08602222268117139	-0.1517945038489154	0.06641590655385686	-0.07076208552717932	0.0012931439616157025	0.0015525725776673216	-0.0501444420043882	-0.005011144951380129	-0.052380895314350015	0.03809133474025822	-0.02376081834421345	-0.017625549643977664	-0.030909807930442238	-0.02466154898205299	0.005849439362200371	0.01272507657682959	0.00037248619003207097	-0.006199140320880738	-0.00922991570873089	0.030732426475993082	0.016419759221168704	-0.0057287427861351945	0.020335403139587396	-0.008267256312800933	0.013868891775480433	0.0189504669138456	-0.0004559264175929701	-0.0026896067904326644	-0.03009932989152856	-0.01058573086452307	-0.0088516019575311	0.003414200854968273	-0.009042725897235428	0.014343136861579783	0.011592281878034672	0.0020244686946169965	-0.0015402062315312596	-0.0025139300459619735	-0.011056241865645803	0.012728551730631154	0.01070079459348291	-0.0035533905485677125	5.371826743330501e-05	0.008288751602682602	-0.000824790438795951	0.0038461612012433842	0.0010944623943275552	0.0029680432927878006	0.0028068039918297404	0.0036276312463620736	-0.00024667644088970146	-0.000775279468393936	-0.00012260938236768347	0.0008034622849325357	0.0	0.0	0.0	0.0	0.0	0.0	0.0	0.0	0.0	0.0	0.0	0.0	0.0	0.0	0.0	0.0	0.0	0.0	0.0	0.0	0.0	0.0	0.0	0.0	0.0	0.0	0.0	0.0	0.0	0.0	0.0	0.0	0.0	0.0	0.0	0.0	0.0	0.0	0.0	0.0	0.0	0.0	0.0	0.0	0.0	0.0	0.0	0.0	0.0	0.0	0.0	0.0	0.0	0.0	0.0	0.0	0.0	0.0	0.0	0.0	0.0	0.0	0.0	0.0	0.0	0.0	0.0	0.0	0.0	0.0	0.0	0.0	0.0	0.0	0.0	0.0	0.0	0.0	0.0	0.0	0.0	0.0	0.0	0.0	0.0	0.0	0.0	0.0	0.0	0.0	0.0	0.0	0.0	0.0	0.0	0.0	0.0	0.0	0.0	0.0	0.0	0.0	0.0	0.0	0.0	0.0	0.0	0.0	0.0	0.0	0.0	0.0	0.0	0.0	0.0	0.0	0.0	0.0	0.0	0.0	0.0	0.0	0.0	0.0	0.0	0.0	0.0	0.0	0.0	0.0	0.0	0.0	0.0	0.0	0.0	0.0	0.0	0.0	0.0	0.0
S2017t3_E11-T3a-Female	-0.4648180022259618	0.20521322520785387	-0.07456642135693589	-0.062070174271177975	-0.1615784280580003	0.13481405417693598	-0.02787090972093785	-0.19152170502509114	-0.03979562416165951	-0.18894179196252045	0.04528012192947349	0.04534268711441285	0.06827491825826155	-0.05252414112301897	0.03570219284158639	-0.10920063934225037	0.0652950330414805	-0.08632008032469633	-0.06746381351170616	0.08751771173792325	0.046970134205556686	-0.018120948586702844	0.031060577769552594	0.0011369389585353042	0.046010996172842246	-0.010404240157222787	-0.001061285808595482	0.04022255746966601	-0.007840897996448182	-0.005512356973670309	0.0692050357530771	0.06784103435458202	0.00785353741264044	-0.006800243425806095	0.015475944329246564	0.018922604879748242	0.036322135091321484	0.015731768135738348	0.05621619643733864	0.009319036604212655	-0.028278710249766796	0.00971658953736355	-0.028339397895811216	-0.0003719654730662186	-0.03459601641803874	0.009932634202121182	0.008761850730732032	-0.032650070091326505	-0.006151016941063265	-0.0041062460325522404	-0.030216943920784764	-0.011750591671507552	0.008324243359626136	-0.005199606240891375	-0.007655440539567424	0.019834941561688503	-0.012246844630087126	-0.0062015781004269655	0.005819764321361408	0.000607271227008171	0.00421433826705492	0.005747579892966952	0.009094148880208255	-0.013507746033134718	-0.008027644911076626	-0.0061526599868367915	0.002440169034976024	-0.011378511986592245	-0.00434794214861363	0.0049757618910710524	0.0113161699217082	-0.0013103630615227465	0.00924463886408326	0.0043642964031870984	-0.002609883142955827	0.005581930000809234	0.006433328399552248	-0.001003075247352851	-0.0006911707503984802	0.0	0.0	0.0	0.0	0.0	0.0	0.0	0.0	0.0	0.0	0.0	0.0	0.0	0.0	0.0	0.0	0.0	0.0	0.0	0.0	0.0	0.0	0.0	0.0	0.0	0.0	0.0	0.0	0.0	0.0	0.0	0.0	0.0	0.0	0.0	0.0	0.0	0.0	0.0	0.0	0.0	0.0	0.0	0.0	0.0	0.0	0.0	0.0	0.0	0.0	0.0	0.0	0.0	0.0	0.0	0.0	0.0	0.0	0.0	0.0	0.0	0.0	0.0	0.0	0.0	0.0	0.0	0.0	0.0	0.0	0.0	0.0	0.0	0.0	0.0	0.0	0.0	0.0	0.0	0.0	0.0	0.0	0.0	0.0	0.0	0.0	0.0	0.0	0.0	0.0	0.0	0.0	0.0	0.0	0.0	0.0	0.0	0.0	0.0	0.0	0.0	0.0	0.0	0.0	0.0	0.0	0.0	0.0	0.0	0.0	0.0	0.0	0.0	0.0	0.0	0.0	0.0	0.0	0.0	0.0	0.0	0.0	0.0	0.0	0.0	0.0	0.0	0.0	0.0	0.0	0.0	0.0	0.0	0.0	0.0	0.0	0.0	0.0	0.0	0.0
S2017t3_E11-T3a-Male	-0.38180382316508377	0.1035045452006194	-0.13779901966492458	0.15198030512106228	0.08272773101642135	-0.060501567913663734	-0.02740327487111327	0.044334088353419406	0.019688138498650507	0.05302982042133562	-0.057848556159986984	0.04242191590837795	0.03635741356998518	0.012025335031971318	-0.07671932297849261	0.005241743500166679	0.04829240364984062	0.038328452651964474	0.010165659113484245	0.048958829647534195	-0.009788302925559593	-0.004706539726182412	-0.036292915681743226	-0.022813759944636965	-0.013995966690547817	0.0007165943855658366	0.04662521175047957	0.06141636254675981	-0.03547709493176918	0.001126694453935101	0.05671741989178884	0.024111395257264225	-0.03224394709885308	-0.01747326782595044	0.031382528589809854	-0.03625939437693724	-0.010510840008344334	0.014573196985748943	-0.002409688351665587	0.044650849561530245	-0.01501806120397339	-0.03719660022346229	-0.019284141689586164	-0.014917073558271278	0.025637343345043563	-0.013627591302773603	0.009657573929466519	0.003080234923977486	0.01596010883864399	-0.005728954614569214	0.017341425984582735	0.05337613751315291	-0.010710166186192487	-0.011625924471940953	-0.026593829910468592	-0.01927753218326408	0.013686873647088326	0.005685885925535264	0.02132064135213554	0.02600916056520689	0.017401722391397208	0.014561155176758211	-0.0038886017568457703	0.02322098848431534	0.004873193244840591	6.739783815712351e-06	-0.009438612273885743	0.005896663209957189	0.011301838882257748	0.02634331419483257	0.00038809131499470694	0.010461149864220311	0.012166600430487742	0.0019365098947305192	-0.0014906893723542474	0.003946828062175497	-0.008576085703649547	0.002230875253115249	-0.006898095612376395	0.0	0.0	0.0	0.0	0.0	0.0	0.0	0.0	0.0	0.0	0.0	0.0	0.0	0.0	0.0	0.0	0.0	0.0	0.0	0.0	0.0	0.0	0.0	0.0	0.0	0.0	0.0	0.0	0.0	0.0	0.0	0.0	0.0	0.0	0.0	0.0	0.0	0.0	0.0	0.0	0.0	0.0	0.0	0.0	0.0	0.0	0.0	0.0	0.0	0.0	0.0	0.0	0.0	0.0	0.0	0.0	0.0	0.0	0.0	0.0	0.0	0.0	0.0	0.0	0.0	0.0	0.0	0.0	0.0	0.0	0.0	0.0	0.0	0.0	0.0	0.0	0.0	0.0	0.0	0.0	0.0	0.0	0.0	0.0	0.0	0.0	0.0	0.0	0.0	0.0	0.0	0.0	0.0	0.0	0.0	0.0	0.0	0.0	0.0	0.0	0.0	0.0	0.0	0.0	0.0	0.0	0.0	0.0	0.0	0.0	0.0	0.0	0.0	0.0	0.0	0.0	0.0	0.0	0.0	0.0	0.0	0.0	0.0	0.0	0.0	0.0	0.0	0.0	0.0	0.0	0.0	0.0	0.0	0.0	0.0	0.0	0.0	0.0	0.0	0.0
S2017t3_E16-T3b-Female	-0.29602696774103915	0.0834747931380182	-0.13375372124265408	0.16024770354569107	0.016512739296010957	0.045017607116306535	-0.047778169850177174	-0.19475519767692998	-0.03173703191035666	-0.16076803009960153	-0.13276731275132148	-0.017359374422722503	0.07688495376871636	0.07290419761524913	-0.04969410155478298	-0.07686327060375212	0.09862710076773344	-0.031978334387688774	-0.0078036263810489	-0.007405597643365521	0.07415938195690558	0.013135153231247547	0.014462605066508285	0.07480972352645462	0.038350742618399186	-0.051526476574125214	0.018247444691460606	0.003102531531704813	0.0016708220679014121	0.043336561734422206	-0.059982557847852974	-0.006446690980301117	0.03771038612714226	0.08055120530007191	-0.025723980820666927	0.07156980709137405	-0.007996574126098248	0.00946697432500285	-0.014696616441034847	-0.0178001765403139	-0.001551361679384006	0.0022115212167422233	0.019582735448846606	-0.006477008711061197	0.014031149261946941	0.02442164840055834	-0.01205345288755273	0.021789638693442703	-0.014523429173301173	-0.011941537908819487	0.026475149837712094	-0.0130405804548485	0.001102690568566322	-0.007955115141071216	0.009770961017824964	0.0030839322235025894	-0.006660545573816176	0.010066755405142075	-0.00021775245623552062	0.005104181114223964	-0.010659823661871317	-0.012842850670955565	-0.00815770244662357	0.01153362771929309	-0.006857934231159649	-0.010053079614070017	0.009451521026253922	0.007899401816544456	-0.01140715914569153	-0.012825713440847233	-0.002138166923967731	0.003972064663398065	-0.003402561426083181	0.007737878726012588	-0.00902625675388936	0.0013278195848520416	-0.0005644411088332193	0.0009470977861117171	0.0006741783732719546	0.0	0.0	0.0	0.0	0.0	0.0	0.0	0.0	0.0	0.0	0.0	0.0	0.0	0.0	0.0	0.0	0.0	0.0	0.0	0.0	0.0	0.0	0.0	0.0	0.0	0.0	0.0	0.0	0.0	0.0	0.0	0.0	0.0	0.0	0.0	0.0	0.0	0.0	0.0	0.0	0.0	0.0	0.0	0.0	0.0	0.0	0.0	0.0	0.0	0.0	0.0	0.0	0.0	0.0	0.0	0.0	0.0	0.0	0.0	0.0	0.0	0.0	0.0	0.0	0.0	0.0	0.0	0.0	0.0	0.0	0.0	0.0	0.0	0.0	0.0	0.0	0.0	0.0	0.0	0.0	0.0	0.0	0.0	0.0	0.0	0.0	0.0	0.0	0.0	0.0	0.0	0.0	0.0	0.0	0.0	0.0	0.0	0.0	0.0	0.0	0.0	0.0	0.0	0.0	0.0	0.0	0.0	0.0	0.0	0.0	0.0	0.0	0.0	0.0	0.0	0.0	0.0	0.0	0.0	0.0	0.0	0.0	0.0	0.0	0.0	0.0	0.0	0.0	0.0	0.0	0.0	0.0	0.0	0.0	0.0	0.0	0.0	0.0	0.0	0.0
S2017t3_E16-T3b-Male	-0.48215277058820316	0.18908522242444578	-0.05587181513872181	0.0008127894651427195	-0.12731941921156933	0.02805266625631092	0.007534554608187496	0.018871201253674072	-0.05391417615193709	0.03027045019466219	0.08268571957877897	0.05445459606553524	0.02436337690851491	-0.020797376484131623	-0.04056657875098936	-0.07445029885606647	0.0004146910483736246	0.05148512283293142	-0.11946913506629679	-0.022740826384233845	-0.02577611436306843	0.02407716614743063	0.045096171574949835	-0.007507665775714564	-0.045397155071837794	0.03743905937005797	-0.01965579218266257	-0.06798965607264891	-0.004343031143805736	-0.025448989786564253	0.026729372151634696	-0.06523008699798347	-0.00498393906800088	-0.05256334374180166	-0.0032830787926692645	0.011491773250215161	-0.05561257372630129	-0.00900580587605615	-0.04385061174092526	-0.028649895284605754	0.02328745209346483	-0.027974305843623055	0.011137601070229467	0.0043061512201493434	-0.006147798426387857	-0.008106153687096326	-0.02244234303264057	0.010492139952023949	0.000674157978832155	0.011072818135934135	0.0009750441624330826	0.035082083903584256	0.006890020236462703	-0.04401474687532128	-0.010651416725159603	0.019350395466100782	-0.019546436566675988	-0.0050408029224302845	-0.017081225416602664	-0.03492033558478379	-0.024283816191656243	0.00556928814229419	-0.010005461374260899	0.012996637601016253	0.006905192979479433	0.005515903681116588	0.007304865207544855	0.01147520633100435	-0.007070402318760599	0.004893194044918424	0.00641513787160819	0.011470149308274856	-0.0007557162325196059	-0.006757185472463349	-0.001910030739159973	0.0060851283169140015	-0.002939334736835918	0.00019212485119743302	-0.0016191571103137158	0.0	0.0	0.0	0.0	0.0	0.0	0.0	0.0	0.0	0.0	0.0	0.0	0.0	0.0	0.0	0.0	0.0	0.0	0.0	0.0	0.0	0.0	0.0	0.0	0.0	0.0	0.0	0.0	0.0	0.0	0.0	0.0	0.0	0.0	0.0	0.0	0.0	0.0	0.0	0.0	0.0	0.0	0.0	0.0	0.0	0.0	0.0	0.0	0.0	0.0	0.0	0.0	0.0	0.0	0.0	0.0	0.0	0.0	0.0	0.0	0.0	0.0	0.0	0.0	0.0	0.0	0.0	0.0	0.0	0.0	0.0	0.0	0.0	0.0	0.0	0.0	0.0	0.0	0.0	0.0	0.0	0.0	0.0	0.0	0.0	0.0	0.0	0.0	0.0	0.0	0.0	0.0	0.0	0.0	0.0	0.0	0.0	0.0	0.0	0.0	0.0	0.0	0.0	0.0	0.0	0.0	0.0	0.0	0.0	0.0	0.0	0.0	0.0	0.0	0.0	0.0	0.0	0.0	0.0	0.0	0.0	0.0	0.0	0.0	0.0	0.0	0.0	0.0	0.0	0.0	0.0	0.0	0.0	0.0	0.0	0.0	0.0	0.0	0.0	0.0
S2017t3_E17-T3a-Female	-0.4616762840610005	0.12861516581130938	-0.05520750563419362	0.19074626753103674	-0.08567188707679517	-0.032559974247355704	-0.021230155759964803	0.10098857228942147	0.08429057699219455	0.03922221079948099	-0.0010316151586296286	0.10302198926606994	0.008284921453659068	0.0594655844661211	-0.00500049219437092	0.03996664291171304	0.01724043224346974	-0.009255763562913697	0.07767581355976115	-0.004210283601521244	0.0081959314565671	0.02807332537869891	-0.012859818573769758	-0.05647614536081007	-0.006676386705088065	-0.0065828851987310075	0.010368144809666314	0.045225913210008586	-0.06261705558757805	-0.04681471657476441	0.02094784183703327	0.0159488214537847	-0.052958789846707835	-0.03763872684011374	0.022082848738251948	0.025010542510918114	-0.0005091989615475622	0.05850183305821298	-0.0045062202149551474	-0.0008111066054891001	-0.0342063393203155	-0.025369011785631695	-0.005045948733527858	0.0002025666642417868	-0.01275699129253629	-0.01922306445407756	0.00014953471692170852	0.00924130667275	0.03952220588299271	-0.01890196878405894	0.02314829214656196	-0.0013326405127241938	-0.010726185060885959	-0.017842553019967275	0.010747838785342504	0.02574294610005605	0.025982962905549925	-5.437762138579752e-05	-0.009241912554735417	0.01983791811339568	-0.011132109923956813	0.003279654651958194	-0.011986589170647866	-0.00780457210059375	0.01888300326379623	-0.014005116530677734	0.018162293082415227	-0.00415066757875805	0.0013495979457362243	0.00021358459439451913	-0.004622146895705409	-0.0033588073237909404	-0.002906667804834145	-0.0005487425140949974	-0.007454483286749445	-0.005335076255330482	0.0039909706926269575	0.0051460089144218235	0.004172922178642779	0.0	0.0	0.0	0.0	0.0	0.0	0.0	0.0	0.0	0.0	0.0	0.0	0.0	0.0	0.0	0.0	0.0	0.0	0.0	0.0	0.0	0.0	0.0	0.0	0.0	0.0	0.0	0.0	0.0	0.0	0.0	0.0	0.0	0.0	0.0	0.0	0.0	0.0	0.0	0.0	0.0	0.0	0.0	0.0	0.0	0.0	0.0	0.0	0.0	0.0	0.0	0.0	0.0	0.0	0.0	0.0	0.0	0.0	0.0	0.0	0.0	0.0	0.0	0.0	0.0	0.0	0.0	0.0	0.0	0.0	0.0	0.0	0.0	0.0	0.0	0.0	0.0	0.0	0.0	0.0	0.0	0.0	0.0	0.0	0.0	0.0	0.0	0.0	0.0	0.0	0.0	0.0	0.0	0.0	0.0	0.0	0.0	0.0	0.0	0.0	0.0	0.0	0.0	0.0	0.0	0.0	0.0	0.0	0.0	0.0	0.0	0.0	0.0	0.0	0.0	0.0	0.0	0.0	0.0	0.0	0.0	0.0	0.0	0.0	0.0	0.0	0.0	0.0	0.0	0.0	0.0	0.0	0.0	0.0	0.0	0.0	0.0	0.0	0.0	0.0
S2017t3_E17-T3a-Male	-0.44240494866347524	0.17056349256932773	-0.0974493016732907	0.05720333316090604	-0.01038784658035984	-0.02566132060563851	0.03127969113790159	0.05815568402779355	0.02227833206474916	0.07124902445404194	0.026770096016849498	-0.0038618511883397664	0.020119971905871368	-0.012850865847485658	-0.009209119195601646	0.013269726030856145	0.06946103240630742	0.007018129729079412	-0.002038216770599229	0.038645387765278615	0.0013564616220097807	0.041332067080942364	-0.05981739272280176	-0.01845796099978862	0.05449457420267898	-0.012837248624193692	-0.00823869169863419	-0.0028807836510594265	0.004653060238074307	-0.022631216088011424	-0.013989743272684804	0.10428268439458035	0.050380170326887755	-0.046018322798010006	-0.047975041856874276	-0.038398194009840604	-0.041865158637685286	-0.020263846090039974	0.038261454435959	-0.008451145401142878	0.01715486094424913	0.04157978886651598	-0.031074511686098042	0.011619014694087656	-0.009160349868248817	0.011475920283066723	0.012549147048752209	0.004946914860658266	-0.02519185848750938	-0.045252932486412274	-0.009366671766814173	0.02206853289285833	-0.02222361896128048	0.015646868841436012	0.028868814204845907	-0.03881208050341796	-0.057378315172883464	-0.022479415616100555	0.024732546740924843	0.007717825206944169	-0.012824430429812263	-0.0017426115814972655	0.009143539597312324	-0.006497646803329887	-0.0024500965032099673	0.00735455592226671	0.0023493874048647907	-0.012262335489691332	-0.00828445434798169	-0.012213220816788077	0.002583061589253109	-0.010757899381640155	0.0006497304018994745	0.00594167528049958	0.0034767405832077463	0.009445737421838882	-0.004831769306658465	0.0022627347925586964	0.005691454361533904	0.0	0.0	0.0	0.0	0.0	0.0	0.0	0.0	0.0	0.0	0.0	0.0	0.0	0.0	0.0	0.0	0.0	0.0	0.0	0.0	0.0	0.0	0.0	0.0	0.0	0.0	0.0	0.0	0.0	0.0	0.0	0.0	0.0	0.0	0.0	0.0	0.0	0.0	0.0	0.0	0.0	0.0	0.0	0.0	0.0	0.0	0.0	0.0	0.0	0.0	0.0	0.0	0.0	0.0	0.0	0.0	0.0	0.0	0.0	0.0	0.0	0.0	0.0	0.0	0.0	0.0	0.0	0.0	0.0	0.0	0.0	0.0	0.0	0.0	0.0	0.0	0.0	0.0	0.0	0.0	0.0	0.0	0.0	0.0	0.0	0.0	0.0	0.0	0.0	0.0	0.0	0.0	0.0	0.0	0.0	0.0	0.0	0.0	0.0	0.0	0.0	0.0	0.0	0.0	0.0	0.0	0.0	0.0	0.0	0.0	0.0	0.0	0.0	0.0	0.0	0.0	0.0	0.0	0.0	0.0	0.0	0.0	0.0	0.0	0.0	0.0	0.0	0.0	0.0	0.0	0.0	0.0	0.0	0.0	0.0	0.0	0.0	0.0	0.0	0.0
S2017t3_E30-T3b-Female	-0.3607707049837076	0.27607316300242285	-0.15436609824075603	-0.22535789482018834	0.006434606185806287	0.06959481915661661	-0.07712287437205997	-0.02187804412396258	-0.08211132813413859	0.09440638249462344	0.08155816476357682	-0.11714313243569878	-0.0038973414741395097	0.039091972107420235	-0.023436959799463537	0.06202072420482291	0.008256894476397485	-0.017429406820587325	0.04195736710397662	-0.000565244841840411	0.06568885312940967	0.008059442970430025	0.09070129206706684	0.011399592963583748	-0.0282512948604762	-0.028747922349746696	-0.06701018712849827	0.024870286316524822	0.053109164536209556	0.02730401471130947	0.028381593377809343	-0.0020058068395782057	0.03384471376971867	-0.044041369205839925	-0.02869904947214455	-0.014548666612424703	0.0380208647872799	-0.03815566325960403	0.015730074900721487	0.01890165326236219	-0.023161004583476513	0.020458836245290102	0.007873602738660532	0.014835268880612236	-0.013601501148482374	-0.003170065829425194	0.016112222190934947	0.036015639107535025	-0.008587562407460577	0.021249047596254438	-0.011170760450160895	0.008102112763369574	-0.002546991765338655	-0.01870221932721314	-0.017304869297364345	0.005372454805388335	0.015469839182798165	0.02924985086612575	-0.0390888558141061	-0.006586016979075876	0.03371820972748145	-0.02139503017805061	0.008063117394342423	0.0321695606859661	0.012933668186401476	0.0025921762125412843	-0.004711046037028884	0.01717947785935955	0.02555662519288061	-0.014680733940351541	-0.0015033771921514423	-0.014586250703592596	-0.0036739319160731285	-0.0051686530298482025	-0.0006896275315617724	0.0006054193243102108	-3.9425600838459995e-05	-0.0025912664800021713	0.0011666524155956827	0.0	0.0	0.0	0.0	0.0	0.0	0.0	0.0	0.0	0.0	0.0	0.0	0.0	0.0	0.0	0.0	0.0	0.0	0.0	0.0	0.0	0.0	0.0	0.0	0.0	0.0	0.0	0.0	0.0	0.0	0.0	0.0	0.0	0.0	0.0	0.0	0.0	0.0	0.0	0.0	0.0	0.0	0.0	0.0	0.0	0.0	0.0	0.0	0.0	0.0	0.0	0.0	0.0	0.0	0.0	0.0	0.0	0.0	0.0	0.0	0.0	0.0	0.0	0.0	0.0	0.0	0.0	0.0	0.0	0.0	0.0	0.0	0.0	0.0	0.0	0.0	0.0	0.0	0.0	0.0	0.0	0.0	0.0	0.0	0.0	0.0	0.0	0.0	0.0	0.0	0.0	0.0	0.0	0.0	0.0	0.0	0.0	0.0	0.0	0.0	0.0	0.0	0.0	0.0	0.0	0.0	0.0	0.0	0.0	0.0	0.0	0.0	0.0	0.0	0.0	0.0	0.0	0.0	0.0	0.0	0.0	0.0	0.0	0.0	0.0	0.0	0.0	0.0	0.0	0.0	0.0	0.0	0.0	0.0	0.0	0.0	0.0	0.0	0.0	0.0
S2017t3_E30-T3b-Male	-0.24947818606403557	0.22381196838189246	-0.232462022342816	-0.26917552660920946	0.14374196606693948	0.035227057776835366	-0.018118981221079907	0.004049441070552594	-0.0505830560044135	0.09061348322572883	0.08708121220040702	-0.03291510525222537	-0.022271922459658373	-0.047780800256961686	-0.09050344792258475	0.0630396418407368	0.017754337896156634	0.03456720720264569	0.002811223343227388	0.06447327773352009	-0.0065858724525109805	-0.029281296989977577	-0.0036022621560138305	-0.027551373377784374	-0.09933475377725819	0.03135221455826535	-0.022440008414411163	0.01428079864694238	0.02611669932954146	0.02898266393940642	0.015576744245068486	-0.002174646702344176	0.037405771131730735	-0.003262481356411908	0.00884294540172279	0.023936643131266363	0.01825142019054536	0.003466548104325993	0.011821336412983469	0.015595708075938026	-0.002931940952782873	0.00667002288198844	-0.02029386174806638	0.00038038427047522717	-0.01553277993598135	0.007542265423544266	0.0012486994789033916	0.00015648770211323544	-0.015714430310749712	0.005827139152132442	0.010550850291044207	-0.017650818050238617	-0.019376837394501804	0.010544981259129529	0.01854495390359686	0.018040862047698017	0.01972094194421167	-0.0342055557606985	-0.0036765130041636227	-0.004824793849065688	-0.010031348984513728	-0.011594193983903196	0.0025979561738339496	0.010392940609496991	-0.011033910318012074	-0.003413154024776061	0.02089833754172544	-0.024472294538670735	0.020138078435524613	0.019313131455672032	0.007738099904828988	-0.0046869303120822	-0.0007450035919170383	0.0041622197532673435	0.01595485930546573	-0.003141139198554732	0.004755109309218175	0.002915383478622563	0.000757145354359055	0.0	0.0	0.0	0.0	0.0	0.0	0.0	0.0	0.0	0.0	0.0	0.0	0.0	0.0	0.0	0.0	0.0	0.0	0.0	0.0	0.0	0.0	0.0	0.0	0.0	0.0	0.0	0.0	0.0	0.0	0.0	0.0	0.0	0.0	0.0	0.0	0.0	0.0	0.0	0.0	0.0	0.0	0.0	0.0	0.0	0.0	0.0	0.0	0.0	0.0	0.0	0.0	0.0	0.0	0.0	0.0	0.0	0.0	0.0	0.0	0.0	0.0	0.0	0.0	0.0	0.0	0.0	0.0	0.0	0.0	0.0	0.0	0.0	0.0	0.0	0.0	0.0	0.0	0.0	0.0	0.0	0.0	0.0	0.0	0.0	0.0	0.0	0.0	0.0	0.0	0.0	0.0	0.0	0.0	0.0	0.0	0.0	0.0	0.0	0.0	0.0	0.0	0.0	0.0	0.0	0.0	0.0	0.0	0.0	0.0	0.0	0.0	0.0	0.0	0.0	0.0	0.0	0.0	0.0	0.0	0.0	0.0	0.0	0.0	0.0	0.0	0.0	0.0	0.0	0.0	0.0	0.0	0.0	0.0	0.0	0.0	0.0	0.0	0.0	0.0
S2017t3F_E11-T3b-Female	-0.44989914815442617	0.005421924513745218	-0.04153707705379481	0.22733090265580222	-0.16345561814142331	0.08294694788783534	-0.012636782696400537	-0.09519799093808566	0.05232463622049643	-0.1905318067734153	-0.017156834871080596	0.18192307143216987	0.0717358348882632	0.04930805386185335	-0.04704820100649473	0.024610964816289795	0.047294034462278305	-0.03746577574374411	-0.013744215986962807	-0.01499544791869124	0.05814138744189329	0.03879092308713672	0.049725190123291636	-0.010349473973876084	-0.09460523533558617	-0.01451229179153104	0.01116631422158808	0.041395700654049725	0.05357697764983412	0.0342187115515141	-0.08808097953618618	0.03154267632812165	0.08703144236779649	0.00778900047041016	-0.026712602488374555	-0.02096287392929678	0.07843848616936595	-0.03250232361874777	-0.002783309783785891	0.03375535381259317	0.0019032612212526714	0.02433770495876839	-0.034223906017880924	0.03917739387093095	-0.02463604172008009	0.006239458779683329	-0.003935099231506299	0.008118437549916027	-0.004231582672041996	0.02168171377412281	-0.003135675983302246	0.020363274204991694	0.04055118902772461	-0.026835504272799814	-0.00018862036647315734	-0.000714937445077708	0.018559969312730705	-0.013102635241755195	0.009532489600367797	0.0015785924988850448	0.007732233774034631	-0.002427278524863735	0.0020339220655827546	0.015986006734286507	0.0034550190913293474	0.009057120415459143	-0.0023461950016604263	-0.011025800072325927	0.016588285016759286	0.008360814079669801	-0.0015405074607925436	0.0011736270818414893	0.0023731238780159303	-0.002051974658388893	0.006464016219075993	0.0001980157498900966	0.0004106354298154705	0.0008975312548124525	-0.0009255455448078816	0.0	0.0	0.0	0.0	0.0	0.0	0.0	0.0	0.0	0.0	0.0	0.0	0.0	0.0	0.0	0.0	0.0	0.0	0.0	0.0	0.0	0.0	0.0	0.0	0.0	0.0	0.0	0.0	0.0	0.0	0.0	0.0	0.0	0.0	0.0	0.0	0.0	0.0	0.0	0.0	0.0	0.0	0.0	0.0	0.0	0.0	0.0	0.0	0.0	0.0	0.0	0.0	0.0	0.0	0.0	0.0	0.0	0.0	0.0	0.0	0.0	0.0	0.0	0.0	0.0	0.0	0.0	0.0	0.0	0.0	0.0	0.0	0.0	0.0	0.0	0.0	0.0	0.0	0.0	0.0	0.0	0.0	0.0	0.0	0.0	0.0	0.0	0.0	0.0	0.0	0.0	0.0	0.0	0.0	0.0	0.0	0.0	0.0	0.0	0.0	0.0	0.0	0.0	0.0	0.0	0.0	0.0	0.0	0.0	0.0	0.0	0.0	0.0	0.0	0.0	0.0	0.0	0.0	0.0	0.0	0.0	0.0	0.0	0.0	0.0	0.0	0.0	0.0	0.0	0.0	0.0	0.0	0.0	0.0	0.0	0.0	0.0	0.0	0.0	0.0
S2017t3F_E13-T3a-Female	-0.2852775705102966	0.2870411030427565	-0.09204562456459438	-0.2567774439074162	-0.020152911334048496	0.05311065900578799	-0.03900709650471771	0.04083631064265555	-0.04708289270000898	0.055157109727545256	0.10874768978351232	-0.029530968881929857	-0.12456224524097621	0.09177966710398036	0.02997515346899589	0.03342321535000067	-0.062334989120178354	-0.013626814675590253	0.026617860292579013	-0.028435547605801026	0.0628238161468106	0.015211923318529432	0.0059077844960678805	0.0724981998400247	-0.005359078861006698	0.08937581787338539	0.029379076432305185	0.034990819625390586	0.07570752970463605	-0.021888061719527358	-0.03550751605032245	-0.04342834039218175	0.025922423347566906	0.013580510244437271	-0.031972001165675265	0.015593647821403269	0.03470762905862227	0.02468368559108989	-0.023955519662685863	0.01646615936271022	0.006296364603603857	-0.005301639689051808	-0.05374550252417754	0.00955727392410486	-0.008436955769800376	0.012800514309066157	-0.020026262156774177	0.016525722224043506	-0.03225524307188282	-0.015180979395617489	0.010577418449505268	-0.0019998198259162537	0.02073867115719107	0.002051139255634555	0.011054626114262653	0.010654355348607631	-0.005804118326071759	0.021249892280667045	0.012313268849755164	0.005011493802731317	-0.0026073831042382803	-0.011035840381619057	0.004252424385729048	-0.003038856221834685	-0.006536964539483461	0.009270884652073133	0.023672508214069903	-0.0005617428687471404	-0.02517146778043416	0.009575182721641505	-0.00010002768546593686	-0.004165515117973563	-0.012804133528926277	0.0016372550304824445	0.0004791098462142485	0.00647318228736559	0.0017581572495169303	-0.002203787720042727	0.004712629858985575	0.0	0.0	0.0	0.0	0.0	0.0	0.0	0.0	0.0	0.0	0.0	0.0	0.0	0.0	0.0	0.0	0.0	0.0	0.0	0.0	0.0	0.0	0.0	0.0	0.0	0.0	0.0	0.0	0.0	0.0	0.0	0.0	0.0	0.0	0.0	0.0	0.0	0.0	0.0	0.0	0.0	0.0	0.0	0.0	0.0	0.0	0.0	0.0	0.0	0.0	0.0	0.0	0.0	0.0	0.0	0.0	0.0	0.0	0.0	0.0	0.0	0.0	0.0	0.0	0.0	0.0	0.0	0.0	0.0	0.0	0.0	0.0	0.0	0.0	0.0	0.0	0.0	0.0	0.0	0.0	0.0	0.0	0.0	0.0	0.0	0.0	0.0	0.0	0.0	0.0	0.0	0.0	0.0	0.0	0.0	0.0	0.0	0.0	0.0	0.0	0.0	0.0	0.0	0.0	0.0	0.0	0.0	0.0	0.0	0.0	0.0	0.0	0.0	0.0	0.0	0.0	0.0	0.0	0.0	0.0	0.0	0.0	0.0	0.0	0.0	0.0	0.0	0.0	0.0	0.0	0.0	0.0	0.0	0.0	0.0	0.0	0.0	0.0	0.0	0.0
S2017t3F_E13-T3b-Female	-0.44054005672036706	0.19721848494733354	-0.03086630423928387	0.047365950100808324	-0.05445089491998601	-0.036698574839685145	-0.019768787245492216	0.11063922745392328	0.008481470267084072	0.039407663364918515	0.039146969058205215	0.02938175453939313	-0.043296797286482905	0.02493034753588447	0.0019932989748498876	-0.02160797617996756	-0.01772613097994189	0.014060972564244644	-0.048803506731259175	-0.03324007275183788	0.015904717701829753	-0.011935937962832294	-0.04405125577569551	-0.02572136869173404	0.020002984279177967	0.0048896549012780914	0.0344978020074428	-0.0150525211589423	-0.03304148304199083	-0.007103665543877717	0.0021837160812828594	-0.027938899585092703	0.01173219833083448	0.035315137946914536	0.0033899816683429455	-0.031179292914491594	-0.023107857740001743	0.009878922617521092	-0.018450161060997904	0.02710856889949081	0.007203303760154011	0.00012462500831526092	-0.026525077650046826	0.004635371828349204	0.03000164043381818	0.01908643344240399	-0.020033272280077112	0.0016999238129435823	-0.025365239308349698	0.03580919684668548	-0.022467760297729934	-0.0035507327906254436	0.047114010475990474	-0.0074607623282974735	-0.020844420569058993	0.0115725610651238	-0.013590478934445364	0.02054201857829392	-0.010612667279151436	0.004602440044177603	0.01623939874144068	-0.0038601962060515705	0.03394349016205856	-0.016899716390800762	-0.009972805945247996	0.00027496730885892513	0.0014228538615244266	-0.01608047541653592	0.005122244872132643	-0.006514156471576808	0.0012874639954355306	-0.014863966767308888	0.00884453166413348	0.01663859682597545	0.009713897042499517	-0.0028683934784175225	-0.0006312449566308026	0.0054180392285218225	-0.0012175547593723914	0.0	0.0	0.0	0.0	0.0	0.0	0.0	0.0	0.0	0.0	0.0	0.0	0.0	0.0	0.0	0.0	0.0	0.0	0.0	0.0	0.0	0.0	0.0	0.0	0.0	0.0	0.0	0.0	0.0	0.0	0.0	0.0	0.0	0.0	0.0	0.0	0.0	0.0	0.0	0.0	0.0	0.0	0.0	0.0	0.0	0.0	0.0	0.0	0.0	0.0	0.0	0.0	0.0	0.0	0.0	0.0	0.0	0.0	0.0	0.0	0.0	0.0	0.0	0.0	0.0	0.0	0.0	0.0	0.0	0.0	0.0	0.0	0.0	0.0	0.0	0.0	0.0	0.0	0.0	0.0	0.0	0.0	0.0	0.0	0.0	0.0	0.0	0.0	0.0	0.0	0.0	0.0	0.0	0.0	0.0	0.0	0.0	0.0	0.0	0.0	0.0	0.0	0.0	0.0	0.0	0.0	0.0	0.0	0.0	0.0	0.0	0.0	0.0	0.0	0.0	0.0	0.0	0.0	0.0	0.0	0.0	0.0	0.0	0.0	0.0	0.0	0.0	0.0	0.0	0.0	0.0	0.0	0.0	0.0	0.0	0.0	0.0	0.0	0.0	0.0
S2017t3F_E14-T3a-Female	-0.4240612818441575	0.0668911549447351	-0.10233206328858965	0.2034177652603582	-0.015626789046675946	-0.010946981561208534	-0.025488659481368334	0.013600419619630249	0.06560752923614566	-0.028663745243098657	-0.08124373551774548	0.09077621469965089	0.06696430994509761	0.06832116765613913	-0.046491216515808544	0.07592321007091574	0.03966558394548189	0.02324904112256686	0.0544688533535895	-0.06185255053388401	-0.04476790066375386	-0.015193450831000314	0.026918407441080976	0.018416672500533405	-0.00022820024998262408	0.01732921597134623	0.011974540382311277	0.025379686155832765	-0.046081937994964524	-0.04780942234126265	0.039806481998098935	-0.017794531006766028	-0.04285123933604057	-0.0362532385236627	0.0036703206363541377	0.023230217511174305	-0.01771395658524584	0.005125200238164527	-0.008167125989717933	-0.034752242691441566	0.03358434440867985	0.007330617565982516	0.05135651528819362	0.029278476454190194	-0.00021409953968187583	-0.05121002968071367	-0.0285737151342111	-0.029008116801432587	-0.0034888425444859024	0.009680003931710403	0.013444220002505053	-0.026049360139190514	-0.0049509173359140665	-0.004683609890129862	-0.012146814865263261	-0.0073712465264341945	-0.0021805305435719483	0.004970866320525593	-0.012743458702838408	-0.024185021040206253	0.014363284069834269	0.0072471092855871016	0.04725392342651295	0.014811884545474456	-0.010378440914369114	0.002216246915648941	-0.014923274563702712	-0.018681137379230845	0.0017919582713296779	-0.0013550267624333622	-0.0010236442045107876	-0.0064768589900322995	-0.013652151845797936	0.004736876717332784	-0.0023533356067951218	-0.0006527816157045332	0.0022687613274013714	-0.006600380517718181	-0.003990257647438403	0.0	0.0	0.0	0.0	0.0	0.0	0.0	0.0	0.0	0.0	0.0	0.0	0.0	0.0	0.0	0.0	0.0	0.0	0.0	0.0	0.0	0.0	0.0	0.0	0.0	0.0	0.0	0.0	0.0	0.0	0.0	0.0	0.0	0.0	0.0	0.0	0.0	0.0	0.0	0.0	0.0	0.0	0.0	0.0	0.0	0.0	0.0	0.0	0.0	0.0	0.0	0.0	0.0	0.0	0.0	0.0	0.0	0.0	0.0	0.0	0.0	0.0	0.0	0.0	0.0	0.0	0.0	0.0	0.0	0.0	0.0	0.0	0.0	0.0	0.0	0.0	0.0	0.0	0.0	0.0	0.0	0.0	0.0	0.0	0.0	0.0	0.0	0.0	0.0	0.0	0.0	0.0	0.0	0.0	0.0	0.0	0.0	0.0	0.0	0.0	0.0	0.0	0.0	0.0	0.0	0.0	0.0	0.0	0.0	0.0	0.0	0.0	0.0	0.0	0.0	0.0	0.0	0.0	0.0	0.0	0.0	0.0	0.0	0.0	0.0	0.0	0.0	0.0	0.0	0.0	0.0	0.0	0.0	0.0	0.0	0.0	0.0	0.0	0.0	0.0
S2017t3F_E14-T3b-Female	-0.47601375041054267	0.1774342719391236	-0.0751177393503803	0.02126568178391867	-0.1262488732634917	0.08030309868430269	0.0074410327245551825	-0.07892578598328803	0.001076767896819351	-0.0925715715397878	0.03578894155000602	0.0693294252760879	0.02655758305568333	-0.0014981050833064525	0.028284940933164002	-0.11510328259446974	0.023879411680925174	0.08338395545639088	-0.09988106989406896	0.04543263765222568	-0.007924922029907735	-0.047433158696209156	-0.052149567883024495	0.035227326553855874	0.10675852700570362	0.04753542604308248	0.0027718434763681966	-0.025012238438787214	0.03851757122083853	-0.06922966242819904	-0.10598528234202965	0.0566345221190679	-0.019181471836662682	-0.041127844567477374	-0.006474485261299147	-0.050939008555857236	-0.03721692137692618	0.015365919419589537	0.012163382457661126	-0.04271936084581897	-0.005295761719696612	-0.008786516896949247	0.017561671979439267	-0.012239472756404883	0.035481375787733124	-0.006652239999270226	0.03894404791137917	0.025248304874133924	0.027071194484345956	-0.006249322903241195	-0.006672476484697882	0.004810185645141797	-0.021002706594012946	0.030324051714108007	-0.004441278103221502	-0.011041534035542847	0.03543274455749212	-0.0019963983865846995	-0.01050410667907718	-0.027265525111244762	0.006151262501414561	-0.012119348664900534	0.0022635450037525266	0.006088927005110691	0.009854788517248927	-0.012035371233991277	0.01026975250040041	-0.0005808956875045079	0.004856665512142606	-0.004261047984551583	-0.009697319326384912	-0.011944140070167674	0.0018514218910029722	0.0022865264043744967	-0.008948338332471358	-0.005305468024767819	-0.004127840632616011	-0.00048293380458762	0.00022221038072310365	0.0	0.0	0.0	0.0	0.0	0.0	0.0	0.0	0.0	0.0	0.0	0.0	0.0	0.0	0.0	0.0	0.0	0.0	0.0	0.0	0.0	0.0	0.0	0.0	0.0	0.0	0.0	0.0	0.0	0.0	0.0	0.0	0.0	0.0	0.0	0.0	0.0	0.0	0.0	0.0	0.0	0.0	0.0	0.0	0.0	0.0	0.0	0.0	0.0	0.0	0.0	0.0	0.0	0.0	0.0	0.0	0.0	0.0	0.0	0.0	0.0	0.0	0.0	0.0	0.0	0.0	0.0	0.0	0.0	0.0	0.0	0.0	0.0	0.0	0.0	0.0	0.0	0.0	0.0	0.0	0.0	0.0	0.0	0.0	0.0	0.0	0.0	0.0	0.0	0.0	0.0	0.0	0.0	0.0	0.0	0.0	0.0	0.0	0.0	0.0	0.0	0.0	0.0	0.0	0.0	0.0	0.0	0.0	0.0	0.0	0.0	0.0	0.0	0.0	0.0	0.0	0.0	0.0	0.0	0.0	0.0	0.0	0.0	0.0	0.0	0.0	0.0	0.0	0.0	0.0	0.0	0.0	0.0	0.0	0.0	0.0	0.0	0.0	0.0	0.0
S2017t3F_E16-T3a-Female	-0.33881659678561765	0.30530996126164384	-0.12669905562421027	-0.3113990507264332	-0.14071950768621003	0.19562587883180013	-0.025825473670890074	-0.12907505438480568	-0.057148204252019434	-0.08533920075268046	0.14611762288449537	0.07189679592088714	-0.0422115528312221	0.032853828447661604	-0.058729399947676834	-0.0027210859262324118	-0.0038938412858093375	0.10527627506522781	-0.017966407226289727	-0.021491004409976443	-0.021693308628420418	-0.023961916510802202	0.03619030680462288	0.03985813769698234	-0.08648925717608219	0.03166816380555915	-0.016139261654120676	-0.007796096161015092	-0.023052452450634885	0.007319653930016806	-0.09678872257864672	-0.01291425975041744	-0.027926004849835727	0.05928867674449789	0.04075868566942832	0.043453342356922386	0.033452203489390965	0.0039940443620351705	0.0067406920857771765	0.004812597014733614	-0.00938683030193589	0.004662060062731185	0.015248229182635346	0.017108022612321437	0.004369159472090651	-0.01482204345661427	0.02880022123091623	0.005986263253096728	0.009761632237772077	-0.024039870488836594	0.03335702243886299	-0.02258113287358254	-7.139958046093626e-05	0.011685821427579565	0.016039247236523984	0.004248822191802193	0.0032059623896977772	0.016534655053142253	0.0015586124126196587	0.016830113126753855	-0.006371362830818577	0.002712428329359363	-0.012039378575750614	-0.011718125112575563	0.01782306039328215	-0.01343046602545508	-0.0028654481818214364	0.0034894296145818906	0.0015408108182787287	-0.0005883011825912633	-0.007472233037940391	-0.009256107450407253	0.0023130637322722066	0.0014722716904314627	-0.0017293665372338253	0.0014722826497070762	0.0017560532524239962	0.005039822994787454	0.0009639230797486881	0.0	0.0	0.0	0.0	0.0	0.0	0.0	0.0	0.0	0.0	0.0	0.0	0.0	0.0	0.0	0.0	0.0	0.0	0.0	0.0	0.0	0.0	0.0	0.0	0.0	0.0	0.0	0.0	0.0	0.0	0.0	0.0	0.0	0.0	0.0	0.0	0.0	0.0	0.0	0.0	0.0	0.0	0.0	0.0	0.0	0.0	0.0	0.0	0.0	0.0	0.0	0.0	0.0	0.0	0.0	0.0	0.0	0.0	0.0	0.0	0.0	0.0	0.0	0.0	0.0	0.0	0.0	0.0	0.0	0.0	0.0	0.0	0.0	0.0	0.0	0.0	0.0	0.0	0.0	0.0	0.0	0.0	0.0	0.0	0.0	0.0	0.0	0.0	0.0	0.0	0.0	0.0	0.0	0.0	0.0	0.0	0.0	0.0	0.0	0.0	0.0	0.0	0.0	0.0	0.0	0.0	0.0	0.0	0.0	0.0	0.0	0.0	0.0	0.0	0.0	0.0	0.0	0.0	0.0	0.0	0.0	0.0	0.0	0.0	0.0	0.0	0.0	0.0	0.0	0.0	0.0	0.0	0.0	0.0	0.0	0.0	0.0	0.0	0.0	0.0
S2017t3F_E17-T3b-Female	-0.3977431923978723	0.033381100252129814	-0.07205184535196141	0.2554966454698978	-0.027720808912188137	-0.040216062641411456	0.022142112080699033	0.09812487212119511	0.12397940782865638	0.017341508650864937	-0.0332347186223382	0.09187829191941704	0.003721216240636185	0.050246940317692314	-0.03412900032581946	0.11317074068830313	0.03765709579157837	-0.008497470502566397	0.1127594315207323	0.02104438369444364	0.01282525686334994	0.03270641220053203	-0.00804519998274342	-0.013515337431489732	-0.0316755455743066	0.001201313826061551	-0.003218851571628582	0.005894225873039564	-0.008443475519475566	-0.008267511454636448	-0.002994459984996552	0.032178534380874674	-0.03773820070487654	0.019861833896676624	0.010402904245360759	0.00857852002298607	0.016239547738590637	-0.008370717860523859	0.011512104413442454	-0.029003086230050525	-0.005468499917700397	-0.038360724449352436	0.0862017032748354	-0.0006296347057165737	0.03248441528336947	-0.0038108645529904743	0.0179904532983206	-0.017952399428472137	-0.03508706775834214	0.03803252266976384	-0.05779064081149023	-0.004801273277001147	-0.0244709901794588	-0.0025554130203780997	0.010066256831015058	0.02944597511280447	-0.012078869570941732	-0.02551196199856426	0.0021683122384804623	-0.0236136330704705	0.0011415504430491435	0.003924660104196337	-0.012559460405513203	-0.002828600196678901	-0.01355489520225525	0.013917157511817532	0.010157477392486609	-0.016700621477397197	0.004551563774999466	0.002900310783226288	0.004926022262968272	0.011095576060662317	0.004534644808430252	-0.012927397914081203	0.003132018964827926	0.00934561657912753	-0.00912955131064603	0.0034801893669202323	0.0007789110360559307	0.0	0.0	0.0	0.0	0.0	0.0	0.0	0.0	0.0	0.0	0.0	0.0	0.0	0.0	0.0	0.0	0.0	0.0	0.0	0.0	0.0	0.0	0.0	0.0	0.0	0.0	0.0	0.0	0.0	0.0	0.0	0.0	0.0	0.0	0.0	0.0	0.0	0.0	0.0	0.0	0.0	0.0	0.0	0.0	0.0	0.0	0.0	0.0	0.0	0.0	0.0	0.0	0.0	0.0	0.0	0.0	0.0	0.0	0.0	0.0	0.0	0.0	0.0	0.0	0.0	0.0	0.0	0.0	0.0	0.0	0.0	0.0	0.0	0.0	0.0	0.0	0.0	0.0	0.0	0.0	0.0	0.0	0.0	0.0	0.0	0.0	0.0	0.0	0.0	0.0	0.0	0.0	0.0	0.0	0.0	0.0	0.0	0.0	0.0	0.0	0.0	0.0	0.0	0.0	0.0	0.0	0.0	0.0	0.0	0.0	0.0	0.0	0.0	0.0	0.0	0.0	0.0	0.0	0.0	0.0	0.0	0.0	0.0	0.0	0.0	0.0	0.0	0.0	0.0	0.0	0.0	0.0	0.0	0.0	0.0	0.0	0.0	0.0	0.0	0.0
S2017t3F_E19-T3a-Female	-0.2263170678231931	0.19808583905133922	-0.19452964585304564	-0.23272640493192068	0.10815206824575904	0.02937717339349913	0.12514074381625265	0.044548103634405874	0.04420995114563719	0.036923752791048536	0.07456766304497126	-0.09635143288452874	-0.03610394958419459	0.005843559777164732	-0.06233653974153742	0.04757149777772143	-0.002456076497871056	-0.0024137168559793423	-0.02811624784782202	-0.044825948270903686	0.01656820721435576	-0.024604725719911204	0.02973288492004083	-0.039714424511443414	0.0295764329173149	-0.023014189096476668	0.0023149006083056194	0.003264506058884907	-0.06538215301919437	0.0032821769362698715	-0.022165104718023767	-0.07516956887330803	-0.09590965191823511	-0.0016774916245988166	0.029093383571496042	0.023010853858168756	-0.0432482027644654	0.024670744554435204	-0.033379543655218516	-0.0006797387703637879	-0.059755346945002404	0.04281428469684227	0.015226194002263684	-0.08190235043177653	-0.02569958162464615	-0.001079882167707571	0.0350195914290598	0.015369616459594363	0.030101999947445383	-0.03681549935715695	-0.05674690489872606	0.015574152231054047	0.02905063619917588	-0.01662737368387013	-0.010128066233404495	-0.0032881081376559874	0.014203287309283084	-0.012278989598908803	0.02070041852593618	-0.009718390681068955	9.770738565487773e-06	-0.010934602454240034	-0.02021942547863717	0.009705537571664478	0.01774054053111756	-0.0006599093328680182	0.006497490087401506	0.007767860445323812	0.0009182732017036079	0.008890345909800998	-0.004816883366881287	-0.0014749406735448498	0.004996296951490181	0.0029601155762666513	0.0020619322812110872	0.005412613268818225	-0.0027239447676915387	-0.001399321053219942	0.001533391291222381	0.0	0.0	0.0	0.0	0.0	0.0	0.0	0.0	0.0	0.0	0.0	0.0	0.0	0.0	0.0	0.0	0.0	0.0	0.0	0.0	0.0	0.0	0.0	0.0	0.0	0.0	0.0	0.0	0.0	0.0	0.0	0.0	0.0	0.0	0.0	0.0	0.0	0.0	0.0	0.0	0.0	0.0	0.0	0.0	0.0	0.0	0.0	0.0	0.0	0.0	0.0	0.0	0.0	0.0	0.0	0.0	0.0	0.0	0.0	0.0	0.0	0.0	0.0	0.0	0.0	0.0	0.0	0.0	0.0	0.0	0.0	0.0	0.0	0.0	0.0	0.0	0.0	0.0	0.0	0.0	0.0	0.0	0.0	0.0	0.0	0.0	0.0	0.0	0.0	0.0	0.0	0.0	0.0	0.0	0.0	0.0	0.0	0.0	0.0	0.0	0.0	0.0	0.0	0.0	0.0	0.0	0.0	0.0	0.0	0.0	0.0	0.0	0.0	0.0	0.0	0.0	0.0	0.0	0.0	0.0	0.0	0.0	0.0	0.0	0.0	0.0	0.0	0.0	0.0	0.0	0.0	0.0	0.0	0.0	0.0	0.0	0.0	0.0	0.0	0.0
S2017t3F_E19-T3b-Female	-0.35389772344388715	-0.07317760121375057	-0.06108215974740671	0.2982049394032233	-0.013187023609971506	-0.013145832627607964	-0.040995384980468265	0.05872123127352578	0.07579042904096997	-0.039609251653129236	-0.05545019131612145	0.03220656011597775	-0.019902396137542622	0.08849224306256216	-0.02899552510484717	0.16267029866427213	-0.0031284054351388324	0.04552823672346742	0.04267578545939718	-0.0899848217013112	-0.017376947857303017	-0.029707423508055025	-0.0007880203863061403	-0.03257820478895653	0.05008275513716641	-0.008069609676092092	-0.0019421993080711508	-0.05114102169381723	-0.03151371936875812	0.030826254754223344	-0.04431539891980515	-0.06505269044394696	-0.1299380978987079	-0.04492194024644665	-0.03077995569291847	0.008429145949280405	-0.05161909018218963	-0.04785628016033666	0.03666023919867076	-0.013131083037411449	-0.005331449116883457	0.0606477637678022	-0.041037508643262256	-0.017805581181935412	-0.062372596381178175	0.028609184812103367	0.036290781166097054	0.011370139909094622	0.029537761435001787	-0.007086890742012503	0.00031007060704966874	-0.0027081477763109315	0.0212366627552152	-0.016062320980553945	0.007116036833756916	-0.008349918886024788	-0.011399709091236603	-0.006157135468448483	0.005423574745952899	0.01863707672212339	-0.00029111561124226003	-0.018309479126647436	-0.023681453865227475	-0.011236087670979267	-0.004525477373163345	0.006972139326263191	-0.004834653374531294	-0.0020781751583331017	0.0005222250317620527	0.0030735346413384673	-0.006050614558994531	0.0014603036733203555	0.013112422411260679	0.0025098069827250726	-4.217748674659997e-06	-0.002675787330592037	0.0033366945277727416	0.0024078029491924387	-0.004581286828335399	0.0	0.0	0.0	0.0	0.0	0.0	0.0	0.0	0.0	0.0	0.0	0.0	0.0	0.0	0.0	0.0	0.0	0.0	0.0	0.0	0.0	0.0	0.0	0.0	0.0	0.0	0.0	0.0	0.0	0.0	0.0	0.0	0.0	0.0	0.0	0.0	0.0	0.0	0.0	0.0	0.0	0.0	0.0	0.0	0.0	0.0	0.0	0.0	0.0	0.0	0.0	0.0	0.0	0.0	0.0	0.0	0.0	0.0	0.0	0.0	0.0	0.0	0.0	0.0	0.0	0.0	0.0	0.0	0.0	0.0	0.0	0.0	0.0	0.0	0.0	0.0	0.0	0.0	0.0	0.0	0.0	0.0	0.0	0.0	0.0	0.0	0.0	0.0	0.0	0.0	0.0	0.0	0.0	0.0	0.0	0.0	0.0	0.0	0.0	0.0	0.0	0.0	0.0	0.0	0.0	0.0	0.0	0.0	0.0	0.0	0.0	0.0	0.0	0.0	0.0	0.0	0.0	0.0	0.0	0.0	0.0	0.0	0.0	0.0	0.0	0.0	0.0	0.0	0.0	0.0	0.0	0.0	0.0	0.0	0.0	0.0	0.0	0.0	0.0	0.0
S2017t3F_E23-T3a-Female	-0.20809102385916675	0.18440875357018877	-0.18897317766920324	-0.23272669066768753	0.13364423282989046	0.011197897885387519	0.09114239166830065	0.03219857896876374	-0.014042379669864909	0.03635924590723318	0.07613175418233525	-0.11514657237312163	-0.025243238808895077	-0.003967102163568984	-0.02072981108311827	0.03599720083346014	-0.018985021490383485	0.03410953262387395	-0.020208007623694332	-0.019266127372060026	-0.03408135612767861	-0.07041362145222634	-0.03458214983986085	-0.07175972225057484	0.04990352052500587	-0.028436029037006996	0.008072217223062984	0.02956714473372846	0.03369977779955032	-0.029501578027874564	-0.02053880927800245	-0.03877000571960348	-0.016201604841805654	0.03021510390929441	0.009385470451418213	-0.044409182732942455	-0.019238373058423627	-0.017108820036903834	-0.01782930871488282	0.030127885502025706	-0.01312469585905691	-0.07451709960660148	0.034247865182328856	-0.0054448171408390655	0.029229944110351513	-0.013368821398368548	-0.01599662273725484	0.018287992151647878	0.01596321157320308	0.017616267511670988	0.00250147439861716	-0.009525200320271942	-0.004459187890357618	-0.020128688025081533	0.0019770675875344476	0.031191994256245498	-0.0021391316077634787	0.0039050938113721722	0.01140418616881895	0.0016142865787296366	-0.013842901301166936	0.0065463972431842555	-0.0014923782949093625	-0.0099998646903377	-0.028008780556180186	0.012506733403824891	-0.004725973140768845	0.003207285346089222	-0.022567834930674754	0.011479235837866615	0.005252213283652286	-0.0016025710602945715	-0.005317709340147003	-0.0023186269040664747	0.0006839538666009172	-0.002463444487967005	0.004832846883654354	0.0007454817115238216	-0.003310769677418638	0.0	0.0	0.0	0.0	0.0	0.0	0.0	0.0	0.0	0.0	0.0	0.0	0.0	0.0	0.0	0.0	0.0	0.0	0.0	0.0	0.0	0.0	0.0	0.0	0.0	0.0	0.0	0.0	0.0	0.0	0.0	0.0	0.0	0.0	0.0	0.0	0.0	0.0	0.0	0.0	0.0	0.0	0.0	0.0	0.0	0.0	0.0	0.0	0.0	0.0	0.0	0.0	0.0	0.0	0.0	0.0	0.0	0.0	0.0	0.0	0.0	0.0	0.0	0.0	0.0	0.0	0.0	0.0	0.0	0.0	0.0	0.0	0.0	0.0	0.0	0.0	0.0	0.0	0.0	0.0	0.0	0.0	0.0	0.0	0.0	0.0	0.0	0.0	0.0	0.0	0.0	0.0	0.0	0.0	0.0	0.0	0.0	0.0	0.0	0.0	0.0	0.0	0.0	0.0	0.0	0.0	0.0	0.0	0.0	0.0	0.0	0.0	0.0	0.0	0.0	0.0	0.0	0.0	0.0	0.0	0.0	0.0	0.0	0.0	0.0	0.0	0.0	0.0	0.0	0.0	0.0	0.0	0.0	0.0	0.0	0.0	0.0	0.0	0.0	0.0
S2017t3F_E23-T3b-Female	-0.4632276286281529	0.19519583064449558	-0.05558476506159696	0.0550999402043026	-0.06198840028224686	-0.022604100028654924	-0.01779433688588894	0.09224078245685417	0.0063949689140188485	0.058279638494487425	0.05038642711853826	0.019185828465553733	-0.030499721039194853	0.02751150753488199	-0.0034209843915669596	-0.0038900214240734456	-0.00598090467724656	0.04239915927501296	-0.038189321697132475	-0.013527527852584587	0.026888477372258454	0.0005067866092423373	-0.06444575977213372	-0.05542008651471668	0.042008267576109856	-0.03044394066914522	-0.0056516505489994755	-0.029235684148623518	-0.014119326265129168	-0.013246610907037425	-0.03142709037977586	-0.003462387584255247	-0.00502771754167654	0.011822619403582285	-0.012611666941665716	-0.037149962829794034	-0.02618923130036018	0.007070162278760658	-0.03111685730779008	-0.004300079804292365	0.035704846862964275	0.0207144537271331	-0.02976289593676816	-0.023025577714654594	0.005628535402886297	0.012531956376635485	-0.04009474719292779	-0.0048996310185375576	0.010113230753242561	0.02377976066305243	-0.01626747208155913	-0.015264289012541666	0.006754056366227977	-0.006275917771813889	-0.013269551207514321	-0.016051558465553378	0.012162152444040543	-0.016138444376088096	0.004943489235208107	0.023217905422212116	-0.004274183654594896	0.0011134685158741041	0.012977478192615351	-0.007962930305055125	-0.012336288008259243	-0.020281982664099415	-0.02359673246726004	0.01670790035042416	0.0030189375731903313	0.020662666507197627	0.004539080724402601	0.00954941096518236	-0.0026080739389611226	-0.008546834414945222	-0.002205720935292373	-0.005271062120312305	0.005394115313410359	-0.010310549918692456	-7.530617617110516e-05	0.0	0.0	0.0	0.0	0.0	0.0	0.0	0.0	0.0	0.0	0.0	0.0	0.0	0.0	0.0	0.0	0.0	0.0	0.0	0.0	0.0	0.0	0.0	0.0	0.0	0.0	0.0	0.0	0.0	0.0	0.0	0.0	0.0	0.0	0.0	0.0	0.0	0.0	0.0	0.0	0.0	0.0	0.0	0.0	0.0	0.0	0.0	0.0	0.0	0.0	0.0	0.0	0.0	0.0	0.0	0.0	0.0	0.0	0.0	0.0	0.0	0.0	0.0	0.0	0.0	0.0	0.0	0.0	0.0	0.0	0.0	0.0	0.0	0.0	0.0	0.0	0.0	0.0	0.0	0.0	0.0	0.0	0.0	0.0	0.0	0.0	0.0	0.0	0.0	0.0	0.0	0.0	0.0	0.0	0.0	0.0	0.0	0.0	0.0	0.0	0.0	0.0	0.0	0.0	0.0	0.0	0.0	0.0	0.0	0.0	0.0	0.0	0.0	0.0	0.0	0.0	0.0	0.0	0.0	0.0	0.0	0.0	0.0	0.0	0.0	0.0	0.0	0.0	0.0	0.0	0.0	0.0	0.0	0.0	0.0	0.0	0.0	0.0	0.0	0.0
S2017t3F_E30-T3a-Female	-0.3174313146788902	0.26303829666961814	-0.1347712825047543	-0.2267666719500192	-0.08695286829219465	0.13835304344566943	0.10568639366457745	-0.08971761393726019	-0.03797903550666627	-0.02165550492460201	0.14910201030974893	-0.01775845335065028	-0.034971794130483756	-0.025916022283582238	-0.028754367545887186	-0.05916609447786088	0.030331365724940412	0.1490167729840459	0.052880466366585346	0.08367501216049686	-0.06617483006289378	0.003733870147894092	0.03667313378192766	0.02160826562994044	-0.021251028625703158	-0.03194119239565142	-0.002220025319565846	0.010506680231317952	0.06495679784704894	0.061099830385622354	0.05806133709972638	-0.028682198365165522	-0.003231163814433076	-0.050066068956202754	-0.048207008552209565	-0.06087895325095354	0.01986928088276526	-0.023246874835809825	0.013463830562436808	-0.018152217841271173	0.020276231413994594	0.010358238657352385	-0.017897695359630993	-0.011064444146685634	-0.025105147892781704	0.01610556514368101	-0.002155090886856095	0.019070339830401226	0.028538825190226134	0.017057101051830323	-0.029643541008503332	-0.0003430946453060975	-0.011508624820749781	0.01061579616049282	-0.006499204629137194	-0.0018974629814971136	0.006421784032266733	-0.017170263517618155	-0.01932915716833016	0.004881446472707223	0.008260930096928175	-0.01183430491073568	0.013478584637371813	0.022066683301745115	-0.011539461768376608	0.010655671188219615	-0.003737006806376104	-0.005792571587170915	-0.01067268098847233	-0.004548793885711612	0.006161495848790859	0.011337065612103146	-0.004143956647422446	-0.004759640453512366	-0.0008283364261806095	0.0011514758354745755	-0.001072232796873315	-0.003156795332244974	0.0005797775651249605	0.0	0.0	0.0	0.0	0.0	0.0	0.0	0.0	0.0	0.0	0.0	0.0	0.0	0.0	0.0	0.0	0.0	0.0	0.0	0.0	0.0	0.0	0.0	0.0	0.0	0.0	0.0	0.0	0.0	0.0	0.0	0.0	0.0	0.0	0.0	0.0	0.0	0.0	0.0	0.0	0.0	0.0	0.0	0.0	0.0	0.0	0.0	0.0	0.0	0.0	0.0	0.0	0.0	0.0	0.0	0.0	0.0	0.0	0.0	0.0	0.0	0.0	0.0	0.0	0.0	0.0	0.0	0.0	0.0	0.0	0.0	0.0	0.0	0.0	0.0	0.0	0.0	0.0	0.0	0.0	0.0	0.0	0.0	0.0	0.0	0.0	0.0	0.0	0.0	0.0	0.0	0.0	0.0	0.0	0.0	0.0	0.0	0.0	0.0	0.0	0.0	0.0	0.0	0.0	0.0	0.0	0.0	0.0	0.0	0.0	0.0	0.0	0.0	0.0	0.0	0.0	0.0	0.0	0.0	0.0	0.0	0.0	0.0	0.0	0.0	0.0	0.0	0.0	0.0	0.0	0.0	0.0	0.0	0.0	0.0	0.0	0.0	0.0	0.0	0.0
S2017t3M_E11-T3b-Male	-0.37945077257443144	0.0267142581533215	-0.0663802265828618	0.2699697211106294	-0.06005680782156143	-0.0007316084962994102	0.034913656879765366	0.041530016880339034	0.1111292898840012	-0.018389141940332972	-0.028679154812586448	0.118206702241176	-0.0002442411617070416	0.06918817140108281	-0.041730726286269074	0.06319328026347239	0.0416970042936361	0.052563742565555314	0.12018798236877473	0.014430267999318102	-0.015978154411102414	0.05489712720246205	0.03257312358734342	0.04355256112687925	-0.07259751635847271	0.002231938579397899	0.005982115690727896	-0.02356125679731099	0.008014272329659206	0.032684485561814226	0.002537338002087917	0.001633891549659183	0.01133027971009925	0.010707470418688357	-0.03311412233917022	0.010249801825923674	0.032334836630724284	0.011034060415624249	0.03491132191763304	-0.0003868088779726215	-0.007942377367882966	-0.04277450625861945	-0.051386067019847964	-0.012525312476645647	0.00033380485933285985	0.03407673038378068	-0.006527751534909183	-0.01011039643201177	-0.035267646081573574	-0.008842003954580208	0.02883914399246204	0.00821575160454414	0.016870424033666943	0.03534513682926732	-0.029054110579894765	-0.023374584563466225	0.0021852644215896015	0.037678805415988594	0.0032127719279263817	-0.0002373137994653566	0.0028194684200015907	0.006799173417840366	-0.031986569611324775	-0.02956485780183426	0.0033019002195998556	0.006991197862921727	-0.018793499632055958	0.029708969391625876	-0.009862084691346707	-0.01112985034253479	-0.0007772637749323074	-0.0017950669706626925	-0.01727751294854678	-1.7183762487921724e-05	-0.00717229469908307	0.004412638466714722	0.004230089391709838	-0.0050506873454648415	0.002664835281683434	0.0	0.0	0.0	0.0	0.0	0.0	0.0	0.0	0.0	0.0	0.0	0.0	0.0	0.0	0.0	0.0	0.0	0.0	0.0	0.0	0.0	0.0	0.0	0.0	0.0	0.0	0.0	0.0	0.0	0.0	0.0	0.0	0.0	0.0	0.0	0.0	0.0	0.0	0.0	0.0	0.0	0.0	0.0	0.0	0.0	0.0	0.0	0.0	0.0	0.0	0.0	0.0	0.0	0.0	0.0	0.0	0.0	0.0	0.0	0.0	0.0	0.0	0.0	0.0	0.0	0.0	0.0	0.0	0.0	0.0	0.0	0.0	0.0	0.0	0.0	0.0	0.0	0.0	0.0	0.0	0.0	0.0	0.0	0.0	0.0	0.0	0.0	0.0	0.0	0.0	0.0	0.0	0.0	0.0	0.0	0.0	0.0	0.0	0.0	0.0	0.0	0.0	0.0	0.0	0.0	0.0	0.0	0.0	0.0	0.0	0.0	0.0	0.0	0.0	0.0	0.0	0.0	0.0	0.0	0.0	0.0	0.0	0.0	0.0	0.0	0.0	0.0	0.0	0.0	0.0	0.0	0.0	0.0	0.0	0.0	0.0	0.0	0.0	0.0	0.0
S2017t3M_E13-T3a-Male	-0.1985344276837197	-0.048625177980293414	-0.0800929378501787	0.02740928694416808	-0.17617043269317414	0.2648985754613399	-0.04773125293164472	-0.34790486468599907	-0.014805617649282662	-0.35242509248081644	0.05248361683129697	-0.0011722658777176874	-0.06119743003082301	0.023444724623521804	0.0845898100216132	0.13155181141470101	0.011199277790618228	-0.12005283878860375	0.016813640955923578	0.05078950482824728	0.11949799025851834	-0.014998106718412792	-0.03226402266576435	-0.10342197075696064	0.03318604634024324	-0.03796053741733823	-0.0735937792433224	-0.06920740239097634	0.12929790463983093	0.02619092574994517	0.10005376920160299	-0.007691154246622395	-0.05178181220022656	-0.0665739468886191	-0.0022575370039773874	-0.01408187103352864	-0.05709121603230004	-0.0273159166933253	0.01641568853475094	0.03923963449490114	0.011810319002394596	-0.019840941219825305	0.016188494201330908	-0.044158307371026044	0.01641255993472516	-0.002176207395928142	-0.0135955865762288	0.015982124133045082	-0.010602813762474435	-0.0007259512877611518	0.014282809189161071	0.010689863690929674	-0.024792398494732394	-0.021187677689454086	-0.00659803986865323	0.006066934134835935	-0.008372894601175232	-0.008441144495712899	-0.014152847799835654	-0.003371996042634755	-0.010511385271137543	1.8518951724561554e-05	-0.01244624177356452	-0.009259104258634143	0.0072916495165545325	-0.018799858629974117	-0.012657102317397716	0.00157402870792223	-0.009388076365309039	-0.0014649057890765683	-0.0007303576986170628	0.011767075317023451	-0.005624175199152749	-0.004054839523692956	0.0015205175076939484	0.00019138749497702885	-0.004095116265549344	0.0010078676966978099	-0.0009096425905251517	0.0	0.0	0.0	0.0	0.0	0.0	0.0	0.0	0.0	0.0	0.0	0.0	0.0	0.0	0.0	0.0	0.0	0.0	0.0	0.0	0.0	0.0	0.0	0.0	0.0	0.0	0.0	0.0	0.0	0.0	0.0	0.0	0.0	0.0	0.0	0.0	0.0	0.0	0.0	0.0	0.0	0.0	0.0	0.0	0.0	0.0	0.0	0.0	0.0	0.0	0.0	0.0	0.0	0.0	0.0	0.0	0.0	0.0	0.0	0.0	0.0	0.0	0.0	0.0	0.0	0.0	0.0	0.0	0.0	0.0	0.0	0.0	0.0	0.0	0.0	0.0	0.0	0.0	0.0	0.0	0.0	0.0	0.0	0.0	0.0	0.0	0.0	0.0	0.0	0.0	0.0	0.0	0.0	0.0	0.0	0.0	0.0	0.0	0.0	0.0	0.0	0.0	0.0	0.0	0.0	0.0	0.0	0.0	0.0	0.0	0.0	0.0	0.0	0.0	0.0	0.0	0.0	0.0	0.0	0.0	0.0	0.0	0.0	0.0	0.0	0.0	0.0	0.0	0.0	0.0	0.0	0.0	0.0	0.0	0.0	0.0	0.0	0.0	0.0	0.0
S2017t3M_E14-T3a-Male	-0.19877015899336972	0.19197964511133295	-0.11473519816642766	-0.21296312475139925	0.07394421759402721	0.07079271782520037	-0.07776316588014039	-0.1470656459105011	-0.07418853595997861	-0.16216743497927966	-0.0856211971486319	0.03805580351310693	-0.0011203917978707138	0.015413095958968684	-0.02761619908438762	0.01017240505893375	0.01405045836321374	-0.05092198192737473	-0.00772387347345541	-0.08024226953440985	-0.051987477911539036	-0.042253247787650404	-0.05061855495703607	0.018764835140906534	0.005188133940829269	0.023139835170115308	0.10734477055524595	0.0349870817195897	-0.058362472281394524	-0.06429741177082733	-0.039384986833837295	0.04010632761071548	0.048954508720392316	0.003076360616867353	0.0037351468392120713	-0.026092641394825724	-0.006924949042911473	0.01517758747405124	0.02832539483543966	0.012956176854920889	-0.05975179715338194	0.03664120565103659	-0.026299003488683102	0.010280756676223178	0.004487082183994379	-0.04619842297549751	-0.015461522929242813	0.003909798086396839	-0.03365132875210858	0.016675083929243398	0.0057783951122094045	-0.01198253925738162	0.009203259179462537	0.016386435220129017	0.0015221153684856696	-0.020442308577847654	0.01168024624065759	0.0030855691189090838	0.005347594729528592	-0.010089172412683565	0.010146388874734052	0.014736101373515432	-0.01986921043369115	0.003478033677511715	-0.011963363726559637	0.011174337584078951	-0.025453598146652906	0.004362453149743449	0.009871289055536562	-0.0002257861736046762	-0.005166544228140192	0.0015231942851647088	-0.014917636533377002	-0.01468539984395799	0.014138169801900411	-0.009946815610258265	-0.003579303475325256	0.0003282005349692243	0.002108128350525615	0.0	0.0	0.0	0.0	0.0	0.0	0.0	0.0	0.0	0.0	0.0	0.0	0.0	0.0	0.0	0.0	0.0	0.0	0.0	0.0	0.0	0.0	0.0	0.0	0.0	0.0	0.0	0.0	0.0	0.0	0.0	0.0	0.0	0.0	0.0	0.0	0.0	0.0	0.0	0.0	0.0	0.0	0.0	0.0	0.0	0.0	0.0	0.0	0.0	0.0	0.0	0.0	0.0	0.0	0.0	0.0	0.0	0.0	0.0	0.0	0.0	0.0	0.0	0.0	0.0	0.0	0.0	0.0	0.0	0.0	0.0	0.0	0.0	0.0	0.0	0.0	0.0	0.0	0.0	0.0	0.0	0.0	0.0	0.0	0.0	0.0	0.0	0.0	0.0	0.0	0.0	0.0	0.0	0.0	0.0	0.0	0.0	0.0	0.0	0.0	0.0	0.0	0.0	0.0	0.0	0.0	0.0	0.0	0.0	0.0	0.0	0.0	0.0	0.0	0.0	0.0	0.0	0.0	0.0	0.0	0.0	0.0	0.0	0.0	0.0	0.0	0.0	0.0	0.0	0.0	0.0	0.0	0.0	0.0	0.0	0.0	0.0	0.0	0.0	0.0
S2017t3M_E14-T3b-Male	-0.13348299126884858	-0.0017334186617432399	-0.2184462554026888	-0.07917326647617029	0.2947632777792098	-0.05162781254487285	0.04785783504377687	0.00210908365326036	0.003491063425227005	-0.052618496879049396	0.11869983997063521	0.08025821646554664	0.07357773094153378	0.010395759989147269	0.09994539834936007	-0.02691116211722892	0.0050787069518162	-0.12030538833702062	0.1651882817181157	0.02266939982157116	0.006565382486498967	0.023835155206145927	0.08038591778203216	0.008636425177768286	0.017191995498666623	-0.04096634047091947	0.04496735620959683	0.0071822090013467475	-0.009362873955874951	0.018797170566050164	-0.03526369684944821	0.00901010875712983	0.02524899670965599	-0.004868824021265446	-0.030432589428945736	0.025840898180002993	0.008729601594725986	-0.004471130124699002	-0.012392988071953048	0.039291698768900776	0.008740301666760436	-0.0013997506758706203	0.012722111234163787	0.03078835725662094	-0.0053400421802344	0.002125377832638578	-0.02149954264675048	0.019599945301628938	-0.01297965730078572	0.023253168205628578	-0.0001487908458769958	0.0093009310671154	0.023531777889829537	0.006366747913408476	-0.0030465013283119038	-0.01634506802818375	-0.02652625635404101	0.017439598398049077	-0.00670542138331474	0.004583692569930905	0.00609654771772887	-0.000967428482533575	0.007122642174677209	0.008211872327852162	0.004112233432513377	0.0004583710817000836	0.0064905091795706025	0.0005502369523418894	-0.011590227261554694	-0.005423112191487224	0.004262052019431098	-0.002981217149784555	0.0026493197027211857	0.009772711887217218	-0.0034830983140332213	0.0033955337813556257	0.005715683063815533	-2.1432773870142403e-05	-0.001572183398104483	0.0	0.0	0.0	0.0	0.0	0.0	0.0	0.0	0.0	0.0	0.0	0.0	0.0	0.0	0.0	0.0	0.0	0.0	0.0	0.0	0.0	0.0	0.0	0.0	0.0	0.0	0.0	0.0	0.0	0.0	0.0	0.0	0.0	0.0	0.0	0.0	0.0	0.0	0.0	0.0	0.0	0.0	0.0	0.0	0.0	0.0	0.0	0.0	0.0	0.0	0.0	0.0	0.0	0.0	0.0	0.0	0.0	0.0	0.0	0.0	0.0	0.0	0.0	0.0	0.0	0.0	0.0	0.0	0.0	0.0	0.0	0.0	0.0	0.0	0.0	0.0	0.0	0.0	0.0	0.0	0.0	0.0	0.0	0.0	0.0	0.0	0.0	0.0	0.0	0.0	0.0	0.0	0.0	0.0	0.0	0.0	0.0	0.0	0.0	0.0	0.0	0.0	0.0	0.0	0.0	0.0	0.0	0.0	0.0	0.0	0.0	0.0	0.0	0.0	0.0	0.0	0.0	0.0	0.0	0.0	0.0	0.0	0.0	0.0	0.0	0.0	0.0	0.0	0.0	0.0	0.0	0.0	0.0	0.0	0.0	0.0	0.0	0.0	0.0	0.0
S2017t3M_E16-T3a-Male	-0.42910987799567085	0.18232271154822519	-0.10582215467569829	-0.007930197458596503	0.00903851424955491	-0.021022373211933794	0.06518322921514082	0.06430939703904223	0.02440220782987437	0.08155122816688562	0.05643512653001993	-0.024184517567015475	-0.011740076520408356	-0.06780945964400908	-0.04317160384165429	0.0006739418608389138	0.06023661746864251	0.014415381440423812	-0.05185904832821982	0.04478123407061587	0.0019938584416426936	0.044091640440108736	-0.014426369812073963	0.040928832464899874	0.029688424331316535	0.016935530188854502	-0.019280640116776857	-0.037776953234216606	0.0009711582560009221	0.009107524340226896	0.02102135927085762	-0.0004061233235345769	0.038661621010670666	0.010518630486144893	0.010961180001746371	0.029663027038797436	-0.03851638140918669	0.0027467897268784775	0.010412378315485268	-0.009315423006284133	-0.039190746689803484	0.034677916871207096	0.030960662599652022	-0.007637789479029009	0.033848022095535925	-0.005694877359884808	0.0007715311264379968	0.008084627695177166	-0.04608419594048428	0.01451978625762353	0.02343783001735451	-0.048626585765749	0.03465345471372375	0.023551982232150586	0.009581395352642031	-0.007125062087313418	0.019162839694058673	-0.03321228048444182	-0.015363808046692334	-0.012001302897589	-0.0024972832908529943	0.015602058156169695	-0.014684187467278542	0.024777938370610958	0.032164957805882	0.018116927587111847	-0.02023921749372931	-0.006455707927729697	-0.011121994173428334	-0.0029761404880780692	-0.0033680103340206196	0.005646193993267479	-0.011317238401237625	-0.004122066508812858	-0.0017357714524862387	-0.01327081487061371	0.0059366484296376	0.00027535654572339414	-0.0019693898310873324	0.0	0.0	0.0	0.0	0.0	0.0	0.0	0.0	0.0	0.0	0.0	0.0	0.0	0.0	0.0	0.0	0.0	0.0	0.0	0.0	0.0	0.0	0.0	0.0	0.0	0.0	0.0	0.0	0.0	0.0	0.0	0.0	0.0	0.0	0.0	0.0	0.0	0.0	0.0	0.0	0.0	0.0	0.0	0.0	0.0	0.0	0.0	0.0	0.0	0.0	0.0	0.0	0.0	0.0	0.0	0.0	0.0	0.0	0.0	0.0	0.0	0.0	0.0	0.0	0.0	0.0	0.0	0.0	0.0	0.0	0.0	0.0	0.0	0.0	0.0	0.0	0.0	0.0	0.0	0.0	0.0	0.0	0.0	0.0	0.0	0.0	0.0	0.0	0.0	0.0	0.0	0.0	0.0	0.0	0.0	0.0	0.0	0.0	0.0	0.0	0.0	0.0	0.0	0.0	0.0	0.0	0.0	0.0	0.0	0.0	0.0	0.0	0.0	0.0	0.0	0.0	0.0	0.0	0.0	0.0	0.0	0.0	0.0	0.0	0.0	0.0	0.0	0.0	0.0	0.0	0.0	0.0	0.0	0.0	0.0	0.0	0.0	0.0	0.0	0.0
S2017t3M_E17-T3b-Male	-0.30776412277579235	0.027971649038924573	-0.08275936206036164	-0.018816269885300697	0.004550332925765665	-0.14618752459248338	-0.06018671449214768	0.02995453738493963	-0.030096797199592396	0.04124343938349446	-0.06557872630334592	-0.016235326329987764	0.059105403950052655	-0.026364865676252795	0.04598705869721458	-0.09779964681741687	0.0601088152648047	-0.09359336287058019	-0.03221734414178855	-0.0746718403517631	0.008575713723311356	-0.0024390855707077056	-0.06892647713766765	-0.0005720730051950145	-0.04339202342735441	0.01978670035573199	0.04495788165607903	0.060639466216916876	-0.027842583591110182	0.017798242419683283	-0.0191504385277539	-0.002695335755042094	-0.012514315428674427	-0.017202808588908675	-0.04103253434144431	0.027994413314561106	-0.05120050151876289	-0.030186972155812706	-0.007741685402843628	-0.003262068796938009	-0.007344827278441482	-0.028838397247233048	-0.012668874735847583	0.02897513398911933	0.029161092657427924	0.0001525763174372412	-0.008629443455941462	-0.00042040702856039914	0.02664854629381375	-0.013736526580044527	0.02241996354257372	0.024609670938457454	-0.02148415317523432	0.03289712791545432	0.016705537501998564	0.017396433582474117	-0.002471004261156894	0.006567122425268016	0.002376630490268567	0.007069519325004411	-0.0067989112524369354	0.019845024114844904	-0.001728897121974163	0.02253517619180098	0.016578674148065544	0.01914963625208951	0.006788294399041899	0.012486462199134149	0.004132150984111501	0.014896089602410678	-0.005381263314017363	-0.0020526203086168467	-0.017690327304351314	-0.0009183345748678385	-0.0017343129246901964	-0.0010422782735104352	0.0011710393906003557	0.00044596035532037064	-0.00010268961779529449	0.0	0.0	0.0	0.0	0.0	0.0	0.0	0.0	0.0	0.0	0.0	0.0	0.0	0.0	0.0	0.0	0.0	0.0	0.0	0.0	0.0	0.0	0.0	0.0	0.0	0.0	0.0	0.0	0.0	0.0	0.0	0.0	0.0	0.0	0.0	0.0	0.0	0.0	0.0	0.0	0.0	0.0	0.0	0.0	0.0	0.0	0.0	0.0	0.0	0.0	0.0	0.0	0.0	0.0	0.0	0.0	0.0	0.0	0.0	0.0	0.0	0.0	0.0	0.0	0.0	0.0	0.0	0.0	0.0	0.0	0.0	0.0	0.0	0.0	0.0	0.0	0.0	0.0	0.0	0.0	0.0	0.0	0.0	0.0	0.0	0.0	0.0	0.0	0.0	0.0	0.0	0.0	0.0	0.0	0.0	0.0	0.0	0.0	0.0	0.0	0.0	0.0	0.0	0.0	0.0	0.0	0.0	0.0	0.0	0.0	0.0	0.0	0.0	0.0	0.0	0.0	0.0	0.0	0.0	0.0	0.0	0.0	0.0	0.0	0.0	0.0	0.0	0.0	0.0	0.0	0.0	0.0	0.0	0.0	0.0	0.0	0.0	0.0	0.0	0.0
S2017t3M_E19-T3a-Male	-0.09760949317414065	0.10611647192549771	0.1758622381339332	-0.10287742849820813	0.05373829922193974	-0.0031478508776353344	0.12626506074165642	-0.04299801645959952	0.0982299820672947	-0.07037616270389692	-0.05017097540231152	0.024887525495432907	0.01063182809227931	-0.0600574458535311	0.05623638007367935	0.08383952070753721	-0.0046976611061110285	-0.0026563759890883966	0.17090610092868336	-0.0350717808054025	-0.026206899736903235	0.04556652000064731	0.10136168858358947	-0.05490592395807793	0.016911357453690032	0.005930472591445005	0.014809996894026378	0.008788984923126061	-0.0071398300000802516	0.01874214921962814	-0.03788506953344446	-0.09710939129979379	-0.005589385555790253	-0.01593630839715392	-0.03854284763514703	0.09465208468319818	-0.06333436693457138	0.04064720944298827	0.010313994214338863	-0.023441961254305022	-0.05556536021786106	0.027045347202762464	-0.0568342244993265	-0.03050511828090838	-0.02407504032548723	0.03603056081064354	0.051950785329162516	0.010277876713381776	0.03432106718917563	-0.07791569522196018	-0.02231838135800507	-0.004855533283038517	0.046571848288744166	0.010052443527208056	0.009854885953945692	-0.008146803432347926	-0.012693354772422283	-0.01951173326938367	0.004370579412400023	-0.00941718587425109	0.011351067850508996	-0.021041659119540448	0.005774452178093968	0.016395212711271902	-0.01422677583130942	0.0021882816396957923	0.002626527746530623	0.0017324704650804003	0.0017887154044352834	-0.011092101560457797	0.010064446730709761	-0.004998642512538548	0.0016342839432749087	-0.00011885171360293651	-0.0014969648168191723	-0.006714732833982955	0.003064457344414818	0.003661516753038468	-0.00286655021576686	0.0	0.0	0.0	0.0	0.0	0.0	0.0	0.0	0.0	0.0	0.0	0.0	0.0	0.0	0.0	0.0	0.0	0.0	0.0	0.0	0.0	0.0	0.0	0.0	0.0	0.0	0.0	0.0	0.0	0.0	0.0	0.0	0.0	0.0	0.0	0.0	0.0	0.0	0.0	0.0	0.0	0.0	0.0	0.0	0.0	0.0	0.0	0.0	0.0	0.0	0.0	0.0	0.0	0.0	0.0	0.0	0.0	0.0	0.0	0.0	0.0	0.0	0.0	0.0	0.0	0.0	0.0	0.0	0.0	0.0	0.0	0.0	0.0	0.0	0.0	0.0	0.0	0.0	0.0	0.0	0.0	0.0	0.0	0.0	0.0	0.0	0.0	0.0	0.0	0.0	0.0	0.0	0.0	0.0	0.0	0.0	0.0	0.0	0.0	0.0	0.0	0.0	0.0	0.0	0.0	0.0	0.0	0.0	0.0	0.0	0.0	0.0	0.0	0.0	0.0	0.0	0.0	0.0	0.0	0.0	0.0	0.0	0.0	0.0	0.0	0.0	0.0	0.0	0.0	0.0	0.0	0.0	0.0	0.0	0.0	0.0	0.0	0.0	0.0	0.0
S2017t3M_E19-T3b-Male	-0.31657956526076647	-0.03052928436741879	0.05500237288137048	0.24422351419952734	-0.06973607189937092	-0.06546702063763091	-0.021508737206805673	0.1367737066456191	0.10616775717285068	-0.052467849445922976	-0.08826263998627011	0.08050743510649873	-0.09225205917556202	0.04399218557728638	0.06247789337934781	0.07317673845485906	-0.057668919893581284	-0.03172590177913546	0.0598123416959101	-0.10409951646571677	-0.013996521630389244	0.008343707758941922	-0.039515807094188164	-0.030015089549349908	-0.03623661691015051	-0.01968789427537363	0.04164703060925841	-0.061673951605993524	-0.02526123437272542	0.05619058026922122	-0.03648814923851235	-0.03839365455157707	-0.055568560877729434	0.036317694601975196	0.034116151365275064	-0.007202361561240095	-0.007821169245245757	0.010133276752790063	0.024263931392549936	0.015976230487199802	-0.06940576865374873	0.031185858184247784	-0.039229280700447566	-0.011144573751140995	-0.020261526600804648	0.00848969221881955	0.04320290291020423	-0.00480729802922629	0.0475466950262639	-0.04156878142725121	-0.024845410966626354	-0.0033825632736850845	0.026094675578742548	-0.0035354943539361063	-0.0070210391755138905	0.004521460365612707	-0.0170669876017496	-0.021455344589898742	-0.021556349229128087	-0.011011229836396833	0.011195728184211278	0.0018676390802926594	0.023030432590349793	0.011680501732953347	0.02226925837890179	0.007524133342090249	-0.0003819569203229945	0.009804967815297298	-0.00015932085709406397	0.005359085952153483	0.003166496797080554	-0.0017398014054969392	-0.0071119323037877455	-0.003531211004976541	-0.0031639314357573417	0.004438137455270287	-0.001696408785878133	-0.0017225190208357262	0.002118464854477266	0.0	0.0	0.0	0.0	0.0	0.0	0.0	0.0	0.0	0.0	0.0	0.0	0.0	0.0	0.0	0.0	0.0	0.0	0.0	0.0	0.0	0.0	0.0	0.0	0.0	0.0	0.0	0.0	0.0	0.0	0.0	0.0	0.0	0.0	0.0	0.0	0.0	0.0	0.0	0.0	0.0	0.0	0.0	0.0	0.0	0.0	0.0	0.0	0.0	0.0	0.0	0.0	0.0	0.0	0.0	0.0	0.0	0.0	0.0	0.0	0.0	0.0	0.0	0.0	0.0	0.0	0.0	0.0	0.0	0.0	0.0	0.0	0.0	0.0	0.0	0.0	0.0	0.0	0.0	0.0	0.0	0.0	0.0	0.0	0.0	0.0	0.0	0.0	0.0	0.0	0.0	0.0	0.0	0.0	0.0	0.0	0.0	0.0	0.0	0.0	0.0	0.0	0.0	0.0	0.0	0.0	0.0	0.0	0.0	0.0	0.0	0.0	0.0	0.0	0.0	0.0	0.0	0.0	0.0	0.0	0.0	0.0	0.0	0.0	0.0	0.0	0.0	0.0	0.0	0.0	0.0	0.0	0.0	0.0	0.0	0.0	0.0	0.0	0.0	0.0
S2017t3M_E23-T3a-Male	-0.28986901083185884	-0.06544040286184986	-0.1753128595554709	0.1795173258020357	0.1848591450070165	-0.04675338082230992	0.13314937765793244	0.09920607666846774	0.1616996211649615	-0.024065755511599767	-0.01259382091616532	0.029804693207069625	0.0459479668912896	0.02781620895305044	-0.0506291822231608	0.04957026480815819	0.03165492696788667	-0.06121909719623748	-0.07889043410955662	0.05529870915527414	0.05460107872332981	-0.05771647866995526	0.0803223165349728	-0.03725487833702264	-0.10840461295221888	-0.012633082060900141	-0.002922831545300768	-0.026975254905723663	0.01955939478419544	0.05638872458968815	-0.015502056026362105	0.050657375709855706	0.023707224961439358	-0.011972596807168771	-0.011317110222216698	-0.024430453004442694	-0.005276832871375731	-0.011349062277903674	0.017265921078380635	0.03232371592790042	0.021936859137756684	0.025797084437051917	-0.046412084565649894	0.025108551217414107	-0.0001400403671651356	0.014392125204724052	-0.011558226351322289	0.00026029698262758025	-0.008707593073969429	-0.0029283570965290733	-0.004973191658857576	-0.0001955252700444956	-0.021350002438880286	0.022438972966634826	-0.0013127636453161564	-0.010723122384895548	0.003421218978319663	-0.02721884542898936	-0.0035924680407232513	0.014658275694602985	0.0013617754976981051	0.00405018750512812	0.02588426824157266	-0.019319131579495868	-0.005622929492986097	-0.008285543173820938	0.0033207288390738805	-0.013931224102823873	-0.006806437499486364	0.0006342200830175707	-0.0028343338431729838	-0.004467883537092512	-0.0020629554902942076	-0.004130516965610576	-0.0013027298031070996	-0.007064904268448261	-0.0007065614748507087	-0.001740109698637131	-0.0004262742982894894	0.0	0.0	0.0	0.0	0.0	0.0	0.0	0.0	0.0	0.0	0.0	0.0	0.0	0.0	0.0	0.0	0.0	0.0	0.0	0.0	0.0	0.0	0.0	0.0	0.0	0.0	0.0	0.0	0.0	0.0	0.0	0.0	0.0	0.0	0.0	0.0	0.0	0.0	0.0	0.0	0.0	0.0	0.0	0.0	0.0	0.0	0.0	0.0	0.0	0.0	0.0	0.0	0.0	0.0	0.0	0.0	0.0	0.0	0.0	0.0	0.0	0.0	0.0	0.0	0.0	0.0	0.0	0.0	0.0	0.0	0.0	0.0	0.0	0.0	0.0	0.0	0.0	0.0	0.0	0.0	0.0	0.0	0.0	0.0	0.0	0.0	0.0	0.0	0.0	0.0	0.0	0.0	0.0	0.0	0.0	0.0	0.0	0.0	0.0	0.0	0.0	0.0	0.0	0.0	0.0	0.0	0.0	0.0	0.0	0.0	0.0	0.0	0.0	0.0	0.0	0.0	0.0	0.0	0.0	0.0	0.0	0.0	0.0	0.0	0.0	0.0	0.0	0.0	0.0	0.0	0.0	0.0	0.0	0.0	0.0	0.0	0.0	0.0	0.0	0.0
S2017t3M_E23-T3b-Male	-0.3175521531386611	0.0035802006862765243	-0.15490301227210115	0.1577862598666055	0.1699489525988032	-0.09249765655447494	-0.011025876262521134	0.057570586557427236	0.04929355842628271	0.00253233374173424	-0.015659777766614796	0.09708106997107667	0.0576792704436195	-0.022969816000517125	-0.016684457454391524	0.01336934953853093	0.048622958807381336	-0.028731477260257557	0.06243984665677225	0.06682768494135544	-0.0025260754822764887	-0.04295519423184021	-0.02982492619924854	-0.04423745217155903	-0.030967941281860638	-0.006140393673220249	0.01789444144201516	-0.012003719304131123	0.014189264824447018	0.010492249793276212	-0.0314863907869961	-0.041724799051526346	0.018362339106854222	0.043327526024862575	-0.019057861969891187	0.0075982053677953135	-0.028399136376237987	0.028489858475910363	-0.05118919896706632	-0.02162943426423315	0.042461235577376445	0.032566682389471156	0.007379973829910966	-0.01909995324003856	0.02145236831558163	-0.017421237262874426	-0.018881180088139913	0.005268744442262427	-0.021470036611134224	0.01779921456799484	0.0072585466279851876	-0.005259053748335834	0.01951644260321776	-0.018780515309236724	0.002306279766924402	-0.010188599916332836	0.008452192179510003	0.029251135216336422	-0.003329483385977978	0.0011525955046362074	-0.005577559171232907	-0.02426654256073293	-0.01081959899116621	0.0027125934891784687	-0.0043739340948960185	-0.03141600242435434	0.0014326670018820883	0.032346209284007055	0.0030783179809820756	-0.00017406081415616696	0.0004961738632762062	-0.016674889250157997	0.002466633592065937	-0.001195524072449239	0.012764545334966711	0.002021607277373976	-0.0016193368327519638	-0.0006834291422072121	0.003772922598825828	0.0	0.0	0.0	0.0	0.0	0.0	0.0	0.0	0.0	0.0	0.0	0.0	0.0	0.0	0.0	0.0	0.0	0.0	0.0	0.0	0.0	0.0	0.0	0.0	0.0	0.0	0.0	0.0	0.0	0.0	0.0	0.0	0.0	0.0	0.0	0.0	0.0	0.0	0.0	0.0	0.0	0.0	0.0	0.0	0.0	0.0	0.0	0.0	0.0	0.0	0.0	0.0	0.0	0.0	0.0	0.0	0.0	0.0	0.0	0.0	0.0	0.0	0.0	0.0	0.0	0.0	0.0	0.0	0.0	0.0	0.0	0.0	0.0	0.0	0.0	0.0	0.0	0.0	0.0	0.0	0.0	0.0	0.0	0.0	0.0	0.0	0.0	0.0	0.0	0.0	0.0	0.0	0.0	0.0	0.0	0.0	0.0	0.0	0.0	0.0	0.0	0.0	0.0	0.0	0.0	0.0	0.0	0.0	0.0	0.0	0.0	0.0	0.0	0.0	0.0	0.0	0.0	0.0	0.0	0.0	0.0	0.0	0.0	0.0	0.0	0.0	0.0	0.0	0.0	0.0	0.0	0.0	0.0	0.0	0.0	0.0	0.0	0.0	0.0	0.0
S2017t3M_E30-T3a-Male	-0.2844597360175702	0.27411647020711194	-0.18138092406261624	-0.268397685953281	0.03457002785861489	0.07640676643662621	-0.006244848445036525	0.009590828197924402	-0.051101126744018795	0.10195434273472968	0.09490918973312236	-0.056798341636646606	-0.0401310346148311	0.023111212595646358	-0.06641720101497556	0.1185343931413454	0.03525485919980902	0.05122881747428262	0.05028457698307577	0.005200534811602448	0.007110344773882696	0.032314441345038344	-0.021102938830771367	0.020469311776482146	-0.037216933052969255	0.005734042823782487	-0.029428902508066637	-0.015179121422732497	0.02820697454142494	0.012723943264459848	-0.043365164158057606	0.040329019521651535	0.014367138034442265	-0.0006958704891331806	-0.01674616136079716	0.010552067217592854	0.0017793905712669756	-0.05200601886967789	0.03514739332683978	-0.008796069551467625	0.03509010593691578	0.004814800252588103	0.009012896128726015	0.00013569469694074172	-0.01369622953073017	0.0026323543873521273	-0.013335147815881254	-0.020773075689985765	-0.0456867209757749	-0.019114604396701134	0.03704523904931487	0.011450792115565224	-0.022429036266173052	-0.015400879155594212	-0.004106924741995736	-0.022895018593616024	-0.0029080987150084253	0.02792277520967692	0.01861587222246845	0.002090284350504505	-0.0004962218088627479	-0.020633974447854444	-0.022807553524267884	-0.035472267347092745	-0.0032921375450206966	-0.0042935218479485315	-0.017684984176006828	0.05236936803577185	0.009682799543400124	0.004132405215909674	0.0028145584931401064	-0.0030618381232868606	-0.0014292954399886797	0.0034809371293328404	-0.0012871526266212384	0.004021621272032811	0.004810327008663975	0.0015072193349523466	-0.003585757819367118	0.0	0.0	0.0	0.0	0.0	0.0	0.0	0.0	0.0	0.0	0.0	0.0	0.0	0.0	0.0	0.0	0.0	0.0	0.0	0.0	0.0	0.0	0.0	0.0	0.0	0.0	0.0	0.0	0.0	0.0	0.0	0.0	0.0	0.0	0.0	0.0	0.0	0.0	0.0	0.0	0.0	0.0	0.0	0.0	0.0	0.0	0.0	0.0	0.0	0.0	0.0	0.0	0.0	0.0	0.0	0.0	0.0	0.0	0.0	0.0	0.0	0.0	0.0	0.0	0.0	0.0	0.0	0.0	0.0	0.0	0.0	0.0	0.0	0.0	0.0	0.0	0.0	0.0	0.0	0.0	0.0	0.0	0.0	0.0	0.0	0.0	0.0	0.0	0.0	0.0	0.0	0.0	0.0	0.0	0.0	0.0	0.0	0.0	0.0	0.0	0.0	0.0	0.0	0.0	0.0	0.0	0.0	0.0	0.0	0.0	0.0	0.0	0.0	0.0	0.0	0.0	0.0	0.0	0.0	0.0	0.0	0.0	0.0	0.0	0.0	0.0	0.0	0.0	0.0	0.0	0.0	0.0	0.0	0.0	0.0	0.0	0.0	0.0	0.0	0.0
S3-female-1	0.19540638910497152	-0.07492915359321942	0.5688122669821263	-0.06187142828972738	-0.0019289366586202098	0.1805029638628216	-0.17925312952741956	0.06957505247379218	0.030836999682399384	0.002321495346382666	0.15786275362177515	-0.04493735670131861	0.15723409639103747	0.06595107925060235	-0.028877163313465633	0.024805805278783757	0.09775008106288617	-0.08589414761919557	-0.05105518129348972	-0.011934664210786315	-0.06657160221783529	0.022894008830620757	-0.03786536997073234	0.003422765988309062	-0.034813063443557134	-0.01426986790542561	0.016532442822507553	0.02122058588876966	0.044852287687561165	-0.035871436437213786	-0.031064353065205896	-0.044410194849930126	-0.031001240433784175	-0.013931601902246927	0.00405262090244557	-0.021262354689481924	0.030387055544155557	0.011776745000438842	0.013054827395746111	0.013499201066517818	-0.005058799673570735	-0.009058754017199818	-0.0005278292409399017	-0.0030595067135075218	0.015786853801581013	-0.02285034171318354	0.004863441479438333	-0.030646818198075805	0.0019430898292536916	0.014440898932960366	-0.015885594708066046	-0.005711727959725883	0.005802952260629115	-0.0045269125960514115	-0.004585844271822933	-0.007161088182388322	-0.005182082966258024	-0.007084806340014481	-0.008047419526815163	-0.013725781243766316	-0.0038845097823439383	-0.03360530797321498	-0.007996458239984763	-0.012460121442287052	0.010779401842142532	0.004650493660114837	-0.0003647689595510603	-0.00862030202545972	0.00345661698356233	0.0035642541206923443	0.01221025383086188	-0.0015730427742353481	0.0029103784887619666	0.009256448517607357	0.002949012619743419	-0.007020699698918994	0.00312973171066705	-0.0017231883065834512	0.0031406605143249108	0.0	0.0	0.0	0.0	0.0	0.0	0.0	0.0	0.0	0.0	0.0	0.0	0.0	0.0	0.0	0.0	0.0	0.0	0.0	0.0	0.0	0.0	0.0	0.0	0.0	0.0	0.0	0.0	0.0	0.0	0.0	0.0	0.0	0.0	0.0	0.0	0.0	0.0	0.0	0.0	0.0	0.0	0.0	0.0	0.0	0.0	0.0	0.0	0.0	0.0	0.0	0.0	0.0	0.0	0.0	0.0	0.0	0.0	0.0	0.0	0.0	0.0	0.0	0.0	0.0	0.0	0.0	0.0	0.0	0.0	0.0	0.0	0.0	0.0	0.0	0.0	0.0	0.0	0.0	0.0	0.0	0.0	0.0	0.0	0.0	0.0	0.0	0.0	0.0	0.0	0.0	0.0	0.0	0.0	0.0	0.0	0.0	0.0	0.0	0.0	0.0	0.0	0.0	0.0	0.0	0.0	0.0	0.0	0.0	0.0	0.0	0.0	0.0	0.0	0.0	0.0	0.0	0.0	0.0	0.0	0.0	0.0	0.0	0.0	0.0	0.0	0.0	0.0	0.0	0.0	0.0	0.0	0.0	0.0	0.0	0.0	0.0	0.0	0.0	0.0
S3-female-3	0.18570419579835354	0.4160819700810432	-0.14997187367401044	0.012282366598904693	-0.268224081185278	-0.06630468260931997	-0.005192031903369046	0.027708155590564845	-0.12014755056437289	0.0775358263522349	0.09184872393496663	0.04686603863343871	0.09698557119996364	-0.012581460053611701	0.01907027254300658	-0.09758997757603802	0.012125961871519056	-0.02370688188292983	-0.02048090253930246	-0.048069045623285934	0.021574991422169273	0.04165841666738764	-0.04746010885400583	-0.027335697752991724	0.001118276056154169	0.049292542642339586	0.05681321944096563	0.054957718368753725	-0.01747405510700751	0.005609691098693044	-0.004629412490828725	0.039280880122143313	-0.05930754893820148	0.016269570318799446	0.053848396804388195	-0.052388057407156574	-0.0222853580575317	0.03366149462489589	-0.003639300282146773	0.04023154129215326	0.010460298823851043	0.006621880610380317	-0.029036151665898957	0.006074487072101321	0.007153691183295528	0.012416784748479757	0.01645135978323266	-0.040953702210125884	-0.006036978845453905	-0.008374280495386573	0.010019531281689815	-0.020686323948688815	-0.013912270240695707	-0.0063094694992130535	0.009825335618724692	0.0007111502459359549	-0.007047528215895689	-0.0030948196858415693	-0.00751962989559528	-0.003325718410799329	0.011783425286110845	-0.023607432433114174	-0.00957349140100057	0.011963467796049733	0.007808131088820364	-0.0007424033326726217	-0.012979626361891629	0.00502162518136468	-0.009751619839407782	0.003355901628720182	-0.011135724883959471	0.0024888382512705557	0.004427893273685561	-0.0031625631767203686	0.006256343710839796	0.006068989532476718	-0.003965532355017994	0.0010519761030756184	0.0009042980870832499	0.0	0.0	0.0	0.0	0.0	0.0	0.0	0.0	0.0	0.0	0.0	0.0	0.0	0.0	0.0	0.0	0.0	0.0	0.0	0.0	0.0	0.0	0.0	0.0	0.0	0.0	0.0	0.0	0.0	0.0	0.0	0.0	0.0	0.0	0.0	0.0	0.0	0.0	0.0	0.0	0.0	0.0	0.0	0.0	0.0	0.0	0.0	0.0	0.0	0.0	0.0	0.0	0.0	0.0	0.0	0.0	0.0	0.0	0.0	0.0	0.0	0.0	0.0	0.0	0.0	0.0	0.0	0.0	0.0	0.0	0.0	0.0	0.0	0.0	0.0	0.0	0.0	0.0	0.0	0.0	0.0	0.0	0.0	0.0	0.0	0.0	0.0	0.0	0.0	0.0	0.0	0.0	0.0	0.0	0.0	0.0	0.0	0.0	0.0	0.0	0.0	0.0	0.0	0.0	0.0	0.0	0.0	0.0	0.0	0.0	0.0	0.0	0.0	0.0	0.0	0.0	0.0	0.0	0.0	0.0	0.0	0.0	0.0	0.0	0.0	0.0	0.0	0.0	0.0	0.0	0.0	0.0	0.0	0.0	0.0	0.0	0.0	0.0	0.0	0.0
S3-male-1	0.19909171578492546	-0.14854350407746497	0.013996985900717107	-0.09764115713240974	0.3898702654653467	-0.009838158492702252	-0.07116246717017342	0.0826633204424903	-0.007777402062949671	-0.05101403215241861	0.045209145258214865	0.1801701181359244	-0.013288611452869739	-0.10060535680120897	0.08006267306246796	0.0758058872163397	-0.13851073505844536	0.015498825128168074	-0.006140949835826986	0.011757546513513224	0.005741570144896914	0.07624250416687763	0.03054890864872165	0.027273009292522497	0.1078727225299421	0.013113260705615403	0.00944160839826227	0.025179298820734615	0.03401243084269821	0.009922335417320523	-0.0049521375659891224	0.015349857634191545	0.014529745959569615	-0.03797714340091826	-0.006161965089795493	0.05019714529957182	0.001834936394286025	0.013816777349824349	-0.0032919576306963605	-0.007415208199783882	-0.022517109479078035	0.009194192023502676	0.04083974628983233	0.03034352678091698	0.013057434346926421	0.02046608506937753	0.008110772679471391	0.01605112138316053	0.01650631513208329	0.0029844568799048555	0.003435725615151893	4.789213745534396e-05	-0.010269005696948637	0.006941341298310709	-0.010214335140586367	0.005517539949986325	-0.013056745446056742	-0.01023181817196844	0.008600120762080632	0.010147748589423107	0.015525822306191022	0.0034818964673198434	-0.005315967834295387	-0.0055229062966738	-0.009648512711227575	-0.004364005474278202	0.01907605798119315	0.011107329347871403	0.0056704784117127495	0.001269030254461555	-0.0043215117535514705	-0.0017644117797465048	0.007121709642590586	-0.0012099684282553323	-0.0017762559108761345	-0.0006808671116743686	0.008229032782118024	-0.008680659336136667	-0.00022404984747957258	0.0	0.0	0.0	0.0	0.0	0.0	0.0	0.0	0.0	0.0	0.0	0.0	0.0	0.0	0.0	0.0	0.0	0.0	0.0	0.0	0.0	0.0	0.0	0.0	0.0	0.0	0.0	0.0	0.0	0.0	0.0	0.0	0.0	0.0	0.0	0.0	0.0	0.0	0.0	0.0	0.0	0.0	0.0	0.0	0.0	0.0	0.0	0.0	0.0	0.0	0.0	0.0	0.0	0.0	0.0	0.0	0.0	0.0	0.0	0.0	0.0	0.0	0.0	0.0	0.0	0.0	0.0	0.0	0.0	0.0	0.0	0.0	0.0	0.0	0.0	0.0	0.0	0.0	0.0	0.0	0.0	0.0	0.0	0.0	0.0	0.0	0.0	0.0	0.0	0.0	0.0	0.0	0.0	0.0	0.0	0.0	0.0	0.0	0.0	0.0	0.0	0.0	0.0	0.0	0.0	0.0	0.0	0.0	0.0	0.0	0.0	0.0	0.0	0.0	0.0	0.0	0.0	0.0	0.0	0.0	0.0	0.0	0.0	0.0	0.0	0.0	0.0	0.0	0.0	0.0	0.0	0.0	0.0	0.0	0.0	0.0	0.0	0.0	0.0	0.0
S3-male-2	0.18701842953096	-0.24607671805712378	-0.04364349029001767	-0.11386326452258537	-0.1943117256241838	0.11432872474161285	0.34293629506028744	0.3100188844681783	-0.19821046152266636	-0.062028762313504154	0.060283964002002394	0.08582627633809412	-0.06301294783988831	0.07869965005776001	0.0725532377845297	0.02996080477235805	0.13668117343536546	-0.07369255640160509	-0.0652418902740595	0.022206294979908496	0.04697355049531496	-0.15592475325075708	0.04599602067412609	-0.0017586017678065593	-0.028904036500551445	0.02148943128555832	-0.010018619190462867	0.08550016357694033	-0.05476996686484584	0.06314456075818976	-0.006034119921462261	-0.0032995447630933226	-0.006643959424989685	-0.02201506435997629	0.00796216121319716	-0.042114419292992956	-0.03704620394408993	0.00999311753436245	-0.03926738464232809	-0.013677602626691777	-0.0040917802873200945	-0.016166855268677567	0.009601013646565031	-0.01637990057187958	0.0015396347300482233	0.03928294131402633	0.041000953428384224	-0.03020691504522034	-0.025284866071415037	-0.004025263539822754	0.018594797198017366	-0.010283188849250013	0.003943505992485955	0.011754210924738606	0.030435776176582188	-0.006003648340830841	0.02481254605157011	0.01371239796106953	-0.014344408904315287	0.010260626787880357	0.002296298924850995	0.0021757808644860626	0.013346038778012997	-0.021479960196694202	-0.0036648476082947845	-0.01470823484296341	-0.004838888967028449	-0.007714333436205247	0.005551119685964984	-0.0004843578212944517	0.006027715034582925	-0.0055662000240382925	0.001511120046733284	-0.005358739697698326	-0.0014442301385686315	0.0003250840152578377	-0.002157264525795638	-0.002481896620789566	-0.0007471713001869108	0.0	0.0	0.0	0.0	0.0	0.0	0.0	0.0	0.0	0.0	0.0	0.0	0.0	0.0	0.0	0.0	0.0	0.0	0.0	0.0	0.0	0.0	0.0	0.0	0.0	0.0	0.0	0.0	0.0	0.0	0.0	0.0	0.0	0.0	0.0	0.0	0.0	0.0	0.0	0.0	0.0	0.0	0.0	0.0	0.0	0.0	0.0	0.0	0.0	0.0	0.0	0.0	0.0	0.0	0.0	0.0	0.0	0.0	0.0	0.0	0.0	0.0	0.0	0.0	0.0	0.0	0.0	0.0	0.0	0.0	0.0	0.0	0.0	0.0	0.0	0.0	0.0	0.0	0.0	0.0	0.0	0.0	0.0	0.0	0.0	0.0	0.0	0.0	0.0	0.0	0.0	0.0	0.0	0.0	0.0	0.0	0.0	0.0	0.0	0.0	0.0	0.0	0.0	0.0	0.0	0.0	0.0	0.0	0.0	0.0	0.0	0.0	0.0	0.0	0.0	0.0	0.0	0.0	0.0	0.0	0.0	0.0	0.0	0.0	0.0	0.0	0.0	0.0	0.0	0.0	0.0	0.0	0.0	0.0	0.0	0.0	0.0	0.0	0.0	0.0
S3-male-3	0.11678072029634033	-0.37033436295382666	-0.06768115681920842	-0.24837186984997026	-0.4799496498351057	-0.19662225696704005	-0.18033605527235144	0.05518506025923667	0.010994942058667547	0.037393954837730496	0.10070497523123298	0.09040305790764991	0.06057531052137094	0.13954956205203914	-0.10489588682948434	-0.02245001597433747	-0.007081762429517635	-0.05939067662379566	-0.02302364145562604	0.06134593883271168	0.019906631620711872	-0.041062494396726525	0.01595427110026722	-0.03710808830578892	0.07665044803748292	-0.020095188623681245	-0.03105826111320837	0.012026089912221519	0.03672261890527766	0.017176432724053656	0.031902929827915594	0.0018386925270988804	-0.016639652925500268	0.06643125140241618	0.0015840072216407916	0.017520884179374908	0.01724396757876091	-0.01643465575983222	0.005692123364393203	-0.02810353561236191	0.006138541389191864	0.06788746721598356	0.02165082075442873	-0.016033134992773198	-0.02452889467575431	0.005195502400783452	0.009287885025953645	0.011560954403272407	0.008099096285727452	0.00018008366569133614	0.00872585533706865	0.024341175777994804	0.0005790619618199112	0.023324506083585477	0.007260777635370547	-0.01365441303874565	0.012071966677970268	-0.001669009883167317	0.008939603067697097	-0.01064691865425653	0.0007236556756512179	-0.01863667578708264	0.005376315296176697	0.0021188746623365486	0.005523241940449614	0.008303805954213102	0.006748890079187071	0.010473529253478872	0.0030263555636283993	0.0052140782098952084	-0.012942228526271004	0.0021155991808253657	0.0016172925752048063	0.0017975207318601798	0.006931198339591084	0.0034805428296255845	-0.0013830309300119407	-0.0063067641523738005	0.00018069723858638102	0.0	0.0	0.0	0.0	0.0	0.0	0.0	0.0	0.0	0.0	0.0	0.0	0.0	0.0	0.0	0.0	0.0	0.0	0.0	0.0	0.0	0.0	0.0	0.0	0.0	0.0	0.0	0.0	0.0	0.0	0.0	0.0	0.0	0.0	0.0	0.0	0.0	0.0	0.0	0.0	0.0	0.0	0.0	0.0	0.0	0.0	0.0	0.0	0.0	0.0	0.0	0.0	0.0	0.0	0.0	0.0	0.0	0.0	0.0	0.0	0.0	0.0	0.0	0.0	0.0	0.0	0.0	0.0	0.0	0.0	0.0	0.0	0.0	0.0	0.0	0.0	0.0	0.0	0.0	0.0	0.0	0.0	0.0	0.0	0.0	0.0	0.0	0.0	0.0	0.0	0.0	0.0	0.0	0.0	0.0	0.0	0.0	0.0	0.0	0.0	0.0	0.0	0.0	0.0	0.0	0.0	0.0	0.0	0.0	0.0	0.0	0.0	0.0	0.0	0.0	0.0	0.0	0.0	0.0	0.0	0.0	0.0	0.0	0.0	0.0	0.0	0.0	0.0	0.0	0.0	0.0	0.0	0.0	0.0	0.0	0.0	0.0	0.0	0.0	0.0
S4-female-1	0.4359938816310937	0.24714545415940228	-0.10537670123596217	0.2613126021851316	-0.2076024274493637	-0.02106572351957854	-0.0533659987217066	0.0010132208420982392	0.001728367386543728	-0.017456391539528725	0.14764602157605372	-0.005720770258285978	-0.09729303686368738	-0.04223089171571668	0.04848640784593569	0.01676047183417685	-0.09232441422932848	0.006748832577236501	-0.015692048802155037	0.08712362633759281	-0.03642175910124338	-0.048914643339042566	-0.026735395424578666	0.12986996252374017	0.011500580883630452	0.07013393988615581	0.029532295405570428	0.04127755313046506	0.01171718589556667	-0.01325203143060958	-0.0321712980096495	0.017444192854499448	-0.010377126783593234	0.05370558337475567	-0.029856760650626424	-0.007401420573741879	-0.013435522630016716	0.001074477852910142	0.021128471889510215	0.006693667034567427	0.0019286905841673417	0.018568993817875006	-0.014203564210319512	-0.026107708510460133	0.019705308084151267	0.013256875330046209	0.03044598244457208	-0.026019627950683428	0.0019676869331705323	-0.016674339213426242	-0.02546713267641519	0.065008122136227	-0.003164101439003011	0.017458333621846196	-0.002254007693032612	0.018167467587060882	-0.020811658350924588	0.007228647475420138	-0.020590726010548892	-0.004556423876527056	-0.0094108285939539	-0.011273690349018645	0.01563260010094434	-0.005946441068737792	-0.0018292216180974049	0.007413738671480521	-0.01294689701817976	0.002544751861907473	0.00533482504432225	0.013065060365030141	-0.0018865391586908877	-0.0077443771068702845	-0.014900830289441162	0.003960216282918811	-0.0041627608062231106	-0.007138281567005893	-0.006584868514793112	0.001536146158435437	-0.004377814022914469	0.0	0.0	0.0	0.0	0.0	0.0	0.0	0.0	0.0	0.0	0.0	0.0	0.0	0.0	0.0	0.0	0.0	0.0	0.0	0.0	0.0	0.0	0.0	0.0	0.0	0.0	0.0	0.0	0.0	0.0	0.0	0.0	0.0	0.0	0.0	0.0	0.0	0.0	0.0	0.0	0.0	0.0	0.0	0.0	0.0	0.0	0.0	0.0	0.0	0.0	0.0	0.0	0.0	0.0	0.0	0.0	0.0	0.0	0.0	0.0	0.0	0.0	0.0	0.0	0.0	0.0	0.0	0.0	0.0	0.0	0.0	0.0	0.0	0.0	0.0	0.0	0.0	0.0	0.0	0.0	0.0	0.0	0.0	0.0	0.0	0.0	0.0	0.0	0.0	0.0	0.0	0.0	0.0	0.0	0.0	0.0	0.0	0.0	0.0	0.0	0.0	0.0	0.0	0.0	0.0	0.0	0.0	0.0	0.0	0.0	0.0	0.0	0.0	0.0	0.0	0.0	0.0	0.0	0.0	0.0	0.0	0.0	0.0	0.0	0.0	0.0	0.0	0.0	0.0	0.0	0.0	0.0	0.0	0.0	0.0	0.0	0.0	0.0	0.0	0.0
S4-female-2	0.1676926591199066	-0.017785749983703726	0.32579180809127084	-0.08823572910662246	-0.06287756134458333	0.25923909991665356	-0.3020514982302619	0.3185588417321358	0.10540439412961923	-0.24045205826428362	0.03839814925997654	-0.12371880097062847	0.14040121101944758	-0.06373201472516621	0.015646162097033952	0.010306392068256754	-0.060137373815301064	0.003628512356488457	0.04677269492132147	0.046791759782719	-0.0044606352719785405	-0.017527954489187824	-0.02740665681521536	-0.0029354233321881766	-0.018199138147731136	-0.00367536868165926	0.00606750484073853	0.0013226089405548019	0.013084082447366011	-0.01163387328694803	-0.007440403674377823	-0.0017279631079116552	0.01299125000469049	-0.014057979242832025	-0.02350681926563756	-0.005700063545712389	0.017658785159941626	0.025359055161365204	0.009686268781033232	-0.03393063846473294	-0.020267640354909185	0.0027150657115863957	0.06312740549877346	0.017115479065925487	-0.051149987616706714	0.044198314303144186	0.0033613498035538173	0.026848363681269267	-0.002244527360462444	-0.007174887479465999	-0.011838038842188352	-0.0091233082986716	0.017454461719735637	0.008457742261954808	0.005293386265845592	-0.016804923558216823	-0.00582639048223468	0.016321824031698424	0.0014677338516721934	0.016187407057496533	-0.010364711093501846	0.040927844755073724	0.007225858859420161	-0.005883876026040477	0.02017465678171716	0.0016400525169601916	-0.018111670890347938	0.007154156650583037	-0.015346481793065489	0.00659654222144708	-0.02092024926226584	0.002744914778248713	-0.004304092129275883	0.012230002133478085	0.0009983593475900163	0.0033837908502887177	-0.006822740362939968	-0.0018059313762784205	-0.00107890122720324	0.0	0.0	0.0	0.0	0.0	0.0	0.0	0.0	0.0	0.0	0.0	0.0	0.0	0.0	0.0	0.0	0.0	0.0	0.0	0.0	0.0	0.0	0.0	0.0	0.0	0.0	0.0	0.0	0.0	0.0	0.0	0.0	0.0	0.0	0.0	0.0	0.0	0.0	0.0	0.0	0.0	0.0	0.0	0.0	0.0	0.0	0.0	0.0	0.0	0.0	0.0	0.0	0.0	0.0	0.0	0.0	0.0	0.0	0.0	0.0	0.0	0.0	0.0	0.0	0.0	0.0	0.0	0.0	0.0	0.0	0.0	0.0	0.0	0.0	0.0	0.0	0.0	0.0	0.0	0.0	0.0	0.0	0.0	0.0	0.0	0.0	0.0	0.0	0.0	0.0	0.0	0.0	0.0	0.0	0.0	0.0	0.0	0.0	0.0	0.0	0.0	0.0	0.0	0.0	0.0	0.0	0.0	0.0	0.0	0.0	0.0	0.0	0.0	0.0	0.0	0.0	0.0	0.0	0.0	0.0	0.0	0.0	0.0	0.0	0.0	0.0	0.0	0.0	0.0	0.0	0.0	0.0	0.0	0.0	0.0	0.0	0.0	0.0	0.0	0.0
S4-female-3	0.1848377717814467	-0.11905386868631017	0.3357835470607989	-0.11857774698810916	-0.12553345515878858	0.20201781210099248	-0.25418189844657135	0.29545284702030955	0.0399521550378518	-0.17264991849385555	0.041413766098475926	-0.10100254341385814	0.2035657180205492	-0.10102141220510706	0.039572291150732256	-0.05576737534987518	-0.03455621030474752	0.02028451085428981	0.012994789283667397	-0.07536339352677097	0.039011996675403636	0.0755186944231994	-0.0618050752369721	-0.026919805889058682	-0.06353684286614782	0.0380118706665097	0.0003425993259234083	0.05120158754482585	0.03096569485501596	0.048311854882185805	-0.017926986091320693	-0.007749756361062161	0.005061411266025601	-0.022739844686850516	0.028348729854783105	-0.011156509569793274	0.00878771206614901	0.0029951962044961556	-0.019787809566658165	-0.01668203551831949	-0.0075105619042070415	0.012114527166963244	0.02484365675953773	-0.009023923628594666	-0.018730468865130422	0.024064246464259063	0.012521780896409533	-0.010593155016422518	0.005260357646606483	-0.011984575370161638	-0.001895638139159897	-0.005254181836926334	-0.029328404098110012	-0.0029071193041246527	0.0012060595739769267	-0.002773908461023532	0.008608505211859335	0.0066578679786922475	-0.004043292687029339	-0.008226904115699499	0.014674004926743874	0.01371967737667317	-0.0039636479791023615	-0.0028123082675628377	-0.0038148206453139178	-0.004450235658440852	-0.0004829920531106926	-0.003843198206674917	-0.0008320467316473547	-0.006814414816151201	0.0077341048628212054	-0.006936595357519414	-0.01193344514582527	-0.0012792721957865987	-0.005480414949605362	0.006234433554629076	0.0011280681352239918	0.0024839680398056254	-0.0038561735635107316	0.0	0.0	0.0	0.0	0.0	0.0	0.0	0.0	0.0	0.0	0.0	0.0	0.0	0.0	0.0	0.0	0.0	0.0	0.0	0.0	0.0	0.0	0.0	0.0	0.0	0.0	0.0	0.0	0.0	0.0	0.0	0.0	0.0	0.0	0.0	0.0	0.0	0.0	0.0	0.0	0.0	0.0	0.0	0.0	0.0	0.0	0.0	0.0	0.0	0.0	0.0	0.0	0.0	0.0	0.0	0.0	0.0	0.0	0.0	0.0	0.0	0.0	0.0	0.0	0.0	0.0	0.0	0.0	0.0	0.0	0.0	0.0	0.0	0.0	0.0	0.0	0.0	0.0	0.0	0.0	0.0	0.0	0.0	0.0	0.0	0.0	0.0	0.0	0.0	0.0	0.0	0.0	0.0	0.0	0.0	0.0	0.0	0.0	0.0	0.0	0.0	0.0	0.0	0.0	0.0	0.0	0.0	0.0	0.0	0.0	0.0	0.0	0.0	0.0	0.0	0.0	0.0	0.0	0.0	0.0	0.0	0.0	0.0	0.0	0.0	0.0	0.0	0.0	0.0	0.0	0.0	0.0	0.0	0.0	0.0	0.0	0.0	0.0	0.0	0.0
S4-male-1	0.16299409797979397	-0.1654223291561158	-0.23319418745135467	-0.028113132102874378	0.3548256632773993	0.04410796822438024	-0.10978508615072201	0.07570320133364833	-0.05220020796609741	-0.03283734825239732	0.12935869676911424	0.17313690466538081	-0.03830531424748464	0.05967770136727074	0.02681548642657884	0.04264008069343323	-0.08182140075480414	-0.003925131219275946	0.02249922415094753	0.03923794478989286	-0.013205255590889324	0.057586579967670054	-0.057517488888871884	0.14257686564384078	0.11675393295942307	0.047497519479855484	0.09026228252646236	0.030459717523657188	0.04362391288806179	0.03673666923536713	0.09591193788272764	-0.01698231008782244	0.013919633818146022	-0.01110798664128822	-0.02189390933153111	-0.007815514229721772	-0.03705826132360328	0.012756448277451397	-0.0039999930127329305	-0.026381473041116967	-0.05919000406277967	0.030550786984397216	0.023904874708196203	0.01819911298875114	0.016804041818605005	-0.018712812862273945	-0.031019946646734867	0.009792992162392622	-0.00573510938432139	0.011730856469657387	0.021678400875418825	-0.039042029440841806	0.04304531374566629	0.024803756164179	-0.026189497246087157	-0.018495901226325582	-0.004260769008183631	-0.0028505256716301395	-0.008564302976899096	0.018514445259036536	-0.00131885109378849	0.0005613458427685211	-0.014221237733456729	0.0024143723610513318	-0.009119937132471686	0.012394015511438912	-0.014024038057163873	-0.01255377768511626	0.013848130657010137	0.011050406841471275	-0.007233560186446392	0.006811727503386323	-0.001003615175263283	-0.014913162979043914	0.02080530973630068	-0.00979685653269819	-0.0034320951544077965	-0.00034339792341157936	-0.0011164644227980877	0.0	0.0	0.0	0.0	0.0	0.0	0.0	0.0	0.0	0.0	0.0	0.0	0.0	0.0	0.0	0.0	0.0	0.0	0.0	0.0	0.0	0.0	0.0	0.0	0.0	0.0	0.0	0.0	0.0	0.0	0.0	0.0	0.0	0.0	0.0	0.0	0.0	0.0	0.0	0.0	0.0	0.0	0.0	0.0	0.0	0.0	0.0	0.0	0.0	0.0	0.0	0.0	0.0	0.0	0.0	0.0	0.0	0.0	0.0	0.0	0.0	0.0	0.0	0.0	0.0	0.0	0.0	0.0	0.0	0.0	0.0	0.0	0.0	0.0	0.0	0.0	0.0	0.0	0.0	0.0	0.0	0.0	0.0	0.0	0.0	0.0	0.0	0.0	0.0	0.0	0.0	0.0	0.0	0.0	0.0	0.0	0.0	0.0	0.0	0.0	0.0	0.0	0.0	0.0	0.0	0.0	0.0	0.0	0.0	0.0	0.0	0.0	0.0	0.0	0.0	0.0	0.0	0.0	0.0	0.0	0.0	0.0	0.0	0.0	0.0	0.0	0.0	0.0	0.0	0.0	0.0	0.0	0.0	0.0	0.0	0.0	0.0	0.0	0.0	0.0
S4-male-2	0.329072771528706	0.059026714344455826	0.39258469493889436	0.048875126185696234	-0.02469495312804263	0.017663831754796952	-0.04898157089889846	-0.059272942850241636	-0.041263415922385555	0.05987180213362267	0.014036946189431538	0.07372989383011506	-0.13438171390198958	0.11656384692909186	0.0061597634533122475	-0.08309444432125988	0.12793501045974734	0.06889199533262005	-0.009648224412948329	0.028957930996006076	0.05249885281958343	-0.017019894543304742	0.05936885119674939	-0.06745914562209461	-0.013685850776668621	0.04565344222852236	0.023456245855321155	-0.0037966015446364077	-0.018306416424686396	-0.024559622118399082	0.025551259411358423	0.07156331284944029	0.0014362658689446159	0.01902434209219076	0.020035196193982724	-0.017843657445300497	-0.05783661703359216	-0.08402679045853688	-0.0638392849931658	-0.008422367411131169	-0.02816457839220593	0.02704281207921905	0.028795382807889024	0.031069866167087408	-0.05057928102587881	0.03248926021376998	0.005757033440925438	-0.009169837999847602	0.06688687561141429	0.010745039495841569	0.06733095865622944	-0.02655370769118991	0.023302680688139392	0.02592724099822696	0.003228796247176755	0.06752665003389173	-0.022542084298350817	0.00815147936895316	0.026634613061458885	-0.047511205684456645	0.03524470122541701	-0.012945436605705985	-0.011935935962893445	-0.01393914625885175	0.0031724926903479223	-0.0077195712347087634	-0.012574407461143617	0.004419255730262067	0.009586827313901168	0.005586737962696112	0.011470346053617136	0.004654052733725527	-0.004429349695068015	0.0014932655391369217	0.004695375093517937	0.002185172565340526	-0.002202278700998512	-0.0033875427044931907	0.003963414876707945	0.0	0.0	0.0	0.0	0.0	0.0	0.0	0.0	0.0	0.0	0.0	0.0	0.0	0.0	0.0	0.0	0.0	0.0	0.0	0.0	0.0	0.0	0.0	0.0	0.0	0.0	0.0	0.0	0.0	0.0	0.0	0.0	0.0	0.0	0.0	0.0	0.0	0.0	0.0	0.0	0.0	0.0	0.0	0.0	0.0	0.0	0.0	0.0	0.0	0.0	0.0	0.0	0.0	0.0	0.0	0.0	0.0	0.0	0.0	0.0	0.0	0.0	0.0	0.0	0.0	0.0	0.0	0.0	0.0	0.0	0.0	0.0	0.0	0.0	0.0	0.0	0.0	0.0	0.0	0.0	0.0	0.0	0.0	0.0	0.0	0.0	0.0	0.0	0.0	0.0	0.0	0.0	0.0	0.0	0.0	0.0	0.0	0.0	0.0	0.0	0.0	0.0	0.0	0.0	0.0	0.0	0.0	0.0	0.0	0.0	0.0	0.0	0.0	0.0	0.0	0.0	0.0	0.0	0.0	0.0	0.0	0.0	0.0	0.0	0.0	0.0	0.0	0.0	0.0	0.0	0.0	0.0	0.0	0.0	0.0	0.0	0.0	0.0	0.0	0.0
S4-male-3	0.17689064874642313	-0.272624756467196	0.01405425030078253	-0.2761574824329656	-0.290952335726474	-0.21894826173980278	-0.019546456053923276	0.08838215887012445	0.1532329828961774	-0.041403111784128345	-0.0028539091180025296	0.07247447211604223	-0.05879087613826422	-0.02640991912525513	-0.0750255272899814	-0.038606373740161314	0.003303726231864945	-0.05219114993909643	-0.009927049543684235	0.03785907395363219	-0.08180036314694925	0.037604356186580076	-0.015884260138974635	-0.004141827066242056	0.05965804192637606	-0.07786053560202179	0.03191603388966325	-0.04620620264189944	0.0553780764888962	0.043907427260782346	0.006650090817930047	-0.014376358737004203	-0.005734113812646683	-0.0025852178905644385	-0.009819921946183866	0.03964874217357135	0.025528935326405218	-0.03478265995286553	-0.03796375454886479	0.023436415909805865	0.0048896617399896165	-0.009465656968403229	-0.048307743610177915	0.04407334101675881	0.02212512956015336	-0.07921696591263072	0.11249683921053082	0.0009283959583342965	-0.01885755682027938	-0.006922675386546084	-0.038092268218053255	-0.027509264290807738	-0.032297597799353296	0.00270126819139299	-0.012422899003133467	0.013989137666108944	-0.0025289942733744005	0.01938416086497523	0.00995607394779397	-0.010606561123609958	-0.004283026870354114	0.015376044281649726	0.008227937569991572	-0.004103061534995186	-0.010005521723442634	-0.011607255401758079	-0.015758207453647224	0.011880547940424573	-0.013441962540260158	0.01313154296514498	0.0054571202113302495	0.0032756843352114247	-0.0031231758628057697	-0.0050287797099704944	-0.0010475524026478677	-0.007335889612923676	-0.0010254203785880144	0.0007759668725279471	-0.0012775963172753258	0.0	0.0	0.0	0.0	0.0	0.0	0.0	0.0	0.0	0.0	0.0	0.0	0.0	0.0	0.0	0.0	0.0	0.0	0.0	0.0	0.0	0.0	0.0	0.0	0.0	0.0	0.0	0.0	0.0	0.0	0.0	0.0	0.0	0.0	0.0	0.0	0.0	0.0	0.0	0.0	0.0	0.0	0.0	0.0	0.0	0.0	0.0	0.0	0.0	0.0	0.0	0.0	0.0	0.0	0.0	0.0	0.0	0.0	0.0	0.0	0.0	0.0	0.0	0.0	0.0	0.0	0.0	0.0	0.0	0.0	0.0	0.0	0.0	0.0	0.0	0.0	0.0	0.0	0.0	0.0	0.0	0.0	0.0	0.0	0.0	0.0	0.0	0.0	0.0	0.0	0.0	0.0	0.0	0.0	0.0	0.0	0.0	0.0	0.0	0.0	0.0	0.0	0.0	0.0	0.0	0.0	0.0	0.0	0.0	0.0	0.0	0.0	0.0	0.0	0.0	0.0	0.0	0.0	0.0	0.0	0.0	0.0	0.0	0.0	0.0	0.0	0.0	0.0	0.0	0.0	0.0	0.0	0.0	0.0	0.0	0.0	0.0	0.0	0.0	0.0
S5-female-1	0.3227401752941374	0.3028176730050339	0.0455270881025284	0.11366869868363827	-0.04702001042734858	-0.07633142075153526	-0.018242308467429424	-0.02639212155464946	0.0286884327665161	0.005674300039297504	-0.06944000915725546	0.010067347195147786	0.020806030700458177	-0.08747726549321536	0.01902428654325168	0.10664557596367066	-0.018912828210387016	0.026439894074548723	0.040422735024039244	-0.007456725297473608	0.020468689791274537	0.04225771360966544	0.018791713997708247	0.0400292073921204	-0.016445902195622673	0.005039703087513043	-0.00045255679144846266	-0.023168321728842034	0.005966197698981979	0.035017375945812085	-0.022313688637175477	0.04025807616578758	0.0059681328953364084	0.01662948775087307	0.004749722113566197	-0.020004118672843817	-0.04071875711505996	0.03969650215486846	-0.001252118358960026	-0.013404762021652033	-0.004731722004097213	0.014174333801402171	0.01946546857088926	0.01824384685958607	0.025086737889453436	0.028201065250344683	-0.003674555223349117	-0.02091511179930934	-0.02261107851540272	0.016845450752098815	-0.029748008236933295	0.03271896375583084	-0.03019824346249648	0.007803496578120522	-0.025863064193227273	0.010434447484216892	-0.017895508999070824	-0.007604729796439829	0.03350254762279762	0.031167923632721008	0.023823722893795217	-0.005011258171953251	-0.001439138566000455	-0.018315065664098594	0.00688034852790197	0.04124514333992959	-0.00470021065914331	0.005382522790034724	0.004239499291421719	-0.008400905711482795	0.001329411197011719	-0.002007249205618532	0.0025652092289412324	-0.005704827074680595	0.014827756276032871	0.008947066248552227	0.003393122428921842	0.0021398809407403344	0.00010392487227609948	0.0	0.0	0.0	0.0	0.0	0.0	0.0	0.0	0.0	0.0	0.0	0.0	0.0	0.0	0.0	0.0	0.0	0.0	0.0	0.0	0.0	0.0	0.0	0.0	0.0	0.0	0.0	0.0	0.0	0.0	0.0	0.0	0.0	0.0	0.0	0.0	0.0	0.0	0.0	0.0	0.0	0.0	0.0	0.0	0.0	0.0	0.0	0.0	0.0	0.0	0.0	0.0	0.0	0.0	0.0	0.0	0.0	0.0	0.0	0.0	0.0	0.0	0.0	0.0	0.0	0.0	0.0	0.0	0.0	0.0	0.0	0.0	0.0	0.0	0.0	0.0	0.0	0.0	0.0	0.0	0.0	0.0	0.0	0.0	0.0	0.0	0.0	0.0	0.0	0.0	0.0	0.0	0.0	0.0	0.0	0.0	0.0	0.0	0.0	0.0	0.0	0.0	0.0	0.0	0.0	0.0	0.0	0.0	0.0	0.0	0.0	0.0	0.0	0.0	0.0	0.0	0.0	0.0	0.0	0.0	0.0	0.0	0.0	0.0	0.0	0.0	0.0	0.0	0.0	0.0	0.0	0.0	0.0	0.0	0.0	0.0	0.0	0.0	0.0	0.0
S5-female-2	0.229493746385719	-0.1451973337733589	-0.14226808137417252	-0.03726959028944763	0.3064652112966992	0.016948065463805593	-0.0997785665296609	0.15239753060573347	-0.08424690552356634	-0.08773352804107816	0.027796772224817846	0.1012100373021409	-0.1548093207807629	-0.04325946376306993	-0.026998535295203286	-0.07044612355514107	0.1267260148662	-0.013682122140724506	0.09176940572429511	0.014043949504761916	-0.07297263042842324	0.007090868654620075	0.06857860019906796	0.016359552044633935	0.04388523993902127	-0.13835120659803454	-0.03867276218152202	-0.07549196331479954	-0.01943472130494141	-0.0334689234215115	0.002655921215917832	-0.015573468757006416	-0.003120251860543271	0.01494751423407394	0.03426624063635408	0.003002130102630303	-0.010737948949773425	-0.021774928183459046	0.0029287244610748065	0.061873560477362255	-0.03601033422235486	0.023197840549648463	-0.0396718061060391	0.0012723676919850252	0.05084046362003826	-0.004291925707770608	-0.02064353375142893	-0.00882892627948782	0.017366155235395975	0.01589483548962276	0.006102463693692035	0.044132989439763744	-0.019498056071261392	0.000926970722392546	0.02933242092963616	0.009692541456494484	0.0051967764231286885	0.000854514222371547	-0.0056362233875437906	0.004563532580512594	0.007217469438267393	0.010344731300331821	0.024499182931977566	0.0022441794203072007	-0.0018381677246155504	0.004213372044129352	0.007357335605208578	0.0009090274504213016	0.009164809856331347	0.003311207412716646	-3.496274596142245e-05	-0.002496304420337999	-0.011501282493931541	0.004698571600888629	0.003745932457263224	0.0054964911887780315	0.002028592413129738	0.004391435170935458	-0.0012803049871436534	0.0	0.0	0.0	0.0	0.0	0.0	0.0	0.0	0.0	0.0	0.0	0.0	0.0	0.0	0.0	0.0	0.0	0.0	0.0	0.0	0.0	0.0	0.0	0.0	0.0	0.0	0.0	0.0	0.0	0.0	0.0	0.0	0.0	0.0	0.0	0.0	0.0	0.0	0.0	0.0	0.0	0.0	0.0	0.0	0.0	0.0	0.0	0.0	0.0	0.0	0.0	0.0	0.0	0.0	0.0	0.0	0.0	0.0	0.0	0.0	0.0	0.0	0.0	0.0	0.0	0.0	0.0	0.0	0.0	0.0	0.0	0.0	0.0	0.0	0.0	0.0	0.0	0.0	0.0	0.0	0.0	0.0	0.0	0.0	0.0	0.0	0.0	0.0	0.0	0.0	0.0	0.0	0.0	0.0	0.0	0.0	0.0	0.0	0.0	0.0	0.0	0.0	0.0	0.0	0.0	0.0	0.0	0.0	0.0	0.0	0.0	0.0	0.0	0.0	0.0	0.0	0.0	0.0	0.0	0.0	0.0	0.0	0.0	0.0	0.0	0.0	0.0	0.0	0.0	0.0	0.0	0.0	0.0	0.0	0.0	0.0	0.0	0.0	0.0	0.0
S5-male-1	0.1982039563305728	-0.019634287413099732	-0.049007428273710164	0.007093044507858809	0.1830648924448573	0.02768901514214124	-0.1522944283375177	0.03908758341616285	-0.05720301137088777	-0.051102347909532796	-0.2414269016894359	-0.04900294410436963	-0.13341509579413643	0.19955083882487953	-0.05520793001125485	-0.05034198469530193	-0.17421697679209974	-0.09517055627562002	-0.04275548095863153	0.15288676864133796	-0.14398575443065564	0.07120149171038329	-0.11077155840136052	0.0014005892895046883	-0.013155259814700315	0.11639292043299274	-0.15346445782641827	0.09191644307036119	-0.024542652664704755	0.028173566381090878	-0.044202262917044356	-0.044724843829337974	-0.037381874844974815	-0.0016376524976399875	0.014992032817962169	0.00595225040616888	-0.003710923192819975	-0.0336981922050858	-0.04145423912686298	0.027886340635191686	0.007418582478245746	0.007744818747119178	-0.032952784671326715	0.022729893669005623	0.006774513434959826	0.039345096217477636	-0.007204105368300204	0.03500404256332427	-0.03201119977321919	-0.010536851865494107	0.011801744095981576	-0.011570962669645832	-0.017517192796435176	-0.002184553583716202	-0.005014486310755499	0.004866086612644942	0.023686107942281726	-0.032059428293624286	0.005016517498745819	0.007162883230631083	0.014166964305300078	-0.01238874420247804	0.013912657042277874	0.01104125131347404	-0.007204409021998267	0.007514261871640513	-0.00046228710660545783	0.010913046786268992	-0.009319344913514804	-0.01752369428244896	0.015372753880052074	-0.001169026059391886	-0.00627509391686934	-0.0018848990135760877	-0.004863144311800625	0.003225049570921195	0.0011525818740608386	-0.0002988117699042894	0.0016910811795011757	0.0	0.0	0.0	0.0	0.0	0.0	0.0	0.0	0.0	0.0	0.0	0.0	0.0	0.0	0.0	0.0	0.0	0.0	0.0	0.0	0.0	0.0	0.0	0.0	0.0	0.0	0.0	0.0	0.0	0.0	0.0	0.0	0.0	0.0	0.0	0.0	0.0	0.0	0.0	0.0	0.0	0.0	0.0	0.0	0.0	0.0	0.0	0.0	0.0	0.0	0.0	0.0	0.0	0.0	0.0	0.0	0.0	0.0	0.0	0.0	0.0	0.0	0.0	0.0	0.0	0.0	0.0	0.0	0.0	0.0	0.0	0.0	0.0	0.0	0.0	0.0	0.0	0.0	0.0	0.0	0.0	0.0	0.0	0.0	0.0	0.0	0.0	0.0	0.0	0.0	0.0	0.0	0.0	0.0	0.0	0.0	0.0	0.0	0.0	0.0	0.0	0.0	0.0	0.0	0.0	0.0	0.0	0.0	0.0	0.0	0.0	0.0	0.0	0.0	0.0	0.0	0.0	0.0	0.0	0.0	0.0	0.0	0.0	0.0	0.0	0.0	0.0	0.0	0.0	0.0	0.0	0.0	0.0	0.0	0.0	0.0	0.0	0.0	0.0	0.0
S5-male-2	0.26859020386063404	-0.16576021683289832	-0.24769255890356207	-0.00341366812012615	0.28729880512919587	0.026057168817836318	0.06059007362190873	0.09961831695476546	-0.024634627156693335	-0.033385867296859294	0.10285649217476295	0.06481889927301734	-0.019745591112336643	0.1158787918658644	0.007493549607903625	-0.10140542137062579	-0.016995101869923486	-0.019164197542253417	-0.06392882384718308	-0.036184118145345896	0.03298246666887296	0.09280456499718888	0.04581858201333018	-0.05891115125588479	-0.014205336280848219	-0.04598003494921761	0.036781571072996205	0.0043164541902380605	-0.06301654723456608	0.09846041365238137	0.02812806259102616	0.030769786874237173	0.02849880093630988	0.02072446550706891	0.00981121761758961	-0.012138422351165648	-0.03171129586255303	0.017214788782871214	0.04313627650920825	0.011001099675810077	0.027916520126111805	-0.023601311289880703	0.028493442947027867	0.03330671319583956	0.0058283380620909745	-0.0075756995014378825	0.009777913101030619	0.0016904451906272508	0.011976656526552455	-0.015755127009853532	-0.003566076223758633	-0.0041605512110211	0.016741876364294892	-0.028581225216795417	-0.002012470375031266	0.025451372377997387	-0.022421135734196202	0.0036630057403824524	0.005063184614726454	-0.013837880245761651	-0.010709745632488983	-0.0019162090462181902	-0.0003110616958185814	0.008779979027261502	0.00397039686699648	-0.004317238900371059	0.006236219149511911	0.014493650409053977	0.0035804086112709724	-0.004594091317686462	-0.011979279862366524	-0.0020740379139282247	0.012476737467859555	-0.004509077414499961	-0.0010009836999574453	-0.006273080498426104	0.00050962987916023	-0.006843759718598033	-0.002045067344254619	0.0	0.0	0.0	0.0	0.0	0.0	0.0	0.0	0.0	0.0	0.0	0.0	0.0	0.0	0.0	0.0	0.0	0.0	0.0	0.0	0.0	0.0	0.0	0.0	0.0	0.0	0.0	0.0	0.0	0.0	0.0	0.0	0.0	0.0	0.0	0.0	0.0	0.0	0.0	0.0	0.0	0.0	0.0	0.0	0.0	0.0	0.0	0.0	0.0	0.0	0.0	0.0	0.0	0.0	0.0	0.0	0.0	0.0	0.0	0.0	0.0	0.0	0.0	0.0	0.0	0.0	0.0	0.0	0.0	0.0	0.0	0.0	0.0	0.0	0.0	0.0	0.0	0.0	0.0	0.0	0.0	0.0	0.0	0.0	0.0	0.0	0.0	0.0	0.0	0.0	0.0	0.0	0.0	0.0	0.0	0.0	0.0	0.0	0.0	0.0	0.0	0.0	0.0	0.0	0.0	0.0	0.0	0.0	0.0	0.0	0.0	0.0	0.0	0.0	0.0	0.0	0.0	0.0	0.0	0.0	0.0	0.0	0.0	0.0	0.0	0.0	0.0	0.0	0.0	0.0	0.0	0.0	0.0	0.0	0.0	0.0	0.0	0.0	0.0	0.0
S5-male-3	0.31253369913500634	-0.2163892040999414	0.15832124246557017	-0.1533098455858206	-0.15484742238691723	-0.08257041891196197	0.22564555584160745	0.09155278825777702	-0.029030086861011568	-0.0073432177397996495	-0.07665344663354368	0.0014157226805266642	0.022212116258222517	0.005923988852992721	0.04813122758996439	-0.0749494332604641	-0.001929137943873374	0.1066640982001801	-0.06211954973831247	0.046560689774853795	0.09839738285220634	0.018186860431596504	0.027819101540260068	0.0027511844174275407	-0.07180007537534876	-0.05439011473022877	-0.015699908855097245	0.04499122963366436	-0.06413217305074849	-0.018176852802855158	0.011665180436480837	0.01968378282710001	-0.04767770910715943	0.046856200312406365	-0.040658771910863534	0.0032168816575591217	-0.006317232072089127	0.005257000293361084	0.025250117887787613	-0.008672937117027298	-0.04968443547828282	0.02427560227245561	0.016464463313611597	0.004945402484311056	0.03526285366573313	0.04370048287180273	-0.03981470167117749	0.012794207912362462	0.021708418282989916	-0.008261502296503928	0.00987537109376237	0.03249170899020602	-0.01905913953668961	0.0020925506028589926	-0.03416755952647217	0.008889567808781517	0.007395449164206023	-0.006131987730531101	0.00995974668616881	-0.006379485245091977	-0.010094007727920878	-0.01543162419043446	0.0033365852929759113	0.01954339933899321	-0.007846586407205513	-0.02382059667648447	-0.009306091714328925	-0.00367208871208705	-0.018647462200340338	-0.006258148302366709	-0.00649437400179676	0.004168250864998476	0.00418848527671062	0.004285246450825964	0.004309028944811097	-0.002604875789714324	0.0036233860206365365	-0.0001527559953823772	0.0013661481594098765	0.0	0.0	0.0	0.0	0.0	0.0	0.0	0.0	0.0	0.0	0.0	0.0	0.0	0.0	0.0	0.0	0.0	0.0	0.0	0.0	0.0	0.0	0.0	0.0	0.0	0.0	0.0	0.0	0.0	0.0	0.0	0.0	0.0	0.0	0.0	0.0	0.0	0.0	0.0	0.0	0.0	0.0	0.0	0.0	0.0	0.0	0.0	0.0	0.0	0.0	0.0	0.0	0.0	0.0	0.0	0.0	0.0	0.0	0.0	0.0	0.0	0.0	0.0	0.0	0.0	0.0	0.0	0.0	0.0	0.0	0.0	0.0	0.0	0.0	0.0	0.0	0.0	0.0	0.0	0.0	0.0	0.0	0.0	0.0	0.0	0.0	0.0	0.0	0.0	0.0	0.0	0.0	0.0	0.0	0.0	0.0	0.0	0.0	0.0	0.0	0.0	0.0	0.0	0.0	0.0	0.0	0.0	0.0	0.0	0.0	0.0	0.0	0.0	0.0	0.0	0.0	0.0	0.0	0.0	0.0	0.0	0.0	0.0	0.0	0.0	0.0	0.0	0.0	0.0	0.0	0.0	0.0	0.0	0.0	0.0	0.0	0.0	0.0	0.0	0.0
s6-Female-1	0.3884335560968436	0.2429028729973189	0.09753640610177636	0.1551281547948749	-0.17068265307283154	-0.0776042543204187	-0.04826275258071093	-0.0232617386422776	-0.09395468911270753	0.012253942515523896	-0.040718865258151445	0.017849064938827184	0.09128244891979688	-0.07292279799466732	0.0030457082567324923	0.08982038858351285	-0.0977409412497499	-0.03482873431725703	-0.02091809285279938	-0.07114725401620269	0.05394507491241881	0.08219387263474658	0.07000067659945639	-0.01664018565060448	0.0009470521210554029	0.005772568562645434	-0.022105258757347757	-0.008593260837072096	0.0546188753005846	0.009416322344998418	-0.00839276818925607	-0.0030491211099635774	-0.016668938851167256	0.012012594930418521	0.022933728542654554	-0.044057390893242655	0.0017463585207562109	0.012730026878073309	-0.0009135100444940924	0.004997352803143601	-0.03697693887787966	0.023852747652338028	-0.02978560985366166	-0.02927323475395869	0.015256520136314575	0.05014638268814694	-0.032236814747271365	-0.006872230172833001	0.011755076170172244	0.032175557877034966	0.013414778874106935	-0.013809368668656036	-0.008740331128292117	-0.012734718381861992	0.02471241037678424	0.015945091560188935	0.002154002489824339	0.01572755207623824	-0.0016710751650743623	-0.00025939475692469277	-0.003079137103985478	0.011855863527754003	-0.010995834698291976	-0.0078775321107962	0.005312046508208782	-0.010424760432282534	-0.0007330176394447129	0.0010943135304559977	-0.006431088218885752	-0.012756000275090284	-0.002331719562442749	0.0007113118871620274	-0.009956417778683613	0.013492438285584376	-0.0019040591279844607	-0.007607332492494572	-0.004217793291598548	-0.0014045717710715927	-0.0005547251493786012	0.0	0.0	0.0	0.0	0.0	0.0	0.0	0.0	0.0	0.0	0.0	0.0	0.0	0.0	0.0	0.0	0.0	0.0	0.0	0.0	0.0	0.0	0.0	0.0	0.0	0.0	0.0	0.0	0.0	0.0	0.0	0.0	0.0	0.0	0.0	0.0	0.0	0.0	0.0	0.0	0.0	0.0	0.0	0.0	0.0	0.0	0.0	0.0	0.0	0.0	0.0	0.0	0.0	0.0	0.0	0.0	0.0	0.0	0.0	0.0	0.0	0.0	0.0	0.0	0.0	0.0	0.0	0.0	0.0	0.0	0.0	0.0	0.0	0.0	0.0	0.0	0.0	0.0	0.0	0.0	0.0	0.0	0.0	0.0	0.0	0.0	0.0	0.0	0.0	0.0	0.0	0.0	0.0	0.0	0.0	0.0	0.0	0.0	0.0	0.0	0.0	0.0	0.0	0.0	0.0	0.0	0.0	0.0	0.0	0.0	0.0	0.0	0.0	0.0	0.0	0.0	0.0	0.0	0.0	0.0	0.0	0.0	0.0	0.0	0.0	0.0	0.0	0.0	0.0	0.0	0.0	0.0	0.0	0.0	0.0	0.0	0.0	0.0	0.0	0.0
S6-female-2	0.19633257123873046	-0.3074433234115638	-0.2506616938351455	-0.08842986629025647	0.10166736091055141	-0.07957745532464006	-0.08797925154645449	0.013825192303133003	-0.023488863227941838	-0.01824841868741678	0.06026024272754354	0.022533857402814016	0.04581852940854794	-0.019786138319595786	-0.049091800337598086	-0.10945510749385705	0.10738841992021389	0.08856716519572184	0.03901837876095988	-0.03377014895408986	-0.0002644761448730764	0.07194592895054064	0.0011741531093746348	0.026068009004529047	-0.06301342612725648	-0.0767450219680705	-0.053062451362731904	-0.0035771972924921558	-0.03187699985870531	-0.02488287431587013	-0.005689323967317797	-0.05669708847768919	-0.05305506980060509	-0.03385070434597221	-0.06109881460911158	0.04109970867876051	-0.002365495053754851	0.007153416283421242	0.0055727436375221685	0.046772720013962286	0.011952683686232783	-0.007843884147427744	-0.055332312120837064	-0.020193759757971164	0.03573835472273436	0.021215351662981333	0.013899833087859132	0.0014080307225214025	-0.039830060476989004	0.007073802623396688	0.008129547598376044	-0.027950351850259868	0.0004555824348147651	-0.047047492574558876	-0.006119146274449025	-0.007308786788155812	0.0017303874990587296	-0.023364098159712604	-0.01164896246622753	0.0017216074589361842	-0.0308935644949439	0.010383977758249566	-0.01253476315464932	-0.01802288116917227	-0.017596605098767565	-0.011543028161435414	-0.01162683382476612	-0.013872055932374255	0.010049920612817674	-0.007301546794530579	0.003457781391573436	0.006617719316291089	0.003802687025312547	0.002930300133230902	0.0013183720468333533	0.0012300926729448697	-0.00552205184681342	-0.002975257550974079	0.00014444531116954482	0.0	0.0	0.0	0.0	0.0	0.0	0.0	0.0	0.0	0.0	0.0	0.0	0.0	0.0	0.0	0.0	0.0	0.0	0.0	0.0	0.0	0.0	0.0	0.0	0.0	0.0	0.0	0.0	0.0	0.0	0.0	0.0	0.0	0.0	0.0	0.0	0.0	0.0	0.0	0.0	0.0	0.0	0.0	0.0	0.0	0.0	0.0	0.0	0.0	0.0	0.0	0.0	0.0	0.0	0.0	0.0	0.0	0.0	0.0	0.0	0.0	0.0	0.0	0.0	0.0	0.0	0.0	0.0	0.0	0.0	0.0	0.0	0.0	0.0	0.0	0.0	0.0	0.0	0.0	0.0	0.0	0.0	0.0	0.0	0.0	0.0	0.0	0.0	0.0	0.0	0.0	0.0	0.0	0.0	0.0	0.0	0.0	0.0	0.0	0.0	0.0	0.0	0.0	0.0	0.0	0.0	0.0	0.0	0.0	0.0	0.0	0.0	0.0	0.0	0.0	0.0	0.0	0.0	0.0	0.0	0.0	0.0	0.0	0.0	0.0	0.0	0.0	0.0	0.0	0.0	0.0	0.0	0.0	0.0	0.0	0.0	0.0	0.0	0.0	0.0
S6-female-3	0.16031795598697554	-0.14778875684645548	0.16187118003191314	-0.10224630571714734	-0.17706517826069337	0.14551653811955054	0.1487347755275852	0.14086900095030805	-0.3474809400926381	-0.15329960361525558	-0.13053970823818065	0.18824801711383876	-0.07455181907608419	-0.019258465719100535	0.025768513115967392	0.13840930489744038	0.07046659524734486	0.017085716865224306	-0.03486562732753453	0.029637658796439172	-0.07049076872751732	-0.05341454804602227	0.036973186983509806	0.029644810120042615	-0.027682308360789203	0.02227990079063614	-0.010269573155160385	-0.021066168466098798	-0.047858668723151095	-0.04091736481685646	-0.012424280190486879	0.015094095953824561	0.04572212175236927	-0.049457858889124025	-0.05835527674518032	-0.03547148751497592	0.025627239927830538	0.01491128347319546	-0.052631161002570995	-0.05224236699161811	-0.01793975649028333	-0.016120289764407367	0.03802618800149889	-0.00367269444531627	-0.027756886607991305	0.015976579092882002	0.017546347580537684	-0.01260344538663982	-0.0057063435824677685	0.0011544436161711378	-0.002179023344030178	0.004893012873550485	0.01912265416603436	-0.026195416085311084	0.022844792547376466	-0.023148102906164002	-0.016168001630102076	0.00874840548423822	0.013534213010313243	-0.0014499609239824387	-0.0036722775591996808	0.003309516276952411	0.004846245230100466	0.007921005560772357	-0.010645529570786039	0.007944899275384125	0.007345669058403362	0.012913878505821874	-0.0021768163811371833	-0.008414706943841107	0.0064884635405334816	0.009116825336481262	0.007947038319119406	0.002760962691258335	-0.003619771526565272	-0.005246543387943829	0.000948796976807732	0.0016087596113216075	-0.0005478212501722415	0.0	0.0	0.0	0.0	0.0	0.0	0.0	0.0	0.0	0.0	0.0	0.0	0.0	0.0	0.0	0.0	0.0	0.0	0.0	0.0	0.0	0.0	0.0	0.0	0.0	0.0	0.0	0.0	0.0	0.0	0.0	0.0	0.0	0.0	0.0	0.0	0.0	0.0	0.0	0.0	0.0	0.0	0.0	0.0	0.0	0.0	0.0	0.0	0.0	0.0	0.0	0.0	0.0	0.0	0.0	0.0	0.0	0.0	0.0	0.0	0.0	0.0	0.0	0.0	0.0	0.0	0.0	0.0	0.0	0.0	0.0	0.0	0.0	0.0	0.0	0.0	0.0	0.0	0.0	0.0	0.0	0.0	0.0	0.0	0.0	0.0	0.0	0.0	0.0	0.0	0.0	0.0	0.0	0.0	0.0	0.0	0.0	0.0	0.0	0.0	0.0	0.0	0.0	0.0	0.0	0.0	0.0	0.0	0.0	0.0	0.0	0.0	0.0	0.0	0.0	0.0	0.0	0.0	0.0	0.0	0.0	0.0	0.0	0.0	0.0	0.0	0.0	0.0	0.0	0.0	0.0	0.0	0.0	0.0	0.0	0.0	0.0	0.0	0.0	0.0
S6-male-1	0.19462108614661927	-0.1836468976949971	0.2688935309394291	-0.06599625378183181	0.27290666950686493	-0.032240821491391757	-0.04803191708617672	-0.04884645525218246	-0.17398057391144478	0.12447986816924389	0.06789372291958308	0.11673719522400428	0.11147068492883556	0.010513006879932781	-0.00648629304009099	0.09523682381385294	0.03756496057075444	-0.07765250422442488	-0.020623777530947848	0.009748708301886042	-0.026186880163749458	-0.0090997663245643	-0.031038866156224438	-0.050874167389977874	-0.030983636945078868	0.03416635463193997	-0.0060985186939855815	-0.05017217754901578	0.004077353137064927	-0.05251910722568292	-0.01861074197931396	-0.0015721215157283046	-0.035588439264561664	0.07496568951615223	-0.00632348647827753	-0.025919353052598862	0.01874822986074512	0.012960373133050594	0.026761762626125216	-0.004854845098838796	0.013288867799060371	0.03820075719975446	0.004560809386132481	0.009395993783863674	-0.001544359223035299	0.0024682466323355467	0.012442955532114726	-0.009051718675423728	-0.015522944142474529	-0.008631698710782515	0.0020898169978870104	0.016940122008990696	-0.011116732467983441	-0.018315208965433986	0.0054579134697762535	-0.008562643564148372	0.017597233045532987	0.003558846624936102	-0.012556798427727172	-0.002741758194535744	0.0012850980945037093	-0.0013020114089509925	-0.001779329757831924	0.0010678058746070602	-0.012920669429611578	0.007962474900447889	-0.00453998498898508	-0.002725363956481874	-0.001405245406174615	-0.0023050052951312807	0.011899119917479925	0.00696238757880192	0.002362294567284557	-0.011965996676479004	0.006267585589114182	0.0005524832895945516	-0.007252159763612928	-4.027762218092863e-06	-0.0027967536579114314	0.0	0.0	0.0	0.0	0.0	0.0	0.0	0.0	0.0	0.0	0.0	0.0	0.0	0.0	0.0	0.0	0.0	0.0	0.0	0.0	0.0	0.0	0.0	0.0	0.0	0.0	0.0	0.0	0.0	0.0	0.0	0.0	0.0	0.0	0.0	0.0	0.0	0.0	0.0	0.0	0.0	0.0	0.0	0.0	0.0	0.0	0.0	0.0	0.0	0.0	0.0	0.0	0.0	0.0	0.0	0.0	0.0	0.0	0.0	0.0	0.0	0.0	0.0	0.0	0.0	0.0	0.0	0.0	0.0	0.0	0.0	0.0	0.0	0.0	0.0	0.0	0.0	0.0	0.0	0.0	0.0	0.0	0.0	0.0	0.0	0.0	0.0	0.0	0.0	0.0	0.0	0.0	0.0	0.0	0.0	0.0	0.0	0.0	0.0	0.0	0.0	0.0	0.0	0.0	0.0	0.0	0.0	0.0	0.0	0.0	0.0	0.0	0.0	0.0	0.0	0.0	0.0	0.0	0.0	0.0	0.0	0.0	0.0	0.0	0.0	0.0	0.0	0.0	0.0	0.0	0.0	0.0	0.0	0.0	0.0	0.0	0.0	0.0	0.0	0.0
S6-male-2	0.1775912862022801	-0.09304208038446236	0.025744399882823062	-0.07833011317303176	-0.027486548984528344	0.32544262571351174	0.01754705519595272	0.41094863743759025	0.2808504644261203	-0.2692922950797698	0.2418847267835083	-0.20497940339389534	0.14788680795928233	0.08613009331475982	-0.03924072921264821	-0.03929968151525348	0.049277255759929944	-0.043364735129754035	-0.002319628433083962	0.05217407382688142	-0.011158304188413749	-0.051003688455932665	-0.033102232904387525	0.0017760225103298716	-0.045973541246620286	0.06660226437258987	0.08060185206998922	-0.048066014341548204	-0.035762445419917264	0.005289704194885909	0.015351256935198005	0.001284407563113224	-0.007021992636010962	0.01258132643613828	-0.014603840775685644	-0.014868358063385018	-0.0036317598470910137	0.03662357158987675	0.017452193954850686	-0.01462817964630053	0.026881237890800942	-0.017967750782236922	-0.02828802259537376	-0.021999220829724116	0.022604797184547165	-0.007094805069458535	-0.009485812419546664	0.018667332935068157	-0.003903561103726296	-0.004719091078625903	0.012781584679249499	-0.0035223573008910385	-0.001085875728926313	-0.009866267947702912	0.003712527366883555	0.016495055712492428	0.0015776896640749955	-0.014687805083467773	0.009352929031961055	-0.0005781672991205099	0.01436204020197381	-0.00761073459572601	0.0004271859057274448	0.006637529446352867	-0.0009041508934990923	0.002882603924031084	0.0023616547098966167	0.0015485259320710248	0.00503844412570652	-0.005948034999669146	0.0018775795626557088	0.0036639130902013204	0.007943480138687748	0.0018005173541793629	0.00162018467330842	-0.001561918695546272	0.006622087267192643	0.00021981215779585072	-0.00038262151164659947	0.0	0.0	0.0	0.0	0.0	0.0	0.0	0.0	0.0	0.0	0.0	0.0	0.0	0.0	0.0	0.0	0.0	0.0	0.0	0.0	0.0	0.0	0.0	0.0	0.0	0.0	0.0	0.0	0.0	0.0	0.0	0.0	0.0	0.0	0.0	0.0	0.0	0.0	0.0	0.0	0.0	0.0	0.0	0.0	0.0	0.0	0.0	0.0	0.0	0.0	0.0	0.0	0.0	0.0	0.0	0.0	0.0	0.0	0.0	0.0	0.0	0.0	0.0	0.0	0.0	0.0	0.0	0.0	0.0	0.0	0.0	0.0	0.0	0.0	0.0	0.0	0.0	0.0	0.0	0.0	0.0	0.0	0.0	0.0	0.0	0.0	0.0	0.0	0.0	0.0	0.0	0.0	0.0	0.0	0.0	0.0	0.0	0.0	0.0	0.0	0.0	0.0	0.0	0.0	0.0	0.0	0.0	0.0	0.0	0.0	0.0	0.0	0.0	0.0	0.0	0.0	0.0	0.0	0.0	0.0	0.0	0.0	0.0	0.0	0.0	0.0	0.0	0.0	0.0	0.0	0.0	0.0	0.0	0.0	0.0	0.0	0.0	0.0	0.0	0.0
S6-male-3	0.15020435032899224	-0.23271200257846142	0.20093025237881218	-0.2877455248643201	-0.31647222006514253	-0.1961582157451408	-0.06426537081711572	-0.019648119924190948	0.023780251932334306	-0.020316700683086202	-0.11609683819914134	0.12788392140509444	0.09705238618693977	0.028113220620417958	-0.0048867351752275925	0.03640651203350514	-0.04876554375266691	0.044349633707180806	-0.007962617465303835	-0.01776614521883648	0.004040700383760531	-0.005579931632593925	0.0595414710018859	-0.01843835187717897	0.03336640323110722	0.045523299682118594	0.006816186075913856	-0.06386518056557552	0.026179613451252835	-0.012633646097597328	0.004244782472061143	-0.013513368019533257	-0.04392796253742859	0.014886553302663773	0.01927177424136244	-0.008445462692047923	-0.043207160702187594	0.011990246299119364	0.030063620596749413	-0.007546136045030188	0.02059632214839503	0.021114592966073584	-0.015078306863033922	0.05288765066992749	0.01166251883745978	0.031342967945681185	0.004074862564619078	-0.0032678456412442	0.01403999053023199	0.004567522945987143	0.0013374620223457687	0.0309938449040608	-0.02027589274612671	0.014859027775264546	-0.019437930633302233	0.004202061107424335	0.009208709692163359	0.020845242097191293	-0.027386143624934196	0.011249641665234638	-0.0018278731288668003	0.013802783664638484	-0.012806747515383972	0.004547922704778341	-0.021355808149433806	0.0046611696665871906	-0.007032228665816302	-0.017065535617386444	-0.01050623451573084	0.004400426447465205	0.004013508131229444	-0.003545622892147901	0.0005472076290017788	0.0033489920802526963	0.006467750805058904	0.0016659262011182428	0.011763474699575139	-0.0008290816265611416	0.0022894326928963402	0.0	0.0	0.0	0.0	0.0	0.0	0.0	0.0	0.0	0.0	0.0	0.0	0.0	0.0	0.0	0.0	0.0	0.0	0.0	0.0	0.0	0.0	0.0	0.0	0.0	0.0	0.0	0.0	0.0	0.0	0.0	0.0	0.0	0.0	0.0	0.0	0.0	0.0	0.0	0.0	0.0	0.0	0.0	0.0	0.0	0.0	0.0	0.0	0.0	0.0	0.0	0.0	0.0	0.0	0.0	0.0	0.0	0.0	0.0	0.0	0.0	0.0	0.0	0.0	0.0	0.0	0.0	0.0	0.0	0.0	0.0	0.0	0.0	0.0	0.0	0.0	0.0	0.0	0.0	0.0	0.0	0.0	0.0	0.0	0.0	0.0	0.0	0.0	0.0	0.0	0.0	0.0	0.0	0.0	0.0	0.0	0.0	0.0	0.0	0.0	0.0	0.0	0.0	0.0	0.0	0.0	0.0	0.0	0.0	0.0	0.0	0.0	0.0	0.0	0.0	0.0	0.0	0.0	0.0	0.0	0.0	0.0	0.0	0.0	0.0	0.0	0.0	0.0	0.0	0.0	0.0	0.0	0.0	0.0	0.0	0.0	0.0	0.0	0.0	0.0
S7-female-1	0.23072214138125685	0.30494956414022095	0.007719450241412727	-0.022206476492947692	-0.1361464335044595	-0.06588786918412569	0.16255310384993504	0.06631090162855256	-0.06812265439124704	0.001039999894034679	-0.01824709774771335	0.0852429463484081	0.07960483477441592	-0.0615656844552738	-0.06543870554324382	-0.10070307683928419	0.009280387642490555	-0.029904677695920145	0.043418817380422185	0.03754010359363549	-0.007560447844068717	0.05287406530904646	-0.03852609004526592	-0.06090703370983288	-0.0026623647984500708	-0.0050421634459431154	0.07600725750404504	0.007626480965489006	0.05578178111584329	-0.08335777370431306	0.02336653274365715	-0.021850176448510315	-0.026297236078851777	-0.0020762955947500107	0.007270564638215181	0.04357793371899672	0.07699363254106818	0.0070192820672451	-0.008016171957258178	0.025421081430759725	0.019519108580583824	0.034176122437654555	0.054460383459783226	-0.0375006473031141	0.003374056442751073	-0.0016418604935603334	0.02471262085721034	0.053526968576518195	0.01120578165582716	-0.023091892312229828	0.04362975866705298	0.00966201889265308	0.009430678701786148	0.03182600583088913	-0.004949061917634511	0.002253269862928145	0.0009694653944754614	-0.0013725894504377201	0.0038533182677419875	0.01640082080191066	-0.015208848286769081	0.010705063061809192	0.01900570598660322	-0.006321866238176918	-0.0224055739281363	-0.0013168708632238287	-0.0008604332673317506	-0.0032923066737626477	0.005069431054169531	0.002720369072648241	-0.001757181196522199	-0.009356807280857905	0.002431162924419163	-0.0070809444376184316	-0.005353841805238398	-0.0032362560284145744	0.0008321602400205315	-0.00046492653693641574	-0.002480289969566688	0.0	0.0	0.0	0.0	0.0	0.0	0.0	0.0	0.0	0.0	0.0	0.0	0.0	0.0	0.0	0.0	0.0	0.0	0.0	0.0	0.0	0.0	0.0	0.0	0.0	0.0	0.0	0.0	0.0	0.0	0.0	0.0	0.0	0.0	0.0	0.0	0.0	0.0	0.0	0.0	0.0	0.0	0.0	0.0	0.0	0.0	0.0	0.0	0.0	0.0	0.0	0.0	0.0	0.0	0.0	0.0	0.0	0.0	0.0	0.0	0.0	0.0	0.0	0.0	0.0	0.0	0.0	0.0	0.0	0.0	0.0	0.0	0.0	0.0	0.0	0.0	0.0	0.0	0.0	0.0	0.0	0.0	0.0	0.0	0.0	0.0	0.0	0.0	0.0	0.0	0.0	0.0	0.0	0.0	0.0	0.0	0.0	0.0	0.0	0.0	0.0	0.0	0.0	0.0	0.0	0.0	0.0	0.0	0.0	0.0	0.0	0.0	0.0	0.0	0.0	0.0	0.0	0.0	0.0	0.0	0.0	0.0	0.0	0.0	0.0	0.0	0.0	0.0	0.0	0.0	0.0	0.0	0.0	0.0	0.0	0.0	0.0	0.0	0.0	0.0
S7-female-2	0.22661842887487704	-0.2266915153279843	-0.11420224130357273	-0.1167889623666382	0.13615812299179875	-0.14155536371851507	-0.17863754259629433	0.07604457624988196	-0.033393259866577846	-0.01222504065806791	-0.11344046764117387	0.06461029120884997	-0.1914634601029656	-0.025900452356357743	0.06936206152388995	-0.05665952477106491	0.08406193651957095	0.025573931047479834	0.004544776176450005	0.0013499332911404889	0.031787747869161526	-0.03828981031797712	-0.032034795692106176	0.07790458738895936	-0.08497539423297186	0.020295121888716326	-0.03393434710264679	0.040780278225241155	0.026417061380791883	0.0037273863968593037	0.02062700500762538	0.03652554135325225	-0.05472807997806684	0.04302494061062706	-0.048326078927631765	-0.07094914770252789	0.0003505104879198328	-0.00924741725595693	0.02001370442231524	-0.0940554410951139	-0.0008057028860426745	-0.03498370516234672	0.008806754746688805	-0.00313196748749264	-0.0241517469282003	-0.030838092971335572	0.007953527178347906	0.03754086339972831	-0.03485337543445403	-0.05287168049333091	0.007477557112615731	0.01379627856369437	0.03434723149611998	-0.018554929276519205	0.019811084470762776	-0.010023616228594502	-0.00031687444935329554	0.01136092913634485	0.024059290735425454	0.010631268308777994	0.017594078797423852	0.010766713249535357	-0.011221809304464855	0.008427732033612108	-0.009848596441787844	-0.01802895082954366	-0.004748796227329962	0.00048176268168289665	-0.0013146496723888948	0.004129472222048426	0.027302593001729256	0.007769329781861242	0.010687457520176144	-0.003623157110615328	-0.0013321920051700617	-0.005657925539936514	0.004426099107799706	0.0014734565394030254	0.0008136021016978498	0.0	0.0	0.0	0.0	0.0	0.0	0.0	0.0	0.0	0.0	0.0	0.0	0.0	0.0	0.0	0.0	0.0	0.0	0.0	0.0	0.0	0.0	0.0	0.0	0.0	0.0	0.0	0.0	0.0	0.0	0.0	0.0	0.0	0.0	0.0	0.0	0.0	0.0	0.0	0.0	0.0	0.0	0.0	0.0	0.0	0.0	0.0	0.0	0.0	0.0	0.0	0.0	0.0	0.0	0.0	0.0	0.0	0.0	0.0	0.0	0.0	0.0	0.0	0.0	0.0	0.0	0.0	0.0	0.0	0.0	0.0	0.0	0.0	0.0	0.0	0.0	0.0	0.0	0.0	0.0	0.0	0.0	0.0	0.0	0.0	0.0	0.0	0.0	0.0	0.0	0.0	0.0	0.0	0.0	0.0	0.0	0.0	0.0	0.0	0.0	0.0	0.0	0.0	0.0	0.0	0.0	0.0	0.0	0.0	0.0	0.0	0.0	0.0	0.0	0.0	0.0	0.0	0.0	0.0	0.0	0.0	0.0	0.0	0.0	0.0	0.0	0.0	0.0	0.0	0.0	0.0	0.0	0.0	0.0	0.0	0.0	0.0	0.0	0.0	0.0
S7-female-3	0.09676137895756728	-0.3530774869196685	-0.10706970210821197	-0.2344631782097137	-0.433586252632583	-0.18496069272822602	-0.19118616008827163	0.015445784976065054	0.09550947672432561	0.06759548944328282	0.10658642288249805	0.08589989818229973	-0.02209528625623002	0.12410857890308485	-0.1319706804006418	0.04291670421149074	0.024890710521885455	-0.02732838040475692	-0.025383891447039324	0.05881734575004843	-0.0019758655793278342	0.05232984102973469	-0.014305145758558664	-0.03710487915081202	0.007299774787508792	0.015226398635441325	-0.03257836119611166	-0.05870349611848725	8.493105198407254e-05	0.04019150239527442	0.024176068718849777	0.0528102627022475	0.03356241787764089	-0.07405308229353035	-0.0014784448944249293	0.03083354604746229	-0.03426559623932168	-0.016327562299805358	-0.05453351641286418	-0.034208629118521	-0.03714762452039403	-0.027021314253907025	0.007505760973943645	0.048406341007910234	-0.0042441909544912865	-0.03711503374301601	-0.012396347844273068	-0.027638444248103886	0.02201319908994359	-0.04468484475010584	-0.005607419632906747	0.030317538081012767	-0.003930279960634006	-0.001693133913334255	-0.004576583765987107	-0.016452280602078657	0.029931502120970583	-0.010707223979364551	0.0005622747940316044	-0.017229623562592746	0.016370602521149694	0.0068845656608266526	0.017705171520498452	-0.005173406747091818	-0.016959482528139756	0.007414621655486844	-0.0013789422744750412	0.0053789869141275875	0.0018161990448452214	-0.013121074175345507	-0.012249098826883171	0.0005471632081742152	-0.007986387478139597	0.005260295462578804	0.006557958405326789	-0.0014812214401316295	0.008194010270844772	0.0040721307866226734	-0.001875190097891268	0.0	0.0	0.0	0.0	0.0	0.0	0.0	0.0	0.0	0.0	0.0	0.0	0.0	0.0	0.0	0.0	0.0	0.0	0.0	0.0	0.0	0.0	0.0	0.0	0.0	0.0	0.0	0.0	0.0	0.0	0.0	0.0	0.0	0.0	0.0	0.0	0.0	0.0	0.0	0.0	0.0	0.0	0.0	0.0	0.0	0.0	0.0	0.0	0.0	0.0	0.0	0.0	0.0	0.0	0.0	0.0	0.0	0.0	0.0	0.0	0.0	0.0	0.0	0.0	0.0	0.0	0.0	0.0	0.0	0.0	0.0	0.0	0.0	0.0	0.0	0.0	0.0	0.0	0.0	0.0	0.0	0.0	0.0	0.0	0.0	0.0	0.0	0.0	0.0	0.0	0.0	0.0	0.0	0.0	0.0	0.0	0.0	0.0	0.0	0.0	0.0	0.0	0.0	0.0	0.0	0.0	0.0	0.0	0.0	0.0	0.0	0.0	0.0	0.0	0.0	0.0	0.0	0.0	0.0	0.0	0.0	0.0	0.0	0.0	0.0	0.0	0.0	0.0	0.0	0.0	0.0	0.0	0.0	0.0	0.0	0.0	0.0	0.0	0.0	0.0
S7-male-1	0.3914549984104276	0.17632333215172816	-0.25178506777546117	0.25154350646000506	-0.05121885336435826	-0.024626539483363782	-0.06085655263464438	-0.03025367705055007	-0.017114806878189157	0.024716649044607342	0.09944770383749191	-0.1235484685460231	0.010847440603637643	-0.08736077520421061	-0.09182847281252647	0.10939914659405436	0.026269762610957183	0.012318401886903762	-0.011190709388654914	0.019542821114226675	-0.03691938595923207	-0.0012479964725609634	-0.013702073534483003	0.08011815771707241	0.007627376258137708	0.008195459085478815	-0.003461027321180423	0.04943449808238237	-0.05944467518264974	0.02301269923753511	0.009906480225754518	0.001740451896534034	0.018043282766413902	0.032771252899453686	-0.028895098524046658	0.02563077369340226	-0.0320122030534198	0.019399699670349067	-0.032984111419507696	0.0401457657915283	0.00474782773778751	0.0681170441650757	0.016945105797288862	-0.05302540043446489	0.0060642984866739235	-0.009782247400129207	0.00888015090295445	-0.02445923631282084	0.036778323207699214	0.032738388608563894	-0.0008665148006175547	0.0290899986509182	0.007131803012366436	-0.015126957011042113	0.02231258769570835	0.008440182405859292	0.013418245103157613	-0.010566410662311726	-0.014669228259778143	0.014925469988885177	-0.008609919061364156	-0.005017942943113072	-0.007635219432262133	-0.010205506677186789	-0.020003257266438382	-0.005025048440602671	0.0026562521667575435	0.0035774943353433686	0.004624722109923717	-0.012967990684730113	0.019004618468643094	0.0024789935010903616	0.0016774112566928844	0.0006632020959365822	0.003773872401676183	-0.0027136723886900488	0.0005114831491924989	-0.0038157230087656926	0.004362102363645291	0.0	0.0	0.0	0.0	0.0	0.0	0.0	0.0	0.0	0.0	0.0	0.0	0.0	0.0	0.0	0.0	0.0	0.0	0.0	0.0	0.0	0.0	0.0	0.0	0.0	0.0	0.0	0.0	0.0	0.0	0.0	0.0	0.0	0.0	0.0	0.0	0.0	0.0	0.0	0.0	0.0	0.0	0.0	0.0	0.0	0.0	0.0	0.0	0.0	0.0	0.0	0.0	0.0	0.0	0.0	0.0	0.0	0.0	0.0	0.0	0.0	0.0	0.0	0.0	0.0	0.0	0.0	0.0	0.0	0.0	0.0	0.0	0.0	0.0	0.0	0.0	0.0	0.0	0.0	0.0	0.0	0.0	0.0	0.0	0.0	0.0	0.0	0.0	0.0	0.0	0.0	0.0	0.0	0.0	0.0	0.0	0.0	0.0	0.0	0.0	0.0	0.0	0.0	0.0	0.0	0.0	0.0	0.0	0.0	0.0	0.0	0.0	0.0	0.0	0.0	0.0	0.0	0.0	0.0	0.0	0.0	0.0	0.0	0.0	0.0	0.0	0.0	0.0	0.0	0.0	0.0	0.0	0.0	0.0	0.0	0.0	0.0	0.0	0.0	0.0
S7-male-2	0.08655051564473036	-0.05554862261301997	-0.08534573338703841	0.10419104373167858	0.08615172009324902	-0.027295959994200106	-0.11412881810189635	0.031384513718455014	-0.16126430106700604	-0.0604042355985529	-0.07338848804081244	-0.13269683398277843	-0.3269053442442796	0.09093407419854309	-0.011379212854213807	-0.07653117625695517	0.1561109404336473	-0.013827126371062582	0.07258260875653924	-0.01805115153707789	0.04702016949992485	-0.10555388097705275	0.1535720176346255	-0.027225058123985284	0.003411967656494383	0.04936806050859799	0.06130580335470082	0.06709351320667727	0.03630873209544646	-0.014238117307522271	-0.045108711681931514	-0.016008652977883977	0.0019201905083169823	-0.07220378849126079	0.006488702934076229	-0.035259488165535424	-0.04705306283022015	0.005424162583614656	0.020202044621266787	0.004479637225297609	-0.02186392071016044	-0.043285047497730184	0.032208190709243335	-0.04637542782257077	0.036404329745894505	0.04677830041853545	0.02352392792070362	-0.01958469733117546	-0.0156429449190141	-0.008593902570446317	-0.005557310010719134	-0.00886484426560886	-0.0022461650904729716	-0.009878133532941763	0.019207447571186646	-0.029711609876958794	-0.010096577267915553	0.012122602767582976	-0.010033194591193622	0.017282996147275242	0.0031744818753906908	0.025623006616450793	0.03998757692272821	0.0022860984805338084	0.002887535158077795	-0.006950296573892831	0.00620114515017314	0.002204075003515323	0.006243141819721355	0.004027972312975714	-0.004093024366159325	0.008768917443435541	-0.0059593339808549405	-0.002838423325997853	0.008426186708711125	-0.0019566321901673825	0.001190034021425185	-6.06966468515428e-05	-5.358234847918659e-05	0.0	0.0	0.0	0.0	0.0	0.0	0.0	0.0	0.0	0.0	0.0	0.0	0.0	0.0	0.0	0.0	0.0	0.0	0.0	0.0	0.0	0.0	0.0	0.0	0.0	0.0	0.0	0.0	0.0	0.0	0.0	0.0	0.0	0.0	0.0	0.0	0.0	0.0	0.0	0.0	0.0	0.0	0.0	0.0	0.0	0.0	0.0	0.0	0.0	0.0	0.0	0.0	0.0	0.0	0.0	0.0	0.0	0.0	0.0	0.0	0.0	0.0	0.0	0.0	0.0	0.0	0.0	0.0	0.0	0.0	0.0	0.0	0.0	0.0	0.0	0.0	0.0	0.0	0.0	0.0	0.0	0.0	0.0	0.0	0.0	0.0	0.0	0.0	0.0	0.0	0.0	0.0	0.0	0.0	0.0	0.0	0.0	0.0	0.0	0.0	0.0	0.0	0.0	0.0	0.0	0.0	0.0	0.0	0.0	0.0	0.0	0.0	0.0	0.0	0.0	0.0	0.0	0.0	0.0	0.0	0.0	0.0	0.0	0.0	0.0	0.0	0.0	0.0	0.0	0.0	0.0	0.0	0.0	0.0	0.0	0.0	0.0	0.0	0.0	0.0
S7-male-3	0.11285620071694964	-0.2898672596737493	0.23014383253743295	-0.22149922062247923	-0.1768378188371693	-0.17052422810512516	0.04437624077921755	-0.06791251897948797	0.08751640668499479	-0.018931863422192236	0.03294372832659509	0.016946372789828443	-0.007438944689025675	-0.08464092793146984	0.00022658588136055514	-0.023717661835975692	-0.04245074246604782	0.11311668853605292	0.013296370263833238	-0.006204813804178427	-0.030602988514651396	0.012709839906510275	0.07246892146060173	-0.058499204245307614	0.006785202423350497	0.06084071152020445	0.036579616860885594	0.06036120606097942	-0.009143619131392644	0.002184822408107002	-0.03199969383280709	-0.02048061801902782	0.01127985644452956	0.0040148001625707735	0.019167311428497116	0.05567975199571972	-0.03845081383917745	-0.034940920644435686	0.06618548092504677	0.020211620677483406	0.03718032746842263	-0.04864841674735327	-0.022150366924925072	-0.06741143254197259	-0.0516859653561023	-0.042976002006112235	-0.01944027200794927	0.021437992173491648	-0.04233267911083974	0.0048847349856916255	0.020779937643601226	-0.024196746434938552	-0.0009441352363147146	-0.0015886818830018502	-0.003918232595818627	-0.013068851805609039	-0.005713059948507049	-0.01090741655016628	0.00628173538451247	-0.011038958313779422	0.0012510397927179612	-0.01416757477150071	0.011702669100787223	-0.007025811291808283	0.01265621577001726	0.018450918571001732	0.0028609484501459256	0.0023294092332760493	0.0036869549851278084	-0.013895443968701873	-0.009631536711843067	-0.001433610956462011	0.005720697477662427	-0.006691026548363264	0.0015354835020981747	-0.0014529457165041535	-0.0030877248283655108	-0.0021979279231203264	0.001891068952843529	0.0	0.0	0.0	0.0	0.0	0.0	0.0	0.0	0.0	0.0	0.0	0.0	0.0	0.0	0.0	0.0	0.0	0.0	0.0	0.0	0.0	0.0	0.0	0.0	0.0	0.0	0.0	0.0	0.0	0.0	0.0	0.0	0.0	0.0	0.0	0.0	0.0	0.0	0.0	0.0	0.0	0.0	0.0	0.0	0.0	0.0	0.0	0.0	0.0	0.0	0.0	0.0	0.0	0.0	0.0	0.0	0.0	0.0	0.0	0.0	0.0	0.0	0.0	0.0	0.0	0.0	0.0	0.0	0.0	0.0	0.0	0.0	0.0	0.0	0.0	0.0	0.0	0.0	0.0	0.0	0.0	0.0	0.0	0.0	0.0	0.0	0.0	0.0	0.0	0.0	0.0	0.0	0.0	0.0	0.0	0.0	0.0	0.0	0.0	0.0	0.0	0.0	0.0	0.0	0.0	0.0	0.0	0.0	0.0	0.0	0.0	0.0	0.0	0.0	0.0	0.0	0.0	0.0	0.0	0.0	0.0	0.0	0.0	0.0	0.0	0.0	0.0	0.0	0.0	0.0	0.0	0.0	0.0	0.0	0.0	0.0	0.0	0.0	0.0	0.0
S8-female-1	0.2335151337716322	-0.0031117743960161516	0.5039198329294307	-0.03061844522864815	0.022920629868314845	0.2162202027399913	-0.2316588171710129	0.11218394118354624	0.10498694809295783	-0.08137957853002109	0.0719733321697772	-0.1064923616064553	0.13468110619766108	0.07767423957091996	0.0023890708311374445	-0.0432763876706542	0.06066860397113825	0.07366612122737135	0.05595814809249078	0.07261873554759551	0.02436817188518392	-0.023940635558318477	-0.024163530778385973	0.05523294600449483	0.005375337229033739	-0.013488693714433026	0.005579869045950954	-0.011967125371605165	-0.04062533089475804	0.016069700154316944	0.04380480827440538	0.024380210625557477	-0.0004885803470502275	0.04903879862851247	0.02175596455588005	-0.04423624028697865	-0.011481773308596569	-0.02103109840317288	-0.03747721227688424	0.02273714907560349	0.003666840329695324	-0.009416590192107787	-0.028553495850130155	-0.02321186779421901	-0.01847217183927786	0.008618913302380373	-0.0019035970880168522	0.05490923035449308	-0.011570132554745106	-0.02442987555151608	-0.007975676707724264	-0.014841345726651384	-0.0026525798383295815	-0.00612507303307099	0.010386421943821646	-0.001902864916084182	0.008424393398699662	0.0019221863087084724	-0.01045463847501738	0.00683686920316791	-0.004528368737639211	0.026574849186813316	-0.004277574851223603	0.011799729106527374	-0.007576093120587834	-0.007247955250592603	0.022451144893563733	0.005649095654733846	0.002379387716616086	0.004101807761407228	-0.005592954402425235	0.004348232573305015	-0.010228969830267491	0.0020578996249614556	-0.002055711609878082	0.004919518681300733	0.0016677511913767893	0.001516438084159843	-0.005308004968459024	0.0	0.0	0.0	0.0	0.0	0.0	0.0	0.0	0.0	0.0	0.0	0.0	0.0	0.0	0.0	0.0	0.0	0.0	0.0	0.0	0.0	0.0	0.0	0.0	0.0	0.0	0.0	0.0	0.0	0.0	0.0	0.0	0.0	0.0	0.0	0.0	0.0	0.0	0.0	0.0	0.0	0.0	0.0	0.0	0.0	0.0	0.0	0.0	0.0	0.0	0.0	0.0	0.0	0.0	0.0	0.0	0.0	0.0	0.0	0.0	0.0	0.0	0.0	0.0	0.0	0.0	0.0	0.0	0.0	0.0	0.0	0.0	0.0	0.0	0.0	0.0	0.0	0.0	0.0	0.0	0.0	0.0	0.0	0.0	0.0	0.0	0.0	0.0	0.0	0.0	0.0	0.0	0.0	0.0	0.0	0.0	0.0	0.0	0.0	0.0	0.0	0.0	0.0	0.0	0.0	0.0	0.0	0.0	0.0	0.0	0.0	0.0	0.0	0.0	0.0	0.0	0.0	0.0	0.0	0.0	0.0	0.0	0.0	0.0	0.0	0.0	0.0	0.0	0.0	0.0	0.0	0.0	0.0	0.0	0.0	0.0	0.0	0.0	0.0	0.0
S8-female-2	0.2154675872021794	-0.031201798686175702	0.18373050604676694	-0.0378087408448843	0.08293693340624123	0.17575384734307176	-0.2693105394620321	0.2529711607923428	0.012976165954772722	-0.15802934977592653	-0.09165626118916204	-0.18000532242600517	-0.02191232954378047	-0.022972244598560235	-0.1120181237303196	0.013090511165202533	0.14612383052460848	0.060893652913176055	0.07882657337228136	-0.043549213634476724	0.01612385667036098	0.06313047594864978	0.004723720687608713	0.04437921987280658	0.027041463715728176	-0.049747928685354395	-0.008514437836948923	-0.058395038184931934	-0.012814092456511912	-0.05680557181357765	-0.011611283791201875	0.018694958470242502	-0.05303443857086825	-0.042665127396859966	0.029709456540593523	0.004005963528824088	0.01130961210083869	0.03213457804203283	-0.03520884679351571	0.02663132148445462	0.02789561128550935	0.012800007931043408	-0.022931765875044165	0.0728381946611667	-0.0038624138922830524	0.01674723094303393	-0.03741915449555219	-0.01313472355477495	0.003588634552897556	0.0003998603228334526	0.0034635696740246634	-0.0007659362609977137	0.012407199125453008	0.0075016889800061555	-0.018484436574364174	0.039242611151633945	-0.027022046118928382	0.0012196397137093102	0.018658713687034856	-0.028306140928826266	0.021366566853367706	-0.03140133930999449	-0.01250991752407072	-0.00992608401148232	0.005801397751902246	0.01012352015446791	-0.016210791751266815	-0.00019308866085226728	0.006396190710321306	0.0025670832779423054	0.007580343922969377	-0.0069676430751140165	-0.0033962746966111988	-0.008428248668250246	-0.0018739785768169322	-0.005871448921959814	-0.004604578622706413	-0.00108096365442574	0.0006539111209805678	0.0	0.0	0.0	0.0	0.0	0.0	0.0	0.0	0.0	0.0	0.0	0.0	0.0	0.0	0.0	0.0	0.0	0.0	0.0	0.0	0.0	0.0	0.0	0.0	0.0	0.0	0.0	0.0	0.0	0.0	0.0	0.0	0.0	0.0	0.0	0.0	0.0	0.0	0.0	0.0	0.0	0.0	0.0	0.0	0.0	0.0	0.0	0.0	0.0	0.0	0.0	0.0	0.0	0.0	0.0	0.0	0.0	0.0	0.0	0.0	0.0	0.0	0.0	0.0	0.0	0.0	0.0	0.0	0.0	0.0	0.0	0.0	0.0	0.0	0.0	0.0	0.0	0.0	0.0	0.0	0.0	0.0	0.0	0.0	0.0	0.0	0.0	0.0	0.0	0.0	0.0	0.0	0.0	0.0	0.0	0.0	0.0	0.0	0.0	0.0	0.0	0.0	0.0	0.0	0.0	0.0	0.0	0.0	0.0	0.0	0.0	0.0	0.0	0.0	0.0	0.0	0.0	0.0	0.0	0.0	0.0	0.0	0.0	0.0	0.0	0.0	0.0	0.0	0.0	0.0	0.0	0.0	0.0	0.0	0.0	0.0	0.0	0.0	0.0	0.0
S8-female-3	0.21230210953198655	-0.3005164067689877	0.14094387618397974	-0.26742435342771076	-0.2609979052164894	-0.20172546108203254	-0.05195183923727312	0.10470892536408015	0.03377025926730477	-0.039934700791950856	-0.040720226483414466	0.08164661425750351	-0.14004381239157032	-0.10110826449919048	-0.0546349464274453	-0.027462551284461238	0.08170471475862888	0.023787269083040918	0.003546567373897751	0.03914165705795834	-0.041583851241060316	-0.0017137963050196875	0.07006189760622399	-0.019499624166784475	0.024488448604950672	-0.012153797390031532	0.02471172865749986	0.02647178332051691	0.03299625386632776	-0.026550731060237545	0.0016373188507472227	0.03163927890334939	-0.0036711307843572917	-0.023615827238580044	-0.004006047374807159	-0.04660514016522776	-0.005759160657706685	0.03183085540186256	-0.010835707192765519	-0.0003773944205250812	0.03156259739674408	0.01340832137645341	0.04332092113769306	-0.0009003869108743449	0.028326794973305817	0.08276969684161761	-0.00851922372038925	-0.056406532843855044	-0.0012173865112713013	-0.007927880164039414	0.00029121741718957366	-0.03639871646309884	0.02201841912565427	-0.013274092175002488	0.030631593799320036	0.009253140705311878	-0.002067580955321657	-0.0012246410671039615	-0.015602907138029275	0.029458826690621123	-0.008894201207019574	-0.003982541355807547	0.0003631236324583513	0.009281039304331141	0.020494797458317268	0.016189527787997492	0.00024709088022707693	0.00677609507675607	0.00851255997218446	-0.0006352738996033696	0.005410469591642219	-0.006669988823091041	0.004524628215378761	-0.005396083718390604	-0.0130421804488601	0.00028743901784523615	-0.001847890550439989	0.0014195094120956282	0.0008921220475891651	0.0	0.0	0.0	0.0	0.0	0.0	0.0	0.0	0.0	0.0	0.0	0.0	0.0	0.0	0.0	0.0	0.0	0.0	0.0	0.0	0.0	0.0	0.0	0.0	0.0	0.0	0.0	0.0	0.0	0.0	0.0	0.0	0.0	0.0	0.0	0.0	0.0	0.0	0.0	0.0	0.0	0.0	0.0	0.0	0.0	0.0	0.0	0.0	0.0	0.0	0.0	0.0	0.0	0.0	0.0	0.0	0.0	0.0	0.0	0.0	0.0	0.0	0.0	0.0	0.0	0.0	0.0	0.0	0.0	0.0	0.0	0.0	0.0	0.0	0.0	0.0	0.0	0.0	0.0	0.0	0.0	0.0	0.0	0.0	0.0	0.0	0.0	0.0	0.0	0.0	0.0	0.0	0.0	0.0	0.0	0.0	0.0	0.0	0.0	0.0	0.0	0.0	0.0	0.0	0.0	0.0	0.0	0.0	0.0	0.0	0.0	0.0	0.0	0.0	0.0	0.0	0.0	0.0	0.0	0.0	0.0	0.0	0.0	0.0	0.0	0.0	0.0	0.0	0.0	0.0	0.0	0.0	0.0	0.0	0.0	0.0	0.0	0.0	0.0	0.0
S8-male-1	0.38361824071489303	0.1376510436900189	0.29899028341585837	0.1395345865077502	-2.9727343382245068e-05	-0.040246915811252774	0.00011231807361051869	-0.12427854062900516	-0.001868841437639642	0.12203249616958478	0.06907258053043859	0.011698810298626693	-0.022459465816054555	0.031078930362098627	0.006877289285688545	0.04460822418362669	0.08167007403005348	-0.007815575658932145	-0.04213018840039731	-0.020320798444582455	-0.010026038476519209	0.04907144430716687	-0.04361530023885482	-0.046923660865308206	0.0040621706194703296	0.039655939215313706	0.032401258092091066	-0.028806300923684042	-0.04593895627558681	-0.02399808742750307	0.022948638000551858	-0.00819237258521039	0.03874752660595347	0.018560738032170114	-0.0008933016393689299	-0.005070599531106655	0.083318471865295	-0.015283576793924501	-0.00312906760966566	-0.05198049048937916	0.018010285907528498	-0.031588185895937954	0.0038387152975155993	-0.014027711195135921	0.010936233799262887	0.0027373421142206297	0.0027965715820148698	0.023728692958311454	-0.030676981885598413	-0.041118394335598225	-0.01569523870705564	0.011410320272615243	0.009686519882718797	0.005250322944193112	-0.013407609047170022	-0.0013227503102745122	-0.004571748305624187	-0.009702470057914284	-0.011932642251761305	0.026805207461899874	-0.01632062285885781	-0.008996449898751728	-0.004051142072323556	0.0065233671334149115	0.009524667613573123	0.010338113165153604	0.01266249520764238	0.007322248445448825	0.012715167251065971	-0.007786971016445506	-0.0032247114973232376	-0.0043521127005250815	-0.00472215016676988	-0.013207325710101418	0.0006687664578280671	-0.0006164104145704635	0.001186968704027915	-0.0026026322786946604	-0.002270021306617458	0.0	0.0	0.0	0.0	0.0	0.0	0.0	0.0	0.0	0.0	0.0	0.0	0.0	0.0	0.0	0.0	0.0	0.0	0.0	0.0	0.0	0.0	0.0	0.0	0.0	0.0	0.0	0.0	0.0	0.0	0.0	0.0	0.0	0.0	0.0	0.0	0.0	0.0	0.0	0.0	0.0	0.0	0.0	0.0	0.0	0.0	0.0	0.0	0.0	0.0	0.0	0.0	0.0	0.0	0.0	0.0	0.0	0.0	0.0	0.0	0.0	0.0	0.0	0.0	0.0	0.0	0.0	0.0	0.0	0.0	0.0	0.0	0.0	0.0	0.0	0.0	0.0	0.0	0.0	0.0	0.0	0.0	0.0	0.0	0.0	0.0	0.0	0.0	0.0	0.0	0.0	0.0	0.0	0.0	0.0	0.0	0.0	0.0	0.0	0.0	0.0	0.0	0.0	0.0	0.0	0.0	0.0	0.0	0.0	0.0	0.0	0.0	0.0	0.0	0.0	0.0	0.0	0.0	0.0	0.0	0.0	0.0	0.0	0.0	0.0	0.0	0.0	0.0	0.0	0.0	0.0	0.0	0.0	0.0	0.0	0.0	0.0	0.0	0.0	0.0
S8-male-2	0.25500389741182433	-0.2204108623500371	-0.2417355231689856	0.013041849804117532	0.11479061672069542	-0.06349824340545748	-0.16162993400746883	0.06168249138764238	-0.2237125029325952	0.04828198965363807	0.029041639698042264	0.09692726479873523	-0.029616359227808576	0.10727026591622234	0.009846930682955486	-0.12370648455018587	0.07279915959388192	0.03309536266075042	0.014573266969355075	-0.06994041760683645	0.13606287403267517	0.06145105611648343	0.005662382200411513	-0.0216058975365898	-0.015515960574765932	0.10409308446729726	-0.02654504957117541	0.0004197249327738653	0.06498985385410645	-0.0345539117267162	-0.01227604576143162	-0.008728339132338137	-0.0648045550113604	0.011449524964157862	0.007814994821924307	0.06144643887074517	0.010712617859043663	0.048253982283223085	0.03913703457113165	0.073169762731944	0.05099673781589332	0.01759241308043755	0.017839822223759336	-0.01814301236918149	-0.0520075431303638	-0.010283753591844719	-0.029935899032450763	-0.0010006555472452465	-0.0016862113847677896	0.011053281785096949	-0.038499771835302864	-0.01845475622841324	-0.035099167722126394	0.012029798586349255	0.015461211597049518	-0.03249133871102798	0.014492353203026833	-0.014882613972378389	-0.009473115996533263	0.006561576649229719	-0.011259601922688345	0.011852649994919744	0.012270865935855472	0.015631485533032428	0.0056340468636535	0.012115243146246351	-0.0008488802059216357	0.015808710034271818	2.0998150264155188e-05	0.007682076897230985	-0.007196685090407007	0.0017093773075819712	-0.004923454881599905	-0.0016204416438888414	-0.009859504328536248	0.0009317111340935728	0.005710949469071355	-0.0011559115735354961	0.0035132850351841864	0.0	0.0	0.0	0.0	0.0	0.0	0.0	0.0	0.0	0.0	0.0	0.0	0.0	0.0	0.0	0.0	0.0	0.0	0.0	0.0	0.0	0.0	0.0	0.0	0.0	0.0	0.0	0.0	0.0	0.0	0.0	0.0	0.0	0.0	0.0	0.0	0.0	0.0	0.0	0.0	0.0	0.0	0.0	0.0	0.0	0.0	0.0	0.0	0.0	0.0	0.0	0.0	0.0	0.0	0.0	0.0	0.0	0.0	0.0	0.0	0.0	0.0	0.0	0.0	0.0	0.0	0.0	0.0	0.0	0.0	0.0	0.0	0.0	0.0	0.0	0.0	0.0	0.0	0.0	0.0	0.0	0.0	0.0	0.0	0.0	0.0	0.0	0.0	0.0	0.0	0.0	0.0	0.0	0.0	0.0	0.0	0.0	0.0	0.0	0.0	0.0	0.0	0.0	0.0	0.0	0.0	0.0	0.0	0.0	0.0	0.0	0.0	0.0	0.0	0.0	0.0	0.0	0.0	0.0	0.0	0.0	0.0	0.0	0.0	0.0	0.0	0.0	0.0	0.0	0.0	0.0	0.0	0.0	0.0	0.0	0.0	0.0	0.0	0.0	0.0
S8-male-3	0.04880397555791231	-0.2499384693293371	0.018549388412272258	-0.2375484296575136	-0.2724027459626034	-0.21924230312812473	0.03434316678177562	0.03541221285811745	0.030453625357342848	-0.030782180732401635	-0.03261566636948457	0.024599527436387176	-0.07866567998706257	-0.008818542159543743	0.003339116173160054	0.022833602312769256	-0.013633611500832527	-0.06163462225410046	0.07283852875880104	0.017537835136871082	-0.06133447760745057	0.01006247843454039	-0.005219373050062521	-0.007320135487056459	-0.07006996757069277	0.001367653339496724	0.06453571693704706	-0.07207787393006698	0.06536779492820248	-0.011898135484210882	-0.00644496712215562	0.0017792775945402652	0.014712275563855213	0.00047100619002250126	0.045350487633327295	-0.04676097217055623	-0.02994650124099339	-0.019491115409966085	0.002496812345960627	0.024808305741800533	-0.03606705376731081	0.03589816943951142	0.05296765714797439	-0.06555606405785369	-0.05352439748854176	0.030367557837126326	-0.0332149149687187	0.011091277169645218	-0.017126147561856406	0.013194472678178614	0.05985530168395182	0.02740857165732484	0.0058609888347840025	-0.007421452825372449	0.040602771173981686	-0.01183245276438274	0.006996864041403584	0.005862967196951892	-0.0016423271741210178	-0.004443353230857982	0.01653339066279615	2.2261921372421043e-05	-0.020088955018597834	0.005467497310561653	-0.018466933361218494	-0.013670045024969636	0.014010974530730838	-0.014431730359581488	0.006490578927943494	0.0025214243241515407	-0.005457662832887442	0.006313886704389768	-0.00430793582023821	-0.001152236565536924	0.0021051830980612554	0.0037526062912910064	0.0028475575059177644	-7.169397734441757e-05	0.0005486780854698353	0.0	0.0	0.0	0.0	0.0	0.0	0.0	0.0	0.0	0.0	0.0	0.0	0.0	0.0	0.0	0.0	0.0	0.0	0.0	0.0	0.0	0.0	0.0	0.0	0.0	0.0	0.0	0.0	0.0	0.0	0.0	0.0	0.0	0.0	0.0	0.0	0.0	0.0	0.0	0.0	0.0	0.0	0.0	0.0	0.0	0.0	0.0	0.0	0.0	0.0	0.0	0.0	0.0	0.0	0.0	0.0	0.0	0.0	0.0	0.0	0.0	0.0	0.0	0.0	0.0	0.0	0.0	0.0	0.0	0.0	0.0	0.0	0.0	0.0	0.0	0.0	0.0	0.0	0.0	0.0	0.0	0.0	0.0	0.0	0.0	0.0	0.0	0.0	0.0	0.0	0.0	0.0	0.0	0.0	0.0	0.0	0.0	0.0	0.0	0.0	0.0	0.0	0.0	0.0	0.0	0.0	0.0	0.0	0.0	0.0	0.0	0.0	0.0	0.0	0.0	0.0	0.0	0.0	0.0	0.0	0.0	0.0	0.0	0.0	0.0	0.0	0.0	0.0	0.0	0.0	0.0	0.0	0.0	0.0	0.0	0.0	0.0	0.0	0.0	0.0
S9-female-1	0.3924856201483415	0.2283238743388975	0.018299385161435137	0.22351134875573866	-0.19507752988079635	-0.05367931397096246	-0.07234307146871842	-0.02949552072096182	-0.07266910463813057	-0.021349347848500105	0.06993225959936553	-0.03692220603936252	-0.07223695161384824	-0.08491155162975812	0.022278806011846567	0.03815252905164838	-0.14591083551143896	-0.03895891564582262	-0.050986320169792126	-0.010721191764813386	-0.03941440590100272	0.0401596950068747	0.005877087697184365	0.05228690764908239	-0.06615960558833163	-0.04880321198025148	0.0352171179818858	-0.008657503378799376	-0.038545867724347635	-0.04007232526866477	-0.03640697231123869	0.021114083850261006	0.020117907805224745	-0.019910837963187798	-0.03091027262702457	0.0206774514821298	-0.030472111639890814	0.0006939301106876095	-0.03597434007270181	0.016649222126023353	0.026072287723184626	-0.0019912152697522394	-0.009872158358841	-0.00830966431552278	-0.02469786339103193	-0.006479372568337696	-0.008056124185297336	-0.008564817905742914	0.027054674082819585	0.009000530938958305	0.03776833809172614	0.023059099186031808	0.024135118763718825	-0.005241012775692854	-0.012974265294636286	0.0031174902193188223	-0.00870663082143848	-0.015234928403798862	-0.006696570515789073	-0.022036614212904194	-0.0007803653550446536	0.028370243650157733	-0.0034700355489359347	0.008360740679349396	-0.01066184648261847	-0.0015918466689648111	0.00863491618712662	-0.013399956030789324	0.01712854749365723	-0.0027900309450434855	0.01874908453180175	-0.00011040300570301217	0.0018868593049121238	-0.012978649715484387	-0.0036745154553138415	0.00786326609252121	-0.006842803826118995	0.0005349774390852779	0.002068428770675039	0.0	0.0	0.0	0.0	0.0	0.0	0.0	0.0	0.0	0.0	0.0	0.0	0.0	0.0	0.0	0.0	0.0	0.0	0.0	0.0	0.0	0.0	0.0	0.0	0.0	0.0	0.0	0.0	0.0	0.0	0.0	0.0	0.0	0.0	0.0	0.0	0.0	0.0	0.0	0.0	0.0	0.0	0.0	0.0	0.0	0.0	0.0	0.0	0.0	0.0	0.0	0.0	0.0	0.0	0.0	0.0	0.0	0.0	0.0	0.0	0.0	0.0	0.0	0.0	0.0	0.0	0.0	0.0	0.0	0.0	0.0	0.0	0.0	0.0	0.0	0.0	0.0	0.0	0.0	0.0	0.0	0.0	0.0	0.0	0.0	0.0	0.0	0.0	0.0	0.0	0.0	0.0	0.0	0.0	0.0	0.0	0.0	0.0	0.0	0.0	0.0	0.0	0.0	0.0	0.0	0.0	0.0	0.0	0.0	0.0	0.0	0.0	0.0	0.0	0.0	0.0	0.0	0.0	0.0	0.0	0.0	0.0	0.0	0.0	0.0	0.0	0.0	0.0	0.0	0.0	0.0	0.0	0.0	0.0	0.0	0.0	0.0	0.0	0.0	0.0
S9-female-2	0.1571022559120615	-0.12218857847790818	0.0005196356157592799	-0.0810750153641904	-0.0461362841767436	0.029705093683953868	-0.030841906424525105	0.19810562776365456	0.008240539502954104	-0.061560441427838494	-0.013252642979814749	0.05016187319273718	-0.3723992836091754	-0.09476107745340825	0.05083559561666293	-0.0027081266327972035	0.24939609782720742	-0.07398384192105298	0.09536334446216718	-0.14603684612586001	-0.09222263143129257	-0.00264398418697019	-0.032029831227999614	-0.041589185469544904	0.015754486139933147	0.0606143402573766	-0.13316654553788296	0.02006469840696575	0.02567680402221688	0.029334070966450417	0.04312376562941455	0.015592755643678909	0.0955692533612718	0.07726897008071097	0.06957688529407814	-0.004386466979786923	-0.019213385578516217	0.0067816041950192136	0.06678586859909873	-0.06011153270272667	-0.018898385826351505	0.04003881328915805	-0.03763553990816992	-0.005252696831370769	-0.02485820369610631	-0.03709793211003982	-0.058239258701565134	0.04554219444102175	0.03906134695025838	0.04080701221497015	-0.01762038449890372	0.005863659028717742	-0.019475573436497407	0.0056020050912415	-0.08068876791287838	-0.002759201297988505	0.016137351700054807	-0.014508569753760813	-0.0013713425270657626	0.0002269128889200649	-0.02290981385405005	0.011554096945616951	-0.02490491578458229	-0.005052410648839456	-0.005302620753729928	-0.007907901932648708	0.000665480082193748	-0.018008976855484485	-0.010435883625417506	-0.005794131242706484	-0.012761163455008058	-0.01145787403764824	0.0058671501322088045	0.00803313188550318	-0.012088227984573206	0.002298893607894154	-0.009098486692716356	0.0005194080576347945	-0.0011402958811691127	0.0	0.0	0.0	0.0	0.0	0.0	0.0	0.0	0.0	0.0	0.0	0.0	0.0	0.0	0.0	0.0	0.0	0.0	0.0	0.0	0.0	0.0	0.0	0.0	0.0	0.0	0.0	0.0	0.0	0.0	0.0	0.0	0.0	0.0	0.0	0.0	0.0	0.0	0.0	0.0	0.0	0.0	0.0	0.0	0.0	0.0	0.0	0.0	0.0	0.0	0.0	0.0	0.0	0.0	0.0	0.0	0.0	0.0	0.0	0.0	0.0	0.0	0.0	0.0	0.0	0.0	0.0	0.0	0.0	0.0	0.0	0.0	0.0	0.0	0.0	0.0	0.0	0.0	0.0	0.0	0.0	0.0	0.0	0.0	0.0	0.0	0.0	0.0	0.0	0.0	0.0	0.0	0.0	0.0	0.0	0.0	0.0	0.0	0.0	0.0	0.0	0.0	0.0	0.0	0.0	0.0	0.0	0.0	0.0	0.0	0.0	0.0	0.0	0.0	0.0	0.0	0.0	0.0	0.0	0.0	0.0	0.0	0.0	0.0	0.0	0.0	0.0	0.0	0.0	0.0	0.0	0.0	0.0	0.0	0.0	0.0	0.0	0.0	0.0	0.0
S9-female-3	0.1955952535956927	-0.17207439362912924	0.3648840429877835	-0.1515080300761523	-0.0059689698499067086	-0.05308362101218376	0.12243947302814341	-0.06990448411162564	0.12520871886146895	0.11313658104928613	0.09218657546657029	0.05667189228053958	0.012256450948309645	0.0017960248242457992	0.06735084180417202	0.02323999450842289	0.1161743854687842	-0.06795539307431886	-0.09024652843817095	-0.05455436065449946	-0.04094905103293844	0.00949265672439861	-0.08443657024115618	0.00024190155165807522	-0.061230618806802334	-0.02763209557963127	-0.06546526318013934	0.02761240221483248	0.04282564167282762	0.017443196086019245	-0.01635961894107072	-0.029851977036793317	-0.06594245333386738	-0.016817193181537047	-0.011828935007203303	-0.012882991499388279	0.03242934862483927	0.025574840188972207	-0.036527192848042796	0.013897051339840934	-0.04851162339387169	-0.012888157973052903	0.006587517455381329	0.023113890210061803	0.016400089721894	-0.014339842697348225	-0.014548812907803296	-0.016107662977304114	0.027144041953162237	0.01851400127666602	0.006614305018928225	0.016476114472140174	0.009421411899387649	-0.009515457522875786	0.022883645461788893	-0.020327818573314095	-0.00713976759508626	-0.006390531778144046	0.005602153026531474	-0.007125634661563252	0.0019442526051743404	0.022079288405071198	-0.006803648701114214	0.010603634149015164	-0.014873106421424455	0.013275557730163945	-0.003841998645471711	0.012655595406841282	-0.0021328566738112913	0.0003078550069285706	-0.007746520313992959	-0.005165679453947261	0.0027241350346237656	0.008372781233124856	0.0009885314331861297	0.0006510335326801238	0.004589194594267476	0.0030734116905867326	-0.0016637127294324029	0.0	0.0	0.0	0.0	0.0	0.0	0.0	0.0	0.0	0.0	0.0	0.0	0.0	0.0	0.0	0.0	0.0	0.0	0.0	0.0	0.0	0.0	0.0	0.0	0.0	0.0	0.0	0.0	0.0	0.0	0.0	0.0	0.0	0.0	0.0	0.0	0.0	0.0	0.0	0.0	0.0	0.0	0.0	0.0	0.0	0.0	0.0	0.0	0.0	0.0	0.0	0.0	0.0	0.0	0.0	0.0	0.0	0.0	0.0	0.0	0.0	0.0	0.0	0.0	0.0	0.0	0.0	0.0	0.0	0.0	0.0	0.0	0.0	0.0	0.0	0.0	0.0	0.0	0.0	0.0	0.0	0.0	0.0	0.0	0.0	0.0	0.0	0.0	0.0	0.0	0.0	0.0	0.0	0.0	0.0	0.0	0.0	0.0	0.0	0.0	0.0	0.0	0.0	0.0	0.0	0.0	0.0	0.0	0.0	0.0	0.0	0.0	0.0	0.0	0.0	0.0	0.0	0.0	0.0	0.0	0.0	0.0	0.0	0.0	0.0	0.0	0.0	0.0	0.0	0.0	0.0	0.0	0.0	0.0	0.0	0.0	0.0	0.0	0.0	0.0
S9-male-1	0.4483087591814755	0.09133557401824684	0.09429828113831751	0.09875982712235708	-0.14051200644914516	-0.07896239848027187	0.07000266886934707	0.03879906508460932	-0.009904222482957527	-0.008373609912550794	0.03464468993327223	0.032348867745426106	-0.03175714110118405	-0.16770676738959397	0.04734547278980891	-0.09612040914755858	0.01882815049971857	0.07533012916536533	-0.039006822437837756	-0.06060787859942518	0.02240018901959063	0.048674735076893835	-0.014100479777232312	-0.08243073504103224	-0.002322789475071854	0.03070810467278733	-0.004487928176465304	0.06458536920754182	0.02476089665698501	0.0727919834103588	-0.00849084180327561	-0.025717263387919475	0.00806856339151672	-0.012719491555861816	0.026811837567961214	0.022062118774067496	0.029091008403407025	-0.011710968648377151	0.01492789772333613	-0.045066547171913406	0.042380742591765184	-0.037084224687123635	0.018890764829090117	0.006636064846361933	-0.02581815504562311	-0.02962394095609117	0.017157053998603546	0.03787775572335304	-0.020847642303397286	-0.03380066037557795	-0.04171799250408386	-0.00020131709404022543	-0.0031208466697143587	0.019784999239929994	-0.006336753418424641	-0.0069645391717304125	0.01166640898244862	-0.0035339830106503557	-0.02228045051128068	0.021545578057961146	0.04905550929124439	-0.0018999846705533225	-0.01855662236842566	-0.026089987222342962	-0.003959180111351726	-0.0021830498835580955	-0.004130531311535798	-0.004196007950369865	0.002550514179108583	-0.005434594145830414	0.022873119512047492	-0.0017247811158773018	-0.006394490628989692	0.006582151546961948	-0.0036638525732568864	-0.003000518545082541	0.002410475367533406	0.002395011450783135	0.0014951621818706615	0.0	0.0	0.0	0.0	0.0	0.0	0.0	0.0	0.0	0.0	0.0	0.0	0.0	0.0	0.0	0.0	0.0	0.0	0.0	0.0	0.0	0.0	0.0	0.0	0.0	0.0	0.0	0.0	0.0	0.0	0.0	0.0	0.0	0.0	0.0	0.0	0.0	0.0	0.0	0.0	0.0	0.0	0.0	0.0	0.0	0.0	0.0	0.0	0.0	0.0	0.0	0.0	0.0	0.0	0.0	0.0	0.0	0.0	0.0	0.0	0.0	0.0	0.0	0.0	0.0	0.0	0.0	0.0	0.0	0.0	0.0	0.0	0.0	0.0	0.0	0.0	0.0	0.0	0.0	0.0	0.0	0.0	0.0	0.0	0.0	0.0	0.0	0.0	0.0	0.0	0.0	0.0	0.0	0.0	0.0	0.0	0.0	0.0	0.0	0.0	0.0	0.0	0.0	0.0	0.0	0.0	0.0	0.0	0.0	0.0	0.0	0.0	0.0	0.0	0.0	0.0	0.0	0.0	0.0	0.0	0.0	0.0	0.0	0.0	0.0	0.0	0.0	0.0	0.0	0.0	0.0	0.0	0.0	0.0	0.0	0.0	0.0	0.0	0.0	0.0
S9-male-2	0.17662846315708394	-0.3403546373931583	-0.2570452567021408	-0.21797348815896317	0.09728964019153712	-0.2193427479129596	-0.10403115361348275	0.046220474598621525	0.13983976592254263	0.009653431381707763	0.054206453274757156	0.06682703544647088	-0.008412615855856764	0.011606634417255353	0.005500074276739963	0.031741497644097394	0.015774544516907366	-0.007323221586965594	-0.015992687089643524	0.054719592756999745	0.027845792932881697	-0.07269356637366867	-0.027624639650240607	-0.034617715068410354	0.06218307409142615	0.05707093367481263	-0.00615371436939583	-0.0053655176887099235	-0.021113177173554154	0.0166007820991766	-0.029402200995272642	0.004959284003762782	0.017670944637886116	0.03878967035050587	-0.0037334103076015666	0.017860232737486118	0.0019826416510496593	0.0017370764619850335	0.0553194457320361	0.03141681339924939	0.036052563285422425	-0.04824056618735291	0.027757967781846762	-0.03803073111669948	-0.05031435337231425	-0.008228266866981034	-0.03136302015385721	0.032616254804861335	0.003724321422956179	0.01497007324899542	-0.010186156488529836	0.0323426540088506	0.03460945531523873	-0.013183534845993659	0.021200061811291804	-0.005607076661151734	0.002855772667247208	0.007808782339504547	-0.022074630687331953	-0.023151812025913238	0.016413442806801553	-0.010113827893754146	0.022124864084781894	-0.011343588385924946	0.029655532417700463	0.01841033417510868	0.0025630276352172046	-0.013836467877500468	-0.013619392489559805	-0.010358470590771935	-0.007597398549595763	-0.006029559629954107	-0.009807607993550814	0.003393817406969092	0.011257462679416633	0.0042424531731724766	-1.2067546852566202e-05	-0.0004932521124371764	-0.002596712784373868	0.0	0.0	0.0	0.0	0.0	0.0	0.0	0.0	0.0	0.0	0.0	0.0	0.0	0.0	0.0	0.0	0.0	0.0	0.0	0.0	0.0	0.0	0.0	0.0	0.0	0.0	0.0	0.0	0.0	0.0	0.0	0.0	0.0	0.0	0.0	0.0	0.0	0.0	0.0	0.0	0.0	0.0	0.0	0.0	0.0	0.0	0.0	0.0	0.0	0.0	0.0	0.0	0.0	0.0	0.0	0.0	0.0	0.0	0.0	0.0	0.0	0.0	0.0	0.0	0.0	0.0	0.0	0.0	0.0	0.0	0.0	0.0	0.0	0.0	0.0	0.0	0.0	0.0	0.0	0.0	0.0	0.0	0.0	0.0	0.0	0.0	0.0	0.0	0.0	0.0	0.0	0.0	0.0	0.0	0.0	0.0	0.0	0.0	0.0	0.0	0.0	0.0	0.0	0.0	0.0	0.0	0.0	0.0	0.0	0.0	0.0	0.0	0.0	0.0	0.0	0.0	0.0	0.0	0.0	0.0	0.0	0.0	0.0	0.0	0.0	0.0	0.0	0.0	0.0	0.0	0.0	0.0	0.0	0.0	0.0	0.0	0.0	0.0	0.0	0.0

Biplot	0	0

Site constraints	0	0
