	S1-female-1	S1-female-2	S1-female-3	S1-male-1	S10-female-1	S10-female-2	S10-Female-3	S10-male-1	S10-male-2-	S2-female-1	S2-female-2	S2-male-1	S2-male-2	S2014F_E2-2-A-F	S2014F_E2-2-B-F	S2014F_E2-2-C-F	S2014F_E2-3-A-F	S2014F_E2-3-B-F	S2014F_E2-3-C-F	S2014F_E5-2-A-F	S2014F_E5-2-A-F_plate2	S2014F_E5-2-B-F	S2014F_E5-3-B-F	S2014F_E5-3-C-F	S2014F_E5-C-2-F	S2014F_E7-1-A-F	S2014F_E7-2-C-F	S2014F_E7-3-A-F	S2014F_E7-3-B-F	S2014F_E7-3-C-F	S2014F_E9-2-A-F	S2014F_E9-2-B-F	S2014F_E9-2-C-F	S2014F_E9-3-A-F	S2014F_E9-3-B-F	S2014F_E9-3-C-F	S2014m_E2-1-A-F	S2014M_E2-1-A-M	S2014m_E2-1-B-F	S2014M_E2-1-B-M	S2014m_E2-1-C-F	S2014m_E2-1-C-M	S2014m_E2-2-A-M	S2014m_E2-2-B-M	S2014m_E2-2-C-M	S2014m_E2-3-A-M	S2014m_E2-3-B-M	S2014m_E2-3-C-M	S2014m_E5-1-A-F	S2014M_E5-1-A-M	S2014m_E5-1-B-F	S2014M_E5-1-B-M	S2014m_E5-1-C-F	S2014M_E5-1-C-M	S2014m_E5-2-A-M	S2014m_E5-2-B-M	S2014m_E5-3-A-M	S2014m_E5-3-B-M	S2014m_E5-3-C-M	S2014m_E7-1-A-M	S2014m_E7-1-B-F	S2014m_E7-1-B-M	S2014m_E7-1-C-F	S2014m_E7-1-C-M	S2014m_E7-2-A-F	S2014m_E7-2-A-M	S2014m_E7-2-B-F	S2014m_E7-2-B-M	S2014m_E7-2-C-M	S2014m_E7-3-A-M	S2014M_E7-3-B-M	S2014m_E7-3-C-M	S2014M_E9-1-A-M	S2014m_E9-1-B-F	S2014M_E9-1-B-M	S2014m_E9-1-C-F	S2014M_E9-1-C-M	S2014m_E9-2-B-M	S2014m_E9-2-C-M	S2014m_E9-3-A-M	S2014m_E9-3-B-M	S2014m_E9-3-C-M	S2014m_E9-A-1-F	S2017t1_E11-T1a-Female	S2017t1_E11-T1a-Male	S2017t1_E11-T1b-Female	S2017t1_E11-T1b-Male	S2017t1_E13-T1a-Female	S2017t1_E13-T1a-Male	S2017t1_E13-T1b-Female	S2017t1_E13-T1b-Male	S2017t1_E14-T1a-Female	S2017t1_E14-T1a-Male	S2017t1_E14-T1b-Female	S2017t1_E14-T1b-Male	S2017t1_E16-T1a-Female	S2017t1_E16-T1a-Male	S2017t1_E16-T1b-Female	S2017t1_E16-T1b-Male	S2017t1_E17-T1a-Female	S2017t1_E17-T1a-Male	S2017t1_E17-T1b-Female	S2017t1_E17-T1b-Male	S2017t1_E19-T1a-Female	S2017t1_E19-T1a-Male	S2017t1_E19-T1b-Female	S2017t1_E19-T1b-Male	S2017t1_E23-T1a-Female	S2017t1_E23-T1a-Male	S2017t1_E23-T1b-Female	S2017t1_E23-T1b-Male	S2017t1_E30-T1a-Female	S2017t1_E30-T1a-Male	S2017t1_E30-T1b-Female	S2017t1_E30-T1b-Male	S2017t2_E11-T2a-Male_C7D5_5f	S2017t2_E11-T2a-Male	S2017t2_E11-T2b-Female	S2017t2_E11-T2b-Male	S2017t2_E13-T2a-Female	S2017t2_E13-T2a-Male	S2017t2_E13-T2b-Female	S2017t2_E13-T2b-Male	S2017t2_E14-T2a-Female	S2017t2_E14-T2a-Male	S2017t2_E14-T2b-Female	S2017t2_E14-T2b-Male	S2017t2_E16-T2a-Female	S2017t2_E16-T2a-Male	S2017t2_E16-T2b-Female	S2017t2_E16-T2b-Male	S2017t2_E17-T2a-Female	S2017t2_E17-T2a-Male	S2017t2_E17-T2b-Female	S2017t2_E17-T2b-Male	S2017t2_E19-T2a-Female	S2017t2_E19-T2a-Male	S2017t2_E19-T2b-Female	S2017t2_E19-T2b-Male	S2017t2_E23-T2a-Female	S2017t2_E23-T2a-Male	S2017t2_E23-T2b-Female	S2017t2_E23-T2b-Male	S2017t2_E30-T2a-Female	S2017t2_E30-T2a-Male	S2017t2_E30-T2b-Female	S2017t2_E30-T2b-Male	S2017t3_E11-T3a-Female	S2017t3_E11-T3a-Male	S2017t3_E16-T3b-Female	S2017t3_E16-T3b-Male	S2017t3_E17-T3a-Female	S2017t3_E17-T3a-Male	S2017t3_E30-T3b-Female	S2017t3_E30-T3b-Male	S2017t3F_E11-T3b-Female	S2017t3F_E13-T3a-Female	S2017t3F_E13-T3b-Female	S2017t3F_E14-T3a-Female	S2017t3F_E14-T3b-Female	S2017t3F_E16-T3a-Female	S2017t3F_E17-T3b-Female	S2017t3F_E19-T3a-Female	S2017t3F_E19-T3b-Female	S2017t3F_E23-T3a-Female	S2017t3F_E23-T3b-Female	S2017t3F_E30-T3a-Female	S2017t3M_E11-T3b-Male	S2017t3M_E13-T3a-Male	S2017t3M_E14-T3a-Male	S2017t3M_E14-T3b-Male	S2017t3M_E16-T3a-Male	S2017t3M_E17-T3b-Male	S2017t3M_E19-T3a-Male	S2017t3M_E19-T3b-Male	S2017t3M_E23-T3a-Male	S2017t3M_E23-T3b-Male	S2017t3M_E30-T3a-Male	S3-female-1	S3-female-3	S3-male-1	S3-male-2	S3-male-3	S4-female-1	S4-female-3	S4-male-1	S4-male-2	S4-male-3	S5-female-1	S5-female-2	S5-male-1	S5-male-2	S5-male-3	s6-Female-1	S6-female-2	S6-female-3	S6-male-1	S6-male-3	S7-female-1	S7-female-2	S7-female-3	S7-male-1	S7-male-2	S7-male-3	S8-female-1	S8-female-2	S8-female-3	S8-male-1	S8-male-2	S8-male-3	S9-female-1	S9-female-3	S9-male-1	S9-male-2
S1-female-1	0.0	0.664	0.9053333333333333	0.48133333333333334	0.5773333333333334	0.6386666666666667	0.828	0.404	0.5613333333333334	0.36133333333333334	0.7866666666666666	0.4053333333333333	0.5546666666666666	0.948	0.9106666666666666	0.9466666666666667	0.924	0.9093333333333333	0.8986666666666666	0.7533333333333333	0.7813333333333333	0.8106666666666666	0.796	0.8093333333333333	0.82	0.8746666666666667	0.964	0.7826666666666666	0.92	0.904	0.9133333333333333	0.9253333333333333	0.9533333333333334	0.9786666666666667	0.9666666666666667	0.9226666666666666	0.9346666666666666	0.9293333333333333	0.9346666666666666	0.9186666666666666	0.9293333333333333	0.9213333333333333	0.9506666666666667	0.912	0.9533333333333334	0.956	0.9306666666666666	0.9173333333333333	0.7253333333333334	0.788	0.7213333333333334	0.8426666666666667	0.7466666666666667	0.7613333333333333	0.7333333333333333	0.788	0.9066666666666666	0.8	0.8773333333333333	0.8866666666666667	0.8906666666666667	0.84	0.7866666666666666	0.9226666666666666	0.8773333333333333	0.8973333333333333	0.8426666666666667	0.8613333333333333	0.8653333333333333	0.9413333333333334	0.88	0.9666666666666667	0.8973333333333333	0.7813333333333333	0.9053333333333333	0.8693333333333333	0.772	0.9586666666666667	0.8746666666666667	0.9333333333333333	0.968	0.968	0.9293333333333333	0.6986666666666667	0.7546666666666667	0.9866666666666667	0.6653333333333333	0.6973333333333334	0.8533333333333334	0.7733333333333333	0.844	0.8	0.712	0.6653333333333333	0.616	0.7893333333333333	0.7253333333333334	0.7666666666666667	0.7013333333333334	0.6466666666666666	0.772	0.7693333333333333	0.836	0.6826666666666666	0.892	0.6493333333333333	0.8693333333333333	0.7053333333333334	0.8026666666666666	0.6933333333333334	0.7946666666666666	0.612	0.812	0.6066666666666667	0.7506666666666667	0.9413333333333334	0.9253333333333333	0.9293333333333333	0.9426666666666667	0.9346666666666666	0.9266666666666666	0.9133333333333333	0.94	0.9306666666666666	0.844	0.7666666666666667	0.7773333333333333	0.9013333333333333	0.9346666666666666	0.9653333333333334	0.9306666666666666	0.9066666666666666	0.9333333333333333	0.916	0.9253333333333333	0.8786666666666667	0.9333333333333333	0.788	0.8813333333333333	0.9253333333333333	0.9333333333333333	0.9413333333333334	0.9146666666666666	0.908	0.9226666666666666	0.912	0.9253333333333333	0.824	0.8213333333333334	0.8146666666666667	0.96	0.9466666666666667	0.956	0.932	0.8133333333333334	0.836	0.9266666666666666	0.928	0.82	0.8373333333333334	0.872	0.9413333333333334	0.9426666666666667	0.876	0.9266666666666666	0.9386666666666666	0.848	0.896	0.964	0.9146666666666666	0.936	0.9346666666666666	0.9306666666666666	0.94	0.9466666666666667	0.9266666666666666	0.94	0.8893333333333333	0.7786666666666666	0.608	0.6933333333333334	0.9	0.7786666666666666	0.38	0.8173333333333334	0.772	0.5893333333333334	0.8346666666666667	0.43066666666666664	0.696	0.688	0.7493333333333333	0.6453333333333333	0.48	0.7333333333333333	0.8893333333333333	0.6426666666666667	0.8213333333333334	0.492	0.644	0.9186666666666666	0.25866666666666666	0.7613333333333333	0.7533333333333333	0.6373333333333333	0.48133333333333334	0.7826666666666666	0.456	0.696	0.7493333333333333	0.208	0.7133333333333334	0.25466666666666665	0.6386666666666667
S1-female-2	0.664	0.0	0.9226666666666666	0.672	0.8573333333333333	0.3253333333333333	0.7853333333333333	0.664	0.496	0.8066666666666666	0.42	0.44666666666666666	0.8533333333333334	0.908	0.8666666666666667	0.8453333333333334	0.9066666666666666	0.9	0.864	0.536	0.7226666666666667	0.768	0.6826666666666666	0.6906666666666667	0.548	0.8693333333333333	0.9533333333333334	0.616	0.916	0.8866666666666667	0.88	0.9	0.9426666666666667	0.976	0.9746666666666667	0.9146666666666666	0.928	0.8946666666666667	0.924	0.8906666666666667	0.9053333333333333	0.848	0.8226666666666667	0.7906666666666666	0.868	0.8413333333333334	0.8426666666666667	0.8253333333333334	0.6893333333333334	0.732	0.7306666666666667	0.8293333333333334	0.7386666666666667	0.7453333333333333	0.576	0.7346666666666667	0.8053333333333333	0.7293333333333333	0.7746666666666666	0.88	0.904	0.8213333333333334	0.852	0.9173333333333333	0.8173333333333334	0.8333333333333334	0.792	0.8013333333333333	0.764	0.9133333333333333	0.8306666666666667	0.9693333333333334	0.8506666666666667	0.7013333333333334	0.8786666666666667	0.792	0.616	0.9506666666666667	0.8373333333333334	0.896	0.956	0.9706666666666667	0.8746666666666667	0.896	0.8653333333333333	0.9853333333333333	0.8653333333333333	0.7413333333333333	0.8106666666666666	0.7613333333333333	0.82	0.7866666666666666	0.748	0.7586666666666667	0.776	0.8666666666666667	0.8386666666666667	0.8213333333333334	0.8266666666666667	0.86	0.8266666666666667	0.8706666666666667	0.9	0.7973333333333333	0.8066666666666666	0.816	0.8213333333333334	0.796	0.784	0.8373333333333334	0.8333333333333334	0.864	0.8333333333333334	0.8746666666666667	0.6666666666666666	0.9253333333333333	0.8986666666666666	0.8866666666666667	0.924	0.8533333333333334	0.8706666666666667	0.7746666666666666	0.908	0.84	0.7986666666666666	0.5493333333333333	0.616	0.8773333333333333	0.908	0.9613333333333334	0.852	0.784	0.8693333333333333	0.8173333333333334	0.8813333333333333	0.7893333333333333	0.9	0.7213333333333334	0.8226666666666667	0.8213333333333334	0.9253333333333333	0.912	0.8693333333333333	0.8213333333333334	0.8173333333333334	0.8026666666666666	0.8853333333333333	0.7773333333333333	0.7746666666666666	0.8106666666666666	0.9333333333333333	0.9186666666666666	0.916	0.8986666666666666	0.708	0.7973333333333333	0.824	0.868	0.7693333333333333	0.8026666666666666	0.8773333333333333	0.8933333333333333	0.912	0.8333333333333334	0.844	0.9026666666666666	0.8053333333333333	0.8586666666666667	0.936	0.86	0.8093333333333333	0.8693333333333333	0.8893333333333333	0.9013333333333333	0.9333333333333333	0.8813333333333333	0.908	0.824	0.8586666666666667	0.7386666666666667	0.5413333333333333	0.8853333333333333	0.8146666666666667	0.8453333333333334	0.8306666666666667	0.5293333333333333	0.8386666666666667	0.7773333333333333	0.7786666666666666	0.6186666666666667	0.2946666666666667	0.3426666666666667	0.7053333333333334	0.7693333333333333	0.256	0.8226666666666667	0.38533333333333336	0.788	0.8293333333333334	0.444	0.8973333333333333	0.48533333333333334	0.5746666666666667	0.688	0.8573333333333333	0.45466666666666666	0.7653333333333333	0.7586666666666667	0.408	0.6093333333333333	0.784	0.7466666666666667	0.788	0.43866666666666665
S1-female-3	0.9053333333333333	0.9226666666666666	0.0	0.86	0.776	0.9293333333333333	0.7613333333333333	0.908	0.9346666666666666	0.8586666666666667	0.944	0.8773333333333333	0.8546666666666667	0.948	0.9	0.9013333333333333	0.9346666666666666	0.976	0.8813333333333333	0.9386666666666666	0.8973333333333333	0.96	0.9146666666666666	0.8653333333333333	0.9786666666666667	0.8466666666666667	0.9626666666666667	0.928	0.9746666666666667	0.9626666666666667	0.9386666666666666	0.9186666666666666	0.9626666666666667	0.964	0.9666666666666667	0.94	0.8186666666666667	0.816	0.7706666666666667	0.844	0.7893333333333333	0.7786666666666666	0.8986666666666666	0.9093333333333333	0.9453333333333334	0.904	0.948	0.9093333333333333	0.6826666666666666	0.848	0.836	0.7533333333333333	0.8106666666666666	0.7973333333333333	0.9	0.904	0.9026666666666666	0.9453333333333334	0.8813333333333333	0.8026666666666666	0.8266666666666667	0.856	0.812	0.8173333333333334	0.88	0.924	0.8573333333333333	0.7973333333333333	0.8653333333333333	0.8693333333333333	0.8826666666666667	0.9786666666666667	0.8906666666666667	0.8546666666666667	0.9546666666666667	0.7706666666666667	0.8	0.9653333333333334	0.9213333333333333	0.892	0.9853333333333333	0.968	0.9066666666666666	0.86	0.772	0.9626666666666667	0.7746666666666666	0.74	0.8146666666666667	0.7493333333333333	0.78	0.8986666666666666	0.7986666666666666	0.7853333333333333	0.784	0.8746666666666667	0.7933333333333333	0.7426666666666667	0.7613333333333333	0.8346666666666667	0.816	0.8213333333333334	0.9146666666666666	0.7746666666666666	0.82	0.84	0.812	0.66	0.7746666666666666	0.7346666666666667	0.7626666666666667	0.6706666666666666	0.668	0.6853333333333333	0.6893333333333334	0.72	0.696	0.708	0.7226666666666667	0.7133333333333334	0.7013333333333334	0.636	0.8266666666666667	0.6666666666666666	0.828	0.704	0.748	0.6453333333333333	0.6946666666666667	0.8653333333333333	0.7333333333333333	0.6746666666666666	0.7093333333333334	0.6973333333333334	0.756	0.704	0.7706666666666667	0.7106666666666667	0.6426666666666667	0.804	0.7173333333333334	0.848	0.7693333333333333	0.664	0.7626666666666667	0.6693333333333333	0.656	0.892	0.8146666666666667	0.9133333333333333	0.8	0.828	0.8413333333333334	0.8506666666666667	0.764	0.8466666666666667	0.7506666666666667	0.712	0.872	0.8773333333333333	0.7946666666666666	0.8906666666666667	0.7573333333333333	0.9213333333333333	0.7026666666666667	0.7653333333333333	0.7826666666666666	0.8413333333333334	0.9613333333333334	0.8733333333333333	0.7106666666666667	0.7146666666666667	0.8346666666666667	0.832	0.9293333333333333	0.7853333333333333	0.8546666666666667	0.7773333333333333	0.9173333333333333	0.5866666666666667	0.8466666666666667	0.7213333333333334	0.7906666666666666	0.8826666666666667	0.8933333333333333	0.9333333333333333	0.8173333333333334	0.8533333333333334	0.884	0.8573333333333333	0.8853333333333333	0.9173333333333333	0.684	0.8053333333333333	0.9266666666666666	0.6706666666666666	0.78	0.7506666666666667	0.5426666666666666	0.9306666666666666	0.7973333333333333	0.8693333333333333	0.9253333333333333	0.7426666666666667	0.908	0.92	0.78	0.7546666666666667	0.9093333333333333	0.86	0.8106666666666666	0.7413333333333333	0.8213333333333334	0.9333333333333333
S1-male-1	0.48133333333333334	0.672	0.86	0.0	0.536	0.6466666666666666	0.7626666666666667	0.496	0.6013333333333334	0.47733333333333333	0.8546666666666667	0.508	0.52	0.8826666666666667	0.776	0.7853333333333333	0.9026666666666666	0.9493333333333334	0.828	0.8546666666666667	0.7826666666666666	0.896	0.7066666666666667	0.6946666666666667	0.9306666666666666	0.844	0.9453333333333334	0.8586666666666667	0.92	0.9106666666666666	0.8786666666666667	0.8866666666666667	0.932	0.9466666666666667	0.9533333333333334	0.8933333333333333	0.896	0.8706666666666667	0.896	0.8533333333333334	0.8893333333333333	0.8093333333333333	0.696	0.6933333333333334	0.8546666666666667	0.736	0.7626666666666667	0.748	0.784	0.864	0.836	0.8786666666666667	0.756	0.8493333333333334	0.728	0.7733333333333333	0.6986666666666667	0.86	0.7053333333333334	0.8106666666666666	0.8546666666666667	0.8573333333333333	0.7986666666666666	0.8946666666666667	0.8626666666666667	0.8186666666666667	0.836	0.78	0.824	0.8813333333333333	0.8253333333333334	0.9666666666666667	0.8573333333333333	0.84	0.9293333333333333	0.8226666666666667	0.7586666666666667	0.9293333333333333	0.868	0.82	0.9506666666666667	0.9506666666666667	0.8973333333333333	0.828	0.6453333333333333	0.9826666666666667	0.7266666666666667	0.6346666666666667	0.6573333333333333	0.632	0.6586666666666666	0.652	0.6693333333333333	0.5866666666666667	0.6133333333333333	0.7813333333333333	0.732	0.684	0.6906666666666667	0.7666666666666667	0.7653333333333333	0.72	0.8386666666666667	0.5866666666666667	0.696	0.748	0.7333333333333333	0.7093333333333334	0.7146666666666667	0.7573333333333333	0.6773333333333333	0.7813333333333333	0.72	0.7586666666666667	0.6826666666666666	0.9146666666666666	0.8893333333333333	0.8773333333333333	0.924	0.8306666666666667	0.852	0.68	0.912	0.7946666666666666	0.8666666666666667	0.8293333333333334	0.8133333333333334	0.8373333333333334	0.8946666666666667	0.96	0.8493333333333334	0.7586666666666667	0.8146666666666667	0.7386666666666667	0.836	0.824	0.8893333333333333	0.8053333333333333	0.7746666666666666	0.8	0.912	0.8906666666666667	0.8573333333333333	0.776	0.7973333333333333	0.7333333333333333	0.8773333333333333	0.9333333333333333	0.8413333333333334	0.94	0.9293333333333333	0.9093333333333333	0.908	0.932	0.7653333333333333	0.916	0.8426666666666667	0.868	0.912	0.9413333333333334	0.9413333333333334	0.92	0.9026666666666666	0.9106666666666666	0.808	0.868	0.9026666666666666	0.8533333333333334	0.9653333333333334	0.8813333333333333	0.7613333333333333	0.8653333333333333	0.8653333333333333	0.8933333333333333	0.9333333333333333	0.7906666666666666	0.8586666666666667	0.8453333333333334	0.68	0.6733333333333333	0.62	0.852	0.7333333333333333	0.688	0.696	0.6106666666666667	0.54	0.7933333333333333	0.49066666666666664	0.444	0.672	0.7853333333333333	0.5853333333333334	0.5013333333333333	0.7186666666666667	0.8213333333333334	0.5853333333333334	0.7906666666666666	0.5706666666666667	0.7013333333333334	0.868	0.5173333333333333	0.78	0.6746666666666666	0.5253333333333333	0.37866666666666665	0.7346666666666667	0.444	0.7013333333333334	0.712	0.49333333333333335	0.6493333333333333	0.4493333333333333	0.672
S10-female-1	0.5773333333333334	0.8573333333333333	0.776	0.536	0.0	0.8533333333333334	0.696	0.5266666666666666	0.7626666666666667	0.47733333333333333	0.984	0.6813333333333333	0.49333333333333335	0.988	0.956	0.9893333333333333	0.9786666666666667	0.988	0.912	0.9386666666666666	0.9586666666666667	0.9706666666666667	0.9706666666666667	0.9586666666666667	0.9906666666666667	0.784	0.9853333333333333	0.9506666666666667	0.9906666666666667	0.9866666666666667	0.9826666666666667	0.9733333333333334	0.992	0.9826666666666667	0.9826666666666667	0.9866666666666667	0.82	0.812	0.796	0.812	0.8053333333333333	0.8013333333333333	0.9893333333333333	0.9426666666666667	0.9866666666666667	0.988	0.992	0.9653333333333334	0.748	0.824	0.76	0.848	0.7693333333333333	0.8066666666666666	0.9093333333333333	0.9133333333333333	0.9853333333333333	0.9786666666666667	0.9613333333333334	0.784	0.7906666666666666	0.804	0.7546666666666667	0.82	0.956	0.9906666666666667	0.9493333333333334	0.8426666666666667	0.9306666666666666	0.8946666666666667	0.94	0.9973333333333333	0.82	0.9573333333333334	0.9933333333333333	0.8266666666666667	0.9106666666666666	0.988	0.9653333333333334	0.9693333333333334	0.996	0.988	0.98	0.9173333333333333	0.9333333333333333	0.9933333333333333	0.9093333333333333	0.7573333333333333	0.884	0.72	0.8586666666666667	0.9026666666666666	0.8786666666666667	0.8186666666666667	0.8626666666666667	0.924	0.9066666666666666	0.844	0.872	0.9026666666666666	0.8973333333333333	0.8746666666666667	0.92	0.824	0.8826666666666667	0.8786666666666667	0.8746666666666667	0.812	0.8013333333333333	0.7573333333333333	0.7626666666666667	0.8546666666666667	0.8426666666666667	0.8746666666666667	0.896	0.848	0.816	0.828	0.916	0.8266666666666667	0.9213333333333333	0.7986666666666666	0.9493333333333334	0.888	0.8266666666666667	0.8906666666666667	0.8813333333333333	0.8293333333333334	0.8213333333333334	0.992	0.896	0.8533333333333334	0.888	0.9226666666666666	0.9573333333333334	0.852	0.9146666666666666	0.928	0.7946666666666666	0.9466666666666667	0.9226666666666666	0.896	0.8493333333333334	0.7946666666666666	0.8146666666666667	0.8813333333333333	0.8653333333333333	0.9946666666666667	0.992	0.9866666666666667	0.9986666666666667	0.9906666666666667	0.9946666666666667	0.9946666666666667	0.992	0.9933333333333333	0.9693333333333334	0.9546666666666667	0.9933333333333333	0.9973333333333333	0.9933333333333333	0.9973333333333333	0.9826666666666667	0.9853333333333333	0.96	0.9893333333333333	0.9853333333333333	0.9933333333333333	1.0	0.9813333333333333	0.972	0.9906666666666667	0.9533333333333334	0.9093333333333333	0.9773333333333334	0.972	0.9786666666666667	0.992	0.628	0.6973333333333334	0.76	0.744	0.6946666666666667	0.72	0.776	0.9693333333333334	0.444	0.8413333333333334	0.49733333333333335	0.7053333333333334	0.8973333333333333	0.9573333333333334	0.5853333333333334	0.46	0.9386666666666666	0.572	0.636	0.7453333333333333	0.5466666666666666	0.8533333333333334	0.836	0.6613333333333333	0.9253333333333333	0.6733333333333333	0.42	0.6586666666666666	0.6653333333333333	0.39866666666666667	0.9106666666666666	0.7986666666666666	0.5013333333333333	0.5973333333333334	0.42933333333333334	0.844
S10-female-2	0.6386666666666667	0.3253333333333333	0.9293333333333333	0.6466666666666666	0.8533333333333334	0.0	0.66	0.6426666666666667	0.492	0.8	0.5333333333333333	0.44666666666666666	0.8213333333333334	0.916	0.704	0.828	0.9	0.9	0.8546666666666667	0.624	0.7186666666666667	0.764	0.672	0.6893333333333334	0.7053333333333334	0.856	0.952	0.6093333333333333	0.9066666666666666	0.884	0.884	0.892	0.9493333333333334	0.9786666666666667	0.9586666666666667	0.9173333333333333	0.944	0.9146666666666666	0.948	0.9106666666666666	0.9253333333333333	0.88	0.8013333333333333	0.7453333333333333	0.7373333333333333	0.8213333333333334	0.6986666666666667	0.84	0.6866666666666666	0.7666666666666667	0.7106666666666667	0.8586666666666667	0.7333333333333333	0.7586666666666667	0.544	0.728	0.7933333333333333	0.7213333333333334	0.7746666666666666	0.872	0.8986666666666666	0.8386666666666667	0.8426666666666667	0.936	0.7133333333333334	0.836	0.768	0.8026666666666666	0.7466666666666667	0.9053333333333333	0.8346666666666667	0.968	0.776	0.5746666666666667	0.7866666666666666	0.6893333333333334	0.49733333333333335	0.9493333333333334	0.8506666666666667	0.8946666666666667	0.9546666666666667	0.9666666666666667	0.7386666666666667	0.8653333333333333	0.8106666666666666	0.9813333333333333	0.844	0.7213333333333334	0.7853333333333333	0.7373333333333333	0.792	0.7373333333333333	0.7106666666666667	0.728	0.7386666666666667	0.8373333333333334	0.7986666666666666	0.7946666666666666	0.8013333333333333	0.816	0.8146666666666667	0.8293333333333334	0.8573333333333333	0.7613333333333333	0.7813333333333333	0.804	0.8133333333333334	0.7786666666666666	0.7733333333333333	0.824	0.8146666666666667	0.8573333333333333	0.8253333333333334	0.86	0.708	0.9493333333333334	0.936	0.9173333333333333	0.9493333333333334	0.8733333333333333	0.9053333333333333	0.8213333333333334	0.944	0.768	0.824	0.6146666666666667	0.6253333333333333	0.8866666666666667	0.9306666666666666	0.9613333333333334	0.876	0.7906666666666666	0.9	0.848	0.9	0.824	0.9373333333333334	0.7466666666666667	0.852	0.8493333333333334	0.9493333333333334	0.936	0.8933333333333333	0.8586666666666667	0.8333333333333334	0.8186666666666667	0.912	0.7786666666666666	0.7813333333333333	0.8093333333333333	0.9306666666666666	0.932	0.928	0.9053333333333333	0.6826666666666666	0.768	0.6973333333333334	0.8946666666666667	0.732	0.6973333333333334	0.876	0.8733333333333333	0.9213333333333333	0.82	0.872	0.9066666666666666	0.7986666666666666	0.8626666666666667	0.9306666666666666	0.804	0.8093333333333333	0.8773333333333333	0.9173333333333333	0.9386666666666666	0.9386666666666666	0.9	0.9133333333333333	0.7866666666666666	0.896	0.6573333333333333	0.556	0.8866666666666667	0.836	0.8413333333333334	0.8666666666666667	0.508	0.8413333333333334	0.6533333333333333	0.7786666666666666	0.5053333333333333	0.4146666666666667	0.344	0.6706666666666666	0.768	0.3293333333333333	0.8386666666666667	0.444	0.752	0.828	0.4266666666666667	0.9253333333333333	0.4706666666666667	0.5693333333333334	0.7053333333333334	0.8893333333333333	0.43733333333333335	0.776	0.7666666666666667	0.412	0.6053333333333333	0.7733333333333333	0.6386666666666667	0.7786666666666666	0.432
S10-Female-3	0.828	0.7853333333333333	0.7613333333333333	0.7626666666666667	0.696	0.66	0.0	0.8346666666666667	0.7933333333333333	0.8133333333333334	0.8933333333333333	0.8093333333333333	0.8186666666666667	0.8453333333333334	0.6853333333333333	0.7706666666666667	0.9226666666666666	0.9493333333333334	0.8133333333333334	0.66	0.7666666666666667	0.8026666666666666	0.816	0.7453333333333333	0.9186666666666666	0.7013333333333334	0.924	0.8586666666666667	0.9373333333333334	0.9173333333333333	0.8573333333333333	0.8573333333333333	0.9333333333333333	0.9213333333333333	0.9373333333333334	0.876	0.772	0.74	0.7106666666666667	0.692	0.7133333333333334	0.648	0.7533333333333333	0.7466666666666667	0.5773333333333334	0.8506666666666667	0.7266666666666667	0.8453333333333334	0.6626666666666666	0.7053333333333334	0.712	0.7733333333333333	0.6813333333333333	0.6946666666666667	0.6626666666666666	0.6493333333333333	0.852	0.7373333333333333	0.8013333333333333	0.716	0.7226666666666667	0.7266666666666667	0.6986666666666667	0.7733333333333333	0.6626666666666666	0.8746666666666667	0.7826666666666666	0.6946666666666667	0.5946666666666667	0.8386666666666667	0.8106666666666666	0.9453333333333334	0.5786666666666667	0.696	0.792	0.568	0.6453333333333333	0.9226666666666666	0.764	0.728	0.9613333333333334	0.9533333333333334	0.7333333333333333	0.8946666666666667	0.924	0.9666666666666667	0.892	0.7666666666666667	0.848	0.708	0.8346666666666667	0.8773333333333333	0.8186666666666667	0.7933333333333333	0.816	0.9066666666666666	0.896	0.8293333333333334	0.872	0.8866666666666667	0.8733333333333333	0.8586666666666667	0.92	0.8066666666666666	0.8453333333333334	0.8706666666666667	0.8386666666666667	0.7866666666666666	0.7813333333333333	0.7026666666666667	0.6746666666666666	0.8493333333333334	0.836	0.872	0.8826666666666667	0.8	0.7253333333333334	0.7253333333333334	0.8773333333333333	0.7346666666666667	0.864	0.6826666666666666	0.892	0.68	0.728	0.7893333333333333	0.7693333333333333	0.7386666666666667	0.7053333333333334	0.94	0.8146666666666667	0.7653333333333333	0.824	0.836	0.904	0.7226666666666667	0.8306666666666667	0.8346666666666667	0.6573333333333333	0.8306666666666667	0.8586666666666667	0.812	0.7253333333333334	0.6853333333333333	0.7066666666666667	0.7666666666666667	0.772	0.8786666666666667	0.884	0.9106666666666666	0.908	0.896	0.908	0.876	0.8426666666666667	0.8226666666666667	0.7186666666666667	0.8506666666666667	0.8226666666666667	0.784	0.9106666666666666	0.8653333333333333	0.8973333333333333	0.8506666666666667	0.8733333333333333	0.9106666666666666	0.848	0.8986666666666666	0.896	0.7906666666666666	0.8506666666666667	0.864	0.78	0.824	0.9266666666666666	0.8933333333333333	0.9093333333333333	0.8373333333333334	0.732	0.5946666666666667	0.676	0.776	0.524	0.8506666666666667	0.8146666666666667	0.896	0.7066666666666667	0.4093333333333333	0.8333333333333334	0.7813333333333333	0.8186666666666667	0.7666666666666667	0.4493333333333333	0.824	0.7466666666666667	0.54	0.5866666666666667	0.31733333333333336	0.7493333333333333	0.7626666666666667	0.5986666666666667	0.8493333333333334	0.82	0.47333333333333333	0.728	0.7826666666666666	0.428	0.636	0.7346666666666667	0.5186666666666667	0.8173333333333334	0.384	0.752	0.7186666666666667
S10-male-1	0.404	0.664	0.908	0.496	0.5266666666666666	0.6426666666666667	0.8346666666666667	0.0	0.5573333333333333	0.24266666666666667	0.8386666666666667	0.4226666666666667	0.33066666666666666	0.948	0.9013333333333333	0.9386666666666666	0.9333333333333333	0.928	0.9	0.8693333333333333	0.896	0.9106666666666666	0.8946666666666667	0.8893333333333333	0.916	0.896	0.952	0.8093333333333333	0.9173333333333333	0.9	0.912	0.9186666666666666	0.96	0.9746666666666667	0.9693333333333334	0.9266666666666666	0.968	0.9613333333333334	0.9653333333333334	0.948	0.9546666666666667	0.9493333333333334	0.9506666666666667	0.9146666666666666	0.9466666666666667	0.948	0.9346666666666666	0.9266666666666666	0.8493333333333334	0.9066666666666666	0.8386666666666667	0.9026666666666666	0.8586666666666667	0.8893333333333333	0.8466666666666667	0.8706666666666667	0.9133333333333333	0.8973333333333333	0.9	0.8933333333333333	0.9106666666666666	0.8906666666666667	0.82	0.944	0.8866666666666667	0.8853333333333333	0.8693333333333333	0.8746666666666667	0.8293333333333334	0.9346666666666666	0.8773333333333333	0.9706666666666667	0.9226666666666666	0.8973333333333333	0.9146666666666666	0.8986666666666666	0.8786666666666667	0.9653333333333334	0.8893333333333333	0.944	0.9786666666666667	0.9666666666666667	0.9306666666666666	0.8053333333333333	0.8186666666666667	0.984	0.8106666666666666	0.72	0.868	0.7946666666666666	0.8626666666666667	0.7813333333333333	0.7293333333333333	0.7373333333333333	0.7533333333333333	0.8093333333333333	0.7893333333333333	0.7973333333333333	0.804	0.784	0.7786666666666666	0.8186666666666667	0.8293333333333334	0.7986666666666666	0.9186666666666666	0.7973333333333333	0.892	0.712	0.7986666666666666	0.7706666666666667	0.8226666666666667	0.8013333333333333	0.8293333333333334	0.7933333333333333	0.66	0.968	0.9466666666666667	0.96	0.968	0.9573333333333334	0.952	0.9466666666666667	0.9586666666666667	0.944	0.9213333333333333	0.8586666666666667	0.8893333333333333	0.9346666666666666	0.964	0.9613333333333334	0.9573333333333334	0.928	0.9626666666666667	0.932	0.9626666666666667	0.8946666666666667	0.9573333333333334	0.9066666666666666	0.904	0.952	0.9613333333333334	0.9706666666666667	0.9506666666666667	0.9333333333333333	0.948	0.952	0.9346666666666666	0.908	0.9013333333333333	0.9173333333333333	0.956	0.9466666666666667	0.9586666666666667	0.924	0.8986666666666666	0.9026666666666666	0.9493333333333334	0.948	0.904	0.9146666666666666	0.9213333333333333	0.956	0.9493333333333334	0.8986666666666666	0.9506666666666667	0.9586666666666667	0.9066666666666666	0.9093333333333333	0.956	0.9253333333333333	0.9453333333333334	0.936	0.956	0.9506666666666667	0.96	0.952	0.9506666666666667	0.908	0.796	0.6106666666666667	0.8293333333333334	0.9053333333333333	0.7986666666666666	0.6173333333333333	0.8306666666666667	0.8133333333333334	0.38133333333333336	0.8346666666666667	0.21466666666666667	0.668	0.7093333333333334	0.7293333333333333	0.6146666666666667	0.316	0.752	0.8826666666666667	0.732	0.8386666666666667	0.528	0.6306666666666667	0.9293333333333333	0.43733333333333335	0.6933333333333334	0.656	0.5893333333333334	0.5453333333333333	0.7973333333333333	0.4573333333333333	0.6826666666666666	0.6346666666666667	0.35733333333333334	0.7333333333333333	0.37733333333333335	0.676
S10-male-2-	0.5613333333333334	0.496	0.9346666666666666	0.6013333333333334	0.7626666666666667	0.492	0.7933333333333333	0.5573333333333333	0.0	0.72	0.6973333333333334	0.432	0.7386666666666667	0.8333333333333334	0.8546666666666667	0.8293333333333334	0.8226666666666667	0.8813333333333333	0.872	0.656	0.772	0.756	0.692	0.772	0.788	0.8613333333333333	0.9466666666666667	0.6653333333333333	0.9173333333333333	0.8733333333333333	0.844	0.828	0.9506666666666667	0.9773333333333334	0.9733333333333334	0.9173333333333333	0.8453333333333334	0.8333333333333334	0.844	0.824	0.8453333333333334	0.8066666666666666	0.8306666666666667	0.7773333333333333	0.8266666666666667	0.824	0.836	0.792	0.7466666666666667	0.7146666666666667	0.7653333333333333	0.8066666666666666	0.76	0.68	0.672	0.676	0.872	0.7106666666666667	0.832	0.8426666666666667	0.8906666666666667	0.7546666666666667	0.78	0.8906666666666667	0.756	0.816	0.7826666666666666	0.788	0.7666666666666667	0.92	0.8506666666666667	0.936	0.7826666666666666	0.7213333333333334	0.8373333333333334	0.7866666666666666	0.6426666666666667	0.948	0.7693333333333333	0.928	0.96	0.9746666666666667	0.8253333333333334	0.9293333333333333	0.9533333333333334	0.9906666666666667	0.9293333333333333	0.8306666666666667	0.9026666666666666	0.8533333333333334	0.916	0.8666666666666667	0.8346666666666667	0.856	0.8373333333333334	0.944	0.9106666666666666	0.9106666666666666	0.92	0.912	0.8933333333333333	0.932	0.916	0.8946666666666667	0.8973333333333333	0.9026666666666666	0.9	0.8146666666666667	0.8426666666666667	0.8733333333333333	0.8906666666666667	0.9026666666666666	0.9146666666666666	0.9146666666666666	0.7786666666666666	0.912	0.8226666666666667	0.824	0.836	0.8853333333333333	0.86	0.888	0.832	0.8733333333333333	0.7306666666666667	0.6866666666666666	0.6333333333333333	0.88	0.9066666666666666	0.9226666666666666	0.808	0.78	0.8226666666666667	0.88	0.812	0.7573333333333333	0.8693333333333333	0.6746666666666666	0.7786666666666666	0.816	0.8906666666666667	0.892	0.8866666666666667	0.86	0.8066666666666666	0.8093333333333333	0.8093333333333333	0.7493333333333333	0.7186666666666667	0.7173333333333334	0.8453333333333334	0.8373333333333334	0.8453333333333334	0.8946666666666667	0.7506666666666667	0.7213333333333334	0.8253333333333334	0.8026666666666666	0.7066666666666667	0.7253333333333334	0.852	0.8293333333333334	0.9106666666666666	0.7653333333333333	0.812	0.848	0.824	0.8	0.8573333333333333	0.8666666666666667	0.8506666666666667	0.8226666666666667	0.8213333333333334	0.8826666666666667	0.8386666666666667	0.824	0.84	0.8213333333333334	0.716	0.7333333333333333	0.6706666666666666	0.7466666666666667	0.76	0.768	0.7453333333333333	0.6973333333333334	0.7106666666666667	0.7866666666666666	0.7	0.592	0.5906666666666667	0.5906666666666667	0.6226666666666667	0.684	0.5933333333333334	0.8413333333333334	0.5813333333333334	0.788	0.7413333333333333	0.4013333333333333	0.9093333333333333	0.5266666666666666	0.588	0.58	0.6946666666666667	0.39066666666666666	0.7453333333333333	0.7013333333333334	0.552	0.596	0.6866666666666666	0.696	0.6973333333333334	0.468
S2-female-1	0.36133333333333334	0.8066666666666666	0.8586666666666667	0.47733333333333333	0.47733333333333333	0.8	0.8133333333333334	0.24266666666666667	0.72	0.0	0.9453333333333334	0.5613333333333334	0.2826666666666667	0.9413333333333334	0.9106666666666666	0.9266666666666666	0.968	0.9733333333333334	0.924	0.8866666666666667	0.892	0.9413333333333334	0.9053333333333333	0.896	0.9626666666666667	0.8693333333333333	0.9626666666666667	0.9466666666666667	0.968	0.964	0.924	0.9106666666666666	0.9626666666666667	0.9613333333333334	0.9693333333333334	0.92	0.92	0.9173333333333333	0.9213333333333333	0.904	0.9253333333333333	0.8973333333333333	0.9253333333333333	0.8866666666666667	0.94	0.9253333333333333	0.9426666666666667	0.8973333333333333	0.8213333333333334	0.8933333333333333	0.836	0.8893333333333333	0.836	0.864	0.856	0.9093333333333333	0.9093333333333333	0.9333333333333333	0.9026666666666666	0.8573333333333333	0.8773333333333333	0.8813333333333333	0.7933333333333333	0.8933333333333333	0.9146666666666666	0.9253333333333333	0.9	0.896	0.9093333333333333	0.94	0.9293333333333333	0.9786666666666667	0.8986666666666666	0.9013333333333333	0.964	0.8773333333333333	0.8826666666666667	0.9546666666666667	0.9013333333333333	0.9093333333333333	0.9773333333333334	0.9613333333333334	0.9413333333333334	0.708	0.7386666666666667	0.9826666666666667	0.68	0.6613333333333333	0.824	0.736	0.804	0.8173333333333334	0.7053333333333334	0.644	0.6253333333333333	0.7893333333333333	0.7493333333333333	0.7386666666666667	0.6693333333333333	0.6973333333333334	0.7786666666666666	0.7626666666666667	0.8586666666666667	0.652	0.86	0.6533333333333333	0.8293333333333334	0.6866666666666666	0.7826666666666666	0.672	0.7813333333333333	0.6573333333333333	0.7706666666666667	0.664	0.7373333333333333	0.9253333333333333	0.8853333333333333	0.9133333333333333	0.9213333333333333	0.9226666666666666	0.9026666666666666	0.8746666666666667	0.9226666666666666	0.892	0.916	0.904	0.896	0.9093333333333333	0.9133333333333333	0.968	0.9266666666666666	0.8946666666666667	0.9186666666666666	0.8813333333333333	0.932	0.884	0.892	0.9066666666666666	0.8453333333333334	0.904	0.9066666666666666	0.9106666666666666	0.896	0.864	0.9	0.8866666666666667	0.9173333333333333	0.952	0.9386666666666666	0.9586666666666667	0.9706666666666667	0.9386666666666666	0.9493333333333334	0.9533333333333334	0.9386666666666666	0.9266666666666666	0.9346666666666666	0.908	0.9493333333333334	0.9626666666666667	0.9586666666666667	0.9666666666666667	0.9346666666666666	0.94	0.9066666666666666	0.9466666666666667	0.9533333333333334	0.9506666666666667	0.9746666666666667	0.9386666666666666	0.9186666666666666	0.9386666666666666	0.9173333333333333	0.888	0.9506666666666667	0.92	0.9386666666666666	0.9493333333333334	0.748	0.5893333333333334	0.8093333333333333	0.8733333333333333	0.752	0.5133333333333333	0.7786666666666666	0.896	0.3506666666666667	0.7946666666666666	0.17066666666666666	0.644	0.828	0.908	0.6106666666666667	0.31733333333333336	0.8626666666666667	0.8186666666666667	0.74	0.84	0.444	0.772	0.8693333333333333	0.41333333333333333	0.856	0.6973333333333334	0.54	0.5933333333333334	0.724	0.4106666666666667	0.8346666666666667	0.7546666666666667	0.30266666666666664	0.672	0.18266666666666667	0.7506666666666667
S2-female-2	0.7866666666666666	0.42	0.944	0.8546666666666667	0.984	0.5333333333333333	0.8933333333333333	0.8386666666666667	0.6973333333333334	0.9453333333333334	0.0	0.6693333333333333	0.9626666666666667	0.94	0.9146666666666666	0.908	0.916	0.9093333333333333	0.904	0.6226666666666667	0.76	0.796	0.7573333333333333	0.7653333333333333	0.3293333333333333	0.9346666666666666	0.9666666666666667	0.6826666666666666	0.9266666666666666	0.8973333333333333	0.8946666666666667	0.9373333333333334	0.9533333333333334	0.976	0.988	0.924	0.9746666666666667	0.956	0.9666666666666667	0.944	0.9586666666666667	0.92	0.908	0.8946666666666667	0.908	0.888	0.9013333333333333	0.8706666666666667	0.7573333333333333	0.7933333333333333	0.78	0.884	0.7933333333333333	0.8026666666666666	0.6773333333333333	0.7813333333333333	0.8706666666666667	0.7733333333333333	0.8426666666666667	0.9253333333333333	0.9533333333333334	0.8693333333333333	0.8906666666666667	0.972	0.86	0.8493333333333334	0.8386666666666667	0.84	0.808	0.9346666666666666	0.8186666666666667	0.9693333333333334	0.9266666666666666	0.768	0.8986666666666666	0.8733333333333333	0.7173333333333334	0.952	0.9	0.9	0.964	0.976	0.9306666666666666	0.9226666666666666	0.9	0.992	0.9093333333333333	0.912	0.8813333333333333	0.9093333333333333	0.904	0.8626666666666667	0.8626666666666667	0.828	0.8746666666666667	0.916	0.904	0.9186666666666666	0.9093333333333333	0.9333333333333333	0.9146666666666666	0.9586666666666667	0.9213333333333333	0.888	0.9026666666666666	0.9093333333333333	0.8906666666666667	0.8266666666666667	0.8306666666666667	0.868	0.88	0.9266666666666666	0.9	0.912	0.8346666666666667	0.9626666666666667	0.952	0.9306666666666666	0.968	0.908	0.9186666666666666	0.8986666666666666	0.9573333333333334	0.9186666666666666	0.8373333333333334	0.6013333333333334	0.692	0.9226666666666666	0.9453333333333334	0.9733333333333334	0.9133333333333333	0.904	0.9093333333333333	0.8986666666666666	0.916	0.868	0.9493333333333334	0.7786666666666666	0.8813333333333333	0.9	0.968	0.9573333333333334	0.928	0.896	0.9066666666666666	0.896	0.928	0.8173333333333334	0.7973333333333333	0.828	0.956	0.9413333333333334	0.932	0.9346666666666666	0.7813333333333333	0.84	0.9066666666666666	0.932	0.808	0.8426666666666667	0.888	0.9386666666666666	0.944	0.8866666666666667	0.904	0.9186666666666666	0.8546666666666667	0.8706666666666667	0.9706666666666667	0.9106666666666666	0.9053333333333333	0.9146666666666666	0.9333333333333333	0.9586666666666667	0.9586666666666667	0.9093333333333333	0.928	0.856	0.9853333333333333	0.9026666666666666	0.6946666666666667	0.968	0.9386666666666666	0.9666666666666667	0.9586666666666667	0.5773333333333334	0.9373333333333334	0.9133333333333333	0.9186666666666666	0.7613333333333333	0.44	0.46266666666666667	0.868	0.912	0.356	0.9293333333333333	0.5173333333333333	0.8733333333333333	0.9586666666666667	0.62	0.952	0.6173333333333333	0.712	0.8853333333333333	0.9853333333333333	0.656	0.9146666666666666	0.916	0.652	0.8266666666666667	0.912	0.9213333333333333	0.924	0.5786666666666667
S2-male-1	0.4053333333333333	0.44666666666666666	0.8773333333333333	0.508	0.6813333333333333	0.44666666666666666	0.8093333333333333	0.4226666666666667	0.432	0.5613333333333334	0.6693333333333333	0.0	0.6533333333333333	0.9133333333333333	0.872	0.8733333333333333	0.9053333333333333	0.896	0.8453333333333334	0.712	0.7306666666666667	0.7826666666666666	0.7066666666666667	0.72	0.7773333333333333	0.8253333333333334	0.9493333333333334	0.656	0.9053333333333333	0.8813333333333333	0.8786666666666667	0.8986666666666666	0.94	0.9573333333333334	0.9626666666666667	0.908	0.9173333333333333	0.8893333333333333	0.9186666666666666	0.876	0.9093333333333333	0.8506666666666667	0.8493333333333334	0.8106666666666666	0.9053333333333333	0.8773333333333333	0.8746666666666667	0.852	0.676	0.7506666666666667	0.684	0.8266666666666667	0.704	0.736	0.6586666666666666	0.7666666666666667	0.8306666666666667	0.768	0.7906666666666666	0.836	0.8546666666666667	0.784	0.7573333333333333	0.888	0.8466666666666667	0.8386666666666667	0.7946666666666666	0.8346666666666667	0.784	0.9026666666666666	0.8213333333333334	0.9586666666666667	0.8533333333333334	0.736	0.884	0.8266666666666667	0.6266666666666667	0.944	0.86	0.9013333333333333	0.9493333333333334	0.9453333333333334	0.9026666666666666	0.7453333333333333	0.756	0.9653333333333334	0.736	0.6	0.752	0.6746666666666666	0.752	0.6586666666666666	0.616	0.64	0.6626666666666666	0.72	0.6933333333333334	0.676	0.696	0.6786666666666666	0.652	0.6933333333333334	0.7546666666666667	0.6573333333333333	0.776	0.7093333333333334	0.7706666666666667	0.66	0.6813333333333333	0.6893333333333334	0.7053333333333334	0.7213333333333334	0.7386666666666667	0.756	0.5546666666666666	0.9133333333333333	0.9026666666666666	0.8746666666666667	0.924	0.86	0.892	0.8213333333333334	0.9173333333333333	0.864	0.7946666666666666	0.6533333333333333	0.724	0.86	0.8813333333333333	0.96	0.856	0.828	0.876	0.8213333333333334	0.8826666666666667	0.8373333333333334	0.908	0.7546666666666667	0.8413333333333334	0.8186666666666667	0.9213333333333333	0.8973333333333333	0.8613333333333333	0.8466666666666667	0.836	0.8186666666666667	0.88	0.7866666666666666	0.772	0.7946666666666666	0.9146666666666666	0.916	0.9146666666666666	0.9186666666666666	0.7306666666666667	0.8146666666666667	0.8666666666666667	0.8946666666666667	0.7826666666666666	0.8173333333333334	0.8546666666666667	0.908	0.908	0.8386666666666667	0.84	0.88	0.8133333333333334	0.8333333333333334	0.9453333333333334	0.872	0.852	0.8826666666666667	0.872	0.9106666666666666	0.9333333333333333	0.8613333333333333	0.888	0.828	0.768	0.612	0.5986666666666667	0.8853333333333333	0.7733333333333333	0.62	0.8053333333333333	0.5666666666666667	0.684	0.8146666666666667	0.5413333333333333	0.552	0.5293333333333333	0.544	0.6093333333333333	0.5666666666666667	0.5586666666666666	0.8653333333333333	0.5026666666666667	0.8173333333333334	0.576	0.488	0.904	0.30933333333333335	0.6053333333333333	0.6373333333333333	0.7386666666666667	0.42933333333333334	0.7493333333333333	0.48933333333333334	0.5	0.6306666666666667	0.5226666666666666	0.7	0.5413333333333333	0.5266666666666666
S2-male-2	0.5546666666666666	0.8533333333333334	0.8546666666666667	0.52	0.49333333333333335	0.8213333333333334	0.8186666666666667	0.33066666666666666	0.7386666666666667	0.2826666666666667	0.9626666666666667	0.6533333333333333	0.0	0.964	0.9266666666666666	0.9693333333333334	0.9773333333333334	0.984	0.94	0.9226666666666666	0.9386666666666666	0.968	0.9506666666666667	0.9453333333333334	0.9773333333333334	0.9133333333333333	0.972	0.9533333333333334	0.98	0.9733333333333334	0.9626666666666667	0.9573333333333334	0.9706666666666667	0.964	0.9786666666666667	0.9666666666666667	0.9453333333333334	0.9493333333333334	0.9493333333333334	0.936	0.9466666666666667	0.924	0.9706666666666667	0.92	0.9653333333333334	0.9626666666666667	0.968	0.9426666666666667	0.8733333333333333	0.9493333333333334	0.8866666666666667	0.9493333333333334	0.8893333333333333	0.9253333333333333	0.9	0.9266666666666666	0.9693333333333334	0.956	0.948	0.9066666666666666	0.9226666666666666	0.936	0.884	0.9426666666666667	0.956	0.9653333333333334	0.9373333333333334	0.94	0.948	0.9426666666666667	0.9506666666666667	0.9893333333333333	0.9466666666666667	0.9426666666666667	0.9826666666666667	0.9306666666666666	0.912	0.9706666666666667	0.9453333333333334	0.9466666666666667	0.9866666666666667	0.9706666666666667	0.9453333333333334	0.8826666666666667	0.9106666666666666	0.9786666666666667	0.8826666666666667	0.804	0.8786666666666667	0.8266666666666667	0.8893333333333333	0.8746666666666667	0.8333333333333334	0.88	0.852	0.896	0.872	0.8773333333333333	0.8826666666666667	0.868	0.8786666666666667	0.888	0.8946666666666667	0.8746666666666667	0.908	0.888	0.884	0.86	0.88	0.872	0.876	0.8773333333333333	0.8906666666666667	0.8853333333333333	0.884	0.9653333333333334	0.9453333333333334	0.9546666666666667	0.9626666666666667	0.9546666666666667	0.9493333333333334	0.92	0.96	0.9466666666666667	0.968	0.948	0.9506666666666667	0.9266666666666666	0.94	0.9733333333333334	0.9546666666666667	0.9186666666666666	0.9546666666666667	0.9373333333333334	0.9533333333333334	0.9426666666666667	0.9493333333333334	0.956	0.908	0.952	0.9573333333333334	0.9546666666666667	0.9466666666666667	0.9173333333333333	0.94	0.94	0.9346666666666666	0.9733333333333334	0.9746666666666667	0.98	0.9786666666666667	0.972	0.9773333333333334	0.98	0.9733333333333334	0.9653333333333334	0.952	0.948	0.9746666666666667	0.9893333333333333	0.9786666666666667	0.9773333333333334	0.9653333333333334	0.968	0.9573333333333334	0.9653333333333334	0.9773333333333334	0.976	0.9973333333333333	0.964	0.9533333333333334	0.96	0.948	0.9586666666666667	0.9693333333333334	0.9493333333333334	0.9546666666666667	0.9733333333333334	0.7746666666666666	0.6826666666666666	0.8853333333333333	0.8586666666666667	0.768	0.6693333333333333	0.8186666666666667	0.9373333333333334	0.31066666666666665	0.816	0.24666666666666667	0.72	0.8706666666666667	0.924	0.6213333333333333	0.36933333333333335	0.904	0.8693333333333333	0.8026666666666666	0.8466666666666667	0.572	0.74	0.892	0.6386666666666667	0.872	0.696	0.5586666666666666	0.6493333333333333	0.8	0.5026666666666667	0.86	0.764	0.47733333333333333	0.7146666666666667	0.444	0.784
S2014F_E2-2-A-F	0.948	0.908	0.948	0.8826666666666667	0.988	0.916	0.8453333333333334	0.948	0.8333333333333334	0.9413333333333334	0.94	0.9133333333333333	0.964	0.0	0.7333333333333333	0.64	0.7226666666666667	0.9386666666666666	0.7693333333333333	0.7506666666666667	0.8066666666666666	0.3426666666666667	0.7373333333333333	0.768	0.8946666666666667	0.39466666666666667	0.9346666666666666	0.8826666666666667	0.9386666666666666	0.8893333333333333	0.7986666666666666	0.7013333333333334	0.9146666666666666	0.924	0.9346666666666666	0.872	0.29733333333333334	0.324	0.4746666666666667	0.692	0.384	0.6866666666666666	0.7026666666666667	0.6053333333333333	0.532	0.5973333333333334	0.7586666666666667	0.644	0.884	0.7826666666666666	0.8746666666666667	0.4653333333333333	0.872	0.6906666666666667	0.78	0.7373333333333333	0.8453333333333334	0.37866666666666665	0.8146666666666667	0.8186666666666667	0.5173333333333333	0.788	0.6973333333333334	0.3933333333333333	0.6426666666666667	0.4746666666666667	0.8	0.7573333333333333	0.76	0.88	0.8213333333333334	0.824	0.44533333333333336	0.8226666666666667	0.58	0.8266666666666667	0.7026666666666667	0.9066666666666666	0.68	0.8053333333333333	0.9293333333333333	0.916	0.7546666666666667	0.6626666666666666	0.888	0.972	0.9	0.892	0.904	0.896	0.864	0.8706666666666667	0.88	0.8933333333333333	0.9053333333333333	0.508	0.912	0.8573333333333333	0.9013333333333333	0.9253333333333333	0.908	0.9306666666666666	0.936	0.8866666666666667	0.8986666666666666	0.9053333333333333	0.8373333333333334	0.9186666666666666	0.9	0.9106666666666666	0.9053333333333333	0.9066666666666666	0.912	0.904	0.9053333333333333	0.868	0.732	0.5746666666666667	0.48133333333333334	0.7506666666666667	0.728	0.8866666666666667	0.30666666666666664	0.7933333333333333	0.64	0.8626666666666667	0.7173333333333334	0.8413333333333334	0.8933333333333333	0.8386666666666667	0.704	0.5733333333333334	0.7013333333333334	0.8466666666666667	0.708	0.7093333333333334	0.8106666666666666	0.6586666666666666	0.6133333333333333	0.6	0.43733333333333335	0.392	0.7946666666666666	0.696	0.7693333333333333	0.7946666666666666	0.7933333333333333	0.572	0.6733333333333333	0.848	0.42933333333333334	0.7053333333333334	0.7426666666666667	0.848	0.8253333333333334	0.7586666666666667	0.752	0.6573333333333333	0.7466666666666667	0.708	0.904	0.556	0.8506666666666667	0.7106666666666667	0.724	0.6626666666666666	0.844	0.7013333333333334	0.856	0.7866666666666666	0.788	0.6946666666666667	0.7346666666666667	0.8066666666666666	0.35333333333333333	0.6666666666666666	0.7693333333333333	0.8	0.9946666666666667	0.9373333333333334	0.9066666666666666	0.9426666666666667	0.8973333333333333	0.9573333333333334	0.9626666666666667	0.9053333333333333	0.9706666666666667	0.8853333333333333	0.9493333333333334	0.908	0.9133333333333333	0.9026666666666666	0.8626666666666667	0.964	0.8693333333333333	0.904	0.92	0.8626666666666667	0.96	0.888	0.9093333333333333	0.9186666666666666	0.9	0.864	0.9866666666666667	0.908	0.876	0.924	0.8786666666666667	0.816	0.9586666666666667	0.8853333333333333	0.9213333333333333	0.8746666666666667
S2014F_E2-2-B-F	0.9106666666666666	0.8666666666666667	0.9	0.776	0.956	0.704	0.6853333333333333	0.9013333333333333	0.8546666666666667	0.9106666666666666	0.9146666666666666	0.872	0.9266666666666666	0.7333333333333333	0.0	0.5986666666666667	0.824	0.9173333333333333	0.768	0.756	0.7706666666666667	0.8373333333333334	0.6413333333333333	0.6213333333333333	0.8813333333333333	0.8106666666666666	0.932	0.848	0.92	0.92	0.7866666666666666	0.7293333333333333	0.9093333333333333	0.92	0.9053333333333333	0.8626666666666667	0.8666666666666667	0.8626666666666667	0.872	0.8066666666666666	0.844	0.7773333333333333	0.5893333333333334	0.548	0.504	0.656	0.5186666666666667	0.6653333333333333	0.848	0.844	0.852	0.8826666666666667	0.7746666666666666	0.8133333333333334	0.6186666666666667	0.668	0.7466666666666667	0.7293333333333333	0.6986666666666667	0.776	0.8426666666666667	0.836	0.808	0.8466666666666667	0.6266666666666667	0.764	0.736	0.692	0.696	0.86	0.824	0.904	0.7066666666666667	0.5986666666666667	0.7586666666666667	0.6066666666666667	0.5746666666666667	0.904	0.768	0.7373333333333333	0.9266666666666666	0.9173333333333333	0.5706666666666667	0.8346666666666667	0.7906666666666666	0.964	0.748	0.8133333333333334	0.796	0.82	0.7986666666666666	0.82	0.7893333333333333	0.7413333333333333	0.8066666666666666	0.828	0.808	0.8013333333333333	0.8066666666666666	0.8653333333333333	0.856	0.8693333333333333	0.884	0.7506666666666667	0.8186666666666667	0.7906666666666666	0.8226666666666667	0.788	0.7973333333333333	0.8186666666666667	0.756	0.8533333333333334	0.7946666666666666	0.7946666666666666	0.756	0.884	0.848	0.816	0.868	0.82	0.788	0.7693333333333333	0.8546666666666667	0.6226666666666667	0.836	0.8453333333333334	0.7546666666666667	0.8333333333333334	0.8866666666666667	0.8866666666666667	0.8106666666666666	0.7746666666666666	0.7573333333333333	0.748	0.7773333333333333	0.76	0.828	0.748	0.7586666666666667	0.7586666666666667	0.8626666666666667	0.856	0.8413333333333334	0.812	0.8253333333333334	0.7266666666666667	0.8266666666666667	0.8293333333333334	0.7626666666666667	0.8693333333333333	0.8186666666666667	0.8133333333333334	0.8186666666666667	0.864	0.7693333333333333	0.776	0.5973333333333334	0.8013333333333333	0.7626666666666667	0.7253333333333334	0.8946666666666667	0.7746666666666666	0.848	0.784	0.7546666666666667	0.76	0.8453333333333334	0.7746666666666666	0.852	0.7533333333333333	0.6826666666666666	0.7506666666666667	0.7653333333333333	0.852	0.8533333333333334	0.7	0.796	0.7106666666666667	0.9906666666666667	0.7893333333333333	0.8	0.9306666666666666	0.8973333333333333	0.9226666666666666	0.9573333333333334	0.8066666666666666	0.936	0.6706666666666666	0.9106666666666666	0.7906666666666666	0.8266666666666667	0.808	0.7853333333333333	0.928	0.7493333333333333	0.8746666666666667	0.848	0.7693333333333333	0.908	0.8506666666666667	0.9146666666666666	0.8773333333333333	0.8506666666666667	0.836	0.976	0.8626666666666667	0.8813333333333333	0.8866666666666667	0.7933333333333333	0.812	0.9213333333333333	0.652	0.8866666666666667	0.8546666666666667
S2014F_E2-2-C-F	0.9466666666666667	0.8453333333333334	0.9013333333333333	0.7853333333333333	0.9893333333333333	0.828	0.7706666666666667	0.9386666666666666	0.8293333333333334	0.9266666666666666	0.908	0.8733333333333333	0.9693333333333334	0.64	0.5986666666666667	0.0	0.772	0.9066666666666666	0.8	0.7226666666666667	0.6653333333333333	0.7986666666666666	0.5946666666666667	0.5706666666666667	0.8866666666666667	0.8466666666666667	0.7906666666666666	0.788	0.804	0.808	0.664	0.5546666666666666	0.7706666666666667	0.8173333333333334	0.8293333333333334	0.7586666666666667	0.8053333333333333	0.7813333333333333	0.8546666666666667	0.7466666666666667	0.86	0.7	0.4493333333333333	0.4866666666666667	0.5533333333333333	0.5146666666666667	0.692	0.5986666666666667	0.864	0.8426666666666667	0.8933333333333333	0.8813333333333333	0.8026666666666666	0.7386666666666667	0.6453333333333333	0.624	0.664	0.6946666666666667	0.6466666666666666	0.736	0.8866666666666667	0.7866666666666666	0.7373333333333333	0.86	0.43733333333333335	0.616	0.56	0.516	0.5786666666666667	0.7426666666666667	0.716	0.824	0.7133333333333334	0.7866666666666666	0.7986666666666666	0.7733333333333333	0.6306666666666667	0.7653333333333333	0.5693333333333334	0.6533333333333333	0.8306666666666667	0.824	0.7586666666666667	0.8573333333333333	0.7653333333333333	0.8933333333333333	0.78	0.78	0.7453333333333333	0.7813333333333333	0.76	0.788	0.7453333333333333	0.7146666666666667	0.7706666666666667	0.8213333333333334	0.82	0.7866666666666666	0.82	0.848	0.836	0.86	0.852	0.732	0.804	0.8253333333333334	0.7786666666666666	0.7786666666666666	0.7813333333333333	0.8226666666666667	0.7346666666666667	0.8613333333333333	0.7653333333333333	0.832	0.772	0.844	0.772	0.7693333333333333	0.8373333333333334	0.8053333333333333	0.7906666666666666	0.7466666666666667	0.784	0.74	0.772	0.8533333333333334	0.688	0.7973333333333333	0.8746666666666667	0.8906666666666667	0.6066666666666667	0.728	0.688	0.7306666666666667	0.708	0.7013333333333334	0.84	0.7333333333333333	0.7146666666666667	0.6106666666666667	0.8533333333333334	0.7973333333333333	0.6973333333333334	0.7853333333333333	0.62	0.656	0.7613333333333333	0.7946666666666666	0.6786666666666666	0.7213333333333334	0.748	0.68	0.6253333333333333	0.8693333333333333	0.7426666666666667	0.6506666666666666	0.7106666666666667	0.6226666666666667	0.6293333333333333	0.712	0.856	0.584	0.8333333333333334	0.696	0.6573333333333333	0.6853333333333333	0.7626666666666667	0.6613333333333333	0.768	0.7933333333333333	0.6333333333333333	0.6586666666666666	0.6626666666666666	0.808	0.7693333333333333	0.6226666666666667	0.74	0.7293333333333333	0.9986666666666667	0.8893333333333333	0.788	0.912	0.8706666666666667	0.956	0.9573333333333334	0.8	0.9733333333333334	0.8146666666666667	0.9373333333333334	0.796	0.8173333333333334	0.8013333333333333	0.7426666666666667	0.9626666666666667	0.7706666666666667	0.8413333333333334	0.808	0.7773333333333333	0.9293333333333333	0.8573333333333333	0.8706666666666667	0.8586666666666667	0.8693333333333333	0.7733333333333333	0.9893333333333333	0.8373333333333334	0.8213333333333334	0.904	0.7813333333333333	0.792	0.9533333333333334	0.804	0.908	0.8093333333333333
S2014F_E2-3-A-F	0.924	0.9066666666666666	0.9346666666666666	0.9026666666666666	0.9786666666666667	0.9	0.9226666666666666	0.9333333333333333	0.8226666666666667	0.968	0.916	0.9053333333333333	0.9773333333333334	0.7226666666666667	0.824	0.772	0.0	0.8813333333333333	0.7666666666666667	0.8026666666666666	0.8506666666666667	0.852	0.7413333333333333	0.788	0.8413333333333334	0.8693333333333333	0.9053333333333333	0.8066666666666666	0.8453333333333334	0.8413333333333334	0.7893333333333333	0.736	0.9346666666666666	0.9106666666666666	0.892	0.8733333333333333	0.788	0.7413333333333333	0.8213333333333334	0.6826666666666666	0.8346666666666667	0.628	0.812	0.6066666666666667	0.824	0.6613333333333333	0.8826666666666667	0.4666666666666667	0.8346666666666667	0.8253333333333334	0.86	0.852	0.8253333333333334	0.7146666666666667	0.796	0.7506666666666667	0.868	0.8053333333333333	0.7946666666666666	0.868	0.8626666666666667	0.7986666666666666	0.6573333333333333	0.8653333333333333	0.6466666666666666	0.804	0.7773333333333333	0.7706666666666667	0.792	0.8413333333333334	0.8093333333333333	0.888	0.7066666666666667	0.7986666666666666	0.848	0.8026666666666666	0.7093333333333334	0.9093333333333333	0.7746666666666666	0.8666666666666667	0.904	0.9066666666666666	0.7906666666666666	0.9306666666666666	0.9506666666666667	0.972	0.9466666666666667	0.9386666666666666	0.9426666666666667	0.944	0.9413333333333334	0.936	0.9253333333333333	0.9346666666666666	0.9373333333333334	0.948	0.944	0.9293333333333333	0.956	0.9586666666666667	0.9573333333333334	0.9546666666666667	0.956	0.9253333333333333	0.944	0.9226666666666666	0.9373333333333334	0.948	0.9506666666666667	0.9346666666666666	0.952	0.948	0.9493333333333334	0.9413333333333334	0.9453333333333334	0.92	0.676	0.82	0.864	0.912	0.8893333333333333	0.9026666666666666	0.8226666666666667	0.9066666666666666	0.7333333333333333	0.8706666666666667	0.668	0.9	0.924	0.92	0.6386666666666667	0.8493333333333334	0.7133333333333334	0.9213333333333333	0.7666666666666667	0.7653333333333333	0.9026666666666666	0.8066666666666666	0.796	0.8146666666666667	0.9133333333333333	0.8986666666666666	0.9226666666666666	0.9106666666666666	0.7973333333333333	0.8093333333333333	0.8066666666666666	0.8546666666666667	0.5693333333333334	0.8106666666666666	0.8066666666666666	0.724	0.7706666666666667	0.8813333333333333	0.8573333333333333	0.744	0.8373333333333334	0.692	0.7306666666666667	0.7946666666666666	0.868	0.66	0.8946666666666667	0.7453333333333333	0.824	0.7093333333333334	0.8826666666666667	0.5333333333333333	0.8453333333333334	0.8773333333333333	0.8626666666666667	0.6893333333333334	0.7973333333333333	0.8893333333333333	0.7413333333333333	0.7413333333333333	0.8413333333333334	0.828	0.9906666666666667	0.936	0.8893333333333333	0.9666666666666667	0.9453333333333334	0.9853333333333333	0.9493333333333334	0.912	0.9826666666666667	0.9346666666666666	0.9506666666666667	0.936	0.908	0.896	0.9226666666666666	0.932	0.8853333333333333	0.924	0.896	0.88	0.9666666666666667	0.9186666666666666	0.96	0.912	0.8773333333333333	0.9373333333333334	0.9933333333333333	0.908	0.924	0.9426666666666667	0.892	0.8946666666666667	0.9213333333333333	0.9226666666666666	0.9453333333333334	0.9173333333333333
S2014F_E2-3-B-F	0.9093333333333333	0.9	0.976	0.9493333333333334	0.988	0.9	0.9493333333333334	0.928	0.8813333333333333	0.9733333333333334	0.9093333333333333	0.896	0.984	0.9386666666666666	0.9173333333333333	0.9066666666666666	0.8813333333333333	0.0	0.88	0.8573333333333333	0.7933333333333333	0.872	0.8226666666666667	0.816	0.8466666666666667	0.94	0.8986666666666666	0.8453333333333334	0.8853333333333333	0.856	0.8333333333333334	0.8866666666666667	0.9346666666666666	0.9013333333333333	0.8666666666666667	0.8186666666666667	0.9626666666666667	0.9586666666666667	0.9586666666666667	0.9173333333333333	0.944	0.9453333333333334	0.932	0.9386666666666666	0.9213333333333333	0.8946666666666667	0.936	0.908	0.8653333333333333	0.88	0.8786666666666667	0.8893333333333333	0.8666666666666667	0.8826666666666667	0.8546666666666667	0.8573333333333333	0.8533333333333334	0.852	0.8133333333333334	0.96	0.9506666666666667	0.8613333333333333	0.8973333333333333	0.9533333333333334	0.8453333333333334	0.8826666666666667	0.824	0.8746666666666667	0.868	0.8866666666666667	0.84	0.9133333333333333	0.9146666666666666	0.8533333333333334	0.8466666666666667	0.8693333333333333	0.8546666666666667	0.9253333333333333	0.864	0.936	0.9253333333333333	0.9146666666666666	0.932	0.972	0.9906666666666667	0.944	0.98	0.9773333333333334	0.9533333333333334	0.9773333333333334	0.9746666666666667	0.9746666666666667	0.9693333333333334	0.9746666666666667	0.9506666666666667	0.9813333333333333	0.9786666666666667	0.96	0.984	0.9573333333333334	0.9706666666666667	0.976	0.9626666666666667	0.9733333333333334	0.9733333333333334	0.9813333333333333	0.968	0.9746666666666667	0.9786666666666667	0.976	0.9773333333333334	0.9773333333333334	0.984	0.976	0.9773333333333334	0.94	0.9666666666666667	0.9613333333333334	0.972	0.9466666666666667	0.96	0.956	0.9613333333333334	0.948	0.8893333333333333	0.8746666666666667	0.8813333333333333	0.9506666666666667	0.9626666666666667	0.956	0.952	0.9533333333333334	0.9613333333333334	0.9493333333333334	0.9626666666666667	0.9053333333333333	0.9693333333333334	0.876	0.9333333333333333	0.948	0.96	0.9413333333333334	0.96	0.9533333333333334	0.96	0.944	0.96	0.8666666666666667	0.8733333333333333	0.876	0.9453333333333334	0.936	0.9493333333333334	0.9186666666666666	0.8773333333333333	0.864	0.9413333333333334	0.9413333333333334	0.868	0.8706666666666667	0.8653333333333333	0.94	0.9373333333333334	0.8626666666666667	0.9373333333333334	0.948	0.8693333333333333	0.8853333333333333	0.9293333333333333	0.9213333333333333	0.9346666666666666	0.9333333333333333	0.9346666666666666	0.936	0.9453333333333334	0.9506666666666667	0.936	0.876	0.992	0.9493333333333334	0.9053333333333333	0.9813333333333333	0.9693333333333334	0.9826666666666667	0.9666666666666667	0.9053333333333333	0.9866666666666667	0.94	0.9466666666666667	0.9653333333333334	0.9013333333333333	0.8906666666666667	0.9373333333333334	0.9146666666666666	0.8973333333333333	0.92	0.904	0.9066666666666666	0.9813333333333333	0.9053333333333333	0.9746666666666667	0.9093333333333333	0.8813333333333333	0.9533333333333334	0.9906666666666667	0.9013333333333333	0.936	0.98	0.8866666666666667	0.9226666666666666	0.9253333333333333	0.9586666666666667	0.972	0.9106666666666666
S2014F_E2-3-C-F	0.8986666666666666	0.864	0.8813333333333333	0.828	0.912	0.8546666666666667	0.8133333333333334	0.9	0.872	0.924	0.904	0.8453333333333334	0.94	0.7693333333333333	0.768	0.8	0.7666666666666667	0.88	0.0	0.8333333333333334	0.7773333333333333	0.8493333333333334	0.716	0.716	0.768	0.8653333333333333	0.88	0.7466666666666667	0.7946666666666666	0.8186666666666667	0.8253333333333334	0.8053333333333333	0.8973333333333333	0.8866666666666667	0.8666666666666667	0.8333333333333334	0.896	0.8906666666666667	0.8946666666666667	0.828	0.8706666666666667	0.8386666666666667	0.8106666666666666	0.792	0.8413333333333334	0.7626666666666667	0.7453333333333333	0.7586666666666667	0.8413333333333334	0.86	0.8293333333333334	0.888	0.8186666666666667	0.8293333333333334	0.7066666666666667	0.7733333333333333	0.8053333333333333	0.82	0.7426666666666667	0.9013333333333333	0.872	0.8653333333333333	0.84	0.8893333333333333	0.7733333333333333	0.7746666666666666	0.764	0.7226666666666667	0.736	0.7533333333333333	0.756	0.8533333333333334	0.84	0.7693333333333333	0.8693333333333333	0.8146666666666667	0.7986666666666666	0.892	0.8173333333333334	0.8146666666666667	0.904	0.888	0.8346666666666667	0.856	0.896	0.94	0.88	0.8453333333333334	0.884	0.8786666666666667	0.8866666666666667	0.7933333333333333	0.8226666666666667	0.8733333333333333	0.8733333333333333	0.844	0.7866666666666666	0.7053333333333334	0.8146666666666667	0.7933333333333333	0.8	0.8066666666666666	0.8426666666666667	0.7653333333333333	0.8786666666666667	0.764	0.812	0.8946666666666667	0.8626666666666667	0.848	0.8906666666666667	0.8813333333333333	0.8866666666666667	0.888	0.8413333333333334	0.8893333333333333	0.9053333333333333	0.8933333333333333	0.9293333333333333	0.8493333333333334	0.8986666666666666	0.8666666666666667	0.916	0.8293333333333334	0.8773333333333333	0.8466666666666667	0.8666666666666667	0.816	0.8906666666666667	0.88	0.86	0.8546666666666667	0.8733333333333333	0.8293333333333334	0.8986666666666666	0.792	0.86	0.8093333333333333	0.8293333333333334	0.86	0.896	0.8853333333333333	0.8933333333333333	0.876	0.888	0.8186666666666667	0.9	0.872	0.8013333333333333	0.8733333333333333	0.872	0.8706666666666667	0.8733333333333333	0.812	0.7973333333333333	0.86	0.84	0.8573333333333333	0.8506666666666667	0.872	0.848	0.872	0.8626666666666667	0.7986666666666666	0.8026666666666666	0.7706666666666667	0.7773333333333333	0.836	0.9093333333333333	0.8373333333333334	0.8373333333333334	0.8493333333333334	0.852	0.8506666666666667	0.892	0.828	0.8413333333333334	0.7813333333333333	0.9826666666666667	0.84	0.852	0.8826666666666667	0.8666666666666667	0.9493333333333334	0.9266666666666666	0.8253333333333334	0.9453333333333334	0.8973333333333333	0.912	0.8853333333333333	0.864	0.852	0.832	0.9066666666666666	0.8173333333333334	0.824	0.8106666666666666	0.7493333333333333	0.888	0.8893333333333333	0.8866666666666667	0.8706666666666667	0.8613333333333333	0.876	0.976	0.864	0.84	0.8933333333333333	0.8306666666666667	0.8133333333333334	0.9	0.8546666666666667	0.8973333333333333	0.8973333333333333
S2014F_E5-2-A-F	0.7533333333333333	0.536	0.9386666666666666	0.8546666666666667	0.9386666666666666	0.624	0.66	0.8693333333333333	0.656	0.8866666666666667	0.6226666666666667	0.712	0.9226666666666666	0.7506666666666667	0.756	0.7226666666666667	0.8026666666666666	0.8573333333333333	0.8333333333333334	0.0	0.628	0.5893333333333334	0.5413333333333333	0.572	0.5386666666666666	0.804	0.8973333333333333	0.688	0.9	0.868	0.7706666666666667	0.744	0.9426666666666667	0.9186666666666666	0.8946666666666667	0.84	0.8346666666666667	0.832	0.84	0.7933333333333333	0.8266666666666667	0.7946666666666666	0.6826666666666666	0.7226666666666667	0.608	0.7933333333333333	0.864	0.772	0.6493333333333333	0.6386666666666667	0.6533333333333333	0.7386666666666667	0.6893333333333334	0.6186666666666667	0.432	0.43866666666666665	0.784	0.484	0.6453333333333333	0.804	0.8386666666666667	0.7106666666666667	0.7426666666666667	0.8293333333333334	0.6706666666666666	0.776	0.7133333333333334	0.652	0.5973333333333334	0.896	0.8133333333333334	0.8173333333333334	0.748	0.6333333333333333	0.7706666666666667	0.7493333333333333	0.5933333333333334	0.904	0.552	0.688	0.9226666666666666	0.9106666666666666	0.776	0.908	0.9426666666666667	0.9466666666666667	0.9266666666666666	0.8586666666666667	0.864	0.8786666666666667	0.812	0.8973333333333333	0.876	0.9146666666666666	0.892	0.8986666666666666	0.9213333333333333	0.8826666666666667	0.9226666666666666	0.9213333333333333	0.912	0.9133333333333333	0.9493333333333334	0.888	0.8946666666666667	0.9093333333333333	0.804	0.8893333333333333	0.9053333333333333	0.8946666666666667	0.896	0.9186666666666666	0.9213333333333333	0.9253333333333333	0.9213333333333333	0.8906666666666667	0.8386666666666667	0.8186666666666667	0.8346666666666667	0.872	0.8373333333333334	0.8853333333333333	0.832	0.8413333333333334	0.7346666666666667	0.576	0.5786666666666667	0.8173333333333334	0.888	0.888	0.832	0.7773333333333333	0.8306666666666667	0.864	0.824	0.74	0.8346666666666667	0.6533333333333333	0.768	0.7666666666666667	0.8466666666666667	0.84	0.7973333333333333	0.8386666666666667	0.832	0.8093333333333333	0.8333333333333334	0.644	0.7026666666666667	0.6893333333333334	0.8053333333333333	0.8426666666666667	0.8693333333333333	0.86	0.7453333333333333	0.6306666666666667	0.7906666666666666	0.7946666666666666	0.6533333333333333	0.648	0.7786666666666666	0.8013333333333333	0.8573333333333333	0.744	0.7986666666666666	0.8253333333333334	0.7906666666666666	0.7653333333333333	0.744	0.7933333333333333	0.8093333333333333	0.7906666666666666	0.7413333333333333	0.832	0.828	0.8186666666666667	0.8293333333333334	0.796	0.944	0.8413333333333334	0.716	0.9106666666666666	0.7	0.908	0.9013333333333333	0.704	0.9226666666666666	0.6453333333333333	0.8746666666666667	0.872	0.5653333333333334	0.6026666666666667	0.7493333333333333	0.852	0.512	0.772	0.6093333333333333	0.5826666666666667	0.9146666666666666	0.656	0.712	0.668	0.78	0.7493333333333333	0.9386666666666666	0.7333333333333333	0.6466666666666666	0.8866666666666667	0.6746666666666666	0.6786666666666666	0.8653333333333333	0.8213333333333334	0.8826666666666667	0.5453333333333333
S2014F_E5-2-A-F_plate2	0.7813333333333333	0.7226666666666667	0.8973333333333333	0.7826666666666666	0.9586666666666667	0.7186666666666667	0.7666666666666667	0.896	0.772	0.892	0.76	0.7306666666666667	0.9386666666666666	0.8066666666666666	0.7706666666666667	0.6653333333333333	0.8506666666666667	0.7933333333333333	0.7773333333333333	0.628	0.0	0.6853333333333333	0.4866666666666667	0.468	0.744	0.8706666666666667	0.8373333333333334	0.6626666666666666	0.7733333333333333	0.784	0.6693333333333333	0.684	0.8426666666666667	0.776	0.768	0.6666666666666666	0.9053333333333333	0.8906666666666667	0.9173333333333333	0.8293333333333334	0.892	0.8	0.7186666666666667	0.7653333333333333	0.7466666666666667	0.7293333333333333	0.8053333333333333	0.764	0.672	0.736	0.7506666666666667	0.8053333333333333	0.6586666666666666	0.7186666666666667	0.5613333333333334	0.6293333333333333	0.5773333333333334	0.592	0.5573333333333333	0.832	0.8733333333333333	0.76	0.804	0.8813333333333333	0.728	0.8053333333333333	0.7306666666666667	0.6613333333333333	0.66	0.7506666666666667	0.6826666666666666	0.872	0.8573333333333333	0.692	0.8146666666666667	0.7746666666666666	0.6666666666666666	0.7946666666666666	0.6853333333333333	0.692	0.8266666666666667	0.8293333333333334	0.8573333333333333	0.8493333333333334	0.84	0.868	0.824	0.812	0.752	0.8226666666666667	0.7853333333333333	0.8386666666666667	0.8026666666666666	0.804	0.7946666666666666	0.836	0.8413333333333334	0.832	0.8333333333333334	0.864	0.8506666666666667	0.8573333333333333	0.8786666666666667	0.7946666666666666	0.8186666666666667	0.82	0.7853333333333333	0.828	0.8253333333333334	0.8333333333333334	0.788	0.864	0.828	0.844	0.8253333333333334	0.9013333333333333	0.9053333333333333	0.8866666666666667	0.932	0.808	0.8506666666666667	0.8106666666666666	0.912	0.8453333333333334	0.804	0.74	0.7333333333333333	0.8013333333333333	0.8946666666666667	0.9333333333333333	0.8546666666666667	0.8493333333333334	0.8533333333333334	0.8066666666666666	0.8733333333333333	0.808	0.8866666666666667	0.7266666666666667	0.7946666666666666	0.7666666666666667	0.904	0.8546666666666667	0.8186666666666667	0.8213333333333334	0.864	0.776	0.892	0.756	0.724	0.7653333333333333	0.904	0.88	0.876	0.8906666666666667	0.716	0.752	0.8306666666666667	0.852	0.7413333333333333	0.776	0.7853333333333333	0.8893333333333333	0.8493333333333334	0.8253333333333334	0.8066666666666666	0.8506666666666667	0.7906666666666666	0.7986666666666666	0.904	0.8293333333333334	0.8026666666666666	0.8373333333333334	0.7853333333333333	0.8466666666666667	0.908	0.8266666666666667	0.8453333333333334	0.8013333333333333	0.9746666666666667	0.8866666666666667	0.6786666666666666	0.9133333333333333	0.836	0.932	0.9266666666666666	0.7013333333333334	0.9426666666666667	0.8066666666666666	0.884	0.816	0.688	0.712	0.7653333333333333	0.88	0.6586666666666666	0.8026666666666666	0.6893333333333334	0.7106666666666667	0.9053333333333333	0.712	0.8466666666666667	0.7226666666666667	0.792	0.812	0.9653333333333334	0.72	0.7826666666666666	0.876	0.68	0.7773333333333333	0.88	0.8373333333333334	0.872	0.6506666666666666
S2014F_E5-2-B-F	0.8106666666666666	0.768	0.96	0.896	0.9706666666666667	0.764	0.8026666666666666	0.9106666666666666	0.756	0.9413333333333334	0.796	0.7826666666666666	0.968	0.3426666666666667	0.8373333333333334	0.7986666666666666	0.852	0.872	0.8493333333333334	0.5893333333333334	0.6853333333333333	0.0	0.6733333333333333	0.6573333333333333	0.7213333333333334	0.3893333333333333	0.92	0.7266666666666667	0.8986666666666666	0.8426666666666667	0.8186666666666667	0.8373333333333334	0.9573333333333334	0.9306666666666666	0.9493333333333334	0.8866666666666667	0.36533333333333334	0.49066666666666664	0.524	0.884	0.42	0.868	0.8133333333333334	0.8373333333333334	0.6426666666666667	0.8533333333333334	0.888	0.868	0.712	0.6493333333333333	0.6866666666666666	0.4026666666666667	0.752	0.676	0.6146666666666667	0.6346666666666667	0.8453333333333334	0.22	0.7706666666666667	0.8893333333333333	0.516	0.7946666666666666	0.8226666666666667	0.4013333333333333	0.7386666666666667	0.48133333333333334	0.768	0.7226666666666667	0.7213333333333334	0.9013333333333333	0.792	0.8906666666666667	0.5866666666666667	0.668	0.5626666666666666	0.7906666666666666	0.6906666666666667	0.908	0.6933333333333334	0.8333333333333334	0.9426666666666667	0.9426666666666667	0.8093333333333333	0.728	0.9533333333333334	0.9826666666666667	0.96	0.9386666666666666	0.9426666666666667	0.9426666666666667	0.9106666666666666	0.932	0.9373333333333334	0.9493333333333334	0.948	0.5573333333333333	0.9573333333333334	0.9213333333333333	0.9573333333333334	0.9573333333333334	0.956	0.9586666666666667	0.9666666666666667	0.9373333333333334	0.9493333333333334	0.9546666666666667	0.94	0.936	0.9493333333333334	0.9346666666666666	0.9493333333333334	0.9573333333333334	0.9586666666666667	0.9613333333333334	0.9613333333333334	0.884	0.916	0.688	0.5506666666666666	0.7866666666666666	0.7986666666666666	0.9173333333333333	0.3466666666666667	0.824	0.692	0.7266666666666667	0.7133333333333334	0.9	0.9186666666666666	0.8853333333333333	0.9	0.6533333333333333	0.896	0.8986666666666666	0.8693333333333333	0.8226666666666667	0.8866666666666667	0.6213333333333333	0.7133333333333334	0.7013333333333334	0.47733333333333333	0.396	0.7973333333333333	0.7146666666666667	0.9106666666666666	0.892	0.9093333333333333	0.43066666666666664	0.7533333333333333	0.7626666666666667	0.5146666666666667	0.8933333333333333	0.9173333333333333	0.868	0.7546666666666667	0.7533333333333333	0.82	0.8346666666666667	0.7266666666666667	0.6373333333333333	0.824	0.7333333333333333	0.8813333333333333	0.808	0.8826666666666667	0.8813333333333333	0.8133333333333334	0.8293333333333334	0.876	0.78	0.848	0.868	0.8186666666666667	0.8533333333333334	0.5133333333333333	0.8946666666666667	0.9133333333333333	0.8253333333333334	0.984	0.8906666666666667	0.7826666666666666	0.9466666666666667	0.856	0.9693333333333334	0.9293333333333333	0.7986666666666666	0.9693333333333334	0.824	0.9306666666666666	0.9373333333333334	0.788	0.7573333333333333	0.8106666666666666	0.8893333333333333	0.7333333333333333	0.8986666666666666	0.7773333333333333	0.7706666666666667	0.9533333333333334	0.7373333333333333	0.864	0.788	0.82	0.8226666666666667	0.984	0.7986666666666666	0.8133333333333334	0.94	0.74	0.7866666666666666	0.904	0.872	0.928	0.7133333333333334
S2014F_E5-3-B-F	0.796	0.6826666666666666	0.9146666666666666	0.7066666666666667	0.9706666666666667	0.672	0.816	0.8946666666666667	0.692	0.9053333333333333	0.7573333333333333	0.7066666666666667	0.9506666666666667	0.7373333333333333	0.6413333333333333	0.5946666666666667	0.7413333333333333	0.8226666666666667	0.716	0.5413333333333333	0.4866666666666667	0.6733333333333333	0.0	0.304	0.676	0.812	0.8653333333333333	0.62	0.7773333333333333	0.788	0.7	0.668	0.8653333333333333	0.8253333333333334	0.84	0.752	0.824	0.8053333333333333	0.836	0.7413333333333333	0.8133333333333334	0.7186666666666667	0.532	0.532	0.704	0.48	0.6973333333333334	0.5413333333333333	0.6706666666666666	0.6666666666666666	0.72	0.76	0.6066666666666667	0.624	0.5106666666666667	0.47333333333333333	0.45866666666666667	0.548	0.3426666666666667	0.7586666666666667	0.8346666666666667	0.7266666666666667	0.724	0.8213333333333334	0.6573333333333333	0.6986666666666667	0.6613333333333333	0.612	0.6786666666666666	0.7533333333333333	0.6973333333333334	0.816	0.752	0.616	0.7573333333333333	0.7133333333333334	0.548	0.8466666666666667	0.616	0.6786666666666666	0.8466666666666667	0.8573333333333333	0.7266666666666667	0.844	0.7453333333333333	0.88	0.7186666666666667	0.7746666666666666	0.716	0.7906666666666666	0.6906666666666667	0.8026666666666666	0.772	0.7093333333333334	0.7773333333333333	0.8053333333333333	0.816	0.784	0.8066666666666666	0.84	0.828	0.8306666666666667	0.8933333333333333	0.7106666666666667	0.7733333333333333	0.8173333333333334	0.7266666666666667	0.792	0.808	0.8413333333333334	0.7	0.8613333333333333	0.7906666666666666	0.844	0.772	0.888	0.8426666666666667	0.8106666666666666	0.86	0.772	0.804	0.6933333333333334	0.8426666666666667	0.756	0.732	0.72	0.6226666666666667	0.7733333333333333	0.8933333333333333	0.892	0.784	0.7213333333333334	0.7466666666666667	0.7293333333333333	0.7693333333333333	0.7186666666666667	0.844	0.596	0.7266666666666667	0.6786666666666666	0.864	0.8213333333333334	0.844	0.772	0.7613333333333333	0.604	0.8333333333333334	0.6666666666666666	0.6253333333333333	0.696	0.7986666666666666	0.7986666666666666	0.8066666666666666	0.8533333333333334	0.6146666666666667	0.6066666666666667	0.7253333333333334	0.7546666666666667	0.6413333333333333	0.656	0.7573333333333333	0.7893333333333333	0.8373333333333334	0.7346666666666667	0.7013333333333334	0.768	0.7693333333333333	0.6746666666666666	0.76	0.7813333333333333	0.5813333333333334	0.7346666666666667	0.7786666666666666	0.824	0.8373333333333334	0.66	0.7813333333333333	0.7226666666666667	0.976	0.888	0.5253333333333333	0.916	0.896	0.9453333333333334	0.916	0.5466666666666666	0.9546666666666667	0.8493333333333334	0.904	0.6706666666666666	0.668	0.6773333333333333	0.8173333333333334	0.88	0.6186666666666667	0.7693333333333333	0.644	0.7373333333333333	0.9213333333333333	0.7186666666666667	0.9053333333333333	0.7293333333333333	0.772	0.8426666666666667	0.9706666666666667	0.6613333333333333	0.8346666666666667	0.8773333333333333	0.656	0.828	0.8906666666666667	0.828	0.88	0.7013333333333334
S2014F_E5-3-C-F	0.8093333333333333	0.6906666666666667	0.8653333333333333	0.6946666666666667	0.9586666666666667	0.6893333333333334	0.7453333333333333	0.8893333333333333	0.772	0.896	0.7653333333333333	0.72	0.9453333333333334	0.768	0.6213333333333333	0.5706666666666667	0.788	0.816	0.716	0.572	0.468	0.6573333333333333	0.304	0.0	0.7346666666666667	0.8386666666666667	0.864	0.6773333333333333	0.8373333333333334	0.8133333333333334	0.7373333333333333	0.712	0.8733333333333333	0.8506666666666667	0.836	0.764	0.8866666666666667	0.8666666666666667	0.892	0.816	0.86	0.768	0.4226666666666667	0.5	0.72	0.516	0.68	0.5466666666666666	0.688	0.732	0.752	0.788	0.6373333333333333	0.6893333333333334	0.484	0.476	0.388	0.5546666666666666	0.2986666666666667	0.7893333333333333	0.8613333333333333	0.7786666666666666	0.7866666666666666	0.876	0.6213333333333333	0.704	0.616	0.5706666666666667	0.5973333333333334	0.78	0.708	0.868	0.7973333333333333	0.6493333333333333	0.8026666666666666	0.7373333333333333	0.6093333333333333	0.848	0.656	0.6106666666666667	0.8693333333333333	0.8653333333333333	0.8186666666666667	0.8453333333333334	0.7	0.9106666666666666	0.688	0.7186666666666667	0.6586666666666666	0.744	0.6866666666666666	0.8	0.7213333333333334	0.66	0.7333333333333333	0.7813333333333333	0.7946666666666666	0.7693333333333333	0.7853333333333333	0.8333333333333334	0.82	0.8293333333333334	0.8813333333333333	0.6533333333333333	0.7693333333333333	0.7973333333333333	0.7053333333333334	0.7413333333333333	0.7386666666666667	0.768	0.6386666666666667	0.844	0.7306666666666667	0.8173333333333334	0.7413333333333333	0.8866666666666667	0.884	0.8533333333333334	0.9093333333333333	0.7706666666666667	0.832	0.6653333333333333	0.8933333333333333	0.732	0.7786666666666666	0.724	0.6826666666666666	0.776	0.8733333333333333	0.904	0.828	0.7773333333333333	0.792	0.708	0.8146666666666667	0.756	0.864	0.66	0.7733333333333333	0.72	0.8866666666666667	0.8386666666666667	0.792	0.7653333333333333	0.8173333333333334	0.6893333333333334	0.868	0.712	0.6746666666666666	0.764	0.8373333333333334	0.8386666666666667	0.8573333333333333	0.844	0.6266666666666667	0.6826666666666666	0.7626666666666667	0.7906666666666666	0.6973333333333334	0.7186666666666667	0.768	0.8373333333333334	0.836	0.7733333333333333	0.7333333333333333	0.8053333333333333	0.7533333333333333	0.736	0.848	0.7626666666666667	0.5773333333333334	0.7653333333333333	0.7746666666666666	0.828	0.8853333333333333	0.6733333333333333	0.8173333333333334	0.732	0.9746666666666667	0.8573333333333333	0.4613333333333333	0.868	0.8386666666666667	0.936	0.9146666666666666	0.5413333333333333	0.9493333333333334	0.7973333333333333	0.8946666666666667	0.6853333333333333	0.6746666666666666	0.6973333333333334	0.712	0.8773333333333333	0.6266666666666667	0.756	0.644	0.6786666666666666	0.8893333333333333	0.7093333333333334	0.856	0.708	0.7786666666666666	0.7706666666666667	0.9706666666666667	0.6813333333333333	0.7746666666666666	0.876	0.664	0.752	0.8933333333333333	0.7946666666666666	0.872	0.676
S2014F_E5-C-2-F	0.82	0.548	0.9786666666666667	0.9306666666666666	0.9906666666666667	0.7053333333333334	0.9186666666666666	0.916	0.788	0.9626666666666667	0.3293333333333333	0.7773333333333333	0.9773333333333334	0.8946666666666667	0.8813333333333333	0.8866666666666667	0.8413333333333334	0.8466666666666667	0.768	0.5386666666666666	0.744	0.7213333333333334	0.676	0.7346666666666667	0.0	0.876	0.92	0.6533333333333333	0.8066666666666666	0.8253333333333334	0.8453333333333334	0.8586666666666667	0.9346666666666666	0.9293333333333333	0.9053333333333333	0.8906666666666667	0.924	0.916	0.9253333333333333	0.8813333333333333	0.9	0.92	0.9146666666666666	0.9066666666666666	0.904	0.88	0.8973333333333333	0.8973333333333333	0.7213333333333334	0.724	0.64	0.836	0.7426666666666667	0.7093333333333334	0.5853333333333334	0.7666666666666667	0.8666666666666667	0.7266666666666667	0.7746666666666666	0.9106666666666666	0.872	0.836	0.8426666666666667	0.884	0.8293333333333334	0.852	0.8106666666666666	0.8386666666666667	0.8373333333333334	0.8853333333333333	0.832	0.9106666666666666	0.864	0.68	0.8373333333333334	0.848	0.712	0.9	0.84	0.8986666666666666	0.9173333333333333	0.9106666666666666	0.848	0.9293333333333333	0.9626666666666667	0.9426666666666667	0.972	0.952	0.96	0.9546666666666667	0.9453333333333334	0.9426666666666667	0.9466666666666667	0.9573333333333334	0.9626666666666667	0.96	0.9693333333333334	0.92	0.9733333333333334	0.952	0.9506666666666667	0.9586666666666667	0.9533333333333334	0.9386666666666666	0.94	0.9333333333333333	0.9426666666666667	0.94	0.9546666666666667	0.9266666666666666	0.96	0.9666666666666667	0.972	0.972	0.9706666666666667	0.9213333333333333	0.936	0.9213333333333333	0.9333333333333333	0.9066666666666666	0.9293333333333333	0.9373333333333334	0.928	0.92	0.824	0.6306666666666667	0.6986666666666667	0.8946666666666667	0.932	0.916	0.9173333333333333	0.9093333333333333	0.9333333333333333	0.9226666666666666	0.9293333333333333	0.8573333333333333	0.932	0.7693333333333333	0.8946666666666667	0.8866666666666667	0.9266666666666666	0.9026666666666666	0.92	0.9093333333333333	0.9346666666666666	0.86	0.9266666666666666	0.7453333333333333	0.7706666666666667	0.7706666666666667	0.9066666666666666	0.9026666666666666	0.932	0.8853333333333333	0.7866666666666666	0.772	0.904	0.9106666666666666	0.7586666666666667	0.7773333333333333	0.804	0.8946666666666667	0.8933333333333333	0.828	0.8906666666666667	0.896	0.832	0.836	0.892	0.8853333333333333	0.9106666666666666	0.8946666666666667	0.9173333333333333	0.8986666666666666	0.9093333333333333	0.8973333333333333	0.92	0.8453333333333334	0.9906666666666667	0.9266666666666666	0.7786666666666666	0.9733333333333334	0.96	0.976	0.9573333333333334	0.7386666666666667	0.9813333333333333	0.9293333333333333	0.9386666666666666	0.9533333333333334	0.5866666666666667	0.6746666666666666	0.928	0.9066666666666666	0.48133333333333334	0.936	0.68	0.82	0.9786666666666667	0.7746666666666666	0.9693333333333334	0.732	0.8306666666666667	0.9426666666666667	0.9906666666666667	0.824	0.916	0.964	0.76	0.9066666666666666	0.9133333333333333	0.9373333333333334	0.9613333333333334	0.72
S2014F_E7-1-A-F	0.8746666666666667	0.8693333333333333	0.8466666666666667	0.844	0.784	0.856	0.7013333333333334	0.896	0.8613333333333333	0.8693333333333333	0.9346666666666666	0.8253333333333334	0.9133333333333333	0.39466666666666667	0.8106666666666666	0.8466666666666667	0.8693333333333333	0.94	0.8653333333333333	0.804	0.8706666666666667	0.3893333333333333	0.812	0.8386666666666667	0.876	0.0	0.9293333333333333	0.864	0.92	0.892	0.86	0.8146666666666667	0.9426666666666667	0.956	0.9253333333333333	0.9226666666666666	0.28	0.30533333333333335	0.308	0.612	0.21733333333333332	0.6173333333333333	0.856	0.8426666666666667	0.696	0.856	0.872	0.8413333333333334	0.5613333333333334	0.524	0.56	0.316	0.5306666666666666	0.524	0.792	0.8346666666666667	0.8813333333333333	0.43866666666666665	0.8373333333333334	0.54	0.17066666666666666	0.5333333333333333	0.5386666666666666	0.196	0.8546666666666667	0.5053333333333333	0.8186666666666667	0.828	0.8453333333333334	0.892	0.844	0.8893333333333333	0.41333333333333333	0.7773333333333333	0.5626666666666666	0.6853333333333333	0.708	0.9226666666666666	0.7826666666666666	0.888	0.9253333333333333	0.9266666666666666	0.736	0.664	0.8973333333333333	0.9746666666666667	0.884	0.8093333333333333	0.852	0.756	0.7946666666666666	0.8613333333333333	0.8653333333333333	0.7786666666666666	0.8453333333333334	0.5013333333333333	0.8826666666666667	0.78	0.844	0.892	0.8826666666666667	0.8666666666666667	0.9213333333333333	0.788	0.828	0.832	0.8426666666666667	0.764	0.7426666666666667	0.664	0.636	0.836	0.816	0.848	0.872	0.7266666666666667	0.6973333333333334	0.464	0.4746666666666667	0.588	0.704	0.6666666666666666	0.38266666666666665	0.7	0.508	0.7626666666666667	0.7573333333333333	0.7493333333333333	0.6573333333333333	0.8813333333333333	0.7746666666666666	0.5146666666666667	0.768	0.8226666666666667	0.8306666666666667	0.7053333333333334	0.816	0.672	0.5053333333333333	0.6573333333333333	0.412	0.3413333333333333	0.732	0.524	0.6533333333333333	0.7506666666666667	0.7733333333333333	0.5666666666666667	0.836	0.8853333333333333	0.5106666666666667	0.8933333333333333	0.8973333333333333	0.8866666666666667	0.8373333333333334	0.8506666666666667	0.7773333333333333	0.8013333333333333	0.836	0.752	0.9	0.72	0.8573333333333333	0.8426666666666667	0.8053333333333333	0.8506666666666667	0.8946666666666667	0.844	0.8826666666666667	0.7706666666666667	0.8133333333333334	0.8386666666666667	0.852	0.7706666666666667	0.49333333333333335	0.832	0.856	0.848	0.7426666666666667	0.8346666666666667	0.7373333333333333	0.9546666666666667	0.8693333333333333	0.9026666666666666	0.884	0.9293333333333333	0.8306666666666667	0.86	0.8773333333333333	0.836	0.8746666666666667	0.8746666666666667	0.7866666666666666	0.8586666666666667	0.8693333333333333	0.7773333333333333	0.7253333333333334	0.736	0.8653333333333333	0.8986666666666666	0.8946666666666667	0.8786666666666667	0.8533333333333334	0.796	0.7306666666666667	0.8666666666666667	0.772	0.6946666666666667	0.852	0.868	0.876	0.6413333333333333	0.8146666666666667	0.916
S2014F_E7-2-C-F	0.964	0.9533333333333334	0.9626666666666667	0.9453333333333334	0.9853333333333333	0.952	0.924	0.952	0.9466666666666667	0.9626666666666667	0.9666666666666667	0.9493333333333334	0.972	0.9346666666666666	0.932	0.7906666666666666	0.9053333333333333	0.8986666666666666	0.88	0.8973333333333333	0.8373333333333334	0.92	0.8653333333333333	0.864	0.92	0.9293333333333333	0.0	0.696	0.5933333333333334	0.6373333333333333	0.7493333333333333	0.7306666666666667	0.5586666666666666	0.756	0.6813333333333333	0.7346666666666667	0.9613333333333334	0.968	0.9613333333333334	0.9066666666666666	0.948	0.9466666666666667	0.9186666666666666	0.9213333333333333	0.92	0.8933333333333333	0.944	0.9106666666666666	0.9053333333333333	0.9346666666666666	0.9226666666666666	0.9506666666666667	0.924	0.9373333333333334	0.9013333333333333	0.9066666666666666	0.88	0.9106666666666666	0.8533333333333334	0.952	0.9466666666666667	0.864	0.9253333333333333	0.9413333333333334	0.752	0.832	0.656	0.76	0.6826666666666666	0.6933333333333334	0.652	0.8173333333333334	0.932	0.9066666666666666	0.8666666666666667	0.908	0.9066666666666666	0.6546666666666666	0.8013333333333333	0.8773333333333333	0.6746666666666666	0.6266666666666667	0.9293333333333333	0.9573333333333334	0.9773333333333334	0.7853333333333333	0.9773333333333334	0.9546666666666667	0.932	0.964	0.9586666666666667	0.8946666666666667	0.9133333333333333	0.9293333333333333	0.932	0.9586666666666667	0.9626666666666667	0.9506666666666667	0.98	0.92	0.936	0.9346666666666666	0.8813333333333333	0.9626666666666667	0.9666666666666667	0.9733333333333334	0.9613333333333334	0.9533333333333334	0.9653333333333334	0.9546666666666667	0.9506666666666667	0.9746666666666667	0.9693333333333334	0.9706666666666667	0.9733333333333334	0.884	0.9653333333333334	0.96	0.9693333333333334	0.94	0.9533333333333334	0.94	0.96	0.9466666666666667	0.9546666666666667	0.9253333333333333	0.9373333333333334	0.8306666666666667	0.9306666666666666	0.956	0.9426666666666667	0.94	0.9626666666666667	0.9293333333333333	0.9573333333333334	0.9133333333333333	0.964	0.9293333333333333	0.916	0.8906666666666667	0.956	0.8706666666666667	0.9573333333333334	0.9506666666666667	0.9613333333333334	0.9413333333333334	0.9586666666666667	0.9146666666666666	0.9133333333333333	0.9333333333333333	0.932	0.9346666666666666	0.9413333333333334	0.9226666666666666	0.9266666666666666	0.9133333333333333	0.9306666666666666	0.9293333333333333	0.9133333333333333	0.9133333333333333	0.908	0.9333333333333333	0.9213333333333333	0.9093333333333333	0.936	0.9586666666666667	0.9106666666666666	0.9173333333333333	0.9173333333333333	0.9173333333333333	0.924	0.924	0.92	0.9093333333333333	0.94	0.9466666666666667	0.9253333333333333	0.9186666666666666	0.9933333333333333	0.9333333333333333	0.9626666666666667	0.968	0.956	0.9786666666666667	0.9373333333333334	0.9653333333333334	0.9746666666666667	0.9173333333333333	0.952	0.956	0.9586666666666667	0.9306666666666666	0.9173333333333333	0.9426666666666667	0.94	0.9093333333333333	0.9546666666666667	0.9226666666666666	0.968	0.9493333333333334	0.9493333333333334	0.9653333333333334	0.9413333333333334	0.9266666666666666	0.992	0.9533333333333334	0.92	0.9706666666666667	0.912	0.9226666666666666	0.932	0.932	0.9586666666666667	0.9613333333333334
S2014F_E7-3-A-F	0.7826666666666666	0.616	0.928	0.8586666666666667	0.9506666666666667	0.6093333333333333	0.8586666666666667	0.8093333333333333	0.6653333333333333	0.9466666666666667	0.6826666666666666	0.656	0.9533333333333334	0.8826666666666667	0.848	0.788	0.8066666666666666	0.8453333333333334	0.7466666666666667	0.688	0.6626666666666666	0.7266666666666667	0.62	0.6773333333333333	0.6533333333333333	0.864	0.696	0.0	0.484	0.5733333333333334	0.748	0.752	0.7146666666666667	0.7106666666666667	0.7493333333333333	0.7453333333333333	0.9	0.9066666666666666	0.8906666666666667	0.8653333333333333	0.8733333333333333	0.8826666666666667	0.86	0.872	0.8733333333333333	0.852	0.8466666666666667	0.848	0.6986666666666667	0.728	0.692	0.8493333333333334	0.7493333333333333	0.7306666666666667	0.6426666666666667	0.7306666666666667	0.8333333333333334	0.7186666666666667	0.716	0.9133333333333333	0.884	0.8186666666666667	0.8426666666666667	0.8906666666666667	0.7026666666666667	0.7613333333333333	0.616	0.6666666666666666	0.6466666666666666	0.5986666666666667	0.6093333333333333	0.8146666666666667	0.8466666666666667	0.6773333333333333	0.844	0.792	0.6786666666666666	0.74	0.7733333333333333	0.7986666666666666	0.74	0.756	0.8453333333333334	0.896	0.9413333333333334	0.82	0.9213333333333333	0.904	0.8893333333333333	0.9133333333333333	0.9106666666666666	0.8266666666666667	0.8306666666666667	0.8293333333333334	0.876	0.9133333333333333	0.9	0.8826666666666667	0.9253333333333333	0.868	0.856	0.8893333333333333	0.8293333333333334	0.8906666666666667	0.9106666666666666	0.8826666666666667	0.8986666666666666	0.8506666666666667	0.8653333333333333	0.868	0.9146666666666666	0.9173333333333333	0.924	0.9106666666666666	0.816	0.852	0.9226666666666666	0.9	0.924	0.8186666666666667	0.9133333333333333	0.8786666666666667	0.9173333333333333	0.868	0.8173333333333334	0.628	0.676	0.7973333333333333	0.9133333333333333	0.92	0.8946666666666667	0.8706666666666667	0.8986666666666666	0.872	0.9	0.8106666666666666	0.9173333333333333	0.7346666666666667	0.8626666666666667	0.8293333333333334	0.9133333333333333	0.8586666666666667	0.9053333333333333	0.9	0.9253333333333333	0.8053333333333333	0.9226666666666666	0.7506666666666667	0.7506666666666667	0.7693333333333333	0.8893333333333333	0.884	0.9013333333333333	0.8586666666666667	0.7613333333333333	0.7666666666666667	0.856	0.8533333333333334	0.7413333333333333	0.7533333333333333	0.7853333333333333	0.8733333333333333	0.86	0.7906666666666666	0.876	0.88	0.7973333333333333	0.8306666666666667	0.8866666666666667	0.8333333333333334	0.8586666666666667	0.8613333333333333	0.868	0.86	0.8826666666666667	0.88	0.912	0.8173333333333334	0.98	0.8506666666666667	0.7373333333333333	0.936	0.9106666666666666	0.9666666666666667	0.9186666666666666	0.6586666666666666	0.9613333333333334	0.88	0.9133333333333333	0.8546666666666667	0.636	0.6	0.8133333333333334	0.884	0.5973333333333334	0.8706666666666667	0.6573333333333333	0.792	0.9373333333333334	0.6466666666666666	0.9213333333333333	0.6813333333333333	0.7373333333333333	0.7866666666666666	0.9773333333333334	0.7186666666666667	0.872	0.928	0.6173333333333333	0.7546666666666667	0.876	0.8493333333333334	0.92	0.6626666666666666
S2014F_E7-3-B-F	0.92	0.916	0.9746666666666667	0.92	0.9906666666666667	0.9066666666666666	0.9373333333333334	0.9173333333333333	0.9173333333333333	0.968	0.9266666666666666	0.9053333333333333	0.98	0.9386666666666666	0.92	0.804	0.8453333333333334	0.8853333333333333	0.7946666666666666	0.9	0.7733333333333333	0.8986666666666666	0.7773333333333333	0.8373333333333334	0.8066666666666666	0.92	0.5933333333333334	0.484	0.0	0.536	0.7733333333333333	0.732	0.6373333333333333	0.6453333333333333	0.688	0.7106666666666667	0.9493333333333334	0.9466666666666667	0.9493333333333334	0.9066666666666666	0.932	0.948	0.9293333333333333	0.948	0.9266666666666666	0.8933333333333333	0.924	0.9213333333333333	0.8813333333333333	0.8853333333333333	0.8573333333333333	0.92	0.8733333333333333	0.876	0.8573333333333333	0.8986666666666666	0.864	0.88	0.8013333333333333	0.9506666666666667	0.9173333333333333	0.888	0.8893333333333333	0.9133333333333333	0.7933333333333333	0.8146666666666667	0.7186666666666667	0.7546666666666667	0.764	0.6106666666666667	0.6013333333333334	0.8013333333333333	0.9106666666666666	0.8573333333333333	0.876	0.8946666666666667	0.8853333333333333	0.672	0.8213333333333334	0.8173333333333334	0.6106666666666667	0.656	0.896	0.94	0.972	0.8146666666666667	0.9693333333333334	0.9546666666666667	0.952	0.964	0.948	0.8973333333333333	0.9026666666666666	0.9146666666666666	0.9213333333333333	0.948	0.9466666666666667	0.9293333333333333	0.9746666666666667	0.8986666666666666	0.9093333333333333	0.9293333333333333	0.8586666666666667	0.9333333333333333	0.9546666666666667	0.9173333333333333	0.956	0.94	0.948	0.9266666666666666	0.9546666666666667	0.952	0.9626666666666667	0.948	0.94	0.888	0.9653333333333334	0.9453333333333334	0.9626666666666667	0.884	0.9546666666666667	0.9306666666666666	0.952	0.928	0.904	0.8746666666666667	0.888	0.8	0.956	0.948	0.9586666666666667	0.9333333333333333	0.9373333333333334	0.9186666666666666	0.936	0.872	0.964	0.8946666666666667	0.9093333333333333	0.9	0.952	0.8866666666666667	0.9546666666666667	0.94	0.968	0.8546666666666667	0.968	0.8933333333333333	0.8733333333333333	0.9053333333333333	0.9346666666666666	0.928	0.9333333333333333	0.904	0.9026666666666666	0.8853333333333333	0.912	0.9186666666666666	0.888	0.8773333333333333	0.8586666666666667	0.9186666666666666	0.9066666666666666	0.88	0.9226666666666666	0.9213333333333333	0.9013333333333333	0.8786666666666667	0.912	0.8986666666666666	0.9186666666666666	0.916	0.9133333333333333	0.8973333333333333	0.924	0.924	0.948	0.8946666666666667	0.992	0.9346666666666666	0.9	0.98	0.9693333333333334	0.9853333333333333	0.948	0.9146666666666666	0.9853333333333333	0.924	0.9346666666666666	0.9426666666666667	0.9173333333333333	0.8946666666666667	0.916	0.932	0.8933333333333333	0.944	0.9186666666666666	0.8573333333333333	0.98	0.924	0.9626666666666667	0.9226666666666666	0.9133333333333333	0.9386666666666666	0.9933333333333333	0.9173333333333333	0.928	0.9786666666666667	0.8906666666666667	0.9026666666666666	0.9053333333333333	0.9306666666666666	0.9626666666666667	0.924
S2014F_E7-3-C-F	0.904	0.8866666666666667	0.9626666666666667	0.9106666666666666	0.9866666666666667	0.884	0.9173333333333333	0.9	0.8733333333333333	0.964	0.8973333333333333	0.8813333333333333	0.9733333333333334	0.8893333333333333	0.92	0.808	0.8413333333333334	0.856	0.8186666666666667	0.868	0.784	0.8426666666666667	0.788	0.8133333333333334	0.8253333333333334	0.892	0.6373333333333333	0.5733333333333334	0.536	0.0	0.7533333333333333	0.732	0.49466666666666664	0.7293333333333333	0.6986666666666667	0.7306666666666667	0.9053333333333333	0.9026666666666666	0.8986666666666666	0.9106666666666666	0.8933333333333333	0.936	0.9146666666666666	0.928	0.8813333333333333	0.8866666666666667	0.896	0.8946666666666667	0.8586666666666667	0.848	0.8493333333333334	0.864	0.876	0.8506666666666667	0.8693333333333333	0.8706666666666667	0.8613333333333333	0.8373333333333334	0.7906666666666666	0.9346666666666666	0.896	0.824	0.8693333333333333	0.9053333333333333	0.76	0.7613333333333333	0.7093333333333334	0.7373333333333333	0.7133333333333334	0.612	0.472	0.7426666666666667	0.864	0.8373333333333334	0.852	0.852	0.8413333333333334	0.7306666666666667	0.772	0.8146666666666667	0.6573333333333333	0.612	0.8893333333333333	0.9093333333333333	0.964	0.8653333333333333	0.9693333333333334	0.9493333333333334	0.9266666666666666	0.9586666666666667	0.9226666666666666	0.8813333333333333	0.8826666666666667	0.8973333333333333	0.9026666666666666	0.9186666666666666	0.9413333333333334	0.8946666666666667	0.9733333333333334	0.9026666666666666	0.9053333333333333	0.9333333333333333	0.8506666666666667	0.9266666666666666	0.9453333333333334	0.9546666666666667	0.944	0.916	0.9266666666666666	0.9106666666666666	0.9546666666666667	0.948	0.9506666666666667	0.9413333333333334	0.9133333333333333	0.84	0.936	0.9026666666666666	0.9186666666666666	0.8213333333333334	0.916	0.9106666666666666	0.908	0.8853333333333333	0.8506666666666667	0.808	0.848	0.8	0.9346666666666666	0.9013333333333333	0.932	0.8853333333333333	0.8986666666666666	0.884	0.896	0.84	0.932	0.828	0.8493333333333334	0.8386666666666667	0.904	0.8413333333333334	0.908	0.8973333333333333	0.9453333333333334	0.8626666666666667	0.9493333333333334	0.84	0.84	0.872	0.896	0.908	0.9146666666666666	0.876	0.8653333333333333	0.8533333333333334	0.8666666666666667	0.8693333333333333	0.8453333333333334	0.824	0.8226666666666667	0.876	0.8613333333333333	0.8453333333333334	0.8933333333333333	0.8946666666666667	0.8626666666666667	0.8413333333333334	0.8893333333333333	0.8493333333333334	0.8666666666666667	0.904	0.8866666666666667	0.8333333333333334	0.8666666666666667	0.9	0.9266666666666666	0.8613333333333333	0.9933333333333333	0.912	0.8986666666666666	0.9706666666666667	0.9586666666666667	0.9853333333333333	0.9466666666666667	0.892	0.98	0.916	0.9333333333333333	0.9293333333333333	0.8893333333333333	0.8733333333333333	0.896	0.9146666666666666	0.8773333333333333	0.9213333333333333	0.8866666666666667	0.876	0.9733333333333334	0.8946666666666667	0.96	0.8946666666666667	0.8706666666666667	0.9106666666666666	0.9933333333333333	0.888	0.9186666666666666	0.9666666666666667	0.8626666666666667	0.872	0.9	0.9266666666666666	0.9546666666666667	0.896
S2014F_E9-2-A-F	0.9133333333333333	0.88	0.9386666666666666	0.8786666666666667	0.9826666666666667	0.884	0.8573333333333333	0.912	0.844	0.924	0.8946666666666667	0.8786666666666667	0.9626666666666667	0.7986666666666666	0.7866666666666666	0.664	0.7893333333333333	0.8333333333333334	0.8253333333333334	0.7706666666666667	0.6693333333333333	0.8186666666666667	0.7	0.7373333333333333	0.8453333333333334	0.86	0.7493333333333333	0.748	0.7733333333333333	0.7533333333333333	0.0	0.5453333333333333	0.7693333333333333	0.7346666666666667	0.7186666666666667	0.6186666666666667	0.88	0.884	0.884	0.848	0.8746666666666667	0.8146666666666667	0.7653333333333333	0.788	0.78	0.7306666666666667	0.856	0.7826666666666666	0.8226666666666667	0.804	0.8426666666666667	0.848	0.808	0.8066666666666666	0.7533333333333333	0.7573333333333333	0.7453333333333333	0.7466666666666667	0.74	0.8293333333333334	0.8853333333333333	0.764	0.792	0.848	0.6986666666666667	0.7506666666666667	0.6826666666666666	0.708	0.7106666666666667	0.6506666666666666	0.6493333333333333	0.7986666666666666	0.8186666666666667	0.8053333333333333	0.796	0.7866666666666666	0.7626666666666667	0.6213333333333333	0.6653333333333333	0.7573333333333333	0.7693333333333333	0.7586666666666667	0.8133333333333334	0.8986666666666666	0.9053333333333333	0.8746666666666667	0.912	0.8933333333333333	0.8426666666666667	0.9	0.888	0.836	0.8386666666666667	0.8746666666666667	0.8813333333333333	0.8893333333333333	0.912	0.8786666666666667	0.9133333333333333	0.9173333333333333	0.9053333333333333	0.928	0.9106666666666666	0.8946666666666667	0.8973333333333333	0.9146666666666666	0.8946666666666667	0.8853333333333333	0.9026666666666666	0.8893333333333333	0.8893333333333333	0.9146666666666666	0.904	0.9013333333333333	0.9106666666666666	0.8613333333333333	0.872	0.8453333333333334	0.8893333333333333	0.8546666666666667	0.836	0.8813333333333333	0.868	0.872	0.824	0.8413333333333334	0.8146666666666667	0.8093333333333333	0.884	0.904	0.856	0.8333333333333334	0.852	0.8506666666666667	0.8586666666666667	0.7866666666666666	0.8493333333333334	0.8053333333333333	0.784	0.7026666666666667	0.8666666666666667	0.816	0.864	0.8586666666666667	0.852	0.8133333333333334	0.8666666666666667	0.8346666666666667	0.7933333333333333	0.8453333333333334	0.8546666666666667	0.8386666666666667	0.8413333333333334	0.876	0.8213333333333334	0.8053333333333333	0.8293333333333334	0.8346666666666667	0.788	0.8173333333333334	0.8413333333333334	0.8453333333333334	0.8693333333333333	0.8133333333333334	0.8093333333333333	0.84	0.8626666666666667	0.7893333333333333	0.852	0.8413333333333334	0.82	0.8213333333333334	0.7946666666666666	0.856	0.8653333333333333	0.832	0.84	0.8173333333333334	0.9933333333333333	0.9133333333333333	0.8733333333333333	0.9413333333333334	0.912	0.96	0.9333333333333333	0.88	0.9653333333333334	0.8733333333333333	0.9106666666666666	0.8973333333333333	0.8706666666666667	0.8546666666666667	0.8466666666666667	0.9226666666666666	0.8466666666666667	0.8893333333333333	0.8746666666666667	0.8453333333333334	0.9426666666666667	0.8573333333333333	0.912	0.88	0.8426666666666667	0.884	0.9866666666666667	0.88	0.8653333333333333	0.9186666666666666	0.8226666666666667	0.856	0.9013333333333333	0.8733333333333333	0.9066666666666666	0.8493333333333334
S2014F_E9-2-B-F	0.9253333333333333	0.9	0.9186666666666666	0.8866666666666667	0.9733333333333334	0.892	0.8573333333333333	0.9186666666666666	0.828	0.9106666666666666	0.9373333333333334	0.8986666666666666	0.9573333333333334	0.7013333333333334	0.7293333333333333	0.5546666666666666	0.736	0.8866666666666667	0.8053333333333333	0.744	0.684	0.8373333333333334	0.668	0.712	0.8586666666666667	0.8146666666666667	0.7306666666666667	0.752	0.732	0.732	0.5453333333333333	0.0	0.684	0.7413333333333333	0.6613333333333333	0.6213333333333333	0.808	0.8133333333333334	0.852	0.768	0.8533333333333334	0.776	0.7013333333333334	0.7053333333333334	0.7173333333333334	0.6373333333333333	0.8386666666666667	0.692	0.816	0.8226666666666667	0.8506666666666667	0.8413333333333334	0.8106666666666666	0.7373333333333333	0.7706666666666667	0.7493333333333333	0.748	0.764	0.7573333333333333	0.7866666666666666	0.8573333333333333	0.7346666666666667	0.724	0.824	0.6253333333333333	0.7306666666666667	0.6626666666666666	0.696	0.6693333333333333	0.632	0.6346666666666667	0.7146666666666667	0.748	0.82	0.8	0.7973333333333333	0.708	0.6573333333333333	0.6173333333333333	0.7466666666666667	0.6906666666666667	0.688	0.7653333333333333	0.868	0.8893333333333333	0.8693333333333333	0.8946666666666667	0.8573333333333333	0.836	0.8733333333333333	0.8533333333333334	0.8426666666666667	0.8306666666666667	0.8586666666666667	0.8546666666666667	0.852	0.8973333333333333	0.852	0.896	0.8813333333333333	0.868	0.8826666666666667	0.8866666666666667	0.876	0.896	0.892	0.8706666666666667	0.86	0.888	0.8786666666666667	0.8626666666666667	0.8866666666666667	0.888	0.8826666666666667	0.8906666666666667	0.84	0.7866666666666666	0.7786666666666666	0.828	0.8453333333333334	0.816	0.8813333333333333	0.78	0.8386666666666667	0.7706666666666667	0.8573333333333333	0.7413333333333333	0.7413333333333333	0.88	0.8786666666666667	0.7653333333333333	0.7706666666666667	0.7733333333333333	0.836	0.7773333333333333	0.7226666666666667	0.8333333333333334	0.7746666666666666	0.7226666666666667	0.6573333333333333	0.84	0.7853333333333333	0.8586666666666667	0.8626666666666667	0.7786666666666666	0.7613333333333333	0.7933333333333333	0.792	0.7306666666666667	0.7933333333333333	0.7386666666666667	0.748	0.7546666666666667	0.852	0.832	0.7093333333333334	0.78	0.7213333333333334	0.6906666666666667	0.7293333333333333	0.8253333333333334	0.728	0.844	0.7253333333333334	0.7546666666666667	0.7426666666666667	0.8413333333333334	0.7186666666666667	0.7706666666666667	0.8066666666666666	0.7826666666666666	0.7106666666666667	0.7426666666666667	0.8173333333333334	0.7626666666666667	0.7493333333333333	0.7906666666666666	0.8186666666666667	0.996	0.8813333333333333	0.9146666666666666	0.9493333333333334	0.936	0.9426666666666667	0.9373333333333334	0.9186666666666666	0.9573333333333334	0.8906666666666667	0.9053333333333333	0.8933333333333333	0.8986666666666666	0.8733333333333333	0.8426666666666667	0.9333333333333333	0.8573333333333333	0.8666666666666667	0.9146666666666666	0.852	0.9253333333333333	0.9	0.932	0.9	0.8746666666666667	0.884	0.9866666666666667	0.9013333333333333	0.8906666666666667	0.9186666666666666	0.84	0.8746666666666667	0.916	0.8613333333333333	0.9013333333333333	0.9026666666666666
S2014F_E9-2-C-F	0.9533333333333334	0.9426666666666667	0.9626666666666667	0.932	0.992	0.9493333333333334	0.9333333333333333	0.96	0.9506666666666667	0.9626666666666667	0.9533333333333334	0.94	0.9706666666666667	0.9146666666666666	0.9093333333333333	0.7706666666666667	0.9346666666666666	0.9346666666666666	0.8973333333333333	0.9426666666666667	0.8426666666666667	0.9573333333333334	0.8653333333333333	0.8733333333333333	0.9346666666666666	0.9426666666666667	0.5586666666666666	0.7146666666666667	0.6373333333333333	0.49466666666666664	0.7693333333333333	0.684	0.0	0.7253333333333334	0.7213333333333334	0.7333333333333333	0.9586666666666667	0.9546666666666667	0.9573333333333334	0.9306666666666666	0.9466666666666667	0.932	0.9013333333333333	0.9213333333333333	0.908	0.8866666666666667	0.9093333333333333	0.9146666666666666	0.9226666666666666	0.9293333333333333	0.9453333333333334	0.952	0.92	0.928	0.912	0.9373333333333334	0.8506666666666667	0.9293333333333333	0.8853333333333333	0.932	0.9466666666666667	0.896	0.9346666666666666	0.9306666666666666	0.84	0.8853333333333333	0.752	0.8266666666666667	0.8106666666666666	0.6586666666666666	0.6666666666666666	0.8053333333333333	0.9426666666666667	0.9253333333333333	0.928	0.9226666666666666	0.9146666666666666	0.6493333333333333	0.8533333333333334	0.8546666666666667	0.6493333333333333	0.592	0.932	0.924	0.94	0.852	0.9293333333333333	0.9266666666666666	0.904	0.9266666666666666	0.924	0.888	0.8946666666666667	0.9026666666666666	0.9026666666666666	0.9293333333333333	0.9306666666666666	0.912	0.9386666666666666	0.904	0.912	0.9306666666666666	0.896	0.9306666666666666	0.9373333333333334	0.9426666666666667	0.9346666666666666	0.9186666666666666	0.9293333333333333	0.92	0.92	0.9333333333333333	0.936	0.9266666666666666	0.9373333333333334	0.8866666666666667	0.948	0.9413333333333334	0.9626666666666667	0.9186666666666666	0.9266666666666666	0.928	0.948	0.944	0.952	0.9413333333333334	0.9573333333333334	0.7986666666666666	0.9386666666666666	0.9586666666666667	0.9453333333333334	0.928	0.94	0.9173333333333333	0.948	0.9346666666666666	0.9466666666666667	0.948	0.9173333333333333	0.8546666666666667	0.9426666666666667	0.876	0.9346666666666666	0.932	0.94	0.916	0.948	0.956	0.9386666666666666	0.9626666666666667	0.9546666666666667	0.92	0.924	0.9533333333333334	0.9413333333333334	0.9466666666666667	0.9333333333333333	0.9346666666666666	0.936	0.9533333333333334	0.9133333333333333	0.9373333333333334	0.9306666666666666	0.9373333333333334	0.9173333333333333	0.9346666666666666	0.9346666666666666	0.9453333333333334	0.9653333333333334	0.9373333333333334	0.9253333333333333	0.932	0.9213333333333333	0.9213333333333333	0.9546666666666667	0.9266666666666666	0.9333333333333333	0.944	0.9946666666666667	0.9653333333333334	0.9426666666666667	0.96	0.9533333333333334	0.968	0.9613333333333334	0.9426666666666667	0.9733333333333334	0.9506666666666667	0.9626666666666667	0.9346666666666666	0.9386666666666666	0.928	0.9333333333333333	0.9813333333333333	0.9373333333333334	0.936	0.944	0.9413333333333334	0.968	0.952	0.9573333333333334	0.944	0.9386666666666666	0.952	0.992	0.9426666666666667	0.9493333333333334	0.9413333333333334	0.916	0.9493333333333334	0.9626666666666667	0.9346666666666666	0.9453333333333334	0.944
S2014F_E9-3-A-F	0.9786666666666667	0.976	0.964	0.9466666666666667	0.9826666666666667	0.9786666666666667	0.9213333333333333	0.9746666666666667	0.9773333333333334	0.9613333333333334	0.976	0.9573333333333334	0.964	0.924	0.92	0.8173333333333334	0.9106666666666666	0.9013333333333333	0.8866666666666667	0.9186666666666666	0.776	0.9306666666666666	0.8253333333333334	0.8506666666666667	0.9293333333333333	0.956	0.756	0.7106666666666667	0.6453333333333333	0.7293333333333333	0.7346666666666667	0.7413333333333333	0.7253333333333334	0.0	0.564	0.49333333333333335	0.9586666666666667	0.9626666666666667	0.9573333333333334	0.9253333333333333	0.9586666666666667	0.9093333333333333	0.872	0.9266666666666666	0.9106666666666666	0.8	0.936	0.916	0.9373333333333334	0.96	0.9413333333333334	0.972	0.948	0.964	0.9	0.9186666666666666	0.8573333333333333	0.9106666666666666	0.812	0.9493333333333334	0.9573333333333334	0.912	0.9293333333333333	0.9266666666666666	0.8666666666666667	0.924	0.8533333333333334	0.884	0.8693333333333333	0.548	0.6453333333333333	0.8546666666666667	0.944	0.9346666666666666	0.908	0.932	0.9346666666666666	0.6613333333333333	0.8293333333333334	0.6813333333333333	0.496	0.49733333333333335	0.9373333333333334	0.9373333333333334	0.9693333333333334	0.776	0.9626666666666667	0.9533333333333334	0.912	0.956	0.9533333333333334	0.932	0.8906666666666667	0.9333333333333333	0.9346666666666666	0.9613333333333334	0.9546666666666667	0.944	0.9746666666666667	0.9066666666666666	0.9253333333333333	0.9226666666666666	0.86	0.9493333333333334	0.9546666666666667	0.96	0.952	0.9426666666666667	0.968	0.948	0.9613333333333334	0.9506666666666667	0.9613333333333334	0.9533333333333334	0.9573333333333334	0.8906666666666667	0.9666666666666667	0.96	0.9746666666666667	0.8893333333333333	0.9653333333333334	0.9346666666666666	0.968	0.956	0.972	0.9573333333333334	0.9666666666666667	0.884	0.9493333333333334	0.964	0.968	0.9506666666666667	0.9573333333333334	0.9426666666666667	0.9626666666666667	0.9426666666666667	0.9573333333333334	0.96	0.936	0.848	0.948	0.8853333333333333	0.9413333333333334	0.952	0.9733333333333334	0.8986666666666666	0.9706666666666667	0.9506666666666667	0.9493333333333334	0.968	0.968	0.94	0.9413333333333334	0.9493333333333334	0.96	0.9493333333333334	0.9466666666666667	0.9426666666666667	0.9466666666666667	0.9493333333333334	0.8706666666666667	0.9453333333333334	0.9253333333333333	0.944	0.9386666666666666	0.9506666666666667	0.9586666666666667	0.944	0.964	0.952	0.944	0.948	0.8906666666666667	0.904	0.952	0.9453333333333334	0.936	0.9413333333333334	0.9893333333333333	0.9546666666666667	0.9733333333333334	0.9506666666666667	0.9373333333333334	0.9733333333333334	0.9506666666666667	0.9733333333333334	0.9693333333333334	0.9213333333333333	0.972	0.9693333333333334	0.972	0.9453333333333334	0.9186666666666666	0.9706666666666667	0.952	0.928	0.9653333333333334	0.92	0.968	0.944	0.9213333333333333	0.9746666666666667	0.9653333333333334	0.9293333333333333	0.9893333333333333	0.976	0.9213333333333333	0.9626666666666667	0.9146666666666666	0.9266666666666666	0.9506666666666667	0.9253333333333333	0.956	0.944
S2014F_E9-3-B-F	0.9666666666666667	0.9746666666666667	0.9666666666666667	0.9533333333333334	0.9826666666666667	0.9586666666666667	0.9373333333333334	0.9693333333333334	0.9733333333333334	0.9693333333333334	0.988	0.9626666666666667	0.9786666666666667	0.9346666666666666	0.9053333333333333	0.8293333333333334	0.892	0.8666666666666667	0.8666666666666667	0.8946666666666667	0.768	0.9493333333333334	0.84	0.836	0.9053333333333333	0.9253333333333333	0.6813333333333333	0.7493333333333333	0.688	0.6986666666666667	0.7186666666666667	0.6613333333333333	0.7213333333333334	0.564	0.0	0.444	0.948	0.956	0.9613333333333334	0.9093333333333333	0.9453333333333334	0.9386666666666666	0.8973333333333333	0.9453333333333334	0.9226666666666666	0.7906666666666666	0.9306666666666666	0.912	0.904	0.9333333333333333	0.8986666666666666	0.9386666666666666	0.8906666666666667	0.92	0.8773333333333333	0.9253333333333333	0.832	0.9013333333333333	0.8	0.9293333333333333	0.9293333333333333	0.8893333333333333	0.8973333333333333	0.8906666666666667	0.8893333333333333	0.908	0.8466666666666667	0.864	0.844	0.6053333333333333	0.6626666666666666	0.76	0.9506666666666667	0.9226666666666666	0.8506666666666667	0.9413333333333334	0.932	0.6586666666666666	0.8146666666666667	0.6773333333333333	0.5213333333333333	0.4026666666666667	0.9133333333333333	0.952	0.968	0.8013333333333333	0.968	0.9266666666666666	0.8893333333333333	0.9453333333333334	0.9333333333333333	0.9333333333333333	0.8893333333333333	0.928	0.9213333333333333	0.9373333333333334	0.956	0.9413333333333334	0.9746666666666667	0.9026666666666666	0.9186666666666666	0.8933333333333333	0.8933333333333333	0.9373333333333334	0.956	0.9466666666666667	0.932	0.932	0.9653333333333334	0.9333333333333333	0.9373333333333334	0.956	0.9573333333333334	0.956	0.96	0.9013333333333333	0.972	0.968	0.9773333333333334	0.9066666666666666	0.956	0.9466666666666667	0.9706666666666667	0.9613333333333334	0.968	0.9506666666666667	0.96	0.7973333333333333	0.9533333333333334	0.968	0.96	0.9466666666666667	0.9666666666666667	0.94	0.9653333333333334	0.9453333333333334	0.9706666666666667	0.9573333333333334	0.924	0.8306666666666667	0.952	0.8666666666666667	0.9586666666666667	0.96	0.976	0.912	0.9693333333333334	0.9253333333333333	0.9373333333333334	0.9346666666666666	0.9413333333333334	0.94	0.9506666666666667	0.952	0.964	0.9173333333333333	0.948	0.9506666666666667	0.924	0.9306666666666666	0.888	0.944	0.928	0.9533333333333334	0.9373333333333334	0.948	0.924	0.9346666666666666	0.928	0.9333333333333333	0.9386666666666666	0.9253333333333333	0.9306666666666666	0.9146666666666666	0.9586666666666667	0.9493333333333334	0.9413333333333334	0.9506666666666667	0.9973333333333333	0.9586666666666667	0.9586666666666667	0.98	0.976	0.9786666666666667	0.9666666666666667	0.9746666666666667	0.98	0.9626666666666667	0.9666666666666667	0.96	0.968	0.9386666666666666	0.9466666666666667	0.9733333333333334	0.9386666666666666	0.9066666666666666	0.9746666666666667	0.9226666666666666	0.9786666666666667	0.9786666666666667	0.972	0.9706666666666667	0.9573333333333334	0.9613333333333334	0.988	0.9773333333333334	0.9613333333333334	0.972	0.884	0.9666666666666667	0.9533333333333334	0.9413333333333334	0.9666666666666667	0.976
S2014F_E9-3-C-F	0.9226666666666666	0.9146666666666666	0.94	0.8933333333333333	0.9866666666666667	0.9173333333333333	0.876	0.9266666666666666	0.9173333333333333	0.92	0.924	0.908	0.9666666666666667	0.872	0.8626666666666667	0.7586666666666667	0.8733333333333333	0.8186666666666667	0.8333333333333334	0.84	0.6666666666666666	0.8866666666666667	0.752	0.764	0.8906666666666667	0.9226666666666666	0.7346666666666667	0.7453333333333333	0.7106666666666667	0.7306666666666667	0.6186666666666667	0.6213333333333333	0.7333333333333333	0.49333333333333335	0.444	0.0	0.956	0.9586666666666667	0.956	0.8973333333333333	0.9533333333333334	0.9026666666666666	0.832	0.8746666666666667	0.8706666666666667	0.728	0.8986666666666666	0.864	0.876	0.8973333333333333	0.884	0.9093333333333333	0.88	0.892	0.828	0.8573333333333333	0.7533333333333333	0.856	0.7173333333333334	0.9093333333333333	0.9253333333333333	0.828	0.8613333333333333	0.8866666666666667	0.7973333333333333	0.8626666666666667	0.7853333333333333	0.8013333333333333	0.7906666666666666	0.5826666666666667	0.6333333333333333	0.812	0.8986666666666666	0.8813333333333333	0.828	0.8826666666666667	0.876	0.7	0.7546666666666667	0.6013333333333334	0.5813333333333334	0.49466666666666664	0.8973333333333333	0.9173333333333333	0.928	0.7906666666666666	0.924	0.9093333333333333	0.8786666666666667	0.916	0.912	0.8866666666666667	0.8533333333333334	0.8853333333333333	0.888	0.916	0.928	0.9053333333333333	0.9346666666666666	0.8933333333333333	0.904	0.9173333333333333	0.88	0.912	0.9253333333333333	0.9266666666666666	0.9186666666666666	0.8866666666666667	0.9213333333333333	0.9053333333333333	0.908	0.9186666666666666	0.916	0.9146666666666666	0.9213333333333333	0.888	0.932	0.9333333333333333	0.956	0.8746666666666667	0.924	0.9173333333333333	0.9453333333333334	0.9253333333333333	0.9253333333333333	0.9026666666666666	0.9146666666666666	0.8266666666666667	0.9253333333333333	0.9506666666666667	0.948	0.924	0.9413333333333334	0.904	0.9466666666666667	0.8826666666666667	0.916	0.912	0.876	0.7933333333333333	0.92	0.86	0.904	0.9306666666666666	0.9466666666666667	0.868	0.9493333333333334	0.9093333333333333	0.8893333333333333	0.92	0.9413333333333334	0.9093333333333333	0.924	0.9066666666666666	0.908	0.8866666666666667	0.9226666666666666	0.92	0.8946666666666667	0.9133333333333333	0.86	0.928	0.8893333333333333	0.892	0.8986666666666666	0.924	0.8906666666666667	0.8933333333333333	0.9346666666666666	0.9053333333333333	0.912	0.9066666666666666	0.884	0.8786666666666667	0.9346666666666666	0.9133333333333333	0.9	0.9053333333333333	0.9826666666666667	0.92	0.904	0.9466666666666667	0.9146666666666666	0.9573333333333334	0.9266666666666666	0.9053333333333333	0.968	0.8746666666666667	0.9093333333333333	0.912	0.9066666666666666	0.8893333333333333	0.8506666666666667	0.9413333333333334	0.8826666666666667	0.8866666666666667	0.9106666666666666	0.8613333333333333	0.944	0.8826666666666667	0.9106666666666666	0.9066666666666666	0.9066666666666666	0.8946666666666667	0.9746666666666667	0.904	0.8653333333333333	0.944	0.8186666666666667	0.8693333333333333	0.9186666666666666	0.8866666666666667	0.916	0.86
S2014m_E2-1-A-F	0.9346666666666666	0.928	0.8186666666666667	0.896	0.82	0.944	0.772	0.968	0.8453333333333334	0.92	0.9746666666666667	0.9173333333333333	0.9453333333333334	0.29733333333333334	0.8666666666666667	0.8053333333333333	0.788	0.9626666666666667	0.896	0.8346666666666667	0.9053333333333333	0.36533333333333334	0.824	0.8866666666666667	0.924	0.28	0.9613333333333334	0.9	0.9493333333333334	0.9053333333333333	0.88	0.808	0.9586666666666667	0.9586666666666667	0.948	0.956	0.0	0.15733333333333333	0.25466666666666665	0.5773333333333334	0.17733333333333334	0.5653333333333334	0.8586666666666667	0.772	0.6733333333333333	0.7866666666666666	0.9186666666666666	0.7813333333333333	0.7533333333333333	0.6586666666666666	0.7186666666666667	0.3426666666666667	0.752	0.5773333333333334	0.8613333333333333	0.816	0.9213333333333333	0.468	0.8786666666666667	0.7133333333333334	0.384	0.6733333333333333	0.632	0.232	0.7906666666666666	0.5613333333333334	0.872	0.8573333333333333	0.8853333333333333	0.9293333333333333	0.88	0.9133333333333333	0.384	0.8293333333333334	0.5853333333333334	0.7253333333333334	0.6973333333333334	0.948	0.7733333333333333	0.9186666666666666	0.9613333333333334	0.9453333333333334	0.784	0.732	0.9573333333333334	0.9813333333333333	0.9426666666666667	0.8706666666666667	0.92	0.8146666666666667	0.8533333333333334	0.9226666666666666	0.9266666666666666	0.8466666666666667	0.912	0.5666666666666667	0.9373333333333334	0.8426666666666667	0.9026666666666666	0.9306666666666666	0.9213333333333333	0.9	0.9573333333333334	0.8546666666666667	0.8933333333333333	0.904	0.9133333333333333	0.8613333333333333	0.8333333333333334	0.812	0.8173333333333334	0.8946666666666667	0.876	0.9093333333333333	0.9333333333333333	0.7586666666666667	0.68	0.48	0.43066666666666664	0.6546666666666666	0.7133333333333334	0.788	0.248	0.7626666666666667	0.5453333333333333	0.808	0.7053333333333334	0.7866666666666666	0.808	0.904	0.72	0.516	0.6826666666666666	0.8653333333333333	0.74	0.6946666666666667	0.8253333333333334	0.688	0.528	0.6306666666666667	0.4146666666666667	0.324	0.752	0.596	0.6666666666666666	0.74	0.7053333333333334	0.6053333333333333	0.8146666666666667	0.872	0.484	0.8066666666666666	0.8146666666666667	0.9426666666666667	0.9213333333333333	0.8106666666666666	0.7853333333333333	0.7253333333333334	0.8026666666666666	0.7466666666666667	0.9386666666666666	0.6546666666666666	0.9146666666666666	0.812	0.8106666666666666	0.7813333333333333	0.94	0.812	0.876	0.8373333333333334	0.8413333333333334	0.804	0.796	0.8053333333333333	0.41333333333333333	0.7786666666666666	0.8653333333333333	0.9133333333333333	0.844	0.8946666666666667	0.8066666666666666	0.888	0.852	0.944	0.8786666666666667	0.968	0.86	0.8893333333333333	0.9426666666666667	0.9106666666666666	0.9373333333333334	0.944	0.8253333333333334	0.856	0.9373333333333334	0.7946666666666666	0.8	0.78	0.8493333333333334	0.964	0.8946666666666667	0.948	0.9253333333333333	0.8106666666666666	0.8373333333333334	0.9253333333333333	0.7986666666666666	0.7493333333333333	0.9306666666666666	0.8973333333333333	0.8773333333333333	0.78	0.8613333333333333	0.9586666666666667
S2014M_E2-1-A-M	0.9293333333333333	0.8946666666666667	0.816	0.8706666666666667	0.812	0.9146666666666666	0.74	0.9613333333333334	0.8333333333333334	0.9173333333333333	0.956	0.8893333333333333	0.9493333333333334	0.324	0.8626666666666667	0.7813333333333333	0.7413333333333333	0.9586666666666667	0.8906666666666667	0.832	0.8906666666666667	0.49066666666666664	0.8053333333333333	0.8666666666666667	0.916	0.30533333333333335	0.968	0.9066666666666666	0.9466666666666667	0.9026666666666666	0.884	0.8133333333333334	0.9546666666666667	0.9626666666666667	0.956	0.9586666666666667	0.15733333333333333	0.0	0.2	0.472	0.17733333333333334	0.43466666666666665	0.8293333333333334	0.6906666666666667	0.6613333333333333	0.7106666666666667	0.8866666666666667	0.7	0.72	0.6213333333333333	0.6853333333333333	0.3466666666666667	0.7173333333333334	0.5293333333333333	0.8573333333333333	0.8293333333333334	0.892	0.4573333333333333	0.86	0.6813333333333333	0.3453333333333333	0.6373333333333333	0.5466666666666666	0.31733333333333336	0.7733333333333333	0.5546666666666666	0.884	0.8706666666666667	0.8906666666666667	0.9413333333333334	0.892	0.908	0.29733333333333334	0.836	0.588	0.7373333333333333	0.672	0.9466666666666667	0.7773333333333333	0.9173333333333333	0.9546666666666667	0.9453333333333334	0.7866666666666666	0.7053333333333334	0.924	0.9826666666666667	0.908	0.8386666666666667	0.8906666666666667	0.7773333333333333	0.8226666666666667	0.8946666666666667	0.896	0.8186666666666667	0.8813333333333333	0.5346666666666666	0.9066666666666666	0.8146666666666667	0.8733333333333333	0.912	0.8933333333333333	0.8693333333333333	0.936	0.8213333333333334	0.8613333333333333	0.876	0.8786666666666667	0.86	0.8186666666666667	0.772	0.7573333333333333	0.8626666666666667	0.8493333333333334	0.9026666666666666	0.9026666666666666	0.7466666666666667	0.5826666666666667	0.43466666666666665	0.41733333333333333	0.5893333333333334	0.7093333333333334	0.7213333333333334	0.3586666666666667	0.7533333333333333	0.4746666666666667	0.7973333333333333	0.6453333333333333	0.78	0.76	0.8946666666666667	0.64	0.48533333333333334	0.6106666666666667	0.8333333333333334	0.7013333333333334	0.6853333333333333	0.82	0.6826666666666666	0.48933333333333334	0.6066666666666667	0.4226666666666667	0.37733333333333335	0.7293333333333333	0.5306666666666666	0.5946666666666667	0.7053333333333334	0.684	0.6013333333333334	0.7546666666666667	0.8626666666666667	0.472	0.7466666666666667	0.7813333333333333	0.9346666666666666	0.8893333333333333	0.8026666666666666	0.7533333333333333	0.6626666666666666	0.7866666666666666	0.7413333333333333	0.928	0.596	0.9093333333333333	0.804	0.784	0.7226666666666667	0.916	0.756	0.8786666666666667	0.828	0.8106666666666666	0.748	0.788	0.8013333333333333	0.37066666666666664	0.7346666666666667	0.8573333333333333	0.9	0.8053333333333333	0.9106666666666666	0.7506666666666667	0.876	0.8586666666666667	0.9426666666666667	0.892	0.9333333333333333	0.864	0.8973333333333333	0.944	0.8826666666666667	0.9066666666666666	0.9186666666666666	0.8346666666666667	0.8413333333333334	0.9093333333333333	0.7933333333333333	0.7466666666666667	0.7733333333333333	0.8426666666666667	0.956	0.9093333333333333	0.9253333333333333	0.9213333333333333	0.8293333333333334	0.8013333333333333	0.892	0.8146666666666667	0.6773333333333333	0.9066666666666666	0.904	0.86	0.756	0.8573333333333333	0.956
S2014m_E2-1-B-F	0.9346666666666666	0.924	0.7706666666666667	0.896	0.796	0.948	0.7106666666666667	0.9653333333333334	0.844	0.9213333333333333	0.9666666666666667	0.9186666666666666	0.9493333333333334	0.4746666666666667	0.872	0.8546666666666667	0.8213333333333334	0.9586666666666667	0.8946666666666667	0.84	0.9173333333333333	0.524	0.836	0.892	0.9253333333333333	0.308	0.9613333333333334	0.8906666666666667	0.9493333333333334	0.8986666666666666	0.884	0.852	0.9573333333333334	0.9573333333333334	0.9613333333333334	0.956	0.25466666666666665	0.2	0.0	0.5706666666666667	0.15333333333333332	0.5306666666666666	0.856	0.832	0.6866666666666666	0.8466666666666667	0.916	0.84	0.6573333333333333	0.584	0.6426666666666667	0.3586666666666667	0.68	0.5613333333333334	0.8693333333333333	0.8253333333333334	0.9213333333333333	0.4866666666666667	0.8786666666666667	0.644	0.292	0.6093333333333333	0.6266666666666667	0.3373333333333333	0.8386666666666667	0.552	0.8653333333333333	0.8533333333333334	0.8733333333333333	0.9186666666666666	0.8693333333333333	0.9066666666666666	0.4026666666666667	0.812	0.5973333333333334	0.692	0.732	0.944	0.7853333333333333	0.92	0.952	0.944	0.7666666666666667	0.7306666666666667	0.9533333333333334	0.988	0.936	0.868	0.92	0.808	0.8506666666666667	0.924	0.9266666666666666	0.848	0.9106666666666666	0.5746666666666667	0.932	0.8413333333333334	0.9	0.944	0.92	0.8986666666666666	0.96	0.856	0.8893333333333333	0.9066666666666666	0.9093333333333333	0.8626666666666667	0.832	0.756	0.7453333333333333	0.892	0.876	0.9013333333333333	0.9266666666666666	0.7453333333333333	0.66	0.436	0.4266666666666667	0.6133333333333333	0.7093333333333334	0.7066666666666667	0.444	0.7506666666666667	0.528	0.804	0.7573333333333333	0.7813333333333333	0.724	0.8933333333333333	0.7786666666666666	0.5146666666666667	0.7346666666666667	0.8626666666666667	0.792	0.712	0.8173333333333334	0.6813333333333333	0.49466666666666664	0.6626666666666666	0.464	0.44	0.7546666666666667	0.5333333333333333	0.648	0.7373333333333333	0.7466666666666667	0.6026666666666667	0.868	0.8706666666666667	0.512	0.8613333333333333	0.864	0.9333333333333333	0.9146666666666666	0.8653333333333333	0.7813333333333333	0.7786666666666666	0.8533333333333334	0.7573333333333333	0.9293333333333333	0.7133333333333334	0.9066666666666666	0.86	0.8133333333333334	0.8373333333333334	0.94	0.868	0.8826666666666667	0.8253333333333334	0.836	0.856	0.8173333333333334	0.7973333333333333	0.47733333333333333	0.8346666666666667	0.864	0.9026666666666666	0.7706666666666667	0.8933333333333333	0.7866666666666666	0.76	0.844	0.9466666666666667	0.8826666666666667	0.964	0.8653333333333333	0.8946666666666667	0.948	0.9053333333333333	0.936	0.9533333333333334	0.8186666666666667	0.744	0.9453333333333334	0.78	0.7413333333333333	0.76	0.752	0.9586666666666667	0.8893333333333333	0.9493333333333334	0.9226666666666666	0.8106666666666666	0.7693333333333333	0.9213333333333333	0.796	0.6333333333333333	0.936	0.8906666666666667	0.86	0.704	0.8586666666666667	0.9586666666666667
S2014M_E2-1-B-M	0.9186666666666666	0.8906666666666667	0.844	0.8533333333333334	0.812	0.9106666666666666	0.692	0.948	0.824	0.904	0.944	0.876	0.936	0.692	0.8066666666666666	0.7466666666666667	0.6826666666666666	0.9173333333333333	0.828	0.7933333333333333	0.8293333333333334	0.884	0.7413333333333333	0.816	0.8813333333333333	0.612	0.9066666666666666	0.8653333333333333	0.9066666666666666	0.9106666666666666	0.848	0.768	0.9306666666666666	0.9253333333333333	0.9093333333333333	0.8973333333333333	0.5773333333333334	0.472	0.5706666666666667	0.0	0.588	0.20533333333333334	0.8026666666666666	0.64	0.7773333333333333	0.6733333333333333	0.8693333333333333	0.6413333333333333	0.5186666666666667	0.39066666666666666	0.6613333333333333	0.7453333333333333	0.42	0.408	0.804	0.8	0.8653333333333333	0.8013333333333333	0.7906666666666666	0.38266666666666665	0.524	0.324	0.26	0.68	0.74	0.8666666666666667	0.8333333333333334	0.8386666666666667	0.8653333333333333	0.9013333333333333	0.8786666666666667	0.912	0.492	0.7946666666666666	0.8146666666666667	0.7106666666666667	0.6573333333333333	0.9146666666666666	0.776	0.8866666666666667	0.9266666666666666	0.9026666666666666	0.7826666666666666	0.8706666666666667	0.904	0.9013333333333333	0.8853333333333333	0.828	0.864	0.7666666666666667	0.8293333333333334	0.88	0.868	0.8053333333333333	0.8693333333333333	0.9	0.896	0.812	0.86	0.9	0.8853333333333333	0.8653333333333333	0.9253333333333333	0.808	0.844	0.84	0.864	0.836	0.7933333333333333	0.7266666666666667	0.688	0.8533333333333334	0.8413333333333334	0.8786666666666667	0.8893333333333333	0.76	0.504	0.5973333333333334	0.7666666666666667	0.7	0.796	0.5946666666666667	0.7453333333333333	0.7893333333333333	0.36933333333333335	0.7826666666666666	0.604	0.76	0.4826666666666667	0.9013333333333333	0.608	0.7026666666666667	0.5706666666666667	0.824	0.72	0.6626666666666666	0.8	0.7733333333333333	0.5773333333333334	0.74	0.8133333333333334	0.7773333333333333	0.7653333333333333	0.6853333333333333	0.5253333333333333	0.664	0.664	0.8786666666666667	0.6973333333333334	0.8533333333333334	0.8053333333333333	0.7173333333333334	0.7586666666666667	0.9053333333333333	0.8733333333333333	0.784	0.7893333333333333	0.6413333333333333	0.7626666666666667	0.8293333333333334	0.9146666666666666	0.6706666666666666	0.8866666666666667	0.78	0.7653333333333333	0.692	0.8946666666666667	0.6893333333333334	0.8693333333333333	0.872	0.82	0.6906666666666667	0.752	0.8026666666666666	0.7346666666666667	0.712	0.8053333333333333	0.8746666666666667	0.5413333333333333	0.896	0.7346666666666667	0.9013333333333333	0.8533333333333334	0.932	0.8853333333333333	0.9226666666666666	0.8533333333333334	0.8826666666666667	0.928	0.872	0.8986666666666666	0.904	0.816	0.8746666666666667	0.8866666666666667	0.7533333333333333	0.7306666666666667	0.732	0.8746666666666667	0.9373333333333334	0.896	0.916	0.9026666666666666	0.8146666666666667	0.6626666666666666	0.888	0.7986666666666666	0.6866666666666666	0.888	0.888	0.884	0.6506666666666666	0.84	0.936
S2014m_E2-1-C-F	0.9293333333333333	0.9053333333333333	0.7893333333333333	0.8893333333333333	0.8053333333333333	0.9253333333333333	0.7133333333333334	0.9546666666666667	0.8453333333333334	0.9253333333333333	0.9586666666666667	0.9093333333333333	0.9466666666666667	0.384	0.844	0.86	0.8346666666666667	0.944	0.8706666666666667	0.8266666666666667	0.892	0.42	0.8133333333333334	0.86	0.9	0.21733333333333332	0.948	0.8733333333333333	0.932	0.8933333333333333	0.8746666666666667	0.8533333333333334	0.9466666666666667	0.9586666666666667	0.9453333333333334	0.9533333333333334	0.17733333333333334	0.17733333333333334	0.15333333333333332	0.588	0.0	0.5653333333333334	0.8626666666666667	0.84	0.6893333333333334	0.8533333333333334	0.9013333333333333	0.8453333333333334	0.6733333333333333	0.5946666666666667	0.656	0.3293333333333333	0.684	0.5933333333333334	0.8453333333333334	0.836	0.9053333333333333	0.448	0.856	0.6786666666666666	0.31066666666666665	0.6466666666666666	0.6546666666666666	0.23866666666666667	0.8573333333333333	0.544	0.8533333333333334	0.8426666666666667	0.8706666666666667	0.9146666666666666	0.868	0.9013333333333333	0.4106666666666667	0.796	0.5653333333333334	0.6946666666666667	0.7413333333333333	0.9373333333333334	0.792	0.9173333333333333	0.948	0.9453333333333334	0.7613333333333333	0.7133333333333334	0.948	0.976	0.9333333333333333	0.8626666666666667	0.904	0.8053333333333333	0.8453333333333334	0.9173333333333333	0.92	0.84	0.9053333333333333	0.5573333333333333	0.9306666666666666	0.836	0.8946666666666667	0.9333333333333333	0.9173333333333333	0.8973333333333333	0.956	0.844	0.8786666666666667	0.8893333333333333	0.8946666666666667	0.86	0.824	0.7613333333333333	0.7666666666666667	0.8866666666666667	0.868	0.9013333333333333	0.924	0.7466666666666667	0.7026666666666667	0.47333333333333333	0.44666666666666666	0.6	0.704	0.7293333333333333	0.36666666666666664	0.7386666666666667	0.5666666666666667	0.7906666666666666	0.764	0.7746666666666666	0.756	0.888	0.78	0.5146666666666667	0.7493333333333333	0.844	0.808	0.724	0.8173333333333334	0.684	0.524	0.6733333333333333	0.42	0.33866666666666667	0.7506666666666667	0.532	0.6853333333333333	0.7453333333333333	0.76	0.5946666666666667	0.876	0.888	0.5226666666666666	0.8666666666666667	0.876	0.9213333333333333	0.8986666666666666	0.872	0.768	0.78	0.8653333333333333	0.7653333333333333	0.932	0.7133333333333334	0.8973333333333333	0.8693333333333333	0.8173333333333334	0.848	0.9226666666666666	0.8813333333333333	0.8893333333333333	0.816	0.8173333333333334	0.864	0.8346666666666667	0.788	0.4786666666666667	0.848	0.8786666666666667	0.892	0.7986666666666666	0.896	0.764	0.8346666666666667	0.852	0.948	0.8853333333333333	0.9586666666666667	0.8626666666666667	0.8866666666666667	0.94	0.9	0.9226666666666666	0.9266666666666666	0.82	0.7946666666666666	0.9186666666666666	0.7693333333333333	0.7466666666666667	0.7493333333333333	0.8	0.9493333333333334	0.9	0.9413333333333334	0.92	0.812	0.7973333333333333	0.9026666666666666	0.7973333333333333	0.6413333333333333	0.9173333333333333	0.8826666666666667	0.8493333333333334	0.728	0.86	0.96
S2014m_E2-1-C-M	0.9213333333333333	0.848	0.7786666666666666	0.8093333333333333	0.8013333333333333	0.88	0.648	0.9493333333333334	0.8066666666666666	0.8973333333333333	0.92	0.8506666666666667	0.924	0.6866666666666666	0.7773333333333333	0.7	0.628	0.9453333333333334	0.8386666666666667	0.7946666666666666	0.8	0.868	0.7186666666666667	0.768	0.92	0.6173333333333333	0.9466666666666667	0.8826666666666667	0.948	0.936	0.8146666666666667	0.776	0.932	0.9093333333333333	0.9386666666666666	0.9026666666666666	0.5653333333333334	0.43466666666666665	0.5306666666666666	0.20533333333333334	0.5653333333333334	0.0	0.7453333333333333	0.5466666666666666	0.756	0.6333333333333333	0.8466666666666667	0.5693333333333334	0.5226666666666666	0.45466666666666666	0.6866666666666666	0.748	0.4493333333333333	0.42533333333333334	0.772	0.7413333333333333	0.8133333333333334	0.7746666666666666	0.7533333333333333	0.43466666666666665	0.5573333333333333	0.4186666666666667	0.28933333333333333	0.7053333333333334	0.6933333333333334	0.86	0.8333333333333334	0.784	0.8146666666666667	0.8813333333333333	0.84	0.9386666666666666	0.5106666666666667	0.8026666666666666	0.868	0.684	0.6306666666666667	0.9173333333333333	0.776	0.8453333333333334	0.936	0.944	0.7893333333333333	0.8693333333333333	0.8786666666666667	0.9706666666666667	0.8533333333333334	0.788	0.828	0.7253333333333334	0.808	0.8626666666666667	0.8373333333333334	0.7706666666666667	0.824	0.8813333333333333	0.8626666666666667	0.7893333333333333	0.8253333333333334	0.896	0.8733333333333333	0.8546666666666667	0.9253333333333333	0.7693333333333333	0.8066666666666666	0.82	0.8266666666666667	0.8026666666666666	0.7666666666666667	0.6866666666666666	0.644	0.8173333333333334	0.7973333333333333	0.856	0.848	0.7853333333333333	0.45866666666666667	0.5946666666666667	0.784	0.6853333333333333	0.788	0.5453333333333333	0.764	0.7866666666666666	0.36933333333333335	0.788	0.6013333333333334	0.7613333333333333	0.5213333333333333	0.9253333333333333	0.536	0.68	0.564	0.8106666666666666	0.72	0.6493333333333333	0.7906666666666666	0.7746666666666666	0.5733333333333334	0.7	0.8293333333333334	0.7866666666666666	0.744	0.6626666666666666	0.4866666666666667	0.644	0.644	0.8986666666666666	0.6333333333333333	0.86	0.8226666666666667	0.7213333333333334	0.74	0.916	0.84	0.7813333333333333	0.7693333333333333	0.6466666666666666	0.7706666666666667	0.852	0.9226666666666666	0.6613333333333333	0.888	0.7866666666666666	0.748	0.688	0.9013333333333333	0.644	0.892	0.8826666666666667	0.8013333333333333	0.672	0.7173333333333334	0.8146666666666667	0.752	0.6946666666666667	0.8	0.856	0.6	0.8826666666666667	0.6946666666666667	0.828	0.8093333333333333	0.92	0.884	0.884	0.8386666666666667	0.848	0.9306666666666666	0.8346666666666667	0.86	0.864	0.7773333333333333	0.8333333333333334	0.8333333333333334	0.7506666666666667	0.6733333333333333	0.7026666666666667	0.8093333333333333	0.88	0.8586666666666667	0.8826666666666667	0.8773333333333333	0.7626666666666667	0.6573333333333333	0.8453333333333334	0.7546666666666667	0.6053333333333333	0.8426666666666667	0.8413333333333334	0.8506666666666667	0.6173333333333333	0.8226666666666667	0.876
S2014m_E2-2-A-M	0.9506666666666667	0.8226666666666667	0.8986666666666666	0.696	0.9893333333333333	0.8013333333333333	0.7533333333333333	0.9506666666666667	0.8306666666666667	0.9253333333333333	0.908	0.8493333333333334	0.9706666666666667	0.7026666666666667	0.5893333333333334	0.4493333333333333	0.812	0.932	0.8106666666666666	0.6826666666666666	0.7186666666666667	0.8133333333333334	0.532	0.4226666666666667	0.9146666666666666	0.856	0.9186666666666666	0.86	0.9293333333333333	0.9146666666666666	0.7653333333333333	0.7013333333333334	0.9013333333333333	0.872	0.8973333333333333	0.832	0.8586666666666667	0.8293333333333334	0.856	0.8026666666666666	0.8626666666666667	0.7453333333333333	0.0	0.39066666666666666	0.5733333333333334	0.43466666666666665	0.6826666666666666	0.548	0.8853333333333333	0.8533333333333334	0.9	0.8693333333333333	0.8213333333333334	0.792	0.6466666666666666	0.5493333333333333	0.4653333333333333	0.6933333333333334	0.4666666666666667	0.7293333333333333	0.8973333333333333	0.8173333333333334	0.7746666666666666	0.8546666666666667	0.636	0.7186666666666667	0.696	0.6186666666666667	0.6266666666666667	0.8546666666666667	0.804	0.9093333333333333	0.7413333333333333	0.7986666666666666	0.8066666666666666	0.7866666666666666	0.672	0.8893333333333333	0.6786666666666666	0.6026666666666667	0.888	0.8973333333333333	0.7626666666666667	0.8693333333333333	0.6733333333333333	0.9346666666666666	0.7066666666666667	0.7093333333333334	0.66	0.7373333333333333	0.664	0.7466666666666667	0.6693333333333333	0.612	0.6613333333333333	0.82	0.796	0.7466666666666667	0.764	0.8346666666666667	0.8453333333333334	0.7973333333333333	0.8906666666666667	0.6226666666666667	0.7506666666666667	0.8186666666666667	0.748	0.7493333333333333	0.74	0.816	0.664	0.8613333333333333	0.7386666666666667	0.836	0.748	0.88	0.8173333333333334	0.7933333333333333	0.8493333333333334	0.8026666666666666	0.8133333333333334	0.644	0.8333333333333334	0.716	0.804	0.8506666666666667	0.7293333333333333	0.852	0.8946666666666667	0.9013333333333333	0.7426666666666667	0.6773333333333333	0.7266666666666667	0.724	0.7493333333333333	0.7266666666666667	0.8493333333333334	0.72	0.7426666666666667	0.648	0.864	0.8213333333333334	0.7973333333333333	0.78	0.72	0.6266666666666667	0.8093333333333333	0.8226666666666667	0.7426666666666667	0.8293333333333334	0.7946666666666666	0.7613333333333333	0.7613333333333333	0.8773333333333333	0.7066666666666667	0.7573333333333333	0.716	0.7306666666666667	0.7613333333333333	0.7813333333333333	0.9146666666666666	0.7466666666666667	0.852	0.7653333333333333	0.664	0.7253333333333334	0.8453333333333334	0.74	0.8066666666666666	0.808	0.532	0.7093333333333334	0.676	0.832	0.816	0.608	0.7506666666666667	0.7533333333333333	0.9893333333333333	0.9	0.6266666666666667	0.892	0.832	0.9573333333333334	0.9546666666666667	0.6253333333333333	0.9746666666666667	0.7813333333333333	0.936	0.6493333333333333	0.8253333333333334	0.8146666666666667	0.7186666666666667	0.9653333333333334	0.7733333333333333	0.8573333333333333	0.8026666666666666	0.7546666666666667	0.9306666666666666	0.8573333333333333	0.828	0.8453333333333334	0.8853333333333333	0.7573333333333333	0.9893333333333333	0.8093333333333333	0.7786666666666666	0.908	0.7746666666666666	0.7693333333333333	0.9506666666666667	0.816	0.908	0.788
S2014m_E2-2-B-M	0.912	0.7906666666666666	0.9093333333333333	0.6933333333333334	0.9426666666666667	0.7453333333333333	0.7466666666666667	0.9146666666666666	0.7773333333333333	0.8866666666666667	0.8946666666666667	0.8106666666666666	0.92	0.6053333333333333	0.548	0.4866666666666667	0.6066666666666667	0.9386666666666666	0.792	0.7226666666666667	0.7653333333333333	0.8373333333333334	0.532	0.5	0.9066666666666666	0.8426666666666667	0.9213333333333333	0.872	0.948	0.928	0.788	0.7053333333333334	0.9213333333333333	0.9266666666666666	0.9453333333333334	0.8746666666666667	0.772	0.6906666666666667	0.832	0.64	0.84	0.5466666666666666	0.39066666666666666	0.0	0.584	0.39066666666666666	0.628	0.33066666666666666	0.856	0.8413333333333334	0.9106666666666666	0.8706666666666667	0.8066666666666666	0.7306666666666667	0.616	0.5906666666666667	0.6106666666666667	0.7506666666666667	0.5586666666666666	0.7706666666666667	0.876	0.7946666666666666	0.64	0.868	0.5493333333333333	0.72	0.724	0.6893333333333334	0.6946666666666667	0.8826666666666667	0.8253333333333334	0.9146666666666666	0.5733333333333334	0.7306666666666667	0.7906666666666666	0.7226666666666667	0.5493333333333333	0.9093333333333333	0.7266666666666667	0.7506666666666667	0.94	0.9306666666666666	0.7226666666666667	0.8733333333333333	0.7586666666666667	0.9733333333333334	0.7066666666666667	0.7613333333333333	0.7813333333333333	0.7906666666666666	0.7906666666666666	0.7813333333333333	0.7266666666666667	0.7346666666666667	0.7893333333333333	0.8013333333333333	0.7893333333333333	0.7786666666666666	0.7746666666666666	0.8426666666666667	0.8293333333333334	0.848	0.8853333333333333	0.696	0.776	0.812	0.7893333333333333	0.8133333333333334	0.8066666666666666	0.8533333333333334	0.7373333333333333	0.8666666666666667	0.796	0.8453333333333334	0.7533333333333333	0.8986666666666666	0.6186666666666667	0.768	0.8373333333333334	0.8146666666666667	0.8026666666666666	0.6986666666666667	0.784	0.652	0.7253333333333334	0.8546666666666667	0.58	0.8426666666666667	0.8973333333333333	0.908	0.5613333333333334	0.704	0.5946666666666667	0.7173333333333334	0.664	0.7066666666666667	0.84	0.732	0.6986666666666667	0.668	0.8693333333333333	0.8466666666666667	0.8173333333333334	0.76	0.68	0.6693333333333333	0.756	0.852	0.5586666666666666	0.86	0.7613333333333333	0.6826666666666666	0.732	0.9	0.7373333333333333	0.6946666666666667	0.676	0.6173333333333333	0.6906666666666667	0.7493333333333333	0.9306666666666666	0.604	0.864	0.7146666666666667	0.7026666666666667	0.6253333333333333	0.8746666666666667	0.5653333333333334	0.8426666666666667	0.7746666666666666	0.5866666666666667	0.6053333333333333	0.724	0.8506666666666667	0.7386666666666667	0.5413333333333333	0.772	0.7413333333333333	0.9386666666666666	0.8146666666666667	0.6266666666666667	0.8866666666666667	0.8613333333333333	0.908	0.9066666666666666	0.6346666666666667	0.9226666666666666	0.776	0.9106666666666666	0.6613333333333333	0.7813333333333333	0.7693333333333333	0.76	0.92	0.7	0.836	0.76	0.7706666666666667	0.896	0.82	0.8773333333333333	0.848	0.848	0.788	0.932	0.7733333333333333	0.832	0.8546666666666667	0.7466666666666667	0.792	0.9146666666666666	0.756	0.864	0.8106666666666666
S2014m_E2-2-C-M	0.9533333333333334	0.868	0.9453333333333334	0.8546666666666667	0.9866666666666667	0.7373333333333333	0.5773333333333334	0.9466666666666667	0.8266666666666667	0.94	0.908	0.9053333333333333	0.9653333333333334	0.532	0.504	0.5533333333333333	0.824	0.9213333333333333	0.8413333333333334	0.608	0.7466666666666667	0.6426666666666667	0.704	0.72	0.904	0.696	0.92	0.8733333333333333	0.9266666666666666	0.8813333333333333	0.78	0.7173333333333334	0.908	0.9106666666666666	0.9226666666666666	0.8706666666666667	0.6733333333333333	0.6613333333333333	0.6866666666666666	0.7773333333333333	0.6893333333333334	0.756	0.5733333333333334	0.584	0.0	0.6933333333333334	0.5306666666666666	0.712	0.8786666666666667	0.7813333333333333	0.8813333333333333	0.7266666666666667	0.8453333333333334	0.7626666666666667	0.6813333333333333	0.5613333333333334	0.804	0.524	0.776	0.7893333333333333	0.736	0.7693333333333333	0.7866666666666666	0.7133333333333334	0.58	0.6133333333333333	0.7373333333333333	0.6933333333333334	0.624	0.876	0.7893333333333333	0.872	0.512	0.5413333333333333	0.5946666666666667	0.5413333333333333	0.5293333333333333	0.8933333333333333	0.6266666666666667	0.652	0.916	0.9066666666666666	0.48133333333333334	0.7346666666666667	0.876	0.9706666666666667	0.872	0.8786666666666667	0.868	0.88	0.8373333333333334	0.8653333333333333	0.8533333333333334	0.8666666666666667	0.8733333333333333	0.712	0.8853333333333333	0.8493333333333334	0.8693333333333333	0.9266666666666666	0.912	0.9346666666666666	0.928	0.868	0.868	0.876	0.8666666666666667	0.8946666666666667	0.8706666666666667	0.8946666666666667	0.876	0.9053333333333333	0.884	0.884	0.8746666666666667	0.868	0.832	0.6373333333333333	0.6906666666666667	0.7173333333333334	0.7053333333333334	0.856	0.6706666666666666	0.644	0.696	0.856	0.7586666666666667	0.8693333333333333	0.9146666666666666	0.8866666666666667	0.7746666666666666	0.6133333333333333	0.7626666666666667	0.8133333333333334	0.76	0.736	0.852	0.6733333333333333	0.6066666666666667	0.5666666666666667	0.7106666666666667	0.6853333333333333	0.7653333333333333	0.6813333333333333	0.7813333333333333	0.7466666666666667	0.816	0.672	0.7813333333333333	0.8493333333333334	0.6386666666666667	0.78	0.7813333333333333	0.896	0.804	0.7346666666666667	0.5413333333333333	0.7186666666666667	0.7186666666666667	0.5746666666666667	0.9173333333333333	0.6	0.856	0.7533333333333333	0.74	0.74	0.8693333333333333	0.7786666666666666	0.8186666666666667	0.6973333333333334	0.7186666666666667	0.732	0.6986666666666667	0.8306666666666667	0.66	0.752	0.7906666666666666	0.7626666666666667	0.9933333333333333	0.8426666666666667	0.88	0.9373333333333334	0.7506666666666667	0.952	0.9613333333333334	0.876	0.9693333333333334	0.4693333333333333	0.9493333333333334	0.8746666666666667	0.8786666666666667	0.816	0.7586666666666667	0.9653333333333334	0.78	0.8853333333333333	0.8853333333333333	0.6546666666666666	0.9546666666666667	0.8613333333333333	0.7626666666666667	0.9013333333333333	0.8813333333333333	0.7706666666666667	0.988	0.872	0.7213333333333334	0.9106666666666666	0.8146666666666667	0.7346666666666667	0.9573333333333334	0.6666666666666666	0.92	0.7986666666666666
S2014m_E2-3-A-M	0.956	0.8413333333333334	0.904	0.736	0.988	0.8213333333333334	0.8506666666666667	0.948	0.824	0.9253333333333333	0.888	0.8773333333333333	0.9626666666666667	0.5973333333333334	0.656	0.5146666666666667	0.6613333333333333	0.8946666666666667	0.7626666666666667	0.7933333333333333	0.7293333333333333	0.8533333333333334	0.48	0.516	0.88	0.856	0.8933333333333333	0.852	0.8933333333333333	0.8866666666666667	0.7306666666666667	0.6373333333333333	0.8866666666666667	0.8	0.7906666666666666	0.728	0.7866666666666666	0.7106666666666667	0.8466666666666667	0.6733333333333333	0.8533333333333334	0.6333333333333333	0.43466666666666665	0.39066666666666666	0.6933333333333334	0.0	0.668	0.38133333333333336	0.852	0.8386666666666667	0.8786666666666667	0.876	0.8	0.7053333333333334	0.7346666666666667	0.6426666666666667	0.536	0.768	0.52	0.7493333333333333	0.8813333333333333	0.7973333333333333	0.6306666666666667	0.852	0.62	0.7466666666666667	0.7493333333333333	0.6973333333333334	0.7653333333333333	0.748	0.7266666666666667	0.7973333333333333	0.6733333333333333	0.816	0.7853333333333333	0.7866666666666666	0.6266666666666667	0.8573333333333333	0.7346666666666667	0.6506666666666666	0.7906666666666666	0.78	0.7653333333333333	0.8226666666666667	0.6693333333333333	0.912	0.716	0.772	0.7146666666666667	0.7666666666666667	0.7253333333333334	0.7906666666666666	0.7506666666666667	0.6706666666666666	0.728	0.8106666666666666	0.8253333333333334	0.768	0.792	0.8413333333333334	0.8493333333333334	0.848	0.8973333333333333	0.6746666666666666	0.7506666666666667	0.86	0.744	0.7733333333333333	0.7933333333333333	0.848	0.6986666666666667	0.8786666666666667	0.7706666666666667	0.848	0.7813333333333333	0.8826666666666667	0.688	0.7653333333333333	0.8333333333333334	0.8133333333333334	0.8093333333333333	0.6693333333333333	0.7866666666666666	0.7546666666666667	0.728	0.8586666666666667	0.6266666666666667	0.8146666666666667	0.8573333333333333	0.8546666666666667	0.6093333333333333	0.6866666666666666	0.604	0.7266666666666667	0.6653333333333333	0.692	0.8106666666666666	0.696	0.6973333333333334	0.632	0.844	0.828	0.848	0.7693333333333333	0.6693333333333333	0.6346666666666667	0.756	0.832	0.5866666666666667	0.8186666666666667	0.752	0.6626666666666666	0.708	0.844	0.7	0.6933333333333334	0.7133333333333334	0.616	0.6933333333333334	0.7746666666666666	0.86	0.6493333333333333	0.8	0.6986666666666667	0.644	0.6186666666666667	0.844	0.5773333333333334	0.8133333333333334	0.8186666666666667	0.56	0.6	0.7346666666666667	0.7693333333333333	0.7013333333333334	0.49866666666666665	0.74	0.7533333333333333	0.984	0.9213333333333333	0.6493333333333333	0.9106666666666666	0.9226666666666666	0.956	0.94	0.6546666666666666	0.9706666666666667	0.8906666666666667	0.944	0.6773333333333333	0.8213333333333334	0.8373333333333334	0.8386666666666667	0.9653333333333334	0.7906666666666666	0.8346666666666667	0.7946666666666666	0.8653333333333333	0.9293333333333333	0.8653333333333333	0.9173333333333333	0.8626666666666667	0.8733333333333333	0.8546666666666667	0.9893333333333333	0.8106666666666666	0.876	0.9026666666666666	0.7786666666666666	0.864	0.9466666666666667	0.8333333333333334	0.904	0.864
S2014m_E2-3-B-M	0.9306666666666666	0.8426666666666667	0.948	0.7626666666666667	0.992	0.6986666666666667	0.7266666666666667	0.9346666666666666	0.836	0.9426666666666667	0.9013333333333333	0.8746666666666667	0.968	0.7586666666666667	0.5186666666666667	0.692	0.8826666666666667	0.936	0.7453333333333333	0.864	0.8053333333333333	0.888	0.6973333333333334	0.68	0.8973333333333333	0.872	0.944	0.8466666666666667	0.924	0.896	0.856	0.8386666666666667	0.9093333333333333	0.936	0.9306666666666666	0.8986666666666666	0.9186666666666666	0.8866666666666667	0.916	0.8693333333333333	0.9013333333333333	0.8466666666666667	0.6826666666666666	0.628	0.5306666666666666	0.668	0.0	0.692	0.8826666666666667	0.8893333333333333	0.9253333333333333	0.9133333333333333	0.8413333333333334	0.8906666666666667	0.7373333333333333	0.7866666666666666	0.744	0.824	0.712	0.8493333333333334	0.9026666666666666	0.9	0.8786666666666667	0.908	0.7253333333333334	0.7786666666666666	0.796	0.7853333333333333	0.7933333333333333	0.8586666666666667	0.824	0.8586666666666667	0.7573333333333333	0.404	0.7946666666666666	0.39866666666666667	0.6066666666666667	0.916	0.8426666666666667	0.7893333333333333	0.9133333333333333	0.9146666666666666	0.4093333333333333	0.8493333333333334	0.7773333333333333	0.984	0.7853333333333333	0.8253333333333334	0.816	0.8506666666666667	0.8146666666666667	0.824	0.8053333333333333	0.7733333333333333	0.808	0.824	0.8293333333333334	0.8053333333333333	0.8213333333333334	0.876	0.876	0.884	0.9	0.7426666666666667	0.8106666666666666	0.82	0.7533333333333333	0.8293333333333334	0.8226666666666667	0.8666666666666667	0.776	0.872	0.812	0.8413333333333334	0.7706666666666667	0.908	0.8946666666666667	0.8653333333333333	0.9226666666666666	0.8133333333333334	0.86	0.764	0.9106666666666666	0.6186666666666667	0.8813333333333333	0.8573333333333333	0.8	0.804	0.8813333333333333	0.8773333333333333	0.8213333333333334	0.8186666666666667	0.808	0.7413333333333333	0.828	0.7426666666666667	0.852	0.7346666666666667	0.8146666666666667	0.8253333333333334	0.8933333333333333	0.9026666666666666	0.876	0.8	0.864	0.7653333333333333	0.8973333333333333	0.8706666666666667	0.772	0.916	0.8533333333333334	0.8586666666666667	0.8653333333333333	0.824	0.712	0.816	0.6173333333333333	0.8346666666666667	0.8026666666666666	0.7733333333333333	0.8986666666666666	0.8173333333333334	0.824	0.7693333333333333	0.7173333333333334	0.78	0.8066666666666666	0.8026666666666666	0.8946666666666667	0.7613333333333333	0.7093333333333334	0.8026666666666666	0.8706666666666667	0.8266666666666667	0.8786666666666667	0.7333333333333333	0.7866666666666666	0.7013333333333334	0.9946666666666667	0.848	0.788	0.8746666666666667	0.944	0.96	0.964	0.768	0.968	0.6413333333333333	0.952	0.8	0.812	0.7933333333333333	0.8493333333333334	0.968	0.7573333333333333	0.872	0.8253333333333334	0.812	0.9466666666666667	0.8186666666666667	0.96	0.884	0.8733333333333333	0.8146666666666667	0.992	0.8386666666666667	0.9173333333333333	0.9093333333333333	0.7786666666666666	0.8013333333333333	0.9666666666666667	0.68	0.9226666666666666	0.8373333333333334
S2014m_E2-3-C-M	0.9173333333333333	0.8253333333333334	0.9093333333333333	0.748	0.9653333333333334	0.84	0.8453333333333334	0.9266666666666666	0.792	0.8973333333333333	0.8706666666666667	0.852	0.9426666666666667	0.644	0.6653333333333333	0.5986666666666667	0.4666666666666667	0.908	0.7586666666666667	0.772	0.764	0.868	0.5413333333333333	0.5466666666666666	0.8973333333333333	0.8413333333333334	0.9106666666666666	0.848	0.9213333333333333	0.8946666666666667	0.7826666666666666	0.692	0.9146666666666666	0.916	0.912	0.864	0.7813333333333333	0.7	0.84	0.6413333333333333	0.8453333333333334	0.5693333333333334	0.548	0.33066666666666666	0.712	0.38133333333333336	0.692	0.0	0.8493333333333334	0.828	0.8973333333333333	0.856	0.7893333333333333	0.708	0.7	0.6373333333333333	0.6493333333333333	0.7813333333333333	0.6053333333333333	0.7746666666666666	0.8706666666666667	0.788	0.6213333333333333	0.8746666666666667	0.6213333333333333	0.7306666666666667	0.752	0.6946666666666667	0.7533333333333333	0.8146666666666667	0.8066666666666666	0.8866666666666667	0.6506666666666666	0.7946666666666666	0.84	0.7786666666666666	0.6266666666666667	0.916	0.732	0.7186666666666667	0.9146666666666666	0.9106666666666666	0.7906666666666666	0.8586666666666667	0.768	0.9693333333333334	0.696	0.8173333333333334	0.7586666666666667	0.82	0.7946666666666666	0.8386666666666667	0.7986666666666666	0.7186666666666667	0.796	0.8386666666666667	0.82	0.8013333333333333	0.8186666666666667	0.8733333333333333	0.8733333333333333	0.8733333333333333	0.9013333333333333	0.7186666666666667	0.784	0.824	0.7706666666666667	0.7613333333333333	0.7733333333333333	0.8213333333333334	0.704	0.844	0.776	0.816	0.7493333333333333	0.8933333333333333	0.616	0.7573333333333333	0.832	0.7973333333333333	0.808	0.7213333333333334	0.7826666666666666	0.7173333333333334	0.704	0.8266666666666667	0.5866666666666667	0.8266666666666667	0.8733333333333333	0.9	0.5333333333333333	0.736	0.5693333333333334	0.7133333333333334	0.6533333333333333	0.6866666666666666	0.8426666666666667	0.696	0.6813333333333333	0.712	0.8746666666666667	0.8586666666666667	0.8653333333333333	0.7706666666666667	0.7026666666666667	0.6733333333333333	0.748	0.84	0.49466666666666664	0.8093333333333333	0.7586666666666667	0.668	0.696	0.8533333333333334	0.7466666666666667	0.7026666666666667	0.7266666666666667	0.604	0.7026666666666667	0.7853333333333333	0.8773333333333333	0.624	0.828	0.7133333333333334	0.6653333333333333	0.6226666666666667	0.8266666666666667	0.4653333333333333	0.8253333333333334	0.796	0.604	0.58	0.7253333333333334	0.804	0.7106666666666667	0.5053333333333333	0.74	0.728	0.968	0.8893333333333333	0.6706666666666666	0.916	0.9093333333333333	0.9293333333333333	0.9333333333333333	0.6853333333333333	0.9466666666666667	0.888	0.9146666666666666	0.7013333333333334	0.7853333333333333	0.84	0.8546666666666667	0.9253333333333333	0.8	0.8293333333333334	0.7786666666666666	0.8546666666666667	0.9133333333333333	0.8506666666666667	0.928	0.8506666666666667	0.8546666666666667	0.86	0.9653333333333334	0.8093333333333333	0.8706666666666667	0.88	0.8146666666666667	0.8666666666666667	0.924	0.8546666666666667	0.876	0.856
S2014m_E5-1-A-F	0.7253333333333334	0.6893333333333334	0.6826666666666666	0.784	0.748	0.6866666666666666	0.6626666666666666	0.8493333333333334	0.7466666666666667	0.8213333333333334	0.7573333333333333	0.676	0.8733333333333333	0.884	0.848	0.864	0.8346666666666667	0.8653333333333333	0.8413333333333334	0.6493333333333333	0.672	0.712	0.6706666666666666	0.688	0.7213333333333334	0.5613333333333334	0.9053333333333333	0.6986666666666667	0.8813333333333333	0.8586666666666667	0.8226666666666667	0.816	0.9226666666666666	0.9373333333333334	0.904	0.876	0.7533333333333333	0.72	0.6573333333333333	0.5186666666666667	0.6733333333333333	0.5226666666666666	0.8853333333333333	0.856	0.8786666666666667	0.852	0.8826666666666667	0.8493333333333334	0.0	0.304	0.39466666666666667	0.56	0.2693333333333333	0.3293333333333333	0.6093333333333333	0.7266666666666667	0.82	0.696	0.7693333333333333	0.48133333333333334	0.4866666666666667	0.42533333333333334	0.41733333333333333	0.6586666666666666	0.7893333333333333	0.8306666666666667	0.7413333333333333	0.776	0.7893333333333333	0.88	0.8093333333333333	0.8986666666666666	0.6866666666666666	0.62	0.828	0.6	0.552	0.9053333333333333	0.7973333333333333	0.856	0.916	0.9186666666666666	0.8053333333333333	0.7893333333333333	0.8093333333333333	0.9333333333333333	0.7986666666666666	0.7466666666666667	0.7866666666666666	0.7	0.7666666666666667	0.8186666666666667	0.82	0.744	0.788	0.8293333333333334	0.868	0.7453333333333333	0.804	0.8546666666666667	0.8413333333333334	0.808	0.888	0.7453333333333333	0.7893333333333333	0.8066666666666666	0.7826666666666666	0.7373333333333333	0.74	0.632	0.612	0.8106666666666666	0.7893333333333333	0.8226666666666667	0.8453333333333334	0.7546666666666667	0.6866666666666666	0.6906666666666667	0.844	0.716	0.8093333333333333	0.5333333333333333	0.8586666666666667	0.7466666666666667	0.47733333333333333	0.6093333333333333	0.6133333333333333	0.6653333333333333	0.5466666666666666	0.92	0.8053333333333333	0.7333333333333333	0.788	0.812	0.8626666666666667	0.624	0.76	0.6866666666666666	0.5773333333333334	0.8226666666666667	0.8413333333333334	0.8066666666666666	0.76	0.6426666666666667	0.648	0.7226666666666667	0.7493333333333333	0.74	0.748	0.7626666666666667	0.8866666666666667	0.892	0.9013333333333333	0.892	0.7613333333333333	0.7613333333333333	0.8506666666666667	0.8466666666666667	0.732	0.772	0.824	0.8973333333333333	0.8613333333333333	0.8213333333333334	0.8466666666666667	0.8693333333333333	0.8133333333333334	0.8186666666666667	0.8933333333333333	0.832	0.8506666666666667	0.82	0.8746666666666667	0.7973333333333333	0.8906666666666667	0.8586666666666667	0.8906666666666667	0.8506666666666667	0.6306666666666667	0.7626666666666667	0.5586666666666666	0.9133333333333333	0.804	0.8733333333333333	0.8466666666666667	0.7266666666666667	0.812	0.816	0.824	0.8013333333333333	0.676	0.704	0.6866666666666666	0.7853333333333333	0.6773333333333333	0.6573333333333333	0.512	0.6533333333333333	0.8173333333333334	0.7306666666666667	0.8266666666666667	0.6746666666666666	0.7733333333333333	0.7266666666666667	0.6453333333333333	0.736	0.7386666666666667	0.6546666666666666	0.664	0.8133333333333334	0.8093333333333333	0.56	0.7666666666666667	0.712
S2014M_E5-1-A-M	0.788	0.732	0.848	0.864	0.824	0.7666666666666667	0.7053333333333334	0.9066666666666666	0.7146666666666667	0.8933333333333333	0.7933333333333333	0.7506666666666667	0.9493333333333334	0.7826666666666666	0.844	0.8426666666666667	0.8253333333333334	0.88	0.86	0.6386666666666667	0.736	0.6493333333333333	0.6666666666666666	0.732	0.724	0.524	0.9346666666666666	0.728	0.8853333333333333	0.848	0.804	0.8226666666666667	0.9293333333333333	0.96	0.9333333333333333	0.8973333333333333	0.6586666666666666	0.6213333333333333	0.584	0.39066666666666666	0.5946666666666667	0.45466666666666666	0.8533333333333334	0.8413333333333334	0.7813333333333333	0.8386666666666667	0.8893333333333333	0.828	0.304	0.0	0.416	0.5506666666666666	0.24666666666666667	0.252	0.6546666666666666	0.72	0.848	0.608	0.7946666666666666	0.332	0.4533333333333333	0.292	0.36933333333333335	0.612	0.7786666666666666	0.752	0.768	0.784	0.8213333333333334	0.9226666666666666	0.8186666666666667	0.8853333333333333	0.5746666666666667	0.6373333333333333	0.74	0.6466666666666666	0.584	0.9213333333333333	0.728	0.8933333333333333	0.9346666666666666	0.9346666666666666	0.7413333333333333	0.828	0.9106666666666666	0.96	0.896	0.8373333333333334	0.8786666666666667	0.784	0.82	0.9026666666666666	0.904	0.8173333333333334	0.8813333333333333	0.8413333333333334	0.9306666666666666	0.7973333333333333	0.8653333333333333	0.9186666666666666	0.904	0.8813333333333333	0.948	0.8146666666666667	0.832	0.868	0.86	0.82	0.8	0.7026666666666667	0.6906666666666667	0.8706666666666667	0.8506666666666667	0.8853333333333333	0.9066666666666666	0.7306666666666667	0.66	0.5946666666666667	0.7413333333333333	0.6586666666666666	0.7253333333333334	0.588	0.7533333333333333	0.6946666666666667	0.3333333333333333	0.628	0.6053333333333333	0.7466666666666667	0.4706666666666667	0.8853333333333333	0.7786666666666666	0.6653333333333333	0.748	0.8346666666666667	0.816	0.6266666666666667	0.7746666666666666	0.588	0.528	0.736	0.7573333333333333	0.74	0.7493333333333333	0.6026666666666667	0.628	0.7026666666666667	0.7453333333333333	0.6546666666666666	0.724	0.7386666666666667	0.804	0.8533333333333334	0.872	0.8866666666666667	0.7693333333333333	0.7373333333333333	0.7813333333333333	0.7906666666666666	0.7173333333333334	0.6786666666666666	0.8346666666666667	0.7986666666666666	0.8653333333333333	0.7853333333333333	0.8146666666666667	0.8413333333333334	0.8373333333333334	0.8053333333333333	0.8693333333333333	0.7853333333333333	0.808	0.824	0.852	0.7613333333333333	0.788	0.8426666666666667	0.8626666666666667	0.8386666666666667	0.49066666666666664	0.8746666666666667	0.58	0.9453333333333334	0.8493333333333334	0.9293333333333333	0.8826666666666667	0.776	0.8653333333333333	0.8453333333333334	0.8866666666666667	0.868	0.744	0.7506666666666667	0.768	0.8573333333333333	0.7293333333333333	0.748	0.58	0.692	0.8986666666666666	0.7733333333333333	0.8746666666666667	0.764	0.82	0.7773333333333333	0.672	0.76	0.7706666666666667	0.74	0.7333333333333333	0.8506666666666667	0.8813333333333333	0.6226666666666667	0.8413333333333334	0.7613333333333333
S2014m_E5-1-B-F	0.7213333333333334	0.7306666666666667	0.836	0.836	0.76	0.7106666666666667	0.712	0.8386666666666667	0.7653333333333333	0.836	0.78	0.684	0.8866666666666667	0.8746666666666667	0.852	0.8933333333333333	0.86	0.8786666666666667	0.8293333333333334	0.6533333333333333	0.7506666666666667	0.6866666666666666	0.72	0.752	0.64	0.56	0.9226666666666666	0.692	0.8573333333333333	0.8493333333333334	0.8426666666666667	0.8506666666666667	0.9453333333333334	0.9413333333333334	0.8986666666666666	0.884	0.7186666666666667	0.6853333333333333	0.6426666666666667	0.6613333333333333	0.656	0.6866666666666666	0.9	0.9106666666666666	0.8813333333333333	0.8786666666666667	0.9253333333333333	0.8973333333333333	0.39466666666666667	0.416	0.0	0.5933333333333334	0.412	0.35733333333333334	0.58	0.7746666666666666	0.876	0.6866666666666666	0.8106666666666666	0.6213333333333333	0.552	0.548	0.5186666666666667	0.612	0.8413333333333334	0.832	0.8053333333333333	0.8426666666666667	0.8386666666666667	0.908	0.8173333333333334	0.892	0.6266666666666667	0.6266666666666667	0.7693333333333333	0.6826666666666666	0.5946666666666667	0.9146666666666666	0.7893333333333333	0.912	0.924	0.9106666666666666	0.752	0.808	0.8773333333333333	0.9306666666666666	0.8626666666666667	0.784	0.8266666666666667	0.7306666666666667	0.768	0.844	0.8293333333333334	0.7613333333333333	0.8226666666666667	0.82	0.8586666666666667	0.7426666666666667	0.816	0.8426666666666667	0.8373333333333334	0.816	0.8746666666666667	0.7706666666666667	0.836	0.7906666666666666	0.84	0.7586666666666667	0.7426666666666667	0.636	0.6333333333333333	0.8173333333333334	0.7986666666666666	0.8306666666666667	0.8546666666666667	0.7186666666666667	0.7226666666666667	0.6693333333333333	0.808	0.6906666666666667	0.8053333333333333	0.7146666666666667	0.8333333333333334	0.7626666666666667	0.5666666666666667	0.5906666666666667	0.6213333333333333	0.752	0.7013333333333334	0.8946666666666667	0.8026666666666666	0.7493333333333333	0.7986666666666666	0.8586666666666667	0.8586666666666667	0.7053333333333334	0.836	0.6533333333333333	0.6213333333333333	0.78	0.8	0.76	0.7493333333333333	0.6666666666666666	0.7133333333333334	0.7533333333333333	0.784	0.7106666666666667	0.7706666666666667	0.76	0.8706666666666667	0.9173333333333333	0.9386666666666666	0.8946666666666667	0.7933333333333333	0.7813333333333333	0.848	0.856	0.7586666666666667	0.7386666666666667	0.82	0.868	0.884	0.8306666666666667	0.8693333333333333	0.892	0.8333333333333334	0.8413333333333334	0.896	0.8293333333333334	0.872	0.8893333333333333	0.8906666666666667	0.8026666666666666	0.8586666666666667	0.8933333333333333	0.9106666666666666	0.8653333333333333	0.7773333333333333	0.804	0.6106666666666667	0.9613333333333334	0.8573333333333333	0.876	0.876	0.7706666666666667	0.8426666666666667	0.8613333333333333	0.8306666666666667	0.8626666666666667	0.7133333333333334	0.7306666666666667	0.776	0.784	0.7066666666666667	0.7746666666666666	0.5706666666666667	0.6706666666666666	0.8386666666666667	0.764	0.8933333333333333	0.6866666666666666	0.8053333333333333	0.788	0.764	0.7906666666666666	0.776	0.6893333333333334	0.7026666666666667	0.8626666666666667	0.8053333333333333	0.7013333333333334	0.7946666666666666	0.7546666666666667
S2014M_E5-1-B-M	0.8426666666666667	0.8293333333333334	0.7533333333333333	0.8786666666666667	0.848	0.8586666666666667	0.7733333333333333	0.9026666666666666	0.8066666666666666	0.8893333333333333	0.884	0.8266666666666667	0.9493333333333334	0.4653333333333333	0.8826666666666667	0.8813333333333333	0.852	0.8893333333333333	0.888	0.7386666666666667	0.8053333333333333	0.4026666666666667	0.76	0.788	0.836	0.316	0.9506666666666667	0.8493333333333334	0.92	0.864	0.848	0.8413333333333334	0.952	0.972	0.9386666666666666	0.9093333333333333	0.3426666666666667	0.3466666666666667	0.3586666666666667	0.7453333333333333	0.3293333333333333	0.748	0.8693333333333333	0.8706666666666667	0.7266666666666667	0.876	0.9133333333333333	0.856	0.56	0.5506666666666666	0.5933333333333334	0.0	0.5986666666666667	0.5333333333333333	0.7586666666666667	0.8	0.8506666666666667	0.37733333333333335	0.8133333333333334	0.7293333333333333	0.344	0.6226666666666667	0.6706666666666666	0.26666666666666666	0.8173333333333334	0.49466666666666664	0.7853333333333333	0.7973333333333333	0.8173333333333334	0.9426666666666667	0.8386666666666667	0.8786666666666667	0.444	0.7106666666666667	0.5626666666666666	0.6253333333333333	0.6453333333333333	0.952	0.7346666666666667	0.912	0.956	0.944	0.7746666666666666	0.7133333333333334	0.9333333333333333	0.976	0.9186666666666666	0.82	0.8746666666666667	0.788	0.8053333333333333	0.9066666666666666	0.9146666666666666	0.8306666666666667	0.88	0.52	0.9306666666666666	0.8213333333333334	0.8813333333333333	0.916	0.8933333333333333	0.8773333333333333	0.952	0.8333333333333334	0.8693333333333333	0.892	0.864	0.8253333333333334	0.8013333333333333	0.7853333333333333	0.772	0.8733333333333333	0.8546666666666667	0.8893333333333333	0.9106666666666666	0.7573333333333333	0.7626666666666667	0.544	0.472	0.66	0.708	0.7933333333333333	0.44	0.7333333333333333	0.568	0.7093333333333334	0.7133333333333334	0.7626666666666667	0.8053333333333333	0.892	0.8053333333333333	0.5546666666666666	0.7733333333333333	0.8466666666666667	0.8413333333333334	0.6933333333333334	0.8106666666666666	0.632	0.572	0.688	0.42	0.4066666666666667	0.7573333333333333	0.5893333333333334	0.7693333333333333	0.7653333333333333	0.7866666666666666	0.484	0.7973333333333333	0.7946666666666666	0.5306666666666666	0.8866666666666667	0.9026666666666666	0.8946666666666667	0.82	0.7733333333333333	0.8173333333333334	0.8226666666666667	0.7733333333333333	0.6813333333333333	0.8146666666666667	0.7546666666666667	0.8773333333333333	0.8093333333333333	0.84	0.8693333333333333	0.84	0.8146666666666667	0.8706666666666667	0.7733333333333333	0.8373333333333334	0.86	0.872	0.768	0.5053333333333333	0.864	0.888	0.8466666666666667	0.86	0.8866666666666667	0.724	0.9493333333333334	0.8733333333333333	0.9213333333333333	0.8933333333333333	0.86	0.8586666666666667	0.864	0.8866666666666667	0.88	0.832	0.86	0.7986666666666666	0.8533333333333334	0.832	0.7786666666666666	0.7226666666666667	0.7293333333333333	0.8946666666666667	0.8653333333333333	0.9053333333333333	0.84	0.8266666666666667	0.7986666666666666	0.8506666666666667	0.8266666666666667	0.784	0.8093333333333333	0.8306666666666667	0.8653333333333333	0.8866666666666667	0.7946666666666666	0.848	0.8533333333333334
S2014m_E5-1-C-F	0.7466666666666667	0.7386666666666667	0.8106666666666666	0.756	0.7693333333333333	0.7333333333333333	0.6813333333333333	0.8586666666666667	0.76	0.836	0.7933333333333333	0.704	0.8893333333333333	0.872	0.7746666666666666	0.8026666666666666	0.8253333333333334	0.8666666666666667	0.8186666666666667	0.6893333333333334	0.6586666666666666	0.752	0.6066666666666667	0.6373333333333333	0.7426666666666667	0.5306666666666666	0.924	0.7493333333333333	0.8733333333333333	0.876	0.808	0.8106666666666666	0.92	0.948	0.8906666666666667	0.88	0.752	0.7173333333333334	0.68	0.42	0.684	0.4493333333333333	0.8213333333333334	0.8066666666666666	0.8453333333333334	0.8	0.8413333333333334	0.7893333333333333	0.2693333333333333	0.24666666666666667	0.412	0.5986666666666667	0.0	0.31733333333333336	0.5906666666666667	0.684	0.756	0.688	0.6933333333333334	0.3413333333333333	0.472	0.316	0.3413333333333333	0.6493333333333333	0.78	0.7826666666666666	0.7493333333333333	0.7173333333333334	0.7733333333333333	0.8866666666666667	0.7933333333333333	0.888	0.6586666666666666	0.6453333333333333	0.8253333333333334	0.6346666666666667	0.5933333333333334	0.912	0.7746666666666666	0.8226666666666667	0.9293333333333333	0.932	0.7746666666666666	0.836	0.8213333333333334	0.9493333333333334	0.8	0.7413333333333333	0.7386666666666667	0.7	0.732	0.84	0.808	0.708	0.7706666666666667	0.8253333333333334	0.8373333333333334	0.7506666666666667	0.776	0.852	0.844	0.82	0.8933333333333333	0.7066666666666667	0.7573333333333333	0.768	0.7493333333333333	0.692	0.6773333333333333	0.596	0.544	0.8106666666666666	0.748	0.7826666666666666	0.804	0.7693333333333333	0.6813333333333333	0.672	0.8453333333333334	0.7	0.776	0.5253333333333333	0.8573333333333333	0.7226666666666667	0.39866666666666667	0.6626666666666666	0.628	0.6906666666666667	0.45466666666666666	0.9146666666666666	0.732	0.7426666666666667	0.744	0.7906666666666666	0.8266666666666667	0.6413333333333333	0.7973333333333333	0.6466666666666666	0.572	0.7786666666666666	0.8346666666666667	0.8026666666666666	0.776	0.6226666666666667	0.6266666666666667	0.6533333333333333	0.752	0.7493333333333333	0.684	0.752	0.8826666666666667	0.8733333333333333	0.8853333333333333	0.8853333333333333	0.6973333333333334	0.7226666666666667	0.8386666666666667	0.8506666666666667	0.7226666666666667	0.752	0.7906666666666666	0.888	0.8546666666666667	0.8	0.78	0.8253333333333334	0.8146666666666667	0.756	0.872	0.8213333333333334	0.8106666666666666	0.8013333333333333	0.8453333333333334	0.7906666666666666	0.8893333333333333	0.796	0.8173333333333334	0.776	0.5586666666666666	0.812	0.556	0.9293333333333333	0.8426666666666667	0.8746666666666667	0.8706666666666667	0.748	0.828	0.8373333333333334	0.8386666666666667	0.768	0.6973333333333334	0.752	0.744	0.804	0.7013333333333334	0.7133333333333334	0.5426666666666666	0.64	0.8413333333333334	0.7733333333333333	0.8706666666666667	0.7226666666666667	0.7426666666666667	0.7546666666666667	0.6573333333333333	0.7213333333333334	0.744	0.6693333333333333	0.7106666666666667	0.84	0.8253333333333334	0.6106666666666667	0.7813333333333333	0.752
S2014M_E5-1-C-M	0.7613333333333333	0.7453333333333333	0.7973333333333333	0.8493333333333334	0.8066666666666666	0.7586666666666667	0.6946666666666667	0.8893333333333333	0.68	0.864	0.8026666666666666	0.736	0.9253333333333333	0.6906666666666667	0.8133333333333334	0.7386666666666667	0.7146666666666667	0.8826666666666667	0.8293333333333334	0.6186666666666667	0.7186666666666667	0.676	0.624	0.6893333333333334	0.7093333333333334	0.524	0.9373333333333334	0.7306666666666667	0.876	0.8506666666666667	0.8066666666666666	0.7373333333333333	0.928	0.964	0.92	0.892	0.5773333333333334	0.5293333333333333	0.5613333333333334	0.408	0.5933333333333334	0.42533333333333334	0.792	0.7306666666666667	0.7626666666666667	0.7053333333333334	0.8906666666666667	0.708	0.3293333333333333	0.252	0.35733333333333334	0.5333333333333333	0.31733333333333336	0.0	0.6333333333333333	0.6826666666666666	0.8066666666666666	0.6133333333333333	0.7426666666666667	0.448	0.4533333333333333	0.37333333333333335	0.32133333333333336	0.5906666666666667	0.6506666666666666	0.7506666666666667	0.728	0.7573333333333333	0.8066666666666666	0.916	0.8226666666666667	0.8786666666666667	0.48	0.6093333333333333	0.7453333333333333	0.6306666666666667	0.48533333333333334	0.9293333333333333	0.684	0.8386666666666667	0.9413333333333334	0.928	0.6893333333333334	0.8306666666666667	0.864	0.9626666666666667	0.872	0.7733333333333333	0.816	0.72	0.7573333333333333	0.8813333333333333	0.8493333333333334	0.76	0.8093333333333333	0.8293333333333334	0.9093333333333333	0.764	0.844	0.892	0.8706666666666667	0.8586666666666667	0.92	0.7586666666666667	0.8226666666666667	0.8293333333333334	0.8013333333333333	0.7533333333333333	0.74	0.6413333333333333	0.6186666666666667	0.8466666666666667	0.792	0.864	0.8746666666666667	0.7346666666666667	0.5546666666666666	0.5506666666666666	0.72	0.672	0.7386666666666667	0.5786666666666667	0.7	0.7146666666666667	0.32	0.6293333333333333	0.5146666666666667	0.744	0.6173333333333333	0.884	0.668	0.66	0.6386666666666667	0.82	0.7106666666666667	0.5866666666666667	0.7893333333333333	0.5786666666666667	0.49466666666666664	0.692	0.7653333333333333	0.752	0.7466666666666667	0.6226666666666667	0.54	0.66	0.6813333333333333	0.664	0.624	0.6946666666666667	0.7493333333333333	0.744	0.768	0.8853333333333333	0.7626666666666667	0.6213333333333333	0.768	0.6733333333333333	0.616	0.64	0.8226666666666667	0.7066666666666667	0.8613333333333333	0.7026666666666667	0.7466666666666667	0.7293333333333333	0.82	0.696	0.828	0.7933333333333333	0.7746666666666666	0.7146666666666667	0.7893333333333333	0.7426666666666667	0.7026666666666667	0.6933333333333334	0.8253333333333334	0.836	0.684	0.8626666666666667	0.56	0.9013333333333333	0.8546666666666667	0.908	0.884	0.7666666666666667	0.8426666666666667	0.8493333333333334	0.8706666666666667	0.8426666666666667	0.728	0.7626666666666667	0.7253333333333334	0.84	0.7213333333333334	0.7373333333333333	0.564	0.66	0.8613333333333333	0.7813333333333333	0.8906666666666667	0.7093333333333334	0.8	0.756	0.6693333333333333	0.7666666666666667	0.752	0.7186666666666667	0.7266666666666667	0.856	0.8693333333333333	0.6066666666666667	0.8093333333333333	0.76
S2014m_E5-2-A-M	0.7333333333333333	0.576	0.9	0.728	0.9093333333333333	0.544	0.6626666666666666	0.8466666666666667	0.672	0.856	0.6773333333333333	0.6586666666666666	0.9	0.78	0.6186666666666667	0.6453333333333333	0.796	0.8546666666666667	0.7066666666666667	0.432	0.5613333333333334	0.6146666666666667	0.5106666666666667	0.484	0.5853333333333334	0.792	0.9013333333333333	0.6426666666666667	0.8573333333333333	0.8693333333333333	0.7533333333333333	0.7706666666666667	0.912	0.9	0.8773333333333333	0.828	0.8613333333333333	0.8573333333333333	0.8693333333333333	0.804	0.8453333333333334	0.772	0.6466666666666666	0.616	0.6813333333333333	0.7346666666666667	0.7373333333333333	0.7	0.6093333333333333	0.6546666666666666	0.58	0.7586666666666667	0.5906666666666667	0.6333333333333333	0.0	0.5173333333333333	0.7226666666666667	0.5373333333333333	0.6226666666666667	0.7866666666666666	0.8186666666666667	0.7533333333333333	0.756	0.8133333333333334	0.6253333333333333	0.7466666666666667	0.6773333333333333	0.608	0.6066666666666667	0.848	0.7586666666666667	0.9053333333333333	0.7333333333333333	0.5293333333333333	0.76	0.6866666666666666	0.5226666666666666	0.8866666666666667	0.6826666666666666	0.7253333333333334	0.9226666666666666	0.92	0.724	0.876	0.86	0.9506666666666667	0.8293333333333334	0.7906666666666666	0.7666666666666667	0.804	0.7933333333333333	0.8506666666666667	0.784	0.7866666666666666	0.7986666666666666	0.8626666666666667	0.848	0.8293333333333334	0.8386666666666667	0.884	0.8626666666666667	0.8626666666666667	0.92	0.764	0.7946666666666666	0.792	0.788	0.792	0.8026666666666666	0.8306666666666667	0.7773333333333333	0.8573333333333333	0.8106666666666666	0.8213333333333334	0.7933333333333333	0.8773333333333333	0.8626666666666667	0.8453333333333334	0.888	0.8333333333333334	0.8226666666666667	0.784	0.8786666666666667	0.724	0.7666666666666667	0.628	0.5466666666666666	0.816	0.8733333333333333	0.9173333333333333	0.8293333333333334	0.7946666666666666	0.7986666666666666	0.7826666666666666	0.7946666666666666	0.7386666666666667	0.8466666666666667	0.644	0.7453333333333333	0.7546666666666667	0.8626666666666667	0.84	0.7973333333333333	0.76	0.8266666666666667	0.7493333333333333	0.8466666666666667	0.6973333333333334	0.684	0.744	0.8693333333333333	0.8666666666666667	0.8826666666666667	0.8653333333333333	0.6746666666666666	0.688	0.756	0.824	0.656	0.6973333333333334	0.8133333333333334	0.828	0.8746666666666667	0.76	0.788	0.8426666666666667	0.7773333333333333	0.7546666666666667	0.8573333333333333	0.7453333333333333	0.7546666666666667	0.8013333333333333	0.7573333333333333	0.852	0.8933333333333333	0.7933333333333333	0.8413333333333334	0.6973333333333334	0.9253333333333333	0.7706666666666667	0.6066666666666667	0.8893333333333333	0.7933333333333333	0.8893333333333333	0.8746666666666667	0.6106666666666667	0.892	0.6906666666666667	0.844	0.76	0.5573333333333333	0.532	0.664	0.82	0.484	0.7786666666666666	0.564	0.5706666666666667	0.8773333333333333	0.6173333333333333	0.8026666666666666	0.632	0.732	0.7346666666666667	0.916	0.6586666666666666	0.748	0.82	0.56	0.684	0.8226666666666667	0.7293333333333333	0.836	0.5466666666666666
S2014m_E5-2-B-M	0.788	0.7346666666666667	0.904	0.7733333333333333	0.9133333333333333	0.728	0.6493333333333333	0.8706666666666667	0.676	0.9093333333333333	0.7813333333333333	0.7666666666666667	0.9266666666666666	0.7373333333333333	0.668	0.624	0.7506666666666667	0.8573333333333333	0.7733333333333333	0.43866666666666665	0.6293333333333333	0.6346666666666667	0.47333333333333333	0.476	0.7666666666666667	0.8346666666666667	0.9066666666666666	0.7306666666666667	0.8986666666666666	0.8706666666666667	0.7573333333333333	0.7493333333333333	0.9373333333333334	0.9186666666666666	0.9253333333333333	0.8573333333333333	0.816	0.8293333333333334	0.8253333333333334	0.8	0.836	0.7413333333333333	0.5493333333333333	0.5906666666666667	0.5613333333333334	0.6426666666666667	0.7866666666666666	0.6373333333333333	0.7266666666666667	0.72	0.7746666666666666	0.8	0.684	0.6826666666666666	0.5173333333333333	0.0	0.6773333333333333	0.5426666666666666	0.6173333333333333	0.796	0.8746666666666667	0.7386666666666667	0.7506666666666667	0.8786666666666667	0.616	0.7466666666666667	0.704	0.5666666666666667	0.5853333333333334	0.832	0.7466666666666667	0.92	0.7626666666666667	0.6906666666666667	0.8106666666666666	0.744	0.624	0.9106666666666666	0.6533333333333333	0.5866666666666667	0.9413333333333334	0.9426666666666667	0.7773333333333333	0.9093333333333333	0.8586666666666667	0.9733333333333334	0.8093333333333333	0.884	0.8586666666666667	0.8826666666666667	0.8773333333333333	0.8946666666666667	0.8666666666666667	0.82	0.868	0.9093333333333333	0.8906666666666667	0.9026666666666666	0.9	0.9346666666666666	0.9333333333333333	0.9386666666666666	0.944	0.8186666666666667	0.8746666666666667	0.892	0.8773333333333333	0.8293333333333334	0.864	0.8866666666666667	0.808	0.924	0.8666666666666667	0.884	0.848	0.928	0.832	0.82	0.8533333333333334	0.8773333333333333	0.8346666666666667	0.7826666666666666	0.8426666666666667	0.7933333333333333	0.736	0.764	0.6226666666666667	0.8746666666666667	0.9026666666666666	0.9146666666666666	0.7933333333333333	0.776	0.772	0.812	0.772	0.7333333333333333	0.864	0.6173333333333333	0.728	0.748	0.88	0.8706666666666667	0.8306666666666667	0.8173333333333334	0.7946666666666666	0.7533333333333333	0.8186666666666667	0.7346666666666667	0.6266666666666667	0.7146666666666667	0.8133333333333334	0.82	0.8266666666666667	0.8613333333333333	0.7	0.688	0.7906666666666666	0.788	0.6653333333333333	0.696	0.8293333333333334	0.8013333333333333	0.884	0.736	0.764	0.7866666666666666	0.7986666666666666	0.692	0.8293333333333334	0.8373333333333334	0.708	0.7573333333333333	0.712	0.8826666666666667	0.832	0.6986666666666667	0.7933333333333333	0.74	0.9626666666666667	0.8253333333333334	0.6413333333333333	0.8813333333333333	0.6426666666666667	0.9306666666666666	0.9053333333333333	0.668	0.9306666666666666	0.6346666666666667	0.896	0.7626666666666667	0.7173333333333334	0.7186666666666667	0.7186666666666667	0.8613333333333333	0.6786666666666666	0.8293333333333334	0.6666666666666666	0.5773333333333334	0.8893333333333333	0.7066666666666667	0.6586666666666666	0.768	0.7613333333333333	0.7386666666666667	0.9546666666666667	0.72	0.6053333333333333	0.884	0.7093333333333334	0.6866666666666666	0.8706666666666667	0.8053333333333333	0.8893333333333333	0.648
S2014m_E5-3-A-M	0.9066666666666666	0.8053333333333333	0.9026666666666666	0.6986666666666667	0.9853333333333333	0.7933333333333333	0.852	0.9133333333333333	0.872	0.9093333333333333	0.8706666666666667	0.8306666666666667	0.9693333333333334	0.8453333333333334	0.7466666666666667	0.664	0.868	0.8533333333333334	0.8053333333333333	0.784	0.5773333333333334	0.8453333333333334	0.45866666666666667	0.388	0.8666666666666667	0.8813333333333333	0.88	0.8333333333333334	0.864	0.8613333333333333	0.7453333333333333	0.748	0.8506666666666667	0.8573333333333333	0.832	0.7533333333333333	0.9213333333333333	0.892	0.9213333333333333	0.8653333333333333	0.9053333333333333	0.8133333333333334	0.4653333333333333	0.6106666666666667	0.804	0.536	0.744	0.6493333333333333	0.82	0.848	0.876	0.8506666666666667	0.756	0.8066666666666666	0.7226666666666667	0.6773333333333333	0.0	0.7613333333333333	0.3453333333333333	0.8	0.892	0.8346666666666667	0.8306666666666667	0.8986666666666666	0.7826666666666666	0.7866666666666666	0.7573333333333333	0.704	0.7546666666666667	0.8146666666666667	0.748	0.8586666666666667	0.8573333333333333	0.808	0.8546666666666667	0.804	0.7666666666666667	0.832	0.752	0.724	0.8706666666666667	0.8826666666666667	0.8573333333333333	0.872	0.6893333333333334	0.9213333333333333	0.7226666666666667	0.7426666666666667	0.6493333333333333	0.736	0.668	0.788	0.752	0.6493333333333333	0.7	0.8293333333333334	0.828	0.776	0.7933333333333333	0.852	0.8506666666666667	0.8173333333333334	0.9106666666666666	0.664	0.7733333333333333	0.856	0.7293333333333333	0.7653333333333333	0.78	0.8346666666666667	0.6773333333333333	0.884	0.7586666666666667	0.86	0.784	0.9053333333333333	0.9026666666666666	0.8906666666666667	0.9266666666666666	0.8253333333333334	0.86	0.6693333333333333	0.9146666666666666	0.796	0.8586666666666667	0.848	0.8186666666666667	0.8186666666666667	0.896	0.9253333333333333	0.848	0.7733333333333333	0.824	0.752	0.8466666666666667	0.8226666666666667	0.8853333333333333	0.7893333333333333	0.8	0.7653333333333333	0.904	0.8666666666666667	0.8626666666666667	0.8013333333333333	0.8173333333333334	0.7333333333333333	0.8906666666666667	0.8466666666666667	0.7893333333333333	0.864	0.8973333333333333	0.8706666666666667	0.8706666666666667	0.8866666666666667	0.7373333333333333	0.8106666666666666	0.832	0.8493333333333334	0.8346666666666667	0.844	0.8266666666666667	0.8893333333333333	0.8546666666666667	0.8613333333333333	0.7693333333333333	0.8573333333333333	0.848	0.7853333333333333	0.8786666666666667	0.8266666666666667	0.6293333333333333	0.828	0.8546666666666667	0.8466666666666667	0.908	0.716	0.8506666666666667	0.8066666666666666	0.9893333333333333	0.9186666666666666	0.5853333333333334	0.8893333333333333	0.9146666666666666	0.952	0.944	0.624	0.9693333333333334	0.884	0.9053333333333333	0.6413333333333333	0.784	0.816	0.812	0.9266666666666666	0.7653333333333333	0.8186666666666667	0.7613333333333333	0.8186666666666667	0.9293333333333333	0.844	0.924	0.8066666666666666	0.848	0.8693333333333333	0.9853333333333333	0.7826666666666666	0.8546666666666667	0.9013333333333333	0.796	0.868	0.9173333333333333	0.8466666666666667	0.8933333333333333	0.8293333333333334
S2014m_E5-3-B-M	0.8	0.7293333333333333	0.9453333333333334	0.86	0.9786666666666667	0.7213333333333334	0.7373333333333333	0.8973333333333333	0.7106666666666667	0.9333333333333333	0.7733333333333333	0.768	0.956	0.37866666666666665	0.7293333333333333	0.6946666666666667	0.8053333333333333	0.852	0.82	0.484	0.592	0.22	0.548	0.5546666666666666	0.7266666666666667	0.43866666666666665	0.9106666666666666	0.7186666666666667	0.88	0.8373333333333334	0.7466666666666667	0.764	0.9293333333333333	0.9106666666666666	0.9013333333333333	0.856	0.468	0.4573333333333333	0.4866666666666667	0.8013333333333333	0.448	0.7746666666666666	0.6933333333333334	0.7506666666666667	0.524	0.768	0.824	0.7813333333333333	0.696	0.608	0.6866666666666666	0.37733333333333335	0.688	0.6133333333333333	0.5373333333333333	0.5426666666666666	0.7613333333333333	0.0	0.6826666666666666	0.8266666666666667	0.5	0.736	0.78	0.4706666666666667	0.6853333333333333	0.432	0.716	0.6453333333333333	0.636	0.876	0.7586666666666667	0.8533333333333334	0.5306666666666666	0.6226666666666667	0.5026666666666667	0.7413333333333333	0.604	0.8866666666666667	0.6	0.7546666666666667	0.9146666666666666	0.9173333333333333	0.724	0.6826666666666666	0.9	0.9546666666666667	0.9	0.876	0.86	0.8853333333333333	0.828	0.892	0.8813333333333333	0.904	0.892	0.49466666666666664	0.9013333333333333	0.8666666666666667	0.908	0.9333333333333333	0.9173333333333333	0.9133333333333333	0.944	0.884	0.8986666666666666	0.896	0.8626666666666667	0.8973333333333333	0.9026666666666666	0.8893333333333333	0.884	0.9253333333333333	0.9093333333333333	0.9066666666666666	0.9053333333333333	0.8693333333333333	0.88	0.632	0.5146666666666667	0.736	0.7213333333333334	0.8826666666666667	0.4706666666666667	0.7693333333333333	0.6413333333333333	0.7	0.6506666666666666	0.8346666666666667	0.896	0.876	0.8386666666666667	0.5733333333333334	0.82	0.8533333333333334	0.8053333333333333	0.7453333333333333	0.8546666666666667	0.5586666666666666	0.6413333333333333	0.636	0.4786666666666667	0.4706666666666667	0.784	0.6733333333333333	0.8466666666666667	0.8066666666666666	0.8506666666666667	0.35733333333333334	0.6853333333333333	0.704	0.4653333333333333	0.8453333333333334	0.8506666666666667	0.8493333333333334	0.6973333333333334	0.6733333333333333	0.7306666666666667	0.7813333333333333	0.64	0.568	0.7826666666666666	0.6706666666666666	0.86	0.7546666666666667	0.8093333333333333	0.8173333333333334	0.772	0.7493333333333333	0.808	0.7066666666666667	0.7586666666666667	0.7773333333333333	0.7373333333333333	0.8386666666666667	0.476	0.8293333333333334	0.8386666666666667	0.748	0.988	0.8773333333333333	0.7426666666666667	0.9426666666666667	0.8226666666666667	0.952	0.9426666666666667	0.7653333333333333	0.9586666666666667	0.7826666666666666	0.9226666666666666	0.9	0.756	0.7053333333333334	0.7733333333333333	0.888	0.6813333333333333	0.84	0.76	0.6853333333333333	0.948	0.712	0.848	0.7733333333333333	0.7866666666666666	0.78	0.98	0.76	0.7933333333333333	0.92	0.7	0.7453333333333333	0.9066666666666666	0.852	0.9133333333333333	0.6613333333333333
S2014m_E5-3-C-M	0.8773333333333333	0.7746666666666666	0.8813333333333333	0.7053333333333334	0.9613333333333334	0.7746666666666666	0.8013333333333333	0.9	0.832	0.9026666666666666	0.8426666666666667	0.7906666666666666	0.948	0.8146666666666667	0.6986666666666667	0.6466666666666666	0.7946666666666666	0.8133333333333334	0.7426666666666667	0.6453333333333333	0.5573333333333333	0.7706666666666667	0.3426666666666667	0.2986666666666667	0.7746666666666666	0.8373333333333334	0.8533333333333334	0.716	0.8013333333333333	0.7906666666666666	0.74	0.7573333333333333	0.8853333333333333	0.812	0.8	0.7173333333333334	0.8786666666666667	0.86	0.8786666666666667	0.7906666666666666	0.856	0.7533333333333333	0.4666666666666667	0.5586666666666666	0.776	0.52	0.712	0.6053333333333333	0.7693333333333333	0.7946666666666666	0.8106666666666666	0.8133333333333334	0.6933333333333334	0.7426666666666667	0.6226666666666667	0.6173333333333333	0.3453333333333333	0.6826666666666666	0.0	0.7746666666666666	0.8466666666666667	0.7813333333333333	0.7786666666666666	0.8533333333333334	0.712	0.7453333333333333	0.7093333333333334	0.6333333333333333	0.6853333333333333	0.7626666666666667	0.6853333333333333	0.7973333333333333	0.82	0.704	0.8053333333333333	0.7426666666666667	0.7	0.8493333333333334	0.6386666666666667	0.6546666666666666	0.8466666666666667	0.8266666666666667	0.816	0.8506666666666667	0.716	0.8986666666666666	0.712	0.7413333333333333	0.6613333333333333	0.7653333333333333	0.656	0.8253333333333334	0.732	0.68	0.7346666666666667	0.824	0.8226666666666667	0.8053333333333333	0.816	0.8493333333333334	0.84	0.844	0.9066666666666666	0.6773333333333333	0.7733333333333333	0.8226666666666667	0.6546666666666666	0.7453333333333333	0.756	0.804	0.6546666666666666	0.868	0.7466666666666667	0.8493333333333334	0.7733333333333333	0.8933333333333333	0.8906666666666667	0.864	0.9133333333333333	0.7746666666666666	0.8506666666666667	0.6813333333333333	0.9013333333333333	0.772	0.8213333333333334	0.808	0.7786666666666666	0.7853333333333333	0.88	0.912	0.8266666666666667	0.7986666666666666	0.8066666666666666	0.74	0.8293333333333334	0.78	0.872	0.744	0.7853333333333333	0.7226666666666667	0.8893333333333333	0.8426666666666667	0.836	0.7746666666666666	0.8173333333333334	0.6666666666666666	0.872	0.7973333333333333	0.7453333333333333	0.836	0.864	0.848	0.8613333333333333	0.86	0.7093333333333334	0.732	0.7893333333333333	0.8133333333333334	0.788	0.7973333333333333	0.7893333333333333	0.856	0.8213333333333334	0.8133333333333334	0.7426666666666667	0.8306666666666667	0.82	0.7453333333333333	0.804	0.7946666666666666	0.5986666666666667	0.7986666666666666	0.8133333333333334	0.8173333333333334	0.8813333333333333	0.6813333333333333	0.812	0.7586666666666667	0.972	0.8853333333333333	0.5333333333333333	0.864	0.88	0.94	0.912	0.632	0.952	0.8453333333333334	0.9026666666666666	0.6773333333333333	0.7533333333333333	0.7826666666666666	0.768	0.8826666666666667	0.716	0.7546666666666667	0.7173333333333334	0.728	0.9053333333333333	0.7946666666666666	0.8866666666666667	0.7813333333333333	0.8133333333333334	0.8253333333333334	0.972	0.756	0.8093333333333333	0.8706666666666667	0.7493333333333333	0.8186666666666667	0.8906666666666667	0.8133333333333334	0.8773333333333333	0.7853333333333333
S2014m_E7-1-A-M	0.8866666666666667	0.88	0.8026666666666666	0.8106666666666666	0.784	0.872	0.716	0.8933333333333333	0.8426666666666667	0.8573333333333333	0.9253333333333333	0.836	0.9066666666666666	0.8186666666666667	0.776	0.736	0.868	0.96	0.9013333333333333	0.804	0.832	0.8893333333333333	0.7586666666666667	0.7893333333333333	0.9106666666666666	0.54	0.952	0.9133333333333333	0.9506666666666667	0.9346666666666666	0.8293333333333334	0.7866666666666666	0.932	0.9493333333333334	0.9293333333333333	0.9093333333333333	0.7133333333333334	0.6813333333333333	0.644	0.38266666666666665	0.6786666666666666	0.43466666666666665	0.7293333333333333	0.7706666666666667	0.7893333333333333	0.7493333333333333	0.8493333333333334	0.7746666666666666	0.48133333333333334	0.332	0.6213333333333333	0.7293333333333333	0.3413333333333333	0.448	0.7866666666666666	0.796	0.8	0.8266666666666667	0.7746666666666666	0.0	0.4786666666666667	0.31466666666666665	0.32666666666666666	0.6413333333333333	0.7933333333333333	0.8066666666666666	0.78	0.784	0.852	0.904	0.844	0.9186666666666666	0.652	0.8186666666666667	0.8386666666666667	0.7053333333333334	0.664	0.924	0.7986666666666666	0.7946666666666666	0.9213333333333333	0.9173333333333333	0.7786666666666666	0.8626666666666667	0.8053333333333333	0.9626666666666667	0.8213333333333334	0.7133333333333334	0.7346666666666667	0.672	0.7013333333333334	0.828	0.768	0.668	0.7493333333333333	0.8546666666666667	0.836	0.7506666666666667	0.788	0.8906666666666667	0.876	0.8666666666666667	0.9186666666666666	0.7093333333333334	0.788	0.792	0.756	0.664	0.6173333333333333	0.5946666666666667	0.5306666666666666	0.8226666666666667	0.6986666666666667	0.7866666666666666	0.804	0.7613333333333333	0.6386666666666667	0.6173333333333333	0.7826666666666666	0.6946666666666667	0.7546666666666667	0.5506666666666666	0.808	0.7413333333333333	0.436	0.788	0.716	0.736	0.46	0.9066666666666666	0.7146666666666667	0.7053333333333334	0.7053333333333334	0.792	0.7893333333333333	0.6613333333333333	0.7986666666666666	0.7373333333333333	0.5733333333333334	0.7053333333333334	0.8213333333333334	0.804	0.7773333333333333	0.656	0.596	0.6666666666666666	0.7053333333333334	0.8746666666666667	0.772	0.8573333333333333	0.8453333333333334	0.84	0.8426666666666667	0.92	0.8013333333333333	0.816	0.796	0.784	0.8226666666666667	0.8466666666666667	0.912	0.8293333333333334	0.8426666666666667	0.8266666666666667	0.6746666666666666	0.7746666666666666	0.928	0.7853333333333333	0.872	0.872	0.756	0.78	0.808	0.7666666666666667	0.8333333333333334	0.6746666666666666	0.7626666666666667	0.844	0.48533333333333334	0.8613333333333333	0.6933333333333334	0.892	0.876	0.888	0.8933333333333333	0.8866666666666667	0.828	0.8826666666666667	0.8853333333333333	0.796	0.8226666666666667	0.884	0.7413333333333333	0.884	0.876	0.7586666666666667	0.6813333333333333	0.756	0.8373333333333334	0.9026666666666666	0.8973333333333333	0.8253333333333334	0.8546666666666667	0.7906666666666666	0.668	0.864	0.7733333333333333	0.6826666666666666	0.8653333333333333	0.8933333333333333	0.876	0.6186666666666667	0.8053333333333333	0.8853333333333333
S2014m_E7-1-B-F	0.8906666666666667	0.904	0.8266666666666667	0.8546666666666667	0.7906666666666666	0.8986666666666666	0.7226666666666667	0.9106666666666666	0.8906666666666667	0.8773333333333333	0.9533333333333334	0.8546666666666667	0.9226666666666666	0.5173333333333333	0.8426666666666667	0.8866666666666667	0.8626666666666667	0.9506666666666667	0.872	0.8386666666666667	0.8733333333333333	0.516	0.8346666666666667	0.8613333333333333	0.872	0.17066666666666666	0.9466666666666667	0.884	0.9173333333333333	0.896	0.8853333333333333	0.8573333333333333	0.9466666666666667	0.9573333333333334	0.9293333333333333	0.9253333333333333	0.384	0.3453333333333333	0.292	0.524	0.31066666666666665	0.5573333333333333	0.8973333333333333	0.876	0.736	0.8813333333333333	0.9026666666666666	0.8706666666666667	0.4866666666666667	0.4533333333333333	0.552	0.344	0.472	0.4533333333333333	0.8186666666666667	0.8746666666666667	0.892	0.5	0.8466666666666667	0.4786666666666667	0.0	0.47733333333333333	0.47733333333333333	0.2733333333333333	0.8933333333333333	0.548	0.8626666666666667	0.8653333333333333	0.8773333333333333	0.9186666666666666	0.868	0.888	0.44133333333333336	0.7813333333333333	0.5893333333333334	0.7053333333333334	0.7213333333333334	0.9346666666666666	0.812	0.904	0.9386666666666666	0.9306666666666666	0.748	0.6826666666666666	0.9066666666666666	0.972	0.9026666666666666	0.8266666666666667	0.8733333333333333	0.7706666666666667	0.8106666666666666	0.8733333333333333	0.888	0.8013333333333333	0.8666666666666667	0.5386666666666666	0.9	0.8	0.86	0.9013333333333333	0.8893333333333333	0.8773333333333333	0.932	0.8053333333333333	0.844	0.8466666666666667	0.8626666666666667	0.7853333333333333	0.7546666666666667	0.6906666666666667	0.6573333333333333	0.8533333333333334	0.8333333333333334	0.8666666666666667	0.8893333333333333	0.728	0.704	0.48133333333333334	0.4786666666666667	0.608	0.7266666666666667	0.6306666666666667	0.49333333333333335	0.7333333333333333	0.448	0.7853333333333333	0.792	0.7653333333333333	0.5986666666666667	0.8893333333333333	0.8	0.5573333333333333	0.788	0.848	0.8493333333333334	0.7466666666666667	0.8266666666666667	0.7093333333333334	0.5226666666666666	0.6666666666666666	0.468	0.452	0.7466666666666667	0.5346666666666666	0.6706666666666666	0.7653333333333333	0.7893333333333333	0.5933333333333334	0.864	0.8946666666666667	0.544	0.9053333333333333	0.92	0.9053333333333333	0.864	0.8773333333333333	0.8186666666666667	0.8333333333333334	0.876	0.7826666666666666	0.9026666666666666	0.756	0.8693333333333333	0.872	0.82	0.872	0.9186666666666666	0.8666666666666667	0.9093333333333333	0.8066666666666666	0.852	0.8786666666666667	0.8733333333333333	0.7826666666666666	0.5173333333333333	0.8386666666666667	0.864	0.8866666666666667	0.664	0.8653333333333333	0.744	0.9546666666666667	0.872	0.912	0.88	0.9373333333333334	0.836	0.8826666666666667	0.8906666666666667	0.86	0.8853333333333333	0.9133333333333333	0.8093333333333333	0.8786666666666667	0.8946666666666667	0.7853333333333333	0.7426666666666667	0.7506666666666667	0.8773333333333333	0.9333333333333333	0.8973333333333333	0.9026666666666666	0.8706666666666667	0.816	0.664	0.9013333333333333	0.7906666666666666	0.716	0.888	0.8906666666666667	0.888	0.6533333333333333	0.828	0.9333333333333333
S2014m_E7-1-B-M	0.84	0.8213333333333334	0.856	0.8573333333333333	0.804	0.8386666666666667	0.7266666666666667	0.8906666666666667	0.7546666666666667	0.8813333333333333	0.8693333333333333	0.784	0.936	0.788	0.836	0.7866666666666666	0.7986666666666666	0.8613333333333333	0.8653333333333333	0.7106666666666667	0.76	0.7946666666666666	0.7266666666666667	0.7786666666666666	0.836	0.5333333333333333	0.864	0.8186666666666667	0.888	0.824	0.764	0.7346666666666667	0.896	0.912	0.8893333333333333	0.828	0.6733333333333333	0.6373333333333333	0.6093333333333333	0.324	0.6466666666666666	0.4186666666666667	0.8173333333333334	0.7946666666666666	0.7693333333333333	0.7973333333333333	0.9	0.788	0.42533333333333334	0.292	0.548	0.6226666666666667	0.316	0.37333333333333335	0.7533333333333333	0.7386666666666667	0.8346666666666667	0.736	0.7813333333333333	0.31466666666666665	0.47733333333333333	0.0	0.31333333333333335	0.6266666666666667	0.74	0.7893333333333333	0.7466666666666667	0.7906666666666666	0.8173333333333334	0.8693333333333333	0.776	0.8786666666666667	0.5826666666666667	0.7253333333333334	0.7693333333333333	0.6426666666666667	0.5906666666666667	0.8933333333333333	0.692	0.8826666666666667	0.892	0.8666666666666667	0.7453333333333333	0.8573333333333333	0.9093333333333333	0.896	0.892	0.824	0.844	0.7666666666666667	0.8053333333333333	0.876	0.864	0.7986666666666666	0.8626666666666667	0.8706666666666667	0.9013333333333333	0.7973333333333333	0.8546666666666667	0.904	0.8986666666666666	0.8973333333333333	0.9373333333333334	0.8146666666666667	0.844	0.868	0.86	0.776	0.7586666666666667	0.6906666666666667	0.6506666666666666	0.852	0.8266666666666667	0.8586666666666667	0.8813333333333333	0.7266666666666667	0.632	0.5813333333333334	0.7453333333333333	0.6826666666666666	0.7586666666666667	0.6146666666666667	0.7693333333333333	0.756	0.3253333333333333	0.7053333333333334	0.6466666666666666	0.7506666666666667	0.46266666666666667	0.8893333333333333	0.7306666666666667	0.6893333333333334	0.704	0.828	0.7733333333333333	0.6253333333333333	0.7986666666666666	0.6613333333333333	0.5466666666666666	0.6906666666666667	0.7986666666666666	0.7613333333333333	0.7506666666666667	0.6733333333333333	0.5893333333333334	0.7093333333333334	0.7133333333333334	0.7733333333333333	0.7213333333333334	0.7666666666666667	0.8026666666666666	0.8333333333333334	0.8386666666666667	0.896	0.7933333333333333	0.744	0.792	0.7706666666666667	0.7293333333333333	0.7293333333333333	0.832	0.8	0.8573333333333333	0.7373333333333333	0.752	0.7946666666666666	0.8546666666666667	0.7373333333333333	0.8453333333333334	0.8293333333333334	0.812	0.796	0.7986666666666666	0.768	0.7906666666666666	0.772	0.772	0.8133333333333334	0.548	0.872	0.6826666666666666	0.948	0.8733333333333333	0.9186666666666666	0.88	0.8506666666666667	0.844	0.8573333333333333	0.8773333333333333	0.8493333333333334	0.8106666666666666	0.836	0.7786666666666666	0.8453333333333334	0.836	0.7653333333333333	0.6533333333333333	0.7306666666666667	0.884	0.8493333333333334	0.8946666666666667	0.8226666666666667	0.792	0.816	0.6666666666666666	0.8173333333333334	0.7693333333333333	0.7093333333333334	0.812	0.8626666666666667	0.8613333333333333	0.656	0.832	0.84
S2014m_E7-1-C-F	0.7866666666666666	0.852	0.812	0.7986666666666666	0.7546666666666667	0.8426666666666667	0.6986666666666667	0.82	0.78	0.7933333333333333	0.8906666666666667	0.7573333333333333	0.884	0.6973333333333334	0.808	0.7373333333333333	0.6573333333333333	0.8973333333333333	0.84	0.7426666666666667	0.804	0.8226666666666667	0.724	0.7866666666666666	0.8426666666666667	0.5386666666666666	0.9253333333333333	0.8426666666666667	0.8893333333333333	0.8693333333333333	0.792	0.724	0.9346666666666666	0.9293333333333333	0.8973333333333333	0.8613333333333333	0.632	0.5466666666666666	0.6266666666666667	0.26	0.6546666666666666	0.28933333333333333	0.7746666666666666	0.64	0.7866666666666666	0.6306666666666667	0.8786666666666667	0.6213333333333333	0.41733333333333333	0.36933333333333335	0.5186666666666667	0.6706666666666666	0.3413333333333333	0.32133333333333336	0.756	0.7506666666666667	0.8306666666666667	0.78	0.7786666666666666	0.32666666666666666	0.47733333333333333	0.31333333333333335	0.0	0.6373333333333333	0.668	0.7893333333333333	0.7586666666666667	0.7626666666666667	0.808	0.888	0.796	0.9066666666666666	0.4866666666666667	0.7626666666666667	0.7586666666666667	0.6573333333333333	0.6066666666666667	0.9106666666666666	0.7266666666666667	0.86	0.9093333333333333	0.8973333333333333	0.7586666666666667	0.8106666666666666	0.82	0.948	0.8106666666666666	0.7413333333333333	0.796	0.6853333333333333	0.7386666666666667	0.812	0.7853333333333333	0.7146666666666667	0.7826666666666666	0.8266666666666667	0.8426666666666667	0.7266666666666667	0.7853333333333333	0.84	0.8293333333333334	0.8173333333333334	0.872	0.716	0.82	0.7866666666666666	0.808	0.7066666666666667	0.6973333333333334	0.6093333333333333	0.588	0.7853333333333333	0.748	0.796	0.808	0.7506666666666667	0.48133333333333334	0.5906666666666667	0.76	0.7266666666666667	0.784	0.5946666666666667	0.7493333333333333	0.7666666666666667	0.31466666666666665	0.7426666666666667	0.5466666666666666	0.7586666666666667	0.5266666666666666	0.8986666666666666	0.6173333333333333	0.7173333333333334	0.5893333333333334	0.8253333333333334	0.728	0.604	0.7906666666666666	0.716	0.5493333333333333	0.7253333333333334	0.8146666666666667	0.792	0.7786666666666666	0.684	0.544	0.688	0.684	0.8173333333333334	0.6173333333333333	0.7933333333333333	0.7933333333333333	0.708	0.7666666666666667	0.88	0.8213333333333334	0.6946666666666667	0.8066666666666666	0.628	0.704	0.76	0.8613333333333333	0.6786666666666666	0.8453333333333334	0.7106666666666667	0.7453333333333333	0.6733333333333333	0.8693333333333333	0.6293333333333333	0.8386666666666667	0.8506666666666667	0.8133333333333334	0.66	0.776	0.7613333333333333	0.7186666666666667	0.676	0.8026666666666666	0.8266666666666667	0.5893333333333334	0.7986666666666666	0.6733333333333333	0.9226666666666666	0.8653333333333333	0.844	0.8746666666666667	0.8653333333333333	0.8173333333333334	0.8493333333333334	0.8053333333333333	0.82	0.8213333333333334	0.84	0.7506666666666667	0.78	0.8413333333333334	0.7506666666666667	0.6573333333333333	0.6946666666666667	0.7893333333333333	0.88	0.8853333333333333	0.7706666666666667	0.828	0.7853333333333333	0.6613333333333333	0.8493333333333334	0.74	0.6466666666666666	0.8013333333333333	0.848	0.7853333333333333	0.616	0.7426666666666667	0.8666666666666667
S2014m_E7-1-C-M	0.9226666666666666	0.9173333333333333	0.8173333333333334	0.8946666666666667	0.82	0.936	0.7733333333333333	0.944	0.8906666666666667	0.8933333333333333	0.972	0.888	0.9426666666666667	0.3933333333333333	0.8466666666666667	0.86	0.8653333333333333	0.9533333333333334	0.8893333333333333	0.8293333333333334	0.8813333333333333	0.4013333333333333	0.8213333333333334	0.876	0.884	0.196	0.9413333333333334	0.8906666666666667	0.9133333333333333	0.9053333333333333	0.848	0.824	0.9306666666666666	0.9266666666666666	0.8906666666666667	0.8866666666666667	0.232	0.31733333333333336	0.3373333333333333	0.68	0.23866666666666667	0.7053333333333334	0.8546666666666667	0.868	0.7133333333333334	0.852	0.908	0.8746666666666667	0.6586666666666666	0.612	0.612	0.26666666666666666	0.6493333333333333	0.5906666666666667	0.8133333333333334	0.8786666666666667	0.8986666666666666	0.4706666666666667	0.8533333333333334	0.6413333333333333	0.2733333333333333	0.6266666666666667	0.6373333333333333	0.0	0.884	0.5413333333333333	0.8466666666666667	0.8573333333333333	0.8893333333333333	0.92	0.8573333333333333	0.8946666666666667	0.476	0.7546666666666667	0.5573333333333333	0.6786666666666666	0.6946666666666667	0.9173333333333333	0.7946666666666666	0.8973333333333333	0.9093333333333333	0.892	0.7186666666666667	0.7106666666666667	0.9306666666666666	0.94	0.916	0.8426666666666667	0.8786666666666667	0.788	0.8266666666666667	0.8986666666666666	0.8813333333333333	0.8146666666666667	0.88	0.5386666666666666	0.9293333333333333	0.8173333333333334	0.876	0.9146666666666666	0.904	0.8946666666666667	0.948	0.828	0.8653333333333333	0.852	0.8853333333333333	0.7973333333333333	0.7773333333333333	0.7466666666666667	0.748	0.868	0.8493333333333334	0.8826666666666667	0.9053333333333333	0.736	0.7373333333333333	0.5173333333333333	0.4693333333333333	0.64	0.696	0.7666666666666667	0.3506666666666667	0.7346666666666667	0.6186666666666667	0.8013333333333333	0.7986666666666666	0.7706666666666667	0.772	0.8893333333333333	0.796	0.5533333333333333	0.7773333333333333	0.844	0.8413333333333334	0.7333333333333333	0.808	0.712	0.56	0.636	0.4053333333333333	0.32266666666666666	0.7466666666666667	0.5733333333333334	0.748	0.7373333333333333	0.784	0.588	0.8533333333333334	0.892	0.5453333333333333	0.8893333333333333	0.9013333333333333	0.9266666666666666	0.8813333333333333	0.868	0.8066666666666666	0.8186666666666667	0.8786666666666667	0.7853333333333333	0.9133333333333333	0.748	0.8706666666666667	0.8693333333333333	0.8066666666666666	0.8506666666666667	0.936	0.8693333333333333	0.904	0.824	0.836	0.8626666666666667	0.8666666666666667	0.772	0.504	0.832	0.8466666666666667	0.8946666666666667	0.8373333333333334	0.8946666666666667	0.7706666666666667	0.9453333333333334	0.8826666666666667	0.924	0.8933333333333333	0.9466666666666667	0.852	0.8826666666666667	0.9106666666666666	0.8853333333333333	0.9146666666666666	0.92	0.808	0.9106666666666666	0.916	0.7853333333333333	0.7866666666666666	0.7493333333333333	0.888	0.9506666666666667	0.8973333333333333	0.924	0.9013333333333333	0.816	0.828	0.9146666666666666	0.7906666666666666	0.7813333333333333	0.8933333333333333	0.9	0.9106666666666666	0.7573333333333333	0.8506666666666667	0.936
S2014m_E7-2-A-F	0.8773333333333333	0.8173333333333334	0.88	0.8626666666666667	0.956	0.7133333333333334	0.6626666666666666	0.8866666666666667	0.756	0.9146666666666666	0.86	0.8466666666666667	0.956	0.6426666666666667	0.6266666666666667	0.43733333333333335	0.6466666666666666	0.8453333333333334	0.7733333333333333	0.6706666666666666	0.728	0.7386666666666667	0.6573333333333333	0.6213333333333333	0.8293333333333334	0.8546666666666667	0.752	0.7026666666666667	0.7933333333333333	0.76	0.6986666666666667	0.6253333333333333	0.84	0.8666666666666667	0.8893333333333333	0.7973333333333333	0.7906666666666666	0.7733333333333333	0.8386666666666667	0.74	0.8573333333333333	0.6933333333333334	0.636	0.5493333333333333	0.58	0.62	0.7253333333333334	0.6213333333333333	0.7893333333333333	0.7786666666666666	0.8413333333333334	0.8173333333333334	0.78	0.6506666666666666	0.6253333333333333	0.616	0.7826666666666666	0.6853333333333333	0.712	0.7933333333333333	0.8933333333333333	0.74	0.668	0.884	0.0	0.5573333333333333	0.39066666666666666	0.408	0.444	0.7706666666666667	0.688	0.8186666666666667	0.5933333333333334	0.6293333333333333	0.7213333333333334	0.612	0.5333333333333333	0.812	0.56	0.7546666666666667	0.8813333333333333	0.8853333333333333	0.6826666666666666	0.916	0.904	0.9426666666666667	0.912	0.8586666666666667	0.8546666666666667	0.8706666666666667	0.864	0.8706666666666667	0.824	0.84	0.84	0.9053333333333333	0.9146666666666666	0.8826666666666667	0.92	0.9213333333333333	0.9106666666666666	0.932	0.924	0.8746666666666667	0.9093333333333333	0.9066666666666666	0.8706666666666667	0.8733333333333333	0.88	0.8666666666666667	0.8613333333333333	0.92	0.8733333333333333	0.908	0.8906666666666667	0.8946666666666667	0.7426666666666667	0.804	0.856	0.892	0.8573333333333333	0.84	0.7973333333333333	0.7373333333333333	0.6933333333333334	0.812	0.6253333333333333	0.8586666666666667	0.8973333333333333	0.9066666666666666	0.6413333333333333	0.8053333333333333	0.7453333333333333	0.8706666666666667	0.7466666666666667	0.68	0.8586666666666667	0.7373333333333333	0.744	0.696	0.884	0.824	0.7666666666666667	0.8653333333333333	0.68	0.7666666666666667	0.7866666666666666	0.72	0.6146666666666667	0.6613333333333333	0.7613333333333333	0.652	0.628	0.8413333333333334	0.7506666666666667	0.5453333333333333	0.6706666666666666	0.5866666666666667	0.5213333333333333	0.552	0.8293333333333334	0.5853333333333334	0.8626666666666667	0.6213333333333333	0.7506666666666667	0.6933333333333334	0.7373333333333333	0.6333333333333333	0.752	0.748	0.7386666666666667	0.6493333333333333	0.7093333333333334	0.832	0.736	0.6773333333333333	0.7933333333333333	0.72	0.988	0.784	0.816	0.8733333333333333	0.8706666666666667	0.9573333333333334	0.9266666666666666	0.8386666666666667	0.9613333333333334	0.6986666666666667	0.9093333333333333	0.8866666666666667	0.824	0.76	0.7053333333333334	0.8946666666666667	0.7333333333333333	0.804	0.792	0.6893333333333334	0.9026666666666666	0.7986666666666666	0.86	0.8133333333333334	0.8	0.7533333333333333	0.9893333333333333	0.824	0.7813333333333333	0.9226666666666666	0.7466666666666667	0.744	0.8946666666666667	0.6853333333333333	0.8946666666666667	0.7853333333333333
S2014m_E7-2-A-M	0.8973333333333333	0.8333333333333334	0.924	0.8186666666666667	0.9906666666666667	0.836	0.8746666666666667	0.8853333333333333	0.816	0.9253333333333333	0.8493333333333334	0.8386666666666667	0.9653333333333334	0.4746666666666667	0.764	0.616	0.804	0.8826666666666667	0.7746666666666666	0.776	0.8053333333333333	0.48133333333333334	0.6986666666666667	0.704	0.852	0.5053333333333333	0.832	0.7613333333333333	0.8146666666666667	0.7613333333333333	0.7506666666666667	0.7306666666666667	0.8853333333333333	0.924	0.908	0.8626666666666667	0.5613333333333334	0.5546666666666666	0.552	0.8666666666666667	0.544	0.86	0.7186666666666667	0.72	0.6133333333333333	0.7466666666666667	0.7786666666666666	0.7306666666666667	0.8306666666666667	0.752	0.832	0.49466666666666664	0.7826666666666666	0.7506666666666667	0.7466666666666667	0.7466666666666667	0.7866666666666666	0.432	0.7453333333333333	0.8066666666666666	0.548	0.7893333333333333	0.7893333333333333	0.5413333333333333	0.5573333333333333	0.0	0.5733333333333334	0.492	0.64	0.8253333333333334	0.692	0.7453333333333333	0.576	0.7626666666666667	0.552	0.768	0.728	0.864	0.6373333333333333	0.792	0.8853333333333333	0.8853333333333333	0.7786666666666666	0.7013333333333334	0.864	0.9573333333333334	0.8613333333333333	0.7666666666666667	0.7826666666666666	0.8053333333333333	0.7506666666666667	0.8013333333333333	0.772	0.8106666666666666	0.8173333333333334	0.484	0.8346666666666667	0.7986666666666666	0.8426666666666667	0.872	0.86	0.892	0.8786666666666667	0.7933333333333333	0.864	0.8413333333333334	0.8373333333333334	0.8373333333333334	0.828	0.828	0.8413333333333334	0.916	0.844	0.8706666666666667	0.8213333333333334	0.8493333333333334	0.8626666666666667	0.6333333333333333	0.5586666666666666	0.7146666666666667	0.7213333333333334	0.8173333333333334	0.5386666666666666	0.6906666666666667	0.704	0.784	0.756	0.816	0.8413333333333334	0.8173333333333334	0.7173333333333334	0.5786666666666667	0.7426666666666667	0.7893333333333333	0.7866666666666666	0.6666666666666666	0.8093333333333333	0.6186666666666667	0.624	0.608	0.5466666666666666	0.49866666666666665	0.7546666666666667	0.616	0.7026666666666667	0.7293333333333333	0.8573333333333333	0.4573333333333333	0.744	0.68	0.464	0.724	0.692	0.7946666666666666	0.7573333333333333	0.7266666666666667	0.7506666666666667	0.68	0.684	0.648	0.8586666666666667	0.5933333333333334	0.832	0.7226666666666667	0.7586666666666667	0.7333333333333333	0.7866666666666666	0.7146666666666667	0.8146666666666667	0.664	0.6773333333333333	0.7506666666666667	0.76	0.7893333333333333	0.5066666666666667	0.7706666666666667	0.812	0.7453333333333333	0.9933333333333333	0.8946666666666667	0.8053333333333333	0.9306666666666666	0.952	0.96	0.9493333333333334	0.768	0.9706666666666667	0.884	0.9133333333333333	0.8346666666666667	0.808	0.8213333333333334	0.8413333333333334	0.9173333333333333	0.7933333333333333	0.8773333333333333	0.7973333333333333	0.8386666666666667	0.936	0.8266666666666667	0.948	0.8306666666666667	0.8053333333333333	0.8613333333333333	0.992	0.8093333333333333	0.8693333333333333	0.9293333333333333	0.816	0.848	0.908	0.864	0.908	0.832
S2014m_E7-2-B-F	0.8426666666666667	0.792	0.8573333333333333	0.836	0.9493333333333334	0.768	0.7826666666666666	0.8693333333333333	0.7826666666666666	0.9	0.8386666666666667	0.7946666666666666	0.9373333333333334	0.8	0.736	0.56	0.7773333333333333	0.824	0.764	0.7133333333333334	0.7306666666666667	0.768	0.6613333333333333	0.616	0.8106666666666666	0.8186666666666667	0.656	0.616	0.7186666666666667	0.7093333333333334	0.6826666666666666	0.6626666666666666	0.752	0.8533333333333334	0.8466666666666667	0.7853333333333333	0.872	0.884	0.8653333333333333	0.8333333333333334	0.8533333333333334	0.8333333333333334	0.696	0.724	0.7373333333333333	0.7493333333333333	0.796	0.752	0.7413333333333333	0.768	0.8053333333333333	0.7853333333333333	0.7493333333333333	0.728	0.6773333333333333	0.704	0.7573333333333333	0.716	0.7093333333333334	0.78	0.8626666666666667	0.7466666666666667	0.7586666666666667	0.8466666666666667	0.39066666666666666	0.5733333333333334	0.0	0.428	0.4573333333333333	0.7213333333333334	0.648	0.8013333333333333	0.7746666666666666	0.6826666666666666	0.7493333333333333	0.6826666666666666	0.6733333333333333	0.756	0.632	0.756	0.8346666666666667	0.832	0.7733333333333333	0.8773333333333333	0.8653333333333333	0.8946666666666667	0.8813333333333333	0.8146666666666667	0.8053333333333333	0.828	0.8106666666666666	0.8106666666666666	0.7693333333333333	0.78	0.7946666666666666	0.8626666666666667	0.8853333333333333	0.844	0.8893333333333333	0.868	0.8666666666666667	0.9	0.86	0.8346666666666667	0.884	0.884	0.8253333333333334	0.8146666666666667	0.8173333333333334	0.8053333333333333	0.8133333333333334	0.8946666666666667	0.8373333333333334	0.8826666666666667	0.8586666666666667	0.848	0.8573333333333333	0.8426666666666667	0.8813333333333333	0.8626666666666667	0.832	0.8226666666666667	0.864	0.7893333333333333	0.7866666666666666	0.7613333333333333	0.7293333333333333	0.804	0.8613333333333333	0.88	0.8013333333333333	0.8133333333333334	0.8453333333333334	0.82	0.848	0.7173333333333334	0.852	0.7413333333333333	0.7773333333333333	0.756	0.8666666666666667	0.8146666666666667	0.8333333333333334	0.8413333333333334	0.8093333333333333	0.7813333333333333	0.8573333333333333	0.7093333333333334	0.7346666666666667	0.7346666666666667	0.8186666666666667	0.772	0.7853333333333333	0.8346666666666667	0.7346666666666667	0.6466666666666666	0.76	0.7333333333333333	0.6413333333333333	0.676	0.792	0.7453333333333333	0.8373333333333334	0.6986666666666667	0.776	0.7986666666666666	0.724	0.7373333333333333	0.784	0.7546666666666667	0.708	0.756	0.8053333333333333	0.8013333333333333	0.8413333333333334	0.776	0.8146666666666667	0.724	0.9826666666666667	0.8106666666666666	0.7893333333333333	0.8666666666666667	0.9146666666666666	0.9413333333333334	0.9173333333333333	0.804	0.94	0.82	0.8853333333333333	0.86	0.796	0.7466666666666667	0.7306666666666667	0.8773333333333333	0.7413333333333333	0.796	0.7653333333333333	0.7413333333333333	0.8853333333333333	0.804	0.9066666666666666	0.7693333333333333	0.7693333333333333	0.788	0.9733333333333334	0.8	0.8226666666666667	0.904	0.7226666666666667	0.776	0.876	0.768	0.8853333333333333	0.8066666666666666
S2014m_E7-2-B-M	0.8613333333333333	0.8013333333333333	0.7973333333333333	0.78	0.8426666666666667	0.8026666666666666	0.6946666666666667	0.8746666666666667	0.788	0.896	0.84	0.8346666666666667	0.94	0.7573333333333333	0.692	0.516	0.7706666666666667	0.8746666666666667	0.7226666666666667	0.652	0.6613333333333333	0.7226666666666667	0.612	0.5706666666666667	0.8386666666666667	0.828	0.76	0.6666666666666666	0.7546666666666667	0.7373333333333333	0.708	0.696	0.8266666666666667	0.884	0.864	0.8013333333333333	0.8573333333333333	0.8706666666666667	0.8533333333333334	0.8386666666666667	0.8426666666666667	0.784	0.6186666666666667	0.6893333333333334	0.6933333333333334	0.6973333333333334	0.7853333333333333	0.6946666666666667	0.776	0.784	0.8426666666666667	0.7973333333333333	0.7173333333333334	0.7573333333333333	0.608	0.5666666666666667	0.704	0.6453333333333333	0.6333333333333333	0.784	0.8653333333333333	0.7906666666666666	0.7626666666666667	0.8573333333333333	0.408	0.492	0.428	0.0	0.4026666666666667	0.7013333333333334	0.6346666666666667	0.784	0.8053333333333333	0.744	0.8066666666666666	0.724	0.732	0.8146666666666667	0.5586666666666666	0.6626666666666666	0.8733333333333333	0.8893333333333333	0.804	0.8946666666666667	0.8466666666666667	0.952	0.8386666666666667	0.7986666666666666	0.7693333333333333	0.8146666666666667	0.7826666666666666	0.8346666666666667	0.7826666666666666	0.7706666666666667	0.7826666666666666	0.856	0.8666666666666667	0.852	0.8773333333333333	0.8973333333333333	0.8746666666666667	0.9013333333333333	0.9093333333333333	0.7866666666666666	0.8426666666666667	0.8546666666666667	0.8093333333333333	0.7906666666666666	0.796	0.7986666666666666	0.7933333333333333	0.8986666666666666	0.7986666666666666	0.8426666666666667	0.8026666666666666	0.8893333333333333	0.8413333333333334	0.8453333333333334	0.888	0.8466666666666667	0.8173333333333334	0.7706666666666667	0.8693333333333333	0.7853333333333333	0.792	0.7826666666666666	0.7186666666666667	0.7906666666666666	0.8453333333333334	0.8706666666666667	0.7173333333333334	0.7893333333333333	0.7586666666666667	0.7773333333333333	0.7893333333333333	0.6893333333333334	0.8106666666666666	0.6866666666666666	0.744	0.708	0.8613333333333333	0.8106666666666666	0.752	0.772	0.7373333333333333	0.6973333333333334	0.8373333333333334	0.7173333333333334	0.684	0.684	0.8306666666666667	0.7386666666666667	0.72	0.8133333333333334	0.7306666666666667	0.6906666666666667	0.7733333333333333	0.6973333333333334	0.6586666666666666	0.7266666666666667	0.8173333333333334	0.7533333333333333	0.8213333333333334	0.7306666666666667	0.732	0.768	0.7506666666666667	0.656	0.7813333333333333	0.752	0.668	0.7333333333333333	0.6826666666666666	0.7866666666666666	0.8266666666666667	0.724	0.7893333333333333	0.7306666666666667	0.9773333333333334	0.8106666666666666	0.7453333333333333	0.7693333333333333	0.788	0.9426666666666667	0.9186666666666666	0.7813333333333333	0.944	0.7826666666666666	0.892	0.8053333333333333	0.764	0.7973333333333333	0.6933333333333334	0.8786666666666667	0.7493333333333333	0.7133333333333334	0.6986666666666667	0.6506666666666666	0.8586666666666667	0.764	0.7853333333333333	0.7973333333333333	0.7746666666666666	0.7293333333333333	0.972	0.784	0.712	0.9013333333333333	0.764	0.7333333333333333	0.8746666666666667	0.784	0.8746666666666667	0.7173333333333334
S2014m_E7-2-C-M	0.8653333333333333	0.764	0.8653333333333333	0.824	0.9306666666666666	0.7466666666666667	0.5946666666666667	0.8293333333333334	0.7666666666666667	0.9093333333333333	0.808	0.784	0.948	0.76	0.696	0.5786666666666667	0.792	0.868	0.736	0.5973333333333334	0.66	0.7213333333333334	0.6786666666666666	0.5973333333333334	0.8373333333333334	0.8453333333333334	0.6826666666666666	0.6466666666666666	0.764	0.7133333333333334	0.7106666666666667	0.6693333333333333	0.8106666666666666	0.8693333333333333	0.844	0.7906666666666666	0.8853333333333333	0.8906666666666667	0.8733333333333333	0.8653333333333333	0.8706666666666667	0.8146666666666667	0.6266666666666667	0.6946666666666667	0.624	0.7653333333333333	0.7933333333333333	0.7533333333333333	0.7893333333333333	0.8213333333333334	0.8386666666666667	0.8173333333333334	0.7733333333333333	0.8066666666666666	0.6066666666666667	0.5853333333333334	0.7546666666666667	0.636	0.6853333333333333	0.852	0.8773333333333333	0.8173333333333334	0.808	0.8893333333333333	0.444	0.64	0.4573333333333333	0.4026666666666667	0.0	0.7146666666666667	0.6066666666666667	0.776	0.7853333333333333	0.7226666666666667	0.784	0.7	0.74	0.7706666666666667	0.604	0.6613333333333333	0.8586666666666667	0.852	0.8093333333333333	0.8853333333333333	0.8933333333333333	0.9253333333333333	0.8746666666666667	0.8253333333333334	0.8293333333333334	0.844	0.824	0.768	0.7853333333333333	0.776	0.8186666666666667	0.852	0.8693333333333333	0.836	0.872	0.8746666666666667	0.8306666666666667	0.8706666666666667	0.8546666666666667	0.864	0.884	0.8653333333333333	0.8453333333333334	0.816	0.8173333333333334	0.8226666666666667	0.8333333333333334	0.892	0.8613333333333333	0.8746666666666667	0.808	0.8666666666666667	0.868	0.8546666666666667	0.8933333333333333	0.8573333333333333	0.8586666666666667	0.8306666666666667	0.8786666666666667	0.7893333333333333	0.8173333333333334	0.7493333333333333	0.7706666666666667	0.776	0.8573333333333333	0.8906666666666667	0.8293333333333334	0.824	0.8506666666666667	0.82	0.86	0.7373333333333333	0.8493333333333334	0.776	0.7933333333333333	0.764	0.8693333333333333	0.7986666666666666	0.7933333333333333	0.836	0.8413333333333334	0.796	0.8466666666666667	0.736	0.7586666666666667	0.784	0.8333333333333334	0.8133333333333334	0.8066666666666666	0.816	0.732	0.7106666666666667	0.7733333333333333	0.7853333333333333	0.7053333333333334	0.728	0.8026666666666666	0.78	0.8253333333333334	0.736	0.8026666666666666	0.8133333333333334	0.74	0.7586666666666667	0.8	0.7333333333333333	0.7626666666666667	0.756	0.7226666666666667	0.8333333333333334	0.8613333333333333	0.8013333333333333	0.8346666666666667	0.7293333333333333	0.9826666666666667	0.764	0.824	0.8773333333333333	0.7333333333333333	0.9493333333333334	0.9226666666666666	0.796	0.9546666666666667	0.684	0.892	0.8173333333333334	0.7706666666666667	0.7306666666666667	0.6333333333333333	0.8893333333333333	0.7026666666666667	0.7586666666666667	0.7306666666666667	0.5413333333333333	0.876	0.752	0.7386666666666667	0.7866666666666666	0.7426666666666667	0.6546666666666666	0.9813333333333333	0.768	0.6666666666666666	0.896	0.6973333333333334	0.5893333333333334	0.8893333333333333	0.7733333333333333	0.8853333333333333	0.6973333333333334
S2014m_E7-3-A-M	0.9413333333333334	0.9133333333333333	0.8693333333333333	0.8813333333333333	0.8946666666666667	0.9053333333333333	0.8386666666666667	0.9346666666666666	0.92	0.94	0.9346666666666666	0.9026666666666666	0.9426666666666667	0.88	0.86	0.7426666666666667	0.8413333333333334	0.8866666666666667	0.7533333333333333	0.896	0.7506666666666667	0.9013333333333333	0.7533333333333333	0.78	0.8853333333333333	0.892	0.6933333333333334	0.5986666666666667	0.6106666666666667	0.612	0.6506666666666666	0.632	0.6586666666666666	0.548	0.6053333333333333	0.5826666666666667	0.9293333333333333	0.9413333333333334	0.9186666666666666	0.9013333333333333	0.9146666666666666	0.8813333333333333	0.8546666666666667	0.8826666666666667	0.876	0.748	0.8586666666666667	0.8146666666666667	0.88	0.9226666666666666	0.908	0.9426666666666667	0.8866666666666667	0.916	0.848	0.832	0.8146666666666667	0.876	0.7626666666666667	0.904	0.9186666666666666	0.8693333333333333	0.888	0.92	0.7706666666666667	0.8253333333333334	0.7213333333333334	0.7013333333333334	0.7146666666666667	0.0	0.49066666666666664	0.7306666666666667	0.9053333333333333	0.8853333333333333	0.8906666666666667	0.8426666666666667	0.8653333333333333	0.6746666666666666	0.8026666666666666	0.6573333333333333	0.5253333333333333	0.5826666666666667	0.872	0.868	0.92	0.7933333333333333	0.9093333333333333	0.896	0.8533333333333334	0.9053333333333333	0.9	0.8613333333333333	0.8293333333333334	0.868	0.8666666666666667	0.9066666666666666	0.896	0.8773333333333333	0.92	0.8853333333333333	0.9	0.8986666666666666	0.8413333333333334	0.8866666666666667	0.8906666666666667	0.9093333333333333	0.8813333333333333	0.8693333333333333	0.908	0.896	0.8946666666666667	0.904	0.9053333333333333	0.8946666666666667	0.8893333333333333	0.8546666666666667	0.9293333333333333	0.9146666666666666	0.9413333333333334	0.828	0.912	0.8853333333333333	0.9386666666666666	0.8666666666666667	0.912	0.872	0.884	0.7413333333333333	0.8813333333333333	0.9266666666666666	0.8893333333333333	0.8813333333333333	0.896	0.8546666666666667	0.9013333333333333	0.848	0.9146666666666666	0.8746666666666667	0.8573333333333333	0.812	0.9133333333333333	0.864	0.9066666666666666	0.9026666666666666	0.9266666666666666	0.8546666666666667	0.9226666666666666	0.9186666666666666	0.8613333333333333	0.9133333333333333	0.9013333333333333	0.8866666666666667	0.88	0.8746666666666667	0.88	0.8893333333333333	0.8786666666666667	0.8853333333333333	0.8706666666666667	0.888	0.8413333333333334	0.8866666666666667	0.84	0.872	0.86	0.872	0.8706666666666667	0.8613333333333333	0.9133333333333333	0.8653333333333333	0.8666666666666667	0.8666666666666667	0.852	0.836	0.8733333333333333	0.856	0.888	0.8506666666666667	0.9826666666666667	0.8613333333333333	0.9173333333333333	0.8706666666666667	0.8746666666666667	0.9586666666666667	0.9186666666666666	0.916	0.952	0.9106666666666666	0.9426666666666667	0.9066666666666666	0.912	0.8853333333333333	0.8533333333333334	0.9266666666666666	0.8906666666666667	0.8213333333333334	0.8546666666666667	0.8626666666666667	0.9	0.9013333333333333	0.876	0.9186666666666666	0.9013333333333333	0.8813333333333333	0.9693333333333334	0.9133333333333333	0.8586666666666667	0.9146666666666666	0.856	0.884	0.9146666666666666	0.8653333333333333	0.9106666666666666	0.9053333333333333
S2014M_E7-3-B-M	0.88	0.8306666666666667	0.8826666666666667	0.8253333333333334	0.94	0.8346666666666667	0.8106666666666666	0.8773333333333333	0.8506666666666667	0.9293333333333333	0.8186666666666667	0.8213333333333334	0.9506666666666667	0.8213333333333334	0.824	0.716	0.8093333333333333	0.84	0.756	0.8133333333333334	0.6826666666666666	0.792	0.6973333333333334	0.708	0.832	0.844	0.652	0.6093333333333333	0.6013333333333334	0.472	0.6493333333333333	0.6346666666666667	0.6666666666666666	0.6453333333333333	0.6626666666666666	0.6333333333333333	0.88	0.892	0.8693333333333333	0.8786666666666667	0.868	0.84	0.804	0.8253333333333334	0.7893333333333333	0.7266666666666667	0.824	0.8066666666666666	0.8093333333333333	0.8186666666666667	0.8173333333333334	0.8386666666666667	0.7933333333333333	0.8226666666666667	0.7586666666666667	0.7466666666666667	0.748	0.7586666666666667	0.6853333333333333	0.844	0.868	0.776	0.796	0.8573333333333333	0.688	0.692	0.648	0.6346666666666667	0.6066666666666667	0.49066666666666664	0.0	0.692	0.828	0.784	0.788	0.764	0.7586666666666667	0.6653333333333333	0.6986666666666667	0.7066666666666667	0.576	0.6	0.8186666666666667	0.8546666666666667	0.8826666666666667	0.8546666666666667	0.8893333333333333	0.8973333333333333	0.856	0.9	0.8386666666666667	0.8266666666666667	0.8053333333333333	0.8266666666666667	0.84	0.8613333333333333	0.8853333333333333	0.8533333333333334	0.8946666666666667	0.876	0.8813333333333333	0.924	0.8426666666666667	0.872	0.8813333333333333	0.9026666666666666	0.872	0.8373333333333334	0.8493333333333334	0.852	0.8613333333333333	0.9186666666666666	0.8866666666666667	0.8813333333333333	0.864	0.8146666666666667	0.908	0.848	0.8973333333333333	0.8093333333333333	0.8333333333333334	0.852	0.8826666666666667	0.824	0.8186666666666667	0.7813333333333333	0.8066666666666666	0.7546666666666667	0.88	0.8853333333333333	0.8733333333333333	0.8386666666666667	0.852	0.8346666666666667	0.848	0.7826666666666666	0.876	0.7786666666666666	0.78	0.7173333333333334	0.86	0.7986666666666666	0.84	0.8333333333333334	0.8973333333333333	0.8226666666666667	0.912	0.8306666666666667	0.7946666666666666	0.8693333333333333	0.8693333333333333	0.8906666666666667	0.892	0.876	0.8013333333333333	0.8413333333333334	0.8266666666666667	0.8533333333333334	0.8186666666666667	0.8253333333333334	0.82	0.856	0.8346666666666667	0.824	0.8226666666666667	0.844	0.8493333333333334	0.7933333333333333	0.9026666666666666	0.8213333333333334	0.816	0.852	0.8346666666666667	0.812	0.8653333333333333	0.8373333333333334	0.8506666666666667	0.8	0.9866666666666667	0.848	0.8266666666666667	0.8986666666666666	0.8733333333333333	0.9573333333333334	0.9133333333333333	0.8173333333333334	0.9426666666666667	0.8573333333333333	0.9106666666666666	0.8506666666666667	0.8106666666666666	0.788	0.7933333333333333	0.904	0.7933333333333333	0.8493333333333334	0.7666666666666667	0.7826666666666666	0.9053333333333333	0.7933333333333333	0.8626666666666667	0.836	0.8026666666666666	0.8346666666666667	0.9853333333333333	0.8186666666666667	0.8173333333333334	0.9093333333333333	0.7733333333333333	0.804	0.88	0.844	0.9066666666666666	0.7933333333333333
S2014m_E7-3-C-M	0.9666666666666667	0.9693333333333334	0.9786666666666667	0.9666666666666667	0.9973333333333333	0.968	0.9453333333333334	0.9706666666666667	0.936	0.9786666666666667	0.9693333333333334	0.9586666666666667	0.9893333333333333	0.824	0.904	0.824	0.888	0.9133333333333333	0.8533333333333334	0.8173333333333334	0.872	0.8906666666666667	0.816	0.868	0.9106666666666666	0.8893333333333333	0.8173333333333334	0.8146666666666667	0.8013333333333333	0.7426666666666667	0.7986666666666666	0.7146666666666667	0.8053333333333333	0.8546666666666667	0.76	0.812	0.9133333333333333	0.908	0.9066666666666666	0.912	0.9013333333333333	0.9386666666666666	0.9093333333333333	0.9146666666666666	0.872	0.7973333333333333	0.8586666666666667	0.8866666666666667	0.8986666666666666	0.8853333333333333	0.892	0.8786666666666667	0.888	0.8786666666666667	0.9053333333333333	0.92	0.8586666666666667	0.8533333333333334	0.7973333333333333	0.9186666666666666	0.888	0.8786666666666667	0.9066666666666666	0.8946666666666667	0.8186666666666667	0.7453333333333333	0.8013333333333333	0.784	0.776	0.7306666666666667	0.692	0.0	0.8946666666666667	0.8973333333333333	0.884	0.904	0.9	0.8333333333333334	0.7253333333333334	0.8373333333333334	0.764	0.764	0.8893333333333333	0.8986666666666666	0.948	0.9226666666666666	0.968	0.8453333333333334	0.7306666666666667	0.8213333333333334	0.6266666666666667	0.9013333333333333	0.9253333333333333	0.932	0.908	0.8866666666666667	0.956	0.9093333333333333	0.9706666666666667	0.948	0.9306666666666666	0.928	0.9333333333333333	0.956	0.9693333333333334	0.972	0.744	0.9466666666666667	0.9626666666666667	0.9506666666666667	0.9346666666666666	0.9706666666666667	0.9546666666666667	0.9653333333333334	0.9653333333333334	0.8626666666666667	0.9066666666666666	0.8933333333333333	0.896	0.8893333333333333	0.892	0.9426666666666667	0.8973333333333333	0.8986666666666666	0.8986666666666666	0.9013333333333333	0.9066666666666666	0.7506666666666667	0.832	0.64	0.8653333333333333	0.8653333333333333	0.8026666666666666	0.9053333333333333	0.884	0.668	0.6586666666666666	0.776	0.8653333333333333	0.812	0.8626666666666667	0.84	0.892	0.8813333333333333	0.8186666666666667	0.86	0.9146666666666666	0.8253333333333334	0.8613333333333333	0.6613333333333333	0.8613333333333333	0.8506666666666667	0.8586666666666667	0.6386666666666667	0.884	0.8333333333333334	0.8813333333333333	0.8746666666666667	0.848	0.8173333333333334	0.8413333333333334	0.876	0.8613333333333333	0.6386666666666667	0.7906666666666666	0.884	0.7973333333333333	0.8346666666666667	0.816	0.6226666666666667	0.8373333333333334	0.8853333333333333	0.8413333333333334	0.8146666666666667	0.852	0.884	0.632	0.808	0.9986666666666667	0.9786666666666667	0.968	0.9893333333333333	0.9773333333333334	0.9906666666666667	0.9693333333333334	0.9653333333333334	0.9906666666666667	0.9746666666666667	0.9773333333333334	0.964	0.9666666666666667	0.9613333333333334	0.9666666666666667	0.9853333333333333	0.9626666666666667	0.8813333333333333	0.968	0.9373333333333334	0.988	0.9706666666666667	0.9813333333333333	0.9693333333333334	0.9306666666666666	0.96	0.9973333333333333	0.9693333333333334	0.9706666666666667	0.976	0.956	0.7906666666666666	0.972	0.9626666666666667	0.968	0.9666666666666667
S2014M_E9-1-A-M	0.8973333333333333	0.8506666666666667	0.8906666666666667	0.8573333333333333	0.82	0.776	0.5786666666666667	0.9226666666666666	0.7826666666666666	0.8986666666666666	0.9266666666666666	0.8533333333333334	0.9466666666666667	0.44533333333333336	0.7066666666666667	0.7133333333333334	0.7066666666666667	0.9146666666666666	0.84	0.748	0.8573333333333333	0.5866666666666667	0.752	0.7973333333333333	0.864	0.41333333333333333	0.932	0.8466666666666667	0.9106666666666666	0.864	0.8186666666666667	0.748	0.9426666666666667	0.944	0.9506666666666667	0.8986666666666666	0.384	0.29733333333333334	0.4026666666666667	0.492	0.4106666666666667	0.5106666666666667	0.7413333333333333	0.5733333333333334	0.512	0.6733333333333333	0.7573333333333333	0.6506666666666666	0.6866666666666666	0.5746666666666667	0.6266666666666667	0.444	0.6586666666666666	0.48	0.7333333333333333	0.7626666666666667	0.8573333333333333	0.5306666666666666	0.82	0.652	0.44133333333333336	0.5826666666666667	0.4866666666666667	0.476	0.5933333333333334	0.576	0.7746666666666666	0.8053333333333333	0.7853333333333333	0.9053333333333333	0.828	0.8946666666666667	0.0	0.6813333333333333	0.45466666666666666	0.568	0.484	0.9133333333333333	0.6906666666666667	0.8946666666666667	0.944	0.932	0.6346666666666667	0.7146666666666667	0.94	0.9746666666666667	0.912	0.8373333333333334	0.8973333333333333	0.7893333333333333	0.832	0.8933333333333333	0.892	0.8226666666666667	0.8933333333333333	0.6666666666666666	0.9066666666666666	0.804	0.868	0.9026666666666666	0.8866666666666667	0.8693333333333333	0.9213333333333333	0.8186666666666667	0.8546666666666667	0.8786666666666667	0.8653333333333333	0.836	0.7933333333333333	0.7266666666666667	0.736	0.868	0.8613333333333333	0.884	0.9013333333333333	0.732	0.5586666666666666	0.404	0.536	0.5773333333333334	0.7026666666666667	0.7253333333333334	0.5146666666666667	0.5946666666666667	0.42133333333333334	0.732	0.552	0.7426666666666667	0.7306666666666667	0.8746666666666667	0.6173333333333333	0.4693333333333333	0.596	0.8253333333333334	0.6893333333333334	0.5986666666666667	0.7933333333333333	0.6093333333333333	0.43866666666666665	0.5866666666666667	0.564	0.5306666666666666	0.7146666666666667	0.5333333333333333	0.6013333333333334	0.704	0.6733333333333333	0.5666666666666667	0.688	0.812	0.528	0.7146666666666667	0.78	0.872	0.8293333333333334	0.676	0.644	0.628	0.6613333333333333	0.5693333333333334	0.8826666666666667	0.5186666666666667	0.8853333333333333	0.6906666666666667	0.772	0.684	0.856	0.6893333333333334	0.8053333333333333	0.684	0.78	0.66	0.7546666666666667	0.7826666666666666	0.49333333333333335	0.7146666666666667	0.8333333333333334	0.7733333333333333	0.8013333333333333	0.7653333333333333	0.7413333333333333	0.944	0.832	0.9453333333333334	0.88	0.9013333333333333	0.8653333333333333	0.7253333333333334	0.9026666666666666	0.88	0.888	0.8293333333333334	0.7133333333333334	0.8746666666666667	0.8053333333333333	0.7333333333333333	0.7333333333333333	0.6506666666666666	0.912	0.8853333333333333	0.8853333333333333	0.9093333333333333	0.8693333333333333	0.7493333333333333	0.7946666666666666	0.8573333333333333	0.74	0.756	0.8146666666666667	0.7933333333333333	0.896	0.6	0.8466666666666667	0.8973333333333333
S2014m_E9-1-B-F	0.7813333333333333	0.7013333333333334	0.8546666666666667	0.84	0.9573333333333334	0.5746666666666667	0.696	0.8973333333333333	0.7213333333333334	0.9013333333333333	0.768	0.736	0.9426666666666667	0.8226666666666667	0.5986666666666667	0.7866666666666666	0.7986666666666666	0.8533333333333334	0.7693333333333333	0.6333333333333333	0.692	0.668	0.616	0.6493333333333333	0.68	0.7773333333333333	0.9066666666666666	0.6773333333333333	0.8573333333333333	0.8373333333333334	0.8053333333333333	0.82	0.9253333333333333	0.9346666666666666	0.9226666666666666	0.8813333333333333	0.8293333333333334	0.836	0.812	0.7946666666666666	0.796	0.8026666666666666	0.7986666666666666	0.7306666666666667	0.5413333333333333	0.816	0.404	0.7946666666666666	0.62	0.6373333333333333	0.6266666666666667	0.7106666666666667	0.6453333333333333	0.6093333333333333	0.5293333333333333	0.6906666666666667	0.808	0.6226666666666667	0.704	0.8186666666666667	0.7813333333333333	0.7253333333333334	0.7626666666666667	0.7546666666666667	0.6293333333333333	0.7626666666666667	0.6826666666666666	0.744	0.7226666666666667	0.8853333333333333	0.784	0.8973333333333333	0.6813333333333333	0.0	0.6866666666666666	0.232	0.38533333333333336	0.9053333333333333	0.7373333333333333	0.8493333333333334	0.9186666666666666	0.9173333333333333	0.29733333333333334	0.8786666666666667	0.896	0.9653333333333334	0.8826666666666667	0.876	0.8706666666666667	0.88	0.848	0.8786666666666667	0.8666666666666667	0.8733333333333333	0.8813333333333333	0.8786666666666667	0.9093333333333333	0.852	0.8893333333333333	0.928	0.9186666666666666	0.9333333333333333	0.948	0.8666666666666667	0.888	0.848	0.8786666666666667	0.8813333333333333	0.8746666666666667	0.8693333333333333	0.8786666666666667	0.9053333333333333	0.8826666666666667	0.8973333333333333	0.8866666666666667	0.88	0.88	0.8373333333333334	0.8773333333333333	0.8466666666666667	0.836	0.8493333333333334	0.8613333333333333	0.6933333333333334	0.7506666666666667	0.684	0.6626666666666666	0.8773333333333333	0.9	0.8853333333333333	0.864	0.812	0.8453333333333334	0.832	0.8506666666666667	0.7613333333333333	0.8626666666666667	0.6733333333333333	0.7826666666666666	0.8146666666666667	0.8573333333333333	0.8466666666666667	0.852	0.816	0.864	0.7973333333333333	0.8693333333333333	0.692	0.7293333333333333	0.7653333333333333	0.8533333333333334	0.864	0.8733333333333333	0.8613333333333333	0.6906666666666667	0.6826666666666666	0.6146666666666667	0.7786666666666666	0.6626666666666666	0.62	0.836	0.8026666666666666	0.8426666666666667	0.7546666666666667	0.8093333333333333	0.8413333333333334	0.792	0.8213333333333334	0.8706666666666667	0.7266666666666667	0.7653333333333333	0.82	0.8533333333333334	0.8226666666666667	0.8573333333333333	0.8253333333333334	0.8533333333333334	0.748	0.9706666666666667	0.7853333333333333	0.696	0.9093333333333333	0.9053333333333333	0.936	0.9146666666666666	0.7426666666666667	0.9426666666666667	0.576	0.8973333333333333	0.8613333333333333	0.716	0.652	0.7813333333333333	0.876	0.632	0.8173333333333334	0.708	0.684	0.908	0.74	0.916	0.7253333333333334	0.788	0.824	0.968	0.7413333333333333	0.8413333333333334	0.884	0.6546666666666666	0.7933333333333333	0.8826666666666667	0.6253333333333333	0.8773333333333333	0.7373333333333333
S2014M_E9-1-B-M	0.9053333333333333	0.8786666666666667	0.9546666666666667	0.9293333333333333	0.9933333333333333	0.7866666666666666	0.792	0.9146666666666666	0.8373333333333334	0.964	0.8986666666666666	0.884	0.9826666666666667	0.58	0.7586666666666667	0.7986666666666666	0.848	0.8466666666666667	0.8693333333333333	0.7706666666666667	0.8146666666666667	0.5626666666666666	0.7573333333333333	0.8026666666666666	0.8373333333333334	0.5626666666666666	0.8666666666666667	0.844	0.876	0.852	0.796	0.8	0.928	0.908	0.8506666666666667	0.828	0.5853333333333334	0.588	0.5973333333333334	0.8146666666666667	0.5653333333333334	0.868	0.8066666666666666	0.7906666666666666	0.5946666666666667	0.7853333333333333	0.7946666666666666	0.84	0.828	0.74	0.7693333333333333	0.5626666666666666	0.8253333333333334	0.7453333333333333	0.76	0.8106666666666666	0.8546666666666667	0.5026666666666667	0.8053333333333333	0.8386666666666667	0.5893333333333334	0.7693333333333333	0.7586666666666667	0.5573333333333333	0.7213333333333334	0.552	0.7493333333333333	0.8066666666666666	0.784	0.8906666666666667	0.788	0.884	0.45466666666666666	0.6866666666666666	0.0	0.684	0.644	0.8973333333333333	0.7386666666666667	0.9053333333333333	0.8693333333333333	0.86	0.6453333333333333	0.7213333333333334	0.9453333333333334	0.8813333333333333	0.9613333333333334	0.952	0.8986666666666666	0.96	0.92	0.916	0.916	0.928	0.944	0.6666666666666666	0.96	0.9133333333333333	0.96	0.9386666666666666	0.952	0.944	0.9453333333333334	0.932	0.952	0.9426666666666667	0.9506666666666667	0.9306666666666666	0.9333333333333333	0.9053333333333333	0.9293333333333333	0.96	0.9573333333333334	0.9586666666666667	0.9653333333333334	0.8693333333333333	0.9026666666666666	0.6626666666666666	0.616	0.7813333333333333	0.7666666666666667	0.9306666666666666	0.604	0.7373333333333333	0.712	0.8373333333333334	0.8	0.8946666666666667	0.924	0.8893333333333333	0.8653333333333333	0.624	0.864	0.9	0.8386666666666667	0.7946666666666666	0.896	0.6933333333333334	0.7	0.668	0.6133333333333333	0.58	0.8666666666666667	0.7293333333333333	0.8893333333333333	0.852	0.8813333333333333	0.4866666666666667	0.816	0.8386666666666667	0.5746666666666667	0.8706666666666667	0.888	0.8786666666666667	0.816	0.7613333333333333	0.6826666666666666	0.8146666666666667	0.7453333333333333	0.6106666666666667	0.8706666666666667	0.672	0.8973333333333333	0.7733333333333333	0.8386666666666667	0.8493333333333334	0.8346666666666667	0.8066666666666666	0.808	0.708	0.7986666666666666	0.8253333333333334	0.8733333333333333	0.8626666666666667	0.5986666666666667	0.844	0.8773333333333333	0.776	0.9853333333333333	0.8266666666666667	0.896	0.98	0.9493333333333334	0.9786666666666667	0.9386666666666666	0.912	0.9653333333333334	0.816	0.9346666666666666	0.9333333333333333	0.9106666666666666	0.7853333333333333	0.8466666666666667	0.9253333333333333	0.8186666666666667	0.8586666666666667	0.9133333333333333	0.8146666666666667	0.9733333333333334	0.904	0.9586666666666667	0.912	0.8386666666666667	0.8933333333333333	0.9933333333333333	0.888	0.888	0.96	0.7546666666666667	0.848	0.9093333333333333	0.82	0.9546666666666667	0.9173333333333333
S2014m_E9-1-C-F	0.8693333333333333	0.792	0.7706666666666667	0.8226666666666667	0.8266666666666667	0.6893333333333334	0.568	0.8986666666666666	0.7866666666666666	0.8773333333333333	0.8733333333333333	0.8266666666666667	0.9306666666666666	0.8266666666666667	0.6066666666666667	0.7733333333333333	0.8026666666666666	0.8693333333333333	0.8146666666666667	0.7493333333333333	0.7746666666666666	0.7906666666666666	0.7133333333333334	0.7373333333333333	0.848	0.6853333333333333	0.908	0.792	0.8946666666666667	0.852	0.7866666666666666	0.7973333333333333	0.9226666666666666	0.932	0.9413333333333334	0.8826666666666667	0.7253333333333334	0.7373333333333333	0.692	0.7106666666666667	0.6946666666666667	0.684	0.7866666666666666	0.7226666666666667	0.5413333333333333	0.7866666666666666	0.39866666666666667	0.7786666666666666	0.6	0.6466666666666666	0.6826666666666666	0.6253333333333333	0.6346666666666667	0.6306666666666667	0.6866666666666666	0.744	0.804	0.7413333333333333	0.7426666666666667	0.7053333333333334	0.7053333333333334	0.6426666666666667	0.6573333333333333	0.6786666666666666	0.612	0.768	0.6826666666666666	0.724	0.7	0.8426666666666667	0.764	0.904	0.568	0.232	0.684	0.0	0.42133333333333334	0.896	0.748	0.848	0.9186666666666666	0.9173333333333333	0.296	0.8693333333333333	0.888	0.9546666666666667	0.8773333333333333	0.8186666666666667	0.8533333333333334	0.7786666666666666	0.82	0.8786666666666667	0.8626666666666667	0.7906666666666666	0.8493333333333334	0.884	0.9066666666666666	0.792	0.8426666666666667	0.9106666666666666	0.9013333333333333	0.8933333333333333	0.9386666666666666	0.7986666666666666	0.824	0.8613333333333333	0.8386666666666667	0.788	0.768	0.7746666666666666	0.764	0.8493333333333334	0.8213333333333334	0.86	0.8773333333333333	0.7746666666666666	0.7546666666666667	0.7253333333333334	0.82	0.744	0.7893333333333333	0.736	0.832	0.608	0.6746666666666666	0.7106666666666667	0.6693333333333333	0.7546666666666667	0.7706666666666667	0.8906666666666667	0.76	0.6986666666666667	0.7493333333333333	0.8013333333333333	0.832	0.624	0.7746666666666666	0.7	0.6626666666666666	0.7853333333333333	0.8066666666666666	0.7733333333333333	0.7546666666666667	0.7133333333333334	0.736	0.72	0.7453333333333333	0.7906666666666666	0.7906666666666666	0.844	0.8466666666666667	0.8533333333333334	0.8573333333333333	0.864	0.756	0.7333333333333333	0.6213333333333333	0.7813333333333333	0.7253333333333334	0.688	0.8666666666666667	0.8053333333333333	0.8453333333333334	0.7546666666666667	0.78	0.8333333333333334	0.828	0.8066666666666666	0.852	0.7413333333333333	0.7706666666666667	0.7946666666666666	0.8146666666666667	0.7666666666666667	0.8613333333333333	0.812	0.8493333333333334	0.7346666666666667	0.856	0.7333333333333333	0.716	0.8906666666666667	0.8066666666666666	0.9306666666666666	0.8533333333333334	0.852	0.8493333333333334	0.512	0.8866666666666667	0.8333333333333334	0.816	0.768	0.6573333333333333	0.8386666666666667	0.7546666666666667	0.6853333333333333	0.6866666666666666	0.6186666666666667	0.8586666666666667	0.8386666666666667	0.84	0.836	0.8173333333333334	0.6946666666666667	0.852	0.7986666666666666	0.712	0.772	0.756	0.7573333333333333	0.8693333333333333	0.49733333333333335	0.8053333333333333	0.8346666666666667
S2014M_E9-1-C-M	0.772	0.616	0.8	0.7586666666666667	0.9106666666666666	0.49733333333333335	0.6453333333333333	0.8786666666666667	0.6426666666666667	0.8826666666666667	0.7173333333333334	0.6266666666666667	0.912	0.7026666666666667	0.5746666666666667	0.6306666666666667	0.7093333333333334	0.8546666666666667	0.7986666666666666	0.5933333333333334	0.6666666666666666	0.6906666666666667	0.548	0.6093333333333333	0.712	0.708	0.9066666666666666	0.6786666666666666	0.8853333333333333	0.8413333333333334	0.7626666666666667	0.708	0.9146666666666666	0.9346666666666666	0.932	0.876	0.6973333333333334	0.672	0.732	0.6573333333333333	0.7413333333333333	0.6306666666666667	0.672	0.5493333333333333	0.5293333333333333	0.6266666666666667	0.6066666666666667	0.6266666666666667	0.552	0.584	0.5946666666666667	0.6453333333333333	0.5933333333333334	0.48533333333333334	0.5226666666666666	0.624	0.7666666666666667	0.604	0.7	0.664	0.7213333333333334	0.5906666666666667	0.6066666666666667	0.6946666666666667	0.5333333333333333	0.728	0.6733333333333333	0.732	0.74	0.8653333333333333	0.7586666666666667	0.9	0.484	0.38533333333333336	0.644	0.42133333333333334	0.0	0.8973333333333333	0.6893333333333334	0.832	0.912	0.9066666666666666	0.5053333333333333	0.8306666666666667	0.824	0.9466666666666667	0.8146666666666667	0.7706666666666667	0.776	0.7786666666666666	0.7426666666666667	0.804	0.7733333333333333	0.7546666666666667	0.784	0.7986666666666666	0.8146666666666667	0.7333333333333333	0.76	0.8413333333333334	0.8293333333333334	0.8253333333333334	0.892	0.7453333333333333	0.7546666666666667	0.7986666666666666	0.756	0.784	0.7453333333333333	0.7826666666666666	0.74	0.812	0.7826666666666666	0.816	0.8053333333333333	0.8186666666666667	0.7266666666666667	0.6906666666666667	0.7706666666666667	0.74	0.7373333333333333	0.7506666666666667	0.7293333333333333	0.6146666666666667	0.5733333333333334	0.5933333333333334	0.4653333333333333	0.7813333333333333	0.8253333333333334	0.876	0.62	0.6506666666666666	0.6413333333333333	0.728	0.692	0.6	0.7973333333333333	0.5506666666666666	0.636	0.6066666666666667	0.804	0.7733333333333333	0.7906666666666666	0.7426666666666667	0.6506666666666666	0.648	0.688	0.66	0.576	0.6853333333333333	0.7373333333333333	0.7466666666666667	0.756	0.8613333333333333	0.6013333333333334	0.5613333333333334	0.528	0.6733333333333333	0.532	0.5413333333333333	0.8186666666666667	0.6826666666666666	0.8466666666666667	0.6186666666666667	0.6613333333333333	0.684	0.7706666666666667	0.652	0.8013333333333333	0.7133333333333334	0.6933333333333334	0.6586666666666666	0.732	0.792	0.7466666666666667	0.6493333333333333	0.7466666666666667	0.684	0.9253333333333333	0.7386666666666667	0.6133333333333333	0.9253333333333333	0.8533333333333334	0.9106666666666666	0.8746666666666667	0.644	0.8813333333333333	0.6373333333333333	0.8746666666666667	0.7706666666666667	0.6466666666666666	0.5933333333333334	0.7306666666666667	0.8306666666666667	0.568	0.796	0.6053333333333333	0.72	0.8733333333333333	0.6946666666666667	0.8746666666666667	0.6906666666666667	0.7453333333333333	0.788	0.9146666666666666	0.6573333333333333	0.816	0.812	0.5786666666666667	0.7733333333333333	0.8426666666666667	0.6253333333333333	0.844	0.6986666666666667
S2014m_E9-2-B-M	0.9586666666666667	0.9506666666666667	0.9653333333333334	0.9293333333333333	0.988	0.9493333333333334	0.9226666666666666	0.9653333333333334	0.948	0.9546666666666667	0.952	0.944	0.9706666666666667	0.9066666666666666	0.904	0.7653333333333333	0.9093333333333333	0.9253333333333333	0.892	0.904	0.7946666666666666	0.908	0.8466666666666667	0.848	0.9	0.9226666666666666	0.6546666666666666	0.74	0.672	0.7306666666666667	0.6213333333333333	0.6573333333333333	0.6493333333333333	0.6613333333333333	0.6586666666666666	0.7	0.948	0.9466666666666667	0.944	0.9146666666666666	0.9373333333333334	0.9173333333333333	0.8893333333333333	0.9093333333333333	0.8933333333333333	0.8573333333333333	0.916	0.916	0.9053333333333333	0.9213333333333333	0.9146666666666666	0.952	0.912	0.9293333333333333	0.8866666666666667	0.9106666666666666	0.832	0.8866666666666667	0.8493333333333334	0.924	0.9346666666666666	0.8933333333333333	0.9106666666666666	0.9173333333333333	0.812	0.864	0.756	0.8146666666666667	0.7706666666666667	0.6746666666666666	0.6653333333333333	0.8333333333333334	0.9133333333333333	0.9053333333333333	0.8973333333333333	0.896	0.8973333333333333	0.0	0.7773333333333333	0.8146666666666667	0.6066666666666667	0.656	0.9066666666666666	0.9266666666666666	0.9466666666666667	0.8493333333333334	0.9506666666666667	0.9386666666666666	0.92	0.9453333333333334	0.928	0.8933333333333333	0.8853333333333333	0.9133333333333333	0.9253333333333333	0.9306666666666666	0.9386666666666666	0.9146666666666666	0.9546666666666667	0.9266666666666666	0.9293333333333333	0.948	0.8946666666666667	0.9453333333333334	0.9493333333333334	0.9586666666666667	0.948	0.9306666666666666	0.9466666666666667	0.9253333333333333	0.9386666666666666	0.9506666666666667	0.9453333333333334	0.9466666666666667	0.948	0.86	0.9506666666666667	0.9386666666666666	0.9506666666666667	0.9013333333333333	0.932	0.932	0.94	0.932	0.9386666666666666	0.9213333333333333	0.928	0.828	0.928	0.9453333333333334	0.944	0.916	0.9346666666666666	0.9173333333333333	0.9373333333333334	0.9146666666666666	0.9173333333333333	0.928	0.8986666666666666	0.824	0.9173333333333333	0.8466666666666667	0.9066666666666666	0.9213333333333333	0.9466666666666667	0.908	0.948	0.9453333333333334	0.9306666666666666	0.9573333333333334	0.9293333333333333	0.9266666666666666	0.9346666666666666	0.944	0.9333333333333333	0.9293333333333333	0.9266666666666666	0.9213333333333333	0.916	0.9253333333333333	0.912	0.9266666666666666	0.924	0.932	0.9213333333333333	0.9346666666666666	0.9386666666666666	0.9266666666666666	0.9413333333333334	0.9226666666666666	0.9213333333333333	0.928	0.8973333333333333	0.912	0.9293333333333333	0.9306666666666666	0.932	0.9346666666666666	0.992	0.948	0.948	0.9573333333333334	0.9373333333333334	0.9773333333333334	0.9386666666666666	0.9533333333333334	0.972	0.9266666666666666	0.9666666666666667	0.9413333333333334	0.9466666666666667	0.924	0.9146666666666666	0.968	0.924	0.932	0.944	0.9293333333333333	0.9706666666666667	0.932	0.9333333333333333	0.9506666666666667	0.9373333333333334	0.9333333333333333	0.9893333333333333	0.9506666666666667	0.9253333333333333	0.948	0.9	0.928	0.9426666666666667	0.9106666666666666	0.9333333333333333	0.928
S2014m_E9-2-C-M	0.8746666666666667	0.8373333333333334	0.9213333333333333	0.868	0.9653333333333334	0.8506666666666667	0.764	0.8893333333333333	0.7693333333333333	0.9013333333333333	0.9	0.86	0.9453333333333334	0.68	0.768	0.5693333333333334	0.7746666666666666	0.864	0.8173333333333334	0.552	0.6853333333333333	0.6933333333333334	0.616	0.656	0.84	0.7826666666666666	0.8013333333333333	0.7733333333333333	0.8213333333333334	0.772	0.6653333333333333	0.6173333333333333	0.8533333333333334	0.8293333333333334	0.8146666666666667	0.7546666666666667	0.7733333333333333	0.7773333333333333	0.7853333333333333	0.776	0.792	0.776	0.6786666666666666	0.7266666666666667	0.6266666666666667	0.7346666666666667	0.8426666666666667	0.732	0.7973333333333333	0.728	0.7893333333333333	0.7346666666666667	0.7746666666666666	0.684	0.6826666666666666	0.6533333333333333	0.752	0.6	0.6386666666666667	0.7986666666666666	0.812	0.692	0.7266666666666667	0.7946666666666666	0.56	0.6373333333333333	0.632	0.5586666666666666	0.604	0.8026666666666666	0.6986666666666667	0.7253333333333334	0.6906666666666667	0.7373333333333333	0.7386666666666667	0.748	0.6893333333333334	0.7773333333333333	0.0	0.756	0.8493333333333334	0.84	0.736	0.8613333333333333	0.9266666666666666	0.9226666666666666	0.9106666666666666	0.8653333333333333	0.8346666666666667	0.888	0.7826666666666666	0.8573333333333333	0.86	0.876	0.872	0.8386666666666667	0.9093333333333333	0.8586666666666667	0.9106666666666666	0.9013333333333333	0.88	0.8933333333333333	0.9133333333333333	0.8893333333333333	0.8946666666666667	0.9026666666666666	0.5893333333333334	0.888	0.9	0.884	0.8746666666666667	0.9013333333333333	0.8946666666666667	0.8986666666666666	0.8986666666666666	0.832	0.8133333333333334	0.76	0.7826666666666666	0.8173333333333334	0.788	0.876	0.7666666666666667	0.7906666666666666	0.7213333333333334	0.796	0.7266666666666667	0.788	0.8866666666666667	0.8746666666666667	0.7386666666666667	0.736	0.792	0.828	0.7773333333333333	0.6986666666666667	0.8333333333333334	0.692	0.692	0.6386666666666667	0.8	0.7506666666666667	0.712	0.8146666666666667	0.752	0.7653333333333333	0.824	0.6826666666666666	0.7426666666666667	0.6946666666666667	0.748	0.736	0.744	0.84	0.8053333333333333	0.612	0.7306666666666667	0.6573333333333333	0.6346666666666667	0.612	0.7986666666666666	0.6706666666666666	0.836	0.7173333333333334	0.7546666666666667	0.7666666666666667	0.7626666666666667	0.728	0.46266666666666667	0.74	0.7506666666666667	0.74	0.696	0.7786666666666666	0.7453333333333333	0.7826666666666666	0.7906666666666666	0.792	0.9733333333333334	0.8733333333333333	0.8533333333333334	0.9306666666666666	0.8493333333333334	0.9333333333333333	0.9266666666666666	0.8813333333333333	0.9466666666666667	0.788	0.8893333333333333	0.8906666666666667	0.8533333333333334	0.8426666666666667	0.7746666666666666	0.8853333333333333	0.8133333333333334	0.7906666666666666	0.86	0.7146666666666667	0.9306666666666666	0.8253333333333334	0.8533333333333334	0.8653333333333333	0.8453333333333334	0.7946666666666666	0.9653333333333334	0.844	0.792	0.9133333333333333	0.8173333333333334	0.7653333333333333	0.8866666666666667	0.8386666666666667	0.888	0.792
S2014m_E9-3-A-M	0.9333333333333333	0.896	0.892	0.82	0.9693333333333334	0.8946666666666667	0.728	0.944	0.928	0.9093333333333333	0.9	0.9013333333333333	0.9466666666666667	0.8053333333333333	0.7373333333333333	0.6533333333333333	0.8666666666666667	0.936	0.8146666666666667	0.688	0.692	0.8333333333333334	0.6786666666666666	0.6106666666666667	0.8986666666666666	0.888	0.8773333333333333	0.7986666666666666	0.8173333333333334	0.8146666666666667	0.7573333333333333	0.7466666666666667	0.8546666666666667	0.6813333333333333	0.6773333333333333	0.6013333333333334	0.9186666666666666	0.9173333333333333	0.92	0.8866666666666667	0.9173333333333333	0.8453333333333334	0.6026666666666667	0.7506666666666667	0.652	0.6506666666666666	0.7893333333333333	0.7186666666666667	0.856	0.8933333333333333	0.912	0.912	0.8226666666666667	0.8386666666666667	0.7253333333333334	0.5866666666666667	0.724	0.7546666666666667	0.6546666666666666	0.7946666666666666	0.904	0.8826666666666667	0.86	0.8973333333333333	0.7546666666666667	0.792	0.756	0.6626666666666666	0.6613333333333333	0.6573333333333333	0.7066666666666667	0.8373333333333334	0.8946666666666667	0.8493333333333334	0.9053333333333333	0.848	0.832	0.8146666666666667	0.756	0.0	0.736	0.644	0.872	0.872	0.788	0.872	0.824	0.7733333333333333	0.7426666666666667	0.832	0.7586666666666667	0.8533333333333334	0.7226666666666667	0.732	0.7066666666666667	0.8693333333333333	0.8733333333333333	0.8386666666666667	0.8706666666666667	0.888	0.8906666666666667	0.8973333333333333	0.896	0.7533333333333333	0.8413333333333334	0.8546666666666667	0.7986666666666666	0.6933333333333334	0.7373333333333333	0.7973333333333333	0.7253333333333334	0.8733333333333333	0.7693333333333333	0.832	0.808	0.8893333333333333	0.9053333333333333	0.8866666666666667	0.9293333333333333	0.812	0.8586666666666667	0.7733333333333333	0.9253333333333333	0.7933333333333333	0.8973333333333333	0.8733333333333333	0.8346666666666667	0.82	0.9013333333333333	0.9373333333333334	0.8906666666666667	0.8626666666666667	0.8306666666666667	0.7773333333333333	0.84	0.828	0.8906666666666667	0.8373333333333334	0.8066666666666666	0.7773333333333333	0.904	0.8666666666666667	0.8386666666666667	0.8186666666666667	0.9013333333333333	0.76	0.92	0.9266666666666666	0.8173333333333334	0.9373333333333334	0.9146666666666666	0.872	0.8586666666666667	0.888	0.8333333333333334	0.872	0.844	0.8373333333333334	0.8866666666666667	0.9026666666666666	0.92	0.8866666666666667	0.852	0.9013333333333333	0.7653333333333333	0.8226666666666667	0.88	0.828	0.924	0.8666666666666667	0.7493333333333333	0.8293333333333334	0.7706666666666667	0.8573333333333333	0.908	0.7346666666666667	0.8546666666666667	0.8253333333333334	0.9813333333333333	0.9266666666666666	0.8026666666666666	0.8733333333333333	0.696	0.944	0.9306666666666666	0.8306666666666667	0.9453333333333334	0.6893333333333334	0.9373333333333334	0.828	0.8373333333333334	0.8826666666666667	0.7533333333333333	0.9506666666666667	0.8426666666666667	0.8826666666666667	0.824	0.6973333333333334	0.912	0.8466666666666667	0.6986666666666667	0.8506666666666667	0.8786666666666667	0.7826666666666666	0.968	0.8813333333333333	0.664	0.9013333333333333	0.86	0.7773333333333333	0.9373333333333334	0.8413333333333334	0.8786666666666667	0.7626666666666667
S2014m_E9-3-B-M	0.968	0.956	0.9853333333333333	0.9506666666666667	0.996	0.9546666666666667	0.9613333333333334	0.9786666666666667	0.96	0.9773333333333334	0.964	0.9493333333333334	0.9866666666666667	0.9293333333333333	0.9266666666666666	0.8306666666666667	0.904	0.9253333333333333	0.904	0.9226666666666666	0.8266666666666667	0.9426666666666667	0.8466666666666667	0.8693333333333333	0.9173333333333333	0.9253333333333333	0.6746666666666666	0.74	0.6106666666666667	0.6573333333333333	0.7693333333333333	0.6906666666666667	0.6493333333333333	0.496	0.5213333333333333	0.5813333333333334	0.9613333333333334	0.9546666666666667	0.952	0.9266666666666666	0.948	0.936	0.888	0.94	0.916	0.7906666666666666	0.9133333333333333	0.9146666666666666	0.916	0.9346666666666666	0.924	0.956	0.9293333333333333	0.9413333333333334	0.9226666666666666	0.9413333333333334	0.8706666666666667	0.9146666666666666	0.8466666666666667	0.9213333333333333	0.9386666666666666	0.892	0.9093333333333333	0.9093333333333333	0.8813333333333333	0.8853333333333333	0.8346666666666667	0.8733333333333333	0.8586666666666667	0.5253333333333333	0.576	0.764	0.944	0.9186666666666666	0.8693333333333333	0.9186666666666666	0.912	0.6066666666666667	0.8493333333333334	0.736	0.0	0.364	0.9026666666666666	0.9173333333333333	0.9466666666666667	0.8	0.9533333333333334	0.9333333333333333	0.92	0.9426666666666667	0.9306666666666666	0.9053333333333333	0.888	0.912	0.9093333333333333	0.9346666666666666	0.9426666666666667	0.9146666666666666	0.9546666666666667	0.92	0.9293333333333333	0.932	0.8626666666666667	0.9306666666666666	0.9426666666666667	0.94	0.944	0.9293333333333333	0.9533333333333334	0.936	0.9453333333333334	0.9346666666666666	0.944	0.932	0.9386666666666666	0.8706666666666667	0.9573333333333334	0.9346666666666666	0.952	0.8826666666666667	0.9373333333333334	0.924	0.9493333333333334	0.9266666666666666	0.9333333333333333	0.9213333333333333	0.9293333333333333	0.8133333333333334	0.9333333333333333	0.952	0.9426666666666667	0.92	0.928	0.9146666666666666	0.928	0.912	0.948	0.924	0.9186666666666666	0.8466666666666667	0.944	0.8853333333333333	0.932	0.9373333333333334	0.9573333333333334	0.8906666666666667	0.9546666666666667	0.948	0.916	0.9533333333333334	0.9386666666666666	0.928	0.924	0.9386666666666666	0.9413333333333334	0.928	0.9173333333333333	0.92	0.916	0.916	0.88	0.9146666666666666	0.888	0.924	0.9106666666666666	0.9226666666666666	0.9373333333333334	0.912	0.944	0.9173333333333333	0.9173333333333333	0.9186666666666666	0.9133333333333333	0.88	0.9106666666666666	0.916	0.9306666666666666	0.94	0.9986666666666667	0.9733333333333334	0.956	0.98	0.9706666666666667	0.9826666666666667	0.964	0.96	0.988	0.9733333333333334	0.9786666666666667	0.952	0.96	0.932	0.9613333333333334	0.984	0.9506666666666667	0.9533333333333334	0.9613333333333334	0.9653333333333334	0.9853333333333333	0.956	0.9733333333333334	0.956	0.9546666666666667	0.972	0.9933333333333333	0.956	0.9706666666666667	0.9613333333333334	0.88	0.9653333333333334	0.964	0.9493333333333334	0.9626666666666667	0.9506666666666667
S2014m_E9-3-C-M	0.968	0.9706666666666667	0.968	0.9506666666666667	0.988	0.9666666666666667	0.9533333333333334	0.9666666666666667	0.9746666666666667	0.9613333333333334	0.976	0.9453333333333334	0.9706666666666667	0.916	0.9173333333333333	0.824	0.9066666666666666	0.9146666666666666	0.888	0.9106666666666666	0.8293333333333334	0.9426666666666667	0.8573333333333333	0.8653333333333333	0.9106666666666666	0.9266666666666666	0.6266666666666667	0.756	0.656	0.612	0.7586666666666667	0.688	0.592	0.49733333333333335	0.4026666666666667	0.49466666666666664	0.9453333333333334	0.9453333333333334	0.944	0.9026666666666666	0.9453333333333334	0.944	0.8973333333333333	0.9306666666666666	0.9066666666666666	0.78	0.9146666666666666	0.9106666666666666	0.9186666666666666	0.9346666666666666	0.9106666666666666	0.944	0.932	0.928	0.92	0.9426666666666667	0.8826666666666667	0.9173333333333333	0.8266666666666667	0.9173333333333333	0.9306666666666666	0.8666666666666667	0.8973333333333333	0.892	0.8853333333333333	0.8853333333333333	0.832	0.8893333333333333	0.852	0.5826666666666667	0.6	0.764	0.932	0.9173333333333333	0.86	0.9173333333333333	0.9066666666666666	0.656	0.84	0.644	0.364	0.0	0.908	0.912	0.9426666666666667	0.7826666666666666	0.9426666666666667	0.9373333333333334	0.904	0.9466666666666667	0.9213333333333333	0.8946666666666667	0.872	0.9093333333333333	0.92	0.928	0.9413333333333334	0.9053333333333333	0.9506666666666667	0.9093333333333333	0.9186666666666666	0.9106666666666666	0.872	0.9466666666666667	0.9506666666666667	0.956	0.9493333333333334	0.9293333333333333	0.9546666666666667	0.9386666666666666	0.9466666666666667	0.9466666666666667	0.9493333333333334	0.94	0.944	0.86	0.9546666666666667	0.936	0.9466666666666667	0.8786666666666667	0.9333333333333333	0.9386666666666666	0.9413333333333334	0.9306666666666666	0.952	0.9306666666666666	0.9453333333333334	0.804	0.9386666666666666	0.9426666666666667	0.9626666666666667	0.92	0.9333333333333333	0.9053333333333333	0.9413333333333334	0.924	0.948	0.94	0.9093333333333333	0.828	0.928	0.8626666666666667	0.9346666666666666	0.9426666666666667	0.9626666666666667	0.9066666666666666	0.964	0.932	0.94	0.9653333333333334	0.9253333333333333	0.928	0.94	0.9333333333333333	0.9493333333333334	0.932	0.9306666666666666	0.9333333333333333	0.916	0.9213333333333333	0.8866666666666667	0.924	0.9026666666666666	0.9306666666666666	0.9173333333333333	0.9253333333333333	0.9226666666666666	0.9266666666666666	0.9413333333333334	0.928	0.9186666666666666	0.932	0.9186666666666666	0.8973333333333333	0.9293333333333333	0.9253333333333333	0.924	0.9373333333333334	0.996	0.9626666666666667	0.9653333333333334	0.968	0.9653333333333334	0.9733333333333334	0.956	0.9626666666666667	0.9773333333333334	0.96	0.9693333333333334	0.956	0.9626666666666667	0.9426666666666667	0.944	0.9773333333333334	0.9546666666666667	0.94	0.964	0.9546666666666667	0.976	0.9653333333333334	0.964	0.9626666666666667	0.9573333333333334	0.9626666666666667	0.988	0.9706666666666667	0.9586666666666667	0.9613333333333334	0.8853333333333333	0.9586666666666667	0.9546666666666667	0.944	0.956	0.9573333333333334
S2014m_E9-A-1-F	0.9293333333333333	0.8746666666666667	0.9066666666666666	0.8973333333333333	0.98	0.7386666666666667	0.7333333333333333	0.9306666666666666	0.8253333333333334	0.9413333333333334	0.9306666666666666	0.9026666666666666	0.9453333333333334	0.7546666666666667	0.5706666666666667	0.7586666666666667	0.7906666666666666	0.932	0.8346666666666667	0.776	0.8573333333333333	0.8093333333333333	0.7266666666666667	0.8186666666666667	0.848	0.736	0.9293333333333333	0.8453333333333334	0.896	0.8893333333333333	0.8133333333333334	0.7653333333333333	0.932	0.9373333333333334	0.9133333333333333	0.8973333333333333	0.784	0.7866666666666666	0.7666666666666667	0.7826666666666666	0.7613333333333333	0.7893333333333333	0.7626666666666667	0.7226666666666667	0.48133333333333334	0.7653333333333333	0.4093333333333333	0.7906666666666666	0.8053333333333333	0.7413333333333333	0.752	0.7746666666666666	0.7746666666666666	0.6893333333333334	0.724	0.7773333333333333	0.8573333333333333	0.724	0.816	0.7786666666666666	0.748	0.7453333333333333	0.7586666666666667	0.7186666666666667	0.6826666666666666	0.7786666666666666	0.7733333333333333	0.804	0.8093333333333333	0.872	0.8186666666666667	0.8893333333333333	0.6346666666666667	0.29733333333333334	0.6453333333333333	0.296	0.5053333333333333	0.9066666666666666	0.736	0.872	0.9026666666666666	0.908	0.0	0.8306666666666667	0.908	0.94	0.9106666666666666	0.912	0.9066666666666666	0.916	0.88	0.8933333333333333	0.88	0.9053333333333333	0.9106666666666666	0.8506666666666667	0.9266666666666666	0.8773333333333333	0.908	0.9333333333333333	0.9306666666666666	0.944	0.9506666666666667	0.8973333333333333	0.908	0.8786666666666667	0.9066666666666666	0.8853333333333333	0.9053333333333333	0.8866666666666667	0.904	0.924	0.9186666666666666	0.92	0.9213333333333333	0.864	0.852	0.7666666666666667	0.8053333333333333	0.8306666666666667	0.7906666666666666	0.8946666666666667	0.7906666666666666	0.6773333333333333	0.7666666666666667	0.848	0.776	0.88	0.9	0.876	0.8186666666666667	0.732	0.8146666666666667	0.8626666666666667	0.8	0.7613333333333333	0.86	0.7306666666666667	0.736	0.732	0.828	0.8306666666666667	0.8493333333333334	0.8226666666666667	0.832	0.772	0.8253333333333334	0.7773333333333333	0.7973333333333333	0.848	0.7666666666666667	0.836	0.8426666666666667	0.8826666666666667	0.8293333333333334	0.7506666666666667	0.5613333333333334	0.7666666666666667	0.732	0.6493333333333333	0.9106666666666666	0.7266666666666667	0.8506666666666667	0.764	0.7946666666666666	0.7933333333333333	0.8813333333333333	0.808	0.8226666666666667	0.724	0.7733333333333333	0.7693333333333333	0.8266666666666667	0.8426666666666667	0.7853333333333333	0.8066666666666666	0.8253333333333334	0.788	0.988	0.8106666666666666	0.8866666666666667	0.9453333333333334	0.9346666666666666	0.9493333333333334	0.9426666666666667	0.9186666666666666	0.9533333333333334	0.6173333333333333	0.932	0.9	0.9053333333333333	0.7986666666666666	0.8346666666666667	0.9453333333333334	0.8053333333333333	0.8826666666666667	0.912	0.8	0.9466666666666667	0.8973333333333333	0.9346666666666666	0.904	0.8706666666666667	0.864	0.9746666666666667	0.8866666666666667	0.9066666666666666	0.9186666666666666	0.8093333333333333	0.8573333333333333	0.9226666666666666	0.6613333333333333	0.9226666666666666	0.904
S2017t1_E11-T1a-Female	0.6986666666666667	0.896	0.86	0.828	0.9173333333333333	0.8653333333333333	0.8946666666666667	0.8053333333333333	0.9293333333333333	0.708	0.9226666666666666	0.7453333333333333	0.8826666666666667	0.6626666666666666	0.8346666666666667	0.8573333333333333	0.9306666666666666	0.972	0.856	0.908	0.8493333333333334	0.728	0.844	0.8453333333333334	0.9293333333333333	0.664	0.9573333333333334	0.896	0.94	0.9093333333333333	0.8986666666666666	0.868	0.924	0.9373333333333334	0.952	0.9173333333333333	0.732	0.7053333333333334	0.7306666666666667	0.8706666666666667	0.7133333333333334	0.8693333333333333	0.8693333333333333	0.8733333333333333	0.7346666666666667	0.8226666666666667	0.8493333333333334	0.8586666666666667	0.7893333333333333	0.828	0.808	0.7133333333333334	0.836	0.8306666666666667	0.876	0.9093333333333333	0.872	0.6826666666666666	0.8506666666666667	0.8626666666666667	0.6826666666666666	0.8573333333333333	0.8106666666666666	0.7106666666666667	0.916	0.7013333333333334	0.8773333333333333	0.8946666666666667	0.8853333333333333	0.868	0.8546666666666667	0.8986666666666666	0.7146666666666667	0.8786666666666667	0.7213333333333334	0.8693333333333333	0.8306666666666667	0.9266666666666666	0.8613333333333333	0.872	0.9173333333333333	0.912	0.8306666666666667	0.0	0.568	0.9133333333333333	0.49066666666666664	0.696	0.7653333333333333	0.7573333333333333	0.7213333333333334	0.6866666666666666	0.6293333333333333	0.5826666666666667	0.5826666666666667	0.42933333333333334	0.6053333333333333	0.5866666666666667	0.576	0.5453333333333333	0.628	0.5946666666666667	0.7066666666666667	0.5666666666666667	0.788	0.6186666666666667	0.756	0.6933333333333334	0.7773333333333333	0.6746666666666666	0.7546666666666667	0.564	0.7186666666666667	0.604	0.64	0.8466666666666667	0.9	0.664	0.6933333333333334	0.7266666666666667	0.7613333333333333	0.8453333333333334	0.704	0.752	0.7693333333333333	0.8426666666666667	0.8746666666666667	0.8013333333333333	0.852	0.8853333333333333	0.8373333333333334	0.6013333333333334	0.8333333333333334	0.8053333333333333	0.8386666666666667	0.808	0.8146666666666667	0.7466666666666667	0.656	0.7013333333333334	0.6786666666666666	0.68	0.82	0.652	0.8733333333333333	0.8133333333333334	0.8346666666666667	0.6906666666666667	0.8293333333333334	0.9173333333333333	0.664	0.88	0.84	0.8253333333333334	0.7906666666666666	0.86	0.7853333333333333	0.8346666666666667	0.8053333333333333	0.772	0.868	0.732	0.788	0.8053333333333333	0.792	0.7973333333333333	0.8506666666666667	0.8253333333333334	0.912	0.764	0.7933333333333333	0.796	0.8586666666666667	0.7733333333333333	0.628	0.7813333333333333	0.8546666666666667	0.8346666666666667	0.9813333333333333	0.7146666666666667	0.884	0.9466666666666667	0.9093333333333333	0.7066666666666667	0.956	0.8853333333333333	0.9293333333333333	0.9426666666666667	0.796	0.8506666666666667	0.8706666666666667	0.8866666666666667	0.852	0.8786666666666667	0.8733333333333333	0.8653333333333333	0.8866666666666667	0.9213333333333333	0.7573333333333333	0.9213333333333333	0.9173333333333333	0.6493333333333333	0.8893333333333333	0.9026666666666666	0.9666666666666667	0.896	0.944	0.7506666666666667	0.8546666666666667	0.9106666666666666	0.7106666666666667	0.872	0.68	0.9093333333333333
S2017t1_E11-T1a-Male	0.7546666666666667	0.8653333333333333	0.772	0.6453333333333333	0.9333333333333333	0.8106666666666666	0.924	0.8186666666666667	0.9533333333333334	0.7386666666666667	0.9	0.756	0.9106666666666666	0.888	0.7906666666666666	0.7653333333333333	0.9506666666666667	0.9906666666666667	0.896	0.9426666666666667	0.84	0.9533333333333334	0.7453333333333333	0.7	0.9626666666666667	0.8973333333333333	0.9773333333333334	0.9413333333333334	0.972	0.964	0.9053333333333333	0.8893333333333333	0.94	0.9693333333333334	0.968	0.928	0.9573333333333334	0.924	0.9533333333333334	0.904	0.948	0.8786666666666667	0.6733333333333333	0.7586666666666667	0.876	0.6693333333333333	0.7773333333333333	0.768	0.8093333333333333	0.9106666666666666	0.8773333333333333	0.9333333333333333	0.8213333333333334	0.864	0.86	0.8586666666666667	0.6893333333333334	0.9	0.716	0.8053333333333333	0.9066666666666666	0.9093333333333333	0.82	0.9306666666666666	0.904	0.864	0.8653333333333333	0.8466666666666667	0.8933333333333333	0.92	0.8826666666666667	0.948	0.94	0.896	0.9453333333333334	0.888	0.824	0.9466666666666667	0.9266666666666666	0.788	0.9466666666666667	0.9426666666666667	0.908	0.568	0.0	0.9346666666666666	0.43066666666666664	0.5906666666666667	0.616	0.6213333333333333	0.58	0.5306666666666666	0.5493333333333333	0.424	0.4653333333333333	0.6306666666666667	0.5786666666666667	0.5466666666666666	0.512	0.6093333333333333	0.6613333333333333	0.58	0.808	0.3933333333333333	0.7173333333333334	0.6266666666666667	0.7186666666666667	0.5453333333333333	0.656	0.588	0.5933333333333334	0.62	0.588	0.5946666666666667	0.5653333333333334	0.876	0.8693333333333333	0.8466666666666667	0.88	0.8133333333333334	0.8253333333333334	0.6506666666666666	0.8866666666666667	0.732	0.86	0.8373333333333334	0.8173333333333334	0.7653333333333333	0.8453333333333334	0.8866666666666667	0.8026666666666666	0.7186666666666667	0.7786666666666666	0.7106666666666667	0.808	0.7506666666666667	0.7773333333333333	0.776	0.7453333333333333	0.772	0.876	0.8893333333333333	0.8466666666666667	0.76	0.788	0.6773333333333333	0.8173333333333334	0.8946666666666667	0.7826666666666666	0.9	0.8706666666666667	0.856	0.836	0.8626666666666667	0.704	0.852	0.8013333333333333	0.8266666666666667	0.848	0.8813333333333333	0.884	0.8533333333333334	0.828	0.8826666666666667	0.724	0.8026666666666666	0.8466666666666667	0.7773333333333333	0.9386666666666666	0.8413333333333334	0.66	0.7773333333333333	0.852	0.8506666666666667	0.892	0.6706666666666666	0.8093333333333333	0.8026666666666666	0.9973333333333333	0.6666666666666666	0.7333333333333333	0.9226666666666666	0.928	0.7573333333333333	0.976	0.54	0.956	0.96	0.8106666666666666	0.6906666666666667	0.808	0.8866666666666667	0.8213333333333334	0.9013333333333333	0.832	0.848	0.7973333333333333	0.9146666666666666	0.7053333333333334	0.912	0.9386666666666666	0.648	0.8973333333333333	0.9013333333333333	0.9906666666666667	0.8413333333333334	0.94	0.7773333333333333	0.8506666666666667	0.936	0.776	0.8573333333333333	0.7173333333333334	0.8946666666666667
S2017t1_E11-T1b-Female	0.9866666666666667	0.9853333333333333	0.9626666666666667	0.9826666666666667	0.9933333333333333	0.9813333333333333	0.9666666666666667	0.984	0.9906666666666667	0.9826666666666667	0.992	0.9653333333333334	0.9786666666666667	0.972	0.964	0.8933333333333333	0.972	0.944	0.94	0.9466666666666667	0.868	0.9826666666666667	0.88	0.9106666666666666	0.9426666666666667	0.9746666666666667	0.7853333333333333	0.82	0.8146666666666667	0.8653333333333333	0.8746666666666667	0.8693333333333333	0.852	0.776	0.8013333333333333	0.7906666666666666	0.9813333333333333	0.9826666666666667	0.988	0.9013333333333333	0.976	0.9706666666666667	0.9346666666666666	0.9733333333333334	0.9706666666666667	0.912	0.984	0.9693333333333334	0.9333333333333333	0.96	0.9306666666666666	0.976	0.9493333333333334	0.9626666666666667	0.9506666666666667	0.9733333333333334	0.9213333333333333	0.9546666666666667	0.8986666666666666	0.9626666666666667	0.972	0.896	0.948	0.94	0.9426666666666667	0.9573333333333334	0.8946666666666667	0.952	0.9253333333333333	0.7933333333333333	0.8546666666666667	0.9226666666666666	0.9746666666666667	0.9653333333333334	0.8813333333333333	0.9546666666666667	0.9466666666666667	0.8493333333333334	0.9226666666666666	0.872	0.8	0.7826666666666666	0.94	0.9133333333333333	0.9346666666666666	0.0	0.94	0.9493333333333334	0.932	0.956	0.9533333333333334	0.892	0.9013333333333333	0.9026666666666666	0.9466666666666667	0.956	0.9573333333333334	0.932	0.9613333333333334	0.876	0.8866666666666667	0.9	0.8946666666666667	0.948	0.9546666666666667	0.9733333333333334	0.952	0.9346666666666666	0.9706666666666667	0.9506666666666667	0.9506666666666667	0.96	0.968	0.9653333333333334	0.9533333333333334	0.8866666666666667	0.9773333333333334	0.9693333333333334	0.9706666666666667	0.9066666666666666	0.964	0.9466666666666667	0.976	0.9546666666666667	0.98	0.9573333333333334	0.9733333333333334	0.868	0.9453333333333334	0.9706666666666667	0.9626666666666667	0.952	0.972	0.944	0.972	0.96	0.968	0.968	0.9453333333333334	0.8906666666666667	0.964	0.9173333333333333	0.972	0.964	0.9746666666666667	0.9133333333333333	0.9653333333333334	0.9573333333333334	0.9533333333333334	0.9666666666666667	0.956	0.9586666666666667	0.9586666666666667	0.9613333333333334	0.9773333333333334	0.9613333333333334	0.964	0.9666666666666667	0.948	0.9506666666666667	0.9426666666666667	0.956	0.948	0.9533333333333334	0.9546666666666667	0.968	0.936	0.9426666666666667	0.9573333333333334	0.9573333333333334	0.9506666666666667	0.936	0.94	0.9586666666666667	0.9706666666666667	0.9586666666666667	0.936	0.96	0.9986666666666667	0.964	0.984	0.9893333333333333	0.972	0.9786666666666667	0.9786666666666667	0.984	0.9893333333333333	0.968	0.9733333333333334	0.976	0.984	0.9586666666666667	0.9493333333333334	0.98	0.9813333333333333	0.916	0.9853333333333333	0.96	0.9813333333333333	0.988	0.968	0.9853333333333333	0.98	0.9653333333333334	0.9933333333333333	0.9866666666666667	0.9733333333333334	0.9773333333333334	0.94	0.98	0.9693333333333334	0.9546666666666667	0.9826666666666667	0.98
S2017t1_E11-T1b-Male	0.6653333333333333	0.8653333333333333	0.7746666666666666	0.7266666666666667	0.9093333333333333	0.844	0.892	0.8106666666666666	0.9293333333333333	0.68	0.9093333333333333	0.736	0.8826666666666667	0.9	0.748	0.78	0.9466666666666667	0.98	0.88	0.9266666666666666	0.824	0.96	0.7186666666666667	0.688	0.972	0.884	0.9773333333333334	0.9213333333333333	0.9693333333333334	0.9693333333333334	0.912	0.8946666666666667	0.9293333333333333	0.9626666666666667	0.968	0.924	0.9426666666666667	0.908	0.936	0.8853333333333333	0.9333333333333333	0.8533333333333334	0.7066666666666667	0.7066666666666667	0.872	0.716	0.7853333333333333	0.696	0.7986666666666666	0.896	0.8626666666666667	0.9186666666666666	0.8	0.872	0.8293333333333334	0.8093333333333333	0.7226666666666667	0.9	0.712	0.8213333333333334	0.9026666666666666	0.892	0.8106666666666666	0.916	0.912	0.8613333333333333	0.8813333333333333	0.8386666666666667	0.8746666666666667	0.9093333333333333	0.8893333333333333	0.968	0.912	0.8826666666666667	0.9613333333333334	0.8773333333333333	0.8146666666666667	0.9506666666666667	0.9106666666666666	0.824	0.9533333333333334	0.9426666666666667	0.9106666666666666	0.49066666666666664	0.43066666666666664	0.94	0.0	0.6186666666666667	0.6973333333333334	0.6626666666666666	0.6666666666666666	0.6973333333333334	0.5533333333333333	0.452	0.47733333333333333	0.5933333333333334	0.49466666666666664	0.5066666666666667	0.444	0.43866666666666665	0.5746666666666667	0.5653333333333334	0.736	0.44533333333333336	0.7493333333333333	0.5226666666666666	0.724	0.572	0.6613333333333333	0.5866666666666667	0.5733333333333334	0.4693333333333333	0.592	0.456	0.49333333333333335	0.848	0.8573333333333333	0.8293333333333334	0.8693333333333333	0.7866666666666666	0.8106666666666666	0.672	0.8733333333333333	0.6893333333333334	0.848	0.8133333333333334	0.812	0.7546666666666667	0.832	0.8973333333333333	0.7933333333333333	0.772	0.7453333333333333	0.6746666666666666	0.7866666666666666	0.7386666666666667	0.7586666666666667	0.78	0.74	0.7946666666666666	0.8786666666666667	0.8773333333333333	0.836	0.748	0.8106666666666666	0.6733333333333333	0.792	0.8986666666666666	0.792	0.9026666666666666	0.8506666666666667	0.8426666666666667	0.8133333333333334	0.8546666666666667	0.7213333333333334	0.8653333333333333	0.7986666666666666	0.82	0.852	0.892	0.8906666666666667	0.8586666666666667	0.8346666666666667	0.8706666666666667	0.732	0.7933333333333333	0.8293333333333334	0.796	0.948	0.8253333333333334	0.644	0.7493333333333333	0.8186666666666667	0.8413333333333334	0.8906666666666667	0.652	0.7906666666666666	0.7786666666666666	0.9746666666666667	0.5946666666666667	0.72	0.932	0.904	0.6653333333333333	0.9546666666666667	0.7213333333333334	0.932	0.936	0.7866666666666666	0.6853333333333333	0.788	0.884	0.828	0.8773333333333333	0.8466666666666667	0.8373333333333334	0.7866666666666666	0.8906666666666667	0.692	0.908	0.9146666666666666	0.6173333333333333	0.8933333333333333	0.884	0.9666666666666667	0.8493333333333334	0.92	0.7533333333333333	0.8586666666666667	0.9253333333333333	0.6866666666666666	0.8466666666666667	0.6293333333333333	0.8866666666666667
S2017t1_E13-T1a-Female	0.6973333333333334	0.7413333333333333	0.74	0.6346666666666667	0.7573333333333333	0.7213333333333334	0.7666666666666667	0.72	0.8306666666666667	0.6613333333333333	0.912	0.6	0.804	0.892	0.8133333333333334	0.78	0.9386666666666666	0.9773333333333334	0.8453333333333334	0.8586666666666667	0.812	0.9386666666666666	0.7746666666666666	0.7186666666666667	0.952	0.8093333333333333	0.9546666666666667	0.904	0.9546666666666667	0.9493333333333334	0.8933333333333333	0.8573333333333333	0.9266666666666666	0.9533333333333334	0.9266666666666666	0.9093333333333333	0.8706666666666667	0.8386666666666667	0.868	0.828	0.8626666666666667	0.788	0.7093333333333334	0.7613333333333333	0.8786666666666667	0.772	0.8253333333333334	0.8173333333333334	0.7466666666666667	0.8373333333333334	0.784	0.82	0.7413333333333333	0.7733333333333333	0.7906666666666666	0.884	0.7426666666666667	0.876	0.7413333333333333	0.7133333333333334	0.8266666666666667	0.824	0.7413333333333333	0.8426666666666667	0.8586666666666667	0.7666666666666667	0.8146666666666667	0.7986666666666666	0.8253333333333334	0.896	0.8973333333333333	0.8453333333333334	0.8373333333333334	0.876	0.952	0.8186666666666667	0.7706666666666667	0.9386666666666666	0.8653333333333333	0.7733333333333333	0.9333333333333333	0.9373333333333334	0.912	0.696	0.5906666666666667	0.9493333333333334	0.6186666666666667	0.0	0.43866666666666665	0.32133333333333336	0.38133333333333336	0.6026666666666667	0.4053333333333333	0.46	0.38533333333333336	0.5573333333333333	0.536	0.41733333333333333	0.5013333333333333	0.576	0.5373333333333333	0.5346666666666666	0.7466666666666667	0.44	0.6933333333333334	0.5573333333333333	0.608	0.476	0.548	0.52	0.4653333333333333	0.56	0.46266666666666667	0.5786666666666667	0.544	0.764	0.7253333333333334	0.7306666666666667	0.784	0.696	0.7426666666666667	0.6013333333333334	0.812	0.6853333333333333	0.752	0.728	0.7493333333333333	0.6746666666666666	0.684	0.7866666666666666	0.6853333333333333	0.6373333333333333	0.6333333333333333	0.6706666666666666	0.7866666666666666	0.6333333333333333	0.696	0.7426666666666667	0.6946666666666667	0.704	0.7986666666666666	0.7813333333333333	0.7146666666666667	0.648	0.5773333333333334	0.5853333333333334	0.6893333333333334	0.8026666666666666	0.808	0.7746666666666666	0.8013333333333333	0.7373333333333333	0.7493333333333333	0.772	0.7506666666666667	0.808	0.7533333333333333	0.76	0.7906666666666666	0.8333333333333334	0.84	0.8066666666666666	0.7853333333333333	0.7893333333333333	0.716	0.7573333333333333	0.8106666666666666	0.7786666666666666	0.9133333333333333	0.6813333333333333	0.6426666666666667	0.7586666666666667	0.72	0.748	0.876	0.7306666666666667	0.8146666666666667	0.8066666666666666	0.824	0.612	0.676	0.8573333333333333	0.7826666666666666	0.7066666666666667	0.824	0.768	0.78	0.8266666666666667	0.688	0.6573333333333333	0.752	0.8466666666666667	0.6786666666666666	0.748	0.812	0.7626666666666667	0.6786666666666666	0.7813333333333333	0.58	0.8346666666666667	0.884	0.608	0.8586666666666667	0.7533333333333333	0.8146666666666667	0.7293333333333333	0.7573333333333333	0.596	0.7986666666666666	0.808	0.7146666666666667	0.72	0.6066666666666667	0.8173333333333334
S2017t1_E13-T1a-Male	0.8533333333333334	0.8106666666666666	0.8146666666666667	0.6573333333333333	0.884	0.7853333333333333	0.848	0.868	0.9026666666666666	0.824	0.8813333333333333	0.752	0.8786666666666667	0.904	0.796	0.7453333333333333	0.9426666666666667	0.9533333333333334	0.884	0.864	0.752	0.9426666666666667	0.716	0.6586666666666666	0.96	0.852	0.932	0.8893333333333333	0.952	0.9266666666666666	0.8426666666666667	0.836	0.904	0.912	0.8893333333333333	0.8786666666666667	0.92	0.8906666666666667	0.92	0.864	0.904	0.828	0.66	0.7813333333333333	0.868	0.7146666666666667	0.816	0.7586666666666667	0.7866666666666666	0.8786666666666667	0.8266666666666667	0.8746666666666667	0.7386666666666667	0.816	0.7666666666666667	0.8586666666666667	0.6493333333333333	0.86	0.6613333333333333	0.7346666666666667	0.8733333333333333	0.844	0.796	0.8786666666666667	0.8546666666666667	0.7826666666666666	0.8053333333333333	0.7693333333333333	0.8293333333333334	0.8533333333333334	0.856	0.7306666666666667	0.8973333333333333	0.8706666666666667	0.8986666666666666	0.8533333333333334	0.776	0.92	0.8346666666666667	0.7426666666666667	0.92	0.904	0.9066666666666666	0.7653333333333333	0.616	0.932	0.6973333333333334	0.43866666666666665	0.0	0.348	0.292	0.6573333333333333	0.584	0.492	0.5186666666666667	0.62	0.6853333333333333	0.6106666666666667	0.6506666666666666	0.72	0.712	0.656	0.816	0.528	0.6826666666666666	0.6706666666666666	0.568	0.6066666666666667	0.6093333333333333	0.656	0.5413333333333333	0.712	0.5693333333333334	0.692	0.652	0.8573333333333333	0.8306666666666667	0.8306666666666667	0.808	0.7626666666666667	0.796	0.656	0.864	0.784	0.8466666666666667	0.8266666666666667	0.8093333333333333	0.7586666666666667	0.7666666666666667	0.7466666666666667	0.7653333333333333	0.7106666666666667	0.6813333333333333	0.704	0.7986666666666666	0.6453333333333333	0.6426666666666667	0.7866666666666666	0.76	0.716	0.8706666666666667	0.8213333333333334	0.7973333333333333	0.724	0.6493333333333333	0.6466666666666666	0.7786666666666666	0.82	0.8253333333333334	0.716	0.8746666666666667	0.6946666666666667	0.7986666666666666	0.7333333333333333	0.76	0.844	0.7946666666666666	0.8146666666666667	0.8413333333333334	0.876	0.8746666666666667	0.836	0.844	0.7053333333333334	0.7253333333333334	0.8346666666666667	0.804	0.7973333333333333	0.896	0.6226666666666667	0.66	0.816	0.7626666666666667	0.8026666666666666	0.8786666666666667	0.756	0.8253333333333334	0.8226666666666667	0.9506666666666667	0.8173333333333334	0.7186666666666667	0.884	0.908	0.856	0.9346666666666666	0.7253333333333334	0.904	0.908	0.8373333333333334	0.672	0.7426666666666667	0.8546666666666667	0.7973333333333333	0.8573333333333333	0.816	0.8093333333333333	0.7693333333333333	0.828	0.7906666666666666	0.8826666666666667	0.92	0.7613333333333333	0.8653333333333333	0.8746666666666667	0.9386666666666666	0.7866666666666666	0.88	0.7826666666666666	0.8106666666666666	0.8853333333333333	0.8586666666666667	0.8426666666666667	0.804	0.8666666666666667
S2017t1_E13-T1b-Female	0.7733333333333333	0.7613333333333333	0.7493333333333333	0.632	0.72	0.7373333333333333	0.708	0.7946666666666666	0.8533333333333334	0.736	0.9093333333333333	0.6746666666666666	0.8266666666666667	0.896	0.82	0.7813333333333333	0.944	0.9773333333333334	0.8786666666666667	0.8786666666666667	0.8226666666666667	0.9426666666666667	0.7906666666666666	0.744	0.9546666666666667	0.756	0.964	0.9133333333333333	0.964	0.9586666666666667	0.9	0.8733333333333333	0.9266666666666666	0.956	0.9453333333333334	0.916	0.8146666666666667	0.7773333333333333	0.808	0.7666666666666667	0.8053333333333333	0.7253333333333334	0.7373333333333333	0.7906666666666666	0.88	0.7666666666666667	0.8506666666666667	0.82	0.7	0.784	0.7306666666666667	0.788	0.7	0.72	0.804	0.8826666666666667	0.736	0.8853333333333333	0.7653333333333333	0.672	0.7706666666666667	0.7666666666666667	0.6853333333333333	0.788	0.8706666666666667	0.8053333333333333	0.828	0.8146666666666667	0.844	0.9053333333333333	0.9	0.8213333333333334	0.7893333333333333	0.88	0.96	0.7786666666666666	0.7786666666666666	0.9453333333333334	0.888	0.832	0.9426666666666667	0.9466666666666667	0.916	0.7573333333333333	0.6213333333333333	0.956	0.6626666666666666	0.32133333333333336	0.348	0.0	0.36933333333333335	0.632	0.5493333333333333	0.496	0.52	0.5893333333333334	0.6266666666666667	0.49333333333333335	0.576	0.664	0.6333333333333333	0.6173333333333333	0.7933333333333333	0.48933333333333334	0.6893333333333334	0.664	0.604	0.572	0.5773333333333334	0.5306666666666666	0.5066666666666667	0.628	0.5373333333333333	0.6493333333333333	0.62	0.72	0.684	0.6893333333333334	0.728	0.6533333333333333	0.7586666666666667	0.5426666666666666	0.8306666666666667	0.7146666666666667	0.7106666666666667	0.732	0.7493333333333333	0.652	0.6306666666666667	0.756	0.696	0.5986666666666667	0.612	0.6893333333333334	0.804	0.5546666666666666	0.632	0.7613333333333333	0.6466666666666666	0.7173333333333334	0.8146666666666667	0.7826666666666666	0.6666666666666666	0.608	0.5066666666666667	0.5733333333333334	0.6866666666666666	0.8173333333333334	0.824	0.752	0.84	0.6613333333333333	0.7666666666666667	0.7466666666666667	0.76	0.8466666666666667	0.7773333333333333	0.7853333333333333	0.824	0.8693333333333333	0.864	0.8066666666666666	0.812	0.7613333333333333	0.7373333333333333	0.8093333333333333	0.7693333333333333	0.7946666666666666	0.9373333333333334	0.6586666666666666	0.6706666666666666	0.788	0.736	0.7586666666666667	0.8866666666666667	0.7546666666666667	0.828	0.8133333333333334	0.7866666666666666	0.696	0.6133333333333333	0.8653333333333333	0.808	0.7813333333333333	0.8506666666666667	0.772	0.7786666666666666	0.8346666666666667	0.7626666666666667	0.6546666666666666	0.7706666666666667	0.844	0.6906666666666667	0.7706666666666667	0.8133333333333334	0.7146666666666667	0.6386666666666667	0.7333333333333333	0.664	0.8546666666666667	0.884	0.6853333333333333	0.8573333333333333	0.7466666666666667	0.7773333333333333	0.7493333333333333	0.728	0.604	0.8026666666666666	0.8333333333333334	0.7893333333333333	0.6826666666666666	0.6773333333333333	0.8373333333333334
S2017t1_E13-T1b-Male	0.844	0.82	0.78	0.6586666666666666	0.8586666666666667	0.792	0.8346666666666667	0.8626666666666667	0.916	0.804	0.904	0.752	0.8893333333333333	0.864	0.7986666666666666	0.76	0.9413333333333334	0.9746666666666667	0.8866666666666667	0.812	0.7853333333333333	0.9106666666666666	0.6906666666666667	0.6866666666666666	0.9453333333333334	0.7946666666666666	0.9586666666666667	0.9106666666666666	0.948	0.9226666666666666	0.888	0.8533333333333334	0.924	0.9533333333333334	0.9333333333333333	0.912	0.8533333333333334	0.8226666666666667	0.8506666666666667	0.8293333333333334	0.8453333333333334	0.808	0.664	0.7906666666666666	0.8373333333333334	0.7253333333333334	0.8146666666666667	0.7946666666666666	0.7666666666666667	0.82	0.768	0.8053333333333333	0.732	0.7573333333333333	0.7933333333333333	0.8773333333333333	0.668	0.828	0.656	0.7013333333333334	0.8106666666666666	0.8053333333333333	0.7386666666666667	0.8266666666666667	0.864	0.7506666666666667	0.8106666666666666	0.7826666666666666	0.824	0.9	0.8386666666666667	0.6266666666666667	0.832	0.848	0.92	0.82	0.7426666666666667	0.928	0.7826666666666666	0.7586666666666667	0.9306666666666666	0.9213333333333333	0.88	0.7213333333333334	0.58	0.9533333333333334	0.6666666666666666	0.38133333333333336	0.292	0.36933333333333335	0.0	0.6133333333333333	0.5626666666666666	0.4693333333333333	0.4653333333333333	0.6066666666666667	0.644	0.5146666666666667	0.5933333333333334	0.7	0.6706666666666666	0.6	0.7973333333333333	0.49333333333333335	0.6693333333333333	0.6666666666666666	0.5466666666666666	0.588	0.58	0.6373333333333333	0.5213333333333333	0.6586666666666666	0.5386666666666666	0.6533333333333333	0.6346666666666667	0.7866666666666666	0.796	0.7506666666666667	0.7853333333333333	0.7093333333333334	0.728	0.6346666666666667	0.8146666666666667	0.716	0.7746666666666666	0.764	0.7733333333333333	0.7093333333333334	0.7373333333333333	0.6066666666666667	0.732	0.6426666666666667	0.624	0.6773333333333333	0.7746666666666666	0.592	0.516	0.724	0.6986666666666667	0.696	0.804	0.7626666666666667	0.7413333333333333	0.6693333333333333	0.6146666666666667	0.6146666666666667	0.7693333333333333	0.784	0.824	0.612	0.8186666666666667	0.764	0.7866666666666666	0.6213333333333333	0.756	0.7933333333333333	0.752	0.7706666666666667	0.8133333333333334	0.8146666666666667	0.8573333333333333	0.804	0.808	0.7	0.7133333333333334	0.8026666666666666	0.84	0.7893333333333333	0.848	0.48533333333333334	0.6213333333333333	0.792	0.7586666666666667	0.732	0.8386666666666667	0.7413333333333333	0.8266666666666667	0.8213333333333334	0.9253333333333333	0.7933333333333333	0.724	0.8946666666666667	0.8866666666666667	0.8493333333333334	0.9066666666666666	0.7426666666666667	0.8813333333333333	0.8946666666666667	0.8306666666666667	0.6813333333333333	0.7826666666666666	0.8693333333333333	0.7813333333333333	0.8333333333333334	0.824	0.7666666666666667	0.7546666666666667	0.8066666666666666	0.7573333333333333	0.9026666666666666	0.9106666666666666	0.7506666666666667	0.8826666666666667	0.8586666666666667	0.916	0.792	0.8613333333333333	0.748	0.832	0.896	0.8573333333333333	0.824	0.7653333333333333	0.8826666666666667
S2017t1_E14-T1a-Female	0.8	0.7866666666666666	0.8986666666666666	0.652	0.9026666666666666	0.7373333333333333	0.8773333333333333	0.7813333333333333	0.8666666666666667	0.8173333333333334	0.8626666666666667	0.6586666666666666	0.8746666666666667	0.8706666666666667	0.82	0.788	0.936	0.9746666666666667	0.7933333333333333	0.8973333333333333	0.8386666666666667	0.932	0.8026666666666666	0.8	0.9426666666666667	0.8613333333333333	0.8946666666666667	0.8266666666666667	0.8973333333333333	0.8813333333333333	0.836	0.8426666666666667	0.888	0.932	0.9333333333333333	0.8866666666666667	0.9226666666666666	0.8946666666666667	0.924	0.88	0.9173333333333333	0.8626666666666667	0.7466666666666667	0.7813333333333333	0.8653333333333333	0.7906666666666666	0.824	0.8386666666666667	0.8186666666666667	0.9026666666666666	0.844	0.9066666666666666	0.84	0.8813333333333333	0.8506666666666667	0.8946666666666667	0.788	0.892	0.8253333333333334	0.828	0.8733333333333333	0.876	0.812	0.8986666666666666	0.8706666666666667	0.8013333333333333	0.8106666666666666	0.8346666666666667	0.768	0.8613333333333333	0.8266666666666667	0.9013333333333333	0.8933333333333333	0.8786666666666667	0.916	0.8786666666666667	0.804	0.8933333333333333	0.8573333333333333	0.8533333333333334	0.9053333333333333	0.8946666666666667	0.8933333333333333	0.6866666666666666	0.5306666666666666	0.892	0.6973333333333334	0.6026666666666667	0.6573333333333333	0.632	0.6133333333333333	0.0	0.5493333333333333	0.472	0.5626666666666666	0.636	0.5386666666666666	0.5026666666666667	0.5413333333333333	0.5626666666666666	0.5013333333333333	0.5066666666666667	0.6586666666666666	0.5213333333333333	0.7586666666666667	0.5946666666666667	0.744	0.7066666666666667	0.704	0.688	0.6933333333333334	0.72	0.696	0.724	0.6173333333333333	0.8346666666666667	0.8746666666666667	0.852	0.8946666666666667	0.8213333333333334	0.856	0.7546666666666667	0.8946666666666667	0.7893333333333333	0.88	0.796	0.86	0.7946666666666666	0.8626666666666667	0.916	0.8533333333333334	0.7453333333333333	0.8373333333333334	0.7386666666666667	0.852	0.8373333333333334	0.8733333333333333	0.868	0.8146666666666667	0.792	0.8973333333333333	0.8693333333333333	0.8493333333333334	0.828	0.8	0.7626666666666667	0.8733333333333333	0.8973333333333333	0.8586666666666667	0.92	0.872	0.8773333333333333	0.86	0.9093333333333333	0.8026666666666666	0.908	0.804	0.8546666666666667	0.8733333333333333	0.904	0.92	0.8626666666666667	0.848	0.8746666666666667	0.816	0.7626666666666667	0.8653333333333333	0.8613333333333333	0.916	0.836	0.7693333333333333	0.8306666666666667	0.8493333333333334	0.8693333333333333	0.8906666666666667	0.8106666666666666	0.8746666666666667	0.8706666666666667	0.9693333333333334	0.7866666666666666	0.8066666666666666	0.9306666666666666	0.9306666666666666	0.828	0.9306666666666666	0.5613333333333334	0.9226666666666666	0.916	0.8013333333333333	0.6893333333333334	0.7706666666666667	0.8053333333333333	0.8373333333333334	0.8653333333333333	0.7826666666666666	0.8893333333333333	0.7906666666666666	0.8813333333333333	0.8226666666666667	0.856	0.936	0.716	0.8146666666666667	0.8693333333333333	0.96	0.7786666666666666	0.9133333333333333	0.772	0.744	0.8546666666666667	0.8226666666666667	0.8746666666666667	0.7986666666666666	0.8426666666666667
S2017t1_E14-T1a-Male	0.712	0.748	0.7986666666666666	0.6693333333333333	0.8786666666666667	0.7106666666666667	0.8186666666666667	0.7293333333333333	0.8346666666666667	0.7053333333333334	0.8626666666666667	0.616	0.8333333333333334	0.88	0.7893333333333333	0.7453333333333333	0.9253333333333333	0.9693333333333334	0.8226666666666667	0.876	0.8026666666666666	0.9373333333333334	0.772	0.7213333333333334	0.9466666666666667	0.8653333333333333	0.9133333333333333	0.8306666666666667	0.9026666666666666	0.8826666666666667	0.8386666666666667	0.8306666666666667	0.8946666666666667	0.8906666666666667	0.8893333333333333	0.8533333333333334	0.9266666666666666	0.896	0.9266666666666666	0.868	0.92	0.8373333333333334	0.6693333333333333	0.7266666666666667	0.8533333333333334	0.7506666666666667	0.8053333333333333	0.7986666666666666	0.82	0.904	0.8293333333333334	0.9146666666666666	0.808	0.8493333333333334	0.784	0.8666666666666667	0.752	0.8813333333333333	0.732	0.768	0.888	0.864	0.7853333333333333	0.8813333333333333	0.824	0.772	0.7693333333333333	0.7826666666666666	0.7853333333333333	0.8293333333333334	0.8053333333333333	0.9253333333333333	0.892	0.8666666666666667	0.916	0.8626666666666667	0.7733333333333333	0.8853333333333333	0.86	0.7226666666666667	0.888	0.872	0.88	0.6293333333333333	0.5493333333333333	0.9013333333333333	0.5533333333333333	0.4053333333333333	0.584	0.5493333333333333	0.5626666666666666	0.5493333333333333	0.0	0.444	0.36666666666666664	0.5613333333333334	0.5013333333333333	0.492	0.528	0.5026666666666667	0.528	0.5733333333333334	0.68	0.46	0.728	0.5533333333333333	0.6613333333333333	0.484	0.5493333333333333	0.5266666666666666	0.5346666666666666	0.5826666666666667	0.552	0.584	0.484	0.776	0.816	0.8106666666666666	0.8613333333333333	0.7506666666666667	0.7973333333333333	0.6733333333333333	0.8573333333333333	0.74	0.8253333333333334	0.7493333333333333	0.7893333333333333	0.7573333333333333	0.8133333333333334	0.8853333333333333	0.78	0.724	0.7746666666666666	0.6946666666666667	0.784	0.764	0.8333333333333334	0.8066666666666666	0.7293333333333333	0.6973333333333334	0.848	0.82	0.796	0.728	0.744	0.68	0.8053333333333333	0.864	0.796	0.8746666666666667	0.8373333333333334	0.8106666666666666	0.8	0.8453333333333334	0.7386666666666667	0.8373333333333334	0.7613333333333333	0.784	0.8333333333333334	0.8653333333333333	0.876	0.8146666666666667	0.8053333333333333	0.8613333333333333	0.7266666666666667	0.7493333333333333	0.8253333333333334	0.8013333333333333	0.9133333333333333	0.8026666666666666	0.6706666666666666	0.7706666666666667	0.776	0.8226666666666667	0.8773333333333333	0.7293333333333333	0.8066666666666666	0.8026666666666666	0.936	0.6346666666666667	0.7173333333333334	0.8146666666666667	0.8933333333333333	0.7306666666666667	0.896	0.7213333333333334	0.884	0.8706666666666667	0.736	0.6626666666666666	0.712	0.784	0.728	0.8373333333333334	0.74	0.844	0.7466666666666667	0.828	0.6546666666666666	0.804	0.896	0.5946666666666667	0.8026666666666666	0.8186666666666667	0.928	0.7293333333333333	0.8546666666666667	0.6973333333333334	0.7173333333333334	0.8333333333333334	0.7226666666666667	0.804	0.6853333333333333	0.7746666666666666
S2017t1_E14-T1b-Female	0.6653333333333333	0.7586666666666667	0.7853333333333333	0.5866666666666667	0.8186666666666667	0.728	0.7933333333333333	0.7373333333333333	0.856	0.644	0.828	0.64	0.88	0.8933333333333333	0.7413333333333333	0.7146666666666667	0.9346666666666666	0.9746666666666667	0.8733333333333333	0.9146666666666666	0.804	0.9493333333333334	0.7093333333333334	0.66	0.9573333333333334	0.7786666666666666	0.9293333333333333	0.8293333333333334	0.9146666666666666	0.8973333333333333	0.8746666666666667	0.8586666666666667	0.9026666666666666	0.9333333333333333	0.928	0.8853333333333333	0.8466666666666667	0.8186666666666667	0.848	0.8053333333333333	0.84	0.7706666666666667	0.612	0.7346666666666667	0.8666666666666667	0.6706666666666666	0.7733333333333333	0.7186666666666667	0.744	0.8173333333333334	0.7613333333333333	0.8306666666666667	0.708	0.76	0.7866666666666666	0.82	0.6493333333333333	0.904	0.68	0.668	0.8013333333333333	0.7986666666666666	0.7146666666666667	0.8146666666666667	0.84	0.8106666666666666	0.78	0.7706666666666667	0.776	0.868	0.8266666666666667	0.932	0.8226666666666667	0.8733333333333333	0.928	0.7906666666666666	0.7546666666666667	0.9133333333333333	0.876	0.732	0.912	0.9093333333333333	0.9053333333333333	0.5826666666666667	0.424	0.9026666666666666	0.452	0.46	0.492	0.496	0.4693333333333333	0.472	0.444	0.0	0.30133333333333334	0.6133333333333333	0.5426666666666666	0.456	0.46266666666666667	0.49733333333333335	0.5653333333333334	0.5173333333333333	0.716	0.2613333333333333	0.6533333333333333	0.5053333333333333	0.6386666666666667	0.376	0.456	0.4066666666666667	0.4093333333333333	0.49333333333333335	0.47733333333333333	0.47733333333333333	0.44	0.7733333333333333	0.7826666666666666	0.7626666666666667	0.8453333333333334	0.716	0.7866666666666666	0.5333333333333333	0.8653333333333333	0.6693333333333333	0.7813333333333333	0.7186666666666667	0.7333333333333333	0.7293333333333333	0.7746666666666666	0.9253333333333333	0.7466666666666667	0.6586666666666666	0.6933333333333334	0.652	0.7826666666666666	0.7293333333333333	0.82	0.7586666666666667	0.704	0.748	0.8493333333333334	0.8	0.7706666666666667	0.688	0.704	0.6013333333333334	0.7653333333333333	0.9026666666666666	0.8053333333333333	0.9093333333333333	0.896	0.8586666666666667	0.8426666666666667	0.9013333333333333	0.76	0.88	0.7853333333333333	0.8146666666666667	0.8733333333333333	0.908	0.9106666666666666	0.864	0.8466666666666667	0.872	0.7253333333333334	0.8186666666666667	0.8613333333333333	0.8133333333333334	0.9186666666666666	0.844	0.636	0.8146666666666667	0.8213333333333334	0.7773333333333333	0.892	0.6853333333333333	0.8266666666666667	0.8266666666666667	0.8853333333333333	0.6786666666666666	0.5826666666666667	0.8893333333333333	0.868	0.692	0.8986666666666666	0.6026666666666667	0.8386666666666667	0.872	0.752	0.5586666666666666	0.7026666666666667	0.8013333333333333	0.6866666666666666	0.8306666666666667	0.7626666666666667	0.7946666666666666	0.6293333333333333	0.7746666666666666	0.672	0.832	0.8973333333333333	0.5373333333333333	0.8173333333333334	0.7586666666666667	0.876	0.732	0.8106666666666666	0.6586666666666666	0.752	0.8293333333333334	0.6786666666666666	0.7586666666666667	0.5826666666666667	0.816
S2017t1_E14-T1b-Male	0.616	0.776	0.784	0.6133333333333333	0.8626666666666667	0.7386666666666667	0.816	0.7533333333333333	0.8373333333333334	0.6253333333333333	0.8746666666666667	0.6626666666666666	0.852	0.9053333333333333	0.8066666666666666	0.7706666666666667	0.9373333333333334	0.9506666666666667	0.8733333333333333	0.892	0.7946666666666666	0.948	0.7773333333333333	0.7333333333333333	0.9626666666666667	0.8453333333333334	0.932	0.876	0.9213333333333333	0.9026666666666666	0.8813333333333333	0.8546666666666667	0.9026666666666666	0.9346666666666666	0.9213333333333333	0.888	0.912	0.8813333333333333	0.9106666666666666	0.8693333333333333	0.9053333333333333	0.824	0.6613333333333333	0.7893333333333333	0.8733333333333333	0.728	0.808	0.796	0.788	0.8813333333333333	0.8226666666666667	0.88	0.7706666666666667	0.8093333333333333	0.7986666666666666	0.868	0.7	0.892	0.7346666666666667	0.7493333333333333	0.8666666666666667	0.8626666666666667	0.7826666666666666	0.88	0.84	0.8173333333333334	0.7946666666666666	0.7826666666666666	0.8186666666666667	0.8666666666666667	0.84	0.908	0.8933333333333333	0.8813333333333333	0.944	0.8493333333333334	0.784	0.9253333333333333	0.872	0.7066666666666667	0.9093333333333333	0.92	0.9106666666666666	0.5826666666666667	0.4653333333333333	0.9466666666666667	0.47733333333333333	0.38533333333333336	0.5186666666666667	0.52	0.4653333333333333	0.5626666666666666	0.36666666666666664	0.30133333333333334	0.0	0.5946666666666667	0.5306666666666666	0.48533333333333334	0.4613333333333333	0.45466666666666666	0.5866666666666667	0.5346666666666666	0.748	0.336	0.676	0.4746666666666667	0.6306666666666667	0.43733333333333335	0.5346666666666666	0.48133333333333334	0.468	0.46	0.5306666666666666	0.4573333333333333	0.5053333333333333	0.8186666666666667	0.7986666666666666	0.8026666666666666	0.848	0.7453333333333333	0.7733333333333333	0.6133333333333333	0.8386666666666667	0.7453333333333333	0.8106666666666666	0.756	0.7493333333333333	0.7373333333333333	0.7973333333333333	0.904	0.76	0.672	0.7533333333333333	0.672	0.7746666666666666	0.748	0.8173333333333334	0.78	0.7186666666666667	0.7133333333333334	0.8426666666666667	0.8146666666666667	0.7853333333333333	0.7146666666666667	0.7226666666666667	0.6586666666666666	0.8	0.872	0.792	0.8746666666666667	0.868	0.828	0.8066666666666666	0.8613333333333333	0.7226666666666667	0.8333333333333334	0.7546666666666667	0.7746666666666666	0.8426666666666667	0.864	0.876	0.8333333333333334	0.812	0.8613333333333333	0.7026666666666667	0.8013333333333333	0.8386666666666667	0.8026666666666666	0.9026666666666666	0.8013333333333333	0.66	0.7786666666666666	0.7906666666666666	0.7866666666666666	0.8746666666666667	0.7226666666666667	0.808	0.824	0.928	0.6533333333333333	0.7066666666666667	0.8333333333333334	0.8813333333333333	0.656	0.8973333333333333	0.712	0.8666666666666667	0.8746666666666667	0.7373333333333333	0.632	0.732	0.8333333333333334	0.748	0.8253333333333334	0.7773333333333333	0.8333333333333334	0.7346666666666667	0.7826666666666666	0.6293333333333333	0.8226666666666667	0.8973333333333333	0.5386666666666666	0.82	0.808	0.912	0.748	0.8506666666666667	0.692	0.768	0.8506666666666667	0.652	0.8093333333333333	0.5813333333333334	0.7973333333333333
S2017t1_E16-T1a-Female	0.7893333333333333	0.8666666666666667	0.8746666666666667	0.7813333333333333	0.924	0.8373333333333334	0.9066666666666666	0.8093333333333333	0.944	0.7893333333333333	0.916	0.72	0.896	0.508	0.828	0.8213333333333334	0.948	0.9813333333333333	0.844	0.8986666666666666	0.836	0.5573333333333333	0.8053333333333333	0.7813333333333333	0.96	0.5013333333333333	0.9586666666666667	0.9133333333333333	0.948	0.9186666666666666	0.8893333333333333	0.852	0.9293333333333333	0.9613333333333334	0.9373333333333334	0.916	0.5666666666666667	0.5346666666666666	0.5746666666666667	0.9	0.5573333333333333	0.8813333333333333	0.82	0.8013333333333333	0.712	0.8106666666666666	0.824	0.8386666666666667	0.8293333333333334	0.8413333333333334	0.82	0.52	0.8253333333333334	0.8293333333333334	0.8626666666666667	0.9093333333333333	0.8293333333333334	0.49466666666666664	0.824	0.8546666666666667	0.5386666666666666	0.8706666666666667	0.8266666666666667	0.5386666666666666	0.9053333333333333	0.484	0.8626666666666667	0.856	0.852	0.9066666666666666	0.8613333333333333	0.8866666666666667	0.6666666666666666	0.8786666666666667	0.6666666666666666	0.884	0.7986666666666666	0.9306666666666666	0.8386666666666667	0.8693333333333333	0.9346666666666666	0.928	0.8506666666666667	0.42933333333333334	0.6306666666666667	0.956	0.5933333333333334	0.5573333333333333	0.62	0.5893333333333334	0.6066666666666667	0.636	0.5613333333333334	0.6133333333333333	0.5946666666666667	0.0	0.5466666666666666	0.48533333333333334	0.5586666666666666	0.5813333333333334	0.5653333333333334	0.572	0.6986666666666667	0.544	0.78	0.608	0.6853333333333333	0.6946666666666667	0.7266666666666667	0.6746666666666666	0.676	0.6106666666666667	0.6466666666666666	0.6346666666666667	0.5866666666666667	0.84	0.868	0.6226666666666667	0.45066666666666666	0.6773333333333333	0.7146666666666667	0.7853333333333333	0.49866666666666665	0.7053333333333334	0.744	0.8146666666666667	0.856	0.7866666666666666	0.8506666666666667	0.868	0.8186666666666667	0.5466666666666666	0.7813333333333333	0.732	0.7986666666666666	0.8133333333333334	0.7986666666666666	0.7266666666666667	0.6546666666666666	0.6266666666666667	0.5066666666666667	0.4706666666666667	0.7706666666666667	0.616	0.7933333333333333	0.756	0.8493333333333334	0.5226666666666666	0.8346666666666667	0.8786666666666667	0.44133333333333336	0.7666666666666667	0.812	0.876	0.7706666666666667	0.844	0.7386666666666667	0.796	0.8066666666666666	0.7453333333333333	0.8746666666666667	0.6733333333333333	0.828	0.8453333333333334	0.7893333333333333	0.7653333333333333	0.7933333333333333	0.824	0.9013333333333333	0.6893333333333334	0.72	0.7773333333333333	0.8413333333333334	0.7973333333333333	0.496	0.784	0.8386666666666667	0.82	0.992	0.756	0.856	0.9546666666666667	0.9453333333333334	0.7946666666666666	0.972	0.8013333333333333	0.948	0.952	0.8013333333333333	0.8186666666666667	0.8506666666666667	0.88	0.8946666666666667	0.8933333333333333	0.8466666666666667	0.9026666666666666	0.8586666666666667	0.8866666666666667	0.7573333333333333	0.9253333333333333	0.9586666666666667	0.7293333333333333	0.888	0.94	0.9826666666666667	0.8666666666666667	0.948	0.7693333333333333	0.8466666666666667	0.9386666666666666	0.8146666666666667	0.9106666666666666	0.7706666666666667	0.912
S2017t1_E16-T1a-Male	0.7253333333333334	0.8386666666666667	0.7933333333333333	0.732	0.9066666666666666	0.7986666666666666	0.896	0.7893333333333333	0.9106666666666666	0.7493333333333333	0.904	0.6933333333333334	0.872	0.912	0.808	0.82	0.944	0.9786666666666667	0.7866666666666666	0.9213333333333333	0.8413333333333334	0.9573333333333334	0.816	0.7946666666666666	0.9693333333333334	0.8826666666666667	0.9626666666666667	0.9	0.9466666666666667	0.9413333333333334	0.912	0.8973333333333333	0.9306666666666666	0.9546666666666667	0.956	0.928	0.9373333333333334	0.9066666666666666	0.932	0.896	0.9306666666666666	0.8626666666666667	0.796	0.7893333333333333	0.8853333333333333	0.8253333333333334	0.8293333333333334	0.82	0.868	0.9306666666666666	0.8586666666666667	0.9306666666666666	0.8373333333333334	0.9093333333333333	0.848	0.8906666666666667	0.828	0.9013333333333333	0.8226666666666667	0.836	0.9	0.9013333333333333	0.8426666666666667	0.9293333333333333	0.9146666666666666	0.8346666666666667	0.8853333333333333	0.8666666666666667	0.8693333333333333	0.896	0.8853333333333333	0.956	0.9066666666666666	0.9093333333333333	0.96	0.9066666666666666	0.8146666666666667	0.9386666666666666	0.9093333333333333	0.8733333333333333	0.9426666666666667	0.9413333333333334	0.9266666666666666	0.6053333333333333	0.5786666666666667	0.9573333333333334	0.49466666666666664	0.536	0.6853333333333333	0.6266666666666667	0.644	0.5386666666666666	0.5013333333333333	0.5426666666666666	0.5306666666666666	0.5466666666666666	0.0	0.3373333333333333	0.184	0.308	0.27066666666666667	0.308	0.668	0.44133333333333336	0.7586666666666667	0.38533333333333336	0.7493333333333333	0.552	0.6746666666666666	0.5693333333333334	0.6493333333333333	0.49866666666666665	0.532	0.488	0.44533333333333336	0.776	0.796	0.7546666666666667	0.784	0.7026666666666667	0.7426666666666667	0.68	0.82	0.688	0.8106666666666666	0.7426666666666667	0.74	0.7186666666666667	0.7826666666666666	0.8493333333333334	0.7386666666666667	0.696	0.7066666666666667	0.648	0.732	0.7573333333333333	0.84	0.7533333333333333	0.712	0.692	0.804	0.8546666666666667	0.7666666666666667	0.7253333333333334	0.704	0.656	0.756	0.8506666666666667	0.7386666666666667	0.8706666666666667	0.7533333333333333	0.7826666666666666	0.748	0.8013333333333333	0.6573333333333333	0.8253333333333334	0.7106666666666667	0.7626666666666667	0.796	0.816	0.8093333333333333	0.8013333333333333	0.78	0.8626666666666667	0.6906666666666667	0.6786666666666666	0.772	0.7546666666666667	0.9306666666666666	0.7773333333333333	0.652	0.72	0.7546666666666667	0.8453333333333334	0.876	0.6906666666666667	0.7586666666666667	0.7186666666666667	0.9746666666666667	0.648	0.8133333333333334	0.9453333333333334	0.932	0.76	0.9573333333333334	0.78	0.928	0.9453333333333334	0.7853333333333333	0.7773333333333333	0.804	0.872	0.8866666666666667	0.872	0.8306666666666667	0.916	0.828	0.8946666666666667	0.6453333333333333	0.9	0.9546666666666667	0.696	0.8826666666666667	0.932	0.9653333333333334	0.816	0.936	0.7586666666666667	0.8373333333333334	0.9173333333333333	0.752	0.904	0.7306666666666667	0.8946666666666667
S2017t1_E16-T1b-Female	0.7666666666666667	0.8213333333333334	0.7426666666666667	0.684	0.844	0.7946666666666666	0.8293333333333334	0.7973333333333333	0.9106666666666666	0.7386666666666667	0.9186666666666666	0.676	0.8773333333333333	0.8573333333333333	0.8013333333333333	0.7866666666666666	0.9293333333333333	0.96	0.7053333333333334	0.8826666666666667	0.832	0.9213333333333333	0.784	0.7693333333333333	0.92	0.78	0.9506666666666667	0.8826666666666667	0.9293333333333333	0.8946666666666667	0.8786666666666667	0.852	0.912	0.944	0.9413333333333334	0.9053333333333333	0.8426666666666667	0.8146666666666667	0.8413333333333334	0.812	0.836	0.7893333333333333	0.7466666666666667	0.7786666666666666	0.8493333333333334	0.768	0.8053333333333333	0.8013333333333333	0.7453333333333333	0.7973333333333333	0.7426666666666667	0.8213333333333334	0.7506666666666667	0.764	0.8293333333333334	0.9026666666666666	0.776	0.8666666666666667	0.8053333333333333	0.7506666666666667	0.8	0.7973333333333333	0.7266666666666667	0.8173333333333334	0.8826666666666667	0.7986666666666666	0.844	0.852	0.836	0.8773333333333333	0.8533333333333334	0.9093333333333333	0.804	0.852	0.9133333333333333	0.792	0.7333333333333333	0.9146666666666666	0.8586666666666667	0.8386666666666667	0.9146666666666666	0.9053333333333333	0.8773333333333333	0.5866666666666667	0.5466666666666666	0.932	0.5066666666666667	0.41733333333333333	0.6106666666666667	0.49333333333333335	0.5146666666666667	0.5026666666666667	0.492	0.456	0.48533333333333334	0.48533333333333334	0.3373333333333333	0.0	0.312	0.41333333333333333	0.39866666666666667	0.3626666666666667	0.6626666666666666	0.34933333333333333	0.6506666666666666	0.512	0.664	0.528	0.6026666666666667	0.5093333333333333	0.588	0.47733333333333333	0.48533333333333334	0.512	0.45466666666666666	0.704	0.7226666666666667	0.6706666666666666	0.72	0.6386666666666667	0.6946666666666667	0.576	0.764	0.5893333333333334	0.7146666666666667	0.668	0.704	0.64	0.712	0.816	0.6866666666666666	0.5626666666666666	0.632	0.588	0.7226666666666667	0.664	0.732	0.696	0.6293333333333333	0.6573333333333333	0.744	0.7426666666666667	0.6813333333333333	0.6186666666666667	0.632	0.568	0.7066666666666667	0.8066666666666666	0.76	0.86	0.7453333333333333	0.7693333333333333	0.7466666666666667	0.8013333333333333	0.6506666666666666	0.7933333333333333	0.6866666666666666	0.72	0.768	0.796	0.8213333333333334	0.7626666666666667	0.744	0.8306666666666667	0.664	0.66	0.7853333333333333	0.7613333333333333	0.908	0.7266666666666667	0.636	0.7053333333333334	0.7386666666666667	0.72	0.8346666666666667	0.6733333333333333	0.7546666666666667	0.736	0.9106666666666666	0.6613333333333333	0.7493333333333333	0.9293333333333333	0.8573333333333333	0.7786666666666666	0.908	0.7426666666666667	0.864	0.8853333333333333	0.768	0.7093333333333334	0.8066666666666666	0.868	0.8	0.8346666666666667	0.84	0.812	0.768	0.8146666666666667	0.652	0.912	0.9	0.716	0.88	0.84	0.9013333333333333	0.8093333333333333	0.8533333333333334	0.676	0.828	0.884	0.788	0.8106666666666666	0.6866666666666666	0.8933333333333333
S2017t1_E16-T1b-Male	0.7013333333333334	0.8266666666666667	0.7613333333333333	0.6906666666666667	0.872	0.8013333333333333	0.872	0.804	0.92	0.6693333333333333	0.9093333333333333	0.696	0.8826666666666667	0.9013333333333333	0.8066666666666666	0.82	0.956	0.984	0.8146666666666667	0.9226666666666666	0.8333333333333334	0.9573333333333334	0.8066666666666666	0.7853333333333333	0.9733333333333334	0.844	0.98	0.9253333333333333	0.9746666666666667	0.9733333333333334	0.9133333333333333	0.896	0.9386666666666666	0.9746666666666667	0.9746666666666667	0.9346666666666666	0.9026666666666666	0.8733333333333333	0.9	0.86	0.8946666666666667	0.8253333333333334	0.764	0.7746666666666666	0.8693333333333333	0.792	0.8213333333333334	0.8186666666666667	0.804	0.8653333333333333	0.816	0.8813333333333333	0.776	0.844	0.8386666666666667	0.9	0.7933333333333333	0.908	0.816	0.788	0.86	0.8546666666666667	0.7853333333333333	0.876	0.92	0.8426666666666667	0.8893333333333333	0.8773333333333333	0.872	0.92	0.8946666666666667	0.9706666666666667	0.868	0.8893333333333333	0.96	0.8426666666666667	0.76	0.9546666666666667	0.9106666666666666	0.8706666666666667	0.9546666666666667	0.9506666666666667	0.908	0.576	0.512	0.9613333333333334	0.444	0.5013333333333333	0.6506666666666666	0.576	0.5933333333333334	0.5413333333333333	0.528	0.46266666666666667	0.4613333333333333	0.5586666666666666	0.184	0.312	0.0	0.2813333333333333	0.26266666666666666	0.2813333333333333	0.7173333333333334	0.36133333333333334	0.6866666666666666	0.344	0.7133333333333334	0.5546666666666666	0.6666666666666666	0.5386666666666666	0.6213333333333333	0.46266666666666667	0.548	0.4653333333333333	0.5013333333333333	0.7933333333333333	0.784	0.7533333333333333	0.796	0.7133333333333334	0.7333333333333333	0.6306666666666667	0.804	0.6506666666666666	0.7826666666666666	0.7466666666666667	0.7573333333333333	0.7306666666666667	0.7786666666666666	0.8613333333333333	0.728	0.66	0.7053333333333334	0.652	0.7653333333333333	0.7253333333333334	0.7893333333333333	0.744	0.7026666666666667	0.712	0.8026666666666666	0.8413333333333334	0.7613333333333333	0.7026666666666667	0.6893333333333334	0.6426666666666667	0.7546666666666667	0.8746666666666667	0.788	0.904	0.7973333333333333	0.808	0.7853333333333333	0.8413333333333334	0.6733333333333333	0.8333333333333334	0.7506666666666667	0.7813333333333333	0.8173333333333334	0.852	0.8653333333333333	0.8333333333333334	0.8026666666666666	0.872	0.7093333333333334	0.6973333333333334	0.8293333333333334	0.8053333333333333	0.948	0.8026666666666666	0.6973333333333334	0.7453333333333333	0.78	0.8186666666666667	0.8906666666666667	0.7173333333333334	0.7773333333333333	0.7693333333333333	0.9386666666666666	0.6426666666666667	0.776	0.944	0.888	0.7	0.92	0.7506666666666667	0.8946666666666667	0.8986666666666666	0.7746666666666666	0.716	0.8053333333333333	0.8733333333333333	0.84	0.84	0.8346666666666667	0.8626666666666667	0.788	0.8573333333333333	0.6293333333333333	0.908	0.9013333333333333	0.6506666666666666	0.892	0.8826666666666667	0.9293333333333333	0.8026666666666666	0.8946666666666667	0.7173333333333334	0.8453333333333334	0.9026666666666666	0.7146666666666667	0.8533333333333334	0.6413333333333333	0.8906666666666667
S2017t1_E17-T1a-Female	0.6466666666666666	0.86	0.8346666666666667	0.7666666666666667	0.9026666666666666	0.816	0.8866666666666667	0.784	0.912	0.6973333333333334	0.9333333333333333	0.6786666666666666	0.868	0.9253333333333333	0.8653333333333333	0.848	0.9586666666666667	0.9573333333333334	0.7933333333333333	0.9213333333333333	0.864	0.9573333333333334	0.84	0.8333333333333334	0.952	0.892	0.92	0.868	0.8986666666666666	0.9026666666666666	0.9173333333333333	0.8813333333333333	0.904	0.9066666666666666	0.9026666666666666	0.8933333333333333	0.9306666666666666	0.912	0.944	0.9	0.9333333333333333	0.896	0.8346666666666667	0.8426666666666667	0.9266666666666666	0.8413333333333334	0.876	0.8733333333333333	0.8546666666666667	0.9186666666666666	0.8426666666666667	0.916	0.852	0.892	0.884	0.9346666666666666	0.852	0.9333333333333333	0.8493333333333334	0.8906666666666667	0.9013333333333333	0.904	0.84	0.9146666666666666	0.9213333333333333	0.872	0.868	0.8973333333333333	0.8746666666666667	0.8853333333333333	0.876	0.948	0.9026666666666666	0.928	0.9386666666666666	0.9106666666666666	0.8413333333333334	0.9266666666666666	0.9013333333333333	0.888	0.92	0.9093333333333333	0.9333333333333333	0.5453333333333333	0.6093333333333333	0.876	0.43866666666666665	0.576	0.72	0.664	0.7	0.5626666666666666	0.5026666666666667	0.49733333333333335	0.45466666666666666	0.5813333333333334	0.308	0.41333333333333333	0.2813333333333333	0.0	0.25733333333333336	0.3333333333333333	0.6053333333333333	0.42533333333333334	0.7853333333333333	0.47333333333333333	0.7653333333333333	0.628	0.736	0.5893333333333334	0.6933333333333334	0.468	0.6653333333333333	0.52	0.544	0.8173333333333334	0.8693333333333333	0.8386666666666667	0.8746666666666667	0.8053333333333333	0.8546666666666667	0.764	0.8746666666666667	0.784	0.86	0.8066666666666666	0.856	0.7906666666666666	0.8506666666666667	0.8946666666666667	0.8266666666666667	0.7853333333333333	0.8266666666666667	0.7693333333333333	0.852	0.832	0.86	0.8533333333333334	0.8186666666666667	0.7786666666666666	0.8666666666666667	0.8373333333333334	0.844	0.8226666666666667	0.804	0.7546666666666667	0.8426666666666667	0.8613333333333333	0.86	0.8826666666666667	0.836	0.848	0.8413333333333334	0.8613333333333333	0.7693333333333333	0.8653333333333333	0.8093333333333333	0.8413333333333334	0.8573333333333333	0.8733333333333333	0.876	0.844	0.8493333333333334	0.8693333333333333	0.8013333333333333	0.772	0.8333333333333334	0.8466666666666667	0.9213333333333333	0.8293333333333334	0.78	0.8133333333333334	0.8306666666666667	0.856	0.9053333333333333	0.8	0.836	0.8213333333333334	0.9693333333333334	0.66	0.8546666666666667	0.9466666666666667	0.9226666666666666	0.6733333333333333	0.9426666666666667	0.8186666666666667	0.916	0.9146666666666666	0.772	0.8066666666666666	0.8546666666666667	0.8813333333333333	0.8546666666666667	0.8626666666666667	0.868	0.8986666666666666	0.868	0.8573333333333333	0.6933333333333334	0.928	0.928	0.644	0.896	0.8946666666666667	0.96	0.852	0.9226666666666666	0.7666666666666667	0.8426666666666667	0.9026666666666666	0.668	0.8893333333333333	0.6653333333333333	0.9226666666666666
S2017t1_E17-T1a-Male	0.772	0.8266666666666667	0.816	0.7653333333333333	0.8973333333333333	0.8146666666666667	0.8733333333333333	0.7786666666666666	0.8933333333333333	0.7786666666666666	0.9146666666666666	0.652	0.8786666666666667	0.908	0.856	0.836	0.9573333333333334	0.9706666666666667	0.8	0.912	0.8506666666666667	0.956	0.828	0.82	0.9506666666666667	0.8826666666666667	0.936	0.856	0.9093333333333333	0.9053333333333333	0.9053333333333333	0.868	0.912	0.9253333333333333	0.9186666666666666	0.904	0.9213333333333333	0.8933333333333333	0.92	0.8853333333333333	0.9173333333333333	0.8733333333333333	0.8453333333333334	0.8293333333333334	0.912	0.8493333333333334	0.876	0.8733333333333333	0.8413333333333334	0.904	0.8373333333333334	0.8933333333333333	0.844	0.8706666666666667	0.8626666666666667	0.9333333333333333	0.8506666666666667	0.9173333333333333	0.84	0.876	0.8893333333333333	0.8986666666666666	0.8293333333333334	0.904	0.9106666666666666	0.86	0.8666666666666667	0.8746666666666667	0.8306666666666667	0.9	0.8813333333333333	0.9306666666666666	0.8866666666666667	0.9186666666666666	0.952	0.9013333333333333	0.8293333333333334	0.9293333333333333	0.88	0.8906666666666667	0.9293333333333333	0.9186666666666666	0.9306666666666666	0.628	0.6613333333333333	0.8866666666666667	0.5746666666666667	0.5373333333333333	0.712	0.6333333333333333	0.6706666666666666	0.5013333333333333	0.528	0.5653333333333334	0.5866666666666667	0.5653333333333334	0.27066666666666667	0.39866666666666667	0.26266666666666666	0.25733333333333336	0.0	0.25866666666666666	0.6013333333333334	0.5026666666666667	0.7693333333333333	0.5093333333333333	0.7413333333333333	0.6386666666666667	0.7066666666666667	0.6213333333333333	0.684	0.5866666666666667	0.6426666666666667	0.636	0.5173333333333333	0.8	0.832	0.8093333333333333	0.8306666666666667	0.7813333333333333	0.8146666666666667	0.756	0.8373333333333334	0.756	0.8426666666666667	0.7733333333333333	0.828	0.7693333333333333	0.832	0.876	0.8093333333333333	0.7706666666666667	0.8	0.732	0.8266666666666667	0.8106666666666666	0.8253333333333334	0.8346666666666667	0.8013333333333333	0.7453333333333333	0.8426666666666667	0.8226666666666667	0.812	0.8013333333333333	0.776	0.7413333333333333	0.8346666666666667	0.8333333333333334	0.8426666666666667	0.8786666666666667	0.8013333333333333	0.8253333333333334	0.8146666666666667	0.8466666666666667	0.7653333333333333	0.844	0.7853333333333333	0.8106666666666666	0.8346666666666667	0.848	0.852	0.8173333333333334	0.8333333333333334	0.86	0.7706666666666667	0.756	0.808	0.8293333333333334	0.9226666666666666	0.7973333333333333	0.7573333333333333	0.7906666666666666	0.808	0.836	0.8973333333333333	0.7813333333333333	0.8293333333333334	0.8133333333333334	0.964	0.672	0.8426666666666667	0.952	0.9213333333333333	0.7933333333333333	0.94	0.8053333333333333	0.9173333333333333	0.9173333333333333	0.7666666666666667	0.7893333333333333	0.8346666666666667	0.868	0.8413333333333334	0.8573333333333333	0.8426666666666667	0.888	0.836	0.8453333333333334	0.7186666666666667	0.9146666666666666	0.9293333333333333	0.7386666666666667	0.8893333333333333	0.88	0.9546666666666667	0.8253333333333334	0.92	0.7493333333333333	0.836	0.8733333333333333	0.7866666666666666	0.8853333333333333	0.7693333333333333	0.9106666666666666
S2017t1_E17-T1b-Female	0.7693333333333333	0.8706666666666667	0.8213333333333334	0.72	0.8746666666666667	0.8293333333333334	0.8586666666666667	0.8186666666666667	0.932	0.7626666666666667	0.9586666666666667	0.6933333333333334	0.888	0.9306666666666666	0.8693333333333333	0.86	0.9546666666666667	0.976	0.8066666666666666	0.9133333333333333	0.8573333333333333	0.9586666666666667	0.8306666666666667	0.8293333333333334	0.9586666666666667	0.8666666666666667	0.9346666666666666	0.8893333333333333	0.9293333333333333	0.9333333333333333	0.928	0.8826666666666667	0.9306666666666666	0.9226666666666666	0.8933333333333333	0.9173333333333333	0.9	0.8693333333333333	0.8986666666666666	0.8653333333333333	0.8973333333333333	0.8546666666666667	0.7973333333333333	0.848	0.9346666666666666	0.848	0.884	0.8733333333333333	0.808	0.8813333333333333	0.816	0.8773333333333333	0.82	0.8586666666666667	0.8626666666666667	0.9386666666666666	0.8173333333333334	0.9133333333333333	0.844	0.8666666666666667	0.8773333333333333	0.8973333333333333	0.8173333333333334	0.8946666666666667	0.932	0.892	0.9	0.9013333333333333	0.8706666666666667	0.8986666666666666	0.924	0.928	0.8693333333333333	0.9333333333333333	0.944	0.8933333333333333	0.8253333333333334	0.948	0.8933333333333333	0.8973333333333333	0.932	0.9106666666666666	0.944	0.5946666666666667	0.58	0.9	0.5653333333333334	0.5346666666666666	0.656	0.6173333333333333	0.6	0.5066666666666667	0.5733333333333334	0.5173333333333333	0.5346666666666666	0.572	0.308	0.3626666666666667	0.2813333333333333	0.3333333333333333	0.25866666666666666	0.0	0.632	0.42533333333333334	0.708	0.4573333333333333	0.7253333333333334	0.6706666666666666	0.7386666666666667	0.6466666666666666	0.668	0.5893333333333334	0.6586666666666666	0.644	0.5866666666666667	0.8053333333333333	0.8533333333333334	0.8346666666666667	0.8466666666666667	0.792	0.844	0.7133333333333334	0.8626666666666667	0.74	0.8493333333333334	0.8053333333333333	0.8453333333333334	0.744	0.816	0.9133333333333333	0.8053333333333333	0.72	0.808	0.7506666666666667	0.8506666666666667	0.812	0.824	0.8386666666666667	0.7986666666666666	0.7826666666666666	0.856	0.816	0.8333333333333334	0.8106666666666666	0.788	0.7186666666666667	0.8146666666666667	0.868	0.8626666666666667	0.8733333333333333	0.832	0.8746666666666667	0.836	0.8706666666666667	0.7746666666666666	0.8733333333333333	0.82	0.8533333333333334	0.8426666666666667	0.8613333333333333	0.864	0.8653333333333333	0.868	0.872	0.808	0.78	0.8266666666666667	0.8586666666666667	0.9026666666666666	0.8253333333333334	0.7893333333333333	0.804	0.8293333333333334	0.832	0.9	0.808	0.864	0.8346666666666667	0.9413333333333334	0.6946666666666667	0.8413333333333334	0.9653333333333334	0.88	0.7893333333333333	0.9306666666666666	0.7866666666666666	0.9053333333333333	0.9146666666666666	0.788	0.7666666666666667	0.884	0.9133333333333333	0.8493333333333334	0.836	0.8893333333333333	0.8586666666666667	0.8626666666666667	0.8413333333333334	0.7186666666666667	0.9613333333333334	0.9026666666666666	0.7693333333333333	0.928	0.892	0.932	0.86	0.9146666666666666	0.7386666666666667	0.8746666666666667	0.9066666666666666	0.78	0.8653333333333333	0.748	0.9586666666666667
S2017t1_E17-T1b-Male	0.836	0.9	0.9146666666666666	0.8386666666666667	0.92	0.8573333333333333	0.92	0.8293333333333334	0.916	0.8586666666666667	0.9213333333333333	0.7546666666666667	0.8946666666666667	0.936	0.884	0.852	0.956	0.9626666666666667	0.8426666666666667	0.9493333333333334	0.8786666666666667	0.9666666666666667	0.8933333333333333	0.8813333333333333	0.9533333333333334	0.9213333333333333	0.8813333333333333	0.8293333333333334	0.8586666666666667	0.8506666666666667	0.9106666666666666	0.8866666666666667	0.896	0.86	0.8933333333333333	0.88	0.9573333333333334	0.936	0.96	0.9253333333333333	0.956	0.9253333333333333	0.8906666666666667	0.8853333333333333	0.928	0.8973333333333333	0.9	0.9013333333333333	0.888	0.948	0.8746666666666667	0.952	0.8933333333333333	0.92	0.92	0.944	0.9106666666666666	0.944	0.9066666666666666	0.9186666666666666	0.932	0.9373333333333334	0.872	0.948	0.924	0.8786666666666667	0.86	0.9093333333333333	0.8546666666666667	0.8413333333333334	0.8426666666666667	0.9333333333333333	0.9213333333333333	0.948	0.9453333333333334	0.9386666666666666	0.892	0.8946666666666667	0.9133333333333333	0.896	0.8626666666666667	0.872	0.9506666666666667	0.7066666666666667	0.808	0.8946666666666667	0.736	0.7466666666666667	0.816	0.7933333333333333	0.7973333333333333	0.6586666666666666	0.68	0.716	0.748	0.6986666666666667	0.668	0.6626666666666666	0.7173333333333334	0.6053333333333333	0.6013333333333334	0.632	0.0	0.7053333333333334	0.8626666666666667	0.7453333333333333	0.8226666666666667	0.7866666666666666	0.776	0.7706666666666667	0.7866666666666666	0.7413333333333333	0.7773333333333333	0.7813333333333333	0.708	0.8773333333333333	0.9413333333333334	0.9226666666666666	0.9386666666666666	0.8906666666666667	0.9293333333333333	0.8946666666666667	0.9413333333333334	0.8573333333333333	0.936	0.8666666666666667	0.9266666666666666	0.8613333333333333	0.9213333333333333	0.9506666666666667	0.9106666666666666	0.892	0.896	0.86	0.9146666666666666	0.912	0.9266666666666666	0.9333333333333333	0.896	0.8973333333333333	0.9386666666666666	0.892	0.9173333333333333	0.9106666666666666	0.916	0.884	0.924	0.928	0.9186666666666666	0.9373333333333334	0.8853333333333333	0.904	0.888	0.92	0.888	0.92	0.8946666666666667	0.9213333333333333	0.912	0.9226666666666666	0.904	0.908	0.9066666666666666	0.8893333333333333	0.8826666666666667	0.8573333333333333	0.8786666666666667	0.9186666666666666	0.94	0.8946666666666667	0.8813333333333333	0.8733333333333333	0.9	0.8826666666666667	0.9213333333333333	0.872	0.904	0.8866666666666667	0.9866666666666667	0.8106666666666666	0.9173333333333333	0.968	0.944	0.8666666666666667	0.972	0.8506666666666667	0.948	0.948	0.844	0.8533333333333334	0.8733333333333333	0.888	0.8773333333333333	0.8826666666666667	0.884	0.9293333333333333	0.892	0.9186666666666666	0.8613333333333333	0.928	0.9613333333333334	0.7973333333333333	0.8893333333333333	0.9173333333333333	0.9773333333333334	0.9	0.9493333333333334	0.8306666666666667	0.8586666666666667	0.9146666666666666	0.852	0.9213333333333333	0.8493333333333334	0.92
S2017t1_E19-T1a-Female	0.6826666666666666	0.7973333333333333	0.7746666666666666	0.5866666666666667	0.824	0.7613333333333333	0.8066666666666666	0.7986666666666666	0.8946666666666667	0.652	0.888	0.6573333333333333	0.8746666666666667	0.8866666666666667	0.7506666666666667	0.732	0.9253333333333333	0.9733333333333334	0.7653333333333333	0.888	0.7946666666666666	0.9373333333333334	0.7106666666666667	0.6533333333333333	0.9386666666666666	0.788	0.9626666666666667	0.8906666666666667	0.9333333333333333	0.9266666666666666	0.8946666666666667	0.876	0.9306666666666666	0.9493333333333334	0.9373333333333334	0.912	0.8546666666666667	0.8213333333333334	0.856	0.808	0.844	0.7693333333333333	0.6226666666666667	0.696	0.868	0.6746666666666666	0.7426666666666667	0.7186666666666667	0.7453333333333333	0.8146666666666667	0.7706666666666667	0.8333333333333334	0.7066666666666667	0.7586666666666667	0.764	0.8186666666666667	0.664	0.884	0.6773333333333333	0.7093333333333334	0.8053333333333333	0.8146666666666667	0.716	0.828	0.8746666666666667	0.7933333333333333	0.8346666666666667	0.7866666666666666	0.864	0.8866666666666667	0.872	0.956	0.8186666666666667	0.8666666666666667	0.932	0.7986666666666666	0.7453333333333333	0.9453333333333334	0.8893333333333333	0.7533333333333333	0.9306666666666666	0.9466666666666667	0.8973333333333333	0.5666666666666667	0.3933333333333333	0.948	0.44533333333333336	0.44	0.528	0.48933333333333334	0.49333333333333335	0.5213333333333333	0.46	0.2613333333333333	0.336	0.544	0.44133333333333336	0.34933333333333333	0.36133333333333334	0.42533333333333334	0.5026666666666667	0.42533333333333334	0.7053333333333334	0.0	0.5906666666666667	0.38266666666666665	0.5893333333333334	0.444	0.5066666666666667	0.436	0.48133333333333334	0.4573333333333333	0.4826666666666667	0.4666666666666667	0.43733333333333335	0.7946666666666666	0.7746666666666666	0.744	0.8186666666666667	0.7	0.7706666666666667	0.5386666666666666	0.856	0.596	0.772	0.728	0.7	0.712	0.7666666666666667	0.9053333333333333	0.728	0.64	0.6653333333333333	0.6106666666666667	0.756	0.716	0.7866666666666666	0.7306666666666667	0.6906666666666667	0.7466666666666667	0.844	0.8013333333333333	0.7613333333333333	0.6613333333333333	0.684	0.58	0.7693333333333333	0.8866666666666667	0.768	0.896	0.8493333333333334	0.832	0.8146666666666667	0.8693333333333333	0.7266666666666667	0.8506666666666667	0.752	0.7893333333333333	0.8506666666666667	0.8813333333333333	0.8933333333333333	0.8386666666666667	0.8333333333333334	0.8533333333333334	0.6893333333333334	0.7173333333333334	0.8533333333333334	0.7853333333333333	0.9186666666666666	0.7933333333333333	0.6213333333333333	0.7706666666666667	0.7986666666666666	0.7466666666666667	0.8653333333333333	0.6466666666666666	0.8	0.7893333333333333	0.8906666666666667	0.692	0.6026666666666667	0.8813333333333333	0.8573333333333333	0.696	0.9053333333333333	0.6106666666666667	0.8466666666666667	0.876	0.7573333333333333	0.6186666666666667	0.756	0.852	0.7493333333333333	0.8226666666666667	0.7773333333333333	0.792	0.688	0.7786666666666666	0.66	0.8733333333333333	0.896	0.596	0.8693333333333333	0.8146666666666667	0.8813333333333333	0.7653333333333333	0.8186666666666667	0.644	0.7973333333333333	0.876	0.708	0.7626666666666667	0.5973333333333334	0.8613333333333333
S2017t1_E19-T1a-Male	0.892	0.8066666666666666	0.82	0.696	0.8826666666666667	0.7813333333333333	0.8453333333333334	0.9186666666666666	0.8973333333333333	0.86	0.9026666666666666	0.776	0.908	0.8986666666666666	0.8186666666666667	0.804	0.944	0.9733333333333334	0.8786666666666667	0.8946666666666667	0.8186666666666667	0.9493333333333334	0.7733333333333333	0.7693333333333333	0.94	0.828	0.9666666666666667	0.9106666666666666	0.9546666666666667	0.9453333333333334	0.8973333333333333	0.896	0.9373333333333334	0.9546666666666667	0.956	0.9253333333333333	0.8933333333333333	0.8613333333333333	0.8893333333333333	0.844	0.8786666666666667	0.8066666666666666	0.7506666666666667	0.776	0.868	0.7506666666666667	0.8106666666666666	0.784	0.7893333333333333	0.832	0.836	0.8693333333333333	0.7573333333333333	0.8226666666666667	0.7946666666666666	0.8746666666666667	0.7733333333333333	0.8986666666666666	0.7733333333333333	0.788	0.844	0.844	0.82	0.8653333333333333	0.9093333333333333	0.864	0.884	0.8426666666666667	0.884	0.8906666666666667	0.8813333333333333	0.9693333333333334	0.8546666666666667	0.888	0.952	0.824	0.7546666666666667	0.9493333333333334	0.8946666666666667	0.8413333333333334	0.9426666666666667	0.9506666666666667	0.908	0.788	0.7173333333333334	0.9546666666666667	0.7493333333333333	0.6933333333333334	0.6826666666666666	0.6893333333333334	0.6693333333333333	0.7586666666666667	0.728	0.6533333333333333	0.676	0.78	0.7586666666666667	0.6506666666666666	0.6866666666666666	0.7853333333333333	0.7693333333333333	0.708	0.8626666666666667	0.5906666666666667	0.0	0.7293333333333333	0.6826666666666666	0.7533333333333333	0.712	0.7666666666666667	0.7053333333333334	0.7346666666666667	0.6973333333333334	0.7426666666666667	0.7026666666666667	0.8626666666666667	0.8466666666666667	0.8213333333333334	0.876	0.772	0.816	0.6706666666666666	0.892	0.736	0.8333333333333334	0.8	0.7853333333333333	0.7866666666666666	0.8293333333333334	0.9453333333333334	0.7786666666666666	0.7213333333333334	0.7626666666666667	0.7253333333333334	0.8213333333333334	0.7613333333333333	0.828	0.7866666666666666	0.748	0.7906666666666666	0.884	0.8613333333333333	0.8333333333333334	0.7306666666666667	0.7573333333333333	0.668	0.8146666666666667	0.932	0.852	0.9413333333333334	0.92	0.8826666666666667	0.8693333333333333	0.924	0.7813333333333333	0.904	0.816	0.848	0.9013333333333333	0.9266666666666666	0.948	0.888	0.88	0.9026666666666666	0.776	0.8506666666666667	0.912	0.8506666666666667	0.9506666666666667	0.864	0.7586666666666667	0.8213333333333334	0.852	0.8293333333333334	0.9066666666666666	0.7973333333333333	0.8546666666666667	0.844	0.9226666666666666	0.856	0.7106666666666667	0.9266666666666666	0.8613333333333333	0.896	0.916	0.7573333333333333	0.8786666666666667	0.8746666666666667	0.88	0.692	0.776	0.8706666666666667	0.8133333333333334	0.88	0.796	0.8333333333333334	0.7546666666666667	0.856	0.8613333333333333	0.8826666666666667	0.888	0.836	0.8786666666666667	0.852	0.9133333333333333	0.7786666666666666	0.8626666666666667	0.7733333333333333	0.8133333333333334	0.9	0.904	0.816	0.82	0.8693333333333333
S2017t1_E19-T1b-Female	0.6493333333333333	0.816	0.84	0.748	0.8786666666666667	0.804	0.8706666666666667	0.7973333333333333	0.9026666666666666	0.6533333333333333	0.9093333333333333	0.7093333333333334	0.888	0.9053333333333333	0.7906666666666666	0.8253333333333334	0.9226666666666666	0.9813333333333333	0.764	0.9093333333333333	0.82	0.9546666666666667	0.8173333333333334	0.7973333333333333	0.9333333333333333	0.832	0.9733333333333334	0.8826666666666667	0.9173333333333333	0.9546666666666667	0.9146666666666666	0.892	0.9426666666666667	0.96	0.9466666666666667	0.9266666666666666	0.904	0.876	0.9066666666666666	0.84	0.8893333333333333	0.82	0.8186666666666667	0.812	0.876	0.86	0.82	0.824	0.8066666666666666	0.868	0.7906666666666666	0.892	0.768	0.8293333333333334	0.792	0.892	0.856	0.896	0.8226666666666667	0.792	0.8466666666666667	0.868	0.7866666666666666	0.852	0.9066666666666666	0.8413333333333334	0.884	0.8546666666666667	0.8653333333333333	0.9093333333333333	0.9026666666666666	0.972	0.8786666666666667	0.848	0.9426666666666667	0.8613333333333333	0.7986666666666666	0.9586666666666667	0.9026666666666666	0.8546666666666667	0.94	0.956	0.8786666666666667	0.6186666666666667	0.6266666666666667	0.9733333333333334	0.5226666666666666	0.5573333333333333	0.6706666666666666	0.664	0.6666666666666666	0.5946666666666667	0.5533333333333333	0.5053333333333333	0.4746666666666667	0.608	0.38533333333333336	0.512	0.344	0.47333333333333333	0.5093333333333333	0.4573333333333333	0.7453333333333333	0.38266666666666665	0.7293333333333333	0.0	0.7106666666666667	0.6306666666666667	0.6626666666666666	0.5613333333333334	0.6546666666666666	0.49866666666666665	0.612	0.48533333333333334	0.5626666666666666	0.8613333333333333	0.8426666666666667	0.8133333333333334	0.8586666666666667	0.784	0.8026666666666666	0.7466666666666667	0.868	0.72	0.8333333333333334	0.7893333333333333	0.7973333333333333	0.8013333333333333	0.8426666666666667	0.932	0.7973333333333333	0.7973333333333333	0.7746666666666666	0.7226666666666667	0.8146666666666667	0.7826666666666666	0.8333333333333334	0.816	0.788	0.8013333333333333	0.872	0.8533333333333334	0.8253333333333334	0.7773333333333333	0.804	0.7253333333333334	0.8026666666666666	0.896	0.8226666666666667	0.9146666666666666	0.8666666666666667	0.8493333333333334	0.832	0.8853333333333333	0.8093333333333333	0.8773333333333333	0.78	0.8133333333333334	0.88	0.8973333333333333	0.9213333333333333	0.848	0.852	0.8706666666666667	0.756	0.7346666666666667	0.8706666666666667	0.8573333333333333	0.9306666666666666	0.8213333333333334	0.7653333333333333	0.796	0.8146666666666667	0.824	0.8773333333333333	0.78	0.8413333333333334	0.836	0.9453333333333334	0.7106666666666667	0.744	0.9053333333333333	0.9066666666666666	0.6653333333333333	0.9346666666666666	0.8146666666666667	0.9013333333333333	0.908	0.768	0.76	0.7373333333333333	0.8706666666666667	0.8533333333333334	0.844	0.808	0.8746666666666667	0.812	0.8066666666666666	0.692	0.8786666666666667	0.92	0.616	0.88	0.9013333333333333	0.936	0.7813333333333333	0.8906666666666667	0.7093333333333334	0.8266666666666667	0.8906666666666667	0.6773333333333333	0.8493333333333334	0.6106666666666667	0.8386666666666667
S2017t1_E19-T1b-Male	0.8693333333333333	0.8213333333333334	0.812	0.7333333333333333	0.8746666666666667	0.8133333333333334	0.8386666666666667	0.892	0.9	0.8293333333333334	0.8906666666666667	0.7706666666666667	0.884	0.8373333333333334	0.8226666666666667	0.7786666666666666	0.9373333333333334	0.968	0.812	0.804	0.7853333333333333	0.94	0.7266666666666667	0.7053333333333334	0.9426666666666667	0.8426666666666667	0.9613333333333334	0.8986666666666666	0.956	0.944	0.8946666666666667	0.8706666666666667	0.9346666666666666	0.952	0.932	0.9186666666666666	0.9133333333333333	0.8786666666666667	0.9093333333333333	0.864	0.8946666666666667	0.8266666666666667	0.748	0.7893333333333333	0.8666666666666667	0.744	0.7533333333333333	0.7706666666666667	0.7826666666666666	0.86	0.84	0.864	0.7493333333333333	0.8013333333333333	0.788	0.8773333333333333	0.7293333333333333	0.8626666666666667	0.6546666666666666	0.756	0.8626666666666667	0.86	0.808	0.8853333333333333	0.8706666666666667	0.8373333333333334	0.8253333333333334	0.8093333333333333	0.8453333333333334	0.8813333333333333	0.872	0.744	0.8653333333333333	0.8786666666666667	0.9506666666666667	0.8386666666666667	0.756	0.948	0.5893333333333334	0.7986666666666666	0.944	0.9493333333333334	0.9066666666666666	0.756	0.7186666666666667	0.952	0.724	0.608	0.568	0.604	0.5466666666666666	0.744	0.6613333333333333	0.6386666666666667	0.6306666666666667	0.6853333333333333	0.7493333333333333	0.664	0.7133333333333334	0.7653333333333333	0.7413333333333333	0.7253333333333334	0.8226666666666667	0.5893333333333334	0.6826666666666666	0.7106666666666667	0.0	0.6973333333333334	0.6826666666666666	0.704	0.6453333333333333	0.7293333333333333	0.6506666666666666	0.736	0.7	0.876	0.8386666666666667	0.836	0.848	0.78	0.8173333333333334	0.724	0.8906666666666667	0.7786666666666666	0.8533333333333334	0.82	0.8253333333333334	0.6986666666666667	0.804	0.8866666666666667	0.7493333333333333	0.764	0.8026666666666666	0.7253333333333334	0.8413333333333334	0.7186666666666667	0.7746666666666666	0.7266666666666667	0.764	0.7853333333333333	0.8653333333333333	0.856	0.8026666666666666	0.7506666666666667	0.796	0.724	0.8293333333333334	0.8586666666666667	0.8266666666666667	0.896	0.8853333333333333	0.828	0.872	0.856	0.7933333333333333	0.8333333333333334	0.8173333333333334	0.836	0.8773333333333333	0.888	0.8826666666666667	0.86	0.8533333333333334	0.812	0.6613333333333333	0.8293333333333334	0.7373333333333333	0.8306666666666667	0.5853333333333334	0.804	0.752	0.812	0.8533333333333334	0.7893333333333333	0.896	0.7653333333333333	0.74	0.744	0.9306666666666666	0.832	0.7493333333333333	0.884	0.876	0.8733333333333333	0.9186666666666666	0.8	0.8866666666666667	0.8826666666666667	0.852	0.744	0.7893333333333333	0.856	0.7733333333333333	0.8506666666666667	0.8026666666666666	0.7466666666666667	0.772	0.816	0.8173333333333334	0.8813333333333333	0.888	0.7773333333333333	0.8746666666666667	0.844	0.9213333333333333	0.8026666666666666	0.86	0.7813333333333333	0.804	0.7573333333333333	0.8786666666666667	0.8026666666666666	0.8053333333333333	0.8706666666666667
S2017t1_E23-T1a-Female	0.7053333333333334	0.796	0.66	0.7093333333333334	0.812	0.7786666666666666	0.7866666666666666	0.712	0.8146666666666667	0.6866666666666666	0.8266666666666667	0.66	0.86	0.9186666666666666	0.788	0.7786666666666666	0.948	0.9746666666666667	0.8946666666666667	0.8893333333333333	0.828	0.936	0.792	0.7413333333333333	0.94	0.764	0.9533333333333334	0.8506666666666667	0.94	0.916	0.8853333333333333	0.86	0.9186666666666666	0.9426666666666667	0.932	0.8866666666666667	0.8613333333333333	0.86	0.8626666666666667	0.836	0.86	0.8026666666666666	0.7493333333333333	0.8133333333333334	0.8946666666666667	0.7733333333333333	0.8293333333333334	0.7613333333333333	0.7373333333333333	0.82	0.7586666666666667	0.8253333333333334	0.692	0.7533333333333333	0.792	0.8293333333333334	0.7653333333333333	0.8973333333333333	0.7453333333333333	0.664	0.7853333333333333	0.776	0.7066666666666667	0.7973333333333333	0.8733333333333333	0.8373333333333334	0.8146666666666667	0.7906666666666666	0.816	0.8693333333333333	0.8373333333333334	0.9466666666666667	0.836	0.8813333333333333	0.9306666666666666	0.788	0.784	0.9306666666666666	0.888	0.6933333333333334	0.9293333333333333	0.9293333333333333	0.8853333333333333	0.6933333333333334	0.5453333333333333	0.9346666666666666	0.572	0.476	0.6066666666666667	0.572	0.588	0.7066666666666667	0.484	0.376	0.43733333333333335	0.6946666666666667	0.552	0.528	0.5546666666666666	0.628	0.6386666666666667	0.6706666666666666	0.7866666666666666	0.444	0.7533333333333333	0.6306666666666667	0.6973333333333334	0.0	0.348	0.31466666666666665	0.356	0.492	0.43333333333333335	0.4653333333333333	0.404	0.692	0.6706666666666666	0.66	0.7293333333333333	0.6306666666666667	0.6746666666666666	0.56	0.8013333333333333	0.584	0.7346666666666667	0.624	0.6266666666666667	0.608	0.6493333333333333	0.848	0.6493333333333333	0.6293333333333333	0.608	0.5933333333333334	0.6906666666666667	0.6706666666666666	0.7973333333333333	0.6386666666666667	0.588	0.684	0.7253333333333334	0.7986666666666666	0.68	0.5933333333333334	0.676	0.5693333333333334	0.6706666666666666	0.864	0.6946666666666667	0.8746666666666667	0.7813333333333333	0.7906666666666666	0.788	0.8173333333333334	0.6906666666666667	0.8013333333333333	0.732	0.7306666666666667	0.8066666666666666	0.8333333333333334	0.7773333333333333	0.8453333333333334	0.7253333333333334	0.8826666666666667	0.62	0.7146666666666667	0.7693333333333333	0.7093333333333334	0.9306666666666666	0.8146666666666667	0.62	0.708	0.776	0.772	0.8986666666666666	0.636	0.7493333333333333	0.6986666666666667	0.8786666666666667	0.5466666666666666	0.668	0.86	0.8546666666666667	0.736	0.888	0.7266666666666667	0.8106666666666666	0.8573333333333333	0.7413333333333333	0.6693333333333333	0.716	0.816	0.672	0.8146666666666667	0.7906666666666666	0.7906666666666666	0.6666666666666666	0.756	0.536	0.7826666666666666	0.8826666666666667	0.6	0.7733333333333333	0.724	0.856	0.7813333333333333	0.792	0.672	0.7746666666666666	0.804	0.7213333333333334	0.7506666666666667	0.6253333333333333	0.7666666666666667
S2017t1_E23-T1a-Male	0.8026666666666666	0.784	0.7746666666666666	0.7146666666666667	0.8013333333333333	0.7733333333333333	0.7813333333333333	0.7986666666666666	0.8426666666666667	0.7826666666666666	0.8306666666666667	0.6813333333333333	0.88	0.9	0.7973333333333333	0.7813333333333333	0.9506666666666667	0.9786666666666667	0.8626666666666667	0.9053333333333333	0.8253333333333334	0.9493333333333334	0.808	0.7386666666666667	0.9546666666666667	0.7426666666666667	0.9653333333333334	0.8653333333333333	0.948	0.9266666666666666	0.9026666666666666	0.888	0.9293333333333333	0.968	0.9653333333333334	0.9213333333333333	0.8333333333333334	0.8186666666666667	0.832	0.7933333333333333	0.824	0.7666666666666667	0.74	0.8066666666666666	0.8706666666666667	0.7933333333333333	0.8226666666666667	0.7733333333333333	0.74	0.8	0.7426666666666667	0.8013333333333333	0.6773333333333333	0.74	0.8026666666666666	0.864	0.78	0.9026666666666666	0.756	0.6173333333333333	0.7546666666666667	0.7586666666666667	0.6973333333333334	0.7773333333333333	0.88	0.828	0.8173333333333334	0.796	0.8173333333333334	0.908	0.8493333333333334	0.9626666666666667	0.7933333333333333	0.8746666666666667	0.9333333333333333	0.768	0.7453333333333333	0.9466666666666667	0.9	0.7373333333333333	0.9533333333333334	0.9546666666666667	0.9053333333333333	0.7773333333333333	0.656	0.9706666666666667	0.6613333333333333	0.548	0.6093333333333333	0.5773333333333334	0.58	0.704	0.5493333333333333	0.456	0.5346666666666666	0.7266666666666667	0.6746666666666666	0.6026666666666667	0.6666666666666666	0.736	0.7066666666666667	0.7386666666666667	0.776	0.5066666666666667	0.712	0.6626666666666666	0.6826666666666666	0.348	0.0	0.38133333333333336	0.30533333333333335	0.6786666666666666	0.5453333333333333	0.6493333333333333	0.5693333333333334	0.7786666666666666	0.7666666666666667	0.7306666666666667	0.8413333333333334	0.6946666666666667	0.7746666666666666	0.6413333333333333	0.8533333333333334	0.6973333333333334	0.74	0.7053333333333334	0.7253333333333334	0.7133333333333334	0.744	0.9186666666666666	0.7253333333333334	0.732	0.6893333333333334	0.7053333333333334	0.788	0.7066666666666667	0.816	0.7586666666666667	0.6853333333333333	0.7533333333333333	0.848	0.8093333333333333	0.7453333333333333	0.6626666666666666	0.72	0.6426666666666667	0.7466666666666667	0.9013333333333333	0.7933333333333333	0.9	0.8866666666666667	0.8666666666666667	0.8586666666666667	0.9173333333333333	0.7613333333333333	0.8706666666666667	0.816	0.824	0.872	0.9066666666666666	0.8973333333333333	0.8693333333333333	0.8546666666666667	0.8746666666666667	0.7	0.8213333333333334	0.8813333333333333	0.8053333333333333	0.94	0.844	0.724	0.8133333333333334	0.8226666666666667	0.784	0.9013333333333333	0.6293333333333333	0.7933333333333333	0.8146666666666667	0.868	0.7333333333333333	0.6306666666666667	0.872	0.8653333333333333	0.8346666666666667	0.9093333333333333	0.736	0.8373333333333334	0.8746666666666667	0.8013333333333333	0.672	0.712	0.8386666666666667	0.6826666666666666	0.8346666666666667	0.7746666666666666	0.7826666666666666	0.6426666666666667	0.7586666666666667	0.7453333333333333	0.8106666666666666	0.9053333333333333	0.6773333333333333	0.804	0.744	0.8586666666666667	0.764	0.7746666666666666	0.668	0.7866666666666666	0.8346666666666667	0.832	0.748	0.724	0.8013333333333333
S2017t1_E23-T1b-Female	0.6933333333333334	0.8373333333333334	0.7346666666666667	0.7573333333333333	0.7573333333333333	0.824	0.7026666666666667	0.7706666666666667	0.8733333333333333	0.672	0.868	0.6893333333333334	0.872	0.9106666666666666	0.8186666666666667	0.8226666666666667	0.9346666666666666	0.976	0.848	0.8946666666666667	0.8333333333333334	0.9346666666666666	0.8413333333333334	0.768	0.9266666666666666	0.664	0.9546666666666667	0.868	0.9266666666666666	0.9106666666666666	0.8893333333333333	0.8786666666666667	0.92	0.948	0.9333333333333333	0.9053333333333333	0.812	0.772	0.756	0.7266666666666667	0.7613333333333333	0.6866666666666666	0.816	0.8533333333333334	0.8946666666666667	0.848	0.8666666666666667	0.8213333333333334	0.632	0.7026666666666667	0.636	0.7853333333333333	0.596	0.6413333333333333	0.8306666666666667	0.8866666666666667	0.8346666666666667	0.8893333333333333	0.804	0.5946666666666667	0.6906666666666667	0.6906666666666667	0.6093333333333333	0.7466666666666667	0.8666666666666667	0.828	0.8053333333333333	0.7986666666666666	0.8226666666666667	0.896	0.852	0.9506666666666667	0.7266666666666667	0.8693333333333333	0.9053333333333333	0.7746666666666666	0.7826666666666666	0.9253333333333333	0.884	0.7973333333333333	0.936	0.9386666666666666	0.8866666666666667	0.6746666666666666	0.588	0.9506666666666667	0.5866666666666667	0.52	0.656	0.5306666666666666	0.6373333333333333	0.688	0.5266666666666666	0.4066666666666667	0.48133333333333334	0.6746666666666666	0.5693333333333334	0.5093333333333333	0.5386666666666666	0.5893333333333334	0.6213333333333333	0.6466666666666666	0.7706666666666667	0.436	0.7666666666666667	0.5613333333333334	0.704	0.31466666666666665	0.38133333333333336	0.0	0.332	0.532	0.556	0.536	0.5293333333333333	0.712	0.652	0.6226666666666667	0.8053333333333333	0.6133333333333333	0.752	0.5626666666666666	0.8146666666666667	0.6946666666666667	0.64	0.6826666666666666	0.728	0.6213333333333333	0.6106666666666667	0.8786666666666667	0.7266666666666667	0.7	0.7106666666666667	0.704	0.7893333333333333	0.656	0.804	0.768	0.5946666666666667	0.748	0.8093333333333333	0.8013333333333333	0.7213333333333334	0.6106666666666667	0.632	0.6386666666666667	0.7213333333333334	0.8453333333333334	0.7746666666666666	0.8653333333333333	0.8386666666666667	0.828	0.8333333333333334	0.8693333333333333	0.804	0.8226666666666667	0.784	0.8013333333333333	0.8213333333333334	0.8626666666666667	0.852	0.8413333333333334	0.8106666666666666	0.8666666666666667	0.7333333333333333	0.7706666666666667	0.8333333333333334	0.7853333333333333	0.9146666666666666	0.7973333333333333	0.7293333333333333	0.764	0.784	0.7813333333333333	0.9053333333333333	0.7106666666666667	0.7853333333333333	0.804	0.788	0.6106666666666667	0.644	0.8826666666666667	0.8706666666666667	0.7186666666666667	0.9093333333333333	0.8026666666666666	0.82	0.8773333333333333	0.7546666666666667	0.768	0.8053333333333333	0.864	0.712	0.828	0.828	0.7613333333333333	0.6506666666666666	0.6973333333333334	0.6173333333333333	0.8426666666666667	0.9026666666666666	0.6106666666666667	0.8146666666666667	0.7613333333333333	0.764	0.8306666666666667	0.7613333333333333	0.584	0.808	0.8493333333333334	0.7146666666666667	0.6653333333333333	0.612	0.8306666666666667
S2017t1_E23-T1b-Male	0.7946666666666666	0.8333333333333334	0.7626666666666667	0.6773333333333333	0.7626666666666667	0.8146666666666667	0.6746666666666666	0.8226666666666667	0.8906666666666667	0.7813333333333333	0.88	0.7053333333333334	0.876	0.9053333333333333	0.756	0.7346666666666667	0.952	0.9773333333333334	0.8906666666666667	0.896	0.788	0.9493333333333334	0.7	0.6386666666666667	0.96	0.636	0.9506666666666667	0.9146666666666666	0.9546666666666667	0.9546666666666667	0.8893333333333333	0.8626666666666667	0.92	0.9613333333333334	0.9373333333333334	0.908	0.8173333333333334	0.7573333333333333	0.7453333333333333	0.688	0.7666666666666667	0.644	0.664	0.7373333333333333	0.876	0.6986666666666667	0.776	0.704	0.612	0.6906666666666667	0.6333333333333333	0.772	0.544	0.6186666666666667	0.7773333333333333	0.808	0.6773333333333333	0.884	0.6546666666666666	0.5306666666666666	0.6573333333333333	0.6506666666666666	0.588	0.748	0.8613333333333333	0.8413333333333334	0.8133333333333334	0.7933333333333333	0.8333333333333334	0.8946666666666667	0.8613333333333333	0.9346666666666666	0.736	0.8786666666666667	0.9293333333333333	0.764	0.74	0.9386666666666666	0.8746666666666667	0.7253333333333334	0.9453333333333334	0.9466666666666667	0.904	0.7546666666666667	0.5933333333333334	0.9506666666666667	0.5733333333333334	0.4653333333333333	0.5413333333333333	0.5066666666666667	0.5213333333333333	0.6933333333333334	0.5346666666666666	0.4093333333333333	0.468	0.676	0.6493333333333333	0.588	0.6213333333333333	0.6933333333333334	0.684	0.668	0.7866666666666666	0.48133333333333334	0.7053333333333334	0.6546666666666666	0.6453333333333333	0.356	0.30533333333333335	0.332	0.0	0.6453333333333333	0.5013333333333333	0.624	0.5733333333333334	0.7373333333333333	0.6733333333333333	0.6466666666666666	0.8346666666666667	0.6253333333333333	0.7706666666666667	0.4613333333333333	0.8506666666666667	0.6693333333333333	0.628	0.7333333333333333	0.732	0.6533333333333333	0.6173333333333333	0.9106666666666666	0.7093333333333334	0.708	0.68	0.664	0.7813333333333333	0.6826666666666666	0.808	0.7413333333333333	0.6026666666666667	0.728	0.832	0.784	0.728	0.592	0.5973333333333334	0.6213333333333333	0.7306666666666667	0.868	0.7826666666666666	0.868	0.864	0.856	0.8506666666666667	0.9026666666666666	0.7466666666666667	0.8373333333333334	0.7946666666666666	0.8173333333333334	0.836	0.868	0.864	0.8626666666666667	0.8386666666666667	0.872	0.7013333333333334	0.8133333333333334	0.8573333333333333	0.7773333333333333	0.904	0.8133333333333334	0.64	0.796	0.816	0.7733333333333333	0.9053333333333333	0.652	0.7853333333333333	0.8	0.7626666666666667	0.7426666666666667	0.54	0.8733333333333333	0.86	0.824	0.908	0.7133333333333334	0.8293333333333334	0.88	0.8	0.66	0.7453333333333333	0.8613333333333333	0.7133333333333334	0.8333333333333334	0.82	0.7266666666666667	0.596	0.6933333333333334	0.7186666666666667	0.864	0.9013333333333333	0.72	0.84	0.772	0.7506666666666667	0.8133333333333334	0.7626666666666667	0.588	0.7933333333333333	0.88	0.8213333333333334	0.6466666666666666	0.716	0.848
S2017t1_E30-T1a-Female	0.612	0.864	0.6706666666666666	0.7813333333333333	0.8546666666666667	0.8573333333333333	0.8493333333333334	0.8013333333333333	0.9026666666666666	0.6573333333333333	0.9266666666666666	0.7213333333333334	0.8773333333333333	0.9066666666666666	0.8533333333333334	0.8613333333333333	0.948	0.9773333333333334	0.8813333333333333	0.9186666666666666	0.864	0.9573333333333334	0.8613333333333333	0.844	0.9666666666666667	0.836	0.9746666666666667	0.9173333333333333	0.952	0.948	0.9146666666666666	0.8866666666666667	0.9333333333333333	0.9506666666666667	0.956	0.9186666666666666	0.8946666666666667	0.8626666666666667	0.892	0.8533333333333334	0.8866666666666667	0.8173333333333334	0.8613333333333333	0.8666666666666667	0.9053333333333333	0.8786666666666667	0.872	0.844	0.8106666666666666	0.8706666666666667	0.8173333333333334	0.8733333333333333	0.8106666666666666	0.8466666666666667	0.8573333333333333	0.924	0.884	0.9253333333333333	0.868	0.8226666666666667	0.8533333333333334	0.852	0.7853333333333333	0.868	0.92	0.916	0.8946666666666667	0.8986666666666666	0.892	0.904	0.9186666666666666	0.9706666666666667	0.868	0.9053333333333333	0.96	0.8493333333333334	0.812	0.9506666666666667	0.9013333333333333	0.8733333333333333	0.9346666666666666	0.9466666666666667	0.924	0.564	0.62	0.96	0.4693333333333333	0.56	0.712	0.628	0.6586666666666666	0.72	0.5826666666666667	0.49333333333333335	0.46	0.6106666666666667	0.49866666666666665	0.47733333333333333	0.46266666666666667	0.468	0.5866666666666667	0.5893333333333334	0.7413333333333333	0.4573333333333333	0.7346666666666667	0.49866666666666665	0.7293333333333333	0.492	0.6786666666666666	0.532	0.6453333333333333	0.0	0.488	0.11466666666666667	0.36933333333333335	0.5893333333333334	0.5293333333333333	0.568	0.6146666666666667	0.47333333333333333	0.5093333333333333	0.5773333333333334	0.796	0.5386666666666666	0.7733333333333333	0.5186666666666667	0.6866666666666666	0.5826666666666667	0.672	0.8546666666666667	0.6826666666666666	0.6146666666666667	0.5013333333333333	0.43466666666666665	0.5426666666666666	0.7173333333333334	0.7893333333333333	0.66	0.6386666666666667	0.7186666666666667	0.5693333333333334	0.816	0.712	0.584	0.6826666666666666	0.6053333333333333	0.5853333333333334	0.852	0.744	0.884	0.7333333333333333	0.7626666666666667	0.744	0.784	0.5333333333333333	0.796	0.5933333333333334	0.5573333333333333	0.8093333333333333	0.8213333333333334	0.764	0.808	0.7066666666666667	0.8573333333333333	0.536	0.5373333333333333	0.68	0.7693333333333333	0.932	0.7826666666666666	0.6026666666666667	0.6386666666666667	0.7546666666666667	0.7813333333333333	0.8746666666666667	0.7013333333333334	0.7866666666666666	0.54	0.9213333333333333	0.608	0.816	0.9333333333333333	0.88	0.6093333333333333	0.912	0.8693333333333333	0.8666666666666667	0.8933333333333333	0.768	0.804	0.836	0.892	0.836	0.828	0.8773333333333333	0.8613333333333333	0.816	0.8426666666666667	0.5746666666666667	0.9146666666666666	0.908	0.6373333333333333	0.8973333333333333	0.8786666666666667	0.9013333333333333	0.86	0.876	0.6906666666666667	0.8573333333333333	0.8946666666666667	0.6266666666666667	0.848	0.5386666666666666	0.9026666666666666
S2017t1_E30-T1a-Male	0.812	0.8333333333333334	0.668	0.72	0.8426666666666667	0.8253333333333334	0.836	0.8293333333333334	0.9146666666666666	0.7706666666666667	0.9	0.7386666666666667	0.8906666666666667	0.912	0.7946666666666666	0.7653333333333333	0.9493333333333334	0.984	0.8866666666666667	0.9213333333333333	0.828	0.9586666666666667	0.7906666666666666	0.7306666666666667	0.972	0.816	0.9693333333333334	0.924	0.9626666666666667	0.9506666666666667	0.904	0.888	0.936	0.9613333333333334	0.9573333333333334	0.916	0.876	0.8493333333333334	0.876	0.8413333333333334	0.868	0.7973333333333333	0.7386666666666667	0.796	0.884	0.7706666666666667	0.812	0.776	0.7893333333333333	0.8506666666666667	0.7986666666666666	0.8546666666666667	0.748	0.792	0.8106666666666666	0.8666666666666667	0.7586666666666667	0.9093333333333333	0.7466666666666667	0.6986666666666667	0.8333333333333334	0.8266666666666667	0.748	0.8493333333333334	0.8733333333333333	0.844	0.8373333333333334	0.7986666666666666	0.8613333333333333	0.9053333333333333	0.8866666666666667	0.9546666666666667	0.8613333333333333	0.8826666666666667	0.9573333333333334	0.8213333333333334	0.7826666666666666	0.9453333333333334	0.8946666666666667	0.7693333333333333	0.944	0.9493333333333334	0.9186666666666666	0.7186666666666667	0.588	0.968	0.592	0.46266666666666667	0.5693333333333334	0.5373333333333333	0.5386666666666666	0.696	0.552	0.47733333333333333	0.5306666666666666	0.6466666666666666	0.532	0.48533333333333334	0.548	0.6653333333333333	0.6426666666666667	0.6586666666666666	0.7773333333333333	0.4826666666666667	0.6973333333333334	0.612	0.6506666666666666	0.43333333333333335	0.5453333333333333	0.556	0.5013333333333333	0.488	0.0	0.4693333333333333	0.43866666666666665	0.7146666666666667	0.684	0.672	0.716	0.62	0.664	0.5413333333333333	0.7986666666666666	0.5986666666666667	0.7453333333333333	0.6666666666666666	0.6306666666666667	0.656	0.6906666666666667	0.844	0.6346666666666667	0.6106666666666667	0.5773333333333334	0.548	0.676	0.6746666666666666	0.768	0.64	0.5986666666666667	0.6733333333333333	0.7333333333333333	0.8013333333333333	0.6893333333333334	0.5693333333333334	0.636	0.5373333333333333	0.4093333333333333	0.8493333333333334	0.692	0.8693333333333333	0.7746666666666666	0.7626666666666667	0.74	0.7826666666666666	0.648	0.7973333333333333	0.664	0.6853333333333333	0.7893333333333333	0.8253333333333334	0.8	0.812	0.7266666666666667	0.8546666666666667	0.5906666666666667	0.7106666666666667	0.76	0.712	0.932	0.7826666666666666	0.5533333333333333	0.6893333333333334	0.7466666666666667	0.7426666666666667	0.868	0.6386666666666667	0.752	0.6933333333333334	0.9093333333333333	0.6706666666666666	0.7013333333333334	0.8973333333333333	0.872	0.8173333333333334	0.9106666666666666	0.7986666666666666	0.8626666666666667	0.8946666666666667	0.7986666666666666	0.7226666666666667	0.6173333333333333	0.8693333333333333	0.7626666666666667	0.8333333333333334	0.832	0.82	0.7133333333333334	0.824	0.6266666666666667	0.8986666666666666	0.9093333333333333	0.7186666666666667	0.8826666666666667	0.8426666666666667	0.9	0.8133333333333334	0.844	0.7013333333333334	0.8346666666666667	0.8973333333333333	0.8253333333333334	0.8053333333333333	0.7146666666666667	0.8786666666666667
S2017t1_E30-T1b-Female	0.6066666666666667	0.8746666666666667	0.6853333333333333	0.7586666666666667	0.8746666666666667	0.86	0.872	0.7933333333333333	0.9146666666666666	0.664	0.912	0.756	0.8853333333333333	0.904	0.7946666666666666	0.832	0.9413333333333334	0.976	0.888	0.9253333333333333	0.844	0.9613333333333334	0.844	0.8173333333333334	0.972	0.848	0.9706666666666667	0.9106666666666666	0.948	0.9413333333333334	0.9013333333333333	0.8826666666666667	0.9266666666666666	0.9533333333333334	0.956	0.9146666666666666	0.9093333333333333	0.9026666666666666	0.9013333333333333	0.8786666666666667	0.9013333333333333	0.856	0.836	0.8453333333333334	0.884	0.848	0.8413333333333334	0.816	0.8226666666666667	0.8853333333333333	0.8306666666666667	0.8893333333333333	0.7826666666666666	0.864	0.8213333333333334	0.884	0.86	0.9066666666666666	0.8493333333333334	0.7866666666666666	0.8666666666666667	0.8586666666666667	0.796	0.8826666666666667	0.908	0.8706666666666667	0.8826666666666667	0.8426666666666667	0.8746666666666667	0.8946666666666667	0.8813333333333333	0.9653333333333334	0.884	0.8973333333333333	0.9586666666666667	0.86	0.816	0.9466666666666667	0.8986666666666666	0.832	0.932	0.94	0.92	0.604	0.5946666666666667	0.9653333333333334	0.456	0.5786666666666667	0.692	0.6493333333333333	0.6533333333333333	0.724	0.584	0.47733333333333333	0.4573333333333333	0.6346666666666667	0.488	0.512	0.4653333333333333	0.52	0.636	0.644	0.7813333333333333	0.4666666666666667	0.7426666666666667	0.48533333333333334	0.736	0.4653333333333333	0.6493333333333333	0.536	0.624	0.11466666666666667	0.4693333333333333	0.0	0.348	0.6	0.5466666666666666	0.5733333333333334	0.632	0.464	0.4653333333333333	0.5773333333333334	0.7973333333333333	0.5066666666666667	0.7773333333333333	0.5266666666666666	0.668	0.568	0.6813333333333333	0.8506666666666667	0.692	0.64	0.4693333333333333	0.39066666666666666	0.4746666666666667	0.7053333333333334	0.8053333333333333	0.6253333333333333	0.612	0.7186666666666667	0.5853333333333334	0.8493333333333334	0.7413333333333333	0.58	0.7146666666666667	0.5986666666666667	0.5986666666666667	0.856	0.696	0.8786666666666667	0.7306666666666667	0.7626666666666667	0.7546666666666667	0.7866666666666666	0.5226666666666666	0.8066666666666666	0.6066666666666667	0.564	0.7986666666666666	0.8186666666666667	0.756	0.8093333333333333	0.6906666666666667	0.864	0.5106666666666667	0.5013333333333333	0.7026666666666667	0.732	0.928	0.776	0.584	0.6173333333333333	0.7413333333333333	0.8013333333333333	0.872	0.68	0.7453333333333333	0.48933333333333334	0.9413333333333334	0.6173333333333333	0.8173333333333334	0.94	0.896	0.6133333333333333	0.9266666666666666	0.8533333333333334	0.8906666666666667	0.9106666666666666	0.7746666666666666	0.7813333333333333	0.7986666666666666	0.9066666666666666	0.8493333333333334	0.8426666666666667	0.872	0.876	0.8146666666666667	0.8586666666666667	0.576	0.8973333333333333	0.916	0.648	0.8773333333333333	0.8933333333333333	0.932	0.8546666666666667	0.8973333333333333	0.7373333333333333	0.8693333333333333	0.896	0.628	0.8706666666666667	0.56	0.8826666666666667
S2017t1_E30-T1b-Male	0.7506666666666667	0.6666666666666666	0.6893333333333334	0.6826666666666666	0.896	0.708	0.8826666666666667	0.66	0.7786666666666666	0.7373333333333333	0.8346666666666667	0.5546666666666666	0.884	0.9053333333333333	0.756	0.772	0.9453333333333334	0.9773333333333334	0.8413333333333334	0.9213333333333333	0.8253333333333334	0.9613333333333334	0.772	0.7413333333333333	0.9706666666666667	0.872	0.9733333333333334	0.816	0.94	0.9133333333333333	0.9106666666666666	0.8906666666666667	0.9373333333333334	0.9573333333333334	0.96	0.9213333333333333	0.9333333333333333	0.9026666666666666	0.9266666666666666	0.8893333333333333	0.924	0.848	0.748	0.7533333333333333	0.8746666666666667	0.7813333333333333	0.7706666666666667	0.7493333333333333	0.8453333333333334	0.9066666666666666	0.8546666666666667	0.9106666666666666	0.804	0.8746666666666667	0.7933333333333333	0.848	0.784	0.9053333333333333	0.7733333333333333	0.804	0.8893333333333333	0.8813333333333333	0.808	0.9053333333333333	0.8906666666666667	0.8213333333333334	0.8586666666666667	0.8026666666666666	0.808	0.8893333333333333	0.864	0.9653333333333334	0.9013333333333333	0.8866666666666667	0.9653333333333334	0.8773333333333333	0.8053333333333333	0.948	0.8986666666666666	0.808	0.9386666666666666	0.944	0.9213333333333333	0.64	0.5653333333333334	0.9533333333333334	0.49333333333333335	0.544	0.652	0.62	0.6346666666666667	0.6173333333333333	0.484	0.44	0.5053333333333333	0.5866666666666667	0.44533333333333336	0.45466666666666666	0.5013333333333333	0.544	0.5173333333333333	0.5866666666666667	0.708	0.43733333333333335	0.7026666666666667	0.5626666666666666	0.7	0.404	0.5693333333333334	0.5293333333333333	0.5733333333333334	0.36933333333333335	0.43866666666666665	0.348	0.0	0.6933333333333334	0.68	0.6506666666666666	0.6933333333333334	0.596	0.6226666666666667	0.5226666666666666	0.812	0.524	0.796	0.5813333333333334	0.66	0.632	0.7053333333333334	0.852	0.692	0.632	0.5493333333333333	0.45066666666666666	0.5933333333333334	0.716	0.824	0.6186666666666667	0.6266666666666667	0.6973333333333334	0.7026666666666667	0.8546666666666667	0.744	0.5533333333333333	0.6973333333333334	0.5786666666666667	0.644	0.852	0.6813333333333333	0.8826666666666667	0.716	0.7533333333333333	0.74	0.784	0.5826666666666667	0.7946666666666666	0.588	0.6253333333333333	0.8026666666666666	0.82	0.7626666666666667	0.8066666666666666	0.6813333333333333	0.8573333333333333	0.5373333333333333	0.6026666666666667	0.6893333333333334	0.704	0.9293333333333333	0.772	0.504	0.5986666666666667	0.7346666666666667	0.812	0.8693333333333333	0.6266666666666667	0.7466666666666667	0.6106666666666667	0.9626666666666667	0.6	0.7493333333333333	0.932	0.924	0.7653333333333333	0.9466666666666667	0.6813333333333333	0.916	0.9173333333333333	0.7613333333333333	0.6586666666666666	0.6626666666666666	0.6933333333333334	0.82	0.8573333333333333	0.736	0.88	0.716	0.8546666666666667	0.6106666666666667	0.7746666666666666	0.9346666666666666	0.6453333333333333	0.7066666666666667	0.812	0.9533333333333334	0.7666666666666667	0.9026666666666666	0.7226666666666667	0.6693333333333333	0.784	0.768	0.8666666666666667	0.716	0.7986666666666666
S2017t2_E11-T2a-Male_C7D5_5f	0.9413333333333334	0.9253333333333333	0.72	0.9146666666666666	0.848	0.9493333333333334	0.8	0.968	0.912	0.9253333333333333	0.9626666666666667	0.9133333333333333	0.9653333333333334	0.868	0.884	0.844	0.92	0.94	0.8893333333333333	0.8906666666666667	0.9013333333333333	0.884	0.888	0.8866666666666667	0.9213333333333333	0.7266666666666667	0.884	0.852	0.888	0.84	0.8613333333333333	0.84	0.8866666666666667	0.8906666666666667	0.9013333333333333	0.888	0.7586666666666667	0.7466666666666667	0.7453333333333333	0.76	0.7466666666666667	0.7853333333333333	0.88	0.8986666666666666	0.868	0.8826666666666667	0.908	0.8933333333333333	0.7546666666666667	0.7306666666666667	0.7186666666666667	0.7573333333333333	0.7693333333333333	0.7346666666666667	0.8773333333333333	0.928	0.9053333333333333	0.8693333333333333	0.8933333333333333	0.7613333333333333	0.728	0.7266666666666667	0.7506666666666667	0.736	0.8946666666666667	0.8493333333333334	0.848	0.8893333333333333	0.8666666666666667	0.8546666666666667	0.8146666666666667	0.8626666666666667	0.732	0.88	0.8693333333333333	0.7746666666666666	0.8186666666666667	0.86	0.832	0.8893333333333333	0.8706666666666667	0.86	0.864	0.8466666666666667	0.876	0.8866666666666667	0.848	0.764	0.8573333333333333	0.72	0.7866666666666666	0.8346666666666667	0.776	0.7733333333333333	0.8186666666666667	0.84	0.776	0.704	0.7933333333333333	0.8173333333333334	0.8	0.8053333333333333	0.8773333333333333	0.7946666666666666	0.8626666666666667	0.8613333333333333	0.876	0.692	0.7786666666666666	0.712	0.7373333333333333	0.5893333333333334	0.7146666666666667	0.6	0.6933333333333334	0.0	0.4573333333333333	0.4146666666666667	0.516	0.41733333333333333	0.516	0.5706666666666667	0.728	0.47333333333333333	0.636	0.4866666666666667	0.6413333333333333	0.4706666666666667	0.576	0.7893333333333333	0.672	0.5506666666666666	0.492	0.5333333333333333	0.536	0.6306666666666667	0.7693333333333333	0.604	0.52	0.6653333333333333	0.528	0.7173333333333334	0.6186666666666667	0.5133333333333333	0.648	0.592	0.5586666666666666	0.784	0.7466666666666667	0.8466666666666667	0.6533333333333333	0.7573333333333333	0.772	0.7706666666666667	0.6146666666666667	0.8013333333333333	0.5946666666666667	0.5493333333333333	0.772	0.7346666666666667	0.7053333333333334	0.752	0.6693333333333333	0.8386666666666667	0.572	0.5906666666666667	0.6573333333333333	0.756	0.864	0.7346666666666667	0.6226666666666667	0.66	0.7426666666666667	0.736	0.7986666666666666	0.7586666666666667	0.808	0.5973333333333334	0.848	0.8	0.8146666666666667	0.968	0.884	0.956	0.8866666666666667	0.952	0.8786666666666667	0.8986666666666666	0.9346666666666666	0.9053333333333333	0.936	0.9453333333333334	0.8253333333333334	0.9253333333333333	0.956	0.8066666666666666	0.8146666666666667	0.7906666666666666	0.788	0.952	0.908	0.9493333333333334	0.932	0.8386666666666667	0.848	0.9213333333333333	0.82	0.8173333333333334	0.9346666666666666	0.9013333333333333	0.9306666666666666	0.7933333333333333	0.872	0.948
S2017t2_E11-T2a-Male	0.9253333333333333	0.8986666666666666	0.696	0.8893333333333333	0.816	0.936	0.7253333333333334	0.9466666666666667	0.8226666666666667	0.8853333333333333	0.952	0.9026666666666666	0.9453333333333334	0.732	0.848	0.772	0.676	0.9666666666666667	0.9053333333333333	0.8386666666666667	0.9053333333333333	0.916	0.8426666666666667	0.884	0.936	0.6973333333333334	0.9653333333333334	0.9226666666666666	0.9653333333333334	0.936	0.872	0.7866666666666666	0.948	0.9666666666666667	0.972	0.932	0.68	0.5826666666666667	0.66	0.504	0.7026666666666667	0.45866666666666667	0.8173333333333334	0.6186666666666667	0.832	0.688	0.8946666666666667	0.616	0.6866666666666666	0.66	0.7226666666666667	0.7626666666666667	0.6813333333333333	0.5546666666666666	0.8626666666666667	0.832	0.9026666666666666	0.88	0.8906666666666667	0.6386666666666667	0.704	0.632	0.48133333333333334	0.7373333333333333	0.7426666666666667	0.8626666666666667	0.8573333333333333	0.8413333333333334	0.868	0.9293333333333333	0.908	0.9066666666666666	0.5586666666666666	0.88	0.9026666666666666	0.7546666666666667	0.7266666666666667	0.9506666666666667	0.8133333333333334	0.9053333333333333	0.9573333333333334	0.9546666666666667	0.852	0.9	0.8693333333333333	0.9773333333333334	0.8573333333333333	0.7253333333333334	0.8306666666666667	0.684	0.796	0.8746666666666667	0.816	0.7826666666666666	0.7986666666666666	0.868	0.796	0.7226666666666667	0.784	0.8693333333333333	0.832	0.8533333333333334	0.9413333333333334	0.7746666666666666	0.8466666666666667	0.8426666666666667	0.8386666666666667	0.6706666666666666	0.7666666666666667	0.652	0.6733333333333333	0.5293333333333333	0.684	0.5466666666666666	0.68	0.4573333333333333	0.0	0.32133333333333336	0.48533333333333334	0.408	0.4706666666666667	0.4786666666666667	0.66	0.508	0.47333333333333333	0.5053333333333333	0.43866666666666665	0.504	0.49733333333333335	0.7853333333333333	0.3933333333333333	0.5106666666666667	0.2813333333333333	0.4866666666666667	0.38133333333333336	0.5226666666666666	0.712	0.5706666666666667	0.3973333333333333	0.6333333333333333	0.5213333333333333	0.776	0.6546666666666666	0.46	0.412	0.5053333333333333	0.4266666666666667	0.7746666666666666	0.472	0.7573333333333333	0.6146666666666667	0.5453333333333333	0.6093333333333333	0.748	0.56	0.6533333333333333	0.5733333333333334	0.348	0.6466666666666666	0.7053333333333334	0.7146666666666667	0.564	0.6453333333333333	0.6946666666666667	0.484	0.35733333333333334	0.6893333333333334	0.48933333333333334	0.8173333333333334	0.7653333333333333	0.5973333333333334	0.44133333333333336	0.656	0.712	0.6653333333333333	0.5906666666666667	0.7213333333333334	0.52	0.768	0.78	0.7533333333333333	0.928	0.8733333333333333	0.9266666666666666	0.8973333333333333	0.924	0.8573333333333333	0.8786666666666667	0.9053333333333333	0.8733333333333333	0.8986666666666666	0.936	0.8013333333333333	0.912	0.924	0.7613333333333333	0.732	0.7373333333333333	0.7506666666666667	0.9306666666666666	0.8973333333333333	0.912	0.9066666666666666	0.8026666666666666	0.768	0.8946666666666667	0.788	0.7333333333333333	0.9226666666666666	0.868	0.932	0.6986666666666667	0.836	0.916
S2017t2_E11-T2b-Female	0.9293333333333333	0.8866666666666667	0.708	0.8773333333333333	0.828	0.9173333333333333	0.7253333333333334	0.96	0.824	0.9133333333333333	0.9306666666666666	0.8746666666666667	0.9546666666666667	0.5746666666666667	0.816	0.7693333333333333	0.82	0.9613333333333334	0.8933333333333333	0.8186666666666667	0.8866666666666667	0.688	0.8106666666666666	0.8533333333333334	0.9213333333333333	0.464	0.96	0.9	0.9453333333333334	0.9026666666666666	0.8453333333333334	0.7786666666666666	0.9413333333333334	0.96	0.968	0.9333333333333333	0.48	0.43466666666666665	0.436	0.5973333333333334	0.47333333333333333	0.5946666666666667	0.7933333333333333	0.768	0.6373333333333333	0.7653333333333333	0.8653333333333333	0.7573333333333333	0.6906666666666667	0.5946666666666667	0.6693333333333333	0.544	0.672	0.5506666666666666	0.8453333333333334	0.82	0.8906666666666667	0.632	0.864	0.6173333333333333	0.48133333333333334	0.5813333333333334	0.5906666666666667	0.5173333333333333	0.804	0.6333333333333333	0.8426666666666667	0.8453333333333334	0.8546666666666667	0.9146666666666666	0.848	0.8933333333333333	0.404	0.8373333333333334	0.6626666666666666	0.7253333333333334	0.6906666666666667	0.9386666666666666	0.76	0.8866666666666667	0.9346666666666666	0.936	0.7666666666666667	0.664	0.8466666666666667	0.9693333333333334	0.8293333333333334	0.7306666666666667	0.8306666666666667	0.6893333333333334	0.7506666666666667	0.852	0.8106666666666666	0.7626666666666667	0.8026666666666666	0.6226666666666667	0.7546666666666667	0.6706666666666666	0.7533333333333333	0.8386666666666667	0.8093333333333333	0.8346666666666667	0.9226666666666666	0.744	0.8213333333333334	0.8133333333333334	0.836	0.66	0.7306666666666667	0.6226666666666667	0.6466666666666666	0.568	0.672	0.5733333333333334	0.6506666666666666	0.4146666666666667	0.32133333333333336	0.0	0.27066666666666667	0.288	0.38666666666666666	0.472	0.4493333333333333	0.41333333333333333	0.37333333333333335	0.47733333333333333	0.5253333333333333	0.4653333333333333	0.492	0.772	0.5426666666666666	0.2866666666666667	0.37466666666666665	0.52	0.43066666666666664	0.508	0.72	0.43333333333333335	0.244	0.4573333333333333	0.3426666666666667	0.5333333333333333	0.5866666666666667	0.2786666666666667	0.44666666666666666	0.49466666666666664	0.43466666666666665	0.5626666666666666	0.6253333333333333	0.7786666666666666	0.38266666666666665	0.6506666666666666	0.6626666666666666	0.78	0.5826666666666667	0.6933333333333334	0.492	0.44666666666666666	0.6706666666666666	0.5906666666666667	0.7226666666666667	0.5386666666666666	0.6373333333333333	0.732	0.45866666666666667	0.4573333333333333	0.6826666666666666	0.6466666666666666	0.8213333333333334	0.6626666666666666	0.5613333333333334	0.532	0.6306666666666667	0.708	0.5306666666666666	0.616	0.6973333333333334	0.5626666666666666	0.7866666666666666	0.784	0.7506666666666667	0.952	0.88	0.9426666666666667	0.908	0.9093333333333333	0.8706666666666667	0.892	0.9253333333333333	0.8746666666666667	0.8973333333333333	0.9253333333333333	0.8226666666666667	0.9266666666666666	0.9186666666666666	0.7853333333333333	0.7333333333333333	0.7533333333333333	0.776	0.92	0.9106666666666666	0.9066666666666666	0.8826666666666667	0.8293333333333334	0.7866666666666666	0.8826666666666667	0.8026666666666666	0.728	0.908	0.8893333333333333	0.944	0.724	0.856	0.92
S2017t2_E11-T2b-Male	0.9426666666666667	0.924	0.7226666666666667	0.924	0.916	0.9493333333333334	0.8773333333333333	0.968	0.836	0.9213333333333333	0.968	0.924	0.9626666666666667	0.48133333333333334	0.868	0.8373333333333334	0.864	0.972	0.9293333333333333	0.8346666666666667	0.932	0.5506666666666666	0.86	0.9093333333333333	0.9333333333333333	0.4746666666666667	0.9693333333333334	0.924	0.9626666666666667	0.9186666666666666	0.8893333333333333	0.828	0.9626666666666667	0.9746666666666667	0.9773333333333334	0.956	0.43066666666666664	0.41733333333333333	0.4266666666666667	0.7666666666666667	0.44666666666666666	0.784	0.8493333333333334	0.8373333333333334	0.6906666666666667	0.8333333333333334	0.9226666666666666	0.832	0.844	0.7413333333333333	0.808	0.472	0.8453333333333334	0.72	0.888	0.8533333333333334	0.9266666666666666	0.5146666666666667	0.9133333333333333	0.7826666666666666	0.4786666666666667	0.7453333333333333	0.76	0.4693333333333333	0.856	0.5586666666666666	0.8813333333333333	0.888	0.8933333333333333	0.9413333333333334	0.8973333333333333	0.896	0.536	0.8773333333333333	0.616	0.82	0.7706666666666667	0.9506666666666667	0.7826666666666666	0.9293333333333333	0.952	0.9466666666666667	0.8053333333333333	0.6933333333333334	0.88	0.9706666666666667	0.8693333333333333	0.784	0.808	0.728	0.7853333333333333	0.8946666666666667	0.8613333333333333	0.8453333333333334	0.848	0.45066666666666666	0.784	0.72	0.796	0.8746666666666667	0.8306666666666667	0.8466666666666667	0.9386666666666666	0.8186666666666667	0.876	0.8586666666666667	0.848	0.7293333333333333	0.8413333333333334	0.8053333333333333	0.8346666666666667	0.6146666666666667	0.716	0.632	0.6933333333333334	0.516	0.48533333333333334	0.27066666666666667	0.0	0.45866666666666667	0.428	0.6493333333333333	0.33866666666666667	0.5	0.5613333333333334	0.556	0.5813333333333334	0.5786666666666667	0.6466666666666666	0.776	0.608	0.3453333333333333	0.4786666666666667	0.5706666666666667	0.496	0.64	0.6986666666666667	0.476	0.42533333333333334	0.504	0.20533333333333334	0.3973333333333333	0.6306666666666667	0.42933333333333334	0.6266666666666667	0.5693333333333334	0.5226666666666666	0.45866666666666667	0.668	0.772	0.25866666666666666	0.612	0.708	0.76	0.6226666666666667	0.716	0.5213333333333333	0.5	0.6986666666666667	0.5893333333333334	0.7146666666666667	0.544	0.6666666666666666	0.768	0.5	0.5453333333333333	0.6186666666666667	0.6826666666666666	0.8106666666666666	0.672	0.5866666666666667	0.588	0.6853333333333333	0.7186666666666667	0.39466666666666667	0.6786666666666666	0.7266666666666667	0.5973333333333334	0.916	0.8013333333333333	0.884	0.9626666666666667	0.896	0.9546666666666667	0.908	0.9626666666666667	0.9093333333333333	0.908	0.9346666666666666	0.9106666666666666	0.936	0.9626666666666667	0.8786666666666667	0.9266666666666666	0.956	0.8826666666666667	0.888	0.864	0.788	0.9506666666666667	0.9213333333333333	0.952	0.932	0.884	0.916	0.92	0.8946666666666667	0.8866666666666667	0.9506666666666667	0.9	0.944	0.8733333333333333	0.8866666666666667	0.952
S2017t2_E13-T2a-Female	0.9346666666666666	0.8533333333333334	0.7133333333333334	0.8306666666666667	0.8266666666666667	0.8733333333333333	0.7346666666666667	0.9573333333333334	0.8853333333333333	0.9226666666666666	0.908	0.86	0.9546666666666667	0.7506666666666667	0.82	0.8053333333333333	0.912	0.9466666666666667	0.8493333333333334	0.872	0.808	0.7866666666666666	0.772	0.7706666666666667	0.9066666666666666	0.588	0.94	0.8186666666666667	0.884	0.8213333333333334	0.8546666666666667	0.8453333333333334	0.9186666666666666	0.8893333333333333	0.9066666666666666	0.8746666666666667	0.6546666666666666	0.5893333333333334	0.6133333333333333	0.7	0.6	0.6853333333333333	0.8026666666666666	0.8146666666666667	0.7173333333333334	0.8133333333333334	0.8133333333333334	0.7973333333333333	0.716	0.6586666666666666	0.6906666666666667	0.66	0.7	0.672	0.8333333333333334	0.8773333333333333	0.8253333333333334	0.736	0.7746666666666666	0.6946666666666667	0.608	0.6826666666666666	0.7266666666666667	0.64	0.892	0.7146666666666667	0.8626666666666667	0.8466666666666667	0.8573333333333333	0.828	0.8093333333333333	0.8893333333333333	0.5773333333333334	0.8466666666666667	0.7813333333333333	0.744	0.74	0.9013333333333333	0.8173333333333334	0.812	0.8826666666666667	0.8786666666666667	0.8306666666666667	0.7266666666666667	0.8133333333333334	0.9066666666666666	0.7866666666666666	0.696	0.7626666666666667	0.6533333333333333	0.7093333333333334	0.8213333333333334	0.7506666666666667	0.716	0.7453333333333333	0.6773333333333333	0.7026666666666667	0.6386666666666667	0.7133333333333334	0.8053333333333333	0.7813333333333333	0.792	0.8906666666666667	0.7	0.772	0.784	0.78	0.6306666666666667	0.6946666666666667	0.6133333333333333	0.6253333333333333	0.47333333333333333	0.62	0.464	0.596	0.41733333333333333	0.408	0.288	0.45866666666666667	0.0	0.33466666666666667	0.448	0.6213333333333333	0.4	0.49733333333333335	0.424	0.6093333333333333	0.4146666666666667	0.5266666666666666	0.784	0.592	0.376	0.4013333333333333	0.36533333333333334	0.432	0.5893333333333334	0.7773333333333333	0.4786666666666667	0.348	0.5093333333333333	0.412	0.624	0.5733333333333334	0.30666666666666664	0.544	0.47733333333333333	0.52	0.6986666666666667	0.72	0.856	0.5666666666666667	0.7533333333333333	0.7586666666666667	0.7933333333333333	0.532	0.7973333333333333	0.5173333333333333	0.5146666666666667	0.7786666666666666	0.6826666666666666	0.7253333333333334	0.648	0.6666666666666666	0.8493333333333334	0.512	0.496	0.6666666666666666	0.736	0.8946666666666667	0.6813333333333333	0.5346666666666666	0.62	0.7213333333333334	0.744	0.7226666666666667	0.7093333333333334	0.7826666666666666	0.5066666666666667	0.8133333333333334	0.7866666666666666	0.712	0.956	0.868	0.952	0.9013333333333333	0.8666666666666667	0.8693333333333333	0.8946666666666667	0.924	0.828	0.8546666666666667	0.8853333333333333	0.8213333333333334	0.9146666666666666	0.8706666666666667	0.776	0.708	0.7533333333333333	0.78	0.9	0.9146666666666666	0.9013333333333333	0.8946666666666667	0.8213333333333334	0.8053333333333333	0.84	0.8066666666666666	0.7386666666666667	0.8706666666666667	0.8946666666666667	0.9346666666666666	0.752	0.86	0.9013333333333333
S2017t2_E13-T2a-Male	0.9266666666666666	0.8706666666666667	0.7013333333333334	0.852	0.9213333333333333	0.9053333333333333	0.864	0.952	0.86	0.9026666666666666	0.9186666666666666	0.892	0.9493333333333334	0.728	0.788	0.7906666666666666	0.8893333333333333	0.96	0.8986666666666666	0.8373333333333334	0.8506666666666667	0.7986666666666666	0.804	0.832	0.9293333333333333	0.704	0.9533333333333334	0.9133333333333333	0.9546666666666667	0.916	0.836	0.816	0.9266666666666666	0.9653333333333334	0.956	0.924	0.7133333333333334	0.7093333333333334	0.7093333333333334	0.796	0.704	0.788	0.8133333333333334	0.8026666666666666	0.7053333333333334	0.8093333333333333	0.86	0.808	0.8093333333333333	0.7253333333333334	0.8053333333333333	0.708	0.776	0.7386666666666667	0.8226666666666667	0.8346666666666667	0.86	0.7213333333333334	0.8506666666666667	0.7546666666666667	0.7266666666666667	0.7586666666666667	0.784	0.696	0.8573333333333333	0.7213333333333334	0.832	0.8173333333333334	0.8586666666666667	0.912	0.8333333333333334	0.892	0.7026666666666667	0.836	0.7666666666666667	0.7893333333333333	0.7373333333333333	0.932	0.788	0.8586666666666667	0.9373333333333334	0.9333333333333333	0.7906666666666666	0.7613333333333333	0.8253333333333334	0.964	0.8106666666666666	0.7426666666666667	0.796	0.7586666666666667	0.728	0.856	0.7973333333333333	0.7866666666666666	0.7733333333333333	0.7146666666666667	0.7426666666666667	0.6946666666666667	0.7333333333333333	0.8546666666666667	0.8146666666666667	0.844	0.9293333333333333	0.7706666666666667	0.816	0.8026666666666666	0.8173333333333334	0.6746666666666666	0.7746666666666666	0.752	0.7706666666666667	0.5093333333333333	0.664	0.4653333333333333	0.6226666666666667	0.516	0.4706666666666667	0.38666666666666666	0.428	0.33466666666666667	0.0	0.584	0.5973333333333334	0.45466666666666666	0.596	0.49333333333333335	0.5946666666666667	0.548	0.6493333333333333	0.7813333333333333	0.6133333333333333	0.4533333333333333	0.432	0.336	0.24133333333333334	0.6413333333333333	0.7333333333333333	0.46	0.44	0.5146666666666667	0.39466666666666667	0.6546666666666666	0.648	0.428	0.6293333333333333	0.5573333333333333	0.5293333333333333	0.6733333333333333	0.6813333333333333	0.8226666666666667	0.5626666666666666	0.72	0.7333333333333333	0.796	0.5186666666666667	0.748	0.496	0.48933333333333334	0.744	0.6613333333333333	0.7346666666666667	0.6413333333333333	0.672	0.824	0.488	0.4653333333333333	0.6733333333333333	0.676	0.8693333333333333	0.6893333333333334	0.5413333333333333	0.5893333333333334	0.716	0.7466666666666667	0.7106666666666667	0.6573333333333333	0.7213333333333334	0.4666666666666667	0.9306666666666666	0.7853333333333333	0.8306666666666667	0.9493333333333334	0.892	0.9346666666666666	0.9053333333333333	0.8893333333333333	0.9066666666666666	0.8933333333333333	0.9146666666666666	0.84	0.8666666666666667	0.9106666666666666	0.86	0.916	0.8826666666666667	0.8773333333333333	0.8306666666666667	0.8546666666666667	0.7653333333333333	0.9053333333333333	0.9093333333333333	0.904	0.876	0.8773333333333333	0.9213333333333333	0.8546666666666667	0.8853333333333333	0.86	0.888	0.8853333333333333	0.936	0.8613333333333333	0.868	0.896
S2017t2_E13-T2b-Female	0.9133333333333333	0.7746666666666666	0.636	0.68	0.7986666666666666	0.8213333333333334	0.6826666666666666	0.9466666666666667	0.888	0.8746666666666667	0.8986666666666666	0.8213333333333334	0.92	0.8866666666666667	0.7693333333333333	0.7466666666666667	0.9026666666666666	0.956	0.8666666666666667	0.8853333333333333	0.8106666666666666	0.9173333333333333	0.6933333333333334	0.6653333333333333	0.9373333333333334	0.6666666666666666	0.94	0.8786666666666667	0.9306666666666666	0.9106666666666666	0.8813333333333333	0.8813333333333333	0.928	0.9346666666666666	0.9466666666666667	0.9173333333333333	0.788	0.7213333333333334	0.7066666666666667	0.5946666666666667	0.7293333333333333	0.5453333333333333	0.644	0.6986666666666667	0.856	0.6693333333333333	0.764	0.7213333333333334	0.5333333333333333	0.588	0.7146666666666667	0.7933333333333333	0.5253333333333333	0.5786666666666667	0.784	0.7826666666666666	0.6693333333333333	0.8826666666666667	0.6813333333333333	0.5506666666666666	0.6306666666666667	0.6146666666666667	0.5946666666666667	0.7666666666666667	0.84	0.8173333333333334	0.8226666666666667	0.7706666666666667	0.8306666666666667	0.8853333333333333	0.852	0.9426666666666667	0.7253333333333334	0.8493333333333334	0.9306666666666666	0.736	0.7506666666666667	0.932	0.876	0.7733333333333333	0.924	0.9386666666666666	0.8946666666666667	0.8453333333333334	0.6506666666666666	0.9466666666666667	0.672	0.6013333333333334	0.656	0.5426666666666666	0.6346666666666667	0.7546666666666667	0.6733333333333333	0.5333333333333333	0.6133333333333333	0.7853333333333333	0.68	0.576	0.6306666666666667	0.764	0.756	0.7133333333333334	0.8946666666666667	0.5386666666666666	0.6706666666666666	0.7466666666666667	0.724	0.56	0.6413333333333333	0.5626666666666666	0.4613333333333333	0.5773333333333334	0.5413333333333333	0.5773333333333334	0.5226666666666666	0.5706666666666667	0.4786666666666667	0.472	0.6493333333333333	0.448	0.584	0.0	0.7693333333333333	0.46266666666666667	0.5093333333333333	0.564	0.584	0.4866666666666667	0.38666666666666666	0.828	0.5893333333333334	0.45066666666666666	0.49333333333333335	0.4693333333333333	0.58	0.5653333333333334	0.7573333333333333	0.5586666666666666	0.4186666666666667	0.6506666666666666	0.6613333333333333	0.7573333333333333	0.6173333333333333	0.356	0.4226666666666667	0.404	0.5453333333333333	0.8253333333333334	0.6666666666666666	0.8533333333333334	0.7266666666666667	0.7333333333333333	0.7453333333333333	0.7786666666666666	0.5453333333333333	0.7746666666666666	0.5826666666666667	0.5986666666666667	0.7973333333333333	0.8093333333333333	0.748	0.7853333333333333	0.6666666666666666	0.8546666666666667	0.528	0.6306666666666667	0.684	0.6946666666666667	0.904	0.768	0.44133333333333336	0.584	0.7306666666666667	0.7493333333333333	0.8653333333333333	0.58	0.7493333333333333	0.6266666666666667	0.6693333333333333	0.7426666666666667	0.5466666666666666	0.888	0.824	0.9226666666666666	0.8826666666666667	0.7013333333333334	0.8426666666666667	0.8533333333333334	0.9053333333333333	0.6586666666666666	0.7906666666666666	0.8613333333333333	0.74	0.8973333333333333	0.8173333333333334	0.7066666666666667	0.584	0.7066666666666667	0.7213333333333334	0.896	0.8613333333333333	0.8413333333333334	0.872	0.7493333333333333	0.6693333333333333	0.7693333333333333	0.7533333333333333	0.6786666666666666	0.8133333333333334	0.852	0.9146666666666666	0.5853333333333334	0.8093333333333333	0.8786666666666667
S2017t2_E13-T2b-Male	0.94	0.908	0.8266666666666667	0.912	0.9493333333333334	0.944	0.892	0.9586666666666667	0.832	0.9226666666666666	0.9573333333333334	0.9173333333333333	0.96	0.30666666666666664	0.8546666666666667	0.784	0.8226666666666667	0.9613333333333334	0.916	0.832	0.912	0.3466666666666667	0.8426666666666667	0.8933333333333333	0.928	0.38266666666666665	0.96	0.9173333333333333	0.952	0.908	0.868	0.78	0.948	0.968	0.9706666666666667	0.9453333333333334	0.248	0.3586666666666667	0.444	0.7453333333333333	0.36666666666666664	0.764	0.8333333333333334	0.784	0.6706666666666666	0.7866666666666666	0.9106666666666666	0.7826666666666666	0.8586666666666667	0.7533333333333333	0.8333333333333334	0.44	0.8573333333333333	0.7	0.8786666666666667	0.8426666666666667	0.9146666666666666	0.4706666666666667	0.9013333333333333	0.808	0.49333333333333335	0.7693333333333333	0.7493333333333333	0.3506666666666667	0.7973333333333333	0.5386666666666666	0.864	0.8693333333333333	0.8786666666666667	0.9386666666666666	0.8826666666666667	0.8973333333333333	0.5146666666666667	0.8613333333333333	0.604	0.832	0.7293333333333333	0.94	0.7666666666666667	0.9253333333333333	0.9493333333333334	0.9413333333333334	0.7906666666666666	0.704	0.8866666666666667	0.976	0.8733333333333333	0.812	0.864	0.8306666666666667	0.8146666666666667	0.8946666666666667	0.8573333333333333	0.8653333333333333	0.8386666666666667	0.49866666666666665	0.82	0.764	0.804	0.8746666666666667	0.8373333333333334	0.8626666666666667	0.9413333333333334	0.856	0.892	0.868	0.8906666666666667	0.8013333333333333	0.8533333333333334	0.8146666666666667	0.8506666666666667	0.796	0.7986666666666666	0.7973333333333333	0.812	0.728	0.66	0.4493333333333333	0.33866666666666667	0.6213333333333333	0.5973333333333334	0.7693333333333333	0.0	0.6893333333333334	0.5586666666666666	0.74	0.6506666666666666	0.76	0.7866666666666666	0.7893333333333333	0.6613333333333333	0.46266666666666667	0.6266666666666667	0.7386666666666667	0.6306666666666667	0.6533333333333333	0.7773333333333333	0.5893333333333334	0.516	0.5253333333333333	0.3373333333333333	0.328	0.732	0.572	0.6506666666666666	0.6706666666666666	0.6586666666666666	0.5133333333333333	0.7026666666666667	0.7973333333333333	0.35333333333333333	0.692	0.692	0.8226666666666667	0.8	0.7066666666666667	0.6693333333333333	0.6266666666666667	0.6906666666666667	0.6226666666666667	0.8266666666666667	0.5653333333333334	0.788	0.7466666666666667	0.684	0.6773333333333333	0.8253333333333334	0.6946666666666667	0.8413333333333334	0.72	0.712	0.6866666666666666	0.6786666666666666	0.7786666666666666	0.36933333333333335	0.668	0.7426666666666667	0.7933333333333333	0.9493333333333334	0.824	0.908	0.96	0.92	0.9533333333333334	0.9293333333333333	0.952	0.936	0.9186666666666666	0.9293333333333333	0.904	0.9253333333333333	0.9493333333333334	0.896	0.9333333333333333	0.9413333333333334	0.9066666666666666	0.912	0.88	0.8346666666666667	0.9453333333333334	0.9266666666666666	0.948	0.9186666666666666	0.904	0.9493333333333334	0.904	0.908	0.9106666666666666	0.9333333333333333	0.8893333333333333	0.9413333333333334	0.8946666666666667	0.9093333333333333	0.9506666666666667
S2017t2_E14-T2a-Female	0.9306666666666666	0.84	0.6666666666666666	0.7946666666666666	0.888	0.768	0.68	0.944	0.8733333333333333	0.892	0.9186666666666666	0.864	0.9466666666666667	0.7933333333333333	0.6226666666666667	0.74	0.9066666666666666	0.948	0.8293333333333334	0.8413333333333334	0.8453333333333334	0.824	0.756	0.732	0.92	0.7	0.9466666666666667	0.868	0.928	0.8853333333333333	0.872	0.8386666666666667	0.944	0.956	0.9613333333333334	0.9253333333333333	0.7626666666666667	0.7533333333333333	0.7506666666666667	0.7893333333333333	0.7386666666666667	0.7866666666666666	0.716	0.652	0.644	0.7546666666666667	0.6186666666666667	0.7173333333333334	0.7466666666666667	0.6946666666666667	0.7626666666666667	0.7333333333333333	0.7226666666666667	0.7146666666666667	0.724	0.7933333333333333	0.796	0.7693333333333333	0.772	0.7413333333333333	0.7333333333333333	0.756	0.7666666666666667	0.7346666666666667	0.7373333333333333	0.6906666666666667	0.7893333333333333	0.7853333333333333	0.7893333333333333	0.8666666666666667	0.824	0.8986666666666666	0.5946666666666667	0.6933333333333334	0.7373333333333333	0.608	0.6146666666666667	0.932	0.7906666666666666	0.7933333333333333	0.9266666666666666	0.9306666666666666	0.6773333333333333	0.752	0.732	0.9546666666666667	0.6893333333333334	0.6853333333333333	0.784	0.7146666666666667	0.716	0.7893333333333333	0.74	0.6693333333333333	0.7453333333333333	0.7053333333333334	0.688	0.5893333333333334	0.6506666666666666	0.784	0.756	0.74	0.8573333333333333	0.596	0.736	0.72	0.7786666666666666	0.584	0.6973333333333334	0.6946666666666667	0.6693333333333333	0.5386666666666666	0.5986666666666667	0.5066666666666667	0.524	0.47333333333333333	0.508	0.41333333333333333	0.5	0.4	0.45466666666666666	0.46266666666666667	0.6893333333333334	0.0	0.616	0.436	0.49733333333333335	0.468	0.5906666666666667	0.776	0.6	0.44266666666666665	0.38533333333333336	0.37333333333333335	0.4666666666666667	0.5226666666666666	0.6986666666666667	0.436	0.43066666666666664	0.6333333333333333	0.5106666666666667	0.72	0.6226666666666667	0.4053333333333333	0.64	0.492	0.5266666666666666	0.7066666666666667	0.6346666666666667	0.8493333333333334	0.5693333333333334	0.7186666666666667	0.7	0.704	0.48133333333333334	0.692	0.376	0.48	0.6706666666666666	0.5613333333333334	0.7266666666666667	0.6493333333333333	0.612	0.7546666666666667	0.4533333333333333	0.44666666666666666	0.644	0.6786666666666666	0.836	0.5613333333333334	0.43733333333333335	0.508	0.7066666666666667	0.688	0.7466666666666667	0.58	0.728	0.44266666666666665	0.888	0.652	0.7253333333333334	0.9373333333333334	0.8506666666666667	0.9333333333333333	0.9	0.7866666666666666	0.872	0.732	0.9066666666666666	0.776	0.832	0.836	0.7093333333333334	0.908	0.8013333333333333	0.752	0.748	0.7173333333333334	0.76	0.8826666666666667	0.876	0.896	0.884	0.7426666666666667	0.888	0.8306666666666667	0.808	0.8253333333333334	0.8346666666666667	0.816	0.936	0.64	0.8413333333333334	0.884
S2017t2_E14-T2a-Male	0.844	0.7986666666666666	0.828	0.8666666666666667	0.8266666666666667	0.824	0.728	0.9213333333333333	0.7306666666666667	0.916	0.8373333333333334	0.7946666666666666	0.968	0.64	0.836	0.772	0.7333333333333333	0.8893333333333333	0.8773333333333333	0.7346666666666667	0.804	0.692	0.732	0.7786666666666666	0.824	0.508	0.9546666666666667	0.8173333333333334	0.904	0.8506666666666667	0.824	0.7706666666666667	0.952	0.972	0.968	0.9253333333333333	0.5453333333333333	0.4746666666666667	0.528	0.36933333333333335	0.5666666666666667	0.36933333333333335	0.804	0.7253333333333334	0.696	0.728	0.8813333333333333	0.704	0.47733333333333333	0.3333333333333333	0.5666666666666667	0.568	0.39866666666666667	0.32	0.7666666666666667	0.736	0.8586666666666667	0.6413333333333333	0.8213333333333334	0.436	0.448	0.3253333333333333	0.31466666666666665	0.6186666666666667	0.6933333333333334	0.704	0.7866666666666666	0.792	0.8173333333333334	0.912	0.8186666666666667	0.8986666666666666	0.42133333333333334	0.7506666666666667	0.712	0.6746666666666666	0.5733333333333334	0.9386666666666666	0.7213333333333334	0.8973333333333333	0.9333333333333333	0.952	0.7666666666666667	0.7693333333333333	0.86	0.98	0.848	0.752	0.8466666666666667	0.7106666666666667	0.7746666666666666	0.88	0.8253333333333334	0.7813333333333333	0.8106666666666666	0.744	0.8106666666666666	0.7146666666666667	0.7826666666666666	0.86	0.8426666666666667	0.8493333333333334	0.936	0.772	0.8333333333333334	0.8333333333333334	0.8533333333333334	0.7346666666666667	0.74	0.64	0.628	0.7733333333333333	0.7453333333333333	0.7773333333333333	0.796	0.636	0.47333333333333333	0.37333333333333335	0.5613333333333334	0.49733333333333335	0.596	0.5093333333333333	0.5586666666666666	0.616	0.0	0.576	0.44533333333333336	0.656	0.436	0.8066666666666666	0.5466666666666666	0.496	0.516	0.7133333333333334	0.564	0.508	0.744	0.444	0.35333333333333333	0.5226666666666666	0.6386666666666667	0.6346666666666667	0.636	0.4746666666666667	0.42933333333333334	0.596	0.5733333333333334	0.5866666666666667	0.548	0.672	0.588	0.6533333333333333	0.6586666666666666	0.7973333333333333	0.668	0.588	0.6453333333333333	0.5813333333333334	0.56	0.5213333333333333	0.7293333333333333	0.5226666666666666	0.7653333333333333	0.6426666666666667	0.6453333333333333	0.6106666666666667	0.732	0.5733333333333334	0.7893333333333333	0.668	0.696	0.6186666666666667	0.6586666666666666	0.72	0.5706666666666667	0.5933333333333334	0.716	0.7013333333333334	0.6026666666666667	0.816	0.6653333333333333	0.9693333333333334	0.8653333333333333	0.956	0.896	0.8333333333333334	0.8786666666666667	0.8786666666666667	0.9066666666666666	0.8626666666666667	0.8093333333333333	0.8333333333333334	0.808	0.8653333333333333	0.8306666666666667	0.7853333333333333	0.644	0.7146666666666667	0.8466666666666667	0.84	0.9146666666666666	0.8213333333333334	0.7933333333333333	0.8346666666666667	0.6746666666666666	0.7946666666666666	0.7866666666666666	0.7346666666666667	0.824	0.864	0.9	0.68	0.8586666666666667	0.8413333333333334
S2017t2_E14-T2b-Female	0.7666666666666667	0.5493333333333333	0.704	0.8293333333333334	0.8906666666666667	0.6146666666666667	0.7893333333333333	0.8586666666666667	0.6866666666666666	0.904	0.6013333333333334	0.6533333333333333	0.948	0.8626666666666667	0.8453333333333334	0.8533333333333334	0.8706666666666667	0.8746666666666667	0.8466666666666667	0.576	0.74	0.7266666666666667	0.72	0.724	0.6306666666666667	0.7626666666666667	0.9253333333333333	0.628	0.8746666666666667	0.808	0.8413333333333334	0.8573333333333333	0.9413333333333334	0.9573333333333334	0.9506666666666667	0.9026666666666666	0.808	0.7973333333333333	0.804	0.7826666666666666	0.7906666666666666	0.788	0.8506666666666667	0.8546666666666667	0.856	0.8586666666666667	0.8573333333333333	0.8266666666666667	0.6093333333333333	0.628	0.5906666666666667	0.7093333333333334	0.6626666666666666	0.6293333333333333	0.628	0.764	0.848	0.7	0.808	0.788	0.7853333333333333	0.7053333333333334	0.7426666666666667	0.8013333333333333	0.812	0.784	0.7613333333333333	0.7826666666666666	0.7493333333333333	0.872	0.7813333333333333	0.9013333333333333	0.732	0.684	0.8373333333333334	0.7106666666666667	0.5933333333333334	0.9213333333333333	0.796	0.8733333333333333	0.9213333333333333	0.9306666666666666	0.848	0.8426666666666667	0.8373333333333334	0.9573333333333334	0.8133333333333334	0.728	0.8266666666666667	0.732	0.764	0.796	0.7493333333333333	0.7186666666666667	0.756	0.8146666666666667	0.7426666666666667	0.668	0.7466666666666667	0.8066666666666666	0.7733333333333333	0.8053333333333333	0.8666666666666667	0.728	0.8	0.7893333333333333	0.82	0.624	0.7053333333333334	0.6826666666666666	0.7333333333333333	0.5186666666666667	0.6666666666666666	0.5266666666666666	0.5813333333333334	0.4866666666666667	0.5053333333333333	0.47733333333333333	0.556	0.424	0.49333333333333335	0.564	0.74	0.436	0.576	0.0	0.37466666666666665	0.488	0.588	0.78	0.6066666666666667	0.5453333333333333	0.42933333333333334	0.44533333333333336	0.496	0.564	0.752	0.424	0.5293333333333333	0.68	0.5173333333333333	0.7426666666666667	0.6346666666666667	0.536	0.652	0.56	0.5213333333333333	0.6413333333333333	0.576	0.684	0.664	0.7333333333333333	0.7413333333333333	0.72	0.4066666666666667	0.66	0.568	0.516	0.612	0.62	0.62	0.7413333333333333	0.6413333333333333	0.7506666666666667	0.5213333333333333	0.5106666666666667	0.564	0.6586666666666666	0.8386666666666667	0.6866666666666666	0.5866666666666667	0.6026666666666667	0.6973333333333334	0.7306666666666667	0.8026666666666666	0.704	0.7866666666666666	0.476	0.896	0.716	0.6453333333333333	0.9613333333333334	0.8533333333333334	0.9466666666666667	0.892	0.632	0.88	0.8506666666666667	0.8813333333333333	0.812	0.5626666666666666	0.604	0.756	0.848	0.5746666666666667	0.8173333333333334	0.496	0.744	0.7786666666666666	0.684	0.908	0.628	0.7506666666666667	0.7853333333333333	0.8906666666666667	0.6973333333333334	0.812	0.8306666666666667	0.6786666666666666	0.796	0.876	0.8106666666666666	0.8453333333333334	0.6306666666666667
S2017t2_E14-T2b-Male	0.7773333333333333	0.616	0.748	0.8133333333333334	0.8813333333333333	0.6253333333333333	0.7693333333333333	0.8893333333333333	0.6333333333333333	0.896	0.692	0.724	0.9506666666666667	0.7173333333333334	0.7546666666666667	0.688	0.668	0.8813333333333333	0.8666666666666667	0.5786666666666667	0.7333333333333333	0.7133333333333334	0.6226666666666667	0.6826666666666666	0.6986666666666667	0.7573333333333333	0.9373333333333334	0.676	0.888	0.848	0.8146666666666667	0.7413333333333333	0.9573333333333334	0.9666666666666667	0.96	0.9146666666666666	0.7053333333333334	0.6453333333333333	0.7573333333333333	0.604	0.764	0.6013333333333334	0.7293333333333333	0.58	0.7586666666666667	0.6266666666666667	0.8	0.5866666666666667	0.6133333333333333	0.6053333333333333	0.6213333333333333	0.7133333333333334	0.628	0.5146666666666667	0.5466666666666666	0.6226666666666667	0.8186666666666667	0.6506666666666666	0.7786666666666666	0.716	0.792	0.6466666666666666	0.5466666666666666	0.7986666666666666	0.6253333333333333	0.756	0.7293333333333333	0.7186666666666667	0.7706666666666667	0.884	0.8066666666666666	0.9066666666666666	0.552	0.6626666666666666	0.8	0.6693333333333333	0.4653333333333333	0.928	0.7266666666666667	0.8346666666666667	0.9293333333333333	0.9453333333333334	0.776	0.8746666666666667	0.8173333333333334	0.9733333333333334	0.812	0.7493333333333333	0.8093333333333333	0.7493333333333333	0.7733333333333333	0.86	0.7893333333333333	0.7333333333333333	0.7493333333333333	0.856	0.74	0.704	0.7573333333333333	0.856	0.828	0.8453333333333334	0.9266666666666666	0.7	0.7853333333333333	0.7973333333333333	0.8253333333333334	0.6266666666666667	0.7253333333333334	0.728	0.732	0.6866666666666666	0.6306666666666667	0.668	0.66	0.6413333333333333	0.43866666666666665	0.5253333333333333	0.5813333333333334	0.6093333333333333	0.5946666666666667	0.584	0.6506666666666666	0.49733333333333335	0.44533333333333336	0.37466666666666665	0.0	0.6133333333333333	0.6533333333333333	0.788	0.412	0.5213333333333333	0.3626666666666667	0.584	0.47733333333333333	0.444	0.724	0.38266666666666665	0.4613333333333333	0.5773333333333334	0.668	0.756	0.656	0.5346666666666666	0.504	0.5	0.5146666666666667	0.5826666666666667	0.3293333333333333	0.62	0.6013333333333334	0.5573333333333333	0.6173333333333333	0.6866666666666666	0.488	0.4706666666666667	0.5413333333333333	0.448	0.4493333333333333	0.508	0.6746666666666666	0.5186666666666667	0.6933333333333334	0.5986666666666667	0.532	0.496	0.62	0.4093333333333333	0.748	0.6746666666666666	0.5466666666666666	0.43866666666666665	0.6293333333333333	0.7253333333333334	0.648	0.49066666666666664	0.6693333333333333	0.5346666666666666	0.8813333333333333	0.7093333333333334	0.5933333333333334	0.9466666666666667	0.8653333333333333	0.944	0.8826666666666667	0.6586666666666666	0.8693333333333333	0.8053333333333333	0.8746666666666667	0.7973333333333333	0.62	0.6493333333333333	0.748	0.8426666666666667	0.6133333333333333	0.7826666666666666	0.556	0.712	0.7746666666666666	0.6773333333333333	0.9026666666666666	0.688	0.7866666666666666	0.78	0.8813333333333333	0.6866666666666666	0.796	0.824	0.6773333333333333	0.7906666666666666	0.876	0.7693333333333333	0.8453333333333334	0.6666666666666666
S2017t2_E16-T2a-Female	0.9013333333333333	0.8773333333333333	0.6453333333333333	0.8373333333333334	0.8293333333333334	0.8866666666666667	0.7386666666666667	0.9346666666666666	0.88	0.9093333333333333	0.9226666666666666	0.86	0.9266666666666666	0.8413333333333334	0.8333333333333334	0.7973333333333333	0.9	0.9506666666666667	0.816	0.8173333333333334	0.8013333333333333	0.9	0.7733333333333333	0.776	0.8946666666666667	0.7493333333333333	0.8306666666666667	0.7973333333333333	0.8	0.8	0.8093333333333333	0.7413333333333333	0.7986666666666666	0.884	0.7973333333333333	0.8266666666666667	0.7866666666666666	0.78	0.7813333333333333	0.76	0.7746666666666666	0.7613333333333333	0.852	0.8426666666666667	0.8693333333333333	0.8146666666666667	0.804	0.8266666666666667	0.6653333333333333	0.7466666666666667	0.752	0.7626666666666667	0.6906666666666667	0.744	0.816	0.8746666666666667	0.8186666666666667	0.8346666666666667	0.7853333333333333	0.736	0.7653333333333333	0.7506666666666667	0.7586666666666667	0.7706666666666667	0.8586666666666667	0.816	0.804	0.7906666666666666	0.776	0.7413333333333333	0.7546666666666667	0.7506666666666667	0.7426666666666667	0.8773333333333333	0.8946666666666667	0.7546666666666667	0.7813333333333333	0.828	0.788	0.82	0.8133333333333334	0.804	0.88	0.8013333333333333	0.7653333333333333	0.868	0.7546666666666667	0.6746666666666666	0.7586666666666667	0.652	0.7093333333333334	0.7946666666666666	0.7573333333333333	0.7293333333333333	0.7373333333333333	0.7866666666666666	0.7186666666666667	0.64	0.7306666666666667	0.7906666666666666	0.7693333333333333	0.744	0.8613333333333333	0.712	0.7866666666666666	0.8013333333333333	0.6986666666666667	0.608	0.7133333333333334	0.6213333333333333	0.6533333333333333	0.5826666666666667	0.656	0.568	0.632	0.4706666666666667	0.504	0.4653333333333333	0.5786666666666667	0.4146666666666667	0.548	0.4866666666666667	0.76	0.468	0.656	0.488	0.6133333333333333	0.0	0.4573333333333333	0.7533333333333333	0.5666666666666667	0.49333333333333335	0.496	0.488	0.5586666666666666	0.49733333333333335	0.6733333333333333	0.548	0.4613333333333333	0.6266666666666667	0.5613333333333334	0.7133333333333334	0.6106666666666667	0.484	0.5986666666666667	0.5013333333333333	0.476	0.772	0.6626666666666666	0.8013333333333333	0.668	0.7426666666666667	0.7626666666666667	0.7506666666666667	0.56	0.7533333333333333	0.5973333333333334	0.604	0.7453333333333333	0.7386666666666667	0.6466666666666666	0.7786666666666666	0.6386666666666667	0.8013333333333333	0.5186666666666667	0.5693333333333334	0.5973333333333334	0.6813333333333333	0.82	0.7173333333333334	0.604	0.5506666666666666	0.7106666666666667	0.7173333333333334	0.8333333333333334	0.6746666666666666	0.72	0.5626666666666666	0.84	0.712	0.7653333333333333	0.9346666666666666	0.8266666666666667	0.94	0.896	0.8946666666666667	0.8533333333333334	0.88	0.916	0.8546666666666667	0.8666666666666667	0.9093333333333333	0.7493333333333333	0.9026666666666666	0.896	0.6666666666666666	0.768	0.72	0.7586666666666667	0.8946666666666667	0.8746666666666667	0.904	0.8586666666666667	0.7666666666666667	0.8306666666666667	0.872	0.7973333333333333	0.7813333333333333	0.872	0.84	0.916	0.7266666666666667	0.852	0.8973333333333333
S2017t2_E16-T2a-Male	0.9346666666666666	0.908	0.6946666666666667	0.8946666666666667	0.8213333333333334	0.9306666666666666	0.7053333333333334	0.964	0.9066666666666666	0.9133333333333333	0.9453333333333334	0.8813333333333333	0.94	0.8933333333333333	0.8866666666666667	0.8746666666666667	0.924	0.9626666666666667	0.8906666666666667	0.888	0.8946666666666667	0.9186666666666666	0.8933333333333333	0.8733333333333333	0.932	0.6573333333333333	0.9306666666666666	0.9133333333333333	0.956	0.9346666666666666	0.884	0.88	0.9386666666666666	0.9493333333333334	0.9533333333333334	0.9253333333333333	0.808	0.76	0.724	0.4826666666666667	0.756	0.5213333333333333	0.8946666666666667	0.8973333333333333	0.9146666666666666	0.8573333333333333	0.8813333333333333	0.8733333333333333	0.5466666666666666	0.4706666666666667	0.7013333333333334	0.8053333333333333	0.45466666666666666	0.6173333333333333	0.8733333333333333	0.9026666666666666	0.896	0.896	0.88	0.46	0.5986666666666667	0.46266666666666667	0.5266666666666666	0.772	0.8973333333333333	0.8413333333333334	0.8613333333333333	0.8453333333333334	0.8573333333333333	0.8813333333333333	0.88	0.832	0.7306666666666667	0.9	0.924	0.7706666666666667	0.8253333333333334	0.928	0.8866666666666667	0.9013333333333333	0.9333333333333333	0.9386666666666666	0.9	0.852	0.8453333333333334	0.9453333333333334	0.832	0.684	0.7666666666666667	0.6306666666666667	0.7373333333333333	0.8626666666666667	0.8133333333333334	0.7746666666666666	0.7973333333333333	0.8506666666666667	0.7826666666666666	0.712	0.7786666666666666	0.8506666666666667	0.832	0.816	0.9213333333333333	0.7666666666666667	0.8293333333333334	0.8426666666666667	0.804	0.6493333333333333	0.744	0.6106666666666667	0.6173333333333333	0.672	0.6906666666666667	0.6813333333333333	0.7053333333333334	0.576	0.49733333333333335	0.492	0.6466666666666666	0.5266666666666666	0.6493333333333333	0.38666666666666666	0.7866666666666666	0.5906666666666667	0.436	0.588	0.6533333333333333	0.4573333333333333	0.0	0.7133333333333334	0.5386666666666666	0.556	0.5426666666666666	0.6186666666666667	0.668	0.5226666666666666	0.6586666666666666	0.58	0.47333333333333333	0.6986666666666667	0.64	0.7613333333333333	0.6266666666666667	0.484	0.4613333333333333	0.5346666666666666	0.536	0.8106666666666666	0.6986666666666667	0.7586666666666667	0.7133333333333334	0.712	0.732	0.7026666666666667	0.6666666666666666	0.808	0.6813333333333333	0.6973333333333334	0.7653333333333333	0.804	0.6973333333333334	0.8053333333333333	0.6533333333333333	0.7546666666666667	0.6306666666666667	0.676	0.672	0.6946666666666667	0.8946666666666667	0.7173333333333334	0.6506666666666666	0.6546666666666666	0.676	0.736	0.8453333333333334	0.7253333333333334	0.7626666666666667	0.6546666666666666	0.5413333333333333	0.7533333333333333	0.772	0.944	0.852	0.9493333333333334	0.9013333333333333	0.936	0.8693333333333333	0.8853333333333333	0.9346666666666666	0.8893333333333333	0.916	0.9426666666666667	0.7986666666666666	0.92	0.9293333333333333	0.7533333333333333	0.7506666666666667	0.7533333333333333	0.776	0.92	0.8866666666666667	0.9266666666666666	0.888	0.7933333333333333	0.668	0.904	0.7986666666666666	0.74	0.912	0.8573333333333333	0.936	0.6493333333333333	0.86	0.9213333333333333
S2017t2_E16-T2b-Female	0.9653333333333334	0.9613333333333334	0.8653333333333333	0.96	0.992	0.9613333333333334	0.94	0.9613333333333334	0.9226666666666666	0.968	0.9733333333333334	0.96	0.9733333333333334	0.8386666666666667	0.8866666666666667	0.8906666666666667	0.92	0.956	0.88	0.888	0.9333333333333333	0.8853333333333333	0.892	0.904	0.916	0.8813333333333333	0.956	0.92	0.948	0.9013333333333333	0.904	0.8786666666666667	0.9586666666666667	0.964	0.968	0.9506666666666667	0.904	0.8946666666666667	0.8933333333333333	0.9013333333333333	0.888	0.9253333333333333	0.9013333333333333	0.908	0.8866666666666667	0.8546666666666667	0.8773333333333333	0.9	0.92	0.8853333333333333	0.8946666666666667	0.892	0.9146666666666666	0.884	0.9173333333333333	0.9146666666666666	0.9253333333333333	0.876	0.912	0.9066666666666666	0.8893333333333333	0.8893333333333333	0.8986666666666666	0.8893333333333333	0.9066666666666666	0.8173333333333334	0.88	0.8706666666666667	0.8906666666666667	0.9266666666666666	0.8853333333333333	0.64	0.8746666666666667	0.8853333333333333	0.8893333333333333	0.8906666666666667	0.876	0.9453333333333334	0.8746666666666667	0.9373333333333334	0.952	0.9426666666666667	0.876	0.8853333333333333	0.8866666666666667	0.9706666666666667	0.8973333333333333	0.7866666666666666	0.7466666666666667	0.756	0.6066666666666667	0.916	0.8853333333333333	0.9253333333333333	0.904	0.868	0.8493333333333334	0.816	0.8613333333333333	0.8946666666666667	0.876	0.9133333333333333	0.9506666666666667	0.9053333333333333	0.9453333333333334	0.932	0.8866666666666667	0.848	0.9186666666666666	0.8786666666666667	0.9106666666666666	0.8546666666666667	0.844	0.8506666666666667	0.852	0.7893333333333333	0.7853333333333333	0.772	0.776	0.784	0.7813333333333333	0.828	0.7893333333333333	0.776	0.8066666666666666	0.78	0.788	0.7533333333333333	0.7133333333333334	0.0	0.7413333333333333	0.7453333333333333	0.6773333333333333	0.784	0.7733333333333333	0.5613333333333334	0.49066666666666664	0.696	0.756	0.7573333333333333	0.7533333333333333	0.84	0.792	0.7653333333333333	0.6986666666666667	0.7453333333333333	0.78	0.7813333333333333	0.76	0.464	0.7693333333333333	0.732	0.7546666666666667	0.4186666666666667	0.7706666666666667	0.8053333333333333	0.7653333333333333	0.764	0.776	0.7746666666666666	0.792	0.7893333333333333	0.7573333333333333	0.644	0.7386666666666667	0.7626666666666667	0.7853333333333333	0.744	0.8866666666666667	0.5093333333333333	0.7333333333333333	0.7786666666666666	0.7466666666666667	0.7813333333333333	0.82	0.7613333333333333	0.7866666666666666	0.7546666666666667	0.992	0.8493333333333334	0.9666666666666667	0.976	0.9626666666666667	0.976	0.9693333333333334	0.9693333333333334	0.9826666666666667	0.9586666666666667	0.9586666666666667	0.9626666666666667	0.9653333333333334	0.96	0.94	0.9733333333333334	0.96	0.9333333333333333	0.972	0.9253333333333333	0.8733333333333333	0.9626666666666667	0.9653333333333334	0.964	0.936	0.9426666666666667	0.992	0.9613333333333334	0.9586666666666667	0.9706666666666667	0.96	0.8946666666666667	0.9666666666666667	0.9426666666666667	0.968	0.9706666666666667
S2017t2_E16-T2b-Male	0.9306666666666666	0.852	0.7333333333333333	0.8493333333333334	0.896	0.876	0.8146666666666667	0.9573333333333334	0.808	0.9266666666666666	0.9133333333333333	0.856	0.9546666666666667	0.704	0.8106666666666666	0.6066666666666667	0.6386666666666667	0.952	0.86	0.832	0.8546666666666667	0.9	0.784	0.828	0.9173333333333333	0.7746666666666666	0.9426666666666667	0.8946666666666667	0.9586666666666667	0.932	0.856	0.7653333333333333	0.9453333333333334	0.968	0.96	0.948	0.72	0.64	0.7786666666666666	0.608	0.78	0.536	0.7426666666666667	0.5613333333333334	0.7746666666666666	0.6093333333333333	0.8213333333333334	0.5333333333333333	0.8053333333333333	0.7786666666666666	0.8026666666666666	0.8053333333333333	0.732	0.668	0.8293333333333334	0.7933333333333333	0.848	0.8386666666666667	0.8266666666666667	0.7146666666666667	0.8	0.7306666666666667	0.6173333333333333	0.796	0.6413333333333333	0.7173333333333334	0.8013333333333333	0.7173333333333334	0.8293333333333334	0.8893333333333333	0.8733333333333333	0.8653333333333333	0.6173333333333333	0.864	0.8653333333333333	0.76	0.62	0.944	0.7386666666666667	0.8906666666666667	0.9426666666666667	0.9626666666666667	0.8186666666666667	0.8373333333333334	0.8026666666666666	0.9626666666666667	0.7933333333333333	0.6853333333333333	0.7653333333333333	0.696	0.732	0.8533333333333334	0.78	0.7466666666666667	0.76	0.8186666666666667	0.7386666666666667	0.6866666666666666	0.728	0.8266666666666667	0.8093333333333333	0.8053333333333333	0.9106666666666666	0.728	0.7786666666666666	0.7973333333333333	0.7493333333333333	0.6493333333333333	0.7253333333333334	0.7266666666666667	0.7093333333333334	0.6826666666666666	0.6346666666666667	0.692	0.692	0.672	0.3933333333333333	0.5426666666666666	0.608	0.592	0.6133333333333333	0.5893333333333334	0.6613333333333333	0.6	0.5466666666666666	0.6066666666666667	0.412	0.5666666666666667	0.5386666666666666	0.7413333333333333	0.0	0.492	0.37333333333333335	0.612	0.524	0.4866666666666667	0.6786666666666666	0.5026666666666667	0.48933333333333334	0.512	0.6506666666666666	0.7093333333333334	0.5146666666666667	0.552	0.364	0.43866666666666665	0.468	0.74	0.3933333333333333	0.612	0.6266666666666667	0.49333333333333335	0.4746666666666667	0.7293333333333333	0.608	0.6133333333333333	0.6066666666666667	0.4	0.5546666666666666	0.664	0.732	0.41733333333333333	0.6826666666666666	0.656	0.5066666666666667	0.472	0.6306666666666667	0.37733333333333335	0.776	0.732	0.5866666666666667	0.44266666666666665	0.6146666666666667	0.7173333333333334	0.6586666666666666	0.5213333333333333	0.6453333333333333	0.6226666666666667	0.8986666666666666	0.7546666666666667	0.7986666666666666	0.9653333333333334	0.852	0.9573333333333334	0.9106666666666666	0.8933333333333333	0.892	0.8813333333333333	0.932	0.836	0.8626666666666667	0.888	0.816	0.9106666666666666	0.856	0.812	0.8013333333333333	0.8226666666666667	0.7866666666666666	0.904	0.9013333333333333	0.8986666666666666	0.876	0.8066666666666666	0.896	0.8386666666666667	0.84	0.828	0.864	0.8586666666666667	0.9386666666666666	0.8173333333333334	0.8653333333333333	0.916
S2017t2_E17-T2a-Female	0.9066666666666666	0.784	0.6746666666666666	0.7586666666666667	0.8533333333333334	0.7906666666666666	0.7653333333333333	0.928	0.78	0.8946666666666667	0.904	0.828	0.9186666666666666	0.5733333333333334	0.7746666666666666	0.728	0.8493333333333334	0.9533333333333334	0.8546666666666667	0.7773333333333333	0.8493333333333334	0.6533333333333333	0.7213333333333334	0.7773333333333333	0.9093333333333333	0.5146666666666667	0.94	0.8706666666666667	0.9333333333333333	0.8853333333333333	0.8333333333333334	0.7706666666666667	0.928	0.9506666666666667	0.9466666666666667	0.924	0.516	0.48533333333333334	0.5146666666666667	0.7026666666666667	0.5146666666666667	0.68	0.6773333333333333	0.704	0.6133333333333333	0.6866666666666666	0.8186666666666667	0.736	0.7333333333333333	0.6653333333333333	0.7493333333333333	0.5546666666666666	0.7426666666666667	0.66	0.7946666666666666	0.776	0.7733333333333333	0.5733333333333334	0.7986666666666666	0.7053333333333334	0.5573333333333333	0.6893333333333334	0.7173333333333334	0.5533333333333333	0.8053333333333333	0.5786666666666667	0.8133333333333334	0.7893333333333333	0.824	0.8813333333333333	0.8386666666666667	0.8653333333333333	0.4693333333333333	0.812	0.624	0.6986666666666667	0.6506666666666666	0.916	0.736	0.8626666666666667	0.92	0.92	0.732	0.6013333333333334	0.7186666666666667	0.952	0.772	0.6373333333333333	0.7106666666666667	0.5986666666666667	0.6426666666666667	0.7453333333333333	0.724	0.6586666666666666	0.672	0.5466666666666666	0.696	0.5626666666666666	0.66	0.7853333333333333	0.7706666666666667	0.72	0.892	0.64	0.7213333333333334	0.7973333333333333	0.764	0.6293333333333333	0.732	0.7	0.708	0.6146666666666667	0.6106666666666667	0.64	0.632	0.5506666666666666	0.5106666666666667	0.2866666666666667	0.3453333333333333	0.376	0.4533333333333333	0.45066666666666666	0.46266666666666667	0.44266666666666665	0.496	0.5453333333333333	0.5213333333333333	0.49333333333333335	0.556	0.7453333333333333	0.492	0.0	0.44	0.524	0.524	0.49466666666666664	0.6893333333333334	0.38266666666666665	0.2866666666666667	0.41733333333333333	0.39866666666666667	0.5066666666666667	0.564	0.296	0.4573333333333333	0.38666666666666666	0.4613333333333333	0.5373333333333333	0.6533333333333333	0.7733333333333333	0.4026666666666667	0.6813333333333333	0.6786666666666666	0.7506666666666667	0.5706666666666667	0.7106666666666667	0.46266666666666667	0.524	0.672	0.5973333333333334	0.7226666666666667	0.548	0.652	0.7546666666666667	0.528	0.5893333333333334	0.668	0.656	0.8066666666666666	0.656	0.48	0.54	0.664	0.7066666666666667	0.54	0.652	0.7226666666666667	0.6253333333333333	0.86	0.7093333333333334	0.7213333333333334	0.9306666666666666	0.8173333333333334	0.9293333333333333	0.8866666666666667	0.804	0.84	0.8453333333333334	0.9	0.7453333333333333	0.8373333333333334	0.8386666666666667	0.7453333333333333	0.8866666666666667	0.8186666666666667	0.7466666666666667	0.744	0.7653333333333333	0.756	0.872	0.8653333333333333	0.8746666666666667	0.86	0.7573333333333333	0.8453333333333334	0.776	0.8066666666666666	0.7786666666666666	0.8213333333333334	0.8466666666666667	0.916	0.7426666666666667	0.8333333333333334	0.888
S2017t2_E17-T2a-Male	0.9333333333333333	0.8693333333333333	0.7093333333333334	0.8146666666666667	0.888	0.9	0.824	0.9626666666666667	0.8226666666666667	0.9186666666666666	0.9093333333333333	0.876	0.9546666666666667	0.7013333333333334	0.7573333333333333	0.688	0.7133333333333334	0.9613333333333334	0.8733333333333333	0.8306666666666667	0.8533333333333334	0.896	0.7466666666666667	0.792	0.9333333333333333	0.768	0.9626666666666667	0.8986666666666666	0.9373333333333334	0.8986666666666666	0.852	0.7733333333333333	0.94	0.9573333333333334	0.9666666666666667	0.9413333333333334	0.6826666666666666	0.6106666666666667	0.7346666666666667	0.5706666666666667	0.7493333333333333	0.564	0.7266666666666667	0.5946666666666667	0.7626666666666667	0.604	0.808	0.5693333333333334	0.788	0.748	0.7986666666666666	0.7733333333333333	0.744	0.6386666666666667	0.7986666666666666	0.772	0.824	0.82	0.8066666666666666	0.7053333333333334	0.788	0.704	0.5893333333333334	0.7773333333333333	0.7453333333333333	0.7426666666666667	0.8453333333333334	0.7586666666666667	0.8506666666666667	0.896	0.852	0.8026666666666666	0.596	0.8453333333333334	0.864	0.7493333333333333	0.6413333333333333	0.9346666666666666	0.792	0.8306666666666667	0.928	0.9333333333333333	0.8146666666666667	0.8333333333333334	0.7786666666666666	0.972	0.7453333333333333	0.6333333333333333	0.6813333333333333	0.612	0.624	0.8373333333333334	0.7746666666666666	0.6933333333333334	0.7533333333333333	0.7813333333333333	0.7066666666666667	0.632	0.7053333333333334	0.8266666666666667	0.8	0.808	0.896	0.6653333333333333	0.7626666666666667	0.7746666666666666	0.8026666666666666	0.608	0.6893333333333334	0.7106666666666667	0.68	0.5013333333333333	0.5773333333333334	0.4693333333333333	0.5493333333333333	0.492	0.2813333333333333	0.37466666666666665	0.4786666666666667	0.4013333333333333	0.432	0.49333333333333335	0.6266666666666667	0.38533333333333336	0.516	0.42933333333333334	0.3626666666666667	0.496	0.5426666666666666	0.6773333333333333	0.37333333333333335	0.44	0.0	0.37733333333333335	0.2906666666666667	0.4186666666666667	0.6133333333333333	0.45066666666666666	0.42933333333333334	0.5626666666666666	0.5106666666666667	0.728	0.6253333333333333	0.43866666666666665	0.384	0.4	0.39466666666666667	0.7533333333333333	0.4666666666666667	0.6813333333333333	0.5746666666666667	0.49733333333333335	0.5386666666666666	0.6586666666666666	0.49066666666666664	0.6546666666666666	0.49066666666666664	0.304	0.6093333333333333	0.676	0.728	0.5386666666666666	0.6346666666666667	0.6066666666666667	0.4053333333333333	0.31733333333333336	0.6826666666666666	0.456	0.8146666666666667	0.6173333333333333	0.4493333333333333	0.392	0.5506666666666666	0.6973333333333334	0.6373333333333333	0.48133333333333334	0.672	0.484	0.888	0.7933333333333333	0.7533333333333333	0.9573333333333334	0.8733333333333333	0.948	0.9093333333333333	0.848	0.8733333333333333	0.9	0.932	0.808	0.844	0.908	0.832	0.9293333333333333	0.88	0.8346666666666667	0.7533333333333333	0.8226666666666667	0.784	0.912	0.9146666666666666	0.9026666666666666	0.8893333333333333	0.844	0.888	0.8493333333333334	0.8506666666666667	0.8146666666666667	0.8946666666666667	0.8986666666666666	0.9493333333333334	0.8333333333333334	0.86	0.908
S2017t2_E17-T2b-Female	0.916	0.8173333333333334	0.6973333333333334	0.7386666666666667	0.9226666666666666	0.848	0.836	0.932	0.88	0.8813333333333333	0.8986666666666666	0.8213333333333334	0.9373333333333334	0.8466666666666667	0.748	0.7306666666666667	0.9213333333333333	0.9493333333333334	0.8293333333333334	0.864	0.8066666666666666	0.8986666666666666	0.7293333333333333	0.708	0.9226666666666666	0.8226666666666667	0.9293333333333333	0.872	0.9186666666666666	0.884	0.8506666666666667	0.836	0.9173333333333333	0.9426666666666667	0.94	0.904	0.8653333333333333	0.8333333333333334	0.8626666666666667	0.824	0.844	0.8106666666666666	0.724	0.7173333333333334	0.8133333333333334	0.7266666666666667	0.7413333333333333	0.7133333333333334	0.812	0.8346666666666667	0.8586666666666667	0.8466666666666667	0.7906666666666666	0.82	0.7826666666666666	0.812	0.752	0.8533333333333334	0.74	0.792	0.848	0.828	0.8253333333333334	0.844	0.8706666666666667	0.7893333333333333	0.82	0.7773333333333333	0.82	0.8546666666666667	0.8346666666666667	0.9053333333333333	0.8253333333333334	0.832	0.9	0.8013333333333333	0.728	0.9173333333333333	0.828	0.7773333333333333	0.9146666666666666	0.9053333333333333	0.8626666666666667	0.8053333333333333	0.7106666666666667	0.944	0.6746666666666666	0.6706666666666666	0.704	0.6893333333333334	0.6773333333333333	0.7386666666666667	0.6946666666666667	0.652	0.672	0.732	0.648	0.588	0.652	0.7693333333333333	0.732	0.7506666666666667	0.86	0.6106666666666667	0.7253333333333334	0.7226666666666667	0.7253333333333334	0.5933333333333334	0.7053333333333334	0.704	0.664	0.43466666666666665	0.548	0.39066666666666666	0.45066666666666666	0.5333333333333333	0.4866666666666667	0.52	0.5706666666666667	0.36533333333333334	0.336	0.4693333333333333	0.7386666666666667	0.37333333333333335	0.7133333333333334	0.44533333333333336	0.584	0.488	0.6186666666666667	0.784	0.612	0.524	0.37733333333333335	0.0	0.30533333333333335	0.6253333333333333	0.7586666666666667	0.528	0.5426666666666666	0.6106666666666667	0.5373333333333333	0.7706666666666667	0.664	0.476	0.6306666666666667	0.48133333333333334	0.572	0.7733333333333333	0.6253333333333333	0.8333333333333334	0.6466666666666666	0.6853333333333333	0.6773333333333333	0.6986666666666667	0.42933333333333334	0.7373333333333333	0.45466666666666666	0.44	0.7133333333333334	0.736	0.7066666666666667	0.7173333333333334	0.596	0.784	0.39466666666666667	0.4226666666666667	0.6253333333333333	0.6493333333333333	0.8546666666666667	0.6826666666666666	0.372	0.5306666666666666	0.6533333333333333	0.7093333333333334	0.7946666666666666	0.5493333333333333	0.7226666666666667	0.4266666666666667	0.932	0.764	0.732	0.9253333333333333	0.8906666666666667	0.9173333333333333	0.9066666666666666	0.7666666666666667	0.908	0.8813333333333333	0.8973333333333333	0.7293333333333333	0.788	0.8573333333333333	0.832	0.8986666666666666	0.8226666666666667	0.84	0.7453333333333333	0.8253333333333334	0.744	0.8866666666666667	0.9026666666666666	0.86	0.8773333333333333	0.8493333333333334	0.9226666666666666	0.7973333333333333	0.8613333333333333	0.8386666666666667	0.836	0.8693333333333333	0.92	0.832	0.8573333333333333	0.8786666666666667
S2017t2_E17-T2b-Male	0.9253333333333333	0.8813333333333333	0.756	0.836	0.9573333333333334	0.9	0.904	0.9626666666666667	0.812	0.932	0.916	0.8826666666666667	0.9533333333333334	0.708	0.7773333333333333	0.708	0.7666666666666667	0.9626666666666667	0.8986666666666666	0.824	0.8733333333333333	0.8693333333333333	0.7693333333333333	0.8146666666666667	0.9293333333333333	0.8306666666666667	0.9573333333333334	0.9	0.936	0.896	0.8586666666666667	0.7773333333333333	0.948	0.9626666666666667	0.9653333333333334	0.9466666666666667	0.74	0.7013333333333334	0.792	0.72	0.808	0.72	0.7493333333333333	0.664	0.76	0.6653333333333333	0.828	0.6533333333333333	0.8626666666666667	0.816	0.8586666666666667	0.8413333333333334	0.8266666666666667	0.7106666666666667	0.7946666666666666	0.772	0.8466666666666667	0.8053333333333333	0.8293333333333334	0.7893333333333333	0.8493333333333334	0.7733333333333333	0.728	0.8413333333333334	0.7466666666666667	0.7866666666666666	0.848	0.7893333333333333	0.86	0.9013333333333333	0.848	0.884	0.6893333333333334	0.8506666666666667	0.8386666666666667	0.832	0.692	0.9373333333333334	0.7773333333333333	0.84	0.928	0.9413333333333334	0.8	0.8386666666666667	0.808	0.972	0.7866666666666666	0.7866666666666666	0.7986666666666666	0.804	0.7746666666666666	0.852	0.784	0.7826666666666666	0.7746666666666666	0.7986666666666666	0.732	0.7226666666666667	0.7653333333333333	0.852	0.8266666666666667	0.8506666666666667	0.9146666666666666	0.756	0.8213333333333334	0.8146666666666667	0.8413333333333334	0.6906666666666667	0.788	0.7893333333333333	0.7813333333333333	0.5426666666666666	0.676	0.4746666666666667	0.5933333333333334	0.536	0.38133333333333336	0.43066666666666664	0.496	0.432	0.24133333333333334	0.58	0.6306666666666667	0.4666666666666667	0.564	0.496	0.47733333333333333	0.5586666666666666	0.668	0.7733333333333333	0.524	0.524	0.2906666666666667	0.30533333333333335	0.0	0.608	0.7746666666666666	0.49066666666666664	0.49333333333333335	0.5666666666666667	0.5213333333333333	0.768	0.692	0.5253333333333333	0.576	0.52	0.496	0.7413333333333333	0.5173333333333333	0.7613333333333333	0.552	0.5893333333333334	0.6133333333333333	0.7693333333333333	0.504	0.6573333333333333	0.48533333333333334	0.35333333333333333	0.628	0.6533333333333333	0.716	0.5773333333333334	0.6493333333333333	0.7053333333333334	0.436	0.3253333333333333	0.6813333333333333	0.5253333333333333	0.7986666666666666	0.7	0.484	0.45066666666666666	0.6293333333333333	0.7626666666666667	0.6413333333333333	0.504	0.6866666666666666	0.44533333333333336	0.9573333333333334	0.804	0.8386666666666667	0.952	0.92	0.9506666666666667	0.9386666666666666	0.8626666666666667	0.9493333333333334	0.9293333333333333	0.9306666666666666	0.836	0.8506666666666667	0.92	0.9053333333333333	0.9466666666666667	0.8906666666666667	0.9106666666666666	0.844	0.8946666666666667	0.8066666666666666	0.9066666666666666	0.94	0.9093333333333333	0.8813333333333333	0.9213333333333333	0.9573333333333334	0.8653333333333333	0.9266666666666666	0.8986666666666666	0.9	0.9106666666666666	0.94	0.9066666666666666	0.9173333333333333	0.904
S2017t2_E19-T2a-Female	0.8786666666666667	0.7893333333333333	0.704	0.824	0.852	0.824	0.7226666666666667	0.8946666666666667	0.7573333333333333	0.884	0.868	0.8373333333333334	0.9426666666666667	0.7093333333333334	0.76	0.7013333333333334	0.7653333333333333	0.9053333333333333	0.792	0.74	0.808	0.8226666666666667	0.7186666666666667	0.756	0.8573333333333333	0.7053333333333334	0.9133333333333333	0.8106666666666666	0.872	0.84	0.7866666666666666	0.7226666666666667	0.9346666666666666	0.9426666666666667	0.9453333333333334	0.8826666666666667	0.6946666666666667	0.6853333333333333	0.712	0.6626666666666666	0.724	0.6493333333333333	0.7266666666666667	0.7066666666666667	0.736	0.692	0.7426666666666667	0.6866666666666666	0.624	0.6266666666666667	0.7053333333333334	0.6933333333333334	0.6413333333333333	0.5866666666666667	0.7386666666666667	0.7333333333333333	0.8226666666666667	0.7453333333333333	0.78	0.6613333333333333	0.7466666666666667	0.6253333333333333	0.604	0.7333333333333333	0.68	0.6666666666666666	0.7173333333333334	0.6893333333333334	0.7373333333333333	0.848	0.7826666666666666	0.668	0.5986666666666667	0.7613333333333333	0.7946666666666666	0.624	0.6	0.9146666666666666	0.6986666666666667	0.828	0.912	0.924	0.7613333333333333	0.808	0.7506666666666667	0.96	0.7386666666666667	0.6333333333333333	0.6453333333333333	0.5546666666666666	0.592	0.8373333333333334	0.764	0.7293333333333333	0.748	0.8133333333333334	0.7573333333333333	0.664	0.7253333333333334	0.832	0.8106666666666666	0.812	0.912	0.716	0.7613333333333333	0.7826666666666666	0.7186666666666667	0.6706666666666666	0.7066666666666667	0.656	0.6826666666666666	0.7173333333333334	0.6746666666666666	0.7053333333333334	0.716	0.6306666666666667	0.5226666666666666	0.508	0.64	0.5893333333333334	0.6413333333333333	0.5653333333333334	0.6533333333333333	0.5226666666666666	0.508	0.564	0.444	0.49733333333333335	0.5226666666666666	0.5613333333333334	0.4866666666666667	0.49466666666666664	0.4186666666666667	0.6253333333333333	0.608	0.0	0.43866666666666665	0.43733333333333335	0.408	0.5906666666666667	0.6826666666666666	0.7506666666666667	0.652	0.5453333333333333	0.4186666666666667	0.464	0.5026666666666667	0.6813333333333333	0.532	0.552	0.6466666666666666	0.576	0.5906666666666667	0.4746666666666667	0.6053333333333333	0.6013333333333334	0.5973333333333334	0.576	0.568	0.6053333333333333	0.7346666666666667	0.6426666666666667	0.684	0.428	0.5106666666666667	0.58	0.648	0.548	0.752	0.5146666666666667	0.576	0.528	0.548	0.6613333333333333	0.7026666666666667	0.548	0.6213333333333333	0.56	0.852	0.6666666666666666	0.7066666666666667	0.94	0.832	0.936	0.8866666666666667	0.8426666666666667	0.8666666666666667	0.8053333333333333	0.8733333333333333	0.8293333333333334	0.8213333333333334	0.8266666666666667	0.692	0.8626666666666667	0.7933333333333333	0.66	0.7133333333333334	0.6733333333333333	0.7906666666666666	0.836	0.8586666666666667	0.8493333333333334	0.824	0.7213333333333334	0.852	0.792	0.7386666666666667	0.7906666666666666	0.7973333333333333	0.724	0.8866666666666667	0.6866666666666666	0.8293333333333334	0.8426666666666667
S2017t2_E19-T2a-Male	0.9333333333333333	0.9	0.7706666666666667	0.8893333333333333	0.9146666666666666	0.9373333333333334	0.8306666666666667	0.9573333333333334	0.8693333333333333	0.892	0.9493333333333334	0.908	0.9493333333333334	0.8106666666666666	0.828	0.84	0.9026666666666666	0.9693333333333334	0.86	0.8346666666666667	0.8866666666666667	0.8866666666666667	0.844	0.864	0.932	0.816	0.964	0.9173333333333333	0.964	0.932	0.8493333333333334	0.8333333333333334	0.9466666666666667	0.9573333333333334	0.9706666666666667	0.916	0.8253333333333334	0.82	0.8173333333333334	0.8	0.8173333333333334	0.7906666666666666	0.8493333333333334	0.84	0.852	0.8106666666666666	0.852	0.8426666666666667	0.76	0.7746666666666666	0.836	0.8106666666666666	0.7973333333333333	0.7893333333333333	0.8466666666666667	0.864	0.8853333333333333	0.8546666666666667	0.872	0.7986666666666666	0.8266666666666667	0.7986666666666666	0.7906666666666666	0.808	0.8586666666666667	0.8093333333333333	0.852	0.8106666666666666	0.8493333333333334	0.9146666666666666	0.876	0.6586666666666666	0.7933333333333333	0.8626666666666667	0.896	0.7746666666666666	0.7973333333333333	0.9173333333333333	0.8333333333333334	0.8906666666666667	0.948	0.948	0.86	0.8146666666666667	0.7773333333333333	0.968	0.7586666666666667	0.696	0.6426666666666667	0.632	0.516	0.8733333333333333	0.8333333333333334	0.82	0.8173333333333334	0.7986666666666666	0.84	0.732	0.7893333333333333	0.86	0.8253333333333334	0.824	0.9266666666666666	0.7866666666666666	0.828	0.8333333333333334	0.7746666666666666	0.7973333333333333	0.816	0.804	0.808	0.7893333333333333	0.768	0.8053333333333333	0.824	0.7693333333333333	0.712	0.72	0.6986666666666667	0.7773333333333333	0.7333333333333333	0.7573333333333333	0.7773333333333333	0.6986666666666667	0.744	0.752	0.724	0.6733333333333333	0.6586666666666666	0.49066666666666664	0.6786666666666666	0.6893333333333334	0.6133333333333333	0.7586666666666667	0.7746666666666666	0.43866666666666665	0.0	0.6666666666666666	0.6493333333333333	0.7373333333333333	0.7226666666666667	0.736	0.64	0.712	0.62	0.66	0.6853333333333333	0.768	0.7653333333333333	0.5186666666666667	0.784	0.6333333333333333	0.74	0.4866666666666667	0.7693333333333333	0.8	0.772	0.7613333333333333	0.7733333333333333	0.8133333333333334	0.852	0.7653333333333333	0.776	0.596	0.708	0.7626666666666667	0.784	0.7653333333333333	0.8706666666666667	0.48133333333333334	0.7386666666666667	0.7373333333333333	0.6973333333333334	0.6733333333333333	0.7893333333333333	0.74	0.752	0.7586666666666667	0.9146666666666666	0.7746666666666666	0.856	0.936	0.8306666666666667	0.9386666666666666	0.896	0.936	0.8986666666666666	0.8546666666666667	0.9173333333333333	0.88	0.9093333333333333	0.94	0.78	0.924	0.908	0.78	0.8573333333333333	0.8173333333333334	0.8546666666666667	0.912	0.8493333333333334	0.9266666666666666	0.904	0.808	0.9146666666666666	0.896	0.8453333333333334	0.8613333333333333	0.908	0.824	0.944	0.784	0.848	0.9066666666666666
S2017t2_E19-T2b-Female	0.788	0.7213333333333334	0.7106666666666667	0.8053333333333333	0.928	0.7466666666666667	0.8346666666666667	0.9066666666666666	0.6746666666666666	0.9066666666666666	0.7786666666666666	0.7546666666666667	0.956	0.6586666666666666	0.748	0.7333333333333333	0.8066666666666666	0.876	0.8093333333333333	0.6533333333333333	0.7266666666666667	0.6213333333333333	0.596	0.66	0.7693333333333333	0.672	0.9293333333333333	0.7346666666666667	0.8946666666666667	0.828	0.8053333333333333	0.7746666666666666	0.948	0.96	0.9573333333333334	0.912	0.688	0.6826666666666666	0.6813333333333333	0.7733333333333333	0.684	0.7746666666666666	0.72	0.732	0.6733333333333333	0.696	0.7346666666666667	0.696	0.6866666666666666	0.588	0.6533333333333333	0.632	0.6466666666666666	0.5786666666666667	0.644	0.6173333333333333	0.7893333333333333	0.5586666666666666	0.744	0.7373333333333333	0.7093333333333334	0.6613333333333333	0.716	0.712	0.7373333333333333	0.6186666666666667	0.7413333333333333	0.6866666666666666	0.776	0.8746666666666667	0.7786666666666666	0.776	0.6093333333333333	0.6733333333333333	0.6933333333333334	0.7	0.5506666666666666	0.928	0.692	0.8373333333333334	0.924	0.94	0.7306666666666667	0.7466666666666667	0.776	0.968	0.78	0.7426666666666667	0.7866666666666666	0.7613333333333333	0.724	0.868	0.8066666666666666	0.7586666666666667	0.78	0.7266666666666667	0.7533333333333333	0.696	0.744	0.8533333333333334	0.8346666666666667	0.8386666666666667	0.9333333333333333	0.7306666666666667	0.7866666666666666	0.816	0.7266666666666667	0.6386666666666667	0.7586666666666667	0.768	0.7413333333333333	0.66	0.64	0.6253333333333333	0.6186666666666667	0.604	0.5706666666666667	0.43333333333333335	0.476	0.4786666666666667	0.46	0.5586666666666666	0.5893333333333334	0.436	0.444	0.424	0.38266666666666665	0.548	0.58	0.696	0.5026666666666667	0.38266666666666665	0.45066666666666666	0.528	0.49066666666666664	0.43733333333333335	0.6666666666666666	0.0	0.368	0.49333333333333335	0.48533333333333334	0.6466666666666666	0.632	0.416	0.5973333333333334	0.4746666666666667	0.532	0.488	0.44	0.5786666666666667	0.504	0.6453333333333333	0.656	0.6333333333333333	0.43733333333333335	0.5786666666666667	0.5	0.52	0.524	0.45466666666666666	0.6146666666666667	0.58	0.608	0.5746666666666667	0.41733333333333333	0.5386666666666666	0.5106666666666667	0.5093333333333333	0.7706666666666667	0.6066666666666667	0.4706666666666667	0.5306666666666666	0.6426666666666667	0.6693333333333333	0.6213333333333333	0.5733333333333334	0.6053333333333333	0.43866666666666665	0.928	0.7266666666666667	0.6586666666666666	0.9626666666666667	0.8706666666666667	0.956	0.8906666666666667	0.7266666666666667	0.9173333333333333	0.8386666666666667	0.896	0.8	0.7146666666666667	0.7573333333333333	0.8133333333333334	0.8533333333333334	0.7346666666666667	0.8226666666666667	0.668	0.78	0.7826666666666666	0.7533333333333333	0.8973333333333333	0.772	0.788	0.8466666666666667	0.928	0.7093333333333334	0.836	0.8746666666666667	0.7506666666666667	0.7453333333333333	0.896	0.8333333333333334	0.872	0.768
S2017t2_E19-T2b-Male	0.8813333333333333	0.8226666666666667	0.6426666666666667	0.7746666666666666	0.7946666666666666	0.852	0.6573333333333333	0.904	0.7786666666666666	0.8453333333333334	0.8813333333333333	0.8413333333333334	0.908	0.6133333333333333	0.7586666666666667	0.7146666666666667	0.796	0.9333333333333333	0.8293333333333334	0.768	0.7946666666666666	0.7133333333333334	0.7266666666666667	0.7733333333333333	0.8946666666666667	0.5053333333333333	0.916	0.8626666666666667	0.9093333333333333	0.8493333333333334	0.784	0.7226666666666667	0.9173333333333333	0.936	0.924	0.876	0.528	0.48933333333333334	0.49466666666666664	0.5773333333333334	0.524	0.5733333333333334	0.7426666666666667	0.6986666666666667	0.6066666666666667	0.6973333333333334	0.8146666666666667	0.6813333333333333	0.5773333333333334	0.528	0.6213333333333333	0.572	0.572	0.49466666666666664	0.7453333333333333	0.728	0.8	0.6413333333333333	0.7853333333333333	0.5733333333333334	0.5226666666666666	0.5466666666666666	0.5493333333333333	0.56	0.744	0.624	0.7773333333333333	0.744	0.7933333333333333	0.8573333333333333	0.78	0.8653333333333333	0.43866666666666665	0.7826666666666666	0.7	0.6626666666666666	0.636	0.8986666666666666	0.692	0.8066666666666666	0.9186666666666666	0.9093333333333333	0.736	0.656	0.7453333333333333	0.9453333333333334	0.74	0.6946666666666667	0.76	0.6466666666666666	0.6986666666666667	0.8146666666666667	0.7293333333333333	0.704	0.7186666666666667	0.6546666666666666	0.712	0.6293333333333333	0.7026666666666667	0.8186666666666667	0.8013333333333333	0.7986666666666666	0.896	0.6906666666666667	0.748	0.788	0.764	0.588	0.6853333333333333	0.5946666666666667	0.6026666666666667	0.6386666666666667	0.5986666666666667	0.612	0.6266666666666667	0.52	0.3973333333333333	0.244	0.42533333333333334	0.348	0.44	0.4186666666666667	0.516	0.43066666666666664	0.35333333333333333	0.5293333333333333	0.4613333333333333	0.4613333333333333	0.47333333333333333	0.756	0.48933333333333334	0.2866666666666667	0.42933333333333334	0.5426666666666666	0.49333333333333335	0.408	0.6493333333333333	0.368	0.0	0.4106666666666667	0.468	0.5733333333333334	0.54	0.25466666666666665	0.4146666666666667	0.42	0.4493333333333333	0.616	0.5626666666666666	0.7413333333333333	0.4666666666666667	0.632	0.6426666666666667	0.736	0.5973333333333334	0.6653333333333333	0.5186666666666667	0.5173333333333333	0.6373333333333333	0.568	0.6973333333333334	0.5493333333333333	0.6386666666666667	0.7173333333333334	0.5106666666666667	0.54	0.684	0.5826666666666667	0.7893333333333333	0.644	0.5333333333333333	0.5133333333333333	0.62	0.6773333333333333	0.5773333333333334	0.5866666666666667	0.664	0.596	0.7693333333333333	0.684	0.664	0.9053333333333333	0.7946666666666666	0.904	0.856	0.8333333333333334	0.8346666666666667	0.8146666666666667	0.86	0.7746666666666666	0.7973333333333333	0.856	0.6973333333333334	0.8653333333333333	0.8133333333333334	0.6813333333333333	0.6346666666666667	0.6813333333333333	0.724	0.848	0.828	0.848	0.8213333333333334	0.7346666666666667	0.76	0.8026666666666666	0.7373333333333333	0.6866666666666666	0.8253333333333334	0.82	0.8773333333333333	0.62	0.788	0.8333333333333334
S2017t2_E23-T2a-Female	0.9253333333333333	0.8213333333333334	0.804	0.8	0.9466666666666667	0.8493333333333334	0.8306666666666667	0.952	0.816	0.904	0.9	0.8186666666666667	0.952	0.6	0.7586666666666667	0.6106666666666667	0.8146666666666667	0.948	0.86	0.7666666666666667	0.7666666666666667	0.7013333333333334	0.6786666666666666	0.72	0.8866666666666667	0.6573333333333333	0.8906666666666667	0.8293333333333334	0.9	0.8386666666666667	0.7026666666666667	0.6573333333333333	0.8546666666666667	0.848	0.8306666666666667	0.7933333333333333	0.6306666666666667	0.6066666666666667	0.6626666666666666	0.74	0.6733333333333333	0.7	0.648	0.668	0.5666666666666667	0.632	0.8253333333333334	0.712	0.8226666666666667	0.736	0.78	0.688	0.7786666666666666	0.692	0.7546666666666667	0.748	0.7653333333333333	0.636	0.7226666666666667	0.7053333333333334	0.6666666666666666	0.6906666666666667	0.7253333333333334	0.636	0.696	0.608	0.756	0.708	0.764	0.812	0.7173333333333334	0.812	0.5866666666666667	0.8146666666666667	0.668	0.7853333333333333	0.6066666666666667	0.824	0.6386666666666667	0.7773333333333333	0.8466666666666667	0.828	0.732	0.7013333333333334	0.772	0.8906666666666667	0.7946666666666666	0.704	0.716	0.7173333333333334	0.696	0.792	0.6973333333333334	0.748	0.7133333333333334	0.6266666666666667	0.692	0.6573333333333333	0.712	0.7786666666666666	0.7453333333333333	0.7826666666666666	0.8973333333333333	0.7466666666666667	0.7906666666666666	0.8013333333333333	0.7853333333333333	0.684	0.7533333333333333	0.748	0.728	0.7186666666666667	0.6733333333333333	0.7186666666666667	0.6973333333333334	0.6653333333333333	0.6333333333333333	0.4573333333333333	0.504	0.5093333333333333	0.5146666666666667	0.6506666666666666	0.5253333333333333	0.6333333333333333	0.5226666666666666	0.68	0.5773333333333334	0.6266666666666667	0.6986666666666667	0.7573333333333333	0.512	0.41733333333333333	0.5626666666666666	0.6106666666666667	0.5666666666666667	0.5906666666666667	0.7373333333333333	0.49333333333333335	0.4106666666666667	0.0	0.5253333333333333	0.4866666666666667	0.5546666666666666	0.4746666666666667	0.5093333333333333	0.496	0.592	0.568	0.6	0.6986666666666667	0.5013333333333333	0.5946666666666667	0.612	0.7573333333333333	0.612	0.612	0.5293333333333333	0.5386666666666666	0.584	0.5186666666666667	0.732	0.48933333333333334	0.692	0.7053333333333334	0.5146666666666667	0.584	0.7026666666666667	0.5586666666666666	0.74	0.6453333333333333	0.5466666666666666	0.58	0.568	0.7133333333333334	0.5666666666666667	0.5506666666666666	0.6426666666666667	0.6586666666666666	0.9506666666666667	0.78	0.804	0.94	0.876	0.9426666666666667	0.9053333333333333	0.848	0.932	0.8706666666666667	0.916	0.8	0.8426666666666667	0.856	0.84	0.932	0.828	0.8773333333333333	0.824	0.8333333333333334	0.8066666666666666	0.8613333333333333	0.876	0.8813333333333333	0.856	0.8626666666666667	0.9466666666666667	0.808	0.86	0.864	0.8186666666666667	0.8586666666666667	0.9213333333333333	0.8533333333333334	0.8866666666666667	0.856
S2017t2_E23-T2a-Male	0.9333333333333333	0.9253333333333333	0.7173333333333334	0.912	0.9226666666666666	0.9493333333333334	0.8586666666666667	0.9613333333333334	0.8906666666666667	0.9066666666666666	0.968	0.9213333333333333	0.9573333333333334	0.43733333333333335	0.8626666666666667	0.8533333333333334	0.9133333333333333	0.96	0.896	0.8466666666666667	0.904	0.47733333333333333	0.864	0.8866666666666667	0.9266666666666666	0.412	0.956	0.9133333333333333	0.952	0.904	0.8666666666666667	0.84	0.9426666666666667	0.948	0.952	0.92	0.4146666666666667	0.4226666666666667	0.464	0.8133333333333334	0.42	0.8293333333333334	0.864	0.8693333333333333	0.7106666666666667	0.844	0.8933333333333333	0.8746666666666667	0.8413333333333334	0.7573333333333333	0.8	0.42	0.8346666666666667	0.7653333333333333	0.8626666666666667	0.88	0.904	0.4786666666666667	0.8893333333333333	0.8213333333333334	0.468	0.7986666666666666	0.8146666666666667	0.4053333333333333	0.884	0.5466666666666666	0.8666666666666667	0.8613333333333333	0.8693333333333333	0.9133333333333333	0.86	0.8626666666666667	0.564	0.8573333333333333	0.6133333333333333	0.8066666666666666	0.804	0.9173333333333333	0.8	0.904	0.944	0.928	0.828	0.6786666666666666	0.876	0.964	0.8786666666666667	0.7986666666666666	0.8706666666666667	0.8146666666666667	0.804	0.8973333333333333	0.848	0.8493333333333334	0.8426666666666667	0.5066666666666667	0.804	0.744	0.8026666666666666	0.8666666666666667	0.8426666666666667	0.856	0.9386666666666666	0.844	0.884	0.872	0.8653333333333333	0.7253333333333334	0.848	0.8093333333333333	0.832	0.5693333333333334	0.7333333333333333	0.5853333333333334	0.7026666666666667	0.528	0.5213333333333333	0.3426666666666667	0.20533333333333334	0.412	0.39466666666666667	0.6613333333333333	0.3373333333333333	0.5106666666666667	0.6386666666666667	0.5173333333333333	0.668	0.5613333333333334	0.64	0.7533333333333333	0.6506666666666666	0.39866666666666667	0.5106666666666667	0.5373333333333333	0.5213333333333333	0.6826666666666666	0.7226666666666667	0.48533333333333334	0.468	0.5253333333333333	0.0	0.31866666666666665	0.6266666666666667	0.44266666666666665	0.6946666666666667	0.6426666666666667	0.5826666666666667	0.512	0.7293333333333333	0.8213333333333334	0.3506666666666667	0.76	0.7853333333333333	0.772	0.5733333333333334	0.7866666666666666	0.5786666666666667	0.5306666666666666	0.7733333333333333	0.672	0.7186666666666667	0.6533333333333333	0.6773333333333333	0.82	0.536	0.5373333333333333	0.6706666666666666	0.736	0.8666666666666667	0.7173333333333334	0.6213333333333333	0.664	0.7453333333333333	0.7333333333333333	0.44266666666666665	0.7306666666666667	0.7733333333333333	0.5586666666666666	0.928	0.7786666666666666	0.8946666666666667	0.9493333333333334	0.8773333333333333	0.952	0.892	0.9613333333333334	0.912	0.88	0.928	0.9026666666666666	0.9346666666666666	0.9493333333333334	0.852	0.92	0.936	0.876	0.896	0.848	0.78	0.936	0.892	0.948	0.92	0.868	0.9213333333333333	0.9213333333333333	0.8746666666666667	0.8906666666666667	0.9253333333333333	0.8573333333333333	0.9333333333333333	0.856	0.88	0.9293333333333333
S2017t2_E23-T2b-Female	0.9413333333333334	0.912	0.848	0.8906666666666667	0.896	0.936	0.812	0.9706666666666667	0.892	0.9106666666666666	0.9573333333333334	0.8973333333333333	0.9546666666666667	0.392	0.856	0.7973333333333333	0.8986666666666666	0.9413333333333334	0.8853333333333333	0.84	0.8546666666666667	0.396	0.8213333333333334	0.8386666666666667	0.9026666666666666	0.3413333333333333	0.8706666666666667	0.8586666666666667	0.8866666666666667	0.8413333333333334	0.816	0.7853333333333333	0.876	0.8853333333333333	0.8666666666666667	0.86	0.324	0.37733333333333335	0.44	0.7773333333333333	0.33866666666666667	0.7866666666666666	0.8213333333333334	0.8466666666666667	0.6853333333333333	0.828	0.9026666666666666	0.8586666666666667	0.8066666666666666	0.74	0.76	0.4066666666666667	0.8026666666666666	0.752	0.84	0.8706666666666667	0.8666666666666667	0.4706666666666667	0.8426666666666667	0.804	0.452	0.7613333333333333	0.792	0.32266666666666666	0.824	0.49866666666666665	0.8146666666666667	0.8106666666666666	0.7986666666666666	0.864	0.7986666666666666	0.84	0.5306666666666666	0.8466666666666667	0.58	0.7733333333333333	0.7733333333333333	0.8466666666666667	0.7506666666666667	0.8666666666666667	0.8853333333333333	0.8626666666666667	0.8306666666666667	0.68	0.8893333333333333	0.9173333333333333	0.8773333333333333	0.7813333333333333	0.8213333333333334	0.7826666666666666	0.7626666666666667	0.8693333333333333	0.82	0.8	0.8146666666666667	0.4706666666666667	0.8546666666666667	0.7426666666666667	0.8413333333333334	0.8373333333333334	0.8226666666666667	0.816	0.892	0.8013333333333333	0.8613333333333333	0.8533333333333334	0.856	0.7986666666666666	0.8093333333333333	0.8013333333333333	0.784	0.816	0.8013333333333333	0.8493333333333334	0.8546666666666667	0.7173333333333334	0.776	0.5333333333333333	0.3973333333333333	0.624	0.6546666666666666	0.7573333333333333	0.328	0.72	0.6346666666666667	0.7426666666666667	0.756	0.7133333333333334	0.7613333333333333	0.84	0.7093333333333334	0.5066666666666667	0.728	0.7706666666666667	0.768	0.7506666666666667	0.736	0.6466666666666666	0.5733333333333334	0.4866666666666667	0.31866666666666665	0.0	0.6266666666666667	0.5533333333333333	0.72	0.6973333333333334	0.7493333333333333	0.49866666666666665	0.8333333333333334	0.8226666666666667	0.464	0.7853333333333333	0.8173333333333334	0.868	0.824	0.8106666666666666	0.732	0.74	0.7973333333333333	0.7	0.8466666666666667	0.6413333333333333	0.82	0.8266666666666667	0.7546666666666667	0.8013333333333333	0.804	0.8173333333333334	0.8293333333333334	0.7266666666666667	0.748	0.8093333333333333	0.76	0.7186666666666667	0.452	0.7986666666666666	0.824	0.8266666666666667	0.9	0.856	0.8613333333333333	0.944	0.8453333333333334	0.956	0.876	0.9506666666666667	0.8906666666666667	0.8613333333333333	0.9346666666666666	0.8906666666666667	0.92	0.9293333333333333	0.8173333333333334	0.9146666666666666	0.916	0.8413333333333334	0.8546666666666667	0.8066666666666666	0.8746666666666667	0.944	0.876	0.9333333333333333	0.912	0.8373333333333334	0.9	0.908	0.8306666666666667	0.848	0.896	0.8746666666666667	0.92	0.8306666666666667	0.86	0.94
S2017t2_E23-T2b-Male	0.9146666666666666	0.8693333333333333	0.7693333333333333	0.8573333333333333	0.8493333333333334	0.8933333333333333	0.7253333333333334	0.9506666666666667	0.8866666666666667	0.896	0.928	0.8613333333333333	0.9466666666666667	0.7946666666666666	0.8413333333333334	0.6973333333333334	0.9226666666666666	0.96	0.8933333333333333	0.7973333333333333	0.8186666666666667	0.7973333333333333	0.844	0.792	0.92	0.732	0.9573333333333334	0.9053333333333333	0.9546666666666667	0.908	0.864	0.8586666666666667	0.9346666666666666	0.9413333333333334	0.9586666666666667	0.904	0.752	0.7293333333333333	0.7546666666666667	0.7653333333333333	0.7506666666666667	0.744	0.7973333333333333	0.8173333333333334	0.7653333333333333	0.848	0.876	0.8653333333333333	0.76	0.7493333333333333	0.7493333333333333	0.7573333333333333	0.776	0.7466666666666667	0.7973333333333333	0.8306666666666667	0.8626666666666667	0.784	0.836	0.7773333333333333	0.7466666666666667	0.7506666666666667	0.7786666666666666	0.7466666666666667	0.7666666666666667	0.7546666666666667	0.8333333333333334	0.752	0.7933333333333333	0.9066666666666666	0.84	0.892	0.7146666666666667	0.852	0.8666666666666667	0.7546666666666667	0.7906666666666666	0.9066666666666666	0.712	0.8386666666666667	0.932	0.9346666666666666	0.8493333333333334	0.82	0.8466666666666667	0.972	0.836	0.7146666666666667	0.7973333333333333	0.6666666666666666	0.7413333333333333	0.8493333333333334	0.796	0.7706666666666667	0.7853333333333333	0.7706666666666667	0.7666666666666667	0.6813333333333333	0.7613333333333333	0.844	0.812	0.8333333333333334	0.9173333333333333	0.7613333333333333	0.8333333333333334	0.8253333333333334	0.8026666666666666	0.68	0.7453333333333333	0.7213333333333334	0.728	0.712	0.6893333333333334	0.7413333333333333	0.744	0.6186666666666667	0.6546666666666666	0.5866666666666667	0.6306666666666667	0.5733333333333334	0.648	0.6173333333333333	0.732	0.6226666666666667	0.636	0.6346666666666667	0.656	0.6106666666666667	0.6266666666666667	0.792	0.5146666666666667	0.564	0.6253333333333333	0.664	0.692	0.652	0.64	0.632	0.54	0.5546666666666666	0.6266666666666667	0.6266666666666667	0.0	0.5506666666666666	0.5026666666666667	0.6106666666666667	0.6346666666666667	0.736	0.7653333333333333	0.7493333333333333	0.7066666666666667	0.6173333333333333	0.5306666666666666	0.8053333333333333	0.7426666666666667	0.7626666666666667	0.6706666666666666	0.6133333333333333	0.7093333333333334	0.7106666666666667	0.7826666666666666	0.6013333333333334	0.7346666666666667	0.848	0.6813333333333333	0.7173333333333334	0.6733333333333333	0.752	0.86	0.712	0.684	0.7426666666666667	0.696	0.7333333333333333	0.792	0.752	0.8	0.756	0.8533333333333334	0.764	0.78	0.9373333333333334	0.7893333333333333	0.9413333333333334	0.8826666666666667	0.9066666666666666	0.8586666666666667	0.824	0.92	0.8493333333333334	0.88	0.9013333333333333	0.748	0.9093333333333333	0.88	0.8	0.78	0.724	0.7813333333333333	0.8813333333333333	0.836	0.8906666666666667	0.8906666666666667	0.756	0.8493333333333334	0.8653333333333333	0.7493333333333333	0.7773333333333333	0.88	0.82	0.928	0.7786666666666666	0.836	0.8546666666666667
S2017t2_E30-T2a-Female	0.908	0.8213333333333334	0.664	0.776	0.7946666666666666	0.8586666666666667	0.6853333333333333	0.9333333333333333	0.86	0.864	0.896	0.8466666666666667	0.9173333333333333	0.696	0.812	0.7853333333333333	0.9106666666666666	0.9533333333333334	0.876	0.8386666666666667	0.8213333333333334	0.7146666666666667	0.772	0.7653333333333333	0.9093333333333333	0.524	0.9506666666666667	0.9	0.94	0.8973333333333333	0.8586666666666667	0.8626666666666667	0.932	0.952	0.96	0.9306666666666666	0.596	0.5306666666666666	0.5333333333333333	0.6853333333333333	0.532	0.6626666666666666	0.78	0.76	0.6813333333333333	0.7693333333333333	0.8	0.7706666666666667	0.6426666666666667	0.6026666666666667	0.6666666666666666	0.5893333333333334	0.6226666666666667	0.6226666666666667	0.76	0.8173333333333334	0.8013333333333333	0.6733333333333333	0.7746666666666666	0.656	0.5346666666666666	0.6733333333333333	0.684	0.5733333333333334	0.8653333333333333	0.616	0.8413333333333334	0.772	0.836	0.9026666666666666	0.8333333333333334	0.8813333333333333	0.5333333333333333	0.816	0.7293333333333333	0.7133333333333334	0.7426666666666667	0.9213333333333333	0.8146666666666667	0.8186666666666667	0.9373333333333334	0.9426666666666667	0.8226666666666667	0.652	0.76	0.964	0.748	0.648	0.724	0.608	0.6693333333333333	0.828	0.728	0.688	0.7146666666666667	0.616	0.7253333333333334	0.6186666666666667	0.7026666666666667	0.8226666666666667	0.8013333333333333	0.8106666666666666	0.9106666666666666	0.6613333333333333	0.7306666666666667	0.7773333333333333	0.7506666666666667	0.5933333333333334	0.6626666666666666	0.6106666666666667	0.592	0.584	0.5693333333333334	0.58	0.5533333333333333	0.5133333333333333	0.46	0.2786666666666667	0.42933333333333334	0.30666666666666664	0.428	0.356	0.572	0.4053333333333333	0.4746666666666667	0.536	0.5346666666666666	0.484	0.484	0.7653333333333333	0.552	0.296	0.43866666666666665	0.476	0.5253333333333333	0.5453333333333333	0.712	0.416	0.25466666666666665	0.4746666666666667	0.44266666666666665	0.5533333333333333	0.5506666666666666	0.0	0.468	0.43066666666666664	0.484	0.6066666666666667	0.6786666666666666	0.8266666666666667	0.5253333333333333	0.704	0.7213333333333334	0.7506666666666667	0.5573333333333333	0.744	0.504	0.548	0.7453333333333333	0.68	0.736	0.6306666666666667	0.632	0.8226666666666667	0.5133333333333333	0.608	0.6733333333333333	0.652	0.8853333333333333	0.6586666666666666	0.4786666666666667	0.58	0.7106666666666667	0.6946666666666667	0.6453333333333333	0.6426666666666667	0.736	0.588	0.7693333333333333	0.74	0.6386666666666667	0.9	0.8226666666666667	0.9133333333333333	0.872	0.8253333333333334	0.8373333333333334	0.84	0.8906666666666667	0.7453333333333333	0.78	0.8613333333333333	0.752	0.8866666666666667	0.824	0.712	0.6146666666666667	0.7146666666666667	0.728	0.876	0.8586666666666667	0.8466666666666667	0.8506666666666667	0.7573333333333333	0.7693333333333333	0.8013333333333333	0.7506666666666667	0.6706666666666666	0.84	0.8546666666666667	0.9106666666666666	0.6706666666666666	0.804	0.8613333333333333
S2017t2_E30-T2a-Male	0.9226666666666666	0.8173333333333334	0.7626666666666667	0.7973333333333333	0.8146666666666667	0.8333333333333334	0.7066666666666667	0.948	0.8066666666666666	0.9	0.9066666666666666	0.836	0.94	0.7693333333333333	0.8253333333333334	0.62	0.7973333333333333	0.96	0.888	0.832	0.864	0.9106666666666666	0.7613333333333333	0.8173333333333334	0.9346666666666666	0.6533333333333333	0.9613333333333334	0.9253333333333333	0.968	0.9453333333333334	0.852	0.7786666666666666	0.94	0.9733333333333334	0.976	0.9466666666666667	0.6666666666666666	0.5946666666666667	0.648	0.5253333333333333	0.6853333333333333	0.4866666666666667	0.72	0.68	0.7813333333333333	0.6693333333333333	0.864	0.7026666666666667	0.648	0.628	0.7133333333333334	0.7693333333333333	0.6266666666666667	0.54	0.8266666666666667	0.7946666666666666	0.8173333333333334	0.8466666666666667	0.8173333333333334	0.596	0.6706666666666666	0.5893333333333334	0.544	0.748	0.68	0.7026666666666667	0.8093333333333333	0.7373333333333333	0.8413333333333334	0.9266666666666666	0.8973333333333333	0.8186666666666667	0.6013333333333334	0.864	0.8893333333333333	0.736	0.6506666666666666	0.9466666666666667	0.752	0.9013333333333333	0.9573333333333334	0.9626666666666667	0.832	0.8733333333333333	0.788	0.9746666666666667	0.8106666666666666	0.5773333333333334	0.6493333333333333	0.5066666666666667	0.6146666666666667	0.8	0.744	0.704	0.7226666666666667	0.7933333333333333	0.704	0.632	0.6893333333333334	0.804	0.776	0.788	0.916	0.684	0.7573333333333333	0.804	0.796	0.676	0.72	0.632	0.5973333333333334	0.6826666666666666	0.636	0.7146666666666667	0.6973333333333334	0.648	0.412	0.44666666666666666	0.6266666666666667	0.544	0.6293333333333333	0.4226666666666667	0.6506666666666666	0.64	0.42933333333333334	0.652	0.504	0.5986666666666667	0.4613333333333333	0.6986666666666667	0.364	0.4573333333333333	0.384	0.6306666666666667	0.576	0.4186666666666667	0.62	0.5973333333333334	0.4146666666666667	0.5093333333333333	0.6946666666666667	0.72	0.5026666666666667	0.468	0.0	0.42	0.47733333333333333	0.7453333333333333	0.616	0.5706666666666667	0.6653333333333333	0.5146666666666667	0.46266666666666667	0.676	0.6573333333333333	0.62	0.5946666666666667	0.49733333333333335	0.572	0.688	0.7906666666666666	0.54	0.7373333333333333	0.62	0.5986666666666667	0.5853333333333334	0.692	0.5746666666666667	0.804	0.6626666666666666	0.5773333333333334	0.5773333333333334	0.568	0.7453333333333333	0.7093333333333334	0.5946666666666667	0.688	0.704	0.7346666666666667	0.78	0.676	0.94	0.856	0.9346666666666666	0.8946666666666667	0.836	0.8573333333333333	0.8746666666666667	0.912	0.784	0.8493333333333334	0.8733333333333333	0.8066666666666666	0.9106666666666666	0.8493333333333334	0.7693333333333333	0.6746666666666666	0.7426666666666667	0.78	0.904	0.8933333333333333	0.884	0.8706666666666667	0.812	0.7346666666666667	0.8053333333333333	0.7933333333333333	0.6946666666666667	0.8506666666666667	0.8786666666666667	0.9306666666666666	0.672	0.8426666666666667	0.9066666666666666
S2017t2_E30-T2b-Female	0.912	0.8026666666666666	0.6693333333333333	0.7333333333333333	0.8813333333333333	0.8186666666666667	0.7666666666666667	0.952	0.8093333333333333	0.8866666666666667	0.896	0.8186666666666667	0.94	0.7946666666666666	0.7266666666666667	0.656	0.8093333333333333	0.944	0.8186666666666667	0.8093333333333333	0.776	0.892	0.604	0.6893333333333334	0.86	0.7506666666666667	0.9413333333333334	0.8053333333333333	0.8546666666666667	0.8626666666666667	0.8133333333333334	0.7613333333333333	0.916	0.8986666666666666	0.912	0.868	0.74	0.7053333333333334	0.7373333333333333	0.664	0.7453333333333333	0.644	0.6266666666666667	0.6693333333333333	0.7466666666666667	0.6346666666666667	0.7653333333333333	0.6733333333333333	0.7226666666666667	0.7026666666666667	0.7533333333333333	0.7653333333333333	0.6533333333333333	0.66	0.7493333333333333	0.7533333333333333	0.7333333333333333	0.8066666666666666	0.6666666666666666	0.6666666666666666	0.7653333333333333	0.7093333333333334	0.688	0.7373333333333333	0.7666666666666667	0.7293333333333333	0.7813333333333333	0.6973333333333334	0.796	0.8546666666666667	0.8226666666666667	0.86	0.704	0.7973333333333333	0.852	0.72	0.648	0.908	0.7653333333333333	0.76	0.8906666666666667	0.9066666666666666	0.772	0.8133333333333334	0.6773333333333333	0.9133333333333333	0.6733333333333333	0.5853333333333334	0.6466666666666666	0.5733333333333334	0.6146666666666667	0.7626666666666667	0.68	0.6013333333333334	0.6586666666666666	0.756	0.656	0.568	0.6426666666666667	0.7546666666666667	0.7413333333333333	0.7186666666666667	0.884	0.58	0.668	0.7253333333333334	0.724	0.5693333333333334	0.6426666666666667	0.6386666666666667	0.6213333333333333	0.6053333333333333	0.5373333333333333	0.5986666666666667	0.5786666666666667	0.592	0.5053333333333333	0.49466666666666664	0.5693333333333334	0.47733333333333333	0.5573333333333333	0.404	0.6706666666666666	0.492	0.596	0.56	0.5	0.5013333333333333	0.5346666666666666	0.7453333333333333	0.43866666666666665	0.38666666666666666	0.4	0.48133333333333334	0.52	0.464	0.66	0.4746666666666667	0.42	0.496	0.6426666666666667	0.6973333333333334	0.6106666666666667	0.43066666666666664	0.42	0.0	0.44266666666666665	0.7053333333333334	0.544	0.6893333333333334	0.6013333333333334	0.564	0.5746666666666667	0.676	0.5213333333333333	0.6333333333333333	0.5066666666666667	0.532	0.6186666666666667	0.6666666666666666	0.6773333333333333	0.6346666666666667	0.6173333333333333	0.676	0.43733333333333335	0.5346666666666666	0.6373333333333333	0.5253333333333333	0.7706666666666667	0.6706666666666666	0.4106666666666667	0.4666666666666667	0.5546666666666666	0.6693333333333333	0.728	0.5413333333333333	0.636	0.5626666666666666	0.8826666666666667	0.7413333333333333	0.656	0.9226666666666666	0.836	0.9333333333333333	0.9013333333333333	0.7666666666666667	0.8653333333333333	0.8706666666666667	0.9106666666666666	0.7253333333333334	0.7946666666666666	0.864	0.7653333333333333	0.92	0.8026666666666666	0.7666666666666667	0.7066666666666667	0.752	0.7466666666666667	0.8946666666666667	0.872	0.8573333333333333	0.8533333333333334	0.7733333333333333	0.8826666666666667	0.776	0.7986666666666666	0.7933333333333333	0.832	0.872	0.9373333333333334	0.756	0.8306666666666667	0.88
S2017t2_E30-T2b-Male	0.9253333333333333	0.8853333333333333	0.656	0.8773333333333333	0.8653333333333333	0.912	0.772	0.9346666666666666	0.8093333333333333	0.9173333333333333	0.928	0.88	0.9346666666666666	0.7933333333333333	0.8266666666666667	0.7613333333333333	0.8066666666666666	0.96	0.9	0.8333333333333334	0.892	0.9093333333333333	0.8333333333333334	0.868	0.9266666666666666	0.7733333333333333	0.9586666666666667	0.9226666666666666	0.968	0.9493333333333334	0.8666666666666667	0.7933333333333333	0.948	0.9706666666666667	0.9693333333333334	0.9493333333333334	0.7053333333333334	0.684	0.7466666666666667	0.664	0.76	0.644	0.8093333333333333	0.756	0.816	0.756	0.8973333333333333	0.748	0.7493333333333333	0.7453333333333333	0.784	0.7866666666666666	0.752	0.6813333333333333	0.8466666666666667	0.8186666666666667	0.8906666666666667	0.8506666666666667	0.872	0.7053333333333334	0.7893333333333333	0.7133333333333334	0.684	0.784	0.7866666666666666	0.8573333333333333	0.8573333333333333	0.8373333333333334	0.8466666666666667	0.9226666666666666	0.912	0.9146666666666666	0.6733333333333333	0.8693333333333333	0.8813333333333333	0.7453333333333333	0.688	0.948	0.824	0.92	0.9546666666666667	0.964	0.8253333333333334	0.8346666666666667	0.8173333333333334	0.9653333333333334	0.792	0.6893333333333334	0.7786666666666666	0.6866666666666666	0.7693333333333333	0.8733333333333333	0.8053333333333333	0.7653333333333333	0.8	0.8493333333333334	0.756	0.7066666666666667	0.7546666666666667	0.8426666666666667	0.8346666666666667	0.8146666666666667	0.924	0.7693333333333333	0.8146666666666667	0.8026666666666666	0.8293333333333334	0.6706666666666666	0.7466666666666667	0.7213333333333334	0.7306666666666667	0.5853333333333334	0.4093333333333333	0.5986666666666667	0.644	0.5586666666666666	0.4266666666666667	0.43466666666666665	0.5226666666666666	0.52	0.5293333333333333	0.5453333333333333	0.6586666666666666	0.5266666666666666	0.5733333333333334	0.5213333333333333	0.5146666666666667	0.476	0.536	0.78	0.468	0.4613333333333333	0.39466666666666667	0.572	0.496	0.5026666666666667	0.6853333333333333	0.532	0.4493333333333333	0.592	0.5826666666666667	0.7493333333333333	0.6346666666666667	0.484	0.47733333333333333	0.44266666666666665	0.0	0.7746666666666666	0.6186666666666667	0.744	0.6173333333333333	0.632	0.6253333333333333	0.7573333333333333	0.5946666666666667	0.6746666666666666	0.5506666666666666	0.49333333333333335	0.648	0.7186666666666667	0.72	0.6773333333333333	0.6773333333333333	0.7226666666666667	0.5146666666666667	0.5213333333333333	0.6586666666666666	0.6	0.8373333333333334	0.7653333333333333	0.5893333333333334	0.49333333333333335	0.62	0.7533333333333333	0.7346666666666667	0.6133333333333333	0.7106666666666667	0.5866666666666667	0.8693333333333333	0.7173333333333334	0.804	0.9493333333333334	0.82	0.9346666666666666	0.9066666666666666	0.9213333333333333	0.856	0.8813333333333333	0.9266666666666666	0.8706666666666667	0.7386666666666667	0.9173333333333333	0.7666666666666667	0.9146666666666666	0.912	0.7613333333333333	0.8066666666666666	0.7866666666666666	0.7693333333333333	0.9293333333333333	0.8733333333333333	0.9093333333333333	0.884	0.7826666666666666	0.8653333333333333	0.8813333333333333	0.8213333333333334	0.7933333333333333	0.9013333333333333	0.8826666666666667	0.9253333333333333	0.768	0.856	0.9333333333333333
S2017t3_E11-T3a-Female	0.824	0.7773333333333333	0.892	0.9333333333333333	0.9946666666666667	0.7786666666666666	0.8786666666666667	0.908	0.7493333333333333	0.952	0.8173333333333334	0.7866666666666666	0.9733333333333334	0.572	0.8293333333333334	0.7946666666666666	0.8546666666666667	0.8666666666666667	0.872	0.644	0.756	0.43066666666666664	0.6666666666666666	0.712	0.7453333333333333	0.5666666666666667	0.9146666666666666	0.7506666666666667	0.8933333333333333	0.84	0.8346666666666667	0.792	0.956	0.9506666666666667	0.9253333333333333	0.9093333333333333	0.6053333333333333	0.6013333333333334	0.6026666666666667	0.8786666666666667	0.5946666666666667	0.8986666666666666	0.8226666666666667	0.852	0.672	0.832	0.8706666666666667	0.84	0.74	0.6546666666666666	0.7106666666666667	0.484	0.7493333333333333	0.664	0.6973333333333334	0.7346666666666667	0.8466666666666667	0.35733333333333334	0.7973333333333333	0.8746666666666667	0.5933333333333334	0.7733333333333333	0.8173333333333334	0.588	0.72	0.4573333333333333	0.7093333333333334	0.7173333333333334	0.736	0.9186666666666666	0.8306666666666667	0.8253333333333334	0.5666666666666667	0.692	0.4866666666666667	0.7906666666666666	0.66	0.9453333333333334	0.6826666666666666	0.9266666666666666	0.948	0.932	0.7773333333333333	0.6906666666666667	0.8946666666666667	0.9573333333333334	0.8986666666666666	0.8026666666666666	0.82	0.8173333333333334	0.784	0.8973333333333333	0.864	0.9026666666666666	0.872	0.5226666666666666	0.8506666666666667	0.8066666666666666	0.8746666666666667	0.8613333333333333	0.8333333333333334	0.868	0.928	0.8866666666666667	0.932	0.896	0.8586666666666667	0.864	0.9013333333333333	0.8453333333333334	0.868	0.852	0.8493333333333334	0.856	0.852	0.784	0.7746666666666666	0.5626666666666666	0.45866666666666667	0.6986666666666667	0.6733333333333333	0.8253333333333334	0.5133333333333333	0.7066666666666667	0.5866666666666667	0.6413333333333333	0.5826666666666667	0.772	0.8106666666666666	0.7813333333333333	0.74	0.5373333333333333	0.7533333333333333	0.7733333333333333	0.7413333333333333	0.6813333333333333	0.768	0.488	0.616	0.568	0.512	0.49866666666666665	0.736	0.6066666666666667	0.7453333333333333	0.7053333333333334	0.7746666666666666	0.0	0.5746666666666667	0.5666666666666667	0.35333333333333333	0.6253333333333333	0.6813333333333333	0.6773333333333333	0.604	0.44666666666666666	0.6226666666666667	0.6653333333333333	0.45066666666666666	0.37066666666666664	0.6613333333333333	0.47733333333333333	0.696	0.592	0.708	0.7146666666666667	0.616	0.5946666666666667	0.6573333333333333	0.5093333333333333	0.6093333333333333	0.596	0.6826666666666666	0.7106666666666667	0.44533333333333336	0.728	0.7586666666666667	0.6266666666666667	0.9946666666666667	0.8186666666666667	0.808	0.9666666666666667	0.964	0.9613333333333334	0.96	0.8106666666666666	0.976	0.8946666666666667	0.9186666666666666	0.9506666666666667	0.8053333333333333	0.7666666666666667	0.8773333333333333	0.9066666666666666	0.7653333333333333	0.8493333333333334	0.8146666666666667	0.7986666666666666	0.8906666666666667	0.796	0.96	0.804	0.796	0.896	0.9946666666666667	0.8093333333333333	0.9013333333333333	0.9666666666666667	0.74	0.8586666666666667	0.9266666666666666	0.908	0.9573333333333334	0.812
S2017t3_E11-T3a-Male	0.8213333333333334	0.7746666666666666	0.8146666666666667	0.8413333333333334	0.992	0.7813333333333333	0.884	0.9013333333333333	0.7186666666666667	0.9386666666666666	0.7973333333333333	0.772	0.9746666666666667	0.6733333333333333	0.7626666666666667	0.6786666666666666	0.5693333333333334	0.8733333333333333	0.8013333333333333	0.7026666666666667	0.724	0.7533333333333333	0.6253333333333333	0.6746666666666666	0.7706666666666667	0.836	0.9133333333333333	0.7506666666666667	0.8733333333333333	0.84	0.7933333333333333	0.7306666666666667	0.9386666666666666	0.9493333333333334	0.9373333333333334	0.8893333333333333	0.8146666666666667	0.7546666666666667	0.868	0.6973333333333334	0.876	0.6333333333333333	0.7426666666666667	0.5586666666666666	0.7813333333333333	0.5866666666666667	0.772	0.49466666666666664	0.748	0.724	0.7706666666666667	0.7973333333333333	0.684	0.624	0.684	0.6266666666666667	0.7893333333333333	0.6853333333333333	0.7453333333333333	0.772	0.864	0.7213333333333334	0.6173333333333333	0.8533333333333334	0.6146666666666667	0.744	0.7346666666666667	0.684	0.7586666666666667	0.8613333333333333	0.7946666666666666	0.8613333333333333	0.688	0.7293333333333333	0.816	0.7906666666666666	0.576	0.9306666666666666	0.7426666666666667	0.8173333333333334	0.916	0.94	0.7973333333333333	0.8293333333333334	0.7826666666666666	0.9533333333333334	0.792	0.808	0.8253333333333334	0.824	0.824	0.8586666666666667	0.796	0.8053333333333333	0.792	0.8346666666666667	0.7386666666666667	0.76	0.788	0.86	0.8426666666666667	0.8626666666666667	0.9186666666666666	0.768	0.852	0.8226666666666667	0.8266666666666667	0.6946666666666667	0.7933333333333333	0.7746666666666666	0.7826666666666666	0.744	0.692	0.696	0.6813333333333333	0.7466666666666667	0.472	0.6253333333333333	0.668	0.72	0.6813333333333333	0.6666666666666666	0.7026666666666667	0.6346666666666667	0.548	0.576	0.3293333333333333	0.6626666666666666	0.6986666666666667	0.76	0.3933333333333333	0.6533333333333333	0.4666666666666667	0.6253333333333333	0.5173333333333333	0.532	0.7653333333333333	0.44	0.5626666666666666	0.6	0.7293333333333333	0.8333333333333334	0.7653333333333333	0.6786666666666666	0.616	0.544	0.6186666666666667	0.5746666666666667	0.0	0.5693333333333334	0.568	0.49333333333333335	0.5266666666666666	0.6133333333333333	0.43333333333333335	0.41733333333333333	0.5653333333333334	0.464	0.408	0.47733333333333333	0.572	0.468	0.6013333333333334	0.5053333333333333	0.47733333333333333	0.42533333333333334	0.5826666666666667	0.22133333333333333	0.7226666666666667	0.6586666666666666	0.5213333333333333	0.368	0.5786666666666667	0.704	0.6213333333333333	0.432	0.5853333333333334	0.492	0.9946666666666667	0.7866666666666666	0.7346666666666667	0.956	0.9573333333333334	0.952	0.964	0.7453333333333333	0.9746666666666667	0.9186666666666666	0.912	0.86	0.74	0.7706666666666667	0.8893333333333333	0.908	0.7453333333333333	0.896	0.748	0.832	0.8146666666666667	0.7773333333333333	0.9586666666666667	0.7826666666666666	0.7706666666666667	0.908	0.992	0.76	0.9	0.9346666666666666	0.756	0.8293333333333334	0.92	0.9013333333333333	0.9306666666666666	0.776
S2017t3_E16-T3b-Female	0.8146666666666667	0.8106666666666666	0.9133333333333333	0.94	0.9866666666666667	0.8093333333333333	0.9106666666666666	0.9173333333333333	0.7173333333333334	0.9586666666666667	0.828	0.7946666666666666	0.98	0.848	0.8693333333333333	0.7213333333333334	0.8106666666666666	0.876	0.8733333333333333	0.6893333333333334	0.7653333333333333	0.7626666666666667	0.696	0.764	0.7706666666666667	0.8853333333333333	0.9333333333333333	0.7693333333333333	0.9053333333333333	0.872	0.8453333333333334	0.7933333333333333	0.9626666666666667	0.968	0.9346666666666666	0.92	0.872	0.8626666666666667	0.8706666666666667	0.8533333333333334	0.888	0.86	0.8293333333333334	0.86	0.8493333333333334	0.8186666666666667	0.916	0.8093333333333333	0.7626666666666667	0.7386666666666667	0.76	0.7946666666666666	0.752	0.6946666666666667	0.744	0.7146666666666667	0.864	0.704	0.836	0.8573333333333333	0.8946666666666667	0.7666666666666667	0.7933333333333333	0.892	0.6613333333333333	0.68	0.7346666666666667	0.684	0.784	0.9133333333333333	0.8693333333333333	0.6613333333333333	0.812	0.7653333333333333	0.8386666666666667	0.844	0.6853333333333333	0.9573333333333334	0.6946666666666667	0.9373333333333334	0.9533333333333334	0.9653333333333334	0.848	0.9173333333333333	0.9	0.9666666666666667	0.9026666666666666	0.7746666666666666	0.716	0.752	0.612	0.92	0.8746666666666667	0.9093333333333333	0.8746666666666667	0.8786666666666667	0.8706666666666667	0.86	0.904	0.8826666666666667	0.8786666666666667	0.8733333333333333	0.9373333333333334	0.896	0.9413333333333334	0.9146666666666666	0.896	0.8746666666666667	0.9	0.8653333333333333	0.868	0.884	0.8693333333333333	0.8786666666666667	0.8826666666666667	0.8466666666666667	0.7573333333333333	0.7786666666666666	0.772	0.856	0.8226666666666667	0.8533333333333334	0.7973333333333333	0.8493333333333334	0.672	0.684	0.62	0.8013333333333333	0.7586666666666667	0.464	0.612	0.7733333333333333	0.6813333333333333	0.8333333333333334	0.7613333333333333	0.552	0.5186666666666667	0.5786666666666667	0.7413333333333333	0.6986666666666667	0.8213333333333334	0.8226666666666667	0.7493333333333333	0.8266666666666667	0.5706666666666667	0.6893333333333334	0.744	0.5666666666666667	0.5693333333333334	0.0	0.7413333333333333	0.6146666666666667	0.576	0.428	0.6693333333333333	0.536	0.7506666666666667	0.6573333333333333	0.48133333333333334	0.5506666666666666	0.672	0.6333333333333333	0.7853333333333333	0.49466666666666664	0.72	0.7213333333333334	0.6586666666666666	0.5866666666666667	0.7213333333333334	0.4613333333333333	0.7293333333333333	0.6813333333333333	0.66	0.7933333333333333	0.752	0.7266666666666667	0.7293333333333333	0.7133333333333334	0.9906666666666667	0.872	0.8133333333333334	0.9773333333333334	0.956	0.976	0.9666666666666667	0.8226666666666667	0.9813333333333333	0.9413333333333334	0.9306666666666666	0.952	0.8133333333333334	0.8133333333333334	0.916	0.916	0.8066666666666666	0.9066666666666666	0.8213333333333334	0.844	0.9133333333333333	0.8146666666666667	0.9693333333333334	0.8093333333333333	0.8213333333333334	0.9373333333333334	0.988	0.8266666666666667	0.9266666666666666	0.9693333333333334	0.7986666666666666	0.8813333333333333	0.92	0.9413333333333334	0.96	0.82
S2017t3_E16-T3b-Male	0.96	0.9333333333333333	0.8	0.9293333333333333	0.9986666666666667	0.9306666666666666	0.908	0.956	0.8453333333333334	0.9706666666666667	0.956	0.9146666666666666	0.9786666666666667	0.42933333333333334	0.8186666666666667	0.748	0.8066666666666666	0.9453333333333334	0.872	0.8053333333333333	0.904	0.5146666666666667	0.7986666666666666	0.8373333333333334	0.9066666666666666	0.5106666666666667	0.932	0.8893333333333333	0.9346666666666666	0.896	0.8546666666666667	0.7386666666666667	0.9546666666666667	0.968	0.9413333333333334	0.9413333333333334	0.484	0.472	0.512	0.8053333333333333	0.5226666666666666	0.8226666666666667	0.7946666666666666	0.7613333333333333	0.6386666666666667	0.752	0.8533333333333334	0.7586666666666667	0.8866666666666667	0.804	0.8706666666666667	0.5306666666666666	0.8826666666666667	0.7493333333333333	0.8693333333333333	0.8133333333333334	0.8973333333333333	0.4653333333333333	0.864	0.8453333333333334	0.544	0.8026666666666666	0.7933333333333333	0.5453333333333333	0.7613333333333333	0.464	0.8186666666666667	0.8306666666666667	0.8333333333333334	0.9013333333333333	0.8693333333333333	0.8613333333333333	0.528	0.8533333333333334	0.5746666666666667	0.8466666666666667	0.7373333333333333	0.9293333333333333	0.748	0.9146666666666666	0.9386666666666666	0.9253333333333333	0.7666666666666667	0.664	0.8706666666666667	0.956	0.8506666666666667	0.8013333333333333	0.8746666666666667	0.84	0.8186666666666667	0.872	0.8373333333333334	0.896	0.868	0.44133333333333336	0.7533333333333333	0.7453333333333333	0.7973333333333333	0.836	0.8013333333333333	0.832	0.8853333333333333	0.8493333333333334	0.92	0.8666666666666667	0.8853333333333333	0.7813333333333333	0.8866666666666667	0.8386666666666667	0.864	0.7333333333333333	0.7746666666666666	0.7306666666666667	0.716	0.6533333333333333	0.6146666666666667	0.38266666666666665	0.25866666666666666	0.5666666666666667	0.5626666666666666	0.7266666666666667	0.35333333333333333	0.5693333333333334	0.588	0.664	0.6013333333333334	0.668	0.7133333333333334	0.7693333333333333	0.6266666666666667	0.4026666666666667	0.5746666666666667	0.6466666666666666	0.552	0.6466666666666666	0.784	0.504	0.4666666666666667	0.5013333333333333	0.3506666666666667	0.464	0.7066666666666667	0.5253333333333333	0.6653333333333333	0.6013333333333334	0.6173333333333333	0.35333333333333333	0.568	0.7413333333333333	0.0	0.5786666666666667	0.5973333333333334	0.684	0.6266666666666667	0.5613333333333334	0.5213333333333333	0.5213333333333333	0.548	0.47733333333333333	0.6693333333333333	0.45066666666666666	0.6146666666666667	0.644	0.556	0.5173333333333333	0.6533333333333333	0.5906666666666667	0.7106666666666667	0.58	0.5386666666666666	0.436	0.6213333333333333	0.7253333333333334	0.33866666666666667	0.612	0.696	0.5693333333333334	0.9973333333333333	0.8106666666666666	0.9533333333333334	0.976	0.964	0.9746666666666667	0.9706666666666667	0.9226666666666666	0.984	0.9453333333333334	0.9626666666666667	0.9466666666666667	0.9466666666666667	0.932	0.9213333333333333	0.972	0.9253333333333333	0.9106666666666666	0.956	0.8933333333333333	0.8386666666666667	0.936	0.9706666666666667	0.948	0.904	0.9253333333333333	0.9986666666666667	0.9333333333333333	0.9413333333333334	0.9573333333333334	0.9146666666666666	0.9186666666666666	0.9733333333333334	0.9253333333333333	0.9586666666666667	0.9506666666666667
S2017t3_E17-T3a-Female	0.9466666666666667	0.9186666666666666	0.828	0.9093333333333333	0.9906666666666667	0.932	0.896	0.9466666666666667	0.8373333333333334	0.9386666666666666	0.9413333333333334	0.916	0.972	0.7053333333333334	0.8133333333333334	0.68	0.724	0.936	0.8706666666666667	0.8426666666666667	0.88	0.8933333333333333	0.7986666666666666	0.8386666666666667	0.9026666666666666	0.8933333333333333	0.9346666666666666	0.884	0.928	0.908	0.8386666666666667	0.748	0.92	0.94	0.94	0.9093333333333333	0.8066666666666666	0.7466666666666667	0.8613333333333333	0.7173333333333334	0.8666666666666667	0.7213333333333334	0.7613333333333333	0.6826666666666666	0.78	0.6626666666666666	0.8586666666666667	0.668	0.892	0.8533333333333334	0.9173333333333333	0.8866666666666667	0.8733333333333333	0.744	0.8666666666666667	0.82	0.8706666666666667	0.8453333333333334	0.848	0.84	0.9053333333333333	0.8333333333333334	0.708	0.8893333333333333	0.652	0.724	0.772	0.7386666666666667	0.8133333333333334	0.8866666666666667	0.8906666666666667	0.8506666666666667	0.7146666666666667	0.864	0.8706666666666667	0.8533333333333334	0.7466666666666667	0.9266666666666666	0.736	0.872	0.928	0.928	0.836	0.88	0.856	0.9586666666666667	0.8426666666666667	0.7373333333333333	0.6946666666666667	0.6613333333333333	0.764	0.8773333333333333	0.8106666666666666	0.8586666666666667	0.828	0.7666666666666667	0.7826666666666666	0.7693333333333333	0.808	0.848	0.8253333333333334	0.8746666666666667	0.904	0.832	0.8826666666666667	0.8493333333333334	0.828	0.7906666666666666	0.8666666666666667	0.828	0.856	0.7626666666666667	0.7626666666666667	0.7626666666666667	0.7533333333333333	0.7573333333333333	0.5453333333333333	0.6506666666666666	0.612	0.7533333333333333	0.72	0.7333333333333333	0.692	0.7186666666666667	0.6533333333333333	0.7333333333333333	0.5573333333333333	0.7426666666666667	0.712	0.732	0.49333333333333335	0.6813333333333333	0.49733333333333335	0.6853333333333333	0.5893333333333334	0.576	0.6333333333333333	0.6453333333333333	0.632	0.5946666666666667	0.76	0.7853333333333333	0.6173333333333333	0.704	0.5146666666666667	0.564	0.632	0.6253333333333333	0.49333333333333335	0.6146666666666667	0.5786666666666667	0.0	0.31466666666666665	0.6133333333333333	0.7013333333333334	0.476	0.5986666666666667	0.43866666666666665	0.472	0.552	0.728	0.404	0.6293333333333333	0.556	0.596	0.5	0.6293333333333333	0.4573333333333333	0.6986666666666667	0.576	0.5626666666666666	0.41733333333333333	0.45066666666666666	0.6853333333333333	0.584	0.552	0.6973333333333334	0.6586666666666666	0.9906666666666667	0.824	0.916	0.9493333333333334	0.9506666666666667	0.9506666666666667	0.9666666666666667	0.912	0.9746666666666667	0.9373333333333334	0.9373333333333334	0.912	0.9146666666666666	0.9213333333333333	0.904	0.9653333333333334	0.9106666666666666	0.8973333333333333	0.9213333333333333	0.884	0.8293333333333334	0.9386666666666666	0.956	0.9133333333333333	0.9026666666666666	0.9146666666666666	0.9906666666666667	0.9186666666666666	0.92	0.9333333333333333	0.9106666666666666	0.9173333333333333	0.9626666666666667	0.9013333333333333	0.9213333333333333	0.932
S2017t3_E17-T3a-Male	0.956	0.916	0.8413333333333334	0.908	0.9946666666666667	0.928	0.908	0.9586666666666667	0.8453333333333334	0.9493333333333334	0.932	0.9146666666666666	0.9773333333333334	0.7426666666666667	0.8186666666666667	0.6253333333333333	0.7706666666666667	0.9493333333333334	0.8733333333333333	0.8693333333333333	0.876	0.9173333333333333	0.8066666666666666	0.8573333333333333	0.932	0.8973333333333333	0.9413333333333334	0.9013333333333333	0.9333333333333333	0.9146666666666666	0.8413333333333334	0.7546666666666667	0.924	0.9413333333333334	0.9506666666666667	0.924	0.8146666666666667	0.7813333333333333	0.864	0.7586666666666667	0.876	0.74	0.7613333333333333	0.732	0.7813333333333333	0.708	0.8653333333333333	0.696	0.9013333333333333	0.872	0.9386666666666666	0.9026666666666666	0.8853333333333333	0.768	0.8826666666666667	0.8266666666666667	0.8706666666666667	0.8506666666666667	0.8613333333333333	0.8426666666666667	0.92	0.8386666666666667	0.7666666666666667	0.9013333333333333	0.628	0.692	0.7853333333333333	0.72	0.8066666666666666	0.88	0.892	0.8586666666666667	0.78	0.8733333333333333	0.888	0.8573333333333333	0.756	0.9346666666666666	0.744	0.8586666666666667	0.924	0.94	0.8426666666666667	0.84	0.836	0.9586666666666667	0.8133333333333334	0.7493333333333333	0.7986666666666666	0.7666666666666667	0.7866666666666666	0.86	0.8	0.8426666666666667	0.8066666666666666	0.812	0.748	0.7466666666666667	0.7853333333333333	0.8413333333333334	0.8146666666666667	0.836	0.888	0.8146666666666667	0.8693333333333333	0.832	0.872	0.788	0.8586666666666667	0.8333333333333334	0.8506666666666667	0.744	0.74	0.7546666666666667	0.74	0.772	0.6093333333333333	0.6626666666666666	0.708	0.7586666666666667	0.7333333333333333	0.7453333333333333	0.692	0.7	0.6586666666666666	0.7413333333333333	0.6173333333333333	0.7626666666666667	0.732	0.7546666666666667	0.4746666666666667	0.6786666666666666	0.5386666666666666	0.6773333333333333	0.6133333333333333	0.5906666666666667	0.74	0.656	0.6426666666666667	0.612	0.7853333333333333	0.8173333333333334	0.5306666666666666	0.7213333333333334	0.46266666666666667	0.5746666666666667	0.6253333333333333	0.6813333333333333	0.5266666666666666	0.576	0.5973333333333334	0.31466666666666665	0.0	0.6306666666666667	0.6826666666666666	0.5093333333333333	0.5973333333333334	0.4573333333333333	0.4573333333333333	0.5773333333333334	0.7506666666666667	0.42533333333333334	0.6493333333333333	0.5733333333333334	0.5826666666666667	0.524	0.68	0.5106666666666667	0.7253333333333334	0.62	0.5586666666666666	0.48	0.4266666666666667	0.7133333333333334	0.62	0.5253333333333333	0.672	0.6506666666666666	0.9946666666666667	0.8506666666666667	0.9106666666666666	0.956	0.9586666666666667	0.9586666666666667	0.98	0.9093333333333333	0.98	0.952	0.948	0.9053333333333333	0.908	0.9173333333333333	0.9186666666666666	0.9773333333333334	0.908	0.9226666666666666	0.9146666666666666	0.904	0.8493333333333334	0.94	0.9653333333333334	0.9106666666666666	0.9013333333333333	0.9333333333333333	0.9946666666666667	0.916	0.936	0.924	0.9093333333333333	0.9293333333333333	0.972	0.9186666666666666	0.932	0.932
S2017t3_E30-T3b-Female	0.932	0.8986666666666666	0.8506666666666667	0.932	0.9946666666666667	0.9053333333333333	0.876	0.924	0.8946666666666667	0.9533333333333334	0.9346666666666666	0.9186666666666666	0.98	0.848	0.864	0.8693333333333333	0.8813333333333333	0.9186666666666666	0.812	0.86	0.8906666666666667	0.868	0.8533333333333334	0.844	0.8853333333333333	0.8866666666666667	0.9226666666666666	0.8586666666666667	0.904	0.876	0.876	0.852	0.9533333333333334	0.9493333333333334	0.952	0.9066666666666666	0.9426666666666667	0.9346666666666666	0.9333333333333333	0.9053333333333333	0.9213333333333333	0.916	0.8773333333333333	0.9	0.896	0.844	0.824	0.8533333333333334	0.892	0.8866666666666667	0.8946666666666667	0.8946666666666667	0.8853333333333333	0.8853333333333333	0.8653333333333333	0.8613333333333333	0.8866666666666667	0.8493333333333334	0.86	0.92	0.9053333333333333	0.896	0.88	0.9266666666666666	0.8413333333333334	0.7946666666666666	0.8346666666666667	0.8133333333333334	0.816	0.8746666666666667	0.876	0.6386666666666667	0.872	0.8613333333333333	0.8786666666666667	0.864	0.8613333333333333	0.944	0.84	0.888	0.9386666666666666	0.9333333333333333	0.8826666666666667	0.8253333333333334	0.8626666666666667	0.9613333333333334	0.8546666666666667	0.772	0.7333333333333333	0.7466666666666667	0.6213333333333333	0.9093333333333333	0.8453333333333334	0.9013333333333333	0.8613333333333333	0.876	0.8013333333333333	0.8013333333333333	0.8413333333333334	0.8613333333333333	0.8466666666666667	0.8706666666666667	0.92	0.8693333333333333	0.924	0.8853333333333333	0.856	0.8173333333333334	0.9173333333333333	0.8693333333333333	0.9026666666666666	0.784	0.7826666666666666	0.7866666666666666	0.784	0.7706666666666667	0.748	0.78	0.76	0.7933333333333333	0.796	0.7786666666666666	0.8226666666666667	0.704	0.7973333333333333	0.72	0.6866666666666666	0.7506666666666667	0.7026666666666667	0.4186666666666667	0.7293333333333333	0.7506666666666667	0.6586666666666666	0.6986666666666667	0.7693333333333333	0.4746666666666667	0.4866666666666667	0.6333333333333333	0.736	0.7573333333333333	0.772	0.868	0.8053333333333333	0.7506666666666667	0.676	0.676	0.7573333333333333	0.6773333333333333	0.6133333333333333	0.428	0.684	0.6133333333333333	0.6306666666666667	0.0	0.6253333333333333	0.6066666666666667	0.664	0.6826666666666666	0.5853333333333334	0.624	0.6866666666666666	0.6973333333333334	0.5853333333333334	0.43733333333333335	0.592	0.6893333333333334	0.612	0.6146666666666667	0.7693333333333333	0.36933333333333335	0.6093333333333333	0.6106666666666667	0.6146666666666667	0.6506666666666666	0.712	0.6813333333333333	0.7133333333333334	0.5586666666666666	0.9933333333333333	0.796	0.9226666666666666	0.9733333333333334	0.9613333333333334	0.9666666666666667	0.9626666666666667	0.9346666666666666	0.9773333333333334	0.9106666666666666	0.9253333333333333	0.9453333333333334	0.9253333333333333	0.896	0.8906666666666667	0.9386666666666666	0.8946666666666667	0.9026666666666666	0.932	0.8653333333333333	0.8506666666666667	0.9173333333333333	0.9626666666666667	0.9266666666666666	0.8973333333333333	0.9106666666666666	0.9946666666666667	0.9053333333333333	0.916	0.9586666666666667	0.892	0.808	0.9373333333333334	0.9093333333333333	0.9506666666666667	0.9346666666666666
S2017t3_E30-T3b-Male	0.8133333333333334	0.708	0.764	0.7653333333333333	0.992	0.6826666666666666	0.8426666666666667	0.8986666666666666	0.7506666666666667	0.9386666666666666	0.7813333333333333	0.7306666666666667	0.9733333333333334	0.8253333333333334	0.7693333333333333	0.7426666666666667	0.8573333333333333	0.8773333333333333	0.7973333333333333	0.7453333333333333	0.716	0.7546666666666667	0.6146666666666667	0.6266666666666667	0.7866666666666666	0.8373333333333334	0.9266666666666666	0.7613333333333333	0.9026666666666666	0.8653333333333333	0.8213333333333334	0.832	0.9413333333333334	0.96	0.964	0.908	0.9213333333333333	0.8893333333333333	0.9146666666666666	0.8733333333333333	0.8986666666666666	0.84	0.7066666666666667	0.7373333333333333	0.804	0.7	0.712	0.7466666666666667	0.7613333333333333	0.7693333333333333	0.7933333333333333	0.82	0.6973333333333334	0.7626666666666667	0.6746666666666666	0.7	0.7373333333333333	0.6973333333333334	0.7093333333333334	0.8013333333333333	0.864	0.7933333333333333	0.8213333333333334	0.8813333333333333	0.7506666666666667	0.7573333333333333	0.7346666666666667	0.7306666666666667	0.732	0.88	0.8013333333333333	0.884	0.8293333333333334	0.6906666666666667	0.816	0.756	0.6013333333333334	0.9333333333333333	0.8053333333333333	0.8333333333333334	0.9413333333333334	0.9493333333333334	0.8293333333333334	0.7906666666666666	0.704	0.9773333333333334	0.7213333333333334	0.7506666666666667	0.76	0.76	0.756	0.8026666666666666	0.7386666666666667	0.76	0.7226666666666667	0.7706666666666667	0.6573333333333333	0.6506666666666666	0.6733333333333333	0.7693333333333333	0.7653333333333333	0.7746666666666666	0.888	0.7266666666666667	0.7813333333333333	0.8093333333333333	0.7933333333333333	0.6906666666666667	0.7613333333333333	0.804	0.7466666666666667	0.5333333333333333	0.648	0.5226666666666666	0.5826666666666667	0.6146666666666667	0.56	0.5826666666666667	0.6226666666666667	0.532	0.5186666666666667	0.5453333333333333	0.8	0.48133333333333334	0.668	0.4066666666666667	0.488	0.56	0.6666666666666666	0.7706666666666667	0.608	0.5706666666666667	0.49066666666666664	0.42933333333333334	0.504	0.6053333333333333	0.7693333333333333	0.43733333333333335	0.5973333333333334	0.612	0.5733333333333334	0.824	0.7426666666666667	0.5573333333333333	0.6573333333333333	0.5213333333333333	0.5946666666666667	0.604	0.43333333333333335	0.6693333333333333	0.6266666666666667	0.7013333333333334	0.6826666666666666	0.6253333333333333	0.0	0.5466666666666666	0.49066666666666664	0.5053333333333333	0.56	0.5853333333333334	0.588	0.7066666666666667	0.608	0.6373333333333333	0.38	0.46266666666666667	0.45466666666666666	0.536	0.796	0.6786666666666666	0.45066666666666666	0.5133333333333333	0.7106666666666667	0.7533333333333333	0.8146666666666667	0.5333333333333333	0.6346666666666667	0.2813333333333333	0.9933333333333333	0.76	0.692	0.9373333333333334	0.94	0.9586666666666667	0.9586666666666667	0.684	0.968	0.8853333333333333	0.9186666666666666	0.792	0.7026666666666667	0.7186666666666667	0.8453333333333334	0.908	0.6813333333333333	0.8626666666666667	0.708	0.792	0.8053333333333333	0.7626666666666667	0.9573333333333334	0.7613333333333333	0.756	0.8653333333333333	0.9933333333333333	0.6946666666666667	0.884	0.908	0.684	0.8053333333333333	0.924	0.8746666666666667	0.92	0.7626666666666667
S2017t3F_E11-T3b-Female	0.836	0.7973333333333333	0.8466666666666667	0.916	0.9933333333333333	0.768	0.8226666666666667	0.9026666666666666	0.7213333333333334	0.9266666666666666	0.84	0.8146666666666667	0.9653333333333334	0.7586666666666667	0.776	0.6506666666666666	0.744	0.864	0.86	0.6306666666666667	0.752	0.7533333333333333	0.6066666666666667	0.6826666666666666	0.772	0.8506666666666667	0.9133333333333333	0.7666666666666667	0.8853333333333333	0.8533333333333334	0.8053333333333333	0.7093333333333334	0.9466666666666667	0.9493333333333334	0.9173333333333333	0.8866666666666667	0.8106666666666666	0.8026666666666666	0.8653333333333333	0.784	0.872	0.7813333333333333	0.7573333333333333	0.6946666666666667	0.7346666666666667	0.6933333333333334	0.816	0.7026666666666667	0.7613333333333333	0.7373333333333333	0.7813333333333333	0.7733333333333333	0.7226666666666667	0.6213333333333333	0.688	0.688	0.8106666666666666	0.6733333333333333	0.732	0.816	0.8773333333333333	0.744	0.6946666666666667	0.868	0.5453333333333333	0.7266666666666667	0.6466666666666666	0.6906666666666667	0.7106666666666667	0.8893333333333333	0.8413333333333334	0.8333333333333334	0.676	0.6826666666666666	0.7613333333333333	0.7333333333333333	0.5613333333333334	0.9293333333333333	0.612	0.872	0.928	0.932	0.7506666666666667	0.86	0.852	0.9613333333333334	0.8653333333333333	0.808	0.844	0.8466666666666667	0.7933333333333333	0.908	0.8373333333333334	0.88	0.8333333333333334	0.844	0.8253333333333334	0.7933333333333333	0.8333333333333334	0.8653333333333333	0.844	0.8733333333333333	0.92	0.8506666666666667	0.904	0.8773333333333333	0.8333333333333334	0.8013333333333333	0.8706666666666667	0.8226666666666667	0.8373333333333334	0.796	0.7973333333333333	0.8066666666666666	0.7946666666666666	0.8013333333333333	0.6533333333333333	0.6933333333333334	0.716	0.7973333333333333	0.748	0.7746666666666666	0.7066666666666667	0.692	0.588	0.66	0.4706666666666667	0.7533333333333333	0.808	0.8053333333333333	0.6133333333333333	0.7106666666666667	0.6546666666666666	0.7373333333333333	0.6573333333333333	0.6013333333333334	0.8	0.5786666666666667	0.6653333333333333	0.612	0.7866666666666666	0.8106666666666666	0.7626666666666667	0.744	0.62	0.6333333333333333	0.6746666666666666	0.44666666666666666	0.41733333333333333	0.536	0.5613333333333334	0.476	0.5093333333333333	0.6066666666666667	0.5466666666666666	0.0	0.5546666666666666	0.5053333333333333	0.20533333333333334	0.268	0.5653333333333334	0.46266666666666667	0.5653333333333334	0.39066666666666666	0.592	0.5653333333333334	0.6026666666666667	0.468	0.5733333333333334	0.532	0.56	0.4	0.5506666666666666	0.6026666666666667	0.564	0.5586666666666666	0.676	0.5426666666666666	0.9933333333333333	0.7573333333333333	0.804	0.9373333333333334	0.952	0.9506666666666667	0.9586666666666667	0.816	0.9666666666666667	0.8506666666666667	0.9133333333333333	0.92	0.808	0.76	0.8146666666666667	0.9066666666666666	0.7453333333333333	0.7893333333333333	0.8146666666666667	0.7466666666666667	0.8426666666666667	0.812	0.956	0.8066666666666666	0.8066666666666666	0.8533333333333334	0.9866666666666667	0.808	0.8733333333333333	0.9466666666666667	0.744	0.8146666666666667	0.92	0.836	0.9186666666666666	0.812
S2017t3F_E13-T3a-Female	0.9266666666666666	0.824	0.7506666666666667	0.8426666666666667	0.9693333333333334	0.6973333333333334	0.7186666666666667	0.9493333333333334	0.8253333333333334	0.9346666666666666	0.9066666666666666	0.8666666666666667	0.952	0.752	0.5973333333333334	0.7106666666666667	0.8373333333333334	0.9413333333333334	0.84	0.7906666666666666	0.8306666666666667	0.82	0.7253333333333334	0.7626666666666667	0.904	0.7773333333333333	0.9306666666666666	0.856	0.912	0.8666666666666667	0.8293333333333334	0.78	0.9333333333333333	0.9466666666666667	0.948	0.9226666666666666	0.7853333333333333	0.7533333333333333	0.7813333333333333	0.7893333333333333	0.768	0.7693333333333333	0.716	0.676	0.5413333333333333	0.7133333333333334	0.6173333333333333	0.7266666666666667	0.8506666666666667	0.7813333333333333	0.848	0.8173333333333334	0.8386666666666667	0.768	0.756	0.7906666666666666	0.832	0.7306666666666667	0.7893333333333333	0.796	0.8186666666666667	0.792	0.8066666666666666	0.8066666666666666	0.6706666666666666	0.7506666666666667	0.76	0.7733333333333333	0.7733333333333333	0.8786666666666667	0.8266666666666667	0.8813333333333333	0.644	0.6146666666666667	0.6826666666666666	0.6213333333333333	0.528	0.9266666666666666	0.7306666666666667	0.844	0.9173333333333333	0.9306666666666666	0.5613333333333334	0.7853333333333333	0.8013333333333333	0.964	0.7986666666666666	0.7533333333333333	0.7946666666666666	0.7773333333333333	0.752	0.804	0.7613333333333333	0.7853333333333333	0.7546666666666667	0.7386666666666667	0.7106666666666667	0.6866666666666666	0.7506666666666667	0.8093333333333333	0.7853333333333333	0.82	0.8946666666666667	0.752	0.816	0.78	0.8173333333333334	0.732	0.816	0.784	0.7946666666666666	0.5933333333333334	0.664	0.6066666666666667	0.588	0.5946666666666667	0.5733333333333334	0.492	0.5213333333333333	0.5173333333333333	0.496	0.5826666666666667	0.6693333333333333	0.376	0.6453333333333333	0.568	0.5413333333333333	0.5973333333333334	0.6813333333333333	0.7653333333333333	0.6066666666666667	0.46266666666666667	0.49066666666666664	0.45466666666666666	0.48533333333333334	0.5973333333333334	0.772	0.5	0.5186666666666667	0.5293333333333333	0.5786666666666667	0.732	0.6706666666666666	0.504	0.5946666666666667	0.5066666666666667	0.5506666666666666	0.6226666666666667	0.5653333333333334	0.7506666666666667	0.5213333333333333	0.5986666666666667	0.5973333333333334	0.664	0.49066666666666664	0.5546666666666666	0.0	0.364	0.552	0.464	0.6693333333333333	0.5173333333333333	0.576	0.6573333333333333	0.4186666666666667	0.49066666666666664	0.6013333333333334	0.5706666666666667	0.7346666666666667	0.516	0.316	0.4533333333333333	0.572	0.7026666666666667	0.664	0.5613333333333334	0.6866666666666666	0.4613333333333333	0.9693333333333334	0.7	0.8413333333333334	0.9493333333333334	0.9333333333333333	0.9386666666666666	0.9453333333333334	0.872	0.9533333333333334	0.7306666666666667	0.9266666666666666	0.8573333333333333	0.8573333333333333	0.7906666666666666	0.8346666666666667	0.9426666666666667	0.78	0.8733333333333333	0.86	0.8053333333333333	0.8013333333333333	0.896	0.94	0.8906666666666667	0.8666666666666667	0.868	0.9693333333333334	0.836	0.9093333333333333	0.888	0.776	0.8373333333333334	0.9426666666666667	0.696	0.9173333333333333	0.9106666666666666
S2017t3F_E13-T3b-Female	0.928	0.868	0.712	0.868	0.9546666666666667	0.8946666666666667	0.8506666666666667	0.948	0.8026666666666666	0.908	0.932	0.8946666666666667	0.948	0.6573333333333333	0.8013333333333333	0.6226666666666667	0.692	0.9413333333333334	0.8573333333333333	0.7946666666666666	0.852	0.8346666666666667	0.7546666666666667	0.7906666666666666	0.9106666666666666	0.8013333333333333	0.9293333333333333	0.8533333333333334	0.9186666666666666	0.8693333333333333	0.8346666666666667	0.7213333333333334	0.9346666666666666	0.9426666666666667	0.9506666666666667	0.92	0.7253333333333334	0.6626666666666666	0.7786666666666666	0.6413333333333333	0.78	0.6466666666666666	0.7306666666666667	0.6173333333333333	0.7186666666666667	0.616	0.8346666666666667	0.604	0.8466666666666667	0.7906666666666666	0.856	0.8226666666666667	0.8506666666666667	0.6733333333333333	0.824	0.788	0.8493333333333334	0.7813333333333333	0.8133333333333334	0.784	0.8333333333333334	0.7706666666666667	0.628	0.8186666666666667	0.5866666666666667	0.68	0.7333333333333333	0.6973333333333334	0.7853333333333333	0.8853333333333333	0.8533333333333334	0.8746666666666667	0.628	0.7786666666666666	0.8146666666666667	0.7813333333333333	0.6733333333333333	0.9213333333333333	0.6573333333333333	0.8373333333333334	0.92	0.9333333333333333	0.7666666666666667	0.8346666666666667	0.8266666666666667	0.9666666666666667	0.82	0.76	0.8146666666666667	0.7853333333333333	0.7706666666666667	0.8546666666666667	0.784	0.8146666666666667	0.7746666666666666	0.796	0.7626666666666667	0.72	0.7813333333333333	0.8413333333333334	0.8106666666666666	0.8533333333333334	0.9213333333333333	0.7893333333333333	0.848	0.8133333333333334	0.836	0.7306666666666667	0.824	0.8013333333333333	0.8173333333333334	0.5573333333333333	0.6853333333333333	0.564	0.6253333333333333	0.5493333333333333	0.348	0.44666666666666666	0.5	0.5146666666666667	0.48933333333333334	0.5986666666666667	0.6266666666666667	0.48	0.5813333333333334	0.516	0.448	0.604	0.6973333333333334	0.764	0.4	0.524	0.304	0.44	0.35333333333333333	0.576	0.7613333333333333	0.52	0.5173333333333333	0.5386666666666666	0.5306666666666666	0.74	0.6133333333333333	0.548	0.49733333333333335	0.532	0.49333333333333335	0.6653333333333333	0.464	0.6573333333333333	0.5213333333333333	0.43866666666666665	0.4573333333333333	0.6826666666666666	0.5053333333333333	0.5053333333333333	0.364	0.0	0.49466666666666664	0.5546666666666666	0.6933333333333334	0.376	0.596	0.644	0.388	0.30933333333333335	0.588	0.48	0.7266666666666667	0.64	0.4026666666666667	0.3373333333333333	0.5773333333333334	0.6946666666666667	0.5866666666666667	0.49733333333333335	0.6853333333333333	0.5106666666666667	0.9613333333333334	0.7666666666666667	0.8626666666666667	0.9173333333333333	0.9173333333333333	0.9306666666666666	0.932	0.9053333333333333	0.9386666666666666	0.8906666666666667	0.9146666666666666	0.876	0.8746666666666667	0.892	0.8426666666666667	0.928	0.88	0.844	0.8653333333333333	0.8386666666666667	0.7613333333333333	0.92	0.924	0.8893333333333333	0.8986666666666666	0.8546666666666667	0.9613333333333334	0.872	0.8693333333333333	0.8893333333333333	0.8733333333333333	0.8653333333333333	0.928	0.8373333333333334	0.884	0.9226666666666666
S2017t3F_E14-T3a-Female	0.82	0.7693333333333333	0.872	0.912	0.9933333333333333	0.732	0.8226666666666667	0.904	0.7066666666666667	0.9493333333333334	0.808	0.7826666666666666	0.9746666666666667	0.7466666666666667	0.7626666666666667	0.6293333333333333	0.7306666666666667	0.868	0.8506666666666667	0.6533333333333333	0.7413333333333333	0.7266666666666667	0.6413333333333333	0.6973333333333334	0.7586666666666667	0.836	0.9133333333333333	0.7413333333333333	0.888	0.8453333333333334	0.788	0.6906666666666667	0.936	0.9466666666666667	0.924	0.8946666666666667	0.8026666666666666	0.7866666666666666	0.8533333333333334	0.7626666666666667	0.8653333333333333	0.7706666666666667	0.7613333333333333	0.6906666666666667	0.7186666666666667	0.6933333333333334	0.8026666666666666	0.7026666666666667	0.732	0.7173333333333334	0.7586666666666667	0.7733333333333333	0.7226666666666667	0.616	0.656	0.6653333333333333	0.8346666666666667	0.64	0.788	0.8226666666666667	0.876	0.7293333333333333	0.704	0.8786666666666667	0.5213333333333333	0.684	0.6413333333333333	0.6586666666666666	0.7053333333333334	0.8706666666666667	0.8186666666666667	0.848	0.6613333333333333	0.6626666666666666	0.7453333333333333	0.7253333333333334	0.532	0.916	0.6346666666666667	0.8866666666666667	0.916	0.916	0.732	0.8053333333333333	0.848	0.948	0.852	0.7906666666666666	0.8413333333333334	0.824	0.8133333333333334	0.8733333333333333	0.8333333333333334	0.8733333333333333	0.8426666666666667	0.8066666666666666	0.796	0.768	0.8173333333333334	0.8573333333333333	0.8346666666666667	0.8426666666666667	0.912	0.8506666666666667	0.9013333333333333	0.88	0.8773333333333333	0.8066666666666666	0.872	0.8213333333333334	0.836	0.8093333333333333	0.7893333333333333	0.7986666666666666	0.8026666666666666	0.772	0.6466666666666666	0.6706666666666666	0.6986666666666667	0.7786666666666666	0.744	0.7973333333333333	0.6906666666666667	0.6706666666666666	0.56	0.612	0.4493333333333333	0.7453333333333333	0.7653333333333333	0.776	0.5546666666666666	0.672	0.6093333333333333	0.7133333333333334	0.628	0.568	0.7733333333333333	0.524	0.6373333333333333	0.584	0.7733333333333333	0.7973333333333333	0.7093333333333334	0.7453333333333333	0.572	0.6186666666666667	0.648	0.45066666666666666	0.408	0.48133333333333334	0.548	0.472	0.4573333333333333	0.5853333333333334	0.56	0.20533333333333334	0.552	0.49466666666666664	0.0	0.2693333333333333	0.576	0.42933333333333334	0.5453333333333333	0.36533333333333334	0.6093333333333333	0.5626666666666666	0.584	0.43733333333333335	0.6026666666666667	0.484	0.5546666666666666	0.42533333333333334	0.516	0.588	0.5333333333333333	0.588	0.6786666666666666	0.5413333333333333	0.996	0.7573333333333333	0.8	0.9706666666666667	0.9533333333333334	0.9653333333333334	0.9586666666666667	0.796	0.9773333333333334	0.856	0.92	0.92	0.7986666666666666	0.7253333333333334	0.8346666666666667	0.908	0.72	0.8733333333333333	0.8066666666666666	0.7653333333333333	0.8746666666666667	0.788	0.96	0.7946666666666666	0.8	0.8813333333333333	0.9933333333333333	0.7813333333333333	0.904	0.9426666666666667	0.7226666666666667	0.8266666666666667	0.9226666666666666	0.8533333333333334	0.9413333333333334	0.8026666666666666
S2017t3F_E14-T3b-Female	0.8373333333333334	0.8026666666666666	0.8773333333333333	0.9413333333333334	0.9973333333333333	0.6973333333333334	0.784	0.9146666666666666	0.7253333333333334	0.9626666666666667	0.8426666666666667	0.8173333333333334	0.9893333333333333	0.708	0.7253333333333334	0.712	0.7946666666666666	0.8706666666666667	0.872	0.648	0.776	0.6373333333333333	0.656	0.7186666666666667	0.7773333333333333	0.752	0.9133333333333333	0.7533333333333333	0.8773333333333333	0.824	0.8173333333333334	0.7293333333333333	0.9533333333333334	0.9493333333333334	0.9306666666666666	0.9133333333333333	0.7466666666666667	0.7413333333333333	0.7573333333333333	0.8293333333333334	0.7653333333333333	0.852	0.7813333333333333	0.7493333333333333	0.5746666666666667	0.7746666666666666	0.7733333333333333	0.7853333333333333	0.772	0.6786666666666666	0.7386666666666667	0.6813333333333333	0.752	0.64	0.6973333333333334	0.696	0.844	0.568	0.7973333333333333	0.8466666666666667	0.7826666666666666	0.7293333333333333	0.76	0.7853333333333333	0.552	0.648	0.676	0.7266666666666667	0.728	0.888	0.8253333333333334	0.8173333333333334	0.5693333333333334	0.62	0.6106666666666667	0.688	0.5413333333333333	0.9253333333333333	0.612	0.9026666666666666	0.916	0.9213333333333333	0.6493333333333333	0.772	0.8813333333333333	0.9506666666666667	0.892	0.8333333333333334	0.876	0.8693333333333333	0.8146666666666667	0.904	0.8653333333333333	0.908	0.864	0.7453333333333333	0.816	0.796	0.852	0.8733333333333333	0.848	0.8613333333333333	0.9226666666666666	0.8813333333333333	0.9266666666666666	0.8973333333333333	0.888	0.8333333333333334	0.9066666666666666	0.8626666666666667	0.868	0.8213333333333334	0.8253333333333334	0.8186666666666667	0.82	0.7346666666666667	0.7053333333333334	0.5906666666666667	0.5893333333333334	0.6826666666666666	0.6613333333333333	0.8093333333333333	0.6226666666666667	0.5613333333333334	0.5213333333333333	0.62	0.508	0.7386666666666667	0.804	0.7746666666666666	0.664	0.5973333333333334	0.676	0.736	0.6533333333333333	0.6053333333333333	0.8133333333333334	0.45466666666666666	0.568	0.5186666666666667	0.672	0.7	0.7106666666666667	0.68	0.688	0.6666666666666666	0.7186666666666667	0.37066666666666664	0.47733333333333333	0.5506666666666666	0.47733333333333333	0.552	0.5773333333333334	0.624	0.5853333333333334	0.268	0.464	0.5546666666666666	0.2693333333333333	0.0	0.564	0.4226666666666667	0.5866666666666667	0.4613333333333333	0.6226666666666667	0.624	0.6146666666666667	0.536	0.58	0.43733333333333335	0.5693333333333334	0.5	0.568	0.616	0.5013333333333333	0.6533333333333333	0.7146666666666667	0.572	0.9973333333333333	0.7346666666666667	0.836	0.984	0.9653333333333334	0.9773333333333334	0.9626666666666667	0.8386666666666667	0.988	0.8106666666666666	0.932	0.948	0.8346666666666667	0.7586666666666667	0.8533333333333334	0.9133333333333333	0.7506666666666667	0.8653333333333333	0.8413333333333334	0.7733333333333333	0.8773333333333333	0.8253333333333334	0.9746666666666667	0.8293333333333334	0.8306666666666667	0.8973333333333333	0.9973333333333333	0.8146666666666667	0.9186666666666666	0.9653333333333334	0.764	0.84	0.9266666666666666	0.808	0.956	0.84
S2017t3F_E16-T3a-Female	0.872	0.8773333333333333	0.7946666666666666	0.9413333333333334	0.9933333333333333	0.876	0.9106666666666666	0.9213333333333333	0.852	0.9586666666666667	0.888	0.8546666666666667	0.9786666666666667	0.904	0.8946666666666667	0.856	0.868	0.8653333333333333	0.848	0.7786666666666666	0.7853333333333333	0.824	0.7573333333333333	0.768	0.804	0.9	0.908	0.7853333333333333	0.8586666666666667	0.8226666666666667	0.8413333333333334	0.8253333333333334	0.9133333333333333	0.8706666666666667	0.888	0.86	0.9386666666666666	0.928	0.9293333333333333	0.9146666666666666	0.932	0.9226666666666666	0.9146666666666666	0.9306666666666666	0.9173333333333333	0.86	0.8986666666666666	0.8773333333333333	0.824	0.8346666666666667	0.82	0.8146666666666667	0.7906666666666666	0.8226666666666667	0.8133333333333334	0.8293333333333334	0.8266666666666667	0.7826666666666666	0.7893333333333333	0.912	0.9026666666666666	0.832	0.8613333333333333	0.9133333333333333	0.8293333333333334	0.8586666666666667	0.792	0.8173333333333334	0.8026666666666666	0.8413333333333334	0.82	0.8413333333333334	0.8826666666666667	0.836	0.8706666666666667	0.8666666666666667	0.8186666666666667	0.912	0.7986666666666666	0.92	0.88	0.8866666666666667	0.9106666666666666	0.868	0.884	0.9426666666666667	0.8906666666666667	0.84	0.8746666666666667	0.864	0.8573333333333333	0.92	0.876	0.9106666666666666	0.876	0.8746666666666667	0.8093333333333333	0.8213333333333334	0.8653333333333333	0.876	0.852	0.864	0.904	0.8933333333333333	0.948	0.9213333333333333	0.8826666666666667	0.7773333333333333	0.8973333333333333	0.852	0.864	0.764	0.8	0.756	0.7626666666666667	0.7053333333333334	0.7146666666666667	0.7226666666666667	0.7146666666666667	0.7253333333333334	0.7346666666666667	0.748	0.8266666666666667	0.7266666666666667	0.7293333333333333	0.62	0.6746666666666666	0.6466666666666666	0.6973333333333334	0.792	0.732	0.7226666666666667	0.728	0.7066666666666667	0.716	0.7346666666666667	0.852	0.6146666666666667	0.6973333333333334	0.732	0.7186666666666667	0.8466666666666667	0.7826666666666666	0.736	0.7906666666666666	0.6773333333333333	0.72	0.6613333333333333	0.572	0.672	0.6693333333333333	0.728	0.7506666666666667	0.6866666666666666	0.588	0.5653333333333334	0.6693333333333333	0.6933333333333334	0.576	0.564	0.0	0.7613333333333333	0.512	0.6626666666666666	0.6613333333333333	0.676	0.5906666666666667	0.612	0.784	0.7066666666666667	0.656	0.6306666666666667	0.744	0.6226666666666667	0.784	0.7453333333333333	0.78	0.5986666666666667	0.9973333333333333	0.8066666666666666	0.8773333333333333	0.9786666666666667	0.96	0.976	0.964	0.8786666666666667	0.984	0.9466666666666667	0.9346666666666666	0.9573333333333334	0.88	0.876	0.9213333333333333	0.9186666666666666	0.872	0.888	0.8853333333333333	0.8453333333333334	0.836	0.88	0.9733333333333334	0.8733333333333333	0.8293333333333334	0.9426666666666667	0.9933333333333333	0.8773333333333333	0.9333333333333333	0.9733333333333334	0.864	0.8826666666666667	0.924	0.9493333333333334	0.9626666666666667	0.8826666666666667
S2017t3F_E17-T3b-Female	0.9413333333333334	0.8933333333333333	0.8906666666666667	0.92	0.9973333333333333	0.8733333333333333	0.8653333333333333	0.956	0.8293333333333334	0.9666666666666667	0.9386666666666666	0.908	0.9773333333333334	0.556	0.7746666666666666	0.584	0.66	0.94	0.872	0.8013333333333333	0.8893333333333333	0.7333333333333333	0.7893333333333333	0.8373333333333334	0.8946666666666667	0.72	0.9333333333333333	0.8733333333333333	0.9186666666666666	0.876	0.8453333333333334	0.728	0.9373333333333334	0.9453333333333334	0.944	0.928	0.6546666666666666	0.596	0.7133333333333334	0.6706666666666666	0.7133333333333334	0.6613333333333333	0.7466666666666667	0.604	0.6	0.6493333333333333	0.8173333333333334	0.624	0.8973333333333333	0.7986666666666666	0.868	0.7546666666666667	0.888	0.7066666666666667	0.828	0.8013333333333333	0.8893333333333333	0.6706666666666666	0.856	0.8293333333333334	0.756	0.8	0.6786666666666666	0.748	0.5853333333333334	0.5933333333333334	0.7453333333333333	0.7533333333333333	0.78	0.8866666666666667	0.856	0.876	0.5186666666666667	0.8026666666666666	0.672	0.8053333333333333	0.6826666666666666	0.9266666666666666	0.6706666666666666	0.8866666666666667	0.9146666666666666	0.924	0.7266666666666667	0.732	0.8533333333333334	0.956	0.8586666666666667	0.8066666666666666	0.836	0.8066666666666666	0.804	0.8626666666666667	0.8146666666666667	0.864	0.8333333333333334	0.6733333333333333	0.8013333333333333	0.7626666666666667	0.8333333333333334	0.844	0.8173333333333334	0.8653333333333333	0.908	0.8386666666666667	0.888	0.848	0.86	0.8453333333333334	0.8693333333333333	0.8413333333333334	0.8626666666666667	0.808	0.812	0.8093333333333333	0.8066666666666666	0.752	0.564	0.5386666666666666	0.544	0.648	0.6413333333333333	0.7853333333333333	0.5653333333333334	0.6493333333333333	0.5226666666666666	0.7413333333333333	0.5186666666666667	0.7786666666666666	0.8053333333333333	0.7893333333333333	0.41733333333333333	0.548	0.5386666666666666	0.7173333333333334	0.5773333333333334	0.6426666666666667	0.7653333333333333	0.58	0.5493333333333333	0.48933333333333334	0.6533333333333333	0.6413333333333333	0.6013333333333334	0.6306666666666667	0.54	0.6346666666666667	0.6773333333333333	0.47733333333333333	0.468	0.6333333333333333	0.45066666666666666	0.404	0.42533333333333334	0.6973333333333334	0.7066666666666667	0.46266666666666667	0.5173333333333333	0.376	0.42933333333333334	0.4226666666666667	0.7613333333333333	0.0	0.6813333333333333	0.5786666666666667	0.6186666666666667	0.524	0.6573333333333333	0.45466666666666666	0.664	0.5266666666666666	0.5626666666666666	0.43466666666666665	0.5666666666666667	0.7066666666666667	0.46	0.5733333333333334	0.6973333333333334	0.6453333333333333	0.996	0.8253333333333334	0.9213333333333333	0.9733333333333334	0.9626666666666667	0.9733333333333334	0.9746666666666667	0.9306666666666666	0.9853333333333333	0.9106666666666666	0.956	0.9266666666666666	0.9266666666666666	0.8773333333333333	0.8893333333333333	0.972	0.868	0.904	0.9373333333333334	0.8666666666666667	0.8986666666666666	0.9346666666666666	0.9746666666666667	0.9226666666666666	0.9	0.9026666666666666	0.9973333333333333	0.9053333333333333	0.932	0.9306666666666666	0.864	0.8866666666666667	0.972	0.88	0.952	0.9493333333333334
S2017t3F_E19-T3a-Female	0.9426666666666667	0.912	0.7573333333333333	0.9026666666666666	0.9826666666666667	0.9213333333333333	0.8973333333333333	0.9493333333333334	0.9106666666666666	0.9346666666666666	0.944	0.908	0.9653333333333334	0.8506666666666667	0.848	0.8333333333333334	0.8946666666666667	0.9373333333333334	0.8626666666666667	0.8573333333333333	0.8493333333333334	0.8813333333333333	0.8373333333333334	0.836	0.8933333333333333	0.8573333333333333	0.9213333333333333	0.86	0.9066666666666666	0.8613333333333333	0.8693333333333333	0.844	0.9306666666666666	0.9253333333333333	0.928	0.8893333333333333	0.9146666666666666	0.9093333333333333	0.9066666666666666	0.8866666666666667	0.8973333333333333	0.888	0.852	0.864	0.856	0.8	0.824	0.828	0.8613333333333333	0.8653333333333333	0.884	0.8773333333333333	0.8546666666666667	0.8613333333333333	0.8746666666666667	0.884	0.8546666666666667	0.86	0.8213333333333334	0.8426666666666667	0.8693333333333333	0.8573333333333333	0.8453333333333334	0.8706666666666667	0.8626666666666667	0.832	0.8373333333333334	0.8213333333333334	0.8253333333333334	0.84	0.8346666666666667	0.8613333333333333	0.8853333333333333	0.8426666666666667	0.8973333333333333	0.8453333333333334	0.8466666666666667	0.924	0.836	0.852	0.888	0.9026666666666666	0.8506666666666667	0.788	0.828	0.948	0.8346666666666667	0.7853333333333333	0.844	0.812	0.808	0.848	0.8053333333333333	0.8466666666666667	0.812	0.828	0.78	0.744	0.8026666666666666	0.8493333333333334	0.8333333333333334	0.868	0.9066666666666666	0.8333333333333334	0.88	0.852	0.8533333333333334	0.7253333333333334	0.8546666666666667	0.8106666666666666	0.8386666666666667	0.7066666666666667	0.7266666666666667	0.6906666666666667	0.6813333333333333	0.6693333333333333	0.6453333333333333	0.6373333333333333	0.6666666666666666	0.6666666666666666	0.672	0.6666666666666666	0.788	0.612	0.7653333333333333	0.6413333333333333	0.6933333333333334	0.6386666666666667	0.6533333333333333	0.7573333333333333	0.6826666666666666	0.652	0.6346666666666667	0.596	0.6493333333333333	0.684	0.776	0.608	0.6386666666666667	0.692	0.6773333333333333	0.82	0.7346666666666667	0.632	0.7373333333333333	0.6173333333333333	0.6773333333333333	0.696	0.6013333333333334	0.7853333333333333	0.6146666666666667	0.6293333333333333	0.6493333333333333	0.5853333333333334	0.608	0.5653333333333334	0.576	0.596	0.5453333333333333	0.5866666666666667	0.512	0.6813333333333333	0.0	0.544	0.532	0.572	0.6746666666666666	0.64	0.7946666666666666	0.6213333333333333	0.5333333333333333	0.48933333333333334	0.6253333333333333	0.26666666666666666	0.58	0.6573333333333333	0.7293333333333333	0.604	0.9826666666666667	0.8053333333333333	0.904	0.9413333333333334	0.9546666666666667	0.9453333333333334	0.9573333333333334	0.924	0.964	0.936	0.9346666666666666	0.904	0.904	0.9226666666666666	0.9053333333333333	0.9653333333333334	0.9093333333333333	0.896	0.9133333333333333	0.8773333333333333	0.8013333333333333	0.9186666666666666	0.9493333333333334	0.904	0.8906666666666667	0.9053333333333333	0.984	0.9133333333333333	0.9133333333333333	0.9266666666666666	0.9026666666666666	0.8853333333333333	0.9546666666666667	0.9	0.9253333333333333	0.9093333333333333
S2017t3F_E19-T3b-Female	0.876	0.8333333333333334	0.9213333333333333	0.9106666666666666	0.9853333333333333	0.82	0.8506666666666667	0.8986666666666666	0.7653333333333333	0.94	0.8866666666666667	0.8386666666666667	0.968	0.7106666666666667	0.784	0.696	0.7453333333333333	0.8626666666666667	0.7986666666666666	0.744	0.8253333333333334	0.808	0.7346666666666667	0.7733333333333333	0.828	0.8426666666666667	0.9093333333333333	0.7906666666666666	0.88	0.8453333333333334	0.8133333333333334	0.7253333333333334	0.9373333333333334	0.944	0.9533333333333334	0.892	0.812	0.804	0.86	0.78	0.8693333333333333	0.7866666666666666	0.7653333333333333	0.7146666666666667	0.7533333333333333	0.6986666666666667	0.7693333333333333	0.7133333333333334	0.8213333333333334	0.7853333333333333	0.8306666666666667	0.8093333333333333	0.8	0.7026666666666667	0.76	0.736	0.8613333333333333	0.7546666666666667	0.8133333333333334	0.8266666666666667	0.872	0.7373333333333333	0.7106666666666667	0.8693333333333333	0.6213333333333333	0.7226666666666667	0.6986666666666667	0.7306666666666667	0.736	0.872	0.824	0.6386666666666667	0.6906666666666667	0.7546666666666667	0.7733333333333333	0.7546666666666667	0.6186666666666667	0.932	0.7173333333333334	0.9013333333333333	0.924	0.9306666666666666	0.764	0.8053333333333333	0.8826666666666667	0.9533333333333334	0.8706666666666667	0.7893333333333333	0.7053333333333334	0.7613333333333333	0.7	0.8746666666666667	0.8613333333333333	0.872	0.8613333333333333	0.8453333333333334	0.8626666666666667	0.8306666666666667	0.872	0.8693333333333333	0.86	0.872	0.8893333333333333	0.8533333333333334	0.9026666666666666	0.8706666666666667	0.812	0.8826666666666667	0.8746666666666667	0.8666666666666667	0.872	0.8573333333333333	0.8546666666666667	0.864	0.8573333333333333	0.8386666666666667	0.6946666666666667	0.732	0.768	0.8493333333333334	0.824	0.8546666666666667	0.7466666666666667	0.7546666666666667	0.6426666666666667	0.7506666666666667	0.5986666666666667	0.8013333333333333	0.7546666666666667	0.644	0.656	0.7546666666666667	0.6066666666666667	0.784	0.7053333333333334	0.428	0.596	0.5746666666666667	0.7173333333333334	0.7053333333333334	0.82	0.8266666666666667	0.848	0.8226666666666667	0.62	0.676	0.7226666666666667	0.592	0.5053333333333333	0.49466666666666664	0.644	0.556	0.5733333333333334	0.43733333333333335	0.6373333333333333	0.39066666666666666	0.6573333333333333	0.644	0.36533333333333334	0.4613333333333333	0.6626666666666666	0.5786666666666667	0.544	0.0	0.5933333333333334	0.6306666666666667	0.6573333333333333	0.5333333333333333	0.672	0.44	0.6186666666666667	0.5106666666666667	0.5493333333333333	0.5173333333333333	0.5	0.62	0.6426666666666667	0.5493333333333333	0.9866666666666667	0.832	0.8653333333333333	0.9573333333333334	0.952	0.9506666666666667	0.952	0.8706666666666667	0.9693333333333334	0.8666666666666667	0.908	0.924	0.864	0.816	0.844	0.9013333333333333	0.8066666666666666	0.876	0.8706666666666667	0.7946666666666666	0.9226666666666666	0.8586666666666667	0.952	0.8586666666666667	0.8226666666666667	0.872	0.9866666666666667	0.844	0.892	0.9386666666666666	0.7973333333333333	0.7346666666666667	0.9133333333333333	0.864	0.932	0.8693333333333333
S2017t3F_E23-T3a-Female	0.9266666666666666	0.844	0.7026666666666667	0.808	0.96	0.872	0.8733333333333333	0.9506666666666667	0.812	0.9066666666666666	0.904	0.84	0.9573333333333334	0.724	0.7546666666666667	0.6573333333333333	0.824	0.9373333333333334	0.8026666666666666	0.7986666666666666	0.8066666666666666	0.8826666666666667	0.7013333333333334	0.7333333333333333	0.8906666666666667	0.8053333333333333	0.936	0.876	0.9226666666666666	0.8933333333333333	0.8093333333333333	0.7546666666666667	0.9173333333333333	0.9386666666666666	0.9373333333333334	0.8986666666666666	0.8106666666666666	0.784	0.8133333333333334	0.7653333333333333	0.8173333333333334	0.748	0.664	0.7026666666666667	0.74	0.644	0.7173333333333334	0.6653333333333333	0.8466666666666667	0.8146666666666667	0.8693333333333333	0.84	0.78	0.7466666666666667	0.788	0.764	0.7693333333333333	0.8093333333333333	0.7426666666666667	0.6746666666666666	0.82	0.752	0.7453333333333333	0.8066666666666666	0.7506666666666667	0.7586666666666667	0.776	0.732	0.8026666666666666	0.86	0.8226666666666667	0.7906666666666666	0.772	0.8093333333333333	0.8386666666666667	0.78	0.6613333333333333	0.9213333333333333	0.7546666666666667	0.7653333333333333	0.9106666666666666	0.9173333333333333	0.7946666666666666	0.792	0.724	0.9546666666666667	0.732	0.716	0.7253333333333334	0.7373333333333333	0.7133333333333334	0.816	0.7266666666666667	0.7253333333333334	0.7026666666666667	0.7893333333333333	0.6906666666666667	0.664	0.7093333333333334	0.8013333333333333	0.7706666666666667	0.808	0.8826666666666667	0.6893333333333334	0.776	0.756	0.6613333333333333	0.62	0.7	0.7333333333333333	0.7013333333333334	0.536	0.5906666666666667	0.5106666666666667	0.5373333333333333	0.572	0.484	0.45866666666666667	0.5	0.512	0.488	0.528	0.684	0.4533333333333333	0.6453333333333333	0.5213333333333333	0.532	0.5186666666666667	0.6306666666666667	0.7386666666666667	0.5066666666666667	0.528	0.4053333333333333	0.39466666666666667	0.436	0.5106666666666667	0.708	0.41733333333333333	0.5106666666666667	0.5146666666666667	0.536	0.7546666666666667	0.6813333333333333	0.5133333333333333	0.5986666666666667	0.43733333333333335	0.5146666666666667	0.708	0.47733333333333333	0.72	0.556	0.596	0.5826666666666667	0.592	0.38	0.592	0.4186666666666667	0.388	0.6093333333333333	0.6226666666666667	0.6613333333333333	0.6186666666666667	0.532	0.5933333333333334	0.0	0.35333333333333333	0.5053333333333333	0.5226666666666666	0.7546666666666667	0.6706666666666666	0.37866666666666665	0.39866666666666667	0.5653333333333334	0.636	0.6773333333333333	0.38266666666666665	0.4693333333333333	0.3333333333333333	0.9573333333333334	0.7786666666666666	0.7826666666666666	0.916	0.9213333333333333	0.9346666666666666	0.9346666666666666	0.8373333333333334	0.9426666666666667	0.9146666666666666	0.9146666666666666	0.8013333333333333	0.8093333333333333	0.8746666666666667	0.8533333333333334	0.9386666666666666	0.8533333333333334	0.8546666666666667	0.8053333333333333	0.8586666666666667	0.7653333333333333	0.896	0.9293333333333333	0.8466666666666667	0.86	0.8706666666666667	0.96	0.828	0.872	0.872	0.868	0.78	0.9413333333333334	0.8533333333333334	0.8866666666666667	0.884
S2017t3F_E23-T3b-Female	0.9386666666666666	0.9026666666666666	0.7653333333333333	0.868	0.9893333333333333	0.9066666666666666	0.9106666666666666	0.9586666666666667	0.848	0.9466666666666667	0.9186666666666666	0.88	0.9653333333333334	0.6626666666666666	0.76	0.6853333333333333	0.7093333333333334	0.948	0.7706666666666667	0.8253333333333334	0.8506666666666667	0.8813333333333333	0.768	0.8053333333333333	0.896	0.8506666666666667	0.9586666666666667	0.88	0.9213333333333333	0.8946666666666667	0.84	0.7426666666666667	0.9346666666666666	0.9506666666666667	0.948	0.924	0.7813333333333333	0.7226666666666667	0.8373333333333334	0.692	0.848	0.688	0.7253333333333334	0.6253333333333333	0.74	0.6186666666666667	0.78	0.6226666666666667	0.8693333333333333	0.8413333333333334	0.892	0.8693333333333333	0.8253333333333334	0.7293333333333333	0.8426666666666667	0.7866666666666666	0.8573333333333333	0.8173333333333334	0.8306666666666667	0.7746666666666666	0.872	0.7946666666666666	0.6733333333333333	0.8506666666666667	0.6933333333333334	0.7333333333333333	0.7986666666666666	0.768	0.8133333333333334	0.872	0.844	0.884	0.684	0.8413333333333334	0.8493333333333334	0.8333333333333334	0.684	0.9346666666666666	0.7666666666666667	0.8226666666666667	0.9226666666666666	0.9253333333333333	0.7933333333333333	0.7973333333333333	0.8026666666666666	0.968	0.7933333333333333	0.7573333333333333	0.8346666666666667	0.8093333333333333	0.8026666666666666	0.7626666666666667	0.7493333333333333	0.8186666666666667	0.8013333333333333	0.7653333333333333	0.6786666666666666	0.66	0.6973333333333334	0.772	0.756	0.78	0.8573333333333333	0.7173333333333334	0.8506666666666667	0.7346666666666667	0.8293333333333334	0.7146666666666667	0.8213333333333334	0.7706666666666667	0.8133333333333334	0.5373333333333333	0.7106666666666667	0.5013333333333333	0.6026666666666667	0.5906666666666667	0.35733333333333334	0.4573333333333333	0.5453333333333333	0.496	0.4653333333333333	0.6306666666666667	0.6773333333333333	0.44666666666666666	0.6106666666666667	0.5106666666666667	0.496	0.5693333333333334	0.676	0.7626666666666667	0.472	0.5893333333333334	0.31733333333333336	0.4226666666666667	0.3253333333333333	0.58	0.7626666666666667	0.5386666666666666	0.54	0.584	0.5373333333333333	0.8013333333333333	0.7173333333333334	0.608	0.5853333333333334	0.5346666666666666	0.5213333333333333	0.7146666666666667	0.42533333333333334	0.7213333333333334	0.5173333333333333	0.5	0.524	0.6893333333333334	0.46266666666666667	0.5653333333333334	0.49066666666666664	0.30933333333333335	0.5626666666666666	0.624	0.676	0.524	0.572	0.6306666666666667	0.35333333333333333	0.0	0.6133333333333333	0.47333333333333333	0.764	0.6906666666666667	0.496	0.31733333333333336	0.5986666666666667	0.7386666666666667	0.624	0.43066666666666664	0.6133333333333333	0.4013333333333333	0.9866666666666667	0.816	0.8826666666666667	0.9466666666666667	0.956	0.9533333333333334	0.964	0.8466666666666667	0.9706666666666667	0.9533333333333334	0.948	0.8893333333333333	0.892	0.904	0.9213333333333333	0.9786666666666667	0.884	0.92	0.8946666666666667	0.8933333333333333	0.816	0.9146666666666666	0.9613333333333334	0.8973333333333333	0.8693333333333333	0.9306666666666666	0.9893333333333333	0.8973333333333333	0.9293333333333333	0.9226666666666666	0.9026666666666666	0.9013333333333333	0.9653333333333334	0.9106666666666666	0.9266666666666666	0.9013333333333333
S2017t3F_E30-T3a-Female	0.848	0.8053333333333333	0.7826666666666666	0.9026666666666666	0.9853333333333333	0.7986666666666666	0.848	0.9066666666666666	0.824	0.9533333333333334	0.8546666666666667	0.8133333333333334	0.9773333333333334	0.844	0.8453333333333334	0.7626666666666667	0.8826666666666667	0.8693333333333333	0.7773333333333333	0.7906666666666666	0.7906666666666666	0.8133333333333334	0.7693333333333333	0.7533333333333333	0.832	0.8946666666666667	0.9106666666666666	0.7973333333333333	0.9013333333333333	0.8626666666666667	0.8626666666666667	0.8413333333333334	0.9346666666666666	0.9586666666666667	0.924	0.8906666666666667	0.94	0.916	0.94	0.8946666666666667	0.9226666666666666	0.9013333333333333	0.8453333333333334	0.8746666666666667	0.8693333333333333	0.844	0.8066666666666666	0.8266666666666667	0.8133333333333334	0.8373333333333334	0.8333333333333334	0.84	0.8146666666666667	0.82	0.7773333333333333	0.7986666666666666	0.848	0.772	0.82	0.928	0.9186666666666666	0.8546666666666667	0.8693333333333333	0.936	0.7373333333333333	0.7866666666666666	0.724	0.7506666666666667	0.74	0.8706666666666667	0.8493333333333334	0.7973333333333333	0.856	0.792	0.8346666666666667	0.828	0.7706666666666667	0.9386666666666666	0.7626666666666667	0.88	0.9373333333333334	0.9226666666666666	0.8813333333333333	0.8506666666666667	0.8466666666666667	0.936	0.8293333333333334	0.8106666666666666	0.804	0.7693333333333333	0.84	0.8653333333333333	0.8253333333333334	0.8613333333333333	0.8386666666666667	0.7933333333333333	0.772	0.7853333333333333	0.8293333333333334	0.8333333333333334	0.808	0.8266666666666667	0.8786666666666667	0.8533333333333334	0.912	0.8706666666666667	0.7373333333333333	0.7693333333333333	0.8813333333333333	0.8333333333333334	0.8573333333333333	0.68	0.76	0.7026666666666667	0.6893333333333334	0.6573333333333333	0.6893333333333334	0.6826666666666666	0.6186666666666667	0.6666666666666666	0.6733333333333333	0.684	0.8253333333333334	0.644	0.732	0.564	0.62	0.5973333333333334	0.672	0.7853333333333333	0.6306666666666667	0.668	0.6826666666666666	0.6253333333333333	0.6813333333333333	0.648	0.784	0.5106666666666667	0.684	0.7026666666666667	0.6706666666666666	0.804	0.6733333333333333	0.6733333333333333	0.692	0.6373333333333333	0.6586666666666666	0.616	0.5826666666666667	0.6586666666666666	0.6533333333333333	0.6293333333333333	0.68	0.612	0.45466666666666666	0.6026666666666667	0.6013333333333334	0.588	0.584	0.6146666666666667	0.5906666666666667	0.6573333333333333	0.6746666666666666	0.6573333333333333	0.5053333333333333	0.6133333333333333	0.0	0.616	0.7653333333333333	0.7013333333333334	0.5973333333333334	0.584	0.732	0.8186666666666667	0.8493333333333334	0.6866666666666666	0.668	0.408	0.9933333333333333	0.7693333333333333	0.8346666666666667	0.9786666666666667	0.944	0.9693333333333334	0.968	0.8346666666666667	0.9786666666666667	0.908	0.9226666666666666	0.9133333333333333	0.8346666666666667	0.796	0.8746666666666667	0.9013333333333333	0.7933333333333333	0.876	0.8413333333333334	0.82	0.832	0.8533333333333334	0.972	0.8293333333333334	0.8133333333333334	0.908	0.9853333333333333	0.816	0.912	0.932	0.7773333333333333	0.7493333333333333	0.916	0.8946666666666667	0.94	0.868
S2017t3M_E11-T3b-Male	0.896	0.8586666666666667	0.8413333333333334	0.8533333333333334	0.9933333333333333	0.8626666666666667	0.8986666666666666	0.9093333333333333	0.8	0.9506666666666667	0.8706666666666667	0.8333333333333334	0.976	0.7013333333333334	0.7746666666666666	0.6613333333333333	0.5333333333333333	0.8853333333333333	0.836	0.7653333333333333	0.7986666666666666	0.8293333333333334	0.6746666666666666	0.736	0.836	0.844	0.9173333333333333	0.8306666666666667	0.8786666666666667	0.8413333333333334	0.7893333333333333	0.7186666666666667	0.9453333333333334	0.944	0.9346666666666666	0.8933333333333333	0.812	0.756	0.868	0.6893333333333334	0.8813333333333333	0.644	0.74	0.5653333333333334	0.7786666666666666	0.5773333333333334	0.8026666666666666	0.4653333333333333	0.8186666666666667	0.8053333333333333	0.8413333333333334	0.8146666666666667	0.756	0.696	0.7546666666666667	0.692	0.7853333333333333	0.7493333333333333	0.7453333333333333	0.7853333333333333	0.8666666666666667	0.7373333333333333	0.6293333333333333	0.8693333333333333	0.6333333333333333	0.7146666666666667	0.7373333333333333	0.656	0.7586666666666667	0.8613333333333333	0.7933333333333333	0.8346666666666667	0.6893333333333334	0.8213333333333334	0.8066666666666666	0.8066666666666666	0.652	0.9266666666666666	0.728	0.828	0.912	0.9266666666666666	0.808	0.8253333333333334	0.7773333333333333	0.9426666666666667	0.796	0.7786666666666666	0.7973333333333333	0.7946666666666666	0.7893333333333333	0.8613333333333333	0.8013333333333333	0.8133333333333334	0.8026666666666666	0.824	0.7546666666666667	0.7613333333333333	0.8053333333333333	0.8466666666666667	0.8293333333333334	0.8586666666666667	0.9186666666666666	0.7853333333333333	0.8506666666666667	0.8573333333333333	0.8306666666666667	0.7093333333333334	0.8053333333333333	0.7853333333333333	0.7773333333333333	0.7693333333333333	0.712	0.732	0.704	0.756	0.48933333333333334	0.6466666666666666	0.6826666666666666	0.736	0.676	0.6946666666666667	0.6946666666666667	0.6786666666666666	0.5733333333333334	0.6586666666666666	0.4093333333333333	0.6813333333333333	0.6946666666666667	0.744	0.37733333333333335	0.656	0.456	0.6493333333333333	0.5253333333333333	0.548	0.7653333333333333	0.5093333333333333	0.5826666666666667	0.5586666666666666	0.736	0.8173333333333334	0.752	0.652	0.5746666666666667	0.5253333333333333	0.6	0.5946666666666667	0.22133333333333333	0.5866666666666667	0.5906666666666667	0.4573333333333333	0.5106666666666667	0.6146666666666667	0.536	0.468	0.5706666666666667	0.48	0.43733333333333335	0.536	0.612	0.45466666666666666	0.64	0.5333333333333333	0.5226666666666666	0.47333333333333333	0.616	0.0	0.7	0.6413333333333333	0.5213333333333333	0.39066666666666666	0.5506666666666666	0.72	0.6066666666666667	0.44	0.6053333333333333	0.5173333333333333	0.9986666666666667	0.8026666666666666	0.8146666666666667	0.976	0.96	0.9626666666666667	0.964	0.8173333333333334	0.9773333333333334	0.9346666666666666	0.9213333333333333	0.8613333333333333	0.824	0.8546666666666667	0.9066666666666666	0.912	0.8373333333333334	0.912	0.8213333333333334	0.8546666666666667	0.8453333333333334	0.8573333333333333	0.9653333333333334	0.8626666666666667	0.788	0.9306666666666666	0.9933333333333333	0.8426666666666667	0.92	0.9346666666666666	0.8386666666666667	0.8706666666666667	0.9226666666666666	0.9253333333333333	0.944	0.8573333333333333
S2017t3M_E13-T3a-Male	0.964	0.936	0.9613333333333334	0.9653333333333334	1.0	0.9306666666666666	0.896	0.956	0.8573333333333333	0.9746666666666667	0.9706666666666667	0.9453333333333334	0.9973333333333333	0.856	0.852	0.768	0.8453333333333334	0.9293333333333333	0.9093333333333333	0.744	0.904	0.876	0.76	0.848	0.892	0.8826666666666667	0.9173333333333333	0.8866666666666667	0.912	0.8893333333333333	0.852	0.7706666666666667	0.9653333333333334	0.964	0.928	0.9346666666666666	0.876	0.8786666666666667	0.8826666666666667	0.8693333333333333	0.8893333333333333	0.892	0.8066666666666666	0.8426666666666667	0.8186666666666667	0.8133333333333334	0.8946666666666667	0.8253333333333334	0.8933333333333333	0.8693333333333333	0.896	0.8706666666666667	0.872	0.828	0.8573333333333333	0.8293333333333334	0.8786666666666667	0.808	0.804	0.872	0.9093333333333333	0.8453333333333334	0.8386666666666667	0.904	0.752	0.8146666666666667	0.784	0.7813333333333333	0.8	0.9133333333333333	0.9026666666666666	0.816	0.8053333333333333	0.8706666666666667	0.808	0.852	0.8013333333333333	0.9413333333333334	0.46266666666666667	0.924	0.944	0.9413333333333334	0.8226666666666667	0.912	0.9386666666666666	0.9573333333333334	0.948	0.9133333333333333	0.896	0.9373333333333334	0.848	0.916	0.9133333333333333	0.9186666666666666	0.9026666666666666	0.9013333333333333	0.9306666666666666	0.908	0.948	0.9213333333333333	0.9226666666666666	0.9026666666666666	0.94	0.9186666666666666	0.9506666666666667	0.9306666666666666	0.5853333333333334	0.9306666666666666	0.94	0.9146666666666666	0.904	0.932	0.932	0.928	0.9293333333333333	0.864	0.8173333333333334	0.8213333333333334	0.8106666666666666	0.8946666666666667	0.8693333333333333	0.904	0.8413333333333334	0.836	0.7893333333333333	0.8386666666666667	0.748	0.82	0.8946666666666667	0.8866666666666667	0.776	0.8066666666666666	0.8146666666666667	0.8546666666666667	0.7986666666666666	0.752	0.8706666666666667	0.7706666666666667	0.7893333333333333	0.74	0.8666666666666667	0.8293333333333334	0.86	0.8853333333333333	0.804	0.7706666666666667	0.8373333333333334	0.6573333333333333	0.7226666666666667	0.7213333333333334	0.7106666666666667	0.6986666666666667	0.7253333333333334	0.7693333333333333	0.796	0.5733333333333334	0.7346666666666667	0.7266666666666667	0.6026666666666667	0.58	0.784	0.664	0.7946666666666666	0.672	0.7546666666666667	0.764	0.7653333333333333	0.7	0.0	0.7026666666666667	0.7373333333333333	0.6733333333333333	0.7346666666666667	0.7746666666666666	0.7293333333333333	0.772	0.816	0.7626666666666667	1.0	0.892	0.968	0.9946666666666667	0.9773333333333334	0.988	0.9666666666666667	0.9693333333333334	0.9973333333333333	0.92	0.9506666666666667	0.9666666666666667	0.9653333333333334	0.9253333333333333	0.9053333333333333	0.96	0.928	0.852	0.972	0.864	0.9626666666666667	0.9573333333333334	0.976	0.9613333333333334	0.912	0.9173333333333333	1.0	0.9466666666666667	0.932	0.9866666666666667	0.896	0.9093333333333333	0.9573333333333334	0.9266666666666666	0.9786666666666667	0.968
S2017t3M_E14-T3a-Male	0.9146666666666666	0.86	0.8733333333333333	0.8813333333333333	0.9813333333333333	0.804	0.7906666666666666	0.9253333333333333	0.8666666666666667	0.9386666666666666	0.9106666666666666	0.872	0.964	0.7866666666666666	0.7533333333333333	0.7933333333333333	0.8773333333333333	0.9213333333333333	0.8373333333333334	0.7933333333333333	0.8293333333333334	0.78	0.7813333333333333	0.7626666666666667	0.8853333333333333	0.7706666666666667	0.9173333333333333	0.8333333333333334	0.8986666666666666	0.8493333333333334	0.8413333333333334	0.8066666666666666	0.9373333333333334	0.952	0.9333333333333333	0.9053333333333333	0.8373333333333334	0.828	0.8253333333333334	0.872	0.816	0.8826666666666667	0.808	0.7746666666666666	0.6973333333333334	0.8186666666666667	0.7613333333333333	0.796	0.832	0.7853333333333333	0.8293333333333334	0.7733333333333333	0.8213333333333334	0.7933333333333333	0.7453333333333333	0.8373333333333334	0.8266666666666667	0.7066666666666667	0.7946666666666666	0.872	0.8066666666666666	0.8293333333333334	0.8506666666666667	0.824	0.748	0.664	0.7546666666666667	0.752	0.7333333333333333	0.8653333333333333	0.8213333333333334	0.6226666666666667	0.684	0.7266666666666667	0.708	0.7413333333333333	0.7133333333333334	0.9226666666666666	0.74	0.8666666666666667	0.9173333333333333	0.928	0.724	0.764	0.8413333333333334	0.9573333333333334	0.8253333333333334	0.6813333333333333	0.6226666666666667	0.6586666666666666	0.48533333333333334	0.836	0.8026666666666666	0.844	0.8013333333333333	0.6893333333333334	0.7773333333333333	0.7266666666666667	0.8026666666666666	0.8293333333333334	0.7973333333333333	0.8253333333333334	0.8946666666666667	0.7933333333333333	0.864	0.8213333333333334	0.804	0.8146666666666667	0.844	0.7973333333333333	0.8133333333333334	0.7826666666666666	0.7826666666666666	0.776	0.772	0.7346666666666667	0.7653333333333333	0.6626666666666666	0.672	0.6813333333333333	0.6893333333333334	0.768	0.72	0.5613333333333334	0.668	0.6866666666666666	0.6746666666666666	0.7173333333333334	0.7173333333333334	0.5093333333333333	0.732	0.656	0.6173333333333333	0.6826666666666666	0.7	0.5146666666666667	0.48133333333333334	0.6066666666666667	0.644	0.6453333333333333	0.7173333333333334	0.7266666666666667	0.712	0.6586666666666666	0.6626666666666666	0.6706666666666666	0.7653333333333333	0.5093333333333333	0.6586666666666666	0.4613333333333333	0.58	0.576	0.62	0.36933333333333335	0.6786666666666666	0.532	0.516	0.64	0.484	0.43733333333333335	0.7066666666666667	0.5266666666666666	0.6213333333333333	0.44	0.6706666666666666	0.6906666666666667	0.7013333333333334	0.6413333333333333	0.7026666666666667	0.0	0.5413333333333333	0.5666666666666667	0.5586666666666666	0.6386666666666667	0.616	0.696	0.7453333333333333	0.604	0.9813333333333333	0.752	0.8893333333333333	0.9573333333333334	0.94	0.9506666666666667	0.948	0.8853333333333333	0.9653333333333334	0.828	0.9146666666666666	0.9013333333333333	0.888	0.8253333333333334	0.8253333333333334	0.932	0.816	0.84	0.8973333333333333	0.7693333333333333	0.8746666666666667	0.888	0.9493333333333334	0.8946666666666667	0.8653333333333333	0.8733333333333333	0.9813333333333333	0.8706666666666667	0.8986666666666666	0.9213333333333333	0.8213333333333334	0.8266666666666667	0.9306666666666666	0.82	0.924	0.904
S2017t3M_E14-T3b-Male	0.936	0.8093333333333333	0.7106666666666667	0.7613333333333333	0.972	0.8093333333333333	0.8506666666666667	0.9453333333333334	0.8506666666666667	0.9186666666666666	0.9053333333333333	0.852	0.9533333333333334	0.788	0.6826666666666666	0.6333333333333333	0.8626666666666667	0.9346666666666666	0.8373333333333334	0.8093333333333333	0.8026666666666666	0.848	0.5813333333333334	0.5773333333333334	0.9106666666666666	0.8133333333333334	0.924	0.8586666666666667	0.9186666666666666	0.8666666666666667	0.82	0.7826666666666666	0.9253333333333333	0.944	0.9386666666666666	0.912	0.8413333333333334	0.8106666666666666	0.836	0.82	0.8173333333333334	0.8013333333333333	0.532	0.5866666666666667	0.7186666666666667	0.56	0.7093333333333334	0.604	0.8506666666666667	0.808	0.872	0.8373333333333334	0.8106666666666666	0.7746666666666666	0.7546666666666667	0.708	0.6293333333333333	0.7586666666666667	0.5986666666666667	0.756	0.852	0.812	0.8133333333333334	0.836	0.7386666666666667	0.6773333333333333	0.708	0.668	0.7626666666666667	0.8666666666666667	0.816	0.8373333333333334	0.78	0.7653333333333333	0.7986666666666666	0.7706666666666667	0.6933333333333334	0.9213333333333333	0.7506666666666667	0.7493333333333333	0.9173333333333333	0.9186666666666666	0.7733333333333333	0.7933333333333333	0.66	0.9506666666666667	0.644	0.6426666666666667	0.66	0.6706666666666666	0.6213333333333333	0.7693333333333333	0.6706666666666666	0.636	0.66	0.72	0.652	0.636	0.6973333333333334	0.78	0.7573333333333333	0.7893333333333333	0.8813333333333333	0.6213333333333333	0.7586666666666667	0.7653333333333333	0.752	0.62	0.724	0.7293333333333333	0.64	0.6026666666666667	0.5533333333333333	0.584	0.504	0.6226666666666667	0.5973333333333334	0.5613333333333334	0.5866666666666667	0.5346666666666666	0.5413333333333333	0.44133333333333336	0.712	0.43733333333333335	0.696	0.5866666666666667	0.5466666666666666	0.604	0.6506666666666666	0.7333333333333333	0.5866666666666667	0.48	0.4493333333333333	0.372	0.484	0.576	0.7386666666666667	0.4706666666666667	0.5333333333333333	0.5466666666666666	0.6213333333333333	0.748	0.684	0.4786666666666667	0.5773333333333334	0.4106666666666667	0.5893333333333334	0.6093333333333333	0.5213333333333333	0.7293333333333333	0.5386666666666666	0.5626666666666666	0.5586666666666666	0.6093333333333333	0.45066666666666666	0.56	0.316	0.4026666666666667	0.5546666666666666	0.5693333333333334	0.656	0.5626666666666666	0.5333333333333333	0.6186666666666667	0.37866666666666665	0.496	0.5973333333333334	0.5213333333333333	0.7373333333333333	0.5413333333333333	0.0	0.4186666666666667	0.5453333333333333	0.6346666666666667	0.6773333333333333	0.44133333333333336	0.6613333333333333	0.48	0.9733333333333334	0.7693333333333333	0.6786666666666666	0.8946666666666667	0.936	0.936	0.9493333333333334	0.7106666666666667	0.956	0.8933333333333333	0.9253333333333333	0.696	0.8066666666666666	0.8333333333333334	0.816	0.9453333333333334	0.7893333333333333	0.8413333333333334	0.7826666666666666	0.84	0.7813333333333333	0.8906666666666667	0.9453333333333334	0.8373333333333334	0.868	0.848	0.972	0.7986666666666666	0.8893333333333333	0.888	0.8026666666666666	0.8693333333333333	0.9453333333333334	0.8333333333333334	0.9	0.8893333333333333
S2017t3M_E16-T3a-Male	0.9346666666666666	0.8693333333333333	0.7146666666666667	0.8653333333333333	0.9906666666666667	0.8773333333333333	0.864	0.936	0.8226666666666667	0.9386666666666666	0.9146666666666666	0.8826666666666667	0.96	0.6946666666666667	0.7506666666666667	0.6586666666666666	0.6893333333333334	0.9333333333333333	0.8493333333333334	0.7906666666666666	0.8373333333333334	0.868	0.7346666666666667	0.7653333333333333	0.8946666666666667	0.8386666666666667	0.924	0.8613333333333333	0.916	0.904	0.8213333333333334	0.7106666666666667	0.932	0.948	0.9253333333333333	0.9066666666666666	0.804	0.748	0.856	0.6906666666666667	0.864	0.672	0.7093333333333334	0.6053333333333333	0.732	0.6	0.8026666666666666	0.58	0.82	0.824	0.8893333333333333	0.86	0.8013333333333333	0.7146666666666667	0.8013333333333333	0.7573333333333333	0.828	0.7773333333333333	0.7986666666666666	0.78	0.8786666666666667	0.796	0.66	0.8626666666666667	0.6493333333333333	0.7506666666666667	0.756	0.7333333333333333	0.756	0.8666666666666667	0.852	0.8853333333333333	0.66	0.82	0.8253333333333334	0.7946666666666666	0.6586666666666666	0.928	0.74	0.8293333333333334	0.9186666666666666	0.932	0.7693333333333333	0.796	0.7773333333333333	0.936	0.7493333333333333	0.7586666666666667	0.816	0.788	0.792	0.8306666666666667	0.7706666666666667	0.8146666666666667	0.7786666666666666	0.7773333333333333	0.72	0.7053333333333334	0.7453333333333333	0.8133333333333334	0.7906666666666666	0.804	0.8733333333333333	0.7706666666666667	0.8213333333333334	0.796	0.812	0.708	0.8133333333333334	0.764	0.796	0.6386666666666667	0.6893333333333334	0.6173333333333333	0.5986666666666667	0.66	0.44133333333333336	0.532	0.588	0.62	0.5893333333333334	0.584	0.6866666666666666	0.508	0.6186666666666667	0.6026666666666667	0.43866666666666665	0.5506666666666666	0.6546666666666666	0.7786666666666666	0.44266666666666665	0.54	0.392	0.5306666666666666	0.45066666666666666	0.528	0.7373333333333333	0.5306666666666666	0.5133333333333333	0.58	0.664	0.8093333333333333	0.7426666666666667	0.58	0.5773333333333334	0.4666666666666667	0.49333333333333335	0.596	0.368	0.6813333333333333	0.436	0.41733333333333333	0.48	0.6106666666666667	0.5133333333333333	0.4	0.4533333333333333	0.3373333333333333	0.42533333333333334	0.5	0.6306666666666667	0.43466666666666665	0.48933333333333334	0.5106666666666667	0.39866666666666667	0.31733333333333336	0.584	0.39066666666666666	0.6733333333333333	0.5666666666666667	0.4186666666666667	0.0	0.5066666666666667	0.6506666666666666	0.5493333333333333	0.43333333333333335	0.616	0.4746666666666667	0.9893333333333333	0.7373333333333333	0.88	0.9466666666666667	0.9173333333333333	0.948	0.96	0.872	0.9706666666666667	0.9026666666666666	0.9346666666666666	0.8813333333333333	0.88	0.8746666666666667	0.8333333333333334	0.96	0.856	0.8093333333333333	0.8893333333333333	0.8413333333333334	0.8053333333333333	0.8946666666666667	0.92	0.8906666666666667	0.8506666666666667	0.8506666666666667	0.992	0.872	0.892	0.924	0.8573333333333333	0.8866666666666667	0.9586666666666667	0.8306666666666667	0.92	0.8933333333333333
S2017t3M_E17-T3b-Male	0.9306666666666666	0.8893333333333333	0.8346666666666667	0.8653333333333333	0.9533333333333334	0.9173333333333333	0.78	0.956	0.8213333333333334	0.9173333333333333	0.9333333333333333	0.872	0.948	0.7346666666666667	0.7653333333333333	0.6626666666666666	0.7973333333333333	0.9346666666666666	0.852	0.7413333333333333	0.7853333333333333	0.8186666666666667	0.7786666666666666	0.7746666666666666	0.9173333333333333	0.852	0.92	0.868	0.9133333333333333	0.8866666666666667	0.7946666666666666	0.7426666666666667	0.9213333333333333	0.8906666666666667	0.9306666666666666	0.884	0.796	0.788	0.8173333333333334	0.752	0.8346666666666667	0.7173333333333334	0.676	0.724	0.6986666666666667	0.7346666666666667	0.8706666666666667	0.7253333333333334	0.8746666666666667	0.852	0.8906666666666667	0.872	0.8453333333333334	0.7893333333333333	0.7573333333333333	0.712	0.8546666666666667	0.7373333333333333	0.8133333333333334	0.808	0.8733333333333333	0.7986666666666666	0.776	0.8666666666666667	0.7093333333333334	0.76	0.8053333333333333	0.6826666666666666	0.7226666666666667	0.852	0.8346666666666667	0.8413333333333334	0.7546666666666667	0.8533333333333334	0.8733333333333333	0.8146666666666667	0.732	0.8973333333333333	0.696	0.7706666666666667	0.9133333333333333	0.9186666666666666	0.8266666666666667	0.8586666666666667	0.852	0.94	0.8186666666666667	0.72	0.7626666666666667	0.736	0.7586666666666667	0.8493333333333334	0.776	0.8213333333333334	0.7906666666666666	0.8413333333333334	0.7546666666666667	0.7386666666666667	0.78	0.8306666666666667	0.808	0.8293333333333334	0.9	0.7986666666666666	0.852	0.8146666666666667	0.8533333333333334	0.776	0.8226666666666667	0.784	0.816	0.7546666666666667	0.7466666666666667	0.7413333333333333	0.7346666666666667	0.7426666666666667	0.656	0.6306666666666667	0.6853333333333333	0.7213333333333334	0.716	0.7306666666666667	0.6786666666666666	0.7066666666666667	0.6586666666666666	0.6973333333333334	0.6293333333333333	0.7106666666666667	0.676	0.7466666666666667	0.6146666666666667	0.664	0.5506666666666666	0.6533333333333333	0.6293333333333333	0.548	0.6973333333333334	0.6426666666666667	0.62	0.568	0.7453333333333333	0.76	0.696	0.7106666666666667	0.568	0.5546666666666666	0.62	0.6826666666666666	0.5786666666666667	0.66	0.6213333333333333	0.45066666666666666	0.4266666666666667	0.6146666666666667	0.7106666666666667	0.5506666666666666	0.572	0.5773333333333334	0.516	0.568	0.744	0.5666666666666667	0.6253333333333333	0.5493333333333333	0.5653333333333334	0.5986666666666667	0.732	0.5506666666666666	0.7346666666666667	0.5586666666666666	0.5453333333333333	0.5066666666666667	0.0	0.6546666666666666	0.6186666666666667	0.5773333333333334	0.6573333333333333	0.6586666666666666	0.9506666666666667	0.8106666666666666	0.8893333333333333	0.94	0.828	0.9426666666666667	0.9293333333333333	0.9186666666666666	0.94	0.8226666666666667	0.9253333333333333	0.888	0.896	0.92	0.8	0.9346666666666666	0.8946666666666667	0.896	0.8893333333333333	0.784	0.844	0.8813333333333333	0.8346666666666667	0.912	0.88	0.8106666666666666	0.9546666666666667	0.888	0.8093333333333333	0.896	0.888	0.8	0.932	0.868	0.8933333333333333	0.8333333333333334
S2017t3M_E19-T3a-Male	0.94	0.9013333333333333	0.832	0.8933333333333333	0.9093333333333333	0.9386666666666666	0.824	0.9506666666666667	0.8826666666666667	0.888	0.9586666666666667	0.9106666666666666	0.9586666666666667	0.8066666666666666	0.852	0.808	0.8893333333333333	0.936	0.8506666666666667	0.832	0.8466666666666667	0.8533333333333334	0.824	0.828	0.8986666666666666	0.7706666666666667	0.9093333333333333	0.86	0.8973333333333333	0.8333333333333334	0.856	0.8173333333333334	0.9213333333333333	0.904	0.9146666666666666	0.8786666666666667	0.8053333333333333	0.8013333333333333	0.7973333333333333	0.8026666666666666	0.788	0.8146666666666667	0.832	0.8506666666666667	0.8306666666666667	0.7693333333333333	0.8266666666666667	0.804	0.7973333333333333	0.7613333333333333	0.8026666666666666	0.768	0.7906666666666666	0.7426666666666667	0.852	0.8826666666666667	0.8466666666666667	0.8386666666666667	0.8173333333333334	0.7666666666666667	0.7826666666666666	0.768	0.7613333333333333	0.772	0.832	0.7893333333333333	0.8013333333333333	0.7866666666666666	0.8333333333333334	0.836	0.812	0.8146666666666667	0.7826666666666666	0.8226666666666667	0.8626666666666667	0.7666666666666667	0.792	0.912	0.7786666666666666	0.8573333333333333	0.88	0.8973333333333333	0.8426666666666667	0.7733333333333333	0.8506666666666667	0.9586666666666667	0.8413333333333334	0.748	0.8026666666666666	0.7586666666666667	0.732	0.8693333333333333	0.8226666666666667	0.7773333333333333	0.7866666666666666	0.7973333333333333	0.8453333333333334	0.72	0.8186666666666667	0.856	0.836	0.832	0.8826666666666667	0.7466666666666667	0.8293333333333334	0.824	0.7893333333333333	0.772	0.784	0.7813333333333333	0.7733333333333333	0.7813333333333333	0.7426666666666667	0.8013333333333333	0.812	0.736	0.712	0.708	0.7186666666666667	0.744	0.7466666666666667	0.7493333333333333	0.7786666666666666	0.688	0.72	0.7306666666666667	0.7253333333333334	0.7173333333333334	0.736	0.7813333333333333	0.7173333333333334	0.7066666666666667	0.6973333333333334	0.7093333333333334	0.7626666666666667	0.6613333333333333	0.6733333333333333	0.6693333333333333	0.6773333333333333	0.7133333333333334	0.7333333333333333	0.7186666666666667	0.7333333333333333	0.6946666666666667	0.7453333333333333	0.6693333333333333	0.7533333333333333	0.7106666666666667	0.704	0.7933333333333333	0.7253333333333334	0.6853333333333333	0.7133333333333334	0.6506666666666666	0.7533333333333333	0.6026666666666667	0.7026666666666667	0.6946666666666667	0.588	0.616	0.6226666666666667	0.7066666666666667	0.26666666666666666	0.5173333333333333	0.636	0.7386666666666667	0.8186666666666667	0.72	0.7746666666666666	0.6386666666666667	0.6346666666666667	0.6506666666666666	0.6546666666666666	0.0	0.5426666666666666	0.6946666666666667	0.7573333333333333	0.7413333333333333	0.9053333333333333	0.8693333333333333	0.832	0.924	0.8813333333333333	0.9346666666666666	0.8973333333333333	0.928	0.8933333333333333	0.8773333333333333	0.9133333333333333	0.872	0.9013333333333333	0.9386666666666666	0.8173333333333334	0.916	0.9213333333333333	0.804	0.8413333333333334	0.8066666666666666	0.8533333333333334	0.928	0.9	0.9026666666666666	0.9106666666666666	0.816	0.9093333333333333	0.896	0.8306666666666667	0.8626666666666667	0.9146666666666666	0.8426666666666667	0.9373333333333334	0.8133333333333334	0.8386666666666667	0.92
S2017t3M_E19-T3b-Male	0.9466666666666667	0.9333333333333333	0.9293333333333333	0.9333333333333333	0.9773333333333334	0.9386666666666666	0.9266666666666666	0.96	0.8386666666666667	0.9506666666666667	0.9586666666666667	0.9333333333333333	0.9693333333333334	0.35333333333333333	0.8533333333333334	0.7693333333333333	0.7413333333333333	0.9453333333333334	0.892	0.828	0.908	0.5133333333333333	0.8373333333333334	0.8853333333333333	0.9093333333333333	0.49333333333333335	0.94	0.8826666666666667	0.924	0.8666666666666667	0.8653333333333333	0.7626666666666667	0.9546666666666667	0.952	0.9586666666666667	0.9346666666666666	0.41333333333333333	0.37066666666666664	0.47733333333333333	0.7346666666666667	0.4786666666666667	0.752	0.816	0.7386666666666667	0.66	0.7013333333333334	0.8786666666666667	0.7106666666666667	0.8906666666666667	0.788	0.8586666666666667	0.5053333333333333	0.8893333333333333	0.7026666666666667	0.8933333333333333	0.832	0.908	0.476	0.8813333333333333	0.8333333333333334	0.5173333333333333	0.7906666666666666	0.7186666666666667	0.504	0.736	0.5066666666666667	0.8413333333333334	0.8266666666666667	0.8613333333333333	0.8733333333333333	0.8653333333333333	0.852	0.49333333333333335	0.8573333333333333	0.5986666666666667	0.8613333333333333	0.7466666666666667	0.9293333333333333	0.7453333333333333	0.908	0.9106666666666666	0.9293333333333333	0.7853333333333333	0.628	0.892	0.9706666666666667	0.8906666666666667	0.876	0.8786666666666667	0.8866666666666667	0.8386666666666667	0.8906666666666667	0.8773333333333333	0.892	0.8746666666666667	0.496	0.876	0.8346666666666667	0.8906666666666667	0.9053333333333333	0.8973333333333333	0.9	0.9213333333333333	0.8653333333333333	0.9066666666666666	0.8773333333333333	0.896	0.8986666666666666	0.9013333333333333	0.9053333333333333	0.9053333333333333	0.8746666666666667	0.868	0.872	0.8693333333333333	0.7986666666666666	0.6653333333333333	0.5306666666666666	0.39466666666666667	0.7226666666666667	0.7106666666666667	0.8653333333333333	0.36933333333333335	0.7466666666666667	0.5706666666666667	0.8026666666666666	0.648	0.8333333333333334	0.8453333333333334	0.82	0.6586666666666666	0.54	0.6373333333333333	0.7946666666666666	0.6413333333333333	0.7026666666666667	0.7893333333333333	0.6213333333333333	0.5773333333333334	0.5666666666666667	0.44266666666666665	0.452	0.792	0.6453333333333333	0.7093333333333334	0.728	0.7346666666666667	0.44533333333333336	0.6213333333333333	0.752	0.33866666666666667	0.584	0.62	0.712	0.8146666666666667	0.564	0.664	0.5866666666666667	0.5333333333333333	0.5013333333333333	0.784	0.46	0.58	0.5	0.6773333333333333	0.624	0.8493333333333334	0.6066666666666667	0.7293333333333333	0.616	0.6773333333333333	0.5493333333333333	0.6186666666666667	0.5426666666666666	0.0	0.6413333333333333	0.752	0.7746666666666666	0.9786666666666667	0.9146666666666666	0.936	0.968	0.9493333333333334	0.9586666666666667	0.952	0.956	0.9693333333333334	0.9506666666666667	0.944	0.932	0.9346666666666666	0.9466666666666667	0.9306666666666666	0.9573333333333334	0.944	0.9293333333333333	0.9413333333333334	0.916	0.9293333333333333	0.9386666666666666	0.9546666666666667	0.9426666666666667	0.9213333333333333	0.9333333333333333	0.9773333333333334	0.9333333333333333	0.948	0.944	0.9333333333333333	0.9093333333333333	0.948	0.9253333333333333	0.9426666666666667	0.944
S2017t3M_E23-T3a-Male	0.9266666666666666	0.8813333333333333	0.7853333333333333	0.7906666666666666	0.972	0.9	0.8933333333333333	0.952	0.824	0.92	0.9093333333333333	0.8613333333333333	0.9493333333333334	0.6666666666666666	0.7	0.6226666666666667	0.7413333333333333	0.9506666666666667	0.828	0.8186666666666667	0.8266666666666667	0.8946666666666667	0.66	0.6733333333333333	0.8973333333333333	0.832	0.9466666666666667	0.88	0.924	0.9	0.832	0.7493333333333333	0.9266666666666666	0.9453333333333334	0.9493333333333334	0.9133333333333333	0.7786666666666666	0.7346666666666667	0.8346666666666667	0.712	0.848	0.6946666666666667	0.608	0.5413333333333333	0.752	0.49866666666666665	0.7333333333333333	0.5053333333333333	0.8586666666666667	0.8426666666666667	0.8933333333333333	0.864	0.796	0.6933333333333334	0.7933333333333333	0.6986666666666667	0.716	0.8293333333333334	0.6813333333333333	0.6746666666666666	0.8386666666666667	0.772	0.676	0.832	0.6773333333333333	0.7706666666666667	0.776	0.724	0.8013333333333333	0.856	0.8373333333333334	0.884	0.7146666666666667	0.8253333333333334	0.844	0.812	0.6493333333333333	0.9306666666666666	0.7826666666666666	0.7346666666666667	0.916	0.9253333333333333	0.8066666666666666	0.7813333333333333	0.6706666666666666	0.9586666666666667	0.652	0.7306666666666667	0.756	0.7546666666666667	0.7413333333333333	0.8106666666666666	0.7293333333333333	0.6853333333333333	0.7226666666666667	0.784	0.6906666666666667	0.6733333333333333	0.7173333333333334	0.8	0.7813333333333333	0.808	0.872	0.6466666666666666	0.7973333333333333	0.78	0.7653333333333333	0.636	0.6293333333333333	0.7106666666666667	0.652	0.7013333333333334	0.6386666666666667	0.68	0.6266666666666667	0.7586666666666667	0.5906666666666667	0.616	0.6786666666666666	0.7093333333333334	0.6573333333333333	0.58	0.668	0.58	0.5933333333333334	0.704	0.49066666666666664	0.6746666666666666	0.7253333333333334	0.7613333333333333	0.5213333333333333	0.652	0.48133333333333334	0.5493333333333333	0.504	0.548	0.74	0.5733333333333334	0.5866666666666667	0.5506666666666666	0.7306666666666667	0.7986666666666666	0.752	0.6426666666666667	0.5946666666666667	0.5413333333333333	0.6133333333333333	0.728	0.432	0.7266666666666667	0.612	0.552	0.5253333333333333	0.6813333333333333	0.5333333333333333	0.5586666666666666	0.5613333333333334	0.49733333333333335	0.588	0.6533333333333333	0.7453333333333333	0.5733333333333334	0.6573333333333333	0.62	0.38266666666666665	0.43066666666666664	0.6866666666666666	0.44	0.772	0.696	0.44133333333333336	0.43333333333333335	0.5773333333333334	0.6946666666666667	0.6413333333333333	0.0	0.5493333333333333	0.552	0.9706666666666667	0.8186666666666667	0.736	0.9	0.932	0.9306666666666666	0.948	0.748	0.9533333333333334	0.9306666666666666	0.9306666666666666	0.7653333333333333	0.832	0.9026666666666666	0.8626666666666667	0.9613333333333334	0.8666666666666667	0.8746666666666667	0.816	0.8773333333333333	0.8133333333333334	0.9066666666666666	0.9426666666666667	0.848	0.8493333333333334	0.888	0.9733333333333334	0.8653333333333333	0.8906666666666667	0.896	0.872	0.8746666666666667	0.948	0.8706666666666667	0.9	0.888
S2017t3M_E23-T3b-Male	0.94	0.908	0.8546666666666667	0.8586666666666667	0.9786666666666667	0.9133333333333333	0.9093333333333333	0.9506666666666667	0.84	0.9386666666666666	0.928	0.888	0.9546666666666667	0.7693333333333333	0.796	0.74	0.8413333333333334	0.936	0.8413333333333334	0.8293333333333334	0.8453333333333334	0.9133333333333333	0.7813333333333333	0.8173333333333334	0.92	0.856	0.9253333333333333	0.912	0.948	0.9266666666666666	0.84	0.7906666666666666	0.9333333333333333	0.936	0.9413333333333334	0.9	0.8653333333333333	0.8573333333333333	0.864	0.8053333333333333	0.8786666666666667	0.8	0.7506666666666667	0.772	0.7906666666666666	0.74	0.7866666666666666	0.74	0.8906666666666667	0.8626666666666667	0.9106666666666666	0.888	0.8173333333333334	0.8253333333333334	0.8413333333333334	0.7933333333333333	0.8506666666666667	0.8386666666666667	0.812	0.7626666666666667	0.864	0.772	0.8026666666666666	0.8466666666666667	0.7933333333333333	0.812	0.8146666666666667	0.7893333333333333	0.8346666666666667	0.888	0.8506666666666667	0.632	0.8333333333333334	0.8533333333333334	0.8773333333333333	0.8493333333333334	0.7466666666666667	0.932	0.7906666666666666	0.8546666666666667	0.9306666666666666	0.924	0.8253333333333334	0.8546666666666667	0.8093333333333333	0.936	0.7906666666666666	0.8146666666666667	0.8253333333333334	0.828	0.8266666666666667	0.8746666666666667	0.8066666666666666	0.8266666666666667	0.808	0.8386666666666667	0.7586666666666667	0.7546666666666667	0.7773333333333333	0.836	0.8293333333333334	0.864	0.904	0.8	0.8546666666666667	0.8413333333333334	0.74	0.7493333333333333	0.7933333333333333	0.7853333333333333	0.7853333333333333	0.7866666666666666	0.752	0.7453333333333333	0.7466666666666667	0.808	0.7213333333333334	0.6973333333333334	0.7266666666666667	0.7826666666666666	0.7213333333333334	0.7493333333333333	0.7426666666666667	0.728	0.716	0.7866666666666666	0.6693333333333333	0.72	0.7626666666666667	0.7866666666666666	0.6453333333333333	0.7226666666666667	0.672	0.7226666666666667	0.6866666666666666	0.6213333333333333	0.752	0.6053333333333333	0.664	0.6426666666666667	0.7733333333333333	0.824	0.8	0.736	0.688	0.636	0.7106666666666667	0.7586666666666667	0.5853333333333334	0.7293333333333333	0.696	0.6973333333333334	0.672	0.7133333333333334	0.6346666666666667	0.676	0.6866666666666666	0.6853333333333333	0.6786666666666666	0.7146666666666667	0.78	0.6973333333333334	0.7293333333333333	0.6426666666666667	0.4693333333333333	0.6133333333333333	0.668	0.6053333333333333	0.816	0.7453333333333333	0.6613333333333333	0.616	0.6573333333333333	0.7573333333333333	0.752	0.5493333333333333	0.0	0.5626666666666666	0.9773333333333334	0.8573333333333333	0.872	0.9333333333333333	0.9506666666666667	0.9413333333333334	0.9653333333333334	0.8866666666666667	0.9546666666666667	0.944	0.9373333333333334	0.8786666666666667	0.868	0.9173333333333333	0.9133333333333333	0.9666666666666667	0.8893333333333333	0.9053333333333333	0.8813333333333333	0.8893333333333333	0.8573333333333333	0.9	0.9493333333333334	0.908	0.868	0.9146666666666666	0.9786666666666667	0.892	0.92	0.9226666666666666	0.9013333333333333	0.7413333333333333	0.9546666666666667	0.916	0.9293333333333333	0.8906666666666667
S2017t3M_E30-T3a-Male	0.8893333333333333	0.824	0.7773333333333333	0.8453333333333334	0.992	0.7866666666666666	0.8373333333333334	0.908	0.8213333333333334	0.9493333333333334	0.856	0.828	0.9733333333333334	0.8	0.7106666666666667	0.7293333333333333	0.828	0.876	0.7813333333333333	0.796	0.8013333333333333	0.8253333333333334	0.7226666666666667	0.732	0.8453333333333334	0.848	0.9186666666666666	0.8173333333333334	0.8946666666666667	0.8613333333333333	0.8173333333333334	0.8186666666666667	0.944	0.9413333333333334	0.9506666666666667	0.9053333333333333	0.9133333333333333	0.9	0.9026666666666666	0.8746666666666667	0.892	0.856	0.7533333333333333	0.7413333333333333	0.7626666666666667	0.7533333333333333	0.7013333333333334	0.728	0.8506666666666667	0.8386666666666667	0.8653333333333333	0.8466666666666667	0.776	0.836	0.6973333333333334	0.74	0.8066666666666666	0.748	0.7586666666666667	0.844	0.8866666666666667	0.8133333333333334	0.8266666666666667	0.8946666666666667	0.72	0.7453333333333333	0.724	0.7306666666666667	0.7293333333333333	0.8506666666666667	0.8	0.808	0.7733333333333333	0.748	0.776	0.7346666666666667	0.684	0.9346666666666666	0.792	0.8253333333333334	0.94	0.9373333333333334	0.788	0.8346666666666667	0.8026666666666666	0.96	0.7786666666666666	0.8066666666666666	0.8226666666666667	0.8133333333333334	0.8213333333333334	0.8706666666666667	0.8026666666666666	0.8266666666666667	0.824	0.82	0.7186666666666667	0.736	0.7693333333333333	0.8213333333333334	0.8133333333333334	0.8346666666666667	0.8866666666666667	0.7893333333333333	0.844	0.836	0.744	0.6986666666666667	0.8146666666666667	0.804	0.8	0.54	0.6933333333333334	0.48933333333333334	0.6106666666666667	0.5973333333333334	0.52	0.5626666666666666	0.5973333333333334	0.5066666666666667	0.4666666666666667	0.6266666666666667	0.7933333333333333	0.44266666666666665	0.7013333333333334	0.476	0.5346666666666666	0.5626666666666666	0.6546666666666666	0.7546666666666667	0.6226666666666667	0.6253333333333333	0.484	0.4266666666666667	0.44533333333333336	0.56	0.7586666666666667	0.43866666666666665	0.596	0.6586666666666666	0.5586666666666666	0.8266666666666667	0.756	0.588	0.704	0.5626666666666666	0.5866666666666667	0.6266666666666667	0.492	0.7133333333333334	0.5693333333333334	0.6586666666666666	0.6506666666666666	0.5586666666666666	0.2813333333333333	0.5426666666666666	0.4613333333333333	0.5106666666666667	0.5413333333333333	0.572	0.5986666666666667	0.6453333333333333	0.604	0.5493333333333333	0.3333333333333333	0.4013333333333333	0.408	0.5173333333333333	0.7626666666666667	0.604	0.48	0.4746666666666667	0.6586666666666666	0.7413333333333333	0.7746666666666666	0.552	0.5626666666666666	0.0	0.992	0.72	0.8226666666666667	0.9693333333333334	0.9466666666666667	0.9626666666666667	0.9666666666666667	0.82	0.976	0.8573333333333333	0.9226666666666666	0.8693333333333333	0.8226666666666667	0.7746666666666666	0.8333333333333334	0.9026666666666666	0.7586666666666667	0.8746666666666667	0.828	0.7866666666666666	0.828	0.848	0.96	0.8586666666666667	0.8053333333333333	0.8906666666666667	0.992	0.8186666666666667	0.896	0.928	0.7826666666666666	0.7146666666666667	0.9213333333333333	0.8506666666666667	0.9346666666666666	0.8626666666666667
S3-female-1	0.7786666666666666	0.8586666666666667	0.9173333333333333	0.68	0.628	0.896	0.732	0.796	0.716	0.748	0.9853333333333333	0.768	0.7746666666666666	0.9946666666666667	0.9906666666666667	0.9986666666666667	0.9906666666666667	0.992	0.9826666666666667	0.944	0.9746666666666667	0.984	0.976	0.9746666666666667	0.9906666666666667	0.7426666666666667	0.9933333333333333	0.98	0.992	0.9933333333333333	0.9933333333333333	0.996	0.9946666666666667	0.9893333333333333	0.9973333333333333	0.9826666666666667	0.844	0.8053333333333333	0.7706666666666667	0.5413333333333333	0.7986666666666666	0.6	0.9893333333333333	0.9386666666666666	0.9933333333333333	0.984	0.9946666666666667	0.968	0.6306666666666667	0.49066666666666664	0.7773333333333333	0.86	0.5586666666666666	0.684	0.9253333333333333	0.9626666666666667	0.9893333333333333	0.988	0.972	0.48533333333333334	0.664	0.548	0.5893333333333334	0.8373333333333334	0.988	0.9933333333333333	0.9826666666666667	0.9773333333333334	0.9826666666666667	0.9826666666666667	0.9866666666666667	0.9986666666666667	0.8013333333333333	0.9706666666666667	0.9853333333333333	0.856	0.9253333333333333	0.992	0.9733333333333334	0.9813333333333333	0.9986666666666667	0.996	0.988	0.9813333333333333	0.9973333333333333	0.9986666666666667	0.9746666666666667	0.824	0.9506666666666667	0.7866666666666666	0.9253333333333333	0.9693333333333334	0.936	0.8853333333333333	0.928	0.992	0.9746666666666667	0.9106666666666666	0.9386666666666666	0.9693333333333334	0.964	0.9413333333333334	0.9866666666666667	0.8906666666666667	0.9226666666666666	0.9453333333333334	0.9306666666666666	0.8786666666666667	0.868	0.788	0.7626666666666667	0.9213333333333333	0.9093333333333333	0.9413333333333334	0.9626666666666667	0.848	0.768	0.7866666666666666	0.916	0.8133333333333334	0.9306666666666666	0.6693333333333333	0.9493333333333334	0.888	0.6026666666666667	0.896	0.8813333333333333	0.84	0.5413333333333333	0.992	0.8986666666666666	0.86	0.888	0.932	0.9573333333333334	0.852	0.9146666666666666	0.928	0.7693333333333333	0.9506666666666667	0.928	0.9	0.8533333333333334	0.7693333333333333	0.7346666666666667	0.8826666666666667	0.8693333333333333	0.9946666666666667	0.9946666666666667	0.9906666666666667	0.9973333333333333	0.9906666666666667	0.9946666666666667	0.9933333333333333	0.9933333333333333	0.9933333333333333	0.9693333333333334	0.9613333333333334	0.996	0.9973333333333333	0.9973333333333333	0.996	0.9826666666666667	0.9866666666666667	0.9573333333333334	0.9866666666666667	0.9933333333333333	0.9986666666666667	1.0	0.9813333333333333	0.9733333333333334	0.9893333333333333	0.9506666666666667	0.9053333333333333	0.9786666666666667	0.9706666666666667	0.9773333333333334	0.992	0.0	0.8266666666666667	0.7546666666666667	0.936	0.764	0.788	0.576	0.972	0.684	0.852	0.768	0.7733333333333333	0.924	0.9626666666666667	0.6813333333333333	0.7373333333333333	0.9533333333333334	0.8	0.6773333333333333	0.8066666666666666	0.74	0.8586666666666667	0.9026666666666666	0.7893333333333333	0.9493333333333334	0.708	0.25466666666666665	0.632	0.728	0.5893333333333334	0.94	0.8213333333333334	0.764	0.5466666666666666	0.7013333333333334	0.84
S3-female-3	0.608	0.7386666666666667	0.5866666666666667	0.6733333333333333	0.6973333333333334	0.6573333333333333	0.5946666666666667	0.6106666666666667	0.7333333333333333	0.5893333333333334	0.9026666666666666	0.612	0.6826666666666666	0.9373333333333334	0.7893333333333333	0.8893333333333333	0.936	0.9493333333333334	0.84	0.8413333333333334	0.8866666666666667	0.8906666666666667	0.888	0.8573333333333333	0.9266666666666666	0.8346666666666667	0.9333333333333333	0.8506666666666667	0.9346666666666666	0.912	0.9133333333333333	0.8813333333333333	0.9653333333333334	0.9546666666666667	0.9586666666666667	0.92	0.8946666666666667	0.9106666666666666	0.8933333333333333	0.896	0.896	0.8826666666666667	0.9	0.8146666666666667	0.8426666666666667	0.9213333333333333	0.848	0.8893333333333333	0.7626666666666667	0.8746666666666667	0.804	0.8866666666666667	0.812	0.8626666666666667	0.7706666666666667	0.8253333333333334	0.9186666666666666	0.8773333333333333	0.8853333333333333	0.8613333333333333	0.8653333333333333	0.872	0.7986666666666666	0.8946666666666667	0.784	0.8946666666666667	0.8106666666666666	0.8106666666666666	0.764	0.8613333333333333	0.848	0.9786666666666667	0.7653333333333333	0.7853333333333333	0.8266666666666667	0.7333333333333333	0.7386666666666667	0.948	0.8733333333333333	0.9266666666666666	0.9733333333333334	0.9626666666666667	0.8106666666666666	0.7146666666666667	0.6666666666666666	0.964	0.5946666666666667	0.612	0.8173333333333334	0.696	0.7933333333333333	0.7866666666666666	0.6346666666666667	0.6786666666666666	0.6533333333333333	0.756	0.648	0.6613333333333333	0.6426666666666667	0.66	0.672	0.6946666666666667	0.8106666666666666	0.692	0.856	0.7106666666666667	0.832	0.5466666666666666	0.7333333333333333	0.6106666666666667	0.7426666666666667	0.608	0.6706666666666666	0.6173333333333333	0.6	0.8	0.78	0.784	0.8013333333333333	0.7866666666666666	0.7853333333333333	0.7426666666666667	0.824	0.652	0.816	0.716	0.7093333333333334	0.712	0.7533333333333333	0.8493333333333334	0.7546666666666667	0.7093333333333334	0.7933333333333333	0.764	0.804	0.6666666666666666	0.7746666666666666	0.7266666666666667	0.684	0.78	0.7786666666666666	0.856	0.764	0.74	0.78	0.7413333333333333	0.7173333333333334	0.8186666666666667	0.7866666666666666	0.872	0.8106666666666666	0.824	0.8506666666666667	0.796	0.76	0.7573333333333333	0.7	0.7666666666666667	0.7573333333333333	0.7346666666666667	0.8066666666666666	0.8253333333333334	0.8053333333333333	0.832	0.7786666666666666	0.816	0.7693333333333333	0.8026666666666666	0.892	0.752	0.7693333333333333	0.7373333333333333	0.8106666666666666	0.8693333333333333	0.9146666666666666	0.8186666666666667	0.8573333333333333	0.72	0.8266666666666667	0.0	0.812	0.808	0.6546666666666666	0.624	0.7746666666666666	0.888	0.7133333333333334	0.6346666666666667	0.6173333333333333	0.692	0.8066666666666666	0.78	0.472	0.6773333333333333	0.7533333333333333	0.6386666666666667	0.6746666666666666	0.6173333333333333	0.404	0.7066666666666667	0.7506666666666667	0.5973333333333334	0.7946666666666666	0.564	0.8146666666666667	0.716	0.6293333333333333	0.624	0.74	0.584	0.584	0.5333333333333333	0.5773333333333334	0.7493333333333333
S3-male-1	0.6933333333333334	0.5413333333333333	0.8466666666666667	0.62	0.76	0.556	0.676	0.8293333333333334	0.6706666666666666	0.8093333333333333	0.6946666666666667	0.5986666666666667	0.8853333333333333	0.9066666666666666	0.8	0.788	0.8893333333333333	0.9053333333333333	0.852	0.716	0.6786666666666666	0.7826666666666666	0.5253333333333333	0.4613333333333333	0.7786666666666666	0.7373333333333333	0.9626666666666667	0.7373333333333333	0.9	0.8986666666666666	0.8733333333333333	0.9146666666666666	0.9426666666666667	0.9733333333333334	0.9586666666666667	0.904	0.8066666666666666	0.7506666666666667	0.7866666666666666	0.7346666666666667	0.764	0.6946666666666667	0.6266666666666667	0.6266666666666667	0.88	0.6493333333333333	0.788	0.6706666666666666	0.5586666666666666	0.58	0.6106666666666667	0.724	0.556	0.56	0.6066666666666667	0.6413333333333333	0.5853333333333334	0.7426666666666667	0.5333333333333333	0.6933333333333334	0.744	0.6826666666666666	0.6733333333333333	0.7706666666666667	0.816	0.8053333333333333	0.7893333333333333	0.7453333333333333	0.824	0.9173333333333333	0.8266666666666667	0.968	0.7413333333333333	0.696	0.896	0.716	0.6133333333333333	0.948	0.8533333333333334	0.8026666666666666	0.956	0.9653333333333334	0.8866666666666667	0.884	0.7333333333333333	0.984	0.72	0.676	0.7186666666666667	0.6133333333333333	0.724	0.8066666666666666	0.7173333333333334	0.5826666666666667	0.7066666666666667	0.856	0.8133333333333334	0.7493333333333333	0.776	0.8546666666666667	0.8426666666666667	0.8413333333333334	0.9173333333333333	0.6026666666666667	0.7106666666666667	0.744	0.7493333333333333	0.668	0.6306666666666667	0.644	0.54	0.816	0.7013333333333334	0.8173333333333334	0.7493333333333333	0.8146666666666667	0.7533333333333333	0.7506666666666667	0.884	0.712	0.8306666666666667	0.5466666666666666	0.908	0.7253333333333334	0.6653333333333333	0.6453333333333333	0.5933333333333334	0.7653333333333333	0.772	0.9666666666666667	0.7986666666666666	0.7213333333333334	0.7533333333333333	0.732	0.8386666666666667	0.7066666666666667	0.856	0.6586666666666666	0.664	0.804	0.8946666666666667	0.8613333333333333	0.78	0.6386666666666667	0.676	0.656	0.804	0.808	0.7346666666666667	0.8133333333333334	0.9533333333333334	0.916	0.9106666666666666	0.9226666666666666	0.692	0.804	0.8413333333333334	0.8626666666666667	0.8	0.836	0.8773333333333333	0.9213333333333333	0.904	0.8653333333333333	0.7826666666666666	0.8826666666666667	0.8346666666666667	0.8146666666666667	0.968	0.8893333333333333	0.6786666666666666	0.88	0.8893333333333333	0.832	0.936	0.736	0.872	0.8226666666666667	0.7546666666666667	0.812	0.0	0.8426666666666667	0.796	0.872	0.8226666666666667	0.4706666666666667	0.7986666666666666	0.7866666666666666	0.8133333333333334	0.54	0.524	0.6506666666666666	0.6893333333333334	0.7933333333333333	0.5733333333333334	0.7133333333333334	0.38	0.6626666666666666	0.816	0.6173333333333333	0.8733333333333333	0.5986666666666667	0.7506666666666667	0.728	0.756	0.52	0.688	0.6546666666666666	0.6133333333333333	0.7826666666666666	0.8186666666666667	0.6373333333333333	0.744	0.5573333333333333
S3-male-2	0.9	0.8853333333333333	0.7213333333333334	0.852	0.744	0.8866666666666667	0.776	0.9053333333333333	0.7466666666666667	0.8733333333333333	0.968	0.8853333333333333	0.8586666666666667	0.9426666666666667	0.9306666666666666	0.912	0.9666666666666667	0.9813333333333333	0.8826666666666667	0.9106666666666666	0.9133333333333333	0.9466666666666667	0.916	0.868	0.9733333333333334	0.9546666666666667	0.968	0.936	0.98	0.9706666666666667	0.9413333333333334	0.9493333333333334	0.96	0.9506666666666667	0.98	0.9466666666666667	0.888	0.876	0.76	0.9013333333333333	0.8346666666666667	0.828	0.892	0.8866666666666667	0.9373333333333334	0.9106666666666666	0.8746666666666667	0.916	0.9133333333333333	0.9453333333333334	0.9613333333333334	0.9493333333333334	0.9293333333333333	0.9013333333333333	0.8893333333333333	0.8813333333333333	0.8893333333333333	0.9426666666666667	0.864	0.892	0.9546666666666667	0.948	0.9226666666666666	0.9453333333333334	0.8733333333333333	0.9306666666666666	0.8666666666666667	0.7693333333333333	0.8773333333333333	0.8706666666666667	0.8986666666666666	0.9893333333333333	0.944	0.9093333333333333	0.98	0.8906666666666667	0.9253333333333333	0.9573333333333334	0.9306666666666666	0.8733333333333333	0.98	0.968	0.9453333333333334	0.9466666666666667	0.9226666666666666	0.9893333333333333	0.932	0.8573333333333333	0.884	0.8653333333333333	0.8946666666666667	0.9306666666666666	0.8146666666666667	0.8893333333333333	0.8333333333333334	0.9546666666666667	0.9453333333333334	0.9293333333333333	0.944	0.9466666666666667	0.952	0.9653333333333334	0.968	0.8813333333333333	0.9266666666666666	0.9053333333333333	0.884	0.86	0.872	0.8826666666666667	0.8733333333333333	0.9333333333333333	0.8973333333333333	0.94	0.932	0.968	0.928	0.952	0.9626666666666667	0.956	0.9493333333333334	0.888	0.96	0.9373333333333334	0.9693333333333334	0.9613333333333334	0.9466666666666667	0.9346666666666666	0.944	0.976	0.9653333333333334	0.9306666666666666	0.9573333333333334	0.9253333333333333	0.952	0.94	0.936	0.9626666666666667	0.9053333333333333	0.94	0.9493333333333334	0.944	0.9373333333333334	0.9	0.94	0.9226666666666666	0.9493333333333334	0.9666666666666667	0.956	0.9773333333333334	0.976	0.9493333333333334	0.956	0.9733333333333334	0.9373333333333334	0.9373333333333334	0.9493333333333334	0.9173333333333333	0.9706666666666667	0.984	0.9786666666666667	0.9733333333333334	0.9413333333333334	0.9573333333333334	0.916	0.9466666666666667	0.9786666666666667	0.976	0.9946666666666667	0.9573333333333334	0.8946666666666667	0.9466666666666667	0.94	0.924	0.968	0.9	0.9333333333333333	0.9693333333333334	0.936	0.808	0.8426666666666667	0.0	0.82	0.8866666666666667	0.9013333333333333	0.928	0.8613333333333333	0.8506666666666667	0.9066666666666666	0.864	0.844	0.9333333333333333	0.7506666666666667	0.6986666666666667	0.888	0.6453333333333333	0.8226666666666667	0.7813333333333333	0.6386666666666667	0.772	0.8213333333333334	0.8573333333333333	0.8786666666666667	0.7413333333333333	0.9253333333333333	0.8786666666666667	0.7466666666666667	0.7586666666666667	0.868	0.8	0.8253333333333334	0.7973333333333333	0.864	0.7893333333333333
S3-male-3	0.7786666666666666	0.8146666666666667	0.7906666666666666	0.7333333333333333	0.6946666666666667	0.836	0.524	0.7986666666666666	0.76	0.752	0.9386666666666666	0.7733333333333333	0.768	0.8973333333333333	0.8973333333333333	0.8706666666666667	0.9453333333333334	0.9693333333333334	0.8666666666666667	0.7	0.836	0.856	0.896	0.8386666666666667	0.96	0.8693333333333333	0.956	0.9106666666666666	0.9693333333333334	0.9586666666666667	0.912	0.936	0.9533333333333334	0.9373333333333334	0.976	0.9146666666666666	0.852	0.8586666666666667	0.844	0.8533333333333334	0.852	0.8093333333333333	0.832	0.8613333333333333	0.7506666666666667	0.9226666666666666	0.944	0.9093333333333333	0.804	0.8493333333333334	0.8573333333333333	0.8733333333333333	0.8426666666666667	0.8546666666666667	0.7933333333333333	0.6426666666666667	0.9146666666666666	0.8226666666666667	0.88	0.876	0.872	0.8733333333333333	0.8653333333333333	0.8826666666666667	0.8706666666666667	0.952	0.9146666666666666	0.788	0.7333333333333333	0.8746666666666667	0.8733333333333333	0.9773333333333334	0.832	0.9053333333333333	0.9493333333333334	0.8066666666666666	0.8533333333333334	0.9373333333333334	0.8493333333333334	0.696	0.9706666666666667	0.9653333333333334	0.9346666666666666	0.9093333333333333	0.928	0.972	0.904	0.7826666666666666	0.908	0.808	0.8866666666666667	0.9306666666666666	0.8933333333333333	0.868	0.8813333333333333	0.9453333333333334	0.932	0.8573333333333333	0.888	0.9226666666666666	0.9213333333333333	0.88	0.944	0.8573333333333333	0.8613333333333333	0.9066666666666666	0.876	0.8546666666666667	0.8653333333333333	0.8706666666666667	0.86	0.88	0.872	0.896	0.924	0.884	0.8733333333333333	0.88	0.896	0.868	0.892	0.824	0.92	0.8506666666666667	0.8653333333333333	0.8533333333333334	0.8653333333333333	0.8266666666666667	0.852	0.9626666666666667	0.852	0.8173333333333334	0.8733333333333333	0.8906666666666667	0.92	0.832	0.8306666666666667	0.8706666666666667	0.7946666666666666	0.876	0.8773333333333333	0.8453333333333334	0.7893333333333333	0.8226666666666667	0.856	0.836	0.82	0.964	0.9573333333333334	0.956	0.964	0.9506666666666667	0.9586666666666667	0.9613333333333334	0.94	0.952	0.9333333333333333	0.9173333333333333	0.9533333333333334	0.9653333333333334	0.96	0.9626666666666667	0.9546666666666667	0.952	0.9213333333333333	0.956	0.944	0.96	0.9773333333333334	0.94	0.936	0.9173333333333333	0.828	0.8813333333333333	0.9493333333333334	0.932	0.9506666666666667	0.9466666666666667	0.764	0.6546666666666666	0.796	0.82	0.0	0.796	0.7413333333333333	0.9306666666666666	0.7066666666666667	0.43866666666666665	0.7893333333333333	0.7413333333333333	0.8693333333333333	0.9106666666666666	0.484	0.7533333333333333	0.8813333333333333	0.704	0.6813333333333333	0.532	0.6933333333333334	0.7533333333333333	0.22533333333333333	0.7973333333333333	0.8746666666666667	0.504	0.756	0.7613333333333333	0.29733333333333334	0.6986666666666667	0.8533333333333334	0.5626666666666666	0.7693333333333333	0.612	0.6893333333333334	0.6706666666666666
S4-female-1	0.38	0.8453333333333334	0.8826666666666667	0.688	0.72	0.8413333333333334	0.8506666666666667	0.6173333333333333	0.768	0.5133333333333333	0.9666666666666667	0.62	0.6693333333333333	0.9573333333333334	0.9226666666666666	0.956	0.9853333333333333	0.9826666666666667	0.9493333333333334	0.908	0.932	0.9693333333333334	0.9453333333333334	0.936	0.976	0.9026666666666666	0.9786666666666667	0.9666666666666667	0.9853333333333333	0.9853333333333333	0.96	0.9426666666666667	0.968	0.9733333333333334	0.9786666666666667	0.9573333333333334	0.944	0.9426666666666667	0.9466666666666667	0.932	0.948	0.92	0.9573333333333334	0.908	0.952	0.956	0.96	0.9293333333333333	0.8733333333333333	0.9293333333333333	0.876	0.9213333333333333	0.8746666666666667	0.908	0.8893333333333333	0.9306666666666666	0.952	0.952	0.94	0.888	0.912	0.9186666666666666	0.844	0.924	0.9573333333333334	0.96	0.9413333333333334	0.9426666666666667	0.9493333333333334	0.9586666666666667	0.9573333333333334	0.9906666666666667	0.9453333333333334	0.936	0.9786666666666667	0.9306666666666666	0.9106666666666666	0.9773333333333334	0.9333333333333333	0.944	0.9826666666666667	0.9733333333333334	0.9493333333333334	0.7066666666666667	0.7573333333333333	0.9786666666666667	0.6653333333333333	0.7066666666666667	0.856	0.7813333333333333	0.8493333333333334	0.828	0.7306666666666667	0.692	0.656	0.7946666666666666	0.76	0.7786666666666666	0.7	0.6733333333333333	0.7933333333333333	0.7893333333333333	0.8666666666666667	0.696	0.896	0.6653333333333333	0.8733333333333333	0.736	0.8346666666666667	0.7186666666666667	0.824	0.6093333333333333	0.8173333333333334	0.6133333333333333	0.7653333333333333	0.956	0.9266666666666666	0.9426666666666667	0.9546666666666667	0.952	0.9346666666666666	0.9226666666666666	0.9533333333333334	0.9333333333333333	0.956	0.9466666666666667	0.944	0.94	0.9493333333333334	0.976	0.9573333333333334	0.9293333333333333	0.948	0.9173333333333333	0.9506666666666667	0.936	0.9386666666666666	0.956	0.904	0.9426666666666667	0.952	0.956	0.9413333333333334	0.9133333333333333	0.9346666666666666	0.9333333333333333	0.9346666666666666	0.9613333333333334	0.952	0.976	0.9746666666666667	0.9506666666666667	0.9586666666666667	0.9666666666666667	0.9586666666666667	0.9506666666666667	0.9386666666666666	0.9306666666666666	0.9653333333333334	0.9773333333333334	0.976	0.9733333333333334	0.9453333333333334	0.9506666666666667	0.9346666666666666	0.9533333333333334	0.9693333333333334	0.9626666666666667	0.988	0.9506666666666667	0.936	0.948	0.9426666666666667	0.9346666666666666	0.9586666666666667	0.9306666666666666	0.9413333333333334	0.9626666666666667	0.788	0.624	0.872	0.8866666666666667	0.796	0.0	0.824	0.9373333333333334	0.7053333333333334	0.8453333333333334	0.6106666666666667	0.7293333333333333	0.8693333333333333	0.9293333333333333	0.6986666666666667	0.6746666666666666	0.9093333333333333	0.8933333333333333	0.812	0.88	0.5506666666666666	0.8293333333333334	0.908	0.512	0.8973333333333333	0.748	0.776	0.7626666666666667	0.8133333333333334	0.5973333333333334	0.888	0.7853333333333333	0.39466666666666667	0.732	0.416	0.8133333333333334
S4-female-3	0.8173333333333334	0.8306666666666667	0.8933333333333333	0.696	0.776	0.8666666666666667	0.8146666666666667	0.8306666666666667	0.7453333333333333	0.7786666666666666	0.9586666666666667	0.8053333333333333	0.8186666666666667	0.9626666666666667	0.9573333333333334	0.9573333333333334	0.9493333333333334	0.9666666666666667	0.9266666666666666	0.9013333333333333	0.9266666666666666	0.9293333333333333	0.916	0.9146666666666666	0.9573333333333334	0.884	0.9373333333333334	0.9186666666666666	0.948	0.9466666666666667	0.9333333333333333	0.9373333333333334	0.9613333333333334	0.9506666666666667	0.9666666666666667	0.9266666666666666	0.8786666666666667	0.892	0.8826666666666667	0.8853333333333333	0.8853333333333333	0.884	0.9546666666666667	0.9066666666666666	0.9613333333333334	0.94	0.964	0.9333333333333333	0.8466666666666667	0.8826666666666667	0.876	0.8933333333333333	0.8706666666666667	0.884	0.8746666666666667	0.9053333333333333	0.944	0.9426666666666667	0.912	0.8933333333333333	0.88	0.88	0.8746666666666667	0.8933333333333333	0.9266666666666666	0.9493333333333334	0.9173333333333333	0.9186666666666666	0.9226666666666666	0.9186666666666666	0.9133333333333333	0.9693333333333334	0.88	0.9146666666666666	0.9386666666666666	0.8533333333333334	0.8746666666666667	0.9386666666666666	0.9266666666666666	0.9306666666666666	0.964	0.956	0.9426666666666667	0.956	0.976	0.9786666666666667	0.9546666666666667	0.824	0.9346666666666666	0.8506666666666667	0.9066666666666666	0.9306666666666666	0.896	0.8986666666666666	0.8973333333333333	0.972	0.9573333333333334	0.908	0.92	0.9426666666666667	0.94	0.9306666666666666	0.972	0.9053333333333333	0.916	0.9346666666666666	0.9186666666666666	0.888	0.9093333333333333	0.9093333333333333	0.908	0.912	0.9106666666666666	0.9266666666666666	0.9466666666666667	0.8866666666666667	0.8973333333333333	0.908	0.908	0.9013333333333333	0.9053333333333333	0.8826666666666667	0.9293333333333333	0.9	0.896	0.892	0.8826666666666667	0.896	0.9013333333333333	0.9693333333333334	0.9106666666666666	0.8866666666666667	0.9093333333333333	0.9066666666666666	0.9386666666666666	0.8866666666666667	0.896	0.8906666666666667	0.856	0.9053333333333333	0.892	0.876	0.8826666666666667	0.872	0.8946666666666667	0.9013333333333333	0.9066666666666666	0.96	0.964	0.9666666666666667	0.9706666666666667	0.9666666666666667	0.98	0.9626666666666667	0.9586666666666667	0.9586666666666667	0.9453333333333334	0.932	0.9586666666666667	0.9626666666666667	0.964	0.9746666666666667	0.9573333333333334	0.952	0.9346666666666666	0.964	0.968	0.964	0.9666666666666667	0.948	0.9493333333333334	0.96	0.9293333333333333	0.8973333333333333	0.952	0.948	0.9653333333333334	0.9666666666666667	0.576	0.7746666666666666	0.8226666666666667	0.9013333333333333	0.7413333333333333	0.824	0.0	0.944	0.7693333333333333	0.8	0.8013333333333333	0.7666666666666667	0.896	0.9213333333333333	0.7293333333333333	0.7693333333333333	0.9173333333333333	0.8373333333333334	0.764	0.852	0.7746666666666666	0.8226666666666667	0.8506666666666667	0.828	0.9146666666666666	0.7373333333333333	0.5786666666666667	0.6693333333333333	0.7506666666666667	0.7653333333333333	0.8906666666666667	0.7706666666666667	0.7826666666666666	0.7373333333333333	0.748	0.8026666666666666
S4-male-1	0.772	0.5293333333333333	0.9333333333333333	0.6106666666666667	0.9693333333333334	0.508	0.896	0.8133333333333334	0.6973333333333334	0.896	0.5773333333333334	0.5666666666666667	0.9373333333333334	0.9053333333333333	0.8066666666666666	0.8	0.912	0.9053333333333333	0.8253333333333334	0.704	0.7013333333333334	0.7986666666666666	0.5466666666666666	0.5413333333333333	0.7386666666666667	0.9293333333333333	0.9653333333333334	0.6586666666666666	0.9146666666666666	0.892	0.88	0.9186666666666666	0.9426666666666667	0.9733333333333334	0.9746666666666667	0.9053333333333333	0.968	0.9333333333333333	0.964	0.9226666666666666	0.9586666666666667	0.884	0.6253333333333333	0.6346666666666667	0.876	0.6546666666666666	0.768	0.6853333333333333	0.7266666666666667	0.776	0.7706666666666667	0.86	0.748	0.7666666666666667	0.6106666666666667	0.668	0.624	0.7653333333333333	0.632	0.8866666666666667	0.9373333333333334	0.8506666666666667	0.8653333333333333	0.9466666666666667	0.8386666666666667	0.768	0.804	0.7813333333333333	0.796	0.916	0.8173333333333334	0.9653333333333334	0.9013333333333333	0.7426666666666667	0.912	0.852	0.644	0.9533333333333334	0.8813333333333333	0.8306666666666667	0.96	0.9626666666666667	0.9186666666666666	0.8853333333333333	0.54	0.984	0.7213333333333334	0.768	0.7253333333333334	0.772	0.7426666666666667	0.5613333333333334	0.7213333333333334	0.6026666666666667	0.712	0.8013333333333333	0.78	0.7426666666666667	0.7506666666666667	0.8186666666666667	0.8053333333333333	0.7866666666666666	0.8506666666666667	0.6106666666666667	0.7573333333333333	0.8146666666666667	0.8	0.7266666666666667	0.736	0.8026666666666666	0.7133333333333334	0.8693333333333333	0.7986666666666666	0.8533333333333334	0.6813333333333333	0.952	0.924	0.9093333333333333	0.9626666666666667	0.8666666666666667	0.8893333333333333	0.7013333333333334	0.952	0.7866666666666666	0.8333333333333334	0.632	0.6586666666666666	0.8946666666666667	0.936	0.9693333333333334	0.8933333333333333	0.804	0.848	0.7666666666666667	0.8626666666666667	0.8426666666666667	0.936	0.7266666666666667	0.8333333333333334	0.848	0.9613333333333334	0.9506666666666667	0.9066666666666666	0.8253333333333334	0.836	0.7666666666666667	0.9213333333333333	0.8106666666666666	0.7453333333333333	0.8226666666666667	0.9226666666666666	0.912	0.9093333333333333	0.9346666666666666	0.684	0.816	0.872	0.9053333333333333	0.796	0.8386666666666667	0.8786666666666667	0.9306666666666666	0.924	0.8706666666666667	0.8373333333333334	0.8466666666666667	0.8346666666666667	0.8173333333333334	0.9693333333333334	0.8853333333333333	0.7106666666666667	0.872	0.9186666666666666	0.928	0.956	0.748	0.8866666666666667	0.82	0.972	0.888	0.4706666666666667	0.928	0.9306666666666666	0.9373333333333334	0.944	0.0	0.9453333333333334	0.9066666666666666	0.8933333333333333	0.5506666666666666	0.488	0.548	0.836	0.8973333333333333	0.5	0.9013333333333333	0.484	0.8533333333333334	0.9226666666666666	0.604	0.9493333333333334	0.5653333333333334	0.7066666666666667	0.8373333333333334	0.9693333333333334	0.6146666666666667	0.892	0.8706666666666667	0.58	0.8186666666666667	0.8973333333333333	0.884	0.872	0.5453333333333333
S4-male-2	0.5893333333333334	0.8386666666666667	0.8173333333333334	0.54	0.444	0.8413333333333334	0.7066666666666667	0.38133333333333336	0.7106666666666667	0.3506666666666667	0.9373333333333334	0.684	0.31066666666666665	0.9706666666666667	0.936	0.9733333333333334	0.9826666666666667	0.9866666666666667	0.9453333333333334	0.9226666666666666	0.9426666666666667	0.9693333333333334	0.9546666666666667	0.9493333333333334	0.9813333333333333	0.8306666666666667	0.9746666666666667	0.9613333333333334	0.9853333333333333	0.98	0.9653333333333334	0.9573333333333334	0.9733333333333334	0.9693333333333334	0.98	0.968	0.86	0.864	0.8653333333333333	0.8533333333333334	0.8626666666666667	0.8386666666666667	0.9746666666666667	0.9226666666666666	0.9693333333333334	0.9706666666666667	0.968	0.9466666666666667	0.812	0.8653333333333333	0.8426666666666667	0.8586666666666667	0.828	0.8426666666666667	0.892	0.9306666666666666	0.9693333333333334	0.9586666666666667	0.952	0.828	0.836	0.844	0.8173333333333334	0.852	0.9613333333333334	0.9706666666666667	0.94	0.944	0.9546666666666667	0.952	0.9426666666666667	0.9906666666666667	0.8653333333333333	0.9426666666666667	0.9653333333333334	0.8493333333333334	0.8813333333333333	0.972	0.9466666666666667	0.9453333333333334	0.988	0.9773333333333334	0.9533333333333334	0.9293333333333333	0.956	0.9893333333333333	0.932	0.78	0.904	0.7786666666666666	0.8813333333333333	0.9226666666666666	0.884	0.8386666666666667	0.8666666666666667	0.948	0.928	0.864	0.8946666666666667	0.916	0.9173333333333333	0.9053333333333333	0.948	0.8466666666666667	0.8786666666666667	0.9013333333333333	0.8866666666666667	0.8106666666666666	0.8373333333333334	0.82	0.8293333333333334	0.8666666666666667	0.8626666666666667	0.8906666666666667	0.916	0.8786666666666667	0.8573333333333333	0.8706666666666667	0.9093333333333333	0.8693333333333333	0.9066666666666666	0.8426666666666667	0.936	0.872	0.8786666666666667	0.88	0.8693333333333333	0.8533333333333334	0.8693333333333333	0.9826666666666667	0.892	0.84	0.8733333333333333	0.908	0.9493333333333334	0.8666666666666667	0.8986666666666666	0.9173333333333333	0.8346666666666667	0.932	0.912	0.8906666666666667	0.8586666666666667	0.8373333333333334	0.8573333333333333	0.8653333333333333	0.856	0.976	0.9746666666666667	0.9813333333333333	0.984	0.9746666666666667	0.98	0.9773333333333334	0.968	0.9666666666666667	0.9533333333333334	0.9386666666666666	0.9773333333333334	0.988	0.984	0.9853333333333333	0.964	0.9693333333333334	0.9426666666666667	0.9706666666666667	0.9786666666666667	0.9773333333333334	0.9973333333333333	0.9653333333333334	0.956	0.9706666666666667	0.94	0.8933333333333333	0.9693333333333334	0.9533333333333334	0.9546666666666667	0.976	0.684	0.7133333333333334	0.7986666666666666	0.8613333333333333	0.7066666666666667	0.7053333333333334	0.7693333333333333	0.9453333333333334	0.0	0.7786666666666666	0.376	0.7066666666666667	0.8666666666666667	0.9026666666666666	0.5426666666666666	0.372	0.916	0.788	0.7173333333333334	0.7613333333333333	0.596	0.7813333333333333	0.8493333333333334	0.68	0.86	0.6386666666666667	0.444	0.6306666666666667	0.7	0.46	0.8733333333333333	0.7346666666666667	0.5146666666666667	0.6306666666666667	0.4226666666666667	0.728
S4-male-3	0.8346666666666667	0.7773333333333333	0.8533333333333334	0.7933333333333333	0.8413333333333334	0.6533333333333333	0.4093333333333333	0.8346666666666667	0.7866666666666666	0.7946666666666666	0.9133333333333333	0.8146666666666667	0.816	0.8853333333333333	0.6706666666666666	0.8146666666666667	0.9346666666666666	0.94	0.8973333333333333	0.6453333333333333	0.8066666666666666	0.824	0.8493333333333334	0.7973333333333333	0.9293333333333333	0.86	0.9173333333333333	0.88	0.924	0.916	0.8733333333333333	0.8906666666666667	0.9506666666666667	0.9213333333333333	0.9626666666666667	0.8746666666666667	0.8893333333333333	0.8973333333333333	0.8946666666666667	0.8826666666666667	0.8866666666666667	0.848	0.7813333333333333	0.776	0.4693333333333333	0.8906666666666667	0.6413333333333333	0.888	0.816	0.8453333333333334	0.8613333333333333	0.864	0.8373333333333334	0.8493333333333334	0.6906666666666667	0.6346666666666667	0.884	0.7826666666666666	0.8453333333333334	0.8826666666666667	0.8826666666666667	0.8573333333333333	0.8493333333333334	0.8826666666666667	0.6986666666666667	0.884	0.82	0.7826666666666666	0.684	0.9106666666666666	0.8573333333333333	0.9746666666666667	0.7253333333333334	0.576	0.816	0.512	0.6373333333333333	0.9266666666666666	0.788	0.6893333333333334	0.9733333333333334	0.96	0.6173333333333333	0.9426666666666667	0.96	0.968	0.936	0.8266666666666667	0.908	0.8346666666666667	0.8946666666666667	0.916	0.8706666666666667	0.872	0.8746666666666667	0.952	0.9453333333333334	0.8853333333333333	0.8986666666666666	0.9146666666666666	0.9173333333333333	0.9146666666666666	0.948	0.876	0.8746666666666667	0.908	0.8826666666666667	0.8573333333333333	0.8746666666666667	0.8773333333333333	0.88	0.8933333333333333	0.8946666666666667	0.9106666666666666	0.9173333333333333	0.8986666666666666	0.8786666666666667	0.892	0.908	0.8946666666666667	0.8933333333333333	0.8533333333333334	0.9186666666666666	0.732	0.8786666666666667	0.8506666666666667	0.8053333333333333	0.88	0.8853333333333333	0.9586666666666667	0.8813333333333333	0.8453333333333334	0.9	0.8813333333333333	0.9293333333333333	0.8053333333333333	0.8546666666666667	0.8386666666666667	0.8146666666666667	0.8706666666666667	0.88	0.8613333333333333	0.824	0.84	0.8746666666666667	0.8706666666666667	0.8813333333333333	0.8946666666666667	0.9186666666666666	0.9413333333333334	0.9453333333333334	0.9373333333333334	0.952	0.9106666666666666	0.8853333333333333	0.8506666666666667	0.7306666666666667	0.8906666666666667	0.856	0.8106666666666666	0.9466666666666667	0.9106666666666666	0.936	0.8666666666666667	0.9146666666666666	0.9533333333333334	0.908	0.9346666666666666	0.92	0.828	0.8933333333333333	0.9026666666666666	0.8226666666666667	0.8773333333333333	0.9506666666666667	0.9306666666666666	0.944	0.8573333333333333	0.852	0.6346666666666667	0.7866666666666666	0.8506666666666667	0.43866666666666665	0.8453333333333334	0.8	0.9066666666666666	0.7786666666666666	0.0	0.8026666666666666	0.7733333333333333	0.84	0.792	0.5173333333333333	0.7973333333333333	0.7573333333333333	0.7106666666666667	0.7613333333333333	0.4693333333333333	0.8093333333333333	0.7373333333333333	0.46	0.8373333333333334	0.832	0.58	0.852	0.7653333333333333	0.348	0.796	0.7573333333333333	0.524	0.8053333333333333	0.47333333333333333	0.7706666666666667	0.7
S5-female-1	0.43066666666666664	0.7786666666666666	0.884	0.49066666666666664	0.49733333333333335	0.7786666666666666	0.8333333333333334	0.21466666666666667	0.7	0.17066666666666666	0.9186666666666666	0.5413333333333333	0.24666666666666667	0.9493333333333334	0.9106666666666666	0.9373333333333334	0.9506666666666667	0.9466666666666667	0.912	0.8746666666666667	0.884	0.9306666666666666	0.904	0.8946666666666667	0.9386666666666666	0.8773333333333333	0.952	0.9133333333333333	0.9346666666666666	0.9333333333333333	0.9106666666666666	0.9053333333333333	0.9626666666666667	0.972	0.9666666666666667	0.9093333333333333	0.9426666666666667	0.944	0.948	0.928	0.94	0.9306666666666666	0.936	0.9106666666666666	0.9493333333333334	0.944	0.952	0.9146666666666666	0.824	0.8866666666666667	0.8306666666666667	0.8866666666666667	0.8386666666666667	0.8706666666666667	0.844	0.896	0.9053333333333333	0.9226666666666666	0.9026666666666666	0.8853333333333333	0.8906666666666667	0.8773333333333333	0.8053333333333333	0.9106666666666666	0.9093333333333333	0.9133333333333333	0.8853333333333333	0.892	0.892	0.9426666666666667	0.9106666666666666	0.9773333333333334	0.9026666666666666	0.8973333333333333	0.9346666666666666	0.8866666666666667	0.8746666666666667	0.9666666666666667	0.8893333333333333	0.9373333333333334	0.9786666666666667	0.9693333333333334	0.932	0.796	0.8106666666666666	0.9733333333333334	0.7866666666666666	0.688	0.8373333333333334	0.7626666666666667	0.8306666666666667	0.8013333333333333	0.736	0.752	0.7373333333333333	0.8013333333333333	0.7853333333333333	0.768	0.7746666666666666	0.772	0.7666666666666667	0.788	0.844	0.7573333333333333	0.88	0.768	0.852	0.7413333333333333	0.8013333333333333	0.7546666666666667	0.8	0.768	0.7986666666666666	0.7746666666666666	0.7613333333333333	0.9346666666666666	0.9053333333333333	0.9253333333333333	0.9346666666666666	0.924	0.9146666666666666	0.9053333333333333	0.9293333333333333	0.9066666666666666	0.9066666666666666	0.8813333333333333	0.8746666666666667	0.916	0.9346666666666666	0.9586666666666667	0.932	0.9	0.932	0.8973333333333333	0.9306666666666666	0.8733333333333333	0.9173333333333333	0.896	0.86	0.916	0.928	0.9346666666666666	0.92	0.8906666666666667	0.912	0.9106666666666666	0.9266666666666666	0.9186666666666666	0.912	0.9306666666666666	0.9626666666666667	0.9373333333333334	0.948	0.9253333333333333	0.9186666666666666	0.9133333333333333	0.9266666666666666	0.9146666666666666	0.92	0.932	0.9346666666666666	0.956	0.9346666666666666	0.908	0.9146666666666666	0.948	0.9226666666666666	0.9213333333333333	0.9506666666666667	0.9146666666666666	0.9253333333333333	0.9346666666666666	0.9253333333333333	0.9133333333333333	0.944	0.9306666666666666	0.9373333333333334	0.9226666666666666	0.768	0.6173333333333333	0.8133333333333334	0.9066666666666666	0.7893333333333333	0.6106666666666667	0.8013333333333333	0.8933333333333333	0.376	0.8026666666666666	0.0	0.6866666666666666	0.816	0.876	0.624	0.304	0.852	0.856	0.76	0.8426666666666667	0.5013333333333333	0.7746666666666666	0.896	0.49733333333333335	0.8533333333333334	0.7346666666666667	0.56	0.5826666666666667	0.7586666666666667	0.444	0.828	0.7453333333333333	0.36533333333333334	0.6973333333333334	0.348	0.7613333333333333
S5-female-2	0.696	0.6186666666666667	0.8573333333333333	0.444	0.7053333333333334	0.5053333333333333	0.7813333333333333	0.668	0.592	0.644	0.7613333333333333	0.552	0.72	0.908	0.7906666666666666	0.796	0.936	0.9653333333333334	0.8853333333333333	0.872	0.816	0.9373333333333334	0.6706666666666666	0.6853333333333333	0.9533333333333334	0.836	0.956	0.8546666666666667	0.9426666666666667	0.9293333333333333	0.8973333333333333	0.8933333333333333	0.9346666666666666	0.9693333333333334	0.96	0.912	0.9106666666666666	0.8826666666666667	0.9053333333333333	0.872	0.9	0.8346666666666667	0.6493333333333333	0.6613333333333333	0.8746666666666667	0.6773333333333333	0.8	0.7013333333333334	0.8013333333333333	0.868	0.8626666666666667	0.88	0.768	0.8426666666666667	0.76	0.7626666666666667	0.6413333333333333	0.9	0.6773333333333333	0.796	0.86	0.8493333333333334	0.82	0.8853333333333333	0.8866666666666667	0.8346666666666667	0.86	0.8053333333333333	0.8173333333333334	0.9066666666666666	0.8506666666666667	0.964	0.88	0.8613333333333333	0.9333333333333333	0.8333333333333334	0.7706666666666667	0.9413333333333334	0.8906666666666667	0.828	0.952	0.956	0.9	0.8506666666666667	0.6906666666666667	0.976	0.6853333333333333	0.6573333333333333	0.672	0.6546666666666666	0.6813333333333333	0.6893333333333334	0.6626666666666666	0.5586666666666666	0.632	0.8186666666666667	0.7773333333333333	0.7093333333333334	0.716	0.8066666666666666	0.7893333333333333	0.7666666666666667	0.8533333333333334	0.6186666666666667	0.692	0.76	0.744	0.6693333333333333	0.672	0.768	0.66	0.804	0.7226666666666667	0.7813333333333333	0.6586666666666666	0.9053333333333333	0.8733333333333333	0.8746666666666667	0.9106666666666666	0.828	0.84	0.6586666666666666	0.904	0.776	0.8626666666666667	0.812	0.7973333333333333	0.8546666666666667	0.8893333333333333	0.9626666666666667	0.836	0.7453333333333333	0.808	0.7293333333333333	0.836	0.8293333333333334	0.88	0.8	0.7746666666666666	0.8	0.9026666666666666	0.8906666666666667	0.8493333333333334	0.7453333333333333	0.784	0.7253333333333334	0.8706666666666667	0.9506666666666667	0.86	0.952	0.9466666666666667	0.912	0.9053333333333333	0.9453333333333334	0.792	0.92	0.8573333333333333	0.876	0.92	0.948	0.9573333333333334	0.9266666666666666	0.904	0.924	0.8013333333333333	0.8893333333333333	0.9133333333333333	0.8613333333333333	0.9666666666666667	0.9013333333333333	0.696	0.8813333333333333	0.888	0.872	0.932	0.7653333333333333	0.8786666666666667	0.8693333333333333	0.7733333333333333	0.692	0.54	0.864	0.7413333333333333	0.7293333333333333	0.7666666666666667	0.5506666666666666	0.7066666666666667	0.7733333333333333	0.6866666666666666	0.0	0.6306666666666667	0.6933333333333334	0.608	0.708	0.6546666666666666	0.8026666666666666	0.52	0.82	0.692	0.628	0.8666666666666667	0.588	0.6866666666666666	0.6306666666666667	0.7666666666666667	0.44533333333333336	0.6973333333333334	0.62	0.688	0.6813333333333333	0.7066666666666667	0.6613333333333333	0.6146666666666667	0.5986666666666667
S5-male-1	0.688	0.2946666666666667	0.8853333333333333	0.672	0.8973333333333333	0.4146666666666667	0.8186666666666667	0.7093333333333334	0.5906666666666667	0.828	0.44	0.5293333333333333	0.8706666666666667	0.9133333333333333	0.8266666666666667	0.8173333333333334	0.908	0.9013333333333333	0.864	0.5653333333333334	0.688	0.788	0.668	0.6746666666666666	0.5866666666666667	0.8746666666666667	0.9586666666666667	0.636	0.9173333333333333	0.8893333333333333	0.8706666666666667	0.8986666666666666	0.9386666666666666	0.972	0.968	0.9066666666666666	0.9373333333333334	0.9066666666666666	0.936	0.8986666666666666	0.9226666666666666	0.86	0.8253333333333334	0.7813333333333333	0.8786666666666667	0.8213333333333334	0.812	0.7853333333333333	0.676	0.744	0.7133333333333334	0.832	0.6973333333333334	0.728	0.5573333333333333	0.7173333333333334	0.784	0.756	0.7533333333333333	0.8226666666666667	0.8853333333333333	0.8106666666666666	0.8213333333333334	0.9146666666666666	0.824	0.808	0.796	0.764	0.7706666666666667	0.912	0.8106666666666666	0.9666666666666667	0.888	0.716	0.9106666666666666	0.816	0.6466666666666666	0.9466666666666667	0.8533333333333334	0.8373333333333334	0.96	0.9626666666666667	0.9053333333333333	0.8706666666666667	0.808	0.984	0.788	0.752	0.7426666666666667	0.7706666666666667	0.7826666666666666	0.7706666666666667	0.712	0.7026666666666667	0.732	0.8506666666666667	0.804	0.8066666666666666	0.8053333333333333	0.8546666666666667	0.8346666666666667	0.884	0.8733333333333333	0.756	0.776	0.7373333333333333	0.7893333333333333	0.716	0.712	0.8053333333333333	0.7453333333333333	0.836	0.6173333333333333	0.7986666666666666	0.6626666666666666	0.936	0.8986666666666666	0.8973333333333333	0.936	0.8546666666666667	0.8666666666666667	0.7906666666666666	0.9253333333333333	0.832	0.8093333333333333	0.5626666666666666	0.62	0.8666666666666667	0.916	0.9653333333333334	0.8626666666666667	0.8373333333333334	0.844	0.788	0.8506666666666667	0.8213333333333334	0.9093333333333333	0.7146666666666667	0.7973333333333333	0.8426666666666667	0.9346666666666666	0.92	0.88	0.78	0.8493333333333334	0.7946666666666666	0.7386666666666667	0.8053333333333333	0.74	0.8133333333333334	0.9466666666666667	0.9146666666666666	0.908	0.9253333333333333	0.7026666666666667	0.808	0.8573333333333333	0.8746666666666667	0.7986666666666666	0.8346666666666667	0.88	0.9266666666666666	0.904	0.864	0.8093333333333333	0.892	0.8346666666666667	0.824	0.9653333333333334	0.888	0.8066666666666666	0.88	0.896	0.9013333333333333	0.9346666666666666	0.832	0.868	0.8226666666666667	0.924	0.8066666666666666	0.524	0.844	0.8693333333333333	0.8693333333333333	0.896	0.488	0.8666666666666667	0.84	0.816	0.6306666666666667	0.0	0.464	0.76	0.8186666666666667	0.2986666666666667	0.8346666666666667	0.39466666666666667	0.7973333333333333	0.8386666666666667	0.5093333333333333	0.9	0.5053333333333333	0.6266666666666667	0.748	0.9173333333333333	0.548	0.828	0.7933333333333333	0.496	0.7266666666666667	0.8186666666666667	0.8213333333333334	0.8093333333333333	0.43333333333333335
S5-male-2	0.7493333333333333	0.3426666666666667	0.9173333333333333	0.7853333333333333	0.9573333333333334	0.344	0.7666666666666667	0.7293333333333333	0.5906666666666667	0.908	0.46266666666666667	0.544	0.924	0.9026666666666666	0.808	0.8013333333333333	0.896	0.8906666666666667	0.852	0.6026666666666667	0.712	0.7573333333333333	0.6773333333333333	0.6973333333333334	0.6746666666666666	0.8746666666666667	0.9306666666666666	0.6	0.8946666666666667	0.8733333333333333	0.8546666666666667	0.8733333333333333	0.928	0.9453333333333334	0.9386666666666666	0.8893333333333333	0.944	0.9186666666666666	0.9533333333333334	0.904	0.9266666666666666	0.864	0.8146666666666667	0.7693333333333333	0.816	0.8373333333333334	0.7933333333333333	0.84	0.704	0.7506666666666667	0.7306666666666667	0.86	0.752	0.7626666666666667	0.532	0.7186666666666667	0.816	0.7053333333333334	0.7826666666666666	0.884	0.9133333333333333	0.836	0.84	0.92	0.76	0.8213333333333334	0.7466666666666667	0.7973333333333333	0.7306666666666667	0.8853333333333333	0.788	0.9613333333333334	0.8293333333333334	0.652	0.7853333333333333	0.768	0.5933333333333334	0.924	0.8426666666666667	0.8826666666666667	0.932	0.9426666666666667	0.7986666666666666	0.8866666666666667	0.8866666666666667	0.9586666666666667	0.884	0.8466666666666667	0.8546666666666667	0.844	0.8693333333333333	0.8053333333333333	0.784	0.8013333333333333	0.8333333333333334	0.88	0.872	0.868	0.8733333333333333	0.8813333333333333	0.868	0.9133333333333333	0.888	0.852	0.8706666666666667	0.8706666666666667	0.856	0.816	0.8386666666666667	0.864	0.8613333333333333	0.892	0.8693333333333333	0.9066666666666666	0.6933333333333334	0.9453333333333334	0.936	0.9253333333333333	0.9626666666666667	0.8853333333333333	0.9106666666666666	0.8613333333333333	0.9493333333333334	0.836	0.8333333333333334	0.604	0.6493333333333333	0.9093333333333333	0.9426666666666667	0.96	0.888	0.8386666666666667	0.908	0.8573333333333333	0.92	0.8266666666666667	0.94	0.7573333333333333	0.856	0.856	0.9493333333333334	0.9293333333333333	0.9013333333333333	0.8613333333333333	0.8733333333333333	0.864	0.9173333333333333	0.7666666666666667	0.7706666666666667	0.8133333333333334	0.932	0.9213333333333333	0.9173333333333333	0.896	0.7186666666666667	0.76	0.7906666666666666	0.892	0.7253333333333334	0.7586666666666667	0.876	0.8773333333333333	0.9226666666666666	0.816	0.8746666666666667	0.904	0.796	0.8546666666666667	0.9253333333333333	0.8253333333333334	0.8333333333333334	0.8746666666666667	0.92	0.9386666666666666	0.9466666666666667	0.9026666666666666	0.9173333333333333	0.7746666666666666	0.9626666666666667	0.78	0.6506666666666666	0.9333333333333333	0.9106666666666666	0.9293333333333333	0.9213333333333333	0.548	0.9026666666666666	0.792	0.876	0.6933333333333334	0.464	0.0	0.744	0.8653333333333333	0.352	0.8466666666666667	0.4866666666666667	0.744	0.92	0.5306666666666666	0.9066666666666666	0.572	0.424	0.7546666666666667	0.9573333333333334	0.5866666666666667	0.86	0.864	0.37733333333333335	0.6666666666666666	0.8626666666666667	0.7813333333333333	0.888	0.5346666666666666
S5-male-3	0.6453333333333333	0.7053333333333334	0.684	0.5853333333333334	0.5853333333333334	0.6706666666666666	0.4493333333333333	0.6146666666666667	0.6226666666666667	0.6106666666666667	0.868	0.6093333333333333	0.6213333333333333	0.8626666666666667	0.7853333333333333	0.7426666666666667	0.9226666666666666	0.9373333333333334	0.832	0.7493333333333333	0.7653333333333333	0.8106666666666666	0.8173333333333334	0.712	0.928	0.7866666666666666	0.9173333333333333	0.8133333333333334	0.916	0.896	0.8466666666666667	0.8426666666666667	0.9333333333333333	0.9186666666666666	0.9466666666666667	0.8506666666666667	0.8253333333333334	0.8346666666666667	0.8186666666666667	0.816	0.82	0.7773333333333333	0.7186666666666667	0.76	0.7586666666666667	0.8386666666666667	0.8493333333333334	0.8546666666666667	0.6866666666666666	0.768	0.776	0.7986666666666666	0.744	0.7253333333333334	0.664	0.7186666666666667	0.812	0.7733333333333333	0.768	0.7413333333333333	0.8093333333333333	0.7786666666666666	0.7506666666666667	0.808	0.7053333333333334	0.8413333333333334	0.7306666666666667	0.6933333333333334	0.6333333333333333	0.8533333333333334	0.7933333333333333	0.9666666666666667	0.7133333333333334	0.7813333333333333	0.8466666666666667	0.6573333333333333	0.7306666666666667	0.9146666666666666	0.7746666666666666	0.7533333333333333	0.9613333333333334	0.944	0.8346666666666667	0.852	0.8213333333333334	0.9493333333333334	0.828	0.6786666666666666	0.7973333333333333	0.6906666666666667	0.7813333333333333	0.8373333333333334	0.728	0.6866666666666666	0.748	0.8946666666666667	0.8866666666666667	0.8	0.84	0.8546666666666667	0.8413333333333334	0.8493333333333334	0.8773333333333333	0.7493333333333333	0.8133333333333334	0.8533333333333334	0.7733333333333333	0.672	0.6826666666666666	0.712	0.7133333333333334	0.836	0.7626666666666667	0.8493333333333334	0.82	0.8253333333333334	0.8013333333333333	0.8226666666666667	0.8786666666666667	0.8213333333333334	0.86	0.74	0.896	0.7093333333333334	0.808	0.756	0.748	0.7493333333333333	0.7986666666666666	0.94	0.816	0.7453333333333333	0.832	0.832	0.9053333333333333	0.692	0.78	0.8133333333333334	0.6973333333333334	0.84	0.852	0.8173333333333334	0.748	0.752	0.8066666666666666	0.7653333333333333	0.7666666666666667	0.8773333333333333	0.8893333333333333	0.916	0.9213333333333333	0.904	0.9186666666666666	0.8906666666666667	0.8453333333333334	0.8146666666666667	0.8346666666666667	0.8426666666666667	0.8346666666666667	0.8533333333333334	0.9213333333333333	0.8893333333333333	0.9053333333333333	0.844	0.8533333333333334	0.9213333333333333	0.8746666666666667	0.9066666666666666	0.9053333333333333	0.8253333333333334	0.816	0.8333333333333334	0.8	0.8173333333333334	0.9306666666666666	0.8626666666666667	0.9133333333333333	0.8333333333333334	0.6813333333333333	0.472	0.6893333333333334	0.7506666666666667	0.484	0.6986666666666667	0.7293333333333333	0.836	0.5426666666666666	0.5173333333333333	0.624	0.608	0.76	0.744	0.0	0.6266666666666667	0.7053333333333334	0.5613333333333334	0.5573333333333333	0.424	0.5586666666666666	0.648	0.62	0.5786666666666667	0.7653333333333333	0.30533333333333335	0.648	0.5773333333333334	0.452	0.564	0.684	0.41733333333333333	0.6173333333333333	0.3506666666666667	0.556	0.5826666666666667
s6-Female-1	0.48	0.7693333333333333	0.8053333333333333	0.5013333333333333	0.46	0.768	0.824	0.316	0.684	0.31733333333333336	0.912	0.5666666666666667	0.36933333333333335	0.964	0.928	0.9626666666666667	0.932	0.9146666666666666	0.9066666666666666	0.852	0.88	0.8893333333333333	0.88	0.8773333333333333	0.9066666666666666	0.8586666666666667	0.9426666666666667	0.884	0.932	0.9146666666666666	0.9226666666666666	0.9333333333333333	0.9813333333333333	0.9706666666666667	0.9733333333333334	0.9413333333333334	0.856	0.8413333333333334	0.744	0.8746666666666667	0.7946666666666666	0.8333333333333334	0.9653333333333334	0.92	0.9653333333333334	0.9653333333333334	0.968	0.9253333333333333	0.7853333333333333	0.8573333333333333	0.784	0.8533333333333334	0.804	0.84	0.82	0.8613333333333333	0.9266666666666666	0.888	0.8826666666666667	0.884	0.8786666666666667	0.8453333333333334	0.78	0.9106666666666666	0.8946666666666667	0.9173333333333333	0.8773333333333333	0.8786666666666667	0.8893333333333333	0.9266666666666666	0.904	0.9853333333333333	0.8746666666666667	0.876	0.9253333333333333	0.8386666666666667	0.8306666666666667	0.968	0.8853333333333333	0.9506666666666667	0.984	0.9773333333333334	0.9453333333333334	0.8786666666666667	0.9013333333333333	0.98	0.8773333333333333	0.748	0.8573333333333333	0.7706666666666667	0.8333333333333334	0.8653333333333333	0.8373333333333334	0.8306666666666667	0.8253333333333334	0.8933333333333333	0.872	0.8346666666666667	0.84	0.8626666666666667	0.8573333333333333	0.836	0.8826666666666667	0.8226666666666667	0.88	0.844	0.8506666666666667	0.8146666666666667	0.8346666666666667	0.828	0.8333333333333334	0.828	0.8333333333333334	0.8426666666666667	0.8573333333333333	0.9253333333333333	0.912	0.9266666666666666	0.9266666666666666	0.9146666666666666	0.916	0.8973333333333333	0.9333333333333333	0.908	0.8653333333333333	0.848	0.8426666666666667	0.9026666666666666	0.92	0.9733333333333334	0.9106666666666666	0.8866666666666667	0.9293333333333333	0.8986666666666666	0.9466666666666667	0.8626666666666667	0.924	0.8533333333333334	0.8653333333333333	0.932	0.92	0.9146666666666666	0.9093333333333333	0.8866666666666667	0.9106666666666666	0.92	0.9146666666666666	0.9066666666666666	0.908	0.916	0.972	0.9653333333333334	0.9773333333333334	0.9386666666666666	0.908	0.9066666666666666	0.9426666666666667	0.928	0.908	0.9133333333333333	0.9186666666666666	0.972	0.9653333333333334	0.9013333333333333	0.9386666666666666	0.9786666666666667	0.9013333333333333	0.912	0.96	0.932	0.9453333333333334	0.96	0.9346666666666666	0.916	0.9573333333333334	0.9613333333333334	0.9666666666666667	0.9026666666666666	0.7373333333333333	0.6773333333333333	0.7933333333333333	0.6986666666666667	0.7533333333333333	0.6746666666666666	0.7693333333333333	0.8973333333333333	0.372	0.7973333333333333	0.304	0.708	0.8186666666666667	0.8653333333333333	0.6266666666666667	0.0	0.852	0.8466666666666667	0.724	0.8173333333333334	0.4093333333333333	0.768	0.8773333333333333	0.5573333333333333	0.8453333333333334	0.7226666666666667	0.5266666666666666	0.572	0.752	0.3626666666666667	0.8213333333333334	0.7386666666666667	0.3466666666666667	0.6986666666666667	0.3973333333333333	0.7706666666666667
S6-female-2	0.7333333333333333	0.256	0.9266666666666666	0.7186666666666667	0.9386666666666666	0.3293333333333333	0.7466666666666667	0.752	0.5933333333333334	0.8626666666666667	0.356	0.5586666666666666	0.904	0.8693333333333333	0.7493333333333333	0.7706666666666667	0.8853333333333333	0.8973333333333333	0.8173333333333334	0.512	0.6586666666666666	0.7333333333333333	0.6186666666666667	0.6266666666666667	0.48133333333333334	0.8693333333333333	0.94	0.5973333333333334	0.8933333333333333	0.8773333333333333	0.8466666666666667	0.8573333333333333	0.9373333333333334	0.952	0.9386666666666666	0.8826666666666667	0.9373333333333334	0.9093333333333333	0.9453333333333334	0.8866666666666667	0.9186666666666666	0.8333333333333334	0.7733333333333333	0.7	0.78	0.7906666666666666	0.7573333333333333	0.8	0.6773333333333333	0.7293333333333333	0.7066666666666667	0.832	0.7013333333333334	0.7213333333333334	0.484	0.6786666666666666	0.7653333333333333	0.6813333333333333	0.716	0.876	0.8946666666666667	0.836	0.8413333333333334	0.916	0.7333333333333333	0.7933333333333333	0.7413333333333333	0.7493333333333333	0.7026666666666667	0.8906666666666667	0.7933333333333333	0.9626666666666667	0.8053333333333333	0.632	0.8186666666666667	0.7546666666666667	0.568	0.924	0.8133333333333334	0.8426666666666667	0.9506666666666667	0.9546666666666667	0.8053333333333333	0.8733333333333333	0.832	0.9813333333333333	0.8466666666666667	0.812	0.816	0.8133333333333334	0.824	0.7826666666666666	0.74	0.7626666666666667	0.7773333333333333	0.8466666666666667	0.8306666666666667	0.84	0.8346666666666667	0.868	0.8426666666666667	0.8893333333333333	0.884	0.7773333333333333	0.796	0.808	0.8026666666666666	0.7906666666666666	0.7746666666666666	0.828	0.82	0.8773333333333333	0.832	0.872	0.736	0.956	0.924	0.9186666666666666	0.956	0.8706666666666667	0.8826666666666667	0.8173333333333334	0.9413333333333334	0.8013333333333333	0.8306666666666667	0.5746666666666667	0.6133333333333333	0.896	0.9293333333333333	0.96	0.856	0.8186666666666667	0.88	0.8226666666666667	0.8906666666666667	0.7933333333333333	0.908	0.7346666666666667	0.8133333333333334	0.828	0.936	0.916	0.88	0.824	0.8493333333333334	0.8026666666666666	0.912	0.7653333333333333	0.7453333333333333	0.8066666666666666	0.9253333333333333	0.9106666666666666	0.908	0.8946666666666667	0.6813333333333333	0.7453333333333333	0.78	0.88	0.72	0.7506666666666667	0.872	0.868	0.9093333333333333	0.8066666666666666	0.8533333333333334	0.884	0.7933333333333333	0.8373333333333334	0.928	0.816	0.7893333333333333	0.856	0.8946666666666667	0.9213333333333333	0.944	0.8666666666666667	0.8893333333333333	0.7586666666666667	0.9533333333333334	0.7533333333333333	0.5733333333333334	0.888	0.8813333333333333	0.9093333333333333	0.9173333333333333	0.5	0.916	0.7573333333333333	0.852	0.6546666666666666	0.2986666666666667	0.352	0.7053333333333334	0.852	0.0	0.824	0.42933333333333334	0.6973333333333334	0.9026666666666666	0.5	0.8986666666666666	0.5413333333333333	0.624	0.7146666666666667	0.9466666666666667	0.5253333333333333	0.816	0.8373333333333334	0.392	0.656	0.86	0.7466666666666667	0.8453333333333334	0.4666666666666667
S6-female-3	0.8893333333333333	0.8226666666666667	0.6706666666666666	0.8213333333333334	0.572	0.8386666666666667	0.54	0.8826666666666667	0.8413333333333334	0.8186666666666667	0.9293333333333333	0.8653333333333333	0.8693333333333333	0.904	0.8746666666666667	0.8413333333333334	0.924	0.92	0.824	0.772	0.8026666666666666	0.8986666666666666	0.7693333333333333	0.756	0.936	0.7773333333333333	0.9093333333333333	0.8706666666666667	0.944	0.9213333333333333	0.8893333333333333	0.8666666666666667	0.936	0.928	0.9066666666666666	0.8866666666666667	0.7946666666666666	0.7933333333333333	0.78	0.7533333333333333	0.7693333333333333	0.7506666666666667	0.8573333333333333	0.836	0.8853333333333333	0.8346666666666667	0.872	0.8293333333333334	0.6573333333333333	0.748	0.7746666666666666	0.7786666666666666	0.7133333333333334	0.7373333333333333	0.7786666666666666	0.8293333333333334	0.8186666666666667	0.84	0.7546666666666667	0.7586666666666667	0.7853333333333333	0.7653333333333333	0.7506666666666667	0.7853333333333333	0.804	0.8773333333333333	0.796	0.7133333333333334	0.7586666666666667	0.8213333333333334	0.8493333333333334	0.8813333333333333	0.7333333333333333	0.8173333333333334	0.8586666666666667	0.6853333333333333	0.796	0.932	0.7906666666666666	0.8826666666666667	0.9533333333333334	0.94	0.8826666666666667	0.8653333333333333	0.848	0.916	0.8373333333333334	0.7626666666666667	0.8093333333333333	0.7146666666666667	0.7666666666666667	0.8893333333333333	0.844	0.7946666666666666	0.8333333333333334	0.9026666666666666	0.916	0.812	0.8626666666666667	0.8986666666666666	0.888	0.8586666666666667	0.9293333333333333	0.792	0.8333333333333334	0.8746666666666667	0.7466666666666667	0.7906666666666666	0.7826666666666666	0.7613333333333333	0.7266666666666667	0.8613333333333333	0.82	0.876	0.88	0.8066666666666666	0.7613333333333333	0.7853333333333333	0.8826666666666667	0.776	0.8773333333333333	0.7066666666666667	0.9066666666666666	0.752	0.7853333333333333	0.8173333333333334	0.7826666666666666	0.6666666666666666	0.7533333333333333	0.9333333333333333	0.812	0.7466666666666667	0.8346666666666667	0.84	0.9106666666666666	0.66	0.78	0.8226666666666667	0.6813333333333333	0.8773333333333333	0.876	0.8413333333333334	0.8	0.712	0.7693333333333333	0.7666666666666667	0.7613333333333333	0.8493333333333334	0.896	0.9066666666666666	0.9106666666666666	0.8973333333333333	0.9226666666666666	0.9026666666666666	0.8626666666666667	0.7893333333333333	0.8733333333333333	0.844	0.8733333333333333	0.8653333333333333	0.888	0.904	0.896	0.876	0.8546666666666667	0.92	0.876	0.912	0.852	0.84	0.8413333333333334	0.8093333333333333	0.896	0.804	0.9293333333333333	0.8746666666666667	0.9053333333333333	0.8746666666666667	0.8	0.6386666666666667	0.7133333333333334	0.6453333333333333	0.704	0.8933333333333333	0.8373333333333334	0.9013333333333333	0.788	0.7106666666666667	0.856	0.8026666666666666	0.8346666666666667	0.8466666666666667	0.5613333333333334	0.8466666666666667	0.824	0.0	0.6533333333333333	0.5533333333333333	0.7666666666666667	0.8426666666666667	0.7293333333333333	0.864	0.8493333333333334	0.612	0.8	0.816	0.564	0.7346666666666667	0.8093333333333333	0.7173333333333334	0.868	0.5626666666666666	0.7693333333333333	0.86
S6-male-1	0.6426666666666667	0.38533333333333336	0.78	0.5853333333333334	0.636	0.444	0.5866666666666667	0.732	0.5813333333333334	0.74	0.5173333333333333	0.5026666666666667	0.8026666666666666	0.92	0.848	0.808	0.896	0.904	0.8106666666666666	0.6093333333333333	0.6893333333333334	0.7773333333333333	0.644	0.644	0.68	0.7253333333333334	0.9546666666666667	0.6573333333333333	0.9186666666666666	0.8866666666666667	0.8746666666666667	0.9146666666666666	0.944	0.9653333333333334	0.9746666666666667	0.9106666666666666	0.8	0.7466666666666667	0.7413333333333333	0.7306666666666667	0.7466666666666667	0.6733333333333333	0.8026666666666666	0.76	0.8853333333333333	0.7946666666666666	0.8253333333333334	0.7786666666666666	0.512	0.58	0.5706666666666667	0.7226666666666667	0.5426666666666666	0.564	0.564	0.6666666666666666	0.7613333333333333	0.76	0.7173333333333334	0.6813333333333333	0.7426666666666667	0.6533333333333333	0.6573333333333333	0.7866666666666666	0.792	0.7973333333333333	0.7653333333333333	0.6986666666666667	0.7306666666666667	0.8546666666666667	0.7666666666666667	0.968	0.7333333333333333	0.708	0.9133333333333333	0.6866666666666666	0.6053333333333333	0.944	0.86	0.824	0.9613333333333334	0.964	0.912	0.8866666666666667	0.7973333333333333	0.9853333333333333	0.7866666666666666	0.6786666666666666	0.7693333333333333	0.6386666666666667	0.7546666666666667	0.7906666666666666	0.7466666666666667	0.6293333333333333	0.7346666666666667	0.8586666666666667	0.828	0.768	0.788	0.868	0.836	0.8626666666666667	0.892	0.688	0.7546666666666667	0.812	0.772	0.6666666666666666	0.6426666666666667	0.6506666666666666	0.596	0.816	0.7133333333333334	0.8146666666666667	0.716	0.8146666666666667	0.732	0.7333333333333333	0.888	0.708	0.8306666666666667	0.584	0.912	0.748	0.644	0.496	0.556	0.768	0.7506666666666667	0.972	0.8013333333333333	0.744	0.7533333333333333	0.7453333333333333	0.844	0.7133333333333334	0.8573333333333333	0.668	0.6346666666666667	0.824	0.896	0.8546666666666667	0.78	0.6146666666666667	0.6746666666666666	0.7066666666666667	0.8066666666666666	0.8146666666666667	0.748	0.8213333333333334	0.956	0.9213333333333333	0.9146666666666666	0.932	0.708	0.8146666666666667	0.86	0.8653333333333333	0.8066666666666666	0.8413333333333334	0.8853333333333333	0.9373333333333334	0.9133333333333333	0.8706666666666667	0.8053333333333333	0.8946666666666667	0.8413333333333334	0.8213333333333334	0.972	0.8973333333333333	0.7826666666666666	0.8893333333333333	0.8893333333333333	0.8413333333333334	0.9413333333333334	0.816	0.8813333333333333	0.828	0.6773333333333333	0.6746666666666666	0.38	0.8226666666666667	0.6813333333333333	0.812	0.764	0.484	0.7173333333333334	0.7613333333333333	0.76	0.52	0.39466666666666667	0.4866666666666667	0.5573333333333333	0.724	0.42933333333333334	0.6533333333333333	0.0	0.616	0.6933333333333334	0.5066666666666667	0.8026666666666666	0.4493333333333333	0.6813333333333333	0.592	0.672	0.48133333333333334	0.5706666666666667	0.5546666666666666	0.572	0.664	0.752	0.5453333333333333	0.668	0.43466666666666665
S6-male-3	0.8213333333333334	0.788	0.7506666666666667	0.7906666666666666	0.7453333333333333	0.752	0.31733333333333336	0.8386666666666667	0.788	0.84	0.8733333333333333	0.8173333333333334	0.8466666666666667	0.8626666666666667	0.7693333333333333	0.7773333333333333	0.88	0.9066666666666666	0.7493333333333333	0.5826666666666667	0.7106666666666667	0.7706666666666667	0.7373333333333333	0.6786666666666666	0.82	0.736	0.9226666666666666	0.792	0.8573333333333333	0.876	0.8453333333333334	0.852	0.9413333333333334	0.92	0.9226666666666666	0.8613333333333333	0.78	0.7733333333333333	0.76	0.732	0.7493333333333333	0.7026666666666667	0.7546666666666667	0.7706666666666667	0.6546666666666666	0.8653333333333333	0.812	0.8546666666666667	0.6533333333333333	0.692	0.6706666666666666	0.7293333333333333	0.64	0.66	0.5706666666666667	0.5773333333333334	0.8186666666666667	0.6853333333333333	0.728	0.756	0.7506666666666667	0.7306666666666667	0.6946666666666667	0.7493333333333333	0.6893333333333334	0.8386666666666667	0.7413333333333333	0.6506666666666666	0.5413333333333333	0.8626666666666667	0.7826666666666666	0.9373333333333334	0.6506666666666666	0.684	0.8146666666666667	0.6186666666666667	0.72	0.9293333333333333	0.7146666666666667	0.6973333333333334	0.9653333333333334	0.9546666666666667	0.8	0.9213333333333333	0.9146666666666666	0.96	0.8906666666666667	0.7813333333333333	0.828	0.7333333333333333	0.8066666666666666	0.8813333333333333	0.828	0.7746666666666666	0.7826666666666666	0.8866666666666667	0.8946666666666667	0.8146666666666667	0.8573333333333333	0.8573333333333333	0.8453333333333334	0.8413333333333334	0.9186666666666666	0.7786666666666666	0.856	0.8066666666666666	0.816	0.756	0.7586666666666667	0.6973333333333334	0.6933333333333334	0.8426666666666667	0.824	0.8586666666666667	0.8546666666666667	0.7906666666666666	0.7373333333333333	0.7533333333333333	0.864	0.7533333333333333	0.8546666666666667	0.7066666666666667	0.88	0.7173333333333334	0.7146666666666667	0.744	0.712	0.72	0.7533333333333333	0.9253333333333333	0.8226666666666667	0.7653333333333333	0.8226666666666667	0.8253333333333334	0.8946666666666667	0.6733333333333333	0.8173333333333334	0.78	0.6813333333333333	0.8333333333333334	0.848	0.8066666666666666	0.724	0.7146666666666667	0.7426666666666667	0.752	0.7866666666666666	0.7986666666666666	0.832	0.844	0.8933333333333333	0.884	0.904	0.8653333333333333	0.792	0.7466666666666667	0.8053333333333333	0.8386666666666667	0.7653333333333333	0.7733333333333333	0.8453333333333334	0.8666666666666667	0.8773333333333333	0.7946666666666666	0.8586666666666667	0.8933333333333333	0.82	0.8546666666666667	0.864	0.7693333333333333	0.84	0.8413333333333334	0.784	0.8066666666666666	0.916	0.8773333333333333	0.8893333333333333	0.7866666666666666	0.8066666666666666	0.6173333333333333	0.6626666666666666	0.7813333333333333	0.532	0.88	0.852	0.8533333333333334	0.7613333333333333	0.4693333333333333	0.8426666666666667	0.82	0.7973333333333333	0.744	0.424	0.8173333333333334	0.6973333333333334	0.5533333333333333	0.616	0.0	0.756	0.732	0.5586666666666666	0.8413333333333334	0.8053333333333333	0.484	0.804	0.7826666666666666	0.41733333333333333	0.7306666666666667	0.7066666666666667	0.49066666666666664	0.8333333333333334	0.5266666666666666	0.788	0.6773333333333333
S7-female-1	0.492	0.8293333333333334	0.5426666666666666	0.5706666666666667	0.5466666666666666	0.828	0.7493333333333333	0.528	0.7413333333333333	0.444	0.9586666666666667	0.576	0.572	0.96	0.908	0.9293333333333333	0.9666666666666667	0.9813333333333333	0.888	0.9146666666666666	0.9053333333333333	0.9533333333333334	0.9213333333333333	0.8893333333333333	0.9786666666666667	0.8653333333333333	0.968	0.9373333333333334	0.98	0.9733333333333334	0.9426666666666667	0.9253333333333333	0.968	0.968	0.9786666666666667	0.944	0.8493333333333334	0.8426666666666667	0.752	0.8746666666666667	0.8	0.8093333333333333	0.9306666666666666	0.896	0.9546666666666667	0.9293333333333333	0.9466666666666667	0.9133333333333333	0.8173333333333334	0.8986666666666666	0.8386666666666667	0.8946666666666667	0.8413333333333334	0.8613333333333333	0.8773333333333333	0.8893333333333333	0.9293333333333333	0.948	0.9053333333333333	0.8373333333333334	0.8773333333333333	0.884	0.7893333333333333	0.888	0.9026666666666666	0.936	0.8853333333333333	0.8586666666666667	0.876	0.9	0.9053333333333333	0.988	0.912	0.908	0.9733333333333334	0.8586666666666667	0.8733333333333333	0.9706666666666667	0.9306666666666666	0.912	0.9853333333333333	0.976	0.9466666666666667	0.7573333333333333	0.7053333333333334	0.9813333333333333	0.692	0.58	0.7906666666666666	0.664	0.7573333333333333	0.8226666666666667	0.6546666666666666	0.672	0.6293333333333333	0.7573333333333333	0.6453333333333333	0.652	0.6293333333333333	0.6933333333333334	0.7186666666666667	0.7186666666666667	0.8613333333333333	0.66	0.8613333333333333	0.692	0.8173333333333334	0.536	0.7453333333333333	0.6173333333333333	0.7186666666666667	0.5746666666666667	0.6266666666666667	0.576	0.6106666666666667	0.788	0.7506666666666667	0.776	0.788	0.78	0.7653333333333333	0.7213333333333334	0.8346666666666667	0.76	0.8466666666666667	0.7786666666666666	0.7746666666666666	0.7586666666666667	0.776	0.8733333333333333	0.7866666666666666	0.756	0.784	0.744	0.8066666666666666	0.7906666666666666	0.8546666666666667	0.7826666666666666	0.724	0.8066666666666666	0.78	0.8746666666666667	0.7813333333333333	0.728	0.78	0.7466666666666667	0.7693333333333333	0.8906666666666667	0.8146666666666667	0.9133333333333333	0.8386666666666667	0.8293333333333334	0.8493333333333334	0.8506666666666667	0.8053333333333333	0.8426666666666667	0.8013333333333333	0.7613333333333333	0.8746666666666667	0.8773333333333333	0.836	0.8986666666666666	0.8013333333333333	0.9226666666666666	0.7653333333333333	0.816	0.832	0.8453333333333334	0.9626666666666667	0.8746666666666667	0.7813333333333333	0.8053333333333333	0.844	0.8533333333333334	0.9293333333333333	0.8133333333333334	0.8573333333333333	0.828	0.74	0.404	0.816	0.6386666666666667	0.6933333333333334	0.5506666666666666	0.7746666666666666	0.9226666666666666	0.596	0.8093333333333333	0.5013333333333333	0.692	0.8386666666666667	0.92	0.5586666666666666	0.4093333333333333	0.9026666666666666	0.7666666666666667	0.6933333333333334	0.756	0.0	0.7986666666666666	0.812	0.48133333333333334	0.8866666666666667	0.644	0.6626666666666666	0.6626666666666666	0.6933333333333334	0.37466666666666665	0.8653333333333333	0.7386666666666667	0.4053333333333333	0.6413333333333333	0.42933333333333334	0.7893333333333333
S7-female-2	0.644	0.444	0.9306666666666666	0.7013333333333334	0.8533333333333334	0.4266666666666667	0.7626666666666667	0.6306666666666667	0.4013333333333333	0.772	0.62	0.488	0.74	0.888	0.8506666666666667	0.8573333333333333	0.9186666666666666	0.9053333333333333	0.8893333333333333	0.656	0.712	0.7373333333333333	0.7186666666666667	0.7093333333333334	0.7746666666666666	0.8986666666666666	0.9493333333333334	0.6466666666666666	0.924	0.8946666666666667	0.8573333333333333	0.9	0.952	0.944	0.9786666666666667	0.8826666666666667	0.964	0.956	0.9586666666666667	0.9373333333333334	0.9493333333333334	0.88	0.8573333333333333	0.82	0.8613333333333333	0.8653333333333333	0.8186666666666667	0.8506666666666667	0.7306666666666667	0.7733333333333333	0.764	0.8653333333333333	0.7733333333333333	0.7813333333333333	0.6173333333333333	0.7066666666666667	0.844	0.712	0.7946666666666666	0.9026666666666666	0.9333333333333333	0.8493333333333334	0.88	0.9506666666666667	0.7986666666666666	0.8266666666666667	0.804	0.764	0.752	0.9013333333333333	0.7933333333333333	0.9706666666666667	0.8853333333333333	0.74	0.904	0.8386666666666667	0.6946666666666667	0.932	0.8253333333333334	0.8466666666666667	0.956	0.9653333333333334	0.8973333333333333	0.9213333333333333	0.912	0.988	0.908	0.8346666666666667	0.8826666666666667	0.8546666666666667	0.9026666666666666	0.856	0.804	0.832	0.8226666666666667	0.9253333333333333	0.9	0.912	0.908	0.928	0.9146666666666666	0.9613333333333334	0.928	0.8733333333333333	0.8826666666666667	0.8786666666666667	0.8813333333333333	0.7826666666666666	0.8106666666666666	0.8426666666666667	0.864	0.9146666666666666	0.8986666666666666	0.8973333333333333	0.7746666666666666	0.952	0.9306666666666666	0.92	0.9506666666666667	0.9	0.9053333333333333	0.896	0.9453333333333334	0.8826666666666667	0.84	0.684	0.6773333333333333	0.8946666666666667	0.92	0.9626666666666667	0.904	0.872	0.912	0.8866666666666667	0.9066666666666666	0.836	0.912	0.7533333333333333	0.848	0.8613333333333333	0.936	0.944	0.8813333333333333	0.876	0.904	0.8946666666666667	0.9293333333333333	0.796	0.7773333333333333	0.8146666666666667	0.936	0.9386666666666666	0.94	0.9173333333333333	0.7626666666666667	0.812	0.896	0.92	0.788	0.8253333333333334	0.88	0.9346666666666666	0.9186666666666666	0.8586666666666667	0.896	0.9146666666666666	0.8533333333333334	0.8573333333333333	0.9573333333333334	0.888	0.8906666666666667	0.8946666666666667	0.8813333333333333	0.928	0.9386666666666666	0.9066666666666666	0.9	0.848	0.8586666666666667	0.7066666666666667	0.6173333333333333	0.772	0.7533333333333333	0.8293333333333334	0.8226666666666667	0.604	0.7813333333333333	0.7373333333333333	0.7746666666666666	0.628	0.5093333333333333	0.5306666666666666	0.648	0.768	0.5	0.8426666666666667	0.5066666666666667	0.732	0.7986666666666666	0.0	0.8506666666666667	0.5413333333333333	0.584	0.5466666666666666	0.8413333333333334	0.5106666666666667	0.6933333333333334	0.7693333333333333	0.492	0.5533333333333333	0.7773333333333333	0.7306666666666667	0.76	0.31466666666666665
S7-female-3	0.9186666666666666	0.8973333333333333	0.7973333333333333	0.868	0.836	0.9253333333333333	0.5986666666666667	0.9293333333333333	0.9093333333333333	0.8693333333333333	0.952	0.904	0.892	0.9093333333333333	0.9146666666666666	0.8706666666666667	0.96	0.9746666666666667	0.8866666666666667	0.712	0.8466666666666667	0.864	0.9053333333333333	0.856	0.9693333333333334	0.8946666666666667	0.9493333333333334	0.9213333333333333	0.9626666666666667	0.96	0.912	0.932	0.9573333333333334	0.9213333333333333	0.972	0.9106666666666666	0.8946666666666667	0.9093333333333333	0.8893333333333333	0.896	0.9	0.8586666666666667	0.828	0.8773333333333333	0.7626666666666667	0.9173333333333333	0.96	0.928	0.8266666666666667	0.8746666666666667	0.8933333333333333	0.9053333333333333	0.8706666666666667	0.8906666666666667	0.8026666666666666	0.6586666666666666	0.924	0.848	0.8866666666666667	0.8973333333333333	0.8973333333333333	0.8946666666666667	0.8853333333333333	0.8973333333333333	0.86	0.948	0.9066666666666666	0.7853333333333333	0.7386666666666667	0.876	0.8626666666666667	0.9813333333333333	0.8853333333333333	0.916	0.9586666666666667	0.84	0.8746666666666667	0.9333333333333333	0.8533333333333334	0.6986666666666667	0.9733333333333334	0.964	0.9346666666666666	0.9173333333333333	0.9386666666666666	0.968	0.9146666666666666	0.884	0.92	0.884	0.9106666666666666	0.936	0.896	0.8973333333333333	0.8973333333333333	0.9586666666666667	0.9546666666666667	0.9	0.9013333333333333	0.928	0.9293333333333333	0.9026666666666666	0.9613333333333334	0.896	0.888	0.92	0.888	0.8826666666666667	0.9053333333333333	0.9026666666666666	0.9013333333333333	0.908	0.9093333333333333	0.916	0.9346666666666666	0.908	0.8973333333333333	0.9106666666666666	0.9213333333333333	0.9146666666666666	0.9093333333333333	0.8613333333333333	0.9266666666666666	0.876	0.9146666666666666	0.908	0.9026666666666666	0.8746666666666667	0.8866666666666667	0.9653333333333334	0.9013333333333333	0.8653333333333333	0.9146666666666666	0.9026666666666666	0.94	0.8586666666666667	0.8493333333333334	0.8973333333333333	0.828	0.876	0.892	0.876	0.836	0.8586666666666667	0.8933333333333333	0.872	0.8733333333333333	0.96	0.9586666666666667	0.9693333333333334	0.9706666666666667	0.956	0.9653333333333334	0.9626666666666667	0.9573333333333334	0.956	0.94	0.924	0.96	0.9746666666666667	0.9733333333333334	0.9746666666666667	0.9493333333333334	0.952	0.9293333333333333	0.9613333333333334	0.972	0.9653333333333334	0.976	0.9493333333333334	0.9453333333333334	0.92	0.8346666666666667	0.9	0.9546666666666667	0.9426666666666667	0.9493333333333334	0.96	0.9026666666666666	0.7506666666666667	0.8733333333333333	0.8213333333333334	0.22533333333333333	0.908	0.8506666666666667	0.9493333333333334	0.8493333333333334	0.46	0.896	0.8666666666666667	0.9	0.9066666666666666	0.62	0.8773333333333333	0.8986666666666666	0.7293333333333333	0.8026666666666666	0.5586666666666666	0.812	0.8506666666666667	0.0	0.9266666666666666	0.8973333333333333	0.644	0.9026666666666666	0.8893333333333333	0.4013333333333333	0.8613333333333333	0.8813333333333333	0.6533333333333333	0.8893333333333333	0.7306666666666667	0.852	0.7853333333333333
S7-male-1	0.25866666666666666	0.48533333333333334	0.8693333333333333	0.5173333333333333	0.6613333333333333	0.4706666666666667	0.8493333333333334	0.43733333333333335	0.5266666666666666	0.41333333333333333	0.6173333333333333	0.30933333333333335	0.6386666666666667	0.9186666666666666	0.8773333333333333	0.8586666666666667	0.912	0.9093333333333333	0.8706666666666667	0.668	0.7226666666666667	0.788	0.7293333333333333	0.708	0.732	0.8786666666666667	0.9653333333333334	0.6813333333333333	0.9226666666666666	0.8946666666666667	0.88	0.9	0.944	0.9746666666666667	0.9706666666666667	0.9066666666666666	0.948	0.9253333333333333	0.9493333333333334	0.916	0.9413333333333334	0.8826666666666667	0.8453333333333334	0.848	0.9013333333333333	0.8626666666666667	0.884	0.8506666666666667	0.6746666666666666	0.764	0.6866666666666666	0.84	0.7226666666666667	0.7093333333333334	0.632	0.768	0.8066666666666666	0.7733333333333333	0.7813333333333333	0.8253333333333334	0.9026666666666666	0.8226666666666667	0.7706666666666667	0.924	0.8133333333333334	0.8306666666666667	0.7693333333333333	0.7973333333333333	0.7866666666666666	0.9186666666666666	0.836	0.9693333333333334	0.9093333333333333	0.7253333333333334	0.912	0.836	0.6906666666666667	0.9506666666666667	0.8653333333333333	0.8506666666666667	0.956	0.9626666666666667	0.904	0.6493333333333333	0.648	0.9853333333333333	0.6173333333333333	0.608	0.7613333333333333	0.6853333333333333	0.7506666666666667	0.716	0.5946666666666667	0.5373333333333333	0.5386666666666666	0.7293333333333333	0.696	0.716	0.6506666666666666	0.644	0.7386666666666667	0.7693333333333333	0.7973333333333333	0.596	0.836	0.616	0.7773333333333333	0.6	0.6773333333333333	0.6106666666666667	0.72	0.6373333333333333	0.7186666666666667	0.648	0.6453333333333333	0.9493333333333334	0.912	0.9066666666666666	0.952	0.9013333333333333	0.904	0.8413333333333334	0.948	0.896	0.8213333333333334	0.628	0.688	0.904	0.9266666666666666	0.964	0.8986666666666666	0.8746666666666667	0.9026666666666666	0.86	0.9093333333333333	0.8493333333333334	0.9266666666666666	0.772	0.848	0.8813333333333333	0.948	0.9333333333333333	0.8906666666666667	0.8466666666666667	0.884	0.8573333333333333	0.9093333333333333	0.804	0.7826666666666666	0.8093333333333333	0.948	0.9133333333333333	0.9106666666666666	0.9266666666666666	0.7613333333333333	0.8066666666666666	0.8906666666666667	0.8893333333333333	0.7946666666666666	0.8293333333333334	0.8733333333333333	0.9226666666666666	0.904	0.8586666666666667	0.8466666666666667	0.8973333333333333	0.8293333333333334	0.8626666666666667	0.9613333333333334	0.8946666666666667	0.8373333333333334	0.8906666666666667	0.912	0.9026666666666666	0.9426666666666667	0.848	0.908	0.8586666666666667	0.7893333333333333	0.5973333333333334	0.5986666666666667	0.8573333333333333	0.7973333333333333	0.512	0.828	0.5653333333333334	0.68	0.8373333333333334	0.49733333333333335	0.588	0.5053333333333333	0.572	0.5786666666666667	0.5573333333333333	0.5413333333333333	0.864	0.4493333333333333	0.8413333333333334	0.48133333333333334	0.5413333333333333	0.9266666666666666	0.0	0.6973333333333334	0.7013333333333334	0.7186666666666667	0.42533333333333334	0.7653333333333333	0.48533333333333334	0.588	0.7226666666666667	0.3893333333333333	0.688	0.38	0.4693333333333333
S7-male-2	0.7613333333333333	0.5746666666666667	0.9253333333333333	0.78	0.9253333333333333	0.5693333333333334	0.82	0.6933333333333334	0.588	0.856	0.712	0.6053333333333333	0.872	0.9	0.8506666666666667	0.8693333333333333	0.8773333333333333	0.8813333333333333	0.8613333333333333	0.78	0.792	0.82	0.772	0.7786666666666666	0.8306666666666667	0.8533333333333334	0.9413333333333334	0.7373333333333333	0.9133333333333333	0.8706666666666667	0.8426666666666667	0.8746666666666667	0.9386666666666666	0.9653333333333334	0.9573333333333334	0.9066666666666666	0.9253333333333333	0.9213333333333333	0.9226666666666666	0.9026666666666666	0.92	0.8773333333333333	0.8853333333333333	0.848	0.8813333333333333	0.8733333333333333	0.8733333333333333	0.8546666666666667	0.7733333333333333	0.82	0.8053333333333333	0.8266666666666667	0.7426666666666667	0.8	0.732	0.7613333333333333	0.848	0.7866666666666666	0.8133333333333334	0.8546666666666667	0.8706666666666667	0.792	0.828	0.9013333333333333	0.8	0.8053333333333333	0.7693333333333333	0.7746666666666666	0.7426666666666667	0.9013333333333333	0.8026666666666666	0.9306666666666666	0.8693333333333333	0.788	0.8386666666666667	0.8173333333333334	0.7453333333333333	0.9373333333333334	0.8453333333333334	0.8786666666666667	0.9546666666666667	0.9573333333333334	0.8706666666666667	0.8893333333333333	0.8973333333333333	0.98	0.8933333333333333	0.8586666666666667	0.8653333333333333	0.8573333333333333	0.8826666666666667	0.8146666666666667	0.8026666666666666	0.8173333333333334	0.82	0.888	0.8826666666666667	0.88	0.892	0.896	0.8893333333333333	0.928	0.8893333333333333	0.8693333333333333	0.8786666666666667	0.88	0.8746666666666667	0.7733333333333333	0.804	0.8146666666666667	0.84	0.8973333333333333	0.8826666666666667	0.8773333333333333	0.7066666666666667	0.932	0.9066666666666666	0.8826666666666667	0.932	0.8946666666666667	0.876	0.872	0.9186666666666666	0.884	0.7933333333333333	0.7506666666666667	0.7866666666666666	0.8586666666666667	0.888	0.936	0.876	0.86	0.8893333333333333	0.8773333333333333	0.8813333333333333	0.824	0.904	0.788	0.8213333333333334	0.856	0.92	0.912	0.8906666666666667	0.8506666666666667	0.8706666666666667	0.8533333333333334	0.884	0.796	0.7706666666666667	0.8213333333333334	0.904	0.9026666666666666	0.9013333333333333	0.8973333333333333	0.756	0.8066666666666666	0.8666666666666667	0.8986666666666666	0.8	0.8306666666666667	0.8293333333333334	0.9	0.8906666666666667	0.8226666666666667	0.86	0.8693333333333333	0.8133333333333334	0.788	0.912	0.8653333333333333	0.868	0.8506666666666667	0.88	0.9106666666666666	0.9213333333333333	0.8493333333333334	0.868	0.8053333333333333	0.9493333333333334	0.7946666666666666	0.7506666666666667	0.8786666666666667	0.8746666666666667	0.8973333333333333	0.9146666666666666	0.7066666666666667	0.86	0.832	0.8533333333333334	0.6866666666666666	0.6266666666666667	0.424	0.7653333333333333	0.8453333333333334	0.624	0.8493333333333334	0.6813333333333333	0.8053333333333333	0.8866666666666667	0.584	0.8973333333333333	0.6973333333333334	0.0	0.768	0.94	0.656	0.8186666666666667	0.844	0.49333333333333335	0.6906666666666667	0.8453333333333334	0.844	0.8253333333333334	0.6453333333333333
S7-male-3	0.7533333333333333	0.688	0.7426666666666667	0.6746666666666666	0.6733333333333333	0.7053333333333334	0.47333333333333333	0.656	0.58	0.6973333333333334	0.8853333333333333	0.6373333333333333	0.696	0.864	0.836	0.7733333333333333	0.9373333333333334	0.9533333333333334	0.876	0.7493333333333333	0.812	0.8226666666666667	0.8426666666666667	0.7706666666666667	0.9426666666666667	0.796	0.9266666666666666	0.7866666666666666	0.9386666666666666	0.9106666666666666	0.884	0.884	0.952	0.9293333333333333	0.9613333333333334	0.8946666666666667	0.8106666666666666	0.8293333333333334	0.8106666666666666	0.8146666666666667	0.812	0.7626666666666667	0.7573333333333333	0.788	0.7706666666666667	0.8546666666666667	0.8146666666666667	0.86	0.7266666666666667	0.7773333333333333	0.788	0.7986666666666666	0.7546666666666667	0.756	0.7346666666666667	0.7386666666666667	0.8693333333333333	0.78	0.8253333333333334	0.7906666666666666	0.816	0.816	0.7853333333333333	0.816	0.7533333333333333	0.8613333333333333	0.788	0.7293333333333333	0.6546666666666666	0.8813333333333333	0.8346666666666667	0.96	0.7493333333333333	0.824	0.8933333333333333	0.6946666666666667	0.788	0.9333333333333333	0.7946666666666666	0.7826666666666666	0.972	0.9626666666666667	0.864	0.9026666666666666	0.9013333333333333	0.9653333333333334	0.884	0.7533333333333333	0.8746666666666667	0.7466666666666667	0.8586666666666667	0.8693333333333333	0.8186666666666667	0.7586666666666667	0.808	0.94	0.932	0.84	0.8826666666666667	0.8946666666666667	0.88	0.892	0.9173333333333333	0.8146666666666667	0.852	0.9013333333333333	0.844	0.724	0.744	0.7613333333333333	0.772	0.8786666666666667	0.8426666666666667	0.8933333333333333	0.812	0.8386666666666667	0.8026666666666666	0.8293333333333334	0.884	0.8213333333333334	0.8773333333333333	0.7493333333333333	0.904	0.7426666666666667	0.8346666666666667	0.7853333333333333	0.78	0.7666666666666667	0.7933333333333333	0.9426666666666667	0.8066666666666666	0.7573333333333333	0.844	0.8493333333333334	0.9213333333333333	0.7213333333333334	0.808	0.8466666666666667	0.7346666666666667	0.8626666666666667	0.868	0.8373333333333334	0.756	0.7573333333333333	0.812	0.7733333333333333	0.7826666666666666	0.896	0.908	0.9373333333333334	0.9253333333333333	0.9146666666666666	0.9333333333333333	0.9106666666666666	0.8653333333333333	0.8533333333333334	0.868	0.8546666666666667	0.8813333333333333	0.8973333333333333	0.9426666666666667	0.9026666666666666	0.9053333333333333	0.872	0.8706666666666667	0.9306666666666666	0.908	0.9306666666666666	0.9173333333333333	0.8733333333333333	0.848	0.8506666666666667	0.8106666666666666	0.816	0.9333333333333333	0.888	0.9146666666666666	0.8906666666666667	0.708	0.564	0.728	0.7413333333333333	0.504	0.748	0.7373333333333333	0.8373333333333334	0.6386666666666667	0.58	0.7346666666666667	0.6306666666666667	0.748	0.7546666666666667	0.30533333333333335	0.7226666666666667	0.7146666666666667	0.612	0.592	0.484	0.644	0.5466666666666666	0.644	0.7013333333333334	0.768	0.0	0.7026666666666667	0.668	0.4826666666666667	0.6373333333333333	0.6813333333333333	0.42	0.7266666666666667	0.448	0.6453333333333333	0.5106666666666667
S8-female-1	0.6373333333333333	0.8573333333333333	0.908	0.5253333333333333	0.42	0.8893333333333333	0.728	0.5893333333333334	0.6946666666666667	0.54	0.9853333333333333	0.7386666666666667	0.5586666666666666	0.9866666666666667	0.976	0.9893333333333333	0.9933333333333333	0.9906666666666667	0.976	0.9386666666666666	0.9653333333333334	0.984	0.9706666666666667	0.9706666666666667	0.9906666666666667	0.7306666666666667	0.992	0.9773333333333334	0.9933333333333333	0.9933333333333333	0.9866666666666667	0.9866666666666667	0.992	0.9893333333333333	0.988	0.9746666666666667	0.8373333333333334	0.8013333333333333	0.7693333333333333	0.6626666666666666	0.7973333333333333	0.6573333333333333	0.9893333333333333	0.932	0.988	0.9893333333333333	0.992	0.9653333333333334	0.6453333333333333	0.672	0.764	0.8506666666666667	0.6573333333333333	0.6693333333333333	0.916	0.9546666666666667	0.9853333333333333	0.98	0.972	0.668	0.664	0.6666666666666666	0.6613333333333333	0.828	0.9893333333333333	0.992	0.9733333333333334	0.972	0.9813333333333333	0.9693333333333334	0.9853333333333333	0.9973333333333333	0.7946666666666666	0.968	0.9933333333333333	0.852	0.9146666666666666	0.9893333333333333	0.9653333333333334	0.968	0.9933333333333333	0.988	0.9746666666666667	0.9666666666666667	0.9906666666666667	0.9933333333333333	0.9666666666666667	0.8146666666666667	0.9386666666666666	0.7773333333333333	0.916	0.96	0.928	0.876	0.912	0.9826666666666667	0.9653333333333334	0.9013333333333333	0.9293333333333333	0.96	0.9546666666666667	0.932	0.9773333333333334	0.8813333333333333	0.9133333333333333	0.936	0.9213333333333333	0.856	0.8586666666666667	0.764	0.7506666666666667	0.9013333333333333	0.9	0.932	0.9533333333333334	0.848	0.768	0.7866666666666666	0.916	0.8053333333333333	0.9213333333333333	0.6693333333333333	0.9493333333333334	0.888	0.6746666666666666	0.8906666666666667	0.8813333333333333	0.8306666666666667	0.668	0.992	0.896	0.8453333333333334	0.888	0.9226666666666666	0.9573333333333334	0.852	0.9146666666666666	0.928	0.76	0.9466666666666667	0.9213333333333333	0.9	0.8493333333333334	0.7693333333333333	0.7346666666666667	0.8826666666666667	0.8653333333333333	0.9946666666666667	0.992	0.988	0.9986666666666667	0.9906666666666667	0.9946666666666667	0.9946666666666667	0.9933333333333333	0.9866666666666667	0.9693333333333334	0.9613333333333334	0.9933333333333333	0.9973333333333333	0.9933333333333333	0.9973333333333333	0.984	0.9866666666666667	0.96	0.9893333333333333	0.9853333333333333	0.9933333333333333	1.0	0.9813333333333333	0.972	0.992	0.9546666666666667	0.9093333333333333	0.9773333333333334	0.9733333333333334	0.9786666666666667	0.992	0.25466666666666665	0.8146666666666667	0.756	0.9253333333333333	0.756	0.776	0.5786666666666667	0.9693333333333334	0.444	0.852	0.56	0.7666666666666667	0.9173333333333333	0.9573333333333334	0.648	0.5266666666666666	0.9466666666666667	0.8	0.672	0.804	0.6626666666666666	0.8413333333333334	0.9026666666666666	0.7186666666666667	0.94	0.7026666666666667	0.0	0.536	0.728	0.43066666666666664	0.9293333333333333	0.8186666666666667	0.5693333333333334	0.5373333333333333	0.49333333333333335	0.804
S8-female-2	0.48133333333333334	0.45466666666666666	0.92	0.37866666666666665	0.6586666666666666	0.43733333333333335	0.7826666666666666	0.5453333333333333	0.39066666666666666	0.5933333333333334	0.656	0.42933333333333334	0.6493333333333333	0.908	0.8626666666666667	0.8373333333333334	0.908	0.9013333333333333	0.864	0.7333333333333333	0.72	0.7986666666666666	0.6613333333333333	0.6813333333333333	0.824	0.8666666666666667	0.9533333333333334	0.7186666666666667	0.9173333333333333	0.888	0.88	0.9013333333333333	0.9426666666666667	0.976	0.9773333333333334	0.904	0.9253333333333333	0.892	0.9213333333333333	0.888	0.9026666666666666	0.8453333333333334	0.8093333333333333	0.7733333333333333	0.872	0.8106666666666666	0.8386666666666667	0.8093333333333333	0.736	0.76	0.7906666666666666	0.8266666666666667	0.7213333333333334	0.7666666666666667	0.6586666666666666	0.72	0.7826666666666666	0.76	0.756	0.864	0.9013333333333333	0.8173333333333334	0.8493333333333334	0.9146666666666666	0.824	0.8093333333333333	0.8	0.784	0.768	0.9133333333333333	0.8186666666666667	0.9693333333333334	0.8573333333333333	0.7413333333333333	0.888	0.7986666666666666	0.6573333333333333	0.9506666666666667	0.844	0.8813333333333333	0.956	0.9706666666666667	0.8866666666666667	0.896	0.8413333333333334	0.9866666666666667	0.8493333333333334	0.7293333333333333	0.7866666666666666	0.7493333333333333	0.792	0.7786666666666666	0.7293333333333333	0.732	0.748	0.8666666666666667	0.816	0.8093333333333333	0.8026666666666666	0.852	0.8253333333333334	0.86	0.9	0.7653333333333333	0.7786666666666666	0.7813333333333333	0.8026666666666666	0.7813333333333333	0.764	0.8306666666666667	0.8133333333333334	0.86	0.8133333333333334	0.8546666666666667	0.7666666666666667	0.9213333333333333	0.8946666666666667	0.8826666666666667	0.92	0.84	0.8546666666666667	0.7693333333333333	0.904	0.8306666666666667	0.7946666666666666	0.6973333333333334	0.6866666666666666	0.872	0.904	0.9613333333333334	0.8386666666666667	0.776	0.8493333333333334	0.7973333333333333	0.8653333333333333	0.792	0.896	0.7093333333333334	0.8026666666666666	0.808	0.9213333333333333	0.908	0.8653333333333333	0.8013333333333333	0.8053333333333333	0.776	0.8813333333333333	0.8093333333333333	0.76	0.8266666666666667	0.9333333333333333	0.9186666666666666	0.916	0.9053333333333333	0.6946666666666667	0.808	0.836	0.872	0.7813333333333333	0.8146666666666667	0.8773333333333333	0.9053333333333333	0.9133333333333333	0.844	0.828	0.8973333333333333	0.816	0.8426666666666667	0.9466666666666667	0.8706666666666667	0.7986666666666666	0.872	0.888	0.896	0.9333333333333333	0.8653333333333333	0.892	0.8186666666666667	0.632	0.716	0.52	0.8786666666666667	0.7613333333333333	0.7626666666666667	0.6693333333333333	0.6146666666666667	0.6306666666666667	0.7653333333333333	0.5826666666666667	0.44533333333333336	0.548	0.5866666666666667	0.5773333333333334	0.572	0.5253333333333333	0.816	0.48133333333333334	0.7826666666666666	0.6626666666666666	0.5106666666666667	0.8893333333333333	0.42533333333333334	0.656	0.668	0.536	0.0	0.7186666666666667	0.5586666666666666	0.576	0.64	0.5906666666666667	0.664	0.5693333333333334	0.488
S8-female-3	0.7826666666666666	0.7653333333333333	0.78	0.7346666666666667	0.6653333333333333	0.776	0.428	0.7973333333333333	0.7453333333333333	0.724	0.9146666666666666	0.7493333333333333	0.8	0.876	0.8813333333333333	0.8213333333333334	0.924	0.936	0.84	0.6466666666666666	0.7826666666666666	0.8133333333333334	0.8346666666666667	0.7746666666666666	0.916	0.772	0.92	0.872	0.928	0.9186666666666666	0.8653333333333333	0.8906666666666667	0.9493333333333334	0.9213333333333333	0.9613333333333334	0.8653333333333333	0.7986666666666666	0.8146666666666667	0.796	0.7986666666666666	0.7973333333333333	0.7546666666666667	0.7786666666666666	0.832	0.7213333333333334	0.876	0.9173333333333333	0.8706666666666667	0.7386666666666667	0.7706666666666667	0.776	0.784	0.744	0.752	0.748	0.6053333333333333	0.8546666666666667	0.7933333333333333	0.8093333333333333	0.7733333333333333	0.7906666666666666	0.7693333333333333	0.74	0.7906666666666666	0.7813333333333333	0.8693333333333333	0.8226666666666667	0.712	0.6666666666666666	0.8586666666666667	0.8173333333333334	0.9706666666666667	0.74	0.8413333333333334	0.888	0.712	0.816	0.9253333333333333	0.792	0.664	0.9706666666666667	0.9586666666666667	0.9066666666666666	0.944	0.94	0.9733333333333334	0.92	0.7573333333333333	0.88	0.728	0.8613333333333333	0.9133333333333333	0.8546666666666667	0.8106666666666666	0.8506666666666667	0.948	0.936	0.8533333333333334	0.8946666666666667	0.9226666666666666	0.92	0.9146666666666666	0.9493333333333334	0.8186666666666667	0.8626666666666667	0.8906666666666667	0.86	0.792	0.7746666666666666	0.7613333333333333	0.7626666666666667	0.876	0.844	0.8973333333333333	0.9026666666666666	0.82	0.788	0.8026666666666666	0.8946666666666667	0.8066666666666666	0.8853333333333333	0.7533333333333333	0.908	0.808	0.7866666666666666	0.812	0.796	0.7973333333333333	0.7986666666666666	0.9586666666666667	0.84	0.8066666666666666	0.8506666666666667	0.8613333333333333	0.9266666666666666	0.7386666666666667	0.8453333333333334	0.836	0.7373333333333333	0.86	0.8746666666666667	0.8306666666666667	0.7493333333333333	0.7506666666666667	0.7933333333333333	0.7986666666666666	0.8213333333333334	0.9013333333333333	0.9	0.9266666666666666	0.9413333333333334	0.92	0.936	0.916	0.884	0.8733333333333333	0.9093333333333333	0.8693333333333333	0.904	0.9186666666666666	0.9333333333333333	0.932	0.9133333333333333	0.892	0.872	0.9293333333333333	0.912	0.92	0.932	0.8986666666666666	0.8893333333333333	0.892	0.8093333333333333	0.8306666666666667	0.948	0.8906666666666667	0.92	0.896	0.728	0.6293333333333333	0.688	0.7466666666666667	0.29733333333333334	0.8133333333333334	0.7506666666666667	0.892	0.7	0.348	0.7586666666666667	0.6973333333333334	0.828	0.86	0.452	0.752	0.816	0.564	0.5706666666666667	0.41733333333333333	0.6933333333333334	0.6933333333333334	0.4013333333333333	0.7653333333333333	0.8186666666666667	0.4826666666666667	0.728	0.7186666666666667	0.0	0.6653333333333333	0.8026666666666666	0.512	0.7733333333333333	0.5333333333333333	0.6746666666666666	0.652
S8-male-1	0.456	0.7586666666666667	0.7546666666666667	0.444	0.39866666666666667	0.7666666666666667	0.636	0.4573333333333333	0.7013333333333334	0.4106666666666667	0.916	0.48933333333333334	0.5026666666666667	0.924	0.8866666666666667	0.904	0.9426666666666667	0.98	0.8933333333333333	0.8866666666666667	0.876	0.94	0.8773333333333333	0.876	0.964	0.6946666666666667	0.9706666666666667	0.928	0.9786666666666667	0.9666666666666667	0.9186666666666666	0.9186666666666666	0.9413333333333334	0.9626666666666667	0.972	0.944	0.7493333333333333	0.6773333333333333	0.6333333333333333	0.6866666666666666	0.6413333333333333	0.6053333333333333	0.908	0.8546666666666667	0.9106666666666666	0.9026666666666666	0.9093333333333333	0.88	0.6546666666666666	0.74	0.6893333333333334	0.8093333333333333	0.6693333333333333	0.7186666666666667	0.82	0.884	0.9013333333333333	0.92	0.8706666666666667	0.6826666666666666	0.716	0.7093333333333334	0.6466666666666666	0.7813333333333333	0.9226666666666666	0.9293333333333333	0.904	0.9013333333333333	0.896	0.9146666666666666	0.9093333333333333	0.976	0.756	0.884	0.96	0.772	0.812	0.948	0.9133333333333333	0.9013333333333333	0.9613333333333334	0.9613333333333334	0.9186666666666666	0.7506666666666667	0.7773333333333333	0.9773333333333334	0.7533333333333333	0.596	0.7826666666666666	0.604	0.748	0.772	0.6973333333333334	0.6586666666666666	0.692	0.7693333333333333	0.7586666666666667	0.676	0.7173333333333334	0.7666666666666667	0.7493333333333333	0.7386666666666667	0.8306666666666667	0.644	0.7733333333333333	0.7093333333333334	0.7813333333333333	0.672	0.668	0.584	0.588	0.6906666666666667	0.7013333333333334	0.7373333333333333	0.7226666666666667	0.8173333333333334	0.7333333333333333	0.728	0.8866666666666667	0.7386666666666667	0.86	0.6786666666666666	0.9106666666666666	0.8253333333333334	0.7346666666666667	0.8306666666666667	0.824	0.7813333333333333	0.74	0.9706666666666667	0.828	0.7786666666666666	0.8146666666666667	0.8386666666666667	0.8986666666666666	0.7906666666666666	0.8613333333333333	0.8746666666666667	0.6866666666666666	0.864	0.8906666666666667	0.848	0.7773333333333333	0.6706666666666666	0.6946666666666667	0.7933333333333333	0.7933333333333333	0.9666666666666667	0.9346666666666666	0.9693333333333334	0.9573333333333334	0.9333333333333333	0.924	0.9586666666666667	0.908	0.9466666666666667	0.888	0.8893333333333333	0.9426666666666667	0.9653333333333334	0.9733333333333334	0.9306666666666666	0.9266666666666666	0.9386666666666666	0.872	0.9226666666666666	0.932	0.9346666666666666	0.9866666666666667	0.9213333333333333	0.888	0.924	0.896	0.8626666666666667	0.944	0.896	0.9226666666666666	0.928	0.5893333333333334	0.624	0.6546666666666666	0.7586666666666667	0.6986666666666667	0.5973333333333334	0.7653333333333333	0.8706666666666667	0.46	0.796	0.444	0.62	0.7933333333333333	0.864	0.564	0.3626666666666667	0.8373333333333334	0.7346666666666667	0.5546666666666666	0.7306666666666667	0.37466666666666665	0.7693333333333333	0.8613333333333333	0.48533333333333334	0.844	0.6373333333333333	0.43066666666666664	0.5586666666666666	0.6653333333333333	0.0	0.804	0.7533333333333333	0.364	0.5213333333333333	0.33866666666666667	0.7546666666666667
S8-male-2	0.696	0.408	0.9093333333333333	0.7013333333333334	0.9106666666666666	0.412	0.7346666666666667	0.6826666666666666	0.552	0.8346666666666667	0.652	0.5	0.86	0.8786666666666667	0.7933333333333333	0.7813333333333333	0.892	0.8866666666666667	0.8306666666666667	0.6746666666666666	0.68	0.74	0.656	0.664	0.76	0.852	0.912	0.6173333333333333	0.8906666666666667	0.8626666666666667	0.8226666666666667	0.84	0.916	0.9146666666666666	0.884	0.8186666666666667	0.9306666666666666	0.9066666666666666	0.936	0.888	0.9173333333333333	0.8426666666666667	0.7746666666666666	0.7466666666666667	0.8146666666666667	0.7786666666666666	0.7786666666666666	0.8146666666666667	0.664	0.7333333333333333	0.7026666666666667	0.8306666666666667	0.7106666666666667	0.7266666666666667	0.56	0.7093333333333334	0.796	0.7	0.7493333333333333	0.8653333333333333	0.888	0.812	0.8013333333333333	0.8933333333333333	0.7466666666666667	0.816	0.7226666666666667	0.764	0.6973333333333334	0.856	0.7733333333333333	0.956	0.8146666666666667	0.6546666666666666	0.7546666666666667	0.756	0.5786666666666667	0.9	0.8173333333333334	0.86	0.88	0.8853333333333333	0.8093333333333333	0.8546666666666667	0.8506666666666667	0.94	0.8586666666666667	0.7986666666666666	0.8106666666666666	0.8026666666666666	0.832	0.744	0.7173333333333334	0.752	0.768	0.8466666666666667	0.8373333333333334	0.828	0.8453333333333334	0.8426666666666667	0.836	0.8746666666666667	0.8586666666666667	0.7973333333333333	0.8133333333333334	0.8266666666666667	0.804	0.7746666666666666	0.7866666666666666	0.808	0.7933333333333333	0.8573333333333333	0.8346666666666667	0.8693333333333333	0.6693333333333333	0.9346666666666666	0.9226666666666666	0.908	0.9506666666666667	0.8706666666666667	0.888	0.8133333333333334	0.9333333333333333	0.8346666666666667	0.824	0.6786666666666666	0.6773333333333333	0.872	0.912	0.96	0.864	0.8213333333333334	0.8946666666666667	0.836	0.9	0.7973333333333333	0.908	0.7506666666666667	0.8253333333333334	0.8186666666666667	0.9253333333333333	0.896	0.88	0.84	0.8506666666666667	0.832	0.9013333333333333	0.74	0.756	0.7986666666666666	0.9146666666666666	0.9106666666666666	0.9093333333333333	0.892	0.684	0.744	0.776	0.8733333333333333	0.7226666666666667	0.764	0.864	0.864	0.9026666666666666	0.7973333333333333	0.868	0.9026666666666666	0.7773333333333333	0.8386666666666667	0.896	0.8213333333333334	0.8026666666666666	0.8573333333333333	0.888	0.9146666666666666	0.9333333333333333	0.872	0.9013333333333333	0.7826666666666666	0.94	0.74	0.6133333333333333	0.868	0.8533333333333334	0.888	0.8906666666666667	0.58	0.8733333333333333	0.7573333333333333	0.828	0.688	0.496	0.37733333333333335	0.684	0.8213333333333334	0.392	0.8093333333333333	0.572	0.7066666666666667	0.8653333333333333	0.492	0.8813333333333333	0.588	0.49333333333333335	0.6813333333333333	0.9293333333333333	0.576	0.8026666666666666	0.804	0.0	0.6186666666666667	0.816	0.7453333333333333	0.8146666666666667	0.536
S8-male-3	0.7493333333333333	0.6093333333333333	0.86	0.712	0.7986666666666666	0.6053333333333333	0.5186666666666667	0.6346666666666667	0.596	0.7546666666666667	0.8266666666666667	0.6306666666666667	0.764	0.816	0.812	0.792	0.8946666666666667	0.9226666666666666	0.8133333333333334	0.6786666666666666	0.7773333333333333	0.7866666666666666	0.828	0.752	0.9066666666666666	0.868	0.9226666666666666	0.7546666666666667	0.9026666666666666	0.872	0.856	0.8746666666666667	0.9493333333333334	0.9266666666666666	0.9666666666666667	0.8693333333333333	0.8973333333333333	0.904	0.8906666666666667	0.888	0.8826666666666667	0.8413333333333334	0.7693333333333333	0.792	0.7346666666666667	0.864	0.8013333333333333	0.8666666666666667	0.8133333333333334	0.8506666666666667	0.8626666666666667	0.8653333333333333	0.84	0.856	0.684	0.6866666666666666	0.868	0.7453333333333333	0.8186666666666667	0.8933333333333333	0.8906666666666667	0.8626666666666667	0.848	0.9	0.744	0.848	0.776	0.7333333333333333	0.5893333333333334	0.884	0.804	0.7906666666666666	0.7933333333333333	0.7933333333333333	0.848	0.7573333333333333	0.7733333333333333	0.928	0.7653333333333333	0.7773333333333333	0.9653333333333334	0.9586666666666667	0.8573333333333333	0.9106666666666666	0.936	0.98	0.9253333333333333	0.808	0.8853333333333333	0.8333333333333334	0.896	0.8546666666666667	0.8333333333333334	0.8293333333333334	0.8506666666666667	0.9386666666666666	0.9173333333333333	0.884	0.9026666666666666	0.9026666666666666	0.8733333333333333	0.9066666666666666	0.9146666666666666	0.876	0.9	0.8906666666666667	0.7573333333333333	0.804	0.8346666666666667	0.8493333333333334	0.88	0.8946666666666667	0.8973333333333333	0.896	0.784	0.9013333333333333	0.868	0.8893333333333333	0.9	0.8946666666666667	0.8853333333333333	0.852	0.8893333333333333	0.816	0.864	0.796	0.7906666666666666	0.84	0.8573333333333333	0.8946666666666667	0.8586666666666667	0.8466666666666667	0.8986666666666666	0.8693333333333333	0.9106666666666666	0.724	0.824	0.7453333333333333	0.82	0.8586666666666667	0.8573333333333333	0.8746666666666667	0.82	0.8546666666666667	0.8786666666666667	0.872	0.8826666666666667	0.8586666666666667	0.8293333333333334	0.8813333333333333	0.9186666666666666	0.9173333333333333	0.9293333333333333	0.808	0.8053333333333333	0.8146666666666667	0.8373333333333334	0.8653333333333333	0.8266666666666667	0.84	0.8826666666666667	0.8866666666666667	0.8853333333333333	0.7346666666666667	0.78	0.9013333333333333	0.7493333333333333	0.8706666666666667	0.9093333333333333	0.8266666666666667	0.8693333333333333	0.8866666666666667	0.8	0.8426666666666667	0.9093333333333333	0.8746666666666667	0.7413333333333333	0.7146666666666667	0.8213333333333334	0.584	0.7826666666666666	0.8	0.5626666666666666	0.7853333333333333	0.7706666666666667	0.8186666666666667	0.7346666666666667	0.524	0.7453333333333333	0.6813333333333333	0.7266666666666667	0.6666666666666666	0.41733333333333333	0.7386666666666667	0.656	0.7173333333333334	0.664	0.49066666666666664	0.7386666666666667	0.5533333333333333	0.6533333333333333	0.7226666666666667	0.6906666666666667	0.42	0.8186666666666667	0.64	0.512	0.7533333333333333	0.6186666666666667	0.0	0.7293333333333333	0.5973333333333334	0.7453333333333333	0.5493333333333333
S9-female-1	0.208	0.784	0.8106666666666666	0.49333333333333335	0.5013333333333333	0.7733333333333333	0.8173333333333334	0.35733333333333334	0.6866666666666666	0.30266666666666664	0.912	0.5226666666666666	0.47733333333333333	0.9586666666666667	0.9213333333333333	0.9533333333333334	0.9213333333333333	0.9253333333333333	0.9	0.8653333333333333	0.88	0.904	0.8906666666666667	0.8933333333333333	0.9133333333333333	0.876	0.932	0.876	0.9053333333333333	0.9	0.9013333333333333	0.916	0.9626666666666667	0.9506666666666667	0.9533333333333334	0.9186666666666666	0.8773333333333333	0.86	0.86	0.884	0.8493333333333334	0.8506666666666667	0.9506666666666667	0.9146666666666666	0.9573333333333334	0.9466666666666667	0.9666666666666667	0.924	0.8093333333333333	0.8813333333333333	0.8053333333333333	0.8866666666666667	0.8253333333333334	0.8693333333333333	0.8226666666666667	0.8706666666666667	0.9173333333333333	0.9066666666666666	0.8906666666666667	0.876	0.888	0.8613333333333333	0.7853333333333333	0.9106666666666666	0.8946666666666667	0.908	0.876	0.8746666666666667	0.8893333333333333	0.9146666666666666	0.88	0.972	0.896	0.8826666666666667	0.9093333333333333	0.8693333333333333	0.8426666666666667	0.9426666666666667	0.8866666666666667	0.9373333333333334	0.964	0.9546666666666667	0.9226666666666666	0.7106666666666667	0.776	0.9693333333333334	0.6866666666666666	0.7146666666666667	0.8586666666666667	0.7893333333333333	0.8573333333333333	0.8226666666666667	0.7226666666666667	0.6786666666666666	0.652	0.8146666666666667	0.752	0.788	0.7146666666666667	0.668	0.7866666666666666	0.78	0.852	0.708	0.904	0.6773333333333333	0.8786666666666667	0.7213333333333334	0.832	0.7146666666666667	0.8213333333333334	0.6266666666666667	0.8253333333333334	0.628	0.768	0.9306666666666666	0.932	0.944	0.944	0.9346666666666666	0.936	0.9146666666666666	0.9413333333333334	0.936	0.9	0.876	0.876	0.916	0.936	0.9666666666666667	0.9386666666666666	0.916	0.9493333333333334	0.92	0.94	0.8866666666666667	0.944	0.896	0.8773333333333333	0.9213333333333333	0.9333333333333333	0.92	0.928	0.9106666666666666	0.9306666666666666	0.9373333333333334	0.9253333333333333	0.9266666666666666	0.92	0.92	0.9733333333333334	0.9626666666666667	0.972	0.9373333333333334	0.924	0.92	0.9426666666666667	0.928	0.9226666666666666	0.9266666666666666	0.924	0.972	0.9546666666666667	0.9133333333333333	0.9413333333333334	0.9653333333333334	0.916	0.9226666666666666	0.9573333333333334	0.9306666666666666	0.9453333333333334	0.9586666666666667	0.932	0.9373333333333334	0.948	0.948	0.9546666666666667	0.9213333333333333	0.764	0.584	0.8186666666666667	0.8253333333333334	0.7693333333333333	0.39466666666666667	0.7826666666666666	0.8973333333333333	0.5146666666666667	0.8053333333333333	0.36533333333333334	0.7066666666666667	0.8186666666666667	0.8626666666666667	0.6173333333333333	0.3466666666666667	0.86	0.868	0.752	0.8333333333333334	0.4053333333333333	0.7773333333333333	0.8893333333333333	0.3893333333333333	0.8453333333333334	0.7266666666666667	0.5693333333333334	0.5906666666666667	0.7733333333333333	0.364	0.816	0.7293333333333333	0.0	0.7	0.20266666666666666	0.7693333333333333
S9-female-3	0.7133333333333334	0.7466666666666667	0.7413333333333333	0.6493333333333333	0.5973333333333334	0.6386666666666667	0.384	0.7333333333333333	0.696	0.672	0.9213333333333333	0.7	0.7146666666666667	0.8853333333333333	0.652	0.804	0.9226666666666666	0.9586666666666667	0.8546666666666667	0.8213333333333334	0.8373333333333334	0.872	0.828	0.7946666666666666	0.9373333333333334	0.6413333333333333	0.932	0.8493333333333334	0.9306666666666666	0.9266666666666666	0.8733333333333333	0.8613333333333333	0.9346666666666666	0.9253333333333333	0.9413333333333334	0.8866666666666667	0.78	0.756	0.704	0.6506666666666666	0.728	0.6173333333333333	0.816	0.756	0.6666666666666666	0.8333333333333334	0.68	0.8546666666666667	0.56	0.6226666666666667	0.7013333333333334	0.7946666666666666	0.6106666666666667	0.6066666666666667	0.7293333333333333	0.8053333333333333	0.8466666666666667	0.852	0.8133333333333334	0.6186666666666667	0.6533333333333333	0.656	0.616	0.7573333333333333	0.6853333333333333	0.864	0.768	0.784	0.7733333333333333	0.8653333333333333	0.844	0.9626666666666667	0.6	0.6253333333333333	0.82	0.49733333333333335	0.6253333333333333	0.9106666666666666	0.8386666666666667	0.8413333333333334	0.9493333333333334	0.944	0.6613333333333333	0.872	0.8573333333333333	0.9546666666666667	0.8466666666666667	0.72	0.8426666666666667	0.6826666666666666	0.824	0.8746666666666667	0.804	0.7586666666666667	0.8093333333333333	0.9106666666666666	0.904	0.8106666666666666	0.8533333333333334	0.8893333333333333	0.8853333333333333	0.8653333333333333	0.9213333333333333	0.7626666666666667	0.816	0.8493333333333334	0.8026666666666666	0.7506666666666667	0.748	0.6653333333333333	0.6466666666666666	0.848	0.8053333333333333	0.8706666666666667	0.8666666666666667	0.7933333333333333	0.6986666666666667	0.724	0.8733333333333333	0.752	0.8613333333333333	0.5853333333333334	0.8946666666666667	0.64	0.68	0.8106666666666666	0.7693333333333333	0.7266666666666667	0.6493333333333333	0.9426666666666667	0.8173333333333334	0.7426666666666667	0.8333333333333334	0.832	0.9066666666666666	0.6866666666666666	0.784	0.8333333333333334	0.62	0.8533333333333334	0.856	0.8306666666666667	0.7786666666666666	0.6706666666666666	0.672	0.756	0.768	0.908	0.9013333333333333	0.9413333333333334	0.9253333333333333	0.9013333333333333	0.9186666666666666	0.9093333333333333	0.8746666666666667	0.836	0.696	0.8373333333333334	0.8533333333333334	0.808	0.9493333333333334	0.88	0.9	0.864	0.8533333333333334	0.9106666666666666	0.8946666666666667	0.9253333333333333	0.9266666666666666	0.82	0.8333333333333334	0.8306666666666667	0.868	0.8133333333333334	0.9253333333333333	0.8706666666666667	0.916	0.8506666666666667	0.5466666666666666	0.5333333333333333	0.6373333333333333	0.7973333333333333	0.612	0.732	0.7373333333333333	0.884	0.6306666666666667	0.47333333333333333	0.6973333333333334	0.6613333333333333	0.8213333333333334	0.7813333333333333	0.3506666666666667	0.6986666666666667	0.7466666666666667	0.5626666666666666	0.5453333333333333	0.5266666666666666	0.6413333333333333	0.7306666666666667	0.7306666666666667	0.688	0.844	0.448	0.5373333333333333	0.664	0.5333333333333333	0.5213333333333333	0.7453333333333333	0.5973333333333334	0.7	0.0	0.6093333333333333	0.7253333333333334
S9-male-1	0.25466666666666665	0.788	0.8213333333333334	0.4493333333333333	0.42933333333333334	0.7786666666666666	0.752	0.37733333333333335	0.6973333333333334	0.18266666666666667	0.924	0.5413333333333333	0.444	0.9213333333333333	0.8866666666666667	0.908	0.9453333333333334	0.972	0.8973333333333333	0.8826666666666667	0.872	0.928	0.88	0.872	0.9613333333333334	0.8146666666666667	0.9586666666666667	0.92	0.9626666666666667	0.9546666666666667	0.9066666666666666	0.9013333333333333	0.9453333333333334	0.956	0.9666666666666667	0.916	0.8613333333333333	0.8573333333333333	0.8586666666666667	0.84	0.86	0.8226666666666667	0.908	0.864	0.92	0.904	0.9226666666666666	0.876	0.7666666666666667	0.8413333333333334	0.7946666666666666	0.848	0.7813333333333333	0.8093333333333333	0.836	0.8893333333333333	0.8933333333333333	0.9133333333333333	0.8773333333333333	0.8053333333333333	0.828	0.832	0.7426666666666667	0.8506666666666667	0.8946666666666667	0.908	0.8853333333333333	0.8746666666666667	0.8853333333333333	0.9106666666666666	0.9066666666666666	0.968	0.8466666666666667	0.8773333333333333	0.9546666666666667	0.8053333333333333	0.844	0.9333333333333333	0.888	0.8786666666666667	0.9626666666666667	0.956	0.9226666666666666	0.68	0.7173333333333334	0.9826666666666667	0.6293333333333333	0.6066666666666667	0.804	0.6773333333333333	0.7653333333333333	0.7986666666666666	0.6853333333333333	0.5826666666666667	0.5813333333333334	0.7706666666666667	0.7306666666666667	0.6866666666666666	0.6413333333333333	0.6653333333333333	0.7693333333333333	0.748	0.8493333333333334	0.5973333333333334	0.82	0.6106666666666667	0.8053333333333333	0.6253333333333333	0.724	0.612	0.716	0.5386666666666666	0.7146666666666667	0.56	0.716	0.872	0.836	0.856	0.8866666666666667	0.86	0.868	0.8093333333333333	0.9093333333333333	0.8413333333333334	0.8586666666666667	0.8453333333333334	0.8453333333333334	0.852	0.86	0.968	0.8653333333333333	0.8333333333333334	0.86	0.8573333333333333	0.9173333333333333	0.8293333333333334	0.848	0.872	0.788	0.8866666666666667	0.88	0.86	0.836	0.804	0.8426666666666667	0.8306666666666667	0.856	0.9573333333333334	0.9306666666666666	0.96	0.9586666666666667	0.9213333333333333	0.932	0.9506666666666667	0.92	0.9186666666666666	0.9173333333333333	0.884	0.9413333333333334	0.956	0.9626666666666667	0.952	0.9253333333333333	0.932	0.8866666666666667	0.9266666666666666	0.94	0.944	0.9786666666666667	0.924	0.9	0.92	0.8933333333333333	0.8386666666666667	0.9426666666666667	0.9	0.9293333333333333	0.9346666666666666	0.7013333333333334	0.5773333333333334	0.744	0.864	0.6893333333333334	0.416	0.748	0.872	0.4226666666666667	0.7706666666666667	0.348	0.6146666666666667	0.8093333333333333	0.888	0.556	0.3973333333333333	0.8453333333333334	0.7693333333333333	0.668	0.788	0.42933333333333334	0.76	0.852	0.38	0.8253333333333334	0.6453333333333333	0.49333333333333335	0.5693333333333334	0.6746666666666666	0.33866666666666667	0.8146666666666667	0.7453333333333333	0.20266666666666666	0.6093333333333333	0.0	0.732
S9-male-2	0.6386666666666667	0.43866666666666665	0.9333333333333333	0.672	0.844	0.432	0.7186666666666667	0.676	0.468	0.7506666666666667	0.5786666666666667	0.5266666666666666	0.784	0.8746666666666667	0.8546666666666667	0.8093333333333333	0.9173333333333333	0.9106666666666666	0.8973333333333333	0.5453333333333333	0.6506666666666666	0.7133333333333334	0.7013333333333334	0.676	0.72	0.916	0.9613333333333334	0.6626666666666666	0.924	0.896	0.8493333333333334	0.9026666666666666	0.944	0.944	0.976	0.86	0.9586666666666667	0.956	0.9586666666666667	0.936	0.96	0.876	0.788	0.8106666666666666	0.7986666666666666	0.864	0.8373333333333334	0.856	0.712	0.7613333333333333	0.7546666666666667	0.8533333333333334	0.752	0.76	0.5466666666666666	0.648	0.8293333333333334	0.6613333333333333	0.7853333333333333	0.8853333333333333	0.9333333333333333	0.84	0.8666666666666667	0.936	0.7853333333333333	0.832	0.8066666666666666	0.7173333333333334	0.6973333333333334	0.9053333333333333	0.7933333333333333	0.9666666666666667	0.8973333333333333	0.7373333333333333	0.9173333333333333	0.8346666666666667	0.6986666666666667	0.928	0.792	0.7626666666666667	0.9506666666666667	0.9573333333333334	0.904	0.9093333333333333	0.8946666666666667	0.98	0.8866666666666667	0.8173333333333334	0.8666666666666667	0.8373333333333334	0.8826666666666667	0.8426666666666667	0.7746666666666666	0.816	0.7973333333333333	0.912	0.8946666666666667	0.8933333333333333	0.8906666666666667	0.9226666666666666	0.9106666666666666	0.9586666666666667	0.92	0.8613333333333333	0.8693333333333333	0.8386666666666667	0.8706666666666667	0.7666666666666667	0.8013333333333333	0.8306666666666667	0.848	0.9026666666666666	0.8786666666666667	0.8826666666666667	0.7986666666666666	0.948	0.916	0.92	0.952	0.9013333333333333	0.896	0.8786666666666667	0.9506666666666667	0.884	0.8413333333333334	0.6306666666666667	0.6666666666666666	0.8973333333333333	0.9213333333333333	0.9706666666666667	0.916	0.888	0.908	0.8786666666666667	0.904	0.8426666666666667	0.9066666666666666	0.768	0.8333333333333334	0.856	0.9293333333333333	0.94	0.8546666666666667	0.8613333333333333	0.9066666666666666	0.88	0.9333333333333333	0.812	0.776	0.82	0.9506666666666667	0.932	0.932	0.9346666666666666	0.7626666666666667	0.812	0.9106666666666666	0.9226666666666666	0.8026666666666666	0.84	0.8826666666666667	0.9493333333333334	0.9093333333333333	0.8693333333333333	0.884	0.9013333333333333	0.868	0.8573333333333333	0.968	0.904	0.8893333333333333	0.8933333333333333	0.8333333333333334	0.92	0.944	0.888	0.8906666666666667	0.8626666666666667	0.84	0.7493333333333333	0.5573333333333333	0.7893333333333333	0.6706666666666666	0.8133333333333334	0.8026666666666666	0.5453333333333333	0.728	0.7	0.7613333333333333	0.5986666666666667	0.43333333333333335	0.5346666666666666	0.5826666666666667	0.7706666666666667	0.4666666666666667	0.86	0.43466666666666665	0.6773333333333333	0.7893333333333333	0.31466666666666665	0.7853333333333333	0.4693333333333333	0.6453333333333333	0.5106666666666667	0.804	0.488	0.652	0.7546666666666667	0.536	0.5493333333333333	0.7693333333333333	0.7253333333333334	0.732	0.0
