Eigvals	214
6.390775041572138	3.3688290271521435	2.125864379527415	1.3887800721506869	1.2647996389104275	1.195487324864842	1.0054847827595834	0.9519782212072856	0.9283294630729804	0.7904088712852108	0.7100273187346123	0.6820050146265372	0.6473089649227851	0.5886231802457553	0.5701281059938564	0.5365048097705801	0.48975489735853983	0.465041985890401	0.4435316523564288	0.42015835640257015	0.4014747176273363	0.3795391070270505	0.3722546380851678	0.33277800420805753	0.32368944441708725	0.3164840700955191	0.3056870557509131	0.27916886917856126	0.26755825049445436	0.25235063680492414	0.2383169588551997	0.22424936098543652	0.21951842421178397	0.2113820236153035	0.20470663448775184	0.19300776465395875	0.18680699828382363	0.17956843530004302	0.17604569527216968	0.1704625168019539	0.16585502467021557	0.15662730629003818	0.1520705334261001	0.14770218716571676	0.14386892447204253	0.13667802562079867	0.12873194764733625	0.12574939631061172	0.12045469858873402	0.11739373150582515	0.11426214718634588	0.1064021352616941	0.10524155477256074	0.10220691552608278	0.09896541102218669	0.0949952749572696	0.0943259276955407	0.0877364004688521	0.08240603367954004	0.08139160108871805	0.07484646808609353	0.07213007749993579	0.07085991179248886	0.06683947410572523	0.06631566988645828	0.06380164167206066	0.06062436599051517	0.05982040496022094	0.05678222565120804	0.05377049657461326	0.05264729204214115	0.0512541601588397	0.048341243379129206	0.04747742799647199	0.043156783543863764	0.041703505609591476	0.04026647279479578	0.03894377680224641	0.03574302338837897	0.03504154991480182	0.033899739488866695	0.03251576748538178	0.02872364253454035	0.02822115152512175	0.026866188876079528	0.02427035777789935	0.0235499843398006	0.022294257469228793	0.02132133535694776	0.01967597228499071	0.016438355709103	0.015991929136607103	0.014200640681613835	0.013437913472821694	0.01231613591164002	0.010493197376288524	0.009752725478204743	0.008097551866849559	0.007631482495943767	0.0064060922941953785	0.006216897336059943	0.005306784369502951	0.004587265126671028	0.0030860477960110017	0.0016734199664044103	0.0011148931675318136	0.0008205407323476216	0.0006083112259005624	0.0	0.0	0.0	0.0	0.0	0.0	0.0	0.0	0.0	0.0	0.0	0.0	0.0	0.0	0.0	0.0	0.0	0.0	0.0	0.0	0.0	0.0	0.0	0.0	0.0	0.0	0.0	0.0	0.0	0.0	0.0	0.0	0.0	0.0	0.0	0.0	0.0	0.0	0.0	0.0	0.0	0.0	0.0	0.0	0.0	0.0	0.0	0.0	0.0	0.0	0.0	0.0	0.0	0.0	0.0	0.0	0.0	0.0	0.0	0.0	0.0	0.0	0.0	0.0	0.0	0.0	0.0	0.0	0.0	0.0	0.0	0.0	0.0	0.0	0.0	0.0	0.0	0.0	0.0	0.0	0.0	0.0	0.0	0.0	0.0	0.0	0.0	0.0	0.0	0.0	0.0	0.0	0.0	0.0	0.0	0.0	0.0	0.0	0.0	0.0	0.0	0.0	0.0	0.0	0.0	0.0

Proportion explained	214
0.18773305769040902	0.09896148276061001	0.06244861031841733	0.04079629273575837	0.03715428911732873	0.03511819606652803	0.029536751254852087	0.027964962177413073	0.027270264954266585	0.023218760364235015	0.020857501433344233	0.020034328531854443	0.019015110133727035	0.01729117810221095	0.016747873601749924	0.015760168015406324	0.014386859778646344	0.013660902378461471	0.013029022730061308	0.012342417382638327	0.011793573680076254	0.01114920124895329	0.010935215367864595	0.009775564286913455	0.009508582096418259	0.009296919669812302	0.008979750546559691	0.008200762048725213	0.007859692783563195	0.0074129595157610305	0.007000711352587363	0.006587466770315217	0.006448492511249558	0.006209480599136378	0.0060133868227107415	0.00566972512422608	0.005487573691400343	0.005274936326856926	0.005171453611133237	0.005007444213364321	0.004872096218708112	0.004601026156665914	0.004467168072570791	0.0043388451390959665	0.004226240623722975	0.004015003423210537	0.003781582358488231	0.003693968027124727	0.0035384329337426854	0.0034485150902532655	0.003356522820788785	0.0031256300006692775	0.00309153721497372	0.0030023927683263726	0.002907171523942852	0.0027905462667454865	0.0027708837677084125	0.002577312238910533	0.0024207293441192946	0.00239092974534497	0.002198662324949143	0.002118866633925197	0.00208155471315168	0.001963451814007194	0.0019480647338683298	0.001874213565467209	0.0017808790833516912	0.0017572622197476269	0.0016680137815249577	0.0015795423356038758	0.0015465474922678095	0.0015056233623278765	0.0014200545901061235	0.0013946794670558905	0.0012677578043459937	0.0012250668461288475	0.0011828530985680062	0.001143998067455057	0.001049973912107769	0.0010293676852844644	0.00099582628206354	0.0009551712293849483	0.00084377516121879	0.0008290141700954211	0.0007892112855460038	0.000712957105710355	0.0006917956804789074	0.0006549079096681762	0.0006263277074477899	0.0005779941268570085	0.0004828870928170447	0.0004697730299774479	0.00041715279899233595	0.0003947472049667645	0.0003617942798146191	0.00030824430770685045	0.0002864924775052209	0.00023787070611648096	0.00022417962365358374	0.00018818301167121288	0.00018262529014928042	0.00015589014629833965	0.00013475381359295694	9.065460529516173e-05	4.915776960535896e-05	3.275069173572478e-05	2.410390283511714e-05	1.7869526891940222e-05	0.0	0.0	0.0	0.0	0.0	0.0	0.0	0.0	0.0	0.0	0.0	0.0	0.0	0.0	0.0	0.0	0.0	0.0	0.0	0.0	0.0	0.0	0.0	0.0	0.0	0.0	0.0	0.0	0.0	0.0	0.0	0.0	0.0	0.0	0.0	0.0	0.0	0.0	0.0	0.0	0.0	0.0	0.0	0.0	0.0	0.0	0.0	0.0	0.0	0.0	0.0	0.0	0.0	0.0	0.0	0.0	0.0	0.0	0.0	0.0	0.0	0.0	0.0	0.0	0.0	0.0	0.0	0.0	0.0	0.0	0.0	0.0	0.0	0.0	0.0	0.0	0.0	0.0	0.0	0.0	0.0	0.0	0.0	0.0	0.0	0.0	0.0	0.0	0.0	0.0	0.0	0.0	0.0	0.0	0.0	0.0	0.0	0.0	0.0	0.0	0.0	0.0	0.0	0.0	0.0	0.0

Species	0	0

Site	214	214
S1-female-1	-0.2308439091080535	0.010224547342243517	-0.07355387796948755	-0.05218266126185961	0.0003506685343812429	0.018291275175925048	-0.02314312592945475	0.0799033241564958	0.041542337677283735	0.0034783994133678006	0.04962682590906597	-0.023811207780608617	0.01110800654341649	-0.010018341731443576	0.04821283535110584	-0.0684409493977302	-0.021012894240550327	0.023877447729845607	-0.0057384520002143075	-0.015989572424166553	-0.012932154854148186	-0.05165939430352574	-0.0016616756570193023	0.0037368239443733185	-0.025845521685172408	-0.050101411612107495	0.04223845585462468	-0.030091584546633143	-0.012817081088375872	0.025838495681366785	-0.042533754569498136	-0.0027832949566627234	0.05245759139271815	-0.0009921525844373959	-0.0023668844915281876	-0.004467138500445127	-0.0016536930031382686	0.02440986354325522	-0.03196452852028684	0.0038618426774255513	0.018500677762162257	-0.023348019378029317	-0.008154507864093311	-0.017796054518753233	0.006233097502806032	-0.011527348812420611	0.00048216221187158127	0.013128723365728491	0.001785829464017718	-0.008405815001783114	0.018855200145402415	-0.018614884996670765	0.010585493556422299	0.03570387626706934	0.03777957061843683	0.00202098653243969	-0.008292740204122327	0.005869438235499848	0.0018756278662907199	-0.015978363048001907	0.00011227774325549965	0.019874304255185875	-0.014301010556795793	-0.0037418733828916413	0.011447808736553685	0.0038674250915738504	0.01726548234570651	-0.01705689156089322	-0.005196260526160442	-0.0017398631188992127	0.0036817556927761174	-0.01936774279100317	-0.032641995342620696	0.017871039166141252	-0.006193234671329784	-0.012394967893628372	0.010010033971247445	-0.00031040552522999565	-0.02091596699028281	0.004506870045458188	-0.007091069515896671	0.007269155039236286	0.013368645527151786	-0.018834947190895287	0.007464926927105313	-0.012567778566207458	0.017211599462567975	-0.0025568023121092117	0.0038792863099553565	0.010429741614209436	0.006975597420609248	-0.0004943775973017229	0.008542661767436469	-0.0063740938716208605	-0.01044896499034266	-0.011551599637560198	0.005698385238156764	0.00584410709148354	-0.0057502454742983005	-0.0061608274754402816	-0.000939653429775123	-0.00017608300629876517	0.004720341576683411	-0.0033878155496389274	0.0008008557067708267	0.00024637222785977566	-0.0017125851529501235	0.0011026252706284767	0.0	0.0	0.0	0.0	0.0	0.0	0.0	0.0	0.0	0.0	0.0	0.0	0.0	0.0	0.0	0.0	0.0	0.0	0.0	0.0	0.0	0.0	0.0	0.0	0.0	0.0	0.0	0.0	0.0	0.0	0.0	0.0	0.0	0.0	0.0	0.0	0.0	0.0	0.0	0.0	0.0	0.0	0.0	0.0	0.0	0.0	0.0	0.0	0.0	0.0	0.0	0.0	0.0	0.0	0.0	0.0	0.0	0.0	0.0	0.0	0.0	0.0	0.0	0.0	0.0	0.0	0.0	0.0	0.0	0.0	0.0	0.0	0.0	0.0	0.0	0.0	0.0	0.0	0.0	0.0	0.0	0.0	0.0	0.0	0.0	0.0	0.0	0.0	0.0	0.0	0.0	0.0	0.0	0.0	0.0	0.0	0.0	0.0	0.0	0.0	0.0	0.0	0.0	0.0	0.0	0.0
S1-female-2	-0.2517700012185943	-0.03708522488279993	-0.047158115536558506	0.06802479522131905	-0.005851543127577713	0.03428519638384199	-0.014414466770308226	0.07862387829113375	0.05578061023536255	-0.11275912004713905	0.010826619493627511	-0.015393254738354957	-0.027293697193960326	-0.0074082873779533496	0.07408374471386564	0.03845814807954809	-0.03470510206744275	-0.010826219098897309	-0.009924654473074307	-0.018669117153240284	-0.014581097018245278	-0.0232634096664323	0.022457468086454494	0.02033976931765593	-0.0097738906566364	0.0056500364279108905	-0.0021548122419089554	0.0007241535701810607	-0.012593941489030131	0.014089682575051518	-0.010745156523500703	0.018947776142556497	-0.0015776385437099765	0.00844433024024593	0.0027293150593590155	0.005739313904812431	-0.00012089837172780032	0.009520508207480575	0.006078283226175083	-0.010647736687692217	0.014531131682156372	-0.002759171093557128	0.0047998754249005465	0.0009817553659584595	0.0075706737110082375	0.006185210823460843	-0.015620727948652552	0.010005430916424364	-0.017835208361690173	-0.024590503165258442	-0.015496199497058384	0.004066183740672529	0.006589929266587504	-0.0018448640029809316	0.005338781921053219	-0.005921617315942877	-0.004322620739166702	-0.002777712601896004	-0.00036104592836273065	-0.0022671340106197773	0.002548740379035557	-0.016417966325699185	-0.0015179676412697526	0.0009859880797400131	-0.014065509028818124	-0.00017897701659762936	-0.009322529416622668	0.005047349001339865	-0.016916598240291084	0.0039852759852039826	-0.0036793924200763358	0.006313870269613192	0.00870518019521627	0.014966186651954939	0.01765054315321192	0.023685161952247003	0.0013394582739969648	0.019723099227124487	0.0020809722537102797	-0.0049494308273800285	-0.00806718440811119	-0.012151155226164388	0.0017636526850702736	-0.004313506241605783	-0.0036160929535029845	0.003601743963108073	0.007244142480271364	0.002640487282596185	0.010681039690855675	-0.006343145154883029	-0.003027521833914891	-0.001042389863505669	0.010586144613604217	-0.0033686089328138847	-0.00882818031726316	0.0029733374943555903	0.0027031243294186927	-0.002289796629616323	-0.01662327945577533	0.002765971916158291	0.007265384324970325	0.007418515887641343	0.009809828743092653	0.008349298786121461	-1.9472729385822085e-05	-0.006456080629082464	0.0008152523520558753	-0.0008073797400318397	0.0	0.0	0.0	0.0	0.0	0.0	0.0	0.0	0.0	0.0	0.0	0.0	0.0	0.0	0.0	0.0	0.0	0.0	0.0	0.0	0.0	0.0	0.0	0.0	0.0	0.0	0.0	0.0	0.0	0.0	0.0	0.0	0.0	0.0	0.0	0.0	0.0	0.0	0.0	0.0	0.0	0.0	0.0	0.0	0.0	0.0	0.0	0.0	0.0	0.0	0.0	0.0	0.0	0.0	0.0	0.0	0.0	0.0	0.0	0.0	0.0	0.0	0.0	0.0	0.0	0.0	0.0	0.0	0.0	0.0	0.0	0.0	0.0	0.0	0.0	0.0	0.0	0.0	0.0	0.0	0.0	0.0	0.0	0.0	0.0	0.0	0.0	0.0	0.0	0.0	0.0	0.0	0.0	0.0	0.0	0.0	0.0	0.0	0.0	0.0	0.0	0.0	0.0	0.0	0.0	0.0
S1-female-3	-0.08429063812239988	-0.04514676328987968	-0.08636777987824819	0.09107496580712991	-0.030876029328156623	0.06288921723280295	-0.007925598317373423	0.022235360145771165	0.02316404729794013	0.0840332896798281	0.023612387796176217	0.05603432487048468	0.06757950767551663	-0.07302825408983907	-0.14046764854446864	-0.049128675916591806	0.07312971981951072	-0.04169645183454652	-0.08888320425114665	-0.04552633898625853	-0.07570118116308938	0.0364893128543346	0.13231002045378398	0.0502613716702786	0.10184019763042984	0.02914584804477658	0.15007789765019636	-0.04145362163383771	0.009143936079712426	0.09336862936559914	-0.09195393185216422	0.06551119678362533	-0.042013248321081546	-0.0003561757526567373	0.05275621852629178	0.014195477824815256	0.03859260477790667	-0.01932685755152831	0.07054601971637077	0.00361327383501124	-0.009250325212210038	-0.003370483830068643	-0.0013918535104187131	-0.09116059397246547	0.028682621165014795	0.05530324240427291	0.05539671201384516	0.013838397828217453	0.047345139764257284	-0.0016842699235556898	-0.006271828181078277	-0.0016475481244465275	0.054700613997455114	-0.021618146587741496	0.021546590127917303	0.006558676926975014	0.034952366146032386	-0.004896315653717806	-0.03236376917647076	0.009465221401613407	0.013564866645577628	0.03239820391220588	0.021870647956900087	0.024109869868554325	0.039284832814906315	0.027261998511633027	0.011919437372654187	-0.006793777409873934	-0.01337126453917212	-0.011219713648793102	-0.01256321117736561	0.014612263285999624	0.0053788837523654895	-0.0007384931256168325	-0.021671584047806895	-0.007170879287683433	-0.014743996229710756	-0.02214631866081702	0.015872601403991615	0.017072432030921757	0.015044902804267481	0.011016991784146064	-0.008157922678793261	0.016448197288124012	0.003666277500923905	0.014070493912788177	-0.008962193059678224	-0.004336704993215462	0.00635930899231712	0.004622181333205716	-0.0016487448631090928	-0.00025116728310843844	0.001501891119713082	-0.004662337561701144	0.002702866406152874	0.0054593265427534685	0.004499066933254828	-0.0012082311226721348	-0.0035492301076219448	-0.001712595630827612	-0.0026996384660688275	-0.001850879348616229	0.001164638166962833	0.00020256918786369302	-0.0002766893527617473	-0.0022643849662492797	0.00032611935710137504	4.5377911224078055e-05	0.0	0.0	0.0	0.0	0.0	0.0	0.0	0.0	0.0	0.0	0.0	0.0	0.0	0.0	0.0	0.0	0.0	0.0	0.0	0.0	0.0	0.0	0.0	0.0	0.0	0.0	0.0	0.0	0.0	0.0	0.0	0.0	0.0	0.0	0.0	0.0	0.0	0.0	0.0	0.0	0.0	0.0	0.0	0.0	0.0	0.0	0.0	0.0	0.0	0.0	0.0	0.0	0.0	0.0	0.0	0.0	0.0	0.0	0.0	0.0	0.0	0.0	0.0	0.0	0.0	0.0	0.0	0.0	0.0	0.0	0.0	0.0	0.0	0.0	0.0	0.0	0.0	0.0	0.0	0.0	0.0	0.0	0.0	0.0	0.0	0.0	0.0	0.0	0.0	0.0	0.0	0.0	0.0	0.0	0.0	0.0	0.0	0.0	0.0	0.0	0.0	0.0	0.0	0.0	0.0	0.0
S1-male-1	-0.08810518803868028	-0.09894577530288978	-0.02615930748539592	0.08514239501624331	0.029078057459172926	0.1493786849259899	0.020548403286847327	0.11709343159022763	0.1100117210833315	0.03796343854375622	-0.058627493811602774	-0.08179667121460348	-0.053061439026013346	-0.021873077139660316	-0.026043096554257742	0.019456089741864687	0.11218514646369158	0.0013546086589182507	0.03934416464226013	-0.0607584452608096	-0.059636842392113074	-0.024023634655423808	0.04013185103180724	0.009762407155138896	-0.020197944528930825	-0.020130132670726407	-0.021709145466389586	-0.05354976869267605	0.022326908136330863	-0.06029214341896141	-0.0012944502183965252	-0.0076356837319108105	-0.08325897592151624	0.04265758193434884	0.026616049116596912	-0.005494554557094562	-0.040600174642948274	0.018687061407110975	0.017467205494848093	0.02106263571983512	-0.03766560596299317	-0.019684337192100786	0.022611535778028376	0.02903299182775447	0.05856036621394742	0.06297968631411623	-0.02010796645629403	0.07960390807851822	0.0027055449596693074	0.020971249723323527	0.007040037243160044	-0.03870412880557662	-0.06919622469541387	-0.02913804872816192	0.0041506753512660964	0.0253424896032965	-0.06980959224654595	-0.020364997867973803	0.030027983941217414	0.026130237089994082	-0.01941999375393424	0.009438037141393473	-0.0007714400336088318	-0.004709265525344602	0.019880100053402492	-0.039985145743920106	0.00992243432209102	-0.02470044637243627	-0.027537168672957694	-0.024569474535116997	0.004441477799677248	0.035145831378245736	-0.04546915738923285	-0.01694696244217008	0.0111265353166078	0.007979114078709845	-0.014517723815490975	-0.01619119837135117	-0.00399717353021568	-0.00719721604970815	0.01092683642132525	0.002128427404686904	0.012677525110329654	-0.0047163912375382845	-0.00633324739702918	-0.013340997598637444	-0.00862455745728747	-0.006498828711495026	-0.0013663293366694344	0.006863260352282587	0.014343382614222615	-0.0065912008026587235	0.011614748372066505	-0.009947083629635456	0.007412599780627964	-0.0016955191796771349	-0.0025108068167128757	-0.017682888444020575	0.000582164954582729	-0.00793976081372626	-0.00226362351432419	-0.011158223448313371	0.005685014988752407	0.003627131852639726	-0.002012867352772948	-0.0018508415993927483	0.00024686473174268024	0.0006973176507236763	0.0	0.0	0.0	0.0	0.0	0.0	0.0	0.0	0.0	0.0	0.0	0.0	0.0	0.0	0.0	0.0	0.0	0.0	0.0	0.0	0.0	0.0	0.0	0.0	0.0	0.0	0.0	0.0	0.0	0.0	0.0	0.0	0.0	0.0	0.0	0.0	0.0	0.0	0.0	0.0	0.0	0.0	0.0	0.0	0.0	0.0	0.0	0.0	0.0	0.0	0.0	0.0	0.0	0.0	0.0	0.0	0.0	0.0	0.0	0.0	0.0	0.0	0.0	0.0	0.0	0.0	0.0	0.0	0.0	0.0	0.0	0.0	0.0	0.0	0.0	0.0	0.0	0.0	0.0	0.0	0.0	0.0	0.0	0.0	0.0	0.0	0.0	0.0	0.0	0.0	0.0	0.0	0.0	0.0	0.0	0.0	0.0	0.0	0.0	0.0	0.0	0.0	0.0	0.0	0.0	0.0
S10-female-1	-0.2743128431114671	-0.09696265707435917	-0.22251689127204735	0.17584041542523432	-0.05248183340356404	-0.05531488476905069	0.045581933640592175	0.005500015776710559	-0.17416105527742504	0.17200652380497763	0.0023684401614118967	0.20999063829739636	0.023420643289082586	0.09263555306839653	0.12284520545100702	0.03506157755096972	0.06449119754084744	0.10485890332538274	-0.028356163293332078	0.09680997847209934	0.05612835081368088	0.06850561663215071	-0.06367318448583992	-0.06040947448239462	-0.007242601452781808	-0.046823960836830526	0.08449077323772398	-0.05244920286730376	0.01427870031537981	-0.011657298211581213	-0.00953073544013767	-0.019435386634360282	-0.05350125309035704	0.002642194813111988	-0.013727496678593264	-0.0032204419888804416	-0.01001659837078341	0.027836421151679645	-0.0476306672817171	-0.03530149993360557	0.08855921285217308	0.022717444213728736	0.012358113316647884	-0.012675760602847154	0.016117594511054618	0.044663692307177434	0.036497185403364496	0.009133890242183801	-0.06131516452476793	-0.03341378931412873	0.009465849737106041	0.006384580911301616	-0.03258696716287204	-0.0014390018522028093	-0.020211497468952396	0.04508450949215295	-0.0018329050421844184	0.004756032641988956	0.004625298060307428	0.009151755930258286	0.027575152606244574	-0.033653504460393245	-0.029441911680584673	0.024890160012582884	0.019804646569686876	0.014539275546381755	-0.022275204523940318	-0.014515150161825774	-0.026163821905055572	0.06477408618583907	-0.02091515223417531	-0.0038392891486038225	-0.022658022314931157	-0.003214597971508637	-0.027656036933648098	0.03609164764601248	0.002440701670058481	-0.012235822234254831	-0.004171219901053593	-0.023370936643245504	0.009189899673829665	-0.002062969406341714	-0.008648345683395502	-0.010268786081193313	0.025230859215822823	0.006807563373724868	-0.004898209424425224	-0.004997621354760531	-0.0009572176023634946	0.0009371329111965089	0.0051002491192470405	-0.003615111444434555	0.004263199390609798	0.002687923862211607	0.007309195345158524	-0.005567624177859156	-0.0020252952360911387	0.00381414152962344	0.0027832854446746655	-0.002135454682806938	-0.004369124671430951	-0.003481735037945829	-0.005326832426865278	0.0017272720745684887	-0.00026415434908408917	0.0012009146377139038	0.0012877957770228068	0.0010215773203037556	0.0	0.0	0.0	0.0	0.0	0.0	0.0	0.0	0.0	0.0	0.0	0.0	0.0	0.0	0.0	0.0	0.0	0.0	0.0	0.0	0.0	0.0	0.0	0.0	0.0	0.0	0.0	0.0	0.0	0.0	0.0	0.0	0.0	0.0	0.0	0.0	0.0	0.0	0.0	0.0	0.0	0.0	0.0	0.0	0.0	0.0	0.0	0.0	0.0	0.0	0.0	0.0	0.0	0.0	0.0	0.0	0.0	0.0	0.0	0.0	0.0	0.0	0.0	0.0	0.0	0.0	0.0	0.0	0.0	0.0	0.0	0.0	0.0	0.0	0.0	0.0	0.0	0.0	0.0	0.0	0.0	0.0	0.0	0.0	0.0	0.0	0.0	0.0	0.0	0.0	0.0	0.0	0.0	0.0	0.0	0.0	0.0	0.0	0.0	0.0	0.0	0.0	0.0	0.0	0.0	0.0
S10-female-2	-0.1503401880243883	-0.39299331156946743	0.22028853001732002	0.08022693368289317	0.07412802315152146	-0.05965688370615603	-0.03003268891404323	0.023372336751325367	0.05015816811436224	-0.007846956346777177	-0.005527718613244167	0.012887005956979995	-0.027838707910360014	0.005702862647772294	0.03269002542575474	0.015378379408883504	0.029407817242350177	-0.055103221304950996	-0.033379409500159975	-0.03349422273304193	-0.03176028893950853	-0.013268612151898904	0.009587671141242841	-0.008694440759943712	-0.018223016679336346	0.017664147742356005	0.012371716489966334	-0.025389862598198972	0.014098230284574562	-0.026034616723887155	-0.017735880748561524	-0.022081660636306306	-0.0033730733497191064	0.04111114193584955	0.01556069040945491	0.010980862434693674	-0.022570319939925046	-0.002774955026609481	-0.007565883980021013	0.025105411456577655	-0.0065344386144327435	-0.038421103136533616	-0.01224146799160882	0.04160678971788695	0.000768859260940676	0.018186727368835132	-0.004527807962182635	-0.009102341247030785	0.03308729749017795	0.010955218533893956	-0.014406805324475656	-0.037048139570103014	-0.029588446819318492	0.004767183311598936	0.010175979167900738	-0.00771013258634898	-0.02102351854384726	0.003656801456858147	0.011867027046006043	-0.020209787874761364	0.008527301902966127	-0.005424393195337247	0.019890067657201468	-0.0004949925909641755	0.0008828832378877647	-0.005080544306500349	0.002306371692760398	0.012343084583891157	0.0062665985697514266	-0.006981711395831025	0.001041411312014856	0.019556486596404316	-0.005035954830366519	-0.007198589995933744	0.0057802231384609356	0.006778551968483103	-0.00011671913884218266	-0.012756555671990067	-0.0019658107624126696	-0.017059808270474916	0.008813447096940477	-0.018901739294669324	-0.012675986485194241	0.020243507372390453	-0.014009150567754149	0.006737694125118076	-0.0009070894245542597	-0.005296323582920702	0.01645336381673583	0.015005759606266404	0.008667328669442687	-0.009631652316866949	-0.0047742658544067925	0.0029320855857460316	0.00981475191046447	0.0086597952553773	-0.0028080041989425805	-0.0028442888970539536	0.004634126799650717	0.0072212690337503695	-0.005515745038946903	0.004001023504510568	-0.004432615480720019	-0.0017136284003500491	-0.0008617529946201676	0.00337729540208595	-0.00040315817084942747	0.0005504474020302235	0.0	0.0	0.0	0.0	0.0	0.0	0.0	0.0	0.0	0.0	0.0	0.0	0.0	0.0	0.0	0.0	0.0	0.0	0.0	0.0	0.0	0.0	0.0	0.0	0.0	0.0	0.0	0.0	0.0	0.0	0.0	0.0	0.0	0.0	0.0	0.0	0.0	0.0	0.0	0.0	0.0	0.0	0.0	0.0	0.0	0.0	0.0	0.0	0.0	0.0	0.0	0.0	0.0	0.0	0.0	0.0	0.0	0.0	0.0	0.0	0.0	0.0	0.0	0.0	0.0	0.0	0.0	0.0	0.0	0.0	0.0	0.0	0.0	0.0	0.0	0.0	0.0	0.0	0.0	0.0	0.0	0.0	0.0	0.0	0.0	0.0	0.0	0.0	0.0	0.0	0.0	0.0	0.0	0.0	0.0	0.0	0.0	0.0	0.0	0.0	0.0	0.0	0.0	0.0	0.0	0.0
S10-Female-3	0.0030062607486111225	-0.07787446150906586	-0.07811696231904713	-0.14998166748150465	0.035213858684429195	0.1889923314480575	-0.07868638386789265	0.0026444202073824816	-0.05990738586780078	-0.012557099660947849	0.009920635854202985	-0.013332692488966244	-0.007229154116876838	0.02738378354750718	-0.06633702900994465	0.04317905722334157	-0.05539670074726309	0.07763778241522191	0.046130210124579366	-0.014466412839406336	-0.045778669362642986	0.05012327754450054	-0.012982943168425014	-0.016179649374966375	0.0055108701936822085	0.017116430958223156	0.02470047747617162	0.012350222405627399	-0.0009751338553199751	-0.020347007444393182	0.07142975696361908	-0.003994291923515302	0.002129601707392171	0.017936857712751077	-0.021875302171478577	0.014749710549934182	-0.02252144828741296	-0.030302725100807844	0.04789627289061331	0.0019207415137774439	-0.00027496374801570035	0.0113586264461294	-0.023623823538211405	-0.019604877411288184	-0.03185855375708823	0.0011179846528949014	-0.025133893330917794	-0.03110331210477619	-0.01091395689947944	-0.0002007650747837379	-0.022889015396266917	0.0008505861766383848	-0.0034976740438701797	0.023378094818725714	-0.0029357233427544597	0.013066638692316952	0.020706309565609763	0.01205565006726456	0.01000150531613574	0.01761320757437629	-0.025640801271643535	-0.015137348820509837	0.00808190235640419	0.0016462698589036128	0.003921107375241034	0.0013939669352226905	-0.01689663729375007	-0.006835711893734661	0.028758467623580655	0.04125300896725124	-0.0065904507868092335	0.00032470244041026366	-0.004350142720151063	0.0119582091379075	0.013721086271260032	-0.014165155441395367	-0.012523286638870557	-0.016940567330767556	-0.006014655152639164	-0.003277049464640687	-0.0035480462050718137	-0.01797026857403545	-0.00046270757287788865	-0.0015523191380452347	0.008853564140279763	0.005549576441761077	-0.012210707923969938	-0.024595506708795806	0.004540494949221313	0.0006950855550737491	-0.00029936329929191425	-0.000323284031459038	0.0011535284521262935	0.015504150305742927	0.010492400270115906	0.011626468726147757	-0.007212399398924342	-0.008395391488336349	0.0001871050599596226	-0.005165216665981358	0.0023802294407929596	0.0028062231986100534	0.006286649741622616	0.006313834953528767	-0.0006045610936106087	-0.00014362805978555205	-0.0010658900280181608	0.0024066483159157046	0.0	0.0	0.0	0.0	0.0	0.0	0.0	0.0	0.0	0.0	0.0	0.0	0.0	0.0	0.0	0.0	0.0	0.0	0.0	0.0	0.0	0.0	0.0	0.0	0.0	0.0	0.0	0.0	0.0	0.0	0.0	0.0	0.0	0.0	0.0	0.0	0.0	0.0	0.0	0.0	0.0	0.0	0.0	0.0	0.0	0.0	0.0	0.0	0.0	0.0	0.0	0.0	0.0	0.0	0.0	0.0	0.0	0.0	0.0	0.0	0.0	0.0	0.0	0.0	0.0	0.0	0.0	0.0	0.0	0.0	0.0	0.0	0.0	0.0	0.0	0.0	0.0	0.0	0.0	0.0	0.0	0.0	0.0	0.0	0.0	0.0	0.0	0.0	0.0	0.0	0.0	0.0	0.0	0.0	0.0	0.0	0.0	0.0	0.0	0.0	0.0	0.0	0.0	0.0	0.0	0.0
S10-male-1	-0.21974663977463055	-0.05955822997896303	-0.04731398670376483	0.10708129485742565	-0.001427420446681035	0.049957001279837966	-0.01825651128698741	0.05502015545553162	0.025466642297891723	-0.09645708204399996	0.017251727142708645	-0.028331392794260418	-0.030896843902026867	-0.037466739154423466	0.03013377546357027	0.025417396306007183	-0.06569240326847205	0.020743089747071595	-0.0019918657743311576	-0.04864765907091473	0.018287582326946775	-0.01621073490999337	0.015297459849638071	-3.4126243321402304e-05	0.0276783925374359	-0.0240676951950979	-0.013094938739453487	0.04196288485646747	0.06810678176334382	-0.010491631731020488	-0.04609529515706427	0.008515786114452747	0.018218650521966973	-0.022482738754226576	-0.0025801929539290007	0.04140477695029565	-0.00281108516689852	0.03791873210261294	-0.06130886248917854	-0.01622402679046246	-0.01671454002071404	0.04345785130028494	0.013493273345791696	-0.012172808206828449	0.007494601460152556	-0.022078934218891615	-0.024907615567396735	-0.02893818285633891	-0.015933071208607385	-0.021411618915572785	-0.009917838553164263	0.01014346127394478	-0.03606071632871409	0.009450872296505855	-0.0442747238659255	-0.03144380168368907	-0.012932762225924236	-0.017810115260561248	0.017106262074385224	-0.03345595932031746	0.034792696314120505	-0.0023239962670613228	0.0583637383423531	0.00372682420821869	0.00498040821500816	-0.02682019834431333	0.007872395523115937	-0.011101988217024093	0.006902327775567052	-0.00689402870973298	0.003442188843719323	0.032119696511593264	0.003778912586006653	0.007082459483657987	-0.024606365596920084	-0.020171560245555234	-0.017607198348712085	-0.01849310167914136	-0.006087917593226841	0.012772937835103736	0.012378786565075309	0.004095682928147364	-0.013284679310381235	-0.021496127381251555	-0.003421318452478074	-0.00029382140681051235	-0.015625605108390478	0.007590895530107517	-0.02370616194472732	-0.004525510799364916	0.008882851521911686	0.0059214630198544446	0.005245527375191145	0.013363149241095483	0.002717278451337176	-0.004909169379562357	-0.006494895850207676	0.0020786141429792503	-0.005049288715584553	0.0016070565246883441	-0.005694710669739088	0.0013753757831734058	0.004174925465253832	0.0004433457619586249	-0.000814376809968617	-0.002432024015727038	-0.0017144286076143092	0.0023883422790495793	0.0	0.0	0.0	0.0	0.0	0.0	0.0	0.0	0.0	0.0	0.0	0.0	0.0	0.0	0.0	0.0	0.0	0.0	0.0	0.0	0.0	0.0	0.0	0.0	0.0	0.0	0.0	0.0	0.0	0.0	0.0	0.0	0.0	0.0	0.0	0.0	0.0	0.0	0.0	0.0	0.0	0.0	0.0	0.0	0.0	0.0	0.0	0.0	0.0	0.0	0.0	0.0	0.0	0.0	0.0	0.0	0.0	0.0	0.0	0.0	0.0	0.0	0.0	0.0	0.0	0.0	0.0	0.0	0.0	0.0	0.0	0.0	0.0	0.0	0.0	0.0	0.0	0.0	0.0	0.0	0.0	0.0	0.0	0.0	0.0	0.0	0.0	0.0	0.0	0.0	0.0	0.0	0.0	0.0	0.0	0.0	0.0	0.0	0.0	0.0	0.0	0.0	0.0	0.0	0.0	0.0
S10-male-2-	-0.14543035952847105	-0.36603514812124077	0.18287899830390233	-0.004924299712628495	0.08707672563014483	-0.09190562479000726	-0.034934182485384546	-0.036513171574291486	0.027895756110818796	0.01050347382219961	0.009661482957477747	-0.015773570147438586	-0.017059761542030878	0.012708149575410513	0.051228669615820635	-0.010749728346881688	0.030011519656134425	0.04056823590750035	0.028036471892144442	-0.03868831909059401	-0.04025433754979547	-0.015489652527489527	-0.006196990903857611	0.057399820862507604	0.028369189860195147	-0.02011351882453549	0.03179886731632679	0.026868483819817112	0.05009211999100844	0.0035820572432166513	-0.031723571512392454	-0.005455699715608834	0.006159739631711375	0.010956817668369862	0.013277792591030688	-0.013454100372627481	0.004694991198361576	0.02732322124471149	-0.048451647555492805	0.013810309294909867	-0.005944026969985735	0.004931088894858268	0.021495347438515125	-0.011990212658509603	-0.026602356240460007	0.006556511870422325	-0.022603355922396214	0.011500017243922899	0.006645005730977265	0.00045134160925820645	0.00013178754364193682	0.021415322545824345	-0.01066101106876265	0.0026649906277179764	-0.0016887154863828753	0.028677437242498136	0.01267583371281978	0.001484196541773234	-0.012001397440926107	0.012880292566268449	-0.009355086722419319	-0.013073815596430857	-0.02442790744131878	-0.003546609771282788	-0.011008716075066946	0.02177347846854229	-0.007542242832183973	0.014512950661585047	0.007850876818097261	-0.007977648380195289	0.0032622575059038507	-0.021302167751340032	0.012639515140519827	5.489264152479082e-05	-0.018580569168006236	-0.01770529058097357	0.0033925396477669776	0.009587222264453962	0.012202873549339688	0.006468201184433315	-0.016330490163224767	0.012013151048646817	-0.0017015502847703603	-0.006089583219731189	0.014453503038566459	0.0023305713773656145	0.0015010270424033294	-0.0014762695195574373	0.003346384209865617	-0.014911168053444583	-0.002703086826398571	0.007692013061520717	0.010663831622804355	-0.012072234517558933	-0.0025394389819218812	0.0053350195402944315	-0.016514855421585362	-0.004588057922981119	0.005286417904434447	0.0067355810531895995	3.709586361938358e-05	0.00031695315709670817	-0.003730622934980528	-0.0023955519525250164	-0.0010135667530780405	1.9231350928345837e-05	0.00021604355398331407	0.00027312083725026506	0.0	0.0	0.0	0.0	0.0	0.0	0.0	0.0	0.0	0.0	0.0	0.0	0.0	0.0	0.0	0.0	0.0	0.0	0.0	0.0	0.0	0.0	0.0	0.0	0.0	0.0	0.0	0.0	0.0	0.0	0.0	0.0	0.0	0.0	0.0	0.0	0.0	0.0	0.0	0.0	0.0	0.0	0.0	0.0	0.0	0.0	0.0	0.0	0.0	0.0	0.0	0.0	0.0	0.0	0.0	0.0	0.0	0.0	0.0	0.0	0.0	0.0	0.0	0.0	0.0	0.0	0.0	0.0	0.0	0.0	0.0	0.0	0.0	0.0	0.0	0.0	0.0	0.0	0.0	0.0	0.0	0.0	0.0	0.0	0.0	0.0	0.0	0.0	0.0	0.0	0.0	0.0	0.0	0.0	0.0	0.0	0.0	0.0	0.0	0.0	0.0	0.0	0.0	0.0	0.0	0.0
S2-female-1	-0.3030690891819055	-0.07178309803762373	-0.14328460059596612	0.046017894302065696	-0.057236003510371884	-0.03897740117856045	-0.04006729834044086	0.07148613165940304	-0.07257228845176046	0.007208932743975637	0.051017410637140374	-0.010793397624077718	-0.02926850446663162	0.021765675741996122	0.06597511394932061	0.0072890875124282115	0.0035149345496827094	0.02357710554090989	0.020287370205335418	0.07314681986644532	0.03887823215798719	0.0028842211617032963	-0.036325388323832475	-0.033914290494074184	-0.026191635374403218	-0.07179902477012534	-0.02490509954837006	0.027908068717585298	0.031107173501635894	0.03047443070340159	0.06603241089594009	-0.004260134891022103	-0.025072020371306476	-0.01212805466824109	0.018916202201981234	-0.00043949708917943083	-0.06490327393274739	0.016963212470852126	0.024369896123638376	0.02926214007667916	0.012467673928283936	0.0019414481110262873	-0.015248444624995694	0.032341135523911636	-0.00023650372325013399	0.03933270084486362	0.017089580363525692	-0.006239964657550865	0.003075668095460355	-0.014777087057563578	0.023756686875656314	0.02228484986468377	0.021453133351484098	0.008661848391239626	0.01981751765240682	-0.028809476754633363	-0.0005331237385501855	-0.01913064259739296	0.006990833989318906	-0.017466120659914004	-0.007019309523625671	-0.015337154572356189	0.004635901932203856	0.015146443462967715	-0.005281918845535206	0.006970611379211694	-0.017839425122341566	-0.012208218296712026	-0.02036806528327014	-0.026366430222753135	0.002846494192294324	0.015636885495000943	-0.00922890405943239	-0.0032503889697149094	0.04156588766162784	0.009078102741502626	0.011889498357602904	0.010207283618262378	0.0029901453099164463	-0.028735596247286777	0.014708954050901443	-0.002223716989435149	0.007551841522879143	-0.005564122209497854	0.002894338667808473	-0.006123346380995528	0.016696845212938943	-0.008945238933257717	0.01726949455113186	-0.015518011116280211	-0.009595644329544828	0.0005798019612174793	0.001369135518444645	0.00603440459211667	-0.0009570204050924044	0.007204293508416456	0.006979580407569302	0.0003277693875098862	0.0029724658573242555	0.011997572419639599	0.0020533426969788784	-0.0028354797031361896	0.0004588647870937779	-0.006501689579602698	0.002236238216031428	-0.0034553183364309267	-0.000278726290719478	6.590240471592499e-05	0.0	0.0	0.0	0.0	0.0	0.0	0.0	0.0	0.0	0.0	0.0	0.0	0.0	0.0	0.0	0.0	0.0	0.0	0.0	0.0	0.0	0.0	0.0	0.0	0.0	0.0	0.0	0.0	0.0	0.0	0.0	0.0	0.0	0.0	0.0	0.0	0.0	0.0	0.0	0.0	0.0	0.0	0.0	0.0	0.0	0.0	0.0	0.0	0.0	0.0	0.0	0.0	0.0	0.0	0.0	0.0	0.0	0.0	0.0	0.0	0.0	0.0	0.0	0.0	0.0	0.0	0.0	0.0	0.0	0.0	0.0	0.0	0.0	0.0	0.0	0.0	0.0	0.0	0.0	0.0	0.0	0.0	0.0	0.0	0.0	0.0	0.0	0.0	0.0	0.0	0.0	0.0	0.0	0.0	0.0	0.0	0.0	0.0	0.0	0.0	0.0	0.0	0.0	0.0	0.0	0.0
S2-female-2	-0.2840588896281306	-0.018094735684941635	-0.10486711199131857	0.015018189657733123	-0.07070070652917017	-0.0610398184794997	-0.020418336838287598	0.002735077480445787	-0.005707041955330415	-0.016904940028506406	0.024303676560666995	0.025737026873877158	-0.049445680089742504	0.0297084416249488	0.0388829443579924	0.0068175288965936776	-0.012085603003848418	-0.04558336326834623	-0.004443776802050148	-0.025613211487190465	0.006968500764662549	-0.022329147876878407	-0.006705075802532578	0.0035868600068546565	0.03216099761827814	0.019492045829089893	-0.007689882901245152	0.017029301651033335	-0.013763069258967933	-0.008035574371421368	0.01898740475389114	0.005127632870041819	0.03180800205953318	0.01081850358084615	0.015828289464813194	0.004940971946913336	0.00254319483653727	-0.00317547656637376	0.006403224026866025	0.013109014714157919	0.011631945596313224	0.00912586549303044	-0.012472036748463573	0.011983900974787002	-0.015785537794960617	0.01233354389769099	-0.009076523306884673	-0.02603397387821541	0.0053953892748041556	0.013040940940014668	-0.0075523565946785795	-0.01701569539527631	-0.005610832027156251	-0.0008459927292359151	0.00473830013375934	0.026716213454409152	0.019046034233197933	0.013176786590381497	0.0196149713903171	-0.011979141792176242	0.022830860392236602	-0.01930521857840924	-0.001119158091505776	0.004388647504106983	0.00502854151904356	-0.005443521118484041	0.007800277123110383	0.014249062673387984	0.004368043783309423	0.005990546413198441	-0.010546309877962907	0.00040560066362410927	0.0009052265988740289	-0.016134502254806272	0.004301063020650795	0.01238036837701512	-0.00041128153963627983	-0.007971482003264434	0.0077361709917428715	-0.0076394874552067026	0.003821488675219904	-0.010539394133739848	-0.014525281325134452	0.008424554222579192	0.004348872717301831	-0.005972619966596309	-0.0003842852428041578	-0.001433670317425771	-0.0024791963782654003	0.002338462097417657	-0.0015272041558155353	-0.008182926150790821	0.0003797842507770352	-0.0010530905891306	0.005627812498833298	-0.014161935202812682	-0.012099690902817149	-0.0028339744438727983	0.0087482879631453	0.0012761985222562557	0.012110545722452615	-0.005249547553222307	-0.004489327325203361	0.0021156896629616778	-0.0034310490558561815	-0.003598663814617317	-2.1705153536473604e-05	-0.0035079377961764694	0.0	0.0	0.0	0.0	0.0	0.0	0.0	0.0	0.0	0.0	0.0	0.0	0.0	0.0	0.0	0.0	0.0	0.0	0.0	0.0	0.0	0.0	0.0	0.0	0.0	0.0	0.0	0.0	0.0	0.0	0.0	0.0	0.0	0.0	0.0	0.0	0.0	0.0	0.0	0.0	0.0	0.0	0.0	0.0	0.0	0.0	0.0	0.0	0.0	0.0	0.0	0.0	0.0	0.0	0.0	0.0	0.0	0.0	0.0	0.0	0.0	0.0	0.0	0.0	0.0	0.0	0.0	0.0	0.0	0.0	0.0	0.0	0.0	0.0	0.0	0.0	0.0	0.0	0.0	0.0	0.0	0.0	0.0	0.0	0.0	0.0	0.0	0.0	0.0	0.0	0.0	0.0	0.0	0.0	0.0	0.0	0.0	0.0	0.0	0.0	0.0	0.0	0.0	0.0	0.0	0.0
S2-male-1	-0.011741259647906406	0.023625842908034884	-0.009941321280631138	-0.032017297993620464	0.12966312794856372	0.13152989996328363	-0.06759495898662213	0.052365593622831566	0.08040304498386268	0.006496187704401744	-0.049116814701528386	0.004477623516823026	-0.06839275534270035	-0.004519825672763434	0.08063389967278511	-0.01112359289557362	-0.03408850863399248	0.015561881219656813	-0.014284397997228903	0.00815879236777188	0.0046560219101585455	0.007393599585577646	0.015390054964453276	-0.011864662577598866	-0.00032216767896776905	-0.010274792547183553	-0.037239160299890155	0.011192815097889445	-0.01936403452112634	0.060550407964631056	-0.0034989435987191624	-0.03323799274146601	-0.003623995431127343	0.03147878351986809	-0.002048957867328118	-0.016816371176878585	-0.03064360777859463	-0.028129570929283174	0.019601572257160572	-0.029635193167392007	-0.017940373933214272	-0.01835482262357057	0.010566690350963486	-0.05531678822848862	-0.025588961901189963	-0.019946555411427532	-0.01789462899600282	-0.004416695636327888	0.03826974955698418	0.017092204169572522	0.011354003138347776	0.029587599002374423	-0.02552656046149237	-0.004017108408122298	-0.01091406260858874	-0.021586566541099972	-0.018536242581528892	0.0016745113452035002	0.0005434596842160618	-0.04119901455010553	-0.02361911557227979	-0.03471294777185118	0.00126394912209981	0.016254241434193746	0.0167136411622097	0.002859409805358349	-0.004513247384641219	-0.009092122157964509	0.004851304361085705	0.023539245971955797	-0.006968878724222058	-0.055277974983618916	0.013086681994598578	-0.020746059576281103	-0.020633111533765697	0.015368798806275863	-0.010048148394186563	0.0013031297324960342	0.005859290888935811	-0.0047221276354275895	0.025368074401059003	-0.003884800102887162	0.021923238570874637	-0.004004804303727809	-0.007948136956367357	-0.009542033850918487	0.007232903753332275	0.014936447743593675	0.0011512611727063483	0.017776360541531543	0.004540792264413149	-0.012763920878788611	0.006670572634665716	-0.013997276123995015	0.001926960415497502	-0.0018117239160236752	0.0032823919199189227	0.0013327653530345934	0.007176518187084318	0.002862076019249599	-0.005035690234814624	-0.0005008235820054613	0.007151332677245258	-0.003947403577319382	0.000458386165070738	-0.00382838924995682	1.074179111938376e-05	0.0013531540720039788	0.0	0.0	0.0	0.0	0.0	0.0	0.0	0.0	0.0	0.0	0.0	0.0	0.0	0.0	0.0	0.0	0.0	0.0	0.0	0.0	0.0	0.0	0.0	0.0	0.0	0.0	0.0	0.0	0.0	0.0	0.0	0.0	0.0	0.0	0.0	0.0	0.0	0.0	0.0	0.0	0.0	0.0	0.0	0.0	0.0	0.0	0.0	0.0	0.0	0.0	0.0	0.0	0.0	0.0	0.0	0.0	0.0	0.0	0.0	0.0	0.0	0.0	0.0	0.0	0.0	0.0	0.0	0.0	0.0	0.0	0.0	0.0	0.0	0.0	0.0	0.0	0.0	0.0	0.0	0.0	0.0	0.0	0.0	0.0	0.0	0.0	0.0	0.0	0.0	0.0	0.0	0.0	0.0	0.0	0.0	0.0	0.0	0.0	0.0	0.0	0.0	0.0	0.0	0.0	0.0	0.0
S2-male-2	-0.15597765333591315	-0.06104825220808586	-0.13651461424538822	-0.011666508772423314	0.10999210066598461	0.10518657603047721	-0.17578393528440162	-0.019681710880013744	-0.08554915421030551	0.040157448496686454	0.09727711644143094	0.032431308578332	-0.032536286964535255	-0.027510575209123242	-0.07670625088428898	0.0016274487714196919	-0.005412532660994645	0.010263958644548868	0.06331311166137106	0.11600856296203933	0.0535963971429617	0.04895423333945768	-0.02257948830821713	-0.04467979311216317	-0.001151690317312054	-5.594243300716696e-05	0.003364872365075584	-0.031489770621418424	-0.0662795901226471	0.0024620320808836204	0.025458997416728062	0.0011840682199537507	0.05049863736039217	-0.02551154815430734	-0.00886648981888911	-0.005614309260120255	0.04981961671909467	0.0005171250609776452	-0.03623075157325389	-0.014718672835691867	-0.019512573065403094	0.03566041132241815	-0.012051947787694738	-0.016053925437905434	-0.03001129327477041	0.011187836776806136	0.024012805041798622	0.03162874169621878	0.026009652801371026	0.011359794956973673	-0.024228782858442315	-0.033826646417455454	0.011215062043146401	-0.026398393006529658	0.002842822563830329	-0.0071904224657126335	-0.022596203161296007	-0.001125824923722103	-0.012621992330761597	0.018140692166617775	-0.0037530421719659934	0.03854874342173882	-0.002682185438638386	-0.00039906604304718534	0.012219335998493097	-0.007437022383431043	0.029143840002706388	-0.002724417385287023	0.003688966567593247	-0.0008279027059707453	0.020337640480595717	-0.00788289989266805	0.004225539860742925	0.021940151784059104	-0.0002989525996928571	0.001734346850251695	0.02111544449172596	-0.010777082957259612	-0.009002201821420395	-0.002166391940971871	0.005694963670665296	-0.0005983390988494029	-0.020445769269889415	-0.009774406538114747	-0.0020388052536663595	0.0024936158286347925	-0.003937311516651508	0.014448402084496811	-0.001013539142697662	0.013503262225060297	-0.003449399703066059	-0.0006104775707221094	-0.01701125511912164	-0.008318647753132666	-0.00872111300523723	0.012735013227166693	0.0014299102495908224	-0.0066164983120386165	-0.003739347831077543	-0.0017057230280688757	0.006068503994049809	-0.0044994913140521614	0.0069548828671022874	-0.0005554529521445973	-0.0014521678208157982	-4.722354268555288e-05	-0.001479361009311304	0.00045030609333528566	0.0	0.0	0.0	0.0	0.0	0.0	0.0	0.0	0.0	0.0	0.0	0.0	0.0	0.0	0.0	0.0	0.0	0.0	0.0	0.0	0.0	0.0	0.0	0.0	0.0	0.0	0.0	0.0	0.0	0.0	0.0	0.0	0.0	0.0	0.0	0.0	0.0	0.0	0.0	0.0	0.0	0.0	0.0	0.0	0.0	0.0	0.0	0.0	0.0	0.0	0.0	0.0	0.0	0.0	0.0	0.0	0.0	0.0	0.0	0.0	0.0	0.0	0.0	0.0	0.0	0.0	0.0	0.0	0.0	0.0	0.0	0.0	0.0	0.0	0.0	0.0	0.0	0.0	0.0	0.0	0.0	0.0	0.0	0.0	0.0	0.0	0.0	0.0	0.0	0.0	0.0	0.0	0.0	0.0	0.0	0.0	0.0	0.0	0.0	0.0	0.0	0.0	0.0	0.0	0.0	0.0
S2014F_E2-2-A-F	-0.009731873350537244	0.11723392732410982	0.007191366404531881	0.00831524216748525	-0.02101502422961588	-0.10121813695819674	-0.10483818566700243	-0.14662033018420942	0.09375582870271736	-0.02479396725729277	0.011199950696680495	0.0013469729081127095	-0.03957248684213644	0.05294123360945635	-0.10494653333937604	0.05873490289020436	0.049192202270263156	0.016981670811360833	0.04773400726739436	0.05454679274681211	0.06340270742307245	0.033729951501786225	0.05501577590607411	0.04386871772557315	-0.01150073212999488	0.011746565024116104	-0.008826990730426145	-0.024827296900762737	-0.022660981834811064	0.009263807534049744	0.013991782352438194	0.004394679701032854	-0.07105995963380803	0.04221828869964183	-0.00346517344801996	-0.015622897451110814	-0.017822873111077116	0.008935513918723851	0.0017006447659414262	0.03250995852358225	-0.08006058326893478	0.037308151808070594	-0.030788006735016613	0.0038251603173521604	-0.008051459673151157	-0.010143768159809094	-0.014546253843874294	-0.0056758217504074525	-0.013751948578806072	0.01963407845514736	-0.0216987271765594	-0.005173449233724621	-0.011799030377027502	-0.004022797415021635	0.014873053119261901	-0.04046336262666671	-0.013408824175301096	-0.016711775637987186	0.006422053526286078	0.003851451039938823	0.013622003065359935	0.019486231739832882	0.00012189361430276498	-0.0015963943895343031	0.006408261133218244	0.00036762624332019035	-0.014117827681188619	0.004561198897324541	0.003902946796686996	0.017748158236014232	0.013816609124389296	-0.0006835508752751795	-0.0003994192443078924	0.00020030271996408831	-0.011395983257154298	-0.00945526080850473	0.0013474859760107117	0.01747045090591321	-0.006398002153443504	-0.021638001759603575	0.01448635638407624	0.006536528383282648	0.002576341791298931	0.011424345875862087	0.006132252495840629	-0.00955157267993762	0.00010033013141640065	-0.0038625785599362876	-2.1444102528204897e-05	-0.010391805855294409	-0.0014793378602400522	-0.002035939636491381	-0.00024711545677896964	-0.005723682681058535	-0.0071508254630035396	-0.00773162486799746	-0.0005732729855980533	0.005902805390275146	0.005682108472623287	-0.003866110602309007	0.0022160987737559566	-7.1125490391771e-05	-0.0022785394001701214	0.0004963878354051202	-0.0037973334981928997	-0.00016023195489220227	0.0021218377096113706	-0.000898923062468536	0.0	0.0	0.0	0.0	0.0	0.0	0.0	0.0	0.0	0.0	0.0	0.0	0.0	0.0	0.0	0.0	0.0	0.0	0.0	0.0	0.0	0.0	0.0	0.0	0.0	0.0	0.0	0.0	0.0	0.0	0.0	0.0	0.0	0.0	0.0	0.0	0.0	0.0	0.0	0.0	0.0	0.0	0.0	0.0	0.0	0.0	0.0	0.0	0.0	0.0	0.0	0.0	0.0	0.0	0.0	0.0	0.0	0.0	0.0	0.0	0.0	0.0	0.0	0.0	0.0	0.0	0.0	0.0	0.0	0.0	0.0	0.0	0.0	0.0	0.0	0.0	0.0	0.0	0.0	0.0	0.0	0.0	0.0	0.0	0.0	0.0	0.0	0.0	0.0	0.0	0.0	0.0	0.0	0.0	0.0	0.0	0.0	0.0	0.0	0.0	0.0	0.0	0.0	0.0	0.0	0.0
S2014F_E2-2-B-F	-0.05332612538953045	-0.035397454308903765	-0.04543969536269036	0.08181729746427961	-0.03563505076957932	-0.1394937167742029	0.09786271214610164	-0.17456679510814688	-0.03542441963830244	0.15596691553077188	0.024882844467842617	-0.250171573656915	-0.04860205343571225	-0.012687749016426686	-0.05770562668422348	0.0650725774217046	-0.09386928097983477	0.03462905153244928	-0.05185473518472773	0.060069120117308084	-0.0033082643168609676	-0.020135631819251133	0.07115100323307151	0.037057026219488115	-0.02333057472810001	0.034868378716701495	0.006477075562332118	-0.05263686512472338	-0.019765789010100364	-0.05434400646376688	-0.020084430232795696	0.006297515560075393	-0.0021053284741894478	-0.029195418235177496	0.022516062882572012	-0.05412920835233552	0.0043184237004093495	0.0010553031674792237	-0.013281136243535255	-0.03676730846718923	-0.0024054598830655564	-0.027059498702194103	0.005009206006526392	-0.007317980293371948	-0.04846962953173605	0.01385368941773567	0.0065230505914445555	0.012895931876753664	-0.009026420683848086	-0.02366228662489177	0.006351179638121382	0.0030563751859082593	-0.01170991976422581	0.004724143104888406	-0.006856161239769598	0.010861526279318644	0.01849995226806499	-0.00046763294437182943	-0.014488602043891057	-0.0008296413020749825	-0.00966014458750248	-0.013396111792598232	-0.015418203985930435	-0.00619650076921223	0.0014750569945422482	-0.012878072556437433	0.0068241228198948406	0.004233247834341486	0.006786429673714974	-0.00026713952940922285	0.020404882302040416	-0.005335141294369434	5.0453770661678245e-05	0.021373808239087178	0.005056075225778321	0.0035541037195856726	-0.01799257488159097	-0.002681127746323217	-0.006658313401598412	-0.0032997051247940783	-0.007348540775030141	0.002407996612741945	0.009225877173977043	0.0005292935270951693	-0.006224298216380121	-0.014245124327414803	-0.0002342034099418221	0.006823260378923401	0.0029236378865093167	-0.002386143830767581	-0.0011370009363385928	-0.005866250062120705	-0.006434665060857787	-0.001516139032175492	-0.0024325766052249722	0.0033511229999337554	-0.005926184630518296	0.005336025811344701	0.0005038972044094735	-0.004819978595687803	-0.00012466793877085987	0.0036811609821329914	-0.00013482786855038958	-0.0004453591435440059	9.712896579856487e-05	0.00224037474504545	-0.0002004058868166304	0.00021741028728814195	0.0	0.0	0.0	0.0	0.0	0.0	0.0	0.0	0.0	0.0	0.0	0.0	0.0	0.0	0.0	0.0	0.0	0.0	0.0	0.0	0.0	0.0	0.0	0.0	0.0	0.0	0.0	0.0	0.0	0.0	0.0	0.0	0.0	0.0	0.0	0.0	0.0	0.0	0.0	0.0	0.0	0.0	0.0	0.0	0.0	0.0	0.0	0.0	0.0	0.0	0.0	0.0	0.0	0.0	0.0	0.0	0.0	0.0	0.0	0.0	0.0	0.0	0.0	0.0	0.0	0.0	0.0	0.0	0.0	0.0	0.0	0.0	0.0	0.0	0.0	0.0	0.0	0.0	0.0	0.0	0.0	0.0	0.0	0.0	0.0	0.0	0.0	0.0	0.0	0.0	0.0	0.0	0.0	0.0	0.0	0.0	0.0	0.0	0.0	0.0	0.0	0.0	0.0	0.0	0.0	0.0
S2014F_E2-2-C-F	0.2651399663266294	-0.03246381029522633	-0.07662724211346611	0.012210294276013974	0.03594915321445803	-0.031877001389345586	0.004054158846421244	-0.03971758132670896	-0.07491087453793434	0.007797782300082581	0.01201477133730514	0.02256344190331009	-0.02072801723437608	-0.12839899661055484	0.0021263145329377085	-0.021761849404466634	0.024332884465563902	0.054452714989543356	0.008212447379355142	-0.04437533395508627	0.004324274392431318	-0.01208192841461826	0.006461489622361384	0.033530859903377855	-0.03232792211486467	0.04738746688935182	0.006505971685065002	-0.013244057316215654	0.04544151466631397	0.022735945469163833	0.002397199934557685	0.03768475106165492	0.09208777311074122	-0.05347850270486971	0.0317288663517249	0.0015865885802928484	0.001908612212816979	0.0019838286472855203	-0.06397425787497582	0.028425399434245192	0.020538003886300144	-0.07363916952891275	0.06232358230139622	0.000662551308039932	-0.016217375555391673	0.02119096563559913	0.017616072745844195	0.013930119311674122	-0.032376778526179394	0.013365000773166722	-0.015905376889277647	0.001312947154594114	0.00010311293754790902	-0.01802656862249886	0.042985319499528565	-0.01683869752475655	-0.04758269137990094	-0.004583387704782415	0.04444542390512677	0.03632133741203972	0.004153047485346483	-0.0018189374496726193	0.015507297268043032	-0.00879567557455184	-0.005833022632841905	0.018684658870866337	0.006404124601608927	0.0009594425723128254	-0.0005028982229886597	0.01816075316312406	0.014028354283772623	0.0016399783887294862	0.02145095104884419	-0.02296775531148418	-0.010973489717872823	-0.010346739196310496	0.016502543997046384	0.009852919094577344	0.01381923875769128	-0.006948010442903175	0.015114275187395753	-0.01900640831302178	-0.014155114457852903	0.027067262838858422	-0.01749675680817777	0.0042988998349350206	0.012907575062921044	-0.0015093608943200732	-0.01647284998628389	-0.005049789675136168	0.010760097620014787	0.0040537361159062035	0.0101689019201753	0.0022204445220530664	0.0009705285107854073	0.0014841670373618968	0.0021890950114321515	0.0025584919709795363	0.006719790239062893	-0.004507507261282229	-0.005604026821901297	0.0048923040346986356	-0.0009378500447252684	0.003050767026429688	0.0033231061660406527	-0.00045593077279415723	0.004384810884676109	0.001039210545349653	0.0	0.0	0.0	0.0	0.0	0.0	0.0	0.0	0.0	0.0	0.0	0.0	0.0	0.0	0.0	0.0	0.0	0.0	0.0	0.0	0.0	0.0	0.0	0.0	0.0	0.0	0.0	0.0	0.0	0.0	0.0	0.0	0.0	0.0	0.0	0.0	0.0	0.0	0.0	0.0	0.0	0.0	0.0	0.0	0.0	0.0	0.0	0.0	0.0	0.0	0.0	0.0	0.0	0.0	0.0	0.0	0.0	0.0	0.0	0.0	0.0	0.0	0.0	0.0	0.0	0.0	0.0	0.0	0.0	0.0	0.0	0.0	0.0	0.0	0.0	0.0	0.0	0.0	0.0	0.0	0.0	0.0	0.0	0.0	0.0	0.0	0.0	0.0	0.0	0.0	0.0	0.0	0.0	0.0	0.0	0.0	0.0	0.0	0.0	0.0	0.0	0.0	0.0	0.0	0.0	0.0
S2014F_E2-3-A-F	0.15585891422296583	-0.011371364764412516	-0.044444593815996525	0.004352275633490201	-0.06585165269820997	0.010904048404149368	-0.03474480113933712	-0.06120040710345641	0.10614065192182037	-0.14280063486270497	-0.06924060391247146	-0.02943031117680132	-0.10084702901170729	0.004379756619579438	-0.016875595516924507	0.02726115075161302	0.03400196437681236	0.03456267741176759	-0.008792885494743559	0.0422907613972327	0.030721921488842317	0.00669557818117866	-0.04368382340631007	-0.08583929756324626	0.07544444058656219	-0.048737051119211276	-0.034020950166617006	-0.008089820697878445	-0.01454652584329909	0.0662242761260021	-0.035571144911339794	-0.059275807220859615	0.02372226517662518	0.03937283371476631	0.05999231030341875	0.05803601265231596	0.08180120543465902	0.04462694484933029	0.025111067897902226	0.0016231605434802703	0.014245776697844884	-0.02064660712935791	-0.015510692422206422	-0.04508623080163414	-0.01776817959175564	-0.032600257624823964	0.0017108422446634754	-0.0016668537286768442	-0.018862247669765773	-0.03983617858610753	-0.029929029010330573	-0.0032370496772628657	-0.028884514114590483	0.007234718723418141	-0.020003527791962485	0.01364484074975827	-0.006679719095900074	0.00825047853363915	0.0035730210516774306	0.05651104381768662	-0.029408160853782984	0.00289870228248637	0.010882727820835332	0.018310008839610634	0.004859737052057264	0.02570595502326334	-0.03928212011389031	2.4045247893445382e-05	-0.01730078464962459	-0.03281550281423744	-0.006804716739720804	0.032349382420196145	-0.01361079096164479	-0.01001454792702524	-0.004781719814825535	-0.004461163203537644	0.02539982311730023	0.010293225464578195	-0.011447710388128203	-0.025733419088917103	5.0967669987061193e-05	-0.005050710232540898	0.004856419407821279	0.03148299958080166	0.006572721604206143	0.005664715531210194	0.02607280390625053	0.027402180437593116	-0.006263164707216825	0.0064875747274093535	0.0016707114039410259	-0.002227911976467514	-0.0036830106782401685	-0.012594070750199549	-0.006397889365232212	-0.00048750056881889566	-0.0008483143626171147	-0.002067879739102171	0.0008799287870317967	-0.0005286518462009578	-0.004617446719265464	0.01018591262484345	-0.00041139214928455993	0.006608541667753848	0.0016584933919384873	0.0016590527980451587	-0.0019501825877130383	0.004335376643566775	0.0	0.0	0.0	0.0	0.0	0.0	0.0	0.0	0.0	0.0	0.0	0.0	0.0	0.0	0.0	0.0	0.0	0.0	0.0	0.0	0.0	0.0	0.0	0.0	0.0	0.0	0.0	0.0	0.0	0.0	0.0	0.0	0.0	0.0	0.0	0.0	0.0	0.0	0.0	0.0	0.0	0.0	0.0	0.0	0.0	0.0	0.0	0.0	0.0	0.0	0.0	0.0	0.0	0.0	0.0	0.0	0.0	0.0	0.0	0.0	0.0	0.0	0.0	0.0	0.0	0.0	0.0	0.0	0.0	0.0	0.0	0.0	0.0	0.0	0.0	0.0	0.0	0.0	0.0	0.0	0.0	0.0	0.0	0.0	0.0	0.0	0.0	0.0	0.0	0.0	0.0	0.0	0.0	0.0	0.0	0.0	0.0	0.0	0.0	0.0	0.0	0.0	0.0	0.0	0.0	0.0
S2014F_E2-3-B-F	0.07065709546509952	0.03459303827943511	-0.0514011343153374	-0.013545439954356996	-0.03489954349186801	0.03108783774464237	0.0040486550659273	-0.13624662913152888	-0.05036004545503814	-0.057111080893542145	-0.00801020249535984	-0.06943657715396497	-0.005926555417557517	0.07181122079509451	0.03184579345649517	-0.0017594372995287078	0.06598444065028786	0.037443927859079906	-0.043307535940779955	-0.07899268255713708	-0.046766035172896604	-0.046578901886943164	-0.05002762612772612	-0.012880106620194613	-0.003923970805350622	-0.018687446981621163	0.08039431814765015	0.01661889761321091	-0.019573782193853084	0.06346126748642468	-0.02630325115386209	0.039566504036212105	0.003407083317790359	-0.0045947838952694955	-0.004059451127656611	-0.03565714183538864	0.0004599028106059018	0.007633205288802666	-0.042824946863478444	-0.04205686802030622	0.019076374344711888	-0.010524030224418446	0.028182800263050645	-0.0014213321980296304	0.01829337938648129	-0.018467779926781475	0.00808838283609847	-0.01037051899872752	0.012715152835053227	0.012875307580515095	0.018263732845631965	0.0068050735162254496	0.02001638621124378	0.025950297343887953	0.00047562485579154127	0.029577663783417234	-0.019828031398584522	-0.006011424996689608	0.027271994927321293	-0.01936918718405486	-0.009369886734769014	-0.004060621436916908	0.009040013101890494	0.010116332720789888	-0.0006108779234794037	-0.008367031090315467	0.027678912678863174	0.012029678510037776	-0.0017334144430328012	-0.008916414208799494	0.03219017662025687	-0.02503653138330207	-0.014510726373177709	-0.04997374337109404	0.002649277572991597	0.014346981389865518	-0.02283852534189859	-0.008606138552429504	-0.022706009503194534	0.003835197866879399	-0.007053428483825358	-0.016749798756021783	-0.0055603382561273725	0.03125416086633901	0.006514522139400827	-0.02342519659055149	-0.018447563088996692	0.020689121831928677	0.014581708101776997	0.005850079636189508	-0.022975421906931914	-0.008764880596606833	-0.007004233428973978	-0.007234987752111063	0.006732318561281086	-0.003670520168255329	-0.008629643043828938	0.016325364117317217	-0.004684035724559649	-0.006664386616938728	0.0034715924152776303	-0.0063404862799441575	0.0075758235015314845	-0.005229450699793876	0.000869398987794756	6.844376170147764e-05	-0.0018043466317469565	-0.000504392062433147	0.0	0.0	0.0	0.0	0.0	0.0	0.0	0.0	0.0	0.0	0.0	0.0	0.0	0.0	0.0	0.0	0.0	0.0	0.0	0.0	0.0	0.0	0.0	0.0	0.0	0.0	0.0	0.0	0.0	0.0	0.0	0.0	0.0	0.0	0.0	0.0	0.0	0.0	0.0	0.0	0.0	0.0	0.0	0.0	0.0	0.0	0.0	0.0	0.0	0.0	0.0	0.0	0.0	0.0	0.0	0.0	0.0	0.0	0.0	0.0	0.0	0.0	0.0	0.0	0.0	0.0	0.0	0.0	0.0	0.0	0.0	0.0	0.0	0.0	0.0	0.0	0.0	0.0	0.0	0.0	0.0	0.0	0.0	0.0	0.0	0.0	0.0	0.0	0.0	0.0	0.0	0.0	0.0	0.0	0.0	0.0	0.0	0.0	0.0	0.0	0.0	0.0	0.0	0.0	0.0	0.0
S2014F_E2-3-C-F	0.2358403124517807	-0.038251846694123785	-0.032138383532264767	0.10839709921169459	-0.01096200200822212	0.048697158975516255	0.07660581220873836	-0.10311741726643862	-0.005864425921259295	-0.08451964437045846	-0.023042398506663675	-0.0649729241512318	-0.04214569154213133	0.013434630702700408	0.01850046874909392	-0.0495814068629642	0.00785187903979144	-0.040102662052835934	0.03836838208105838	0.05224779266767323	0.00662618227296664	0.007383679062969115	-0.007333848553601899	-0.1381429106335931	0.05457633148441673	-0.030771047564348123	-0.008573891749939298	0.0028257144828633526	0.05524822633291801	-0.0034830778530354992	-0.008552763747674984	-0.11365642318346157	-0.017921738611954827	-0.007354116724894464	0.0503902970358321	0.03765852369255164	0.026714897858695227	0.022007260137946082	0.03616626827359802	-0.05306517164471045	0.0104930940441184	-0.019065301978512326	0.005673061419787755	0.017372766561898758	0.07043093189536472	0.03767831045572179	-0.060351133864064384	-0.022854937112557958	0.06606254339347321	0.03107763665898742	-0.004027022834931508	-0.07617768922907833	0.016997574394061486	0.0092559547943521	0.00031429222274688905	-0.001495295500855125	0.004825356355459338	-0.03055343975734391	-0.003604849789082414	0.04862604169915601	0.07881082868345901	0.029378625232302204	-0.03932395381044586	-0.002016919115028274	-0.015469921581633569	0.010658216217823516	-0.023178201508461144	-0.018679480334647874	0.0037214647342956597	0.021962970739346388	-0.004124400949315014	-0.040501292653742624	0.008176717803926668	-0.014054368086102163	-0.0020242142087842593	-0.011214226169213547	-0.03203105613852312	-0.005534979535487006	-0.013043049527584822	0.00989490554930014	-0.00014280644513449707	-0.009939374971193649	0.010110650600021876	0.0018594259024015704	-0.008633865719223718	-0.015189648160010156	0.004585727641718356	-0.003524640587153194	-0.006353535680872787	-0.013066735423816412	-0.013914316068420984	0.006760672695461698	0.0060455957072323785	0.007019606812931973	-0.007913644587267522	0.011055581926443498	0.011950850627877076	0.0070511451051219415	-0.005238397950807272	0.0022669283728299484	0.012620409322578597	-0.006482621529808488	-0.0021963224792715483	0.0015423796929840638	0.0034814515953383272	0.0007227127469413563	0.0003240456092035577	0.0005821481009153386	0.0	0.0	0.0	0.0	0.0	0.0	0.0	0.0	0.0	0.0	0.0	0.0	0.0	0.0	0.0	0.0	0.0	0.0	0.0	0.0	0.0	0.0	0.0	0.0	0.0	0.0	0.0	0.0	0.0	0.0	0.0	0.0	0.0	0.0	0.0	0.0	0.0	0.0	0.0	0.0	0.0	0.0	0.0	0.0	0.0	0.0	0.0	0.0	0.0	0.0	0.0	0.0	0.0	0.0	0.0	0.0	0.0	0.0	0.0	0.0	0.0	0.0	0.0	0.0	0.0	0.0	0.0	0.0	0.0	0.0	0.0	0.0	0.0	0.0	0.0	0.0	0.0	0.0	0.0	0.0	0.0	0.0	0.0	0.0	0.0	0.0	0.0	0.0	0.0	0.0	0.0	0.0	0.0	0.0	0.0	0.0	0.0	0.0	0.0	0.0	0.0	0.0	0.0	0.0	0.0	0.0
S2014F_E5-2-A-F	-0.1251950130218574	-0.03206230234263006	-0.07690578052532443	-0.1520439899670076	-0.06735190429656099	0.07164330466541362	0.0933335287934308	0.032052518757066994	-0.004298573395197621	-0.025410373707610436	0.056248251770268494	-0.07407687136352176	0.0010689262512656409	-0.009854344477933824	-0.015135541947953761	0.030688482402412443	0.06269106361533457	-0.009702657528119578	-0.028228276208672413	0.025090247299256616	0.018378626129158145	0.063054468219676	0.005661463620110417	-0.024393244803081512	-0.01150709982576171	0.0214209326270259	0.06975387124312352	-0.0014112941700412467	0.03621532803371701	-0.009559346469516889	0.03618558232526329	-0.004953394150061835	-0.023558431893751557	0.01619000516762482	-0.03739537383827678	-0.015920840048442877	-0.0023194020523862723	0.043258875764671155	0.034691025097342516	0.01519301572225161	-0.011246259020103769	-0.00576168134113053	0.0285326503823658	0.003680350819620762	0.030847546694933076	-0.008786083970818873	0.01636457972996993	-0.013569188450829266	-0.03305273891707187	-0.006394389274266695	0.03145911291917832	0.025201798144133834	-0.03378081542941424	0.012798024047043895	-0.028780687030955168	-0.01919046757370361	-0.004618095886429096	0.0025665324572660916	-0.0006659597615400033	0.01703741872340479	0.007921372929836601	-0.0013070497606455182	-0.005567148232823016	-0.012816777380560824	-0.004207908224308712	0.014689793098012476	0.0058818671209542135	0.0021218859130424034	-0.014451234531992502	-0.01811689452584736	0.023732997291856798	-0.009880050276182769	0.02304711251532943	0.01956575612211649	0.0004200708838915812	-0.0006781051783725996	-0.008871782720784137	0.014389924054518152	0.003787489302227415	0.004435707351073117	0.008142124098175768	-0.01784024278511123	0.006970900634260573	-0.013380123445997373	-0.004462199067432216	-0.0034279971746700435	0.008634583301780938	-0.0012189965571190453	-0.0031928703401216175	-0.010344012384724157	-0.009759682198901637	0.01090067412592163	-0.010628315927029763	-0.0058432752069427175	-0.0025166818400077975	0.0034031390331715045	0.007724032661452608	-0.004188316303635896	0.0010409185176929307	0.00789938987078551	-0.0039017198263166693	-0.005775336259926133	-0.0008127060762101121	0.002940000403434987	0.0033641007560548182	-4.9577190568736e-05	0.0009812303954354347	-0.0018064370245137187	0.0	0.0	0.0	0.0	0.0	0.0	0.0	0.0	0.0	0.0	0.0	0.0	0.0	0.0	0.0	0.0	0.0	0.0	0.0	0.0	0.0	0.0	0.0	0.0	0.0	0.0	0.0	0.0	0.0	0.0	0.0	0.0	0.0	0.0	0.0	0.0	0.0	0.0	0.0	0.0	0.0	0.0	0.0	0.0	0.0	0.0	0.0	0.0	0.0	0.0	0.0	0.0	0.0	0.0	0.0	0.0	0.0	0.0	0.0	0.0	0.0	0.0	0.0	0.0	0.0	0.0	0.0	0.0	0.0	0.0	0.0	0.0	0.0	0.0	0.0	0.0	0.0	0.0	0.0	0.0	0.0	0.0	0.0	0.0	0.0	0.0	0.0	0.0	0.0	0.0	0.0	0.0	0.0	0.0	0.0	0.0	0.0	0.0	0.0	0.0	0.0	0.0	0.0	0.0	0.0	0.0
S2014F_E5-2-A-F_plate2	0.3089296635076585	-0.12177532126693617	-0.10871944285220858	0.08702509751814397	-0.04862955065752832	0.07976513587121702	-0.0025858707539441264	-0.06349771070448651	0.01311998933628978	-0.10708881636925933	0.05122672891486265	-0.02208399935508968	0.1156778222893351	0.04364488380448645	0.03914292590700822	-0.09623602829339313	-0.006542364249458528	-0.012493412187515509	-0.05981180210545378	0.03348650625406365	-0.07774617288235774	0.11047035098504607	-0.024986111073414526	0.0635281483692989	0.0495632501595998	0.0010565060727232294	-0.04317866299555108	-0.025584084825324295	0.032674873356639565	-0.02733146063897744	0.02157700714353287	0.0014829325725981123	-0.005371363895340989	0.06508293878292627	0.0076635122548516475	-0.037232976638808694	-0.039240295336008514	-0.023846655780612548	-0.012758943049842524	0.014759253379086186	0.02475700643197261	0.01575230825192038	0.01667795705053016	0.034805936798462424	-0.07688304923779114	0.05294698694397654	0.0026378786348847222	-0.020254910258001448	-0.02565092714373101	0.08325056101696209	-0.02841242922110597	0.013782429242901642	0.015498099609807048	-0.01928739752994492	0.007387541492339568	-0.010674721620903136	0.05871533721236777	-0.013079801356810068	0.0035654229896624322	-0.03999060094303489	-0.02395040776820769	0.027012691619966438	0.03290688805795753	0.010248115386530551	0.011873526532512616	0.03376718619651822	0.005457128528527233	-0.014614990302047371	-0.03363643680545774	0.02774166919927639	0.01592865794004826	-9.721038896362822e-05	-0.021016675112049073	0.011815991880627583	-0.018495398162637237	0.009003474318122614	0.005774653494710213	-0.00029793264382525927	-0.006451759423445216	-0.011203001281535003	-0.03543792668732091	0.02379405081966407	0.0019385194191458373	-0.006114343816469981	-0.033922684872126144	-0.010877609551733891	0.009438479218706431	-0.005419969411251308	-0.02645019683166488	0.00880846268554558	-0.00225050976314294	0.0008615966326144584	0.0044033620011940805	-0.013615514387906473	0.004775141989069156	-0.000890829898843728	0.00547048324938252	0.0038733494315892313	0.002532454647267433	-0.0030235401138745343	0.0016224630318406289	-0.0015696383933285036	0.0039001916156534977	0.005419206776646474	-0.002776924524565494	0.000772747960709757	-0.00045444516043851115	0.002654052218127691	0.0	0.0	0.0	0.0	0.0	0.0	0.0	0.0	0.0	0.0	0.0	0.0	0.0	0.0	0.0	0.0	0.0	0.0	0.0	0.0	0.0	0.0	0.0	0.0	0.0	0.0	0.0	0.0	0.0	0.0	0.0	0.0	0.0	0.0	0.0	0.0	0.0	0.0	0.0	0.0	0.0	0.0	0.0	0.0	0.0	0.0	0.0	0.0	0.0	0.0	0.0	0.0	0.0	0.0	0.0	0.0	0.0	0.0	0.0	0.0	0.0	0.0	0.0	0.0	0.0	0.0	0.0	0.0	0.0	0.0	0.0	0.0	0.0	0.0	0.0	0.0	0.0	0.0	0.0	0.0	0.0	0.0	0.0	0.0	0.0	0.0	0.0	0.0	0.0	0.0	0.0	0.0	0.0	0.0	0.0	0.0	0.0	0.0	0.0	0.0	0.0	0.0	0.0	0.0	0.0	0.0
S2014F_E5-2-B-F	-0.0776649264868714	-0.088855507585892	-0.04290725357448363	-0.09023340684709423	-0.12792614655736104	0.03647664617464262	0.1888981195865376	-0.026395206913666244	0.008916534054173763	0.12776739761500097	0.08354207329638151	-0.12503204031306922	-0.08785467691701616	0.00968181153602216	-0.05155033685894674	0.05856758090044547	-0.13280631469673504	-0.03270334676996199	-0.10592401136701304	0.06758037667335573	-0.06443516902782194	-0.020493289323560048	0.017643051756955814	0.024356919091138084	-0.07393795005371093	-0.0007391143393894093	-0.05109172270997336	-0.01408154079369571	-0.0761040971973136	-0.015447000768448857	-0.016602470946982896	-0.00832122818847588	0.014408017620625732	0.025593779648231688	-0.03961554056226413	-0.03894768435939642	0.03452481101418343	-0.007499583321805526	0.006405797919806476	0.02195621846158317	0.026984202113631013	-0.035108363763109406	0.02058174565544519	-0.009536797850897472	-0.0037101643410353707	0.03685363731843431	-0.011299974646928975	0.04651164827404708	-0.022412957131314883	-0.017762489275543206	0.0010273818482924016	0.004921722333585147	-0.01705790583565816	-0.010774608781977012	-0.00968594367196885	0.009299384474893119	0.030066740274830278	0.011983664344490476	0.014865715930188022	0.01744698557759859	-0.003985050899038474	-0.009176059781012604	0.0008611928840245235	0.003560754599129253	0.010840730891719937	0.0005206454612254637	-0.004393482468107252	0.026619131195400363	-0.009655773196542856	-0.002341891735502464	-0.018775847273328525	-0.00277468037753775	-0.00951534647447439	0.006035712873825143	-0.0057018978553878856	-0.012853925394816581	-0.006280577466317615	-0.008621552173802985	0.011803477325372992	0.002720570138136855	0.006680615131636945	-0.008616078351001272	-0.001662665743470181	-0.0021955400377091424	-0.013289442257837172	0.0006862118747182128	0.010776401155123246	0.013480304253645178	-0.0017930388517165834	-0.0053694564504389326	0.013011984976121828	-0.0002598932563584745	-0.0028049825032858875	-0.0012732286551115158	0.0013619443738887747	-0.0004098750430058176	0.008955865780413163	0.006341001963273021	-0.0008334297846289593	0.0026814577578838624	-0.0023126789944786924	-0.0018090713615020193	0.0016098432040349971	-0.001492436444479745	0.0015464664301082266	0.0017042534670422824	-0.001050475153471411	0.0002151360610811212	0.0	0.0	0.0	0.0	0.0	0.0	0.0	0.0	0.0	0.0	0.0	0.0	0.0	0.0	0.0	0.0	0.0	0.0	0.0	0.0	0.0	0.0	0.0	0.0	0.0	0.0	0.0	0.0	0.0	0.0	0.0	0.0	0.0	0.0	0.0	0.0	0.0	0.0	0.0	0.0	0.0	0.0	0.0	0.0	0.0	0.0	0.0	0.0	0.0	0.0	0.0	0.0	0.0	0.0	0.0	0.0	0.0	0.0	0.0	0.0	0.0	0.0	0.0	0.0	0.0	0.0	0.0	0.0	0.0	0.0	0.0	0.0	0.0	0.0	0.0	0.0	0.0	0.0	0.0	0.0	0.0	0.0	0.0	0.0	0.0	0.0	0.0	0.0	0.0	0.0	0.0	0.0	0.0	0.0	0.0	0.0	0.0	0.0	0.0	0.0	0.0	0.0	0.0	0.0	0.0	0.0
S2014F_E5-3-B-F	0.2245978370160509	-0.020766474139981932	-0.003274387016094367	0.058240206718387554	-0.10453751181246371	0.09411679059999258	0.05185285136243934	-0.1039072209981774	0.09302727812674688	-0.13119657413744995	0.04359712336583129	-0.026238778705955357	0.015854516357400324	0.07051112903142714	0.018461239933221324	-0.06624543318627207	0.07097712452570751	-0.0038919021053760014	-0.015490222122911033	0.10226185273109327	-0.006356776881523266	-0.026331975469423858	-0.03723137151640071	-0.007773088739133422	0.049700082122743384	-0.03510913061842896	0.028173334642650507	0.04387831182595606	-0.01764772511589338	-0.0022053672135637246	0.0672673283373046	0.03306073848896435	-0.07246644632663637	-0.005026739733598664	-0.02930406117454646	0.007151877079903867	0.010032037451686408	-0.04040862774492184	-0.07951075747824113	0.003677819483249799	-0.06712984247981633	-0.046254989424280774	-0.006900005617384075	0.008042978395395788	-0.010071982755729266	-0.008389195143388912	0.027741880385338744	0.023115380211826003	0.021110902189406307	-0.056708271501205616	-0.01996437304807893	0.009443985383207596	-0.018861336065116384	0.030659322184498128	0.01808225130006604	-0.0219517241925548	0.0312570693152968	0.01810211113346781	0.000782463493076627	0.039584907704660555	0.03498446680502559	-0.012910284981352063	-0.010121460531806376	0.020589154481106455	0.019470355714418866	-0.031182529213489817	0.01707533216016686	0.00489620973661939	-0.0017848025237355617	0.024075153372732964	-0.023095374643949444	-0.0027885274680815204	0.01853564440953534	0.029065391103124855	0.02956212168328956	-0.0074718441883704105	0.021846009698901978	-0.025710680386581322	0.026616516977347113	0.004565379111496952	-0.006646651109943202	-0.020560175221477506	-0.0018305477333270467	0.007433616169310398	-0.00823602653724389	-0.001445515522087008	-0.0117147281078674	-0.01858173833005379	-0.01734916300973443	0.0026433511945708563	0.004445096985155066	-0.014144119248933605	-0.0055201308192689025	-0.01489844747300424	0.011386254966720391	0.008151176682336368	-0.00549228348045566	0.000984964743468877	-0.011329316988045486	-0.0022992527360947215	0.0009515083654882332	0.0013505181973045622	-0.0017769539010025121	-0.008043741636158884	-0.001951487685718123	-0.001403630548643136	0.0004463925761740041	-2.69135319165629e-05	0.0	0.0	0.0	0.0	0.0	0.0	0.0	0.0	0.0	0.0	0.0	0.0	0.0	0.0	0.0	0.0	0.0	0.0	0.0	0.0	0.0	0.0	0.0	0.0	0.0	0.0	0.0	0.0	0.0	0.0	0.0	0.0	0.0	0.0	0.0	0.0	0.0	0.0	0.0	0.0	0.0	0.0	0.0	0.0	0.0	0.0	0.0	0.0	0.0	0.0	0.0	0.0	0.0	0.0	0.0	0.0	0.0	0.0	0.0	0.0	0.0	0.0	0.0	0.0	0.0	0.0	0.0	0.0	0.0	0.0	0.0	0.0	0.0	0.0	0.0	0.0	0.0	0.0	0.0	0.0	0.0	0.0	0.0	0.0	0.0	0.0	0.0	0.0	0.0	0.0	0.0	0.0	0.0	0.0	0.0	0.0	0.0	0.0	0.0	0.0	0.0	0.0	0.0	0.0	0.0	0.0
S2014F_E5-3-C-F	0.14237161537047183	-0.008636189360107257	-0.03174655709349599	-0.010480633120860852	-0.07331693677413081	0.08458555943629448	0.08922468646927728	-0.07407991508510627	0.07613253642752836	-0.1028911367535697	0.027607878219757985	-0.08340941819826062	-0.010894386323902395	0.07925643830368406	0.04987393890996554	0.03446755243434765	0.10086967134733195	-0.043065159650232304	-0.04351734732724454	0.023345511408330726	-0.02848614135893189	0.007521032912148644	-0.024046228317931854	-0.020449133198723057	-0.016203303458568487	-0.05072710241078848	0.02140859160761327	0.019296132755042605	-0.02018859461972224	-0.0157023411350604	0.044803254344707624	-0.0008164503177714768	-0.029024026465105834	-0.020034468486420744	-0.018079584551039567	-0.017216753487638466	-0.0007714352791768513	-0.06564430226281931	0.010017125708642965	-0.08437036607805608	-0.004745556514098527	-0.016084079675106323	0.015070549091103709	0.03160855858640199	-0.02306997536540465	-0.026685332229416003	0.005639602569981368	0.0004743587336543538	-0.00472162104611822	0.028427073375814245	0.0333977328899231	0.03916878431080376	-0.003494517604348414	-0.033002427658320344	0.032423209305144134	0.017352752881937952	-0.0344526522481673	-0.004745372537370217	-0.040754970980829294	-0.027635492699915595	-0.006573853914324967	-0.01322792961004739	0.013925416529167817	-0.015119060953725652	0.011449028435563178	0.020011392436921228	-0.0014824730397563987	-0.016479992781850066	0.022827825473495864	0.004659391484442604	0.0057836995353784575	0.016701606192944047	0.01456015369871973	-0.0029064733436133163	-0.011212112892399023	0.002180070327026162	-0.008767199720954074	-0.021771925964572426	0.013077456859394966	-0.01359661419073333	0.001716575270015359	0.013123637989077435	-0.016505172243203258	0.0019462734373735299	0.009036127153764117	-0.004100409179356579	0.0018130257752551383	0.0004998208838856008	-0.0003709845140443035	-0.01693227238995249	-0.008542824701636142	0.017138315957983135	0.0008671690548198726	0.0014362532554603165	-0.018198974943008494	-0.00443009433230372	0.014964542456697327	-0.005843196764666265	-0.00033663431245116915	0.009988405866076848	-0.0004103504750059838	0.0027363967369413685	0.004021440920785324	0.009970671786784142	-0.005483786026545263	0.00011908002729670147	-0.0006566682351266253	-0.001912324162490518	0.0	0.0	0.0	0.0	0.0	0.0	0.0	0.0	0.0	0.0	0.0	0.0	0.0	0.0	0.0	0.0	0.0	0.0	0.0	0.0	0.0	0.0	0.0	0.0	0.0	0.0	0.0	0.0	0.0	0.0	0.0	0.0	0.0	0.0	0.0	0.0	0.0	0.0	0.0	0.0	0.0	0.0	0.0	0.0	0.0	0.0	0.0	0.0	0.0	0.0	0.0	0.0	0.0	0.0	0.0	0.0	0.0	0.0	0.0	0.0	0.0	0.0	0.0	0.0	0.0	0.0	0.0	0.0	0.0	0.0	0.0	0.0	0.0	0.0	0.0	0.0	0.0	0.0	0.0	0.0	0.0	0.0	0.0	0.0	0.0	0.0	0.0	0.0	0.0	0.0	0.0	0.0	0.0	0.0	0.0	0.0	0.0	0.0	0.0	0.0	0.0	0.0	0.0	0.0	0.0	0.0
S2014F_E5-C-2-F	0.15125569613358683	-0.0303673435642734	-0.06375886626536967	-0.03301545146274643	-0.017424669190467548	0.015041061032483854	0.029345550284280483	-0.07376091367843277	-0.08587228957745781	-0.05885149676107383	-0.06732433190947623	-0.05078302482406277	-0.08249628285221289	-0.009603739797525986	-0.053222017779437164	-0.05253945382777976	0.07307884892618957	-0.06416668054869104	-0.0011098880059398116	0.014375331638456628	0.038892933218516015	-0.04014619501993734	-0.18887888465782438	0.058289765345253194	-0.06147220244460355	0.005949838243903466	0.010230927432329858	-0.01013523994797456	0.007623017063194639	0.050805429515741345	-0.07342268953853677	-0.015109502456681474	0.03052652171650827	-0.02948139465759362	-0.045996130432483434	0.02610123750224143	-0.0294581245550317	-0.00941602061816566	0.09593589502584475	-0.04920012051446292	-0.013715432183673935	0.022036021160042253	0.00035507817752052935	0.01514688269811934	0.006624312992391922	0.03700328100333656	0.010530119542960561	0.01644644346488029	0.03619254711660018	0.014678958177035586	-0.03145904510787156	0.006231438467885819	-0.026390555556765248	-0.01979449080814625	-0.0033976404030754788	0.04017836894021343	0.012911669376755319	0.026799364523099573	0.020117152324302348	-0.034738101711911704	0.011914451231314878	0.006134992109186098	-0.009288946775287524	0.02720375079487322	0.04245566609083677	0.009538953706930498	-0.0021719058017939837	-0.0015467250709337418	0.020431306971655783	0.007049342138045325	-0.03413339545251608	0.01815481140893267	-0.0008474233794029909	0.008365076871401849	0.019121642792293347	-0.010532758153167399	0.019153341298992092	0.024828301824901373	0.021385763205417185	-0.0041271820273255195	-0.026032372501084124	-0.006625381253043339	0.02158780498097482	-0.01863211640357206	0.000629645691238609	0.022284405493284188	-0.0007795643166205813	0.014637482000903793	-0.012969606237092686	0.005864754903026101	-0.0024711868679727846	0.005253514772571087	-0.009531407252672734	-0.005836713968372559	-0.0014930839506977548	-0.0028176560376642168	-0.0012330313306419406	-0.0021074676589148186	0.0075294111753152065	-0.0055308740127031015	-0.0007486453028563126	-0.0041105947733797825	0.001652586333682858	-0.006815213037145216	-0.00212023667872811	-0.0015386977124382047	0.0009904316690810583	0.0007465996095704841	0.0	0.0	0.0	0.0	0.0	0.0	0.0	0.0	0.0	0.0	0.0	0.0	0.0	0.0	0.0	0.0	0.0	0.0	0.0	0.0	0.0	0.0	0.0	0.0	0.0	0.0	0.0	0.0	0.0	0.0	0.0	0.0	0.0	0.0	0.0	0.0	0.0	0.0	0.0	0.0	0.0	0.0	0.0	0.0	0.0	0.0	0.0	0.0	0.0	0.0	0.0	0.0	0.0	0.0	0.0	0.0	0.0	0.0	0.0	0.0	0.0	0.0	0.0	0.0	0.0	0.0	0.0	0.0	0.0	0.0	0.0	0.0	0.0	0.0	0.0	0.0	0.0	0.0	0.0	0.0	0.0	0.0	0.0	0.0	0.0	0.0	0.0	0.0	0.0	0.0	0.0	0.0	0.0	0.0	0.0	0.0	0.0	0.0	0.0	0.0	0.0	0.0	0.0	0.0	0.0	0.0
S2014F_E7-1-A-F	-0.19685703923676348	0.050112180820830486	-0.04196888969507359	-0.06723263473590703	-0.09750847368928722	-0.036943827833550824	-0.008285420763034028	-0.03107956313316832	0.04055181608742994	0.025982557890017254	0.006495904961138583	0.03187576344936716	0.004560369983795667	-0.03826257042656935	0.03411148977824667	-0.05021082804948485	0.007555004789980019	-0.018835589172106218	-0.048833609603927776	-0.04431261964808306	0.03519604908717026	-0.018413474134041926	-0.02373122453933529	-0.053339835472524945	-0.013475394352803675	0.016196522314319655	-0.025630271527965057	-0.019419577411113807	-0.003024287288642005	0.02707890114958786	-0.014187256358683847	-0.024514665196255944	0.04100164036397106	-0.016303068011884254	0.007513619950197935	-0.006962609328085718	0.0032183098006571312	-0.009112202289322057	-0.00012163946145060035	-0.021607395757584087	0.009010896311970043	-0.011327065751995453	-0.019653200623183716	-0.005638127310537806	-0.02312150900188102	0.004048457811847077	0.0014423391738211718	-0.02029558389453029	0.02867906427183815	-0.002932823061372093	0.01133719891408345	0.001959056424925066	0.009026664726051908	-0.00832110043172223	0.014755375312691145	-0.007875544857840899	-0.0020061528862293987	-0.0060705486281275875	0.01408141698856522	-0.01703718062292304	-0.002664145406981435	-0.012803922334087944	-0.006446299457778356	0.015841987287597933	8.62076677172121e-05	-0.013919918660117492	0.03244784164223531	0.006343777456161717	0.01511388577905422	0.00240033607374264	0.008837606225707312	0.0025268157149481918	0.010493701554437452	0.010432368563956233	0.005794247736861944	-0.0006156835148663637	0.0009530748653505814	-0.0152587218775695	-0.005788739029446789	-0.00015236527683484797	-0.005687457150119956	-0.00651275443426244	-0.01171219957222184	-0.003999176333803139	1.7307554309754034e-05	0.0067399690436675975	-0.008334570562840562	0.0012540608923383443	0.008900245173177427	0.003495067086315832	0.012651029707785597	-0.0024913270867403716	0.00863498443742839	0.003853683594111016	0.002167265009619785	0.012790743958371596	0.005017474583540054	0.0030405732750388615	0.005796989791542528	-0.010799165801667546	0.0019366677919784368	0.0002818362710102547	-0.0031177945573381124	0.0035267852951597935	0.010371959253169676	-0.00012407469244518583	-0.0032697312022749465	0.0009000771490131587	0.0	0.0	0.0	0.0	0.0	0.0	0.0	0.0	0.0	0.0	0.0	0.0	0.0	0.0	0.0	0.0	0.0	0.0	0.0	0.0	0.0	0.0	0.0	0.0	0.0	0.0	0.0	0.0	0.0	0.0	0.0	0.0	0.0	0.0	0.0	0.0	0.0	0.0	0.0	0.0	0.0	0.0	0.0	0.0	0.0	0.0	0.0	0.0	0.0	0.0	0.0	0.0	0.0	0.0	0.0	0.0	0.0	0.0	0.0	0.0	0.0	0.0	0.0	0.0	0.0	0.0	0.0	0.0	0.0	0.0	0.0	0.0	0.0	0.0	0.0	0.0	0.0	0.0	0.0	0.0	0.0	0.0	0.0	0.0	0.0	0.0	0.0	0.0	0.0	0.0	0.0	0.0	0.0	0.0	0.0	0.0	0.0	0.0	0.0	0.0	0.0	0.0	0.0	0.0	0.0	0.0
S2014F_E7-2-C-F	0.42034811207734774	-0.07146614118053833	-0.072885765033197	-0.0010778481478900433	-0.044487555490664965	-0.10320295892801011	-0.028009304957241302	0.09556671715958566	-0.0025445049253564373	0.052596448178059356	-0.019973412833780117	0.032085298076680244	0.03628289630291524	-0.011139027340196866	0.05257882025508921	0.06426799791113542	-0.028295399380455246	-0.1001085135794649	0.04389894054720364	0.038335077521081964	-0.0065104187859232115	-0.031034052370005952	0.04456796579988267	-0.018471031624693834	0.0027505228664459857	-0.050440405912436495	0.034783169860748496	-0.055250548566017944	0.06115264812338031	-0.0004265830545476177	0.01860580318019691	0.0021207027174509267	-0.014872180908298319	-0.040746770958608805	-0.07118891044010014	-0.023792966171313257	0.022454554768529266	0.005503924832324288	-0.030982031866375388	-0.04029684246747927	-0.03802354015093301	0.02215341623698803	-0.0017963233642712623	0.03271714103030583	0.009784928202225771	0.01588187845366309	-0.06747611289712843	-0.020824235521763525	0.015622297740701887	-0.020768529873214224	0.01967987132013521	7.10891360144292e-07	-0.018619408996576034	-0.019260011197830405	0.03302155586212336	0.028216941137818582	0.029102625640072072	0.01606377236460954	-0.019667324378130437	0.001977978096275445	-0.017082370910916602	0.02338848289214934	0.032254866344426335	0.010183304876669361	0.0007544420296191482	-0.011733018338623545	-0.0038936566776802467	-0.0039009328026626076	0.009748376712382737	-0.010099204177415753	-0.007119615676337737	-0.02774149679170555	0.010301903418740871	0.013006119924841976	0.014456826138754887	-0.0008244170075432502	0.016206529623434413	0.0019442636049087588	-0.016513369859230437	0.004145519269994346	0.010184668793159041	0.026826139382873482	-0.016229518476866045	-0.002662323030913585	-0.008807479587393266	0.0036017721299905206	0.013386179244145171	0.03237481518188191	0.026547110029120077	0.0035139405686736595	-0.014150345959182374	0.005779999784812843	0.008361631205849119	-0.01191500806354329	0.009211956340684767	0.0004306604057458578	-0.010953181368950779	-0.0024354958787193176	0.0030707812112860983	-0.004793898474507094	-0.00681959565961423	-0.0034701059063907435	-0.005886094875768042	0.012188106282392745	0.0023976615538652646	-0.0010995804487565325	0.0005825671887005047	-0.0005052616025771917	0.0	0.0	0.0	0.0	0.0	0.0	0.0	0.0	0.0	0.0	0.0	0.0	0.0	0.0	0.0	0.0	0.0	0.0	0.0	0.0	0.0	0.0	0.0	0.0	0.0	0.0	0.0	0.0	0.0	0.0	0.0	0.0	0.0	0.0	0.0	0.0	0.0	0.0	0.0	0.0	0.0	0.0	0.0	0.0	0.0	0.0	0.0	0.0	0.0	0.0	0.0	0.0	0.0	0.0	0.0	0.0	0.0	0.0	0.0	0.0	0.0	0.0	0.0	0.0	0.0	0.0	0.0	0.0	0.0	0.0	0.0	0.0	0.0	0.0	0.0	0.0	0.0	0.0	0.0	0.0	0.0	0.0	0.0	0.0	0.0	0.0	0.0	0.0	0.0	0.0	0.0	0.0	0.0	0.0	0.0	0.0	0.0	0.0	0.0	0.0	0.0	0.0	0.0	0.0	0.0	0.0
S2014F_E7-3-A-F	0.2365254931146568	-0.009977977407015325	-0.019270342952114248	0.010336064803314787	-0.04445230139846594	-0.014518188123224586	0.0477466003379946	-0.011532965994307292	0.053821723087502285	-0.0804906817029969	0.03207334455126687	0.056318716597794305	-0.09344731213565129	0.031291268277839915	-0.07479999092449932	-0.08366816167152892	0.020668281069972594	0.03989110888252318	-0.004630908318215025	0.05313444312646383	0.029533398147593763	-0.12928231582582234	0.017050359935785284	0.019691593462588166	0.048986902608476456	-0.0885094106446005	-0.005906345005479778	0.01803730451793038	0.037065910325996	0.0019894311501521215	0.010104205223846034	0.10149100704371433	-0.03286861831635251	0.09581342053809307	0.008320450908065435	-0.0035803331743039456	0.021407384511258874	0.038260717486126423	-0.024052754400817954	0.02246519139907482	0.07110600128232838	-0.008006796207460256	0.010932871307529403	0.01093276320131335	-0.02473598204317439	0.013905357869566086	0.0271288638391823	-0.022082392399825134	0.013266568854420686	0.03492383330839467	0.0005577652665051936	-0.012099593500402761	-0.01825706494399291	0.0304272152399936	-0.01901424114174804	-0.034732383662586144	0.01936635512042261	0.015731675123341112	0.00623606190660733	0.018401319674226663	-0.010112008670429771	0.0015321017756644995	0.03414168425966789	-0.02174833851368355	-0.029379935246849974	0.0058684418800401565	0.013665025759662166	0.0016202213487637592	-0.02009857804601634	-0.00692876998491719	0.019133076594438202	-0.011687748122036799	-0.01294986336442329	0.02594342129542389	0.003575505783030405	-0.0021112627508563632	0.018928552286522484	0.022629169837768116	0.004012205857355996	-0.0014790947304019982	0.0032614575424391415	0.02960202465597245	-0.00037888980326029236	-0.008336091574280067	0.026112917136511815	-0.008707266892443213	-0.01490585336319064	0.014946181073955702	-0.0033534527909106033	0.014988453532308375	0.0029520002333230846	0.012324715947410653	0.0006222098847113056	0.01544976733811198	-0.003533361578739348	0.005351134371685272	0.0034597951550196376	-0.0015779550523433957	0.005693435104062184	-0.00540545471452308	-2.4795385161105384e-05	-0.010237578175127248	-0.010735979734033263	-0.0039741529425591105	0.0030475073506224352	-0.0021001352779805704	0.00112442041560002	-0.0027080886353142313	0.0	0.0	0.0	0.0	0.0	0.0	0.0	0.0	0.0	0.0	0.0	0.0	0.0	0.0	0.0	0.0	0.0	0.0	0.0	0.0	0.0	0.0	0.0	0.0	0.0	0.0	0.0	0.0	0.0	0.0	0.0	0.0	0.0	0.0	0.0	0.0	0.0	0.0	0.0	0.0	0.0	0.0	0.0	0.0	0.0	0.0	0.0	0.0	0.0	0.0	0.0	0.0	0.0	0.0	0.0	0.0	0.0	0.0	0.0	0.0	0.0	0.0	0.0	0.0	0.0	0.0	0.0	0.0	0.0	0.0	0.0	0.0	0.0	0.0	0.0	0.0	0.0	0.0	0.0	0.0	0.0	0.0	0.0	0.0	0.0	0.0	0.0	0.0	0.0	0.0	0.0	0.0	0.0	0.0	0.0	0.0	0.0	0.0	0.0	0.0	0.0	0.0	0.0	0.0	0.0	0.0
S2014F_E7-3-B-F	0.3546707758149964	-0.12070497499957913	-0.0779844576797142	0.08729771257708636	-0.020715729978173232	-0.004692813873517378	0.007618085584298052	0.054497080455858236	0.03520146581703521	-0.07800663750367945	0.04895081796275018	0.060448802114877784	-0.06811939008864373	0.023674032149118604	-0.02702749101708593	-0.12939278283452155	0.006816562969224259	0.07796420484160511	-0.04774879746627548	-0.0005267478415155047	0.03166989506241364	-0.043945586716214256	-0.013145606563870368	-0.09792921826165218	0.06605993417779656	0.04394313248947859	-0.05207342968542003	-0.08651596010113229	-0.007251314873863009	-0.056204998738385144	-0.06939480809872262	-0.004711085839977511	0.03045528095713592	0.03980863184758746	-0.00017040905115313243	-0.004074241844104183	-0.05759898171826463	0.12487240236115203	0.056181790303568464	0.0022195253951183273	0.00843730158494377	0.08653168883731051	0.07490105765763373	0.06261934127871362	-0.006763560280637598	-0.0721152567323285	0.026387575076686147	0.015449392537307363	0.018257557635181873	-0.010398319032970872	-0.05717559100698852	0.06048613099882301	0.0017235227553612387	-0.05382124007999134	0.007692478678694263	0.008320685225927537	0.026836927584004654	0.010230537733695593	0.01605445204713615	0.00984639614531981	-0.013997160795820767	-0.018887121083879337	-0.02422788176393277	-0.02856457542868099	0.04322272142863773	-0.025690723189777723	0.008812192084523702	0.013575564663463291	-0.0062071563710775655	-0.0046059971062915065	-0.005436263351330046	-0.016464942800140107	-0.014704090527449837	0.002968778917662147	0.011309815096700475	-0.01920511257551393	-0.03806407573492765	-0.01316114581215759	-0.002621344183274923	0.015450490481578557	0.005584414202368525	0.012679951383539131	-0.008720777796510972	0.0016639583752504682	-0.0047523978938434006	-0.0011767799783037607	-0.005553640200149365	-0.015838977726786066	0.017859888833650053	-0.0016825923154349253	0.0014504139466686614	0.009450134460457782	0.001244417120476522	-0.004299698761576685	-0.009016726841343064	-0.00048702509394822304	-0.008362577603366977	0.002748780121140093	-0.0014995441584601456	0.004071041538590801	-0.0026593537764587707	0.007591500628393555	0.00023192909747213794	-0.0023888971463877228	-0.00033560299532650145	0.00022028746061859844	-0.0004071132374779043	-0.0011039415623579217	0.0	0.0	0.0	0.0	0.0	0.0	0.0	0.0	0.0	0.0	0.0	0.0	0.0	0.0	0.0	0.0	0.0	0.0	0.0	0.0	0.0	0.0	0.0	0.0	0.0	0.0	0.0	0.0	0.0	0.0	0.0	0.0	0.0	0.0	0.0	0.0	0.0	0.0	0.0	0.0	0.0	0.0	0.0	0.0	0.0	0.0	0.0	0.0	0.0	0.0	0.0	0.0	0.0	0.0	0.0	0.0	0.0	0.0	0.0	0.0	0.0	0.0	0.0	0.0	0.0	0.0	0.0	0.0	0.0	0.0	0.0	0.0	0.0	0.0	0.0	0.0	0.0	0.0	0.0	0.0	0.0	0.0	0.0	0.0	0.0	0.0	0.0	0.0	0.0	0.0	0.0	0.0	0.0	0.0	0.0	0.0	0.0	0.0	0.0	0.0	0.0	0.0	0.0	0.0	0.0	0.0
S2014F_E7-3-C-F	0.39232304778517124	-0.109195467589486	-0.11451533795464097	0.012819151377453767	-0.01203481050120836	-0.0541080294209963	0.012186669124510451	0.05811099514726926	0.04178626736309881	-0.00782763353521261	0.0408956692520151	0.026182676710708133	-0.014104169671962928	0.00357472664328197	0.015557783585065769	0.01022025356818703	-0.007359488355000756	0.04163933067679086	0.028601876057802858	0.004423652942310729	0.0586918145594753	-0.11004083934951851	-0.03710592786414056	-0.06281535287412762	0.06160837181280776	0.053788761436267415	0.001919374991493242	0.050405303818089824	-0.02101958830985052	-0.03116116985968973	0.01245846092015789	0.03146319132966886	0.009283082193537613	0.006871067367136428	0.005111340399647653	0.013354433587173212	-0.04402415450978741	0.021513816510217224	-0.02727906219117991	0.052753813947209675	-0.034356232684233594	-0.09025967485679995	-0.02225730682475069	-0.04582169801543683	0.021377327414920357	-0.032570077799650626	0.02237944948847066	0.05391032415975411	-0.02615066808814396	0.011530228988385524	0.00787699436561646	0.00547958658377822	0.0023423293533841247	-0.01447211322331062	-0.020619356271795827	0.036327514776775774	0.020657831197713906	-0.02110574757958262	-0.0057899473225271544	-0.01257586572551618	-0.03372327123313838	0.010165723113581954	-0.0045491429056478275	0.08597481763056328	0.003636698838319102	0.007276848613876519	-0.004153825836464745	0.010813555537524418	0.038111221420515824	0.029162284252942202	0.0015743826974576112	0.020997993749914456	0.011645419688786424	0.02059349424820818	-0.009063206870887422	-0.02625065879743173	0.011535910112529388	-0.0058643204235803255	-0.02387125496790767	-0.002312463774331517	0.01209738600732166	-0.010085025331351074	-0.00023850535080840855	0.007984584246463585	-0.027584807043113276	-0.009334294721781447	-0.009177901453750827	6.277718511010327e-05	0.013957881249442378	-0.014670493258255595	-0.022739849491598137	0.009009386657709556	0.015150642809356237	-0.008739862740016608	0.007842496598977405	-0.0050226305501505026	0.006719958117778059	-0.005980696075093294	-0.00761598830165153	-0.0015550052881922682	0.005110674223455628	-0.0027843999099144033	-0.0022443509971838828	-0.0007698672381219601	-0.0009758120994628102	-0.0032878562098368055	0.0022714925676003412	-0.0020469296554564524	0.0	0.0	0.0	0.0	0.0	0.0	0.0	0.0	0.0	0.0	0.0	0.0	0.0	0.0	0.0	0.0	0.0	0.0	0.0	0.0	0.0	0.0	0.0	0.0	0.0	0.0	0.0	0.0	0.0	0.0	0.0	0.0	0.0	0.0	0.0	0.0	0.0	0.0	0.0	0.0	0.0	0.0	0.0	0.0	0.0	0.0	0.0	0.0	0.0	0.0	0.0	0.0	0.0	0.0	0.0	0.0	0.0	0.0	0.0	0.0	0.0	0.0	0.0	0.0	0.0	0.0	0.0	0.0	0.0	0.0	0.0	0.0	0.0	0.0	0.0	0.0	0.0	0.0	0.0	0.0	0.0	0.0	0.0	0.0	0.0	0.0	0.0	0.0	0.0	0.0	0.0	0.0	0.0	0.0	0.0	0.0	0.0	0.0	0.0	0.0	0.0	0.0	0.0	0.0	0.0	0.0
S2014F_E9-2-A-F	0.2765731579551135	-0.11020291287574642	-0.12438466577511015	-0.09128222016752384	0.023906492572422295	0.027922317637630777	-0.024426347641449245	0.031363073765393545	-0.04576608575451894	-0.001037230248767483	0.006334441054107404	-0.0210966607015998	0.0820354135219584	-0.05840544023360478	0.04622635229380676	0.03407491233636741	-0.020798244349669225	0.08212679417561826	-0.004189275772887622	-0.09045166574421966	0.028467426816230535	0.008522259745735485	-0.003200599952106835	0.028044299073973624	-0.09570937184053413	-0.02241296070024799	0.003264899962548986	0.01878614732688825	-0.002299039581003152	0.00023239746749553896	0.027281896179382897	-0.0028091867320498044	0.043104068101415274	0.02706901249365131	-0.004547312213612532	-0.04170109160036775	0.02229646122868749	0.05298220805875003	-0.003755622683030148	0.010657254010037016	-0.005745301118915814	0.008524862956544728	0.03310844773168727	-0.037144012474440546	0.04306990494652191	0.04559357449943182	0.04174593132918639	0.033097668696220606	0.06465813225456692	-8.701433090381813e-05	-0.06254904846027212	0.008496928309538212	-0.011504445744422396	0.018359453503056625	0.005450059156066493	-0.0162416549487014	-0.012943791241480545	0.006946405005754075	-0.020782710664843235	-0.017315812999506817	0.027169887530862625	0.01169211512321273	0.03012547718680202	-0.016150853546995088	-0.0002646641355640928	-0.018722353198738745	-0.02664327328233016	0.008184343346293794	0.030786466564854963	0.03575182910739461	-0.02419696745674251	0.0009382325765834021	-0.012379178544942934	0.004052257295755754	0.012385615926616718	-0.008428932704062007	0.01148173074927653	0.04529874967296507	0.01541149577970917	-0.009627511202481455	0.01856483511395602	0.03479031414301849	-0.0027477225760910826	-0.009837890640068351	-0.011383683856905288	-0.00800602820553532	0.0006785443933183395	-0.009972138638163746	0.01123204048787716	-0.0005772498668170464	-0.01673827197756087	-0.021837306578306223	-0.004956476912982016	0.007853117296119684	0.004249457282046701	0.0034713128003814853	-0.010533547874923053	0.006668700716376753	0.0026582579711943556	-0.004818488327522575	0.008967362578366755	0.007481520256405407	0.0018086546028858333	0.010500747722186813	-0.0013471493048734023	-9.55748262023188e-05	-0.0011459897430542776	-0.002073375339904796	0.0	0.0	0.0	0.0	0.0	0.0	0.0	0.0	0.0	0.0	0.0	0.0	0.0	0.0	0.0	0.0	0.0	0.0	0.0	0.0	0.0	0.0	0.0	0.0	0.0	0.0	0.0	0.0	0.0	0.0	0.0	0.0	0.0	0.0	0.0	0.0	0.0	0.0	0.0	0.0	0.0	0.0	0.0	0.0	0.0	0.0	0.0	0.0	0.0	0.0	0.0	0.0	0.0	0.0	0.0	0.0	0.0	0.0	0.0	0.0	0.0	0.0	0.0	0.0	0.0	0.0	0.0	0.0	0.0	0.0	0.0	0.0	0.0	0.0	0.0	0.0	0.0	0.0	0.0	0.0	0.0	0.0	0.0	0.0	0.0	0.0	0.0	0.0	0.0	0.0	0.0	0.0	0.0	0.0	0.0	0.0	0.0	0.0	0.0	0.0	0.0	0.0	0.0	0.0	0.0	0.0
S2014F_E9-2-B-F	0.3870271993535718	-0.122044982903175	-0.15426506483046126	-0.05445263891813219	-0.025862548171891972	-0.07488129488199644	-0.07133225522313898	0.05284109716730712	0.023754567172608126	0.00959364435731884	0.03268367187372577	0.032361837362568965	0.05289282688400636	-0.0008707749805227292	-0.01094239334314766	0.02156649249832669	-0.022096679834219122	0.03277471531093596	-0.04552087868476402	-0.06648579448458554	-0.018804881264589405	0.07046636799281261	-0.0021266901655480463	0.03815261536740177	0.0008219989377943369	0.012159278314545071	-0.08003339824857747	-0.025239263274357753	0.0001263411220751174	-0.03166896178944197	0.005319248810150315	0.008445047214978695	-0.011752446985882114	0.016738292919475206	0.003325273763226209	0.006921618524353194	-0.019183751113725177	0.028257725947151844	0.0006024667308115627	-0.010197142095028654	0.027910873020324224	0.02848049564259621	0.0005015031715361452	-0.04522544390280651	-0.03831458466209639	0.004440281356366504	-0.00907770085328684	-0.005319105974004292	0.00453449784896573	0.07629474180299628	0.024643978217120433	0.024600302988295263	0.02388326348628968	0.017545124505462802	0.030338933870836974	-0.05896998506703603	-0.03291139708816851	-0.022535395618550957	0.027241631961021175	0.002479078924936501	-0.0014718881403353002	0.007611344421090763	-0.02484829710111701	-0.011600639510916345	0.005081302853910848	0.014323726790527663	-0.01025770462653024	0.02609331510205599	0.0012247663699707684	0.013025843565347682	-0.019562813917685676	0.019968092498251398	-0.014675905808136628	-0.011726699429765767	-0.006479599922673172	0.029502741461267353	-0.010688953046128886	-0.03071869827440047	-0.012101239000265803	0.0029706125920900867	-0.03784660001403361	-0.01675963127821405	0.01132771152176529	0.0032995479848175174	-0.004523677996368828	-0.0004404193326056305	0.003719230508157073	0.024410723250218192	-0.00720795601827676	-0.012327274085933865	0.002090880521423626	-0.0038880106255853144	-0.0030210845409817527	0.009438311273381742	0.007515689552387648	0.00866142173817211	0.010794315581610509	-0.0077246758575751796	-0.014320566919680812	0.0005861814289483902	-0.0013033776172319826	0.004091754921490895	-0.005760529421543238	-0.002354316973930645	0.005075739821813962	2.776588029125802e-06	0.001714070746914591	-0.0030436101888915877	0.0	0.0	0.0	0.0	0.0	0.0	0.0	0.0	0.0	0.0	0.0	0.0	0.0	0.0	0.0	0.0	0.0	0.0	0.0	0.0	0.0	0.0	0.0	0.0	0.0	0.0	0.0	0.0	0.0	0.0	0.0	0.0	0.0	0.0	0.0	0.0	0.0	0.0	0.0	0.0	0.0	0.0	0.0	0.0	0.0	0.0	0.0	0.0	0.0	0.0	0.0	0.0	0.0	0.0	0.0	0.0	0.0	0.0	0.0	0.0	0.0	0.0	0.0	0.0	0.0	0.0	0.0	0.0	0.0	0.0	0.0	0.0	0.0	0.0	0.0	0.0	0.0	0.0	0.0	0.0	0.0	0.0	0.0	0.0	0.0	0.0	0.0	0.0	0.0	0.0	0.0	0.0	0.0	0.0	0.0	0.0	0.0	0.0	0.0	0.0	0.0	0.0	0.0	0.0	0.0	0.0
S2014F_E9-2-C-F	0.28574184239471245	-0.05109776203371231	-0.12888316159818283	-0.04884240797183002	0.0711221959749111	-0.029121272962784606	0.03682681978761654	-0.009810801517246209	-0.06793267944262472	0.022944622165608206	0.00667584577515802	0.022023588379758544	-0.04645724948020823	-0.0499459412224887	0.017363266333471957	0.09832211474532189	0.04919010823883361	-0.053187376936025085	0.012039265229207837	-0.05137057130414172	-0.006602647888393021	-0.014081251011699334	0.01088671396959277	0.04688548505965876	-0.05974680264671561	0.018758358276991745	-0.006014996183291673	0.031850403290449546	-0.004416555179969837	0.08249110479187696	0.008503225463551044	0.03350178226648289	0.0061648137654176805	-0.014794266401922732	0.031103951897587884	-0.04142650026929373	0.04571763458499149	0.014623230734172921	0.015130222264362784	0.003689186639443324	0.01731015422240928	0.016154415302868347	-0.032861226600111176	0.023831143736329715	0.018872751916854124	-0.01197231995623775	0.016970751465499718	0.008844603485638614	-0.004633446157001202	-0.004402404705129381	-0.03242721950630055	-0.012170043616538503	-0.05016630903861946	0.006978033792444523	0.006042078467480745	-0.0009382322112728858	0.027567336944193978	0.01059493274976301	1.99380268778545e-05	0.016361523571963254	0.00032446436030826234	-0.01373926601974046	0.034652599154826096	-0.018317800220504266	0.010637027726398272	0.005938428829117286	-0.0010778940644726178	-0.018716387228430654	-0.006564014845263282	0.010086512206130438	0.04104880090035802	-0.00014935927552697743	0.0077215171708524205	-0.007564410298766339	0.012105938558017105	0.011307472879452515	-0.0016217902936319353	0.0036185485665268286	-0.01882311789127132	-0.005208210423230369	-0.015441920485305809	-0.021634624533457908	0.022466688772943017	-0.016507929907851385	0.0008999352482226633	0.011895201701640056	-0.0069003504204667885	-0.005424378022273556	-0.01797166451828244	-0.006424076795455071	0.005032847081784331	0.0015266423797992027	0.0024758250937059185	-0.009964510910851748	-0.00943257073806682	0.003433461500336132	0.005095779623550655	-0.0012049614337949473	0.0008830997949661729	0.002765795542101538	-0.005748670065175911	-0.00242746455598381	0.0013122776631726391	-0.0031207233533770205	-0.0034758022738266723	-0.001858443623177279	-0.00228236512479622	0.0026968746436981466	0.0	0.0	0.0	0.0	0.0	0.0	0.0	0.0	0.0	0.0	0.0	0.0	0.0	0.0	0.0	0.0	0.0	0.0	0.0	0.0	0.0	0.0	0.0	0.0	0.0	0.0	0.0	0.0	0.0	0.0	0.0	0.0	0.0	0.0	0.0	0.0	0.0	0.0	0.0	0.0	0.0	0.0	0.0	0.0	0.0	0.0	0.0	0.0	0.0	0.0	0.0	0.0	0.0	0.0	0.0	0.0	0.0	0.0	0.0	0.0	0.0	0.0	0.0	0.0	0.0	0.0	0.0	0.0	0.0	0.0	0.0	0.0	0.0	0.0	0.0	0.0	0.0	0.0	0.0	0.0	0.0	0.0	0.0	0.0	0.0	0.0	0.0	0.0	0.0	0.0	0.0	0.0	0.0	0.0	0.0	0.0	0.0	0.0	0.0	0.0	0.0	0.0	0.0	0.0	0.0	0.0
S2014F_E9-3-A-F	0.393823873437741	-0.11611712529035509	-0.1429076129231661	0.06805821908930944	-0.008435816844633903	-0.05779296027645529	0.0077400980219038485	-0.007581533204798466	0.008853674519383636	-0.06340374073006873	0.10106558384683946	0.02375651672454887	-0.00156350215878143	0.017057046067132417	0.0002077420419770551	-0.006749904802018386	0.0356632737468217	0.023386778272118137	0.05429199130107314	0.041679341016495085	-0.0018709315128565738	-0.10644171092728018	0.034309906315982186	-0.045592655705815825	0.01843779043684553	0.042500302652978716	0.06571913201918189	0.06880602731848831	-0.008025133833731933	-0.0038081613676482352	0.033604051878970524	-0.04886073794675395	0.025241281342269675	0.033856852870365585	0.015413923808590654	-0.02438294461952473	0.019569591248910168	-0.02710786918302527	-0.006117764574807628	0.003277481070462915	0.028779547083255655	-0.03133497018513707	-0.038676288955531844	-0.06889831288741888	-0.020576146782284043	0.04987547349873956	-0.017026040040698163	0.003939247453206109	0.012861048732605053	-0.024312281401430384	-0.006790866220008575	0.012955014637305503	-0.026098381827684286	-0.0038174783123838085	-0.0075926599481516205	-0.03133930099494612	0.011783545253290718	0.029271587970818136	0.017309931749025852	0.020270495822650014	-0.027016010691455112	0.018140047482938522	0.019962568017805736	-0.03240075421184649	-0.0029061611962766286	-0.01865414370330536	-0.006699881725823989	0.013661869464536543	0.012828817974433904	-0.0026408275386776772	-0.0007606719076465869	0.013539059782990802	-0.02744684439104043	-0.02571157480640692	0.0026427961290678183	0.01979074731558632	-0.029348647853019105	0.0009693485653715201	-0.0038230619196278405	0.003681936866616387	-0.014670087678097465	-0.004327484167323753	0.0007068745771454815	-0.0223966073122256	0.003320957779182713	0.004449052306565549	0.022112620384148792	0.0003997900175476189	-0.0038378543442107696	0.0013560022101288156	0.005965916561664264	-0.009573477273560596	-0.017427161005380692	0.0038557203947432095	-0.01259422289471245	-0.0018655127858530182	-0.011029253464655954	0.011374102374714486	-0.005056498587850451	0.012611354553888352	-0.002203798971447726	-0.0009552663222159737	0.00031235739332842135	0.005569786081057614	-0.005295915070436442	0.00010228716415488399	0.001499198662318052	-0.0016805300249347662	0.0	0.0	0.0	0.0	0.0	0.0	0.0	0.0	0.0	0.0	0.0	0.0	0.0	0.0	0.0	0.0	0.0	0.0	0.0	0.0	0.0	0.0	0.0	0.0	0.0	0.0	0.0	0.0	0.0	0.0	0.0	0.0	0.0	0.0	0.0	0.0	0.0	0.0	0.0	0.0	0.0	0.0	0.0	0.0	0.0	0.0	0.0	0.0	0.0	0.0	0.0	0.0	0.0	0.0	0.0	0.0	0.0	0.0	0.0	0.0	0.0	0.0	0.0	0.0	0.0	0.0	0.0	0.0	0.0	0.0	0.0	0.0	0.0	0.0	0.0	0.0	0.0	0.0	0.0	0.0	0.0	0.0	0.0	0.0	0.0	0.0	0.0	0.0	0.0	0.0	0.0	0.0	0.0	0.0	0.0	0.0	0.0	0.0	0.0	0.0	0.0	0.0	0.0	0.0	0.0	0.0
S2014F_E9-3-B-F	0.4089597630531572	-0.12944392784658357	-0.17065647403712858	0.0005202047170992931	0.009943012053309582	-0.08415305839932277	-0.006892902017056567	0.03239460439521564	0.030742752875533866	0.006137705854381144	0.06690550895970157	0.026290579814956302	0.10827974623086044	0.013464148438338337	0.004189766631109566	0.0360282226929076	-0.020159386169557415	0.028499848624499557	0.03467545230331255	-0.02873396606712979	-0.006862817025470982	-0.013588526055639026	-0.009030898055326966	-0.0018203947027727139	0.008421344116792828	0.01345703891362812	-0.030538570944840426	-0.00021473958920025548	-0.013673449633244534	-0.06801511424477487	-0.0018856560789645668	-0.04424465813044992	0.03490965469339986	-0.013999056872258012	-0.021469936725934953	-0.04465344550571194	0.01770618055591777	-0.006107513270346272	0.023886755673263378	-0.05986468148868907	0.018769518280982375	0.05288074992843135	-0.06280154470463258	0.002380233306804214	0.013078336057205372	0.0024601390398720016	-0.03438261703672702	0.020963417440223994	0.0295739967712381	-0.04264182702450231	0.05901425885239387	0.005815456233991456	-0.014621137363430351	0.02218339213332949	0.011398819542212094	0.013776453836539143	0.02185941748887191	-0.07173748047308083	0.04055663591103377	-0.020626474754449693	-0.0068384380941235515	0.0038664124020283508	0.0628803867628001	-0.047275903592856966	0.02203866712669251	0.007182998610027199	-0.01428248392790957	-0.02072378109963322	-0.00936238703172434	-0.026045791904554395	-0.03201823182806911	0.0001382858124226583	0.033373947045027386	0.00993596369587259	-0.021612690472850415	-0.0015704095539686175	0.006585281580177195	0.026866121481874273	0.0054123903228371325	-0.004930489354802085	0.030636911062763974	-0.008863874507066943	-0.012757881548703299	0.015111389063856579	0.021235950461768044	0.005049956671948612	-0.0038594591330214775	-0.00794376870474429	-0.008174295968366675	0.004938562502555095	-0.00014519574804122218	0.003842082049824419	0.002871214737090739	-0.017995621436976028	0.012797973833046334	0.0035365670916191567	0.008247601387818231	-0.0003178620922517281	-0.0021812986019952704	-0.0024704801785052537	0.0043588506255020695	-0.008244025104677012	-0.0011793515911789844	-0.005478790621254196	0.0013419098417882015	0.004469952825012454	-0.0004607058356054695	-0.00010684128450072203	0.0	0.0	0.0	0.0	0.0	0.0	0.0	0.0	0.0	0.0	0.0	0.0	0.0	0.0	0.0	0.0	0.0	0.0	0.0	0.0	0.0	0.0	0.0	0.0	0.0	0.0	0.0	0.0	0.0	0.0	0.0	0.0	0.0	0.0	0.0	0.0	0.0	0.0	0.0	0.0	0.0	0.0	0.0	0.0	0.0	0.0	0.0	0.0	0.0	0.0	0.0	0.0	0.0	0.0	0.0	0.0	0.0	0.0	0.0	0.0	0.0	0.0	0.0	0.0	0.0	0.0	0.0	0.0	0.0	0.0	0.0	0.0	0.0	0.0	0.0	0.0	0.0	0.0	0.0	0.0	0.0	0.0	0.0	0.0	0.0	0.0	0.0	0.0	0.0	0.0	0.0	0.0	0.0	0.0	0.0	0.0	0.0	0.0	0.0	0.0	0.0	0.0	0.0	0.0	0.0	0.0
S2014F_E9-3-C-F	0.39351547270292825	-0.13438602599863567	-0.14709462422543124	0.07640982744965853	0.0019087389329645755	-0.006071247948504267	0.010285448577948629	0.002343944135091064	0.009203521387408991	-0.0170420257553188	0.0838538299743468	-0.02257957405645206	0.08760535049419976	0.04185236494901418	0.05002485471360736	-0.02015070223624163	-0.021950992688368212	-0.03199994549530232	-0.005428350567253482	-0.036352285293734424	-0.031049508290416954	0.07304166258465998	0.02913482500977281	0.03635119895971893	0.024656229866392997	0.038600483963483145	-0.014475561430398473	-0.02271444304345474	-0.005530579277952964	-0.034586482440967035	0.04587735158590773	-0.0640976535342312	-0.026613249934034855	-0.004758311293490298	0.04359058746203068	-0.033542189321663224	-0.06558075869997143	-0.005909484706337572	0.022268297171713455	0.05239035934922609	0.014086905264829485	0.023882993148320486	0.014641303155385936	-0.0010271199889597036	0.012516856464921382	0.007839591717533548	0.03067932114543768	-0.02195661280181184	-0.008602059718505464	-0.015548933906170624	0.014926589120969912	-0.03599932356350175	-0.002189662415370719	-0.010034604194003215	-0.0026607233233625805	-0.013502613783260196	-0.07005483566539479	-0.009568736917581202	-0.03898123381785276	0.010880166077795359	0.027293405142325842	-0.009186743473622886	-0.012650675192932748	0.03281513856625772	0.011521622663203073	-0.005273992461452612	-0.003847827203828155	0.004093468070953434	0.06407422773595506	-0.008513290130528301	0.006460132995543231	0.0026317961896907697	0.04028759120667687	-0.021030209265097632	0.008638176118397005	-0.00730400436528669	0.02503516980995025	-0.0077204738405972535	0.012145732526783264	0.024407182662738586	-0.010604733105911396	0.0036252284933973645	-0.011762463390750499	-0.0086408556937208	0.028072502242431442	-0.009888165127094613	0.02888133720556491	-0.0045920130250220416	-0.017427111016867766	0.013051140501956136	0.023573535766552862	0.005221914757148717	-0.013918543491732558	-0.005950840906005639	-0.004437207289288635	-0.013787060520450844	-0.008679816305714523	0.009895044171902437	-0.012140663664564325	-0.0036760985606627207	-0.006722058773446644	-0.0031898486846849076	0.001365103474088417	-0.0013766233050145785	0.0028455050497402518	-0.004074675625166781	0.00035183196423118436	0.0009911389214408207	0.0	0.0	0.0	0.0	0.0	0.0	0.0	0.0	0.0	0.0	0.0	0.0	0.0	0.0	0.0	0.0	0.0	0.0	0.0	0.0	0.0	0.0	0.0	0.0	0.0	0.0	0.0	0.0	0.0	0.0	0.0	0.0	0.0	0.0	0.0	0.0	0.0	0.0	0.0	0.0	0.0	0.0	0.0	0.0	0.0	0.0	0.0	0.0	0.0	0.0	0.0	0.0	0.0	0.0	0.0	0.0	0.0	0.0	0.0	0.0	0.0	0.0	0.0	0.0	0.0	0.0	0.0	0.0	0.0	0.0	0.0	0.0	0.0	0.0	0.0	0.0	0.0	0.0	0.0	0.0	0.0	0.0	0.0	0.0	0.0	0.0	0.0	0.0	0.0	0.0	0.0	0.0	0.0	0.0	0.0	0.0	0.0	0.0	0.0	0.0	0.0	0.0	0.0	0.0	0.0	0.0
S2014m_E2-1-A-F	-0.11636513531164731	0.04143923916530415	-0.0627730546833395	-0.024588556494074494	-0.0037986860675562856	0.04753314422164476	-0.06904129741848859	-0.12817783741574265	0.03506900518029416	-0.0026219603122904864	-0.007498012466728396	0.14638495136089322	0.08190547802589915	-0.06354139464909739	-0.04207525187544619	-0.008985693190446127	-0.06985704006211307	-0.003477082286832424	0.020105046664776537	0.041483223266913005	-0.0072000062054849	-0.03866118013724786	0.017597766929451808	0.040404481987637214	-0.0816504145577268	-0.008794416998606207	-0.028572842943959554	0.04021459036527438	-0.042904738992035736	-0.06739485019435097	0.022043359019391962	0.044986977115152864	-0.018598876903904413	0.059503028247186326	-0.037875959028466404	0.011431463466445604	-0.0028087346982008077	0.0395782398878939	0.01259826629892709	-0.0012897456954096005	-0.0143080634723969	-0.0015004823172449745	-0.023056902693379743	0.011176923278108887	-0.0023609198702993725	0.006349747314077349	0.011495551668671878	-0.019952129583391626	0.011458198366915272	-0.040257460741298046	-0.0002279658652629483	-0.0073486883637802515	-0.009655111490080578	0.0161040809517569	-0.019175944655956904	-0.008339879470600133	-0.004754799491446216	-0.024254383177469693	-0.010859991184898738	0.01482016220951193	0.0075357995100767	0.02101808421900304	-0.015814629119492687	0.0076061037126433275	0.008327926860628377	0.016983514798761045	-0.015566510755130058	0.022658936051519835	-0.014099278638301148	-0.013170021586651596	0.0020759399304558193	0.015736576841494272	-0.0004535876341851258	-0.02627726546783096	-0.008947524325489465	-0.00011157674173281124	-0.013899154442774678	-0.004547584725254457	0.0014511414551640724	0.0002372926478121211	-0.019052316925984514	0.0015120458040648204	-0.0021090615713892594	0.0016542716098991968	-0.0057348400403526255	-0.0086307775786298	-0.004580214775654977	0.005344523422361117	0.009887433668512196	9.722212847942725e-05	-0.0012822730791117926	0.014549756453183547	-0.008729284645508132	-0.003591277639667743	0.0028927193780529064	-0.0027136067463820906	-0.00014077073393396113	0.0008071028106419073	-0.0026177413419701495	-0.004401841920781112	0.004373215859886062	-0.004581838321573106	0.0003045674171151977	-0.002244813153278309	0.0016659560533853783	-7.622243784925928e-05	-0.0004141478090540818	0.0025425730543720704	0.0	0.0	0.0	0.0	0.0	0.0	0.0	0.0	0.0	0.0	0.0	0.0	0.0	0.0	0.0	0.0	0.0	0.0	0.0	0.0	0.0	0.0	0.0	0.0	0.0	0.0	0.0	0.0	0.0	0.0	0.0	0.0	0.0	0.0	0.0	0.0	0.0	0.0	0.0	0.0	0.0	0.0	0.0	0.0	0.0	0.0	0.0	0.0	0.0	0.0	0.0	0.0	0.0	0.0	0.0	0.0	0.0	0.0	0.0	0.0	0.0	0.0	0.0	0.0	0.0	0.0	0.0	0.0	0.0	0.0	0.0	0.0	0.0	0.0	0.0	0.0	0.0	0.0	0.0	0.0	0.0	0.0	0.0	0.0	0.0	0.0	0.0	0.0	0.0	0.0	0.0	0.0	0.0	0.0	0.0	0.0	0.0	0.0	0.0	0.0	0.0	0.0	0.0	0.0	0.0	0.0
S2014M_E2-1-A-M	-0.24440284820288594	0.003109676568199337	-0.09815318684050858	0.06457192034714934	-0.05379898734395682	-0.04643181850953406	0.0008665996665574154	-0.07017411812045889	0.005129304225251464	-0.026285096430215586	0.025010461508680453	0.07053514503884005	0.03085480968179738	-0.08447201320708393	-0.05415695723868227	0.05937082231765694	-0.010171173805504712	-0.03441932918442787	0.0506895826051617	0.039974303685931294	-0.03240353418238128	-0.011554963627407062	-0.03514259893449004	0.009039286879253865	0.015799122924954185	0.01594597840083666	-0.05026218313940641	0.05642410316276788	0.02797655778764768	-0.015433592283050192	-0.01373874541419051	0.056443173753175535	-0.015487590584515543	0.008164398998969756	0.03349008634298015	-0.005584273399098209	-0.004732052852672822	0.006135477285248329	0.005862864832835122	-0.00034135403915872817	-0.003621334571381488	-0.003307023780254807	0.0013664900429564083	0.009668666631123105	0.009762230346672375	0.012208839954596557	-0.010898162656642934	0.0064714842271532454	0.005453515659937055	-0.007494405425877548	0.0036740809768835763	0.009118279042393434	-0.020128153509673414	-0.007322249685482493	-0.013722757588030592	-0.0013075695910367718	-0.00030720601740045816	-0.01653756899278769	-0.019544294894388324	-0.029034922033666557	-0.00802949441400804	-0.026929067126486704	-0.034402718866876805	-0.006239963244006545	0.005864506645359542	0.008370661625172467	-0.012313148594014393	-0.0038265133916626703	0.004165296241415201	0.007871677146813576	-0.008024042740324122	0.00042830194683312684	0.019002612930435366	-0.014368440342121013	-0.007141858789673955	-0.0003680904605286426	-0.006495993768846841	0.0003838840030540187	-0.003281645618711166	0.00527937877063773	0.013993791138822646	0.02581414183176462	-0.0034417060073548985	-0.0028833085120303537	-0.001576203473363873	-0.0006367217671512669	-0.005511480240516426	0.0030783488123154986	0.007997719942500212	-0.0016137404348005662	0.014433445408179434	0.0002566832941366224	0.002598775623167044	-0.006392305113106197	-0.009578925804488788	0.011814546686594854	0.008684193951683523	0.005568934815992122	-0.005209114123047219	-0.0013298719946271279	-0.004542260591468391	0.003050838885412171	-0.0004068006152709844	0.004135232883698085	-0.004066571790359612	0.0007332520491217817	-0.000438010343851724	-0.0007227357854652218	0.0	0.0	0.0	0.0	0.0	0.0	0.0	0.0	0.0	0.0	0.0	0.0	0.0	0.0	0.0	0.0	0.0	0.0	0.0	0.0	0.0	0.0	0.0	0.0	0.0	0.0	0.0	0.0	0.0	0.0	0.0	0.0	0.0	0.0	0.0	0.0	0.0	0.0	0.0	0.0	0.0	0.0	0.0	0.0	0.0	0.0	0.0	0.0	0.0	0.0	0.0	0.0	0.0	0.0	0.0	0.0	0.0	0.0	0.0	0.0	0.0	0.0	0.0	0.0	0.0	0.0	0.0	0.0	0.0	0.0	0.0	0.0	0.0	0.0	0.0	0.0	0.0	0.0	0.0	0.0	0.0	0.0	0.0	0.0	0.0	0.0	0.0	0.0	0.0	0.0	0.0	0.0	0.0	0.0	0.0	0.0	0.0	0.0	0.0	0.0	0.0	0.0	0.0	0.0	0.0	0.0
S2014m_E2-1-B-F	-0.16513408474756575	0.04731083682829711	-0.05420773815448035	0.004210325083604433	-0.03365934176099984	-0.006436703281513108	0.0390873608374855	-0.036101503081584836	0.06786190161599556	0.029782250006289708	0.03621891138416625	0.11294961415667745	0.0674456667546157	-0.1363463178831708	-0.05055819701057035	-0.015516309197850041	-0.011963838878286767	-0.028586217875253325	0.021260471727996902	0.06609797491590191	-0.039349765520844765	-0.04090448066478035	-0.012960669097573093	0.006050911541859618	-0.01542464248717214	-0.0156572861300161	-0.03684409009337305	0.03763273622199271	0.05201279426848136	-0.03370494340979583	0.0062147354270755475	0.016128454152683075	0.013066169507337992	-0.016611422334024156	0.028274644063678314	-0.018554724150879286	-0.006765039087356714	0.007539400370746353	0.014312189331209613	-0.010516916769925763	0.005932312720569088	-0.006206857954329629	0.0343047444098608	0.009284833245347257	0.01558254314633186	0.018416495066518667	-0.009508842239695977	-0.02700022896776617	0.024731194825784467	0.02791369872350513	-0.0008042461237396946	-0.011143893806385587	0.007061316397090551	-0.030667510190852787	-0.010221012361935513	0.010200470402077224	0.031529872644544085	-0.03412362304992679	0.008329882968889061	-0.0036938206585804623	-0.017408059123209463	-0.01556699265249914	-0.013894226884661891	0.018951750606189137	0.022393452515269786	0.01242572100260794	-0.015770453384767864	-0.0019657011351660075	0.011859834364849617	-0.012801240643169644	0.020247120306404347	-0.00491892989349968	0.017303921652130662	0.00762089189703043	0.012614466712312273	-0.0072490365779968955	-0.0025526071247861533	-0.01746109781306268	0.002516040327764831	-0.01421386002404618	0.000137451313611391	0.003889507262164311	0.0007350620679357009	0.013648813266115565	0.018809539639721116	-0.0003203442164002435	0.0036073190662190458	-0.002367703831744036	-0.008833627175874931	-0.007692259274565203	-0.0066916202516917505	-0.00401904503809764	-0.004901753126925845	0.016745996837139045	-0.00689432275683249	-0.014851309933480168	-0.012066288875344609	-0.004991304321284416	-0.0036084820525609123	0.0029158065988249297	0.0005913167285228551	0.004708609683245532	0.006635045471378776	0.002404748144271667	-0.000384459506815555	0.0037828887474290716	0.0005245978958755537	0.000993812041312964	0.0	0.0	0.0	0.0	0.0	0.0	0.0	0.0	0.0	0.0	0.0	0.0	0.0	0.0	0.0	0.0	0.0	0.0	0.0	0.0	0.0	0.0	0.0	0.0	0.0	0.0	0.0	0.0	0.0	0.0	0.0	0.0	0.0	0.0	0.0	0.0	0.0	0.0	0.0	0.0	0.0	0.0	0.0	0.0	0.0	0.0	0.0	0.0	0.0	0.0	0.0	0.0	0.0	0.0	0.0	0.0	0.0	0.0	0.0	0.0	0.0	0.0	0.0	0.0	0.0	0.0	0.0	0.0	0.0	0.0	0.0	0.0	0.0	0.0	0.0	0.0	0.0	0.0	0.0	0.0	0.0	0.0	0.0	0.0	0.0	0.0	0.0	0.0	0.0	0.0	0.0	0.0	0.0	0.0	0.0	0.0	0.0	0.0	0.0	0.0	0.0	0.0	0.0	0.0	0.0	0.0
S2014M_E2-1-B-M	-0.03374339800733169	0.04863236790979229	-0.012299721205513064	0.09267630412946762	-0.0472572832330871	0.00011021725813887699	0.05074929844672278	-0.142296388348079	0.07309789724616568	0.010694141746817435	-0.03749365998107135	-0.042195591753076404	0.10341784160060262	-0.03672917078727178	0.01932721554201866	0.0017673964163136009	-0.00680678287178254	-0.01241514752245662	0.12105667578518867	-0.014790091348152928	-0.026926393594391147	0.00449536419016611	-0.05173384860042718	-0.04727764578596327	-0.0015911513154525992	0.07533851421062474	-0.040053601498210994	-0.014356960981830164	0.07140661435678236	0.08722628132307408	-0.0016869858738614869	0.0484489542586325	-0.0034362338386840696	-0.0321083977781163	-0.003273016289236484	-0.018551347700190998	-0.0003015861955711073	0.04371776466218957	-0.0553429766193574	0.03916266025591694	0.025637699557139237	0.007788405091473348	-0.07026967051572511	0.025339880824884052	-0.01920355423751828	0.0160718427668221	-0.011156264313265135	0.04698480728256831	0.03842684638690375	0.01571965107965293	0.016384040039579665	-0.0034189240858637044	0.03591619469242217	-0.032090975906230036	-0.01601077567137119	0.015192993017047456	0.003095109400304586	-0.01906770312511135	0.006169273959336325	-0.02444934232714846	-0.01949575665201656	-0.0017815648180801525	-0.027501849938472153	0.011200858251647442	0.0073411413484098355	-0.005916348584007525	-0.0021597936504182246	0.007488425126596755	0.022573586397419822	-0.008947052331210464	0.00795908341118397	-0.012139382408243467	-0.011783648584863088	0.015209545682907966	-0.0032549013546003813	-0.0007597088977104897	-0.0013532860509246286	-0.014857089786105433	-0.0031114355500127984	-0.008178860067530056	-0.007950188482041346	0.008128747246419746	-0.005965914947456815	0.017953033114392086	0.003320929398067916	0.0034944592481758567	0.004658407694369547	0.020124888626930425	-0.004329087983322753	-0.01697798648128626	0.014865539199770725	-0.014228622381091197	-0.009361983610526984	0.012398007478535365	-0.004364222625581218	-0.0007609889290316029	-0.0034307217073015314	-0.00922582773108737	0.0010102661812763517	0.006496314340295457	-0.0004613698266750098	-0.007028564106697286	0.003031412743190974	-0.00174188710195133	0.0021863248661882864	-0.0035454045605627328	-0.0014105205650269358	-0.0027659818968904966	0.0	0.0	0.0	0.0	0.0	0.0	0.0	0.0	0.0	0.0	0.0	0.0	0.0	0.0	0.0	0.0	0.0	0.0	0.0	0.0	0.0	0.0	0.0	0.0	0.0	0.0	0.0	0.0	0.0	0.0	0.0	0.0	0.0	0.0	0.0	0.0	0.0	0.0	0.0	0.0	0.0	0.0	0.0	0.0	0.0	0.0	0.0	0.0	0.0	0.0	0.0	0.0	0.0	0.0	0.0	0.0	0.0	0.0	0.0	0.0	0.0	0.0	0.0	0.0	0.0	0.0	0.0	0.0	0.0	0.0	0.0	0.0	0.0	0.0	0.0	0.0	0.0	0.0	0.0	0.0	0.0	0.0	0.0	0.0	0.0	0.0	0.0	0.0	0.0	0.0	0.0	0.0	0.0	0.0	0.0	0.0	0.0	0.0	0.0	0.0	0.0	0.0	0.0	0.0	0.0	0.0
S2014m_E2-1-C-F	-0.15131360258390023	0.020557274865210383	-0.08654647643364864	0.010523512156176614	-0.01077468944752262	0.007490403368246082	-0.08433536985986426	-0.15990981091147718	-0.007643226604332178	-0.027405565144867895	-0.007574760371897944	0.07754839112792732	0.00957709102377345	-0.013294089261053113	-0.05205686735091669	0.07685151302639137	0.005349433629545788	-0.058495955745248004	-0.014196201314894068	0.028781796803957947	0.021558957171508773	-0.04539145773250841	0.028944952189723268	-0.010219957356116565	-0.020327304991565036	0.05076020843065757	-0.04877319319723489	0.013029423879712107	0.01016485803744468	0.03701044246916498	-0.009984577791471988	0.005350050537078354	-0.05920453039842631	0.0018519507409181873	0.005559361038027002	-0.018307396829367183	-0.05709794739011895	-0.011534659475847437	-0.017990127083758172	-0.0030339731291109517	-0.017027503155373498	0.02356125606109199	-0.028905546740621867	0.0035571943273248084	0.00549132482126722	0.04634544928094289	-0.0035785467177436017	-0.012523164994178743	-0.0036581680029424803	0.023476089686056224	-0.01179779507649674	0.03891381153824868	-0.01744155876022267	-0.0028658664854517113	0.0010267086552002123	-0.011044133651884124	-0.01006478084099709	-0.004084334998422372	-0.014737793169158615	-0.010550029917081134	0.007317936045681486	-0.03715438241656672	-0.016506754682824996	-0.000120313861496003	-9.997400980866456e-05	-0.005104165479365294	-0.028131919369606906	-0.002859821583759316	-0.023500520912258346	0.005183008169873388	0.02136727210206559	0.003212407183741378	0.008027765854997784	-0.005965361553935956	-0.006874325974082985	-0.012491355884939749	0.002837095346578441	0.004783803952659722	-0.007700321763819828	0.012868284895823682	0.02858205880459995	-0.0017525656762442312	0.003007656480133764	0.009821775368664428	-0.0022045784027001384	0.01952180126535128	0.011927195964600021	-0.0019669313972078494	0.005405469903575003	-0.0019131435924968241	-0.015679672718761452	-0.00015461939794403666	-0.002668967167485942	0.002695646709499888	-0.003238269689655064	0.010574608153249522	-0.00044214486686330656	-0.00810201133993536	-0.0009442939005144392	-0.005429180865177904	-0.0015894441226625533	0.006035882770555532	-0.0019594143267638053	0.0014557304887318997	0.0033880393130966504	0.00014142056759874533	0.00027207594999358476	0.0009654850605132524	0.0	0.0	0.0	0.0	0.0	0.0	0.0	0.0	0.0	0.0	0.0	0.0	0.0	0.0	0.0	0.0	0.0	0.0	0.0	0.0	0.0	0.0	0.0	0.0	0.0	0.0	0.0	0.0	0.0	0.0	0.0	0.0	0.0	0.0	0.0	0.0	0.0	0.0	0.0	0.0	0.0	0.0	0.0	0.0	0.0	0.0	0.0	0.0	0.0	0.0	0.0	0.0	0.0	0.0	0.0	0.0	0.0	0.0	0.0	0.0	0.0	0.0	0.0	0.0	0.0	0.0	0.0	0.0	0.0	0.0	0.0	0.0	0.0	0.0	0.0	0.0	0.0	0.0	0.0	0.0	0.0	0.0	0.0	0.0	0.0	0.0	0.0	0.0	0.0	0.0	0.0	0.0	0.0	0.0	0.0	0.0	0.0	0.0	0.0	0.0	0.0	0.0	0.0	0.0	0.0	0.0
S2014m_E2-1-C-M	-0.0875980514316255	0.033804519279369914	-0.03275851078020508	0.007844717325886413	-0.06877789636629152	0.06995926861024962	0.02596806421415579	-0.0843471615779973	0.059842887655807774	0.03484272005654666	0.07603596228749944	0.08907780604504319	0.07929410485633659	-0.15613336097958702	-0.028589674891062355	-0.10127657645205139	0.015245934280468896	0.00010047922275829618	0.03715194862476497	0.0716331525662907	-0.025733288659811945	-0.02400452689666499	0.010552955278460013	0.02479012881536486	0.009264523153479923	-0.011378592308440658	0.04384735983537198	0.032399124591879325	0.038876055261417415	-0.015773050682330106	-0.02241413782917932	-0.021542885670140365	-0.01670273096386259	0.0024039833854291384	-0.00605378293406818	-0.026356635463554795	0.037549259456377944	-0.03676889343266161	-0.003768633307780145	-0.043113058286166635	-0.04071773350860995	0.009342691966251317	-0.0035544454110201344	0.052076442308052945	0.008373925108108119	-0.01575881784829933	-0.022240852914200002	0.016253079388147053	-0.01577968801274715	-0.04095359992264789	0.012395416918697843	-0.018569985751008166	0.0072003802441746685	0.03827623252628411	-0.0035483678888528413	-0.0030806202224101177	0.011167163123193269	0.0039651208451153405	0.008616919805766267	-0.03619513157498335	-0.0233807045676367	-0.0018959612145139787	-0.021443302490911927	0.022146033364485236	-0.011751509442140252	-0.021781686263381287	-0.004864356042570338	-0.0005940000285938389	-0.005825773850945257	0.028622326476489972	0.008539681847431832	-0.003166032393517686	-0.00757440862586672	-0.04686699585054873	-0.0032866820187180176	-0.007269293359569366	-0.0033928330161817305	0.03320806532298694	0.008360982697027036	0.02673433485340098	-0.00218876830406798	0.0026166763449989956	-0.004275962364586676	-0.006780045852170533	-0.030994327889545453	-0.00587555410286224	-0.002111386609764196	0.014192324967041816	0.0045203134146818025	0.01027116252001457	0.018831434346558686	-0.0062169993010109306	0.0009432054024621471	0.0035343123867210926	0.0008267072379136936	0.00825071822027613	0.0016285201776404686	-0.00856486393930207	0.003325629498677666	0.006678150777495847	0.0034007511303053256	0.006939372806576678	-0.0038886748596936743	0.0007129396655477571	-0.0004186058823002574	-0.0007042679936417885	-0.00024102971489896064	-0.0002244363279581402	0.0	0.0	0.0	0.0	0.0	0.0	0.0	0.0	0.0	0.0	0.0	0.0	0.0	0.0	0.0	0.0	0.0	0.0	0.0	0.0	0.0	0.0	0.0	0.0	0.0	0.0	0.0	0.0	0.0	0.0	0.0	0.0	0.0	0.0	0.0	0.0	0.0	0.0	0.0	0.0	0.0	0.0	0.0	0.0	0.0	0.0	0.0	0.0	0.0	0.0	0.0	0.0	0.0	0.0	0.0	0.0	0.0	0.0	0.0	0.0	0.0	0.0	0.0	0.0	0.0	0.0	0.0	0.0	0.0	0.0	0.0	0.0	0.0	0.0	0.0	0.0	0.0	0.0	0.0	0.0	0.0	0.0	0.0	0.0	0.0	0.0	0.0	0.0	0.0	0.0	0.0	0.0	0.0	0.0	0.0	0.0	0.0	0.0	0.0	0.0	0.0	0.0	0.0	0.0	0.0	0.0
S2014m_E2-2-A-M	-0.08613360393005028	0.06805880556919498	-0.05324112650098763	-0.03635059947984987	-0.1168878400117931	-0.19030565500753446	-0.04382708490608191	-0.07191116421608204	0.0950175388829842	-0.05204365579511194	-0.02617257589207669	-0.06822414599355683	-0.024805381476977237	-0.000335908962333995	-0.058878226802338715	0.04430905878886556	0.13759731727654623	0.07688890850406732	-0.020053783282716932	0.07487164568599698	0.057282509096598946	0.04312952854100707	0.042806414160575096	0.01862695527803941	0.02450032113410398	0.07280314627944244	-0.04722471503954656	0.0031009194861191447	0.050551942696515445	-0.01671390356180543	0.0007923662803021545	0.0010070648107493453	0.05420400318060144	-0.009924947702909546	0.006066662689508769	-0.019026649512035018	-0.02466196884688922	0.010988656837447439	0.05762781642862598	0.008094422558279322	-0.026706386508148428	0.007097815268111006	-0.01913408343440514	0.017252071933658797	0.022317475031177675	-0.038973445696333264	-0.03149445855221214	0.017034740450006382	-0.002169542865333864	-0.006574350484954552	-0.02061113104085856	-0.023969791338397647	0.021492989925007373	0.035669647081832685	0.014453370175851276	0.012864022877541249	-0.014171980535573177	0.011080438658816309	-0.02371442304604331	-0.018721567870051106	0.02196509415409326	-0.001521395322371856	0.010144938241619104	-0.005957119552297725	0.006051814183915763	0.007933963937234936	0.03537369204575494	-0.003310776035089374	0.007542275183960331	0.00947094411645877	-0.019720907725752378	-0.00720004972924343	-0.005229521164464295	-0.0008558891226973603	0.008955810377130688	0.02281102782196483	0.0002762967458189288	0.005879706638297902	0.003264513621267357	0.0035207031068641083	-0.008481794284923504	-0.005773095271573366	-0.0013953513527346464	-0.019356680366568815	-0.004534271735195137	0.01815298385225214	-0.00047591285255525734	0.011227317208202345	0.005135179067049162	0.018671805704579	0.003326473173908909	0.0009680404137136988	-0.0037620520730029874	0.015500851136207696	0.0008531884280298915	-0.002501820059358092	0.003981897820151165	-0.004350541060501335	0.0022755021875704986	0.0015742247943599703	-0.0028481703285437223	-0.001769482896485196	0.00022300903396060067	0.0009082696722404953	0.0023577113119166615	-0.001905743928232747	0.00038215819698859764	-0.00012325410747540067	0.0	0.0	0.0	0.0	0.0	0.0	0.0	0.0	0.0	0.0	0.0	0.0	0.0	0.0	0.0	0.0	0.0	0.0	0.0	0.0	0.0	0.0	0.0	0.0	0.0	0.0	0.0	0.0	0.0	0.0	0.0	0.0	0.0	0.0	0.0	0.0	0.0	0.0	0.0	0.0	0.0	0.0	0.0	0.0	0.0	0.0	0.0	0.0	0.0	0.0	0.0	0.0	0.0	0.0	0.0	0.0	0.0	0.0	0.0	0.0	0.0	0.0	0.0	0.0	0.0	0.0	0.0	0.0	0.0	0.0	0.0	0.0	0.0	0.0	0.0	0.0	0.0	0.0	0.0	0.0	0.0	0.0	0.0	0.0	0.0	0.0	0.0	0.0	0.0	0.0	0.0	0.0	0.0	0.0	0.0	0.0	0.0	0.0	0.0	0.0	0.0	0.0	0.0	0.0	0.0	0.0
S2014m_E2-2-B-M	-0.1717533991652402	-0.005676423504913184	-0.12147360842605391	-0.03824787810289739	-0.06129491887711088	-0.07556537845679369	-0.04114461518365716	-0.07440950890082378	-0.034962505713326104	0.015231213689817264	-0.07517958054371948	-0.06694474686176434	-0.06342972425288634	-0.054472091039194974	0.04951774790158081	-0.00971162191238993	0.04239094975184698	0.0035121982883543775	0.061722402466764074	0.021832491540410674	0.016971411455182894	0.044785946633163695	0.01582653633033588	0.003198265100620284	0.028487863390994024	0.059157881887138546	-0.013920787749439644	0.02670317258236019	0.0001235040789290702	-0.012488665824703517	-0.02008253659080061	-0.042290222037822525	-0.009885621360011752	0.008167830694451251	0.03637035916623275	-0.020621911649794385	0.017393689469695172	0.0018292592696333703	-0.007299294041915956	0.006955961412215215	-0.03224143642047991	0.011105622037477517	0.044752642311307794	-0.011488715777819864	-0.011608832015027373	-0.0015569387345891628	0.02220033777863136	-0.006459060410779439	-0.01448367757376555	0.025279834351521258	-0.007597300224100588	-0.004946818255435099	-0.025252707543231806	-0.005706401828206014	0.03317074583486622	-0.007205016871543975	0.0077095238898595275	-0.0009333085026209475	-0.022992909146244734	-0.004505478917218727	-0.031152545095648874	-0.006427078229844212	0.0200101677292876	0.00889882129683231	-0.005531955267397078	-0.006530373675846138	-0.010506204759856709	-0.030902881446808576	-0.0009956392068738184	-0.003912016223982877	0.0035769482997418675	-0.003714423928431224	-0.0005952343168987486	0.018433919642204966	-0.002617825408967884	0.00933142603717978	0.01042793643608012	0.008893020591697116	-0.007803519132257828	0.00463273809121144	0.01442687205290435	0.005005499317429431	0.013491965138010492	0.006967528806397062	0.011770884572415416	0.005766247084704281	-0.014421119306035178	-0.006390954852275323	-0.0066835968567008795	-0.004154809510998705	0.006838998571006004	-0.007758498532146788	0.003664660707490943	0.003547481975155782	-0.009124930854955984	0.0030053114415300557	0.001373679729402738	0.0027056282629696693	-0.0060299598598079806	-0.0034789354630097662	0.002055214101418134	0.0019521760280133895	0.00447683983563164	-0.004216219401596689	-0.0006391966006405057	0.0018149460153003849	-8.124870107679229e-05	-0.000967852374410262	0.0	0.0	0.0	0.0	0.0	0.0	0.0	0.0	0.0	0.0	0.0	0.0	0.0	0.0	0.0	0.0	0.0	0.0	0.0	0.0	0.0	0.0	0.0	0.0	0.0	0.0	0.0	0.0	0.0	0.0	0.0	0.0	0.0	0.0	0.0	0.0	0.0	0.0	0.0	0.0	0.0	0.0	0.0	0.0	0.0	0.0	0.0	0.0	0.0	0.0	0.0	0.0	0.0	0.0	0.0	0.0	0.0	0.0	0.0	0.0	0.0	0.0	0.0	0.0	0.0	0.0	0.0	0.0	0.0	0.0	0.0	0.0	0.0	0.0	0.0	0.0	0.0	0.0	0.0	0.0	0.0	0.0	0.0	0.0	0.0	0.0	0.0	0.0	0.0	0.0	0.0	0.0	0.0	0.0	0.0	0.0	0.0	0.0	0.0	0.0	0.0	0.0	0.0	0.0	0.0	0.0
S2014m_E2-2-C-M	0.10044144709138177	-0.05948727030983861	-0.12673853409491373	-0.06122548948073038	-0.01641134951561373	0.008300208295181568	-0.046889385589627304	-0.12745544072650725	-0.12448204747535978	-0.1010537256313301	-0.052729961846980616	0.011808339527516025	-0.003880192986337795	-0.003808364411012009	-0.04114265743331383	0.04342805308346157	0.007595840548364653	0.10342853156180896	0.07240743746499467	-0.021679091975804126	-0.020917700800700524	0.006411612288639792	0.04600039196091274	-0.015448284207584817	0.002705220982066057	0.09924450752719836	-0.02097502009080552	0.06054256633802246	0.010190914153815171	-0.03582975983484826	-0.058827701201503185	-0.04535485352349333	0.021510388238348686	0.06974384318841914	-0.012310366212312927	0.02286443471345404	-0.024165500026826943	0.018165862604053774	-0.0025984973852090395	-0.004674426675837599	0.03001198894190366	-0.008729397357592537	0.05218579007731993	-0.030016998076370257	0.009482505548076208	0.036605536095703814	-0.06933181700128113	0.03465846317634701	0.010946708309510455	-0.022449674786837688	0.035193548828297914	0.023336490804759354	-0.011645808779436306	0.010622574979771102	0.05196637330366387	0.00828980364613754	0.024876329879581383	0.015186789958125146	-0.0038285798081223385	0.010234781074612431	0.021731887390311358	0.03642173458590585	-0.00013430166723263254	0.021432037931950608	-0.04479159455474946	0.03332038800496895	0.02807178396986198	0.01770038374964248	0.0023974477332286926	-0.02471395806213666	0.006337732483301529	0.002822780700702415	0.0135350084247873	0.005129210963841218	-0.011808213833822337	0.031149297114390767	0.01129927236817484	0.0016958494660408718	0.00858151623436277	-0.005312755137951925	0.012360151552008649	0.008188607763430155	-0.00019057601282406635	-0.007253112567637404	-0.01596866480699155	0.002077827733509659	0.0010321115127596388	-0.005705589351358403	0.009122725281702668	-0.012279057511774945	0.00016920036801395112	0.014555283465386978	-0.004508128648756944	0.0037950320197795992	0.00907193133591493	-0.003554288912972111	-0.0054739103928219054	-0.006725617033521639	0.0038490328019647455	0.0007741406560796414	-0.006576554903561088	-0.0044819227927431786	0.0035229153457583535	-0.005278741093801474	0.00043650326975139053	-0.0002770141121480868	-0.001014580020973521	0.0004903659006263658	0.0	0.0	0.0	0.0	0.0	0.0	0.0	0.0	0.0	0.0	0.0	0.0	0.0	0.0	0.0	0.0	0.0	0.0	0.0	0.0	0.0	0.0	0.0	0.0	0.0	0.0	0.0	0.0	0.0	0.0	0.0	0.0	0.0	0.0	0.0	0.0	0.0	0.0	0.0	0.0	0.0	0.0	0.0	0.0	0.0	0.0	0.0	0.0	0.0	0.0	0.0	0.0	0.0	0.0	0.0	0.0	0.0	0.0	0.0	0.0	0.0	0.0	0.0	0.0	0.0	0.0	0.0	0.0	0.0	0.0	0.0	0.0	0.0	0.0	0.0	0.0	0.0	0.0	0.0	0.0	0.0	0.0	0.0	0.0	0.0	0.0	0.0	0.0	0.0	0.0	0.0	0.0	0.0	0.0	0.0	0.0	0.0	0.0	0.0	0.0	0.0	0.0	0.0	0.0	0.0	0.0
S2014m_E2-3-A-M	0.1358440225125714	-0.0011999449667778937	0.07874515020212197	0.16441327103176975	-0.0613621680519356	0.04530100075438534	0.052723265815436425	-0.1625574061116296	-0.02948404790390515	0.10250309148897364	0.10705032808454441	-0.10654418348700069	-0.12225527779012349	-0.07601451574803349	-0.05552609044704425	0.05153813403895714	-0.09748776971015703	0.06305471577513189	-0.10731885048035009	0.060930932163134575	-0.015852627921044183	0.007255522694979545	0.04402840848573279	0.0025566802211041805	-0.0865866831966258	0.00628290498296276	-0.00684501527343884	-0.02861935548029764	-0.000639913479905367	-0.018754420686361	-0.04900270690657653	0.004576485204495344	-0.010401778601721208	0.02736945015805307	-0.002571354159726816	0.03173013090224848	0.02081909896150929	0.012520571441928856	-0.028667142367105044	-0.020364706504024607	0.0386091905851786	-0.001242223465296592	-0.010580902732901881	0.011247325235310189	-0.014874310307987443	-0.0209116535376308	-0.03081689054220632	-0.018001821723250672	0.0009208357243862634	0.03057356757398958	-0.004203184325913562	-0.028672885047610747	0.005909739413125904	0.0208700847235214	-0.003571648103313827	0.03245798532311839	0.031641753312117174	-0.0032843969132099744	0.008398642581003587	0.008026706437101858	0.013887947988605152	0.005564038903623371	-0.011804118164252872	0.018836231504423387	-0.01185338521356493	-0.01913022999011622	-0.010845898405138677	0.0020001544211903687	0.010245788606533088	0.0018178121251970227	0.005712452216692337	0.024344523557148102	0.004471284639592181	-0.0021184458843753248	0.01510761274338389	-0.014921842446328298	0.0069624568869845185	-0.00432757920610506	0.02474066387292767	-0.001777406057254711	0.014298954839261796	0.015066982677128601	0.01113254094206976	0.005641759142887141	0.01642207200554232	-0.011513288770071357	0.007796370650214042	-0.0064449985116104965	1.99548690153358e-05	0.0028966200322576353	0.0033104448609498098	-0.00250177178276988	0.003820926869291944	-0.008753693954268834	0.0030381139511168947	-0.00766472178240717	0.005015160832087225	0.0015480605275951353	4.80375628126391e-05	0.008149204310442514	-0.0037649470017095494	0.0026355642376127797	0.002706629295267596	0.0040840092563750405	-0.0005247874471014164	-0.0009249621095297743	-0.0016693555635946475	-0.00012127693472572126	0.0	0.0	0.0	0.0	0.0	0.0	0.0	0.0	0.0	0.0	0.0	0.0	0.0	0.0	0.0	0.0	0.0	0.0	0.0	0.0	0.0	0.0	0.0	0.0	0.0	0.0	0.0	0.0	0.0	0.0	0.0	0.0	0.0	0.0	0.0	0.0	0.0	0.0	0.0	0.0	0.0	0.0	0.0	0.0	0.0	0.0	0.0	0.0	0.0	0.0	0.0	0.0	0.0	0.0	0.0	0.0	0.0	0.0	0.0	0.0	0.0	0.0	0.0	0.0	0.0	0.0	0.0	0.0	0.0	0.0	0.0	0.0	0.0	0.0	0.0	0.0	0.0	0.0	0.0	0.0	0.0	0.0	0.0	0.0	0.0	0.0	0.0	0.0	0.0	0.0	0.0	0.0	0.0	0.0	0.0	0.0	0.0	0.0	0.0	0.0	0.0	0.0	0.0	0.0	0.0	0.0
S2014m_E2-3-B-M	0.006712242785563076	0.03589774127077078	-0.00997353447357815	0.0945115548179204	-0.019637085693438812	0.036533529851675975	-0.004774343935048811	-0.12438327895126546	0.01807630462974466	-0.0740937477637181	0.045527118242600174	-0.04334731473415956	-0.03507506346699395	0.05120883469740484	0.031240950379405514	-0.017598170006797947	0.027521367813447696	-0.05700863410871063	0.09226533909561646	-0.05115294143577808	0.00108113796260812	0.005274423645821221	0.020680019692902035	0.012466830536697992	-0.031093574610868997	-0.10094760897555133	-0.09340099435284221	0.04033956913367613	-0.005169272718997791	-0.0011089918990241131	-0.04478782385912397	-0.09577534934521012	-0.002566867557229334	0.01911660650716533	-0.0033088831372871	0.033622592740634456	0.009478381882867292	-0.05585177451063046	-0.041280618288357065	-0.01871144208643331	0.020809240884494352	-0.014282358083704906	-0.006234695961785288	0.013739126779518237	0.07417776246474381	0.018526174976487043	0.0012658307886275783	-0.007470227005933665	-0.010783264323020195	-0.005436652558611619	-0.016220903450696808	-0.009653166996591448	0.0191071118676835	-0.010677108476739961	0.04555055507955863	0.0004909839121897281	0.01977031054561505	-0.016387689967144327	0.019433785626547254	-0.014364769532177664	0.005053004110419814	0.0017713138871741185	0.022775784605703033	0.008990562918191251	-0.0037308801798997455	0.005598669334180066	0.020998169094116413	0.02219022051023935	-0.0464472486160364	0.012632904336940365	0.025099577859155387	-0.010033426272840033	0.008108168760481073	0.02201957484196476	-0.02029867339786328	0.008154637645667179	-0.004486930277642212	-0.006470349642541004	-0.006524353092729756	0.015128933802511683	-0.003901466738984388	0.007543391959768806	-0.0005080237640678528	-0.022479403191878185	-0.004625415885780956	0.006388117109613401	-0.021735345765451962	-0.00557980072448687	0.013000578028949748	-0.019907005924419772	-0.0005281710795096089	-0.020624648152169307	-0.009215131689421466	-0.0021769118681486473	0.00684086174918327	-0.014297386254860009	-0.0007286535347602272	0.0022364915438505407	-0.0005717231229961172	-0.009870872715348901	-0.009726984453917141	0.013680022520328891	0.0016257524224481156	0.000980119154845906	-0.0016896721580496865	-0.0017473977688770767	0.0007417995872555008	-0.0013885573107839185	0.0	0.0	0.0	0.0	0.0	0.0	0.0	0.0	0.0	0.0	0.0	0.0	0.0	0.0	0.0	0.0	0.0	0.0	0.0	0.0	0.0	0.0	0.0	0.0	0.0	0.0	0.0	0.0	0.0	0.0	0.0	0.0	0.0	0.0	0.0	0.0	0.0	0.0	0.0	0.0	0.0	0.0	0.0	0.0	0.0	0.0	0.0	0.0	0.0	0.0	0.0	0.0	0.0	0.0	0.0	0.0	0.0	0.0	0.0	0.0	0.0	0.0	0.0	0.0	0.0	0.0	0.0	0.0	0.0	0.0	0.0	0.0	0.0	0.0	0.0	0.0	0.0	0.0	0.0	0.0	0.0	0.0	0.0	0.0	0.0	0.0	0.0	0.0	0.0	0.0	0.0	0.0	0.0	0.0	0.0	0.0	0.0	0.0	0.0	0.0	0.0	0.0	0.0	0.0	0.0	0.0
S2014m_E2-3-C-M	0.07163740426798303	0.041302461892770266	0.03904024626282823	0.03228938304557406	-0.043036300494826964	0.05721794812802883	0.06367713140221386	-0.12113969302207278	-0.036313354110429866	-0.09163465696709687	0.020812615165625357	-0.027656727368280253	-0.05407059691977851	0.011841707296198295	-0.012086661104502244	0.0004071185515136468	0.044534531208854984	0.02226314768974239	0.02733012173020482	-0.05910834265446752	0.10589641292847268	0.03136265249465615	0.0029347642253299247	-0.0074292430220857	-0.029773913743770163	-0.0552682148138583	-0.02748263143503692	-0.02789135881837777	-0.014589290554685707	0.02184084478000433	-0.028354921471072728	-0.022470840626789453	-0.01800049841160267	-0.007238426593471932	-0.030097148023070657	0.05720950316878983	0.04141938377099542	0.00033416718012465945	-0.022565500103777628	-0.015984310921292582	-0.016159161364335338	0.03645288045466001	0.042003215845238105	-0.0024953917561367153	0.02150048031601612	-0.008245304537904771	0.011556897655717725	0.026070997258830973	0.0018636937645499113	0.02286405897021387	0.015193368175959156	0.025547020905501743	0.02502387738458699	0.03876615047240781	-0.015282493841212396	-0.0022314959623171917	-0.014968594365058104	-0.03191245584193753	-0.021127917028796798	-0.028870390372481715	-0.015931624766926788	0.015323950441380383	0.007048219088192652	0.01825012807119064	-0.027389564358300554	-0.0057361237324980874	0.031975996495739206	0.013592213512662791	0.007246669728241088	-0.003045073353151381	-0.015182941966358585	0.02130171716987488	-0.017766321082172548	-0.019814967063323554	0.00490321926813558	0.0028380366786873485	0.008434480863823843	-0.0018822377045436434	0.007263339276937288	-0.005510960510274097	-0.005456062194298273	-0.001116061555818398	0.009700516011347218	0.009672558427203656	0.013063617270665488	0.01297640741295675	-0.0023942103942447795	-0.0070434286898271165	0.009029942363256046	0.03912946489463479	-0.00026464534099114915	0.005872231277502588	-0.0029024886694269877	0.009154765424302724	0.0012619729074615504	0.0037124714354849825	-0.006593055510523884	0.000688494765190125	-0.005701712665419794	0.00918590158110725	0.0008145144559088182	-0.00047291080887937873	-0.002258812391742813	0.005605323694230337	0.0011263077394515185	0.0007632760618377956	0.004254570706486345	-0.00012087021813554943	0.0	0.0	0.0	0.0	0.0	0.0	0.0	0.0	0.0	0.0	0.0	0.0	0.0	0.0	0.0	0.0	0.0	0.0	0.0	0.0	0.0	0.0	0.0	0.0	0.0	0.0	0.0	0.0	0.0	0.0	0.0	0.0	0.0	0.0	0.0	0.0	0.0	0.0	0.0	0.0	0.0	0.0	0.0	0.0	0.0	0.0	0.0	0.0	0.0	0.0	0.0	0.0	0.0	0.0	0.0	0.0	0.0	0.0	0.0	0.0	0.0	0.0	0.0	0.0	0.0	0.0	0.0	0.0	0.0	0.0	0.0	0.0	0.0	0.0	0.0	0.0	0.0	0.0	0.0	0.0	0.0	0.0	0.0	0.0	0.0	0.0	0.0	0.0	0.0	0.0	0.0	0.0	0.0	0.0	0.0	0.0	0.0	0.0	0.0	0.0	0.0	0.0	0.0	0.0	0.0	0.0
S2014m_E5-1-A-F	0.021215187965587596	0.023096439539990313	-0.04660898019902606	-0.09911328021173674	-0.022289938869090253	0.055771281239846766	0.02186675638633978	-0.09439961174104146	0.019790232851208324	-0.03165354834410926	-0.0939545573724463	0.02875787936576357	0.08109557214574326	0.013154741552877092	0.0018706400806484322	-0.02059622500678576	-0.13787588343652493	-0.0819523397756173	0.06219996081727391	0.04860020054543586	-0.01103841884848106	-0.021183103503740686	-0.03926928347022628	-0.061285726406100166	-0.06358495312363993	-0.019233348681606727	0.04354651508971433	-0.02635318773043894	-0.06952159722414072	0.02986340107380265	-0.02276859890509352	-0.00694224285927436	-0.022048562820932142	-0.026537678045712308	0.023028973540318718	-0.019258960689344174	0.006551775339358878	0.02118319260688947	-0.007907343211829166	0.04480172157727502	-0.017046586736462338	0.00833311134521548	-0.004129177020975094	-0.023951015378056537	0.03335413141444412	0.007215546229162307	0.011572756777070732	0.014058265004592172	0.0052220538780576396	0.030172492116277656	0.010859278581735635	0.011861174891125599	0.013503473896806242	-0.019863854338284748	0.01303529252644676	-0.011548917053758692	-0.008255349377266118	-0.011583981463472243	-0.002574085692791541	0.0008332689758933378	0.010914156088544218	0.005145332919936987	0.007015064940750472	0.006263549062302483	0.012099811351325228	0.023689119541786437	-0.01132814206741892	-0.004088697233025254	-0.012246387004136822	-0.0200053142062297	0.005025675305001081	-0.018195518853873095	-0.01457057134353102	0.010259897060614321	0.009662503901325652	-0.001946749916616323	0.024936400012366806	-0.015274764392743797	-0.021462293095071052	-0.00382561144150461	1.5994585035207036e-05	-0.006091521667693261	0.015444373152121547	-0.014417158179653972	0.003389808677898876	-0.017093496517201195	0.0007718033286591423	0.001355455915365704	-0.006739330254732932	0.01559407595785001	0.0025390937558876837	0.008288614832152971	-0.0002499267513416587	0.008076813018214678	-0.0014141810760215302	-0.006066596391818784	-0.013513693179082444	-0.0028495870835992913	0.008355541373677564	0.003014740360636668	-0.005601202513435343	0.0009794470062150647	-0.005091296745971417	0.004185557848903763	-0.0006885350515491682	0.0012398635137418805	0.0015926965049963967	-0.0014473219751295198	0.0	0.0	0.0	0.0	0.0	0.0	0.0	0.0	0.0	0.0	0.0	0.0	0.0	0.0	0.0	0.0	0.0	0.0	0.0	0.0	0.0	0.0	0.0	0.0	0.0	0.0	0.0	0.0	0.0	0.0	0.0	0.0	0.0	0.0	0.0	0.0	0.0	0.0	0.0	0.0	0.0	0.0	0.0	0.0	0.0	0.0	0.0	0.0	0.0	0.0	0.0	0.0	0.0	0.0	0.0	0.0	0.0	0.0	0.0	0.0	0.0	0.0	0.0	0.0	0.0	0.0	0.0	0.0	0.0	0.0	0.0	0.0	0.0	0.0	0.0	0.0	0.0	0.0	0.0	0.0	0.0	0.0	0.0	0.0	0.0	0.0	0.0	0.0	0.0	0.0	0.0	0.0	0.0	0.0	0.0	0.0	0.0	0.0	0.0	0.0	0.0	0.0	0.0	0.0	0.0	0.0
S2014M_E5-1-A-M	-0.12515654765979786	0.014632310236657427	-0.05361200320970414	-0.1836694478269877	-0.10131442551581554	0.048086095085352595	0.12366408264891146	0.03784612477829488	0.053118147642479095	0.01590486918916495	-0.004034341298624115	0.05729794464985121	0.015259128341023113	0.006718144589860458	0.02337170613258576	-0.029466324133644587	-0.02225600155631574	-0.039297969605904474	-0.03945530157670837	-0.014619994587568524	-0.005817149211494906	-0.01462384078198159	-0.0029764480339153155	-0.029703086723493723	-0.024819364975073498	0.01808166379873075	0.021940112401195633	-0.00809594952759613	-0.044135580323841996	-0.0005032724662657169	-0.01955915714146294	0.0020714924001414515	0.009824055408026458	0.003644575481369243	-0.00559702452252255	-0.02215798718369364	-0.0012676594601507404	0.00852236176877939	-0.001009838585775756	-0.003854494370684955	0.014232921968863636	-0.01157840392963037	0.006833092308704885	-0.0008521713002631145	0.008892559248685608	0.015693097785795487	-0.013223835751006377	-0.0009907673132873473	-0.017513717052622158	0.002972437508273719	0.0009075308299918746	-0.016385164619857437	-0.005596101297626685	-0.019869697231014644	0.016889489551650597	-0.007888433082372442	0.017275829105549416	-0.0035990118244505027	0.0066731253634500975	-0.007701261067194333	-0.0006011766877401406	-0.005159931552114809	0.0043016965975551024	0.00411640232853933	-0.011893773853367118	0.03268249880104574	-0.00867739325207402	0.018526633837144167	0.0018028385091142683	-0.008770113202364708	-0.011241428864574101	-0.004911034468394088	0.009614327607376853	-0.0027672123286131014	-0.011683936871899286	0.009920484982180575	0.004433583305641973	-0.0011318560243360751	-0.011693741498163128	0.009891583312460565	0.012432172987001642	0.004927951724348313	0.0012362556087461946	0.007395420588858985	-0.009273765902077277	0.004692968480442526	-0.0033588529737804264	-0.015267236739594419	-0.012840405654833008	0.00751959195358025	-0.006522458757413011	0.009925715907427489	0.0001963828082538023	0.0010114516809202202	-0.0011418367770161838	0.009348077449253771	-0.004353145165465244	-0.004970638088325302	0.009893203712286792	-0.00015040409522014758	0.005690790638512926	0.0037439608337343088	0.009829350505329097	-0.005517409866887092	-0.002874463265026666	-0.0031130927746769663	-0.0023219733725395003	0.0003562212462910579	0.0	0.0	0.0	0.0	0.0	0.0	0.0	0.0	0.0	0.0	0.0	0.0	0.0	0.0	0.0	0.0	0.0	0.0	0.0	0.0	0.0	0.0	0.0	0.0	0.0	0.0	0.0	0.0	0.0	0.0	0.0	0.0	0.0	0.0	0.0	0.0	0.0	0.0	0.0	0.0	0.0	0.0	0.0	0.0	0.0	0.0	0.0	0.0	0.0	0.0	0.0	0.0	0.0	0.0	0.0	0.0	0.0	0.0	0.0	0.0	0.0	0.0	0.0	0.0	0.0	0.0	0.0	0.0	0.0	0.0	0.0	0.0	0.0	0.0	0.0	0.0	0.0	0.0	0.0	0.0	0.0	0.0	0.0	0.0	0.0	0.0	0.0	0.0	0.0	0.0	0.0	0.0	0.0	0.0	0.0	0.0	0.0	0.0	0.0	0.0	0.0	0.0	0.0	0.0	0.0	0.0
S2014m_E5-1-B-F	-0.11106450285534682	0.01444843636886289	-0.06458294684126967	-0.18355455645102217	-0.07272395277555907	0.030753141692370686	0.14037227169403294	0.025409947313362904	0.059033374036428964	0.026281200434370555	-0.05678062243817516	0.03271861412516094	-0.0024928165654501317	0.029537847876435413	0.04374331080543775	-0.03906194397716801	0.013034458784765938	0.01105787054511429	0.005183777844412798	-0.012037005737047269	-0.017538230047858552	-0.010164070309475685	0.03146487236104343	0.013531837530912829	-0.004791728446930032	0.01693592758152762	-0.004839253435965481	-0.004180591001327392	-0.03838545564374315	-0.0034167951916546715	-0.014969269123837722	0.015412793592809901	0.006912695105281364	-0.011162061465281578	-0.00667625418859352	-0.032474511728911054	-0.001799494761777246	-0.0017294356998771067	0.015669582097202255	-0.010948142358744523	-0.014641709686602762	-0.003487909713964952	-0.0001794622688022967	-0.005391116875660211	-0.0016851823748088909	0.0038010134532428293	-0.009474780037078703	-0.0005495379782678938	0.008460858300806767	0.008992655917195237	-0.006631454928919218	-0.007474249307823918	0.012679584565503613	-0.029528716751926826	-0.015623035845179632	1.4121501676874489e-05	0.011155749711046289	-0.020313423151878347	-0.005839050359192542	0.013408378105479566	-0.002570929630380347	0.003660911128229125	0.00031963634093748336	-0.0003833663250000812	-0.015623684000262624	-0.005344369223239086	-6.317905585646648e-05	0.0011900644879039052	0.0008464132614894404	0.011230499773737582	-0.0003736377703440871	0.004776454001396196	0.0036129342262601286	-0.012615972203626027	0.0019761462482612	-0.004756127212034522	-0.005098810344784691	-0.0021065942581241703	-0.006851341593727284	-0.0037018979662790195	-0.003096348374743611	-0.007864284916498154	-0.006498230778438472	-0.0006457594367833633	0.009525088383435788	0.002869242263370325	0.0013087797540114446	0.0010305582821059814	-0.0008055919155594499	0.006688912302870173	-0.004422843404026174	-0.005876426990848793	-0.00891082418657812	0.013041148028089582	-0.006294616440534609	-0.00997481720866253	0.007046095198815812	-0.005798290184943626	0.0018547798774642126	-0.01064043079680979	-0.0027681443947283673	-0.009748996836184803	-0.0035480960136295104	0.003026254113406185	-0.003359167049864357	0.004460529245401739	0.0026631944073009684	0.0008208956400654758	0.0	0.0	0.0	0.0	0.0	0.0	0.0	0.0	0.0	0.0	0.0	0.0	0.0	0.0	0.0	0.0	0.0	0.0	0.0	0.0	0.0	0.0	0.0	0.0	0.0	0.0	0.0	0.0	0.0	0.0	0.0	0.0	0.0	0.0	0.0	0.0	0.0	0.0	0.0	0.0	0.0	0.0	0.0	0.0	0.0	0.0	0.0	0.0	0.0	0.0	0.0	0.0	0.0	0.0	0.0	0.0	0.0	0.0	0.0	0.0	0.0	0.0	0.0	0.0	0.0	0.0	0.0	0.0	0.0	0.0	0.0	0.0	0.0	0.0	0.0	0.0	0.0	0.0	0.0	0.0	0.0	0.0	0.0	0.0	0.0	0.0	0.0	0.0	0.0	0.0	0.0	0.0	0.0	0.0	0.0	0.0	0.0	0.0	0.0	0.0	0.0	0.0	0.0	0.0	0.0	0.0
S2014M_E5-1-B-M	-0.173441505640916	0.05765336856178888	-0.04320569095148454	-0.12376442653184008	-0.08573288550084623	0.023806426947049642	0.03892788409994768	0.022799584287535736	0.0894122246200252	0.06861681514735511	0.006167458783048143	0.042088785494749655	0.02226448408350953	-0.027428838836153036	0.06986855058771026	-0.03362219150901132	-0.0009671452022987706	-0.04016560180028581	-0.05512290997637114	-0.0333754518316536	0.0012277592258997064	-0.014755989509704566	0.013899044833617747	-0.028533148807510195	-0.016478011552358014	0.04066591083322017	0.005874866747385622	0.014332227792724889	-0.026186754238102874	-0.009889984574989463	-0.02043174516336555	0.005461195016187762	0.01744692819318663	-0.013954394954462395	-0.03507132238804607	-0.019123622465092943	-0.007115390884282588	0.004671376589144255	0.04275576021674312	-0.03208068776469387	0.019748812913965633	-0.03798204681299458	0.019388166369827098	0.014934466417315705	0.018660909575586873	-0.002265105068754385	-0.015428542983658361	0.007234915102978307	-0.001956763868092487	-0.009833072664007965	-0.036262403104809916	0.013210857598247009	0.012846026109681583	-0.009979793959569721	-0.0025868880689865347	-0.0042113339850927	-0.020704039826929928	-0.01949601389897336	0.010085413893275132	0.030954489400839034	0.017206241698210986	0.0027447547878732157	0.01958849720039178	0.008225184698440595	-0.007091081104379099	0.02004095540129319	0.008719171763682084	-0.00531598324884695	-0.01689213850009343	0.005064998495796955	-0.009816183896689222	0.013237154915791444	-0.006281273908664285	-0.00022053005081532382	0.011962887049572586	0.003219830821333529	0.009280596301117284	-0.006118647543405545	0.02429263883985853	-0.001986856767193993	-0.006515812666823899	0.0016241822914267179	-0.011457442497656954	-0.015388472837976402	-0.0016856278016650912	-0.004126545105412816	0.0033558604542982193	0.016033666343112197	0.0010487073164518964	-0.00341747597224857	0.004557955233937403	-0.0014648465635797596	-0.0024332304276313333	0.00018980795038003626	0.009094221063396258	-0.002045529775471372	-0.005058575116845665	0.00036689774385983986	-0.008035464992944165	0.013189589560583536	0.00039998235835367806	0.003078577778561942	-0.0013001131542792795	5.467507582094297e-05	-0.0023651393556384016	0.0028246382822874347	-0.001087472549805522	-0.00301997918871975	0.0	0.0	0.0	0.0	0.0	0.0	0.0	0.0	0.0	0.0	0.0	0.0	0.0	0.0	0.0	0.0	0.0	0.0	0.0	0.0	0.0	0.0	0.0	0.0	0.0	0.0	0.0	0.0	0.0	0.0	0.0	0.0	0.0	0.0	0.0	0.0	0.0	0.0	0.0	0.0	0.0	0.0	0.0	0.0	0.0	0.0	0.0	0.0	0.0	0.0	0.0	0.0	0.0	0.0	0.0	0.0	0.0	0.0	0.0	0.0	0.0	0.0	0.0	0.0	0.0	0.0	0.0	0.0	0.0	0.0	0.0	0.0	0.0	0.0	0.0	0.0	0.0	0.0	0.0	0.0	0.0	0.0	0.0	0.0	0.0	0.0	0.0	0.0	0.0	0.0	0.0	0.0	0.0	0.0	0.0	0.0	0.0	0.0	0.0	0.0	0.0	0.0	0.0	0.0	0.0	0.0
S2014m_E5-1-C-F	-0.04893365285047218	-0.016824379890391785	-0.03714168313024394	-0.1477791936191709	-0.13551086740560378	0.07990889087257234	0.10517777385080998	-0.009630369676484694	0.07433719955465921	0.007699542130188931	-0.02674139332483568	0.03333017103493615	0.061647240056263194	-0.060477775628357745	-0.018940002814040173	-0.02358167975479278	-0.03351347227626833	-0.028349071627402515	-0.00309488318890088	-0.003120567326523984	-0.025543538971051927	-0.01715622799075717	-0.0416916980305247	-0.0599807106136565	-0.011182658579917754	0.006769676630422551	-0.033588646851532886	0.011544824360687963	0.020245763881026013	0.036849972528928264	-0.0010407826962079941	0.040961342272148975	-0.055795618626053006	0.01594998619693704	0.019774370348421024	0.036280269157873524	0.005683624107957456	0.004170816661692693	-0.01129872492266092	-0.009455311562539639	0.0397525140073069	-0.0069076101281560715	-0.003325610089138451	0.031884913517078416	0.010353589821633155	-0.008534648146126889	-0.009927214320068259	0.01814806920265532	0.03939329077981173	-0.04814950039799066	-0.0026590076394216048	0.0018809992500491274	0.02904416174621334	-0.014467048118235064	0.009741048882133365	-0.0385665612182187	-0.015818879120542542	0.0216439412630369	0.011657279812804141	0.020236027308083257	0.0010603879051573268	-0.028795797187531436	-0.0010301158140541612	-0.03603441865222695	-0.012615210957215678	-0.033772792317342176	-0.016936367946218944	-0.00483998662927936	0.03989583033335645	-0.0030222566230830674	0.01368261253538968	-0.00471798531029522	-0.03589889764008421	0.0429583811575174	-0.022533308749577173	0.014631369287475939	-0.004935078656435627	0.00769201395958029	0.006809774255355176	-0.022560766122818904	-0.010793190833304406	-0.017484268758377924	-0.020244739333038282	0.010642594323395885	0.0028510616498611543	0.013039153416596299	-0.002432149269860603	0.003760981809167961	-0.009170539440003322	0.005285182336100807	0.006041882410540286	0.0029861227958039777	-0.0018261291251882269	-0.008339360088233187	0.011767833484126458	-0.013116016703462702	0.0045203227091706035	0.0015353110107192206	0.010176800670688239	0.003964564304497769	-0.0009114832788998012	-0.0006924321677085098	0.012116580881767142	0.0008177736942575858	0.002886323465568089	-7.403959122948833e-05	-0.0008140734975034023	0.0006443456563243005	0.0	0.0	0.0	0.0	0.0	0.0	0.0	0.0	0.0	0.0	0.0	0.0	0.0	0.0	0.0	0.0	0.0	0.0	0.0	0.0	0.0	0.0	0.0	0.0	0.0	0.0	0.0	0.0	0.0	0.0	0.0	0.0	0.0	0.0	0.0	0.0	0.0	0.0	0.0	0.0	0.0	0.0	0.0	0.0	0.0	0.0	0.0	0.0	0.0	0.0	0.0	0.0	0.0	0.0	0.0	0.0	0.0	0.0	0.0	0.0	0.0	0.0	0.0	0.0	0.0	0.0	0.0	0.0	0.0	0.0	0.0	0.0	0.0	0.0	0.0	0.0	0.0	0.0	0.0	0.0	0.0	0.0	0.0	0.0	0.0	0.0	0.0	0.0	0.0	0.0	0.0	0.0	0.0	0.0	0.0	0.0	0.0	0.0	0.0	0.0	0.0	0.0	0.0	0.0	0.0	0.0
S2014M_E5-1-C-M	-0.1149279878816935	0.03062822759189429	-0.02333173297363923	-0.17246088500681572	-0.019416896043854187	0.0284117781015421	0.13027177020549022	0.0789747971135385	0.044580881555120216	0.011609243840106752	-0.017841190100191126	-0.029401788508504428	0.023958464386140535	0.04979150310180816	0.031335686072216686	-0.04339916629281614	-0.031328907912967274	0.011955396530020894	0.060539499565995934	-0.010166976124616384	0.010125803700294363	0.022995870510533218	0.04865975314059002	-0.00271061433271258	-0.05149228990026784	0.00170447336354746	0.019849402187078605	-0.02146404603003552	-0.0077662334905290765	0.011611609378018887	-0.027351009797190753	0.0006778200836851271	-0.022465091555180863	-0.016783832476168565	-0.01285018205532722	-0.023884955364369347	-0.021414301417911407	0.01968204727673478	0.013133671953204137	-0.0021307591381552293	-0.01240784785507809	-0.020538785741715165	-0.0012164587213298512	-0.0015085863677429176	0.0011510729977414222	-0.0015015186382377629	-0.01164573640962478	-0.005307301401255575	0.008149384435727896	-0.006309623427068706	-0.027767427117917062	-0.013353802826772686	0.024710160360533962	-0.033842111510861625	-0.014202667059373342	-0.012800531085609107	0.004196441482059838	-0.026318181024274474	-0.0057677034622300675	0.011663416632627526	0.004209333746177009	0.002890871076761881	0.000944864239944531	-0.0018517476444271596	-0.013528658488028514	0.00956649021938985	0.007709460999735847	-0.0011489782391346888	-0.00594159576063481	0.012699062901317233	1.2917050743022443e-05	0.013958954295818123	0.002824630853996816	0.005061730572284705	0.003143498347952711	-0.0033428432603010514	0.0020643165934307686	0.000931710719957105	0.007931040337831496	-0.006953867424238088	0.0003603907752909904	-0.006322062658826397	-0.003336757119819625	-0.015430884104010544	-0.00116356199228517	-0.008930512410476387	0.0014790848362371334	0.0052686110139634965	-0.007863845499156301	0.01093671343986289	-0.012134001133850849	-0.003661603006659406	0.010042075703954734	-0.0030723735662326135	-0.0055645825696603	-0.0032527789242930887	0.0002638177258116725	-0.0023272631396644553	0.0030271254040170714	0.0035573290662802254	0.0025130446104426737	0.009129843112546497	-0.006509837473367542	-0.0014466766181439456	0.004911706463665002	-0.0031203436631019234	0.0003791432250653878	-0.00018455993045564186	0.0	0.0	0.0	0.0	0.0	0.0	0.0	0.0	0.0	0.0	0.0	0.0	0.0	0.0	0.0	0.0	0.0	0.0	0.0	0.0	0.0	0.0	0.0	0.0	0.0	0.0	0.0	0.0	0.0	0.0	0.0	0.0	0.0	0.0	0.0	0.0	0.0	0.0	0.0	0.0	0.0	0.0	0.0	0.0	0.0	0.0	0.0	0.0	0.0	0.0	0.0	0.0	0.0	0.0	0.0	0.0	0.0	0.0	0.0	0.0	0.0	0.0	0.0	0.0	0.0	0.0	0.0	0.0	0.0	0.0	0.0	0.0	0.0	0.0	0.0	0.0	0.0	0.0	0.0	0.0	0.0	0.0	0.0	0.0	0.0	0.0	0.0	0.0	0.0	0.0	0.0	0.0	0.0	0.0	0.0	0.0	0.0	0.0	0.0	0.0	0.0	0.0	0.0	0.0	0.0	0.0
S2014m_E5-2-A-M	-0.11276249794044121	-0.010225537630501071	-0.06147009141775449	-0.13460162112162644	-0.02989357560877878	0.039720350671378184	0.1039895475779021	0.018371629234561145	-0.014323438616900892	-0.004298879345258672	0.02388993745259047	-0.1087341755759221	-0.025781613956794267	0.008807557651472385	-0.00828390305297933	0.009795063805062157	0.0922521479968467	0.017946030415135688	0.012864665582184544	0.013580525654047552	0.026712217959685813	0.054502679369989655	-0.0017717652467359563	0.00873551875883714	0.0037722923858864313	-0.007067689004209624	0.022075339352532572	0.00941242649088481	0.04022627988725645	0.0048509617981826675	0.024136907242027765	0.016559405163330185	-0.014368909371580993	-0.01976518672830109	-0.010048963254604188	-0.023590370426085486	-0.014751070815483184	0.0042401099501174965	0.0017177360977941895	0.010192886803897428	-0.044482256942230694	0.01106657792017293	0.0005831906366723611	-0.02218407198766188	-0.01290368768834675	0.004833220998115713	-0.003571186493487032	0.011530745014396753	0.013921120465492456	0.015915264932520216	0.009947174311511818	0.014874834292765692	-0.015469827868465668	0.0010217900266477154	-0.038077003381298914	-0.016513931282779542	0.011792747733864154	-0.017119927113776058	0.0068625333246728325	0.007932719457566389	-0.0021876927582366455	0.003569498934634608	0.022445157354115883	-0.011663922826333103	0.0033063288996664124	-0.007355026563208271	-0.014281460410593586	0.001545789703117693	0.002837249165054351	-0.006403068563627295	0.01593930452482921	-0.01135299517219109	-0.015555675157393086	-0.014645287095025893	-0.004057232629634044	-0.004729236081921903	0.008736199899098008	-0.010354333045887452	-0.011860425068354797	0.0017704649460646511	0.008207451790221428	-0.0013783665633758922	-0.016548002567442256	0.01986776387697961	0.01210918751085909	1.911740084464826e-05	-0.0021277725271271757	0.003864204916065631	0.014534842550039381	-0.0011161094889320616	-0.0016947648259864614	-0.008490929707587911	-0.008610519846596557	0.005381794021857204	-0.004551282895791559	-0.006303801109834112	0.008918614590463926	0.0068892424834988775	-0.0005058402419636285	-0.011335844447948096	0.0020751512340133607	0.011855372071865346	0.0023629820856360477	-0.003240675018612021	-0.007324248298469143	0.0004212853955778086	-0.002216919048789185	0.0019909099004773905	0.0	0.0	0.0	0.0	0.0	0.0	0.0	0.0	0.0	0.0	0.0	0.0	0.0	0.0	0.0	0.0	0.0	0.0	0.0	0.0	0.0	0.0	0.0	0.0	0.0	0.0	0.0	0.0	0.0	0.0	0.0	0.0	0.0	0.0	0.0	0.0	0.0	0.0	0.0	0.0	0.0	0.0	0.0	0.0	0.0	0.0	0.0	0.0	0.0	0.0	0.0	0.0	0.0	0.0	0.0	0.0	0.0	0.0	0.0	0.0	0.0	0.0	0.0	0.0	0.0	0.0	0.0	0.0	0.0	0.0	0.0	0.0	0.0	0.0	0.0	0.0	0.0	0.0	0.0	0.0	0.0	0.0	0.0	0.0	0.0	0.0	0.0	0.0	0.0	0.0	0.0	0.0	0.0	0.0	0.0	0.0	0.0	0.0	0.0	0.0	0.0	0.0	0.0	0.0	0.0	0.0
S2014m_E5-2-B-M	-0.12305871685713296	0.027233128018541306	-0.012083879548788463	-0.08463734625411293	-0.04707903463446352	0.05847397877702376	0.0033593576637200875	0.006580337703942703	0.05269984603163701	0.0518785744135872	0.005839692409095719	-0.04197854389380336	0.026589296046360372	-0.08535250517077203	0.006465822752102693	-0.018782564730158043	0.025247507362439692	0.03338291283290366	-0.014053773345596796	-0.03182875295288124	0.009945148632523687	-0.01835182903565979	-0.05470055707925949	-0.058869593571800063	-0.0733844896012266	-0.021883443763901167	0.005139121158092724	0.02323175623282057	0.06066171677440249	0.010730458295834565	-0.0014332446342934918	-0.03569286716405872	-0.047935144651958084	-0.026671631528811236	-0.04001249679815566	-0.002098687277529356	-0.03377567286022219	-0.016279432248481485	0.010028459260645271	-0.01362908766769541	-0.01455953245242779	0.0009294638867500334	0.012717334432111732	-0.017067450446863978	-0.00110086778546356	-0.0219902791378418	0.003061818390393844	0.02281529804138115	-0.04110088962881787	0.032229470312612765	-0.008425244774603486	0.016022056098736404	-0.008441322519869447	0.026537358478800732	0.008303228321644067	-0.012251001722592936	0.008366194955704733	0.0032614836995439327	0.0040398712602500025	0.03455534568772807	0.015143025000598154	-0.019756124715096024	0.03576344381607939	-0.013409418489478353	0.01908235486424453	0.03761092002216645	-0.01308476521052714	0.04266826792282481	-0.013148177395501007	-0.002974552737126108	0.0037864590368193096	0.0018714499661071256	-0.01730935345248825	-0.0016317282635421155	-6.834636121600599e-05	-0.006408540426335697	0.006117758616122746	-0.012577058296074308	0.014681652250775588	0.030467739782591683	0.011155163092593947	0.011074088519149282	-0.02332022617002509	0.014956476792657112	0.0019124689785751181	-0.021267521675454114	0.011901518355815674	0.015379717832283197	0.009028382488113737	0.006511615502177303	-0.014428247034054518	0.002712277852726929	0.0043628773329344684	0.00134415259013759	-0.00034957768199181535	-0.011275950722420767	0.008872196333333748	-0.0018877057363780958	-0.005827152985156578	-0.00272172151443845	0.0051150341840553734	-0.00023569169698577257	0.0009009198987201536	-0.004557964280980366	-0.0009832903981485544	-0.0003246587922433474	-0.00033092240104542694	0.001412041483805559	0.0	0.0	0.0	0.0	0.0	0.0	0.0	0.0	0.0	0.0	0.0	0.0	0.0	0.0	0.0	0.0	0.0	0.0	0.0	0.0	0.0	0.0	0.0	0.0	0.0	0.0	0.0	0.0	0.0	0.0	0.0	0.0	0.0	0.0	0.0	0.0	0.0	0.0	0.0	0.0	0.0	0.0	0.0	0.0	0.0	0.0	0.0	0.0	0.0	0.0	0.0	0.0	0.0	0.0	0.0	0.0	0.0	0.0	0.0	0.0	0.0	0.0	0.0	0.0	0.0	0.0	0.0	0.0	0.0	0.0	0.0	0.0	0.0	0.0	0.0	0.0	0.0	0.0	0.0	0.0	0.0	0.0	0.0	0.0	0.0	0.0	0.0	0.0	0.0	0.0	0.0	0.0	0.0	0.0	0.0	0.0	0.0	0.0	0.0	0.0	0.0	0.0	0.0	0.0	0.0	0.0
S2014m_E5-3-A-M	0.3002514338533993	-0.13179074523609374	-0.16803516950037684	0.041445235191292125	-0.05316979267661595	-0.04777102788154887	-0.04750379763749281	-0.05608007148567416	0.009151965559620036	-0.040991146012107495	0.08002704844352908	-0.07751555460141098	0.15411645471539615	0.03948859645864325	0.03463851388375722	-0.057963292781312924	0.02191134199363703	-0.008971903242855477	-0.03119346571139367	-0.05553672747115389	-0.08088261106209906	0.06850654023799653	-0.07026343524091788	0.07695389336015838	-0.030328087364187885	0.006962954883278972	-0.02485452324687172	0.04210363441696202	-0.07240700372569966	0.030010936300090767	0.04713013307457918	0.006866589106140894	-0.0095393393043096	0.023871715710372558	-0.0046676802800534045	0.01343155489558269	-0.04899291465566756	-0.07480745147591378	-0.037558047146921514	-0.001328852321546031	0.025230249667352652	-0.01100929682385777	0.06320531360946575	-0.020024108569960057	-0.014103894765010774	-0.04980478161227458	0.04834677746424926	0.019661749102997814	0.04128631276283864	-0.03919046780423727	-0.04026310685895323	-0.04249903677961004	-0.00961119101965616	0.000960927141710443	-0.044516418435437674	0.0018257550903561359	-0.019245444249495987	0.04692589944134561	0.014318012853587223	0.006806382617446172	0.05605711996147391	-0.01203528666768357	-0.02390390514454223	0.009989030341105024	-0.031030719494045376	-0.019964213148021874	-0.015751185909082362	-0.03931013566978231	-0.015000612513803498	-0.012394921978494369	-0.006918172204355733	0.024433831152647256	0.0051239021884036074	0.007069201505225276	-0.021553418929295545	-0.012517521983091185	-0.0036364481957997467	0.01694263377073772	-0.007610119201399645	-0.000598715653113204	0.020080081769857934	0.023210257549443863	0.003474816911202369	0.012557940031043918	-0.002733943247004895	-0.0027565442091083514	-0.003975959879326196	0.01953113878661726	0.019335821777608182	0.009198827742710459	-0.009492627938191979	0.01040947790452792	0.010054218493181067	0.016903238687533406	-0.014791859365834312	-0.004189141318857153	-0.0006645891932515402	-0.013325818511692135	0.005883438153992039	-2.4890110988402084e-05	-0.0031784036805686832	-0.005296131395132268	0.00030224071755233136	-0.0016226846167536036	0.0027293425247985983	0.003578710055821245	-0.002733368867393754	0.00019777204035784863	0.0	0.0	0.0	0.0	0.0	0.0	0.0	0.0	0.0	0.0	0.0	0.0	0.0	0.0	0.0	0.0	0.0	0.0	0.0	0.0	0.0	0.0	0.0	0.0	0.0	0.0	0.0	0.0	0.0	0.0	0.0	0.0	0.0	0.0	0.0	0.0	0.0	0.0	0.0	0.0	0.0	0.0	0.0	0.0	0.0	0.0	0.0	0.0	0.0	0.0	0.0	0.0	0.0	0.0	0.0	0.0	0.0	0.0	0.0	0.0	0.0	0.0	0.0	0.0	0.0	0.0	0.0	0.0	0.0	0.0	0.0	0.0	0.0	0.0	0.0	0.0	0.0	0.0	0.0	0.0	0.0	0.0	0.0	0.0	0.0	0.0	0.0	0.0	0.0	0.0	0.0	0.0	0.0	0.0	0.0	0.0	0.0	0.0	0.0	0.0	0.0	0.0	0.0	0.0	0.0	0.0
S2014m_E5-3-B-M	-0.024094053556719435	0.02003686797539896	-0.05610823674272971	-0.14004713714781492	-0.07120317139059844	0.06408658561882681	0.07136612053745647	-0.08278965449161446	-0.05161778013224477	-0.0007495563281333913	0.011587206201032577	-0.03466418045270851	-0.044616558554706344	0.04303798324510528	-0.006975170429888607	0.02901678276596347	0.12102441920000999	-0.008299465351041308	-0.021291414407335892	-0.012569487378460425	0.05183652094550952	0.031855508848297236	-0.00013341566709257173	0.006276569959087599	-0.01662912857403456	-0.03260924557163377	0.0039099217750298565	0.024990346912469204	0.025202440325134547	-0.03372877726504252	-0.012783105860550613	0.02961836187035395	0.020842914797614104	-0.032290966434099795	-0.01636993488406223	0.021189125012703525	0.0026227221814184563	-0.02997535145491586	0.014282854861833618	-0.01112724491684271	-0.030637197138250097	-0.030511386744902586	0.052205642104062235	0.0158762999385992	-0.028140738173984638	2.7332838164070246e-05	-0.012041556179384794	0.017878436626179665	0.029862090975664543	0.034440586586125053	0.019429512548545975	0.016153980937047285	0.012887573739750226	-0.01424328234166912	0.0009757881742279916	0.0011233594073238617	-0.002037735535010607	-0.011629667451851136	-0.0043783182732916185	0.0035709164346521376	-0.009631636844395754	-0.004063518500666472	-0.00963934511827448	-0.010089118038539128	0.001069378621265613	-0.008306986860279034	0.00470794590185775	-0.018520093345662094	-0.012403441426834052	-0.008998227832835881	0.0007641815458336312	0.0010551554809814137	-0.0029405152727111613	0.014588203707448434	-0.005998269356334226	-0.013970524541919984	0.010345084093864433	-0.007164569276688668	0.021085075227591583	-0.019289587770588354	0.01484385062808198	-0.0041538276448956695	-0.00844010594233753	-0.01640707775739061	0.015914615865994276	-7.742909980463289e-06	-0.0051487483366642085	-0.007026300533112779	-0.0014627791185186747	-3.115391733138299e-05	0.007668606151034755	-0.006764255406433294	-0.009167146046364616	-0.006507971753496511	0.0029689750463698203	0.003969096805629612	-0.006860453436366878	0.003821535367422983	-0.0043256411050219485	0.0031272562423976806	-0.00027907680220121947	-0.0034998990326457085	-0.007357351908690386	3.7694059580839335e-05	0.004651999303928552	0.0005598557105323097	0.002306921600780888	-0.0030400955495664796	0.0	0.0	0.0	0.0	0.0	0.0	0.0	0.0	0.0	0.0	0.0	0.0	0.0	0.0	0.0	0.0	0.0	0.0	0.0	0.0	0.0	0.0	0.0	0.0	0.0	0.0	0.0	0.0	0.0	0.0	0.0	0.0	0.0	0.0	0.0	0.0	0.0	0.0	0.0	0.0	0.0	0.0	0.0	0.0	0.0	0.0	0.0	0.0	0.0	0.0	0.0	0.0	0.0	0.0	0.0	0.0	0.0	0.0	0.0	0.0	0.0	0.0	0.0	0.0	0.0	0.0	0.0	0.0	0.0	0.0	0.0	0.0	0.0	0.0	0.0	0.0	0.0	0.0	0.0	0.0	0.0	0.0	0.0	0.0	0.0	0.0	0.0	0.0	0.0	0.0	0.0	0.0	0.0	0.0	0.0	0.0	0.0	0.0	0.0	0.0	0.0	0.0	0.0	0.0	0.0	0.0
S2014m_E5-3-C-M	0.24798649411803061	-0.056426587767284604	-0.04344573484341279	0.0018778814994222992	-0.11306209612032433	0.007998804502850544	0.030103586522725875	-0.0456200661627157	0.09784948020960108	-0.11273010147435339	0.0451924264756412	0.009030472443446968	-0.02917649999035084	0.01567330677917891	0.0027511413473435466	0.06930584014109521	0.06460808735371315	0.04021439783568639	-0.035859309014935586	0.002754690473788418	-0.04539466052731001	0.01542507342960424	0.0024147890376960413	0.05291882197497961	-0.13201935553827676	0.03292274955590325	0.028216897230883654	0.044064497651825796	0.07370585999545819	0.014630368700498973	0.07200446898319622	0.017993978992206405	0.04130789143413037	-0.022181590327741283	-0.013575559054959411	0.07414403835033595	0.034901851175312665	-0.0013193663610827219	-0.003630889323704793	0.012718027161755744	0.006357634691634999	0.008362448718083459	0.033372438776853044	0.011588827833219146	0.01664118957686444	0.017306476497000033	0.02697855532281054	-0.005300465011220891	-0.014068696943346485	0.020332660206876747	0.03491519961930749	-0.006006986066695739	0.03306803128731188	0.008091660411441744	-0.05902014557975963	-0.010942804050669138	-0.011760589227971224	-0.009879221619942922	0.012196942786699277	0.0022967190534378713	-0.013521099682961312	0.011037576684420137	-0.0320624242565173	0.015939345070543145	0.0038063397504041886	0.00897580289023247	-0.0012680165141369805	0.04099256603278677	0.015646066971162442	-0.020285500095453258	-0.007992754344185067	-0.04433758372883207	-0.0010344055900428134	-0.0006103011578993547	-0.010215597309020543	0.014590448079343243	-0.0019011619910762182	-0.0098979899665042	-0.012747403193375991	0.003909212509901082	0.007041894655713152	0.01984367644990778	0.016385427487973763	-0.0157171392210542	0.017553869847211637	0.004198176729748566	-0.012065343569309295	-0.004351942962555825	0.0015080971413274817	0.002149762188657724	0.009720874623690834	0.008087524940543519	0.02004426388932327	-0.01925733013144704	0.00791904961789431	0.012552323294095256	-0.0002928846146840474	-0.004086518265560153	0.007832648016087603	0.0037372222522507577	0.002412432279377166	0.007712031705508297	-0.0031987481207368974	-0.0011816106597162387	-0.002255603731326791	0.0007001015210560748	-0.0012521733328286838	0.002244553929748031	0.0	0.0	0.0	0.0	0.0	0.0	0.0	0.0	0.0	0.0	0.0	0.0	0.0	0.0	0.0	0.0	0.0	0.0	0.0	0.0	0.0	0.0	0.0	0.0	0.0	0.0	0.0	0.0	0.0	0.0	0.0	0.0	0.0	0.0	0.0	0.0	0.0	0.0	0.0	0.0	0.0	0.0	0.0	0.0	0.0	0.0	0.0	0.0	0.0	0.0	0.0	0.0	0.0	0.0	0.0	0.0	0.0	0.0	0.0	0.0	0.0	0.0	0.0	0.0	0.0	0.0	0.0	0.0	0.0	0.0	0.0	0.0	0.0	0.0	0.0	0.0	0.0	0.0	0.0	0.0	0.0	0.0	0.0	0.0	0.0	0.0	0.0	0.0	0.0	0.0	0.0	0.0	0.0	0.0	0.0	0.0	0.0	0.0	0.0	0.0	0.0	0.0	0.0	0.0	0.0	0.0
S2014m_E7-1-A-M	-0.08529838552718527	0.041405707850005066	-0.06563342548944041	0.044509725251779965	-0.01088569932627168	0.002045687888437296	-0.03795815524873567	-0.16571312724675058	0.024122552236878814	-0.017607857561409528	-0.02169851015474771	-0.015099832413667285	0.1520128411009341	0.06966783673384826	0.0022361655563785695	0.04133357587996913	-0.09841223464732851	0.024011760812429412	0.06009979226856985	-0.051832282922797	-0.04857295533386155	-0.02196694587514288	0.01448421006178955	-0.012337884631919423	-0.01790302250505824	0.09060295248876084	0.07531032391961623	0.01661225782787299	0.0528768239604866	-0.02116688578315618	-0.008134154951149684	0.02022081168355804	-0.01677546913102255	0.02094192938934475	-0.023819704880556875	0.07499125093585202	-0.0086905195872264	0.03802013474350998	0.006523007411795515	0.011030476903257619	0.006232157902444915	0.03045715581299785	-0.033476967329305815	0.017873831372970314	-0.027697340232300922	-0.007089984276744972	-0.011543920992862541	0.005651071943446905	0.02110532515717977	-0.017666532084282947	-0.020750007084660925	0.0031942055991786163	0.0009655604042360764	0.01901144862556816	0.022585261335917522	0.025169020560228215	-0.02231933910265931	0.023329575206607306	0.001298110141272628	0.003793923171504472	-0.002957807082402645	-0.02812280766448282	0.016054974050401224	-0.00729454117389312	0.007452874023845418	-0.02503277458334879	-0.017163342215653594	0.004286768876756714	0.009166452116392138	-0.010478601657783205	0.0057155509651112485	-0.0076635947448103715	-0.025411730207855317	0.028565335798256628	-0.021088002598735764	0.004239586511441176	0.010036046944868203	-0.0020957180289872287	0.007031644717426315	0.006811859281002565	-0.012957991459030996	-0.028774557957439422	0.018514789730691712	0.0011283908101329349	0.007708635885505215	0.004258049215752218	-0.01120623794722441	-0.010639228852099017	0.007006845979014083	0.010289640567030677	-0.00516739944828151	0.0027281753789109974	0.002934710403966281	-0.007493133940522672	0.0019083120966354378	-0.009333649653760564	0.01860801853121749	0.005629826313909755	0.0037685893848808027	0.0019705087237456387	0.00038759219667575156	0.004678672252735408	0.0037913558751957203	0.0032192807030444973	0.00028134326441403405	-0.002431267634451361	0.0013036107386612168	-0.0015927299040688768	0.0	0.0	0.0	0.0	0.0	0.0	0.0	0.0	0.0	0.0	0.0	0.0	0.0	0.0	0.0	0.0	0.0	0.0	0.0	0.0	0.0	0.0	0.0	0.0	0.0	0.0	0.0	0.0	0.0	0.0	0.0	0.0	0.0	0.0	0.0	0.0	0.0	0.0	0.0	0.0	0.0	0.0	0.0	0.0	0.0	0.0	0.0	0.0	0.0	0.0	0.0	0.0	0.0	0.0	0.0	0.0	0.0	0.0	0.0	0.0	0.0	0.0	0.0	0.0	0.0	0.0	0.0	0.0	0.0	0.0	0.0	0.0	0.0	0.0	0.0	0.0	0.0	0.0	0.0	0.0	0.0	0.0	0.0	0.0	0.0	0.0	0.0	0.0	0.0	0.0	0.0	0.0	0.0	0.0	0.0	0.0	0.0	0.0	0.0	0.0	0.0	0.0	0.0	0.0	0.0	0.0
S2014m_E7-1-B-F	-0.06657604963627839	0.0812364258368901	-0.012738626141703483	-0.05314052679721196	-0.11574596174136187	-0.10466678469138013	-0.025928323724185715	-0.010098844647711217	0.1992929588370118	0.004196690375438163	-0.041000790987223895	0.018840277711734372	0.01845360995650337	0.037232355000201715	-0.018169463942747193	-0.059963465345100275	-0.061935861687550754	0.038426372362566394	0.07212190459085863	-0.03208443294739945	-0.040681885230188	0.015197075912736804	-0.004786019357306462	-0.014717573874502766	0.0005836634989225173	-0.0472839842286949	0.012023636574649357	-0.03724600553298579	0.00908664497480996	0.01677862045087273	-0.05293187469545881	-0.00506568615557068	-0.027547041340737603	0.005873977769311035	-0.039682646868878846	0.008114794490293353	0.0240718989370275	0.015532300606348609	-0.01980232834452284	0.008672588646100373	-0.029288641718482573	-0.01820491688044762	0.007892985689689398	-0.00417884677392338	-0.0022766031877181924	-0.023774138820748657	0.02595468671677371	-0.06427645501840634	0.00801637590690237	-0.006418475780104038	-0.006689266199516258	0.008891474675748025	-0.01671751705815159	-0.02920340716174113	-0.01808776306099039	-0.03646854767707165	-0.002418752214111132	0.037652604234464385	0.04395950124555188	-0.001436357043960161	-0.013946516004923503	-0.02346732118986171	-0.027545709039811715	-0.013452476939112045	0.0027833726333076174	0.01501771684412601	0.034613990752059044	0.004861700556605987	0.011083535258759577	0.017887010340157345	-0.014066788675863041	0.02424005183992383	0.042335114867587086	-0.012425467621461093	0.004550224671884709	0.006979001834609359	0.0007791896417988146	-0.005338268206520663	-0.010568270479099414	0.003558200392422744	0.020755945792545798	0.00521983579045102	0.00403976691232073	-0.023453376647809405	-0.004382733334278483	0.007582673230152031	-0.0055929528800635455	-0.004410586662655725	0.002235258894659887	-0.005797846749056497	0.006124866580454537	0.009308990460820697	0.0009382443091945276	-0.005868590538479154	-0.010403246450509336	0.0058530348902959255	0.007998780243053508	0.00203644637138598	-0.006695042391231171	0.00012742800030630523	-0.0018955827022608723	-0.01346707828618979	0.006696434063784135	0.002285002619606887	-0.0050394491004796555	0.004289085387896977	-0.002375653691818105	7.31871002142289e-05	0.0	0.0	0.0	0.0	0.0	0.0	0.0	0.0	0.0	0.0	0.0	0.0	0.0	0.0	0.0	0.0	0.0	0.0	0.0	0.0	0.0	0.0	0.0	0.0	0.0	0.0	0.0	0.0	0.0	0.0	0.0	0.0	0.0	0.0	0.0	0.0	0.0	0.0	0.0	0.0	0.0	0.0	0.0	0.0	0.0	0.0	0.0	0.0	0.0	0.0	0.0	0.0	0.0	0.0	0.0	0.0	0.0	0.0	0.0	0.0	0.0	0.0	0.0	0.0	0.0	0.0	0.0	0.0	0.0	0.0	0.0	0.0	0.0	0.0	0.0	0.0	0.0	0.0	0.0	0.0	0.0	0.0	0.0	0.0	0.0	0.0	0.0	0.0	0.0	0.0	0.0	0.0	0.0	0.0	0.0	0.0	0.0	0.0	0.0	0.0	0.0	0.0	0.0	0.0	0.0	0.0
S2014m_E7-1-B-M	0.10982461000217407	-0.024394557247861985	-0.12657300703912625	-0.09306158350844071	-0.003448515256110804	0.019272457238707585	0.032528347992079196	-0.096011848206592	-0.020800196268989574	-0.07747397000264582	-0.06944997658111678	0.042010957567462565	0.04094754962855908	-0.02309092304949252	0.02052781637688065	-0.09091802861687452	-0.054991012540158445	0.002583945294662537	-0.001711268797880354	-0.02928727931795632	-0.08539241668610856	0.0519761481718979	-0.00987495649650446	0.0031523660931385214	-0.04189918432282415	-0.04958283660859908	0.09719436774697329	0.015353525346279923	0.01493898646682822	-0.06017552474633847	-0.03472599163774346	-0.05326775945266957	0.04455062976707497	0.046203029747511185	-0.04898974462346817	0.0021356272292614165	0.0004510125942724751	0.01070669803906307	-0.006509541561007669	-0.05494581111940069	-0.07781424864943035	0.022329079795356265	-0.07347409593685839	-0.004133552451107315	-0.01868862768884484	-0.006301514401658868	0.035570960098939876	-0.03145237963884457	-0.01719237240846267	-0.00587136684897143	-0.005200389964927672	0.03698180851865213	-0.018719923604754822	-0.013495160912408878	0.004614308713565039	0.046866433895905744	-0.03084163601713232	0.0030267900533428958	-0.008127544232966754	0.010130830300043678	-0.016844845888722117	0.019526718966106343	0.01716669481609879	-0.0014169848671397765	-0.0040056319027560565	-0.0052870188131340125	-0.009434513008967992	0.0030680219990567555	-0.0025587801745315902	-0.00362574277145434	0.01896954809752277	-0.014117948678753444	-0.009340354669826224	-0.011656437022121255	0.04125133404373424	-0.014582057164888997	0.007870572278496453	-0.007944053074313763	0.0010552022740507338	-0.020268992140867883	0.010903598629149198	-0.0036070615342505765	-0.005904570818826907	0.0070356438050436804	-0.01646634655602972	0.005354592310139005	0.009328243787436092	-0.0021342755885883514	-0.021342759772493194	-0.010012912065552536	0.008368802596759617	-0.0002662983067996174	0.01631601749878728	0.007982930017932977	0.001510776597406356	-0.001661597721973488	0.007197251271300229	-0.003915686850647013	-0.0037494929644924313	0.0028734138547220115	-0.015176536143391907	0.0009461534496046915	-0.00961903613896149	-0.0035169525567701034	0.004741209251870615	0.001099156492922403	0.001988242180356674	-0.0010740234421771641	0.0	0.0	0.0	0.0	0.0	0.0	0.0	0.0	0.0	0.0	0.0	0.0	0.0	0.0	0.0	0.0	0.0	0.0	0.0	0.0	0.0	0.0	0.0	0.0	0.0	0.0	0.0	0.0	0.0	0.0	0.0	0.0	0.0	0.0	0.0	0.0	0.0	0.0	0.0	0.0	0.0	0.0	0.0	0.0	0.0	0.0	0.0	0.0	0.0	0.0	0.0	0.0	0.0	0.0	0.0	0.0	0.0	0.0	0.0	0.0	0.0	0.0	0.0	0.0	0.0	0.0	0.0	0.0	0.0	0.0	0.0	0.0	0.0	0.0	0.0	0.0	0.0	0.0	0.0	0.0	0.0	0.0	0.0	0.0	0.0	0.0	0.0	0.0	0.0	0.0	0.0	0.0	0.0	0.0	0.0	0.0	0.0	0.0	0.0	0.0	0.0	0.0	0.0	0.0	0.0	0.0
S2014m_E7-1-C-F	-0.20851694536811663	0.03972902500085348	-0.06830407907566538	-0.012561395446433013	-0.08620229692601028	-0.0727611947343127	0.019142509896928707	-0.0764132639956227	0.007185609754419236	0.0245781313494358	-0.025290069629439842	-0.038687035046593175	-0.025050097592226327	0.06488688439259979	0.0541641673901256	-0.03149748445660262	-0.00928801946386704	0.00563498612692774	0.07206144027557555	-0.06592870436678516	0.023391364390322113	0.04207631998889762	0.05212020291525288	0.014823183466692895	-0.00751966872644277	0.05092371469580386	0.03566404608498074	-0.026854792612644156	0.028245097839537915	-0.005229678873169044	-0.03280328593123487	-0.029885960737396498	-0.016789458032578246	-0.022419488445304843	-0.007540209842042507	0.008168193295030796	-0.017179091897345317	0.0071126000860355825	-0.022057649881040895	0.012763326471689469	-0.013496959796177007	0.01702747612765633	-0.0021682238974953263	-0.0031425987615757815	-0.010165731239811501	-0.018982487460570942	-0.0029082654221420107	-0.015539623866101072	-0.001614033974508829	0.016255423673510086	-0.023503011338511567	-0.011120835365347328	-0.02313714952530643	-0.016889194264421162	-0.027757211796756283	-0.007526917997330418	0.016006800249572663	-0.0004972091906496348	0.015644317117739646	-0.017445708798554904	0.004879693299712228	-0.0030325236827670487	-0.01174979435931148	-6.93713733724711e-05	-0.021397177872479	0.03027219017036498	-0.007320677960315804	0.0043363276204802315	0.0011905198515990483	0.005473253487896335	0.00020970688506418935	0.005514572525828533	0.004772243321308268	0.014315354639605135	0.009371492198755254	-0.009455086214407871	0.013559601440733458	-0.0073293605128764965	0.00805730442519769	0.009375324614639661	0.014321685876169743	0.0008156794366808366	-0.0036623569705461073	0.004745135651316503	0.007106356538660544	0.003147188627111896	0.004074041778876848	1.6789971263014776e-05	-0.001560822272366412	0.006132497195096307	0.003042173219114033	-0.0008058554503203725	0.002775354757152028	-0.010665953916467909	0.0007700697219724902	0.011621256148191634	-0.0034987607158104006	0.017710624180525145	0.0044616703898619344	0.0032096007293406204	-0.0043316530142239375	-0.009065234077765463	0.005960985360384519	0.003576150597417294	-0.0022961374482630328	-3.56610897519111e-05	0.0012443419102020862	-0.00037987668774532496	0.0	0.0	0.0	0.0	0.0	0.0	0.0	0.0	0.0	0.0	0.0	0.0	0.0	0.0	0.0	0.0	0.0	0.0	0.0	0.0	0.0	0.0	0.0	0.0	0.0	0.0	0.0	0.0	0.0	0.0	0.0	0.0	0.0	0.0	0.0	0.0	0.0	0.0	0.0	0.0	0.0	0.0	0.0	0.0	0.0	0.0	0.0	0.0	0.0	0.0	0.0	0.0	0.0	0.0	0.0	0.0	0.0	0.0	0.0	0.0	0.0	0.0	0.0	0.0	0.0	0.0	0.0	0.0	0.0	0.0	0.0	0.0	0.0	0.0	0.0	0.0	0.0	0.0	0.0	0.0	0.0	0.0	0.0	0.0	0.0	0.0	0.0	0.0	0.0	0.0	0.0	0.0	0.0	0.0	0.0	0.0	0.0	0.0	0.0	0.0	0.0	0.0	0.0	0.0	0.0	0.0
S2014m_E7-1-C-M	-0.07439573869185023	0.05232357530186026	-0.08979122518941858	-0.1459808453055257	0.009275878624076887	0.0686729662459222	-0.023144328511420623	-0.06234567602627505	0.07361867278396793	0.09406094833631694	-0.047962804609912445	0.04550334632710867	0.019129423035109495	0.0618588457991163	0.07004709690551542	-0.02122700431619323	0.005573627813842243	0.02746035935774825	-0.013480196861883832	-0.036572479077178054	-0.0031438611066747597	-0.004957921032757464	0.07314017255042744	0.039896268806658405	-0.01705214756654378	0.02262819439164944	-0.008213422808440458	0.029253586854570624	0.010156424654908002	-0.06814082951557915	-0.008012091680167756	-0.028222899211618108	0.03237408818881646	0.023013815645728793	-0.022685824564729593	-0.006519269693677042	-0.019819420962923176	0.03729621199224801	-0.002478885335623161	-0.015316883709633444	-0.007886723861678735	-0.016370097211162424	-0.022730809932814896	-0.025432253997614916	-0.02427194961260596	-0.023287298655587464	0.03309537365589244	-0.040923214742403256	0.019241358197033456	-0.025344638530246297	-0.01635366015289683	-0.02609006022666687	-0.013682867728515978	0.036189627644796295	0.003585631141928693	0.009785987177485444	-0.007718290684517415	-0.008127066564495525	-0.00047482403657953345	0.005317840197350679	-0.004281739218422795	0.020927967154234922	0.0009595177217539492	0.009377893114165963	0.010745289925383775	0.013923238679562074	-0.027068081007219403	-0.02117200528725867	-0.007025234882059742	-0.016567486677266343	0.02286325322046451	0.015038144506300748	-0.016830552785747393	-0.010241097958120652	0.016134333646548153	0.007066229264060804	0.0032169755575017205	-0.015759191785517532	0.008985963288591955	0.01697194546199117	-0.019465030786618542	0.0057359333660186446	0.01314548615933156	0.0037827755624771312	0.011868731099033119	-0.0018756847719210838	-0.01063486499748816	-0.000597409307426368	0.01568889536227534	-0.011093349536316976	-0.0021769559498102053	2.9607949865874273e-05	-0.002368258000533042	-0.005137043747737305	-0.0007849635337949805	0.011141034423328368	-0.005122128152025019	0.003420157321665906	0.0030064322445354976	0.0016774797042565584	0.011402940282479117	-0.0057269011004595066	0.0019019657208785212	-0.003569103256275167	0.0016670034346819437	-0.0012860794253706559	-0.001939215408790822	-0.0007143240987493465	0.0	0.0	0.0	0.0	0.0	0.0	0.0	0.0	0.0	0.0	0.0	0.0	0.0	0.0	0.0	0.0	0.0	0.0	0.0	0.0	0.0	0.0	0.0	0.0	0.0	0.0	0.0	0.0	0.0	0.0	0.0	0.0	0.0	0.0	0.0	0.0	0.0	0.0	0.0	0.0	0.0	0.0	0.0	0.0	0.0	0.0	0.0	0.0	0.0	0.0	0.0	0.0	0.0	0.0	0.0	0.0	0.0	0.0	0.0	0.0	0.0	0.0	0.0	0.0	0.0	0.0	0.0	0.0	0.0	0.0	0.0	0.0	0.0	0.0	0.0	0.0	0.0	0.0	0.0	0.0	0.0	0.0	0.0	0.0	0.0	0.0	0.0	0.0	0.0	0.0	0.0	0.0	0.0	0.0	0.0	0.0	0.0	0.0	0.0	0.0	0.0	0.0	0.0	0.0	0.0	0.0
S2014m_E7-2-A-F	0.29537713512434144	-0.011857841192827267	0.0181317957751295	-0.05191961302570386	-0.04372091701168563	-0.04435694517259242	-0.011077191989510324	0.08451261613713273	0.06545531572746574	0.023539485941592612	-0.02996637870528292	0.017213273452820605	-0.05866230909356454	-0.033365228702359785	0.010620327782582794	0.10265239714874452	-0.02458003705414645	0.05450857493034795	0.01887984534919232	-0.03816735422630756	0.08243000350039018	0.053571331752571213	0.015983366834400416	-0.01563143493532138	-0.052816874754728654	-0.0035041379637794873	0.04244265809478611	0.0015568485528544903	-0.0444852761720206	-0.015579768351248477	-0.006803430031378573	-0.008986775008534792	0.00896013853192094	0.01778696684908182	0.08504015378147757	0.07563392570221042	0.014118084104666062	-0.04405746336342096	0.027768630527787507	0.07916086541769755	0.0007072665898528431	-0.040159547720540006	0.015616108215738916	0.057676513775647684	0.013629264156372186	0.03730615602323961	0.015028148874252335	-0.001181980404085135	-0.04474313417940172	-0.02249821591625046	-0.006717405239668796	0.03439903498786043	-0.03836721010808035	-0.04179388839937626	0.026802365519796097	0.010473540782781256	0.05866025064209125	-0.015137853360237416	-0.02834174689088666	-0.038557487041746365	0.02456345758986209	0.02573073175874489	0.008377130486975932	-0.0005069586441187758	-0.011230827962185098	-0.025110749777197832	-0.026271832865798404	-0.018196318876776744	0.0162818494518967	0.03585645340294155	0.03984629904632621	-0.02982518002177188	-0.013447780606186273	-0.005627931951492836	0.0129342904038578	0.015931739703105473	-0.015653323249797277	-0.0012573067371965368	0.011962606561159004	0.02220355642499725	-0.023418527569866437	0.0037952897957708996	-0.034257479453373554	0.0046978288584948605	0.0010372519389819823	0.007596348926579047	-0.012078201867106553	0.021143767490171522	0.0020095629374298546	0.010295620763534808	-0.0008135913255966628	0.011358428105996573	0.006975213636333155	0.0014552834094729236	-0.020356562848846127	-0.0052032075756604235	0.00020492600580327856	-0.00645465180002696	0.00040164063339383487	0.0044446376179423114	-0.001604382726927632	-0.003489537832070974	0.005260741036069632	-0.00709568439261087	0.0051774678704114676	0.0016429852209893015	-0.0010162964182058717	0.00024892887441248083	0.0	0.0	0.0	0.0	0.0	0.0	0.0	0.0	0.0	0.0	0.0	0.0	0.0	0.0	0.0	0.0	0.0	0.0	0.0	0.0	0.0	0.0	0.0	0.0	0.0	0.0	0.0	0.0	0.0	0.0	0.0	0.0	0.0	0.0	0.0	0.0	0.0	0.0	0.0	0.0	0.0	0.0	0.0	0.0	0.0	0.0	0.0	0.0	0.0	0.0	0.0	0.0	0.0	0.0	0.0	0.0	0.0	0.0	0.0	0.0	0.0	0.0	0.0	0.0	0.0	0.0	0.0	0.0	0.0	0.0	0.0	0.0	0.0	0.0	0.0	0.0	0.0	0.0	0.0	0.0	0.0	0.0	0.0	0.0	0.0	0.0	0.0	0.0	0.0	0.0	0.0	0.0	0.0	0.0	0.0	0.0	0.0	0.0	0.0	0.0	0.0	0.0	0.0	0.0	0.0	0.0
S2014m_E7-2-A-M	0.1571308841455202	0.02219747403691704	0.0004349525570844445	-0.08199599825413961	-0.11555511538833847	-0.1203496474518792	-0.0931130421242431	0.10414672104525423	0.12468027494806878	0.13368708752265843	-0.07102710799800042	-0.06417103134938852	0.03353537071498272	-0.10695298521287674	0.05302477919052666	0.13170221536140794	0.03749659855072347	-0.0008543734033368233	0.04932331385628906	0.03435093697050605	-0.03029452832032142	-0.028887951496607486	-0.010432841198047254	-1.5226901152283296e-05	0.021722125688490274	0.01416886436319589	0.06281513560178337	0.016771726659809222	-0.04725863737023086	-0.008672822750733281	0.030592564189279685	0.00045784736031806634	0.022206633081249354	0.017478461138097704	0.02164026517988898	0.06488674195646806	0.019551920113188865	-0.033488252814202125	-0.019053098070149745	-0.0122398620368634	-0.0612266421856941	0.014806339617955735	0.015596218807786085	0.00045723335119771596	-0.012730801849066204	0.011569027111071778	0.028295740750668416	-0.04690112793979957	-0.007814642859386678	0.02353764741999233	0.008715674689909607	0.023957670593182864	-0.0012587608571680803	-0.008969385003221381	-0.010261739624865889	0.007211491295817369	-0.006398226089705275	-0.009808645811278684	0.016771559944464342	0.005310626149000199	0.039328231957355166	-0.002539943036555433	-0.012791951603856273	0.015071423273881153	0.022118114609783412	-0.01789079264394541	0.007670234215046286	0.01895955702402395	-0.021623130436785428	-0.008414469942398384	0.01675620521757147	-0.0007581357282403604	-0.009414821082080433	0.0024501934337160854	-0.011344238746698902	0.00905386758825073	-0.012702163029725289	0.015288445342628633	0.013509823537000802	0.00519761578021072	-0.009255123681324067	-0.017379585070066563	0.006223920747841833	-0.012507440926873555	0.004004610624937957	-0.0032968520768215806	0.0028265702621406083	-0.00215665954251354	0.0015597516041233434	0.0002144013614505753	-0.00047237547851822524	0.003537985157286051	-0.004609568442559261	0.01678994997476283	0.0035908144722555826	0.0081358316710188	0.005236432940410659	-0.0020957743372042106	0.002665878670554952	-0.0022146097719039797	0.003037895510269038	0.0020965609796168407	-0.0016945532780306403	0.0037093278438861425	-0.004114621765382589	-0.0012001350156018381	-0.0004365591953593624	-0.0018085887541832687	0.0	0.0	0.0	0.0	0.0	0.0	0.0	0.0	0.0	0.0	0.0	0.0	0.0	0.0	0.0	0.0	0.0	0.0	0.0	0.0	0.0	0.0	0.0	0.0	0.0	0.0	0.0	0.0	0.0	0.0	0.0	0.0	0.0	0.0	0.0	0.0	0.0	0.0	0.0	0.0	0.0	0.0	0.0	0.0	0.0	0.0	0.0	0.0	0.0	0.0	0.0	0.0	0.0	0.0	0.0	0.0	0.0	0.0	0.0	0.0	0.0	0.0	0.0	0.0	0.0	0.0	0.0	0.0	0.0	0.0	0.0	0.0	0.0	0.0	0.0	0.0	0.0	0.0	0.0	0.0	0.0	0.0	0.0	0.0	0.0	0.0	0.0	0.0	0.0	0.0	0.0	0.0	0.0	0.0	0.0	0.0	0.0	0.0	0.0	0.0	0.0	0.0	0.0	0.0	0.0	0.0
S2014m_E7-2-B-F	0.32700886606902024	0.010482268775389578	-0.023869577815847653	-0.021497419975499792	-0.011288548331751263	-0.13790112355272094	-0.11993114433318311	0.06605271855661847	0.01640984356920476	0.11188404790126595	-0.04853957974903285	0.012222806544064034	-0.06874306880812345	-0.05205445957231055	0.02171384131581836	0.10689690464844258	0.016790275148655345	-0.09784029468806359	0.03891777285389481	-0.0254910876231356	0.017107942371951113	-0.029287521037067926	0.03628788827791233	-0.02311446581274238	-0.041807570708959914	-0.04806147263630811	0.009822353366359608	-0.02874675270866517	0.05436340959195085	0.03547122198987712	0.02487750268258022	-0.0051078184023530095	-0.0027041646438996907	-0.00831210274613979	-0.0496880620630996	-0.003586284754542962	-0.019851782897218038	-0.0028642935690529454	-0.022919684696295038	-0.038739542621724556	-0.014826477889635634	0.006804704932883946	-0.00597756971612899	0.0005490760921614289	0.013517686851525991	0.005696615690192185	0.00523022011690687	0.01617553268016833	0.0016090326716542707	0.012639510369433019	-0.044679543275181796	-0.01991065018197136	-0.0008428091841370874	0.011252741075490777	0.008627698071056933	-0.0224336719553045	0.02873906345849929	0.006729013430579907	0.0035826489141316774	-0.004261927715840776	0.02947454248423972	-0.0021178264868662437	-0.010754106511410077	0.016666765654562692	-0.021407294244061924	0.01983948622277902	0.004540042136673749	7.914089968866919e-05	0.02638751822954827	-0.0014191336192775413	0.008569444259065986	0.012164994647450904	-0.013719300525252286	-0.004797742339684141	-0.0023026449564794464	0.001325679363491783	-0.021845244521724757	0.002755284183023744	0.008713102841845979	-0.006238271917209678	-0.02104632276386791	0.011439438111117514	0.01121489132741334	0.008020527839806443	0.007475273473222422	0.0016035679012847595	-0.012315474852379667	-0.008800768570264387	-0.02288656997838085	0.005330133251783636	0.012749700267743302	-0.007359452923064931	0.003657893728068277	-0.0037168656166577017	0.007934595663590824	-0.003152376352695793	0.00432423944154738	-0.001945183425977973	-0.005536651997048799	-0.0001351808715583746	-0.0012343521059805858	0.001648926524444462	-0.0035824416202282056	-0.010470380535897062	0.003057058714257394	0.003124396886701693	-0.0031267370182029033	-3.492089252364701e-05	0.0	0.0	0.0	0.0	0.0	0.0	0.0	0.0	0.0	0.0	0.0	0.0	0.0	0.0	0.0	0.0	0.0	0.0	0.0	0.0	0.0	0.0	0.0	0.0	0.0	0.0	0.0	0.0	0.0	0.0	0.0	0.0	0.0	0.0	0.0	0.0	0.0	0.0	0.0	0.0	0.0	0.0	0.0	0.0	0.0	0.0	0.0	0.0	0.0	0.0	0.0	0.0	0.0	0.0	0.0	0.0	0.0	0.0	0.0	0.0	0.0	0.0	0.0	0.0	0.0	0.0	0.0	0.0	0.0	0.0	0.0	0.0	0.0	0.0	0.0	0.0	0.0	0.0	0.0	0.0	0.0	0.0	0.0	0.0	0.0	0.0	0.0	0.0	0.0	0.0	0.0	0.0	0.0	0.0	0.0	0.0	0.0	0.0	0.0	0.0	0.0	0.0	0.0	0.0	0.0	0.0
S2014m_E7-2-B-M	0.17126464718153636	0.061505556621201635	-0.02000008897677346	-0.0024452152966191196	-0.020604291479766144	-0.12696607042566074	-0.10902947984606143	-0.06015381712261101	0.09774860919775452	0.00652559755844941	-0.08729113765599683	-0.055614914528386954	-0.004905783549426283	-0.031356440198471586	-0.030770514964352024	-0.015001195071568715	-0.05190006184934376	0.010526931507431047	0.039730813795052645	-0.008152541720271677	0.021430043666005462	0.015328416272360236	-0.05845430554058571	-0.0881026482617683	0.03499383287294612	-0.0904925361812436	0.028318684775593465	-0.04891047536009969	0.013612854438643483	-0.010135406767747938	0.021189402205090278	0.014660611537817623	-0.009772888955881935	-0.008448768576371883	0.009068680143356336	-0.04859703642171074	0.04881842421040992	0.0563493501379805	-0.008045558439790977	-0.016653925850842778	-0.011282791258597403	-0.05423448046304125	0.08522894700285429	0.027591127223550532	-0.060017216028501255	0.01908811901187386	-0.0012205379219363901	-0.057224140150696226	-0.052416906879662696	-0.0156097198903658	-0.02951044287361779	0.012289700770156127	0.04571173451394283	-0.052995717037768876	0.014007716147302524	0.0034712396628647675	-0.02414102837054664	0.0555308395832295	-0.011666180501065111	-0.017819823111523532	0.0055956102312662796	0.019609226243466407	0.0006984439925755605	-0.0024204731872421413	-0.020332778232075844	0.005987176409230401	-0.01474867321714885	-0.026426532163822486	0.007632238104587123	-0.030846502799461904	0.0006922197412470788	0.015532747756815077	0.01143730671299449	-0.02748517350097544	-0.008382619065851868	0.023364632735863113	-0.000794444361524031	-0.005821011297773099	0.018567985657858443	0.00887626068556257	0.006479836098961138	-0.0010752242486777358	0.005204097585306626	-0.006770148102243585	0.010568796221152798	0.014458119854918213	0.010304121328206284	-0.009248048748952712	0.001526040599259933	-0.0003700377939754584	-0.007223139269603642	-0.013737404039846994	-0.005021874724418101	-0.004280242513044866	0.02851916759925135	0.004259166340229129	0.005542042212604873	-0.007208087060900033	0.0001233761360800557	-0.01239343130959498	0.0052890403517873085	0.0006037843357268823	0.005988815862545129	-0.0011094140457041776	4.9932602951544876e-05	-0.0023290629957429957	-0.0014020698621450074	-4.017355977852797e-05	0.0	0.0	0.0	0.0	0.0	0.0	0.0	0.0	0.0	0.0	0.0	0.0	0.0	0.0	0.0	0.0	0.0	0.0	0.0	0.0	0.0	0.0	0.0	0.0	0.0	0.0	0.0	0.0	0.0	0.0	0.0	0.0	0.0	0.0	0.0	0.0	0.0	0.0	0.0	0.0	0.0	0.0	0.0	0.0	0.0	0.0	0.0	0.0	0.0	0.0	0.0	0.0	0.0	0.0	0.0	0.0	0.0	0.0	0.0	0.0	0.0	0.0	0.0	0.0	0.0	0.0	0.0	0.0	0.0	0.0	0.0	0.0	0.0	0.0	0.0	0.0	0.0	0.0	0.0	0.0	0.0	0.0	0.0	0.0	0.0	0.0	0.0	0.0	0.0	0.0	0.0	0.0	0.0	0.0	0.0	0.0	0.0	0.0	0.0	0.0	0.0	0.0	0.0	0.0	0.0	0.0
S2014m_E7-2-C-M	0.334020277640267	-0.04760235746830694	-0.08375156234224118	-0.08232684767490073	-0.015939256567379653	-0.12218928160828882	-0.02829255990114794	0.05483455505954272	0.05001417051403833	0.04005876156355171	-0.05133623444431778	0.007004152324186288	-0.035022939086638526	-0.017659753170980837	-0.0010071489838103065	0.06867073503703645	-0.03395945869017715	-0.017035836447846203	0.01995025272231924	-0.04635215918209547	0.021675265397096386	0.03912302252127651	0.01238835446580489	-0.023695099107770533	-0.0555355044190476	-0.028750091630908314	0.03338064099674741	-0.01321630849475991	0.03151657203837248	-0.005560710858926488	0.04352681711935198	0.03510682664142828	-0.07178851596791597	0.014701106816496248	-0.07981937780443928	0.07949307789332218	0.031027941881091436	-0.027431646044203218	0.0039642662397160345	-0.00953342670842265	0.04513299222822195	0.008154818313793739	0.023117302226864873	0.017357646456686977	-0.04397391571602711	0.04276687457516995	-0.02050310149583235	-0.0587137201806639	0.022028564910199847	-0.0354627670946812	-0.01345057026689385	-0.049925522999702286	0.024406127436516357	0.008536620573127408	0.020181178902788224	0.023106279018169897	5.25468698886389e-05	-0.022012703123891933	-0.004645416572414625	0.007550577223516887	-0.05239008548109657	-0.023016701436834385	-0.019386864004307596	-0.030209641084948165	0.018543286953857152	0.00472675186677061	0.03297810282681726	-0.04051306136419725	-0.02584551924837941	-0.008931889415929338	-0.007534303167858301	-0.0023643762256503526	0.012059228414315006	-0.008230006248002327	-0.013827398806178911	-0.029316512483222718	0.0081743593226974	0.0013366193694316136	-0.011186111001300446	0.011324902204172736	-0.004502113966805331	0.00870012902920128	0.0034261929367509687	0.012419244211295472	-0.016207389060046342	0.00803614286751688	0.006246604766527134	-0.01092286861680874	0.01581717552822524	0.009474653632671234	0.0014739517078058743	-0.0038289454117102386	-0.010724549402613628	-0.0009421777800938411	-0.009165358084623562	-0.01912585525351035	-0.00846059848077217	-0.0016299692824122572	-0.012174843585326282	0.009134305229710126	0.0026772219230348513	-0.0008632275915707917	-0.003613437092085673	-0.0030126782474444716	-0.0043830116274006636	-0.005986955331563632	0.002187221823778832	0.0023460111781613284	0.0	0.0	0.0	0.0	0.0	0.0	0.0	0.0	0.0	0.0	0.0	0.0	0.0	0.0	0.0	0.0	0.0	0.0	0.0	0.0	0.0	0.0	0.0	0.0	0.0	0.0	0.0	0.0	0.0	0.0	0.0	0.0	0.0	0.0	0.0	0.0	0.0	0.0	0.0	0.0	0.0	0.0	0.0	0.0	0.0	0.0	0.0	0.0	0.0	0.0	0.0	0.0	0.0	0.0	0.0	0.0	0.0	0.0	0.0	0.0	0.0	0.0	0.0	0.0	0.0	0.0	0.0	0.0	0.0	0.0	0.0	0.0	0.0	0.0	0.0	0.0	0.0	0.0	0.0	0.0	0.0	0.0	0.0	0.0	0.0	0.0	0.0	0.0	0.0	0.0	0.0	0.0	0.0	0.0	0.0	0.0	0.0	0.0	0.0	0.0	0.0	0.0	0.0	0.0	0.0	0.0
S2014m_E7-3-A-M	0.3458103047952303	-0.06271297296272871	-0.051059301542438616	0.07234023885049275	0.02795014243367304	0.028498280335650765	0.08002119086564526	0.003467476637161372	-0.02794715378824946	-0.014197915010374073	0.046968102700216924	0.013442437187236348	-0.028758229168658736	-0.027607969098699305	0.0703362293871496	-0.04616963528594782	-0.0240636194295736	-0.03539779477388362	0.03923202194004401	0.0008260698118321627	0.07157338562852657	-0.06522882075927539	0.05158103141385862	-0.01894716516380379	-0.008006132361665131	0.024278276603586408	0.0483457525539873	-0.0096989761861954	-0.01687300470469962	0.01601840279134218	0.07094615500576969	-0.030803464640854702	-0.004000413594609235	-0.02965914700369766	0.023334700328367604	-0.0035863133264374906	0.012831004799689934	-0.018337269267519028	0.02087461918128967	0.003743085765966754	-0.03558240789965933	-0.008464541214741226	-0.017637930090475772	0.03590452820900727	0.032668569993353026	-0.019052380873465617	0.04237451846414882	-0.01431347955019674	-0.005898117628955274	0.012016818245674993	-0.030887244418666488	0.01518867189893663	-0.03864008316987415	-0.015967409777712393	0.01136326971238859	0.030920653019427886	-0.0040595320982137655	-0.032754600263391394	-0.009547941675206189	0.018706033710523786	-0.042413799399498284	-0.039023503297997635	-0.0019000749400644122	-0.017727543439005972	0.022507438221891843	0.012763038540674114	0.04041255301035405	0.011078993839019254	0.003665079903753861	0.008717824372100882	-0.005341940702442472	0.016715858874001205	-0.016309129436958884	0.0026244241283872767	-0.032278851988529665	-0.02186637851880057	-0.0027311556345763527	0.01001440737983605	0.0070748331426708205	0.012393457960220528	-0.01223797834923686	0.009652013399989374	0.01949226295666304	-0.0023666000993880338	0.006155686561078967	-0.010235980406503496	0.006934809937431903	-0.002216343806608519	0.0041618324468934344	-0.00015159967266800342	0.005841974629348716	0.005784537730033538	-0.010820025735279064	0.028256270663739553	0.014880688228323637	0.00475208305702274	0.01750170438526527	0.007669589490413906	0.007876347624535044	-0.005740034948116625	0.005271350405041057	-0.0013752543199468067	-0.005722839322193758	-0.002869783752669248	0.00295045928872591	-0.0024668856653074457	-0.001880020904560737	0.0005873181617467414	0.0	0.0	0.0	0.0	0.0	0.0	0.0	0.0	0.0	0.0	0.0	0.0	0.0	0.0	0.0	0.0	0.0	0.0	0.0	0.0	0.0	0.0	0.0	0.0	0.0	0.0	0.0	0.0	0.0	0.0	0.0	0.0	0.0	0.0	0.0	0.0	0.0	0.0	0.0	0.0	0.0	0.0	0.0	0.0	0.0	0.0	0.0	0.0	0.0	0.0	0.0	0.0	0.0	0.0	0.0	0.0	0.0	0.0	0.0	0.0	0.0	0.0	0.0	0.0	0.0	0.0	0.0	0.0	0.0	0.0	0.0	0.0	0.0	0.0	0.0	0.0	0.0	0.0	0.0	0.0	0.0	0.0	0.0	0.0	0.0	0.0	0.0	0.0	0.0	0.0	0.0	0.0	0.0	0.0	0.0	0.0	0.0	0.0	0.0	0.0	0.0	0.0	0.0	0.0	0.0	0.0
S2014M_E7-3-B-M	0.3862331761590959	-0.16483492857332321	-0.15972513769095173	0.035461810993517646	-0.016245162468254772	-0.06044248714613486	-0.01623711394081294	0.09484939506909779	0.054663937108733275	0.04945337042761801	0.04467813878754166	0.008067462928769633	0.05137618225628983	0.036787014800356434	-0.006499499836812521	-0.04619964680109762	-0.01236767696045465	-0.02772203352157659	-0.024669586472351516	0.031267840109882566	0.08520002911160723	-0.055968924521693775	-0.10259228360011233	0.02815902341144178	0.07971013544812376	0.06408577444743926	-0.05940092638183937	-0.0498872189317456	-0.06980275264487701	-0.01975862246188811	-0.08176507901344497	0.03388777016912516	-0.09225046745299298	-0.05411259068622136	-0.03495222880249744	0.09648581378249678	-0.035503111114231066	-0.017515955677463786	-0.021265184653240034	0.06084761048020702	-0.030105410383500182	-0.029766378988095105	0.046563527809819066	-0.04019933706161897	0.02186940236763254	0.00558033446606414	-0.04551242391441677	-0.01646259803497514	0.008620278217078198	-0.03169741880057194	-0.0030522476445791506	-0.01588974963018	0.03769440079892706	0.08744854726063343	-0.033127182540961246	0.04666613646403514	-0.00933876434922845	-0.023666224743196285	-0.049561975777642646	-0.019510975619413954	-0.034730379142856704	0.011714867465429733	0.004280358977377565	-0.05123723093308088	-0.004742357706061785	0.030413370559583035	-0.00021146422672892488	0.008546971817873701	-0.006872521476283335	0.0013156033754034102	0.03252549038614608	-0.010384303006539992	-0.01084460536848327	-0.01979761010989599	0.025383742850567242	0.01910736857672319	0.013776718134350946	-0.003749849211084294	0.02512664783058082	-0.0024992426996703677	0.020407771514737327	-0.018448077112009895	-0.006953787483761939	-0.013812124443030312	-0.0006055427442851622	-0.001119507637169524	-0.004851361289393813	-0.0016909284387196994	-0.02522375036766234	-0.013636654965307108	-0.0003390457254334132	-0.016964381490963184	0.006195610331102821	0.00735657985691898	-0.0016674714549383986	0.0005872429197156488	0.003983432844395519	-0.0015563196460353134	0.006108651187593151	-0.002092283668086705	-0.003079634242617544	0.0006536154732415923	0.00158687367836147	0.003900483562113705	-0.0009296198677145415	0.003578188345811673	-0.003534012002733335	0.000624533931302588	0.0	0.0	0.0	0.0	0.0	0.0	0.0	0.0	0.0	0.0	0.0	0.0	0.0	0.0	0.0	0.0	0.0	0.0	0.0	0.0	0.0	0.0	0.0	0.0	0.0	0.0	0.0	0.0	0.0	0.0	0.0	0.0	0.0	0.0	0.0	0.0	0.0	0.0	0.0	0.0	0.0	0.0	0.0	0.0	0.0	0.0	0.0	0.0	0.0	0.0	0.0	0.0	0.0	0.0	0.0	0.0	0.0	0.0	0.0	0.0	0.0	0.0	0.0	0.0	0.0	0.0	0.0	0.0	0.0	0.0	0.0	0.0	0.0	0.0	0.0	0.0	0.0	0.0	0.0	0.0	0.0	0.0	0.0	0.0	0.0	0.0	0.0	0.0	0.0	0.0	0.0	0.0	0.0	0.0	0.0	0.0	0.0	0.0	0.0	0.0	0.0	0.0	0.0	0.0	0.0	0.0
S2014m_E7-3-C-M	0.3356057629099263	-0.02877988330689946	-0.044760598033634275	-0.06567220706851543	-0.022073053434709063	-0.06371129819224722	-0.03417115229124681	0.08114494346081425	0.01895513168184951	0.027606464097544945	0.03105525949036708	0.04565323838866943	-0.0731888700827616	-0.00462417468742165	0.004618243706299936	0.05136447829141244	0.017333717165396778	0.09595825179671284	-0.005715594252530739	-0.06245332483333968	0.02917763375547364	-0.004429960825355078	-0.04300494458555685	-0.0004568369499182595	-0.0436014280293003	0.05136532882114049	0.035133599694226164	0.04560835759906851	-0.10019817843990353	0.025232316040939087	0.010834475752603661	0.006573532002685066	0.016560916889664348	0.03298984125781548	0.03904845331121727	-0.025198531942100637	0.05626654025907739	0.00842391335124433	-0.028601530792858616	-0.06277973051688099	-0.0033107906290640384	0.04280909537710812	-0.003964771116913743	0.04770291379331421	0.031068890990752593	-0.057113007087030584	0.07056126725813891	0.028981740877289514	0.018627850393002424	0.03897891469602601	-0.0058360313046939396	-0.023672078050452565	0.05678965587123882	-0.0059199118334630745	0.005249940204775781	0.007149918091786756	0.010477743860196781	-0.033313885847944806	0.014375734756942577	-0.038917041330469124	0.021542749312047412	-0.005066205651025203	-0.019777333256753606	-0.024545337141868042	-0.015061891296996227	-0.010318010959185307	-0.02285710804964598	-0.0022846474332901792	-0.02984997319216535	-0.02368823403775132	0.002394240897195205	0.0002358835079233087	0.005999642375410095	-0.004251468715111288	-0.00042419338202802137	-0.009995324212448304	0.006330495180991708	-0.030558935177778117	0.0012450064298908524	0.0029025901289495178	0.019961574765349085	-0.011687848974266717	0.010770206875282635	-0.002906764350082217	-0.016046453011087602	0.008725467706711214	0.017695860649338733	-0.0034128830468715824	-0.0016283957207459529	-0.019971012846552852	0.0049922079027280445	-0.021757960186527574	0.002209720390047162	0.0006528196718070173	-0.0023315098483481372	0.0034554887087264083	-0.004320728261674416	0.004712702918604863	0.004381178452043524	0.003458854803132471	-0.003249424955716088	-0.005415876081438312	-0.0011766375875878743	0.0017523770137635524	-0.0012683439685715378	-0.0003161832560270296	0.00208159254562264	0.0022516670253135054	0.0	0.0	0.0	0.0	0.0	0.0	0.0	0.0	0.0	0.0	0.0	0.0	0.0	0.0	0.0	0.0	0.0	0.0	0.0	0.0	0.0	0.0	0.0	0.0	0.0	0.0	0.0	0.0	0.0	0.0	0.0	0.0	0.0	0.0	0.0	0.0	0.0	0.0	0.0	0.0	0.0	0.0	0.0	0.0	0.0	0.0	0.0	0.0	0.0	0.0	0.0	0.0	0.0	0.0	0.0	0.0	0.0	0.0	0.0	0.0	0.0	0.0	0.0	0.0	0.0	0.0	0.0	0.0	0.0	0.0	0.0	0.0	0.0	0.0	0.0	0.0	0.0	0.0	0.0	0.0	0.0	0.0	0.0	0.0	0.0	0.0	0.0	0.0	0.0	0.0	0.0	0.0	0.0	0.0	0.0	0.0	0.0	0.0	0.0	0.0	0.0	0.0	0.0	0.0	0.0	0.0
S2014M_E9-1-A-M	-0.07434953762140187	-0.31452445577508176	0.2119678003630154	-0.12458393602193737	-0.015508289226322991	-0.12528992436513228	0.05971892835972495	-0.10846851647177227	-0.0009615065470463222	0.002868078450873849	-0.06195961075283347	0.051287242011451566	0.0111476897068309	-0.010402702979969468	0.00614264843302364	-0.0261971085025412	0.021791374061069544	0.00977664900165977	0.024662111919612727	-0.010533911410419358	-0.013350477686092195	-0.013666358181278008	-0.020417507945169975	0.013727133550636579	0.006246125213486027	0.0048838554768833795	-0.02104600523521283	0.020269550739054835	0.006563277690031456	0.018866864180618035	-0.016661016504979635	0.0069592782046979315	-0.008358692056654135	-0.012946249873628923	0.03687901390975022	0.003990721314822205	-0.015709178525489642	-0.02768018372464964	0.009025727001078164	0.001165768235174147	-0.010623781579353783	0.0033122858205802677	-0.0022144351999540883	-0.005188586859188925	-0.00926539699254204	0.003329217162104314	-0.009894910570904776	0.0045604860870471576	0.013987009836901427	-0.0037110934463218267	0.010261176026951414	0.015489872575846038	0.01591933157483285	-0.006896324321204909	0.005520170581473281	0.002389433128265192	-0.005053404425848237	-0.004823658519000834	-0.014838210003310032	-0.009919545620481428	0.007071632957047674	-0.011669880715327364	-0.008025641067181264	0.007110769043769443	0.020899009767522635	-0.013605374675565192	0.011071844485289585	0.011538620367314734	-0.015493440064269745	0.0056289882754250705	-0.006006800587630507	0.010389518284572513	-0.009645950421002771	0.0036717302412135793	-0.0005652995584157624	-0.0059140610558071835	-0.0012439374083472168	-0.00016470583286183366	-0.0015466454515993665	-0.011927984196377152	-0.0028203024520686735	0.00838979588865904	-0.017447780457083967	-0.008061684417874124	0.001844109848846582	-0.004734042164784267	0.015402408102567345	0.001065734139542119	0.010274513525519956	0.0030447191110718566	0.009561325725751312	-0.005614345694171489	0.0036693956052057646	-0.0019193356630945193	0.002858498890855519	0.007812233296998948	0.0003740937849093791	-0.0009333903184704336	-0.0011815169385823152	-0.00023497515763624185	-0.003451795883500484	8.037653087994804e-05	-0.009315575006574747	0.0020139811703453418	0.0013036711252315096	0.0024790869912312895	-0.003744521477961232	0.001990712137129697	0.0	0.0	0.0	0.0	0.0	0.0	0.0	0.0	0.0	0.0	0.0	0.0	0.0	0.0	0.0	0.0	0.0	0.0	0.0	0.0	0.0	0.0	0.0	0.0	0.0	0.0	0.0	0.0	0.0	0.0	0.0	0.0	0.0	0.0	0.0	0.0	0.0	0.0	0.0	0.0	0.0	0.0	0.0	0.0	0.0	0.0	0.0	0.0	0.0	0.0	0.0	0.0	0.0	0.0	0.0	0.0	0.0	0.0	0.0	0.0	0.0	0.0	0.0	0.0	0.0	0.0	0.0	0.0	0.0	0.0	0.0	0.0	0.0	0.0	0.0	0.0	0.0	0.0	0.0	0.0	0.0	0.0	0.0	0.0	0.0	0.0	0.0	0.0	0.0	0.0	0.0	0.0	0.0	0.0	0.0	0.0	0.0	0.0	0.0	0.0	0.0	0.0	0.0	0.0	0.0	0.0
S2014m_E9-1-B-F	-0.12214914152720147	-0.35348956616498567	0.18233152893949225	-0.16040063531968793	-0.048787153262656396	-0.1106625506538439	0.05978338843947724	-0.08969321074430812	-0.011302187703802511	0.029110366985507855	-0.01619036563769089	0.06605528465253109	0.02876440255555463	-0.006438728649583227	0.018655912393217195	-0.03450919694708071	-0.009424517144066117	-0.0367168347564504	-0.007429798350221776	0.015585306584707083	0.03182063506718728	0.0020403562090909296	0.005007535764227298	-0.005050882824703588	-0.0005698444198678115	0.009415448116515842	0.04127642172979322	0.012287389755677508	0.009531993323577456	-0.043264773302245686	-0.032408515367891896	-0.005152796743759302	0.0203728190652326	-0.016155191298819246	0.0047647191878312	-0.013580881015582668	-0.01599754547228739	-3.377284440656478e-05	-0.007070559400888634	0.005982377189254599	0.015680372684256053	-0.012444311558717672	0.003564122629485648	-0.011398661549902522	-0.014524277917277489	-0.0183601786472552	0.019557201836082647	0.0008299501170632102	-0.004590353776695172	0.000780207054977402	-0.009498244604384382	-0.02968243828469405	-0.03482417547239092	0.005726151830442748	-0.005754857878685039	7.902769777701843e-05	0.0029833560177235084	-0.014049338837988147	-0.007304397397417347	-0.018372318181845607	-0.0043457338954967836	0.008597183354056107	0.00917673416441076	0.004058607006080678	-0.01187069543438196	0.011794576146425787	-0.014453822700248276	-0.0013911573469439188	-0.018936847924856767	-0.01699793179506869	0.0020165096694812743	0.004186872234030769	0.0005491408732324972	-0.009041593786879389	0.015303805440595137	-0.00497153077383449	-0.005192668881064906	-0.00015702998437774237	-0.006063157218644711	0.018444572544991426	-0.0021857761215962686	0.0015988466298161046	0.011720609097313484	0.0046205029074891345	-0.0019523106245107158	-0.003807338088056501	-0.002203363966979757	-0.0017503292665585464	-0.005196522587193041	0.009264415826680548	-0.014063544509791793	0.0017121044440612386	-0.00832561774744064	0.005175523887190344	-0.0015792626226684434	-0.0036572074948584567	-0.003031756428303765	-0.00018782602341201895	-0.0013352456716874768	0.001016043293097775	-0.0006172661909851355	-9.974498202347286e-05	0.008945101860768143	-0.0031468200662246254	-0.0007564956867685122	0.00021082024686890313	0.003531656076321176	-0.0008652551338423043	0.0	0.0	0.0	0.0	0.0	0.0	0.0	0.0	0.0	0.0	0.0	0.0	0.0	0.0	0.0	0.0	0.0	0.0	0.0	0.0	0.0	0.0	0.0	0.0	0.0	0.0	0.0	0.0	0.0	0.0	0.0	0.0	0.0	0.0	0.0	0.0	0.0	0.0	0.0	0.0	0.0	0.0	0.0	0.0	0.0	0.0	0.0	0.0	0.0	0.0	0.0	0.0	0.0	0.0	0.0	0.0	0.0	0.0	0.0	0.0	0.0	0.0	0.0	0.0	0.0	0.0	0.0	0.0	0.0	0.0	0.0	0.0	0.0	0.0	0.0	0.0	0.0	0.0	0.0	0.0	0.0	0.0	0.0	0.0	0.0	0.0	0.0	0.0	0.0	0.0	0.0	0.0	0.0	0.0	0.0	0.0	0.0	0.0	0.0	0.0	0.0	0.0	0.0	0.0	0.0	0.0
S2014M_E9-1-B-M	0.12553120237244916	0.01726734734338724	-0.013597371114204016	-0.12179042087832491	-0.021775378386875772	0.07794161983537976	-0.001583723322825833	0.0029260757475549778	0.15843307863751804	-0.07445852902218686	-0.13815871451124298	0.05298609378694549	-0.07771567475030282	0.018683064481750077	0.010679965064152749	0.02619583956280553	-0.015031574459480125	-0.02155761841724753	-0.00695518127241259	0.1002595248034924	-0.02638104382662816	0.03623914098902328	0.041266661405012894	-0.026761739693549523	-0.05617713185445196	0.009339205863874314	-0.006516921068417086	-0.013679183592775377	-0.0018547928372847767	0.011229368576849726	-0.021468220187656362	-0.021109178500548074	0.019942104698053523	-0.011251932670321036	-0.06491480743719025	-0.04951210962045672	-0.0699501092019517	-0.02195372149245832	-0.031242618365885173	0.06942999558323705	0.030231269709493646	0.07219421570739121	0.013911928050388883	-0.004348925150459665	0.05288667246589626	-0.00844830067848994	0.01780367526991564	0.03698535570179841	-0.04616199954749984	-0.0010535220929703743	-0.0042814183884178755	-0.03618756802700896	0.02455784702073774	-0.002321396609770648	-0.029460534511105654	-0.0035181446030442026	-0.007115832594084282	-0.00473956868859202	-0.04744489206403379	-0.006072142052187488	-0.005954154070604317	0.01676310133720708	0.0013757875864069376	0.009013875708232586	-0.027457577371455627	-0.0006983302051720297	0.007537537818293065	-0.0012859355611300077	-0.014761042073316128	0.007575463988121787	-0.01783955336073679	0.017719394320066393	0.005380767024960135	0.012898662158281988	-0.009582005454388958	-0.001862708140633534	-0.021487116067762737	0.013998132018884491	-0.007521568452418906	0.008014141223589191	0.0038209129636743114	-0.002949963430548323	-0.003349892517298086	0.01703364174303198	0.007126036258825198	0.015472088326911397	0.019260800297637996	-0.0030004226034904325	0.0038678055372238797	-0.002431345111862662	0.002085334096490008	-0.004215744935711576	-0.013043569310911371	-0.007406187888975192	0.012475178046264992	0.002446812893418883	-0.006209796886310816	0.008463752736558276	0.006560503023271198	-0.00250735774047892	-0.00014724687368262155	0.0026685181907629345	0.0009980967193206106	0.0006922941665046669	0.0018639492060819184	-0.0027053218283545647	-0.0010286276725356284	-0.00021069430393039792	0.0	0.0	0.0	0.0	0.0	0.0	0.0	0.0	0.0	0.0	0.0	0.0	0.0	0.0	0.0	0.0	0.0	0.0	0.0	0.0	0.0	0.0	0.0	0.0	0.0	0.0	0.0	0.0	0.0	0.0	0.0	0.0	0.0	0.0	0.0	0.0	0.0	0.0	0.0	0.0	0.0	0.0	0.0	0.0	0.0	0.0	0.0	0.0	0.0	0.0	0.0	0.0	0.0	0.0	0.0	0.0	0.0	0.0	0.0	0.0	0.0	0.0	0.0	0.0	0.0	0.0	0.0	0.0	0.0	0.0	0.0	0.0	0.0	0.0	0.0	0.0	0.0	0.0	0.0	0.0	0.0	0.0	0.0	0.0	0.0	0.0	0.0	0.0	0.0	0.0	0.0	0.0	0.0	0.0	0.0	0.0	0.0	0.0	0.0	0.0	0.0	0.0	0.0	0.0	0.0	0.0
S2014m_E9-1-C-F	-0.0550019310193089	-0.01122174154538371	-0.013490682270673689	-0.0735237106412525	-0.07673701264771905	0.12443531523941258	0.13226992218463865	0.010315634899008056	0.07729659736672305	-0.020077758290303442	-0.03852858470351366	0.049111675298481504	0.007798827496859781	-0.10272442051785242	0.0037601783337881385	0.034417199260021646	-0.026993669823941403	-0.013879661565564926	-0.02973171557759678	-0.01802821275730353	0.023585660430889943	0.020170833368681557	-0.014780029859589981	-0.012535137997321751	0.02657624799101166	-0.051919045676568354	0.038155976545366385	-0.007782909364595635	0.004533419840874785	-0.0455592820567802	-0.013229917656655429	0.047521724192594116	-0.0008239903755508671	-0.009038950499888222	0.006974034211643396	0.002520137896013139	-0.023030174958602878	-0.006031102892134365	0.008696826182130819	0.005434538630768399	0.005526696923425023	0.000689634803191299	-0.004687405864321399	-0.039131049483464804	0.02070966846170787	-0.02641286850026659	0.006259372407980019	0.017191074575922137	-0.028606511601487257	-0.020296716402586134	0.006385342075844998	0.0025275466832265624	-0.014497553747110958	0.00432650694674703	-0.0214457393827371	-0.026567199730310173	0.00639527429618695	-0.010908913755284624	0.005141897279192961	-0.027100037767246746	-0.005575160283398585	0.019214002715603928	-0.014857643019924427	-0.010480316787769143	5.084658662299534e-05	0.013533914805530404	-0.0036993156685852704	-0.017167596441429758	0.0062166874744540536	-0.00197226163094464	-0.007469890312086232	0.0025548356189228714	0.017846298560820185	-0.01057833570715605	0.006892621676231272	0.018456293287974764	0.008368665312334154	0.019911864966835485	-0.017456427730900222	0.014083265903407012	-0.0056545560426841555	0.0007367023455535338	0.033703503780162965	0.0014664641903470658	-0.011193184772110825	-0.013754550865040837	-0.02545057441098902	-0.007327239179306936	0.0022997328358137204	-0.0026665790809113493	0.013650456350090975	-0.004883820825279709	0.002324934237960098	-0.0024193549256483074	-0.003034736045639322	0.0007743742138270606	-0.007885611972260708	0.0027383543364579935	-0.005272632168314327	0.0003260452556716075	0.002602012582909596	0.0006561613864381134	-0.0059208631011972305	0.0017069801089765414	0.0027906689315109296	-0.001920467145674209	0.003532835926922814	0.0006020319037806802	0.0	0.0	0.0	0.0	0.0	0.0	0.0	0.0	0.0	0.0	0.0	0.0	0.0	0.0	0.0	0.0	0.0	0.0	0.0	0.0	0.0	0.0	0.0	0.0	0.0	0.0	0.0	0.0	0.0	0.0	0.0	0.0	0.0	0.0	0.0	0.0	0.0	0.0	0.0	0.0	0.0	0.0	0.0	0.0	0.0	0.0	0.0	0.0	0.0	0.0	0.0	0.0	0.0	0.0	0.0	0.0	0.0	0.0	0.0	0.0	0.0	0.0	0.0	0.0	0.0	0.0	0.0	0.0	0.0	0.0	0.0	0.0	0.0	0.0	0.0	0.0	0.0	0.0	0.0	0.0	0.0	0.0	0.0	0.0	0.0	0.0	0.0	0.0	0.0	0.0	0.0	0.0	0.0	0.0	0.0	0.0	0.0	0.0	0.0	0.0	0.0	0.0	0.0	0.0	0.0	0.0
S2014M_E9-1-C-M	-0.07085361387876835	-0.3312110918215068	0.22642980177678304	-0.06504051636281848	-0.017977456656232675	-0.07474573611405103	0.0702605690900078	-0.09184497201404052	0.014044083887594032	-0.03990554886208137	-0.031028381747977667	0.04870492462580736	-0.0020223510726829256	-0.05802432304694615	0.022813674754320678	0.025900748281879837	0.018656336921047442	-0.019441306190885178	-0.06606399928796702	-0.00791546685144769	0.06343204720999283	0.02230000349254927	0.008185444739339806	-0.005245934487177849	0.03511805864853135	-0.009168384636621969	0.03495289134148636	-0.026912613040472846	0.012626361587776911	-0.01939885614222151	-0.0076440578073500975	0.008464464023762767	0.011931507938848581	0.00020866338614198315	0.017253181750412686	0.023289335991890238	-0.03654472190089824	-0.026689606480393792	-0.013334904751445832	-0.024920466312778063	0.017284669053059636	0.0070585700863091206	2.911000503153919e-05	-0.021502825160395804	-0.012306153266841308	-0.007128441111725215	-0.011215515174555548	0.014592198332256447	0.012230926687100754	0.011792381997507758	0.013911029284023066	0.010423944294325086	-0.005423272941504117	-0.00242881759718213	-0.00046099816934368405	-0.015618083517422453	-0.02882601951445432	-0.0007883140681561738	-0.018043305120198253	-0.012167831420313763	-0.013273262129190486	0.007072798125385664	-0.002683660489110072	-0.005193044121142384	0.0007012842087775956	-0.01960227757327496	-0.010297224173573944	-0.01564448108451978	0.014009861310847808	0.003173378179671255	0.002058403361701533	0.0012160264180521565	0.005301123238400733	0.011251078829288727	0.009822548029136546	-0.005179516116730346	0.0070287540772874454	0.008595281517316075	-0.008294446045632621	-0.0013546943988151081	-0.0007563565622258824	0.0001247062888339363	0.009392125817254252	-0.00833894183908883	-0.006082807120938087	-0.0014596257064665953	-0.004987280655641553	0.003324604924665113	0.004408636205516482	-0.00753034100112237	0.007858152010083464	-0.00041785140811466257	0.0007160177397346212	1.3319766311111921e-05	0.001807478879000018	0.007345778131801881	0.003602694398590048	0.004096820304605938	0.0007744523000328552	0.004592600416658734	-0.0013931399573333806	0.0030075341569256466	-0.0007012275160360789	0.0016033838978699296	-0.0018610310606524323	-0.0018333680010677647	-0.001091709041517941	0.0014710086018012527	0.0	0.0	0.0	0.0	0.0	0.0	0.0	0.0	0.0	0.0	0.0	0.0	0.0	0.0	0.0	0.0	0.0	0.0	0.0	0.0	0.0	0.0	0.0	0.0	0.0	0.0	0.0	0.0	0.0	0.0	0.0	0.0	0.0	0.0	0.0	0.0	0.0	0.0	0.0	0.0	0.0	0.0	0.0	0.0	0.0	0.0	0.0	0.0	0.0	0.0	0.0	0.0	0.0	0.0	0.0	0.0	0.0	0.0	0.0	0.0	0.0	0.0	0.0	0.0	0.0	0.0	0.0	0.0	0.0	0.0	0.0	0.0	0.0	0.0	0.0	0.0	0.0	0.0	0.0	0.0	0.0	0.0	0.0	0.0	0.0	0.0	0.0	0.0	0.0	0.0	0.0	0.0	0.0	0.0	0.0	0.0	0.0	0.0	0.0	0.0	0.0	0.0	0.0	0.0	0.0	0.0
S2014m_E9-2-B-M	0.36809589566592754	-0.16309150911056064	-0.17176688590524083	0.02232005189124748	0.007119600280962239	-0.06503679268640342	0.005907528182257705	0.07629676259193875	-0.05722408955199139	0.03640083295012046	0.05606561389743571	0.030203475179337604	0.058860138357434706	-0.049001826170012544	0.042074156599037765	-0.04171727406255288	-0.006927300033117236	-0.059159029861913355	-0.014612009795588663	-0.09364837148985986	0.016275218053824814	0.043438680227301706	-0.02377171811187083	0.04015977423808542	0.032043228613722226	-0.006097589637834935	-0.10941109951211266	-0.025122674433180472	-0.011861474752954458	-0.01612310790358906	-0.0459565387518364	0.016922279224103758	-0.01878366165205871	-0.05604698466226812	-0.011634274028103773	-0.051119588789304664	-0.026457208541373654	-0.017696503436140106	-0.007920574928873964	-0.017035986312089347	-0.041513455007095135	0.009143349086176696	-0.0038566523412925076	-0.004776000896625503	0.027018963503871233	-0.04268374993721115	-0.03700224636865146	0.033757173313006233	-0.028216670194184924	-0.021644185002407328	0.02792033904463488	-0.005124936489281178	0.0025525222257174827	-0.031098807581265476	0.018879429413320086	-0.004916104667897116	0.05929545598971245	0.07522150216537973	0.0005470001550513344	0.04236770517944144	0.004135382996927904	-0.004695402253875205	0.008172977183740335	0.03906293036644699	-0.01174690563531097	-0.012885971763122431	-0.010280601712902484	0.01756784344770573	-0.007747697945055299	-0.01819920460910036	0.05931574465285768	-0.0037439964180296837	0.015314318044767461	-0.013958125173475755	-0.0025719065103231064	-0.002987083887844702	-0.016646284738385947	-0.016043412567473055	-0.014232637664490686	-0.036580957240950146	0.0045585284365874685	-0.007623581093968633	0.026033437534929014	-0.012744468663179517	0.026817796569765795	0.00010773929321842502	-0.010317697892819614	-0.00978291283767754	0.01885233139567147	0.021548668617635595	0.005694433215071573	-0.0023963540253244867	-0.014068606932728253	-0.0018218678079676743	-0.004130128197559822	0.00477786908686053	0.008309745964275526	0.0001543627389298988	0.005266662384546763	0.009698752026256034	0.010291670046563938	0.004921224942789396	-0.005274821245581626	0.00020296216702863612	-0.0005081322877810791	-0.004238777797063646	0.0030721149147854452	0.002034211440624603	0.0	0.0	0.0	0.0	0.0	0.0	0.0	0.0	0.0	0.0	0.0	0.0	0.0	0.0	0.0	0.0	0.0	0.0	0.0	0.0	0.0	0.0	0.0	0.0	0.0	0.0	0.0	0.0	0.0	0.0	0.0	0.0	0.0	0.0	0.0	0.0	0.0	0.0	0.0	0.0	0.0	0.0	0.0	0.0	0.0	0.0	0.0	0.0	0.0	0.0	0.0	0.0	0.0	0.0	0.0	0.0	0.0	0.0	0.0	0.0	0.0	0.0	0.0	0.0	0.0	0.0	0.0	0.0	0.0	0.0	0.0	0.0	0.0	0.0	0.0	0.0	0.0	0.0	0.0	0.0	0.0	0.0	0.0	0.0	0.0	0.0	0.0	0.0	0.0	0.0	0.0	0.0	0.0	0.0	0.0	0.0	0.0	0.0	0.0	0.0	0.0	0.0	0.0	0.0	0.0	0.0
S2014m_E9-2-C-M	0.35104040714333395	-0.10491027685855167	-0.13301414422341498	-0.04033098663478544	-0.04751413809213184	-0.11866030188166375	-0.07778105928863004	0.0498175378263555	0.01224335939244395	-0.02027993249918725	-0.025741036352419675	0.027009395597414526	0.02888416512071054	-0.032647917547128036	-0.00357159093530005	0.009335111850139322	-0.0185500214252457	-0.029058084751576244	-0.0479756783867742	-0.035697749177100946	0.005103673727353026	0.04802999442419714	-0.022500765485324488	0.05246955685091033	-0.04933478006702214	-0.06747935763758742	-0.05077780273424839	-0.06615609251296833	0.03073780888166968	0.0573699219499363	-0.05069194061836217	0.07113652908120331	-0.005674605445047748	-0.07722294405267437	0.0020584369812501257	-0.007337337503951308	0.05878762545279517	0.023526525646953785	0.008027820458767645	0.025568696788809707	-0.010953076502055454	0.027917890641942052	-0.010040741370453684	0.028625568053048122	-0.025748216847143048	0.02179716257849072	-0.038963493651394426	-0.04356558664971945	0.02216876593881118	0.01559481666905914	0.043170463578745	0.013244050708078743	-0.061851594572508606	0.029443353030569587	-0.016188898256094902	0.013653647696663019	-0.03338220351641235	0.006290023721596439	-0.014313809965632994	0.042282171062510254	0.0036589018168246244	0.023715387007745923	0.0009928226217649123	0.04095159243659109	-0.006319438067933086	-0.006046574940731913	0.02463130011639867	0.0019278938044309177	-0.0362541968128403	0.031847749094054946	-0.05486719455579867	-0.009309934154606738	0.0017927258377561752	0.03889473993819427	0.005318485784082979	-0.012004743160017208	-0.02614251689642102	0.006130591635700747	0.0035199822566276536	0.008087883651824961	-0.002109937291017442	-0.018970882210265553	-0.002686796067030191	0.02245171952921352	-0.010497825817535717	-0.021232610164541886	-0.0026283683498068092	-0.007641241335702046	0.006850039670518011	-0.021641525309798428	0.007660735112510815	-0.0007178496431717342	0.0013680290390547388	0.012965648844553855	-0.010871096910778656	0.0024060212438550203	-0.007031236094856203	0.010204548712462515	0.007851419482701533	0.0020767492302372066	0.002255601290851992	0.0025244418661872652	0.013548551349601094	-0.0037578265954404323	2.278700605659769e-05	7.211226509771928e-05	0.0009524891627260818	0.0001355783385130948	0.0	0.0	0.0	0.0	0.0	0.0	0.0	0.0	0.0	0.0	0.0	0.0	0.0	0.0	0.0	0.0	0.0	0.0	0.0	0.0	0.0	0.0	0.0	0.0	0.0	0.0	0.0	0.0	0.0	0.0	0.0	0.0	0.0	0.0	0.0	0.0	0.0	0.0	0.0	0.0	0.0	0.0	0.0	0.0	0.0	0.0	0.0	0.0	0.0	0.0	0.0	0.0	0.0	0.0	0.0	0.0	0.0	0.0	0.0	0.0	0.0	0.0	0.0	0.0	0.0	0.0	0.0	0.0	0.0	0.0	0.0	0.0	0.0	0.0	0.0	0.0	0.0	0.0	0.0	0.0	0.0	0.0	0.0	0.0	0.0	0.0	0.0	0.0	0.0	0.0	0.0	0.0	0.0	0.0	0.0	0.0	0.0	0.0	0.0	0.0	0.0	0.0	0.0	0.0	0.0	0.0
S2014m_E9-3-A-M	0.14948485313337012	-0.07019927694600811	0.011172112891031444	0.09517616167483542	-0.027575957660976497	-0.0015643750205282954	0.2191725479172272	-0.0846440327628144	0.035273754108327726	0.09993547614083004	0.03334626598102683	-0.17686656723995867	-0.09661473400494577	0.003361021680572157	-0.05703913898498783	0.05975293253902902	-0.1329492029269531	0.039121168451888254	-0.055264267753733935	0.01846879164235025	-0.017297780009540315	-0.013295303764924035	0.022200190825216303	-0.04335768336154434	0.01788616903517048	-0.02952455720412765	-0.06803228785953666	-0.028051412479785754	-0.03065711100839441	-0.0071082026741113415	-0.012846388792101066	-0.013200924190034921	-0.05043136093501331	0.0024007717638902235	-0.022972185530889803	-0.01805764845237706	-0.015217737869731738	0.02185600416304157	-0.011614478516787584	-0.011797379853913117	0.007028386210043142	0.02889853161783634	-0.01493534864331017	-0.06846507595970362	-0.009776708638047242	0.015645691979046222	0.05395728330927879	-0.0397749372008687	-0.005285298992732485	0.0027483731347934044	-0.01593110799341687	0.004370583060238642	0.02247680624381021	0.003700803552648042	-0.0017367222413311977	0.01172614675222886	-0.008009951538948191	-0.018091791907604623	-0.015402021985936008	-0.022320885128603436	0.024182081839666077	-0.010720150527174422	0.030155466043244407	0.010131829053154644	0.013340522109475802	-0.011958056162036525	0.011895023229047305	-0.016357208690701733	0.022036787306791483	-0.01106577343837263	-0.012688545373198084	-0.012504330657152955	0.008720133867161884	-0.018703124785314808	-0.009078912137416118	0.010944971505375298	-0.0012641699299044005	0.026690751335721095	-0.018877748778655553	-0.011743763523047563	-0.012318769901781962	-0.016745500444630433	-0.012517464451896958	-0.008262220316140548	-0.011027019001013627	0.016201515355946907	-0.004620464225216327	-0.005214727819062026	0.022244628341012568	-0.004042285862517076	0.006128987810624189	0.0007471700935783048	0.01350495091391741	0.008169594724900966	-0.0005785373499261069	0.008324497429027989	0.0016950229010672425	-0.010895665159886965	0.0006766898222896042	-0.0037771692131067626	-0.003210781908790155	-0.003540932644039001	-0.0054952420345058366	-0.003319225456841884	-0.0012217510746506091	-0.0010255846375541284	0.001656965941177315	0.00015535255156842793	0.0	0.0	0.0	0.0	0.0	0.0	0.0	0.0	0.0	0.0	0.0	0.0	0.0	0.0	0.0	0.0	0.0	0.0	0.0	0.0	0.0	0.0	0.0	0.0	0.0	0.0	0.0	0.0	0.0	0.0	0.0	0.0	0.0	0.0	0.0	0.0	0.0	0.0	0.0	0.0	0.0	0.0	0.0	0.0	0.0	0.0	0.0	0.0	0.0	0.0	0.0	0.0	0.0	0.0	0.0	0.0	0.0	0.0	0.0	0.0	0.0	0.0	0.0	0.0	0.0	0.0	0.0	0.0	0.0	0.0	0.0	0.0	0.0	0.0	0.0	0.0	0.0	0.0	0.0	0.0	0.0	0.0	0.0	0.0	0.0	0.0	0.0	0.0	0.0	0.0	0.0	0.0	0.0	0.0	0.0	0.0	0.0	0.0	0.0	0.0	0.0	0.0	0.0	0.0	0.0	0.0
S2014m_E9-3-B-M	0.3295957839366623	-0.14284737955769927	-0.12652761344113342	0.049243544181098414	0.014174081115548	-0.030598194069313245	0.08930678357788216	0.0042785119185719	-0.06322138950700662	0.04789575973731647	0.095254033566429	0.008857609718897085	-0.1032868194479426	-0.04024357055556725	0.016441726972562232	-0.011507346525548964	-0.034865827177853526	-0.031420553436541494	-0.017265019096322543	0.006787058874386997	-0.015265772211660813	-0.07041736735409308	0.05799832307510537	-0.011566339400110757	0.005955548025884747	-0.0005410428088738682	-0.016735136708915483	0.06320903933061747	0.06226075258685009	0.017116913063642766	-0.0038466495645193516	-0.056452068016316734	0.04920552353187916	0.01524527033662358	0.0016063267893414684	-0.05569745703455777	0.01848827893846274	0.021061197295118204	0.02410697544911588	0.03481595918996749	-0.04270299694099828	-0.01088990826236903	-0.04614762573800761	-0.046409542879691706	0.042539413463701825	-0.020252087549667154	-0.04608210527225752	-0.026989302214926816	-0.04363064320711223	0.0014335205779068953	0.02135502024188952	0.02895799372292899	0.05366141756281373	-0.03264370153915603	-0.03328776472779707	0.006653551517429365	-0.09529537423870059	0.03839522469748232	-0.003048071194443819	-0.04828609853687687	0.011289917248756946	-0.0009529327562697982	-0.031251338328731025	-0.029763016361891017	0.0016714865022981486	-0.015801736932396535	-0.00016423012253302194	-0.007760860700164756	-0.07129990464932273	0.02101508393941567	0.0028287524981078964	-0.010696586472589817	0.011394624560938779	0.020389036594963834	-0.0014859653292846552	-0.004929128048847312	0.04830502574350054	-0.00585530523367393	0.023708212613099102	-0.006183427584341131	-0.03958428957676407	0.0045033143809664515	-0.012263173284699445	0.030004360699470926	0.008368484520086691	-0.004412330146491047	-0.03081827863673869	-0.018803587375523893	-0.00036388998942170754	0.015358540396008178	-0.010007018260943006	0.004201864187622819	-0.0020246372532057378	-0.004285499750343391	-0.00993065819356015	-0.0018156120989934789	-0.003863624288096861	-0.007583671748253419	0.001242515248966061	-0.000897853533905073	0.0013673123124807063	-0.002291555242300236	0.0056808545561604605	0.0001558728437495792	-0.00020963380432928298	0.000980031409606378	-0.0030183824283721464	0.0011274880551619885	0.0	0.0	0.0	0.0	0.0	0.0	0.0	0.0	0.0	0.0	0.0	0.0	0.0	0.0	0.0	0.0	0.0	0.0	0.0	0.0	0.0	0.0	0.0	0.0	0.0	0.0	0.0	0.0	0.0	0.0	0.0	0.0	0.0	0.0	0.0	0.0	0.0	0.0	0.0	0.0	0.0	0.0	0.0	0.0	0.0	0.0	0.0	0.0	0.0	0.0	0.0	0.0	0.0	0.0	0.0	0.0	0.0	0.0	0.0	0.0	0.0	0.0	0.0	0.0	0.0	0.0	0.0	0.0	0.0	0.0	0.0	0.0	0.0	0.0	0.0	0.0	0.0	0.0	0.0	0.0	0.0	0.0	0.0	0.0	0.0	0.0	0.0	0.0	0.0	0.0	0.0	0.0	0.0	0.0	0.0	0.0	0.0	0.0	0.0	0.0	0.0	0.0	0.0	0.0	0.0	0.0
S2014m_E9-3-C-M	0.3879471364439599	-0.07239314707350007	-0.092133193811431	0.049019099291820536	0.02568887666240723	-0.03972221934284623	0.029533841269715755	0.04519196240134033	0.048893866484127205	-0.0045983137405245095	0.05011225075271417	0.0661139630494323	-0.014152816538076301	-0.005283279615263197	-0.010890882743786905	0.0006425737207574678	-0.006108555995943514	-0.03029052920277036	0.011527511016263679	0.04001874435521865	0.029731700946173056	0.014613146851770897	0.11355956841402462	0.038111101848914225	0.00166348124978681	-0.02215917543202715	0.04199677146464366	0.024151983484264887	0.025177020623579634	0.06220958577511475	-0.007575416566304693	-0.04226435160913545	-0.04224663660207029	-0.02164297612614528	0.059836411403539104	-0.00043686826359589753	0.004947945181855765	-0.037400316905949325	0.03559429651398966	-0.04295647157805034	0.04170305049426143	-0.01049777786964973	-0.078688224891079	-0.04051628566724309	-0.007302223308372104	-0.02691479787066332	0.044448354877064195	0.018789483037688987	-0.004165513107721569	0.02827608100464867	-0.017660292025439724	-0.02767433978594264	-0.027450380608131087	0.0021963247432376597	0.01240104633854198	-0.02528478770000681	-0.010642799954522515	0.038318568843220505	-0.030785824336703845	-0.008169182844769004	-0.02476603701809802	-0.02577584194349713	-0.039402573619152455	-0.0157621983630819	-0.017139590401266298	0.019171414390566747	0.004975723630474355	0.019875344361257555	0.006574059431085724	-0.04257960219205204	-0.02342672079346571	-0.016956477895450305	-0.019179398315800834	-0.002645815912880562	0.018254312123368373	-0.008132479958362436	-0.018282691227142125	-0.0027681315344639783	0.009684818874383778	-0.027119692938637856	0.017660057230720973	-0.004879566190433105	-0.03223013588181232	-0.01952593946524406	-0.0021832074019391035	0.0067745225383597325	-0.020989638485229587	0.0011057297334556547	0.003563947457630321	-0.011707596153557669	-0.0025897229990526627	0.01616606353791191	0.007747784527358156	0.0005894015137467491	0.020019668531708102	-0.006872951417754779	-0.0035628082282710303	0.0005918481291482375	-0.000539507295023246	-0.0028428064415347352	0.0021663154649114464	0.005070210844947985	0.011532774783755822	0.0016092072168458207	0.001187912604696527	0.0010427445465647795	0.002604244551607462	-0.0021652351928414864	0.0	0.0	0.0	0.0	0.0	0.0	0.0	0.0	0.0	0.0	0.0	0.0	0.0	0.0	0.0	0.0	0.0	0.0	0.0	0.0	0.0	0.0	0.0	0.0	0.0	0.0	0.0	0.0	0.0	0.0	0.0	0.0	0.0	0.0	0.0	0.0	0.0	0.0	0.0	0.0	0.0	0.0	0.0	0.0	0.0	0.0	0.0	0.0	0.0	0.0	0.0	0.0	0.0	0.0	0.0	0.0	0.0	0.0	0.0	0.0	0.0	0.0	0.0	0.0	0.0	0.0	0.0	0.0	0.0	0.0	0.0	0.0	0.0	0.0	0.0	0.0	0.0	0.0	0.0	0.0	0.0	0.0	0.0	0.0	0.0	0.0	0.0	0.0	0.0	0.0	0.0	0.0	0.0	0.0	0.0	0.0	0.0	0.0	0.0	0.0	0.0	0.0	0.0	0.0	0.0	0.0
S2014m_E9-A-1-F	-0.0954247603471307	0.022199929023822108	-0.04252024274088205	-0.047344154481533444	-0.045496522210672095	0.04982985302761928	0.04584159732879913	-0.04354324246668954	0.11295170834754499	0.09154931099935333	-0.052282132846690386	-0.0409704109481284	0.046319581765931095	-0.04309098068041441	0.043644663113615305	-0.015913163824338626	0.02672505324819646	0.005969048264349797	0.04983572391824294	-0.024555038998259553	0.030210002958189087	-0.06520312320299866	-0.02181416307217948	-0.052086887694966125	0.07881144915071034	-0.05160365365707025	-0.004655119751207373	0.04981476145419514	0.013193274218666362	-0.020927606598718503	0.004125802124335096	-0.020065792379030466	-0.014302058680676131	-0.025832656910535535	0.0238087343438809	-0.01968697261805121	-0.011879792893982494	-0.04559964770217876	-0.03036972073541606	-0.0007003498510384987	0.013338559891050903	0.0018333172383301279	0.021926585874669845	-0.038388369204817446	-0.05143156733018396	0.0021081000803721203	0.015509399912652494	-0.0023378251069972934	0.02482859670031734	-0.0009084445853671713	-0.0047663162406801005	-0.03372515732848792	0.0012937829547314287	0.013973354905979054	-0.006277142924624421	-0.02162200551764634	0.016425729977809698	0.012402366563506082	-0.013789377197770819	0.002314963723610744	0.004662784813443687	0.006947282466966584	-0.0041845490523684465	-0.038977514573978696	-0.0012518827700871082	-0.003129458510855215	-0.005594079350067762	0.0011778239551462392	-0.01834607894086883	0.015073310435469592	-0.008257274073936342	-0.003543977217228837	0.007074978702926649	0.010386150068290802	0.029230582445978787	0.0015724256903050465	-0.03221965934599283	0.010895768219962017	-0.020776660891078214	-0.02212121437421846	-0.027996353385769814	0.00707498552425104	0.00036650919103698007	0.007428246527472179	-0.003951382480519613	0.009738542748582782	-0.00550782513448198	-0.009808514275833043	-0.006331088611643669	-0.0028985859176885002	-0.004275281479707745	0.0038267069144968476	-0.002542807766330692	-0.012227104916787053	0.00017494551686840623	0.011377969629840893	-0.009207803745315067	-0.002402601855209871	0.006342204648384047	0.0006247039209660232	-0.00905893217874371	0.006315996096791542	-0.0022599956446824484	-0.0027750775796545595	0.0009783444838104907	0.0014855650163168384	0.0032641330377084364	0.0007812623301700315	0.0	0.0	0.0	0.0	0.0	0.0	0.0	0.0	0.0	0.0	0.0	0.0	0.0	0.0	0.0	0.0	0.0	0.0	0.0	0.0	0.0	0.0	0.0	0.0	0.0	0.0	0.0	0.0	0.0	0.0	0.0	0.0	0.0	0.0	0.0	0.0	0.0	0.0	0.0	0.0	0.0	0.0	0.0	0.0	0.0	0.0	0.0	0.0	0.0	0.0	0.0	0.0	0.0	0.0	0.0	0.0	0.0	0.0	0.0	0.0	0.0	0.0	0.0	0.0	0.0	0.0	0.0	0.0	0.0	0.0	0.0	0.0	0.0	0.0	0.0	0.0	0.0	0.0	0.0	0.0	0.0	0.0	0.0	0.0	0.0	0.0	0.0	0.0	0.0	0.0	0.0	0.0	0.0	0.0	0.0	0.0	0.0	0.0	0.0	0.0	0.0	0.0	0.0	0.0	0.0	0.0
S2017t1_E11-T1a-Female	-0.05478374686820992	0.14206025611257864	0.09682891118133385	0.10236037461685228	0.04699800876957555	0.004434878785139766	0.10455152725292535	0.012914612609692481	0.07800416765207359	0.029339402574398314	0.04676705722190267	0.046556439529639795	-0.02732507929641681	-0.05848993626839125	0.02436050416454126	-0.024911152654324954	0.024628541149046914	0.011976702805472663	0.03291650058035672	0.004791796993725013	0.03488362889538761	0.035358926735925465	0.03824607173375795	0.04282273070180247	-0.001373441856926849	0.0037635531029897415	0.018878055988093313	-0.01710535926727435	-0.05391356465474493	-0.015153980017459658	-0.014543215468039696	0.007807146722136194	0.013630052154610906	0.02785482790937296	0.001062730609740681	0.014081641545210412	-0.016864503007080835	-0.03663809422892388	-0.0025016216453408163	-0.007930417877450862	-0.008175147144751989	0.046559985025337515	0.01229846259251467	0.002794570936785055	0.004862049223306848	-0.0033888846672442976	-0.0406991643460674	-0.027085938007101185	0.033261486818827256	0.037482908465607694	0.018267494631744118	-0.001285564929015661	0.01441038919924578	0.0005672505138863022	0.00927983358834587	-0.015983500476950716	-0.01517038421448361	0.04010027274500827	-0.0005870141753700401	0.025744897922572774	0.0027240066521204915	-0.0016507752048714119	0.001482599012263684	-0.018310486029560466	0.014767864502704129	-0.0020759053448864803	-0.021106075504583547	0.030802233822763654	0.011826484657056088	0.014035640493721392	0.011115377089138054	0.017920525955527775	-0.0029673435502737397	0.026608893613532702	-0.01630556563385014	0.004130937027320343	0.014055006721949304	0.005355534315831218	-0.011058831123479267	-0.0047979341197991274	0.015548288678003131	0.004329926149897505	-0.0028215558807949902	0.007112058175000938	-0.0021901069758265587	0.020543727036432383	0.005246370145185637	0.010573083650606283	-0.0008124930772452379	-0.004476731518029173	-0.007678824662764718	-0.009103471457367663	0.01535525783774915	-0.0060654669691611336	-0.004295861388980678	0.0013542987079683967	0.005257773299410964	0.0008551965334818177	-0.0038971911404125743	-0.0015080657450704253	0.009880797434582068	-0.00288781085818867	-0.0022263871686041465	-0.003961234991133172	0.004176597311649003	1.4063849907921362e-05	0.0007105371131139373	0.004000353929051132	0.0	0.0	0.0	0.0	0.0	0.0	0.0	0.0	0.0	0.0	0.0	0.0	0.0	0.0	0.0	0.0	0.0	0.0	0.0	0.0	0.0	0.0	0.0	0.0	0.0	0.0	0.0	0.0	0.0	0.0	0.0	0.0	0.0	0.0	0.0	0.0	0.0	0.0	0.0	0.0	0.0	0.0	0.0	0.0	0.0	0.0	0.0	0.0	0.0	0.0	0.0	0.0	0.0	0.0	0.0	0.0	0.0	0.0	0.0	0.0	0.0	0.0	0.0	0.0	0.0	0.0	0.0	0.0	0.0	0.0	0.0	0.0	0.0	0.0	0.0	0.0	0.0	0.0	0.0	0.0	0.0	0.0	0.0	0.0	0.0	0.0	0.0	0.0	0.0	0.0	0.0	0.0	0.0	0.0	0.0	0.0	0.0	0.0	0.0	0.0	0.0	0.0	0.0	0.0	0.0	0.0
S2017t1_E11-T1a-Male	-0.10329600527845446	0.09061752615986932	0.01211304443982988	0.14040769606708237	0.06579773261197158	0.04471661248296228	0.01133316130151539	-0.08671781441176585	0.04327778785244031	-0.044242623315436415	0.008270998147640774	0.03126678080264963	0.05482184365040379	0.08335146214904945	0.036104424375145425	0.08059917334751782	-0.04473238207188111	-0.06120316414500061	0.053464213419709666	-0.03002246974753719	0.00517365741364051	-0.013763707567023335	-0.00950207838733846	-0.03371075550530265	-0.02861986917260541	0.0005664521286179832	0.021536338049154266	-0.0065384744385785796	-0.05588315917797897	0.013429550310587625	-0.05775305061204708	-0.007751731636439475	0.04139963117768408	-0.02252779456083769	-0.04292324786971817	-0.0023710919619763437	0.036924348789361794	-0.03841129663849843	0.012524902614811043	0.037391849164632465	0.028419752840406907	-0.021970695033348624	0.033674871819294606	-0.008778190789973805	-0.023929167144981042	-0.036801699962983235	-0.005779431801838967	0.0054348721590559345	-0.029354681500391343	0.00602177978661389	0.03558604234633032	-0.019183557835469708	-0.01422631902317364	-0.023975926422010855	0.006168231372267919	-0.003159147589771963	-0.008544316365930648	0.020246887739465574	0.015001678167402822	0.004475140359218602	0.013854072751278217	0.020821566163301462	-0.006433995759049613	-0.014022682402725502	0.04516487763736754	0.003793287169043105	0.00510376618271916	0.03196890434222042	-0.010181422227328232	0.014100118923516935	0.011952229574240754	0.01368809585458301	0.0026639041452998506	0.002149129794024704	0.0401360902139936	-0.003281873767281454	-0.005341610896688845	0.006574946435195961	0.0012904203670478993	0.006809881309046607	0.009485617451649705	0.03591500646327321	-0.00832224738036247	0.005552776700087585	0.00944154251233382	0.018451905128647063	-0.0047803377922744665	-0.005007970473683514	-0.004067685244769237	0.002761318994236199	0.010806072170393012	-0.004404561551005867	0.011457473262770282	0.014180255711692808	0.006968195466201486	0.0005783118001681682	0.008164945644389014	0.0021356332778653445	-0.002026678116675726	0.005048912555209695	0.008692139884771414	-0.005876019013995846	-0.001752336160861328	-0.001809029993600369	0.0007719684217837675	-2.3943954362392585e-05	0.004175252714215702	0.001610926411777412	0.0	0.0	0.0	0.0	0.0	0.0	0.0	0.0	0.0	0.0	0.0	0.0	0.0	0.0	0.0	0.0	0.0	0.0	0.0	0.0	0.0	0.0	0.0	0.0	0.0	0.0	0.0	0.0	0.0	0.0	0.0	0.0	0.0	0.0	0.0	0.0	0.0	0.0	0.0	0.0	0.0	0.0	0.0	0.0	0.0	0.0	0.0	0.0	0.0	0.0	0.0	0.0	0.0	0.0	0.0	0.0	0.0	0.0	0.0	0.0	0.0	0.0	0.0	0.0	0.0	0.0	0.0	0.0	0.0	0.0	0.0	0.0	0.0	0.0	0.0	0.0	0.0	0.0	0.0	0.0	0.0	0.0	0.0	0.0	0.0	0.0	0.0	0.0	0.0	0.0	0.0	0.0	0.0	0.0	0.0	0.0	0.0	0.0	0.0	0.0	0.0	0.0	0.0	0.0	0.0	0.0
S2017t1_E11-T1b-Female	0.17222337847287136	0.02976367704342368	-0.03114080849445337	0.018590448280253784	0.1276753919489434	0.08575366770307004	0.0943563600503918	-0.028987340137147058	0.010735931355161802	-0.041467075074286944	-0.06396842737299502	0.05098519347950056	-0.11042580011994066	-0.0212591230624667	0.015426993376748866	0.0024987417712620404	0.009956805908691722	-0.0355639322178732	-0.02647951775204262	0.07534320672311721	-0.08529344293397141	0.06662930157043695	0.009294197156922616	-0.010577615825242886	0.04445381236300683	0.12332187940062272	0.03168328895512493	-0.015063883139610372	0.031225036483390443	0.05358330133819585	0.046742824850519255	0.04990444939350333	0.03187597946146701	-0.0061359586811451415	-0.031501561992103806	-0.00893887747445018	0.012818567245332181	0.04407577980789575	-0.03758131711243184	0.02107898000140287	0.0019311642186433957	0.015436544456643131	0.001535605561918469	0.05859234174769001	0.049121909563420794	-0.04275927168063122	0.01954314775769782	-0.01486820364960947	-0.011603245619646034	-0.03096976636838327	0.031734915862493836	-0.031131370085441475	-0.013618947904933778	0.02969007711430153	-0.0013344475396705683	0.0068548636331329516	0.027316564581704644	0.019485516166853102	-0.002524504266168705	-0.015127400770395984	0.004344622486301492	-0.020265505333488937	0.0015014389710759895	-0.017822487290898394	0.0193471923059387	0.029327313862109648	0.005199322224755358	-0.011935690892574694	-0.0083967822721882	-0.02846550418533186	0.01301681998620583	-0.006048793467480745	0.009877561341614341	-0.0064287966150973755	-0.0031369430018105024	0.015905378017453578	-0.0008101199474057039	0.0024661956158276562	0.003786459886995479	-0.02000488219291989	-0.01540947768593004	0.010676078010164803	0.005313959899540695	0.004867551827163632	-0.016371467222072923	-0.0016203049707089415	0.011085156702441161	0.002730548114884834	-0.0002342949878075422	-0.0009547466224550952	0.002036125871491534	-0.01864610052902846	0.006172038900644388	0.013263682251734287	-0.00334763353608441	0.0013301715938415601	-0.0004862027221953426	-0.001507532640660469	-0.0055050398423988215	-0.009455900127392322	0.0013240970795285736	9.52969959985304e-05	-0.0009970266236096121	0.0019112999555215312	0.00024973401594175187	0.0010336066173815247	0.0006983840005119639	-0.0014746243360173892	0.0	0.0	0.0	0.0	0.0	0.0	0.0	0.0	0.0	0.0	0.0	0.0	0.0	0.0	0.0	0.0	0.0	0.0	0.0	0.0	0.0	0.0	0.0	0.0	0.0	0.0	0.0	0.0	0.0	0.0	0.0	0.0	0.0	0.0	0.0	0.0	0.0	0.0	0.0	0.0	0.0	0.0	0.0	0.0	0.0	0.0	0.0	0.0	0.0	0.0	0.0	0.0	0.0	0.0	0.0	0.0	0.0	0.0	0.0	0.0	0.0	0.0	0.0	0.0	0.0	0.0	0.0	0.0	0.0	0.0	0.0	0.0	0.0	0.0	0.0	0.0	0.0	0.0	0.0	0.0	0.0	0.0	0.0	0.0	0.0	0.0	0.0	0.0	0.0	0.0	0.0	0.0	0.0	0.0	0.0	0.0	0.0	0.0	0.0	0.0	0.0	0.0	0.0	0.0	0.0	0.0
S2017t1_E11-T1b-Male	-0.16768903226737733	0.07437960499307508	0.007126838740444698	0.1736066216122477	0.04697468484264003	-0.0610165603542715	0.06443380943996073	-0.046663374730494374	0.037672464813765114	-0.07701723312117413	-0.00785496213432816	-0.02423568829277649	0.057636526517284924	0.019541641734360078	0.03272922230196942	0.1001993737784078	-0.03367656058713079	-0.04024186605609216	0.0323438013773002	-0.02252449964528038	0.03126091707608474	0.006809570736572368	0.007022303477947277	-0.003312627783201783	0.05077593627527965	0.028866550725522352	0.05514525697182837	-0.007998262838777638	-0.03746909642044058	-0.004058486627357927	0.0011019960897111379	0.03453731450128204	0.02707864505948247	-0.018354448455342048	0.004084394321284103	0.009594702136655463	-0.004961661547677632	-0.032276216522962795	0.026406903717670856	0.0017741098654748334	-0.0015724938011981865	0.02179766197630927	0.020663724149764376	-0.0001814107329580171	-0.0015097382430578957	-0.01817279332999148	-0.008266854121813726	0.008591276842066531	0.0013607013530951256	0.010649103932678788	0.0034870123150502557	0.005201771346633045	0.0010499190757035067	0.002059344792810417	-0.007391063253489015	-0.0051376735777442315	-0.006405566109842906	0.022516111814538456	0.003296766931469575	0.01017065951002326	0.005888560714331427	0.007464776881096016	0.011303405565945574	-0.009844378254731691	0.018989350905329702	-0.011339086686975839	-0.004091536662287225	0.010593107799351681	-0.016242843434448904	0.000702305978444687	-0.0034441410511629124	-0.00413292308454627	-0.00483825804487707	-0.0013382391411703293	0.0055637954463425	0.015174203344473646	0.012501558624091157	0.009203805059347545	-0.0013150528651613017	-0.0030436566681412897	0.000853100364755814	0.006105772679447274	0.0010701201387316216	0.0003345423516151868	-0.010785711977856518	-0.008798295784621405	0.0030599404482527536	0.004803417856895848	0.0009224555848998433	-0.002212090412926223	0.004524268544975968	-0.00036471563238519325	0.005159120750367989	0.003713498488702069	0.006272453771231171	0.0012356402754935792	-0.003654274462934952	-0.0006206096877772521	-0.0020224612430905582	0.005878990870048496	-0.0007609241602833702	-0.00011679682987519126	0.0024528721688612245	0.00016658555559898418	-0.0023699857237371815	-0.0013730049454324655	0.00018100370888569117	0.0005718692528045715	0.0	0.0	0.0	0.0	0.0	0.0	0.0	0.0	0.0	0.0	0.0	0.0	0.0	0.0	0.0	0.0	0.0	0.0	0.0	0.0	0.0	0.0	0.0	0.0	0.0	0.0	0.0	0.0	0.0	0.0	0.0	0.0	0.0	0.0	0.0	0.0	0.0	0.0	0.0	0.0	0.0	0.0	0.0	0.0	0.0	0.0	0.0	0.0	0.0	0.0	0.0	0.0	0.0	0.0	0.0	0.0	0.0	0.0	0.0	0.0	0.0	0.0	0.0	0.0	0.0	0.0	0.0	0.0	0.0	0.0	0.0	0.0	0.0	0.0	0.0	0.0	0.0	0.0	0.0	0.0	0.0	0.0	0.0	0.0	0.0	0.0	0.0	0.0	0.0	0.0	0.0	0.0	0.0	0.0	0.0	0.0	0.0	0.0	0.0	0.0	0.0	0.0	0.0	0.0	0.0	0.0
S2017t1_E13-T1a-Female	-0.10093826390582818	0.14565768538753332	0.026563030357717097	0.040965715843259726	0.0751477546022738	-0.11085488626588857	0.07217581108967547	-0.019083910342256993	0.027001591179397103	-0.004676223345096094	0.0038895600399523507	0.01916257371221009	0.03702612950038137	-0.025593660619782417	-0.020916462083234874	-0.027414057810912013	0.02172806959169572	0.013419183696090867	0.013795111132940109	-0.058719235088779013	-0.012193582952088429	-0.009099087741664926	-0.0045389252215947	0.001077129489643268	0.00834187406099525	-0.037481940018320684	-0.02410459194876808	-0.05239297656587867	-0.02351147342837851	0.014874016988020327	-0.006265064809711905	-0.035503996216528624	0.03147246118532615	0.0008834912699815144	0.0052014793727728145	0.030452442523179732	0.03290823510502021	-0.017677911739495848	0.01268475707218418	0.03993347272792781	-0.004082299349054125	-0.009806057902735454	-0.014113733432109702	0.03558953780521823	0.01421970354467543	0.03825882969196477	0.013949579121220424	0.016094589641292924	-0.009833848119298869	-0.0009780335978488305	0.004481957605942844	0.01705353086082205	-0.013178144336141713	0.024398156640820415	-0.032556580364596535	-0.0011039587860067898	-0.013575815536831537	0.0072298947981571885	0.0017768455470839053	-0.008590718684092877	0.0055105593196164955	0.0036043247845403458	-0.007065926903657931	-0.021664673223910753	-0.013827639043644887	0.03205178083774361	-0.01710273182844852	0.007715358312781396	0.008888815517126362	0.007787413290330545	0.0022470637991310635	0.003944511694693828	-0.003253537502206915	0.007138463004603561	-0.008702621594077439	-0.015352724657058243	0.0007079254293807977	-0.028461123609148705	0.0016427641997743192	-0.0013702665079762583	-0.004072495812178183	0.00038863898413536615	0.003366958182143794	-0.003122247775850971	0.004995422348509786	-0.011316445742198979	0.005340523831365433	0.002197958351400758	0.017050175297871867	-0.00279197877631665	0.004565179978213952	-0.008393559963009799	-0.009218757312982783	-0.01941489900033865	-0.004055042155903228	-0.0027309565366152714	0.0022147145740702857	-0.004536594531937291	-0.0013684570854086194	-0.0033307099849057484	0.0004056767858600676	0.00010108493868829557	-0.004347967617933133	-0.003445238806036638	0.00019964049896596244	0.0008432154553604392	-0.00033531981601192415	-0.0026947018613966726	0.0	0.0	0.0	0.0	0.0	0.0	0.0	0.0	0.0	0.0	0.0	0.0	0.0	0.0	0.0	0.0	0.0	0.0	0.0	0.0	0.0	0.0	0.0	0.0	0.0	0.0	0.0	0.0	0.0	0.0	0.0	0.0	0.0	0.0	0.0	0.0	0.0	0.0	0.0	0.0	0.0	0.0	0.0	0.0	0.0	0.0	0.0	0.0	0.0	0.0	0.0	0.0	0.0	0.0	0.0	0.0	0.0	0.0	0.0	0.0	0.0	0.0	0.0	0.0	0.0	0.0	0.0	0.0	0.0	0.0	0.0	0.0	0.0	0.0	0.0	0.0	0.0	0.0	0.0	0.0	0.0	0.0	0.0	0.0	0.0	0.0	0.0	0.0	0.0	0.0	0.0	0.0	0.0	0.0	0.0	0.0	0.0	0.0	0.0	0.0	0.0	0.0	0.0	0.0	0.0	0.0
S2017t1_E13-T1a-Male	0.06663013129319127	0.06460470218106235	0.0394410793501805	-0.017492516526544644	0.03183576998490908	0.08334773988209211	0.07599433015045165	-0.023319766896078273	-0.008508571258044155	-0.08103417032842891	-0.02191905492170866	0.07374656294227323	-0.000446169311372381	0.06956557313068204	0.01336228967857266	-0.03542165826368715	-0.04809079905694305	0.028044923034332234	0.004309363902627475	-0.017100015560505534	-0.025819936352787586	-0.02535203677884916	0.0941006012077762	0.02183830406967358	-0.010317089426235793	0.006495319376100551	-0.03483750152730592	-0.03151381810756488	0.020977033856156565	0.04871018806438266	-0.029646534016896885	-0.016699739666255504	0.003490475441325238	-0.05945275802727551	-0.009036349875534857	0.011088984306401543	0.014737486448693651	-0.022171447848168963	0.008190057457457062	0.04604573881581702	0.03595542468755289	0.022171084414080163	-0.002997527154642839	-0.032007261523983525	0.01902132112918731	0.0127410725679536	0.0390096301811006	-0.04500425588489546	0.016526773265268118	0.019913030055173215	-0.011327634121677919	0.04251809205334055	-0.017711014556162183	0.010907607822252526	-0.011540879867681214	0.013549122219867035	0.021182153002530697	-0.036770457418624655	0.03835139303478666	0.010381871086247498	-0.001994283167928254	-0.015145508907892107	-0.009022467936941883	0.016387007881290796	-0.04150677884692428	-0.03950245291430492	0.0240921354762921	-0.0317264404694162	0.012966343419062247	0.007226646167467602	0.041197797376051074	0.018097363030476956	-0.0063483121563508264	-0.0011738113201282378	0.01056144017173023	0.002318376545989824	0.0068405261225603625	0.011504299388734016	0.00415949545084716	0.004362482035795173	-0.012722567339063313	-0.012267477042209814	-0.02369674500398137	0.007220082471274887	0.010165071854120024	0.006304906915285768	0.018334064403383258	-0.0036715054410161735	0.000889794031836287	-0.012335708139933175	-0.005566551203325909	-0.0022072026320092988	0.0020070616833833595	-0.005856292782207012	0.006688516209184864	0.014229958869381599	-0.0012570727242120297	-0.008500061528377147	0.0001810609548448555	0.007278472155705459	0.00851176154581946	-0.00860253957470709	-0.0030902826256625666	0.0029513458558080895	-0.004609870790482764	-0.002612441234182687	-0.0017248200874406426	0.0014297593301115436	0.0	0.0	0.0	0.0	0.0	0.0	0.0	0.0	0.0	0.0	0.0	0.0	0.0	0.0	0.0	0.0	0.0	0.0	0.0	0.0	0.0	0.0	0.0	0.0	0.0	0.0	0.0	0.0	0.0	0.0	0.0	0.0	0.0	0.0	0.0	0.0	0.0	0.0	0.0	0.0	0.0	0.0	0.0	0.0	0.0	0.0	0.0	0.0	0.0	0.0	0.0	0.0	0.0	0.0	0.0	0.0	0.0	0.0	0.0	0.0	0.0	0.0	0.0	0.0	0.0	0.0	0.0	0.0	0.0	0.0	0.0	0.0	0.0	0.0	0.0	0.0	0.0	0.0	0.0	0.0	0.0	0.0	0.0	0.0	0.0	0.0	0.0	0.0	0.0	0.0	0.0	0.0	0.0	0.0	0.0	0.0	0.0	0.0	0.0	0.0	0.0	0.0	0.0	0.0	0.0	0.0
S2017t1_E13-T1b-Female	-0.14088903525913626	0.14323125045421978	0.02341188390755808	0.0330596574951093	-0.009035746242534528	-0.11333744967152627	0.045665187224531466	0.010204209515594767	-0.04996924442224469	0.044496062452575376	0.04537351724291376	-0.03548505319028891	0.03748621267882464	0.03191863448167346	0.002465745132032486	0.017907331348254875	0.09812508775509922	-0.07635780484558796	0.05569638212124495	0.011944225514316769	-0.07242641115337688	0.0031972118518530305	0.026219803471642367	0.017651081789164563	0.020893468038965905	-0.016234796394500893	-0.024827879512839983	-0.0732103819630256	-0.03421020741986644	0.019290521125560414	-0.003385505913817018	-0.030569033059302083	0.0810314565243011	0.01937228223644647	-0.025853139147912353	0.04729714716734815	0.012215877629117728	0.04022578753766638	-0.009158776161622941	0.007377293624611949	-0.031595740145919655	-0.002971109557609759	-0.0006425646399524178	-0.020672878714029983	-0.029610160195301747	0.005915598003137827	0.002946122710910947	0.004038087665622342	0.006949686676965469	-0.004737136435137297	-0.02544235491635412	0.02519473143629095	-0.034007047453026525	-0.0021892665762551435	-0.019495422708373466	0.005080609739966739	0.0010216926224900123	0.0029912011631300435	0.004877804416900904	-0.00822046975836326	0.004057346876082409	0.005989408212542224	-0.01903427432947347	-0.01436412172909005	-0.023917577191091475	0.017903049931139465	-0.012542864507343618	-0.009192355496174908	0.029591964391038016	-0.017583189108941463	-0.0009369113498531945	-0.016702149641400706	0.0003028518730878503	0.008720857587257437	-0.010985058888030513	0.0018674754665260612	0.0034929350441686873	-0.005977650892068452	0.004935658019136814	0.0021396151716143955	0.005502219370973011	-0.011109559103626513	-0.014727164179658692	-0.007038842064075691	-0.004647407492787829	-0.011635253998573904	-0.009685940179250122	-0.014662342844537025	-0.003841293327528509	0.0005676260496187495	-0.004618748995554243	-0.008595560441146035	0.00677681394677091	0.00579832168962435	-0.004449726755269537	-0.0002898562570093811	-0.003526448578359014	0.003320557416844039	-0.007277786173650876	0.00396909953592952	0.0001321572255693031	-0.002771232475529006	-0.0010360619822160355	-0.001554016909436116	-0.0007299883308572491	-0.003191970195302477	0.002479079479807208	0.002219763529861492	0.0	0.0	0.0	0.0	0.0	0.0	0.0	0.0	0.0	0.0	0.0	0.0	0.0	0.0	0.0	0.0	0.0	0.0	0.0	0.0	0.0	0.0	0.0	0.0	0.0	0.0	0.0	0.0	0.0	0.0	0.0	0.0	0.0	0.0	0.0	0.0	0.0	0.0	0.0	0.0	0.0	0.0	0.0	0.0	0.0	0.0	0.0	0.0	0.0	0.0	0.0	0.0	0.0	0.0	0.0	0.0	0.0	0.0	0.0	0.0	0.0	0.0	0.0	0.0	0.0	0.0	0.0	0.0	0.0	0.0	0.0	0.0	0.0	0.0	0.0	0.0	0.0	0.0	0.0	0.0	0.0	0.0	0.0	0.0	0.0	0.0	0.0	0.0	0.0	0.0	0.0	0.0	0.0	0.0	0.0	0.0	0.0	0.0	0.0	0.0	0.0	0.0	0.0	0.0	0.0	0.0
S2017t1_E13-T1b-Male	-0.08007551051890274	0.11119033199150569	0.0008722381292539753	0.05987519442193763	0.04684116583439626	-0.1150548659256164	0.058687499189400645	-0.026522765569452267	0.00597697330637206	0.00400860653064651	0.024798030294514873	-0.052448450197658515	-0.03759662889024075	0.03831487915152426	-0.030744829897358127	-0.07532996068206509	0.05006211682332695	-0.04232381214000943	0.005649700219161217	-0.08132792277779026	-0.09690779007381249	-0.008528887434220547	-0.04321903207008277	0.013832046755593155	-0.015756803534438885	-0.02883481974165193	0.0032868085435431523	-0.019391999585078736	-0.008148737316600117	0.03150965450930598	0.04267160311500626	0.02589198864990985	-0.0035168299650032535	-0.034189768064299464	-0.01029390818580541	0.03528371093513237	0.015544502081404857	0.018768737317711885	0.011615036392472288	0.008260455986461277	0.009621426582650876	0.034997672492094685	-0.025332201661193158	-0.03482491755725965	0.026533536634321824	-0.008129840549836127	-0.0077603994005931	0.005589048907860958	-0.03159484636168769	0.025524971426239686	0.007803545083009597	0.028625229450309993	-0.016526101613839023	0.008393705834319084	-0.008033271968198816	0.03585155617174379	-0.005408408924394038	-0.03264866218689033	-0.019468804711219454	0.028499008928888812	-0.009851541523324918	-0.01124251565016149	-0.018160416362062715	-0.028716006867161477	-0.010313338344767437	-0.004807926766584386	-0.04028388746656692	-0.018889882835656676	0.008411767440513659	0.0029872990992475977	0.03392168517664213	0.030808343458357194	0.01991244780851185	0.00665801121388976	0.01982816554893027	0.03971109224167642	-0.010921953390504733	-0.018299797071094703	0.01472691943265982	-0.0006578013692197975	0.0010037393148489156	0.02400764011618287	-0.0026504979872099812	-0.015492383647226748	-0.03713399685392763	0.004442506837663571	-0.00853237869808786	0.010418727575820325	0.006040643367449872	0.000564051897016207	0.0039074435167855736	0.022986304887908777	-0.009849373892570198	-0.00328719694915832	0.014053971683088884	0.001084530451419027	-0.0135915015575952	0.012163074460759309	0.008196958196796979	-0.007565640315345562	0.017935060945873525	0.008052251109093533	-0.002272099182878584	0.00022605885708611902	0.00020315354127871895	0.0015393934732522085	-0.002054965352182124	0.0017743949543442708	0.0	0.0	0.0	0.0	0.0	0.0	0.0	0.0	0.0	0.0	0.0	0.0	0.0	0.0	0.0	0.0	0.0	0.0	0.0	0.0	0.0	0.0	0.0	0.0	0.0	0.0	0.0	0.0	0.0	0.0	0.0	0.0	0.0	0.0	0.0	0.0	0.0	0.0	0.0	0.0	0.0	0.0	0.0	0.0	0.0	0.0	0.0	0.0	0.0	0.0	0.0	0.0	0.0	0.0	0.0	0.0	0.0	0.0	0.0	0.0	0.0	0.0	0.0	0.0	0.0	0.0	0.0	0.0	0.0	0.0	0.0	0.0	0.0	0.0	0.0	0.0	0.0	0.0	0.0	0.0	0.0	0.0	0.0	0.0	0.0	0.0	0.0	0.0	0.0	0.0	0.0	0.0	0.0	0.0	0.0	0.0	0.0	0.0	0.0	0.0	0.0	0.0	0.0	0.0	0.0	0.0
S2017t1_E14-T1a-Female	0.07105797563271103	0.11282158406302799	0.0008577976633537707	0.022074406974577424	0.22362432453927802	-0.0075929439869290615	-0.015245088441616015	0.010113246495904855	0.008267589177119302	0.04400526298999493	0.008143690429842063	-0.030445025065576174	0.005738297325963571	0.014307011326657309	0.0054845959676416	-0.011827619402624346	-0.037307342862874876	-0.0220697984159172	0.045891211367972404	0.006154323500441672	0.03770581359241822	-0.025809954402961528	-0.025987324778185956	-0.023224115787496634	0.0019529284192582375	-0.04338746572337687	0.051190308690571645	0.021843696219490283	-0.03012088667152219	0.0017048959528124373	0.03017703315378422	0.01689060801643171	-0.020949023392870688	0.012795040913858658	0.006660309830075366	-0.024913022191619866	0.023355547824189186	0.027264859387611425	0.04806975074780347	-0.01537455051232213	-0.005479093375089869	-0.008159961801303033	0.01326161334682559	0.01138347683433438	-0.06964757263359207	-0.027813073201993867	-0.018490985884768264	0.05756282539761035	0.009178382618481893	0.01437088276194122	-0.005608320364346752	-0.007797610790843484	0.008202024037027057	0.03781071797024773	-0.003971435675235284	0.011386127359290598	-0.009481761161330862	-0.029629446910108333	-0.015285365024363073	-0.015277306022652773	0.0503082857939328	-0.02348000945744702	-0.004083386660597342	-0.00904560693681182	0.0033388344280476305	0.02067829938618498	0.006103539632716175	0.03707628599377251	-0.014163384083014442	0.009097145671897088	0.018645351596092836	0.008935947213579935	0.005567597776944142	-0.0015453170009062484	0.0036618743482268335	-0.0008100314714656588	0.004102617375792361	-0.0009088334696484681	-0.0015320014816904927	-0.0008810753914860279	0.0053369448828219455	0.006419358063405904	-0.010178780203452567	-0.0036549537990696506	-0.019002131227583936	0.012326032204420901	0.007955116822856012	-0.012864576740273742	0.006523089046224241	-0.0031204658292566813	0.011553836702778104	0.014840459459030635	0.0011305788018642774	-0.001980313338315543	0.001709714611347368	-0.00021158826232454362	-0.003816936317915675	-0.002040293005138743	0.00046958889915376853	0.0012427358577401975	-0.004094861069641221	0.0010132620168606464	0.006417899148956422	-0.0060849141317894494	0.0025813526555409218	-0.004081167205733176	0.0007545256085939139	0.003210952046364125	0.0	0.0	0.0	0.0	0.0	0.0	0.0	0.0	0.0	0.0	0.0	0.0	0.0	0.0	0.0	0.0	0.0	0.0	0.0	0.0	0.0	0.0	0.0	0.0	0.0	0.0	0.0	0.0	0.0	0.0	0.0	0.0	0.0	0.0	0.0	0.0	0.0	0.0	0.0	0.0	0.0	0.0	0.0	0.0	0.0	0.0	0.0	0.0	0.0	0.0	0.0	0.0	0.0	0.0	0.0	0.0	0.0	0.0	0.0	0.0	0.0	0.0	0.0	0.0	0.0	0.0	0.0	0.0	0.0	0.0	0.0	0.0	0.0	0.0	0.0	0.0	0.0	0.0	0.0	0.0	0.0	0.0	0.0	0.0	0.0	0.0	0.0	0.0	0.0	0.0	0.0	0.0	0.0	0.0	0.0	0.0	0.0	0.0	0.0	0.0	0.0	0.0	0.0	0.0	0.0	0.0
S2017t1_E14-T1a-Male	0.08335549630209871	0.008483863883254394	-0.01648254921859382	0.009535464841849018	0.15755892761294782	0.09346835423596357	-0.013095206563706847	-0.005511212772713032	0.070561033587982	0.01713749132754371	-0.1029661031660617	-0.08460241995637081	0.04654119391312896	-0.03415620660273095	0.034268118929913015	0.06092664236484009	0.02828677441907637	0.00470812030752697	0.004304038273001384	0.09384592260966021	0.0950918676610109	-0.036806958443194544	-0.0688135104196762	0.07310720037319829	0.024291187215415514	0.03724046225598259	0.001154098055796212	-0.009358487544601665	-0.009455267211596806	0.007011628861153694	-0.035563946145525396	-0.03977618995803321	-0.022485869258288934	0.0020025136093650415	-0.017339889912351567	-0.011685019322744423	0.008642384110524357	0.02346164218680758	0.06762043059119488	-0.022527733693952265	-0.004001352468333442	-0.012980630083747897	-0.04071541978383124	0.04237026120209084	0.007019316915878486	0.0551479116255746	0.043918256092010055	-0.018360985749881403	-0.0099051813865884	-0.00656073795386616	0.000866930855575632	0.05375646671442631	0.02421508502384092	0.0403461947739116	-0.03462703045497573	-0.013862941832333818	-0.02047681847264109	0.0142011125435211	0.03384817141045666	0.03683097766149633	-0.026025951306152425	0.01656546795478783	0.0030671812358812472	0.04025005828170989	-0.011252106817133005	-0.028581267955573836	-0.010382735790929557	-0.0007942277854940773	-0.010131753819687376	-0.020647678251991035	0.02871094471149136	0.010157504985189917	0.03319307865683306	0.0193053419856211	-0.02263796303244793	0.005893142470793425	-0.0073230258760771695	-0.009504282954240838	-0.017161994789518888	0.01130649160553925	-0.002446233626418146	0.032940091989719644	-0.02565395904690162	-0.00530724658505614	-0.0029588840814131693	0.0041096644472694245	0.001339541706243283	-0.012264720722000563	-0.00035439717194075433	0.012836147081984271	6.21030652270146e-05	-0.0149892435731541	0.013190113406764372	0.012388172795098731	0.002654172796754059	-0.003029373251698088	-0.0011250971042975153	0.004318551569564864	-0.00037356983437459467	0.006304738176263974	0.0024476188012686195	0.0028718381214515526	0.005173941658725	-0.002144333596592137	0.000651877028132215	0.005468537174881385	0.0043764016111918925	-0.0010052240124064327	0.0	0.0	0.0	0.0	0.0	0.0	0.0	0.0	0.0	0.0	0.0	0.0	0.0	0.0	0.0	0.0	0.0	0.0	0.0	0.0	0.0	0.0	0.0	0.0	0.0	0.0	0.0	0.0	0.0	0.0	0.0	0.0	0.0	0.0	0.0	0.0	0.0	0.0	0.0	0.0	0.0	0.0	0.0	0.0	0.0	0.0	0.0	0.0	0.0	0.0	0.0	0.0	0.0	0.0	0.0	0.0	0.0	0.0	0.0	0.0	0.0	0.0	0.0	0.0	0.0	0.0	0.0	0.0	0.0	0.0	0.0	0.0	0.0	0.0	0.0	0.0	0.0	0.0	0.0	0.0	0.0	0.0	0.0	0.0	0.0	0.0	0.0	0.0	0.0	0.0	0.0	0.0	0.0	0.0	0.0	0.0	0.0	0.0	0.0	0.0	0.0	0.0	0.0	0.0	0.0	0.0
S2017t1_E14-T1b-Female	0.05691785446921276	0.11381911686576818	0.015710940678127075	0.06609497293935228	0.16356368019196868	-0.001679098488240742	0.049843151537936226	-0.020578376898255656	0.0652219046001373	0.03508240827613406	-0.010313353020915161	0.06001672630094416	-0.03221803701615983	0.022867399841153702	-0.002190578001665887	0.02838669480347259	-0.021164745031033577	-0.044697749772322444	0.0027988140254067385	-0.05627699370201878	0.014413105675258244	0.014040189892104434	-0.005566398929967149	0.0403870454617795	-0.009512489509526002	-0.07634143502175014	-0.05054961651266888	-0.01654448244300065	0.02697770365143889	0.008620572279028238	0.023044813386534396	0.040005039518183856	0.03257085627990448	-0.03235472860307728	0.017240447830064898	-0.02116604197864663	-0.01156383121900396	0.0329459054456537	0.034901374739484944	-0.07072743780167064	0.02298050229557434	-0.010390329568558126	-0.004129039963180084	0.010073466436232043	-0.010956526244809434	-0.026606564846301105	-0.017662186412149776	0.03904059906531804	0.03009578362673795	-0.012465965914148884	0.004929252580462646	0.015353059324777065	-0.031118281822665725	0.031719854093309185	-0.04013663905753409	0.0014083532462970205	0.03055350084239307	0.03302022112684786	-0.009245654896715827	-0.02283786306888338	0.044253569319736646	0.019432161484400516	-0.005179871598046281	0.014584740532807745	0.019681035436189823	0.0368921018562627	-0.0076705085278305106	-0.03463520301641947	0.020671661034905385	-0.009457683103682928	0.014320359964317544	0.02230723023349156	-0.01816667244694186	0.015362519286025915	0.013599000260273802	0.012555613423032458	0.013969223802552068	0.003394202501437352	-0.014703654502690322	0.028979154472866784	-0.01705125141238102	-0.012668562793705006	-0.008534775511355194	0.020384772055724948	0.0022150334502211164	-0.01079794554706572	0.0057936861591072995	-0.013791459117902097	-0.0030059209231943704	0.005039204964051732	-0.007890768729824438	-0.0003803508259133933	0.001695406813359446	-0.0001565227714148763	0.009020917436054923	0.003939137845022845	0.01183704895270133	-0.009469179611308741	0.0002527237310982104	0.0016454098646197161	-0.010198018858695784	-0.0020442696230565326	-0.0032527856961341904	0.008926023066409485	-0.004955527270360608	0.0017281309105359572	-0.0005089245702348589	-0.0038068780628824506	0.0	0.0	0.0	0.0	0.0	0.0	0.0	0.0	0.0	0.0	0.0	0.0	0.0	0.0	0.0	0.0	0.0	0.0	0.0	0.0	0.0	0.0	0.0	0.0	0.0	0.0	0.0	0.0	0.0	0.0	0.0	0.0	0.0	0.0	0.0	0.0	0.0	0.0	0.0	0.0	0.0	0.0	0.0	0.0	0.0	0.0	0.0	0.0	0.0	0.0	0.0	0.0	0.0	0.0	0.0	0.0	0.0	0.0	0.0	0.0	0.0	0.0	0.0	0.0	0.0	0.0	0.0	0.0	0.0	0.0	0.0	0.0	0.0	0.0	0.0	0.0	0.0	0.0	0.0	0.0	0.0	0.0	0.0	0.0	0.0	0.0	0.0	0.0	0.0	0.0	0.0	0.0	0.0	0.0	0.0	0.0	0.0	0.0	0.0	0.0	0.0	0.0	0.0	0.0	0.0	0.0
S2017t1_E14-T1b-Male	0.05369016438372832	0.06975122824095636	0.021968983777448044	0.026371871699355634	0.14951289081431746	0.07850983536135338	0.009052599063593927	0.02201594415136917	0.05142561442902438	-0.007147949681749239	-0.019986334307320414	-0.03174316865529346	0.058179639702181755	0.00961957715344131	0.0862007169978193	0.05043718978956056	0.04523543150096278	0.04298403010681585	-0.02048561696023432	0.00011984690838333115	-0.0038560928564755387	-0.08497789049679354	0.04050280160905016	-0.045595454963161065	-0.008078862702075053	0.005319064649666502	-0.05032114161618534	0.037108151911803895	-0.02104080062489837	0.017701200786483823	-0.06991017716475571	-0.020330675158403436	-0.02888316193874494	0.0007542282208111588	-0.03849444602653277	-0.014270986779255047	0.04507810653033437	-0.0043582968692417855	0.01354657999906728	-0.014823679176052078	0.033038917744735975	-0.008019469289469226	-0.020347451109941395	0.07638910779743814	-0.03552150212269735	0.001200074891695751	0.011192275685451017	0.0001415588067427626	-0.005500176968553968	0.04306796204267776	0.052966616045022875	-0.041562676367069964	0.0423067258052174	-0.0026782243896696085	-0.0348835546681242	-0.004290438482908807	-0.011444887119141694	0.038647220909865464	-0.011354122095829445	0.00027802136629270975	-0.021458815184040476	-0.0039628991416203185	0.014569524428411617	0.03579575596817349	0.02944522359411853	0.023125742339025323	-0.031260412703300135	-0.035097637854916354	0.02767205345340723	0.001876983557639459	0.012340646773038267	0.021777841072087994	-0.014907909488975475	0.001113664957694615	-0.01075876765854778	0.00021393740189119018	0.0049706191920701175	0.009784280860978547	0.01533642692583717	0.00658062213125536	0.0054253128643141435	-0.023133463163918518	-0.004479014307307095	-0.020322240632913567	-0.01437714973343146	0.0002769840583196482	-0.013864629729037445	-0.004555681143727177	-0.0019564570868105292	0.0009971604534640397	-0.002291779216369648	0.013640707062650264	-0.0029888054504471737	0.011402884543039275	-0.013545564901870739	0.0033244493739114805	-0.018233206975305	0.016015501607114454	-0.0037605025769895484	-0.00817857788522231	-0.009855865527730193	0.0007614998112732448	-0.0007327969046093679	0.0004358374890751305	0.001534133741859645	-0.0017529395985424003	0.0001748406623307942	0.000835160357151148	0.0	0.0	0.0	0.0	0.0	0.0	0.0	0.0	0.0	0.0	0.0	0.0	0.0	0.0	0.0	0.0	0.0	0.0	0.0	0.0	0.0	0.0	0.0	0.0	0.0	0.0	0.0	0.0	0.0	0.0	0.0	0.0	0.0	0.0	0.0	0.0	0.0	0.0	0.0	0.0	0.0	0.0	0.0	0.0	0.0	0.0	0.0	0.0	0.0	0.0	0.0	0.0	0.0	0.0	0.0	0.0	0.0	0.0	0.0	0.0	0.0	0.0	0.0	0.0	0.0	0.0	0.0	0.0	0.0	0.0	0.0	0.0	0.0	0.0	0.0	0.0	0.0	0.0	0.0	0.0	0.0	0.0	0.0	0.0	0.0	0.0	0.0	0.0	0.0	0.0	0.0	0.0	0.0	0.0	0.0	0.0	0.0	0.0	0.0	0.0	0.0	0.0	0.0	0.0	0.0	0.0
S2017t1_E16-T1a-Female	-0.11325594453436097	0.1360080082230629	0.05498139053820374	0.0360250346540722	0.0960669741994774	-0.04253990441406713	0.03583416230715314	0.047926242582759834	-0.015975511937581247	0.03314402710919613	0.08973685313789183	0.00519525431400336	0.03866532983661625	-0.0334998953523242	-0.027984699281174773	-0.0847389598521622	0.017192784758354274	0.07616366823339742	0.058731153157443775	-0.004838825591883419	-0.012198218895132517	-0.024230836292183186	0.02550149087091607	0.032934005967189955	-0.03536657279576062	-0.008029682099718754	-0.007941759780931248	0.0067166521357698485	0.014672886112973856	0.019014875508789466	-0.015482780740567097	-0.05012903694288404	-0.05249421045052677	-0.0060045420247109285	-0.02288336494946584	-0.010152546908484073	0.040808282297168756	-0.001745590365340065	-0.033063983615539576	-0.0031695999982751556	-0.014584276566264692	0.029592883161673342	0.05998937152828509	-0.004334720177293366	0.005378891291195286	-0.006749913544626048	0.030855810243719535	0.004859076742948815	-0.013436687740712787	0.006282276855049669	0.015838639594435676	-0.012821786926183642	0.008999947905385016	-0.009322795808626742	0.0235872580342888	-0.002870926041163352	0.0009583908350172105	0.00423413796891802	-0.015563445091283146	-0.009238780849239594	-0.010559365379772175	-0.004910200206908165	0.014651646111624088	-0.002702920444949457	0.017634727256910867	-0.0008157025159608117	-0.0036871796830129948	0.0046331295000168905	0.01883404565869704	-0.004350071789367082	-0.010635720956875438	-0.006761142362731924	-0.01585596808874917	0.0052024622323023325	-0.0023858788944006153	0.0037540426246589604	0.006089843759171208	-0.00044886514783701363	-0.00443916714087625	0.00929072039559903	-0.016559679153711628	-0.01275841345347604	0.008174389161600156	-0.00036345397524493604	0.011403587778856089	-0.011844915903912939	0.00238795753473065	-0.010730536305724332	0.005581135484585942	0.0034480144892183547	-0.013804621259734947	-0.007497070767841681	0.00433330511487038	-0.0004505462557496618	0.007507395132243375	0.007617528573388634	0.0058474090821367605	-0.002773032443941304	0.006806220937438708	0.012709323958829922	0.0033639713701177428	-0.0007436375332563762	0.006225517992175318	0.0016976685994656837	-0.0031254033729132035	0.003318033873157122	0.0024379620924467253	0.0007439189234632714	0.0	0.0	0.0	0.0	0.0	0.0	0.0	0.0	0.0	0.0	0.0	0.0	0.0	0.0	0.0	0.0	0.0	0.0	0.0	0.0	0.0	0.0	0.0	0.0	0.0	0.0	0.0	0.0	0.0	0.0	0.0	0.0	0.0	0.0	0.0	0.0	0.0	0.0	0.0	0.0	0.0	0.0	0.0	0.0	0.0	0.0	0.0	0.0	0.0	0.0	0.0	0.0	0.0	0.0	0.0	0.0	0.0	0.0	0.0	0.0	0.0	0.0	0.0	0.0	0.0	0.0	0.0	0.0	0.0	0.0	0.0	0.0	0.0	0.0	0.0	0.0	0.0	0.0	0.0	0.0	0.0	0.0	0.0	0.0	0.0	0.0	0.0	0.0	0.0	0.0	0.0	0.0	0.0	0.0	0.0	0.0	0.0	0.0	0.0	0.0	0.0	0.0	0.0	0.0	0.0	0.0
S2017t1_E16-T1a-Male	-0.09194778479591594	0.1492001259894763	0.06455756512152294	0.0301556264917648	0.10400388695808586	-0.0621079595975254	0.04384936204651696	0.030535116977281115	-0.009864928127502072	0.02079520016274578	0.0786658477515991	-0.026075914024498072	0.04065861390354914	-0.048458858657876726	-0.040326974639760434	-0.08271004787865781	0.04083392405589556	0.06839283534333467	0.01694066941447544	0.0003725641108999319	-0.0013227133225494757	-0.01574646117764108	0.017418822933145034	0.032093095679371395	-0.02581115932057363	-0.028120912960021026	0.03591243405034887	-0.018567215318995304	0.02945072046953272	-0.006675074093359443	0.016925948096394947	-0.020538160820942515	-0.03222425168577174	0.00040952961294585597	-0.020289973054042763	0.032861602135057115	0.02934847683100183	0.02137273122710262	-0.001470803964678116	0.010598426507913112	-0.023927419848898786	0.032321128089510424	0.028048251826365438	-0.019793144299235076	-0.0013412062754259223	-0.003970467359487735	-0.009187089168399264	0.017151789811526152	-0.012883591693759527	0.0065398704508825125	-0.006132789772182732	-0.002219099680902638	0.0015817376370066256	0.007733580496931478	0.021766581063079844	-0.002742237167337511	0.014300476585760467	0.002355980486131219	0.002733176477285514	0.0057496455978404935	0.011266083094211173	-0.021462051720673888	0.0010462520000806893	0.01316650942569184	0.0037041690225101975	0.004557359536455707	-0.02319992846600247	-0.000563932959454608	-0.012688813984077462	-0.009377329533226057	0.010467704445163909	0.00171994135935481	0.00438083448056122	0.0013669895296607774	0.00237746980819679	-0.003935865822517876	0.002462394905950098	0.019044656781765295	-0.002792853334571019	-0.006857240449765496	0.0008437975395320861	-0.009489518965921089	-0.0010754139955194207	0.0006207783765512766	-0.009765412287166928	0.003852843501768281	0.001452521661435682	-0.003907974780683862	-0.010046958075336213	-0.00392150988294657	0.010226193168407794	0.004176772131590407	-0.005818677798531668	0.00840307090038312	-0.010103871492823779	-0.00036837412966224365	-0.007643503142655702	0.00020393412412124702	-0.005397360984323916	-0.004727911223359109	-0.007342746530327757	-0.0008608734615527552	0.002570384948478641	-0.0009794692394412905	0.001624659215265342	-2.145325035307363e-05	-0.0010046246730195856	-0.002118305900812643	0.0	0.0	0.0	0.0	0.0	0.0	0.0	0.0	0.0	0.0	0.0	0.0	0.0	0.0	0.0	0.0	0.0	0.0	0.0	0.0	0.0	0.0	0.0	0.0	0.0	0.0	0.0	0.0	0.0	0.0	0.0	0.0	0.0	0.0	0.0	0.0	0.0	0.0	0.0	0.0	0.0	0.0	0.0	0.0	0.0	0.0	0.0	0.0	0.0	0.0	0.0	0.0	0.0	0.0	0.0	0.0	0.0	0.0	0.0	0.0	0.0	0.0	0.0	0.0	0.0	0.0	0.0	0.0	0.0	0.0	0.0	0.0	0.0	0.0	0.0	0.0	0.0	0.0	0.0	0.0	0.0	0.0	0.0	0.0	0.0	0.0	0.0	0.0	0.0	0.0	0.0	0.0	0.0	0.0	0.0	0.0	0.0	0.0	0.0	0.0	0.0	0.0	0.0	0.0	0.0	0.0
S2017t1_E16-T1b-Female	0.03250650579269371	0.12569663443389575	0.054264139436571476	-0.07001313103805387	0.15187825591505477	0.008594729869272134	0.07513958149395128	0.03219242539034944	-0.06991510414860716	-0.00769353544854268	0.053303067191144554	0.018453506609110878	0.012023077442712258	0.054903706282351444	-0.06357283366063855	0.0025651788284119167	0.015545537923712778	0.012649040973891856	0.011181778975481825	-0.00504327458074936	0.03246727883730384	-0.0065679472801243345	0.005676915546752032	0.010970556521122046	-0.045447113787920206	-0.034196633667386706	-0.011751553732025887	0.013888266001774742	-0.035812050117090745	-0.014108346183750068	-0.004573250265068436	0.022731362219482007	-0.06105009011565448	0.019041878991844455	-0.029662122989017277	0.033700324570358056	-0.006984920954567404	-0.00089061637348994	-0.022599276586739523	0.025011985103089832	-0.042249083246693075	0.014954934148298534	-0.012893793237922606	0.01810766140759365	-0.001221071221742126	-0.013229016994019085	-0.0003687917366752139	0.010473339606611664	-0.015512300642672845	-0.025509863045427707	0.002863954958406799	0.014657864744576013	0.015147453239034882	-0.005434706313282834	0.030707624430758522	-0.01728835681912437	0.01565820269929751	0.01131881130527952	-0.0035433620572194427	-0.028293293638581962	0.022146284018835463	0.0265845208100835	-0.004887421746132457	0.009769327315442	0.007134899489083739	0.015349544293197558	0.024401086891991507	0.0030004445362078113	0.011916064377205155	-0.00703598373388842	-0.0033096803355767393	-0.02084181437805071	-0.0033077833911426924	-0.006963598068054186	0.018593340945943698	-0.0011995816443286479	-0.025352177657687394	-0.0054139113489175125	-0.000946266695426409	-0.018029458812137456	-0.007472291346922626	0.0051438200437227116	-0.012022980533773476	0.009407336982431428	0.006992186519255756	-0.0008268300479737723	0.0220228191697659	-0.001331021839970836	-0.0002971524566076108	-0.01059644809803251	0.002175678595070361	0.007284277298516561	0.004388687675405297	-0.007262287922246729	-0.0011836383677309127	0.005666666913302825	-0.010973760774975682	-0.0018354049041395945	0.002838509756308368	-0.0038891488714147774	-0.004085138011983944	-0.004615695251864743	0.00825567294833123	0.004179920391904724	0.0016214374189867475	-0.0005897315587028176	-0.001242917085328316	0.0005461867670090333	0.0	0.0	0.0	0.0	0.0	0.0	0.0	0.0	0.0	0.0	0.0	0.0	0.0	0.0	0.0	0.0	0.0	0.0	0.0	0.0	0.0	0.0	0.0	0.0	0.0	0.0	0.0	0.0	0.0	0.0	0.0	0.0	0.0	0.0	0.0	0.0	0.0	0.0	0.0	0.0	0.0	0.0	0.0	0.0	0.0	0.0	0.0	0.0	0.0	0.0	0.0	0.0	0.0	0.0	0.0	0.0	0.0	0.0	0.0	0.0	0.0	0.0	0.0	0.0	0.0	0.0	0.0	0.0	0.0	0.0	0.0	0.0	0.0	0.0	0.0	0.0	0.0	0.0	0.0	0.0	0.0	0.0	0.0	0.0	0.0	0.0	0.0	0.0	0.0	0.0	0.0	0.0	0.0	0.0	0.0	0.0	0.0	0.0	0.0	0.0	0.0	0.0	0.0	0.0	0.0	0.0
S2017t1_E16-T1b-Male	-0.25030873667946024	0.08608110983088041	-0.044457516861133986	0.07105909778480066	-0.004805989160110383	-0.08154359271562944	0.0336365876191335	-0.01618893258155336	-0.013070265438727234	0.024344662734672746	0.1329804327476386	0.07135258553696333	0.007941995733850425	0.029947552074688664	-0.029345529691009953	-0.0023827069634240663	-0.01573889677527753	-0.06217173975712281	0.07711601247834533	0.009290312134617182	0.04924662743703327	0.03996776337858948	0.01968397560852759	0.0023519991889112126	-0.0015660062603881795	0.05796358303545677	-0.00020419868073431638	0.018720396628404155	-0.0486385322936435	0.024402918446208257	-0.018483958692842552	0.013474638039301705	0.005864455789788973	0.016217182794747903	-0.044207351500089656	-0.012015057336141638	0.031326350117302	0.023118323119929132	0.024109231047849334	-0.01411791359891284	-0.005148593727569906	0.002482715832250199	0.031119161434544653	0.01972256406532385	-0.026201022567870703	-0.007246740633059486	0.015857717998872888	0.0016493378327585779	0.015980893384693405	-0.007498993557485175	-0.007383483108863106	-0.01688606844786643	-0.030148336545030505	0.003429107183787292	0.026791533648528567	0.01206186040226939	-0.023499169479081126	-0.012188783732290577	-0.022943632179385085	0.019703918724566664	-0.0030791535109628903	0.0036868971831329786	-0.017513931097968723	0.014141250167872092	-0.013999768638371555	-0.023686830038054798	-0.004868527140116766	-0.009029592880193761	-0.020880665468835744	0.007725992525856478	-0.009581369751724708	0.0032194095202450774	-0.009230494824579256	-0.010183799143494635	-0.0031065643708813816	-0.00031953034105658044	0.010987542454893105	-0.013035984776957554	-0.0142143410649176	-0.0023294549057909196	-0.011967961838902051	0.009205263927585606	-0.0073675570032987435	0.006169445876204645	-0.0036012983092537057	-0.008371172209577504	0.0009645434632543252	0.00030751587776447575	-0.01145614777050301	-0.003283259871888418	-0.006110778011852199	0.0017363121881006668	-0.0029045299925569254	-0.00968589025438789	0.004395112367651353	0.010154586821609437	-0.001598353647958626	-0.002020833982813843	0.00459366862160272	0.0008358963886403356	-0.004450104265209708	0.00379686483493457	-0.00542241326063069	-0.00012278722497420828	0.0011431829129793783	-0.00036951516902246275	-0.0019957586859963043	-0.0016327188228699144	0.0	0.0	0.0	0.0	0.0	0.0	0.0	0.0	0.0	0.0	0.0	0.0	0.0	0.0	0.0	0.0	0.0	0.0	0.0	0.0	0.0	0.0	0.0	0.0	0.0	0.0	0.0	0.0	0.0	0.0	0.0	0.0	0.0	0.0	0.0	0.0	0.0	0.0	0.0	0.0	0.0	0.0	0.0	0.0	0.0	0.0	0.0	0.0	0.0	0.0	0.0	0.0	0.0	0.0	0.0	0.0	0.0	0.0	0.0	0.0	0.0	0.0	0.0	0.0	0.0	0.0	0.0	0.0	0.0	0.0	0.0	0.0	0.0	0.0	0.0	0.0	0.0	0.0	0.0	0.0	0.0	0.0	0.0	0.0	0.0	0.0	0.0	0.0	0.0	0.0	0.0	0.0	0.0	0.0	0.0	0.0	0.0	0.0	0.0	0.0	0.0	0.0	0.0	0.0	0.0	0.0
S2017t1_E17-T1a-Female	0.11117559499497519	0.1004983557583372	-0.022572659347459362	-0.004294388264761893	0.15680859037195435	-0.021361653856583847	0.02047713134554881	-0.03349140573454089	-0.012478198888762554	0.06277498638455796	0.0012982239312723132	0.03453094852879095	-0.07974997536011114	-0.034560673864975806	-0.013099530910308285	-0.0876967611354217	0.08232351609454769	-0.025199393665902726	-0.0353345132061008	-0.017183661878604994	-0.021835747034010058	-0.07838180070880424	-0.006420475294596248	-0.06497380294005849	0.016334030153185526	0.047426980563101316	-0.00022131948483016016	0.020540798062453042	-0.0529339337739575	-0.036899341023262484	-0.04054342855511698	0.03366100106923099	-0.034653679597174705	0.02272202319318166	-0.0427058655982197	0.03810065203521825	-0.05599831653321375	-0.031354041577617536	0.017071826574589305	0.022329509296539547	-0.027046281717491596	0.007961046603332678	-0.0389830903590177	0.048064560137617084	-0.031069279300054067	0.022100262768997497	0.025128727603970086	0.018263164484992572	-0.014554850986211135	0.01268902411915688	0.012032591292773938	0.028833907294652624	-0.03661656594364047	0.0032368436711862555	0.008785890863198115	-0.017582597296429473	-0.012139989262206507	-0.006440167065522331	-0.009762178434445882	0.013923973670593004	0.0388528803288634	-0.012793701906787708	0.029395792167763925	0.00011055500263414904	-0.01861081774217354	-0.007418363676777908	0.008970122644625707	-0.03059395388965601	-0.0017011195833385212	-0.004937332738025899	-0.02187264185027592	-0.03841625070123566	0.030974934768672083	-0.015326887148951517	-0.010034364960285102	0.008673718789030078	0.01261665462184525	-0.00225926883700354	-0.015250102989711212	0.01997619446030789	-0.017894044669735345	0.0049171577892331685	0.016677001359609565	0.0055516013173467	0.02232061781027886	0.01433559010090562	0.005077702690290038	0.024017887278469627	-0.00038163524996998304	0.0039004485884811257	0.001141167063950438	-0.009386443931163509	0.019413895769767906	-0.006762501016048711	0.007975682722374608	0.0037266197722196233	-0.00046919177810264643	0.010687583243007318	-0.0018369089616394932	0.0060645683922530705	0.00580182586735712	-0.0008822183726306691	0.005838801285395937	0.005549077768427363	0.00034961765040716984	0.0018788867064235036	-0.0031370161648563467	0.00026970167212946874	0.0	0.0	0.0	0.0	0.0	0.0	0.0	0.0	0.0	0.0	0.0	0.0	0.0	0.0	0.0	0.0	0.0	0.0	0.0	0.0	0.0	0.0	0.0	0.0	0.0	0.0	0.0	0.0	0.0	0.0	0.0	0.0	0.0	0.0	0.0	0.0	0.0	0.0	0.0	0.0	0.0	0.0	0.0	0.0	0.0	0.0	0.0	0.0	0.0	0.0	0.0	0.0	0.0	0.0	0.0	0.0	0.0	0.0	0.0	0.0	0.0	0.0	0.0	0.0	0.0	0.0	0.0	0.0	0.0	0.0	0.0	0.0	0.0	0.0	0.0	0.0	0.0	0.0	0.0	0.0	0.0	0.0	0.0	0.0	0.0	0.0	0.0	0.0	0.0	0.0	0.0	0.0	0.0	0.0	0.0	0.0	0.0	0.0	0.0	0.0	0.0	0.0	0.0	0.0	0.0	0.0
S2017t1_E17-T1a-Male	0.11018555880426549	0.11938026233158198	0.016971327702224443	-0.03251680794625778	0.1711849963827018	-0.02050740309803591	0.0963249358208754	0.0099289410538579	-0.030527508045910007	0.0023457717266488686	-0.0278854038061302	0.06956946680186718	-0.06025752774215057	0.028287440757902148	-0.05060194495701692	-0.03577315503565857	-0.017801480594369062	-0.046191799466332284	-0.009658578238425558	0.027537527514271187	-0.02020465493843653	-0.016653695589011017	0.00820047630227186	0.006500504246537592	0.021342814242902988	0.0049143659451556885	0.017899842713748178	-0.010568302748254576	-0.008639586462228427	-0.0010544090840908943	0.045780132369579514	0.0006585907717153332	-0.02117803124479983	0.011238939259390181	0.03646139156317757	0.0017348611560170691	-0.03378244744592777	-0.005770819889125631	-0.028941652281079172	0.009710059282816172	0.023744849292518144	-0.002418412687771723	0.02091096525739833	-0.012381902966325258	-0.045931591753922356	0.006165861374208701	-0.028215811362424636	0.011013368413965816	-0.005662231111085928	0.015221227654950624	-0.0031749378883361456	0.020984136475794574	-0.015044981737580065	-0.029804728534565533	-0.011131154979443019	-0.003282457955939027	-0.009059060855491597	0.032243979936751384	0.011034093902302727	0.013878260984240779	0.0004286557645190589	0.024593827216128405	0.0037482379808471346	-0.020503286694184556	-0.005842814514475722	0.003958204385076021	-0.021152585751167585	-0.027835985260583982	-0.00017260890708086898	0.0016462168009491965	-0.004918030061575352	-0.027016503759787956	-0.00014403492266412918	0.006626863410694906	0.0012896542806802177	-0.012049967822859765	0.026973187260903548	-0.004903288486813842	0.011875869577283002	0.037656332013656084	0.016624558885808566	0.002274724402589773	0.003695585970581709	-0.005486049365346611	0.004455272188245289	0.001944669833955774	-0.018129232248857215	0.018752245348775676	0.020636716460204766	-0.011123889601438341	0.0009018457259746156	-0.021767562159818756	-0.015297230374326842	0.020159654841422923	0.017200302929356523	0.0055811403291249565	0.005694972038637652	0.005697255222076297	0.0012128981663660123	0.010810998806149665	-0.009833280891700049	0.0026279520271171326	-0.0005483793548710754	-0.002712941954574173	0.0023246621456984072	-0.003073408172305065	0.0006886293704124818	0.0003370165376292279	0.0	0.0	0.0	0.0	0.0	0.0	0.0	0.0	0.0	0.0	0.0	0.0	0.0	0.0	0.0	0.0	0.0	0.0	0.0	0.0	0.0	0.0	0.0	0.0	0.0	0.0	0.0	0.0	0.0	0.0	0.0	0.0	0.0	0.0	0.0	0.0	0.0	0.0	0.0	0.0	0.0	0.0	0.0	0.0	0.0	0.0	0.0	0.0	0.0	0.0	0.0	0.0	0.0	0.0	0.0	0.0	0.0	0.0	0.0	0.0	0.0	0.0	0.0	0.0	0.0	0.0	0.0	0.0	0.0	0.0	0.0	0.0	0.0	0.0	0.0	0.0	0.0	0.0	0.0	0.0	0.0	0.0	0.0	0.0	0.0	0.0	0.0	0.0	0.0	0.0	0.0	0.0	0.0	0.0	0.0	0.0	0.0	0.0	0.0	0.0	0.0	0.0	0.0	0.0	0.0	0.0
S2017t1_E17-T1b-Female	0.08474355146575101	0.10300191107401141	0.006696499585577643	-0.06513555751254622	0.14444803297236294	0.010902573600504928	0.0784558545401505	-0.011279989595777383	-0.030545960925281328	0.03745491984673416	-0.029936079094008326	0.06546043756087563	-0.052515606651069004	0.04770127411938034	-0.05714595625651575	-0.06767242638074149	-0.025657000262347518	-0.04019094302896687	0.018064667854643356	0.027400812921381933	-0.05966904501153175	-0.02030757740340903	-0.005130547337826524	-0.034475381637325254	-0.014388614848445504	0.06916145263039106	-0.00145204585122709	-0.020878733902373575	0.013544979751236846	0.012490800213098032	-0.01879801488923275	-0.04624214981370276	-0.014470312010339555	-0.06696231585922434	0.06451409270024196	0.03586508784912568	-0.0037445334324052284	-0.03958466145290388	-0.023721708394492988	0.008370411588267372	0.004673630936692912	0.03567957177841153	0.02531884444979623	0.03442847766909271	-0.03419515795165884	0.0035061934685592377	0.013696919911652443	-0.03565936908103101	-0.024995863822529527	-0.010700262244988637	0.004920453121464561	0.01874921949813927	-0.012432025950350301	0.010154165219121727	-0.010397639506971666	0.005895153993806876	-0.005350335642851444	0.0011896943314821697	0.018173432583058025	-0.02610421908644322	0.021357237871422855	0.01731707456791337	0.04064242039327682	0.010704207344018984	-0.0109812033215899	0.004521716781508897	-0.0011358663319189172	0.00247098307834099	-0.005213776992793918	-0.0068068453887698615	-0.02965949178531851	0.02095103431437768	-0.011643657116519207	-0.00726916054992936	-0.021796560597824213	0.009288695171080432	-0.017594830628013553	0.018341959596034466	0.015372307313590806	-0.03517394229274333	0.024650077776900137	0.00037008662523155316	0.007299606087775031	6.72614486145183e-06	-0.002032380762244709	-0.02331772896350544	-0.01319560963383028	-0.005709270541855728	-0.0018085370089785055	0.010264529195063975	-0.0005523655372696438	0.00809659070825612	-0.01548971249247496	-0.0034669297057113523	-0.01061137911127063	0.007123057560136373	0.003183024797126974	-0.015333943031871775	-0.014629522890586803	-0.0010650462246306642	0.009944430976018232	0.01462403935346471	0.001497017872343853	-0.005371750380188979	0.0033536820534946915	-0.00010192021115856329	5.211273329892642e-05	-0.0025464160875191344	0.0	0.0	0.0	0.0	0.0	0.0	0.0	0.0	0.0	0.0	0.0	0.0	0.0	0.0	0.0	0.0	0.0	0.0	0.0	0.0	0.0	0.0	0.0	0.0	0.0	0.0	0.0	0.0	0.0	0.0	0.0	0.0	0.0	0.0	0.0	0.0	0.0	0.0	0.0	0.0	0.0	0.0	0.0	0.0	0.0	0.0	0.0	0.0	0.0	0.0	0.0	0.0	0.0	0.0	0.0	0.0	0.0	0.0	0.0	0.0	0.0	0.0	0.0	0.0	0.0	0.0	0.0	0.0	0.0	0.0	0.0	0.0	0.0	0.0	0.0	0.0	0.0	0.0	0.0	0.0	0.0	0.0	0.0	0.0	0.0	0.0	0.0	0.0	0.0	0.0	0.0	0.0	0.0	0.0	0.0	0.0	0.0	0.0	0.0	0.0	0.0	0.0	0.0	0.0	0.0	0.0
S2017t1_E17-T1b-Male	0.2455811721595597	0.004014274243127024	-0.026012888258128888	-0.009153065676490173	0.1379732452865278	-0.0405797168027503	0.07004464532585293	0.07226303579782375	-0.07876154641949185	0.03513727351612017	0.09372744353934856	0.03333295389346838	-0.055823078612868816	-0.024129298696745828	-0.015927039026457385	-0.022102324776493286	0.0021569669534063484	-0.002198003706875017	0.04577981199617658	0.0033937279411767724	0.041319613809297655	-0.06824098216427192	0.029597943665311797	-0.03331989550130537	-0.091080039425683	0.05708515269281292	0.08994285372892771	0.04558034526607091	-0.0036808349975462474	0.03854071338398692	-0.0004982576569019756	0.0034113561944383933	-0.01579523609202445	0.022692122746354272	-0.001980116358299388	0.06171452224303383	-0.0627341417856188	-0.021547021496043508	-0.02243586212742753	-0.0018381612831761655	-0.035097767732038786	-0.03382165551502628	0.0049020996554865375	-0.02078767061129731	-0.01696048535499747	-0.04032035032454261	-0.07078366634192494	-0.03782021492044342	-0.0027075269059329533	0.003615618476268452	0.034977268539141175	0.014260821479046174	0.020148734596089592	-0.04403026486750025	-0.0300243289510411	-0.021582109870213903	0.030810460839829464	0.004258913697295932	0.02905440358797146	-0.013232031517401172	0.011037194128435228	0.012788385401595765	-0.0181114827258539	0.03115703445963687	-0.018191349287524593	0.0007474036514992752	0.008871346190142028	-0.021753491081353892	0.0008002755614164068	-0.01484722457288768	-0.03572658965832141	0.03008839360847612	-0.03432869016526516	0.02345186217848904	0.003959054631489503	0.01725389723419185	-0.01118285759870652	-0.006249444252766136	-0.01597805864265504	0.004610013018818621	-0.006656475715129258	0.01439330002134152	0.010045100687238476	0.0008195948088426196	-0.002565853450094962	0.00552252588113387	0.019843723032594775	-0.010798713827516324	-0.005592356461709914	-0.001617919030056136	0.005681480728104326	-0.007339910121705734	-0.005442573031138648	-0.001994757326269003	-0.0015625463971632872	-0.005970585276924032	0.0005399200981147503	0.007433494978936341	-0.0033952553541186114	-0.011341708488182325	0.002025636065008384	0.00047291950639758584	-0.0024855225885928277	0.003953079282064356	-0.0017944823064750713	0.006014125776976862	-0.0002606395433879953	0.0006153186859821819	0.0	0.0	0.0	0.0	0.0	0.0	0.0	0.0	0.0	0.0	0.0	0.0	0.0	0.0	0.0	0.0	0.0	0.0	0.0	0.0	0.0	0.0	0.0	0.0	0.0	0.0	0.0	0.0	0.0	0.0	0.0	0.0	0.0	0.0	0.0	0.0	0.0	0.0	0.0	0.0	0.0	0.0	0.0	0.0	0.0	0.0	0.0	0.0	0.0	0.0	0.0	0.0	0.0	0.0	0.0	0.0	0.0	0.0	0.0	0.0	0.0	0.0	0.0	0.0	0.0	0.0	0.0	0.0	0.0	0.0	0.0	0.0	0.0	0.0	0.0	0.0	0.0	0.0	0.0	0.0	0.0	0.0	0.0	0.0	0.0	0.0	0.0	0.0	0.0	0.0	0.0	0.0	0.0	0.0	0.0	0.0	0.0	0.0	0.0	0.0	0.0	0.0	0.0	0.0	0.0	0.0
S2017t1_E19-T1a-Female	-0.1146317954478668	0.048149034523952756	-0.0006383754625648832	0.06453400253637384	0.13708870062015652	-0.0570697967757954	0.0058857723938470575	0.06560318872338516	0.02184435510676806	-0.10108870140965776	-0.08647355813558258	-0.07926648941587836	0.06955004074790333	-0.09341642419908538	0.0767114917382745	0.015664530819019747	-0.022389901436472737	0.00043002442521117973	-0.04533598283635253	0.07591665057330803	-0.0063679267191250315	-0.011179056120990792	0.015114050267498114	-0.056346556064350684	0.017048347447597575	0.027953288995997437	0.038567403585682725	-0.012370511613732448	-0.0410299401581972	-0.05377122955924185	-0.007982911971360255	0.008475295880446411	0.0424335977913882	-0.02031597108452198	-0.04020288033925449	0.025132292151150516	-0.008324169400977782	-0.05835268906715045	-0.010294424691259423	0.009735633583962993	0.006571765974050907	0.0034401405643722767	0.03816898829978788	0.027943239043656237	0.02208024437884965	0.01300524143375518	0.0006158974266403642	0.015320753731988615	0.014770392394390803	-0.01262115672705856	-0.023815130533996677	-0.0014849241022646623	-0.012782984839615206	-0.009168842913213694	-0.002840658327291674	-0.006875469357481776	-0.009234653816790785	-0.007825839193172274	-0.019779164922885405	-0.007381887892070421	-0.0075959654143761225	-0.0021009778503150636	0.011400700678911224	-0.01379311549581711	-0.03016901409820407	0.010424031583105946	-0.02083107196603668	0.020003101273262238	-0.0040342633240898875	0.003338627006825883	-0.018106146645141544	0.01773850517465614	0.020075961880016282	-0.004667039699991225	-0.011818211543537871	-0.005364162679493292	-0.01867844654829642	-0.01641789336179266	-0.004168999915791438	-0.02199498739287709	-0.034329607791643284	-0.002532089447916266	-0.009926916608602407	0.024656856948191648	0.006601052737010022	-0.005231214339593696	-0.013353349959691955	-0.004723313476399183	0.00831489007983425	0.004923982243779291	0.0012501157551837278	0.004823866068227822	0.003535042578926444	-0.0005602209084187307	0.003694692860282619	0.00442836136450947	0.005330407658484456	0.007500650202798572	0.010115962516025243	-0.0020516406660138764	-0.0006886162133307249	-0.004248884911421942	0.0006802412836447236	0.001308064706858279	-0.002466084958029707	-0.000582303076825258	0.001395968136739808	-0.002941326690502108	0.0	0.0	0.0	0.0	0.0	0.0	0.0	0.0	0.0	0.0	0.0	0.0	0.0	0.0	0.0	0.0	0.0	0.0	0.0	0.0	0.0	0.0	0.0	0.0	0.0	0.0	0.0	0.0	0.0	0.0	0.0	0.0	0.0	0.0	0.0	0.0	0.0	0.0	0.0	0.0	0.0	0.0	0.0	0.0	0.0	0.0	0.0	0.0	0.0	0.0	0.0	0.0	0.0	0.0	0.0	0.0	0.0	0.0	0.0	0.0	0.0	0.0	0.0	0.0	0.0	0.0	0.0	0.0	0.0	0.0	0.0	0.0	0.0	0.0	0.0	0.0	0.0	0.0	0.0	0.0	0.0	0.0	0.0	0.0	0.0	0.0	0.0	0.0	0.0	0.0	0.0	0.0	0.0	0.0	0.0	0.0	0.0	0.0	0.0	0.0	0.0	0.0	0.0	0.0	0.0	0.0
S2017t1_E19-T1a-Male	-0.1615343150860225	0.0580530323927004	-0.016312633936261027	-0.08541644425902584	0.05232461909734535	-0.04740536549666907	0.10588243576401875	0.09574379367540725	-0.04679547959263475	-0.06531695954105404	0.027251410427912306	-0.0015948149987022023	0.03592464963670406	0.03613151577667526	-0.01914282970272014	-0.049686467191017145	0.04543722333005852	0.0409756630517584	0.00826928762044751	0.042923111952748345	-0.015091478310797457	-0.013561097169052697	-0.013778467561252722	-0.008223756830501435	-0.03827404254741166	-0.000899532824616946	-0.0567298010695071	-0.0043696773164236926	-0.019255998380786357	0.03222723796648996	-0.024749224954038033	-0.008600183405705624	0.04083694997922817	-0.025834734429646296	-0.00938288513513452	-0.023006012236953283	0.04644830432977972	-0.014210420140117029	-0.0312940771278552	0.019776850458490366	0.0010472480322969153	-0.01247044317766211	-0.002813271611278072	-0.011168858381841722	-0.039831244299879456	0.010147311355203957	0.010145284489152665	0.015132359826691746	0.01852135277884551	0.006564116556020605	0.04919347254834254	-0.024222257619924775	-0.0337536846989149	-0.003579030474763345	-0.00014329077011419474	0.015982235099383776	0.0052213160765282145	0.024212727851309634	-0.023994808163171392	-0.01689710389147319	-0.014423907390540808	0.0062488234527279625	-0.005228273747227266	-0.017483243367212343	0.008411047633979719	-0.01929194525248142	0.006984215718930013	-0.0007984316546813723	0.0033847418262265847	-0.0008732719480468121	-0.009802184963994218	0.006572162169474519	-0.005716182360233362	-0.013816529990733153	-0.0023179219656903243	0.005866897355610599	-0.022026885519880253	-0.00807717124482672	-0.0073983711607066936	0.007432139332643046	0.0034585814308032235	0.011374732287416292	0.0005505214055133272	0.0031028618925328113	0.003014266892289281	0.0005120751153944865	-0.0019737266966217857	-0.01154315134181154	-0.009622524073641303	-0.0037420611697854675	-0.008648880227607545	-0.002654107913680309	0.008201553384649837	0.0037277469202947706	0.005997523882020964	-0.0027771006525349117	0.004435156890039552	-0.005450354217878958	-0.013504096197483072	-0.0023910338824206607	-0.0056730826350063004	0.0011916977612588667	-0.004835453387112154	0.0022731770362137845	0.0035582145692149804	-0.004257803406751711	-0.002308656218054811	0.0008901528659066521	0.0	0.0	0.0	0.0	0.0	0.0	0.0	0.0	0.0	0.0	0.0	0.0	0.0	0.0	0.0	0.0	0.0	0.0	0.0	0.0	0.0	0.0	0.0	0.0	0.0	0.0	0.0	0.0	0.0	0.0	0.0	0.0	0.0	0.0	0.0	0.0	0.0	0.0	0.0	0.0	0.0	0.0	0.0	0.0	0.0	0.0	0.0	0.0	0.0	0.0	0.0	0.0	0.0	0.0	0.0	0.0	0.0	0.0	0.0	0.0	0.0	0.0	0.0	0.0	0.0	0.0	0.0	0.0	0.0	0.0	0.0	0.0	0.0	0.0	0.0	0.0	0.0	0.0	0.0	0.0	0.0	0.0	0.0	0.0	0.0	0.0	0.0	0.0	0.0	0.0	0.0	0.0	0.0	0.0	0.0	0.0	0.0	0.0	0.0	0.0	0.0	0.0	0.0	0.0	0.0	0.0
S2017t1_E19-T1b-Female	-0.13024246283440746	0.08531461778443238	0.050029627599439234	0.05652162564478993	0.036659600667033596	-0.029692040445159273	-0.027570669415153744	0.16625636484727133	0.17116879285991943	-0.10567441889733642	0.07821569008422678	0.04089707289619488	0.03246879040662233	-0.0030017393722576095	-0.02546660207107096	0.008740388071926574	0.00953093822335453	0.07845140196910888	-0.05481198597157454	0.1024414406811986	-0.045828446650072366	-0.03746105914464116	0.026388424903984988	0.017729668100879593	-0.02300233042699386	-0.002401312359830713	-0.01857689267994542	0.01672637043431149	0.0651476707002212	-0.020277986070413603	-0.007041752418841496	-0.03301679546683885	0.03012822348957508	-0.06933798927874107	-0.015235435952266993	0.0035273923995075463	0.025954280599753736	-0.03425686160214511	0.020665740325190137	-0.005441918982687996	0.020525064671399283	0.012472354053125714	0.03205029892969112	-0.03022935332940868	-0.041056424832633026	-0.00924047703283971	0.004000973219850282	0.024787614316468785	-0.01812244797212312	0.019731168024506415	-0.006375152777570959	0.014788848526522326	-0.01145128170731087	0.01318248723273309	0.02997891105654443	0.012077092448225005	0.00046622725461410345	-0.006765431950248682	0.0045103426021512	0.0158107011917689	0.003767709578559555	0.005139429816694683	-0.0007442748932058473	0.011697591959939978	-0.008024287976153463	-0.00862685796038192	0.0036747267215559896	-0.019965609566016125	-0.008853789448628201	0.007539859591053726	0.018737107445859786	0.0038536322808321688	0.011304087241559494	-0.007406573805305881	0.01725938734985875	-0.003881219824023558	-0.0037917668771982292	0.0021428824232026813	-0.006185721656270201	-0.01608212864281238	-0.002249955401679942	-0.0015070911334628377	0.015501645766850612	0.010096938888838678	-0.0024571953064492055	0.006996122098213006	0.007837924092917295	-0.004493495093826868	0.0017758940611183741	-0.003609633395073785	0.0005419773557040915	-0.013017313489642746	-0.006917792524718527	-0.0009857535867327928	0.0004688957413891421	-0.004053270168027341	-0.0010611306060681574	0.00398640025160751	0.009023088377272039	0.004860832452350186	0.0013697884000680768	-0.007279621804845094	0.001275653425403826	-0.003569987562130873	0.0019426471575173744	-0.00043899923288044147	-0.0036191944225436525	-0.002606407587883961	0.0	0.0	0.0	0.0	0.0	0.0	0.0	0.0	0.0	0.0	0.0	0.0	0.0	0.0	0.0	0.0	0.0	0.0	0.0	0.0	0.0	0.0	0.0	0.0	0.0	0.0	0.0	0.0	0.0	0.0	0.0	0.0	0.0	0.0	0.0	0.0	0.0	0.0	0.0	0.0	0.0	0.0	0.0	0.0	0.0	0.0	0.0	0.0	0.0	0.0	0.0	0.0	0.0	0.0	0.0	0.0	0.0	0.0	0.0	0.0	0.0	0.0	0.0	0.0	0.0	0.0	0.0	0.0	0.0	0.0	0.0	0.0	0.0	0.0	0.0	0.0	0.0	0.0	0.0	0.0	0.0	0.0	0.0	0.0	0.0	0.0	0.0	0.0	0.0	0.0	0.0	0.0	0.0	0.0	0.0	0.0	0.0	0.0	0.0	0.0	0.0	0.0	0.0	0.0	0.0	0.0
S2017t1_E19-T1b-Male	-0.17420294519232785	0.03325742044911212	-0.02497498360373906	-0.07086300301899465	0.041645214679882796	-0.08201762936182205	0.09451093799567842	0.0885040320462576	-0.07552235657796588	-0.12141152780450504	0.025962023488776464	-0.018591226107474924	0.05358215857003181	0.006576083460810192	-0.026870009055395234	-0.008469387633925391	0.009833782554398434	0.02683943621550381	-0.07937233187990875	0.05789933417530113	0.017884506832550287	-0.025955301317000436	0.02548946592300694	-0.003878606313792785	-0.0180026655092392	0.01989848644114471	0.012211468777142378	-0.028650568476679798	-0.015748578899972006	-0.026126132606124706	0.02067790875336636	0.024807944781892716	0.008025539519553601	-0.005075190756156001	-0.01319042203088544	0.0415819016488947	-0.018770215542726256	-0.008694062672063125	0.003833905936659594	0.0016114644617579266	-0.003957249418574958	0.0015578872650784093	-0.04134238366055213	0.0009768935701540762	-0.016317627822013122	-0.004916424348709978	-0.04120233266756849	0.0018876761714730341	0.013134301214598226	0.05029820625038402	-0.005396862392154304	0.0006844452123532473	-0.006785525477819013	0.008121749598188614	0.005807757956783589	0.010280581848693078	-0.021768866203597765	0.031331592795054826	0.00674886517695308	0.0014903154340365156	0.011451590496171466	0.0061871181431450975	-0.005477179798952019	-0.00873653256760491	-0.01583901439346845	0.01039500014823008	-0.018433203716182008	-0.00980007650600817	-0.00828356136846798	0.014298938606476398	0.016083883110024032	-0.0001110127240000882	0.006087255402762453	-0.0165443859527531	-0.02646519243063259	-0.023240413010775438	-0.0062529965627694355	0.011607105030750008	-0.006498643754259505	-0.024123645827918337	0.006158277632429617	-0.004294565760838789	0.0017599054303544573	-0.010822343098293325	-0.017901169119174064	0.019599618182763512	0.003863232860360949	-0.009278080214502092	0.013454345911925937	0.0059403466838207275	0.00977848188010733	-0.0003836341992116861	-0.00028221320008154174	-0.0010416464630395258	0.005050167490544362	-0.0011326467683026981	0.0032905841113494115	0.0062794519560436385	-0.006044679727590385	-0.007517806034359185	0.004295260804430123	-0.008711010485743414	0.006319362340340199	-0.0024148986894709803	-0.0030935459675937443	0.00027670596961704586	-0.0010834591492967112	-0.0017421474023236363	0.0	0.0	0.0	0.0	0.0	0.0	0.0	0.0	0.0	0.0	0.0	0.0	0.0	0.0	0.0	0.0	0.0	0.0	0.0	0.0	0.0	0.0	0.0	0.0	0.0	0.0	0.0	0.0	0.0	0.0	0.0	0.0	0.0	0.0	0.0	0.0	0.0	0.0	0.0	0.0	0.0	0.0	0.0	0.0	0.0	0.0	0.0	0.0	0.0	0.0	0.0	0.0	0.0	0.0	0.0	0.0	0.0	0.0	0.0	0.0	0.0	0.0	0.0	0.0	0.0	0.0	0.0	0.0	0.0	0.0	0.0	0.0	0.0	0.0	0.0	0.0	0.0	0.0	0.0	0.0	0.0	0.0	0.0	0.0	0.0	0.0	0.0	0.0	0.0	0.0	0.0	0.0	0.0	0.0	0.0	0.0	0.0	0.0	0.0	0.0	0.0	0.0	0.0	0.0	0.0	0.0
S2017t1_E23-T1a-Female	-0.03734257640729258	0.0765904143525004	0.021032820850450534	0.10415757240549545	0.057804297017538815	0.03237003186869053	0.09257317207121099	-0.04559814933732643	0.07066392699131928	0.028119835857961954	0.029234379255140077	-0.04811133594923576	0.059264002011018675	-0.033212765594306144	-0.012996260261125792	0.10337173168600405	0.013761930893751313	-0.05519874987713583	0.051278732963633354	-0.03736331725987885	0.005713496101565303	0.009021968999726024	-0.042766752198803694	-0.03184684889590741	0.04326961006328899	-0.027832227419948195	0.020607471112154333	0.0128985473710013	-0.015499324548540123	0.040197289145849614	0.03375118299336385	0.0114843503649893	0.035561807783347665	-0.018703396964823156	-0.013949768504687975	-0.0524025341842392	-0.06401669403739167	-0.017811817440580822	0.011079761039466465	0.05880927197541034	0.05952417091298109	0.04856128559522097	-0.002699359458572134	0.006458561844250303	0.0015782806414967525	-0.025969542469748655	-0.00590821028960486	-0.0051762293946203755	-0.017414364116201717	0.0032021864543626453	-0.011954968402478528	0.042902370409983674	0.007729088382758873	0.035724442100690736	0.034157468811250896	0.015362822314414902	0.00861695664744124	-0.01013527074656454	0.03675251916064428	0.039957882682643144	-0.012533138888547358	0.01867814069992665	-0.0057374525765445696	0.015771327820054557	-0.033710597838439375	0.009701798289817456	-0.009978524597521812	0.01342874462170803	0.00014460220517022081	-0.020373147026498315	-0.03248335229276615	-0.03403776822714144	-0.01808222656840121	-0.01911661241166704	-0.007046197205849491	-0.022867998760487594	-0.0014438631605322876	-0.0015282043330609421	0.05351382532506402	0.015370058299256138	-0.005635786790060388	-0.01092400097527623	0.0016247016555829248	-0.027292804268835257	0.0004462778612848725	0.00407440233288984	-0.008050148588177012	-0.003313485148017704	0.0025194269115096394	0.0009623165445857041	0.0008677825086942636	-0.003968893797368627	-0.004241790024561563	-0.014171013136300849	-0.01072149882805858	0.005192769310778484	-0.0037113618396058218	-0.006924061914134349	0.0014289848917616262	-0.009751852629727137	-0.005353691193309543	-0.0017281953325503578	0.00023481072753629202	0.0015868036736464775	-0.001284490158066813	0.002999469153342545	0.0004063089046795827	0.0010096474346652545	0.0	0.0	0.0	0.0	0.0	0.0	0.0	0.0	0.0	0.0	0.0	0.0	0.0	0.0	0.0	0.0	0.0	0.0	0.0	0.0	0.0	0.0	0.0	0.0	0.0	0.0	0.0	0.0	0.0	0.0	0.0	0.0	0.0	0.0	0.0	0.0	0.0	0.0	0.0	0.0	0.0	0.0	0.0	0.0	0.0	0.0	0.0	0.0	0.0	0.0	0.0	0.0	0.0	0.0	0.0	0.0	0.0	0.0	0.0	0.0	0.0	0.0	0.0	0.0	0.0	0.0	0.0	0.0	0.0	0.0	0.0	0.0	0.0	0.0	0.0	0.0	0.0	0.0	0.0	0.0	0.0	0.0	0.0	0.0	0.0	0.0	0.0	0.0	0.0	0.0	0.0	0.0	0.0	0.0	0.0	0.0	0.0	0.0	0.0	0.0	0.0	0.0	0.0	0.0	0.0	0.0
S2017t1_E23-T1a-Male	-0.20414844243756175	0.07514636261660214	-0.03969800817882982	-0.029786177356280676	0.06502558684823019	-0.0779892382686977	0.018405268525571186	0.05636062974028731	-0.0012729510001575652	-0.021574702069452712	0.06743024371377135	0.004258964358524281	0.07115353497040695	-0.07266699878866144	-0.009150935506418953	-0.02102984880610389	0.04054111991540728	-0.01642111498774139	-0.08941222609421741	0.028634800912368297	0.023981775173333542	-0.023785065519784116	0.021218000617236023	-0.04201748306850161	-0.01743999602020898	-0.01404687834382046	-0.007303585126387357	-0.015476915830180914	-0.015375935077517748	-0.00482179687143255	-0.003028523238443651	0.007926056108421281	0.021290639778524474	0.028551090137519983	-0.06485110562792035	-0.01073173667181093	-0.02524200806238314	0.0032767582538245255	-0.0287332915480543	0.000974845384181404	0.01042310344708248	-0.00511710550401144	-0.05166344138799896	0.01491637376564523	0.0009729180407563796	0.005390772656836825	0.014081667173183963	-0.03517298549637787	0.022367011151634232	0.036545345351857196	-0.030914243161663756	-0.035571538269678855	-0.014292693218163208	-0.03273704132719205	-0.01670664886321285	0.016053836221683968	-0.004845592512722188	-0.020231053638562316	0.0022413783474123663	0.005331551475001512	-0.0012410043288408055	0.04912829455897601	-0.01545794165660092	-0.01789417582743283	-0.00571523618280552	-0.014240359956987357	-0.007860729326217035	0.0022898968031629485	0.01242984677731285	0.006618257296621401	0.004136386592543195	-0.00032994891510975164	0.009934193343486686	0.0027121257877552036	0.004243717420752043	0.015491323058884978	-0.006693950708524503	0.0019040878833634068	0.013611200680066863	-0.007816560173125273	0.011694829393030345	-0.01179202745289695	0.0024750291308973126	-0.011984603145942518	0.017582285245007004	0.0013482870813920876	-0.008305159525342817	0.013572875435237561	-0.010816247652930605	0.0018435675209964436	-0.018701385573863135	0.0005629475630738019	0.006437965554679461	-0.00446811783774815	-0.006116614298653619	-0.004860901769566781	-0.003142673216954062	-0.005041348122891472	-0.0009362920676333594	0.001034925329400195	0.00012815875011122939	0.012754662993703696	-0.0027116274504910827	-0.004681629773087655	-0.0005860210693869723	-0.00255914622572877	0.000918298448736128	0.004276723106331697	0.0	0.0	0.0	0.0	0.0	0.0	0.0	0.0	0.0	0.0	0.0	0.0	0.0	0.0	0.0	0.0	0.0	0.0	0.0	0.0	0.0	0.0	0.0	0.0	0.0	0.0	0.0	0.0	0.0	0.0	0.0	0.0	0.0	0.0	0.0	0.0	0.0	0.0	0.0	0.0	0.0	0.0	0.0	0.0	0.0	0.0	0.0	0.0	0.0	0.0	0.0	0.0	0.0	0.0	0.0	0.0	0.0	0.0	0.0	0.0	0.0	0.0	0.0	0.0	0.0	0.0	0.0	0.0	0.0	0.0	0.0	0.0	0.0	0.0	0.0	0.0	0.0	0.0	0.0	0.0	0.0	0.0	0.0	0.0	0.0	0.0	0.0	0.0	0.0	0.0	0.0	0.0	0.0	0.0	0.0	0.0	0.0	0.0	0.0	0.0	0.0	0.0	0.0	0.0	0.0	0.0
S2017t1_E23-T1b-Female	0.046088698071156585	0.06678133922136607	-0.016498161750292676	-0.03879387253807821	0.12825616326984446	0.0875135735392847	0.11160840834868206	-0.012315927377527774	0.04227843351450496	-0.03648594955566616	-0.07197463714258863	0.09660331651693595	-0.015132947726785907	-0.03772744084046245	-0.00270904481579299	0.032993082704946226	-0.0027523946749216277	-0.02427659480830187	-0.02925299943459264	0.06910499173270943	-0.027089770164455837	0.03644328513730961	-0.021681282137327364	0.029223565789746348	-0.008046473529160032	-0.03959355312910579	-0.020318655576897774	3.924581885504337e-05	-0.0011565854782196062	-0.02026889221371826	-0.00685585014401853	-0.0007048227419534991	0.06387719665970255	-0.00799602693787727	0.06388853737319412	0.011977795444864976	0.00548771920799562	0.02193680501597005	-0.03863910178255487	0.02559438685387401	-0.03971881207730156	0.034536201188784046	-7.226203837234264e-05	-0.01206797225892491	-0.029722493093346933	-0.007566238556998573	-0.02142481029270611	-0.007592247150056329	0.0149240419285528	0.019511664330196347	-0.01802862371845737	-0.024710386491213182	0.03494654391381878	-0.0002934755825540505	-0.0028328004888418614	-0.006143469066672039	0.02324716699657395	-0.0034719676985997387	-0.0164439316752541	0.007738506046207482	0.0026748061278914505	-0.008236059850308897	0.002752031257707258	0.008574018230916716	-0.0026512551118711976	-0.03062803018695828	-0.0228759139143836	0.007270531902135175	-0.006356348247351599	-0.005338426736768522	-0.023934244897076073	-0.00698938189902344	0.012885141101194653	-0.012563613862313553	0.00934852531085642	0.014448901502146169	-0.01656840886887159	-0.006401612708962043	0.012668471761712107	-0.003047693241815807	0.0010804855292030058	-0.017396578822435605	-0.01521483306071151	-0.011713277053600035	-0.001379745155162702	-0.00656403993783918	-0.00892384361301413	0.004258109368288362	0.010949606659467244	0.01922970081417019	-0.009054938261893165	-0.001980052911096367	-0.0012081287156979965	-0.0020183344762832647	0.00685616446289583	-0.014534242389735098	-0.003220815607382354	0.00531163095037438	-0.005634462078029893	0.0023320134787976217	-0.000354071294675182	-0.009181775050918689	-0.005430034204170722	-0.001461475941530587	-0.00476273757903722	0.0004395378555021924	-3.474901124643722e-05	0.0021737685608892625	0.0	0.0	0.0	0.0	0.0	0.0	0.0	0.0	0.0	0.0	0.0	0.0	0.0	0.0	0.0	0.0	0.0	0.0	0.0	0.0	0.0	0.0	0.0	0.0	0.0	0.0	0.0	0.0	0.0	0.0	0.0	0.0	0.0	0.0	0.0	0.0	0.0	0.0	0.0	0.0	0.0	0.0	0.0	0.0	0.0	0.0	0.0	0.0	0.0	0.0	0.0	0.0	0.0	0.0	0.0	0.0	0.0	0.0	0.0	0.0	0.0	0.0	0.0	0.0	0.0	0.0	0.0	0.0	0.0	0.0	0.0	0.0	0.0	0.0	0.0	0.0	0.0	0.0	0.0	0.0	0.0	0.0	0.0	0.0	0.0	0.0	0.0	0.0	0.0	0.0	0.0	0.0	0.0	0.0	0.0	0.0	0.0	0.0	0.0	0.0	0.0	0.0	0.0	0.0	0.0	0.0
S2017t1_E23-T1b-Male	-0.01302099161314486	0.1295389156848267	0.02139419775371525	0.008268474029995603	0.12064616309250893	0.04807858233429377	0.059046663053897525	-0.04641995536636789	0.06057396954079901	0.06640757705122356	0.012473597386401886	0.05969557294906439	-0.00596295341438258	0.035713640394422944	-0.007251965554930817	-0.003912474350530464	0.020879232470203197	-0.01006448991074133	0.00346600662001253	-0.006367502737134232	0.03450186476627923	0.026973435406463117	0.04203948507208857	0.02036882477257331	0.04524302551877687	0.03305875494821601	-0.03458218072524583	-0.05044830593678006	0.034713617737058354	0.02676242451999668	0.013076937719013491	-0.033023686024336654	0.047681860467050044	-0.036520176311187695	0.012874514970356571	0.02021926399355605	-0.010617831495881132	-0.017455944503132707	-0.05103977280043631	0.0064358522345045925	-0.04193073676916378	-0.08214116587951047	-0.004741879026809494	0.014175596478283588	0.011883120170824199	-0.011965241092226245	0.007585371738082186	-0.029387042201896123	0.03419355490505433	0.007875803498743532	0.0036814466355145872	0.02099913380697141	0.026423810906176463	0.01602429403265999	0.00820371408900502	0.011474227382220538	0.015360010803748918	-0.023615241668411942	0.021912656096609612	0.024120334030348852	0.014715060230953748	-0.016414541386046633	0.04064666400633827	-0.02987342317916735	0.0009794534491762827	-0.004027024242196042	-0.014373125408449133	0.002892107635487829	0.00980245115694092	0.012532737070833855	-0.029957051757173513	0.0263151280351586	0.009513332628785428	-0.00783281845311294	-0.010393968699133288	0.010754715071969815	0.008438257139870245	-0.005639861425423341	-0.004698379021382966	-0.006568337477152773	-0.015065950166593954	0.013698368933021517	0.008850408838926281	-0.0038406490952112376	0.0028005644263822548	-0.009923465112228087	0.008098662742835517	-0.007979809556415873	0.023072476999557927	-0.014761312789957917	0.002230779592205737	0.014435456514969889	-0.007411143164933757	-0.001382202829901009	-0.006380636690755305	-0.007711519894776309	-0.005029548662644716	-0.006285362965217364	0.017639268475142602	-0.0008953095289951822	-0.01719980549442089	-0.0032952855100211436	-0.0015378673963382056	-0.006098655572783065	-0.002599632835957405	-0.002957986642811279	0.002211682736597638	0.002508277293443057	0.0	0.0	0.0	0.0	0.0	0.0	0.0	0.0	0.0	0.0	0.0	0.0	0.0	0.0	0.0	0.0	0.0	0.0	0.0	0.0	0.0	0.0	0.0	0.0	0.0	0.0	0.0	0.0	0.0	0.0	0.0	0.0	0.0	0.0	0.0	0.0	0.0	0.0	0.0	0.0	0.0	0.0	0.0	0.0	0.0	0.0	0.0	0.0	0.0	0.0	0.0	0.0	0.0	0.0	0.0	0.0	0.0	0.0	0.0	0.0	0.0	0.0	0.0	0.0	0.0	0.0	0.0	0.0	0.0	0.0	0.0	0.0	0.0	0.0	0.0	0.0	0.0	0.0	0.0	0.0	0.0	0.0	0.0	0.0	0.0	0.0	0.0	0.0	0.0	0.0	0.0	0.0	0.0	0.0	0.0	0.0	0.0	0.0	0.0	0.0	0.0	0.0	0.0	0.0	0.0	0.0
S2017t1_E30-T1a-Female	-0.09294380291914638	0.08822839966223742	-0.03864049034608798	0.024830209839451695	0.1488726613394533	-0.0020394461932164948	-0.09557837967448198	-0.020514471967642677	-0.05068536007429088	-0.04290925358674527	0.03406462248306366	0.018866480213173595	0.006596294375098002	-0.012361341596817342	-0.027199985677359192	-0.007686606367962557	-0.030558954163984495	-0.0375551215436676	-0.03610115526311273	0.048629435116104056	-0.10260923507677006	0.005718587616268437	-0.09371818286190337	-0.018088963816579675	-0.08702205271872662	0.01201809401099546	-0.0417181929112229	0.056123432616538946	0.0037499292435312216	0.007383233671736624	-0.010322203203088817	-0.024212378532585115	-0.006512927887099867	-0.0016064664451780981	0.020555843316545197	0.004248510935651117	0.043839798949273846	0.04706345192140931	-0.028427357572332893	0.022181546072887817	-0.03202918676733216	-0.004625051668273068	0.004320714329069475	-0.02977453247208279	-0.01353073444815733	0.007383819885231922	0.0005868725551205308	0.01115940780904969	-0.008537070115587166	-0.01383324582758088	0.0031941124688039946	0.011611002620620354	-0.0010394719716023844	0.006495163452666664	0.01067216890558517	-0.022226911610518155	-0.012397029077402751	-0.007874001158894531	-0.03126986042257474	0.010997242641100606	-0.013475858833626375	0.001935940544793021	-0.00026537000410405885	-0.010681798707476296	-0.0029926699240723524	0.004959537863363345	0.007956889719365649	-0.03296134514717518	0.01767087363925151	0.0009342547224955747	0.0001437907137673365	-0.004811767205318304	0.0011400137495757824	-0.005912451093638383	0.0002060589032639971	-0.0009099604103538338	-0.01683445836788526	-0.0004913317345163876	0.008940441445343788	0.012319596142507824	0.0010469076972648152	-0.014259346452135663	0.004831925879248401	-0.006730852011747984	0.00667790630717126	-0.0029380255860876866	-0.006477118355539198	-0.010977450464037957	0.012047554080365001	0.004165865303924124	-0.0015608375684431602	-0.0058607194608168035	0.015085398197412022	0.0013677686149156038	0.001194677297532305	-0.0014236631147716379	0.00989217313799542	0.001304018413889412	0.005690960653384115	-0.002352122721783129	0.0006706602106359599	-0.0021756910322335444	-0.006920172803098608	-0.0023819637893623025	0.0010304149425350588	0.000369549327728499	0.001709786576653714	-0.00047484967047264025	0.0	0.0	0.0	0.0	0.0	0.0	0.0	0.0	0.0	0.0	0.0	0.0	0.0	0.0	0.0	0.0	0.0	0.0	0.0	0.0	0.0	0.0	0.0	0.0	0.0	0.0	0.0	0.0	0.0	0.0	0.0	0.0	0.0	0.0	0.0	0.0	0.0	0.0	0.0	0.0	0.0	0.0	0.0	0.0	0.0	0.0	0.0	0.0	0.0	0.0	0.0	0.0	0.0	0.0	0.0	0.0	0.0	0.0	0.0	0.0	0.0	0.0	0.0	0.0	0.0	0.0	0.0	0.0	0.0	0.0	0.0	0.0	0.0	0.0	0.0	0.0	0.0	0.0	0.0	0.0	0.0	0.0	0.0	0.0	0.0	0.0	0.0	0.0	0.0	0.0	0.0	0.0	0.0	0.0	0.0	0.0	0.0	0.0	0.0	0.0	0.0	0.0	0.0	0.0	0.0	0.0
S2017t1_E30-T1a-Male	-0.06520730078282691	0.1845749145290677	0.03377767736733466	0.00995719488986014	0.02381897743716384	-0.13424259420860216	-0.06635091698132432	-0.037219000073132856	0.1082534629878212	-0.042379500656781956	0.0815423247065615	0.08393576826535216	0.046064461074130335	0.05538034461758507	-0.1303212573037945	0.046165806527404304	-0.015629881544762338	-0.015937045867468882	-0.03418286160958224	-0.006070396641466842	0.018484197848795583	0.020632057297659098	-0.03764048957014631	0.010394468552541542	-0.039286751527613434	-0.053954033903929194	0.02614839409328985	-0.008851946587914947	-0.011112833581716936	-0.0048497226984060325	-0.025121333658914245	-0.03547502301155925	0.049622340100609695	0.02735099902722566	-0.005895349186521561	0.007241146296746878	-0.02541938074929138	0.0008180081020289204	-0.015938181926900725	0.004468113403869702	-0.014649466696350352	-0.026986565719217245	0.009562735259403609	-0.0042846631184542275	0.01686663052801341	0.010778633456088153	0.01601272403971199	0.017663573394662836	-0.026556359062874006	-0.012776641376122251	0.02374832449397147	0.0009989952498429906	0.01870482111145018	0.011614997584096095	0.020546175289875852	0.007186015324877629	-0.005065870190825688	-0.008565042739911764	-0.011569752768937049	0.020033725997675896	-0.017487970991586763	-0.02857571631884361	0.00908725484498412	0.008070497863285161	0.005468211220032454	-0.019794053478467546	0.005361512164396734	-0.017082958754873673	0.000688588378963703	-0.016464815598384933	-0.007434720107980532	0.004626343506013479	-0.004700638032354524	0.005677542069573961	-0.0031881382107222583	0.0067900884966023796	-0.007436955860534761	0.00021550236758380686	0.005557739420963601	-0.002077382779109678	-0.013168077603802666	-0.0017624882859553328	0.004182411104412075	0.01225032599049783	-0.001529897899553301	-0.005257916374241426	-0.0043544446287696135	-0.005369084167297307	0.0011754827134465879	0.0038741654232278965	-0.0016530165464883147	0.0014512435121778033	0.0009267431487314011	0.008078741487753395	-0.0072155027718785346	0.00093397256901417	0.001955871146317947	0.005881199243401513	0.005107217311899976	0.0034212094326915563	0.004681318891294148	0.0025852779415747804	-0.0021372317997973866	0.0033589495621557763	0.00036467281854818894	0.001098001334312781	0.0007480032206327903	-0.00015382277033437446	0.0	0.0	0.0	0.0	0.0	0.0	0.0	0.0	0.0	0.0	0.0	0.0	0.0	0.0	0.0	0.0	0.0	0.0	0.0	0.0	0.0	0.0	0.0	0.0	0.0	0.0	0.0	0.0	0.0	0.0	0.0	0.0	0.0	0.0	0.0	0.0	0.0	0.0	0.0	0.0	0.0	0.0	0.0	0.0	0.0	0.0	0.0	0.0	0.0	0.0	0.0	0.0	0.0	0.0	0.0	0.0	0.0	0.0	0.0	0.0	0.0	0.0	0.0	0.0	0.0	0.0	0.0	0.0	0.0	0.0	0.0	0.0	0.0	0.0	0.0	0.0	0.0	0.0	0.0	0.0	0.0	0.0	0.0	0.0	0.0	0.0	0.0	0.0	0.0	0.0	0.0	0.0	0.0	0.0	0.0	0.0	0.0	0.0	0.0	0.0	0.0	0.0	0.0	0.0	0.0	0.0
S2017t1_E30-T1b-Female	-0.1497796072121326	0.14065635429118153	0.011224449880012272	0.04364130613908275	0.046250805770572244	-0.10399947046307226	0.04673895460103988	-0.030835841543686068	0.025342681283607737	0.0032417652237789105	0.0686359463643286	0.05751549473884926	0.0493947058114394	-0.042998847272132136	-0.060920858483348904	0.007648485965123533	-0.007289299945433499	-0.0396391591072076	-0.018753292075372522	-0.03813655668739915	0.015403070926158896	0.007152145154605104	-0.027701698475876353	-0.013091908130711915	-0.01898258256487288	-0.03028348310289859	0.009839156262067236	-0.03492200851619284	-0.029500901157044908	0.031201720950572574	-0.012325105256316454	-0.02793231282416174	0.0072716643256821875	0.05247904564203661	-0.004575946180809951	0.003975441360224937	-0.04972255777339796	0.0035188209654674345	-0.012285864730643302	-0.01312837879380292	0.0104259347712475	-0.014877657769105695	0.008087018032043564	-0.014024583275036391	0.031457319113544054	0.02274593113527149	-0.004164252845887961	-0.009206378535228335	-0.00679870239407247	0.027082712475838034	0.02036751666737025	0.009389105715977395	0.009813569678384064	0.014011537083633596	0.024917690221679174	-0.0025682184006409433	-0.020807114601192556	0.01707110780007195	-0.011126774822182921	0.0019716018677340876	-0.020088860258151132	-0.02119006176580433	-0.0003513658268322006	0.0061414876081432295	0.010032060365170101	-0.009630449174982125	0.0028329518600377418	-0.0235522125786523	0.007204571793173698	0.01260804028825696	0.009471871205199076	0.0038082341146341435	-0.0012296655672057316	-0.00615831081593563	0.0007553750808137336	-0.005388326618535813	-0.008023879752988636	0.016537083970265955	-0.008089828942390532	0.006802930208253315	0.00520228040494442	-0.007090481191889318	-0.004210932943618531	-0.0007250946114441594	-0.0029005927746068995	-0.007543860775874774	-0.0009772204447167224	0.0028903916670397073	-0.00398548192321138	-0.004002968414175067	-0.0019092448409502914	0.0062248622799258675	-0.007592064053487178	0.001169527480234144	0.007174763723831268	-0.008349765821184107	-0.007152950011982905	0.00010439646130609815	-0.0021357761952933143	0.002244066128486329	-0.0010422933490694126	0.00102398857587261	-0.0032860816414169653	0.00019133285297402797	0.0003725209490417079	-0.0009176952934601797	-0.002339345171459688	-0.0012847130311749758	0.0	0.0	0.0	0.0	0.0	0.0	0.0	0.0	0.0	0.0	0.0	0.0	0.0	0.0	0.0	0.0	0.0	0.0	0.0	0.0	0.0	0.0	0.0	0.0	0.0	0.0	0.0	0.0	0.0	0.0	0.0	0.0	0.0	0.0	0.0	0.0	0.0	0.0	0.0	0.0	0.0	0.0	0.0	0.0	0.0	0.0	0.0	0.0	0.0	0.0	0.0	0.0	0.0	0.0	0.0	0.0	0.0	0.0	0.0	0.0	0.0	0.0	0.0	0.0	0.0	0.0	0.0	0.0	0.0	0.0	0.0	0.0	0.0	0.0	0.0	0.0	0.0	0.0	0.0	0.0	0.0	0.0	0.0	0.0	0.0	0.0	0.0	0.0	0.0	0.0	0.0	0.0	0.0	0.0	0.0	0.0	0.0	0.0	0.0	0.0	0.0	0.0	0.0	0.0	0.0	0.0
S2017t1_E30-T1b-Male	-0.1241603701545006	0.14254815866347884	0.004206829198392113	-0.022804232847039727	0.04595750366271617	-0.09868278517820746	-0.0027753566246282208	0.11469826618546507	0.12114187134074206	0.026880656224802586	0.18847107292733367	-0.043381539854237164	0.01779066032881794	0.06973082964256777	-0.09361106108028812	0.09285996834097647	0.048077061174984136	-0.029517500692183854	-0.01233674826412262	0.03719132141547303	0.026096060726334587	0.09999864404554065	-0.030645379185654322	-0.020708257267247003	0.003245215442536207	-0.004729322312564532	0.035590898343403475	0.03403046496741568	0.03419995390448211	0.0009427581949390678	-0.023610555189683066	-0.024787172604057002	0.009509087091607641	0.016074463916320853	-0.005507476364432822	-0.03328688704738513	-0.03201946970753621	0.03806435176302737	-0.011543672134308831	0.0010475439997922396	-0.0007060165047975142	-0.026604085206364016	-0.007669983954373784	0.013235756690228407	0.014746532213024188	-0.00017597309461512062	-0.0016318435104150754	0.004801095588175758	-0.0073186037552527726	-0.011488629453556984	-0.033308505500390044	2.159340220088107e-05	0.004038538168476371	0.01237974999808498	0.026028604966895394	-0.016327587715892353	0.0015441758810894597	-0.010016918672081005	0.0002123572444734945	0.005920400988287955	-0.022086980437388888	-0.014318394235636175	0.002573494940385629	0.008165004815222652	-0.0019975298777209403	0.005543906128934466	0.012150697192681163	-0.014409373864272334	0.012035347036851485	0.003448982621667335	-0.020221795158843623	-0.012587919740311804	0.005234653132853304	0.0016264602594902586	-0.0018367321540607561	0.0116143093067729	0.013213779620766766	-0.011439224040323446	-0.015348377554468592	-0.00224446093935354	-0.003830603820565324	0.0015863300058446877	0.008484250593229943	0.019048980769348356	-0.013268025713664287	-0.004619078865407636	-0.006093777313522579	0.005154104716258462	-0.009145293887177193	0.013032218333277498	-0.0022107272318071273	0.005424445451113771	-0.0015664083399257107	0.0029166516222661628	-0.005512066589183088	0.01317335498411558	-0.0015471761918580333	0.004548327037552429	0.0057853667487000205	-0.0006053852367454018	0.0011076251175555897	-0.0015636608660846236	0.00015053778674930203	0.0010029948277310195	0.0012543776021652845	-0.0010624194845087892	0.0006198053780100063	-0.00011668533617799827	0.0	0.0	0.0	0.0	0.0	0.0	0.0	0.0	0.0	0.0	0.0	0.0	0.0	0.0	0.0	0.0	0.0	0.0	0.0	0.0	0.0	0.0	0.0	0.0	0.0	0.0	0.0	0.0	0.0	0.0	0.0	0.0	0.0	0.0	0.0	0.0	0.0	0.0	0.0	0.0	0.0	0.0	0.0	0.0	0.0	0.0	0.0	0.0	0.0	0.0	0.0	0.0	0.0	0.0	0.0	0.0	0.0	0.0	0.0	0.0	0.0	0.0	0.0	0.0	0.0	0.0	0.0	0.0	0.0	0.0	0.0	0.0	0.0	0.0	0.0	0.0	0.0	0.0	0.0	0.0	0.0	0.0	0.0	0.0	0.0	0.0	0.0	0.0	0.0	0.0	0.0	0.0	0.0	0.0	0.0	0.0	0.0	0.0	0.0	0.0	0.0	0.0	0.0	0.0	0.0	0.0
S2017t2_E11-T2a-Male_C7D5_5f	0.2031544748732201	0.03731913024322017	0.005170323278377772	0.012475639146064478	0.04084203167711326	-0.16428173687455072	-0.0325429489734662	0.06295673377392112	-0.052293919085386685	-0.09410065827766091	-0.13459840542235957	0.03010345103282667	-0.09564983912413921	0.06694568047558122	-0.04126959678746441	-0.03234428449393311	-0.11807392199098304	-0.024473523875940355	0.025960588850065247	0.009015205429452468	-0.007638348939301579	0.06943187329928827	0.033545924796529535	-0.033624794449751694	0.10987642471774106	-0.012726703656623366	0.015203906619784251	0.013440946222455891	0.07027265002001698	-0.06710608225558244	-0.045109554819519844	0.07647651880185127	0.022095253014162503	-0.041914067181240015	-0.11418112657707208	-0.0385306075108597	0.04757627076118661	-0.01662549377453671	-0.0008199624056020867	0.003661884020608824	-0.015121482569630395	-0.042861016117070654	-0.037259978681509986	-0.02741802835498168	0.010108009497441103	0.04232441678150669	0.048589227660324794	0.0688478025294265	-0.011559903761334608	0.01808693369577023	0.04827068444091651	0.002292000008992064	0.02408375006094819	0.003401381629542763	0.004084490235178476	-0.03249941609046568	-0.012961949918269943	-0.02083940600870425	0.03550860335835058	0.011825079819822667	0.04180009577669598	-0.04037577546187297	-0.00883094522970836	0.0026662501317343116	-0.002461929250417801	-0.031093280414193628	-0.0212580438255875	0.011804830961241207	0.015723911404874828	0.021456730592321963	0.009579204268008599	0.003279937896094371	-0.031684160883559596	-0.02225079337643597	-0.00495250443589292	-0.0017642979159740967	-0.002821621709279329	0.013328328900553976	0.01016687689096255	0.011980600506316068	0.008279897838764275	0.006772431645062229	0.01271039512647544	-0.007325803681385021	-0.002079063791591243	0.008693555589922264	-6.549941886754585e-05	-0.0030305640310931982	-0.0017965236486518895	0.008315420175777837	-0.013618561066629672	0.006046042389939726	-0.009721096137713856	-0.003017680969295003	-0.0118545735997911	-0.0016745547019830203	-0.0006588701648385653	-0.001394900886116245	-0.0023111250351193205	0.0031616129320360363	-0.0028973602282826028	0.00026885018208886997	0.0050708874085362956	0.0022258332782519215	0.00010010648008670685	0.0044444218446709795	-0.001478280345718244	0.002319682883180943	0.0	0.0	0.0	0.0	0.0	0.0	0.0	0.0	0.0	0.0	0.0	0.0	0.0	0.0	0.0	0.0	0.0	0.0	0.0	0.0	0.0	0.0	0.0	0.0	0.0	0.0	0.0	0.0	0.0	0.0	0.0	0.0	0.0	0.0	0.0	0.0	0.0	0.0	0.0	0.0	0.0	0.0	0.0	0.0	0.0	0.0	0.0	0.0	0.0	0.0	0.0	0.0	0.0	0.0	0.0	0.0	0.0	0.0	0.0	0.0	0.0	0.0	0.0	0.0	0.0	0.0	0.0	0.0	0.0	0.0	0.0	0.0	0.0	0.0	0.0	0.0	0.0	0.0	0.0	0.0	0.0	0.0	0.0	0.0	0.0	0.0	0.0	0.0	0.0	0.0	0.0	0.0	0.0	0.0	0.0	0.0	0.0	0.0	0.0	0.0	0.0	0.0	0.0	0.0	0.0	0.0
S2017t2_E11-T2a-Male	-0.11812301997407625	0.05144382822275472	-0.0404073553351508	-0.02628580458282618	0.09004110362871874	-0.15327909216189353	-0.031680435809114275	0.09225581580244792	-0.07170987426205558	-0.02954435957139541	-0.05388747241471173	-0.10311496461602916	-0.05056122629658605	-0.022207378800925385	0.05509790821706833	-0.11110255649718541	-0.015927808049837955	-0.005059805854935655	-0.012222066449957802	0.0292259292268512	-0.014761188079014177	-0.0010788098202711364	0.011396384811204556	0.0037594988839898514	-0.006134815228075825	0.0349009560533133	-0.03173627868394126	0.049445408629274185	-0.02556819461403301	-0.06104685640980028	-0.007426551933270288	0.0008202752439595369	0.004398615616451956	-0.016376449496800064	0.03398710404972201	-0.003956276473750022	-0.00039359684380235613	0.011460294468567727	0.0014556770108251273	-0.05212797760942883	0.006795194766084132	-0.018623082624684376	0.002757910735207718	0.0020567346328790245	-0.008799714739902846	-0.0048065976990456375	0.043872454185514144	-0.018137342333631176	-0.007428114537035993	-0.001222571842251817	-0.0022168966921863285	-0.015288089630042854	0.014671923847865169	0.03438678691172697	-0.00991833683879291	-0.02051234038775445	-0.03738914840454104	-0.013185694977427864	0.009999251654323735	0.012484113411269494	-0.008967346393595444	-0.004259958312107285	0.017656308249622946	0.038452892017071194	-0.008806621320055167	0.03774670469014596	0.019128457677228854	-0.0277257637950844	0.013710613943781626	0.007325620257388009	0.00020716702344054436	-0.04082900510218363	-0.03286738708041062	0.041857453379912965	0.012903859177309256	0.008236167278376439	-0.02276094837326041	-0.00956249466233623	0.014818544258619457	0.023251678658345855	0.022305759160839912	0.012522174776298049	-0.0017879042235625251	0.023287707577620203	-0.008726320790724018	0.028189423682363723	-0.022974138326282815	0.005730580355207809	-0.002267933136440608	-0.009717317568511574	0.022458500377637972	0.006196847186344531	-0.017642399640028686	-0.016918575708127447	-0.004475297660989553	-0.015861781089230774	-0.00037295072448933716	-0.012697905887992517	0.0077394057499858004	0.004597669298132401	0.009725784296894533	-0.0009343182492668106	-0.013335279176277226	0.010235636306366324	-0.0021782886071939505	-0.001866865002992027	0.0016260935661474454	0.0020618962735352974	0.0	0.0	0.0	0.0	0.0	0.0	0.0	0.0	0.0	0.0	0.0	0.0	0.0	0.0	0.0	0.0	0.0	0.0	0.0	0.0	0.0	0.0	0.0	0.0	0.0	0.0	0.0	0.0	0.0	0.0	0.0	0.0	0.0	0.0	0.0	0.0	0.0	0.0	0.0	0.0	0.0	0.0	0.0	0.0	0.0	0.0	0.0	0.0	0.0	0.0	0.0	0.0	0.0	0.0	0.0	0.0	0.0	0.0	0.0	0.0	0.0	0.0	0.0	0.0	0.0	0.0	0.0	0.0	0.0	0.0	0.0	0.0	0.0	0.0	0.0	0.0	0.0	0.0	0.0	0.0	0.0	0.0	0.0	0.0	0.0	0.0	0.0	0.0	0.0	0.0	0.0	0.0	0.0	0.0	0.0	0.0	0.0	0.0	0.0	0.0	0.0	0.0	0.0	0.0	0.0	0.0
S2017t2_E11-T2b-Female	-0.07511341614741637	0.08593326119554529	-0.012693861709187512	-0.05127380365021966	0.0898027686635664	-0.052756579800225446	-0.01620075036854162	0.13795340156832436	-0.006979816656196737	0.06905371069096528	-0.0009278588185568418	-0.10958495199414292	-0.08148010563079731	-0.033975047751590846	0.07182611876518179	-0.00836846693246671	0.055729704468144944	-0.027957906320582333	-0.012101204201529605	0.04150480237833206	-0.050109248641029926	0.09819398923508196	-0.039772099999111146	-0.042914725743047256	0.05972453010299852	0.013066775278697785	-0.011184392072915527	0.06159986548346525	-0.023028066933283558	-0.04723847817893145	-0.029585706499885126	0.026482959673326003	0.02521056343420188	0.028470402032314934	-0.044529019651327516	0.01951276996556303	0.04522567570839009	-0.016028446091161965	-0.021801509261546916	0.03856489823973049	0.0073227146686026725	0.01857956831269768	-0.016658290745607002	-0.033868109834817924	0.022786420128782306	0.014636871802032788	-0.016132235803103613	-0.03995294923226815	0.052685714187201485	-0.0017135486293813728	-0.004541969350864991	0.00552572780127531	-0.005481751146640909	0.0168750277339814	0.024811273728374956	-0.00354663670699716	-0.0006173864371826906	0.03319521456057416	0.017007970266561676	-0.031867472699921746	-0.013089498416524497	-0.001080632954269949	-0.02994071523761617	0.016784857585956072	0.012117932243671302	0.004915935062680855	-0.03804362035453927	0.02762146103956606	-0.018951486083898628	-0.007337020501168163	0.011468687654396233	0.01262906202909462	-0.017127362125008167	0.00033973939018751184	-0.000887686306240633	-0.019110759226977917	-0.002984910447624838	-0.007303329342239768	0.008033370738523709	0.021956536786221198	0.00012509479254292486	0.008005003419609169	-0.0018254635216518316	-0.006549387840363828	0.011868599493271816	-0.015587482891823032	0.01581719269794777	-0.01099940078670553	0.0007213613752562043	0.004544820743773074	0.005811554284884461	0.009680503214426525	-0.005263858387737978	0.00047950025395757394	0.005185221211615131	0.0022514049703320077	0.013062941004674887	-0.0006723509214377252	0.012678552154263995	0.001844099788754645	-0.002774848080788854	0.005054120736971326	-0.00015831752830148282	0.005013867920885678	0.0019256432391705468	-0.0026800131384515044	-0.0002731790602199208	-0.0010737665045908022	0.0	0.0	0.0	0.0	0.0	0.0	0.0	0.0	0.0	0.0	0.0	0.0	0.0	0.0	0.0	0.0	0.0	0.0	0.0	0.0	0.0	0.0	0.0	0.0	0.0	0.0	0.0	0.0	0.0	0.0	0.0	0.0	0.0	0.0	0.0	0.0	0.0	0.0	0.0	0.0	0.0	0.0	0.0	0.0	0.0	0.0	0.0	0.0	0.0	0.0	0.0	0.0	0.0	0.0	0.0	0.0	0.0	0.0	0.0	0.0	0.0	0.0	0.0	0.0	0.0	0.0	0.0	0.0	0.0	0.0	0.0	0.0	0.0	0.0	0.0	0.0	0.0	0.0	0.0	0.0	0.0	0.0	0.0	0.0	0.0	0.0	0.0	0.0	0.0	0.0	0.0	0.0	0.0	0.0	0.0	0.0	0.0	0.0	0.0	0.0	0.0	0.0	0.0	0.0	0.0	0.0
S2017t2_E11-T2b-Male	-0.06354400885721798	0.12227495682378203	0.004873740965257993	0.04306143145803262	0.14465905671008547	-0.12972544344385328	-0.015226201477522615	0.03248760877751964	-0.06307408051839615	-0.02909415783392313	-0.0067865223672033854	-0.08551972407066749	-0.04703828350302485	-0.03798448415083778	-0.019752108566146648	-0.03338926642633989	0.0034810419850675044	-0.012432771127997158	0.03128727535725085	0.011732103047996875	-0.0814223115322463	0.06180114204025977	-0.02606469414751823	-0.015571102326293178	0.0005636785388013898	0.0154520862692208	0.03580189017901078	0.008976542054085618	-0.00024793614869039645	0.03968132230138749	0.009278972774966305	0.012855772521020563	-0.0244625054846454	0.022451994710403194	-0.04230189587481063	-0.011500337040020368	-0.0035684580804975123	-0.014328432454388106	-0.002133779347775471	0.0038305622950709217	0.04133417821957398	0.017134750562806566	0.014177012581638662	-0.02029130059325369	0.025905764296382257	-0.0009226404308566796	-0.011138912491964557	0.005742680785882891	0.004776326461640116	-0.04946743106855716	-0.027736522059214952	-0.0057188651175605985	-0.014922922366456105	-0.028913989504981034	-0.023371515413025453	-0.0013960978939406502	-0.005884997361579629	-0.02693829275021647	0.023924966942026955	-0.01142773962738464	-0.019168289094104247	0.02225045712317731	0.0005904271308850371	0.0002472710599059293	0.0022155472635339525	0.028921155420039736	0.02991553663805526	0.005343174153582386	0.011015567082612279	0.0010982193855863047	0.020345268337644596	0.008132588454327358	0.001801775957557112	-0.003313144542078804	0.005187088044108007	-0.02239372971733522	-0.0038602720671424766	0.010398096198895541	-0.00022723874477015006	-0.019917550129152622	-0.01040519725486298	-0.008417096068114256	-0.013054259470461307	0.002631778013314262	0.024354623503639504	0.0034189480757053623	-0.0062002666911877965	0.003970905951883537	-0.0024114377538094565	-0.006515712455375508	-0.008181826737905672	-0.00725901923220403	0.015968298927924073	0.0001308395036998487	-0.007438875597969418	0.0029133132095557793	-0.001879019593542576	-0.003164556091906597	-0.008619100964345617	0.0034825348601658554	0.00023919493330057937	0.008068324243218203	-0.001288359020285846	-0.00446568648397841	-0.0004997647355937833	0.00011811945931513886	0.001884990027645119	-0.0025255321222294336	0.0	0.0	0.0	0.0	0.0	0.0	0.0	0.0	0.0	0.0	0.0	0.0	0.0	0.0	0.0	0.0	0.0	0.0	0.0	0.0	0.0	0.0	0.0	0.0	0.0	0.0	0.0	0.0	0.0	0.0	0.0	0.0	0.0	0.0	0.0	0.0	0.0	0.0	0.0	0.0	0.0	0.0	0.0	0.0	0.0	0.0	0.0	0.0	0.0	0.0	0.0	0.0	0.0	0.0	0.0	0.0	0.0	0.0	0.0	0.0	0.0	0.0	0.0	0.0	0.0	0.0	0.0	0.0	0.0	0.0	0.0	0.0	0.0	0.0	0.0	0.0	0.0	0.0	0.0	0.0	0.0	0.0	0.0	0.0	0.0	0.0	0.0	0.0	0.0	0.0	0.0	0.0	0.0	0.0	0.0	0.0	0.0	0.0	0.0	0.0	0.0	0.0	0.0	0.0	0.0	0.0
S2017t2_E13-T2a-Female	0.048217515461139046	0.09219115908220267	-0.01948501186478538	0.017422382212247234	0.10922591721585125	0.008855903999141457	0.01588241042422505	-0.08256017682083694	0.0031308492978564186	0.05192620123515224	0.008464121052496734	-0.0655646525684886	0.047593832853181244	0.07376965850766344	0.016388043719882738	0.055028560744791975	0.09882840871674378	-0.005429366761783771	-0.05575374060697204	-0.031018828029767312	-0.0824085164211479	-0.09476758864450142	-0.06023600796141099	0.05271192363798605	0.031580606430147776	-0.01843824257437279	0.01203333167327776	0.05960708041218601	-0.037714009722909815	-0.0605913207207115	0.00909236572587836	0.044788644893470585	0.019502833462640805	0.014519886302816691	0.01783881479752307	0.04176380666293763	0.031163538984615758	0.04740114728520168	0.029680882881740367	-0.0033543058088468377	0.04648432308171723	0.00906822998620588	-0.040980862911687704	0.020576023260249123	0.02390245762488952	-0.0021747191074815942	0.0037550710537259963	-0.029421562982780484	-0.010303041398216382	-0.029034068520554877	0.050869177386699854	-0.03537266704792988	0.003674131903703526	-0.07733466291744123	0.012676393849000933	-0.03339957798449999	0.0061626115280502885	-0.0014615754592059433	-0.014644508091276825	0.016361452848943317	-0.020432944711275762	-0.019652265116654157	0.019278650775679765	-0.0017694538200648592	-0.03942905149547561	0.013286792722054618	0.04097602006318532	0.004619444025458072	-0.007277231192802844	0.04709792272608061	-0.01777432265417518	0.01177525721987044	0.00912980123106426	-0.012009441983417706	-0.0036037301576937308	-0.01701792781690428	-0.0023285347702376126	-0.0006217349535460342	0.005480841436263278	0.011251909486452582	0.006921139612512232	-0.011234009899808434	0.004234351395379686	-0.00832961944303712	-0.0030643200166857614	-0.002979545053974666	0.016695295919103924	-0.007342118089956067	0.007629611714697867	0.009961899576691234	-0.012772602779025586	-0.010195137415439346	0.002553696069471315	-0.0012691662439620278	0.00025875555706567305	0.00497877573637512	-0.004353248263535487	-0.013351622427316384	0.003950610520977653	0.005356888698933076	-0.002824062661708641	0.005307702546569579	0.004182417328683778	0.0006139364343755143	0.005264865769407543	0.0020478792254788472	-0.00019406088775304067	0.0012677529722073385	0.0	0.0	0.0	0.0	0.0	0.0	0.0	0.0	0.0	0.0	0.0	0.0	0.0	0.0	0.0	0.0	0.0	0.0	0.0	0.0	0.0	0.0	0.0	0.0	0.0	0.0	0.0	0.0	0.0	0.0	0.0	0.0	0.0	0.0	0.0	0.0	0.0	0.0	0.0	0.0	0.0	0.0	0.0	0.0	0.0	0.0	0.0	0.0	0.0	0.0	0.0	0.0	0.0	0.0	0.0	0.0	0.0	0.0	0.0	0.0	0.0	0.0	0.0	0.0	0.0	0.0	0.0	0.0	0.0	0.0	0.0	0.0	0.0	0.0	0.0	0.0	0.0	0.0	0.0	0.0	0.0	0.0	0.0	0.0	0.0	0.0	0.0	0.0	0.0	0.0	0.0	0.0	0.0	0.0	0.0	0.0	0.0	0.0	0.0	0.0	0.0	0.0	0.0	0.0	0.0	0.0
S2017t2_E13-T2a-Male	-0.04372132837162832	0.09712236250951373	-0.04406811043987341	-0.012537881129038687	0.13024206383321374	-0.12600456874445576	-0.07928241228222604	-0.048081801337883395	-0.061345287061561386	-0.03327996135225998	-0.1284443253045171	0.01374811725989251	-0.07301989112215673	-0.012777001396981754	0.01020611655193013	-0.0406775286196539	-0.019422883137875047	-0.051346391185054276	-0.05487131845319	0.007360473802746952	-0.04379700300621198	-0.022863144258666968	0.010125276422428772	0.028182614657273015	0.009337770660593589	0.00196399946627993	-0.013512453074118214	0.016042270705096822	-0.023605151248846525	-0.04888105400591257	0.026192713482151547	0.02612745199618433	-0.01543587444708798	-0.009642921338140535	0.0003428931089043383	0.01275320455442573	-0.002301113556029724	-0.0343021631135045	-0.027964162569732384	-0.02295060113476387	-0.006706707286605432	0.03141175293193955	0.02197086142413539	0.00041541915297408976	0.03012390783317574	-0.0062203978511235275	0.028810124285681884	-0.0033251397140971867	-0.01004380600851561	-0.012245046625018848	-0.019943499584743046	-0.014878498627016349	0.027028540286667076	-0.015276762164494265	-0.0037912490488324502	0.007616994924670895	0.013966308769300292	-0.01157273524435045	-0.019007394433643365	-0.014418736058163692	-0.0018957996296798043	-0.006317622379170086	0.0020927273918104417	-0.012431534062432614	0.01464821682261578	-0.014220465588697715	-0.010379861541324567	0.018194233263750047	-0.01013505802844739	-0.007078336875596002	0.009649845429198058	0.009110161320182027	-0.013163586598528529	0.03226307380485674	-0.017729307695129377	0.010932650714652388	0.0021067007702100945	0.009290092656521969	-0.008492691827725355	0.002612933771348054	-0.007338422455919104	-0.020290977551494428	-0.010575881133762455	-0.0017035123831903073	0.009787552268123126	-0.009307810108850987	0.003391384644001496	0.0013177597013668081	-0.006383413916393749	-0.012188749379115876	-0.0009889852765721488	0.01915465441788081	0.0016921845299865377	-0.009406406254447922	0.0009126697954703738	0.0018645884693209562	-0.005291735519499728	0.003956654226890937	-0.005085684041384259	-0.004909883045526434	-0.004550275599226579	-0.003860210837213708	-0.0010273305178404495	-0.0012161929596668322	0.0012500530357498708	-0.0006763424717217771	0.0012012715928778291	-0.001171665431514545	0.0	0.0	0.0	0.0	0.0	0.0	0.0	0.0	0.0	0.0	0.0	0.0	0.0	0.0	0.0	0.0	0.0	0.0	0.0	0.0	0.0	0.0	0.0	0.0	0.0	0.0	0.0	0.0	0.0	0.0	0.0	0.0	0.0	0.0	0.0	0.0	0.0	0.0	0.0	0.0	0.0	0.0	0.0	0.0	0.0	0.0	0.0	0.0	0.0	0.0	0.0	0.0	0.0	0.0	0.0	0.0	0.0	0.0	0.0	0.0	0.0	0.0	0.0	0.0	0.0	0.0	0.0	0.0	0.0	0.0	0.0	0.0	0.0	0.0	0.0	0.0	0.0	0.0	0.0	0.0	0.0	0.0	0.0	0.0	0.0	0.0	0.0	0.0	0.0	0.0	0.0	0.0	0.0	0.0	0.0	0.0	0.0	0.0	0.0	0.0	0.0	0.0	0.0	0.0	0.0	0.0
S2017t2_E13-T2b-Female	-0.09095756614810113	0.11345579407238872	-0.0033387806158887063	-0.04441830132429338	0.0456464689936693	-0.05369433332418438	0.057064385547873624	0.010807669268101137	0.0392390493178726	0.05231636477615843	-0.018499536226559508	-0.008617477468079544	-0.009090163353494664	-0.035813287873331844	0.005579833930168468	-0.000678399760377892	0.06895106336511143	0.023837171077426177	-0.043086507700764096	-0.0628102239102438	-0.033112705603535734	-0.037151971799475395	-0.034186237225608485	0.013047146496841877	0.06464438341735745	-0.045778712584687055	-0.05900669502141031	0.029631282982651202	-0.020032815262422374	-0.041518205810343684	0.011992018355910048	-0.017346953312850213	-0.010594006987636245	0.03442993718404623	0.03272787381435537	0.008674176262568608	0.007815036219613686	0.0015049288368890114	0.007207098914284383	0.015361071836055633	-0.013368924653251941	0.02673611199664204	-0.04089646179222944	-0.020097481152239284	0.029045864811702675	0.009252041146056458	0.020082148668247663	-0.021687028675308324	-0.027914291398795657	-0.0028879920822106895	0.004522277854121469	-0.00782035719717118	0.0024038175902541844	0.009798201754318432	0.028243515419323267	-0.004264826748440714	0.02122096496245993	0.008788217833575708	0.010781641345491729	0.005017421678602553	-0.0007270600764248509	-0.01086711239592785	-0.014098141434972882	0.024225088766137985	0.028727771077708887	0.006859263397949905	0.0026126275666723555	0.011012286080327918	0.01305511602174589	-0.010850874758388028	-0.018925018139688804	-0.008249643604003116	0.01654157292360632	0.012893201701648921	-0.0042647085224053185	0.007156419941319213	0.004238080548099093	0.02317295816090703	0.0003711306431420388	-0.006569184223454675	0.0010518865555510107	0.010386288123829438	-0.00816738955356757	0.017596733155129256	0.006886120293668097	-0.00991682439405874	0.013268124754559426	0.01004420658042642	-0.013569397471565558	-0.000421813963841668	0.008407104068790916	-0.011655553206220996	-0.006080353534107192	0.003416345693842703	0.006326988920228115	-0.005726190263864992	-0.008565703951769765	0.005564632800972064	0.0006011246704992652	0.0035482617112895473	0.0028483167350216803	0.00019379108599540482	0.0017523576053550755	-0.0009594743603498726	-0.0013508152362116585	2.623982339382391e-06	-0.0010471083247153004	-0.0013431691890324641	0.0	0.0	0.0	0.0	0.0	0.0	0.0	0.0	0.0	0.0	0.0	0.0	0.0	0.0	0.0	0.0	0.0	0.0	0.0	0.0	0.0	0.0	0.0	0.0	0.0	0.0	0.0	0.0	0.0	0.0	0.0	0.0	0.0	0.0	0.0	0.0	0.0	0.0	0.0	0.0	0.0	0.0	0.0	0.0	0.0	0.0	0.0	0.0	0.0	0.0	0.0	0.0	0.0	0.0	0.0	0.0	0.0	0.0	0.0	0.0	0.0	0.0	0.0	0.0	0.0	0.0	0.0	0.0	0.0	0.0	0.0	0.0	0.0	0.0	0.0	0.0	0.0	0.0	0.0	0.0	0.0	0.0	0.0	0.0	0.0	0.0	0.0	0.0	0.0	0.0	0.0	0.0	0.0	0.0	0.0	0.0	0.0	0.0	0.0	0.0	0.0	0.0	0.0	0.0	0.0	0.0
S2017t2_E13-T2b-Male	-0.016158107921052784	0.15191603649815288	0.033357669171868394	-0.05789800358358901	0.03770040513264977	-0.07308609165219018	-0.0572670703971102	0.03255749223452729	0.1268173467559398	0.03763460008982176	-0.014480270781335144	0.06475083164667435	-0.026482244147880828	0.11111980080895262	-0.053059542852929305	0.019108772337465024	-0.02492343102508155	0.03784283533630986	0.03520899145601433	-0.05727697474545407	-0.03302794867270438	-0.034925597387080336	0.018447477809508856	0.030435993835912126	0.041246737804443795	-0.04605486742244273	-0.0395514591672967	0.07055707217436288	0.04231769394448381	-0.030979339975300803	0.012526528857851014	-0.020515417414726164	-0.008171437984877671	-0.0008836913896364259	-0.012840356164861436	-0.012212137156239573	-0.022559934661972515	-0.029880225144603128	0.03630578492857983	0.03581112989744646	0.01773445879630229	0.007986961823978662	-0.0039496317169203515	0.0010704785414224352	-0.0339576888196334	-0.006149634967697528	0.0017022021179565144	0.03578333536754987	-0.014620439400311505	0.00621640747294136	-0.015113829986227944	-0.030527316697232788	-0.002914547374531859	-0.032982303119526386	-0.0136926756300127	0.04486273574183232	0.02434618056741446	-0.021275602646121206	0.0030961624352471287	-0.016702580871942197	0.023129877908517317	0.010385823653399951	-0.02144340943328332	0.00739082354117814	-0.003334775485122204	-0.027781735415258097	0.013988256239510407	-0.0072545338602675695	-0.018104612996071127	-0.03185944432599379	-0.0189654622422138	0.005071005738441155	-0.003620622232425099	0.01335553876853765	-0.006820643633886681	0.005727672107326719	0.02202890863578175	0.0014095483865612661	0.008776771293722707	-0.000550299516880634	0.01410867786518693	-0.021837580366752447	-0.011082785311832889	-0.0025155951643378426	-0.006340858612543241	-0.018772879026900197	-0.006884654281982332	0.018381040529334314	-0.00489622806585052	-0.0018231655086453145	0.002706051041179107	-0.00281675848940692	0.004926667844862579	0.0060727788924794576	-0.007217962259451146	0.0014449668209400354	0.016347704811845182	0.012195549384714028	0.006303646844179172	-0.0007485470341052626	-0.0008705663327574734	0.009548417179015521	-0.003495932712782824	0.0018983034263931398	-0.002406878454364831	-0.0011273509953986917	0.002135418939129235	0.001836773899100546	0.0	0.0	0.0	0.0	0.0	0.0	0.0	0.0	0.0	0.0	0.0	0.0	0.0	0.0	0.0	0.0	0.0	0.0	0.0	0.0	0.0	0.0	0.0	0.0	0.0	0.0	0.0	0.0	0.0	0.0	0.0	0.0	0.0	0.0	0.0	0.0	0.0	0.0	0.0	0.0	0.0	0.0	0.0	0.0	0.0	0.0	0.0	0.0	0.0	0.0	0.0	0.0	0.0	0.0	0.0	0.0	0.0	0.0	0.0	0.0	0.0	0.0	0.0	0.0	0.0	0.0	0.0	0.0	0.0	0.0	0.0	0.0	0.0	0.0	0.0	0.0	0.0	0.0	0.0	0.0	0.0	0.0	0.0	0.0	0.0	0.0	0.0	0.0	0.0	0.0	0.0	0.0	0.0	0.0	0.0	0.0	0.0	0.0	0.0	0.0	0.0	0.0	0.0	0.0	0.0	0.0
S2017t2_E14-T2a-Female	0.035578813820937936	-0.01643603448811241	0.02358563987982907	-0.0028733575074772937	0.07210023100443846	0.04946380707060237	-0.012619973546002394	0.04437413819486021	0.03622274716157012	0.16481432176010263	-0.019799858667137477	-0.11444412589900567	0.12698332296169493	0.20625705533382857	0.04287772975367532	-0.11701296575973318	-0.04709796749030499	-0.05968021487211183	0.005869987030959021	0.04871534617519024	0.12611302993260493	-0.028566582626619503	-0.014122926953668069	-0.06846435524594188	-0.06367105880269802	0.05559205331664574	-0.06892026472748149	-0.02899035082311098	0.16264900461093398	0.03385485431935229	-0.03530105270681501	0.14809414305157811	0.09105124002024294	0.18244804059048836	0.08144642789317284	-0.002585295082804093	0.050438946110870866	-0.12640534943631293	-0.005103924407281899	-0.049935883865503586	-0.032558242711009065	0.06915556477902307	0.021689735102258526	-0.019714321769882102	0.04452848324700222	0.014967710532196109	0.008462616300222735	0.0032491421186624575	-0.05857593623312897	-0.011355119009611152	0.0016588428442535043	0.004848509136839211	-0.010907210430112039	0.0022643001417613933	0.0023927865596032128	0.0068876607796692	-0.010951924770671438	-0.009824497036497161	-0.004475524864389087	0.01911651101807319	0.001185520537893603	0.00881543801691398	-0.009434405504121331	-0.002491822074831762	-0.005265939188765617	0.008025544048820062	-0.002544976976888026	-0.0032241459352811952	0.01374574251204288	-0.008466135268815038	-0.006334928662211864	0.0031332104294631053	0.013459030447524716	-0.011709954543750917	0.013317802489845293	-0.007675709090793737	0.004257800563315188	-0.0036621763139979566	-0.0014085026554564388	-0.0006056536641391637	0.00200326758388481	-0.01336577913980494	0.00017407909286737018	-0.0035186476911708616	-0.003462978016685034	-0.00026587573808916086	0.002048606172354767	-0.004139592747698638	0.005336292687118952	-0.004107656639144309	-0.0005249784937285868	-0.0015984473670116394	-0.00015314285411180027	0.0010717516435843938	-0.00016315772323358019	-0.001200745911009871	-0.0011674139417337628	0.0010616535868697497	-0.0015376140601058414	-0.00020450238220121313	0.0006812560600789915	9.112506110437839e-06	0.0004501443492259338	-0.0003972864833167491	-0.000396279736074265	0.00016561396548999741	-2.7140600970369017e-05	0.0002693119579733204	0.0	0.0	0.0	0.0	0.0	0.0	0.0	0.0	0.0	0.0	0.0	0.0	0.0	0.0	0.0	0.0	0.0	0.0	0.0	0.0	0.0	0.0	0.0	0.0	0.0	0.0	0.0	0.0	0.0	0.0	0.0	0.0	0.0	0.0	0.0	0.0	0.0	0.0	0.0	0.0	0.0	0.0	0.0	0.0	0.0	0.0	0.0	0.0	0.0	0.0	0.0	0.0	0.0	0.0	0.0	0.0	0.0	0.0	0.0	0.0	0.0	0.0	0.0	0.0	0.0	0.0	0.0	0.0	0.0	0.0	0.0	0.0	0.0	0.0	0.0	0.0	0.0	0.0	0.0	0.0	0.0	0.0	0.0	0.0	0.0	0.0	0.0	0.0	0.0	0.0	0.0	0.0	0.0	0.0	0.0	0.0	0.0	0.0	0.0	0.0	0.0	0.0	0.0	0.0	0.0	0.0
S2017t2_E14-T2a-Male	-0.11325307662756166	0.05504567482558439	0.03134688234134802	-0.0452692905151653	-0.059981980149912656	0.019960964243933073	0.11704599561184904	0.09408765128633435	-0.03353913346865876	0.007996169289949307	0.035518127398811834	0.04248675016991589	-0.013673793512267805	0.06569564226223179	-0.021395497345059418	0.08718210056542496	-0.03862563790159347	-0.11993521724321278	0.062390741665550135	-0.05996640892334492	-0.024396439412139204	0.01627175089692204	-0.010670510707489197	-0.003440736966607304	0.06911336918842188	0.003903963954024442	-0.014525503951772142	0.011335010238152176	0.00954958947876874	0.009885742568491987	0.024471280194734626	-0.03174634118708862	0.002448644182541518	0.028922494614913093	0.0027734074147031107	0.017219027931513007	0.020547050024010347	0.00686165985200681	0.016736005347752898	-0.015304243979156244	0.0015597321811569	0.011459324122657048	0.0448362676252126	0.004866747261294904	-0.027305813104917087	0.009893326807394473	0.010271554165515192	0.023672413079865888	0.005813300619263958	0.00577556693971655	-0.011239361968784018	-0.008000218181735913	0.009500807363515279	0.020971140468122706	-0.047829930710991904	-0.0018719381522828787	-0.007346311603058715	0.01348502901663041	-0.00606900814025491	-0.010422257952453566	-0.012317377774064527	0.016378615692968865	0.03075124863461974	0.004309676859041241	0.010102123420451402	-0.0192666051049275	0.00390663034879729	0.03468946725775974	-0.00828778365686519	0.02824696740909857	0.008355770461327794	-0.0008375870541966589	0.014200994437927333	-0.005873408441027093	0.008090746178599015	-0.010047162672598168	-0.0008855518034911386	-0.01290322945762146	-0.007717966105465663	0.0012831526283858248	-0.0009140895430077966	-0.002297462883153763	0.013010544543599721	0.00454957953848949	0.009097196410882686	0.013600005489432881	0.015266527273789118	-0.0028266016913291335	0.004255935221182216	-0.009950413372927786	0.008012830510542017	0.006463000470560363	0.008899166218517105	-9.204382501686411e-05	-0.002081581646781124	-0.0019353569852249353	-0.003981157804623368	0.004542843588757403	0.004568044943891241	-0.004408752254845259	0.006419190476965586	0.006095015706309717	-0.0015930437009699853	0.0010748626495047312	0.0029575790289198558	0.001616830396284585	-0.0017716187569644976	-0.0028960562008410965	0.0	0.0	0.0	0.0	0.0	0.0	0.0	0.0	0.0	0.0	0.0	0.0	0.0	0.0	0.0	0.0	0.0	0.0	0.0	0.0	0.0	0.0	0.0	0.0	0.0	0.0	0.0	0.0	0.0	0.0	0.0	0.0	0.0	0.0	0.0	0.0	0.0	0.0	0.0	0.0	0.0	0.0	0.0	0.0	0.0	0.0	0.0	0.0	0.0	0.0	0.0	0.0	0.0	0.0	0.0	0.0	0.0	0.0	0.0	0.0	0.0	0.0	0.0	0.0	0.0	0.0	0.0	0.0	0.0	0.0	0.0	0.0	0.0	0.0	0.0	0.0	0.0	0.0	0.0	0.0	0.0	0.0	0.0	0.0	0.0	0.0	0.0	0.0	0.0	0.0	0.0	0.0	0.0	0.0	0.0	0.0	0.0	0.0	0.0	0.0	0.0	0.0	0.0	0.0	0.0	0.0
S2017t2_E14-T2b-Female	-0.08531812217200238	0.11974659339412236	0.028317753938456165	-0.08375826609913802	0.09760238263487335	0.030745243530729546	-0.024655543179744478	0.061207089930820385	0.011712960354407166	0.050864221383290165	0.03338267280209325	-0.03136277634646397	0.015178923033166288	0.10546282070803041	0.045345792476996806	-0.05663990563400196	-0.01405578531968866	-0.004132262039444819	-0.007802638052825515	0.01864544417750083	-0.0027251133470928106	-0.01015443341086648	0.06323598464685806	0.048407426838631556	-0.028817640098562233	-0.0052723367437425206	-0.04643229925243178	0.010227018730239604	0.03591034511166498	-0.03204787598847711	0.03675515165555993	-0.02171734046791401	-0.026130807190400555	-0.039812720015603396	0.011627792711043259	0.01892716560008943	0.01707716763746648	0.03199302790440274	0.015979068326989546	0.015411761235777414	0.004996983160037675	-0.02786050960388947	0.007544459596454105	0.00028577690327800666	0.025702052038706128	-0.01576995409844844	-0.004846074691372412	-0.01533416944435638	0.018014765098099163	0.021776319452120167	-0.036401679820689994	-0.003730069249349073	0.008791840110816697	0.0026400530243569104	0.009228401367467378	0.01933854470997517	0.003987564501490425	0.0039846949067570935	0.016246526818992635	0.013410344930515145	-0.010782960888427423	0.0023911925905442362	-0.01358000727119782	0.02110307552397373	0.0006126872089701214	-0.00723316549478802	0.0026716741258516006	-0.0013926170443991123	-0.01782075706643067	0.008519962301308063	0.006236026316813298	-0.0015837131573963451	0.025209954755424403	-0.01737436889086039	0.007812316540481198	-0.00265412862572483	0.012827422512054425	0.0004842689731136346	-0.00976790235118146	-0.018812433135470735	-0.003954552566155599	0.008747230935725832	0.00743719407487762	-0.0033031238851081793	-0.0016559533318461364	0.02571267226068923	-0.00837748946936189	0.021936893037739498	0.008822517124544328	-0.0007949140922829718	-0.0005138226520559257	0.0015417219312924243	-0.006893581150276033	0.004221321423609669	0.009231296635649942	-0.003859814292038707	-0.0022499199437643054	-0.00018066164803330338	-0.007014263644953017	-0.0010707895605977238	-0.00880979621945551	0.0011425001113162985	0.004170490894327436	0.0011235932820945697	0.00268196048467914	0.004294843259772222	-0.0020637587117193546	-0.0016280121175367473	0.0	0.0	0.0	0.0	0.0	0.0	0.0	0.0	0.0	0.0	0.0	0.0	0.0	0.0	0.0	0.0	0.0	0.0	0.0	0.0	0.0	0.0	0.0	0.0	0.0	0.0	0.0	0.0	0.0	0.0	0.0	0.0	0.0	0.0	0.0	0.0	0.0	0.0	0.0	0.0	0.0	0.0	0.0	0.0	0.0	0.0	0.0	0.0	0.0	0.0	0.0	0.0	0.0	0.0	0.0	0.0	0.0	0.0	0.0	0.0	0.0	0.0	0.0	0.0	0.0	0.0	0.0	0.0	0.0	0.0	0.0	0.0	0.0	0.0	0.0	0.0	0.0	0.0	0.0	0.0	0.0	0.0	0.0	0.0	0.0	0.0	0.0	0.0	0.0	0.0	0.0	0.0	0.0	0.0	0.0	0.0	0.0	0.0	0.0	0.0	0.0	0.0	0.0	0.0	0.0	0.0
S2017t2_E14-T2b-Male	-0.10891481930333312	-0.30722393168943113	0.2520530219016033	-0.06513564214537232	0.0645725403586394	-0.13281693879442494	0.03922881152210242	-0.0016095737316875018	-0.07459858448192491	-0.06070656430550869	0.03486305762942308	0.016877904196060584	0.026082847542561394	0.03553759306382004	0.010456955640839453	0.011797527343132665	-0.01976932068136408	-0.020772016871449934	-0.04136057828914523	-0.030511852040854347	-0.034964582795668275	0.009525448969380892	-0.04145245512351958	0.007314350835895425	0.009628959355077092	0.023013278656791314	-0.006591690052073684	0.04450682671954976	0.0044417263989762834	0.010150755906420814	-0.003830717366496071	-0.02528991855471909	-0.053134635287203254	0.011543304094518323	0.005407835384858648	-0.0053668071522692505	0.06157787293239958	0.00920176446533819	-0.007276776430512416	0.016058739661415376	-0.00506802628709798	0.013979252288853355	0.009046571157853312	0.017892479930355053	0.0255835198397662	0.038339271343158586	0.0053460994604953675	0.0113202057204338	-0.015317607771595628	0.0005079786712228702	-0.012165575886719777	-0.00609557759969378	0.0030898903202534293	0.004181128017005425	-0.039512661912148216	-0.011271191487446557	0.004892635380301198	0.0021399508686406133	-0.012151905065290697	0.006553574785259429	-0.018638623225343317	0.0061546806721097524	0.016389245959854023	0.0009133327193413596	0.005092690636165226	0.007489310877659793	-0.005833261454125911	0.017795076825871115	0.0022100862104656653	0.007033164462295758	-0.002418142893633124	-0.0013726161294407857	-0.003207937880536728	-0.0001204534854755361	0.0024706923636105926	-0.013948721715690981	-0.004226039631671337	0.0010541853208616712	-0.002918292848071434	0.004633293330302989	0.000440552556615011	0.0039967622277377254	0.008918597104576763	0.006665029328084411	0.0015536385651555653	0.021799414762232804	0.006026804959711357	0.0008813879271798612	0.004786629140764063	-0.0010102336891652862	-0.003801421922079661	0.001443056235684227	-0.0071001800943957605	-0.0007979202458885566	0.0010733519263881387	0.0009879959207718008	0.005869109097017955	0.004006618003775494	-0.00700017592280518	-0.000524560917636867	-0.005586283762932682	-0.003802283621735381	0.0020628621990493455	-0.002120397602646358	0.0015395510302779905	-0.0003393557446944802	0.0015704097072445553	-0.00012270002356736844	0.0	0.0	0.0	0.0	0.0	0.0	0.0	0.0	0.0	0.0	0.0	0.0	0.0	0.0	0.0	0.0	0.0	0.0	0.0	0.0	0.0	0.0	0.0	0.0	0.0	0.0	0.0	0.0	0.0	0.0	0.0	0.0	0.0	0.0	0.0	0.0	0.0	0.0	0.0	0.0	0.0	0.0	0.0	0.0	0.0	0.0	0.0	0.0	0.0	0.0	0.0	0.0	0.0	0.0	0.0	0.0	0.0	0.0	0.0	0.0	0.0	0.0	0.0	0.0	0.0	0.0	0.0	0.0	0.0	0.0	0.0	0.0	0.0	0.0	0.0	0.0	0.0	0.0	0.0	0.0	0.0	0.0	0.0	0.0	0.0	0.0	0.0	0.0	0.0	0.0	0.0	0.0	0.0	0.0	0.0	0.0	0.0	0.0	0.0	0.0	0.0	0.0	0.0	0.0	0.0	0.0
S2017t2_E16-T2a-Female	0.12326907182474109	0.09625418955850586	0.020079575273578308	-0.06639056118701095	0.09379671463671606	0.04256636530434693	0.08119058156634926	-0.05764980281936211	-0.026038595769974304	0.02598652720799368	-0.0401038912859732	0.008593164733940319	0.08130064369316582	0.0528986208099194	-0.018455049395655468	0.03423439349125785	0.0005307995013203684	0.0557863970917947	-0.022577371785906873	-0.028752606631135703	0.0019945292848667874	-0.03173267378274582	0.05128819002915705	-0.002496420591172489	0.07383383855522206	-0.008814008024600996	0.04595513434619378	-0.0468179929123465	0.0043938775484130485	0.007380989239288884	0.02512994462039215	-0.01688982104148083	-0.032893882562231164	-0.008054427464627633	0.034713096842547725	-0.02747788174137431	0.046505380048	0.009627009766560024	-0.0036820029243773635	0.05167932121517192	0.02280773766623212	0.003109179683214547	0.00482827089182658	0.053303925433708245	0.014243600201330952	0.011550050482688711	0.006613099782954593	-0.01711199360197484	-0.00545768439927543	0.005823934092174967	-0.004043457013846591	-0.01238691706708902	-0.0323163761590215	0.037413413003631914	0.007539625696123889	0.01207024386083669	0.0035651748742126965	0.0027973756662672804	0.019022407938162098	-0.04917139625195177	-0.005628407979170547	-0.007336305640825263	-0.012264048122499866	6.647566554173411e-05	-0.018855461589952948	0.0008965789605521975	-0.014241868790367417	0.01585195245256118	0.017722259785243562	0.0019356634479737813	-0.006176823566256485	-0.011079957288652216	0.01682753403052937	0.011736031630118183	0.026844833111816114	-0.014629256507707895	0.006128141071615352	-0.01856035164041213	-0.008094662618959553	-0.004774280176368449	0.020959313987653546	0.0076617233613136175	0.02058335164054357	0.0026142066838171214	-0.0037864483728071744	-0.0019191546373702132	0.0037177980066488807	-0.00731786753011313	-0.002828139146468651	0.01353531701280321	-0.0012781202039487652	-0.0019053535625991533	-0.010086203275657124	-0.00045351100763307953	-0.009052465156320362	-0.015139006926947154	0.00978759584226658	-0.01130606040347485	0.00751002234361155	-0.010062800344686236	0.009805370874445177	0.0009291088492524967	-0.0013539297554419438	0.00417546365329984	0.0024051400386144767	0.0019287961797467158	-0.00015292260026439366	0.0002078519912399863	0.0	0.0	0.0	0.0	0.0	0.0	0.0	0.0	0.0	0.0	0.0	0.0	0.0	0.0	0.0	0.0	0.0	0.0	0.0	0.0	0.0	0.0	0.0	0.0	0.0	0.0	0.0	0.0	0.0	0.0	0.0	0.0	0.0	0.0	0.0	0.0	0.0	0.0	0.0	0.0	0.0	0.0	0.0	0.0	0.0	0.0	0.0	0.0	0.0	0.0	0.0	0.0	0.0	0.0	0.0	0.0	0.0	0.0	0.0	0.0	0.0	0.0	0.0	0.0	0.0	0.0	0.0	0.0	0.0	0.0	0.0	0.0	0.0	0.0	0.0	0.0	0.0	0.0	0.0	0.0	0.0	0.0	0.0	0.0	0.0	0.0	0.0	0.0	0.0	0.0	0.0	0.0	0.0	0.0	0.0	0.0	0.0	0.0	0.0	0.0	0.0	0.0	0.0	0.0	0.0	0.0
S2017t2_E16-T2a-Male	0.04488959569496606	0.09834372722152791	-0.005963133619579792	-0.08284365750789516	0.14972021191423393	0.028409492709833745	-0.07753216826301386	-0.012861815416558882	-0.06570085535432482	0.05069201161136466	-0.06626958377778705	-0.03926600707305645	-0.004752732788864521	-0.08787916625216742	-0.0059007785078992415	0.028587515584834543	0.06565981765819086	0.045037122666637626	-0.042865994446587584	0.030655530052054448	0.002037411002810183	0.03188794160990139	0.006155615862788492	-0.024911739287086614	0.018211615579924838	-0.024949861254313522	-0.030710512432568563	0.016135169342215778	0.04018138670030684	0.020254043295822227	-0.011208514730588622	-0.006213634542917969	-0.015253768117012872	0.007384414001294999	-0.020199818044304412	-0.05099411560656929	-0.008301348010117232	-0.023593672690814128	-0.022252822537799494	0.03242832972265994	0.02619010259673649	0.002225004305498098	-0.007693210938069609	-0.002471316495289599	0.01708982161300968	-0.05153495789799422	-0.009871776585388436	0.0013603438295724097	-0.0022487042576181766	-0.023156661458231302	-0.020224302017469963	-0.016119900838658045	0.007339595366856362	0.007328209289719275	0.01888645306541107	0.010851761948008777	0.006616215326398641	-0.007726800414816487	-0.008179654394308383	-0.003135499803189437	-0.024183513177089916	0.015451023974505993	-0.0023340734969622473	-0.007885687732987904	-0.012465096021532613	-0.015371669023549996	-0.004250288530594629	0.0021605531877032323	0.013847839124271724	0.004784750458563946	-0.022394003030208418	0.022399091583331945	-0.01657014712222891	0.00806893494705721	0.009103336474850114	-0.007491718766709467	0.005773397392656562	-0.01344577826719114	0.01251455184119809	-0.009942988369500699	-0.010758685293979898	0.031104885993923023	-0.009555510628372992	0.00011351184685907067	0.000382108025024346	-0.007427437765366766	0.004620785382699344	-0.0067852155769859675	0.00012118472688336365	-0.0010743666352855924	0.0076319028745181535	0.007966209269522172	0.013403985107105932	0.007549661826966972	0.0017965409326992112	0.0004197493824177583	0.008181649055494402	0.0007215301489032882	-0.008128727834538533	0.005274441744729565	0.005163523820037792	-0.0058455204558649845	-0.0013648578217471893	0.0001705800571253885	-0.0011619186697264822	0.0006969483965776383	-0.0008856425239960615	0.002740630127153336	0.0	0.0	0.0	0.0	0.0	0.0	0.0	0.0	0.0	0.0	0.0	0.0	0.0	0.0	0.0	0.0	0.0	0.0	0.0	0.0	0.0	0.0	0.0	0.0	0.0	0.0	0.0	0.0	0.0	0.0	0.0	0.0	0.0	0.0	0.0	0.0	0.0	0.0	0.0	0.0	0.0	0.0	0.0	0.0	0.0	0.0	0.0	0.0	0.0	0.0	0.0	0.0	0.0	0.0	0.0	0.0	0.0	0.0	0.0	0.0	0.0	0.0	0.0	0.0	0.0	0.0	0.0	0.0	0.0	0.0	0.0	0.0	0.0	0.0	0.0	0.0	0.0	0.0	0.0	0.0	0.0	0.0	0.0	0.0	0.0	0.0	0.0	0.0	0.0	0.0	0.0	0.0	0.0	0.0	0.0	0.0	0.0	0.0	0.0	0.0	0.0	0.0	0.0	0.0	0.0	0.0
S2017t2_E16-T2b-Female	-0.193866023419207	0.0582679039015407	-0.058213999774752744	-0.01762210000398755	-0.06513130001954007	-0.06130865424973047	0.004098322305913128	-0.03982652387135959	0.0008816209260251504	-0.0026836818621820044	0.0632840175841036	-0.0400101010841329	-0.0180427977677111	-0.04032207342966641	-0.006855109288835111	0.00023322088251688796	0.0535321868908613	-0.07731807464072879	-0.032524004192641766	-0.01751493693210433	0.025061478824402735	0.02038519452059508	-0.041894563576655997	-0.0033397841507465183	0.011753415969371349	-0.04512400478676216	-0.024406932377019616	-0.006537346262804103	-0.028893793522611132	0.0026818940514216445	0.04195401324250768	0.005526675637467706	0.048370746089015364	0.0357240058005746	0.013458088156829135	-0.0020810393916089213	0.0046880824171813724	0.023977113204761005	0.0004068892447920596	0.04537745797882397	0.03058708335830632	-0.013301304345046817	-0.0111016572795784	-0.012739747120987516	0.035488995208927676	-0.010604928191528917	-0.0012480822840460974	-0.010227204231477948	-0.020827281128679865	-0.007245527737620655	-0.003008266904461025	-0.011432554469854143	0.0032778980186805753	0.009606762923361012	0.02287069818420481	-0.012558003022146243	0.004995828085056957	-0.008897194075902767	0.012187917324672887	-0.01008339014305943	-0.017229020454010462	0.01529305187124138	0.024088976921865905	0.005088673699272255	0.002885974026924494	-0.0037936123108865123	-0.006439907993148867	0.005284671478799393	-0.003158281258896469	0.0047732440503662835	-0.007011146531703496	0.0037536033995273273	0.0006415648933165766	0.007760213849730232	0.011542757172352088	0.0009739717546369442	-0.009972029544089179	-0.008702712635261995	-0.00781085166134201	0.0034528419632553573	-0.00419581977304049	-0.011332783986178385	0.007433253680650296	0.0018146992856797849	0.008151311384195432	0.026570405895915535	-0.009799802834501293	-0.0054103838764302786	0.009509519932849046	-0.003064645814388086	-0.001972970247518249	0.011869857313563017	0.003969148434245356	0.013919343248494444	0.0020053764585756776	-0.0007417443699368744	0.0035625896563646745	-0.0020116933067566333	-0.004931692824947443	-0.0002370002504917508	-0.006267019873843903	-0.010983420181582581	0.004288856105284636	0.003951239689952915	-0.002584406632304239	0.0003123774509017534	0.0009815183502527134	0.0009638301401854908	0.0	0.0	0.0	0.0	0.0	0.0	0.0	0.0	0.0	0.0	0.0	0.0	0.0	0.0	0.0	0.0	0.0	0.0	0.0	0.0	0.0	0.0	0.0	0.0	0.0	0.0	0.0	0.0	0.0	0.0	0.0	0.0	0.0	0.0	0.0	0.0	0.0	0.0	0.0	0.0	0.0	0.0	0.0	0.0	0.0	0.0	0.0	0.0	0.0	0.0	0.0	0.0	0.0	0.0	0.0	0.0	0.0	0.0	0.0	0.0	0.0	0.0	0.0	0.0	0.0	0.0	0.0	0.0	0.0	0.0	0.0	0.0	0.0	0.0	0.0	0.0	0.0	0.0	0.0	0.0	0.0	0.0	0.0	0.0	0.0	0.0	0.0	0.0	0.0	0.0	0.0	0.0	0.0	0.0	0.0	0.0	0.0	0.0	0.0	0.0	0.0	0.0	0.0	0.0	0.0	0.0
S2017t2_E16-T2b-Male	-0.04692458903816718	0.11970740705912386	0.014077290162188765	-0.05036217130358471	0.07223559017834964	0.030731961920190103	-0.03661342978643675	-0.049913174739397305	-0.026506116409715726	0.0476419447868605	-0.0066764454773581014	0.08516033920905254	0.04370118828977899	-0.0464292451590181	-0.03172473449558705	0.0729005830100547	0.02009754614175833	0.014821800195775925	-0.1255802625746885	-0.07164107435197732	0.04683205880475213	-0.005971094671007202	0.00993503975668173	-0.005490364312227096	0.05845955404536822	-0.0058135843581191005	-0.016960574069739325	0.011308065038870295	0.031694193665412165	-0.0066053935507361	0.016674858768422073	-0.012701835275037356	-0.017651053942654395	0.0015770699005376505	0.009833915612058168	-0.030728259038458945	0.03373366251751091	-0.014124597713115984	0.006545195147753979	-0.015891418046070194	0.0015568499968146093	0.00038412987427249146	0.002192186874000789	0.014843754480418685	-0.008321652546407253	-0.005284471164552291	-0.012054940456286906	0.013985031483073663	-0.010407010636245736	-0.00983114458047894	-0.04132172935635796	-0.0010821534323436773	0.0032521941546537914	0.006106402707921779	-0.02652993716466124	0.004834399980525855	0.0030960276318104498	-0.0075237997497146275	0.0005145506773477211	0.015373961761550183	0.011760102982169635	0.03186661553460044	-0.015504368854983037	-0.020887913731343462	-0.010307475526190232	-0.007462793342894568	0.017180613598759584	-0.0031218272263003844	-0.00860196572465758	0.01904340470096609	0.017175935002147136	0.014095259288139013	-0.001321176374329691	0.02063760001975637	-0.018630448772472944	0.0048820606856956085	0.017299520223490628	-0.024067691698504267	0.0011921629476690425	0.007355795358362945	-0.0020978878362606585	-0.007510194472918749	0.013913931102641646	-0.009364150082028266	-0.0020577138199539065	0.009580921826842797	0.006641881365938311	0.0006611396939766337	0.008789914272375942	-0.003716927115240849	-0.007749547400159682	-0.0008117493494166843	0.0071923011971302435	-0.0075745762580826945	0.0006664238550945521	-0.005413582829470563	0.003396195990447108	0.0017322992064746098	-0.0050592174650616545	0.000560374617154405	-0.0015897020372582617	-0.0015349592295305432	0.0001950538638880248	0.00504024428439652	0.0009624063326512389	-0.0008121164196012202	0.000858112430133075	-0.0017171493633699794	0.0	0.0	0.0	0.0	0.0	0.0	0.0	0.0	0.0	0.0	0.0	0.0	0.0	0.0	0.0	0.0	0.0	0.0	0.0	0.0	0.0	0.0	0.0	0.0	0.0	0.0	0.0	0.0	0.0	0.0	0.0	0.0	0.0	0.0	0.0	0.0	0.0	0.0	0.0	0.0	0.0	0.0	0.0	0.0	0.0	0.0	0.0	0.0	0.0	0.0	0.0	0.0	0.0	0.0	0.0	0.0	0.0	0.0	0.0	0.0	0.0	0.0	0.0	0.0	0.0	0.0	0.0	0.0	0.0	0.0	0.0	0.0	0.0	0.0	0.0	0.0	0.0	0.0	0.0	0.0	0.0	0.0	0.0	0.0	0.0	0.0	0.0	0.0	0.0	0.0	0.0	0.0	0.0	0.0	0.0	0.0	0.0	0.0	0.0	0.0	0.0	0.0	0.0	0.0	0.0	0.0
S2017t2_E17-T2a-Female	-0.11139905306797256	0.07459835314044959	-0.04552525665403471	0.019326841732921332	0.12309804635907531	-0.13530435510228678	-0.01236532294678976	-0.005163899192024209	-0.04123815795840576	-0.025537659960298192	-0.042703896820711906	-0.06102192778110633	-0.01598141735133595	-0.06509224448349121	-0.017230171414847086	-0.03183182373220045	-0.027145875545057093	0.02618118486094305	0.04854688282833702	-0.012211578381748434	0.006511382180266508	0.023020043777708058	-0.0023849388049097652	0.03107363260118301	-0.0223640878879397	-0.01570741938279336	0.06820993259614573	-0.016275938057678865	0.01592569707191715	-0.025938450338493367	-0.03679355046756273	-0.008382463822200127	-0.03082583884248269	0.006753793624849061	0.06997363707484085	0.012975661277620525	-0.04320713261085885	0.018816801580634215	-0.026869354437316688	-0.05159952008216286	-0.009123077050150155	0.019103894581202353	-0.008439983547602106	-0.0018134292789861012	-0.013882788372298076	-0.00940223203823328	-0.012854248530962358	0.018518932866757924	-0.0022866419750548466	0.004416446820445309	-0.002343419771866161	0.01051726178080533	0.012980243683546082	-0.002256460834030538	-0.018394322361253705	-0.01914129282679344	-0.0016995849197017942	-0.0056475566355106335	-0.011199698793161333	0.0325679600478073	-0.008806958534680175	-0.012558843836278987	-0.0004608147623398659	-0.01937494181391154	-0.0022374909149167443	0.0002745360952601336	0.03528987082633009	0.033797715536794504	0.007710803626607329	0.01635780813591922	0.003538682815746892	-0.00580898021878217	0.029074926772591204	0.014177362445548871	0.007025758941411501	0.00887296292377992	0.0037724578817416444	0.0038081599742938407	-0.00043380484985262033	-0.010778851071567298	-0.004350815821070594	-0.015707947016951454	0.006408876299905172	-0.005767336661732743	-0.005590339592085112	-0.016063856811199262	0.005045183615860168	0.004987577464708832	-0.00028566695976539884	0.02015850484718702	-0.007934460105072825	-0.002308371793056554	-0.0030628455870599404	0.006183816214700309	-0.004578670641154009	-0.0069535367352941855	0.0003881525971987759	-0.004902840971899408	0.0033780080649352517	-0.003094341376538954	-0.00028602045466541616	-0.005353411514203038	-0.001252899540521646	0.005280952320013052	-0.0002964553294824648	0.0018436288591363072	-0.0007659991149353359	0.0013360752136955848	0.0	0.0	0.0	0.0	0.0	0.0	0.0	0.0	0.0	0.0	0.0	0.0	0.0	0.0	0.0	0.0	0.0	0.0	0.0	0.0	0.0	0.0	0.0	0.0	0.0	0.0	0.0	0.0	0.0	0.0	0.0	0.0	0.0	0.0	0.0	0.0	0.0	0.0	0.0	0.0	0.0	0.0	0.0	0.0	0.0	0.0	0.0	0.0	0.0	0.0	0.0	0.0	0.0	0.0	0.0	0.0	0.0	0.0	0.0	0.0	0.0	0.0	0.0	0.0	0.0	0.0	0.0	0.0	0.0	0.0	0.0	0.0	0.0	0.0	0.0	0.0	0.0	0.0	0.0	0.0	0.0	0.0	0.0	0.0	0.0	0.0	0.0	0.0	0.0	0.0	0.0	0.0	0.0	0.0	0.0	0.0	0.0	0.0	0.0	0.0	0.0	0.0	0.0	0.0	0.0	0.0
S2017t2_E17-T2a-Male	-0.14949861733238903	0.07309700325733286	0.02468182005112904	-0.0242445818798481	0.04431588954120187	-0.08862143947840782	0.08818435648299043	0.06496898217029233	-0.09998652361840529	-0.10999834814049149	0.03074233747609807	0.017212834600213636	0.06712947439100878	-0.006486774178751801	-0.08840876222601449	0.04381491548312186	-0.07319021400969085	0.017312462087201705	0.0018044161998057107	-0.0033319529088051024	0.0490061210843955	0.04057118526334174	4.8137274731597853e-05	0.010999275870719983	-0.003164023141069947	-0.004664216968019885	0.0366319562513357	-0.00824070409179002	-0.001705200788548491	0.03325467132823887	-0.004581077652322664	0.013588568090751341	-0.01888212033495229	0.034086604703083154	0.01737466605789705	-0.026062740271081426	-0.04423501963407179	-0.012193523637277706	-9.528526430521958e-05	-0.027428915608492015	-0.008910621495789759	-0.023105929576082464	0.01598676624723267	0.006664281381310432	0.03511059701622513	-0.012670422346595727	-0.004333843535050183	-0.01661198495510304	0.01882935902442878	-0.016471157598503497	0.0036796659993432452	-0.01194703655516193	0.003913424374714728	0.0004495035483795825	-0.004910506253666357	0.00550955335369441	0.006724872476001864	0.001641296511533232	0.0028813276828085687	0.02213203492349895	-0.001712562586317713	-0.027998957462425894	0.00960228057250811	-0.005103302553001477	0.014407032132134833	-0.0008504995981982389	0.018760220582274237	-0.0024873324023814607	-0.004656532654357818	-0.00014207279280430076	0.0058373313230592715	-0.0050417261982052125	-0.0005306833623408496	-0.011996660550932276	-0.0034870400990723886	0.008796206253181038	0.0055872068006719	0.00018948344838477804	0.004326598552758491	0.000689186858613068	-0.013910092764212834	0.005605913112494009	0.004136952787651801	0.009362302846287902	-0.000768575264675015	0.0003185805929596756	-0.002208637075277739	0.004717989675050554	-0.009988626549869473	-0.0018105934917577206	-0.0033156872039620654	0.004928750735483378	-0.007005786624558183	-0.0007865405995794606	-0.003519932928660276	0.0027145416068345323	-9.484748461362884e-05	-0.004346549121098327	8.080047967295073e-05	0.004907438316483408	4.363414969625962e-05	0.008919042998775951	0.001537956485157557	0.0026136310833162085	-0.0007147404132387911	0.0014714213492109274	-0.0001862233109831468	0.00013873457951791928	0.0	0.0	0.0	0.0	0.0	0.0	0.0	0.0	0.0	0.0	0.0	0.0	0.0	0.0	0.0	0.0	0.0	0.0	0.0	0.0	0.0	0.0	0.0	0.0	0.0	0.0	0.0	0.0	0.0	0.0	0.0	0.0	0.0	0.0	0.0	0.0	0.0	0.0	0.0	0.0	0.0	0.0	0.0	0.0	0.0	0.0	0.0	0.0	0.0	0.0	0.0	0.0	0.0	0.0	0.0	0.0	0.0	0.0	0.0	0.0	0.0	0.0	0.0	0.0	0.0	0.0	0.0	0.0	0.0	0.0	0.0	0.0	0.0	0.0	0.0	0.0	0.0	0.0	0.0	0.0	0.0	0.0	0.0	0.0	0.0	0.0	0.0	0.0	0.0	0.0	0.0	0.0	0.0	0.0	0.0	0.0	0.0	0.0	0.0	0.0	0.0	0.0	0.0	0.0	0.0	0.0
S2017t2_E17-T2b-Female	0.07385251745855602	0.14181210118979257	0.0071050460022575425	-0.009706394353715977	0.14756418607691127	-0.0019299864845093487	-0.013107824088750407	-0.07250705162272444	0.011334889201924324	0.060947746738123795	-0.05013180977463544	-0.0029641938230947616	0.06033190712095326	0.02064707142519251	0.022247986541915912	0.04618326232024109	-0.018522889482243288	-0.025095965598858034	0.014486964500484452	-0.03455990814921203	0.024179500731395156	0.02140929021915235	-0.020471710981592974	-0.03364051055454264	0.02414077504368352	0.005818467343780701	0.028769673374529625	0.016278281095833992	-0.01971228453755415	0.01711315187933842	-0.0008774955557418614	-0.03736612420952935	0.021033046249253236	0.022508273027540587	0.031249098570126352	-0.06327644954748553	-0.008508530479618175	-0.002652951498462074	0.033971162416053045	0.018480802580522194	-0.008819709219785143	-0.02207594723556978	0.028076669162590412	0.0007488399428410694	-0.02239060511771579	0.022353231543199893	-0.020516269412237442	0.017774689997642548	-0.00025585388363573837	0.022027976127731847	-0.02533747756061122	0.008347743264705216	0.024226201420379723	0.03339451509729314	-0.013303509216962344	0.01654689066899365	0.023301873533001567	-0.001654902862393826	-0.014077794866653063	-0.014130567849026105	-0.020552528684741642	-0.042767779298458014	-0.005252642328606019	0.010241239680329913	-0.03277464264207878	-0.024562006988226356	0.02412229305356645	-0.007464468134237807	-0.02338056044499667	-0.008373125957248017	-0.015635804231683235	0.003851772904953834	-0.0018808216240939093	-0.0002563226556378079	0.0015331922062323164	-0.006096376247031557	-0.01584465794656972	0.00012924847181488774	-0.015591873574504093	0.0002608138873772594	0.01729205144418115	0.00637106233307918	0.0017643647653854272	0.0065407455295843145	0.0031660076412664963	0.005600893452154086	-0.011175399049624847	-0.011626431412797195	-0.025878345950004274	-0.008309618493762227	0.0028146899367779343	0.005852282007933798	0.0019051404153466634	-0.00759167965279963	0.00477009425683378	-0.004723237167796981	0.0044569908064687564	0.0009842211343237433	-0.004783404222367193	0.012021596339455782	0.005062448539324709	-0.00398770815631467	5.5199454305388025e-05	-0.0021771511168169355	0.0012966340956495224	0.0011124950151271064	-0.003179647715110767	0.0015749698167324636	0.0	0.0	0.0	0.0	0.0	0.0	0.0	0.0	0.0	0.0	0.0	0.0	0.0	0.0	0.0	0.0	0.0	0.0	0.0	0.0	0.0	0.0	0.0	0.0	0.0	0.0	0.0	0.0	0.0	0.0	0.0	0.0	0.0	0.0	0.0	0.0	0.0	0.0	0.0	0.0	0.0	0.0	0.0	0.0	0.0	0.0	0.0	0.0	0.0	0.0	0.0	0.0	0.0	0.0	0.0	0.0	0.0	0.0	0.0	0.0	0.0	0.0	0.0	0.0	0.0	0.0	0.0	0.0	0.0	0.0	0.0	0.0	0.0	0.0	0.0	0.0	0.0	0.0	0.0	0.0	0.0	0.0	0.0	0.0	0.0	0.0	0.0	0.0	0.0	0.0	0.0	0.0	0.0	0.0	0.0	0.0	0.0	0.0	0.0	0.0	0.0	0.0	0.0	0.0	0.0	0.0
S2017t2_E17-T2b-Male	-0.009238577285108863	0.08679963374610147	0.04713482507755278	-0.07687618945656338	0.04628926932961473	0.011053533822541085	0.080774191493598	0.11182638863829042	-0.02455544994775169	-0.004528247894198781	-0.009520929848525135	-0.036100759806113436	0.00656865545414968	-0.021389591764698217	-0.004010608313609357	0.0008699519229571932	-0.07122749524443665	0.05079756824927497	0.04934597475373915	-0.013197908496999141	-0.04193803345550061	0.10369233688960772	-0.05438331562782499	0.019689928924271974	0.005750911395482014	-0.021628844649621528	0.044575038291611885	0.05006079336952617	-0.022589492207699367	-0.002102171612578586	-0.010162439286070262	0.02269900640342049	-0.015167690695967045	0.05745390916661234	0.0564771313791193	-0.010955593353317342	-0.025377214425906763	0.018167757357239016	0.009568388533897767	0.0036527598880342804	-0.021577980060468776	-0.015005116153682701	-3.703327172245359e-05	0.022412329627114872	0.059632143751902456	-0.023110141534491067	-0.00952129180355894	-0.03745752162691749	0.037426057349416356	0.023865949449668883	0.011351402579702711	0.010421274565210723	0.02122477704574738	0.012248917834058425	-0.04090572518068136	0.03647840888365636	0.020245158258759263	0.022014505221982776	-0.004789761788246264	0.018824978365750734	-0.018623965148812264	0.029141162026328844	-0.0013519408985964757	0.01612722636955406	0.002683181760661343	-0.027977067546549283	-0.0018293140620941014	-0.014798263431403998	-0.019910312738649277	0.018259307707741222	0.0006279794373656462	-0.015263575706874342	-0.007667034264484831	-0.009794941338012161	-0.01162833797521325	-0.004392589212404115	0.0026152296174121866	0.012230453146910392	0.009376507542450025	-0.007154544216893999	0.0019359486339770567	-0.014753428180010372	-0.0031292458694671533	0.0016858860389695276	0.009920969886015561	0.004504977624068474	0.0020561426219281877	0.00040468238408797807	0.0013829455311050302	-0.007067112354356678	0.008419986763143473	0.009154710647591942	-0.011745313476773954	-0.005001382882299885	0.00833160366363646	0.011456076211391043	0.0003613790786385774	0.002476681334877984	-0.006828523130233484	-0.00016385587201934573	-0.007741129545306726	-0.0021225613444306873	0.00025196462155426794	-0.00036443468851434066	-0.00036303881418353037	-0.0003722836516516483	-0.00030755196383365605	-0.0007471356665655304	0.0	0.0	0.0	0.0	0.0	0.0	0.0	0.0	0.0	0.0	0.0	0.0	0.0	0.0	0.0	0.0	0.0	0.0	0.0	0.0	0.0	0.0	0.0	0.0	0.0	0.0	0.0	0.0	0.0	0.0	0.0	0.0	0.0	0.0	0.0	0.0	0.0	0.0	0.0	0.0	0.0	0.0	0.0	0.0	0.0	0.0	0.0	0.0	0.0	0.0	0.0	0.0	0.0	0.0	0.0	0.0	0.0	0.0	0.0	0.0	0.0	0.0	0.0	0.0	0.0	0.0	0.0	0.0	0.0	0.0	0.0	0.0	0.0	0.0	0.0	0.0	0.0	0.0	0.0	0.0	0.0	0.0	0.0	0.0	0.0	0.0	0.0	0.0	0.0	0.0	0.0	0.0	0.0	0.0	0.0	0.0	0.0	0.0	0.0	0.0	0.0	0.0	0.0	0.0	0.0	0.0
S2017t2_E19-T2a-Female	-0.09720498803311514	0.035385009768024056	-0.040307314827273136	-0.0660616393055764	-0.04227635784375094	-0.13096124493731176	0.1222628189482507	-0.009721607276687232	-0.05261083421255962	-0.06292983615697419	-0.04432363678778346	-0.05096242081323496	-0.052593479034480486	0.03579600855024607	-0.03498955830531783	-0.038623742264237315	-0.015168247943718998	-0.03405183291999161	0.0655479434883957	0.005561521534470725	0.06177361237252904	0.0058885909843392524	0.022998291836640015	0.029725828894965684	0.023609697794421597	-0.032671414351363615	-0.005625799847285702	-0.028218333951023165	-0.02387000144830325	-0.062215049660785435	0.04433688654634429	0.04800235084576546	0.023142899683342766	-0.014242503556885559	0.07357578051865106	0.021063889055002765	-0.033031730992032673	0.006551670238100295	0.020303187032547753	-0.01784956849710549	0.03153902190598237	-0.01363589508829531	-0.023282454201283748	-0.000741888530424014	0.006766621596813399	-0.01696531324792016	0.016326789338879592	-0.027893819559816145	0.009132429274145239	-0.011461287597112372	0.030517349449742947	-0.01679424262317903	-0.002596298975412555	0.015486994994383935	0.005466151950583355	-0.0021823638827392754	-0.014957298085640874	-0.007701562143144594	0.011959394930008227	-0.006000883870632266	0.004124584626352965	0.017139467682906036	-0.0010176881566969064	0.013886705896836429	0.020442371589627598	-0.008857567423988853	-0.004407313272896351	0.011701393983487204	-0.0010511137193540355	0.002227419509610538	-0.003585096433174053	0.009768981868692673	0.003973440116928041	0.005869519037216971	-0.009862811104297042	-0.006347167704099741	-0.0018022658565903038	0.002596304039077614	-0.009036478854235173	0.007527475898356275	-0.0004279373288105025	0.013182841002298584	0.0012515642862331812	-0.008775098408643071	0.011511715070186123	-0.008078709998399136	0.019695647022216285	-0.010894898200456478	-0.010646794053231047	0.007123626068349671	-0.008161535887165066	-0.014601322892339657	0.017854423535419425	-0.006408882519165664	0.01154300943526115	0.0002625761266630608	-0.004975661284799285	-0.004889331428383651	-0.0013551980117593487	0.0025658044657173745	0.0011604405045662197	0.010657188836803999	0.00343137756187731	-0.0003945464414990953	0.0007770056795217984	-0.0031533188068822962	-0.003948938031632955	-0.0004000872250624683	0.0	0.0	0.0	0.0	0.0	0.0	0.0	0.0	0.0	0.0	0.0	0.0	0.0	0.0	0.0	0.0	0.0	0.0	0.0	0.0	0.0	0.0	0.0	0.0	0.0	0.0	0.0	0.0	0.0	0.0	0.0	0.0	0.0	0.0	0.0	0.0	0.0	0.0	0.0	0.0	0.0	0.0	0.0	0.0	0.0	0.0	0.0	0.0	0.0	0.0	0.0	0.0	0.0	0.0	0.0	0.0	0.0	0.0	0.0	0.0	0.0	0.0	0.0	0.0	0.0	0.0	0.0	0.0	0.0	0.0	0.0	0.0	0.0	0.0	0.0	0.0	0.0	0.0	0.0	0.0	0.0	0.0	0.0	0.0	0.0	0.0	0.0	0.0	0.0	0.0	0.0	0.0	0.0	0.0	0.0	0.0	0.0	0.0	0.0	0.0	0.0	0.0	0.0	0.0	0.0	0.0
S2017t2_E19-T2a-Male	-0.12905302823864073	0.08251448469489417	0.09023345244815319	0.044840201569842496	-0.038532889285851926	-0.05671609779166358	-0.059452927757738215	0.07428444449081521	-0.11033468911231827	-0.012926430541127909	-0.025807284494086764	-0.0842754941347585	0.1206231524254321	-0.013634396079009481	0.01807498682167888	0.0298923517144765	-0.06563812859194759	-0.029315368888577862	0.08922309201540476	0.014150870819909565	-0.032622809343583296	-0.08608627515383235	0.007740372493073685	-0.00638765156715593	0.025531492152295603	-0.026339945593689372	-0.02068987038273078	-0.008426291349812222	-0.0014268172262596908	0.022001972689538563	0.023465152444691908	-0.0260309558897326	-0.020123427084315658	-0.0058785968749184596	0.0007670520091580521	-0.033945214794147444	-0.06462036526682538	-0.004705854228793414	0.018474442021704875	-0.004573604274346031	-0.0019777894054801926	-0.005810039178735461	0.029531839607586794	0.007744973646699165	0.015621652292935167	-0.02016252900547507	0.03456008856292287	-0.016900073524276193	-0.01972450193583671	0.012564440383641053	-0.0014347583310089786	-0.014049406791021422	0.01661941923479099	0.011180445022887855	-0.03519558733402337	0.01693882126064105	-0.0009115612225105898	0.0012260026146750287	0.0015922461952511072	0.024444784871944132	0.004712250934458579	0.01884288792426301	0.01847517459945881	0.0028799343017504734	0.007029175478966266	0.006360568783647123	0.013798285225985158	0.002269684045496344	-0.005977100788442038	-0.011237768618814441	-0.001667571447145889	-0.023635578583511032	-0.025554643675308776	-0.009454442560216684	-0.006793224915335861	-0.005404177897550773	0.004104690421524767	0.005186534105492574	0.00515769021275074	-0.008029129206192882	-0.00889081909299091	0.011716317131654741	-0.002280201053444732	0.005487536880841644	-0.011510345416613653	-0.004338576236502375	0.0029639419607605513	0.001173848533489777	0.0042117458479789555	-0.004954754668079445	0.005702372607575657	0.0018868914113054755	0.002701973367270372	0.0012914555886782376	0.004150454969926196	0.012614218360276168	0.0048622101069368115	0.00610501151459894	-0.0042629827425811305	0.005860329532367597	-0.004148342593399461	-0.003980032473818745	0.004800120915953133	0.0005423154725647099	0.0017475713666107939	-8.488750167691446e-05	-0.00037141232817632536	0.002328187288597005	0.0	0.0	0.0	0.0	0.0	0.0	0.0	0.0	0.0	0.0	0.0	0.0	0.0	0.0	0.0	0.0	0.0	0.0	0.0	0.0	0.0	0.0	0.0	0.0	0.0	0.0	0.0	0.0	0.0	0.0	0.0	0.0	0.0	0.0	0.0	0.0	0.0	0.0	0.0	0.0	0.0	0.0	0.0	0.0	0.0	0.0	0.0	0.0	0.0	0.0	0.0	0.0	0.0	0.0	0.0	0.0	0.0	0.0	0.0	0.0	0.0	0.0	0.0	0.0	0.0	0.0	0.0	0.0	0.0	0.0	0.0	0.0	0.0	0.0	0.0	0.0	0.0	0.0	0.0	0.0	0.0	0.0	0.0	0.0	0.0	0.0	0.0	0.0	0.0	0.0	0.0	0.0	0.0	0.0	0.0	0.0	0.0	0.0	0.0	0.0	0.0	0.0	0.0	0.0	0.0	0.0
S2017t2_E19-T2b-Female	-0.040556638951507025	0.024234900062783775	0.05086557095210092	-0.13062477844329187	-0.08344234207312277	0.0428861575335124	0.06670309614127164	0.13613410093465964	-0.03810997191716708	0.046323311128188376	-0.002436262535322984	-0.06718880042086309	0.09799428126151723	0.01941722643399259	-0.031019749130786933	-0.03416368748439643	-0.013431840847019812	-0.048694220436568146	0.03391933298143145	0.018225969839073396	-0.013419717082163279	-0.01489199545569819	0.031051490082341975	-0.07264974455920561	-0.02513996962354342	0.0012743466141713167	-0.02818461161641196	-0.054797872398389486	0.06710666129994151	0.018595888660179496	0.04528236681275473	-0.02019823506203587	-0.022573480956290734	0.003588922868274888	0.0025129827273832625	0.09737671744233709	0.015895422321098855	0.03684818181087864	0.03370200154824088	-0.0004924259536360658	0.07739887580221981	-0.00032496686284542525	-0.05913818216776203	0.0017648411269132569	-0.04052695916159034	-0.08070638567411366	0.0239062458774822	0.05243053731876271	0.02820731958871128	-0.02350993419374068	-0.017371132845493353	0.027818832206662075	0.010366320408796433	-0.003717594481249143	0.05215982112497593	0.01244232254368559	-0.030956076030666222	0.01593038287455271	-0.04449621153199388	-0.036867650356642974	-0.003717092519348378	0.024253670131167845	0.01105169530871157	0.03261430631027639	-0.012268409580356757	-0.02243730216831124	-0.003575065273249592	0.02724404346660233	-0.02137603402750611	0.03273683670649733	0.02867687761761582	0.0008546853522291485	0.023438257254097872	-0.0009341311454110102	-0.03411036052366032	0.02787924551100587	-0.010152954359817171	0.016128109032577394	0.02281056870021528	0.010472992957002296	0.011155675422764433	0.01600892114841483	0.022395544960940126	0.017417948397626257	0.008412665662063593	-0.010220747263522442	-0.00018460580458548305	0.0009397979033646606	-0.01118819849584962	-0.009943362754901208	0.0006445336002823378	-0.013310286333182516	-0.004643368251066569	7.004302935247281e-05	-0.003515182071662236	0.006627176800848236	-0.005012164947822508	-0.002028607352185519	-0.005235231630994152	0.0006926173668245349	-0.0022983435835089772	-0.007543435008403095	-0.005682424362129266	-0.0013241470854774326	-0.006466379754442206	0.004286970995204091	0.003850013309661783	0.0026615382244689783	0.0	0.0	0.0	0.0	0.0	0.0	0.0	0.0	0.0	0.0	0.0	0.0	0.0	0.0	0.0	0.0	0.0	0.0	0.0	0.0	0.0	0.0	0.0	0.0	0.0	0.0	0.0	0.0	0.0	0.0	0.0	0.0	0.0	0.0	0.0	0.0	0.0	0.0	0.0	0.0	0.0	0.0	0.0	0.0	0.0	0.0	0.0	0.0	0.0	0.0	0.0	0.0	0.0	0.0	0.0	0.0	0.0	0.0	0.0	0.0	0.0	0.0	0.0	0.0	0.0	0.0	0.0	0.0	0.0	0.0	0.0	0.0	0.0	0.0	0.0	0.0	0.0	0.0	0.0	0.0	0.0	0.0	0.0	0.0	0.0	0.0	0.0	0.0	0.0	0.0	0.0	0.0	0.0	0.0	0.0	0.0	0.0	0.0	0.0	0.0	0.0	0.0	0.0	0.0	0.0	0.0
S2017t2_E19-T2b-Male	0.06502698360461276	-0.23490760451998377	0.19248988927975402	-0.05273518558267154	0.008708541560513837	-0.026953740641750233	-0.07514584330890546	-0.04136422162988195	-0.17301025101275597	0.0035153005418342045	0.008047189284534793	-0.049428178599324996	0.1087270922139045	0.11391001779556914	-0.005030895737738897	0.08060266286061732	-0.030990502591008714	-0.00311571193807363	0.06659245186815312	0.027557518327035995	-0.05087132932844443	-0.05626693151653109	0.04284840509004433	-0.02317391641691555	0.0311029852933862	0.019792537988125598	0.028667137702159583	-0.02494689913357756	-0.01541680045567263	-0.013444128433797397	-0.01448962304609159	-0.020195274405635677	-0.03608734381502691	-0.004726222284946805	-0.025829415566187282	-0.003527304135025712	0.012238958175230765	0.035870288701184944	0.012367807127788845	-0.04755987141939098	-0.0088714526205259	-0.015030973186809156	0.04560630233482754	-0.0012115131199978999	0.05854026216642925	-0.046902134381683606	0.026653411506965496	0.02124526978878009	-0.015920120604008645	0.04423393290528786	0.035156535792840955	0.02123241057402469	-0.010433178782067754	0.0325267982678563	0.01708070648717986	-0.09000194876545271	0.04703061918255218	-0.005253282813590174	0.03070870546937594	-0.006896533665632916	-0.03558703598256804	0.04687393238029809	-0.04971904106990608	-0.018626132358356695	0.021759187351861158	-0.0077206852907553665	-0.028688257196437097	-0.043258466234891484	-0.018033320532310663	0.016023839857602806	-0.02565996898963201	0.023082679262753047	0.032263525268426727	0.010392109173355426	0.004934172449977528	0.004945697789940069	-0.011581455357846101	-0.0026620813798174272	0.03098940851946285	-0.004966149673867687	-0.010961145785313972	-0.01891012571992755	-0.01548578321462063	0.012449822410253216	0.006770391275776511	0.004834816553143767	-0.002431424125701956	0.022016638057499458	0.0017447873861881646	0.012588536487856489	0.011180504891024352	-0.006511197529718478	0.010717332511819187	0.005565894436868528	-0.0034097860532884537	-0.010050310940201701	-0.0017483003561578636	-0.0074781689773763815	0.008414918458694806	-0.005486129398938916	0.001058212227905281	0.0037840063488649316	-0.0022680937205776662	-0.0023207090368924863	-0.001613252010628744	-0.005499389616201802	-0.0029987959348784714	0.0007839948898501809	0.0	0.0	0.0	0.0	0.0	0.0	0.0	0.0	0.0	0.0	0.0	0.0	0.0	0.0	0.0	0.0	0.0	0.0	0.0	0.0	0.0	0.0	0.0	0.0	0.0	0.0	0.0	0.0	0.0	0.0	0.0	0.0	0.0	0.0	0.0	0.0	0.0	0.0	0.0	0.0	0.0	0.0	0.0	0.0	0.0	0.0	0.0	0.0	0.0	0.0	0.0	0.0	0.0	0.0	0.0	0.0	0.0	0.0	0.0	0.0	0.0	0.0	0.0	0.0	0.0	0.0	0.0	0.0	0.0	0.0	0.0	0.0	0.0	0.0	0.0	0.0	0.0	0.0	0.0	0.0	0.0	0.0	0.0	0.0	0.0	0.0	0.0	0.0	0.0	0.0	0.0	0.0	0.0	0.0	0.0	0.0	0.0	0.0	0.0	0.0	0.0	0.0	0.0	0.0	0.0	0.0
S2017t2_E23-T2a-Female	0.24534703799664223	-0.009754093958917694	0.013019823948335557	-0.031195964034754452	0.03861662340331679	0.03570582595829737	0.002615763554265695	0.08185203914422673	-0.0870503519173965	-0.004304987480876501	-0.03685576361437659	-0.03385738654281456	0.1292635426783122	-0.05985511366618738	0.07654454879457358	0.10345131862299413	0.04153939199627811	-0.005755623307453651	-0.024217254606611803	0.0582360963111039	-0.013324976382773608	-0.02684383065923626	0.046583804037128036	0.037374203814651404	-0.011589400470138171	0.005924838790086237	-0.04482675562093309	-0.0573251270001039	-0.025112352198287047	0.02895263884185135	0.010240552540303772	-0.036655771754842095	0.03190659379938885	0.007775168600488382	0.055457616895716835	0.0357478928775386	0.030096812105500623	0.008940426785921864	0.006651027847760839	0.03420568051356219	0.006682794476466723	0.022134280108382975	0.03257821526456068	0.009895962455507118	-0.06523516640514278	-0.022803931915085656	-0.025677926751988486	-0.0017156931043408041	-0.03517766156524116	-0.03195087075461209	0.014351633712597385	-0.017570923505337423	0.024010905486302726	-0.00859445339394355	-0.020157256397440315	-0.019566819098517266	-0.0199978368164652	-0.05499075889933867	0.03069674992142577	0.01705315874986709	-0.0013820161239146715	-0.032152634665462906	-0.01923240692717266	0.007874248057005562	0.03305641352603449	-0.007192624805862715	0.006640009234359352	0.008582312465035795	0.0024038569770978443	0.004410797782439409	-0.0002581941175492508	-0.0004473610399282771	-0.015094790495639119	-0.00017567220779391262	0.02748267379937005	0.002477909347053221	0.0056396049332155624	0.008093500459467235	-0.021908936474446666	0.010266171012128272	0.014683459110935347	0.005977481163260818	0.0005152195443077943	-0.004040135834937017	0.0022034782943816107	0.0030277440328449817	-0.018224101595015602	0.017654595567507907	-0.00529957600260334	0.01220357840990441	-0.022243144554310472	0.008770394985489732	-0.010261163052607896	-0.020416243541184768	0.007686492911858993	0.011614147828308542	0.0022590352178473707	-0.0007590490454030859	-0.0036560069862550783	-0.0033037411829156013	-0.010764016772516902	0.0004889199782321357	-0.0030594025792028997	-0.001280825362868746	-0.004558372171969488	0.0016774378952843453	-0.00025090435757846357	-0.0038459672349954763	0.0	0.0	0.0	0.0	0.0	0.0	0.0	0.0	0.0	0.0	0.0	0.0	0.0	0.0	0.0	0.0	0.0	0.0	0.0	0.0	0.0	0.0	0.0	0.0	0.0	0.0	0.0	0.0	0.0	0.0	0.0	0.0	0.0	0.0	0.0	0.0	0.0	0.0	0.0	0.0	0.0	0.0	0.0	0.0	0.0	0.0	0.0	0.0	0.0	0.0	0.0	0.0	0.0	0.0	0.0	0.0	0.0	0.0	0.0	0.0	0.0	0.0	0.0	0.0	0.0	0.0	0.0	0.0	0.0	0.0	0.0	0.0	0.0	0.0	0.0	0.0	0.0	0.0	0.0	0.0	0.0	0.0	0.0	0.0	0.0	0.0	0.0	0.0	0.0	0.0	0.0	0.0	0.0	0.0	0.0	0.0	0.0	0.0	0.0	0.0	0.0	0.0	0.0	0.0	0.0	0.0
S2017t2_E23-T2a-Male	-0.09508534469111123	0.05277690766532872	0.005430456653753333	-0.0788621695202311	-0.06097332162516942	-0.07444833382405629	0.0779389189737254	-0.03545845650419794	-0.09084819136440667	-0.063490731712073	-0.10877576336702185	0.03506452069547801	0.03466493488668699	-0.0523166154729943	-0.04670423352356862	0.016956597947931296	0.006977931426363777	0.09101346440152006	0.022608407798319474	0.00906655514112096	-0.00485375470882438	-0.023403325352166743	0.022516596738593478	0.009469294979707402	0.006240087842186882	0.03980291391407568	-0.07765534632206539	0.00961323169821119	-0.015073588215329675	0.019304533216699046	-0.01255425676592242	-0.00029091330072809554	-0.03228638166342005	-0.014760899457139444	0.026929770065179805	-0.0422346855246952	-0.009089206614960942	-0.04700711163418909	0.009148960766703188	0.013928588835881162	0.020907610908347966	0.017475001874339542	-0.01441681480859343	-0.013039400436702993	-0.009919079448084383	-0.017469432972829255	-0.012258933203605897	-0.021504780035459248	-0.019306897545714283	-0.03950617915588961	0.007618184280444666	-0.008552110189763228	-0.00974392778342235	-0.014644673565396844	0.020960547384362357	-0.008599345997346644	-0.026035117184358244	-0.002347187184659362	0.006219695776361862	0.0035970375435107694	0.027469403973079315	0.0038331678460017836	-0.00772856054086518	-0.009070042576112675	0.01397245284269128	0.044823071857822624	0.01822244509095552	-0.01813976290303353	-0.01199154632098269	0.003715425832103609	0.014637088621259904	0.003397283240814341	-0.01516671616810313	-0.002954530379986297	0.008687889921844728	-0.02282964684993163	-0.008155888307938716	-0.009381696051781782	0.015319942836585904	0.006919359744549859	-0.003913331385577848	0.004462312964429815	0.005414918510199904	-0.012243419366076449	-0.006057649472403665	-0.004554499740996534	0.0017405246790646743	-0.005411342059985966	0.011038823128941696	0.003291603930214053	0.001274807173579689	-0.011217753378357278	0.004659025276650964	-0.0015770957929076867	-0.0010973188646878037	0.0025071334396899285	-0.0016446091383901173	0.004975056538806328	0.001688944250319758	0.0014381139935713781	0.004280173709373754	-0.00641915674701531	-0.000413726106672287	0.0018466700300693816	-0.0024768093038685587	0.0010078928433351697	0.0012000297720492748	-0.0006359908485914563	0.0	0.0	0.0	0.0	0.0	0.0	0.0	0.0	0.0	0.0	0.0	0.0	0.0	0.0	0.0	0.0	0.0	0.0	0.0	0.0	0.0	0.0	0.0	0.0	0.0	0.0	0.0	0.0	0.0	0.0	0.0	0.0	0.0	0.0	0.0	0.0	0.0	0.0	0.0	0.0	0.0	0.0	0.0	0.0	0.0	0.0	0.0	0.0	0.0	0.0	0.0	0.0	0.0	0.0	0.0	0.0	0.0	0.0	0.0	0.0	0.0	0.0	0.0	0.0	0.0	0.0	0.0	0.0	0.0	0.0	0.0	0.0	0.0	0.0	0.0	0.0	0.0	0.0	0.0	0.0	0.0	0.0	0.0	0.0	0.0	0.0	0.0	0.0	0.0	0.0	0.0	0.0	0.0	0.0	0.0	0.0	0.0	0.0	0.0	0.0	0.0	0.0	0.0	0.0	0.0	0.0
S2017t2_E23-T2b-Female	0.17455172883539197	0.052143910801541	0.006092795518173008	-0.13203237062727652	0.005588324182817817	0.0175114521329112	-0.018696415247794508	0.01825954473321401	-0.11777887994382048	0.022495207158845294	-0.1228021216270206	0.0085163264078835	-0.011060528058677934	-0.034710512222092094	0.01415533145549393	0.058562584565986224	0.053184076517122265	-0.04980182494959328	-0.026012483422125112	0.04259353140744121	-0.06986731176711246	-0.005488329225709044	0.03414811691568907	-0.031621711185631486	0.059665755617376255	-0.044486673542923065	-0.05416933610476206	-0.027128143179830224	-0.017259859100653786	0.01699461044184991	0.005981860758551648	0.009109807561281052	-0.026673057999861763	0.06331030760263395	-0.06809974355670828	0.004786018384065216	0.0013112792198663422	-0.005560558364930952	-0.020368065603070095	0.004334866142018251	0.006635400773780184	0.022509312992285098	-0.00346037418572883	-0.01101649896326787	0.020909279384352573	-0.0005980892107291524	0.01280513697304051	-0.01606558148029387	0.012915822732727202	0.036127923413405316	0.007752548615035109	0.02001610600940626	-0.007972164825301664	0.025699880483296706	0.04472337987489182	0.0022249396617112045	0.0052236352524579295	0.013593480305914542	0.0026747881439840504	-0.004697135191825039	0.001744400415322656	-0.027401819049190205	-0.02925522486724917	0.006878003431813875	-0.011839726665017824	-0.0199531210105518	0.03651298921236286	0.02179466485668826	0.01839571034668966	-0.0010638665744156263	-0.007419182926992169	0.020004285023798273	-0.008158656149956159	-0.010316830586639947	0.002074713239941932	0.007137680181694157	0.02665313501073346	-0.012135326357244324	-0.008099470939657693	0.006758907492063207	0.01564783271088949	0.0022227561673705027	-0.0024222947515095336	-0.011542918360047859	-0.007709799049787063	-0.0164318977329691	-0.0070234573770205245	0.009050308370922503	-0.006922802053076287	-0.00608455602768017	-0.007866735997641417	0.004869701424053111	-0.0039844274109252144	0.00040467556000424167	-0.010536009149332252	0.0005032795862977576	0.0032789566668024093	-0.00019118371265109278	0.002611785456631704	0.003026435619180427	-0.0036100309734169774	0.0018149307975131757	0.004238995149422976	-0.0024548159686916607	0.0012345549925642616	0.0022476911772689005	0.0010274735166521025	-0.0008948719191776927	0.0	0.0	0.0	0.0	0.0	0.0	0.0	0.0	0.0	0.0	0.0	0.0	0.0	0.0	0.0	0.0	0.0	0.0	0.0	0.0	0.0	0.0	0.0	0.0	0.0	0.0	0.0	0.0	0.0	0.0	0.0	0.0	0.0	0.0	0.0	0.0	0.0	0.0	0.0	0.0	0.0	0.0	0.0	0.0	0.0	0.0	0.0	0.0	0.0	0.0	0.0	0.0	0.0	0.0	0.0	0.0	0.0	0.0	0.0	0.0	0.0	0.0	0.0	0.0	0.0	0.0	0.0	0.0	0.0	0.0	0.0	0.0	0.0	0.0	0.0	0.0	0.0	0.0	0.0	0.0	0.0	0.0	0.0	0.0	0.0	0.0	0.0	0.0	0.0	0.0	0.0	0.0	0.0	0.0	0.0	0.0	0.0	0.0	0.0	0.0	0.0	0.0	0.0	0.0	0.0	0.0
S2017t2_E23-T2b-Male	0.007237391375824768	0.06944326562528073	0.049441143954491736	-0.05669500063728753	-0.08297311506561139	-0.02393343140243168	-0.014208197195795094	-0.029729185822369626	-0.21559452618068176	-0.08008894694415632	-0.05086146605917916	0.05750333173649199	0.06504752820277358	-0.044705242200819686	-0.06711351486078557	0.10900760524496436	0.0443621447029698	-0.02154143798030716	-0.03844374746542561	0.030558974660722403	-0.003096906920069956	-0.055397891653913886	0.042016862871365745	-0.00033513025248115496	0.026953267484308704	-0.014816748762048429	-0.038547099612082567	-0.01641337106620896	-0.00960349210226688	0.006027452771668661	-0.03929959226212	0.01648182105378129	0.03191628015267242	0.028066128615906	0.006814132542387013	0.012175261849419985	-0.03314906877573782	-0.018913971095903554	0.023774370710249976	-0.03439254785984649	-0.003916190601543685	-0.025906615301397533	-0.009991259007170485	0.03047595945079062	-0.006588780172039319	-0.026596257551300097	0.021817152033251377	-0.022834384574532324	-0.024299381280019714	-0.021504641097749085	0.0014395658968500234	-0.02237941108171005	0.026573613219857056	-0.0025418533172280157	-0.00576392715654345	0.011174143126377354	-0.01031264342694234	-0.0012667982114260403	0.0005836285873519883	0.01757075600627131	0.018394735624623095	-0.002954774797333639	-0.003492555467892262	-0.004133146658160912	0.007285007822303802	-0.006725482206952403	0.006046805339188258	-0.013912793325312854	0.007046468546790755	0.0006521076020213622	0.0073691817636780555	-0.0017419161040947695	-0.010576076423427694	-0.014162819704414405	0.01347971027761773	0.0005847428049951969	0.005289139172609624	-0.001516473233920739	0.008809626188908891	-0.012607523837136918	0.009011321199542312	0.02112879920264188	0.0057737703569240096	0.00016414375456301274	-0.0027019907756093814	-0.0069890636157537165	-0.0010877397601885513	-0.009705737897993727	-0.006073805587564623	-0.010452492639514229	-0.0016731781366685742	-0.004939262345323207	-0.0010526601497694026	-0.0012477021705107419	0.0006690262036904608	0.005902415120492172	-0.0022209996363361	0.004821586158236919	0.006129794979574716	-0.0034247272115473437	-0.0014722804271516197	0.0019097261560072454	0.006688702122546908	0.00012914315824334496	-0.0009154196673472425	-0.002819839129107238	-0.0013341416125134758	-0.0015570156709504269	0.0	0.0	0.0	0.0	0.0	0.0	0.0	0.0	0.0	0.0	0.0	0.0	0.0	0.0	0.0	0.0	0.0	0.0	0.0	0.0	0.0	0.0	0.0	0.0	0.0	0.0	0.0	0.0	0.0	0.0	0.0	0.0	0.0	0.0	0.0	0.0	0.0	0.0	0.0	0.0	0.0	0.0	0.0	0.0	0.0	0.0	0.0	0.0	0.0	0.0	0.0	0.0	0.0	0.0	0.0	0.0	0.0	0.0	0.0	0.0	0.0	0.0	0.0	0.0	0.0	0.0	0.0	0.0	0.0	0.0	0.0	0.0	0.0	0.0	0.0	0.0	0.0	0.0	0.0	0.0	0.0	0.0	0.0	0.0	0.0	0.0	0.0	0.0	0.0	0.0	0.0	0.0	0.0	0.0	0.0	0.0	0.0	0.0	0.0	0.0	0.0	0.0	0.0	0.0	0.0	0.0
S2017t2_E30-T2a-Female	-0.10640835828456206	0.03391991179095318	0.03289909960431227	-0.06840517254991593	-0.021973559989981264	-0.05971034587535082	0.04259489316426057	0.06934421760654944	-0.0958692040511182	-0.1283518828630964	-0.025697199391738205	-0.008401457723617353	0.03993165351835948	-0.0459441742965272	-0.025374432707849035	0.015393284985274588	-0.023336117086618004	0.05013695394512998	-0.09862254196662915	-0.05546203649577369	0.04394268007596204	-0.0035796952119138917	-0.01756513473706625	-0.032574471147915285	0.018701639500996143	0.003057749046249659	-0.0032839286856986747	-0.0007876010663395857	0.01886045391890461	0.025197253742419025	0.04695338516384882	0.003349841748197571	-0.04430723409304857	0.011805408666957989	0.017410209062254125	-0.03693612597559214	0.028819563969709965	-0.014023949371838351	0.024727135601540693	-0.021162187402924672	-0.01299153928399771	-0.0047263611836752505	0.008271298191738915	0.008493545317069333	-0.006971469529878083	0.03326865879462247	-0.02536916128230748	0.006311888491864446	0.005508657769699256	-0.009385312253923299	-0.012586058215936773	0.025636510756336432	0.008453733225028834	0.005027458392277542	-0.0449285664003203	-0.009669449931181073	0.019201878914806157	-0.0012411737426755729	0.005091654755804126	-0.022910563814323513	0.008593453772710724	-0.013124838445911781	-0.0038992185334530637	-0.00042595731292097394	-0.029727908146234994	-0.002411360470433073	0.005133391478066385	0.002767555300812641	0.0018745786343235553	-0.003763047659805564	-0.011132009684142354	0.002967486247532464	0.005324605683952661	-0.002626531103820693	0.005845642319772951	0.007686031674149443	0.010968549464938738	-0.015171949208592444	-0.0022616419707239903	0.004763561867312331	0.003925018109419173	-0.0025433352111025576	-0.0001712059625494025	0.0036066207472451838	0.002590606262910132	-0.007252066770632362	0.0029181638409814252	-0.00299362610579041	-4.2716058299837996e-05	-0.0046703234971563505	0.009446403010168409	0.002300075665559369	-0.0016891972375352967	-0.00396296810125627	0.00040317958652189093	-0.009927830445103574	0.0016072750699379816	0.0025885641105185733	0.0020151671743707422	0.002197938699624359	-0.002133569949339559	0.0007574037613673306	-0.00012492254109468189	-0.002180608433316598	0.001156549558996913	-0.0017928420093161147	0.0022776086081704545	0.00030551990786714846	0.0	0.0	0.0	0.0	0.0	0.0	0.0	0.0	0.0	0.0	0.0	0.0	0.0	0.0	0.0	0.0	0.0	0.0	0.0	0.0	0.0	0.0	0.0	0.0	0.0	0.0	0.0	0.0	0.0	0.0	0.0	0.0	0.0	0.0	0.0	0.0	0.0	0.0	0.0	0.0	0.0	0.0	0.0	0.0	0.0	0.0	0.0	0.0	0.0	0.0	0.0	0.0	0.0	0.0	0.0	0.0	0.0	0.0	0.0	0.0	0.0	0.0	0.0	0.0	0.0	0.0	0.0	0.0	0.0	0.0	0.0	0.0	0.0	0.0	0.0	0.0	0.0	0.0	0.0	0.0	0.0	0.0	0.0	0.0	0.0	0.0	0.0	0.0	0.0	0.0	0.0	0.0	0.0	0.0	0.0	0.0	0.0	0.0	0.0	0.0	0.0	0.0	0.0	0.0	0.0	0.0
S2017t2_E30-T2a-Male	-0.19005730605571886	0.050730733734081455	-0.013637669654414361	-0.03923878397234989	0.007043052674232095	-0.004274861707023361	-0.12769143213309014	-0.00964039295415056	-0.09810468452326492	-0.04173029949563449	0.01851078203283855	-0.03110107866993979	0.004266472435276349	0.06691619830708723	0.03286620673855384	0.010128483890491941	0.005869951736225273	-0.01572198560811645	-0.10122517050911115	0.003310543113475793	0.038031748313307315	-0.0007166087751873153	0.016921000411904873	-0.027214124606836476	-0.030761282026457414	0.08006927296974599	-0.05537416784641442	0.029176001305496975	0.022695213504125747	0.01150352950402645	0.015014276468354277	-0.002420949575086385	-0.0502941019523461	-0.04014124070354676	-0.009910580521662445	-0.019962937311908027	0.039229227946642166	0.004459378373868771	-0.007225150548517603	-0.0081351805606037	-0.028042086212973917	-0.023760996909730596	-0.004121740087115463	0.005406237429079128	0.00849388265960322	-0.004846616644457411	-0.0025967054526520113	-0.01905928187303771	0.02856342266729638	-0.022155935139168338	-0.024331229033140854	0.009230992910453201	-0.011354309726796538	-0.025447619610373763	-0.013366249024036056	-0.018413755959854266	0.007832964383286225	0.0027700060808821684	0.010774052788481188	-0.008290667685576405	-0.005298646558855698	0.0014336393577938048	0.014048077285642653	0.0006732234108336	0.010893544231005605	-0.00796665085504803	-0.008825428027262723	0.01574915071721162	-0.00041218729517077715	0.002550999073056044	-0.003749956253838525	-0.023970130064703343	-0.008150276563603124	-0.016256545889389927	0.018876155720824232	0.012053855165413784	0.010273984271132557	-0.013554618857336694	0.005490970476481847	0.008394897963281484	-0.0011773569017113805	0.010333544506901268	-0.007945483935859494	0.015550983231738775	-0.003083632898820692	-0.011234385582884044	0.00920657305518055	-0.0013314152660113176	0.0016947227310243047	0.0009281482249012682	0.003052830854469222	0.00890123266825211	0.00014995444769896286	0.008237372662974033	0.011545095289895856	0.002182572289378404	-0.0004182731621040004	0.001811439219331795	-0.006917927416986733	-0.00305510772204559	-0.002239122166651158	0.0038879396117731785	-0.0018807376957250019	-0.005363188652689915	-0.004541753068214766	-3.621593287816904e-05	0.0015866620341528387	0.001987460101553899	0.0	0.0	0.0	0.0	0.0	0.0	0.0	0.0	0.0	0.0	0.0	0.0	0.0	0.0	0.0	0.0	0.0	0.0	0.0	0.0	0.0	0.0	0.0	0.0	0.0	0.0	0.0	0.0	0.0	0.0	0.0	0.0	0.0	0.0	0.0	0.0	0.0	0.0	0.0	0.0	0.0	0.0	0.0	0.0	0.0	0.0	0.0	0.0	0.0	0.0	0.0	0.0	0.0	0.0	0.0	0.0	0.0	0.0	0.0	0.0	0.0	0.0	0.0	0.0	0.0	0.0	0.0	0.0	0.0	0.0	0.0	0.0	0.0	0.0	0.0	0.0	0.0	0.0	0.0	0.0	0.0	0.0	0.0	0.0	0.0	0.0	0.0	0.0	0.0	0.0	0.0	0.0	0.0	0.0	0.0	0.0	0.0	0.0	0.0	0.0	0.0	0.0	0.0	0.0	0.0	0.0
S2017t2_E30-T2b-Female	0.007029181253761135	0.06227878256718748	0.021844576183594363	-0.08737031231685478	0.04967553657064924	0.01760499916737112	-0.007641687403735567	-0.027697477609403245	-0.06554175684095985	-0.06553661723643849	-0.05564547783991658	-0.0653717832907868	0.08345978648372565	0.040233475547897427	-0.012136241083979257	-0.020084649574491808	0.016144935403476956	0.09433160065118815	-0.08618300070165474	-0.035735884954977114	0.009644436231316137	-0.05775997642172637	-0.032905731481272134	-0.025183222721134588	-0.0013682285777981142	-0.04516203398894921	0.02729835356582204	-0.0237977354830735	0.006884890648578257	0.014142417930959276	0.05167554699256779	-0.004044645206540718	-0.015241236710753203	-0.00682438946089483	0.01996918677767179	-0.011338897540385171	0.01767050797027285	0.02768280096196385	-0.01995060348579025	0.017950166302030113	-0.023482373965490615	0.0036921571650457164	-0.00962046543910507	-0.05919341149446772	-0.012631440930724068	0.0009820798211542165	-0.02959682802096251	0.01503755823329503	0.00670834216218626	-0.010188532635372357	0.04150783486427696	-0.012193719714181202	-0.02352538644342941	-0.029276917602904035	0.01664461025011717	0.03235234804325868	0.0118574679034675	-0.009951143815192914	-0.026993517214403306	-0.004582521907790622	0.009619909232027057	0.01127059204540439	-0.024238511436243924	0.012945985317185209	0.013586048122250416	-0.010091669968740858	-0.0027369946770034194	0.01149450029890447	-0.01668998132369218	-0.02669412433408911	-0.0032572274795467262	0.008394565394581744	0.007414062285434555	-0.008588664733402734	-0.01812373385320746	0.012585607268393152	0.0074518683423307735	0.011803565709871379	-0.026123355464793982	0.024439065500651332	-0.008948957424926362	0.0012205361373184424	-0.020678211566308245	-0.010847779697851301	-0.006151995287224181	0.02325751776224249	0.0007794521637299481	-0.013818714178447477	-0.015769633725196637	0.006882733631443451	0.012758381281910995	-0.0025704174759995082	-0.006011493697604089	0.0064034141466173195	-0.007273485750150535	-0.0027661623399849694	0.005169992390103605	0.00033275773536048977	0.013549346036275275	0.0035409296644910524	0.004889692584382724	0.005075813628763331	0.0013971426131165825	-0.004860954700420876	-0.000811006982609983	-0.0007303762632354522	-0.0012941677625994358	-0.002440296555995021	0.0	0.0	0.0	0.0	0.0	0.0	0.0	0.0	0.0	0.0	0.0	0.0	0.0	0.0	0.0	0.0	0.0	0.0	0.0	0.0	0.0	0.0	0.0	0.0	0.0	0.0	0.0	0.0	0.0	0.0	0.0	0.0	0.0	0.0	0.0	0.0	0.0	0.0	0.0	0.0	0.0	0.0	0.0	0.0	0.0	0.0	0.0	0.0	0.0	0.0	0.0	0.0	0.0	0.0	0.0	0.0	0.0	0.0	0.0	0.0	0.0	0.0	0.0	0.0	0.0	0.0	0.0	0.0	0.0	0.0	0.0	0.0	0.0	0.0	0.0	0.0	0.0	0.0	0.0	0.0	0.0	0.0	0.0	0.0	0.0	0.0	0.0	0.0	0.0	0.0	0.0	0.0	0.0	0.0	0.0	0.0	0.0	0.0	0.0	0.0	0.0	0.0	0.0	0.0	0.0	0.0
S2017t2_E30-T2b-Male	-0.19287625647166387	0.04630673202327622	-0.018929193090634868	0.01878536848576641	-0.0800930404031286	-0.04929815569777082	-0.04155902266614646	-0.05145112591423894	-0.06779300651457928	-0.019100991363065867	-0.033357707525423046	0.0012888354346826075	0.00015693798234637808	-0.03218455173565378	0.009505163310704773	0.020168263292372923	0.01574391225638626	0.05049132066332508	-0.05437175772125219	-0.08021029747029168	-0.03772812737810523	-0.03101496079332445	-0.025280119806921082	-0.012071825779849029	0.031463456467619805	0.06082070258692441	-0.003146912736947939	0.027475121303046995	0.046936102295912045	0.014413449316440974	-0.020320858484715782	-0.02989887714030521	-0.04432133404678617	-0.038112779296935434	0.009874011006399815	0.011458533522380169	0.027936381105717823	-0.025927762676450077	0.0028819499500607653	-0.008225073288678657	-0.021918796454601354	0.05294490651627303	-0.004796822410338659	-5.134952981198408e-05	0.0053203198189383655	-0.03049219191219607	-0.007405698704894154	0.0012630074702970721	-0.041104784740947344	0.005212261510067612	-0.03466191213453529	-0.01935431490085822	0.0162552874197226	-0.01589331496992084	0.01110782841250778	0.022690940169147175	0.0007234916897367276	0.01307339818229306	-0.01780494135282216	0.025067679834951853	-0.03314742172156645	0.01667320922802351	-0.001372922270029528	0.001412134981979269	-0.010964270458300809	-0.016677357042546897	-0.014624824868514958	0.0012816041401521958	0.016708603080866753	0.022170301990116385	-0.02307997013878347	0.001007220538071179	-0.004736863597854712	-0.0038162870964382526	0.0018373277253519872	-0.00644375203784307	0.0037653838646672386	0.00870217614236998	-0.017838865058035	0.003000173403372173	-0.013432496431136011	-3.0390029415542755e-06	-0.0029418177792330594	-0.018359682606542336	-0.005316496437219529	-0.010404823188967212	0.0027935533255916785	0.0008662048297777682	-0.0028470253056063766	0.002569993045943398	0.0008547783253047491	0.005964494543863329	0.001900082218579414	-0.0008171508194966397	0.007951987867984598	-0.0021921784895368077	0.004182311386391023	-0.006029470755963495	0.0022092662544761616	-0.0006114944461016481	0.0004882403277181969	-0.005523270588494274	-0.005006474442847415	8.69851361515447e-05	0.0005741883894560103	0.0015247182735031142	-0.0010160076498557733	0.00019989657690224093	0.0	0.0	0.0	0.0	0.0	0.0	0.0	0.0	0.0	0.0	0.0	0.0	0.0	0.0	0.0	0.0	0.0	0.0	0.0	0.0	0.0	0.0	0.0	0.0	0.0	0.0	0.0	0.0	0.0	0.0	0.0	0.0	0.0	0.0	0.0	0.0	0.0	0.0	0.0	0.0	0.0	0.0	0.0	0.0	0.0	0.0	0.0	0.0	0.0	0.0	0.0	0.0	0.0	0.0	0.0	0.0	0.0	0.0	0.0	0.0	0.0	0.0	0.0	0.0	0.0	0.0	0.0	0.0	0.0	0.0	0.0	0.0	0.0	0.0	0.0	0.0	0.0	0.0	0.0	0.0	0.0	0.0	0.0	0.0	0.0	0.0	0.0	0.0	0.0	0.0	0.0	0.0	0.0	0.0	0.0	0.0	0.0	0.0	0.0	0.0	0.0	0.0	0.0	0.0	0.0	0.0
S2017t3_E11-T3a-Female	-0.05707165837805217	0.11587288334674814	0.13832446916142946	0.002319823568382723	-0.16386421716687966	0.018634972807349492	-0.04789436253764549	0.04867386969897886	-0.06382872978469376	0.07909630547814785	0.051593124370596016	0.028312979583209975	0.012768330388614751	-0.10712168805130658	0.011984120326903215	-0.05842953245584057	0.04269044785320933	-0.024179330819939376	-0.003340249385289446	0.02655341683545391	-0.04294348168150346	-0.0544185543573708	-0.020504327662735706	-0.006635623386840911	0.0035662468084017417	0.02380585313737468	-0.03311945575145537	0.007793932157243779	-0.027681868231665793	-0.0025867916537478538	0.023013789061637428	-0.023998461848088497	-0.008394396930718086	0.010728090355611815	0.016606623954111763	0.005274713984079784	0.010619093184851259	-0.008595325115320218	0.011234214351252865	-0.010120970991599105	-0.01969543827063303	0.027014850967412483	0.031014598219450927	-0.015443846644784329	0.0045889861538991735	0.026676983196157193	0.00013035868928365014	-0.02591508317886189	0.004291827061019809	0.0017694029612917875	0.017784053908749167	0.043729076836074826	-0.017943436460683315	0.01864855764472291	0.0018254144555888319	0.0020161358125561062	0.010159231969925934	0.00014220630330339778	-0.0014034599736119598	-0.007923812561950884	0.02142219767268986	-0.026206163751001033	0.00038909032198527224	-0.0022625094975594192	0.004259711425489594	-0.01018362930515177	-0.018267698527747196	0.010271474545172828	0.01005915841009998	-0.023159153261426053	-0.012460465964965915	0.014324554775327325	0.00663635435454824	0.014165913485739081	0.008986143901613333	0.006127196560046385	0.006148797799389622	-0.0007904689195293142	-0.007820226178486316	0.0052193789432450274	-0.00805632632017936	0.008190214435207368	0.011070222342040548	0.015093587425592152	-0.0030602293568728458	0.013465890839645993	-0.008175898827557485	-0.017665452937881677	0.003922027397421425	-0.008309866477817583	-0.011797790789640142	-0.0017801107476699703	-0.00717489164280459	-0.002677720322531035	-0.004585593132134589	-0.005688821669016218	-0.00882499998858012	-0.003467706968274073	-0.005922134824802939	0.002688580129410534	-0.00622790871693465	-0.009094065533101919	-0.0013008415875772573	0.0017535115597858938	0.004277831613801709	-0.0014413890287722898	0.0002867767389220973	0.0013122588819815806	0.0	0.0	0.0	0.0	0.0	0.0	0.0	0.0	0.0	0.0	0.0	0.0	0.0	0.0	0.0	0.0	0.0	0.0	0.0	0.0	0.0	0.0	0.0	0.0	0.0	0.0	0.0	0.0	0.0	0.0	0.0	0.0	0.0	0.0	0.0	0.0	0.0	0.0	0.0	0.0	0.0	0.0	0.0	0.0	0.0	0.0	0.0	0.0	0.0	0.0	0.0	0.0	0.0	0.0	0.0	0.0	0.0	0.0	0.0	0.0	0.0	0.0	0.0	0.0	0.0	0.0	0.0	0.0	0.0	0.0	0.0	0.0	0.0	0.0	0.0	0.0	0.0	0.0	0.0	0.0	0.0	0.0	0.0	0.0	0.0	0.0	0.0	0.0	0.0	0.0	0.0	0.0	0.0	0.0	0.0	0.0	0.0	0.0	0.0	0.0	0.0	0.0	0.0	0.0	0.0	0.0
S2017t3_E11-T3a-Male	0.10132847683618769	0.11845335710040425	0.13188009264149134	0.0054768861596935035	-0.024984099260923362	0.07777323094829866	0.023604357647657923	0.002559391400089576	-0.07210035838798254	0.017258798213249063	-0.0022702626758500967	0.0033658014642620397	-0.05921868970574587	-0.0011064805686141152	0.04134759723800822	0.003177191277147205	0.024599612127182823	0.061640426312277126	-0.01915573140501767	-0.0856299184957358	0.06386963430635713	0.05186597489295562	0.01772747219206095	0.008255745091268803	0.01595085143120171	-0.026349619702480922	0.013163569866786778	0.02138480912346543	-0.026340550882496677	-0.04349315308656486	-0.07443545753529039	0.028043211665924123	-0.0013491369847094085	-0.00573507891751889	0.01346976419892421	0.007260988851471797	0.01596799227650878	-0.02792584046302321	0.019534215636079846	0.012651791683398736	0.001429881135437046	0.01285218232288125	-0.011854097160181416	-0.005402607810283668	-0.007126007873645852	-0.005717647186160552	-0.007964893631211497	-0.02441629588609665	0.002745332726608015	-0.015167589279065707	0.001377258793949552	-0.013878108410087433	0.0018226647073073374	-0.0018654986035422862	0.025102803078887917	-0.006406433078479124	-0.014447984462382452	0.012950999360761493	0.014646411208363722	0.010044087427751501	-0.02131988923708198	-0.012488560418029397	-0.03089011351027433	-0.001763321849651858	-0.0024531915002122106	0.008005340965962943	-0.020136218469771223	-0.012319600366174388	0.01840022768238215	0.004026505053015633	0.018188631901214874	-0.013649610234597279	0.002771708022080731	0.0032180978826343225	-0.007168371302505104	-0.0048331260110174344	-0.00018261868493102485	0.020509608832373318	-0.007826718769892979	-0.011289502673906469	-0.0016689074976938892	0.004792388047269838	-0.01040819779017385	0.01604525284569965	-0.0014654847772367706	-0.027987534999009675	0.0021502731144597536	0.0062743392259483844	-0.013463386854296036	-0.0034488889007188114	-0.0005075850770933501	0.0027680682372154784	0.0007945284592988598	0.001336822007090777	0.014580819554699219	0.007663704829593536	0.00037071326594341253	-0.0005557063443344895	0.011474513759012563	-0.0031671447712391635	-0.0025335785408983798	-0.0022975429448747206	0.0003305623494989831	-0.004342436861185599	-0.003423779480923704	0.0010111845397315982	0.0036554026524927064	-0.0004997029179329604	0.0	0.0	0.0	0.0	0.0	0.0	0.0	0.0	0.0	0.0	0.0	0.0	0.0	0.0	0.0	0.0	0.0	0.0	0.0	0.0	0.0	0.0	0.0	0.0	0.0	0.0	0.0	0.0	0.0	0.0	0.0	0.0	0.0	0.0	0.0	0.0	0.0	0.0	0.0	0.0	0.0	0.0	0.0	0.0	0.0	0.0	0.0	0.0	0.0	0.0	0.0	0.0	0.0	0.0	0.0	0.0	0.0	0.0	0.0	0.0	0.0	0.0	0.0	0.0	0.0	0.0	0.0	0.0	0.0	0.0	0.0	0.0	0.0	0.0	0.0	0.0	0.0	0.0	0.0	0.0	0.0	0.0	0.0	0.0	0.0	0.0	0.0	0.0	0.0	0.0	0.0	0.0	0.0	0.0	0.0	0.0	0.0	0.0	0.0	0.0	0.0	0.0	0.0	0.0	0.0	0.0
S2017t3_E16-T3b-Female	-0.021161787011760923	0.09613839130796395	0.06234416063364887	0.004022028594754731	-0.048709420896445095	0.037444656047057816	-0.07857112183139495	-0.05080905131725721	-0.04977631202751814	-0.0027591408671970227	-0.033326211847761945	0.04173841713583369	7.051233093319677e-05	-0.049505179053592425	0.013039483529290774	0.007693764163387928	0.01112655950582587	-0.03724970106018122	-0.09428510844672762	-0.07449165650102965	0.02427380269861138	-0.03496649193791445	-0.007517762610975589	-0.006705019534249959	0.03783163960786843	-0.017576482317210523	0.012105779653664184	-0.07661335739940596	0.03387535409818847	0.06161830323060212	0.03675194246786475	-0.015403098971308515	0.05263622164101705	0.05208181681118658	-0.02379846500207238	-0.0015174602667913668	-0.06697977338355655	0.04045702701579889	-0.08747849380287515	-0.027296402539299765	-0.023151788871974027	-0.047292587565979455	-0.026440967855082466	-0.019400888072324523	-0.0149264503974523	-0.020954300080489693	0.0030893038148222095	0.014488256277118416	-0.02562130063463209	0.007034572191995345	-0.0029914531447691266	-0.022888807766220935	0.005983521042113375	0.005524929334060655	-0.006229915159031664	0.012068781782619263	-0.008275167784545961	-0.005191798464661736	-0.001842777004818785	0.0020126243591244686	-0.014889955727065238	0.006318492691182832	0.024210264312363585	0.005143796329058587	0.007843129194848222	-0.009183377398400227	-0.004542717234877461	0.005594991538171758	-0.01628416973305392	0.010954396570605615	-0.0012616597239616142	-0.004199404376680135	0.011555027313390401	0.008277951095913654	0.005393314022728063	-0.011260594699110223	-0.028610012548781334	0.012562706111300689	0.011791244381868075	0.01011736092294216	0.010470346322673572	-0.011316679211867367	-0.0038500942112973066	-0.010443221827738634	0.01452341651756567	0.011648214971130201	0.01677621619568331	0.0018547323347950194	-0.0002080998135657908	-0.013365808379097247	0.012750335308990366	0.0022028777907402287	-0.00146569380822269	-0.0038186969702987293	-0.012322304710669278	-0.0004189090034827407	0.00043237114815193795	-0.0036637134748632037	-0.0007877602881804915	-0.004270285160283263	0.00817002638851191	0.0010608194438968682	0.0012164760524168078	0.0012885488312621562	-0.002513666942488376	0.0030209056801891484	-3.513319351240273e-05	-0.002593568299943708	0.0	0.0	0.0	0.0	0.0	0.0	0.0	0.0	0.0	0.0	0.0	0.0	0.0	0.0	0.0	0.0	0.0	0.0	0.0	0.0	0.0	0.0	0.0	0.0	0.0	0.0	0.0	0.0	0.0	0.0	0.0	0.0	0.0	0.0	0.0	0.0	0.0	0.0	0.0	0.0	0.0	0.0	0.0	0.0	0.0	0.0	0.0	0.0	0.0	0.0	0.0	0.0	0.0	0.0	0.0	0.0	0.0	0.0	0.0	0.0	0.0	0.0	0.0	0.0	0.0	0.0	0.0	0.0	0.0	0.0	0.0	0.0	0.0	0.0	0.0	0.0	0.0	0.0	0.0	0.0	0.0	0.0	0.0	0.0	0.0	0.0	0.0	0.0	0.0	0.0	0.0	0.0	0.0	0.0	0.0	0.0	0.0	0.0	0.0	0.0	0.0	0.0	0.0	0.0	0.0	0.0
S2017t3_E16-T3b-Male	-0.020197854539301858	0.10287349825477893	0.12918603127739667	0.08021122502386056	-0.07919499237918291	0.023724189918341573	-0.038345995063922465	0.012799189503681935	-0.01843084910813841	-0.007317519166347815	-0.01732654601498158	0.017592986301067773	-0.02743845422590706	-0.13842298178563764	0.04892036070106013	-0.06823523971633196	-0.0925045383143922	-0.008326829213670344	0.021179576746438653	0.0002960053744560393	0.03910989693473484	0.09360912894765153	-0.0679704797978087	-0.040742739335770245	-0.0037749069026692538	0.0576873270671794	-0.04274202441183408	0.02014651235167127	-0.046330091454038345	0.009710897970775966	0.018290791219821002	-0.008689811071499177	-0.009655823834120596	0.008919530214196319	0.013540642869081554	0.006119158105315234	0.049971985062896976	-0.0012399862619760758	-0.010937563508801457	0.0150709052443899	0.01632861102101601	-0.015762282241844342	-0.010872182593364099	-0.0024537643457700573	0.017969520029210536	-0.016205505652006392	0.021740011628632656	0.029241940389977687	0.005565797921267994	0.018750686667439263	0.037975106591678735	0.002808158015477806	-0.04345076827396914	-0.022275891741398764	0.01431514688325602	0.005646903127614656	0.01105878996810913	-0.01635805137524241	-0.0005941464989352656	0.01267012208183392	-0.007754992214713591	0.005429763673909243	-0.0005489413519475254	-0.015443069054272436	-0.007369723554465982	-0.0008839888228331496	0.015046234302581951	-0.020929850016916354	0.008855672019397746	-0.004854631402987112	-0.020825948268602512	0.004047250655176395	0.023498764572009313	0.0014614794953963042	0.00012933305083762212	0.005030075649870406	0.017609277903848107	0.00016702266761426394	0.004025547189252309	-0.005680030524506324	-0.002255579165289639	0.005899980191759664	0.009754078200957368	-0.009118804084940075	0.00025517547453788675	-0.012623369286658049	-0.01824005676881942	0.007631602473561631	0.003397016600580142	-0.006616561018425359	0.0006633516215833075	0.002695233298337676	-0.008529403140349268	0.0021922119236668794	0.01670378093661752	0.0005095510109713908	-0.0018644555031565925	-0.0009323260965956798	-0.006610035951914651	-0.0008151476330815635	-0.001526291113243569	0.0033324687599110255	0.007649431699843319	0.0037674304533849715	-0.003933068451286179	0.0023878090801559212	-0.0011948497257080878	0.0017442402046480444	0.0	0.0	0.0	0.0	0.0	0.0	0.0	0.0	0.0	0.0	0.0	0.0	0.0	0.0	0.0	0.0	0.0	0.0	0.0	0.0	0.0	0.0	0.0	0.0	0.0	0.0	0.0	0.0	0.0	0.0	0.0	0.0	0.0	0.0	0.0	0.0	0.0	0.0	0.0	0.0	0.0	0.0	0.0	0.0	0.0	0.0	0.0	0.0	0.0	0.0	0.0	0.0	0.0	0.0	0.0	0.0	0.0	0.0	0.0	0.0	0.0	0.0	0.0	0.0	0.0	0.0	0.0	0.0	0.0	0.0	0.0	0.0	0.0	0.0	0.0	0.0	0.0	0.0	0.0	0.0	0.0	0.0	0.0	0.0	0.0	0.0	0.0	0.0	0.0	0.0	0.0	0.0	0.0	0.0	0.0	0.0	0.0	0.0	0.0	0.0	0.0	0.0	0.0	0.0	0.0	0.0
S2017t3_E17-T3a-Female	0.08547434449047756	0.10426897147330942	0.10865717779243099	-0.023571839282004216	-0.09457674425316254	0.005267177609992737	-0.0012452300907697413	-0.0344070825785598	-0.17508268442666042	-0.027072657298149973	0.003988699975588376	-0.024345536504135717	-0.01821345077732225	0.040127547912663285	-0.03134017735616558	0.006247714276310629	0.0655556456954156	-0.027866347458925474	0.05364583130501249	-0.02999379948254795	-0.017259477648667258	-0.006298267239383513	0.021659512246344763	0.008762755668673985	0.0006498604263675014	-0.046213865169158326	-0.020285510365355693	-0.030999457011175464	-0.021444243263887674	0.051200612872031946	0.0016835626027011516	0.03291295947459347	0.008965590270508368	0.02815787694342207	-0.03559101767821343	-0.003514459633261865	0.0011123159467093414	0.010747868952683247	0.04475573624178568	0.036640571337305465	-0.011987592858800192	-0.0042777406573225076	0.007592495751716455	-0.02313446864009999	-0.012073872471352224	-0.0018466924405465268	-0.008140720238130316	0.0030816045614304654	0.0052346263323868715	-0.037831100353478704	-0.01110571187875427	-0.012528792524582666	-0.006129102078159906	-0.024836200924750973	-0.023688269145755145	-0.02200753434299917	-0.007780318282866126	-0.01075131615034934	-0.0030348929180323355	-0.009227099594446111	0.00034560472746780356	-0.007233203250421449	0.016671640378334653	-0.0015850368362639012	-0.013488922112409065	-0.008034080694315281	-0.024450320615084908	-0.008896416392347844	-0.014300658565471124	-0.0034705158365867734	-0.01244544049034234	-0.027641842090524674	0.008740290873289532	-0.014798417916067898	-0.00784488643693571	0.003368333933375071	0.002969283394617354	-0.004077642133500528	-0.028456054989712567	-0.007419092188213097	-0.007639992574668027	-0.00026549644847547686	-0.0205274825029656	-0.011813559546967575	-0.0081688965499555	-0.009385706489626526	-0.005155920741732662	0.003916687113792137	0.0012729657311966694	-0.007129077656617005	0.021953703729741505	0.007607532384390938	-0.004310679180427865	0.0027797762355099135	0.011401998715444334	-0.012491187465269398	0.0106097515301638	0.0008259706291994961	-0.004270689618700028	0.0060753158250518476	0.010199902687397311	-0.0010110690054665331	-0.007055702696513519	0.0013525723659733896	0.0010215710011510857	0.002716394501987422	0.00047377229180092854	0.0011541465382986353	0.0	0.0	0.0	0.0	0.0	0.0	0.0	0.0	0.0	0.0	0.0	0.0	0.0	0.0	0.0	0.0	0.0	0.0	0.0	0.0	0.0	0.0	0.0	0.0	0.0	0.0	0.0	0.0	0.0	0.0	0.0	0.0	0.0	0.0	0.0	0.0	0.0	0.0	0.0	0.0	0.0	0.0	0.0	0.0	0.0	0.0	0.0	0.0	0.0	0.0	0.0	0.0	0.0	0.0	0.0	0.0	0.0	0.0	0.0	0.0	0.0	0.0	0.0	0.0	0.0	0.0	0.0	0.0	0.0	0.0	0.0	0.0	0.0	0.0	0.0	0.0	0.0	0.0	0.0	0.0	0.0	0.0	0.0	0.0	0.0	0.0	0.0	0.0	0.0	0.0	0.0	0.0	0.0	0.0	0.0	0.0	0.0	0.0	0.0	0.0	0.0	0.0	0.0	0.0	0.0	0.0
S2017t3_E17-T3a-Male	0.15332250128994837	0.17349162901923268	0.16012311949805194	0.02327139322579897	-0.10756711951523093	-0.048088591114214284	-0.12286625242923503	0.008518651222656552	-0.027250284307578407	0.050087159770376755	0.04199161928178359	0.02266215215101171	-0.06743186574521276	0.033013672552126706	-0.03947659356026126	-0.06664014410404763	0.05520952967641161	0.02989067458099475	0.05388752208634556	0.017743546288270757	-0.03627711680590418	-0.05249628863268908	0.026298953362942926	0.019919306845186318	-0.039383072391674	-0.0216836803871473	-0.010980958148293246	0.028680120568575215	0.020054322801623378	-0.0074147552598868545	-0.03232883351043414	0.027007209450442504	-0.00758145480253892	-0.03367253715857156	0.00396518816341294	-0.013017123079890008	-0.009736293233929137	-0.014290691676854156	0.026629194981864647	-0.0021432184370767642	0.04337757725392227	-0.0036973219389781565	0.015574667309352683	0.012349805117865898	-0.022695093826445932	-0.009856726925861545	0.01555281255701304	0.012582972883944017	0.008923082829846928	-0.010046647990345967	0.012188961406152905	-0.017804363928599715	0.017651991949828125	-0.011230475947328226	-0.00760154300233631	-0.002255915610656806	0.00024051921971007505	-0.007100344791302858	-0.007526742791896252	-0.001956606862437457	0.004733558435394436	-0.006374471745567125	0.04079368897352648	0.01230527735301856	0.007911283716046554	-0.014807891772669713	-0.02918076552605488	0.007469260682882827	-0.019581042804156217	0.00513145579694017	-0.0013918118617881996	-0.01895476755926767	0.020051017462849027	-0.009363276218251958	0.006505708592821212	0.009345782967967325	-0.0002857216935740047	-0.009045186355116721	0.0007230344464505925	0.011308096187413238	-0.001201273132249288	-0.02869075763216783	-0.008828803131878178	-0.0006327712183285711	0.0036482231371862675	-0.009865279440107441	0.029628460944608973	-0.0056561900217424995	-0.004300695192494542	0.001722516223145614	0.010686962686416149	0.013692804855437293	-0.006559968157850371	0.006800277049842616	0.0008107747740331916	0.005747077427299651	0.001503831174390545	-0.006005848800531866	0.001191157486780526	-0.0057778380852604085	0.00344308812351258	0.0017552650914342209	0.0009062719027680066	0.005089770887760804	-0.002467137790744664	0.0008085889797219098	0.0014736909920440365	0.0005282123278035595	0.0	0.0	0.0	0.0	0.0	0.0	0.0	0.0	0.0	0.0	0.0	0.0	0.0	0.0	0.0	0.0	0.0	0.0	0.0	0.0	0.0	0.0	0.0	0.0	0.0	0.0	0.0	0.0	0.0	0.0	0.0	0.0	0.0	0.0	0.0	0.0	0.0	0.0	0.0	0.0	0.0	0.0	0.0	0.0	0.0	0.0	0.0	0.0	0.0	0.0	0.0	0.0	0.0	0.0	0.0	0.0	0.0	0.0	0.0	0.0	0.0	0.0	0.0	0.0	0.0	0.0	0.0	0.0	0.0	0.0	0.0	0.0	0.0	0.0	0.0	0.0	0.0	0.0	0.0	0.0	0.0	0.0	0.0	0.0	0.0	0.0	0.0	0.0	0.0	0.0	0.0	0.0	0.0	0.0	0.0	0.0	0.0	0.0	0.0	0.0	0.0	0.0	0.0	0.0	0.0	0.0
S2017t3_E30-T3b-Female	0.0636968114504252	0.11782091165283612	0.11789401626302189	0.07772684079992825	0.0019647998392225445	0.08810971455854764	-0.02586595987902579	-0.03363194715352441	0.020487894620889603	0.055295576736708825	0.003025412899240784	0.00966492598369085	-0.1241772797358875	0.0422991199700208	0.06571993995044696	-0.023450309625191217	-0.02394931919201058	-0.004427813587349615	0.00011239287724106977	-0.07984125659525977	0.0033903580488973306	0.059154280092590376	-0.02473362708618441	0.012144531501141984	-0.013100697320351214	0.06808430276395573	-0.026360532092027003	0.020320098697458766	-0.017351096361386983	0.03090866783218224	0.05335067020986356	0.031634433067514595	-0.04061688887263327	0.014982241415708097	0.01371161614739367	-0.021130074130148117	-0.05216741445656622	0.02755058784404423	-0.03669000829986077	-0.03614876270406961	0.007789681185739375	0.004619521614217442	-0.03862370531982945	0.004475009335110875	-0.025150521031445716	-0.003697330257926149	-0.03661975634368425	-0.017762604753728168	-0.0060344124290657615	0.004246804130708221	0.0272442759808407	0.004987596741798502	-0.014422720430862575	-0.0009938006453599657	0.006446833892066734	0.006710303882748911	-0.003434582471900288	-0.010124244298704647	-0.029785984897002005	0.025030681861753563	-0.009896155505297568	0.013687031918622722	-0.011787522389126576	-0.0004889736989523656	-0.002212790342442248	-0.0003732488377735898	-0.005042744120523062	0.01791772130791362	-0.0101046639246839	0.0032059418544762956	-0.017258840825424965	0.01760867960771229	-0.010926269556181867	-0.02094760612898639	0.01505546187885138	-0.003474038554174312	-0.021400156732502316	0.005962932838966261	0.007568512672405907	0.012100482947512871	0.005955288454380612	0.010041482545578333	-0.020743973488087767	0.005938708317800767	-0.006987733765344972	0.02805045977367082	-0.011731581006400198	0.001680928585594055	-0.014152266813310981	0.017041517890557255	-0.017597481526350427	-0.010098536202341878	-0.013581454112936915	-0.001094470663291628	-0.011251584294330194	0.008337753247844843	0.006316379207916651	-0.0031112779204276056	0.00515491109555082	0.0030924809138692055	0.00046941766498653667	-0.002081553024606756	-0.0019447658127316827	0.000754784903506764	-0.00019050149184989123	-0.0005838203942215286	0.0014303884832879716	-0.0012961266596106732	0.0	0.0	0.0	0.0	0.0	0.0	0.0	0.0	0.0	0.0	0.0	0.0	0.0	0.0	0.0	0.0	0.0	0.0	0.0	0.0	0.0	0.0	0.0	0.0	0.0	0.0	0.0	0.0	0.0	0.0	0.0	0.0	0.0	0.0	0.0	0.0	0.0	0.0	0.0	0.0	0.0	0.0	0.0	0.0	0.0	0.0	0.0	0.0	0.0	0.0	0.0	0.0	0.0	0.0	0.0	0.0	0.0	0.0	0.0	0.0	0.0	0.0	0.0	0.0	0.0	0.0	0.0	0.0	0.0	0.0	0.0	0.0	0.0	0.0	0.0	0.0	0.0	0.0	0.0	0.0	0.0	0.0	0.0	0.0	0.0	0.0	0.0	0.0	0.0	0.0	0.0	0.0	0.0	0.0	0.0	0.0	0.0	0.0	0.0	0.0	0.0	0.0	0.0	0.0	0.0	0.0
S2017t3_E30-T3b-Male	-0.17514954797342083	0.10606091817150011	0.009508522745998	-0.019758186846552846	-0.004080667613192422	-0.06479495230425358	-0.07490931475813278	-0.03214545708921204	-0.06714475775791702	-0.009747008589729806	0.00461087790415592	0.04771409953627461	0.014686092376228607	0.09197003638737056	0.02198673953512063	-0.03164439316140493	-0.08437490010352287	-0.06301561009684163	-0.041715683418203274	-0.04016517523388543	0.06319088629549388	-0.007728123928706307	0.03300709687923907	0.014330453077196086	-0.02089447724476187	0.017897449857416904	-0.048048017060260864	0.00925712794982401	-0.01464115870246244	-0.06296323562126234	0.03380957299023931	-0.03134684493004069	-0.004902248393145791	-0.023580380973868578	0.005838563890927154	0.022155126487940976	0.005300789304197991	-0.0025248378655953786	0.0005574402878301667	0.0020017897830768737	0.011414978593711555	-0.028347358044714808	0.013335743734312377	0.009398975218237416	0.030095150530044586	0.004517102903207891	0.027706547300497535	-0.012995349080397843	0.01603643438310138	0.015424817011804594	0.00648071823306598	-0.011706450611839822	-0.006494737121907695	-0.016085273022335925	-0.0050658372003430895	0.015120497104745919	0.015563165711867331	0.022529697920561132	0.002618834308158584	0.012104440978425626	-0.03056884296779692	0.011562420021706451	-0.00346215152674862	0.0005532056331715341	0.003694432128407726	-0.01937136471539578	0.007695834987191658	0.0037653184928201342	0.004175369100168258	-0.023851559195678856	-0.019072818157636572	-0.006083135351746342	0.0008268334520011691	-0.004151665035049879	-0.0079649164859059	-0.005930803672575229	-0.0030965266270613153	0.015335952496411885	0.0013043381874266883	-0.0034625688576245695	-0.0003677223154990242	0.003757770278752657	-0.0023857794152345635	-0.0017168686239256673	-0.007947365215083206	0.00979021379924088	-0.010159120920865586	0.0029911345947532197	-0.022215280985762746	-0.0008921791487708374	-0.004681188231454682	-0.010908431722445698	-0.0006201685339471029	-0.003641731586727366	-0.0127047464727341	0.0031928031633546823	0.006894174344086134	0.004447181113649416	0.009324730346220597	-0.0006674651305859416	-0.0001979113840565627	-0.0035607902367905124	0.0041454488238731645	0.00043394450170906515	-0.0007121404525499675	0.001982325078338035	0.0007909262781928124	-0.0013762393934390457	0.0	0.0	0.0	0.0	0.0	0.0	0.0	0.0	0.0	0.0	0.0	0.0	0.0	0.0	0.0	0.0	0.0	0.0	0.0	0.0	0.0	0.0	0.0	0.0	0.0	0.0	0.0	0.0	0.0	0.0	0.0	0.0	0.0	0.0	0.0	0.0	0.0	0.0	0.0	0.0	0.0	0.0	0.0	0.0	0.0	0.0	0.0	0.0	0.0	0.0	0.0	0.0	0.0	0.0	0.0	0.0	0.0	0.0	0.0	0.0	0.0	0.0	0.0	0.0	0.0	0.0	0.0	0.0	0.0	0.0	0.0	0.0	0.0	0.0	0.0	0.0	0.0	0.0	0.0	0.0	0.0	0.0	0.0	0.0	0.0	0.0	0.0	0.0	0.0	0.0	0.0	0.0	0.0	0.0	0.0	0.0	0.0	0.0	0.0	0.0	0.0	0.0	0.0	0.0	0.0	0.0
S2017t3F_E11-T3b-Female	0.05501290674661674	0.09450947307914591	0.17817118930271417	0.04480550412186386	-0.07889877494655949	0.13445218345531512	-0.10790260032102043	0.05516006481954082	-0.10902834705938502	0.03704564886404972	0.04867843939012925	-0.01379736765542383	-0.007813408274215394	-0.04343453894270295	0.05170131822180563	0.01353675064477743	0.005331329204341941	-0.005862955579671284	0.012033527822671083	-0.016782655207036846	0.04721481215692835	-0.02130618804717838	0.023046002973590517	-0.01879977991701633	-0.052754536368989385	-0.03933309795880776	-0.007172780253412254	0.0035906322638103927	0.00874640782660548	-0.01794009169798805	-0.04744434732323293	-0.005199723248415276	-0.023770787233915316	-0.014490667178377456	-0.009272977166739508	0.0031993936037469834	-0.03168409211424741	0.0029222956947168627	0.0034775920235327142	-0.005569691950351501	0.004959617106947153	0.007997040292365512	-0.0024360886499434557	-0.006221898232412248	-0.0018248458869361932	-0.0010346652173157324	0.01636840556395403	0.0038268916278302776	-0.0012395428138950748	-0.014053067865872798	-0.006456932799594369	0.00955699485640961	-0.009094908772468253	-0.0023455315069127926	-0.028710324674989664	-0.023235915134345867	0.0062412747816284935	0.005156280607994434	-0.019045333002416617	0.026958544344713627	-0.009870358006182285	-0.0020578475446609897	-0.009014214019320125	-0.016885054321046738	-0.005664514887110223	0.008994384893908408	0.006358043817323447	0.012535881741740954	0.01071203918587361	-0.01596866203215641	0.009948414107830615	0.021583625551713222	0.015964070764359423	0.0046714980956211564	-0.01999640392144694	-0.00018780232672709646	0.010492254913637216	0.010027123365512284	0.001424929231026688	0.0074686503197863435	-0.014221144078401452	-0.00104637212617983	-0.012640147096749628	-0.000680880667708694	-0.01597532461537089	0.0010886231385734382	0.0010879616486512145	-0.008306913541176023	-0.005229097844227142	-0.002466248135210293	-0.005319065466308516	-0.015052744529753762	-0.00874683252195152	-0.016253273278465118	-0.010509847609875233	0.0012929551411076231	0.007336635102484074	0.0030251328356524186	0.0014810768645253675	-0.00471722780055474	0.004358350180252321	-0.0037265085794287176	-0.003386537637690287	0.0021053385947720155	0.004859422333481277	-0.001931413710078659	-0.0011643584327413782	-0.00041422875106178453	0.0	0.0	0.0	0.0	0.0	0.0	0.0	0.0	0.0	0.0	0.0	0.0	0.0	0.0	0.0	0.0	0.0	0.0	0.0	0.0	0.0	0.0	0.0	0.0	0.0	0.0	0.0	0.0	0.0	0.0	0.0	0.0	0.0	0.0	0.0	0.0	0.0	0.0	0.0	0.0	0.0	0.0	0.0	0.0	0.0	0.0	0.0	0.0	0.0	0.0	0.0	0.0	0.0	0.0	0.0	0.0	0.0	0.0	0.0	0.0	0.0	0.0	0.0	0.0	0.0	0.0	0.0	0.0	0.0	0.0	0.0	0.0	0.0	0.0	0.0	0.0	0.0	0.0	0.0	0.0	0.0	0.0	0.0	0.0	0.0	0.0	0.0	0.0	0.0	0.0	0.0	0.0	0.0	0.0	0.0	0.0	0.0	0.0	0.0	0.0	0.0	0.0	0.0	0.0	0.0	0.0
S2017t3F_E13-T3a-Female	0.05752019914881806	0.1483212455220165	0.14136678321013152	-0.026289287783382388	-0.13635485422201166	0.023465961705631738	-0.1623083312776183	0.04068084515009059	0.04842985638695395	0.03206202025155544	-0.004112220719269601	0.021294016262048212	0.055316709115002076	0.06219066949557178	0.031027146400969288	0.015429731718612835	-0.009328653085704679	-0.0009104816044193922	-0.09151874456713537	0.07035172094613187	-0.0878849931479515	-0.1025271554889581	0.006117394658894113	-0.005744801095979504	0.03489323274899515	0.03106211347191697	0.024238079354021703	-0.019623629181006998	-0.04255394336973633	0.023250951503761816	0.008124692107446697	-0.01829075052112724	-3.594822586460524e-06	0.006060202000904523	0.017178684585900834	-0.037729987260719244	-0.008549789947999691	-0.011149031809846924	-0.031562504963643524	-0.0056800741187561475	-0.009709593628356283	0.004542504682055244	0.027185921110437737	-0.013369632251222154	0.01772350766493978	0.02052543201789617	-0.03536233401230853	-0.005172413402710593	0.026007160400229996	0.03620973531350335	-0.0008588499971882605	0.016922532783247082	-0.009123912687940558	0.004278658458185798	0.008011773886324678	0.021622830299906026	-0.013302283009846831	-0.005652857343625654	0.00792272525950236	-0.008076324042095026	0.01954952330238499	0.01727588743732428	0.004972003561078527	-0.0061330765929711204	0.01243850379506495	0.0023862046358011932	0.013216172660009297	0.0020777357861762914	0.015553403770819768	0.000257396833895637	0.008946809056322495	-0.020806253891905775	-0.009867727169203911	-0.00023929203541258245	0.01011109912267742	-0.009510375386064156	0.0010599604005420457	0.01672821052389722	-0.001008791973615143	-0.01019306828465654	-0.0033246707931816498	0.008998508022370141	0.010636965722917332	0.002239158358697842	0.029865261028974747	0.009162533582392699	-0.0025642451317688516	-0.005494890954785693	0.00012187744895233738	0.0029047104865076905	0.009830140453683151	0.008907137251332362	0.005511160546125033	0.0033811890441332254	-0.0009577090835721477	-0.0023171962668207275	0.0023105572612347205	-0.0017379271679372932	0.001895631125649994	0.0018094830897990664	0.00222820084244787	0.005234202915576671	-3.267237162047203e-05	0.004736846587224714	0.00013046118803786478	0.0007583945394159078	0.0016786969036925218	0.0024101197865562217	0.0	0.0	0.0	0.0	0.0	0.0	0.0	0.0	0.0	0.0	0.0	0.0	0.0	0.0	0.0	0.0	0.0	0.0	0.0	0.0	0.0	0.0	0.0	0.0	0.0	0.0	0.0	0.0	0.0	0.0	0.0	0.0	0.0	0.0	0.0	0.0	0.0	0.0	0.0	0.0	0.0	0.0	0.0	0.0	0.0	0.0	0.0	0.0	0.0	0.0	0.0	0.0	0.0	0.0	0.0	0.0	0.0	0.0	0.0	0.0	0.0	0.0	0.0	0.0	0.0	0.0	0.0	0.0	0.0	0.0	0.0	0.0	0.0	0.0	0.0	0.0	0.0	0.0	0.0	0.0	0.0	0.0	0.0	0.0	0.0	0.0	0.0	0.0	0.0	0.0	0.0	0.0	0.0	0.0	0.0	0.0	0.0	0.0	0.0	0.0	0.0	0.0	0.0	0.0	0.0	0.0
S2017t3F_E13-T3b-Female	-0.014951023167353977	0.16281289076763386	0.15545869078042646	0.02093718887318364	-0.1326891253555875	-0.10224568199894321	-0.09122210805259051	0.05547585590635012	0.07631951787578141	-0.002565841144519167	0.058407507477444484	0.04682353592378496	-0.032348914317332396	-0.0070439342986551735	-0.03463493976040146	-0.04460279235253186	-0.05195027290804581	0.04463453531816662	-0.032947887515775744	-0.055046262643093265	0.04648520268973371	0.004676038835399469	-0.034035884655469424	-0.04347065863984509	0.010099253005717844	0.027797405587123025	0.001867161757372277	0.011133287331906806	-0.0382412309243582	0.025075992325186123	0.0007741464158901219	-0.03971093333718593	-0.053770692161448225	0.03948655401843355	-0.009955841053402997	-0.03583626337472621	0.03253774572141301	-0.018395766745599406	0.0039237304599327606	0.012906429425921689	0.01864229722039262	0.03282253560615856	-0.0187128273123115	0.022895411273049754	-0.010109841305745331	0.027892544385475213	-0.020252847852200734	0.02555312172472588	0.003964231560509261	0.028422873109276815	0.025878390269703233	-0.012365534855849788	-0.021250995727996942	0.0024670313793070677	-0.024861220756792764	-0.0019270432914142931	-0.014363828824902334	0.002769138062784589	-0.0065619758384356415	-0.02325978856669912	0.0034805899078391017	0.006946318085092814	0.007841934229986953	-0.0005441726384283833	-0.01771383409952425	0.014365594097916814	0.0030767971555049935	-0.004492013175642465	0.015120270336703507	0.008358846286858975	0.016358792016506175	0.011226729956274393	0.005000910486682403	-0.0019317103854268984	0.0063034349587205215	-0.024943865031933563	0.008782280955822766	0.003684179989951028	0.003163883970115098	-0.0018876830920038627	-0.018007439709576783	-0.00784570699512968	0.0031411071137785896	0.0001529379245449147	0.012929325167792929	-0.005756144734752391	-0.005817475082456757	0.00019362195810977494	0.007401252509758276	0.00013794438180375355	0.002765433229138749	-0.0007928705278163492	-0.0011787684963977792	-0.003973741621431172	0.005331322978877766	0.0049385223338100324	-0.0059995280134058585	-0.004868373834864624	-0.0036287808831047723	-0.008998972651773745	-0.0021247578415206202	0.0065158591955825655	0.00018751771782584393	-0.0011431486267494914	-0.0019612784383841366	0.0005770541081878654	0.000889386152059978	-0.0015198551074416095	0.0	0.0	0.0	0.0	0.0	0.0	0.0	0.0	0.0	0.0	0.0	0.0	0.0	0.0	0.0	0.0	0.0	0.0	0.0	0.0	0.0	0.0	0.0	0.0	0.0	0.0	0.0	0.0	0.0	0.0	0.0	0.0	0.0	0.0	0.0	0.0	0.0	0.0	0.0	0.0	0.0	0.0	0.0	0.0	0.0	0.0	0.0	0.0	0.0	0.0	0.0	0.0	0.0	0.0	0.0	0.0	0.0	0.0	0.0	0.0	0.0	0.0	0.0	0.0	0.0	0.0	0.0	0.0	0.0	0.0	0.0	0.0	0.0	0.0	0.0	0.0	0.0	0.0	0.0	0.0	0.0	0.0	0.0	0.0	0.0	0.0	0.0	0.0	0.0	0.0	0.0	0.0	0.0	0.0	0.0	0.0	0.0	0.0	0.0	0.0	0.0	0.0	0.0	0.0	0.0	0.0
S2017t3F_E14-T3a-Female	0.16735844936405025	0.09160970497837398	0.12306716362051269	-0.01999793377662539	-0.09934714443125178	0.07084716550847123	0.0012099121892053919	0.02177798916575328	-0.1300577498724988	0.017927465215160483	-0.03292711701776061	0.035381603345079574	-0.028365881341133162	-0.033594225341386764	0.03361331532357507	-0.006469406949630768	-0.026475773479598296	-0.01817520284002673	0.09953440750466758	0.0069524585563902385	0.0023974800801087937	0.04833637597571487	-0.019494804413680154	-0.000871927690760546	-0.012580513829023993	0.006105292895834057	-0.03377697478119586	0.020766158771991908	-0.015178043259592981	-0.009373644785377722	-0.03579563694115545	0.013094272856548916	0.037044660413742776	0.04712866550582561	0.022444435773357564	-0.008490955496728264	0.01171314208321826	0.04706541471536718	-0.0007519322145008994	0.021666178205940453	-0.026617293329647646	-0.03830705904490694	-0.0017185748058671712	0.009504414660026562	-0.04431402068422596	0.028573512749828733	-0.0032462091180868557	0.02262973740084282	0.015862522534091105	0.02508632541492091	0.01937393778426795	-0.02357846900646595	0.027681339722197995	0.020724108971450397	-0.008845126887979797	-0.007108690420223961	0.002817632907490978	-0.011222434462828959	-0.03744257532374812	0.020871210161293174	-0.0036125643347810986	-0.03858851625886345	0.029848296066055543	-0.0018549732495982952	0.007423803315289577	0.010803775055915286	0.0020932109243806596	-0.003800468079377918	-0.006211415538651322	0.005295321540556191	-0.0054333764884097685	0.012746158170555515	0.008700977730191932	-0.006970437919234518	-0.008679636753746257	-0.01097012832451078	-0.010032307441485278	-0.0037181521610868194	0.012230830324059477	-0.013724328152677096	-0.005832981485756349	0.012964889793536513	-0.013511354909205535	-0.015924977886904362	0.015328973837909118	-0.0035740364755674097	-0.004208379325061013	-0.000850744440727998	0.004786542248073482	0.0030430285394750576	-0.0015034106039291352	-0.008443257055743395	0.014463365165251764	-0.002817882092414484	-0.007299108978240724	-0.0043548823782754405	0.0033912565568279453	0.0012945345514287923	0.0035984097041270617	0.0024453504915965814	0.0041580919821200425	-0.0033882214636256685	-0.0019136418367966294	-0.0029445179615209495	-0.00484949566176119	-0.003129861805401867	-0.0031272469999370977	-0.0029453573436050047	0.0	0.0	0.0	0.0	0.0	0.0	0.0	0.0	0.0	0.0	0.0	0.0	0.0	0.0	0.0	0.0	0.0	0.0	0.0	0.0	0.0	0.0	0.0	0.0	0.0	0.0	0.0	0.0	0.0	0.0	0.0	0.0	0.0	0.0	0.0	0.0	0.0	0.0	0.0	0.0	0.0	0.0	0.0	0.0	0.0	0.0	0.0	0.0	0.0	0.0	0.0	0.0	0.0	0.0	0.0	0.0	0.0	0.0	0.0	0.0	0.0	0.0	0.0	0.0	0.0	0.0	0.0	0.0	0.0	0.0	0.0	0.0	0.0	0.0	0.0	0.0	0.0	0.0	0.0	0.0	0.0	0.0	0.0	0.0	0.0	0.0	0.0	0.0	0.0	0.0	0.0	0.0	0.0	0.0	0.0	0.0	0.0	0.0	0.0	0.0	0.0	0.0	0.0	0.0	0.0	0.0
S2017t3F_E14-T3b-Female	0.13330956885141612	0.13426917918040998	0.21328654530505986	0.024003226316095288	-0.17282541124565284	0.00401499439954566	0.04163238293220738	0.10937962649016415	0.019292709057267175	-0.0647587980795403	0.009726413134402345	0.03016937493067207	0.002082786730249473	0.009694423077309432	0.028697604290375506	-0.041606319034935516	0.0012281400765886106	0.04370132100877952	0.029382819424076004	0.03741048388760746	-0.04333942108036169	0.04457441199172545	0.03790080295491181	0.04292674017876092	0.04748969396725243	0.007890189332427343	0.0287719134852586	-0.0383977169055544	-0.021325832486103258	0.017820022991938845	0.027679009329590713	-0.0611923514900984	0.01575570344501073	0.027475259983509786	0.011947240089590644	-0.02243172406794259	0.04022082926333011	-0.019029459201090188	-0.0334396129559712	-0.04267915534049912	-0.04337646549839518	0.017063975629421257	-0.02400218284297851	0.02646434679889237	-0.015538513455091106	0.011588204171602398	-0.008758414175150258	0.016495628548952406	-0.032229446267625465	-0.04485350914163258	0.004806149499896187	-0.001961793738845758	-0.00854865579959632	0.004471110479866973	-0.0023575940477933714	0.009105310091937501	1.9430439620473527e-05	0.0073524796836456656	-0.002633624400814161	0.00010123721462979928	0.004231917900812871	0.005979905033000709	0.004344391561721577	0.014528960413275269	-0.008847902999662899	0.005384702948737745	-0.005734144034434214	0.012869918277798	-0.00653908043588801	0.0027291784511095777	0.0025603081279895	1.3368158309577527e-06	-0.015451105963944967	0.008372973387307317	-0.009672913010979535	-0.01329236380847066	-0.000563407296983848	-0.004768240259216512	0.007702951613389194	-0.0011238301430528581	0.004302711536147252	-0.011620782906306217	0.0014721186411504256	-0.0033997629523724454	-0.00746084080887917	0.0019894473357795154	-0.005867117643885134	0.010838803723460945	0.00443535645999099	0.0005300368286048302	-0.0003376308548071565	-0.0006953347726691264	0.0019685754649569247	-0.00045436021842690363	-0.0054392697360939055	0.00022275421787351752	-0.002084090931107285	-0.002283178993723283	0.001086596322627792	0.0008711558611400176	-0.00017264555110253123	-0.0063128139598970295	-0.0012920175706552586	-0.0005084713409499044	0.000771924026862534	-0.0021033799509802627	-0.004847271156284375	-0.0005174205993313209	0.0	0.0	0.0	0.0	0.0	0.0	0.0	0.0	0.0	0.0	0.0	0.0	0.0	0.0	0.0	0.0	0.0	0.0	0.0	0.0	0.0	0.0	0.0	0.0	0.0	0.0	0.0	0.0	0.0	0.0	0.0	0.0	0.0	0.0	0.0	0.0	0.0	0.0	0.0	0.0	0.0	0.0	0.0	0.0	0.0	0.0	0.0	0.0	0.0	0.0	0.0	0.0	0.0	0.0	0.0	0.0	0.0	0.0	0.0	0.0	0.0	0.0	0.0	0.0	0.0	0.0	0.0	0.0	0.0	0.0	0.0	0.0	0.0	0.0	0.0	0.0	0.0	0.0	0.0	0.0	0.0	0.0	0.0	0.0	0.0	0.0	0.0	0.0	0.0	0.0	0.0	0.0	0.0	0.0	0.0	0.0	0.0	0.0	0.0	0.0	0.0	0.0	0.0	0.0	0.0	0.0
S2017t3F_E16-T3a-Female	0.22687507204443075	0.07230614433105162	0.09245805129273445	0.08734349625790683	-0.020627906977204312	0.07738193494594167	0.010416997220155284	-0.04327563953457614	-0.09030087617737338	-0.03606333535736524	0.03347737315865154	0.010980385726655308	0.026798855391484525	-0.03219701256294166	0.06440290845877879	-0.06528942578959723	-0.04558614805118673	-0.05214281938790937	-0.013248282268724322	0.009482364118562368	0.025447214008669335	0.017615280272335828	-0.01214020190256654	-0.0344671973680509	-0.03006640769980089	-0.03648587214422952	0.05031769381863364	0.05558429317421713	-0.0016610734089412909	-0.07330650279687916	0.02493166004241828	0.017459333871067562	0.00039415079897882804	-0.044600953213331275	0.02354127940873906	-0.07118032412750992	0.014156980745321977	-0.01930370259371366	0.05708494339831236	0.024038880897994736	0.017907416059319566	0.01608376331718665	-0.02001682284846714	0.005534987455585321	0.004142004852573055	0.031088902415721653	-0.035754041767804765	-0.017220687057042883	-0.01095179856709337	-0.016286133131744512	-0.030465229660784524	0.01873524521437579	0.017441096415030062	0.024480769498154926	0.023056206228428425	0.00046733000778564877	-0.022710406217748755	0.02682601119878379	-0.01627350830868926	0.010664641571633014	-0.00933794944232479	0.01550157922960751	-0.007043854306801108	-0.011882823404203787	-0.018229733655719695	-0.016845922605805447	0.02558609212492766	0.004836602496622668	0.012227549536403697	-0.015247046158444303	-0.007272894886096896	0.02832204214281553	-0.013057394349976152	0.012232466492439673	-0.010408488347520705	0.03547750939195247	-0.009260136334903551	-0.030522203619391963	-0.015138464224615898	0.01367659806828984	0.034645452469120805	-0.010237423957349175	0.013424210055534532	0.009608185522671654	0.012756324661002667	-0.0005335837744419019	0.007674214550498069	0.017155336039717913	0.007713519299409983	-0.004896302562671739	0.011750779993616053	0.0025423821239169636	0.022563320880501427	0.005750870567783803	-0.02254028015572463	0.010171997414086661	-0.01370943817369276	-0.0010147124945812304	0.004334264893703444	-0.01263621678909463	-0.004967165794490621	0.002570464594297098	-0.007094397713548846	-0.007650673462420738	-0.008647626883004163	0.0001745499010386353	-0.0014009495365014475	-0.0017358577783281378	0.0	0.0	0.0	0.0	0.0	0.0	0.0	0.0	0.0	0.0	0.0	0.0	0.0	0.0	0.0	0.0	0.0	0.0	0.0	0.0	0.0	0.0	0.0	0.0	0.0	0.0	0.0	0.0	0.0	0.0	0.0	0.0	0.0	0.0	0.0	0.0	0.0	0.0	0.0	0.0	0.0	0.0	0.0	0.0	0.0	0.0	0.0	0.0	0.0	0.0	0.0	0.0	0.0	0.0	0.0	0.0	0.0	0.0	0.0	0.0	0.0	0.0	0.0	0.0	0.0	0.0	0.0	0.0	0.0	0.0	0.0	0.0	0.0	0.0	0.0	0.0	0.0	0.0	0.0	0.0	0.0	0.0	0.0	0.0	0.0	0.0	0.0	0.0	0.0	0.0	0.0	0.0	0.0	0.0	0.0	0.0	0.0	0.0	0.0	0.0	0.0	0.0	0.0	0.0	0.0	0.0
S2017t3F_E17-T3b-Female	0.1285337141142777	0.1582634478541542	0.1631143723488058	0.08711790464403582	0.01834798215193436	-0.011970462256138084	-0.11190276852465028	0.01269544165189371	0.023081035957633462	-0.07305061589940914	0.007894521155753072	-0.06360632998705289	0.05120060576087206	0.06334002786023736	0.022175552708076203	0.039333948201080764	0.02348035666514751	0.08901665524255602	-0.040131713670988875	0.016468092729070793	0.051738474516173166	0.014278888223554031	-0.0053999997127905435	-0.0359431952233556	-0.05547366499822898	-0.01814187509208079	0.03353582198566914	0.004836277642081611	-0.021334003235172136	0.005983229468400318	-0.09728435674240805	0.033777021695764804	0.02607719423313003	-0.04405157295006949	0.0015027971382725667	-0.056116214994584405	-0.02428834627126424	-0.03166301962322101	-0.005590579112841724	0.053707411634179074	0.010328597785853733	0.0034752602067285978	-0.04990440165420844	-0.009565827048586883	0.013284929239124502	0.020965773615518296	0.013139658457485218	-0.004771371083377497	0.04933526263656936	-0.018667785132567345	-0.04043191088606741	0.01334004919339431	-0.010398679111106977	-0.01801308926846044	-0.020651231159523862	-0.00033064153501431996	-0.0071490807658802485	0.005914304047859145	0.013162197251622099	-0.005144686617588988	0.0002525622060562821	-0.01580951116211468	-0.009441801253670326	-0.013016510016636269	0.018294281880195638	0.009267160267387824	-0.0048702860858005756	0.006580997782188473	-0.021390635974959892	-0.008101814302692203	0.004314021655556777	-0.02151453322154822	0.019951556018851055	0.02189483476193704	-0.010692459973772885	0.013189472180149072	-0.011486965267816751	-0.008003314577174438	-0.0010726650721806692	0.004604876891845397	-0.005848442477227588	0.0028683130918420734	0.012706503339549993	-0.016125783708375845	-0.015283169477743698	-0.00830778822118896	0.007965641358941677	-0.002250650286277496	-0.003664131962804048	-0.00533265829587454	-0.005466563618946921	-0.00841466739447775	-0.009294572505387384	0.003216459988855592	0.008719787861236089	-0.006063892324106233	-0.0038745548912252027	-0.020635183655305853	-0.009144552943315764	0.0023398363357796698	0.00040305628303578166	0.0006769606778913149	-0.008905901240565697	0.0017134104244608244	0.0006983559972833505	0.0019355015934923647	-0.0029428989775983337	-0.0006997331734168571	0.0	0.0	0.0	0.0	0.0	0.0	0.0	0.0	0.0	0.0	0.0	0.0	0.0	0.0	0.0	0.0	0.0	0.0	0.0	0.0	0.0	0.0	0.0	0.0	0.0	0.0	0.0	0.0	0.0	0.0	0.0	0.0	0.0	0.0	0.0	0.0	0.0	0.0	0.0	0.0	0.0	0.0	0.0	0.0	0.0	0.0	0.0	0.0	0.0	0.0	0.0	0.0	0.0	0.0	0.0	0.0	0.0	0.0	0.0	0.0	0.0	0.0	0.0	0.0	0.0	0.0	0.0	0.0	0.0	0.0	0.0	0.0	0.0	0.0	0.0	0.0	0.0	0.0	0.0	0.0	0.0	0.0	0.0	0.0	0.0	0.0	0.0	0.0	0.0	0.0	0.0	0.0	0.0	0.0	0.0	0.0	0.0	0.0	0.0	0.0	0.0	0.0	0.0	0.0	0.0	0.0
S2017t3F_E19-T3a-Female	0.1335494737135186	0.10235721238559896	0.16642803760363978	0.06831414982953683	-0.0955221441304425	0.12627960309513153	0.00149129413205816	-0.0032415386416851442	-0.11168337338159368	0.03794681512425052	0.009436298584713334	-0.05718981673255528	-0.011693975439214351	0.025253370518915696	0.07169428747513684	0.05201224523602885	0.04962875327783721	-0.010350170246508436	0.056994025854701674	-0.026568274591395172	0.00973500615974364	-0.0008689437257467817	0.010370103427442687	-0.009550382417198555	0.047631216043308715	0.0038622986667049344	0.014246429866068229	0.02504054790932742	-0.026211259643848846	-0.007987278595300268	-0.022418005731909347	0.03807455499523605	0.0026241019931479803	-0.004331858215220924	-0.029048184037602585	0.0005330522604243497	-0.028494965740783525	-0.005202715646541103	-0.022543924602582487	0.028694310833752262	-0.004906774360824068	0.005103607161171059	-0.004305630836246604	-0.01029038497018497	-0.03362698929306141	0.011776110032503862	0.003756881968740044	0.0010272749369473688	-0.008733317044884352	0.00033286881824209165	-0.009055989733130133	-0.007468519734006832	-0.02025691341610457	-0.015735856312781904	0.00550669524199179	0.013455771740025031	-0.03677788391989413	-0.005767719650420269	-0.00459787284981556	-0.013886170309229532	-0.0027643342339743623	0.01611792437128256	-0.001325473563990633	-0.005237064013831665	0.024285323704594713	0.02414889309310735	-0.010705825768441165	-0.00914149977905919	-0.007327386079262062	-0.009170012842258045	-0.012532360006939016	-0.0005706925916822062	0.0031636933870861353	0.019334506830311342	-0.010801894996649249	-0.0021405697207707293	-0.013817018527850944	0.008598965724677847	-0.011252151083813024	-0.009815014768956654	-0.002714161886121919	-0.014832535278021006	0.017233549571688392	0.012347597955899034	-0.009813910305025328	0.0014139266162792547	0.0016429489207669403	0.004347388213197083	0.009999616051649434	-0.0022435613361729127	-0.004356988093405688	0.00961806302668976	-0.017698360996309392	0.005297418409451832	-0.0032664938033112093	0.0019165316191016356	-0.007713269307211359	-0.0001915209465486375	0.0015455858507356117	0.007884624986133853	0.0037020062984937955	-0.0010715333953065169	-0.0012431148373493943	0.001353079231848066	0.0033631967416710125	0.0013088033718110137	-0.001013052375926628	0.001960402131342189	0.0	0.0	0.0	0.0	0.0	0.0	0.0	0.0	0.0	0.0	0.0	0.0	0.0	0.0	0.0	0.0	0.0	0.0	0.0	0.0	0.0	0.0	0.0	0.0	0.0	0.0	0.0	0.0	0.0	0.0	0.0	0.0	0.0	0.0	0.0	0.0	0.0	0.0	0.0	0.0	0.0	0.0	0.0	0.0	0.0	0.0	0.0	0.0	0.0	0.0	0.0	0.0	0.0	0.0	0.0	0.0	0.0	0.0	0.0	0.0	0.0	0.0	0.0	0.0	0.0	0.0	0.0	0.0	0.0	0.0	0.0	0.0	0.0	0.0	0.0	0.0	0.0	0.0	0.0	0.0	0.0	0.0	0.0	0.0	0.0	0.0	0.0	0.0	0.0	0.0	0.0	0.0	0.0	0.0	0.0	0.0	0.0	0.0	0.0	0.0	0.0	0.0	0.0	0.0	0.0	0.0
S2017t3F_E19-T3b-Female	0.1329557765623918	0.11118449336166282	0.1770550622850789	0.008710308005006292	-0.08890159802983648	0.1208373136182001	0.023722727231934606	0.049144032900127484	-0.13042839514362808	0.007304333678117344	0.03838584315461649	0.06233159396342679	-0.013759927099980593	0.008355127455869455	0.02499651626279699	0.023039448853727138	-0.0013017948168145054	-0.010465061782928562	-0.019022630207312572	-0.04871829392067311	0.002321845242773412	0.004315137753575376	0.02974191236562573	3.61520415396897e-05	-0.00407754519516152	-0.001955115345887722	0.0342318607083961	0.007692008349276158	0.003531829920507998	-0.024164407761037114	-0.05001999694290612	-0.0039371740348325005	0.0203214250964895	0.0009798374291891333	-0.02266104561475213	0.030006938899511656	-0.02367839891911584	-0.0029857580925563587	-0.012928141734553138	0.0018434345826253585	0.02009378446706606	0.04093100660557011	0.009251229441086794	-0.009797383537440748	-0.013009265122346033	0.01867990386936994	0.010059429841021317	-0.01733342482025374	0.002760251285166754	-0.0005571389101328911	-0.006794035527543322	-0.011621303923430332	-0.002795234918140007	0.022985041459210057	0.020252303779133674	0.003952108594905282	-0.003744253024731398	0.012377111074856314	0.007310074281971761	0.004568423596537576	0.005835965524392717	-0.02420962122672142	0.013520294877977262	0.018446133971781582	-0.025412675178289965	-0.018726689902018954	-0.0041841966117492435	0.003801329853996702	-0.006058372684739691	-0.03204256457390406	-0.004133161768420955	-0.02166934403317293	0.009708599901520952	0.002696860165644054	0.024887583087202046	0.006153055365711342	0.007042291164741139	-0.018573133934595584	-0.00150290008934654	-0.0055752120337575675	-0.0011757628741393094	0.0016246913438638072	0.0036647778659458733	0.010594171829748316	-0.017233362738972854	0.0036989797520892115	-0.00452990975113644	-0.0024877391553015707	-0.015055790337289413	0.009024082396277756	-0.0014051386290474517	-0.0038505427038242686	0.008092076687215172	0.01079121151436893	-0.0037465650023292317	0.001084982366484091	0.004829345316745157	-0.003981824715228788	-0.007296053325346712	-0.0030232425978728465	-0.004469515323254065	0.005298520532599419	0.0026435265187642657	0.005971906009172272	-0.0014600737422902556	-0.0034474526641163476	-0.00039149915946461064	0.0004605359079902946	0.0	0.0	0.0	0.0	0.0	0.0	0.0	0.0	0.0	0.0	0.0	0.0	0.0	0.0	0.0	0.0	0.0	0.0	0.0	0.0	0.0	0.0	0.0	0.0	0.0	0.0	0.0	0.0	0.0	0.0	0.0	0.0	0.0	0.0	0.0	0.0	0.0	0.0	0.0	0.0	0.0	0.0	0.0	0.0	0.0	0.0	0.0	0.0	0.0	0.0	0.0	0.0	0.0	0.0	0.0	0.0	0.0	0.0	0.0	0.0	0.0	0.0	0.0	0.0	0.0	0.0	0.0	0.0	0.0	0.0	0.0	0.0	0.0	0.0	0.0	0.0	0.0	0.0	0.0	0.0	0.0	0.0	0.0	0.0	0.0	0.0	0.0	0.0	0.0	0.0	0.0	0.0	0.0	0.0	0.0	0.0	0.0	0.0	0.0	0.0	0.0	0.0	0.0	0.0	0.0	0.0
S2017t3F_E23-T3a-Female	0.04313636258942791	0.12927106636632738	0.12856972917189832	0.11331521362559477	-0.018422636927857894	0.017343513618532907	0.052845911407079726	-0.04559196488593592	0.03545084780473873	-0.0026366151998514567	-0.004665905889509124	-0.02918314098993551	0.08971084453373976	-0.10299117322778159	0.0413582845157005	-0.041078271739476514	-0.017209561310307517	0.08087636334062717	0.02650994933309619	0.030154151316666978	0.008961846809693697	0.0392090545838206	0.025157758666259064	0.019373595691994348	0.04024448437122653	0.04325247051717981	0.002530752774036053	-0.003754146723745857	-0.007121752289498459	-0.006724226769330709	0.0641581939545233	0.06199698971213201	-0.008348914536184669	-0.010269543644815794	-0.005811247217617971	-0.03149275348178834	0.02657138692839182	0.020368054383323047	0.007244330530875038	0.008807905752791641	0.01570953079025329	-0.013194310880004587	0.018878896807347435	0.010466616692371686	0.013334911440034904	7.894307658941444e-05	-0.020104942052471403	-0.012580828172705859	0.01802535287482217	-0.0020131428162956477	0.0014109135144166726	0.038029391440654446	-0.023523530897928722	-0.011792327483448866	0.024749260443803513	0.009426523305035179	-0.015613428224563426	-0.01633744432061226	0.023305638394882137	-0.019961772768303382	0.022072724552844356	0.03130086769172417	-0.008668723631546103	0.022558736471156866	0.010856360505156551	-0.0034754625273715274	0.04085713869443823	-0.007157993707347482	-0.016432548521839545	-0.004362980303685774	0.005233835664314944	0.018591945760013866	-0.012247200218827036	-0.0030555190633982893	0.01602622685471587	0.008204039242873495	0.0027382292478092198	0.01933300118956192	-0.006712974726758656	-0.007039595720998847	0.013520199267214131	-0.026424858722476758	-0.008505174915702227	-0.008970663330979926	0.010481212578268636	0.01276579185718388	-0.003957834184170447	0.0004786493445426124	-0.005402466345051134	-0.001990907600979658	-0.013302345815435155	0.0023474946295243084	0.0005555226282858297	-0.007169751432453579	-0.0005298220737642432	-0.011617046468457503	0.0022811335275199135	0.016656948152652593	0.0027606592182639307	0.004152357410077639	0.004043380974486695	0.006678133852623703	-0.006126844094788248	0.00037736662948820014	0.003509946265400903	-0.00014091844386439375	0.000799056816293373	0.0034626465849838155	0.0	0.0	0.0	0.0	0.0	0.0	0.0	0.0	0.0	0.0	0.0	0.0	0.0	0.0	0.0	0.0	0.0	0.0	0.0	0.0	0.0	0.0	0.0	0.0	0.0	0.0	0.0	0.0	0.0	0.0	0.0	0.0	0.0	0.0	0.0	0.0	0.0	0.0	0.0	0.0	0.0	0.0	0.0	0.0	0.0	0.0	0.0	0.0	0.0	0.0	0.0	0.0	0.0	0.0	0.0	0.0	0.0	0.0	0.0	0.0	0.0	0.0	0.0	0.0	0.0	0.0	0.0	0.0	0.0	0.0	0.0	0.0	0.0	0.0	0.0	0.0	0.0	0.0	0.0	0.0	0.0	0.0	0.0	0.0	0.0	0.0	0.0	0.0	0.0	0.0	0.0	0.0	0.0	0.0	0.0	0.0	0.0	0.0	0.0	0.0	0.0	0.0	0.0	0.0	0.0	0.0
S2017t3F_E23-T3b-Female	0.02824221110296317	0.10132354779002029	0.16089722289714015	0.07423893924397741	-0.04948605799890701	0.025623598825188956	0.056601058124109746	0.020967626098006963	0.03407345401365744	0.10252948545131678	-0.034952749527793446	-0.007691951307029072	0.039406842509106046	-0.07776727745653562	0.03082228400946129	0.03432436847830315	0.0005930311798534965	0.015215880232228791	0.051478220799454036	0.01106751699602668	-0.035140542143862606	0.054817487008387296	-0.014220002863743222	-0.0006271359473977199	-0.002832055417258755	0.048640152657008134	-0.11636035038513887	0.02876790884300638	0.015750969898511664	0.005039047953873431	-0.007057200465703651	-0.016385367707580343	0.00954083967829791	-0.022229185757067945	0.01954893841951285	0.0669240818100758	-0.028255348041743678	0.006545811464399	-0.05168862821261536	-0.027301441465042584	0.02135911245107111	-0.028733630824387315	-0.043464841995575515	-0.014238245292517967	0.012201018860727508	0.023135108221016824	0.042168884584252865	0.03970651094365292	0.014228746598597988	-0.0015262538431527572	-0.017836676802585133	0.03634137402036609	-0.012153490337658876	0.012975246627500261	-0.011264105272314145	-0.011594453268042012	0.010681654461706817	0.0415239307283626	-0.002199358023856739	-0.0036661088626175784	-0.0025779226629869044	0.014027865515075217	-0.02000472796316313	-0.03386712380710165	0.004311382242796771	-0.003912813520037866	0.040647597967403706	-0.0364548220129758	-0.04130865461308117	0.004882785816650644	-0.0011755959244083745	-0.024369281112666483	-0.00023341449094837967	-0.014552987120268089	0.022494186421434036	-0.011272056824412225	0.005388129608076154	-0.00586680641941352	-0.009856979993131386	0.01709990930703695	0.014622049790338815	-0.0056724177280722855	-0.0024291305758578573	0.000544318496905133	-0.0017563939556564008	0.01064139704806096	0.035905417323800634	-0.014709138593546073	-0.005561696980267193	0.024476934020173716	-0.010036007697140395	0.03589714390334555	0.006754156147080337	-0.0005568509569011939	0.006773665416362018	-0.007472014504811817	-0.0009747889753537843	0.007882693389478503	0.0005228862007992738	-0.010929190063681916	0.00665744310467114	0.005143616853710843	-0.0010124898153775854	-0.003869330637467862	-0.0020559532232162082	-0.0006713948160453041	0.001979867242208797	-0.0024810825933207835	0.0	0.0	0.0	0.0	0.0	0.0	0.0	0.0	0.0	0.0	0.0	0.0	0.0	0.0	0.0	0.0	0.0	0.0	0.0	0.0	0.0	0.0	0.0	0.0	0.0	0.0	0.0	0.0	0.0	0.0	0.0	0.0	0.0	0.0	0.0	0.0	0.0	0.0	0.0	0.0	0.0	0.0	0.0	0.0	0.0	0.0	0.0	0.0	0.0	0.0	0.0	0.0	0.0	0.0	0.0	0.0	0.0	0.0	0.0	0.0	0.0	0.0	0.0	0.0	0.0	0.0	0.0	0.0	0.0	0.0	0.0	0.0	0.0	0.0	0.0	0.0	0.0	0.0	0.0	0.0	0.0	0.0	0.0	0.0	0.0	0.0	0.0	0.0	0.0	0.0	0.0	0.0	0.0	0.0	0.0	0.0	0.0	0.0	0.0	0.0	0.0	0.0	0.0	0.0	0.0	0.0
S2017t3F_E30-T3a-Female	0.07321892547123564	0.13160250564398962	0.038397966668570226	-0.029216310226197185	0.07914959956401968	-0.04443952031526337	-0.07224666045055239	-0.06356067379177023	-0.03712755452291543	0.03822862264262571	-0.07032025935749449	-0.020537917608674554	-0.06153154557976515	-0.024682257232335535	-0.013808206087193842	-0.1040215136156767	-0.016203234161402284	-0.03293436531828378	-0.0246389733753591	0.019507068022358083	-0.03364482256198534	0.03039660932694329	-0.0024517295940825416	-0.012024168104237079	-0.015473240797081206	0.003862389512212725	0.0018624210265180655	-0.021161696927504	0.039856115184661346	0.0036294557128106163	0.09094709797905444	-0.01673552733206245	-0.008282224674997382	-0.03725700293343867	-0.005912537168351493	0.02851571018915066	-0.011377609311584328	-0.030438009598690342	0.04153258803160544	-0.0003106571810383394	0.04645115111254494	-0.007980209641762642	0.051745547417237844	-0.05245077421628646	0.04030096111129109	-0.011169237209943674	-0.014498453343786665	0.008710423896090995	0.02151464428677708	-0.019370147476067023	0.0028959618202200176	0.009819047691114174	0.004510455302890884	-0.01008181418269494	0.01300208460633396	-0.003947986309281946	0.0004092261909721178	-0.024587134895732388	0.007783601169933273	0.0013170177538284066	-0.006318394159452427	-0.019327572548629157	0.007888591560398157	0.0048249007221651576	0.02494098996962842	-0.003733660053987646	-0.02881734952943198	0.011115890450162449	-0.010068356930625407	0.004894101596231075	0.0033705956520875425	-0.003943696208150495	-0.009290754162335678	-0.0076259212236306105	-0.0018160161331098326	-0.015406499209102874	0.010560844159320938	-0.00699791679006066	-0.020821061181832554	-0.0013977105915955967	-0.004140309916816687	-0.0037565947515105056	-0.007784687335249933	-0.010459755141506795	-0.01876603447345051	0.011498419024768794	-0.008548252096503676	-0.0036281067869135763	-0.0008511827875432557	0.010937096082812792	0.0011153109105513609	-0.01875570272835649	0.014207290724922684	-0.005769484600750762	-0.015127616559714063	0.0032886020745011447	-0.008034088902400371	0.007091955535987314	0.006556888458910415	-0.0003152525630660042	-0.004731891743283886	-0.00161883017979495	0.0003587041496237237	0.0014174149919003048	0.0015205214325107938	-0.0006567528218551805	-0.0007770712876498472	-0.0028987488568199154	0.0	0.0	0.0	0.0	0.0	0.0	0.0	0.0	0.0	0.0	0.0	0.0	0.0	0.0	0.0	0.0	0.0	0.0	0.0	0.0	0.0	0.0	0.0	0.0	0.0	0.0	0.0	0.0	0.0	0.0	0.0	0.0	0.0	0.0	0.0	0.0	0.0	0.0	0.0	0.0	0.0	0.0	0.0	0.0	0.0	0.0	0.0	0.0	0.0	0.0	0.0	0.0	0.0	0.0	0.0	0.0	0.0	0.0	0.0	0.0	0.0	0.0	0.0	0.0	0.0	0.0	0.0	0.0	0.0	0.0	0.0	0.0	0.0	0.0	0.0	0.0	0.0	0.0	0.0	0.0	0.0	0.0	0.0	0.0	0.0	0.0	0.0	0.0	0.0	0.0	0.0	0.0	0.0	0.0	0.0	0.0	0.0	0.0	0.0	0.0	0.0	0.0	0.0	0.0	0.0	0.0
S2017t3M_E11-T3b-Male	0.03362601709415323	0.14184571648496416	0.13972165288871186	0.06734703529933979	0.011318453780886948	0.044940497720356846	-0.024302925646629	-0.03815822815985213	0.0017159423955399905	-0.031150784243837014	0.02803598762484969	0.06473903811246613	-0.026841046277521985	-0.02220880265621533	0.019651190134880817	-0.058037789915311604	-0.02936542404823594	-0.017583816076737976	-0.09805633540592995	-0.05186401786088217	0.07544437595436655	0.018637315261052348	0.04281971406395762	-0.01505010267308116	0.008799272497816991	0.04316652117619197	-0.012448497091252952	-0.0361319708626511	0.021756610525226996	0.020861318643512556	0.09240926180091068	-0.03386728224647056	-0.004591367107563407	0.03416207833500172	-0.049972332689461586	0.01433724884740818	0.014230528376017008	0.028276770440861566	0.019825024199213993	0.017664659404392758	0.006851330587519454	-0.01579523451809987	0.0330656382373331	-0.008575873994222544	0.01456049404285205	0.026059141541706732	-0.011301458118471788	0.0002995409674301686	-0.024574466394743016	-0.015927391737916945	0.021174940198759026	-0.027386288224680293	0.021739281447254392	-0.006982648375313326	-0.0034606172144097005	-0.019978382312334664	-0.0030165877147423654	0.0118765099318588	-0.0044629153218384045	0.0023507203604612556	0.0175647890234704	-0.00965453678833002	-0.0021544202519499706	0.00826102215160789	0.031137665515345175	0.012486395700700622	-0.009713695321175341	0.008332150228832241	-0.007369972462175325	-0.018942388796927716	-0.000355865979541623	-0.015097893922302416	0.008465085290664745	0.027105499731753864	0.008071566461749325	-0.010701988066624504	-0.015448884837843617	0.014389914217291922	0.006353319884660184	0.0010839901280924485	-0.0025273448634181295	-0.01537707909517703	-0.0005712347661708242	-0.01663294096455003	-0.013008377664499655	-0.013878779318340442	-0.0015681973681119295	0.00705138001720258	-0.007024077810142364	0.0012410285609162255	-0.008482833753784731	-0.0027424421445930067	0.013033422649939246	0.0071042878537717	0.003650588889871859	0.005863029544212475	0.0001135541330229737	-0.009945376582808795	0.005901586142142647	0.003221987525578133	0.0025025421759599827	-0.00373524892378648	0.00027655465861456033	-0.0015294243143211838	-0.006684007854324945	0.0017777392568556528	0.0003814056646664812	0.0017474266424651278	0.0	0.0	0.0	0.0	0.0	0.0	0.0	0.0	0.0	0.0	0.0	0.0	0.0	0.0	0.0	0.0	0.0	0.0	0.0	0.0	0.0	0.0	0.0	0.0	0.0	0.0	0.0	0.0	0.0	0.0	0.0	0.0	0.0	0.0	0.0	0.0	0.0	0.0	0.0	0.0	0.0	0.0	0.0	0.0	0.0	0.0	0.0	0.0	0.0	0.0	0.0	0.0	0.0	0.0	0.0	0.0	0.0	0.0	0.0	0.0	0.0	0.0	0.0	0.0	0.0	0.0	0.0	0.0	0.0	0.0	0.0	0.0	0.0	0.0	0.0	0.0	0.0	0.0	0.0	0.0	0.0	0.0	0.0	0.0	0.0	0.0	0.0	0.0	0.0	0.0	0.0	0.0	0.0	0.0	0.0	0.0	0.0	0.0	0.0	0.0	0.0	0.0	0.0	0.0	0.0	0.0
S2017t3M_E13-T3a-Male	0.09189140190183628	0.142355422823751	0.09989289456430402	-0.14921555754085084	-0.06301701019805847	0.013833363427917534	-0.013828955675249223	0.03325043763149556	0.06740846836932218	0.004314379590270531	-0.03178585332928435	0.03507934906477202	-0.037477885718674255	0.1308041909680964	-0.03960734885103238	0.029479955301436555	-0.042402040429274486	0.05485405359556189	0.00042989873659885	-0.00920675299573685	0.01058257022348025	0.05437288533582068	-0.005398204869040567	0.02708401339352124	0.008414416602488345	0.014336631000085689	-0.015577098941089839	0.014021405177708682	-0.02384049364351779	0.02115398796290319	-0.009401736676605642	-0.012946051198282453	-0.02058705528705095	0.008280715495651948	0.05066728300348095	-0.04561482015235481	0.0067357287183500295	-0.008212400833781735	-0.012121224439067798	0.004174771266037002	-0.011322054214019368	-0.018364951735569804	0.005787773000872606	0.006237535791363018	0.019121733083235837	-0.02826671462521505	-0.038598508146451785	-0.018520197860990892	0.02313150574329669	-0.033861311053901284	0.02270602955659946	-0.0015210593336877644	-0.02214002828360732	0.029026299965344417	0.04067363878007314	0.0048818920292332865	-0.024101325471820773	0.014136649054212599	0.01400810645719823	-0.0023456993531599845	-0.001102876276035069	-0.030775633763802327	0.012591075002221511	0.01342419050712855	0.03915620094808598	0.023399273305619625	-0.002669402830024733	0.0041167123978067075	0.009334702396358618	0.010495510995487727	0.013104099761464871	0.00803302922906037	-0.010897815643499066	0.012075971362879339	-0.01150717718609962	0.005857222751507549	-0.006415413194345985	-0.00011479935848857644	0.017005680471163843	0.00015442150022112455	-0.012091974485613874	0.008478152056313977	0.0026359234260703007	-0.0029881753650235843	-0.00208189250843611	0.01680623382673664	-0.002982173720770697	0.007013221966190413	0.005099354951886128	0.0004303245724433003	-0.009375254777185588	0.005875253821828628	0.016250161687760844	0.004284673762384107	0.003393058064615724	-0.00272750888804808	-0.012524167245737216	0.007814665310055938	-0.01056192442121823	-0.0006089551683895065	0.005976427787141732	0.0036499624003164814	-0.006647069911395284	-0.00336363676332393	-0.00014265282989203097	0.00221224146028372	0.00027071788864906575	0.00068847041411712	0.0	0.0	0.0	0.0	0.0	0.0	0.0	0.0	0.0	0.0	0.0	0.0	0.0	0.0	0.0	0.0	0.0	0.0	0.0	0.0	0.0	0.0	0.0	0.0	0.0	0.0	0.0	0.0	0.0	0.0	0.0	0.0	0.0	0.0	0.0	0.0	0.0	0.0	0.0	0.0	0.0	0.0	0.0	0.0	0.0	0.0	0.0	0.0	0.0	0.0	0.0	0.0	0.0	0.0	0.0	0.0	0.0	0.0	0.0	0.0	0.0	0.0	0.0	0.0	0.0	0.0	0.0	0.0	0.0	0.0	0.0	0.0	0.0	0.0	0.0	0.0	0.0	0.0	0.0	0.0	0.0	0.0	0.0	0.0	0.0	0.0	0.0	0.0	0.0	0.0	0.0	0.0	0.0	0.0	0.0	0.0	0.0	0.0	0.0	0.0	0.0	0.0	0.0	0.0	0.0	0.0
S2017t3M_E14-T3a-Male	0.15491438904402102	0.11419006625804255	0.1941349536707661	-0.019800418328465543	-0.13464187787900972	0.01366320380887679	0.04375275670735099	0.150060251319649	0.010467855037451313	0.05643361534807119	-0.031903575601375106	0.0060214895311416	-0.0476483749058311	0.05209763935287684	-0.023427112696765954	-0.04508924183320398	-0.009106513557409157	0.02584961086903803	0.03208707657595043	0.04775522798136089	-0.028305339257714168	-0.030219185943968396	-0.0902714039968442	0.1437181572287978	0.05099649611708321	0.0964037929800914	0.032546894417530024	-0.028032699402179225	-0.004396688710727988	0.037795811075337075	-0.008325467895045844	-0.02000343011426623	-0.014915506147896468	-0.005551171330403575	-0.013158445082877463	-0.01863186627315301	-0.01713851399157966	0.040151200676491146	-0.013767288824008513	-0.06018739343309193	0.020257449698739206	-0.0027964745916215675	-0.028916156835224374	0.009966275299962557	-0.003477132696078796	0.03489023761547437	0.005694372350752138	0.010435785056336315	-0.026887183235271263	-0.028895020770569383	-0.0032007029256093046	-0.009368295652437882	0.025849313797238503	0.002045441757608987	-0.0029645537773756534	0.014917311459750287	-0.03283778191805192	-0.014554778840930758	0.013691641907504876	0.010502877932119386	0.014624955305747261	0.01731134331536755	-0.0015554620307876414	-0.009976897585339107	-0.03741850608937663	-0.006991259329584476	-0.010975945811304828	0.0004577314211900935	0.01054626786126294	-0.0035326448680875343	-0.016406394342670275	0.006710134430079845	0.0169936771530031	0.009133969959598573	0.006513570410013094	0.010671377658237825	-0.006578302939600768	-0.016519510212422494	-0.018713684524667325	-0.0046508414859277964	-0.021742694780972373	0.025023380694310315	-0.005173083193892114	-0.01074362534506465	-0.0035079559699510866	-0.005159995095282698	-0.007908565262110647	-0.0035928081512636508	0.005411762358153637	-0.0002890460599621945	-0.006531102410570686	-0.006220756147739411	0.0004450241716018556	0.0029412271488658765	-0.0010243594716487377	-0.005159124599860402	0.0055496806226000605	0.004201459360645506	0.0032059670509855176	0.00011305776417528028	-0.004910467397682658	0.005709268406090694	0.0038233884187307094	-0.0027058098221882966	-0.0005219106291793743	-0.0020117819328266118	0.0035082886463135786	0.0010428496983979933	0.0	0.0	0.0	0.0	0.0	0.0	0.0	0.0	0.0	0.0	0.0	0.0	0.0	0.0	0.0	0.0	0.0	0.0	0.0	0.0	0.0	0.0	0.0	0.0	0.0	0.0	0.0	0.0	0.0	0.0	0.0	0.0	0.0	0.0	0.0	0.0	0.0	0.0	0.0	0.0	0.0	0.0	0.0	0.0	0.0	0.0	0.0	0.0	0.0	0.0	0.0	0.0	0.0	0.0	0.0	0.0	0.0	0.0	0.0	0.0	0.0	0.0	0.0	0.0	0.0	0.0	0.0	0.0	0.0	0.0	0.0	0.0	0.0	0.0	0.0	0.0	0.0	0.0	0.0	0.0	0.0	0.0	0.0	0.0	0.0	0.0	0.0	0.0	0.0	0.0	0.0	0.0	0.0	0.0	0.0	0.0	0.0	0.0	0.0	0.0	0.0	0.0	0.0	0.0	0.0	0.0
S2017t3M_E14-T3b-Male	0.12732161596084982	0.1427445849731556	0.19447981652309124	0.07460396932862884	-0.08157095147396339	0.024389097345036	-0.09352079733314733	0.027573829331063133	0.06426208744460732	0.03899539387067304	-0.029399913046260738	-0.014305043752607518	0.07947317102011751	0.06708173676893818	0.025787224243946142	0.07918598385936182	-0.038373294850166925	-0.01705512703888623	-0.08021191922487594	0.03385151356973462	-0.019910993416318468	-0.002349756993745739	-0.07188974523102429	-0.00456861077513129	0.023952138065585726	-0.017063174569662387	0.013971512860870873	-0.019197657716377894	0.0033422170247889866	-0.06787566521716669	0.04075804487177148	-0.011990812301719276	0.04587513869280057	-0.02441341011352301	0.02272246441058511	0.040884860152060346	-0.003761232624667293	0.05196310339375251	0.025796944447084597	-0.014622566279416122	-0.03498227144409511	0.035905712021574776	-0.024668894359572736	-0.0507285972036524	0.02742563697322407	-0.026051101000230094	-0.0005201773627915991	0.0050340064193533166	0.02065190331913534	0.026809459889910445	0.0357852288289428	-0.006260483846416798	-0.03569720757726469	-0.05218955010317365	-0.019882722338038544	-0.017569491668635	0.04443170179705133	-0.00828052002897132	-0.03622095397081698	0.01139922795868967	0.018724269480327425	-0.03499148573185242	0.005809819174632186	-0.00904588001407263	-0.0502729006431211	0.037274788946348114	0.03824258882254708	-0.014339678375809005	-0.004401890233904622	0.007181360043694309	0.02564761123788451	-0.0003330047912908343	-0.04484027373353072	-0.007105646011549923	-0.015219511986783604	-0.011233223357113865	0.02245477874498723	-0.007026213147201692	0.01518352091405074	-0.015851269406518455	0.002120258077188946	0.012237418346997495	-0.002536325254446788	0.013431872604628112	-0.005487513005837876	-0.0014005183027642914	-0.0012130636113358234	-0.007148983709628984	0.0031951586711509777	0.004857595066879936	0.010814250749175898	-0.010432664084632374	0.0007742693802200156	0.004052685190192073	-0.000242526409642042	0.0022997685976021394	-0.012578489057656952	0.0014914865275681474	-0.004376941824021721	-0.0005704756359530579	-0.0011123271415827713	0.003415927250534663	0.0008350080860627678	-0.0016719052650925035	-0.0009703883269303107	0.0006808425832429036	0.0008541309318527991	0.0011995183012992428	0.0	0.0	0.0	0.0	0.0	0.0	0.0	0.0	0.0	0.0	0.0	0.0	0.0	0.0	0.0	0.0	0.0	0.0	0.0	0.0	0.0	0.0	0.0	0.0	0.0	0.0	0.0	0.0	0.0	0.0	0.0	0.0	0.0	0.0	0.0	0.0	0.0	0.0	0.0	0.0	0.0	0.0	0.0	0.0	0.0	0.0	0.0	0.0	0.0	0.0	0.0	0.0	0.0	0.0	0.0	0.0	0.0	0.0	0.0	0.0	0.0	0.0	0.0	0.0	0.0	0.0	0.0	0.0	0.0	0.0	0.0	0.0	0.0	0.0	0.0	0.0	0.0	0.0	0.0	0.0	0.0	0.0	0.0	0.0	0.0	0.0	0.0	0.0	0.0	0.0	0.0	0.0	0.0	0.0	0.0	0.0	0.0	0.0	0.0	0.0	0.0	0.0	0.0	0.0	0.0	0.0
S2017t3M_E16-T3a-Male	0.08962309744222796	0.12449637519822082	0.16252707403354325	0.09030778094984003	0.00886210067201806	0.11622033172785716	-0.016957315477846874	0.02444626029531969	-0.04010492001053379	0.01735368407791613	0.05415905858031695	-0.04695141027417681	0.04261450860866331	-0.03073115903359387	0.07360894555680926	-0.028142116097589806	-0.024188505305069847	0.052912469631946776	-0.04108829602015724	-0.03152985642223422	0.04145154510062998	0.016362936256819113	-0.021820399133775543	-0.026033889796437473	-0.0035930479045213136	0.004329554565492149	0.06637329959799997	0.030501081962882384	0.045511249837768074	-0.035994165708870006	-0.0053634453717881425	0.056926280908802716	-0.012479888977678261	-0.040154188893930826	-0.010813463656373513	0.010473482239308204	0.00835106769544018	0.027826034937251613	-0.012332447746318443	0.034775070082334325	-0.014517718257809026	-0.017770322875265556	-0.025460216430196258	0.002380665598968401	-0.0034563971439392003	-0.02023852257555716	-0.0005808919451619001	-0.009655803658852687	0.0006481604661246926	0.03472421909525614	-0.008044534383725856	-0.02971857924727356	0.02032647240236575	0.005985937281035465	0.03229938922381316	0.0139340111273593	0.010569744155272233	-0.019099312090581994	7.090257580583505e-05	0.006299523352897778	0.018617025389919276	-0.010254889288340027	0.008259223665722687	0.0017587689793399288	0.004324595341235313	0.004242214987834305	-0.012990687740661193	-0.01524482192807729	-0.01951390329882774	-0.008754489246496366	-0.006887552007072811	0.0030904452717624604	0.02560197687773993	-0.005165529296006332	0.00921053231768171	0.0029094008912889076	-0.002472551581027952	0.017698116547987364	-8.080264304168506e-05	-0.015985646186952286	-0.004121410971581346	0.015147877735000329	0.0025072882240263577	-0.011017647234449203	0.017768854779557693	0.006549774951892796	-0.0100322005595861	0.011905665557928515	0.009967336254737032	0.0022520570369982482	0.01721669796989413	0.008381927467466705	-0.004842460300943488	-0.009338762872447292	0.0008789966378077243	-0.0025674387814821893	0.0065163389614947545	0.0022553740345764885	-0.007223479120019086	0.0017481646943831345	-0.0034292435862582557	0.005131908238003744	0.004361502032601655	0.0008367991002343316	0.0018210504593397772	0.0011313199653495145	-0.00016841321291567442	-0.004237936196180017	0.0	0.0	0.0	0.0	0.0	0.0	0.0	0.0	0.0	0.0	0.0	0.0	0.0	0.0	0.0	0.0	0.0	0.0	0.0	0.0	0.0	0.0	0.0	0.0	0.0	0.0	0.0	0.0	0.0	0.0	0.0	0.0	0.0	0.0	0.0	0.0	0.0	0.0	0.0	0.0	0.0	0.0	0.0	0.0	0.0	0.0	0.0	0.0	0.0	0.0	0.0	0.0	0.0	0.0	0.0	0.0	0.0	0.0	0.0	0.0	0.0	0.0	0.0	0.0	0.0	0.0	0.0	0.0	0.0	0.0	0.0	0.0	0.0	0.0	0.0	0.0	0.0	0.0	0.0	0.0	0.0	0.0	0.0	0.0	0.0	0.0	0.0	0.0	0.0	0.0	0.0	0.0	0.0	0.0	0.0	0.0	0.0	0.0	0.0	0.0	0.0	0.0	0.0	0.0	0.0	0.0
S2017t3M_E17-T3b-Male	0.20968061335842442	0.1438180092213918	0.11010893181915557	0.04921571074896181	-0.011430320125576182	-0.021497013875598263	-0.12839938903271245	-0.004845111136323315	0.03857097760290806	-0.003217573523386737	-0.04796046216957197	0.013919130817896058	-0.0743963243261671	-0.015713737089003935	-0.00040738457014230284	0.0245726275164052	0.03731402928325208	-0.0008804362164535603	0.001778203491821915	0.10143458431102668	-0.04246129175798825	0.04232194629101147	0.04813027351658887	0.017655230975714323	-0.02582519300687798	0.0012314864212866893	0.048118978796939105	-0.031224112319470514	-0.0011091149931432187	-0.004242882850644082	-0.005090502725304383	0.005323463366052993	0.019273659830064536	0.0328956496298632	0.01331838774262687	-0.0077755693361937495	-0.060604265855451325	-0.017919162426537405	0.00044385213123046996	-0.059989018646488035	0.09049794008699125	-0.01718235402500045	0.038232998625952	0.0029934748400398084	0.008027453090760557	-0.013583264330394317	-0.03129636293763221	0.02612353880837535	0.052168859256143646	-0.01724926008312994	0.015031105445835954	0.01216144567859357	-0.003336707287628191	-0.006416495362963963	-0.02548360646029856	-0.0033681218817460355	0.000648324273313027	0.009162836123005743	-0.0028806676442399617	-0.017145797268421647	-0.044858460722393606	0.002404562568113199	0.022388349010522484	0.0133782040640954	0.0013828300223256403	-0.013118855478827327	-0.011787365255176057	0.014517978017439839	-0.0003210558722132772	0.010715361238487112	0.015385496552420372	0.011704420933050998	0.021764141532249693	-0.009371637570610266	0.012242561207023701	-0.010745489381536286	0.03114310783911429	-0.00799695620348608	-0.010128879223411031	0.014167935698055979	0.0020456794720910094	-0.022620733109424626	-0.004084827035357603	-0.010789439899641935	0.006343865582184249	-0.015478668362833783	-0.014484173579548737	-0.014797458220595595	-0.001982411874497275	-0.009409886751023703	0.00805667133722052	0.007176818724606796	-0.006394101208104451	0.005066922984477948	0.002074163414361229	-0.0008259709740712274	-0.004720471288437062	-0.0007054741296360998	0.0015063724833537775	-0.003960393291159564	0.010510841118945345	-0.003352953097151936	0.0016057901897124412	-0.004046833087705946	0.003001293781215694	0.003819622222495909	0.00014709832124698623	0.0005266979565915071	0.0	0.0	0.0	0.0	0.0	0.0	0.0	0.0	0.0	0.0	0.0	0.0	0.0	0.0	0.0	0.0	0.0	0.0	0.0	0.0	0.0	0.0	0.0	0.0	0.0	0.0	0.0	0.0	0.0	0.0	0.0	0.0	0.0	0.0	0.0	0.0	0.0	0.0	0.0	0.0	0.0	0.0	0.0	0.0	0.0	0.0	0.0	0.0	0.0	0.0	0.0	0.0	0.0	0.0	0.0	0.0	0.0	0.0	0.0	0.0	0.0	0.0	0.0	0.0	0.0	0.0	0.0	0.0	0.0	0.0	0.0	0.0	0.0	0.0	0.0	0.0	0.0	0.0	0.0	0.0	0.0	0.0	0.0	0.0	0.0	0.0	0.0	0.0	0.0	0.0	0.0	0.0	0.0	0.0	0.0	0.0	0.0	0.0	0.0	0.0	0.0	0.0	0.0	0.0	0.0	0.0
S2017t3M_E19-T3a-Male	0.18885050888398586	0.09288526073621359	0.13760292139707933	0.10554124207030433	-0.06561469983712209	0.06770150931950715	0.0264970340031612	0.005326833742257914	-0.12212936482975652	-0.043264010772586896	0.04990670930263813	0.038057154266194264	-0.0058994110742647335	-0.022438467314787786	0.04863421533954516	-0.07086714045384451	0.014337651660245998	-0.05302702486941004	0.040169290511957376	0.03456636011028303	-0.01043353192499118	0.004777605900264325	0.04388996007874545	0.0655144640699239	0.0028955031692243973	-0.09068114957640853	-0.03253869972441754	-0.0023216906260213814	0.00751470342889182	-0.04969617601038593	0.025107581374416998	0.017992112042224496	0.03660725664338687	-0.0018528501504020765	0.004227008064325788	-0.025000478846896705	0.007851264858145232	0.006650932085329604	-0.00197484058860434	0.0027847583357301724	-0.0448043225798703	-0.0220637093428194	-0.010950462972788153	0.010776444639807727	0.013503578917366357	0.00898321128068298	0.008248262813577168	-0.0025261457289572904	-0.015581845246487366	-0.008717996384012331	-0.0525016984059668	0.007777049969516669	0.009046022164577923	0.025416454928735396	-0.022458125558051174	0.018558298240323647	0.006803013312981866	-0.005236066561161369	-0.00868792719868581	-0.04150312439411943	-0.021837652955402086	0.006660058856109791	-0.034108389348559184	-0.01785633343194942	0.014418459622775943	0.0270617749499288	0.01588954472567275	0.010193636274989459	0.022644691477113694	0.0019098042343782462	-0.001354383503052866	0.017399437311479263	-0.011062840549296162	-0.0030752872670878673	-0.021830908732429058	0.023511907694867506	-0.015292603070648272	0.009128795322370995	0.003973656118245775	0.0060733919750192294	0.01392946155805351	-0.023495106419070953	0.0042273794596056164	0.008256474410992578	0.0033808497860378095	0.0080947168017381	0.014033572673670697	0.012071885913457517	0.01022428462907992	0.00551331892264683	-0.0006049627569956531	-0.005713493788208031	-0.0021692134118371925	0.0016948368492149478	0.00729065823629148	-0.0037640346536120584	-0.0018350295408409618	0.0009138142304824509	0.006357047517824716	0.0123215829126607	0.001067648614602519	-0.002031840849841566	0.012987989425587402	-0.0006050750206081953	0.0038861900588327137	0.004112818380481807	0.0019617050950792255	0.0014342665827305108	0.0	0.0	0.0	0.0	0.0	0.0	0.0	0.0	0.0	0.0	0.0	0.0	0.0	0.0	0.0	0.0	0.0	0.0	0.0	0.0	0.0	0.0	0.0	0.0	0.0	0.0	0.0	0.0	0.0	0.0	0.0	0.0	0.0	0.0	0.0	0.0	0.0	0.0	0.0	0.0	0.0	0.0	0.0	0.0	0.0	0.0	0.0	0.0	0.0	0.0	0.0	0.0	0.0	0.0	0.0	0.0	0.0	0.0	0.0	0.0	0.0	0.0	0.0	0.0	0.0	0.0	0.0	0.0	0.0	0.0	0.0	0.0	0.0	0.0	0.0	0.0	0.0	0.0	0.0	0.0	0.0	0.0	0.0	0.0	0.0	0.0	0.0	0.0	0.0	0.0	0.0	0.0	0.0	0.0	0.0	0.0	0.0	0.0	0.0	0.0	0.0	0.0	0.0	0.0	0.0	0.0
S2017t3M_E19-T3b-Male	0.1658193335685471	0.11119011462055556	0.15532280323778933	-0.014463243915355646	-0.2040816219954209	0.03590607630646592	-0.050396099430719966	0.04881362914178019	-0.10158160249327056	-0.01254841631048377	0.06220450793564571	0.028473102158550558	-0.02971679179482674	0.07021068757437907	-0.061962991979130494	0.04065390752444374	0.0053822776581785884	-0.03201643009319009	0.03181121895609859	0.052270436228521656	-0.09459954791049432	0.006219611121293552	-0.03286593641889107	-0.018719630122132753	-0.02470900831194067	-0.007904011935504598	0.01689410087421381	0.05264345252741067	0.06389157868023562	-0.03064608117047304	-0.05516993876122083	0.027175155613460518	0.013433485768684103	-0.04287963029304179	0.029667687219830804	0.006314632795383349	-0.020330227535931333	-0.004915467630870924	0.03862936255900623	0.0496415486962371	-0.006456877793568739	-0.008231303047673787	0.00210001754135364	-0.002539204986724044	-0.005231660080368587	-0.010156029311943216	-0.01676440554843937	-0.015909650017943065	-0.010912704924171122	0.012587378738794197	-0.04026915082004566	-0.010671078607059134	0.014895278666463943	-0.005837022094795807	-0.008376216196795076	0.007567519971891538	-0.0009390894015864354	0.00034312116769221655	0.006046798211734643	0.010075746784558859	-0.001801006959360511	-0.007872158450943387	0.0002316761868424644	-0.01590124403875037	0.01903069602911474	0.013819194525164091	-0.004998291195036194	-0.012168206494662904	0.028365060815755242	0.01186930070749637	0.0004925785812339426	0.012293128684231033	-0.001178742234408544	-0.0029090201270269823	-0.003982823066146504	-0.00010915742067866699	-0.0025306567977754772	0.00797064437398943	-0.013980388327619817	0.007853140965725057	0.010890815777987336	-0.003143785460290422	0.011227884792030872	0.0007879245416700759	-0.00027438399297409656	0.009213169927809893	-0.004812606603172324	-0.003967949088685023	0.006541525468436304	0.000609949382167666	-0.008977328889968527	-0.011039461153934192	0.007885877974180132	-0.004311850571108771	0.003892172890246242	-0.006141736470434909	0.0069851604915822105	0.0013913683878680567	0.002113092112480462	-0.002950930957924445	-0.0062006729306584045	0.0008493383016839668	-0.0003649394086116701	-0.0039872876633544165	0.0014267310667160878	0.000302877595613286	0.0013777654940894757	-0.0005882034545121905	0.0	0.0	0.0	0.0	0.0	0.0	0.0	0.0	0.0	0.0	0.0	0.0	0.0	0.0	0.0	0.0	0.0	0.0	0.0	0.0	0.0	0.0	0.0	0.0	0.0	0.0	0.0	0.0	0.0	0.0	0.0	0.0	0.0	0.0	0.0	0.0	0.0	0.0	0.0	0.0	0.0	0.0	0.0	0.0	0.0	0.0	0.0	0.0	0.0	0.0	0.0	0.0	0.0	0.0	0.0	0.0	0.0	0.0	0.0	0.0	0.0	0.0	0.0	0.0	0.0	0.0	0.0	0.0	0.0	0.0	0.0	0.0	0.0	0.0	0.0	0.0	0.0	0.0	0.0	0.0	0.0	0.0	0.0	0.0	0.0	0.0	0.0	0.0	0.0	0.0	0.0	0.0	0.0	0.0	0.0	0.0	0.0	0.0	0.0	0.0	0.0	0.0	0.0	0.0	0.0	0.0
S2017t3M_E23-T3a-Male	0.07725496434999024	0.08657760545219385	0.08396746642034573	0.09381921573886577	0.06377354445585781	0.0916382647029154	0.02689505835853417	-0.10319282539163308	0.045376369487719184	0.07424392988133584	-0.03881284188389538	-0.03556331491669322	0.06898315509278617	-0.008927358861225027	-0.013169541835250926	-0.01459166261169627	0.015233892045232017	-0.0008287989976351608	0.011618245703488558	0.06491760446071819	0.1279850608105006	-0.03005510455667511	-0.08294711217035962	0.14648005579238343	0.007993757295536346	0.03035932599657157	0.033971384249856545	-0.03469289569075336	0.02616308746918569	-0.024665003403235956	-4.379373465563208e-05	-0.018690347452566498	0.014281134511200692	-0.04139590141229864	-0.026116147257455723	0.014264094086185548	-0.00025985328775197074	0.050431813647620984	0.03326918208997825	-0.0005485050958682468	-0.010115941619388882	0.03412367545267196	0.022741240045155955	-0.04145208073737294	0.03689603849685545	0.008727469621838433	0.00428838569509861	-0.020171650103229414	0.0031317732791620147	-0.02023520372137902	0.024915389286052126	-0.05252006190588055	-0.0067409072028872035	-0.04490509243766472	0.01577596640050496	-0.0537991810486735	-0.003893804277000424	0.03724153048487018	0.005688626544288792	-0.04320700377443304	-0.016324394155390266	-0.022570084721802275	0.03068826023516548	-0.003363334324991389	-0.03693102452100795	-0.018251440352122415	-0.0088900937409966	0.008227213406904396	-0.009233460482130702	0.023539380699450864	-0.006975085559795946	-0.004362890579492237	-0.037147583095268215	-0.011003540327968436	0.014506917103514835	-0.0030655025178449443	-0.0006679157143656752	-0.009361307682128353	0.006726065829363895	0.008091203787862605	0.0076785820353455995	-0.0040312641904249645	0.006552438264487689	0.010233789538156153	0.004454300394136812	0.0008950331205577555	0.00455058903680973	0.015202821669421477	-0.0009561304952027996	-0.03185852251335706	-0.002830745327814121	0.01172243984205003	-0.0053339439710748515	-0.008979659421913855	0.0009310427992887904	-0.002294447148988487	0.008866071226008255	-0.0009331631331800269	-0.005352568353295217	-0.0033467199885474355	0.001530210102526239	-0.0030154816455106393	-0.001472901525101036	-0.002391819571456269	-0.00024455708610471213	-0.0031384232110726593	-0.0021901588541344916	0.00032128899833378086	0.0	0.0	0.0	0.0	0.0	0.0	0.0	0.0	0.0	0.0	0.0	0.0	0.0	0.0	0.0	0.0	0.0	0.0	0.0	0.0	0.0	0.0	0.0	0.0	0.0	0.0	0.0	0.0	0.0	0.0	0.0	0.0	0.0	0.0	0.0	0.0	0.0	0.0	0.0	0.0	0.0	0.0	0.0	0.0	0.0	0.0	0.0	0.0	0.0	0.0	0.0	0.0	0.0	0.0	0.0	0.0	0.0	0.0	0.0	0.0	0.0	0.0	0.0	0.0	0.0	0.0	0.0	0.0	0.0	0.0	0.0	0.0	0.0	0.0	0.0	0.0	0.0	0.0	0.0	0.0	0.0	0.0	0.0	0.0	0.0	0.0	0.0	0.0	0.0	0.0	0.0	0.0	0.0	0.0	0.0	0.0	0.0	0.0	0.0	0.0	0.0	0.0	0.0	0.0	0.0	0.0
S2017t3M_E23-T3b-Male	0.01458392218057542	0.13672946162889765	0.07919155598021661	0.033122672121176984	0.07699851428294702	0.004931354716498757	0.028343242201023695	-0.04250372064921448	0.04366905292364519	0.014785949644847855	-0.03708998191980408	0.027785778607289452	0.013521996234436588	0.0015733010351837873	0.022790959726049925	0.027285074774938946	0.013908915045924815	0.03249220293444709	-0.028639787905671246	-0.08855043481103707	0.0349755267103453	0.06860852700230481	0.027055497689313167	0.007985207616731977	0.01596249985376909	0.05233842332681176	-0.04137939394336806	0.008362358737325794	0.037487963517638376	-0.049999811186345805	0.0386942740029257	-0.010259500348815773	-0.01218611998264608	-0.0023133613263177613	-0.041138753876202236	0.055401606130374245	0.007444962054627965	-0.014445421860749139	0.024938796198185273	-0.04299612789698881	0.001559757703376301	-0.04602860077519232	-0.02751009819559819	-0.011422117313066377	-0.04114322789082906	0.06717275345396327	0.014975306603820685	0.03697416989227069	-0.019870430334342683	-0.03861626107834723	-0.01342884527378154	0.027035294772563234	0.03224853973260823	-0.03803067948887314	-0.02751290956083376	-0.009961342815139251	0.013197790631028867	0.011019409541691488	0.008962822024101313	-0.00776613706809298	-0.017735230174377604	0.024930573714884083	-0.005987626400317255	-0.0010650426716026333	0.03214547883644064	0.0008180732272798161	0.008708112704050808	0.007481114919187387	-0.0029450764083134066	-0.01866871417468241	-0.01376376109802766	-0.024041776783183796	-0.00804002651049456	-0.011717270737511989	0.006823278171610957	-0.0104776364348186	-0.0010645846356075552	0.0009188522504494889	0.009902892939530377	-0.033918156002413054	0.006034010884764498	0.0030884711459411816	0.021618772442919782	0.0028445632477419485	0.012533763023859869	-0.013497302050293945	-0.006839555057978692	0.00034348725580630025	0.003158567315367961	-0.006008755082735522	-0.0017510146551994637	0.00019692501881178598	0.0009314190117648983	0.013792062135398887	-0.007768621875303954	0.0030037812795837542	-0.011937302616934022	0.001587161919662081	-0.0014166997955549333	-0.0062279655976855836	0.005078381455287726	-0.005579280871722214	-0.001570758073114322	0.0010123782600316808	0.003938954546443378	-0.0006508055729680185	-0.004627323370379837	0.0018010315090540856	0.0	0.0	0.0	0.0	0.0	0.0	0.0	0.0	0.0	0.0	0.0	0.0	0.0	0.0	0.0	0.0	0.0	0.0	0.0	0.0	0.0	0.0	0.0	0.0	0.0	0.0	0.0	0.0	0.0	0.0	0.0	0.0	0.0	0.0	0.0	0.0	0.0	0.0	0.0	0.0	0.0	0.0	0.0	0.0	0.0	0.0	0.0	0.0	0.0	0.0	0.0	0.0	0.0	0.0	0.0	0.0	0.0	0.0	0.0	0.0	0.0	0.0	0.0	0.0	0.0	0.0	0.0	0.0	0.0	0.0	0.0	0.0	0.0	0.0	0.0	0.0	0.0	0.0	0.0	0.0	0.0	0.0	0.0	0.0	0.0	0.0	0.0	0.0	0.0	0.0	0.0	0.0	0.0	0.0	0.0	0.0	0.0	0.0	0.0	0.0	0.0	0.0	0.0	0.0	0.0	0.0
S2017t3M_E30-T3a-Male	0.0370173477175347	0.1642138733153563	0.1056350674010599	-0.021222961191434183	-0.08346419566824759	-0.0841532436939465	-0.14075800081598666	-0.04038578440495189	0.04907364805966975	-0.004588540323997335	0.013623631860874756	-0.010069441959780016	-0.04798641979558485	0.03239272876629795	-0.06800047793164599	-0.027834145720431018	-0.008858111253470961	-0.01598288673868579	-0.059675491020228524	-0.002763253563467374	0.013082620871854208	0.027141195608412712	-0.06747921962228985	-0.01818399224153371	-0.04905067446353826	-0.008170845119069573	0.01861822127626023	-0.01834887837673198	-0.004587369880216085	-0.021354190423049958	0.021072442330963705	0.006489907684104558	-0.013409852907393544	-0.06277352799528467	0.06696158026093381	-0.0005377979218496088	-0.021063274228676158	-0.030784432193625193	-0.014911972665495462	-0.003117767093102298	0.020258087040607463	-0.006453417576225551	-0.0471645692680635	0.00394714774928218	0.03039154401766611	-0.01654110682589637	0.016564228318317692	-0.005159394250315652	-0.022162366594814735	-0.0027665794808967295	0.04228900807627622	0.03539480780743813	0.010919695582450742	0.01504612147441302	-0.012744609448051527	0.0024843486239518064	-0.00519082718429243	0.01037714087669187	0.0169516538949332	0.006159488720250891	-0.008992584856041748	0.04997505319055237	-0.0010353363830706258	-0.022259236003251325	0.011346493658323829	-0.0183284638702289	-0.015618808040515249	0.00716167816284818	-0.0038832403191935657	-0.0042456635553841755	-2.067188234961989e-05	-0.0009756998494845092	-0.01148036195996419	-0.01310751627175075	-0.004579734479088951	-0.008868105050698454	-0.013508296644827762	0.010379168034112957	-0.006858655775653865	-0.0048017991743326315	0.011120455864763644	0.02404719776030475	-0.005094130186297947	-0.004058473943538181	-0.0058589942083812395	-0.011220513396804386	-0.004476153820529293	-0.01082911443121222	-0.008020559402581461	-0.00024171746383264825	-0.008154448778680547	-0.0005325030474493029	-0.002844187482643977	-0.006830119848975926	-0.0005470010492803865	-0.005015289030164055	0.0028061518527148386	-0.0008381737833597189	-0.0013479150944643635	0.005233596337165272	-0.008859378060601103	-0.01238767373469956	0.0036058136443782225	0.001026746875637173	0.0017997154665829959	-0.005887306036393149	0.0006669442365116749	-7.509122678158833e-05	0.0	0.0	0.0	0.0	0.0	0.0	0.0	0.0	0.0	0.0	0.0	0.0	0.0	0.0	0.0	0.0	0.0	0.0	0.0	0.0	0.0	0.0	0.0	0.0	0.0	0.0	0.0	0.0	0.0	0.0	0.0	0.0	0.0	0.0	0.0	0.0	0.0	0.0	0.0	0.0	0.0	0.0	0.0	0.0	0.0	0.0	0.0	0.0	0.0	0.0	0.0	0.0	0.0	0.0	0.0	0.0	0.0	0.0	0.0	0.0	0.0	0.0	0.0	0.0	0.0	0.0	0.0	0.0	0.0	0.0	0.0	0.0	0.0	0.0	0.0	0.0	0.0	0.0	0.0	0.0	0.0	0.0	0.0	0.0	0.0	0.0	0.0	0.0	0.0	0.0	0.0	0.0	0.0	0.0	0.0	0.0	0.0	0.0	0.0	0.0	0.0	0.0	0.0	0.0	0.0	0.0
S3-female-1	-0.1887415398762549	-0.09656211292065853	-0.08316008508454234	0.32108812905327144	-0.03150939964398453	0.03983320572433898	0.073460032455848	0.05418433585040412	-0.008234465946035845	0.010034540841961231	-0.14740030343415023	0.1650214073969354	0.01725865214914058	0.005940897728272266	0.01933403498943662	0.08290840136803092	0.049545729983545624	0.03809541204714324	0.0009340160526081601	0.015039724872589307	-0.08639728801034331	0.04387322391094638	-0.05656407863234467	-0.043086016468403064	-0.110042050111975	0.01302989503976889	-0.0197076666523022	-0.06640302713232334	0.008317615621047322	-0.08455855832011762	0.0026810973674331997	0.031800743306854166	-0.07513706720203059	0.03934164252242335	0.02539394734672643	-0.0002101670343581639	0.05527962394421397	-0.01600615573717881	0.05115035908752821	-0.004598017596908771	-0.04737023693935455	-0.06296492197299619	-0.00021794231322069867	-0.07476083323047598	0.009745479830610535	-0.0738208372854793	-0.015704396701153523	0.014558816985614351	-0.021541016147701996	0.038722341415487034	-0.02646103470927214	-0.038626031984888246	-0.005885401479847003	0.03332456546586387	-0.0060073682708294066	0.023233577366360985	-0.012073403171057403	0.026758240218980118	0.06142626643208405	-0.03821358510369193	-0.007941041063127543	-0.0002911456551955362	0.04313493445861174	-0.005973443265425251	-0.015821660025489705	-0.011413687062512648	0.02346899784167551	-0.002380940285626648	0.015768275057388224	-0.016288531511750283	-0.01212062585447227	-0.026834796193945198	0.017750312580424983	0.020670330717690175	-0.010172312169790447	-0.00281248784369757	-0.0025499837425418622	-0.009607014293345468	-0.0012735999456912773	0.009311786900738932	-0.021512978304874097	0.011884709287619649	-0.02541309528502693	-0.012994944318445	0.004603510288199973	0.001880056933435647	0.017206351120559467	0.0025413914219874116	-0.0038714805120941462	-0.0084005058911569	-0.013709760048656271	-0.0035903373012358413	-0.020837571325095085	4.810325718411359e-05	-0.016425478154759757	0.01469744073729781	-0.002868949262410932	0.00022548240335213465	0.003889037538812873	-0.0002829219277349791	0.0038909901384018004	0.00509558763818539	-0.0013761234507469185	-0.0026815118042470107	0.003973681124957363	-0.0012143198981358855	0.0007943244004146618	0.00022655277916841133	0.0	0.0	0.0	0.0	0.0	0.0	0.0	0.0	0.0	0.0	0.0	0.0	0.0	0.0	0.0	0.0	0.0	0.0	0.0	0.0	0.0	0.0	0.0	0.0	0.0	0.0	0.0	0.0	0.0	0.0	0.0	0.0	0.0	0.0	0.0	0.0	0.0	0.0	0.0	0.0	0.0	0.0	0.0	0.0	0.0	0.0	0.0	0.0	0.0	0.0	0.0	0.0	0.0	0.0	0.0	0.0	0.0	0.0	0.0	0.0	0.0	0.0	0.0	0.0	0.0	0.0	0.0	0.0	0.0	0.0	0.0	0.0	0.0	0.0	0.0	0.0	0.0	0.0	0.0	0.0	0.0	0.0	0.0	0.0	0.0	0.0	0.0	0.0	0.0	0.0	0.0	0.0	0.0	0.0	0.0	0.0	0.0	0.0	0.0	0.0	0.0	0.0	0.0	0.0	0.0	0.0
S3-female-3	-0.14410753079241656	-0.18212313092831653	-0.06115201467055997	0.04965601113149334	-0.05233683510579696	0.11910624133343592	-0.008458172464149578	0.12619546712832697	-0.0693791648315196	-0.06221030562094702	-0.05267164658882413	-0.04671899357084545	-0.012673211432135031	0.011606363888532464	-0.20817191448710318	0.004113181170954171	0.03972641449488586	-0.010269497460385328	0.06552951393933437	-0.05970417503473241	0.010840081352772667	-0.020238415912362813	0.00785968009662735	-0.03638015750627465	-0.01412494455934759	0.011213432341190141	0.020226414668476404	-0.06957097075525256	-0.017236374273461308	-0.0918068593376273	0.06971247120510951	0.005491464298209541	0.004118264432408589	-0.015072610806872298	0.04010949840933344	-0.03251040424397995	0.025433477993239736	-0.029727070718600094	-0.06691204385120686	0.0062019216642356465	-0.009486340677762408	0.03452211818774248	-0.013747328610162556	0.00206787951769733	-0.008488887979336184	0.020272851873246144	-0.018464893543823416	0.0396552132715472	0.034998987162642825	0.007169378009716361	0.004239707913665126	-0.0045404310136027285	0.020067735595947007	-0.016211277343301324	-0.010782897619837261	0.01138441622410842	-0.022901486953101926	0.017090454815787536	0.0010649675851728349	0.0016349942292569863	-0.024111417264968064	-0.05363635171980643	-0.005431755915494583	0.03162623661751472	-0.01533673989497004	0.011167773646623242	-0.0018536510128139164	-0.025910060231837884	-0.024019485907508242	-0.01194582881447633	0.003441706391763467	0.010051906345263609	0.013578099339295435	0.002887841702738867	0.033023306437425674	0.00061149624163313	-0.0206157090914554	0.014485185631378716	0.03187146957587118	0.018494210603965562	-0.02559410958809853	0.009100314765598912	0.011913217988639396	-0.003915054153522632	0.00954909875383842	0.0007191224178409887	0.005799835245947158	0.008903522145556165	-0.003361407699984806	-0.012047085086452485	-0.016241603043933617	0.004250891589412806	0.018693291181470565	-0.0019563578383388664	0.0042868158323529065	-0.003494888695945275	0.0015162958182175215	0.006422068671665472	0.004557174930586615	-0.0025141274149213565	-0.005011384061905187	0.0013856560630010296	-0.0005648107305087581	-0.002698022055995653	0.002336505145739785	0.004021994524637766	0.0022028280016564267	0.0021350342105114304	0.0	0.0	0.0	0.0	0.0	0.0	0.0	0.0	0.0	0.0	0.0	0.0	0.0	0.0	0.0	0.0	0.0	0.0	0.0	0.0	0.0	0.0	0.0	0.0	0.0	0.0	0.0	0.0	0.0	0.0	0.0	0.0	0.0	0.0	0.0	0.0	0.0	0.0	0.0	0.0	0.0	0.0	0.0	0.0	0.0	0.0	0.0	0.0	0.0	0.0	0.0	0.0	0.0	0.0	0.0	0.0	0.0	0.0	0.0	0.0	0.0	0.0	0.0	0.0	0.0	0.0	0.0	0.0	0.0	0.0	0.0	0.0	0.0	0.0	0.0	0.0	0.0	0.0	0.0	0.0	0.0	0.0	0.0	0.0	0.0	0.0	0.0	0.0	0.0	0.0	0.0	0.0	0.0	0.0	0.0	0.0	0.0	0.0	0.0	0.0	0.0	0.0	0.0	0.0	0.0	0.0
S3-male-1	-0.06732106051719175	-0.0964796045949645	-0.016250159933794906	0.1717179940505421	0.018262888696407603	0.09152215622233285	-0.03376513224599568	0.103914170354161	0.0452321859373528	-0.0321807699890587	-0.046104309409562796	-0.053436958172469906	-0.061125931238500436	-0.001811053444076735	-0.0805570665507007	-0.06013922061168474	0.06704293745044532	-0.030609115109833517	-0.004356017866639674	-0.12398862999596849	-0.0954108864793863	-0.04197439527621076	-0.048719849199709696	-0.09039320656365153	-0.08429774676094651	0.05016395860346217	0.011549448105763546	-0.10933756209937068	-0.005070635302968218	-0.017367186987004783	-0.02523986054879541	0.007884150084526495	0.02505775687705412	-0.03729620180448327	0.04386796568451399	-0.06891760771814448	-0.03925469602617925	-0.00719065421469847	0.023405028021789974	-0.010633320609240651	-0.026073522667676645	-0.028965305735213425	-0.009539605822480897	0.02385128985093042	-0.048368995094086556	0.024177321505793964	0.02399909635757415	-0.05342762782509826	-0.011499289115645035	-0.046424118586595994	0.01633372386406338	-0.05527863566300153	-0.02716259864948762	0.04741215503719577	0.01619813796410236	-0.07408822982072508	0.042622048687917455	-0.028368211752737175	-0.01764784849263319	-0.019465473305196147	-0.013920446567641735	0.024874562033471277	-0.047613011881368836	0.011169036766570342	-0.01017216425003524	-0.02717880695472949	-0.006750536620924189	0.035036772473741186	-0.013516128646290365	0.009893380768296604	0.006382743550399474	-0.015162209514642139	-0.01513886246165393	-0.005251145417241617	-0.03318863315266633	0.0017116652255630353	0.058027198659837166	0.0077464755130331785	0.014456733681251496	-0.022300467497544326	0.0031954547513012173	-0.004623341816672787	0.002708699915011628	-0.0008878123711470142	-0.0031245348995793364	0.02078237971760204	-0.003709007275841353	-0.00790897510705472	0.008865109123800634	-0.007742554098029371	-0.012664452216847944	0.016361278533648972	0.001997958413618851	0.010261181305581651	0.003442088288305081	-0.005517655998999704	-0.0015013671505625591	0.009089466417034155	-0.0022043312786923916	0.0058010137313979065	-0.003119340982302202	-0.00019409522551066304	-0.0035520424637604845	0.0029328141300916234	-0.003372710003213572	0.0018254732167814194	-0.0005771935800642363	-0.0013012735400572465	0.0	0.0	0.0	0.0	0.0	0.0	0.0	0.0	0.0	0.0	0.0	0.0	0.0	0.0	0.0	0.0	0.0	0.0	0.0	0.0	0.0	0.0	0.0	0.0	0.0	0.0	0.0	0.0	0.0	0.0	0.0	0.0	0.0	0.0	0.0	0.0	0.0	0.0	0.0	0.0	0.0	0.0	0.0	0.0	0.0	0.0	0.0	0.0	0.0	0.0	0.0	0.0	0.0	0.0	0.0	0.0	0.0	0.0	0.0	0.0	0.0	0.0	0.0	0.0	0.0	0.0	0.0	0.0	0.0	0.0	0.0	0.0	0.0	0.0	0.0	0.0	0.0	0.0	0.0	0.0	0.0	0.0	0.0	0.0	0.0	0.0	0.0	0.0	0.0	0.0	0.0	0.0	0.0	0.0	0.0	0.0	0.0	0.0	0.0	0.0	0.0	0.0	0.0	0.0	0.0	0.0
S3-male-2	-0.04283776621744077	-0.08163692275797206	-0.11243449161696586	0.0048788036597863255	0.09816404505591683	0.17555656788008084	-0.10733118559659464	0.015239970549604064	-0.016177544660986767	0.06824518556938823	0.12630368865810807	0.027077955419843678	0.053462630921191315	-0.023369556062908244	-0.13243431310937648	0.051870366873479366	-0.026682654561107893	0.08269307019675706	0.041781509733843904	-0.004994332666621186	-0.06627024006342969	0.060866869278159326	-0.002521524046074607	-0.00996330856777992	0.10312036532084048	-0.0424993996842153	-0.057304566133432995	0.01638392742025382	0.029815706658569776	0.0028736693794735734	-0.04057792055275786	0.052120025261533726	-0.008681827165795115	-0.021849564902478087	-0.013856922620262504	0.015867467157694812	-0.003429029300822351	-0.014992201351408921	0.013469881076243891	-0.060276688862234654	0.02122700720355759	-0.09280421004592006	0.02370334981348237	0.048558273315035365	0.04724488936509467	-0.021253885018442265	0.02199171639232466	-0.05031874176921238	-0.015555260507981793	0.018965824206404712	0.013088755225941003	0.02362499376345877	-0.04715278478772698	-0.0416105656095391	-0.004412553270329391	0.013515852566885391	-0.0567339391841229	-0.020137168651529706	-0.03625157659675498	-0.03284000273472696	0.010964498401580113	-0.006421706436498935	0.0011965177582723132	0.002541845924002545	-0.04895954049703407	0.010125851419804864	-0.026912752906308634	0.05138738338352416	0.0013121389658520232	-0.02618409116741689	-0.013930835334566656	-0.01580977109799897	-0.017718978638942243	0.028418197865620172	0.019508242043784995	-0.01914213062181984	-0.014991331798326218	0.023078765995489296	-0.01864700121153692	-0.0034632271781769083	-0.010683425553587601	-0.008775944098117668	0.0013926489757333045	-0.007320770073503327	-0.004541828909676334	0.018066407017420273	0.006678192636938443	0.0029931778195347626	-0.0013901601155034472	0.012845246997798957	0.0010574817988765436	-0.014083014319947663	-0.0022335908089950595	-0.0018477901913936958	0.0019203660645182319	-0.003552706677751501	-0.0040970533021952365	0.010213883499123146	-0.0024510625462891844	-0.001664623977841059	3.1843599329933995e-05	-0.0036136848435424393	-0.010653858328825717	-0.006818703544950979	-0.006891624088819636	-0.0002442585776878974	-0.0026623432513631674	0.0002952195770884489	0.0	0.0	0.0	0.0	0.0	0.0	0.0	0.0	0.0	0.0	0.0	0.0	0.0	0.0	0.0	0.0	0.0	0.0	0.0	0.0	0.0	0.0	0.0	0.0	0.0	0.0	0.0	0.0	0.0	0.0	0.0	0.0	0.0	0.0	0.0	0.0	0.0	0.0	0.0	0.0	0.0	0.0	0.0	0.0	0.0	0.0	0.0	0.0	0.0	0.0	0.0	0.0	0.0	0.0	0.0	0.0	0.0	0.0	0.0	0.0	0.0	0.0	0.0	0.0	0.0	0.0	0.0	0.0	0.0	0.0	0.0	0.0	0.0	0.0	0.0	0.0	0.0	0.0	0.0	0.0	0.0	0.0	0.0	0.0	0.0	0.0	0.0	0.0	0.0	0.0	0.0	0.0	0.0	0.0	0.0	0.0	0.0	0.0	0.0	0.0	0.0	0.0	0.0	0.0	0.0	0.0
S3-male-3	-0.12236591907714588	-0.18044501385393735	-0.05910006562793676	0.18888621144556306	-0.09801919086106282	0.0721373374244328	-0.018297595803816423	0.09392399494184764	-0.022317895360548533	0.08231366520176804	-0.18724091225495398	-0.018650195264095115	0.0028332748805348228	0.008783226848094844	-0.18724446028321914	-0.03306904281882114	0.05209720758776802	-0.09140979945999365	0.004460973445445075	-0.06876262514166158	0.07845948261149183	-0.06081908010334952	-0.049623728711546224	0.11438801251064873	-0.024217567175201602	0.04828351674740324	0.05369118291338818	-0.003743367010271652	0.020543392315336133	-0.0928022134681806	0.003842001898243356	-0.08987491977926129	0.016562704422506947	0.05018784396245676	-0.06274368567787433	-0.047573964667301905	0.09054082050295643	-0.0488846293257774	-0.07164145484817383	0.05710396419711519	0.09282761365780133	-0.028997407850520462	-0.024134783925166457	0.029900537788384755	0.012898252141510502	-0.08197010931182659	-0.023730349920901058	-0.034522714469451314	0.033034732263832765	0.02034454808527079	-0.02793723021831569	0.08258205845668612	0.021920366265641544	-0.003996677180017184	-0.020897507846250402	-0.02609448213837175	0.002292864160693549	-0.017159768306656626	-0.043470508561405885	0.023129025090511825	0.023711516523851926	-0.007410369240476068	-0.00918676985024764	0.019113705386082598	0.018952871273031077	0.027652814875182865	-0.003501123768857173	-0.019376805272313714	0.005301361979415145	-0.0002765783979961814	-0.007508859190790643	-0.015992204074983026	-0.01066233803055842	-0.00851103910398614	0.004759281687171585	0.0056335448977755595	-0.0009373847087564547	0.004917426136184095	-0.027694529844034345	-0.018771076583018763	0.015938638445120015	-0.01585685914682795	-0.009094735951543078	0.0015065760030009959	-0.005900166140211596	-0.0025659517998186956	0.002921952196074341	-0.0015006008993488289	0.0021298051442005675	0.01088490828222038	0.005951251682487355	-0.0011991547315511925	-0.003189292707742612	0.0006965583256278083	-0.0010217842922871526	0.0008183663894426509	0.003561845888056826	-0.0030674441638700047	-0.0038851833727627134	0.0025037622113630205	0.003742383649875942	0.0015292179929333146	0.0018604953621778888	-0.001056714502515639	-0.0007491863896962065	-0.0035200433977462388	-0.002738457003529805	-0.0006235853702298736	0.0	0.0	0.0	0.0	0.0	0.0	0.0	0.0	0.0	0.0	0.0	0.0	0.0	0.0	0.0	0.0	0.0	0.0	0.0	0.0	0.0	0.0	0.0	0.0	0.0	0.0	0.0	0.0	0.0	0.0	0.0	0.0	0.0	0.0	0.0	0.0	0.0	0.0	0.0	0.0	0.0	0.0	0.0	0.0	0.0	0.0	0.0	0.0	0.0	0.0	0.0	0.0	0.0	0.0	0.0	0.0	0.0	0.0	0.0	0.0	0.0	0.0	0.0	0.0	0.0	0.0	0.0	0.0	0.0	0.0	0.0	0.0	0.0	0.0	0.0	0.0	0.0	0.0	0.0	0.0	0.0	0.0	0.0	0.0	0.0	0.0	0.0	0.0	0.0	0.0	0.0	0.0	0.0	0.0	0.0	0.0	0.0	0.0	0.0	0.0	0.0	0.0	0.0	0.0	0.0	0.0
S4-female-1	-0.21726687377887072	0.013722578183099651	-0.08390258635576056	-0.039514429092028694	-0.05662743012879722	0.04714565658727667	0.019032862181942094	0.00818562098717876	0.031168904887220416	0.07887093110833507	0.06986163711998726	0.016220930205641762	-0.050567215391976485	0.01609436426133471	0.031041646075357743	0.007304878677641205	0.045141638049210724	-0.040832097168553926	-0.030301990627363964	-0.04743283832104173	0.0032219778304829433	0.02689987003769792	-0.003993697884066669	-0.030250611893419405	0.049597946397589805	0.0680020533212698	0.025053947597713924	0.04070952492169348	0.054334956037650546	-0.006619776595534246	-0.0007181846706513794	-0.03555647374256832	0.03432730369421129	-0.022117778325595725	-0.03517547883921388	-0.0304086961173136	0.012249490078366773	0.0003222171359630449	0.027553569026988405	0.009209558547002018	-0.011644110971004946	0.017208162969886413	0.06357184780918741	0.0021749253823365087	-0.006239137226762462	-0.00789968676846759	0.005233368771329129	0.0034601443617995036	-0.0018392361663436808	0.01571063203279838	0.0525492333693585	-0.011373605726095479	-0.0054500545348105485	0.017909603785191373	-0.027857533223155664	-0.00016790962393169762	0.006036120765511157	0.01956145666936639	-0.020567681868058248	0.014758771322345026	-0.0074892050585259615	-0.0028719386334083775	-0.018452144430147935	-0.014719408678765946	-0.006755125634335329	-0.020659901664780742	0.02756606119157781	-0.014265693178407488	0.013285701802602622	-0.0072816446519723904	0.02121338712337588	-0.009835087432161299	-0.00015135541195533737	0.023101412087342465	-0.02175671045536771	0.01147241585460589	-0.015455695168449003	0.02978537227137521	8.488213772959516e-06	-0.004509774472567988	0.0022595619024812735	-0.0008703927215846992	-0.008507223824451396	-0.004743273245778799	-0.00784701882904097	-0.006666244754795126	0.019593028315832338	0.005095328791321512	-0.008917544798293311	-0.004207548811257969	-0.01039871652002661	-0.005062338458155385	0.0004789305386160808	0.0043761650113176885	0.008318269781425094	-0.010175392450235951	-0.005946569741267118	-0.007342196537020565	-0.005762501700738527	-0.00383753407305641	-0.003585787788962716	-0.002784591958183987	-0.002061988623575715	-0.0030063370025135323	-0.000704930366988689	0.00029973046529610905	0.0007737432126392281	-0.0003924159684325887	0.0	0.0	0.0	0.0	0.0	0.0	0.0	0.0	0.0	0.0	0.0	0.0	0.0	0.0	0.0	0.0	0.0	0.0	0.0	0.0	0.0	0.0	0.0	0.0	0.0	0.0	0.0	0.0	0.0	0.0	0.0	0.0	0.0	0.0	0.0	0.0	0.0	0.0	0.0	0.0	0.0	0.0	0.0	0.0	0.0	0.0	0.0	0.0	0.0	0.0	0.0	0.0	0.0	0.0	0.0	0.0	0.0	0.0	0.0	0.0	0.0	0.0	0.0	0.0	0.0	0.0	0.0	0.0	0.0	0.0	0.0	0.0	0.0	0.0	0.0	0.0	0.0	0.0	0.0	0.0	0.0	0.0	0.0	0.0	0.0	0.0	0.0	0.0	0.0	0.0	0.0	0.0	0.0	0.0	0.0	0.0	0.0	0.0	0.0	0.0	0.0	0.0	0.0	0.0	0.0	0.0
S4-female-3	0.08099661087108835	-0.2276638244439598	-0.012399324498429754	0.23965633677990386	-0.08957707444493535	0.031104278329491364	0.033928510704429295	0.11151891695680492	0.008342188905242262	0.1328696188001051	-0.27580799863029576	-0.04517746092497884	0.16033653018483982	0.08700458824057838	-0.21743618400289655	-0.1384477906951725	0.02513233645541921	-0.009377581224481154	-0.09117898397590775	0.008666792514633506	0.05540752812659851	0.07995925795952104	0.12780623840500052	-0.053803408987576906	-0.015771367215623635	-0.05175507233720978	-0.009124187690544065	0.22797202482995788	-0.11369062284362466	0.0972889673201454	0.018747333711347586	0.0011906790703699185	0.05931781961681197	-0.06376634322605969	-0.014272851578435155	0.04837839963430063	-0.03563730920696388	0.07401438105392566	-0.017214743404309427	-0.04089869744667431	-0.010838540335286032	0.01553484942500878	0.0177603673875712	0.028333576396124122	0.00033253218449678094	0.0261906201326679	-0.044558965548984954	0.0023321705883801013	-0.051953295347165335	0.01809970578901654	-0.012216926821650686	-0.01680926471476722	-0.027022906218676743	0.010230899337508377	-0.00125711169829318	-0.0026523353413583813	0.001677131053470602	0.0006039017954359556	0.021037190456128545	-0.00974445010070223	-0.021760413364572427	-0.005645042273434824	0.0015055105305750633	-0.01036783510517238	0.010803662356537179	-0.012498482722871053	0.00017983491110892645	0.013099963332729402	0.014974230894100077	0.005187645906842472	0.006413876375604689	-0.0008494817244349886	0.010772793950852145	0.00026692305248175285	-0.000984567386546911	0.004060238667013046	0.013596917364920177	0.007271800925185704	0.0009171496955737731	-0.0004394882465231496	-0.007886603464984028	0.0056885799593953176	-0.0012735074646905357	0.0005423910520933324	0.005111886810012235	-0.00724595062634499	0.004212434269076674	-0.005530068611409253	0.006167275972307156	-0.0045502595325388005	0.0033416269922929825	-0.0058753091650653	-0.0009462950715556609	-0.0033873248822568532	-0.004819894358546301	0.0015312622525842205	0.0021428338037668628	-0.0006202108348983697	-0.0011985903300054928	0.0010930853861371044	-0.0006734643330126241	-0.0023413464641086385	-0.0007597143221167193	0.00039589875741383363	0.0008325564693726125	-8.116319990991083e-06	0.0003970714015814375	-0.00026256794993733616	0.0	0.0	0.0	0.0	0.0	0.0	0.0	0.0	0.0	0.0	0.0	0.0	0.0	0.0	0.0	0.0	0.0	0.0	0.0	0.0	0.0	0.0	0.0	0.0	0.0	0.0	0.0	0.0	0.0	0.0	0.0	0.0	0.0	0.0	0.0	0.0	0.0	0.0	0.0	0.0	0.0	0.0	0.0	0.0	0.0	0.0	0.0	0.0	0.0	0.0	0.0	0.0	0.0	0.0	0.0	0.0	0.0	0.0	0.0	0.0	0.0	0.0	0.0	0.0	0.0	0.0	0.0	0.0	0.0	0.0	0.0	0.0	0.0	0.0	0.0	0.0	0.0	0.0	0.0	0.0	0.0	0.0	0.0	0.0	0.0	0.0	0.0	0.0	0.0	0.0	0.0	0.0	0.0	0.0	0.0	0.0	0.0	0.0	0.0	0.0	0.0	0.0	0.0	0.0	0.0	0.0
S4-male-1	-0.1320928084681854	-0.08773496754293685	0.0004644826439692773	0.09520763215301915	-0.013189650665615444	0.05453250598248125	0.07821723466771907	0.1241053989416688	-0.04100411541455406	-0.14532106353703172	-0.06282731878785108	-0.02544130780904173	-0.03445425398213619	0.02433746404382062	-0.011855883660412517	0.037330119961846014	-0.07664111038171666	0.029148433934909738	0.0008435040945177325	0.009010672623730004	0.04178671803221755	-0.009653461336340157	-0.1096684764116723	0.10971901118146998	0.023921810894006024	0.059667592005876305	-0.012682147402549396	0.01530672482961698	0.05028246943542559	0.0896719824794892	0.018916862644483938	-0.014647136719730247	0.008375463220224323	0.020829968381688758	-0.06310895261232757	-0.0008058747649101224	-0.021376689882829543	-0.0165593947342893	0.02368449021405014	-0.02642698167765103	-0.024103268032674405	-0.054822302789547334	-0.01250775981076001	-0.00726986346094998	-0.031925713603383726	-0.0021726014166608735	0.014766768106910782	-0.03257470326976945	-0.02487029132781979	0.02956908149566555	-0.017791883439048403	-0.03842890857651843	-0.018134260119369836	-0.017237464312435724	0.07173405813711621	0.003513639680519654	0.026237332895152368	-0.03686520851871887	-0.024236312133238763	0.004166780329584908	0.0010472149974908324	0.010897991972227425	-0.022558484622000278	-0.027871267064988443	0.0007701834775650507	-0.006908153399235531	-0.01974460784102737	-0.0004001001567522289	-0.00817897191131983	-0.008990797569139432	0.013303900092213725	0.007294633961945441	-0.0014813720598304695	0.024179528116786402	-0.002414932472072339	0.008390165439571919	-0.012959117879879937	0.0034323975661979846	-0.01025466158511928	0.035970596250050904	0.024500701505708964	-0.014690947687886674	-0.008189407032331475	0.003882195648243243	0.02552546604254371	-0.02520266520614666	-0.004363795688714682	-0.01864411599572837	0.0143431661679482	0.015932666057345807	0.01108244879670224	0.001058648717404184	-0.0024293238904074897	-0.0032473509874437257	0.002449898878707395	0.006038253337989184	-0.012855235416322042	-0.005009524690018614	-0.004931167562178155	0.0011595277460125374	-0.005734547536086799	-0.0005679106295383361	0.0005016942122560552	0.003778866792088809	0.006401166836117653	0.004744100120546843	-0.0018292594445187508	-1.1564394568277172e-05	0.0	0.0	0.0	0.0	0.0	0.0	0.0	0.0	0.0	0.0	0.0	0.0	0.0	0.0	0.0	0.0	0.0	0.0	0.0	0.0	0.0	0.0	0.0	0.0	0.0	0.0	0.0	0.0	0.0	0.0	0.0	0.0	0.0	0.0	0.0	0.0	0.0	0.0	0.0	0.0	0.0	0.0	0.0	0.0	0.0	0.0	0.0	0.0	0.0	0.0	0.0	0.0	0.0	0.0	0.0	0.0	0.0	0.0	0.0	0.0	0.0	0.0	0.0	0.0	0.0	0.0	0.0	0.0	0.0	0.0	0.0	0.0	0.0	0.0	0.0	0.0	0.0	0.0	0.0	0.0	0.0	0.0	0.0	0.0	0.0	0.0	0.0	0.0	0.0	0.0	0.0	0.0	0.0	0.0	0.0	0.0	0.0	0.0	0.0	0.0	0.0	0.0	0.0	0.0	0.0	0.0
S4-male-2	-0.1397824173141035	-0.15719086709119687	-0.08564010329943922	0.15598388929646256	-0.06711129835120672	-0.02766963896718372	0.029227920351310246	-0.02600087748062448	-0.08377897732032653	0.168005131345151	-0.020563880759752	-0.017985987013228903	-0.09127803704059963	0.01567734400734594	-0.03117080185829013	0.02118200412026551	-0.2001928280046501	0.142468708265364	-0.10400573721185156	-0.002652484422729054	-0.09157843806679947	-0.04398275669221215	-0.025797690430869828	0.022456342329343692	0.04678344986148819	-0.08180303665331841	0.008962823828306262	0.002741803433019439	0.05063874666789193	0.0642709503536828	0.034454882092288294	-0.03444562983234498	0.060564674526731345	0.010368542271321453	-0.019100598955765744	0.0454587515120878	-0.030360077239081074	-0.08077806844346987	0.039814707299521204	0.06313800551389827	-0.10189536991393981	0.014229899049769826	0.0011747652996215072	0.09841230466282516	0.003977213280100006	-0.02988684219909331	0.010022086968680365	0.049075581429436514	0.07431198877260248	-0.022429756389866804	0.006911277198370255	-0.001167277242815453	0.0036612514064552153	-0.0004493927913384848	0.016448585225609477	-0.04210256120042757	-0.02370847076594511	0.012093857748500475	0.000262666441270363	0.015914029438969548	-0.028218228219091788	0.017326314781959545	0.008291966701423788	0.0007719087485427491	-0.008928558549910521	0.037223730477946776	-0.0040757487006074025	-0.004737190272594517	-0.015359077549495365	0.003756428255833573	-0.004726774780779937	0.009860314040987793	-2.2702728850923487e-05	-0.013092460097800164	-0.004805224937878844	0.02459363885759188	0.002149751322134091	-0.014055050463886743	-0.02055783246173456	0.009125159670161472	0.011344887145754767	0.006439275070117876	0.0004898854256799027	-0.008151468329160146	0.012277418839669475	0.009955448240231998	-0.004801601530659664	0.007067485310670563	-0.027659472466314887	-0.007971724592513208	-0.015466381025844784	0.0019013573788874585	-0.0065370369197627785	0.004239253182112872	0.0031812935902778513	-0.0007704288879057492	-0.01108252929275728	-6.239723959675812e-05	-0.00028881357471087754	0.002159149814019658	0.008526970050300856	-0.0012849153000375447	-0.0007729667442097055	0.0020844224051225907	0.0006127103583309884	-0.0026135203331461338	0.002387795884868323	-0.0009594490064633299	0.0	0.0	0.0	0.0	0.0	0.0	0.0	0.0	0.0	0.0	0.0	0.0	0.0	0.0	0.0	0.0	0.0	0.0	0.0	0.0	0.0	0.0	0.0	0.0	0.0	0.0	0.0	0.0	0.0	0.0	0.0	0.0	0.0	0.0	0.0	0.0	0.0	0.0	0.0	0.0	0.0	0.0	0.0	0.0	0.0	0.0	0.0	0.0	0.0	0.0	0.0	0.0	0.0	0.0	0.0	0.0	0.0	0.0	0.0	0.0	0.0	0.0	0.0	0.0	0.0	0.0	0.0	0.0	0.0	0.0	0.0	0.0	0.0	0.0	0.0	0.0	0.0	0.0	0.0	0.0	0.0	0.0	0.0	0.0	0.0	0.0	0.0	0.0	0.0	0.0	0.0	0.0	0.0	0.0	0.0	0.0	0.0	0.0	0.0	0.0	0.0	0.0	0.0	0.0	0.0	0.0
S4-male-3	-0.13946035859035713	-0.08177119006675854	-0.15000214056265856	-0.06343536639611372	0.00730197567520164	0.07234272354601864	-0.18813263533435123	-0.016697561469909483	-0.051525711912855	-0.018433540818143364	-0.005725131084946796	-0.05247745269004988	-0.0075078170814241	-0.007436632135850112	0.02559149704439093	-0.023036696201358474	-0.04176894888384244	-0.0595249375942406	-0.023803225523765365	0.0633242444179374	0.033549266539382006	0.06011692333469117	0.05502166372201834	0.03068788389304228	0.026122063788458015	0.02436215116142917	0.030183620809397783	-0.005179616780891758	0.0023338281965854593	0.033565771789183664	-0.026244368029866585	-0.0032759279074667316	-0.04898279956154182	-0.014375417775813153	0.05025689285731369	0.02561702434936103	0.02264829706814334	0.009320925809706759	0.00043130942790750885	0.027868206446503254	0.006596457667244115	-0.013831676463773044	-0.018218805119241305	0.006045915536756573	-0.028812537265715085	-0.03525166881637611	0.03433862076559543	-0.005577555903860232	-0.0017418671084408587	0.0379485283446191	0.01961638674258138	0.003317121774329272	-0.03450626078880273	-0.0026049760060057056	-0.025960783347907808	-0.0016094765331540104	0.013373130029702023	0.022374570269274623	-0.021438633459000257	-0.005912653723009007	0.010213576923820593	-0.004636024850597255	0.023810929333848256	-0.00022856497866388913	-0.0016327414446102733	-0.00719537019477061	0.01092920661414873	0.01584529374470235	-0.017704739696781407	-0.022108596535027704	-0.025115549987238046	0.010430967867016076	0.004839072305756882	-0.015565768001276526	0.001657305650560106	0.016746649586422534	0.007820285656342735	-0.004910537999366566	0.008159448235226786	0.001894828217566657	-0.02071486253573511	-0.017189314914534196	0.008054133543994068	-0.016173501509139137	-0.001796353709073038	-0.006860053528910705	0.004194200645530723	-0.0015521296996069682	0.01679643127646553	-0.012096920930213625	-0.00764196548074636	-0.005044958674166086	0.01635305551460073	-0.009710150488275497	-0.003988114965009059	-0.015022394669571268	-0.007563519923312804	-0.0012790460294643444	0.007461821746678884	0.007635324601000255	0.004350299828742434	-0.0024829762756204063	-0.004812808261779666	0.002255521534422819	0.0045156580994952815	0.002070171902430273	-0.0010295553181773939	-0.00042365988577306287	0.0	0.0	0.0	0.0	0.0	0.0	0.0	0.0	0.0	0.0	0.0	0.0	0.0	0.0	0.0	0.0	0.0	0.0	0.0	0.0	0.0	0.0	0.0	0.0	0.0	0.0	0.0	0.0	0.0	0.0	0.0	0.0	0.0	0.0	0.0	0.0	0.0	0.0	0.0	0.0	0.0	0.0	0.0	0.0	0.0	0.0	0.0	0.0	0.0	0.0	0.0	0.0	0.0	0.0	0.0	0.0	0.0	0.0	0.0	0.0	0.0	0.0	0.0	0.0	0.0	0.0	0.0	0.0	0.0	0.0	0.0	0.0	0.0	0.0	0.0	0.0	0.0	0.0	0.0	0.0	0.0	0.0	0.0	0.0	0.0	0.0	0.0	0.0	0.0	0.0	0.0	0.0	0.0	0.0	0.0	0.0	0.0	0.0	0.0	0.0	0.0	0.0	0.0	0.0	0.0	0.0
S5-female-1	-0.2938747433813825	-0.032063319856085015	-0.09342128909095171	0.0037117819043385727	-0.020632132015833894	-0.037886473057707315	-0.038068350955667914	0.06450216863195402	-0.01833497910691855	-0.042103347122882176	0.052369219518363805	-0.029490511508822245	-0.025012639469732676	0.02628641939452004	0.03649784224874738	-0.0006111623359904189	-0.008019318752331292	-0.020683377698008706	-0.002182658062684772	-0.005394527431654665	0.013099322923152251	-0.01797594191365051	-0.009875376766429739	-0.012461528052666935	-0.006868715112726683	0.009091209388376636	-0.0022602717364582445	0.02277787348735717	0.01712172828205418	-0.00022596766859517086	0.005869821296195207	0.00193776052124375	-0.0002129614748303122	0.010025909030008327	0.006174297527870184	-0.009167718773981186	-0.011147970558941808	0.015728800476556972	-0.0026293994472684854	0.004554163503110291	-0.008596415774748772	0.0004299147320194499	-0.020693108723614368	0.013862271021885432	-0.01661599204996266	0.01016437192932983	-0.0105204989180822	-0.01612450169723647	0.018738672279071923	0.001802523596772364	-0.010099481569293488	-0.012399583335431315	-0.004469783825351882	-0.0031220358778283287	-0.0138249537843913	0.0020308945063281982	0.016548348800170757	-0.0010163024304698787	0.015409884199296054	-0.0053389410666385235	0.017894005290545766	-0.018901727814424733	-0.0038399283610789556	0.006085101825766357	0.005186238938075244	0.005105516403948318	0.006924327936764343	0.029559931907355508	-0.015018214575775325	0.0026400169989013733	0.0006431779410073523	0.006198670690840701	-0.0013287226114205484	-0.0030735844877036386	0.011103537688988882	0.01406879821020043	-0.0011387643428435509	0.009843500601184949	8.210797434087005e-05	-0.00480256368528622	0.004104848265502259	-0.000756433851425984	-0.010900907056641266	0.004747792818719393	0.0022234343590491258	-0.005163705514610308	-0.007467093384992339	0.009572210341790802	0.0064328209498496335	0.007071529914974217	0.019082816858750358	-0.011305917452650888	0.0067578211303916886	-0.0037550690259102373	-0.0011634114715738573	0.004167973871051487	-0.0009014659334144051	-0.006434953185107846	-0.0011048918016332919	-0.013738933923747499	0.0002674298434800513	-0.009806272639760845	0.007539423151770948	0.0036254248267007017	0.004103012347693234	-0.0004378474027109716	0.006366911706779725	7.75796561345411e-05	0.0	0.0	0.0	0.0	0.0	0.0	0.0	0.0	0.0	0.0	0.0	0.0	0.0	0.0	0.0	0.0	0.0	0.0	0.0	0.0	0.0	0.0	0.0	0.0	0.0	0.0	0.0	0.0	0.0	0.0	0.0	0.0	0.0	0.0	0.0	0.0	0.0	0.0	0.0	0.0	0.0	0.0	0.0	0.0	0.0	0.0	0.0	0.0	0.0	0.0	0.0	0.0	0.0	0.0	0.0	0.0	0.0	0.0	0.0	0.0	0.0	0.0	0.0	0.0	0.0	0.0	0.0	0.0	0.0	0.0	0.0	0.0	0.0	0.0	0.0	0.0	0.0	0.0	0.0	0.0	0.0	0.0	0.0	0.0	0.0	0.0	0.0	0.0	0.0	0.0	0.0	0.0	0.0	0.0	0.0	0.0	0.0	0.0	0.0	0.0	0.0	0.0	0.0	0.0	0.0	0.0
S5-female-2	-0.061739360645524356	-0.3870010581355782	0.22444823780708328	0.06195146527060055	0.06540868662875068	0.026625458086587037	-0.10137924401607923	-0.04446021972136183	0.05022106920732692	0.027929804006823815	-0.019329217468733225	0.02494389945016454	-0.022754550248304445	0.018985694002961927	-0.028459911197520442	-0.005823905264108569	0.0675398904301763	-0.09114989926658182	-0.04132512980673031	0.023807235082157922	0.03606358451595984	0.02129021860736937	0.07119278728538816	-0.025564121718182457	-0.061388929045386835	0.01597134709469316	-0.011895452805821244	0.01334154351152219	0.005655166444531836	0.005755369096697895	0.02118069146131601	-0.014260419133352922	-0.03117988504248787	0.03456827508193206	-0.00788569235004078	-0.02300360389538756	-0.010101614114797111	0.05583973040516785	0.022467345656159782	0.041208267044501735	-0.04585094783544965	0.010861508764762917	0.006382280581848736	-0.009991041041456594	-0.026464584477741852	-0.0024490359818142627	0.046019713755567945	-0.005728891262103448	0.03164034345417336	-0.041783346966729536	0.047434617811647165	-0.00028472469064853975	0.029120730345402322	0.002979421637429825	0.011705176513487374	0.055348878074449256	-0.012398068798823788	0.016570607776689443	0.039420427747511706	-0.007166503726815304	0.022011251818258304	0.019369525259289113	-0.0006418666984055003	-0.01323717308821453	-0.03243336218623292	0.027617366940998426	0.003530235257664786	0.0012746280927492405	0.00014625259463420479	0.02785600898026672	0.014670000982927903	0.006937649364530964	0.007080630311666117	0.01064522875639163	-0.0069298649887027984	-0.010211718136149382	-0.026320268851602758	0.005244265507965666	-0.018075394098827753	-0.004785898358736973	0.007785380807145357	-0.00655932745500745	0.004271756947909755	-0.006797207349494397	0.007113145526626429	-0.002365908005193887	-0.006504732106694969	0.004661234459396798	-0.01364442788857899	0.005441256053414785	-0.0006732281246887877	0.008174184327722994	-0.005286966432731177	0.00554083683383101	0.011902222719034674	-0.008405593871224672	0.0046128934912594115	0.004521075283051787	0.0016849005369877575	0.006595660887108894	-0.008853501358719143	0.007515440750192905	-0.0004668990670813069	0.0003005455180364329	-0.00403584594416503	0.0006901218142409696	-0.0020538741109038428	-0.00017819631490195373	0.0	0.0	0.0	0.0	0.0	0.0	0.0	0.0	0.0	0.0	0.0	0.0	0.0	0.0	0.0	0.0	0.0	0.0	0.0	0.0	0.0	0.0	0.0	0.0	0.0	0.0	0.0	0.0	0.0	0.0	0.0	0.0	0.0	0.0	0.0	0.0	0.0	0.0	0.0	0.0	0.0	0.0	0.0	0.0	0.0	0.0	0.0	0.0	0.0	0.0	0.0	0.0	0.0	0.0	0.0	0.0	0.0	0.0	0.0	0.0	0.0	0.0	0.0	0.0	0.0	0.0	0.0	0.0	0.0	0.0	0.0	0.0	0.0	0.0	0.0	0.0	0.0	0.0	0.0	0.0	0.0	0.0	0.0	0.0	0.0	0.0	0.0	0.0	0.0	0.0	0.0	0.0	0.0	0.0	0.0	0.0	0.0	0.0	0.0	0.0	0.0	0.0	0.0	0.0	0.0	0.0
S5-male-1	-0.2423418346688096	-0.05334773410390217	-0.05025243954791133	0.06926767679870355	-0.016211066189481208	0.044146308555559545	-0.024858866044868717	0.07868477787802469	0.05704866743137498	-0.10219606195749807	0.0033607749135185537	-0.02173064905989419	-0.031010230408694762	-0.010607911478814232	0.058313388451053036	0.029342097748232106	-0.04333115876205015	-0.009210252712922841	-0.01640068063690234	-0.022835644375615152	-0.006611314400216795	-0.02914320956280232	0.031041585274925232	0.01955076754452728	0.0008521262373963936	0.0014331481079554185	0.011345132291769812	-0.007706428480422368	-0.014657634995830419	0.01993000875642898	-0.003868211538558622	0.01915965790090189	-0.011905366733045424	0.01010257275798093	0.00880413395798321	0.019055459791694165	0.0135909299812591	0.0005759281900694997	0.005686445006611332	-0.009913806338307567	0.01703688178953332	0.013030514200811805	-0.01548752010012267	0.008074362892455772	0.012889404193470894	0.008489104385392614	-0.006912158876539981	0.023737520832735552	0.008621153899322576	-0.01764105252866158	-0.02005030204381123	0.015303153676441701	0.014167917734431004	-0.016258117655564272	0.00340333107208524	-0.01760334913351167	0.005669860331230393	0.0011244148771180254	-0.0003734400794185714	-0.002256283774695846	-0.005622433325516768	-0.006219318362019027	0.00044754196656688705	0.015007985925412142	-0.003378811018905319	0.026040868985508385	0.013642068411005544	0.01649501852768553	0.0017115660743141305	-0.00336078757501431	-0.006892266424328135	-0.0007468551264243877	0.026232381484637867	-0.009552430441536572	0.012849171971989959	0.025508158153981685	-0.015084839768699078	0.014296618606139962	0.01221342090246801	0.004354887765440983	0.005495643876406433	0.010258362552624807	-0.006075444898615737	0.011935158600149475	0.009352103352217015	-0.010496311753639347	-0.013689322483082581	-0.016397705190918113	-0.009009036484486787	0.0011883169087224359	-0.014324531914963497	-0.0001307524646971494	-0.01200019353029153	0.009087525513836328	-0.0024781044035982595	0.0003058513698739967	0.013514223845182275	0.01588494390709285	0.008204982180788953	-0.009857879214301757	-0.015007791732706704	-0.0031967011334047496	-0.013540298775846693	0.0035508190656181895	0.0021563247684390956	-0.0016670249912037625	-0.00608206277346216	0.002160613706312518	0.0	0.0	0.0	0.0	0.0	0.0	0.0	0.0	0.0	0.0	0.0	0.0	0.0	0.0	0.0	0.0	0.0	0.0	0.0	0.0	0.0	0.0	0.0	0.0	0.0	0.0	0.0	0.0	0.0	0.0	0.0	0.0	0.0	0.0	0.0	0.0	0.0	0.0	0.0	0.0	0.0	0.0	0.0	0.0	0.0	0.0	0.0	0.0	0.0	0.0	0.0	0.0	0.0	0.0	0.0	0.0	0.0	0.0	0.0	0.0	0.0	0.0	0.0	0.0	0.0	0.0	0.0	0.0	0.0	0.0	0.0	0.0	0.0	0.0	0.0	0.0	0.0	0.0	0.0	0.0	0.0	0.0	0.0	0.0	0.0	0.0	0.0	0.0	0.0	0.0	0.0	0.0	0.0	0.0	0.0	0.0	0.0	0.0	0.0	0.0	0.0	0.0	0.0	0.0	0.0	0.0
S5-male-2	-0.18598647932779727	-0.04856610639431276	-0.08298533501743391	-0.029746562888050727	-0.09876202156923765	0.05014118206087426	-0.07304027010009581	-0.03574807535335924	0.02680992378874948	0.01298422889508773	0.07266631377029463	-0.011145271943907496	-0.043808972096151436	-0.00904211410970491	-0.02136613902599056	-0.05088757756998173	0.0030648968894570823	0.01782245795090862	0.07573222963193454	0.0026753056761792565	0.003557169339023273	-0.017348612958683667	0.009179261599488737	-0.01588583817710157	0.021748188141105743	0.0684305193196281	-0.01840275436758892	-0.046347233832937866	-0.1030988057241091	0.006305288435364505	0.07102387589511483	0.0628236660898279	0.03353627498576317	-0.03293206334941142	-0.04067552175569853	0.015706829865413555	0.04027438197417943	-0.01339195921931849	0.07176061974756699	-0.02371054811911311	-0.007431780253094291	0.016127833850768988	-0.020456128170126625	-0.006360769928847496	-2.195508187253349e-05	0.0010056148231172607	-0.019611602357775326	0.007263841434011096	-0.03674614256371892	0.02954268963774428	-0.03323466655558556	-0.006458401541397389	0.028886007391686303	0.024103238357225328	0.020398279886234733	-0.007788661510236412	-0.0034269392134822106	0.028527747399560228	0.01777144169789012	-0.0011618544909653133	0.0029920701821355357	0.001180840331680658	0.004225667614713669	0.010154902863849236	-0.03050935497037653	0.008032310178822962	0.003612265542782055	-0.01579915388533298	-0.0032620222551258044	0.007151940357944275	-0.007362880011473914	-0.0005582594256526234	-0.005282774639035013	-0.020893639395168417	0.0008580797448779762	-0.017043491868771177	0.0006042930265916457	0.01230210163303163	-0.028052883340320123	0.0014091881866049425	-0.004224770258373197	-0.002676520934351285	-0.010828135570021368	0.006106990081262982	0.01078272001224257	-0.016464567261130058	-0.008390291323835727	-0.008919790611378013	-0.0035933246177023066	-0.0069987143703697345	0.0021411674669185358	0.004732843972128528	0.005081720701481022	-0.002271658950209182	-0.0006584461603280687	-0.01283175862424997	-0.006074897312953903	0.0003976145281624217	0.0017205543633379999	0.0006422976052386518	-0.006557528095067401	0.002614077002862766	-0.004826489793213302	0.0011221738099901726	-0.00045580025527237504	0.0003727769079423617	-0.0006401624404202876	-0.0007750916863860049	0.0	0.0	0.0	0.0	0.0	0.0	0.0	0.0	0.0	0.0	0.0	0.0	0.0	0.0	0.0	0.0	0.0	0.0	0.0	0.0	0.0	0.0	0.0	0.0	0.0	0.0	0.0	0.0	0.0	0.0	0.0	0.0	0.0	0.0	0.0	0.0	0.0	0.0	0.0	0.0	0.0	0.0	0.0	0.0	0.0	0.0	0.0	0.0	0.0	0.0	0.0	0.0	0.0	0.0	0.0	0.0	0.0	0.0	0.0	0.0	0.0	0.0	0.0	0.0	0.0	0.0	0.0	0.0	0.0	0.0	0.0	0.0	0.0	0.0	0.0	0.0	0.0	0.0	0.0	0.0	0.0	0.0	0.0	0.0	0.0	0.0	0.0	0.0	0.0	0.0	0.0	0.0	0.0	0.0	0.0	0.0	0.0	0.0	0.0	0.0	0.0	0.0	0.0	0.0	0.0	0.0
S5-male-3	-0.21748594587990444	-0.031044013770909193	-0.08752351217378562	-0.06855879939210348	-0.023029864657786572	-0.01760896940807563	-0.03870239829260604	0.033601537782578975	0.006027442811340564	-0.006784970362008088	-0.03187848575446908	-0.0703676331622445	0.0033830882384564124	-0.028806562186587677	0.052138159305497325	-0.05157099720316271	0.007267132648407299	0.06626971212980827	0.05173897764111043	0.019169103311480837	0.03215162507854384	-0.04148327453749977	0.06111862639024688	0.06592960670365311	-0.011240378753630577	-0.037929922450892835	-0.01206334713673189	-0.012387426961054266	0.0010334071568823791	-0.012590440887977472	-0.0065387466367912385	0.02134060837941055	-0.011882565773678104	-0.0073421520358708265	0.0005895459187320287	-0.013556250590974204	-0.013520141330950242	0.01906025977288258	-0.024971312760777565	-0.0018790291031655544	0.013298402886109168	-0.01648316459869026	-0.001006724464499171	0.027407906652721796	0.03243335557144621	-0.000730881758036602	-0.004552416732373757	0.026250944631473167	0.00706856454668586	0.0233634802353788	0.019319299919532643	-0.003051184431747015	0.008299134777683095	-0.009655464244892963	-0.015069554116018968	0.043785484391207934	0.016105614183109383	0.010718470129863015	-0.006123868479021956	0.03233770010630314	-0.00060563328675435	0.0020530014578004976	-0.0026455078110140546	-0.021976179362687642	-0.004107591229821349	0.004000396411445587	-0.005548639002080424	0.011449157549475647	0.018227606509136733	-0.0012366320732318601	-0.02795536006626859	-0.013293238454674458	-0.006600083461034066	-0.014105545569345007	-0.021433635461293246	0.020576920831003907	0.030183748576470364	-0.005140519591259756	-0.00639066397874763	0.004415624861791877	-0.007512516009447812	0.004439069427878945	0.0040943995616465985	0.0047145160800367595	0.007905917201344557	0.02072984128335467	0.0004416782129274012	-0.010330142572013652	-0.007561524789866129	-0.002018602691355139	-0.0008431533326994638	0.013956107719285151	0.0028667980399060796	0.008007704075247157	-0.0049330449265628925	0.015059394675304932	-0.0032580579161220068	-0.009731275311457167	-0.005197117184344083	0.000787938026649267	0.002327990505557855	0.005765820555400806	-0.00013869481582437848	-0.0028275718366024905	-0.0038169848141431295	-0.001419590504187883	-0.0015015728367736882	0.0005798426163668918	0.0	0.0	0.0	0.0	0.0	0.0	0.0	0.0	0.0	0.0	0.0	0.0	0.0	0.0	0.0	0.0	0.0	0.0	0.0	0.0	0.0	0.0	0.0	0.0	0.0	0.0	0.0	0.0	0.0	0.0	0.0	0.0	0.0	0.0	0.0	0.0	0.0	0.0	0.0	0.0	0.0	0.0	0.0	0.0	0.0	0.0	0.0	0.0	0.0	0.0	0.0	0.0	0.0	0.0	0.0	0.0	0.0	0.0	0.0	0.0	0.0	0.0	0.0	0.0	0.0	0.0	0.0	0.0	0.0	0.0	0.0	0.0	0.0	0.0	0.0	0.0	0.0	0.0	0.0	0.0	0.0	0.0	0.0	0.0	0.0	0.0	0.0	0.0	0.0	0.0	0.0	0.0	0.0	0.0	0.0	0.0	0.0	0.0	0.0	0.0	0.0	0.0	0.0	0.0	0.0	0.0
s6-Female-1	-0.22677803479131456	-0.00048532287921809964	-0.1157059972606925	-0.015309042035760478	-0.0254730970514398	0.02406751933917502	-0.0858179196431211	-0.040983264431497336	-0.006785929043407578	-0.020517618186682254	0.018288401289181935	0.0667148974121198	-0.04772299386677644	0.10700974081577906	0.05261113317036496	0.016213244229994535	-0.0317202483740462	-0.07199082672377671	-0.05263374107510533	0.013049533164634452	-0.00028064273440434176	-0.04530158932823274	0.02488400713590168	0.043723173627732814	0.0017326373389007779	0.01406569164250141	-0.0023374330255343063	-0.005621239689135194	-0.043134944203783575	0.004065201838979457	0.01406797830930008	0.034854658400230505	0.020141795060234162	-0.017485451180945067	0.025374943312692404	-0.0003484762830568405	0.03018905828741793	0.022933755749323395	0.0034534720685670288	0.003137422625333105	-0.022175552551022614	-0.03319570896973744	0.026535983230859476	0.01014188447742886	0.017313916737341842	0.02360213214261808	-0.025793163191202007	0.010848558049253044	0.021048070869921786	-0.006862424863475638	-0.016810971915533154	0.03817320663136091	0.01227071212181458	0.009193616403163136	0.01745427544551829	0.007848356023147597	-0.0056631784938732735	0.005613115237422325	-0.0012783823226621008	-0.007199408039385028	-0.009703753327290003	-0.010583894741344553	-0.018733128089239347	0.001231559436657717	-0.016225752866589626	-0.008658894289736645	-0.009680828350846169	-0.012995888949123744	0.000859211793339933	-0.015651827597140778	0.003176055018568248	-0.001599057317929685	-0.006032916946751642	-0.006700941839476421	-0.02557718248868695	-0.013386044230280917	-0.01428857876351832	0.0287249438963475	0.008715041575110456	-0.0022886689281223127	-0.01086407618514287	0.004062995901490539	-0.010106136235175959	-0.006013774021285016	-0.00507645160852756	-0.010703553806688493	0.006588308138270548	-0.0018417385403693145	-0.0030014321672014546	0.007507578401676155	0.007730728937734275	0.004704331056913163	-0.004143941906480695	-0.011503711956054577	0.0018837229152663627	0.007746894292796096	-0.00039018168001656435	-0.005412664946351575	-0.014836578616695066	-0.009430726272325768	0.00296078165320681	0.0008880687369899199	-0.0026407632064764913	0.0021077099147058537	0.0009429087296679853	-0.0007588571984498471	0.00504111936263187	0.0023669200685227892	0.0	0.0	0.0	0.0	0.0	0.0	0.0	0.0	0.0	0.0	0.0	0.0	0.0	0.0	0.0	0.0	0.0	0.0	0.0	0.0	0.0	0.0	0.0	0.0	0.0	0.0	0.0	0.0	0.0	0.0	0.0	0.0	0.0	0.0	0.0	0.0	0.0	0.0	0.0	0.0	0.0	0.0	0.0	0.0	0.0	0.0	0.0	0.0	0.0	0.0	0.0	0.0	0.0	0.0	0.0	0.0	0.0	0.0	0.0	0.0	0.0	0.0	0.0	0.0	0.0	0.0	0.0	0.0	0.0	0.0	0.0	0.0	0.0	0.0	0.0	0.0	0.0	0.0	0.0	0.0	0.0	0.0	0.0	0.0	0.0	0.0	0.0	0.0	0.0	0.0	0.0	0.0	0.0	0.0	0.0	0.0	0.0	0.0	0.0	0.0	0.0	0.0	0.0	0.0	0.0	0.0
S6-female-2	-0.07558506850735168	-0.3844347388807338	0.20809001146810627	-0.05378153112901881	0.060024656301945006	-0.024683936054921644	0.011898525830162652	-0.012109881527143929	0.008073846233088712	-0.07444467755092943	0.004280529497642829	0.021567727042151184	0.013310514952165177	-0.00791306326954034	-0.017760247330116333	0.013253664111748756	-0.02748795966521899	0.051779242923331664	0.038736552259121704	0.02187712674923831	-0.012793947064211733	0.005361569198248678	-0.02449525126796479	-0.0025282435676196764	-0.02073282959643156	-0.01693881051674592	-0.016339724358389634	-0.03843814244596025	-0.035725397251269705	-0.023205114529396848	0.03159924948456518	0.019942695425945157	0.025509770071602076	-0.03849747029812022	0.0012642616079818194	0.035607168570330985	-0.02341294259010486	-0.026748847131779822	0.002669539516087734	-0.024931061091706282	0.01771419580541688	0.018703289282088375	-0.022064113096717283	0.0030421224151426156	0.020880631891624545	0.03159219687874366	0.0013379350617598793	0.0015778486090231322	-0.047857649303264624	0.04578244278878018	-0.025417589592600577	-0.015410128148903354	0.024445164058893697	0.006927174268541444	0.01464935539468421	0.014049831946034643	0.01029096730813807	0.04054404854943007	-0.0006998853595333365	0.013614349727743821	0.006240113963845483	-0.023628531477499253	0.003510996846892293	0.0075506055395357825	-0.0011342457057505894	0.013567572785011847	0.001148944570338939	0.014058863837320829	-0.013545292019704867	-0.017501943662303586	0.004727684747948987	-0.0043456383844126725	0.0069016452187347	0.01728707773596474	5.083486870620009e-05	-0.0071107463231097024	0.011848085508507645	-0.002893766991632057	-0.00498785574097426	0.009517643420951445	0.0064164247419375015	-0.012517480263672795	-0.00546073167317663	0.011087746453799839	0.0020318214262105253	0.004188002985394244	-0.0032548311870785967	0.005652120358030858	-0.0027045736016405616	0.0029796560850770563	-0.00423343034795208	-0.004329644855628249	-0.0025210398521359136	0.006550584690737281	0.004021314440310572	-0.0006812735789509306	0.00028403056034923533	-0.004705894386052242	-0.011147999250354	0.001470615083715496	0.006266726411224283	-0.006774450511287483	-0.002113564487156576	-0.0030812840141361156	-0.0032959535579206293	8.178833441008516e-05	-0.001527407883897253	5.4015960285090456e-05	0.0	0.0	0.0	0.0	0.0	0.0	0.0	0.0	0.0	0.0	0.0	0.0	0.0	0.0	0.0	0.0	0.0	0.0	0.0	0.0	0.0	0.0	0.0	0.0	0.0	0.0	0.0	0.0	0.0	0.0	0.0	0.0	0.0	0.0	0.0	0.0	0.0	0.0	0.0	0.0	0.0	0.0	0.0	0.0	0.0	0.0	0.0	0.0	0.0	0.0	0.0	0.0	0.0	0.0	0.0	0.0	0.0	0.0	0.0	0.0	0.0	0.0	0.0	0.0	0.0	0.0	0.0	0.0	0.0	0.0	0.0	0.0	0.0	0.0	0.0	0.0	0.0	0.0	0.0	0.0	0.0	0.0	0.0	0.0	0.0	0.0	0.0	0.0	0.0	0.0	0.0	0.0	0.0	0.0	0.0	0.0	0.0	0.0	0.0	0.0	0.0	0.0	0.0	0.0	0.0	0.0
S6-female-3	-0.01962550411757003	-0.07234400895168255	-0.14821017291064845	-0.047350734802003136	-0.008166922214722722	0.07855962240079369	-0.1345489194754978	-0.02410055351469687	-0.028899442450806757	-0.02574099570749735	0.07573349160826556	-0.09929990685278658	0.06686923445282587	-0.03501308396706534	0.03819984357571247	-0.10640660206043495	0.015961561581213247	-0.09599916009005313	-0.06342146554993269	0.03491360817659547	-0.009652617068073849	0.13155907014753443	0.02561038462689062	0.03224932135161217	0.03623894466966064	-0.0475247278463877	0.036461450530360935	-0.05229564949360858	-0.029796852962356818	0.0059435809244648	-0.07628084422982698	-0.04617746753037371	-0.025766232921110854	0.036666402923399836	0.009157086455215424	0.03778219543472287	0.012808629814225161	-0.028609324539889177	0.008956269879259286	0.02760026684569092	0.006906929073103329	-0.026894769624563976	-0.05722762266353398	0.03909850274744463	-0.030456187005613623	-0.03510816479992664	-0.04284419034368294	0.04822992931199564	-0.04339554320453684	-0.01725761601064939	0.025266528471609786	-0.0014907507100846713	0.034287444695796955	-0.019047706535205995	-0.02126103179909013	-0.0018006391284376793	0.026923222822548068	-0.04200200682327986	0.054540526911577215	-0.008299317588448917	0.014097651646195638	-0.02967807813363338	-0.008983548440236416	-0.024062400647453214	-0.014213114704919	-0.014152414925677254	-0.0015757807067205273	-0.014748659490526157	0.012048169923225457	-0.011089337198061225	-0.004126900616627585	-0.006269809292944897	-0.020068846564233408	0.0037593252879899973	0.008103930677308486	-0.004097309692300885	0.006566380370866868	0.02560328976312904	-0.005784998333400136	0.02300503771161903	-0.004334740143138312	0.0038010145692827712	0.002681783852882698	0.006005736474782414	0.009752422585296593	0.017636125549291864	0.010479559647309906	-0.010496447133716507	0.00769164906217465	-0.011911374862460567	-0.0067843716661026955	-0.002679136795297568	-0.0017426793796725697	0.015584111571479167	0.007390322000278006	0.0063586591519707745	-0.009447107039765154	-0.0016403621645951485	0.0036111808482419796	-0.007563965932375743	0.006108277339258667	0.0033539744329153225	-0.0027023241709470533	-0.0020073644639516924	-0.0003668997874620153	-0.001504243882387662	0.0009100930336858564	-0.0010950881611040406	0.0	0.0	0.0	0.0	0.0	0.0	0.0	0.0	0.0	0.0	0.0	0.0	0.0	0.0	0.0	0.0	0.0	0.0	0.0	0.0	0.0	0.0	0.0	0.0	0.0	0.0	0.0	0.0	0.0	0.0	0.0	0.0	0.0	0.0	0.0	0.0	0.0	0.0	0.0	0.0	0.0	0.0	0.0	0.0	0.0	0.0	0.0	0.0	0.0	0.0	0.0	0.0	0.0	0.0	0.0	0.0	0.0	0.0	0.0	0.0	0.0	0.0	0.0	0.0	0.0	0.0	0.0	0.0	0.0	0.0	0.0	0.0	0.0	0.0	0.0	0.0	0.0	0.0	0.0	0.0	0.0	0.0	0.0	0.0	0.0	0.0	0.0	0.0	0.0	0.0	0.0	0.0	0.0	0.0	0.0	0.0	0.0	0.0	0.0	0.0	0.0	0.0	0.0	0.0	0.0	0.0
S6-male-1	-0.24358836547538668	-0.059358925343301755	-0.054006914929642914	0.07880818827999822	-0.002738390575924813	0.039437542975363275	-0.028476392400862718	0.08550575906366192	0.055503037935606486	-0.10445763769290753	0.01281607716072521	-0.006053194322930395	-0.044433501629857895	-0.016497944243058605	0.07281467941598088	0.04630092224302803	-0.04636682337937911	-0.009127978493870783	-0.016241851837640906	-0.011440964869847027	-0.002633948503666937	-0.02629643097195163	0.04320917782525331	0.009787360975651666	0.005635731783430933	0.006834784705457273	0.0027457352248537585	-0.014418960826906834	-0.029288824227061597	0.03204929761641613	-0.00439019295243266	0.015682284418662314	-0.03171767845998382	0.03231406039362472	-0.010010645251387968	0.008470910251079742	-0.008272926650445853	-0.0007205911982695045	-0.0042023749040475825	-0.02099745773154761	0.013867191791735949	0.007157733278856688	-0.011150379595647122	0.005757118483915863	0.01838362582603779	0.011755745320925572	-0.005062728662929633	-0.009611998557719601	-0.0018684144984691474	0.02551250065617091	0.006080251637056324	-0.014129280849968864	0.017392859216318893	-0.024703709972009543	0.0035823478892181375	0.002742748931968062	-0.010486279910666882	0.027107770662532567	-0.0016256869182461706	0.008013721892720328	0.005172205131540989	0.017917980039438678	0.008605891603917231	-0.012084900562656813	0.015460834621130256	-0.003540633238937571	0.005288750610158349	-0.011621347140026425	0.02986893155852873	0.011397119740420887	-0.004037270575721863	-0.00833875872429526	-0.0042551267602332	-0.01993787072390442	0.013357500841718368	0.01443063394341624	0.02225914512602319	0.007510649203062842	0.005266265473224911	0.004389740339408694	0.005025089303792823	0.0016232008823828163	0.004924444760426092	0.017836963045124648	-0.020127699400480082	-0.0026857708364922627	0.008945419942631802	-0.015554441925778865	0.00891755418806325	-0.003455583015627821	0.009664810993075318	-0.0026683724941111106	-0.004838765654488584	-0.014607207842570968	-0.0026173318628275434	-0.008567931304696073	0.0005051041239928818	-0.009710656457997614	0.011017719900639057	0.009260314395356262	0.0024203441199105277	0.0027307404267652943	-0.006884012871165865	-0.01260626094159179	-0.0011700514805976687	0.005485536200615473	0.0005723592724851248	-0.002352561362540955	0.0	0.0	0.0	0.0	0.0	0.0	0.0	0.0	0.0	0.0	0.0	0.0	0.0	0.0	0.0	0.0	0.0	0.0	0.0	0.0	0.0	0.0	0.0	0.0	0.0	0.0	0.0	0.0	0.0	0.0	0.0	0.0	0.0	0.0	0.0	0.0	0.0	0.0	0.0	0.0	0.0	0.0	0.0	0.0	0.0	0.0	0.0	0.0	0.0	0.0	0.0	0.0	0.0	0.0	0.0	0.0	0.0	0.0	0.0	0.0	0.0	0.0	0.0	0.0	0.0	0.0	0.0	0.0	0.0	0.0	0.0	0.0	0.0	0.0	0.0	0.0	0.0	0.0	0.0	0.0	0.0	0.0	0.0	0.0	0.0	0.0	0.0	0.0	0.0	0.0	0.0	0.0	0.0	0.0	0.0	0.0	0.0	0.0	0.0	0.0	0.0	0.0	0.0	0.0	0.0	0.0
S6-male-3	-0.07230329563241092	-0.030194748159336742	-0.06499791277224565	-0.09730900550143952	0.05539823643209858	0.16651860529947016	-0.10926807904575522	-0.017427760408933624	0.04172277247484588	0.06591198981772173	0.02415344358488331	-0.04988012697794749	-0.03344992858248989	0.024996280979762267	-0.020446591162570766	0.01467753814063122	0.03488604695294088	0.05103378053813475	0.06123297782690468	-0.02515912673343465	-0.030549804782277815	-0.016095242858293193	0.001885559033365629	0.014475699638675696	0.00935342135937601	-0.010419446505505314	-0.02563007704940276	-0.03949768002021055	-0.007376045734089286	0.019699035499523464	0.027289411706590966	0.020597043879911292	-0.02140199069537417	-0.04234793452066174	0.015744253784382642	-0.006154897780565911	-0.00020860095092175115	0.014235512925128325	-0.037322055364107834	0.006183111439399552	-0.015991845123213857	0.020741693093092255	-0.030072126556612087	0.004423410553326832	0.031838351207216266	0.0226405372551657	-0.028393607708797786	0.003263810219023658	-0.043268132864059825	0.0006944627982785755	-0.028748580411334865	0.0042697854610720815	0.044157588375273865	-0.010189300587996409	-0.011304306478512575	-0.0073653213000615505	0.018993638630354928	0.0422495969433929	0.017785098709559147	-0.005542426675486559	0.008082541228489778	-0.0032128567720789694	0.009208945882497146	-0.016097430326461253	0.013800892823129822	0.014632573590167347	-0.011203346320311485	-0.014490199143826404	0.0032614274471481157	0.012511648856601878	-0.0134738676617672	0.004707611888792237	0.0033462081547421143	-0.01083655177426223	-0.004626298722951531	0.0023511776210182363	-0.0020770402664912107	0.010307219476118854	-0.0030450013381800576	0.00769416683158987	0.018567232002229615	-0.000993606030808916	-0.005752595657365789	0.008464379880334475	-0.0023471340358992487	-0.011035894997202212	-0.011285921425449595	-0.005326558686656892	-0.007865241555193648	-0.005352240322515474	0.00612636963316101	0.005701644751487977	0.008499780885208493	0.0011467039560811303	-0.004946552116200164	0.0022213495182796554	-0.005993413185653951	0.008363591477751786	-0.0038282053388499996	0.017090037790683372	-0.00027917606865080966	0.0030875101092379363	-0.004808467327097865	0.003534328203810977	0.0033474148482271916	0.0017019436376710137	-0.0008956325534282592	-0.0014357763073040899	0.0	0.0	0.0	0.0	0.0	0.0	0.0	0.0	0.0	0.0	0.0	0.0	0.0	0.0	0.0	0.0	0.0	0.0	0.0	0.0	0.0	0.0	0.0	0.0	0.0	0.0	0.0	0.0	0.0	0.0	0.0	0.0	0.0	0.0	0.0	0.0	0.0	0.0	0.0	0.0	0.0	0.0	0.0	0.0	0.0	0.0	0.0	0.0	0.0	0.0	0.0	0.0	0.0	0.0	0.0	0.0	0.0	0.0	0.0	0.0	0.0	0.0	0.0	0.0	0.0	0.0	0.0	0.0	0.0	0.0	0.0	0.0	0.0	0.0	0.0	0.0	0.0	0.0	0.0	0.0	0.0	0.0	0.0	0.0	0.0	0.0	0.0	0.0	0.0	0.0	0.0	0.0	0.0	0.0	0.0	0.0	0.0	0.0	0.0	0.0	0.0	0.0	0.0	0.0	0.0	0.0
S7-female-1	-0.3022802738465548	-0.05072327592680265	-0.16628696555620395	0.05692575755136024	-0.09322783995315548	-0.03706774523180146	-0.010648734778080135	-0.00260023003370293	-0.07291269480217745	0.06547630551516229	0.01988118598001925	0.07897982055090952	-0.05448460886089001	0.051245735153303454	0.09043951674868667	-0.006400953421872216	-0.019103763625474033	0.03237118556641704	-0.025741788462556682	-0.006908391316561239	0.029604633614507398	-0.005427944276186504	-0.021715941492636694	-0.007725297570874351	0.05919896114048547	-0.05151205728064484	0.0501553730924987	0.0077512312446989425	0.012475968624701033	0.012974885146836321	0.02314592261143151	-0.0067214521850505185	0.026896242762027095	-0.028315899443179873	0.02812004248182592	0.03271754348490585	-0.029435386846831155	-0.005697800770612112	-0.015823891013556964	0.014840021295153686	-0.0063570107193883325	0.05779220339248043	-0.010892662614754803	0.013040460157107617	-0.007752848794056284	0.02924936288716883	0.012157453694574537	0.01919886461297896	0.031947069726938185	-0.013070314609261547	0.011807786224895412	-0.009538897538612307	0.025254237968423823	0.011328680651685259	0.00907555622795731	-0.036776954535249054	-0.013327335646729535	-0.01118994942038087	0.020117364752464693	-0.014779501838602726	-0.02845870926978161	0.01825491238430074	0.0018897203590515716	0.03216780807623692	-0.00749489614988221	0.01736761646122005	0.010092555879829077	-0.028556520866704262	0.013620700466157758	-0.023823482914761003	0.018898984737042844	0.0038020847209143207	0.008781649323279682	0.00996230407068378	0.019578933982128927	-0.011335195399207796	-0.0020973583705552034	0.0009748391547670077	0.008724614898131826	-0.004403986242902075	-0.0077118759976243356	-0.0014665696399279555	-0.016606642238712898	-0.011772548424495443	-0.019337276082299487	-0.00013043333021447713	0.009838415247928098	-0.005517040292205121	0.028817295162457023	0.006981134758903698	-0.0001909761647854201	0.001687457969553435	-0.003580562929413986	0.000741651927458887	-0.008525621311075801	0.0028204553066263024	0.017669362711621	0.0016917138217694477	-0.001360225964515078	0.002347394095463912	-0.004650497472690066	0.0069489040026807425	0.003933733880383432	-0.006880557849886472	-0.0036054031246617038	0.004266132933805641	-0.0032827099508206488	0.002119454856065617	0.0	0.0	0.0	0.0	0.0	0.0	0.0	0.0	0.0	0.0	0.0	0.0	0.0	0.0	0.0	0.0	0.0	0.0	0.0	0.0	0.0	0.0	0.0	0.0	0.0	0.0	0.0	0.0	0.0	0.0	0.0	0.0	0.0	0.0	0.0	0.0	0.0	0.0	0.0	0.0	0.0	0.0	0.0	0.0	0.0	0.0	0.0	0.0	0.0	0.0	0.0	0.0	0.0	0.0	0.0	0.0	0.0	0.0	0.0	0.0	0.0	0.0	0.0	0.0	0.0	0.0	0.0	0.0	0.0	0.0	0.0	0.0	0.0	0.0	0.0	0.0	0.0	0.0	0.0	0.0	0.0	0.0	0.0	0.0	0.0	0.0	0.0	0.0	0.0	0.0	0.0	0.0	0.0	0.0	0.0	0.0	0.0	0.0	0.0	0.0	0.0	0.0	0.0	0.0	0.0	0.0
S7-female-2	-0.08673106189861687	-0.3852719073813815	0.1996501359683293	-0.028082057105572267	0.06618472058106183	-0.023259566158380533	-0.10171158005884573	-0.05662826589493882	0.002376006466131562	0.07069679570004123	0.095370133613936	0.016013108038954192	-0.01810893348764407	-0.020731065245416805	-0.051948920594688794	-0.04452119672174832	0.012818799509255177	0.04152905869546649	0.06040222778235777	-0.006686222885863834	-0.01670352177607573	0.011098111891877814	-0.035785869659799005	-0.05035787084406978	0.05081917706743842	0.0037973954556340815	-0.012846983363299964	-0.015587189287815096	-0.042410586277033	0.05782990421700466	0.03630062413698738	0.016081683885237404	0.026785477309064432	0.0018193654442076458	-0.04307067695703033	-0.010778631655693953	0.02471387592920953	-0.0340203521086976	0.029079516105734254	-0.015298444186186649	0.014390809490360939	0.002583970695728405	-0.0240216694966734	-0.04557759121814628	0.024544987760756542	-0.010424695967567732	-0.031179805521602245	-0.04994025250559901	-0.006884520492069126	-0.002019148333614569	-0.01783299661301046	-0.01855780981008267	0.003968060226763906	-0.02612964412667453	-0.043647062955616704	0.005389572286607163	0.0030516343004372928	-0.03864943626383522	0.0067594282398635765	-0.0031360016547350928	-0.005651876222454883	-0.01395101726157181	0.03522310358354673	0.016395961868279865	0.00042389853025655744	-0.02655630259871517	0.008668915266666308	-0.00880896339550077	0.003463013981429514	0.007509910917338182	0.018191579835101623	-0.0026983767216684916	-0.0011317748696088375	0.025547857725530695	0.00182276024922181	0.04279724397934197	-0.00916613506126914	-0.013007154901058646	0.03322894916370273	-0.00637874909111011	0.018021495106761876	0.01918817967587844	0.02544425579524257	-0.004849657296812386	-0.013790444000328328	-0.012894410205937314	0.014605175550187617	0.0012723295501447843	-0.005319494114832655	0.021537792577643707	-0.0018607667697697952	0.013131040113840843	0.004042259550743982	-0.0025031083555281494	0.002023922472787385	0.00383683213158345	-0.0008187982205427843	0.0056445079450810585	0.004863962079104933	0.002222875112467951	-0.001537289621887363	-0.005897212441015907	0.004683272223701047	-0.004074618349546824	0.0031454039019042173	-0.0029325364636140273	0.001912595115830614	-0.004083654622697318	0.0	0.0	0.0	0.0	0.0	0.0	0.0	0.0	0.0	0.0	0.0	0.0	0.0	0.0	0.0	0.0	0.0	0.0	0.0	0.0	0.0	0.0	0.0	0.0	0.0	0.0	0.0	0.0	0.0	0.0	0.0	0.0	0.0	0.0	0.0	0.0	0.0	0.0	0.0	0.0	0.0	0.0	0.0	0.0	0.0	0.0	0.0	0.0	0.0	0.0	0.0	0.0	0.0	0.0	0.0	0.0	0.0	0.0	0.0	0.0	0.0	0.0	0.0	0.0	0.0	0.0	0.0	0.0	0.0	0.0	0.0	0.0	0.0	0.0	0.0	0.0	0.0	0.0	0.0	0.0	0.0	0.0	0.0	0.0	0.0	0.0	0.0	0.0	0.0	0.0	0.0	0.0	0.0	0.0	0.0	0.0	0.0	0.0	0.0	0.0	0.0	0.0	0.0	0.0	0.0	0.0
S7-female-3	-0.2748007018912284	-0.04026694702142815	-0.11639124454046584	0.0033027855229485273	-0.09669579815023338	-0.023034975400876685	-0.043173665008396304	-0.02905895975453627	-0.03349764730614434	0.006687772153153245	0.021116892780676657	3.618212454882807e-05	-0.04505735743462228	-0.021600185949447376	0.011015162935416385	0.014194858522948162	-0.003367731495273211	-0.03457936810833329	0.028504917801045877	-0.00926771648370494	0.04199447308515915	-0.013480895469759894	0.011566433152326118	0.020931886890410607	0.05106168764303744	-0.003299570666378307	0.005443217866818677	0.010828069552173991	0.009614110121585792	-0.023223400398579362	0.019915032786125393	0.010881172539934862	0.01774683846887289	-0.015250835659813071	0.009491713244275706	0.004657069880577051	0.007526166864756016	-0.02133630571073951	-0.010874254461746823	0.020396260785235817	0.03346502454679231	0.01975725002619608	0.0031861781477421597	0.005622503577856336	-0.0009853369450905463	-0.015734022528120034	0.01124104491591495	0.0037683192004637402	-0.009396372345702782	0.024127795327061677	0.018249684592382853	-0.022782385946861914	-0.013790821857072387	0.003469118962194471	-0.0005251987443513246	0.020779928153328717	0.01009874596236255	0.02019886528012468	0.00367860796160345	0.0021391750340291507	0.0013420313061278735	0.02328019044773701	0.011062504133274094	-0.021042828605124617	0.020465242267668774	-0.018387375400825006	0.0002996188279939489	0.004021007757577555	0.012048513891182411	-0.0033109837142679395	-0.009769548851377787	-0.008390368734475318	-0.00941843374690778	-0.004234967515293549	-0.003845933854231437	0.005991288452583557	0.005209371832101186	-0.004992465700420195	0.005586714396910126	0.009476972227107671	-0.003934177120888867	0.0046793567912223	0.009195448639308938	0.012420364982561577	-0.01659649042824789	-0.00011263568634252808	0.0052321187108802444	-0.007221406261675741	0.008719133231761968	0.0034622115717305112	-0.0074019912211179565	-0.0010485483999703444	-0.0007352495992858459	-0.003889400200943085	-0.0016935453942002023	-0.009537106744435104	0.00484613039392748	0.006960003731669868	-0.013426514861881915	0.0008937961586578836	-0.0016663902778611777	0.004191668911813981	-0.0015194320580987476	-0.0032878955167937067	0.002899495097981501	0.004195190435722028	-0.001179337554758313	0.00033856922818307827	0.0	0.0	0.0	0.0	0.0	0.0	0.0	0.0	0.0	0.0	0.0	0.0	0.0	0.0	0.0	0.0	0.0	0.0	0.0	0.0	0.0	0.0	0.0	0.0	0.0	0.0	0.0	0.0	0.0	0.0	0.0	0.0	0.0	0.0	0.0	0.0	0.0	0.0	0.0	0.0	0.0	0.0	0.0	0.0	0.0	0.0	0.0	0.0	0.0	0.0	0.0	0.0	0.0	0.0	0.0	0.0	0.0	0.0	0.0	0.0	0.0	0.0	0.0	0.0	0.0	0.0	0.0	0.0	0.0	0.0	0.0	0.0	0.0	0.0	0.0	0.0	0.0	0.0	0.0	0.0	0.0	0.0	0.0	0.0	0.0	0.0	0.0	0.0	0.0	0.0	0.0	0.0	0.0	0.0	0.0	0.0	0.0	0.0	0.0	0.0	0.0	0.0	0.0	0.0	0.0	0.0
S7-male-1	-0.23070139010060348	-0.050113761105866295	-0.05272564866804211	0.10086272063703536	0.0038857062394505562	0.040747934118368107	-0.013748553237069857	0.10406596860441282	0.05944807867718999	-0.10556764223119183	-0.012339677521449606	-0.03910551613760278	-0.018801074743818442	0.0020360313447342526	0.06211935111967256	0.02341642192521634	-0.03068626546408941	0.005690542992836883	0.0018504622632084106	-0.02849089543752918	-0.0314104156026548	-0.03387156514343861	0.039093772225730315	0.02924684833697462	-0.017801914347031163	-0.0027398841458948	0.0060512926818309075	0.008061117650724477	-0.015080779473399907	0.02867894821145404	-0.028880924989513546	0.02582620556748374	0.018239105929201214	-0.00727477815086218	0.005475629990794724	0.010430674156133442	5.755617636554784e-06	0.02095213610838439	0.006389239439352007	-0.018244487646037057	0.013190177257529323	-0.0096044503598182	0.004894475193491338	-0.020846399496396325	0.014408209607614393	0.003519352622328029	-0.027950981860350443	-0.02418192928514641	-0.037566692715195506	-0.03424318857727768	-0.004924980460181534	0.04095514285035449	0.028559469683165837	0.03361444841271153	0.02852321629653254	-0.03370003670668558	0.011023900257591807	-0.011921774910038025	-0.06729549298621024	-0.023966572839940536	0.028903364917644263	-0.004304073748343909	0.00016474669527614139	-3.4758980948592884e-05	0.016172232323617516	-0.030726395265724526	-0.005024785214635287	-0.03847405258332615	-0.001656363185336785	-0.0017375197773566659	-0.010037389454791976	0.006935489779382797	-0.011852215742287415	0.01161818998901676	-0.009794151914723976	-0.051334771015727136	0.004512145345556458	-0.034320189223293954	-0.009839094141455921	-0.019585983434764663	0.0026195719341802095	0.010490938640715486	0.021916575311207238	-0.01833385177175574	0.011750764232424727	0.0024805458819823446	0.010786372612229655	0.027349310429168844	-0.015051698968353086	-0.009781100066422676	-0.008592227384320066	-0.0005636106269534177	-0.011813263491178673	0.0011837144509465856	0.0048618752783671695	0.006550250359761252	0.0023063744674063635	-0.0008507768785161603	0.006642560259924268	-0.0035122408641790385	0.003955062488022642	-0.000862406755897297	0.0019087528943278773	-0.007147050628060203	-6.594275517816418e-05	0.0030721755324884708	0.004639934256924238	0.0013679192327270427	0.0	0.0	0.0	0.0	0.0	0.0	0.0	0.0	0.0	0.0	0.0	0.0	0.0	0.0	0.0	0.0	0.0	0.0	0.0	0.0	0.0	0.0	0.0	0.0	0.0	0.0	0.0	0.0	0.0	0.0	0.0	0.0	0.0	0.0	0.0	0.0	0.0	0.0	0.0	0.0	0.0	0.0	0.0	0.0	0.0	0.0	0.0	0.0	0.0	0.0	0.0	0.0	0.0	0.0	0.0	0.0	0.0	0.0	0.0	0.0	0.0	0.0	0.0	0.0	0.0	0.0	0.0	0.0	0.0	0.0	0.0	0.0	0.0	0.0	0.0	0.0	0.0	0.0	0.0	0.0	0.0	0.0	0.0	0.0	0.0	0.0	0.0	0.0	0.0	0.0	0.0	0.0	0.0	0.0	0.0	0.0	0.0	0.0	0.0	0.0	0.0	0.0	0.0	0.0	0.0	0.0
S7-male-2	-0.10140907533551032	-0.33529556127951143	0.2521911914312905	0.005991251074267216	0.056021540875604556	-0.0363384695795801	-0.04255278662611061	-0.034254738877434125	0.05618728539664022	0.010646882685135901	0.019130931845194026	0.015322400729233354	-0.003880624420467211	-0.0656218311436822	0.03670864716443261	-0.03363334917845334	-0.00903071942466851	0.024187740250503142	0.009484328169994814	0.005100355654302992	0.029566596622875186	-0.0023958006561774024	-0.010652615738945676	-0.006385625692126265	-0.011101546077697253	-0.016184510180781052	-0.006705918339766108	0.01200555331273011	0.0028509236534608687	0.029482431295763722	0.01798558483871462	0.0005746471316470441	0.008321555628102226	-0.007860235426319527	-0.031769177623200945	-0.012267954517189072	-0.01727564623161294	-0.02880185769252418	0.058324903249783344	-0.004284799299920548	0.004227105352034944	-0.00429968587640976	-0.0002986141848023303	-0.015080281452173605	-0.03890110841307853	-0.044327474601991865	0.004824442310821743	-0.004035748570393604	-0.0033161798026535775	-0.002822133132053317	0.0023042122484905336	0.013480312944714804	-0.013893724054929262	0.031373069913341226	-0.0016443542032775218	0.005356637235353269	0.013877406205745117	-0.01092307747065606	0.01109791323463431	0.02047244833517712	-0.0067659430888246256	-0.012393952924072969	-0.011387844802260004	0.010430304387074409	-0.009097142742567047	0.007314222127636058	0.004905798585321402	-0.008594290806126828	-0.004088383187167688	0.008697180804462636	-0.006297404075966778	-0.013445602779864962	-0.00958686697731407	-0.02980121119142323	-0.017476876622358594	-0.005956205336291487	-0.004065292451928053	0.002305182903219545	-0.009091003032553516	0.0007054820460635772	-0.007146485349244538	0.001574768193357141	-0.00642304050438058	-0.00875108504148455	0.016460479094768728	-0.00016658672543289448	-0.0016777818587422723	-0.0015277385429211467	5.0854167800058636e-05	-0.008590688922540165	-0.008208535605780847	-0.0085186996447144	0.004563571606435856	-0.001685927698919776	-0.004623060781927563	-0.011068834211434403	-0.002098808314360282	-0.00875086445705276	0.0029990149989934517	-0.010328372945730007	-0.003655005937073358	0.0010471159032106813	0.0038543625085305216	0.005236537826561962	0.0024837007728939152	-0.002028196126696822	0.0009029085747783767	0.0021948830604649086	0.0	0.0	0.0	0.0	0.0	0.0	0.0	0.0	0.0	0.0	0.0	0.0	0.0	0.0	0.0	0.0	0.0	0.0	0.0	0.0	0.0	0.0	0.0	0.0	0.0	0.0	0.0	0.0	0.0	0.0	0.0	0.0	0.0	0.0	0.0	0.0	0.0	0.0	0.0	0.0	0.0	0.0	0.0	0.0	0.0	0.0	0.0	0.0	0.0	0.0	0.0	0.0	0.0	0.0	0.0	0.0	0.0	0.0	0.0	0.0	0.0	0.0	0.0	0.0	0.0	0.0	0.0	0.0	0.0	0.0	0.0	0.0	0.0	0.0	0.0	0.0	0.0	0.0	0.0	0.0	0.0	0.0	0.0	0.0	0.0	0.0	0.0	0.0	0.0	0.0	0.0	0.0	0.0	0.0	0.0	0.0	0.0	0.0	0.0	0.0	0.0	0.0	0.0	0.0	0.0	0.0
S7-male-3	-0.07978149374473917	0.004107737432130175	-0.0028643242502264543	0.009126125878035685	0.0006464333402994304	0.11401556188978439	-0.07906398270364125	-0.07109917772699251	0.054163497209304225	-0.013222987827505356	-0.0606559534474716	0.042535298290216114	-0.05583722915422815	-0.0305569086907751	0.04026527909752967	-0.034330823192202715	-0.036547986661449074	0.04846891024533276	0.0330536516330505	-0.010095216168777694	0.05394205009978837	-0.04056520535691458	0.06348536543331429	0.08918453635468283	0.009592664925400738	-0.0764470380154194	-0.03535665195194433	-0.029973913506923286	-0.06950329532826523	0.016032501749574046	0.02723428202844167	0.04454141434134618	0.0005763239050410982	0.004192773846327407	-0.020428870355381247	-0.005925653286355053	0.01140550261532326	-0.022478807195388317	0.008072290091117172	-0.005947628783674148	-0.009809831041576452	0.015639339720297032	0.024656060063471937	-0.02216140458564414	0.0006251601914401158	-0.027552911608618575	-0.027903773933666415	0.02054035148253299	-0.00024582317324545357	-0.019187109869145222	0.009425805259834538	-0.007055772253294667	-0.030393735470090083	-0.014717421510581799	-0.01037900990256298	0.004193977659029652	-0.014539868134037145	-0.03391143162391112	0.005059890717311284	0.014959958975253242	-0.02031765902569382	0.007358493806608111	-0.01612156489660473	0.009785593924818545	-0.010194627923469668	-0.0026027821207765026	-0.020944926206219093	-0.014160036617849132	0.01790016574313634	0.00538876896067318	-0.003828747597175632	-0.052311731042783256	0.007506466782582651	0.014243314185282964	-0.023811915112435408	0.012775956890471528	-0.017180608258173934	-0.0321314413934263	0.02760134939746011	-0.017697818686908243	-0.0036593217786262495	0.0025557314627052026	0.01603480305739605	0.012424410270061886	-0.005923137507620913	0.017014930107470735	0.015458403262485564	-0.02052665183156811	-0.0014090744566966813	0.009688249233522208	-0.005006420600416359	0.004133848996603053	0.0032392679420915117	0.011037417799625068	-0.0031660288864837193	-0.004567332026644785	0.00903638166480078	0.000992893933787989	-0.007658728995954975	-0.0027986487036673635	-0.010569456770578255	0.0023219296350659347	0.0009655784158591891	-0.0011414581591016495	0.002352280590383514	0.0008801661544745456	-0.0007107912834397945	-0.004098358240954345	0.0	0.0	0.0	0.0	0.0	0.0	0.0	0.0	0.0	0.0	0.0	0.0	0.0	0.0	0.0	0.0	0.0	0.0	0.0	0.0	0.0	0.0	0.0	0.0	0.0	0.0	0.0	0.0	0.0	0.0	0.0	0.0	0.0	0.0	0.0	0.0	0.0	0.0	0.0	0.0	0.0	0.0	0.0	0.0	0.0	0.0	0.0	0.0	0.0	0.0	0.0	0.0	0.0	0.0	0.0	0.0	0.0	0.0	0.0	0.0	0.0	0.0	0.0	0.0	0.0	0.0	0.0	0.0	0.0	0.0	0.0	0.0	0.0	0.0	0.0	0.0	0.0	0.0	0.0	0.0	0.0	0.0	0.0	0.0	0.0	0.0	0.0	0.0	0.0	0.0	0.0	0.0	0.0	0.0	0.0	0.0	0.0	0.0	0.0	0.0	0.0	0.0	0.0	0.0	0.0	0.0
S8-female-1	-0.2308177224794884	-0.06432726237807282	-0.19141917797133795	0.1703702654755634	-0.017981429593763375	-0.09828622696100732	0.09063777898660902	0.008717822648390824	-0.10301864730684236	0.15009328414154868	-0.10401061216165078	0.14464952034773526	-0.013865039045560823	0.15087592653724305	0.13006131160906986	-0.007969382297259133	0.11889946917708903	0.14606929312715167	0.030720190589964152	0.09528062029099847	-0.021334847429622644	0.05382289502378502	-0.03979689868108943	-0.004083235069699832	-0.04156719389791244	-0.04224522421200288	-0.02175985185593998	-0.034776064408866124	-0.026557302751798132	0.03777976814858308	0.015466843079858229	-0.009256363975149014	-0.016252100157620384	0.0013070083836855776	-0.010213666609009773	-0.028440611368105755	0.001526559610761457	-0.011473240972200491	0.028015938738446978	0.01850231560134916	0.006437107229128824	-0.03605144494234687	-0.02426128736617449	-0.0030340216350536334	-0.00826965841675869	-0.008203325848623608	-0.023663323824070246	-0.02369695107528534	0.015084569815782276	0.0076735550494216615	0.00024150930056698864	0.030353844497410427	0.04240016441327464	-0.020083946947354634	-0.006070070936978847	-0.03608201666379786	0.01569363008671262	-0.016921794477157113	-0.035337870607404655	0.021523799056834204	0.013898928774099274	0.022365375537625923	0.01996879364695464	-0.024992502946607775	-0.010658900457375511	-0.03298225423798224	0.014814577051795143	0.03621593725390538	0.01865692113240011	-0.03923553302473597	0.02124201062770439	0.014940845470788637	0.014672578256415767	-0.0024832304840207513	0.0031021517826345705	-0.04503021861923295	-0.013203272850348047	0.02900809113983467	0.015938113152097293	0.025133089133970166	-0.009409181965314145	-0.01036475348773328	0.04406038957670315	0.02948606882152006	-0.02436055505256402	0.0009705303893046899	-0.01974474350331102	0.011164466938967688	-0.008394639706462613	0.0017258617666219534	0.013094840567667809	0.01000385768712979	0.01465443304374097	-0.0014387362957189863	0.008564774694327693	-0.00953381295107181	-0.002301027211248362	-0.0033741825335449217	0.0006293089072215405	-0.0024085368729184924	-0.003291412988197106	0.004967988782496121	0.004609624585200597	0.006041343768362584	-0.0021970338147574695	-0.0004069276096766484	-0.0014988844792523123	-0.0014451808013875177	0.0	0.0	0.0	0.0	0.0	0.0	0.0	0.0	0.0	0.0	0.0	0.0	0.0	0.0	0.0	0.0	0.0	0.0	0.0	0.0	0.0	0.0	0.0	0.0	0.0	0.0	0.0	0.0	0.0	0.0	0.0	0.0	0.0	0.0	0.0	0.0	0.0	0.0	0.0	0.0	0.0	0.0	0.0	0.0	0.0	0.0	0.0	0.0	0.0	0.0	0.0	0.0	0.0	0.0	0.0	0.0	0.0	0.0	0.0	0.0	0.0	0.0	0.0	0.0	0.0	0.0	0.0	0.0	0.0	0.0	0.0	0.0	0.0	0.0	0.0	0.0	0.0	0.0	0.0	0.0	0.0	0.0	0.0	0.0	0.0	0.0	0.0	0.0	0.0	0.0	0.0	0.0	0.0	0.0	0.0	0.0	0.0	0.0	0.0	0.0	0.0	0.0	0.0	0.0	0.0	0.0
S8-female-2	-0.14114337452299416	-0.37058225247138127	0.1988341903054191	0.022618661433963124	0.08789359542422322	-0.06994936905030881	-0.010164797338014274	-0.008694844657243624	0.08238624824316765	-0.028137691088759593	-0.0034837451362168125	-0.018147575489584337	-0.028230932396420248	0.03367212671225239	0.10638166264668351	-0.005277581962277753	0.029747363668864397	0.0045263207369762234	0.018206546407945463	-0.0011334359591898425	-0.05073415022783377	-0.003326532404531982	0.02636387348269231	0.05518292101187064	-0.0006109028970304152	-0.01137889796205226	0.003173904428856081	0.00472978329926974	-0.012345442214201826	0.00983553589816694	-0.027215167029002115	0.008070406140917365	0.011348341733318014	0.008051416000116397	0.011867865708438315	-0.0009553690572081995	0.013234979287213141	0.026682196309845137	-0.005244461016737156	-0.010199473500341274	0.009819438852147666	-0.00864679658195716	-0.0022617768213318407	0.0055322963374983	0.006745862258007399	0.013078503261316984	-0.024833297636386444	0.00936196246283504	-0.0034413386136570366	-0.022468184120783902	-0.019910416131852317	0.025740247770924325	0.01231113562540786	-0.015391710500920964	0.015214960082418964	0.019606096264714764	0.010153903026399859	-0.0019400549720105635	-0.020969511865801625	0.0034963993835595898	0.003244603037460771	-0.019194912308334814	-0.020533939822651007	-0.005315638608795318	-0.0064703802667824325	-0.001555474002814976	-0.008742833878667554	-0.005354718270396411	0.001646059933137387	-0.0027209954719828286	-0.0199425473606093	-0.0018330160984539928	-0.002823442471789958	-0.018179936651273508	0.017373263409725552	0.012607352605312438	0.012239475587115118	0.015324382233523295	0.002024670321212034	0.006938659088320865	-0.0024301321017228144	0.003956030827080235	0.007498335588474628	0.001257504457805123	0.004831120178187487	-0.008864423309190655	0.001401199614416221	0.005632780028947693	-0.011537482209379602	-0.011877571386453359	-0.005761759621293073	-0.001203314340665618	-0.0004456583250971292	0.004160989856176867	-0.013007999321928624	-0.003825247462217376	0.011074614103984715	0.0030687150023221994	-0.010968721995291319	-0.0037401238025391572	0.010094371719717445	-0.002596501199880097	0.002772233907973806	0.00019532532268633687	-0.0008603148726795909	-0.0008650041470810145	0.00239314914470674	-0.0016441946831035688	0.0	0.0	0.0	0.0	0.0	0.0	0.0	0.0	0.0	0.0	0.0	0.0	0.0	0.0	0.0	0.0	0.0	0.0	0.0	0.0	0.0	0.0	0.0	0.0	0.0	0.0	0.0	0.0	0.0	0.0	0.0	0.0	0.0	0.0	0.0	0.0	0.0	0.0	0.0	0.0	0.0	0.0	0.0	0.0	0.0	0.0	0.0	0.0	0.0	0.0	0.0	0.0	0.0	0.0	0.0	0.0	0.0	0.0	0.0	0.0	0.0	0.0	0.0	0.0	0.0	0.0	0.0	0.0	0.0	0.0	0.0	0.0	0.0	0.0	0.0	0.0	0.0	0.0	0.0	0.0	0.0	0.0	0.0	0.0	0.0	0.0	0.0	0.0	0.0	0.0	0.0	0.0	0.0	0.0	0.0	0.0	0.0	0.0	0.0	0.0	0.0	0.0	0.0	0.0	0.0	0.0
S8-female-3	-0.015484407148797235	-0.06566120737978838	-0.0901497698659696	-0.06465998345296532	0.05160583151882744	0.11237844943299151	-0.15946951915218607	-0.02828884158753821	-0.00166589269211148	-0.005518642848121472	-0.029780294653932667	-0.02967692599750522	-0.0005569368407460631	-0.023387053035017827	-0.04277014877490534	-0.07672703351696578	-0.009145109454438121	0.1274405796204992	0.07839326026906952	-0.044156033465898	-0.046306172167791	0.0009651881400812392	0.02216341965114944	-0.021399960193223426	-0.01662270127514917	-0.00557255943698388	0.019556091104970804	-0.046604349566204045	-0.005782769499457443	-0.0032199837439281626	0.0351140425174112	-0.03043183570474921	0.08500972144861398	0.03313852099195581	-0.035837338580656665	0.025587178759648794	-0.03040796989977102	-0.017054186561946162	0.05262505025422969	0.031173739562320505	0.02569454520618767	-0.021005446492052212	-0.015457187639504082	0.00800017069362925	0.01815451905321314	0.034995291263307915	0.017448628993262272	-0.02193485043590547	-0.01705671468728402	-0.004430935158852656	0.06162633711764688	-0.0019979492255023257	0.001333713258862538	0.03401673707138156	-0.03743851647452213	0.018323177349380642	0.0342002295846988	0.03667475760299175	-0.04822295155422433	0.0007015045213214915	0.02707037356181978	-0.017002530437011155	-0.010165538444609417	-0.02685779647738079	0.030615689897509294	-0.013931812327981994	0.02999625523822117	-0.005902213303224216	0.007478522633838717	0.01405240811925215	0.00114243261787096	0.00644738599086187	0.013906702966121648	0.005434012570453054	0.023604115001453936	0.0017920749363414116	-0.009784437674386706	-0.01068972289128481	-0.00416656052848706	-0.012245943377261736	0.003463098480725279	0.003612194389191572	-0.005467962041143498	0.012991387111417388	0.00332773462116696	-0.0036671748793614457	-0.008861408813900159	0.016656336328551985	0.010587525763122566	-0.009183150873549548	0.005971562610732594	-0.00996174405675682	-0.015360063049875883	-0.010150747857622433	-0.00048059863468396537	0.0030871531869946737	0.011678917096658931	-0.0009837132102942332	-2.176180407104e-05	-0.004449539864393552	-0.005569383389197889	0.009376457784617305	9.531112880726456e-05	0.0017049127174198757	-0.0007432363924379943	5.841962152695759e-05	0.003932123760238558	0.0012655636169584305	0.0	0.0	0.0	0.0	0.0	0.0	0.0	0.0	0.0	0.0	0.0	0.0	0.0	0.0	0.0	0.0	0.0	0.0	0.0	0.0	0.0	0.0	0.0	0.0	0.0	0.0	0.0	0.0	0.0	0.0	0.0	0.0	0.0	0.0	0.0	0.0	0.0	0.0	0.0	0.0	0.0	0.0	0.0	0.0	0.0	0.0	0.0	0.0	0.0	0.0	0.0	0.0	0.0	0.0	0.0	0.0	0.0	0.0	0.0	0.0	0.0	0.0	0.0	0.0	0.0	0.0	0.0	0.0	0.0	0.0	0.0	0.0	0.0	0.0	0.0	0.0	0.0	0.0	0.0	0.0	0.0	0.0	0.0	0.0	0.0	0.0	0.0	0.0	0.0	0.0	0.0	0.0	0.0	0.0	0.0	0.0	0.0	0.0	0.0	0.0	0.0	0.0	0.0	0.0	0.0	0.0
S8-male-1	-0.08090975314544963	-0.07339318515048052	-0.04303405143004043	-0.0128288606166159	0.12024562604269648	0.2181191066880196	0.027263799028495097	0.06213123933752556	-0.008959274769488285	-0.04870208530925175	0.08626569499053212	0.05496526487153292	-0.03342113809402585	0.0612686134753543	-0.10406612867800583	0.10922244410837018	-0.005188672220118784	0.026921653512138908	0.01401538046280548	0.002858011785598502	0.03363769331938199	0.022397715874171834	-0.004310825255027335	-0.05282390866285062	0.04054332660990934	0.019846531296965137	-0.036390147703735394	-0.021248233210423014	-0.02015099587435083	-0.039302232096863766	-0.007592101301214624	-0.0135125471974207	0.030779684393061377	-0.05915270091652821	0.009608241602770642	0.006776263878194037	0.005539473896505322	-0.02769461559588733	-0.07074021022919673	-0.07271433327925633	-0.018237119348124976	0.04521436875520451	0.004392488269957622	-0.023193289213360658	-0.01344935149888799	0.018360252995086857	0.012131038384282113	-0.02594016620445603	0.026149638243998956	-0.03548637922229775	-0.013653404075332073	0.004602015121521689	-0.0016860372383528724	-0.017666120610765123	-0.020483773316372106	0.005646711794011262	0.00047626964072494633	-0.015614868793765934	-0.0017428483915910248	0.01744813140820635	-0.0023140773909681588	0.004326456518513939	-0.019551727369414133	0.007384315407267614	0.004073268726920318	0.01981455460740008	0.008898726906970758	0.011821176132977283	-0.00901201425168616	0.0016098575010368337	0.0067660454119468595	0.00622512302964749	-0.008139595067019228	-0.014427639636971523	-0.008591296951484763	0.0005220907228335205	0.016387464220139283	0.01622661814011911	-0.007663931351088108	0.028605246872164824	-0.013684375539732266	0.009433931510985257	0.006792647814702242	-0.003821788840683422	0.01038168611816456	0.0018901718171686621	-0.008463765483977159	0.017599954414756185	-0.0014996058785866151	-0.011169893494363635	0.01740683817026709	0.006262721195295103	0.0002735180190981576	0.003726348311918567	-0.002027996132131962	-0.013170226580359804	0.0026084050839729664	-0.009168843421440821	0.008229153782943668	-0.0002653898339894248	0.0037016050976381924	0.000662928407181259	0.01062072853466697	-0.0005761658602169001	0.000800801653241712	-0.0006963638324273438	0.0005834408208307976	-0.0015763042542301156	0.0	0.0	0.0	0.0	0.0	0.0	0.0	0.0	0.0	0.0	0.0	0.0	0.0	0.0	0.0	0.0	0.0	0.0	0.0	0.0	0.0	0.0	0.0	0.0	0.0	0.0	0.0	0.0	0.0	0.0	0.0	0.0	0.0	0.0	0.0	0.0	0.0	0.0	0.0	0.0	0.0	0.0	0.0	0.0	0.0	0.0	0.0	0.0	0.0	0.0	0.0	0.0	0.0	0.0	0.0	0.0	0.0	0.0	0.0	0.0	0.0	0.0	0.0	0.0	0.0	0.0	0.0	0.0	0.0	0.0	0.0	0.0	0.0	0.0	0.0	0.0	0.0	0.0	0.0	0.0	0.0	0.0	0.0	0.0	0.0	0.0	0.0	0.0	0.0	0.0	0.0	0.0	0.0	0.0	0.0	0.0	0.0	0.0	0.0	0.0	0.0	0.0	0.0	0.0	0.0	0.0
S8-male-2	-0.019594347561401784	-0.3426352308434683	0.17723580805305253	-0.20936984304059467	0.06671417621917508	0.06579293751166553	-0.03175938805187535	-0.03694370568427348	0.007585612512860659	0.07855492759015122	0.058059827296852204	0.03440436456478399	0.01601782463583528	0.04431532369166572	-0.011324271586963799	-0.010384897402727614	0.024797829901832123	0.017578862036407312	-0.025831063950300985	0.02667654969737983	0.0026723249244896396	0.019241077039272428	-0.019165624917842405	-0.02942502564018879	-0.0068531857709588345	0.0042070700879842625	0.00814965358799324	-0.058644666420602225	-0.011181145994466995	-0.014029833694011944	0.010232929627114189	0.0016830205248572479	0.01726126546427588	-0.048435401837559594	0.02422915130217004	0.009373812214095726	0.0036400796399808795	0.012477063041352649	-0.028762708925277325	-0.0065492066071710054	0.018127090858469565	-0.041635861013048316	-0.012706736265669955	0.03731237053298572	0.027886114566768032	0.01675950253846792	-0.003943059742465489	0.012703045572884509	-0.0003782078945530569	-0.004752461941103286	-0.018445288679902586	-0.0007639665053896705	0.005153549507343416	0.00761842121953559	0.029033783215349336	-0.009257914386664536	-0.016865582077784918	0.015756140265829974	0.0006899794770691679	-0.007056026331646885	0.005556983390796152	-0.002551761556976303	0.009256191322081149	-0.013864547392091163	0.006160908897159757	0.007125432281732485	0.01752715628490336	0.0006030336099530684	0.013607092240554619	-0.013453452234091159	0.002109994846282689	0.0028333580345814395	-0.00905790972500992	0.014121986286873722	-0.008544357733008944	-0.007948755805452052	0.0068474481953887485	-0.005427919348113515	-0.01867703701277487	0.005209672094266543	-0.005792417505368133	-0.0025057321538430343	-0.006911628345105405	-0.008783729817541542	-0.0017366051788667261	-0.010658073981199155	-0.0069333193656452375	-0.001896286217925048	-0.0005925870589754968	-0.0006534933298577622	0.009122587719749138	0.0029880383660815216	-0.0011996991485824136	-0.006345212154650675	-0.007398680364006065	0.014664979838462731	9.070759709079785e-05	0.0073790314059930945	-0.003989025905124539	0.002340430663626082	0.0008899949426926167	0.0009614133144609562	-0.0003689482594961394	0.005717401989109927	0.0020700487549454674	0.0009921271828455273	-0.0005883088563642657	0.0016323123296282007	0.0	0.0	0.0	0.0	0.0	0.0	0.0	0.0	0.0	0.0	0.0	0.0	0.0	0.0	0.0	0.0	0.0	0.0	0.0	0.0	0.0	0.0	0.0	0.0	0.0	0.0	0.0	0.0	0.0	0.0	0.0	0.0	0.0	0.0	0.0	0.0	0.0	0.0	0.0	0.0	0.0	0.0	0.0	0.0	0.0	0.0	0.0	0.0	0.0	0.0	0.0	0.0	0.0	0.0	0.0	0.0	0.0	0.0	0.0	0.0	0.0	0.0	0.0	0.0	0.0	0.0	0.0	0.0	0.0	0.0	0.0	0.0	0.0	0.0	0.0	0.0	0.0	0.0	0.0	0.0	0.0	0.0	0.0	0.0	0.0	0.0	0.0	0.0	0.0	0.0	0.0	0.0	0.0	0.0	0.0	0.0	0.0	0.0	0.0	0.0	0.0	0.0	0.0	0.0	0.0	0.0
S8-male-3	-0.020224898421676813	-0.0552185113671005	-0.0473712870418454	-0.12217877179492058	0.06805488801262373	0.1482906643419236	-0.04250379453643812	0.07035232893299012	-0.04227321196057433	0.022751396224959596	-0.04803721813432743	-0.0002514537194776179	-0.03719096540661554	-0.021856411142265674	-0.06039314977439698	0.0023472361937555424	-0.07262750221154679	-0.02895069158562396	-0.0005126505579612192	0.06729816080016576	0.08488342405175744	-0.03882990185432335	-0.1381332093565879	0.10600469038154645	0.019011885492460648	-0.03534200139516553	0.02580474506113002	0.02063324114407869	0.03149222230943257	0.022635544304273145	-0.020548866893403156	-0.06345078972912753	-0.01122803307900327	0.01842641848904026	0.005534539298412022	0.0030388727119297276	-0.01745222099280069	-0.004115243709282602	0.013221002957460799	0.01751874240445047	0.030841311781354103	0.005897882911184977	0.008782046161645761	-0.024779716600157865	-0.0170327077607335	0.024611755839933705	-1.6331127159894224e-05	0.004070933173898783	-0.0028269129488904697	0.003127699005198163	0.0073607593136263355	-0.026463847285838095	-0.017114277591780497	-0.014535242808723378	0.025583676725199837	0.019514997585034107	-0.009757795271984882	0.012839272743919498	0.04882811665886335	-0.026582279443637075	0.018922095146942867	0.0025860913967960483	-0.026073004233312505	-0.02279128448366818	0.004853657923481482	-0.011751400512899454	0.027139752891375737	0.0057090543653142735	0.018133187350021857	-0.013209915719729598	0.017567798614293473	0.0016574410298687194	0.02584596039474293	-0.012859974858996573	-0.026384954759301037	-0.0066736905630888285	-0.008869933299915981	-0.00835413057536462	0.024572709305610833	-0.013428476735757037	-0.01078542679040096	-0.003891353990817065	0.0061635765995979004	0.020336491182664864	-0.008246047423712852	0.004493164749825028	0.002314573663079832	0.010689730385835365	0.005947544326208449	-0.005595334811151114	-0.0012690973957575596	0.01502050248464925	0.003377725394479136	-0.005292555981956504	-0.0029553971542704087	0.004320004251874657	-0.000610558624457153	0.01056820751497794	-0.0006978141246223649	0.0013302106006048747	0.005319295256317853	-0.0012148027923709174	-0.011900853217959955	0.007403001613719137	-0.004162899951210855	-0.0018209942329489007	0.000744371562449031	-0.0012013874023558055	0.0	0.0	0.0	0.0	0.0	0.0	0.0	0.0	0.0	0.0	0.0	0.0	0.0	0.0	0.0	0.0	0.0	0.0	0.0	0.0	0.0	0.0	0.0	0.0	0.0	0.0	0.0	0.0	0.0	0.0	0.0	0.0	0.0	0.0	0.0	0.0	0.0	0.0	0.0	0.0	0.0	0.0	0.0	0.0	0.0	0.0	0.0	0.0	0.0	0.0	0.0	0.0	0.0	0.0	0.0	0.0	0.0	0.0	0.0	0.0	0.0	0.0	0.0	0.0	0.0	0.0	0.0	0.0	0.0	0.0	0.0	0.0	0.0	0.0	0.0	0.0	0.0	0.0	0.0	0.0	0.0	0.0	0.0	0.0	0.0	0.0	0.0	0.0	0.0	0.0	0.0	0.0	0.0	0.0	0.0	0.0	0.0	0.0	0.0	0.0	0.0	0.0	0.0	0.0	0.0	0.0
S9-female-1	-0.06983820977175831	0.01790662735218727	-0.11659159498460353	-0.05122248914977807	0.07578046663693959	0.09287235665397324	-0.08414099153706184	-0.031005948500486803	0.01633045328492666	0.05927109943239861	-0.016289696474701333	0.041615467411476474	-0.11288221735584865	0.02878047495226191	0.031001706198427254	0.015533433428910271	-0.040871972819254934	-0.07915211034317049	-0.01373600613314626	-0.02755623911138709	-0.08711347375336495	-0.025790972578263557	-0.03563154849443533	0.031011018144473986	0.026292858383378637	-0.0135171563098558	0.060034914715209234	0.051845108021973514	-0.0098258510331758	-0.01919278159927388	-0.02663408415739794	0.015383828846799286	-0.025043585255137203	-0.009494320173981552	0.045399714573921585	0.01650983053763058	0.006491730096126471	0.01386152235923496	0.006699923083392248	-0.02274672804575748	0.011377166020550502	0.015074300360709322	0.021984485513387657	0.0017067242427967109	-0.0222220849129887	-0.005875149712095185	-0.015368265662178424	0.04603983611359194	-0.03487166266747541	0.0011463741141981001	-0.017768064303821707	0.014188218245630166	0.003998697104913989	0.021227898003567808	0.017401601635010817	-0.003413058123933366	-0.022158517363093162	-0.03145135195937581	0.008097535691254694	0.015046977112741649	0.00539033590150407	0.024029186760148903	-0.015467360362073336	-0.013465395784404094	0.004564485353916829	-0.00577711923323909	0.024684230992677934	0.020566241500226023	0.014871266051437959	0.02625138887147415	0.006720423753354887	-0.0072664563139093604	0.012018974515772874	0.021460755834631758	0.02037158831962515	-0.006969544289372559	0.0009548832892254292	0.015884028433991927	-0.013429204007060698	-0.01905344002530401	0.005668671776269973	0.009059520691529073	0.004775280148606447	-0.004437758103001034	0.00831574668830559	-0.00684641489788183	0.010530099880911076	-0.0004927640493546708	0.0029077617560241006	-0.00043982283604753077	-0.0004704920092935659	-0.001238931202441017	-0.01011098606717739	0.011528541778553687	0.003832005051689972	-0.0035504891827029114	-0.0009585917253534204	-0.005021666381010029	-0.0017456362405186103	0.0022534603533171074	-0.00038458468898314147	-0.004392697087613613	0.00388506956378984	-0.000607171947811723	-0.0030720492194799	-0.0020632763365307496	-0.003463888242679953	0.001275603813282809	0.0	0.0	0.0	0.0	0.0	0.0	0.0	0.0	0.0	0.0	0.0	0.0	0.0	0.0	0.0	0.0	0.0	0.0	0.0	0.0	0.0	0.0	0.0	0.0	0.0	0.0	0.0	0.0	0.0	0.0	0.0	0.0	0.0	0.0	0.0	0.0	0.0	0.0	0.0	0.0	0.0	0.0	0.0	0.0	0.0	0.0	0.0	0.0	0.0	0.0	0.0	0.0	0.0	0.0	0.0	0.0	0.0	0.0	0.0	0.0	0.0	0.0	0.0	0.0	0.0	0.0	0.0	0.0	0.0	0.0	0.0	0.0	0.0	0.0	0.0	0.0	0.0	0.0	0.0	0.0	0.0	0.0	0.0	0.0	0.0	0.0	0.0	0.0	0.0	0.0	0.0	0.0	0.0	0.0	0.0	0.0	0.0	0.0	0.0	0.0	0.0	0.0	0.0	0.0	0.0	0.0
S9-female-3	-0.26518785389942884	-0.07508870517744387	-0.10666762626741812	-0.012235230919384592	-0.05445364302402106	0.008325274029457147	-0.07579625160321245	0.04087250673024446	-0.02744464083922058	-0.02399189403465888	0.04096774368808874	-0.07649781530816012	-0.01983908243671504	-0.02834181460430106	0.009369936438616873	-0.004784649086498403	-0.012010578351661774	-0.00010120548733810454	0.029064952482957967	0.011239403087424823	0.045570743318945936	-0.022807505918489776	0.027262679246954993	0.018271390077717595	0.014149752771541966	-0.023818335932829594	0.02044506763606403	0.028048414355174026	0.0379904418081774	-0.011033394930920861	0.009536180527986464	0.017309841005958948	0.0015338091975554658	-0.01555758242264316	0.009037214184185308	0.017132665344044336	-0.008173863529804882	0.03098223097558486	-0.030699083558572773	0.014221739511247139	0.03355225924852938	0.016884847598810697	-0.011468347362368347	0.008150002087566534	-0.003424543927249583	0.0017131805498227014	-0.025685006176382686	-0.0036829572139829543	-0.028075207167916557	-0.004665474826979401	-0.00010408547958791904	-9.737132243432588e-05	-0.023504563238978364	0.014655745508577506	-0.010085887108986486	0.0014267033898400093	0.008824858775556802	0.00839801437348727	0.0068124340330761686	-0.026289852219769715	0.025564995731655212	8.684721482150846e-05	0.013519319173173368	-0.0051574379189290665	0.022514622056041985	-0.01208756289814257	0.005839536200152076	-0.006454519295447622	0.014360261154334647	-0.011432646202302268	-0.0012535017274763799	0.006349751718469633	0.013095235894038522	-0.03250833762039015	-0.029811578717575796	-0.05108092712855894	-0.011642992470611178	-0.04657946768022386	0.005530050369482899	-0.0027833121296929834	0.002006243929816002	-0.0018505799294538817	-0.0036164784311640222	-0.0022251643205481028	-0.011289057972681477	0.004605666689340159	-0.008153058985638277	0.011581663377096329	-0.025773032049826814	0.008127789449265573	-0.012783790173436876	0.0018533409555511354	-0.004334648950128684	0.007431208975694547	0.011399961101941173	0.003081626739045584	-0.012043892510681515	-0.003966811410026564	0.01056836126085466	0.004811716159582554	0.001070260665672357	-0.0017725969340640752	-0.0038347235959469202	0.001457677246315768	0.00046769291655549553	0.001205439953285168	9.077250368355286e-05	-0.00021931506409982753	0.0	0.0	0.0	0.0	0.0	0.0	0.0	0.0	0.0	0.0	0.0	0.0	0.0	0.0	0.0	0.0	0.0	0.0	0.0	0.0	0.0	0.0	0.0	0.0	0.0	0.0	0.0	0.0	0.0	0.0	0.0	0.0	0.0	0.0	0.0	0.0	0.0	0.0	0.0	0.0	0.0	0.0	0.0	0.0	0.0	0.0	0.0	0.0	0.0	0.0	0.0	0.0	0.0	0.0	0.0	0.0	0.0	0.0	0.0	0.0	0.0	0.0	0.0	0.0	0.0	0.0	0.0	0.0	0.0	0.0	0.0	0.0	0.0	0.0	0.0	0.0	0.0	0.0	0.0	0.0	0.0	0.0	0.0	0.0	0.0	0.0	0.0	0.0	0.0	0.0	0.0	0.0	0.0	0.0	0.0	0.0	0.0	0.0	0.0	0.0	0.0	0.0	0.0	0.0	0.0	0.0
S9-male-1	-0.2196378083052359	-0.11144213472318604	-0.03288824508266423	0.14917118772246243	-0.023717123377960014	0.058250914840397225	-0.042408590053434746	0.10155157339889367	0.020181353143736227	-0.0722646274401814	-0.029894565564259328	-0.032810296640560496	-0.021438038962937025	-0.047152251004936446	-0.030272440286324736	0.05033854227830263	0.023714660430239388	-0.06309209740794133	0.011467508427820619	-0.004248703831745171	0.03101054599662832	0.0034561264985420886	0.05357722753562617	-0.012627182444309626	-0.035376815772320915	-0.021325415821200323	-0.043307726235388345	0.034914470422040676	0.012368079770341388	0.008689826764066218	0.021196515056792903	0.004422991910113855	-0.02765055271562947	0.002302650575805369	0.024787642259630524	-0.033139264923756066	-0.019991255093313898	0.008445478666809253	0.015024316070434626	0.005134588273895833	-0.025244026537764672	0.016476082050943475	0.028387584852486852	-0.025868038913326317	-0.03449835232370044	0.0024708529326593243	0.08320783969084432	-0.02491755713215065	0.03463899199966623	-0.0470023850391011	0.08305022286418542	0.035594980874803166	0.05980554462610486	-0.014973019552497725	0.031505810194782616	0.07867702230708698	0.031239914250895725	0.010754342079827731	0.035923039402695145	0.004518288947070974	-0.0015198524476771234	0.0066217373716679255	0.0082251251416697	-0.040416897198468055	-0.0481314420747903	0.02723666344448199	-0.025996360435673077	0.006520022215625113	0.012394472922427464	0.0346530668280432	-0.011521702308094418	0.010662075629481588	-0.0034673358643467545	0.018702812731182544	0.016915064477056964	-0.015109659421233051	0.008915356851615515	-0.008477262896429952	-0.010714844863768867	0.0016083738170922979	0.002952549481740776	-0.0152857561773132	0.010204373482155337	-0.001566967056413607	-0.012244045076496072	-0.003885658030633451	-0.0013736908998329984	0.018915611583631465	-0.008559979227318732	0.02125046989342116	0.011318653197046419	-0.0023083130010599414	0.005669949295690562	0.0027156042438823942	-0.003501499741221525	-0.0004911439886010427	-0.003335831741344193	0.00670471393638488	-0.005688415246754907	-0.003709782577402499	0.009878250754203004	-0.0023125105989884776	0.0009935857667456066	0.0008451167452544721	0.001320768193535472	-0.0005180597605168641	-0.0005400644694635841	-0.0012424127911686868	0.0	0.0	0.0	0.0	0.0	0.0	0.0	0.0	0.0	0.0	0.0	0.0	0.0	0.0	0.0	0.0	0.0	0.0	0.0	0.0	0.0	0.0	0.0	0.0	0.0	0.0	0.0	0.0	0.0	0.0	0.0	0.0	0.0	0.0	0.0	0.0	0.0	0.0	0.0	0.0	0.0	0.0	0.0	0.0	0.0	0.0	0.0	0.0	0.0	0.0	0.0	0.0	0.0	0.0	0.0	0.0	0.0	0.0	0.0	0.0	0.0	0.0	0.0	0.0	0.0	0.0	0.0	0.0	0.0	0.0	0.0	0.0	0.0	0.0	0.0	0.0	0.0	0.0	0.0	0.0	0.0	0.0	0.0	0.0	0.0	0.0	0.0	0.0	0.0	0.0	0.0	0.0	0.0	0.0	0.0	0.0	0.0	0.0	0.0	0.0	0.0	0.0	0.0	0.0	0.0	0.0
S9-male-2	-0.06970888920567964	-0.38113401892566656	0.22612439684848198	-0.026878813866391182	0.06346735035884186	0.02440971468688221	0.07278354205083919	0.024818123971419147	0.03750291545157927	0.01554480834513961	0.052101575358427604	0.0353750592346418	-0.020919469409750785	-0.01516119377622024	-0.006262894747193437	0.03465465035952804	0.00608789581097129	-0.035110860838419126	0.024944612203053718	0.02246080979087045	-0.0034295572392811246	0.05245455946771528	-0.04121181716825419	0.008732923649647489	0.01415710817074163	-0.039053483267181666	-0.013073796713260241	0.056523157325464625	0.008181641977136054	-0.010233187917527987	0.004433361342555115	0.016517006377566198	-0.012039244494983503	0.008744673882675387	-0.019396054899956956	-0.014726784227971097	0.02582712046011349	0.015071543926191106	-0.004084346280620418	0.03098044793214761	0.005978457829111068	0.03680662586088686	0.005826694802799225	0.013483848864510397	-0.01977621567829913	-0.027918623279356798	0.014550734840478587	-0.013261999924790284	0.001386737554945149	-0.01600050206570326	0.009457298599712288	0.007705084145956467	0.013740293624203382	-0.021937301018954462	0.008960940135018856	-0.019753853593420804	-0.013611568788206348	-0.010392903659809114	-0.007635760896167763	0.026438200048676693	0.02624486135783534	0.029628230764187802	0.016047023044526418	0.012794876662584002	0.02811078875623218	-0.021278608965130542	0.019091536609043135	-0.006086008098133299	0.02111979160940236	-0.011716196637409335	0.005201805894154079	-0.012835591688735217	-0.013718589767032994	-0.021325582854784787	-0.005590889322916432	0.010893865748854157	0.017979215489484796	-0.0032973448775182428	0.0001962662003366365	-0.00891434978014877	0.0029875249133387723	0.001099883086936819	-0.006520926744906577	-0.004427514203694951	-0.01238509764921346	0.00599647329134652	-0.010665099113879204	-0.02325019016002933	-0.00032720613967609103	-0.024526775637891473	-0.002554459527037771	-0.002308019966974126	-0.003020803980109071	-0.0014111234420427971	-0.0009366877649305354	-0.012188932066044484	0.003394951749123406	-5.510781831937153e-05	0.009350877775766346	-0.012268281141738243	0.011577223759362144	-0.0007370162858260256	0.000387968825791231	0.003165225087717829	0.003231548640313952	0.003931834635041788	0.00041600594988281075	-0.0011682499520419161	0.0	0.0	0.0	0.0	0.0	0.0	0.0	0.0	0.0	0.0	0.0	0.0	0.0	0.0	0.0	0.0	0.0	0.0	0.0	0.0	0.0	0.0	0.0	0.0	0.0	0.0	0.0	0.0	0.0	0.0	0.0	0.0	0.0	0.0	0.0	0.0	0.0	0.0	0.0	0.0	0.0	0.0	0.0	0.0	0.0	0.0	0.0	0.0	0.0	0.0	0.0	0.0	0.0	0.0	0.0	0.0	0.0	0.0	0.0	0.0	0.0	0.0	0.0	0.0	0.0	0.0	0.0	0.0	0.0	0.0	0.0	0.0	0.0	0.0	0.0	0.0	0.0	0.0	0.0	0.0	0.0	0.0	0.0	0.0	0.0	0.0	0.0	0.0	0.0	0.0	0.0	0.0	0.0	0.0	0.0	0.0	0.0	0.0	0.0	0.0	0.0	0.0	0.0	0.0	0.0	0.0

Biplot	0	0

Site constraints	0	0
