Eigvals	194
1.3595230849152533	0.24024537130966703	0.21269234500173764	0.17875074473531685	0.1151954722965407	0.0748123304673837	0.07356967497038755	0.060613589568008774	0.04316186239337741	0.03709935501964323	0.028321215065952726	0.019548198029152822	0.014989374677091424	0.01219410176434356	0.009474771767820717	0.00842407057211024	0.006610513132541976	0.006288781628541504	0.004147793561017174	0.004002436037852983	0.0030367333373070293	0.002274885637069124	0.001811909910451437	0.001018475951206321	0.0009509900246921483	0.0007365525920911553	0.000518287763819654	0.0004369186108779236	0.0003322931322911919	0.00024766362811027046	0.00013781376873736833	7.230004010179772e-05	5.883407406296866e-05	3.271861221713825e-05	1.6255676423487927e-05	1.0314435156129429e-05	1.0932630478886503e-06	0.0	0.0	0.0	0.0	0.0	0.0	0.0	0.0	0.0	0.0	0.0	0.0	0.0	0.0	0.0	0.0	0.0	0.0	0.0	0.0	0.0	0.0	0.0	0.0	0.0	0.0	0.0	0.0	0.0	0.0	0.0	0.0	0.0	0.0	0.0	0.0	0.0	0.0	0.0	0.0	0.0	0.0	0.0	0.0	0.0	0.0	0.0	0.0	0.0	0.0	0.0	0.0	0.0	0.0	0.0	0.0	0.0	0.0	0.0	0.0	0.0	0.0	0.0	0.0	0.0	0.0	0.0	0.0	0.0	0.0	0.0	0.0	0.0	0.0	0.0	0.0	0.0	0.0	0.0	0.0	0.0	0.0	0.0	0.0	0.0	0.0	0.0	0.0	0.0	0.0	0.0	0.0	0.0	0.0	0.0	0.0	0.0	0.0	0.0	0.0	0.0	0.0	0.0	0.0	0.0	0.0	0.0	0.0	0.0	0.0	0.0	0.0	0.0	0.0	0.0	0.0	0.0	0.0	0.0	0.0	0.0	0.0	0.0	0.0	0.0	0.0	0.0	0.0	0.0	0.0	0.0	0.0	0.0	0.0	0.0	0.0	0.0	0.0	0.0	0.0	0.0	0.0	0.0	0.0	0.0	0.0	0.0	0.0	0.0	0.0	0.0	0.0	0.0	0.0	0.0	0.0	0.0

Proportion explained	194
0.5392024762186886	0.09528407464910811	0.08435622783473769	0.07089459918455569	0.04568784789362218	0.029671429847194307	0.02917857839913754	0.024040046064838182	0.01711849054933122	0.014714030467496498	0.011232519302190193	0.007753039944584342	0.00594495822287653	0.004836320868362885	0.0037578033469981963	0.0033410831803609804	0.002621805462291935	0.0024942030511527144	0.001645062583901476	0.001587412120075749	0.001204403333242305	0.0009022457817981538	0.0007186242890914192	0.0004039392644030499	0.00037717357054311613	0.00029212522091568696	0.00020555888218906168	0.00017328694121151428	0.0001317912742710388	9.822624053102165e-05	5.46585241433034e-05	2.867502662231729e-05	2.333426976914035e-05	1.2976577537864835e-05	6.447188045137772e-06	4.090823494423243e-06	4.336006862411587e-07	0.0	0.0	0.0	0.0	0.0	0.0	0.0	0.0	0.0	0.0	0.0	0.0	0.0	0.0	0.0	0.0	0.0	0.0	0.0	0.0	0.0	0.0	0.0	0.0	0.0	0.0	0.0	0.0	0.0	0.0	0.0	0.0	0.0	0.0	0.0	0.0	0.0	0.0	0.0	0.0	0.0	0.0	0.0	0.0	0.0	0.0	0.0	0.0	0.0	0.0	0.0	0.0	0.0	0.0	0.0	0.0	0.0	0.0	0.0	0.0	0.0	0.0	0.0	0.0	0.0	0.0	0.0	0.0	0.0	0.0	0.0	0.0	0.0	0.0	0.0	0.0	0.0	0.0	0.0	0.0	0.0	0.0	0.0	0.0	0.0	0.0	0.0	0.0	0.0	0.0	0.0	0.0	0.0	0.0	0.0	0.0	0.0	0.0	0.0	0.0	0.0	0.0	0.0	0.0	0.0	0.0	0.0	0.0	0.0	0.0	0.0	0.0	0.0	0.0	0.0	0.0	0.0	0.0	0.0	0.0	0.0	0.0	0.0	0.0	0.0	0.0	0.0	0.0	0.0	0.0	0.0	0.0	0.0	0.0	0.0	0.0	0.0	0.0	0.0	0.0	0.0	0.0	0.0	0.0	0.0	0.0	0.0	0.0	0.0	0.0	0.0	0.0	0.0	0.0	0.0	0.0	0.0

Species	0	0

Site	194	194
S1-female-1	-0.14170403573933366	-0.013508117416274605	-0.04983732021713933	-0.009235976516365308	0.00099126151493335	0.005743777736339377	0.002965368012490039	0.0027171058070298093	-0.011708785504488107	0.008560941975964855	-0.006631408888777244	-0.0006162632285007477	-0.0028749947918161943	-0.002621870970189744	-0.00449515884549815	0.008070057565063968	-0.0011751243800319706	-0.000529177515489159	1.9454720875377458e-05	-0.00025407931817831577	3.2689484085200946e-05	-0.001205054019255489	0.000377067322930987	-0.00042037236131637414	0.0001186186141520933	0.0007395426731621155	0.00029355415779039416	-0.00015851164211098479	-0.0022662816814094182	-0.0005370002390222469	0.0002380171078924494	-0.00015892491359622627	0.0001798021799362837	0.0007310017309974869	-0.0006175513715958914	-0.00027299628003526	1.064166166926207e-05	0.0	0.0	0.0	0.0	-0.0	0.0	0.0	0.0	0.0	0.0	0.0	0.0	0.0	-0.0	0.0	0.0	-0.0	0.0	-0.0	-0.0	-0.0	0.0	0.0	-0.0	0.0	0.0	-0.0	0.0	0.0	0.0	0.0	0.0	0.0	-0.0	0.0	0.0	-0.0	-0.0	0.0	0.0	0.0	0.0	0.0	0.0	0.0	0.0	0.0	0.0	0.0	0.0	0.0	0.0	0.0	0.0	0.0	0.0	0.0	0.0	0.0	0.0	0.0	0.0	0.0	0.0	0.0	0.0	0.0	0.0	0.0	0.0	0.0	0.0	0.0	0.0	0.0	0.0	0.0	0.0	0.0	0.0	0.0	0.0	0.0	0.0	0.0	0.0	0.0	0.0	0.0	0.0	0.0	0.0	0.0	0.0	0.0	0.0	0.0	0.0	0.0	0.0	0.0	0.0	0.0	0.0	0.0	0.0	0.0	0.0	0.0	0.0	0.0	0.0	0.0	0.0	0.0	0.0	0.0	0.0	0.0	0.0	0.0	0.0	0.0	0.0	0.0	0.0	0.0	0.0	0.0	0.0	0.0	0.0	0.0	0.0	0.0	0.0	0.0	0.0	0.0	0.0	0.0	0.0	0.0	0.0	0.0	0.0	0.0	0.0	0.0	0.0	0.0	0.0	0.0	0.0	0.0	0.0	0.0
S1-female-2	-0.1463602138921005	-0.038343245413278826	-0.025636695809879935	0.022327173822252022	-0.0008965459999367916	0.01732358210477005	0.004828270595213701	-0.0037979838649956697	0.01285374443752966	-0.009242733877592689	0.007405218603491725	0.0034140630108263734	-0.0026126502732859384	-0.005653123797582548	-0.004787897486357661	0.009077819618924154	0.002591910305130461	0.003737283805294296	0.0015383330772226792	0.002357695794698611	0.0007962336639106612	0.0021451978429606446	0.0017573590354197667	0.0010395008551930109	5.193731941485992e-05	-0.0017784155740900726	-0.00026478578714329566	0.000716408661777204	0.002484234485978524	0.0012815728894180016	-0.0007305901282315285	3.845776956899381e-05	1.6913841714776615e-06	-1.6843180027069347e-05	-5.324522990615827e-05	-0.00021458352580674796	-0.0008746074057383975	0.0	-0.0	0.0	-0.0	0.0	0.0	-0.0	-0.0	0.0	0.0	0.0	0.0	0.0	0.0	-0.0	0.0	0.0	-0.0	0.0	0.0	0.0	-0.0	0.0	0.0	-0.0	-0.0	0.0	-0.0	-0.0	0.0	0.0	0.0	-0.0	0.0	0.0	-0.0	0.0	0.0	-0.0	-0.0	0.0	0.0	-0.0	-0.0	0.0	0.0	0.0	-0.0	0.0	-0.0	0.0	-0.0	-0.0	-0.0	0.0	0.0	0.0	0.0	0.0	0.0	0.0	0.0	0.0	0.0	0.0	0.0	0.0	0.0	0.0	0.0	0.0	0.0	0.0	0.0	0.0	0.0	0.0	0.0	0.0	0.0	0.0	0.0	0.0	0.0	0.0	0.0	0.0	0.0	0.0	0.0	0.0	0.0	0.0	0.0	0.0	0.0	0.0	0.0	0.0	0.0	0.0	0.0	0.0	0.0	0.0	0.0	0.0	0.0	0.0	0.0	0.0	0.0	0.0	0.0	0.0	0.0	0.0	0.0	0.0	0.0	0.0	0.0	0.0	0.0	0.0	0.0	0.0	0.0	0.0	0.0	0.0	0.0	0.0	0.0	0.0	0.0	0.0	0.0	0.0	0.0	0.0	0.0	0.0	0.0	0.0	0.0	0.0	0.0	0.0	0.0	0.0	0.0	0.0	0.0	0.0	0.0	0.0
S1-female-3	0.04567323041223912	-0.0699673032640893	-0.04431412158648585	-0.06048262908725908	0.02674675551811007	-0.0008524510909424267	0.013866743487077633	-0.009072016564284883	-0.011477862708877051	-0.005396192187252847	-0.01327605207822511	-0.00028716303309340334	-0.005010455380692844	-0.0009429599844770475	-0.0044951978615518475	0.008215359948273618	0.0021282770970235303	0.0018356583025574645	0.0003696419671804029	-0.001252334902984939	-0.0031867024773755644	-0.003452348486693361	-0.00032654601422663277	-0.0011217122722184602	0.00017079644301897805	0.0020930440293798263	7.943269998582916e-05	-0.0006457480348124499	-0.0009875266433352651	-0.0002662409548086459	-3.3515987285441406e-06	-3.067886661659481e-06	2.9040634976798606e-05	2.846442146607764e-05	3.948300644871347e-05	-5.128455267256588e-05	1.3474843544604787e-06	0.0	-0.0	0.0	-0.0	-0.0	-0.0	-0.0	-0.0	0.0	0.0	0.0	0.0	0.0	-0.0	0.0	0.0	-0.0	0.0	-0.0	-0.0	-0.0	0.0	0.0	0.0	0.0	0.0	-0.0	-0.0	-0.0	-0.0	0.0	0.0	0.0	-0.0	-0.0	0.0	-0.0	-0.0	0.0	0.0	-0.0	-0.0	0.0	-0.0	0.0	-0.0	0.0	0.0	0.0	0.0	0.0	0.0	0.0	-0.0	0.0	0.0	0.0	0.0	0.0	0.0	0.0	0.0	0.0	0.0	0.0	0.0	0.0	0.0	0.0	0.0	0.0	0.0	0.0	0.0	0.0	0.0	0.0	0.0	0.0	0.0	0.0	0.0	0.0	0.0	0.0	0.0	0.0	0.0	0.0	0.0	0.0	0.0	0.0	0.0	0.0	0.0	0.0	0.0	0.0	0.0	0.0	0.0	0.0	0.0	0.0	0.0	0.0	0.0	0.0	0.0	0.0	0.0	0.0	0.0	0.0	0.0	0.0	0.0	0.0	0.0	0.0	0.0	0.0	0.0	0.0	0.0	0.0	0.0	0.0	0.0	0.0	0.0	0.0	0.0	0.0	0.0	0.0	0.0	0.0	0.0	0.0	0.0	0.0	0.0	0.0	0.0	0.0	0.0	0.0	0.0	0.0	0.0	0.0	0.0	0.0	0.0	0.0
S1-male-1	-0.14170403573933338	-0.013508117416274586	-0.049837320217139464	-0.00923597651636535	0.0009912615149333865	0.0057437777363393465	0.0029653680124900146	0.0027171058070297825	-0.011708785504488185	0.00856094197596485	-0.006631408888777214	-0.0006162632285005861	-0.0028749947918163096	-0.002621870970189628	-0.004495158845498304	0.008070057565063895	-0.0011751243800319612	-0.0005291775154893523	1.9454720875326524e-05	-0.00025407931817860493	3.2689484084935736e-05	-0.0012050540192558145	0.00037706732293059315	-0.00042037236131647903	0.00011861861415198789	0.0007395426731620469	0.000293554157789818	-0.0001585116421117932	-0.0022662816814111803	-0.0005370002390229519	0.00023801710789269056	-0.00015892491359532503	0.00017980217993620893	0.0007310017309981565	-0.0006175513715955661	-0.00027299628003225315	1.0641661815309227e-05	-0.0	-0.0	-0.0	0.0	0.0	0.0	0.0	-0.0	0.0	-0.0	-0.0	0.0	-0.0	0.0	0.0	0.0	-0.0	0.0	-0.0	-0.0	-0.0	0.0	0.0	-0.0	0.0	0.0	-0.0	0.0	-0.0	-0.0	0.0	0.0	0.0	-0.0	0.0	0.0	-0.0	-0.0	0.0	0.0	-0.0	0.0	-0.0	0.0	0.0	0.0	-0.0	-0.0	-0.0	-0.0	0.0	-0.0	-0.0	0.0	0.0	-0.0	0.0	0.0	0.0	0.0	0.0	0.0	0.0	0.0	0.0	0.0	0.0	0.0	0.0	0.0	0.0	0.0	0.0	0.0	0.0	0.0	0.0	0.0	0.0	0.0	0.0	0.0	0.0	0.0	0.0	0.0	0.0	0.0	0.0	0.0	0.0	0.0	0.0	0.0	0.0	0.0	0.0	0.0	0.0	0.0	0.0	0.0	0.0	0.0	0.0	0.0	0.0	0.0	0.0	0.0	0.0	0.0	0.0	0.0	0.0	0.0	0.0	0.0	0.0	0.0	0.0	0.0	0.0	0.0	0.0	0.0	0.0	0.0	0.0	0.0	0.0	0.0	0.0	0.0	0.0	0.0	0.0	0.0	0.0	0.0	0.0	0.0	0.0	0.0	0.0	0.0	0.0	0.0	0.0	0.0	0.0	0.0	0.0	0.0	0.0	0.0	0.0
S10-female-2	-0.15442811769596587	-0.06512407318206692	-0.010937064955957376	0.047278020507262736	0.002223009023067765	0.01937014803988965	0.015437178580407624	-0.0006624739157315653	0.018024503286224278	0.011483252960600474	0.007312923911517672	0.0017050076270564286	9.410239733771823e-06	0.00029930444801545613	-0.0027399579414621547	-0.004439346405187189	0.0004882533583229432	0.003120904830580049	-3.1227121689688604e-05	-0.0007116859503870731	-0.0035840956969341938	-0.0016710522852533322	-0.002508803744758864	8.011420560057855e-05	0.001324159482344662	0.00025490547126364935	0.0002855550300835381	-0.0005071122957132901	6.908642568193075e-05	0.0002182590917950534	-0.00017196690729322884	2.101246248489923e-06	-5.760133188595674e-06	-1.3271760603841636e-05	-1.149126830738807e-05	2.0602175661931744e-05	0.00011537655618201096	0.0	0.0	0.0	-0.0	-0.0	-0.0	0.0	0.0	-0.0	0.0	0.0	0.0	-0.0	-0.0	0.0	-0.0	-0.0	0.0	-0.0	-0.0	-0.0	0.0	-0.0	-0.0	0.0	0.0	-0.0	0.0	-0.0	0.0	0.0	-0.0	0.0	-0.0	-0.0	0.0	-0.0	-0.0	0.0	0.0	0.0	-0.0	-0.0	0.0	-0.0	-0.0	-0.0	-0.0	0.0	-0.0	-0.0	-0.0	0.0	-0.0	-0.0	0.0	0.0	0.0	0.0	0.0	0.0	0.0	0.0	0.0	0.0	0.0	0.0	0.0	0.0	0.0	0.0	0.0	0.0	0.0	0.0	0.0	0.0	0.0	0.0	0.0	0.0	0.0	0.0	0.0	0.0	0.0	0.0	0.0	0.0	0.0	0.0	0.0	0.0	0.0	0.0	0.0	0.0	0.0	0.0	0.0	0.0	0.0	0.0	0.0	0.0	0.0	0.0	0.0	0.0	0.0	0.0	0.0	0.0	0.0	0.0	0.0	0.0	0.0	0.0	0.0	0.0	0.0	0.0	0.0	0.0	0.0	0.0	0.0	0.0	0.0	0.0	0.0	0.0	0.0	0.0	0.0	0.0	0.0	0.0	0.0	0.0	0.0	0.0	0.0	0.0	0.0	0.0	0.0	0.0	0.0	0.0	0.0	0.0	0.0	0.0	0.0	0.0
S10-Female-3	0.03371759820522128	-0.041859141568948315	-0.07321390994670254	-0.004257873918907136	-0.0011946986251334885	0.007086390158285926	0.010615174697954154	0.002882403248535594	-0.01059066269876797	-0.0008027081619792115	-0.011487207930990803	-0.000991780273622579	-0.003594489020278815	-0.0034157038588435358	-0.006658341024228507	0.012643046233841302	0.0030703876293820768	-0.0011447492857551338	-0.00048391279860905776	-0.0024090707999269655	-7.207849826167114e-05	-0.0015262959203498866	-0.0003253099148329186	-0.000886258920176446	-0.0011296382210054193	0.0013199490956400603	0.0007519517264647901	-0.0010985132300637664	-0.007216886509341759	-0.0019481806290297546	0.0015739070799459384	-0.00014361485235240217	-6.055274096818828e-06	0.00013119998174162056	-0.00019156632534694744	6.301004418219865e-05	-2.3319129881874935e-06	0.0	-0.0	0.0	-0.0	0.0	0.0	-0.0	-0.0	0.0	0.0	0.0	0.0	0.0	-0.0	-0.0	0.0	0.0	-0.0	0.0	0.0	0.0	-0.0	0.0	-0.0	0.0	-0.0	0.0	-0.0	-0.0	0.0	0.0	0.0	0.0	0.0	0.0	0.0	0.0	0.0	-0.0	-0.0	0.0	0.0	-0.0	-0.0	0.0	0.0	0.0	-0.0	0.0	-0.0	0.0	-0.0	-0.0	-0.0	0.0	0.0	0.0	0.0	0.0	0.0	0.0	0.0	0.0	0.0	0.0	0.0	0.0	0.0	0.0	0.0	0.0	0.0	0.0	0.0	0.0	0.0	0.0	0.0	0.0	0.0	0.0	0.0	0.0	0.0	0.0	0.0	0.0	0.0	0.0	0.0	0.0	0.0	0.0	0.0	0.0	0.0	0.0	0.0	0.0	0.0	0.0	0.0	0.0	0.0	0.0	0.0	0.0	0.0	0.0	0.0	0.0	0.0	0.0	0.0	0.0	0.0	0.0	0.0	0.0	0.0	0.0	0.0	0.0	0.0	0.0	0.0	0.0	0.0	0.0	0.0	0.0	0.0	0.0	0.0	0.0	0.0	0.0	0.0	0.0	0.0	0.0	0.0	0.0	0.0	0.0	0.0	0.0	0.0	0.0	0.0	0.0	0.0	0.0	0.0	0.0	0.0	0.0
S10-male-1	-0.12183149539652262	0.01169773559408447	-0.0010849783088760455	0.009800084327365175	0.009465965685870222	0.012930537691654264	-0.03401724213468675	0.010136082576203511	-0.02483998024154803	0.022057941208524546	-0.021335610529038363	-0.008902294000229327	-0.0027494436740079092	0.0012234511409844817	-0.0021112657029292692	0.0051138005180616335	0.0009853418313315655	-0.0015619424668310267	0.002633363680901789	-0.0033142754074450315	0.005007604191301914	-0.0011444114124160491	-0.005612719124405766	-0.003107415632175165	-0.0013916304951887067	0.003003853964780983	0.0007081065186688636	-0.0011909833175473422	-0.0029406514748291624	-0.0011620548640221085	-0.00026796761689992636	7.430878726281342e-05	1.6158183379471567e-05	6.111718300471448e-05	-2.7568401823783436e-05	-1.1005684909571905e-05	-8.879256972193571e-07	0.0	-0.0	0.0	-0.0	0.0	0.0	-0.0	-0.0	0.0	0.0	0.0	0.0	0.0	-0.0	-0.0	0.0	0.0	-0.0	0.0	0.0	0.0	0.0	0.0	-0.0	-0.0	0.0	-0.0	-0.0	-0.0	0.0	0.0	0.0	-0.0	0.0	0.0	-0.0	0.0	0.0	-0.0	-0.0	0.0	0.0	-0.0	-0.0	0.0	0.0	0.0	-0.0	0.0	-0.0	0.0	-0.0	-0.0	-0.0	0.0	0.0	0.0	0.0	0.0	0.0	0.0	0.0	0.0	0.0	0.0	0.0	0.0	0.0	0.0	0.0	0.0	0.0	0.0	0.0	0.0	0.0	0.0	0.0	0.0	0.0	0.0	0.0	0.0	0.0	0.0	0.0	0.0	0.0	0.0	0.0	0.0	0.0	0.0	0.0	0.0	0.0	0.0	0.0	0.0	0.0	0.0	0.0	0.0	0.0	0.0	0.0	0.0	0.0	0.0	0.0	0.0	0.0	0.0	0.0	0.0	0.0	0.0	0.0	0.0	0.0	0.0	0.0	0.0	0.0	0.0	0.0	0.0	0.0	0.0	0.0	0.0	0.0	0.0	0.0	0.0	0.0	0.0	0.0	0.0	0.0	0.0	0.0	0.0	0.0	0.0	0.0	0.0	0.0	0.0	0.0	0.0	0.0	0.0	0.0	0.0	0.0	0.0
S10-male-2-	-0.15442811769596587	-0.06512407318206695	-0.010937064955957376	0.04727802050726262	0.0022230090230678707	0.019370148039889665	0.015437178580407737	-0.0006624739157315687	0.018024503286224493	0.011483252960600316	0.007312923911517744	0.001705007627056415	9.4102397337251e-06	0.00029930444801525843	-0.002739957941462164	-0.004439346405187178	0.000488253358322882	0.0031209048305798665	-3.122712168977339e-05	-0.0007116859503870263	-0.0035840956969339804	-0.0016710522852535802	-0.002508803744759136	8.011420560033171e-05	0.0013241594823448326	0.00025490547126382174	0.000285555030083588	-0.0005071122957137637	6.908642568162743e-05	0.00021825909179478442	-0.0001719669072930948	2.10124624972913e-06	-5.76013318552212e-06	-1.32717605994359e-05	-1.1491268310522652e-05	2.0602175657862347e-05	0.0001153765561105554	0.0	0.0	-0.0	0.0	-0.0	0.0	-0.0	-0.0	-0.0	-0.0	-0.0	-0.0	-0.0	-0.0	0.0	0.0	-0.0	0.0	-0.0	-0.0	-0.0	0.0	-0.0	-0.0	0.0	0.0	-0.0	0.0	0.0	0.0	0.0	-0.0	0.0	-0.0	-0.0	0.0	-0.0	-0.0	0.0	0.0	0.0	-0.0	0.0	-0.0	-0.0	0.0	-0.0	0.0	-0.0	-0.0	0.0	0.0	-0.0	0.0	0.0	-0.0	0.0	0.0	0.0	0.0	0.0	0.0	0.0	0.0	0.0	0.0	0.0	0.0	0.0	0.0	0.0	0.0	0.0	0.0	0.0	0.0	0.0	0.0	0.0	0.0	0.0	0.0	0.0	0.0	0.0	0.0	0.0	0.0	0.0	0.0	0.0	0.0	0.0	0.0	0.0	0.0	0.0	0.0	0.0	0.0	0.0	0.0	0.0	0.0	0.0	0.0	0.0	0.0	0.0	0.0	0.0	0.0	0.0	0.0	0.0	0.0	0.0	0.0	0.0	0.0	0.0	0.0	0.0	0.0	0.0	0.0	0.0	0.0	0.0	0.0	0.0	0.0	0.0	0.0	0.0	0.0	0.0	0.0	0.0	0.0	0.0	0.0	0.0	0.0	0.0	0.0	0.0	0.0	0.0	0.0	0.0	0.0	0.0	0.0	0.0	0.0	0.0
S2-female-2	-0.1444745746762909	-0.013744667331483659	-0.05144930411952815	-0.009332729029658674	0.00039828853659310963	0.00584276218514315	0.0019995250561584193	0.0022082750314865707	-0.012674695221786667	0.008509016555928528	-0.0068636701948257585	-0.0010017062032766358	-0.002837306649360414	-0.002768798895174891	-0.0043736908227461554	0.009387010951187163	-0.0011280590535586094	-3.345473157599024e-05	-0.0009790264762358496	-0.0017953694536463238	-0.0006360346110092724	-0.0014307425193101082	0.0009087643134693097	-0.00044295838947942936	-0.0009189992215286735	-0.000166426272105314	-6.501248898083939e-05	-0.0009073550284285641	-0.0025795980159255966	-0.0005635162410427259	0.0024362985724397934	0.0002465649716761983	-0.0007129116932494086	-0.00279869340051917	0.0024905901897569385	0.00103383932518412	-4.10532029052834e-05	0.0	-0.0	0.0	-0.0	0.0	0.0	-0.0	-0.0	0.0	0.0	0.0	0.0	0.0	0.0	-0.0	0.0	0.0	-0.0	0.0	0.0	0.0	-0.0	-0.0	0.0	-0.0	-0.0	0.0	-0.0	-0.0	0.0	0.0	-0.0	-0.0	0.0	-0.0	0.0	0.0	0.0	-0.0	-0.0	0.0	0.0	-0.0	-0.0	0.0	0.0	0.0	-0.0	0.0	-0.0	0.0	-0.0	-0.0	-0.0	0.0	0.0	0.0	0.0	0.0	0.0	0.0	0.0	0.0	0.0	0.0	0.0	0.0	0.0	0.0	0.0	0.0	0.0	0.0	0.0	0.0	0.0	0.0	0.0	0.0	0.0	0.0	0.0	0.0	0.0	0.0	0.0	0.0	0.0	0.0	0.0	0.0	0.0	0.0	0.0	0.0	0.0	0.0	0.0	0.0	0.0	0.0	0.0	0.0	0.0	0.0	0.0	0.0	0.0	0.0	0.0	0.0	0.0	0.0	0.0	0.0	0.0	0.0	0.0	0.0	0.0	0.0	0.0	0.0	0.0	0.0	0.0	0.0	0.0	0.0	0.0	0.0	0.0	0.0	0.0	0.0	0.0	0.0	0.0	0.0	0.0	0.0	0.0	0.0	0.0	0.0	0.0	0.0	0.0	0.0	0.0	0.0	0.0	0.0	0.0	0.0	0.0	0.0
S2-male-1	-0.14396570280503243	0.0008833414061412622	-0.05960038575638787	-0.007663549230347954	0.009299204685641917	-0.02849805785226345	-0.002432234297072232	-0.00019182720974404805	-0.0017519714433692603	0.0009964234661298125	-0.010408017272149132	-0.002137175991531612	0.008056033035306389	0.006975011153595299	0.008280992695878174	-0.011976497752084774	0.024481445469293713	0.012762115365830365	0.0022496303493094233	0.006386236618715418	0.002558928733715121	0.00026736477590175774	1.3524811067633277e-05	0.0005059269907497771	0.0007095125993751012	0.0001379283735885217	-5.2862652156642596e-05	0.00017091323546635341	-7.401563799452866e-05	-1.7964443345637847e-05	-2.914204983312918e-06	3.162353004748664e-05	-1.1341774488733736e-05	-1.0562070687739067e-05	-1.3889752228715539e-05	9.805339184025959e-06	-1.975488958836128e-07	0.0	-0.0	0.0	-0.0	-0.0	0.0	0.0	-0.0	0.0	0.0	-0.0	0.0	-0.0	0.0	0.0	-0.0	-0.0	-0.0	0.0	0.0	0.0	0.0	-0.0	-0.0	-0.0	-0.0	-0.0	0.0	-0.0	-0.0	-0.0	0.0	-0.0	-0.0	-0.0	0.0	0.0	0.0	0.0	-0.0	0.0	-0.0	-0.0	0.0	0.0	0.0	-0.0	-0.0	0.0	0.0	-0.0	-0.0	-0.0	-0.0	-0.0	0.0	0.0	0.0	0.0	0.0	0.0	0.0	0.0	0.0	0.0	0.0	0.0	0.0	0.0	0.0	0.0	0.0	0.0	0.0	0.0	0.0	0.0	0.0	0.0	0.0	0.0	0.0	0.0	0.0	0.0	0.0	0.0	0.0	0.0	0.0	0.0	0.0	0.0	0.0	0.0	0.0	0.0	0.0	0.0	0.0	0.0	0.0	0.0	0.0	0.0	0.0	0.0	0.0	0.0	0.0	0.0	0.0	0.0	0.0	0.0	0.0	0.0	0.0	0.0	0.0	0.0	0.0	0.0	0.0	0.0	0.0	0.0	0.0	0.0	0.0	0.0	0.0	0.0	0.0	0.0	0.0	0.0	0.0	0.0	0.0	0.0	0.0	0.0	0.0	0.0	0.0	0.0	0.0	0.0	0.0	0.0	0.0	0.0	0.0	0.0	0.0	0.0
S2-male-2	-0.1362460012020382	0.00488459750886674	-0.0166971440362287	-0.021003857916416582	-0.013621320117447608	-0.017333142534158522	0.03613395813173967	0.006590028916981808	-0.03381215838013556	-0.007021255122214737	-0.0032441893683880906	0.002368319801132808	0.003254913484586203	0.01422084940013643	0.0019453819972471257	-0.0024401046221815613	-0.00603748914692713	-0.005070954206614568	-0.011485374383578405	-0.0015997246055798368	0.007923485128980752	0.005753905428096337	0.005117127540238687	-0.0035908037186203998	-0.0006696073692601642	0.0024406506719226975	-0.0002096419095471236	-0.0003354477610222242	0.002320379020890206	-0.0016914483199792641	-0.00041944152103041293	1.8926643604817974e-05	-3.824432143300531e-05	-8.048658998293035e-06	4.2133706909736326e-05	2.111456482582674e-05	-1.3584969029088047e-06	0.0	-0.0	0.0	-0.0	0.0	0.0	-0.0	-0.0	0.0	0.0	0.0	0.0	0.0	-0.0	0.0	0.0	-0.0	-0.0	0.0	0.0	0.0	-0.0	0.0	0.0	-0.0	-0.0	0.0	-0.0	-0.0	0.0	0.0	-0.0	-0.0	0.0	-0.0	-0.0	-0.0	-0.0	-0.0	-0.0	0.0	0.0	-0.0	-0.0	0.0	0.0	0.0	-0.0	0.0	-0.0	0.0	-0.0	-0.0	-0.0	0.0	0.0	0.0	0.0	0.0	0.0	0.0	0.0	0.0	0.0	0.0	0.0	0.0	0.0	0.0	0.0	0.0	0.0	0.0	0.0	0.0	0.0	0.0	0.0	0.0	0.0	0.0	0.0	0.0	0.0	0.0	0.0	0.0	0.0	0.0	0.0	0.0	0.0	0.0	0.0	0.0	0.0	0.0	0.0	0.0	0.0	0.0	0.0	0.0	0.0	0.0	0.0	0.0	0.0	0.0	0.0	0.0	0.0	0.0	0.0	0.0	0.0	0.0	0.0	0.0	0.0	0.0	0.0	0.0	0.0	0.0	0.0	0.0	0.0	0.0	0.0	0.0	0.0	0.0	0.0	0.0	0.0	0.0	0.0	0.0	0.0	0.0	0.0	0.0	0.0	0.0	0.0	0.0	0.0	0.0	0.0	0.0	0.0	0.0	0.0	0.0	0.0	0.0
S2014F_E2-2-A-F	0.04486756415246926	0.009288198785152756	-0.007491205976131165	0.0021332291985217905	-0.013459124781477328	0.015410379914819989	-0.01432316077516691	-0.00577114669552519	0.006083672776742363	0.006901719795146107	-0.0014515539269514815	0.0037041856993377093	0.010315690431220418	-0.006788982571407656	0.005567727845992467	0.0018315102000433586	-0.0016960066386039875	0.0003917691869256349	-0.0016471145311475236	-0.0016095591050781478	0.000730973776344108	0.0040956195587025235	0.0006153943987286468	0.010042631362636714	-0.0018306769126753256	0.006256929566890797	-0.00036164714152890637	-0.00041266366756811105	1.4678550774850072e-05	0.00011785839917069698	-0.00015598134382214656	7.109156149686074e-06	-8.488177730811783e-06	4.3549758614173766e-06	-2.2961774838623648e-05	5.956169083810866e-06	3.5056136168842396e-07	-0.0	-0.0	0.0	-0.0	0.0	0.0	-0.0	0.0	0.0	-0.0	0.0	0.0	0.0	0.0	-0.0	-0.0	0.0	0.0	-0.0	-0.0	-0.0	-0.0	0.0	-0.0	0.0	0.0	0.0	-0.0	0.0	0.0	0.0	-0.0	0.0	-0.0	0.0	0.0	-0.0	0.0	0.0	0.0	0.0	0.0	-0.0	-0.0	-0.0	0.0	0.0	0.0	0.0	-0.0	0.0	0.0	0.0	0.0	-0.0	0.0	0.0	0.0	0.0	0.0	0.0	0.0	0.0	0.0	0.0	0.0	0.0	0.0	0.0	0.0	0.0	0.0	0.0	0.0	0.0	0.0	0.0	0.0	0.0	0.0	0.0	0.0	0.0	0.0	0.0	0.0	0.0	0.0	0.0	0.0	0.0	0.0	0.0	0.0	0.0	0.0	0.0	0.0	0.0	0.0	0.0	0.0	0.0	0.0	0.0	0.0	0.0	0.0	0.0	0.0	0.0	0.0	0.0	0.0	0.0	0.0	0.0	0.0	0.0	0.0	0.0	0.0	0.0	0.0	0.0	0.0	0.0	0.0	0.0	0.0	0.0	0.0	0.0	0.0	0.0	0.0	0.0	0.0	0.0	0.0	0.0	0.0	0.0	0.0	0.0	0.0	0.0	0.0	0.0	0.0	0.0	0.0	0.0	0.0	0.0	0.0	0.0
S2014F_E2-2-B-F	0.03834099181825627	-0.004526660601017385	-0.009740771327299207	0.007445225604982763	-0.0007652315730117268	0.009808402487814465	-0.016022126524498987	0.002582100055375809	-0.004568975888151211	-0.008620857623896758	-0.0009253670760637904	-0.004293951401861273	0.0008640299148516455	0.0014443886547976469	0.0016947734932301793	-0.0018690230402365578	-0.002511984866765172	-0.001042971646711462	0.0004477359428670411	-0.0014081549340031073	-2.6474807068986326e-05	0.00027015083945688945	-0.0004696647790572441	-7.801829477805254e-05	0.00021313416564271417	-0.00022748483823525464	-0.0002189567637279049	1.4073123286853527e-06	-0.0003287075782517846	6.873408698197979e-05	-0.00010743397894543532	0.00017214898499588824	-0.00033592631922822204	0.00015257622503823628	0.00014857049146061764	-0.00010516219593925581	1.3939975832093134e-06	0.0	-0.0	0.0	0.0	0.0	-0.0	0.0	-0.0	0.0	-0.0	-0.0	0.0	-0.0	0.0	0.0	0.0	0.0	-0.0	0.0	-0.0	0.0	0.0	-0.0	-0.0	0.0	0.0	-0.0	-0.0	0.0	-0.0	-0.0	0.0	0.0	-0.0	-0.0	0.0	0.0	-0.0	-0.0	0.0	0.0	0.0	-0.0	-0.0	0.0	-0.0	0.0	0.0	-0.0	-0.0	-0.0	-0.0	0.0	0.0	0.0	-0.0	0.0	0.0	0.0	0.0	0.0	0.0	0.0	0.0	0.0	0.0	0.0	0.0	0.0	0.0	0.0	0.0	0.0	0.0	0.0	0.0	0.0	0.0	0.0	0.0	0.0	0.0	0.0	0.0	0.0	0.0	0.0	0.0	0.0	0.0	0.0	0.0	0.0	0.0	0.0	0.0	0.0	0.0	0.0	0.0	0.0	0.0	0.0	0.0	0.0	0.0	0.0	0.0	0.0	0.0	0.0	0.0	0.0	0.0	0.0	0.0	0.0	0.0	0.0	0.0	0.0	0.0	0.0	0.0	0.0	0.0	0.0	0.0	0.0	0.0	0.0	0.0	0.0	0.0	0.0	0.0	0.0	0.0	0.0	0.0	0.0	0.0	0.0	0.0	0.0	0.0	0.0	0.0	0.0	0.0	0.0	0.0	0.0	0.0	0.0	0.0	0.0
S2014F_E2-2-C-F	0.04866096695225714	0.027196970212935063	-0.002471484645545765	-0.010969906524857924	-0.026659920908027535	0.00384389612808991	0.01720365306501962	0.017577977195409926	-0.012091498172694374	0.019715821435410865	-0.023162342541226656	-0.018545452253998576	-0.0001698633616401433	-0.007452550262657177	-0.0039008867964193616	-0.002301952544508101	-0.0044509063880817535	0.00642210086829049	-0.0029704191190957872	-0.0021372531036176054	0.0028741654610467955	0.0027049465881685006	-0.003429099998749456	0.0001980614580622672	0.0020741603264958553	-0.0021205483724174123	3.03713422233238e-05	0.0004278247913353363	-1.8927902342190456e-05	-0.00012056097060544668	0.00011601815202787183	5.777589833762735e-05	2.78427271553611e-05	1.4768670789418585e-06	-7.2740375792600774e-06	-2.2125090497316183e-05	7.921483901179901e-07	0.0	-0.0	0.0	-0.0	0.0	0.0	-0.0	-0.0	0.0	0.0	0.0	0.0	0.0	-0.0	-0.0	0.0	-0.0	-0.0	0.0	-0.0	0.0	-0.0	-0.0	0.0	0.0	-0.0	0.0	-0.0	-0.0	0.0	0.0	0.0	-0.0	0.0	-0.0	0.0	0.0	0.0	-0.0	-0.0	0.0	0.0	-0.0	-0.0	0.0	0.0	0.0	-0.0	0.0	-0.0	0.0	-0.0	-0.0	-0.0	0.0	0.0	0.0	0.0	0.0	0.0	0.0	0.0	0.0	0.0	0.0	0.0	0.0	0.0	0.0	0.0	0.0	0.0	0.0	0.0	0.0	0.0	0.0	0.0	0.0	0.0	0.0	0.0	0.0	0.0	0.0	0.0	0.0	0.0	0.0	0.0	0.0	0.0	0.0	0.0	0.0	0.0	0.0	0.0	0.0	0.0	0.0	0.0	0.0	0.0	0.0	0.0	0.0	0.0	0.0	0.0	0.0	0.0	0.0	0.0	0.0	0.0	0.0	0.0	0.0	0.0	0.0	0.0	0.0	0.0	0.0	0.0	0.0	0.0	0.0	0.0	0.0	0.0	0.0	0.0	0.0	0.0	0.0	0.0	0.0	0.0	0.0	0.0	0.0	0.0	0.0	0.0	0.0	0.0	0.0	0.0	0.0	0.0	0.0	0.0	0.0	0.0	0.0
S2014F_E2-3-A-F	0.07064880823569897	0.06242959415722423	-0.035639947093593145	0.019962327645382506	0.04208204205737119	-0.005883905953489632	0.004588375432702832	-0.015069785296769734	-0.00013974291062911296	0.03529133635126986	-0.014748243068632911	-0.0027055200012972864	0.009786123989662594	4.770474832475213e-05	0.002740669836516725	0.00461906506935717	-0.00402784017942008	-0.0014746250817187106	-0.0005073975477143308	-0.005142176179044432	0.0045062954686348	0.006183505000057704	-0.0013783172187573055	0.005157843108972317	-0.001514417158530644	0.0012913377719896975	-0.001124338361434969	0.00026273906477644967	-0.00017472160584451176	-0.00021588446438242093	0.00010299814378413037	0.00014628599634083223	8.61872236012237e-06	-2.164543480239997e-05	-5.396906593114782e-05	4.22043794145282e-06	1.6096413345351165e-07	0.0	-0.0	0.0	-0.0	0.0	0.0	-0.0	-0.0	0.0	0.0	0.0	0.0	0.0	-0.0	-0.0	0.0	0.0	-0.0	-0.0	0.0	0.0	-0.0	-0.0	-0.0	0.0	0.0	-0.0	-0.0	-0.0	0.0	0.0	0.0	-0.0	0.0	0.0	0.0	0.0	-0.0	0.0	-0.0	0.0	0.0	-0.0	-0.0	0.0	0.0	0.0	-0.0	0.0	-0.0	0.0	-0.0	-0.0	-0.0	0.0	0.0	0.0	0.0	0.0	0.0	0.0	0.0	0.0	0.0	0.0	0.0	0.0	0.0	0.0	0.0	0.0	0.0	0.0	0.0	0.0	0.0	0.0	0.0	0.0	0.0	0.0	0.0	0.0	0.0	0.0	0.0	0.0	0.0	0.0	0.0	0.0	0.0	0.0	0.0	0.0	0.0	0.0	0.0	0.0	0.0	0.0	0.0	0.0	0.0	0.0	0.0	0.0	0.0	0.0	0.0	0.0	0.0	0.0	0.0	0.0	0.0	0.0	0.0	0.0	0.0	0.0	0.0	0.0	0.0	0.0	0.0	0.0	0.0	0.0	0.0	0.0	0.0	0.0	0.0	0.0	0.0	0.0	0.0	0.0	0.0	0.0	0.0	0.0	0.0	0.0	0.0	0.0	0.0	0.0	0.0	0.0	0.0	0.0	0.0	0.0	0.0	0.0
S2014F_E2-3-B-F	0.044656611330315066	-0.017828053089676252	-0.08087956159394444	-0.02258032624414384	-0.02357413209387922	0.006244818421499388	0.01125616720942221	0.004470761074796277	-0.0028685931619710668	0.025892197387660718	0.013455584488409965	0.020794267073122524	-0.00029112737477543667	-0.002264118929258812	0.003262785920778899	-0.004795572474215084	-0.015366233922182636	0.01050440798282506	0.020754126796883817	0.016805898146703625	-0.007841799968943105	-0.0023204375589439084	0.006492273255050139	-2.882963927409579e-05	-0.002287956716533649	0.0004633261163060716	-0.0007145979213960448	-0.0002725094323188115	0.00028857719639727506	0.00036500080613806465	0.001038940923909592	-0.0002051099010753788	5.705634250575486e-05	0.00012456799806906266	-8.540626148700747e-06	-8.585017403306735e-05	3.440664654742745e-06	0.0	-0.0	0.0	-0.0	0.0	0.0	-0.0	-0.0	0.0	0.0	0.0	0.0	0.0	-0.0	0.0	0.0	-0.0	0.0	-0.0	-0.0	-0.0	0.0	0.0	0.0	0.0	0.0	-0.0	-0.0	-0.0	0.0	0.0	-0.0	0.0	-0.0	-0.0	0.0	-0.0	-0.0	0.0	0.0	0.0	0.0	-0.0	-0.0	0.0	0.0	0.0	-0.0	0.0	-0.0	0.0	-0.0	-0.0	-0.0	0.0	0.0	0.0	0.0	0.0	0.0	0.0	0.0	0.0	0.0	0.0	0.0	0.0	0.0	0.0	0.0	0.0	0.0	0.0	0.0	0.0	0.0	0.0	0.0	0.0	0.0	0.0	0.0	0.0	0.0	0.0	0.0	0.0	0.0	0.0	0.0	0.0	0.0	0.0	0.0	0.0	0.0	0.0	0.0	0.0	0.0	0.0	0.0	0.0	0.0	0.0	0.0	0.0	0.0	0.0	0.0	0.0	0.0	0.0	0.0	0.0	0.0	0.0	0.0	0.0	0.0	0.0	0.0	0.0	0.0	0.0	0.0	0.0	0.0	0.0	0.0	0.0	0.0	0.0	0.0	0.0	0.0	0.0	0.0	0.0	0.0	0.0	0.0	0.0	0.0	0.0	0.0	0.0	0.0	0.0	0.0	0.0	0.0	0.0	0.0	0.0	0.0	0.0
S2014F_E2-3-C-F	0.06369077266708843	0.0466852008078665	-0.01443313249333068	0.01802118783472226	0.024465060296669307	0.04311794400893259	0.002377295803847832	-0.025086375778167493	0.004575669020794283	0.010491622237727458	0.010630174891151088	-0.005014641905421022	0.0015774326158746528	-0.000915645793136873	0.006892499685842407	0.0030338012720227867	-0.0014951982463479543	0.0033892813125242257	-0.001588812024524167	-0.0024075282142484522	-0.00017893141336146123	0.0022911848470623017	0.0009371739064824206	0.0037732724151186663	-0.000778440408780647	0.0025467160811342444	-0.00010907147440676684	-0.00020960327501840992	-6.407583565440957e-05	3.4815155801905846e-05	-0.00016025474268818003	-6.043665944917425e-05	-3.2425392500466735e-05	2.5173801958572567e-06	-1.3220185794410259e-06	7.938888155329883e-06	-1.3483114174270256e-07	-0.0	0.0	0.0	-0.0	0.0	-0.0	0.0	0.0	-0.0	-0.0	0.0	0.0	-0.0	0.0	-0.0	-0.0	-0.0	-0.0	0.0	-0.0	0.0	0.0	-0.0	0.0	-0.0	-0.0	0.0	-0.0	0.0	-0.0	0.0	0.0	0.0	-0.0	-0.0	-0.0	0.0	0.0	-0.0	0.0	0.0	0.0	0.0	-0.0	-0.0	0.0	0.0	0.0	0.0	0.0	-0.0	0.0	0.0	-0.0	-0.0	0.0	0.0	0.0	0.0	0.0	0.0	0.0	0.0	0.0	0.0	0.0	0.0	0.0	0.0	0.0	0.0	0.0	0.0	0.0	0.0	0.0	0.0	0.0	0.0	0.0	0.0	0.0	0.0	0.0	0.0	0.0	0.0	0.0	0.0	0.0	0.0	0.0	0.0	0.0	0.0	0.0	0.0	0.0	0.0	0.0	0.0	0.0	0.0	0.0	0.0	0.0	0.0	0.0	0.0	0.0	0.0	0.0	0.0	0.0	0.0	0.0	0.0	0.0	0.0	0.0	0.0	0.0	0.0	0.0	0.0	0.0	0.0	0.0	0.0	0.0	0.0	0.0	0.0	0.0	0.0	0.0	0.0	0.0	0.0	0.0	0.0	0.0	0.0	0.0	0.0	0.0	0.0	0.0	0.0	0.0	0.0	0.0	0.0	0.0	0.0	0.0	0.0
S2014F_E5-2-A-F	-0.1379080887470149	-0.016782217917293084	0.03994718546254514	0.08166273429986745	0.028736580680245528	-0.034829912966204045	-0.032420950713652086	0.006346412982927098	0.020305663866225517	0.01886361377662971	-0.017433366925785468	0.005199748373184409	0.007031047679860782	0.0037628278513453235	0.0025950693927395507	-0.0007001256141219414	-0.002333354732604536	-0.004373099871315382	0.005064877693011695	-0.007942186300833718	0.007729186056267591	-0.004289582039029037	0.012038090877827028	0.0033988923877344653	0.006092545328567169	-0.0021886810665363494	0.0010664399315830548	-0.003954364845774631	-0.00015224373127320756	0.0001265448266841427	-0.0001808442488873018	-2.0919227285076494e-06	-6.49278623142833e-05	-8.153329195443223e-06	-4.420564415268494e-05	2.821421807693183e-05	-3.9056384829248583e-07	0.0	-0.0	0.0	-0.0	0.0	0.0	-0.0	-0.0	0.0	0.0	0.0	0.0	0.0	-0.0	-0.0	0.0	0.0	-0.0	0.0	0.0	0.0	-0.0	-0.0	-0.0	-0.0	-0.0	0.0	-0.0	-0.0	0.0	0.0	0.0	0.0	0.0	-0.0	-0.0	0.0	0.0	-0.0	-0.0	0.0	0.0	-0.0	-0.0	0.0	0.0	0.0	-0.0	0.0	-0.0	0.0	-0.0	-0.0	-0.0	0.0	0.0	0.0	0.0	0.0	0.0	0.0	0.0	0.0	0.0	0.0	0.0	0.0	0.0	0.0	0.0	0.0	0.0	0.0	0.0	0.0	0.0	0.0	0.0	0.0	0.0	0.0	0.0	0.0	0.0	0.0	0.0	0.0	0.0	0.0	0.0	0.0	0.0	0.0	0.0	0.0	0.0	0.0	0.0	0.0	0.0	0.0	0.0	0.0	0.0	0.0	0.0	0.0	0.0	0.0	0.0	0.0	0.0	0.0	0.0	0.0	0.0	0.0	0.0	0.0	0.0	0.0	0.0	0.0	0.0	0.0	0.0	0.0	0.0	0.0	0.0	0.0	0.0	0.0	0.0	0.0	0.0	0.0	0.0	0.0	0.0	0.0	0.0	0.0	0.0	0.0	0.0	0.0	0.0	0.0	0.0	0.0	0.0	0.0	0.0	0.0	0.0	0.0
S2014F_E5-2-A-F_plate2	0.04628446030790847	0.005126894058809974	-0.014357436981693159	0.01705896392833892	0.008214574047159189	-0.02505540238931899	-0.027215224483245894	0.008983580322052136	0.006515268963062756	-0.005731829166435641	0.00852216536950102	0.002628790795328937	-0.0013570419927328987	-0.003442603008334058	4.134898866187447e-05	-0.0015626194989309238	-0.004517784730040883	-0.002751495813374716	-0.0015281130147104909	0.003290390950399349	-0.00030934607354461474	-0.0011286885700085405	0.0003893007880516266	0.00010818971718321253	-0.0007135719414094093	0.0007257041832301758	-0.0006401119206364794	-0.0005697501807108778	6.104881457528033e-05	4.1534608842101334e-05	0.00041893307687845485	-0.00030685238028416503	6.813415464049168e-05	8.004622028886476e-05	9.964221423975889e-05	-1.9464651335851233e-05	7.25128278775532e-07	0.0	-0.0	0.0	-0.0	0.0	0.0	-0.0	-0.0	0.0	0.0	0.0	0.0	0.0	-0.0	0.0	0.0	-0.0	0.0	-0.0	0.0	-0.0	0.0	-0.0	0.0	-0.0	0.0	0.0	-0.0	-0.0	0.0	0.0	-0.0	0.0	-0.0	0.0	0.0	-0.0	-0.0	-0.0	-0.0	0.0	0.0	-0.0	-0.0	0.0	0.0	0.0	-0.0	0.0	-0.0	0.0	-0.0	-0.0	-0.0	0.0	0.0	0.0	0.0	0.0	0.0	0.0	0.0	0.0	0.0	0.0	0.0	0.0	0.0	0.0	0.0	0.0	0.0	0.0	0.0	0.0	0.0	0.0	0.0	0.0	0.0	0.0	0.0	0.0	0.0	0.0	0.0	0.0	0.0	0.0	0.0	0.0	0.0	0.0	0.0	0.0	0.0	0.0	0.0	0.0	0.0	0.0	0.0	0.0	0.0	0.0	0.0	0.0	0.0	0.0	0.0	0.0	0.0	0.0	0.0	0.0	0.0	0.0	0.0	0.0	0.0	0.0	0.0	0.0	0.0	0.0	0.0	0.0	0.0	0.0	0.0	0.0	0.0	0.0	0.0	0.0	0.0	0.0	0.0	0.0	0.0	0.0	0.0	0.0	0.0	0.0	0.0	0.0	0.0	0.0	0.0	0.0	0.0	0.0	0.0	0.0	0.0	0.0
S2014F_E5-2-B-F	0.047411944032818384	-0.04444956085245604	0.010319794939296136	0.0499833782351659	-0.002427727526906702	0.014096423166458481	-0.0043752664431795886	0.004485942088542799	0.005266155389942031	0.010542824828110123	-0.005587024599900521	-0.0012276411954155575	0.0011585079664201054	-0.0026074945260700236	-0.0003552980552305716	-0.0024665329718570853	0.0007447763876346941	-0.001484900236412856	0.0019538383649286236	-0.0022314464563091803	-0.0005709243720897321	0.0025258041341223655	0.0002999313528534943	-0.0009194049884037865	0.00015358020031964017	0.00016853901240295615	8.170453418579659e-05	0.00021204350839262192	0.0003352830524242959	-0.0003644124830745205	-8.615709640557519e-06	3.418841202194114e-05	5.338371887040427e-06	8.127024463802058e-06	2.2157197843807053e-05	-2.849877832910622e-05	1.159239566041199e-06	-0.0	-0.0	0.0	-0.0	-0.0	0.0	0.0	-0.0	0.0	0.0	-0.0	-0.0	-0.0	0.0	0.0	0.0	-0.0	-0.0	0.0	0.0	-0.0	0.0	0.0	0.0	-0.0	0.0	0.0	-0.0	0.0	-0.0	0.0	0.0	-0.0	0.0	-0.0	-0.0	0.0	0.0	0.0	0.0	0.0	-0.0	-0.0	0.0	-0.0	-0.0	-0.0	0.0	0.0	0.0	-0.0	0.0	-0.0	0.0	-0.0	-0.0	0.0	0.0	0.0	0.0	0.0	0.0	0.0	0.0	0.0	0.0	0.0	0.0	0.0	0.0	0.0	0.0	0.0	0.0	0.0	0.0	0.0	0.0	0.0	0.0	0.0	0.0	0.0	0.0	0.0	0.0	0.0	0.0	0.0	0.0	0.0	0.0	0.0	0.0	0.0	0.0	0.0	0.0	0.0	0.0	0.0	0.0	0.0	0.0	0.0	0.0	0.0	0.0	0.0	0.0	0.0	0.0	0.0	0.0	0.0	0.0	0.0	0.0	0.0	0.0	0.0	0.0	0.0	0.0	0.0	0.0	0.0	0.0	0.0	0.0	0.0	0.0	0.0	0.0	0.0	0.0	0.0	0.0	0.0	0.0	0.0	0.0	0.0	0.0	0.0	0.0	0.0	0.0	0.0	0.0	0.0	0.0	0.0	0.0	0.0	0.0	0.0
S2014F_E5-3-B-F	0.06447938560015325	0.04171258676930712	-0.022490349763113808	0.03526355295675668	0.049830475714783606	-0.008288817350313858	-0.00991638119139574	-0.0055026344850158055	0.0008876970676063194	-0.005361239316593618	0.02508219505079435	-0.008976396668546405	-0.00688424277120777	0.0033771079238045123	-0.002029708117064878	0.0011922270227631643	-0.0033014176411453344	-0.0031914249947173202	-0.001051298271054495	0.0030464110844842865	-0.0008860720584819122	-0.002821116000024507	0.0005107106389450274	0.0006168365321547424	0.0010279181599452867	0.000878619997917227	-0.0004405174659538007	-5.56475952632209e-05	-0.00047726370274870484	0.00039486562553383783	-0.001237970121418929	-0.0047243046809694895	0.0002253886772575601	0.00035188277648023073	0.0006996299710136462	3.265208501879467e-05	-8.59474542123997e-06	0.0	-0.0	0.0	-0.0	0.0	0.0	-0.0	-0.0	0.0	0.0	0.0	0.0	0.0	0.0	-0.0	0.0	0.0	-0.0	0.0	0.0	0.0	-0.0	-0.0	0.0	-0.0	0.0	0.0	-0.0	-0.0	0.0	0.0	-0.0	0.0	-0.0	0.0	-0.0	0.0	-0.0	-0.0	-0.0	0.0	0.0	-0.0	-0.0	0.0	0.0	0.0	-0.0	0.0	-0.0	0.0	-0.0	-0.0	-0.0	0.0	0.0	0.0	0.0	0.0	0.0	0.0	0.0	0.0	0.0	0.0	0.0	0.0	0.0	0.0	0.0	0.0	0.0	0.0	0.0	0.0	0.0	0.0	0.0	0.0	0.0	0.0	0.0	0.0	0.0	0.0	0.0	0.0	0.0	0.0	0.0	0.0	0.0	0.0	0.0	0.0	0.0	0.0	0.0	0.0	0.0	0.0	0.0	0.0	0.0	0.0	0.0	0.0	0.0	0.0	0.0	0.0	0.0	0.0	0.0	0.0	0.0	0.0	0.0	0.0	0.0	0.0	0.0	0.0	0.0	0.0	0.0	0.0	0.0	0.0	0.0	0.0	0.0	0.0	0.0	0.0	0.0	0.0	0.0	0.0	0.0	0.0	0.0	0.0	0.0	0.0	0.0	0.0	0.0	0.0	0.0	0.0	0.0	0.0	0.0	0.0	0.0	0.0
S2014F_E5-3-C-F	0.07286750140518186	-0.0017844139290972086	0.005049238623704954	0.09468064662022904	0.06767729895231196	-0.007335323015333862	0.01859447676575753	-0.006888025018365061	0.014917728676694933	0.029113423695316543	0.02722732217666628	-0.011984846204453215	-0.0029959789999936936	0.0056343472684577435	-0.004830176414756403	0.003716490915140979	0.0015376703783284915	-0.0012244350077684788	0.0012020960481048104	0.004745386384494276	-0.0012865668940108608	-0.0006606610266971212	-0.00011231211253493554	-0.0003573664871374253	0.0005118742121345071	0.0011728944034093013	-0.00015831034520345276	-0.00010595140941367462	0.0003820176650091843	9.166893480677026e-05	0.00013611099890559571	-0.00022004629931896846	-4.085167618700454e-06	3.329182842940681e-05	6.75319945510056e-06	2.594707838693012e-06	2.3191398730310997e-07	0.0	-0.0	0.0	-0.0	0.0	0.0	-0.0	-0.0	0.0	0.0	0.0	0.0	0.0	-0.0	-0.0	0.0	0.0	0.0	-0.0	-0.0	-0.0	0.0	-0.0	-0.0	0.0	0.0	-0.0	-0.0	-0.0	0.0	0.0	-0.0	0.0	-0.0	-0.0	0.0	0.0	-0.0	-0.0	0.0	0.0	0.0	-0.0	-0.0	0.0	0.0	0.0	-0.0	0.0	-0.0	0.0	-0.0	-0.0	-0.0	0.0	0.0	0.0	0.0	0.0	0.0	0.0	0.0	0.0	0.0	0.0	0.0	0.0	0.0	0.0	0.0	0.0	0.0	0.0	0.0	0.0	0.0	0.0	0.0	0.0	0.0	0.0	0.0	0.0	0.0	0.0	0.0	0.0	0.0	0.0	0.0	0.0	0.0	0.0	0.0	0.0	0.0	0.0	0.0	0.0	0.0	0.0	0.0	0.0	0.0	0.0	0.0	0.0	0.0	0.0	0.0	0.0	0.0	0.0	0.0	0.0	0.0	0.0	0.0	0.0	0.0	0.0	0.0	0.0	0.0	0.0	0.0	0.0	0.0	0.0	0.0	0.0	0.0	0.0	0.0	0.0	0.0	0.0	0.0	0.0	0.0	0.0	0.0	0.0	0.0	0.0	0.0	0.0	0.0	0.0	0.0	0.0	0.0	0.0	0.0	0.0	0.0	0.0
S2014F_E5-C-2-F	0.06431064548126647	0.041533876490624025	-0.024844940938568618	0.03801188181108166	0.05079323218084498	-0.0050556953173440805	-0.007893136147367455	-0.015616193104404801	0.0025021948622068746	-0.014484468865138335	0.0020746456485266664	-0.017932258084553673	0.0046954607899508186	0.011706824171290792	0.0074171610758982315	-0.0061892935809854145	0.018369269920703837	0.011867809631059592	0.003290191704480147	0.002270670225832043	0.002117502877857522	0.0009094471889465964	0.0002839242770811081	-0.000761171999759868	0.0004831067096699612	-0.0006414971037477668	2.41148184045257e-05	0.00038578131334107024	-0.00031434686748460104	-3.3373639243815095e-05	-1.7141971114383824e-05	-5.6983918974144164e-05	2.957503584385262e-08	-2.9206207635641704e-05	-2.709583527906374e-05	5.917978346727417e-05	-1.902917082182189e-06	0.0	-0.0	0.0	-0.0	0.0	0.0	-0.0	-0.0	0.0	0.0	0.0	0.0	0.0	0.0	-0.0	0.0	0.0	-0.0	0.0	0.0	0.0	-0.0	0.0	-0.0	0.0	0.0	0.0	-0.0	-0.0	0.0	0.0	0.0	-0.0	0.0	0.0	-0.0	0.0	0.0	-0.0	-0.0	0.0	0.0	-0.0	-0.0	0.0	0.0	0.0	-0.0	0.0	-0.0	0.0	-0.0	-0.0	-0.0	0.0	0.0	0.0	0.0	0.0	0.0	0.0	0.0	0.0	0.0	0.0	0.0	0.0	0.0	0.0	0.0	0.0	0.0	0.0	0.0	0.0	0.0	0.0	0.0	0.0	0.0	0.0	0.0	0.0	0.0	0.0	0.0	0.0	0.0	0.0	0.0	0.0	0.0	0.0	0.0	0.0	0.0	0.0	0.0	0.0	0.0	0.0	0.0	0.0	0.0	0.0	0.0	0.0	0.0	0.0	0.0	0.0	0.0	0.0	0.0	0.0	0.0	0.0	0.0	0.0	0.0	0.0	0.0	0.0	0.0	0.0	0.0	0.0	0.0	0.0	0.0	0.0	0.0	0.0	0.0	0.0	0.0	0.0	0.0	0.0	0.0	0.0	0.0	0.0	0.0	0.0	0.0	0.0	0.0	0.0	0.0	0.0	0.0	0.0	0.0	0.0	0.0	0.0
S2014F_E7-1-A-F	0.047411944032818384	-0.04444956085245605	0.010319794939296122	0.0499833782351659	-0.0024277275269067033	0.014096423166458484	-0.004375266443179583	0.004485942088542831	0.0052661553899420455	0.010542824828110139	-0.0055870245999005115	-0.001227641195415621	0.0011585079664200991	-0.002607494526070075	-0.00035529805523062464	-0.002466532971857175	0.0007447763876346847	-0.0014849002364128749	0.001953838364928774	-0.002231446456309111	-0.0005709243720897349	0.0025258041341222654	0.0002999313528535229	-0.0009194049884037245	0.00015358020031946414	0.0001685390124029361	8.170453418563936e-05	0.00021204350839249656	0.00033528305242456964	-0.00036441248307434647	-8.615709640561837e-06	3.4188412023104225e-05	5.33837188669428e-06	8.12702446582743e-06	2.215719784321922e-05	-2.8498778326584167e-05	1.1592395735525324e-06	-0.0	0.0	-0.0	0.0	0.0	-0.0	-0.0	-0.0	0.0	-0.0	0.0	0.0	0.0	0.0	0.0	-0.0	-0.0	-0.0	0.0	0.0	-0.0	0.0	0.0	0.0	-0.0	0.0	0.0	0.0	0.0	0.0	0.0	0.0	-0.0	0.0	-0.0	-0.0	0.0	0.0	0.0	0.0	-0.0	0.0	-0.0	-0.0	0.0	0.0	-0.0	-0.0	-0.0	0.0	0.0	0.0	-0.0	-0.0	-0.0	0.0	0.0	0.0	0.0	0.0	0.0	0.0	0.0	0.0	0.0	0.0	0.0	0.0	0.0	0.0	0.0	0.0	0.0	0.0	0.0	0.0	0.0	0.0	0.0	0.0	0.0	0.0	0.0	0.0	0.0	0.0	0.0	0.0	0.0	0.0	0.0	0.0	0.0	0.0	0.0	0.0	0.0	0.0	0.0	0.0	0.0	0.0	0.0	0.0	0.0	0.0	0.0	0.0	0.0	0.0	0.0	0.0	0.0	0.0	0.0	0.0	0.0	0.0	0.0	0.0	0.0	0.0	0.0	0.0	0.0	0.0	0.0	0.0	0.0	0.0	0.0	0.0	0.0	0.0	0.0	0.0	0.0	0.0	0.0	0.0	0.0	0.0	0.0	0.0	0.0	0.0	0.0	0.0	0.0	0.0	0.0	0.0	0.0	0.0	0.0	0.0	0.0
S2014F_E7-2-C-F	0.04387910282845138	0.012634167470948232	0.001973940239203386	0.017263393924991873	-0.0027192373158875906	-0.027750343064007765	-0.001186860918979865	0.003188716246509094	-0.006388520854042352	-0.02080729475048669	-0.004258574567113856	-0.004399558412881592	0.005523387128513234	0.0013374271206784106	0.002297242959464283	-0.0005858555535117344	-0.005011110739295261	-0.0029465205352306074	-0.0014613106306968421	-0.002440313356868336	-0.002903915544551655	0.000983117083626529	-0.004391523166644551	0.0007273644815611737	-0.0019104484750706537	-0.0003985559430704221	-0.0009338346651802925	-0.002137288165661623	-4.538685107792583e-05	0.0003753878027480224	0.0008482402105299664	-5.689904722091414e-05	-0.00016933526940645692	0.00019187778669449513	-0.0002241647633256501	-6.434930521086638e-05	8.587441887163009e-06	0.0	-0.0	0.0	-0.0	0.0	0.0	-0.0	-0.0	0.0	0.0	0.0	0.0	0.0	-0.0	0.0	0.0	-0.0	0.0	-0.0	-0.0	-0.0	0.0	0.0	-0.0	0.0	-0.0	-0.0	-0.0	-0.0	0.0	0.0	-0.0	-0.0	-0.0	0.0	0.0	-0.0	0.0	0.0	0.0	0.0	0.0	-0.0	-0.0	0.0	0.0	0.0	-0.0	0.0	-0.0	0.0	-0.0	-0.0	-0.0	0.0	0.0	0.0	0.0	0.0	0.0	0.0	0.0	0.0	0.0	0.0	0.0	0.0	0.0	0.0	0.0	0.0	0.0	0.0	0.0	0.0	0.0	0.0	0.0	0.0	0.0	0.0	0.0	0.0	0.0	0.0	0.0	0.0	0.0	0.0	0.0	0.0	0.0	0.0	0.0	0.0	0.0	0.0	0.0	0.0	0.0	0.0	0.0	0.0	0.0	0.0	0.0	0.0	0.0	0.0	0.0	0.0	0.0	0.0	0.0	0.0	0.0	0.0	0.0	0.0	0.0	0.0	0.0	0.0	0.0	0.0	0.0	0.0	0.0	0.0	0.0	0.0	0.0	0.0	0.0	0.0	0.0	0.0	0.0	0.0	0.0	0.0	0.0	0.0	0.0	0.0	0.0	0.0	0.0	0.0	0.0	0.0	0.0	0.0	0.0	0.0	0.0	0.0
S2014F_E7-3-A-F	0.0616758312396949	0.05531852764294952	0.005010566470093431	0.017220464062867424	0.010876079578798707	0.02866240829960362	0.030238204041930807	-0.021755634827216284	-0.011424060320346013	-0.0022535921012165703	0.01195500568210638	-0.007063657135378347	0.0003594373498474452	0.0004036059080804327	0.009161555509303441	0.0030648426973471526	3.1462064282149365e-05	0.004121858043664471	0.0008706465472169524	-0.003181079118482516	-0.007498732234933551	-0.002083510854479514	0.0010589803228946506	-0.00371596949392102	-0.0016735456483519063	-0.0021458494551321447	0.0004217761486219237	0.00013877740954195084	-3.238827276187419e-05	2.5950792889751218e-05	-0.00017725501372044763	0.0005240043013086951	9.239406063891577e-05	-0.0001369994526097418	-4.825641313434727e-05	8.875915041507852e-06	-6.550915173904286e-07	0.0	-0.0	0.0	-0.0	0.0	0.0	-0.0	-0.0	0.0	0.0	0.0	0.0	0.0	0.0	-0.0	0.0	0.0	-0.0	0.0	0.0	0.0	-0.0	0.0	-0.0	0.0	0.0	-0.0	-0.0	-0.0	0.0	0.0	0.0	-0.0	0.0	0.0	0.0	0.0	0.0	0.0	-0.0	0.0	0.0	-0.0	-0.0	0.0	0.0	0.0	-0.0	0.0	-0.0	0.0	-0.0	-0.0	-0.0	0.0	0.0	0.0	0.0	0.0	0.0	0.0	0.0	0.0	0.0	0.0	0.0	0.0	0.0	0.0	0.0	0.0	0.0	0.0	0.0	0.0	0.0	0.0	0.0	0.0	0.0	0.0	0.0	0.0	0.0	0.0	0.0	0.0	0.0	0.0	0.0	0.0	0.0	0.0	0.0	0.0	0.0	0.0	0.0	0.0	0.0	0.0	0.0	0.0	0.0	0.0	0.0	0.0	0.0	0.0	0.0	0.0	0.0	0.0	0.0	0.0	0.0	0.0	0.0	0.0	0.0	0.0	0.0	0.0	0.0	0.0	0.0	0.0	0.0	0.0	0.0	0.0	0.0	0.0	0.0	0.0	0.0	0.0	0.0	0.0	0.0	0.0	0.0	0.0	0.0	0.0	0.0	0.0	0.0	0.0	0.0	0.0	0.0	0.0	0.0	0.0	0.0	0.0
S2014F_E7-3-B-F	0.06600353477349959	0.061705011471655406	-0.010752877543544865	0.006540001885597803	0.016220414195084396	0.017025445202761696	0.033269073103654664	-0.004298945171034016	-0.03674817562959499	0.03260818581157363	0.01636709595835115	-0.008232208756346013	-0.007731440150458386	0.004314212908210409	0.002511025550108735	0.005003930568958215	0.0024841218915304165	0.0008602983148451634	-0.005721746044355064	0.004158448062310212	-0.0020895695854028142	0.0007180193698621101	-0.004501357629326666	-9.746968001314924e-05	0.005007929683587102	-0.004049491825083253	0.0010584431548274523	0.0009545013206897289	-0.0005715258939732177	0.00035083361277210535	-1.5098104897274494e-06	-0.0002519961249002419	3.3491908406249516e-05	4.950607706044094e-05	8.596676912445165e-05	-4.3072971360270834e-05	6.034079632319732e-07	0.0	-0.0	0.0	-0.0	0.0	0.0	-0.0	-0.0	0.0	0.0	0.0	0.0	0.0	0.0	0.0	0.0	-0.0	0.0	-0.0	-0.0	-0.0	0.0	0.0	0.0	-0.0	0.0	-0.0	-0.0	-0.0	0.0	0.0	-0.0	0.0	-0.0	0.0	-0.0	-0.0	-0.0	0.0	0.0	0.0	0.0	-0.0	-0.0	0.0	0.0	0.0	-0.0	0.0	-0.0	0.0	-0.0	-0.0	-0.0	0.0	0.0	0.0	0.0	0.0	0.0	0.0	0.0	0.0	0.0	0.0	0.0	0.0	0.0	0.0	0.0	0.0	0.0	0.0	0.0	0.0	0.0	0.0	0.0	0.0	0.0	0.0	0.0	0.0	0.0	0.0	0.0	0.0	0.0	0.0	0.0	0.0	0.0	0.0	0.0	0.0	0.0	0.0	0.0	0.0	0.0	0.0	0.0	0.0	0.0	0.0	0.0	0.0	0.0	0.0	0.0	0.0	0.0	0.0	0.0	0.0	0.0	0.0	0.0	0.0	0.0	0.0	0.0	0.0	0.0	0.0	0.0	0.0	0.0	0.0	0.0	0.0	0.0	0.0	0.0	0.0	0.0	0.0	0.0	0.0	0.0	0.0	0.0	0.0	0.0	0.0	0.0	0.0	0.0	0.0	0.0	0.0	0.0	0.0	0.0	0.0	0.0	0.0
S2014F_E7-3-C-F	0.06885861860684418	0.06385136529619567	0.005922180209972778	0.0176988964171809	0.0065335429796293375	0.034401991397714604	0.027378743166818514	-0.03349313104340959	-0.01796005391645592	-0.004141923176480387	0.017372700553301392	-0.012051047437346944	0.03342669246397833	0.0042745620193218445	-0.0347676076329942	-0.005163442687396628	0.00433114517486979	-0.00850715355258823	0.006433733492658099	0.005648558174507221	0.0027519670144402395	-0.0048417858161869795	-0.0015030473725371023	9.17543286655677e-05	0.00041699580645198844	0.00036557437984010253	-0.0002801530905119225	-0.00014180941886052275	0.00021982074486823954	0.00023679238033211361	0.00021003786788622997	-8.997940541911752e-05	1.892359781564136e-05	2.6508092505618943e-05	1.5422625387172054e-05	1.2193346516021019e-06	-5.349167736505999e-08	0.0	-0.0	0.0	-0.0	0.0	0.0	-0.0	-0.0	0.0	0.0	0.0	0.0	0.0	-0.0	-0.0	0.0	0.0	-0.0	0.0	0.0	0.0	0.0	-0.0	-0.0	-0.0	0.0	0.0	-0.0	-0.0	0.0	0.0	-0.0	0.0	-0.0	-0.0	0.0	0.0	-0.0	-0.0	-0.0	0.0	0.0	-0.0	-0.0	0.0	0.0	0.0	-0.0	0.0	-0.0	0.0	-0.0	-0.0	-0.0	0.0	0.0	0.0	0.0	0.0	0.0	0.0	0.0	0.0	0.0	0.0	0.0	0.0	0.0	0.0	0.0	0.0	0.0	0.0	0.0	0.0	0.0	0.0	0.0	0.0	0.0	0.0	0.0	0.0	0.0	0.0	0.0	0.0	0.0	0.0	0.0	0.0	0.0	0.0	0.0	0.0	0.0	0.0	0.0	0.0	0.0	0.0	0.0	0.0	0.0	0.0	0.0	0.0	0.0	0.0	0.0	0.0	0.0	0.0	0.0	0.0	0.0	0.0	0.0	0.0	0.0	0.0	0.0	0.0	0.0	0.0	0.0	0.0	0.0	0.0	0.0	0.0	0.0	0.0	0.0	0.0	0.0	0.0	0.0	0.0	0.0	0.0	0.0	0.0	0.0	0.0	0.0	0.0	0.0	0.0	0.0	0.0	0.0	0.0	0.0	0.0	0.0	0.0
S2014F_E9-2-A-F	0.03834099181825627	-0.004526660601017383	-0.009740771327299213	0.007445225604982753	-0.0007652315730117194	0.009808402487814444	-0.016022126524498984	0.002582100055375813	-0.004568975888151209	-0.00862085762389672	-0.0009253670760637821	-0.00429395140186126	0.0008640299148515992	0.0014443886547976321	0.001694773493230293	-0.0018690230402365936	-0.0025119848667650743	-0.0010429716467114747	0.0004477359428671654	-0.0014081549340030635	-2.647480706899837e-05	0.00027015083945706043	-0.0004696647790572474	-7.801829477774579e-05	0.00021313416564284514	-0.00022748483823541645	-0.00021895676372802984	1.407312328558487e-06	-0.00032870757825140376	6.873408698211628e-05	-0.00010743397894612992	0.00017214898499595324	-0.0003359263192272531	0.00015257622503920323	0.00014857049145929304	-0.00010516219594072273	1.3939975948705731e-06	0.0	0.0	0.0	0.0	0.0	-0.0	-0.0	0.0	0.0	0.0	0.0	-0.0	-0.0	0.0	0.0	-0.0	0.0	-0.0	0.0	-0.0	0.0	0.0	-0.0	-0.0	0.0	0.0	-0.0	0.0	-0.0	-0.0	0.0	0.0	0.0	-0.0	-0.0	0.0	0.0	-0.0	-0.0	0.0	0.0	0.0	0.0	0.0	-0.0	0.0	-0.0	-0.0	-0.0	-0.0	0.0	-0.0	0.0	0.0	-0.0	-0.0	0.0	0.0	0.0	0.0	0.0	0.0	0.0	0.0	0.0	0.0	0.0	0.0	0.0	0.0	0.0	0.0	0.0	0.0	0.0	0.0	0.0	0.0	0.0	0.0	0.0	0.0	0.0	0.0	0.0	0.0	0.0	0.0	0.0	0.0	0.0	0.0	0.0	0.0	0.0	0.0	0.0	0.0	0.0	0.0	0.0	0.0	0.0	0.0	0.0	0.0	0.0	0.0	0.0	0.0	0.0	0.0	0.0	0.0	0.0	0.0	0.0	0.0	0.0	0.0	0.0	0.0	0.0	0.0	0.0	0.0	0.0	0.0	0.0	0.0	0.0	0.0	0.0	0.0	0.0	0.0	0.0	0.0	0.0	0.0	0.0	0.0	0.0	0.0	0.0	0.0	0.0	0.0	0.0	0.0	0.0	0.0	0.0	0.0	0.0	0.0	0.0
S2014F_E9-2-B-F	0.04072488740050153	-0.0034616954488030072	-0.01020251992356056	0.0069431909882901694	-0.002320983525480186	0.006012097582616395	-0.020435325076132355	0.009249949367299224	-0.006598146295988442	-0.003702010117100052	0.01431138225323698	-0.0014803225030535177	-0.004492288858634225	-0.0008826793502847044	0.0005919475969208363	-0.0019633368775644547	-0.0012201871020310771	-0.0024537234320450105	-0.003118407255675922	0.004998953843544668	-0.0008364331958270792	0.00029009700203383866	-0.0004391424665942591	0.0004713192506893417	0.0016635075905395244	6.568384489975112e-05	0.0005479759476287893	5.391505671419475e-05	0.00012870296185155656	-7.04609896307209e-05	0.0005070281291119168	1.0500042093020444e-06	-3.453670657629376e-05	7.347123519577853e-05	7.821688260074843e-08	-3.015372308346146e-05	1.1349251613487716e-07	0.0	-0.0	0.0	-0.0	0.0	0.0	-0.0	-0.0	0.0	0.0	0.0	0.0	0.0	-0.0	-0.0	0.0	-0.0	0.0	-0.0	0.0	-0.0	0.0	-0.0	-0.0	-0.0	0.0	-0.0	-0.0	-0.0	0.0	0.0	0.0	0.0	0.0	-0.0	0.0	-0.0	0.0	-0.0	-0.0	0.0	0.0	-0.0	-0.0	0.0	0.0	0.0	-0.0	0.0	-0.0	0.0	-0.0	-0.0	-0.0	0.0	0.0	0.0	0.0	0.0	0.0	0.0	0.0	0.0	0.0	0.0	0.0	0.0	0.0	0.0	0.0	0.0	0.0	0.0	0.0	0.0	0.0	0.0	0.0	0.0	0.0	0.0	0.0	0.0	0.0	0.0	0.0	0.0	0.0	0.0	0.0	0.0	0.0	0.0	0.0	0.0	0.0	0.0	0.0	0.0	0.0	0.0	0.0	0.0	0.0	0.0	0.0	0.0	0.0	0.0	0.0	0.0	0.0	0.0	0.0	0.0	0.0	0.0	0.0	0.0	0.0	0.0	0.0	0.0	0.0	0.0	0.0	0.0	0.0	0.0	0.0	0.0	0.0	0.0	0.0	0.0	0.0	0.0	0.0	0.0	0.0	0.0	0.0	0.0	0.0	0.0	0.0	0.0	0.0	0.0	0.0	0.0	0.0	0.0	0.0	0.0	0.0	0.0
S2014F_E9-2-C-F	0.04395166885951459	0.0037849860814069785	-0.013901225500570326	0.017563319737743	0.009440400037452517	-0.02054047270262249	-0.022623182893737513	0.0019645321856225314	0.008585036049300167	-0.011065146465440557	-0.007137734821110083	-0.0008095299894572821	0.004435229606097893	-0.0012545038637416072	0.0011548034477598006	-0.001086193242471483	-0.00662512287883738	-0.0020375036862044535	0.00125221673013645	-0.0035518540325513385	0.00021511450993826897	4.66177189191074e-05	-0.0008406753927025994	-0.0009313636235170737	-0.0015416084692901316	0.0019463990034411804	0.00021700972527223853	-0.0015017788434124172	0.00011159660576911028	-0.0004407350288766492	-0.0005116407257292142	0.0005240635196596923	1.4933467923021213e-06	-0.0002442766010833733	-6.649710950053875e-05	0.00022248864347693684	-1.2615494099133236e-05	0.0	-0.0	0.0	-0.0	0.0	0.0	-0.0	-0.0	0.0	0.0	0.0	0.0	0.0	0.0	-0.0	0.0	0.0	-0.0	0.0	0.0	0.0	-0.0	0.0	-0.0	-0.0	-0.0	0.0	-0.0	-0.0	0.0	0.0	0.0	-0.0	0.0	-0.0	-0.0	0.0	0.0	-0.0	-0.0	0.0	0.0	-0.0	-0.0	0.0	0.0	0.0	-0.0	0.0	-0.0	0.0	-0.0	-0.0	-0.0	0.0	0.0	0.0	0.0	0.0	0.0	0.0	0.0	0.0	0.0	0.0	0.0	0.0	0.0	0.0	0.0	0.0	0.0	0.0	0.0	0.0	0.0	0.0	0.0	0.0	0.0	0.0	0.0	0.0	0.0	0.0	0.0	0.0	0.0	0.0	0.0	0.0	0.0	0.0	0.0	0.0	0.0	0.0	0.0	0.0	0.0	0.0	0.0	0.0	0.0	0.0	0.0	0.0	0.0	0.0	0.0	0.0	0.0	0.0	0.0	0.0	0.0	0.0	0.0	0.0	0.0	0.0	0.0	0.0	0.0	0.0	0.0	0.0	0.0	0.0	0.0	0.0	0.0	0.0	0.0	0.0	0.0	0.0	0.0	0.0	0.0	0.0	0.0	0.0	0.0	0.0	0.0	0.0	0.0	0.0	0.0	0.0	0.0	0.0	0.0	0.0	0.0	0.0
S2014F_E9-3-A-F	0.03898839494584385	-0.0036739439488404175	-0.020705304732321694	0.00047519464023947067	0.0035827837963282715	0.007169620753304918	-0.014841208864261888	0.011206790208835997	-0.02084451068038409	0.008919591462096981	-0.015999264030940787	-0.005221787582860703	-0.0010945274010096939	0.005128039134601708	-5.1850057900418794e-05	-0.0023361152980642392	2.9954070972210627e-05	-0.0019426222548088786	5.28943452204838e-05	-0.003359996882745834	0.0008740893034393463	-0.002677781366724424	0.0004748717669237006	-0.002265470047125476	-0.0037883144352330194	0.0011921484788107446	-0.0010435414228686134	-0.0021231592838486034	0.0011968769361917421	0.0001711367972331997	-9.555086450103885e-05	-0.00019017366909629716	-9.247575945348537e-05	5.440588762604959e-05	2.7183193656386263e-05	-6.743679635431628e-05	2.851818892986208e-06	0.0	-0.0	0.0	-0.0	0.0	0.0	-0.0	-0.0	0.0	0.0	0.0	0.0	0.0	-0.0	0.0	0.0	-0.0	0.0	-0.0	-0.0	-0.0	-0.0	0.0	0.0	-0.0	-0.0	-0.0	-0.0	-0.0	0.0	0.0	0.0	-0.0	-0.0	0.0	0.0	0.0	0.0	0.0	0.0	0.0	0.0	-0.0	-0.0	0.0	0.0	0.0	-0.0	0.0	-0.0	0.0	-0.0	-0.0	-0.0	0.0	0.0	0.0	0.0	0.0	0.0	0.0	0.0	0.0	0.0	0.0	0.0	0.0	0.0	0.0	0.0	0.0	0.0	0.0	0.0	0.0	0.0	0.0	0.0	0.0	0.0	0.0	0.0	0.0	0.0	0.0	0.0	0.0	0.0	0.0	0.0	0.0	0.0	0.0	0.0	0.0	0.0	0.0	0.0	0.0	0.0	0.0	0.0	0.0	0.0	0.0	0.0	0.0	0.0	0.0	0.0	0.0	0.0	0.0	0.0	0.0	0.0	0.0	0.0	0.0	0.0	0.0	0.0	0.0	0.0	0.0	0.0	0.0	0.0	0.0	0.0	0.0	0.0	0.0	0.0	0.0	0.0	0.0	0.0	0.0	0.0	0.0	0.0	0.0	0.0	0.0	0.0	0.0	0.0	0.0	0.0	0.0	0.0	0.0	0.0	0.0	0.0	0.0
S2014F_E9-3-B-F	0.04893280812550175	-0.004239101646171214	-0.055565568144634064	-0.0006719711691471889	-0.012498662155655045	-0.06077937070432326	0.0282860664817457	0.022239512290100034	-0.028348469884216066	-0.003052889546901934	0.015833228985134912	0.0015122230714688606	-0.005172349626211159	0.002950484585777045	0.0033949147838465716	-0.0011568128274272631	-0.0140018135771437	0.0018739194552448914	0.019280488676375218	-0.0035914621431432413	0.014739672023096314	0.006579702794140479	-0.004533807886533149	-0.0005870071638589394	0.0026231262959400857	-0.0005325578080472082	0.000442183849350314	0.0009475923047405837	-0.00013736733533351668	-0.0009774835704252464	-0.00019826870251743044	1.2250091433762857e-05	-3.972301400944882e-05	-1.0852526113247576e-05	1.848399575455996e-06	1.0593463618234022e-05	-2.7464195580339876e-07	0.0	-0.0	0.0	-0.0	0.0	0.0	-0.0	-0.0	0.0	0.0	0.0	0.0	0.0	-0.0	-0.0	0.0	0.0	-0.0	0.0	0.0	0.0	-0.0	-0.0	-0.0	-0.0	-0.0	0.0	-0.0	-0.0	0.0	0.0	-0.0	-0.0	-0.0	0.0	-0.0	-0.0	0.0	-0.0	-0.0	0.0	0.0	-0.0	-0.0	0.0	0.0	0.0	-0.0	0.0	-0.0	0.0	-0.0	-0.0	-0.0	0.0	0.0	0.0	0.0	0.0	0.0	0.0	0.0	0.0	0.0	0.0	0.0	0.0	0.0	0.0	0.0	0.0	0.0	0.0	0.0	0.0	0.0	0.0	0.0	0.0	0.0	0.0	0.0	0.0	0.0	0.0	0.0	0.0	0.0	0.0	0.0	0.0	0.0	0.0	0.0	0.0	0.0	0.0	0.0	0.0	0.0	0.0	0.0	0.0	0.0	0.0	0.0	0.0	0.0	0.0	0.0	0.0	0.0	0.0	0.0	0.0	0.0	0.0	0.0	0.0	0.0	0.0	0.0	0.0	0.0	0.0	0.0	0.0	0.0	0.0	0.0	0.0	0.0	0.0	0.0	0.0	0.0	0.0	0.0	0.0	0.0	0.0	0.0	0.0	0.0	0.0	0.0	0.0	0.0	0.0	0.0	0.0	0.0	0.0	0.0	0.0	0.0	0.0
S2014F_E9-3-C-F	0.06496817315451436	0.007042658615389498	0.005136325839499442	-0.04197207873950667	0.022163805955718634	-0.03929650193981492	-0.02029622196749924	0.005264834307320553	0.004768840534616639	0.03124163534615448	-0.006110726913542047	0.014522470466329384	0.002577012375696057	-0.0035204432007270546	-0.002796809886420501	-0.0006453100958636634	-0.002710909001170312	0.0005642187768029588	-0.004227932625262929	0.00523885205909816	0.0033528533871555024	0.0036186686387578294	-0.0016265703394418376	-0.00015957564541369166	0.004489164353600342	-0.0025627418527658266	0.0003433522346990836	0.0013381861127803808	-0.0013321265560475096	0.0001222709497873143	0.00022581720684191017	0.00010036199671074441	2.5314762436796605e-05	-4.255510870655727e-05	4.294010273771133e-06	3.488903198019095e-05	-2.3083473124899722e-06	0.0	-0.0	0.0	-0.0	0.0	0.0	-0.0	-0.0	0.0	0.0	0.0	0.0	0.0	0.0	-0.0	0.0	0.0	-0.0	0.0	0.0	0.0	-0.0	0.0	-0.0	-0.0	-0.0	0.0	-0.0	-0.0	0.0	0.0	0.0	-0.0	-0.0	-0.0	-0.0	0.0	0.0	-0.0	-0.0	0.0	0.0	-0.0	-0.0	0.0	0.0	0.0	-0.0	0.0	-0.0	0.0	-0.0	-0.0	-0.0	0.0	0.0	0.0	0.0	0.0	0.0	0.0	0.0	0.0	0.0	0.0	0.0	0.0	0.0	0.0	0.0	0.0	0.0	0.0	0.0	0.0	0.0	0.0	0.0	0.0	0.0	0.0	0.0	0.0	0.0	0.0	0.0	0.0	0.0	0.0	0.0	0.0	0.0	0.0	0.0	0.0	0.0	0.0	0.0	0.0	0.0	0.0	0.0	0.0	0.0	0.0	0.0	0.0	0.0	0.0	0.0	0.0	0.0	0.0	0.0	0.0	0.0	0.0	0.0	0.0	0.0	0.0	0.0	0.0	0.0	0.0	0.0	0.0	0.0	0.0	0.0	0.0	0.0	0.0	0.0	0.0	0.0	0.0	0.0	0.0	0.0	0.0	0.0	0.0	0.0	0.0	0.0	0.0	0.0	0.0	0.0	0.0	0.0	0.0	0.0	0.0	0.0	0.0
S2014m_E2-1-A-F	0.05069224746863553	-0.04998114878598271	0.026848932590644362	0.03182846100507892	0.00816967354422893	0.01542370595866473	-0.0009606532707164459	0.011877357793346305	0.009223224080185383	0.006514294833260019	-0.004827968158145377	0.012184109896772693	0.00687061531504194	0.01937204475123702	-0.0052284816310181215	0.003676885583619832	-0.0046761288611529275	0.013744885035837753	-0.0035957821586392403	-0.007848986349156465	-0.0007487927500228761	-0.0010565684943816748	-0.0007427040391712854	-0.0005806424578218491	-5.396074556624522e-05	0.001651862844452408	-0.0008694734415651115	-0.0006218002998009938	0.0016062308954385672	-0.0003284432604998024	0.0018434139463864509	-0.00017773928239423243	-4.946989457270426e-05	0.00011074096840483217	-9.158045911528977e-05	-4.9241068026751426e-05	2.7696253035817047e-06	0.0	-0.0	0.0	-0.0	0.0	0.0	-0.0	-0.0	0.0	0.0	0.0	0.0	0.0	-0.0	-0.0	0.0	0.0	0.0	-0.0	-0.0	-0.0	-0.0	-0.0	-0.0	0.0	-0.0	0.0	-0.0	-0.0	0.0	0.0	0.0	0.0	-0.0	-0.0	0.0	-0.0	-0.0	0.0	0.0	0.0	0.0	-0.0	-0.0	0.0	0.0	0.0	-0.0	0.0	-0.0	0.0	-0.0	-0.0	-0.0	0.0	0.0	0.0	0.0	0.0	0.0	0.0	0.0	0.0	0.0	0.0	0.0	0.0	0.0	0.0	0.0	0.0	0.0	0.0	0.0	0.0	0.0	0.0	0.0	0.0	0.0	0.0	0.0	0.0	0.0	0.0	0.0	0.0	0.0	0.0	0.0	0.0	0.0	0.0	0.0	0.0	0.0	0.0	0.0	0.0	0.0	0.0	0.0	0.0	0.0	0.0	0.0	0.0	0.0	0.0	0.0	0.0	0.0	0.0	0.0	0.0	0.0	0.0	0.0	0.0	0.0	0.0	0.0	0.0	0.0	0.0	0.0	0.0	0.0	0.0	0.0	0.0	0.0	0.0	0.0	0.0	0.0	0.0	0.0	0.0	0.0	0.0	0.0	0.0	0.0	0.0	0.0	0.0	0.0	0.0	0.0	0.0	0.0	0.0	0.0	0.0	0.0	0.0
S2014M_E2-1-A-M	0.05305262388779806	-0.04981237796402102	0.027265509005137634	0.03157202370064767	0.0073399104830189615	0.010156071584207891	-0.005120663750143586	0.02123238620610043	0.006059996918131899	0.01406980164048024	0.015711432573718594	0.016524722667700983	-0.00035228889498080103	0.015675030348964124	-0.006278964351487309	0.003619294803058703	-0.004344832147468586	0.011189819013815121	-0.008093355719975215	0.003808735942800147	-0.00011008202228221913	-0.0047873899615800365	-0.001969722480453532	0.00039516565788183576	0.002414124991240585	0.0013217054715486268	-0.00011824730969845753	-0.0006641790882205165	-0.00040123383396633325	0.0005289323767128597	-0.00047823672496831167	0.00015648462611443447	2.4430890253525146e-05	-0.00011406981175928293	3.622905886935335e-05	4.33210331125755e-05	-2.585939966188483e-06	0.0	-0.0	0.0	-0.0	0.0	0.0	-0.0	-0.0	0.0	0.0	0.0	0.0	0.0	0.0	-0.0	0.0	-0.0	-0.0	0.0	0.0	0.0	0.0	0.0	0.0	-0.0	0.0	-0.0	-0.0	-0.0	0.0	0.0	-0.0	-0.0	0.0	0.0	-0.0	0.0	0.0	-0.0	-0.0	0.0	0.0	-0.0	-0.0	0.0	0.0	0.0	-0.0	0.0	-0.0	0.0	-0.0	-0.0	-0.0	0.0	0.0	0.0	0.0	0.0	0.0	0.0	0.0	0.0	0.0	0.0	0.0	0.0	0.0	0.0	0.0	0.0	0.0	0.0	0.0	0.0	0.0	0.0	0.0	0.0	0.0	0.0	0.0	0.0	0.0	0.0	0.0	0.0	0.0	0.0	0.0	0.0	0.0	0.0	0.0	0.0	0.0	0.0	0.0	0.0	0.0	0.0	0.0	0.0	0.0	0.0	0.0	0.0	0.0	0.0	0.0	0.0	0.0	0.0	0.0	0.0	0.0	0.0	0.0	0.0	0.0	0.0	0.0	0.0	0.0	0.0	0.0	0.0	0.0	0.0	0.0	0.0	0.0	0.0	0.0	0.0	0.0	0.0	0.0	0.0	0.0	0.0	0.0	0.0	0.0	0.0	0.0	0.0	0.0	0.0	0.0	0.0	0.0	0.0	0.0	0.0	0.0	0.0
S2014m_E2-1-B-F	0.038340991818256266	-0.004526660601017382	-0.009740771327299216	0.007445225604982755	-0.0007652315730117195	0.009808402487814448	-0.01602212652449898	0.002582100055375806	-0.004568975888151211	-0.008620857623896716	-0.0009253670760637676	-0.004293951401861256	0.0008640299148515939	0.001444388654797646	0.0016947734932302502	-0.0018690230402366136	-0.0025119848667651233	-0.0010429716467114782	0.00044773594286719236	-0.0014081549340030405	-2.647480706898886e-05	0.00027015083945698513	-0.0004696647790571545	-7.801829477789019e-05	0.00021313416564286387	-0.00022748483823531042	-0.00021895676372802832	1.4073123286442879e-06	-0.0003287075782516735	6.873408698197416e-05	-0.00010743397894579885	0.00017214898499561335	-0.000335926319227718	0.00015257622503815396	0.0001485704914589194	-0.00010516219594084301	1.393997581459241e-06	-0.0	-0.0	-0.0	-0.0	-0.0	-0.0	0.0	0.0	-0.0	-0.0	0.0	-0.0	0.0	0.0	0.0	-0.0	0.0	-0.0	0.0	-0.0	0.0	0.0	-0.0	-0.0	0.0	0.0	-0.0	0.0	-0.0	0.0	0.0	0.0	0.0	-0.0	-0.0	0.0	0.0	-0.0	-0.0	0.0	0.0	-0.0	-0.0	-0.0	-0.0	0.0	-0.0	0.0	-0.0	0.0	0.0	0.0	0.0	-0.0	-0.0	-0.0	0.0	0.0	0.0	0.0	0.0	0.0	0.0	0.0	0.0	0.0	0.0	0.0	0.0	0.0	0.0	0.0	0.0	0.0	0.0	0.0	0.0	0.0	0.0	0.0	0.0	0.0	0.0	0.0	0.0	0.0	0.0	0.0	0.0	0.0	0.0	0.0	0.0	0.0	0.0	0.0	0.0	0.0	0.0	0.0	0.0	0.0	0.0	0.0	0.0	0.0	0.0	0.0	0.0	0.0	0.0	0.0	0.0	0.0	0.0	0.0	0.0	0.0	0.0	0.0	0.0	0.0	0.0	0.0	0.0	0.0	0.0	0.0	0.0	0.0	0.0	0.0	0.0	0.0	0.0	0.0	0.0	0.0	0.0	0.0	0.0	0.0	0.0	0.0	0.0	0.0	0.0	0.0	0.0	0.0	0.0	0.0	0.0	0.0	0.0	0.0	0.0
S2014M_E2-1-B-M	0.0407248912854025	-0.0034616920510503624	-0.010202515657781795	0.0069431988911950815	-0.002320989438938354	0.006012099190967436	-0.02043531643420109	0.009249958295511472	-0.0065981435759975	-0.0037020003391255015	0.014311373596890106	-0.0014803135842893468	-0.0044922962637896245	-0.0008826588060310215	0.000591943911679619	-0.001963312181705918	-0.0012202040537073195	-0.0024537186743364427	-0.00311842169922983	0.0049989416322656225	-0.0008364092394260861	0.00029006032716617373	-0.0004391179665889111	0.0004713286100877062	0.0016634298023096583	6.565380954878706e-05	0.0005479661344684827	5.3880330359355885e-05	0.00012856131105582229	-7.035244141444088e-05	0.000507168125487819	1.0995119994983404e-06	-3.448211600251115e-05	7.365683455386673e-05	5.4490143550169257e-08	-2.9937960012963085e-05	-2.4951839154067016e-06	0.0	-0.0	0.0	-0.0	0.0	0.0	-0.0	-0.0	0.0	0.0	0.0	0.0	0.0	0.0	0.0	0.0	-0.0	0.0	-0.0	-0.0	0.0	-0.0	-0.0	0.0	0.0	0.0	0.0	-0.0	-0.0	0.0	0.0	0.0	-0.0	-0.0	0.0	0.0	-0.0	0.0	0.0	0.0	0.0	0.0	-0.0	-0.0	0.0	0.0	0.0	-0.0	0.0	-0.0	0.0	-0.0	-0.0	-0.0	0.0	0.0	0.0	0.0	0.0	0.0	0.0	0.0	0.0	0.0	0.0	0.0	0.0	0.0	0.0	0.0	0.0	0.0	0.0	0.0	0.0	0.0	0.0	0.0	0.0	0.0	0.0	0.0	0.0	0.0	0.0	0.0	0.0	0.0	0.0	0.0	0.0	0.0	0.0	0.0	0.0	0.0	0.0	0.0	0.0	0.0	0.0	0.0	0.0	0.0	0.0	0.0	0.0	0.0	0.0	0.0	0.0	0.0	0.0	0.0	0.0	0.0	0.0	0.0	0.0	0.0	0.0	0.0	0.0	0.0	0.0	0.0	0.0	0.0	0.0	0.0	0.0	0.0	0.0	0.0	0.0	0.0	0.0	0.0	0.0	0.0	0.0	0.0	0.0	0.0	0.0	0.0	0.0	0.0	0.0	0.0	0.0	0.0	0.0	0.0	0.0	0.0	0.0
S2014m_E2-1-C-F	0.0497629276088259	-0.04419705297893847	0.01047941688202786	0.05005022843176744	-0.0036080918222620158	0.009104596236205279	-0.008563448362687947	0.013814082258749751	0.00242372924598207	0.017946578512742624	0.014195255075308392	0.0029098310213522345	-0.005896099515029756	-0.00614587251869148	-0.0016398605164299866	-0.0030447722049382485	0.001681291601685296	-0.004034878424634244	-0.002621887424367623	0.008128251370029078	-5.047657844506496e-06	0.00031609198932215995	0.0004910029476189066	0.0003175101250810005	0.001162949900487894	-0.0006333857808096556	0.0007119423026105291	0.0003063798091543939	-0.001026186381670658	0.0002889887827718075	-0.00017496613453521414	4.8415702132396986e-05	-2.0674074621609685e-05	-2.2727778497382662e-05	-2.7628442509641076e-06	8.291082274849277e-05	-3.65123416777908e-06	0.0	-0.0	0.0	-0.0	0.0	0.0	-0.0	-0.0	0.0	0.0	0.0	0.0	0.0	-0.0	-0.0	0.0	0.0	-0.0	0.0	-0.0	0.0	-0.0	-0.0	-0.0	-0.0	-0.0	0.0	-0.0	-0.0	0.0	0.0	0.0	0.0	0.0	-0.0	0.0	0.0	0.0	-0.0	-0.0	0.0	0.0	-0.0	-0.0	0.0	0.0	0.0	-0.0	0.0	-0.0	0.0	-0.0	-0.0	-0.0	0.0	0.0	0.0	0.0	0.0	0.0	0.0	0.0	0.0	0.0	0.0	0.0	0.0	0.0	0.0	0.0	0.0	0.0	0.0	0.0	0.0	0.0	0.0	0.0	0.0	0.0	0.0	0.0	0.0	0.0	0.0	0.0	0.0	0.0	0.0	0.0	0.0	0.0	0.0	0.0	0.0	0.0	0.0	0.0	0.0	0.0	0.0	0.0	0.0	0.0	0.0	0.0	0.0	0.0	0.0	0.0	0.0	0.0	0.0	0.0	0.0	0.0	0.0	0.0	0.0	0.0	0.0	0.0	0.0	0.0	0.0	0.0	0.0	0.0	0.0	0.0	0.0	0.0	0.0	0.0	0.0	0.0	0.0	0.0	0.0	0.0	0.0	0.0	0.0	0.0	0.0	0.0	0.0	0.0	0.0	0.0	0.0	0.0	0.0	0.0	0.0	0.0	0.0
S2014m_E2-1-C-M	0.04159164374426999	-0.012436814038353578	-0.006517941214656662	0.01566510418691919	-0.0003209937898293853	0.008689095083670322	-0.018754922347273235	0.01068568716218533	-0.00843655088859576	-0.00414301384505703	0.00972621819600801	0.0030351969420573323	-0.009488414184456924	-0.010914951810281615	-0.007109759740048488	0.019764098122395376	0.00537557985898501	0.0022693949769981014	-0.0006455058765470941	0.008642703222884577	0.0036282196675644285	0.0012438458273900375	0.0022001288793238034	0.001056277547848738	0.000904581895902185	-0.002082039540839333	5.006405413489674e-05	0.0012207655481835194	0.0008482141140132748	9.242371477348745e-05	-0.000848558205640013	-6.273889666679827e-07	-1.890067996131969e-05	-0.00010525185766940816	4.212425085868715e-05	3.7017004703435654e-05	-1.4368870458321443e-06	0.0	-0.0	0.0	-0.0	0.0	0.0	-0.0	-0.0	0.0	0.0	0.0	0.0	0.0	0.0	0.0	0.0	-0.0	-0.0	0.0	0.0	0.0	-0.0	-0.0	0.0	-0.0	-0.0	-0.0	-0.0	-0.0	0.0	0.0	0.0	-0.0	-0.0	0.0	-0.0	-0.0	-0.0	-0.0	-0.0	0.0	0.0	-0.0	-0.0	0.0	0.0	0.0	-0.0	0.0	-0.0	0.0	-0.0	-0.0	-0.0	0.0	0.0	0.0	0.0	0.0	0.0	0.0	0.0	0.0	0.0	0.0	0.0	0.0	0.0	0.0	0.0	0.0	0.0	0.0	0.0	0.0	0.0	0.0	0.0	0.0	0.0	0.0	0.0	0.0	0.0	0.0	0.0	0.0	0.0	0.0	0.0	0.0	0.0	0.0	0.0	0.0	0.0	0.0	0.0	0.0	0.0	0.0	0.0	0.0	0.0	0.0	0.0	0.0	0.0	0.0	0.0	0.0	0.0	0.0	0.0	0.0	0.0	0.0	0.0	0.0	0.0	0.0	0.0	0.0	0.0	0.0	0.0	0.0	0.0	0.0	0.0	0.0	0.0	0.0	0.0	0.0	0.0	0.0	0.0	0.0	0.0	0.0	0.0	0.0	0.0	0.0	0.0	0.0	0.0	0.0	0.0	0.0	0.0	0.0	0.0	0.0	0.0	0.0
S2014m_E2-2-A-M	0.038340991818256266	-0.004526660601017388	-0.00974077132729922	0.007445225604982753	-0.0007652315730117132	0.00980840248781446	-0.016022126524498994	0.002582100055375808	-0.004568975888151206	-0.00862085762389672	-0.0009253670760637743	-0.004293951401861257	0.0008640299148515865	0.0014443886547976224	0.0016947734932302337	-0.0018690230402366092	-0.0025119848667651008	-0.001042971646711457	0.00044773594286718016	-0.001408154934003037	-2.6474807068982263e-05	0.00027015083945699045	-0.00046966477905723263	-7.80182947779392e-05	0.00021313416564285286	-0.00022748483823528855	-0.00021895676372804998	1.407312328674402e-06	-0.00032870757825183164	6.873408698193565e-05	-0.00010743397894574964	0.00017214898499560963	-0.00033592631922777015	0.00015257622503827144	0.00014857049145869193	-0.00010516219594103914	1.3939975803621015e-06	-0.0	0.0	-0.0	-0.0	-0.0	-0.0	0.0	-0.0	-0.0	-0.0	0.0	-0.0	0.0	0.0	0.0	-0.0	0.0	-0.0	0.0	-0.0	0.0	0.0	-0.0	-0.0	0.0	0.0	-0.0	0.0	-0.0	-0.0	-0.0	0.0	0.0	-0.0	-0.0	0.0	0.0	-0.0	-0.0	0.0	-0.0	-0.0	0.0	-0.0	-0.0	0.0	0.0	0.0	-0.0	0.0	-0.0	-0.0	0.0	0.0	-0.0	-0.0	0.0	0.0	0.0	0.0	0.0	0.0	0.0	0.0	0.0	0.0	0.0	0.0	0.0	0.0	0.0	0.0	0.0	0.0	0.0	0.0	0.0	0.0	0.0	0.0	0.0	0.0	0.0	0.0	0.0	0.0	0.0	0.0	0.0	0.0	0.0	0.0	0.0	0.0	0.0	0.0	0.0	0.0	0.0	0.0	0.0	0.0	0.0	0.0	0.0	0.0	0.0	0.0	0.0	0.0	0.0	0.0	0.0	0.0	0.0	0.0	0.0	0.0	0.0	0.0	0.0	0.0	0.0	0.0	0.0	0.0	0.0	0.0	0.0	0.0	0.0	0.0	0.0	0.0	0.0	0.0	0.0	0.0	0.0	0.0	0.0	0.0	0.0	0.0	0.0	0.0	0.0	0.0	0.0	0.0	0.0	0.0	0.0	0.0	0.0	0.0	0.0
S2014m_E2-2-B-M	0.047411944032818384	-0.044449560852456056	0.010319794939296136	0.0499833782351659	-0.002427727526906696	0.0140964231664585	-0.004375266443179584	0.0044859420885428394	0.005266155389942034	0.010542824828110144	-0.005587024599900519	-0.0012276411954155846	0.0011585079664200653	-0.0026074945260700423	-0.0003552980552305769	-0.002466532971857159	0.0007447763876346026	-0.0014849002364129113	0.001953838364928687	-0.0022314464563091187	-0.0005709243720898276	0.0025258041341223738	0.00029993135285347113	-0.0009194049884037938	0.00015358020031952193	0.00016853901240305362	8.170453418567062e-05	0.00021204350839243167	0.00033528305242464527	-0.000364412483074378	-8.61570964031135e-06	3.418841202270322e-05	5.338371887101318e-06	8.127024464005432e-06	2.2157197844786633e-05	-2.849877832920129e-05	1.1592395771757887e-06	-0.0	-0.0	0.0	-0.0	0.0	0.0	-0.0	0.0	-0.0	-0.0	0.0	-0.0	-0.0	0.0	0.0	0.0	-0.0	-0.0	0.0	0.0	-0.0	0.0	0.0	0.0	-0.0	0.0	0.0	0.0	-0.0	-0.0	-0.0	0.0	-0.0	0.0	-0.0	-0.0	0.0	0.0	0.0	0.0	0.0	0.0	0.0	0.0	-0.0	0.0	0.0	0.0	-0.0	-0.0	0.0	-0.0	0.0	0.0	0.0	-0.0	0.0	0.0	0.0	0.0	0.0	0.0	0.0	0.0	0.0	0.0	0.0	0.0	0.0	0.0	0.0	0.0	0.0	0.0	0.0	0.0	0.0	0.0	0.0	0.0	0.0	0.0	0.0	0.0	0.0	0.0	0.0	0.0	0.0	0.0	0.0	0.0	0.0	0.0	0.0	0.0	0.0	0.0	0.0	0.0	0.0	0.0	0.0	0.0	0.0	0.0	0.0	0.0	0.0	0.0	0.0	0.0	0.0	0.0	0.0	0.0	0.0	0.0	0.0	0.0	0.0	0.0	0.0	0.0	0.0	0.0	0.0	0.0	0.0	0.0	0.0	0.0	0.0	0.0	0.0	0.0	0.0	0.0	0.0	0.0	0.0	0.0	0.0	0.0	0.0	0.0	0.0	0.0	0.0	0.0	0.0	0.0	0.0	0.0	0.0	0.0	0.0
S2014m_E2-2-C-M	0.03834099181825627	-0.0045266606010173835	-0.00974077132729922	0.007445225604982756	-0.000765231573011714	0.009808402487814455	-0.016022126524498997	0.002582100055375807	-0.004568975888151222	-0.008620857623896713	-0.0009253670760637925	-0.004293951401861257	0.0008640299148515801	0.001444388654797625	0.0016947734932302285	-0.0018690230402366012	-0.0025119848667651025	-0.001042971646711481	0.00044773594286716563	-0.0014081549340030505	-2.6474807068979634e-05	0.0002701508394569906	-0.00046966477905725665	-7.801829477791442e-05	0.0002131341656428303	-0.00022748483823524504	-0.00021895676372803792	1.4073123286740122e-06	-0.0003287075782518831	6.87340869819411e-05	-0.00010743397894565753	0.00017214898499572342	-0.00033592631922782376	0.00015257622503824135	0.00014857049145895927	-0.00010516219594061091	1.3939975862960137e-06	-0.0	0.0	-0.0	-0.0	-0.0	0.0	-0.0	-0.0	-0.0	-0.0	0.0	-0.0	0.0	0.0	0.0	0.0	0.0	-0.0	0.0	-0.0	0.0	0.0	-0.0	-0.0	0.0	0.0	-0.0	-0.0	-0.0	0.0	-0.0	0.0	0.0	-0.0	-0.0	0.0	0.0	-0.0	-0.0	0.0	-0.0	-0.0	-0.0	-0.0	-0.0	-0.0	-0.0	-0.0	0.0	-0.0	0.0	-0.0	-0.0	-0.0	0.0	0.0	0.0	0.0	0.0	0.0	0.0	0.0	0.0	0.0	0.0	0.0	0.0	0.0	0.0	0.0	0.0	0.0	0.0	0.0	0.0	0.0	0.0	0.0	0.0	0.0	0.0	0.0	0.0	0.0	0.0	0.0	0.0	0.0	0.0	0.0	0.0	0.0	0.0	0.0	0.0	0.0	0.0	0.0	0.0	0.0	0.0	0.0	0.0	0.0	0.0	0.0	0.0	0.0	0.0	0.0	0.0	0.0	0.0	0.0	0.0	0.0	0.0	0.0	0.0	0.0	0.0	0.0	0.0	0.0	0.0	0.0	0.0	0.0	0.0	0.0	0.0	0.0	0.0	0.0	0.0	0.0	0.0	0.0	0.0	0.0	0.0	0.0	0.0	0.0	0.0	0.0	0.0	0.0	0.0	0.0	0.0	0.0	0.0	0.0	0.0	0.0	0.0
S2014m_E2-3-A-M	0.055223885625705633	0.03311271536197162	-0.00873723237806517	0.0018025920899497768	-0.014071548368726925	-0.03662469850456986	0.0027556503861187057	0.010700279939893231	-0.013921276331182382	0.023818352718619835	-0.0054929931136603145	0.007174786099707487	0.0077361212205983385	-0.005234734076021581	0.0039237529622974335	0.005444364372100152	-0.0012628562867489446	-0.002235404487686986	-0.0077459159241866716	0.003986583571371164	-0.0018566727106708732	0.005807433700630872	-0.004112792491882936	0.01397472617595773	0.0009977111844657288	0.006604700013951955	-0.0006733179449584163	-0.0005668170558743507	-0.0003886809872376447	0.0005198699985034501	-0.00019466076612760844	-3.317062864542229e-05	-3.89264255244116e-05	-2.6738260309543307e-05	-4.8768357274790195e-05	7.310446299600774e-05	-1.461004464365668e-06	0.0	-0.0	0.0	-0.0	0.0	0.0	-0.0	-0.0	0.0	0.0	0.0	0.0	0.0	-0.0	-0.0	0.0	0.0	-0.0	0.0	0.0	0.0	-0.0	-0.0	-0.0	-0.0	-0.0	0.0	-0.0	-0.0	0.0	0.0	0.0	-0.0	0.0	-0.0	0.0	0.0	0.0	-0.0	-0.0	0.0	0.0	-0.0	-0.0	0.0	0.0	0.0	-0.0	0.0	-0.0	0.0	-0.0	-0.0	-0.0	0.0	0.0	0.0	0.0	0.0	0.0	0.0	0.0	0.0	0.0	0.0	0.0	0.0	0.0	0.0	0.0	0.0	0.0	0.0	0.0	0.0	0.0	0.0	0.0	0.0	0.0	0.0	0.0	0.0	0.0	0.0	0.0	0.0	0.0	0.0	0.0	0.0	0.0	0.0	0.0	0.0	0.0	0.0	0.0	0.0	0.0	0.0	0.0	0.0	0.0	0.0	0.0	0.0	0.0	0.0	0.0	0.0	0.0	0.0	0.0	0.0	0.0	0.0	0.0	0.0	0.0	0.0	0.0	0.0	0.0	0.0	0.0	0.0	0.0	0.0	0.0	0.0	0.0	0.0	0.0	0.0	0.0	0.0	0.0	0.0	0.0	0.0	0.0	0.0	0.0	0.0	0.0	0.0	0.0	0.0	0.0	0.0	0.0	0.0	0.0	0.0	0.0	0.0
S2014m_E2-3-B-M	0.06369077266708843	0.04668520080786651	-0.01443313249333068	0.01802118783472227	0.024465060296669314	0.0431179440089326	0.002377295803847802	-0.025086375778167497	0.00457566902079424	0.010491622237727417	0.010630174891151128	-0.005014641905421018	0.0015774326158744993	-0.0009156457931369142	0.006892499685842418	0.0030338012720227897	-0.0014951982463479265	0.0033892813125242466	-0.0015888120245240844	-0.002407528214248445	-0.0001789314133615527	0.0022911848470622683	0.0009371739064822685	0.00377327241511871	-0.0007784404087808667	0.002546716081134649	-0.00010907147440697459	-0.00020960327501821398	-6.407583565467767e-05	3.4815155801757764e-05	-0.000160254742687635	-6.043665944936891e-05	-3.2425392500806246e-05	2.5173801956700167e-06	-1.322018579747508e-06	7.938888155241466e-06	-1.3483113813699402e-07	0.0	-0.0	-0.0	0.0	-0.0	0.0	-0.0	-0.0	0.0	0.0	-0.0	-0.0	0.0	0.0	-0.0	0.0	-0.0	-0.0	0.0	-0.0	0.0	0.0	-0.0	0.0	-0.0	-0.0	0.0	0.0	-0.0	0.0	-0.0	0.0	0.0	-0.0	-0.0	-0.0	0.0	0.0	-0.0	0.0	0.0	-0.0	-0.0	0.0	0.0	-0.0	-0.0	-0.0	-0.0	-0.0	0.0	-0.0	-0.0	0.0	0.0	-0.0	0.0	0.0	0.0	0.0	0.0	0.0	0.0	0.0	0.0	0.0	0.0	0.0	0.0	0.0	0.0	0.0	0.0	0.0	0.0	0.0	0.0	0.0	0.0	0.0	0.0	0.0	0.0	0.0	0.0	0.0	0.0	0.0	0.0	0.0	0.0	0.0	0.0	0.0	0.0	0.0	0.0	0.0	0.0	0.0	0.0	0.0	0.0	0.0	0.0	0.0	0.0	0.0	0.0	0.0	0.0	0.0	0.0	0.0	0.0	0.0	0.0	0.0	0.0	0.0	0.0	0.0	0.0	0.0	0.0	0.0	0.0	0.0	0.0	0.0	0.0	0.0	0.0	0.0	0.0	0.0	0.0	0.0	0.0	0.0	0.0	0.0	0.0	0.0	0.0	0.0	0.0	0.0	0.0	0.0	0.0	0.0	0.0	0.0	0.0	0.0	0.0
S2014m_E2-3-C-M	0.04486756415246926	0.009288198785152761	-0.0074912059761311585	0.0021332291985217853	-0.013459124781477427	0.015410379914820001	-0.01432316077516687	-0.005771146695525197	0.0060836727767424065	0.006901719795146159	-0.001451553926951455	0.003704185699337698	0.010315690431220343	-0.00678898257140762	0.005567727845992415	0.0018315102000432976	-0.0016960066386038568	0.0003917691869257467	-0.0016471145311475351	-0.0016095591050781528	0.0007309737763441858	0.004095619558702588	0.0006153943987287394	0.010042631362636901	-0.0018306769126749762	0.006256929566891128	-0.0003616471415286359	-0.000412663667568424	1.4678550775112556e-05	0.00011785839917044334	-0.00015598134382238543	7.109156149829755e-06	-8.488177731086168e-06	4.3549758624176395e-06	-2.2961774839450633e-05	5.9561690829830555e-06	3.505613464938557e-07	0.0	0.0	-0.0	0.0	0.0	-0.0	0.0	-0.0	-0.0	0.0	-0.0	-0.0	-0.0	-0.0	-0.0	0.0	0.0	0.0	-0.0	-0.0	-0.0	-0.0	0.0	-0.0	0.0	0.0	0.0	0.0	-0.0	-0.0	-0.0	-0.0	0.0	-0.0	0.0	0.0	-0.0	0.0	0.0	0.0	-0.0	0.0	0.0	-0.0	0.0	0.0	-0.0	-0.0	-0.0	0.0	-0.0	-0.0	-0.0	-0.0	0.0	-0.0	0.0	0.0	0.0	0.0	0.0	0.0	0.0	0.0	0.0	0.0	0.0	0.0	0.0	0.0	0.0	0.0	0.0	0.0	0.0	0.0	0.0	0.0	0.0	0.0	0.0	0.0	0.0	0.0	0.0	0.0	0.0	0.0	0.0	0.0	0.0	0.0	0.0	0.0	0.0	0.0	0.0	0.0	0.0	0.0	0.0	0.0	0.0	0.0	0.0	0.0	0.0	0.0	0.0	0.0	0.0	0.0	0.0	0.0	0.0	0.0	0.0	0.0	0.0	0.0	0.0	0.0	0.0	0.0	0.0	0.0	0.0	0.0	0.0	0.0	0.0	0.0	0.0	0.0	0.0	0.0	0.0	0.0	0.0	0.0	0.0	0.0	0.0	0.0	0.0	0.0	0.0	0.0	0.0	0.0	0.0	0.0	0.0	0.0	0.0	0.0	0.0
S2014m_E5-1-A-F	-0.12880183244078994	-0.004813095805276097	0.03147344529593594	-0.05702383112699507	0.04265991487725549	-0.007204964890497043	-0.04399296168538008	0.016827399130519186	-0.01944959127313414	0.0376201469056026	0.014975432086026537	0.0010318439644621455	-0.014559565682273592	0.004899092034010853	-0.004156144109955525	-0.010337310114193265	-0.002502696114491345	0.0010914732367110537	-0.002855178154376188	0.011447839142028366	-0.005119723420821874	0.0036301916379675465	0.009165573516136425	0.0034671760942408436	-0.004580355161724367	-0.0034627963081038274	-0.0022822710400861564	-0.0006599449459604104	0.0009195735489974307	0.0003711202775357003	0.0018566250898330843	-0.0002518657792048103	-1.6759243189000377e-05	0.0001105202684374172	-2.0394270860494954e-05	-3.3534580889136754e-05	1.710322954850341e-06	0.0	-0.0	0.0	-0.0	0.0	0.0	-0.0	-0.0	0.0	0.0	0.0	0.0	0.0	-0.0	-0.0	0.0	0.0	0.0	-0.0	-0.0	-0.0	0.0	0.0	-0.0	0.0	-0.0	-0.0	-0.0	-0.0	0.0	0.0	-0.0	0.0	-0.0	-0.0	0.0	-0.0	-0.0	0.0	0.0	0.0	0.0	-0.0	-0.0	0.0	0.0	0.0	-0.0	0.0	-0.0	0.0	-0.0	-0.0	-0.0	0.0	0.0	0.0	0.0	0.0	0.0	0.0	0.0	0.0	0.0	0.0	0.0	0.0	0.0	0.0	0.0	0.0	0.0	0.0	0.0	0.0	0.0	0.0	0.0	0.0	0.0	0.0	0.0	0.0	0.0	0.0	0.0	0.0	0.0	0.0	0.0	0.0	0.0	0.0	0.0	0.0	0.0	0.0	0.0	0.0	0.0	0.0	0.0	0.0	0.0	0.0	0.0	0.0	0.0	0.0	0.0	0.0	0.0	0.0	0.0	0.0	0.0	0.0	0.0	0.0	0.0	0.0	0.0	0.0	0.0	0.0	0.0	0.0	0.0	0.0	0.0	0.0	0.0	0.0	0.0	0.0	0.0	0.0	0.0	0.0	0.0	0.0	0.0	0.0	0.0	0.0	0.0	0.0	0.0	0.0	0.0	0.0	0.0	0.0	0.0	0.0	0.0	0.0
S2014M_E5-1-A-M	0.03834099590163418	-0.0045266696710225904	-0.009740772714253595	0.007445227078014082	-0.0007652416046661469	0.009808400648109493	-0.016022135897871582	0.002582093605971023	-0.004568999006799268	-0.008620870009255327	-0.0009253728284539634	-0.004293952626405447	0.0008640209196355573	0.0014443738086139567	0.0016947484391611324	-0.0018689906438796547	-0.002511995622098786	-0.001042961151740853	0.00044773951225693143	-0.001408129210642779	-2.646318974044915e-05	0.0002701836677817833	-0.0004696756146494853	-7.805021937748649e-05	0.00021307151735624577	-0.00022748301394004362	-0.0002189654634924555	1.426827895584364e-06	-0.0003287731357031109	6.894704693257606e-05	-0.00010731698920249226	0.00017215215381721148	-0.0003359173012233114	0.00015258408596947981	0.00014850473547328477	-0.0001050782293994334	1.3684883104926395e-06	-0.0	0.0	-0.0	0.0	-0.0	0.0	-0.0	0.0	0.0	0.0	-0.0	-0.0	0.0	0.0	-0.0	0.0	-0.0	0.0	-0.0	-0.0	-0.0	-0.0	0.0	-0.0	0.0	-0.0	0.0	-0.0	-0.0	-0.0	-0.0	-0.0	-0.0	0.0	0.0	-0.0	0.0	-0.0	-0.0	0.0	0.0	-0.0	-0.0	-0.0	0.0	0.0	-0.0	-0.0	-0.0	0.0	-0.0	-0.0	0.0	0.0	0.0	-0.0	0.0	0.0	0.0	0.0	0.0	0.0	0.0	0.0	0.0	0.0	0.0	0.0	0.0	0.0	0.0	0.0	0.0	0.0	0.0	0.0	0.0	0.0	0.0	0.0	0.0	0.0	0.0	0.0	0.0	0.0	0.0	0.0	0.0	0.0	0.0	0.0	0.0	0.0	0.0	0.0	0.0	0.0	0.0	0.0	0.0	0.0	0.0	0.0	0.0	0.0	0.0	0.0	0.0	0.0	0.0	0.0	0.0	0.0	0.0	0.0	0.0	0.0	0.0	0.0	0.0	0.0	0.0	0.0	0.0	0.0	0.0	0.0	0.0	0.0	0.0	0.0	0.0	0.0	0.0	0.0	0.0	0.0	0.0	0.0	0.0	0.0	0.0	0.0	0.0	0.0	0.0	0.0	0.0	0.0	0.0	0.0	0.0	0.0	0.0	0.0	0.0
S2014m_E5-1-B-F	0.038340997678275375	-0.004526665691057608	-0.009740769984781267	0.007445229256762554	-0.0007652446885870322	0.009808401742553492	-0.016022130344246346	0.002582107601504213	-0.004568987187583606	-0.008620881365351626	-0.000925367722455665	-0.004293946086892916	0.0008640273257772585	0.0014444005984450053	0.0016947464319543436	-0.0018689954606868433	-0.002511997952024963	-0.0010429496509255006	0.00044770280105819706	-0.0014081373410709042	-2.6429963877979433e-05	0.00027018814139297007	-0.0004696513965831912	-7.80384490941421e-05	0.00021310120204791444	-0.00022749561010771232	-0.00021899145669310548	1.4669405179737366e-06	-0.0003286789924717315	6.8855539623757e-05	-0.00010738440756512683	0.0001722232012990821	-0.0003358795501689882	0.00015252207865139991	0.0001485184199056795	-0.00010505734314016172	3.5601201202708262e-06	0.0	-0.0	0.0	-0.0	0.0	0.0	-0.0	-0.0	0.0	0.0	0.0	0.0	0.0	-0.0	-0.0	0.0	0.0	0.0	-0.0	0.0	0.0	0.0	0.0	0.0	0.0	-0.0	0.0	-0.0	-0.0	0.0	0.0	-0.0	-0.0	-0.0	0.0	0.0	0.0	0.0	-0.0	-0.0	0.0	0.0	-0.0	-0.0	0.0	0.0	0.0	-0.0	0.0	-0.0	0.0	-0.0	-0.0	-0.0	0.0	0.0	0.0	0.0	0.0	0.0	0.0	0.0	0.0	0.0	0.0	0.0	0.0	0.0	0.0	0.0	0.0	0.0	0.0	0.0	0.0	0.0	0.0	0.0	0.0	0.0	0.0	0.0	0.0	0.0	0.0	0.0	0.0	0.0	0.0	0.0	0.0	0.0	0.0	0.0	0.0	0.0	0.0	0.0	0.0	0.0	0.0	0.0	0.0	0.0	0.0	0.0	0.0	0.0	0.0	0.0	0.0	0.0	0.0	0.0	0.0	0.0	0.0	0.0	0.0	0.0	0.0	0.0	0.0	0.0	0.0	0.0	0.0	0.0	0.0	0.0	0.0	0.0	0.0	0.0	0.0	0.0	0.0	0.0	0.0	0.0	0.0	0.0	0.0	0.0	0.0	0.0	0.0	0.0	0.0	0.0	0.0	0.0	0.0	0.0	0.0	0.0	0.0
S2014M_E5-1-B-M	0.05325409542643242	-0.03377093523704187	0.025248377910336683	-0.027283895441464066	0.02306095934813536	0.008733681473656501	-0.018919798570948068	-0.005035062349528395	-0.006241157534691459	-0.016217998615640536	-0.006973644224778658	-0.0017778108441414851	-0.007569053022875873	-0.007039840736848671	-0.004515648955815473	0.023002702830601667	0.005055458047550904	0.005917411261317534	0.003544943001216845	-6.485774179340393e-05	-0.00025817347037296236	0.0034916194074931547	0.002312533536390575	2.5420390165986265e-07	0.0018073929968027015	0.0005468157722387223	0.0005602008008916036	-0.00015371385155369196	0.002903071057204882	0.0015581491941881753	0.001022554084701626	5.844892519360497e-07	-2.0155070173736165e-05	-6.707496992738405e-06	-9.936448061842483e-05	1.643764573540018e-05	1.3838759919948388e-06	0.0	-0.0	0.0	-0.0	0.0	0.0	-0.0	-0.0	0.0	0.0	0.0	0.0	0.0	-0.0	-0.0	0.0	0.0	0.0	-0.0	-0.0	-0.0	-0.0	0.0	-0.0	0.0	-0.0	-0.0	-0.0	-0.0	0.0	0.0	0.0	0.0	-0.0	0.0	0.0	-0.0	-0.0	0.0	0.0	0.0	0.0	-0.0	-0.0	0.0	0.0	0.0	-0.0	0.0	-0.0	0.0	-0.0	-0.0	-0.0	0.0	0.0	0.0	0.0	0.0	0.0	0.0	0.0	0.0	0.0	0.0	0.0	0.0	0.0	0.0	0.0	0.0	0.0	0.0	0.0	0.0	0.0	0.0	0.0	0.0	0.0	0.0	0.0	0.0	0.0	0.0	0.0	0.0	0.0	0.0	0.0	0.0	0.0	0.0	0.0	0.0	0.0	0.0	0.0	0.0	0.0	0.0	0.0	0.0	0.0	0.0	0.0	0.0	0.0	0.0	0.0	0.0	0.0	0.0	0.0	0.0	0.0	0.0	0.0	0.0	0.0	0.0	0.0	0.0	0.0	0.0	0.0	0.0	0.0	0.0	0.0	0.0	0.0	0.0	0.0	0.0	0.0	0.0	0.0	0.0	0.0	0.0	0.0	0.0	0.0	0.0	0.0	0.0	0.0	0.0	0.0	0.0	0.0	0.0	0.0	0.0	0.0	0.0
S2014m_E5-1-C-F	0.040724890994457225	-0.0034616900254274947	-0.010202515592329348	0.00694319775193673	-0.0023209751612879486	0.006012102318617502	-0.020435313192165253	0.009249979444468676	-0.006598154363005857	-0.003702030922444939	0.014311370658518043	-0.0014802970966394742	-0.004492311736577871	-0.0008826783946080324	0.0005919293530055388	-0.0019633369090570076	-0.0012201965849973468	-0.0024537117854460293	-0.0031184093897928936	0.004998952087743938	-0.0008363990449367458	0.0002900917393120505	-0.0004391126460377293	0.00047133498266957506	0.0016634935548192544	6.56691444169339e-05	0.0005479378714767462	5.390633419726182e-05	0.00012867651222432452	-7.034281476427083e-05	0.0005071147296109296	1.1088418730393138e-06	-3.44736340912883e-05	7.343823715808688e-05	-2.0826892422848076e-08	-3.0019753329583117e-05	4.550226116407582e-06	0.0	-0.0	0.0	-0.0	0.0	0.0	-0.0	-0.0	0.0	0.0	0.0	0.0	0.0	-0.0	0.0	0.0	0.0	-0.0	0.0	-0.0	0.0	-0.0	0.0	0.0	-0.0	-0.0	0.0	-0.0	-0.0	0.0	0.0	-0.0	-0.0	0.0	0.0	-0.0	0.0	-0.0	-0.0	0.0	0.0	0.0	-0.0	-0.0	0.0	0.0	0.0	-0.0	0.0	-0.0	0.0	-0.0	-0.0	-0.0	0.0	0.0	0.0	0.0	0.0	0.0	0.0	0.0	0.0	0.0	0.0	0.0	0.0	0.0	0.0	0.0	0.0	0.0	0.0	0.0	0.0	0.0	0.0	0.0	0.0	0.0	0.0	0.0	0.0	0.0	0.0	0.0	0.0	0.0	0.0	0.0	0.0	0.0	0.0	0.0	0.0	0.0	0.0	0.0	0.0	0.0	0.0	0.0	0.0	0.0	0.0	0.0	0.0	0.0	0.0	0.0	0.0	0.0	0.0	0.0	0.0	0.0	0.0	0.0	0.0	0.0	0.0	0.0	0.0	0.0	0.0	0.0	0.0	0.0	0.0	0.0	0.0	0.0	0.0	0.0	0.0	0.0	0.0	0.0	0.0	0.0	0.0	0.0	0.0	0.0	0.0	0.0	0.0	0.0	0.0	0.0	0.0	0.0	0.0	0.0	0.0	0.0	0.0
S2014M_E5-1-C-M	0.03834099590163418	-0.004526669671022594	-0.009740772714253585	0.007445227078014086	-0.0007652416046661462	0.009808400648109502	-0.016022135897871586	0.002582093605971034	-0.004568999006799271	-0.008620870009255325	-0.0009253728284539708	-0.0042939526264054425	0.0008640209196355591	0.0014443738086139589	0.0016947484391611287	-0.0018689906438796489	-0.002511995622098774	-0.0010429611517408463	0.0004477395122569537	-0.0014081292106427794	-2.646318974046459e-05	0.00027018366778177444	-0.00046967561464949	-7.805021937748374e-05	0.0002130715173562207	-0.0002274830139400753	-0.00021896546349245652	1.4268278955881713e-06	-0.00032877313570318147	6.894704693272497e-05	-0.00010731698920243921	0.0001721521538171878	-0.0003359173012233682	0.00015258408596936513	0.000148504735473719	-0.00010507822939896812	1.3684883098862963e-06	0.0	-0.0	0.0	-0.0	0.0	-0.0	0.0	-0.0	-0.0	-0.0	0.0	0.0	-0.0	0.0	-0.0	-0.0	-0.0	0.0	-0.0	-0.0	-0.0	-0.0	0.0	-0.0	0.0	-0.0	0.0	0.0	0.0	0.0	0.0	-0.0	-0.0	0.0	0.0	-0.0	0.0	-0.0	-0.0	0.0	0.0	0.0	0.0	-0.0	0.0	-0.0	0.0	0.0	0.0	-0.0	0.0	0.0	-0.0	-0.0	-0.0	0.0	0.0	0.0	0.0	0.0	0.0	0.0	0.0	0.0	0.0	0.0	0.0	0.0	0.0	0.0	0.0	0.0	0.0	0.0	0.0	0.0	0.0	0.0	0.0	0.0	0.0	0.0	0.0	0.0	0.0	0.0	0.0	0.0	0.0	0.0	0.0	0.0	0.0	0.0	0.0	0.0	0.0	0.0	0.0	0.0	0.0	0.0	0.0	0.0	0.0	0.0	0.0	0.0	0.0	0.0	0.0	0.0	0.0	0.0	0.0	0.0	0.0	0.0	0.0	0.0	0.0	0.0	0.0	0.0	0.0	0.0	0.0	0.0	0.0	0.0	0.0	0.0	0.0	0.0	0.0	0.0	0.0	0.0	0.0	0.0	0.0	0.0	0.0	0.0	0.0	0.0	0.0	0.0	0.0	0.0	0.0	0.0	0.0	0.0	0.0	0.0	0.0
S2014m_E5-2-A-M	-0.1202539886978104	0.016403064146936656	0.0069507120767628525	0.014513278223596136	0.0009707973755304834	0.019343564741347234	-0.043747842702168395	-0.0007946027893107363	-0.0032164450128593005	-0.007560245935581658	-0.0024686605575166796	-0.010632254291639663	0.0015404388881700584	0.005131839895127446	0.005330482786810738	-0.00862202346243625	-0.0025431984165120154	-0.005372356607820786	-0.001617312562754007	-0.007089092765562006	0.0033670488605307223	-0.003944346633632129	0.012422208189101768	0.0015471835744573746	0.0067265856203130876	0.0017481057682301926	-2.7173102951096895e-06	0.00983294212112306	-0.0009800815625424118	-0.00029396012722436387	0.0002563059455355468	0.00011506809633281127	6.89086550593718e-05	-3.3924674333147e-05	4.222604370171724e-05	-5.210474195002036e-06	-6.729825611322912e-07	0.0	-0.0	0.0	-0.0	0.0	0.0	-0.0	-0.0	0.0	0.0	0.0	0.0	0.0	0.0	0.0	0.0	-0.0	-0.0	0.0	0.0	0.0	0.0	0.0	0.0	-0.0	0.0	-0.0	-0.0	-0.0	0.0	0.0	-0.0	-0.0	0.0	-0.0	-0.0	0.0	0.0	-0.0	-0.0	0.0	0.0	-0.0	-0.0	0.0	0.0	0.0	-0.0	0.0	-0.0	0.0	-0.0	-0.0	-0.0	0.0	0.0	0.0	0.0	0.0	0.0	0.0	0.0	0.0	0.0	0.0	0.0	0.0	0.0	0.0	0.0	0.0	0.0	0.0	0.0	0.0	0.0	0.0	0.0	0.0	0.0	0.0	0.0	0.0	0.0	0.0	0.0	0.0	0.0	0.0	0.0	0.0	0.0	0.0	0.0	0.0	0.0	0.0	0.0	0.0	0.0	0.0	0.0	0.0	0.0	0.0	0.0	0.0	0.0	0.0	0.0	0.0	0.0	0.0	0.0	0.0	0.0	0.0	0.0	0.0	0.0	0.0	0.0	0.0	0.0	0.0	0.0	0.0	0.0	0.0	0.0	0.0	0.0	0.0	0.0	0.0	0.0	0.0	0.0	0.0	0.0	0.0	0.0	0.0	0.0	0.0	0.0	0.0	0.0	0.0	0.0	0.0	0.0	0.0	0.0	0.0	0.0	0.0
S2014m_E5-2-B-M	-0.11781006749268867	0.015734386226202098	0.00698062093255742	0.01389168142495913	0.0019459577124366235	0.019818539701287937	-0.041156028065351825	-0.000645876580855813	-0.001653477991047557	-0.0071749481235851825	-0.0012207184545625581	-0.009604706617694627	0.0008060106210456355	0.004270572946072794	0.0041185015066715555	-0.00923541853116709	-0.0014586452274458065	-0.004395141691348883	-0.0003287985289920337	-0.0014413984494609754	0.0036483608929245986	0.0031530410873571546	-0.004571116818928484	-0.00040488010466116866	-0.0034739834656969453	-0.0003429329304622778	-0.0006686335118048696	-0.00417413104075979	0.0014311843897707116	-0.0009410407689326656	-0.0005982020636698197	0.0002820800323134871	-0.00019671805930928879	-0.00023042121484195488	-3.820364327048349e-05	0.00041109108891226973	-1.0766418275978274e-05	0.0	-0.0	0.0	-0.0	0.0	0.0	-0.0	-0.0	0.0	0.0	0.0	0.0	0.0	0.0	-0.0	0.0	0.0	-0.0	0.0	0.0	0.0	-0.0	-0.0	-0.0	-0.0	-0.0	0.0	-0.0	-0.0	0.0	0.0	0.0	-0.0	-0.0	0.0	-0.0	-0.0	-0.0	-0.0	-0.0	0.0	0.0	-0.0	-0.0	0.0	0.0	0.0	-0.0	0.0	-0.0	0.0	-0.0	-0.0	-0.0	0.0	0.0	0.0	0.0	0.0	0.0	0.0	0.0	0.0	0.0	0.0	0.0	0.0	0.0	0.0	0.0	0.0	0.0	0.0	0.0	0.0	0.0	0.0	0.0	0.0	0.0	0.0	0.0	0.0	0.0	0.0	0.0	0.0	0.0	0.0	0.0	0.0	0.0	0.0	0.0	0.0	0.0	0.0	0.0	0.0	0.0	0.0	0.0	0.0	0.0	0.0	0.0	0.0	0.0	0.0	0.0	0.0	0.0	0.0	0.0	0.0	0.0	0.0	0.0	0.0	0.0	0.0	0.0	0.0	0.0	0.0	0.0	0.0	0.0	0.0	0.0	0.0	0.0	0.0	0.0	0.0	0.0	0.0	0.0	0.0	0.0	0.0	0.0	0.0	0.0	0.0	0.0	0.0	0.0	0.0	0.0	0.0	0.0	0.0	0.0	0.0	0.0	0.0
S2014m_E5-3-A-M	0.06812408388549468	0.0448373472613681	-0.02432641302076525	0.03797419387325498	0.05097310825517402	-0.008564173157967786	-0.012916667013334904	-0.007241755386299614	-0.0005666056175054754	-0.005999562107441788	0.028351069302582108	-0.012615423351689935	-0.006004751760919354	0.005468874734839248	-0.00029450076835198496	0.0036967280721420482	-0.004038417332530641	-0.0021896760971334994	-0.004067786234822869	0.0021049763072078726	-0.0023310196808980863	-0.0030219978797923585	0.0029036911354846442	-0.0004441576393517666	-0.0019333607181917514	-0.0010677693998370973	-0.0001461490122550589	-0.0007574100478414098	-9.837019056699408e-05	-0.00020680100335393462	0.0010707155424170148	0.005854090654627657	-0.0003602787211465505	-0.0006369730815218532	-0.0008879212053269588	0.00022842143524794882	-1.247248432169196e-07	0.0	-0.0	0.0	-0.0	0.0	0.0	-0.0	-0.0	0.0	0.0	0.0	0.0	0.0	0.0	-0.0	0.0	0.0	-0.0	-0.0	0.0	-0.0	-0.0	0.0	-0.0	0.0	-0.0	-0.0	-0.0	-0.0	0.0	0.0	0.0	-0.0	0.0	-0.0	0.0	-0.0	0.0	0.0	-0.0	0.0	0.0	-0.0	-0.0	0.0	0.0	0.0	-0.0	0.0	-0.0	0.0	-0.0	-0.0	-0.0	0.0	0.0	0.0	0.0	0.0	0.0	0.0	0.0	0.0	0.0	0.0	0.0	0.0	0.0	0.0	0.0	0.0	0.0	0.0	0.0	0.0	0.0	0.0	0.0	0.0	0.0	0.0	0.0	0.0	0.0	0.0	0.0	0.0	0.0	0.0	0.0	0.0	0.0	0.0	0.0	0.0	0.0	0.0	0.0	0.0	0.0	0.0	0.0	0.0	0.0	0.0	0.0	0.0	0.0	0.0	0.0	0.0	0.0	0.0	0.0	0.0	0.0	0.0	0.0	0.0	0.0	0.0	0.0	0.0	0.0	0.0	0.0	0.0	0.0	0.0	0.0	0.0	0.0	0.0	0.0	0.0	0.0	0.0	0.0	0.0	0.0	0.0	0.0	0.0	0.0	0.0	0.0	0.0	0.0	0.0	0.0	0.0	0.0	0.0	0.0	0.0	0.0	0.0
S2014m_E5-3-B-M	0.04741194305210019	-0.044449555776684406	0.010319798484307943	0.049983380809802136	-0.002427736289745311	0.014096420944777224	-0.004375273548200988	0.004485941692917402	0.0052661488923002745	0.010542817473655625	-0.005587022865078202	-0.0012276358460881448	0.0011585096680164467	-0.0026074875287637905	-0.00035529872943191763	-0.0024664977790254078	0.0007447747869762342	-0.0014848893495206408	0.001953812668517456	-0.002231443537421507	-0.0005708758927919828	0.0025257573463024754	0.0002999978735711348	-0.0009194162816057666	0.000153557842948592	0.00016854107452083926	8.165298381933231e-05	0.00021203946702566192	0.0003352844960660906	-0.0003643364316457494	-8.614545406250908e-06	3.4375074193221935e-05	5.39814728909624e-06	8.089161941538878e-06	2.2077916197442433e-05	-2.8462979618951384e-05	3.7066429786579386e-07	0.0	-0.0	0.0	-0.0	0.0	0.0	-0.0	-0.0	0.0	0.0	0.0	0.0	0.0	-0.0	-0.0	0.0	0.0	0.0	-0.0	-0.0	0.0	-0.0	-0.0	-0.0	0.0	-0.0	-0.0	-0.0	-0.0	0.0	0.0	-0.0	0.0	-0.0	0.0	0.0	-0.0	-0.0	-0.0	-0.0	0.0	0.0	-0.0	-0.0	0.0	0.0	0.0	-0.0	0.0	-0.0	0.0	-0.0	-0.0	-0.0	0.0	0.0	0.0	0.0	0.0	0.0	0.0	0.0	0.0	0.0	0.0	0.0	0.0	0.0	0.0	0.0	0.0	0.0	0.0	0.0	0.0	0.0	0.0	0.0	0.0	0.0	0.0	0.0	0.0	0.0	0.0	0.0	0.0	0.0	0.0	0.0	0.0	0.0	0.0	0.0	0.0	0.0	0.0	0.0	0.0	0.0	0.0	0.0	0.0	0.0	0.0	0.0	0.0	0.0	0.0	0.0	0.0	0.0	0.0	0.0	0.0	0.0	0.0	0.0	0.0	0.0	0.0	0.0	0.0	0.0	0.0	0.0	0.0	0.0	0.0	0.0	0.0	0.0	0.0	0.0	0.0	0.0	0.0	0.0	0.0	0.0	0.0	0.0	0.0	0.0	0.0	0.0	0.0	0.0	0.0	0.0	0.0	0.0	0.0	0.0	0.0	0.0	0.0
S2014m_E5-3-C-M	0.06408518824983768	0.04111404408806295	-0.022815582595270122	0.037625918556287226	0.05025167002443781	-0.0027412375516903905	-0.007082942867795564	-0.015307334416527282	0.0030453257697899997	-0.01349685920185789	0.004440330363220491	-0.01615522290058854	0.0007582962686681685	0.007646245697326496	0.001100753069516656	0.003005221111322314	-0.006503014966905203	-0.0024484534002041426	0.001299672413082429	-0.008154648625115677	-0.0025840266595617547	0.00011359523616443077	0.0001978233208881615	-0.002926076739223941	-0.0025323389455961603	-0.00290282816878751	0.0001982803456346354	6.654291627229456e-05	0.0005094777307767365	-0.00014930247014747396	0.0003937484713431739	-0.0009852013388103069	9.194679892828147e-05	0.0003776565792573878	0.0002458987312182809	-0.0003659535357150409	1.2034582297739454e-05	0.0	-0.0	0.0	-0.0	0.0	0.0	-0.0	-0.0	0.0	0.0	0.0	0.0	0.0	-0.0	0.0	0.0	-0.0	0.0	-0.0	-0.0	-0.0	0.0	-0.0	0.0	0.0	0.0	-0.0	-0.0	-0.0	0.0	0.0	-0.0	0.0	-0.0	0.0	0.0	-0.0	-0.0	0.0	0.0	0.0	0.0	-0.0	-0.0	0.0	0.0	0.0	-0.0	0.0	-0.0	0.0	-0.0	-0.0	-0.0	0.0	0.0	0.0	0.0	0.0	0.0	0.0	0.0	0.0	0.0	0.0	0.0	0.0	0.0	0.0	0.0	0.0	0.0	0.0	0.0	0.0	0.0	0.0	0.0	0.0	0.0	0.0	0.0	0.0	0.0	0.0	0.0	0.0	0.0	0.0	0.0	0.0	0.0	0.0	0.0	0.0	0.0	0.0	0.0	0.0	0.0	0.0	0.0	0.0	0.0	0.0	0.0	0.0	0.0	0.0	0.0	0.0	0.0	0.0	0.0	0.0	0.0	0.0	0.0	0.0	0.0	0.0	0.0	0.0	0.0	0.0	0.0	0.0	0.0	0.0	0.0	0.0	0.0	0.0	0.0	0.0	0.0	0.0	0.0	0.0	0.0	0.0	0.0	0.0	0.0	0.0	0.0	0.0	0.0	0.0	0.0	0.0	0.0	0.0	0.0	0.0	0.0	0.0
S2014m_E7-1-A-M	0.042463817453653525	0.008196167530808058	-0.006672637233290414	0.0016535176345586146	-0.010938056500053974	0.013843110460053107	-0.011755968840655781	-0.004896210665835245	0.006650954305989337	0.006180743373549238	-0.0005893160087251873	0.0035700523127193138	0.008882122715496654	-0.005977761522218382	0.0029645666959685645	0.00035388237539275293	-0.0001852605824736336	-0.0007166606580319835	0.0016685039442365884	0.000613675610708684	0.0004924430656708713	-0.0009421150552110185	0.0006621386442109796	-0.0029731845821010685	0.0009583643016126759	-0.002459490177075069	0.0010456044681775546	0.0001781154253463775	0.0004515400442793741	0.0001922665365055961	0.0005809890073352002	-5.7858712632367004e-05	-5.9227339293768476e-05	2.7509498828053493e-05	-0.0001341570767406854	0.0001376406059302074	-2.867057685300856e-06	0.0	-0.0	0.0	-0.0	0.0	0.0	-0.0	-0.0	0.0	0.0	0.0	0.0	0.0	-0.0	-0.0	0.0	0.0	-0.0	-0.0	-0.0	-0.0	-0.0	0.0	-0.0	-0.0	-0.0	-0.0	-0.0	-0.0	0.0	0.0	-0.0	-0.0	0.0	-0.0	0.0	0.0	-0.0	0.0	-0.0	0.0	0.0	-0.0	-0.0	0.0	0.0	0.0	-0.0	0.0	-0.0	0.0	-0.0	-0.0	-0.0	0.0	0.0	0.0	0.0	0.0	0.0	0.0	0.0	0.0	0.0	0.0	0.0	0.0	0.0	0.0	0.0	0.0	0.0	0.0	0.0	0.0	0.0	0.0	0.0	0.0	0.0	0.0	0.0	0.0	0.0	0.0	0.0	0.0	0.0	0.0	0.0	0.0	0.0	0.0	0.0	0.0	0.0	0.0	0.0	0.0	0.0	0.0	0.0	0.0	0.0	0.0	0.0	0.0	0.0	0.0	0.0	0.0	0.0	0.0	0.0	0.0	0.0	0.0	0.0	0.0	0.0	0.0	0.0	0.0	0.0	0.0	0.0	0.0	0.0	0.0	0.0	0.0	0.0	0.0	0.0	0.0	0.0	0.0	0.0	0.0	0.0	0.0	0.0	0.0	0.0	0.0	0.0	0.0	0.0	0.0	0.0	0.0	0.0	0.0	0.0	0.0	0.0	0.0
S2014m_E7-1-B-F	0.07014902713639393	-0.08380497150733764	0.05885036778765109	0.003456663416769924	0.0257407445069643	0.011113078125827633	-0.007824416084932707	-0.007815212313844393	0.008277867951499908	0.009157593136665273	-0.0077937685493862895	-0.004256178265833566	-0.002351633583356622	-0.00303498342238686	0.006974734474528291	-0.004050550039800184	-0.002302837147148253	-0.003023367202357435	0.00032299697659944095	0.003601411833559414	0.005568408650241807	-0.001799790641961826	0.00023548972808441266	0.0003719246898853865	-0.0020610251882521298	-0.0007917495132790829	-0.0001292471724647244	0.0003836719111150379	-0.0006321720317192625	3.341259978950033e-05	-0.00034427779023152554	-2.219018307241158e-05	-2.79854861200811e-05	-7.43144903398113e-06	-6.566840162256305e-06	2.68015597668748e-05	-8.472742013439325e-07	0.0	-0.0	0.0	-0.0	-0.0	0.0	-0.0	0.0	-0.0	-0.0	0.0	-0.0	-0.0	-0.0	-0.0	0.0	0.0	-0.0	0.0	0.0	0.0	-0.0	-0.0	-0.0	-0.0	0.0	0.0	-0.0	-0.0	-0.0	-0.0	-0.0	-0.0	0.0	0.0	-0.0	0.0	0.0	-0.0	-0.0	-0.0	-0.0	0.0	-0.0	0.0	-0.0	-0.0	-0.0	0.0	-0.0	-0.0	0.0	-0.0	0.0	-0.0	0.0	0.0	0.0	0.0	0.0	0.0	0.0	0.0	0.0	0.0	0.0	0.0	0.0	0.0	0.0	0.0	0.0	0.0	0.0	0.0	0.0	0.0	0.0	0.0	0.0	0.0	0.0	0.0	0.0	0.0	0.0	0.0	0.0	0.0	0.0	0.0	0.0	0.0	0.0	0.0	0.0	0.0	0.0	0.0	0.0	0.0	0.0	0.0	0.0	0.0	0.0	0.0	0.0	0.0	0.0	0.0	0.0	0.0	0.0	0.0	0.0	0.0	0.0	0.0	0.0	0.0	0.0	0.0	0.0	0.0	0.0	0.0	0.0	0.0	0.0	0.0	0.0	0.0	0.0	0.0	0.0	0.0	0.0	0.0	0.0	0.0	0.0	0.0	0.0	0.0	0.0	0.0	0.0	0.0	0.0	0.0	0.0	0.0	0.0	0.0	0.0	0.0
S2014m_E7-1-B-M	0.05227639334157111	-0.019068131322306926	0.01691924288519307	-0.03141767671591472	0.016424012895920482	0.0013931807220512575	-0.024180363462085828	0.005896480761311656	-0.007271567194419423	-0.007439867297626375	0.018340356667807957	-0.00015487657843926643	-0.006859119408620534	0.005530913587810621	-0.0019632179561904686	-0.003266356865711081	-0.0018333801194701951	0.0008107473051522311	-0.005101606361822251	0.006435319768989751	-0.007509692153355061	0.004383104039253923	0.001459242252257094	0.002984718897146021	0.001049065352623543	-0.003447926306029552	-0.0011088363126005721	0.0007322981498703808	-0.001152308084827129	-0.0032062425014496086	-0.0002829944308659891	-0.00016833205706376565	7.506081716480445e-05	8.541618597696718e-05	0.0001188780215870145	-0.0001079010584114188	3.2436254765874316e-06	0.0	-0.0	0.0	-0.0	0.0	0.0	-0.0	-0.0	0.0	0.0	0.0	0.0	0.0	-0.0	0.0	0.0	-0.0	0.0	-0.0	-0.0	-0.0	0.0	-0.0	0.0	0.0	0.0	0.0	-0.0	-0.0	0.0	0.0	-0.0	0.0	-0.0	0.0	0.0	-0.0	-0.0	0.0	0.0	0.0	0.0	-0.0	-0.0	0.0	0.0	0.0	-0.0	0.0	-0.0	0.0	-0.0	-0.0	-0.0	0.0	0.0	0.0	0.0	0.0	0.0	0.0	0.0	0.0	0.0	0.0	0.0	0.0	0.0	0.0	0.0	0.0	0.0	0.0	0.0	0.0	0.0	0.0	0.0	0.0	0.0	0.0	0.0	0.0	0.0	0.0	0.0	0.0	0.0	0.0	0.0	0.0	0.0	0.0	0.0	0.0	0.0	0.0	0.0	0.0	0.0	0.0	0.0	0.0	0.0	0.0	0.0	0.0	0.0	0.0	0.0	0.0	0.0	0.0	0.0	0.0	0.0	0.0	0.0	0.0	0.0	0.0	0.0	0.0	0.0	0.0	0.0	0.0	0.0	0.0	0.0	0.0	0.0	0.0	0.0	0.0	0.0	0.0	0.0	0.0	0.0	0.0	0.0	0.0	0.0	0.0	0.0	0.0	0.0	0.0	0.0	0.0	0.0	0.0	0.0	0.0	0.0	0.0
S2014m_E7-1-C-F	0.056937966593645445	-0.003990213779166999	0.00927782675367782	-0.04830964673623951	0.008564602881608277	0.0020654439551010006	-0.014639097577827791	0.004714887662335406	-0.011316353365032615	0.02961339323524795	0.001613141945113587	0.009769262914703937	-0.0019077782123443185	0.0005231967815219905	-0.0032237309289629037	-0.002352075181427384	0.0019547496544304738	-0.0006767659326708882	-0.006086617287539802	0.006166711302000983	-0.002286451393475021	-0.0007344610520794545	0.0037078752235335344	-0.002693611525385628	-0.00040785515503085484	0.004472182364752551	0.0012612701884382876	-0.0006917865440240294	0.001045278499954873	0.0004016356554125219	-0.002804664706547991	0.00035563054580065674	-0.00020735136311257447	-0.00032698906124124403	-5.626152606511682e-05	0.0003986859634872122	-1.4134589051723188e-05	0.0	-0.0	0.0	-0.0	0.0	0.0	-0.0	-0.0	0.0	0.0	0.0	0.0	0.0	0.0	-0.0	0.0	0.0	-0.0	0.0	0.0	0.0	-0.0	-0.0	-0.0	-0.0	-0.0	0.0	-0.0	-0.0	0.0	0.0	0.0	-0.0	0.0	0.0	-0.0	0.0	0.0	-0.0	-0.0	0.0	0.0	-0.0	-0.0	0.0	0.0	0.0	-0.0	0.0	-0.0	0.0	-0.0	-0.0	-0.0	0.0	0.0	0.0	0.0	0.0	0.0	0.0	0.0	0.0	0.0	0.0	0.0	0.0	0.0	0.0	0.0	0.0	0.0	0.0	0.0	0.0	0.0	0.0	0.0	0.0	0.0	0.0	0.0	0.0	0.0	0.0	0.0	0.0	0.0	0.0	0.0	0.0	0.0	0.0	0.0	0.0	0.0	0.0	0.0	0.0	0.0	0.0	0.0	0.0	0.0	0.0	0.0	0.0	0.0	0.0	0.0	0.0	0.0	0.0	0.0	0.0	0.0	0.0	0.0	0.0	0.0	0.0	0.0	0.0	0.0	0.0	0.0	0.0	0.0	0.0	0.0	0.0	0.0	0.0	0.0	0.0	0.0	0.0	0.0	0.0	0.0	0.0	0.0	0.0	0.0	0.0	0.0	0.0	0.0	0.0	0.0	0.0	0.0	0.0	0.0	0.0	0.0	0.0
S2014m_E7-1-C-M	0.05252041165775255	-0.023347533158555082	0.020051448571404513	-0.03539436103622637	0.019429708816335937	0.005687272326436227	-0.021221902212577175	-0.006233067018064042	-0.005313003057028473	-0.015789128567659513	-0.0015622806302591067	-0.00739279214418087	-0.0032728310229028744	0.003941990033235739	0.006896543673888163	-0.0024757221521196845	-0.0028228917148664986	-0.00021577331619271217	0.00020251453386095104	-0.0031713682328593415	-0.002392325190151048	-0.0028045498767759044	-0.0016632276461334167	0.0006854620032743161	0.00046681829871726596	0.0012246728901967785	0.0009376283800215019	0.00023668569209353495	0.0006837030428304217	-0.002470601196517146	-0.0017022504691487563	0.00018607757281969685	-0.00010510614435318229	-0.00010548351550208272	-0.00017568852570644524	0.00028060652239479076	-9.348006056867989e-06	0.0	-0.0	0.0	-0.0	0.0	0.0	-0.0	-0.0	0.0	0.0	0.0	0.0	0.0	0.0	-0.0	0.0	0.0	-0.0	0.0	0.0	0.0	-0.0	-0.0	-0.0	-0.0	-0.0	0.0	-0.0	-0.0	0.0	0.0	0.0	-0.0	0.0	0.0	-0.0	0.0	0.0	-0.0	-0.0	0.0	0.0	-0.0	-0.0	0.0	0.0	0.0	-0.0	0.0	-0.0	0.0	-0.0	-0.0	-0.0	0.0	0.0	0.0	0.0	0.0	0.0	0.0	0.0	0.0	0.0	0.0	0.0	0.0	0.0	0.0	0.0	0.0	0.0	0.0	0.0	0.0	0.0	0.0	0.0	0.0	0.0	0.0	0.0	0.0	0.0	0.0	0.0	0.0	0.0	0.0	0.0	0.0	0.0	0.0	0.0	0.0	0.0	0.0	0.0	0.0	0.0	0.0	0.0	0.0	0.0	0.0	0.0	0.0	0.0	0.0	0.0	0.0	0.0	0.0	0.0	0.0	0.0	0.0	0.0	0.0	0.0	0.0	0.0	0.0	0.0	0.0	0.0	0.0	0.0	0.0	0.0	0.0	0.0	0.0	0.0	0.0	0.0	0.0	0.0	0.0	0.0	0.0	0.0	0.0	0.0	0.0	0.0	0.0	0.0	0.0	0.0	0.0	0.0	0.0	0.0	0.0	0.0	0.0
S2014m_E7-2-A-F	0.04803564705238365	0.026002714961671797	0.005203929425865377	0.010884739578354532	-0.013239747799204811	-0.023422962671216855	0.00400577583475624	-0.004924899499900973	0.006424589418214643	-0.005172100346657137	-0.002991936820301202	0.005821157805774639	0.015093233692287215	-0.006324470066224376	0.0053295536186829	0.00165130623083009	-0.002748129832470334	-0.00048211790154366167	0.0008916407360149352	0.0005833379375693035	-0.0019502124915382068	0.0009607370281571672	0.0006436859837891698	-0.0025477951642959417	-0.0005099112241530559	-0.0006579905953292365	8.674279940730206e-05	0.00034791434911733633	0.0006892783398132389	-0.0006857270812692766	0.00042761821705083005	-8.652886736021032e-05	-0.00010136962454835413	2.964281710715687e-05	2.2749033678176582e-05	-5.242215323965579e-05	2.190746340522836e-06	0.0	-0.0	0.0	-0.0	0.0	0.0	-0.0	-0.0	0.0	0.0	0.0	0.0	0.0	0.0	0.0	0.0	0.0	0.0	-0.0	-0.0	-0.0	0.0	-0.0	-0.0	-0.0	-0.0	0.0	-0.0	-0.0	0.0	0.0	0.0	-0.0	0.0	0.0	0.0	0.0	-0.0	0.0	0.0	0.0	0.0	-0.0	-0.0	0.0	0.0	0.0	-0.0	0.0	-0.0	0.0	-0.0	-0.0	-0.0	0.0	0.0	0.0	0.0	0.0	0.0	0.0	0.0	0.0	0.0	0.0	0.0	0.0	0.0	0.0	0.0	0.0	0.0	0.0	0.0	0.0	0.0	0.0	0.0	0.0	0.0	0.0	0.0	0.0	0.0	0.0	0.0	0.0	0.0	0.0	0.0	0.0	0.0	0.0	0.0	0.0	0.0	0.0	0.0	0.0	0.0	0.0	0.0	0.0	0.0	0.0	0.0	0.0	0.0	0.0	0.0	0.0	0.0	0.0	0.0	0.0	0.0	0.0	0.0	0.0	0.0	0.0	0.0	0.0	0.0	0.0	0.0	0.0	0.0	0.0	0.0	0.0	0.0	0.0	0.0	0.0	0.0	0.0	0.0	0.0	0.0	0.0	0.0	0.0	0.0	0.0	0.0	0.0	0.0	0.0	0.0	0.0	0.0	0.0	0.0	0.0	0.0	0.0
S2014m_E7-2-A-M	0.047350865746109284	-0.03419627396750028	0.02835644607756583	0.05020294845703582	-0.01805046142608509	0.004391619047593557	0.020559288890271882	0.006522563982776463	-0.009971880337779727	0.0008607936464230619	-0.003048985802258488	-0.0037099651604528363	0.0019348839948426296	-0.0015763400232157501	0.00017990591652382236	-0.001555614098641777	0.001092575601470293	-0.0012962444298916524	0.0007063236244774268	-0.0008907497146528225	-0.0034775994692052984	-0.000479572270429254	8.274738234308574e-05	0.0006511025002990612	0.0007064335821508981	0.00026338134315766616	0.0002521929606494843	-0.0005738000610394035	-0.00012860727937390466	0.000128559013978386	8.98961788544279e-05	-1.032418423148913e-05	1.1059875788645327e-05	3.2815592577947854e-06	-3.588909646761053e-05	1.904078623831911e-05	3.52994864562754e-07	-0.0	-0.0	0.0	-0.0	0.0	-0.0	-0.0	-0.0	0.0	-0.0	-0.0	-0.0	-0.0	-0.0	-0.0	-0.0	-0.0	0.0	-0.0	0.0	0.0	-0.0	0.0	0.0	-0.0	0.0	-0.0	0.0	0.0	-0.0	0.0	0.0	0.0	0.0	0.0	-0.0	-0.0	0.0	-0.0	0.0	0.0	0.0	-0.0	0.0	-0.0	0.0	0.0	-0.0	0.0	-0.0	-0.0	0.0	0.0	-0.0	0.0	0.0	0.0	0.0	0.0	0.0	0.0	0.0	0.0	0.0	0.0	0.0	0.0	0.0	0.0	0.0	0.0	0.0	0.0	0.0	0.0	0.0	0.0	0.0	0.0	0.0	0.0	0.0	0.0	0.0	0.0	0.0	0.0	0.0	0.0	0.0	0.0	0.0	0.0	0.0	0.0	0.0	0.0	0.0	0.0	0.0	0.0	0.0	0.0	0.0	0.0	0.0	0.0	0.0	0.0	0.0	0.0	0.0	0.0	0.0	0.0	0.0	0.0	0.0	0.0	0.0	0.0	0.0	0.0	0.0	0.0	0.0	0.0	0.0	0.0	0.0	0.0	0.0	0.0	0.0	0.0	0.0	0.0	0.0	0.0	0.0	0.0	0.0	0.0	0.0	0.0	0.0	0.0	0.0	0.0	0.0	0.0	0.0	0.0	0.0	0.0	0.0	0.0
S2014m_E7-2-B-F	0.043942252109460705	0.006483309365861275	-0.00690936415591945	-0.001057128958450736	-0.014563119674827393	-0.005715285520673304	0.0006255620396829111	0.022465288160414102	-0.04170457029784639	0.0033659401222023927	0.003223740029442431	-0.0062114406957625755	-0.006067205267898174	0.009419557433604267	0.0012749382177106236	-0.0017574108726329763	-0.00833896841852859	0.0036520163183583433	0.010848135940658357	0.01048856284068903	-0.0061107033890198635	-0.0016735841234707205	-0.00142186736669318	-0.0018919511566036645	0.0005702750037145696	0.004165476999949493	0.0008963287008164634	-0.0012252317680092452	-0.0006385972629260016	0.0013601220804249697	-0.0020251054696860033	0.0003045694305109245	-6.735546249280255e-06	-0.00018141373597090022	8.450559554524457e-05	0.00019616708870284042	-8.537798253850495e-06	0.0	-0.0	0.0	-0.0	0.0	0.0	-0.0	-0.0	0.0	0.0	0.0	0.0	0.0	0.0	-0.0	0.0	0.0	-0.0	0.0	0.0	0.0	-0.0	0.0	-0.0	-0.0	0.0	0.0	-0.0	-0.0	0.0	0.0	0.0	-0.0	0.0	-0.0	-0.0	0.0	0.0	-0.0	-0.0	0.0	0.0	-0.0	-0.0	0.0	0.0	0.0	-0.0	0.0	-0.0	0.0	-0.0	-0.0	-0.0	0.0	0.0	0.0	0.0	0.0	0.0	0.0	0.0	0.0	0.0	0.0	0.0	0.0	0.0	0.0	0.0	0.0	0.0	0.0	0.0	0.0	0.0	0.0	0.0	0.0	0.0	0.0	0.0	0.0	0.0	0.0	0.0	0.0	0.0	0.0	0.0	0.0	0.0	0.0	0.0	0.0	0.0	0.0	0.0	0.0	0.0	0.0	0.0	0.0	0.0	0.0	0.0	0.0	0.0	0.0	0.0	0.0	0.0	0.0	0.0	0.0	0.0	0.0	0.0	0.0	0.0	0.0	0.0	0.0	0.0	0.0	0.0	0.0	0.0	0.0	0.0	0.0	0.0	0.0	0.0	0.0	0.0	0.0	0.0	0.0	0.0	0.0	0.0	0.0	0.0	0.0	0.0	0.0	0.0	0.0	0.0	0.0	0.0	0.0	0.0	0.0	0.0	0.0
S2014m_E7-2-B-M	0.04735086574610927	-0.03419627396750029	0.02835644607756582	0.05020294845703584	-0.018050461426085088	0.004391619047593568	0.02055928889027188	0.0065225639827764595	-0.009971880337779723	0.0008607936464230452	-0.003048985802258489	-0.003709965160452833	0.0019348839948426133	-0.001576340023215763	0.00017990591652379466	-0.0015556140986417591	0.0010925756014702772	-0.0012962444298916592	0.0007063236244774496	-0.00089074971465279	-0.0034775994692053266	-0.0004795722704292311	8.274738234303454e-05	0.000651102500298979	0.0007064335821509234	0.0002633813431576027	0.0002521929606495014	-0.0005738000610392732	-0.00012860727937391857	0.0001285590139784966	8.989617885418715e-05	-1.032418423149458e-05	1.1059875788583883e-05	3.281559257860153e-06	-3.5889096467173796e-05	1.9040786238244853e-05	3.5299485169313893e-07	0.0	0.0	-0.0	-0.0	-0.0	0.0	0.0	0.0	-0.0	0.0	0.0	0.0	0.0	-0.0	-0.0	0.0	-0.0	0.0	-0.0	0.0	0.0	-0.0	0.0	0.0	-0.0	0.0	-0.0	-0.0	-0.0	0.0	-0.0	0.0	0.0	0.0	0.0	-0.0	-0.0	0.0	-0.0	0.0	-0.0	-0.0	0.0	-0.0	0.0	-0.0	-0.0	0.0	-0.0	0.0	0.0	-0.0	-0.0	0.0	0.0	-0.0	0.0	0.0	0.0	0.0	0.0	0.0	0.0	0.0	0.0	0.0	0.0	0.0	0.0	0.0	0.0	0.0	0.0	0.0	0.0	0.0	0.0	0.0	0.0	0.0	0.0	0.0	0.0	0.0	0.0	0.0	0.0	0.0	0.0	0.0	0.0	0.0	0.0	0.0	0.0	0.0	0.0	0.0	0.0	0.0	0.0	0.0	0.0	0.0	0.0	0.0	0.0	0.0	0.0	0.0	0.0	0.0	0.0	0.0	0.0	0.0	0.0	0.0	0.0	0.0	0.0	0.0	0.0	0.0	0.0	0.0	0.0	0.0	0.0	0.0	0.0	0.0	0.0	0.0	0.0	0.0	0.0	0.0	0.0	0.0	0.0	0.0	0.0	0.0	0.0	0.0	0.0	0.0	0.0	0.0	0.0	0.0	0.0	0.0	0.0	0.0	0.0
S2014m_E7-2-C-M	0.046007430806839306	0.014643850582544842	-0.009800919669248596	0.011461501962056055	2.6699158332004103e-06	-0.034800105241891276	-0.0010782541293363494	0.012737907127462002	-0.02460373356713999	-0.003773821140778612	-0.023111811320583778	-0.006512243100427519	0.003933156460390068	0.00625863175732559	0.000897863315550791	-0.0013890721780817873	-0.0026322898569986763	-0.006056034125602715	-0.002211491194089239	-0.008813149047725273	-0.0030826136436064196	-0.01152466400276856	0.017373229369701718	0.0003469953614375783	0.005610804873320387	0.002494267769624801	3.6814886786085065e-05	0.00552797556316688	-0.0007247135284758476	0.00017327145521976446	-8.839550827473405e-05	-2.0649779459453106e-05	4.8297936994970005e-05	1.5388386556788592e-05	3.463005473588531e-05	1.0427854097317714e-05	-6.68021632180221e-07	0.0	-0.0	0.0	-0.0	0.0	0.0	-0.0	-0.0	0.0	0.0	0.0	0.0	0.0	0.0	-0.0	0.0	-0.0	-0.0	0.0	0.0	0.0	0.0	-0.0	0.0	-0.0	0.0	0.0	-0.0	-0.0	0.0	0.0	0.0	-0.0	0.0	0.0	-0.0	0.0	-0.0	-0.0	-0.0	0.0	0.0	-0.0	-0.0	0.0	0.0	0.0	-0.0	0.0	-0.0	0.0	-0.0	-0.0	-0.0	0.0	0.0	0.0	0.0	0.0	0.0	0.0	0.0	0.0	0.0	0.0	0.0	0.0	0.0	0.0	0.0	0.0	0.0	0.0	0.0	0.0	0.0	0.0	0.0	0.0	0.0	0.0	0.0	0.0	0.0	0.0	0.0	0.0	0.0	0.0	0.0	0.0	0.0	0.0	0.0	0.0	0.0	0.0	0.0	0.0	0.0	0.0	0.0	0.0	0.0	0.0	0.0	0.0	0.0	0.0	0.0	0.0	0.0	0.0	0.0	0.0	0.0	0.0	0.0	0.0	0.0	0.0	0.0	0.0	0.0	0.0	0.0	0.0	0.0	0.0	0.0	0.0	0.0	0.0	0.0	0.0	0.0	0.0	0.0	0.0	0.0	0.0	0.0	0.0	0.0	0.0	0.0	0.0	0.0	0.0	0.0	0.0	0.0	0.0	0.0	0.0	0.0	0.0
S2014m_E7-3-A-M	0.053042269095689924	0.03124103541415689	-0.007915529239056245	0.0013333917930039936	-0.01204985055680643	-0.03599936483490641	0.003964115601049429	0.011253426334866383	-0.012798413629060269	0.022141575395650332	-0.0049009729807817405	0.006983704977417227	0.005968167077838455	-0.0038798485135441477	0.0009782037639408494	0.0035586579362685226	0.00033104914821323626	-0.003443177193224781	-0.004639033271033943	0.006467451643243279	-0.0021475597351215173	0.00039689009308066416	-0.004717987220735051	-0.004587683683346126	0.00487162037633873	-0.006830607623718119	0.000755639559357193	0.00017437993291386796	1.0098426286598035e-05	0.00020691138431228916	0.001547892506995839	0.00023030520885910317	5.377639252565418e-06	-2.8601135647333585e-05	-3.47240474054522e-05	-8.792072337844668e-06	-3.8881846792067273e-07	0.0	-0.0	0.0	-0.0	0.0	0.0	-0.0	-0.0	0.0	0.0	0.0	0.0	0.0	0.0	-0.0	0.0	0.0	-0.0	-0.0	-0.0	0.0	-0.0	0.0	-0.0	0.0	-0.0	-0.0	-0.0	-0.0	0.0	0.0	0.0	-0.0	0.0	-0.0	-0.0	0.0	-0.0	-0.0	0.0	0.0	0.0	-0.0	-0.0	0.0	0.0	0.0	-0.0	0.0	-0.0	0.0	-0.0	-0.0	-0.0	0.0	0.0	0.0	0.0	0.0	0.0	0.0	0.0	0.0	0.0	0.0	0.0	0.0	0.0	0.0	0.0	0.0	0.0	0.0	0.0	0.0	0.0	0.0	0.0	0.0	0.0	0.0	0.0	0.0	0.0	0.0	0.0	0.0	0.0	0.0	0.0	0.0	0.0	0.0	0.0	0.0	0.0	0.0	0.0	0.0	0.0	0.0	0.0	0.0	0.0	0.0	0.0	0.0	0.0	0.0	0.0	0.0	0.0	0.0	0.0	0.0	0.0	0.0	0.0	0.0	0.0	0.0	0.0	0.0	0.0	0.0	0.0	0.0	0.0	0.0	0.0	0.0	0.0	0.0	0.0	0.0	0.0	0.0	0.0	0.0	0.0	0.0	0.0	0.0	0.0	0.0	0.0	0.0	0.0	0.0	0.0	0.0	0.0	0.0	0.0	0.0	0.0	0.0
S2014M_E7-3-B-M	0.0454105456681662	0.010891694329656114	-0.01852333431211541	-0.0066995642077429945	-0.0089197362986527	0.007417617434502378	-0.01426170430689335	0.009430376968495585	-0.010372524130636274	0.029089360729732706	-0.0002386379316687846	0.006486206045939143	0.000755629118005509	-0.004306225450715661	-0.00023157704080201355	-4.4312881939276924e-05	0.003721952056349676	-0.0037681341247002434	-0.003140236637183758	0.004197747238561703	0.0003828548979166868	-0.005183086740243316	0.002531795057388283	-0.0049911413232038735	-0.00016110261741355883	0.002134528181890459	0.0010892744215926329	-0.00045230594792009643	0.0003134848636241411	-0.0004350822235400931	-0.0003828248931438553	0.00011520414907633896	0.00010224951576876849	5.0479766526905184e-05	0.000138736773774421	-9.831297089975414e-05	1.9732554086905807e-06	0.0	-0.0	0.0	-0.0	0.0	0.0	-0.0	-0.0	0.0	0.0	0.0	0.0	0.0	0.0	0.0	0.0	-0.0	0.0	-0.0	-0.0	-0.0	0.0	0.0	0.0	0.0	-0.0	0.0	-0.0	-0.0	0.0	0.0	0.0	0.0	0.0	0.0	0.0	-0.0	0.0	0.0	0.0	0.0	0.0	-0.0	-0.0	0.0	0.0	0.0	-0.0	0.0	-0.0	0.0	-0.0	-0.0	-0.0	0.0	0.0	0.0	0.0	0.0	0.0	0.0	0.0	0.0	0.0	0.0	0.0	0.0	0.0	0.0	0.0	0.0	0.0	0.0	0.0	0.0	0.0	0.0	0.0	0.0	0.0	0.0	0.0	0.0	0.0	0.0	0.0	0.0	0.0	0.0	0.0	0.0	0.0	0.0	0.0	0.0	0.0	0.0	0.0	0.0	0.0	0.0	0.0	0.0	0.0	0.0	0.0	0.0	0.0	0.0	0.0	0.0	0.0	0.0	0.0	0.0	0.0	0.0	0.0	0.0	0.0	0.0	0.0	0.0	0.0	0.0	0.0	0.0	0.0	0.0	0.0	0.0	0.0	0.0	0.0	0.0	0.0	0.0	0.0	0.0	0.0	0.0	0.0	0.0	0.0	0.0	0.0	0.0	0.0	0.0	0.0	0.0	0.0	0.0	0.0	0.0	0.0	0.0
S2014m_E7-3-C-M	0.05713014865550628	0.0008493982890753219	0.04166039244066964	-0.04432495376157306	-0.007482465242253252	0.000737790488591797	0.009902434018534459	-0.014449122529734675	-0.0063887463556178015	-0.00650035591629006	6.457583073293558e-06	0.0010218357822332981	0.004086574461378245	-0.0031840096091734047	0.0060085902181092185	0.0015370370812288344	0.00012701427538441652	-0.0008770545904403454	0.0010281672662238116	0.00027009611225405175	-0.0012941180585946171	0.000416011733408608	-0.0015049216965267573	0.0007939074330626546	0.0009787614677636122	-7.10585415589874e-05	0.0035946524064408816	0.0005049078382927889	0.00011014492134092614	-0.00037661548872331254	-0.00010710455870425132	0.00010650343495826585	-3.875904455444596e-05	-5.169409450289628e-05	-0.00011130640367153757	0.00018798967458241362	-6.0962488706883885e-06	0.0	0.0	-0.0	0.0	0.0	-0.0	-0.0	-0.0	0.0	-0.0	0.0	0.0	0.0	0.0	-0.0	0.0	0.0	-0.0	0.0	0.0	0.0	-0.0	-0.0	-0.0	-0.0	-0.0	0.0	-0.0	0.0	-0.0	0.0	0.0	-0.0	0.0	-0.0	-0.0	0.0	0.0	-0.0	-0.0	0.0	0.0	-0.0	0.0	-0.0	0.0	0.0	0.0	-0.0	-0.0	0.0	0.0	-0.0	-0.0	0.0	0.0	0.0	0.0	0.0	0.0	0.0	0.0	0.0	0.0	0.0	0.0	0.0	0.0	0.0	0.0	0.0	0.0	0.0	0.0	0.0	0.0	0.0	0.0	0.0	0.0	0.0	0.0	0.0	0.0	0.0	0.0	0.0	0.0	0.0	0.0	0.0	0.0	0.0	0.0	0.0	0.0	0.0	0.0	0.0	0.0	0.0	0.0	0.0	0.0	0.0	0.0	0.0	0.0	0.0	0.0	0.0	0.0	0.0	0.0	0.0	0.0	0.0	0.0	0.0	0.0	0.0	0.0	0.0	0.0	0.0	0.0	0.0	0.0	0.0	0.0	0.0	0.0	0.0	0.0	0.0	0.0	0.0	0.0	0.0	0.0	0.0	0.0	0.0	0.0	0.0	0.0	0.0	0.0	0.0	0.0	0.0	0.0	0.0	0.0	0.0	0.0	0.0
S2014M_E9-1-A-M	0.047411944032818384	-0.04444956085245603	0.010319794939296134	0.04998337823516589	-0.0024277275269067107	0.014096423166458469	-0.0043752664431795886	0.004485942088542842	0.005266155389942002	0.01054282482811015	-0.005587024599900518	-0.0012276411954155852	0.0011585079664200354	-0.0026074945260700358	-0.00035529805523057384	-0.0024665329718571794	0.0007447763876346327	-0.0014849002364128946	0.0019538383649286765	-0.0022314464563090906	-0.0005709243720898301	0.002525804134122368	0.0002999313528534768	-0.0009194049884038576	0.00015358020031951264	0.0001685390124030748	8.17045341856244e-05	0.00021204350839241546	0.00033528305242489875	-0.00036441248307446465	-8.615709640339984e-06	3.418841202275492e-05	5.338371886933607e-06	8.127024463564064e-06	2.2157197845347626e-05	-2.8498778328861987e-05	1.1592395829437515e-06	0.0	-0.0	0.0	0.0	0.0	0.0	0.0	0.0	0.0	0.0	-0.0	-0.0	0.0	0.0	0.0	-0.0	-0.0	-0.0	0.0	0.0	-0.0	0.0	0.0	0.0	-0.0	0.0	0.0	-0.0	-0.0	0.0	-0.0	0.0	-0.0	0.0	-0.0	-0.0	0.0	0.0	0.0	0.0	-0.0	0.0	-0.0	-0.0	0.0	0.0	0.0	0.0	0.0	-0.0	-0.0	-0.0	0.0	-0.0	-0.0	0.0	0.0	0.0	0.0	0.0	0.0	0.0	0.0	0.0	0.0	0.0	0.0	0.0	0.0	0.0	0.0	0.0	0.0	0.0	0.0	0.0	0.0	0.0	0.0	0.0	0.0	0.0	0.0	0.0	0.0	0.0	0.0	0.0	0.0	0.0	0.0	0.0	0.0	0.0	0.0	0.0	0.0	0.0	0.0	0.0	0.0	0.0	0.0	0.0	0.0	0.0	0.0	0.0	0.0	0.0	0.0	0.0	0.0	0.0	0.0	0.0	0.0	0.0	0.0	0.0	0.0	0.0	0.0	0.0	0.0	0.0	0.0	0.0	0.0	0.0	0.0	0.0	0.0	0.0	0.0	0.0	0.0	0.0	0.0	0.0	0.0	0.0	0.0	0.0	0.0	0.0	0.0	0.0	0.0	0.0	0.0	0.0	0.0	0.0	0.0	0.0	0.0
S2014m_E9-1-B-F	0.03834099181825627	-0.004526660601017381	-0.00974077132729921	0.007445225604982759	-0.0007652315730117177	0.009808402487814458	-0.01602212652449899	0.002582100055375794	-0.0045689758881512195	-0.008620857623896716	-0.00092536707606378	-0.004293951401861256	0.0008640299148516077	0.001444388654797649	0.0016947734932302302	-0.0018690230402366005	-0.0025119848667651285	-0.0010429716467114972	0.00044773594286718813	-0.0014081549340030277	-2.6474807068971747e-05	0.0002701508394569938	-0.0004696647790572055	-7.80182947779282e-05	0.00021313416564280966	-0.00022748483823533392	-0.00021895676372802656	1.4073123286069943e-06	-0.00032870757825178936	6.873408698189494e-05	-0.00010743397894563999	0.00017214898499567683	-0.00033592631922775784	0.00015257622503832334	0.00014857049145879577	-0.00010516219594120737	1.3939975865123508e-06	-0.0	-0.0	0.0	0.0	0.0	0.0	-0.0	0.0	0.0	0.0	-0.0	0.0	0.0	0.0	0.0	0.0	0.0	-0.0	0.0	-0.0	0.0	0.0	-0.0	-0.0	0.0	0.0	-0.0	-0.0	-0.0	0.0	0.0	0.0	0.0	-0.0	-0.0	0.0	0.0	-0.0	-0.0	0.0	0.0	0.0	0.0	-0.0	-0.0	-0.0	-0.0	-0.0	-0.0	0.0	-0.0	0.0	-0.0	-0.0	0.0	-0.0	0.0	0.0	0.0	0.0	0.0	0.0	0.0	0.0	0.0	0.0	0.0	0.0	0.0	0.0	0.0	0.0	0.0	0.0	0.0	0.0	0.0	0.0	0.0	0.0	0.0	0.0	0.0	0.0	0.0	0.0	0.0	0.0	0.0	0.0	0.0	0.0	0.0	0.0	0.0	0.0	0.0	0.0	0.0	0.0	0.0	0.0	0.0	0.0	0.0	0.0	0.0	0.0	0.0	0.0	0.0	0.0	0.0	0.0	0.0	0.0	0.0	0.0	0.0	0.0	0.0	0.0	0.0	0.0	0.0	0.0	0.0	0.0	0.0	0.0	0.0	0.0	0.0	0.0	0.0	0.0	0.0	0.0	0.0	0.0	0.0	0.0	0.0	0.0	0.0	0.0	0.0	0.0	0.0	0.0	0.0	0.0	0.0	0.0	0.0	0.0	0.0
S2014M_E9-1-B-M	0.041286925171058426	-0.002639321660649362	-0.021407059217603077	-0.00011662370757440683	0.002325232522501474	0.003065570608907218	-0.01919956113017871	0.01822021694354921	-0.023075812716748374	0.014042753638198456	-0.00021670687347608342	-0.0025417630197320136	-0.006751610391863012	0.0028354381738699445	-0.0015659902605814633	-0.0021938876779766157	0.0016473918245691142	-0.0034636698695297906	-0.004933512490335502	0.0023463020494410994	0.0007049714384595172	-0.003481656311730553	0.0001711551867277894	-0.001229128972059694	-0.000917247989748701	0.0013239148373159902	-0.0007656808396963051	-0.0010915711276927342	0.0008368728297547987	-0.00048130948582553363	0.000854250747497829	-9.729851700302107e-05	-4.73533363528193e-05	1.730954527178183e-05	-0.00017001355611919068	-3.249586839290398e-05	3.458730811507034e-06	0.0	-0.0	0.0	-0.0	0.0	0.0	-0.0	-0.0	0.0	0.0	0.0	0.0	0.0	-0.0	-0.0	0.0	0.0	0.0	-0.0	-0.0	-0.0	0.0	-0.0	0.0	0.0	0.0	0.0	-0.0	-0.0	0.0	0.0	-0.0	0.0	0.0	-0.0	0.0	-0.0	-0.0	0.0	0.0	0.0	0.0	-0.0	-0.0	0.0	0.0	0.0	-0.0	0.0	-0.0	0.0	-0.0	-0.0	-0.0	0.0	0.0	0.0	0.0	0.0	0.0	0.0	0.0	0.0	0.0	0.0	0.0	0.0	0.0	0.0	0.0	0.0	0.0	0.0	0.0	0.0	0.0	0.0	0.0	0.0	0.0	0.0	0.0	0.0	0.0	0.0	0.0	0.0	0.0	0.0	0.0	0.0	0.0	0.0	0.0	0.0	0.0	0.0	0.0	0.0	0.0	0.0	0.0	0.0	0.0	0.0	0.0	0.0	0.0	0.0	0.0	0.0	0.0	0.0	0.0	0.0	0.0	0.0	0.0	0.0	0.0	0.0	0.0	0.0	0.0	0.0	0.0	0.0	0.0	0.0	0.0	0.0	0.0	0.0	0.0	0.0	0.0	0.0	0.0	0.0	0.0	0.0	0.0	0.0	0.0	0.0	0.0	0.0	0.0	0.0	0.0	0.0	0.0	0.0	0.0	0.0	0.0	0.0
S2014m_E9-1-C-F	0.04366426789770409	0.0001943652175394268	-0.015054370948385971	0.01370640004244153	0.002537462091537791	-0.008220794463211762	-0.023708705635743833	0.00238912992714295	0.0006708603847333496	-0.012463236861347805	-0.007956419018888362	-0.004852333972977617	0.007376092800003542	0.0049178661865450545	0.009665211489806739	-0.011803267657539225	0.023389625316820963	0.015378071875792253	0.002118324252886523	0.007513574037156512	0.0050501897905393285	0.0016296785802052656	0.0007894942913782463	0.00015471399355826125	0.0016461923475407385	0.0009576302269531259	0.000305390560114243	0.0006810126105758219	-0.00030070144658022295	-0.0004578416244076012	-9.914159391885097e-05	0.00017736980933341255	-6.937645984024846e-05	-2.0361907093744885e-05	-3.850832021313219e-07	1.4886032200405243e-05	-5.018370085064873e-07	0.0	-0.0	0.0	-0.0	0.0	0.0	-0.0	-0.0	0.0	0.0	0.0	0.0	0.0	-0.0	0.0	0.0	-0.0	-0.0	0.0	0.0	-0.0	0.0	-0.0	0.0	-0.0	-0.0	-0.0	-0.0	-0.0	0.0	0.0	-0.0	-0.0	-0.0	0.0	0.0	0.0	0.0	0.0	-0.0	0.0	0.0	-0.0	-0.0	0.0	0.0	0.0	-0.0	0.0	-0.0	0.0	-0.0	-0.0	-0.0	0.0	0.0	0.0	0.0	0.0	0.0	0.0	0.0	0.0	0.0	0.0	0.0	0.0	0.0	0.0	0.0	0.0	0.0	0.0	0.0	0.0	0.0	0.0	0.0	0.0	0.0	0.0	0.0	0.0	0.0	0.0	0.0	0.0	0.0	0.0	0.0	0.0	0.0	0.0	0.0	0.0	0.0	0.0	0.0	0.0	0.0	0.0	0.0	0.0	0.0	0.0	0.0	0.0	0.0	0.0	0.0	0.0	0.0	0.0	0.0	0.0	0.0	0.0	0.0	0.0	0.0	0.0	0.0	0.0	0.0	0.0	0.0	0.0	0.0	0.0	0.0	0.0	0.0	0.0	0.0	0.0	0.0	0.0	0.0	0.0	0.0	0.0	0.0	0.0	0.0	0.0	0.0	0.0	0.0	0.0	0.0	0.0	0.0	0.0	0.0	0.0	0.0	0.0
S2014M_E9-1-C-M	0.03834100104796632	-0.004526662375010281	-0.009740771272663398	0.00744522938172765	-0.0007652381344557175	0.009808399270290438	-0.016022126737404576	0.002582097738341131	-0.004568984951661249	-0.00862084655626754	-0.0009253419715802948	-0.004293969950281564	0.0008640301134800007	0.0014443883018940623	0.0016947574902401895	-0.0018690169523107765	-0.0025119735120678853	-0.0010429731842450528	0.0004476911059731238	-0.0014081355689440063	-2.645193832535347e-05	0.00027018977923615173	-0.00046966030945056576	-7.80410958982237e-05	0.00021310888593962724	-0.0002274740234211539	-0.00021893609730084265	1.4649183884731464e-06	-0.0003287574376942454	6.885817961359682e-05	-0.00010737863454973447	0.00017208778072741934	-0.00033592092381140587	0.00015263070075897624	0.0001485791539304178	-0.0001051656525294265	2.336666937250722e-06	-0.0	0.0	0.0	-0.0	0.0	-0.0	0.0	-0.0	-0.0	-0.0	-0.0	-0.0	0.0	-0.0	0.0	0.0	0.0	-0.0	0.0	-0.0	-0.0	-0.0	-0.0	-0.0	-0.0	-0.0	0.0	-0.0	-0.0	0.0	0.0	-0.0	-0.0	0.0	-0.0	-0.0	-0.0	0.0	0.0	-0.0	0.0	0.0	0.0	0.0	0.0	0.0	0.0	-0.0	0.0	-0.0	0.0	-0.0	0.0	-0.0	-0.0	-0.0	0.0	0.0	0.0	0.0	0.0	0.0	0.0	0.0	0.0	0.0	0.0	0.0	0.0	0.0	0.0	0.0	0.0	0.0	0.0	0.0	0.0	0.0	0.0	0.0	0.0	0.0	0.0	0.0	0.0	0.0	0.0	0.0	0.0	0.0	0.0	0.0	0.0	0.0	0.0	0.0	0.0	0.0	0.0	0.0	0.0	0.0	0.0	0.0	0.0	0.0	0.0	0.0	0.0	0.0	0.0	0.0	0.0	0.0	0.0	0.0	0.0	0.0	0.0	0.0	0.0	0.0	0.0	0.0	0.0	0.0	0.0	0.0	0.0	0.0	0.0	0.0	0.0	0.0	0.0	0.0	0.0	0.0	0.0	0.0	0.0	0.0	0.0	0.0	0.0	0.0	0.0	0.0	0.0	0.0	0.0	0.0	0.0	0.0	0.0	0.0	0.0
S2014M_E9-2-A-M	0.07014902713639393	-0.08380497150733762	0.0588503677876511	0.0034566634167699332	0.0257407445069643	0.011113078125827623	-0.007824416084932697	-0.007815212313844386	0.00827786795149991	0.009157593136665284	-0.007793768549386294	-0.004256178265833585	-0.002351633583356577	-0.0030349834223868566	0.00697473447452831	-0.004050550039800162	-0.002302837147148257	-0.0030233672023574324	0.0003229969765994204	0.0036014118335594386	0.005568408650241841	-0.0017997906419618603	0.00023548972808436468	0.0003719246898852703	-0.002061025188252007	-0.0007917495132790991	-0.0001292471724646391	0.0003836719111150428	-0.0006321720317190456	3.3412599789862e-05	-0.00034427779023175794	-2.2190183072008717e-05	-2.7985486120138942e-05	-7.431449034809195e-06	-6.566840161601096e-06	2.6801559767490555e-05	-8.472742015631209e-07	0.0	0.0	-0.0	-0.0	0.0	-0.0	-0.0	-0.0	0.0	0.0	-0.0	-0.0	0.0	-0.0	-0.0	-0.0	0.0	-0.0	0.0	0.0	0.0	-0.0	-0.0	-0.0	-0.0	0.0	0.0	0.0	0.0	0.0	0.0	-0.0	-0.0	0.0	0.0	-0.0	0.0	0.0	-0.0	-0.0	0.0	0.0	-0.0	0.0	0.0	-0.0	0.0	0.0	0.0	0.0	-0.0	0.0	0.0	-0.0	0.0	0.0	0.0	0.0	0.0	0.0	0.0	0.0	0.0	0.0	0.0	0.0	0.0	0.0	0.0	0.0	0.0	0.0	0.0	0.0	0.0	0.0	0.0	0.0	0.0	0.0	0.0	0.0	0.0	0.0	0.0	0.0	0.0	0.0	0.0	0.0	0.0	0.0	0.0	0.0	0.0	0.0	0.0	0.0	0.0	0.0	0.0	0.0	0.0	0.0	0.0	0.0	0.0	0.0	0.0	0.0	0.0	0.0	0.0	0.0	0.0	0.0	0.0	0.0	0.0	0.0	0.0	0.0	0.0	0.0	0.0	0.0	0.0	0.0	0.0	0.0	0.0	0.0	0.0	0.0	0.0	0.0	0.0	0.0	0.0	0.0	0.0	0.0	0.0	0.0	0.0	0.0	0.0	0.0	0.0	0.0	0.0	0.0	0.0	0.0	0.0	0.0	0.0
S2014m_E9-2-B-M	0.04635608126153476	0.013753628759442084	-4.9284731875612046e-05	0.018529785725828165	-0.005184582772596071	-0.031318378841846774	-0.0038214126301652	0.0033250073481651964	-0.008191585031997309	-0.023851214289177535	-0.007493485493643368	-0.0063802353791120574	0.009234955072022542	0.004786349924820524	0.008741866506823502	-0.007769635432928838	0.015934274662005664	0.009769240537439904	-0.000650817395639179	0.004535115645373239	-0.0003524453548076692	0.0017104655585064258	-0.002702571064007494	0.0009806547594773487	-0.0004899869701270964	-0.0005175202915941518	-0.0002958823129590269	-0.00046764130120635774	-0.0002886375605542436	0.00015688110753609214	0.0004542105688601257	-0.00012651461584136422	9.99353021203195e-05	3.848276376934216e-05	8.53029836945078e-05	-2.1732352216279767e-05	-5.41097684108802e-07	0.0	-0.0	0.0	-0.0	0.0	0.0	-0.0	-0.0	0.0	0.0	0.0	0.0	0.0	0.0	-0.0	0.0	0.0	0.0	0.0	0.0	0.0	-0.0	0.0	0.0	-0.0	0.0	0.0	-0.0	-0.0	0.0	0.0	-0.0	0.0	0.0	0.0	-0.0	-0.0	-0.0	-0.0	-0.0	0.0	0.0	-0.0	-0.0	0.0	0.0	0.0	-0.0	0.0	-0.0	0.0	-0.0	-0.0	-0.0	0.0	0.0	0.0	0.0	0.0	0.0	0.0	0.0	0.0	0.0	0.0	0.0	0.0	0.0	0.0	0.0	0.0	0.0	0.0	0.0	0.0	0.0	0.0	0.0	0.0	0.0	0.0	0.0	0.0	0.0	0.0	0.0	0.0	0.0	0.0	0.0	0.0	0.0	0.0	0.0	0.0	0.0	0.0	0.0	0.0	0.0	0.0	0.0	0.0	0.0	0.0	0.0	0.0	0.0	0.0	0.0	0.0	0.0	0.0	0.0	0.0	0.0	0.0	0.0	0.0	0.0	0.0	0.0	0.0	0.0	0.0	0.0	0.0	0.0	0.0	0.0	0.0	0.0	0.0	0.0	0.0	0.0	0.0	0.0	0.0	0.0	0.0	0.0	0.0	0.0	0.0	0.0	0.0	0.0	0.0	0.0	0.0	0.0	0.0	0.0	0.0	0.0	0.0
S2014m_E9-2-C-M	0.03834099181825627	-0.004526660601017383	-0.009740771327299213	0.007445225604982753	-0.0007652315730117162	0.009808402487814451	-0.016022126524498987	0.0025821000553757976	-0.0045689758881512195	-0.008620857623896711	-0.0009253670760637819	-0.004293951401861254	0.0008640299148515958	0.0014443886547976339	0.0016947734932302246	-0.0018690230402365895	-0.002511984866765127	-0.0010429716467114949	0.00044773594286719024	-0.0014081549340030331	-2.647480706896338e-05	0.00027015083945700215	-0.000469664779057231	-7.801829477796857e-05	0.00021313416564284227	-0.00022748483823525662	-0.00021895676372801878	1.4073123286355128e-06	-0.0003287075782517793	6.87340869818977e-05	-0.00010743397894570065	0.0001721489849955423	-0.0003359263192278685	0.00015257622503811046	0.0001485704914590186	-0.00010516219594096866	1.3939975859818286e-06	0.0	-0.0	-0.0	-0.0	0.0	-0.0	0.0	0.0	-0.0	-0.0	-0.0	-0.0	0.0	0.0	0.0	0.0	0.0	-0.0	0.0	-0.0	0.0	0.0	-0.0	-0.0	0.0	0.0	-0.0	-0.0	0.0	0.0	0.0	0.0	0.0	-0.0	-0.0	0.0	0.0	-0.0	-0.0	0.0	0.0	0.0	-0.0	-0.0	-0.0	0.0	0.0	-0.0	-0.0	0.0	0.0	0.0	0.0	0.0	-0.0	0.0	0.0	0.0	0.0	0.0	0.0	0.0	0.0	0.0	0.0	0.0	0.0	0.0	0.0	0.0	0.0	0.0	0.0	0.0	0.0	0.0	0.0	0.0	0.0	0.0	0.0	0.0	0.0	0.0	0.0	0.0	0.0	0.0	0.0	0.0	0.0	0.0	0.0	0.0	0.0	0.0	0.0	0.0	0.0	0.0	0.0	0.0	0.0	0.0	0.0	0.0	0.0	0.0	0.0	0.0	0.0	0.0	0.0	0.0	0.0	0.0	0.0	0.0	0.0	0.0	0.0	0.0	0.0	0.0	0.0	0.0	0.0	0.0	0.0	0.0	0.0	0.0	0.0	0.0	0.0	0.0	0.0	0.0	0.0	0.0	0.0	0.0	0.0	0.0	0.0	0.0	0.0	0.0	0.0	0.0	0.0	0.0	0.0	0.0	0.0	0.0	0.0
S2014m_E9-3-A-M	0.08339495685378571	0.04224627259105465	0.0057106639669083905	-0.038603512238273914	0.08226155917554483	-0.01615947466310623	0.011994931173683235	-0.03429337852855379	0.00407888215039295	0.028861579107734573	-0.0063730837837381715	-0.00811514974869941	0.0027007783064446644	0.0033683210871764753	0.0027699789433833434	0.003928963341435968	-0.0010717369437771753	0.001239664176831904	0.0015885611258027014	-0.0012335006797288748	0.0008235185257502557	-0.001369878611481899	-0.0008520446690094638	-0.0013232943327099796	0.0009053395151499308	0.00020238802702795972	0.0002759127015827284	-0.00010977089835401943	0.0003339160784335591	-4.784864772768303e-05	-1.3935969358935827e-05	-3.523290779906731e-05	-7.4427158773377305e-06	-3.8891497988404195e-06	-5.579313852939423e-06	1.9320352395450648e-05	-5.332042601790594e-07	0.0	0.0	0.0	0.0	0.0	0.0	-0.0	0.0	0.0	-0.0	0.0	0.0	0.0	0.0	-0.0	0.0	0.0	-0.0	0.0	0.0	0.0	-0.0	-0.0	-0.0	-0.0	-0.0	0.0	0.0	-0.0	0.0	-0.0	0.0	0.0	0.0	-0.0	-0.0	0.0	0.0	-0.0	-0.0	0.0	0.0	0.0	-0.0	0.0	-0.0	0.0	-0.0	0.0	0.0	0.0	-0.0	0.0	0.0	-0.0	-0.0	0.0	0.0	0.0	0.0	0.0	0.0	0.0	0.0	0.0	0.0	0.0	0.0	0.0	0.0	0.0	0.0	0.0	0.0	0.0	0.0	0.0	0.0	0.0	0.0	0.0	0.0	0.0	0.0	0.0	0.0	0.0	0.0	0.0	0.0	0.0	0.0	0.0	0.0	0.0	0.0	0.0	0.0	0.0	0.0	0.0	0.0	0.0	0.0	0.0	0.0	0.0	0.0	0.0	0.0	0.0	0.0	0.0	0.0	0.0	0.0	0.0	0.0	0.0	0.0	0.0	0.0	0.0	0.0	0.0	0.0	0.0	0.0	0.0	0.0	0.0	0.0	0.0	0.0	0.0	0.0	0.0	0.0	0.0	0.0	0.0	0.0	0.0	0.0	0.0	0.0	0.0	0.0	0.0	0.0	0.0	0.0	0.0	0.0	0.0	0.0	0.0
S2014m_E9-3-B-M	0.08339495685378571	0.042246272591054644	0.005710663966908387	-0.038603512238273914	0.08226155917554483	-0.016159474663106223	0.011994931173683237	-0.0342933785285538	0.004078882150392948	0.02886157910773459	-0.006373083783738177	-0.008115149748699414	0.0027007783064446557	0.0033683210871764697	0.0027699789433833343	0.003928963341435937	-0.0010717369437772035	0.0012396641768319067	0.0015885611258027203	-0.0012335006797289097	0.000823518525750241	-0.0013698786114818588	-0.0008520446690094475	-0.0013232943327100546	0.000905339515149819	0.0002023880270280697	0.00027591270158273934	-0.00010977089835387507	0.00033391607843359747	-4.784864772773405e-05	-1.393596935894772e-05	-3.523290779891767e-05	-7.442715877316354e-06	-3.889149798505907e-06	-5.579313852413297e-06	1.9320352396400615e-05	-5.332042605860357e-07	-0.0	-0.0	-0.0	-0.0	-0.0	-0.0	0.0	-0.0	-0.0	0.0	-0.0	-0.0	-0.0	0.0	-0.0	-0.0	0.0	-0.0	0.0	0.0	0.0	-0.0	-0.0	-0.0	-0.0	-0.0	0.0	-0.0	-0.0	-0.0	0.0	0.0	0.0	0.0	-0.0	-0.0	0.0	0.0	-0.0	-0.0	0.0	-0.0	-0.0	0.0	0.0	0.0	-0.0	0.0	-0.0	-0.0	-0.0	-0.0	-0.0	-0.0	0.0	0.0	0.0	0.0	0.0	0.0	0.0	0.0	0.0	0.0	0.0	0.0	0.0	0.0	0.0	0.0	0.0	0.0	0.0	0.0	0.0	0.0	0.0	0.0	0.0	0.0	0.0	0.0	0.0	0.0	0.0	0.0	0.0	0.0	0.0	0.0	0.0	0.0	0.0	0.0	0.0	0.0	0.0	0.0	0.0	0.0	0.0	0.0	0.0	0.0	0.0	0.0	0.0	0.0	0.0	0.0	0.0	0.0	0.0	0.0	0.0	0.0	0.0	0.0	0.0	0.0	0.0	0.0	0.0	0.0	0.0	0.0	0.0	0.0	0.0	0.0	0.0	0.0	0.0	0.0	0.0	0.0	0.0	0.0	0.0	0.0	0.0	0.0	0.0	0.0	0.0	0.0	0.0	0.0	0.0	0.0	0.0	0.0	0.0	0.0	0.0	0.0	0.0
S2014m_E9-3-C-M	0.05823419829288968	-0.010279743010735103	0.0013910218228747396	-0.03228504407130666	0.036533694401266185	-0.038943653567846376	-0.023426443607572872	0.009479130846495399	-0.00923453961240211	0.006649623900806917	-0.025849386251435704	-0.0031834246433815137	0.0019140036296022953	0.00978638062669199	-0.0029300007535602783	-0.0028427902559526952	-0.005590782819364559	0.00025552581050538394	-0.0019209799851837566	-0.007698139015977886	0.0011531255834072653	0.0095488306494571	-0.003960827644347851	0.002820180295952875	-0.0013514056886893226	-0.005177666402870561	-0.000681454993023701	0.000389895617507646	0.00019499639194409267	2.897399662147143e-05	0.0006815772422828697	-9.427186705778641e-05	1.1035594386966075e-05	8.605292394625846e-05	3.3306328517655634e-05	-0.00011674300990375503	4.441657405630391e-06	0.0	-0.0	0.0	-0.0	0.0	0.0	-0.0	-0.0	0.0	0.0	0.0	0.0	0.0	-0.0	0.0	0.0	-0.0	0.0	-0.0	-0.0	-0.0	0.0	-0.0	0.0	0.0	0.0	-0.0	-0.0	-0.0	0.0	0.0	-0.0	0.0	-0.0	0.0	0.0	-0.0	-0.0	0.0	0.0	0.0	0.0	-0.0	-0.0	0.0	0.0	0.0	-0.0	0.0	-0.0	0.0	-0.0	-0.0	-0.0	0.0	0.0	0.0	0.0	0.0	0.0	0.0	0.0	0.0	0.0	0.0	0.0	0.0	0.0	0.0	0.0	0.0	0.0	0.0	0.0	0.0	0.0	0.0	0.0	0.0	0.0	0.0	0.0	0.0	0.0	0.0	0.0	0.0	0.0	0.0	0.0	0.0	0.0	0.0	0.0	0.0	0.0	0.0	0.0	0.0	0.0	0.0	0.0	0.0	0.0	0.0	0.0	0.0	0.0	0.0	0.0	0.0	0.0	0.0	0.0	0.0	0.0	0.0	0.0	0.0	0.0	0.0	0.0	0.0	0.0	0.0	0.0	0.0	0.0	0.0	0.0	0.0	0.0	0.0	0.0	0.0	0.0	0.0	0.0	0.0	0.0	0.0	0.0	0.0	0.0	0.0	0.0	0.0	0.0	0.0	0.0	0.0	0.0	0.0	0.0	0.0	0.0	0.0
S2014m_E9-A-1-F	0.03834100104796632	-0.004526662375010283	-0.0097407712726634	0.0074452293817276515	-0.0007652381344557196	0.00980839927029043	-0.01602212673740458	0.002582097738341118	-0.004568984951661253	-0.008620846556267537	-0.0009253419715802946	-0.0042939699502815435	0.000864030113480024	0.0014443883018940638	0.0016947574902402007	-0.001869016952310775	-0.002511973512067881	-0.001042973184245053	0.000447691105973121	-0.0014081355689440035	-2.6451938325323356e-05	0.0002701897792361949	-0.00046966030945053334	-7.804109589822565e-05	0.000213108885939603	-0.00022747402342117166	-0.00021893609730087776	1.4649183884989093e-06	-0.00032875743769427345	6.885817961356233e-05	-0.00010737863454966708	0.00017208778072748916	-0.00033592092381143064	0.00015263070075891127	0.0001485791539303894	-0.00010516565252963562	2.3366669372438005e-06	0.0	-0.0	-0.0	0.0	0.0	0.0	-0.0	0.0	0.0	0.0	0.0	0.0	-0.0	-0.0	0.0	-0.0	0.0	-0.0	0.0	-0.0	-0.0	-0.0	-0.0	-0.0	-0.0	-0.0	0.0	0.0	-0.0	-0.0	-0.0	-0.0	-0.0	0.0	-0.0	-0.0	-0.0	0.0	0.0	-0.0	0.0	0.0	-0.0	-0.0	0.0	-0.0	-0.0	0.0	-0.0	0.0	-0.0	0.0	-0.0	0.0	0.0	0.0	0.0	0.0	0.0	0.0	0.0	0.0	0.0	0.0	0.0	0.0	0.0	0.0	0.0	0.0	0.0	0.0	0.0	0.0	0.0	0.0	0.0	0.0	0.0	0.0	0.0	0.0	0.0	0.0	0.0	0.0	0.0	0.0	0.0	0.0	0.0	0.0	0.0	0.0	0.0	0.0	0.0	0.0	0.0	0.0	0.0	0.0	0.0	0.0	0.0	0.0	0.0	0.0	0.0	0.0	0.0	0.0	0.0	0.0	0.0	0.0	0.0	0.0	0.0	0.0	0.0	0.0	0.0	0.0	0.0	0.0	0.0	0.0	0.0	0.0	0.0	0.0	0.0	0.0	0.0	0.0	0.0	0.0	0.0	0.0	0.0	0.0	0.0	0.0	0.0	0.0	0.0	0.0	0.0	0.0	0.0	0.0	0.0	0.0	0.0	0.0	0.0
S2017t1_E11-T1a-Female	0.04850551028725963	0.006429702368596157	0.006881312156943049	-0.015519348579330194	-0.005162685765326688	0.011195406984030829	-0.012699828484231393	0.006303360475662708	0.007049013314983087	0.006846181917488026	0.015377711152605132	0.01841981265784143	0.005810853739108247	0.010115125021447582	-0.00044840809294057865	0.004377682386146938	-0.006266469489828494	0.010559164165886406	-0.008460231101372168	0.005994611809313249	0.0033256612118948876	-0.005431997607940609	-0.001497361424720293	0.0003210550431019867	0.0015921746104453948	-0.0003278576947127825	5.512743866039855e-05	-0.0006886862968154364	5.978572931120861e-05	0.0020619082096794985	0.001615115426250318	-6.46078012793661e-05	-3.341081551972416e-05	-3.113493187499486e-05	-0.0001364033311699889	1.1317477566842717e-05	7.195872915949275e-07	0.0	-0.0	0.0	-0.0	0.0	0.0	-0.0	-0.0	0.0	0.0	0.0	0.0	0.0	-0.0	-0.0	0.0	0.0	0.0	-0.0	-0.0	0.0	0.0	0.0	-0.0	0.0	0.0	-0.0	-0.0	-0.0	0.0	0.0	0.0	0.0	0.0	-0.0	0.0	-0.0	-0.0	0.0	-0.0	0.0	0.0	-0.0	-0.0	0.0	0.0	0.0	-0.0	0.0	-0.0	0.0	-0.0	-0.0	-0.0	0.0	0.0	0.0	0.0	0.0	0.0	0.0	0.0	0.0	0.0	0.0	0.0	0.0	0.0	0.0	0.0	0.0	0.0	0.0	0.0	0.0	0.0	0.0	0.0	0.0	0.0	0.0	0.0	0.0	0.0	0.0	0.0	0.0	0.0	0.0	0.0	0.0	0.0	0.0	0.0	0.0	0.0	0.0	0.0	0.0	0.0	0.0	0.0	0.0	0.0	0.0	0.0	0.0	0.0	0.0	0.0	0.0	0.0	0.0	0.0	0.0	0.0	0.0	0.0	0.0	0.0	0.0	0.0	0.0	0.0	0.0	0.0	0.0	0.0	0.0	0.0	0.0	0.0	0.0	0.0	0.0	0.0	0.0	0.0	0.0	0.0	0.0	0.0	0.0	0.0	0.0	0.0	0.0	0.0	0.0	0.0	0.0	0.0	0.0	0.0	0.0	0.0	0.0
S2017t1_E11-T1a-Male	0.050709023939377346	0.007281609612124402	0.007194698666162332	-0.016991134413704555	-0.008552942714533761	0.010093553216642211	-0.014546912268939064	0.010226876436587951	0.006169299508317616	0.008725643503329862	0.02433884556726915	0.020961529259780995	0.00323635465366745	0.0052191497400858305	-0.0004850533993073034	0.0029895231259898475	-0.0005085535932801397	0.012421716077731631	-0.00035023548154203526	-0.011618264073906016	0.011321082024631396	-0.006514603889632692	-0.004609186294272703	0.0015428633337042782	-0.0009003893857261705	-0.002098342425782747	0.0016110459704508048	0.0015002969605870443	0.0003147827004212094	-0.0035826450095315793	-0.0014987309703603077	0.00010549956236311881	-4.217865380103959e-05	-8.097063395192991e-05	5.5268297843778775e-05	-5.770319002055476e-06	-1.0905116410927352e-06	0.0	-0.0	0.0	-0.0	0.0	0.0	-0.0	-0.0	0.0	0.0	0.0	0.0	0.0	0.0	0.0	0.0	-0.0	0.0	0.0	-0.0	-0.0	-0.0	-0.0	0.0	-0.0	0.0	0.0	-0.0	-0.0	0.0	0.0	-0.0	-0.0	0.0	0.0	-0.0	0.0	0.0	-0.0	0.0	0.0	0.0	-0.0	-0.0	0.0	0.0	0.0	-0.0	0.0	-0.0	0.0	-0.0	-0.0	-0.0	0.0	0.0	0.0	0.0	0.0	0.0	0.0	0.0	0.0	0.0	0.0	0.0	0.0	0.0	0.0	0.0	0.0	0.0	0.0	0.0	0.0	0.0	0.0	0.0	0.0	0.0	0.0	0.0	0.0	0.0	0.0	0.0	0.0	0.0	0.0	0.0	0.0	0.0	0.0	0.0	0.0	0.0	0.0	0.0	0.0	0.0	0.0	0.0	0.0	0.0	0.0	0.0	0.0	0.0	0.0	0.0	0.0	0.0	0.0	0.0	0.0	0.0	0.0	0.0	0.0	0.0	0.0	0.0	0.0	0.0	0.0	0.0	0.0	0.0	0.0	0.0	0.0	0.0	0.0	0.0	0.0	0.0	0.0	0.0	0.0	0.0	0.0	0.0	0.0	0.0	0.0	0.0	0.0	0.0	0.0	0.0	0.0	0.0	0.0	0.0	0.0	0.0	0.0
S2017t1_E11-T1b-Female	0.061665681542226326	-0.03311978192749546	-0.053599704710817556	-0.10070252284654664	0.009021449546255857	0.003621785066870638	0.03626030210638721	0.07591529119556092	0.040231484865731124	0.022245342565993753	0.012066174191307146	-0.019401285309199264	-0.00570828885039832	0.0021105563716164798	-0.006824135798564644	0.00040700556621597395	0.004199620979812994	-0.006192604135500484	0.005887399039611544	-0.0016091011592013792	0.0008957606525262886	0.0038806299600205717	-0.00382050740241057	0.0018719620903639186	0.002967972116608853	-0.0013937016121101434	0.00012343115528119154	0.0007442792853322253	-0.00025054457702074765	0.00020864481667132572	-0.0003566781310347681	7.68522752732223e-05	1.5720832596605278e-06	-1.0415542908554682e-05	-4.643587852078421e-06	3.175003130088004e-05	-7.408339382479162e-07	0.0	-0.0	0.0	-0.0	0.0	0.0	-0.0	-0.0	0.0	0.0	0.0	0.0	0.0	0.0	-0.0	0.0	0.0	-0.0	0.0	0.0	0.0	-0.0	-0.0	-0.0	-0.0	0.0	0.0	-0.0	-0.0	0.0	0.0	0.0	-0.0	0.0	-0.0	0.0	0.0	0.0	-0.0	-0.0	0.0	0.0	-0.0	-0.0	0.0	0.0	0.0	-0.0	0.0	-0.0	0.0	-0.0	-0.0	-0.0	0.0	0.0	0.0	0.0	0.0	0.0	0.0	0.0	0.0	0.0	0.0	0.0	0.0	0.0	0.0	0.0	0.0	0.0	0.0	0.0	0.0	0.0	0.0	0.0	0.0	0.0	0.0	0.0	0.0	0.0	0.0	0.0	0.0	0.0	0.0	0.0	0.0	0.0	0.0	0.0	0.0	0.0	0.0	0.0	0.0	0.0	0.0	0.0	0.0	0.0	0.0	0.0	0.0	0.0	0.0	0.0	0.0	0.0	0.0	0.0	0.0	0.0	0.0	0.0	0.0	0.0	0.0	0.0	0.0	0.0	0.0	0.0	0.0	0.0	0.0	0.0	0.0	0.0	0.0	0.0	0.0	0.0	0.0	0.0	0.0	0.0	0.0	0.0	0.0	0.0	0.0	0.0	0.0	0.0	0.0	0.0	0.0	0.0	0.0	0.0	0.0	0.0	0.0
S2017t1_E11-T1b-Male	0.05759062767416482	0.01614576475547727	0.009727887824522111	-0.026354222468020008	-0.009819285391508375	0.03475760784388759	-0.006562067009132718	0.042605377473215904	0.03363950035415059	-0.0011386005976343565	-0.008474877594882364	0.008770958290789842	0.022740015659700047	0.02716128046924331	0.015720464632144365	0.01620618058226147	0.007489626847116401	-0.01599577383211572	0.006386152967866835	-0.00013114470502365884	-0.001312848501221212	-0.0001258652435637754	1.2722573964039074e-05	-0.0010787017728603446	-0.0008308984798545458	-0.0002890027555564625	6.991807809610138e-05	0.00012226121230902298	0.00020097656995821776	0.00028694975216350693	0.000286860492773661	-2.8250383256972835e-06	6.0585326380900195e-05	0.00010306818932878377	3.3119308381585004e-05	-2.3298551885140038e-05	8.872163958568052e-07	0.0	-0.0	0.0	-0.0	0.0	0.0	-0.0	-0.0	0.0	0.0	0.0	0.0	0.0	-0.0	-0.0	0.0	0.0	0.0	-0.0	-0.0	-0.0	0.0	0.0	0.0	0.0	0.0	-0.0	-0.0	-0.0	0.0	0.0	-0.0	0.0	-0.0	0.0	0.0	-0.0	-0.0	0.0	0.0	0.0	0.0	-0.0	-0.0	0.0	0.0	0.0	-0.0	0.0	-0.0	0.0	-0.0	-0.0	-0.0	0.0	0.0	0.0	0.0	0.0	0.0	0.0	0.0	0.0	0.0	0.0	0.0	0.0	0.0	0.0	0.0	0.0	0.0	0.0	0.0	0.0	0.0	0.0	0.0	0.0	0.0	0.0	0.0	0.0	0.0	0.0	0.0	0.0	0.0	0.0	0.0	0.0	0.0	0.0	0.0	0.0	0.0	0.0	0.0	0.0	0.0	0.0	0.0	0.0	0.0	0.0	0.0	0.0	0.0	0.0	0.0	0.0	0.0	0.0	0.0	0.0	0.0	0.0	0.0	0.0	0.0	0.0	0.0	0.0	0.0	0.0	0.0	0.0	0.0	0.0	0.0	0.0	0.0	0.0	0.0	0.0	0.0	0.0	0.0	0.0	0.0	0.0	0.0	0.0	0.0	0.0	0.0	0.0	0.0	0.0	0.0	0.0	0.0	0.0	0.0	0.0	0.0	0.0
S2017t1_E13-T1a-Female	0.0686357693453033	-0.04572734430063633	0.06565106833245055	0.018486121381610463	0.019656893950094477	-0.058104319663425275	0.016039065936123097	0.018360181993734893	0.006384091602471201	0.008003575336553874	0.02379549577900504	0.012974583808438063	-0.004919731263029532	-0.005400316914100917	-0.01400650740683811	-0.0019334097709600196	0.010171255435914569	0.0037493656900482726	0.006694961014176912	-0.011961838403689432	-0.008970431285551703	0.004851146052444407	-0.0005522812966357905	-0.0005917261077245623	0.003282146083191763	0.0026616948473066264	0.00010244904629207156	-0.0006374355130525398	0.0019278529365386818	-0.0009026398508309831	0.000975699182548559	4.0451098449104245e-05	-2.765497313422434e-05	1.9044976868020387e-05	-4.8283949762757175e-05	1.5444981965198946e-05	6.063818393890525e-07	0.0	-0.0	0.0	-0.0	0.0	0.0	-0.0	-0.0	0.0	0.0	0.0	0.0	0.0	-0.0	-0.0	0.0	0.0	0.0	-0.0	-0.0	-0.0	0.0	-0.0	-0.0	0.0	-0.0	0.0	-0.0	-0.0	0.0	0.0	-0.0	-0.0	-0.0	-0.0	0.0	-0.0	0.0	0.0	0.0	0.0	0.0	-0.0	-0.0	0.0	0.0	0.0	-0.0	0.0	-0.0	0.0	-0.0	-0.0	-0.0	0.0	0.0	0.0	0.0	0.0	0.0	0.0	0.0	0.0	0.0	0.0	0.0	0.0	0.0	0.0	0.0	0.0	0.0	0.0	0.0	0.0	0.0	0.0	0.0	0.0	0.0	0.0	0.0	0.0	0.0	0.0	0.0	0.0	0.0	0.0	0.0	0.0	0.0	0.0	0.0	0.0	0.0	0.0	0.0	0.0	0.0	0.0	0.0	0.0	0.0	0.0	0.0	0.0	0.0	0.0	0.0	0.0	0.0	0.0	0.0	0.0	0.0	0.0	0.0	0.0	0.0	0.0	0.0	0.0	0.0	0.0	0.0	0.0	0.0	0.0	0.0	0.0	0.0	0.0	0.0	0.0	0.0	0.0	0.0	0.0	0.0	0.0	0.0	0.0	0.0	0.0	0.0	0.0	0.0	0.0	0.0	0.0	0.0	0.0	0.0	0.0	0.0	0.0
S2017t1_E13-T1a-Male	0.052511349576704905	-0.027053201267972265	-0.0066762970214877424	-0.03663182189223069	0.01368634482678308	-0.05757754647945549	0.026954472117990173	-0.0031041244218522035	0.0018127018551940357	-0.032974997521525884	0.02443499181020614	0.00639114855981964	-0.002718000671211985	0.005486274363624731	-0.0026206659722541104	-0.0032635162503391263	-0.002578315302510156	-0.006753723122072769	-0.01103580628113437	0.009954409468723493	0.0005796629560375935	0.006199306775061898	0.008187989281354438	-0.0013640981478199115	-0.0030470314295196975	0.0005206574824232198	-0.0009930210473177601	-0.0007031396829323921	0.00019598386591948168	-0.001120842695301058	-4.9173486893777546e-05	-9.041946575389462e-05	-4.8190845029436e-05	7.4578227421823295e-06	6.35445319263404e-05	-2.235954870123807e-06	-1.3834964382541526e-06	0.0	-0.0	0.0	-0.0	0.0	0.0	-0.0	-0.0	0.0	0.0	0.0	0.0	0.0	0.0	-0.0	0.0	-0.0	-0.0	0.0	0.0	0.0	-0.0	-0.0	0.0	-0.0	0.0	0.0	-0.0	-0.0	0.0	0.0	-0.0	-0.0	0.0	0.0	-0.0	0.0	0.0	-0.0	-0.0	0.0	0.0	-0.0	-0.0	0.0	0.0	0.0	-0.0	0.0	-0.0	0.0	-0.0	-0.0	-0.0	0.0	0.0	0.0	0.0	0.0	0.0	0.0	0.0	0.0	0.0	0.0	0.0	0.0	0.0	0.0	0.0	0.0	0.0	0.0	0.0	0.0	0.0	0.0	0.0	0.0	0.0	0.0	0.0	0.0	0.0	0.0	0.0	0.0	0.0	0.0	0.0	0.0	0.0	0.0	0.0	0.0	0.0	0.0	0.0	0.0	0.0	0.0	0.0	0.0	0.0	0.0	0.0	0.0	0.0	0.0	0.0	0.0	0.0	0.0	0.0	0.0	0.0	0.0	0.0	0.0	0.0	0.0	0.0	0.0	0.0	0.0	0.0	0.0	0.0	0.0	0.0	0.0	0.0	0.0	0.0	0.0	0.0	0.0	0.0	0.0	0.0	0.0	0.0	0.0	0.0	0.0	0.0	0.0	0.0	0.0	0.0	0.0	0.0	0.0	0.0	0.0	0.0	0.0
S2017t1_E13-T1b-Female	0.04498921538539598	-0.07314696307615198	0.0063347183855346585	0.024999247103154782	-0.012816749867115234	-0.0005829945643968482	0.061449050342026475	0.006699979463085066	0.002050850376706785	-0.01349390487495088	0.006210538900482449	0.013851147698473329	0.00793489326092471	0.020612660006840595	-0.00391414281041554	0.0019852032192712297	-0.00402084245362231	0.00675169111879147	-0.005971832738914167	-0.0033080985090340044	0.0038685664902431026	0.002735354799397135	0.002757483936937363	-0.0009770297246954915	0.0011854340207670204	0.001141120731475916	0.0001810465351450212	-0.0005313744521784672	0.0014236198802584502	-0.00014538739335290434	0.00019612700314380148	1.147328393436359e-05	-1.8451414748839246e-05	1.9116591270541447e-05	-2.5484017869997754e-06	-7.30177290771092e-06	1.1095961158853634e-06	0.0	-0.0	0.0	-0.0	0.0	0.0	-0.0	-0.0	0.0	0.0	0.0	0.0	0.0	-0.0	0.0	0.0	-0.0	0.0	-0.0	-0.0	-0.0	0.0	-0.0	0.0	0.0	-0.0	-0.0	-0.0	-0.0	0.0	0.0	-0.0	0.0	-0.0	-0.0	0.0	-0.0	-0.0	0.0	0.0	0.0	0.0	-0.0	-0.0	0.0	0.0	0.0	-0.0	0.0	-0.0	0.0	-0.0	-0.0	-0.0	0.0	0.0	0.0	0.0	0.0	0.0	0.0	0.0	0.0	0.0	0.0	0.0	0.0	0.0	0.0	0.0	0.0	0.0	0.0	0.0	0.0	0.0	0.0	0.0	0.0	0.0	0.0	0.0	0.0	0.0	0.0	0.0	0.0	0.0	0.0	0.0	0.0	0.0	0.0	0.0	0.0	0.0	0.0	0.0	0.0	0.0	0.0	0.0	0.0	0.0	0.0	0.0	0.0	0.0	0.0	0.0	0.0	0.0	0.0	0.0	0.0	0.0	0.0	0.0	0.0	0.0	0.0	0.0	0.0	0.0	0.0	0.0	0.0	0.0	0.0	0.0	0.0	0.0	0.0	0.0	0.0	0.0	0.0	0.0	0.0	0.0	0.0	0.0	0.0	0.0	0.0	0.0	0.0	0.0	0.0	0.0	0.0	0.0	0.0	0.0	0.0	0.0	0.0
S2017t1_E13-T1b-Male	0.05808435644666724	0.0011075119732703717	0.04355395589369376	-0.04661407281027699	-0.004045922600817478	0.0002538620629439555	0.014054344155935717	0.004806753719990769	0.0023401674636287207	-0.01754268474043356	-0.008093332092107693	-0.02563477028382714	-0.010753762423180966	-0.011281288506201552	-0.005387112816470637	-0.00857571217371375	-0.008482370433039434	0.011572325743178792	-0.005538901368156179	0.0011151515073760583	-0.0013327157135839273	-0.0015553972671537373	-0.00042466958698641593	-0.00011847615464423517	0.0014576970321677155	0.0016591890753422118	0.00031297051214747534	-0.0005860891816605387	0.0005478915394635237	-0.00015750690553729423	0.0003398004889524123	0.00011909734801136578	-0.00012306957527261718	-0.00020509443846805403	-6.198132842332925e-05	-1.8143115628073728e-05	-2.6928293490864225e-07	0.0	-0.0	0.0	-0.0	0.0	0.0	-0.0	-0.0	0.0	0.0	0.0	0.0	0.0	0.0	0.0	0.0	-0.0	-0.0	-0.0	-0.0	-0.0	0.0	0.0	0.0	0.0	0.0	0.0	-0.0	-0.0	0.0	0.0	0.0	0.0	0.0	-0.0	-0.0	0.0	-0.0	0.0	0.0	0.0	0.0	-0.0	-0.0	0.0	0.0	0.0	-0.0	0.0	-0.0	0.0	-0.0	-0.0	-0.0	0.0	0.0	0.0	0.0	0.0	0.0	0.0	0.0	0.0	0.0	0.0	0.0	0.0	0.0	0.0	0.0	0.0	0.0	0.0	0.0	0.0	0.0	0.0	0.0	0.0	0.0	0.0	0.0	0.0	0.0	0.0	0.0	0.0	0.0	0.0	0.0	0.0	0.0	0.0	0.0	0.0	0.0	0.0	0.0	0.0	0.0	0.0	0.0	0.0	0.0	0.0	0.0	0.0	0.0	0.0	0.0	0.0	0.0	0.0	0.0	0.0	0.0	0.0	0.0	0.0	0.0	0.0	0.0	0.0	0.0	0.0	0.0	0.0	0.0	0.0	0.0	0.0	0.0	0.0	0.0	0.0	0.0	0.0	0.0	0.0	0.0	0.0	0.0	0.0	0.0	0.0	0.0	0.0	0.0	0.0	0.0	0.0	0.0	0.0	0.0	0.0	0.0	0.0
S2017t1_E14-T1a-Female	-0.1200900914496283	0.03718442314587808	0.039516519350634355	-0.024518898334761483	-0.022154815413780463	-0.006229218487867116	0.0011882186465912103	0.007265786924688647	0.0006400256729232666	0.017974434482655812	0.03673979619756597	0.02666211071853065	0.001980114585988621	-0.002597068359507344	0.0031993703473520993	0.00429617212029639	0.0008798284026523916	0.014064576867945275	-0.0061234531747483955	-0.008844913359352561	0.009104672276041255	-0.006719845705283631	-0.00124426202077794	-0.0008544456031114268	0.001173323435942344	0.0014492876022284206	0.0007032059561915061	0.0004396138610372836	-3.2383456564781734e-05	3.856203284693399e-05	-0.0005631893516615157	2.1448952446993895e-05	2.9626514636493974e-05	0.00016607215596396496	5.3207997491450496e-05	7.888901886387788e-05	-1.8205991301333389e-06	0.0	-0.0	0.0	-0.0	0.0	0.0	-0.0	-0.0	0.0	0.0	0.0	0.0	0.0	-0.0	-0.0	0.0	0.0	-0.0	0.0	-0.0	0.0	-0.0	-0.0	-0.0	-0.0	-0.0	0.0	-0.0	-0.0	0.0	0.0	0.0	-0.0	0.0	0.0	0.0	-0.0	-0.0	-0.0	-0.0	0.0	0.0	-0.0	-0.0	0.0	0.0	0.0	-0.0	0.0	-0.0	0.0	-0.0	-0.0	-0.0	0.0	0.0	0.0	0.0	0.0	0.0	0.0	0.0	0.0	0.0	0.0	0.0	0.0	0.0	0.0	0.0	0.0	0.0	0.0	0.0	0.0	0.0	0.0	0.0	0.0	0.0	0.0	0.0	0.0	0.0	0.0	0.0	0.0	0.0	0.0	0.0	0.0	0.0	0.0	0.0	0.0	0.0	0.0	0.0	0.0	0.0	0.0	0.0	0.0	0.0	0.0	0.0	0.0	0.0	0.0	0.0	0.0	0.0	0.0	0.0	0.0	0.0	0.0	0.0	0.0	0.0	0.0	0.0	0.0	0.0	0.0	0.0	0.0	0.0	0.0	0.0	0.0	0.0	0.0	0.0	0.0	0.0	0.0	0.0	0.0	0.0	0.0	0.0	0.0	0.0	0.0	0.0	0.0	0.0	0.0	0.0	0.0	0.0	0.0	0.0	0.0	0.0	0.0
S2017t1_E14-T1a-Male	-0.134023853401332	0.053012219485630084	0.047615702939779084	-0.04082284999061061	-0.029539191926531313	0.016779381536472716	0.016310006009443087	0.053320097315595144	0.05327483883719204	0.005625248110735488	-0.003856868187485059	-0.024581102035205547	0.01654072226912863	0.0137148150940607	0.00838293593250617	0.018278660331689397	0.004723676197444727	-0.005949913004031617	0.0014056825390613363	0.0005119087082674326	0.0004824721737796632	0.0002915086806237947	0.0010909474258034286	-0.0005617482876499094	-0.0004906205987768976	0.00031217254869829653	2.9798049302873357e-05	-7.583111468699486e-05	0.00016727442690375017	8.759702002842852e-06	1.7148455047869763e-05	-6.994872879235482e-05	-3.5941726671969503e-06	1.4762541304279315e-05	1.1895037721509214e-07	-1.1935121264397282e-05	5.384851655841691e-07	0.0	-0.0	0.0	-0.0	0.0	0.0	-0.0	-0.0	0.0	0.0	0.0	0.0	0.0	-0.0	0.0	0.0	-0.0	0.0	-0.0	-0.0	-0.0	0.0	0.0	0.0	0.0	-0.0	-0.0	-0.0	-0.0	0.0	0.0	0.0	0.0	-0.0	0.0	0.0	-0.0	-0.0	0.0	0.0	0.0	0.0	-0.0	-0.0	0.0	0.0	0.0	-0.0	0.0	-0.0	0.0	-0.0	-0.0	-0.0	0.0	0.0	0.0	0.0	0.0	0.0	0.0	0.0	0.0	0.0	0.0	0.0	0.0	0.0	0.0	0.0	0.0	0.0	0.0	0.0	0.0	0.0	0.0	0.0	0.0	0.0	0.0	0.0	0.0	0.0	0.0	0.0	0.0	0.0	0.0	0.0	0.0	0.0	0.0	0.0	0.0	0.0	0.0	0.0	0.0	0.0	0.0	0.0	0.0	0.0	0.0	0.0	0.0	0.0	0.0	0.0	0.0	0.0	0.0	0.0	0.0	0.0	0.0	0.0	0.0	0.0	0.0	0.0	0.0	0.0	0.0	0.0	0.0	0.0	0.0	0.0	0.0	0.0	0.0	0.0	0.0	0.0	0.0	0.0	0.0	0.0	0.0	0.0	0.0	0.0	0.0	0.0	0.0	0.0	0.0	0.0	0.0	0.0	0.0	0.0	0.0	0.0	0.0
S2017t1_E14-T1b-Female	-0.12033512662200165	0.01679071777115526	0.036595074029638575	-0.00796786252210172	-0.004135573868452579	-0.0005256380651679927	-0.005772627273003476	0.00610710788327186	-0.013705172920549548	-0.021043040490627742	0.0006866347712568552	-0.00015982305545200734	0.006744733404450028	0.01833989907418281	0.0026652447681825013	-0.0023643834484247707	-0.0031390015503698437	0.005811358683260426	-0.014540568317707425	-0.004970522197373985	-0.002224054086041431	-0.007370661281099323	-0.0031069530404118834	0.002229757428485802	-0.001775071160996833	-0.002847506500981724	-0.00048754578697559687	-0.0017766113362629426	-0.0003018561442848596	-0.0018404558742344307	-0.0005690521193025256	-0.0002056761233477556	-1.0767309715252008e-05	4.628634376572082e-05	4.426887763761206e-05	5.168053443189083e-05	-5.166710666842948e-07	0.0	-0.0	0.0	-0.0	0.0	0.0	-0.0	-0.0	0.0	0.0	0.0	0.0	0.0	-0.0	-0.0	0.0	0.0	-0.0	0.0	0.0	0.0	-0.0	0.0	0.0	-0.0	0.0	0.0	-0.0	-0.0	0.0	0.0	-0.0	-0.0	-0.0	0.0	-0.0	0.0	0.0	0.0	-0.0	0.0	0.0	-0.0	-0.0	0.0	0.0	0.0	-0.0	0.0	-0.0	0.0	-0.0	-0.0	-0.0	0.0	0.0	0.0	0.0	0.0	0.0	0.0	0.0	0.0	0.0	0.0	0.0	0.0	0.0	0.0	0.0	0.0	0.0	0.0	0.0	0.0	0.0	0.0	0.0	0.0	0.0	0.0	0.0	0.0	0.0	0.0	0.0	0.0	0.0	0.0	0.0	0.0	0.0	0.0	0.0	0.0	0.0	0.0	0.0	0.0	0.0	0.0	0.0	0.0	0.0	0.0	0.0	0.0	0.0	0.0	0.0	0.0	0.0	0.0	0.0	0.0	0.0	0.0	0.0	0.0	0.0	0.0	0.0	0.0	0.0	0.0	0.0	0.0	0.0	0.0	0.0	0.0	0.0	0.0	0.0	0.0	0.0	0.0	0.0	0.0	0.0	0.0	0.0	0.0	0.0	0.0	0.0	0.0	0.0	0.0	0.0	0.0	0.0	0.0	0.0	0.0	0.0	0.0
S2017t1_E14-T1b-Male	-0.1301078187285443	0.019600313737195608	0.03693903665763014	-0.009840920305245172	-0.010482428095274193	-0.003569445544224797	-0.009494148548620284	0.00845662814095634	-0.022845814180818953	-0.021395301114747602	0.006867440426260687	0.0013016719009887752	0.0056445135709115	0.024516275556508583	0.008648688226136094	-7.544986764582368e-05	-0.02678185317727932	0.022244473202365975	0.028742732648272633	0.005861561784509214	0.00043595482538209476	0.0025291632727994797	-0.0010810776299609401	-0.000293884240240629	0.0014065238713914672	0.0010238384721324317	0.000245958617394759	0.0004446218835885505	-0.00033289612997678563	-0.00012848789186310224	-0.00041792541353387287	6.060066589868985e-05	-4.138516092011708e-05	-5.414328073260245e-05	-1.1344706399503137e-05	2.367682453941528e-05	-8.395301237353892e-07	0.0	-0.0	0.0	-0.0	0.0	0.0	-0.0	-0.0	0.0	0.0	0.0	0.0	0.0	0.0	0.0	0.0	0.0	-0.0	0.0	0.0	0.0	-0.0	-0.0	0.0	-0.0	-0.0	0.0	-0.0	-0.0	0.0	0.0	0.0	-0.0	0.0	0.0	-0.0	0.0	0.0	-0.0	-0.0	0.0	0.0	-0.0	-0.0	0.0	0.0	0.0	-0.0	0.0	-0.0	0.0	-0.0	-0.0	-0.0	0.0	0.0	0.0	0.0	0.0	0.0	0.0	0.0	0.0	0.0	0.0	0.0	0.0	0.0	0.0	0.0	0.0	0.0	0.0	0.0	0.0	0.0	0.0	0.0	0.0	0.0	0.0	0.0	0.0	0.0	0.0	0.0	0.0	0.0	0.0	0.0	0.0	0.0	0.0	0.0	0.0	0.0	0.0	0.0	0.0	0.0	0.0	0.0	0.0	0.0	0.0	0.0	0.0	0.0	0.0	0.0	0.0	0.0	0.0	0.0	0.0	0.0	0.0	0.0	0.0	0.0	0.0	0.0	0.0	0.0	0.0	0.0	0.0	0.0	0.0	0.0	0.0	0.0	0.0	0.0	0.0	0.0	0.0	0.0	0.0	0.0	0.0	0.0	0.0	0.0	0.0	0.0	0.0	0.0	0.0	0.0	0.0	0.0	0.0	0.0	0.0	0.0	0.0
S2017t1_E16-T1a-Female	0.07008600182393852	-0.07056435546321457	0.080687590598131	0.0026835507435738716	0.005541071905577786	-0.0034526728340864114	0.025265889129655383	-0.005856524287817516	-0.011712339405241712	-0.002199730861002103	-0.006341577021203058	-0.007085333864181944	-0.0025631096821510492	-0.0017862542261723416	0.005786033729707011	-0.0011952639859378854	-0.00020406619136349667	-0.003305302401914432	0.0001701866899171653	0.0037744413482408744	0.000280814374654194	-0.0036436528032159957	-0.0014065166089972474	0.0011751654075062628	-0.00033696303066463724	-0.0016661257139948351	-6.767209415343263e-05	0.0004382758569687259	-0.0007854844691923438	0.00045048412006144214	-0.000361828277111127	1.4344290523133216e-06	6.12467224563827e-05	-3.199259209478729e-06	5.202229517662224e-05	-3.2652548397278975e-05	5.475686584666069e-07	0.0	-0.0	-0.0	-0.0	0.0	-0.0	0.0	0.0	0.0	-0.0	0.0	-0.0	-0.0	-0.0	0.0	-0.0	-0.0	0.0	-0.0	0.0	-0.0	0.0	0.0	0.0	0.0	0.0	-0.0	-0.0	0.0	0.0	0.0	-0.0	0.0	-0.0	0.0	0.0	-0.0	-0.0	0.0	0.0	0.0	0.0	-0.0	0.0	0.0	0.0	-0.0	0.0	-0.0	0.0	0.0	-0.0	-0.0	0.0	0.0	-0.0	0.0	0.0	0.0	0.0	0.0	0.0	0.0	0.0	0.0	0.0	0.0	0.0	0.0	0.0	0.0	0.0	0.0	0.0	0.0	0.0	0.0	0.0	0.0	0.0	0.0	0.0	0.0	0.0	0.0	0.0	0.0	0.0	0.0	0.0	0.0	0.0	0.0	0.0	0.0	0.0	0.0	0.0	0.0	0.0	0.0	0.0	0.0	0.0	0.0	0.0	0.0	0.0	0.0	0.0	0.0	0.0	0.0	0.0	0.0	0.0	0.0	0.0	0.0	0.0	0.0	0.0	0.0	0.0	0.0	0.0	0.0	0.0	0.0	0.0	0.0	0.0	0.0	0.0	0.0	0.0	0.0	0.0	0.0	0.0	0.0	0.0	0.0	0.0	0.0	0.0	0.0	0.0	0.0	0.0	0.0	0.0	0.0	0.0	0.0	0.0	0.0
S2017t1_E16-T1b-Female	0.0607179130101824	0.007801351801911888	0.0285773640871785	-0.05512945751925415	-0.008927282066954999	-0.009174464128426513	0.009801496084732098	0.013440219059926577	-0.03122681724150393	0.024598084114241962	0.012446804828405579	0.013512760767852183	-0.006643236010724091	-0.0032958170915298717	-0.0032841697159984445	-0.006575631824588714	0.007664384704965377	0.0017685483655887834	0.0030949681690914353	-0.003285177361558201	-0.005409624307238683	-0.0014680179041736598	0.007548555219416229	0.002895724757349799	-0.008678326271769414	-0.00262688062492996	-0.0014916253694558525	-0.00034983016305227424	0.0011050630128222035	-0.0005483009474779092	0.002451798727621955	-0.0004306064908207577	0.00013908499642407995	0.0003026430760505796	-4.3354406799411375e-05	-0.0002843763371621175	1.1608194894122526e-05	0.0	-0.0	0.0	-0.0	0.0	0.0	-0.0	-0.0	0.0	0.0	0.0	0.0	0.0	-0.0	0.0	0.0	-0.0	0.0	-0.0	-0.0	-0.0	0.0	0.0	0.0	0.0	0.0	-0.0	-0.0	-0.0	0.0	0.0	-0.0	0.0	-0.0	0.0	0.0	-0.0	-0.0	0.0	0.0	0.0	0.0	-0.0	-0.0	0.0	0.0	0.0	-0.0	0.0	-0.0	0.0	-0.0	-0.0	-0.0	0.0	0.0	0.0	0.0	0.0	0.0	0.0	0.0	0.0	0.0	0.0	0.0	0.0	0.0	0.0	0.0	0.0	0.0	0.0	0.0	0.0	0.0	0.0	0.0	0.0	0.0	0.0	0.0	0.0	0.0	0.0	0.0	0.0	0.0	0.0	0.0	0.0	0.0	0.0	0.0	0.0	0.0	0.0	0.0	0.0	0.0	0.0	0.0	0.0	0.0	0.0	0.0	0.0	0.0	0.0	0.0	0.0	0.0	0.0	0.0	0.0	0.0	0.0	0.0	0.0	0.0	0.0	0.0	0.0	0.0	0.0	0.0	0.0	0.0	0.0	0.0	0.0	0.0	0.0	0.0	0.0	0.0	0.0	0.0	0.0	0.0	0.0	0.0	0.0	0.0	0.0	0.0	0.0	0.0	0.0	0.0	0.0	0.0	0.0	0.0	0.0	0.0	0.0
S2017t1_E17-T1a-Female	0.06522557379318297	0.04036957379691003	0.02508568713886786	-0.01709218028602354	-0.00902871929295076	-0.02652466884003862	0.016499665896559875	0.07416191179976005	0.04032110244975212	-0.018883795663980657	0.0006590468882989792	-0.012091103910526367	0.00693951927802902	0.016757497345984224	0.0012783269239703982	0.010140600967307047	-0.0005070291672434188	-0.005163162601975181	-0.0020672939710424903	0.008975502346020642	-0.003187063258827574	-0.0052833368283394045	-0.0002884237363594101	0.0006730077290482666	7.323519268424975e-05	0.0006779483788301152	-0.0003121240781113949	-0.00027138121830897627	-0.0003702099906025195	0.0006650273516468801	-1.8008346314230844e-05	-7.315469279045731e-06	-2.7169569315288913e-06	-3.6276325229193216e-05	1.178958685365445e-05	3.349847185980196e-05	-1.6303608231164753e-06	0.0	-0.0	0.0	-0.0	0.0	0.0	-0.0	-0.0	0.0	0.0	0.0	0.0	0.0	0.0	-0.0	0.0	0.0	-0.0	0.0	0.0	0.0	-0.0	0.0	-0.0	-0.0	0.0	0.0	-0.0	-0.0	0.0	0.0	0.0	-0.0	0.0	-0.0	-0.0	0.0	0.0	-0.0	-0.0	0.0	0.0	-0.0	-0.0	0.0	0.0	0.0	-0.0	0.0	-0.0	0.0	-0.0	-0.0	-0.0	0.0	0.0	0.0	0.0	0.0	0.0	0.0	0.0	0.0	0.0	0.0	0.0	0.0	0.0	0.0	0.0	0.0	0.0	0.0	0.0	0.0	0.0	0.0	0.0	0.0	0.0	0.0	0.0	0.0	0.0	0.0	0.0	0.0	0.0	0.0	0.0	0.0	0.0	0.0	0.0	0.0	0.0	0.0	0.0	0.0	0.0	0.0	0.0	0.0	0.0	0.0	0.0	0.0	0.0	0.0	0.0	0.0	0.0	0.0	0.0	0.0	0.0	0.0	0.0	0.0	0.0	0.0	0.0	0.0	0.0	0.0	0.0	0.0	0.0	0.0	0.0	0.0	0.0	0.0	0.0	0.0	0.0	0.0	0.0	0.0	0.0	0.0	0.0	0.0	0.0	0.0	0.0	0.0	0.0	0.0	0.0	0.0	0.0	0.0	0.0	0.0	0.0	0.0
S2017t1_E17-T1a-Male	0.0696051005308488	0.005517410993444335	0.029438969345450337	-0.05874328591613289	0.004837979761638583	0.01989006619435211	-0.01397913201061602	0.06539376519392555	0.03962657607635497	-0.0008562038937990734	0.01763945988018305	-0.021901153602291164	-0.009155846229323417	-0.005190738456789196	-0.0011686683552748665	-0.0020562051210985324	0.008583995433178383	-0.008219594161913882	0.0052639332718258545	-0.002854195327865643	0.0006776724589056727	0.0030136416147479423	0.0036752445164964145	-0.001253126437425476	-0.0024960827818548644	0.0012520235015401257	-5.833954257871442e-05	-0.0004237279328170118	0.00020962199269419527	-0.0011790555231932485	-4.931628174498661e-05	-8.79554890802328e-05	-3.83842148754419e-05	-3.622986236544806e-06	1.4007393393295744e-05	-2.5875710080081504e-06	-1.2496019101143392e-07	0.0	-0.0	0.0	-0.0	0.0	0.0	-0.0	-0.0	0.0	0.0	0.0	0.0	0.0	-0.0	0.0	0.0	0.0	-0.0	0.0	0.0	0.0	-0.0	-0.0	0.0	-0.0	-0.0	0.0	-0.0	-0.0	0.0	0.0	-0.0	-0.0	-0.0	0.0	-0.0	-0.0	0.0	-0.0	-0.0	0.0	0.0	-0.0	-0.0	0.0	0.0	0.0	-0.0	0.0	-0.0	0.0	-0.0	-0.0	-0.0	0.0	0.0	0.0	0.0	0.0	0.0	0.0	0.0	0.0	0.0	0.0	0.0	0.0	0.0	0.0	0.0	0.0	0.0	0.0	0.0	0.0	0.0	0.0	0.0	0.0	0.0	0.0	0.0	0.0	0.0	0.0	0.0	0.0	0.0	0.0	0.0	0.0	0.0	0.0	0.0	0.0	0.0	0.0	0.0	0.0	0.0	0.0	0.0	0.0	0.0	0.0	0.0	0.0	0.0	0.0	0.0	0.0	0.0	0.0	0.0	0.0	0.0	0.0	0.0	0.0	0.0	0.0	0.0	0.0	0.0	0.0	0.0	0.0	0.0	0.0	0.0	0.0	0.0	0.0	0.0	0.0	0.0	0.0	0.0	0.0	0.0	0.0	0.0	0.0	0.0	0.0	0.0	0.0	0.0	0.0	0.0	0.0	0.0	0.0	0.0	0.0	0.0	0.0
S2017t1_E17-T1b-Male	0.06084829233185743	-0.023900640648754825	0.02444942028519825	-0.04227590172500957	0.015299895912517555	0.010744769883974197	-0.031668945883080314	-0.013935263787881964	-0.011109949627876259	-0.02191505353300865	-1.2880394663737403e-05	-0.00867087459361661	0.027631632630502386	0.005458784543779714	-0.03765473740167557	-0.012125868456824762	0.0011682843872959964	-0.010957011695178912	0.005535590072376105	0.004941975727627249	0.0054741620255606745	-0.004383716831204915	-0.0028374362732514423	0.0005686297675587033	0.001719061843118165	0.0018232947073787609	-5.228812310568003e-05	-0.00040629288629713545	0.0008102852831890213	-0.00011831040408884994	0.0003864925262665031	3.638948744386329e-05	-2.7202963861734833e-05	3.5499501388062253e-05	-4.756181253277698e-06	1.834692738007626e-05	-3.315749288714985e-07	0.0	-0.0	0.0	-0.0	0.0	0.0	-0.0	-0.0	0.0	0.0	0.0	0.0	0.0	-0.0	-0.0	0.0	0.0	-0.0	0.0	0.0	0.0	-0.0	-0.0	-0.0	-0.0	-0.0	-0.0	-0.0	-0.0	0.0	0.0	-0.0	-0.0	-0.0	-0.0	0.0	0.0	0.0	-0.0	-0.0	0.0	0.0	-0.0	-0.0	0.0	0.0	0.0	-0.0	0.0	-0.0	0.0	-0.0	-0.0	-0.0	0.0	0.0	0.0	0.0	0.0	0.0	0.0	0.0	0.0	0.0	0.0	0.0	0.0	0.0	0.0	0.0	0.0	0.0	0.0	0.0	0.0	0.0	0.0	0.0	0.0	0.0	0.0	0.0	0.0	0.0	0.0	0.0	0.0	0.0	0.0	0.0	0.0	0.0	0.0	0.0	0.0	0.0	0.0	0.0	0.0	0.0	0.0	0.0	0.0	0.0	0.0	0.0	0.0	0.0	0.0	0.0	0.0	0.0	0.0	0.0	0.0	0.0	0.0	0.0	0.0	0.0	0.0	0.0	0.0	0.0	0.0	0.0	0.0	0.0	0.0	0.0	0.0	0.0	0.0	0.0	0.0	0.0	0.0	0.0	0.0	0.0	0.0	0.0	0.0	0.0	0.0	0.0	0.0	0.0	0.0	0.0	0.0	0.0	0.0	0.0	0.0	0.0	0.0
S2017t1_E19-T1a-Male	-0.14859327422838317	-0.04393260840150605	0.019811263313996404	0.052703037983695494	-0.021111397811233442	-0.003951045359929753	0.050006813794041434	0.001487200915703427	-0.011632314610016412	-0.0027913908036979983	0.007946009446204933	-0.0017865752368467383	0.0003960556637736427	0.0020466720228811477	0.001047335880951707	-0.002391155929042906	0.00014381635285747637	-0.00723621148235632	-0.002051595012456431	0.0023306001761733593	0.005664308920789187	0.010026173405228463	0.005857077443828435	-0.004253933573506852	0.0028830246120560366	0.005131197587978232	0.0006372624099314793	-0.0018202069554069551	0.0018210659744147075	-0.0021250447361337026	0.0015703780495104954	4.7917797755904764e-06	-5.607521834157654e-05	5.050010989074469e-05	-1.3165604773557444e-05	-2.0194661959227e-05	9.250033587582104e-08	0.0	-0.0	0.0	-0.0	0.0	0.0	-0.0	-0.0	0.0	0.0	0.0	0.0	0.0	0.0	-0.0	0.0	0.0	0.0	-0.0	-0.0	-0.0	-0.0	-0.0	-0.0	-0.0	-0.0	-0.0	-0.0	-0.0	0.0	0.0	0.0	0.0	-0.0	-0.0	0.0	0.0	0.0	0.0	0.0	0.0	0.0	-0.0	-0.0	0.0	0.0	0.0	-0.0	0.0	-0.0	0.0	-0.0	-0.0	-0.0	0.0	0.0	0.0	0.0	0.0	0.0	0.0	0.0	0.0	0.0	0.0	0.0	0.0	0.0	0.0	0.0	0.0	0.0	0.0	0.0	0.0	0.0	0.0	0.0	0.0	0.0	0.0	0.0	0.0	0.0	0.0	0.0	0.0	0.0	0.0	0.0	0.0	0.0	0.0	0.0	0.0	0.0	0.0	0.0	0.0	0.0	0.0	0.0	0.0	0.0	0.0	0.0	0.0	0.0	0.0	0.0	0.0	0.0	0.0	0.0	0.0	0.0	0.0	0.0	0.0	0.0	0.0	0.0	0.0	0.0	0.0	0.0	0.0	0.0	0.0	0.0	0.0	0.0	0.0	0.0	0.0	0.0	0.0	0.0	0.0	0.0	0.0	0.0	0.0	0.0	0.0	0.0	0.0	0.0	0.0	0.0	0.0	0.0	0.0	0.0	0.0	0.0	0.0
S2017t1_E19-T1b-Male	0.05573577978430612	0.03406868883626628	-0.039615799251911346	0.00834649344966396	0.011269010698172871	0.02458989053558656	0.06992569798495235	-0.03769523161264525	-0.001760806571487	-0.010919624941573967	0.026094764067938755	-0.0066986876330645834	0.002156093660068544	0.0035797506346839482	0.00916247831708361	0.0035110804967710637	-0.00012070483038288638	-0.0031850881063909403	-0.002943747253910288	0.0003946634070110694	0.0038596226752577894	0.00233088029957164	0.004307572892742251	-0.0023396512760993247	-0.0012424725133102174	0.0015678130286102393	-3.978707946177397e-05	-0.0005258234628643843	0.00029072627419489026	-0.0004508561537822613	-5.347404434750175e-05	-0.00017757215651450036	-3.137385832256445e-05	5.1950310512134955e-05	-3.543000440390768e-06	-3.1800209834644727e-06	5.570800454025288e-07	0.0	-0.0	0.0	-0.0	0.0	0.0	-0.0	-0.0	0.0	0.0	0.0	0.0	0.0	-0.0	0.0	0.0	-0.0	0.0	-0.0	-0.0	-0.0	-0.0	-0.0	-0.0	0.0	-0.0	0.0	-0.0	-0.0	0.0	0.0	-0.0	0.0	-0.0	-0.0	0.0	-0.0	0.0	0.0	0.0	0.0	0.0	-0.0	-0.0	0.0	0.0	0.0	-0.0	0.0	-0.0	0.0	-0.0	-0.0	-0.0	0.0	0.0	0.0	0.0	0.0	0.0	0.0	0.0	0.0	0.0	0.0	0.0	0.0	0.0	0.0	0.0	0.0	0.0	0.0	0.0	0.0	0.0	0.0	0.0	0.0	0.0	0.0	0.0	0.0	0.0	0.0	0.0	0.0	0.0	0.0	0.0	0.0	0.0	0.0	0.0	0.0	0.0	0.0	0.0	0.0	0.0	0.0	0.0	0.0	0.0	0.0	0.0	0.0	0.0	0.0	0.0	0.0	0.0	0.0	0.0	0.0	0.0	0.0	0.0	0.0	0.0	0.0	0.0	0.0	0.0	0.0	0.0	0.0	0.0	0.0	0.0	0.0	0.0	0.0	0.0	0.0	0.0	0.0	0.0	0.0	0.0	0.0	0.0	0.0	0.0	0.0	0.0	0.0	0.0	0.0	0.0	0.0	0.0	0.0	0.0	0.0	0.0	0.0
S2017t1_E23-T1a-Female	0.053133763397335866	-0.026016961854332447	0.008826569531677117	-0.03697208091133099	0.0135132761041116	-0.0016134598760698627	-0.01995971961487044	0.0074564064081889215	-0.007469580296855052	-0.009305770055419235	0.03199579392510638	0.0029225310766851703	-0.010188587106787673	-3.537913649600758e-05	-8.404487769882423e-05	-0.0071862393661063706	0.00424755570104549	-0.0002167048136897253	0.001100569938548298	-0.013962914001726426	0.008266899021423711	0.00628437068936902	-2.448539135329375e-05	-0.002237508381363478	-0.001393867815537577	0.0017671664922247186	0.0014787897708452118	9.44792431982938e-05	-0.0015204619898626516	0.006585720709111715	0.0009198589384740815	-2.8276087312831957e-05	3.1186013402242955e-05	3.0252140772237377e-05	-2.2807127303286968e-05	-1.234047745216225e-05	9.394440423326698e-07	0.0	-0.0	0.0	-0.0	0.0	0.0	-0.0	-0.0	0.0	0.0	0.0	0.0	0.0	0.0	-0.0	0.0	0.0	-0.0	-0.0	0.0	0.0	0.0	0.0	0.0	0.0	0.0	-0.0	-0.0	-0.0	0.0	0.0	0.0	0.0	0.0	-0.0	0.0	-0.0	-0.0	0.0	-0.0	0.0	0.0	-0.0	-0.0	0.0	0.0	0.0	-0.0	0.0	-0.0	0.0	-0.0	-0.0	-0.0	0.0	0.0	0.0	0.0	0.0	0.0	0.0	0.0	0.0	0.0	0.0	0.0	0.0	0.0	0.0	0.0	0.0	0.0	0.0	0.0	0.0	0.0	0.0	0.0	0.0	0.0	0.0	0.0	0.0	0.0	0.0	0.0	0.0	0.0	0.0	0.0	0.0	0.0	0.0	0.0	0.0	0.0	0.0	0.0	0.0	0.0	0.0	0.0	0.0	0.0	0.0	0.0	0.0	0.0	0.0	0.0	0.0	0.0	0.0	0.0	0.0	0.0	0.0	0.0	0.0	0.0	0.0	0.0	0.0	0.0	0.0	0.0	0.0	0.0	0.0	0.0	0.0	0.0	0.0	0.0	0.0	0.0	0.0	0.0	0.0	0.0	0.0	0.0	0.0	0.0	0.0	0.0	0.0	0.0	0.0	0.0	0.0	0.0	0.0	0.0	0.0	0.0	0.0
S2017t1_E23-T1a-Male	-0.12081728765486291	0.00539788408199165	0.013562103757292969	0.024470437689314027	0.006195827857592272	0.02268253439409834	-0.03847373182814694	0.001943203810263214	-0.0036994956475106585	-0.006658117271467185	-0.006446442225677066	-0.0032444757360401352	-0.004167935921284362	-0.005561287748616948	-0.0034715168910271588	0.011366933410912591	0.0037461134493453306	0.0017654251476674735	0.0025940085119605335	0.002919307881206519	0.00914431704958734	0.005741499604791995	-0.0008258252314368829	-0.001295648936775324	-0.004008464251935195	-4.546370389845035e-05	-0.0008174089933016854	-0.0004655593600553894	0.0016689170519626757	0.0003863667000981946	0.00035930055210293553	4.0741255543377774e-05	-2.6251946859668227e-05	0.00017174099301559928	9.719011930312571e-05	-6.330178669586542e-05	7.631613188765438e-07	0.0	-0.0	0.0	-0.0	0.0	0.0	-0.0	-0.0	0.0	0.0	0.0	0.0	0.0	-0.0	-0.0	0.0	0.0	0.0	-0.0	0.0	-0.0	-0.0	0.0	-0.0	-0.0	0.0	-0.0	-0.0	-0.0	0.0	0.0	0.0	-0.0	0.0	-0.0	0.0	0.0	0.0	0.0	0.0	0.0	0.0	-0.0	-0.0	0.0	0.0	0.0	-0.0	0.0	-0.0	0.0	-0.0	-0.0	-0.0	0.0	0.0	0.0	0.0	0.0	0.0	0.0	0.0	0.0	0.0	0.0	0.0	0.0	0.0	0.0	0.0	0.0	0.0	0.0	0.0	0.0	0.0	0.0	0.0	0.0	0.0	0.0	0.0	0.0	0.0	0.0	0.0	0.0	0.0	0.0	0.0	0.0	0.0	0.0	0.0	0.0	0.0	0.0	0.0	0.0	0.0	0.0	0.0	0.0	0.0	0.0	0.0	0.0	0.0	0.0	0.0	0.0	0.0	0.0	0.0	0.0	0.0	0.0	0.0	0.0	0.0	0.0	0.0	0.0	0.0	0.0	0.0	0.0	0.0	0.0	0.0	0.0	0.0	0.0	0.0	0.0	0.0	0.0	0.0	0.0	0.0	0.0	0.0	0.0	0.0	0.0	0.0	0.0	0.0	0.0	0.0	0.0	0.0	0.0	0.0	0.0	0.0	0.0
S2017t1_E23-T1b-Male	-0.1293285884863442	-0.006717853208673435	0.05552209102410578	-0.055423053682062885	0.016765871195106027	-0.013709065050048961	-0.0016676303263454726	-0.017917113064210975	-0.011053130793060598	-0.023304845902457325	0.001986335693774279	-0.012290816297850614	-0.0040779108870947515	-0.003030897291854148	0.01048159589379916	-0.00648799035077519	0.0020469707486100216	-0.00770329671741409	7.05317283835616e-05	-0.007460325367255495	-0.002804758603729921	0.0022215168056022977	-0.0030142058413677114	-0.0026567942549059692	0.0025105538178971623	0.0038341458210049964	0.0023138045474168753	-0.0011575959393063848	-0.0011611386171012585	0.007476918441483879	0.0016695118487732052	2.8785962043928446e-06	8.237924964355685e-05	3.396329399425376e-05	-4.864780094948293e-05	-4.314152216997729e-05	2.055872148084847e-06	0.0	-0.0	0.0	-0.0	0.0	0.0	-0.0	-0.0	0.0	0.0	0.0	0.0	0.0	0.0	-0.0	0.0	0.0	0.0	-0.0	-0.0	-0.0	0.0	0.0	0.0	0.0	0.0	-0.0	-0.0	-0.0	0.0	0.0	0.0	0.0	0.0	-0.0	0.0	-0.0	-0.0	0.0	0.0	0.0	0.0	-0.0	-0.0	0.0	0.0	0.0	-0.0	0.0	-0.0	0.0	-0.0	-0.0	-0.0	0.0	0.0	0.0	0.0	0.0	0.0	0.0	0.0	0.0	0.0	0.0	0.0	0.0	0.0	0.0	0.0	0.0	0.0	0.0	0.0	0.0	0.0	0.0	0.0	0.0	0.0	0.0	0.0	0.0	0.0	0.0	0.0	0.0	0.0	0.0	0.0	0.0	0.0	0.0	0.0	0.0	0.0	0.0	0.0	0.0	0.0	0.0	0.0	0.0	0.0	0.0	0.0	0.0	0.0	0.0	0.0	0.0	0.0	0.0	0.0	0.0	0.0	0.0	0.0	0.0	0.0	0.0	0.0	0.0	0.0	0.0	0.0	0.0	0.0	0.0	0.0	0.0	0.0	0.0	0.0	0.0	0.0	0.0	0.0	0.0	0.0	0.0	0.0	0.0	0.0	0.0	0.0	0.0	0.0	0.0	0.0	0.0	0.0	0.0	0.0	0.0	0.0	0.0
S2017t1_E30-T1a-Female	-0.1379508062345336	-0.04250135095600297	0.0932431188645294	0.017151364398741608	0.017064092132745973	-0.002683046724828825	0.010340361173878643	0.005791883789959463	-0.005099511695782305	0.015645088697324613	-0.0010021948493759048	0.001349836011665886	0.0026566155276263126	0.009104773367406414	-0.009773701548287364	-0.002917387756739726	0.0033592810102022674	0.009940062056590164	-0.00537868645254519	-0.009419231777605399	-0.01586955034942823	0.015189993925574541	0.0015078758176394365	-0.004056401755568646	6.696351329752675e-05	0.0006847314714572563	0.001617973268665394	0.0007425558915508197	-0.001469694406276145	-6.594875578496227e-05	-0.0015289560379537553	0.00012029953409343581	6.03708113472342e-05	-3.972874335839965e-05	7.898302470397984e-05	-7.279006746529942e-06	-8.175300888789063e-07	0.0	-0.0	0.0	-0.0	0.0	0.0	-0.0	-0.0	0.0	0.0	0.0	0.0	0.0	0.0	0.0	0.0	-0.0	-0.0	0.0	-0.0	0.0	-0.0	-0.0	0.0	-0.0	0.0	0.0	-0.0	-0.0	0.0	0.0	0.0	-0.0	0.0	0.0	-0.0	0.0	-0.0	-0.0	-0.0	0.0	0.0	-0.0	-0.0	0.0	0.0	0.0	-0.0	0.0	-0.0	0.0	-0.0	-0.0	-0.0	0.0	0.0	0.0	0.0	0.0	0.0	0.0	0.0	0.0	0.0	0.0	0.0	0.0	0.0	0.0	0.0	0.0	0.0	0.0	0.0	0.0	0.0	0.0	0.0	0.0	0.0	0.0	0.0	0.0	0.0	0.0	0.0	0.0	0.0	0.0	0.0	0.0	0.0	0.0	0.0	0.0	0.0	0.0	0.0	0.0	0.0	0.0	0.0	0.0	0.0	0.0	0.0	0.0	0.0	0.0	0.0	0.0	0.0	0.0	0.0	0.0	0.0	0.0	0.0	0.0	0.0	0.0	0.0	0.0	0.0	0.0	0.0	0.0	0.0	0.0	0.0	0.0	0.0	0.0	0.0	0.0	0.0	0.0	0.0	0.0	0.0	0.0	0.0	0.0	0.0	0.0	0.0	0.0	0.0	0.0	0.0	0.0	0.0	0.0	0.0	0.0	0.0	0.0
S2017t1_E30-T1a-Male	0.07008600182393852	-0.07056435546321456	0.08068759059813098	0.0026835507435738516	0.005541071905577792	-0.003452672834086413	0.02526588912965537	-0.005856524287817531	-0.01171233940524168	-0.0021997308610021324	-0.006341577021203044	-0.007085333864181951	-0.002563109682151046	-0.0017862542261723375	0.005786033729707046	-0.0011952639859378856	-0.00020406619136345718	-0.0033053024019144062	0.00017018668991721335	0.0037744413482408766	0.0002808143746541919	-0.0036436528032159207	-0.0014065166089972203	0.0011751654075062995	-0.00033696303066466115	-0.0016661257139949023	-6.767209415343015e-05	0.00043827585696877623	-0.0007854844691916114	0.0004504841200618824	-0.00036182827711125394	1.4344290522712796e-06	6.124672245660306e-05	-3.1992592092726156e-06	5.2022295175680154e-05	-3.265254839766387e-05	5.475686455432305e-07	-0.0	0.0	0.0	0.0	0.0	0.0	-0.0	-0.0	-0.0	0.0	-0.0	0.0	0.0	0.0	0.0	0.0	-0.0	0.0	-0.0	0.0	-0.0	0.0	0.0	0.0	0.0	0.0	-0.0	0.0	-0.0	-0.0	-0.0	-0.0	0.0	-0.0	0.0	0.0	-0.0	-0.0	0.0	0.0	-0.0	0.0	0.0	-0.0	-0.0	-0.0	0.0	-0.0	0.0	-0.0	-0.0	0.0	0.0	-0.0	-0.0	0.0	0.0	0.0	0.0	0.0	0.0	0.0	0.0	0.0	0.0	0.0	0.0	0.0	0.0	0.0	0.0	0.0	0.0	0.0	0.0	0.0	0.0	0.0	0.0	0.0	0.0	0.0	0.0	0.0	0.0	0.0	0.0	0.0	0.0	0.0	0.0	0.0	0.0	0.0	0.0	0.0	0.0	0.0	0.0	0.0	0.0	0.0	0.0	0.0	0.0	0.0	0.0	0.0	0.0	0.0	0.0	0.0	0.0	0.0	0.0	0.0	0.0	0.0	0.0	0.0	0.0	0.0	0.0	0.0	0.0	0.0	0.0	0.0	0.0	0.0	0.0	0.0	0.0	0.0	0.0	0.0	0.0	0.0	0.0	0.0	0.0	0.0	0.0	0.0	0.0	0.0	0.0	0.0	0.0	0.0	0.0	0.0	0.0	0.0	0.0	0.0	0.0
S2017t2_E11-T2a-Male_C7D5_5f	-0.17376980089258146	0.13374996493581134	0.03572593547909416	-0.024352140736183213	0.10070051460110509	0.06465888190776864	0.07189585738560925	0.08788866319056358	-0.001291033122226831	-0.009006891096896629	-0.020298401964405632	0.022586103436355684	-0.003750008944182945	-0.007670659097460904	0.0015792611338141217	-0.014222096044194835	0.0010595688083535938	-0.005645456943907367	0.002486734166497903	0.0021443950876076636	-0.0009469778835079711	-0.0011892794932506553	-0.0007193504240236251	0.0004645210815043992	0.0003676218388798653	0.0003335302364532769	-0.00012535914464767404	-0.0001582381396081019	-7.038669915639508e-05	4.060182911603433e-05	0.0001092934461447175	6.410465966036658e-05	-1.2993160842570332e-05	-2.0484083622555104e-05	-4.435896343979376e-05	3.493047818172014e-06	2.043729221687114e-07	0.0	-0.0	0.0	-0.0	0.0	0.0	-0.0	-0.0	0.0	0.0	0.0	0.0	0.0	-0.0	-0.0	0.0	0.0	-0.0	-0.0	-0.0	-0.0	0.0	0.0	-0.0	0.0	-0.0	-0.0	-0.0	-0.0	0.0	0.0	0.0	0.0	0.0	-0.0	0.0	-0.0	0.0	0.0	0.0	0.0	0.0	-0.0	-0.0	0.0	0.0	0.0	-0.0	0.0	-0.0	0.0	-0.0	-0.0	-0.0	0.0	0.0	0.0	0.0	0.0	0.0	0.0	0.0	0.0	0.0	0.0	0.0	0.0	0.0	0.0	0.0	0.0	0.0	0.0	0.0	0.0	0.0	0.0	0.0	0.0	0.0	0.0	0.0	0.0	0.0	0.0	0.0	0.0	0.0	0.0	0.0	0.0	0.0	0.0	0.0	0.0	0.0	0.0	0.0	0.0	0.0	0.0	0.0	0.0	0.0	0.0	0.0	0.0	0.0	0.0	0.0	0.0	0.0	0.0	0.0	0.0	0.0	0.0	0.0	0.0	0.0	0.0	0.0	0.0	0.0	0.0	0.0	0.0	0.0	0.0	0.0	0.0	0.0	0.0	0.0	0.0	0.0	0.0	0.0	0.0	0.0	0.0	0.0	0.0	0.0	0.0	0.0	0.0	0.0	0.0	0.0	0.0	0.0	0.0	0.0	0.0	0.0	0.0
S2017t2_E11-T2a-Male	-0.13356396629932601	0.03276633171455846	0.06176771423917453	-0.0504392190017805	-0.014789886806105757	0.0017298679438838083	-0.005575130475173413	-0.032056991700283956	-0.0024977336923277436	0.004400760259452047	0.00437728105197671	0.010319877619976022	0.04494095348163502	-0.0008599785335645115	-0.0419673253876375	-0.009064870561304823	0.0037843720242759027	-0.00732597164438538	0.0028156634392734353	0.00399695094392084	0.003119521735959291	0.002034347104753442	0.00030938842042761564	0.0006982181439943926	-0.0002454564334650512	-0.0005656238046191142	-0.0002407057120169186	0.00024524648577184117	-0.0006105086167285226	8.339261550442967e-05	-0.0002646129376564884	7.080192464341114e-05	-2.2078793878356565e-05	-4.486278061957204e-05	-4.413573733368115e-05	1.5136569405420172e-05	-2.3633512057095224e-07	0.0	-0.0	0.0	-0.0	0.0	0.0	-0.0	-0.0	0.0	0.0	0.0	0.0	0.0	0.0	-0.0	0.0	0.0	-0.0	0.0	0.0	0.0	-0.0	0.0	-0.0	0.0	-0.0	0.0	-0.0	-0.0	0.0	0.0	0.0	-0.0	0.0	0.0	0.0	0.0	0.0	-0.0	-0.0	0.0	0.0	-0.0	-0.0	0.0	0.0	0.0	-0.0	0.0	-0.0	0.0	-0.0	-0.0	-0.0	0.0	0.0	0.0	0.0	0.0	0.0	0.0	0.0	0.0	0.0	0.0	0.0	0.0	0.0	0.0	0.0	0.0	0.0	0.0	0.0	0.0	0.0	0.0	0.0	0.0	0.0	0.0	0.0	0.0	0.0	0.0	0.0	0.0	0.0	0.0	0.0	0.0	0.0	0.0	0.0	0.0	0.0	0.0	0.0	0.0	0.0	0.0	0.0	0.0	0.0	0.0	0.0	0.0	0.0	0.0	0.0	0.0	0.0	0.0	0.0	0.0	0.0	0.0	0.0	0.0	0.0	0.0	0.0	0.0	0.0	0.0	0.0	0.0	0.0	0.0	0.0	0.0	0.0	0.0	0.0	0.0	0.0	0.0	0.0	0.0	0.0	0.0	0.0	0.0	0.0	0.0	0.0	0.0	0.0	0.0	0.0	0.0	0.0	0.0	0.0	0.0	0.0	0.0
S2017t2_E11-T2b-Female	0.05137238738895914	-0.002177517946637908	0.01690891781474042	-0.02975089085941055	0.001995231726981258	0.01206534635458397	-0.011615040838594687	-0.007339444463309062	0.008873755724291537	0.004040502020044885	0.00013171331660727072	0.009954756828238305	0.010910357978999193	0.0045735819088129764	-0.006036496244943987	-0.0017540159930337733	-0.001281279223887546	0.006459162363744101	-0.003069680491469045	-0.0028086860253233718	-0.005750944230253021	0.013978825688112763	0.0065110035588561675	-0.0023997171655845873	-0.005416229111427431	-0.004758629628137252	0.0012078439932760154	0.002232016345159719	-0.005557108420917449	0.0006362810088749292	-0.003932886366069271	0.0001374038171284039	8.00370017028038e-05	-0.00013925605983930372	8.42571356782151e-05	1.3267014977746652e-05	-2.2376779339515416e-06	0.0	-0.0	0.0	-0.0	0.0	0.0	-0.0	-0.0	0.0	0.0	0.0	0.0	0.0	0.0	-0.0	0.0	-0.0	-0.0	0.0	0.0	0.0	0.0	0.0	0.0	-0.0	0.0	0.0	-0.0	-0.0	0.0	0.0	0.0	-0.0	0.0	0.0	-0.0	0.0	0.0	-0.0	-0.0	0.0	0.0	-0.0	-0.0	0.0	0.0	0.0	-0.0	0.0	-0.0	0.0	-0.0	-0.0	-0.0	0.0	0.0	0.0	0.0	0.0	0.0	0.0	0.0	0.0	0.0	0.0	0.0	0.0	0.0	0.0	0.0	0.0	0.0	0.0	0.0	0.0	0.0	0.0	0.0	0.0	0.0	0.0	0.0	0.0	0.0	0.0	0.0	0.0	0.0	0.0	0.0	0.0	0.0	0.0	0.0	0.0	0.0	0.0	0.0	0.0	0.0	0.0	0.0	0.0	0.0	0.0	0.0	0.0	0.0	0.0	0.0	0.0	0.0	0.0	0.0	0.0	0.0	0.0	0.0	0.0	0.0	0.0	0.0	0.0	0.0	0.0	0.0	0.0	0.0	0.0	0.0	0.0	0.0	0.0	0.0	0.0	0.0	0.0	0.0	0.0	0.0	0.0	0.0	0.0	0.0	0.0	0.0	0.0	0.0	0.0	0.0	0.0	0.0	0.0	0.0	0.0	0.0	0.0
S2017t2_E11-T2b-Male	0.05921741861407958	-0.008779360701213806	0.02494978114707873	-0.044412862936793016	0.005089608472550781	0.011256147139061333	-0.01672053873006469	-0.017227131994823872	0.008736496961043401	0.0019490731969702374	-0.0020324210870169405	0.004070074342533046	0.004212666339843704	-0.007516012089899208	0.00845057693152235	0.00023441374289358068	-0.0014419045033900407	0.001273816542250378	-0.0007375205668667283	-0.0016741759125841447	0.0006079933025859062	-0.0009945965072398549	0.0005813410296480635	-0.0038864405526802337	0.0032943693737330373	0.0010896296334804417	-0.011013092368688908	-0.0018749019497346186	-0.0004295117718755416	0.00021607067999555293	0.00017453483920487547	-0.0001455878301486495	-0.0002463979005803656	-3.755472147084412e-05	-0.00036504871655243916	0.00030148592750010845	-6.7393880707011615e-06	0.0	-0.0	0.0	-0.0	0.0	0.0	-0.0	-0.0	0.0	0.0	0.0	0.0	0.0	0.0	-0.0	0.0	0.0	-0.0	0.0	0.0	0.0	-0.0	-0.0	-0.0	-0.0	-0.0	0.0	-0.0	-0.0	0.0	0.0	0.0	-0.0	-0.0	-0.0	-0.0	0.0	0.0	-0.0	-0.0	0.0	0.0	-0.0	-0.0	0.0	0.0	0.0	-0.0	0.0	-0.0	0.0	-0.0	-0.0	-0.0	0.0	0.0	0.0	0.0	0.0	0.0	0.0	0.0	0.0	0.0	0.0	0.0	0.0	0.0	0.0	0.0	0.0	0.0	0.0	0.0	0.0	0.0	0.0	0.0	0.0	0.0	0.0	0.0	0.0	0.0	0.0	0.0	0.0	0.0	0.0	0.0	0.0	0.0	0.0	0.0	0.0	0.0	0.0	0.0	0.0	0.0	0.0	0.0	0.0	0.0	0.0	0.0	0.0	0.0	0.0	0.0	0.0	0.0	0.0	0.0	0.0	0.0	0.0	0.0	0.0	0.0	0.0	0.0	0.0	0.0	0.0	0.0	0.0	0.0	0.0	0.0	0.0	0.0	0.0	0.0	0.0	0.0	0.0	0.0	0.0	0.0	0.0	0.0	0.0	0.0	0.0	0.0	0.0	0.0	0.0	0.0	0.0	0.0	0.0	0.0	0.0	0.0	0.0
S2017t2_E13-T2a-Female	0.04482088742980605	-0.005178999773734507	-0.010109201008218832	0.02692739945824157	0.011978989608372735	-0.01949892051258001	-0.020609726892331162	0.002935494639783971	0.007436640305671954	-0.011847464373090127	-0.013332971134124978	0.0031643245565442803	-9.198489595329039e-05	-0.010948825339733157	-0.006559985186887148	0.02213541667732235	0.000506161636630245	0.0031534875141696257	0.0035677664666319293	0.0007429616994030476	0.004885799112891239	0.0013436947850490302	0.001999415796594431	-0.00026693311939721885	-0.0025642122866817163	-0.0006525954583257306	-0.0004340602678909054	0.0003505560183472083	0.0009230956554123075	0.00016357899849725807	-0.0006784373323751263	3.0274696912509545e-05	7.965064299356456e-06	-4.348508503557147e-05	-1.3535877818560432e-05	-1.2735399267880823e-05	1.600075613639772e-06	0.0	-0.0	0.0	-0.0	0.0	0.0	-0.0	-0.0	0.0	0.0	0.0	0.0	0.0	-0.0	0.0	0.0	-0.0	0.0	-0.0	-0.0	-0.0	0.0	-0.0	0.0	0.0	0.0	0.0	-0.0	-0.0	0.0	0.0	-0.0	0.0	-0.0	0.0	0.0	-0.0	-0.0	0.0	0.0	0.0	0.0	-0.0	-0.0	0.0	0.0	0.0	-0.0	0.0	-0.0	0.0	-0.0	-0.0	-0.0	0.0	0.0	0.0	0.0	0.0	0.0	0.0	0.0	0.0	0.0	0.0	0.0	0.0	0.0	0.0	0.0	0.0	0.0	0.0	0.0	0.0	0.0	0.0	0.0	0.0	0.0	0.0	0.0	0.0	0.0	0.0	0.0	0.0	0.0	0.0	0.0	0.0	0.0	0.0	0.0	0.0	0.0	0.0	0.0	0.0	0.0	0.0	0.0	0.0	0.0	0.0	0.0	0.0	0.0	0.0	0.0	0.0	0.0	0.0	0.0	0.0	0.0	0.0	0.0	0.0	0.0	0.0	0.0	0.0	0.0	0.0	0.0	0.0	0.0	0.0	0.0	0.0	0.0	0.0	0.0	0.0	0.0	0.0	0.0	0.0	0.0	0.0	0.0	0.0	0.0	0.0	0.0	0.0	0.0	0.0	0.0	0.0	0.0	0.0	0.0	0.0	0.0	0.0
S2017t2_E13-T2a-Male	0.039314480298060776	-0.004715939387000004	0.009460806041930137	0.015730759278641343	-0.01174565173071615	0.005237949706955381	0.006249205229705771	0.005369071843236746	-0.01981509345244528	-0.018875798688319227	-0.0038205975191231865	-0.0027986246113578758	-0.0026884262621228957	-0.006491769542867985	-0.00509722716756685	0.01920641222566456	0.004406859209025129	0.002783870622395971	0.0011014758984527703	0.002084959301944583	0.0016487473643503503	0.0015231901818457295	0.0011397593813367976	0.0008732149417562927	-0.0012829436661619524	-0.001103855538137453	-0.0006449002755229193	0.00013435317305162225	0.00026155207872782934	0.0003226202960482331	-7.873353728727682e-05	-2.7022376434457397e-05	6.691887660308307e-06	5.907542998976227e-05	3.7357685783525556e-05	-3.479352693663432e-05	5.931371895983782e-07	0.0	-0.0	0.0	-0.0	0.0	0.0	-0.0	-0.0	0.0	0.0	0.0	0.0	0.0	0.0	0.0	0.0	0.0	0.0	-0.0	0.0	-0.0	-0.0	-0.0	-0.0	-0.0	0.0	0.0	-0.0	-0.0	0.0	0.0	0.0	-0.0	0.0	-0.0	-0.0	0.0	-0.0	-0.0	-0.0	0.0	0.0	-0.0	-0.0	0.0	0.0	0.0	-0.0	0.0	-0.0	0.0	-0.0	-0.0	-0.0	0.0	0.0	0.0	0.0	0.0	0.0	0.0	0.0	0.0	0.0	0.0	0.0	0.0	0.0	0.0	0.0	0.0	0.0	0.0	0.0	0.0	0.0	0.0	0.0	0.0	0.0	0.0	0.0	0.0	0.0	0.0	0.0	0.0	0.0	0.0	0.0	0.0	0.0	0.0	0.0	0.0	0.0	0.0	0.0	0.0	0.0	0.0	0.0	0.0	0.0	0.0	0.0	0.0	0.0	0.0	0.0	0.0	0.0	0.0	0.0	0.0	0.0	0.0	0.0	0.0	0.0	0.0	0.0	0.0	0.0	0.0	0.0	0.0	0.0	0.0	0.0	0.0	0.0	0.0	0.0	0.0	0.0	0.0	0.0	0.0	0.0	0.0	0.0	0.0	0.0	0.0	0.0	0.0	0.0	0.0	0.0	0.0	0.0	0.0	0.0	0.0	0.0	0.0
S2017t2_E13-T2b-Female	0.08837958207431203	0.07584874722982143	-0.012328318428613635	0.061138854256687275	0.12632646970217137	0.04052715942968396	0.022083506426130637	0.03259740232914383	-0.010532176568156198	-0.056665952304390865	-0.02856435461180213	0.06042848608517399	-0.010286474758214178	-0.02392252161368216	-0.0036699558269535724	-0.012696473598565105	-0.0017901768257849236	-0.0006786014203934363	-0.0006030119807391643	0.0010248279051674706	0.0018540664861157318	0.0014903738026467135	-0.001566510943920419	-0.00032133273524391926	0.001390371793550079	2.3079385401521224e-05	0.0004048052282440371	0.0003120005910436679	-0.0002942048567963808	-5.974089752124774e-05	-0.0002870327342970067	6.90439127785636e-05	1.027865712574277e-05	-1.4870519749590419e-05	3.0065119848752983e-05	2.5154995540707844e-05	-1.3327141701758715e-06	0.0	-0.0	0.0	-0.0	0.0	0.0	-0.0	-0.0	0.0	0.0	0.0	0.0	0.0	0.0	-0.0	0.0	0.0	-0.0	0.0	0.0	0.0	-0.0	-0.0	0.0	-0.0	0.0	0.0	-0.0	-0.0	0.0	0.0	0.0	-0.0	0.0	0.0	-0.0	0.0	0.0	-0.0	-0.0	0.0	0.0	-0.0	-0.0	0.0	0.0	0.0	-0.0	0.0	-0.0	0.0	-0.0	-0.0	-0.0	0.0	0.0	0.0	0.0	0.0	0.0	0.0	0.0	0.0	0.0	0.0	0.0	0.0	0.0	0.0	0.0	0.0	0.0	0.0	0.0	0.0	0.0	0.0	0.0	0.0	0.0	0.0	0.0	0.0	0.0	0.0	0.0	0.0	0.0	0.0	0.0	0.0	0.0	0.0	0.0	0.0	0.0	0.0	0.0	0.0	0.0	0.0	0.0	0.0	0.0	0.0	0.0	0.0	0.0	0.0	0.0	0.0	0.0	0.0	0.0	0.0	0.0	0.0	0.0	0.0	0.0	0.0	0.0	0.0	0.0	0.0	0.0	0.0	0.0	0.0	0.0	0.0	0.0	0.0	0.0	0.0	0.0	0.0	0.0	0.0	0.0	0.0	0.0	0.0	0.0	0.0	0.0	0.0	0.0	0.0	0.0	0.0	0.0	0.0	0.0	0.0	0.0	0.0
S2017t2_E13-T2b-Male	0.07014902713639391	-0.08380497150733762	0.05885036778765108	0.0034566634167699124	0.025740744506964296	0.011113078125827609	-0.007824416084932711	-0.007815212313844393	0.008277867951499924	0.00915759313666526	-0.0077937685493862634	-0.0042561782658335195	-0.0023516335833565893	-0.0030349834223868705	0.006974734474528356	-0.004050550039800237	-0.0023028371471482817	-0.0030233672023574436	0.000322996976599413	0.0036014118335594473	0.005568408650241892	-0.001799790641961787	0.00023548972808443115	0.00037192468988532106	-0.00206102518825204	-0.0007917495132789477	-0.00012924717246481045	0.0003836719111150734	-0.0006321720317187911	3.3412599789832355e-05	-0.0003442777902318128	-2.2190183072408662e-05	-2.798548612000362e-05	-7.43144903400939e-06	-6.566840163049941e-06	2.6801559765819268e-05	-8.472742141284651e-07	-0.0	-0.0	-0.0	0.0	0.0	0.0	0.0	-0.0	0.0	0.0	-0.0	0.0	0.0	0.0	-0.0	0.0	0.0	-0.0	0.0	0.0	0.0	-0.0	-0.0	-0.0	-0.0	0.0	0.0	-0.0	0.0	-0.0	-0.0	-0.0	-0.0	0.0	0.0	-0.0	0.0	0.0	-0.0	-0.0	0.0	0.0	0.0	-0.0	-0.0	0.0	0.0	-0.0	-0.0	0.0	0.0	-0.0	0.0	-0.0	-0.0	-0.0	0.0	0.0	0.0	0.0	0.0	0.0	0.0	0.0	0.0	0.0	0.0	0.0	0.0	0.0	0.0	0.0	0.0	0.0	0.0	0.0	0.0	0.0	0.0	0.0	0.0	0.0	0.0	0.0	0.0	0.0	0.0	0.0	0.0	0.0	0.0	0.0	0.0	0.0	0.0	0.0	0.0	0.0	0.0	0.0	0.0	0.0	0.0	0.0	0.0	0.0	0.0	0.0	0.0	0.0	0.0	0.0	0.0	0.0	0.0	0.0	0.0	0.0	0.0	0.0	0.0	0.0	0.0	0.0	0.0	0.0	0.0	0.0	0.0	0.0	0.0	0.0	0.0	0.0	0.0	0.0	0.0	0.0	0.0	0.0	0.0	0.0	0.0	0.0	0.0	0.0	0.0	0.0	0.0	0.0	0.0	0.0	0.0	0.0	0.0	0.0	0.0
S2017t2_E14-T2a-Female	0.045958950097519526	0.01569037091000323	-0.005847559813554213	-0.0005976732949210864	-0.015711470993914164	0.017694908273448943	-0.008315230183644192	0.006957762634120465	0.020556419954335825	0.005785053986120433	-0.007053617671279585	-0.01361757571355345	-0.0004841059257850399	-0.01351717658613096	-0.004307843931473193	-0.004866260223303325	-0.005746352561186103	0.007438183057939587	-0.002320849143530402	0.00255547302369446	0.0029611302096117847	-0.0007731592245372455	0.0029286548903036513	-0.0027561986180876905	-2.5604975610304492e-05	-0.0003227260585971183	7.510652878518465e-05	-0.00045530066040300155	0.0005446686794032671	0.00017342653316958733	0.00028759712037026714	-3.549003658803125e-05	-7.531570198062984e-05	2.6395068958725107e-05	1.2943738559569618e-05	1.4803403742818868e-05	-1.0465442077669964e-06	0.0	-0.0	0.0	-0.0	0.0	0.0	-0.0	-0.0	0.0	0.0	0.0	0.0	0.0	0.0	-0.0	0.0	0.0	-0.0	0.0	0.0	0.0	-0.0	0.0	0.0	-0.0	0.0	0.0	-0.0	-0.0	0.0	0.0	0.0	0.0	0.0	-0.0	-0.0	0.0	-0.0	-0.0	-0.0	0.0	0.0	-0.0	-0.0	0.0	0.0	0.0	-0.0	0.0	-0.0	0.0	-0.0	-0.0	-0.0	0.0	0.0	0.0	0.0	0.0	0.0	0.0	0.0	0.0	0.0	0.0	0.0	0.0	0.0	0.0	0.0	0.0	0.0	0.0	0.0	0.0	0.0	0.0	0.0	0.0	0.0	0.0	0.0	0.0	0.0	0.0	0.0	0.0	0.0	0.0	0.0	0.0	0.0	0.0	0.0	0.0	0.0	0.0	0.0	0.0	0.0	0.0	0.0	0.0	0.0	0.0	0.0	0.0	0.0	0.0	0.0	0.0	0.0	0.0	0.0	0.0	0.0	0.0	0.0	0.0	0.0	0.0	0.0	0.0	0.0	0.0	0.0	0.0	0.0	0.0	0.0	0.0	0.0	0.0	0.0	0.0	0.0	0.0	0.0	0.0	0.0	0.0	0.0	0.0	0.0	0.0	0.0	0.0	0.0	0.0	0.0	0.0	0.0	0.0	0.0	0.0	0.0	0.0
S2017t2_E14-T2a-Male	0.0424638092129696	0.008196144748251564	-0.0066726182244211014	0.0016535299945128119	-0.01093806141789714	0.013843127449497738	-0.011755946199541376	-0.004896223390708967	0.0066509580023766295	0.006180750220951424	-0.0005893443641348077	0.0035700938809433125	0.008882111065505885	-0.005977812777346281	0.0029645386829548685	0.0003539209897909301	-0.00018521300853017192	-0.0007166554106492599	0.0016685411853033536	0.0006137085590223948	0.0004924692948050625	-0.0009420886112432794	0.0006621388235388913	-0.002973205150940506	0.0009583311112023569	-0.002459451033453732	0.0010455836421801748	0.00017814720705118485	0.0004514723024122175	0.0001922726652985691	0.0005810504042742751	-5.771364754200081e-05	-5.9282693951882136e-05	2.7209884297692336e-05	-0.0001344422632238422	0.00013719264995676583	-4.050685619165475e-06	0.0	-0.0	0.0	-0.0	0.0	0.0	-0.0	-0.0	0.0	0.0	0.0	0.0	0.0	-0.0	0.0	0.0	0.0	0.0	0.0	-0.0	0.0	-0.0	-0.0	-0.0	0.0	-0.0	-0.0	-0.0	-0.0	0.0	0.0	0.0	0.0	0.0	-0.0	-0.0	0.0	0.0	-0.0	0.0	0.0	0.0	-0.0	-0.0	0.0	0.0	0.0	-0.0	0.0	-0.0	0.0	-0.0	-0.0	-0.0	0.0	0.0	0.0	0.0	0.0	0.0	0.0	0.0	0.0	0.0	0.0	0.0	0.0	0.0	0.0	0.0	0.0	0.0	0.0	0.0	0.0	0.0	0.0	0.0	0.0	0.0	0.0	0.0	0.0	0.0	0.0	0.0	0.0	0.0	0.0	0.0	0.0	0.0	0.0	0.0	0.0	0.0	0.0	0.0	0.0	0.0	0.0	0.0	0.0	0.0	0.0	0.0	0.0	0.0	0.0	0.0	0.0	0.0	0.0	0.0	0.0	0.0	0.0	0.0	0.0	0.0	0.0	0.0	0.0	0.0	0.0	0.0	0.0	0.0	0.0	0.0	0.0	0.0	0.0	0.0	0.0	0.0	0.0	0.0	0.0	0.0	0.0	0.0	0.0	0.0	0.0	0.0	0.0	0.0	0.0	0.0	0.0	0.0	0.0	0.0	0.0	0.0	0.0
S2017t2_E14-T2b-Female	0.055754022881364385	0.03803746712553127	0.0067672539669557455	0.007113453452682913	-0.023409712334180204	-0.030994421873286826	0.005099899967047229	0.01879269291828353	0.017913380336467194	0.0012210969294505058	0.016434446311494336	-0.005832726861014258	-0.0037699489529689515	-0.022890474607261752	-0.004764628698090109	-0.005870886798674462	-0.00048117115055778116	0.00829174109163225	-4.3766825309961506e-05	-0.004861442356273073	0.005819334719462966	-0.0012982582110268384	0.001567241103809091	0.0005844768756223602	-0.0001917705067284013	-0.0011689036663420085	0.0021199232730943272	0.0012167884577914054	-0.0003178798695318181	0.00014422831815723996	0.0002920579905723049	-6.911516159343452e-05	6.367765803836884e-05	0.00016381477554666793	1.9709365798291377e-05	-2.5241475759066377e-05	1.3196471916571314e-06	0.0	-0.0	0.0	-0.0	0.0	0.0	-0.0	-0.0	0.0	0.0	0.0	0.0	0.0	0.0	-0.0	0.0	0.0	0.0	-0.0	-0.0	-0.0	0.0	0.0	-0.0	0.0	-0.0	-0.0	-0.0	-0.0	0.0	0.0	0.0	-0.0	0.0	0.0	0.0	-0.0	-0.0	-0.0	0.0	0.0	0.0	-0.0	-0.0	0.0	0.0	0.0	-0.0	0.0	-0.0	0.0	-0.0	-0.0	-0.0	0.0	0.0	0.0	0.0	0.0	0.0	0.0	0.0	0.0	0.0	0.0	0.0	0.0	0.0	0.0	0.0	0.0	0.0	0.0	0.0	0.0	0.0	0.0	0.0	0.0	0.0	0.0	0.0	0.0	0.0	0.0	0.0	0.0	0.0	0.0	0.0	0.0	0.0	0.0	0.0	0.0	0.0	0.0	0.0	0.0	0.0	0.0	0.0	0.0	0.0	0.0	0.0	0.0	0.0	0.0	0.0	0.0	0.0	0.0	0.0	0.0	0.0	0.0	0.0	0.0	0.0	0.0	0.0	0.0	0.0	0.0	0.0	0.0	0.0	0.0	0.0	0.0	0.0	0.0	0.0	0.0	0.0	0.0	0.0	0.0	0.0	0.0	0.0	0.0	0.0	0.0	0.0	0.0	0.0	0.0	0.0	0.0	0.0	0.0	0.0	0.0	0.0	0.0
S2017t2_E14-T2b-Male	-0.1158619346407806	0.03327983551178013	0.008638471436772472	0.0014617434123102935	-0.013803097419901158	0.02527265441948995	-0.03126253942264121	-0.017615210054289312	0.016389241687033398	0.01959664628212372	-0.004710614699564333	0.010247911262420917	0.011075108545919591	-0.008692805499728075	0.013041329054149248	-0.0020866650691753904	-0.004127850848458856	0.0017015623555170427	-0.001074225670596966	0.001385737220372534	0.00515744479493113	0.004051742847940575	-0.0009980079245745098	-0.0038799075011331325	-0.002191118238775848	0.00029448023273153637	-0.00031385642929820815	-0.0012722889951315292	0.001246869402809922	-0.00019546767864032843	0.0004648176997945401	-9.028897294760912e-05	-9.914632959404413e-05	-0.00015777064308606788	-2.786901265613376e-05	-0.00012234275930230306	9.6542471313189e-07	0.0	-0.0	0.0	-0.0	0.0	0.0	-0.0	-0.0	0.0	0.0	0.0	0.0	0.0	0.0	0.0	0.0	-0.0	-0.0	-0.0	0.0	-0.0	0.0	-0.0	0.0	0.0	0.0	0.0	-0.0	-0.0	0.0	0.0	-0.0	-0.0	0.0	0.0	-0.0	-0.0	0.0	0.0	0.0	0.0	0.0	-0.0	-0.0	0.0	0.0	0.0	-0.0	0.0	-0.0	0.0	-0.0	-0.0	-0.0	0.0	0.0	0.0	0.0	0.0	0.0	0.0	0.0	0.0	0.0	0.0	0.0	0.0	0.0	0.0	0.0	0.0	0.0	0.0	0.0	0.0	0.0	0.0	0.0	0.0	0.0	0.0	0.0	0.0	0.0	0.0	0.0	0.0	0.0	0.0	0.0	0.0	0.0	0.0	0.0	0.0	0.0	0.0	0.0	0.0	0.0	0.0	0.0	0.0	0.0	0.0	0.0	0.0	0.0	0.0	0.0	0.0	0.0	0.0	0.0	0.0	0.0	0.0	0.0	0.0	0.0	0.0	0.0	0.0	0.0	0.0	0.0	0.0	0.0	0.0	0.0	0.0	0.0	0.0	0.0	0.0	0.0	0.0	0.0	0.0	0.0	0.0	0.0	0.0	0.0	0.0	0.0	0.0	0.0	0.0	0.0	0.0	0.0	0.0	0.0	0.0	0.0	0.0
S2017t2_E16-T2a-Female	0.05471092916617633	0.032369172252842096	-0.0072666110691342175	0.0014374514924179731	-0.016987204724701797	-0.037681250174217536	0.0016441629974686671	0.014965567403620206	-0.013973463070608223	0.020291398007805012	0.004882663216452011	0.011517341142523277	0.0027860503113760014	-0.009908737389105984	0.0008511934093073823	0.0007922165441605052	0.009657519615841284	-0.0020406560861105784	0.001747384598906323	-0.010352655891888511	-0.0003829233603537163	-0.010542380908947163	0.001847737570319813	-0.00647724649310385	-0.010252265132941805	0.0027365997055746926	0.0008755410440205721	-0.0021964755768333413	0.000644506696085759	0.0002620569232472881	-0.0023951164958891866	-0.00016386934834447422	2.4440960501296374e-05	-7.026662510118253e-05	8.986341269611004e-05	-2.9494830823042158e-05	-2.32343372602586e-07	0.0	-0.0	0.0	-0.0	0.0	0.0	-0.0	-0.0	0.0	0.0	0.0	0.0	0.0	0.0	0.0	0.0	-0.0	0.0	0.0	-0.0	0.0	-0.0	-0.0	0.0	-0.0	0.0	-0.0	-0.0	-0.0	0.0	0.0	-0.0	-0.0	-0.0	-0.0	-0.0	0.0	-0.0	-0.0	-0.0	0.0	0.0	-0.0	-0.0	0.0	0.0	0.0	-0.0	0.0	-0.0	0.0	-0.0	-0.0	-0.0	0.0	0.0	0.0	0.0	0.0	0.0	0.0	0.0	0.0	0.0	0.0	0.0	0.0	0.0	0.0	0.0	0.0	0.0	0.0	0.0	0.0	0.0	0.0	0.0	0.0	0.0	0.0	0.0	0.0	0.0	0.0	0.0	0.0	0.0	0.0	0.0	0.0	0.0	0.0	0.0	0.0	0.0	0.0	0.0	0.0	0.0	0.0	0.0	0.0	0.0	0.0	0.0	0.0	0.0	0.0	0.0	0.0	0.0	0.0	0.0	0.0	0.0	0.0	0.0	0.0	0.0	0.0	0.0	0.0	0.0	0.0	0.0	0.0	0.0	0.0	0.0	0.0	0.0	0.0	0.0	0.0	0.0	0.0	0.0	0.0	0.0	0.0	0.0	0.0	0.0	0.0	0.0	0.0	0.0	0.0	0.0	0.0	0.0	0.0	0.0	0.0	0.0	0.0
S2017t2_E16-T2a-Male	-0.11842060497722944	0.045068682556965715	0.022204068007924148	-0.0010480357195722127	-0.03591969304530361	-0.004622771699313689	-0.0019367920809370792	0.0023757717363009855	-0.008257305663860874	0.018619727059132424	0.03371305854884414	0.012080672979474268	-0.0020611480327313372	-0.01939261651755247	0.005625786970080471	-0.001316493776658353	0.0076170645225575664	-0.0033658767953464227	0.007815622552029167	-0.003604120356005221	0.0013206333176834122	-0.0006048337696884463	0.0003682474468605498	0.0007434416809296715	0.0013080596309263347	0.0006744594670466942	0.0007978336200366943	0.0010275017476162533	-0.0007031536859088864	0.0007098001295948554	0.0002170567153387881	0.00024171954189996367	-0.00015588299585811657	-0.0006029628177532018	-0.00019748270488750458	0.0003149197701275764	-7.127633629941738e-06	0.0	-0.0	0.0	-0.0	0.0	0.0	-0.0	-0.0	0.0	0.0	0.0	0.0	0.0	-0.0	-0.0	0.0	0.0	-0.0	0.0	0.0	0.0	-0.0	0.0	0.0	-0.0	-0.0	0.0	-0.0	-0.0	0.0	0.0	-0.0	-0.0	-0.0	-0.0	-0.0	0.0	0.0	-0.0	-0.0	0.0	0.0	-0.0	-0.0	0.0	0.0	0.0	-0.0	0.0	-0.0	0.0	-0.0	-0.0	-0.0	0.0	0.0	0.0	0.0	0.0	0.0	0.0	0.0	0.0	0.0	0.0	0.0	0.0	0.0	0.0	0.0	0.0	0.0	0.0	0.0	0.0	0.0	0.0	0.0	0.0	0.0	0.0	0.0	0.0	0.0	0.0	0.0	0.0	0.0	0.0	0.0	0.0	0.0	0.0	0.0	0.0	0.0	0.0	0.0	0.0	0.0	0.0	0.0	0.0	0.0	0.0	0.0	0.0	0.0	0.0	0.0	0.0	0.0	0.0	0.0	0.0	0.0	0.0	0.0	0.0	0.0	0.0	0.0	0.0	0.0	0.0	0.0	0.0	0.0	0.0	0.0	0.0	0.0	0.0	0.0	0.0	0.0	0.0	0.0	0.0	0.0	0.0	0.0	0.0	0.0	0.0	0.0	0.0	0.0	0.0	0.0	0.0	0.0	0.0	0.0	0.0	0.0	0.0
S2017t2_E16-T2b-Female	0.05934825412078259	0.0010891463959082095	0.042806795913501276	-0.04600280569750754	-0.00965172741520698	0.0009623143525649772	0.008612042010269575	-0.015424247646594351	-0.00725928207642196	-0.007444515565403132	-0.00021463971844062562	0.0016812242791260533	0.004614938286227946	-0.004523736688403602	0.007854235210559486	0.0021511213223063376	3.260244558598123e-05	0.0003890708878706775	-0.0006195361754249865	-0.0018601089722432027	-0.0029935279085269565	0.0009535411892264943	-0.0010602754822314308	-0.0026546916795527255	0.0043964652057504215	0.0005267799022934371	-0.009477095237550552	-0.0010743597461109497	-0.0004921513639252532	0.00016497624798517303	-0.00048048454064914133	-5.57229783493004e-05	0.00010454470100295454	8.455776493293241e-05	0.00029054532331720945	-0.0002949342146847614	9.131815392165322e-06	0.0	-0.0	0.0	-0.0	0.0	0.0	-0.0	-0.0	0.0	0.0	0.0	0.0	0.0	-0.0	0.0	0.0	-0.0	0.0	-0.0	-0.0	-0.0	0.0	0.0	0.0	0.0	0.0	-0.0	-0.0	-0.0	0.0	0.0	-0.0	0.0	-0.0	0.0	0.0	-0.0	-0.0	0.0	0.0	0.0	0.0	-0.0	-0.0	0.0	0.0	0.0	-0.0	0.0	-0.0	0.0	-0.0	-0.0	-0.0	0.0	0.0	0.0	0.0	0.0	0.0	0.0	0.0	0.0	0.0	0.0	0.0	0.0	0.0	0.0	0.0	0.0	0.0	0.0	0.0	0.0	0.0	0.0	0.0	0.0	0.0	0.0	0.0	0.0	0.0	0.0	0.0	0.0	0.0	0.0	0.0	0.0	0.0	0.0	0.0	0.0	0.0	0.0	0.0	0.0	0.0	0.0	0.0	0.0	0.0	0.0	0.0	0.0	0.0	0.0	0.0	0.0	0.0	0.0	0.0	0.0	0.0	0.0	0.0	0.0	0.0	0.0	0.0	0.0	0.0	0.0	0.0	0.0	0.0	0.0	0.0	0.0	0.0	0.0	0.0	0.0	0.0	0.0	0.0	0.0	0.0	0.0	0.0	0.0	0.0	0.0	0.0	0.0	0.0	0.0	0.0	0.0	0.0	0.0	0.0	0.0	0.0	0.0
S2017t2_E16-T2b-Male	0.04938782428036711	0.020086320917473886	0.00897187807198451	-0.0006326833983227593	-0.03266980285049413	0.0020318863477383343	0.0018801195881499428	0.007009958459657982	-0.01037715361272044	0.002885958626513839	0.026787375016864606	0.006718909916985177	0.002103391513129842	-0.012127370226282476	0.0052296995978844815	4.9398373425671404e-05	0.005898408663641316	-0.0009616517367707366	0.0013829439935272943	-0.007119853597332203	0.0016869159991048882	0.0004220917569846641	-0.001000683361992799	-0.0026382121886053965	0.004987788249020467	4.2540934386343726e-05	-0.010605768176494368	-0.00043172463597031463	-0.0011433471984879534	0.00046728373652875767	-0.00034006871780382366	1.9878725930334038e-05	-3.192174703611169e-05	-7.53482554447566e-06	-6.2520975840302505e-06	-1.9907413420509484e-05	6.271935821078547e-07	0.0	-0.0	0.0	-0.0	0.0	0.0	-0.0	-0.0	0.0	0.0	0.0	0.0	0.0	0.0	0.0	0.0	-0.0	0.0	-0.0	-0.0	-0.0	0.0	0.0	-0.0	0.0	0.0	-0.0	-0.0	-0.0	0.0	0.0	-0.0	-0.0	0.0	0.0	0.0	0.0	-0.0	0.0	0.0	0.0	0.0	-0.0	-0.0	0.0	0.0	0.0	-0.0	0.0	-0.0	0.0	-0.0	-0.0	-0.0	0.0	0.0	0.0	0.0	0.0	0.0	0.0	0.0	0.0	0.0	0.0	0.0	0.0	0.0	0.0	0.0	0.0	0.0	0.0	0.0	0.0	0.0	0.0	0.0	0.0	0.0	0.0	0.0	0.0	0.0	0.0	0.0	0.0	0.0	0.0	0.0	0.0	0.0	0.0	0.0	0.0	0.0	0.0	0.0	0.0	0.0	0.0	0.0	0.0	0.0	0.0	0.0	0.0	0.0	0.0	0.0	0.0	0.0	0.0	0.0	0.0	0.0	0.0	0.0	0.0	0.0	0.0	0.0	0.0	0.0	0.0	0.0	0.0	0.0	0.0	0.0	0.0	0.0	0.0	0.0	0.0	0.0	0.0	0.0	0.0	0.0	0.0	0.0	0.0	0.0	0.0	0.0	0.0	0.0	0.0	0.0	0.0	0.0	0.0	0.0	0.0	0.0	0.0
S2017t2_E17-T2a-Female	-0.1186947753628742	0.043595247655366015	0.02259724579771915	0.0023226995529200814	-0.0353833507265373	0.00638410937541509	0.0005165466857721602	-0.016965248866610227	-0.005526166430370518	0.006585945431847527	-0.005116126793047814	0.006044246928242006	0.012551951843775201	-0.012132721070454145	0.01570419933622205	0.0005077625405821338	-0.0010975320068191221	-0.002769379750522265	-0.001661593589212921	0.002681137393181559	-0.009052205004135675	0.0008677421774585777	0.001980682460860681	-6.147335792368384e-05	3.734431639982189e-05	-0.0019059211208138946	0.0007916629027980709	-0.0005082586335692528	0.00032955880457972563	-0.0003286919497678579	0.00039773559867875487	0.00044775728591424385	0.0008896030000166657	0.0031236290435973572	0.0006934808375898882	0.0013189982794943858	-3.2156779339136806e-05	0.0	-0.0	0.0	-0.0	0.0	0.0	-0.0	-0.0	0.0	0.0	0.0	0.0	0.0	-0.0	-0.0	0.0	0.0	-0.0	0.0	0.0	0.0	-0.0	-0.0	-0.0	-0.0	0.0	0.0	-0.0	-0.0	0.0	0.0	-0.0	-0.0	0.0	-0.0	-0.0	0.0	0.0	-0.0	-0.0	0.0	0.0	-0.0	-0.0	0.0	0.0	0.0	-0.0	0.0	-0.0	0.0	-0.0	-0.0	-0.0	0.0	0.0	0.0	0.0	0.0	0.0	0.0	0.0	0.0	0.0	0.0	0.0	0.0	0.0	0.0	0.0	0.0	0.0	0.0	0.0	0.0	0.0	0.0	0.0	0.0	0.0	0.0	0.0	0.0	0.0	0.0	0.0	0.0	0.0	0.0	0.0	0.0	0.0	0.0	0.0	0.0	0.0	0.0	0.0	0.0	0.0	0.0	0.0	0.0	0.0	0.0	0.0	0.0	0.0	0.0	0.0	0.0	0.0	0.0	0.0	0.0	0.0	0.0	0.0	0.0	0.0	0.0	0.0	0.0	0.0	0.0	0.0	0.0	0.0	0.0	0.0	0.0	0.0	0.0	0.0	0.0	0.0	0.0	0.0	0.0	0.0	0.0	0.0	0.0	0.0	0.0	0.0	0.0	0.0	0.0	0.0	0.0	0.0	0.0	0.0	0.0	0.0	0.0
S2017t2_E17-T2a-Male	-0.12878240178410208	-0.01275542243934939	0.07221996958162287	-0.040110030959903765	0.02341566176200676	-0.008561212486555492	-0.006917686090059818	-0.013009475945288574	-0.014352378969450207	-0.018434958176694428	-0.008393125920935175	-0.007022384200605314	-0.008582739739507203	-0.015107839107892497	-0.00022622254089987135	0.01875703413481894	0.008420449863680573	0.0005734114722882242	0.00507357194688382	0.00013407754096306975	-0.004413331791670232	-0.0009708347071178375	-0.0013629974694945573	0.00035373729073264306	0.004206123486686814	0.0013278216956698354	-0.0003798091890895506	-0.00026951881495850975	0.0032296948421385555	-0.00554842339040489	-0.0003897641248830758	9.781956002636245e-05	-7.571962099548325e-05	-4.6900020553074875e-05	1.8585543754359673e-05	4.503685100573644e-05	-1.9329085590545667e-06	0.0	-0.0	0.0	-0.0	0.0	0.0	-0.0	-0.0	0.0	0.0	0.0	0.0	0.0	-0.0	0.0	0.0	-0.0	-0.0	0.0	0.0	0.0	-0.0	-0.0	-0.0	-0.0	-0.0	0.0	-0.0	-0.0	0.0	0.0	-0.0	-0.0	-0.0	0.0	-0.0	0.0	0.0	-0.0	-0.0	0.0	0.0	-0.0	-0.0	0.0	0.0	0.0	-0.0	0.0	-0.0	0.0	-0.0	-0.0	-0.0	0.0	0.0	0.0	0.0	0.0	0.0	0.0	0.0	0.0	0.0	0.0	0.0	0.0	0.0	0.0	0.0	0.0	0.0	0.0	0.0	0.0	0.0	0.0	0.0	0.0	0.0	0.0	0.0	0.0	0.0	0.0	0.0	0.0	0.0	0.0	0.0	0.0	0.0	0.0	0.0	0.0	0.0	0.0	0.0	0.0	0.0	0.0	0.0	0.0	0.0	0.0	0.0	0.0	0.0	0.0	0.0	0.0	0.0	0.0	0.0	0.0	0.0	0.0	0.0	0.0	0.0	0.0	0.0	0.0	0.0	0.0	0.0	0.0	0.0	0.0	0.0	0.0	0.0	0.0	0.0	0.0	0.0	0.0	0.0	0.0	0.0	0.0	0.0	0.0	0.0	0.0	0.0	0.0	0.0	0.0	0.0	0.0	0.0	0.0	0.0	0.0	0.0	0.0
S2017t2_E17-T2b-Female	0.0473508691899397	-0.034196271950397664	0.028356439601594466	0.05020295678049796	-0.018050478547132	0.004391593502542601	0.020559269631630427	0.006522552618208214	-0.009971887468549283	0.0008607758212378528	-0.003048980049144471	-0.003709952716213949	0.0019348893488402266	-0.0015763065818389938	0.000179895281568932	-0.0015555808435164945	0.0010925869529472482	-0.0012962214524412598	0.0007063066628491866	-0.0008907384002555281	-0.003477615739428525	-0.0004795489713470486	8.272026322489804e-05	0.000650997783734793	0.0007064802951826172	0.00026342140277536515	0.00025228097413646937	-0.0005737787731171798	-0.00012853633037735859	0.00012866739308776834	8.959775305622251e-05	-1.0214995611209008e-05	1.1283084299054979e-05	3.0706286579854216e-06	-3.598459620630123e-05	1.875335918592094e-05	-1.250753850608934e-06	0.0	-0.0	0.0	-0.0	0.0	0.0	-0.0	-0.0	0.0	0.0	0.0	0.0	0.0	0.0	0.0	0.0	0.0	-0.0	0.0	-0.0	-0.0	0.0	-0.0	-0.0	0.0	-0.0	0.0	-0.0	-0.0	0.0	0.0	-0.0	-0.0	-0.0	-0.0	0.0	0.0	-0.0	0.0	-0.0	0.0	0.0	-0.0	-0.0	0.0	0.0	0.0	-0.0	0.0	-0.0	0.0	-0.0	-0.0	-0.0	0.0	0.0	0.0	0.0	0.0	0.0	0.0	0.0	0.0	0.0	0.0	0.0	0.0	0.0	0.0	0.0	0.0	0.0	0.0	0.0	0.0	0.0	0.0	0.0	0.0	0.0	0.0	0.0	0.0	0.0	0.0	0.0	0.0	0.0	0.0	0.0	0.0	0.0	0.0	0.0	0.0	0.0	0.0	0.0	0.0	0.0	0.0	0.0	0.0	0.0	0.0	0.0	0.0	0.0	0.0	0.0	0.0	0.0	0.0	0.0	0.0	0.0	0.0	0.0	0.0	0.0	0.0	0.0	0.0	0.0	0.0	0.0	0.0	0.0	0.0	0.0	0.0	0.0	0.0	0.0	0.0	0.0	0.0	0.0	0.0	0.0	0.0	0.0	0.0	0.0	0.0	0.0	0.0	0.0	0.0	0.0	0.0	0.0	0.0	0.0	0.0	0.0	0.0
S2017t2_E17-T2b-Male	-0.13343202278007435	-0.020323240386512877	0.057461726046199604	0.06555300982073466	-0.013400394107536481	0.005835135145452724	0.009104670625688017	0.008236140753717583	-0.018710555998515396	0.01122536293005091	-0.0058029267318158275	-0.009565601722226733	0.0008872060098312564	2.9970663507405376e-05	0.0017562886270134617	-0.00422844663318367	0.002330890440394292	-0.0019178020009349068	0.0009673118299690143	0.0025924067012825596	-0.005278263999737357	-0.007736529039385855	-0.008834957421855198	0.0013038403607536424	-0.0018139742977064108	0.0010023300884622775	-0.0016681770158131178	0.0016798229920673398	0.0017198939818313553	0.0004907833288754754	0.0015801278012260592	-6.736262868639486e-05	-2.315947560075162e-06	2.8720109075585035e-06	-3.5064826622721426e-05	-1.3690050595353437e-05	1.169041750457389e-06	0.0	-0.0	0.0	-0.0	0.0	0.0	-0.0	-0.0	0.0	0.0	0.0	0.0	0.0	-0.0	0.0	0.0	-0.0	0.0	-0.0	0.0	-0.0	0.0	0.0	0.0	0.0	-0.0	-0.0	-0.0	-0.0	0.0	0.0	-0.0	0.0	0.0	-0.0	0.0	-0.0	-0.0	0.0	0.0	0.0	0.0	-0.0	-0.0	0.0	0.0	0.0	-0.0	0.0	-0.0	0.0	-0.0	-0.0	-0.0	0.0	0.0	0.0	0.0	0.0	0.0	0.0	0.0	0.0	0.0	0.0	0.0	0.0	0.0	0.0	0.0	0.0	0.0	0.0	0.0	0.0	0.0	0.0	0.0	0.0	0.0	0.0	0.0	0.0	0.0	0.0	0.0	0.0	0.0	0.0	0.0	0.0	0.0	0.0	0.0	0.0	0.0	0.0	0.0	0.0	0.0	0.0	0.0	0.0	0.0	0.0	0.0	0.0	0.0	0.0	0.0	0.0	0.0	0.0	0.0	0.0	0.0	0.0	0.0	0.0	0.0	0.0	0.0	0.0	0.0	0.0	0.0	0.0	0.0	0.0	0.0	0.0	0.0	0.0	0.0	0.0	0.0	0.0	0.0	0.0	0.0	0.0	0.0	0.0	0.0	0.0	0.0	0.0	0.0	0.0	0.0	0.0	0.0	0.0	0.0	0.0	0.0	0.0
S2017t2_E19-T2a-Female	0.04596304993367191	0.023938650612624523	0.010193915141326984	-0.0012061987422445136	-0.028740418686941025	0.009668870873392747	0.013341835424615029	0.008592371261400495	0.00604756073216671	-0.003874657613725998	-0.0035812808140970958	-0.015025115972898512	0.0016564226879809247	-0.011341780939294364	-0.0018562839308208796	-0.0039679107388241605	-0.0040868102553897065	0.005285638938551524	-0.0019508416997436856	0.002921874056040476	-0.001574776867343564	-4.799320405706395e-05	0.0032314684965051954	-0.0005752123584342386	-0.001275942144421447	0.0020926051090478753	0.0007738019554421553	-0.0010038866360279303	0.00024130244901753356	-0.00024565001276594464	-0.0005412663978006916	-3.616213407728038e-05	8.400916243311015e-06	-9.059516658277818e-05	7.026263810768652e-06	4.558013898665123e-05	-2.270598424221746e-06	0.0	-0.0	0.0	-0.0	0.0	0.0	-0.0	-0.0	0.0	0.0	0.0	0.0	0.0	-0.0	0.0	0.0	-0.0	-0.0	0.0	-0.0	0.0	-0.0	-0.0	-0.0	-0.0	0.0	-0.0	-0.0	-0.0	0.0	0.0	-0.0	-0.0	0.0	-0.0	-0.0	0.0	0.0	-0.0	-0.0	0.0	0.0	-0.0	-0.0	0.0	0.0	0.0	-0.0	0.0	-0.0	0.0	-0.0	-0.0	-0.0	0.0	0.0	0.0	0.0	0.0	0.0	0.0	0.0	0.0	0.0	0.0	0.0	0.0	0.0	0.0	0.0	0.0	0.0	0.0	0.0	0.0	0.0	0.0	0.0	0.0	0.0	0.0	0.0	0.0	0.0	0.0	0.0	0.0	0.0	0.0	0.0	0.0	0.0	0.0	0.0	0.0	0.0	0.0	0.0	0.0	0.0	0.0	0.0	0.0	0.0	0.0	0.0	0.0	0.0	0.0	0.0	0.0	0.0	0.0	0.0	0.0	0.0	0.0	0.0	0.0	0.0	0.0	0.0	0.0	0.0	0.0	0.0	0.0	0.0	0.0	0.0	0.0	0.0	0.0	0.0	0.0	0.0	0.0	0.0	0.0	0.0	0.0	0.0	0.0	0.0	0.0	0.0	0.0	0.0	0.0	0.0	0.0	0.0	0.0	0.0	0.0	0.0	0.0
S2017t2_E19-T2a-Male	0.05713014865550627	0.0008493982890753211	0.041660392440669616	-0.04432495376157307	-0.0074824652422532684	0.0007377904885917657	0.009902434018534436	-0.014449122529734694	-0.006388746355617845	-0.006500355916290084	6.457583073271955e-06	0.0010218357822332977	0.0040865744613782125	-0.0031840096091733908	0.006008590218109223	0.0015370370812288919	0.00012701427538440427	-0.0008770545904403276	0.0010281672662237854	0.0002700961122540551	-0.0012941180585946213	0.00041601173340863107	-0.0015049216965268178	0.0007939074330625935	0.0009787614677634897	-7.10585415589851e-05	0.003594652406440895	0.0005049078382930069	0.00011014492134114173	-0.0003766154887233172	-0.00010710455870428438	0.00010650343495826993	-3.8759044554181165e-05	-5.169409450299531e-05	-0.00011130640367144263	0.00018798967458207984	-6.096248878843946e-06	0.0	-0.0	0.0	-0.0	-0.0	-0.0	0.0	0.0	0.0	0.0	-0.0	0.0	0.0	0.0	-0.0	-0.0	0.0	-0.0	0.0	0.0	0.0	-0.0	-0.0	-0.0	-0.0	-0.0	0.0	0.0	0.0	-0.0	-0.0	0.0	-0.0	0.0	-0.0	-0.0	0.0	0.0	-0.0	-0.0	-0.0	0.0	-0.0	-0.0	-0.0	0.0	-0.0	0.0	0.0	-0.0	-0.0	-0.0	-0.0	0.0	0.0	-0.0	0.0	0.0	0.0	0.0	0.0	0.0	0.0	0.0	0.0	0.0	0.0	0.0	0.0	0.0	0.0	0.0	0.0	0.0	0.0	0.0	0.0	0.0	0.0	0.0	0.0	0.0	0.0	0.0	0.0	0.0	0.0	0.0	0.0	0.0	0.0	0.0	0.0	0.0	0.0	0.0	0.0	0.0	0.0	0.0	0.0	0.0	0.0	0.0	0.0	0.0	0.0	0.0	0.0	0.0	0.0	0.0	0.0	0.0	0.0	0.0	0.0	0.0	0.0	0.0	0.0	0.0	0.0	0.0	0.0	0.0	0.0	0.0	0.0	0.0	0.0	0.0	0.0	0.0	0.0	0.0	0.0	0.0	0.0	0.0	0.0	0.0	0.0	0.0	0.0	0.0	0.0	0.0	0.0	0.0	0.0	0.0	0.0	0.0	0.0	0.0	0.0
S2017t2_E19-T2b-Female	-0.11639376505053442	0.04234258463041027	0.022098035211906834	0.002215757333693848	-0.03348371936069535	0.0062619446192330435	0.0018938316269996233	-0.016140618923196803	-0.004711326171255356	0.006734713177976932	-0.005061044866277264	0.006223309965199353	0.012635691370542155	-0.011552727584608662	0.014837140463847192	-0.0001932562660663619	-0.0008425687098063567	-0.003693356653058321	-0.0005151068430608668	0.004003390542665584	-0.008557586328743996	0.00034176598491733606	0.001398094294665393	0.00026360872244554547	0.000499872123500291	-0.0007118627804032345	0.0003309582753570834	-9.122096847624564e-05	-0.0004909375530001071	-0.00033491067030580013	-0.0008032630916146692	-0.000645292446569783	-0.000599304391223016	-0.002399459309653087	-0.0004640666133750429	-0.0015357272057525842	3.878552128219829e-05	0.0	-0.0	0.0	-0.0	0.0	0.0	-0.0	-0.0	0.0	0.0	0.0	0.0	0.0	0.0	0.0	0.0	-0.0	0.0	-0.0	-0.0	-0.0	0.0	0.0	0.0	0.0	0.0	-0.0	-0.0	-0.0	0.0	0.0	0.0	0.0	0.0	0.0	0.0	-0.0	-0.0	0.0	0.0	0.0	0.0	-0.0	-0.0	0.0	0.0	0.0	-0.0	0.0	-0.0	0.0	-0.0	-0.0	-0.0	0.0	0.0	0.0	0.0	0.0	0.0	0.0	0.0	0.0	0.0	0.0	0.0	0.0	0.0	0.0	0.0	0.0	0.0	0.0	0.0	0.0	0.0	0.0	0.0	0.0	0.0	0.0	0.0	0.0	0.0	0.0	0.0	0.0	0.0	0.0	0.0	0.0	0.0	0.0	0.0	0.0	0.0	0.0	0.0	0.0	0.0	0.0	0.0	0.0	0.0	0.0	0.0	0.0	0.0	0.0	0.0	0.0	0.0	0.0	0.0	0.0	0.0	0.0	0.0	0.0	0.0	0.0	0.0	0.0	0.0	0.0	0.0	0.0	0.0	0.0	0.0	0.0	0.0	0.0	0.0	0.0	0.0	0.0	0.0	0.0	0.0	0.0	0.0	0.0	0.0	0.0	0.0	0.0	0.0	0.0	0.0	0.0	0.0	0.0	0.0	0.0	0.0	0.0
S2017t2_E19-T2b-Male	0.04962647378522013	0.020929832781255552	0.025299539181076587	-0.018821458432144552	-0.021489157134143597	0.009944857524168058	0.018001204460147895	0.013051634881292311	0.00801074377427418	-0.007707296337586275	-0.004344135149142774	-0.0027283943863726946	0.003841337701382307	0.006970465376086037	-0.006115505500937876	-0.00033492294385746075	-0.011048010626881894	0.021448075562723986	-0.009650941807827034	-0.0017254864025837726	0.003952210736671855	-0.0037605502251152937	0.0012888218787982433	0.00040920007080360584	-0.0026063298062477423	-5.786574728906161e-06	-0.0010341439381151658	-9.382847624515145e-05	-0.00037153366759701126	0.0008453160907069822	-0.00012467209870971313	-0.00015376982537030395	5.809841799425955e-05	0.0001480400789381097	5.771676683568431e-05	-3.147163794619495e-05	1.844577018224549e-06	0.0	-0.0	0.0	-0.0	0.0	0.0	-0.0	-0.0	0.0	0.0	0.0	0.0	0.0	-0.0	-0.0	0.0	0.0	0.0	-0.0	0.0	-0.0	0.0	0.0	0.0	0.0	-0.0	-0.0	-0.0	-0.0	0.0	0.0	-0.0	-0.0	-0.0	0.0	0.0	-0.0	-0.0	0.0	0.0	0.0	0.0	-0.0	-0.0	0.0	0.0	0.0	-0.0	0.0	-0.0	0.0	-0.0	-0.0	-0.0	0.0	0.0	0.0	0.0	0.0	0.0	0.0	0.0	0.0	0.0	0.0	0.0	0.0	0.0	0.0	0.0	0.0	0.0	0.0	0.0	0.0	0.0	0.0	0.0	0.0	0.0	0.0	0.0	0.0	0.0	0.0	0.0	0.0	0.0	0.0	0.0	0.0	0.0	0.0	0.0	0.0	0.0	0.0	0.0	0.0	0.0	0.0	0.0	0.0	0.0	0.0	0.0	0.0	0.0	0.0	0.0	0.0	0.0	0.0	0.0	0.0	0.0	0.0	0.0	0.0	0.0	0.0	0.0	0.0	0.0	0.0	0.0	0.0	0.0	0.0	0.0	0.0	0.0	0.0	0.0	0.0	0.0	0.0	0.0	0.0	0.0	0.0	0.0	0.0	0.0	0.0	0.0	0.0	0.0	0.0	0.0	0.0	0.0	0.0	0.0	0.0	0.0	0.0
S2017t2_E23-T2a-Female	-0.09540719950210183	0.02347384942052876	0.017909398887963484	0.01105219269082652	-0.02220774677104681	-0.009096271091831466	-0.012626474349974465	0.01895804884590031	-0.028079877256664793	-0.010051594146665288	0.036487770150414656	-0.008206066204060095	-0.011688397226942152	-0.006548792335780862	-0.002044742649711543	-0.006833128120617591	0.010319610799438727	-0.007293825118623307	0.005111108024220438	-0.010598870022207286	-0.00033242179399478155	-0.00365230465370973	-0.002729445673668322	0.0038604538505829927	-0.0021627204746404068	-0.0035517150869993825	-0.0013901153458794138	-0.001318551433606551	-0.00023635235433978066	-0.001501935728482085	-0.00039676454092264015	-6.409053008400694e-05	6.43456294188376e-05	0.00032951374548041327	0.00012141272273658835	-0.00031814660789114557	4.798253605412358e-06	0.0	-0.0	0.0	-0.0	0.0	0.0	-0.0	-0.0	0.0	0.0	0.0	0.0	0.0	0.0	0.0	0.0	-0.0	0.0	-0.0	-0.0	-0.0	0.0	0.0	-0.0	0.0	0.0	-0.0	-0.0	-0.0	0.0	0.0	0.0	0.0	0.0	-0.0	0.0	0.0	0.0	0.0	0.0	0.0	0.0	-0.0	-0.0	0.0	0.0	0.0	-0.0	0.0	-0.0	0.0	-0.0	-0.0	-0.0	0.0	0.0	0.0	0.0	0.0	0.0	0.0	0.0	0.0	0.0	0.0	0.0	0.0	0.0	0.0	0.0	0.0	0.0	0.0	0.0	0.0	0.0	0.0	0.0	0.0	0.0	0.0	0.0	0.0	0.0	0.0	0.0	0.0	0.0	0.0	0.0	0.0	0.0	0.0	0.0	0.0	0.0	0.0	0.0	0.0	0.0	0.0	0.0	0.0	0.0	0.0	0.0	0.0	0.0	0.0	0.0	0.0	0.0	0.0	0.0	0.0	0.0	0.0	0.0	0.0	0.0	0.0	0.0	0.0	0.0	0.0	0.0	0.0	0.0	0.0	0.0	0.0	0.0	0.0	0.0	0.0	0.0	0.0	0.0	0.0	0.0	0.0	0.0	0.0	0.0	0.0	0.0	0.0	0.0	0.0	0.0	0.0	0.0	0.0	0.0	0.0	0.0	0.0
S2017t2_E23-T2a-Male	0.059176829944611424	-0.008828117534106929	0.024886001861946977	-0.044356172498013276	0.005276488174653316	0.011233587155641057	-0.016743552168381377	-0.017243665559501856	0.008906512794271482	0.0019425156521771167	-0.002576890319671633	0.003851828793851129	0.004073929557988928	-0.006867192839441432	0.00797299913313543	0.00018302341929701013	-0.00196073417127324	0.0013450977540261453	-0.0008970600623163956	-0.0005372541668007902	0.0004637941483385477	-0.0011858600252221956	0.0010148952151680616	-0.0017885817672349295	-0.0008241302679749061	0.0009123363130912204	0.006045112683840177	-0.0007030352221406404	0.002307311167399832	-0.0013699916909191902	0.0037513607500352466	-0.0002592596664416008	0.0003391967472626579	0.00036973401255740713	0.000757687823200875	-0.0010094051739753815	2.7453806929083258e-05	0.0	-0.0	0.0	-0.0	0.0	0.0	-0.0	-0.0	0.0	0.0	0.0	0.0	0.0	-0.0	0.0	0.0	-0.0	0.0	-0.0	-0.0	-0.0	0.0	0.0	0.0	0.0	0.0	-0.0	-0.0	-0.0	0.0	0.0	-0.0	0.0	-0.0	0.0	0.0	-0.0	-0.0	0.0	0.0	0.0	0.0	-0.0	-0.0	0.0	0.0	0.0	-0.0	0.0	-0.0	0.0	-0.0	-0.0	-0.0	0.0	0.0	0.0	0.0	0.0	0.0	0.0	0.0	0.0	0.0	0.0	0.0	0.0	0.0	0.0	0.0	0.0	0.0	0.0	0.0	0.0	0.0	0.0	0.0	0.0	0.0	0.0	0.0	0.0	0.0	0.0	0.0	0.0	0.0	0.0	0.0	0.0	0.0	0.0	0.0	0.0	0.0	0.0	0.0	0.0	0.0	0.0	0.0	0.0	0.0	0.0	0.0	0.0	0.0	0.0	0.0	0.0	0.0	0.0	0.0	0.0	0.0	0.0	0.0	0.0	0.0	0.0	0.0	0.0	0.0	0.0	0.0	0.0	0.0	0.0	0.0	0.0	0.0	0.0	0.0	0.0	0.0	0.0	0.0	0.0	0.0	0.0	0.0	0.0	0.0	0.0	0.0	0.0	0.0	0.0	0.0	0.0	0.0	0.0	0.0	0.0	0.0	0.0
S2017t2_E23-T2b-Female	0.042977409212243654	0.005735372296383056	0.005485876154251124	0.005863032910288145	-0.018629289289395033	-0.0024999600833228836	-0.0016877603265772517	0.01564292061132299	-0.021970670772001797	-0.012504439808973929	0.025644384142365712	-0.003471763255236852	-0.006424785993094409	-0.003059100373678975	0.00095822318235087	-0.003394066447554252	0.005127852014810943	-0.0025135673603424295	0.00045534221064724587	-0.008807313572519206	0.0022951096123011066	-0.0015552198778118935	-0.0034058118366670155	0.0031036125669684353	-0.0015226697750715232	-0.0011660325085021631	0.003675622858257078	0.0016319049438401688	4.775108178640813e-05	-0.0017207980368205485	-1.5004674539871026e-05	5.4473562998753844e-05	5.631867356791922e-05	-8.112633690160375e-05	-4.550255342591459e-05	7.911294516656156e-05	-4.809682351313361e-07	0.0	-0.0	0.0	-0.0	0.0	0.0	-0.0	-0.0	0.0	0.0	0.0	0.0	0.0	-0.0	-0.0	0.0	0.0	-0.0	0.0	0.0	0.0	-0.0	-0.0	0.0	-0.0	-0.0	0.0	-0.0	-0.0	0.0	0.0	-0.0	0.0	-0.0	0.0	0.0	-0.0	-0.0	-0.0	-0.0	0.0	0.0	-0.0	-0.0	0.0	0.0	0.0	-0.0	0.0	-0.0	0.0	-0.0	-0.0	-0.0	0.0	0.0	0.0	0.0	0.0	0.0	0.0	0.0	0.0	0.0	0.0	0.0	0.0	0.0	0.0	0.0	0.0	0.0	0.0	0.0	0.0	0.0	0.0	0.0	0.0	0.0	0.0	0.0	0.0	0.0	0.0	0.0	0.0	0.0	0.0	0.0	0.0	0.0	0.0	0.0	0.0	0.0	0.0	0.0	0.0	0.0	0.0	0.0	0.0	0.0	0.0	0.0	0.0	0.0	0.0	0.0	0.0	0.0	0.0	0.0	0.0	0.0	0.0	0.0	0.0	0.0	0.0	0.0	0.0	0.0	0.0	0.0	0.0	0.0	0.0	0.0	0.0	0.0	0.0	0.0	0.0	0.0	0.0	0.0	0.0	0.0	0.0	0.0	0.0	0.0	0.0	0.0	0.0	0.0	0.0	0.0	0.0	0.0	0.0	0.0	0.0	0.0	0.0
S2017t2_E23-T2b-Male	0.062794550636293	0.01086079754087895	0.039908365332661136	-0.03585415851292684	0.006343628169630362	-0.03786375843296494	0.005622376808874327	-0.017145872683089196	0.010523649632120496	-0.011573921922828025	-0.006669009788259296	0.006436166734659376	0.008877417595936847	-0.007330715812299329	0.007128867033711405	0.0026030362979703784	-0.001297403956311307	-0.0002896662054626508	0.004163770179232686	0.0004101106635671825	-0.0015995889529574353	-0.006043284542671803	-0.0006578032726720061	0.0005726790952585119	-0.0022847196241584096	0.0026846910865293452	0.0007748447417987742	3.0591594568978354e-05	-0.0005817159961419821	0.000978896498179177	-0.0009885676005190389	2.2175082427621264e-05	2.6353065494699267e-05	-2.4036223967850425e-05	-3.9543360391086945e-05	5.926333773622164e-05	-1.0907416225409614e-06	0.0	-0.0	0.0	-0.0	0.0	0.0	-0.0	-0.0	0.0	0.0	0.0	0.0	0.0	-0.0	-0.0	0.0	0.0	-0.0	0.0	0.0	0.0	-0.0	0.0	-0.0	-0.0	-0.0	0.0	-0.0	-0.0	0.0	0.0	0.0	-0.0	0.0	0.0	-0.0	0.0	0.0	-0.0	-0.0	0.0	0.0	-0.0	-0.0	0.0	0.0	0.0	-0.0	0.0	-0.0	0.0	-0.0	-0.0	-0.0	0.0	0.0	0.0	0.0	0.0	0.0	0.0	0.0	0.0	0.0	0.0	0.0	0.0	0.0	0.0	0.0	0.0	0.0	0.0	0.0	0.0	0.0	0.0	0.0	0.0	0.0	0.0	0.0	0.0	0.0	0.0	0.0	0.0	0.0	0.0	0.0	0.0	0.0	0.0	0.0	0.0	0.0	0.0	0.0	0.0	0.0	0.0	0.0	0.0	0.0	0.0	0.0	0.0	0.0	0.0	0.0	0.0	0.0	0.0	0.0	0.0	0.0	0.0	0.0	0.0	0.0	0.0	0.0	0.0	0.0	0.0	0.0	0.0	0.0	0.0	0.0	0.0	0.0	0.0	0.0	0.0	0.0	0.0	0.0	0.0	0.0	0.0	0.0	0.0	0.0	0.0	0.0	0.0	0.0	0.0	0.0	0.0	0.0	0.0	0.0	0.0	0.0	0.0
S2017t2_E30-T2a-Female	0.039314477846416666	-0.004715930963087012	0.009460810844023003	0.01573075711078317	-0.01174564945358644	0.0052379555443244795	0.006249216545700808	0.005369088882109855	-0.019815091488444618	-0.0188758016809468	-0.003820603186814029	-0.0027986028998315034	-0.0026884273993588	-0.006491748117342218	-0.0050972247768944	0.01920641915427328	0.004406848853821861	0.0027838879709155017	0.0011014606982564527	0.0020849436772237455	0.0016487752426186666	0.0015231556822705911	0.0011397575378937932	0.0008732212649997357	-0.0012829449034031484	-0.0011038638304296264	-0.0006449155149832508	0.00013435902109047796	0.00026157405747686413	0.00032262118475594127	-7.873172722313044e-05	-2.696384999119359e-05	6.705948088742523e-06	5.9011557461053374e-05	3.732594498179173e-05	-3.484775157912237e-05	6.090055636857596e-07	0.0	-0.0	0.0	-0.0	0.0	0.0	-0.0	-0.0	0.0	0.0	0.0	0.0	0.0	-0.0	-0.0	0.0	-0.0	-0.0	0.0	-0.0	0.0	0.0	0.0	0.0	0.0	-0.0	-0.0	-0.0	-0.0	0.0	0.0	-0.0	0.0	-0.0	0.0	0.0	-0.0	0.0	0.0	0.0	0.0	0.0	-0.0	-0.0	0.0	0.0	0.0	-0.0	0.0	-0.0	0.0	-0.0	-0.0	-0.0	0.0	0.0	0.0	0.0	0.0	0.0	0.0	0.0	0.0	0.0	0.0	0.0	0.0	0.0	0.0	0.0	0.0	0.0	0.0	0.0	0.0	0.0	0.0	0.0	0.0	0.0	0.0	0.0	0.0	0.0	0.0	0.0	0.0	0.0	0.0	0.0	0.0	0.0	0.0	0.0	0.0	0.0	0.0	0.0	0.0	0.0	0.0	0.0	0.0	0.0	0.0	0.0	0.0	0.0	0.0	0.0	0.0	0.0	0.0	0.0	0.0	0.0	0.0	0.0	0.0	0.0	0.0	0.0	0.0	0.0	0.0	0.0	0.0	0.0	0.0	0.0	0.0	0.0	0.0	0.0	0.0	0.0	0.0	0.0	0.0	0.0	0.0	0.0	0.0	0.0	0.0	0.0	0.0	0.0	0.0	0.0	0.0	0.0	0.0	0.0	0.0	0.0	0.0
S2017t2_E30-T2a-Male	-0.12342143250496855	0.006446660341815533	0.04396377299830823	0.002458741287905592	2.227091129112726e-05	0.0020862529694081664	-0.0021098845908768364	0.009056936529734673	-0.015547545698209254	-0.020442153086412784	-0.004481291085177524	0.007060220598524855	0.0018851258923883723	0.008472185525564434	-0.006217103442804687	0.019929073381140958	0.001983886924685207	0.012791098956915907	-0.010486175729291957	-0.0005715724492015095	0.0037198069242597182	-0.004722680924913724	0.0011398487790793528	0.0014018977361500244	-0.0021427327998676583	-0.0023730397170478737	-0.0002106276293697238	0.0006519961705168348	-0.0005713456604730432	0.002914755849065822	0.0010376838298233105	-0.00018748569892838103	8.107198498880695e-05	0.0002550594284507292	-1.7429658969220875e-06	-0.00010824241875751017	4.192788041792769e-06	0.0	-0.0	0.0	-0.0	0.0	0.0	-0.0	-0.0	0.0	0.0	0.0	0.0	0.0	0.0	0.0	0.0	-0.0	0.0	-0.0	-0.0	-0.0	0.0	-0.0	0.0	0.0	0.0	-0.0	-0.0	-0.0	0.0	0.0	0.0	0.0	0.0	-0.0	-0.0	-0.0	-0.0	-0.0	0.0	0.0	0.0	-0.0	-0.0	0.0	0.0	0.0	-0.0	0.0	-0.0	0.0	-0.0	-0.0	-0.0	0.0	0.0	0.0	0.0	0.0	0.0	0.0	0.0	0.0	0.0	0.0	0.0	0.0	0.0	0.0	0.0	0.0	0.0	0.0	0.0	0.0	0.0	0.0	0.0	0.0	0.0	0.0	0.0	0.0	0.0	0.0	0.0	0.0	0.0	0.0	0.0	0.0	0.0	0.0	0.0	0.0	0.0	0.0	0.0	0.0	0.0	0.0	0.0	0.0	0.0	0.0	0.0	0.0	0.0	0.0	0.0	0.0	0.0	0.0	0.0	0.0	0.0	0.0	0.0	0.0	0.0	0.0	0.0	0.0	0.0	0.0	0.0	0.0	0.0	0.0	0.0	0.0	0.0	0.0	0.0	0.0	0.0	0.0	0.0	0.0	0.0	0.0	0.0	0.0	0.0	0.0	0.0	0.0	0.0	0.0	0.0	0.0	0.0	0.0	0.0	0.0	0.0	0.0
S2017t2_E30-T2b-Female	-0.12144814640771243	0.01507211783569976	0.02703863954441307	0.025280295946918926	-0.014252844013311198	0.0032481026222913744	-0.004582244125856964	0.0032288551767110634	-0.02476422546821303	-0.01943234979501419	-0.006928838152584379	-0.0071548481684932394	-0.002956144475853507	-0.009042644802460895	-0.002725828764420197	0.013277425045553593	0.007425682980220474	-0.004079926259836322	0.0031490287424920864	0.005267212683867639	-0.004737301451838765	0.0009013140756633752	0.0013406012278626867	0.0024616874215777494	-0.0003360792996960218	-0.0022440023518052955	-6.415983622362608e-05	0.0001145778270217173	-0.0013142938708935496	0.0019112619992602289	-0.0008682417112955585	-1.4375663839158921e-05	-3.571520502895192e-06	-0.0003745485964593298	-0.00013763388465205863	0.00012637746117692738	-1.5623360697254572e-06	0.0	-0.0	0.0	-0.0	0.0	0.0	-0.0	-0.0	0.0	0.0	0.0	0.0	0.0	-0.0	-0.0	0.0	0.0	-0.0	0.0	0.0	0.0	-0.0	-0.0	0.0	0.0	-0.0	0.0	-0.0	-0.0	0.0	0.0	-0.0	-0.0	-0.0	0.0	0.0	-0.0	-0.0	0.0	-0.0	0.0	0.0	-0.0	-0.0	0.0	0.0	0.0	-0.0	0.0	-0.0	0.0	-0.0	-0.0	-0.0	0.0	0.0	0.0	0.0	0.0	0.0	0.0	0.0	0.0	0.0	0.0	0.0	0.0	0.0	0.0	0.0	0.0	0.0	0.0	0.0	0.0	0.0	0.0	0.0	0.0	0.0	0.0	0.0	0.0	0.0	0.0	0.0	0.0	0.0	0.0	0.0	0.0	0.0	0.0	0.0	0.0	0.0	0.0	0.0	0.0	0.0	0.0	0.0	0.0	0.0	0.0	0.0	0.0	0.0	0.0	0.0	0.0	0.0	0.0	0.0	0.0	0.0	0.0	0.0	0.0	0.0	0.0	0.0	0.0	0.0	0.0	0.0	0.0	0.0	0.0	0.0	0.0	0.0	0.0	0.0	0.0	0.0	0.0	0.0	0.0	0.0	0.0	0.0	0.0	0.0	0.0	0.0	0.0	0.0	0.0	0.0	0.0	0.0	0.0	0.0	0.0	0.0	0.0
S2017t2_E30-T2b-Male	-0.12202803056403669	0.055926314236279855	0.019973954762188575	0.013934754502259589	-0.012608878385122105	-0.04817899424118703	0.0019772987062771637	0.012859572714024511	0.0194252877279298	-0.013397440123428283	-0.015633483582918346	-0.02095665403766341	0.004385812645405281	-0.02469201617080532	-0.005707185847207869	-0.008772491583160682	-0.011385136036159012	0.011733905453838199	-0.005097923008627739	-0.0001970465842845992	-0.0004690853473370463	-0.0005807565074898547	0.0006551380730142129	0.0008477661943392546	-0.0017018326587359316	-0.0003334680928270199	-0.0010896530627549268	0.0002882953227723649	-0.00010641399578452734	-0.0003666431865862137	0.0006029325155340971	0.00015651794624282678	-0.00022546298363771753	-0.0003761102473563976	-8.094969228788853e-05	1.6434476010619402e-05	-2.6416832829441836e-06	0.0	-0.0	0.0	-0.0	0.0	0.0	-0.0	-0.0	0.0	0.0	0.0	0.0	0.0	0.0	0.0	0.0	-0.0	-0.0	0.0	0.0	0.0	-0.0	0.0	0.0	-0.0	-0.0	0.0	-0.0	-0.0	0.0	0.0	0.0	-0.0	0.0	-0.0	-0.0	0.0	0.0	-0.0	-0.0	0.0	0.0	-0.0	-0.0	0.0	0.0	0.0	-0.0	0.0	-0.0	0.0	-0.0	-0.0	-0.0	0.0	0.0	0.0	0.0	0.0	0.0	0.0	0.0	0.0	0.0	0.0	0.0	0.0	0.0	0.0	0.0	0.0	0.0	0.0	0.0	0.0	0.0	0.0	0.0	0.0	0.0	0.0	0.0	0.0	0.0	0.0	0.0	0.0	0.0	0.0	0.0	0.0	0.0	0.0	0.0	0.0	0.0	0.0	0.0	0.0	0.0	0.0	0.0	0.0	0.0	0.0	0.0	0.0	0.0	0.0	0.0	0.0	0.0	0.0	0.0	0.0	0.0	0.0	0.0	0.0	0.0	0.0	0.0	0.0	0.0	0.0	0.0	0.0	0.0	0.0	0.0	0.0	0.0	0.0	0.0	0.0	0.0	0.0	0.0	0.0	0.0	0.0	0.0	0.0	0.0	0.0	0.0	0.0	0.0	0.0	0.0	0.0	0.0	0.0	0.0	0.0	0.0	0.0
S2017t3_E11-T3a-Female	0.052911044179621086	-0.025638308144376613	0.02600888033089895	0.06439431279388219	-0.004231567396690191	-0.03522667718047344	0.017781228182247175	0.005955313131918453	0.005213435988479617	-0.0011504563830808325	-0.012652804055312926	0.00010067304242605052	0.00697243313771978	-0.003059896235677364	0.0011606515901211466	-0.000297477933790101	-0.002671028092249025	-0.0022063878783443692	-0.0007017267374247153	0.0022635213961617042	-0.0011088084733433745	-0.0011521459563474255	-0.0031974602766936424	-0.00047880491453855203	-0.0029483023894695424	-0.0009543144516696399	-0.00020963478453406927	0.0007592560062277395	-0.0011079746984794803	0.0006984640661536371	-0.0007057773453174127	5.824866396692028e-05	1.2714937646073368e-05	-4.728056057182626e-05	4.449257903937762e-05	-9.330649565073603e-06	-1.4970486469123287e-06	0.0	-0.0	0.0	-0.0	0.0	0.0	-0.0	-0.0	0.0	0.0	0.0	0.0	0.0	0.0	0.0	0.0	-0.0	-0.0	0.0	0.0	0.0	0.0	0.0	0.0	-0.0	-0.0	0.0	-0.0	-0.0	0.0	0.0	0.0	-0.0	0.0	0.0	-0.0	0.0	0.0	-0.0	-0.0	0.0	0.0	-0.0	-0.0	0.0	0.0	0.0	-0.0	0.0	-0.0	0.0	-0.0	-0.0	-0.0	0.0	0.0	0.0	0.0	0.0	0.0	0.0	0.0	0.0	0.0	0.0	0.0	0.0	0.0	0.0	0.0	0.0	0.0	0.0	0.0	0.0	0.0	0.0	0.0	0.0	0.0	0.0	0.0	0.0	0.0	0.0	0.0	0.0	0.0	0.0	0.0	0.0	0.0	0.0	0.0	0.0	0.0	0.0	0.0	0.0	0.0	0.0	0.0	0.0	0.0	0.0	0.0	0.0	0.0	0.0	0.0	0.0	0.0	0.0	0.0	0.0	0.0	0.0	0.0	0.0	0.0	0.0	0.0	0.0	0.0	0.0	0.0	0.0	0.0	0.0	0.0	0.0	0.0	0.0	0.0	0.0	0.0	0.0	0.0	0.0	0.0	0.0	0.0	0.0	0.0	0.0	0.0	0.0	0.0	0.0	0.0	0.0	0.0	0.0	0.0	0.0	0.0	0.0
S2017t3_E11-T3a-Male	0.04663266235680628	0.013205549984096576	-0.00662847270511984	0.002614273738519275	-0.019921025463091584	0.015076924689579246	-0.014700887173226119	-0.012557819565446927	0.012151604472700542	0.006205503164526431	-0.007157629624291459	0.006076424556725673	-0.012771870919102828	0.005370018834665439	-0.0039958324571876345	-0.0013028568463638076	0.002185385231188069	-0.0022948609306136436	0.0017698397743371103	0.00011173834999827763	0.0013311183394977204	-9.26183993342048e-05	-0.0005427545336464364	-0.0005133613987808309	0.0006023358458851851	-0.001115919825617183	-0.00030242981512321356	-0.00012003055732007621	-6.444346012515409e-05	9.713367491042437e-05	-0.00010956973069234248	5.467412193878872e-05	0.00010273480573094729	-1.2076548100788086e-05	2.5115116435556146e-05	-6.288955863107094e-06	-1.2578841084734722e-06	0.0	-0.0	0.0	-0.0	0.0	0.0	-0.0	-0.0	0.0	0.0	0.0	0.0	0.0	-0.0	-0.0	0.0	0.0	-0.0	-0.0	0.0	-0.0	0.0	-0.0	0.0	-0.0	-0.0	-0.0	-0.0	-0.0	0.0	0.0	-0.0	0.0	-0.0	0.0	-0.0	-0.0	0.0	0.0	0.0	0.0	0.0	-0.0	-0.0	0.0	0.0	0.0	-0.0	0.0	-0.0	0.0	-0.0	-0.0	-0.0	0.0	0.0	0.0	0.0	0.0	0.0	0.0	0.0	0.0	0.0	0.0	0.0	0.0	0.0	0.0	0.0	0.0	0.0	0.0	0.0	0.0	0.0	0.0	0.0	0.0	0.0	0.0	0.0	0.0	0.0	0.0	0.0	0.0	0.0	0.0	0.0	0.0	0.0	0.0	0.0	0.0	0.0	0.0	0.0	0.0	0.0	0.0	0.0	0.0	0.0	0.0	0.0	0.0	0.0	0.0	0.0	0.0	0.0	0.0	0.0	0.0	0.0	0.0	0.0	0.0	0.0	0.0	0.0	0.0	0.0	0.0	0.0	0.0	0.0	0.0	0.0	0.0	0.0	0.0	0.0	0.0	0.0	0.0	0.0	0.0	0.0	0.0	0.0	0.0	0.0	0.0	0.0	0.0	0.0	0.0	0.0	0.0	0.0	0.0	0.0	0.0	0.0	0.0
S2017t3_E16-T3b-Female	0.048809364784209414	0.02273477833619123	0.009464966327401476	0.0022501963441719053	-0.03645614289690039	0.007697049296662426	0.005401066343430393	-0.011075377742847331	-0.0029961896507777275	-0.004094214178995034	-0.0053784914716474164	0.00421596847974369	-0.011027581663323955	0.006725716145769778	-0.0010710303975433187	-0.00031627160042610474	0.0023668309460671143	-0.0020142223484965784	-0.0002427179596799113	-0.0004359663963308443	-0.003053612468872246	0.00031412711261259377	-0.0004702671136809402	-0.00014624868757499228	-0.0010490272573909385	-0.000604896497297743	0.0010744732514001657	0.0009326114839801409	0.0002444837122051004	-0.00010884282509980846	0.0007094623769222009	-0.0014198026572711734	-0.0035399250205277333	-0.00015470036616350673	-0.0008173131794739475	0.0005284086860936181	-6.489413875574655e-06	-0.0	-0.0	0.0	0.0	0.0	-0.0	-0.0	-0.0	-0.0	0.0	0.0	-0.0	0.0	-0.0	-0.0	0.0	0.0	-0.0	0.0	0.0	0.0	-0.0	-0.0	-0.0	-0.0	-0.0	0.0	0.0	-0.0	-0.0	0.0	0.0	0.0	-0.0	-0.0	0.0	0.0	0.0	-0.0	-0.0	0.0	0.0	-0.0	0.0	0.0	0.0	0.0	0.0	-0.0	-0.0	-0.0	0.0	-0.0	0.0	-0.0	-0.0	0.0	0.0	0.0	0.0	0.0	0.0	0.0	0.0	0.0	0.0	0.0	0.0	0.0	0.0	0.0	0.0	0.0	0.0	0.0	0.0	0.0	0.0	0.0	0.0	0.0	0.0	0.0	0.0	0.0	0.0	0.0	0.0	0.0	0.0	0.0	0.0	0.0	0.0	0.0	0.0	0.0	0.0	0.0	0.0	0.0	0.0	0.0	0.0	0.0	0.0	0.0	0.0	0.0	0.0	0.0	0.0	0.0	0.0	0.0	0.0	0.0	0.0	0.0	0.0	0.0	0.0	0.0	0.0	0.0	0.0	0.0	0.0	0.0	0.0	0.0	0.0	0.0	0.0	0.0	0.0	0.0	0.0	0.0	0.0	0.0	0.0	0.0	0.0	0.0	0.0	0.0	0.0	0.0	0.0	0.0	0.0	0.0	0.0	0.0	0.0	0.0
S2017t3_E16-T3b-Male	0.04663265190162839	0.013205531683387112	-0.006628463981056418	0.0026142827849578542	-0.019921009938072907	0.015076913670023916	-0.014700878968497607	-0.012557839951501275	0.012151619433634001	0.006205475722272999	-0.00715761455472079	0.006076377417325803	-0.012771914325541547	0.005370016294224141	-0.003995813331078169	-0.0013029205182442886	0.0021853992384601273	-0.0022948965547177807	0.0017698634741244005	0.00011178844702662888	0.0013311823591023967	-9.261147864866824e-05	-0.0005427671779180683	-0.0005133360623154276	0.0006023084023682951	-0.0011158984356411394	-0.00030244695115031774	-0.00011997000300176148	-6.462669985994147e-05	9.70469594775804e-05	-0.00010949800856187782	5.4624525956075605e-05	0.00010275706646921494	-1.2047009770968783e-05	2.5167374659114234e-05	-6.183998710477484e-06	1.0663599823596144e-06	0.0	-0.0	0.0	-0.0	0.0	0.0	-0.0	-0.0	0.0	0.0	0.0	0.0	0.0	0.0	-0.0	0.0	0.0	0.0	0.0	-0.0	0.0	0.0	-0.0	0.0	-0.0	-0.0	0.0	-0.0	-0.0	0.0	0.0	-0.0	-0.0	-0.0	-0.0	-0.0	0.0	-0.0	0.0	-0.0	0.0	0.0	-0.0	-0.0	0.0	0.0	0.0	-0.0	0.0	-0.0	0.0	-0.0	-0.0	-0.0	0.0	0.0	0.0	0.0	0.0	0.0	0.0	0.0	0.0	0.0	0.0	0.0	0.0	0.0	0.0	0.0	0.0	0.0	0.0	0.0	0.0	0.0	0.0	0.0	0.0	0.0	0.0	0.0	0.0	0.0	0.0	0.0	0.0	0.0	0.0	0.0	0.0	0.0	0.0	0.0	0.0	0.0	0.0	0.0	0.0	0.0	0.0	0.0	0.0	0.0	0.0	0.0	0.0	0.0	0.0	0.0	0.0	0.0	0.0	0.0	0.0	0.0	0.0	0.0	0.0	0.0	0.0	0.0	0.0	0.0	0.0	0.0	0.0	0.0	0.0	0.0	0.0	0.0	0.0	0.0	0.0	0.0	0.0	0.0	0.0	0.0	0.0	0.0	0.0	0.0	0.0	0.0	0.0	0.0	0.0	0.0	0.0	0.0	0.0	0.0	0.0	0.0	0.0
S2017t3_E17-T3a-Female	0.0520323675506494	0.031967992455278885	0.005924975792569164	0.012097825522882405	-0.022225451108523437	-0.025590132769750525	0.0028546633651921893	-0.012417903776806124	0.011491059485983609	-0.005630386674059196	-0.009954024833847787	0.009143156449913337	-0.006815278670298873	0.004950891822061502	-0.00177544885831262	9.015295976028198e-05	0.0011227039864541012	-0.0032183496200008706	0.0019527965489531483	0.0005373787277787601	-0.001536800064440496	0.0005467323936026519	-0.002353176356883503	-0.0003606025920726708	-0.0012100607964190826	0.00044602433832180405	-0.0008861864596869441	0.00291323839698338	2.9769311007210576e-07	-3.769245509002225e-05	0.00040028945742365827	0.0001723287680598167	0.00019351456734722017	2.983776965474049e-05	3.373816547570623e-05	5.800437977585649e-05	-3.0855487725482635e-06	-0.0	-0.0	-0.0	0.0	0.0	-0.0	0.0	-0.0	0.0	0.0	-0.0	-0.0	0.0	-0.0	-0.0	0.0	0.0	0.0	-0.0	0.0	0.0	0.0	0.0	0.0	0.0	0.0	0.0	-0.0	0.0	-0.0	0.0	0.0	-0.0	-0.0	-0.0	-0.0	-0.0	-0.0	-0.0	0.0	0.0	0.0	0.0	-0.0	0.0	0.0	-0.0	0.0	0.0	-0.0	0.0	-0.0	0.0	-0.0	0.0	0.0	0.0	0.0	0.0	0.0	0.0	0.0	0.0	0.0	0.0	0.0	0.0	0.0	0.0	0.0	0.0	0.0	0.0	0.0	0.0	0.0	0.0	0.0	0.0	0.0	0.0	0.0	0.0	0.0	0.0	0.0	0.0	0.0	0.0	0.0	0.0	0.0	0.0	0.0	0.0	0.0	0.0	0.0	0.0	0.0	0.0	0.0	0.0	0.0	0.0	0.0	0.0	0.0	0.0	0.0	0.0	0.0	0.0	0.0	0.0	0.0	0.0	0.0	0.0	0.0	0.0	0.0	0.0	0.0	0.0	0.0	0.0	0.0	0.0	0.0	0.0	0.0	0.0	0.0	0.0	0.0	0.0	0.0	0.0	0.0	0.0	0.0	0.0	0.0	0.0	0.0	0.0	0.0	0.0	0.0	0.0	0.0	0.0	0.0	0.0	0.0	0.0
S2017t3_E17-T3a-Male	0.041947459088835466	-0.00021922620972608103	-0.02802012108541922	-0.007221966529887619	-0.04376374572553976	0.0018101732252434964	0.036550534290777426	-0.022116420412108456	0.007777673232364895	-0.013821840265596989	0.0010592664403614297	0.009870507794269432	-0.015400516169645736	0.008582022178630402	-0.0012436902770009714	-0.0026068718682851363	0.003588302333149921	-0.010976024596612318	-0.0008903357700480038	0.0032891874870424154	0.007708724510766625	0.002939737569193368	0.0026280934273540265	-0.0012765581227849837	-0.0015354467774699348	0.003517509642519784	-0.0003743947470267954	-0.0002783662899671954	0.00020794153543157964	-0.0007195508514581176	-9.105285100383958e-05	9.502460423558423e-05	0.00011085758032498597	4.025597868201036e-06	1.6426372613843204e-05	-4.626626545902184e-06	-3.16117423380906e-07	0.0	-0.0	0.0	-0.0	0.0	0.0	-0.0	-0.0	0.0	0.0	0.0	0.0	0.0	-0.0	0.0	0.0	-0.0	-0.0	0.0	-0.0	-0.0	-0.0	0.0	-0.0	-0.0	0.0	0.0	-0.0	-0.0	0.0	0.0	0.0	-0.0	0.0	0.0	-0.0	0.0	0.0	0.0	-0.0	0.0	0.0	-0.0	-0.0	0.0	0.0	0.0	-0.0	0.0	-0.0	0.0	-0.0	-0.0	-0.0	0.0	0.0	0.0	0.0	0.0	0.0	0.0	0.0	0.0	0.0	0.0	0.0	0.0	0.0	0.0	0.0	0.0	0.0	0.0	0.0	0.0	0.0	0.0	0.0	0.0	0.0	0.0	0.0	0.0	0.0	0.0	0.0	0.0	0.0	0.0	0.0	0.0	0.0	0.0	0.0	0.0	0.0	0.0	0.0	0.0	0.0	0.0	0.0	0.0	0.0	0.0	0.0	0.0	0.0	0.0	0.0	0.0	0.0	0.0	0.0	0.0	0.0	0.0	0.0	0.0	0.0	0.0	0.0	0.0	0.0	0.0	0.0	0.0	0.0	0.0	0.0	0.0	0.0	0.0	0.0	0.0	0.0	0.0	0.0	0.0	0.0	0.0	0.0	0.0	0.0	0.0	0.0	0.0	0.0	0.0	0.0	0.0	0.0	0.0	0.0	0.0	0.0	0.0
S2017t3_E30-T3b-Female	0.04079575862478447	-0.0024532187001854917	-0.04066051812368808	-0.0176056757416686	-0.029954814166237863	-0.003945983922073421	0.04099777967398577	-0.004774019949144544	-0.017503107136192058	0.012190648857635383	-0.010015334865556341	0.003638316794936373	0.01042702103328295	-0.0010454681460594392	0.0069967021783059555	0.001296388760835799	-0.0005205904321123984	-0.00862803747914784	-0.00851746405061935	-0.0008018456880890433	0.010833846114259991	0.00811776210203953	-0.001465629102305309	-0.0005184937219516552	0.0022823605465163255	-0.0016759448025114273	0.000422911419269064	0.0001819734556840576	7.292574187395623e-05	-0.0004208597149071797	0.0008364044512313072	0.00014688840184702315	-5.002663345976883e-05	-4.62524270165158e-05	-5.315176443014441e-05	9.07859540637471e-06	-6.789474627832508e-07	0.0	-0.0	0.0	-0.0	0.0	0.0	-0.0	-0.0	0.0	0.0	0.0	0.0	0.0	0.0	-0.0	0.0	0.0	-0.0	0.0	0.0	0.0	0.0	0.0	-0.0	-0.0	0.0	-0.0	-0.0	-0.0	0.0	0.0	0.0	-0.0	0.0	-0.0	0.0	0.0	0.0	-0.0	-0.0	0.0	0.0	-0.0	-0.0	0.0	0.0	0.0	-0.0	0.0	-0.0	0.0	-0.0	-0.0	-0.0	0.0	0.0	0.0	0.0	0.0	0.0	0.0	0.0	0.0	0.0	0.0	0.0	0.0	0.0	0.0	0.0	0.0	0.0	0.0	0.0	0.0	0.0	0.0	0.0	0.0	0.0	0.0	0.0	0.0	0.0	0.0	0.0	0.0	0.0	0.0	0.0	0.0	0.0	0.0	0.0	0.0	0.0	0.0	0.0	0.0	0.0	0.0	0.0	0.0	0.0	0.0	0.0	0.0	0.0	0.0	0.0	0.0	0.0	0.0	0.0	0.0	0.0	0.0	0.0	0.0	0.0	0.0	0.0	0.0	0.0	0.0	0.0	0.0	0.0	0.0	0.0	0.0	0.0	0.0	0.0	0.0	0.0	0.0	0.0	0.0	0.0	0.0	0.0	0.0	0.0	0.0	0.0	0.0	0.0	0.0	0.0	0.0	0.0	0.0	0.0	0.0	0.0	0.0
S2017t3_E30-T3b-Male	0.042463812894275164	0.008196148231498094	-0.006672611722318812	0.001653534813536375	-0.010938068593101813	0.013843121896136837	-0.011755941795953337	-0.004896216577926458	0.0066509646289784115	0.006180742561856232	-0.0005893444399446075	0.0035700891770688078	0.008882107181169968	-0.005977783880113973	0.002964569699078763	0.0003539361203988152	-0.00018521148891444464	-0.0007166359344871648	0.0016685066516281743	0.0006137080128830661	0.0004924680215026928	-0.0009420892690858668	0.0006621577181230473	-0.002973213481069996	0.0009582999765835394	-0.002459435028901715	0.0010455712138928925	0.00017803523508336345	0.0004513810654516914	0.00019218598116483578	0.0005812215885877335	-5.770082458940455e-05	-5.9228979701776386e-05	2.7414503781383697e-05	-0.00013439780241474003	0.00013769579845034684	3.842959432310694e-07	0.0	-0.0	0.0	-0.0	0.0	0.0	-0.0	-0.0	0.0	0.0	0.0	0.0	0.0	0.0	0.0	0.0	-0.0	-0.0	0.0	0.0	0.0	0.0	-0.0	0.0	0.0	0.0	0.0	-0.0	-0.0	0.0	0.0	-0.0	-0.0	-0.0	0.0	-0.0	-0.0	-0.0	-0.0	-0.0	0.0	0.0	-0.0	-0.0	0.0	0.0	0.0	-0.0	0.0	-0.0	0.0	-0.0	-0.0	-0.0	0.0	0.0	0.0	0.0	0.0	0.0	0.0	0.0	0.0	0.0	0.0	0.0	0.0	0.0	0.0	0.0	0.0	0.0	0.0	0.0	0.0	0.0	0.0	0.0	0.0	0.0	0.0	0.0	0.0	0.0	0.0	0.0	0.0	0.0	0.0	0.0	0.0	0.0	0.0	0.0	0.0	0.0	0.0	0.0	0.0	0.0	0.0	0.0	0.0	0.0	0.0	0.0	0.0	0.0	0.0	0.0	0.0	0.0	0.0	0.0	0.0	0.0	0.0	0.0	0.0	0.0	0.0	0.0	0.0	0.0	0.0	0.0	0.0	0.0	0.0	0.0	0.0	0.0	0.0	0.0	0.0	0.0	0.0	0.0	0.0	0.0	0.0	0.0	0.0	0.0	0.0	0.0	0.0	0.0	0.0	0.0	0.0	0.0	0.0	0.0	0.0	0.0	0.0
S2017t3F_E11-T3b-Female	0.05529015978071718	0.040669810371340466	0.00733859711487894	0.009742729477473759	-0.02768291695697988	-0.025311019424996577	0.008998268815405941	3.1555387361717747e-05	0.0266887787593028	-0.006593847505763643	-0.017869196987574828	-0.007984323556459352	-0.017760362882522442	-0.0030090566603196887	-0.010698592171691822	-0.00594922593323274	-0.0034701689759227415	0.004128714173577356	-0.0008817143342155022	0.0022985014228492436	0.00033364531894750527	0.0004953789252439627	-7.147568238158151e-05	-0.000947011778613432	-0.0010795813207434485	0.0017468544601272778	-0.00122886547307624	0.0002379565231313225	0.00025739370543509794	-0.00020335359881566573	-0.0002450305356185511	1.2628424088664871e-05	4.180244496381346e-05	-5.026680142392616e-05	1.3978912368816586e-05	-2.8090947502338244e-05	8.08706413545598e-07	0.0	-0.0	0.0	-0.0	0.0	0.0	-0.0	-0.0	0.0	0.0	0.0	0.0	0.0	-0.0	0.0	0.0	-0.0	0.0	-0.0	0.0	-0.0	0.0	-0.0	0.0	0.0	0.0	0.0	-0.0	-0.0	0.0	0.0	-0.0	0.0	-0.0	-0.0	0.0	-0.0	-0.0	0.0	-0.0	0.0	0.0	-0.0	-0.0	0.0	0.0	0.0	-0.0	0.0	-0.0	0.0	-0.0	-0.0	-0.0	0.0	0.0	0.0	0.0	0.0	0.0	0.0	0.0	0.0	0.0	0.0	0.0	0.0	0.0	0.0	0.0	0.0	0.0	0.0	0.0	0.0	0.0	0.0	0.0	0.0	0.0	0.0	0.0	0.0	0.0	0.0	0.0	0.0	0.0	0.0	0.0	0.0	0.0	0.0	0.0	0.0	0.0	0.0	0.0	0.0	0.0	0.0	0.0	0.0	0.0	0.0	0.0	0.0	0.0	0.0	0.0	0.0	0.0	0.0	0.0	0.0	0.0	0.0	0.0	0.0	0.0	0.0	0.0	0.0	0.0	0.0	0.0	0.0	0.0	0.0	0.0	0.0	0.0	0.0	0.0	0.0	0.0	0.0	0.0	0.0	0.0	0.0	0.0	0.0	0.0	0.0	0.0	0.0	0.0	0.0	0.0	0.0	0.0	0.0	0.0	0.0	0.0	0.0
S2017t3F_E13-T3a-Female	0.04660326694983946	0.021537619062692158	0.00955909085422929	0.0019246678682558768	-0.03261859116805961	0.007151765798625851	0.006795383601512642	-0.01025095479631326	-0.0022605051519930465	-0.0031276934205268095	-0.004068354151478215	0.0034386008701831608	-0.009831996836791175	0.006326802842774502	-0.0018090583357339791	-0.0006270347721046336	0.0023037586296249892	-0.0020264846163802466	0.0009728531375490157	0.0005433984193998499	-0.001660726604088772	-0.000220392895556517	-0.0009250144143555212	0.0008511163557785731	-8.537806347716261e-05	0.0004414453210440429	-8.95477077675958e-05	0.00022596174388200165	-0.00018609577149219543	0.00017935531013258372	-0.0002451714148391493	0.0005907152868847258	0.0015627353080172697	7.214279064208971e-05	0.00038490141855864395	-0.00027662110282211053	4.0277558230223415e-06	0.0	-0.0	0.0	-0.0	0.0	0.0	-0.0	-0.0	0.0	0.0	0.0	0.0	0.0	-0.0	0.0	0.0	-0.0	-0.0	-0.0	0.0	-0.0	0.0	-0.0	-0.0	0.0	0.0	0.0	-0.0	-0.0	0.0	0.0	0.0	-0.0	-0.0	0.0	-0.0	0.0	-0.0	-0.0	-0.0	0.0	0.0	-0.0	-0.0	0.0	0.0	0.0	-0.0	0.0	-0.0	0.0	-0.0	-0.0	-0.0	0.0	0.0	0.0	0.0	0.0	0.0	0.0	0.0	0.0	0.0	0.0	0.0	0.0	0.0	0.0	0.0	0.0	0.0	0.0	0.0	0.0	0.0	0.0	0.0	0.0	0.0	0.0	0.0	0.0	0.0	0.0	0.0	0.0	0.0	0.0	0.0	0.0	0.0	0.0	0.0	0.0	0.0	0.0	0.0	0.0	0.0	0.0	0.0	0.0	0.0	0.0	0.0	0.0	0.0	0.0	0.0	0.0	0.0	0.0	0.0	0.0	0.0	0.0	0.0	0.0	0.0	0.0	0.0	0.0	0.0	0.0	0.0	0.0	0.0	0.0	0.0	0.0	0.0	0.0	0.0	0.0	0.0	0.0	0.0	0.0	0.0	0.0	0.0	0.0	0.0	0.0	0.0	0.0	0.0	0.0	0.0	0.0	0.0	0.0	0.0	0.0	0.0	0.0
S2017t3F_E13-T3b-Female	0.05203236755064941	0.03196799245527888	0.005924975792569164	0.012097825522882404	-0.022225451108523434	-0.02559013276975053	0.0028546633651921967	-0.012417903776806129	0.011491059485983609	-0.005630386674059196	-0.009954024833847792	0.009143156449913332	-0.0068152786702988764	0.0049508918220615	-0.001775448858312608	9.015295976026605e-05	0.001122703986454102	-0.0032183496200008693	0.0019527965489531782	0.000537378727778756	-0.001536800064440504	0.0005467323936026054	-0.002353176356883505	-0.00036060259207269937	-0.0012100607964190373	0.0004460243383217909	-0.000886186459686942	0.002913238396983298	2.97693109832252e-07	-3.7692455090007634e-05	0.00040028945742364916	0.00017232876806000995	0.00019351456734719225	2.9837769654688986e-05	3.373816547531561e-05	5.800437977565283e-05	-3.0855487605913486e-06	0.0	0.0	0.0	-0.0	0.0	0.0	-0.0	0.0	-0.0	-0.0	0.0	0.0	-0.0	-0.0	-0.0	-0.0	0.0	0.0	-0.0	0.0	0.0	0.0	0.0	0.0	0.0	0.0	0.0	0.0	-0.0	0.0	-0.0	0.0	-0.0	-0.0	-0.0	-0.0	-0.0	-0.0	-0.0	0.0	0.0	0.0	-0.0	-0.0	-0.0	-0.0	0.0	-0.0	-0.0	0.0	-0.0	0.0	-0.0	0.0	-0.0	-0.0	0.0	0.0	0.0	0.0	0.0	0.0	0.0	0.0	0.0	0.0	0.0	0.0	0.0	0.0	0.0	0.0	0.0	0.0	0.0	0.0	0.0	0.0	0.0	0.0	0.0	0.0	0.0	0.0	0.0	0.0	0.0	0.0	0.0	0.0	0.0	0.0	0.0	0.0	0.0	0.0	0.0	0.0	0.0	0.0	0.0	0.0	0.0	0.0	0.0	0.0	0.0	0.0	0.0	0.0	0.0	0.0	0.0	0.0	0.0	0.0	0.0	0.0	0.0	0.0	0.0	0.0	0.0	0.0	0.0	0.0	0.0	0.0	0.0	0.0	0.0	0.0	0.0	0.0	0.0	0.0	0.0	0.0	0.0	0.0	0.0	0.0	0.0	0.0	0.0	0.0	0.0	0.0	0.0	0.0	0.0	0.0	0.0	0.0	0.0	0.0	0.0
S2017t3F_E14-T3a-Female	0.0520323684286989	0.03196799404966803	0.005924976851274103	0.012097828804165918	-0.022225445540613478	-0.025590134225393697	0.0028546636288403543	-0.012417898151740575	0.011491059945112627	-0.005630387357846546	-0.00995403156265569	0.00914316301996569	-0.006815268284379377	0.0049508903089205605	-0.0017754538490780685	9.016502956137642e-05	0.001122698164375352	-0.0032183459034535082	0.0019527944223755092	0.0005373730470925122	-0.0015367804255618834	0.0005467207219674527	-0.0023531895711761536	-0.000360594726059992	-0.0012100694413904418	0.0004459915747890244	-0.0008862182053733279	0.0029132708953374708	3.076311749645029e-07	-3.7671150483204455e-05	0.0004003042667007152	0.00017239221308031424	0.000193523615417638	2.9975274710298146e-05	3.382224105928624e-05	5.820835289932663e-05	-3.1445854058837156e-06	0.0	-0.0	0.0	-0.0	0.0	0.0	-0.0	-0.0	0.0	0.0	0.0	0.0	0.0	0.0	0.0	0.0	-0.0	-0.0	0.0	-0.0	-0.0	-0.0	-0.0	-0.0	-0.0	-0.0	-0.0	-0.0	-0.0	0.0	0.0	-0.0	0.0	0.0	0.0	0.0	0.0	0.0	0.0	-0.0	0.0	0.0	-0.0	-0.0	0.0	0.0	0.0	-0.0	0.0	-0.0	0.0	-0.0	-0.0	-0.0	0.0	0.0	0.0	0.0	0.0	0.0	0.0	0.0	0.0	0.0	0.0	0.0	0.0	0.0	0.0	0.0	0.0	0.0	0.0	0.0	0.0	0.0	0.0	0.0	0.0	0.0	0.0	0.0	0.0	0.0	0.0	0.0	0.0	0.0	0.0	0.0	0.0	0.0	0.0	0.0	0.0	0.0	0.0	0.0	0.0	0.0	0.0	0.0	0.0	0.0	0.0	0.0	0.0	0.0	0.0	0.0	0.0	0.0	0.0	0.0	0.0	0.0	0.0	0.0	0.0	0.0	0.0	0.0	0.0	0.0	0.0	0.0	0.0	0.0	0.0	0.0	0.0	0.0	0.0	0.0	0.0	0.0	0.0	0.0	0.0	0.0	0.0	0.0	0.0	0.0	0.0	0.0	0.0	0.0	0.0	0.0	0.0	0.0	0.0	0.0	0.0	0.0	0.0
S2017t3F_E14-T3b-Female	0.05224946364956052	0.023078938316480013	-0.010934381940317732	0.012665375828437096	-0.00962813175498804	-0.01748567737577002	-0.020405294492886195	-0.01411809851998261	0.02749669592343863	0.003992295964811815	-0.013274547264000777	0.012374299214506541	-0.009566855686382863	0.003498710874283358	-0.004084777217229304	-0.0015420686459846839	7.1448565083469694e-06	-0.0038039194674332898	0.003193797853544425	-0.0004993105025864093	0.0017194814377431123	4.244458645128785e-06	0.000257153244149833	-0.002152047780384936	-0.001677562584774599	0.0014158448147886344	-0.0006802546815157168	0.001649353416723301	0.00013842869263166262	-0.000617535596337378	0.0006271264931284739	-0.0001964795181432245	-0.00030439525544810603	6.258491248059931e-05	-3.05023034961681e-05	-6.245399322269819e-05	4.399599805950051e-06	0.0	-0.0	0.0	-0.0	0.0	0.0	-0.0	-0.0	0.0	0.0	0.0	0.0	0.0	-0.0	0.0	0.0	-0.0	0.0	-0.0	-0.0	-0.0	0.0	-0.0	0.0	0.0	0.0	-0.0	-0.0	-0.0	0.0	0.0	-0.0	-0.0	-0.0	0.0	0.0	-0.0	0.0	-0.0	0.0	0.0	0.0	-0.0	-0.0	0.0	0.0	0.0	-0.0	0.0	-0.0	0.0	-0.0	-0.0	-0.0	0.0	0.0	0.0	0.0	0.0	0.0	0.0	0.0	0.0	0.0	0.0	0.0	0.0	0.0	0.0	0.0	0.0	0.0	0.0	0.0	0.0	0.0	0.0	0.0	0.0	0.0	0.0	0.0	0.0	0.0	0.0	0.0	0.0	0.0	0.0	0.0	0.0	0.0	0.0	0.0	0.0	0.0	0.0	0.0	0.0	0.0	0.0	0.0	0.0	0.0	0.0	0.0	0.0	0.0	0.0	0.0	0.0	0.0	0.0	0.0	0.0	0.0	0.0	0.0	0.0	0.0	0.0	0.0	0.0	0.0	0.0	0.0	0.0	0.0	0.0	0.0	0.0	0.0	0.0	0.0	0.0	0.0	0.0	0.0	0.0	0.0	0.0	0.0	0.0	0.0	0.0	0.0	0.0	0.0	0.0	0.0	0.0	0.0	0.0	0.0	0.0	0.0	0.0
S2017t3F_E16-T3a-Female	0.05397484762669525	0.03335110997961594	0.00603755384532108	0.013387892164214743	-0.02496843000450772	-0.027455324748703127	0.00088630396478653	-0.012982503907859079	0.012118863790744724	-0.005892756462681224	-0.012455496119475941	0.010533878591898011	-0.006888188872931781	0.005691490017159106	-0.0006976130528346362	0.0003630122299382706	0.0006135410055235883	-0.00451668066995801	0.003058110545878156	-0.0034573129128898324	0.00115261176967351	-0.0021804375561292285	0.008789948692044811	0.004255281520559951	0.007879040423832894	-0.00548890283903313	0.0032180400420493064	-0.012011932484058612	-0.0006349661919420916	0.000810098851724729	-0.001610203245795291	-0.0001716981057760703	-6.690111030338272e-05	-0.00010613632195178054	-4.1552922002036674e-05	-7.910367221748916e-05	3.2195629311551967e-06	0.0	-0.0	0.0	-0.0	0.0	0.0	-0.0	-0.0	0.0	0.0	0.0	0.0	0.0	-0.0	0.0	0.0	-0.0	0.0	-0.0	-0.0	-0.0	-0.0	0.0	0.0	0.0	-0.0	-0.0	-0.0	-0.0	0.0	0.0	-0.0	0.0	-0.0	-0.0	0.0	-0.0	-0.0	0.0	0.0	0.0	0.0	-0.0	-0.0	0.0	0.0	0.0	-0.0	0.0	-0.0	0.0	-0.0	-0.0	-0.0	0.0	0.0	0.0	0.0	0.0	0.0	0.0	0.0	0.0	0.0	0.0	0.0	0.0	0.0	0.0	0.0	0.0	0.0	0.0	0.0	0.0	0.0	0.0	0.0	0.0	0.0	0.0	0.0	0.0	0.0	0.0	0.0	0.0	0.0	0.0	0.0	0.0	0.0	0.0	0.0	0.0	0.0	0.0	0.0	0.0	0.0	0.0	0.0	0.0	0.0	0.0	0.0	0.0	0.0	0.0	0.0	0.0	0.0	0.0	0.0	0.0	0.0	0.0	0.0	0.0	0.0	0.0	0.0	0.0	0.0	0.0	0.0	0.0	0.0	0.0	0.0	0.0	0.0	0.0	0.0	0.0	0.0	0.0	0.0	0.0	0.0	0.0	0.0	0.0	0.0	0.0	0.0	0.0	0.0	0.0	0.0	0.0	0.0	0.0	0.0	0.0	0.0	0.0
S2017t3F_E17-T3b-Female	-0.1251269846022281	0.05771249814531315	0.02618974460113896	-0.001771999117422317	-0.05536249304756542	0.00717018232309017	0.004780771461634558	-0.012530881300716263	0.02075983132371011	0.004906256856166345	-0.02311331909495639	-0.007480491911151262	-0.03642202655949231	-0.007255970016654092	-0.013717235826220212	-0.013881133097543095	-0.0024005621251060394	0.0035012531147110477	-0.00114930783268793	0.0038807047728807663	0.0019393143169685212	0.00036361110891163726	8.109950760644553e-05	-0.0011430159242792003	0.0017699508292956302	0.0007164729778888896	0.0010104769310753231	-0.0005962990301638748	0.00019766949645329794	0.0003261141677180029	-0.0005269754662615851	0.00010227749030509477	0.00023313463504753067	0.00042708947320922594	8.305256845452322e-05	3.932804102092657e-05	1.0041634831862014e-06	0.0	-0.0	0.0	-0.0	0.0	0.0	-0.0	-0.0	0.0	0.0	0.0	0.0	0.0	-0.0	-0.0	0.0	0.0	0.0	0.0	0.0	0.0	0.0	-0.0	-0.0	-0.0	0.0	-0.0	-0.0	-0.0	0.0	0.0	-0.0	-0.0	-0.0	-0.0	0.0	-0.0	-0.0	-0.0	0.0	0.0	0.0	-0.0	-0.0	0.0	0.0	0.0	-0.0	0.0	-0.0	0.0	-0.0	-0.0	-0.0	0.0	0.0	0.0	0.0	0.0	0.0	0.0	0.0	0.0	0.0	0.0	0.0	0.0	0.0	0.0	0.0	0.0	0.0	0.0	0.0	0.0	0.0	0.0	0.0	0.0	0.0	0.0	0.0	0.0	0.0	0.0	0.0	0.0	0.0	0.0	0.0	0.0	0.0	0.0	0.0	0.0	0.0	0.0	0.0	0.0	0.0	0.0	0.0	0.0	0.0	0.0	0.0	0.0	0.0	0.0	0.0	0.0	0.0	0.0	0.0	0.0	0.0	0.0	0.0	0.0	0.0	0.0	0.0	0.0	0.0	0.0	0.0	0.0	0.0	0.0	0.0	0.0	0.0	0.0	0.0	0.0	0.0	0.0	0.0	0.0	0.0	0.0	0.0	0.0	0.0	0.0	0.0	0.0	0.0	0.0	0.0	0.0	0.0	0.0	0.0	0.0	0.0	0.0
S2017t3F_E19-T3a-Female	0.04803564872088999	0.02600270486679535	0.0052039381409873155	0.010884745596867038	-0.013239763955849769	-0.023422962899556077	0.004005777574523178	-0.004924923220944869	0.006424594869262994	-0.005172078530139824	-0.0029919555703432194	0.005821184503463706	0.015093239817502319	-0.006324498620798092	0.005329486030795626	0.0016513269246902899	-0.0027480685838112444	-0.0004821043215607103	0.0008915819226625692	0.0005833369722832678	-0.0019502389207758247	0.0009608072028394967	0.0006437743374639454	-0.002547789423084909	-0.0005099070121814805	-0.0006580289973226012	8.671502793154678e-05	0.0003480511042185551	0.0006892720692771549	-0.0006858144723178264	0.0004274549508511961	-8.656906745830338e-05	-0.00010132471877422777	2.9419965135886776e-05	2.2618279074193692e-05	-5.2255130131557155e-05	2.1614837309400702e-06	0.0	-0.0	0.0	-0.0	0.0	0.0	-0.0	-0.0	0.0	0.0	0.0	0.0	0.0	-0.0	-0.0	0.0	-0.0	-0.0	0.0	0.0	0.0	-0.0	0.0	0.0	0.0	0.0	-0.0	-0.0	-0.0	0.0	0.0	-0.0	0.0	-0.0	-0.0	-0.0	-0.0	0.0	-0.0	-0.0	0.0	0.0	-0.0	-0.0	0.0	0.0	0.0	-0.0	0.0	-0.0	0.0	-0.0	-0.0	-0.0	0.0	0.0	0.0	0.0	0.0	0.0	0.0	0.0	0.0	0.0	0.0	0.0	0.0	0.0	0.0	0.0	0.0	0.0	0.0	0.0	0.0	0.0	0.0	0.0	0.0	0.0	0.0	0.0	0.0	0.0	0.0	0.0	0.0	0.0	0.0	0.0	0.0	0.0	0.0	0.0	0.0	0.0	0.0	0.0	0.0	0.0	0.0	0.0	0.0	0.0	0.0	0.0	0.0	0.0	0.0	0.0	0.0	0.0	0.0	0.0	0.0	0.0	0.0	0.0	0.0	0.0	0.0	0.0	0.0	0.0	0.0	0.0	0.0	0.0	0.0	0.0	0.0	0.0	0.0	0.0	0.0	0.0	0.0	0.0	0.0	0.0	0.0	0.0	0.0	0.0	0.0	0.0	0.0	0.0	0.0	0.0	0.0	0.0	0.0	0.0	0.0	0.0	0.0
S2017t3F_E19-T3b-Female	0.04253840578897051	0.016216005218692042	0.008701382068762687	0.0010624220036272597	-0.02302294938529966	0.006900920503798609	0.008056718437276043	-0.0029674975588383397	-0.00637372084017766	-0.0028077109258104263	0.002165972200047719	0.001314040597254603	0.0106022805985607	-0.0037607680058833227	0.004747953747521562	0.0005248564132287142	-0.0002905509615813086	-0.0009070374658462215	0.0006274095582192919	0.0013177584854199725	-0.0018587926916117706	-0.00019727214784581382	0.0008289034061231123	-0.0006731779078723966	-0.0006218530027064619	0.0002588349584070313	0.0016080584470645524	-9.319066784561358e-05	0.0002146831589812064	0.0001226126477518257	0.0001327644143469149	1.2356341977809923e-05	5.2087989940093025e-05	-7.317443558224877e-05	1.6993154066595576e-05	-7.084964933266368e-06	-1.5218943455244041e-06	-0.0	-0.0	-0.0	-0.0	-0.0	-0.0	0.0	0.0	0.0	0.0	-0.0	-0.0	-0.0	0.0	0.0	-0.0	-0.0	-0.0	0.0	0.0	0.0	-0.0	-0.0	0.0	-0.0	-0.0	0.0	-0.0	-0.0	-0.0	0.0	0.0	0.0	0.0	0.0	-0.0	0.0	-0.0	0.0	-0.0	0.0	0.0	-0.0	-0.0	-0.0	0.0	0.0	-0.0	0.0	-0.0	-0.0	0.0	-0.0	0.0	-0.0	-0.0	0.0	0.0	0.0	0.0	0.0	0.0	0.0	0.0	0.0	0.0	0.0	0.0	0.0	0.0	0.0	0.0	0.0	0.0	0.0	0.0	0.0	0.0	0.0	0.0	0.0	0.0	0.0	0.0	0.0	0.0	0.0	0.0	0.0	0.0	0.0	0.0	0.0	0.0	0.0	0.0	0.0	0.0	0.0	0.0	0.0	0.0	0.0	0.0	0.0	0.0	0.0	0.0	0.0	0.0	0.0	0.0	0.0	0.0	0.0	0.0	0.0	0.0	0.0	0.0	0.0	0.0	0.0	0.0	0.0	0.0	0.0	0.0	0.0	0.0	0.0	0.0	0.0	0.0	0.0	0.0	0.0	0.0	0.0	0.0	0.0	0.0	0.0	0.0	0.0	0.0	0.0	0.0	0.0	0.0	0.0	0.0	0.0	0.0	0.0	0.0	0.0
S2017t3F_E23-T3a-Female	0.06125237508501004	-0.0039403135211053975	0.026909694541769162	-0.04514816356836981	-0.0019355381963546893	0.010306828956837552	-0.016327305267858888	-0.027394612031234732	0.01759535010111551	0.002097580958220101	-0.011092957797289783	0.008878119738396976	-0.026587018391054595	0.009635244188268043	-0.00434639253403065	-0.003247920945936294	0.0035541796831366837	-0.004636461878989086	0.003960047766759424	0.0009631686594098445	0.0009950651413664856	-0.0003842588172781779	-0.0018610551627028405	0.001275788375138258	0.0008638823956129568	0.0017256515690561819	0.0008596819672601298	-0.00011958580151195587	0.00015436531155033558	-2.5895180660295655e-05	-4.607650449960799e-05	0.00010999566121269983	9.83697163533002e-05	1.6761614135547458e-05	-3.5975541679131156e-05	8.269567713582954e-05	-2.060692644851054e-06	0.0	-0.0	0.0	-0.0	0.0	0.0	-0.0	-0.0	0.0	0.0	0.0	0.0	0.0	0.0	-0.0	0.0	0.0	-0.0	0.0	0.0	0.0	-0.0	-0.0	-0.0	-0.0	-0.0	0.0	-0.0	-0.0	0.0	0.0	0.0	-0.0	0.0	-0.0	-0.0	0.0	0.0	-0.0	-0.0	0.0	0.0	-0.0	-0.0	0.0	0.0	0.0	-0.0	0.0	-0.0	0.0	-0.0	-0.0	-0.0	0.0	0.0	0.0	0.0	0.0	0.0	0.0	0.0	0.0	0.0	0.0	0.0	0.0	0.0	0.0	0.0	0.0	0.0	0.0	0.0	0.0	0.0	0.0	0.0	0.0	0.0	0.0	0.0	0.0	0.0	0.0	0.0	0.0	0.0	0.0	0.0	0.0	0.0	0.0	0.0	0.0	0.0	0.0	0.0	0.0	0.0	0.0	0.0	0.0	0.0	0.0	0.0	0.0	0.0	0.0	0.0	0.0	0.0	0.0	0.0	0.0	0.0	0.0	0.0	0.0	0.0	0.0	0.0	0.0	0.0	0.0	0.0	0.0	0.0	0.0	0.0	0.0	0.0	0.0	0.0	0.0	0.0	0.0	0.0	0.0	0.0	0.0	0.0	0.0	0.0	0.0	0.0	0.0	0.0	0.0	0.0	0.0	0.0	0.0	0.0	0.0	0.0	0.0
S2017t3F_E23-T3b-Female	0.04660327186656456	0.021537626954400774	0.009559089797748149	0.0019246619102322518	-0.03261860127985216	0.00715177400410439	0.006795389467467813	-0.010250957463259231	-0.002260504481893794	-0.003127661370318681	-0.004068361082014558	0.003438637975526996	-0.009831947383632415	0.006326766241955845	-0.0018090585332065285	-0.0006270059012732525	0.0023037357121478506	-0.0020265180312937646	0.0009728393426266095	0.0005434511626155855	-0.001660676329911156	-0.00022046908272817652	-0.0009250232415139249	0.0008511106955353486	-8.54219060511799e-05	0.00044143766093737556	-8.958666309613023e-05	0.00022598354965803604	-0.00018594169388447658	0.00017928851149471867	-0.0002452716290533784	0.0005906374911922253	0.0015627049677675961	7.199917288383309e-05	0.00038485599467152345	-0.00027691942837592955	4.100115835326928e-06	0.0	-0.0	0.0	-0.0	0.0	0.0	-0.0	-0.0	0.0	0.0	0.0	0.0	0.0	0.0	-0.0	0.0	0.0	-0.0	0.0	-0.0	-0.0	0.0	0.0	-0.0	0.0	0.0	0.0	-0.0	-0.0	0.0	0.0	0.0	-0.0	-0.0	0.0	0.0	-0.0	0.0	-0.0	0.0	0.0	0.0	-0.0	-0.0	0.0	0.0	0.0	-0.0	0.0	-0.0	0.0	-0.0	-0.0	-0.0	0.0	0.0	0.0	0.0	0.0	0.0	0.0	0.0	0.0	0.0	0.0	0.0	0.0	0.0	0.0	0.0	0.0	0.0	0.0	0.0	0.0	0.0	0.0	0.0	0.0	0.0	0.0	0.0	0.0	0.0	0.0	0.0	0.0	0.0	0.0	0.0	0.0	0.0	0.0	0.0	0.0	0.0	0.0	0.0	0.0	0.0	0.0	0.0	0.0	0.0	0.0	0.0	0.0	0.0	0.0	0.0	0.0	0.0	0.0	0.0	0.0	0.0	0.0	0.0	0.0	0.0	0.0	0.0	0.0	0.0	0.0	0.0	0.0	0.0	0.0	0.0	0.0	0.0	0.0	0.0	0.0	0.0	0.0	0.0	0.0	0.0	0.0	0.0	0.0	0.0	0.0	0.0	0.0	0.0	0.0	0.0	0.0	0.0	0.0	0.0	0.0	0.0	0.0
S2017t3F_E30-T3a-Female	0.048660964839375695	0.02719696301661999	-0.0024714760710646214	-0.010969895495141702	-0.02665993045421782	0.0038439100409361	0.017203663864950113	0.017577974225768848	-0.012091482615852309	0.019715834072341586	-0.023162374907531067	-0.018545419126492473	-0.00016988418942358438	-0.007452605517867488	-0.0039009275986245195	-0.0023018390736370305	-0.00445090564126427	0.006422103444706546	-0.0029703870673188446	-0.002137321569672163	0.002874202684226519	0.0027048804575024628	-0.0034290268704927473	0.0001981042777719587	0.00207413009165626	-0.0021205748121533165	3.0293844701518438e-05	0.00042781049963045803	-1.9076345795129518e-05	-0.00012075802121199199	0.00011605792954260705	5.800445757994261e-05	2.7764994191428185e-05	1.0767169388919558e-06	-7.014344907920487e-06	-2.1387030961843255e-05	9.73151846091049e-07	0.0	-0.0	0.0	-0.0	0.0	0.0	-0.0	-0.0	0.0	0.0	0.0	0.0	0.0	0.0	0.0	0.0	0.0	0.0	-0.0	0.0	-0.0	0.0	0.0	-0.0	-0.0	0.0	-0.0	-0.0	-0.0	0.0	0.0	-0.0	0.0	-0.0	0.0	-0.0	-0.0	-0.0	0.0	0.0	0.0	0.0	-0.0	-0.0	0.0	0.0	0.0	-0.0	0.0	-0.0	0.0	-0.0	-0.0	-0.0	0.0	0.0	0.0	0.0	0.0	0.0	0.0	0.0	0.0	0.0	0.0	0.0	0.0	0.0	0.0	0.0	0.0	0.0	0.0	0.0	0.0	0.0	0.0	0.0	0.0	0.0	0.0	0.0	0.0	0.0	0.0	0.0	0.0	0.0	0.0	0.0	0.0	0.0	0.0	0.0	0.0	0.0	0.0	0.0	0.0	0.0	0.0	0.0	0.0	0.0	0.0	0.0	0.0	0.0	0.0	0.0	0.0	0.0	0.0	0.0	0.0	0.0	0.0	0.0	0.0	0.0	0.0	0.0	0.0	0.0	0.0	0.0	0.0	0.0	0.0	0.0	0.0	0.0	0.0	0.0	0.0	0.0	0.0	0.0	0.0	0.0	0.0	0.0	0.0	0.0	0.0	0.0	0.0	0.0	0.0	0.0	0.0	0.0	0.0	0.0	0.0	0.0	0.0
S2017t3M_E11-T3b-Male	0.046603279214646076	0.02153763476683614	0.009559089196188086	0.0019246602850250605	-0.03261861566280445	0.0071517560491523215	0.006795375676124269	-0.010250972393781428	-0.002260503730550687	-0.00312767767043756	-0.004068360703079618	0.0034386529252497934	-0.009831942882981613	0.006326793358464587	-0.0018090691067880094	-0.0006270044311848175	0.002303766822749211	-0.002026474622104852	0.0009728639476599821	0.0005434135763323917	-0.0016607256634848426	-0.00022036031093067114	-0.0009250062914937555	0.000851043454489726	-8.542750866155624e-05	0.00044146079073610416	-8.951692444191382e-05	0.00022606684293023118	-0.0001861843099069387	0.00017927243438184293	-0.0002453680948837746	0.000590639461142561	0.0015628858797270345	7.238043366566053e-05	0.0003843889254755556	-0.0002767439682059547	3.0536914285537685e-06	0.0	-0.0	0.0	-0.0	0.0	0.0	-0.0	-0.0	0.0	0.0	0.0	0.0	0.0	-0.0	0.0	0.0	-0.0	0.0	0.0	0.0	-0.0	0.0	0.0	0.0	-0.0	-0.0	-0.0	-0.0	-0.0	0.0	0.0	-0.0	0.0	0.0	-0.0	0.0	-0.0	-0.0	-0.0	0.0	0.0	0.0	-0.0	-0.0	0.0	0.0	0.0	-0.0	0.0	-0.0	0.0	-0.0	-0.0	-0.0	0.0	0.0	0.0	0.0	0.0	0.0	0.0	0.0	0.0	0.0	0.0	0.0	0.0	0.0	0.0	0.0	0.0	0.0	0.0	0.0	0.0	0.0	0.0	0.0	0.0	0.0	0.0	0.0	0.0	0.0	0.0	0.0	0.0	0.0	0.0	0.0	0.0	0.0	0.0	0.0	0.0	0.0	0.0	0.0	0.0	0.0	0.0	0.0	0.0	0.0	0.0	0.0	0.0	0.0	0.0	0.0	0.0	0.0	0.0	0.0	0.0	0.0	0.0	0.0	0.0	0.0	0.0	0.0	0.0	0.0	0.0	0.0	0.0	0.0	0.0	0.0	0.0	0.0	0.0	0.0	0.0	0.0	0.0	0.0	0.0	0.0	0.0	0.0	0.0	0.0	0.0	0.0	0.0	0.0	0.0	0.0	0.0	0.0	0.0	0.0	0.0	0.0	0.0
S2017t3M_E13-T3a-Male	0.04663265986566461	0.013205555008399737	-0.006628483971880804	0.0026142584025559633	-0.01992101307605423	0.015076924871726651	-0.014700899070645219	-0.01255782542902893	0.012151599976932919	0.006205491733213263	-0.007157597328568844	0.006076370875619899	-0.012771854577267198	0.005370030415452018	-0.003995783347658488	-0.0013029368005045645	0.0021853467524700883	-0.002294911707657683	0.0017698504752174553	0.00011174238297494364	0.0013311485856557135	-9.266097387413147e-05	-0.0005427834939661901	-0.0005132997181362606	0.0006024227400074615	-0.0011159296309013636	-0.00030242455987816643	-0.0001199841981197025	-6.42331925482916e-05	9.719586023865282e-05	-0.00010945969568692038	5.460429486721751e-05	0.00010267910959994624	-1.1910567628358955e-05	2.5381736661277663e-05	-6.4329903704540855e-06	-1.2320985478670974e-06	0.0	-0.0	0.0	-0.0	0.0	0.0	-0.0	-0.0	0.0	0.0	0.0	0.0	0.0	-0.0	0.0	0.0	-0.0	0.0	0.0	0.0	0.0	-0.0	0.0	-0.0	0.0	0.0	0.0	-0.0	-0.0	0.0	0.0	0.0	-0.0	0.0	0.0	0.0	-0.0	0.0	0.0	0.0	0.0	0.0	-0.0	-0.0	0.0	0.0	0.0	-0.0	0.0	-0.0	0.0	-0.0	-0.0	-0.0	0.0	0.0	0.0	0.0	0.0	0.0	0.0	0.0	0.0	0.0	0.0	0.0	0.0	0.0	0.0	0.0	0.0	0.0	0.0	0.0	0.0	0.0	0.0	0.0	0.0	0.0	0.0	0.0	0.0	0.0	0.0	0.0	0.0	0.0	0.0	0.0	0.0	0.0	0.0	0.0	0.0	0.0	0.0	0.0	0.0	0.0	0.0	0.0	0.0	0.0	0.0	0.0	0.0	0.0	0.0	0.0	0.0	0.0	0.0	0.0	0.0	0.0	0.0	0.0	0.0	0.0	0.0	0.0	0.0	0.0	0.0	0.0	0.0	0.0	0.0	0.0	0.0	0.0	0.0	0.0	0.0	0.0	0.0	0.0	0.0	0.0	0.0	0.0	0.0	0.0	0.0	0.0	0.0	0.0	0.0	0.0	0.0	0.0	0.0	0.0	0.0	0.0	0.0
S2017t3M_E14-T3a-Male	0.048809364784209414	0.02273477833619123	0.00946496632740147	0.0022501963441719057	-0.03645614289690039	0.00769704929666242	0.005401066343430382	-0.011075377742847331	-0.0029961896507777535	-0.004094214178995031	-0.005378491471647426	0.004215968479743681	-0.011027581663323977	0.006725716145769786	-0.0010710303975433406	-0.00031627160042608615	0.002366830946067114	-0.0020142223484965853	-0.00024271795967993054	-0.00043596639633085386	-0.0030536124688722356	0.0003141271126125952	-0.00047026711368094504	-0.00014624868757503082	-0.0010490272573909045	-0.0006048964972978127	0.001074473251400118	0.0009326114839802028	0.0002444837122050953	-0.00010884282509984068	0.0007094623769221976	-0.001419802657271151	-0.0035399250205277433	-0.00015470036616329	-0.0008173131794740621	0.0005284086860936045	-6.489413878354744e-06	0.0	0.0	-0.0	-0.0	-0.0	0.0	0.0	0.0	0.0	-0.0	-0.0	0.0	-0.0	-0.0	-0.0	-0.0	0.0	-0.0	0.0	0.0	0.0	-0.0	-0.0	-0.0	-0.0	-0.0	0.0	-0.0	-0.0	0.0	-0.0	0.0	0.0	-0.0	-0.0	0.0	0.0	0.0	-0.0	-0.0	-0.0	0.0	0.0	-0.0	-0.0	-0.0	-0.0	-0.0	0.0	0.0	0.0	-0.0	0.0	-0.0	0.0	0.0	0.0	0.0	0.0	0.0	0.0	0.0	0.0	0.0	0.0	0.0	0.0	0.0	0.0	0.0	0.0	0.0	0.0	0.0	0.0	0.0	0.0	0.0	0.0	0.0	0.0	0.0	0.0	0.0	0.0	0.0	0.0	0.0	0.0	0.0	0.0	0.0	0.0	0.0	0.0	0.0	0.0	0.0	0.0	0.0	0.0	0.0	0.0	0.0	0.0	0.0	0.0	0.0	0.0	0.0	0.0	0.0	0.0	0.0	0.0	0.0	0.0	0.0	0.0	0.0	0.0	0.0	0.0	0.0	0.0	0.0	0.0	0.0	0.0	0.0	0.0	0.0	0.0	0.0	0.0	0.0	0.0	0.0	0.0	0.0	0.0	0.0	0.0	0.0	0.0	0.0	0.0	0.0	0.0	0.0	0.0	0.0	0.0	0.0	0.0	0.0	0.0
S2017t3M_E14-T3b-Male	0.04660326494835707	0.021537616318919966	0.009559091964667926	0.0019246650067139032	-0.03261858987809216	0.007151770350853681	0.006795382699531419	-0.010250962834002127	-0.002260501345116904	-0.0031277080248489	-0.004068349187163419	0.003438607838693201	-0.009831983838351729	0.006326775526366887	-0.0018090765550299597	-0.0006270615413995848	0.002303754556841982	-0.0020264992002463522	0.0009728696286846704	0.0005434212718381343	-0.0016607187612647967	-0.00022035128672417766	-0.0009249795398838757	0.000851110162338049	-8.533985903783074e-05	0.00044146892684616973	-8.954288878435089e-05	0.00022601277414601798	-0.00018605180120566896	0.00017921769312401103	-0.0002452537461948155	0.000590521583060626	0.0015627346870931175	7.203782163961395e-05	0.0003850214365346802	-0.00027684947529050456	6.882468631846407e-06	0.0	-0.0	0.0	-0.0	0.0	0.0	-0.0	-0.0	0.0	0.0	0.0	0.0	0.0	0.0	0.0	0.0	-0.0	-0.0	-0.0	0.0	0.0	-0.0	-0.0	-0.0	-0.0	-0.0	-0.0	-0.0	-0.0	0.0	0.0	0.0	0.0	0.0	-0.0	-0.0	0.0	-0.0	0.0	0.0	0.0	0.0	-0.0	-0.0	0.0	0.0	0.0	-0.0	0.0	-0.0	0.0	-0.0	-0.0	-0.0	0.0	0.0	0.0	0.0	0.0	0.0	0.0	0.0	0.0	0.0	0.0	0.0	0.0	0.0	0.0	0.0	0.0	0.0	0.0	0.0	0.0	0.0	0.0	0.0	0.0	0.0	0.0	0.0	0.0	0.0	0.0	0.0	0.0	0.0	0.0	0.0	0.0	0.0	0.0	0.0	0.0	0.0	0.0	0.0	0.0	0.0	0.0	0.0	0.0	0.0	0.0	0.0	0.0	0.0	0.0	0.0	0.0	0.0	0.0	0.0	0.0	0.0	0.0	0.0	0.0	0.0	0.0	0.0	0.0	0.0	0.0	0.0	0.0	0.0	0.0	0.0	0.0	0.0	0.0	0.0	0.0	0.0	0.0	0.0	0.0	0.0	0.0	0.0	0.0	0.0	0.0	0.0	0.0	0.0	0.0	0.0	0.0	0.0	0.0	0.0	0.0	0.0	0.0
S2017t3M_E16-T3a-Male	-0.13026439674275686	0.12771014272077538	0.015759537344726387	0.035553049592217334	0.04144662335941672	-0.02140031038575204	0.03997365569195348	-0.060726598679852944	0.028862554288743916	0.016545979332848605	0.014422061313751584	-0.03022972710806572	-0.01935334781566489	0.012274703163734383	-0.0067107658205314115	0.008861034486578689	0.0016051751419838176	0.0038443177721980723	0.002680499004064387	-0.0016630765948474095	7.184950346986249e-06	-8.422650195417734e-05	0.0006564773854581412	0.0007259317247053896	-0.0009183001989493551	-0.0003636131581483395	-0.00047651255436869283	0.00012316007795326774	-0.00011773875859495431	0.00010932952460175984	-5.7706845916109105e-05	-0.00022522466795039245	1.6136536850647366e-07	3.073757209516929e-06	8.941666695749825e-06	-6.933810014810796e-06	2.2676148108371092e-07	0.0	-0.0	0.0	-0.0	0.0	0.0	-0.0	-0.0	0.0	0.0	0.0	0.0	0.0	-0.0	0.0	0.0	0.0	0.0	-0.0	-0.0	-0.0	0.0	0.0	-0.0	0.0	0.0	0.0	-0.0	-0.0	0.0	0.0	-0.0	0.0	-0.0	0.0	0.0	-0.0	-0.0	0.0	0.0	0.0	0.0	-0.0	-0.0	0.0	0.0	0.0	-0.0	0.0	-0.0	0.0	-0.0	-0.0	-0.0	0.0	0.0	0.0	0.0	0.0	0.0	0.0	0.0	0.0	0.0	0.0	0.0	0.0	0.0	0.0	0.0	0.0	0.0	0.0	0.0	0.0	0.0	0.0	0.0	0.0	0.0	0.0	0.0	0.0	0.0	0.0	0.0	0.0	0.0	0.0	0.0	0.0	0.0	0.0	0.0	0.0	0.0	0.0	0.0	0.0	0.0	0.0	0.0	0.0	0.0	0.0	0.0	0.0	0.0	0.0	0.0	0.0	0.0	0.0	0.0	0.0	0.0	0.0	0.0	0.0	0.0	0.0	0.0	0.0	0.0	0.0	0.0	0.0	0.0	0.0	0.0	0.0	0.0	0.0	0.0	0.0	0.0	0.0	0.0	0.0	0.0	0.0	0.0	0.0	0.0	0.0	0.0	0.0	0.0	0.0	0.0	0.0	0.0	0.0	0.0	0.0	0.0	0.0
S2017t3M_E17-T3b-Male	-0.12109167295113521	0.041713924709944096	0.04133707766883349	-0.020531669192922063	-0.03367946026821087	0.0036379549778250537	0.0028373254425628877	-0.024449361026376175	0.014345483873769807	0.003944394832021425	-0.01574239233607337	0.034075563144744796	-0.023485981261580118	0.02874863804104167	-0.0024049714984977345	0.0008952763434571867	0.004611917937723638	-0.004677870196804052	-0.0007047146558384525	-0.0008618025687620079	-0.00046499644718510434	-0.0016123450968748858	-0.0030582421048852113	0.0018264137049001452	-0.00023160348981596368	-0.00035872885201305467	-0.0012541907311573307	0.0008853258178962642	-0.00028279594466421097	-0.00023362485513174532	0.0005745612648979477	0.0002257009389134258	-5.088884424193766e-05	-0.0004231792630704928	-7.827651194178273e-05	-5.382373051690549e-05	-7.082826184890254e-07	0.0	-0.0	0.0	-0.0	0.0	0.0	-0.0	-0.0	0.0	0.0	0.0	0.0	0.0	0.0	0.0	0.0	-0.0	-0.0	-0.0	-0.0	-0.0	0.0	0.0	0.0	0.0	0.0	-0.0	-0.0	-0.0	0.0	0.0	0.0	0.0	0.0	-0.0	-0.0	0.0	0.0	0.0	-0.0	0.0	0.0	-0.0	-0.0	0.0	0.0	0.0	-0.0	0.0	-0.0	0.0	-0.0	-0.0	-0.0	0.0	0.0	0.0	0.0	0.0	0.0	0.0	0.0	0.0	0.0	0.0	0.0	0.0	0.0	0.0	0.0	0.0	0.0	0.0	0.0	0.0	0.0	0.0	0.0	0.0	0.0	0.0	0.0	0.0	0.0	0.0	0.0	0.0	0.0	0.0	0.0	0.0	0.0	0.0	0.0	0.0	0.0	0.0	0.0	0.0	0.0	0.0	0.0	0.0	0.0	0.0	0.0	0.0	0.0	0.0	0.0	0.0	0.0	0.0	0.0	0.0	0.0	0.0	0.0	0.0	0.0	0.0	0.0	0.0	0.0	0.0	0.0	0.0	0.0	0.0	0.0	0.0	0.0	0.0	0.0	0.0	0.0	0.0	0.0	0.0	0.0	0.0	0.0	0.0	0.0	0.0	0.0	0.0	0.0	0.0	0.0	0.0	0.0	0.0	0.0	0.0	0.0	0.0
S2017t3M_E19-T3a-Male	0.04253840578897053	0.01621600521869205	0.008701382068762692	0.0010624220036272616	-0.023022949385299658	0.006900920503798612	0.008056718437276037	-0.002967497558838335	-0.006373720840177669	-0.0028077109258104315	0.0021659722000477197	0.0013140405972546087	0.010602280598560696	-0.003760768005883299	0.00474795374752157	0.0005248564132287011	-0.0002905509615813282	-0.0009070374658462332	0.0006274095582193055	0.0013177584854199575	-0.0018587926916117878	-0.00019727214784585095	0.0008289034061230651	-0.000673177907872399	-0.0006218530027064954	0.00025883495840702426	0.0016080584470644773	-9.31906678457278e-05	0.00021468315898104902	0.00012261264775160997	0.00013276441434699186	1.2356341977820599e-05	5.208798994013707e-05	-7.317443558211182e-05	1.6993154066108363e-05	-7.0849649332243635e-06	-1.5218943267621665e-06	0.0	0.0	0.0	0.0	0.0	0.0	-0.0	-0.0	-0.0	-0.0	0.0	0.0	0.0	0.0	0.0	0.0	-0.0	-0.0	0.0	0.0	0.0	-0.0	-0.0	0.0	-0.0	-0.0	0.0	0.0	-0.0	0.0	0.0	0.0	0.0	0.0	0.0	-0.0	0.0	-0.0	0.0	-0.0	0.0	0.0	0.0	-0.0	0.0	-0.0	-0.0	0.0	-0.0	0.0	0.0	-0.0	0.0	-0.0	0.0	0.0	0.0	0.0	0.0	0.0	0.0	0.0	0.0	0.0	0.0	0.0	0.0	0.0	0.0	0.0	0.0	0.0	0.0	0.0	0.0	0.0	0.0	0.0	0.0	0.0	0.0	0.0	0.0	0.0	0.0	0.0	0.0	0.0	0.0	0.0	0.0	0.0	0.0	0.0	0.0	0.0	0.0	0.0	0.0	0.0	0.0	0.0	0.0	0.0	0.0	0.0	0.0	0.0	0.0	0.0	0.0	0.0	0.0	0.0	0.0	0.0	0.0	0.0	0.0	0.0	0.0	0.0	0.0	0.0	0.0	0.0	0.0	0.0	0.0	0.0	0.0	0.0	0.0	0.0	0.0	0.0	0.0	0.0	0.0	0.0	0.0	0.0	0.0	0.0	0.0	0.0	0.0	0.0	0.0	0.0	0.0	0.0	0.0	0.0	0.0	0.0	0.0
S2017t3M_E19-T3b-Male	0.05713014865550626	0.000849398289075324	0.041660392440669616	-0.04432495376157306	-0.0074824652422532615	0.0007377904885917685	0.009902434018534459	-0.014449122529734688	-0.006388746355617816	-0.006500355916290074	6.457583073298813e-06	0.0010218357822332849	0.00408657446137822	-0.0031840096091733908	0.0060085902181092245	0.0015370370812288804	0.0001270142753844475	-0.0008770545904403153	0.001028167266223807	0.0002700961122540838	-0.0012941180585946497	0.0004160117334086113	-0.0015049216965267297	0.000793907433062631	0.0009787614677635435	-7.105854155900215e-05	0.0035946524064408665	0.0005049078382929266	0.00011014492134113744	-0.0003766154887232478	-0.00010710455870430321	0.00010650343495821262	-3.8759044554514666e-05	-5.169409450327394e-05	-0.00011130640367098017	0.00018798967458252068	-6.0962488881667e-06	-0.0	0.0	0.0	-0.0	-0.0	0.0	0.0	0.0	-0.0	-0.0	-0.0	-0.0	-0.0	0.0	-0.0	-0.0	0.0	-0.0	0.0	0.0	0.0	-0.0	-0.0	-0.0	-0.0	-0.0	0.0	0.0	-0.0	0.0	0.0	0.0	-0.0	0.0	-0.0	-0.0	0.0	0.0	-0.0	-0.0	0.0	-0.0	0.0	0.0	0.0	-0.0	0.0	-0.0	0.0	0.0	0.0	-0.0	0.0	-0.0	-0.0	0.0	0.0	0.0	0.0	0.0	0.0	0.0	0.0	0.0	0.0	0.0	0.0	0.0	0.0	0.0	0.0	0.0	0.0	0.0	0.0	0.0	0.0	0.0	0.0	0.0	0.0	0.0	0.0	0.0	0.0	0.0	0.0	0.0	0.0	0.0	0.0	0.0	0.0	0.0	0.0	0.0	0.0	0.0	0.0	0.0	0.0	0.0	0.0	0.0	0.0	0.0	0.0	0.0	0.0	0.0	0.0	0.0	0.0	0.0	0.0	0.0	0.0	0.0	0.0	0.0	0.0	0.0	0.0	0.0	0.0	0.0	0.0	0.0	0.0	0.0	0.0	0.0	0.0	0.0	0.0	0.0	0.0	0.0	0.0	0.0	0.0	0.0	0.0	0.0	0.0	0.0	0.0	0.0	0.0	0.0	0.0	0.0	0.0	0.0	0.0	0.0	0.0
S2017t3M_E23-T3a-Male	0.046632660218731296	0.013205550841544263	-0.0066284714419597235	0.002614270326459884	-0.019921023447081018	0.015076928159572888	-0.014700890998024529	-0.01255783506271892	0.012151608715956485	0.006205498639859054	-0.007157623678858029	0.006076413314817443	-0.01277186238847232	0.00536999791857365	-0.003995828034059605	-0.0013028807981022683	0.002185399643594943	-0.0022948944774628345	0.0017698489780794452	0.000111733474705403	0.0013310975723411457	-9.259225497580264e-05	-0.0005427478045844606	-0.0005133829630926651	0.00060234087621078	-0.0011158799219742471	-0.0003023962909739111	-0.00012003262429239417	-6.452865296300362e-05	9.726852991686034e-05	-0.00010941448443186896	5.466698899621449e-05	0.00010274073265910925	-1.2041469280493295e-05	2.50774529889503e-05	-6.31479551370415e-06	-1.251234095328394e-06	0.0	-0.0	0.0	-0.0	0.0	0.0	-0.0	-0.0	0.0	0.0	0.0	0.0	0.0	0.0	0.0	0.0	-0.0	-0.0	-0.0	-0.0	0.0	0.0	-0.0	-0.0	-0.0	-0.0	0.0	-0.0	-0.0	0.0	0.0	-0.0	-0.0	-0.0	-0.0	-0.0	-0.0	0.0	-0.0	-0.0	0.0	0.0	-0.0	-0.0	0.0	0.0	0.0	-0.0	0.0	-0.0	0.0	-0.0	-0.0	-0.0	0.0	0.0	0.0	0.0	0.0	0.0	0.0	0.0	0.0	0.0	0.0	0.0	0.0	0.0	0.0	0.0	0.0	0.0	0.0	0.0	0.0	0.0	0.0	0.0	0.0	0.0	0.0	0.0	0.0	0.0	0.0	0.0	0.0	0.0	0.0	0.0	0.0	0.0	0.0	0.0	0.0	0.0	0.0	0.0	0.0	0.0	0.0	0.0	0.0	0.0	0.0	0.0	0.0	0.0	0.0	0.0	0.0	0.0	0.0	0.0	0.0	0.0	0.0	0.0	0.0	0.0	0.0	0.0	0.0	0.0	0.0	0.0	0.0	0.0	0.0	0.0	0.0	0.0	0.0	0.0	0.0	0.0	0.0	0.0	0.0	0.0	0.0	0.0	0.0	0.0	0.0	0.0	0.0	0.0	0.0	0.0	0.0	0.0	0.0	0.0	0.0	0.0	0.0
S2017t3M_E23-T3b-Male	0.050375559667953436	-0.0462177607208934	-0.030139674139880793	-0.0644842328580097	0.0023659219961498536	0.0076808424894984715	0.01677782924002967	-0.03336344414920056	0.02897811450603107	-0.007623968102730274	0.006856943318009742	0.013128282601701343	0.007496798648200432	-0.008342324081402999	0.004841063079655629	-0.002864878151469523	0.0005804578622234912	0.00187953729386016	0.0008189572480850274	-0.0005977152077680958	-0.004902372600232449	-0.0007485877842266771	-0.002085558780605102	0.0027731549777988375	0.000667007787365676	-0.002757797416213852	0.0007218076148005853	0.000804161534786499	0.0017276508921745333	0.0008338350102008019	0.0003612981469327108	4.7370758895113225e-07	-1.4501465426418892e-05	-3.216576315663146e-05	-0.00014036772285707467	9.817382155868283e-05	-1.322885911721765e-06	0.0	-0.0	0.0	-0.0	0.0	0.0	-0.0	-0.0	0.0	0.0	0.0	0.0	0.0	-0.0	-0.0	0.0	0.0	-0.0	0.0	0.0	0.0	-0.0	-0.0	-0.0	-0.0	-0.0	0.0	-0.0	-0.0	0.0	0.0	0.0	-0.0	-0.0	-0.0	-0.0	-0.0	0.0	-0.0	-0.0	0.0	0.0	-0.0	-0.0	0.0	0.0	0.0	-0.0	0.0	-0.0	0.0	-0.0	-0.0	-0.0	0.0	0.0	0.0	0.0	0.0	0.0	0.0	0.0	0.0	0.0	0.0	0.0	0.0	0.0	0.0	0.0	0.0	0.0	0.0	0.0	0.0	0.0	0.0	0.0	0.0	0.0	0.0	0.0	0.0	0.0	0.0	0.0	0.0	0.0	0.0	0.0	0.0	0.0	0.0	0.0	0.0	0.0	0.0	0.0	0.0	0.0	0.0	0.0	0.0	0.0	0.0	0.0	0.0	0.0	0.0	0.0	0.0	0.0	0.0	0.0	0.0	0.0	0.0	0.0	0.0	0.0	0.0	0.0	0.0	0.0	0.0	0.0	0.0	0.0	0.0	0.0	0.0	0.0	0.0	0.0	0.0	0.0	0.0	0.0	0.0	0.0	0.0	0.0	0.0	0.0	0.0	0.0	0.0	0.0	0.0	0.0	0.0	0.0	0.0	0.0	0.0	0.0	0.0
S2017t3M_E30-T3a-Male	0.04013138363739775	-0.01447513454550928	-0.0612729710624085	-0.01308073680570093	-0.02632930655706575	0.016638895970720533	0.020311634051188757	-0.00442124117024889	0.04034645478522634	-0.004909543164647189	-0.000892846659385139	-0.01114861025746481	-0.00039365979796041474	-0.01876363756086881	-0.0075601562345602325	-0.004994024042473548	-0.006010686137793636	0.011840030307175788	-0.006371657370957021	9.346065873150943e-05	-2.681828159456073e-05	-0.003450874931801061	0.0008356029538684348	-0.001129608591255093	-0.0004328868361454563	0.0009394018544998916	2.682821633026984e-05	-0.0005143826476828527	-0.0002285706768124168	0.0001944958578876518	-0.00014544766484610164	-8.94648976503856e-05	5.749808046840756e-06	2.7633094431946805e-05	-1.2499747890251032e-05	-5.2755118807500187e-05	2.277298094012313e-06	0.0	-0.0	0.0	-0.0	0.0	0.0	-0.0	-0.0	0.0	0.0	0.0	0.0	0.0	-0.0	0.0	0.0	-0.0	0.0	-0.0	-0.0	-0.0	0.0	-0.0	0.0	0.0	-0.0	-0.0	-0.0	-0.0	0.0	0.0	-0.0	-0.0	-0.0	0.0	0.0	-0.0	-0.0	0.0	0.0	0.0	0.0	-0.0	-0.0	0.0	0.0	0.0	-0.0	0.0	-0.0	0.0	-0.0	-0.0	-0.0	0.0	0.0	0.0	0.0	0.0	0.0	0.0	0.0	0.0	0.0	0.0	0.0	0.0	0.0	0.0	0.0	0.0	0.0	0.0	0.0	0.0	0.0	0.0	0.0	0.0	0.0	0.0	0.0	0.0	0.0	0.0	0.0	0.0	0.0	0.0	0.0	0.0	0.0	0.0	0.0	0.0	0.0	0.0	0.0	0.0	0.0	0.0	0.0	0.0	0.0	0.0	0.0	0.0	0.0	0.0	0.0	0.0	0.0	0.0	0.0	0.0	0.0	0.0	0.0	0.0	0.0	0.0	0.0	0.0	0.0	0.0	0.0	0.0	0.0	0.0	0.0	0.0	0.0	0.0	0.0	0.0	0.0	0.0	0.0	0.0	0.0	0.0	0.0	0.0	0.0	0.0	0.0	0.0	0.0	0.0	0.0	0.0	0.0	0.0	0.0	0.0	0.0	0.0
S3-female-3	-0.15515794461401733	-0.05008045684882586	-0.01667366259237234	0.06180529249269486	0.025302597682619055	-0.04545462767349692	0.01610705539986877	-0.0016405369769661832	0.038947069826517494	0.0048331197895573694	-0.0032737414075955226	0.01372704728729401	0.006890545367227794	-0.0027559915530372134	-0.004049095633719846	0.0026243351547155127	-0.0016453073984822484	-0.0026217144998823645	0.004577144332293775	-0.00162422955947021	-0.0048915913086133665	-0.00026999598545947534	-0.004104826857300781	8.244094065335652e-05	-0.003826776563333395	0.00047955014673467045	-0.0011681529428823226	0.002635762088994535	-0.0006943117647568042	1.1722535935390236e-05	0.000708928661095097	5.6482229954477374e-05	6.739995665043684e-05	5.451893902246672e-05	1.5992206071483552e-05	2.7862399753609987e-05	-2.1678497815205336e-07	0.0	-0.0	0.0	-0.0	0.0	0.0	-0.0	-0.0	0.0	0.0	0.0	0.0	0.0	-0.0	-0.0	0.0	0.0	-0.0	0.0	-0.0	0.0	-0.0	-0.0	-0.0	0.0	0.0	-0.0	-0.0	-0.0	0.0	0.0	0.0	0.0	0.0	-0.0	-0.0	-0.0	0.0	0.0	-0.0	0.0	0.0	-0.0	-0.0	0.0	0.0	0.0	-0.0	0.0	-0.0	0.0	-0.0	-0.0	-0.0	0.0	0.0	0.0	0.0	0.0	0.0	0.0	0.0	0.0	0.0	0.0	0.0	0.0	0.0	0.0	0.0	0.0	0.0	0.0	0.0	0.0	0.0	0.0	0.0	0.0	0.0	0.0	0.0	0.0	0.0	0.0	0.0	0.0	0.0	0.0	0.0	0.0	0.0	0.0	0.0	0.0	0.0	0.0	0.0	0.0	0.0	0.0	0.0	0.0	0.0	0.0	0.0	0.0	0.0	0.0	0.0	0.0	0.0	0.0	0.0	0.0	0.0	0.0	0.0	0.0	0.0	0.0	0.0	0.0	0.0	0.0	0.0	0.0	0.0	0.0	0.0	0.0	0.0	0.0	0.0	0.0	0.0	0.0	0.0	0.0	0.0	0.0	0.0	0.0	0.0	0.0	0.0	0.0	0.0	0.0	0.0	0.0	0.0	0.0	0.0	0.0	0.0	0.0
S3-male-1	-0.1400359294606406	-0.0069466013036110046	-0.05234255281405032	-0.014471759132994477	-0.0019181126586419889	0.004498865003838807	0.0005107830953633366	0.0011797072053004976	-0.009806622813935763	0.008125798321755957	-0.00254211171537343	-0.003884558609678589	0.00027378555992514425	0.0031040961582681696	0.0007760522254439086	-0.005491637829870764	-0.005596156687732425	-0.004123439988636596	-0.0018777168796674764	-0.002235441572454041	-0.0015751633749156824	-0.0012239928210950682	-0.001522835992967961	0.0007469371948641812	0.0006882647399554107	-0.0015461360547745977	2.9296389413147892e-05	0.0009534513112162535	0.003730693490381856	0.0014473989671852916	-0.0015455190029189322	8.619882876468793e-05	-1.0706619274958423e-05	-0.00014389906829349	2.8098692813478117e-05	-2.4731786779215757e-05	1.2210534432646597e-06	-0.0	0.0	0.0	-0.0	-0.0	-0.0	-0.0	0.0	0.0	-0.0	-0.0	0.0	0.0	0.0	0.0	0.0	-0.0	0.0	-0.0	-0.0	-0.0	-0.0	-0.0	0.0	0.0	0.0	-0.0	-0.0	-0.0	-0.0	-0.0	-0.0	0.0	-0.0	-0.0	-0.0	0.0	-0.0	0.0	0.0	0.0	0.0	0.0	0.0	-0.0	-0.0	0.0	0.0	-0.0	0.0	0.0	0.0	-0.0	0.0	-0.0	0.0	0.0	0.0	0.0	0.0	0.0	0.0	0.0	0.0	0.0	0.0	0.0	0.0	0.0	0.0	0.0	0.0	0.0	0.0	0.0	0.0	0.0	0.0	0.0	0.0	0.0	0.0	0.0	0.0	0.0	0.0	0.0	0.0	0.0	0.0	0.0	0.0	0.0	0.0	0.0	0.0	0.0	0.0	0.0	0.0	0.0	0.0	0.0	0.0	0.0	0.0	0.0	0.0	0.0	0.0	0.0	0.0	0.0	0.0	0.0	0.0	0.0	0.0	0.0	0.0	0.0	0.0	0.0	0.0	0.0	0.0	0.0	0.0	0.0	0.0	0.0	0.0	0.0	0.0	0.0	0.0	0.0	0.0	0.0	0.0	0.0	0.0	0.0	0.0	0.0	0.0	0.0	0.0	0.0	0.0	0.0	0.0	0.0	0.0	0.0	0.0	0.0
S3-male-2	-0.1677196354804209	-0.09611822997089678	0.08239482477061677	-0.019800631023104483	0.027772897753137887	-0.017442110658247648	0.05870503624531556	-0.02421449985341845	0.002197027496307875	0.004054490612359415	0.0033603801008750575	-0.005503642491905299	-0.006090807151012447	-0.00616681471541394	0.015716367587122297	-0.006462816099737058	-0.0038462157342162295	-0.011056163505007776	0.0007131284845921853	0.011979730741573052	0.018124148588202414	-0.0064638276144961745	0.00013836019812803757	0.0028339976295256443	-0.004826687046707959	-0.0038603988842967414	-0.001106895308870047	0.0013308383860407074	-0.002176696231002964	0.0002647961219164979	-0.0010235642863249048	-2.374749087504209e-05	-2.10407471246212e-05	-4.4968957658509066e-05	-1.1635467947628068e-05	2.7818986535147133e-05	-6.984821062906977e-07	0.0	-0.0	0.0	-0.0	0.0	0.0	-0.0	-0.0	0.0	0.0	0.0	0.0	0.0	-0.0	-0.0	0.0	0.0	-0.0	0.0	0.0	0.0	-0.0	-0.0	-0.0	-0.0	0.0	0.0	-0.0	-0.0	0.0	0.0	-0.0	-0.0	0.0	0.0	0.0	0.0	0.0	-0.0	-0.0	0.0	0.0	-0.0	-0.0	0.0	0.0	0.0	-0.0	0.0	-0.0	0.0	-0.0	-0.0	-0.0	0.0	0.0	0.0	0.0	0.0	0.0	0.0	0.0	0.0	0.0	0.0	0.0	0.0	0.0	0.0	0.0	0.0	0.0	0.0	0.0	0.0	0.0	0.0	0.0	0.0	0.0	0.0	0.0	0.0	0.0	0.0	0.0	0.0	0.0	0.0	0.0	0.0	0.0	0.0	0.0	0.0	0.0	0.0	0.0	0.0	0.0	0.0	0.0	0.0	0.0	0.0	0.0	0.0	0.0	0.0	0.0	0.0	0.0	0.0	0.0	0.0	0.0	0.0	0.0	0.0	0.0	0.0	0.0	0.0	0.0	0.0	0.0	0.0	0.0	0.0	0.0	0.0	0.0	0.0	0.0	0.0	0.0	0.0	0.0	0.0	0.0	0.0	0.0	0.0	0.0	0.0	0.0	0.0	0.0	0.0	0.0	0.0	0.0	0.0	0.0	0.0	0.0	0.0
S4-male-2	0.045673230412239176	-0.06996730326408929	-0.04431412158648573	-0.0604826290872591	0.02674675551811007	-0.0008524510909423171	0.013866743487077676	-0.009072016564284907	-0.011477862708876954	-0.005396192187252876	-0.013276052078225036	-0.00028716303309352055	-0.005010455380692892	-0.0009429599844769699	-0.004495197861551984	0.008215359948273515	0.0021282770970234514	0.0018356583025574437	0.000369641967180597	-0.0012523349029851182	-0.0031867024773757696	-0.0034523484866933584	-0.0003265460142265922	-0.001121712272218296	0.00017079644301887448	0.0020930440293797986	7.943269998563817e-05	-0.0006457480348126267	-0.0009875266433343802	-0.0002662409548077702	-3.3515987279168754e-06	-3.0678866614732666e-06	2.904063497690417e-05	2.8464421465016364e-05	3.94830064463807e-05	-5.1284552673991606e-05	1.3474843655116208e-06	0.0	0.0	-0.0	0.0	0.0	0.0	0.0	0.0	-0.0	-0.0	-0.0	-0.0	-0.0	-0.0	0.0	-0.0	-0.0	0.0	-0.0	-0.0	-0.0	0.0	0.0	0.0	0.0	0.0	-0.0	0.0	0.0	0.0	-0.0	0.0	0.0	-0.0	-0.0	0.0	-0.0	-0.0	0.0	0.0	0.0	0.0	-0.0	0.0	-0.0	0.0	-0.0	-0.0	-0.0	-0.0	-0.0	-0.0	-0.0	0.0	-0.0	-0.0	0.0	0.0	0.0	0.0	0.0	0.0	0.0	0.0	0.0	0.0	0.0	0.0	0.0	0.0	0.0	0.0	0.0	0.0	0.0	0.0	0.0	0.0	0.0	0.0	0.0	0.0	0.0	0.0	0.0	0.0	0.0	0.0	0.0	0.0	0.0	0.0	0.0	0.0	0.0	0.0	0.0	0.0	0.0	0.0	0.0	0.0	0.0	0.0	0.0	0.0	0.0	0.0	0.0	0.0	0.0	0.0	0.0	0.0	0.0	0.0	0.0	0.0	0.0	0.0	0.0	0.0	0.0	0.0	0.0	0.0	0.0	0.0	0.0	0.0	0.0	0.0	0.0	0.0	0.0	0.0	0.0	0.0	0.0	0.0	0.0	0.0	0.0	0.0	0.0	0.0	0.0	0.0	0.0	0.0	0.0	0.0	0.0	0.0	0.0	0.0	0.0
S4-male-3	-0.14396570280503226	0.0008833414061413272	-0.05960038575638779	-0.0076635492303480076	0.009299204685641955	-0.028498057852263503	-0.0024322342970722393	-0.00019182720974398313	-0.001751971443369402	0.0009964234661300696	-0.010408017272149106	-0.0021371759915314423	0.00805603303530629	0.006975011153595498	0.0082809926958784	-0.011976497752085107	0.02448144546929368	0.01276211536583047	0.0022496303493095716	0.006386236618715394	0.00255892873371505	0.00026736477590169806	1.3524811067384193e-05	0.0005059269907500364	0.000709512599375211	0.00013792837358923355	-5.286265215643462e-05	0.0001709132354659393	-7.40156379940675e-05	-1.7964443346259596e-05	-2.9142049849031767e-06	3.162353004727823e-05	-1.1341774488115927e-05	-1.0562070689229315e-05	-1.388975222857374e-05	9.805339183872651e-06	-1.9754879805716337e-07	-0.0	0.0	-0.0	0.0	0.0	0.0	-0.0	0.0	0.0	-0.0	0.0	-0.0	0.0	-0.0	0.0	0.0	-0.0	-0.0	0.0	0.0	0.0	0.0	-0.0	-0.0	-0.0	-0.0	-0.0	-0.0	0.0	0.0	0.0	0.0	-0.0	-0.0	-0.0	0.0	0.0	0.0	0.0	-0.0	-0.0	0.0	0.0	-0.0	-0.0	-0.0	0.0	0.0	-0.0	-0.0	0.0	0.0	0.0	0.0	0.0	-0.0	0.0	0.0	0.0	0.0	0.0	0.0	0.0	0.0	0.0	0.0	0.0	0.0	0.0	0.0	0.0	0.0	0.0	0.0	0.0	0.0	0.0	0.0	0.0	0.0	0.0	0.0	0.0	0.0	0.0	0.0	0.0	0.0	0.0	0.0	0.0	0.0	0.0	0.0	0.0	0.0	0.0	0.0	0.0	0.0	0.0	0.0	0.0	0.0	0.0	0.0	0.0	0.0	0.0	0.0	0.0	0.0	0.0	0.0	0.0	0.0	0.0	0.0	0.0	0.0	0.0	0.0	0.0	0.0	0.0	0.0	0.0	0.0	0.0	0.0	0.0	0.0	0.0	0.0	0.0	0.0	0.0	0.0	0.0	0.0	0.0	0.0	0.0	0.0	0.0	0.0	0.0	0.0	0.0	0.0	0.0	0.0	0.0	0.0	0.0	0.0	0.0
S5-female-1	-0.13758933034802961	-0.0085952310355874	-0.04104775631977197	-0.005152293458632371	-0.007806823115967915	0.013254514328009816	-0.006057779642114557	-0.008663611444001218	0.01179846664242997	-0.022710607874133454	0.013511362789924614	-0.0020585661591756344	0.0009452073686683534	0.0014902437251504868	0.0023491401917943924	-0.0053757661574017875	-0.003292768125688956	-0.0025002890394545054	-0.0007823106542308674	-0.00034960796939789934	-0.0011320824327910996	0.001060476890415159	0.00012364206393877225	0.0006217364776568218	-0.0004617393418068614	-0.00010309356481975497	8.802265909619256e-05	-0.0010435459996438383	-0.0028732854225170016	-0.0007242063022278658	0.0009228741780498199	-8.060209574406692e-05	4.850990076186521e-06	7.326787644626065e-05	-4.085248076279111e-05	-8.900678912420498e-06	-9.999117227863866e-08	0.0	-0.0	0.0	-0.0	0.0	0.0	-0.0	-0.0	0.0	0.0	0.0	0.0	0.0	-0.0	-0.0	0.0	0.0	-0.0	-0.0	0.0	-0.0	-0.0	0.0	-0.0	-0.0	-0.0	0.0	-0.0	-0.0	0.0	0.0	0.0	0.0	-0.0	0.0	0.0	-0.0	-0.0	0.0	0.0	0.0	0.0	-0.0	-0.0	0.0	0.0	0.0	-0.0	0.0	-0.0	0.0	-0.0	-0.0	-0.0	0.0	0.0	0.0	0.0	0.0	0.0	0.0	0.0	0.0	0.0	0.0	0.0	0.0	0.0	0.0	0.0	0.0	0.0	0.0	0.0	0.0	0.0	0.0	0.0	0.0	0.0	0.0	0.0	0.0	0.0	0.0	0.0	0.0	0.0	0.0	0.0	0.0	0.0	0.0	0.0	0.0	0.0	0.0	0.0	0.0	0.0	0.0	0.0	0.0	0.0	0.0	0.0	0.0	0.0	0.0	0.0	0.0	0.0	0.0	0.0	0.0	0.0	0.0	0.0	0.0	0.0	0.0	0.0	0.0	0.0	0.0	0.0	0.0	0.0	0.0	0.0	0.0	0.0	0.0	0.0	0.0	0.0	0.0	0.0	0.0	0.0	0.0	0.0	0.0	0.0	0.0	0.0	0.0	0.0	0.0	0.0	0.0	0.0	0.0	0.0	0.0	0.0	0.0
S5-male-1	-0.14170403573933354	-0.01350811741627472	-0.04983732021713944	-0.009235976516365405	0.0009912615149333572	0.005743777736339469	0.0029653680124900506	0.0027171058070297994	-0.01170878550448812	0.00856094197596488	-0.006631408888777144	-0.0006162632285006933	-0.0028749947918163387	-0.002621870970189855	-0.004495158845498247	0.008070057565063763	-0.0011751243800318949	-0.0005291775154892814	1.9454720875297956e-05	-0.0002540793181783922	3.268948408513985e-05	-0.0012050540192555482	0.00037706732293065165	-0.00042037236131652354	0.00011861861415211508	0.0007395426731621001	0.0002935541577898786	-0.00015851164211187773	-0.0022662816814096654	-0.0005370002390227224	0.00023801710789349872	-0.00015892491359587117	0.0001798021799370297	0.000731001730997729	-0.0006175513715932411	-0.0002729962800324372	1.0641661657147071e-05	0.0	0.0	0.0	-0.0	0.0	0.0	0.0	0.0	-0.0	0.0	0.0	-0.0	0.0	-0.0	0.0	-0.0	-0.0	0.0	-0.0	-0.0	-0.0	0.0	0.0	-0.0	0.0	0.0	-0.0	0.0	0.0	-0.0	0.0	0.0	0.0	-0.0	0.0	0.0	-0.0	-0.0	0.0	0.0	0.0	-0.0	0.0	-0.0	0.0	-0.0	-0.0	-0.0	-0.0	0.0	-0.0	-0.0	0.0	-0.0	-0.0	-0.0	0.0	0.0	0.0	0.0	0.0	0.0	0.0	0.0	0.0	0.0	0.0	0.0	0.0	0.0	0.0	0.0	0.0	0.0	0.0	0.0	0.0	0.0	0.0	0.0	0.0	0.0	0.0	0.0	0.0	0.0	0.0	0.0	0.0	0.0	0.0	0.0	0.0	0.0	0.0	0.0	0.0	0.0	0.0	0.0	0.0	0.0	0.0	0.0	0.0	0.0	0.0	0.0	0.0	0.0	0.0	0.0	0.0	0.0	0.0	0.0	0.0	0.0	0.0	0.0	0.0	0.0	0.0	0.0	0.0	0.0	0.0	0.0	0.0	0.0	0.0	0.0	0.0	0.0	0.0	0.0	0.0	0.0	0.0	0.0	0.0	0.0	0.0	0.0	0.0	0.0	0.0	0.0	0.0	0.0	0.0	0.0	0.0	0.0	0.0	0.0	0.0
S5-male-2	0.03380012526216334	-0.03569761833936116	-0.0739601640420065	-0.008787219710769255	-0.003100342998328562	0.005639714009311286	0.008459012380562368	0.0018592212281119075	-0.008536772204744358	-0.0018682320051726985	-0.006894039204882153	-0.003270553958848023	-0.00023482253813430124	0.0032333397107314798	-0.0004988265184580704	-0.0031863636176742813	-0.0013471788976341954	-0.004070642557703013	-0.0028887981498635982	-0.0037914717841384385	-0.002300531685565853	-0.0006704475532463226	-0.0007382595955428998	0.001064223755275534	-0.0012832217144912168	-0.001358884680311953	-0.0006730935858280463	0.0005628626837173431	0.002629182264962546	0.0006136750314805167	-0.0005328115977308986	5.0305611888375946e-05	-1.551057499948906e-05	-2.8989608742736828e-05	5.017061280850592e-05	2.0938451270286566e-05	-6.834962271284216e-07	0.0	-0.0	-0.0	-0.0	0.0	-0.0	-0.0	-0.0	0.0	-0.0	0.0	-0.0	0.0	0.0	0.0	0.0	0.0	0.0	-0.0	-0.0	-0.0	0.0	0.0	0.0	0.0	-0.0	-0.0	0.0	0.0	0.0	0.0	0.0	0.0	0.0	0.0	-0.0	0.0	-0.0	0.0	-0.0	0.0	0.0	0.0	-0.0	0.0	-0.0	0.0	-0.0	-0.0	-0.0	-0.0	-0.0	-0.0	-0.0	0.0	0.0	0.0	0.0	0.0	0.0	0.0	0.0	0.0	0.0	0.0	0.0	0.0	0.0	0.0	0.0	0.0	0.0	0.0	0.0	0.0	0.0	0.0	0.0	0.0	0.0	0.0	0.0	0.0	0.0	0.0	0.0	0.0	0.0	0.0	0.0	0.0	0.0	0.0	0.0	0.0	0.0	0.0	0.0	0.0	0.0	0.0	0.0	0.0	0.0	0.0	0.0	0.0	0.0	0.0	0.0	0.0	0.0	0.0	0.0	0.0	0.0	0.0	0.0	0.0	0.0	0.0	0.0	0.0	0.0	0.0	0.0	0.0	0.0	0.0	0.0	0.0	0.0	0.0	0.0	0.0	0.0	0.0	0.0	0.0	0.0	0.0	0.0	0.0	0.0	0.0	0.0	0.0	0.0	0.0	0.0	0.0	0.0	0.0	0.0	0.0	0.0	0.0
S5-male-3	-0.13703715753439671	0.038939980273252885	0.001456393500609061	0.028147227854837045	0.015613868228093379	-0.04866650424073568	-0.06825897232573613	0.010035862460027882	0.005932554008911188	-0.006697955738496622	0.02353565836974684	0.0053359285558484	-0.002146700363447103	-0.0008718128161668507	0.005226322836513807	0.007284010457822226	-0.006324149686663149	-0.010335062977478675	-0.014435498278369537	0.013936645324225203	0.00018976637738462684	0.0034456915931358203	-0.009109228658168649	-0.006766010611646305	0.0021238576369454545	0.004285542927545589	0.0023455637449732412	0.0009357286645913344	0.0002673116699601516	-0.0002684061350169247	-0.0013126478808204748	-0.0003539456800730043	0.00013702121088230075	0.0001384768718697573	6.46329220324524e-05	-0.00022467117755438771	8.462143430480032e-06	0.0	-0.0	0.0	-0.0	0.0	0.0	-0.0	-0.0	0.0	0.0	0.0	0.0	0.0	-0.0	0.0	0.0	-0.0	0.0	-0.0	-0.0	-0.0	0.0	-0.0	0.0	0.0	0.0	-0.0	-0.0	-0.0	0.0	0.0	-0.0	0.0	-0.0	0.0	0.0	-0.0	-0.0	0.0	0.0	0.0	0.0	-0.0	-0.0	0.0	0.0	0.0	-0.0	0.0	-0.0	0.0	-0.0	-0.0	-0.0	0.0	0.0	0.0	0.0	0.0	0.0	0.0	0.0	0.0	0.0	0.0	0.0	0.0	0.0	0.0	0.0	0.0	0.0	0.0	0.0	0.0	0.0	0.0	0.0	0.0	0.0	0.0	0.0	0.0	0.0	0.0	0.0	0.0	0.0	0.0	0.0	0.0	0.0	0.0	0.0	0.0	0.0	0.0	0.0	0.0	0.0	0.0	0.0	0.0	0.0	0.0	0.0	0.0	0.0	0.0	0.0	0.0	0.0	0.0	0.0	0.0	0.0	0.0	0.0	0.0	0.0	0.0	0.0	0.0	0.0	0.0	0.0	0.0	0.0	0.0	0.0	0.0	0.0	0.0	0.0	0.0	0.0	0.0	0.0	0.0	0.0	0.0	0.0	0.0	0.0	0.0	0.0	0.0	0.0	0.0	0.0	0.0	0.0	0.0	0.0	0.0	0.0	0.0
s6-Female-1	0.03380012526216335	-0.03569761833936117	-0.07396016404200653	-0.008787219710769251	-0.003100342998328561	0.0056397140093112875	0.008459012380562375	0.0018592212281119118	-0.008536772204744355	-0.0018682320051726963	-0.006894039204882144	-0.0032705539588480203	-0.00023482253813430834	0.0032333397107314793	-0.0004988265184580755	-0.0031863636176742683	-0.0013471788976342006	-0.004070642557703024	-0.0028887981498635783	-0.0037914717841384484	-0.002300531685565869	-0.0006704475532463447	-0.0007382595955428932	0.001064223755275535	-0.0012832217144911923	-0.0013588846803118475	-0.0006730935858280284	0.0005628626837174208	0.0026291822649624594	0.0006136750314804106	-0.0005328115977308867	5.030561188825916e-05	-1.5510574999470173e-05	-2.8989608742756276e-05	5.0170612808767614e-05	2.0938451270517274e-05	-6.834962238534366e-07	-0.0	0.0	0.0	0.0	0.0	0.0	0.0	0.0	-0.0	0.0	-0.0	0.0	-0.0	0.0	0.0	-0.0	0.0	0.0	-0.0	-0.0	-0.0	0.0	0.0	0.0	0.0	-0.0	-0.0	-0.0	-0.0	-0.0	-0.0	0.0	0.0	0.0	0.0	-0.0	0.0	-0.0	0.0	-0.0	0.0	0.0	-0.0	-0.0	-0.0	0.0	-0.0	0.0	0.0	0.0	0.0	0.0	0.0	0.0	-0.0	-0.0	0.0	0.0	0.0	0.0	0.0	0.0	0.0	0.0	0.0	0.0	0.0	0.0	0.0	0.0	0.0	0.0	0.0	0.0	0.0	0.0	0.0	0.0	0.0	0.0	0.0	0.0	0.0	0.0	0.0	0.0	0.0	0.0	0.0	0.0	0.0	0.0	0.0	0.0	0.0	0.0	0.0	0.0	0.0	0.0	0.0	0.0	0.0	0.0	0.0	0.0	0.0	0.0	0.0	0.0	0.0	0.0	0.0	0.0	0.0	0.0	0.0	0.0	0.0	0.0	0.0	0.0	0.0	0.0	0.0	0.0	0.0	0.0	0.0	0.0	0.0	0.0	0.0	0.0	0.0	0.0	0.0	0.0	0.0	0.0	0.0	0.0	0.0	0.0	0.0	0.0	0.0	0.0	0.0	0.0	0.0	0.0	0.0	0.0	0.0	0.0	0.0
S6-female-2	-0.14091886232519374	-0.020714704610009065	-0.035114826115012925	0.006024076432865798	-0.002823988774317026	0.01595231606008765	-0.0019882599696111054	-0.005754218982056192	0.009506983275433862	-0.02269807000262414	0.007444180134738329	0.0045721922805366825	-0.00433481137829181	-0.009506366487947088	-0.0061571868586554074	0.017746260137616852	0.003965994744087728	0.004042426712306351	0.002687421428054347	0.0045143115368004175	0.0037710702249778324	0.004606964925096482	0.004479101515949844	0.0016519039402026173	-0.0006935864169156021	-0.0029687893132584425	-0.0006130456781890132	0.0015536456427133727	0.0039158342042101965	0.0019289276339561861	-0.001256580441269244	8.009788401604441e-05	4.5179023868346006e-06	-8.530972564354359e-05	9.512447962174708e-05	0.00012791052365046981	0.000529769355680491	0.0	-0.0	0.0	-0.0	0.0	0.0	-0.0	-0.0	0.0	0.0	0.0	0.0	0.0	-0.0	0.0	0.0	-0.0	0.0	-0.0	-0.0	-0.0	0.0	-0.0	-0.0	0.0	0.0	-0.0	-0.0	-0.0	0.0	0.0	-0.0	0.0	-0.0	-0.0	0.0	-0.0	-0.0	0.0	0.0	0.0	0.0	-0.0	-0.0	0.0	0.0	0.0	-0.0	0.0	-0.0	0.0	-0.0	-0.0	-0.0	0.0	0.0	0.0	0.0	0.0	0.0	0.0	0.0	0.0	0.0	0.0	0.0	0.0	0.0	0.0	0.0	0.0	0.0	0.0	0.0	0.0	0.0	0.0	0.0	0.0	0.0	0.0	0.0	0.0	0.0	0.0	0.0	0.0	0.0	0.0	0.0	0.0	0.0	0.0	0.0	0.0	0.0	0.0	0.0	0.0	0.0	0.0	0.0	0.0	0.0	0.0	0.0	0.0	0.0	0.0	0.0	0.0	0.0	0.0	0.0	0.0	0.0	0.0	0.0	0.0	0.0	0.0	0.0	0.0	0.0	0.0	0.0	0.0	0.0	0.0	0.0	0.0	0.0	0.0	0.0	0.0	0.0	0.0	0.0	0.0	0.0	0.0	0.0	0.0	0.0	0.0	0.0	0.0	0.0	0.0	0.0	0.0	0.0	0.0	0.0	0.0	0.0	0.0
S6-female-3	0.04083599416309174	-0.02668122728143708	-0.07127105804125432	0.008686198343459798	0.004275384560685516	-0.03444740910747899	-0.0018786511232963617	-0.00014882611571874794	0.023885454364991447	-0.018978119334973443	0.019853921868695924	0.006656176358988431	-0.0011673796400023956	-0.006897750494786609	-0.0029549254700450877	0.0016662453286240618	-0.002919801120955265	-0.00488369800997543	-0.0049753360241448314	0.0014985603933727165	-0.006293074591755131	-0.005970738446499492	-0.0024626777362669987	0.002754506923657291	0.0031314323600595594	-0.000549955227062867	0.000608211821104847	-0.00018903070842119686	-0.0005859738497727422	0.0008078545733948618	-0.00021263491590433383	-2.3774907831229248e-05	-6.011104060287944e-06	-8.056520137695767e-05	-4.5306665848414636e-05	5.383341117773306e-06	3.947874198694426e-07	0.0	-0.0	0.0	-0.0	0.0	0.0	-0.0	-0.0	0.0	0.0	0.0	0.0	0.0	0.0	0.0	0.0	-0.0	0.0	-0.0	-0.0	-0.0	0.0	-0.0	0.0	0.0	-0.0	-0.0	-0.0	-0.0	0.0	0.0	0.0	0.0	-0.0	-0.0	0.0	-0.0	0.0	0.0	0.0	0.0	0.0	-0.0	-0.0	0.0	0.0	0.0	-0.0	0.0	-0.0	0.0	-0.0	-0.0	-0.0	0.0	0.0	0.0	0.0	0.0	0.0	0.0	0.0	0.0	0.0	0.0	0.0	0.0	0.0	0.0	0.0	0.0	0.0	0.0	0.0	0.0	0.0	0.0	0.0	0.0	0.0	0.0	0.0	0.0	0.0	0.0	0.0	0.0	0.0	0.0	0.0	0.0	0.0	0.0	0.0	0.0	0.0	0.0	0.0	0.0	0.0	0.0	0.0	0.0	0.0	0.0	0.0	0.0	0.0	0.0	0.0	0.0	0.0	0.0	0.0	0.0	0.0	0.0	0.0	0.0	0.0	0.0	0.0	0.0	0.0	0.0	0.0	0.0	0.0	0.0	0.0	0.0	0.0	0.0	0.0	0.0	0.0	0.0	0.0	0.0	0.0	0.0	0.0	0.0	0.0	0.0	0.0	0.0	0.0	0.0	0.0	0.0	0.0	0.0	0.0	0.0	0.0	0.0
S6-male-3	0.03380012269249622	-0.0356976154022009	-0.0739601649973688	-0.008787221538855588	-0.0031003521043963932	0.005639712250728315	0.008459004486567983	0.0018592228424048338	-0.008536783477568614	-0.00186824245331097	-0.0068940423669247896	-0.003270534624924242	-0.00023481797466987515	0.0032333749229936054	-0.000498861171875385	-0.003186341698464925	-0.0013471594901307302	-0.004070616664993541	-0.002888826387253775	-0.003791526449504087	-0.0023006214010226475	-0.000670446374389676	-0.0007382833374554518	0.0010641899904052995	-0.0012831934542726613	-0.0013588960330005422	-0.0006730526257763438	0.0005628676714797826	0.002629037441417904	0.0006138593112685076	-0.0005329587682278865	5.043371899069979e-05	-1.5215981618766592e-05	-2.9225484053797383e-05	4.963187065101047e-05	2.0179728135915492e-05	-4.474026711672741e-07	0.0	-0.0	0.0	-0.0	0.0	0.0	-0.0	-0.0	0.0	0.0	0.0	0.0	0.0	-0.0	-0.0	0.0	-0.0	-0.0	0.0	0.0	0.0	-0.0	-0.0	-0.0	-0.0	0.0	0.0	-0.0	-0.0	0.0	0.0	-0.0	-0.0	-0.0	-0.0	0.0	-0.0	0.0	-0.0	0.0	0.0	0.0	-0.0	-0.0	0.0	0.0	0.0	-0.0	0.0	-0.0	0.0	-0.0	-0.0	-0.0	0.0	0.0	0.0	0.0	0.0	0.0	0.0	0.0	0.0	0.0	0.0	0.0	0.0	0.0	0.0	0.0	0.0	0.0	0.0	0.0	0.0	0.0	0.0	0.0	0.0	0.0	0.0	0.0	0.0	0.0	0.0	0.0	0.0	0.0	0.0	0.0	0.0	0.0	0.0	0.0	0.0	0.0	0.0	0.0	0.0	0.0	0.0	0.0	0.0	0.0	0.0	0.0	0.0	0.0	0.0	0.0	0.0	0.0	0.0	0.0	0.0	0.0	0.0	0.0	0.0	0.0	0.0	0.0	0.0	0.0	0.0	0.0	0.0	0.0	0.0	0.0	0.0	0.0	0.0	0.0	0.0	0.0	0.0	0.0	0.0	0.0	0.0	0.0	0.0	0.0	0.0	0.0	0.0	0.0	0.0	0.0	0.0	0.0	0.0	0.0	0.0	0.0	0.0
S7-female-2	-0.1417040357393336	-0.013508117416274713	-0.04983732021713949	-0.009235976516365381	0.0009912615149333605	0.005743777736339496	0.0029653680124900523	0.0027171058070297968	-0.011708785504488102	0.008560941975964853	-0.006631408888777103	-0.0006162632285006789	-0.0028749947918163647	-0.0026218709701898877	-0.004495158845498281	0.008070057565063796	-0.0011751243800318866	-0.0005291775154893019	1.9454720875297173e-05	-0.0002540793181783966	3.2689484085180285e-05	-0.001205054019255491	0.0003770673229308796	-0.00042037236131640536	0.00011861861415206926	0.00073954267316209	0.0002935541577897903	-0.00015851164211192078	-0.0022662816814088926	-0.0005370002390224809	0.0002380171078930296	-0.00015892491359585607	0.00017980217993679274	0.0007310017309968907	-0.0006175513715926368	-0.0002729962800339392	1.0641661614973946e-05	-0.0	-0.0	0.0	-0.0	0.0	-0.0	-0.0	-0.0	0.0	0.0	0.0	-0.0	-0.0	-0.0	0.0	0.0	-0.0	0.0	-0.0	-0.0	-0.0	0.0	0.0	-0.0	0.0	0.0	-0.0	-0.0	-0.0	0.0	-0.0	0.0	0.0	-0.0	0.0	0.0	-0.0	-0.0	0.0	0.0	0.0	-0.0	-0.0	-0.0	-0.0	-0.0	0.0	0.0	0.0	-0.0	-0.0	0.0	-0.0	0.0	0.0	0.0	0.0	0.0	0.0	0.0	0.0	0.0	0.0	0.0	0.0	0.0	0.0	0.0	0.0	0.0	0.0	0.0	0.0	0.0	0.0	0.0	0.0	0.0	0.0	0.0	0.0	0.0	0.0	0.0	0.0	0.0	0.0	0.0	0.0	0.0	0.0	0.0	0.0	0.0	0.0	0.0	0.0	0.0	0.0	0.0	0.0	0.0	0.0	0.0	0.0	0.0	0.0	0.0	0.0	0.0	0.0	0.0	0.0	0.0	0.0	0.0	0.0	0.0	0.0	0.0	0.0	0.0	0.0	0.0	0.0	0.0	0.0	0.0	0.0	0.0	0.0	0.0	0.0	0.0	0.0	0.0	0.0	0.0	0.0	0.0	0.0	0.0	0.0	0.0	0.0	0.0	0.0	0.0	0.0	0.0	0.0	0.0	0.0	0.0	0.0	0.0	0.0
S7-female-3	-0.14003592946064058	-0.006946601303611004	-0.05234255281405029	-0.0144717591329945	-0.0019181126586419982	0.004498865003838778	0.000510783095363315	0.0011797072053004816	-0.009806622813935803	0.008125798321756028	-0.0025421117153734477	-0.0038845586096786025	0.00027378555992514094	0.0031040961582682706	0.0007760522254438759	-0.00549163782987082	-0.005596156687732423	-0.004123439988636559	-0.0018777168796674686	-0.0022354415724540806	-0.0015751633749155774	-0.0012239928210951766	-0.0015228359929679342	0.0007469371948640914	0.0006882647399555001	-0.0015461360547745038	2.929638941299358e-05	0.0009534513112159755	0.003730693490381844	0.001447398967184765	-0.001545519002918737	8.619882876364569e-05	-1.0706619275073047e-05	-0.0001438990682921594	2.8098692814654355e-05	-2.473178677743884e-05	1.2210534598737048e-06	0.0	0.0	-0.0	-0.0	0.0	-0.0	-0.0	-0.0	-0.0	0.0	-0.0	0.0	-0.0	0.0	0.0	-0.0	-0.0	0.0	-0.0	-0.0	-0.0	-0.0	-0.0	0.0	0.0	0.0	-0.0	0.0	0.0	0.0	0.0	-0.0	0.0	-0.0	-0.0	-0.0	0.0	-0.0	0.0	0.0	-0.0	0.0	0.0	-0.0	0.0	0.0	-0.0	-0.0	0.0	-0.0	-0.0	-0.0	0.0	-0.0	-0.0	-0.0	0.0	0.0	0.0	0.0	0.0	0.0	0.0	0.0	0.0	0.0	0.0	0.0	0.0	0.0	0.0	0.0	0.0	0.0	0.0	0.0	0.0	0.0	0.0	0.0	0.0	0.0	0.0	0.0	0.0	0.0	0.0	0.0	0.0	0.0	0.0	0.0	0.0	0.0	0.0	0.0	0.0	0.0	0.0	0.0	0.0	0.0	0.0	0.0	0.0	0.0	0.0	0.0	0.0	0.0	0.0	0.0	0.0	0.0	0.0	0.0	0.0	0.0	0.0	0.0	0.0	0.0	0.0	0.0	0.0	0.0	0.0	0.0	0.0	0.0	0.0	0.0	0.0	0.0	0.0	0.0	0.0	0.0	0.0	0.0	0.0	0.0	0.0	0.0	0.0	0.0	0.0	0.0	0.0	0.0	0.0	0.0	0.0	0.0	0.0	0.0	0.0
S7-male-2	-0.14003592946064058	-0.006946601303611006	-0.05234255281405029	-0.014471759132994496	-0.0019181126586420025	0.004498865003838773	0.0005107830953633282	0.0011797072053004974	-0.00980662281393581	0.008125798321756013	-0.0025421117153734706	-0.0038845586096785917	0.0002737855599251466	0.0031040961582682754	0.0007760522254439088	-0.00549163782987082	-0.005596156687732376	-0.004123439988636624	-0.001877716879667487	-0.002235441572454053	-0.001575163374915549	-0.0012239928210951542	-0.0015228359929679112	0.0007469371948641804	0.0006882647399554057	-0.0015461360547745291	2.9296389413126547e-05	0.0009534513112161909	0.0037306934903819644	0.001447398967184709	-0.0015455190029187637	8.61988287641467e-05	-1.0706619274732379e-05	-0.00014389906829276693	2.8098692814690035e-05	-2.4731786778472943e-05	1.2210534650694964e-06	-0.0	-0.0	0.0	0.0	0.0	0.0	0.0	-0.0	0.0	0.0	0.0	-0.0	-0.0	-0.0	0.0	-0.0	-0.0	0.0	-0.0	-0.0	-0.0	-0.0	-0.0	0.0	0.0	0.0	-0.0	0.0	-0.0	0.0	0.0	-0.0	0.0	-0.0	-0.0	-0.0	0.0	-0.0	0.0	0.0	0.0	0.0	-0.0	0.0	-0.0	0.0	0.0	-0.0	0.0	0.0	-0.0	0.0	0.0	-0.0	0.0	0.0	0.0	0.0	0.0	0.0	0.0	0.0	0.0	0.0	0.0	0.0	0.0	0.0	0.0	0.0	0.0	0.0	0.0	0.0	0.0	0.0	0.0	0.0	0.0	0.0	0.0	0.0	0.0	0.0	0.0	0.0	0.0	0.0	0.0	0.0	0.0	0.0	0.0	0.0	0.0	0.0	0.0	0.0	0.0	0.0	0.0	0.0	0.0	0.0	0.0	0.0	0.0	0.0	0.0	0.0	0.0	0.0	0.0	0.0	0.0	0.0	0.0	0.0	0.0	0.0	0.0	0.0	0.0	0.0	0.0	0.0	0.0	0.0	0.0	0.0	0.0	0.0	0.0	0.0	0.0	0.0	0.0	0.0	0.0	0.0	0.0	0.0	0.0	0.0	0.0	0.0	0.0	0.0	0.0	0.0	0.0	0.0	0.0	0.0	0.0	0.0	0.0
S7-male-3	0.040581081309291965	-0.0044247094778430505	-0.010477767332507295	0.008140726243288083	-0.003132762295866932	0.010956431229083094	-0.019102917443159673	0.002783272352456012	-0.00584299787384232	-0.010088764694395635	-0.001550988462599537	-0.004998204236457813	0.0011257643952858243	0.0015620365689611524	0.0028263675095653597	-0.0015352845615346905	-0.0032429268425253222	-0.00035063037713121015	-0.0014856568785888706	-0.0028595643100926063	-0.0006345292125749548	0.0011151163370745562	0.0004409649774111323	-0.0013461918318453075	-0.0011266959406595139	-0.001398137053596972	0.0005562358015368177	-3.937782781634425e-05	0.0006261467971791407	-0.0007536176998266677	0.0014072016080056448	-0.0022928669283386197	0.0044344501458274815	-0.0019649337068017893	-0.001685783222026027	0.001073852277525823	-1.5660843187718004e-05	0.0	-0.0	0.0	-0.0	0.0	0.0	-0.0	-0.0	0.0	0.0	0.0	0.0	0.0	0.0	-0.0	0.0	0.0	-0.0	0.0	0.0	0.0	-0.0	-0.0	-0.0	-0.0	-0.0	0.0	-0.0	-0.0	0.0	0.0	0.0	0.0	0.0	0.0	0.0	0.0	0.0	-0.0	-0.0	0.0	0.0	-0.0	-0.0	0.0	0.0	0.0	-0.0	0.0	-0.0	0.0	-0.0	-0.0	-0.0	0.0	0.0	0.0	0.0	0.0	0.0	0.0	0.0	0.0	0.0	0.0	0.0	0.0	0.0	0.0	0.0	0.0	0.0	0.0	0.0	0.0	0.0	0.0	0.0	0.0	0.0	0.0	0.0	0.0	0.0	0.0	0.0	0.0	0.0	0.0	0.0	0.0	0.0	0.0	0.0	0.0	0.0	0.0	0.0	0.0	0.0	0.0	0.0	0.0	0.0	0.0	0.0	0.0	0.0	0.0	0.0	0.0	0.0	0.0	0.0	0.0	0.0	0.0	0.0	0.0	0.0	0.0	0.0	0.0	0.0	0.0	0.0	0.0	0.0	0.0	0.0	0.0	0.0	0.0	0.0	0.0	0.0	0.0	0.0	0.0	0.0	0.0	0.0	0.0	0.0	0.0	0.0	0.0	0.0	0.0	0.0	0.0	0.0	0.0	0.0	0.0	0.0	0.0
S8-female-2	-0.1544281176959657	-0.06512407318206687	-0.010937064955957308	0.04727802050726279	0.002223009023067849	0.019370148039889675	0.015437178580407633	-0.0006624739157316172	0.018024503286224364	0.01148325296060037	0.00731292391151761	0.0017050076270564809	9.410239733861661e-06	0.00029930444801543467	-0.0027399579414622154	-0.004439346405187379	0.00048825335832266566	0.003120904830579854	-3.12271216895459e-05	-0.0007116859503869387	-0.0035840956969342757	-0.0016710522852536034	-0.002508803744759142	8.011420560033117e-05	0.001324159482344213	0.00025490547126418895	0.0002855550300837965	-0.0005071122957133629	6.908642567998884e-05	0.00021825909179392709	-0.00017196690729027195	2.101246249080067e-06	-5.760133188307037e-06	-1.3271760602674926e-05	-1.1491268302983155e-05	2.0602175669078554e-05	0.00011537655631166507	-0.0	-0.0	0.0	-0.0	0.0	0.0	-0.0	-0.0	0.0	0.0	0.0	0.0	0.0	-0.0	0.0	0.0	-0.0	0.0	-0.0	-0.0	-0.0	0.0	-0.0	-0.0	0.0	0.0	-0.0	-0.0	-0.0	-0.0	-0.0	-0.0	0.0	-0.0	-0.0	0.0	-0.0	-0.0	0.0	0.0	-0.0	0.0	0.0	0.0	0.0	0.0	0.0	0.0	0.0	0.0	0.0	0.0	-0.0	-0.0	-0.0	0.0	0.0	0.0	0.0	0.0	0.0	0.0	0.0	0.0	0.0	0.0	0.0	0.0	0.0	0.0	0.0	0.0	0.0	0.0	0.0	0.0	0.0	0.0	0.0	0.0	0.0	0.0	0.0	0.0	0.0	0.0	0.0	0.0	0.0	0.0	0.0	0.0	0.0	0.0	0.0	0.0	0.0	0.0	0.0	0.0	0.0	0.0	0.0	0.0	0.0	0.0	0.0	0.0	0.0	0.0	0.0	0.0	0.0	0.0	0.0	0.0	0.0	0.0	0.0	0.0	0.0	0.0	0.0	0.0	0.0	0.0	0.0	0.0	0.0	0.0	0.0	0.0	0.0	0.0	0.0	0.0	0.0	0.0	0.0	0.0	0.0	0.0	0.0	0.0	0.0	0.0	0.0	0.0	0.0	0.0	0.0	0.0	0.0	0.0	0.0	0.0	0.0
S8-female-3	-0.14134123250667213	0.007993920442632729	-0.05918591651749901	-0.0026836517118595	0.01920515486775829	-0.054450172411692616	-0.00034432765454232535	0.00040073664372978026	0.00818953615898595	0.0014623731122266341	-0.011967077574855435	0.007887037207803491	0.0057333087048363944	-1.465360214451005e-05	-0.0017886367931405308	0.0025333207647536857	-0.008531172274294922	-0.010729600314915703	0.003979653686491239	-0.006541555643581822	-0.004359687507598787	-0.0023139786178012632	0.0006976621883006339	0.0009688520447778783	-0.0038156507349196883	-0.0015696095027334866	-0.001082421810931282	-0.000634122861614099	0.0008702352436365499	0.0005886457609999334	0.00023068464869359845	8.690200180737557e-05	4.996501427833641e-05	0.00016676453336211743	5.8565465640974635e-06	0.00011862530989708629	-3.870893994613826e-06	0.0	-0.0	0.0	-0.0	0.0	0.0	-0.0	-0.0	0.0	0.0	0.0	0.0	0.0	0.0	-0.0	0.0	0.0	-0.0	0.0	0.0	0.0	0.0	0.0	-0.0	-0.0	-0.0	0.0	-0.0	-0.0	0.0	0.0	0.0	-0.0	0.0	0.0	-0.0	0.0	0.0	-0.0	-0.0	0.0	0.0	-0.0	-0.0	0.0	0.0	0.0	-0.0	0.0	-0.0	0.0	-0.0	-0.0	-0.0	0.0	0.0	0.0	0.0	0.0	0.0	0.0	0.0	0.0	0.0	0.0	0.0	0.0	0.0	0.0	0.0	0.0	0.0	0.0	0.0	0.0	0.0	0.0	0.0	0.0	0.0	0.0	0.0	0.0	0.0	0.0	0.0	0.0	0.0	0.0	0.0	0.0	0.0	0.0	0.0	0.0	0.0	0.0	0.0	0.0	0.0	0.0	0.0	0.0	0.0	0.0	0.0	0.0	0.0	0.0	0.0	0.0	0.0	0.0	0.0	0.0	0.0	0.0	0.0	0.0	0.0	0.0	0.0	0.0	0.0	0.0	0.0	0.0	0.0	0.0	0.0	0.0	0.0	0.0	0.0	0.0	0.0	0.0	0.0	0.0	0.0	0.0	0.0	0.0	0.0	0.0	0.0	0.0	0.0	0.0	0.0	0.0	0.0	0.0	0.0	0.0	0.0	0.0
S8-male-1	-0.15150976180174391	-0.04886733689251439	-0.010403643022961737	-0.08320683953732076	0.045073146051474104	-0.007000281032136253	0.0037908996654765457	-0.015505259860041289	-0.00048216872215053685	0.011280919549265748	-0.009113470096375826	0.001659190775957791	-0.004822990595304202	-0.0060377562507993995	-0.003399685393983804	0.008598653974185938	0.00030799220831480355	0.004294517854519127	0.0013830984672129894	-0.003827461314480377	-0.0017259968097834387	-0.003179795863438808	-0.0020383497525378698	-0.002141249869562686	0.002580001899363496	0.0035623856894621804	0.0009699715586597533	-0.0003018135125862352	-6.52333170052352e-05	0.00031490528958238014	-0.0005343415270860088	0.0001359382908666425	-9.155060718285212e-06	-2.342181865898715e-05	-9.86031768863242e-05	4.872171862170837e-05	-1.2787042372395978e-06	0.0	-0.0	0.0	-0.0	0.0	0.0	-0.0	-0.0	0.0	0.0	0.0	0.0	0.0	0.0	-0.0	0.0	0.0	-0.0	0.0	0.0	0.0	0.0	-0.0	-0.0	-0.0	-0.0	0.0	-0.0	-0.0	0.0	0.0	0.0	-0.0	0.0	0.0	-0.0	0.0	0.0	-0.0	-0.0	0.0	0.0	-0.0	-0.0	0.0	0.0	0.0	-0.0	0.0	-0.0	0.0	-0.0	-0.0	-0.0	0.0	0.0	0.0	0.0	0.0	0.0	0.0	0.0	0.0	0.0	0.0	0.0	0.0	0.0	0.0	0.0	0.0	0.0	0.0	0.0	0.0	0.0	0.0	0.0	0.0	0.0	0.0	0.0	0.0	0.0	0.0	0.0	0.0	0.0	0.0	0.0	0.0	0.0	0.0	0.0	0.0	0.0	0.0	0.0	0.0	0.0	0.0	0.0	0.0	0.0	0.0	0.0	0.0	0.0	0.0	0.0	0.0	0.0	0.0	0.0	0.0	0.0	0.0	0.0	0.0	0.0	0.0	0.0	0.0	0.0	0.0	0.0	0.0	0.0	0.0	0.0	0.0	0.0	0.0	0.0	0.0	0.0	0.0	0.0	0.0	0.0	0.0	0.0	0.0	0.0	0.0	0.0	0.0	0.0	0.0	0.0	0.0	0.0	0.0	0.0	0.0	0.0	0.0
S8-male-2	-0.13758933957242342	-0.008595235958870986	-0.041047754546293704	-0.005152279666799272	-0.007806827628056765	0.013254518986230639	-0.006057773626273877	-0.0086635896378787	0.011798461426485113	-0.02271062765409804	0.01351134193847195	-0.002058532537411677	0.0009451884264512262	0.0014901742531089153	0.0023491669980072573	-0.005375734592973634	-0.003292767628126305	-0.0025002742405336193	-0.0007823142316956881	-0.00034954955416482687	-0.0011320110046860738	0.0010605075429070238	0.00012369224130782494	0.0006217852835716492	-0.0004617741166075997	-0.00010323759308420313	8.800864672701382e-05	-0.001043631237685645	-0.002873254725883311	-0.0007242176314014994	0.0009228131161701208	-8.131634259981992e-05	4.895766670883562e-06	7.32359157911871e-05	-4.098429436267169e-05	-8.709813370833872e-06	1.3730231098698157e-08	0.0	-0.0	0.0	-0.0	0.0	0.0	-0.0	-0.0	0.0	0.0	0.0	0.0	0.0	-0.0	0.0	0.0	-0.0	-0.0	0.0	0.0	0.0	-0.0	0.0	-0.0	-0.0	-0.0	-0.0	-0.0	-0.0	0.0	0.0	0.0	-0.0	-0.0	-0.0	0.0	0.0	0.0	0.0	0.0	0.0	0.0	-0.0	-0.0	0.0	0.0	0.0	-0.0	0.0	-0.0	0.0	-0.0	-0.0	-0.0	0.0	0.0	0.0	0.0	0.0	0.0	0.0	0.0	0.0	0.0	0.0	0.0	0.0	0.0	0.0	0.0	0.0	0.0	0.0	0.0	0.0	0.0	0.0	0.0	0.0	0.0	0.0	0.0	0.0	0.0	0.0	0.0	0.0	0.0	0.0	0.0	0.0	0.0	0.0	0.0	0.0	0.0	0.0	0.0	0.0	0.0	0.0	0.0	0.0	0.0	0.0	0.0	0.0	0.0	0.0	0.0	0.0	0.0	0.0	0.0	0.0	0.0	0.0	0.0	0.0	0.0	0.0	0.0	0.0	0.0	0.0	0.0	0.0	0.0	0.0	0.0	0.0	0.0	0.0	0.0	0.0	0.0	0.0	0.0	0.0	0.0	0.0	0.0	0.0	0.0	0.0	0.0	0.0	0.0	0.0	0.0	0.0	0.0	0.0	0.0	0.0	0.0	0.0
S8-male-3	0.03761389952011601	-0.021666745622814877	-0.05988890915190294	-0.009459844351361827	-0.021321578389861096	0.013580331750466315	0.012681981999271567	-0.017790923870368784	0.023380764989730848	-0.0035287404562142563	0.0067316262579835305	0.00987059571328645	0.01082811889565372	-0.008369909878236386	0.0031661399824601064	0.002428691362235022	0.0025371745570310178	-0.0013916189670003833	0.0006290608657198587	-0.0033676561214793332	-0.0034817636272019407	-0.001443195243338894	-0.0037410699488611833	-0.0002087334161520682	0.0023521595537651643	-0.0022622798391544172	0.0006150855196543852	0.0013286142858668244	-0.0016288075338209953	-0.0002654814491409062	-0.0011944356306982883	0.0002694107215819513	2.6399010477766755e-05	-0.00010677495584223974	0.00016493277561548196	-2.5502438751484973e-06	-2.4075299119073857e-06	0.0	-0.0	0.0	-0.0	0.0	0.0	-0.0	-0.0	0.0	0.0	0.0	0.0	0.0	0.0	0.0	0.0	-0.0	-0.0	0.0	0.0	0.0	-0.0	0.0	0.0	-0.0	0.0	0.0	-0.0	-0.0	0.0	0.0	0.0	0.0	0.0	0.0	-0.0	0.0	-0.0	-0.0	-0.0	0.0	0.0	-0.0	-0.0	0.0	0.0	0.0	-0.0	0.0	-0.0	0.0	-0.0	-0.0	-0.0	0.0	0.0	0.0	0.0	0.0	0.0	0.0	0.0	0.0	0.0	0.0	0.0	0.0	0.0	0.0	0.0	0.0	0.0	0.0	0.0	0.0	0.0	0.0	0.0	0.0	0.0	0.0	0.0	0.0	0.0	0.0	0.0	0.0	0.0	0.0	0.0	0.0	0.0	0.0	0.0	0.0	0.0	0.0	0.0	0.0	0.0	0.0	0.0	0.0	0.0	0.0	0.0	0.0	0.0	0.0	0.0	0.0	0.0	0.0	0.0	0.0	0.0	0.0	0.0	0.0	0.0	0.0	0.0	0.0	0.0	0.0	0.0	0.0	0.0	0.0	0.0	0.0	0.0	0.0	0.0	0.0	0.0	0.0	0.0	0.0	0.0	0.0	0.0	0.0	0.0	0.0	0.0	0.0	0.0	0.0	0.0	0.0	0.0	0.0	0.0	0.0	0.0	0.0
S9-female-1	0.03816254729763754	-0.03115094275728211	-0.08338874595544184	-0.003199043079397152	0.002914144873171852	-0.017988351771709456	0.005048388144447742	0.0014593736460887167	-0.0010789112672262193	-0.00566903880529137	-0.01550091401377635	-0.0032198195278365822	0.006485369371905538	0.005977814463736915	0.005525691148498436	-0.011690755203830828	0.023874405235977707	0.011741988346323354	-0.0010427356048004065	0.005186259859272178	9.345708716630688e-05	-0.0018689097608703166	0.0007667362074136624	-0.0006086192660922458	-0.0005478065420804053	0.0007693625551040666	0.00011482683327483395	-0.0006519702524792659	0.00041588305592107314	0.00029599351055961833	-0.00027324570952741873	-6.706578528646613e-05	1.3131864097828613e-05	1.7127690326899855e-05	-1.5384471459046838e-05	-3.752599868694994e-05	1.8556818209497389e-06	0.0	-0.0	0.0	-0.0	0.0	0.0	-0.0	-0.0	0.0	0.0	0.0	0.0	0.0	-0.0	0.0	0.0	-0.0	0.0	-0.0	-0.0	-0.0	0.0	0.0	0.0	0.0	0.0	-0.0	-0.0	-0.0	0.0	0.0	0.0	0.0	-0.0	0.0	0.0	-0.0	-0.0	0.0	0.0	0.0	0.0	-0.0	-0.0	0.0	0.0	0.0	-0.0	0.0	-0.0	0.0	-0.0	-0.0	-0.0	0.0	0.0	0.0	0.0	0.0	0.0	0.0	0.0	0.0	0.0	0.0	0.0	0.0	0.0	0.0	0.0	0.0	0.0	0.0	0.0	0.0	0.0	0.0	0.0	0.0	0.0	0.0	0.0	0.0	0.0	0.0	0.0	0.0	0.0	0.0	0.0	0.0	0.0	0.0	0.0	0.0	0.0	0.0	0.0	0.0	0.0	0.0	0.0	0.0	0.0	0.0	0.0	0.0	0.0	0.0	0.0	0.0	0.0	0.0	0.0	0.0	0.0	0.0	0.0	0.0	0.0	0.0	0.0	0.0	0.0	0.0	0.0	0.0	0.0	0.0	0.0	0.0	0.0	0.0	0.0	0.0	0.0	0.0	0.0	0.0	0.0	0.0	0.0	0.0	0.0	0.0	0.0	0.0	0.0	0.0	0.0	0.0	0.0	0.0	0.0	0.0	0.0	0.0
S9-female-3	-0.13758934340317652	-0.008595233194756257	-0.04104776887439379	-0.005152299899759082	-0.007806842628342593	0.013254513141057727	-0.006057787924632661	-0.008663608576317311	0.011798468827160463	-0.022710631239509615	0.013511351466761407	-0.002058522910903267	0.0009452185510312175	0.0014901917266110715	0.0023491450284047377	-0.005375726542805953	-0.003292776791520478	-0.0025002775934914487	-0.0007822984806083977	-0.0003496187854857592	-0.0011321065882633158	0.0010604977966756797	0.00012376295426206512	0.0006216026273265294	-0.00046183688493018347	-0.00010323752718729744	8.817798535475353e-05	-0.0010437692455688785	-0.0028731913418178624	-0.0007242678698401462	0.0009227479033212473	-8.122436621623802e-05	4.888661703491309e-06	7.289744598216255e-05	-4.1633069171732584e-05	-8.326948640962809e-06	-3.7102427738852292e-09	0.0	-0.0	0.0	-0.0	0.0	0.0	-0.0	-0.0	0.0	0.0	0.0	0.0	0.0	0.0	0.0	0.0	0.0	0.0	-0.0	-0.0	-0.0	0.0	-0.0	0.0	0.0	0.0	-0.0	-0.0	-0.0	0.0	0.0	-0.0	-0.0	0.0	0.0	-0.0	-0.0	-0.0	-0.0	-0.0	0.0	0.0	-0.0	-0.0	0.0	0.0	0.0	-0.0	0.0	-0.0	0.0	-0.0	-0.0	-0.0	0.0	0.0	0.0	0.0	0.0	0.0	0.0	0.0	0.0	0.0	0.0	0.0	0.0	0.0	0.0	0.0	0.0	0.0	0.0	0.0	0.0	0.0	0.0	0.0	0.0	0.0	0.0	0.0	0.0	0.0	0.0	0.0	0.0	0.0	0.0	0.0	0.0	0.0	0.0	0.0	0.0	0.0	0.0	0.0	0.0	0.0	0.0	0.0	0.0	0.0	0.0	0.0	0.0	0.0	0.0	0.0	0.0	0.0	0.0	0.0	0.0	0.0	0.0	0.0	0.0	0.0	0.0	0.0	0.0	0.0	0.0	0.0	0.0	0.0	0.0	0.0	0.0	0.0	0.0	0.0	0.0	0.0	0.0	0.0	0.0	0.0	0.0	0.0	0.0	0.0	0.0	0.0	0.0	0.0	0.0	0.0	0.0	0.0	0.0	0.0	0.0	0.0	0.0
S9-male-2	-0.14721600262884058	-0.042863041820126374	-0.0013195953364027978	-0.07741348173634675	0.03501011704940272	0.001477446638083245	-0.006647058011064956	-0.027842714269627724	0.026083627702105948	-0.02233548640330665	0.013572971224700699	0.00012979756649612057	-0.0016250043638395893	-0.0021807599588086653	0.004722035080473375	-0.006399429809700181	-0.0025218326484209123	0.0026952554639823618	0.0002379822506814906	-0.0035597079061187404	-0.004242887542052134	0.00027468502835247915	-0.0010897038441070295	0.0007941249657997325	0.001457063322773937	-0.0004813697848790607	-0.0003703639726925496	-0.0001849068683366498	0.0012521973504037887	-0.0026659350474587695	0.0001256468281776708	-2.343611134122906e-05	-2.1645132887691506e-05	1.0229644658998502e-05	6.428404810852485e-05	-2.1195581226115315e-05	6.3819119476438e-07	0.0	-0.0	0.0	-0.0	0.0	0.0	-0.0	-0.0	0.0	0.0	0.0	0.0	0.0	-0.0	0.0	0.0	-0.0	0.0	-0.0	-0.0	-0.0	-0.0	-0.0	0.0	-0.0	0.0	-0.0	-0.0	-0.0	0.0	0.0	-0.0	0.0	-0.0	-0.0	-0.0	-0.0	-0.0	0.0	0.0	0.0	0.0	-0.0	-0.0	0.0	0.0	0.0	-0.0	0.0	-0.0	0.0	-0.0	-0.0	-0.0	0.0	0.0	0.0	0.0	0.0	0.0	0.0	0.0	0.0	0.0	0.0	0.0	0.0	0.0	0.0	0.0	0.0	0.0	0.0	0.0	0.0	0.0	0.0	0.0	0.0	0.0	0.0	0.0	0.0	0.0	0.0	0.0	0.0	0.0	0.0	0.0	0.0	0.0	0.0	0.0	0.0	0.0	0.0	0.0	0.0	0.0	0.0	0.0	0.0	0.0	0.0	0.0	0.0	0.0	0.0	0.0	0.0	0.0	0.0	0.0	0.0	0.0	0.0	0.0	0.0	0.0	0.0	0.0	0.0	0.0	0.0	0.0	0.0	0.0	0.0	0.0	0.0	0.0	0.0	0.0	0.0	0.0	0.0	0.0	0.0	0.0	0.0	0.0	0.0	0.0	0.0	0.0	0.0	0.0	0.0	0.0	0.0	0.0	0.0	0.0	0.0	0.0	0.0

Biplot	0	0

Site constraints	0	0
