	S1-female-1	S1-female-2	S1-female-3	S1-male-1	S10-female-2	S10-Female-3	S10-male-1	S10-male-2-	S2-female-2	S2-male-1	S2-male-2	S2014F_E2-2-A-F	S2014F_E2-2-B-F	S2014F_E2-2-C-F	S2014F_E2-3-A-F	S2014F_E2-3-B-F	S2014F_E2-3-C-F	S2014F_E5-2-A-F	S2014F_E5-2-A-F_plate2	S2014F_E5-2-B-F	S2014F_E5-3-B-F	S2014F_E5-3-C-F	S2014F_E5-C-2-F	S2014F_E7-1-A-F	S2014F_E7-2-C-F	S2014F_E7-3-A-F	S2014F_E7-3-B-F	S2014F_E7-3-C-F	S2014F_E9-2-A-F	S2014F_E9-2-B-F	S2014F_E9-2-C-F	S2014F_E9-3-A-F	S2014F_E9-3-B-F	S2014F_E9-3-C-F	S2014m_E2-1-A-F	S2014M_E2-1-A-M	S2014m_E2-1-B-F	S2014M_E2-1-B-M	S2014m_E2-1-C-F	S2014m_E2-1-C-M	S2014m_E2-2-A-M	S2014m_E2-2-B-M	S2014m_E2-2-C-M	S2014m_E2-3-A-M	S2014m_E2-3-B-M	S2014m_E2-3-C-M	S2014m_E5-1-A-F	S2014M_E5-1-A-M	S2014m_E5-1-B-F	S2014M_E5-1-B-M	S2014m_E5-1-C-F	S2014M_E5-1-C-M	S2014m_E5-2-A-M	S2014m_E5-2-B-M	S2014m_E5-3-A-M	S2014m_E5-3-B-M	S2014m_E5-3-C-M	S2014m_E7-1-A-M	S2014m_E7-1-B-F	S2014m_E7-1-B-M	S2014m_E7-1-C-F	S2014m_E7-1-C-M	S2014m_E7-2-A-F	S2014m_E7-2-A-M	S2014m_E7-2-B-F	S2014m_E7-2-B-M	S2014m_E7-2-C-M	S2014m_E7-3-A-M	S2014M_E7-3-B-M	S2014m_E7-3-C-M	S2014M_E9-1-A-M	S2014m_E9-1-B-F	S2014M_E9-1-B-M	S2014m_E9-1-C-F	S2014M_E9-1-C-M	S2014M_E9-2-A-M	S2014m_E9-2-B-M	S2014m_E9-2-C-M	S2014m_E9-3-A-M	S2014m_E9-3-B-M	S2014m_E9-3-C-M	S2014m_E9-A-1-F	S2017t1_E11-T1a-Female	S2017t1_E11-T1a-Male	S2017t1_E11-T1b-Female	S2017t1_E11-T1b-Male	S2017t1_E13-T1a-Female	S2017t1_E13-T1a-Male	S2017t1_E13-T1b-Female	S2017t1_E13-T1b-Male	S2017t1_E14-T1a-Female	S2017t1_E14-T1a-Male	S2017t1_E14-T1b-Female	S2017t1_E14-T1b-Male	S2017t1_E16-T1a-Female	S2017t1_E16-T1b-Female	S2017t1_E17-T1a-Female	S2017t1_E17-T1a-Male	S2017t1_E17-T1b-Male	S2017t1_E19-T1a-Male	S2017t1_E19-T1b-Male	S2017t1_E23-T1a-Female	S2017t1_E23-T1a-Male	S2017t1_E23-T1b-Male	S2017t1_E30-T1a-Female	S2017t1_E30-T1a-Male	S2017t2_E11-T2a-Male_C7D5_5f	S2017t2_E11-T2a-Male	S2017t2_E11-T2b-Female	S2017t2_E11-T2b-Male	S2017t2_E13-T2a-Female	S2017t2_E13-T2a-Male	S2017t2_E13-T2b-Female	S2017t2_E13-T2b-Male	S2017t2_E14-T2a-Female	S2017t2_E14-T2a-Male	S2017t2_E14-T2b-Female	S2017t2_E14-T2b-Male	S2017t2_E16-T2a-Female	S2017t2_E16-T2a-Male	S2017t2_E16-T2b-Female	S2017t2_E16-T2b-Male	S2017t2_E17-T2a-Female	S2017t2_E17-T2a-Male	S2017t2_E17-T2b-Female	S2017t2_E17-T2b-Male	S2017t2_E19-T2a-Female	S2017t2_E19-T2a-Male	S2017t2_E19-T2b-Female	S2017t2_E19-T2b-Male	S2017t2_E23-T2a-Female	S2017t2_E23-T2a-Male	S2017t2_E23-T2b-Female	S2017t2_E23-T2b-Male	S2017t2_E30-T2a-Female	S2017t2_E30-T2a-Male	S2017t2_E30-T2b-Female	S2017t2_E30-T2b-Male	S2017t3_E11-T3a-Female	S2017t3_E11-T3a-Male	S2017t3_E16-T3b-Female	S2017t3_E16-T3b-Male	S2017t3_E17-T3a-Female	S2017t3_E17-T3a-Male	S2017t3_E30-T3b-Female	S2017t3_E30-T3b-Male	S2017t3F_E11-T3b-Female	S2017t3F_E13-T3a-Female	S2017t3F_E13-T3b-Female	S2017t3F_E14-T3a-Female	S2017t3F_E14-T3b-Female	S2017t3F_E16-T3a-Female	S2017t3F_E17-T3b-Female	S2017t3F_E19-T3a-Female	S2017t3F_E19-T3b-Female	S2017t3F_E23-T3a-Female	S2017t3F_E23-T3b-Female	S2017t3F_E30-T3a-Female	S2017t3M_E11-T3b-Male	S2017t3M_E13-T3a-Male	S2017t3M_E14-T3a-Male	S2017t3M_E14-T3b-Male	S2017t3M_E16-T3a-Male	S2017t3M_E17-T3b-Male	S2017t3M_E19-T3a-Male	S2017t3M_E19-T3b-Male	S2017t3M_E23-T3a-Male	S2017t3M_E23-T3b-Male	S2017t3M_E30-T3a-Male	S3-female-3	S3-male-1	S3-male-2	S4-male-2	S4-male-3	S5-female-1	S5-male-1	S5-male-2	S5-male-3	s6-Female-1	S6-female-2	S6-female-3	S6-male-3	S7-female-2	S7-female-3	S7-male-2	S7-male-3	S8-female-2	S8-female-3	S8-male-1	S8-male-2	S8-male-3	S9-female-1	S9-female-3	S9-male-2
S1-female-1	0	0.03400259092450142	0.05571204423904419	0.02339196763932705	0.0600535124540329	0.06664061546325684	0.04587047174572945	0.03756798058748245	0.04992442950606346	0.002543792128562927	0.02057655341923237	0.07270209491252899	0.07217932492494583	0.05832802131772041	0.05293567851185799	0.0501788966357708	0.05744734406471252	0.051051314920187	0.05451900511980057	0.08136257529258728	0.06154002249240875	0.06800341606140137	0.06165659800171852	0.07817786186933517	0.05361146107316017	0.06113908067345619	0.05756160244345665	0.06732156127691269	0.0493980199098587	0.05939360707998276	0.05287100747227669	0.05311990901827812	0.05470172315835953	0.05338861793279648	0.08146725594997406	0.08098717033863068	0.08062064647674561	0.06295331567525864	0.0808824896812439	0.05375996232032776	0.05894080549478531	0.0716586709022522	0.06851698458194733	0.05094508826732635	0.06592577695846558	0.05896139517426491	0.0523112565279007	0.06949197500944138	0.06063936278223991	0.07844925671815872	0.05085504427552223	0.06350253522396088	0.06064997613430023	0.04026660323143005	0.05698994919657707	0.07679487019777298	0.06274361163377762	0.05356844142079353	0.08215875178575516	0.06339249759912491	0.05067415907979012	0.0806749016046524	0.06896524876356125	0.07754290848970413	0.06147515401244164	0.06883172690868378	0.06781268119812012	0.05113187804818153	0.05179974064230919	0.0565127320587635	0.07171643525362015	0.07120624184608459	0.06099443137645721	0.07153576612472534	0.06774326413869858	0.08215875178575516	0.05068210884928703	0.0690670907497406	0.05518083646893501	0.05446679890155792	0.05542663484811783	0.0710216760635376	0.0763654038310051	0.0591687485575676	0.06262367218732834	0.06517915427684784	0.07447499781847	0.07216311991214752	0.0733114555478096	0.07617714256048203	0.06316282600164413	0.0297026913613081	0.03581820428371429	0.0360015295445919	0.08194711059331894	0.06682343035936356	0.05764391273260117	0.05810578912496567	0.1403380334377289	0.06872009485960007	0.06289367377758026	0.05404774472117424	0.04500448703765869	0.04663143306970596	0.05867021903395653	0.07961895316839218	0.072031170129776	0.06007611006498337	0.08029872179031372	0.08093589544296265	0.07608995586633682	0.07966522872447968	0.0667911097407341	0.08215875178575516	0.06840468198060989	0.07913254946470261	0.06046515703201294	0.04896737635135651	0.05228683352470398	0.05905048176646233	0.07171551883220673	0.0544746033847332	0.0661570280790329	0.07338957488536835	0.07189642637968063	0.06707847118377686	0.06422173976898193	0.07059933245182037	0.06438662856817245	0.07578697055578232	0.0657956600189209	0.08019369840621948	0.0782804861664772	0.07821746170520782	0.07621807605028152	0.07027842849493027	0.06140565872192383	0.05997711792588234	0.07899252325296402	0.05495408177375793	0.07288960367441177	0.07653044909238815	0.06536801159381866	0.05719830095767975	0.0621328093111515	0.06039684638381004	0.06590688228607178	0.06777551770210266	0.06611339747905731	0.06633619219064713	0.06906577944755554	0.05440451204776764	0.06443580240011215	0.06155466288328171	0.05868948996067047	0.06284566223621368	0.06058630347251892	0.05348267778754234	0.05495335534214973	0.06512408703565598	0.06985614448785782	0.06274222582578659	0.05952490866184235	0.0574285201728344	0.06101887673139572	0.0805659294128418	0.05640053749084473	0.06546361744403839	0.05706990882754326	0.07066383212804794	0.08966459333896637	0.0974852442741394	0.05571204423904419	0.06090493872761726	0.02135493792593479	0.07706411182880402	0.05401130020618439	0.06545273214578629	0.06998935341835022	0.04760392010211945	0.05988787487149239	0.07003976404666901	0.05486604198813438	0.04308151081204414	0.02196177095174789	0.0543450191617012	0.05612003803253174	0.04093427956104279	0.08024720847606659	0.04976383969187737	0.05944822728633881	0.05164383724331856	0.0664193332195282	0.09621305763721466
S1-female-2	0.03400259092450142	0	0.08971463143825531	0.01061062514781952	0.04839703440666199	0.06004327908158302	0.04925262928009033	0.004197734408080578	0.08392701297998428	0.03336112201213837	0.02298347651958466	0.08292161673307419	0.06080185249447823	0.06467094272375107	0.07831040024757385	0.07672161608934402	0.08011861145496368	0.04110721126198769	0.06717278808355331	0.08596236258745193	0.06088881194591522	0.05634694918990135	0.06960026919841766	0.08277764171361923	0.065557561814785	0.06700663268566132	0.07528111338615417	0.08050813525915146	0.07396631687879562	0.06242584809660912	0.08060100674629211	0.08189535140991211	0.08365140110254288	0.08164133876562119	0.08606705069541931	0.08558696508407593	0.08549943566322327	0.06490336358547211	0.08548226952552795	0.06762611120939255	0.06065738201141357	0.06000219658017159	0.05713949352502823	0.07624941319227219	0.06285610795021057	0.06668997555971146	0.07453077286481857	0.08285421133041382	0.08045952767133713	0.08535356074571609	0.07708772271871567	0.08039198815822601	0.05461323633790016	0.03126278519630432	0.06179433315992355	0.08139465004205704	0.06026467308402061	0.07886524498462677	0.08675854653120041	0.081919826567173	0.08101774752140045	0.08614711463451385	0.05877458304166794	0.08214268833398819	0.06026322022080421	0.06394635885953903	0.05838968604803085	0.07938459515571594	0.08058279752731323	0.08216103911399841	0.06366933882236481	0.06101559475064278	0.0671972930431366	0.06015828996896744	0.05933284014463425	0.08675854653120041	0.07712127268314362	0.07122185826301575	0.08165790885686874	0.0823710560798645	0.08437630534172058	0.0596441850066185	0.08421126008033752	0.07246938347816467	0.07202600687742233	0.06402713060379028	0.07907477766275406	0.07815910130739212	0.07791123539209366	0.08105593174695969	0.07694283127784729	0.05001027137041092	0.05071524158120155	0.05060567334294319	0.08654690533876419	0.08405535668134689	0.07317891716957092	0.08513764292001724	0.1437909305095673	0.05052611604332924	0.09062367677688599	0.0766199603676796	0.03635843098163605	0.07359553873538971	0.06054836511611938	0.08421873301267624	0.0849728137254715	0.07385611534118652	0.08577091991901398	0.0864080935716629	0.08142288774251938	0.08447437733411789	0.05919390171766281	0.08675854653120041	0.05880743637681007	0.08401133120059967	0.07381095737218857	0.04056692868471146	0.07924770563840866	0.07520414888858795	0.08015477657318115	0.07017607986927032	0.07040347158908844	0.07819874584674835	0.07438982278108597	0.07167826592922211	0.07622149586677551	0.08022543787956238	0.08054028451442719	0.08363282680511475	0.07650383561849594	0.08625932037830353	0.08396193385124207	0.08546990901231766	0.08207478374242783	0.07561136782169342	0.05721166729927063	0.06478521227836609	0.08359230309724808	0.07951387763023376	0.07836179435253143	0.08200263977050781	0.08211508393287659	0.079286128282547	0.077867291867733	0.06378833204507828	0.05868329852819443	0.06055192649364471	0.0711962878704071	0.0573323555290699	0.05767406523227692	0.07747402042150497	0.07524875551462173	0.07652150094509125	0.07421080023050308	0.09057566523551941	0.08326753228902817	0.07352457195520401	0.07702670991420746	0.05912627279758453	0.07532834261655807	0.07265032827854156	0.06413840502500534	0.08515853434801102	0.0807330384850502	0.08603813499212265	0.08413053303956985	0.09319362789392471	0.0682578980922699	0.05900735780596733	0.07623346149921417	0.08182062953710556	0.08971463143825531	0.05207535997033119	0.01348272152245045	0.06122036650776863	0.06283774226903915	0.05822915956377983	0.06133400648832321	0.04296601563692093	0.05803267657756805	0.0607910081744194	0.03500182926654816	0.07246389240026474	0.03626589104533195	0.06271665543317795	0.03033791668713093	0.04246078431606293	0.07117704302072525	0.06565496325492859	0.08717824518680573	0.07276654988527298	0.05793929845094681	0.08142084628343582
S1-female-3	0.05571204423904419	0.08971463143825531	0	0.07910399883985519	0.05617592856287956	0.0404169075191021	0.04233982786536217	0.09328001737594604	0.005996385589241982	0.0574098713696003	0.07534576207399368	0.0509495884180069	0.046649519354105	0.03626774623990059	0.03268656879663467	0.02080488577485085	0.02715258486568928	0.06623455882072449	0.02668423391878605	0.05771304294466972	0.04222937300801277	0.04784999415278435	0.0433034636080265	0.0570576973259449	0.03037851303815842	0.04278595373034477	0.04015906900167465	0.04730904474854469	0.02813212014734745	0.0390680767595768	0.01942045614123344	0.01212055049836636	0.01155986823141575	0.01537011936306953	0.05760836228728294	0.05723303183913231	0.05697112157940865	0.04373444616794586	0.05733771249651909	0.030999805778265	0.03549271076917648	0.04821058362722397	0.04992619901895523	0.02461325936019421	0.04063363745808601	0.03343158587813377	0.03234956786036491	0.04584244266152382	0.03741281852126122	0.05416737869381905	0.01967634260654449	0.04048534482717514	0.0462932288646698	0.06558205932378769	0.03355075418949127	0.05652066320180893	0.04317823797464371	0.02929371036589146	0.05787687003612518	0.03932012617588043	0.02353407070040703	0.05639303848147392	0.04629437997937202	0.05642274767160416	0.03941487520933151	0.05024094879627228	0.04562058672308922	0.02360999397933483	0.02808451652526855	0.03163743764162064	0.05312565341591835	0.04532948508858681	0.04240365326404572	0.04608931019902229	0.04464210569858551	0.05787687003612518	0.02724280022084713	0.0504763163626194	0.03054319135844707	0.02293750271201134	0.01495418976992369	0.04618576914072037	0.05303424224257469	0.03799979761242867	0.03165166452527046	0.03949983045458794	0.05040261894464493	0.04809074103832245	0.05029851570725441	0.05189525336027145	0.04964563623070717	0.05313385650515556	0.04911717027425766	0.05605529248714447	0.05766522139310837	0.04275105893611908	0.03616286441683769	0.03372584655880928	0.1212844699621201	0.1244321539998055	0.01874825358390808	0.03070865012705326	0.1000841483473778	0.02069627121090889	0.05653697997331619	0.05533706769347191	0.0638207346200943	0.05964206159114838	0.0562262088060379	0.05665402486920357	0.05349573865532875	0.05654327571392059	0.04717957973480225	0.05787687003612518	0.04773219674825668	0.05674770101904869	0.04166501760482788	0.06752800196409225	0.0271154772490263	0.0428885892033577	0.04743363708257675	0.035883828997612	0.0610758513212204	0.05248511955142021	0.05330563336610794	0.06707075983285904	0.0443662628531456	0.04631746187806129	0.04537918791174889	0.05277403816580772	0.04865578562021255	0.05591181665658951	0.05473571270704269	0.05393557995557785	0.05425620451569557	0.05317434296011925	0.04493609815835953	0.04688496515154839	0.05660766735672951	0.03076659888029099	0.04987241327762604	0.05561964958906174	0.04235082119703293	0.037137720733881	0.04017094895243645	0.03694875538349152	0.04465869069099426	0.04571521654725075	0.04752261936664581	0.0465727411210537	0.05047500878572464	0.03505384549498558	0.05471253767609596	0.04254089295864105	0.04009870812296867	0.02099829353392124	0.03735974431037903	0.02735946699976921	0.0355251245200634	0.04618635401129723	0.05126536637544632	0.04415145516395569	0.04349470883607864	0.0340188704431057	0.03926637396216393	0.05628406628966331	0.02750672213733196	0.0151529498398304	0.03084619529545307	0.04837962612509727	0.1403179168701172	0.1475062072277069	0	0.0497937984764576	0.07706697285175323	0.1327761560678482	0.02778759971261024	0.05070934072136879	0.04376564919948578	0.05117502808570862	0.03818216174840927	0.04381606727838516	0.1105780899524689	0.01912965439260006	0.05532769858837128	0.02881522476673126	0.1118320673704147	0.0486600361764431	0.1302681714296341	0.02621691860258579	0.01894363015890121	0.02050969190895557	0.04391998797655106	0.1462340205907822
S1-male-1	0.02339196763932705	0.01061062514781952	0.07910399883985519	0	0.0441102534532547	0.05069734528660774	0.03990669175982475	0.01417601760476828	0.07331638783216476	0.02275049686431885	0.02727026306092739	0.07491845637559891	0.05623605474829674	0.05440878495573997	0.0687452107667923	0.0661109983921051	0.07072765380144119	0.03694353997707367	0.05816557258367538	0.08179870247840881	0.05160262063145638	0.05206015706062317	0.06187563389539719	0.07861398905515671	0.05616660788655281	0.05865653604269028	0.0667552575469017	0.07250500470399857	0.06457535177469254	0.05303488299250603	0.07121006399393082	0.07145895808935165	0.07304078340530396	0.07172767817974091	0.08190338313579559	0.08142329752445221	0.08105677366256714	0.05833351239562035	0.08131861686706543	0.05872255936264992	0.0518987774848938	0.055715411901474	0.05257370695471764	0.06633574515581131	0.05472984537482262	0.05729902163147926	0.06479133665561676	0.07485104352235794	0.07245638221502304	0.07888538390398026	0.06769676506519318	0.07238885015249252	0.04648695886135101	0.02432334236800671	0.05240337550640106	0.07723098248243332	0.05173428729176521	0.07016818970441818	0.08259487152099609	0.07391667366027832	0.07040712237358093	0.08111102879047394	0.05302197486162186	0.07797903567552567	0.05028021335601807	0.05978269502520561	0.05186942219734192	0.06947093456983566	0.07101303339004517	0.07415787875652313	0.05950567871332169	0.0552629716694355	0.05867142230272293	0.05559251084923744	0.05179999396204948	0.08259487152099609	0.06859088689088821	0.06381212919950485	0.07282598316669464	0.07280586659908295	0.07376568764448166	0.05507839471101761	0.07680152356624603	0.06307843327522278	0.06267030537128448	0.05548213422298431	0.07491112500429153	0.07259923219680786	0.07374757528305054	0.07661325484514236	0.06893967837095261	0.04200711473822594	0.04236513003706932	0.04260250180959702	0.08238322287797928	0.07483254373073578	0.06378795206546783	0.07574668526649475	0.1402988731861115	0.05987204238772392	0.0812327116727829	0.06792291253805161	0.04235229268670082	0.06420458108186722	0.05638469383120537	0.08005507290363312	0.07662118971347809	0.06585296243429184	0.08073484897613525	0.08137201517820358	0.07652606815099716	0.08010134100914001	0.05324606224894524	0.08259487152099609	0.0524614155292511	0.07956866174936295	0.06580779701471329	0.03612426295876503	0.06915979832410812	0.06720100343227386	0.07215162366628647	0.06113208457827568	0.06596080958843231	0.07382570207118988	0.07022615522146225	0.06751459836959839	0.06821834295988083	0.07222228497266769	0.0725371390581131	0.07622309029102325	0.06850069016218185	0.08062981069087982	0.07871661335229874	0.07865358144044876	0.07665418833494186	0.0707145556807518	0.05126728862524033	0.05713020637631416	0.07942863553762436	0.07012292742729187	0.07332572340965271	0.07696657627820969	0.0741119384765625	0.07128297537565231	0.06968990713357925	0.05482036620378494	0.05055703595280647	0.05242566019296646	0.06319314986467361	0.05039291456341743	0.05263799056410789	0.06808305531740189	0.06724558770656586	0.06851834058761597	0.06620766222476959	0.08118471503257751	0.07526437938213348	0.063785120844841	0.06798270344734192	0.05036766454577446	0.07029226422309875	0.06464716047048569	0.05560801923274994	0.07576758414506912	0.07272988557815552	0.08100205659866333	0.07473958283662796	0.08380266278982162	0.0588669516146183	0.05472057685256004	0.0833459198474884	0.09116654843091965	0.07910399883985519	0.04496167972683907	0.004091765265911818	0.07011307030916214	0.05349179357290268	0.05010288208723068	0.05404609814286232	0.03532715141773224	0.04986244812607765	0.05409650504589081	0.0415915809571743	0.06185324490070343	0.02670069597661495	0.05395330116152763	0.03968384861946106	0.03279158845543861	0.07546383142471313	0.05626401305198669	0.07778728008270264	0.06302711367607117	0.0504760704934597	0.08989435434341431
S10-female-2	0.0600535124540329	0.04839703440666199	0.05617592856287956	0.0441102534532547	0	0.01575902104377747	0.01479618530720472	0.05228035151958466	0.05038831010460854	0.05984232947230339	0.07138051837682724	0.05701582133769989	0.01271921675652266	0.03321393579244614	0.0477139987051487	0.04318291321396828	0.04657989740371704	0.0283966027200222	0.03352932631969452	0.05974215269088745	0.03194381669163704	0.02166110649704933	0.04369448870420456	0.05655743926763535	0.03292790427803993	0.04075390100479126	0.04937535151839256	0.05460236594080925	0.0438971146941185	0.03270359709858894	0.04926222190260887	0.04835664480924606	0.05011270567774773	0.04896320775151253	0.05984683707356453	0.05936675146222115	0.05959364771842957	0.03865063562989235	0.05926207080483437	0.03651605919003487	0.02781257592141628	0.01356375403702259	0.02535793744027615	0.04348796233534813	0.02172926999628544	0.03315126523375511	0.04723717272281647	0.05694841220974922	0.05455374717712402	0.0594477578997612	0.04458985850214958	0.05448621511459351	0.01222170703113079	0.02565241977572441	0.02911619655787945	0.05517444387078285	0.03211814910173416	0.05226556584239006	0.06053832545876503	0.056014034897089	0.05233635753393173	0.06024131923913956	0.01722185686230659	0.0559224858880043	0.02775869332253933	0.03772615268826485	0.01920849084854126	0.04809427633881569	0.05433006957173347	0.05625525861978531	0.03744914010167122	0.01293295901268721	0.04129151254892349	0.01207566447556019	0.01850977167487144	0.06053832545876503	0.0493701696395874	0.04531607404351234	0.05562030524015427	0.05342604964971542	0.05196180194616318	0.01261674985289574	0.05830547213554382	0.04378798976540565	0.0372302383184433	0.0274515300989151	0.05285456776618958	0.05225330218672752	0.05169103294610977	0.05515012517571449	0.05103704333305359	0.04774628952145576	0.0379721075296402	0.04496428370475769	0.06032667681574821	0.05814957246184349	0.04418542981147766	0.05610929429531097	0.1231134384870529	0.09860871732234955	0.05708498135209084	0.05002027377486229	0.08475546538829803	0.04144462943077087	0.0343281477689743	0.05799852311611176	0.06073059141635895	0.05069631338119507	0.05986513569951057	0.0605023056268692	0.05551709979772568	0.05856858566403389	0.03170641139149666	0.06053832545876503	0.02304714918136597	0.05810553953051567	0.04790517687797546	0.0315481424331665	0.04696499928832054	0.04929836839437485	0.05424899235367775	0.04322946071624756	0.04449768364429474	0.05229295045137405	0.04816961660981178	0.04883545637130737	0.05031571164727211	0.05431964993476868	0.05463451147079468	0.05772704258561134	0.05059805139899254	0.06035352125763893	0.05805614218115807	0.05956410989165306	0.05616900324821472	0.04970558360219002	0.03130588307976723	0.03887942060828209	0.05737209320068359	0.04770992696285248	0.05245601013302803	0.05609685927629471	0.05620931461453438	0.0533803403377533	0.0519615150988102	0.03094353526830673	0.02571853995323181	0.02361319400370121	0.04529052600264549	0.02563857473433018	0.03176828101277351	0.04956986010074615	0.04934294894337654	0.05061571300029755	0.04830503091216087	0.05807782337069511	0.05736175552010536	0.03998585045337677	0.0500800795853138	0.03079183027148247	0.04942255839705467	0.04674454033374786	0.03638730570673943	0.0571710392832756	0.0548272430896759	0.06013234704732895	0.05371440201997757	0.05965492501854897	0.03471918404102325	0.0106103178113699	0.1246305257081985	0.129903256893158	0.05617592856287956	0.006945102009922266	0.04698235914111137	0.1096174269914627	0.02866668626666069	0.02533658593893051	0.01325138472020626	0.01244960259646177	0.02772111445665359	0.01291775144636631	0.08339887112379074	0.0389251671731472	0.03997070714831352	0.02917793951928616	0.07842053472995758	0.0198973510414362	0.1195741146802902	0.03211626037955284	0.05363953113555908	0.03922784700989723	0.01260395161807537	0.1298179030418396
S10-Female-3	0.06664061546325684	0.06004327908158302	0.0404169075191021	0.05069734528660774	0.01575902104377747	0	0.02138328179717064	0.06424101442098618	0.04207799583673477	0.06642942130565643	0.07796761393547058	0.04455817490816116	0.006232614163309336	0.01988510414958	0.03603270649909973	0.02742389775812626	0.03390365093946457	0.04035726934671402	0.02071867883205414	0.05143841728568077	0.01972381956875324	0.01407031901180744	0.03175299987196922	0.04825369641184807	0.02047025971114635	0.02853390946984291	0.03758322820067406	0.04262001812458038	0.03143947944045067	0.02024595066905022	0.03680457547307014	0.03311881422996521	0.03513092547655106	0.0354556068778038	0.05154309794306755	0.05106301978230476	0.05069649964570999	0.02797322906553745	0.05095833912491798	0.0245458260178566	0.01535493414849043	0.008003036491572857	0.01646078564226627	0.03050760366022587	0.008121478371322155	0.01930581778287888	0.03780845552682877	0.04449076578021049	0.0420961044728756	0.04852509871125221	0.03213221207261086	0.04202857241034508	0.009758680127561092	0.03464600816369057	0.01650077849626541	0.04687070474028587	0.02013580501079559	0.03980792313814163	0.05223459005355835	0.04355639964342117	0.03865904733538628	0.05075075849890709	0.00755660142749548	0.04761874675750732	0.01449949014931917	0.02942240983247757	0.008356859907507896	0.03511392325162888	0.04065275937318802	0.04379761219024658	0.02914539910852909	0.004912573844194412	0.02831114828586578	0.005672396626323462	0.006645542569458485	0.05223459005355835	0.03691251948475838	0.03345184773206711	0.04270336404442787	0.04103181883692741	0.03828448802232742	0.005873471032828093	0.04644124954938889	0.03133035078644753	0.02251665666699409	0.0149938827380538	0.0445508286356926	0.04223895445466042	0.04338729381561279	0.04625297337770462	0.04871160164475441	0.05555305629968643	0.04577887058258057	0.05277104303240776	0.05202294141054153	0.04447225481271744	0.03172777965664864	0.04365164041519165	0.1156421825289726	0.1105693802237511	0.04451804235577583	0.03756262362003326	0.09304963052272797	0.04249658435583115	0.04628881812095642	0.04969478771090508	0.06190937384963036	0.05850307643413544	0.05037456750869751	0.05101174488663673	0.04616579040884972	0.04974106699228287	0.02254425920546055	0.05223459005355835	0.01236975006759167	0.0492083914577961	0.03544751927256584	0.04291540384292603	0.03381039574742317	0.04359553009271622	0.04179134964942932	0.03077181056141853	0.04911013320088387	0.04684283211827278	0.0398658774793148	0.06079612299799919	0.03785806521773338	0.04186201095581055	0.045554269105196	0.04586281627416611	0.04381204023957253	0.05026954039931297	0.04835633188486099	0.04829329997301102	0.04629390686750412	0.04710907489061356	0.02428440749645233	0.03352472931146622	0.04906835034489632	0.03525228425860405	0.04296544566750526	0.04660629108548164	0.04375166445970535	0.04092269390821457	0.03932963684201241	0.01848588883876801	0.01326089911162853	0.01115555595606565	0.03283287212252617	0.01436776388436556	0.02227771282196045	0.03711221367120743	0.04701750725507736	0.03815807402133942	0.03584738075733185	0.04562017321586609	0.04490410909056664	0.02579192258417606	0.03762243688106537	0.01833418756723404	0.03993199020624161	0.03428690135478973	0.02754471078515053	0.04809079691767693	0.04236959666013718	0.05064177885651588	0.04125675931572914	0.04511557146906853	0.02017983794212341	0.007962718605995178	0.1340432912111282	0.1418639272451401	0.0404169075191021	0.01000495906919241	0.05478911474347115	0.1208104118704796	0.01290766894817352	0.01963374204933643	0.003348741913214326	0.02074377611279488	0.01548383012413979	0.003399158595129848	0.09228892624378204	0.03433920815587044	0.04760323092341423	0.01554138213396072	0.09038118273019791	0.02700715884566307	0.126161202788353	0.02130126394331455	0.03910017758607864	0.02477030456066132	0.003503077430650592	0.1405917257070541
S10-male-1	0.04587047174572945	0.04925262928009033	0.04233982786536217	0.03990669175982475	0.01479618530720472	0.02138328179717064	0	0.05345035716891289	0.03655214607715607	0.04565928131341934	0.05701170861721039	0.05163862183690071	0.02630885690450668	0.02103139273822308	0.03622839599847794	0.03101924061775208	0.03561549633741379	0.0289535541087389	0.02573751285672188	0.060299102216959	0.0270893182605505	0.02506169117987156	0.03828089684247971	0.0571143850684166	0.02161654829978943	0.03122279793024063	0.03754120320081711	0.04625801369547844	0.03258576616644859	0.02257906831800938	0.03795086219906807	0.03634680807590485	0.03835593909025192	0.03726095333695412	0.06040378659963608	0.05992370471358299	0.05955718457698822	0.03683391958475113	0.05981902033090591	0.02659730054438114	0.01650122366845608	0.02613523602485657	0.02785084955394268	0.03165389597415924	0.02005531638860703	0.02218679152429104	0.03557734563946724	0.0484284982085228	0.04324239119887352	0.05738577991724014	0.03355702012777328	0.04401041567325592	0.0147795807570219	0.0232422910630703	0.0213581919670105	0.0557313896715641	0.02852119319140911	0.04095420986413956	0.06109527871012688	0.0447026863694191	0.03841136395931244	0.05961143970489502	0.02421903423964977	0.05647943168878555	0.02419820427894592	0.0382830984890461	0.02354523353278637	0.0362602062523365	0.04023090749979019	0.04494389891624451	0.03800607845187187	0.02533583901822567	0.03361134231090546	0.02566530741751194	0.02256676182150841	0.06109527871012688	0.0380588099360466	0.04231253266334534	0.04361200705170631	0.04194039478898048	0.03943078592419624	0.02515128068625927	0.05530193448066711	0.03425688296556473	0.03372159227728844	0.02579903602600098	0.05341152101755142	0.05152693763375282	0.0526752844452858	0.05511365830898285	0.04209934175014496	0.03643492981791496	0.02666074968874454	0.03455811738967896	0.06088362634181976	0.04575994610786438	0.03346748650074005	0.04479794576764107	0.123076967895031	0.09959296882152557	0.04654788598418236	0.03881333023309708	0.07797940075397491	0.03023768216371536	0.03488503023982048	0.0585554763674736	0.05263125151395798	0.04175861924886703	0.05923525616526604	0.05987242609262466	0.05502647161483765	0.05860175564885139	0.03069198690354824	0.06109527871012688	0.02565684542059898	0.05806906893849373	0.03760500252246857	0.03151167929172516	0.03495668992400169	0.03798694536089897	0.05065203458070755	0.03212692588567734	0.0444612167775631	0.05232610926032066	0.04872649908065796	0.04939240217208862	0.04315826296806335	0.04953586310148239	0.04332314804196358	0.05472349375486374	0.04462743178009987	0.0591302253305912	0.05721702054142952	0.05715398862957954	0.05515458807349205	0.04921496659517288	0.02976769022643566	0.03510682284832001	0.05792903900146484	0.03639857470989227	0.05182613059878349	0.05546697601675987	0.04489795491099358	0.04249628633260727	0.0414966382086277	0.01963218115270138	0.02258333750069141	0.0236398708075285	0.03872648254036903	0.02449738793075085	0.03113832883536816	0.03825850412249565	0.04337233304977417	0.04049119353294373	0.03699366748332977	0.04676647484302521	0.04605039954185486	0.02867289818823338	0.03876871988177299	0.02600803971290588	0.04879267886281013	0.03662002086639404	0.02982327342033386	0.0458596907556057	0.0435158908367157	0.05950246751308441	0.0424029752612114	0.04930359125137329	0.02436784654855728	0.02540650218725204	0.1232526153326035	0.1308874934911728	0.04233982786536217	0.01564761251211166	0.04103138297796249	0.110019750893116	0.014830581843853	0.02187918685376644	0.02473201975226402	0.009448337368667126	0.02556581981480122	0.02478243783116341	0.08149825781583786	0.02508906833827496	0.02909811213612556	0.01932761818170547	0.07959052920341492	0.013701057061553	0.1138352155685425	0.02176491916179657	0.04328819364309311	0.02852796018123627	0.02116193436086178	0.1298010647296906
S10-male-2-	0.03756798058748245	0.004197734408080578	0.09328001737594604	0.01417601760476828	0.05228035151958466	0.06424101442098618	0.05345035716891289	0	0.08749239146709442	0.0369265079498291	0.01910016499459743	0.08579310774803162	0.06499957293272018	0.0682363361120224	0.08187578618526459	0.08028700202703476	0.08368401229381561	0.04366427659988403	0.0708429291844368	0.08851943165063858	0.06445419788360596	0.06023025885224342	0.07247175276279449	0.08533471822738647	0.06912295520305634	0.07057203352451324	0.0781526044011116	0.08337962627410889	0.07753169536590576	0.06599123030900955	0.08416640013456345	0.08546072989702225	0.08721680194139481	0.08520672470331192	0.08862411230802536	0.08814404159784317	0.08837094157934189	0.06846876442432404	0.08803936094045639	0.07119149714708328	0.06422276794910431	0.06388550251722336	0.06133722886443138	0.07981481403112411	0.06705383211374283	0.07025536894798279	0.07809615135192871	0.08572569489479065	0.08333101123571396	0.08822503685951233	0.08065310120582581	0.08326348662376404	0.05881096422672272	0.03546052798628807	0.06535971909761429	0.08395171910524368	0.06361492723226547	0.08243062347173691	0.08931560814380646	0.08479131758213043	0.08458313345909119	0.08901860564947128	0.06297231465578079	0.08469976484775543	0.0639333575963974	0.06650342047214508	0.0625874251127243	0.08294998854398727	0.08414818346500397	0.08503251522779465	0.06622640043497086	0.06521333009004593	0.07006877660751343	0.06435602903366089	0.0635305717587471	0.08931560814380646	0.08068666607141495	0.07409334182739258	0.08479299396276474	0.08593644201755524	0.08794169872999191	0.06384191662073135	0.08708274364471436	0.07603476941585541	0.07569613307714462	0.06801549345254898	0.08163183927536011	0.08103058487176895	0.0804683044552803	0.08392740786075592	0.07981431484222412	0.0532287061214447	0.05428062751889229	0.05347715690732002	0.08910396695137024	0.08692684024572372	0.07674429565668106	0.08870302885770798	0.1461871117353439	0.04632836952805519	0.09418907016515732	0.08018534630537033	0.03247511014342308	0.07716092467308044	0.06310541927814484	0.08677579462528229	0.08784430474042892	0.07672759890556335	0.08864241093397141	0.08927958458662033	0.08429437875747681	0.08734586834907532	0.06275928765535355	0.08931560814380646	0.06300517171621323	0.0868828222155571	0.0766824409365654	0.04343841969966888	0.0828130915760994	0.07807563990354538	0.08302626758813858	0.07374147325754166	0.07327497005462646	0.08107022196054459	0.07694689929485321	0.07423532754182816	0.07909297943115234	0.08309692144393921	0.08341176807880402	0.08650430291891098	0.07937531918287277	0.08913079649209976	0.08683343231678009	0.08834140002727509	0.08494628965854645	0.07848285883665085	0.06043011322617531	0.06765668839216232	0.08614936470985413	0.0830792710185051	0.08123329281806946	0.08487414568662643	0.08498657494783401	0.08250457048416138	0.08073878288269043	0.06735371798276901	0.06288103759288788	0.06474966555833817	0.07406778633594513	0.06153009086847305	0.06102431565523148	0.08103941380977631	0.07812023907899857	0.07939299196004868	0.07708229869604111	0.09414105862379074	0.086139015853405	0.07708995789289474	0.08059209585189819	0.06269165128469467	0.07819982618093491	0.0755218118429184	0.06727351993322372	0.08872392773628235	0.08360453695058823	0.08890961855649948	0.08769592642784119	0.09675901383161545	0.07182329893112183	0.0628906786441803	0.07235016673803329	0.07762289792299271	0.09328001737594604	0.05627309530973434	0.01704810932278633	0.05733706057071686	0.06703546643257141	0.06242688745260239	0.06553174555301666	0.04716374352574348	0.06170282512903214	0.06498873233795166	0.03111851960420609	0.07602927088737488	0.03983128815889359	0.06649139523506165	0.02614017575979233	0.04623553156852722	0.06729372590780258	0.06922035664319992	0.09074363112449646	0.07633194327354431	0.06213703006505966	0.07753753662109375
S2-female-2	0.04992442950606346	0.08392701297998428	0.005996385589241982	0.07331638783216476	0.05038831010460854	0.04207799583673477	0.03655214607715607	0.08749239146709442	0	0.05162224546074867	0.06976765394210815	0.05191677063703537	0.04761663824319839	0.03723492845892906	0.03317845240235329	0.02246596664190292	0.02764446847140789	0.06044693663716316	0.02765141613781452	0.05931257084012032	0.04295891150832176	0.04834187403321266	0.0440329983830452	0.05802488327026367	0.03134569153189659	0.04351548105478287	0.04065088927745819	0.04780085757374763	0.02909930050373077	0.04003525897860527	0.02038764208555222	0.01343468483537436	0.01318644918501377	0.01739248260855675	0.0594172514975071	0.05893716961145401	0.05857064947485924	0.04470163211226463	0.05883248895406723	0.03196699172258377	0.03645989298820496	0.04917776584625244	0.05089337751269341	0.02558043785393238	0.04136310145258904	0.03439870476722717	0.03099452704191208	0.04744197055697441	0.03858936950564384	0.05639924854040146	0.02064352296292782	0.04145253077149391	0.04050562158226967	0.05979442968964577	0.03428028523921967	0.0574878491461277	0.04367012530565262	0.03026089072227478	0.0601087398827076	0.04134249314665794	0.02555636502802372	0.05862490460276604	0.0472615621984005	0.05738993361592293	0.04038206115365028	0.05120813474059105	0.04658777266740799	0.0245771761983633	0.02926106750965118	0.03386930748820305	0.05409282818436623	0.04664361849427223	0.04337083920836449	0.04718823358416557	0.04560929536819458	0.0601087398827076	0.02820998430252075	0.05144350230693817	0.03253740817308426	0.024931650608778	0.01708130352199078	0.04715294763445854	0.05442015081644058	0.03938570246100426	0.03436786308884621	0.04088573530316353	0.05242498219013214	0.05011310428380966	0.0516844280064106	0.05412712320685387	0.04459497332572937	0.04776497185230255	0.04374827817082405	0.05068639665842056	0.05989709123969078	0.04477341845631599	0.03754877671599388	0.03574820980429649	0.1230410262942314	0.1186445355415344	0.0201101265847683	0.03273101523518562	0.09429653733968735	0.01617333851754665	0.05159525945782661	0.05756893754005432	0.05887482687830925	0.05470039695501328	0.05824872106313705	0.05888589099049568	0.05446293205022812	0.05761521682143211	0.04788098856806755	0.0601087398827076	0.04869938269257545	0.05771488696336746	0.04263219982385635	0.06174038350582123	0.02808266505599022	0.03752388432621956	0.04966550692915916	0.0368509404361248	0.05528823286294937	0.05133958160877228	0.05427275225520134	0.06191548332571983	0.04533344507217407	0.04854932799935341	0.04296896234154701	0.05415994673967361	0.04447893053293228	0.05814368650317192	0.05623048916459084	0.05616745725274086	0.05522338673472404	0.0482284277677536	0.04252588003873825	0.04109733924269676	0.05757485330104828	0.03173378109931946	0.05083959922194481	0.05658683553338051	0.0433180034160614	0.03810490295290947	0.04113812372088432	0.03791593760251999	0.04562587663531303	0.04668240249156952	0.04848979786038399	0.04753992334008217	0.05144213512539864	0.03602102771401405	0.04892491921782494	0.04350807517766953	0.04106589406728745	0.0232301652431488	0.03853629156947136	0.02832658588886261	0.03649230673909187	0.0471535436809063	0.05223255231976509	0.04511863738298416	0.04084683954715729	0.03202738240361214	0.0402335487306118	0.05851593613624573	0.02847383916378021	0.02045238204300404	0.0325072854757309	0.04610121622681618	0.1351626217365265	0.1429832577705383	0.005996385589241982	0.04400618001818657	0.07127934694290161	0.1269885301589966	0.02944868057966232	0.04492171853780746	0.04542673379182816	0.04538741335272789	0.0394129604101181	0.04547715187072754	0.1047904640436172	0.01334203314036131	0.04954001307487488	0.02978240884840488	0.1060444638133049	0.042872354388237	0.1257452368736267	0.02415365166962147	0.02060471475124359	0.02174042351543903	0.04185665398836136	0.1417110860347748
S2-male-1	0.002543792128562927	0.03336112201213837	0.0574098713696003	0.02275049686431885	0.05984232947230339	0.06642942130565643	0.04565928131341934	0.0369265079498291	0.05162224546074867	0	0.01930803060531616	0.07072753459215164	0.07189854979515076	0.05762973055243492	0.05313253402709961	0.04989096149802208	0.05793586373329163	0.05011818185448647	0.05275265127420425	0.07987513393163681	0.06055004522204399	0.06750056147575378	0.06023712828755379	0.07669041305780411	0.0527673177421093	0.06001049652695656	0.05643299967050552	0.06534700095653534	0.0498865470290184	0.05869529768824577	0.05222189053893089	0.05276245623826981	0.05405259877443314	0.05273949354887009	0.07997981458902359	0.07949972897768021	0.07906362414360046	0.06161476299166679	0.07939504086971283	0.05313004925847054	0.05824250727891922	0.07144747674465179	0.06823621690273285	0.05114193260669708	0.06522747129201889	0.05826308205723763	0.05033669993281364	0.06751740723848343	0.05866480618715286	0.07696182280778885	0.05035834014415741	0.06152797117829323	0.05995167419314384	0.03970747441053391	0.05599997565150261	0.07530742138624191	0.06132334843277931	0.05243223533034325	0.08067131042480469	0.06141794100403786	0.05031671747565269	0.07904829084873199	0.06825362145900726	0.07605545967817307	0.06119437143206596	0.06819024682044983	0.06724689900875092	0.05048275366425514	0.05101200565695763	0.05572500452399254	0.0710749551653862	0.07078628987073898	0.05986582860350609	0.07068577408790588	0.06711455434560776	0.08067131042480469	0.04932515323162079	0.06800809502601624	0.05410141870379448	0.05381768569350243	0.05477751791477203	0.07074090093374252	0.07446043938398361	0.05805172398686409	0.06107940152287483	0.06406211853027344	0.07269587367773056	0.07024482637643814	0.07182401418685913	0.07462012022733688	0.06118826195597649	0.0281553715467453	0.03427089005708694	0.03445421159267426	0.08045966178178787	0.06498803943395615	0.05623520910739899	0.05715493485331535	0.1387810260057449	0.06807862222194672	0.06253622472286224	0.05207318440079689	0.04394002258777618	0.04613473638892174	0.05718277767300606	0.07813151180744171	0.07005661725997925	0.05810154974460602	0.07867211103439331	0.07930927723646164	0.07431083172559738	0.07817778736352921	0.06564844399690628	0.08067131042480469	0.06791514158248901	0.07757552713155746	0.05898137018084526	0.04825631156563759	0.05178355053067207	0.05707592889666557	0.06974095106124878	0.05334601551294327	0.06544597446918488	0.07190215587615967	0.07125494629144669	0.06559102982282639	0.06224717199802399	0.06862477213144302	0.0624120682477951	0.07388199865818024	0.06382109224796295	0.0784974992275238	0.0766538679599762	0.07623624056577682	0.07473062723875046	0.0687909871339798	0.06034545972943306	0.05863190442323685	0.07721339911222458	0.05544261634349823	0.07126298546791077	0.07490383088588715	0.06324760615825653	0.0554373636841774	0.06015824154019356	0.05969854444265366	0.06491690874099731	0.06707721203565598	0.06483896821737289	0.06563121825456619	0.06813929229974747	0.05278066173195839	0.0624612458050251	0.05971141159534454	0.05756089836359024	0.06248822063207626	0.05861173942685127	0.05397121235728264	0.05340603366494179	0.06442578136920929	0.06907549500465393	0.06161363422870636	0.05810463801026344	0.05707107856869698	0.05904431268572807	0.07893931865692139	0.05604309588670731	0.06510617583990097	0.05637160688638687	0.07030680030584335	0.08796838670969009	0.09599780291318893	0.0574098713696003	0.06013078242540359	0.02022634446620941	0.07642263919115067	0.05352175608277321	0.06460858881473541	0.06956940144300461	0.04739273712038994	0.0591762475669384	0.06968940049409866	0.05422455817461014	0.04357004538178444	0.02126346901059151	0.05385548248887062	0.05547856166958809	0.0402226597070694	0.07875975221395493	0.05011310800909996	0.05951377004384995	0.05156313627958298	0.06586020439863205	0.09458642452955246
S2-male-2	0.02057655341923237	0.02298347651958466	0.07534576207399368	0.02727026306092739	0.07138051837682724	0.07796761393547058	0.05701170861721039	0.01910016499459743	0.06976765394210815	0.01930803060531616	0	0.08030702173709869	0.08325096219778061	0.06883608549833298	0.06959353387355804	0.06667870283126831	0.07410520315170288	0.05907000601291656	0.06503698974847794	0.08907075226306915	0.07226373255252838	0.07914464920759201	0.06946650147438049	0.08630508184432983	0.06628428399562836	0.06991236656904221	0.06494708359241486	0.07492034882307053	0.06605586409568787	0.07011730968952179	0.06942789256572723	0.06999105960130692	0.07083342969417572	0.06963121891021729	0.08907067775726318	0.0885905995965004	0.08825924247503281	0.07187176495790482	0.08859067410230637	0.06448200345039368	0.06966450065374374	0.08279990404844284	0.07958861440420151	0.06738729774951935	0.07664948701858521	0.07205875217914581	0.06339240819215775	0.07678261399269104	0.06845380365848541	0.08605267852544785	0.06682039052248001	0.07089793682098389	0.07137368619441986	0.05105991661548615	0.06771364808082581	0.08492209017276764	0.07196131348609924	0.06758733838796616	0.08976217359304428	0.07057838886976242	0.06691676378250122	0.08813916891813278	0.07968204468488693	0.08545447885990143	0.07233115285634995	0.07663474231958389	0.07852949202060699	0.0678921565413475	0.06641234457492828	0.06976407021284103	0.07973510026931763	0.08213870227336884	0.06894252449274063	0.08260742574930191	0.07846695929765701	0.08976217359304428	0.06573249399662018	0.07666824012994766	0.06904324889183044	0.07070939987897873	0.07166924327611923	0.08209332078695297	0.08355129510164261	0.06905422359704971	0.07301314175128937	0.07506462186574936	0.08186277002096176	0.07941171526908875	0.08069922775030136	0.08349531143903732	0.07013306766748428	0.03796026110649109	0.04375328496098518	0.04254879057407379	0.0893348753452301	0.07386325299739838	0.06731373816728592	0.07365021854639053	0.1459706723690033	0.04950391501188278	0.07902539521455765	0.06523729860782623	0.0264267660677433	0.06196210905909538	0.06584863364696503	0.08700671046972275	0.07900140434503555	0.06704634428024292	0.0877629742026329	0.08840014785528183	0.08390289545059204	0.08715775609016418	0.07569865882396698	0.08976217359304428	0.07926753908395767	0.08698065578937531	0.06785048544406891	0.05691645666956902	0.06862822920084	0.06612548232078552	0.07868575304746628	0.06394178420305252	0.07389045506715775	0.0807773619890213	0.07969942688941956	0.07457099854946136	0.07192528247833252	0.07756957411766052	0.07167115807533264	0.08275721222162247	0.07276590913534164	0.0875883623957634	0.08563385158777237	0.08525729179382324	0.08392013609409332	0.07766620069742203	0.06937865167856216	0.06711701303720474	0.08669456839561462	0.0717165395617485	0.08034771680831909	0.08451849967241287	0.07254777103662491	0.06765514612197876	0.06941733509302139	0.07112054526805878	0.07641493529081345	0.07828355580568314	0.07349888980388641	0.07691382616758347	0.07777099311351776	0.06745481491088867	0.07213936001062393	0.06936296820640564	0.06607496738433838	0.07908825576305389	0.07062838971614838	0.07002948969602585	0.06647977977991104	0.0758477970957756	0.07804756611585617	0.07012771815061569	0.06809667497873306	0.07345548272132874	0.06840815395116806	0.08781453222036362	0.07306216657161713	0.0818919911980629	0.07213328033685684	0.08199083805084229	0.07033058255910873	0.07785381376743317	0.07534576207399368	0.07195358723402023	0.02481570094823837	0.05824931710958481	0.06694372743368149	0.07617644220590591	0.08110758662223816	0.05893091857433319	0.07100608944892883	0.08122758567333221	0.03605127334594727	0.06062208861112595	0.03405807912349701	0.06573168933391571	0.03730525821447372	0.05205252021551132	0.06101718544960022	0.06625930964946747	0.07671467214822769	0.06848745048046112	0.0773983970284462	0.07684386521577835
S2014F_E2-2-A-F	0.07270209491252899	0.08292161673307419	0.0509495884180069	0.07491845637559891	0.05701582133769989	0.04455817490816116	0.05163862183690071	0.08579310774803162	0.05191677063703537	0.07072753459215164	0.08030702173709869	0	0.0475815050303936	0.03579827770590782	0.0382922999560833	0.04146181792020798	0.0458328053355217	0.04392088949680328	0.03102263435721397	0.01165088918060064	0.02756637148559093	0.0423489511013031	0.01578724570572376	0.009098515845835209	0.03807758539915085	0.02305513620376587	0.0230801198631525	0.0102442866191268	0.03101980872452259	0.029720863327384	0.03623558953404427	0.04350902140140533	0.04400471597909927	0.04074578732252121	0.01175557170063257	0.01127549074590206	0.01083938125520945	0.02045728825032711	0.01117080822587013	0.02929799444973469	0.03715929388999939	0.04345206543803215	0.03165788203477859	0.03759454935789108	0.0422249361872673	0.04331105574965477	0.02539430372416973	0.005107157398015261	0.01423266623169184	0.00873756967484951	0.03358354419469833	0.01060351170599461	0.04555806517601013	0.05500520393252373	0.03482997789978981	0.008561480790376663	0.03240612521767616	0.02304765582084656	0.01244706846773624	0.01281291618943214	0.02929655276238918	0.01082405261695385	0.04101020097732544	0.00846356526017189	0.03332711011171341	0.02683746069669724	0.0394415594637394	0.0346691869199276	0.02373515255749226	0.03221182525157928	0.01956668682396412	0.04708230122923851	0.01813188195228577	0.04755101352930069	0.03850605338811874	0.01244706846773624	0.02993205562233925	0.0116997491568327	0.02460517548024654	0.0325171984732151	0.04001088067889214	0.04519772157073021	0.005193687975406647	0.02393157966434956	0.03678961098194122	0.03431406617164612	0.02570107765495777	0.02495922520756721	0.02624674327671528	0.02252906560897827	0.01356601435691118	0.04761273786425591	0.04395069181919098	0.04737655818462372	0.01223541796207428	0.01148490700870752	0.02900602854788303	0.03361451253294945	0.1076643839478493	0.1082223132252693	0.0485723614692688	0.0246672946959734	0.08580972999334335	0.04523806273937225	0.02718315832316875	0.01418028026819229	0.03532906249165535	0.03680189698934555	0.01003086473792791	0.01066803745925426	0.007123135961592197	0.00995353888720274	0.03441746905446053	0.01244706846773624	0.03438970446586609	0.009142771363258362	0.01611495018005371	0.04235468059778214	0.03597468137741089	0.02481156028807163	0.02142227441072464	0.02891438081860542	0.01387894432991743	0.02628386951982975	0.01143408473581076	0.02100859954953194	0.01783128269016743	0.01974992454051971	0.01302260532975197	0.005136504769325256	0.01097773388028145	0.009856246411800385	0.008429628796875477	0.007949333637952805	0.006506382953375578	0.02655011601746082	0.03109493292868137	0.02595227770507336	0.009280825965106487	0.03755619004368782	0.02484141290187836	0.007104290649294853	0.02417086064815521	0.03369805216789246	0.02259660884737968	0.03653033450245857	0.03563558682799339	0.03531923890113831	0.01759830676019192	0.03488149866461754	0.02574487216770649	0.0300567839294672	0.01130824163556099	0.01724517717957497	0.02432666905224323	0.04351217299699783	0.02050493285059929	0.04237813130021095	0.03165249526500702	0.02686185203492641	0.01770555600523949	0.02387394197285175	0.03022236004471779	0.0422343909740448	0.01893609948456287	0.01029807515442371	0.03401674330234528	0.05164769664406776	0.04463545605540276	0.05073913186788559	0.1267136335372925	0.1341972649097443	0.0509495884180069	0.05100832879543304	0.07215270400047302	0.1174835786223412	0.04529402777552605	0.04160502925515175	0.04682695865631104	0.05341616272926331	0.03637699782848358	0.04694696515798569	0.09927775710821152	0.04882624372839928	0.06285790354013443	0.03844279050827026	0.1001817584037781	0.05008909106254578	0.1188988983631134	0.04422389343380928	0.04816167801618576	0.0434231236577034	0.0461466908454895	0.133157417178154
S2014F_E2-2-B-F	0.07217932492494583	0.06080185249447823	0.046649519354105	0.05623605474829674	0.01271921675652266	0.006232614163309336	0.02630885690450668	0.06499957293272018	0.04761663824319839	0.07189854979515076	0.08325096219778061	0.0475815050303936	0	0.023779621347785	0.03923027962446213	0.03358691930770874	0.03692697733640671	0.03988970071077347	0.02356777153909206	0.05097083747386932	0.02274714782834053	0.01360274106264114	0.03449781239032745	0.04778612032532692	0.02349358424544334	0.03155723586678505	0.04112920165061951	0.04564328491687775	0.03446279838681221	0.0232692789286375	0.03982790559530258	0.03814758360385895	0.04054608941078186	0.03900165483355522	0.0510755181312561	0.05059543624520302	0.05015933886170387	0.02921631187200546	0.05049076303839684	0.02722095884382725	0.01837825588881969	0.004792439751327038	0.01592362113296986	0.03405364602804184	0.01175779849290848	0.02232907898724079	0.04118025675415993	0.04751409217715263	0.04511943459510803	0.05015265941619873	0.0351555347442627	0.04505189880728722	0.01257264148443937	0.03648250550031662	0.01952410489320755	0.04640313237905502	0.02315912581980228	0.04283123463392258	0.0517670139670372	0.04657972231507301	0.04290197417140007	0.05080700293183327	0.007787540089339018	0.04715117067098618	0.01832437701523304	0.02895483374595642	0.009774177335202694	0.03865996748209	0.04489575326442719	0.04682094231247902	0.02867781929671764	0.001459217630326748	0.03185718506574631	0.001344588468782604	0.009075453504920006	0.0517670139670372	0.03993584588170052	0.03588175401091576	0.04642363265156746	0.04422932118177414	0.04252748936414719	0.002383779035881162	0.04887115582823753	0.03435367345809937	0.02763418108224869	0.01801720820367336	0.04408325627446175	0.04367358982563019	0.0437743216753006	0.0457158051431179	0.05173493176698685	0.05857637897133827	0.0488022044301033	0.0557943694293499	0.05155536532402039	0.0487152487039566	0.03475110977888107	0.04667498171329498	0.1157180741429329	0.1109564453363419	0.04839597269892693	0.04079476743936539	0.09572476148605347	0.04572873190045357	0.045821163803339	0.04922721162438393	0.06528117507696152	0.06152639538049698	0.05043081939220428	0.05106798931956291	0.04622199758887291	0.04927348718047142	0.02312424592673779	0.0517670139670372	0.01361282914876938	0.04867121949791908	0.03847084566950798	0.04237823188304901	0.03753067180514336	0.04661879315972328	0.04481468349695206	0.0337950699031353	0.04857296869158745	0.04637525603175163	0.03939823806285858	0.06032854318618774	0.04088139533996582	0.04488533362746239	0.04857759177684784	0.04829272255301476	0.04683536291122437	0.05091920495033264	0.04862183332443237	0.05012979358434677	0.04687390476465225	0.04716528579592705	0.02538818307220936	0.0361998975276947	0.04860077425837517	0.03827560693025589	0.04344899579882622	0.04666254296898842	0.04677498713135719	0.04480062052607536	0.04338179901242256	0.02150921523571014	0.01628422364592552	0.01417888328433037	0.03585619851946831	0.01620425470173359	0.0223338957875967	0.04013553634285927	0.0500408411026001	0.04118139669299126	0.03887071087956429	0.04864350333809853	0.04792743176221848	0.02959096245467663	0.04064575582742691	0.02135751023888588	0.03998823091387749	0.03731022775173187	0.03056803718209267	0.05111412331461906	0.04539292678236961	0.05069802701473236	0.04428001493215561	0.05005893111228943	0.02512319013476372	0.003157698316499591	0.1366867274045944	0.1422509402036667	0.046649519354105	0.01176775433123112	0.05903856456279755	0.1217432096600533	0.019070690497756	0.02265707030892372	0.003023050026968122	0.02464503422379494	0.01898568496108055	0.002903044456616044	0.09552467614412308	0.03980832546949387	0.05202685669064522	0.01835582032799721	0.09113974869251251	0.03195349872112274	0.1316998898983002	0.02589766308665276	0.04404353350400925	0.02963178418576717	0.006385292392224073	0.1418741047382355
S2014F_E2-2-C-F	0.05832802131772041	0.06467094272375107	0.03626774623990059	0.05440878495573997	0.03321393579244614	0.01988510414958	0.02103139273822308	0.0682363361120224	0.03723492845892906	0.05762973055243492	0.06883608549833298	0.03579827770590782	0.023779621347785	0	0.02006745524704456	0.02327528782188892	0.02449698746204376	0.03511600568890572	0.0179059486836195	0.04619714617729187	0.01326165720820427	0.02026821300387383	0.02420783042907715	0.04301242902874947	0.007887019775807858	0.01448603253811598	0.02042545564472675	0.03010664321482182	0.01545097213238478	0.007224521599709988	0.02251365780830383	0.02658280171453953	0.02802749164402485	0.02554189972579479	0.04630182683467865	0.04582174494862556	0.04538564011454582	0.02287262491881847	0.04571706429123878	0.01092399004846811	0.005679719615727663	0.01965018548071384	0.01873805560171604	0.01688561961054802	0.01636005938053131	0.01249009277671576	0.02188958413898945	0.03363065794110298	0.02631648443639278	0.04328382760286331	0.01836843229830265	0.02778039686381817	0.02175618335604668	0.03467284142971039	0.01242293138056993	0.04162943735718727	0.01509651262313128	0.02350666001439095	0.04699332639575005	0.02756788954138756	0.02281052246689796	0.04537030681967735	0.01656137034296989	0.04173052683472633	0.01064503565430641	0.02396149188280106	0.01481848768889904	0.01840024441480637	0.02449148148298264	0.02782885730266571	0.02390412427484989	0.02328041754662991	0.01881350576877594	0.02374913170933723	0.01470416970551014	0.04699332639575005	0.02049271762371063	0.02779304049909115	0.0254624392837286	0.02473021298646927	0.02424930967390537	0.0213958453387022	0.04015694558620453	0.0179294291883707	0.02674778550863266	0.01710412837564945	0.04079911857843399	0.04005726426839828	0.0413447804749012	0.03998040035367012	0.03532672673463821	0.0380815751850605	0.02957071736454964	0.03896622732281685	0.04635037481784821	0.03143149986863136	0.01494786143302917	0.02504077553749084	0.1157931238412857	0.1100129708647728	0.03460055217146873	0.02251381054520607	0.08653834462165833	0.03043940104544163	0.04040059447288513	0.04380657151341438	0.05071740970015526	0.04511821269989014	0.0446813739836216	0.04531854763627052	0.04092452302575111	0.04406848922371864	0.01941332966089249	0.04699332639575005	0.01539300568401814	0.04368902742862701	0.0206984356045723	0.03739603981375694	0.01858569495379925	0.02812512032687664	0.03714582324028015	0.01529042981564999	0.04337513074278831	0.04138191416859627	0.03397765755653381	0.0549078993499279	0.02667898871004581	0.03568197041749954	0.0296565517783165	0.03914519399404526	0.03500033169984818	0.0445067510008812	0.04276023432612419	0.04227994009852409	0.04040568694472313	0.04164816066622734	0.02137865498661995	0.0276259146630764	0.04318013042211533	0.01875399611890316	0.04004369676113129	0.04091309383511543	0.02811513654887676	0.02709044888615608	0.02776644378900528	0.006721357814967632	0.01267745159566402	0.01288605760782957	0.02210001461207867	0.0142610901966691	0.01890452578663826	0.01943426392972469	0.03653175756335258	0.0234471932053566	0.02165887877345085	0.03018731810152531	0.02722615003585815	0.01666057668626308	0.02122638374567032	0.01360750943422318	0.03359184041619301	0.01957601867616177	0.01660647429525852	0.03340395167469978	0.02469164878129959	0.04430162906646729	0.02422576025128365	0.03832283988595009	0.01381203718483448	0.02693725004792213	0.1346680968999863	0.1418946832418442	0.03626774623990059	0.02703221142292023	0.05182056501507759	0.1216440051794052	0.01290656067430973	0.01921983994543552	0.02267659828066826	0.02751914411783218	0.01831827312707901	0.02279660664498806	0.09312252700328827	0.02789660356938839	0.03768958523869514	0.01121558994054794	0.09121478348970413	0.02740203589200974	0.1261564195156097	0.01520408038049936	0.0323074497282505	0.01858978718519211	0.0223448071628809	0.1412861496210098
S2014F_E2-3-A-F	0.05293567851185799	0.07831040024757385	0.03268656879663467	0.0687452107667923	0.0477139987051487	0.03603270649909973	0.03622839599847794	0.08187578618526459	0.03317845240235329	0.05313253402709961	0.06959353387355804	0.0382922999560833	0.03923027962446213	0.02006745524704456	0	0.02185633592307568	0.01160968840122223	0.04907190799713135	0.02198445238173008	0.04994318634271622	0.02448896132409573	0.02974205650389194	0.02668018452823162	0.04675846919417381	0.01659929752349854	0.02241693437099457	0.01993340440094471	0.0321035347878933	0.01103657390922308	0.02245736494660378	0.01526852790266275	0.02181861735880375	0.02332809381186962	0.01949988305568695	0.050047867000103	0.04956778511404991	0.04913168027997017	0.02935415133833885	0.04946310445666313	0.0179620236158371	0.02085202001035213	0.03510083630681038	0.03449848294258118	0.009870929643511772	0.02808553539216518	0.01690119318664074	0.02229033038020134	0.03737670183181763	0.02782821282744408	0.04702987149357796	0.01560855377465487	0.03152643889188766	0.03649388998746872	0.04892538860440254	0.02097903937101364	0.04537547379732132	0.02367446385324001	0.01964440383017063	0.05073936656117439	0.0303029865026474	0.01905200071632862	0.0491163544356823	0.03227544948458672	0.04612351581454277	0.02554469183087349	0.03488281741738319	0.03118873573839664	0.01064576674252748	0.02069856598973274	0.01685064472258091	0.03776752576231956	0.03873107209801674	0.02669811993837357	0.03890810906887054	0.03076788783073425	0.05073936656117439	0.01491170562803745	0.0347006618976593	0.01848146878182888	0.01768368110060692	0.01933426223695278	0.03684649243950844	0.04348598420619965	0.02074475958943367	0.03217536956071854	0.02763774804770947	0.04391088336706161	0.04345367476344109	0.04531047493219376	0.04458391666412354	0.03796426951885223	0.03842179104685783	0.03372028470039368	0.04198132827877998	0.05052771419286728	0.03610444813966751	0.02034058980643749	0.01956070587038994	0.1165899559855461	0.1124943792819977	0.02241396903991699	0.0211664792150259	0.08816345781087875	0.02592078782618046	0.04551770910620689	0.04819956421852112	0.05105054751038551	0.04543884098529816	0.04832316190004349	0.04896033927798271	0.04353199526667595	0.04824583604931831	0.02817707322537899	0.05073936656117439	0.03147021681070328	0.04743507131934166	0.02345354855060577	0.05094118043780327	0.008804631419479847	0.02834882773458958	0.04048601165413857	0.01708009839057922	0.04638621956110001	0.04510995745658875	0.03857985883951187	0.05835029482841492	0.02929144352674484	0.03881366178393364	0.03054521046578884	0.04342880100011826	0.03870237246155739	0.04814854264259338	0.0467219315469265	0.04595699533820152	0.04479868337512016	0.04513855278491974	0.0329338051378727	0.03315808996558189	0.04700383916497231	0.00949973426759243	0.04390514642000198	0.04455488547682762	0.02825142070651054	0.02085467427968979	0.02902163192629814	0.01772105880081654	0.02673245593905449	0.02899296209216118	0.02854278683662415	0.02953952737152576	0.03427606821060181	0.0121849961578846	0.03968944773077965	0.02427575923502445	0.02235788851976395	0.01929274201393127	0.02054616436362267	0.01230789814144373	0.01499060355126858	0.02874244377017021	0.03788058459758759	0.02378774620592594	0.0229314174503088	0.02218809723854065	0.02236918359994888	0.04859037324786186	0.01324303820729256	0.02681520022451878	0.01644814386963844	0.04186561331152916	0.1362931877374649	0.1439510732889175	0.03268656879663467	0.041386429220438	0.06482769548892975	0.1232690960168839	0.0260870885103941	0.03446485474705696	0.0383014939725399	0.04201919585466385	0.02796291559934616	0.03842150047421455	0.0996965691447258	0.02318554557859898	0.04204460978507996	0.02118721418082714	0.1004278659820557	0.03847163170576096	0.1284784525632858	0.01909301988780499	0.02079981006681919	0.01743748039007187	0.03755781054496765	0.1429112255573273
S2014F_E2-3-B-F	0.0501788966357708	0.07672161608934402	0.02080488577485085	0.0661109983921051	0.04318291321396828	0.02742389775812626	0.03101924061775208	0.08028700202703476	0.02246596664190292	0.04989096149802208	0.06667870283126831	0.04146181792020798	0.03358691930770874	0.02327528782188892	0.02185633592307568	0	0.01995185762643814	0.0532415360212326	0.01531401090323925	0.05060915648937225	0.02874880097806454	0.03464777022600174	0.03073019720613956	0.04742443934082985	0.01787307299673557	0.0297947246581316	0.02873804606497288	0.03655658289790154	0.01768477074801922	0.02583136409521103	0.01778538525104523	0.01409961935132742	0.01576287485659122	0.0160187091678381	0.05071383714675903	0.05012915655970573	0.04979765042662621	0.03046322241425514	0.05002447590231895	0.01842566952109337	0.02263912372291088	0.03521756455302238	0.03686359524726868	0.01423624157905579	0.02715376205742359	0.02092653512954712	0.02413270622491837	0.03846019506454468	0.02988611720502377	0.04769584164023399	0.01290380768477917	0.03247076272964478	0.03302186354994774	0.05231067165732384	0.02007017284631729	0.04604144394397736	0.02990687265992165	0.02204544469714165	0.05140534043312073	0.0327085554599762	0.01835095882415771	0.04978232458233833	0.03288409486413002	0.04678948968648911	0.02600357308983803	0.03756219148635864	0.03241880610585213	0.01567701995372772	0.022020623087883	0.02614126913249493	0.04013264179229736	0.03212770447134972	0.0293419361114502	0.03302670642733574	0.03137074783444405	0.05140534043312073	0.01998846791684628	0.03814772889018059	0.02504702471196651	0.02180412784218788	0.01926529966294765	0.03312316536903381	0.04502052813768387	0.02584590017795563	0.02169023081660271	0.02748550474643707	0.04351236298680305	0.04106130823493004	0.04255803674459457	0.04524987563490868	0.04184554144740105	0.04377102106809616	0.03884628787636757	0.04205232113599777	0.05119368806481361	0.03443353995680809	0.02498574554920197	0.02693792618811131	0.1147433370351791	0.1129056736826897	0.02529034577310085	0.02357207424938679	0.08908146619796753	0.02347739413380623	0.04702863469719887	0.04886553063988686	0.05633462592959404	0.0518462285399437	0.04919763281941414	0.04983481019735336	0.0453365333378315	0.04891180992126465	0.03491988778114319	0.05140534043312073	0.03425232693552971	0.0481010414659977	0.0294423196464777	0.05425688996911049	0.01646787486970425	0.0347389355301857	0.04047524183988571	0.02341651171445847	0.04958555847406387	0.04601357504725456	0.04156965762376785	0.05996685847640038	0.03298145905137062	0.03935906663537025	0.0368022732436657	0.0445467010140419	0.04012155532836914	0.04902301728725433	0.04728329181671143	0.04697719216346741	0.0454646497964859	0.04627981781959534	0.03278053924441338	0.03542874753475189	0.0482390895485878	0.01993574947118759	0.04178850725293159	0.04542935267090797	0.03447588160634041	0.02725107967853546	0.03110142797231674	0.0238866675645113	0.03117881529033184	0.03223535045981407	0.03488076850771904	0.03309287130832672	0.0371343120932579	0.02429432980716228	0.04332773759961128	0.03108584880828857	0.02867816388607025	0.0263924915343523	0.03039047308266163	0.01534182857722044	0.02501009963452816	0.03270649537444115	0.03981023281812668	0.03185838833451271	0.03032910451292992	0.0288630984723568	0.03047490492463112	0.04946484789252281	0.02202907018363476	0.02588788233697414	0.01855003833770752	0.03538661450147629	0.1330052316188812	0.1410346478223801	0.02080488577485085	0.03652242571115494	0.06379560381174088	0.1215639337897301	0.01744264736771584	0.03722876682877541	0.03056387230753899	0.03818201646208763	0.02477117255330086	0.03068387322127819	0.09831834584474564	0.01761437207460403	0.04331091046333313	0.0155438520014286	0.09904856979846954	0.03545825928449631	0.1237966194748878	0.01398999430239201	0.02040008269250393	0.01260978821665049	0.03064861707389355	0.1396232843399048
S2014F_E2-3-C-F	0.05744734406471252	0.08011861145496368	0.02715258486568928	0.07072765380144119	0.04657989740371704	0.03390365093946457	0.03561549633741379	0.08368401229381561	0.02764446847140789	0.05793586373329163	0.07410520315170288	0.0458328053355217	0.03692697733640671	0.02449698746204376	0.01160968840122223	0.01995185762643814	0	0.05541239678859711	0.02356972917914391	0.05748368427157402	0.03006951324641705	0.03485135734081268	0.03458748757839203	0.05429896712303162	0.01815276779234409	0.02742819860577583	0.03040452301502228	0.0396440289914608	0.0171075202524662	0.02746863290667534	0.01650558970868587	0.015519168227911	0.01770253106951714	0.01587363332509995	0.0575883723795414	0.05710829049348831	0.05667218565940857	0.03573046252131462	0.05700360983610153	0.02337468229234219	0.02361490949988365	0.03786373510956764	0.03950975090265274	0.01060483232140541	0.02578223869204521	0.01459789555519819	0.0300050675868988	0.04491719976067543	0.03536871448159218	0.05457036942243576	0.01600977778434753	0.03906694054603577	0.03477519005537033	0.05441194400191307	0.02110516652464867	0.05291597172617912	0.02969248779118061	0.0259273573756218	0.05827986821532249	0.0378434881567955	0.02397389709949493	0.0566568523645401	0.03553025051951408	0.05366401746869087	0.02986962161958218	0.03989408910274506	0.03523920103907585	0.01398874167352915	0.02781988121569157	0.02175114117562771	0.04277879744768143	0.03642778098583221	0.03188362717628479	0.03689649701118469	0.03387772664427757	0.05827986821532249	0.02324357442557812	0.03971193730831146	0.02656131982803345	0.01937267929315567	0.01920516788959503	0.03576933220028877	0.05102648586034775	0.02807575277984142	0.03247063979506493	0.03048744611442089	0.05059610679745674	0.04899965226650238	0.05028716847300529	0.05212441086769104	0.04574242606759071	0.0464375838637352	0.04025367274880409	0.04999712482094765	0.05806821957230568	0.04381918534636497	0.02881014533340931	0.02699695341289043	0.1213415041565895	0.1169939711689949	0.01415675040334463	0.02808051556348801	0.09495308250188828	0.02485470660030842	0.05290557444095612	0.05574006587266922	0.06098759174346924	0.05386876687407494	0.05586365982890129	0.05650083720684052	0.05221106484532356	0.05578633770346642	0.03596185892820358	0.05827986821532249	0.03648147359490395	0.05497556924819946	0.03127868473529816	0.05642774701118469	0.01388749945908785	0.03588933125138283	0.04589000716805458	0.0219651386141777	0.05440201982855797	0.05265045911073685	0.04591114446520805	0.06636609137058258	0.03683194145560265	0.04421765357255936	0.03808571025729179	0.05096930265426636	0.04624287784099579	0.05568904802203178	0.054262425750494	0.05378213152289391	0.05233918502926826	0.05267905071377754	0.03728268668055534	0.03864621743559837	0.05511362850666046	0.01146281603723764	0.04888184368610382	0.05209538340568542	0.03564926236867905	0.02583136409521103	0.03427716717123985	0.02048394829034805	0.03219137713313103	0.03314365446567535	0.03383869305253029	0.03483544290065765	0.03957197070121765	0.02029477991163731	0.04746760427951813	0.03267018496990204	0.02861648425459862	0.01573018357157707	0.02808665856719017	0.0106325950473547	0.02167649567127228	0.03375370800495148	0.04542108252644539	0.02879901044070721	0.02908125333487988	0.02144917473196983	0.02990967966616154	0.05613087862730026	0.01223826594650745	0.01783950068056583	0.0141448425129056	0.03984695672988892	0.1408048272132874	0.1482884883880615	0.02715258486568928	0.04009364917874336	0.06663589924573898	0.1277807354927063	0.02395802922546864	0.03933047130703926	0.03617244213819504	0.04157900810241699	0.02937989681959152	0.03629244491457939	0.1016790121793747	0.0176798477768898	0.04402702674269676	0.01888391748070717	0.1022360324859619	0.03955220803618431	0.1329901069402695	0.01574214920401573	0.01182411145418882	0.009702650830149651	0.03525451570749283	0.1472486257553101
S2014F_E5-2-A-F	0.051051314920187	0.04110721126198769	0.06623455882072449	0.03694353997707367	0.0283966027200222	0.04035726934671402	0.0289535541087389	0.04366427659988403	0.06044693663716316	0.05011818185448647	0.05907000601291656	0.04392088949680328	0.03988970071077347	0.03511600568890572	0.04907190799713135	0.0532415360212326	0.05541239678859711	0	0.042241171002388	0.04664722830057144	0.02694114670157433	0.03242727369070053	0.0300232321023941	0.04346251487731934	0.03859753906726837	0.03003915771842003	0.0367107056081295	0.04150743037462234	0.04067721962928772	0.02852368354797363	0.05136251449584961	0.05780220776796341	0.05941628664731979	0.05608121305704117	0.04675191268324852	0.04627183079719543	0.04649872332811356	0.02835490182042122	0.04616715013980865	0.03617619723081589	0.03543451428413391	0.03509725630283356	0.02396607771515846	0.04919052869081497	0.04255703091621399	0.04388080164790154	0.03756329044699669	0.04385348409414291	0.04145882278680801	0.04635284096002579	0.04809006676077843	0.0413912832736969	0.03328409045934677	0.01619140990078449	0.03644371032714844	0.04207951948046684	0.03019796498119831	0.04189776629209518	0.04744341224431992	0.0429191030561924	0.04527640342712402	0.04714639484882355	0.03428361937403679	0.04282756149768829	0.03176411241292953	0.03061344288289547	0.03307178989052773	0.04977457970380783	0.04361533001065254	0.05176378041505814	0.02435421012341976	0.040716502815485	0.02953591011464596	0.03956753388047218	0.03412926569581032	0.04744341224431992	0.04519778490066528	0.03222114592790604	0.04340619966387749	0.04789961874485016	0.05542244389653206	0.03750592097640038	0.04521055519580841	0.03672803565859795	0.04917443543672562	0.03879348188638687	0.04659714177250862	0.04798972606658936	0.04799673706293106	0.04504631087183952	0.03794211521744728	0.02864293195307255	0.02065879106521606	0.02535892836749554	0.0472317598760128	0.04505463317036629	0.0407450906932354	0.0500093512237072	0.1219422519207001	0.0847485288977623	0.06640056520700455	0.04194948822259903	0.06795994192361832	0.04770931601524353	0.02123322337865829	0.04490359872579575	0.04668506607413292	0.03946206346154213	0.04677021130919456	0.04740738123655319	0.04156824573874474	0.04547366127371788	0.02900039777159691	0.04744341224431992	0.02931241504848003	0.04501061141490936	0.03474074229598045	0.004943618550896645	0.0508200116455555	0.04218566417694092	0.0492727980017662	0.04047273844480515	0.03140275925397873	0.04518024250864983	0.03507469221949577	0.03236312419176102	0.04320300370454788	0.04934345185756683	0.04153957590460777	0.04463211819529533	0.03750312700867653	0.04725859686732292	0.04496122151613235	0.04618454724550247	0.04307408258318901	0.04259287565946579	0.0284346230328083	0.03233667090535164	0.04370788112282753	0.04929010197520256	0.04833440482616425	0.0430019348859787	0.04923925921320915	0.05137231945991516	0.04826721549034119	0.03751865029335022	0.03329463303089142	0.03393645584583282	0.03191094845533371	0.030599569901824	0.02252680994570255	0.04343722760677338	0.03624802827835083	0.0366668701171875	0.04247423261404037	0.06157802790403366	0.04448196664452553	0.04924564063549042	0.04689605161547661	0.02593357861042023	0.03803683444857597	0.0355769507586956	0.03265681117773056	0.05692284181714058	0.04173231869935989	0.04703742265701294	0.05145451799035072	0.06971355527639389	0.045623779296875	0.03872228413820267	0.1115133836865425	0.1164145991206169	0.06623455882072449	0.032243512570858	0.03728626295924187	0.09650026261806488	0.04315172880887985	0.03151480853557587	0.04164798930287361	0.02327999845147133	0.03464101254940033	0.0411049909889698	0.0702817365527153	0.04898379743099213	0.03305022418498993	0.03926659747958183	0.06530340015888214	0.01966757513582706	0.1064569503068924	0.04217489063739777	0.06369815766811371	0.04899479448795319	0.03825328499078751	0.1167007759213448
S2014F_E5-2-A-F_plate2	0.05451900511980057	0.06717278808355331	0.02668423391878605	0.05816557258367538	0.03352932631969452	0.02071867883205414	0.02573751285672188	0.0708429291844368	0.02765141613781452	0.05275265127420425	0.06503698974847794	0.03102263435721397	0.02356777153909206	0.0179059486836195	0.02198445238173008	0.01531401090323925	0.02356972917914391	0.042241171002388	0	0.03887612372636795	0.01691673323512077	0.02252488024532795	0.0210542269051075	0.03674658387899399	0.01522490661591291	0.02250735834240913	0.02354399859905243	0.02825326658785343	0.0190925020724535	0.01802109368145466	0.01751553639769554	0.01973534747958183	0.01934381946921349	0.01647993735969067	0.03898080438375473	0.03839612007141113	0.0380646139383316	0.01864236034452915	0.03829143941402435	0.0114210257306695	0.01514253672212362	0.02433785423636436	0.02598387934267521	0.01727265305817127	0.01959462836384773	0.01889881491661072	0.01875120215117931	0.0282268263399601	0.02394562959671021	0.0359627977013588	0.01493673026561737	0.02387809567153454	0.02291505225002766	0.04136137664318085	0.009760743007063866	0.03600004315376282	0.01876167394220829	0.02165744081139565	0.03967230394482613	0.02519671246409416	0.02110061421990395	0.03804928436875343	0.02164359763264656	0.03611163422465324	0.01519309263676405	0.02793951705098152	0.02142868563532829	0.01824875362217426	0.0236173439770937	0.02564713731408119	0.03030045330524445	0.02306856960058212	0.02132243849337101	0.02324560470879078	0.02035185322165489	0.03967230394482613	0.01790109276771545	0.02838587760925293	0.02439591102302074	0.02248630486428738	0.0207844004034996	0.02267373353242874	0.03335681557655334	0.01636076904833317	0.0110968230292201	0.01618612743914127	0.03092540055513382	0.02961358614265919	0.03167960047721863	0.03362109512090683	0.03223844617605209	0.03931193798780441	0.03208356350660324	0.03780284151434898	0.03946065157651901	0.02865952253341675	0.015409205108881	0.02445513382554054	0.1036233678460121	0.1041376069188118	0.02743731066584587	0.01847032271325588	0.08040037751197815	0.02455493621528149	0.03571401163935661	0.03713249787688255	0.04662274569272995	0.04234374687075615	0.03767309337854385	0.03831026703119278	0.03246492519974709	0.03717876970767975	0.02279669232666492	0.03967230394482613	0.02358111366629601	0.03657650202512741	0.02208015508949757	0.04452845454216003	0.01702281460165977	0.02607390098273754	0.0289857629686594	0.01874732412397861	0.04017138108611107	0.03428053483366966	0.03194698691368103	0.04823382571339607	0.02464775182306767	0.02821805514395237	0.02803263068199158	0.03288298845291138	0.02838827855885029	0.03749847412109375	0.03555025160312653	0.03509841859340668	0.03404983878135681	0.03454678133130074	0.02158713340759277	0.02499743364751339	0.03593676909804344	0.02259954810142517	0.03069126978516579	0.03506460040807724	0.02563096582889557	0.025427320972085	0.02346949465572834	0.01659858599305153	0.01957832835614681	0.02177342958748341	0.02608818560838699	0.02206742390990257	0.02649271860718727	0.02198920026421547	0.03464556485414505	0.02315392158925533	0.02201889082789421	0.02746971137821674	0.02675363048911095	0.01848965138196945	0.02254110760986805	0.0226283110678196	0.03039606101810932	0.02478038519620895	0.02068258821964264	0.02994032576680183	0.02474672347307205	0.03794030845165253	0.023947698995471	0.02974569983780384	0.02011845074594021	0.02644075639545918	0.1226725950837135	0.1301562041044235	0.02668423391878605	0.02711237221956253	0.05588627979159355	0.1133416071534157	0.01788989640772343	0.02616909518837929	0.0228132251650095	0.02947002276778221	0.01424263976514339	0.0229332335293293	0.09061875939369202	0.02455585822463036	0.04140492901206017	0.01086489390581846	0.09065202623605728	0.02621117793023586	0.1153805702924728	0.01825040206313133	0.02636825852096081	0.01799598149955273	0.02213295549154282	0.1291163861751556
S2014F_E5-2-B-F	0.08136257529258728	0.08596236258745193	0.05771304294466972	0.08179870247840881	0.05974215269088745	0.05143841728568077	0.060299102216959	0.08851943165063858	0.05931257084012032	0.07987513393163681	0.08907075226306915	0.01165088918060064	0.05097083747386932	0.04619714617729187	0.04994318634271622	0.05060915648937225	0.05748368427157402	0.04664722830057144	0.03887612372636795	0	0.03619127348065376	0.04507528245449066	0.02416908740997314	0.003184717148542404	0.04743396118283272	0.03449651226401329	0.03264499083161354	0.0210601557046175	0.04037617892026901	0.03907723352313042	0.04495961591601372	0.05286538973450661	0.05167356505990028	0.04862312972545624	0.0001046820543706417	0.0006893682875670493	0.0008115090313367546	0.02583563700318336	0.0005846862331964076	0.03726217523217201	0.04651566222310066	0.04617840424180031	0.03504722192883492	0.049245435744524	0.05387582257390022	0.05496194213628769	0.03316790610551834	0.01256649382412434	0.02211498469114304	0.003545665182173252	0.04293991252779961	0.0184167567640543	0.0549144335091114	0.06104656308889389	0.04418634995818138	0.004567711614072323	0.03977347910404205	0.03155633807182312	0.0007961790543049574	0.02037700638175011	0.03727865591645241	0.001459182822145522	0.0459340438246727	0.005113574676215649	0.04020730406045914	0.02956379577517509	0.04475031793117523	0.04611055552959442	0.03255622461438179	0.04175617173314095	0.02229302003979683	0.05179764702916145	0.02748825028538704	0.05094035714864731	0.04521040618419647	0.0007961790543049574	0.0386560820043087	0.01840410381555557	0.03352401778101921	0.04018504172563553	0.04747022315859795	0.04858706519007683	0.006771172396838665	0.03474485874176025	0.0439002737402916	0.04338433966040611	0.02119528502225876	0.02358379401266575	0.022062161937356	0.01720034703612328	0.02331986278295517	0.05727926269173622	0.05267896503210068	0.05568717792630196	0.001011830172501504	0.01974355615675449	0.03856831043958664	0.04243061691522598	0.1046463251113892	0.1106016784906387	0.05811670050024986	0.03244089335203171	0.09377391636371613	0.05269740149378777	0.02864053100347519	0.008084308356046677	0.04289264976978302	0.0469743125140667	0.002043012529611588	0.001720167580060661	0.008119048550724983	0.002128652995452285	0.03840087726712227	0.0007961790543049574	0.04039355367422104	0.002508118283003569	0.02755631878972054	0.04595251753926277	0.04741604998707771	0.03498397395014763	0.02462311275303364	0.04035575315356255	0.01643593050539494	0.02089744620025158	0.01416041795164347	0.01493105571717024	0.02927265502512455	0.02575919404625893	0.02383163571357727	0.007365568540990353	0.01875132881104946	0.002531398087739944	0.003646122524514794	0.004834194667637348	0.00643841503188014	0.02293866500258446	0.03570704162120819	0.03314646705985069	0.003586302511394024	0.04899755492806435	0.02271893247961998	0.005813542753458023	0.0343475379049778	0.04513942822813988	0.03382861986756325	0.0479717068374157	0.04522969573736191	0.04501760005950928	0.02903967350721359	0.04196535050868988	0.03021421656012535	0.04149815812706947	0.0225411131978035	0.02868655323982239	0.03576803952455521	0.0530565157532692	0.03047225065529346	0.05381950363516808	0.04309386759996414	0.03701472282409668	0.02057675644755363	0.03531531244516373	0.04124672710895538	0.05241106823086739	0.03037747368216515	0.002632112009450793	0.0454581119120121	0.06119203940033913	0.05607682839035988	0.05346546694636345	0.1270027756690979	0.1305161863565445	0.05771304294466972	0.05698009207844734	0.08150908350944519	0.1197624579071999	0.05423286184668541	0.0496353954076767	0.05272913351655006	0.06138034909963608	0.04276920855045319	0.05218613520264626	0.1043777391314507	0.05818260833621025	0.072214275598526	0.04696385189890862	0.1029080599546432	0.0583307184278965	0.1233341619372368	0.05358026176691055	0.05960305407643318	0.05277949199080467	0.05271182581782341	0.1311493068933487
S2014F_E5-3-B-F	0.06154002249240875	0.06088881194591522	0.04222937300801277	0.05160262063145638	0.03194381669163704	0.01972381956875324	0.0270893182605505	0.06445419788360596	0.04295891150832176	0.06055004522204399	0.07226373255252838	0.02756637148559093	0.02274714782834053	0.01326165720820427	0.02448896132409573	0.02874880097806454	0.03006951324641705	0.02694114670157433	0.01691673323512077	0.03619127348065376	0	0.01530560851097107	0.01328318007290363	0.03300656005740166	0.01463283505290747	0.01021621283143759	0.01968364045023918	0.02430232055485249	0.01618492230772972	0.006037136539816856	0.02715485543012619	0.03330991044640541	0.03481937944889069	0.03166434541344643	0.03629595413804054	0.03571126982569695	0.03537976369261742	0.01161089446395636	0.03560658544301987	0.01182159315794706	0.01305640302598476	0.01861771009862423	0.01084636338055134	0.02438441663980484	0.01909067668020725	0.02171219699084759	0.02009063400328159	0.02749895863234997	0.02510429732501507	0.0332779549062252	0.02317934110760689	0.02503676153719425	0.02121752873063087	0.03089072182774544	0.0107290968298912	0.03162356466054916	0.009288215078413486	0.02281610481441021	0.03698745369911194	0.02635538019239902	0.02225928008556366	0.03536443412303925	0.01581505872309208	0.03237160667777061	0.007655913010239601	0.0180209819227457	0.01432256121188402	0.02535770833492279	0.02477601356804371	0.03193341940641403	0.01495343260467052	0.02224794588983059	0.0117374500259757	0.02242498472332954	0.01367169432342052	0.03698745369911194	0.02257246524095535	0.01778716780245304	0.02451333031058311	0.02231908030807972	0.03093014657497406	0.02036337181925774	0.03067196719348431	0.01350170560181141	0.02363608591258526	0.01620691083371639	0.03408011794090271	0.033338263630867	0.03540427982807159	0.0317908450961113	0.03127292916178703	0.04107316583395004	0.03239512071013451	0.039387296885252	0.03677580133080482	0.0286300852894783	0.01591573841869831	0.02603815123438835	0.1096897572278976	0.1047636419534683	0.04082002490758896	0.02150894701480865	0.08305098861455917	0.03648896142840385	0.03080402314662933	0.03444765135645866	0.04415488243103027	0.0423484705388546	0.03498825058341026	0.03562542051076889	0.0303493607789278	0.03449392691254616	0.01192329451441765	0.03698745369911194	0.01018084678798914	0.03389165922999382	0.01806646957993507	0.02894378639757633	0.0254908874630928	0.03010717779397964	0.03203931078314781	0.01880302093923092	0.03355574980378151	0.03520374745130539	0.02461873553693295	0.0453113317489624	0.024711973965168	0.03127160295844078	0.02832480520009995	0.03019814006984234	0.02574574202299118	0.03481363132596016	0.03286540880799294	0.03241357579827309	0.03104676492512226	0.03546999767422676	0.01658211834728718	0.02189724706113338	0.03325192630290985	0.02479780465364456	0.03441594913601875	0.03121997229754925	0.03074822388589382	0.031195018440485	0.0297761932015419	0.01451244950294495	0.01203951984643936	0.01239670254290104	0.01555642485618591	0.01099076680839062	0.0111456960439682	0.02083303593099117	0.02978806011378765	0.02059698663651943	0.02398319356143475	0.03708572685718536	0.02791230008006096	0.02507158555090427	0.02533094584941864	0.007037466391921043	0.02454566955566406	0.01729509793221951	0.01310488861054182	0.03727085515856743	0.0253777988255024	0.03525545820593834	0.02696221508085728	0.04522125050425529	0.02293183468282223	0.02538248337805271	0.1289460361003876	0.1364296674728394	0.04222937300801277	0.02579048462212086	0.05009209737181664	0.1159219443798065	0.02098237536847591	0.01617838814854622	0.02199260517954826	0.02865797281265259	0.01256662886589766	0.02211261168122292	0.08792316168546677	0.0343860536813736	0.04209427908062935	0.01519120577722788	0.08531849086284637	0.02582136169075966	0.121479757130146	0.02124517410993576	0.03920586407184601	0.02450250089168549	0.02107468247413635	0.1353898346424103
S2014F_E5-3-C-F	0.06800341606140137	0.05634694918990135	0.04784999415278435	0.05206015706062317	0.02166110649704933	0.01407031901180744	0.02506169117987156	0.06023025885224342	0.04834187403321266	0.06750056147575378	0.07914464920759201	0.0423489511013031	0.01360274106264114	0.02026821300387383	0.02974205650389194	0.03464777022600174	0.03485135734081268	0.03242727369070053	0.02252488024532795	0.04507528245449066	0.01530560851097107	0	0.02736305445432663	0.04189056530594826	0.02077026478946209	0.02499879710376263	0.03181444481015205	0.03864018619060516	0.0300908200442791	0.01857754774391651	0.0336785726249218	0.03941763564944267	0.04092711210250854	0.03606422990560532	0.04517996311187744	0.04459528625011444	0.04492678493261337	0.02366994880139828	0.04449060186743736	0.02304137498140335	0.01572742126882076	0.01064949482679367	0.01069107092916965	0.03086367249488831	0.01518183574080467	0.02359920367598534	0.03539624810218811	0.04228154197335243	0.03988687321543694	0.04478088766336441	0.03197574242949486	0.03981933742761612	0.01683339104056358	0.03053701296448708	0.0154136223718524	0.04050757363438606	0.01185909658670425	0.03759869188070297	0.04587146267294884	0.04113796353340149	0.03735568001866341	0.04557445645332336	0.009298821911215782	0.04125561565160751	0.01460390724241734	0.02305928245186806	0.009462181478738785	0.0333704873919487	0.03955858945846558	0.04158838838338852	0.02278226613998413	0.01442954875528812	0.02652003243565559	0.01328057795763016	0.01042637228965759	0.04587146267294884	0.03267563506960869	0.03064920753240585	0.03901127353310585	0.03710165992379189	0.03887707740068436	0.01121896505355835	0.04353399947285652	0.02880731411278248	0.02890475280582905	0.01634977571666241	0.0375518687069416	0.03894444927573204	0.03916067257523537	0.040483258664608	0.04558021575212479	0.05263088271021843	0.04285669699311256	0.04984887689352036	0.04565981402993202	0.04327348619699478	0.02778153121471405	0.04134375229477882	0.1109905764460564	0.1058155819773674	0.04692777246236801	0.03556163609027863	0.0896400511264801	0.04257078841328621	0.03921274095773697	0.04333166405558586	0.05671516805887222	0.05495970696210861	0.04519826546311378	0.04583544284105301	0.03800380975008011	0.0439017191529274	0.0105738490819931	0.04587146267294884	0.01082362234592438	0.04343866556882858	0.03284905105829239	0.03643273562192917	0.03385110199451447	0.04080640152096748	0.04043672978878021	0.02845798060297966	0.04262747243046761	0.04076584056019783	0.03350274637341499	0.05372004210948944	0.03564884513616562	0.04050738736987114	0.04310739412903786	0.04306017234921455	0.04081369936466217	0.04568665102124214	0.04328466951847076	0.04461260139942169	0.04150213301181793	0.04131821915507317	0.02020606957376003	0.03020741045475006	0.04213593527674675	0.03497934713959694	0.03949834406375885	0.04142998903989792	0.04125779494643211	0.040849968791008	0.03943115100264549	0.01885838061571121	0.009704606607556343	0.0120408795773983	0.03033900260925293	0.01090220734477043	0.016816770657897	0.03433371335268021	0.04409533739089966	0.03509492054581642	0.03363815695047379	0.04577752575278282	0.04269488528370857	0.03086109086871147	0.03541321307420731	0.01612496189773083	0.03475569188594818	0.03207767382264137	0.02035624347627163	0.04692582786083221	0.04016037285327911	0.04546548053622246	0.04012324288487434	0.05132899060845375	0.02639325521886349	0.01557507924735546	0.1325804144144058	0.1374816000461578	0.04784999415278435	0.01875320822000504	0.05493225529789925	0.1175673007965088	0.02034074999392033	0.01764162071049213	0.01536103710532188	0.02350881509482861	0.01265365909785032	0.01481804065406322	0.09134877473115921	0.04001849517226219	0.04878118261694908	0.01962588168680668	0.08637041598558426	0.02921425923705101	0.1275239735841751	0.02693008072674274	0.04531358927488327	0.03061023540794849	0.01510607916861773	0.1377677768468857
S2014F_E5-C-2-F	0.06165659800171852	0.06960026919841766	0.0433034636080265	0.06187563389539719	0.04369448870420456	0.03175299987196922	0.03828089684247971	0.07247175276279449	0.0440329983830452	0.06023712828755379	0.06946650147438049	0.01578724570572376	0.03449781239032745	0.02420783042907715	0.02668018452823162	0.03073019720613956	0.03458748757839203	0.0300232321023941	0.0210542269051075	0.02416908740997314	0.01328318007290363	0.02736305445432663	0	0.02098436653614044	0.02515999600291252	0.01118130050599575	0.0110367126762867	0.01199940871447325	0.01912013255059719	0.0170879140496254	0.0285002663731575	0.03466234728693962	0.0364152267575264	0.03321895375847816	0.02427376993000507	0.02379368804395199	0.02335757948458195	0.008559634909033775	0.02368900552392006	0.01715606078505516	0.02452634274959564	0.0303683765232563	0.0185741912573576	0.02724465355277061	0.03056061640381813	0.03297262638807297	0.01695011183619499	0.01519604679197073	0.01280137896537781	0.02125576324760914	0.02495019510388374	0.01273384597152472	0.03321125358343124	0.04196229949593544	0.02029481716454029	0.0196013730019331	0.01797709614038467	0.01630564779043198	0.02496526576578617	0.01426167692989111	0.02213653735816479	0.02334224805235863	0.02770452946424484	0.02034941501915455	0.02045230753719807	0.01915395073592663	0.02614285424351692	0.02691232785582542	0.01741014420986176	0.02713782154023647	0.01221072115004063	0.03399860858917236	0.005498930346220732	0.03389809653162956	0.02584001421928406	0.02496526576578617	0.02191917411983013	0.009875769726932049	0.01700346171855927	0.02381031960248947	0.03242139145731926	0.03211403265595436	0.01917203702032566	0.01484917756170034	0.02802518010139465	0.0250600203871727	0.0282423235476017	0.02764630876481533	0.02936430834233761	0.02575087919831276	0.01917922869324684	0.03903942555189133	0.03296464681625366	0.03639188036322594	0.02475361712276936	0.01639720611274242	0.0182010643184185	0.02686948701739311	0.1062504574656487	0.1023795157670975	0.04217246547341347	0.01677501387894154	0.0787741020321846	0.03784139826893806	0.02217375300824642	0.0224254596978426	0.03227927163243294	0.03602777794003487	0.02296606078743935	0.02360323257744312	0.01832014136016369	0.02247173152863979	0.02016488090157509	0.02496526576578617	0.02207073569297791	0.02186946757137775	0.007147056516259909	0.02998421154916286	0.02778475917875767	0.02389109693467617	0.0265562180429697	0.01878544688224792	0.02153356745839119	0.029163783416152	0.01322858780622482	0.03328914195299149	0.01839128136634827	0.0255792997777462	0.01602189056575298	0.01859360374510288	0.01427966542541981	0.02279144339263439	0.02094782516360283	0.02066982351243496	0.01902457699179649	0.02943003177642822	0.01923913694918156	0.01798026077449322	0.02136853896081448	0.02784597873687744	0.02837597392499447	0.01919778250157833	0.02442753314971924	0.02693212777376175	0.02345550060272217	0.02598239108920097	0.02423541806638241	0.02459963969886303	0.008328839205205441	0.02283410727977753	0.01279353629797697	0.02096320688724518	0.01748514361679554	0.01170544885098934	0.01766250096261501	0.03843816742300987	0.01625183038413525	0.03224891796708107	0.02330351620912552	0.01607297360897064	0.0180783998221159	0.01393076963722706	0.01735519990324974	0.03692273423075676	0.01606599614024162	0.02323327027261257	0.02831465750932693	0.0465736947953701	0.03408751264214516	0.03713314980268478	0.125576376914978	0.132990375161171	0.0433034636080265	0.037611223757267	0.0592821016907692	0.1124826520681381	0.03224354609847069	0.02869513630867004	0.03388252481818199	0.03957103937864304	0.02271698787808418	0.03393290564417839	0.08930180966854095	0.03679367154836655	0.0499873124063015	0.02497453242540359	0.08968447893857956	0.03630137071013451	0.1181097850203514	0.03135329484939575	0.04055830463767052	0.03032569959759712	0.03310378268361092	0.1319505423307419
S2014F_E7-1-A-F	0.07817786186933517	0.08277764171361923	0.0570576973259449	0.07861398905515671	0.05655743926763535	0.04825369641184807	0.0571143850684166	0.08533471822738647	0.05802488327026367	0.07669041305780411	0.08630508184432983	0.009098515845835209	0.04778612032532692	0.04301242902874947	0.04675846919417381	0.04742443934082985	0.05429896712303162	0.04346251487731934	0.03674658387899399	0.003184717148542404	0.03300656005740166	0.04189056530594826	0.02098436653614044	0	0.04424923285841942	0.03131179511547089	0.02946027368307114	0.0178754385560751	0.03719145804643631	0.03589252009987831	0.04303958266973495	0.0496806725859642	0.05080871284008026	0.04775827750563622	0.003289399202913046	0.002809318015351892	0.003036212176084518	0.02265091985464096	0.00270463596098125	0.03428682312369347	0.04333094134926796	0.04299367964267731	0.03186250478029251	0.0460607185959816	0.05069110542535782	0.05177722498774529	0.03209354728460312	0.01191115286201239	0.02103666216135025	0.002890323055908084	0.0397551953792572	0.0171290710568428	0.051729716360569	0.05786184594035149	0.04100162908434868	0.001382994349114597	0.03658876568078995	0.03026865236461163	0.003980896901339293	0.01961691118776798	0.03620430082082748	0.003683885792270303	0.04274932667613029	0.001928857527673244	0.03702258691191673	0.02637907676398754	0.04156560450792313	0.04292583838105202	0.03137314692139626	0.04110082238912582	0.01910830289125443	0.04861292988061905	0.02430353499948978	0.04775563254952431	0.04202568903565407	0.003980896901339293	0.03673604875802994	0.01521938852965832	0.03286867588758469	0.03952969610691071	0.04681487381458282	0.04540234804153442	0.005588097963482141	0.03239760175347328	0.04282591491937637	0.04103707894682884	0.0210806168615818	0.02282369881868362	0.02162628248333931	0.01867585815489292	0.02245501428842545	0.05493200570344925	0.05033170431852341	0.05333992093801498	0.003769246861338615	0.01898346096277237	0.03622104227542877	0.04135626181960106	0.1053787842392921	0.107416957616806	0.05746135860681534	0.03136653825640678	0.09058921039104462	0.05204205587506294	0.02714775502681732	0.009559820406138897	0.0422373078763485	0.04569089785218239	0.003307698527351022	0.003944871015846729	0.006408383138477802	0.002011152449995279	0.03563519939780235	0.003980896901339293	0.03720883280038834	0.001548102824017406	0.02437160536646843	0.04276780039072037	0.04423133656382561	0.03359580039978027	0.02396776899695396	0.03717103600502014	0.01325121615082026	0.02218719571828842	0.01097570173442364	0.0156635157763958	0.026087936013937	0.02510385401546955	0.02191160432994366	0.00586426630616188	0.01767697744071484	0.003796083619818091	0.002886026864871383	0.004178852308541536	0.004095405805855989	0.02297722734510899	0.0329410508275032	0.03038047626614571	0.002096557756885886	0.04581283777952194	0.02196395955979824	0.002628825604915619	0.03305985406041145	0.04216407239437103	0.03148560598492622	0.04478698596358299	0.0420449823141098	0.04183288291096687	0.02585495635867119	0.03878063336014748	0.0270294938236475	0.03831343725323677	0.01935639232397079	0.02550183236598969	0.0325833223760128	0.05240117013454437	0.02939392626285553	0.05063479021191597	0.03990915045142174	0.03383000195026398	0.01739203929901123	0.03213059902191162	0.03806200623512268	0.05112338066101074	0.02782510221004486	0.00357491010800004	0.04269638285040855	0.0605366937816143	0.05289211496710777	0.05028074979782104	0.1263474524021149	0.1312486380338669	0.0570576973259449	0.05379537492990494	0.07832436263561249	0.1165777444839478	0.0510481484234333	0.0464506670832634	0.04954442009329796	0.05819563195109367	0.03958449140191078	0.04900142177939415	0.101193018257618	0.05499789491295815	0.0690295547246933	0.04377913475036621	0.09972334653139114	0.05514600500464439	0.1226788088679314	0.05039554834365845	0.05641833320260048	0.04959478229284286	0.0495271123945713	0.1315348148345947
S2014F_E7-2-C-F	0.05361146107316017	0.065557561814785	0.03037851303815842	0.05616660788655281	0.03292790427803993	0.02047025971114635	0.02161654829978943	0.06912295520305634	0.03134569153189659	0.0527673177421093	0.06628428399562836	0.03807758539915085	0.02349358424544334	0.007887019775807858	0.01659929752349854	0.01787307299673557	0.01815276779234409	0.03859753906726837	0.01522490661591291	0.04743396118283272	0.01463283505290747	0.02077026478946209	0.02515999600291252	0.04424923285841942	0	0.01676534488797188	0.02256811410188675	0.03196180239319801	0.01211646199226379	0.01046311110258102	0.01719692163169384	0.02006726898252964	0.02175033465027809	0.01913069933652878	0.0475386418402195	0.04705855250358582	0.04662244394421577	0.02452844381332397	0.04695387184619904	0.01121798250824213	0.006824533455073833	0.0210733562707901	0.02250423841178417	0.01109328307211399	0.01711652055382729	0.008675245568156242	0.02019297331571579	0.03486746177077293	0.02531897276639938	0.04452062770724297	0.01434060279279947	0.02901720441877842	0.02147014439105988	0.03788173571228981	0.009957033209502697	0.04286624491214752	0.01631029136478901	0.02048490382730961	0.0482301339507103	0.02779374644160271	0.02069488167762756	0.0466071143746376	0.01780164614319801	0.04275168105959892	0.01252909190952778	0.02455534599721432	0.01708644069731236	0.01559768058359623	0.02296694368124008	0.02361200004816055	0.02577327564358711	0.02299438416957855	0.02057302370667458	0.02331725880503654	0.01687221042811871	0.0482301339507103	0.0168735682964325	0.0290298517793417	0.02379265986382961	0.02159840613603592	0.01989650167524815	0.0211098063737154	0.04201925173401833	0.02041824162006378	0.02494499646127224	0.01820079423487186	0.03939912468194962	0.03865726664662361	0.0402294285595417	0.04131632298231125	0.03739038109779358	0.03693879023194313	0.02981661818921566	0.03956007957458496	0.04758718237280846	0.0339493453502655	0.01813290826976299	0.02432864531874657	0.1141503751277924	0.1081545948982239	0.02804068103432655	0.01865725219249725	0.08575020730495453	0.02380987256765366	0.04142175614833832	0.04482772573828697	0.05240181088447571	0.0471818670630455	0.04623092338442802	0.04686809703707695	0.04187668487429619	0.04530529677867889	0.02247583121061325	0.0482301339507103	0.02010146528482437	0.04513433203101158	0.02290361374616623	0.04010603204369545	0.01446840446442366	0.02962229959666729	0.03686447069048882	0.01459731068462133	0.04482043161988258	0.04197576642036438	0.0349988117814064	0.05614470317959785	0.02852585911750793	0.03560911864042282	0.03158103302121162	0.04100951552391052	0.03623713925480843	0.04605630412697792	0.04399704188108444	0.04344060271978378	0.04142684489488602	0.04224200919270515	0.0219552218914032	0.02771005593240261	0.0441322922706604	0.01592928357422352	0.03924110159277916	0.04246265068650246	0.02883078530430794	0.02244628965854645	0.02797243930399418	0.008280583657324314	0.01581801101565361	0.01759048737585545	0.02387902699410915	0.01772517710924149	0.02269881591200829	0.01664196886122227	0.03944261744618416	0.02522620745003223	0.02187415212392807	0.02629717439413071	0.02471849508583546	0.01129507273435593	0.01743682473897934	0.01820769347250462	0.03492575138807297	0.02163967862725258	0.01902217417955399	0.02875979244709015	0.02441835217177868	0.04585118591785431	0.02193375118076801	0.03197862207889557	0.009790130890905857	0.02636657655239105	0.1331995725631714	0.1402519643306732	0.03037851303815842	0.0267745740711689	0.05207484588027	0.1201755031943321	0.01059426926076412	0.02251561731100082	0.02273904345929623	0.02723310701549053	0.01670107990503311	0.02285904809832573	0.09217672049999237	0.0213810633867979	0.03269732743501663	0.00714246928691864	0.08957206457853317	0.02639846131205559	0.1253848671913147	0.00781735498458147	0.02596323378384113	0.01140569988638163	0.02205877378582954	0.1396434009075165
S2014F_E7-3-A-F	0.06113908067345619	0.06700663268566132	0.04278595373034477	0.05865653604269028	0.04075390100479126	0.02853390946984291	0.03122279793024063	0.07057203352451324	0.04351548105478287	0.06001049652695656	0.06991236656904221	0.02305513620376587	0.03155723586678505	0.01448603253811598	0.02241693437099457	0.0297947246581316	0.02742819860577583	0.03003915771842003	0.02250735834240913	0.03449651226401329	0.01021621283143759	0.02499879710376263	0.01118130050599575	0.03131179511547089	0.01676534488797188	0	0.01186553668230772	0.01645461656153202	0.01604561135172844	0.009055571630597115	0.02758483402431011	0.03317059576511383	0.03513831272721291	0.03209502622485161	0.03460119664669037	0.03412111476063728	0.03368500247597694	0.01211476139724255	0.0340164341032505	0.01453982293605804	0.01649399846792221	0.0274278037250042	0.01563361287117004	0.02197924815118313	0.02135227806866169	0.0224382821470499	0.0154583603143692	0.0219300165772438	0.01803703792393208	0.03158319368958473	0.02359766885638237	0.01922247186303139	0.02929615415632725	0.03874329105019569	0.01507231220602989	0.02992879599332809	0.01569561474025249	0.01567880064249039	0.03529268875718117	0.0194973312318325	0.02043629065155983	0.03366967290639877	0.0243389829993248	0.03002988919615746	0.01665589027106762	0.01887541636824608	0.02277034148573875	0.02306358702480793	0.01697936095297337	0.02428101748228073	0.01599755138158798	0.03105803392827511	0.007740332279354334	0.03152674809098244	0.02248178422451019	0.03529268875718117	0.02106513641774654	0.01609240658581257	0.01655586063861847	0.02254055067896843	0.03136012330651283	0.02917345613241196	0.02803930267691612	0.01032769400626421	0.03026644326746464	0.02226771973073483	0.03508070111274719	0.03433884680271149	0.0356263667345047	0.03190868720412254	0.02234593592584133	0.03665637597441673	0.02891658805310726	0.03674366325139999	0.03464973717927933	0.02077846601605415	0.0154864527285099	0.02412673830986023	0.1122306659817696	0.1066575944423676	0.03753175958991051	0.01625194028019905	0.08318293839693069	0.03591835498809814	0.02846230939030647	0.0321059338748455	0.03846461325883865	0.03535906597971916	0.03287648782134056	0.03351365774869919	0.02922388352453709	0.03236786276102066	0.01927287876605988	0.03529268875718117	0.01836543530225754	0.03198839351534843	0.008796378038823605	0.03006991930305958	0.02353974618017673	0.02255938574671745	0.03080190345644951	0.01213488262146711	0.03143683820962906	0.03542584180831909	0.02227701991796494	0.04296961426734924	0.0197115819901228	0.02912954799830914	0.01810858957469463	0.02755081839859486	0.02306204102933407	0.03270186483860016	0.03105959668755531	0.03057930245995522	0.0287050437182188	0.03569209575653076	0.01922940090298653	0.02209088020026684	0.03147948905825615	0.02215649001300335	0.03422103822231293	0.02910820208489895	0.02338047325611115	0.02354261465370655	0.02212378568947315	0.01544804032891989	0.01896436884999275	0.01907932199537754	0.008939874358475208	0.01821028254926205	0.01279072929173708	0.01633014716207981	0.02428676933050156	0.01095005590468645	0.0163307897746563	0.0344444178044796	0.01769608817994595	0.02401128970086575	0.01855820417404175	0.01083758473396301	0.02392345853149891	0.008788089267909527	0.01345393899828196	0.0322820320725441	0.01516158413141966	0.03249674662947655	0.02432090230286121	0.04257993772625923	0.02355316653847694	0.03447721898555756	0.1314869374036789	0.1385392695665359	0.04278595373034477	0.03474640846252441	0.05456477403640747	0.118462860584259	0.0251158569008112	0.02534311078488827	0.03080269321799278	0.03505910933017731	0.02035273052752018	0.03092269971966743	0.09046407043933868	0.03424674272537231	0.04195496812462807	0.01875203102827072	0.08912408351898193	0.03225506842136383	0.1236722096800804	0.02332095429301262	0.03656454756855965	0.02465486526489258	0.02988477423787117	0.1379307210445404
S2014F_E7-3-B-F	0.05756160244345665	0.07528111338615417	0.04015906900167465	0.0667552575469017	0.04937535151839256	0.03758322820067406	0.03754120320081711	0.0781526044011116	0.04065088927745819	0.05643299967050552	0.06494708359241486	0.0230801198631525	0.04112920165061951	0.02042545564472675	0.01993340440094471	0.02873804606497288	0.03040452301502228	0.0367107056081295	0.02354399859905243	0.03264499083161354	0.01968364045023918	0.03181444481015205	0.0110367126762867	0.02946027368307114	0.02256811410188675	0.01186553668230772	0	0.01540931593626738	0.01615728810429573	0.01785999163985252	0.02527188695967197	0.03033493645489216	0.03188422694802284	0.02884095162153244	0.03274967521429062	0.03216498717665672	0.03183348476886749	0.01559250708669424	0.03206030651926994	0.01718812808394432	0.02289018966257572	0.03699983656406403	0.02520564943552017	0.02322996780276299	0.03321774303913116	0.03053449280560017	0.01307622529566288	0.0200784970074892	0.01262515038251877	0.02973167039453983	0.02180666103959084	0.01422823872417212	0.03839288279414177	0.04736471921205521	0.02391199767589569	0.02807727642357349	0.0233021080493927	0.01271975319832563	0.03344117105007172	0.01377194933593273	0.01749595813453197	0.03181815519928932	0.03391101211309433	0.028178371489048	0.02560060285031796	0.02599421888589859	0.03216813504695892	0.02210301160812378	0.01362423412501812	0.02284920588135719	0.02226175181567669	0.04063006490468979	0.01178011111915112	0.0410987101495266	0.03205381706357002	0.03344117105007172	0.01853705011308193	0.01919488422572613	0.01315735746175051	0.01994869112968445	0.02821065299212933	0.03874548897147179	0.02691718563437462	0.01586640067398548	0.03259628266096115	0.0305775236338377	0.03397917747497559	0.03323732689023018	0.0346294492483139	0.0309117715805769	0.02179101668298244	0.03342868387699127	0.02850914932787418	0.03405988216400146	0.03279821947216988	0.01854021660983562	0.01782113872468472	0.02285594679415226	0.1098264008760452	0.1068738773465157	0.03751231729984283	0.01318860799074173	0.08160696923732758	0.03289246559143066	0.02806766889989376	0.03025441616773605	0.03182000294327736	0.03487678244709969	0.03123346529901028	0.03187063708901405	0.02737236581742764	0.03051633574068546	0.02483085356652737	0.03344117105007172	0.02835446782410145	0.03013687580823898	0.009355128742754459	0.03575506061315536	0.02404498122632504	0.02152463793754578	0.0310559868812561	0.01580329053103924	0.02887237444519997	0.03442892804741859	0.02179471589624882	0.04016749560832977	0.02100816927850246	0.02980063669383526	0.01656156964600086	0.02601205557584763	0.02086826786398888	0.03105884790420532	0.02910347282886505	0.02872778475284576	0.02685352973639965	0.03445752710103989	0.02501427754759789	0.02423964999616146	0.0296279713511467	0.0247795395553112	0.03343261778354645	0.02746518701314926	0.02209462784230709	0.02245774678885937	0.02188511192798615	0.02413773909211159	0.02989165112376213	0.03011085465550423	0.01496819872409105	0.02861631475389004	0.02078297175467014	0.01726127602159977	0.02373220026493073	0.01158363744616508	0.01563837006688118	0.03442498296499252	0.01436881441622972	0.02882808074355125	0.01906635425984859	0.02166061848402023	0.02313503995537758	0.01409027352929115	0.02190877497196198	0.03226259350776672	0.01226161699742079	0.03085372224450111	0.02430139668285847	0.04256051406264305	0.03164944797754288	0.04404925554990768	0.1297367066144943	0.1369632929563522	0.04015906900167465	0.04343127086758614	0.06318619847297668	0.1167126074433327	0.03060468472540379	0.03457288816571236	0.04002624750137329	0.04368054866790771	0.02982015535235405	0.04014625772833824	0.09458404034376144	0.03272806480526924	0.04663285240530968	0.02518134936690331	0.09566379338502884	0.04035372659564018	0.1215735003352165	0.02912372723221779	0.03654511645436287	0.028212059289217	0.03945674002170563	0.1363547444343567
S2014F_E7-3-C-F	0.06732156127691269	0.08050813525915146	0.04730904474854469	0.07250500470399857	0.05460236594080925	0.04262001812458038	0.04625801369547844	0.08337962627410889	0.04780085757374763	0.06534700095653534	0.07492034882307053	0.0102442866191268	0.04564328491687775	0.03010664321482182	0.0321035347878933	0.03655658289790154	0.0396440289914608	0.04150743037462234	0.02825326658785343	0.0210601557046175	0.02430232055485249	0.03864018619060516	0.01199940871447325	0.0178754385560751	0.03196180239319801	0.01645461656153202	0.01540931593626738	0	0.02576662786304951	0.02446768432855606	0.03224709630012512	0.03825585171580315	0.03980057686567307	0.03675729036331177	0.02116483822464943	0.02068475633859634	0.02024864591658115	0.01851912774145603	0.02058007381856441	0.02515963278710842	0.03190611302852631	0.04151390865445137	0.02971972152590752	0.03252943605184555	0.03648082166910172	0.03889283165335655	0.02095865458250046	0.009017449803650379	0.01024417672306299	0.01814683713018894	0.02853972837328911	0.008593016304075718	0.04314460977911949	0.05259175971150398	0.02936766669154167	0.01691542379558086	0.02869735658168793	0.01905916444957256	0.02185633592307568	0.009679028764367104	0.02509848773479462	0.02023331634700298	0.03842508792877197	0.01616223156452179	0.03052634187042713	0.02382104098796844	0.03664079681038857	0.02961020544171333	0.01974665932357311	0.02777058072388172	0.01762852631509304	0.04514414444565773	0.01441347692161798	0.04561278596520424	0.03656789287924767	0.02185633592307568	0.02551225759088993	0.01147079281508923	0.01929079368710518	0.02720273844897747	0.03602239117026329	0.04325956478714943	0.01460295543074608	0.01972263120114803	0.0353834480047226	0.03300314024090767	0.02804986387491226	0.027308015152812	0.02859553508460522	0.02487785369157791	0.009529135189950466	0.04122472926974297	0.03756267949938774	0.04168464615941048	0.02121338061988354	0.008097643032670021	0.02341322414577007	0.02972927130758762	0.1063879504799843	0.1073748841881752	0.04302087798714638	0.0204692967236042	0.08130113780498505	0.04034297540783882	0.024537343531847	0.01823827438056469	0.03007122501730919	0.02967598289251328	0.01944012939929962	0.0200773011893034	0.01578753069043159	0.01893150433897972	0.03091821447014809	0.02185633592307568	0.03245154395699501	0.01855203695595264	0.01111875660717487	0.0399412140250206	0.03133868798613548	0.01979019492864609	0.02377106621861458	0.02320838533341885	0.02029221132397652	0.02839501015841961	0.01241270545870066	0.02929561026394367	0.01435559615492821	0.02251571416854858	0.008343713358044624	0.01411446928977966	0.00980705302208662	0.01926551200449467	0.01762324199080467	0.01714294776320457	0.01483739446848631	0.02842360734939575	0.02825959399342537	0.02287929318845272	0.01804313808679581	0.03292851522564888	0.0271902047097683	0.01567185670137405	0.0197296142578125	0.02841085009276867	0.01815536431968212	0.03190265968441963	0.03315472230315208	0.03337392956018448	0.01388138718903065	0.03186508640646935	0.02380664274096489	0.02435084991157055	0.01176636014133692	0.01153924781829119	0.01862073689699173	0.04014918580651283	0.01627933792769909	0.03753474727272987	0.02615593001246452	0.02492369338870049	0.01878965646028519	0.0181680116802454	0.02517184428870678	0.03755549713969231	0.01449485775083303	0.01906038634479046	0.03023496456444263	0.04828470945358276	0.04000778496265411	0.04856332764029503	0.1279934644699097	0.1350457966327667	0.04730904474854469	0.0485948733985424	0.06841325014829636	0.1174987778067589	0.0403887964785099	0.03919157385826111	0.04488880187273026	0.0489075668156147	0.0344388410449028	0.04500880837440491	0.09686429053544998	0.04309776797890663	0.05712936446070671	0.03388570621609688	0.09776826947927475	0.04610345885157585	0.1201787367463112	0.03873306885361671	0.04353400692343712	0.03816988319158554	0.04397081583738327	0.1344372630119324
S2014F_E9-2-A-F	0.0493980199098587	0.07396631687879562	0.02813212014734745	0.06457535177469254	0.0438971146941185	0.03143947944045067	0.03258576616644859	0.07753169536590576	0.02909930050373077	0.0498865470290184	0.06605586409568787	0.03101980872452259	0.03446279838681221	0.01545097213238478	0.01103657390922308	0.01768477074801922	0.0171075202524662	0.04067721962928772	0.0190925020724535	0.04037617892026901	0.01618492230772972	0.0300908200442791	0.01912013255059719	0.03719145804643631	0.01211646199226379	0.01604561135172844	0.01615728810429573	0.02576662786304951	0	0.01225814316421747	0.0115392217412591	0.01712498255074024	0.01930834725499153	0.01625791937112808	0.04048085957765579	0.04000077769160271	0.03956466540694237	0.01957366243004799	0.03989609330892563	0.01041615102440119	0.01608454436063766	0.03033336810767651	0.02429926581680775	0.009396857582032681	0.02808573842048645	0.01922680623829365	0.01313519664108753	0.02780968137085438	0.01826119422912598	0.03746285289525986	0.0103364298120141	0.02195942215621471	0.03243936225771904	0.04396822676062584	0.0186760239303112	0.03580846637487411	0.02208427153527737	0.01007520034909248	0.04117235541343689	0.0207359679043293	0.009274305775761604	0.0395493395626545	0.02809999883174896	0.03655651211738586	0.02020840346813202	0.02810201980173588	0.02632285468280315	0.009951286017894745	0.01154636777937412	0.01705846004188061	0.02756831422448158	0.03396360203623772	0.0166731383651495	0.03443231806159019	0.0253873486071825	0.04117235541343689	0.008480402640998363	0.02450144663453102	0.01223919447511435	0.009766582399606705	0.01531451474875212	0.03207902237772942	0.03496147692203522	0.0148270083591342	0.02852794341742992	0.02495701052248478	0.03861621022224426	0.03787435591220856	0.03916187584400177	0.03554844856262207	0.03119521215558052	0.03288012742996216	0.0283087994903326	0.03678331524133682	0.04096070677042007	0.027754170820117	0.01456010341644287	0.01353819388896227	0.1137063130736351	0.1085731312632561	0.0259610116481781	0.01243473310023546	0.08445153385400772	0.02221232280135155	0.03690144047141075	0.03863255679607391	0.04620663449168205	0.0418412983417511	0.03917315229773521	0.03981032222509384	0.03510355204343796	0.03867882862687111	0.02492807060480118	0.04117235541343689	0.02189650572836399	0.03807655721902847	0.01677742972970009	0.04190106689929962	0.01133432425558567	0.026845533400774	0.03579691052436829	0.01405316591262817	0.03797830268740654	0.03919899836182594	0.02901299670338631	0.04973388835787773	0.0257490947842598	0.03454156219959259	0.02538585662841797	0.03438304364681244	0.02961066178977489	0.03899853304028511	0.0371549166738987	0.03688311949372292	0.03523167222738266	0.03946524858474731	0.02680938318371773	0.02776445634663105	0.03800611197948456	0.009668212383985519	0.03817354515194893	0.03540487959980965	0.02676596119999886	0.02096107974648476	0.0269048847258091	0.01754059456288815	0.02429577708244324	0.02386853657662868	0.02113021723926067	0.0240858681499958	0.02477849088609219	0.01050537917762995	0.03281614184379578	0.01931567303836346	0.02037929184734821	0.02090081758797169	0.01744266040623188	0.01462934259325266	0.01509700622409582	0.02000272646546364	0.02873057126998901	0.01734153181314468	0.02067278698086739	0.02263355255126953	0.01822317950427532	0.03944035992026329	0.01077730860561132	0.02903634496033192	0.01835267804563046	0.0376204326748848	0.1327555328607559	0.1402391791343689	0.02813212014734745	0.03788962960243225	0.06048358976840973	0.1197314411401749	0.02149385772645473	0.02848632819950581	0.03370826318860054	0.03820232301950455	0.02433400973677635	0.03382826969027519	0.09552671760320663	0.01913466863334179	0.037874735891819	0.01641974225640297	0.09608377516269684	0.03539828583598137	0.1249408051371574	0.01403940096497536	0.02302095480263233	0.01240331865847111	0.03302799165248871	0.1391993165016174
S2014F_E9-2-B-F	0.05939360707998276	0.06242584809660912	0.0390680767595768	0.05303488299250603	0.03270359709858894	0.02024595066905022	0.02257906831800938	0.06599123030900955	0.04003525897860527	0.05869529768824577	0.07011730968952179	0.029720863327384	0.0232692789286375	0.007224521599709988	0.02245736494660378	0.02583136409521103	0.02746863290667534	0.02852368354797363	0.01802109368145466	0.03907723352313042	0.006037136539816856	0.01857754774391651	0.0170879140496254	0.03589252009987831	0.01046311110258102	0.009055571630597115	0.01785999163985252	0.02446768432855606	0.01225814316421747	0	0.02379736490547657	0.02938313595950603	0.03146189078688622	0.02841146290302277	0.0391819141805172	0.0385972298681736	0.03826572373509407	0.01564810425043106	0.03849254921078682	0.01015845872461796	0.007543031126260757	0.01913983747363091	0.01214572880417109	0.02123613655567169	0.01689221151173115	0.01598932035267353	0.01791097968816757	0.02651073969900608	0.02195475623011589	0.03616391494870186	0.01984481699764729	0.02327940799295902	0.02124584279954433	0.03242773562669754	0.01180350966751575	0.03450952470302582	0.01298286113888025	0.01966656744480133	0.03987341374158859	0.02331044338643551	0.01963276602327824	0.0382503941655159	0.01690647751092911	0.03525756672024727	0.01102064084261656	0.02090694010257721	0.0151293333619833	0.02210482209920883	0.02162647247314453	0.02878388017416	0.01678421348333359	0.02277007885277271	0.01211169827729464	0.02323879115283489	0.01419382356107235	0.03987341374158859	0.01986039988696575	0.0206731278449297	0.02325896546244621	0.02106471173465252	0.02757265977561474	0.02088550105690956	0.03355792909860611	0.01174740772694349	0.02619885466992855	0.01732267253100872	0.03763996437191963	0.03689811378717422	0.03829023987054825	0.03467680513858795	0.02979166060686111	0.03816128522157669	0.02948323637247086	0.03800681605935097	0.03966176137328148	0.02635062672197819	0.01393590960651636	0.02340570464730263	0.1130204275250435	0.1078872308135033	0.0382191464304924	0.01909164153039455	0.0837656557559967	0.0327998474240303	0.03392763435840607	0.03733361139893532	0.04490769654512405	0.04096965864300728	0.03787420690059662	0.03851138055324554	0.03380460664629936	0.03737988695502281	0.01530031021684408	0.03987341374158859	0.01070297695696354	0.03677761554718018	0.01589766889810562	0.0304846279323101	0.02258098684251308	0.02719529159367085	0.03492527455091476	0.01579270325601101	0.03667936101555824	0.03832735866308212	0.02750469744205475	0.04843493923544884	0.02487745508551598	0.03366991877555847	0.02541292086243629	0.03308410197496414	0.02820711024105549	0.03769958764314651	0.03575136512517929	0.03558417782187462	0.03393272310495377	0.03859360888600349	0.01864233054220676	0.02520089410245419	0.03670717030763626	0.02087103389203548	0.03730190545320511	0.03410593420267105	0.02788333036005497	0.02804547548294067	0.02662665396928787	0.009417809545993805	0.01288711186498404	0.01267501153051853	0.01666955277323723	0.0123596303164959	0.01262495294213295	0.0182527843862772	0.03151719644665718	0.01801673322916031	0.02083365619182587	0.03315895795822144	0.02476276084780693	0.02082658559083939	0.02218140847980976	0.007849186658859253	0.02743162959814072	0.0141455577686429	0.01569674164056778	0.03435897454619408	0.02222826145589352	0.03814142197370529	0.02303544618189335	0.04129448533058167	0.01752293482422829	0.02642690949141979	0.1320696473121643	0.1395532786846161	0.0390680767595768	0.02669610269367695	0.04904786869883537	0.1190455406904221	0.01623448170721531	0.01718819327652454	0.02251473441720009	0.02700879983603954	0.01620462536811829	0.02263474091887474	0.09104678779840469	0.0306969340890646	0.0384051613509655	0.01290118414908648	0.08844209462404251	0.02716565877199173	0.1242549046874046	0.01713321730494499	0.03527909517288208	0.02086740173399448	0.02183446660637856	0.1385134607553482
S2014F_E9-2-C-F	0.05287100747227669	0.08060100674629211	0.01942045614123344	0.07121006399393082	0.04926222190260887	0.03680457547307014	0.03795086219906807	0.08416640013456345	0.02038764208555222	0.05222189053893089	0.06942789256572723	0.03623558953404427	0.03982790559530258	0.02251365780830383	0.01526852790266275	0.01778538525104523	0.01650558970868587	0.05136251449584961	0.01751553639769554	0.04495961591601372	0.02715485543012619	0.0336785726249218	0.0285002663731575	0.04303958266973495	0.01719692163169384	0.02758483402431011	0.02527188695967197	0.03224709630012512	0.0115392217412591	0.02379736490547657	0	0.009898272342979908	0.00926192756742239	0.005415110848844051	0.0450642965734005	0.04458421468734741	0.04414810240268707	0.02943797409534454	0.04447953402996063	0.01741197519004345	0.02144964411854744	0.03569846227765083	0.03583848848938942	0.01122183538973331	0.03345084190368652	0.02459190785884857	0.01887091994285583	0.03239312022924423	0.02284463122487068	0.04204629361629486	0.005835665389895439	0.02654285915195942	0.03780446574091911	0.0512159951031208	0.02204862795770168	0.04250254854559898	0.02668051235377789	0.01382027752697468	0.04575579240918159	0.02531940490007401	0.01197258103638887	0.0441327765583992	0.03321339190006256	0.04240462929010391	0.02684379182755947	0.03622283041477203	0.03235603496432304	0.006407624110579491	0.01612980663776398	0.0182234849780798	0.03910753130912781	0.03932869806885719	0.02821236476302147	0.039505735039711	0.03149732202291489	0.04575579240918159	0.009421016089618206	0.03604066744446754	0.01596870459616184	0.007220291066914797	0.005198504310101271	0.03744411841034889	0.03954491391777992	0.02342676930129528	0.02808955125510693	0.02801910601556301	0.03892730548977852	0.03847009688615799	0.04032690078020096	0.0397045873105526	0.03577864542603493	0.03786493465304375	0.03412660583853722	0.04217814654111862	0.04554414376616478	0.03233760967850685	0.02002744935452938	0.0188549067825079	0.1133852377533913	0.1145754754543304	0.01641428656876087	0.01702092029154301	0.08729217946529388	0.01459983456879854	0.04378781467676163	0.04321599006652832	0.05079007148742676	0.04577949643135071	0.04375658556818962	0.04439376294612885	0.03769449517130852	0.04326226562261581	0.0314832478761673	0.04575579240918159	0.03343572467565536	0.04265999794006348	0.02645759843289852	0.05344029515981674	0.01271627098321915	0.0283246748149395	0.03696193918585777	0.02196461148560047	0.04698814824223518	0.04036403074860573	0.03928751870989799	0.05431731417775154	0.02944349870085716	0.03570658341050148	0.02996929362416267	0.03896647691726685	0.0349273681640625	0.04358196631073952	0.0417383536696434	0.04118191450834274	0.04023808985948563	0.0406302735209465	0.03262718766927719	0.03329762071371078	0.04202026501297951	0.01489510480314493	0.03933857753872871	0.04146235808730125	0.02764634601771832	0.02445036731660366	0.0284928847104311	0.02290569804608822	0.02851867116987705	0.03178582340478897	0.03238479793071747	0.03192203491926193	0.03603307530283928	0.01830920204520226	0.03992895036935806	0.02641626633703709	0.02597072906792164	0.01209896896034479	0.02202609553933144	0.01894762180745602	0.0202739592641592	0.03154194727540016	0.03710807487368584	0.02888075076043606	0.02664903737604618	0.02048356272280216	0.0234389640390873	0.04402380064129829	0.01035712845623493	0.01948961988091469	0.02371777966618538	0.04270089417695999	0.1324344575405121	0.1399181038141251	0.01942045614123344	0.04310888797044754	0.06711830198764801	0.1238367557525635	0.02685895562171936	0.03606501594185829	0.03907336294651031	0.04356742277741432	0.0279217604547739	0.03919336572289467	0.1021614298224449	0.01674645021557808	0.04450944438576698	0.02178484387695789	0.1027184575796127	0.04032590985298157	0.124619722366333	0.01888071745634079	0.01663595251739025	0.01231189258396626	0.03839309141039848	0.138878270983696
S2014F_E9-3-A-F	0.05311990901827812	0.08189535140991211	0.01212055049836636	0.07145895808935165	0.04835664480924606	0.03311881422996521	0.03634680807590485	0.08546072989702225	0.01343468483537436	0.05276245623826981	0.06999105960130692	0.04350902140140533	0.03814758360385895	0.02658280171453953	0.02181861735880375	0.01409961935132742	0.015519168227911	0.05780220776796341	0.01973534747958183	0.05286538973450661	0.03330991044640541	0.03941763564944267	0.03466234728693962	0.0496806725859642	0.02006726898252964	0.03317059576511383	0.03033493645489216	0.03825585171580315	0.01712498255074024	0.02938313595950603	0.009898272342979908	0	0.003973240964114666	0.007778649218380451	0.05297007039189339	0.0524899922311306	0.05205387994647026	0.03502373397350311	0.05238530784845352	0.02298618108034134	0.0255294069647789	0.03977822884917259	0.04142425954341888	0.01353653706610203	0.03115745633840561	0.02291158586740494	0.0260092094540596	0.04029889777302742	0.03075040690600872	0.04995206743478775	0.01065816637128592	0.03444864228367805	0.03716500103473663	0.05680175870656967	0.0242137536406517	0.04829767718911171	0.03425877168774605	0.02172605320811272	0.05366156622767448	0.03322518244385719	0.01851866766810417	0.05203855410218239	0.03765326738357544	0.04904571920633316	0.03091293573379517	0.0418085940182209	0.03697947040200233	0.01239410042762756	0.02299015410244465	0.0248473584651947	0.04469330608844757	0.03668836504220963	0.03327540680766106	0.03758736699819565	0.03579223155975342	0.05366156622767448	0.01862526684999466	0.04162643477320671	0.02403145655989647	0.01552111282944679	0.007398517336696386	0.03768383339047432	0.04745069146156311	0.02964062988758087	0.02717597596347332	0.03176695480942726	0.04597780853509903	0.04395405203104019	0.0452415719628334	0.04761035740375519	0.04368441924452782	0.04407879710197449	0.04034046828746796	0.04839200153946877	0.05344991385936737	0.03919796645641327	0.02766451612114906	0.02634167484939098	0.1169995665550232	0.1164270862936974	0.01182654406875372	0.0237768143415451	0.09165181964635849	0.01484565436840057	0.05085616186261177	0.05112176388502121	0.05834737792611122	0.05347590520977974	0.05166236311197281	0.05229953676462173	0.04759276658296585	0.0511680394411087	0.03937578573822975	0.05366156622767448	0.03902148827910423	0.05056577548384666	0.03232800588011742	0.05902604386210442	0.01702331937849522	0.03591633960604668	0.04273121058940887	0.02626847103238106	0.05257391557097435	0.04826980456709862	0.04487328231334686	0.06222309544682503	0.03502926230430603	0.04147585853934288	0.03787506744265556	0.04687225818634033	0.04241413995623589	0.05148774385452271	0.04964412748813629	0.04937233030796051	0.04772088304162025	0.04853605479001999	0.03713183477520943	0.03894151374697685	0.05049532651901245	0.01962029933929443	0.04425324127078056	0.04789409413933754	0.03540946170687675	0.02746374905109406	0.03281033784151077	0.02698546275496483	0.03566962853074074	0.03672616183757782	0.03825519979000092	0.03779244050383568	0.04190348461270332	0.02446424961090088	0.04551471769809723	0.03285595774650574	0.03027458861470222	0.01309480238705873	0.02993187494575977	0.01649152487516403	0.02521448396146297	0.03712771460413933	0.04269383475184441	0.03446651995182037	0.03422730043530464	0.02582553029060364	0.03071239590644836	0.05192957818508148	0.01700248382985592	0.01295679062604904	0.02107744477689266	0.04056034609675407	0.1358745247125626	0.1437181681394577	0.01212055049836636	0.04169615730643272	0.06841263175010681	0.1249568611383438	0.02317318879067898	0.04172027856111526	0.03608455508947372	0.04335574805736542	0.0302859153598547	0.03620455414056778	0.1027588099241257	0.01256775297224522	0.04562952741980553	0.02010452002286911	0.1040127798914909	0.04063199087977409	0.1271886229515076	0.01624038256704807	0.00778310839086771	0.009829897433519363	0.03575275838375092	0.1424925625324249
S2014F_E9-3-B-F	0.05470172315835953	0.08365140110254288	0.01155986823141575	0.07304078340530396	0.05011270567774773	0.03513092547655106	0.03835593909025192	0.08721680194139481	0.01318644918501377	0.05405259877443314	0.07083342969417572	0.04400471597909927	0.04054608941078186	0.02802749164402485	0.02332809381186962	0.01576287485659122	0.01770253106951714	0.05941628664731979	0.01934381946921349	0.05167356505990028	0.03481937944889069	0.04092711210250854	0.0364152267575264	0.05080871284008026	0.02175033465027809	0.03513831272721291	0.03188422694802284	0.03980057686567307	0.01930834725499153	0.03146189078688622	0.00926192756742239	0.003973240964114666	0	0.005599116906523705	0.05177824571728706	0.05119355767965317	0.05086205527186394	0.03710249811410904	0.05108887329697609	0.0246462170034647	0.02771276794373989	0.04196159541606903	0.04360762238502502	0.01451654639095068	0.03355596214532852	0.02531008794903755	0.02513178624212742	0.0391070656478405	0.02987680770456791	0.04876024276018143	0.01220933347940445	0.0337844006717205	0.03934836015105247	0.05898511782288551	0.02572322450578213	0.05027167499065399	0.03587285056710243	0.02106181532144547	0.05246974155306816	0.03192874789237976	0.01736225746572018	0.05084672942757607	0.03905169293284416	0.04995810985565186	0.03263655677437782	0.04377630725502968	0.03866254165768623	0.01337411161512136	0.02183770947158337	0.02343987673521042	0.04687666147947311	0.03930201381444931	0.03535417094826698	0.03947905078530312	0.03797559440135956	0.05246974155306816	0.01770368218421936	0.04380979761481285	0.02185192331671715	0.01365539338439703	0.004870150703936815	0.03986719623208046	0.04647248238325119	0.03056796453893185	0.02602259628474712	0.03290349617600441	0.04379183799028397	0.04144538566470146	0.04404324293136597	0.0462028831243515	0.04206773638725281	0.04499968886375427	0.04126135632395744	0.04906865209341049	0.05204243957996368	0.0374070405960083	0.02791151776909828	0.02535964362323284	0.1158077418804169	0.1179675087332726	0.01114210486412048	0.02269038185477257	0.09383516013622284	0.01343837007880211	0.05049533024430275	0.04971428588032722	0.05693990737199783	0.05248700082302094	0.05047054216265678	0.05110770836472511	0.04667747020721436	0.05018340051174164	0.0404660664498806	0.05246974155306816	0.04120485112071037	0.05042912438511848	0.03380186483263969	0.06120942533016205	0.01786057464778423	0.0348229706287384	0.04132373258471489	0.02802697569131851	0.05454162880778313	0.04686232656240463	0.04684099182486534	0.06081561744213104	0.03699697554111481	0.0400683805346489	0.03752277418971062	0.04610123112797737	0.04121646285057068	0.05029592290520668	0.04802744463086128	0.04768021777272224	0.04779156669974327	0.04712857306003571	0.03847145289182663	0.03999650105834007	0.04957374185323715	0.02180366031825542	0.04337335377931595	0.04923148825764656	0.03424493595957756	0.02858543395996094	0.0323491133749485	0.02916882000863552	0.03706805780529976	0.0386938750743866	0.03993827104568481	0.03947551921010017	0.04380220547318459	0.0258626788854599	0.04748242720961571	0.03425439074635506	0.0322423055768013	0.01277377177029848	0.028842618688941	0.01846517063677311	0.02697283588349819	0.03931106999516487	0.04466155171394348	0.03643422946333885	0.03562572970986366	0.02484088391065598	0.03099243529140949	0.0505220964550972	0.01812625490128994	0.01291828788816929	0.02326378971338272	0.04224690794944763	0.1342554092407227	0.1418834030628204	0.01155986823141575	0.0433063767850399	0.07016868889331818	0.1267128884792328	0.02518529817461967	0.04351439327001572	0.03827089443802834	0.04511181265115738	0.03136808797717094	0.03839090093970299	0.1045148372650146	0.01414958015084267	0.04738558828830719	0.02250302396714687	0.1057688370347023	0.0418187640607357	0.1253952533006668	0.01842672750353813	0.01132904458791018	0.01150942500680685	0.03793910518288612	0.1408734321594238
S2014F_E9-3-C-F	0.05338861793279648	0.08164133876562119	0.01537011936306953	0.07172767817974091	0.04896320775151253	0.0354556068778038	0.03726095333695412	0.08520672470331192	0.01739248260855675	0.05273949354887009	0.06963121891021729	0.04074578732252121	0.03900165483355522	0.02554189972579479	0.01949988305568695	0.0160187091678381	0.01587363332509995	0.05608121305704117	0.01647993735969067	0.04862312972545624	0.03166434541344643	0.03606422990560532	0.03321895375847816	0.04775827750563622	0.01913069933652878	0.03209502622485161	0.02884095162153244	0.03675729036331177	0.01625791937112808	0.02841146290302277	0.005415110848844051	0.007778649218380451	0.005599116906523705	0	0.04851844906806946	0.04793376475572586	0.04781162738800049	0.03394745662808418	0.04803845286369324	0.02149118110537529	0.02509262785315514	0.03934144973754883	0.04055719077587128	0.01158380415290594	0.03241609036922455	0.02355715818703175	0.02144916169345379	0.03605663403868675	0.02682637237012386	0.04518222063779831	0.0093740439042449	0.03073397092521191	0.03737363591790199	0.05593469366431236	0.02114497870206833	0.04722124710679054	0.03111456520855427	0.01780288480222225	0.04889172315597534	0.02824612706899643	0.01416808180510998	0.04726870357990265	0.03600840643048286	0.04712332785129547	0.03018514066934586	0.04094152897596359	0.03582775592803955	0.009656941518187523	0.01927573047578335	0.0198690090328455	0.04382622987031937	0.03850245103240013	0.03230374306440353	0.03867948800325394	0.03514030203223228	0.04889172315597534	0.013993876054883	0.0407593697309494	0.01805960200726986	0.01000805199146271	0.005651531741023064	0.03810761868953705	0.04300418496131897	0.02709967084228992	0.02508822828531265	0.03008062765002251	0.04014481976628304	0.03883301094174385	0.04185369983315468	0.04273625835776329	0.03881508857011795	0.04174704849720001	0.0382172130048275	0.04626875370740891	0.04868007078766823	0.03453311324119568	0.02380459569394588	0.02167737483978271	0.1128427907824516	0.1159873455762863	0.01432064175605774	0.01932118088006973	0.09078475087881088	0.0131126344203949	0.04723755270242691	0.04635191708803177	0.05379151552915573	0.04902072623372078	0.04678861796855927	0.04732118546962738	0.04191918671131134	0.04734861105680466	0.03560288995504379	0.04889172315597534	0.03794591501355171	0.04717019200325012	0.03086319379508495	0.05795049294829369	0.01499152928590775	0.03188429772853851	0.03775285929441452	0.02508829720318317	0.05149834603071213	0.04349995777010918	0.04400620982050896	0.05798084288835526	0.03395369276404381	0.03649750351905823	0.03447948768734932	0.04284858703613281	0.03838168457150459	0.04650939255952835	0.04529726877808571	0.04410934075713158	0.04495678469538689	0.04408442974090576	0.03563667461276054	0.03705746307969093	0.04673895984888077	0.01854473166167736	0.04075737297534943	0.0459725558757782	0.03120165318250656	0.02639675699174404	0.03016043268144131	0.02634017914533615	0.03260156884789467	0.0356505885720253	0.03689499199390411	0.03643223643302917	0.04054326936602592	0.02281939424574375	0.04443915188312531	0.03092646412551403	0.02919902466237545	0.01318002305924892	0.0257993396371603	0.01735518872737885	0.02392955310642719	0.03605214133858681	0.04161826521158218	0.03339095041155815	0.03087459690868855	0.02158823423087597	0.02794915996491909	0.04695122689008713	0.014936912804842	0.01610144041478634	0.0226830318570137	0.04187464341521263	0.1322453618049622	0.139375627040863	0.01537011936306953	0.04237201809883118	0.06815863400697708	0.1247028484940529	0.02550999075174332	0.04035935550928116	0.03789863362908363	0.04353203251957893	0.02767723426222801	0.03801863640546799	0.1026790365576744	0.01514415815472603	0.0453755110502243	0.02095859497785568	0.1037587895989418	0.03998293727636337	0.1235545724630356	0.01805446483194828	0.01483053807169199	0.01113716792315245	0.03756683692336082	0.1383358091115952
S2014m_E2-1-A-F	0.08146725594997406	0.08606705069541931	0.05760836228728294	0.08190338313579559	0.05984683707356453	0.05154309794306755	0.06040378659963608	0.08862411230802536	0.0594172514975071	0.07997981458902359	0.08907067775726318	0.01175557170063257	0.0510755181312561	0.04630182683467865	0.050047867000103	0.05071383714675903	0.0575883723795414	0.04675191268324852	0.03898080438375473	0.0001046820543706417	0.03629595413804054	0.04517996311187744	0.02427376993000507	0.003289399202913046	0.0475386418402195	0.03460119664669037	0.03274967521429062	0.02116483822464943	0.04048085957765579	0.0391819141805172	0.0450642965734005	0.05297007039189339	0.05177824571728706	0.04851844906806946	0	0.0005846862331964076	0.0009161910857073963	0.02594031766057014	0.0006893682875670493	0.03736685961484909	0.04662034288048744	0.04628308489918709	0.03515190258622169	0.04935012385249138	0.053980503231287	0.05506662279367447	0.03306322172284126	0.01267117634415627	0.02221966534852982	0.003440983593463898	0.04304459691047668	0.01852143928408623	0.05501911416649818	0.06115124374628067	0.04429103061556816	0.004672393202781677	0.03987816348671913	0.0316610224545002	0.0006914971745572984	0.02027232386171818	0.03717396780848503	0.001354500884190202	0.04603872820734978	0.00521825673058629	0.04031198471784592	0.02966848015785217	0.04485499858856201	0.0462152361869812	0.03266090527176857	0.04165148735046387	0.02239770442247391	0.05190232768654823	0.02759293280541897	0.05104503780603409	0.04531508684158325	0.0006914971745572984	0.03876076266169548	0.01850878819823265	0.03341933712363243	0.04008035734295845	0.04736553877592087	0.04869174584746361	0.006666489876806736	0.03464017808437347	0.04379559308290482	0.04327965527772903	0.02109060250222683	0.02347911335527897	0.02195747755467892	0.0170956663787365	0.02321518026292324	0.05717458203434944	0.0525742843747139	0.05558249726891518	0.0009071482927538455	0.01963887549936771	0.03846362605690956	0.0423259362578392	0.1045416444540024	0.1107063740491867	0.05822138488292694	0.03233621269464493	0.09387859702110291	0.05259272083640099	0.02853585034608841	0.007979625836014748	0.04278796538710594	0.04686963185667992	0.001938330591656268	0.001615485642105341	0.008223731070756912	0.002233335049822927	0.0384008027613163	0.0006914971745572984	0.04049823433160782	0.00261280033737421	0.02766099944710732	0.04605719819664955	0.04752073436975479	0.03508865460753441	0.02451842837035656	0.04046043381094933	0.01654061302542686	0.0207927655428648	0.0142651004716754	0.01503573823720217	0.02937733568251133	0.02565451338887215	0.02393631637096405	0.007260886952280998	0.01885601133108139	0.00242671649903059	0.003750804113224149	0.004729512613266706	0.006543096620589495	0.02283398434519768	0.03581172600388527	0.03325115144252777	0.003690984565764666	0.04910223558545113	0.02282361686229706	0.005918225273489952	0.03445222228765488	0.04524410888552666	0.03393330052495003	0.04807638749480247	0.04533437639474869	0.04512228071689606	0.02914435602724552	0.04207003489136696	0.03031889908015728	0.04160283878445625	0.02264579385519028	0.02879123575985432	0.03587272018194199	0.05295183509588242	0.03057693131268024	0.05392418429255486	0.04319854825735092	0.03711940720677376	0.02068143896758556	0.03541999310255051	0.04135140776634216	0.05230638757348061	0.03048215806484222	0.002527430187910795	0.04556279256939888	0.06108735874295235	0.05618150904774666	0.05357014760375023	0.1271074563264847	0.1304115056991577	0.05760836228728294	0.05708477273583412	0.08161376416683197	0.1198671460151672	0.05433754622936249	0.04974007606506348	0.05283381417393684	0.06148503348231316	0.04287389293313026	0.05229081586003304	0.1044824197888374	0.05828729271888733	0.07231894880533218	0.04706853628158569	0.10301274061203	0.05843539908528328	0.12322948127985	0.05368494987487793	0.05970773473381996	0.05288417637348175	0.05281650647521019	0.1310446262359619
S2014M_E2-1-A-M	0.08098717033863068	0.08558696508407593	0.05723303183913231	0.08142329752445221	0.05936675146222115	0.05106301978230476	0.05992370471358299	0.08814404159784317	0.05893716961145401	0.07949972897768021	0.0885905995965004	0.01127549074590206	0.05059543624520302	0.04582174494862556	0.04956778511404991	0.05012915655970573	0.05710829049348831	0.04627183079719543	0.03839612007141113	0.0006893682875670493	0.03571126982569695	0.04459528625011444	0.02379368804395199	0.002809318015351892	0.04705855250358582	0.03412111476063728	0.03216498717665672	0.02068475633859634	0.04000077769160271	0.0385972298681736	0.04458421468734741	0.0524899922311306	0.05119355767965317	0.04793376475572586	0.0005846862331964076	0	0.0005408630822785199	0.02535563334822655	0.0001046820543706417	0.03678217157721519	0.04614026099443436	0.045803003013134	0.03467182442545891	0.04876543581485748	0.05350042134523392	0.05458654090762138	0.03247853741049767	0.01229584775865078	0.02173958346247673	0.003065655706450343	0.04245991259813309	0.01804135739803314	0.0545390322804451	0.06067117303609848	0.04370634630322456	0.004192312713712454	0.03939808160066605	0.03118094056844711	0.001276183407753706	0.01968763768672943	0.03658928722143173	0.0009791728807613254	0.04555864632129669	0.00473817577585578	0.03972730040550232	0.02918839640915394	0.04437491670250893	0.0456305555999279	0.03207622468471527	0.04127616062760353	0.02191762067377567	0.05142224580049515	0.02700824663043022	0.0505649521946907	0.04483500868082047	0.001276183407753706	0.0382806807756424	0.01802870631217957	0.0330440066754818	0.03970503062009811	0.04699021577835083	0.04821166396141052	0.006081803701817989	0.03405549377202988	0.04321090877056122	0.04279957711696625	0.02050591632723808	0.02289442718029022	0.02147739566862583	0.01725305058062077	0.02263049595057964	0.05669450014829636	0.05209420993924141	0.05510242283344269	0.001064533484168351	0.01905418932437897	0.03787894174456596	0.04174125194549561	0.1045132651925087	0.1102263033390045	0.0578460581600666	0.03175152838230133	0.09339851140975952	0.05221739038825035	0.02805576659739017	0.008137012831866741	0.0424126423895359	0.04638954997062683	0.001563002471812069	0.001240157638676465	0.007743649184703827	0.001753253629431129	0.03792072087526321	0.001276183407753706	0.04001815244555473	0.002132719149813056	0.02707631327211857	0.04557712003588676	0.04693605005741119	0.03450396656990051	0.02414310164749622	0.03987574949860573	0.01606053300201893	0.02076438814401627	0.01378501858562231	0.01500735990703106	0.02889725752174854	0.02527918294072151	0.02345623448491096	0.006780804134905338	0.01827132515609264	0.002051388379186392	0.003166118171066046	0.004354184027761221	0.006063015665858984	0.02245865762233734	0.03533164411783218	0.03277106583118439	0.003210903145372868	0.04862215742468834	0.02234353497624397	0.005438143387436867	0.03397213667631149	0.04476402699947357	0.03345322236418724	0.04759630560874939	0.0448542982339859	0.04464219883084297	0.02866427414119244	0.04158995300531387	0.0298388134688139	0.04112275689840317	0.02216571196913719	0.02831115201115608	0.0353926420211792	0.05257650464773178	0.03009684756398201	0.05344410613179207	0.04271846637129784	0.03663932159543037	0.02020136080682278	0.03493991494178772	0.04087133333086967	0.05182630196213722	0.03000207617878914	0.002152102068066597	0.04508271068334579	0.06071202829480171	0.05570143088698387	0.05309006571769714	0.1267321407794952	0.1303831338882446	0.05723303183913231	0.05660469084978104	0.08113367855548859	0.1193870678544044	0.0538574643433094	0.04915538802742958	0.05235373601317406	0.06100495159626007	0.04228920862078667	0.05181073769927025	0.1040023416280746	0.05780721455812454	0.0718388631939888	0.04658845812082291	0.1025326699018478	0.05795532092452049	0.12285415828228	0.05320486426353455	0.05922765657305717	0.05240409448742867	0.0523364245891571	0.1306692957878113
S2014m_E2-1-B-F	0.08062064647674561	0.08549943566322327	0.05697112157940865	0.08105677366256714	0.05959364771842957	0.05069649964570999	0.05955718457698822	0.08837094157934189	0.05857064947485924	0.07906362414360046	0.08825924247503281	0.01083938125520945	0.05015933886170387	0.04538564011454582	0.04913168027997017	0.04979765042662621	0.05667218565940857	0.04649872332811356	0.0380646139383316	0.0008115090313367546	0.03537976369261742	0.04492678493261337	0.02335757948458195	0.003036212176084518	0.04662244394421577	0.03368500247597694	0.03183348476886749	0.02024864591658115	0.03956466540694237	0.03826572373509407	0.04414810240268707	0.05205387994647026	0.05086205527186394	0.04781162738800049	0.0009161910857073963	0.0005408630822785199	0	0.02502412907779217	0.0004361810279078782	0.03658988699316978	0.04570415243506432	0.04602989554405212	0.03423571586608887	0.04843392968177795	0.05306431278586388	0.05415043607354164	0.03235639631748199	0.01175498403608799	0.02130347490310669	0.002873375080525875	0.04212840646505356	0.0176052488386631	0.05410292744636536	0.06023505330085754	0.04337484389543533	0.004419206641614437	0.0389619767665863	0.03074482828378677	0.001607688027434051	0.01956549659371376	0.03646714240312576	0.000647673849016428	0.04512253403663635	0.00496507016941905	0.03939579427242279	0.02941529080271721	0.04393880814313889	0.04529904946684837	0.03174471855163574	0.0409446619451046	0.02214451506733894	0.05098613724112511	0.02667674235999584	0.05012884736061096	0.04439889639616013	0.001607688027434051	0.03784456849098206	0.01759259589016438	0.03271250799298286	0.03937353193759918	0.0466587096452713	0.04777555167675018	0.005959662608802319	0.03393334895372391	0.04308876767754555	0.04257282987236977	0.02104678004980087	0.02277228608727455	0.02191365323960781	0.01692155189812183	0.02250835485756397	0.05646775662899017	0.05186745896935463	0.05487567186355591	0.001396038103848696	0.0189320482313633	0.03775679692625999	0.04161910712718964	0.1041817665100098	0.110453188419342	0.05730519071221352	0.03162938728928566	0.0931016206741333	0.05188589170575142	0.02849202789366245	0.008468517102301121	0.04208113998174667	0.04616280645132065	0.001231503789313138	0.0009086589561775327	0.007446757517755032	0.00145636242814362	0.03772858902812004	0.001607688027434051	0.03958204388618469	0.001696609542705119	0.02674480900168419	0.04514100775122643	0.04660454392433167	0.03417246416211128	0.02381160296499729	0.0395442433655262	0.01562442071735859	0.02057210728526115	0.01401191297918558	0.01512950100004673	0.02846114709973335	0.02494768425822258	0.02302012406289577	0.006554058752954006	0.01793982088565826	0.001719889114610851	0.002834612969309092	0.004022685345262289	0.005766124930232763	0.02226637676358223	0.03503475338220596	0.03233495727181435	0.003437797306105494	0.0481860488653183	0.02190742455422878	0.005002034362405539	0.03353602811694145	0.04432792216539383	0.0330171100795269	0.04716020077466965	0.04441818967461586	0.04420609027147293	0.02822816371917725	0.04115384072065353	0.02940270304679871	0.04068664461374283	0.02172960340976715	0.02787503972649574	0.03495653346180916	0.05224500596523285	0.02966073900461197	0.05300799757242203	0.04228236153721809	0.03620321303606033	0.01976524852216244	0.03450380638241768	0.04043522477149963	0.05159955844283104	0.0295659638941288	0.001820603385567665	0.04464659839868546	0.06038052961230278	0.05526531860232353	0.05331696197390556	0.1261912882328033	0.130714625120163	0.05697112157940865	0.056168582290411	0.08069756627082825	0.1190205439925194	0.05342135950922966	0.04882388561964035	0.05191762372851372	0.06070806086063385	0.04195770621299744	0.05137462541460991	0.1036358177661896	0.0573710985481739	0.07140275835990906	0.04615234583616257	0.1027595549821854	0.05751921236515045	0.1225922405719757	0.0527687594294548	0.05879154428839684	0.05196798592805862	0.05190031602978706	0.1303377896547318
S2014M_E2-1-B-M	0.06295331567525864	0.06490336358547211	0.04373444616794586	0.05833351239562035	0.03865063562989235	0.02797322906553745	0.03683391958475113	0.06846876442432404	0.04470163211226463	0.06161476299166679	0.07187176495790482	0.02045728825032711	0.02921631187200546	0.02287262491881847	0.02935415133833885	0.03046322241425514	0.03573046252131462	0.02835490182042122	0.01864236034452915	0.02583563700318336	0.01161089446395636	0.02366994880139828	0.008559634909033775	0.02265091985464096	0.02452844381332397	0.01211476139724255	0.01559250708669424	0.01851912774145603	0.01957366243004799	0.01564810425043106	0.02943797409534454	0.03502373397350311	0.03710249811410904	0.03394745662808418	0.02594031766057014	0.02535563334822655	0.02502412907779217	0	0.02525095082819462	0.01428606826812029	0.02277212217450142	0.02508687786757946	0.01329269073903561	0.02813308127224445	0.03013228811323643	0.03132316097617149	0.01608468219637871	0.02038987912237644	0.01799521408975124	0.0234461035579443	0.02489317208528519	0.01792767830193043	0.03117089904844761	0.03730302304029465	0.02044310234487057	0.02126792818307877	0.0169839896261692	0.01666704006493092	0.02663181535899639	0.0192462969571352	0.02187030017375946	0.02500879764556885	0.02285351045429707	0.02201596647500992	0.0145804388448596	0.01825272478163242	0.02107637003064156	0.02785018645226955	0.01766693219542503	0.02909735403954983	0.01249493192881346	0.02871710993349552	0.007777189835906029	0.029185825958848	0.02146686613559723	0.02663181535899639	0.0233495831489563	0.01190636120736599	0.01991248689591885	0.02592808194458485	0.03321326524019241	0.02683253213763237	0.02164233662188053	0.01206668186932802	0.0238848589360714	0.02068762108683586	0.02856677770614624	0.02782492339611053	0.02932165004312992	0.02570822089910507	0.02440149709582329	0.0403323732316494	0.03197255730628967	0.03808921575546265	0.02642016485333443	0.02138182707130909	0.01798370480537415	0.02618483453989029	0.1059094741940498	0.1022418364882469	0.04385975375771523	0.0159857552498579	0.08231127262115479	0.03844044730067253	0.02174096927046776	0.02409201487898827	0.03815695643424988	0.03995712101459503	0.02463261038064957	0.02526978403329849	0.02056301012635231	0.02413828670978546	0.01647693477571011	0.02663181535899639	0.0166500136256218	0.02353602088987827	0.01166075747460127	0.02794905938208103	0.02748935483396053	0.02750876359641552	0.02794569730758667	0.01849792525172234	0.02427522093057632	0.02935877628624439	0.0151005582883954	0.03519334271550179	0.02208526805043221	0.02801635302603245	0.0214533731341362	0.02116850577294827	0.01876970194280148	0.02445799298584461	0.02250977419316769	0.02300558611750603	0.02069112844765186	0.02962502278387547	0.01423763856291771	0.01896390691399574	0.02346557192504406	0.0272443350404501	0.02833332307636738	0.02086433582007885	0.02819679863750935	0.02835894376039505	0.02694012224674225	0.02422816678881645	0.02148616313934326	0.02127406001091003	0.01240839529782534	0.01822181418538094	0.008971840143203735	0.02133224345743656	0.02312599122524261	0.01618511974811554	0.02198458462953568	0.03879955783486366	0.02080321498215199	0.03091399371623993	0.02356030233204365	0.01327118091285229	0.01866383850574493	0.0162256546318531	0.01962079666554928	0.03752177953720093	0.019550621509552	0.02489982172846794	0.02867604419589043	0.04693508893251419	0.03254280239343643	0.03237394616007805	0.1249586790800095	0.1324423104524612	0.04373444616794586	0.0332365520298481	0.0582893006503582	0.1127720475196838	0.03048932924866676	0.02557803690433502	0.02905518375337124	0.03819368779659271	0.01895568147301674	0.0285817738622427	0.08813981711864471	0.03780308365821838	0.0498325377702713	0.02322031185030937	0.08817308396100998	0.03465677425265312	0.1201110258698463	0.03067475371062756	0.04133842140436172	0.03071200847625732	0.02896828949451447	0.1314024776220322
S2014m_E2-1-C-F	0.0808824896812439	0.08548226952552795	0.05733771249651909	0.08131861686706543	0.05926207080483437	0.05095833912491798	0.05981902033090591	0.08803936094045639	0.05883248895406723	0.07939504086971283	0.08859067410230637	0.01117080822587013	0.05049076303839684	0.04571706429123878	0.04946310445666313	0.05002447590231895	0.05700360983610153	0.04616715013980865	0.03829143941402435	0.0005846862331964076	0.03560658544301987	0.04449060186743736	0.02368900552392006	0.00270463596098125	0.04695387184619904	0.0340164341032505	0.03206030651926994	0.02058007381856441	0.03989609330892563	0.03849254921078682	0.04447953402996063	0.05238530784845352	0.05108887329697609	0.04803845286369324	0.0006893682875670493	0.0001046820543706417	0.0004361810279078782	0.02525095082819462	0	0.03667749091982841	0.04603558033704758	0.04569832235574722	0.03456714004278183	0.0486607514321804	0.05339573696255684	0.0544818602502346	0.03258321806788445	0.01219116523861885	0.0216349009424448	0.003170337527990341	0.04235522449016571	0.01793667301535606	0.05443435162305832	0.0605664849281311	0.04360166564583778	0.004087630659341812	0.03929340094327927	0.03107625618577003	0.001380865345709026	0.01979232020676136	0.03669396787881851	0.001083854702301323	0.04545395821332932	0.004633493721485138	0.03962261974811554	0.02908371388912201	0.04427023231983185	0.04552587494254112	0.03197154030203819	0.04138084128499031	0.02181293815374374	0.05131756141781807	0.02690356411039829	0.05046027153730392	0.04473032802343369	0.001380865345709026	0.03817600011825562	0.01792402379214764	0.03314869105815887	0.03980971127748489	0.04709489643573761	0.04810698330402374	0.006186486221849918	0.03416017442941666	0.043315589427948	0.04290425777435303	0.02061060070991516	0.022999107837677	0.02158207632601261	0.01735773123800755	0.02273517847061157	0.05679918080568314	0.05219889059662819	0.05520710349082947	0.001169215422123671	0.0191588718444109	0.03798362240195274	0.04184593260288239	0.1046179458498955	0.1101216077804565	0.05774137750267982	0.03185620903968811	0.09329383075237274	0.05232207477092743	0.0281604491174221	0.008241694420576096	0.04251732304692268	0.04649423435330391	0.001667684526182711	0.001344839576631784	0.007638966664671898	0.001648571575060487	0.03792079538106918	0.001380865345709026	0.03991347178816795	0.002028037095442414	0.02697163261473179	0.04547243565320969	0.04683136194944382	0.03439928591251373	0.02424778416752815	0.03977106884121895	0.015955850481987	0.02086906880140305	0.01368033792823553	0.0149026783183217	0.02879257500171661	0.02538386359810829	0.02335155196487904	0.00688548618927598	0.01816664449870586	0.00215607020072639	0.003061436116695404	0.004458866082131863	0.00595833407714963	0.02256334014236927	0.0352269634604454	0.03266638517379761	0.003106221091002226	0.04851747676730156	0.02223885245621204	0.005333461798727512	0.03386745601892471	0.04465934634208679	0.03334853798151016	0.04749162495136261	0.04474961385130882	0.04453751817345619	0.02855959162116051	0.0414852686226368	0.02973413281142712	0.04101807624101639	0.02206103131175041	0.028206467628479	0.03528795763850212	0.05268118530511856	0.02999216690659523	0.05333942547440529	0.04261378571391106	0.03653464093804359	0.0200966764241457	0.03483523428440094	0.0407666489481926	0.051930982619524	0.02989739179611206	0.002256783889606595	0.04497803002595901	0.06081670895218849	0.05559675022959709	0.05298538506031036	0.1266274601221085	0.1304878145456314	0.05733771249651909	0.05650000646710396	0.08102898299694061	0.1192823871970177	0.05375278368592262	0.0490507073700428	0.05224905535578728	0.06090026721358299	0.04218452796339989	0.05170605704188347	0.1038976609706879	0.05770253017544746	0.07173418253660202	0.04648377373814583	0.1024279892444611	0.05785064026713371	0.1229588389396667	0.05310018360614777	0.0591229684650898	0.05229941010475159	0.05223174393177032	0.1307739764451981
S2014m_E2-1-C-M	0.05375996232032776	0.06762611120939255	0.030999805778265	0.05872255936264992	0.03651605919003487	0.0245458260178566	0.02659730054438114	0.07119149714708328	0.03196699172258377	0.05313004925847054	0.06448200345039368	0.02929799444973469	0.02722095884382725	0.01092399004846811	0.0179620236158371	0.01842566952109337	0.02337468229234219	0.03617619723081589	0.0114210257306695	0.03726217523217201	0.01182159315794706	0.02304137498140335	0.01715606078505516	0.03428682312369347	0.01121798250824213	0.01453982293605804	0.01718812808394432	0.02515963278710842	0.01041615102440119	0.01015845872461796	0.01741197519004345	0.02298618108034134	0.0246462170034647	0.02149118110537529	0.03736685961484909	0.03678217157721519	0.03658988699316978	0.01428606826812029	0.03667749091982841	0	0.01176628936082125	0.02295230329036713	0.01993747055530548	0.01609552651643753	0.02279294840991497	0.01864121854305267	0.01409852597862482	0.02608787082135677	0.01897913590073586	0.03434885665774345	0.01264624577015638	0.01995917037129402	0.02645049057900906	0.03832409158349037	0.01289559155702591	0.03290382772684097	0.01632317155599594	0.01669095084071159	0.03805835545063019	0.02075400575995445	0.01613412611186504	0.03671377524733543	0.02113659493625164	0.03365187346935272	0.01237327046692371	0.02284286543726921	0.01942908018827438	0.0160277783870697	0.01865085586905479	0.02409905754029751	0.02306729555130005	0.02700019255280495	0.0148288132622838	0.02719046361744404	0.01884159818291664	0.03805835545063019	0.01422286406159401	0.02262447960674763	0.02028335630893707	0.01808909699320793	0.02075698599219322	0.02483718283474445	0.03257818147540092	0.01156697701662779	0.02106532454490662	0.01659605279564857	0.03401109948754311	0.03354768455028534	0.03476597368717194	0.03214636445045471	0.03009949810802937	0.03329068794846535	0.0258459784090519	0.03336194157600403	0.03784670680761337	0.02603224664926529	0.0113439904525876	0.01959324814379215	0.1088923364877701	0.1055041998624802	0.03140346705913544	0.01486154738813639	0.08033579587936401	0.02598415873944759	0.03232179582118988	0.03551855310797691	0.04490251839160919	0.04010019078850746	0.03633758425712585	0.03697476163506508	0.03198955208063126	0.03556482866406441	0.01754026673734188	0.03805835545063019	0.01795235835015774	0.03510177880525589	0.01620611920952797	0.03753926977515221	0.0152424331754446	0.02512939274311066	0.03237553685903549	0.01285293232649565	0.03625971078872681	0.03480309993028641	0.0269458219408989	0.04661988094449043	0.0237911231815815	0.03139862045645714	0.02505622245371342	0.03210435435175896	0.02708662301301956	0.03630218654870987	0.03421474993228912	0.03446521237492561	0.03211767226457596	0.03506934642791748	0.01893281750380993	0.02195506542921066	0.03489211201667786	0.01510217227041721	0.03405607864260674	0.03277867659926414	0.02529364451766014	0.02336065471172333	0.02508454024791718	0.01322233304381371	0.01867389306426048	0.01760121993720531	0.01966557651758194	0.01899903826415539	0.02055591531097889	0.01441398542374372	0.03186163306236267	0.01954506151378155	0.02002394013106823	0.02634327486157417	0.02178713865578175	0.01760353334248066	0.01770594529807568	0.01675467565655708	0.02694183029234409	0.01755816116929054	0.01626335084438324	0.02967414818704128	0.01925264112651348	0.03660479933023453	0.01813979633152485	0.0344788059592247	0.01975610852241516	0.03023937344551086	0.1282896250486374	0.1352859735488892	0.030999805778265	0.03113507479429245	0.05581401288509369	0.1161040514707565	0.01791214197874069	0.02212034165859222	0.02688411623239517	0.03082126192748547	0.01770222000777721	0.02686490118503571	0.09040781110525131	0.02576552890241146	0.03756292909383774	0.01064311992377043	0.09016257524490356	0.0287133976817131	0.120614267885685	0.01736429333686829	0.02930086851119995	0.0174015499651432	0.02634302154183388	0.1345245689153671
S2014m_E2-2-A-M	0.05894080549478531	0.06065738201141357	0.03549271076917648	0.0518987774848938	0.02781257592141628	0.01535493414849043	0.01650122366845608	0.06422276794910431	0.03645989298820496	0.05824250727891922	0.06966450065374374	0.03715929388999939	0.01837825588881969	0.005679719615727663	0.02085202001035213	0.02263912372291088	0.02361490949988365	0.03543451428413391	0.01514253672212362	0.04651566222310066	0.01305640302598476	0.01572742126882076	0.02452634274959564	0.04333094134926796	0.006824533455073833	0.01649399846792221	0.02289018966257572	0.03190611302852631	0.01608454436063766	0.007543031126260757	0.02144964411854744	0.0255294069647789	0.02771276794373989	0.02509262785315514	0.04662034288048744	0.04614026099443436	0.04570415243506432	0.02277212217450142	0.04603558033704758	0.01176628936082125	0	0.01424882374703884	0.01589484512805939	0.01770216040313244	0.01200119592249393	0.009710979647934437	0.02294117957353592	0.03394917026162148	0.02701960504055023	0.04360233992338181	0.01761259138584137	0.028622692450881	0.01635481789708138	0.03127234429121017	0.01050868909806013	0.04194794595241547	0.01472592819482088	0.02445298247039318	0.04731183871626854	0.02820146083831787	0.0245237834751606	0.04568882286548615	0.01297845505177975	0.04269598796963692	0.01153062377125025	0.02449965476989746	0.0120515963062644	0.02028170228004456	0.02658708207309246	0.02972458861768246	0.02422263845801353	0.0178790558129549	0.01965473033487797	0.01834776811301708	0.01026281993836164	0.04731183871626854	0.02155758999288082	0.02811155281960964	0.02804538421332836	0.02585112676024437	0.02414922416210175	0.01599448174238205	0.04110096022486687	0.01929043978452682	0.02457798644900322	0.01368783973157406	0.0413372814655304	0.04059542715549469	0.0418829433619976	0.04126063734292984	0.03733468800783157	0.04019811749458313	0.03042393736541271	0.03950439020991325	0.04710019007325172	0.0338936559855938	0.01836186088621616	0.02829672396183014	0.1149412840604782	0.109808087348938	0.03436542302370071	0.02304297126829624	0.08568650484085083	0.02964002080261707	0.04136605560779572	0.04477204009890556	0.0523461177945137	0.04712617769837379	0.04531263187527657	0.04594980925321579	0.04124303534626961	0.04481830820441246	0.01762150041759014	0.04731183871626854	0.01349207852035761	0.04421604052186012	0.02291691675782204	0.03792305663228035	0.01957973092794418	0.02956660836935043	0.03851798176765442	0.01739488169550896	0.04411778599023819	0.04192007705569267	0.0349431224167347	0.05587336048483849	0.02847016975283623	0.03726263344287872	0.03152533993124962	0.04052252322435379	0.0357501432299614	0.04513801261782646	0.04329439625144005	0.04302260279655457	0.04137115180492401	0.04218631982803345	0.02107085660099983	0.02879361063241959	0.04414559155702591	0.01989736221730709	0.04089461639523506	0.0415443554520607	0.02948703803122044	0.02898617833852768	0.02962595038115978	0.003130964003503323	0.01056751888245344	0.0111967520788312	0.02410797961056232	0.01226303447037935	0.01721577718853951	0.02175729349255562	0.03895562142133713	0.0254551637917757	0.02310036867856979	0.03026525676250458	0.02954917773604393	0.016972865909338	0.02312210761010647	0.01159830391407013	0.03487005457282066	0.02158398367464542	0.01881982013583183	0.03529967740178108	0.02701468206942081	0.04557984694838524	0.02590183168649673	0.03744076192378998	0.01250503119081259	0.02153588645160198	0.1339904963970184	0.1414741426706314	0.03549271076917648	0.02180508710443974	0.05096873268485069	0.1209663972258568	0.008969803340733051	0.01619087159633636	0.01762371882796288	0.02211778238415718	0.01610162295401096	0.01774372532963753	0.09296762943267822	0.02684320509433746	0.03732704371213913	0.008452942594885826	0.09036295115947723	0.02558979764580727	0.1261757463216782	0.0132794976234436	0.03142537176609039	0.0170136820524931	0.01694344729185104	0.1404342949390411
S2014m_E2-2-B-M	0.0716586709022522	0.06000219658017159	0.04821058362722397	0.055715411901474	0.01356375403702259	0.008003036491572857	0.02613523602485657	0.06388550251722336	0.04917776584625244	0.07144747674465179	0.08279990404844284	0.04345206543803215	0.004792439751327038	0.01965018548071384	0.03510083630681038	0.03521756455302238	0.03786373510956764	0.03509725630283356	0.02433785423636436	0.04617840424180031	0.01861771009862423	0.01064949482679367	0.0303683765232563	0.04299367964267731	0.0210733562707901	0.0274278037250042	0.03699983656406403	0.04151390865445137	0.03033336810767651	0.01913983747363091	0.03569846227765083	0.03977822884917259	0.04196159541606903	0.03934144973754883	0.04628308489918709	0.045803003013134	0.04602989554405212	0.02508687786757946	0.04569832235574722	0.02295230329036713	0.01424882374703884	0	0.0117941852658987	0.03195098787546158	0.01338851917535067	0.02395979501307011	0.03705082088708878	0.04338465631008148	0.04098999500274658	0.04588400200009346	0.03102610073983669	0.04092245548963547	0.01316243968904018	0.03235307708382607	0.01973209530115128	0.04161068797111511	0.01902969367802143	0.03870180249214172	0.04697457700967789	0.04245028644800186	0.03877260163426399	0.04667756706476212	0.004512705840170383	0.04235872998833656	0.01419494114816189	0.02416239678859711	0.006072043441236019	0.03453052043914795	0.04076630622148514	0.0439734049141407	0.02388537861406803	0.005619245581328869	0.02772775292396545	0.004761951975524426	0.004946016706526279	0.04697457700967789	0.03580641001462936	0.03175231441855431	0.04229420050978661	0.04009994491934776	0.03839804977178574	0.002408662112429738	0.04474171996116638	0.03022423572838306	0.0292649008333683	0.01484778802841902	0.04100001975893974	0.0421079583466053	0.04154568538069725	0.04158637672662735	0.0476054884493351	0.05444694310426712	0.04467276111245155	0.05166493356227875	0.04676292464137077	0.04458581283688545	0.03062167391180992	0.04254554212093353	0.1152670234441757	0.1094708144664764	0.04861424490809441	0.03729179129004478	0.09268227219581604	0.04388884827494621	0.04102879762649536	0.04443477839231491	0.06115173548460007	0.05739697068929672	0.04630137607455254	0.04693855345249176	0.04195334389805794	0.04500483348965645	0.01885559596121311	0.04697457700967789	0.009483394213020802	0.04454178363084793	0.03434141352772713	0.03824879601597786	0.03382854536175728	0.0424894206225872	0.04282174631953239	0.03094760328531265	0.044443529099226	0.04210660234093666	0.03460586443543434	0.05553610250353813	0.03675195202231407	0.04289240390062332	0.04444815218448639	0.0441632866859436	0.04270592704415321	0.04678976163268089	0.04449239373207092	0.04600036144256592	0.04260524734854698	0.04289663583040237	0.02282873913645744	0.0329250656068325	0.04380833357572556	0.03414617478847504	0.04188336431980133	0.04253309965133667	0.04307285696268082	0.04323499649763107	0.04181616753339767	0.01737977936863899	0.0125820878893137	0.01004944462329149	0.03172676265239716	0.01207482162863016	0.01820452511310577	0.03600610792636871	0.04591140151023865	0.0370519645512104	0.03602316975593567	0.04451407864689827	0.04379799216985703	0.03122167848050594	0.03737092390656471	0.01722807623445988	0.03585880249738693	0.03318078815937042	0.02643860131502151	0.04954849928617477	0.04126348719000816	0.04656859114766121	0.04015064984560013	0.05168957635760307	0.02675385028123856	0.007287066895514727	0.1362356841564178	0.1411368995904922	0.04821058362722397	0.01248936355113983	0.05858751386404037	0.121222548186779	0.02070134505629539	0.01852763816714287	0.006550734397023916	0.0240547638386488	0.01932548545300961	0.00600773748010397	0.09500403702259064	0.04109203070402145	0.05157586559653282	0.01998647302389145	0.09002568572759628	0.03150251135230064	0.1311792582273483	0.0275283195078373	0.04567418619990349	0.03126250207424164	0.008225372061133385	0.1414230614900589
S2014m_E2-2-C-M	0.06851698458194733	0.05713949352502823	0.04992619901895523	0.05257370695471764	0.02535793744027615	0.01646078564226627	0.02785084955394268	0.06133722886443138	0.05089337751269341	0.06823621690273285	0.07958861440420151	0.03165788203477859	0.01592362113296986	0.01873805560171604	0.03449848294258118	0.03686359524726868	0.03950975090265274	0.02396607771515846	0.02598387934267521	0.03504722192883492	0.01084636338055134	0.01069107092916965	0.0185741912573576	0.03186250478029251	0.02250423841178417	0.01563361287117004	0.02520564943552017	0.02971972152590752	0.02429926581680775	0.01214572880417109	0.03583848848938942	0.04142425954341888	0.04360762238502502	0.04055719077587128	0.03515190258622169	0.03467182442545891	0.03423571586608887	0.01329269073903561	0.03456714004278183	0.01993747055530548	0.01589484512805939	0.0117941852658987	0	0.0333818681538105	0.01882860623300076	0.02560582384467125	0.02525664120912552	0.03159047290682793	0.02919580973684788	0.03422904014587402	0.0317121148109436	0.02912827767431736	0.01986721903085709	0.028528718277812	0.02094783447682858	0.03047951124608517	0.01665523089468479	0.02690762095153332	0.03584339842200279	0.03065610490739346	0.0288984514772892	0.03488338738679886	0.01088682655245066	0.03122755140066147	0.01412912551313639	0.01901343464851379	0.009703099727630615	0.03425055742263794	0.02897212840616703	0.03816144168376923	0.01275419816374779	0.01675042882561684	0.01593356765806675	0.01589313335716724	0.01016318611800671	0.03584339842200279	0.03082581236958504	0.01995813474059105	0.03050002083182335	0.03232860565185547	0.03961377963423729	0.01353984139859676	0.03294753655791283	0.02035008370876312	0.03153944760560989	0.01733976975083351	0.03585106506943703	0.03629599884152412	0.03639673069119453	0.03278329968452454	0.03581130504608154	0.04846764728426933	0.03978960588574409	0.04622449725866318	0.03563174977898598	0.0327916331589222	0.02522106841206551	0.03363140299916267	0.112055741250515	0.1069225370883942	0.0502602718770504	0.02695934660732746	0.08961015939712524	0.04484096542000771	0.02989762276411057	0.03330359607934952	0.04935755208134651	0.04902119934558868	0.03450720012187958	0.0351443737745285	0.03029837645590305	0.03334987163543701	0.01350905746221542	0.03584339842200279	0.005346332676708698	0.03274760395288467	0.02254722453653812	0.0264546163380146	0.03472671657800674	0.03667745366692543	0.03700978681445122	0.02513564378023148	0.03264934569597244	0.03643385693430901	0.02347468584775925	0.04440492764115334	0.03093999251723289	0.03708044067025185	0.03265396878123283	0.03236910700798035	0.03091174177825451	0.03499558568000793	0.03269821032881737	0.03420617803931236	0.03095028176903725	0.03722388669848442	0.01715599186718464	0.02711310610175133	0.03267715498805046	0.03291215747594833	0.03607140108942986	0.03073891811072826	0.03726089000701904	0.0374230295419693	0.0360042080283165	0.01902580261230469	0.01165668666362762	0.009970379061996937	0.0199325755238533	0.008178569376468658	0.006410341244190931	0.02794790454208851	0.03411721810698509	0.0252577792853117	0.03021121583878994	0.04520008340477943	0.03200380504131317	0.03286770731210709	0.03155896440148354	0.006393906194716692	0.02577382326126099	0.0226685106754303	0.02268412709236145	0.0439222976565361	0.02946930564939976	0.03477441146969795	0.0350765660405159	0.05333560705184937	0.02839986979961395	0.01908125169575214	0.1330243796110153	0.1385885775089264	0.04992619901895523	0.02193287201225758	0.05537621676921844	0.1180808544158936	0.02234736829996109	0.01648932509124279	0.01768191531300545	0.02647235244512558	0.01817465759813786	0.01713891699910164	0.09186232835054398	0.04273804649710655	0.0504462756216526	0.02163249999284744	0.08747739344835281	0.03237130120396614	0.1280375272035599	0.02917434461414814	0.04732020944356918	0.03290852904319763	0.01766460947692394	0.138211727142334
S2014m_E2-3-A-M	0.05094508826732635	0.07624941319227219	0.02461325936019421	0.06633574515581131	0.04348796233534813	0.03050760366022587	0.03165389597415924	0.07981481403112411	0.02558043785393238	0.05114193260669708	0.06738729774951935	0.03759454935789108	0.03405364602804184	0.01688561961054802	0.009870929643511772	0.01423624157905579	0.01060483232140541	0.04919052869081497	0.01727265305817127	0.049245435744524	0.02438441663980484	0.03086367249488831	0.02724465355277061	0.0460607185959816	0.01109328307211399	0.02197924815118313	0.02322996780276299	0.03252943605184555	0.009396857582032681	0.02123613655567169	0.01122183538973331	0.01353653706610203	0.01451654639095068	0.01158380415290594	0.04935012385249138	0.04876543581485748	0.04843392968177795	0.02813308127224445	0.0486607514321804	0.01609552651643753	0.01770216040313244	0.03195098787546158	0.0333818681538105	0	0.02423479966819286	0.01516736671328545	0.02134216763079166	0.03667894750833511	0.02713045477867126	0.04633211717009544	0.01007663458585739	0.0308286901563406	0.03203020244836807	0.04875936359167099	0.01770351454615593	0.0446777306497097	0.02564709633588791	0.01768910698592663	0.05004162713885307	0.02939602173864841	0.01489911787211895	0.04841860383749008	0.0281861312687397	0.04477882012724876	0.02225825190544128	0.03311925008893013	0.02800548262894154	0.005449352785944939	0.0189543105661869	0.01724444702267647	0.03665090352296829	0.03355444595217705	0.02512841671705246	0.03373148292303085	0.02774983830749989	0.05004162713885307	0.01400473713874817	0.03358404338359833	0.01824314706027508	0.01513597555458546	0.01308488566428423	0.03166987001895905	0.04268362745642662	0.01973219215869904	0.02689429372549057	0.02395239099860191	0.04093241319060326	0.04019055888056755	0.04225656762719154	0.04323920980095863	0.03712330386042595	0.03802767395973206	0.033116664737463	0.04158721119165421	0.04939867183566093	0.03420205414295197	0.01904184557497501	0.02042564377188683	0.1157761067152023	0.1099959760904312	0.0189123097807169	0.01973726786673069	0.08737591654062271	0.01967395655810833	0.04491410404443741	0.04685486853122711	0.05397622659802437	0.0458730049431324	0.04762541130185127	0.0482625886797905	0.04340352863073349	0.04711678251624107	0.03149743005633354	0.05004162713885307	0.03035359457135201	0.04673732072114944	0.02200423926115036	0.05077516287565231	0.007641286589205265	0.02820882387459278	0.03743210807442665	0.01413851696997881	0.04642342031002045	0.04400290921330452	0.03723515570163727	0.05795618891716003	0.02794673852622509	0.03575974702835083	0.03027216158807278	0.04229974746704102	0.03773481026291847	0.04745079576969147	0.04570392146706581	0.04504358768463135	0.04345397651195526	0.044269148260355	0.02990804612636566	0.03122458048164845	0.0456591360270977	0.009148946963250637	0.04085123538970947	0.0438571386039257	0.02752191759645939	0.02071976661682129	0.02638472616672516	0.01582220755517483	0.0248472522944212	0.02680011838674545	0.02677921019494534	0.02777595445513725	0.03315944597125053	0.01396779716014862	0.03927334398031235	0.02363269589841366	0.02056528441607952	0.01727072522044182	0.02232896536588669	0.009901479817926884	0.01571029797196388	0.02762581966817379	0.03653588145971298	0.02244117297232151	0.02351631596684456	0.01994899474084377	0.02310948446393013	0.04724567383527756	0.012907306663692	0.022634606808424	0.01460751798003912	0.03692662715911865	0.1346510946750641	0.141877681016922	0.02461325936019421	0.03716039657592773	0.06276670098304749	0.1216269955039024	0.02056198194622993	0.03307943418622017	0.03295062482357025	0.03792497143149376	0.0245477557182312	0.0330706313252449	0.0972871333360672	0.01561580877751112	0.0399836041033268	0.01601058430969715	0.09836689382791519	0.03459102287888527	0.1264878809452057	0.01310646254569292	0.01661920733749866	0.008910765871405602	0.03261883556842804	0.1412691473960876
S2014m_E2-3-B-M	0.06592577695846558	0.06285610795021057	0.04063363745808601	0.05472984537482262	0.02172926999628544	0.008121478371322155	0.02005531638860703	0.06705383211374283	0.04136310145258904	0.06522747129201889	0.07664948701858521	0.0422249361872673	0.01175779849290848	0.01636005938053131	0.02808553539216518	0.02715376205742359	0.02578223869204521	0.04255703091621399	0.01959462836384773	0.05387582257390022	0.01909067668020725	0.01518183574080467	0.03056061640381813	0.05069110542535782	0.01711652055382729	0.02135227806866169	0.03321774303913116	0.03648082166910172	0.02808573842048645	0.01689221151173115	0.03345084190368652	0.03115745633840561	0.03355596214532852	0.03241609036922455	0.053980503231287	0.05350042134523392	0.05306431278586388	0.03013228811323643	0.05339573696255684	0.02279294840991497	0.01200119592249393	0.01338851917535067	0.01882860623300076	0.02423479966819286	0	0.01251022983342409	0.03456554561853409	0.04183312132954597	0.03874236345291138	0.05096250772476196	0.02877847664058208	0.0396493598818779	0.01053763274103403	0.03649782761931419	0.01293791085481644	0.04930811002850533	0.02076020091772079	0.03603717684745789	0.0546719990670681	0.04020266234874725	0.0363164097070694	0.05304897949099541	0.0110550494864583	0.05005615204572678	0.01773850247263908	0.03185981884598732	0.01118272077292204	0.02915539406239986	0.03768468648195267	0.03731635957956314	0.03158280625939369	0.01064560189843178	0.02701489813625813	0.01132939010858536	0.009402520023286343	0.0546719990670681	0.03355878591537476	0.03547172620892525	0.03726118057966232	0.0363178588449955	0.03615041822195053	0.0112941162660718	0.04741862416267395	0.02484910748898983	0.02409888990223408	0.01461316645145416	0.04698824137449265	0.04496448859572411	0.04625200480222702	0.04851654171943665	0.04303521290421486	0.05102341249585152	0.04218748584389687	0.05029340833425522	0.05446034669876099	0.04199156910181046	0.02754004299640656	0.03873416408896446	0.1175652742385864	0.1131964474916458	0.03713821247220039	0.03431330248713493	0.09158287942409515	0.03900960832834244	0.04848850890994072	0.05213219672441483	0.05849088728427887	0.0515771172940731	0.05225579440593719	0.05289296433329582	0.04860319942235947	0.05217847228050232	0.02365577034652233	0.0546719990670681	0.01390330400317907	0.05136771127581596	0.02976596727967262	0.04483706876635551	0.02802611514925957	0.03687657043337822	0.04228214174509048	0.02429050207138062	0.05103180184960365	0.04904258623719215	0.04230321943759918	0.06299588084220886	0.03322407603263855	0.04060978814959526	0.03883536532521248	0.04736143723130226	0.04287266731262207	0.05208117887377739	0.05065456405282021	0.05017426982522011	0.04873131960630417	0.04930883646011353	0.02648416720330715	0.03485302627086639	0.05150575935840607	0.0287710428237915	0.04484667256474495	0.04848752543330193	0.03727042302489281	0.0348687544465065	0.0334499292075634	0.01200464926660061	0.01298443228006363	0.01077484153211117	0.02896614372730255	0.01541472971439362	0.02415887452661991	0.03063097968697548	0.04409739002585411	0.03167683258652687	0.02936614118516445	0.03913893923163414	0.03842286020517349	0.01965909264981747	0.03114119172096252	0.01749896630644798	0.04181321710348129	0.02780566364526749	0.0231860913336277	0.0413719080388546	0.03588836640119553	0.05252300575375557	0.03477545455098152	0.03994130715727806	0.01500556152313948	0.01406478323042393	0.1368215382099152	0.144490972161293	0.04063363745808601	0.01524302177131176	0.05379979684948921	0.1237974837422371	0.01284603867679834	0.02068337984383106	0.01039026025682688	0.01989009790122509	0.01827473379671574	0.01051026675850153	0.09579869359731674	0.03258055821061134	0.0447990782558918	0.01351015828549862	0.09319400787353516	0.02758336439728737	0.1290068626403809	0.01866989023983479	0.03392590954899788	0.02264165505766869	0.009472275152802467	0.1432653665542603
S2014m_E2-3-C-M	0.05896139517426491	0.06668997555971146	0.03343158587813377	0.05729902163147926	0.03315126523375511	0.01930581778287888	0.02218679152429104	0.07025536894798279	0.03439870476722717	0.05826308205723763	0.07205875217914581	0.04331105574965477	0.02232907898724079	0.01249009277671576	0.01690119318664074	0.02092653512954712	0.01459789555519819	0.04388080164790154	0.01889881491661072	0.05496194213628769	0.02171219699084759	0.02359920367598534	0.03297262638807297	0.05177722498774529	0.008675245568156242	0.0224382821470499	0.03053449280560017	0.03889283165335655	0.01922680623829365	0.01598932035267353	0.02459190785884857	0.02291158586740494	0.02531008794903755	0.02355715818703175	0.05506662279367447	0.05458654090762138	0.05415043607354164	0.03132316097617149	0.0544818602502346	0.01864121854305267	0.009710979647934437	0.02395979501307011	0.02560582384467125	0.01516736671328545	0.01251022983342409	0	0.0277209710329771	0.0423954576253891	0.03284697234630585	0.05204862356185913	0.02186859585344791	0.03654519841074944	0.02134656347334385	0.04098331928253174	0.01451293006539345	0.05039422959089279	0.02317220903933048	0.02717824280261993	0.05575811862945557	0.03532174602150917	0.02780542150139809	0.05413510277867317	0.02162632346153259	0.05114227533340454	0.02018641494214535	0.03294594213366508	0.02133526839315891	0.02029646188020706	0.02945204824209213	0.02532992884516716	0.03266892582178116	0.02182994224131107	0.02810101583600044	0.0225137323141098	0.01997379586100578	0.05575811862945557	0.02469985373318195	0.03655784204602242	0.02972813881933689	0.02878482453525066	0.02729148790240288	0.02186539582908154	0.04850474372506142	0.02419221960008144	0.02736937068402767	0.02035206742584705	0.04807436093688011	0.04647790640592575	0.04776542261242867	0.04960266128182411	0.04369597882032394	0.04439114406704903	0.03820722922682762	0.04795068129897118	0.05554646998643875	0.04129744321107864	0.02597415074706078	0.0283114816993475	0.1197091788053513	0.114947535097599	0.02690495736896992	0.02555877715349197	0.0929066464304924	0.03118882887065411	0.04981227219104767	0.05321831628680229	0.06068815663456917	0.05223644524812698	0.05334191769361496	0.05397908762097359	0.04968931898474693	0.05326458811759949	0.02659537084400654	0.05575811862945557	0.0225775521248579	0.05245382711291313	0.02875694446265697	0.04616083949804306	0.01603967323899269	0.03384282067418098	0.04336826503276825	0.0194433331489563	0.0523555725812912	0.05036636069417	0.04338934272527695	0.06431965529918671	0.03431019559502602	0.04169591143727303	0.03580161929130554	0.04844756051898003	0.04419643431901932	0.05316729843616486	0.05174068361520767	0.05126038938760757	0.04981744289398193	0.05063260719180107	0.02780793607234955	0.03617678955197334	0.05259187892079353	0.01678461022675037	0.04636009410023689	0.04957364127039909	0.03312751650810242	0.02330962382256985	0.03175542503595352	0.007836202159523964	0.01828744076192379	0.01923972368240356	0.03005226328969002	0.02093150839209557	0.02566797472536564	0.01864454336464405	0.04542115703225136	0.03014843910932541	0.02609474211931229	0.02715250104665756	0.02643642202019691	0.008099956437945366	0.01915475726127625	0.01984977535903454	0.04289933666586876	0.02627727016806602	0.02559810690581799	0.02962312661111355	0.02738793939352036	0.05360912904143333	0.02278901636600494	0.02856792137026787	0.003632189938798547	0.02548677287995815	0.1387583762407303	0.1462420374155045	0.03343158587813377	0.02666501328349113	0.05573662742972374	0.1257343143224716	0.009360200725495815	0.02590184472501278	0.02157460153102875	0.02815036848187447	0.02028818055987358	0.0216946043074131	0.09773552417755127	0.02478110045194626	0.0381864532828331	0.008938930928707123	0.09513086080551147	0.03077634237706661	0.1309436708688736	0.01066167280077934	0.02255253121256828	0.01439578738063574	0.02089426852762699	0.1452022045850754
S2014m_E5-1-A-F	0.0523112565279007	0.07453077286481857	0.03234956786036491	0.06479133665561676	0.04723717272281647	0.03780845552682877	0.03557734563946724	0.07809615135192871	0.03099452704191208	0.05033669993281364	0.06339240819215775	0.02539430372416973	0.04118025675415993	0.02188958413898945	0.02229033038020134	0.02413270622491837	0.0300050675868988	0.03756329044699669	0.01875120215117931	0.03316790610551834	0.02009063400328159	0.03539624810218811	0.01695011183619499	0.03209354728460312	0.02019297331571579	0.0154583603143692	0.01307622529566288	0.02095865458250046	0.01313519664108753	0.01791097968816757	0.01887091994285583	0.0260092094540596	0.02513178624212742	0.02144916169345379	0.03306322172284126	0.03247853741049767	0.03235639631748199	0.01608468219637871	0.03258321806788445	0.01409852597862482	0.02294117957353592	0.03705082088708878	0.02525664120912552	0.02134216763079166	0.03456554561853409	0.0277209710329771	0	0.02060140483081341	0.01137114223092794	0.02972698956727982	0.01639566011726856	0.01527873799204826	0.03577942401170731	0.0452265627682209	0.02494662068784237	0.03134700283408165	0.02684294246137142	0.008105491288006306	0.03343649208545685	0.01320850849151611	0.009372003376483917	0.03181347250938416	0.03481745719909668	0.03145859390497208	0.02511292323470116	0.03074353747069836	0.03286607936024666	0.01883566193282604	0.009507556445896626	0.01873143576085567	0.02721871994435787	0.04068106040358543	0.0158704612404108	0.04114976897835732	0.03210480883717537	0.03343649208545685	0.01342795323580503	0.02415185049176216	0.01005658414214849	0.01336636859923601	0.02071497030556202	0.03879647329449654	0.02775745652616024	0.01267239172011614	0.02622043155133724	0.02874337509274483	0.03366224467754364	0.03292039409279823	0.0353717990219593	0.03080369159579277	0.02019095607101917	0.02975761145353317	0.02603478729724884	0.03335539996623993	0.03322484344244003	0.01925163902342319	0.015797458589077	0.01403501722961664	0.1100242361426353	0.1086099818348885	0.03199987486004829	0.00605579512193799	0.08185042440891266	0.02291322313249111	0.02725264430046082	0.03089668974280357	0.03485414385795593	0.03413755819201469	0.03154188767075539	0.0320744588971138	0.02874108776450157	0.03189338371157646	0.02822010405361652	0.03343649208545685	0.02861395850777626	0.03192346543073654	0.01474881637841463	0.03817407414317131	0.01898976601660252	0.01946017891168594	0.03105215914547443	0.01638070307672024	0.03214094415307045	0.03107684664428234	0.02739869616925716	0.03914821147918701	0.02469747886061668	0.02979680523276329	0.01585535891354084	0.02760185487568378	0.01862512901425362	0.03126266598701477	0.02984203025698662	0.02914725244045258	0.02939679846167564	0.03166132047772408	0.02377048507332802	0.02472556382417679	0.03185301274061203	0.02175658382475376	0.03448396921157837	0.03041156381368637	0.02314597927033901	0.02137629874050617	0.02388688735663891	0.0243972297757864	0.03079809993505478	0.0305859912186861	0.02078061550855637	0.02952275983989239	0.02442889101803303	0.01436193473637104	0.02539600431919098	0.01590513810515404	0.02091044560074806	0.02664974890649319	0.01299232337623835	0.02623005770146847	0.01678087748587132	0.02192011103034019	0.02787952683866024	0.01870113797485828	0.02229170873761177	0.02273561432957649	0.01329372357577085	0.03170449659228325	0.01895040273666382	0.03478527069091797	0.02883585542440414	0.04096049070358276	0.1262870579957962	0.1334173530340195	0.03234956786036491	0.04105544090270996	0.06104805320501328	0.1180112883448601	0.02828061580657959	0.03151256963610649	0.04007723927497864	0.04154237732291222	0.02966193854808807	0.04019724577665329	0.09574268013238907	0.02732051350176334	0.0419454500079155	0.02313719876110554	0.0966481938958168	0.03838986530900002	0.1177704930305481	0.02296188473701477	0.03299060463905334	0.02519003860652447	0.03636804595589638	0.1323775053024292
S2014M_E5-1-A-M	0.06949197500944138	0.08285421133041382	0.04584244266152382	0.07485104352235794	0.05694841220974922	0.04449076578021049	0.0484284982085228	0.08572569489479065	0.04744197055697441	0.06751740723848343	0.07678261399269104	0.005107157398015261	0.04751409217715263	0.03363065794110298	0.03737670183181763	0.03846019506454468	0.04491719976067543	0.04385348409414291	0.0282268263399601	0.01256649382412434	0.02749895863234997	0.04228154197335243	0.01519604679197073	0.01191115286201239	0.03486746177077293	0.0219300165772438	0.0200784970074892	0.009017449803650379	0.02780968137085438	0.02651073969900608	0.03239312022924423	0.04029889777302742	0.0391070656478405	0.03605663403868675	0.01267117634415627	0.01229584775865078	0.01175498403608799	0.02038987912237644	0.01219116523861885	0.02608787082135677	0.03394917026162148	0.04338465631008148	0.03159047290682793	0.03667894750833511	0.04183312132954597	0.0423954576253891	0.02060140483081341	0	0.00954848900437355	0.009653173387050629	0.03037342056632042	0.00612869905307889	0.04549065604805946	0.05493780225515366	0.03287733718752861	0.01137411873787642	0.03233871608972549	0.01898984611034393	0.01336267311125994	0.007810513954609632	0.02471215836703777	0.01173965446650982	0.04115129262208939	0.01127620041370392	0.03325969725847244	0.02677005156874657	0.03937415033578873	0.03354406729340553	0.01998973079025745	0.02918967790901661	0.0194992758333683	0.04701489210128784	0.01649311557412148	0.04748360440135002	0.03843863680958748	0.01336267311125994	0.02608958631753922	0.01163233909755945	0.02095752209424973	0.0276185404509306	0.03490372747182846	0.04513031616806984	0.007679525762796402	0.02217836864292622	0.03472056239843369	0.03528657183051109	0.02543952874839306	0.0246976763010025	0.02672640047967434	0.02226701378822327	0.01075337268412113	0.04471277445554733	0.04011247307062149	0.04353833943605423	0.01315102260559797	0.007525010034441948	0.0260018166154623	0.0298641212284565	0.1067407950758934	0.1091957539319992	0.04555021226406097	0.01987440139055252	0.08364716917276382	0.04013090953230858	0.02584678679704666	0.01381397992372513	0.03137372806668282	0.03440781682729721	0.01136346906423569	0.01200063899159431	0.008349191397428513	0.01139672845602036	0.03403577953577042	0.01336267311125994	0.03494779765605927	0.01153156440705061	0.01498983055353165	0.04249577224254608	0.03484956175088882	0.02241748198866844	0.02251547947525978	0.02778926491737366	0.01585971936583519	0.02591756731271744	0.01243210211396217	0.02192419767379761	0.01827751845121384	0.02126012742519379	0.01126514468342066	0.00741931889206171	0.008803763426840305	0.01118884980678558	0.00944998674094677	0.009073438122868538	0.00910965446382761	0.02618381194770336	0.0308181568980217	0.02588400617241859	0.01146111823618412	0.03643106669187546	0.02552445791661739	0.01033392641693354	0.02178105153143406	0.03257293254137039	0.02126212604343891	0.03540521487593651	0.03713192790746689	0.03691983222961426	0.01856832578778267	0.03585658967494965	0.0260944627225399	0.02893166244029999	0.01259354595094919	0.01612005941569805	0.02320155128836632	0.04049002751708031	0.01790576241910458	0.04125302284955978	0.03052738308906555	0.0282539427280426	0.01965328678488731	0.02274882048368454	0.03077537938952446	0.0398445762693882	0.01781098172068596	0.01163067948073149	0.03289161622524261	0.04862555116415024	0.04351034015417099	0.05067172646522522	0.1257900148630142	0.1332736611366272	0.04584244266152382	0.05094091966748238	0.07103772461414337	0.1184570118784904	0.04208390787243843	0.04153761640191078	0.04675954952836037	0.05125361308455467	0.03630958870053291	0.04687955603003502	0.09921034425497055	0.04561612010002136	0.05964778736233711	0.03523267060518265	0.1001143306493759	0.0484495721757412	0.1179752945899963	0.04101377353072166	0.04703656584024429	0.04021300375461578	0.04607928171753883	0.1322338134050369
S2014m_E5-1-B-F	0.06063936278223991	0.08045952767133713	0.03741281852126122	0.07245638221502304	0.05455374717712402	0.0420961044728756	0.04324239119887352	0.08333101123571396	0.03858936950564384	0.05866480618715286	0.06845380365848541	0.01423266623169184	0.04511943459510803	0.02631648443639278	0.02782821282744408	0.02988611720502377	0.03536871448159218	0.04145882278680801	0.02394562959671021	0.02211498469114304	0.02510429732501507	0.03988687321543694	0.01280137896537781	0.02103666216135025	0.02531897276639938	0.01803703792393208	0.01262515038251877	0.01024417672306299	0.01826119422912598	0.02195475623011589	0.02284463122487068	0.03075040690600872	0.02987680770456791	0.02682637237012386	0.02221966534852982	0.02173958346247673	0.02130347490310669	0.01799521408975124	0.0216349009424448	0.01897913590073586	0.02701960504055023	0.04098999500274658	0.02919580973684788	0.02713045477867126	0.03874236345291138	0.03284697234630585	0.01137114223092794	0.00954848900437355	0	0.01920166239142418	0.0213818047195673	0.003907594364136457	0.04309599101543427	0.05254313722252846	0.02933264710009098	0.02049962989985943	0.02994404546916485	0.009441357105970383	0.02291116490960121	0.003031651955097914	0.01548189669847488	0.02128814347088337	0.03875662386417389	0.02040171064436436	0.03086502850055695	0.02703895047307014	0.03697948157787323	0.02399557456374168	0.01044124271720648	0.02006417140364647	0.01710461266338825	0.04462022706866264	0.01388955861330032	0.04508894309401512	0.03604397177696228	0.02291116490960121	0.01654109545052052	0.01403774414211512	0.01183201279491186	0.0184930358082056	0.02577821724116802	0.04273565113544464	0.01680503599345684	0.01828538998961449	0.032644122838974	0.0328918993473053	0.02975564636290073	0.02901379950344563	0.03072429820895195	0.02668788656592369	0.01303876936435699	0.03516428545117378	0.03265912085771561	0.03800096362829208	0.02269951440393925	0.009492981247603893	0.0207828264683485	0.02063386701047421	0.1089325174689293	0.1109644696116447	0.03642471134662628	0.01064413879066706	0.08368115872144699	0.03100539930164814	0.02628016471862793	0.02037136070430279	0.0321069061756134	0.03451402485370636	0.02091195806860924	0.02154912985861301	0.0174746997654438	0.02052223868668079	0.03164111450314522	0.02291116490960121	0.03255312889814377	0.02065707370638847	0.01060615107417107	0.04010109975934029	0.02530107833445072	0.01850844360888004	0.02693635039031506	0.019706005230546	0.02498523145914078	0.03033844195306301	0.01728459633886814	0.03147269040346146	0.02025962062180042	0.02568099647760391	0.008393672294914722	0.01654482632875443	0.01218749210238457	0.02073733881115913	0.01889372244477272	0.01862192898988724	0.01823516376316547	0.03060468658804893	0.02842349000275135	0.02439837902784348	0.02058662660419941	0.02688257955014706	0.02952234819531441	0.0194594357162714	0.01825398579239845	0.02302444726228714	0.01930900849401951	0.02847565338015556	0.03473725914955139	0.03452516347169876	0.01589522324502468	0.03346192836761475	0.0236997939646244	0.01938317902386189	0.01792602986097336	0.01199435908347368	0.0173195619136095	0.03136451542377472	0.008357275277376175	0.03170453011989594	0.02097889594733715	0.02585927955806255	0.02365118265151978	0.0181928388774395	0.02810227312147617	0.0302960928529501	0.008786280639469624	0.02117916755378246	0.02334313467144966	0.03950004652142525	0.03396185860037804	0.04827706143260002	0.1279817223548889	0.1354653835296631	0.03741281852126122	0.04854625463485718	0.06836462020874023	0.120225727558136	0.03323130682110786	0.03914295136928558	0.04436488449573517	0.04885894805192947	0.03391492739319801	0.04448489099740982	0.09855040907859802	0.03606763482093811	0.05009930208325386	0.02707636542618275	0.09910745173692703	0.0460549108684063	0.1201669946312904	0.03146528825163841	0.03748808056116104	0.03066451475024223	0.04368461668491364	0.1344255357980728
S2014M_E5-1-B-M	0.07844925671815872	0.08535356074571609	0.05416737869381905	0.07888538390398026	0.0594477578997612	0.04852509871125221	0.05738577991724014	0.08822503685951233	0.05639924854040146	0.07696182280778885	0.08605267852544785	0.00873756967484951	0.05015265941619873	0.04328382760286331	0.04702987149357796	0.04769584164023399	0.05457036942243576	0.04635284096002579	0.0359627977013588	0.003545665182173252	0.0332779549062252	0.04478088766336441	0.02125576324760914	0.002890323055908084	0.04452062770724297	0.03158319368958473	0.02973167039453983	0.01814683713018894	0.03746285289525986	0.03616391494870186	0.04204629361629486	0.04995206743478775	0.04876024276018143	0.04518222063779831	0.003440983593463898	0.003065655706450343	0.002873375080525875	0.0234461035579443	0.003170337527990341	0.03434885665774345	0.04360233992338181	0.04588400200009346	0.03422904014587402	0.04633211717009544	0.05096250772476196	0.05204862356185913	0.02972698956727982	0.009653173387050629	0.01920166239142418	0	0.04002659022808075	0.01550343632698059	0.05200111493468285	0.05813324451446533	0.04127302765846252	0.004273317288607359	0.03686016425490379	0.02864301577210426	0.003709501121193171	0.01693609729409218	0.03383774682879448	0.002364919753745198	0.04406829550862312	0.004819180816411972	0.03729398176074028	0.02926939912140369	0.04236078262329102	0.04319724068045616	0.02964290231466293	0.03821050003170967	0.02199862711131573	0.04993189871311188	0.02457493171095848	0.05012217536568642	0.04229708760976791	0.003709501121193171	0.03574275970458984	0.01549078617244959	0.02997835166752338	0.03663937747478485	0.04402931034564972	0.04776888340711594	0.003648488316684961	0.03162217885255814	0.04045936465263367	0.04026165977120399	0.02101872861385345	0.02119045332074165	0.0226238276809454	0.01788067817687988	0.0201971773058176	0.0541565790772438	0.04955628514289856	0.05256449803709984	0.003497851081192493	0.01630264706909657	0.03544562309980392	0.03898970782756805	0.1045836061239243	0.1103072836995125	0.0552033856511116	0.02899998240172863	0.09086059033870697	0.04915173724293709	0.02792315185070038	0.009288424625992775	0.0397699661552906	0.04363800585269928	0.002198090311139822	0.002625904511660337	0.006777083501219749	0.002375899814069271	0.03643037006258965	0.003709501121193171	0.03800401836633682	0.002649953123182058	0.02464300207793713	0.04513433948159218	0.04450273141264915	0.03207065165042877	0.02107744850218296	0.03744243085384369	0.01561775337904692	0.02139201387763023	0.01386602502316236	0.01602446287870407	0.02635933458805084	0.0222135316580534	0.02091831341385841	0.004242884460836649	0.01583801209926605	0.001953332917764783	0.002094909781590104	0.001288530183956027	0.004572664853185415	0.02208123914897442	0.03331750258803368	0.03023314476013184	0.003722193418070674	0.04608424007892609	0.02190968208014965	0.004471579100936651	0.03143422305583954	0.04222610592842102	0.03091529756784439	0.04505838453769684	0.04231637716293335	0.04210428148508072	0.02612635493278503	0.03905203193426132	0.02887224592268467	0.03858483210206032	0.01962778903543949	0.02577322907745838	0.03285472095012665	0.04951084777712822	0.02755892649292946	0.05090618878602982	0.04018054902553558	0.03410140052437782	0.01923479326069355	0.03240199759602547	0.03833340853452682	0.04928837716579437	0.02746415510773659	0.002255944069474936	0.04254478961229324	0.05764637514948845	0.05316350981593132	0.0531710758805275	0.1246132403612137	0.1309772431850433	0.05416737869381905	0.05406676977872849	0.07859575748443604	0.1189443022012711	0.05131955072283745	0.04672206938266754	0.04981581494212151	0.05846703425049782	0.0401698611676693	0.04979659989476204	0.1019882038235664	0.05526929721236229	0.06930094957351685	0.04405052959918976	0.102613665163517	0.05541740730404854	0.1197885051369667	0.05066694319248199	0.05668973550200462	0.04986617714166641	0.04979850724339485	0.1302158683538437
S2014m_E5-1-C-F	0.05085504427552223	0.07708772271871567	0.01967634260654449	0.06769676506519318	0.04458985850214958	0.03213221207261086	0.03355702012777328	0.08065310120582581	0.02064352296292782	0.05035834014415741	0.06682039052248001	0.03358354419469833	0.0351555347442627	0.01836843229830265	0.01560855377465487	0.01290380768477917	0.01600977778434753	0.04809006676077843	0.01493673026561737	0.04293991252779961	0.02317934110760689	0.03197574242949486	0.02495019510388374	0.0397551953792572	0.01434060279279947	0.02359766885638237	0.02180666103959084	0.02853972837328911	0.0103364298120141	0.01984481699764729	0.005835665389895439	0.01065816637128592	0.01220933347940445	0.0093740439042449	0.04304459691047668	0.04245991259813309	0.04212840646505356	0.02489317208528519	0.04235522449016571	0.01264624577015638	0.01761259138584137	0.03102610073983669	0.0317121148109436	0.01007663458585739	0.02877847664058208	0.02186859585344791	0.01639566011726856	0.03037342056632042	0.0213818047195673	0.04002659022808075	0	0.02452315762639046	0.03313209488987923	0.04708961024880409	0.01937468908727169	0.03869042545557022	0.02454662881791592	0.01374963670969009	0.04373609274625778	0.02420424669981003	0.01151761692017317	0.04211307317018509	0.02922302111983299	0.03912024199962616	0.02208086289465427	0.0325237512588501	0.02829615771770477	0.007077646441757679	0.01581566780805588	0.01955466903746128	0.0349811464548111	0.0346563346683979	0.0239813756197691	0.03512504696846008	0.02608008682727814	0.04373609274625778	0.01148416288197041	0.03191428259015083	0.01744816638529301	0.01001606043428183	0.008535245433449745	0.0327717587351799	0.0374206081032753	0.01943991705775261	0.0243721716105938	0.02376546896994114	0.03797962889075279	0.03723777085542679	0.03873449936509132	0.03768488764762878	0.03354973345994949	0.03579343110322952	0.03182078152894974	0.0388977937400341	0.04352444410324097	0.03024795837700367	0.01774224266409874	0.01832866296172142	0.1119785979390144	0.1110621765255928	0.01896658726036549	0.01590299792587757	0.08398838341236115	0.01389422733336687	0.04072102531790733	0.04119629040360451	0.04877036809921265	0.04355043545365334	0.04173688963055611	0.04237405955791473	0.03766728937625885	0.0412425622344017	0.02955888025462627	0.04373609274625778	0.0293093416839838	0.04064029455184937	0.02251125499606133	0.04931391030550003	0.0106665538623929	0.02687042951583862	0.03536953777074814	0.0183001421391964	0.04286177083849907	0.03877163305878639	0.03516113013029099	0.05229761824011803	0.02605867758393288	0.03411418572068214	0.02850646711885929	0.03694677725434303	0.03175598010420799	0.0415622666478157	0.03961404785513878	0.03944685310125351	0.03779540210962296	0.03903787955641747	0.02934683673083782	0.03030190989375114	0.04056984931230545	0.01311017293483019	0.03774616867303848	0.03796861320734024	0.02703468129038811	0.02311921119689941	0.02682557329535484	0.0190686397254467	0.02681208401918411	0.02701401337981224	0.02854305319488049	0.02850760146975517	0.03219133242964745	0.0168403722345829	0.0361168272793293	0.02352700009942055	0.02282851934432983	0.01390640065073967	0.02209467254579067	0.01705966517329216	0.0185239352285862	0.0274155642837286	0.03308644518256187	0.02503280714154243	0.02451515570282936	0.02251083590090275	0.02217910066246986	0.04200410097837448	0.01121894270181656	0.0220419242978096	0.02141212671995163	0.03831316530704498	0.1310278177261353	0.1385114639997482	0.01967634260654449	0.03858235850930214	0.06360499560832977	0.1203234493732452	0.02302215062081814	0.03169431909918785	0.03440099209547043	0.03889504820108414	0.02621893025934696	0.03452099859714508	0.09864811599254608	0.01566112972795963	0.04259714484214783	0.01711247302591801	0.09920515865087509	0.0365213006734848	0.123213067650795	0.0162966325879097	0.01729108020663261	0.01182936690747738	0.0337207242846489	0.1374716013669968
S2014M_E5-1-C-M	0.06350253522396088	0.08039198815822601	0.04048534482717514	0.07238885015249252	0.05448621511459351	0.04202857241034508	0.04401041567325592	0.08326348662376404	0.04145253077149391	0.06152797117829323	0.07089793682098389	0.01060351170599461	0.04505189880728722	0.02778039686381817	0.03152643889188766	0.03247076272964478	0.03906694054603577	0.0413912832736969	0.02387809567153454	0.0184167567640543	0.02503676153719425	0.03981933742761612	0.01273384597152472	0.0171290710568428	0.02901720441877842	0.01922247186303139	0.01422823872417212	0.008593016304075718	0.02195942215621471	0.02327940799295902	0.02654285915195942	0.03444864228367805	0.0337844006717205	0.03073397092521191	0.01852143928408623	0.01804135739803314	0.0176052488386631	0.01792767830193043	0.01793667301535606	0.01995917037129402	0.028622692450881	0.04092245548963547	0.02912827767431736	0.0308286901563406	0.0396493598818779	0.03654519841074944	0.01527873799204826	0.00612869905307889	0.003907594364136457	0.01550343632698059	0.02452315762639046	0	0.04330689460039139	0.05247560515999794	0.02996121160686016	0.01659203693270683	0.02987651154398918	0.01313958596438169	0.01921293511986732	0.002487845253199339	0.01938949152827263	0.01758991554379463	0.03868908807635307	0.01649411953985691	0.03079749457538128	0.02484056353569031	0.03691194951534271	0.02769380435347557	0.01434883568435907	0.02397176064550877	0.01703707873821259	0.04455269128084183	0.01430935226380825	0.0450214110314846	0.03597644343972206	0.01921293511986732	0.02023932710289955	0.01013015303760767	0.01573960669338703	0.0224006287753582	0.02968581020832062	0.04266811907291412	0.01310680899769068	0.01968018710613251	0.03278595581650734	0.03303373232483864	0.02776663191616535	0.02702477760612965	0.02873527444899082	0.02469886653125286	0.01173619087785482	0.03907188028097153	0.03447157517075539	0.03814278915524483	0.01900128461420536	0.007345655933022499	0.02245605923235416	0.0245414562523365	0.1076865494251251	0.1095091328024864	0.04033230617642403	0.01455173175781965	0.08222582936286926	0.03491299226880074	0.02484843134880066	0.0166731309145689	0.03155706822872162	0.03438179939985275	0.01721373200416565	0.01785090193152428	0.0135671105235815	0.01671940647065639	0.03167834132909775	0.01921293511986732	0.03248559683561325	0.01674948260188103	0.01123471185564995	0.04003356769680977	0.02899930067360401	0.01856156624853611	0.02494733035564423	0.02193900384008884	0.02107763476669788	0.02834941819310188	0.01423161011189222	0.02777446247637272	0.01875732466578484	0.0238311942666769	0.007865907624363899	0.01284660119563341	0.008906920440495014	0.01703911274671555	0.01519549265503883	0.01492369920015335	0.01432757172733545	0.02861566282808781	0.02835596166551113	0.02342180535197258	0.01667903549969196	0.03058080747723579	0.02732396684587002	0.0155518427491188	0.01772622019052505	0.02672267518937588	0.01857243478298187	0.03007874079048634	0.03466972708702087	0.03445762768387794	0.01638456247746944	0.03339438885450363	0.02363226376473904	0.02308140695095062	0.01443609315901995	0.01288872677832842	0.01892264746129513	0.03527210652828217	0.01226486545056105	0.03540275990962982	0.02467712014913559	0.02593096718192101	0.02145279385149479	0.01951748877763748	0.02859161235392094	0.03420368954539299	0.01196072436869144	0.01748094335198402	0.0270413588732481	0.0434076339006424	0.03766008466482162	0.0482095293700695	0.1267357617616653	0.1342194080352783	0.04048534482717514	0.04847872257232666	0.068853959441185	0.1187703981995583	0.03609447181224823	0.03907541930675507	0.04429735615849495	0.04879141598939896	0.0338473953306675	0.0444173589348793	0.09709507972002029	0.0397658608853817	0.05379754677414894	0.02910397201776505	0.09765211492776871	0.04598737880587578	0.1189906671643257	0.035163514316082	0.04118630662560463	0.03436274453997612	0.04361708462238312	0.1331795752048492
S2014m_E5-2-A-M	0.06064997613430023	0.05461323633790016	0.0462932288646698	0.04648695886135101	0.01222170703113079	0.009758680127561092	0.0147795807570219	0.05881096422672272	0.04050562158226967	0.05995167419314384	0.07137368619441986	0.04555806517601013	0.01257264148443937	0.02175618335604668	0.03649388998746872	0.03302186354994774	0.03477519005537033	0.03328409045934677	0.02291505225002766	0.0549144335091114	0.02121752873063087	0.01683339104056358	0.03321125358343124	0.051729716360569	0.02147014439105988	0.02929615415632725	0.03839288279414177	0.04314460977911949	0.03243936225771904	0.02124584279954433	0.03780446574091911	0.03716500103473663	0.03934836015105247	0.03737363591790199	0.05501911416649818	0.0545390322804451	0.05410292744636536	0.03117089904844761	0.05443435162305832	0.02645049057900906	0.01635481789708138	0.01316243968904018	0.01986721903085709	0.03203020244836807	0.01053763274103403	0.02134656347334385	0.03577942401170731	0.04549065604805946	0.04309599101543427	0.05200111493468285	0.03313209488987923	0.04330689460039139	0	0.02764187939465046	0.01752663403749466	0.05034672096371651	0.02264940552413464	0.04080779477953911	0.05571061000227928	0.04455627873539925	0.04087859764695168	0.05408759415149689	0.01103747170418501	0.05109476670622826	0.01877710968255997	0.0328984297811985	0.01148559805005789	0.03663652390241623	0.04287231341004372	0.04479750245809555	0.03262141346931458	0.01207343954592943	0.02983375079929829	0.01254215277731419	0.009704030118882656	0.05571061000227928	0.03791240975260735	0.03651033341884613	0.04416254535317421	0.04196828976273537	0.04050404950976372	0.01141499169170856	0.04949973523616791	0.0323302373290062	0.02741884812712669	0.01731978170573711	0.04802685230970383	0.04643039777874947	0.04771791771054268	0.04965940117835999	0.03957928717136383	0.04642073437571526	0.03664655610918999	0.04405638948082924	0.05549896135926247	0.04703975096344948	0.03272766247391701	0.04465154185891151	0.1189487278461456	0.1047678217291832	0.04613488912582397	0.03877132758498192	0.08482208102941513	0.03357309103012085	0.03963263332843781	0.05317080765962601	0.0531255342066288	0.04937076568603516	0.0537114106118679	0.05434858053922653	0.04964180663228035	0.0532170832157135	0.02530733123421669	0.05571061000227928	0.01556741539388895	0.05261481553316116	0.03644740581512451	0.03618962690234184	0.03550723940134048	0.03784061968326569	0.04478025063872337	0.0317717008292675	0.04238436371088028	0.04694145545363426	0.04334189742803574	0.05413993820548058	0.03885795921087265	0.04352489858865738	0.04317675530910492	0.04892130196094513	0.03914029523730278	0.0535367913544178	0.05169316753745079	0.05142137780785561	0.04976992681622505	0.04383029788732529	0.02438302338123322	0.02958298102021217	0.05254437774419785	0.03625216335058212	0.04672957956790924	0.04994313418865204	0.04475155472755432	0.04277718812227249	0.04135836288332939	0.01948578283190727	0.01558679435402155	0.0134814539924264	0.03383275866508484	0.01749583892524242	0.02561455219984055	0.0381121039390564	0.03788520023226738	0.03915796428918839	0.03684727102518082	0.04662006720900536	0.04590399190783501	0.02860844507813454	0.03862231597304344	0.01999708078801632	0.04326882213354111	0.0352867878973484	0.02492955140769482	0.04571328684687614	0.04336949065327644	0.05397861823439598	0.04225664585828781	0.04907634109258652	0.0241406075656414	0.01235287077724934	0.128578707575798	0.1360623389482498	0.0462932288646698	0.005867266096174717	0.04688292741775513	0.1155545935034752	0.018505634739995	0.0152048384770751	0.01181809883564711	0.0137423612177372	0.02032183110713959	0.01193810533732176	0.08755582571029663	0.02834659069776535	0.03987127169966698	0.01820854656398296	0.08495114743709564	0.0209126602858305	0.120763972401619	0.02153767645359039	0.04306095466017723	0.02864926122128963	0.007760427426546812	0.1350224912166595
S2014m_E5-2-B-M	0.04026660323143005	0.03126278519630432	0.06558205932378769	0.02432334236800671	0.02565241977572441	0.03464600816369057	0.0232422910630703	0.03546052798628807	0.05979442968964577	0.03970747441053391	0.05105991661548615	0.05500520393252373	0.03648250550031662	0.03467284142971039	0.04892538860440254	0.05231067165732384	0.05441194400191307	0.01619140990078449	0.04136137664318085	0.06104656308889389	0.03089072182774544	0.03053701296448708	0.04196229949593544	0.05786184594035149	0.03788173571228981	0.03874329105019569	0.04736471921205521	0.05259175971150398	0.04396822676062584	0.03242773562669754	0.0512159951031208	0.05680175870656967	0.05898511782288551	0.05593469366431236	0.06115124374628067	0.06067117303609848	0.06023505330085754	0.03730302304029465	0.0605664849281311	0.03832409158349037	0.03127234429121017	0.03235307708382607	0.028528718277812	0.04875936359167099	0.03649782761931419	0.04098331928253174	0.0452265627682209	0.05493780225515366	0.05254313722252846	0.05813324451446533	0.04708961024880409	0.05247560515999794	0.02764187939465046	0	0.03608768433332443	0.05647885054349899	0.03155743330717087	0.0502549484372139	0.06184274330735207	0.05400343239307404	0.05101965740323067	0.06021972745656967	0.03011971153318882	0.05722689628601074	0.03076128475368023	0.03945785760879517	0.02871409058570862	0.04981381446123123	0.05231945961713791	0.05595384538173676	0.03875353559851646	0.03598330914974213	0.03928089514374733	0.03645202144980431	0.02807006053626537	0.06184274330735207	0.04841401800513268	0.04330546036362648	0.0536096952855587	0.05237295851111412	0.05499128997325897	0.03409872949123383	0.05629486590623856	0.04247128590941429	0.04733595252037048	0.03440918773412704	0.0562954917550087	0.05555363744497299	0.05684115365147591	0.05579153820872307	0.04902642965316772	0.02209386974573135	0.02287919260561466	0.02311656810343266	0.06163109466433525	0.05613895878195763	0.04318080469965935	0.05513954162597656	0.1269958019256592	0.08104585856199265	0.06540011614561081	0.04894934967160225	0.06163832545280457	0.0467088595032692	0.03563255816698074	0.05930294096469879	0.05705642700195312	0.04641502350568771	0.05984353274106979	0.06048071384429932	0.05577393621206284	0.05934921279549599	0.03223031014204025	0.06184274330735207	0.02820765599608421	0.05874694138765335	0.0458945520222187	0.01530254445970058	0.05010420083999634	0.04771506041288376	0.05480220168828964	0.04292804375290871	0.04513908922672272	0.05350088328123093	0.04947402700781822	0.04676246270537376	0.04873240366578102	0.05487284809350967	0.05262389034032822	0.05571642890572548	0.04858743771910667	0.05966892093420029	0.05782530456781387	0.05755350738763809	0.05590205267071724	0.05038972571492195	0.03265165910124779	0.03856836259365082	0.05867649987339973	0.04951577633619308	0.05585282668471336	0.05607525631785393	0.05505329743027687	0.05521543696522713	0.05379661172628403	0.03440329805016518	0.02827511355280876	0.02928914502263069	0.04327990114688873	0.02649687044322491	0.03174667805433273	0.04769105464220047	0.04733234271407127	0.04860510304570198	0.04800362512469292	0.06057757884263992	0.0553511343896389	0.04824519529938698	0.04935137927532196	0.0291281696408987	0.04940095171332359	0.0447339303791523	0.03543116524815559	0.05815153941512108	0.05281663686037064	0.06011074781417847	0.05413245409727097	0.06871310621500015	0.04377736896276474	0.03626273944973946	0.1052282378077507	0.1127118840813637	0.06558205932378769	0.02639973163604736	0.02684750407934189	0.09220415353775024	0.03779445588588715	0.02696636505424976	0.03572796285152435	0.01791688986122608	0.0341445580124855	0.03584796935319901	0.06420537829399109	0.04798334464430809	0.02191756293177605	0.03714921325445175	0.0616006962954998	0.01770072057843208	0.09978717565536499	0.04117443040013313	0.06269770860671997	0.04828601703047752	0.03219408169388771	0.1116720587015152
S2014m_E5-3-A-M	0.05698994919657707	0.06179433315992355	0.03355075418949127	0.05240337550640106	0.02911619655787945	0.01650077849626541	0.0213581919670105	0.06535971909761429	0.03428028523921967	0.05599997565150261	0.06771364808082581	0.03482997789978981	0.01952410489320755	0.01242293138056993	0.02097903937101364	0.02007017284631729	0.02110516652464867	0.03644371032714844	0.009760743007063866	0.04418634995818138	0.0107290968298912	0.0154136223718524	0.02029481716454029	0.04100162908434868	0.009957033209502697	0.01507231220602989	0.02391199767589569	0.02936766669154167	0.0186760239303112	0.01180350966751575	0.02204862795770168	0.0242137536406517	0.02572322450578213	0.02114497870206833	0.04429103061556816	0.04370634630322456	0.04337484389543533	0.02044310234487057	0.04360166564583778	0.01289559155702591	0.01050868909806013	0.01973209530115128	0.02094783447682858	0.01770351454615593	0.01293791085481644	0.01451293006539345	0.02494662068784237	0.03287733718752861	0.02933264710009098	0.04127302765846252	0.01937468908727169	0.02996121160686016	0.01752663403749466	0.03608768433332443	0	0.03961863368749619	0.01098758913576603	0.02704446017742157	0.04498253017663956	0.03058373741805553	0.02690605260431767	0.04335951432585716	0.01660755462944508	0.04036667943000793	0.01109849195927382	0.02237970568239689	0.01639264076948166	0.02152540907263756	0.02900436706840992	0.03103416040539742	0.02474064193665981	0.01902490667998791	0.01722081005573273	0.01920194178819656	0.01553095132112503	0.04498253017663956	0.02285059727728367	0.02578224427998066	0.02845704555511475	0.02654743753373623	0.02617141976952553	0.0184982605278492	0.03866704180836678	0.0189854335039854	0.01844657771289349	0.01549514289945364	0.03623562678694725	0.03492381423711777	0.03698982670903206	0.03893131762742996	0.03623366355895996	0.04255195334553719	0.03277776390314102	0.04070988669991493	0.04477088153362274	0.03379909321665764	0.01775040477514267	0.03067899495363235	0.1084888726472855	0.1039342805743217	0.03235901519656181	0.02479878440499306	0.08231257647275925	0.02970430254936218	0.03879909962415695	0.04244272410869598	0.04939444735646248	0.0460272915661335	0.04298332333564758	0.04362049698829651	0.03692122176289558	0.04248899966478348	0.01736189052462578	0.04498253017663956	0.01854506693780422	0.04188672825694084	0.0227133221924305	0.03873100131750107	0.02125005051493645	0.03080369904637337	0.03405216708779335	0.01790375448763371	0.04155082255601883	0.03935311362147331	0.03261381015181541	0.05330640077590942	0.02614085748791695	0.03279681131243706	0.03286702930927277	0.03819321468472481	0.03297397494316101	0.04280870407819748	0.04086047783493996	0.04040864482522011	0.03904183954000473	0.03961936011910439	0.01997695304453373	0.02508740127086639	0.04124699905514717	0.02248883433640003	0.03600149601697922	0.03921504318714142	0.03091281466186047	0.02901384793221951	0.02801351808011532	0.01196473743766546	0.01320070866495371	0.01624973863363266	0.02149402350187302	0.01703137718141079	0.02114241197705269	0.0237794853746891	0.03638866171240807	0.02506382204592228	0.02339780516922474	0.03307187557220459	0.03214065358042717	0.01693010702729225	0.02485898323357105	0.01665129140019417	0.03254074230790138	0.02204656973481178	0.01317212264984846	0.03508969768881798	0.02960615791380405	0.04325053468346596	0.02849330939352512	0.03612510114908218	0.01562781631946564	0.02215944416821003	0.1277451664209366	0.1352287977933884	0.03355075418949127	0.02269925177097321	0.0486258789896965	0.1147210747003555	0.01441014837473631	0.02051235735416412	0.01876956038177013	0.02410417795181274	0.008698088116943836	0.01888956688344479	0.08672230690717697	0.02528989501297474	0.03600249439477921	0.007767799310386181	0.08485458046197891	0.02107824198901653	0.1199304312467575	0.01352211646735668	0.0301097072660923	0.0154063431546092	0.01785164140164852	0.1341889500617981
S2014m_E5-3-B-M	0.07679487019777298	0.08139465004205704	0.05652066320180893	0.07723098248243332	0.05517444387078285	0.04687070474028587	0.0557313896715641	0.08395171910524368	0.0574878491461277	0.07530742138624191	0.08492209017276764	0.008561480790376663	0.04640313237905502	0.04162943735718727	0.04537547379732132	0.04604144394397736	0.05291597172617912	0.04207951948046684	0.03600004315376282	0.004567711614072323	0.03162356466054916	0.04050757363438606	0.0196013730019331	0.001382994349114597	0.04286624491214752	0.02992879599332809	0.02807727642357349	0.01691542379558086	0.03580846637487411	0.03450952470302582	0.04250254854559898	0.04829767718911171	0.05027167499065399	0.04722124710679054	0.004672393202781677	0.004192312713712454	0.004419206641614437	0.02126792818307877	0.004087630659341812	0.03290382772684097	0.04194794595241547	0.04161068797111511	0.03047951124608517	0.0446777306497097	0.04930811002850533	0.05039422959089279	0.03134700283408165	0.01137411873787642	0.02049962989985943	0.004273317288607359	0.03869042545557022	0.01659203693270683	0.05034672096371651	0.05647885054349899	0.03961863368749619	0	0.03520577400922775	0.02973161824047565	0.005363890435546637	0.01907987892627716	0.03556251153349876	0.005066880024969578	0.0413663387298584	0.002457249443978071	0.03563959151506424	0.02499608136713505	0.04018260911107063	0.04154284298419952	0.03083611652255058	0.04056378826498985	0.01772530935704708	0.04722993448376656	0.02292053960263729	0.04637264087796211	0.04064269363880157	0.005363890435546637	0.03619901090860367	0.01383639220148325	0.03233163803815842	0.03899266198277473	0.04627783969044685	0.04401934891939163	0.005051062908023596	0.03101460449397564	0.0420793779194355	0.03965408354997635	0.02160900831222534	0.0227169506251812	0.022154675796628	0.01920425146818161	0.02191798202693462	0.05354900658130646	0.04894871264696121	0.05195692554116249	0.005152240861207247	0.01844642870128155	0.03483805432915688	0.04060971736907959	0.1055356562137604	0.1060339659452438	0.05692432448267937	0.03061999939382076	0.08920621871948242	0.05150502547621727	0.02619200386106968	0.01008821185678244	0.04170027375221252	0.04515386372804642	0.004690692760050297	0.005327865481376648	0.006301633082330227	0.003394146915525198	0.03425220400094986	0.005363890435546637	0.03582584112882614	0.002931097289547324	0.02298860624432564	0.04138480499386787	0.04327558726072311	0.0330587700009346	0.02343073673546314	0.03578804433345795	0.01186822075396776	0.02271558530628681	0.009592707268893719	0.01582038402557373	0.02470494247972965	0.02456681989133358	0.02137457020580769	0.005327231716364622	0.01693043112754822	0.005179077852517366	0.002881705760955811	0.004389673471450806	0.003558370983228087	0.02350561693310738	0.03155805915594101	0.02899748273193836	0.002624949440360069	0.04442984238266945	0.02249235101044178	0.001882433542050421	0.03252281993627548	0.04078107699751854	0.03094857186079025	0.0434039905667305	0.04066199064254761	0.04044988751411438	0.02447196468710899	0.03739764168858528	0.02564649842679501	0.03693044558167458	0.0179734006524086	0.02411883696913719	0.03120032697916031	0.0518641397356987	0.02885689400136471	0.04925179854035378	0.03852615877985954	0.03244701027870178	0.01600904576480389	0.03074760362505913	0.03667901828885078	0.05058634281158447	0.02728806436061859	0.004957903642207384	0.04174063354730606	0.05999965965747833	0.05150911957025528	0.04889775812625885	0.1265043020248413	0.1314055025577545	0.05652066320180893	0.05241237953305244	0.0769413560628891	0.1151947602629662	0.04966515675187111	0.0450676791369915	0.04816142469644547	0.05681263655424118	0.03820149973034859	0.04761842638254166	0.09981003403663635	0.05361490324139595	0.06764655560255051	0.04239613935351372	0.09834035485982895	0.0537630133330822	0.1221417784690857	0.04901255667209625	0.05503534153103828	0.04821178317070007	0.04814411699771881	0.1316916793584824
S2014m_E5-3-C-M	0.06274361163377762	0.06026467308402061	0.04317823797464371	0.05173428729176521	0.03211814910173416	0.02013580501079559	0.02852119319140911	0.06361492723226547	0.04367012530565262	0.06132334843277931	0.07196131348609924	0.03240612521767616	0.02315912581980228	0.01509651262313128	0.02367446385324001	0.02990687265992165	0.02969248779118061	0.03019796498119831	0.01876167394220829	0.03977347910404205	0.009288215078413486	0.01185909658670425	0.01797709614038467	0.03658876568078995	0.01631029136478901	0.01569561474025249	0.0233021080493927	0.02869735658168793	0.02208427153527737	0.01298286113888025	0.02668051235377789	0.03425877168774605	0.03587285056710243	0.03111456520855427	0.03987816348671913	0.03939808160066605	0.0389619767665863	0.0169839896261692	0.03929340094327927	0.01632317155599594	0.01472592819482088	0.01902969367802143	0.01665523089468479	0.02564709633588791	0.02076020091772079	0.02317220903933048	0.02684294246137142	0.03233871608972549	0.02994404546916485	0.03686016425490379	0.02454662881791592	0.02987651154398918	0.02264940552413464	0.03155743330717087	0.01098758913576603	0.03520577400922775	0	0.02830128744244576	0.04056965932250023	0.03140433505177498	0.02966293878853321	0.03894664347171783	0.01622704416513443	0.03595381230115891	0.01054850965738297	0.01860350556671619	0.01510607078671455	0.02613226324319839	0.03015065379440784	0.03335475921630859	0.01894600689411163	0.02265992574393749	0.01668180897831917	0.02283696457743645	0.01408367790281773	0.04056965932250023	0.022656274959445	0.02136937715113163	0.02906844206154346	0.029095109552145	0.03187901899218559	0.02077535167336464	0.03435878083109856	0.02111457474529743	0.02573575265705585	0.01599125377833843	0.03416847810149193	0.0337112657725811	0.03556806966662407	0.03451845422387123	0.03608424589037895	0.04292570054531097	0.03400910645723343	0.04057099670171738	0.04035801067948341	0.0336790457367897	0.01987365260720253	0.03365102037787437	0.1079227402806282	0.1032036766409874	0.04176889359951019	0.02699568681418896	0.08274857699871063	0.03720018267631531	0.03414858877658844	0.03802985697984695	0.04788348451256752	0.04546159878373146	0.03857045993208885	0.03920762985944748	0.03165443614125252	0.03807613253593445	0.008924574591219425	0.04056965932250023	0.01554331928491592	0.03747386112809181	0.02301082760095596	0.03238049149513245	0.02727658487856388	0.03139547631144524	0.03220310807228088	0.02118952944874763	0.03690031915903091	0.03536755219101906	0.02820093743503094	0.04865588992834091	0.02613331191241741	0.03227376192808151	0.03316455706954002	0.03378034755587578	0.03118468262255192	0.03839584067463875	0.03655222058296204	0.03599578142166138	0.0346289724111557	0.03539614379405975	0.01610549725592136	0.02224257960915565	0.03683413192629814	0.02697280049324036	0.03457973897457123	0.03480218350887299	0.03216956555843353	0.03261635825037956	0.03119752928614616	0.01618197374045849	0.01163323409855366	0.01477156579494476	0.02039617672562599	0.01381150633096695	0.01534381415694952	0.02568173594772816	0.0343901626765728	0.02515209652483463	0.02540453337132931	0.0380345992743969	0.03275205194950104	0.0257022138684988	0.02761285565793514	0.01389983762055635	0.0281278733164072	0.02213484607636929	0.008990203030407429	0.0401981994509697	0.03021755255758762	0.03883767127990723	0.03211669996380806	0.04617011919617653	0.02428710088133812	0.02579446882009506	0.1273860931396484	0.1348697245121002	0.04317823797464371	0.02596481889486313	0.05095754563808441	0.1143619939684868	0.02265190146863461	0.01857545785605907	0.02240458689630032	0.0300898551940918	0.008640841580927372	0.02252459339797497	0.08636322617530823	0.03509726747870445	0.04367391020059586	0.01687350682914257	0.08438661694526672	0.0270564891397953	0.1207581907510757	0.02250359393656254	0.04015472903847694	0.02545136399567127	0.0214866641908884	0.1338298618793488
S2014m_E7-1-A-M	0.05356844142079353	0.07886524498462677	0.02929371036589146	0.07016818970441818	0.05226556584239006	0.03980792313814163	0.04095420986413956	0.08243062347173691	0.03026089072227478	0.05243223533034325	0.06758733838796616	0.02304765582084656	0.04283123463392258	0.02350666001439095	0.01964440383017063	0.02204544469714165	0.0259273573756218	0.04189776629209518	0.02165744081139565	0.03155633807182312	0.02281610481441021	0.03759869188070297	0.01630564779043198	0.03026865236461163	0.02048490382730961	0.01567880064249039	0.01271975319832563	0.01905916444957256	0.01007520034909248	0.01966656744480133	0.01382027752697468	0.02172605320811272	0.02106181532144547	0.01780288480222225	0.0316610224545002	0.03118094056844711	0.03074482828378677	0.01666704006493092	0.03107625618577003	0.01669095084071159	0.02445298247039318	0.03870180249214172	0.02690762095153332	0.01768910698592663	0.03603717684745789	0.02717824280261993	0.008105491288006306	0.01898984611034393	0.009441357105970383	0.02864301577210426	0.01374963670969009	0.01313958596438169	0.04080779477953911	0.0502549484372139	0.02704446017742157	0.02973161824047565	0.02830128744244576	0	0.0323525182902813	0.01191613078117371	0.006806351244449615	0.0307294987142086	0.03625993803143501	0.02963370084762573	0.02857685089111328	0.03114332631230354	0.03469130024313927	0.0145542211830616	0.003633922897279263	0.01380139403045177	0.02633659914135933	0.04233204200863838	0.01544142793864012	0.04280075803399086	0.03375579044222832	0.0323525182902813	0.009204568341374397	0.02326973713934422	0.004430761095136404	0.009469542652368546	0.01696322672069073	0.04044746235013008	0.02582938969135284	0.01578956469893456	0.03046104870736599	0.03039607964456081	0.03406938537955284	0.03332753106951714	0.03503803536295891	0.03089737519621849	0.022063123062253	0.03273478522896767	0.03050959669053555	0.03800384327769279	0.03214086964726448	0.01851733401417732	0.01849550381302834	0.01328710187226534	0.111017107963562	0.1128397062420845	0.02719271555542946	0.005601774901151657	0.08555638045072556	0.02288650348782539	0.03059390187263489	0.02981271594762802	0.037282545119524	0.03729618713259697	0.02993631549179554	0.03057348355650902	0.02670669369399548	0.02985898777842522	0.0298879686743021	0.0323525182902813	0.02984794229269028	0.02968056313693523	0.01355430763214827	0.04107392579317093	0.0166980866342783	0.02240518294274807	0.03083308786153793	0.01700081862509251	0.03400871530175209	0.03465218096971512	0.02651658467948437	0.04091404750943184	0.02394699305295944	0.02957773394882679	0.01678136177361012	0.02556918002665043	0.02162884920835495	0.02976169437170029	0.0283350758254528	0.02785477787256241	0.02746715024113655	0.03491843119263649	0.02754768170416355	0.02829425595700741	0.02981861494481564	0.01744122803211212	0.03320972248911858	0.0282744225114584	0.0218021422624588	0.01895385980606079	0.02299637906253338	0.02549203298985958	0.0320320762693882	0.03181997686624527	0.01948150433599949	0.03075674176216125	0.0231297817081213	0.01329527050256729	0.02674102410674095	0.01536416076123714	0.02047422342002392	0.02213253080844879	0.008449644781649113	0.02310154214501381	0.01531016826629639	0.02315408922731876	0.0273385513573885	0.01868392713367939	0.02647280320525169	0.02106410264968872	0.01110562961548567	0.03020352125167847	0.01390178222209215	0.03026805631816387	0.02703558467328548	0.04598887637257576	0.1300663203001022	0.1375499814748764	0.02929371036589146	0.04625807330012321	0.06607642769813538	0.1221009790897369	0.0298622939735651	0.03685476630926132	0.04207669943571091	0.04657077044248581	0.03162673860788345	0.04219670593738556	0.1004256382584572	0.02725204452872276	0.04624317586421967	0.02478818036615849	0.1009826734662056	0.04376672208309174	0.1222516149282455	0.02286011166870594	0.02804672531783581	0.02164015732705593	0.04139643162488937	0.1365101486444473
S2014m_E7-1-B-F	0.08215875178575516	0.08675854653120041	0.05787687003612518	0.08259487152099609	0.06053832545876503	0.05223459005355835	0.06109527871012688	0.08931560814380646	0.0601087398827076	0.08067131042480469	0.08976217359304428	0.01244706846773624	0.0517670139670372	0.04699332639575005	0.05073936656117439	0.05140534043312073	0.05827986821532249	0.04744341224431992	0.03967230394482613	0.0007961790543049574	0.03698745369911194	0.04587146267294884	0.02496526576578617	0.003980896901339293	0.0482301339507103	0.03529268875718117	0.03344117105007172	0.02185633592307568	0.04117235541343689	0.03987341374158859	0.04575579240918159	0.05366156622767448	0.05246974155306816	0.04889172315597534	0.0006914971745572984	0.001276183407753706	0.001607688027434051	0.02663181535899639	0.001380865345709026	0.03805835545063019	0.04731183871626854	0.04697457700967789	0.03584339842200279	0.05004162713885307	0.0546719990670681	0.05575811862945557	0.03343649208545685	0.01336267311125994	0.02291116490960121	0.003709501121193171	0.04373609274625778	0.01921293511986732	0.05571061000227928	0.06184274330735207	0.04498253017663956	0.005363890435546637	0.04056965932250023	0.0323525182902813	0	0.02064559422433376	0.03754724189639091	0.001623018062673509	0.04673022404313087	0.005909754429012537	0.04100348055362701	0.03035997413098812	0.04554649442434311	0.0469067357480526	0.03335240483283997	0.04191999882459641	0.02308920212090015	0.05259382352232933	0.02828443050384521	0.05173652619123459	0.04600659012794495	0	0.03945225849747658	0.01920028403401375	0.03368785232305527	0.04034887254238129	0.04773880913853645	0.049383245408535	0.007357987109571695	0.03533167392015457	0.0441688634455204	0.04397115856409073	0.02146387286484241	0.0238523818552494	0.02264897525310516	0.01736418157815933	0.02390667796134949	0.05786608159542084	0.05326578393578529	0.05627400055527687	0.0006429521599784493	0.0200121458619833	0.03915512561798096	0.04269920662045479	0.1048101559281349	0.1113978624343872	0.05891288444399834	0.03270948305726051	0.09457008540630341	0.05286123231053352	0.02901372686028481	0.007715431042015553	0.04347946867346764	0.04734750464558601	0.00241620559245348	0.001884002820588648	0.00891522690653801	0.002924831816926599	0.0390922985970974	0	0.04118973016738892	0.003304297104477882	0.02835249714553356	0.04674869775772095	0.04821223393082619	0.03578015044331551	0.02478694543242455	0.04115193337202072	0.01723211072385311	0.02106128074228764	0.01495659817010164	0.01572723314166069	0.03006883338093758	0.02592302858829498	0.0246278140693903	0.00795238371938467	0.01954750902950764	0.002695233328267932	0.004442301578819752	0.004998029209673405	0.007234593853354454	0.02352548204362392	0.03650322183966637	0.03394264355301857	0.004382481798529625	0.04979373514652252	0.02351511083543301	0.006609721109271049	0.03514371439814568	0.04593560472130775	0.03462480008602142	0.04876788333058357	0.04602587595582008	0.04581377655267715	0.02983585558831692	0.04276153072714806	0.03101039305329323	0.04229433834552765	0.02333729155361652	0.02948272973299026	0.03656421974301338	0.05322035029530525	0.03126842901110649	0.05461568385362625	0.04389004409313202	0.03781089931726456	0.02137293480336666	0.0361114926636219	0.04204290732741356	0.0529978834092617	0.03117365576326847	0.002795947017148137	0.04625429213047028	0.06135586649179459	0.05687300115823746	0.05426164343953133	0.1277989596128464	0.1303330659866333	0.05787687003612518	0.05777626112103462	0.08230525255203247	0.1205586493015289	0.05502904206514359	0.05043157190084457	0.05352530628442764	0.06217652559280396	0.04356539249420166	0.05298230797052383	0.1051739156246185	0.05897879600524902	0.07301044464111328	0.04776003211736679	0.1037042513489723	0.05912689864635468	0.1234980002045631	0.05437644198536873	0.06039922684431076	0.05357566848397255	0.05350800603628159	0.131313145160675
S2014m_E7-1-B-M	0.06339249759912491	0.081919826567173	0.03932012617588043	0.07391667366027832	0.056014034897089	0.04355639964342117	0.0447026863694191	0.08479131758213043	0.04134249314665794	0.06141794100403786	0.07057838886976242	0.01281291618943214	0.04657972231507301	0.02756788954138756	0.0303029865026474	0.0327085554599762	0.0378434881567955	0.0429191030561924	0.02519671246409416	0.02037700638175011	0.02635538019239902	0.04113796353340149	0.01426167692989111	0.01961691118776798	0.02779374644160271	0.0194973312318325	0.01377194933593273	0.009679028764367104	0.0207359679043293	0.02331044338643551	0.02531940490007401	0.03322518244385719	0.03192874789237976	0.02824612706899643	0.02027232386171818	0.01968763768672943	0.01956549659371376	0.0192462969571352	0.01979232020676136	0.02075400575995445	0.02820146083831787	0.04245028644800186	0.03065610490739346	0.02939602173864841	0.04020266234874725	0.03532174602150917	0.01320850849151611	0.007810513954609632	0.003031651955097914	0.01693609729409218	0.02420424669981003	0.002487845253199339	0.04455627873539925	0.05400343239307404	0.03058373741805553	0.01907987892627716	0.03140433505177498	0.01191613078117371	0.02064559422433376	0	0.01690164767205715	0.01902257651090622	0.04021691530942917	0.01898195780813694	0.0321161113679409	0.02690110355615616	0.03843977302312851	0.02626114152371883	0.0130201792344451	0.02169313095510006	0.01856490410864353	0.04608051851391792	0.01524524763226509	0.0465492345392704	0.03750427067279816	0.02064559422433376	0.01901587098836899	0.01261799316853285	0.01346097141504288	0.02012199349701405	0.02740717306733131	0.04419594630599022	0.01507131569087505	0.01932711154222488	0.03304939344525337	0.03414283320307732	0.02856277674436569	0.02782092802226543	0.03037708625197411	0.02570422552525997	0.01173682231456041	0.03742969408631325	0.03349239751696587	0.0392518974840641	0.0204339437186718	0.007445506751537323	0.0218245480209589	0.02205361612141132	0.1085061430931091	0.111383929848671	0.03858125954866409	0.01206388790160418	0.08410060405731201	0.03263435885310173	0.02587723545730114	0.01810579188168049	0.03199875354766846	0.03429685905575752	0.0187509935349226	0.01928356289863586	0.01605495065450668	0.01910248585045338	0.03299664705991745	0.02064559422433376	0.03401342034339905	0.01923732273280621	0.01196184381842613	0.04156139865517616	0.02756664156913757	0.0182381346821785	0.02595269121229649	0.02158547937870026	0.02356547862291336	0.02935477904975414	0.0162921492010355	0.02973471768200397	0.02012177370488644	0.02469733543694019	0.008255826309323311	0.01491571217775345	0.01024030521512032	0.01847177185118198	0.01705114170908928	0.01635636202991009	0.01681541278958321	0.02993925102055073	0.02988378517329693	0.02494963072240353	0.01916687376797199	0.02935735695064068	0.02938450314104557	0.01803968288004398	0.0179769229143858	0.02549922280013561	0.01917116157710552	0.0296575091779232	0.03619755432009697	0.03598545119166374	0.01735551655292511	0.03492221981287003	0.02516009099781513	0.02185795642435551	0.01650627888739109	0.01302436832338572	0.01877985708415508	0.03299347683787346	0.01083204988390207	0.03417931124567986	0.02345367148518562	0.02731957659125328	0.02351333387196064	0.01965313404798508	0.02956256829202175	0.03256150707602501	0.01073727197945118	0.01891360245645046	0.02581791020929813	0.04112900048494339	0.03643663227558136	0.0497373528778553	0.1280829608440399	0.1350390017032623	0.03932012617588043	0.05000654980540276	0.06982491910457611	0.1206451877951622	0.03598443418741226	0.04039403423666954	0.04582517594099045	0.05031924694776535	0.03516601026058197	0.0459451824426651	0.09896986186504364	0.03854241222143173	0.05257407575845718	0.03010801784694195	0.09952689707279205	0.04751520603895187	0.1197406277060509	0.03394006192684174	0.03996285051107407	0.03313928842544556	0.04514490813016891	0.1339991539716721
S2014m_E7-1-C-F	0.05067415907979012	0.08101774752140045	0.02353407070040703	0.07040712237358093	0.05233635753393173	0.03865904733538628	0.03841136395931244	0.08458313345909119	0.02555636502802372	0.05031671747565269	0.06691676378250122	0.02929655276238918	0.04290197417140007	0.02281052246689796	0.01905200071632862	0.01835095882415771	0.02397389709949493	0.04527640342712402	0.02110061421990395	0.03727865591645241	0.02225928008556366	0.03735568001866341	0.02213653735816479	0.03620430082082748	0.02069488167762756	0.02043629065155983	0.01749595813453197	0.02509848773479462	0.009274305775761604	0.01963276602327824	0.01197258103638887	0.01851866766810417	0.01736225746572018	0.01416808180510998	0.03717396780848503	0.03658928722143173	0.03646714240312576	0.02187030017375946	0.03669396787881851	0.01613412611186504	0.0245237834751606	0.03877260163426399	0.0288984514772892	0.01489911787211895	0.0363164097070694	0.02780542150139809	0.009372003376483917	0.02471215836703777	0.01548189669847488	0.03383774682879448	0.01151761692017317	0.01938949152827263	0.04087859764695168	0.05101965740323067	0.02690605260431767	0.03556251153349876	0.02966293878853321	0.006806351244449615	0.03754724189639091	0.01690164767205715	0	0.03592422604560852	0.03633073717355728	0.03556934371590614	0.02714882977306843	0.03441040590405464	0.03458786010742188	0.01186884101480246	0.005840395111590624	0.01576911099255085	0.03216749429702759	0.04240284115076065	0.02064500004053116	0.04287148267030716	0.03382658958435059	0.03754724189639091	0.01018302328884602	0.02910062670707703	0.008265335112810135	0.006497110240161419	0.01294543594121933	0.04051826149225235	0.03165971487760544	0.01502251345664263	0.02867473661899567	0.03025665506720543	0.03649109229445457	0.03574924170970917	0.03820065036416054	0.03352828696370125	0.02747060731053352	0.03481623902916908	0.03224337100982666	0.03973761945962906	0.0373355932533741	0.02144625782966614	0.01783934235572815	0.01125611551105976	0.1125334426760674	0.1149922162294388	0.02513068169355392	0.009471340104937553	0.08770889043807983	0.0204367358237505	0.03557875379920006	0.03500743955373764	0.04244702309370041	0.04013529419898987	0.03544414043426514	0.03597670793533325	0.03285184502601624	0.03600413352251053	0.03104009851813316	0.03754724189639091	0.03012724220752716	0.03582571819424629	0.01948909275233746	0.04629176110029221	0.01478110998868942	0.02545785717666149	0.0336725041270256	0.01983901672065258	0.03983960673213005	0.03728309273719788	0.0323474109172821	0.04663636162877083	0.02742257155478001	0.03241715207695961	0.02313501201570034	0.03150410577654839	0.02630452066659927	0.03516491875052452	0.03395278751850128	0.03304950520396233	0.03350755199790001	0.03786756843328476	0.03081476502120495	0.03166558966040611	0.03596377372741699	0.01650036685168743	0.03710431978106499	0.03431382030248642	0.02569673769176006	0.02277738787233829	0.02650723420083523	0.02577133290469646	0.03231137618422508	0.03209927678108215	0.02552089467644691	0.03103603981435299	0.0291691068559885	0.01471128221601248	0.03278040885925293	0.02012165077030659	0.02394980564713478	0.01954290270805359	0.01487239357084036	0.02216060273349285	0.01860097795724869	0.02439340762794018	0.03081413544714451	0.0221595149487257	0.02804295904934406	0.0198858380317688	0.01656951382756233	0.035606749355793	0.01194825302809477	0.02767843008041382	0.02714012935757637	0.04605967551469803	0.1319360136985779	0.13906629383564	0.02353407070040703	0.04615462943911552	0.06753503531217575	0.124079242348671	0.0273195281624794	0.03661174699664116	0.04179902002215385	0.04664155840873718	0.03159886598587036	0.04191902652382851	0.1018811836838722	0.02226774953305721	0.04627883806824684	0.0248589813709259	0.1031351834535599	0.04314049705862999	0.1221997812390327	0.02237238921225071	0.02609327062964439	0.01912965625524521	0.04146715998649597	0.1380264461040497
S2014m_E7-1-C-M	0.0806749016046524	0.08614711463451385	0.05639303848147392	0.08111102879047394	0.06024131923913956	0.05075075849890709	0.05961143970489502	0.08901860564947128	0.05862490460276604	0.07904829084873199	0.08813916891813278	0.01082405261695385	0.05080700293183327	0.04537030681967735	0.0491163544356823	0.04978232458233833	0.0566568523645401	0.04714639484882355	0.03804928436875343	0.001459182822145522	0.03536443412303925	0.04557445645332336	0.02334224805235863	0.003683885792270303	0.0466071143746376	0.03366967290639877	0.03181815519928932	0.02023331634700298	0.0395493395626545	0.0382503941655159	0.0441327765583992	0.05203855410218239	0.05084672942757607	0.04726870357990265	0.001354500884190202	0.0009791728807613254	0.000647673849016428	0.02500879764556885	0.001083854702301323	0.03671377524733543	0.04568882286548615	0.04667756706476212	0.03488338738679886	0.04841860383749008	0.05304897949099541	0.05413510277867317	0.03181347250938416	0.01173965446650982	0.02128814347088337	0.002364919753745198	0.04211307317018509	0.01758991554379463	0.05408759415149689	0.06021972745656967	0.04335951432585716	0.005066880024969578	0.03894664347171783	0.0307294987142086	0.001623018062673509	0.01902257651090622	0.03592422604560852	0	0.04510720074176788	0.005612743552774191	0.03945005685091019	0.0300629623234272	0.04392347484827042	0.0452837236225605	0.03172938898205757	0.04029698297381401	0.02279218845069408	0.05097080394625664	0.02666141092777252	0.05077651888132095	0.04438357055187225	0.001623018062673509	0.03782924264669418	0.0175772663205862	0.03206483647227287	0.03872585296630859	0.04611579328775406	0.04842322319746017	0.005734969861805439	0.03370865806937218	0.04254584759473801	0.04234813898801804	0.02116686478257179	0.02222936600446701	0.02235196344554424	0.0169368814677	0.02228366024792194	0.05624306201934814	0.0516427718102932	0.05465097725391388	0.001411368139088154	0.0183891300112009	0.03753210231661797	0.04107619076967239	0.1041970998048782	0.1111008673906326	0.05728986486792564	0.03108646720647812	0.09322550147771835	0.05123821645975113	0.02871671691536903	0.008483846671879292	0.04185645282268524	0.04572448879480362	0.0007931881700642407	0.0002609854564070702	0.007570646703243256	0.002104036277160048	0.03774771839380264	0.001623018062673509	0.03956671431660652	0.002344283508136868	0.02672947943210602	0.04578868299722672	0.0465892106294632	0.03415713459253311	0.02316392958164215	0.03952891752123833	0.01627209596335888	0.02058743685483932	0.01465958822518587	0.01577717438340187	0.02844581753015518	0.02430001087486744	0.0230047944933176	0.006329365074634552	0.01792449131608009	0.00107221573125571	0.002819283399730921	0.003375011496245861	0.0058900136500597	0.02218090184032917	0.03515864163637161	0.03231962770223618	0.004085470922291279	0.04817071929574013	0.02189209498465061	0.004986704792827368	0.03352069854736328	0.04431258887052536	0.03300178050994873	0.04714486747980118	0.04440286010503769	0.04419076070189476	0.02821283601224422	0.04113851115107536	0.02938737347722054	0.04067131504416466	0.02171427197754383	0.02785971015691757	0.03494120389223099	0.05159733444452286	0.02964540757238865	0.05299266800284386	0.04226703196763992	0.03618788346648216	0.01974991895258427	0.03448847681283951	0.04041989147663116	0.05137486383318901	0.02955063804984093	0.001172929769381881	0.04463127255439758	0.05973285809159279	0.05524999275803566	0.05396463349461555	0.1261759549379349	0.1307299733161926	0.05639303848147392	0.05615324899554253	0.08068223297595978	0.11966822296381	0.05340602621436119	0.04880855232477188	0.05190229043364525	0.0608319491147995	0.04194237664341927	0.05135929957032204	0.1036900877952576	0.05735577642917633	0.07138741761445999	0.0461370162665844	0.1034072488546371	0.05750388279557228	0.1220141500234604	0.05275342613458633	0.05877621844410896	0.05195265263319016	0.05188498646020889	0.1296901106834412
S2014m_E7-2-A-F	0.06896524876356125	0.05877458304166794	0.04629437997937202	0.05302197486162186	0.01722185686230659	0.00755660142749548	0.02421903423964977	0.06297231465578079	0.0472615621984005	0.06825362145900726	0.07968204468488693	0.04101020097732544	0.007787540089339018	0.01656137034296989	0.03227544948458672	0.03288409486413002	0.03553025051951408	0.03428361937403679	0.02164359763264656	0.0459340438246727	0.01581505872309208	0.009298821911215782	0.02770452946424484	0.04274932667613029	0.01780164614319801	0.0243389829993248	0.03391101211309433	0.03842508792877197	0.02809999883174896	0.01690647751092911	0.03321339190006256	0.03765326738357544	0.03905169293284416	0.03600840643048286	0.04603872820734978	0.04555864632129669	0.04512253403663635	0.02285351045429707	0.04545395821332932	0.02113659493625164	0.01297845505177975	0.004512705840170383	0.01088682655245066	0.0281861312687397	0.0110550494864583	0.02162632346153259	0.03481745719909668	0.04115129262208939	0.03875662386417389	0.04406829550862312	0.02922302111983299	0.03868908807635307	0.01103747170418501	0.03011971153318882	0.01660755462944508	0.0413663387298584	0.01622704416513443	0.03625993803143501	0.04673022404313087	0.04021691530942917	0.03633073717355728	0.04510720074176788	0	0.04146742448210716	0.01145379990339279	0.02327108941972256	0.002479780931025743	0.03108807653188705	0.03832444548606873	0.04002998024225235	0.02364102564752102	0.007288337685167789	0.02549438737332821	0.007465375121682882	0.003142936620861292	0.04673022404313087	0.03257245942950249	0.02951895259320736	0.03928304836153984	0.037088792771101	0.03612811118364334	0.005403760820627213	0.04229985550045967	0.02778237499296665	0.02703568339347839	0.01294161938130856	0.03868483006954193	0.03794297575950623	0.03979977965354919	0.03992781043052673	0.0445166677236557	0.05135812237858772	0.04179243743419647	0.04878461733460426	0.04608727246522903	0.04149699211120605	0.02706781588494778	0.04020791873335838	0.1136908307671547	0.1079107001423836	0.04563381522893906	0.03484960645437241	0.09019766747951508	0.04077048227190971	0.04013749584555626	0.04354346916079521	0.05816715955734253	0.05430814996361732	0.04452251642942429	0.04515969008207321	0.04009213671088219	0.04380539059638977	0.01647060364484787	0.04673022404313087	0.007041528820991516	0.04342592507600784	0.03096795082092285	0.03713294491171837	0.03045857511460781	0.03940059989690781	0.03887832909822464	0.0270041860640049	0.04311202839016914	0.04069150611758232	0.03371455520391464	0.05464479327201843	0.03366313874721527	0.03894897922873497	0.04135933518409729	0.04129011556506157	0.04004125669598579	0.04434789717197418	0.04260175675153732	0.04305820539593697	0.04014258459210396	0.04095775634050369	0.01951147243380547	0.02894047275185585	0.0423477403819561	0.03170431032776833	0.03860294446349144	0.04075424373149872	0.03927209228277206	0.03929157927632332	0.03787275403738022	0.01590091362595558	0.008496684953570366	0.007391928695142269	0.02835330180823803	0.00870135985314846	0.0161410216242075	0.03234800323843956	0.04303823783993721	0.03339385986328125	0.03207975253462791	0.04250249266624451	0.04070917144417763	0.02867256104946136	0.03342750668525696	0.01478620991110802	0.033432986587286	0.03009197115898132	0.02299615368247032	0.04560506343841553	0.03817467391490936	0.04414277523756027	0.03770878538489342	0.04935611039400101	0.02442037686705589	0.01066052727401257	0.1333334743976593	0.1397923976182938	0.04629437997937202	0.01232494600117207	0.05568530037999153	0.1197159588336945	0.01857637241482735	0.0160096250474453	0.008219826966524124	0.02234744839370251	0.01598580367863178	0.007746417541056871	0.0923105925321579	0.0389670617878437	0.04867367073893547	0.0178615003824234	0.08911251276731491	0.02803102135658264	0.1284858137369156	0.02540335059165955	0.04334072396159172	0.02884585410356522	0.008202520199120045	0.139183834195137
S2014m_E7-2-A-M	0.07754290848970413	0.08214268833398819	0.05642274767160416	0.07797903567552567	0.0559224858880043	0.04761874675750732	0.05647943168878555	0.08469976484775543	0.05738993361592293	0.07605545967817307	0.08545447885990143	0.00846356526017189	0.04715117067098618	0.04173052683472633	0.04612351581454277	0.04678948968648911	0.05366401746869087	0.04282756149768829	0.03611163422465324	0.005113574676215649	0.03237160667777061	0.04125561565160751	0.02034941501915455	0.001928857527673244	0.04275168105959892	0.03002988919615746	0.028178371489048	0.01616223156452179	0.03655651211738586	0.03525756672024727	0.04240462929010391	0.04904571920633316	0.04995810985565186	0.04712332785129547	0.00521825673058629	0.00473817577585578	0.00496507016941905	0.02201596647500992	0.004633493721485138	0.03365187346935272	0.04269598796963692	0.04235872998833656	0.03122755140066147	0.04477882012724876	0.05005615204572678	0.05114227533340454	0.03145859390497208	0.01127620041370392	0.02040171064436436	0.004819180816411972	0.03912024199962616	0.01649411953985691	0.05109476670622826	0.05722689628601074	0.04036667943000793	0.002457249443978071	0.03595381230115891	0.02963370084762573	0.005909754429012537	0.01898195780813694	0.03556934371590614	0.005612743552774191	0.04146742448210716	0	0.03552503511309624	0.02445022016763687	0.04006804525852203	0.04185958206653595	0.03073819726705551	0.0391719676554203	0.01847335137426853	0.04797797650098801	0.02366858348250389	0.04712068662047386	0.04139073938131332	0.005909754429012537	0.03566979616880417	0.01458443608134985	0.03223372623324394	0.03889474645256996	0.04617992043495178	0.04476739838719368	0.005807748530060053	0.03176264464855194	0.04219096526503563	0.0404021292924881	0.01915175840258598	0.02089484035968781	0.01969742588698864	0.01674700155854225	0.02052615582942963	0.05321879684925079	0.04840284585952759	0.05141106247901917	0.005266801919788122	0.01705460250377655	0.03472349047660828	0.04072130843997002	0.1047438383102417	0.1059193983674049	0.05596380308270454	0.03073158673942089	0.08995427191257477	0.05097581073641777	0.0252189002931118	0.007630962878465652	0.0407397523522377	0.04376203939318657	0.00523655628785491	0.005873728543519974	0.005773433018475771	0.00350870774127543	0.03500024974346161	0.005909754429012537	0.03657388687133789	0.00347696035169065	0.02308970130980015	0.04213285073637962	0.04316508024930954	0.03166694566607475	0.02203891240060329	0.03524218127131462	0.01240061316639185	0.02025833912193775	0.009046844206750393	0.01438161358237267	0.02415907941758633	0.02317499555647373	0.01998274959623814	0.004798013716936111	0.01661072298884392	0.00572494138032198	0.003744631307199597	0.005037457216531038	0.002166548045352101	0.02104836888611317	0.03101219609379768	0.02845161966979504	0.002096557058393955	0.0451778843998909	0.02003510110080242	0.003275778377428651	0.03113099560141563	0.04023521766066551	0.0295567512512207	0.04415203258395195	0.04076307639479637	0.04098228365182877	0.02392609976232052	0.03685177490115166	0.02639454416930676	0.03638458251953125	0.01829013973474503	0.02357297763228416	0.03065446764230728	0.05176622420549393	0.02789637446403503	0.04978418722748756	0.03798029571771622	0.03319504857063293	0.01546318270266056	0.0302017368376255	0.03699575364589691	0.04919452220201492	0.02589624002575874	0.004856814164668322	0.04206142947077751	0.05990174040198326	0.05225716158747673	0.0496458001434803	0.1257124990224838	0.1301823854446411	0.05642274767160416	0.05316042527556419	0.07768940925598145	0.1159427911043167	0.05041319876909256	0.04581571742892265	0.04890946671366692	0.05756067857146263	0.03894954174757004	0.04836647212505341	0.1005580648779869	0.0543629452586174	0.06839460134506226	0.04314418509602547	0.0990883931517601	0.05451105535030365	0.1220438554883003	0.0497605949640274	0.05578338354825974	0.04895982891321182	0.04889216274023056	0.1308998614549637
S2014m_E7-2-B-F	0.06147515401244164	0.06026322022080421	0.03941487520933151	0.05028021335601807	0.02775869332253933	0.01449949014931917	0.02419820427894592	0.0639333575963974	0.04038206115365028	0.06119437143206596	0.07233115285634995	0.03332711011171341	0.01832437701523304	0.01064503565430641	0.02554469183087349	0.02600357308983803	0.02986962161958218	0.03176411241292953	0.01519309263676405	0.04020730406045914	0.007655913010239601	0.01460390724241734	0.02045230753719807	0.03702258691191673	0.01252909190952778	0.01665589027106762	0.02560060285031796	0.03052634187042713	0.02020840346813202	0.01102064084261656	0.02684379182755947	0.03091293573379517	0.03263655677437782	0.03018514066934586	0.04031198471784592	0.03972730040550232	0.03939579427242279	0.0145804388448596	0.03962261974811554	0.01237327046692371	0.01153062377125025	0.01419494114816189	0.01412912551313639	0.02225825190544128	0.01773850247263908	0.02018641494214535	0.02511292323470116	0.03325969725847244	0.03086502850055695	0.03729398176074028	0.02208086289465427	0.03079749457538128	0.01877710968255997	0.03076128475368023	0.01109849195927382	0.03563959151506424	0.01054850965738297	0.02857685089111328	0.04100348055362701	0.0321161113679409	0.02714882977306843	0.03945005685091019	0.01145379990339279	0.03552503511309624	0	0.01732869818806648	0.009286768734455109	0.02387749031186104	0.02966555953025818	0.03298583999276161	0.0189694669097662	0.01796435378491879	0.01697547547519207	0.01829388737678528	0.01002416759729385	0.04100348055362701	0.02525015361607075	0.02215114608407021	0.03147229179739952	0.02980075217783451	0.02910246700048447	0.01594059728085995	0.03503593802452087	0.01821639761328697	0.01903963275253773	0.01289998553693295	0.0339571125805378	0.03328485041856766	0.03471198678016663	0.03408967331051826	0.03640871867537498	0.04345937445759773	0.03368519619107246	0.04053788632154465	0.04036052897572517	0.03251785039901733	0.01879727095365524	0.03137453272938728	0.1093759760260582	0.1033801957964897	0.03975753858685493	0.02601618319749832	0.08378768712282181	0.03476953878998756	0.03419510647654533	0.03760107234120369	0.04981569573283195	0.04640941321849823	0.03907386586070061	0.03971103578805923	0.03493468090891838	0.03807865083217621	0.01511862967163324	0.04100348055362701	0.01162086427211761	0.0379076860845089	0.02346489764750004	0.03319747373461723	0.02312149479985237	0.0313972495496273	0.0318341888487339	0.01985543966293335	0.0375937856733799	0.03474912047386169	0.02777216583490372	0.04891805350780487	0.02576439268887043	0.03190483897924423	0.0334605909883976	0.03413081169128418	0.03120822086930275	0.03896883502602577	0.03673537448048592	0.03677694872021675	0.03420019522309303	0.03501536324620247	0.01612748764455318	0.02221602387726307	0.03719028830528259	0.02455393224954605	0.03379324451088905	0.03530559316277504	0.03208529576659203	0.03224743157625198	0.03065437264740467	0.01298667024821043	0.01014965586364269	0.01005128212273121	0.02073919959366322	0.0100178150460124	0.01551596447825432	0.02501855045557022	0.03535513579845428	0.02606440149247646	0.02503561414778233	0.0359872579574585	0.03281043097376823	0.02298167534172535	0.02638336643576622	0.01237902324646711	0.0277686882764101	0.02219322696328163	0.01588234305381775	0.03856093063950539	0.03027593158185482	0.03869412839412689	0.03002569451928139	0.04369547218084335	0.02140605077147484	0.02148200385272503	0.1283901482820511	0.1354775279760361	0.03941487520933151	0.02178573049604893	0.05131595209240913	0.1152268648147583	0.01816713437438011	0.01534251030534506	0.01736053638160229	0.02604465372860432	0.01193541847169399	0.01741095259785652	0.08670538663864136	0.03222673013806343	0.04201970994472504	0.01328227669000626	0.08479765802621841	0.02349868044257164	0.1209957376122475	0.0199570432305336	0.03768008574843407	0.0229199193418026	0.01716792024672031	0.1349385678768158
S2014m_E7-2-B-M	0.06883172690868378	0.06394635885953903	0.05024094879627228	0.05978269502520561	0.03772615268826485	0.02942240983247757	0.0382830984890461	0.06650342047214508	0.05120813474059105	0.06819024682044983	0.07663474231958389	0.02683746069669724	0.02895483374595642	0.02396149188280106	0.03488281741738319	0.03756219148635864	0.03989408910274506	0.03061344288289547	0.02793951705098152	0.02956379577517509	0.0180209819227457	0.02305928245186806	0.01915395073592663	0.02637907676398754	0.02455534599721432	0.01887541636824608	0.02599421888589859	0.02382104098796844	0.02810201980173588	0.02090694010257721	0.03622283041477203	0.0418085940182209	0.04377630725502968	0.04094152897596359	0.02966848015785217	0.02918839640915394	0.02941529080271721	0.01825272478163242	0.02908371388912201	0.02284286543726921	0.02449965476989746	0.02416239678859711	0.01901343464851379	0.03311925008893013	0.03185981884598732	0.03294594213366508	0.03074353747069836	0.02677005156874657	0.02703895047307014	0.02926939912140369	0.0325237512588501	0.02484056353569031	0.0328984297811985	0.03945785760879517	0.02237970568239689	0.02499608136713505	0.01860350556671619	0.03114332631230354	0.03035997413098812	0.02690110355615616	0.03441040590405464	0.0300629623234272	0.02327108941972256	0.02445022016763687	0.01732869818806648	0	0.02187171019613743	0.03420358896255493	0.0326751247048378	0.02889279462397099	0.01309605874121189	0.0297816377133131	0.01803842186927795	0.02892434410750866	0.02362170442938805	0.03035997413098812	0.0311971977353096	0.01513771153986454	0.03374334797263145	0.03655864670872688	0.0399981252849102	0.02657105773687363	0.02812711521983147	0.02649055793881416	0.03401884809136391	0.02618370950222015	0.01683762855827808	0.01794556900858879	0.01738329418003559	0.01742397993803024	0.02969697676599026	0.046626977622509	0.03649833053350449	0.04055151343345642	0.02971702255308628	0.02646164782345295	0.02645200490951538	0.03871605172753334	0.1051541045308113	0.09849531948566437	0.04978200420737267	0.02973331324756145	0.08256930857896805	0.04479400813579559	0.02235378138720989	0.02264454215764999	0.04534638300538063	0.03894403204321861	0.02968677319586277	0.0303239468485117	0.02533873915672302	0.02795892767608166	0.02093084529042244	0.03035997413098812	0.02179595641791821	0.02792717888951302	0.0221918448805809	0.03120063804090023	0.03467975184321404	0.019878214225173	0.01865935325622559	0.01960881985723972	0.02761327661573887	0.0179442036896944	0.01540344581007957	0.03827454522252083	0.01258955989032984	0.01873000711202621	0.0265396386384964	0.02711737900972366	0.02566001377999783	0.03017515875399113	0.02766213938593864	0.02917010709643364	0.02469673566520214	0.01873423717916012	0.01291205268353224	0.01116414647549391	0.0265467781573534	0.03457839787006378	0.01772096939384937	0.02591849863529205	0.01891045644879341	0.02782449498772621	0.01765377633273602	0.02595569938421249	0.02256674133241177	0.02406784892082214	0.01786481775343418	0.01779283583164215	0.01674423739314079	0.02917135506868362	0.02886548824608326	0.01996909640729427	0.01570401340723038	0.04601171985268593	0.0311152059584856	0.03472831100225449	0.02624779008328915	0.02055363543331623	0.01169640850275755	0.0196225643157959	0.02155548147857189	0.04020926356315613	0.02504170499742031	0.02930703386664391	0.03845202177762985	0.05371993780136108	0.03406082466244698	0.03144946321845055	0.1261227428913116	0.1305926293134689	0.05024094879627228	0.03496408835053444	0.05949306488037109	0.1111096292734146	0.03221686184406281	0.02890129014849663	0.03071312792599201	0.03936434537172318	0.02117619290947914	0.0301701296120882	0.08489111810922623	0.04312238842248917	0.05083062872290611	0.02494784630835056	0.08089206367731094	0.0363147184252739	0.1210663095116615	0.031669020652771	0.0477045476436615	0.03329286351799965	0.03069582208991051	0.1313101053237915
S2014m_E7-2-C-M	0.06781268119812012	0.05838968604803085	0.04562058672308922	0.05186942219734192	0.01920849084854126	0.008356859907507896	0.02354523353278637	0.0625874251127243	0.04658777266740799	0.06724689900875092	0.07852949202060699	0.0394415594637394	0.009774177335202694	0.01481848768889904	0.03118873573839664	0.03241880610585213	0.03523920103907585	0.03307178989052773	0.02142868563532829	0.04475031793117523	0.01432256121188402	0.009462181478738785	0.02614285424351692	0.04156560450792313	0.01708644069731236	0.02277034148573875	0.03216813504695892	0.03664079681038857	0.02632285468280315	0.0151293333619833	0.03235603496432304	0.03697947040200233	0.03866254165768623	0.03582775592803955	0.04485499858856201	0.04437491670250893	0.04393880814313889	0.02107637003064156	0.04427023231983185	0.01942908018827438	0.0120515963062644	0.006072043441236019	0.009703099727630615	0.02800548262894154	0.01118272077292204	0.02133526839315891	0.03286607936024666	0.03937415033578873	0.03697948157787323	0.04236078262329102	0.02829615771770477	0.03691194951534271	0.01148559805005789	0.02871409058570862	0.01639264076948166	0.04018260911107063	0.01510607078671455	0.03469130024313927	0.04554649442434311	0.03843977302312851	0.03458786010742188	0.04392347484827042	0.002479780931025743	0.04006804525852203	0.009286768734455109	0.02187171019613743	0	0.02994740940630436	0.03658157214522362	0.03867298737168312	0.0224572978913784	0.009274977259337902	0.02354300767183304	0.009597852826118469	0.002948925131931901	0.04554649442434311	0.03107996471226215	0.0277418103069067	0.03782481327652931	0.03563056513667107	0.03531166166067123	0.007390400394797325	0.04073121398687363	0.02621373534202576	0.0264661367982626	0.0122232623398304	0.03799739480018616	0.03725554049015045	0.03882770240306854	0.03863268345594406	0.04273237287998199	0.04957383126020432	0.03979965299367905	0.04679182544350624	0.04490354657173157	0.03953846544027328	0.02546391822397709	0.03853503242135048	0.113305926322937	0.1073101311922073	0.04512711614370346	0.03317687660455704	0.08928899466991425	0.04013911634683609	0.03873811662197113	0.04214408993721008	0.0561043918132782	0.05252386257052422	0.04354729503393173	0.04418446123600006	0.0391930490732193	0.0426216684281826	0.01557151786983013	0.04554649442434311	0.005472888704389334	0.04245069995522499	0.02939930744469166	0.03615771234035492	0.02956598065793514	0.0376163087785244	0.03752133250236511	0.02564719505608082	0.04213679954409599	0.03929213061928749	0.03231517598032951	0.05346106737852097	0.03187884762883186	0.03759199008345604	0.03957504034042358	0.03972147405147552	0.03826412186026573	0.04337267577648163	0.04131340980529785	0.04148956388235092	0.03874320909380913	0.03955838084220886	0.01801561377942562	0.02754886075854301	0.04144866019487381	0.03035080805420876	0.037839375436306	0.03977901488542557	0.03748779743909836	0.03793458640575409	0.03634152188897133	0.01518255285918713	0.007530257105827332	0.005823287647217512	0.02656901255249977	0.006917068734765053	0.01516579743474722	0.03084835410118103	0.04146959260106087	0.03189421072602272	0.03072276152670383	0.0417841374874115	0.03892488405108452	0.02820726484060287	0.03207051753997803	0.01321756932884455	0.03224210813641548	0.02830767817795277	0.02171215228736401	0.0442480780184269	0.03639038279652596	0.04316754639148712	0.03614014014601707	0.04906505718827248	0.02412931621074677	0.01264716777950525	0.1321809142827988	0.1394074857234955	0.04562058672308922	0.01354393269866705	0.05470699444413185	0.1191568076610565	0.01790257915854454	0.01423248648643494	0.009438811801373959	0.02191751822829247	0.01572998240590096	0.008965402841567993	0.09115803241729736	0.0382932685315609	0.04752111062407494	0.01736194640398026	0.08872760087251663	0.02764186635613441	0.1273332387208939	0.02490379102528095	0.04304966330528259	0.0283178985118866	0.009595743380486965	0.1387989670038223
S2014m_E7-3-A-M	0.05113187804818153	0.07938459515571594	0.02360999397933483	0.06947093456983566	0.04809427633881569	0.03511392325162888	0.0362602062523365	0.08294998854398727	0.0245771761983633	0.05048275366425514	0.0678921565413475	0.0346691869199276	0.03865996748209	0.01840024441480637	0.01064576674252748	0.01567701995372772	0.01398874167352915	0.04977457970380783	0.01824875362217426	0.04611055552959442	0.02535770833492279	0.0333704873919487	0.02691232785582542	0.04292583838105202	0.01559768058359623	0.02306358702480793	0.02210301160812378	0.02961020544171333	0.009951286017894745	0.02210482209920883	0.006407624110579491	0.01239410042762756	0.01337411161512136	0.009656941518187523	0.0462152361869812	0.0456305555999279	0.04529904946684837	0.02785018645226955	0.04552587494254112	0.0160277783870697	0.02028170228004456	0.03453052043914795	0.03425055742263794	0.005449352785944939	0.02915539406239986	0.02029646188020706	0.01883566193282604	0.03354406729340553	0.02399557456374168	0.04319724068045616	0.007077646441757679	0.02769380435347557	0.03663652390241623	0.04981381446123123	0.02152540907263756	0.04154284298419952	0.02613226324319839	0.0145542211830616	0.0469067357480526	0.02626114152371883	0.01186884101480246	0.0452837236225605	0.03108807653188705	0.04185958206653595	0.02387749031186104	0.03420358896255493	0.02994740940630436	0	0.01581943035125732	0.0158156231045723	0.03751959651708603	0.03816075995564461	0.0259971059858799	0.03833779692649841	0.03001181595027447	0.0469067357480526	0.01057817600667477	0.03445272892713547	0.0148236183449626	0.01025590766221285	0.0097005320712924	0.03627618029713631	0.03954875469207764	0.01933957450091839	0.02843967266380787	0.02602062188088894	0.03943774104118347	0.03898053243756294	0.04104654118418694	0.04031997919082642	0.03420407325029373	0.03574489429593086	0.03294482454657555	0.04099636524915695	0.04626378417015076	0.03128283098340034	0.01808709651231766	0.01760437153279781	0.1149077042937279	0.1129277870059013	0.01819402165710926	0.01733413897454739	0.08618053793907166	0.01819938607513905	0.04346051812171936	0.0439356304705143	0.05105699598789215	0.0431622788310051	0.04449053108692169	0.04512770846486092	0.03969936445355415	0.04398190230131149	0.03116827458143234	0.0469067357480526	0.03122228384017944	0.04360244050621986	0.02172749862074852	0.05164385214447975	0.007786002941429615	0.02549809403717518	0.03622208163142204	0.01671326160430908	0.04497605934739113	0.04108367115259171	0.03726827725768089	0.05503695458173752	0.02502750977873802	0.03454972431063652	0.02756143175065517	0.03916487097740173	0.03480928391218185	0.04431591182947159	0.04256904125213623	0.04190870374441147	0.04053474962711334	0.04134991765022278	0.03144540265202522	0.0319073349237442	0.04273990169167519	0.009964518249034882	0.03964121267199516	0.04072225466370583	0.02523849345743656	0.02003647014498711	0.02538320235908031	0.01861025020480156	0.02578960545361042	0.02809909172356129	0.02786355279386044	0.0288602951914072	0.03402813524007797	0.01337181590497494	0.03613846376538277	0.02126951701939106	0.02082398161292076	0.0139924418181181	0.01961823552846909	0.01387884560972452	0.01554593909531832	0.02849451079964638	0.03467182815074921	0.02373401075601578	0.02381572313606739	0.0182148776948452	0.02039875276386738	0.04432644322514534	0.00823573861271143	0.0217006653547287	0.01942233555018902	0.04153294488787651	0.133782684803009	0.1410092711448669	0.02360999397933483	0.041766706854105	0.06590189039707184	0.1224461272358894	0.02516830340027809	0.03405272960662842	0.03755694627761841	0.04239948093891144	0.0276136826723814	0.03767694905400276	0.1004223302006721	0.01819710619747639	0.04311879351735115	0.02061690390110016	0.1015020608901978	0.03850344195961952	0.1256194710731506	0.0177127830684185	0.01621286384761333	0.01177189778536558	0.0372251532971859	0.1404007077217102
S2014M_E7-3-B-M	0.05179974064230919	0.08058279752731323	0.02808451652526855	0.07101303339004517	0.05433006957173347	0.04065275937318802	0.04023090749979019	0.08414818346500397	0.02926106750965118	0.05101200565695763	0.06641234457492828	0.02373515255749226	0.04489575326442719	0.02449148148298264	0.02069856598973274	0.022020623087883	0.02781988121569157	0.04361533001065254	0.0236173439770937	0.03255622461438179	0.02477601356804371	0.03955858945846558	0.01741014420986176	0.03137314692139626	0.02296694368124008	0.01697936095297337	0.01362423412501812	0.01974665932357311	0.01154636777937412	0.02162647247314453	0.01612980663776398	0.02299015410244465	0.02183770947158337	0.01927573047578335	0.03266090527176857	0.03207622468471527	0.03174471855163574	0.01766693219542503	0.03197154030203819	0.01865085586905479	0.02658708207309246	0.04076630622148514	0.02897212840616703	0.0189543105661869	0.03768468648195267	0.02945204824209213	0.009507556445896626	0.01998973079025745	0.01044124271720648	0.02964290231466293	0.01581566780805588	0.01434883568435907	0.04287231341004372	0.05231945961713791	0.02900436706840992	0.03083611652255058	0.03015065379440784	0.003633922897279263	0.03335240483283997	0.0130201792344451	0.005840395111590624	0.03172938898205757	0.03832444548606873	0.03073819726705551	0.02966555953025818	0.0326751247048378	0.03658157214522362	0.01581943035125732	0	0.01421823538839817	0.02744109742343426	0.04439654946327209	0.01591860689222813	0.04486526176333427	0.03582030162215233	0.03335240483283997	0.01063482742756605	0.02437423355877399	0.004336415324360132	0.01150022260844707	0.01794848032295704	0.04251196980476379	0.02620291523635387	0.01712310500442982	0.03203735128045082	0.03183422982692719	0.03539197146892548	0.03465011715888977	0.03636046499013901	0.03232455998659134	0.02243664674460888	0.03424351662397385	0.03215697407722473	0.039512038230896	0.03314075618982315	0.01673052273690701	0.02003754861652851	0.01458426658064127	0.1126300618052483	0.114557258784771	0.02898063138127327	0.007978612557053566	0.08727391809225082	0.02523088827729225	0.03191633149981499	0.03081260249018669	0.03793396428227425	0.03820162266492844	0.03093619830906391	0.03157337382435799	0.02781118638813496	0.0309634767472744	0.03163257986307144	0.03335240483283997	0.03170395269989967	0.03078505955636501	0.01413719821721315	0.04279148578643799	0.0169506911188364	0.02320600859820843	0.03184327483177185	0.01854372210800648	0.03511321172118187	0.03607936576008797	0.0276210829615593	0.04191393032670021	0.02506178803741932	0.03058792091906071	0.01746885664761066	0.02636006288230419	0.02241938002407551	0.03076157718896866	0.02923035807907581	0.02885466627776623	0.02857165038585663	0.03634561970829964	0.02907948195934296	0.02982605434954166	0.03092311322689056	0.01933375187218189	0.03484627604484558	0.02937892265617847	0.02302169241011143	0.02069495245814323	0.02393694035708904	0.02720912918448448	0.03367958217859268	0.03346748650074005	0.02016899734735489	0.03240424767136574	0.02423427626490593	0.01539484225213528	0.02742852084338665	0.01647895760834217	0.0215890184044838	0.02392044477164745	0.009484590962529182	0.02380722761154175	0.01758396998047829	0.02480159513652325	0.0288703478872776	0.01979872770607471	0.02790516801178455	0.02274726144969463	0.01256836764514446	0.03120340593159199	0.0157943032681942	0.03205597028136253	0.02878668531775475	0.04805338755249977	0.1315050274133682	0.1391629129648209	0.02808451652526855	0.04814834520220757	0.06814093887805939	0.1236442849040031	0.02913899160921574	0.03881467133760452	0.0437927320599556	0.04863527417182922	0.03358663991093636	0.04391273856163025	0.1014462187886238	0.02656499855220318	0.04855097830295563	0.02685268968343735	0.1027002260088921	0.0451342910528183	0.1222964003682137	0.02516823634505272	0.02993924915790558	0.02360120788216591	0.04346093535423279	0.1381230503320694
S2014m_E7-3-C-M	0.0565127320587635	0.08216103911399841	0.03163743764162064	0.07415787875652313	0.05625525861978531	0.04379761219024658	0.04494389891624451	0.08503251522779465	0.03386930748820305	0.05572500452399254	0.06976407021284103	0.03221182525157928	0.04682094231247902	0.02782885730266571	0.01685064472258091	0.02614126913249493	0.02175114117562771	0.05176378041505814	0.02564713731408119	0.04175617173314095	0.03193341940641403	0.04158838838338852	0.02713782154023647	0.04110082238912582	0.02361200004816055	0.02428101748228073	0.02284920588135719	0.02777058072388172	0.01705846004188061	0.02878388017416	0.0182234849780798	0.0248473584651947	0.02343987673521042	0.0198690090328455	0.04165148735046387	0.04127616062760353	0.0409446619451046	0.02909735403954983	0.04138084128499031	0.02409905754029751	0.02972458861768246	0.0439734049141407	0.03816144168376923	0.01724444702267647	0.03731635957956314	0.02532992884516716	0.01873143576085567	0.02918967790901661	0.02006417140364647	0.03821050003170967	0.01955466903746128	0.02397176064550877	0.04479750245809555	0.05595384538173676	0.03103416040539742	0.04056378826498985	0.03335475921630859	0.01380139403045177	0.04191999882459641	0.02169313095510006	0.01576911099255085	0.04029698297381401	0.04002998024225235	0.0391719676554203	0.03298583999276161	0.02889279462397099	0.03867298737168312	0.0158156231045723	0.01421823538839817	0	0.03716877102851868	0.04632173851132393	0.02627360261976719	0.04679045081138611	0.03945469111204147	0.04191999882459641	0.01386085711419582	0.03410191461443901	0.01266582030802965	0.01645377650856972	0.02020650170743465	0.04443716257810593	0.03561733290553093	0.02264255098998547	0.03339556232094765	0.03357064723968506	0.02948176860809326	0.02873991616070271	0.0310868714004755	0.03037326596677303	0.02919643186032772	0.0362292118370533	0.03307466581463814	0.0388811007142067	0.04127705097198486	0.02615926414728165	0.02356948144733906	0.0175444670021534	0.1123543158173561	0.1145789995789528	0.0215215515345335	0.01531702186912298	0.08858557790517807	0.02528634667396545	0.03777663037180901	0.03420457616448402	0.04641041532158852	0.03535404428839684	0.03971315175294876	0.04014096781611443	0.03753886744379997	0.04015509784221649	0.03665627166628838	0.04191999882459641	0.03832945227622986	0.04051273688673973	0.02155027352273464	0.05222185328602791	0.01321916468441486	0.01597865670919418	0.02499346248805523	0.0135499844327569	0.04462524130940437	0.03113696351647377	0.03476094454526901	0.05046691745519638	0.01950720883905888	0.02332110702991486	0.02256662212312222	0.03544707596302032	0.0315021313726902	0.0393291749060154	0.03842401131987572	0.03720661625266075	0.03700542077422142	0.0318261943757534	0.02494937181472778	0.02518912218511105	0.04000383615493774	0.01582882553339005	0.02967728488147259	0.0391065925359726	0.01516280509531498	0.01011613570153713	0.0161279384046793	0.02659362368285656	0.03508267179131508	0.03690682351589203	0.02693476900458336	0.03324632346630096	0.03481223806738853	0.01333079300820827	0.03557814657688141	0.01855930872261524	0.01318878028541803	0.01840083114802837	0.01191951613873243	0.01863599009811878	0.009791784919798374	0.03293810784816742	0.02936103753745556	0.02038552798330784	0.03005613014101982	0.01237179525196552	0.01327572762966156	0.03912405669689178	0.01399858016520739	0.0248271506279707	0.02403880096971989	0.04997857287526131	0.1320358663797379	0.138455867767334	0.03163743764162064	0.05024776980280876	0.07006612420082092	0.1247028708457947	0.0338519848883152	0.04340826719999313	0.04606639593839645	0.05056045949459076	0.0356164313852787	0.04618640244007111	0.1030275225639343	0.03086047060787678	0.05023286491632462	0.02877787314355373	0.1035845726728439	0.04775641486048698	0.1235888004302979	0.02639754489064217	0.02387050911784172	0.02476146072149277	0.04538613185286522	0.1378473192453384
S2014M_E9-1-A-M	0.07171643525362015	0.06366933882236481	0.05312565341591835	0.05950567871332169	0.03744914010167122	0.02914539910852909	0.03800607845187187	0.06622640043497086	0.05409282818436623	0.0710749551653862	0.07973510026931763	0.01956668682396412	0.02867781929671764	0.02390412427484989	0.03776752576231956	0.04013264179229736	0.04277879744768143	0.02435421012341976	0.03030045330524445	0.02229302003979683	0.01495343260467052	0.02278226613998413	0.01221072115004063	0.01910830289125443	0.02577327564358711	0.01599755138158798	0.02226175181567669	0.01762852631509304	0.02756831422448158	0.01678421348333359	0.03910753130912781	0.04469330608844757	0.04687666147947311	0.04382622987031937	0.02239770442247391	0.02191762067377567	0.02214451506733894	0.01249493192881346	0.02181293815374374	0.02306729555130005	0.02422263845801353	0.02388537861406803	0.01275419816374779	0.03665090352296829	0.03158280625939369	0.03266892582178116	0.02721871994435787	0.0194992758333683	0.01710461266338825	0.02199862711131573	0.0349811464548111	0.01703707873821259	0.03262141346931458	0.03875353559851646	0.02474064193665981	0.01772530935704708	0.01894600689411163	0.02633659914135933	0.02308920212090015	0.01856490410864353	0.03216749429702759	0.02279218845069408	0.02364102564752102	0.01847335137426853	0.0189694669097662	0.01309605874121189	0.0224572978913784	0.03751959651708603	0.02744109742343426	0.03716877102851868	0	0.02950462512671947	0.01152249239385128	0.02864732965826988	0.02291738800704479	0.02308920212090015	0.03280399739742279	0.007866940461099148	0.02893662266433239	0.03559764474630356	0.04288282990455627	0.02629403956234455	0.02085634134709835	0.02372388169169426	0.03637979179620743	0.02695350907742977	0.02993368543684483	0.03104162961244583	0.03047935478389263	0.02752893045544624	0.02372010797262192	0.04930803552269936	0.04132390022277832	0.04602403566241264	0.02287755161523819	0.02070043049752712	0.0284901075065136	0.03690044209361076	0.1097735613584518	0.1039773523807526	0.05352930724620819	0.02680596895515919	0.08718877285718918	0.04811000823974609	0.0222710408270359	0.02054939791560173	0.04142781347036362	0.04488140344619751	0.02241600304841995	0.02305317297577858	0.01806796528398991	0.02111945487558842	0.01904111728072166	0.02308920212090015	0.01810053177177906	0.02065640687942505	0.01632286980748177	0.02365949936211109	0.03799575194716454	0.03142307698726654	0.03175541386008263	0.02680654078722	0.02055815421044827	0.0310402624309063	0.01072048582136631	0.03165072202682495	0.02568561770021915	0.03182606399059296	0.02099006995558739	0.02027790620923042	0.01882054284214973	0.02290438860654831	0.02060701698064804	0.02211498469114304	0.01871986873447895	0.03183029592037201	0.01885748654603958	0.02185873314738274	0.01992295682430267	0.03618120029568672	0.03081702813506126	0.01864772662520409	0.03200650960206985	0.0369630828499794	0.03074983693659306	0.02567868307232857	0.02293667569756508	0.02272457629442215	0.01307009346783161	0.0196723323315382	0.007921192795038223	0.03100180812180042	0.02202602103352547	0.01989367790520191	0.02548955194652081	0.04846912622451782	0.02546187676489353	0.03613675013184547	0.03322986513376236	0.01472169999033213	0.02051945403218269	0.02061041630804539	0.02401688508689404	0.04719134047627449	0.02389304898679256	0.02268321253359318	0.03834560886025429	0.05660464987158775	0.03378381580114365	0.03117245063185692	0.1307421922683716	0.135643407702446	0.05312565341591835	0.03468707576394081	0.05921605601906776	0.115729071199894	0.03193985298275948	0.02734236977994442	0.03043611720204353	0.03908732905983925	0.02301410585641861	0.02989311888813972	0.08951056003570557	0.04600709676742554	0.05371532589197159	0.02678576111793518	0.084532231092453	0.03815263137221336	0.1256857663393021	0.03244338929653168	0.05058925598859787	0.03617757186293602	0.03041881136596203	0.1359295845031738
S2014m_E9-1-B-F	0.07120624184608459	0.06101559475064278	0.04532948508858681	0.0552629716694355	0.01293295901268721	0.004912573844194412	0.02533583901822567	0.06521333009004593	0.04664361849427223	0.07078628987073898	0.08213870227336884	0.04708230122923851	0.001459217630326748	0.02328041754662991	0.03873107209801674	0.03212770447134972	0.03642778098583221	0.040716502815485	0.02306856960058212	0.05179764702916145	0.02224794588983059	0.01442954875528812	0.03399860858917236	0.04861292988061905	0.02299438416957855	0.03105803392827511	0.04063006490468979	0.04514414444565773	0.03396360203623772	0.02277007885277271	0.03932869806885719	0.03668836504220963	0.03930201381444931	0.03850245103240013	0.05190232768654823	0.05142224580049515	0.05098613724112511	0.02871710993349552	0.05131756141781807	0.02700019255280495	0.0178790558129549	0.005619245581328869	0.01675042882561684	0.03355444595217705	0.01064560189843178	0.02182994224131107	0.04068106040358543	0.04701489210128784	0.04462022706866264	0.04993189871311188	0.0346563346683979	0.04455269128084183	0.01207343954592943	0.03598330914974213	0.01902490667998791	0.04722993448376656	0.02265992574393749	0.04233204200863838	0.05259382352232933	0.04608051851391792	0.04240284115076065	0.05097080394625664	0.007288337685167789	0.04797797650098801	0.01796435378491879	0.0297816377133131	0.009274977259337902	0.03816075995564461	0.04439654946327209	0.04632173851132393	0.02950462512671947	0	0.03135798498988152	0.001426590722985566	0.008576251566410065	0.05259382352232933	0.03943664580583572	0.03538255766034126	0.04592444747686386	0.04373018443584442	0.0420282818377018	0.003210584865882993	0.04837195575237274	0.03385447710752487	0.02617503516376019	0.01751800812780857	0.04491006582975388	0.04288630932569504	0.04417382925748825	0.04654261469841003	0.05123572051525116	0.05807718262076378	0.04830300062894821	0.05529516935348511	0.05238217115402222	0.04821604490280151	0.03425190597772598	0.04617577791213989	0.115931823849678	0.1113559529185295	0.04746947064995766	0.0401911698281765	0.09550399333238602	0.04512511938810349	0.0466480553150177	0.05005402117967606	0.06478197872638702	0.06102721020579338	0.05059461668133736	0.05123179033398628	0.0465250238776207	0.05010029673576355	0.02290348336100578	0.05259382352232933	0.01311362907290459	0.04949802532792091	0.03797164931893349	0.04320503771305084	0.03703147545456886	0.04611965641379356	0.04431547969579697	0.03329593315720558	0.04939977452158928	0.04720206186175346	0.04022510722279549	0.06115535274147987	0.04038219153881073	0.0443861335515976	0.04807838797569275	0.04779352247714996	0.04633616283535957	0.05042000487446785	0.04868100583553314	0.04963059350848198	0.0466531366109848	0.04746830463409424	0.02516742236912251	0.03583991900086403	0.0494275763630867	0.0377764068543911	0.04318549111485481	0.04682634770870209	0.0462757870554924	0.04387412592768669	0.04245530068874359	0.0210100132972002	0.01578502357006073	0.01367967948317528	0.03535699844360352	0.01570505648851395	0.0224977619946003	0.03963634371757507	0.04954163357615471	0.04068220034241676	0.03837150707840919	0.04814430698752403	0.04742823168635368	0.02866452373564243	0.04014655575156212	0.02085831016302109	0.04015203937888145	0.03681103140115738	0.03006883710622787	0.05061491951346397	0.04489372670650482	0.05086183547973633	0.04378087818622589	0.0485997162759304	0.02366397716104984	0.003871975233778358	0.1355744451284409	0.1426504403352737	0.04532948508858681	0.01065549068152905	0.05792630463838577	0.121956966817379	0.01761147379875183	0.02215786837041378	0.001563832047395408	0.0238112099468708	0.01774161495268345	0.001513415132649243	0.09455157816410065	0.03869606927037239	0.05091466754674911	0.01785662025213242	0.09135349094867706	0.03084130585193634	0.1307268142700195	0.02443845011293888	0.04258432239294052	0.02838777564466	0.004926145076751709	0.1414248198270798
S2014M_E9-1-B-M	0.06099443137645721	0.0671972930431366	0.04240365326404572	0.05867142230272293	0.04129151254892349	0.02831114828586578	0.03361134231090546	0.07006877660751343	0.04337083920836449	0.05986582860350609	0.06894252449274063	0.01813188195228577	0.03185718506574631	0.01881350576877594	0.02669811993837357	0.0293419361114502	0.03188362717628479	0.02953591011464596	0.02132243849337101	0.02748825028538704	0.0117374500259757	0.02652003243565559	0.005498930346220732	0.02430353499948978	0.02057302370667458	0.007740332279354334	0.01178011111915112	0.01441347692161798	0.0166731383651495	0.01211169827729464	0.02821236476302147	0.03327540680766106	0.03535417094826698	0.03230374306440353	0.02759293280541897	0.02700824663043022	0.02667674235999584	0.007777189835906029	0.02690356411039829	0.0148288132622838	0.01965473033487797	0.02772775292396545	0.01593356765806675	0.02512841671705246	0.02701489813625813	0.02810101583600044	0.0158704612404108	0.01649311557412148	0.01388955861330032	0.02457493171095848	0.0239813756197691	0.01430935226380825	0.02983375079929829	0.03928089514374733	0.01722081005573273	0.02292053960263729	0.01668180897831917	0.01544142793864012	0.02828443050384521	0.01524524763226509	0.02064500004053116	0.02666141092777252	0.02549438737332821	0.02366858348250389	0.01697547547519207	0.01803842186927795	0.02354300767183304	0.0259971059858799	0.01591860689222813	0.02627360261976719	0.01152249239385128	0.03135798498988152	0	0.0318266972899437	0.02278173714876175	0.02828443050384521	0.0219088289886713	0.009084146469831467	0.01751873642206192	0.02452823333442211	0.03146494179964066	0.02947340719401836	0.02196894399821758	0.01324787549674511	0.02796309813857079	0.02318885549902916	0.03160589933395386	0.03086404874920845	0.03225617110729218	0.02864274568855762	0.02040045335888863	0.03841285780072212	0.03042872808873653	0.03644930943846703	0.02807277999818325	0.01720600575208664	0.01749033108353615	0.02590066567063332	0.1094012781977654	0.1042680814862251	0.04263414815068245	0.01580619066953659	0.08067028224468231	0.03721483796834946	0.02446627989411354	0.02574463002383709	0.03370283171534538	0.03713336586952209	0.02628522366285324	0.02692239731550217	0.02221562527120113	0.02579089999198914	0.02015978097915649	0.02828443050384521	0.01929089240729809	0.02518863044679165	0.007136378902941942	0.02892056852579117	0.02647326700389385	0.02468501403927803	0.02889120765030384	0.01580677181482315	0.02509037777781487	0.03229329735040665	0.01591571420431137	0.03684595227241516	0.01905215717852116	0.0276358537375927	0.01734772324562073	0.02149511314928532	0.01668771728873253	0.02611060254275799	0.02416238561272621	0.02399519458413124	0.02234374545514584	0.03255954757332802	0.01830171421170235	0.01916683465242386	0.02511818520724773	0.02528603188693523	0.03126784041523933	0.02251694723963737	0.0253730546683073	0.02606790885329247	0.02394213527441025	0.0211107786744833	0.02147502452135086	0.02126292511820793	0.006174639333039522	0.02019968815147877	0.0104375584051013	0.02010663971304893	0.01999780163168907	0.01294264663010836	0.0183233805000782	0.03757395967841148	0.01669756136834621	0.02849438041448593	0.02233469299972057	0.01259704120457172	0.02097026258707047	0.01078067533671856	0.01519435364753008	0.03629617020487785	0.01672687195241451	0.02655243687331676	0.02745044603943825	0.04570948705077171	0.02921590209007263	0.03501481935381889	0.1282762587070465	0.135934129357338	0.04240365326404572	0.03510977700352669	0.05524155497550964	0.1152521446347237	0.02726675383746624	0.02577610686421394	0.03075416758656502	0.03612049296498299	0.02054808102548122	0.03087417408823967	0.08796010166406631	0.03458920866250992	0.04528387263417244	0.02114712446928024	0.08862082660198212	0.03289879858493805	0.1201130449771881	0.02671933360397816	0.03969408571720123	0.0259890966117382	0.03042237460613251	0.1348942965269089
S2014m_E9-1-C-F	0.07153576612472534	0.06015828996896744	0.04608931019902229	0.05559251084923744	0.01207566447556019	0.005672396626323462	0.02566530741751194	0.06435602903366089	0.04718823358416557	0.07068577408790588	0.08260742574930191	0.04755101352930069	0.001344588468782604	0.02374913170933723	0.03890810906887054	0.03302670642733574	0.03689649701118469	0.03956753388047218	0.02324560470879078	0.05094035714864731	0.02242498472332954	0.01328057795763016	0.03389809653162956	0.04775563254952431	0.02331725880503654	0.03152674809098244	0.0410987101495266	0.04561278596520424	0.03443231806159019	0.02323879115283489	0.039505735039711	0.03758736699819565	0.03947905078530312	0.03867948800325394	0.05104503780603409	0.0505649521946907	0.05012884736061096	0.029185825958848	0.05046027153730392	0.02719046361744404	0.01834776811301708	0.004761951975524426	0.01589313335716724	0.03373148292303085	0.01132939010858536	0.0225137323141098	0.04114976897835732	0.04748360440135002	0.04508894309401512	0.05012217536568642	0.03512504696846008	0.0450214110314846	0.01254215277731419	0.03645202144980431	0.01920194178819656	0.04637264087796211	0.02283696457743645	0.04280075803399086	0.05173652619123459	0.0465492345392704	0.04287148267030716	0.05077651888132095	0.007465375121682882	0.04712068662047386	0.01829388737678528	0.02892434410750866	0.009597852826118469	0.03833779692649841	0.04486526176333427	0.04679045081138611	0.02864732965826988	0.001426590722985566	0.0318266972899437	0	0.009044964797794819	0.05173652619123459	0.03933613002300262	0.03585126996040344	0.04610148072242737	0.04390715435147285	0.0422053150832653	0.002353291027247906	0.04884066805243492	0.03432318568229675	0.02707396447658539	0.0179867222905159	0.04376109316945076	0.04292412474751472	0.04331653565168381	0.04568532109260559	0.05170443654060364	0.05854589119553566	0.04877171665430069	0.05576388910412788	0.05152487382292747	0.04868475720286369	0.03442894294857979	0.04664448648691177	0.115074522793293	0.1104986220598221	0.04793818295001984	0.04065987840294838	0.09569425880908966	0.04559383168816566	0.04579068720340729	0.04919672384858131	0.06525067985057831	0.06149590760469437	0.05040033534169197	0.05103749781847	0.04589983448386192	0.04924300312995911	0.0228020828217268	0.05173652619123459	0.01358234230428934	0.04864073544740677	0.03829452022910118	0.0423477441072464	0.03735435009002686	0.04658830165863037	0.04478419199585915	0.03376458212733269	0.04854247719049454	0.04634476453065872	0.03936774656176567	0.06029805168509483	0.04085090383887291	0.04485484212636948	0.04854710027575493	0.04826223477721214	0.04680487141013145	0.05088871344923973	0.04859134182333946	0.04995347186923027	0.04684341326355934	0.04713479429483414	0.02535769902169704	0.0360235758125782	0.04827861115336418	0.03824512287974358	0.04299120604991913	0.04663205146789551	0.04659866541624069	0.04434283822774887	0.04292401298880577	0.02147872559726238	0.01596205867826939	0.01414839457720518	0.03567986935377121	0.01602793112397194	0.0221575666218996	0.03981337323784828	0.05001034960150719	0.04085923731327057	0.03884021565318108	0.04861301928758621	0.04789694398641586	0.02934831380844116	0.0406152680516243	0.02132702432572842	0.03995775431394577	0.03727973997592926	0.03024587221443653	0.05108363181352615	0.045362439006567	0.05066754296422005	0.0442495234310627	0.04949871823191643	0.02456297725439072	0.003611576510593295	0.1360431760549545	0.1417931467294693	0.04608931019902229	0.01083958707749844	0.05839502066373825	0.121099665760994	0.0185104738920927	0.02248074486851692	0.002462832722812891	0.02400148287415504	0.01791865192353725	0.002447431674227118	0.09488111734390259	0.03916478157043457	0.05138330534100533	0.01854047738015652	0.09049618244171143	0.03101827390491962	0.1310563385486603	0.02533745020627975	0.04348332807421684	0.0285023394972086	0.005825075786560774	0.1412305384874344
S2014M_E9-1-C-M	0.06774326413869858	0.05933284014463425	0.04464210569858551	0.05179999396204948	0.01850977167487144	0.006645542569458485	0.02256676182150841	0.0635305717587471	0.04560929536819458	0.06711455434560776	0.07846695929765701	0.03850605338811874	0.009075453504920006	0.01470416970551014	0.03076788783073425	0.03137074783444405	0.03387772664427757	0.03412926569581032	0.02035185322165489	0.04521040618419647	0.01367169432342052	0.01042637228965759	0.02584001421928406	0.04202568903565407	0.01687221042811871	0.02248178422451019	0.03205381706357002	0.03656789287924767	0.0253873486071825	0.01419382356107235	0.03149732202291489	0.03579223155975342	0.03797559440135956	0.03514030203223228	0.04531508684158325	0.04483500868082047	0.04439889639616013	0.02146686613559723	0.04473032802343369	0.01884159818291664	0.01026281993836164	0.004946016706526279	0.01016318611800671	0.02774983830749989	0.009402520023286343	0.01997379586100578	0.03210480883717537	0.03843863680958748	0.03604397177696228	0.04229708760976791	0.02608008682727814	0.03597644343972206	0.009704030118882656	0.02807006053626537	0.01553095132112503	0.04064269363880157	0.01408367790281773	0.03375579044222832	0.04600659012794495	0.03750427067279816	0.03382658958435059	0.04438357055187225	0.003142936620861292	0.04139073938131332	0.01002416759729385	0.02362170442938805	0.002948925131931901	0.03001181595027447	0.03582030162215233	0.03945469111204147	0.02291738800704479	0.008576251566410065	0.02278173714876175	0.009044964797794819	0	0.04600659012794495	0.03086040169000626	0.02680630050599575	0.0373481884598732	0.03515393286943436	0.03419690579175949	0.006691675633192062	0.03979570418596268	0.02527821995317936	0.02527889981865883	0.01086178980767727	0.04045933112502098	0.03971747308969498	0.04100499302148819	0.03995538130402565	0.04265947267413139	0.04950092360377312	0.04015405103564262	0.04714621976017952	0.04579494148492813	0.03970938920974731	0.02567565441131592	0.03759952634572983	0.1142490953207016	0.109115906059742	0.04462824761867523	0.03245018795132637	0.08918459713459015	0.03955588862299919	0.04006080701947212	0.04346678406000137	0.05620571970939636	0.05245095863938332	0.04400737956166267	0.0446445569396019	0.03993778303265572	0.04351305589079857	0.0163162462413311	0.04600659012794495	0.005863385740667582	0.04291078448295593	0.02939539775252342	0.03661780431866646	0.02930983155965805	0.03797070309519768	0.03830303996801376	0.02642889134585857	0.0428125411272049	0.04104213044047356	0.03363786637783051	0.05456811562180519	0.03223324567079544	0.03837369382381439	0.03950213268399239	0.0392172709107399	0.03775991126894951	0.04383276402950287	0.04198914393782616	0.04171734675765038	0.04006589576601982	0.04130837321281433	0.02019290439784527	0.02896323055028915	0.04284033924341202	0.02920015901327133	0.04001666232943535	0.04023910313844681	0.03855413571000099	0.03871628269553185	0.03729745373129845	0.01339377928525209	0.008063375018537045	0.005103428848087788	0.0267807487398386	0.008219112642109394	0.01591052487492561	0.03106009587645531	0.04096538573503494	0.0321059487760067	0.03150446340441704	0.03956805169582367	0.03885198011994362	0.02723567932844162	0.03285221755504608	0.0122820595279336	0.03356480225920677	0.02823477610945702	0.02149258926510811	0.04502978175878525	0.03631748259067535	0.04427459090948105	0.03520464152097702	0.0477035753428936	0.02276784554123878	0.01223308406770229	0.1332983374595642	0.1407819837331772	0.04464210569858551	0.01250228192657232	0.05425455421209335	0.1202742084860802	0.01685451902449131	0.01358162052929401	0.008320909924805164	0.02090407349169254	0.0160653293132782	0.008440916426479816	0.09227544814348221	0.03710602596402168	0.0472429096698761	0.01627890951931477	0.08967076987028122	0.02737832441926003	0.1272638440132141	0.02354231663048267	0.04168818518519402	0.02727650105953217	0.007640639785677195	0.1397421211004257
S2014M_E9-2-A-M	0.08215875178575516	0.08675854653120041	0.05787687003612518	0.08259487152099609	0.06053832545876503	0.05223459005355835	0.06109527871012688	0.08931560814380646	0.0601087398827076	0.08067131042480469	0.08976217359304428	0.01244706846773624	0.0517670139670372	0.04699332639575005	0.05073936656117439	0.05140534043312073	0.05827986821532249	0.04744341224431992	0.03967230394482613	0.0007961790543049574	0.03698745369911194	0.04587146267294884	0.02496526576578617	0.003980896901339293	0.0482301339507103	0.03529268875718117	0.03344117105007172	0.02185633592307568	0.04117235541343689	0.03987341374158859	0.04575579240918159	0.05366156622767448	0.05246974155306816	0.04889172315597534	0.0006914971745572984	0.001276183407753706	0.001607688027434051	0.02663181535899639	0.001380865345709026	0.03805835545063019	0.04731183871626854	0.04697457700967789	0.03584339842200279	0.05004162713885307	0.0546719990670681	0.05575811862945557	0.03343649208545685	0.01336267311125994	0.02291116490960121	0.003709501121193171	0.04373609274625778	0.01921293511986732	0.05571061000227928	0.06184274330735207	0.04498253017663956	0.005363890435546637	0.04056965932250023	0.0323525182902813	0	0.02064559422433376	0.03754724189639091	0.001623018062673509	0.04673022404313087	0.005909754429012537	0.04100348055362701	0.03035997413098812	0.04554649442434311	0.0469067357480526	0.03335240483283997	0.04191999882459641	0.02308920212090015	0.05259382352232933	0.02828443050384521	0.05173652619123459	0.04600659012794495	0	0.03945225849747658	0.01920028403401375	0.03368785232305527	0.04034887254238129	0.04773880913853645	0.049383245408535	0.007357987109571695	0.03533167392015457	0.0441688634455204	0.04397115856409073	0.02146387286484241	0.0238523818552494	0.02264897525310516	0.01736418157815933	0.02390667796134949	0.05786608159542084	0.05326578393578529	0.05627400055527687	0.0006429521599784493	0.0200121458619833	0.03915512561798096	0.04269920662045479	0.1048101559281349	0.1113978624343872	0.05891288444399834	0.03270948305726051	0.09457008540630341	0.05286123231053352	0.02901372686028481	0.007715431042015553	0.04347946867346764	0.04734750464558601	0.00241620559245348	0.001884002820588648	0.00891522690653801	0.002924831816926599	0.0390922985970974	0	0.04118973016738892	0.003304297104477882	0.02835249714553356	0.04674869775772095	0.04821223393082619	0.03578015044331551	0.02478694543242455	0.04115193337202072	0.01723211072385311	0.02106128074228764	0.01495659817010164	0.01572723314166069	0.03006883338093758	0.02592302858829498	0.0246278140693903	0.00795238371938467	0.01954750902950764	0.002695233328267932	0.004442301578819752	0.004998029209673405	0.007234593853354454	0.02352548204362392	0.03650322183966637	0.03394264355301857	0.004382481798529625	0.04979373514652252	0.02351511083543301	0.006609721109271049	0.03514371439814568	0.04593560472130775	0.03462480008602142	0.04876788333058357	0.04602587595582008	0.04581377655267715	0.02983585558831692	0.04276153072714806	0.03101039305329323	0.04229433834552765	0.02333729155361652	0.02948272973299026	0.03656421974301338	0.05322035029530525	0.03126842901110649	0.05461568385362625	0.04389004409313202	0.03781089931726456	0.02137293480336666	0.0361114926636219	0.04204290732741356	0.0529978834092617	0.03117365576326847	0.002795947017148137	0.04625429213047028	0.06135586649179459	0.05687300115823746	0.05426164343953133	0.1277989596128464	0.1303330659866333	0.05787687003612518	0.05777626112103462	0.08230525255203247	0.1205586493015289	0.05502904206514359	0.05043157190084457	0.05352530628442764	0.06217652559280396	0.04356539249420166	0.05298230797052383	0.1051739156246185	0.05897879600524902	0.07301044464111328	0.04776003211736679	0.1037042513489723	0.05912689864635468	0.1234980002045631	0.05437644198536873	0.06039922684431076	0.05357566848397255	0.05350800603628159	0.131313145160675
S2014m_E9-2-B-M	0.05068210884928703	0.07712127268314362	0.02724280022084713	0.06859088689088821	0.0493701696395874	0.03691251948475838	0.0380588099360466	0.08068666607141495	0.02820998430252075	0.04932515323162079	0.06573249399662018	0.02993205562233925	0.03993584588170052	0.02049271762371063	0.01491170562803745	0.01998846791684628	0.02324357442557812	0.04519778490066528	0.01790109276771545	0.0386560820043087	0.02257246524095535	0.03267563506960869	0.02191917411983013	0.03673604875802994	0.0168735682964325	0.02106513641774654	0.01853705011308193	0.02551225759088993	0.008480402640998363	0.01986039988696575	0.009421016089618206	0.01862526684999466	0.01770368218421936	0.013993876054883	0.03876076266169548	0.0382806807756424	0.03784456849098206	0.0233495831489563	0.03817600011825562	0.01422286406159401	0.02155758999288082	0.03580641001462936	0.03082581236958504	0.01400473713874817	0.03355878591537476	0.02469985373318195	0.01342795323580503	0.02608958631753922	0.01654109545052052	0.03574275970458984	0.01148416288197041	0.02023932710289955	0.03791240975260735	0.04841401800513268	0.02285059727728367	0.03619901090860367	0.022656274959445	0.009204568341374397	0.03945225849747658	0.01901587098836899	0.01018302328884602	0.03782924264669418	0.03257245942950249	0.03566979616880417	0.02525015361607075	0.0311971977353096	0.03107996471226215	0.01057817600667477	0.01063482742756605	0.01386085711419582	0.03280399739742279	0.03943664580583572	0.0219088289886713	0.03933613002300262	0.03086040169000626	0.03945225849747658	0	0.02973713539540768	0.01039738859981298	0.009861343540251255	0.01392549835145473	0.03755206987261772	0.03324137628078461	0.01884437538683414	0.02819749712944031	0.02812705375254154	0.03404048085212708	0.03344446420669556	0.03530126810073853	0.03296975046396255	0.02904380857944489	0.03155739605426788	0.02931611612439156	0.03715251386165619	0.03880930691957474	0.02560277096927166	0.01521502248942852	0.01448765397071838	0.109905481338501	0.1106644421815872	0.02470997162163258	0.01156530901789665	0.0838124081492424	0.02082207053899765	0.03705298155546188	0.03648115321993828	0.04405523464083672	0.03904465958476067	0.0374530516564846	0.03809022903442383	0.0316474661231041	0.03652742505073547	0.0253303088247776	0.03945225849747658	0.02971390075981617	0.03635646030306816	0.01972276158630848	0.04713675007224083	0.01266876235604286	0.02329904027283192	0.03193630650639534	0.01758440397679806	0.0404689684510231	0.0353383980691433	0.03255268186330795	0.0475824810564518	0.02441786602139473	0.03068095445632935	0.02323445864021778	0.0322316437959671	0.02819253131747246	0.0372784361243248	0.03521916642785072	0.03466273099184036	0.03350324928760529	0.03560464456677437	0.02760155685245991	0.0282719898968935	0.03528542816638947	0.01475744321942329	0.03431293740868568	0.03515882417559624	0.02262071706354618	0.01942473649978638	0.02346725389361382	0.02301364205777645	0.02782391011714935	0.02912593446671963	0.02564995735883713	0.0288326870650053	0.02972953952848911	0.0126500753685832	0.03319411352276802	0.01982023194432259	0.02094509452581406	0.02008109539747238	0.01529126055538654	0.01943333260715008	0.01589375361800194	0.02674441039562225	0.03037323243916035	0.02214591391384602	0.02081348188221455	0.02072680369019508	0.01670411974191666	0.03728896379470825	0.01281747221946716	0.02821661345660686	0.02382572926580906	0.04280883818864822	0.1289547234773636	0.1360070407390594	0.02724280022084713	0.04307805746793747	0.06449912488460541	0.1203569993376732	0.02696690149605274	0.03367473557591438	0.03918130323290825	0.04367537051439285	0.02641200833022594	0.0393013134598732	0.09868167340755463	0.02456879243254662	0.04361139237880707	0.02189279161393642	0.09923870861530304	0.04030204191803932	0.1211399883031845	0.0200362354516983	0.02536294050514698	0.01797014288604259	0.03850103542208672	0.1353985220193863
S2014m_E9-2-C-M	0.0690670907497406	0.07122185826301575	0.0504763163626194	0.06381212919950485	0.04531607404351234	0.03345184773206711	0.04231253266334534	0.07409334182739258	0.05144350230693817	0.06800809502601624	0.07666824012994766	0.0116997491568327	0.03588175401091576	0.02779304049909115	0.0347006618976593	0.03814772889018059	0.03971193730831146	0.03222114592790604	0.02838587760925293	0.01840410381555557	0.01778716780245304	0.03064920753240585	0.009875769726932049	0.01521938852965832	0.0290298517793417	0.01609240658581257	0.01919488422572613	0.01147079281508923	0.02450144663453102	0.0206731278449297	0.03604066744446754	0.04162643477320671	0.04380979761481285	0.0407593697309494	0.01850878819823265	0.01802870631217957	0.01759259589016438	0.01190636120736599	0.01792402379214764	0.02262447960674763	0.02811155281960964	0.03175231441855431	0.01995813474059105	0.03358404338359833	0.03547172620892525	0.03655784204602242	0.02415185049176216	0.01163233909755945	0.01403774414211512	0.01549078617244959	0.03191428259015083	0.01013015303760767	0.03651033341884613	0.04330546036362648	0.02578224427998066	0.01383639220148325	0.02136937715113163	0.02326973713934422	0.01920028403401375	0.01261799316853285	0.02910062670707703	0.0175772663205862	0.02951895259320736	0.01458443608134985	0.02215114608407021	0.01513771153986454	0.0277418103069067	0.03445272892713547	0.02437423355877399	0.03410191461443901	0.007866940461099148	0.03538255766034126	0.009084146469831467	0.03585126996040344	0.02680630050599575	0.01920028403401375	0.02973713539540768	0	0.02586975693702698	0.0325307808816433	0.03981596231460571	0.03349797800183296	0.01298940274864435	0.02180930227041245	0.03446521237492561	0.02853942476212978	0.0281812809407711	0.0274394266307354	0.02872694656252861	0.02511351555585861	0.0175623744726181	0.04624116793274879	0.03825702518224716	0.04295717179775238	0.01898863539099693	0.01418498810380697	0.02563274651765823	0.0338335782289505	0.1082869544625282	0.1031537726521492	0.05046244338154793	0.02373910136520863	0.08322245627641678	0.04504314437508583	0.02209911495447159	0.01666048169136047	0.03662619739770889	0.04007978364825249	0.01720108091831207	0.0178382508456707	0.01313147973269224	0.01670675724744797	0.02418434806168079	0.01920028403401375	0.02331545576453209	0.01610448770225048	0.0132560059428215	0.03086343035101891	0.03513839840888977	0.02659688703715801	0.02602498419582844	0.02373968064785004	0.01600623689591885	0.02876406721770763	0.00811347458511591	0.02776181139051914	0.01995518989861012	0.02609563991427422	0.01525963936001062	0.01241097040474415	0.01138090528547764	0.01702646166086197	0.01518284436315298	0.0149110471829772	0.01325959712266922	0.02903031557798386	0.0223262794315815	0.01843969710171223	0.01603404060006142	0.03311433643102646	0.02773861400783062	0.01343280356377363	0.02627608180046082	0.03389621898531914	0.02501940727233887	0.02956760115921497	0.02682559378445148	0.0266134962439537	0.01063557248562574	0.02422425337135792	0.01446212455630302	0.02793494053184986	0.01415908522903919	0.0163965281099081	0.02242268994450569	0.04540225863456726	0.02239501476287842	0.03729968890547752	0.0301630012691021	0.01861061714589596	0.01744103617966175	0.01754355244338512	0.02284262329339981	0.04412448033690453	0.02082618325948715	0.01746829226613045	0.03527874872088432	0.05353778973221779	0.0376727283000946	0.03903938829898834	0.1273361891508102	0.1348198056221008	0.0504763163626194	0.0393085852265358	0.06310495734214783	0.1143120601773262	0.03596794605255127	0.03123128786683083	0.03512721508741379	0.04381155595183372	0.02530609257519245	0.03524722158908844	0.08757801353931427	0.04294023290276527	0.05381018295884132	0.02883818559348583	0.08848198503255844	0.04013538733124733	0.1213016882538795	0.03517616540193558	0.04752239212393761	0.0343753919005394	0.03444694727659225	0.1337799727916718
S2014m_E9-3-A-M	0.05518083646893501	0.08165790885686874	0.03054319135844707	0.07282598316669464	0.05562030524015427	0.04270336404442787	0.04361200705170631	0.08479299396276474	0.03253740817308426	0.05410141870379448	0.06904324889183044	0.02460517548024654	0.04642363265156746	0.0254624392837286	0.01848146878182888	0.02504702471196651	0.02656131982803345	0.04340619966387749	0.02439591102302074	0.03352401778101921	0.02451333031058311	0.03901127353310585	0.01700346171855927	0.03286867588758469	0.02379265986382961	0.01655586063861847	0.01315735746175051	0.01929079368710518	0.01223919447511435	0.02325896546244621	0.01596870459616184	0.02403145655989647	0.02185192331671715	0.01805960200726986	0.03341933712363243	0.0330440066754818	0.03271250799298286	0.01991248689591885	0.03314869105815887	0.02028335630893707	0.02804538421332836	0.04229420050978661	0.03050002083182335	0.01824314706027508	0.03726118057966232	0.02972813881933689	0.01005658414214849	0.02095752209424973	0.01183201279491186	0.02997835166752338	0.01744816638529301	0.01573960669338703	0.04416254535317421	0.0536096952855587	0.02845704555511475	0.03233163803815842	0.02906844206154346	0.004430761095136404	0.03368785232305527	0.01346097141504288	0.008265335112810135	0.03206483647227287	0.03928304836153984	0.03223372623324394	0.03147229179739952	0.03374334797263145	0.03782481327652931	0.0148236183449626	0.004336415324360132	0.01266582030802965	0.02893662266433239	0.04592444747686386	0.01751873642206192	0.04610148072242737	0.0373481884598732	0.03368785232305527	0.01039738859981298	0.02586975693702698	0	0.009033192880451679	0.01712099276483059	0.04403985664248466	0.02738518081605434	0.01792073622345924	0.03271942585706711	0.03252724930644035	0.03476030379533768	0.03430308774113655	0.0372193269431591	0.03223270922899246	0.02264603972434998	0.03437232226133347	0.03309866413474083	0.03994749113917351	0.03347620368003845	0.01873972453176975	0.02029399946331978	0.01422313041985035	0.1119077280163765	0.1152020990848541	0.02719433233141899	0.008138991892337799	0.08791875839233398	0.02508269809186459	0.0321102999150753	0.03114804998040199	0.03758123889565468	0.0375630147755146	0.03148100897669792	0.03190882131457329	0.02845278568565845	0.03235425055027008	0.03066074848175049	0.03368785232305527	0.03323183581233025	0.03228058665990829	0.0148271843791008	0.04343630373477936	0.01683798432350159	0.02330206707119942	0.03112592175602913	0.01955071464180946	0.03637108951807022	0.03574986010789871	0.02911660633981228	0.04264408349990845	0.02550451271235943	0.02987056784331799	0.01810123026371002	0.02764622494578362	0.02346363291144371	0.03109702840447426	0.03040750697255135	0.0289054736495018	0.03006717562675476	0.03643909469246864	0.03012519329786301	0.03037198632955551	0.03184935450553894	0.01940108090639114	0.03580974414944649	0.03087444789707661	0.02307501807808876	0.020726528018713	0.02427505888044834	0.02804193459451199	0.03372805193066597	0.03436987474560738	0.02075438387691975	0.03343899920582771	0.02566030062735081	0.01503206137567759	0.02806089632213116	0.01606775633990765	0.0220317430794239	0.02282769605517387	0.009553977288305759	0.02366534620523453	0.01786006614565849	0.02570399269461632	0.02993857488036156	0.02024145238101482	0.025982316583395	0.0223675761371851	0.01266314927488565	0.03153885900974274	0.0158616304397583	0.03096321783959866	0.028854014351964	0.04905898123979568	0.1316221207380295	0.1386476755142212	0.03054319135844707	0.04929274320602417	0.06943117827177048	0.1242891401052475	0.03275774046778679	0.03992487117648125	0.04532062634825706	0.04992552101612091	0.0343652106821537	0.04544063284993172	0.102091059088707	0.02952855825424194	0.04942367598414421	0.02838057652115822	0.1033450737595558	0.04585523530840874	0.1226523518562317	0.02576258964836597	0.03000657819211483	0.02400235831737518	0.04475117847323418	0.1376078128814697
S2014m_E9-3-B-M	0.05446679890155792	0.0823710560798645	0.02293750271201134	0.07280586659908295	0.05342604964971542	0.04103181883692741	0.04194039478898048	0.08593644201755524	0.024931650608778	0.05381768569350243	0.07070939987897873	0.0325171984732151	0.04422932118177414	0.02473021298646927	0.01768368110060692	0.02180412784218788	0.01937267929315567	0.04789961874485016	0.02248630486428738	0.04018504172563553	0.02231908030807972	0.03710165992379189	0.02381031960248947	0.03952969610691071	0.02159840613603592	0.02254055067896843	0.01994869112968445	0.02720273844897747	0.009766582399606705	0.02106471173465252	0.007220291066914797	0.01552111282944679	0.01365539338439703	0.01000805199146271	0.04008035734295845	0.03970503062009811	0.03937353193759918	0.02592808194458485	0.03980971127748489	0.01808909699320793	0.02585112676024437	0.04009994491934776	0.03232860565185547	0.01513597555458546	0.0363178588449955	0.02878482453525066	0.01336636859923601	0.0276185404509306	0.0184930358082056	0.03663937747478485	0.01001606043428183	0.0224006287753582	0.04196828976273537	0.05237295851111412	0.02654743753373623	0.03899266198277473	0.029095109552145	0.009469542652368546	0.04034887254238129	0.02012199349701405	0.006497110240161419	0.03872585296630859	0.037088792771101	0.03889474645256996	0.02980075217783451	0.03655864670872688	0.03563056513667107	0.01025590766221285	0.01150022260844707	0.01645377650856972	0.03559764474630356	0.04373018443584442	0.02452823333442211	0.04390715435147285	0.03515393286943436	0.04034887254238129	0.009861343540251255	0.0325307808816433	0.009033192880451679	0	0.008924462832510471	0.04184560850262642	0.03488020598888397	0.01908029057085514	0.03052510321140289	0.0315839946269989	0.03786025568842888	0.03711840137839317	0.04003463685512543	0.03504801541566849	0.03055805899202824	0.03603037819266319	0.03359668329358101	0.04164821654558182	0.04013722389936447	0.02675745822489262	0.01922503113746643	0.0138731375336647	0.1130511537194252	0.1163455322384834	0.01941228471696377	0.01286794524639845	0.08906220644712448	0.01765058748424053	0.03877124562859535	0.03780907019972801	0.04441648721694946	0.04162931069731712	0.03835052624344826	0.03877833858132362	0.0353984497487545	0.0390152707695961	0.03047226928174496	0.04034887254238129	0.03145458549261093	0.03894161060452461	0.02273920923471451	0.0494842641055584	0.01641744561493397	0.02736830152571201	0.03519223257899284	0.02209186367690563	0.04303210973739624	0.03856517001986504	0.03577756136655807	0.04930509626865387	0.0295708179473877	0.03393687307834625	0.02601325325667858	0.03461999818682671	0.03012464568018913	0.03796654567122459	0.03706853464245796	0.03556649386882782	0.03672819584608078	0.03925439715385437	0.03272536024451256	0.03329154476523399	0.03851037472486496	0.01685347035527229	0.03883355483412743	0.03774396330118179	0.02714132331311703	0.02457768842577934	0.02834136784076691	0.02709867805242538	0.0330694355070591	0.03342662006616592	0.02866639941930771	0.03226450458168983	0.03231461718678474	0.01587271131575108	0.03597290813922882	0.02298251539468765	0.02609804831445217	0.0150456465780735	0.01746599748730659	0.02286170050501823	0.02040128223598003	0.0278235599398613	0.03338968381285667	0.02516236342489719	0.02747511863708496	0.01953152194619179	0.01972056739032269	0.03840838000178337	0.00933593325316906	0.02318117022514343	0.02791076339781284	0.04686472192406654	0.1327655464410782	0.1397911012172699	0.02293750271201134	0.04709848389029503	0.0688883438706398	0.125432550907135	0.03108620084822178	0.037730623036623	0.04330060258507729	0.04773125052452087	0.03267073631286621	0.04342060908675194	0.1037572100758553	0.0219228733330965	0.0472293421626091	0.02618632465600967	0.1044884845614433	0.04418361559510231	0.1243184730410576	0.02304455265402794	0.02222452871501446	0.016539067029953	0.04255685210227966	0.1387512534856796
S2014m_E9-3-C-M	0.05542663484811783	0.08437630534172058	0.01495418976992369	0.07376568764448166	0.05196180194616318	0.03828448802232742	0.03943078592419624	0.08794169872999191	0.01708130352199078	0.05477751791477203	0.07166924327611923	0.04001088067889214	0.04252748936414719	0.02424930967390537	0.01933426223695278	0.01926529966294765	0.01920516788959503	0.05542244389653206	0.0207844004034996	0.04747022315859795	0.03093014657497406	0.03887707740068436	0.03242139145731926	0.04681487381458282	0.01989650167524815	0.03136012330651283	0.02821065299212933	0.03602239117026329	0.01531451474875212	0.02757265977561474	0.005198504310101271	0.007398517336696386	0.004870150703936815	0.005651531741023064	0.04736553877592087	0.04699021577835083	0.0466587096452713	0.03321326524019241	0.04709489643573761	0.02075698599219322	0.02414922416210175	0.03839804977178574	0.03961377963423729	0.01308488566428423	0.03615041822195053	0.02729148790240288	0.02071497030556202	0.03490372747182846	0.02577821724116802	0.04402931034564972	0.008535245433449745	0.02968581020832062	0.04050404950976372	0.05499128997325897	0.02617141976952553	0.04627783969044685	0.03187901899218559	0.01696322672069073	0.04773880913853645	0.02740717306733131	0.01294543594121933	0.04611579328775406	0.03612811118364334	0.04617992043495178	0.02910246700048447	0.0399981252849102	0.03531166166067123	0.0097005320712924	0.01794848032295704	0.02020650170743465	0.04288282990455627	0.0420282818377018	0.03146494179964066	0.0422053150832653	0.03419690579175949	0.04773880913853645	0.01392549835145473	0.03981596231460571	0.01712099276483059	0.008924462832510471	0	0.0401436984539032	0.042373888194561	0.02657396905124187	0.02892751805484295	0.03009060025215149	0.04129971563816071	0.0405578650534153	0.04347410053014755	0.04168760403990746	0.0382893942296505	0.04101213067770004	0.03727380186319351	0.04532533884048462	0.04752716049551964	0.03320571407675743	0.02402857691049576	0.02104742638766766	0.1153682544827461	0.1183507889509201	0.01369527075439692	0.01921344548463821	0.09106747806072235	0.01184063963592052	0.04629414528608322	0.04519901052117348	0.05274283885955811	0.0482858270406723	0.04584420099854469	0.0463767796754837	0.04268363490700722	0.04630045220255852	0.03636747598648071	0.04773880913853645	0.03721101582050323	0.04643528908491135	0.03023289516568184	0.05721559002995491	0.01471889950335026	0.03125399723649025	0.03894495218992233	0.02573990449309349	0.05076344311237335	0.04234704747796059	0.04306280985474586	0.05682792142033577	0.03321879357099533	0.03768960386514664	0.03374458849430084	0.04211368039250374	0.03764748573303223	0.04556498304009438	0.04435371607542038	0.0431649312376976	0.04401338472962379	0.04293151944875717	0.03640248253941536	0.03707291558384895	0.04579555988311768	0.01780982874333858	0.04248152300715446	0.04523764550685883	0.03078929521143436	0.02822566032409668	0.03198933601379395	0.02560527622699738	0.03371717408299446	0.03491568565368652	0.03616008907556534	0.0356973297894001	0.03980836644768715	0.02208449319005013	0.04370424896478653	0.03047620132565498	0.02974602393805981	0.008852364495396614	0.02495968155562878	0.02108951658010483	0.02404925227165222	0.03531723842024803	0.04088336601853371	0.03265604749321938	0.03184754401445389	0.02341714315116405	0.02721425704658031	0.04600681364536285	0.01413242146372795	0.01624302007257938	0.02641736157238483	0.0454004667699337	0.1347708255052567	0.1419011205434799	0.01495418976992369	0.04563423246145248	0.07089360058307648	0.1274378150701523	0.02833887003362179	0.03962516784667969	0.041424460709095	0.04626700282096863	0.03312026336789131	0.04154446721076965	0.1052397638559341	0.01703953370451927	0.04811049252748489	0.02448442205786705	0.1064937487244606	0.042543675750494	0.1253830641508102	0.02158029936254025	0.01518162433058023	0.01466299593448639	0.04109266772866249	0.1408612579107285
S2014m_E9-A-1-F	0.0710216760635376	0.0596441850066185	0.04618576914072037	0.05507839471101761	0.01261674985289574	0.005873471032828093	0.02515128068625927	0.06384191662073135	0.04715294763445854	0.07074090093374252	0.08209332078695297	0.04519772157073021	0.002383779035881162	0.0213958453387022	0.03684649243950844	0.03312316536903381	0.03576933220028877	0.03750592097640038	0.02267373353242874	0.04858706519007683	0.02036337181925774	0.01121896505355835	0.03211403265595436	0.04540234804153442	0.0211098063737154	0.02917345613241196	0.03874548897147179	0.04325956478714943	0.03207902237772942	0.02088550105690956	0.03744411841034889	0.03768383339047432	0.03986719623208046	0.03810761868953705	0.04869174584746361	0.04821166396141052	0.04777555167675018	0.02683253213763237	0.04810698330402374	0.02483718283474445	0.01599448174238205	0.002408662112429738	0.01353984139859676	0.03166987001895905	0.0112941162660718	0.02186539582908154	0.03879647329449654	0.04513031616806984	0.04273565113544464	0.04776888340711594	0.0327717587351799	0.04266811907291412	0.01141499169170856	0.03409872949123383	0.0184982605278492	0.04401934891939163	0.02077535167336464	0.04044746235013008	0.049383245408535	0.04419594630599022	0.04051826149225235	0.04842322319746017	0.005403760820627213	0.04476739838719368	0.01594059728085995	0.02657105773687363	0.007390400394797325	0.03627618029713631	0.04251196980476379	0.04443716257810593	0.02629403956234455	0.003210584865882993	0.02947340719401836	0.002353291027247906	0.006691675633192062	0.049383245408535	0.03755206987261772	0.03349797800183296	0.04403985664248466	0.04184560850262642	0.0401436984539032	0	0.04648737609386444	0.03196989744901657	0.02717050164937973	0.01563343219459057	0.04169948026537895	0.04214441031217575	0.04224514216184616	0.04333203285932541	0.04935114830732346	0.05619260668754578	0.04641842097043991	0.05341059342026711	0.04917159304022789	0.04633147269487381	0.03236732631921768	0.04429119825363159	0.1145604327321053	0.109427236020565	0.04686679318547249	0.03861981257796288	0.09334100782871246	0.04355376958847046	0.04343745857477188	0.04684343934059143	0.06289739161729813	0.05914263054728508	0.04804703965783119	0.04868420958518982	0.04383822157979012	0.04688971489667892	0.02074047364294529	0.049383245408535	0.01122905407100916	0.04628744348883629	0.03608706966042519	0.03999445214867592	0.03514689579606056	0.04423507675528526	0.04285820573568344	0.03141136094927788	0.04618919640779495	0.04399148002266884	0.03701452538371086	0.05794476717710495	0.03849761188030243	0.04292885586619377	0.04619380831718445	0.04590894281864166	0.04445158317685127	0.04853542521595955	0.04623805359005928	0.04774602130055428	0.04449012130498886	0.04478150978684425	0.02300441078841686	0.03381612524390221	0.04621699824929237	0.0358918309211731	0.04191981628537178	0.04427876323461533	0.0443912111222744	0.04327144846320152	0.04185261949896812	0.0191254373639822	0.013900444842875	0.0117951026186347	0.03347241878509521	0.01382047869265079	0.01995018310844898	0.03775176033377647	0.04765705391764641	0.03879761695861816	0.03648693487048149	0.04625973105430603	0.04554365575313568	0.02912727929651737	0.03826197981834412	0.01897373236715794	0.03760446235537529	0.03492644801735878	0.02818425931036472	0.04958494752645493	0.04300915077328682	0.04831425100564957	0.04189630597829819	0.0495951771736145	0.02465944178402424	0.005541409831494093	0.135529100894928	0.1410932987928391	0.04618576914072037	0.01061010453850031	0.05788090825080872	0.1205855533480644	0.01860694214701653	0.02027329057455063	0.004142073448747396	0.0234873853623867	0.01809165440499783	0.003599076298996806	0.09436703473329544	0.03899762406945229	0.05086926370859146	0.01789207011461258	0.08998208492994308	0.03079591691493988	0.1305422484874725	0.02543392032384872	0.04357978329062462	0.02916810661554337	0.00602621678262949	0.1407164633274078
S2017t1_E11-T1a-Female	0.0763654038310051	0.08421126008033752	0.05303424224257469	0.07680152356624603	0.05830547213554382	0.04644124954938889	0.05530193448066711	0.08708274364471436	0.05442015081644058	0.07446043938398361	0.08355129510164261	0.005193687975406647	0.04887115582823753	0.04015694558620453	0.04348598420619965	0.04502052813768387	0.05102648586034775	0.04521055519580841	0.03335681557655334	0.006771172396838665	0.03067196719348431	0.04353399947285652	0.01917203702032566	0.005588097963482141	0.04201925173401833	0.02803930267691612	0.02691718563437462	0.01460295543074608	0.03496147692203522	0.03355792909860611	0.03954491391777992	0.04745069146156311	0.04647248238325119	0.04300418496131897	0.006666489876806736	0.006081803701817989	0.005959662608802319	0.02164233662188053	0.006186486221849918	0.03257818147540092	0.04110096022486687	0.04474171996116638	0.03294753655791283	0.04268362745642662	0.04741862416267395	0.04850474372506142	0.02775745652616024	0.007679525762796402	0.01680503599345684	0.003648488316684961	0.0374206081032753	0.01310680899769068	0.04949973523616791	0.05629486590623856	0.03866704180836678	0.005051062908023596	0.03435878083109856	0.02582938969135284	0.007357987109571695	0.01507131569087505	0.03165971487760544	0.005734969861805439	0.04229985550045967	0.005807748530060053	0.03503593802452087	0.02812711521983147	0.04073121398687363	0.03954875469207764	0.02620291523635387	0.03561733290553093	0.02085634134709835	0.04837195575237274	0.02196894399821758	0.04884066805243492	0.03979570418596268	0.007357987109571695	0.03324137628078461	0.01298940274864435	0.02738518081605434	0.03488020598888397	0.042373888194561	0.04648737609386444	0	0.02797369100153446	0.03838557749986649	0.03671777248382568	0.02264389581978321	0.0219020452350378	0.02361239306628704	0.01957648992538452	0.01686692051589489	0.05071695521473885	0.04705489426851273	0.0500631108880043	0.007146337535232306	0.01346495375037193	0.03231838718056679	0.03649892285466194	0.1056406199932098	0.1091650128364563	0.0521872341632843	0.02703044936060905	0.08919451385736465	0.04760107025504112	0.02720811031758785	0.01122770551592112	0.03769206628203392	0.04052136838436127	0.004941781982779503	0.005578954238444567	0.006495368666946888	0.005178426392376423	0.03528808429837227	0.007357987109571695	0.03567935898900032	0.005000008270144463	0.02099451422691345	0.04364433884620667	0.04085424542427063	0.0286357868462801	0.01954970695078373	0.03379394486546516	0.01412774808704853	0.02333129569888115	0.01272373739629984	0.01698347553610802	0.02281545288860798	0.01962035894393921	0.0173744298517704	0.001220251666381955	0.01355024985969067	0.004767163656651974	0.003445306327193975	0.002860252512618899	0.004495805595070124	0.02359754219651222	0.0321752205491066	0.02808013744652271	0.005138061475008726	0.04254035651683807	0.02230756729841232	0.003593870671465993	0.02799509093165398	0.03868221864104271	0.02737141214311123	0.04151450097560883	0.03877249732613564	0.03856039792299271	0.02258247509598732	0.03617115691304207	0.02703452482819557	0.0350409522652626	0.01608390919864178	0.02222934551537037	0.02931083552539349	0.04691768437623978	0.02411979995667934	0.0473623089492321	0.03663666918873787	0.03055751882493496	0.01739706844091415	0.0288581121712923	0.03478952869772911	0.04574450850486755	0.02392026968300343	0.005208993330597878	0.03900090977549553	0.05505320802330971	0.04961962997913361	0.05202878639101982	0.124899223446846	0.1321734935045242	0.05303424224257469	0.05229797959327698	0.0760943591594696	0.117732360959053	0.04895734414458275	0.04411608725786209	0.04811661690473557	0.0568009540438652	0.03819089010357857	0.04823662340641022	0.1005674004554749	0.05276791378855705	0.06679957360029221	0.04182758927345276	0.1014713868498802	0.05312478914856911	0.1186553686857224	0.04816556721925735	0.05314585193991661	0.04736479371786118	0.04743634536862373	0.131133645772934
S2017t1_E11-T1a-Male	0.0591687485575676	0.07246938347816467	0.03799979761242867	0.06307843327522278	0.04378798976540565	0.03133035078644753	0.03425688296556473	0.07603476941585541	0.03938570246100426	0.05805172398686409	0.06905422359704971	0.02393157966434956	0.03435367345809937	0.0179294291883707	0.02074475958943367	0.02584590017795563	0.02807575277984142	0.03672803565859795	0.01636076904833317	0.03474485874176025	0.01350170560181141	0.02880731411278248	0.01484917756170034	0.03239760175347328	0.02041824162006378	0.01032769400626421	0.01586640067398548	0.01972263120114803	0.0148270083591342	0.01174740772694349	0.02342676930129528	0.02964062988758087	0.03056796453893185	0.02709967084228992	0.03464017808437347	0.03405549377202988	0.03393334895372391	0.01206668186932802	0.03416017442941666	0.01156697701662779	0.01929043978452682	0.03022423572838306	0.02035008370876312	0.01973219215869904	0.02484910748898983	0.02419221960008144	0.01267239172011614	0.02217836864292622	0.01828538998961449	0.03162217885255814	0.01943991705775261	0.01968018710613251	0.0323302373290062	0.04247128590941429	0.0189854335039854	0.03101460449397564	0.02111457474529743	0.01578956469893456	0.03533167392015457	0.01932711154222488	0.01502251345664263	0.03370865806937218	0.02778237499296665	0.03176264464855194	0.01821639761328697	0.02649055793881416	0.02621373534202576	0.01933957450091839	0.01712310500442982	0.02264255098998547	0.02372388169169426	0.03385447710752487	0.01324787549674511	0.03432318568229675	0.02527821995317936	0.03533167392015457	0.01884437538683414	0.02180930227041245	0.01792073622345924	0.01908029057085514	0.02657396905124187	0.03196989744901657	0.02797369100153446	0	0.02098125591874123	0.02024878561496735	0.03406631574034691	0.03353367373347282	0.03503040224313736	0.0313127227127552	0.02285110764205456	0.03518348932266235	0.02903482876718044	0.03558900207281113	0.03512002527713776	0.02104598842561245	0.01072556246072054	0.01672724820673466	0.1103178784251213	0.1082246676087379	0.03388531878590584	0.01332944352179766	0.08273801952600479	0.03180115669965744	0.03043194301426411	0.0327918715775013	0.04026170819997787	0.03437381237745285	0.03291546925902367	0.03355264291167259	0.02968159504234791	0.03315211459994316	0.02249174006283283	0.03533167392015457	0.021161874756217	0.03265547379851341	0.01116199512034655	0.03774339333176613	0.01751554198563099	0.02115871757268906	0.03020593523979187	0.01340218354016542	0.03402276337146759	0.03506752476096153	0.02537041157484055	0.04410256072878838	0.02047691494226456	0.02853358164429665	0.01861777156591415	0.02802110835909843	0.02209645882248878	0.03274085372686386	0.03131438791751862	0.03083394095301628	0.03001907840371132	0.0353337749838829	0.02226639911532402	0.02427001111209393	0.03279352188110352	0.01958962343633175	0.03404379636049271	0.03019401431083679	0.0221607331186533	0.02274160273373127	0.02111341245472431	0.01720197685062885	0.02240775898098946	0.02209141105413437	0.01583131588995457	0.0216536708176136	0.02041230909526348	0.01347223296761513	0.02646025456488132	0.01226840447634459	0.01678596250712872	0.02861575782299042	0.01754888705909252	0.02325928583741188	0.01708689145743847	0.01459404081106186	0.0252117682248354	0.01229994464665651	0.01866361312568188	0.02821765094995499	0.01564247906208038	0.03318268060684204	0.01932970806956291	0.03675128892064095	0.02530710771679878	0.03751130402088165	0.1295764595270157	0.1368507444858551	0.03799979761242867	0.03778050094842911	0.05898667126893997	0.1184366568922997	0.02791230008006096	0.02806338854134083	0.0335991345345974	0.0380931943655014	0.02305050380527973	0.03371914103627205	0.09507731348276138	0.03273820504546165	0.04572232440114021	0.02154846861958504	0.09511058777570724	0.03528915718197823	0.121552363038063	0.02656455338001251	0.03241081163287163	0.02660181000828743	0.03291886672377586	0.1358108967542648
S2017t1_E11-T1b-Female	0.06262367218732834	0.07202600687742233	0.03165166452527046	0.06267030537128448	0.0372302383184433	0.02251665666699409	0.03372159227728844	0.07569613307714462	0.03436786308884621	0.06107940152287483	0.07301314175128937	0.03678961098194122	0.02763418108224869	0.02674778550863266	0.03217536956071854	0.02169023081660271	0.03247063979506493	0.04917443543672562	0.0110968230292201	0.0439002737402916	0.02363608591258526	0.02890475280582905	0.02802518010139465	0.04282591491937637	0.02494499646127224	0.03026644326746464	0.03259628266096115	0.0353834480047226	0.02852794341742992	0.02619885466992855	0.02808955125510693	0.02717597596347332	0.02602259628474712	0.02508822828531265	0.04379559308290482	0.04321090877056122	0.04308876767754555	0.0238848589360714	0.043315589427948	0.02106532454490662	0.02457798644900322	0.0292649008333683	0.03153944760560989	0.02689429372549057	0.02409888990223408	0.02736937068402767	0.02622043155133724	0.03472056239843369	0.032644122838974	0.04045936465263367	0.0243721716105938	0.03278595581650734	0.02741884812712669	0.04733595252037048	0.01844657771289349	0.0420793779194355	0.02573575265705585	0.03046104870736599	0.0441688634455204	0.03304939344525337	0.02867473661899567	0.04254584759473801	0.02703568339347839	0.04219096526503563	0.01903963275253773	0.03401884809136391	0.0264661367982626	0.02843967266380787	0.03203735128045082	0.03339556232094765	0.03637979179620743	0.02617503516376019	0.02796309813857079	0.02707396447658539	0.02527889981865883	0.0441688634455204	0.02819749712944031	0.03446521237492561	0.03271942585706711	0.03052510321140289	0.02892751805484295	0.02717050164937973	0.03838557749986649	0.02098125591874123	0	0.01907768286764622	0.036066684871912	0.03382483124732971	0.03627623990178108	0.03780288994312286	0.03820936009287834	0.04650041833519936	0.04089092463254929	0.04661009088158607	0.04395721480250359	0.03483640030026436	0.02279299311339855	0.02964289486408234	0.1075068488717079	0.1093623414635658	0.03464358299970627	0.02496352978050709	0.08763392269611359	0.03219879046082497	0.04052431881427765	0.04162906110286713	0.05058979615569115	0.04851944372057915	0.04217001423239708	0.04270258545875549	0.03947346284985542	0.04262575134634972	0.02970044687390327	0.0441688634455204	0.0285076517611742	0.04255159199237823	0.03043760359287262	0.05050355195999146	0.02562757767736912	0.03382560983300209	0.03313425183296204	0.02797384560108185	0.04614646732807159	0.03877709805965424	0.03802625089883804	0.05325797945261002	0.03114788234233856	0.03208770602941513	0.03673498705029488	0.03801946341991425	0.03257744014263153	0.04189078882336617	0.04046979919075966	0.03977537527680397	0.0401291735470295	0.03936156630516052	0.02766646631062031	0.03083743341267109	0.04258538782596588	0.03193074464797974	0.03571146354079247	0.04103968292474747	0.03440478816628456	0.03390391543507576	0.03072398155927658	0.02592978253960609	0.02574914321303368	0.02649242617189884	0.03276891633868217	0.02790813334286213	0.032752376049757	0.03188968449831009	0.04051657766103745	0.03208135813474655	0.03072124160826206	0.03521813452243805	0.03534787148237228	0.02604354918003082	0.03187230229377747	0.02808073721826077	0.0363711453974247	0.03285389021039009	0.02800673246383667	0.03842981159687042	0.03407792001962662	0.04233261942863464	0.03327882662415504	0.03471352905035019	0.02645853161811829	0.02943394519388676	0.1262963563203812	0.1337981671094894	0.03165166452527046	0.03056975267827511	0.06116050109267235	0.1180205792188644	0.02444009855389595	0.03148648887872696	0.02478543855249882	0.03484892472624779	0.01997093856334686	0.02490544691681862	0.09529769420623779	0.03194552287459373	0.0494399406015873	0.01964861713349819	0.09550521522760391	0.03222980722784996	0.1180236786603928	0.02525220438838005	0.03291886299848557	0.02519849129021168	0.02462629228830338	0.1323868036270142
S2017t1_E11-T1b-Male	0.06517915427684784	0.06402713060379028	0.03949983045458794	0.05548213422298431	0.0274515300989151	0.0149938827380538	0.02579903602600098	0.06801549345254898	0.04088573530316353	0.06406211853027344	0.07506462186574936	0.03431406617164612	0.01801720820367336	0.01710412837564945	0.02763774804770947	0.02748550474643707	0.03048744611442089	0.03879348188638687	0.01618612743914127	0.04338433966040611	0.01620691083371639	0.01634977571666241	0.0250600203871727	0.04103707894682884	0.01820079423487186	0.02226771973073483	0.0305775236338377	0.03300314024090767	0.02495701052248478	0.01732267253100872	0.02801910601556301	0.03176695480942726	0.03290349617600441	0.03008062765002251	0.04327965527772903	0.04279957711696625	0.04257282987236977	0.02068762108683586	0.04290425777435303	0.01659605279564857	0.01368783973157406	0.01484778802841902	0.01733976975083351	0.02395239099860191	0.01461316645145416	0.02035206742584705	0.02874337509274483	0.03528657183051109	0.0328918993473053	0.04026165977120399	0.02376546896994114	0.03303373232483864	0.01731978170573711	0.03440918773412704	0.01549514289945364	0.03965408354997635	0.01599125377833843	0.03039607964456081	0.04397115856409073	0.03414283320307732	0.03025665506720543	0.04234813898801804	0.01294161938130856	0.0404021292924881	0.01289998553693295	0.02618370950222015	0.0122232623398304	0.02602062188088894	0.03183422982692719	0.03357064723968506	0.02695350907742977	0.01751800812780857	0.02318885549902916	0.0179867222905159	0.01086178980767727	0.04397115856409073	0.02812705375254154	0.02853942476212978	0.03252724930644035	0.0315839946269989	0.03009060025215149	0.01563343219459057	0.03671777248382568	0.02024878561496735	0.01907768286764622	0	0.03756929934024811	0.0368274487555027	0.03811496496200562	0.03781569376587868	0.03763003274798393	0.04389713332056999	0.03636530786752701	0.04349671304225922	0.04375950619578362	0.03544462472200394	0.01756790466606617	0.03144793212413788	0.1109875366091728	0.1085760891437531	0.03788814321160316	0.02887993305921555	0.08655036985874176	0.03496833518147469	0.0380253829061985	0.04143135249614716	0.04947977513074875	0.04742152243852615	0.04155495017766953	0.04219212383031845	0.03832108154892921	0.04179159551858902	0.01804658398032188	0.04397115856409073	0.01346554327756166	0.04129494726657867	0.02604086883366108	0.04065479338169098	0.02447261102497578	0.0327233299612999	0.03329049795866013	0.02326657995581627	0.04266224429011345	0.03857939317822456	0.03369607776403427	0.05274204164743423	0.02824204973876476	0.03248964622616768	0.0351007841527462	0.03666058927774429	0.03460783883929253	0.04138033092021942	0.0401630774140358	0.03947342187166214	0.03865855932235718	0.03884564340114594	0.01793096028268337	0.02544521726667881	0.04143300279974937	0.02605499885976315	0.03712835907936096	0.03883349150419235	0.03308882936835289	0.03366969153285027	0.0320415087044239	0.01347588188946247	0.01086735352873802	0.01012771390378475	0.02572922594845295	0.01308843679726124	0.02078583464026451	0.02728683687746525	0.03740149363875389	0.02875142358243465	0.02771405875682831	0.03453861922025681	0.03403190523386002	0.02217048779129982	0.02801498770713806	0.01520758867263794	0.03299664705991745	0.02676452323794365	0.02054516226053238	0.03914573788642883	0.03212549537420273	0.0418221615254879	0.0310126505792141	0.04075411334633827	0.02188992872834206	0.0211748369038105	0.1302461177110672	0.1375203877687454	0.03949983045458794	0.02144403569400311	0.05615728348493576	0.1191062927246094	0.01987742632627487	0.01859474368393421	0.0172626655548811	0.02566937729716301	0.01672668568789959	0.01738267205655575	0.0932011678814888	0.03454630076885223	0.04747071489691734	0.0163006167858839	0.09164330363273621	0.02802430465817451	0.1228154301643372	0.02359924837946892	0.03641363233327866	0.02618231624364853	0.01658239960670471	0.1364805549383163
S2017t1_E13-T1a-Female	0.07447499781847	0.07907477766275406	0.05040261894464493	0.07491112500429153	0.05285456776618958	0.0445508286356926	0.05341152101755142	0.08163183927536011	0.05242498219013214	0.07269587367773056	0.08186277002096176	0.02570107765495777	0.04408325627446175	0.04079911857843399	0.04391088336706161	0.04351236298680305	0.05059610679745674	0.04659714177250862	0.03092540055513382	0.02119528502225876	0.03408011794090271	0.0375518687069416	0.0282423235476017	0.0210806168615818	0.03939912468194962	0.03508070111274719	0.03397917747497559	0.02804986387491226	0.03861621022224426	0.03763996437191963	0.03892730548977852	0.04597780853509903	0.04379183799028397	0.04014481976628304	0.02109060250222683	0.02050591632723808	0.02104678004980087	0.02856677770614624	0.02061060070991516	0.03401109948754311	0.0413372814655304	0.04100001975893974	0.03585106506943703	0.04093241319060326	0.04698824137449265	0.04807436093688011	0.03366224467754364	0.02543952874839306	0.02975564636290073	0.02101872861385345	0.03797962889075279	0.02776663191616535	0.04802685230970383	0.0562954917550087	0.03623562678694725	0.02160900831222534	0.03416847810149193	0.03406938537955284	0.02146387286484241	0.02856277674436569	0.03649109229445457	0.02116686478257179	0.03868483006954193	0.01915175840258598	0.0339571125805378	0.01683762855827808	0.03799739480018616	0.03943774104118347	0.03539197146892548	0.02948176860809326	0.02993368543684483	0.04491006582975388	0.03160589933395386	0.04376109316945076	0.04045933112502098	0.02146387286484241	0.03404048085212708	0.0281812809407711	0.03476030379533768	0.03786025568842888	0.04129971563816071	0.04169948026537895	0.02264389581978321	0.03406631574034691	0.036066684871912	0.03756929934024811	0	0.002882361179217696	0.003092586994171143	0.005077460315078497	0.02946613915264606	0.05209516733884811	0.04535036534070969	0.04771162942051888	0.02082092128694057	0.02578325569629669	0.03296402841806412	0.04100654274225235	0.09807828068733215	0.1028515100479126	0.05047126859426498	0.0317109189927578	0.0877409353852272	0.04495567455887794	0.02792712673544884	0.01374844275414944	0.04614769294857979	0.04005503281950951	0.0211104229092598	0.02142784744501114	0.02088800817728043	0.02022838965058327	0.03440032154321671	0.02146387286484241	0.03863358497619629	0.02114888839423656	0.03063776902854443	0.04803825542330742	0.04067600890994072	0.02269554696977139	0.005020576994866133	0.02937324158847332	0.02941586449742317	0.004303778987377882	0.02006787247955799	0.0304633192718029	0.01568388193845749	0.006587961688637733	0.02975109033286572	0.02205699309706688	0.02725148573517799	0.02149420231580734	0.02026255801320076	0.02095236070454121	0.01962199620902538	0.006274133920669556	0.02364383451640606	0.01992800645530224	0.01898405887186527	0.04510108381509781	0.003641153918579221	0.02242753654718399	0.02069377899169922	0.03199795261025429	0.01745238155126572	0.04279332607984543	0.03812313824892044	0.04090547561645508	0.03125607967376709	0.03434582427144051	0.03329721838235855	0.03680473938584328	0.03231428191065788	0.02604465000331402	0.0224069245159626	0.04788260161876678	0.03383190184831619	0.04671626910567284	0.03296351432800293	0.03739126399159431	0.01147665083408356	0.03203378990292549	0.03563772514462471	0.04121674597263336	0.0292324535548687	0.0204109326004982	0.04327084124088287	0.05388161167502403	0.049189243465662	0.0462932400405407	0.1202199459075928	0.1235168501734734	0.05040261894464493	0.04994666576385498	0.07462149858474731	0.1128748804330826	0.04734528064727783	0.04524506255984306	0.04584154859185219	0.0544927679002285	0.03481849282979965	0.04529855027794838	0.09749015420675278	0.05129503086209297	0.06532669067382812	0.04007626697421074	0.09602048248052597	0.05087385326623917	0.1160237416625023	0.04669268056750298	0.05271546542644501	0.04560023173689842	0.04582424461841583	0.1242343187332153
S2017t1_E13-T1a-Male	0.07216311991214752	0.07815910130739212	0.04809074103832245	0.07259923219680786	0.05225330218672752	0.04223895445466042	0.05152693763375282	0.08103058487176895	0.05011310428380966	0.07024482637643814	0.07941171526908875	0.02495922520756721	0.04367358982563019	0.04005726426839828	0.04345367476344109	0.04106130823493004	0.04899965226650238	0.04798972606658936	0.02961358614265919	0.02358379401266575	0.033338263630867	0.03894444927573204	0.02764630876481533	0.02282369881868362	0.03865726664662361	0.03433884680271149	0.03323732689023018	0.027308015152812	0.03787435591220856	0.03689811378717422	0.03847009688615799	0.04395405203104019	0.04144538566470146	0.03883301094174385	0.02347911335527897	0.02289442718029022	0.02277228608727455	0.02782492339611053	0.022999107837677	0.03354768455028534	0.04059542715549469	0.0421079583466053	0.03629599884152412	0.04019055888056755	0.04496448859572411	0.04647790640592575	0.03292039409279823	0.0246976763010025	0.02901379950344563	0.02119045332074165	0.03723777085542679	0.02702477760612965	0.04643039777874947	0.05555363744497299	0.03492381423711777	0.0227169506251812	0.0337112657725811	0.03332753106951714	0.0238523818552494	0.02782092802226543	0.03574924170970917	0.02222936600446701	0.03794297575950623	0.02089484035968781	0.03328485041856766	0.01794556900858879	0.03725554049015045	0.03898053243756294	0.03465011715888977	0.02873991616070271	0.03104162961244583	0.04288630932569504	0.03086404874920845	0.04292412474751472	0.03971747308969498	0.0238523818552494	0.03344446420669556	0.0274394266307354	0.03430308774113655	0.03711840137839317	0.0405578650534153	0.04214441031217575	0.0219020452350378	0.03353367373347282	0.03382483124732971	0.0368274487555027	0.002882361179217696	0	0.003125445917248726	0.006802965886890888	0.02893349714577198	0.05135331302881241	0.04460851475596428	0.04696977883577347	0.02320943027734756	0.02525061741471291	0.03250681608915329	0.04047389328479767	0.09815035760402679	0.1022502556443214	0.04802021011710167	0.0307606402784586	0.08727750927209854	0.04379618540406227	0.02903506718575954	0.01613695174455643	0.04540584608912468	0.0393131859600544	0.02195778302848339	0.02249034866690636	0.02123302035033703	0.02187797427177429	0.03422154858708382	0.0238523818552494	0.03789173439145088	0.0224441085010767	0.03000052087008953	0.04848320409655571	0.04014336317777634	0.02205829881131649	0.003851424437016249	0.02873599343001842	0.02986080199480057	0.006168503779917955	0.02117581106722355	0.03248030692338943	0.01494203228503466	0.005418808199465275	0.02900923602283001	0.02131514064967632	0.02671883814036846	0.0218177791684866	0.02036204375326633	0.02052807994186878	0.01915857940912247	0.007399929687380791	0.02318041585385799	0.01918615587055683	0.02115742489695549	0.0443592332303524	0.002560164779424667	0.02220947109162807	0.01995192468166351	0.02954689972102642	0.0150013267993927	0.04205147549510002	0.03766593337059021	0.04016362130641937	0.03051422536373138	0.0336039662361145	0.03307915478944778	0.03606289625167847	0.03157243132591248	0.02558744326233864	0.0216650702059269	0.04714074730873108	0.03309004753828049	0.0446925200521946	0.03222166746854782	0.03664940968155861	0.01125858630985022	0.03129193186759949	0.03518051654100418	0.0396202951669693	0.02849060297012329	0.02147343568503857	0.04252898693084717	0.05143056064844131	0.04673818871378899	0.04569197446107864	0.1180325150489807	0.1238246336579323	0.04809074103832245	0.04749561101198196	0.0721704363822937	0.1116802170872688	0.04489422589540482	0.04450320824980736	0.04339049383997917	0.05232014507055283	0.03265207633376122	0.04284749925136566	0.0951782763004303	0.04884397983551025	0.06287563592195511	0.03847981616854668	0.09541922807693481	0.04842279851436615	0.1137118637561798	0.04424162209033966	0.05026441067457199	0.04314917698502541	0.04337318986654282	0.1232160851359367
S2017t1_E13-T1b-Female	0.0733114555478096	0.07791123539209366	0.05029851570725441	0.07374757528305054	0.05169103294610977	0.04338729381561279	0.0526752844452858	0.0804683044552803	0.0516844280064106	0.07182401418685913	0.08069922775030136	0.02624674327671528	0.0437743216753006	0.0413447804749012	0.04531047493219376	0.04255803674459457	0.05028716847300529	0.04799673706293106	0.03167960047721863	0.022062161937356	0.03540427982807159	0.03916067257523537	0.02936430834233761	0.02162628248333931	0.0402294285595417	0.0356263667345047	0.0346294492483139	0.02859553508460522	0.03916187584400177	0.03829023987054825	0.04032690078020096	0.0452415719628334	0.04404324293136597	0.04185369983315468	0.02195747755467892	0.02147739566862583	0.02191365323960781	0.02932165004312992	0.02158207632601261	0.03476597368717194	0.0418829433619976	0.04154568538069725	0.03639673069119453	0.04225656762719154	0.04625200480222702	0.04776542261242867	0.0353717990219593	0.02672640047967434	0.03072429820895195	0.0226238276809454	0.03873449936509132	0.02873527444899082	0.04771791771054268	0.05684115365147591	0.03698982670903206	0.022154675796628	0.03556806966662407	0.03503803536295891	0.02264897525310516	0.03037708625197411	0.03820065036416054	0.02235196344554424	0.03979977965354919	0.01969742588698864	0.03471198678016663	0.01738329418003559	0.03882770240306854	0.04104654118418694	0.03636046499013901	0.0310868714004755	0.03047935478389263	0.04417382925748825	0.03225617110729218	0.04331653565168381	0.04100499302148819	0.02264897525310516	0.03530126810073853	0.02872694656252861	0.0372193269431591	0.04003463685512543	0.04347410053014755	0.04224514216184616	0.02361239306628704	0.03503040224313736	0.03627623990178108	0.03811496496200562	0.003092586994171143	0.003125445917248726	0	0.006262561306357384	0.03106668218970299	0.05264084041118622	0.04589603096246719	0.04825729131698608	0.02200602367520332	0.02780677750706673	0.03457283228635788	0.04292530566453934	0.09835300594568253	0.1016879677772522	0.05004893615841866	0.03321204707026482	0.08828659355640411	0.04614314064383507	0.02911366149783134	0.01493354421108961	0.04743456467986107	0.04124157130718231	0.02197577618062496	0.02261294610798359	0.02228759974241257	0.02056189626455307	0.03579991683363914	0.02264897525310516	0.0391792505979538	0.02137698419392109	0.03167728334665298	0.04858393222093582	0.04192473366856575	0.02387766726315022	0.006198375020176172	0.030128113925457	0.02996153011918068	0.005488879978656769	0.02061353623867035	0.0317017175257206	0.01622954942286015	0.007765758782625198	0.03029675781726837	0.02260265871882439	0.02885202318429947	0.02246416173875332	0.02175864018499851	0.02284210175275803	0.02016766183078289	0.007297390140593052	0.02418949827551842	0.02075831592082977	0.02009900845587254	0.04564674943685532	0.002147721359506249	0.0229732058942318	0.02194706350564957	0.03083441779017448	0.01628884486854076	0.04333898797631264	0.03952273353934288	0.04145113751292229	0.03208638355135918	0.03517612814903259	0.03412752971053123	0.03791970014572144	0.03285994753241539	0.02744424343109131	0.02295258827507496	0.04948769882321358	0.03480054438114166	0.04598003998398781	0.03350918367505074	0.03793692961335182	0.01202231831848621	0.0325794517993927	0.03703731670975685	0.04112143442034721	0.02977811731398106	0.0215960331261158	0.04381650686264038	0.05377750843763351	0.0480257086455822	0.04541434347629547	0.1197976171970367	0.123364269733429	0.05029851570725441	0.04892896860837936	0.07345795631408691	0.1117113381624222	0.04618174210190773	0.04628457874059677	0.04467801004648209	0.0533292256295681	0.03471808880567551	0.04413501173257828	0.09632661938667297	0.05013149231672287	0.06416314840316772	0.03976733237504959	0.09485694020986557	0.05027959868311882	0.1159196421504021	0.04552914202213287	0.0515519306063652	0.04472837224602699	0.04466070234775543	0.1240817457437515
S2017t1_E13-T1b-Male	0.07617714256048203	0.08105593174695969	0.05189525336027145	0.07661325484514236	0.05515012517571449	0.04625297337770462	0.05511365830898285	0.08392740786075592	0.05412712320685387	0.07462012022733688	0.08349531143903732	0.02252906560897827	0.0457158051431179	0.03998040035367012	0.04458391666412354	0.04524987563490868	0.05212441086769104	0.04504631087183952	0.03362109512090683	0.01720034703612328	0.0317908450961113	0.040483258664608	0.02575087919831276	0.01867585815489292	0.04131632298231125	0.03190868720412254	0.0309117715805769	0.02487785369157791	0.03554844856262207	0.03467680513858795	0.0397045873105526	0.04761035740375519	0.0462028831243515	0.04273625835776329	0.0170956663787365	0.01725305058062077	0.01692155189812183	0.02570822089910507	0.01735773123800755	0.03214636445045471	0.04126063734292984	0.04158637672662735	0.03278329968452454	0.04323920980095863	0.04851654171943665	0.04960266128182411	0.03080369159579277	0.02226701378822327	0.02668788656592369	0.01788067817687988	0.03768488764762878	0.02469886653125286	0.04965940117835999	0.05579153820872307	0.03893131762742996	0.01920425146818161	0.03451845422387123	0.03089737519621849	0.01736418157815933	0.02570422552525997	0.03352828696370125	0.0169368814677	0.03992781043052673	0.01674700155854225	0.03408967331051826	0.01742397993803024	0.03863268345594406	0.04031997919082642	0.03232455998659134	0.03037326596677303	0.02752893045544624	0.04654261469841003	0.02864274568855762	0.04568532109260559	0.03995538130402565	0.01736418157815933	0.03296975046396255	0.02511351555585861	0.03223270922899246	0.03504801541566849	0.04168760403990746	0.04333203285932541	0.01957648992538452	0.0313127227127552	0.03780288994312286	0.03781569376587868	0.005077460315078497	0.006802965886890888	0.006262561306357384	0	0.02671254612505436	0.05042184516787529	0.04527371376752853	0.04763497784733772	0.01672123000025749	0.02302966639399529	0.03192654252052307	0.03804243355989456	0.09875895082950592	0.1051470339298248	0.05189481750130653	0.03021008893847466	0.08865809440612793	0.0463787280023098	0.02552236989140511	0.009648751467466354	0.04266040772199631	0.03731032460927963	0.01719851605594158	0.01709361560642719	0.01881339214742184	0.01666470803320408	0.03318030759692192	0.01736418157815933	0.03525105863809586	0.01765930838882923	0.02774909697473049	0.04486624523997307	0.04162546992301941	0.0227238554507494	0.007633281871676445	0.03068345226347446	0.02624385245144367	0.004151082132011652	0.01766311191022396	0.02721143513917923	0.01529246661812067	0.008769362233579159	0.02657908201217651	0.01867446675896645	0.024602135643363	0.01747754402458668	0.01740400493144989	0.01785548403859138	0.01669345237314701	0.006615282036364079	0.02541560307145119	0.02067583613097668	0.01714858412742615	0.04363828152418137	0.006361444946378469	0.01925552450120449	0.02122482098639011	0.03352626413106918	0.01898068748414516	0.04261242970824242	0.03901294618844986	0.03944266214966774	0.02836871147155762	0.03444955870509148	0.03040985390543938	0.03462931886315346	0.02893175557255745	0.0237265657633543	0.02350792661309242	0.0470648966729641	0.03065989166498184	0.04803405329585075	0.03363721817731857	0.03421925008296967	0.008304637856781483	0.02886177599430084	0.035245630890131	0.04274505376815796	0.0260604415088892	0.0160767026245594	0.04009882733225822	0.05520041286945343	0.05050703138113022	0.04887343570590019	0.1217477470636368	0.1248605027794838	0.05189525336027145	0.05172505602240562	0.07625405490398407	0.1145770251750946	0.04897783696651459	0.04438035562634468	0.04747410118579865	0.05626453459262848	0.03751418367028236	0.04693110287189484	0.0991922989487648	0.05292758345603943	0.06695923209190369	0.0417088195681572	0.09831603616476059	0.05307569354772568	0.1175163760781288	0.04832522943615913	0.0542437732219696	0.04752446338534355	0.04745679348707199	0.1252619326114655
S2017t1_E14-T1a-Female	0.06316282600164413	0.07694283127784729	0.04964563623070717	0.06893967837095261	0.05103704333305359	0.04871160164475441	0.04209934175014496	0.07981431484222412	0.04459497332572937	0.06118826195597649	0.07013306766748428	0.01356601435691118	0.05173493176698685	0.03532672673463821	0.03796426951885223	0.04184554144740105	0.04574242606759071	0.03794211521744728	0.03223844617605209	0.02331986278295517	0.03127292916178703	0.04558021575212479	0.01917922869324684	0.02245501428842545	0.03739038109779358	0.02234593592584133	0.02179101668298244	0.009529135189950466	0.03119521215558052	0.02979166060686111	0.03577864542603493	0.04368441924452782	0.04206773638725281	0.03881508857011795	0.02321518026292324	0.02263049595057964	0.02250835485756397	0.02440149709582329	0.02273517847061157	0.03009949810802937	0.03733468800783157	0.0476054884493351	0.03581130504608154	0.03712330386042595	0.04303521290421486	0.04369597882032394	0.02019095607101917	0.01075337268412113	0.01303876936435699	0.0201971773058176	0.03354973345994949	0.01173619087785482	0.03957928717136383	0.04902642965316772	0.03623366355895996	0.02191798202693462	0.03608424589037895	0.022063123062253	0.02390667796134949	0.01173682231456041	0.02747060731053352	0.02228366024792194	0.0445166677236557	0.02052615582942963	0.03640871867537498	0.02969697676599026	0.04273237287998199	0.03420407325029373	0.02243664674460888	0.02919643186032772	0.02372010797262192	0.05123572051525116	0.02040045335888863	0.05170443654060364	0.04265947267413139	0.02390667796134949	0.02904380857944489	0.0175623744726181	0.02264603972434998	0.03055805899202824	0.0382893942296505	0.04935114830732346	0.01686692051589489	0.02285110764205456	0.03820936009287834	0.03763003274798393	0.02946613915264606	0.02893349714577198	0.03106668218970299	0.02671254612505436	0	0.03574021533131599	0.031862523406744	0.03612370416522026	0.02326372638344765	0.009267452172935009	0.02727216482162476	0.03157937154173851	0.1109427213668823	0.1031156703829765	0.04595998302102089	0.02263214811682701	0.07773581147193909	0.03295307606458664	0.01843214593827724	0.02007296681404114	0.02407795004546642	0.02407286129891872	0.02149047330021858	0.02212764509022236	0.01889305002987385	0.02161404490470886	0.03743890300393105	0.02390667796134949	0.03854312747716904	0.02186692506074905	0.01585184223949909	0.03637589886784554	0.035300362855196	0.01546008419245481	0.02560575678944588	0.0275866687297821	0.01584722474217415	0.02708994783461094	0.01740904338657856	0.02189841121435165	0.01907331496477127	0.02393340691924095	0.007894356735050678	0.01680126413702965	0.007645937148481607	0.02131585404276848	0.01967374235391617	0.01919329166412354	0.01835960894823074	0.02397879585623741	0.03036768361926079	0.02184763178229332	0.02135802619159222	0.03773158416152	0.02976184897124767	0.02046078816056252	0.02189242281019688	0.03257955610752106	0.02126874029636383	0.03670573234558105	0.03914205357432365	0.03925700858235359	0.01913181878626347	0.03774101287126541	0.02989829331636429	0.02893828041851521	0.006904376205056906	0.01612667366862297	0.02320816367864609	0.04179069027304649	0.01844842918217182	0.04233788698911667	0.03053399547934532	0.03101527504622936	0.02378592453896999	0.02275544032454491	0.02900341898202896	0.03626443073153496	0.01781759411096573	0.02111073024570942	0.03419212996959686	0.04992621392011642	0.04481086134910583	0.05151516199111938	0.1207820326089859	0.1276250183582306	0.04964563623070717	0.04502955451607704	0.0648479238152504	0.1132395341992378	0.04588696360588074	0.03879444301128387	0.05098037794232368	0.04534224420785904	0.04032121598720551	0.05110038444399834	0.09329894930124283	0.03886944800615311	0.05290111154317856	0.03945350646972656	0.09420293569564819	0.04253820329904556	0.1127579510211945	0.04102190211415291	0.04833708703517914	0.04359852895140648	0.046922717243433	0.1270164847373962
S2017t1_E14-T1a-Male	0.0297026913613081	0.05001027137041092	0.05313385650515556	0.04200711473822594	0.04774628952145576	0.05555305629968643	0.03643492981791496	0.0532287061214447	0.04776497185230255	0.0281553715467453	0.03796026110649109	0.04761273786425591	0.05857637897133827	0.0380815751850605	0.03842179104685783	0.04377102106809616	0.0464375838637352	0.02864293195307255	0.03931193798780441	0.05727926269173622	0.04107316583395004	0.05263088271021843	0.03903942555189133	0.05493200570344925	0.03693879023194313	0.03665637597441673	0.03342868387699127	0.04122472926974297	0.03288012742996216	0.03816128522157669	0.03786493465304375	0.04407879710197449	0.04499968886375427	0.04174704849720001	0.05717458203434944	0.05669450014829636	0.05646775662899017	0.0403323732316494	0.05679918080568314	0.03329068794846535	0.04019811749458313	0.05444694310426712	0.04846764728426933	0.03802767395973206	0.05102341249585152	0.04439114406704903	0.02975761145353317	0.04471277445554733	0.03516428545117378	0.0541565790772438	0.03579343110322952	0.03907188028097153	0.04642073437571526	0.02209386974573135	0.04255195334553719	0.05354900658130646	0.04292570054531097	0.03273478522896767	0.05786608159542084	0.03742969408631325	0.03481623902916908	0.05624306201934814	0.05135812237858772	0.05321879684925079	0.04345937445759773	0.046626977622509	0.04957383126020432	0.03574489429593086	0.03424351662397385	0.0362292118370533	0.04930803552269936	0.05807718262076378	0.03841285780072212	0.05854589119553566	0.04950092360377312	0.05786608159542084	0.03155739605426788	0.04624116793274879	0.03437232226133347	0.03603037819266319	0.04101213067770004	0.05619260668754578	0.05071695521473885	0.03518348932266235	0.04650041833519936	0.04389713332056999	0.05209516733884811	0.05135331302881241	0.05264084041118622	0.05042184516787529	0.03574021533131599	0	0.01082255132496357	0.01142538897693157	0.0572231337428093	0.04243139177560806	0.03155924379825592	0.03707433864474297	0.1251740753650665	0.08277519792318344	0.04982948675751686	0.03184578195214272	0.05677744746208191	0.03257684782147408	0.03329929336905479	0.05424802750349045	0.04477043449878693	0.03312881663441658	0.05544987693428993	0.05608704686164856	0.05221600830554962	0.0552552193403244	0.04513496160507202	0.05786608159542084	0.04731057584285736	0.05518987774848938	0.03514701873064041	0.02628088183701038	0.03726843371987343	0.03284081444144249	0.04833762347698212	0.03281830996274948	0.04325489699840546	0.04930056631565094	0.04840976744890213	0.04234821349382401	0.03954483941197395	0.04708226770162582	0.03731377050280571	0.04991370439529419	0.04051557183265686	0.05527525767683983	0.05384235829114914	0.05315269529819489	0.05147522687911987	0.04618940874934196	0.03965393826365471	0.03681259229779243	0.05468097329139709	0.03842675685882568	0.05165423452854156	0.05272842198610306	0.0397254005074501	0.03632825613021851	0.0400736890733242	0.04071591794490814	0.04639849066734314	0.04682821780443192	0.04085342213511467	0.04527389258146286	0.04623301699757576	0.03205981478095055	0.03926313668489456	0.03566780686378479	0.03543662652373314	0.04566018655896187	0.03519690781831741	0.04282253608107567	0.0331166684627533	0.04357980191707611	0.04581331834197044	0.03706474602222443	0.03679439052939415	0.04085555672645569	0.03373785316944122	0.05507013201713562	0.03808334097266197	0.0537957139313221	0.04529551416635513	0.05835661292076111	0.1036158800125122	0.1104588583111763	0.05313385650515556	0.04849360138177872	0.03791535273194313	0.09289905428886414	0.04620085284113884	0.04584509879350662	0.05782183632254601	0.03529669344425201	0.04737188294529915	0.05794184654951096	0.07122371345758438	0.03841785341501236	0.01867550797760487	0.04053331539034843	0.07178075611591339	0.02911525033414364	0.09559179097414017	0.04057031124830246	0.04945522919297218	0.04314693436026573	0.05376416444778442	0.1098503321409225
S2017t1_E14-T1b-Female	0.03581820428371429	0.05071524158120155	0.04911717027425766	0.04236513003706932	0.0379721075296402	0.04577887058258057	0.02666074968874454	0.05428062751889229	0.04374827817082405	0.03427089005708694	0.04375328496098518	0.04395069181919098	0.0488022044301033	0.02957071736454964	0.03372028470039368	0.03884628787636757	0.04025367274880409	0.02065879106521606	0.03208356350660324	0.05267896503210068	0.03239512071013451	0.04285669699311256	0.03296464681625366	0.05033170431852341	0.02981661818921566	0.02891658805310726	0.02850914932787418	0.03756267949938774	0.0283087994903326	0.02948323637247086	0.03412660583853722	0.04034046828746796	0.04126135632395744	0.0382172130048275	0.0525742843747139	0.05209420993924141	0.05186745896935463	0.03197255730628967	0.05219889059662819	0.0258459784090519	0.03042393736541271	0.04467276111245155	0.03978960588574409	0.033116664737463	0.04218748584389687	0.03820722922682762	0.02603478729724884	0.04011247307062149	0.03265912085771561	0.04955628514289856	0.03182078152894974	0.03447157517075539	0.03664655610918999	0.02287919260561466	0.03277776390314102	0.04894871264696121	0.03400910645723343	0.03050959669053555	0.05326578393578529	0.03349239751696587	0.03224337100982666	0.0516427718102932	0.04179243743419647	0.04840284585952759	0.03368519619107246	0.03649833053350449	0.03979965299367905	0.03294482454657555	0.03215697407722473	0.03307466581463814	0.04132390022277832	0.04830300062894821	0.03042872808873653	0.04877171665430069	0.04015405103564262	0.05326578393578529	0.02931611612439156	0.03825702518224716	0.03309866413474083	0.03359668329358101	0.03727380186319351	0.04641842097043991	0.04705489426851273	0.02903482876718044	0.04089092463254929	0.03636530786752701	0.04535036534070969	0.04460851475596428	0.04589603096246719	0.04527371376752853	0.031862523406744	0.01082255132496357	0	0.009743461385369301	0.05262283235788345	0.03833804279565811	0.02669396251440048	0.03636326640844345	0.1201905980706215	0.08551902323961258	0.04702940583229065	0.02868085727095604	0.06121321395039558	0.02856008149683475	0.02616152353584766	0.04878512397408485	0.04250195249915123	0.0293171051889658	0.05126658082008362	0.05190375819802284	0.04761570692062378	0.05065491795539856	0.03685782477259636	0.05326578393578529	0.03965431079268456	0.05079807341098785	0.02989881485700607	0.02188264392316341	0.03331651538610458	0.02703425660729408	0.04253106564283371	0.02429981343448162	0.03844011947512627	0.04255575686693192	0.04104984551668167	0.03774790465831757	0.03394880145788193	0.04127570986747742	0.03343606367707253	0.04604515805840492	0.03581051900982857	0.05109196156263351	0.0492420569062233	0.04876089096069336	0.04665928706526756	0.03944459930062294	0.0295252837240696	0.02710296213626862	0.05008067563176155	0.03373836353421211	0.04532643407583237	0.04854512587189674	0.033918846398592	0.03317371010780334	0.0342671312391758	0.03187998384237289	0.03777308017015457	0.0392741821706295	0.03359188884496689	0.03538959473371506	0.03853407874703407	0.02844627201557159	0.03581159934401512	0.03114315867424011	0.02920708805322647	0.04328740760684013	0.03418687731027603	0.03684912994503975	0.02821290865540504	0.03584001213312149	0.04076741263270378	0.02915625460445881	0.02945386245846748	0.03700711205601692	0.03120221011340618	0.0508868396282196	0.03656516596674919	0.05099563300609589	0.03932210803031921	0.04858242720365524	0.1080516651272774	0.1148946210741997	0.04911717027425766	0.03871942311525345	0.03827337175607681	0.09691183269023895	0.03880032896995544	0.03735282272100449	0.04804765433073044	0.025522505864501	0.03759769350290298	0.04816766083240509	0.07227563112974167	0.03298760205507278	0.02168554067611694	0.03285427391529083	0.07283268123865128	0.01934106461703777	0.1000275611877441	0.03344813361763954	0.04665514826774597	0.03602476790547371	0.04398997873067856	0.1142860874533653
S2017t1_E14-T1b-Male	0.0360015295445919	0.05060567334294319	0.05605529248714447	0.04260250180959702	0.04496428370475769	0.05277104303240776	0.03455811738967896	0.05347715690732002	0.05068639665842056	0.03445421159267426	0.04254879057407379	0.04737655818462372	0.0557943694293499	0.03896622732281685	0.04198132827877998	0.04205232113599777	0.04999712482094765	0.02535892836749554	0.03780284151434898	0.05568717792630196	0.039387296885252	0.04984887689352036	0.03639188036322594	0.05333992093801498	0.03956007957458496	0.03674366325139999	0.03405988216400146	0.04168464615941048	0.03678331524133682	0.03800681605935097	0.04217814654111862	0.04839200153946877	0.04906865209341049	0.04626875370740891	0.05558249726891518	0.05510242283344269	0.05487567186355591	0.03808921575546265	0.05520710349082947	0.03336194157600403	0.03950439020991325	0.05166493356227875	0.04622449725866318	0.04158721119165421	0.05029340833425522	0.04795068129897118	0.03335539996623993	0.04353833943605423	0.03800096362829208	0.05256449803709984	0.0388977937400341	0.03814278915524483	0.04405638948082924	0.02311656810343266	0.04070988669991493	0.05195692554116249	0.04057099670171738	0.03800384327769279	0.05627400055527687	0.0392518974840641	0.03973761945962906	0.05465097725391388	0.04878461733460426	0.05141106247901917	0.04053788632154465	0.04055151343345642	0.04679182544350624	0.04099636524915695	0.039512038230896	0.0388811007142067	0.04602403566241264	0.05529516935348511	0.03644930943846703	0.05576388910412788	0.04714621976017952	0.05627400055527687	0.03715251386165619	0.04295717179775238	0.03994749113917351	0.04164821654558182	0.04532533884048462	0.05341059342026711	0.0500631108880043	0.03558900207281113	0.04661009088158607	0.04349671304225922	0.04771162942051888	0.04696977883577347	0.04825729131698608	0.04763497784733772	0.03612370416522026	0.01142538897693157	0.009743461385369301	0	0.05563105270266533	0.04211219027638435	0.03408385068178177	0.04404327645897865	0.1232808008790016	0.08232971280813217	0.05508093908429146	0.03617510944604874	0.05802390351891518	0.03661162033677101	0.0293602216988802	0.05114638805389404	0.04587021842598915	0.03245603665709496	0.0542747937142849	0.05491197109222412	0.05062391981482506	0.05366313457489014	0.04363485798239708	0.05627400055527687	0.04664648696780205	0.05380629375576973	0.03384709730744362	0.02320537902414799	0.04178706929087639	0.03120535984635353	0.0448923334479332	0.0316854901611805	0.04144832864403725	0.0449170246720314	0.04382982477545738	0.04075612500309944	0.03714537248015404	0.04391541704535484	0.03825412318110466	0.0490533784031868	0.03937560692429543	0.05410017445683479	0.05225026980042458	0.05176911130547523	0.04966749995946884	0.04180586710572243	0.03461932018399239	0.0311561468988657	0.05308889597654343	0.04326818883419037	0.04768769070506096	0.05155333876609802	0.03822916373610497	0.03932709991931915	0.03822942078113556	0.04096043482422829	0.04490448161959648	0.04640557989478111	0.03898812085390091	0.04198036342859268	0.04440686851739883	0.03594052791595459	0.03937669470906258	0.03503581881523132	0.03337819129228592	0.05133894458413124	0.03994636237621307	0.0465925894677639	0.03506020456552505	0.04255333915352821	0.04312868416309357	0.03474083542823792	0.03628156706690788	0.04385440796613693	0.03631474450230598	0.05389505624771118	0.04461669921875	0.05904716625809669	0.04906556755304337	0.05557460337877274	0.104862354695797	0.1117053255438805	0.05605529248714447	0.04571159183979034	0.0392068438231945	0.09372254461050034	0.0474303662776947	0.0444842129945755	0.05503982305526733	0.03251468017697334	0.04458986595273018	0.05515983328223228	0.0707782506942749	0.04103914648294449	0.02467419765889645	0.04037023708224297	0.07133528590202332	0.02633324265480042	0.09697751700878143	0.04319159314036369	0.05470668151974678	0.04576822370290756	0.05098215863108635	0.1110967919230461
S2017t1_E16-T1a-Female	0.08194711059331894	0.08654690533876419	0.05766522139310837	0.08238322287797928	0.06032667681574821	0.05202294141054153	0.06088362634181976	0.08910396695137024	0.05989709123969078	0.08045966178178787	0.0893348753452301	0.01223541796207428	0.05155536532402039	0.04635037481784821	0.05052771419286728	0.05119368806481361	0.05806821957230568	0.0472317598760128	0.03946065157651901	0.001011830172501504	0.03677580133080482	0.04565981402993202	0.02475361712276936	0.003769246861338615	0.04758718237280846	0.03464973717927933	0.03279821947216988	0.02121338061988354	0.04096070677042007	0.03966176137328148	0.04554414376616478	0.05344991385936737	0.05204243957996368	0.04868007078766823	0.0009071482927538455	0.001064533484168351	0.001396038103848696	0.02642016485333443	0.001169215422123671	0.03784670680761337	0.04710019007325172	0.04676292464137077	0.03563174977898598	0.04939867183566093	0.05446034669876099	0.05554646998643875	0.03322484344244003	0.01315102260559797	0.02269951440393925	0.003497851081192493	0.04352444410324097	0.01900128461420536	0.05549896135926247	0.06163109466433525	0.04477088153362274	0.005152240861207247	0.04035801067948341	0.03214086964726448	0.0006429521599784493	0.0204339437186718	0.0373355932533741	0.001411368139088154	0.04608727246522903	0.005266801919788122	0.04036052897572517	0.02971702255308628	0.04490354657173157	0.04626378417015076	0.03314075618982315	0.04127705097198486	0.02287755161523819	0.05238217115402222	0.02807277999818325	0.05152487382292747	0.04579494148492813	0.0006429521599784493	0.03880930691957474	0.01898863539099693	0.03347620368003845	0.04013722389936447	0.04752716049551964	0.04917159304022789	0.007146337535232306	0.03512002527713776	0.04395721480250359	0.04375950619578362	0.02082092128694057	0.02320943027734756	0.02200602367520332	0.01672123000025749	0.02326372638344765	0.0572231337428093	0.05262283235788345	0.05563105270266533	0	0.01936919428408146	0.03851217031478882	0.04248755797743797	0.1045985147356987	0.1107549145817757	0.0582699291408062	0.0324978344142437	0.09435843676328659	0.05221828445792198	0.02837077528238297	0.007072478532791138	0.0428365170955658	0.04670455306768417	0.002204555785283446	0.001672352897003293	0.00870357733219862	0.002281879540532827	0.03888064622879028	0.0006429521599784493	0.0409780815243721	0.003092647530138493	0.02770954370498657	0.04653704538941383	0.04756927862763405	0.03513719886541367	0.02414399571716785	0.04050898179411888	0.01680481061339378	0.0204183291643858	0.01431364472955465	0.01508428249508142	0.02942588180303574	0.02528007701039314	0.02398486249148846	0.007309430744498968	0.0189045574516058	0.002483583055436611	0.004015000537037849	0.004570728167891502	0.006591642275452614	0.02288253046572208	0.03586026653647423	0.03329969197511673	0.00373952928930521	0.04958208650350571	0.02287215925753117	0.00639807153493166	0.03450076282024384	0.04529265314340591	0.03398184478282928	0.04855623468756676	0.04538292437791824	0.04538647457957268	0.02919289842247963	0.04211857542395592	0.03079874068498611	0.04165138304233551	0.02269433997571468	0.02883977629244328	0.03592126816511154	0.05300870165228844	0.0306254755705595	0.05418838188052177	0.04324709251523018	0.03759925067424774	0.02072998508810997	0.03546854108572006	0.04139995202422142	0.05235492810606956	0.03053070046007633	0.00215299497358501	0.04604263976216316	0.06114421784877777	0.05666135251522064	0.05404999479651451	0.1275873184204102	0.1296901106834412	0.05766522139310837	0.05756461247801781	0.08209361135959625	0.1203470081090927	0.05481739342212677	0.05021992325782776	0.05331365764141083	0.06196487694978714	0.04335374385118484	0.05277065932750702	0.1049622669816017	0.05876714363694191	0.07279878854751587	0.04754837974905968	0.1034926101565361	0.05891524627804756	0.1232863590121269	0.05416478961706161	0.06018757820129395	0.05336401984095573	0.05329635366797447	0.1311015039682388
S2017t1_E16-T1b-Female	0.06682343035936356	0.08405535668134689	0.04275105893611908	0.07483254373073578	0.05814957246184349	0.04447225481271744	0.04575994610786438	0.08692684024572372	0.04477341845631599	0.06498803943395615	0.07386325299739838	0.01148490700870752	0.0487152487039566	0.03143149986863136	0.03610444813966751	0.03443353995680809	0.04381918534636497	0.04505463317036629	0.02865952253341675	0.01974355615675449	0.0286300852894783	0.04327348619699478	0.01639720611274242	0.01898346096277237	0.0339493453502655	0.02077846601605415	0.01854021660983562	0.008097643032670021	0.027754170820117	0.02635062672197819	0.03233760967850685	0.03919796645641327	0.0374070405960083	0.03453311324119568	0.01963887549936771	0.01905418932437897	0.0189320482313633	0.02138182707130909	0.0191588718444109	0.02603224664926529	0.0338936559855938	0.04458581283688545	0.0327916331589222	0.03420205414295197	0.04199156910181046	0.04129744321107864	0.01925163902342319	0.007525010034441948	0.009492981247603893	0.01630264706909657	0.03024795837700367	0.007345655933022499	0.04703975096344948	0.05613895878195763	0.03379909321665764	0.01844642870128155	0.0336790457367897	0.01851733401417732	0.0200121458619833	0.007445506751537323	0.02144625782966614	0.0183891300112009	0.04149699211120605	0.01705460250377655	0.03251785039901733	0.02646164782345295	0.03953846544027328	0.03128283098340034	0.01673052273690701	0.02615926414728165	0.02070043049752712	0.04821604490280151	0.01720600575208664	0.04868475720286369	0.03970938920974731	0.0200121458619833	0.02560277096927166	0.01418498810380697	0.01873972453176975	0.02675745822489262	0.03320571407675743	0.04633147269487381	0.01346495375037193	0.02104598842561245	0.03483640030026436	0.03544462472200394	0.02578325569629669	0.02525061741471291	0.02780677750706673	0.02302966639399529	0.009267452172935009	0.04243139177560806	0.03833804279565811	0.04211219027638435	0.01936919428408146	0	0.02414387278258801	0.02834135293960571	0.1085599660873413	0.1105751544237137	0.04369435086846352	0.01887288130819798	0.08484832942485809	0.03922126069664955	0.02511540055274963	0.01596278324723244	0.03101538680493832	0.03256409242749214	0.01770054362714291	0.01823311485350132	0.01542150042951107	0.01803773641586304	0.03513217344880104	0.0200121458619833	0.03552344813942909	0.01839537359774113	0.01338380388915539	0.04348841682076454	0.03220487758517265	0.01960069872438908	0.02247905358672142	0.02504211477935314	0.02250787429511547	0.02678447030484676	0.01372183952480555	0.02845431305468082	0.01706566847860813	0.02136287838220596	0.008873222395777702	0.01339930109679699	0.0102881183847785	0.01742132194340229	0.01609743386507034	0.01529875956475735	0.01488805841654539	0.02736894227564335	0.03050975129008293	0.02536709979176521	0.01788647472858429	0.0353330597281456	0.02639719285070896	0.01698923483490944	0.01917348243296146	0.02996536530554295	0.01848031580448151	0.03430720046162605	0.0368523895740509	0.0370715968310833	0.01764175668358803	0.0345056839287281	0.02687861584126949	0.02632409147918224	0.01500231772661209	0.01351248566061258	0.02059397846460342	0.03896917402744293	0.01594514213502407	0.03959088027477264	0.02791980281472206	0.02869095467031002	0.02052602358162403	0.0201412495225668	0.03071141242980957	0.03702763840556145	0.01520340982824564	0.01721620000898838	0.03179360553622246	0.04710470139980316	0.04241232573986053	0.05187288299202919	0.1279625445604324	0.1346615105867386	0.04275105893611908	0.05196783319115639	0.07244756817817688	0.1205247864127159	0.03941536322236061	0.04273833334445953	0.04761223495006561	0.05245476961135864	0.03730153664946556	0.04773223400115967	0.09971453249454498	0.04329552501440048	0.05941803008317947	0.03538625687360764	0.101315476000309	0.04895377904176712	0.1182263270020485	0.04095826670527458	0.04593855142593384	0.03980901837348938	0.0472804382443428	0.1340529918670654
S2017t1_E17-T1a-Female	0.05764391273260117	0.07317891716957092	0.03616286441683769	0.06378795206546783	0.04418542981147766	0.03172777965664864	0.03346748650074005	0.07674429565668106	0.03754877671599388	0.05623520910739899	0.06731373816728592	0.02900602854788303	0.03475110977888107	0.01494786143302917	0.02034058980643749	0.02498574554920197	0.02881014533340931	0.0407450906932354	0.015409205108881	0.03856831043958664	0.01591573841869831	0.02778153121471405	0.0182010643184185	0.03622104227542877	0.01813290826976299	0.0154864527285099	0.01782113872468472	0.02341322414577007	0.01456010341644287	0.01393590960651636	0.02002744935452938	0.02766451612114906	0.02791151776909828	0.02380459569394588	0.03846362605690956	0.03787894174456596	0.03775679692625999	0.01798370480537415	0.03798362240195274	0.0113439904525876	0.01836186088621616	0.03062167391180992	0.02522106841206551	0.01904184557497501	0.02754004299640656	0.02597415074706078	0.015797458589077	0.0260018166154623	0.0207828264683485	0.03544562309980392	0.01774224266409874	0.02245605923235416	0.03272766247391701	0.04318080469965935	0.01775040477514267	0.03483805432915688	0.01987365260720253	0.01849550381302834	0.03915512561798096	0.0218245480209589	0.01783934235572815	0.03753210231661797	0.02706781588494778	0.03472349047660828	0.01879727095365524	0.02645200490951538	0.02546391822397709	0.01808709651231766	0.02003754861652851	0.02356948144733906	0.0284901075065136	0.03425190597772598	0.01749033108353615	0.03442894294857979	0.02567565441131592	0.03915512561798096	0.01521502248942852	0.02563274651765823	0.02029399946331978	0.01922503113746643	0.02402857691049576	0.03236732631921768	0.03231838718056679	0.01072556246072054	0.02279299311339855	0.01756790466606617	0.03296402841806412	0.03250681608915329	0.03457283228635788	0.03192654252052307	0.02727216482162476	0.03155924379825592	0.02669396251440048	0.03408385068178177	0.03851217031478882	0.02414387278258801	0	0.01724818535149097	0.1099798679351807	0.1070240586996078	0.03375709801912308	0.01645606942474842	0.08239999413490295	0.02939373627305031	0.03360229358077049	0.03575271368026733	0.03975176811218262	0.0372728556394577	0.03694741427898407	0.0375845842063427	0.03208183497190475	0.03654426336288452	0.02167812362313271	0.03915512561798096	0.02305598370730877	0.03658316656947136	0.01467262022197247	0.04271861538290977	0.01837082952260971	0.02219025231897831	0.03047811612486839	0.01471215486526489	0.03773481398820877	0.03460996225476265	0.02833125926554203	0.04727905988693237	0.02158108539879322	0.02911851555109024	0.02296311222016811	0.03141124173998833	0.02653465233743191	0.03677279874682426	0.03502678871154785	0.03426134213805199	0.03297992423176765	0.03487620502710342	0.02285636216402054	0.0231067705899477	0.03540073335170746	0.02032402157783508	0.03379473090171814	0.0342259593307972	0.02280301228165627	0.02366852760314941	0.02210992574691772	0.01898390613496304	0.02125426009297371	0.02310719341039658	0.0201755166053772	0.02206025086343288	0.02520715072751045	0.01468448527157307	0.03036760352551937	0.01642282493412495	0.01771289296448231	0.0293501578271389	0.02189422957599163	0.02419503219425678	0.01801382377743721	0.02019477263092995	0.02752651087939739	0.01688098348677158	0.0167758334428072	0.02914457209408283	0.01998781971633434	0.03656767308712006	0.02134601026773453	0.03748568147420883	0.0266680009663105	0.03762409836053848	0.1292384564876556	0.1360814273357391	0.03616286441683769	0.03803209960460663	0.05969619378447533	0.1180986389517784	0.02712289243936539	0.02817617356777191	0.03399656340479851	0.03849063068628311	0.02180957607924938	0.03411656990647316	0.09473930299282074	0.0307620894163847	0.04406047984957695	0.02089832723140717	0.09529634565114975	0.03511729836463928	0.1212143748998642	0.0254264660179615	0.03314520418643951	0.0243340190500021	0.03331629186868668	0.1354728788137436
S2017t1_E17-T1a-Male	0.05810578912496567	0.08513764292001724	0.03372584655880928	0.07574668526649475	0.05610929429531097	0.04365164041519165	0.04479794576764107	0.08870302885770798	0.03574820980429649	0.05715493485331535	0.07365021854639053	0.03361451253294945	0.04667498171329498	0.02504077553749084	0.01956070587038994	0.02693792618811131	0.02699695341289043	0.0500093512237072	0.02445513382554054	0.04243061691522598	0.02603815123438835	0.04134375229477882	0.02686948701739311	0.04135626181960106	0.02432864531874657	0.02412673830986023	0.02285594679415226	0.02972927130758762	0.01353819388896227	0.02340570464730263	0.0188549067825079	0.02634167484939098	0.02535964362323284	0.02167737483978271	0.0423259362578392	0.04174125194549561	0.04161910712718964	0.02618483453989029	0.04184593260288239	0.01959324814379215	0.02829672396183014	0.04254554212093353	0.03363140299916267	0.02042564377188683	0.03873416408896446	0.0283114816993475	0.01403501722961664	0.0298641212284565	0.02063386701047421	0.03898970782756805	0.01832866296172142	0.0245414562523365	0.04465154185891151	0.05513954162597656	0.03067899495363235	0.04060971736907959	0.03365102037787437	0.01328710187226534	0.04269920662045479	0.02205361612141132	0.01125611551105976	0.04107619076967239	0.04020791873335838	0.04072130843997002	0.03137453272938728	0.03871605172753334	0.03853503242135048	0.01760437153279781	0.01458426658064127	0.0175444670021534	0.03690044209361076	0.04617577791213989	0.02590066567063332	0.04664448648691177	0.03759952634572983	0.04269920662045479	0.01448765397071838	0.0338335782289505	0.01422313041985035	0.0138731375336647	0.02104742638766766	0.04429119825363159	0.03649892285466194	0.01672724820673466	0.02964289486408234	0.03144793212413788	0.04100654274225235	0.04047389328479767	0.04292530566453934	0.03804243355989456	0.03157937154173851	0.03707433864474297	0.03636326640844345	0.04404327645897865	0.04248755797743797	0.02834135293960571	0.01724818535149097	0	0.1170723512768745	0.1191121116280556	0.02857275120913982	0.01228748075664043	0.09203828871250153	0.02766679599881172	0.0403117723762989	0.04015940427780151	0.04578079655766487	0.04340046644210815	0.04059610515832901	0.04112867265939713	0.03800380975008011	0.0411560982465744	0.03502818569540977	0.04269920662045479	0.03327064588665962	0.04108193144202232	0.02276017144322395	0.05112895742058754	0.01560331974178553	0.02820147946476936	0.03787591308355331	0.02247637324035168	0.04467681795358658	0.04200775548815727	0.03708042949438095	0.051788330078125	0.03068521618843079	0.036412063986063	0.02641047351062298	0.03634130582213402	0.02978222258388996	0.04031688347458839	0.03900014609098434	0.03830571845173836	0.03865951299667358	0.04259223118424416	0.0351204127073288	0.03544596210122108	0.04111573472619057	0.01851082406938076	0.04182897135615349	0.0394657775759697	0.02844064310193062	0.02402559481561184	0.02973813004791737	0.02745926752686501	0.0352482981979847	0.03524670377373695	0.02921134419739246	0.03449622541666031	0.0339021198451519	0.01557614468038082	0.03625782206654549	0.02329135313630104	0.02637895196676254	0.02298496849834919	0.01658357307314873	0.02291174232959747	0.01963968202471733	0.02860510721802711	0.03522453457117081	0.02479716390371323	0.03088025189936161	0.0238606184720993	0.01914988458156586	0.04075871407985687	0.01528563443571329	0.03112049587070942	0.02670357190072536	0.04983260855078697	0.1366491615772247	0.1436052173376083	0.03372584655880928	0.05010180175304413	0.07165493071079254	0.128373384475708	0.03370603546500206	0.040384691208601	0.04592042416334152	0.05041448771953583	0.03558694198727608	0.04604043439030647	0.1066980361938477	0.03190134465694427	0.05008690431714058	0.02863191813230515	0.1072550714015961	0.04761044681072235	0.1283068358898163	0.02729916013777256	0.0293258298188448	0.0259415153414011	0.04524016007781029	0.1425653845071793
S2017t1_E17-T1b-Male	0.1403380334377289	0.1437909305095673	0.1212844699621201	0.1402988731861115	0.1231134384870529	0.1156421825289726	0.123076967895031	0.1461871117353439	0.1230410262942314	0.1387810260057449	0.1459706723690033	0.1076643839478493	0.1157180741429329	0.1157931238412857	0.1165899559855461	0.1147433370351791	0.1213415041565895	0.1219422519207001	0.1036233678460121	0.1046463251113892	0.1096897572278976	0.1109905764460564	0.1062504574656487	0.1053787842392921	0.1141503751277924	0.1122306659817696	0.1098264008760452	0.1063879504799843	0.1137063130736351	0.1130204275250435	0.1133852377533913	0.1169995665550232	0.1158077418804169	0.1128427907824516	0.1045416444540024	0.1045132651925087	0.1041817665100098	0.1059094741940498	0.1046179458498955	0.1088923364877701	0.1149412840604782	0.1152670234441757	0.112055741250515	0.1157761067152023	0.1175652742385864	0.1197091788053513	0.1100242361426353	0.1067407950758934	0.1089325174689293	0.1045836061239243	0.1119785979390144	0.1076865494251251	0.1189487278461456	0.1269958019256592	0.1084888726472855	0.1055356562137604	0.1079227402806282	0.111017107963562	0.1048101559281349	0.1085061430931091	0.1125334426760674	0.1041970998048782	0.1136908307671547	0.1047438383102417	0.1093759760260582	0.1051541045308113	0.113305926322937	0.1149077042937279	0.1126300618052483	0.1123543158173561	0.1097735613584518	0.115931823849678	0.1094012781977654	0.115074522793293	0.1142490953207016	0.1048101559281349	0.109905481338501	0.1082869544625282	0.1119077280163765	0.1130511537194252	0.1153682544827461	0.1145604327321053	0.1056406199932098	0.1103178784251213	0.1075068488717079	0.1109875366091728	0.09807828068733215	0.09815035760402679	0.09835300594568253	0.09875895082950592	0.1109427213668823	0.1251740753650665	0.1201905980706215	0.1232808008790016	0.1045985147356987	0.1085599660873413	0.1099798679351807	0.1170723512768745	0	0.1640736609697342	0.122363455593586	0.1087638288736343	0.1518442630767822	0.1171461269259453	0.1093303188681602	0.1022703573107719	0.1203863248229027	0.1019895970821381	0.1043772175908089	0.1044580861926079	0.1036586984992027	0.1041704639792442	0.1085921302437782	0.1048101559281349	0.1137236878275871	0.1046522483229637	0.1100266352295876	0.1221860721707344	0.1156001389026642	0.1088786795735359	0.09993952512741089	0.1106574237346649	0.1104584634304047	0.09918075054883957	0.1050962284207344	0.1123404800891876	0.1049430146813393	0.1007040813565254	0.1109130308032036	0.1053804084658623	0.107917346060276	0.1046562418341637	0.1041368246078491	0.1046925559639931	0.1043187603354454	0.1008500084280968	0.1060402765870094	0.1058150604367256	0.1044984683394432	0.1192623749375343	0.09837037324905396	0.1055054143071175	0.1088475435972214	0.1144749447703362	0.1059505715966225	0.1163973286747932	0.1135995462536812	0.1154681742191315	0.1114542111754417	0.1122485920786858	0.1109011024236679	0.1149024963378906	0.1126956045627594	0.1089088022708893	0.1082988679409027	0.1214628592133522	0.1131283268332481	0.1181394383311272	0.1138228476047516	0.1134101748466492	0.1021919846534729	0.112899549305439	0.1105876341462135	0.1202407851815224	0.1110270246863365	0.104088120162487	0.11817517131567	0.1246938779950142	0.1202110052108765	0.118025004863739	0.176402673125267	0.1794195473194122	0.1212844699621201	0.1201636716723442	0.1399396657943726	0.1706578433513641	0.1183670461177826	0.1194249019026756	0.1168633103370667	0.1237525567412376	0.1069033890962601	0.1163203120231628	0.1583625674247742	0.1216038465499878	0.1325460523366928	0.1117110922932625	0.1577239334583282	0.1203260496258736	0.1731218993663788	0.117476798593998	0.1237372308969498	0.1169136688113213	0.1166083514690399	0.1792038977146149
S2017t1_E19-T1a-Male	0.06872009485960007	0.05052611604332924	0.1244321539998055	0.05987204238772392	0.09860871732234955	0.1105693802237511	0.09959296882152557	0.04632836952805519	0.1186445355415344	0.06807862222194672	0.04950391501188278	0.1082223132252693	0.1109564453363419	0.1100129708647728	0.1124943792819977	0.1129056736826897	0.1169939711689949	0.0847485288977623	0.1041376069188118	0.1106016784906387	0.1047636419534683	0.1058155819773674	0.1023795157670975	0.107416957616806	0.1081545948982239	0.1066575944423676	0.1068738773465157	0.1073748841881752	0.1085731312632561	0.1078872308135033	0.1145754754543304	0.1164270862936974	0.1179675087332726	0.1159873455762863	0.1107063740491867	0.1102263033390045	0.110453188419342	0.1022418364882469	0.1101216077804565	0.1055041998624802	0.109808087348938	0.1094708144664764	0.1069225370883942	0.1099959760904312	0.1131964474916458	0.114947535097599	0.1086099818348885	0.1091957539319992	0.1109644696116447	0.1103072836995125	0.1110621765255928	0.1095091328024864	0.1047678217291832	0.08104585856199265	0.1039342805743217	0.1060339659452438	0.1032036766409874	0.1128397062420845	0.1113978624343872	0.111383929848671	0.1149922162294388	0.1111008673906326	0.1079107001423836	0.1059193983674049	0.1033801957964897	0.09849531948566437	0.1073101311922073	0.1129277870059013	0.114557258784771	0.1145789995789528	0.1039773523807526	0.1113559529185295	0.1042680814862251	0.1104986220598221	0.109115906059742	0.1113978624343872	0.1106644421815872	0.1031537726521492	0.1152020990848541	0.1163455322384834	0.1183507889509201	0.109427236020565	0.1091650128364563	0.1082246676087379	0.1093623414635658	0.1085760891437531	0.1028515100479126	0.1022502556443214	0.1016879677772522	0.1051470339298248	0.1031156703829765	0.08277519792318344	0.08551902323961258	0.08232971280813217	0.1107549145817757	0.1105751544237137	0.1070240586996078	0.1191121116280556	0.1640736609697342	0	0.1237355694174767	0.1105944439768791	0.0272833090275526	0.1071387007832527	0.08933184295892715	0.1079954504966736	0.1114926189184189	0.1003759130835533	0.1107246875762939	0.1113618463277817	0.1066402494907379	0.1089968159794807	0.1053028106689453	0.1113978624343872	0.1085904911160469	0.1089650765061378	0.1052933037281036	0.08251561224460602	0.1135241463780403	0.1034587025642395	0.1042459234595299	0.104661650955677	0.09514155983924866	0.1022898554801941	0.09927915781736374	0.09567061811685562	0.1027412638068199	0.1043165847659111	0.1081009209156036	0.1081552654504776	0.1038018763065338	0.1112130582332611	0.1087000519037247	0.1102079972624779	0.1061659380793571	0.09970252215862274	0.09885915368795395	0.09563340246677399	0.1075846701860428	0.1149666458368301	0.1024529561400414	0.106956385076046	0.109807550907135	0.1120510324835777	0.1054279506206512	0.1112641245126724	0.1078193932771683	0.1101193353533745	0.1054584011435509	0.1062527969479561	0.1057679280638695	0.1105858832597733	0.1015059277415276	0.1058653742074966	0.1042001247406006	0.1245501562952995	0.1142976805567741	0.113999605178833	0.1101385802030563	0.1082769930362701	0.0994194895029068	0.1069037616252899	0.102090448141098	0.1182703822851181	0.1107223182916641	0.1103449389338493	0.118104986846447	0.1279111504554749	0.1152077987790108	0.1092190518975258	0.02762743458151817	0.03209734708070755	0.1244321539998055	0.102601446211338	0.0595824234187603	0.01261432841420174	0.1133638471364975	0.1080122143030167	0.111860103905201	0.09349212050437927	0.1019002050161362	0.1113171204924583	0.01828046701848507	0.1071813926100731	0.07730682939291	0.1069494336843491	0.02018819563090801	0.08706507831811905	0.0225710142403841	0.1093338280916214	0.1218957528471947	0.1119104623794556	0.1084653809666634	0.03281481191515923
S2017t1_E19-T1b-Male	0.06289367377758026	0.09062367677688599	0.01874825358390808	0.0812327116727829	0.05708498135209084	0.04451804235577583	0.04654788598418236	0.09418907016515732	0.0201101265847683	0.06253622472286224	0.07902539521455765	0.0485723614692688	0.04839597269892693	0.03460055217146873	0.02241396903991699	0.02529034577310085	0.01415675040334463	0.06640056520700455	0.02743731066584587	0.05811670050024986	0.04082002490758896	0.04692777246236801	0.04217246547341347	0.05746135860681534	0.02804068103432655	0.03753175958991051	0.03751231729984283	0.04302087798714638	0.0259610116481781	0.0382191464304924	0.01641428656876087	0.01182654406875372	0.01114210486412048	0.01432064175605774	0.05822138488292694	0.0578460581600666	0.05730519071221352	0.04385975375771523	0.05774137750267982	0.03140346705913544	0.03436542302370071	0.04861424490809441	0.0502602718770504	0.0189123097807169	0.03713821247220039	0.02690495736896992	0.03199987486004829	0.04555021226406097	0.03642471134662628	0.0552033856511116	0.01896658726036549	0.04033230617642403	0.04613488912582397	0.06540011614561081	0.03235901519656181	0.05692432448267937	0.04176889359951019	0.02719271555542946	0.05891288444399834	0.03858125954866409	0.02513068169355392	0.05728986486792564	0.04563381522893906	0.05596380308270454	0.03975753858685493	0.04978200420737267	0.04512711614370346	0.01819402165710926	0.02898063138127327	0.0215215515345335	0.05352930724620819	0.04746947064995766	0.04263414815068245	0.04793818295001984	0.04462824761867523	0.05891288444399834	0.02470997162163258	0.05046244338154793	0.02719433233141899	0.01941228471696377	0.01369527075439692	0.04686679318547249	0.0521872341632843	0.03388531878590584	0.03464358299970627	0.03788814321160316	0.05047126859426498	0.04802021011710167	0.05004893615841866	0.05189481750130653	0.04595998302102089	0.04982948675751686	0.04702940583229065	0.05508093908429146	0.0582699291408062	0.04369435086846352	0.03375709801912308	0.02857275120913982	0.122363455593586	0.1237355694174767	0	0.02955224737524986	0.100250169634819	0.01932361535727978	0.05626337602734566	0.05551047623157501	0.06186916679143906	0.0547119714319706	0.05649667978286743	0.05713384971022606	0.05389939993619919	0.0565156377851963	0.04636211320757866	0.05891288444399834	0.04723199456930161	0.05687326565384865	0.03791080415248871	0.06741592288017273	0.0186078604310751	0.03663021698594093	0.04566041752696037	0.03069737553596497	0.06074812635779381	0.05242086201906204	0.05284668505191803	0.06658979505300522	0.04039641097187996	0.04398805648088455	0.03912080451846123	0.0520169734954834	0.04762502014636993	0.05632206052541733	0.05478454381227493	0.05419949814677238	0.05379725620150566	0.05268711224198341	0.04423949867486954	0.04584068432450294	0.05636437237262726	0.02032479643821716	0.04885729402303696	0.05546713620424271	0.03605201467871666	0.02833612635731697	0.03488064184784889	0.03123445995151997	0.0422949343919754	0.04367851838469505	0.0437266044318676	0.04472335055470467	0.05032248795032501	0.02597414329648018	0.05170102417469025	0.03707635775208473	0.03407798707485199	0.005905150435864925	0.02828004769980907	0.01978372223675251	0.02672352269291878	0.04450421780347824	0.05025023967027664	0.03868691623210907	0.03963811695575714	0.021851921454072	0.03157712146639824	0.05611693486571312	0.01539638359099627	0.005263831932097673	0.02475923113524914	0.05046134814620018	0.1411924511194229	0.14824478328228	0.01874825358390808	0.05073054134845734	0.07714096456766129	0.1338594406843185	0.03457241877913475	0.0503186360001564	0.04678682237863541	0.05208409577608109	0.03977914527058601	0.04690682888031006	0.1121840998530388	0.0230354405939579	0.05453211441636086	0.03035290911793709	0.1127411350607872	0.05005728080868721	0.1333777159452438	0.02635653875768185	0.005417857319116592	0.02031704410910606	0.04586890712380409	0.1476362496614456
S2017t1_E23-T1a-Female	0.05404774472117424	0.0766199603676796	0.03070865012705326	0.06792291253805161	0.05002027377486229	0.03756262362003326	0.03881333023309708	0.08018534630537033	0.03273101523518562	0.05207318440079689	0.06523729860782623	0.0246672946959734	0.04079476743936539	0.02251381054520607	0.0211664792150259	0.02357207424938679	0.02808051556348801	0.04194948822259903	0.01847032271325588	0.03244089335203171	0.02150894701480865	0.03556163609027863	0.01677501387894154	0.03136653825640678	0.01865725219249725	0.01625194028019905	0.01318860799074173	0.0204692967236042	0.01243473310023546	0.01909164153039455	0.01702092029154301	0.0237768143415451	0.02269038185477257	0.01932118088006973	0.03233621269464493	0.03175152838230133	0.03162938728928566	0.0159857552498579	0.03185620903968811	0.01486154738813639	0.02304297126829624	0.03729179129004478	0.02695934660732746	0.01973726786673069	0.03431330248713493	0.02555877715349197	0.00605579512193799	0.01987440139055252	0.01064413879066706	0.02899998240172863	0.01590299792587757	0.01455173175781965	0.03877132758498192	0.04894934967160225	0.02479878440499306	0.03061999939382076	0.02699568681418896	0.005601774901151657	0.03270948305726051	0.01206388790160418	0.009471340104937553	0.03108646720647812	0.03484960645437241	0.03073158673942089	0.02601618319749832	0.02973331324756145	0.03317687660455704	0.01733413897454739	0.007978612557053566	0.01531702186912298	0.02680596895515919	0.0401911698281765	0.01580619066953659	0.04065987840294838	0.03245018795132637	0.03270948305726051	0.01156530901789665	0.02373910136520863	0.008138991892337799	0.01286794524639845	0.01921344548463821	0.03861981257796288	0.02703044936060905	0.01332944352179766	0.02496352978050709	0.02887993305921555	0.0317109189927578	0.0307606402784586	0.03321204707026482	0.03021008893847466	0.02263214811682701	0.03184578195214272	0.02868085727095604	0.03617510944604874	0.0324978344142437	0.01887288130819798	0.01645606942474842	0.01228748075664043	0.1087638288736343	0.1105944439768791	0.02955224737524986	0	0.08425182104110718	0.0243014432489872	0.03021729737520218	0.03016968071460724	0.03806199878454208	0.03681694343686104	0.0308148842304945	0.03134744986891747	0.02801408432424068	0.03116637468338013	0.02879049442708492	0.03270948305726051	0.0296902097761631	0.03119645826518536	0.01423146575689316	0.04164738580584526	0.01686125993728638	0.02140849642455578	0.02920563332736492	0.01548537239432335	0.03479133173823357	0.03312976658344269	0.02698595076799393	0.04179859906435013	0.02337299659848213	0.02795027941465378	0.01850575394928455	0.0268748477101326	0.01979249157011509	0.03053566068410873	0.02901042252779007	0.02842024713754654	0.02866978943347931	0.03371424227952957	0.02572003565728664	0.0268839281052351	0.03112600557506084	0.02053407579660416	0.03242862597107887	0.02968455664813519	0.02164750173687935	0.0174398347735405	0.02190137095749378	0.02449902333319187	0.0309346541762352	0.03114019334316254	0.02036787010729313	0.0297637265175581	0.02401614747941494	0.01334790140390396	0.02804640308022499	0.01614680513739586	0.01927273906767368	0.02490415424108505	0.0104886069893837	0.02431192994117737	0.01410833932459354	0.02351840771734715	0.0275991503149271	0.01883942820131779	0.02568861283361912	0.02363655716180801	0.0125164519995451	0.03097748756408691	0.01783127896487713	0.03209999948740005	0.02646484412252903	0.04374359175562859	0.1282362341880798	0.1351923048496246	0.03070865012705326	0.04401278123259544	0.0638311505317688	0.1199604645371437	0.02761700563132763	0.03544416651129723	0.03983141481876373	0.04432547837495804	0.02906763553619385	0.03995142132043839	0.09818035364151001	0.02877938747406006	0.04399788379669189	0.0227517131716013	0.09873739629983902	0.04152143746614456	0.1198939234018326	0.02396827004849911	0.03030532784759998	0.02316749654710293	0.0391511470079422	0.1341524422168732
S2017t1_E23-T1a-Male	0.04500448703765869	0.03635843098163605	0.1000841483473778	0.04235229268670082	0.08475546538829803	0.09304963052272797	0.07797940075397491	0.03247511014342308	0.09429653733968735	0.04394002258777618	0.0264267660677433	0.08580972999334335	0.09572476148605347	0.08653834462165833	0.08816345781087875	0.08908146619796753	0.09495308250188828	0.06795994192361832	0.08040037751197815	0.09377391636371613	0.08305098861455917	0.0896400511264801	0.0787741020321846	0.09058921039104462	0.08575020730495453	0.08318293839693069	0.08160696923732758	0.08130113780498505	0.08445153385400772	0.0837656557559967	0.08729217946529388	0.09165181964635849	0.09383516013622284	0.09078475087881088	0.09387859702110291	0.09339851140975952	0.0931016206741333	0.08231127262115479	0.09329383075237274	0.08033579587936401	0.08568650484085083	0.09268227219581604	0.08961015939712524	0.08737591654062271	0.09158287942409515	0.0929066464304924	0.08185042440891266	0.08364716917276382	0.08368115872144699	0.09086059033870697	0.08398838341236115	0.08222582936286926	0.08482208102941513	0.06163832545280457	0.08231257647275925	0.08920621871948242	0.08274857699871063	0.08555638045072556	0.09457008540630341	0.08410060405731201	0.08770889043807983	0.09322550147771835	0.09019766747951508	0.08995427191257477	0.08378768712282181	0.08256930857896805	0.08928899466991425	0.08618053793907166	0.08727391809225082	0.08858557790517807	0.08718877285718918	0.09550399333238602	0.08067028224468231	0.09569425880908966	0.08918459713459015	0.09457008540630341	0.0838124081492424	0.08322245627641678	0.08791875839233398	0.08906220644712448	0.09106747806072235	0.09334100782871246	0.08919451385736465	0.08273801952600479	0.08763392269611359	0.08655036985874176	0.0877409353852272	0.08727750927209854	0.08828659355640411	0.08865809440612793	0.07773581147193909	0.05677744746208191	0.06121321395039558	0.05802390351891518	0.09435843676328659	0.08484832942485809	0.08239999413490295	0.09203828871250153	0.1518442630767822	0.0272833090275526	0.100250169634819	0.08425182104110718	0	0.08155892044305801	0.07129091769456863	0.09203026443719864	0.0857657864689827	0.07464909553527832	0.09284930676221848	0.093486487865448	0.08850127458572388	0.09207655489444733	0.08641904592514038	0.09457008540630341	0.08970676362514496	0.09161350131034851	0.08077184110879898	0.0652032345533371	0.08761433511972427	0.0770379975438118	0.08589615672826767	0.08182993531227112	0.07927036285400391	0.08580093085765839	0.084940105676651	0.07948982715606689	0.07753825932741165	0.08491923660039902	0.08168022334575653	0.08861609548330307	0.07907768338918686	0.09281391650438309	0.09083107858896255	0.09097694605588913	0.08862940222024918	0.08268978446722031	0.08064579963684082	0.07447031885385513	0.09140384942293167	0.09000758826732635	0.08757668733596802	0.0890810564160347	0.08338680863380432	0.0881941169500351	0.08157102763652802	0.08714255690574646	0.08748748898506165	0.08935610204935074	0.08324701339006424	0.08770789951086044	0.08793173730373383	0.08606643229722977	0.07761307805776596	0.0796540230512619	0.0794714018702507	0.09726682305335999	0.08787696063518524	0.09176421910524368	0.08519616723060608	0.08677429705858231	0.08303909748792648	0.08364477008581161	0.07944775372743607	0.09355887025594711	0.08430162072181702	0.09311651438474655	0.09082169830799103	0.1035631448030472	0.09402155876159668	0.09536578506231308	0.04879128932952881	0.05578763037919998	0.1000841483473778	0.08612927794456482	0.039443738758564	0.03661422431468964	0.09217757731676102	0.08703333884477615	0.09538792073726654	0.07230585813522339	0.08479870110750198	0.09536872059106827	0.01584167033433914	0.08599511533975601	0.05612059682607651	0.08490855246782303	0.0164671428501606	0.06713501363992691	0.04111593216657639	0.08814758807420731	0.09754777699708939	0.09072421491146088	0.0914694219827652	0.05502622574567795
S2017t1_E23-T1b-Male	0.04663143306970596	0.07359553873538971	0.02069627121090889	0.06420458108186722	0.04144462943077087	0.04249658435583115	0.03023768216371536	0.07716092467308044	0.01617333851754665	0.04613473638892174	0.06196210905909538	0.04523806273937225	0.04572873190045357	0.03043940104544163	0.02592078782618046	0.02347739413380623	0.02485470660030842	0.04770931601524353	0.02455493621528149	0.05269740149378777	0.03648896142840385	0.04257078841328621	0.03784139826893806	0.05204205587506294	0.02380987256765366	0.03591835498809814	0.03289246559143066	0.04034297540783882	0.02221232280135155	0.0327998474240303	0.01459983456879854	0.01484565436840057	0.01343837007880211	0.0131126344203949	0.05259272083640099	0.05221739038825035	0.05188589170575142	0.03844044730067253	0.05232207477092743	0.02598415873944759	0.02964002080261707	0.04388884827494621	0.04484096542000771	0.01967395655810833	0.03900960832834244	0.03118882887065411	0.02291322313249111	0.04013090953230858	0.03100539930164814	0.04915173724293709	0.01389422733336687	0.03491299226880074	0.03357309103012085	0.0467088595032692	0.02970430254936218	0.05150502547621727	0.03720018267631531	0.02288650348782539	0.05286123231053352	0.03263435885310173	0.0204367358237505	0.05123821645975113	0.04077048227190971	0.05097581073641777	0.03476953878998756	0.04479400813579559	0.04013911634683609	0.01819938607513905	0.02523088827729225	0.02528634667396545	0.04811000823974609	0.04512511938810349	0.03721483796834946	0.04559383168816566	0.03955588862299919	0.05286123231053352	0.02082207053899765	0.04504314437508583	0.02508269809186459	0.01765058748424053	0.01184063963592052	0.04355376958847046	0.04760107025504112	0.03180115669965744	0.03219879046082497	0.03496833518147469	0.04495567455887794	0.04379618540406227	0.04614314064383507	0.0463787280023098	0.03295307606458664	0.03257684782147408	0.02856008149683475	0.03661162033677101	0.05221828445792198	0.03922126069664955	0.02939373627305031	0.02766679599881172	0.1171461269259453	0.1071387007832527	0.01932361535727978	0.0243014432489872	0.08155892044305801	0	0.03758043423295021	0.04989013448357582	0.04437760263681412	0.0395721048116684	0.05107139423489571	0.05149920284748077	0.04848009720444679	0.05109633505344391	0.04145099222660065	0.05286123231053352	0.04243819788098335	0.05166247114539146	0.03531341627240181	0.04893317446112633	0.02159314602613449	0.02929507382214069	0.04182246699929237	0.02925388514995575	0.04226537048816681	0.04366076737642288	0.04785869270563126	0.04811420291662216	0.03801466897130013	0.04056711494922638	0.03516306728124619	0.04690956324338913	0.0367717407643795	0.05068741366267204	0.04936524853110313	0.04835635051131248	0.04880926012992859	0.04097259789705276	0.03611175343394279	0.03454403206706047	0.05116072669625282	0.02498606778681278	0.04525496438145638	0.05046483501791954	0.03544251620769501	0.0315907895565033	0.03493721783161163	0.03109607473015785	0.03865503147244453	0.03992722555994987	0.04124061763286591	0.04077784717082977	0.04532019048929214	0.02828497067093849	0.03836792707443237	0.03584136441349983	0.03325999900698662	0.01741146668791771	0.03059087321162224	0.02605983428657055	0.02868661843240261	0.04054441675543785	0.0456792488694191	0.03745193034410477	0.0335976630449295	0.02528430335223675	0.03214934840798378	0.0506979376077652	0.02214396931231022	0.02243555523455143	0.03052353486418724	0.04530014097690582	0.1241642758250237	0.1305842697620392	0.02069627121090889	0.03543713688850403	0.06011282280087471	0.1168312951922417	0.03275986015796661	0.03838218748569489	0.04476536810398102	0.03574983030557632	0.03668197616934776	0.04488537460565567	0.09515593200922012	0.0130689786747098	0.03785201162099838	0.02768566459417343	0.09571297466754913	0.03316093608736992	0.1157172024250031	0.02203063853085041	0.0214789155870676	0.02094077505171299	0.04070769622921944	0.1299757361412048
S2017t1_E30-T1a-Female	0.05867021903395653	0.06054836511611938	0.05653697997331619	0.05638469383120537	0.0343281477689743	0.04628881812095642	0.03488503023982048	0.06310541927814484	0.05159525945782661	0.05718277767300606	0.06584863364696503	0.02718315832316875	0.045821163803339	0.04040059447288513	0.04551770910620689	0.04702863469719887	0.05290557444095612	0.02123322337865829	0.03571401163935661	0.02864053100347519	0.03080402314662933	0.03921274095773697	0.02217375300824642	0.02714775502681732	0.04142175614833832	0.02846230939030647	0.02806766889989376	0.024537343531847	0.03690144047141075	0.03392763435840607	0.04378781467676163	0.05085616186261177	0.05049533024430275	0.04723755270242691	0.02853585034608841	0.02805576659739017	0.02849202789366245	0.02174096927046776	0.0281604491174221	0.03232179582118988	0.04136605560779572	0.04102879762649536	0.02989762276411057	0.04491410404443741	0.04848850890994072	0.04981227219104767	0.02725264430046082	0.02584678679704666	0.02628016471862793	0.02792315185070038	0.04072102531790733	0.02484843134880066	0.03963263332843781	0.03563255816698074	0.03879909962415695	0.02619200386106968	0.03414858877658844	0.03059390187263489	0.02901372686028481	0.02587723545730114	0.03557875379920006	0.02871671691536903	0.04013749584555626	0.0252189002931118	0.03419510647654533	0.02235378138720989	0.03873811662197113	0.04346051812171936	0.03191633149981499	0.03777663037180901	0.0222710408270359	0.0466480553150177	0.02446627989411354	0.04579068720340729	0.04006080701947212	0.02901372686028481	0.03705298155546188	0.02209911495447159	0.0321102999150753	0.03877124562859535	0.04629414528608322	0.04343745857477188	0.02720811031758785	0.03043194301426411	0.04052431881427765	0.0380253829061985	0.02792712673544884	0.02903506718575954	0.02911366149783134	0.02552236989140511	0.01843214593827724	0.03329929336905479	0.02616152353584766	0.0293602216988802	0.02837077528238297	0.02511540055274963	0.03360229358077049	0.0403117723762989	0.1093303188681602	0.08933184295892715	0.05626337602734566	0.03021729737520218	0.07129091769456863	0.03758043423295021	0	0.02367045730352402	0.02948580496013165	0.02279618568718433	0.0283405315130949	0.02897770144045353	0.02505208551883698	0.02735389024019241	0.03243357688188553	0.02901372686028481	0.03524395450949669	0.02784988656640053	0.02524844743311405	0.02053851261734962	0.04309069737792015	0.02412549033761024	0.02974885702133179	0.03355402499437332	0.01698728278279305	0.02565630525350571	0.01871422864496708	0.01708687469363213	0.02663996815681458	0.02981951460242271	0.02343189530074596	0.0264119952917099	0.01906512677669525	0.02882891520857811	0.02673887088894844	0.02782385423779488	0.02483306638896465	0.02328255958855152	0.02437657676637173	0.01927603594958782	0.02646948397159576	0.0448947511613369	0.02965644374489784	0.02668717876076698	0.03132468461990356	0.04011737182736397	0.0305728055536747	0.04282210767269135	0.03943314403295517	0.03965235128998756	0.02450615540146828	0.0346592478454113	0.02591915056109428	0.03672321885824203	0.02034794166684151	0.02345513924956322	0.03032727725803852	0.05188044533133507	0.03035641275346279	0.04845419526100159	0.03723438456654549	0.03186511993408203	0.02231976948678493	0.02840903960168362	0.03205077350139618	0.04484903439879417	0.02619285136461258	0.02796078473329544	0.04344880953431129	0.0600159764289856	0.05092723295092583	0.04493846744298935	0.1118834391236305	0.1159303560853004	0.05653697997331619	0.03832089155912399	0.05609507113695145	0.1006772220134735	0.04908327385783195	0.03773098811507225	0.04757953435182571	0.03596634790301323	0.03761960938572884	0.0470365397632122	0.07938244193792343	0.0447850376367569	0.04680021479725838	0.04181424528360367	0.0774940624833107	0.03291665017604828	0.106404036283493	0.04505326971411705	0.05738446861505508	0.04804854467511177	0.04418475925922394	0.116647832095623
S2017t1_E30-T1a-Male	0.07961895316839218	0.08421873301267624	0.05533706769347191	0.08005507290363312	0.05799852311611176	0.04969478771090508	0.0585554763674736	0.08677579462528229	0.05756893754005432	0.07813151180744171	0.08700671046972275	0.01418028026819229	0.04922721162438393	0.04380657151341438	0.04819956421852112	0.04886553063988686	0.05574006587266922	0.04490359872579575	0.03713249787688255	0.008084308356046677	0.03444765135645866	0.04333166405558586	0.0224254596978426	0.009559820406138897	0.04482772573828697	0.0321059338748455	0.03025441616773605	0.01823827438056469	0.03863255679607391	0.03733361139893532	0.04321599006652832	0.05112176388502121	0.04971428588032722	0.04635191708803177	0.007979625836014748	0.008137012831866741	0.008468517102301121	0.02409201487898827	0.008241694420576096	0.03551855310797691	0.04477204009890556	0.04443477839231491	0.03330359607934952	0.04685486853122711	0.05213219672441483	0.05321831628680229	0.03089668974280357	0.01381397992372513	0.02037136070430279	0.009288424625992775	0.04119629040360451	0.0166731309145689	0.05317080765962601	0.05930294096469879	0.04244272410869598	0.01008821185678244	0.03802985697984695	0.02981271594762802	0.007715431042015553	0.01810579188168049	0.03500743955373764	0.008483846671879292	0.04354346916079521	0.007630962878465652	0.03760107234120369	0.02264454215764999	0.04214408993721008	0.0439356304705143	0.03081260249018669	0.03420457616448402	0.02054939791560173	0.05005402117967606	0.02574463002383709	0.04919672384858131	0.04346678406000137	0.007715431042015553	0.03648115321993828	0.01666048169136047	0.03114804998040199	0.03780907019972801	0.04519901052117348	0.04684343934059143	0.01122770551592112	0.0327918715775013	0.04162906110286713	0.04143135249614716	0.01374844275414944	0.01613695174455643	0.01493354421108961	0.009648751467466354	0.02007296681404114	0.05424802750349045	0.04878512397408485	0.05114638805389404	0.007072478532791138	0.01596278324723244	0.03575271368026733	0.04015940427780151	0.1022703573107719	0.1079954504966736	0.05551047623157501	0.03016968071460724	0.09203026443719864	0.04989013448357582	0.02367045730352402	0	0.04007706046104431	0.04092597961425781	0.008849730715155602	0.008744831196963787	0.01022113673388958	0.008072453550994396	0.03655249625444412	0.007715431042015553	0.03864993155002594	0.009310522116720676	0.02516574412584305	0.04420888423919678	0.04524113237857819	0.02806471846997738	0.01707151532173157	0.03429911285638809	0.01789506897330284	0.01334585063159466	0.009828980080783367	0.01809539459645748	0.0223534032702446	0.01820759847760201	0.02079410292208195	0.01053619664162397	0.01657640375196934	0.009128758683800697	0.008950971066951752	0.009506698697805405	0.008101199753582478	0.0158100500702858	0.02878779172897339	0.02622721530497074	0.008032547309994698	0.04725393652915955	0.01579968258738518	0.01090674009174109	0.027428288012743	0.03822017461061478	0.02690936625003815	0.0462280847132206	0.04283912107348442	0.04305832460522652	0.02600214630365372	0.03806521371006966	0.02847059071063995	0.03824497759342194	0.02079348638653755	0.02392381057143211	0.0288487933576107	0.05068054795265198	0.02786602266132832	0.05186023190617561	0.03725286945700645	0.03527109697461128	0.01365750469267368	0.03076822310686111	0.03907179832458496	0.04636071249842644	0.02583038248121738	0.00772791774943471	0.0437144860625267	0.05881606414914131	0.05433319881558418	0.05172184109687805	0.1252591460943222	0.1273619532585144	0.05533706769347191	0.05523645877838135	0.07976545393466949	0.1180188357830048	0.05248923972249031	0.047891765832901	0.05098550394177437	0.05963672325015068	0.04102558642625809	0.05044250562787056	0.1026341021060944	0.05643898993730545	0.07047063857316971	0.04522022977471352	0.1011644378304482	0.0565870925784111	0.120958186686039	0.05183663591742516	0.05785942450165749	0.05103586614131927	0.05096819996833801	0.1287733316421509
S2017t2_E11-T2a-Male_C7D5_5f	0.072031170129776	0.0849728137254715	0.0638207346200943	0.07662118971347809	0.06073059141635895	0.06190937384963036	0.05263125151395798	0.08784430474042892	0.05887482687830925	0.07005661725997925	0.07900140434503555	0.03532906249165535	0.06528117507696152	0.05071740970015526	0.05105054751038551	0.05633462592959404	0.06098759174346924	0.04668506607413292	0.04662274569272995	0.04289264976978302	0.04415488243103027	0.05671516805887222	0.03227927163243294	0.0422373078763485	0.05240181088447571	0.03846461325883865	0.03182000294327736	0.03007122501730919	0.04620663449168205	0.04490769654512405	0.05079007148742676	0.05834737792611122	0.05693990737199783	0.05379151552915573	0.04278796538710594	0.0424126423895359	0.04208113998174667	0.03815695643424988	0.04251732304692268	0.04490251839160919	0.0523461177945137	0.06115173548460007	0.04935755208134651	0.05397622659802437	0.05849088728427887	0.06068815663456917	0.03485414385795593	0.03137372806668282	0.0321069061756134	0.0397699661552906	0.04877036809921265	0.03155706822872162	0.0531255342066288	0.05705642700195312	0.04939444735646248	0.04170027375221252	0.04788348451256752	0.037282545119524	0.04347946867346764	0.03199875354766846	0.04244702309370041	0.04185645282268524	0.05816715955734253	0.0407397523522377	0.04981569573283195	0.04534638300538063	0.0561043918132782	0.05105699598789215	0.03793396428227425	0.04641041532158852	0.04142781347036362	0.06478197872638702	0.03370283171534538	0.06525067985057831	0.05620571970939636	0.04347946867346764	0.04405523464083672	0.03662619739770889	0.03758123889565468	0.04441648721694946	0.05274283885955811	0.06289739161729813	0.03769206628203392	0.04026170819997787	0.05058979615569115	0.04947977513074875	0.04614769294857979	0.04540584608912468	0.04743456467986107	0.04266040772199631	0.02407795004546642	0.04477043449878693	0.04250195249915123	0.04587021842598915	0.0428365170955658	0.03101538680493832	0.03975176811218262	0.04578079655766487	0.1203863248229027	0.1114926189184189	0.06186916679143906	0.03806199878454208	0.0857657864689827	0.04437760263681412	0.02948580496013165	0.04007706046104431	0	0.0345306433737278	0.04137600958347321	0.04201318696141243	0.03867534548044205	0.04129158332943916	0.04614145308732986	0.04347946867346764	0.05240010842680931	0.04175346344709396	0.03249469771981239	0.04498545080423355	0.05236248672008514	0.03420735895633698	0.0431194007396698	0.04521936550736427	0.03235637024044991	0.04324833303689957	0.03762263059616089	0.03738085180521011	0.03693407401442528	0.04186403751373291	0.02998081408441067	0.03679003939032555	0.02731393277645111	0.0412013903260231	0.03956049680709839	0.03887032717466354	0.03857320547103882	0.04013717547059059	0.04434523731470108	0.0364619642496109	0.04114031791687012	0.05472377315163612	0.04633773490786552	0.04055583477020264	0.04088301211595535	0.0500030405819416	0.04037562012672424	0.05369791388511658	0.05393728613853455	0.05436700582504272	0.03527588024735451	0.05265681818127632	0.04375728964805603	0.04636175930500031	0.02824839949607849	0.03410745039582253	0.04118894413113594	0.05857336893677711	0.03533586114645004	0.05877108126878738	0.04795747250318527	0.04591677710413933	0.0404665581882	0.04017892107367516	0.04302939772605896	0.0536879301071167	0.03579837456345558	0.04099627211689949	0.05118431523442268	0.06670889258384705	0.06159253045916557	0.06506141275167465	0.1287752538919449	0.1357924491167068	0.0638207346200943	0.0550241656601429	0.0728779211640358	0.1214422509074211	0.06027156859636307	0.05254990234971046	0.06417815387248993	0.05456050112843513	0.0540766753256321	0.06429816782474518	0.1009804755449295	0.05353239923715591	0.06222204864025116	0.05404732003808022	0.1022329330444336	0.05148474872112274	0.1205769032239914	0.05603332817554474	0.06532926857471466	0.05826147645711899	0.06046896055340767	0.1351839005947113
S2017t2_E11-T2a-Male	0.06007611006498337	0.07385611534118652	0.05964206159114838	0.06585296243429184	0.05069631338119507	0.05850307643413544	0.04175861924886703	0.07672759890556335	0.05470039695501328	0.05810154974460602	0.06704634428024292	0.03680189698934555	0.06152639538049698	0.04511821269989014	0.04543884098529816	0.0518462285399437	0.05386876687407494	0.03946206346154213	0.04234374687075615	0.0469743125140667	0.0423484705388546	0.05495970696210861	0.03602777794003487	0.04569089785218239	0.0471818670630455	0.03535906597971916	0.03487678244709969	0.02967598289251328	0.0418412983417511	0.04096965864300728	0.04577949643135071	0.05347590520977974	0.05248700082302094	0.04902072623372078	0.04686963185667992	0.04638954997062683	0.04616280645132065	0.03995712101459503	0.04649423435330391	0.04010019078850746	0.04712617769837379	0.05739697068929672	0.04902119934558868	0.0458730049431324	0.0515771172940731	0.05223644524812698	0.03413755819201469	0.03440781682729721	0.03451402485370636	0.04363800585269928	0.04355043545365334	0.03438179939985275	0.04937076568603516	0.04641502350568771	0.0460272915661335	0.04515386372804642	0.04546159878373146	0.03729618713259697	0.04734750464558601	0.03429685905575752	0.04013529419898987	0.04572448879480362	0.05430814996361732	0.04376203939318657	0.04640941321849823	0.03894403204321861	0.05252386257052422	0.0431622788310051	0.03820162266492844	0.03535404428839684	0.04488140344619751	0.06102721020579338	0.03713336586952209	0.06149590760469437	0.05245095863938332	0.04734750464558601	0.03904465958476067	0.04007978364825249	0.0375630147755146	0.04162931069731712	0.0482858270406723	0.05914263054728508	0.04052136838436127	0.03437381237745285	0.04851944372057915	0.04742152243852615	0.04005503281950951	0.0393131859600544	0.04124157130718231	0.03731032460927963	0.02407286129891872	0.03312881663441658	0.0293171051889658	0.03245603665709496	0.04670455306768417	0.03256409242749214	0.0372728556394577	0.04340046644210815	0.1019895970821381	0.1003759130835533	0.0547119714319706	0.03681694343686104	0.07464909553527832	0.0395721048116684	0.02279618568718433	0.04092597961425781	0.0345306433737278	0	0.04493130370974541	0.04556847363710403	0.0423382967710495	0.04516388475894928	0.04660918936133385	0.04734750464558601	0.04918921366333961	0.04531216621398926	0.03235387429594994	0.03894010186195374	0.04425926133990288	0.02310804836452007	0.03577623516321182	0.03374853730201721	0.03570570424199104	0.03726042434573174	0.03935100138187408	0.03487943112850189	0.02817063964903355	0.0341038815677166	0.02851550839841366	0.04024650901556015	0.03108133561909199	0.044756680727005	0.04353740438818932	0.04263412207365036	0.04159549251198769	0.03436288982629776	0.03757134452462196	0.03016587160527706	0.04480326920747757	0.04627207294106483	0.04004134237766266	0.04369667172431946	0.03020243532955647	0.03853221610188484	0.029450548812747	0.04524622112512589	0.04893354326486588	0.04904849454760551	0.03547311201691628	0.04666990414261818	0.0456719845533371	0.03726310655474663	0.03003600426018238	0.02771646715700626	0.03008964098989964	0.05053611472249031	0.03451122716069221	0.05087835714221001	0.0364866591989994	0.04379787668585777	0.03546066209673882	0.03192287310957909	0.03858783468604088	0.0424264557659626	0.03005034290254116	0.04455155879259109	0.04315991699695587	0.05867163464426994	0.05335133150219917	0.06130663305521011	0.1184608638286591	0.1250902116298676	0.05964206159114838	0.05144362524151802	0.06176120415329933	0.1104997918009758	0.05567844212055206	0.04879513382911682	0.06077186390757561	0.04391908273100853	0.05032189562916756	0.06089187040925026	0.09021224081516266	0.04866093024611473	0.04981439188122749	0.04924498870968819	0.09111624211072922	0.04087738692760468	0.110223151743412	0.05081337690353394	0.05687756091356277	0.05338999629020691	0.05671417713165283	0.1244816780090332
S2017t2_E11-T2b-Female	0.08029872179031372	0.08577091991901398	0.0562262088060379	0.08073484897613525	0.05986513569951057	0.05037456750869751	0.05923525616526604	0.08864241093397141	0.05824872106313705	0.07867211103439331	0.0877629742026329	0.01003086473792791	0.05043081939220428	0.0446813739836216	0.04832316190004349	0.04919763281941414	0.05586365982890129	0.04677021130919456	0.03767309337854385	0.002043012529611588	0.03498825058341026	0.04519826546311378	0.02296606078743935	0.003307698527351022	0.04623092338442802	0.03287648782134056	0.03123346529901028	0.01944012939929962	0.03917315229773521	0.03787420690059662	0.04375658556818962	0.05166236311197281	0.05047054216265678	0.04678861796855927	0.001938330591656268	0.001563002471812069	0.001231503789313138	0.02463261038064957	0.001667684526182711	0.03633758425712585	0.04531263187527657	0.04630137607455254	0.03450720012187958	0.04762541130185127	0.05225579440593719	0.05334191769361496	0.03154188767075539	0.01136346906423569	0.02091195806860924	0.002198090311139822	0.04173688963055611	0.01721373200416565	0.0537114106118679	0.05984353274106979	0.04298332333564758	0.004690692760050297	0.03857045993208885	0.02993631549179554	0.00241620559245348	0.0187509935349226	0.03544414043426514	0.0007931881700642407	0.04452251642942429	0.00523655628785491	0.03907386586070061	0.02968677319586277	0.04354729503393173	0.04449053108692169	0.03093619830906391	0.03971315175294876	0.02241600304841995	0.05059461668133736	0.02628522366285324	0.05040033534169197	0.04400737956166267	0.00241620559245348	0.0374530516564846	0.01720108091831207	0.03148100897669792	0.03835052624344826	0.04584420099854469	0.04804703965783119	0.004941781982779503	0.03291546925902367	0.04217001423239708	0.04155495017766953	0.0211104229092598	0.02195778302848339	0.02197577618062496	0.01719851605594158	0.02149047330021858	0.05544987693428993	0.05126658082008362	0.0542747937142849	0.002204555785283446	0.01770054362714291	0.03694741427898407	0.04059610515832901	0.1043772175908089	0.1107246875762939	0.05649667978286743	0.0308148842304945	0.09284930676221848	0.05107139423489571	0.0283405315130949	0.008849730715155602	0.04137600958347321	0.04493130370974541	0	0.0006371726049110293	0.007194459438323975	0.001727849012240767	0.03737152740359306	0.00241620559245348	0.03877352550625801	0.00175959593616426	0.02593629434704781	0.04520399495959282	0.04579602554440498	0.0333639457821846	0.0225801020860672	0.03873572498559952	0.01568740792572498	0.02095331810414791	0.01428340096026659	0.01574793830513954	0.02765262685716152	0.02371618151664734	0.02221160754561424	0.00553617812693119	0.01754830591380596	0.0004883859655819833	0.002443096833303571	0.002999682677909732	0.005513825919479132	0.02180471085011959	0.03478245064616203	0.03173494338989258	0.003709284123033285	0.04737753048539162	0.0210989061743021	0.004193517379462719	0.03272751346230507	0.04351939633488655	0.03220859169960022	0.04635167494416237	0.04360967129468918	0.04339757189154625	0.02741964906454086	0.04034532606601715	0.02859418466687202	0.03987812995910645	0.02092108689248562	0.02706652320921421	0.03414801135659218	0.05101350322365761	0.02885222248733044	0.05219947919249535	0.04147384315729141	0.03539469838142395	0.01895673014223576	0.0336952917277813	0.03962670266628265	0.0505816750228405	0.02875744737684727	0.001121814013458788	0.04383808001875877	0.05914902687072754	0.05445680022239685	0.05358844622969627	0.125799760222435	0.1309100985527039	0.0562262088060379	0.05577706545591354	0.08030605316162109	0.1192920282483101	0.05302983894944191	0.0484323650598526	0.05152610316872597	0.06045576184988022	0.04156618565320969	0.05098310858011246	0.1033138930797577	0.05697958916425705	0.07101123780012131	0.04576082527637482	0.1030310541391373	0.057127695530653	0.1218473166227341	0.05237723886966705	0.05798302590847015	0.05157646909356117	0.05150879919528961	0.1298702359199524
S2017t2_E11-T2b-Male	0.08093589544296265	0.0864080935716629	0.05665402486920357	0.08137201517820358	0.0605023056268692	0.05101174488663673	0.05987242609262466	0.08927958458662033	0.05888589099049568	0.07930927723646164	0.08840014785528183	0.01066803745925426	0.05106798931956291	0.04531854763627052	0.04896033927798271	0.04983481019735336	0.05650083720684052	0.04740738123655319	0.03831026703119278	0.001720167580060661	0.03562542051076889	0.04583544284105301	0.02360323257744312	0.003944871015846729	0.04686809703707695	0.03351365774869919	0.03187063708901405	0.0200773011893034	0.03981032222509384	0.03851138055324554	0.04439376294612885	0.05229953676462173	0.05110770836472511	0.04732118546962738	0.001615485642105341	0.001240157638676465	0.0009086589561775327	0.02526978403329849	0.001344839576631784	0.03697476163506508	0.04594980925321579	0.04693855345249176	0.0351443737745285	0.0482625886797905	0.05289296433329582	0.05397908762097359	0.0320744588971138	0.01200063899159431	0.02154912985861301	0.002625904511660337	0.04237405955791473	0.01785090193152428	0.05434858053922653	0.06048071384429932	0.04362049698829651	0.005327865481376648	0.03920762985944748	0.03057348355650902	0.001884002820588648	0.01928356289863586	0.03597670793533325	0.0002609854564070702	0.04515969008207321	0.005873728543519974	0.03971103578805923	0.0303239468485117	0.04418446123600006	0.04512770846486092	0.03157337382435799	0.04014096781611443	0.02305317297577858	0.05123179033398628	0.02692239731550217	0.05103749781847	0.0446445569396019	0.001884002820588648	0.03809022903442383	0.0178382508456707	0.03190882131457329	0.03877833858132362	0.0463767796754837	0.04868420958518982	0.005578954238444567	0.03355264291167259	0.04270258545875549	0.04219212383031845	0.02142784744501114	0.02249034866690636	0.02261294610798359	0.01709361560642719	0.02212764509022236	0.05608704686164856	0.05190375819802284	0.05491197109222412	0.001672352897003293	0.01823311485350132	0.0375845842063427	0.04112867265939713	0.1044580861926079	0.1113618463277817	0.05713384971022606	0.03134744986891747	0.093486487865448	0.05149920284748077	0.02897770144045353	0.008744831196963787	0.04201318696141243	0.04556847363710403	0.0006371726049110293	0	0.007831631228327751	0.002365021035075188	0.03800870105624199	0.001884002820588648	0.03941069543361664	0.00239676795899868	0.02657346427440643	0.04584116861224174	0.04643319547176361	0.03400111943483353	0.02290294505655766	0.03926793113350868	0.01632458157837391	0.02084842137992382	0.01492057275027037	0.01603815890848637	0.0282898023724556	0.02414399571716785	0.02284877933561802	0.006173350382596254	0.01818547584116459	0.0009162003989331424	0.003080268856137991	0.003427496645599604	0.006150998175144196	0.02244188636541367	0.03541962802410126	0.03237211331725121	0.004346455913037062	0.04801470413804054	0.02173607982695103	0.004830689169466496	0.0333646833896637	0.04415657371282578	0.03284576535224915	0.04698885232210159	0.0442468449473381	0.04403474554419518	0.02805682085454464	0.04098249599337578	0.0292313564568758	0.04051529988646507	0.02155825681984425	0.02770369499921799	0.0347851850092411	0.05144131928682327	0.02948939241468906	0.05283665284514427	0.04211101680994034	0.03603186830878258	0.01959390379488468	0.03433246165513992	0.04026387631893158	0.05121884867548943	0.02939462289214134	0.00101691426243633	0.044475257396698	0.0595768429338932	0.05509397760033607	0.0542256198823452	0.1264369338750839	0.1309909522533417	0.05665402486920357	0.05641423538327217	0.08094321191310883	0.119929201900959	0.05366701260209084	0.04906953871250153	0.05216327682137489	0.06109293177723885	0.04220336303114891	0.05162027850747108	0.1039510667324066	0.05761676281690598	0.07164841145277023	0.04639799892902374	0.1036682277917862	0.05776486918330193	0.1222751289606094	0.05301441252231598	0.05862020328640938	0.0522136390209198	0.05214597284793854	0.1299510896205902
S2017t2_E13-T2a-Female	0.07608995586633682	0.08142288774251938	0.05349573865532875	0.07652606815099716	0.05551709979772568	0.04616579040884972	0.05502647161483765	0.08429437875747681	0.05446293205022812	0.07431083172559738	0.08390289545059204	0.007123135961592197	0.04622199758887291	0.04092452302575111	0.04353199526667595	0.0453365333378315	0.05221106484532356	0.04156824573874474	0.03246492519974709	0.008119048550724983	0.0303493607789278	0.03800380975008011	0.01832014136016369	0.006408383138477802	0.04187668487429619	0.02922388352453709	0.02737236581742764	0.01578753069043159	0.03510355204343796	0.03380460664629936	0.03769449517130852	0.04759276658296585	0.04667747020721436	0.04191918671131134	0.008223731070756912	0.007743649184703827	0.007446757517755032	0.02056301012635231	0.007638966664671898	0.03198955208063126	0.04124303534626961	0.04195334389805794	0.03029837645590305	0.04340352863073349	0.04860319942235947	0.04968931898474693	0.02874108776450157	0.008349191397428513	0.0174746997654438	0.006777083501219749	0.03766728937625885	0.0135671105235815	0.04964180663228035	0.05577393621206284	0.03692122176289558	0.006301633082330227	0.03165443614125252	0.02670669369399548	0.00891522690653801	0.01605495065450668	0.03285184502601624	0.007570646703243256	0.04009213671088219	0.005773433018475771	0.03493468090891838	0.02533873915672302	0.0391930490732193	0.03969936445355415	0.02781118638813496	0.03753886744379997	0.01806796528398991	0.0465250238776207	0.02221562527120113	0.04589983448386192	0.03993778303265572	0.00891522690653801	0.0316474661231041	0.01313147973269224	0.02845278568565845	0.0353984497487545	0.04268363490700722	0.04383822157979012	0.006495368666946888	0.02968159504234791	0.03947346284985542	0.03832108154892921	0.02088800817728043	0.02123302035033703	0.02228759974241257	0.01881339214742184	0.01889305002987385	0.05221600830554962	0.04761570692062378	0.05062391981482506	0.00870357733219862	0.01542150042951107	0.03208183497190475	0.03800380975008011	0.1036586984992027	0.1066402494907379	0.05389939993619919	0.02801408432424068	0.08850127458572388	0.04848009720444679	0.02505208551883698	0.01022113673388958	0.03867534548044205	0.0423382967710495	0.007194459438323975	0.007831631228327751	0	0.006421698722988367	0.03038658760488033	0.00891522690653801	0.03512092679738998	0.00616801343858242	0.02199905179440975	0.04120368137955666	0.04185878857970238	0.03034795261919498	0.02294637635350227	0.03508312627673149	0.01221432350575924	0.02232472784817219	0.009935362264513969	0.01747675053775311	0.0240000281482935	0.0234473142772913	0.01855900883674622	0.005916936323046684	0.01432452257722616	0.007682844996452332	0.005600614938884974	0.006608796771615744	0.004560955334454775	0.02259097248315811	0.03043441846966743	0.02758919820189476	0.005389064084738493	0.04372493922710419	0.02157770656049252	0.005755020771175623	0.02921325527131557	0.03986680135130882	0.02855599112808704	0.04269907623529434	0.03796457871794701	0.03974497690796852	0.02348240651190281	0.03640808165073395	0.02465694397687912	0.03565624356269836	0.01726848445832729	0.0225599966943264	0.0304954145103693	0.04883921518921852	0.02583196759223938	0.04854688793420792	0.03782124444842339	0.03174209594726562	0.01657441444694996	0.03004268743097782	0.03312768042087555	0.04756142571568489	0.02510484680533409	0.007461671251803637	0.04018548503518105	0.05697473511099815	0.05080420896410942	0.0489557683467865	0.1241035610437393	0.1300523579120636	0.05349573865532875	0.0515616312623024	0.07623645663261414	0.1155408471822739	0.04896024242043495	0.04407812282443047	0.04745650663971901	0.05610772594809532	0.03465016186237335	0.0469135083258152	0.09910512715578079	0.05290998890995979	0.06694164872169495	0.04169122874736786	0.09868302196264267	0.05248881503939629	0.1199077144265175	0.0483076423406601	0.05433042719960213	0.04721519351005554	0.04743920639157295	0.1292909532785416
S2017t2_E13-T2a-Male	0.07966522872447968	0.08447437733411789	0.05654327571392059	0.08010134100914001	0.05856858566403389	0.04974106699228287	0.05860175564885139	0.08734586834907532	0.05761521682143211	0.07817778736352921	0.08715775609016418	0.00995353888720274	0.04927348718047142	0.04406848922371864	0.04824583604931831	0.04891180992126465	0.05578633770346642	0.04547366127371788	0.03717876970767975	0.002128652995452285	0.03449392691254616	0.0439017191529274	0.02247173152863979	0.002011152449995279	0.04530529677867889	0.03236786276102066	0.03051633574068546	0.01893150433897972	0.03867882862687111	0.03737988695502281	0.04326226562261581	0.0511680394411087	0.05018340051174164	0.04734861105680466	0.002233335049822927	0.001753253629431129	0.00145636242814362	0.02413828670978546	0.001648571575060487	0.03556482866406441	0.04481830820441246	0.04500483348965645	0.03334987163543701	0.04711678251624107	0.05217847228050232	0.05326458811759949	0.03189338371157646	0.01139672845602036	0.02052223868668079	0.002375899814069271	0.0412425622344017	0.01671940647065639	0.0532170832157135	0.05934921279549599	0.04248899966478348	0.003394146915525198	0.03807613253593445	0.02985898777842522	0.002924831816926599	0.01910248585045338	0.03600413352251053	0.002104036277160048	0.04380539059638977	0.00350870774127543	0.03807865083217621	0.02795892767608166	0.0426216684281826	0.04398190230131149	0.0309634767472744	0.04015509784221649	0.02111945487558842	0.05010029673576355	0.02579089999198914	0.04924300312995911	0.04351305589079857	0.002924831816926599	0.03652742505073547	0.01670675724744797	0.03235425055027008	0.0390152707695961	0.04630045220255852	0.04688971489667892	0.005178426392376423	0.03315211459994316	0.04262575134634972	0.04179159551858902	0.02022838965058327	0.02187797427177429	0.02056189626455307	0.01666470803320408	0.02161404490470886	0.0552552193403244	0.05065491795539856	0.05366313457489014	0.002281879540532827	0.01803773641586304	0.03654426336288452	0.0411560982465744	0.1041704639792442	0.1089968159794807	0.0565156377851963	0.03116637468338013	0.09207655489444733	0.05109633505344391	0.02735389024019241	0.008072453550994396	0.04129158332943916	0.04516388475894928	0.001727849012240767	0.002365021035075188	0.006421698722988367	0	0.03670352697372437	0.002924831816926599	0.03869620338082314	0.001238069264218211	0.02542766928672791	0.04425516724586487	0.04528740048408508	0.03317354619503021	0.02302204631268978	0.03822710365056992	0.01452293060719967	0.02017604000866413	0.01255555264651775	0.01454767305403948	0.02714399993419647	0.02415812574326992	0.02170298248529434	0.005341519601643085	0.01704551093280315	0.002216234570369124	0.002155952155590057	0.003448777366429567	0.004309762734919786	0.02133759669959545	0.03357838839292526	0.03101781383156776	0.001981435343623161	0.04730021208524704	0.0205902811139822	0.004116193391382694	0.03221888840198517	0.04301076754927635	0.03169996291399002	0.04627435281872749	0.04310104250907898	0.04310459643602371	0.02691102214157581	0.03983669728040695	0.02851686254143715	0.03936950489878654	0.02041245810687542	0.02655789814889431	0.03363938629627228	0.05188674479722977	0.02844820357859135	0.05190650373697281	0.04096521437168121	0.03531737253069878	0.01844810508191586	0.0331866592168808	0.03911807760596275	0.05038701742887497	0.02824882045388222	0.00156375824008137	0.0437607616186142	0.06002227216959	0.05437947809696198	0.05229190364480019	0.1258330196142197	0.1301328092813492	0.05654327571392059	0.05528273805975914	0.07981172204017639	0.1180651113390923	0.0525355190038681	0.04793804138898849	0.05103178322315216	0.05968299508094788	0.04107185453176498	0.05048878490924835	0.102680392563343	0.05648525804281235	0.0705169215798378	0.04526650160551071	0.10173449665308	0.05663337558507919	0.122164398431778	0.05188291147351265	0.05790569633245468	0.05108214542269707	0.05101447552442551	0.1303264945745468
S2017t2_E13-T2b-Female	0.0667911097407341	0.05919390171766281	0.04717957973480225	0.05324606224894524	0.03170641139149666	0.02254425920546055	0.03069198690354824	0.06275928765535355	0.04788098856806755	0.06564844399690628	0.07569865882396698	0.03441746905446053	0.02312424592673779	0.01941332966089249	0.02817707322537899	0.03491988778114319	0.03596185892820358	0.02900039777159691	0.02279669232666492	0.03840087726712227	0.01192329451441765	0.0105738490819931	0.02016488090157509	0.03563519939780235	0.02247583121061325	0.01927287876605988	0.02483085356652737	0.03091821447014809	0.02492807060480118	0.01530031021684408	0.0314832478761673	0.03937578573822975	0.0404660664498806	0.03560288995504379	0.0384008027613163	0.03792072087526321	0.03772858902812004	0.01647693477571011	0.03792079538106918	0.01754026673734188	0.01762150041759014	0.01885559596121311	0.01350905746221542	0.03149743005633354	0.02365577034652233	0.02659537084400654	0.02822010405361652	0.03403577953577042	0.03164111450314522	0.03643037006258965	0.02955888025462627	0.03167834132909775	0.02530733123421669	0.03223031014204025	0.01736189052462578	0.03425220400094986	0.008924574591219425	0.0298879686743021	0.0390922985970974	0.03299664705991745	0.03104009851813316	0.03774771839380264	0.01647060364484787	0.03500024974346161	0.01511862967163324	0.02093084529042244	0.01557151786983013	0.03116827458143234	0.03163257986307144	0.03665627166628838	0.01904111728072166	0.02290348336100578	0.02015978097915649	0.0228020828217268	0.0163162462413311	0.0390922985970974	0.0253303088247776	0.02418434806168079	0.03066074848175049	0.03047226928174496	0.03636747598648071	0.02074047364294529	0.03528808429837227	0.02249174006283283	0.02970044687390327	0.01804658398032188	0.03440032154321671	0.03422154858708382	0.03579991683363914	0.03318030759692192	0.03743890300393105	0.04513496160507202	0.03685782477259636	0.04363485798239708	0.03888064622879028	0.03513217344880104	0.02167812362313271	0.03502818569540977	0.1085921302437782	0.1053028106689453	0.04636211320757866	0.02879049442708492	0.08641904592514038	0.04145099222660065	0.03243357688188553	0.03655249625444412	0.04614145308732986	0.04660918936133385	0.03737152740359306	0.03800870105624199	0.03038658760488033	0.03670352697372437	0	0.0390922985970974	0.01333858631551266	0.03644999861717224	0.02544120512902737	0.03227256238460541	0.03228883817791939	0.03480175137519836	0.03550462052226067	0.02563776820898056	0.0363721139729023	0.03559939190745354	0.02777117304503918	0.04704562947154045	0.03016814030706882	0.035575270652771	0.03507113829255104	0.03470965102314949	0.03288174793124199	0.03733612596988678	0.0355626754462719	0.03626208379864693	0.03346588835120201	0.03562799096107483	0.01558823697268963	0.02516227029263973	0.03567104786634445	0.03117796219885349	0.03529953584074974	0.03412704914808273	0.03568059578537941	0.03633690252900124	0.03481331840157509	0.01980978064239025	0.01434304378926754	0.01612344197928905	0.02397890947759151	0.01397898327559233	0.01265660487115383	0.02768745273351669	0.03647813200950623	0.02758247405290604	0.02975363656878471	0.04252304881811142	0.03444911539554596	0.0311335064470768	0.03122301399707794	0.01368411630392075	0.02787178196012974	0.02550805918872356	0.01562267076224089	0.04328456148505211	0.03222889080643654	0.03763874247670174	0.03404471278190613	0.05065858364105225	0.02876086346805096	0.02562037855386734	0.1292391419410706	0.1356069594621658	0.04717957973480225	0.02722715027630329	0.05559435859322548	0.1162164658308029	0.02533871121704578	0.01998128928244114	0.02383497916162014	0.03177324682474136	0.01470076479017735	0.02329198084771633	0.08999793231487274	0.0407099537551403	0.04946577548980713	0.02188841067254543	0.08711476624011993	0.03197305649518967	0.1240779832005501	0.02866913750767708	0.04548126086592674	0.03203501552343369	0.02358002029359341	0.1348455399274826
S2017t2_E13-T2b-Male	0.08215875178575516	0.08675854653120041	0.05787687003612518	0.08259487152099609	0.06053832545876503	0.05223459005355835	0.06109527871012688	0.08931560814380646	0.0601087398827076	0.08067131042480469	0.08976217359304428	0.01244706846773624	0.0517670139670372	0.04699332639575005	0.05073936656117439	0.05140534043312073	0.05827986821532249	0.04744341224431992	0.03967230394482613	0.0007961790543049574	0.03698745369911194	0.04587146267294884	0.02496526576578617	0.003980896901339293	0.0482301339507103	0.03529268875718117	0.03344117105007172	0.02185633592307568	0.04117235541343689	0.03987341374158859	0.04575579240918159	0.05366156622767448	0.05246974155306816	0.04889172315597534	0.0006914971745572984	0.001276183407753706	0.001607688027434051	0.02663181535899639	0.001380865345709026	0.03805835545063019	0.04731183871626854	0.04697457700967789	0.03584339842200279	0.05004162713885307	0.0546719990670681	0.05575811862945557	0.03343649208545685	0.01336267311125994	0.02291116490960121	0.003709501121193171	0.04373609274625778	0.01921293511986732	0.05571061000227928	0.06184274330735207	0.04498253017663956	0.005363890435546637	0.04056965932250023	0.0323525182902813	0	0.02064559422433376	0.03754724189639091	0.001623018062673509	0.04673022404313087	0.005909754429012537	0.04100348055362701	0.03035997413098812	0.04554649442434311	0.0469067357480526	0.03335240483283997	0.04191999882459641	0.02308920212090015	0.05259382352232933	0.02828443050384521	0.05173652619123459	0.04600659012794495	0	0.03945225849747658	0.01920028403401375	0.03368785232305527	0.04034887254238129	0.04773880913853645	0.049383245408535	0.007357987109571695	0.03533167392015457	0.0441688634455204	0.04397115856409073	0.02146387286484241	0.0238523818552494	0.02264897525310516	0.01736418157815933	0.02390667796134949	0.05786608159542084	0.05326578393578529	0.05627400055527687	0.0006429521599784493	0.0200121458619833	0.03915512561798096	0.04269920662045479	0.1048101559281349	0.1113978624343872	0.05891288444399834	0.03270948305726051	0.09457008540630341	0.05286123231053352	0.02901372686028481	0.007715431042015553	0.04347946867346764	0.04734750464558601	0.00241620559245348	0.001884002820588648	0.00891522690653801	0.002924831816926599	0.0390922985970974	0	0.04118973016738892	0.003304297104477882	0.02835249714553356	0.04674869775772095	0.04821223393082619	0.03578015044331551	0.02478694543242455	0.04115193337202072	0.01723211072385311	0.02106128074228764	0.01495659817010164	0.01572723314166069	0.03006883338093758	0.02592302858829498	0.0246278140693903	0.00795238371938467	0.01954750902950764	0.002695233328267932	0.004442301578819752	0.004998029209673405	0.007234593853354454	0.02352548204362392	0.03650322183966637	0.03394264355301857	0.004382481798529625	0.04979373514652252	0.02351511083543301	0.006609721109271049	0.03514371439814568	0.04593560472130775	0.03462480008602142	0.04876788333058357	0.04602587595582008	0.04581377655267715	0.02983585558831692	0.04276153072714806	0.03101039305329323	0.04229433834552765	0.02333729155361652	0.02948272973299026	0.03656421974301338	0.05322035029530525	0.03126842901110649	0.05461568385362625	0.04389004409313202	0.03781089931726456	0.02137293480336666	0.0361114926636219	0.04204290732741356	0.0529978834092617	0.03117365576326847	0.002795947017148137	0.04625429213047028	0.06135586649179459	0.05687300115823746	0.05426164343953133	0.1277989596128464	0.1303330659866333	0.05787687003612518	0.05777626112103462	0.08230525255203247	0.1205586493015289	0.05502904206514359	0.05043157190084457	0.05352530628442764	0.06217652559280396	0.04356539249420166	0.05298230797052383	0.1051739156246185	0.05897879600524902	0.07301044464111328	0.04776003211736679	0.1037042513489723	0.05912689864635468	0.1234980002045631	0.05437644198536873	0.06039922684431076	0.05357566848397255	0.05350800603628159	0.131313145160675
S2017t2_E14-T2a-Female	0.06840468198060989	0.05880743637681007	0.04773219674825668	0.0524614155292511	0.02304714918136597	0.01236975006759167	0.02565684542059898	0.06300517171621323	0.04869938269257545	0.06791514158248901	0.07926753908395767	0.03438970446586609	0.01361282914876938	0.01539300568401814	0.03147021681070328	0.03425232693552971	0.03648147359490395	0.02931241504848003	0.02358111366629601	0.04039355367422104	0.01018084678798914	0.01082362234592438	0.02207073569297791	0.03720883280038834	0.02010146528482437	0.01836543530225754	0.02835446782410145	0.03245154395699501	0.02189650572836399	0.01070297695696354	0.03343572467565536	0.03902148827910423	0.04120485112071037	0.03794591501355171	0.04049823433160782	0.04001815244555473	0.03958204388618469	0.0166500136256218	0.03991347178816795	0.01795235835015774	0.01349207852035761	0.009483394213020802	0.005346332676708698	0.03035359457135201	0.01390330400317907	0.0225775521248579	0.02861395850777626	0.03494779765605927	0.03255312889814377	0.03800401836633682	0.0293093416839838	0.03248559683561325	0.01556741539388895	0.02820765599608421	0.01854506693780422	0.03582584112882614	0.01554331928491592	0.02984794229269028	0.04118973016738892	0.03401342034339905	0.03012724220752716	0.03956671431660652	0.007041528820991516	0.03657388687133789	0.01162086427211761	0.02179595641791821	0.005472888704389334	0.03122228384017944	0.03170395269989967	0.03832945227622986	0.01810053177177906	0.01311362907290459	0.01929089240729809	0.01358234230428934	0.005863385740667582	0.04118973016738892	0.02971390075981617	0.02331545576453209	0.03323183581233025	0.03145458549261093	0.03721101582050323	0.01122905407100916	0.03567935898900032	0.021161874756217	0.0285076517611742	0.01346554327756166	0.03863358497619629	0.03789173439145088	0.0391792505979538	0.03525105863809586	0.03854312747716904	0.04731057584285736	0.03965431079268456	0.04664648696780205	0.0409780815243721	0.03552344813942909	0.02305598370730877	0.03327064588665962	0.1137236878275871	0.1085904911160469	0.04723199456930161	0.0296902097761631	0.08970676362514496	0.04243819788098335	0.03524395450949669	0.03864993155002594	0.05240010842680931	0.04918921366333961	0.03877352550625801	0.03941069543361664	0.03512092679738998	0.03869620338082314	0.01333858631551266	0.04118973016738892	0	0.03788543492555618	0.02506853640079498	0.03159244731068611	0.03169843927025795	0.03684546425938606	0.03717780113220215	0.02530365437269211	0.03778718039393425	0.03921637311577797	0.02882101573050022	0.04975126311182976	0.0308974850922823	0.03724845126271248	0.03538578748703003	0.03499466180801392	0.0342690646648407	0.03859890997409821	0.03717229515314102	0.03735499829053879	0.03524904698133469	0.03948262333869934	0.01836716011166573	0.02755552157759666	0.03802348673343658	0.02988388389348984	0.03777392208576202	0.03500525653362274	0.03742889314889908	0.03759104385972023	0.03617222234606743	0.01599753461778164	0.008633045479655266	0.005254443269222975	0.02266440168023109	0.006430869922041893	0.01067667081952095	0.02779834717512131	0.03642800450325012	0.02798959612846375	0.03037922643125057	0.04217181354761124	0.03473563119769096	0.02941840700805187	0.03172697126865387	0.008165713399648666	0.02833094634115696	0.02411842718720436	0.02052568644285202	0.04390453919768333	0.0322011299431324	0.03904073685407639	0.0320483073592186	0.05030733346939087	0.02495057322084904	0.01677046157419682	0.1327728778123856	0.1402565240859985	0.04773219674825668	0.01763307116925716	0.0550551563501358	0.1197487935423851	0.01994459889829159	0.01398180332034826	0.0134517028927803	0.02385489270091057	0.0170914251357317	0.01297829300165176	0.09175003319978714	0.0403352864086628	0.04804351180791855	0.01922972872853279	0.08914535492658615	0.03003812208771706	0.1279252171516418	0.02677158080041409	0.04429194331169128	0.03050575964152813	0.01336480770260096	0.1392166912555695
S2017t2_E14-T2a-Male	0.07913254946470261	0.08401133120059967	0.05674770101904869	0.07956866174936295	0.05810553953051567	0.0492083914577961	0.05806906893849373	0.0868828222155571	0.05771488696336746	0.07757552713155746	0.08698065578937531	0.009142771363258362	0.04867121949791908	0.04368902742862701	0.04743507131934166	0.0481010414659977	0.05497556924819946	0.04501061141490936	0.03657650202512741	0.002508118283003569	0.03389165922999382	0.04343866556882858	0.02186946757137775	0.001548102824017406	0.04513433203101158	0.03198839351534843	0.03013687580823898	0.01855203695595264	0.03807655721902847	0.03677761554718018	0.04265999794006348	0.05056577548384666	0.05042912438511848	0.04717019200325012	0.00261280033737421	0.002132719149813056	0.001696609542705119	0.02353602088987827	0.002028037095442414	0.03510177880525589	0.04421604052186012	0.04454178363084793	0.03274760395288467	0.04673732072114944	0.05136771127581596	0.05245382711291313	0.03192346543073654	0.01153156440705061	0.02065707370638847	0.002649953123182058	0.04064029455184937	0.01674948260188103	0.05261481553316116	0.05874694138765335	0.04188672825694084	0.002931097289547324	0.03747386112809181	0.02968056313693523	0.003304297104477882	0.01923732273280621	0.03582571819424629	0.002344283508136868	0.04342592507600784	0.00347696035169065	0.0379076860845089	0.02792717888951302	0.04245069995522499	0.04360244050621986	0.03078505955636501	0.04051273688673973	0.02065640687942505	0.04949802532792091	0.02518863044679165	0.04864073544740677	0.04291078448295593	0.003304297104477882	0.03635646030306816	0.01610448770225048	0.03228058665990829	0.03894161060452461	0.04643528908491135	0.04628744348883629	0.005000008270144463	0.03265547379851341	0.04255159199237823	0.04129494726657867	0.02114888839423656	0.0224441085010767	0.02137698419392109	0.01765930838882923	0.02186692506074905	0.05518987774848938	0.05079807341098785	0.05380629375576973	0.003092647530138493	0.01839537359774113	0.03658316656947136	0.04108193144202232	0.1046522483229637	0.1089650765061378	0.05687326565384865	0.03119645826518536	0.09161350131034851	0.05166247114539146	0.02784988656640053	0.009310522116720676	0.04175346344709396	0.04531216621398926	0.00175959593616426	0.00239676795899868	0.00616801343858242	0.001238069264218211	0.03644999861717224	0.003304297104477882	0.03788543492555618	0	0.02504820376634598	0.04344440251588821	0.04490793123841286	0.03332182765007019	0.02337968163192272	0.03784763813018799	0.01392781361937523	0.02141411043703556	0.01252380479127169	0.01559998001903296	0.02676453627645969	0.02451576292514801	0.02132351696491241	0.005276177544146776	0.01750689372420311	0.00224798172712326	0.00250643864274025	0.003590763779357076	0.004278015345335007	0.02238990366458893	0.03354664146900177	0.03074259869754314	0.002164830453693867	0.04648944362998009	0.02084315940737724	0.003305424936115742	0.03247176855802536	0.04263130575418472	0.03132050111889839	0.04546358436346054	0.04272158071398735	0.04250947758555412	0.02653155475854874	0.03945723548531532	0.02770609222352505	0.03899003937840462	0.02003299258649349	0.02617843262851238	0.03325992077589035	0.05181308463215828	0.02880583889782429	0.05131139233708382	0.04058575257658958	0.03450660407543182	0.01806863769888878	0.03280719369649887	0.03873860836029053	0.05053529515862465	0.02786935493350029	0.002454108325764537	0.04294999316334724	0.05994860827922821	0.05356870964169502	0.05182885006070137	0.125967875123024	0.1311851143836975	0.05674770101904869	0.0546804703772068	0.07920944690704346	0.1175324395298958	0.05193324759602547	0.04733577370643616	0.05042951926589012	0.05921994522213936	0.04046959429979324	0.04988652467727661	0.1021477207541466	0.05588299408555031	0.06991465389728546	0.04466423392295837	0.1012714579701424	0.05603110790252686	0.1223688349127769	0.05128064751625061	0.05709493532776833	0.05047988146543503	0.05041221529245377	0.1308082789182663
S2017t2_E14-T2b-Female	0.06046515703201294	0.07381095737218857	0.04166501760482788	0.06580779701471329	0.04790517687797546	0.03544751927256584	0.03760500252246857	0.0766824409365654	0.04263219982385635	0.05898137018084526	0.06785048544406891	0.01611495018005371	0.03847084566950798	0.0206984356045723	0.02345354855060577	0.0294423196464777	0.03127868473529816	0.03474074229598045	0.02208015508949757	0.02755631878972054	0.01806646957993507	0.03284905105829239	0.007147056516259909	0.02437160536646843	0.02290361374616623	0.008796378038823605	0.009355128742754459	0.01111875660717487	0.01677742972970009	0.01589766889810562	0.02645759843289852	0.03232800588011742	0.03380186483263969	0.03086319379508495	0.02766099944710732	0.02707631327211857	0.02674480900168419	0.01166075747460127	0.02697163261473179	0.01620611920952797	0.02291691675782204	0.03434141352772713	0.02254722453653812	0.02200423926115036	0.02976596727967262	0.02875694446265697	0.01474881637841463	0.01498983055353165	0.01060615107417107	0.02464300207793713	0.02251125499606133	0.01123471185564995	0.03644740581512451	0.0458945520222187	0.0227133221924305	0.02298860624432564	0.02301082760095596	0.01355430763214827	0.02835249714553356	0.01196184381842613	0.01948909275233746	0.02672947943210602	0.03096795082092285	0.02308970130980015	0.02346489764750004	0.0221918448805809	0.02939930744469166	0.02172749862074852	0.01413719821721315	0.02155027352273464	0.01632286980748177	0.03797164931893349	0.007136378902941942	0.03829452022910118	0.02939539775252342	0.02835249714553356	0.01972276158630848	0.0132560059428215	0.0148271843791008	0.02273920923471451	0.03023289516568184	0.03608706966042519	0.02099451422691345	0.01116199512034655	0.03043760359287262	0.02604086883366108	0.03063776902854443	0.03000052087008953	0.03167728334665298	0.02774909697473049	0.01585184223949909	0.03514701873064041	0.02989881485700607	0.03384709730744362	0.02770954370498657	0.01338380388915539	0.01467262022197247	0.02276017144322395	0.1100266352295876	0.1052933037281036	0.03791080415248871	0.01423146575689316	0.08077184110879898	0.03531341627240181	0.02524844743311405	0.02516574412584305	0.03249469771981239	0.03235387429594994	0.02593629434704781	0.02657346427440643	0.02199905179440975	0.02542766928672791	0.02544120512902737	0.02835249714553356	0.02506853640079498	0.02504820376634598	0	0.0340697355568409	0.02272757515311241	0.01804379746317863	0.02685282006859779	0.01329459249973297	0.0251530297100544	0.03171441704034805	0.01606952399015427	0.03626707568764687	0.01544773951172829	0.02518046833574772	0.01081110630184412	0.02040011808276176	0.01615029759705067	0.02576167695224285	0.02391019836068153	0.02335447072982788	0.02176485769450665	0.03198065981268883	0.02217477932572365	0.01989443600177765	0.02425466291606426	0.02279255725443363	0.03027195483446121	0.02216801792383194	0.01855180040001869	0.02134458348155022	0.01757975853979588	0.02176670543849468	0.02538282051682472	0.02599293179810047	0.006878477055579424	0.0248392540961504	0.01634957641363144	0.01509866304695606	0.01737371273338795	0.00664517330005765	0.01220549270510674	0.03349757939577103	0.01016094908118248	0.02718834020197392	0.01761136390268803	0.01775119826197624	0.0201837457716465	0.00898714829236269	0.01885923743247986	0.03157284110784531	0.01019025687128305	0.02555655129253864	0.02337406761944294	0.04163311049342155	0.02966131456196308	0.04134384542703629	0.1290758401155472	0.1361281871795654	0.04166501760482788	0.04175184294581413	0.06171603873372078	0.1164704784750938	0.0312604196369648	0.03210512921214104	0.03771630302071571	0.04221037775278091	0.02687709778547287	0.03783631324768066	0.09342143684625626	0.03468862175941467	0.04861554503440857	0.02461806870996952	0.09397849440574646	0.03912168741226196	0.1212611123919487	0.02998151816427708	0.03561770915985107	0.02903490699827671	0.03703603520989418	0.1355196386575699
S2017t2_E14-T2b-Male	0.04896737635135651	0.04056692868471146	0.06752800196409225	0.03612426295876503	0.0315481424331665	0.04291540384292603	0.03151167929172516	0.04343841969966888	0.06174038350582123	0.04825631156563759	0.05691645666956902	0.04235468059778214	0.04237823188304901	0.03739603981375694	0.05094118043780327	0.05425688996911049	0.05642774701118469	0.004943618550896645	0.04452845454216003	0.04595251753926277	0.02894378639757633	0.03643273562192917	0.02998421154916286	0.04276780039072037	0.04010603204369545	0.03006991930305958	0.03575506061315536	0.0399412140250206	0.04190106689929962	0.0304846279323101	0.05344029515981674	0.05902604386210442	0.06120942533016205	0.05795049294829369	0.04605719819664955	0.04557712003588676	0.04514100775122643	0.02794905938208103	0.04547243565320969	0.03753926977515221	0.03792305663228035	0.03824879601597786	0.0264546163380146	0.05077516287565231	0.04483706876635551	0.04616083949804306	0.03817407414317131	0.04249577224254608	0.04010109975934029	0.04513433948159218	0.04931391030550003	0.04003356769680977	0.03618962690234184	0.01530254445970058	0.03873100131750107	0.04138480499386787	0.03238049149513245	0.04107392579317093	0.04674869775772095	0.04156139865517616	0.04629176110029221	0.04578868299722672	0.03713294491171837	0.04213285073637962	0.03319747373461723	0.03120063804090023	0.03615771234035492	0.05164385214447975	0.04279148578643799	0.05222185328602791	0.02365949936211109	0.04320503771305084	0.02892056852579117	0.0423477441072464	0.03661780431866646	0.04674869775772095	0.04713675007224083	0.03086343035101891	0.04343630373477936	0.0494842641055584	0.05721559002995491	0.03999445214867592	0.04364433884620667	0.03774339333176613	0.05050355195999146	0.04065479338169098	0.04803825542330742	0.04848320409655571	0.04858393222093582	0.04486624523997307	0.03637589886784554	0.02628088183701038	0.02188264392316341	0.02320537902414799	0.04653704538941383	0.04348841682076454	0.04271861538290977	0.05112895742058754	0.1221860721707344	0.08251561224460602	0.06741592288017273	0.04164738580584526	0.0652032345533371	0.04893317446112633	0.02053851261734962	0.04420888423919678	0.04498545080423355	0.03894010186195374	0.04520399495959282	0.04584116861224174	0.04120368137955666	0.04425516724586487	0.03227256238460541	0.04674869775772095	0.03159244731068611	0.04344440251588821	0.0340697355568409	0	0.05212001502513885	0.0419013500213623	0.04898848757147789	0.04093080013990402	0.02983654476702213	0.04524364694952965	0.0343799851834774	0.03166841343045235	0.04291868954896927	0.04905914142727852	0.03997335582971573	0.04306590557098389	0.0361454039812088	0.04569238051772118	0.04360350966453552	0.0449029803276062	0.0418555773794651	0.04265628010034561	0.03008636645972729	0.03244124725461006	0.04358245432376862	0.05030545592308044	0.04805010184645653	0.04143571853637695	0.04923958703875542	0.05183039233088493	0.04798291623592377	0.03937996923923492	0.03642859682440758	0.03621649742126465	0.03076117672026157	0.03316425532102585	0.02325229905545712	0.0451260581612587	0.03468181192874908	0.03680918365716934	0.04218991473317146	0.06259338557720184	0.04339450597763062	0.0502610057592392	0.04735412076115608	0.02821361646056175	0.03775253146886826	0.03603501617908478	0.03452609106898308	0.05793819576501846	0.04059341177344322	0.04547121003270149	0.0524698793888092	0.07072890549898148	0.0474850982427597	0.04215846955776215	0.1086174473166466	0.1141816526651382	0.06752800196409225	0.03487788140773773	0.03576505184173584	0.09367391467094421	0.04564027115702629	0.03428797796368599	0.04413653537631035	0.02590775676071644	0.03713750466704369	0.04359353706240654	0.06745541095733643	0.05020765587687492	0.03089667484164238	0.04090916365385056	0.06307049095630646	0.02187942527234554	0.1036305949091911	0.04339874535799026	0.06471350789070129	0.05051032826304436	0.04074182361364365	0.1138048097491264
S2017t2_E16-T2a-Female	0.05228683352470398	0.07924770563840866	0.0271154772490263	0.06915979832410812	0.04696499928832054	0.03381039574742317	0.03495668992400169	0.0828130915760994	0.02808266505599022	0.05178355053067207	0.06862822920084	0.03597468137741089	0.03753067180514336	0.01858569495379925	0.008804631419479847	0.01646787486970425	0.01388749945908785	0.0508200116455555	0.01702281460165977	0.04741604998707771	0.0254908874630928	0.03385110199451447	0.02778475917875767	0.04423133656382561	0.01446840446442366	0.02353974618017673	0.02404498122632504	0.03133868798613548	0.01133432425558567	0.02258098684251308	0.01271627098321915	0.01702331937849522	0.01786057464778423	0.01499152928590775	0.04752073436975479	0.04693605005741119	0.04660454392433167	0.02748935483396053	0.04683136194944382	0.0152424331754446	0.01957973092794418	0.03382854536175728	0.03472671657800674	0.007641286589205265	0.02802611514925957	0.01603967323899269	0.01898976601660252	0.03484956175088882	0.02530107833445072	0.04450273141264915	0.0106665538623929	0.02899930067360401	0.03550723940134048	0.05010420083999634	0.02125005051493645	0.04327558726072311	0.02727658487856388	0.0166980866342783	0.04821223393082619	0.02756664156913757	0.01478110998868942	0.0465892106294632	0.03045857511460781	0.04316508024930954	0.02312149479985237	0.03467975184321404	0.02956598065793514	0.007786002941429615	0.0169506911188364	0.01321916468441486	0.03799575194716454	0.03703147545456886	0.02647326700389385	0.03735435009002686	0.02930983155965805	0.04821223393082619	0.01266876235604286	0.03513839840888977	0.01683798432350159	0.01641744561493397	0.01471889950335026	0.03514689579606056	0.04085424542427063	0.01751554198563099	0.02562757767736912	0.02447261102497578	0.04067600890994072	0.04014336317777634	0.04192473366856575	0.04162546992301941	0.035300362855196	0.03726843371987343	0.03331651538610458	0.04178706929087639	0.04756927862763405	0.03220487758517265	0.01837082952260971	0.01560331974178553	0.1156001389026642	0.1135241463780403	0.0186078604310751	0.01686125993728638	0.08761433511972427	0.02159314602613449	0.04309069737792015	0.04524113237857819	0.05236248672008514	0.04425926133990288	0.04579602554440498	0.04643319547176361	0.04185878857970238	0.04528740048408508	0.03228883817791939	0.04821223393082619	0.03169843927025795	0.04490793123841286	0.02272757515311241	0.05212001502513885	0	0.02565648220479488	0.03710027039051056	0.01655477285385132	0.04670896008610725	0.042389165610075	0.03826820105314255	0.05634244903922081	0.02717897854745388	0.03542792052030563	0.02782442234456539	0.04047036543488503	0.03454556316137314	0.04562140628695488	0.04376992955803871	0.04321419820189476	0.04184024035930634	0.04265541955828667	0.03107553347945213	0.03174697235226631	0.04433004185557365	0.007960865274071693	0.04051940515637398	0.04202774912118912	0.02486568503081799	0.01810980401933193	0.0257404986768961	0.01644876599311829	0.02669238485395908	0.02814496494829655	0.02844446152448654	0.02933645807206631	0.03450429067015648	0.01132052298635244	0.03828993439674377	0.02315556257963181	0.02108707651495934	0.01483357883989811	0.01758772507309914	0.009344939142465591	0.01288659404963255	0.02897066622972488	0.03661408647894859	0.02389892563223839	0.02514581009745598	0.01879426650702953	0.01941074430942535	0.04563193023204803	0.01025501731783152	0.02211449667811394	0.01474854908883572	0.04040366038680077	0.1344751119613647	0.1417016983032227	0.0271154772490263	0.04063742980360985	0.06576499342918396	0.1235659494996071	0.02386478148400784	0.03442427888512611	0.03642765432596207	0.04127020016312599	0.02809428609907627	0.03654765710234642	0.100111149251461	0.02160653471946716	0.04298188164830208	0.01948761753737926	0.1013651564717293	0.03769970685243607	0.1261376738548279	0.0171072892844677	0.01736806891858578	0.01525524724274874	0.03609586134552956	0.1410931348800659
S2017t2_E16-T2a-Male	0.05905048176646233	0.07520414888858795	0.0428885892033577	0.06720100343227386	0.04929836839437485	0.04359553009271622	0.03798694536089897	0.07807563990354538	0.03752388432621956	0.05707592889666557	0.06612548232078552	0.02481156028807163	0.04661879315972328	0.02812512032687664	0.02834882773458958	0.0347389355301857	0.03588933125138283	0.04218566417694092	0.02607390098273754	0.03498397395014763	0.03010717779397964	0.04080640152096748	0.02389109693467617	0.03359580039978027	0.02962229959666729	0.02255938574671745	0.02152463793754578	0.01979019492864609	0.026845533400774	0.02719529159367085	0.0283246748149395	0.03591633960604668	0.0348229706287384	0.03188429772853851	0.03508865460753441	0.03450396656990051	0.03417246416211128	0.02750876359641552	0.03439928591251373	0.02512939274311066	0.02956660836935043	0.0424894206225872	0.03667745366692543	0.02820882387459278	0.03687657043337822	0.03384282067418098	0.01946017891168594	0.02241748198866844	0.01850844360888004	0.03207065165042877	0.02687042951583862	0.01856156624853611	0.03784061968326569	0.04771506041288376	0.03080369904637337	0.0330587700009346	0.03139547631144524	0.02240518294274807	0.03578015044331551	0.0182381346821785	0.02545785717666149	0.03415713459253311	0.03940059989690781	0.03166694566607475	0.0313972495496273	0.019878214225173	0.0376163087785244	0.02549809403717518	0.02320600859820843	0.01597865670919418	0.03142307698726654	0.04611965641379356	0.02468501403927803	0.04658830165863037	0.03797070309519768	0.03578015044331551	0.02329904027283192	0.02659688703715801	0.02330206707119942	0.02736830152571201	0.03125399723649025	0.04423507675528526	0.0286357868462801	0.02115871757268906	0.03382560983300209	0.0327233299612999	0.02269554696977139	0.02205829881131649	0.02387766726315022	0.0227238554507494	0.01546008419245481	0.03284081444144249	0.02703425660729408	0.03120535984635353	0.03513719886541367	0.01960069872438908	0.02219025231897831	0.02820147946476936	0.1088786795735359	0.1034587025642395	0.03663021698594093	0.02140849642455578	0.0770379975438118	0.02929507382214069	0.02412549033761024	0.02806471846997738	0.03420735895633698	0.02310804836452007	0.0333639457821846	0.03400111943483353	0.03034795261919498	0.03317354619503021	0.03480175137519836	0.03578015044331551	0.03684546425938606	0.03332182765007019	0.01804379746317863	0.0419013500213623	0.02565648220479488	0	0.01862595789134502	0.01575755514204502	0.03036541678011417	0.02011015079915524	0.02725585550069809	0.03693992272019386	0.01049262937158346	0.01695360615849495	0.01199831161648035	0.02846552804112434	0.01843008771538734	0.0331893302500248	0.03133784979581833	0.03106676414608955	0.02960515022277832	0.01699899509549141	0.02136988937854767	0.0111246295273304	0.0328129269182682	0.02916040644049644	0.022468077018857	0.03160157799720764	0.007970503531396389	0.01776648871600628	0.008500019088387489	0.02685264497995377	0.03402598574757576	0.03542283922433853	0.02257207408547401	0.03176234290003777	0.03332818672060966	0.02143334969878197	0.02131831645965576	0.01270090229809284	0.007748146075755358	0.03309759125113487	0.0184146873652935	0.03248472884297371	0.01787743903696537	0.03145412728190422	0.02034645527601242	0.01783611625432968	0.02474194765090942	0.02413135953247547	0.01339652482420206	0.03298420459032059	0.02733008936047554	0.04080581292510033	0.03495777025818825	0.04639908671379089	0.1216484010219574	0.1287007331848145	0.0428885892033577	0.0432908833026886	0.06310924142599106	0.1135825514793396	0.03839722648262978	0.03506487235426903	0.04586431384086609	0.04360358044505119	0.03530974313616753	0.04598432034254074	0.09190723299980164	0.03447875753045082	0.0485103651881218	0.0322422944009304	0.09246428310871124	0.04079946503043175	0.1138336583971977	0.03325381129980087	0.03848399594426155	0.03583037480711937	0.04180657118558884	0.1280921846628189
S2017t2_E16-T2b-Female	0.07171551883220673	0.08015477657318115	0.04743363708257675	0.07215162366628647	0.05424899235367775	0.04179134964942932	0.05065203458070755	0.08302626758813858	0.04966550692915916	0.06974095106124878	0.07868575304746628	0.02142227441072464	0.04481468349695206	0.03714582324028015	0.04048601165413857	0.04047524183988571	0.04589000716805458	0.0492727980017662	0.0289857629686594	0.02462311275303364	0.03203931078314781	0.04043672978878021	0.0265562180429697	0.02396776899695396	0.03686447069048882	0.03080190345644951	0.0310559868812561	0.02377106621861458	0.03579691052436829	0.03492527455091476	0.03696193918585777	0.04273121058940887	0.04132373258471489	0.03775285929441452	0.02451842837035656	0.02414310164749622	0.02381160296499729	0.02794569730758667	0.02424778416752815	0.03237553685903549	0.03851798176765442	0.04282174631953239	0.03700978681445122	0.03743210807442665	0.04228214174509048	0.04336826503276825	0.03105215914547443	0.02251547947525978	0.02693635039031506	0.02107744850218296	0.03536953777074814	0.02494733035564423	0.04478025063872337	0.05480220168828964	0.03405216708779335	0.02343073673546314	0.03220310807228088	0.03083308786153793	0.02478694543242455	0.02595269121229649	0.0336725041270256	0.02316392958164215	0.03887832909822464	0.02203891240060329	0.0318341888487339	0.01865935325622559	0.03752133250236511	0.03622208163142204	0.03184327483177185	0.02499346248805523	0.03175541386008263	0.04431547969579697	0.02889120765030384	0.04478419199585915	0.03830303996801376	0.02478694543242455	0.03193630650639534	0.02602498419582844	0.03112592175602913	0.03519223257899284	0.03894495218992233	0.04285820573568344	0.01954970695078373	0.03020593523979187	0.03313425183296204	0.03329049795866013	0.005020576994866133	0.003851424437016249	0.006198375020176172	0.007633281871676445	0.02560575678944588	0.04833762347698212	0.04253106564283371	0.0448923334479332	0.02414399571716785	0.02247905358672142	0.03047811612486839	0.03787591308355331	0.09993952512741089	0.1042459234595299	0.04566041752696037	0.02920563332736492	0.08589615672826767	0.04182246699929237	0.02974885702133179	0.01707151532173157	0.0431194007396698	0.03577623516321182	0.0225801020860672	0.02290294505655766	0.02294637635350227	0.02302204631268978	0.03550462052226067	0.02478694543242455	0.03717780113220215	0.02337968163192272	0.02685282006859779	0.04898848757147789	0.03710027039051056	0.01862595789134502	0	0.02519867941737175	0.0303660910576582	0.007103068754076958	0.02188960090279579	0.03351962193846703	0.01140508241951466	0.001672354177571833	0.02547229081392288	0.01937945000827312	0.02485059946775436	0.02219612523913383	0.02129095420241356	0.02007356099784374	0.01987236738204956	0.008439249359071255	0.02337041683495045	0.01788094453513622	0.02287078090012074	0.04082228243350983	0.004788792226463556	0.02250625565648079	0.01669962331652641	0.02729185670614243	0.01274628192186356	0.03851452469825745	0.03469826653599739	0.0366266742348671	0.02726192399859428	0.03209467604756355	0.03366058319807053	0.03309522569179535	0.0280354842543602	0.02261978015303612	0.01812812313437462	0.0433942973613739	0.02955310046672821	0.04201017692685127	0.02868472039699554	0.03311246261000633	0.01155537087470293	0.02775498852133751	0.03221285343170166	0.0365106537938118	0.02495365589857101	0.02199100144207478	0.03899204358458519	0.04896600544452667	0.04448314756155014	0.04797231033444405	0.1196210980415344	0.1260410845279694	0.04743363708257675	0.0482414998114109	0.07137489318847656	0.1136758998036385	0.04430744796991348	0.04291961714625359	0.04406013339757919	0.05222069472074509	0.03392459824681282	0.04418013989925385	0.09651092439889908	0.04804843664169312	0.06208009272813797	0.03724732622504234	0.09741489589214325	0.04847489297389984	0.1130547598004341	0.04344608262181282	0.04800936579704285	0.04264530912041664	0.04337986931204796	0.1254325360059738
S2017t2_E16-T2b-Male	0.0544746033847332	0.07017607986927032	0.035883828997612	0.06113208457827568	0.04322946071624756	0.03077181056141853	0.03212692588567734	0.07374147325754166	0.0368509404361248	0.05334601551294327	0.06394178420305252	0.02891438081860542	0.0337950699031353	0.01529042981564999	0.01708009839057922	0.02341651171445847	0.0219651386141777	0.04047273844480515	0.01874732412397861	0.04035575315356255	0.01880302093923092	0.02845798060297966	0.01878544688224792	0.03717103600502014	0.01459731068462133	0.01213488262146711	0.01580329053103924	0.02320838533341885	0.01405316591262817	0.01579270325601101	0.02196461148560047	0.02626847103238106	0.02802697569131851	0.02508829720318317	0.04046043381094933	0.03987574949860573	0.0395442433655262	0.01849792525172234	0.03977106884121895	0.01285293232649565	0.01739488169550896	0.03094760328531265	0.02513564378023148	0.01413851696997881	0.02429050207138062	0.0194433331489563	0.01638070307672024	0.02778926491737366	0.019706005230546	0.03744243085384369	0.0183001421391964	0.02193900384008884	0.0317717008292675	0.04292804375290871	0.01790375448763371	0.03578804433345795	0.02118952944874763	0.01700081862509251	0.04115193337202072	0.02158547937870026	0.01983901672065258	0.03952891752123833	0.0270041860640049	0.03524218127131462	0.01985543966293335	0.01960881985723972	0.02564719505608082	0.01671326160430908	0.01854372210800648	0.0135499844327569	0.02680654078722	0.03329593315720558	0.01580677181482315	0.03376458212733269	0.02642889134585857	0.04115193337202072	0.01758440397679806	0.02373968064785004	0.01955071464180946	0.02209186367690563	0.02573990449309349	0.03141136094927788	0.03379394486546516	0.01340218354016542	0.02797384560108185	0.02326657995581627	0.02937324158847332	0.02873599343001842	0.030128113925457	0.03068345226347446	0.0275866687297821	0.03281830996274948	0.02429981343448162	0.0316854901611805	0.04050898179411888	0.02504211477935314	0.01471215486526489	0.02247637324035168	0.1106574237346649	0.104661650955677	0.03069737553596497	0.01548537239432335	0.08182993531227112	0.02925388514995575	0.03355402499437332	0.03429911285638809	0.04521936550736427	0.03374853730201721	0.03873572498559952	0.03926793113350868	0.03508312627673149	0.03822710365056992	0.02563776820898056	0.04115193337202072	0.02530365437269211	0.03784763813018799	0.01329459249973297	0.04093080013990402	0.01655477285385132	0.01575755514204502	0.02519867941737175	0	0.03753373026847839	0.0314471460878849	0.02619533613324165	0.04906650260090828	0.01539098843932152	0.02363129332661629	0.02094467915594578	0.03341006860136986	0.02894973009824753	0.03856110572814941	0.03670964017510414	0.03643855080008507	0.03391734138131142	0.03171339258551598	0.01682490855455399	0.01799878478050232	0.0373387336730957	0.01688027754426003	0.02872278541326523	0.03496744856238365	0.01559917908161879	0.01281158253550529	0.01453546527773142	0.01530642341822386	0.02205687016248703	0.02388102933764458	0.01657253690063953	0.02022052556276321	0.0235996562987566	0.01136863045394421	0.03038366883993149	0.0128708528354764	0.00821868609637022	0.02820899896323681	0.01810689829289913	0.01892269961535931	0.007590461522340775	0.01991231553256512	0.02398013137280941	0.01037101354449987	0.01810604147613049	0.02112463675439358	0.01363154128193855	0.0383559875190258	0.02064922638237476	0.03463531658053398	0.02055828645825386	0.03695276752114296	0.1297066509723663	0.1367589831352234	0.035883828997612	0.03722196444869041	0.05704032257199287	0.1166825592517853	0.02316347695887089	0.03027786500751972	0.03304059430956841	0.03753465786576271	0.02248603291809559	0.03316060081124306	0.09173649549484253	0.02758227288722992	0.04024017602205276	0.01679964736104012	0.09229352325201035	0.03473054990172386	0.1218919232487679	0.02160622365772724	0.0286199226975441	0.02080538682639599	0.0323602594435215	0.136150449514389
S2017t2_E17-T2a-Female	0.0661570280790329	0.07040347158908844	0.0610758513212204	0.06596080958843231	0.04449768364429474	0.04911013320088387	0.0444612167775631	0.07327497005462646	0.05528823286294937	0.06544597446918488	0.07389045506715775	0.01387894432991743	0.04857296869158745	0.04337513074278831	0.04638621956110001	0.04958555847406387	0.05440201982855797	0.03140275925397873	0.04017138108611107	0.01643593050539494	0.03355574980378151	0.04262747243046761	0.02153356745839119	0.01325121615082026	0.04482043161988258	0.03143683820962906	0.02887237444519997	0.02029221132397652	0.03797830268740654	0.03667936101555824	0.04698814824223518	0.05257391557097435	0.05454162880778313	0.05149834603071213	0.01654061302542686	0.01606053300201893	0.01562442071735859	0.02427522093057632	0.015955850481987	0.03625971078872681	0.04411778599023819	0.044443529099226	0.03264934569597244	0.04642342031002045	0.05103180184960365	0.0523555725812912	0.03214094415307045	0.01585971936583519	0.02498523145914078	0.01561775337904692	0.04286177083849907	0.02107763476669788	0.04238436371088028	0.04513908922672272	0.04155082255601883	0.01186822075396776	0.03690031915903091	0.03400871530175209	0.01723211072385311	0.02356547862291336	0.03983960673213005	0.01627209596335888	0.04311202839016914	0.01240061316639185	0.0375937856733799	0.02761327661573887	0.04213679954409599	0.04497605934739113	0.03511321172118187	0.04462524130940437	0.02055815421044827	0.04939977452158928	0.02509037777781487	0.04854247719049454	0.0428125411272049	0.01723211072385311	0.0404689684510231	0.01600623689591885	0.03637108951807022	0.04303210973739624	0.05076344311237335	0.04618919640779495	0.01412774808704853	0.03402276337146759	0.04614646732807159	0.04266224429011345	0.02941586449742317	0.02986080199480057	0.02996153011918068	0.02624385245144367	0.01584722474217415	0.04325489699840546	0.03844011947512627	0.04144832864403725	0.01680481061339378	0.02250787429511547	0.03773481398820877	0.04467681795358658	0.1104584634304047	0.09514155983924866	0.06074812635779381	0.03479133173823357	0.07927036285400391	0.04226537048816681	0.01698728278279305	0.01789506897330284	0.03235637024044991	0.03570570424199104	0.01568740792572498	0.01632458157837391	0.01221432350575924	0.01452293060719967	0.0363721139729023	0.01723211072385311	0.03778718039393425	0.01392781361937523	0.0251530297100544	0.02983654476702213	0.04670896008610725	0.03036541678011417	0.0303660910576582	0.03753373026847839	0	0.0266212597489357	0.01220989879220724	0.01206838246434927	0.02834766730666161	0.03043674305081367	0.02205862104892731	0.01333366241306067	0.01521449722349644	0.01617579348385334	0.01387127116322517	0.01517073810100555	0.01212334353476763	0.02403388544917107	0.03132088854908943	0.02513943985104561	0.01385021582245827	0.04660055413842201	0.02942770346999168	0.01191913429647684	0.0365842692553997	0.0444195419549942	0.03501002490520477	0.04536533355712891	0.04240768402814865	0.04219558462500572	0.02621765434741974	0.03914333134889603	0.02760783955454826	0.03951358422636986	0.01137961354106665	0.02691985853016376	0.03294602036476135	0.05614124238491058	0.03291834145784378	0.05120684951543808	0.04131866618990898	0.03440834954380989	0.01913012936711311	0.03249328583478928	0.0348096564412117	0.05127039551734924	0.03134951740503311	0.01573896966874599	0.04601773247122765	0.06427676230669022	0.05347045883536339	0.04835319519042969	0.1188681200146675	0.1242166757583618	0.0610758513212204	0.04107261821627617	0.06560158729553223	0.1039245948195457	0.05183499306440353	0.04048271477222443	0.05033126100897789	0.04561209678649902	0.04037133604288101	0.04978826642036438	0.08853986859321594	0.04565254226326942	0.05630681663751602	0.04456597939133644	0.08766359835863113	0.04242325201630592	0.1138812676072121	0.04780499264597893	0.05826137587428093	0.0503816232085228	0.04693655669689178	0.124055489897728
S2017t2_E17-T2a-Male	0.07338957488536835	0.07819874584674835	0.05248511955142021	0.07382570207118988	0.05229295045137405	0.04684283211827278	0.05232610926032066	0.08107022196054459	0.05133958160877228	0.07190215587615967	0.0807773619890213	0.02628386951982975	0.04637525603175163	0.04138191416859627	0.04510995745658875	0.04601357504725456	0.05265045911073685	0.04518024250864983	0.03428053483366966	0.02089744620025158	0.03520374745130539	0.04076584056019783	0.029163783416152	0.02218719571828842	0.04197576642036438	0.03542584180831909	0.03442892804741859	0.02839501015841961	0.03919899836182594	0.03832735866308212	0.04036403074860573	0.04826980456709862	0.04686232656240463	0.04349995777010918	0.0207927655428648	0.02076438814401627	0.02057210728526115	0.02935877628624439	0.02086906880140305	0.03480309993028641	0.04192007705569267	0.04210660234093666	0.03643385693430901	0.04400290921330452	0.04904258623719215	0.05036636069417	0.03107684664428234	0.02591756731271744	0.03033844195306301	0.02139201387763023	0.03877163305878639	0.02834941819310188	0.04694145545363426	0.05350088328123093	0.03935311362147331	0.02271558530628681	0.03536755219101906	0.03465218096971512	0.02106128074228764	0.02935477904975414	0.03728309273719788	0.02058743685483932	0.04069150611758232	0.02025833912193775	0.03474912047386169	0.0179442036896944	0.03929213061928749	0.04108367115259171	0.03607936576008797	0.03113696351647377	0.0310402624309063	0.04720206186175346	0.03229329735040665	0.04634476453065872	0.04104213044047356	0.02106128074228764	0.0353383980691433	0.02876406721770763	0.03574986010789871	0.03856517001986504	0.04234704747796059	0.04399148002266884	0.02333129569888115	0.03506752476096153	0.03877709805965424	0.03857939317822456	0.004303778987377882	0.006168503779917955	0.005488879978656769	0.004151082132011652	0.02708994783461094	0.04930056631565094	0.04255575686693192	0.0449170246720314	0.0204183291643858	0.02678447030484676	0.03460996225476265	0.04200775548815727	0.09918075054883957	0.1022898554801941	0.05242086201906204	0.03312976658344269	0.08580093085765839	0.04366076737642288	0.02565630525350571	0.01334585063159466	0.04324833303689957	0.03726042434573174	0.02095331810414791	0.02084842137992382	0.02232472784817219	0.02017604000866413	0.03559939190745354	0.02106128074228764	0.03921637311577797	0.02141411043703556	0.03171441704034805	0.04524364694952965	0.042389165610075	0.02011015079915524	0.007103068754076958	0.0314471460878849	0.0266212597489357	0	0.02117445133626461	0.02734536863863468	0.01626667566597462	0.00867045484483242	0.02695648372173309	0.02263978496193886	0.02541687525808811	0.02123234607279301	0.02105456031858921	0.02161028981208801	0.02020478807389736	0.003111154539510608	0.02255842834711075	0.01827264577150345	0.02065992169082165	0.04568387940526009	0.005831232294440269	0.02301033027470112	0.0219885166734457	0.03428995236754417	0.0197443813085556	0.04337612167000771	0.03998716175556183	0.04148826375603676	0.03212351724505424	0.03521325811743736	0.034164659678936	0.03795681893825531	0.02951967157423496	0.02748137339949608	0.02427162230014801	0.04825589433312416	0.03441469743847847	0.04900827258825302	0.03440091013908386	0.03797405585646629	0.01205944456160069	0.03261658176779747	0.03369703888893127	0.0401313491165638	0.02981524914503098	0.01983150653541088	0.04385363310575485	0.05596411600708961	0.05148124322295189	0.04601626843214035	0.1190297901630402	0.1220033317804337	0.05248511955142021	0.0490071028470993	0.07353608310222626	0.1117894873023033	0.04963728412985802	0.04294430464506149	0.04813354834914207	0.05340736359357834	0.0381736233830452	0.04759055003523827	0.09640475362539291	0.05020963400602341	0.06424128264188766	0.04236827045679092	0.09545884281396866	0.05035773292183876	0.1147288158535957	0.04560727626085281	0.05500746890902519	0.04818391054868698	0.04473884031176567	0.1225439608097076
S2017t2_E17-T2b-Female	0.07189642637968063	0.07438982278108597	0.05330563336610794	0.07022615522146225	0.04816961660981178	0.0398658774793148	0.04872649908065796	0.07694689929485321	0.05427275225520134	0.07125494629144669	0.07969942688941956	0.01143408473581076	0.03939823806285858	0.03397765755653381	0.03857985883951187	0.04156965762376785	0.04591114446520805	0.03507469221949577	0.03194698691368103	0.01416041795164347	0.02461873553693295	0.03350274637341499	0.01322858780622482	0.01097570173442364	0.0349988117814064	0.02227701991796494	0.02179471589624882	0.01241270545870066	0.02901299670338631	0.02750469744205475	0.03928751870989799	0.04487328231334686	0.04684099182486534	0.04400620982050896	0.0142651004716754	0.01378501858562231	0.01401191297918558	0.0151005582883954	0.01368033792823553	0.0269458219408989	0.0349431224167347	0.03460586443543434	0.02347468584775925	0.03723515570163727	0.04230321943759918	0.04338934272527695	0.02739869616925716	0.01243210211396217	0.01728459633886814	0.01386602502316236	0.03516113013029099	0.01423161011189222	0.04334189742803574	0.04947402700781822	0.03261381015181541	0.009592707268893719	0.02820093743503094	0.02651658467948437	0.01495659817010164	0.0162921492010355	0.0323474109172821	0.01465958822518587	0.03371455520391464	0.009046844206750393	0.02777216583490372	0.01540344581007957	0.03231517598032951	0.03726827725768089	0.0276210829615593	0.03476094454526901	0.01072048582136631	0.04022510722279549	0.01591571420431137	0.03936774656176567	0.03363786637783051	0.01495659817010164	0.03255268186330795	0.00811347458511591	0.02911660633981228	0.03577756136655807	0.04306280985474586	0.03701452538371086	0.01272373739629984	0.02537041157484055	0.03802625089883804	0.03369607776403427	0.02006787247955799	0.02117581106722355	0.02061353623867035	0.01766311191022396	0.01740904338657856	0.04840976744890213	0.04104984551668167	0.04382982477545738	0.01431364472955465	0.01372183952480555	0.02833125926554203	0.03708042949438095	0.1050962284207344	0.09927915781736374	0.05284668505191803	0.02698595076799393	0.084940105676651	0.04785869270563126	0.01871422864496708	0.009828980080783367	0.03762263059616089	0.03935100138187408	0.01428340096026659	0.01492057275027037	0.009935362264513969	0.01255555264651775	0.02777117304503918	0.01495659817010164	0.02882101573050022	0.01252380479127169	0.01606952399015427	0.0343799851834774	0.03826820105314255	0.02725585550069809	0.02188960090279579	0.02619533613324165	0.01220989879220724	0.02117445133626461	0	0.02287117205560207	0.01848337054252625	0.02196025103330612	0.01686563156545162	0.01171400398015976	0.01382444519549608	0.01477178651839495	0.01225876156240702	0.01376672927290201	0.009293359704315662	0.02196448110044003	0.02301224134862423	0.02045166678726673	0.01114340126514435	0.03763438016176224	0.02095121331512928	0.01051512360572815	0.02671997249126434	0.03455525264143944	0.02514573000371456	0.03639916703104973	0.03301020711660385	0.03322941064834595	0.0161732342094183	0.02823630720376968	0.01864160969853401	0.02967223525047302	0.0156175410374999	0.0170555617660284	0.02308172546327114	0.04864910989999771	0.02477925829589367	0.04224062338471413	0.0308220311999321	0.02544218488037586	0.01065363921225071	0.02115496248006821	0.02924288623034954	0.04478350281715393	0.0214852187782526	0.01390365976840258	0.0385255254805088	0.05678462982177734	0.04450429975986481	0.04189293086528778	0.1260648667812347	0.1305347681045532	0.05330563336610794	0.04540755972266197	0.06993652135133743	0.1110517531633377	0.04266033321619034	0.03806284815073013	0.0411565974354744	0.04980780929327011	0.03119667619466782	0.04061359912157059	0.09280519932508469	0.0470287948846817	0.06064167618751526	0.03539131581783295	0.09133552759885788	0.04675812274217606	0.1210084483027458	0.04200772941112518	0.05076923966407776	0.04120689257979393	0.04113922268152237	0.1312522441148758
S2017t2_E17-T2b-Male	0.06707847118377686	0.07167826592922211	0.06707075983285904	0.06751459836959839	0.04883545637130737	0.06079612299799919	0.04939240217208862	0.07423532754182816	0.06191548332571983	0.06559102982282639	0.07457099854946136	0.02100859954953194	0.06032854318618774	0.0549078993499279	0.05835029482841492	0.05996685847640038	0.06636609137058258	0.03236312419176102	0.04823382571339607	0.01493105571717024	0.0453113317489624	0.05372004210948944	0.03328914195299149	0.0156635157763958	0.05614470317959785	0.04296961426734924	0.04016749560832977	0.02929561026394367	0.04973388835787773	0.04843493923544884	0.05431731417775154	0.06222309544682503	0.06081561744213104	0.05798084288835526	0.01503573823720217	0.01500735990703106	0.01512950100004673	0.03519334271550179	0.0149026783183217	0.04661988094449043	0.05587336048483849	0.05553610250353813	0.04440492764115334	0.05795618891716003	0.06299588084220886	0.06431965529918671	0.03914821147918701	0.02192419767379761	0.03147269040346146	0.01602446287870407	0.05229761824011803	0.02777446247637272	0.05413993820548058	0.04676246270537376	0.05330640077590942	0.01582038402557373	0.04865588992834091	0.04091404750943184	0.01572723314166069	0.02973471768200397	0.04663636162877083	0.01577717438340187	0.05464479327201843	0.01438161358237267	0.04891805350780487	0.03827454522252083	0.05346106737852097	0.05503695458173752	0.04191393032670021	0.05046691745519638	0.03165072202682495	0.06115535274147987	0.03684595227241516	0.06029805168509483	0.05456811562180519	0.01572723314166069	0.0475824810564518	0.02776181139051914	0.04264408349990845	0.04930509626865387	0.05682792142033577	0.05794476717710495	0.01698347553610802	0.04410256072878838	0.05325797945261002	0.05274204164743423	0.0304633192718029	0.03248030692338943	0.0317017175257206	0.02721143513917923	0.02189841121435165	0.04234821349382401	0.03774790465831757	0.04075612500309944	0.01508428249508142	0.02845431305468082	0.04727905988693237	0.051788330078125	0.1123404800891876	0.09567061811685562	0.06658979505300522	0.04179859906435013	0.07948982715606689	0.04811420291662216	0.01708687469363213	0.01809539459645748	0.03738085180521011	0.03487943112850189	0.01574793830513954	0.01603815890848637	0.01747675053775311	0.01454767305403948	0.04704562947154045	0.01572723314166069	0.04975126311182976	0.01559998001903296	0.03626707568764687	0.03166841343045235	0.05634244903922081	0.03693992272019386	0.03351962193846703	0.04906650260090828	0.01206838246434927	0.02734536863863468	0.02287117205560207	0	0.03798340260982513	0.03446994349360466	0.02916498295962811	0.01629197038710117	0.02200610935688019	0.0162363238632679	0.01486890483647585	0.01605697721242905	0.01533492654561996	0.0254519023001194	0.04104039818048477	0.03510241955518723	0.01413624174892902	0.05835526809096336	0.03217273205518723	0.01645315065979958	0.04305829852819443	0.05385017767548561	0.04253936931490898	0.05732941254973412	0.05394044890999794	0.05415965616703033	0.03775042667984962	0.05067610368132591	0.03957191482186317	0.05020890757441521	0.02133530750870705	0.03739729896187782	0.04447879269719124	0.06241422519087791	0.03918300569057465	0.06296155601739883	0.05180461332201958	0.0463724285364151	0.02928751334547997	0.04402606561779976	0.04655807837843895	0.05774442479014397	0.03908822312951088	0.015021244995296	0.05481581762433052	0.07054975628852844	0.0654345378279686	0.05944577232003212	0.1127186864614487	0.1158007830381393	0.06707075983285904	0.05282819643616676	0.06722497940063477	0.1054783537983894	0.06359058618545532	0.05223829299211502	0.06208683922886848	0.04709625244140625	0.0521269217133522	0.06154384091496468	0.09009364247322083	0.05740811303257942	0.05793017894029617	0.05632155761122704	0.08862397074699402	0.04404662176966667	0.1090500503778458	0.05956057831645012	0.0689607709646225	0.06213720142841339	0.05869213119149208	0.1168652102351189
S2017t2_E19-T2a-Female	0.06422173976898193	0.07622149586677551	0.0443662628531456	0.06821834295988083	0.05031571164727211	0.03785806521773338	0.04315826296806335	0.07909297943115234	0.04533344507217407	0.06224717199802399	0.07192528247833252	0.01783128269016743	0.04088139533996582	0.02667898871004581	0.02929144352674484	0.03298145905137062	0.03683194145560265	0.04320300370454788	0.02464775182306767	0.02927265502512455	0.024711973965168	0.03564884513616562	0.01839128136634827	0.026087936013937	0.02852585911750793	0.0197115819901228	0.02100816927850246	0.01435559615492821	0.0257490947842598	0.02487745508551598	0.02944349870085716	0.03502926230430603	0.03699697554111481	0.03395369276404381	0.02937733568251133	0.02889725752174854	0.02846114709973335	0.02208526805043221	0.02879257500171661	0.0237911231815815	0.02847016975283623	0.03675195202231407	0.03093999251723289	0.02794673852622509	0.03322407603263855	0.03431019559502602	0.02469747886061668	0.01827751845121384	0.02025962062180042	0.02635933458805084	0.02605867758393288	0.01875732466578484	0.03885795921087265	0.04873240366578102	0.02614085748791695	0.02470494247972965	0.02613331191241741	0.02394699305295944	0.03006883338093758	0.02012177370488644	0.02742257155478001	0.02844581753015518	0.03366313874721527	0.02415907941758633	0.02576439268887043	0.01258955989032984	0.03187884762883186	0.02502750977873802	0.02506178803741932	0.01950720883905888	0.02568561770021915	0.04038219153881073	0.01905215717852116	0.04085090383887291	0.03223324567079544	0.03006883338093758	0.02441786602139473	0.01995518989861012	0.02550451271235943	0.0295708179473877	0.03321879357099533	0.03849761188030243	0.02281545288860798	0.02047691494226456	0.03114788234233856	0.02824204973876476	0.01568388193845749	0.01494203228503466	0.01622954942286015	0.01529246661812067	0.01907331496477127	0.03954483941197395	0.03394880145788193	0.03714537248015404	0.02942588180303574	0.01706566847860813	0.02158108539879322	0.03068521618843079	0.1049430146813393	0.1027412638068199	0.04039641097187996	0.02337299659848213	0.07753825932741165	0.03801466897130013	0.02663996815681458	0.0223534032702446	0.03693407401442528	0.02817063964903355	0.02765262685716152	0.0282898023724556	0.0240000281482935	0.02714399993419647	0.03016814030706882	0.03006883338093758	0.0308974850922823	0.02676453627645969	0.01544773951172829	0.04291868954896927	0.02717897854745388	0.01049262937158346	0.01140508241951466	0.01539098843932152	0.02834766730666161	0.01626667566597462	0.01848337054252625	0.03798340260982513	0	0.009732729755342007	0.01680709980428219	0.02211645245552063	0.01929433830082417	0.02747800759971142	0.02583574131131172	0.02535544708371162	0.02283423952758312	0.01653292030096054	0.01984728500247002	0.01276890840381384	0.02625563554465771	0.02962771989405155	0.01482421811670065	0.02388435043394566	0.009094078093767166	0.01886189356446266	0.006872873287647963	0.02731996029615402	0.02807800658047199	0.02968538179993629	0.01683461293578148	0.02602487988770008	0.02759079076349735	0.02211002446711063	0.01927581243216991	0.01142520923167467	0.008215458132326603	0.03662614151835442	0.02172961831092834	0.03274159505963326	0.01876347884535789	0.02571666240692139	0.01027999632060528	0.01656042225658894	0.02240902371704578	0.03082367591559887	0.0156561154872179	0.02727288566529751	0.02906642854213715	0.04433435574173927	0.03521456941962242	0.04403902217745781	0.1239922046661377	0.1310445219278336	0.0443662628531456	0.04430821537971497	0.06412658095359802	0.1128651574254036	0.03681366890668869	0.0361868254840374	0.04012684896588326	0.0451446957886219	0.0296768881380558	0.04024685546755791	0.09257762879133224	0.04013712331652641	0.05416879057884216	0.03017132543027401	0.09348160773515701	0.04244571551680565	0.1161774843931198	0.03553477674722672	0.03895131126046181	0.03473400324583054	0.03944658115506172	0.1304360032081604
S2017t2_E19-T2a-Male	0.07059933245182037	0.08022543787956238	0.04631746187806129	0.07222228497266769	0.05431964993476868	0.04186201095581055	0.04953586310148239	0.08309692144393921	0.04854932799935341	0.06862477213144302	0.07756957411766052	0.01974992454051971	0.04488533362746239	0.03568197041749954	0.03881366178393364	0.03935906663537025	0.04421765357255936	0.04934345185756683	0.02821805514395237	0.02575919404625893	0.03127160295844078	0.04050738736987114	0.0255792997777462	0.02510385401546955	0.03560911864042282	0.02912954799830914	0.02980063669383526	0.02251571416854858	0.03454156219959259	0.03366991877555847	0.03570658341050148	0.04147585853934288	0.0400683805346489	0.03649750351905823	0.02565451338887215	0.02527918294072151	0.02494768425822258	0.02801635302603245	0.02538386359810829	0.03139862045645714	0.03726263344287872	0.04289240390062332	0.03708044067025185	0.03575974702835083	0.04060978814959526	0.04169591143727303	0.02979680523276329	0.02126012742519379	0.02568099647760391	0.0222135316580534	0.03411418572068214	0.0238311942666769	0.04352489858865738	0.05487284809350967	0.03279681131243706	0.02456681989133358	0.03227376192808151	0.02957773394882679	0.02592302858829498	0.02469733543694019	0.03241715207695961	0.02430001087486744	0.03894897922873497	0.02317499555647373	0.03190483897924423	0.01873000711202621	0.03759199008345604	0.03454972431063652	0.03058792091906071	0.02332110702991486	0.03182606399059296	0.0443861335515976	0.0276358537375927	0.04485484212636948	0.03837369382381439	0.02592302858829498	0.03068095445632935	0.02609563991427422	0.02987056784331799	0.03393687307834625	0.03768960386514664	0.04292885586619377	0.01962035894393921	0.02853358164429665	0.03208770602941513	0.03248964622616768	0.006587961688637733	0.005418808199465275	0.007765758782625198	0.008769362233579159	0.02393340691924095	0.04708226770162582	0.04127570986747742	0.04391541704535484	0.02528007701039314	0.02136287838220596	0.02911851555109024	0.036412063986063	0.1007040813565254	0.1043165847659111	0.04398805648088455	0.02795027941465378	0.08491923660039902	0.04056711494922638	0.02981951460242271	0.01820759847760201	0.04186403751373291	0.0341038815677166	0.02371618151664734	0.02414399571716785	0.0234473142772913	0.02415812574326992	0.035575270652771	0.02592302858829498	0.03724845126271248	0.02451576292514801	0.02518046833574772	0.04905914142727852	0.03542792052030563	0.01695360615849495	0.001672354177571833	0.02363129332661629	0.03043674305081367	0.00867045484483242	0.02196025103330612	0.03446994349360466	0.009732729755342007	0	0.02379993908107281	0.0194501020014286	0.02359524741768837	0.02333220466971397	0.022427037358284	0.02120964415371418	0.0210084468126297	0.009575330652296543	0.02344107255339622	0.01742781326174736	0.02400686219334602	0.0391499325633049	0.006356176920235157	0.02310962416231632	0.01502726878970861	0.0256195068359375	0.01107392832636833	0.03684217110276222	0.0340016707777977	0.03582582622766495	0.02558957412838936	0.03216532617807388	0.03373123705387115	0.03142287582159042	0.02646737918257713	0.02094742469489574	0.01645576953887939	0.04172194376587868	0.02788074687123299	0.04033781960606575	0.02701236307621002	0.03185711055994034	0.01162602473050356	0.02608263678848743	0.0307489950209856	0.03483829647302628	0.02328130044043064	0.02312708273530006	0.03731968998908997	0.04729365929961205	0.04281079396605492	0.04804296046495438	0.1203856468200684	0.1268056482076645	0.04631746187806129	0.04831215739250183	0.07011954486370087	0.1137465462088585	0.04319127649068832	0.04232726991176605	0.04413079097867012	0.05124378204345703	0.03368083015084267	0.04425079748034477	0.09658156335353851	0.04679308459162712	0.06082473322749138	0.03627040609717369	0.09748555719852448	0.04770734533667564	0.1119385734200478	0.04219073429703712	0.04633701592683792	0.04138996079564095	0.04345052316784859	0.1261970996856689
S2017t2_E19-T2b-Female	0.06438662856817245	0.08054028451442719	0.04537918791174889	0.0725371390581131	0.05463451147079468	0.045554269105196	0.04332314804196358	0.08341176807880402	0.04296896234154701	0.0624120682477951	0.07167115807533264	0.01302260532975197	0.04857759177684784	0.0296565517783165	0.03054521046578884	0.0368022732436657	0.03808571025729179	0.04153957590460777	0.02803263068199158	0.02383163571357727	0.02832480520009995	0.04310739412903786	0.01602189056575298	0.02191160432994366	0.03158103302121162	0.01810858957469463	0.01656156964600086	0.008343713358044624	0.02538585662841797	0.02541292086243629	0.02996929362416267	0.03787506744265556	0.03752277418971062	0.03447948768734932	0.02393631637096405	0.02345623448491096	0.02302012406289577	0.0214533731341362	0.02335155196487904	0.02505622245371342	0.03152533993124962	0.04444815218448639	0.03265396878123283	0.03027216158807278	0.03883536532521248	0.03580161929130554	0.01585535891354084	0.01126514468342066	0.008393672294914722	0.02091831341385841	0.02850646711885929	0.007865907624363899	0.04317675530910492	0.05262389034032822	0.03286702930927277	0.02137457020580769	0.03316455706954002	0.01678136177361012	0.0246278140693903	0.008255826309323311	0.02313501201570034	0.0230047944933176	0.04135933518409729	0.01998274959623814	0.0334605909883976	0.0265396386384964	0.03957504034042358	0.02756143175065517	0.01746885664761066	0.02256662212312222	0.02099006995558739	0.04807838797569275	0.01734772324562073	0.04854710027575493	0.03950213268399239	0.0246278140693903	0.02323445864021778	0.01525963936001062	0.01810123026371002	0.02601325325667858	0.03374458849430084	0.04619380831718445	0.0173744298517704	0.01861777156591415	0.03673498705029488	0.0351007841527462	0.02975109033286572	0.02900923602283001	0.03029675781726837	0.02657908201217651	0.007894356735050678	0.03731377050280571	0.03343606367707253	0.03825412318110466	0.02398486249148846	0.008873222395777702	0.02296311222016811	0.02641047351062298	0.1109130308032036	0.1081009209156036	0.03912080451846123	0.01850575394928455	0.08168022334575653	0.03516306728124619	0.02343189530074596	0.02079410292208195	0.02998081408441067	0.02851550839841366	0.02221160754561424	0.02284877933561802	0.01855900883674622	0.02170298248529434	0.03507113829255104	0.0246278140693903	0.03538578748703003	0.02132351696491241	0.01081110630184412	0.03997335582971573	0.02782442234456539	0.01199831161648035	0.02547229081392288	0.02094467915594578	0.02205862104892731	0.02695648372173309	0.01686563156545162	0.02916498295962811	0.01680709980428219	0.02379993908107281	0	0.01688594743609428	0.01053227670490742	0.02203698828816414	0.02039472199976444	0.01991442777216434	0.0178162008523941	0.02722272835671902	0.02721034549176693	0.02206769026815891	0.02081461809575558	0.0298372320830822	0.0288914255797863	0.01991737633943558	0.01452565751969814	0.02468519657850266	0.01470973622053862	0.02881138026714325	0.03598471730947495	0.03609967604279518	0.01555747725069523	0.0345836766064167	0.02674095146358013	0.02104392275214195	0.01301151979714632	0.009975321590900421	0.01531380508095026	0.03516087681055069	0.01129102800041437	0.03444352746009827	0.02263963967561722	0.0278579369187355	0.02238791435956955	0.01660409010946751	0.02608372829854488	0.02921178564429283	0.009923237375915051	0.02183186449110508	0.02629777975380421	0.04329640790820122	0.03691650554537773	0.04835781827569008	0.1268225014209747	0.133874848484993	0.04537918791174889	0.04862701520323753	0.06844537705183029	0.1182247996330261	0.04035596176981926	0.03922370821237564	0.04782305285334587	0.04893971607089043	0.03737308457493782	0.04794305935502052	0.09689643234014511	0.03981489688158035	0.0538465715944767	0.03420102223753929	0.09780041128396988	0.04613567516207695	0.1190077662467957	0.03521254286170006	0.04044273123145103	0.03778917342424393	0.04376537725329399	0.1332662999629974
S2017t2_E19-T2b-Male	0.07578697055578232	0.08363282680511475	0.05277403816580772	0.07622309029102325	0.05772704258561134	0.04586281627416611	0.05472349375486374	0.08650430291891098	0.05415994673967361	0.07388199865818024	0.08275721222162247	0.005136504769325256	0.04829272255301476	0.03914519399404526	0.04342880100011826	0.0445467010140419	0.05096930265426636	0.04463211819529533	0.03288298845291138	0.007365568540990353	0.03019814006984234	0.04306017234921455	0.01859360374510288	0.00586426630616188	0.04100951552391052	0.02755081839859486	0.02601205557584763	0.01411446928977966	0.03438304364681244	0.03308410197496414	0.03896647691726685	0.04687225818634033	0.04610123112797737	0.04284858703613281	0.007260886952280998	0.006780804134905338	0.006554058752954006	0.02116850577294827	0.00688548618927598	0.03210435435175896	0.04052252322435379	0.0441632866859436	0.03236910700798035	0.04229974746704102	0.04736143723130226	0.04844756051898003	0.02760185487568378	0.00741931889206171	0.01654482632875443	0.004242884460836649	0.03694677725434303	0.01284660119563341	0.04892130196094513	0.05571642890572548	0.03819321468472481	0.005327231716364622	0.03378034755587578	0.02556918002665043	0.00795238371938467	0.01491571217775345	0.03150410577654839	0.006329365074634552	0.04129011556506157	0.004798013716936111	0.03413081169128418	0.02711737900972366	0.03972147405147552	0.03916487097740173	0.02636006288230419	0.03544707596302032	0.02027790620923042	0.04779352247714996	0.02149511314928532	0.04826223477721214	0.0392172709107399	0.00795238371938467	0.0322316437959671	0.01241097040474415	0.02764622494578362	0.03461999818682671	0.04211368039250374	0.04590894281864166	0.001220251666381955	0.02802110835909843	0.03801946341991425	0.03666058927774429	0.02205699309706688	0.02131514064967632	0.02260265871882439	0.01867446675896645	0.01680126413702965	0.04991370439529419	0.04604515805840492	0.0490533784031868	0.007309430744498968	0.01339930109679699	0.03141124173998833	0.03634130582213402	0.1053804084658623	0.1081552654504776	0.0520169734954834	0.0268748477101326	0.08861609548330307	0.04690956324338913	0.0264119952917099	0.01053619664162397	0.03679003939032555	0.04024650901556015	0.00553617812693119	0.006173350382596254	0.005916936323046684	0.005341519601643085	0.03470965102314949	0.00795238371938467	0.03499466180801392	0.005276177544146776	0.02040011808276176	0.04306590557098389	0.04047036543488503	0.02846552804112434	0.01937945000827312	0.03341006860136986	0.01333366241306067	0.02263978496193886	0.01171400398015976	0.01629197038710117	0.02211645245552063	0.0194501020014286	0.01688594743609428	0	0.01296334713697433	0.005361559800803661	0.003928655292838812	0.0032389962580055	0.003486070316284895	0.02290603145956993	0.03116548806428909	0.02685988694429398	0.004982928745448589	0.04248317331075668	0.02161605656147003	0.003870040411129594	0.02782483398914337	0.03819373622536659	0.02688292972743511	0.04145731776952744	0.03807349875569344	0.03828756511211395	0.0220939889550209	0.03568266704678535	0.02645609341561794	0.03455246984958649	0.01538490876555443	0.02174086309969425	0.02882235310971737	0.0471787266433239	0.02394954301416874	0.04687895253300667	0.03614818677306175	0.03050033375620842	0.0163873340934515	0.02836962416768074	0.03409052640199661	0.04546963796019554	0.02343178540468216	0.005372087005525827	0.03894372656941414	0.05531425401568413	0.04935193061828613	0.05145035311579704	0.1246390044689178	0.1314819753170013	0.05277403816580772	0.0517195463180542	0.07551592588424683	0.1171539202332497	0.04837891459465027	0.04364225640892982	0.04753818362951279	0.05622252449393272	0.0377170629799366	0.04765819013118744	0.09998896718025208	0.05218948423862457	0.06622114032506943	0.04124915599822998	0.1008929461240768	0.05254635587334633	0.1183951497077942	0.04758713766932487	0.05308867245912552	0.0467863641679287	0.04685791581869125	0.1308734267950058
S2017t2_E23-T2a-Female	0.0657956600189209	0.07650383561849594	0.04865578562021255	0.06850069016218185	0.05059805139899254	0.04381204023957253	0.04462743178009987	0.07937531918287277	0.04447893053293228	0.06382109224796295	0.07276590913534164	0.01097773388028145	0.04683536291122437	0.03500033169984818	0.03870237246155739	0.04012155532836914	0.04624287784099579	0.03750312700867653	0.02838827855885029	0.01875132881104946	0.02574574202299118	0.04081369936466217	0.01427966542541981	0.01767697744071484	0.03623713925480843	0.02306204102933407	0.02086826786398888	0.00980705302208662	0.02961066178977489	0.02820711024105549	0.0349273681640625	0.04241413995623589	0.04121646285057068	0.03838168457150459	0.01885601133108139	0.01827132515609264	0.01793982088565826	0.01876970194280148	0.01816664449870586	0.02708662301301956	0.0357501432299614	0.04270592704415321	0.03091174177825451	0.03773481026291847	0.04287266731262207	0.04419643431901932	0.01862512901425362	0.008803763426840305	0.01218749210238457	0.01583801209926605	0.03175598010420799	0.008906920440495014	0.03914029523730278	0.04858743771910667	0.03297397494316101	0.01693043112754822	0.03118468262255192	0.02162884920835495	0.01954750902950764	0.01024030521512032	0.02630452066659927	0.01792449131608009	0.04004125669598579	0.01661072298884392	0.03120822086930275	0.02566001377999783	0.03826412186026573	0.03480928391218185	0.02241938002407551	0.0315021313726902	0.01882054284214973	0.04633616283535957	0.01668771728873253	0.04680487141013145	0.03775991126894951	0.01954750902950764	0.02819253131747246	0.01138090528547764	0.02346363291144371	0.03012464568018913	0.03764748573303223	0.04445158317685127	0.01355024985969067	0.02209645882248878	0.03257744014263153	0.03460783883929253	0.02725148573517799	0.02671883814036846	0.02885202318429947	0.024602135643363	0.007645937148481607	0.04051557183265686	0.03581051900982857	0.03937560692429543	0.0189045574516058	0.0102881183847785	0.02653465233743191	0.02978222258388996	0.107917346060276	0.1038018763065338	0.04762502014636993	0.01979249157011509	0.07907768338918686	0.0367717407643795	0.01906512677669525	0.01657640375196934	0.02731393277645111	0.03108133561909199	0.01754830591380596	0.01818547584116459	0.01432452257722616	0.01704551093280315	0.03288174793124199	0.01954750902950764	0.0342690646648407	0.01750689372420311	0.01615029759705067	0.0361454039812088	0.03454556316137314	0.01843008771538734	0.02485059946775436	0.02894973009824753	0.01521449722349644	0.02541687525808811	0.01382444519549608	0.02200610935688019	0.01929433830082417	0.02359524741768837	0.01053227670490742	0.01296334713697433	0	0.01737368665635586	0.01510520931333303	0.01504262164235115	0.01454892847687006	0.02284731157124043	0.0268723126500845	0.01910234428942204	0.01700514554977417	0.03823204711079597	0.02775482833385468	0.01599499396979809	0.0239887498319149	0.03415212035179138	0.02326031774282455	0.03720619529485703	0.0360218919813633	0.03602544963359833	0.01784286089241505	0.03474655747413635	0.02541572973132133	0.03030134178698063	0.008253905922174454	0.01759448833763599	0.02457122318446636	0.04323378205299377	0.02011346071958542	0.04283834621310234	0.03189705684781075	0.02757521532475948	0.0211503840982914	0.02411849796772003	0.0269764456897974	0.03911171481013298	0.0198091734200716	0.01738421618938446	0.03500685095787048	0.051369309425354	0.04531132057309151	0.04715717956423759	0.1217702180147171	0.1288225650787354	0.04865578562021255	0.04459056258201599	0.06507193297147751	0.113494448363781	0.04395447671413422	0.03487344458699226	0.0460808239877224	0.04647461324930191	0.03531704843044281	0.04620082676410675	0.09285995364189148	0.04174547269940376	0.05577713251113892	0.03717287257313728	0.09376395493745804	0.04335690662264824	0.1139554977416992	0.03997894003987312	0.04904705286026001	0.042013980448246	0.04256473481655121	0.1282140165567398
S2017t2_E23-T2a-Male	0.08019369840621948	0.08625932037830353	0.05591181665658951	0.08062981069087982	0.06035352125763893	0.05026954039931297	0.0591302253305912	0.08913079649209976	0.05814368650317192	0.0784974992275238	0.0875883623957634	0.009856246411800385	0.05091920495033264	0.0445067510008812	0.04814854264259338	0.04902301728725433	0.05568904802203178	0.04725859686732292	0.03749847412109375	0.002531398087739944	0.03481363132596016	0.04568665102124214	0.02279144339263439	0.003796083619818091	0.04605630412697792	0.03270186483860016	0.03105884790420532	0.01926551200449467	0.03899853304028511	0.03769958764314651	0.04358196631073952	0.05148774385452271	0.05029592290520668	0.04650939255952835	0.00242671649903059	0.002051388379186392	0.001719889114610851	0.02445799298584461	0.00215607020072639	0.03630218654870987	0.04513801261782646	0.04678976163268089	0.03499558568000793	0.04745079576969147	0.05208117887377739	0.05316729843616486	0.03126266598701477	0.01118884980678558	0.02073733881115913	0.001953332917764783	0.0415622666478157	0.01703911274671555	0.0535367913544178	0.05966892093420029	0.04280870407819748	0.005179077852517366	0.03839584067463875	0.02976169437170029	0.002695233328267932	0.01847177185118198	0.03516491875052452	0.00107221573125571	0.04434789717197418	0.00572494138032198	0.03896883502602577	0.03017515875399113	0.04337267577648163	0.04431591182947159	0.03076157718896866	0.0393291749060154	0.02290438860654831	0.05042000487446785	0.02611060254275799	0.05088871344923973	0.04383276402950287	0.002695233328267932	0.0372784361243248	0.01702646166086197	0.03109702840447426	0.03796654567122459	0.04556498304009438	0.04853542521595955	0.004767163656651974	0.03274085372686386	0.04189078882336617	0.04138033092021942	0.02149420231580734	0.0218177791684866	0.02246416173875332	0.01747754402458668	0.02131585404276848	0.05527525767683983	0.05109196156263351	0.05410017445683479	0.002483583055436611	0.01742132194340229	0.03677279874682426	0.04031688347458839	0.1046562418341637	0.1112130582332611	0.05632206052541733	0.03053566068410873	0.09281391650438309	0.05068741366267204	0.02882891520857811	0.009128758683800697	0.0412013903260231	0.044756680727005	0.0004883859655819833	0.0009162003989331424	0.007682844996452332	0.002216234570369124	0.03733612596988678	0.002695233328267932	0.03859890997409821	0.00224798172712326	0.02576167695224285	0.04569238051772118	0.04562140628695488	0.0331893302500248	0.02219612523913383	0.03856110572814941	0.01617579348385334	0.02123234607279301	0.01477178651839495	0.0162363238632679	0.02747800759971142	0.02333220466971397	0.02203698828816414	0.005361559800803661	0.01737368665635586	0	0.002826858311891556	0.002615706529468298	0.005478426348417997	0.02229309640824795	0.03474705293774605	0.031699538230896	0.004197669215500355	0.04720291495323181	0.02158729173243046	0.004681903403252363	0.03255289793014526	0.04334478452801704	0.03203397244215012	0.04617705568671227	0.04343505203723907	0.04322295635938644	0.02724502980709076	0.04017070680856705	0.02908257022500038	0.03970351442694664	0.02074646577239037	0.02689190395176411	0.03397339582443237	0.05062953010201454	0.02867760509252548	0.05202485993504524	0.04129922389984131	0.03522007912397385	0.01944511570036411	0.03352067247033119	0.03945208713412285	0.05040706321597099	0.02858282998204231	0.001400841516442597	0.04366346448659897	0.05876505002379417	0.05428218469023705	0.05407683551311493	0.1256251335144043	0.1311891227960587	0.05591181665658951	0.05560244619846344	0.08013142645359039	0.1197804287075996	0.0528552234172821	0.0482577458024025	0.05135149136185646	0.06042036041617393	0.04139156639575958	0.05087808519601822	0.1032088547945023	0.05680497363209724	0.0708366259932518	0.04558620601892471	0.1035194396972656	0.05695308372378349	0.1215329468250275	0.05220261961221695	0.05780841037631035	0.05140184611082077	0.05133418366312981	0.1301492601633072
S2017t2_E23-T2b-Female	0.0782804861664772	0.08396193385124207	0.05473571270704269	0.07871661335229874	0.05805614218115807	0.04835633188486099	0.05721702054142952	0.08683343231678009	0.05623048916459084	0.0766538679599762	0.08563385158777237	0.008429628796875477	0.04862183332443237	0.04276023432612419	0.0467219315469265	0.04728329181671143	0.054262425750494	0.04496122151613235	0.03555025160312653	0.003646122524514794	0.03286540880799294	0.04328466951847076	0.02094782516360283	0.002886026864871383	0.04399704188108444	0.03105959668755531	0.02910347282886505	0.01762324199080467	0.0371549166738987	0.03575136512517929	0.0417383536696434	0.04964412748813629	0.04802744463086128	0.04529726877808571	0.003750804113224149	0.003166118171066046	0.002834612969309092	0.02250977419316769	0.003061436116695404	0.03421474993228912	0.04329439625144005	0.04449239373207092	0.03269821032881737	0.04570392146706581	0.05065456405282021	0.05174068361520767	0.02984203025698662	0.00944998674094677	0.01889372244477272	0.002094909781590104	0.03961404785513878	0.01519549265503883	0.05169316753745079	0.05782530456781387	0.04086047783493996	0.002881705760955811	0.03655222058296204	0.0283350758254528	0.004442301578819752	0.01705114170908928	0.03395278751850128	0.002819283399730921	0.04260175675153732	0.003744631307199597	0.03673537448048592	0.02766213938593864	0.04131340980529785	0.04256904125213623	0.02923035807907581	0.03842401131987572	0.02060701698064804	0.04868100583553314	0.02416238561272621	0.04859134182333946	0.04198914393782616	0.004442301578819752	0.03521916642785072	0.01518284436315298	0.03040750697255135	0.03706853464245796	0.04435371607542038	0.04623805359005928	0.003445306327193975	0.03131438791751862	0.04046979919075966	0.0401630774140358	0.02026255801320076	0.02036204375326633	0.02175864018499851	0.01740400493144989	0.01967374235391617	0.05384235829114914	0.0492420569062233	0.05225026980042458	0.004015000537037849	0.01609743386507034	0.03502678871154785	0.03900014609098434	0.1041368246078491	0.1087000519037247	0.05478454381227493	0.02901042252779007	0.09083107858896255	0.04936524853110313	0.02673887088894844	0.008950971066951752	0.03956049680709839	0.04353740438818932	0.002443096833303571	0.003080268856137991	0.005600614938884974	0.002155952155590057	0.0355626754462719	0.004442301578819752	0.03717229515314102	0.00250643864274025	0.02391019836068153	0.04360350966453552	0.04376992955803871	0.03133784979581833	0.02129095420241356	0.03670964017510414	0.01387127116322517	0.02105456031858921	0.01225876156240702	0.01486890483647585	0.02583574131131172	0.022427037358284	0.02039472199976444	0.003928655292838812	0.01510520931333303	0.002826858311891556	0	0.001717177452519536	0.003384563373401761	0.02132080495357513	0.03254856914281845	0.02970955334603786	0.002647643676027656	0.04577630013227463	0.02055669389665127	0.002801530063152313	0.03091062977910042	0.0417025126516819	0.03039170242846012	0.04475044459104538	0.04179278761148453	0.0415806882083416	0.02560276351869106	0.0385284423828125	0.02720219828188419	0.0380612425506115	0.01910419762134552	0.02524963580071926	0.03233112767338753	0.04994000867009163	0.02703533507883549	0.0503825955092907	0.03965695947408676	0.03379346057772636	0.01734909228980541	0.03187840059399605	0.0378098152577877	0.04897416010499001	0.02694055624306202	0.002494656946510077	0.04223685339093208	0.05807553231716156	0.05285556614398956	0.05177946016192436	0.1242332458496094	0.1304540634155273	0.05473571270704269	0.05375882610678673	0.07828781008720398	0.1174830496311188	0.05101159960031509	0.04630952328443527	0.04950787127017975	0.0584375262260437	0.03944334387779236	0.04896487295627594	0.1012956649065018	0.05496135354042053	0.06899300962686539	0.043742585927248	0.101222075521946	0.05510946363210678	0.1203568354249001	0.05035899952054024	0.05638179183006287	0.04955823346972466	0.04949056357145309	0.1296298503875732
S2017t2_E23-T2b-Male	0.07821746170520782	0.08546990901231766	0.05393557995557785	0.07865358144044876	0.05956410989165306	0.04829329997301102	0.05715398862957954	0.08834140002727509	0.05616745725274086	0.07623624056577682	0.08525729179382324	0.007949333637952805	0.05012979358434677	0.04227994009852409	0.04595699533820152	0.04697719216346741	0.05378213152289391	0.04618454724550247	0.03509841859340668	0.004834194667637348	0.03241357579827309	0.04461260139942169	0.02066982351243496	0.004178852308541536	0.04344060271978378	0.03057930245995522	0.02872778475284576	0.01714294776320457	0.03688311949372292	0.03558417782187462	0.04118191450834274	0.04937233030796051	0.04768021777272224	0.04410934075713158	0.004729512613266706	0.004354184027761221	0.004022685345262289	0.02300558611750603	0.004458866082131863	0.03446521237492561	0.04302260279655457	0.04600036144256592	0.03420617803931236	0.04504358768463135	0.05017426982522011	0.05126038938760757	0.02914725244045258	0.009073438122868538	0.01862192898988724	0.001288530183956027	0.03944685310125351	0.01492369920015335	0.05142137780785561	0.05755350738763809	0.04040864482522011	0.004389673471450806	0.03599578142166138	0.02785477787256241	0.004998029209673405	0.01635636202991009	0.03304950520396233	0.003375011496245861	0.04305820539593697	0.005037457216531038	0.03677694872021675	0.02917010709643364	0.04148956388235092	0.04190870374441147	0.02885466627776623	0.03720661625266075	0.02211498469114304	0.04963059350848198	0.02399519458413124	0.04995347186923027	0.04171734675765038	0.004998029209673405	0.03466273099184036	0.0149110471829772	0.0289054736495018	0.03556649386882782	0.0431649312376976	0.04774602130055428	0.002860252512618899	0.03083394095301628	0.03977537527680397	0.03947342187166214	0.02095236070454121	0.02052807994186878	0.02284210175275803	0.01785548403859138	0.01919329166412354	0.05315269529819489	0.04876089096069336	0.05176911130547523	0.004570728167891502	0.01529875956475735	0.03426134213805199	0.03830571845173836	0.1046925559639931	0.1102079972624779	0.05419949814677238	0.02842024713754654	0.09097694605588913	0.04835635051131248	0.02782385423779488	0.009506698697805405	0.03887032717466354	0.04263412207365036	0.002999682677909732	0.003427496645599604	0.006608796771615744	0.003448777366429567	0.03626208379864693	0.004998029209673405	0.03735499829053879	0.003590763779357076	0.02335447072982788	0.0449029803276062	0.04321419820189476	0.03106676414608955	0.02007356099784374	0.03643855080008507	0.01517073810100555	0.02161028981208801	0.01376672927290201	0.01605697721242905	0.02535544708371162	0.02120964415371418	0.01991442777216434	0.0032389962580055	0.01504262164235115	0.002615706529468298	0.001717177452519536	0	0.004473369568586349	0.0222995150834322	0.03321821242570877	0.02946652285754681	0.003655826440081	0.04529600217938423	0.02164101973176003	0.004100997932255268	0.03014569357037544	0.0412222184240818	0.02991141006350517	0.04427015036344528	0.04102785140275955	0.0411003939807415	0.02483782730996609	0.03776350617408752	0.02821702137589455	0.03729630634188652	0.01862390339374542	0.02448470145463943	0.03185083344578743	0.04872261732816696	0.02655504271388054	0.0499023012816906	0.03917666897177696	0.03331316635012627	0.01864856109023094	0.03139810636639595	0.03704487904906273	0.04828449711203575	0.02646026387810707	0.002841884735971689	0.04175655916333199	0.05685813724994659	0.05237527191638947	0.05300278589129448	0.124374121427536	0.1310097575187683	0.05393557995557785	0.05341078713536263	0.0780160129070282	0.1189910247921944	0.05080939829349518	0.04585769027471542	0.0493752509355545	0.05858338624238968	0.03958391398191452	0.04949525743722916	0.1018260344862938	0.05468955636024475	0.06872121244668961	0.04361001029610634	0.1027300208806992	0.05469220131635666	0.1195567101240158	0.05008720979094505	0.05590149760246277	0.04914059862494469	0.04921876639127731	0.1301855742931366
S2017t2_E30-T2a-Female	0.07621807605028152	0.08207478374242783	0.05425620451569557	0.07665418833494186	0.05616900324821472	0.04629390686750412	0.05515458807349205	0.08494628965854645	0.05522338673472404	0.07473062723875046	0.08392013609409332	0.006506382953375578	0.04687390476465225	0.04040568694472313	0.04479868337512016	0.0454646497964859	0.05233918502926826	0.04307408258318901	0.03404983878135681	0.00643841503188014	0.03104676492512226	0.04150213301181793	0.01902457699179649	0.004095405805855989	0.04142684489488602	0.0287050437182188	0.02685352973639965	0.01483739446848631	0.03523167222738266	0.03393272310495377	0.04023808985948563	0.04772088304162025	0.04779156669974327	0.04495678469538689	0.006543096620589495	0.006063015665858984	0.005766124930232763	0.02069112844765186	0.00595833407714963	0.03211767226457596	0.04137115180492401	0.04260524734854698	0.03095028176903725	0.04345397651195526	0.04873131960630417	0.04981744289398193	0.02939679846167564	0.00910965446382761	0.01823516376316547	0.004572664853185415	0.03779540210962296	0.01432757172733545	0.04976992681622505	0.05590205267071724	0.03904183954000473	0.003558370983228087	0.0346289724111557	0.02746715024113655	0.007234593853354454	0.01681541278958321	0.03350755199790001	0.0058900136500597	0.04014258459210396	0.002166548045352101	0.03420019522309303	0.02469673566520214	0.03874320909380913	0.04053474962711334	0.02857165038585663	0.03700542077422142	0.01871986873447895	0.0466531366109848	0.02234374545514584	0.04684341326355934	0.04006589576601982	0.007234593853354454	0.03350324928760529	0.01325959712266922	0.03006717562675476	0.03672819584608078	0.04401338472962379	0.04449012130498886	0.004495805595070124	0.03001907840371132	0.0401291735470295	0.03865855932235718	0.01962199620902538	0.01915857940912247	0.02016766183078289	0.01669345237314701	0.01835960894823074	0.05147522687911987	0.04665928706526756	0.04966749995946884	0.006591642275452614	0.01488805841654539	0.03297992423176765	0.03865951299667358	0.1043187603354454	0.1061659380793571	0.05379725620150566	0.02866978943347931	0.08862940222024918	0.04880926012992859	0.02483306638896465	0.008101199753582478	0.03857320547103882	0.04159549251198769	0.005513825919479132	0.006150998175144196	0.004560955334454775	0.004309762734919786	0.03346588835120201	0.007234593853354454	0.03524904698133469	0.004278015345335007	0.02176485769450665	0.0418555773794651	0.04184024035930634	0.02960515022277832	0.01987236738204956	0.03391734138131142	0.01212334353476763	0.02020478807389736	0.009293359704315662	0.01533492654561996	0.02283423952758312	0.0210084468126297	0.0178162008523941	0.003486070316284895	0.01454892847687006	0.005478426348417997	0.003384563373401761	0.004473369568586349	0	0.02047103457152843	0.02926862612366676	0.02670805528759956	0.003421397414058447	0.04385305196046829	0.01945776864886284	0.003329328959807754	0.02896445244550705	0.03870100528001785	0.02739020250737667	0.04282719641923904	0.03943824023008347	0.03965744376182556	0.02260126359760761	0.03552693873643875	0.02559348940849304	0.03505974262952805	0.01696530357003212	0.02224813401699066	0.02932962588965893	0.04959967359900475	0.02572982758283615	0.04845934733748436	0.03665545955300331	0.03187021240592003	0.01466212887316942	0.02887689508497715	0.0356709212064743	0.04702798277139664	0.02393905632197857	0.005134084727615118	0.04031360521912575	0.05773519724607468	0.05093232169747353	0.04989231377840042	0.1242398470640182	0.1302811205387115	0.05425620451569557	0.05183558538556099	0.07636456191539764	0.115665540099144	0.04908836260437965	0.04449088498950005	0.04758462682366371	0.05623584240674973	0.03762470185756683	0.0470416285097599	0.0992332324385643	0.0530381090939045	0.06706976890563965	0.04181934520602226	0.09933493286371231	0.05318621918559074	0.1198773458600044	0.0484357587993145	0.05445854738354683	0.04763498529791832	0.04756731912493706	0.1299510300159454
S2017t2_E30-T2a-Male	0.07027842849493027	0.07561136782169342	0.05317434296011925	0.0707145556807518	0.04970558360219002	0.04710907489061356	0.04921496659517288	0.07848285883665085	0.0482284277677536	0.0687909871339798	0.07766620069742203	0.02655011601746082	0.04716528579592705	0.04164816066622734	0.04513855278491974	0.04627981781959534	0.05267905071377754	0.04259287565946579	0.03454678133130074	0.02293866500258446	0.03546999767422676	0.04131821915507317	0.02943003177642822	0.02297722734510899	0.04224200919270515	0.03569209575653076	0.03445752710103989	0.02842360734939575	0.03946524858474731	0.03859360888600349	0.0406302735209465	0.04853605479001999	0.04712857306003571	0.04408442974090576	0.02283398434519768	0.02245865762233734	0.02226637676358223	0.02962502278387547	0.02256334014236927	0.03506934642791748	0.04218631982803345	0.04289663583040237	0.03722388669848442	0.044269148260355	0.04930883646011353	0.05063260719180107	0.03166132047772408	0.02618381194770336	0.03060468658804893	0.02208123914897442	0.03903787955641747	0.02861566282808781	0.04383029788732529	0.05038972571492195	0.03961936011910439	0.02350561693310738	0.03539614379405975	0.03491843119263649	0.02352548204362392	0.02993925102055073	0.03786756843328476	0.02218090184032917	0.04095775634050369	0.02104836888611317	0.03501536324620247	0.01873423717916012	0.03955838084220886	0.04134991765022278	0.03634561970829964	0.0318261943757534	0.03183029592037201	0.04746830463409424	0.03255954757332802	0.04713479429483414	0.04130837321281433	0.02352548204362392	0.03560464456677437	0.02903031557798386	0.03643909469246864	0.03925439715385437	0.04293151944875717	0.04478150978684425	0.02359754219651222	0.0353337749838829	0.03936156630516052	0.03884564340114594	0.006274133920669556	0.007399929687380791	0.007297390140593052	0.006615282036364079	0.02397879585623741	0.04618940874934196	0.03944459930062294	0.04180586710572243	0.02288253046572208	0.02736894227564335	0.03487620502710342	0.04259223118424416	0.1008500084280968	0.09970252215862274	0.05268711224198341	0.03371424227952957	0.08268978446722031	0.04097259789705276	0.02328255958855152	0.0158100500702858	0.04013717547059059	0.03436288982629776	0.02180471085011959	0.02244188636541367	0.02259097248315811	0.02133759669959545	0.03562799096107483	0.02352548204362392	0.03948262333869934	0.02238990366458893	0.03198065981268883	0.04265628010034561	0.04265541955828667	0.01699899509549141	0.008439249359071255	0.03171339258551598	0.02403388544917107	0.003111154539510608	0.02196448110044003	0.0254519023001194	0.01653292030096054	0.009575330652296543	0.02722272835671902	0.02290603145956993	0.02284731157124043	0.02229309640824795	0.02132080495357513	0.0222995150834322	0.02047103457152843	0	0.02282467484474182	0.01516149006783962	0.02144995145499706	0.04595012217760086	0.006930194329470396	0.02327657863497734	0.02225476317107677	0.03455620259046555	0.02001062780618668	0.04364236816763878	0.0402534119784832	0.04175451770424843	0.03238976374268532	0.03547950461506844	0.03443090245127678	0.03822306543588638	0.02640851587057114	0.02774761989712715	0.02453786693513393	0.04894512146711349	0.03468094393610954	0.04927451908588409	0.03466716036200523	0.03824029862880707	0.01232569105923176	0.03288282826542854	0.03372563794255257	0.04039759188890457	0.0300814937800169	0.02142496965825558	0.04411987587809563	0.05665333941578865	0.05174748972058296	0.04680629819631577	0.1159186363220215	0.1205328553915024	0.05317434296011925	0.04589595273137093	0.07042493671178818	0.1092021092772484	0.04990352690219879	0.03983315080404282	0.04839979112148285	0.05029620602726936	0.03843986988067627	0.04785679653286934	0.09329359233379364	0.04709847643971443	0.06113013625144958	0.042634516954422	0.09287148714065552	0.04724658280611038	0.112040638923645	0.04587352275848389	0.05527371540665627	0.04845015332102776	0.04500508308410645	0.1202027425169945
S2017t2_E30-T2b-Female	0.06140565872192383	0.05721166729927063	0.04493609815835953	0.05126728862524033	0.03130588307976723	0.02428440749645233	0.02976769022643566	0.06043011322617531	0.04252588003873825	0.06034545972943306	0.06937865167856216	0.03109493292868137	0.02538818307220936	0.02137865498661995	0.0329338051378727	0.03278053924441338	0.03728268668055534	0.0284346230328083	0.02158713340759277	0.03570704162120819	0.01658211834728718	0.02020606957376003	0.01923913694918156	0.0329410508275032	0.0219552218914032	0.01922940090298653	0.02501427754759789	0.02825959399342537	0.02680938318371773	0.01864233054220676	0.03262718766927719	0.03713183477520943	0.03847145289182663	0.03563667461276054	0.03581172600388527	0.03533164411783218	0.03503475338220596	0.01423763856291771	0.0352269634604454	0.01893281750380993	0.02107085660099983	0.02282873913645744	0.01715599186718464	0.02990804612636566	0.02648416720330715	0.02780793607234955	0.02377048507332802	0.0308181568980217	0.02842349000275135	0.03331750258803368	0.02934683673083782	0.02835596166551113	0.02438302338123322	0.03265165910124779	0.01997695304453373	0.03155805915594101	0.01610549725592136	0.02754768170416355	0.03650322183966637	0.02988378517329693	0.03081476502120495	0.03515864163637161	0.01951147243380547	0.03101219609379768	0.01612748764455318	0.01291205268353224	0.01801561377942562	0.03144540265202522	0.02907948195934296	0.02494937181472778	0.01885748654603958	0.02516742236912251	0.01830171421170235	0.02535769902169704	0.02019290439784527	0.03650322183966637	0.02760155685245991	0.0223262794315815	0.03012519329786301	0.03272536024451256	0.03640248253941536	0.02300441078841686	0.0321752205491066	0.02226639911532402	0.02766646631062031	0.01793096028268337	0.02364383451640606	0.02318041585385799	0.02418949827551842	0.02541560307145119	0.03036768361926079	0.03965393826365471	0.0295252837240696	0.03461932018399239	0.03586026653647423	0.03050975129008293	0.02285636216402054	0.0351204127073288	0.1060402765870094	0.09885915368795395	0.04423949867486954	0.02572003565728664	0.08064579963684082	0.03611175343394279	0.02437657676637173	0.02878779172897339	0.04434523731470108	0.03757134452462196	0.03478245064616203	0.03541962802410126	0.03043441846966743	0.03357838839292526	0.01558823697268963	0.03650322183966637	0.01836716011166573	0.03354664146900177	0.02217477932572365	0.03008636645972729	0.03107553347945213	0.02136988937854767	0.02337041683495045	0.01682490855455399	0.03132088854908943	0.02255842834711075	0.02301224134862423	0.04104039818048477	0.01984728500247002	0.02344107255339622	0.02721034549176693	0.03116548806428909	0.0268723126500845	0.03474705293774605	0.03254856914281845	0.03321821242570877	0.02926862612366676	0.02282467484474182	0	0.01095093507319689	0.03269002586603165	0.03223893791437149	0.02347960509359837	0.03143290430307388	0.0249034259468317	0.02399302646517754	0.02236484177410603	0.02252690307796001	0.01871064305305481	0.02063904888927937	0.02121618017554283	0.01436403673142195	0.0143630113452673	0.02620379999279976	0.03037365525960922	0.02251316793262959	0.01846469193696976	0.04241607338190079	0.03036888875067234	0.02898772247135639	0.02221626974642277	0.0171248372644186	0.02042043209075928	0.02074192278087139	0.01836239546537399	0.03152700886130333	0.02610289119184017	0.03440271317958832	0.03506573662161827	0.04841509461402893	0.02892281860113144	0.02502919733524323	0.1222978159785271	0.1288628578186035	0.04493609815835953	0.0264486838132143	0.05224659293889999	0.110321618616581	0.02707885950803757	0.02209508791565895	0.02557512745261192	0.03084894083440304	0.01806964725255966	0.02503212913870811	0.08462535589933395	0.03653378412127495	0.04633564874529839	0.02194606140255928	0.08278897404670715	0.02993553690612316	0.1172413751482964	0.02558673173189163	0.04344651848077774	0.03154720366001129	0.02218041568994522	0.1285327672958374
S2017t2_E30-T2b-Male	0.05997711792588234	0.06478521227836609	0.04688496515154839	0.05713020637631416	0.03887942060828209	0.03352472931146622	0.03510682284832001	0.06765668839216232	0.04109733924269676	0.05863190442323685	0.06711701303720474	0.02595227770507336	0.0361998975276947	0.0276259146630764	0.03315808996558189	0.03542874753475189	0.03864621743559837	0.03233667090535164	0.02499743364751339	0.03314646705985069	0.02189724706113338	0.03020741045475006	0.01798026077449322	0.03038047626614571	0.02771005593240261	0.02209088020026684	0.02423964999616146	0.02287929318845272	0.02776445634663105	0.02520089410245419	0.03329762071371078	0.03894151374697685	0.03999650105834007	0.03705746307969093	0.03325115144252777	0.03277106583118439	0.03233495727181435	0.01896390691399574	0.03266638517379761	0.02195506542921066	0.02879361063241959	0.0329250656068325	0.02711310610175133	0.03122458048164845	0.03485302627086639	0.03617678955197334	0.02472556382417679	0.02588400617241859	0.02439837902784348	0.03023314476013184	0.03030190989375114	0.02342180535197258	0.02958298102021217	0.03856836259365082	0.02508740127086639	0.02899748273193836	0.02224257960915565	0.02829425595700741	0.03394264355301857	0.02494963072240353	0.03166558966040611	0.03231962770223618	0.02894047275185585	0.02845161966979504	0.02221602387726307	0.01116414647549391	0.02754886075854301	0.0319073349237442	0.02982605434954166	0.02518912218511105	0.02185873314738274	0.03583991900086403	0.01916683465242386	0.0360235758125782	0.02896323055028915	0.03394264355301857	0.0282719898968935	0.01843969710171223	0.03037198632955551	0.03329154476523399	0.03707291558384895	0.03381612524390221	0.02808013744652271	0.02427001111209393	0.03083743341267109	0.02544521726667881	0.01992800645530224	0.01918615587055683	0.02075831592082977	0.02067583613097668	0.02184763178229332	0.03681259229779243	0.02710296213626862	0.0311561468988657	0.03329969197511673	0.02536709979176521	0.0231067705899477	0.03544596210122108	0.1058150604367256	0.09563340246677399	0.04584068432450294	0.0268839281052351	0.07447031885385513	0.03454403206706047	0.01927603594958782	0.02622721530497074	0.0364619642496109	0.03016587160527706	0.03173494338989258	0.03237211331725121	0.02758919820189476	0.03101781383156776	0.02516227029263973	0.03394264355301857	0.02755552157759666	0.03074259869754314	0.01989443600177765	0.03244124725461006	0.03174697235226631	0.0111246295273304	0.01788094453513622	0.01799878478050232	0.02513943985104561	0.01827264577150345	0.02045166678726673	0.03510241955518723	0.01276890840381384	0.01742781326174736	0.02206769026815891	0.02685988694429398	0.01910234428942204	0.031699538230896	0.02970955334603786	0.02946652285754681	0.02670805528759956	0.01516149006783962	0.01095093507319689	0	0.02984480559825897	0.03298551589250565	0.01956148631870747	0.02838539332151413	0.01775091886520386	0.02433018758893013	0.01635158061981201	0.03004115447402	0.02572973631322384	0.02815330028533936	0.01850390806794167	0.02316500432789326	0.02368776127696037	0.02666573226451874	0.02143257111310959	0.01788220182061195	0.01346588972955942	0.04316265881061554	0.02826613187789917	0.0343976691365242	0.02296284772455692	0.02463909052312374	0.01564771123230457	0.01970459520816803	0.01941875368356705	0.03312819451093674	0.02240199968218803	0.03135519847273827	0.03581231087446213	0.05001628026366234	0.03687065094709396	0.03569548949599266	0.1187936216592789	0.1256371140480042	0.04688496515154839	0.03307415917515755	0.05617761611938477	0.1070262044668198	0.03565621748566628	0.02615579962730408	0.03572384268045425	0.03632733598351479	0.02484997548162937	0.03570462763309479	0.0821063220500946	0.03496606275439262	0.04688283428549767	0.02838719636201859	0.08252408355474472	0.03271462768316269	0.1117812097072601	0.03162620961666107	0.04504770785570145	0.03405700251460075	0.03180534392595291	0.1250285655260086
S2017t3_E11-T3a-Female	0.07899252325296402	0.08359230309724808	0.05660766735672951	0.07942863553762436	0.05737209320068359	0.04906835034489632	0.05792903900146484	0.08614936470985413	0.05757485330104828	0.07721339911222458	0.08669456839561462	0.009280825965106487	0.04860077425837517	0.04318013042211533	0.04700383916497231	0.0482390895485878	0.05511362850666046	0.04370788112282753	0.03593676909804344	0.003586302511394024	0.03325192630290985	0.04213593527674675	0.02136853896081448	0.002096557756885886	0.0441322922706604	0.03147948905825615	0.0296279713511467	0.01804313808679581	0.03800611197948456	0.03670717030763626	0.04202026501297951	0.05049532651901245	0.04957374185323715	0.04673895984888077	0.003690984565764666	0.003210903145372868	0.003437797306105494	0.02346557192504406	0.003106221091002226	0.03489211201667786	0.04414559155702591	0.04380833357572556	0.03267715498805046	0.0456591360270977	0.05150575935840607	0.05259187892079353	0.03185301274061203	0.01146111823618412	0.02058662660419941	0.003722193418070674	0.04056984931230545	0.01667903549969196	0.05254437774419785	0.05867649987339973	0.04124699905514717	0.002624949440360069	0.03683413192629814	0.02981861494481564	0.004382481798529625	0.01916687376797199	0.03596377372741699	0.004085470922291279	0.0423477403819561	0.002096557058393955	0.03719028830528259	0.0265467781573534	0.04144866019487381	0.04273990169167519	0.03092311322689056	0.04000383615493774	0.01992295682430267	0.0494275763630867	0.02511818520724773	0.04827861115336418	0.04284033924341202	0.004382481798529625	0.03528542816638947	0.01603404060006142	0.03184935450553894	0.03851037472486496	0.04579555988311768	0.04621699824929237	0.005138061475008726	0.03279352188110352	0.04258538782596588	0.04143300279974937	0.01898405887186527	0.02115742489695549	0.02009900845587254	0.01714858412742615	0.02135802619159222	0.05468097329139709	0.05008067563176155	0.05308889597654343	0.00373952928930521	0.01788647472858429	0.03540073335170746	0.04111573472619057	0.1044984683394432	0.1075846701860428	0.05636437237262726	0.03112600557506084	0.09140384942293167	0.05116072669625282	0.02646948397159576	0.008032547309994698	0.04114031791687012	0.04480326920747757	0.003709284123033285	0.004346455913037062	0.005389064084738493	0.001981435343623161	0.03567104786634445	0.004382481798529625	0.03802348673343658	0.002164830453693867	0.02425466291606426	0.04358245432376862	0.04433004185557365	0.0328129269182682	0.02287078090012074	0.0373387336730957	0.01385021582245827	0.02065992169082165	0.01114340126514435	0.01413624174892902	0.02625563554465771	0.02400686219334602	0.02081461809575558	0.004982928745448589	0.01700514554977417	0.004197669215500355	0.002647643676027656	0.003655826440081	0.003421397414058447	0.02144995145499706	0.03269002586603165	0.02984480559825897	0	0.04662749916315079	0.02065183036029339	0.003443478373810649	0.0316782221198082	0.04212240502238274	0.03081159852445126	0.04560163617134094	0.04164339601993561	0.04243188723921776	0.02573801390826702	0.03866368904709816	0.02755950391292572	0.03791185095906258	0.01973974332213402	0.02510024607181549	0.03275102376937866	0.05195114016532898	0.02829694002866745	0.05123379081487656	0.0400768518447876	0.03464465960860252	0.01755973696708679	0.03229829296469688	0.03787607699632645	0.05002639815211296	0.02736045233905315	0.003329541999846697	0.04308804869651794	0.06008666008710861	0.05370676890015602	0.05081076174974442	0.1258974075317383	0.1299370378255844	0.05660766735672951	0.054464191198349	0.07913900911808014	0.1173923909664154	0.05186280235648155	0.04698067903518677	0.05035907030105591	0.05901028215885162	0.03982985764741898	0.0498160719871521	0.1020076796412468	0.05581254884600639	0.06984421610832214	0.04459378868341446	0.10053800791502	0.05539137497544289	0.1222287937998772	0.0512102022767067	0.05723298713564873	0.05011775344610214	0.05034176260232925	0.130654513835907
S2017t3_E11-T3a-Male	0.05495408177375793	0.07951387763023376	0.03076659888029099	0.07012292742729187	0.04770992696285248	0.03525228425860405	0.03639857470989227	0.0830792710185051	0.03173378109931946	0.05544261634349823	0.0717165395617485	0.03755619004368782	0.03827560693025589	0.01875399611890316	0.00949973426759243	0.01993574947118759	0.01146281603723764	0.04929010197520256	0.02259954810142517	0.04899755492806435	0.02479780465364456	0.03497934713959694	0.02784597873687744	0.04581283777952194	0.01592928357422352	0.02215649001300335	0.0247795395553112	0.03292851522564888	0.009668212383985519	0.02087103389203548	0.01489510480314493	0.01962029933929443	0.02180366031825542	0.01854473166167736	0.04910223558545113	0.04862215742468834	0.0481860488653183	0.0272443350404501	0.04851747676730156	0.01510217227041721	0.01989736221730709	0.03414617478847504	0.03291215747594833	0.009148946963250637	0.0287710428237915	0.01678461022675037	0.02175658382475376	0.03643106669187546	0.02688257955014706	0.04608424007892609	0.01311017293483019	0.03058080747723579	0.03625216335058212	0.04951577633619308	0.02248883433640003	0.04442984238266945	0.02697280049324036	0.01744122803211212	0.04979373514652252	0.02935735695064068	0.01650036685168743	0.04817071929574013	0.03170431032776833	0.0451778843998909	0.02455393224954605	0.03457839787006378	0.03035080805420876	0.009964518249034882	0.01933375187218189	0.01582882553339005	0.03618120029568672	0.0377764068543911	0.02528603188693523	0.03824512287974358	0.02920015901327133	0.04979373514652252	0.01475744321942329	0.03311433643102646	0.01940108090639114	0.01685347035527229	0.01780982874333858	0.0358918309211731	0.04254035651683807	0.01958962343633175	0.03193074464797974	0.02605499885976315	0.04510108381509781	0.0443592332303524	0.04564674943685532	0.04363828152418137	0.03773158416152	0.03842675685882568	0.03373836353421211	0.04326818883419037	0.04958208650350571	0.0353330597281456	0.02032402157783508	0.01851082406938076	0.1192623749375343	0.1149666458368301	0.02032479643821716	0.02053407579660416	0.09000758826732635	0.02498606778681278	0.0448947511613369	0.04725393652915955	0.05472377315163612	0.04627207294106483	0.04737753048539162	0.04801470413804054	0.04372493922710419	0.04730021208524704	0.03117796219885349	0.04979373514652252	0.02988388389348984	0.04648944362998009	0.02279255725443363	0.05030545592308044	0.007960865274071693	0.02916040644049644	0.04082228243350983	0.01688027754426003	0.04660055413842201	0.04568387940526009	0.03763438016176224	0.05835526809096336	0.02962771989405155	0.0391499325633049	0.0298372320830822	0.04248317331075668	0.03823204711079597	0.04720291495323181	0.04577630013227463	0.04529600217938423	0.04385305196046829	0.04595012217760086	0.03223893791437149	0.03298551589250565	0.04662749916315079	0	0.04402879998087883	0.04318401217460632	0.02589564770460129	0.0182142648845911	0.02963674813508987	0.01676639728248119	0.02613220736384392	0.02484509721398354	0.02468965575098991	0.02845664322376251	0.03276175633072853	0.009682444855570793	0.0377558059990406	0.02418405003845692	0.02290352620184422	0.01505199354141951	0.01938791200518608	0.01030632480978966	0.01235018763691187	0.02651824988424778	0.0367223359644413	0.01922472752630711	0.02298615872859955	0.01668423041701317	0.02142355218529701	0.04764474555850029	0.008768544532358646	0.02340013906359673	0.01549348141998053	0.04143323749303818	0.138311579823494	0.1457951962947845	0.03076659888029099	0.04170243814587593	0.06603115797042847	0.1254968643188477	0.02530666626989841	0.03320818394422531	0.03752106800675392	0.04201513156294823	0.02922253683209419	0.03764107078313828	0.101074293255806	0.0226066131144762	0.04342230781912804	0.02023255452513695	0.1016313210129738	0.03921109065413475	0.1304968595504761	0.01732843741774559	0.01738474890589714	0.01489013526588678	0.03684079647064209	0.1447553932666779
S2017t3_E16-T3b-Female	0.07288960367441177	0.07836179435253143	0.04987241327762604	0.07332572340965271	0.05245601013302803	0.04296544566750526	0.05182613059878349	0.08123329281806946	0.05083959922194481	0.07126298546791077	0.08034771680831909	0.02484141290187836	0.04344899579882622	0.04004369676113129	0.04390514642000198	0.04178850725293159	0.04888184368610382	0.04833440482616425	0.03069126978516579	0.02271893247961998	0.03441594913601875	0.03949834406375885	0.02837597392499447	0.02196395955979824	0.03924110159277916	0.03422103822231293	0.03343261778354645	0.0271902047097683	0.03817354515194893	0.03730190545320511	0.03933857753872871	0.04425324127078056	0.04337335377931595	0.04075737297534943	0.02282361686229706	0.02234353497624397	0.02190742455422878	0.02833332307636738	0.02223885245621204	0.03405607864260674	0.04089461639523506	0.04188336431980133	0.03607140108942986	0.04085123538970947	0.04484667256474495	0.04636009410023689	0.03448396921157837	0.02552445791661739	0.02952234819531441	0.02190968208014965	0.03774616867303848	0.02732396684587002	0.04672957956790924	0.05585282668471336	0.03600149601697922	0.02249235101044178	0.03457973897457123	0.03320972248911858	0.02351511083543301	0.02938450314104557	0.03710431978106499	0.02189209498465061	0.03860294446349144	0.02003510110080242	0.03379324451088905	0.01772096939384937	0.037839375436306	0.03964121267199516	0.03484627604484558	0.02967728488147259	0.03081702813506126	0.04318549111485481	0.03126784041523933	0.04299120604991913	0.04001666232943535	0.02351511083543301	0.03431293740868568	0.02773861400783062	0.03580974414944649	0.03883355483412743	0.04248152300715446	0.04191981628537178	0.02230756729841232	0.03404379636049271	0.03571146354079247	0.03712835907936096	0.003641153918579221	0.002560164779424667	0.002147721359506249	0.006361444946378469	0.02976184897124767	0.05165423452854156	0.04532643407583237	0.04768769070506096	0.02287215925753117	0.02639719285070896	0.03379473090171814	0.04182897135615349	0.09837037324905396	0.1024529561400414	0.04885729402303696	0.03242862597107887	0.08757668733596802	0.04525496438145638	0.02965644374489784	0.01579968258738518	0.04633773490786552	0.04004134237766266	0.0210989061743021	0.02173607982695103	0.02157770656049252	0.0205902811139822	0.03529953584074974	0.02351511083543301	0.03777392208576202	0.02084315940737724	0.03027195483446121	0.04805010184645653	0.04051940515637398	0.022468077018857	0.004788792226463556	0.02872278541326523	0.02942770346999168	0.005831232294440269	0.02095121331512928	0.03217273205518723	0.01482421811670065	0.006356176920235157	0.0288914255797863	0.02161605656147003	0.02775482833385468	0.02158729173243046	0.02055669389665127	0.02164101973176003	0.01945776864886284	0.006930194329470396	0.02347960509359837	0.01956148631870747	0.02065183036029339	0.04402879998087883	0	0.02135525457561016	0.01990613713860512	0.02964376471936703	0.01531081274151802	0.04193365946412086	0.03790478408336639	0.0398331880569458	0.03046843782067299	0.03355817869305611	0.03250957652926445	0.03630174323916435	0.03124199993908405	0.02603891305625439	0.02154725603759289	0.04786549136042595	0.03296897560358047	0.04457470402121544	0.03189123421907425	0.03631897643208504	0.01029757689684629	0.03096150048077106	0.03541936352849007	0.03970859199762344	0.02837278693914413	0.02071916498243809	0.0421985536813736	0.05279523134231567	0.0470476821064949	0.04617932811379433	0.1190229952335358	0.1244719624519348	0.04987241327762604	0.0483679436147213	0.07289692759513855	0.1118829101324081	0.04562071710824966	0.04529624804854393	0.04411698877811432	0.05304663628339767	0.03415705636143684	0.04357398673892021	0.09590477496385574	0.04957046359777451	0.06360212713479996	0.03877900540828705	0.09562194347381592	0.04971858114004135	0.115493543446064	0.04496811702847481	0.05057390034198761	0.04416734352707863	0.04409968107938766	0.1238634139299393
S2017t3_E16-T3b-Male	0.07653044909238815	0.08200263977050781	0.05561964958906174	0.07696657627820969	0.05609685927629471	0.04660629108548164	0.05546697601675987	0.08487414568662643	0.05658683553338051	0.07490383088588715	0.08451849967241287	0.007104290649294853	0.04666254296898842	0.04091309383511543	0.04455488547682762	0.04542935267090797	0.05209538340568542	0.0430019348859787	0.03506460040807724	0.005813542753458023	0.03121997229754925	0.04142998903989792	0.01919778250157833	0.002628825604915619	0.04246265068650246	0.02910820208489895	0.02746518701314926	0.01567185670137405	0.03540487959980965	0.03410593420267105	0.04146235808730125	0.04789409413933754	0.04923148825764656	0.0459725558757782	0.005918225273489952	0.005438143387436867	0.005002034362405539	0.02086433582007885	0.005333461798727512	0.03277867659926414	0.0415443554520607	0.04253309965133667	0.03073891811072826	0.0438571386039257	0.04848752543330193	0.04957364127039909	0.03041156381368637	0.01033392641693354	0.0194594357162714	0.004471579100936651	0.03796861320734024	0.0155518427491188	0.04994313418865204	0.05607525631785393	0.03921504318714142	0.001882433542050421	0.03480218350887299	0.0282744225114584	0.006609721109271049	0.01803968288004398	0.03431382030248642	0.004986704792827368	0.04075424373149872	0.003275778377428651	0.03530559316277504	0.02591849863529205	0.03977901488542557	0.04072225466370583	0.02937892265617847	0.0391065925359726	0.01864772662520409	0.04682634770870209	0.02251694723963737	0.04663205146789551	0.04023910313844681	0.006609721109271049	0.03515882417559624	0.01343280356377363	0.03087444789707661	0.03774396330118179	0.04523764550685883	0.04427876323461533	0.003593870671465993	0.03019401431083679	0.04103968292474747	0.03883349150419235	0.02242753654718399	0.02220947109162807	0.0229732058942318	0.01925552450120449	0.02046078816056252	0.05272842198610306	0.04854512587189674	0.05155333876609802	0.00639807153493166	0.01698923483490944	0.0342259593307972	0.0394657775759697	0.1055054143071175	0.106956385076046	0.05546713620424271	0.02968455664813519	0.0890810564160347	0.05046483501791954	0.02668717876076698	0.01090674009174109	0.04055583477020264	0.04369667172431946	0.004193517379462719	0.004830689169466496	0.005755020771175623	0.004116193391382694	0.03412704914808273	0.006609721109271049	0.03500525653362274	0.003305424936115742	0.02216801792383194	0.04143571853637695	0.04202774912118912	0.03160157799720764	0.02250625565648079	0.03496744856238365	0.01191913429647684	0.02301033027470112	0.01051512360572815	0.01645315065979958	0.02388435043394566	0.02310962416231632	0.01991737633943558	0.003870040411129594	0.01599499396979809	0.004681903403252363	0.002801530063152313	0.004100997932255268	0.003329328959807754	0.02327657863497734	0.03143290430307388	0.02838539332151413	0.003443478373810649	0.04318401217460632	0.02135525457561016	0	0.03064038790762424	0.03953523933887482	0.02949137985706329	0.0425833985209465	0.03941615298390388	0.03920405358076096	0.02322613261640072	0.03615180775523186	0.02461328916251659	0.03568461537361145	0.01672756858170033	0.02329824678599834	0.03037973865866661	0.05019432306289673	0.02718708291649818	0.04843120276927948	0.03728032112121582	0.03120118193328381	0.0149758355692029	0.02950177155435085	0.03543318435549736	0.04870392382144928	0.02583087049424648	0.004460729192942381	0.04028017818927765	0.05854246765375137	0.05068852752447128	0.04982017353177071	0.1258110702037811	0.1320382803678513	0.05561964958906174	0.05200878903269768	0.07653777301311493	0.1155237630009651	0.04926156625151634	0.04466408863663673	0.0477578341960907	0.05668748542666435	0.03779790550470352	0.04721483588218689	0.09954562038183212	0.05321131274104118	0.06724297255277634	0.04199255257844925	0.0992627814412117	0.05335942283272743	0.1212407574057579	0.04860896244645119	0.05421475321054459	0.04780819267034531	0.04774052649736404	0.130998432636261
S2017t3_E17-T3a-Female	0.06536801159381866	0.08211508393287659	0.04235082119703293	0.0741119384765625	0.05620931461453438	0.04375166445970535	0.04489795491099358	0.08498657494783401	0.0433180034160614	0.06324760615825653	0.07254777103662491	0.02417086064815521	0.04677498713135719	0.02811513654887676	0.02825142070651054	0.03447588160634041	0.03564926236867905	0.04923925921320915	0.02563096582889557	0.0343475379049778	0.03074822388589382	0.04125779494643211	0.02442753314971924	0.03305985406041145	0.02883078530430794	0.02338047325611115	0.02209462784230709	0.0197296142578125	0.02676596119999886	0.02788333036005497	0.02764634601771832	0.03540946170687675	0.03424493595957756	0.03120165318250656	0.03445222228765488	0.03397213667631149	0.03353602811694145	0.02819679863750935	0.03386745601892471	0.02529364451766014	0.02948703803122044	0.04307285696268082	0.03726089000701904	0.02752191759645939	0.03727042302489281	0.03312751650810242	0.02314597927033901	0.02178105153143406	0.01825398579239845	0.03143422305583954	0.02703468129038811	0.01772622019052505	0.04475155472755432	0.05505329743027687	0.03091281466186047	0.03252281993627548	0.03216956555843353	0.0218021422624588	0.03514371439814568	0.0179769229143858	0.02569673769176006	0.03352069854736328	0.03927209228277206	0.03113099560141563	0.03208529576659203	0.01891045644879341	0.03748779743909836	0.02523849345743656	0.02302169241011143	0.01516280509531498	0.03200650960206985	0.0462757870554924	0.0253730546683073	0.04659866541624069	0.03855413571000099	0.03514371439814568	0.02262071706354618	0.02627608180046082	0.02307501807808876	0.02714132331311703	0.03078929521143436	0.0443912111222744	0.02799509093165398	0.0221607331186533	0.03440478816628456	0.03308882936835289	0.02069377899169922	0.01995192468166351	0.02194706350564957	0.02122482098639011	0.02189242281019688	0.0397254005074501	0.033918846398592	0.03822916373610497	0.03450076282024384	0.01917348243296146	0.02280301228165627	0.02844064310193062	0.1088475435972214	0.109807550907135	0.03605201467871666	0.02164750173687935	0.08338680863380432	0.03544251620769501	0.03132468461990356	0.027428288012743	0.04088301211595535	0.03020243532955647	0.03272751346230507	0.0333646833896637	0.02921325527131557	0.03221888840198517	0.03568059578537941	0.03514371439814568	0.03742889314889908	0.03247176855802536	0.01855180040001869	0.04923958703875542	0.02486568503081799	0.007970503531396389	0.01669962331652641	0.01559917908161879	0.0365842692553997	0.0219885166734457	0.02671997249126434	0.04305829852819443	0.009094078093767166	0.01502726878970861	0.01452565751969814	0.02782483398914337	0.0239887498319149	0.03255289793014526	0.03091062977910042	0.03014569357037544	0.02896445244550705	0.02225476317107677	0.0249034259468317	0.01775091886520386	0.0316782221198082	0.02589564770460129	0.01990613713860512	0.03064038790762424	0	0.01258608512580395	0.006569415330886841	0.02656458131968975	0.03240912780165672	0.03430531546473503	0.02031941898167133	0.03099803067743778	0.03341441974043846	0.01873443275690079	0.02583620510995388	0.01299969851970673	0.007904283702373505	0.03249641135334969	0.01759989745914936	0.03176942840218544	0.01397276297211647	0.0313996933400631	0.01873528212308884	0.0145923774689436	0.02716744691133499	0.02222359925508499	0.01300370506942272	0.03234777599573135	0.02682947181165218	0.03998995944857597	0.03424240276217461	0.0496479831635952	0.1278967559337616	0.1349491029977798	0.04235082119703293	0.05005598068237305	0.0700201690196991	0.1199314147233963	0.03795995190739632	0.04222306609153748	0.04602044820785522	0.05051451176404953	0.03528584167361259	0.04614045098423958	0.09847121685743332	0.040726687759161	0.05475836247205734	0.0318746343255043	0.09937521815299988	0.04742583259940147	0.1200820282101631	0.0361243411898613	0.03776863217353821	0.03517772629857063	0.04534017667174339	0.1343405544757843
S2017t3_E17-T3a-Male	0.05719830095767975	0.079286128282547	0.037137720733881	0.07128297537565231	0.0533803403377533	0.04092269390821457	0.04249628633260727	0.08250457048416138	0.03810490295290947	0.0554373636841774	0.06765514612197876	0.03369805216789246	0.04480062052607536	0.02709044888615608	0.02085467427968979	0.02725107967853546	0.02583136409521103	0.05137231945991516	0.025427320972085	0.04513942822813988	0.031195018440485	0.040849968791008	0.02693212777376175	0.04216407239437103	0.02244628965854645	0.02354261465370655	0.02245774678885937	0.02841085009276867	0.02096107974648476	0.02804547548294067	0.02445036731660366	0.02746374905109406	0.02858543395996094	0.02639675699174404	0.04524410888552666	0.04476402699947357	0.04432792216539383	0.02835894376039505	0.04465934634208679	0.02336065471172333	0.02898617833852768	0.04323499649763107	0.0374230295419693	0.02071976661682129	0.0348687544465065	0.02330962382256985	0.02137629874050617	0.03257293254137039	0.02302444726228714	0.04222610592842102	0.02311921119689941	0.02672267518937588	0.04277718812227249	0.05521543696522713	0.02901384793221951	0.04078107699751854	0.03261635825037956	0.01895385980606079	0.04593560472130775	0.02549922280013561	0.02277738787233829	0.04431258887052536	0.03929157927632332	0.04023521766066551	0.03224743157625198	0.02782449498772621	0.03793458640575409	0.02003647014498711	0.02069495245814323	0.01011613570153713	0.0369630828499794	0.04387412592768669	0.02606790885329247	0.04434283822774887	0.03871628269553185	0.04593560472130775	0.01942473649978638	0.03389621898531914	0.020726528018713	0.02457768842577934	0.02822566032409668	0.04327144846320152	0.03868221864104271	0.02274160273373127	0.03390391543507576	0.03366969153285027	0.03199795261025429	0.02954689972102642	0.03083441779017448	0.03352626413106918	0.03257955610752106	0.03632825613021851	0.03317371010780334	0.03932709991931915	0.04529265314340591	0.02996536530554295	0.02366852760314941	0.02402559481561184	0.1144749447703362	0.1120510324835777	0.02833612635731697	0.0174398347735405	0.0881941169500351	0.0315907895565033	0.04011737182736397	0.03822017461061478	0.0500030405819416	0.03853221610188484	0.04351939633488655	0.04415657371282578	0.03986680135130882	0.04301076754927635	0.03633690252900124	0.04593560472130775	0.03759104385972023	0.04263130575418472	0.02134458348155022	0.05183039233088493	0.01810980401933193	0.01776648871600628	0.02729185670614243	0.01281158253550529	0.0444195419549942	0.03428995236754417	0.03455525264143944	0.05385017767548561	0.01886189356446266	0.0256195068359375	0.02468519657850266	0.03819373622536659	0.03415212035179138	0.04334478452801704	0.0417025126516819	0.0412222184240818	0.03870100528001785	0.03455620259046555	0.02399302646517754	0.02433018758893013	0.04212240502238274	0.0182142648845911	0.02964376471936703	0.03953523933887482	0.01258608512580395	0	0.01482442114502192	0.02585522085428238	0.03285591676831245	0.03446745499968529	0.02417762763798237	0.03144481405615807	0.03386120870709419	0.01133768912404776	0.03409446403384209	0.01835362054407597	0.01212048530578613	0.02777163498103619	0.01553868409246206	0.02152423374354839	0.00586407445371151	0.03156184405088425	0.02808011695742607	0.01635266467928886	0.02804451808333397	0.01323936879634857	0.01476196013391018	0.04313965886831284	0.02021193504333496	0.03227406367659569	0.02356990799307823	0.047103650867939	0.1330968588590622	0.1401492059230804	0.037137720733881	0.04737284779548645	0.06719121336936951	0.122174933552742	0.03097707405686378	0.04266985505819321	0.04319147765636444	0.04768553376197815	0.03274152055382729	0.04331148415803909	0.1004995703697205	0.03213945776224136	0.0473579540848732	0.02675756253302097	0.1010566204786301	0.04488150030374527	0.1252821385860443	0.02732834406197071	0.02709612995386124	0.02652757242321968	0.04251120984554291	0.1395406574010849
S2017t3_E30-T3b-Female	0.0621328093111515	0.077867291867733	0.04017094895243645	0.06968990713357925	0.0519615150988102	0.03932963684201241	0.0414966382086277	0.08073878288269043	0.04113812372088432	0.06015824154019356	0.06941733509302139	0.02259660884737968	0.04338179901242256	0.02776644378900528	0.02902163192629814	0.03110142797231674	0.03427716717123985	0.04826721549034119	0.02346949465572834	0.03382861986756325	0.0297761932015419	0.03943115100264549	0.02345550060272217	0.03148560598492622	0.02797243930399418	0.02212378568947315	0.02188511192798615	0.01815536431968212	0.0269048847258091	0.02662665396928787	0.0284928847104311	0.03281033784151077	0.0323491133749485	0.03016043268144131	0.03393330052495003	0.03345322236418724	0.0330171100795269	0.02694012224674225	0.03334853798151016	0.02508454024791718	0.02962595038115978	0.04181616753339767	0.0360042080283165	0.02638472616672516	0.0334499292075634	0.03175542503595352	0.02388688735663891	0.02126212604343891	0.01930900849401951	0.03091529756784439	0.02682557329535484	0.01857243478298187	0.04135836288332939	0.05379661172628403	0.02801351808011532	0.03094857186079025	0.03119752928614616	0.02299637906253338	0.03462480008602142	0.01917116157710552	0.02650723420083523	0.03300178050994873	0.03787275403738022	0.0295567512512207	0.03065437264740467	0.01765377633273602	0.03634152188897133	0.02538320235908031	0.02393694035708904	0.0161279384046793	0.03074983693659306	0.04245530068874359	0.02394213527441025	0.04292401298880577	0.03729745373129845	0.03462480008602142	0.02346725389361382	0.02501940727233887	0.02427505888044834	0.02834136784076691	0.03198933601379395	0.04185261949896812	0.02737141214311123	0.02111341245472431	0.03072398155927658	0.0320415087044239	0.01745238155126572	0.0150013267993927	0.01628884486854076	0.01898068748414516	0.02126874029636383	0.0400736890733242	0.0342671312391758	0.03822942078113556	0.03398184478282928	0.01848031580448151	0.02210992574691772	0.02973813004791737	0.1059505715966225	0.1054279506206512	0.03488064184784889	0.02190137095749378	0.08157102763652802	0.03493721783161163	0.0305728055536747	0.02690936625003815	0.04037562012672424	0.029450548812747	0.03220859169960022	0.03284576535224915	0.02855599112808704	0.03169996291399002	0.03481331840157509	0.03462480008602142	0.03617222234606743	0.03132050111889839	0.01757975853979588	0.04798291623592377	0.0257404986768961	0.008500019088387489	0.01274628192186356	0.01453546527773142	0.03501002490520477	0.0197443813085556	0.02514573000371456	0.04253936931490898	0.006872873287647963	0.01107392832636833	0.01470973622053862	0.02688292972743511	0.02326031774282455	0.03203397244215012	0.03039170242846012	0.02991141006350517	0.02739020250737667	0.02001062780618668	0.02236484177410603	0.01635158061981201	0.03081159852445126	0.02963674813508987	0.01531081274151802	0.02949137985706329	0.006569415330886841	0.01482442114502192	0	0.02732899226248264	0.03292543441057205	0.0347495935857296	0.02189882844686508	0.03108909539878368	0.0326550081372261	0.02190969325602055	0.02596292085945606	0.01202765759080648	0.006942587438970804	0.03452877327799797	0.0196322537958622	0.02969119139015675	0.01749918423593044	0.03078087978065014	0.01694235019385815	0.01716287061572075	0.02768375538289547	0.02616250701248646	0.01376811787486076	0.03182884678244591	0.02780650928616524	0.03881858289241791	0.03201570734381676	0.0456848256289959	0.12439826130867	0.131624847650528	0.04017094895243645	0.04577978327870369	0.06577238440513611	0.1153775677084923	0.03472475335001945	0.04125103354454041	0.04159842059016228	0.04626671597361565	0.03132269158959389	0.04171841964125633	0.09404920041561127	0.03770025819540024	0.05173192918300629	0.02952902019023895	0.09512742608785629	0.04328843951225281	0.1165835335850716	0.0332721471786499	0.03554193302989006	0.03229713812470436	0.04109238460659981	0.1310162991285324
S2017t3_E30-T3b-Male	0.06039684638381004	0.06378833204507828	0.03694875538349152	0.05482036620378494	0.03094353526830673	0.01848588883876801	0.01963218115270138	0.06735371798276901	0.03791593760251999	0.05969854444265366	0.07112054526805878	0.03653033450245857	0.02150921523571014	0.006721357814967632	0.01772105880081654	0.0238866675645113	0.02048394829034805	0.03751865029335022	0.01659858599305153	0.0479717068374157	0.01451244950294495	0.01885838061571121	0.02598239108920097	0.04478698596358299	0.008280583657324314	0.01544804032891989	0.02413773909211159	0.03190265968441963	0.01754059456288815	0.009417809545993805	0.02290569804608822	0.02698546275496483	0.02916882000863552	0.02634017914533615	0.04807638749480247	0.04759630560874939	0.04716020077466965	0.02422816678881645	0.04749162495136261	0.01322233304381371	0.003130964003503323	0.01737977936863899	0.01902580261230469	0.01582220755517483	0.01200464926660061	0.007836202159523964	0.0243972297757864	0.03540521487593651	0.02847565338015556	0.04505838453769684	0.0190686397254467	0.03007874079048634	0.01948578283190727	0.03440329805016518	0.01196473743766546	0.0434039905667305	0.01618197374045849	0.02549203298985958	0.04876788333058357	0.0296575091779232	0.02577133290469646	0.04714486747980118	0.01590091362595558	0.04415203258395195	0.01298667024821043	0.02595569938421249	0.01518255285918713	0.01861025020480156	0.02720912918448448	0.02659362368285656	0.02567868307232857	0.0210100132972002	0.0211107786744833	0.02147872559726238	0.01339377928525209	0.04876788333058357	0.02301364205777645	0.02956760115921497	0.02804193459451199	0.02709867805242538	0.02560527622699738	0.0191254373639822	0.04151450097560883	0.01720197685062885	0.02592978253960609	0.01347588188946247	0.04279332607984543	0.04205147549510002	0.04333898797631264	0.04261242970824242	0.03670573234558105	0.04071591794490814	0.03187998384237289	0.04096043482422829	0.04855623468756676	0.03430720046162605	0.01898390613496304	0.02745926752686501	0.1163973286747932	0.1112641245126724	0.03123445995151997	0.02449902333319187	0.08714255690574646	0.03109607473015785	0.04282210767269135	0.0462280847132206	0.05369791388511658	0.04524622112512589	0.04635167494416237	0.04698885232210159	0.04269907623529434	0.04627435281872749	0.01980978064239025	0.04876788333058357	0.01599753461778164	0.04546358436346054	0.02176670543849468	0.03937996923923492	0.01644876599311829	0.02685264497995377	0.03851452469825745	0.01530642341822386	0.04536533355712891	0.04337612167000771	0.03639916703104973	0.05732941254973412	0.02731996029615402	0.03684217110276222	0.02881138026714325	0.04145731776952744	0.03720619529485703	0.04617705568671227	0.04475044459104538	0.04427015036344528	0.04282719641923904	0.04364236816763878	0.02252690307796001	0.03004115447402	0.04560163617134094	0.01676639728248119	0.04193365946412086	0.0425833985209465	0.02656458131968975	0.02585522085428238	0.02732899226248264	0	0.012134725227952	0.01265970896929502	0.02306202612817287	0.0143514908850193	0.01951100677251816	0.01862633042037487	0.03843091800808907	0.02315820194780827	0.02038640715181828	0.02713429369032383	0.02641821280121803	0.01384190283715725	0.01999114826321602	0.01326975971460342	0.03590910136699677	0.01928702928125858	0.01860786788165569	0.03216871991753578	0.02388371899724007	0.04661889374256134	0.02277087047696114	0.03430980071425438	0.009374066255986691	0.02466684579849243	0.1354465335607529	0.1429301798343658	0.03694875538349152	0.02493604458868504	0.05284350737929344	0.1224224418401718	0.0121007626876235	0.01932183466851711	0.02075467444956303	0.02524873800575733	0.01755766943097115	0.02087467908859253	0.09442366659641266	0.02829925715923309	0.03878309577703476	0.009908988140523434	0.09181899577379227	0.027045838534832	0.1276317983865738	0.01473554968833923	0.02829441055655479	0.01846973225474358	0.02007440663874149	0.1418903321027756
S2017t3F_E11-T3b-Female	0.06590688228607178	0.05868329852819443	0.04465869069099426	0.05055703595280647	0.02571853995323181	0.01326089911162853	0.02258333750069141	0.06288103759288788	0.04562587663531303	0.06491690874099731	0.07641493529081345	0.03563558682799339	0.01628422364592552	0.01267745159566402	0.02673245593905449	0.03117881529033184	0.03219137713313103	0.03329463303089142	0.01957832835614681	0.04522969573736191	0.01203951984643936	0.009704606607556343	0.02423541806638241	0.0420449823141098	0.01581801101565361	0.01896436884999275	0.02989165112376213	0.03315472230315208	0.02429577708244324	0.01288711186498404	0.02851867116987705	0.03566962853074074	0.03706805780529976	0.03260156884789467	0.04533437639474869	0.0448542982339859	0.04441818967461586	0.02148616313934326	0.04474961385130882	0.01867389306426048	0.01056751888245344	0.0125820878893137	0.01165668666362762	0.0248472522944212	0.01298443228006363	0.01828744076192379	0.03079809993505478	0.03713192790746689	0.03473725914955139	0.04231637716293335	0.02681208401918411	0.03466972708702087	0.01558679435402155	0.02827511355280876	0.01320070866495371	0.04066199064254761	0.01163323409855366	0.0320320762693882	0.04602587595582008	0.03619755432009697	0.03231137618422508	0.04440286010503769	0.008496684953570366	0.04076307639479637	0.01014965586364269	0.02256674133241177	0.007530257105827332	0.02578960545361042	0.03367958217859268	0.03508267179131508	0.02293667569756508	0.01578502357006073	0.02147502452135086	0.01596205867826939	0.008063375018537045	0.04602587595582008	0.02782391011714935	0.02682559378445148	0.03372805193066597	0.0330694355070591	0.03371717408299446	0.013900444842875	0.03877249732613564	0.02240775898098946	0.02574914321303368	0.01086735352873802	0.03812313824892044	0.03766593337059021	0.03952273353934288	0.03901294618844986	0.03914205357432365	0.04639849066734314	0.03777308017015457	0.04490448161959648	0.04538292437791824	0.0368523895740509	0.02125426009297371	0.0352482981979847	0.1135995462536812	0.1078193932771683	0.0422949343919754	0.0309346541762352	0.08748748898506165	0.03865503147244453	0.03943314403295517	0.04283912107348442	0.05393728613853455	0.04893354326486588	0.04360967129468918	0.0442468449473381	0.03796457871794701	0.04310104250907898	0.01434304378926754	0.04602587595582008	0.008633045479655266	0.04272158071398735	0.02538282051682472	0.03642859682440758	0.02669238485395908	0.03402598574757576	0.03469826653599739	0.02205687016248703	0.04240768402814865	0.03998716175556183	0.03301020711660385	0.05394044890999794	0.02807800658047199	0.0340016707777977	0.03598471730947495	0.03807349875569344	0.0360218919813633	0.04343505203723907	0.04179278761148453	0.04102785140275955	0.03943824023008347	0.0402534119784832	0.01871064305305481	0.02572973631322384	0.04164339601993561	0.02613220736384392	0.03790478408336639	0.03941615298390388	0.03240912780165672	0.03285591676831245	0.03292543441057205	0.012134725227952	0	0.00476656062528491	0.02149034291505814	0.005196886137127876	0.01501555647701025	0.02548504620790482	0.03596475720405579	0.02773460373282433	0.02713244222104549	0.03852368518710136	0.03512193635106087	0.02512316033244133	0.02699185162782669	0.008877983316779137	0.03230752050876617	0.02322900854051113	0.01449946593493223	0.03916941583156586	0.03280006349086761	0.04322993382811546	0.0325518324971199	0.04601722955703735	0.02087097056210041	0.01915721036493778	0.132648766040802	0.1397010982036591	0.04465869069099426	0.01956521160900593	0.05227900296449661	0.1196246594190598	0.01687109284102917	0.01294995192438364	0.0155296828597784	0.02316645719110966	0.01292625162750483	0.01564968936145306	0.09162589907646179	0.0369834303855896	0.04548250511288643	0.01643474027514458	0.08902121335268021	0.02646495774388313	0.1254274398088455	0.02341971173882484	0.04000183567404747	0.02686221897602081	0.01484941318631172	0.1390925645828247
S2017t3F_E13-T3a-Female	0.06777551770210266	0.06055192649364471	0.04571521654725075	0.05242566019296646	0.02361319400370121	0.01115555595606565	0.0236398708075285	0.06474966555833817	0.04668240249156952	0.06707721203565598	0.07828355580568314	0.03531923890113831	0.01417888328433037	0.01288605760782957	0.02899296209216118	0.03223535045981407	0.03314365446567535	0.03393645584583282	0.02177342958748341	0.04501760005950928	0.01239670254290104	0.0120408795773983	0.02459963969886303	0.04183288291096687	0.01759048737585545	0.01907932199537754	0.03011085465550423	0.03337392956018448	0.02386853657662868	0.01267501153051853	0.03178582340478897	0.03672616183757782	0.0386938750743866	0.0356505885720253	0.04512228071689606	0.04464219883084297	0.04420609027147293	0.02127406001091003	0.04453751817345619	0.01760121993720531	0.0111967520788312	0.01004944462329149	0.009970379061996937	0.02680011838674545	0.01077484153211117	0.01923972368240356	0.0305859912186861	0.03691983222961426	0.03452516347169876	0.04210428148508072	0.02701401337981224	0.03445762768387794	0.0134814539924264	0.02928914502263069	0.01624973863363266	0.04044988751411438	0.01477156579494476	0.03181997686624527	0.04581377655267715	0.03598545119166374	0.03209927678108215	0.04419076070189476	0.007391928695142269	0.04098228365182877	0.01005128212273121	0.02406784892082214	0.005823287647217512	0.02809909172356129	0.03346748650074005	0.03690682351589203	0.02272457629442215	0.01367967948317528	0.02126292511820793	0.01414839457720518	0.005103428848087788	0.04581377655267715	0.02912593446671963	0.0266134962439537	0.03436987474560738	0.03342662006616592	0.03491568565368652	0.0117951026186347	0.03856039792299271	0.02209141105413437	0.02649242617189884	0.01012771390378475	0.04090547561645508	0.04016362130641937	0.04145113751292229	0.03944266214966774	0.03925700858235359	0.04682821780443192	0.0392741821706295	0.04640557989478111	0.04538647457957268	0.0370715968310833	0.02310719341039658	0.03524670377373695	0.1154681742191315	0.1101193353533745	0.04367851838469505	0.03114019334316254	0.08935610204935074	0.03992722555994987	0.03965235128998756	0.04305832460522652	0.05436700582504272	0.04904849454760551	0.04339757189154625	0.04403474554419518	0.03974497690796852	0.04310459643602371	0.01612344197928905	0.04581377655267715	0.005254443269222975	0.04250947758555412	0.02599293179810047	0.03621649742126465	0.02814496494829655	0.03542283922433853	0.0366266742348671	0.02388102933764458	0.04219558462500572	0.04148826375603676	0.03322941064834595	0.05415965616703033	0.02968538179993629	0.03582582622766495	0.03609967604279518	0.03828756511211395	0.03602544963359833	0.04322295635938644	0.0415806882083416	0.0411003939807415	0.03965744376182556	0.04175451770424843	0.02063904888927937	0.02815330028533936	0.04243188723921776	0.02484509721398354	0.0398331880569458	0.03920405358076096	0.03430531546473503	0.03446745499968529	0.0347495935857296	0.01265970896929502	0.00476656062528491	0	0.02167731709778309	0.006559653207659721	0.01508809719234705	0.02595666609704494	0.03586195036768913	0.02870347909629345	0.02895660139620304	0.03862136602401733	0.03523689135909081	0.02628595754504204	0.02860338985919952	0.008665884844958782	0.03252672031521797	0.02313134074211121	0.01713332906365395	0.04078094288706779	0.03291501104831696	0.04344913363456726	0.03180519863963127	0.04696949943900108	0.02203377149999142	0.01733651198446751	0.1345173865556717	0.1417853683233261	0.04571521654725075	0.01760570891201496	0.0541476272046566	0.1214932948350906	0.01792762614786625	0.012248570099473	0.01342433970421553	0.02211643755435944	0.01705099642276764	0.0135443452745676	0.09349454194307327	0.03803995251655579	0.04713598266243935	0.01749127730727196	0.09088985621929169	0.02809077501296997	0.1272960752248764	0.02447624690830708	0.0409541092813015	0.02821042947471142	0.01274407189339399	0.1409611850976944
S2017t3F_E13-T3b-Female	0.06611339747905731	0.0711962878704071	0.04752261936664581	0.06319314986467361	0.04529052600264549	0.03283287212252617	0.03872648254036903	0.07406778633594513	0.04848979786038399	0.06483896821737289	0.07349888980388641	0.01759830676019192	0.03585619851946831	0.02210001461207867	0.02854278683662415	0.03488076850771904	0.03383869305253029	0.03191094845533371	0.02608818560838699	0.02903967350721359	0.01555642485618591	0.03033900260925293	0.008328839205205441	0.02585495635867119	0.02387902699410915	0.008939874358475208	0.01496819872409105	0.01388138718903065	0.02113021723926067	0.01666955277323723	0.03238479793071747	0.03825519979000092	0.03993827104568481	0.03689499199390411	0.02914435602724552	0.02866427414119244	0.02822816371917725	0.01240839529782534	0.02855959162116051	0.01966557651758194	0.02410797961056232	0.03172676265239716	0.0199325755238533	0.02677921019494534	0.02896614372730255	0.03005226328969002	0.02078061550855637	0.01856832578778267	0.01589522324502468	0.02612635493278503	0.02854305319488049	0.01638456247746944	0.03383275866508484	0.04327990114688873	0.02149402350187302	0.02447196468710899	0.02039617672562599	0.01948150433599949	0.02983585558831692	0.01735551655292511	0.02552089467644691	0.02821283601224422	0.02835330180823803	0.02392609976232052	0.02073919959366322	0.01786481775343418	0.02656901255249977	0.02786355279386044	0.02016899734735489	0.02693476900458336	0.01307009346783161	0.03535699844360352	0.006174639333039522	0.03567986935377121	0.0267807487398386	0.02983585558831692	0.02564995735883713	0.01063557248562574	0.02075438387691975	0.02866639941930771	0.03616008907556534	0.03347241878509521	0.02258247509598732	0.01583131588995457	0.03276891633868217	0.02572922594845295	0.03125607967376709	0.03051422536373138	0.03208638355135918	0.02836871147155762	0.01913181878626347	0.04085342213511467	0.03359188884496689	0.03898812085390091	0.02919289842247963	0.01764175668358803	0.0201755166053772	0.02921134419739246	0.1114542111754417	0.1054584011435509	0.0437266044318676	0.02036787010729313	0.08324701339006424	0.04124061763286591	0.02450615540146828	0.02600214630365372	0.03527588024735451	0.03547311201691628	0.02741964906454086	0.02805682085454464	0.02348240651190281	0.02691102214157581	0.02397890947759151	0.02983585558831692	0.02266440168023109	0.02653155475854874	0.006878477055579424	0.03076117672026157	0.02844446152448654	0.02257207408547401	0.02726192399859428	0.01657253690063953	0.02621765434741974	0.03212351724505424	0.0161732342094183	0.03775042667984962	0.01683461293578148	0.02558957412838936	0.01555747725069523	0.0220939889550209	0.01784286089241505	0.02724502980709076	0.02560276351869106	0.02483782730996609	0.02260126359760761	0.03238976374268532	0.02121618017554283	0.01850390806794167	0.02573801390826702	0.02468965575098991	0.03046843782067299	0.02322613261640072	0.02031941898167133	0.02417762763798237	0.02189882844686508	0.02306202612817287	0.02149034291505814	0.02167731709778309	0	0.02051454596221447	0.01352230459451675	0.01835695281624794	0.01736661978065968	0.0104404566809535	0.01610583253204823	0.03931640088558197	0.0158738549798727	0.03078781627118587	0.02044441364705563	0.01449868734925985	0.02017085812985897	0.007824965752661228	0.01507151685655117	0.03440588340163231	0.01450932584702969	0.02703990787267685	0.02919289283454418	0.04766455292701721	0.03116714954376221	0.03872919082641602	0.1305034309625626	0.1375557631254196	0.04752261936664581	0.03913718461990356	0.05910138413310051	0.1174793243408203	0.03238189592957497	0.02959508262574673	0.03510165587067604	0.04064328595995903	0.02436705306172371	0.03522166237235069	0.09011290222406387	0.03956899791955948	0.04980659857392311	0.02566991560161114	0.09066992998123169	0.03745029866695404	0.1226886957883835	0.03117258660495281	0.04164915904402733	0.0302259735763073	0.03442138433456421	0.1369472295045853
S2017t3F_E14-T3a-Female	0.06633619219064713	0.0573323555290699	0.0465727411210537	0.05039291456341743	0.02563857473433018	0.01436776388436556	0.02449738793075085	0.06153009086847305	0.04753992334008217	0.06563121825456619	0.07691382616758347	0.03488149866461754	0.01620425470173359	0.0142610901966691	0.02953952737152576	0.03309287130832672	0.03483544290065765	0.030599569901824	0.02206742390990257	0.04196535050868988	0.01099076680839062	0.01090220734477043	0.02283410727977753	0.03878063336014748	0.01772517710924149	0.01821028254926205	0.02861631475389004	0.03186508640646935	0.0240858681499958	0.0123596303164959	0.03192203491926193	0.03779244050383568	0.03947551921010017	0.03643223643302917	0.04207003489136696	0.04158995300531387	0.04115384072065353	0.01822181418538094	0.0414852686226368	0.01899903826415539	0.01226303447037935	0.01207482162863016	0.008178569376468658	0.02777595445513725	0.01541472971439362	0.02093150839209557	0.02952275983989239	0.03585658967494965	0.03346192836761475	0.03905203193426132	0.02850760146975517	0.03339438885450363	0.01749583892524242	0.02649687044322491	0.01703137718141079	0.03739764168858528	0.01381150633096695	0.03075674176216125	0.04276153072714806	0.03492221981287003	0.03103603981435299	0.04113851115107536	0.00870135985314846	0.03685177490115166	0.0100178150460124	0.01779283583164215	0.006917068734765053	0.0288602951914072	0.03240424767136574	0.03324632346630096	0.0196723323315382	0.01570505648851395	0.02019968815147877	0.01602793112397194	0.008219112642109394	0.04276153072714806	0.0288326870650053	0.02422425337135792	0.03343899920582771	0.03226450458168983	0.0356973297894001	0.01382047869265079	0.03617115691304207	0.0216536708176136	0.02790813334286213	0.01308843679726124	0.03434582427144051	0.0336039662361145	0.03517612814903259	0.03444955870509148	0.03774101287126541	0.04527389258146286	0.03538959473371506	0.04198036342859268	0.04211857542395592	0.0345056839287281	0.02206025086343288	0.03449622541666031	0.1122485920786858	0.1062527969479561	0.04472335055470467	0.0297637265175581	0.08770789951086044	0.04077784717082977	0.0346592478454113	0.03806521371006966	0.05265681818127632	0.04666990414261818	0.04034532606601715	0.04098249599337578	0.03640808165073395	0.03983669728040695	0.01397898327559233	0.04276153072714806	0.006430869922041893	0.03945723548531532	0.0248392540961504	0.03316425532102585	0.02933645807206631	0.03176234290003777	0.03209467604756355	0.02022052556276321	0.03914333134889603	0.03521325811743736	0.02823630720376968	0.05067610368132591	0.02602487988770008	0.03216532617807388	0.0345836766064167	0.03568266704678535	0.03474655747413635	0.04017070680856705	0.0385284423828125	0.03776350617408752	0.03552693873643875	0.03547950461506844	0.01436403673142195	0.02316500432789326	0.03866368904709816	0.02845664322376251	0.03355817869305611	0.03615180775523186	0.03099803067743778	0.03144481405615807	0.03108909539878368	0.0143514908850193	0.005196886137127876	0.006559653207659721	0.02051454596221447	0	0.0117512084543705	0.02457823790609837	0.03584642708301544	0.02604024857282639	0.02529610134661198	0.04074044898152351	0.03415220603346825	0.02797773852944374	0.02558074146509171	0.008019648492336273	0.02753361687064171	0.02139060758054256	0.01773079670965672	0.03775832056999207	0.03053641878068447	0.03996558487415314	0.03318074345588684	0.04866128787398338	0.02372555807232857	0.01907724887132645	0.1312978118658066	0.1383501440286636	0.0465727411210537	0.019485242664814	0.05291706696152687	0.1182737201452255	0.0187851432710886	0.01395952794700861	0.0154497167095542	0.02465784177184105	0.01528089120984077	0.01556972321122885	0.09027493745088577	0.03910624235868454	0.04681447148323059	0.01813990622758865	0.08767024427652359	0.02859402075409889	0.1258567422628403	0.02554253116250038	0.0426458977162838	0.02913087420165539	0.01529323402792215	0.1377416253089905
S2017t3F_E14-T3b-Female	0.06906577944755554	0.05767406523227692	0.05047500878572464	0.05263799056410789	0.03176828101277351	0.02227771282196045	0.03113832883536816	0.06102431565523148	0.05144213512539864	0.06813929229974747	0.07777099311351776	0.02574487216770649	0.0223338957875967	0.01890452578663826	0.03427606821060181	0.0371343120932579	0.03957197070121765	0.02252680994570255	0.02649271860718727	0.03021421656012535	0.0111456960439682	0.016816770657897	0.01279353629797697	0.0270294938236475	0.02269881591200829	0.01279072929173708	0.02078297175467014	0.02380664274096489	0.02477849088609219	0.01262495294213295	0.03603307530283928	0.04190348461270332	0.04380220547318459	0.04054326936602592	0.03031889908015728	0.0298388134688139	0.02940270304679871	0.008971840143203735	0.02973413281142712	0.02055591531097889	0.01721577718853951	0.01820452511310577	0.006410341244190931	0.03315944597125053	0.02415887452661991	0.02566797472536564	0.02442889101803303	0.0260944627225399	0.0236997939646244	0.02887224592268467	0.03219133242964745	0.02363226376473904	0.02561455219984055	0.03174667805433273	0.02114241197705269	0.02564649842679501	0.01534381415694952	0.0231297817081213	0.03101039305329323	0.02516009099781513	0.0291691068559885	0.02938737347722054	0.0161410216242075	0.02639454416930676	0.01551596447825432	0.01674423739314079	0.01516579743474722	0.03402813524007797	0.02423427626490593	0.03481223806738853	0.007921192795038223	0.0224977619946003	0.0104375584051013	0.0221575666218996	0.01591052487492561	0.03101039305329323	0.02972953952848911	0.01446212455630302	0.02566030062735081	0.03231461718678474	0.03980836644768715	0.01995018310844898	0.02703452482819557	0.02041230909526348	0.032752376049757	0.02078583464026451	0.03329721838235855	0.03307915478944778	0.03412752971053123	0.03040985390543938	0.02989829331636429	0.04623301699757576	0.03853407874703407	0.04440686851739883	0.03079874068498611	0.02687861584126949	0.02520715072751045	0.0339021198451519	0.1109011024236679	0.1057679280638695	0.05032248795032501	0.02401614747941494	0.08793173730373383	0.04532019048929214	0.02591915056109428	0.02847059071063995	0.04375728964805603	0.0456719845533371	0.02859418466687202	0.0292313564568758	0.02465694397687912	0.02851686254143715	0.01265660487115383	0.03101039305329323	0.01067667081952095	0.02770609222352505	0.01634957641363144	0.02325229905545712	0.03450429067015648	0.03332818672060966	0.03366058319807053	0.0235996562987566	0.02760783955454826	0.034164659678936	0.01864160969853401	0.03957191482186317	0.02759079076349735	0.03373123705387115	0.02674095146358013	0.02645609341561794	0.02541572973132133	0.02908257022500038	0.02720219828188419	0.02821702137589455	0.02559348940849304	0.03443090245127678	0.0143630113452673	0.02368776127696037	0.02755950391292572	0.03276175633072853	0.03250957652926445	0.02461328916251659	0.03341441974043846	0.03386120870709419	0.0326550081372261	0.01951100677251816	0.01501555647701025	0.01508809719234705	0.01352230459451675	0.0117512084543705	0	0.0272977240383625	0.02799158915877342	0.0211966335773468	0.0268620103597641	0.04504967480897903	0.02587817423045635	0.03292986005544662	0.02981042303144932	0.00708521855995059	0.02221200242638588	0.01910668425261974	0.02074308693408966	0.0437719002366066	0.02526550553739071	0.0288613960146904	0.03492610529065132	0.05339783430099487	0.02846208959817886	0.02520694769918919	0.131206750869751	0.1374339610338211	0.05047500878572464	0.0275343731045723	0.05516153946518898	0.1169262155890465	0.02493298798799515	0.02005086652934551	0.02342925220727921	0.03235890716314316	0.01857874356210232	0.0228862538933754	0.0901142805814743	0.04321727901697159	0.05092544108629227	0.02253043465316296	0.08632277697324753	0.03361259773373604	0.1262894719839096	0.02965356223285198	0.04738243669271469	0.03324184566736221	0.02341188117861748	0.1363941133022308
S2017t3F_E16-T3a-Female	0.05440451204776764	0.07747402042150497	0.03505384549498558	0.06808305531740189	0.04956986010074615	0.03711221367120743	0.03825850412249565	0.08103941380977631	0.03602102771401405	0.05278066173195839	0.06745481491088867	0.0300567839294672	0.04013553634285927	0.01943426392972469	0.0121849961578846	0.02429432980716228	0.02029477991163731	0.04343722760677338	0.02198920026421547	0.04149815812706947	0.02083303593099117	0.03433371335268021	0.02096320688724518	0.03831343725323677	0.01664196886122227	0.01633014716207981	0.01726127602159977	0.02435084991157055	0.01050537917762995	0.0182527843862772	0.01830920204520226	0.02446424961090088	0.0258626788854599	0.02281939424574375	0.04160283878445625	0.04112275689840317	0.04068664461374283	0.02133224345743656	0.04101807624101639	0.01441398542374372	0.02175729349255562	0.03600610792636871	0.02794790454208851	0.01396779716014862	0.03063097968697548	0.01864454336464405	0.01436193473637104	0.02893166244029999	0.01938317902386189	0.03858483210206032	0.0168403722345829	0.02308140695095062	0.0381121039390564	0.04769105464220047	0.0237794853746891	0.03693044558167458	0.02568173594772816	0.01329527050256729	0.04229433834552765	0.02185795642435551	0.01471128221601248	0.04067131504416466	0.03234800323843956	0.03638458251953125	0.02501855045557022	0.02917135506868362	0.03084835410118103	0.01337181590497494	0.01539484225213528	0.01333079300820827	0.03100180812180042	0.03963634371757507	0.02010663971304893	0.03981337323784828	0.03106009587645531	0.04229433834552765	0.0126500753685832	0.02793494053184986	0.01503206137567759	0.01587271131575108	0.02208449319005013	0.03775176033377647	0.0350409522652626	0.01347223296761513	0.03188968449831009	0.02728683687746525	0.03680473938584328	0.03606289625167847	0.03791970014572144	0.03462931886315346	0.02893828041851521	0.03205981478095055	0.02844627201557159	0.03594052791595459	0.04165138304233551	0.02632409147918224	0.01468448527157307	0.01557614468038082	0.1149024963378906	0.1105858832597733	0.02597414329648018	0.01334790140390396	0.08606643229722977	0.02828497067093849	0.03672321885824203	0.03824497759342194	0.04636175930500031	0.03726310655474663	0.03987812995910645	0.04051529988646507	0.03565624356269836	0.03936950489878654	0.02768745273351669	0.04229433834552765	0.02779834717512131	0.03899003937840462	0.01509866304695606	0.0451260581612587	0.01132052298635244	0.02143334969878197	0.03309522569179535	0.01136863045394421	0.03951358422636986	0.03795681893825531	0.02967223525047302	0.05020890757441521	0.02211002446711063	0.03142287582159042	0.02104392275214195	0.03455246984958649	0.03030134178698063	0.03970351442694664	0.0380612425506115	0.03729630634188652	0.03505974262952805	0.03822306543588638	0.02620379999279976	0.02666573226451874	0.03791185095906258	0.009682444855570793	0.03630174323916435	0.03568461537361145	0.01873443275690079	0.01133768912404776	0.02190969325602055	0.01862633042037487	0.02548504620790482	0.02595666609704494	0.01835695281624794	0.02457823790609837	0.0272977240383625	0	0.03003446571528912	0.01502453628927469	0.01580456085503101	0.02156394347548485	0.01102590747177601	0.016414949670434	0.005473614204674959	0.02176914177834988	0.02834146469831467	0.01338625978678465	0.02068260498344898	0.01699482835829258	0.01241459138691425	0.03949838504195213	0.01186773460358381	0.02991208992898464	0.01888792403042316	0.04300852492451668	0.1339517086744308	0.1410040408372879	0.03505384549498558	0.04341653361916542	0.06399130076169968	0.1217650920152664	0.02716660313308239	0.03387443348765373	0.0393809974193573	0.04387505725026131	0.02836175635457039	0.03950100392103195	0.09903441369533539	0.02773557603359222	0.04354747757315636	0.02209248393774033	0.099591463804245	0.04050173610448837	0.126136988401413	0.02285486645996571	0.02431542612612247	0.02176241762936115	0.03870072960853577	0.1403955072164536
S2017t3F_E17-T3b-Female	0.06443580240011215	0.07524875551462173	0.05471253767609596	0.06724558770656586	0.04934294894337654	0.04701750725507736	0.04337233304977417	0.07812023907899857	0.04892491921782494	0.0624612458050251	0.07213936001062393	0.01130824163556099	0.0500408411026001	0.03653175756335258	0.03968944773077965	0.04332773759961128	0.04746760427951813	0.03624802827835083	0.03464556485414505	0.0225411131978035	0.02978806011378765	0.04409533739089966	0.01748514361679554	0.01935639232397079	0.03944261744618416	0.02428676933050156	0.02373220026493073	0.01176636014133692	0.03281614184379578	0.03151719644665718	0.03992895036935806	0.04551471769809723	0.04748242720961571	0.04443915188312531	0.02264579385519028	0.02216571196913719	0.02172960340976715	0.02312599122524261	0.02206103131175041	0.03186163306236267	0.03895562142133713	0.04591140151023865	0.03411721810698509	0.03927334398031235	0.04409739002585411	0.04542115703225136	0.02539600431919098	0.01259354595094919	0.01792602986097336	0.01962778903543949	0.0361168272793293	0.01443609315901995	0.03788520023226738	0.04733234271407127	0.03638866171240807	0.0179734006524086	0.0343901626765728	0.02674102410674095	0.02333729155361652	0.01650627888739109	0.03278040885925293	0.02171427197754383	0.04303823783993721	0.01829013973474503	0.03535513579845428	0.02886548824608326	0.04146959260106087	0.03613846376538277	0.02742852084338665	0.03557814657688141	0.02202602103352547	0.04954163357615471	0.01999780163168907	0.05001034960150719	0.04096538573503494	0.02333729155361652	0.03319411352276802	0.01415908522903919	0.02806089632213116	0.03597290813922882	0.04370424896478653	0.04765705391764641	0.01608390919864178	0.02646025456488132	0.04051657766103745	0.03740149363875389	0.03231428191065788	0.03157243132591248	0.03285994753241539	0.02893175557255745	0.006904376205056906	0.03926313668489456	0.03581159934401512	0.03937669470906258	0.02269433997571468	0.01500231772661209	0.03036760352551937	0.03625782206654549	0.1126956045627594	0.1015059277415276	0.05170102417469025	0.02804640308022499	0.07761307805776596	0.03836792707443237	0.02034794166684151	0.02079348638653755	0.02824839949607849	0.03003600426018238	0.02092108689248562	0.02155825681984425	0.01726848445832729	0.02041245810687542	0.03647813200950623	0.02333729155361652	0.03642800450325012	0.02003299258649349	0.01737371273338795	0.03468181192874908	0.03828993439674377	0.02131831645965576	0.0280354842543602	0.03038366883993149	0.01137961354106665	0.02951967157423496	0.0156175410374999	0.02133530750870705	0.01927581243216991	0.02646737918257713	0.01301151979714632	0.01538490876555443	0.008253905922174454	0.02074646577239037	0.01910419762134552	0.01862390339374542	0.01696530357003212	0.02640851587057114	0.03037365525960922	0.02143257111310959	0.01973974332213402	0.0377558059990406	0.03124199993908405	0.01672756858170033	0.02583620510995388	0.03409446403384209	0.02596292085945606	0.03843091800808907	0.03596475720405579	0.03586195036768913	0.01736661978065968	0.03584642708301544	0.02799158915877342	0.03003446571528912	0	0.01871445961296558	0.02579595148563385	0.04709717258810997	0.02365862391889095	0.04364203661680222	0.03183954209089279	0.02868332900106907	0.02220910973846912	0.02364226058125496	0.02606295794248581	0.04052233695983887	0.02230241522192955	0.02075699530541897	0.03697365522384644	0.05544530972838402	0.04611501097679138	0.04982106760144234	0.1223255470395088	0.1293778866529465	0.05471253767609596	0.04333546385169029	0.06381683051586151	0.1111985221505165	0.04715994745492935	0.03730956465005875	0.04928629100322723	0.04521951079368591	0.03883633762598038	0.04940629750490189	0.09160487353801727	0.04049037396907806	0.05452203378081322	0.04037834331393242	0.09250885993242264	0.04210180416703224	0.1145108416676521	0.04264283180236816	0.05006226897239685	0.04521945863962173	0.04522862657904625	0.1287693530321121
S2017t3F_E19-T3a-Female	0.06155466288328171	0.07652150094509125	0.04254089295864105	0.06851834058761597	0.05061571300029755	0.03815807402133942	0.04049119353294373	0.07939299196004868	0.04350807517766953	0.05971141159534454	0.06936296820640564	0.01724517717957497	0.04118139669299126	0.0234471932053566	0.02427575923502445	0.03108584880828857	0.03267018496990204	0.0366668701171875	0.02315392158925533	0.02868655323982239	0.02059698663651943	0.03509492054581642	0.01170544885098934	0.02550183236598969	0.02522620745003223	0.01095005590468645	0.01158363744616508	0.01153924781829119	0.01931567303836346	0.01801673322916031	0.02641626633703709	0.03285595774650574	0.03425439074635506	0.03092646412551403	0.02879123575985432	0.02831115201115608	0.02787503972649574	0.01618511974811554	0.028206467628479	0.01954506151378155	0.0254551637917757	0.0370519645512104	0.0252577792853117	0.02363269589841366	0.03167683258652687	0.03014843910932541	0.01590513810515404	0.01612005941569805	0.01199435908347368	0.02577322907745838	0.02352700009942055	0.01288872677832842	0.03915796428918839	0.04860510304570198	0.02506382204592228	0.02411883696913719	0.02515209652483463	0.01536416076123714	0.02948272973299026	0.01302436832338572	0.02012165077030659	0.02785971015691757	0.03339385986328125	0.02357297763228416	0.02606440149247646	0.01996909640729427	0.03189421072602272	0.02126951701939106	0.01647895760834217	0.01855930872261524	0.01989367790520191	0.04068220034241676	0.01294264663010836	0.04085923731327057	0.0321059487760067	0.02948272973299026	0.01982023194432259	0.0163965281099081	0.01606775633990765	0.02298251539468765	0.03047620132565498	0.03879761695861816	0.02222934551537037	0.01226840447634459	0.03208135813474655	0.02875142358243465	0.02604465000331402	0.02558744326233864	0.02744424343109131	0.0237265657633543	0.01612667366862297	0.03566780686378479	0.03114315867424011	0.03503581881523132	0.02883977629244328	0.01351248566061258	0.01642282493412495	0.02329135313630104	0.1089088022708893	0.1058653742074966	0.03707635775208473	0.01614680513739586	0.0796540230512619	0.03584136441349983	0.02345513924956322	0.02392381057143211	0.03410745039582253	0.02771646715700626	0.02706652320921421	0.02770369499921799	0.0225599966943264	0.02655789814889431	0.02758247405290604	0.02948272973299026	0.02798959612846375	0.02617843262851238	0.00664517330005765	0.03680918365716934	0.02315556257963181	0.01270090229809284	0.02261978015303612	0.0128708528354764	0.02691985853016376	0.02748137339949608	0.0170555617660284	0.03739729896187782	0.01142520923167467	0.02094742469489574	0.009975321590900421	0.02174086309969425	0.01759448833763599	0.02689190395176411	0.02524963580071926	0.02448470145463943	0.02224813401699066	0.02774761989712715	0.02251316793262959	0.01788220182061195	0.02510024607181549	0.02418405003845692	0.02603891305625439	0.02329824678599834	0.01299969851970673	0.01835362054407597	0.01202765759080648	0.02315820194780827	0.02773460373282433	0.02870347909629345	0.0104404566809535	0.02604024857282639	0.0211966335773468	0.01502453628927469	0.01871445961296558	0	0.007935418747365475	0.03287877514958382	0.01200003456324339	0.02879035100340843	0.01588933914899826	0.02046175114810467	0.01616432145237923	0.007698347326368093	0.02121101878583431	0.02858187630772591	0.005926535464823246	0.02668678387999535	0.02275525964796543	0.04101429507136345	0.0312633253633976	0.04405438899993896	0.1279580146074295	0.1350103467702866	0.04254089295864105	0.04446239024400711	0.06442657113075256	0.1159892529249191	0.03414660319685936	0.03492029011249542	0.04042685404419899	0.044920913875103	0.0291229709982872	0.04054686054587364	0.09431391954421997	0.03712211176753044	0.05115378275513649	0.02785241045057774	0.09487095475196838	0.04154759272933006	0.1201432794332504	0.03251976892352104	0.03499890863895416	0.03142732009291649	0.03974658623337746	0.1344018131494522
S2017t3F_E19-T3b-Female	0.05868948996067047	0.07421080023050308	0.04009870812296867	0.06620766222476959	0.04830503091216087	0.03584738075733185	0.03699366748332977	0.07708229869604111	0.04106589406728745	0.05756089836359024	0.06607496738433838	0.02432666905224323	0.03887071087956429	0.02165887877345085	0.02235788851976395	0.02867816388607025	0.02861648425459862	0.04247423261404037	0.02201889082789421	0.03576803952455521	0.02398319356143475	0.03363815695047379	0.01766250096261501	0.0325833223760128	0.02187415212392807	0.0163307897746563	0.01563837006688118	0.01862073689699173	0.02037929184734821	0.02083365619182587	0.02597072906792164	0.03027458861470222	0.0322423055768013	0.02919902466237545	0.03587272018194199	0.0353926420211792	0.03495653346180916	0.02198458462953568	0.03528795763850212	0.02002394013106823	0.02310036867856979	0.03602316975593567	0.03021121583878994	0.02056528441607952	0.02936614118516445	0.02609474211931229	0.02091044560074806	0.02320155128836632	0.0173195619136095	0.03285472095012665	0.02282851934432983	0.01892264746129513	0.03684727102518082	0.04800362512469292	0.02339780516922474	0.03120032697916031	0.02540453337132931	0.02047422342002392	0.03656421974301338	0.01877985708415508	0.02394980564713478	0.03494120389223099	0.03207975253462791	0.03065446764230728	0.02503561414778233	0.01570401340723038	0.03072276152670383	0.02082398161292076	0.0215890184044838	0.01318878028541803	0.02548955194652081	0.03837150707840919	0.0183233805000782	0.03884021565318108	0.03150446340441704	0.03656421974301338	0.02094509452581406	0.02242268994450569	0.0220317430794239	0.02609804831445217	0.02974602393805981	0.03648693487048149	0.02931083552539349	0.01678596250712872	0.03072124160826206	0.02771405875682831	0.0224069245159626	0.0216650702059269	0.02295258827507496	0.02350792661309242	0.02320816367864609	0.03543662652373314	0.02920708805322647	0.03337819129228592	0.03592126816511154	0.02059397846460342	0.01771289296448231	0.02637895196676254	0.1082988679409027	0.1042001247406006	0.03407798707485199	0.01927273906767368	0.0794714018702507	0.03325999900698662	0.03032727725803852	0.0288487933576107	0.04118894413113594	0.03008964098989964	0.03414801135659218	0.0347851850092411	0.0304954145103693	0.03363938629627228	0.02975363656878471	0.03656421974301338	0.03037922643125057	0.03325992077589035	0.01220549270510674	0.04218991473317146	0.02108707651495934	0.007748146075755358	0.01812812313437462	0.00821868609637022	0.03294602036476135	0.02427162230014801	0.02308172546327114	0.04447879269719124	0.008215458132326603	0.01645576953887939	0.01531380508095026	0.02882235310971737	0.02457122318446636	0.03397339582443237	0.03233112767338753	0.03185083344578743	0.02932962588965893	0.02453786693513393	0.01846469193696976	0.01346588972955942	0.03275102376937866	0.02290352620184422	0.02154725603759289	0.03037973865866661	0.007904283702373505	0.01212048530578613	0.006942587438970804	0.02038640715181828	0.02713244222104549	0.02895660139620304	0.01610583253204823	0.02529610134661198	0.0268620103597641	0.01580456085503101	0.02579595148563385	0.007935418747365475	0	0.03158960863947868	0.01669309288263321	0.02494601346552372	0.01160341687500477	0.02498788572847843	0.01680460199713707	0.01136987470090389	0.02189075760543346	0.0245052557438612	0.01061959285289049	0.03376827389001846	0.02402990497648716	0.03801592811942101	0.02720962651073933	0.04202834144234657	0.1273480802774429	0.1344004273414612	0.04009870812296867	0.04229753464460373	0.06211589649319649	0.1143239811062813	0.030649084597826	0.035458043217659	0.03811616450548172	0.04261023178696632	0.02766620367765427	0.03823617100715637	0.09264865517616272	0.03348542004823685	0.0475170835852623	0.02449414879083633	0.09320569038391113	0.03980619460344315	0.1195333525538445	0.0288830678910017	0.03200053796172142	0.02808229438960552	0.03743589296936989	0.1337918788194656
S2017t3F_E23-T3a-Female	0.06284566223621368	0.09057566523551941	0.02099829353392124	0.08118471503257751	0.05807782337069511	0.04562017321586609	0.04676647484302521	0.09414105862379074	0.0232301652431488	0.06248822063207626	0.07908825576305389	0.04351217299699783	0.04864350333809853	0.03018731810152531	0.01929274201393127	0.0263924915343523	0.01573018357157707	0.06157802790403366	0.02746971137821674	0.0530565157532692	0.03708572685718536	0.04577752575278282	0.03843816742300987	0.05240117013454437	0.02629717439413071	0.0344444178044796	0.03442498296499252	0.04014918580651283	0.02090081758797169	0.03315895795822144	0.01209896896034479	0.01309480238705873	0.01277377177029848	0.01318002305924892	0.05295183509588242	0.05257650464773178	0.05224500596523285	0.03879955783486366	0.05268118530511856	0.02634327486157417	0.03026525676250458	0.04451407864689827	0.04520008340477943	0.01727072522044182	0.03913893923163414	0.02715250104665756	0.02664974890649319	0.04049002751708031	0.03136451542377472	0.04951084777712822	0.01390640065073967	0.03527210652828217	0.04662006720900536	0.06057757884263992	0.03307187557220459	0.0518641397356987	0.0380345992743969	0.02213253080844879	0.05322035029530525	0.03299347683787346	0.01954290270805359	0.05159733444452286	0.04250249266624451	0.05176622420549393	0.0359872579574585	0.04601171985268593	0.0417841374874115	0.0139924418181181	0.02392044477164745	0.01840083114802837	0.04846912622451782	0.04814430698752403	0.03757395967841148	0.04861301928758621	0.03956805169582367	0.05322035029530525	0.02008109539747238	0.04540225863456726	0.02282769605517387	0.0150456465780735	0.008852364495396614	0.04625973105430603	0.04691768437623978	0.02861575782299042	0.03521813452243805	0.03453861922025681	0.04788260161876678	0.04714074730873108	0.04948769882321358	0.0470648966729641	0.04179069027304649	0.04566018655896187	0.04328740760684013	0.05133894458413124	0.05300870165228844	0.03896917402744293	0.0293501578271389	0.02298496849834919	0.1214628592133522	0.1245501562952995	0.005905150435864925	0.02490415424108505	0.09726682305335999	0.01741146668791771	0.05188044533133507	0.05068054795265198	0.05857336893677711	0.05053611472249031	0.05101350322365761	0.05144131928682327	0.04883921518921852	0.05188674479722977	0.04252304881811142	0.05322035029530525	0.04217181354761124	0.05181308463215828	0.03349757939577103	0.06259338557720184	0.01483357883989811	0.03309759125113487	0.0433942973613739	0.02820899896323681	0.05614124238491058	0.04825589433312416	0.04864910989999771	0.06241422519087791	0.03662614151835442	0.04172194376587868	0.03516087681055069	0.0471787266433239	0.04323378205299377	0.05062953010201454	0.04994000867009163	0.04872261732816696	0.04959967359900475	0.04894512146711349	0.04241607338190079	0.04316265881061554	0.05195114016532898	0.01505199354141951	0.04786549136042595	0.05019432306289673	0.03249641135334969	0.02777163498103619	0.03452877327799797	0.02713429369032383	0.03852368518710136	0.03862136602401733	0.03931640088558197	0.04074044898152351	0.04504967480897903	0.02156394347548485	0.04709717258810997	0.03287877514958382	0.03158960863947868	0	0.02386984974145889	0.02067421562969685	0.02359522320330143	0.03923141211271286	0.04584003984928131	0.03427672386169434	0.03612250834703445	0.02046111039817333	0.02737954258918762	0.05107135325670242	0.01012357883155346	0.008348144590854645	0.02586137503385544	0.05180112645030022	0.1411444246768951	0.1479957401752472	0.02099829353392124	0.05207033455371857	0.07709296047687531	0.133811429142952	0.0356745570898056	0.04549610614776611	0.04788895696401596	0.05238302797079086	0.04002071171998978	0.04800896719098091	0.1121360808610916	0.02437523379921913	0.05448408797383308	0.03060044720768929	0.1126931384205818	0.05000926926732063	0.1326973289251328	0.02769633196294308	0.007391504012048244	0.02141918614506721	0.04720868915319443	0.1469558924436569
S2017t3F_E23-T3b-Female	0.06058630347251892	0.08326753228902817	0.03735974431037903	0.07526437938213348	0.05736175552010536	0.04490410909056664	0.04605039954185486	0.086139015853405	0.03853629156947136	0.05861173942685127	0.07062838971614838	0.02050493285059929	0.04792743176221848	0.02722615003585815	0.02054616436362267	0.03039047308266163	0.02808665856719017	0.04448196664452553	0.02675363048911095	0.03047225065529346	0.02791230008006096	0.04269488528370857	0.01625183038413525	0.02939392626285553	0.02471849508583546	0.01769608817994595	0.01436881441622972	0.01627933792769909	0.01744266040623188	0.02476276084780693	0.02202609553933144	0.02993187494575977	0.028842618688941	0.0257993396371603	0.03057693131268024	0.03009684756398201	0.02966073900461197	0.02080321498215199	0.02999216690659523	0.02178713865578175	0.02954917773604393	0.04379799216985703	0.03200380504131317	0.02232896536588669	0.03842286020517349	0.02643642202019691	0.01299232337623835	0.01790576241910458	0.008357275277376175	0.02755892649292946	0.02209467254579067	0.01226486545056105	0.04590399190783501	0.0553511343896389	0.03214065358042717	0.02885689400136471	0.03275205194950104	0.008449644781649113	0.03126842901110649	0.01083204988390207	0.01487239357084036	0.02964540757238865	0.04070917144417763	0.02789637446403503	0.03281043097376823	0.0311152059584856	0.03892488405108452	0.01961823552846909	0.009484590962529182	0.01191951613873243	0.02546187676489353	0.04742823168635368	0.01669756136834621	0.04789694398641586	0.03885198011994362	0.03126842901110649	0.01529126055538654	0.02239501476287842	0.009553977288305759	0.01746599748730659	0.02495968155562878	0.04554365575313568	0.02411979995667934	0.01754888705909252	0.03534787148237228	0.03403190523386002	0.03383190184831619	0.03309004753828049	0.03480054438114166	0.03065989166498184	0.01844842918217182	0.03519690781831741	0.03418687731027603	0.03994636237621307	0.0306254755705595	0.01594514213502407	0.02189422957599163	0.01658357307314873	0.1131283268332481	0.1142976805567741	0.02828004769980907	0.0104886069893837	0.08787696063518524	0.03059087321162224	0.03035641275346279	0.02786602266132832	0.03533586114645004	0.03451122716069221	0.02885222248733044	0.02948939241468906	0.02583196759223938	0.02844820357859135	0.03444911539554596	0.03126842901110649	0.03473563119769096	0.02880583889782429	0.01016094908118248	0.04339450597763062	0.01758772507309914	0.0184146873652935	0.02955310046672821	0.01810689829289913	0.03291834145784378	0.03441469743847847	0.02477925829589367	0.03918300569057465	0.02172961831092834	0.02788074687123299	0.01129102800041437	0.02394954301416874	0.02011346071958542	0.02867760509252548	0.02703533507883549	0.02655504271388054	0.02572982758283615	0.03468094393610954	0.03036888875067234	0.02826613187789917	0.02829694002866745	0.01938791200518608	0.03296897560358047	0.02718708291649818	0.01759989745914936	0.01553868409246206	0.0196322537958622	0.02641821280121803	0.03512193635106087	0.03523689135909081	0.0158738549798727	0.03415220603346825	0.02587817423045635	0.01102590747177601	0.02365862391889095	0.01200003456324339	0.01669309288263321	0.02386984974145889	0	0.02420682832598686	0.01349312532693148	0.02699515596032143	0.02709780819714069	0.01617261581122875	0.0285983569920063	0.02193882316350937	0.006073500495404005	0.02847247943282127	0.01584846153855324	0.03221799060702324	0.02667980268597603	0.05108506605029106	0.132177546620369	0.1392298936843872	0.03735974431037903	0.05135426670312881	0.07117262482643127	0.1244215443730354	0.03495848178863525	0.04195095598697662	0.04717288911342621	0.05166695639491081	0.03672292083501816	0.04729289561510086	0.1027462184429169	0.03552744537591934	0.05133936926722527	0.02988437004387379	0.1033032611012459	0.04886291176080704	0.1243628039956093	0.03064675070345402	0.03020602650940418	0.02984597533941269	0.04649262502789497	0.1386213600635529
S2017t3F_E30-T3a-Female	0.05348267778754234	0.07352457195520401	0.02735946699976921	0.063785120844841	0.03998585045337677	0.02579192258417606	0.02867289818823338	0.07708995789289474	0.02832658588886261	0.05397121235728264	0.07002948969602585	0.04237813130021095	0.02959096245467663	0.01666057668626308	0.01230789814144373	0.01534182857722044	0.0106325950473547	0.04924564063549042	0.01848965138196945	0.05381950363516808	0.02507158555090427	0.03086109086871147	0.03224891796708107	0.05063479021191597	0.01129507273435593	0.02401128970086575	0.02882808074355125	0.03753474727272987	0.01462934259325266	0.02082658559083939	0.01894762180745602	0.01649152487516403	0.01846517063677311	0.01735518872737885	0.05392418429255486	0.05344410613179207	0.05300799757242203	0.03091399371623993	0.05333942547440529	0.01760353334248066	0.016972865909338	0.03122167848050594	0.03286770731210709	0.009901479817926884	0.01965909264981747	0.008099956437945366	0.02623005770146847	0.04125302284955978	0.03170453011989594	0.05090618878602982	0.01705966517329216	0.03540275990962982	0.02860844507813454	0.04824519529938698	0.01693010702729225	0.04925179854035378	0.0257022138684988	0.02310154214501381	0.05461568385362625	0.03417931124567986	0.02216060273349285	0.05299266800284386	0.02867256104946136	0.04978418722748756	0.02298167534172535	0.03472831100225449	0.02820726484060287	0.01387884560972452	0.02380722761154175	0.01863599009811878	0.03613675013184547	0.02866452373564243	0.02849438041448593	0.02934831380844116	0.02723567932844162	0.05461568385362625	0.01943333260715008	0.03729968890547752	0.02366534620523453	0.02286170050501823	0.02108951658010483	0.02912727929651737	0.0473623089492321	0.02325928583741188	0.02604354918003082	0.02217048779129982	0.04671626910567284	0.0446925200521946	0.04598003998398781	0.04803405329585075	0.04233788698911667	0.04282253608107567	0.03684912994503975	0.0465925894677639	0.05418838188052177	0.03959088027477264	0.02419503219425678	0.02291174232959747	0.1181394383311272	0.113999605178833	0.01978372223675251	0.02431192994117737	0.09176421910524368	0.02605983428657055	0.04845419526100159	0.05186023190617561	0.05877108126878738	0.05087835714221001	0.05219947919249535	0.05283665284514427	0.04854688793420792	0.05190650373697281	0.0311335064470768	0.05461568385362625	0.02941840700805187	0.05131139233708382	0.02718834020197392	0.0502610057592392	0.009344939142465591	0.03248472884297371	0.04201017692685127	0.01892269961535931	0.05120684951543808	0.04900827258825302	0.04224062338471413	0.06296155601739883	0.03274159505963326	0.04033781960606575	0.03444352746009827	0.04687895253300667	0.04283834621310234	0.05202485993504524	0.0503825955092907	0.0499023012816906	0.04845934733748436	0.04927451908588409	0.02898772247135639	0.0343976691365242	0.05123379081487656	0.01030632480978966	0.04457470402121544	0.04843120276927948	0.03176942840218544	0.02152423374354839	0.02969119139015675	0.01384190283715725	0.02512316033244133	0.02628595754504204	0.03078781627118587	0.02797773852944374	0.03292986005544662	0.016414949670434	0.04364203661680222	0.02879035100340843	0.02494601346552372	0.02067421562969685	0.02420682832598686	0	0.01779666543006897	0.02711166627705097	0.04154125228524208	0.02659409306943417	0.02591246925294399	0.02292919158935547	0.02602984756231308	0.05225104093551636	0.01631072908639908	0.02166233584284782	0.005960565060377121	0.03232135996222496	0.1370143890380859	0.1444566547870636	0.02735946699976921	0.03332536295056343	0.06004183366894722	0.124199703335762	0.01584630645811558	0.03316372632980347	0.02806070819497108	0.03498495370149612	0.02311504445970058	0.02818071283400059	0.09812031686306	0.01954643987119198	0.03937357664108276	0.01240245811641216	0.09691094607114792	0.03346410021185875	0.1290254592895508	0.008740339428186417	0.01564694568514824	0.01027873158454895	0.02772885002195835	0.1436324417591095
S2017t3M_E11-T3b-Male	0.05495335534214973	0.07702670991420746	0.0355251245200634	0.06798270344734192	0.0500800795853138	0.03762243688106537	0.03876871988177299	0.08059209585189819	0.03649230673909187	0.05340603366494179	0.06647977977991104	0.03165249526500702	0.04064575582742691	0.02122638374567032	0.01499060355126858	0.02501009963452816	0.02167649567127228	0.04689605161547661	0.02254110760986805	0.04309386759996414	0.02533094584941864	0.03541321307420731	0.02330351620912552	0.03990915045142174	0.01743682473897934	0.01855820417404175	0.01906635425984859	0.02615593001246452	0.01509700622409582	0.02218140847980976	0.0202739592641592	0.02521448396146297	0.02697283588349819	0.02392955310642719	0.04319854825735092	0.04271846637129784	0.04228236153721809	0.02356030233204365	0.04261378571391106	0.01770594529807568	0.02312210761010647	0.03737092390656471	0.03155896440148354	0.01571029797196388	0.03114119172096252	0.01915475726127625	0.01678087748587132	0.03052738308906555	0.02097889594733715	0.04018054902553558	0.0185239352285862	0.02467712014913559	0.03862231597304344	0.04935137927532196	0.02485898323357105	0.03852615877985954	0.02761285565793514	0.01531016826629639	0.04389004409313202	0.02345367148518562	0.01860097795724869	0.04226703196763992	0.03342750668525696	0.03798029571771622	0.02638336643576622	0.02624779008328915	0.03207051753997803	0.01554593909531832	0.01758396998047829	0.009791784919798374	0.03322986513376236	0.04014655575156212	0.02233469299972057	0.0406152680516243	0.03285221755504608	0.04389004409313202	0.01589375361800194	0.0301630012691021	0.01786006614565849	0.02040128223598003	0.02404925227165222	0.03826197981834412	0.03663666918873787	0.01708689145743847	0.03187230229377747	0.02801498770713806	0.03296351432800293	0.03222166746854782	0.03350918367505074	0.03363721817731857	0.03053399547934532	0.0331166684627533	0.02821290865540504	0.03506020456552505	0.04324709251523018	0.02791980281472206	0.01801382377743721	0.01963968202471733	0.1138228476047516	0.1101385802030563	0.02672352269291878	0.01410833932459354	0.08519616723060608	0.02868661843240261	0.03723438456654549	0.03725286945700645	0.04795747250318527	0.0364866591989994	0.04147384315729141	0.04211101680994034	0.03782124444842339	0.04096521437168121	0.03122301399707794	0.04389004409313202	0.03172697126865387	0.04058575257658958	0.01761136390268803	0.04735412076115608	0.01288659404963255	0.01787743903696537	0.02868472039699554	0.007590461522340775	0.04131866618990898	0.03440091013908386	0.0308220311999321	0.05180461332201958	0.01876347884535789	0.02701236307621002	0.02263963967561722	0.03614818677306175	0.03189705684781075	0.04129922389984131	0.03965695947408676	0.03917666897177696	0.03665545955300331	0.03466716036200523	0.02221626974642277	0.02296284772455692	0.0400768518447876	0.01235018763691187	0.03189123421907425	0.03728032112121582	0.01397276297211647	0.00586407445371151	0.01749918423593044	0.01999114826321602	0.02699185162782669	0.02860338985919952	0.02044441364705563	0.02558074146509171	0.02981042303144932	0.005473614204674959	0.03183954209089279	0.01588933914899826	0.01160341687500477	0.02359522320330143	0.01349312532693148	0.01779666543006897	0	0.02569777145981789	0.02755872718989849	0.01325730700045824	0.02304102294147015	0.01396147347986698	0.01271640229970217	0.0410941019654274	0.01603552140295506	0.03066146187484264	0.02026964351534843	0.0438033901154995	0.132872074842453	0.1399244070053101	0.0355251245200634	0.04407258704304695	0.06389094889163971	0.1208947971463203	0.02767681330442429	0.03680578991770744	0.03989122062921524	0.04438528418540955	0.02944125793874264	0.04001122713088989	0.09858709573745728	0.02883920073509216	0.044057697057724	0.02260269969701767	0.09914415329694748	0.04158124327659607	0.1250573396682739	0.02402808330953121	0.02527416311204433	0.02322731167078018	0.03921095281839371	0.1393158733844757
S2017t3M_E13-T3a-Male	0.06512408703565598	0.05912627279758453	0.04618635401129723	0.05036766454577446	0.03079183027148247	0.01833418756723404	0.02600803971290588	0.06269165128469467	0.0471535436809063	0.06442578136920929	0.0758477970957756	0.02686185203492641	0.02135751023888588	0.01360750943422318	0.02874244377017021	0.03270649537444115	0.03375370800495148	0.02593357861042023	0.0226283110678196	0.03701472282409668	0.007037466391921043	0.01612496189773083	0.01607297360897064	0.03383000195026398	0.01820769347250462	0.01083758473396301	0.02166061848402023	0.02492369338870049	0.02000272646546364	0.007849186658859253	0.03154194727540016	0.03712771460413933	0.03931106999516487	0.03605214133858681	0.03711940720677376	0.03663932159543037	0.03620321303606033	0.01327118091285229	0.03653464093804359	0.01675467565655708	0.01159830391407013	0.01722807623445988	0.006393906194716692	0.02762581966817379	0.01749896630644798	0.01984977535903454	0.02192011103034019	0.0282539427280426	0.02585927955806255	0.03410140052437782	0.0274155642837286	0.02593096718192101	0.01999708078801632	0.0291281696408987	0.01665129140019417	0.03244701027870178	0.01389983762055635	0.02315408922731876	0.03781089931726456	0.02731957659125328	0.02439340762794018	0.03618788346648216	0.01478620991110802	0.03319504857063293	0.01237902324646711	0.02055363543331623	0.01321756932884455	0.02849451079964638	0.02480159513652325	0.03293810784816742	0.01472169999033213	0.02085831016302109	0.01259704120457172	0.02132702432572842	0.0122820595279336	0.03781089931726456	0.02674441039562225	0.01861061714589596	0.02570399269461632	0.0278235599398613	0.03531723842024803	0.01897373236715794	0.03055751882493496	0.01459404081106186	0.02808073721826077	0.01520758867263794	0.03739126399159431	0.03664940968155861	0.03793692961335182	0.03421925008296967	0.03101527504622936	0.04357980191707611	0.03584001213312149	0.04255333915352821	0.03759925067424774	0.02869095467031002	0.02019477263092995	0.02860510721802711	0.1134101748466492	0.1082769930362701	0.04450421780347824	0.02351840771734715	0.08677429705858231	0.04054441675543785	0.03186511993408203	0.03527109697461128	0.04591677710413933	0.04379787668585777	0.03539469838142395	0.03603186830878258	0.03174209594726562	0.03531737253069878	0.01368411630392075	0.03781089931726456	0.008165713399648666	0.03450660407543182	0.01775119826197624	0.02821361646056175	0.02897066622972488	0.03145412728190422	0.03311246261000633	0.01991231553256512	0.03440834954380989	0.03797405585646629	0.02544218488037586	0.0463724285364151	0.02571666240692139	0.03185711055994034	0.0278579369187355	0.03050033375620842	0.02757521532475948	0.03522007912397385	0.03379346057772636	0.03331316635012627	0.03187021240592003	0.03824029862880707	0.0171248372644186	0.02463909052312374	0.03464465960860252	0.02651824988424778	0.03631897643208504	0.03120118193328381	0.0313996933400631	0.03156184405088425	0.03078087978065014	0.01326975971460342	0.008877983316779137	0.008665884844958782	0.01449868734925985	0.008019648492336273	0.00708521855995059	0.02176914177834988	0.02868332900106907	0.02046175114810467	0.02498788572847843	0.03923141211271286	0.02699515596032143	0.02711166627705097	0.02569777145981789	0	0.02602140232920647	0.0168073195964098	0.01650536619126797	0.03787533566355705	0.02467328123748302	0.03566190600395203	0.02910790219902992	0.04757955297827721	0.02264382690191269	0.02451514452695847	0.1324593871831894	0.1399430185556412	0.04618635401129723	0.02478434145450592	0.05142662674188614	0.1194352954626083	0.01966345310211182	0.01538103632628918	0.02060296945273876	0.02771596051752567	0.01628402061760426	0.02072297595441341	0.09143651276826859	0.03844150528311729	0.04614973440766335	0.01824140548706055	0.08883184939622879	0.0296783447265625	0.1246446594595909	0.02487780340015888	0.04156416282057762	0.02861198596656322	0.01992270164191723	0.1389031708240509
S2017t3M_E14-T3a-Male	0.06985614448785782	0.07532834261655807	0.05126536637544632	0.07029226422309875	0.04942255839705467	0.03993199020624161	0.04879267886281013	0.07819982618093491	0.05223255231976509	0.06907549500465393	0.07804756611585617	0.01770555600523949	0.03998823091387749	0.03359184041619301	0.03788058459758759	0.03981023281812668	0.04542108252644539	0.03803683444857597	0.03039606101810932	0.02057675644755363	0.02454566955566406	0.03475569188594818	0.0180783998221159	0.01739203929901123	0.03492575138807297	0.02392345853149891	0.02313503995537758	0.01878965646028519	0.02873057126998901	0.02743162959814072	0.03710807487368584	0.04269383475184441	0.04466155171394348	0.04161826521158218	0.02068143896758556	0.02020136080682278	0.01976524852216244	0.01866383850574493	0.0200966764241457	0.02694183029234409	0.03487005457282066	0.03585880249738693	0.02577382326126099	0.03653588145971298	0.04181321710348129	0.04289933666586876	0.02787952683866024	0.01965328678488731	0.02365118265151978	0.01923479326069355	0.03308644518256187	0.02145279385149479	0.04326882213354111	0.04940095171332359	0.03254074230790138	0.01600904576480389	0.0281278733164072	0.0273385513573885	0.02137293480336666	0.02351333387196064	0.03081413544714451	0.01974991895258427	0.033432986587286	0.01546318270266056	0.0277686882764101	0.01169640850275755	0.03224210813641548	0.03467182815074921	0.0288703478872776	0.02936103753745556	0.02051945403218269	0.04015203937888145	0.02097026258707047	0.03995775431394577	0.03356480225920677	0.02137293480336666	0.03037323243916035	0.01744103617966175	0.02993857488036156	0.03338968381285667	0.04088336601853371	0.03760446235537529	0.01739706844091415	0.0252117682248354	0.0363711453974247	0.03299664705991745	0.01147665083408356	0.01125858630985022	0.01202231831848621	0.008304637856781483	0.02378592453896999	0.04581331834197044	0.04076741263270378	0.04312868416309357	0.02072998508810997	0.02052602358162403	0.02752651087939739	0.03522453457117081	0.1021919846534729	0.0994194895029068	0.05025023967027664	0.0275991503149271	0.08303909748792648	0.0456792488694191	0.02231976948678493	0.01365750469267368	0.0404665581882	0.03546066209673882	0.01895673014223576	0.01959390379488468	0.01657441444694996	0.01844810508191586	0.02787178196012974	0.02137293480336666	0.02833094634115696	0.01806863769888878	0.0201837457716465	0.03775253146886826	0.03661408647894859	0.02034645527601242	0.01155537087470293	0.02398013137280941	0.01913012936711311	0.01205944456160069	0.01065363921225071	0.02928751334547997	0.01027999632060528	0.01162602473050356	0.02238791435956955	0.0163873340934515	0.0211503840982914	0.01944511570036411	0.01734909228980541	0.01864856109023094	0.01466212887316942	0.01232569105923176	0.02042043209075928	0.01564771123230457	0.01755973696708679	0.0367223359644413	0.01029757689684629	0.0149758355692029	0.01873528212308884	0.02808011695742607	0.01694235019385815	0.03590910136699677	0.03230752050876617	0.03252672031521797	0.02017085812985897	0.02753361687064171	0.02221200242638588	0.02834146469831467	0.02220910973846912	0.01616432145237923	0.01680460199713707	0.04584003984928131	0.02709780819714069	0.04154125228524208	0.02755872718989849	0.02602140232920647	0	0.02066392637789249	0.02854019962251186	0.04046487808227539	0.02123693190515041	0.01857699081301689	0.03571652248501778	0.05418818444013596	0.04401422291994095	0.04314586892724037	0.122497633099556	0.1282935440540314	0.05126536637544632	0.04533448442816734	0.0698634535074234	0.1088494434952736	0.04258725792169571	0.0379897877573967	0.04108352214097977	0.05001317709684372	0.03112360835075378	0.04054053127765656	0.09287132322788239	0.04653700441122055	0.0605686828494072	0.03531824797391891	0.09258846938610077	0.0466851219534874	0.1175803691148758	0.04193465784192085	0.04817279428243637	0.04113388434052467	0.04106622189283371	0.1276849955320358
S2017t3M_E14-T3b-Male	0.06274222582578659	0.07265032827854156	0.04415145516395569	0.06464716047048569	0.04674454033374786	0.03428690135478973	0.03662002086639404	0.0755218118429184	0.04511863738298416	0.06161363422870636	0.07012771815061569	0.02387394197285175	0.03731022775173187	0.01957601867616177	0.02378774620592594	0.03185838833451271	0.02879901044070721	0.0355769507586956	0.02478038519620895	0.03531531244516373	0.01729509793221951	0.03207767382264137	0.01393076963722706	0.03213059902191162	0.02163967862725258	0.008788089267909527	0.01409027352929115	0.0181680116802454	0.01734153181314468	0.0141455577686429	0.02888075076043606	0.03446651995182037	0.03643422946333885	0.03339095041155815	0.03541999310255051	0.03493991494178772	0.03450380638241768	0.0162256546318531	0.03483523428440094	0.01755816116929054	0.02158398367464542	0.03318078815937042	0.0226685106754303	0.02244117297232151	0.02780566364526749	0.02627727016806602	0.01870113797485828	0.02274882048368454	0.0181928388774395	0.03240199759602547	0.02503280714154243	0.01951748877763748	0.0352867878973484	0.0447339303791523	0.02204656973481178	0.03074760362505913	0.02213484607636929	0.01868392713367939	0.0361114926636219	0.01965313404798508	0.0221595149487257	0.03448847681283951	0.03009197115898132	0.0302017368376255	0.02219322696328163	0.0196225643157959	0.02830767817795277	0.02373401075601578	0.01979872770607471	0.02038552798330784	0.02061041630804539	0.03681103140115738	0.01078067533671856	0.03727973997592926	0.02823477610945702	0.0361114926636219	0.02214591391384602	0.01754355244338512	0.02024145238101482	0.02516236342489719	0.03265604749321938	0.03492644801735878	0.0288581121712923	0.01229994464665651	0.03285389021039009	0.02676452323794365	0.03203378990292549	0.03129193186759949	0.0325794517993927	0.02886177599430084	0.02275544032454491	0.03706474602222443	0.02915625460445881	0.03474083542823792	0.03546854108572006	0.0201412495225668	0.01688098348677158	0.02479716390371323	0.112899549305439	0.1069037616252899	0.03868691623210907	0.01883942820131779	0.08364477008581161	0.03745193034410477	0.02840903960168362	0.03076822310686111	0.04017892107367516	0.03192287310957909	0.0336952917277813	0.03433246165513992	0.03004268743097782	0.0331866592168808	0.02550805918872356	0.0361114926636219	0.02411842718720436	0.03280719369649887	0.00898714829236269	0.03603501617908478	0.02389892563223839	0.01783611625432968	0.02775498852133751	0.01037101354449987	0.03249328583478928	0.03261658176779747	0.02115496248006821	0.04402606561779976	0.01656042225658894	0.02608263678848743	0.01660409010946751	0.02836962416768074	0.02411849796772003	0.03352067247033119	0.03187840059399605	0.03139810636639595	0.02887689508497715	0.03288282826542854	0.02074192278087139	0.01970459520816803	0.03229829296469688	0.01922472752630711	0.03096150048077106	0.02950177155435085	0.0145923774689436	0.01635266467928886	0.01716287061572075	0.01928702928125858	0.02322900854051113	0.02313134074211121	0.007824965752661228	0.02139060758054256	0.01910668425261974	0.01338625978678465	0.02364226058125496	0.007698347326368093	0.01136987470090389	0.03427672386169434	0.01617261581122875	0.02659409306943417	0.01325730700045824	0.0168073195964098	0.02066392637789249	0	0.01670542545616627	0.02658091858029366	0.01190987508744001	0.03331554681062698	0.02415320836007595	0.04262486100196838	0.02739215455949306	0.04046784713864326	0.1319487690925598	0.1390011161565781	0.04415145516395569	0.04073704406619072	0.06055540218949318	0.118924655020237	0.03027543239295483	0.03133375197649002	0.03655568510293961	0.04104973375797272	0.026105722412467	0.03667569160461426	0.09282294660806656	0.03578031063079834	0.04728260636329651	0.0239812359213829	0.09337995946407318	0.03824570775032043	0.1241340413689613	0.02864859253168106	0.0366094745695591	0.02784781716763973	0.03587541356682777	0.1383925825357437
S2017t3M_E16-T3a-Male	0.05952490866184235	0.06413840502500534	0.04349470883607864	0.05560801923274994	0.03638730570673943	0.02754471078515053	0.02982327342033386	0.06727351993322372	0.04084683954715729	0.05810463801026344	0.06809667497873306	0.03022236004471779	0.03056803718209267	0.01660647429525852	0.0229314174503088	0.03032910451292992	0.02908125333487988	0.03265681117773056	0.02068258821964264	0.04124672710895538	0.01310488861054182	0.02035624347627163	0.01735519990324974	0.03806200623512268	0.01902217417955399	0.01345393899828196	0.02190877497196198	0.02517184428870678	0.02067278698086739	0.01569674164056778	0.02664903737604618	0.03422730043530464	0.03562572970986366	0.03087459690868855	0.04135140776634216	0.04087133333086967	0.04043522477149963	0.01962079666554928	0.0407666489481926	0.01626335084438324	0.01881982013583183	0.02643860131502151	0.02268412709236145	0.02351631596684456	0.0231860913336277	0.02559810690581799	0.02229170873761177	0.03077537938952446	0.02810227312147617	0.03833340853452682	0.02451515570282936	0.02859161235392094	0.02492955140769482	0.03543116524815559	0.01317212264984846	0.03667901828885078	0.008990203030407429	0.02647280320525169	0.04204290732741356	0.02956256829202175	0.02804295904934406	0.04041989147663116	0.02299615368247032	0.03699575364589691	0.01588234305381775	0.02155548147857189	0.02171215228736401	0.02381572313606739	0.02790516801178455	0.03005613014101982	0.02401688508689404	0.03006883710622787	0.01519435364753008	0.03024587221443653	0.02149258926510811	0.04204290732741356	0.02081348188221455	0.02284262329339981	0.025982316583395	0.02747511863708496	0.03184754401445389	0.02818425931036472	0.03478952869772911	0.01866361312568188	0.02800673246383667	0.02054516226053238	0.03563772514462471	0.03518051654100418	0.03703731670975685	0.035245630890131	0.02900341898202896	0.03679439052939415	0.02945386245846748	0.03628156706690788	0.04139995202422142	0.03071141242980957	0.0167758334428072	0.03088025189936161	0.1105876341462135	0.102090448141098	0.03963811695575714	0.02568861283361912	0.07944775372743607	0.0335976630449295	0.03205077350139618	0.03907179832458496	0.04302939772605896	0.03858783468604088	0.03962670266628265	0.04026387631893158	0.03312768042087555	0.03911807760596275	0.01562267076224089	0.04204290732741356	0.02052568644285202	0.03873860836029053	0.01885923743247986	0.03452609106898308	0.02514581009745598	0.02474194765090942	0.03221285343170166	0.01810604147613049	0.0348096564412117	0.03369703888893127	0.02924288623034954	0.04655807837843895	0.02240902371704578	0.0307489950209856	0.02608372829854488	0.03409052640199661	0.0269764456897974	0.03945208713412285	0.0378098152577877	0.03704487904906273	0.0356709212064743	0.03372563794255257	0.01836239546537399	0.01941875368356705	0.03787607699632645	0.02298615872859955	0.03541936352849007	0.03543318435549736	0.02716744691133499	0.02804451808333397	0.02768375538289547	0.01860786788165569	0.01449946593493223	0.01713332906365395	0.01507151685655117	0.01773079670965672	0.02074308693408966	0.02068260498344898	0.02606295794248581	0.02121101878583431	0.02189075760543346	0.03612250834703445	0.0285983569920063	0.02591246925294399	0.02304102294147015	0.01650536619126797	0.02854019962251186	0.01670542545616627	0	0.03248661383986473	0.0262764748185873	0.0394626148045063	0.02882459573447704	0.0444706417620182	0.02629195898771286	0.03006362728774548	0.1267041862010956	0.1337564885616302	0.04349470883607864	0.03023397549986839	0.05151625722646713	0.1136800795793533	0.02709373459219933	0.02111917361617088	0.0298134945333004	0.03174008056521416	0.01452461816370487	0.02993350103497505	0.08589083701372147	0.03192604333162308	0.04137636721134186	0.0203817542642355	0.08561042696237564	0.02826245129108429	0.1188894435763359	0.02250702492892742	0.03845525160431862	0.02562940493226051	0.02575582079589367	0.1331479847431183
S2017t3M_E17-T3b-Male	0.0574285201728344	0.08515853434801102	0.0340188704431057	0.07576758414506912	0.0571710392832756	0.04809079691767693	0.0458596907556057	0.08872392773628235	0.03202738240361214	0.05707107856869698	0.07345548272132874	0.0422343909740448	0.05111412331461906	0.03340395167469978	0.02218809723854065	0.0288630984723568	0.02144917473196983	0.05692284181714058	0.02994032576680183	0.05241106823086739	0.03727085515856743	0.04692582786083221	0.03692273423075676	0.05112338066101074	0.02875979244709015	0.0322820320725441	0.03226259350776672	0.03755549713969231	0.02263355255126953	0.03435897454619408	0.02048356272280216	0.02582553029060364	0.02484088391065598	0.02158823423087597	0.05230638757348061	0.05182630196213722	0.05159955844283104	0.03752177953720093	0.051930982619524	0.02967414818704128	0.03529967740178108	0.04954849928617477	0.0439222976565361	0.01994899474084377	0.0413719080388546	0.02962312661111355	0.02273561432957649	0.0398445762693882	0.0302960928529501	0.04928837716579437	0.02251083590090275	0.03420368954539299	0.04571328684687614	0.05815153941512108	0.03508969768881798	0.05058634281158447	0.0401981994509697	0.02106410264968872	0.0529978834092617	0.03256150707602501	0.0198858380317688	0.05137486383318901	0.04560506343841553	0.04919452220201492	0.03856093063950539	0.04020926356315613	0.0442480780184269	0.0182148776948452	0.02274726144969463	0.01237179525196552	0.04719134047627449	0.05061491951346397	0.03629617020487785	0.05108363181352615	0.04502978175878525	0.0529978834092617	0.02072680369019508	0.04412448033690453	0.0223675761371851	0.01953152194619179	0.02341714315116405	0.04958494752645493	0.04574450850486755	0.02821765094995499	0.03842981159687042	0.03914573788642883	0.04121674597263336	0.0396202951669693	0.04112143442034721	0.04274505376815796	0.03626443073153496	0.04085555672645569	0.03700711205601692	0.04385440796613693	0.05235492810606956	0.03702763840556145	0.02914457209408283	0.0238606184720993	0.1202407851815224	0.1182703822851181	0.021851921454072	0.02363655716180801	0.09355887025594711	0.02528430335223675	0.04484903439879417	0.04636071249842644	0.0536879301071167	0.0424264557659626	0.0505816750228405	0.05121884867548943	0.04756142571568489	0.05038701742887497	0.04328456148505211	0.0529978834092617	0.04390453919768333	0.05053529515862465	0.03157284110784531	0.05793819576501846	0.01879426650702953	0.02413135953247547	0.0365106537938118	0.02112463675439358	0.05127039551734924	0.0401313491165638	0.04478350281715393	0.05774442479014397	0.03082367591559887	0.03483829647302628	0.02921178564429283	0.04546963796019554	0.03911171481013298	0.05040706321597099	0.04897416010499001	0.04828449711203575	0.04702798277139664	0.04039759188890457	0.03152700886130333	0.03312819451093674	0.05002639815211296	0.01668423041701317	0.03970859199762344	0.04870392382144928	0.02222359925508499	0.01323936879634857	0.02616250701248646	0.03216871991753578	0.03916941583156586	0.04078094288706779	0.03440588340163231	0.03775832056999207	0.0437719002366066	0.01699482835829258	0.04052233695983887	0.02858187630772591	0.0245052557438612	0.02046111039817333	0.02193882316350937	0.02292919158935547	0.01396147347986698	0.03787533566355705	0.04046487808227539	0.02658091858029366	0.03248661383986473	0	0.02329829707741737	0.05020193010568619	0.01500354241579771	0.02581815049052238	0.02833199873566628	0.0508943498134613	0.1363596022129059	0.1432026028633118	0.0340188704431057	0.05116355419158936	0.07167582213878632	0.1283942759037018	0.03814518079161644	0.04560595005750656	0.0503595806658268	0.05147624760866165	0.03990961983799934	0.05047957971692085	0.106718935072422	0.02880918048322201	0.05114865675568581	0.03307106718420982	0.1072759553790092	0.04867220297455788	0.1283355057239532	0.02678954415023327	0.02380619198083878	0.0257396325469017	0.04630191251635551	0.1425940692424774
S2017t3M_E19-T3a-Male	0.06101887673139572	0.0807330384850502	0.03926637396216393	0.07272988557815552	0.0548272430896759	0.04236959666013718	0.0435158908367157	0.08360453695058823	0.0402335487306118	0.05904431268572807	0.06840815395116806	0.01893609948456287	0.04539292678236961	0.02469164878129959	0.02236918359994888	0.03047490492463112	0.02990967966616154	0.04173231869935989	0.02474672347307205	0.03037747368216515	0.0253777988255024	0.04016037285327911	0.01606599614024162	0.02782510221004486	0.02441835217177868	0.01516158413141966	0.01226161699742079	0.01449485775083303	0.01822317950427532	0.02222826145589352	0.0234389640390873	0.03071239590644836	0.03099243529140949	0.02794915996491909	0.03048215806484222	0.03000207617878914	0.0295659638941288	0.019550621509552	0.02989739179611206	0.01925264112651348	0.02701468206942081	0.04126348719000816	0.02946930564939976	0.02310948446393013	0.03588836640119553	0.02738793939352036	0.01329372357577085	0.01781098172068596	0.008786280639469624	0.02746415510773659	0.02217910066246986	0.01196072436869144	0.04336949065327644	0.05281663686037064	0.02960615791380405	0.02728806436061859	0.03021755255758762	0.01110562961548567	0.03117365576326847	0.01073727197945118	0.01656951382756233	0.02955063804984093	0.03817467391490936	0.02589624002575874	0.03027593158185482	0.02504170499742031	0.03639038279652596	0.02039875276386738	0.01256836764514446	0.01327572762966156	0.02389304898679256	0.04489372670650482	0.01672687195241451	0.045362439006567	0.03631748259067535	0.03117365576326847	0.01670411974191666	0.02082618325948715	0.01266314927488565	0.01972056739032269	0.02721425704658031	0.04300915077328682	0.02392026968300343	0.01564247906208038	0.03407792001962662	0.03212549537420273	0.0292324535548687	0.02849060297012329	0.02977811731398106	0.0260604415088892	0.01781759411096573	0.03373785316944122	0.03120221011340618	0.03631474450230598	0.03053070046007633	0.01520340982824564	0.01998781971633434	0.01914988458156586	0.1110270246863365	0.1107223182916641	0.03157712146639824	0.0125164519995451	0.08430162072181702	0.03214934840798378	0.02619285136461258	0.02583038248121738	0.03579837456345558	0.03005034290254116	0.02875744737684727	0.02939462289214134	0.02510484680533409	0.02824882045388222	0.03222889080643654	0.03117365576326847	0.0322011299431324	0.02786935493350029	0.01019025687128305	0.04059341177344322	0.01941074430942535	0.01339652482420206	0.02495365589857101	0.01363154128193855	0.03134951740503311	0.02981524914503098	0.0214852187782526	0.03908822312951088	0.0156561154872179	0.02328130044043064	0.009923237375915051	0.02343178540468216	0.0198091734200716	0.02858282998204231	0.02694055624306202	0.02646026387810707	0.02393905632197857	0.0300814937800169	0.02610289119184017	0.02240199968218803	0.02736045233905315	0.02142355218529701	0.02837278693914413	0.02583087049424648	0.01300370506942272	0.01476196013391018	0.01376811787486076	0.02388371899724007	0.03280006349086761	0.03291501104831696	0.01450932584702969	0.03053641878068447	0.02526550553739071	0.01241459138691425	0.02230241522192955	0.005926535464823246	0.01061959285289049	0.02737954258918762	0.006073500495404005	0.02602984756231308	0.01271640229970217	0.02467328123748302	0.02123693190515041	0.01190987508744001	0.0262764748185873	0.02329829707741737	0	0.0283777080476284	0.01788410171866417	0.03551506251096725	0.02850282564759254	0.0485505498945713	0.1300762593746185	0.1371285766363144	0.03926637396216393	0.04881974682211876	0.06863811612129211	0.1208461970090866	0.03361081704497337	0.03941645473241806	0.04463837668299675	0.04913244396448135	0.03418842703104019	0.0447583831846714	0.09917086362838745	0.03602961450815201	0.05006127431988716	0.02787365764379501	0.09972790628671646	0.04632840305566788	0.1222615167498589	0.03142727166414261	0.03202905133366585	0.03062649443745613	0.04395810887217522	0.1365200579166412
S2017t3M_E19-T3b-Male	0.0805659294128418	0.08603813499212265	0.05628406628966331	0.08100205659866333	0.06013234704732895	0.05064177885651588	0.05950246751308441	0.08890961855649948	0.05851593613624573	0.07893931865692139	0.08781453222036362	0.01029807515442371	0.05069802701473236	0.04430162906646729	0.04859037324786186	0.04946484789252281	0.05613087862730026	0.04703742265701294	0.03794030845165253	0.002632112009450793	0.03525545820593834	0.04546548053622246	0.02323327027261257	0.00357491010800004	0.04585118591785431	0.03249674662947655	0.03085372224450111	0.01906038634479046	0.03944035992026329	0.03814142197370529	0.04402380064129829	0.05192957818508148	0.0505220964550972	0.04695122689008713	0.002527430187910795	0.002152102068066597	0.001820603385567665	0.02489982172846794	0.002256783889606595	0.03660479933023453	0.04557984694838524	0.04656859114766121	0.03477441146969795	0.04724567383527756	0.05252300575375557	0.05360912904143333	0.03170449659228325	0.01163067948073149	0.02117916755378246	0.002255944069474936	0.04200410097837448	0.01748094335198402	0.05397861823439598	0.06011074781417847	0.04325053468346596	0.004957903642207384	0.03883767127990723	0.03020352125167847	0.002795947017148137	0.01891360245645046	0.035606749355793	0.001172929769381881	0.04414277523756027	0.004856814164668322	0.03869412839412689	0.02930703386664391	0.04316754639148712	0.04432644322514534	0.03120340593159199	0.03912405669689178	0.02268321253359318	0.05086183547973633	0.02655243687331676	0.05066754296422005	0.04427459090948105	0.002795947017148137	0.03728896379470825	0.01746829226613045	0.03153885900974274	0.03840838000178337	0.04600681364536285	0.04831425100564957	0.005208993330597878	0.03318268060684204	0.04233261942863464	0.0418221615254879	0.0204109326004982	0.02147343568503857	0.0215960331261158	0.0160767026245594	0.02111073024570942	0.05507013201713562	0.0508868396282196	0.05389505624771118	0.00215299497358501	0.01721620000898838	0.03656767308712006	0.04075871407985687	0.104088120162487	0.1103449389338493	0.05611693486571312	0.03097748756408691	0.09311651438474655	0.0506979376077652	0.02796078473329544	0.00772791774943471	0.04099627211689949	0.04455155879259109	0.001121814013458788	0.00101691426243633	0.007461671251803637	0.00156375824008137	0.03763874247670174	0.002795947017148137	0.03904073685407639	0.002454108325764537	0.02555655129253864	0.04547121003270149	0.04563193023204803	0.03298420459032059	0.02199100144207478	0.0383559875190258	0.01573896966874599	0.01983150653541088	0.01390365976840258	0.015021244995296	0.02727288566529751	0.02312708273530006	0.02183186449110508	0.005372087005525827	0.01738421618938446	0.001400841516442597	0.002494656946510077	0.002841884735971689	0.005134084727615118	0.02142496965825558	0.03440271317958832	0.03135519847273827	0.003329541999846697	0.04764474555850029	0.02071916498243809	0.004460729192942381	0.03234777599573135	0.04313965886831284	0.03182884678244591	0.04661889374256134	0.04322993382811546	0.04344913363456726	0.02703990787267685	0.03996558487415314	0.0288613960146904	0.03949838504195213	0.02075699530541897	0.02668678387999535	0.03376827389001846	0.05107135325670242	0.02847247943282127	0.05225104093551636	0.0410941019654274	0.03566190600395203	0.01857699081301689	0.03331554681062698	0.0394626148045063	0.05020193010568619	0.0283777080476284	0	0.04410529509186745	0.05920688435435295	0.05472401902079582	0.05385566502809525	0.1260669678449631	0.1301896870136261	0.05628406628966331	0.05604428052902222	0.08057326078414917	0.1195592433214188	0.05329706147313118	0.04869957268238068	0.05179332569241524	0.06072298064827919	0.04183339700102806	0.05125032737851143	0.1035811007022858	0.05724680796265602	0.07127845287322998	0.04602804034948349	0.1032982617616653	0.05739491060376167	0.1219051703810692	0.05264445394277573	0.05825024470686913	0.05184368044137955	0.05177601799368858	0.1295811384916306
S2017t3M_E23-T3a-Male	0.05640053749084473	0.08413053303956985	0.02750672213733196	0.07473958283662796	0.05371440201997757	0.04125675931572914	0.0424029752612114	0.08769592642784119	0.02847383916378021	0.05604309588670731	0.07306216657161713	0.03401674330234528	0.04428001493215561	0.02422576025128365	0.01324303820729256	0.02202907018363476	0.01223826594650745	0.05145451799035072	0.023947698995471	0.0454581119120121	0.02696221508085728	0.04012324288487434	0.02831465750932693	0.04269638285040855	0.02193375118076801	0.02432090230286121	0.02430139668285847	0.03023496456444263	0.01077730860561132	0.02303544618189335	0.01035712845623493	0.01700248382985592	0.01812625490128994	0.014936912804842	0.04556279256939888	0.04508271068334579	0.04464659839868546	0.02867604419589043	0.04497803002595901	0.01813979633152485	0.02590183168649673	0.04015064984560013	0.0350765660405159	0.012907306663692	0.03477545455098152	0.02278901636600494	0.01895040273666382	0.03289161622524261	0.02334313467144966	0.04254478961229324	0.01121894270181656	0.0270413588732481	0.04225664585828781	0.05413245409727097	0.02849330939352512	0.04174063354730606	0.03211669996380806	0.01390178222209215	0.04625429213047028	0.02581791020929813	0.01194825302809477	0.04463127255439758	0.03770878538489342	0.04206142947077751	0.03002569451928139	0.03845202177762985	0.03614014014601707	0.00823573861271143	0.0157943032681942	0.01399858016520739	0.03834560886025429	0.04378087818622589	0.02745044603943825	0.0442495234310627	0.03520464152097702	0.04625429213047028	0.01281747221946716	0.03527874872088432	0.0158616304397583	0.00933593325316906	0.01413242146372795	0.04189630597829819	0.03900090977549553	0.01932970806956291	0.03327882662415504	0.0310126505792141	0.04327084124088287	0.04252898693084717	0.04381650686264038	0.04009882733225822	0.03419212996959686	0.03808334097266197	0.03656516596674919	0.04461669921875	0.04604263976216316	0.03179360553622246	0.02134601026773453	0.01528563443571329	0.11817517131567	0.118104986846447	0.01539638359099627	0.01783127896487713	0.09082169830799103	0.02214396931231022	0.04344880953431129	0.0437144860625267	0.05118431523442268	0.04315991699695587	0.04383808001875877	0.044475257396698	0.04018548503518105	0.0437607616186142	0.03404471278190613	0.04625429213047028	0.0320483073592186	0.04294999316334724	0.02337406761944294	0.0524698793888092	0.01025501731783152	0.02733008936047554	0.03899204358458519	0.02064922638237476	0.04601773247122765	0.04385363310575485	0.0385255254805088	0.05481581762433052	0.02906642854213715	0.03731968998908997	0.02629777975380421	0.03894372656941414	0.03500685095787048	0.04366346448659897	0.04223685339093208	0.04175655916333199	0.04031360521912575	0.04411987587809563	0.03506573662161827	0.03581231087446213	0.04308804869651794	0.008768544532358646	0.0421985536813736	0.04028017818927765	0.02682947181165218	0.02021193504333496	0.02780650928616524	0.02277087047696114	0.0325518324971199	0.03180519863963127	0.02919289283454418	0.03318074345588684	0.03492610529065132	0.01186773460358381	0.03697365522384644	0.02275525964796543	0.02402990497648716	0.01012357883155346	0.01584846153855324	0.01631072908639908	0.01603552140295506	0.02910790219902992	0.03571652248501778	0.02415320836007595	0.02882459573447704	0.01500354241579771	0.01788410171866417	0.04410529509186745	0	0.01847172155976295	0.02149795740842819	0.04743771627545357	0.1372243911027908	0.1447080224752426	0.02750672213733196	0.04770690947771072	0.07064784318208694	0.1273662745952606	0.03131114318966866	0.03830359876155853	0.04352554678916931	0.04801960662007332	0.0343664363026619	0.04364554584026337	0.1056909337639809	0.02357230335474014	0.04803890734910965	0.02623703330755234	0.1062479838728905	0.04521550238132477	0.1294096410274506	0.02333291247487068	0.01435763575136662	0.0170556977391243	0.04284520819783211	0.1436681896448135
S2017t3M_E23-T3b-Male	0.06546361744403839	0.09319362789392471	0.0151529498398304	0.08380266278982162	0.05965492501854897	0.04511557146906853	0.04930359125137329	0.09675901383161545	0.02045238204300404	0.06510617583990097	0.0818919911980629	0.05164769664406776	0.05005893111228943	0.03832283988595009	0.02681520022451878	0.02588788233697414	0.01783950068056583	0.06971355527639389	0.02974569983780384	0.06119203940033913	0.04522125050425529	0.05132899060845375	0.0465736947953701	0.0605366937816143	0.03197862207889557	0.04257993772625923	0.04256051406264305	0.04828470945358276	0.02903634496033192	0.04129448533058167	0.01948961988091469	0.01295679062604904	0.01291828788816929	0.01610144041478634	0.06108735874295235	0.06071202829480171	0.06038052961230278	0.04693508893251419	0.06081670895218849	0.0344788059592247	0.03744076192378998	0.05168957635760307	0.05333560705184937	0.022634606808424	0.03994130715727806	0.02856792137026787	0.03478527069091797	0.04862555116415024	0.03950004652142525	0.05764637514948845	0.0220419242978096	0.0434076339006424	0.04907634109258652	0.06871310621500015	0.03612510114908218	0.05999965965747833	0.04617011919617653	0.03026805631816387	0.06135586649179459	0.04112900048494339	0.02767843008041382	0.05973285809159279	0.04935611039400101	0.05990174040198326	0.04369547218084335	0.05371993780136108	0.04906505718827248	0.0217006653547287	0.03205597028136253	0.0248271506279707	0.05660464987158775	0.0485997162759304	0.04570948705077171	0.04949871823191643	0.0477035753428936	0.06135586649179459	0.02821661345660686	0.05353778973221779	0.03096321783959866	0.02318117022514343	0.01624302007257938	0.0495951771736145	0.05505320802330971	0.03675128892064095	0.03471352905035019	0.04075411334633827	0.05388161167502403	0.05143056064844131	0.05377750843763351	0.05520041286945343	0.04992621392011642	0.0537957139313221	0.05099563300609589	0.05904716625809669	0.06114421784877777	0.04710470139980316	0.03748568147420883	0.03112049587070942	0.1246938779950142	0.1279111504554749	0.005263831932097673	0.03209999948740005	0.1035631448030472	0.02243555523455143	0.0600159764289856	0.05881606414914131	0.06670889258384705	0.05867163464426994	0.05914902687072754	0.0595768429338932	0.05697473511099815	0.06002227216959	0.05065858364105225	0.06135586649179459	0.05030733346939087	0.05994860827922821	0.04163311049342155	0.07072890549898148	0.02211449667811394	0.04080581292510033	0.04896600544452667	0.03463531658053398	0.06427676230669022	0.05596411600708961	0.05678462982177734	0.07054975628852844	0.04433435574173927	0.04729365929961205	0.04329640790820122	0.05531425401568413	0.051369309425354	0.05876505002379417	0.05807553231716156	0.05685813724994659	0.05773519724607468	0.05665333941578865	0.04841509461402893	0.05001628026366234	0.06008666008710861	0.02340013906359673	0.05279523134231567	0.05854246765375137	0.03998995944857597	0.03227406367659569	0.03881858289241791	0.03430980071425438	0.04601722955703735	0.04696949943900108	0.04766455292701721	0.04866128787398338	0.05339783430099487	0.02991208992898464	0.05544530972838402	0.04101429507136345	0.03801592811942101	0.008348144590854645	0.03221799060702324	0.02166233584284782	0.03066146187484264	0.04757955297827721	0.05418818444013596	0.04262486100196838	0.0444706417620182	0.02581815049052238	0.03551506251096725	0.05920688435435295	0.01847172155976295	0	0.02535676397383213	0.05185861885547638	0.143762394785881	0.1509852111339569	0.0151529498398304	0.05316867679357529	0.07971090078353882	0.1364293843507767	0.03516995161771774	0.05363162979483604	0.0473843589425087	0.05465402454137802	0.04145238921046257	0.04750436544418335	0.1147540360689163	0.02491148002445698	0.05710204690694809	0.03201586753129959	0.1153110638260841	0.05262722447514534	0.1353152990341187	0.02753867581486702	0.00601539108902216	0.02134486474096775	0.04705104231834412	0.1495738476514816
S2017t3M_E30-T3a-Male	0.05706990882754326	0.0682578980922699	0.03084619529545307	0.0588669516146183	0.03471918404102325	0.02017983794212341	0.02436784654855728	0.07182329893112183	0.0325072854757309	0.05637160688638687	0.07213328033685684	0.04463545605540276	0.02512319013476372	0.01381203718483448	0.01644814386963844	0.01855003833770752	0.0141448425129056	0.045623779296875	0.02011845074594021	0.05607682839035988	0.02293183468282223	0.02639325521886349	0.03408751264214516	0.05289211496710777	0.009790130890905857	0.02355316653847694	0.03164944797754288	0.04000778496265411	0.01835267804563046	0.01752293482422829	0.02371777966618538	0.02107744477689266	0.02326378971338272	0.0226830318570137	0.05618150904774666	0.05570143088698387	0.05526531860232353	0.03254280239343643	0.05559675022959709	0.01975610852241516	0.01250503119081259	0.02675385028123856	0.02839986979961395	0.01460751798003912	0.01500556152313948	0.003632189938798547	0.02883585542440414	0.04351034015417099	0.03396185860037804	0.05316350981593132	0.02141212671995163	0.03766008466482162	0.0241406075656414	0.04377736896276474	0.01562781631946564	0.05150911957025528	0.02428710088133812	0.02703558467328548	0.05687300115823746	0.03643663227558136	0.02714012935757637	0.05524999275803566	0.02442037686705589	0.05225716158747673	0.02140605077147484	0.03406082466244698	0.02412931621074677	0.01942233555018902	0.02878668531775475	0.02403880096971989	0.03378381580114365	0.02366397716104984	0.02921590209007263	0.02456297725439072	0.02276784554123878	0.05687300115823746	0.02382572926580906	0.0376727283000946	0.028854014351964	0.02791076339781284	0.02641736157238483	0.02465944178402424	0.04961962997913361	0.02530710771679878	0.02645853161811829	0.02188992872834206	0.049189243465662	0.04673818871378899	0.0480257086455822	0.05050703138113022	0.04481086134910583	0.04529551416635513	0.03932210803031921	0.04906556755304337	0.05666135251522064	0.04241232573986053	0.0266680009663105	0.02670357190072536	0.1202110052108765	0.1152077987790108	0.02475923113524914	0.02646484412252903	0.09402155876159668	0.03052353486418724	0.05092723295092583	0.05433319881558418	0.06159253045916557	0.05335133150219917	0.05445680022239685	0.05509397760033607	0.05080420896410942	0.05437947809696198	0.02876086346805096	0.05687300115823746	0.02495057322084904	0.05356870964169502	0.02966131456196308	0.0474850982427597	0.01474854908883572	0.03495777025818825	0.04448314756155014	0.02055828645825386	0.05347045883536339	0.05148124322295189	0.04450429975986481	0.0654345378279686	0.03521456941962242	0.04281079396605492	0.03691650554537773	0.04935193061828613	0.04531132057309151	0.05428218469023705	0.05285556614398956	0.05237527191638947	0.05093232169747353	0.05174748972058296	0.02892281860113144	0.03687065094709396	0.05370676890015602	0.01549348141998053	0.0470476821064949	0.05068852752447128	0.03424240276217461	0.02356990799307823	0.03201570734381676	0.009374066255986691	0.02087097056210041	0.02203377149999142	0.03116714954376221	0.02372555807232857	0.02846208959817886	0.01888792403042316	0.04611501097679138	0.0312633253633976	0.02720962651073933	0.02586137503385544	0.02667980268597603	0.005960565060377121	0.02026964351534843	0.02264382690191269	0.04401422291994095	0.02739215455949306	0.02629195898771286	0.02833199873566628	0.02850282564759254	0.05472401902079582	0.02149795740842819	0.02535676397383213	0	0.02692288719117641	0.1386471688747406	0.1465023308992386	0.03084619529545307	0.02823293767869473	0.05604411661624908	0.1256230622529984	0.0102342190220952	0.02869589440524578	0.02244862169027328	0.02971829101443291	0.02012267895042896	0.02256862819194794	0.09762430191040039	0.02288961224257946	0.0380752831697464	0.01026317290961742	0.09501960873603821	0.03087453171610832	0.1308324337005615	0.008492904715240002	0.01934137567877769	0.01203198730945587	0.0221153050661087	0.1450909674167633
S3-female-3	0.07066383212804794	0.05900735780596733	0.04837962612509727	0.05472057685256004	0.0106103178113699	0.007962718605995178	0.02540650218725204	0.0628906786441803	0.04610121622681618	0.07030680030584335	0.08199083805084229	0.05073913186788559	0.003157698316499591	0.02693725004792213	0.04186561331152916	0.03538661450147629	0.03984695672988892	0.03872228413820267	0.02644075639545918	0.05346546694636345	0.02538248337805271	0.01557507924735546	0.03713314980268478	0.05028074979782104	0.02636657655239105	0.03447721898555756	0.04404925554990768	0.04856332764029503	0.0376204326748848	0.02642690949141979	0.04270089417695999	0.04056034609675407	0.04224690794944763	0.04187464341521263	0.05357014760375023	0.05309006571769714	0.05331696197390556	0.03237394616007805	0.05298538506031036	0.03023937344551086	0.02153588645160198	0.007287066895514727	0.01908125169575214	0.03692662715911865	0.01406478323042393	0.02548677287995815	0.04096049070358276	0.05067172646522522	0.04827706143260002	0.0531710758805275	0.03831316530704498	0.0482095293700695	0.01235287077724934	0.03626273944973946	0.02215944416821003	0.04889775812625885	0.02579446882009506	0.04598887637257576	0.05426164343953133	0.0497373528778553	0.04605967551469803	0.05396463349461555	0.01066052727401257	0.0496458001434803	0.02148200385272503	0.03144946321845055	0.01264716777950525	0.04153294488787651	0.04805338755249977	0.04997857287526131	0.03117245063185692	0.003871975233778358	0.03501481935381889	0.003611576510593295	0.01223308406770229	0.05426164343953133	0.04280883818864822	0.03903938829898834	0.04905898123979568	0.04686472192406654	0.0454004667699337	0.005541409831494093	0.05202878639101982	0.03751130402088165	0.02943394519388676	0.0211748369038105	0.0462932400405407	0.04569197446107864	0.04541434347629547	0.04887343570590019	0.05151516199111938	0.05835661292076111	0.04858242720365524	0.05557460337877274	0.05404999479651451	0.05187288299202919	0.03762409836053848	0.04983260855078697	0.118025004863739	0.1092190518975258	0.05046134814620018	0.04374359175562859	0.09536578506231308	0.04530014097690582	0.04493846744298935	0.05172184109687805	0.06506141275167465	0.06130663305521011	0.05358844622969627	0.0542256198823452	0.0489557683467865	0.05229190364480019	0.02562037855386734	0.05426164343953133	0.01677046157419682	0.05182885006070137	0.04134384542703629	0.04215846955776215	0.04040366038680077	0.04639908671379089	0.04797231033444405	0.03695276752114296	0.04835319519042969	0.04601626843214035	0.04189293086528778	0.05944577232003212	0.04403902217745781	0.04804296046495438	0.04835781827569008	0.05145035311579704	0.04715717956423759	0.05407683551311493	0.05177946016192436	0.05300278589129448	0.04989231377840042	0.04680629819631577	0.02502919733524323	0.03569548949599266	0.05081076174974442	0.04143323749303818	0.04617932811379433	0.04982017353177071	0.0496479831635952	0.047103650867939	0.0456848256289959	0.02466684579849243	0.01915721036493778	0.01733651198446751	0.03872919082641602	0.01907724887132645	0.02520694769918919	0.04300852492451668	0.04982106760144234	0.04405438899993896	0.04202834144234657	0.05180112645030022	0.05108506605029106	0.03232135996222496	0.0438033901154995	0.02451514452695847	0.04314586892724037	0.04046784713864326	0.03006362728774548	0.0508943498134613	0.0485505498945713	0.05385566502809525	0.04743771627545357	0.05185861885547638	0.02692288719117641	0	0.135240837931633	0.1405135691165924	0.04837962612509727	0.01017601974308491	0.05759267136454582	0.120227724313736	0.02087038569152355	0.02215265855193138	0.004822743125259876	0.02305991947650909	0.02050074376165867	0.004702737089246511	0.09400918334722519	0.03836243227124214	0.05058102682232857	0.0215134508907795	0.08903084695339203	0.03022302687168121	0.1301844120025635	0.02431996166706085	0.04584322869777679	0.03128570690751076	0.004807654768228531	0.140428215265274
S3-male-1	0.08966459333896637	0.07623346149921417	0.1403179168701172	0.0833459198474884	0.1246305257081985	0.1340432912111282	0.1232526153326035	0.07235016673803329	0.1351626217365265	0.08796838670969009	0.07033058255910873	0.1267136335372925	0.1366867274045944	0.1346680968999863	0.1362931877374649	0.1330052316188812	0.1408048272132874	0.1115133836865425	0.1226725950837135	0.1270027756690979	0.1289460361003876	0.1325804144144058	0.125576376914978	0.1263474524021149	0.1331995725631714	0.1314869374036789	0.1297367066144943	0.1279934644699097	0.1327555328607559	0.1320696473121643	0.1324344575405121	0.1358745247125626	0.1342554092407227	0.1322453618049622	0.1271074563264847	0.1267321407794952	0.1261912882328033	0.1249586790800095	0.1266274601221085	0.1282896250486374	0.1339904963970184	0.1362356841564178	0.1330243796110153	0.1346510946750641	0.1368215382099152	0.1387583762407303	0.1262870579957962	0.1257900148630142	0.1279817223548889	0.1246132403612137	0.1310278177261353	0.1267357617616653	0.128578707575798	0.1052282378077507	0.1277451664209366	0.1265043020248413	0.1273860931396484	0.1300663203001022	0.1277989596128464	0.1280829608440399	0.1319360136985779	0.1261759549379349	0.1333334743976593	0.1257124990224838	0.1283901482820511	0.1261227428913116	0.1321809142827988	0.133782684803009	0.1315050274133682	0.1320358663797379	0.1307421922683716	0.1355744451284409	0.1282762587070465	0.1360431760549545	0.1332983374595642	0.1277989596128464	0.1289547234773636	0.1273361891508102	0.1316221207380295	0.1327655464410782	0.1347708255052567	0.135529100894928	0.124899223446846	0.1295764595270157	0.1262963563203812	0.1302461177110672	0.1202199459075928	0.1180325150489807	0.1197976171970367	0.1217477470636368	0.1207820326089859	0.1036158800125122	0.1080516651272774	0.104862354695797	0.1275873184204102	0.1279625445604324	0.1292384564876556	0.1366491615772247	0.176402673125267	0.02762743458151817	0.1411924511194229	0.1282362341880798	0.04879128932952881	0.1241642758250237	0.1118834391236305	0.1252591460943222	0.1287752538919449	0.1184608638286591	0.125799760222435	0.1264369338750839	0.1241035610437393	0.1258330196142197	0.1292391419410706	0.1277989596128464	0.1327728778123856	0.125967875123024	0.1290758401155472	0.1086174473166466	0.1344751119613647	0.1216484010219574	0.1196210980415344	0.1297066509723663	0.1188681200146675	0.1190297901630402	0.1260648667812347	0.1127186864614487	0.1239922046661377	0.1203856468200684	0.1268225014209747	0.1246390044689178	0.1217702180147171	0.1256251335144043	0.1242332458496094	0.124374121427536	0.1242398470640182	0.1159186363220215	0.1222978159785271	0.1187936216592789	0.1258974075317383	0.138311579823494	0.1190229952335358	0.1258110702037811	0.1278967559337616	0.1330968588590622	0.12439826130867	0.1354465335607529	0.132648766040802	0.1345173865556717	0.1305034309625626	0.1312978118658066	0.131206750869751	0.1339517086744308	0.1223255470395088	0.1279580146074295	0.1273480802774429	0.1411444246768951	0.132177546620369	0.1370143890380859	0.132872074842453	0.1324593871831894	0.122497633099556	0.1319487690925598	0.1267041862010956	0.1363596022129059	0.1300762593746185	0.1260669678449631	0.1372243911027908	0.143762394785881	0.1386471688747406	0.135240837931633	0	0.008029398508369923	0.1403179168701172	0.1258665919303894	0.08302177488803864	0.01501310802996159	0.1366289556026459	0.1321946382522583	0.1351252347230911	0.1174187511205673	0.1255137771368027	0.1346518248319626	0.041754350066185	0.1304465085268021	0.1005719602108002	0.1307603120803833	0.04620997235178947	0.1103302016854286	0.01004975009709597	0.1327732056379318	0.1421733945608139	0.1351755857467651	0.1319047659635544	0.006618030369281769
S3-male-2	0.0974852442741394	0.08182062953710556	0.1475062072277069	0.09116654843091965	0.129903256893158	0.1418639272451401	0.1308874934911728	0.07762289792299271	0.1429832577705383	0.09599780291318893	0.07785381376743317	0.1341972649097443	0.1422509402036667	0.1418946832418442	0.1439510732889175	0.1410346478223801	0.1482884883880615	0.1164145991206169	0.1301562041044235	0.1305161863565445	0.1364296674728394	0.1374816000461578	0.132990375161171	0.1312486380338669	0.1402519643306732	0.1385392695665359	0.1369632929563522	0.1350457966327667	0.1402391791343689	0.1395532786846161	0.1399181038141251	0.1437181681394577	0.1418834030628204	0.139375627040863	0.1304115056991577	0.1303831338882446	0.130714625120163	0.1324423104524612	0.1304878145456314	0.1352859735488892	0.1414741426706314	0.1411368995904922	0.1385885775089264	0.141877681016922	0.144490972161293	0.1462420374155045	0.1334173530340195	0.1332736611366272	0.1354653835296631	0.1309772431850433	0.1385114639997482	0.1342194080352783	0.1360623389482498	0.1127118840813637	0.1352287977933884	0.1314055025577545	0.1348697245121002	0.1375499814748764	0.1303330659866333	0.1350390017032623	0.13906629383564	0.1307299733161926	0.1397923976182938	0.1301823854446411	0.1354775279760361	0.1305926293134689	0.1394074857234955	0.1410092711448669	0.1391629129648209	0.138455867767334	0.135643407702446	0.1426504403352737	0.135934129357338	0.1417931467294693	0.1407819837331772	0.1303330659866333	0.1360070407390594	0.1348198056221008	0.1386476755142212	0.1397911012172699	0.1419011205434799	0.1410932987928391	0.1321734935045242	0.1368507444858551	0.1337981671094894	0.1375203877687454	0.1235168501734734	0.1238246336579323	0.123364269733429	0.1248605027794838	0.1276250183582306	0.1104588583111763	0.1148946210741997	0.1117053255438805	0.1296901106834412	0.1346615105867386	0.1360814273357391	0.1436052173376083	0.1794195473194122	0.03209734708070755	0.14824478328228	0.1351923048496246	0.05578763037919998	0.1305842697620392	0.1159303560853004	0.1273619532585144	0.1357924491167068	0.1250902116298676	0.1309100985527039	0.1309909522533417	0.1300523579120636	0.1301328092813492	0.1356069594621658	0.1303330659866333	0.1402565240859985	0.1311851143836975	0.1361281871795654	0.1141816526651382	0.1417016983032227	0.1287007331848145	0.1260410845279694	0.1367589831352234	0.1242166757583618	0.1220033317804337	0.1305347681045532	0.1158007830381393	0.1310445219278336	0.1268056482076645	0.133874848484993	0.1314819753170013	0.1288225650787354	0.1311891227960587	0.1304540634155273	0.1310097575187683	0.1302811205387115	0.1205328553915024	0.1288628578186035	0.1256371140480042	0.1299370378255844	0.1457951962947845	0.1244719624519348	0.1320382803678513	0.1349491029977798	0.1401492059230804	0.131624847650528	0.1429301798343658	0.1397010982036591	0.1417853683233261	0.1375557631254196	0.1383501440286636	0.1374339610338211	0.1410040408372879	0.1293778866529465	0.1350103467702866	0.1344004273414612	0.1479957401752472	0.1392298936843872	0.1444566547870636	0.1399244070053101	0.1399430185556412	0.1282935440540314	0.1390011161565781	0.1337564885616302	0.1432026028633118	0.1371285766363144	0.1301896870136261	0.1447080224752426	0.1509852111339569	0.1465023308992386	0.1405135691165924	0.008029398508369923	0	0.1475062072277069	0.1338959634304047	0.09087692201137543	0.02105349488556385	0.1446583718061447	0.1396782398223877	0.1431546360254288	0.1247866302728653	0.133194699883461	0.142611637711525	0.04957498237490654	0.1384758949279785	0.1086013689637184	0.1382439434528351	0.05148271843791008	0.1183596029877663	0.01723803952336311	0.1406283676624298	0.1500286012887955	0.1432049870491028	0.1397599279880524	0.001411368255503476
S4-male-2	0.05571204423904419	0.08971463143825531	0	0.07910399883985519	0.05617592856287956	0.0404169075191021	0.04233982786536217	0.09328001737594604	0.005996385589241982	0.0574098713696003	0.07534576207399368	0.0509495884180069	0.046649519354105	0.03626774623990059	0.03268656879663467	0.02080488577485085	0.02715258486568928	0.06623455882072449	0.02668423391878605	0.05771304294466972	0.04222937300801277	0.04784999415278435	0.0433034636080265	0.0570576973259449	0.03037851303815842	0.04278595373034477	0.04015906900167465	0.04730904474854469	0.02813212014734745	0.0390680767595768	0.01942045614123344	0.01212055049836636	0.01155986823141575	0.01537011936306953	0.05760836228728294	0.05723303183913231	0.05697112157940865	0.04373444616794586	0.05733771249651909	0.030999805778265	0.03549271076917648	0.04821058362722397	0.04992619901895523	0.02461325936019421	0.04063363745808601	0.03343158587813377	0.03234956786036491	0.04584244266152382	0.03741281852126122	0.05416737869381905	0.01967634260654449	0.04048534482717514	0.0462932288646698	0.06558205932378769	0.03355075418949127	0.05652066320180893	0.04317823797464371	0.02929371036589146	0.05787687003612518	0.03932012617588043	0.02353407070040703	0.05639303848147392	0.04629437997937202	0.05642274767160416	0.03941487520933151	0.05024094879627228	0.04562058672308922	0.02360999397933483	0.02808451652526855	0.03163743764162064	0.05312565341591835	0.04532948508858681	0.04240365326404572	0.04608931019902229	0.04464210569858551	0.05787687003612518	0.02724280022084713	0.0504763163626194	0.03054319135844707	0.02293750271201134	0.01495418976992369	0.04618576914072037	0.05303424224257469	0.03799979761242867	0.03165166452527046	0.03949983045458794	0.05040261894464493	0.04809074103832245	0.05029851570725441	0.05189525336027145	0.04964563623070717	0.05313385650515556	0.04911717027425766	0.05605529248714447	0.05766522139310837	0.04275105893611908	0.03616286441683769	0.03372584655880928	0.1212844699621201	0.1244321539998055	0.01874825358390808	0.03070865012705326	0.1000841483473778	0.02069627121090889	0.05653697997331619	0.05533706769347191	0.0638207346200943	0.05964206159114838	0.0562262088060379	0.05665402486920357	0.05349573865532875	0.05654327571392059	0.04717957973480225	0.05787687003612518	0.04773219674825668	0.05674770101904869	0.04166501760482788	0.06752800196409225	0.0271154772490263	0.0428885892033577	0.04743363708257675	0.035883828997612	0.0610758513212204	0.05248511955142021	0.05330563336610794	0.06707075983285904	0.0443662628531456	0.04631746187806129	0.04537918791174889	0.05277403816580772	0.04865578562021255	0.05591181665658951	0.05473571270704269	0.05393557995557785	0.05425620451569557	0.05317434296011925	0.04493609815835953	0.04688496515154839	0.05660766735672951	0.03076659888029099	0.04987241327762604	0.05561964958906174	0.04235082119703293	0.037137720733881	0.04017094895243645	0.03694875538349152	0.04465869069099426	0.04571521654725075	0.04752261936664581	0.0465727411210537	0.05047500878572464	0.03505384549498558	0.05471253767609596	0.04254089295864105	0.04009870812296867	0.02099829353392124	0.03735974431037903	0.02735946699976921	0.0355251245200634	0.04618635401129723	0.05126536637544632	0.04415145516395569	0.04349470883607864	0.0340188704431057	0.03926637396216393	0.05628406628966331	0.02750672213733196	0.0151529498398304	0.03084619529545307	0.04837962612509727	0.1403179168701172	0.1475062072277069	0	0.0497937984764576	0.07706697285175323	0.1327761560678482	0.02778759971261024	0.05070934072136879	0.04376564919948578	0.05117502808570862	0.03818216174840927	0.04381606727838516	0.1105780899524689	0.01912965439260006	0.05532769858837128	0.02881522476673126	0.1118320673704147	0.0486600361764431	0.1302681714296341	0.02621691860258579	0.01894363015890121	0.02050969190895557	0.04391998797655106	0.1462340205907822
S4-male-3	0.06090493872761726	0.05207535997033119	0.0497937984764576	0.04496167972683907	0.006945102009922266	0.01000495906919241	0.01564761251211166	0.05627309530973434	0.04400618001818657	0.06013078242540359	0.07195358723402023	0.05100832879543304	0.01176775433123112	0.02703221142292023	0.041386429220438	0.03652242571115494	0.04009364917874336	0.032243512570858	0.02711237221956253	0.05698009207844734	0.02579048462212086	0.01875320822000504	0.037611223757267	0.05379537492990494	0.0267745740711689	0.03474640846252441	0.04343127086758614	0.0485948733985424	0.03788962960243225	0.02669610269367695	0.04310888797044754	0.04169615730643272	0.0433063767850399	0.04237201809883118	0.05708477273583412	0.05660469084978104	0.056168582290411	0.0332365520298481	0.05650000646710396	0.03113507479429245	0.02180508710443974	0.01248936355113983	0.02193287201225758	0.03716039657592773	0.01524302177131176	0.02666501328349113	0.04105544090270996	0.05094091966748238	0.04854625463485718	0.05406676977872849	0.03858235850930214	0.04847872257232666	0.005867266096174717	0.02639973163604736	0.02269925177097321	0.05241237953305244	0.02596481889486313	0.04625807330012321	0.05777626112103462	0.05000654980540276	0.04615462943911552	0.05615324899554253	0.01232494600117207	0.05316042527556419	0.02178573049604893	0.03496408835053444	0.01354393269866705	0.041766706854105	0.04814834520220757	0.05024776980280876	0.03468707576394081	0.01065549068152905	0.03510977700352669	0.01083958707749844	0.01250228192657232	0.05777626112103462	0.04307805746793747	0.0393085852265358	0.04929274320602417	0.04709848389029503	0.04563423246145248	0.01061010453850031	0.05229797959327698	0.03778050094842911	0.03056975267827511	0.02144403569400311	0.04994666576385498	0.04749561101198196	0.04892896860837936	0.05172505602240562	0.04502955451607704	0.04849360138177872	0.03871942311525345	0.04571159183979034	0.05756461247801781	0.05196783319115639	0.03803209960460663	0.05010180175304413	0.1201636716723442	0.102601446211338	0.05073054134845734	0.04401278123259544	0.08612927794456482	0.03543713688850403	0.03832089155912399	0.05523645877838135	0.0550241656601429	0.05144362524151802	0.05577706545591354	0.05641423538327217	0.0515616312623024	0.05528273805975914	0.02722715027630329	0.05777626112103462	0.01763307116925716	0.0546804703772068	0.04175184294581413	0.03487788140773773	0.04063742980360985	0.0432908833026886	0.0482414998114109	0.03722196444869041	0.04107261821627617	0.0490071028470993	0.04540755972266197	0.05282819643616676	0.04430821537971497	0.04831215739250183	0.04862701520323753	0.0517195463180542	0.04459056258201599	0.05560244619846344	0.05375882610678673	0.05341078713536263	0.05183558538556099	0.04589595273137093	0.0264486838132143	0.03307415917515755	0.054464191198349	0.04170243814587593	0.0483679436147213	0.05200878903269768	0.05005598068237305	0.04737284779548645	0.04577978327870369	0.02493604458868504	0.01956521160900593	0.01760570891201496	0.03913718461990356	0.019485242664814	0.0275343731045723	0.04341653361916542	0.04333546385169029	0.04446239024400711	0.04229753464460373	0.05207033455371857	0.05135426670312881	0.03332536295056343	0.04407258704304695	0.02478434145450592	0.04533448442816734	0.04073704406619072	0.03023397549986839	0.05116355419158936	0.04881974682211876	0.05604428052902222	0.04770690947771072	0.05316867679357529	0.02823293767869473	0.01017601974308491	0.1258665919303894	0.1338959634304047	0.0497937984764576	0	0.04772966727614403	0.1128424853086472	0.02200619131326675	0.01918325573205948	0.009612848050892353	0.01382341701537371	0.02182698436081409	0.009732854552567005	0.0848437026143074	0.03226468339562416	0.04054377973079681	0.02276131883263588	0.08241327106952667	0.02039417251944542	0.1204255074262619	0.02563001215457916	0.0471532791852951	0.03228273987770081	0.006745775695890188	0.1324846297502518
S5-female-1	0.02135493792593479	0.01348272152245045	0.07706697285175323	0.004091765265911818	0.04698235914111137	0.05478911474347115	0.04103138297796249	0.01704810932278633	0.07127934694290161	0.02022634446620941	0.02481570094823837	0.07215270400047302	0.05903856456279755	0.05182056501507759	0.06482769548892975	0.06379560381174088	0.06663589924573898	0.03728626295924187	0.05588627979159355	0.08150908350944519	0.05009209737181664	0.05493225529789925	0.0592821016907692	0.07832436263561249	0.05207484588027	0.05456477403640747	0.06318619847297668	0.06841325014829636	0.06048358976840973	0.04904786869883537	0.06711830198764801	0.06841263175010681	0.07016868889331818	0.06815863400697708	0.08161376416683197	0.08113367855548859	0.08069756627082825	0.0582893006503582	0.08102898299694061	0.05581401288509369	0.05096873268485069	0.05858751386404037	0.05537621676921844	0.06276670098304749	0.05379979684948921	0.05573662742972374	0.06104805320501328	0.07103772461414337	0.06836462020874023	0.07859575748443604	0.06360499560832977	0.068853959441185	0.04688292741775513	0.02684750407934189	0.0486258789896965	0.0769413560628891	0.05095754563808441	0.06607642769813538	0.08230525255203247	0.06982491910457611	0.06753503531217575	0.08068223297595978	0.05568530037999153	0.07768940925598145	0.05131595209240913	0.05949306488037109	0.05470699444413185	0.06590189039707184	0.06814093887805939	0.07006612420082092	0.05921605601906776	0.05792630463838577	0.05524155497550964	0.05839502066373825	0.05425455421209335	0.08230525255203247	0.06449912488460541	0.06310495734214783	0.06943117827177048	0.0688883438706398	0.07089360058307648	0.05788090825080872	0.0760943591594696	0.05898667126893997	0.06116050109267235	0.05615728348493576	0.07462149858474731	0.0721704363822937	0.07345795631408691	0.07625405490398407	0.0648479238152504	0.03791535273194313	0.03827337175607681	0.0392068438231945	0.08209361135959625	0.07244756817817688	0.05969619378447533	0.07165493071079254	0.1399396657943726	0.0595824234187603	0.07714096456766129	0.0638311505317688	0.039443738758564	0.06011282280087471	0.05609507113695145	0.07976545393466949	0.0728779211640358	0.06176120415329933	0.08030605316162109	0.08094321191310883	0.07623645663261414	0.07981172204017639	0.05559435859322548	0.08230525255203247	0.0550551563501358	0.07920944690704346	0.06171603873372078	0.03576505184173584	0.06576499342918396	0.06310924142599106	0.07137489318847656	0.05704032257199287	0.06560158729553223	0.07353608310222626	0.06993652135133743	0.06722497940063477	0.06412658095359802	0.07011954486370087	0.06844537705183029	0.07551592588424683	0.06507193297147751	0.08013142645359039	0.07828781008720398	0.0780160129070282	0.07636456191539764	0.07042493671178818	0.05224659293889999	0.05617761611938477	0.07913900911808014	0.06603115797042847	0.07289692759513855	0.07653777301311493	0.0700201690196991	0.06719121336936951	0.06577238440513611	0.05284350737929344	0.05227900296449661	0.0541476272046566	0.05910138413310051	0.05291706696152687	0.05516153946518898	0.06399130076169968	0.06381683051586151	0.06442657113075256	0.06211589649319649	0.07709296047687531	0.07117262482643127	0.06004183366894722	0.06389094889163971	0.05142662674188614	0.0698634535074234	0.06055540218949318	0.05151625722646713	0.07167582213878632	0.06863811612129211	0.08057326078414917	0.07064784318208694	0.07971090078353882	0.05604411661624908	0.05759267136454582	0.08302177488803864	0.09087692201137543	0.07706697285175323	0.04772966727614403	0	0.06999768316745758	0.05433812737464905	0.05182484909892082	0.05705790594220161	0.03558032587170601	0.04999181628227234	0.05717790871858597	0.04199890047311783	0.05898115411400795	0.02278317138552666	0.05181319639086723	0.03939422965049744	0.03225547447800636	0.07520703971385956	0.05217224732041359	0.07369551062583923	0.05928383767604828	0.05300021916627884	0.08946556597948074
S5-male-1	0.07706411182880402	0.06122036650776863	0.1327761560678482	0.07011307030916214	0.1096174269914627	0.1208104118704796	0.110019750893116	0.05733706057071686	0.1269885301589966	0.07642263919115067	0.05824931710958481	0.1174835786223412	0.1217432096600533	0.1216440051794052	0.1232690960168839	0.1215639337897301	0.1277807354927063	0.09650026261806488	0.1133416071534157	0.1197624579071999	0.1159219443798065	0.1175673007965088	0.1124826520681381	0.1165777444839478	0.1201755031943321	0.118462860584259	0.1167126074433327	0.1174987778067589	0.1197314411401749	0.1190455406904221	0.1238367557525635	0.1249568611383438	0.1267128884792328	0.1247028484940529	0.1198671460151672	0.1193870678544044	0.1190205439925194	0.1127720475196838	0.1192823871970177	0.1161040514707565	0.1209663972258568	0.121222548186779	0.1180808544158936	0.1216269955039024	0.1237974837422371	0.1257343143224716	0.1180112883448601	0.1184570118784904	0.120225727558136	0.1189443022012711	0.1203234493732452	0.1187703981995583	0.1155545935034752	0.09220415353775024	0.1147210747003555	0.1151947602629662	0.1143619939684868	0.1221009790897369	0.1205586493015289	0.1206451877951622	0.124079242348671	0.11966822296381	0.1197159588336945	0.1159427911043167	0.1152268648147583	0.1111096292734146	0.1191568076610565	0.1224461272358894	0.1236442849040031	0.1247028708457947	0.115729071199894	0.121956966817379	0.1152521446347237	0.121099665760994	0.1202742084860802	0.1205586493015289	0.1203569993376732	0.1143120601773262	0.1242891401052475	0.125432550907135	0.1274378150701523	0.1205855533480644	0.117732360959053	0.1184366568922997	0.1180205792188644	0.1191062927246094	0.1128748804330826	0.1116802170872688	0.1117113381624222	0.1145770251750946	0.1132395341992378	0.09289905428886414	0.09691183269023895	0.09372254461050034	0.1203470081090927	0.1205247864127159	0.1180986389517784	0.128373384475708	0.1706578433513641	0.01261432841420174	0.1338594406843185	0.1199604645371437	0.03661422431468964	0.1168312951922417	0.1006772220134735	0.1180188357830048	0.1214422509074211	0.1104997918009758	0.1192920282483101	0.119929201900959	0.1155408471822739	0.1180651113390923	0.1162164658308029	0.1205586493015289	0.1197487935423851	0.1175324395298958	0.1164704784750938	0.09367391467094421	0.1235659494996071	0.1135825514793396	0.1136758998036385	0.1166825592517853	0.1039245948195457	0.1117894873023033	0.1110517531633377	0.1054783537983894	0.1128651574254036	0.1137465462088585	0.1182247996330261	0.1171539202332497	0.113494448363781	0.1197804287075996	0.1174830496311188	0.1189910247921944	0.115665540099144	0.1092021092772484	0.110321618616581	0.1070262044668198	0.1173923909664154	0.1254968643188477	0.1118829101324081	0.1155237630009651	0.1199314147233963	0.122174933552742	0.1153775677084923	0.1224224418401718	0.1196246594190598	0.1214932948350906	0.1174793243408203	0.1182737201452255	0.1169262155890465	0.1217650920152664	0.1111985221505165	0.1159892529249191	0.1143239811062813	0.133811429142952	0.1244215443730354	0.124199703335762	0.1208947971463203	0.1194352954626083	0.1088494434952736	0.118924655020237	0.1136800795793533	0.1283942759037018	0.1208461970090866	0.1195592433214188	0.1273662745952606	0.1364293843507767	0.1256230622529984	0.120227724313736	0.01501310802996159	0.02105349488556385	0.1327761560678482	0.1128424853086472	0.06999768316745758	0	0.1236048638820648	0.1191705167293549	0.1221011579036713	0.1039770022034645	0.1123154684901237	0.1215581595897675	0.02852149121463299	0.117422416806221	0.08754786849021912	0.1177362203598022	0.03119687549769878	0.09730612486600876	0.009956682100892067	0.1197491139173508	0.1304140090942383	0.1221514865756035	0.1188806518912315	0.02037471905350685
S5-male-2	0.05401130020618439	0.06283774226903915	0.02778759971261024	0.05349179357290268	0.02866668626666069	0.01290766894817352	0.014830581843853	0.06703546643257141	0.02944868057966232	0.05352175608277321	0.06694372743368149	0.04529402777552605	0.019070690497756	0.01290656067430973	0.0260870885103941	0.01744264736771584	0.02395802922546864	0.04315172880887985	0.01788989640772343	0.05423286184668541	0.02098237536847591	0.02034074999392033	0.03224354609847069	0.0510481484234333	0.01059426926076412	0.0251158569008112	0.03060468472540379	0.0403887964785099	0.02149385772645473	0.01623448170721531	0.02685895562171936	0.02317318879067898	0.02518529817461967	0.02550999075174332	0.05433754622936249	0.0538574643433094	0.05342135950922966	0.03048932924866676	0.05375278368592262	0.01791214197874069	0.008969803340733051	0.02070134505629539	0.02234736829996109	0.02056198194622993	0.01284603867679834	0.009360200725495815	0.02828061580657959	0.04208390787243843	0.03323130682110786	0.05131955072283745	0.02302215062081814	0.03609447181224823	0.018505634739995	0.03779445588588715	0.01441014837473631	0.04966515675187111	0.02265190146863461	0.0298622939735651	0.05502904206514359	0.03598443418741226	0.0273195281624794	0.05340602621436119	0.01857637241482735	0.05041319876909256	0.01816713437438011	0.03221686184406281	0.01790257915854454	0.02516830340027809	0.02913899160921574	0.0338519848883152	0.03193985298275948	0.01761147379875183	0.02726675383746624	0.0185104738920927	0.01685451902449131	0.05502904206514359	0.02696690149605274	0.03596794605255127	0.03275774046778679	0.03108620084822178	0.02833887003362179	0.01860694214701653	0.04895734414458275	0.02791230008006096	0.02444009855389595	0.01987742632627487	0.04734528064727783	0.04489422589540482	0.04618174210190773	0.04897783696651459	0.04588696360588074	0.04620085284113884	0.03880032896995544	0.0474303662776947	0.05481739342212677	0.03941536322236061	0.02712289243936539	0.03370603546500206	0.1183670461177826	0.1133638471364975	0.03457241877913475	0.02761700563132763	0.09217757731676102	0.03275986015796661	0.04908327385783195	0.05248923972249031	0.06027156859636307	0.05567844212055206	0.05302983894944191	0.05366701260209084	0.04896024242043495	0.0525355190038681	0.02533871121704578	0.05502904206514359	0.01994459889829159	0.05193324759602547	0.0312604196369648	0.04564027115702629	0.02386478148400784	0.03839722648262978	0.04430744796991348	0.02316347695887089	0.05183499306440353	0.04963728412985802	0.04266033321619034	0.06359058618545532	0.03681366890668869	0.04319127649068832	0.04035596176981926	0.04837891459465027	0.04395447671413422	0.0528552234172821	0.05101159960031509	0.05080939829349518	0.04908836260437965	0.04990352690219879	0.02707885950803757	0.03565621748566628	0.05186280235648155	0.02530666626989841	0.04562071710824966	0.04926156625151634	0.03795995190739632	0.03097707405686378	0.03472475335001945	0.0121007626876235	0.01687109284102917	0.01792762614786625	0.03238189592957497	0.0187851432710886	0.02493298798799515	0.02716660313308239	0.04715994745492935	0.03414660319685936	0.030649084597826	0.0356745570898056	0.03495848178863525	0.01584630645811558	0.02767681330442429	0.01966345310211182	0.04258725792169571	0.03027543239295483	0.02709373459219933	0.03814518079161644	0.03361081704497337	0.05329706147313118	0.03131114318966866	0.03516995161771774	0.0102342190220952	0.02087038569152355	0.1366289556026459	0.1446583718061447	0.02778759971261024	0.02200619131326675	0.05433812737464905	0.1236048638820648	0	0.02292174287140369	0.01604764349758625	0.02366579324007034	0.01775509864091873	0.01616764813661575	0.09508337080478668	0.02143154107034206	0.03765761479735374	0.007581776473671198	0.09317565709352493	0.0272868312895298	0.1274203360080719	0.01135564316064119	0.02915456332266331	0.01482468564063311	0.01613239012658596	0.1432469934225082
S5-male-3	0.06545273214578629	0.05822915956377983	0.05070934072136879	0.05010288208723068	0.02533658593893051	0.01963374204933643	0.02187918685376644	0.06242688745260239	0.04492171853780746	0.06460858881473541	0.07617644220590591	0.04160502925515175	0.02265707030892372	0.01921983994543552	0.03446485474705696	0.03722876682877541	0.03933047130703926	0.03151480853557587	0.02616909518837929	0.0496353954076767	0.01617838814854622	0.01764162071049213	0.02869513630867004	0.0464506670832634	0.02251561731100082	0.02534311078488827	0.03457288816571236	0.03919157385826111	0.02848632819950581	0.01718819327652454	0.03606501594185829	0.04172027856111526	0.04351439327001572	0.04035935550928116	0.04974007606506348	0.04915538802742958	0.04882388561964035	0.02557803690433502	0.0490507073700428	0.02212034165859222	0.01619087159633636	0.01852763816714287	0.01648932509124279	0.03307943418622017	0.02068337984383106	0.02590184472501278	0.03151256963610649	0.04153761640191078	0.03914295136928558	0.04672206938266754	0.03169431909918785	0.03907541930675507	0.0152048384770751	0.02696636505424976	0.02051235735416412	0.0450676791369915	0.01857545785605907	0.03685476630926132	0.05043157190084457	0.04039403423666954	0.03661174699664116	0.04880855232477188	0.0160096250474453	0.04581571742892265	0.01534251030534506	0.02890129014849663	0.01423248648643494	0.03405272960662842	0.03881467133760452	0.04340826719999313	0.02734236977994442	0.02215786837041378	0.02577610686421394	0.02248074486851692	0.01358162052929401	0.05043157190084457	0.03367473557591438	0.03123128786683083	0.03992487117648125	0.037730623036623	0.03962516784667969	0.02027329057455063	0.04411608725786209	0.02806338854134083	0.03148648887872696	0.01859474368393421	0.04524506255984306	0.04450320824980736	0.04628457874059677	0.04438035562634468	0.03879444301128387	0.04584509879350662	0.03735282272100449	0.0444842129945755	0.05021992325782776	0.04273833334445953	0.02817617356777191	0.040384691208601	0.1194249019026756	0.1080122143030167	0.0503186360001564	0.03544416651129723	0.08703333884477615	0.03838218748569489	0.03773098811507225	0.047891765832901	0.05254990234971046	0.04879513382911682	0.0484323650598526	0.04906953871250153	0.04407812282443047	0.04793804138898849	0.01998128928244114	0.05043157190084457	0.01398180332034826	0.04733577370643616	0.03210512921214104	0.03428797796368599	0.03442427888512611	0.03506487235426903	0.04291961714625359	0.03027786500751972	0.04048271477222443	0.04294430464506149	0.03806284815073013	0.05223829299211502	0.0361868254840374	0.04232726991176605	0.03922370821237564	0.04364225640892982	0.03487344458699226	0.0482577458024025	0.04630952328443527	0.04585769027471542	0.04449088498950005	0.03983315080404282	0.02209508791565895	0.02615579962730408	0.04698067903518677	0.03320818394422531	0.04529624804854393	0.04466408863663673	0.04222306609153748	0.04266985505819321	0.04125103354454041	0.01932183466851711	0.01294995192438364	0.012248570099473	0.02959508262574673	0.01395952794700861	0.02005086652934551	0.03387443348765373	0.03730956465005875	0.03492029011249542	0.035458043217659	0.04549610614776611	0.04195095598697662	0.03316372632980347	0.03680578991770744	0.01538103632628918	0.0379897877573967	0.03133375197649002	0.02111917361617088	0.04560595005750656	0.03941645473241806	0.04869957268238068	0.03830359876155853	0.05363162979483604	0.02869589440524578	0.02215265855193138	0.1321946382522583	0.1396782398223877	0.05070934072136879	0.01918325573205948	0.05182484909892082	0.1191705167293549	0.02292174287140369	0	0.0219025295227766	0.02278450131416321	0.02101637423038483	0.02202253229916096	0.0911717563867569	0.03627927601337433	0.04481321573257446	0.0224853940308094	0.08856707811355591	0.02604545094072819	0.1249732971191406	0.02609296888113022	0.04761623963713646	0.03305871039628983	0.01784485392272472	0.1386384069919586
s6-Female-1	0.06998935341835022	0.06133400648832321	0.04376564919948578	0.05404609814286232	0.01325138472020626	0.003348741913214326	0.02473201975226402	0.06553174555301666	0.04542673379182816	0.06956940144300461	0.08110758662223816	0.04682695865631104	0.003023050026968122	0.02267659828066826	0.0383014939725399	0.03056387230753899	0.03617244213819504	0.04164798930287361	0.0228132251650095	0.05272913351655006	0.02199260517954826	0.01536103710532188	0.03388252481818199	0.04954442009329796	0.02273904345929623	0.03080269321799278	0.04002624750137329	0.04488880187273026	0.03370826318860054	0.02251473441720009	0.03907336294651031	0.03608455508947372	0.03827089443802834	0.03789863362908363	0.05283381417393684	0.05235373601317406	0.05191762372851372	0.02905518375337124	0.05224905535578728	0.02688411623239517	0.01762371882796288	0.006550734397023916	0.01768191531300545	0.03295062482357025	0.01039026025682688	0.02157460153102875	0.04007723927497864	0.04675954952836037	0.04436488449573517	0.04981581494212151	0.03440099209547043	0.04429735615849495	0.01181809883564711	0.03572796285152435	0.01876956038177013	0.04816142469644547	0.02240458689630032	0.04207669943571091	0.05352530628442764	0.04582517594099045	0.04179902002215385	0.05190229043364525	0.008219826966524124	0.04890946671366692	0.01736053638160229	0.03071312792599201	0.009438811801373959	0.03755694627761841	0.0437927320599556	0.04606639593839645	0.03043611720204353	0.001563832047395408	0.03075416758656502	0.002462832722812891	0.008320909924805164	0.05352530628442764	0.03918130323290825	0.03512721508741379	0.04532062634825706	0.04330060258507729	0.041424460709095	0.004142073448747396	0.04811661690473557	0.0335991345345974	0.02478543855249882	0.0172626655548811	0.04584154859185219	0.04339049383997917	0.04467801004648209	0.04747410118579865	0.05098037794232368	0.05782183632254601	0.04804765433073044	0.05503982305526733	0.05331365764141083	0.04761223495006561	0.03399656340479851	0.04592042416334152	0.1168633103370667	0.111860103905201	0.04678682237863541	0.03983141481876373	0.09538792073726654	0.04476536810398102	0.04757953435182571	0.05098550394177437	0.06417815387248993	0.06077186390757561	0.05152610316872597	0.05216327682137489	0.04745650663971901	0.05103178322315216	0.02383497916162014	0.05352530628442764	0.0134517028927803	0.05042951926589012	0.03771630302071571	0.04413653537631035	0.03642765432596207	0.04586431384086609	0.04406013339757919	0.03304059430956841	0.05033126100897789	0.04813354834914207	0.0411565974354744	0.06208683922886848	0.04012684896588326	0.04413079097867012	0.04782305285334587	0.04753818362951279	0.0460808239877224	0.05135149136185646	0.04950787127017975	0.0493752509355545	0.04758462682366371	0.04839979112148285	0.02557512745261192	0.03572384268045425	0.05035907030105591	0.03752106800675392	0.04411698877811432	0.0477578341960907	0.04602044820785522	0.04319147765636444	0.04159842059016228	0.02075467444956303	0.0155296828597784	0.01342433970421553	0.03510165587067604	0.0154497167095542	0.02342925220727921	0.0393809974193573	0.04928629100322723	0.04042685404419899	0.03811616450548172	0.04788895696401596	0.04717288911342621	0.02806070819497108	0.03989122062921524	0.02060296945273876	0.04108352214097977	0.03655568510293961	0.0298134945333004	0.0503595806658268	0.04463837668299675	0.05179332569241524	0.04352554678916931	0.0473843589425087	0.02244862169027328	0.004822743125259876	0.1351252347230911	0.1431546360254288	0.04376564919948578	0.009612848050892353	0.05705790594220161	0.1221011579036713	0.01604764349758625	0.0219025295227766	0	0.02308206260204315	0.01719462871551514	0.0007523558451794088	0.09392811357975006	0.03747918456792831	0.0498720183968544	0.01767090521752834	0.0916718989610672	0.02962442114949226	0.1295099407434464	0.02357004396617413	0.04136896505951881	0.02703908830881119	0.004057740326970816	0.1417432874441147
S6-female-2	0.04760392010211945	0.04296601563692093	0.05117502808570862	0.03532715141773224	0.01244960259646177	0.02074377611279488	0.009448337368667126	0.04716374352574348	0.04538741335272789	0.04739273712038994	0.05893091857433319	0.05341616272926331	0.02464503422379494	0.02751914411783218	0.04201919585466385	0.03818201646208763	0.04157900810241699	0.02327999845147133	0.02947002276778221	0.06138034909963608	0.02865797281265259	0.02350881509482861	0.03957103937864304	0.05819563195109367	0.02723310701549053	0.03505910933017731	0.04368054866790771	0.0489075668156147	0.03820232301950455	0.02700879983603954	0.04356742277741432	0.04335574805736542	0.04511181265115738	0.04353203251957893	0.06148503348231316	0.06100495159626007	0.06070806086063385	0.03819368779659271	0.06090026721358299	0.03082126192748547	0.02211778238415718	0.0240547638386488	0.02647235244512558	0.03792497143149376	0.01989009790122509	0.02815036848187447	0.04154237732291222	0.05125361308455467	0.04885894805192947	0.05846703425049782	0.03889504820108414	0.04879141598939896	0.0137423612177372	0.01791688986122608	0.02410417795181274	0.05681263655424118	0.0300898551940918	0.04657077044248581	0.06217652559280396	0.05031924694776535	0.04664155840873718	0.0608319491147995	0.02234744839370251	0.05756067857146263	0.02604465372860432	0.03936434537172318	0.02191751822829247	0.04239948093891144	0.04863527417182922	0.05056045949459076	0.03908732905983925	0.0238112099468708	0.03612049296498299	0.02400148287415504	0.02090407349169254	0.06217652559280396	0.04367537051439285	0.04381155595183372	0.04992552101612091	0.04773125052452087	0.04626700282096863	0.0234873853623867	0.0568009540438652	0.0380931943655014	0.03484892472624779	0.02566937729716301	0.0544927679002285	0.05232014507055283	0.0533292256295681	0.05626453459262848	0.04534224420785904	0.03529669344425201	0.025522505864501	0.03251468017697334	0.06196487694978714	0.05245476961135864	0.03849063068628311	0.05041448771953583	0.1237525567412376	0.09349212050437927	0.05208409577608109	0.04432547837495804	0.07230585813522339	0.03574983030557632	0.03596634790301323	0.05963672325015068	0.05456050112843513	0.04391908273100853	0.06045576184988022	0.06109293177723885	0.05610772594809532	0.05968299508094788	0.03177324682474136	0.06217652559280396	0.02385489270091057	0.05921994522213936	0.04221037775278091	0.02590775676071644	0.04127020016312599	0.04360358044505119	0.05222069472074509	0.03753465786576271	0.04561209678649902	0.05340736359357834	0.04980780929327011	0.04709625244140625	0.0451446957886219	0.05124378204345703	0.04893971607089043	0.05622252449393272	0.04647461324930191	0.06042036041617393	0.0584375262260437	0.05858338624238968	0.05623584240674973	0.05029620602726936	0.03084894083440304	0.03632733598351479	0.05901028215885162	0.04201513156294823	0.05304663628339767	0.05668748542666435	0.05051451176404953	0.04768553376197815	0.04626671597361565	0.02524873800575733	0.02316645719110966	0.02211643755435944	0.04064328595995903	0.02465784177184105	0.03235890716314316	0.04387505725026131	0.04521951079368591	0.044920913875103	0.04261023178696632	0.05238302797079086	0.05166695639491081	0.03498495370149612	0.04438528418540955	0.02771596051752567	0.05001317709684372	0.04104973375797272	0.03174008056521416	0.05147624760866165	0.04913244396448135	0.06072298064827919	0.04801960662007332	0.05465402454137802	0.02971829101443291	0.02305991947650909	0.1174187511205673	0.1247866302728653	0.05117502808570862	0.01382341701537371	0.03558032587170601	0.1039770022034645	0.02366579324007034	0.02278450131416321	0.02308206260204315	0	0.0263747051358223	0.02306285127997398	0.0761871337890625	0.03392427787184715	0.02752110920846462	0.02417704276740551	0.07330392301082611	0.008703934028744698	0.1097433939576149	0.02711536549031734	0.04863863438367844	0.03422694653272629	0.01916357129812241	0.1236536949872971
S6-female-3	0.05988787487149239	0.05803267657756805	0.03818216174840927	0.04986244812607765	0.02772111445665359	0.01548383012413979	0.02556581981480122	0.06170282512903214	0.0394129604101181	0.0591762475669384	0.07100608944892883	0.03637699782848358	0.01898568496108055	0.01831827312707901	0.02796291559934616	0.02477117255330086	0.02937989681959152	0.03464101254940033	0.01424263976514339	0.04276920855045319	0.01256662886589766	0.01265365909785032	0.02271698787808418	0.03958449140191078	0.01670107990503311	0.02035273052752018	0.02982015535235405	0.0344388410449028	0.02433400973677635	0.01620462536811829	0.0279217604547739	0.0302859153598547	0.03136808797717094	0.02767723426222801	0.04287389293313026	0.04228920862078667	0.04195770621299744	0.01895568147301674	0.04218452796339989	0.01770222000777721	0.01610162295401096	0.01932548545300961	0.01817465759813786	0.0245477557182312	0.01827473379671574	0.02028818055987358	0.02966193854808807	0.03630958870053291	0.03391492739319801	0.0401698611676693	0.02621893025934696	0.0338473953306675	0.02032183110713959	0.0341445580124855	0.008698088116943836	0.03820149973034859	0.008640841580927372	0.03162673860788345	0.04356539249420166	0.03516601026058197	0.03159886598587036	0.04194237664341927	0.01598580367863178	0.03894954174757004	0.01193541847169399	0.02117619290947914	0.01572998240590096	0.0276136826723814	0.03358663991093636	0.0356164313852787	0.02301410585641861	0.01774161495268345	0.02054808102548122	0.01791865192353725	0.0160653293132782	0.04356539249420166	0.02641200833022594	0.02530609257519245	0.0343652106821537	0.03267073631286621	0.03312026336789131	0.01809165440499783	0.03819089010357857	0.02305050380527973	0.01997093856334686	0.01672668568789959	0.03481849282979965	0.03265207633376122	0.03471808880567551	0.03751418367028236	0.04032121598720551	0.04737188294529915	0.03759769350290298	0.04458986595273018	0.04335374385118484	0.03730153664946556	0.02180957607924938	0.03558694198727608	0.1069033890962601	0.1019002050161362	0.03977914527058601	0.02906763553619385	0.08479870110750198	0.03668197616934776	0.03761960938572884	0.04102558642625809	0.0540766753256321	0.05032189562916756	0.04156618565320969	0.04220336303114891	0.03465016186237335	0.04107185453176498	0.01470076479017735	0.04356539249420166	0.0170914251357317	0.04046959429979324	0.02687709778547287	0.03713750466704369	0.02809428609907627	0.03530974313616753	0.03392459824681282	0.02248603291809559	0.04037133604288101	0.0381736233830452	0.03119667619466782	0.0521269217133522	0.0296768881380558	0.03368083015084267	0.03737308457493782	0.0377170629799366	0.03531704843044281	0.04139156639575958	0.03944334387779236	0.03958391398191452	0.03762470185756683	0.03843986988067627	0.01806964725255966	0.02484997548162937	0.03982985764741898	0.02922253683209419	0.03415705636143684	0.03779790550470352	0.03528584167361259	0.03274152055382729	0.03132269158959389	0.01755766943097115	0.01292625162750483	0.01705099642276764	0.02436705306172371	0.01528089120984077	0.01857874356210232	0.02836175635457039	0.03883633762598038	0.0291229709982872	0.02766620367765427	0.04002071171998978	0.03672292083501816	0.02311504445970058	0.02944125793874264	0.01628402061760426	0.03112360835075378	0.026105722412467	0.01452461816370487	0.03990961983799934	0.03418842703104019	0.04183339700102806	0.0343664363026619	0.04145238921046257	0.02012267895042896	0.02050074376165867	0.1255137771368027	0.133194699883461	0.03818216174840927	0.02182698436081409	0.04999181628227234	0.1123154684901237	0.01775509864091873	0.02101637423038483	0.01719462871551514	0.0263747051358223	0	0.01703564077615738	0.08449091762304306	0.03125026449561119	0.04067200049757957	0.01197582110762596	0.08255797624588013	0.02246994338929653	0.1194084361195564	0.01901407167315483	0.03543699905276299	0.02073363587260246	0.01699470728635788	0.1317833364009857
S6-male-3	0.07003976404666901	0.0607910081744194	0.04381606727838516	0.05409650504589081	0.01291775144636631	0.003399158595129848	0.02478243783116341	0.06498873233795166	0.04547715187072754	0.06968940049409866	0.08122758567333221	0.04694696515798569	0.002903044456616044	0.02279660664498806	0.03842150047421455	0.03068387322127819	0.03629244491457939	0.0411049909889698	0.0229332335293293	0.05218613520264626	0.02211261168122292	0.01481804065406322	0.03393290564417839	0.04900142177939415	0.02285904809832573	0.03092269971966743	0.04014625772833824	0.04500880837440491	0.03382826969027519	0.02263474091887474	0.03919336572289467	0.03620455414056778	0.03839090093970299	0.03801863640546799	0.05229081586003304	0.05181073769927025	0.05137462541460991	0.0285817738622427	0.05170605704188347	0.02686490118503571	0.01774372532963753	0.00600773748010397	0.01713891699910164	0.0330706313252449	0.01051026675850153	0.0216946043074131	0.04019724577665329	0.04687955603003502	0.04448489099740982	0.04979659989476204	0.03452099859714508	0.0444173589348793	0.01193810533732176	0.03584796935319901	0.01888956688344479	0.04761842638254166	0.02252459339797497	0.04219670593738556	0.05298230797052383	0.0459451824426651	0.04191902652382851	0.05135929957032204	0.007746417541056871	0.04836647212505341	0.01741095259785652	0.0301701296120882	0.008965402841567993	0.03767694905400276	0.04391273856163025	0.04618640244007111	0.02989311888813972	0.001513415132649243	0.03087417408823967	0.002447431674227118	0.008440916426479816	0.05298230797052383	0.0393013134598732	0.03524722158908844	0.04544063284993172	0.04342060908675194	0.04154446721076965	0.003599076298996806	0.04823662340641022	0.03371914103627205	0.02490544691681862	0.01738267205655575	0.04529855027794838	0.04284749925136566	0.04413501173257828	0.04693110287189484	0.05110038444399834	0.05794184654951096	0.04816766083240509	0.05515983328223228	0.05277065932750702	0.04773223400115967	0.03411656990647316	0.04604043439030647	0.1163203120231628	0.1113171204924583	0.04690682888031006	0.03995142132043839	0.09536872059106827	0.04488537460565567	0.0470365397632122	0.05044250562787056	0.06429816782474518	0.06089187040925026	0.05098310858011246	0.05162027850747108	0.0469135083258152	0.05048878490924835	0.02329198084771633	0.05298230797052383	0.01297829300165176	0.04988652467727661	0.03783631324768066	0.04359353706240654	0.03654765710234642	0.04598432034254074	0.04418013989925385	0.03316060081124306	0.04978826642036438	0.04759055003523827	0.04061359912157059	0.06154384091496468	0.04024685546755791	0.04425079748034477	0.04794305935502052	0.04765819013118744	0.04620082676410675	0.05087808519601822	0.04896487295627594	0.04949525743722916	0.0470416285097599	0.04785679653286934	0.02503212913870811	0.03570462763309479	0.0498160719871521	0.03764107078313828	0.04357398673892021	0.04721483588218689	0.04614045098423958	0.04331148415803909	0.04171841964125633	0.02087467908859253	0.01564968936145306	0.0135443452745676	0.03522166237235069	0.01556972321122885	0.0228862538933754	0.03950100392103195	0.04940629750490189	0.04054686054587364	0.03823617100715637	0.04800896719098091	0.04729289561510086	0.02818071283400059	0.04001122713088989	0.02072297595441341	0.04054053127765656	0.03667569160461426	0.02993350103497505	0.05047957971692085	0.0447583831846714	0.05125032737851143	0.04364554584026337	0.04750436544418335	0.02256862819194794	0.004702737089246511	0.1346518248319626	0.142611637711525	0.04381606727838516	0.009732854552567005	0.05717790871858597	0.1215581595897675	0.01616764813661575	0.02202253229916096	0.0007523558451794088	0.02306285127997398	0.01703564077615738	0	0.09338513016700745	0.03759918734431267	0.04999202489852905	0.01772128231823444	0.09112890809774399	0.02974442392587662	0.1295603364706039	0.02369005046784878	0.04148896783590317	0.02715909481048584	0.00417774636298418	0.1412002742290497
S7-female-2	0.05486604198813438	0.03500182926654816	0.1105780899524689	0.0415915809571743	0.08339887112379074	0.09228892624378204	0.08149825781583786	0.03111851960420609	0.1047904640436172	0.05422455817461014	0.03605127334594727	0.09927775710821152	0.09552467614412308	0.09312252700328827	0.0996965691447258	0.09831834584474564	0.1016790121793747	0.0702817365527153	0.09061875939369202	0.1043777391314507	0.08792316168546677	0.09134877473115921	0.08930180966854095	0.101193018257618	0.09217672049999237	0.09046407043933868	0.09458404034376144	0.09686429053544998	0.09552671760320663	0.09104678779840469	0.1021614298224449	0.1027588099241257	0.1045148372650146	0.1026790365576744	0.1044824197888374	0.1040023416280746	0.1036358177661896	0.08813981711864471	0.1038976609706879	0.09040781110525131	0.09296762943267822	0.09500403702259064	0.09186232835054398	0.0972871333360672	0.09579869359731674	0.09773552417755127	0.09574268013238907	0.09921034425497055	0.09855040907859802	0.1019882038235664	0.09864811599254608	0.09709507972002029	0.08755582571029663	0.06420537829399109	0.08672230690717697	0.09981003403663635	0.08636322617530823	0.1004256382584572	0.1051739156246185	0.09896986186504364	0.1018811836838722	0.1036900877952576	0.0923105925321579	0.1005580648779869	0.08670538663864136	0.08489111810922623	0.09115803241729736	0.1004223302006721	0.1014462187886238	0.1030275225639343	0.08951056003570557	0.09455157816410065	0.08796010166406631	0.09488111734390259	0.09227544814348221	0.1051739156246185	0.09868167340755463	0.08757801353931427	0.102091059088707	0.1037572100758553	0.1052397638559341	0.09436703473329544	0.1005674004554749	0.09507731348276138	0.09529769420623779	0.0932011678814888	0.09749015420675278	0.0951782763004303	0.09632661938667297	0.0991922989487648	0.09329894930124283	0.07122371345758438	0.07227563112974167	0.0707782506942749	0.1049622669816017	0.09971453249454498	0.09473930299282074	0.1066980361938477	0.1583625674247742	0.01828046701848507	0.1121840998530388	0.09818035364151001	0.01584167033433914	0.09515593200922012	0.07938244193792343	0.1026341021060944	0.1009804755449295	0.09021224081516266	0.1033138930797577	0.1039510667324066	0.09910512715578079	0.102680392563343	0.08999793231487274	0.1051739156246185	0.09175003319978714	0.1021477207541466	0.09342143684625626	0.06745541095733643	0.100111149251461	0.09190723299980164	0.09651092439889908	0.09173649549484253	0.08853986859321594	0.09640475362539291	0.09280519932508469	0.09009364247322083	0.09257762879133224	0.09658156335353851	0.09689643234014511	0.09998896718025208	0.09285995364189148	0.1032088547945023	0.1012956649065018	0.1018260344862938	0.0992332324385643	0.09329359233379364	0.08462535589933395	0.0821063220500946	0.1020076796412468	0.101074293255806	0.09590477496385574	0.09954562038183212	0.09847121685743332	0.1004995703697205	0.09404920041561127	0.09442366659641266	0.09162589907646179	0.09349454194307327	0.09011290222406387	0.09027493745088577	0.0901142805814743	0.09903441369533539	0.09160487353801727	0.09431391954421997	0.09264865517616272	0.1121360808610916	0.1027462184429169	0.09812031686306	0.09858709573745728	0.09143651276826859	0.09287132322788239	0.09282294660806656	0.08589083701372147	0.106718935072422	0.09917086362838745	0.1035811007022858	0.1056909337639809	0.1147540360689163	0.09762430191040039	0.09400918334722519	0.041754350066185	0.04957498237490654	0.1105780899524689	0.0848437026143074	0.04199890047311783	0.02852149121463299	0.09508337080478668	0.0911717563867569	0.09392811357975006	0.0761871337890625	0.08449091762304306	0.09338513016700745	0	0.09332732111215591	0.05954909324645996	0.08973744511604309	0.004978340584784746	0.06878460943698883	0.03617521747946739	0.09175033122301102	0.1087386682629585	0.09397847205400467	0.09088188409805298	0.0483027957379818
S7-female-3	0.04308151081204414	0.07246389240026474	0.01912965439260006	0.06185324490070343	0.0389251671731472	0.03433920815587044	0.02508906833827496	0.07602927088737488	0.01334203314036131	0.04357004538178444	0.06062208861112595	0.04882624372839928	0.03980832546949387	0.02789660356938839	0.02318554557859898	0.01761437207460403	0.0176798477768898	0.04898379743099213	0.02455585822463036	0.05818260833621025	0.0343860536813736	0.04001849517226219	0.03679367154836655	0.05499789491295815	0.0213810633867979	0.03424674272537231	0.03272806480526924	0.04309776797890663	0.01913466863334179	0.0306969340890646	0.01674645021557808	0.01256775297224522	0.01414958015084267	0.01514415815472603	0.05828729271888733	0.05780721455812454	0.0573710985481739	0.03780308365821838	0.05770253017544746	0.02576552890241146	0.02684320509433746	0.04109203070402145	0.04273804649710655	0.01561580877751112	0.03258055821061134	0.02478110045194626	0.02732051350176334	0.04561612010002136	0.03606763482093811	0.05526929721236229	0.01566112972795963	0.0397658608853817	0.02834659069776535	0.04798334464430809	0.02528989501297474	0.05361490324139595	0.03509726747870445	0.02725204452872276	0.05897879600524902	0.03854241222143173	0.02226774953305721	0.05735577642917633	0.0389670617878437	0.0543629452586174	0.03222673013806343	0.04312238842248917	0.0382932685315609	0.01819710619747639	0.02656499855220318	0.03086047060787678	0.04600709676742554	0.03869606927037239	0.03458920866250992	0.03916478157043457	0.03710602596402168	0.05897879600524902	0.02456879243254662	0.04294023290276527	0.02952855825424194	0.0219228733330965	0.01703953370451927	0.03899762406945229	0.05276791378855705	0.03273820504546165	0.03194552287459373	0.03454630076885223	0.05129503086209297	0.04884397983551025	0.05013149231672287	0.05292758345603943	0.03886944800615311	0.03841785341501236	0.03298760205507278	0.04103914648294449	0.05876714363694191	0.04329552501440048	0.0307620894163847	0.03190134465694427	0.1216038465499878	0.1071813926100731	0.0230354405939579	0.02877938747406006	0.08599511533975601	0.0130689786747098	0.0447850376367569	0.05643898993730545	0.05353239923715591	0.04866093024611473	0.05697958916425705	0.05761676281690598	0.05290998890995979	0.05648525804281235	0.0407099537551403	0.05897879600524902	0.0403352864086628	0.05588299408555031	0.03468862175941467	0.05020765587687492	0.02160653471946716	0.03447875753045082	0.04804843664169312	0.02758227288722992	0.04565254226326942	0.05020963400602341	0.0470287948846817	0.05740811303257942	0.04013712331652641	0.04679308459162712	0.03981489688158035	0.05218948423862457	0.04174547269940376	0.05680497363209724	0.05496135354042053	0.05468955636024475	0.0530381090939045	0.04709847643971443	0.03653378412127495	0.03496606275439262	0.05581254884600639	0.0226066131144762	0.04957046359777451	0.05321131274104118	0.040726687759161	0.03213945776224136	0.03770025819540024	0.02829925715923309	0.0369834303855896	0.03803995251655579	0.03956899791955948	0.03910624235868454	0.04321727901697159	0.02773557603359222	0.04049037396907806	0.03712211176753044	0.03348542004823685	0.02437523379921913	0.03552744537591934	0.01954643987119198	0.02883920073509216	0.03844150528311729	0.04653700441122055	0.03578031063079834	0.03192604333162308	0.02880918048322201	0.03602961450815201	0.05724680796265602	0.02357230335474014	0.02491148002445698	0.02288961224257946	0.03836243227124214	0.1304465085268021	0.1384758949279785	0.01912965439260006	0.03226468339562416	0.05898115411400795	0.117422416806221	0.02143154107034206	0.03627927601337433	0.03747918456792831	0.03392427787184715	0.03125026449561119	0.03759918734431267	0.09332732111215591	0	0.03619805723428726	0.02176526561379433	0.09458132833242416	0.03120052069425583	0.1212378814816475	0.01453597098588943	0.01889608427882195	0.01212281174957752	0.03376999124884605	0.1370645463466644
S7-male-2	0.02196177095174789	0.03626589104533195	0.05532769858837128	0.02670069597661495	0.03997070714831352	0.04760323092341423	0.02909811213612556	0.03983128815889359	0.04954001307487488	0.02126346901059151	0.03405807912349701	0.06285790354013443	0.05202685669064522	0.03768958523869514	0.04204460978507996	0.04331091046333313	0.04402702674269676	0.03305022418498993	0.04140492901206017	0.072214275598526	0.04209427908062935	0.04878118261694908	0.0499873124063015	0.0690295547246933	0.03269732743501663	0.04195496812462807	0.04663285240530968	0.05712936446070671	0.037874735891819	0.0384051613509655	0.04450944438576698	0.04562952741980553	0.04738558828830719	0.0453755110502243	0.07231894880533218	0.0718388631939888	0.07140275835990906	0.0498325377702713	0.07173418253660202	0.03756292909383774	0.03732704371213913	0.05157586559653282	0.0504462756216526	0.0399836041033268	0.0447990782558918	0.0381864532828331	0.0419454500079155	0.05964778736233711	0.05009930208325386	0.06930094957351685	0.04259714484214783	0.05379754677414894	0.03987127169966698	0.02191756293177605	0.03600249439477921	0.06764655560255051	0.04367391020059586	0.04624317586421967	0.07301044464111328	0.05257407575845718	0.04627883806824684	0.07138741761445999	0.04867367073893547	0.06839460134506226	0.04201970994472504	0.05083062872290611	0.04752111062407494	0.04311879351735115	0.04855097830295563	0.05023286491632462	0.05371532589197159	0.05091466754674911	0.04528387263417244	0.05138330534100533	0.0472429096698761	0.07301044464111328	0.04361139237880707	0.05381018295884132	0.04942367598414421	0.0472293421626091	0.04811049252748489	0.05086926370859146	0.06679957360029221	0.04572232440114021	0.0494399406015873	0.04747071489691734	0.06532669067382812	0.06287563592195511	0.06416314840316772	0.06695923209190369	0.05290111154317856	0.01867550797760487	0.02168554067611694	0.02467419765889645	0.07279878854751587	0.05941803008317947	0.04406047984957695	0.05008690431714058	0.1325460523366928	0.07730682939291	0.05453211441636086	0.04399788379669189	0.05612059682607651	0.03785201162099838	0.04680021479725838	0.07047063857316971	0.06222204864025116	0.04981439188122749	0.07101123780012131	0.07164841145277023	0.06694164872169495	0.0705169215798378	0.04946577548980713	0.07301044464111328	0.04804351180791855	0.06991465389728546	0.04861554503440857	0.03089667484164238	0.04298188164830208	0.0485103651881218	0.06208009272813797	0.04024017602205276	0.05630681663751602	0.06424128264188766	0.06064167618751526	0.05793017894029617	0.05416879057884216	0.06082473322749138	0.0538465715944767	0.06622114032506943	0.05577713251113892	0.0708366259932518	0.06899300962686539	0.06872121244668961	0.06706976890563965	0.06113013625144958	0.04633564874529839	0.04688283428549767	0.06984421610832214	0.04342230781912804	0.06360212713479996	0.06724297255277634	0.05475836247205734	0.0473579540848732	0.05173192918300629	0.03878309577703476	0.04548250511288643	0.04713598266243935	0.04980659857392311	0.04681447148323059	0.05092544108629227	0.04354747757315636	0.05452203378081322	0.05115378275513649	0.0475170835852623	0.05448408797383308	0.05133936926722527	0.03937357664108276	0.044057697057724	0.04614973440766335	0.0605686828494072	0.04728260636329651	0.04137636721134186	0.05114865675568581	0.05006127431988716	0.07127845287322998	0.04803890734910965	0.05710204690694809	0.0380752831697464	0.05058102682232857	0.1005719602108002	0.1086013689637184	0.05532769858837128	0.04054377973079681	0.02278317138552666	0.08754786849021912	0.03765761479735374	0.04481321573257446	0.0498720183968544	0.02752110920846462	0.04067200049757957	0.04999202489852905	0.05954909324645996	0.03619805723428726	0	0.03398386761546135	0.05838334932923317	0.02116535790264606	0.09275722503662109	0.03220130503177643	0.0510866641998291	0.03650065883994102	0.04598851501941681	0.1071899905800819
S7-male-3	0.0543450191617012	0.06271665543317795	0.02881522476673126	0.05395330116152763	0.02917793951928616	0.01554138213396072	0.01932761818170547	0.06649139523506165	0.02978240884840488	0.05385548248887062	0.06573168933391571	0.03844279050827026	0.01835582032799721	0.01121558994054794	0.02118721418082714	0.0155438520014286	0.01888391748070717	0.03926659747958183	0.01086489390581846	0.04696385189890862	0.01519120577722788	0.01962588168680668	0.02497453242540359	0.04377913475036621	0.00714246928691864	0.01875203102827072	0.02518134936690331	0.03388570621609688	0.01641974225640297	0.01290118414908648	0.02178484387695789	0.02010452002286911	0.02250302396714687	0.02095859497785568	0.04706853628158569	0.04658845812082291	0.04615234583616257	0.02322031185030937	0.04648377373814583	0.01064311992377043	0.008452942594885826	0.01998647302389145	0.02163249999284744	0.01601058430969715	0.01351015828549862	0.008938930928707123	0.02313719876110554	0.03523267060518265	0.02707636542618275	0.04405052959918976	0.01711247302591801	0.02910397201776505	0.01820854656398296	0.03714921325445175	0.007767799310386181	0.04239613935351372	0.01687350682914257	0.02478818036615849	0.04776003211736679	0.03010801784694195	0.0248589813709259	0.0461370162665844	0.0178615003824234	0.04314418509602547	0.01328227669000626	0.02494784630835056	0.01736194640398026	0.02061690390110016	0.02685268968343735	0.02877787314355373	0.02678576111793518	0.01785662025213242	0.02114712446928024	0.01854047738015652	0.01627890951931477	0.04776003211736679	0.02189279161393642	0.02883818559348583	0.02838057652115822	0.02618632465600967	0.02448442205786705	0.01789207011461258	0.04182758927345276	0.02154846861958504	0.01964861713349819	0.0163006167858839	0.04007626697421074	0.03847981616854668	0.03976733237504959	0.0417088195681572	0.03945350646972656	0.04053331539034843	0.03285427391529083	0.04037023708224297	0.04754837974905968	0.03538625687360764	0.02089832723140717	0.02863191813230515	0.1117110922932625	0.1069494336843491	0.03035290911793709	0.0227517131716013	0.08490855246782303	0.02768566459417343	0.04181424528360367	0.04522022977471352	0.05404732003808022	0.04924498870968819	0.04576082527637482	0.04639799892902374	0.04169122874736786	0.04526650160551071	0.02188841067254543	0.04776003211736679	0.01922972872853279	0.04466423392295837	0.02461806870996952	0.04090916365385056	0.01948761753737926	0.0322422944009304	0.03724732622504234	0.01679964736104012	0.04456597939133644	0.04236827045679092	0.03539131581783295	0.05632155761122704	0.03017132543027401	0.03627040609717369	0.03420102223753929	0.04124915599822998	0.03717287257313728	0.04558620601892471	0.043742585927248	0.04361001029610634	0.04181934520602226	0.042634516954422	0.02194606140255928	0.02838719636201859	0.04459378868341446	0.02023255452513695	0.03877900540828705	0.04199255257844925	0.0318746343255043	0.02675756253302097	0.02952902019023895	0.009908988140523434	0.01643474027514458	0.01749127730727196	0.02566991560161114	0.01813990622758865	0.02253043465316296	0.02209248393774033	0.04037834331393242	0.02785241045057774	0.02449414879083633	0.03060044720768929	0.02988437004387379	0.01240245811641216	0.02260269969701767	0.01824140548706055	0.03531824797391891	0.0239812359213829	0.0203817542642355	0.03307106718420982	0.02787365764379501	0.04602804034948349	0.02623703330755234	0.03201586753129959	0.01026317290961742	0.0215134508907795	0.1307603120803833	0.1382439434528351	0.02881522476673126	0.02276131883263588	0.05181319639086723	0.1177362203598022	0.007581776473671198	0.0224853940308094	0.01767090521752834	0.02417704276740551	0.01197582110762596	0.01772128231823444	0.08973744511604309	0.02176526561379433	0.03398386761546135	0	0.08755574375391006	0.02235913276672363	0.1232937276363373	0.009127511642873287	0.02600047737360001	0.01158879045397043	0.01706022210419178	0.1372040957212448
S8-female-2	0.05612003803253174	0.03033791668713093	0.1118320673704147	0.03968384861946106	0.07842053472995758	0.09038118273019791	0.07959052920341492	0.02614017575979233	0.1060444638133049	0.05547856166958809	0.03730525821447372	0.1001817584037781	0.09113974869251251	0.09121478348970413	0.1004278659820557	0.09904856979846954	0.1022360324859619	0.06530340015888214	0.09065202623605728	0.1029080599546432	0.08531849086284637	0.08637041598558426	0.08968447893857956	0.09972334653139114	0.08957206457853317	0.08912408351898193	0.09566379338502884	0.09776826947927475	0.09608377516269684	0.08844209462404251	0.1027184575796127	0.1040127798914909	0.1057688370347023	0.1037587895989418	0.10301274061203	0.1025326699018478	0.1027595549821854	0.08817308396100998	0.1024279892444611	0.09016257524490356	0.09036295115947723	0.09002568572759628	0.08747739344835281	0.09836689382791519	0.09319400787353516	0.09513086080551147	0.0966481938958168	0.1001143306493759	0.09910745173692703	0.102613665163517	0.09920515865087509	0.09765211492776871	0.08495114743709564	0.0616006962954998	0.08485458046197891	0.09834035485982895	0.08438661694526672	0.1009826734662056	0.1037042513489723	0.09952689707279205	0.1031351834535599	0.1034072488546371	0.08911251276731491	0.0990883931517601	0.08479765802621841	0.08089206367731094	0.08872760087251663	0.1015020608901978	0.1027002260088921	0.1035845726728439	0.084532231092453	0.09135349094867706	0.08862082660198212	0.09049618244171143	0.08967076987028122	0.1037042513489723	0.09923870861530304	0.08848198503255844	0.1033450737595558	0.1044884845614433	0.1064937487244606	0.08998208492994308	0.1014713868498802	0.09511058777570724	0.09550521522760391	0.09164330363273621	0.09602048248052597	0.09541922807693481	0.09485694020986557	0.09831603616476059	0.09420293569564819	0.07178075611591339	0.07283268123865128	0.07133528590202332	0.1034926101565361	0.101315476000309	0.09529634565114975	0.1072550714015961	0.1577239334583282	0.02018819563090801	0.1127411350607872	0.09873739629983902	0.0164671428501606	0.09571297466754913	0.0774940624833107	0.1011644378304482	0.1022329330444336	0.09111624211072922	0.1030310541391373	0.1036682277917862	0.09868302196264267	0.10173449665308	0.08711476624011993	0.1037042513489723	0.08914535492658615	0.1012714579701424	0.09397849440574646	0.06307049095630646	0.1013651564717293	0.09246428310871124	0.09741489589214325	0.09229352325201035	0.08766359835863113	0.09545884281396866	0.09133552759885788	0.08862397074699402	0.09348160773515701	0.09748555719852448	0.09780041128396988	0.1008929461240768	0.09376395493745804	0.1035194396972656	0.101222075521946	0.1027300208806992	0.09933493286371231	0.09287148714065552	0.08278897404670715	0.08252408355474472	0.10053800791502	0.1016313210129738	0.09562194347381592	0.0992627814412117	0.09937521815299988	0.1010566204786301	0.09512742608785629	0.09181899577379227	0.08902121335268021	0.09088985621929169	0.09066992998123169	0.08767024427652359	0.08632277697324753	0.099591463804245	0.09250885993242264	0.09487095475196838	0.09320569038391113	0.1126931384205818	0.1033032611012459	0.09691094607114792	0.09914415329694748	0.08883184939622879	0.09258846938610077	0.09337995946407318	0.08561042696237564	0.1072759553790092	0.09972790628671646	0.1032982617616653	0.1062479838728905	0.1153110638260841	0.09501960873603821	0.08903084695339203	0.04620997235178947	0.05148271843791008	0.1118320673704147	0.08241327106952667	0.03939422965049744	0.03119687549769878	0.09317565709352493	0.08856707811355591	0.0916718989610672	0.07330392301082611	0.08255797624588013	0.09112890809774399	0.004978340584784746	0.09458132833242416	0.05838334932923317	0.08755574375391006	0	0.06729988008737564	0.04115355387330055	0.08935517817735672	0.1092956885695457	0.09488397836685181	0.08827719837427139	0.05139736086130142
S8-female-3	0.04093427956104279	0.04246078431606293	0.0486600361764431	0.03279158845543861	0.0198973510414362	0.02700715884566307	0.013701057061553	0.04623553156852722	0.042872354388237	0.0402226597070694	0.05205252021551132	0.05008909106254578	0.03195349872112274	0.02740203589200974	0.03847163170576096	0.03545825928449631	0.03955220803618431	0.01966757513582706	0.02621117793023586	0.0583307184278965	0.02582136169075966	0.02921425923705101	0.03630137071013451	0.05514600500464439	0.02639846131205559	0.03225506842136383	0.04035372659564018	0.04610345885157585	0.03539828583598137	0.02716565877199173	0.04032590985298157	0.04063199087977409	0.0418187640607357	0.03998293727636337	0.05843539908528328	0.05795532092452049	0.05751921236515045	0.03465677425265312	0.05785064026713371	0.0287133976817131	0.02558979764580727	0.03150251135230064	0.03237130120396614	0.03459102287888527	0.02758336439728737	0.03077634237706661	0.03838986530900002	0.0484495721757412	0.0460549108684063	0.05541740730404854	0.0365213006734848	0.04598737880587578	0.0209126602858305	0.01770072057843208	0.02107824198901653	0.0537630133330822	0.0270564891397953	0.04376672208309174	0.05912689864635468	0.04751520603895187	0.04314049705862999	0.05750388279557228	0.02803102135658264	0.05451105535030365	0.02349868044257164	0.0363147184252739	0.02764186635613441	0.03850344195961952	0.0451342910528183	0.04775641486048698	0.03815263137221336	0.03084130585193634	0.03289879858493805	0.03101827390491962	0.02737832441926003	0.05912689864635468	0.04030204191803932	0.04013538733124733	0.04585523530840874	0.04418361559510231	0.042543675750494	0.03079591691493988	0.05312478914856911	0.03528915718197823	0.03222980722784996	0.02802430465817451	0.05087385326623917	0.04842279851436615	0.05027959868311882	0.05307569354772568	0.04253820329904556	0.02911525033414364	0.01934106461703777	0.02633324265480042	0.05891524627804756	0.04895377904176712	0.03511729836463928	0.04761044681072235	0.1203260496258736	0.08706507831811905	0.05005728080868721	0.04152143746614456	0.06713501363992691	0.03316093608736992	0.03291665017604828	0.0565870925784111	0.05148474872112274	0.04087738692760468	0.057127695530653	0.05776486918330193	0.05248881503939629	0.05663337558507919	0.03197305649518967	0.05912689864635468	0.03003812208771706	0.05603110790252686	0.03912168741226196	0.02187942527234554	0.03769970685243607	0.04079946503043175	0.04847489297389984	0.03473054990172386	0.04242325201630592	0.05035773292183876	0.04675812274217606	0.04404662176966667	0.04244571551680565	0.04770734533667564	0.04613567516207695	0.05254635587334633	0.04335690662264824	0.05695308372378349	0.05510946363210678	0.05469220131635666	0.05318621918559074	0.04724658280611038	0.02993553690612316	0.03271462768316269	0.05539137497544289	0.03921109065413475	0.04971858114004135	0.05335942283272743	0.04742583259940147	0.04488150030374527	0.04328843951225281	0.027045838534832	0.02646495774388313	0.02809077501296997	0.03745029866695404	0.02859402075409889	0.03361259773373604	0.04050173610448837	0.04210180416703224	0.04154759272933006	0.03980619460344315	0.05000926926732063	0.04886291176080704	0.03346410021185875	0.04158124327659607	0.0296783447265625	0.0466851219534874	0.03824570775032043	0.02826245129108429	0.04867220297455788	0.04632840305566788	0.05739491060376167	0.04521550238132477	0.05262722447514534	0.03087453171610832	0.03022302687168121	0.1103302016854286	0.1183596029877663	0.0486600361764431	0.02039417251944542	0.03225547447800636	0.09730612486600876	0.0272868312895298	0.02604545094072819	0.02962442114949226	0.008703934028744698	0.02246994338929653	0.02974442392587662	0.06878460943698883	0.03120052069425583	0.02116535790264606	0.02235913276672363	0.06729988008737564	0	0.1023413762450218	0.02636147290468216	0.04661183431744576	0.03155992925167084	0.02605433203279972	0.116948239505291
S8-male-1	0.08024720847606659	0.07117704302072525	0.1302681714296341	0.07546383142471313	0.1195741146802902	0.126161202788353	0.1138352155685425	0.06729372590780258	0.1257452368736267	0.07875975221395493	0.06101718544960022	0.1188988983631134	0.1316998898983002	0.1261564195156097	0.1284784525632858	0.1237966194748878	0.1329901069402695	0.1064569503068924	0.1153805702924728	0.1233341619372368	0.121479757130146	0.1275239735841751	0.1181097850203514	0.1226788088679314	0.1253848671913147	0.1236722096800804	0.1215735003352165	0.1201787367463112	0.1249408051371574	0.1242549046874046	0.124619722366333	0.1271886229515076	0.1253952533006668	0.1235545724630356	0.12322948127985	0.12285415828228	0.1225922405719757	0.1201110258698463	0.1229588389396667	0.120614267885685	0.1261757463216782	0.1311792582273483	0.1280375272035599	0.1264878809452057	0.1290068626403809	0.1309436708688736	0.1177704930305481	0.1179752945899963	0.1201669946312904	0.1197885051369667	0.123213067650795	0.1189906671643257	0.120763972401619	0.09978717565536499	0.1199304312467575	0.1221417784690857	0.1207581907510757	0.1222516149282455	0.1234980002045631	0.1197406277060509	0.1221997812390327	0.1220141500234604	0.1284858137369156	0.1220438554883003	0.1209957376122475	0.1210663095116615	0.1273332387208939	0.1256194710731506	0.1222964003682137	0.1235888004302979	0.1256857663393021	0.1307268142700195	0.1201130449771881	0.1310563385486603	0.1272638440132141	0.1234980002045631	0.1211399883031845	0.1213016882538795	0.1226523518562317	0.1243184730410576	0.1253830641508102	0.1305422484874725	0.1186553686857224	0.121552363038063	0.1180236786603928	0.1228154301643372	0.1160237416625023	0.1137118637561798	0.1159196421504021	0.1175163760781288	0.1127579510211945	0.09559179097414017	0.1000275611877441	0.09697751700878143	0.1232863590121269	0.1182263270020485	0.1212143748998642	0.1283068358898163	0.1731218993663788	0.0225710142403841	0.1333777159452438	0.1198939234018326	0.04111593216657639	0.1157172024250031	0.106404036283493	0.120958186686039	0.1205769032239914	0.110223151743412	0.1218473166227341	0.1222751289606094	0.1199077144265175	0.122164398431778	0.1240779832005501	0.1234980002045631	0.1279252171516418	0.1223688349127769	0.1212611123919487	0.1036305949091911	0.1261376738548279	0.1138336583971977	0.1130547598004341	0.1218919232487679	0.1138812676072121	0.1147288158535957	0.1210084483027458	0.1090500503778458	0.1161774843931198	0.1119385734200478	0.1190077662467957	0.1183951497077942	0.1139554977416992	0.1215329468250275	0.1203568354249001	0.1195567101240158	0.1198773458600044	0.112040638923645	0.1172413751482964	0.1117812097072601	0.1222287937998772	0.1304968595504761	0.115493543446064	0.1212407574057579	0.1200820282101631	0.1252821385860443	0.1165835335850716	0.1276317983865738	0.1254274398088455	0.1272960752248764	0.1226886957883835	0.1258567422628403	0.1262894719839096	0.126136988401413	0.1145108416676521	0.1201432794332504	0.1195333525538445	0.1326973289251328	0.1243628039956093	0.1290254592895508	0.1250573396682739	0.1246446594595909	0.1175803691148758	0.1241340413689613	0.1188894435763359	0.1283355057239532	0.1222615167498589	0.1219051703810692	0.1294096410274506	0.1353152990341187	0.1308324337005615	0.1301844120025635	0.01004975009709597	0.01723803952336311	0.1302681714296341	0.1204255074262619	0.07520703971385956	0.009956682100892067	0.1274203360080719	0.1249732971191406	0.1295099407434464	0.1097433939576149	0.1194084361195564	0.1295603364706039	0.03617521747946739	0.1212378814816475	0.09275722503662109	0.1232937276363373	0.04115355387330055	0.1023413762450218	0	0.1249584704637527	0.1343586444854736	0.1271866112947464	0.1259399056434631	0.01596585102379322
S8-male-2	0.04976383969187737	0.06565496325492859	0.02621691860258579	0.05626401305198669	0.03211626037955284	0.02130126394331455	0.02176491916179657	0.06922035664319992	0.02415365166962147	0.05011310800909996	0.06625930964946747	0.04422389343380928	0.02589766308665276	0.01520408038049936	0.01909301988780499	0.01398999430239201	0.01574214920401573	0.04217489063739777	0.01825040206313133	0.05358026176691055	0.02124517410993576	0.02693008072674274	0.03135329484939575	0.05039554834365845	0.00781735498458147	0.02332095429301262	0.02912372723221779	0.03873306885361671	0.01403940096497536	0.01713321730494499	0.01888071745634079	0.01624038256704807	0.01842672750353813	0.01805446483194828	0.05368494987487793	0.05320486426353455	0.0527687594294548	0.03067475371062756	0.05310018360614777	0.01736429333686829	0.0132794976234436	0.0275283195078373	0.02917434461414814	0.01310646254569292	0.01866989023983479	0.01066167280077934	0.02296188473701477	0.04101377353072166	0.03146528825163841	0.05066694319248199	0.0162966325879097	0.035163514316082	0.02153767645359039	0.04117443040013313	0.01352211646735668	0.04901255667209625	0.02250359393656254	0.02286011166870594	0.05437644198536873	0.03394006192684174	0.02237238921225071	0.05275342613458633	0.02540335059165955	0.0497605949640274	0.0199570432305336	0.031669020652771	0.02490379102528095	0.0177127830684185	0.02516823634505272	0.02639754489064217	0.03244338929653168	0.02443845011293888	0.02671933360397816	0.02533745020627975	0.02354231663048267	0.05437644198536873	0.0200362354516983	0.03517616540193558	0.02576258964836597	0.02304455265402794	0.02158029936254025	0.02543392032384872	0.04816556721925735	0.02656455338001251	0.02525220438838005	0.02359924837946892	0.04669268056750298	0.04424162209033966	0.04552914202213287	0.04832522943615913	0.04102190211415291	0.04057031124830246	0.03344813361763954	0.04319159314036369	0.05416478961706161	0.04095826670527458	0.0254264660179615	0.02729916013777256	0.117476798593998	0.1093338280916214	0.02635653875768185	0.02396827004849911	0.08814758807420731	0.02203063853085041	0.04505326971411705	0.05183663591742516	0.05603332817554474	0.05081337690353394	0.05237723886966705	0.05301441252231598	0.0483076423406601	0.05188291147351265	0.02866913750767708	0.05437644198536873	0.02677158080041409	0.05128064751625061	0.02998151816427708	0.04339874535799026	0.0171072892844677	0.03325381129980087	0.04344608262181282	0.02160622365772724	0.04780499264597893	0.04560727626085281	0.04200772941112518	0.05956057831645012	0.03553477674722672	0.04219073429703712	0.03521254286170006	0.04758713766932487	0.03997894003987312	0.05220261961221695	0.05035899952054024	0.05008720979094505	0.0484357587993145	0.04587352275848389	0.02558673173189163	0.03162620961666107	0.0512102022767067	0.01732843741774559	0.04496811702847481	0.04860896244645119	0.0361243411898613	0.02732834406197071	0.0332721471786499	0.01473554968833923	0.02341971173882484	0.02447624690830708	0.03117258660495281	0.02554253116250038	0.02965356223285198	0.02285486645996571	0.04264283180236816	0.03251976892352104	0.0288830678910017	0.02769633196294308	0.03064675070345402	0.008740339428186417	0.02402808330953121	0.02487780340015888	0.04193465784192085	0.02864859253168106	0.02250702492892742	0.02678954415023327	0.03142727166414261	0.05264445394277573	0.02333291247487068	0.02753867581486702	0.008492904715240002	0.02431996166706085	0.1327732056379318	0.1406283676624298	0.02621691860258579	0.02563001215457916	0.05217224732041359	0.1197491139173508	0.01135564316064119	0.02609296888113022	0.02357004396617413	0.02711536549031734	0.01901407167315483	0.02369005046784878	0.09175033122301102	0.01453597098588943	0.03220130503177643	0.009127511642873287	0.08935517817735672	0.02636147290468216	0.1249584704637527	0	0.02152328379452229	0.007326729129999876	0.01951237581670284	0.1392170041799545
S8-male-3	0.05944822728633881	0.08717824518680573	0.01894363015890121	0.07778728008270264	0.05363953113555908	0.03910017758607864	0.04328819364309311	0.09074363112449646	0.02060471475124359	0.05951377004384995	0.07671467214822769	0.04816167801618576	0.04404353350400925	0.0323074497282505	0.02079981006681919	0.02040008269250393	0.01182411145418882	0.06369815766811371	0.02636825852096081	0.05960305407643318	0.03920586407184601	0.04531358927488327	0.04055830463767052	0.05641833320260048	0.02596323378384113	0.03656454756855965	0.03654511645436287	0.04353400692343712	0.02302095480263233	0.03527909517288208	0.01663595251739025	0.00778310839086771	0.01132904458791018	0.01483053807169199	0.05970773473381996	0.05922765657305717	0.05879154428839684	0.04133842140436172	0.0591229684650898	0.02930086851119995	0.03142537176609039	0.04567418619990349	0.04732020944356918	0.01661920733749866	0.03392590954899788	0.02255253121256828	0.03299060463905334	0.04703656584024429	0.03748808056116104	0.05668973550200462	0.01729108020663261	0.04118630662560463	0.04306095466017723	0.06269770860671997	0.0301097072660923	0.05503534153103828	0.04015472903847694	0.02804672531783581	0.06039922684431076	0.03996285051107407	0.02609327062964439	0.05877621844410896	0.04334072396159172	0.05578338354825974	0.03768008574843407	0.0477045476436615	0.04304966330528259	0.01621286384761333	0.02993924915790558	0.02387050911784172	0.05058925598859787	0.04258432239294052	0.03969408571720123	0.04348332807421684	0.04168818518519402	0.06039922684431076	0.02536294050514698	0.04752239212393761	0.03000657819211483	0.02222452871501446	0.01518162433058023	0.04357978329062462	0.05314585193991661	0.03241081163287163	0.03291886299848557	0.03641363233327866	0.05271546542644501	0.05026441067457199	0.0515519306063652	0.0542437732219696	0.04833708703517914	0.04945522919297218	0.04665514826774597	0.05470668151974678	0.06018757820129395	0.04593855142593384	0.03314520418643951	0.0293258298188448	0.1237372308969498	0.1218957528471947	0.005417857319116592	0.03030532784759998	0.09754777699708939	0.0214789155870676	0.05738446861505508	0.05785942450165749	0.06532926857471466	0.05687756091356277	0.05798302590847015	0.05862020328640938	0.05433042719960213	0.05790569633245468	0.04548126086592674	0.06039922684431076	0.04429194331169128	0.05709493532776833	0.03561770915985107	0.06471350789070129	0.01736806891858578	0.03848399594426155	0.04800936579704285	0.0286199226975441	0.05826137587428093	0.05500746890902519	0.05076923966407776	0.0689607709646225	0.03895131126046181	0.04633701592683792	0.04044273123145103	0.05308867245912552	0.04904705286026001	0.05780841037631035	0.05638179183006287	0.05590149760246277	0.05445854738354683	0.05527371540665627	0.04344651848077774	0.04504770785570145	0.05723298713564873	0.01738474890589714	0.05057390034198761	0.05421475321054459	0.03776863217353821	0.02709612995386124	0.03554193302989006	0.02829441055655479	0.04000183567404747	0.0409541092813015	0.04164915904402733	0.0426458977162838	0.04738243669271469	0.02431542612612247	0.05006226897239685	0.03499890863895416	0.03200053796172142	0.007391504012048244	0.03020602650940418	0.01564694568514824	0.02527416311204433	0.04156416282057762	0.04817279428243637	0.0366094745695591	0.03845525160431862	0.02380619198083878	0.03202905133366585	0.05825024470686913	0.01435763575136662	0.00601539108902216	0.01934137567877769	0.04584322869777679	0.1421733945608139	0.1500286012887955	0.01894363015890121	0.0471532791852951	0.07369551062583923	0.1304140090942383	0.02915456332266331	0.04761623963713646	0.04136896505951881	0.04863863438367844	0.03543699905276299	0.04148896783590317	0.1087386682629585	0.01889608427882195	0.0510866641998291	0.02600047737360001	0.1092956885695457	0.04661183431744576	0.1343586444854736	0.02152328379452229	0	0.01532947178930044	0.04103564843535423	0.148617222905159
S9-female-1	0.05164383724331856	0.07276654988527298	0.02050969190895557	0.06302711367607117	0.03922784700989723	0.02477030456066132	0.02852796018123627	0.07633194327354431	0.02174042351543903	0.05156313627958298	0.06848745048046112	0.0434231236577034	0.02963178418576717	0.01858978718519211	0.01743748039007187	0.01260978821665049	0.009702650830149651	0.04899479448795319	0.01799598149955273	0.05277949199080467	0.02450250089168549	0.03061023540794849	0.03032569959759712	0.04959478229284286	0.01140569988638163	0.02465486526489258	0.028212059289217	0.03816988319158554	0.01240331865847111	0.02086740173399448	0.01231189258396626	0.009829897433519363	0.01150942500680685	0.01113716792315245	0.05288417637348175	0.05240409448742867	0.05196798592805862	0.03071200847625732	0.05229941010475159	0.0174015499651432	0.0170136820524931	0.03126250207424164	0.03290852904319763	0.008910765871405602	0.02264165505766869	0.01439578738063574	0.02519003860652447	0.04021300375461578	0.03066451475024223	0.04986617714166641	0.01182936690747738	0.03436274453997612	0.02864926122128963	0.04828601703047752	0.0154063431546092	0.04821178317070007	0.02545136399567127	0.02164015732705593	0.05357566848397255	0.03313928842544556	0.01912965625524521	0.05195265263319016	0.02884585410356522	0.04895982891321182	0.0229199193418026	0.03329286351799965	0.0283178985118866	0.01177189778536558	0.02360120788216591	0.02476146072149277	0.03617757186293602	0.02838777564466	0.0259890966117382	0.0285023394972086	0.02727650105953217	0.05357566848397255	0.01797014288604259	0.0343753919005394	0.02400235831737518	0.016539067029953	0.01466299593448639	0.02916810661554337	0.04736479371786118	0.02660181000828743	0.02519849129021168	0.02618231624364853	0.04560023173689842	0.04314917698502541	0.04472837224602699	0.04752446338534355	0.04359852895140648	0.04314693436026573	0.03602476790547371	0.04576822370290756	0.05336401984095573	0.03980901837348938	0.0243340190500021	0.0259415153414011	0.1169136688113213	0.1119104623794556	0.02031704410910606	0.02316749654710293	0.09072421491146088	0.02094077505171299	0.04804854467511177	0.05103586614131927	0.05826147645711899	0.05338999629020691	0.05157646909356117	0.0522136390209198	0.04721519351005554	0.05108214542269707	0.03203501552343369	0.05357566848397255	0.03050575964152813	0.05047988146543503	0.02903490699827671	0.05051032826304436	0.01525524724274874	0.03583037480711937	0.04264530912041664	0.02080538682639599	0.0503816232085228	0.04818391054868698	0.04120689257979393	0.06213720142841339	0.03473400324583054	0.04138996079564095	0.03778917342424393	0.0467863641679287	0.042013980448246	0.05140184611082077	0.04955823346972466	0.04914059862494469	0.04763498529791832	0.04845015332102776	0.03154720366001129	0.03405700251460075	0.05011775344610214	0.01489013526588678	0.04416734352707863	0.04780819267034531	0.03517772629857063	0.02652757242321968	0.03229713812470436	0.01846973225474358	0.02686221897602081	0.02821042947471142	0.0302259735763073	0.02913087420165539	0.03324184566736221	0.02176241762936115	0.04521945863962173	0.03142732009291649	0.02808229438960552	0.02141918614506721	0.02984597533941269	0.01027873158454895	0.02322731167078018	0.02861198596656322	0.04113388434052467	0.02784781716763973	0.02562940493226051	0.0257396325469017	0.03062649443745613	0.05184368044137955	0.0170556977391243	0.02134486474096775	0.01203198730945587	0.03128570690751076	0.1351755857467651	0.1432049870491028	0.02050969190895557	0.03228273987770081	0.05928383767604828	0.1221514865756035	0.01482468564063311	0.03305871039628983	0.02703908830881119	0.03422694653272629	0.02073363587260246	0.02715909481048584	0.09397847205400467	0.01212281174957752	0.03650065883994102	0.01158879045397043	0.09488397836685181	0.03155992925167084	0.1271866112947464	0.007326729129999876	0.01532947178930044	0	0.02683903649449348	0.1417936235666275
S9-female-3	0.0664193332195282	0.05793929845094681	0.04391998797655106	0.0504760704934597	0.01260395161807537	0.003503077430650592	0.02116193436086178	0.06213703006505966	0.04185665398836136	0.06586020439863205	0.0773983970284462	0.0461466908454895	0.006385292392224073	0.0223448071628809	0.03755781054496765	0.03064861707389355	0.03525451570749283	0.03825328499078751	0.02213295549154282	0.05271182581782341	0.02107468247413635	0.01510607916861773	0.03310378268361092	0.0495271123945713	0.02205877378582954	0.02988477423787117	0.03945674002170563	0.04397081583738327	0.03302799165248871	0.02183446660637856	0.03839309141039848	0.03575275838375092	0.03793910518288612	0.03756683692336082	0.05281650647521019	0.0523364245891571	0.05190031602978706	0.02896828949451447	0.05223174393177032	0.02634302154183388	0.01694344729185104	0.008225372061133385	0.01766460947692394	0.03261883556842804	0.009472275152802467	0.02089426852762699	0.03636804595589638	0.04607928171753883	0.04368461668491364	0.04979850724339485	0.0337207242846489	0.04361708462238312	0.007760427426546812	0.03219408169388771	0.01785164140164852	0.04814411699771881	0.0214866641908884	0.04139643162488937	0.05350800603628159	0.04514490813016891	0.04146715998649597	0.05188498646020889	0.008202520199120045	0.04889216274023056	0.01716792024672031	0.03069582208991051	0.009595743380486965	0.0372251532971859	0.04346093535423279	0.04538613185286522	0.03041881136596203	0.004926145076751709	0.03042237460613251	0.005825075786560774	0.007640639785677195	0.05350800603628159	0.03850103542208672	0.03444694727659225	0.04475117847323418	0.04255685210227966	0.04109266772866249	0.00602621678262949	0.04743634536862373	0.03291886672377586	0.02462629228830338	0.01658239960670471	0.04582424461841583	0.04337318986654282	0.04466070234775543	0.04745679348707199	0.046922717243433	0.05376416444778442	0.04398997873067856	0.05098215863108635	0.05329635366797447	0.0472804382443428	0.03331629186868668	0.04524016007781029	0.1166083514690399	0.1084653809666634	0.04586890712380409	0.0391511470079422	0.0914694219827652	0.04070769622921944	0.04418475925922394	0.05096819996833801	0.06046896055340767	0.05671417713165283	0.05150879919528961	0.05214597284793854	0.04743920639157295	0.05101447552442551	0.02358002029359341	0.05350800603628159	0.01336480770260096	0.05041221529245377	0.03703603520989418	0.04074182361364365	0.03609586134552956	0.04180657118558884	0.04337986931204796	0.0323602594435215	0.04693655669689178	0.04473884031176567	0.04113922268152237	0.05869213119149208	0.03944658115506172	0.04345052316784859	0.04376537725329399	0.04685791581869125	0.04256473481655121	0.05133418366312981	0.04949056357145309	0.04921876639127731	0.04756731912493706	0.04500508308410645	0.02218041568994522	0.03180534392595291	0.05034176260232925	0.03684079647064209	0.04409968107938766	0.04774052649736404	0.04534017667174339	0.04251120984554291	0.04109238460659981	0.02007440663874149	0.01484941318631172	0.01274407189339399	0.03442138433456421	0.01529323402792215	0.02341188117861748	0.03870072960853577	0.04522862657904625	0.03974658623337746	0.03743589296936989	0.04720868915319443	0.04649262502789497	0.02772885002195835	0.03921095281839371	0.01992270164191723	0.04106622189283371	0.03587541356682777	0.02575582079589367	0.04630191251635551	0.04395810887217522	0.05177601799368858	0.04284520819783211	0.04705104231834412	0.0221153050661087	0.004807654768228531	0.1319047659635544	0.1397599279880524	0.04391998797655106	0.006745775695890188	0.05300021916627884	0.1188806518912315	0.01613239012658596	0.01784485392272472	0.004057740326970816	0.01916357129812241	0.01699470728635788	0.00417774636298418	0.09088188409805298	0.03376999124884605	0.04598851501941681	0.01706022210419178	0.08827719837427139	0.02605433203279972	0.1259399056434631	0.01951237581670284	0.04103564843535423	0.02683903649449348	0	0.1383485645055771
S9-male-2	0.09621305763721466	0.08142084628343582	0.1462340205907822	0.08989435434341431	0.1298179030418396	0.1405917257070541	0.1298010647296906	0.07753753662109375	0.1417110860347748	0.09458642452955246	0.07684386521577835	0.133157417178154	0.1418741047382355	0.1412861496210098	0.1429112255573273	0.1396232843399048	0.1472486257553101	0.1167007759213448	0.1291163861751556	0.1311493068933487	0.1353898346424103	0.1377677768468857	0.1319505423307419	0.1315348148345947	0.1396434009075165	0.1379307210445404	0.1363547444343567	0.1344372630119324	0.1391993165016174	0.1385134607553482	0.138878270983696	0.1424925625324249	0.1408734321594238	0.1383358091115952	0.1310446262359619	0.1306692957878113	0.1303377896547318	0.1314024776220322	0.1307739764451981	0.1345245689153671	0.1404342949390411	0.1414230614900589	0.138211727142334	0.1412691473960876	0.1432653665542603	0.1452022045850754	0.1323775053024292	0.1322338134050369	0.1344255357980728	0.1302158683538437	0.1374716013669968	0.1331795752048492	0.1350224912166595	0.1116720587015152	0.1341889500617981	0.1316916793584824	0.1338298618793488	0.1365101486444473	0.131313145160675	0.1339991539716721	0.1380264461040497	0.1296901106834412	0.139183834195137	0.1308998614549637	0.1349385678768158	0.1313101053237915	0.1387989670038223	0.1404007077217102	0.1381230503320694	0.1378473192453384	0.1359295845031738	0.1414248198270798	0.1348942965269089	0.1412305384874344	0.1397421211004257	0.131313145160675	0.1353985220193863	0.1337799727916718	0.1376078128814697	0.1387512534856796	0.1408612579107285	0.1407164633274078	0.131133645772934	0.1358108967542648	0.1323868036270142	0.1364805549383163	0.1242343187332153	0.1232160851359367	0.1240817457437515	0.1252619326114655	0.1270164847373962	0.1098503321409225	0.1142860874533653	0.1110967919230461	0.1311015039682388	0.1340529918670654	0.1354728788137436	0.1425653845071793	0.1792038977146149	0.03281481191515923	0.1476362496614456	0.1341524422168732	0.05502622574567795	0.1299757361412048	0.116647832095623	0.1287733316421509	0.1351839005947113	0.1244816780090332	0.1298702359199524	0.1299510896205902	0.1292909532785416	0.1303264945745468	0.1348455399274826	0.131313145160675	0.1392166912555695	0.1308082789182663	0.1355196386575699	0.1138048097491264	0.1410931348800659	0.1280921846628189	0.1254325360059738	0.136150449514389	0.124055489897728	0.1225439608097076	0.1312522441148758	0.1168652102351189	0.1304360032081604	0.1261970996856689	0.1332662999629974	0.1308734267950058	0.1282140165567398	0.1301492601633072	0.1296298503875732	0.1301855742931366	0.1299510300159454	0.1202027425169945	0.1285327672958374	0.1250285655260086	0.130654513835907	0.1447553932666779	0.1238634139299393	0.130998432636261	0.1343405544757843	0.1395406574010849	0.1310162991285324	0.1418903321027756	0.1390925645828247	0.1409611850976944	0.1369472295045853	0.1377416253089905	0.1363941133022308	0.1403955072164536	0.1287693530321121	0.1344018131494522	0.1337918788194656	0.1469558924436569	0.1386213600635529	0.1436324417591095	0.1393158733844757	0.1389031708240509	0.1276849955320358	0.1383925825357437	0.1331479847431183	0.1425940692424774	0.1365200579166412	0.1295811384916306	0.1436681896448135	0.1495738476514816	0.1450909674167633	0.140428215265274	0.006618030369281769	0.001411368255503476	0.1462340205907822	0.1324846297502518	0.08946556597948074	0.02037471905350685	0.1432469934225082	0.1386384069919586	0.1417432874441147	0.1236536949872971	0.1317833364009857	0.1412002742290497	0.0483027957379818	0.1370645463466644	0.1071899905800819	0.1372040957212448	0.05139736086130142	0.116948239505291	0.01596585102379322	0.1392170041799545	0.148617222905159	0.1417936235666275	0.1383485645055771	0
