	S1-female-1	S1-female-3	S1-male-1	S10-female-1	S10-female-2	S10-Female-3	S10-male-1	S10-male-2-	S2-female-1	S2-male-1	S2-male-2	S2014F_E2-2-A-F	S2014F_E2-2-B-F	S2014F_E2-2-C-F	S2014F_E2-3-A-F	S2014F_E2-3-B-F	S2014F_E2-3-C-F	S2014F_E5-2-A-F	S2014F_E5-2-A-F_plate2	S2014F_E5-2-B-F	S2014F_E5-3-B-F	S2014F_E5-3-C-F	S2014F_E5-C-2-F	S2014F_E7-1-A-F	S2014F_E7-2-C-F	S2014F_E9-2-A-F	S2014F_E9-2-B-F	S2014F_E9-2-C-F	S2014F_E9-3-A-F	S2014F_E9-3-B-F	S2014F_E9-3-C-F	S2014m_E2-1-A-F	S2014M_E2-1-A-M	S2014m_E2-1-B-F	S2014M_E2-1-B-M	S2014m_E2-1-C-F	S2014m_E2-1-C-M	S2014m_E2-2-A-M	S2014m_E2-2-B-M	S2014m_E2-2-C-M	S2014m_E2-3-A-M	S2014m_E2-3-B-M	S2014m_E2-3-C-M	S2014m_E5-1-A-F	S2014M_E5-1-A-M	S2014m_E5-1-B-F	S2014M_E5-1-B-M	S2014m_E5-1-C-F	S2014M_E5-1-C-M	S2014m_E5-2-A-M	S2014m_E5-2-B-M	S2014m_E5-3-A-M	S2014m_E5-3-B-M	S2014m_E5-3-C-M	S2014m_E7-1-A-M	S2014m_E7-1-B-F	S2014m_E7-1-B-M	S2014m_E7-1-C-F	S2014m_E7-1-C-M	S2014m_E7-2-A-F	S2014m_E7-2-A-M	S2014m_E7-2-B-F	S2014m_E7-2-B-M	S2014m_E7-2-C-M	S2014m_E7-3-A-M	S2014M_E7-3-B-M	S2014m_E7-3-C-M	S2014M_E9-1-A-M	S2014m_E9-1-B-F	S2014M_E9-1-B-M	S2014m_E9-1-C-F	S2014M_E9-1-C-M	S2014m_E9-2-B-M	S2014m_E9-2-C-M	S2014m_E9-3-A-M	S2014m_E9-3-B-M	S2014m_E9-3-C-M	S2014m_E9-A-1-F	S2017t1_E11-T1a-Female	S2017t1_E11-T1b-Male	S2017t1_E13-T1a-Female	S2017t1_E13-T1a-Male	S2017t1_E13-T1b-Female	S2017t1_E13-T1b-Male	S2017t1_E14-T1a-Female	S2017t1_E14-T1a-Male	S2017t1_E14-T1b-Female	S2017t1_E14-T1b-Male	S2017t1_E16-T1a-Female	S2017t1_E16-T1a-Male	S2017t1_E16-T1b-Female	S2017t1_E17-T1a-Female	S2017t1_E17-T1a-Male	S2017t1_E17-T1b-Female	S2017t1_E17-T1b-Male	S2017t1_E19-T1a-Female	S2017t1_E19-T1a-Male	S2017t1_E19-T1b-Male	S2017t1_E23-T1a-Female	S2017t1_E23-T1a-Male	S2017t1_E23-T1b-Female	S2017t1_E23-T1b-Male	S2017t1_E30-T1a-Female	S2017t1_E30-T1a-Male	S2017t1_E30-T1b-Female	S2017t1_E30-T1b-Male	S2017t2_E11-T2a-Male_C7D5_5f	S2017t2_E11-T2a-Male	S2017t2_E11-T2b-Female	S2017t2_E11-T2b-Male	S2017t2_E13-T2a-Female	S2017t2_E13-T2a-Male	S2017t2_E13-T2b-Female	S2017t2_E13-T2b-Male	S2017t2_E14-T2a-Female	S2017t2_E14-T2a-Male	S2017t2_E14-T2b-Female	S2017t2_E14-T2b-Male	S2017t2_E16-T2a-Female	S2017t2_E16-T2a-Male	S2017t2_E16-T2b-Female	S2017t2_E16-T2b-Male	S2017t2_E17-T2a-Female	S2017t2_E17-T2a-Male	S2017t2_E17-T2b-Female	S2017t2_E17-T2b-Male	S2017t2_E19-T2a-Female	S2017t2_E19-T2a-Male	S2017t2_E19-T2b-Female	S2017t2_E19-T2b-Male	S2017t2_E23-T2a-Female	S2017t2_E23-T2a-Male	S2017t2_E23-T2b-Female	S2017t2_E23-T2b-Male	S2017t2_E30-T2a-Female	S2017t2_E30-T2a-Male	S2017t2_E30-T2b-Female	S2017t2_E30-T2b-Male	S2017t3_E11-T3a-Female	S2017t3_E11-T3a-Male	S2017t3_E16-T3b-Female	S2017t3_E16-T3b-Male	S2017t3_E17-T3a-Female	S2017t3_E17-T3a-Male	S2017t3_E30-T3b-Female	S2017t3F_E11-T3b-Female	S2017t3F_E13-T3a-Female	S2017t3F_E13-T3b-Female	S2017t3F_E14-T3a-Female	S2017t3F_E14-T3b-Female	S2017t3F_E16-T3a-Female	S2017t3F_E17-T3b-Female	S2017t3F_E19-T3a-Female	S2017t3F_E19-T3b-Female	S2017t3F_E23-T3a-Female	S2017t3F_E23-T3b-Female	S2017t3F_E30-T3a-Female	S2017t3M_E11-T3b-Male	S2017t3M_E13-T3a-Male	S2017t3M_E14-T3a-Male	S2017t3M_E14-T3b-Male	S2017t3M_E16-T3a-Male	S2017t3M_E17-T3b-Male	S2017t3M_E19-T3a-Male	S2017t3M_E19-T3b-Male	S2017t3M_E23-T3a-Male	S2017t3M_E23-T3b-Male	S2017t3M_E30-T3a-Male	S3-female-3	S3-male-1	S3-male-2	S3-male-3	S4-female-1	S4-male-1	S4-male-2	S4-male-3	S5-female-1	S5-female-2	S5-male-1	S5-male-3	s6-Female-1	S6-female-3	S6-male-3	S7-female-1	S7-female-3	S7-male-1	S7-male-2	S7-male-3	S8-female-3	S8-male-1	S8-male-2	S8-male-3	S9-female-1	S9-female-3	S9-male-1	S9-male-2
S1-female-1	0	0.07253425568342209	0.09519176185131073	0.1601874828338623	0.04684410244226456	0.178577646613121	0.0566379502415657	0.05469221994280815	0.1112804636359215	0.07479590177536011	0.2073304057121277	0.2477724999189377	0.2624678611755371	0.1941685378551483	0.1463412940502167	0.1788200885057449	0.2227368801832199	0.1279850155115128	0.1843973994255066	0.1751959174871445	0.1870000213384628	0.189869299530983	0.1600156426429749	0.09630560874938965	0.2696900069713593	0.1788361668586731	0.1906930804252625	0.2007368952035904	0.1499418467283249	0.1752563714981079	0.2491340935230255	0.1533121168613434	0.1533121168613434	0.2341881394386292	0.1468639969825745	0.1699347794055939	0.1189184412360191	0.1927359104156494	0.1701513379812241	0.190662145614624	0.2559448480606079	0.2819699645042419	0.2774669826030731	0.09567217528820038	0.09932971745729446	0.102914072573185	0.1372446566820145	0.239830955862999	0.1753257364034653	0.1532116830348969	0.1500594466924667	0.1840947717428207	0.1654702425003052	0.1533353924751282	0.1878651231527328	0.1994722932577133	0.08455048501491547	0.1693588942289352	0.0845910832285881	0.275011420249939	0.255116194486618	0.2747519016265869	0.2624926269054413	0.257876992225647	0.2600370049476624	0.228563517332077	0.2671771943569183	0.1325676590204239	0.1189184412360191	0.231559544801712	0.2004944235086441	0.1422299742698669	0.257621705532074	0.1819592416286469	0.2600894570350647	0.194627970457077	0.2667232155799866	0.2235433459281921	0.1879280060529709	0.1451305896043777	0.09363967925310135	0.1939895004034042	0.1818660646677017	0.1849217414855957	0.1620945036411285	0.1978025436401367	0.1652993708848953	0.1719280779361725	0.2207484841346741	0.2064894139766693	0.2006572037935257	0.09908093512058258	0.1909501254558563	0.1783629953861237	0.1845569312572479	0.1047612205147743	0.06520932167768478	0.08552101254463196	0.1909445077180862	0.1879500150680542	0.1011005938053131	0.1011006087064743	0.1272494196891785	0.2093642503023148	0.2035743743181229	0.2006572037935257	0.2242734283208847	0.1384101361036301	0.1349781602621078	0.2158015519380569	0.1935342997312546	0.1513620316982269	0.1823873519897461	0.09932310879230499	0.1657932251691818	0.1593654751777649	0.2396557033061981	0.1518930345773697	0.1847361475229263	0.2121973633766174	0.1800186932086945	0.2549302279949188	0.1787440925836563	0.2101117372512817	0.2178506702184677	0.1971159130334854	0.267414778470993	0.2014691978693008	0.2194119542837143	0.2344682067632675	0.1906049996614456	0.1915475875139236	0.1912762373685837	0.1693788021802902	0.1108815968036652	0.1883383691310883	0.1312340646982193	0.2064809203147888	0.253202497959137	0.2474161982536316	0.2420438230037689	0.2481681406497955	0.2885996997356415	0.2791406512260437	0.253275454044342	0.2141669094562531	0.1971827000379562	0.1912789940834045	0.2598218321800232	0.2077514827251434	0.2497964352369308	0.2478881329298019	0.2791523635387421	0.2829809784889221	0.2219099700450897	0.2460556179285049	0.2549110651016235	0.2432285398244858	0.2973202466964722	0.2776254117488861	0.1211751103401184	0.2028455883264542	0.2690605521202087	0.2886396050453186	0.2559947371482849	0.2662676274776459	0.2583137452602386	0.1941993981599808	0.1625373512506485	0.03124234080314636	0.1915658116340637	0.1147685274481773	0.1114059239625931	0.05558757483959198	0.1707309186458588	0.1428891122341156	0.08872281014919281	0.1164412051439285	0.03546666353940964	0.1562653779983521	0.03129949793219566	0.1662686169147491	0.1690622270107269	0.09680543094873428	0.1221545040607452	0.02620932273566723	0.1295231431722641	0.1888851225376129	0.1461483538150787	0.06454328447580338	0.1441238522529602	0.1323273181915283	0.03075349889695644	0.142869308590889	0.1112804636359215	0.1060686707496643
S1-female-3	0.07253425568342209	0	0.1343352645635605	0.1920451372861862	0.0899844691157341	0.1790452599525452	0.05983445420861244	0.08962548524141312	0.1429456174373627	0.1082834005355835	0.2268927842378616	0.2284697741270065	0.2434429824352264	0.1738853454589844	0.09494036436080933	0.1582657992839813	0.2279296666383743	0.1359607726335526	0.1906611621379852	0.1544869989156723	0.1931887120008469	0.1959756314754486	0.1392540335655212	0.04192343354225159	0.2508031725883484	0.1582821160554886	0.17034812271595	0.180022120475769	0.1288890242576599	0.1546397358179092	0.2536331713199615	0.1255076378583908	0.1255076378583908	0.2087425887584686	0.1188741251826286	0.1206040009856224	0.09012974798679352	0.1717796474695206	0.149566188454628	0.1703166663646698	0.2367114126682281	0.2628119587898254	0.258219450712204	0.06622461974620819	0.06998549401760101	0.07367119938135147	0.1082070842385292	0.1951928436756134	0.1481571346521378	0.1604018956422806	0.1573460549116135	0.1903673112392426	0.1446835845708847	0.1605218052864075	0.1397476643323898	0.1521367579698563	0.05478956177830696	0.1486396193504333	0.05483128875494003	0.2326974868774414	0.2359518110752106	0.2324209064245224	0.2434682101011276	0.2387649416923523	0.2409659177064896	0.2154669761657715	0.2541747689247131	0.1041681915521622	0.09012974798679352	0.206036314368248	0.1740585118532181	0.1141071245074272	0.2385048419237137	0.1614600419998169	0.2410193979740143	0.1809737831354141	0.2476097494363785	0.1977837085723877	0.1947807967662811	0.1752454936504364	0.1036291420459747	0.1941710710525513	0.1889062225818634	0.1918672025203705	0.1697594225406647	0.2290813326835632	0.1728615760803223	0.1790878176689148	0.2266212850809097	0.2127809226512909	0.2071230709552765	0.1086213737726212	0.197710320353508	0.2062201946973801	0.212002694606781	0.1143559888005257	0.06821943074464798	0.1198976933956146	0.1911842077970505	0.1948021650314331	0.1108245402574539	0.1108245551586151	0.1360663026571274	0.2155704498291016	0.2099527716636658	0.2071230709552765	0.2238981574773788	0.1397256255149841	0.1363682597875595	0.2155780494213104	0.1937195509672165	0.1523961573839188	0.182783842086792	0.1014532074332237	0.1665327399969101	0.1602371037006378	0.2390329837799072	0.1529206335544586	0.1850863248109818	0.2120400965213776	0.1804725527763367	0.2540374994277954	0.1792085319757462	0.209991991519928	0.2175913155078888	0.1972355246543884	0.2663230001926422	0.2015099376440048	0.2191233485937119	0.2339316457509995	0.1908447742462158	0.191775768995285	0.1915044784545898	0.1700250804424286	0.112760066986084	0.18862184882164	0.1327061653137207	0.2064284235239029	0.2523568868637085	0.2466668486595154	0.2413818389177322	0.2474033832550049	0.2871802449226379	0.2778627574443817	0.2524286508560181	0.2139781713485718	0.1973011195659637	0.1915072053670883	0.2588757872581482	0.2076775282621384	0.2489948570728302	0.2471073418855667	0.2778742611408234	0.281651109457016	0.2014966905117035	0.2266350984573364	0.2540420293807983	0.2425288558006287	0.2957375049591064	0.2764090001583099	0.1228190064430237	0.2028601169586182	0.2679676413536072	0.2872195839881897	0.2551086246967316	0.2467105537652969	0.2573620975017548	0.1943730860948563	0.1565880179405212	0.0596466064453125	0.1917876899242401	0.1461900025606155	0.1132645905017853	0.09871300309896469	0.200054943561554	0.1440759748220444	0.08227209746837616	0.1470276117324829	0.04731167852878571	0.157172828912735	0.04330276697874069	0.1669792383909225	0.1697147041559219	0.09903239458799362	0.1531958431005478	0.09728776663541794	0.1592244356870651	0.1889163553714752	0.1261029839515686	0.05844151601195335	0.1794116497039795	0.1337312310934067	0.06829582154750824	0.1145689785480499	0.1429456174373627	0.158259317278862
S1-male-1	0.09519176185131073	0.1343352645635605	0	0.2239415496587753	0.09653627127408981	0.09057565778493881	0.1217599734663963	0.1034360900521278	0.04804008454084396	0.1140870898962021	0.1380515098571777	0.1854762881994247	0.2012328803539276	0.1280532032251358	0.1985832154750824	0.1116262972354889	0.1597879678010941	0.05852450057864189	0.118783600628376	0.1074512004852295	0.1215658336877823	0.1246333196759224	0.09272842109203339	0.1548001170158386	0.2089788913726807	0.1116434931755066	0.1243330016732216	0.1333045065402985	0.08073696494102478	0.1078131273388863	0.1880438476800919	0.08434072881937027	0.08434073626995087	0.1709163784980774	0.07744617760181427	0.1021196991205215	0.04757943004369736	0.1244159266352654	0.1035577654838562	0.1242998987436295	0.1939658522605896	0.2205286920070648	0.2156885713338852	0.1542537212371826	0.1574095487594604	0.1605042070150375	0.1915836930274963	0.1769637614488602	0.223433643579483	0.08546037226915359	0.08209361881017685	0.1184601038694382	0.09734385460615158	0.08559255301952362	0.2344111651182175	0.2445938587188721	0.1446696519851685	0.2182183861732483	0.1447046101093292	0.2146871984004974	0.1933495253324509	0.2144087851047516	0.2012594640254974	0.1963098496198654	0.1986260712146759	0.1648893356323242	0.2054828852415085	0.06216422840952873	0.04757943004369736	0.1680996417999268	0.1348255723714828	0.07249205559492111	0.1960361301898956	0.1149855107069016	0.1986823529005051	0.1267528682947159	0.2052522152662277	0.1595107764005661	0.2356504052877426	0.2186527401208878	0.1539860516786575	0.2409471422433853	0.2303589433431625	0.2330255061388016	0.2131399810314178	0.1331158429384232	0.2159269899129868	0.220463290810585	0.2643984258174896	0.2518880367279053	0.246780201792717	0.1571948379278183	0.238290548324585	0.246507853269577	0.2517202496528625	0.1635479927062988	0.1296275854110718	0.1691524386405945	0.2382856011390686	0.2356696426868439	0.1603986322879791	0.1603986173868179	0.1829398572444916	0.2544077634811401	0.249334380030632	0.246780201792717	0.2676801979541779	0.1928217113018036	0.189853310585022	0.2602429687976837	0.2393820732831955	0.2038183361291885	0.2298082858324051	0.1574038565158844	0.2165709137916565	0.2109857797622681	0.1767759621143341	0.2045009136199951	0.2316697239875793	0.1455985456705093	0.1107771098613739	0.1914733052253723	0.226423904299736	0.2552544176578522	0.2618534564971924	0.2427132427692413	0.2048858255147934	0.1337848603725433	0.1530405282974243	0.1712165176868439	0.1242387145757675	0.1234496384859085	0.1246648654341698	0.1015249267220497	0.1676224917173386	0.2350185066461563	0.1866170018911362	0.2518805861473083	0.1910246312618256	0.1850943267345428	0.1670047491788864	0.1856257319450378	0.2273796200752258	0.2172079980373383	0.1911028772592545	0.2576944828033447	0.1309894919395447	0.2375950515270233	0.1983953863382339	0.2518695592880249	0.2786373198032379	0.1836198270320892	0.2172205895185471	0.2216154932975769	0.2656042277812958	0.1833605021238327	0.1931296288967133	0.2841862738132477	0.2353227585554123	0.2174915671348572	0.1763000041246414	0.2477424293756485	0.2080356329679489	0.2274225652217865	0.1942916065454483	0.2033694088459015	0.1948214173316956	0.2401551753282547	0.07995039969682693	0.1139953956007957	0.1117275655269623	0.05171638354659081	0.0395541712641716	0.1197640746831894	0.09971189498901367	0.05807147547602654	0.1422025859355927	0.03106394782662392	0.1025895401835442	0.07308565080165863	0.09903325140476227	0.08366945385932922	0.08709240704774857	0.1810643821954727	0.05922774970531464	0.1189061850309372	0.04535576701164246	0.1102283000946045	0.0616396851837635	0.1274609416723251	0.06130874902009964	0.04688846692442894	0.1219311952590942	0.05842464789748192	0.04804008454084396	0.03512314707040787
S10-female-1	0.1601874828338623	0.1920451372861862	0.2239415496587753	0	0.1528185307979584	0.2444972395896912	0.1805905550718307	0.1445890367031097	0.1820764690637589	0.2068676650524139	0.183316707611084	0.3426957428455353	0.3553711771965027	0.2965150773525238	0.2563534677028656	0.2833080589771271	0.3422386050224304	0.2644542455673218	0.3107036352157593	0.2806516587734222	0.3128417134284973	0.3151992857456207	0.2906924188137054	0.2124271988868713	0.3616029918193817	0.2833218574523926	0.293523907661438	0.3049106895923615	0.2584781050682068	0.2802425622940063	0.3639992773532867	0.2613746523857117	0.2613746523857117	0.3309844136238098	0.255833238363266	0.275665670633316	0.2318316251039505	0.2985284924507141	0.2990071475505829	0.2934972941875458	0.3501564860343933	0.3746449947357178	0.3707740902900696	0.2118838727474213	0.2150213420391083	0.2180964350700378	0.2505472600460052	0.3358485102653503	0.2803022563457489	0.285114049911499	0.2825304865837097	0.3104550540447235	0.2718265950679779	0.285215437412262	0.2910902798175812	0.3010805249214172	0.202345997095108	0.2751704454421997	0.2023808211088181	0.3661957383155823	0.3490291833877563	0.3659716844558716	0.3553925454616547	0.3514106571674347	0.3532739579677582	0.3261369466781616	0.3606438934803009	0.243551567196846	0.2318316251039505	0.3287189304828644	0.3019604384899139	0.2518515586853027	0.3511904180049896	0.2860086858272552	0.3533192276954651	0.2996747195720673	0.3598652482032776	0.3218112587928772	0.2939334809780121	0.257292628288269	0.2132833153009415	0.2991275489330292	0.2887401282787323	0.2913578450679779	0.2718095183372498	0.3217201828956604	0.2745530605316162	0.2773799300193787	0.3220707178115845	0.3098422586917877	0.3048423826694489	0.21480792760849	0.2965229749679565	0.2857395708560944	0.2910453379154205	0.2227820605039597	0.1890185922384262	0.2063516825437546	0.2965182065963745	0.2939523756504059	0.2196551561355591	0.2196551561355591	0.2420003712177277	0.3123071789741516	0.307343065738678	0.3048423826694489	0.325549840927124	0.2520540356636047	0.2491211146116257	0.3182881474494934	0.295969158411026	0.2626241445541382	0.2868337035179138	0.2150156795978546	0.2754682600498199	0.2699700593948364	0.3356974422931671	0.2635798752307892	0.288397878408432	0.3147366046905518	0.2876410484313965	0.3514102697372437	0.2832426726818085	0.3134123086929321	0.3195850849151611	0.2994998693466187	0.3621352016925812	0.3060080707073212	0.3213825523853302	0.3312258124351501	0.2934480905532837	0.2970349788665771	0.2944771647453308	0.2751875817775726	0.2254336178302765	0.2919506430625916	0.245921865105629	0.3098349869251251	0.347792774438858	0.3423884809017181	0.3032913506031036	0.3434540629386902	0.3807599544525146	0.3726333677768707	0.3478556275367737	0.3141714334487915	0.2995573282241821	0.2944795191287994	0.35308837890625	0.3082087934017181	0.3115736544132233	0.3458031117916107	0.3726434707641602	0.3755142092704773	0.3235237598419189	0.3416337072849274	0.348852276802063	0.3413621783256531	0.3904049098491669	0.3684520423412323	0.2337688803672791	0.3044289946556091	0.3614644110202789	0.3807942569255829	0.3497869968414307	0.3615781962871552	0.3547500669956207	0.296991229057312	0.229626476764679	0.156680703163147	0.2565350532531738	0.1853137463331223	0.2253832519054413	0.2079330682754517	0.1431660205125809	0.211712509393692	0.1624567061662674	0.2073524296283722	0.1602962762117386	0.2238106578588486	0.1567296385765076	0.2333862781524658	0.2356761693954468	0.1140451729297638	0.1924825608730316	0.1855012476444244	0.219044104218483	0.2781815528869629	0.2147345393896103	0.1386787742376328	0.2386427968740463	0.2016068547964096	0.1562623381614685	0.2113863378763199	0.1820764690637589	0.2050517052412033
S10-female-2	0.04684410244226456	0.0899844691157341	0.09653627127408981	0.1528185307979584	0	0.1374683082103729	0.06721753627061844	0.02454325556755066	0.1053413152694702	0.0766599103808403	0.1856662034988403	0.2573857009410858	0.2715174853801727	0.2059607952833176	0.1603622883558273	0.1912718415260315	0.2331580370664597	0.1424762308597565	0.1901104599237442	0.1878602802753448	0.1926312893629074	0.195410817861557	0.1730649173259735	0.1125726252794266	0.2784680426120758	0.1848305016756058	0.2026333063840866	0.2125584185123444	0.1636771857738495	0.1878635138273239	0.2529303431510925	0.1668947786092758	0.1668947786092758	0.2443352788686752	0.1607394218444824	0.182775542140007	0.1340947896242142	0.2049587517976761	0.1827583461999893	0.2026036977767944	0.2596343159675598	0.2850200831890106	0.2806390225887299	0.1119702532887459	0.1154488921165466	0.1188588216900826	0.1519424468278885	0.249754786491394	0.1879298537969589	0.1599358916282654	0.1635496914386749	0.196104422211647	0.1785084754228592	0.1600555032491684	0.1999263167381287	0.2110403478145599	0.101397916674614	0.1822250336408615	0.101436510682106	0.2835915684700012	0.2644459307193756	0.2833416759967804	0.2715413272380829	0.2671011388301849	0.2691788375377655	0.2330203652381897	0.2761640846729279	0.1401249170303345	0.1340947896242142	0.2359285205602646	0.2120195031166077	0.1494503319263458	0.2612486481666565	0.1942748576402664	0.2636483013629913	0.2067142128944397	0.2756905555725098	0.2341175526380539	0.2003075331449509	0.1811254024505615	0.110472559928894	0.199646919965744	0.1945135444402695	0.1908748745918274	0.1756336241960526	0.2092374265193939	0.1719096750020981	0.1781476736068726	0.225562572479248	0.2180640399456024	0.2124821692705154	0.1152122616767883	0.2031970024108887	0.2116681933403015	0.217371866106987	0.1135469302535057	0.07553651183843613	0.119062103331089	0.1967006921768188	0.1938038766384125	0.1100249886512756	0.1100249737501144	0.1352009773254395	0.2145317643880844	0.2089246660470963	0.2124821692705154	0.2351473718881607	0.1531176120042801	0.1426843553781509	0.2270310819149017	0.1990588307380676	0.1653963923454285	0.1947376430034637	0.1154426261782646	0.1792229115962982	0.173090472817421	0.2495864778757095	0.1659649014472961	0.1969318389892578	0.2172762155532837	0.1928049176931381	0.2645163238048553	0.1911991387605667	0.2215828746557236	0.228944405913353	0.2088338732719421	0.2708633840084076	0.2133116126060486	0.2304893285036087	0.244604229927063	0.1962221562862396	0.2037682831287384	0.2032431662082672	0.1822440773248672	0.1265088617801666	0.2004314064979553	0.139075830578804	0.2180559188127518	0.2626465857028961	0.2570432424545288	0.2161357700824738	0.2578076124191284	0.2969362735748291	0.2878322899341583	0.2627167105674744	0.2190749645233154	0.2026161551475525	0.1968991011381149	0.2633880376815796	0.2128338217735291	0.2236386686563492	0.2519097328186035	0.2878435850143433	0.2914897203445435	0.2267098128795624	0.2557776272296906	0.2642487287521362	0.2532801032066345	0.3055219948291779	0.2807105183601379	0.1362444460391998	0.2143215239048004	0.2779003083705902	0.2969747185707092	0.2652908861637115	0.2754524350166321	0.267809122800827	0.2060414254665375	0.1276187747716904	0.05900750309228897	0.1577489376068115	0.101479597389698	0.1197203621268272	0.06602075695991516	0.1565971374511719	0.1070709079504013	0.07418550550937653	0.08044583350419998	0.04671623930335045	0.1211097911000252	0.05089085549116135	0.1313367933034897	0.1274766772985458	0.130585253238678	0.1087986305356026	0.07182567566633224	0.08674241602420807	0.155574157834053	0.1104534268379211	0.05028446763753891	0.1091069281101227	0.09627042710781097	0.07559404522180557	0.1072086840867996	0.1053413152694702	0.07725381106138229
S10-Female-3	0.178577646613121	0.1790452599525452	0.09057565778493881	0.2444972395896912	0.1374683082103729	0	0.1617554724216461	0.1504302024841309	0.07688049226999283	0.1449542492628098	0.1551093012094498	0.14277084171772	0.1592479944229126	0.08275666832923889	0.1527873277664185	0.06559863686561584	0.1736794859170914	0.07816454023122787	0.0945998951792717	0.09711729735136032	0.09740827232599258	0.1005049794912338	0.1103325933218002	0.1564540416002274	0.1673496961593628	0.05863367021083832	0.07887048274278641	0.08712353557348251	0.07084503024816513	0.09751490503549576	0.1646043211221695	0.08834085613489151	0.08834086358547211	0.17193903028965	0.0817059651017189	0.1054655313491821	0.09806366264820099	0.09160732477903366	0.09941311925649643	0.09240937978029251	0.1453957855701447	0.1724943816661835	0.1673721969127655	0.1425200998783112	0.1456366926431656	0.1486934274435043	0.1791042238473892	0.1658155620098114	0.2109786123037338	0.09678619354963303	0.1003205850720406	0.1008694693446159	0.08719781786203384	0.0969119518995285	0.2218685001134872	0.2319765239953995	0.133059024810791	0.217807948589325	0.1467152088880539	0.173320859670639	0.1510036289691925	0.1730296015739441	0.1592757850885391	0.1540993601083755	0.156521663069725	0.1477130800485611	0.1631894558668137	0.1042579784989357	0.09806366264820099	0.1631683111190796	0.1763975024223328	0.1136089041829109	0.1477797329425812	0.06910696625709534	0.1505759656429291	0.08027191460132599	0.1631093323230743	0.1485516428947449	0.2287032157182693	0.2622607052326202	0.1487961113452911	0.2220739275217056	0.2235113978385925	0.2201308459043503	0.2567561566829681	0.1545803099870682	0.2533986568450928	0.2080011665821075	0.221129834651947	0.2139669507741928	0.2206811010837555	0.1520615518093109	0.2312943488359451	0.2392624914646149	0.2443812936544418	0.1513524055480957	0.1691983193159103	0.1567176729440689	0.2194031327962875	0.2227543294429779	0.1482418924570084	0.1482418775558472	0.1491094827651978	0.2106209397315979	0.2173350900411606	0.2206811010837555	0.2361057698726654	0.1591398268938065	0.1493867188692093	0.2284500896930695	0.1900007277727127	0.157470777630806	0.197994127869606	0.1238430440425873	0.2541714012622833	0.2491341233253479	0.1460806280374527	0.1579804718494415	0.1879183501005173	0.0932203009724617	0.07766421139240265	0.1479872912168503	0.1946548819541931	0.211347371339798	0.2184841483831406	0.1993261575698853	0.1559406518936157	0.08743451535701752	0.1939606368541718	0.1403902918100357	0.07193457335233688	0.07681778073310852	0.07903335243463516	0.05504988878965378	0.1205032616853714	0.2033476829528809	0.1460256576538086	0.2199863940477371	0.1484006643295288	0.1423714458942413	0.09784072637557983	0.1427543163299561	0.185412660241127	0.1866358816623688	0.148482471704483	0.2092293351888657	0.07885336875915527	0.2000129520893097	0.1502727419137955	0.2032567858695984	0.2137160450220108	0.1332310289144516	0.1747705638408661	0.1795487254858017	0.2281410843133926	0.1526987701654434	0.1507736444473267	0.2419797033071518	0.1928339749574661	0.1704530566930771	0.1432130187749863	0.2046089917421341	0.177974671125412	0.1854576170444489	0.1519887447357178	0.1724453419446945	0.1636831760406494	0.2086266577243805	0.03399944677948952	0.1612129956483841	0.06711190938949585	0.07318294793367386	0.08382434397935867	0.1930409073829651	0.1191368997097015	0.0719277411699295	0.1662302017211914	0.0753612294793129	0.1506398022174835	0.02684858813881874	0.1543593108654022	0.03769032284617424	0.03423796966671944	0.2239268571138382	0.0802965983748436	0.2005008906126022	0.08138000965118408	0.09378155320882797	0.07530891895294189	0.1522472947835922	0.05211894959211349	0.06128136441111565	0.1752547323703766	0.07220880687236786	0.07688049226999283	0.07932720333337784
S10-male-1	0.0566379502415657	0.05983445420861244	0.1217599734663963	0.1805905550718307	0.06721753627061844	0.1617554724216461	0	0.07490875571966171	0.1306015998125076	0.09450309723615646	0.2177526205778122	0.2393433898687363	0.2543568015098572	0.1845266222953796	0.1354492008686066	0.1688157618045807	0.2388016581535339	0.1463612020015717	0.1949633210897446	0.1650595515966415	0.1975322216749191	0.2003643214702606	0.1776019483804703	0.08423689007759094	0.2617330551147461	0.1620233654975891	0.1809697151184082	0.1638911664485931	0.1392373144626617	0.1651669442653656	0.2588613629341125	0.1426905393600464	0.1426905393600464	0.2254594415426254	0.1360834091901779	0.1597175747156143	0.1074349656701088	0.155119851231575	0.1874894797801971	0.1809380799531937	0.2417341470718384	0.2449864447116852	0.2401212453842163	0.08358685672283173	0.0873400941491127	0.09101787954568863	0.09555655717849731	0.2312273234128952	0.1652379482984543	0.1641815602779388	0.1678903102874756	0.2010929733514786	0.1551452279090881	0.164303719997406	0.1780752092599869	0.1899540573358536	0.07217172533273697	0.1591278165578842	0.07221341133117676	0.2671670913696289	0.2468467801809311	0.2669020295143127	0.2543821334838867	0.2496672868728638	0.251873791217804	0.2134962230920792	0.2590593695640564	0.1140452325344086	0.1074349656701088	0.2165943533182144	0.1909999251365662	0.1240714192390442	0.2435303777456284	0.1720295995473862	0.2460794895887375	0.1573289036750793	0.2586300075054169	0.214576244354248	0.1571345329284668	0.1351093798875809	0.05672898516058922	0.1496249735355377	0.1506955623626709	0.1468589454889297	0.1296788603067398	0.2206646502017975	0.1257473230361938	0.1617221534252167	0.1853335499763489	0.1768364608287811	0.1706481277942657	0.09479554742574692	0.1603437811136246	0.1691100150346756	0.1754436939954758	0.06043967977166176	0.008879111148416996	0.06583749502897263	0.1463130563497543	0.1501146256923676	0.05648215860128403	0.05648214742541313	0.08473049104213715	0.1731179356575012	0.1669016480445862	0.1706481277942657	0.1889843195676804	0.09661756455898285	0.08506789803504944	0.1798943877220154	0.1772473305463791	0.1107756793498993	0.1724231541156769	0.08733332902193069	0.1261324882507324	0.1192092001438141	0.2310482263565063	0.1111569181084633	0.1748723238706589	0.1694129705429077	0.1414440423250198	0.2219891548156738	0.1687379479408264	0.1737865805625916	0.1822606921195984	0.1874996721744537	0.2292543053627014	0.1645046770572662	0.1837688088417053	0.2257457673549652	0.1742139011621475	0.1540189534425735	0.1815228015184402	0.1591481864452362	0.09913906455039978	0.1785155385732651	0.08097536861896515	0.1700589954853058	0.2448542565107346	0.2389792799949646	0.2334890216588974	0.239709734916687	0.2578355371952057	0.2477296441793442	0.2449287325143814	0.1985336691141129	0.1809519082307816	0.1748378574848175	0.2458030730485916	0.1919652074575424	0.216804563999176	0.2079340219497681	0.2477421760559082	0.2519786953926086	0.1797593832015991	0.2375508248806	0.2466372549533844	0.2094621062278748	0.2664064168930054	0.2641870677471161	0.1097492203116417	0.1933630406856537	0.2610543668270111	0.2578781545162201	0.2477443665266037	0.2339660823345184	0.2254560440778732	0.1845147758722305	0.1521411240100861	0.03464755415916443	0.1818629205226898	0.1340000629425049	0.09207399189472198	0.04342417418956757	0.1896628141403198	0.1319608390331268	0.06829328089952469	0.1351042091846466	0.02170422114431858	0.1457162350416183	0.02606444992125034	0.1559164375066757	0.151895135641098	0.1096795275807381	0.1412812024354935	0.04898331314325333	0.1407999098300934	0.2057669013738632	0.1353013515472412	0.07604912668466568	0.1620642989873886	0.1211838871240616	0.0521729402244091	0.1319896131753922	0.1306015998125076	0.1395235359668732
S10-male-2-	0.05469221994280815	0.08962548524141312	0.1034360900521278	0.1445890367031097	0.02454325556755066	0.1504302024841309	0.07490875571966171	0	0.1122000813484192	0.07635733485221863	0.1982506364583969	0.2565507590770721	0.2706535160541534	0.205246165394783	0.1597682982683182	0.1905957609415054	0.2323907166719437	0.141951248049736	0.1957166492938995	0.1871904879808426	0.1982028037309647	0.2009442448616028	0.1724503189325333	0.1121352016925812	0.277590423822403	0.1906110942363739	0.2019272148609161	0.2118073552846909	0.1630786657333374	0.1871966421604156	0.2577044069766998	0.1662868857383728	0.1662868857383728	0.2435286343097687	0.160149559378624	0.1821226328611374	0.1335867494344711	0.2042241841554642	0.1821170449256897	0.2018977105617523	0.2644280791282654	0.2895920276641846	0.2852668464183807	0.1115348562598228	0.1150018274784088	0.118400365114212	0.1513637453317642	0.2489362210035324	0.1872627884149551	0.1659653782844543	0.1629621237516403	0.1954276114702225	0.1778674423694611	0.1660832762718201	0.1992273032665253	0.2103127986192703	0.1009987369179726	0.181573674082756	0.1010371968150139	0.2827041745185852	0.26359623670578	0.2824546992778778	0.2706772685050964	0.2662460207939148	0.2683195471763611	0.2381409108638763	0.2752795219421387	0.1465533524751663	0.1335867494344711	0.2410104721784592	0.2112894356250763	0.1557408273220062	0.2660009860992432	0.1935907304286957	0.2683699131011963	0.2059783190488815	0.2748105823993683	0.2333341687917709	0.2060117274522781	0.1871908754110336	0.1175247430801392	0.2053692489862442	0.2003004401922226	0.2031789720058441	0.1816940009593964	0.2145738899707794	0.1847077608108521	0.1904546618461609	0.2369872778654099	0.2235186696052551	0.218014657497406	0.1220075190067291	0.2088601887226105	0.2172911763191223	0.2229140996932983	0.1279235184192657	0.08315932750701904	0.1334869265556335	0.2024650126695633	0.2060324996709824	0.124499648809433	0.1244996637105942	0.1489816606044769	0.2262327373027802	0.2207672894001007	0.218014657497406	0.2343368083238602	0.152532622218132	0.1492746770381927	0.2262401580810547	0.2046403884887695	0.1647765785455704	0.194049283862114	0.1149955466389656	0.1785596013069153	0.1724449992179871	0.2487682402133942	0.1653406172990799	0.1962406635284424	0.2227504849433899	0.1921032667160034	0.2636435627937317	0.1905232518911362	0.220805436372757	0.2281523197889328	0.2081087082624435	0.2756172120571136	0.2125552147626877	0.2296899557113647	0.2437969893217087	0.2018431425094604	0.2030401676893234	0.2025323957204819	0.1815926432609558	0.1260231286287308	0.1997279971837997	0.1457214653491974	0.2172908335924149	0.2617969214916229	0.2562090158462524	0.2154147326946259	0.2569681107997894	0.2959956526756287	0.2869086265563965	0.2618668675422668	0.2244054675102234	0.2081725299358368	0.2025350332260132	0.2681130170822144	0.2182260155677795	0.2228870093822479	0.2569349408149719	0.2869199216365814	0.2905633449554443	0.232077419757843	0.254942387342453	0.2633994221687317	0.2524316608905792	0.304543524980545	0.2852169275283813	0.13572958111763	0.2135824710130692	0.2770199179649353	0.2960340082645416	0.2644394636154175	0.274553120136261	0.2669254839420319	0.2053234130144119	0.1340233534574509	0.07466234266757965	0.1637202501296997	0.1155892536044121	0.1264558136463165	0.08133240044116974	0.1700241416692734	0.1066204607486725	0.08161970227956772	0.08012642711400986	0.06258676201105118	0.1276100277900696	0.05870567262172699	0.1377140432596207	0.1406965106725693	0.1451729834079742	0.1227708831429482	0.07946809381246567	0.09364334493875504	0.1614736318588257	0.1099919974803925	0.05797233432531357	0.1226345524191856	0.1031418815255165	0.08311183750629425	0.1139153987169266	0.1122000813484192	0.09894135594367981
S2-female-1	0.1112804636359215	0.1429456174373627	0.04804008454084396	0.1820764690637589	0.1053413152694702	0.07688049226999283	0.1306015998125076	0.1122000813484192	0	0.1581937819719315	0.1033894121646881	0.1931578516960144	0.2088179737329483	0.1360687613487244	0.2068578600883484	0.1197323650121689	0.192592978477478	0.09640351682901382	0.1536144912242889	0.115613117814064	0.1562580168247223	0.1591728329658508	0.1288669258356094	0.1632842272520065	0.2165158092975616	0.119749441742897	0.1323692351579666	0.141491174697876	0.08900713175535202	0.1159398779273033	0.2194755971431732	0.09259216487407684	0.09259217232465744	0.1786852031946182	0.08573335409164429	0.1102771088480949	0.05601691827178001	0.1326879858970642	0.1391509026288986	0.1323363333940506	0.2016268819570541	0.2281802147626877	0.2233714461326599	0.1627412140369415	0.1658773273229599	0.1689524501562119	0.200055256485939	0.1846965849399567	0.2314669191837311	0.1219664961099625	0.1187704056501389	0.1533071249723434	0.1055267527699471	0.1220919266343117	0.2423684597015381	0.2524796426296234	0.1532167345285416	0.2262873947620392	0.1532514542341232	0.2221883237361908	0.2009831815958023	0.2219116538763046	0.2088444083929062	0.2039253115653992	0.2062272727489471	0.1726938039064407	0.2131336182355881	0.07052924484014511	0.05601691827178001	0.1758851408958435	0.1428031772375107	0.08080468326807022	0.2036532908678055	0.1230732277035713	0.2062832117080688	0.1349771022796631	0.2128749340772629	0.1673467457294464	0.243814617395401	0.2068392336368561	0.1627056449651718	0.2490732222795486	0.2385610342025757	0.241208553314209	0.2214634120464325	0.1672341823577881	0.224230945110321	0.2285169214010239	0.2723525166511536	0.2599345147609711	0.254863977432251	0.1656639128923416	0.2464357912540436	0.2355275750160217	0.2408923953771591	0.1722057014703751	0.1385009288787842	0.1557818651199341	0.2464308887720108	0.2438337057828903	0.1690768152475357	0.1690768301486969	0.191469594836235	0.2624357342720032	0.2573995590209961	0.254863977432251	0.2756457030773163	0.2013231813907623	0.1983749568462372	0.26826411485672	0.2473044842481613	0.2122063338756561	0.2378327250480652	0.1658716350793839	0.2249079942703247	0.2193619757890701	0.1845098882913589	0.2129221707582474	0.2396460324525833	0.1537136882543564	0.1191262751817703	0.1993102580308914	0.2344365268945694	0.2633125185966492	0.2698264122009277	0.2506470680236816	0.2126380503177643	0.1420030146837234	0.1611455827951431	0.1789835542440414	0.1322754770517349	0.1316926777362823	0.132732093334198	0.1096855103969574	0.1760626286268234	0.2430065423250198	0.1951605826616287	0.2599271237850189	0.1987037062644958	0.1927781850099564	0.1492083519697189	0.1933377385139465	0.23501817882061	0.224913164973259	0.198781430721283	0.265521228313446	0.1390213072299957	0.2455650269985199	0.2059980034828186	0.2597036361694336	0.2635987997055054	0.1915387064218521	0.224925696849823	0.2292599231004715	0.2735852897167206	0.1910862624645233	0.2007645815610886	0.2919912934303284	0.2430746257305145	0.2249749749898911	0.1846474260091782	0.2556405365467072	0.2156092375516891	0.235060840845108	0.2019194364547729	0.211163803935051	0.2026700973510742	0.2481071203947067	0.05857349187135696	0.1078040972352028	0.09169610589742661	0.003989508841186762	0.04803077504038811	0.1578493863344193	0.06131111457943916	0.03565048053860664	0.1140126213431358	0.0395832248032093	0.1113883331418037	0.05141226947307587	0.1078525856137276	0.06236495450139046	0.06602173298597336	0.1676163822412491	0.01193864829838276	0.1349998563528061	0.05380313470959663	0.118328794836998	0.03937605395913124	0.09134534001350403	0.06967390328645706	0.02406469918787479	0.1073895022273064	0.03611117601394653	0	0.02830842137336731
S2-male-1	0.07479590177536011	0.1082834005355835	0.1140870898962021	0.2068676650524139	0.0766599103808403	0.1449542492628098	0.09450309723615646	0.07635733485221863	0.1581937819719315	0	0.2393315434455872	0.2275490462779999	0.2308230996131897	0.1672857254743576	0.1328691989183426	0.1585159599781036	0.2028069347143173	0.1151340454816818	0.1644453555345535	0.1613941341638565	0.1733585745096207	0.1699150204658508	0.126539945602417	0.06854209303855896	0.2382345646619797	0.1650490313768387	0.1572946459054947	0.1798839420080185	0.1296901255846024	0.141510933637619	0.2292706668376923	0.1260002553462982	0.1260002702474594	0.2078112959861755	0.1194924712181091	0.1427868604660034	0.1505029648542404	0.1783509105443954	0.1567117124795914	0.1637391000986099	0.2356623262166977	0.2669003903865814	0.2568293213844299	0.06030656769871712	0.07158587127923965	0.06768421083688736	0.1090527176856995	0.2076081782579422	0.1550252586603165	0.1399941742420197	0.1368854194879532	0.1704867482185364	0.1518520563840866	0.1401161849498749	0.1609104126691818	0.1726517081260681	0.07221550494432449	0.1422050595283508	0.0567559041082859	0.2436969727277756	0.2405999004840851	0.2434305399656296	0.2365248799324036	0.2318396419286728	0.2283291220664978	0.2082883715629578	0.2467674314975739	0.1629718393087387	0.1505029648542404	0.2051468938589096	0.225332111120224	0.1718110293149948	0.2258513420820236	0.1681344211101532	0.2399110496044159	0.1802849620580673	0.2463951706886292	0.2092802822589874	0.1670627892017365	0.20277439057827	0.08844910562038422	0.1663833558559418	0.1742838770151138	0.1772675663232803	0.1972673237323761	0.1901934444904327	0.200167715549469	0.1582267582416534	0.2123044729232788	0.198347732424736	0.1926437467336655	0.07133546471595764	0.1766495555639267	0.1915274411439896	0.1842636615037918	0.08414401113986969	0.1025788858532906	0.1045953333377838	0.1634777039289474	0.1670847982168198	0.08050419390201569	0.08050420135259628	0.1210766434669495	0.2011603564023972	0.195496454834938	0.1926437467336655	0.2033541053533554	0.1247591450810432	0.1213805228471756	0.2011679708957672	0.1795755475759506	0.1161788552999496	0.1684975177049637	0.08672055602073669	0.1810684502124786	0.1883689612150192	0.213510736823082	0.1380404531955719	0.1708783358335495	0.18498495221138	0.1657868325710297	0.2400278002023697	0.1649580746889114	0.1955359876155853	0.1907100826501846	0.1830569505691528	0.2409787774085999	0.1738300621509552	0.243505448102951	0.2142065465450287	0.1702940613031387	0.1772400289773941	0.1708769053220749	0.1557099223136902	0.09802480787038803	0.1743784099817276	0.1176955699920654	0.1920076459646225	0.238636702299118	0.2329553067684174	0.215819239616394	0.2336388677358627	0.2734296321868896	0.2640189826488495	0.2387090921401978	0.1999308466911316	0.1767833828926086	0.177285298705101	0.233964130282402	0.181196391582489	0.2173002064228058	0.2329716086387634	0.2640306353569031	0.2623730599880219	0.2072169035673141	0.2315423041582108	0.2289813607931137	0.2284145355224609	0.2706458270549774	0.2520392239093781	0.1010259538888931	0.1887248754501343	0.2543909251689911	0.2622826099395752	0.2414723932743073	0.2512219846248627	0.2433210611343384	0.1801727265119553	0.1353641897439957	0.09418351948261261	0.1647001951932907	0.1612962484359741	0.1436488777399063	0.08532233536243439	0.2071003764867783	0.1590703725814819	0.1235625967383385	0.1339464634656906	0.08244208991527557	0.1290316730737686	0.07872398942708969	0.1390142291784286	0.1419543027877808	0.1629811823368073	0.1680619716644287	0.09904487431049347	0.1461941599845886	0.1624628752470016	0.1621242612600327	0.1084267199039459	0.1101733893156052	0.1491100192070007	0.1023763567209244	0.1589832752943039	0.1581937819719315	0.1450531035661697
S2-male-2	0.2073304057121277	0.2268927842378616	0.1380515098571777	0.183316707611084	0.1856662034988403	0.1551093012094498	0.2177526205778122	0.1982506364583969	0.1033894121646881	0.2393315434455872	0	0.2647603452205658	0.2784663736820221	0.2149761617183685	0.2827346324920654	0.2007821053266525	0.2642663717269897	0.1805526614189148	0.2302466332912445	0.1975284963846207	0.2325496822595596	0.2350897789001465	0.2087159305810928	0.2444153279066086	0.2852115035057068	0.2007969468832016	0.2117597609758377	0.221587672829628	0.1741486787796021	0.1974902898073196	0.287806361913681	0.1772520989179611	0.1772520840167999	0.2521127462387085	0.1713156849145889	0.1925773918628693	0.1456422805786133	0.2142874896526337	0.217656672000885	0.2117311656475067	0.2724493145942688	0.2970795035362244	0.2928743064403534	0.2439470440149307	0.2466521412134171	0.2493055909872055	0.2781879603862762	0.2573638558387756	0.3034376502037048	0.2027219235897064	0.1999470442533493	0.2299789041280746	0.1884582340717316	0.2028308510780334	0.3129147887229919	0.3217147886753082	0.2357369810342789	0.2989387810230255	0.2357669174671173	0.2901852428913116	0.2716065347194672	0.2899426221847534	0.2784895002841949	0.2741819024085999	0.2761974036693573	0.2468821704387665	0.2830626964569092	0.158170685172081	0.1456422805786133	0.2496678531169891	0.2208340913057327	0.1670523285865784	0.2739437520503998	0.203683003783226	0.2762464284896851	0.215941995382309	0.2825752794742584	0.2422168105840683	0.3160214424133301	0.2907495200634003	0.2460405379533768	0.3205802738666534	0.3114696145057678	0.3137631416320801	0.2966742217540741	0.2421186566352844	0.2990671992301941	0.3008750677108765	0.3407935500144958	0.3300045728683472	0.3256034553050995	0.2464680522680283	0.3182934820652008	0.3152256608009338	0.3198121786117554	0.2542048692703247	0.2252776622772217	0.2473962008953094	0.3182892203330994	0.3160379827022552	0.2515149712562561	0.2515149712562561	0.2707864344120026	0.3321764767169952	0.3278039395809174	0.3256034553050995	0.3439560830593109	0.2796227931976318	0.2770817577838898	0.3375427722930908	0.3172095417976379	0.2886752188205719	0.3092742562294006	0.2466472238302231	0.2999802231788635	0.2951883375644684	0.257200688123703	0.2896279394626617	0.3105470240116119	0.2321910411119461	0.2025555670261383	0.2718641459941864	0.3060181438922882	0.3332436978816986	0.3385976552963257	0.3204161524772644	0.2834955453872681	0.2223551571369171	0.2389586269855499	0.2523732781410217	0.2116782516241074	0.2130968421697617	0.2123883366584778	0.1920642852783203	0.2557820379734039	0.313770979642868	0.274312287569046	0.3299981951713562	0.269892543554306	0.2644283473491669	0.2245935648679733	0.2652010321617126	0.3033393323421478	0.2945038378238678	0.2699605226516724	0.3333684802055359	0.2178539484739304	0.3159955143928528	0.2759967148303986	0.3280079066753387	0.3307969868183136	0.2653873860836029	0.2945147752761841	0.2980239689350128	0.3421654403209686	0.2632333338260651	0.2714152038097382	0.3578864336013794	0.3118184506893158	0.29262974858284	0.2628618776798248	0.3247621059417725	0.2846895456314087	0.3033766448497772	0.2724259793758392	0.2824965417385101	0.2750874757766724	0.3182064592838287	0.1390602886676788	0.1967067867517471	0.09724515676498413	0.09959389269351959	0.138755589723587	0.2411420494318008	0.05501752719283104	0.1193225085735321	0.2012508809566498	0.1224400103092194	0.1997804045677185	0.1327894777059555	0.1967483758926392	0.1426903456449509	0.145586684346199	0.1688628941774368	0.1067950651049614	0.2298256158828735	0.1348825842142105	0.1169791370630264	0.122578002512455	0.1803092062473297	0.1553756445646286	0.1088792234659195	0.2040398120880127	0.1194043606519699	0.1033894121646881	0.1125856712460518
S2014F_E2-2-A-F	0.2477724999189377	0.2284697741270065	0.1854762881994247	0.3426957428455353	0.2573857009410858	0.14277084171772	0.2393433898687363	0.2565507590770721	0.1931578516960144	0.2275490462779999	0.2647603452205658	0	0.01980328559875488	0.09370137006044388	0.1791039109230042	0.09122500568628311	0.06052784249186516	0.1353463381528854	0.1239317283034325	0.1520393639802933	0.132544994354248	0.1293134689331055	0.1574212461709976	0.2075227499008179	0.02953184209764004	0.09765773266553879	0.1034036353230476	0.1115173101425171	0.1226790621876717	0.1270571351051331	0.03327144682407379	0.164106011390686	0.164106011390686	0.08423115313053131	0.1585314571857452	0.1595168858766556	0.1740313172340393	0.1222786456346512	0.1286025196313858	0.122227169573307	0.009907788597047329	0.04599254205822945	0.03340358287096024	0.208101823925972	0.2166401743888855	0.2133479714393616	0.2464340180158615	0.05143736302852631	0.1156422719359398	0.1573967188596725	0.1546328961849213	0.129717543721199	0.1432014405727386	0.1575052291154861	0.1143220439553261	0.1259796470403671	0.2060791254043579	0.1087003201246262	0.2181019634008408	0.036698367446661	0.01654250174760818	0.0363488681614399	0.02638220600783825	0.020225515589118	0.01652823761105537	0.04473799094557762	0.03002157434821129	0.1849789470434189	0.1740313172340393	0.08120550215244293	0.08693108707666397	0.1927589327096939	0.01327391806989908	0.1008254736661911	0.01659898087382317	0.1185403242707253	0.02332894504070282	0.05900521576404572	0.1327835470438004	0.1720876842737198	0.2212567627429962	0.1386653482913971	0.1332258582115173	0.1361546218395233	0.1671838909387589	0.06533725559711456	0.1699787229299545	0.118621438741684	0.1138965710997581	0.1051629856228828	0.1119661405682564	0.1980639845132828	0.1357151120901108	0.1496305763721466	0.155368909239769	0.223142996430397	0.2461274117231369	0.2344897091388702	0.1294440776109695	0.1328049004077911	0.2205372601747513	0.2205372750759125	0.2020313888788223	0.1081865504384041	0.1149667203426361	0.1119661405682564	0.1173037141561508	0.192300409078598	0.1895611584186554	0.1146171167492867	0.08771180361509323	0.1782582700252533	0.08861025422811508	0.1788367182016373	0.158088743686676	0.1586183458566666	0.02426484040915966	0.1849097013473511	0.07840045541524887	0.1238969191908836	0.1364762485027313	0.03793826699256897	0.08522658795118332	0.1021411195397377	0.09811251610517502	0.08462541550397873	0.04750528186559677	0.1379099041223526	0.1038969531655312	0.02434275113046169	0.1038908064365387	0.1288066804409027	0.1042215675115585	0.1085874736309052	0.1695498377084732	0.08832500129938126	0.1993549168109894	0.1052406057715416	0.03401549905538559	0.02751212753355503	0.1192795038223267	0.02750487998127937	0.07404191792011261	0.07455071061849594	0.03410980477929115	0.1029105111956596	0.1102852001786232	0.09140534698963165	0.03709542378783226	0.0965154767036438	0.1399063318967819	0.1220096200704575	0.06814716756343842	0.06138132140040398	0.1008967012166977	0.01694844104349613	0.03068705461919308	0.1318372637033463	0.07396989315748215	0.06032596901059151	0.164816826581955	0.09076454490423203	0.06722079217433929	0.07409387081861496	0.04507080838084221	0.03723619878292084	0.04800042882561684	0.09446601569652557	0.1599957644939423	0.238587960600853	0.1858245730400085	0.195822149515152	0.1680269241333008	0.2537918984889984	0.242668479681015	0.1934829205274582	0.2770316004753113	0.1957273930311203	0.2292116284370422	0.1544425338506699	0.2265895456075668	0.163292407989502	0.1593781262636185	0.2950128018856049	0.2017724066972733	0.2678489983081818	0.2058019638061523	0.2067654579877853	0.1961111277341843	0.2592109143733978	0.1745555847883224	0.1847857385873795	0.2449868321418762	0.1742822378873825	0.1931578516960144	0.2055481374263763
S2014F_E2-2-B-F	0.2624678611755371	0.2434429824352264	0.2012328803539276	0.3553711771965027	0.2715174853801727	0.1592479944229126	0.2543568015098572	0.2706535160541534	0.2088179737329483	0.2308230996131897	0.2784663736820221	0.01980328559875488	0	0.08591701835393906	0.1949858367443085	0.1091656982898712	0.06587440520524979	0.1522379666566849	0.1406161189079285	0.1570648103952408	0.1377423852682114	0.1345527917146683	0.1503123193979263	0.211108610033989	0.02317779511213303	0.1154124066233635	0.1083521917462349	0.1290574073791504	0.1399987787008286	0.1316840201616287	0.03894563764333725	0.1682246774435043	0.1682246774435043	0.08933990448713303	0.162749171257019	0.1636655330657959	0.1901652961969376	0.1396603733301163	0.1339140236377716	0.1268859654664993	0.02938902005553246	0.03939874842762947	0.03919166699051857	0.2116801738739014	0.2200857102870941	0.2168356627225876	0.2494582384824753	0.05703632533550262	0.1329167485237122	0.1623018383979797	0.1595901101827621	0.1349684745073318	0.1597905308008194	0.1735502332448959	0.1191099360585213	0.1305568814277649	0.2215870767831802	0.1136278882622719	0.2215513586997986	0.04239306598901749	0.02346561104059219	0.02999407798051834	0.02000733278691769	0.02624898962676525	0.02260187081992626	0.06347227841615677	0.03583436086773872	0.2006921023130417	0.1901652961969376	0.08636957406997681	0.1047663912177086	0.2081763446331024	0.01940966956317425	0.1184569224715233	0.0225849375128746	0.1359417587518692	0.02922794222831726	0.07738600671291351	0.1498441100120544	0.1884289681911469	0.236627534031868	0.143171101808548	0.1503342092037201	0.1531486362218857	0.1712524443864822	0.08353713154792786	0.1739975810050964	0.1233051866292953	0.118625782430172	0.1228252202272415	0.1294940859079361	0.2017858624458313	0.1526616364717484	0.1663042455911636	0.1596435755491257	0.2383754402399063	0.2610069513320923	0.2495492398738861	0.1465699225664139	0.1498646289110184	0.2358710616827011	0.2358710318803787	0.2176774591207504	0.1257307827472687	0.132377564907074	0.1294940859079361	0.1219888776540756	0.2081895172595978	0.2055571526288986	0.1319767236709595	0.1055991351604462	0.1822628676891327	0.1066587418317795	0.1836162358522415	0.1747061014175415	0.1752804219722748	0.04345959052443504	0.2008910924196243	0.09665113687515259	0.140962079167366	0.1535768359899521	0.05699023231863976	0.1033420860767365	0.1199216544628143	0.1158545315265656	0.1026325449347496	0.06611970067024231	0.1298468261957169	0.1215251311659813	0.04359974339604378	0.1213454827666283	0.1459446847438812	0.1217272207140923	0.126123234629631	0.1859406530857086	0.106318935751915	0.2151050865650177	0.122900664806366	0.05283112823963165	0.03337529674172401	0.1245876774191856	0.0465724915266037	0.09170366078615189	0.0923168957233429	0.03986839577555656	0.1077335774898529	0.1150451749563217	0.1092790886759758	0.04275951907038689	0.1139996200799942	0.1559975147247314	0.138810396194458	0.08609447628259659	0.07940032333135605	0.1185837313532829	0.03635116666555405	0.03647077456116676	0.1370687931776047	0.07917989045381546	0.06556537747383118	0.18119215965271	0.1085332855582237	0.07240726053714752	0.07930932193994522	0.06346257030963898	0.05623849481344223	0.06679026782512665	0.1122207269072533	0.1761420965194702	0.2535668015480042	0.2010021656751633	0.2113800346851349	0.1843939572572708	0.2566863596439362	0.2572727203369141	0.2089341729879379	0.2907880842685699	0.2110327184200287	0.2444250285625458	0.170800969004631	0.2419055998325348	0.1793750673532486	0.163452073931694	0.3087384700775146	0.2171651422977448	0.2821521461009979	0.2100181877613068	0.2211792767047882	0.2114628255367279	0.2733968794345856	0.1784756779670715	0.200506255030632	0.2597901523113251	0.1902051419019699	0.2088179737329483	0.2206663489341736
S2014F_E2-2-C-F	0.1941685378551483	0.1738853454589844	0.1280532032251358	0.2965150773525238	0.2059607952833176	0.08275666832923889	0.1845266222953796	0.205246165394783	0.1360687613487244	0.1672857254743576	0.2149761617183685	0.09370137006044388	0.08591701835393906	0	0.1212235167622566	0.03283243253827095	0.1383537799119949	0.07373082637786865	0.06992419064044952	0.09261605888605118	0.0728185847401619	0.07601007074117661	0.09246532618999481	0.1380629539489746	0.1076756119728088	0.03285112231969833	0.03249227255582809	0.05450905859470367	0.06643224507570267	0.05816878005862236	0.1110097318887711	0.09175829589366913	0.09175830334424973	0.1557090580463409	0.08522580564022064	0.08735937625169754	0.1151804327964783	0.05879487097263336	0.06782475113868713	0.0465533509850502	0.1028703227639198	0.1183026432991028	0.1127347573637962	0.1453167200088501	0.1483869999647141	0.1513985097408295	0.1814315617084503	0.1301538348197937	0.2065091133117676	0.09898992627859116	0.09582894295454025	0.06958766281604767	0.08273951709270477	0.09911400079727173	0.1866465061903	0.1973157823085785	0.1495116800069809	0.1820535659790039	0.1494726240634918	0.1142215207219124	0.1025508791208267	0.1139022633433342	0.09882108122110367	0.09314210712909698	0.09579981118440628	0.1369252055883408	0.1091141328215599	0.1277318298816681	0.1151804327964783	0.1529290676116943	0.1721655130386353	0.1366371363401413	0.09282805025577545	0.03648929670453072	0.09578073769807816	0.05500337481498718	0.1024639457464218	0.1445228010416031	0.2240718007087708	0.2573509514331818	0.1651351302862167	0.211425855755806	0.2188873142004013	0.2214996814727783	0.2400081008672714	0.1505203545093536	0.2425498366355896	0.1973647624254227	0.1864161938428879	0.1911119669675827	0.1978454142808914	0.1342664062976837	0.2266594469547272	0.2345538735389709	0.2278291285037994	0.1741141825914383	0.1917995363473892	0.1795215308666229	0.2207751721143723	0.2240906655788422	0.1711557060480118	0.1711556911468506	0.1449399441480637	0.1938172280788422	0.200528159737587	0.1978454142808914	0.1957914531230927	0.1343043744564056	0.1311568170785904	0.1998938173055649	0.1732632517814636	0.1125054731965065	0.1750167161226273	0.1198505237698555	0.2493374943733215	0.2443050444126129	0.1170141994953156	0.1265948265790939	0.1649118810892105	0.06854774802923203	0.07401937246322632	0.1248656734824181	0.1716678291559219	0.1884084641933441	0.1898653954267502	0.1704936921596527	0.1393297612667084	0.04805892705917358	0.1895692497491837	0.117401160299778	0.0471973605453968	0.06625218689441681	0.04734734445810318	0.04458118230104446	0.1097041368484497	0.1744435131549835	0.1418660134077072	0.1911857724189758	0.1195419803261757	0.1005693078041077	0.1071187928318977	0.11366818100214	0.1573809236288071	0.1584286391735077	0.1068996042013168	0.1747470647096634	0.04007230326533318	0.1772043853998184	0.1153427064418793	0.1867868602275848	0.2266025096178055	0.1096748039126396	0.1523645520210266	0.1513899713754654	0.1865988075733185	0.1037982776761055	0.1094944179058075	0.2143674045801163	0.1522298902273178	0.1365472376346588	0.1118411272764206	0.1760005056858063	0.1379040479660034	0.1452985852956772	0.1295188665390015	0.1238781660795212	0.1345321089029312	0.1799478232860565	0.1011865958571434	0.1839144676923752	0.1306950598955154	0.1391227543354034	0.1082863286137581	0.1947495192289352	0.1894602179527283	0.1372221708297729	0.2269726991653442	0.1400318592786789	0.1736647337675095	0.0948256179690361	0.1706503629684448	0.1047150790691376	0.08707498759031296	0.2449618279933929	0.1456915587186813	0.2156756967306137	0.1515400409698486	0.1545263379812241	0.1402292400598526	0.2075594067573547	0.1042885258793831	0.1275105178356171	0.1909708231687546	0.1162697076797485	0.1360687613487244	0.1505335569381714
S2014F_E2-3-A-F	0.1463412940502167	0.09494036436080933	0.1985832154750824	0.2563534677028656	0.1603622883558273	0.1527873277664185	0.1354492008686066	0.1597682982683182	0.2068578600883484	0.1328691989183426	0.2827346324920654	0.1791039109230042	0.1949858367443085	0.1212235167622566	0	0.09820902347564697	0.2219479233026505	0.1450110077857971	0.1329140514135361	0.1627172529697418	0.1356218010187149	0.1386074274778366	0.1418693363666534	0.07061470299959183	0.1970167905092239	0.09822654724121094	0.1111527755856514	0.1199642047286034	0.1319305747747421	0.1567494869232178	0.200375959277153	0.1484708040952682	0.1484708040952682	0.2262803465127945	0.142297700047493	0.1436068713665009	0.1590371429920197	0.1311399340629578	0.1100314036011696	0.1308355629444122	0.1820126622915268	0.2088136225938797	0.2038849592208862	0.07868883013725281	0.08225364238023758	0.08574835211038589	0.1188098415732384	0.2015013545751572	0.1566078513860703	0.168331190943718	0.1654128730297089	0.1325992345809937	0.1471477597951889	0.162425696849823	0.1484705656766891	0.1602988541126251	0.06785678863525391	0.1701152175664902	0.08291102200746536	0.1785775125026703	0.1870397925376892	0.1782813370227814	0.1891541928052902	0.1841125190258026	0.1808827370405197	0.2097060531377792	0.1941378563642502	0.1711467653512955	0.1590371429920197	0.2237402349710464	0.2318132072687149	0.1797354370355606	0.1841689199209213	0.1016310304403305	0.1868627816438675	0.1206978559494019	0.1814982444047928	0.2040673047304153	0.201500341296196	0.2363665997982025	0.1147037968039513	0.2008882462978363	0.1958851665258408	0.1987150311470032	0.2308021932840347	0.234210878610611	0.233489990234375	0.1863185912370682	0.1748815029859543	0.166652724146843	0.173739418387413	0.1191655471920967	0.2043015211820602	0.212529182434082	0.2180614173412323	0.1248816773295403	0.1432293504476547	0.1302850395441055	0.198032557964325	0.2015207558870316	0.1215298920869827	0.1215298995375633	0.09350071102380753	0.1695854812860489	0.1766472309827805	0.173739418387413	0.1847140043973923	0.1045678704977036	0.1011264324188232	0.1760644614696503	0.1480464786291122	0.09622955322265625	0.1496240645647049	0.0664471834897995	0.2280079275369644	0.2225600779056549	0.2016205191612244	0.09653545916080475	0.138987272977829	0.1596121191978455	0.1463677585124969	0.2102372348308563	0.1460988968610764	0.1637208163738251	0.1655129045248032	0.1450436264276505	0.2231608927249908	0.1548046767711639	0.2737275362014771	0.2022836655378342	0.1384886503219604	0.1380739361047745	0.1389605700969696	0.1163982376456261	0.05540885031223297	0.1491107642650604	0.09001543372869492	0.1667313128709793	0.2035655677318573	0.1977367252111435	0.192126139998436	0.1983053535223007	0.2392944842576981	0.2408613413572311	0.2036417871713638	0.1628163009881973	0.1451132744550705	0.1521051377058029	0.2106985300779343	0.1626960337162018	0.2053238749504089	0.1966675668954849	0.235124796628952	0.2336271703243256	0.1619906276464462	0.1890969723463058	0.2055665403604507	0.1920243948698044	0.2358041703701019	0.2293153405189514	0.0810629278421402	0.1510140001773834	0.2315353155136108	0.2393363118171692	0.2125030755996704	0.2089751362800598	0.2195220440626144	0.1550794839859009	0.1712222099304199	0.13498355448246	0.19843690097332	0.2096621841192245	0.1801198571920395	0.169011265039444	0.2597615718841553	0.2070122510194778	0.1542864590883255	0.2093141078948975	0.1238297149538994	0.1653556376695633	0.1204097867012024	0.1747501641511917	0.1773304492235184	0.1718197017908096	0.2159828394651413	0.1693305820226669	0.2198973596096039	0.1955724656581879	0.2032574266195297	0.132687509059906	0.1866281479597092	0.1977991312742233	0.1427193731069565	0.1865551620721817	0.2068578600883484	0.2198169231414795
S2014F_E2-3-B-F	0.1788200885057449	0.1582657992839813	0.1116262972354889	0.2833080589771271	0.1912718415260315	0.06559863686561584	0.1688157618045807	0.1905957609415054	0.1197323650121689	0.1585159599781036	0.2007821053266525	0.09122500568628311	0.1091656982898712	0.03283243253827095	0.09820902347564697	0	0.1431212425231934	0.05608845874667168	0.03932801261544228	0.07562555372714996	0.04930242896080017	0.04577318951487541	0.07625714689493179	0.1354234963655472	0.1179800480604172	0.007389467675238848	0.01467602793127298	0.02225149981677532	0.03449087962508202	0.06270703673362732	0.1155793070793152	0.08860599994659424	0.08860600739717484	0.172157809138298	0.08197498321533203	0.08418095111846924	0.09832984209060669	0.04059425741434097	0.05045383423566818	0.04287873208522797	0.09449102729558945	0.1291925460100174	0.1174103245139122	0.1360552459955215	0.1458852142095566	0.1422956436872482	0.1793396025896072	0.1406351625919342	0.2052406817674637	0.08230529725551605	0.07902593910694122	0.04591716080904007	0.05884614586830139	0.07601550966501236	0.2033241391181946	0.2137780487537384	0.1333148628473282	0.1989624202251434	0.1469652056694031	0.1244734674692154	0.1065149232745171	0.1241567954421043	0.1154266819357872	0.1098505482077599	0.1002616137266159	0.1290382891893387	0.1137497574090958	0.1113603115081787	0.09832984209060669	0.1694310903549194	0.1766194403171539	0.1206012889742851	0.09728438407182693	0.01120799127966166	0.100326344370842	0.02995256520807743	0.1070545464754105	0.1487810760736465	0.2229782342910767	0.2624616920948029	0.149050235748291	0.228231742978096	0.2237229198217392	0.2263375967741013	0.2569572925567627	0.1548074334859848	0.259443074464798	0.2082467526197433	0.203236848115921	0.1957489103078842	0.2025305181741714	0.1456732749938965	0.2255965918302536	0.2394682615995407	0.2445844113826752	0.1516402363777161	0.1762288063764572	0.1637721508741379	0.219647079706192	0.2229973077774048	0.1485317796468735	0.1485317796468735	0.1285873353481293	0.198457807302475	0.205216571688652	0.2025305181741714	0.206631064414978	0.1388726383447647	0.1357174664735794	0.2045618146657944	0.177742138504982	0.1239083409309387	0.1795537024736404	0.102949395775795	0.2485058903694153	0.2493393272161484	0.114798828959465	0.1310871094465256	0.1693763434886932	0.06562908738851547	0.05611316487193108	0.1290427297353745	0.1761807948350906	0.1930415630340576	0.1884134262800217	0.1749678403139114	0.1373614817857742	0.06639133393764496	0.1941794157028198	0.1151823773980141	0.04403894394636154	0.04832928627729416	0.04417917504906654	0.02624230831861496	0.09255197644233704	0.1789610087871552	0.1253944784402847	0.1958230435848236	0.123611755669117	0.1174214854836464	0.1111423373222351	0.1177235990762711	0.1616263389587402	0.1627091765403748	0.1236970722675323	0.1913973093032837	0.05115984007716179	0.1817263513803482	0.1257882863283157	0.1853272169828415	0.2255886048078537	0.1138138920068741	0.1566169559955597	0.149580329656601	0.1911877393722534	0.1078104898333549	0.119988314807415	0.2189930975437164	0.1628420650959015	0.1468154191970825	0.109391026198864	0.1804836988449097	0.1542492061853409	0.1616731882095337	0.133611872792244	0.1280339956283569	0.1387641429901123	0.1844741106033325	0.08437302708625793	0.1682495176792145	0.1149769872426987	0.1229026988148689	0.091169573366642	0.1933094561100006	0.1742434054613113	0.1211420893669128	0.2126740962266922	0.1241230294108391	0.1577445864677429	0.07777097076177597	0.1546127647161484	0.08796784281730652	0.09124518930912018	0.2306352555751801	0.1296532601118088	0.2007368952035904	0.1360579878091812	0.1396656334400177	0.1242620646953583	0.1927972584962845	0.1013340502977371	0.1111306399106979	0.1754991710186005	0.09967899322509766	0.1197323650121689	0.1348192691802979
S2014F_E2-3-C-F	0.2227368801832199	0.2279296666383743	0.1597879678010941	0.3422386050224304	0.2331580370664597	0.1736794859170914	0.2388016581535339	0.2323907166719437	0.192592978477478	0.2028069347143173	0.2642663717269897	0.06052784249186516	0.06587440520524979	0.1383537799119949	0.2219479233026505	0.1431212425231934	0	0.1086585596203804	0.14895398914814	0.1514510661363602	0.1573044657707214	0.1541146039962769	0.1260405331850052	0.2069681137800217	0.08135805279016495	0.1492113023996353	0.1543003767728806	0.1628692001104355	0.1160637214779854	0.1205695942044258	0.04675184190273285	0.1635248363018036	0.1635248363018036	0.08359865844249725	0.1579425185918808	0.1589366346597672	0.1734493225812912	0.1791482120752335	0.1593080461025238	0.1776473522186279	0.06380752474069595	0.07925495505332947	0.07353956997394562	0.2075476050376892	0.2160955667495728	0.2128010541200638	0.2459169775247574	0.05077346041798592	0.1150191351771355	0.1317149251699448	0.1288259625434875	0.1545932590961456	0.1367949992418289	0.1260059475898743	0.113702155649662	0.125375971198082	0.2055197060108185	0.1080677583813667	0.2175547331571579	0.08796703815460205	0.07580618560314178	0.08764466643333435	0.07862644642591476	0.07295327633619308	0.06346137076616287	0.03125369548797607	0.05741367489099503	0.1844122707843781	0.1734493225812912	0.080568827688694	0.08628769963979721	0.1922030001878738	0.06672892719507217	0.1521184593439102	0.05694010853767395	0.1697038114070892	0.0635346993803978	0.05834215134382248	0.1321680098772049	0.1714980602264404	0.2207021564245224	0.1380581557750702	0.1326085478067398	0.1355414688587189	0.1539632081985474	0.03771398589015007	0.1568239331245422	0.1050775498151779	0.1579419374465942	0.1563020348548889	0.1629240661859512	0.1975005120038986	0.1351037174463272	0.149029016494751	0.1547754555940628	0.2225934416055679	0.2455905377864838	0.233946368098259	0.1288262009620667	0.1321894079446793	0.2199840098619461	0.2199840098619461	0.2559815347194672	0.1590771675109863	0.1656774282455444	0.1629240661859512	0.1612696647644043	0.2409578114748001	0.2384521216154099	0.1711554527282715	0.1389758288860321	0.2329082787036896	0.1403595209121704	0.2278690189123154	0.157489150762558	0.158017098903656	0.08367466181516647	0.2393657118082047	0.130422443151474	0.1797956824302673	0.1869469881057739	0.09104099869728088	0.1370662450790405	0.1535289585590363	0.1553274989128113	0.142240583896637	0.09966227412223816	0.1755709499120712	0.1032609343528748	0.07763221114873886	0.1603777706623077	0.1851087212562561	0.1608827412128448	0.1654904633760452	0.2248221933841705	0.1460193544626236	0.2535602152347565	0.162430539727211	0.09255871176719666	0.07369398325681686	0.1731380522251129	0.08662383258342743	0.1302286237478256	0.1310823261737823	0.07998824119567871	0.1467771083116531	0.1542687565088272	0.1488190144300461	0.08246153593063354	0.1468869894742966	0.187519297003746	0.1769884377717972	0.1190177276730537	0.1182949990034103	0.1580282747745514	0.07677115499973297	0.07649502158164978	0.1862049251794815	0.1186410933732986	0.1041055545210838	0.2198680490255356	0.1478234231472015	0.1111240684986115	0.1302759945392609	0.09654095023870468	0.0964539647102356	0.1068972125649452	0.1516013294458389	0.1594135016202927	0.2380475550889969	0.1852775514125824	0.1952610015869141	0.167436420917511	0.2170231193304062	0.2421417534351349	0.1929256916046143	0.2765356004238129	0.1706175059080124	0.2286626845598221	0.1538525223731995	0.2260368764400482	0.1627124100923538	0.1464100927114487	0.2945177555084229	0.2012172490358353	0.2431084364652634	0.1811533272266388	0.1829764097929001	0.195557564496994	0.2586993277072906	0.1492292135953903	0.1842187643051147	0.2444527447223663	0.1737079322338104	0.192592978477478	0.1805791258811951
S2014F_E5-2-A-F	0.1279850155115128	0.1359607726335526	0.05852450057864189	0.2644542455673218	0.1424762308597565	0.07816454023122787	0.1463612020015717	0.141951248049736	0.09640351682901382	0.1151340454816818	0.1805526614189148	0.1353463381528854	0.1522379666566849	0.07373082637786865	0.1450110077857971	0.05608845874667168	0.1086585596203804	0	0.06469198316335678	0.05137331411242485	0.06767658144235611	0.07096699625253677	0.03673174232244492	0.1125167235732079	0.1605395376682281	0.05610690265893936	0.06973595172166824	0.07800525426864624	0.02289415150880814	0.05199212580919266	0.1389300525188446	0.06463780999183655	0.06463781744241714	0.1524302810430527	0.05765210464596748	0.06028473749756813	0.07425906509160995	0.08250630646944046	0.06248567253351212	0.08358141034841537	0.1442445814609528	0.1717121601104736	0.1665177047252655	0.1201422661542892	0.1234233677387238	0.126640796661377	0.1580729335546494	0.126217857003212	0.1920706629753113	0.02892916463315487	0.02531429566442966	0.06434494256973267	0.04074337333440781	0.02907102182507515	0.1840807795524597	0.1950423419475555	0.1101780608296394	0.1793370544910431	0.1243642121553421	0.1666563153266907	0.1437875777482986	0.166358008980751	0.1522664874792099	0.1469610333442688	0.1494438350200653	0.1202281787991524	0.1627461612224579	0.08798924833536148	0.07425906509160995	0.1495718359947205	0.1565936207771301	0.09772001951932907	0.1466676145792007	0.05969678238034248	0.149504154920578	0.07859096676111221	0.1561402082443237	0.1280781775712967	0.2100830376148224	0.2443279027938843	0.1260610818862915	0.2094525843858719	0.2046366780996323	0.2073812633752823	0.2388157248497009	0.107785776257515	0.2414241284132004	0.1951339244842529	0.2396781146526337	0.2267980426549911	0.2335527986288071	0.130090594291687	0.2128005474805832	0.2208978086709976	0.2262659072875977	0.135895311832428	0.1539745032787323	0.141266331076622	0.2066822648048401	0.2101028263568878	0.1326561570167542	0.1326561868190765	0.1693429499864578	0.2293920964002609	0.2361241728067398	0.2335527986288071	0.2488126158714294	0.1726328879594803	0.1696144044399261	0.24123914539814	0.2086536735296249	0.1708069145679474	0.2107713222503662	0.1372614353895187	0.2361043989658356	0.2308192253112793	0.1583770364522934	0.1713685691356659	0.2006344050168991	0.1128556802868843	0.09086944162845612	0.1604610979557037	0.2074118107557297	0.2242055684328079	0.2312139719724655	0.2119830995798111	0.1743801832199097	0.1004583314061165	0.1744356602430344	0.1527348607778549	0.09150922298431396	0.08987229317426682	0.09181789308786392	0.06796124577522278	0.1338941156864166	0.2160713374614716	0.1663236916065216	0.2328103333711624	0.1606290191411972	0.1546034961938858	0.1486326605081558	0.1550304293632507	0.1976004242897034	0.1989103555679321	0.1607101410627365	0.2275636047124863	0.09837587177753448	0.2186924964189529	0.1683945506811142	0.2216383665800095	0.2604040503501892	0.1521805077791214	0.1870557367801666	0.1917421370744705	0.228085070848465	0.1454400271177292	0.1629347652196884	0.2544610202312469	0.2052030116319656	0.188194677233696	0.1564579159021378	0.2172134220600128	0.1900397539138794	0.197644978761673	0.1641395539045334	0.1655159592628479	0.1761678010225296	0.2212970554828644	0.06037441268563271	0.1458643674850464	0.09257547557353973	0.09974382817745209	0.06670980155467987	0.150942325592041	0.1525205075740814	0.0981941819190979	0.1922753751277924	0.07253838330507278	0.1349909603595734	0.05342042446136475	0.1316872835159302	0.0640639066696167	0.06761013716459274	0.2101734131574631	0.1067575961351395	0.1508399546146393	0.0856935903429985	0.09136664867401123	0.1014789119362831	0.1717306673526764	0.04900247603654861	0.08774729818105698	0.1533939689397812	0.07599467039108276	0.09640351682901382	0.08367964625358582
S2014F_E5-2-A-F_plate2	0.1843973994255066	0.1906611621379852	0.118783600628376	0.3107036352157593	0.1901104599237442	0.0945998951792717	0.1949633210897446	0.1957166492938995	0.1536144912242889	0.1644453555345535	0.2302466332912445	0.1239317283034325	0.1406161189079285	0.06992419064044952	0.1329140514135361	0.03932801261544228	0.14895398914814	0.06469198316335678	0	0.07819538563489914	0.01023826934397221	0.006709032692015171	0.0841367095708847	0.1686932742595673	0.1488219499588013	0.03930893167853355	0.0528801754117012	0.06070440262556076	0.07246243208646774	0.09853282570838928	0.1159452423453331	0.1234337016940117	0.1234337165951729	0.2009935677051544	0.1173015162348747	0.118921160697937	0.1332734376192093	0.07832575589418411	0.05901181325316429	0.0461624376475811	0.1208511739969254	0.1540179997682571	0.1428516209125519	0.1693006753921509	0.178524062037468	0.1750716418027878	0.2102701663970947	0.1709529310464859	0.2334616482257843	0.04999923333525658	0.05354741215705872	0.01378645841032267	0.05493040010333061	0.03668750450015068	0.2314302772283554	0.2411640733480453	0.166902631521225	0.2276027947664261	0.1797908246517181	0.1548707783222198	0.138263151049614	0.1545756906270981	0.1465557962656021	0.1413663476705551	0.132224828004837	0.1541863828897476	0.1452319025993347	0.1388600170612335	0.1332734376192093	0.1927177011966705	0.2058567404747009	0.1156052574515343	0.1233810186386108	0.04981353506445885	0.1262393146753311	0.06810260564088821	0.1387735903263092	0.1790068596601486	0.2507624626159668	0.2889197468757629	0.1823981404304504	0.2500015497207642	0.2515706717967987	0.2483122944831848	0.2834376096725464	0.1604349166154861	0.2802006304264069	0.2306631356477737	0.2257424592971802	0.2246001809835434	0.2311385124921799	0.1783280074596405	0.2531972527503967	0.2665745317935944	0.2713335752487183	0.1782130599021912	0.2021112740039825	0.1900070011615753	0.2418396919965744	0.2450806498527527	0.1753092408180237	0.1753092557191849	0.1559779793024063	0.2213418036699295	0.227880135178566	0.2311385124921799	0.2347220331430435	0.1721349209547043	0.1627506166696548	0.2329111844301224	0.2012246549129486	0.1576279252767563	0.2090814709663391	0.1379919201135635	0.2754642367362976	0.2763554751873016	0.1464501917362213	0.164532408118248	0.1992703825235367	0.0947297140955925	0.0932343378663063	0.1603883653879166	0.2058299332857132	0.2220838963985443	0.2174326330423355	0.2044674605131149	0.1620767265558243	0.1024500727653503	0.222992405295372	0.1469230800867081	0.07389215379953384	0.08549065887928009	0.08084147423505783	0.0642661526799202	0.1281126290559769	0.2084135264158249	0.1529956609010696	0.2246706932783127	0.1546451300382614	0.1487724930047989	0.1429329961538315	0.1491678804159164	0.1907092332839966	0.1919387429952621	0.1547244936227798	0.2140652388334274	0.08065879344940186	0.2051552534103394	0.1505554020404816	0.2082655876874924	0.2519476413726807	0.1400620341300964	0.1861531436443329	0.1792682260274887	0.2143080830574036	0.1398153156042099	0.1510474979877472	0.2460106164216995	0.1922947019338608	0.1703484952449799	0.1436714231967926	0.2095971554517746	0.1834014654159546	0.1907529085874557	0.1639537364244461	0.15931336581707	0.1696586012840271	0.2135394066572189	0.1192522495985031	0.1943246722221375	0.1476051211357117	0.1565458923578262	0.1199912205338478	0.1920934617519379	0.2058079093694687	0.1545021235942841	0.2423426955938339	0.1308547407388687	0.1842880100011826	0.1131452769041061	0.1878601610660553	0.1227095052599907	0.1191518977284431	0.2542231678962708	0.162921816110611	0.2057737857103348	0.136032447218895	0.1457149684429169	0.1573901325464249	0.2234233468770981	0.102019764482975	0.1451077610254288	0.2075805068016052	0.1340934932231903	0.1536144912242889	0.134818822145462
S2014F_E5-2-B-F	0.1751959174871445	0.1544869989156723	0.1074512004852295	0.2806516587734222	0.1878602802753448	0.09711729735136032	0.1650595515966415	0.1871904879808426	0.115613117814064	0.1613941341638565	0.1975284963846207	0.1520393639802933	0.1570648103952408	0.09261605888605118	0.1627172529697418	0.07562555372714996	0.1514510661363602	0.05137331411242485	0.07819538563489914	0	0.0682685524225235	0.0715336799621582	0.07213500887155533	0.1314437985420227	0.1652444303035736	0.07564330846071243	0.08876786381006241	0.09717186540365219	0.04368677362799644	0.07168209552764893	0.1794585585594177	0.08424528688192368	0.08424528688192368	0.1688641160726547	0.07752376794815063	0.07981532067060471	0.09399078786373138	0.0948597714304924	0.09659849107265472	0.06883589178323746	0.1546704769134521	0.1763621866703033	0.1825176924467087	0.1388697326183319	0.1420261263847351	0.1451216340065002	0.1758247464895248	0.1432273685932159	0.2081567049026489	0.0298310574144125	0.02624625340104103	0.06496266275644302	0.02539404295384884	0.04358820244669914	0.2002373784780502	0.2108152061700821	0.1292867660522461	0.1957966089248657	0.1430872976779938	0.1822857558727264	0.1487400829792023	0.1709782630205154	0.15709288418293	0.1632555425167084	0.1656537652015686	0.1375180184841156	0.1728461533784866	0.1071986556053162	0.09399078786373138	0.166104719042778	0.1732950955629349	0.08265312016010284	0.1629721522331238	0.07909967750310898	0.1657120436429977	0.09781652688980103	0.1722464859485626	0.1452309936285019	0.2260002046823502	0.2598052620887756	0.1451161801815033	0.2253246754407883	0.2207489609718323	0.2233951091766357	0.2542743384838104	0.1513174623250961	0.2567892968654633	0.2111782431602478	0.2545552253723145	0.2421235889196396	0.2487732470035553	0.1485172808170319	0.2286208420991898	0.2366426885128021	0.2418192923069	0.1545690298080444	0.172539234161377	0.1599846333265305	0.2226531058549881	0.2260193228721619	0.1514550745487213	0.1514550894498825	0.1868983507156372	0.2446268051862717	0.2512544989585876	0.2487732470035553	0.257872074842453	0.1836096346378326	0.1806708723306656	0.250481128692627	0.2241583913564682	0.1880833655595779	0.220512717962265	0.1428032517433167	0.2457350492477417	0.2405828088521957	0.1746057569980621	0.1822837591171265	0.2164189517498016	0.1309670954942703	0.1031549349427223	0.1768727153539658	0.2230905443429947	0.233781173825264	0.2463206499814987	0.2216131538152695	0.1903101801872253	0.1123915463685989	0.1848435252904892	0.1691581457853317	0.1099722236394882	0.1088334247469902	0.1036966294050217	0.08729264885187149	0.1455132812261581	0.2256831377744675	0.1774673908948898	0.2479915618896484	0.1707859486341476	0.1708352565765381	0.1535732597112656	0.1653224676847458	0.2071090787649155	0.2084646821022034	0.1708651185035706	0.2368188351392746	0.1100847721099854	0.2282405346632004	0.1841572225093842	0.2366950958967209	0.2743932604789734	0.1627890169620514	0.1968144178390503	0.2070810943841934	0.237518310546875	0.1559178829193115	0.1788823455572128	0.2582860589027405	0.2147265821695328	0.2032954841852188	0.1739735305309296	0.2267168611288071	0.1995759755373001	0.2071525901556015	0.1800462156534195	0.1757476478815079	0.1862688958644867	0.2307819575071335	0.07998973876237869	0.1645021289587021	0.1109995916485786	0.1188263073563576	0.08673162013292313	0.1963850557804108	0.1706315726041794	0.1103000864386559	0.2094476073980331	0.12013179063797	0.1538888365030289	0.07329775393009186	0.1507142335176468	0.07667472213506699	0.08695463836193085	0.2274837642908096	0.1188370138406754	0.1973075419664383	0.1196419522166252	0.1360024809837341	0.1134973838925362	0.1893748044967651	0.09716153144836426	0.1069658473134041	0.1718305647373199	0.0954139307141304	0.115613117814064	0.1309204250574112
S2014F_E5-3-B-F	0.1870000213384628	0.1931887120008469	0.1215658336877823	0.3128417134284973	0.1926312893629074	0.09740827232599258	0.1975322216749191	0.1982028037309647	0.1562580168247223	0.1733585745096207	0.2325496822595596	0.132544994354248	0.1377423852682114	0.0728185847401619	0.1356218010187149	0.04930242896080017	0.1573044657707214	0.06767658144235611	0.01023826934397221	0.0682685524225235	0	0.003529257141053677	0.08102495968341827	0.1712890416383743	0.1459756642580032	0.04237452894449234	0.06262516230344772	0.07053540647029877	0.08221455663442612	0.1078426092863083	0.1244944408535957	0.1261518448591232	0.1261518597602844	0.2032525837421417	0.1200577542185783	0.1216333210468292	0.1359989494085312	0.081266850233078	0.04909265786409378	0.0491737425327301	0.1294833719730377	0.1451993882656097	0.1512929946184158	0.1782083511352539	0.1810713708400726	0.1838802248239517	0.2126855701208115	0.1791139841079712	0.2412965893745422	0.03990178927779198	0.04346253350377083	0.003560756333172321	0.05794615298509598	0.03976146876811981	0.2336310297250748	0.2433095127344131	0.1695224046707153	0.2298442274332047	0.1823519468307495	0.1629982590675354	0.1293656527996063	0.1517486274242401	0.1377706229686737	0.1438337415456772	0.1406772434711456	0.1625866889953613	0.1536049395799637	0.1415397226810455	0.1359989494085312	0.1950146406888962	0.20814548432827	0.1183765605092049	0.1319415867328644	0.05282371863722801	0.1347547322511673	0.07107632607221603	0.1471855342388153	0.1813730001449585	0.2585462629795074	0.2909900844097137	0.1849979609251022	0.2521709799766541	0.2537497580051422	0.2505008578300476	0.285510241985321	0.1628793627023697	0.2822826504707336	0.2385433614253998	0.2279747575521469	0.2268577814102173	0.2333770841360092	0.1871174275875092	0.2609411478042603	0.2686961889266968	0.2734277844429016	0.1871923059225082	0.2046573609113693	0.1925826072692871	0.2497031837701797	0.2529242932796478	0.1843394190073013	0.1843394339084625	0.158652275800705	0.2236088961362839	0.2301281988620758	0.2333770841360092	0.242527037858963	0.1747297048568726	0.1653933078050613	0.2351301163434982	0.2035427391529083	0.1666140407323837	0.2113917320966721	0.1282061189413071	0.2831218242645264	0.2784692645072937	0.1548704206943512	0.1671418398618698	0.2016093134880066	0.1040969863533974	0.09612786024808884	0.162840873003006	0.2081497013568878	0.2243561893701553	0.2254196256399155	0.2067761272192001	0.1703748553991318	0.1052630022168159	0.225247323513031	0.1553677022457123	0.08339568227529526	0.08838822692632675	0.09029951691627502	0.0672309622168541	0.1308849602937698	0.2107181996107101	0.1556888669729233	0.2269280105829239	0.1570747494697571	0.1512266844511032	0.1339921504259109	0.1516290456056595	0.1929879933595657	0.1942284256219864	0.1571536809206009	0.2163094580173492	0.09008441120386124	0.2074694037437439	0.1588164865970612	0.2162061184644699	0.2593523561954498	0.1426245421171188	0.1884665787220001	0.1872947216033936	0.2165955752134323	0.1423197090625763	0.1593318730592728	0.2376869916915894	0.2003051042556763	0.1783021092414856	0.1527497172355652	0.2118761986494064	0.1856862306594849	0.1930314302444458	0.1663302630186081	0.1617609858512878	0.172076091170311	0.2158143669366837	0.1219747811555862	0.1968865394592285	0.1501554399728775	0.1591711491346359	0.1227894723415375	0.2009149938821793	0.2082713395357132	0.1571064889431	0.2446595579385757	0.1335506588220596	0.1868909895420074	0.1159056350588799	0.1904517114162445	0.1254213005304337	0.1218644231557846	0.2565683722496033	0.1655182540416718	0.2083081901073456	0.1265461295843124	0.148236021399498	0.1599767506122589	0.2258142977952957	0.1048048585653305	0.1477594971656799	0.2100823521614075	0.1367793381214142	0.1562580168247223	0.1375117301940918
S2014F_E5-3-C-F	0.189869299530983	0.1959756314754486	0.1246333196759224	0.3151992857456207	0.195410817861557	0.1005049794912338	0.2003643214702606	0.2009442448616028	0.1591728329658508	0.1699150204658508	0.2350897789001465	0.1293134689331055	0.1345527917146683	0.07601007074117661	0.1386074274778366	0.04577318951487541	0.1541146039962769	0.07096699625253677	0.006709032692015171	0.0715336799621582	0.003529257141053677	0	0.07757123559713364	0.1741511970758438	0.1428165286779404	0.04575423896312714	0.05914539098739624	0.06700617074966431	0.07868532091379166	0.1044119149446487	0.1213051304221153	0.1291490793228149	0.1291490644216537	0.2057450264692307	0.1230968609452248	0.1246241107583046	0.1390040665864944	0.08450930565595627	0.05240002647042274	0.05249382555484772	0.1262518465518951	0.1479347795248032	0.1480826586484909	0.1747546344995499	0.1838802248239517	0.1804503053426743	0.2153492122888565	0.1759458631277084	0.2381079941987991	0.04329020157456398	0.04683839902281761	0.007077446207404137	0.06127090379595757	0.0431503988802433	0.2360589653253555	0.2456766366958618	0.1724109202623367	0.2323168069124222	0.1851759105920792	0.1598801761865616	0.1321605741977692	0.1486108601093292	0.1405119597911835	0.1465557813644409	0.1374872028827667	0.1593655645847321	0.1504150778055191	0.144494503736496	0.1390040665864944	0.1975487619638443	0.2106703966856003	0.1214322000741959	0.1287311017513275	0.05614249780774117	0.1315546631813049	0.07435473799705505	0.1439957767724991	0.1839832812547684	0.2553355097770691	0.29327392578125	0.1878641843795776	0.2545642256736755	0.2561535239219666	0.25291508436203	0.287796676158905	0.165575847029686	0.2845793962478638	0.2353432327508926	0.2304373383522034	0.2293481826782227	0.2358464747667313	0.1836867332458496	0.2577407658100128	0.2710366547107697	0.2757381200790405	0.1836878210306168	0.207464337348938	0.1954222023487091	0.2464821040630341	0.2497031986713409	0.1808226406574249	0.1808226257562637	0.1616007089614868	0.2261097431182861	0.2326080501079559	0.2358464747667313	0.2393475472927094	0.1775906831026077	0.168306976556778	0.2375779300928116	0.2060999125242233	0.1631596237421036	0.2139401286840439	0.1312829107046127	0.2799007296562195	0.2808008790016174	0.15165975689888	0.1700190752744675	0.2041893154382706	0.1006542965769768	0.09931785613298416	0.1655461490154266	0.2107085734605789	0.2268626838922501	0.2222089618444443	0.2093228846788406	0.1671745032072067	0.1083645224571228	0.2277347892522812	0.1521466374397278	0.07995301485061646	0.09158282727003098	0.08685684949159622	0.07049971073865891	0.1339414119720459	0.2132605016231537	0.1586581021547318	0.2294180989265442	0.1597551256418228	0.1539340913295746	0.136790469288826	0.1543440818786621	0.1955022066831589	0.1967546194791794	0.1598335057497025	0.2187854051589966	0.08665398508310318	0.2100221961736679	0.155657097697258	0.2130363583564758	0.2562951445579529	0.1454508602619171	0.1910188943147659	0.1841596066951752	0.2191189676523209	0.1450823247432709	0.1561624556779861	0.2400694638490677	0.1971457153558731	0.1752159148454666	0.1492951065301895	0.214390367269516	0.1882071644067764	0.1955453902482986	0.1689521968364716	0.1644609868526459	0.1747428625822067	0.2183239907026291	0.1249769106507301	0.199710950255394	0.1529682576656342	0.1620659232139587	0.1258745044469833	0.1974362283945084	0.2109877169132233	0.1599783301353455	0.2472145557403564	0.1365233659744263	0.1897606402635574	0.1189493462443352	0.1933088153600693	0.128411591053009	0.1248555928468704	0.2591541409492493	0.1683812588453293	0.2111022770404816	0.1295326203107834	0.1510168164968491	0.162829115986824	0.2284508645534515	0.1078758761286736	0.1506834626197815	0.2128407210111618	0.1397409737110138	0.1591728329658508	0.1404810398817062
S2014F_E5-C-2-F	0.1600156426429749	0.1392540335655212	0.09272842109203339	0.2906924188137054	0.1730649173259735	0.1103325933218002	0.1776019483804703	0.1724503189325333	0.1288669258356094	0.126539945602417	0.2087159305810928	0.1574212461709976	0.1503123193979263	0.09246532618999481	0.1418693363666534	0.07625714689493179	0.1260405331850052	0.03673174232244492	0.0841367095708847	0.07213500887155533	0.08102495968341827	0.07757123559713364	0	0.1023283377289772	0.1584972739219666	0.08305774629116058	0.07561803609132767	0.09754607826471329	0.04473448544740677	0.05836931243538857	0.1549559533596039	0.05519230291247368	0.05519231036305428	0.142748087644577	0.04823528975248337	0.05097237229347229	0.07890193164348602	0.1150953397154808	0.05418683961033821	0.1019901633262634	0.1603434383869171	0.1816764026880264	0.181932732462883	0.102967694401741	0.1131572127342224	0.1095246523618698	0.147477999329567	0.1104831174015999	0.1879593133926392	0.05041980370879173	0.04698831960558891	0.07782290130853653	0.06861910223960876	0.05722561478614807	0.1738621592521667	0.1848203986883163	0.1140491962432861	0.194517970085144	0.1140092238783836	0.1512767672538757	0.160089448094368	0.1397010535001755	0.1562733948230743	0.1623710095882416	0.1532751768827438	0.1374169737100601	0.1782096922397614	0.09227399528026581	0.07890193164348602	0.1398937404155731	0.1592169553041458	0.1017561405897141	0.1505656093358994	0.08643368631601334	0.165310338139534	0.1049140021204948	0.171774297952652	0.1312607377767563	0.2304532527923584	0.2695805728435516	0.1580455601215363	0.2237322479486465	0.231215700507164	0.23378024995327	0.2640809118747711	0.1376013606786728	0.26651930809021	0.2158121913671494	0.2640025913715363	0.251939982175827	0.2584750950336456	0.141076847910881	0.2330216020345688	0.246760293841362	0.2400527149438858	0.1605429947376251	0.1849365830421448	0.1725795418024063	0.227154016494751	0.2304719984531403	0.1574995666742325	0.1574995815753937	0.1985364407300949	0.2543683052062988	0.2608822286128998	0.2584750950336456	0.2672630846500397	0.201599583029747	0.1987891346216202	0.2656720876693726	0.2342184782028198	0.1805170327425003	0.2365176379680634	0.1554400473833084	0.2557593882083893	0.2566090524196625	0.1796392202377319	0.2001773416996002	0.2267113924026489	0.1369947344064713	0.1232765391469002	0.1878486126661301	0.2332677096128464	0.2495136111974716	0.2503575384616852	0.237440213561058	0.1951099038124084	0.11864073574543	0.2019312530755997	0.1743005812168121	0.1163115799427032	0.1219709441065788	0.1166966781020164	0.1008326411247253	0.1645484864711761	0.2414786070585251	0.1957260072231293	0.2576750814914703	0.1874843090772629	0.18173648416996	0.1649138480424881	0.18223936855793	0.22275210916996	0.2241796851158142	0.1875603049993515	0.2520396411418915	0.1228774338960648	0.243932843208313	0.1889641731977463	0.2408124953508377	0.2778760492801666	0.1802104711532593	0.2128621786832809	0.2115551829338074	0.2530220150947571	0.1731364727020264	0.1837923228740692	0.2675096392631531	0.2247845828533173	0.2077363729476929	0.1793998926877975	0.242339164018631	0.215267613530159	0.2114662528038025	0.1906734555959702	0.1925617307424545	0.2028683423995972	0.2463721632957458	0.09377356618642807	0.1770097315311432	0.1237626522779465	0.1319719254970551	0.1007416695356369	0.174914613366127	0.1827514469623566	0.130132257938385	0.1943218559026718	0.1056223511695862	0.166647806763649	0.08730685710906982	0.1635819226503372	0.09733130782842636	0.1005058735609055	0.2118898630142212	0.138620600104332	0.1820310801267624	0.1052371188998222	0.09536692500114441	0.1263363063335419	0.1742235124111176	0.06893373280763626	0.1202889680862427	0.1841510087251663	0.1089552044868469	0.1288669258356094	0.1163656264543533
S2014F_E7-1-A-F	0.09630560874938965	0.04192343354225159	0.1548001170158386	0.2124271988868713	0.1125726252794266	0.1564540416002274	0.08423689007759094	0.1121352016925812	0.1632842272520065	0.06854209303855896	0.2444153279066086	0.2075227499008179	0.211108610033989	0.1380629539489746	0.07061470299959183	0.1354234963655472	0.2069681137800217	0.1125167235732079	0.1686932742595673	0.1314437985420227	0.1712890416383743	0.1741511970758438	0.1023283377289772	0	0.2188327610492706	0.1354402750730515	0.1343460381031036	0.1571765840053558	0.1052541881799698	0.1178368106484413	0.2333659529685974	0.08736865222454071	0.08736864477396011	0.1748219877481461	0.08039359003305435	0.08273368328809738	0.1122237741947174	0.1486035883426666	0.126894935965538	0.1343129575252533	0.2158976644277573	0.2422616630792618	0.2375417500734329	0.02500507794320583	0.02896323800086975	0.03284209221601486	0.06813636422157288	0.1610633283853531	0.125138446688652	0.1376172304153442	0.1344789415597916	0.1683914512395859	0.1214748695492744	0.1377404183149338	0.1028468608856201	0.1158599406480789	0.02926381677389145	0.111529640853405	0.01301244553178549	0.2004117071628571	0.2152069211006165	0.200121596455574	0.2111350744962692	0.206198662519455	0.2085087895393372	0.1940693408250809	0.2335648387670517	0.1255937218666077	0.1122237741947174	0.1719805598258972	0.1923053562641144	0.1350654512643814	0.2059256583452225	0.1387039572000504	0.2204113751649857	0.1580452173948288	0.227001279592514	0.1760988235473633	0.1719217449426651	0.1946016401052475	0.0781979113817215	0.1579313278198242	0.1658812910318375	0.1689258813858032	0.1890993416309357	0.2077670842409134	0.1920589357614517	0.1563989073038101	0.2046614438295364	0.1904301047325134	0.1846124976873398	0.06872271746397018	0.1749339252710342	0.1833601593971252	0.1760229915380478	0.08922729641199112	0.09240424633026123	0.09456633031368256	0.168326273560524	0.1719436943531036	0.0855962410569191	0.08559624850749969	0.111550010740757	0.1932984441518784	0.1875221282243729	0.1846124976873398	0.2018613964319229	0.1153125911951065	0.1118605211377144	0.1933062672615051	0.1715299189090729	0.1139463186264038	0.1601965427398682	0.0767396092414856	0.1860215365886688	0.180017963051796	0.2180840671062469	0.1288799196481705	0.1626604050397873	0.1897684931755066	0.157209500670433	0.23294697701931	0.1566217690706253	0.1875624507665634	0.1954757422208786	0.1750455349683762	0.2455780655145645	0.1654928177595139	0.2362556159496307	0.212843045592308	0.1685764938592911	0.1689344644546509	0.169156938791275	0.1471870094537735	0.0882488414645195	0.1661950200796127	0.108095109462738	0.1839989870786667	0.2316828966140747	0.2259270846843719	0.2204973101615906	0.2265931069850922	0.2669316828250885	0.2573508024215698	0.2317566573619843	0.1922485083341599	0.1751129031181335	0.1691596806049347	0.2384704351425171	0.185870036482811	0.2279518395662308	0.2257262468338013	0.2573626637458801	0.2613374888896942	0.1791477203369141	0.2055479884147644	0.2335042357444763	0.2211146056652069	0.2752607762813568	0.2564840018749237	0.09868959337472916	0.1808247864246368	0.2477232068777084	0.2556422352790833	0.2346000820398331	0.2256206572055817	0.2362707853317261	0.1721043735742569	0.1402973681688309	0.08395522832870483	0.1695451736450195	0.1663767397403717	0.1346342116594315	0.1212605088949203	0.2188984453678131	0.1640881896018982	0.1054233312606812	0.1668190658092499	0.07203914225101471	0.1339831054210663	0.06823606789112091	0.1439575701951981	0.1468681395053864	0.1224174499511719	0.1731429100036621	0.1204246804118156	0.1784602999687195	0.166993111371994	0.160158634185791	0.08238276094198227	0.1432130336761475	0.1541371643543243	0.09228212386369705	0.142385870218277	0.1632842272520065	0.1777898371219635
S2014F_E7-2-C-F	0.2696900069713593	0.2508031725883484	0.2089788913726807	0.3616029918193817	0.2784680426120758	0.1673496961593628	0.2617330551147461	0.277590423822403	0.2165158092975616	0.2382345646619797	0.2852115035057068	0.02953184209764004	0.02317779511213303	0.1076756119728088	0.1970167905092239	0.1179800480604172	0.08135805279016495	0.1605395376682281	0.1488219499588013	0.1652444303035736	0.1459756642580032	0.1428165286779404	0.1584972739219666	0.2188327610492706	0	0.1241362318396568	0.1171172484755516	0.1376749277114868	0.1485080718994141	0.1401917189359665	0.0481625497341156	0.1763159930706024	0.1763159930706024	0.09814155846834183	0.1709468364715576	0.1717455387115479	0.198094516992569	0.1481993347406387	0.1422820687294006	0.1353857070207596	0.03896122425794601	0.06171097978949547	0.06157985702157021	0.2193987220525742	0.2276724874973297	0.2244540750980377	0.2566658854484558	0.06626901775598526	0.1414065062999725	0.1703499555587769	0.1676901578903198	0.1432545632123947	0.1679455488920212	0.1814415901899338	0.1277348548173904	0.138960212469101	0.2292086333036423	0.1224252209067345	0.2291732728481293	0.03248041495680809	0.01983050443232059	0.02001563273370266	0.009891399182379246	0.01613365858793259	0.02579895965754986	0.06639937311410904	0.05192109569907188	0.2084174901247025	0.198094516992569	0.09522846341133118	0.1135317608714104	0.2157584428787231	0.02908029034733772	0.1145316585898399	0.0451725497841835	0.1444911807775497	0.05170641094446182	0.08641945570707321	0.1582269221544266	0.1964575797319412	0.2441793382167816	0.1516196429729462	0.1587396711111069	0.1614987850189209	0.1915353834629059	0.09248252213001251	0.1941694170236588	0.144308939576149	0.1396376192569733	0.1315028220415115	0.138105720281601	0.2096306979656219	0.1609892696142197	0.1744977980852127	0.1679025590419769	0.2458608001470566	0.2683174014091492	0.256948858499527	0.1549848318099976	0.1582470536231995	0.2434054613113403	0.2434054315090179	0.2253660559654236	0.1343512684106827	0.1409325152635574	0.138105720281601	0.1429452002048492	0.2159967720508575	0.2134161442518234	0.1405073404312134	0.1143891140818596	0.190352201461792	0.1155252456665039	0.1917189359664917	0.1828703582286835	0.183465838432312	0.0528910905122757	0.2087444812059402	0.1056169643998146	0.1493496745824814	0.1619776785373688	0.06634970009326935	0.1122415140271187	0.1286564916372299	0.1245722025632858	0.1114804968237877	0.07526785880327225	0.1508797854185104	0.1301868855953217	0.05306087806820869	0.1299244910478592	0.1543655544519424	0.1303304582834244	0.1347395479679108	0.1939935982227325	0.1151595413684845	0.2228440642356873	0.1315772235393524	0.06207907199859619	0.05585450306534767	0.132851853966713	0.05594245716929436	0.1003898233175278	0.1010527536273003	0.06216797977685928	0.1287185251712799	0.1360468864440918	0.1180615201592445	0.06479761749505997	0.1225947961211205	0.1639156639575958	0.1470723450183868	0.09491856396198273	0.08826050907373428	0.1272744089365005	0.045883908867836	0.05875382944941521	0.1453475654125214	0.1006971895694733	0.08672594279050827	0.1892391443252563	0.1172658279538155	0.09359243512153625	0.0881703794002533	0.07250517606735229	0.06557451188564301	0.07602190226316452	0.1209455132484436	0.184081107378006	0.2609267830848694	0.2084715068340302	0.2190282791852951	0.1924360245466232	0.275252491235733	0.2644528746604919	0.2165322005748749	0.297554075717926	0.2185604572296143	0.2518995404243469	0.178842768073082	0.2494297623634338	0.1872828304767609	0.1834010481834412	0.3154847323894501	0.2247329205274582	0.2891815602779388	0.2175082266330719	0.2282777726650238	0.2190126031637192	0.280372828245163	0.1863387376070023	0.2082352042198181	0.2670645713806152	0.1980336010456085	0.2165158092975616	0.2281020879745483
S2014F_E9-2-A-F	0.1788361668586731	0.1582821160554886	0.1116434931755066	0.2833218574523926	0.1848305016756058	0.05863367021083832	0.1620233654975891	0.1906110942363739	0.119749441742897	0.1650490313768387	0.2007969468832016	0.09765773266553879	0.1154124066233635	0.03285112231969833	0.09822654724121094	0.007389467675238848	0.1492113023996353	0.05610690265893936	0.03930893167853355	0.07564330846071243	0.04237452894449234	0.04575423896312714	0.08305774629116058	0.1354402750730515	0.1241362318396568	0	0.02190384641289711	0.02955853380262852	0.04175256937742233	0.06965579092502594	0.1155617386102676	0.08862357586622238	0.08862356841564178	0.1721722930669785	0.08199281245470047	0.0841984823346138	0.09834747761487961	0.04061328992247581	0.05047200620174408	0.04289719834923744	0.0944729745388031	0.1229683607816696	0.1173923909664154	0.142786979675293	0.1459016799926758	0.1489564925432205	0.179355189204216	0.1467731148004532	0.2112045735120773	0.07547013461589813	0.07904352247714996	0.04593528807163239	0.05886441469192505	0.06913590431213379	0.2033382803201675	0.2137917876243591	0.1333318203687668	0.1989768445491791	0.1469817459583282	0.1305633336305618	0.1065308824181557	0.1302499026060104	0.1154423430562019	0.1098663732409477	0.1065783575177193	0.1290203183889389	0.1200211495161057	0.1045367792248726	0.09834747761487961	0.1634055823087692	0.1766341477632523	0.1138819083571434	0.09726646542549133	0.01122745964676142	0.10030847042799	0.02997183054685593	0.113348051905632	0.1487962752580643	0.2289257049560547	0.2624749839305878	0.1490670889616013	0.2222983539104462	0.2237369120121002	0.220357358455658	0.25697061419487	0.1548224687576294	0.253614068031311	0.2082288712263107	0.1972404420375824	0.1957633942365646	0.2025448828935623	0.1523236185312271	0.2315153330564499	0.2394819110631943	0.2445978075265884	0.1516205817461014	0.1694637686014175	0.1569861173629761	0.2196290791034698	0.2229792922735214	0.1485120356082916	0.1485120505094528	0.1216972544789314	0.1923838406801224	0.1991653442382812	0.2025448828935623	0.2125726789236069	0.1388894021511078	0.1288809925317764	0.2045760601758957	0.1716193705797195	0.1306854784488678	0.1795685440301895	0.1029670760035515	0.2543872594833374	0.2493529319763184	0.1211092248558998	0.1311039626598358	0.1693913787603378	0.06560979038476944	0.05613188818097115	0.1290584802627563	0.1761956959962845	0.1930561810731888	0.1944766938686371	0.1749826520681381	0.1373436003923416	0.06640950590372086	0.1941938996315002	0.1215127259492874	0.044019665569067	0.04834802821278572	0.05122007802128792	0.02626148425042629	0.09256990998983383	0.1789758056402206	0.1184672936797142	0.1958375424146652	0.1236273497343063	0.1174372211098671	0.1111583113670349	0.1177393943071365	0.161640927195549	0.1627238541841507	0.1237126588821411	0.1854216158390045	0.05114062875509262	0.1755963712930679	0.1257706433534622	0.185309499502182	0.2312325537204742	0.1073000729084015	0.1566317826509476	0.1556225419044495	0.1850895583629608	0.1078265756368637	0.1261972784996033	0.2190066426992416	0.1688891500234604	0.1467981934547424	0.1162211745977402	0.180498331785202	0.154263824224472	0.1616878062486649	0.1336271166801453	0.1280497312545776	0.1387796700000763	0.1844886988401413	0.08439060300588608	0.161480039358139	0.1149934232234955	0.1229196712374687	0.08411603420972824	0.1932902634143829	0.1742593348026276	0.1211589053273201	0.2126890420913696	0.124139666557312	0.1509112417697906	0.07778880000114441	0.1546295285224915	0.08798534423112869	0.0844239667057991	0.2241711020469666	0.1296700239181519	0.2007525265216827	0.1295112669467926	0.1396811455488205	0.1242787465453148	0.1928127110004425	0.09459797292947769	0.1111477613449097	0.1755153685808182	0.09969633817672729	0.119749441742897	0.1281774789094925
S2014F_E9-2-B-F	0.1906930804252625	0.17034812271595	0.1243330016732216	0.293523907661438	0.2026333063840866	0.07887048274278641	0.1809697151184082	0.2019272148609161	0.1323692351579666	0.1572946459054947	0.2117597609758377	0.1034036353230476	0.1083521917462349	0.03249227255582809	0.1111527755856514	0.01467602793127298	0.1543003767728806	0.06973595172166824	0.0528801754117012	0.08876786381006241	0.06262516230344772	0.05914539098739624	0.07561803609132767	0.1343460381031036	0.1171172484755516	0.02190384641289711	0	0.03660096228122711	0.04866072162985802	0.05522631853818893	0.1270783841609955	0.087869793176651	0.0878698006272316	0.1709476262331009	0.08128104358911514	0.08348160237073898	0.1113648563623428	0.05467450246214867	0.06389011442661285	0.04246794432401657	0.1065854281187057	0.1406357437372208	0.1291192919015884	0.1349732428789139	0.144740954041481	0.1411769241094589	0.1779765635728836	0.1396158337593079	0.2157457172870636	0.09521041810512543	0.09202279895544052	0.05933427810668945	0.0723661407828331	0.08905013650655746	0.2018935084342957	0.2122983634471893	0.1458441317081451	0.1975409984588623	0.1458049118518829	0.1235750764608383	0.1183331310749054	0.1232601255178452	0.1145749241113663	0.109030157327652	0.09950173646211624	0.1406328976154327	0.1254688501358032	0.1240239441394806	0.1113648563623428	0.1682346910238266	0.1875028014183044	0.133004754781723	0.09654174745082855	0.02561172284185886	0.106007494032383	0.04418900981545448	0.1188618093729019	0.1600324064493179	0.2333223521709442	0.2723128199577332	0.1614935398101807	0.2266263067722321	0.2340914607048035	0.2366368919610977	0.2668152153491974	0.1659439653158188	0.2692355513572693	0.2187162041664124	0.2137377709150314	0.206491082906723	0.213182121515274	0.1445302367210388	0.2358716130256653	0.2495592683553696	0.2428765743970871	0.163955882191658	0.1882743388414383	0.1759556829929352	0.2300352901220322	0.2333409190177917	0.1609371900558472	0.1609371900558472	0.1412373334169388	0.2091282308101654	0.215797021985054	0.213182121515274	0.2170870006084442	0.1512794494628906	0.1482146680355072	0.2151155322790146	0.188651829957962	0.1229132786393166	0.1905485987663269	0.1160239353775978	0.2585433125495911	0.2593990564346313	0.1265826970338821	0.143561065196991	0.180507630109787	0.07894743978977203	0.06996565312147141	0.1407145410776138	0.187220886349678	0.2038557082414627	0.1992173343896866	0.1859506070613861	0.148769274353981	0.06580696254968643	0.2049065381288528	0.1270003914833069	0.05766487494111061	0.06219424307346344	0.05785175412893295	0.04042905569076538	0.1058209091424942	0.1899270564317703	0.1381366848945618	0.2065638899803162	0.1351629495620728	0.129091739654541	0.1229781284928322	0.1294294744729996	0.1724464297294617	0.1735853999853134	0.1352459937334061	0.2019498199224472	0.06463485211133957	0.1926191747188568	0.1371973156929016	0.1959951221942902	0.2353911250829697	0.1258944571018219	0.1676080524921417	0.160627081990242	0.2019546180963516	0.1197268441319466	0.1315482407808304	0.229044184088707	0.1738032251596451	0.1576856076717377	0.1221764385700226	0.1913210898637772	0.1650935411453247	0.1605357974767685	0.1449027955532074	0.1396802365779877	0.1502670645713806	0.1952943503856659	0.09737840294837952	0.1803677529096603	0.127133309841156	0.1354493647813797	0.1044109240174294	0.2047625780105591	0.186013862490654	0.1335799098014832	0.2237336337566376	0.136428028345108	0.1700604259967804	0.0909632220864296	0.1670196652412415	0.1009219214320183	0.1040574461221695	0.241717591881752	0.1420591324567795	0.2122929990291595	0.1480322480201721	0.1511575728654861	0.1366123706102371	0.2042156457901001	0.1005218550562859	0.1238007396459579	0.1874676793813705	0.1125121861696243	0.1323692351579666	0.1469738036394119
S2014F_E9-2-C-F	0.2007368952035904	0.180022120475769	0.1333045065402985	0.3049106895923615	0.2125584185123444	0.08712353557348251	0.1638911664485931	0.2118073552846909	0.141491174697876	0.1798839420080185	0.221587672829628	0.1115173101425171	0.1290574073791504	0.05450905859470367	0.1199642047286034	0.02225149981677532	0.1628692001104355	0.07800525426864624	0.06070440262556076	0.09717186540365219	0.07053540647029877	0.06700617074966431	0.09754607826471329	0.1571765840053558	0.1376749277114868	0.02955853380262852	0.03660096228122711	0	0.05674237757921219	0.08430825173854828	0.1352590024471283	0.110201969742775	0.1102019771933556	0.1917739510536194	0.1037280783057213	0.1056123301386833	0.1202436536550522	0.0187602024525404	0.07189667224884033	0.06449263542890549	0.1147147640585899	0.1115179657936096	0.09931935369968414	0.1578083485364914	0.1674811840057373	0.163891613483429	0.1614890694618225	0.1605121493339539	0.2252517640590668	0.103613369166851	0.1004101485013962	0.06722574681043625	0.08061974495649338	0.09739190340042114	0.2232011258602142	0.2333942055702209	0.1552286744117737	0.2191168367862701	0.1687183082103729	0.1440233588218689	0.1265401393175125	0.1437137573957443	0.1352521777153015	0.1298010051250458	0.1202821359038353	0.1491943746805191	0.1337690502405167	0.1329574137926102	0.1202436536550522	0.1891118735074997	0.1966305375099182	0.1419738233089447	0.1173711642622948	0.0332917720079422	0.1203454285860062	0.007876326330006123	0.1270732283592224	0.1687921732664108	0.2069941461086273	0.2472376674413681	0.1297572702169418	0.2124652564525604	0.2076992690563202	0.2104227989912033	0.2417263239622116	0.174754798412323	0.2443148344755173	0.2282659113407135	0.1870160102844238	0.1791478097438812	0.1860694140195847	0.167274609208107	0.2097211480140686	0.2238772064447403	0.2292044907808304	0.132550373673439	0.1575525403022766	0.1448845118284225	0.2035948634147644	0.2070140093564987	0.1293001621961594	0.1293001770973206	0.1089792177081108	0.1819695085287094	0.1888673156499863	0.1860694140195847	0.1904797405004501	0.1196469366550446	0.1163490191102028	0.1882557421922684	0.1978300660848618	0.1044227257370949	0.1998459994792938	0.1250455379486084	0.2329940050840378	0.2337911874055862	0.1349544823169708	0.1117599308490753	0.1896686404943466	0.04499901831150055	0.03463229164481163	0.1110029146075249	0.196473091840744	0.1763273477554321	0.1717188954353333	0.1951232254505157	0.119737796485424	0.04554939270019531	0.177603542804718	0.135406106710434	0.06564082205295563	0.02683501318097115	0.06585930287837982	0.04832928627729416	0.1147207692265511	0.1991845071315765	0.1056407913565636	0.1792240887880325	0.1435654163360596	0.1374403089284897	0.1313035935163498	0.1378113180398941	0.1449242532253265	0.1459168493747711	0.1436487883329391	0.2111513316631317	0.07268163561820984	0.2018817365169525	0.1455428600311279	0.2051493227481842	0.2220758050680161	0.09513123333454132	0.1396453678607941	0.132524698972702	0.1745504885911942	0.1280339956283569	0.1398739665746689	0.20347960293293	0.1459140926599503	0.1660948395729065	0.1311499923467636	0.200504332780838	0.1736534386873245	0.1449730098247528	0.1533381342887878	0.1100357994437218	0.1209874153137207	0.2045618146657944	0.1058982610702515	0.1903371959924698	0.1357827484607697	0.1445831507444382	0.1132573932409286	0.1888879686594009	0.1958459913730621	0.1425881087779999	0.2085791826248169	0.1454099714756012	0.179913654923439	0.09945141524076462	0.1768642663955688	0.1094926819205284	0.1126088723540306	0.2524691224098206	0.1512555927038193	0.1828270554542542	0.1570548713207245	0.1598910242319107	0.1456319540739059	0.2142330408096313	0.1225434243679047	0.1327333301305771	0.1975046098232269	0.1212814375758171	0.141491174697876	0.1561058312654495
S2014F_E9-3-A-F	0.1499418467283249	0.1288890242576599	0.08073696494102478	0.2584781050682068	0.1636771857738495	0.07084503024816513	0.1392373144626617	0.1630786657333374	0.08900713175535202	0.1296901255846024	0.1741486787796021	0.1226790621876717	0.1399987787008286	0.06643224507570267	0.1319305747747421	0.03449087962508202	0.1160637214779854	0.02289415150880814	0.07246243208646774	0.04368677362799644	0.08221455663442612	0.07868532091379166	0.04473448544740677	0.1052541881799698	0.1485080718994141	0.04175256937742233	0.04866072162985802	0.05674237757921219	0	0.03023653849959373	0.1460837423801422	0.05704066529870033	0.05704066902399063	0.1461970955133438	0.04994058981537819	0.05271240323781967	0.06662550568580627	0.07508513331413269	0.08369125425815582	0.07638130336999893	0.1258387863636017	0.1600275933742523	0.1485443711280823	0.1059079691767693	0.1163036823272705	0.1125897914171219	0.1513354182243347	0.113316223025322	0.1797995865345001	0.05095991864800453	0.04745228216052055	0.07894647866487503	0.02597261033952236	0.04435063526034355	0.1779980510473251	0.1891225278377533	0.1028406843543053	0.1731307804584503	0.117198646068573	0.1547767519950867	0.1375549733638763	0.1544710397720337	0.1461571455001831	0.1407747268676758	0.1312943994998932	0.1009493917226791	0.1447805762290955	0.08058135211467743	0.06662550568580627	0.1432963758707047	0.1502621471881866	0.09046999365091324	0.128419816493988	0.04543890431523323	0.1313568651676178	0.064443439245224	0.1380844414234161	0.1215326637029648	0.197918564081192	0.2385926842689514	0.1187675818800926	0.2035152316093445	0.1986002177000046	0.2013865858316422	0.2330793440341949	0.1278408467769623	0.2357271164655685	0.1828912943601608	0.2341637015342712	0.2210945338010788	0.2278990894556046	0.116076834499836	0.2007082849740982	0.2150257974863052	0.2204747945070267	0.1216792240738869	0.1469141393899918	0.1341271102428436	0.1944806277751923	0.1979389041662216	0.1183468922972679	0.1183468997478485	0.1626982092857361	0.2237269133329391	0.2305084764957428	0.2278990894556046	0.2375571578741074	0.1660408526659012	0.1629739850759506	0.2356987148523331	0.2028558105230331	0.1576336622238159	0.2049299031496048	0.1303062289953232	0.2241855561733246	0.2249612361192703	0.1460409909486771	0.1648145169019699	0.1947179883718491	0.09911341965198517	0.08348851650953293	0.1542473286390305	0.2015455365180969	0.2184636145830154	0.2196556180715561	0.206209659576416	0.1622557938098907	0.09329193085432053	0.1681919544935226	0.1402545422315598	0.07752285897731781	0.08256513625383377	0.07778438925743103	0.06047815829515457	0.1269146502017975	0.2103084027767181	0.1596303284168243	0.2271704375743866	0.1545408517122269	0.1484515964984894	0.1423932313919067	0.1488604992628098	0.1919031590223312	0.1931849867105484	0.1546231508255005	0.2220169901847839	0.0845196321606636	0.2129681706428528	0.1564088016748428	0.2101326584815979	0.2496827095746994	0.145817443728447	0.1812071800231934	0.1800561547279358	0.222429558634758	0.1391578763723373	0.1508119702339172	0.2491827607154846	0.1935639977455139	0.1766994297504425	0.1431184262037277	0.2115166485309601	0.1843266785144806	0.1919483542442322	0.1581261456012726	0.1593813747167587	0.1701115071773529	0.2156110107898712	0.052768524736166	0.138763427734375	0.08548390120267868	0.09240224212408066	0.05895072221755981	0.1654777377843857	0.1456349641084671	0.09092221409082413	0.1858129054307938	0.09423667192459106	0.1277721524238586	0.04570107534527779	0.124413013458252	0.05648802220821381	0.06012138724327087	0.2036851793527603	0.09950035810470581	0.1726293861865997	0.1069940999150276	0.1118209511041641	0.09426004439592361	0.1650549620389938	0.07078563421964645	0.08033549040555954	0.1463827341794968	0.06848745793104172	0.08900713175535202	0.1052983924746513
S2014F_E9-3-B-F	0.1752563714981079	0.1546397358179092	0.1078131273388863	0.2802425622940063	0.1878635138273239	0.09751490503549576	0.1651669442653656	0.1871966421604156	0.1159398779273033	0.141510933637619	0.1974902898073196	0.1270571351051331	0.1316840201616287	0.05816878005862236	0.1567494869232178	0.06270703673362732	0.1205695942044258	0.05199212580919266	0.09853282570838928	0.07168209552764893	0.1078426092863083	0.1044119149446487	0.05836931243538857	0.1178368106484413	0.1401917189359665	0.06965579092502594	0.05522631853818893	0.08430825173854828	0.03023653849959373	0	0.149952307343483	0.07060132920742035	0.07060133665800095	0.1376796811819077	0.06375980377197266	0.0662638396024704	0.09441735595464706	0.1021149680018425	0.1095238327980042	0.08909294009208679	0.1301496773958206	0.16370889544487	0.152450755238533	0.1184759959578514	0.1285491734743118	0.1249176934361458	0.1626382321119308	0.1050171479582787	0.1832827031612396	0.0784338191151619	0.07512667775154114	0.1047547981142998	0.05478858202695847	0.07210495322942734	0.1690419316291809	0.180174931883812	0.1295541971921921	0.1640971153974533	0.1295142620801926	0.1464603096246719	0.1416309922933578	0.1461545825004578	0.1378092914819717	0.1324279606342316	0.1230126544833183	0.1058086082339287	0.1487362831830978	0.1075603291392326	0.09441735595464706	0.1347794830799103	0.1542474925518036	0.1168800964951515	0.120139554142952	0.07313094288110733	0.1294157207012177	0.09178425371646881	0.1298422366380692	0.1260064691305161	0.2011169940233231	0.2411030232906342	0.145314559340477	0.1942321509122849	0.2017978727817535	0.2045255899429321	0.2356664538383484	0.1321932673454285	0.2382604032754898	0.186323270201683	0.2366372644901276	0.2238280028104782	0.2305188626050949	0.09292057901620865	0.1915279030799866	0.2056975513696671	0.1987795382738113	0.147943377494812	0.1726125329732895	0.1601146906614304	0.1977378726005554	0.2011369168758392	0.1448077261447906	0.1448077410459518	0.1869058012962341	0.226407453417778	0.2330760806798935	0.2305188626050949	0.2283534109592438	0.156719982624054	0.1669846475124359	0.2264514565467834	0.1939074546098709	0.1483574062585831	0.2079434990882874	0.1556406617164612	0.2269434779882431	0.2277152389287949	0.1500022709369659	0.1555740386247635	0.1979027986526489	0.09064540266990662	0.1103696525096893	0.1581107378005981	0.2046158760786057	0.2212502658367157	0.2223948091268539	0.2091720253229141	0.1537434160709381	0.09857595711946487	0.159317210316658	0.1443389058113098	0.06928713619709015	0.1091838702559471	0.06951633840799332	0.08773774653673172	0.1523377299308777	0.2132123708724976	0.1840130835771561	0.2297935634851456	0.1461615860462189	0.152346670627594	0.1464161574840546	0.1404823213815689	0.183335155248642	0.1962869167327881	0.1462438553571701	0.2130565196275711	0.07623914629220963	0.2158183604478836	0.1480939090251923	0.2012298107147217	0.2406998127698898	0.1498773992061615	0.1845246404409409	0.1833707690238953	0.2251226752996445	0.1432469040155411	0.1424979418516159	0.251357227563858	0.1848548948764801	0.1683876216411591	0.1341129690408707	0.202541172504425	0.1758878380060196	0.1832797676324844	0.1618199348449707	0.1631335616111755	0.1736849993467331	0.2065647840499878	0.0804707333445549	0.1646116673946381	0.1113317161798477	0.1191375553607941	0.08719457685947418	0.1829061210155487	0.1707114279270172	0.1174103394150734	0.209356352686882	0.120431624352932	0.1540471762418747	0.07381207495927811	0.1508877277374268	0.08408094197511673	0.08009260147809982	0.2273091375827789	0.1259306073188782	0.1972682923078537	0.132466733455658	0.1362212896347046	0.1205568313598633	0.1893714219331741	0.08380125463008881	0.1073286905884743	0.1719065010547638	0.0958281084895134	0.1159398779273033	0.1311730146408081
S2014F_E9-3-C-F	0.2491340935230255	0.2536331713199615	0.1880438476800919	0.3639992773532867	0.2529303431510925	0.1646043211221695	0.2588613629341125	0.2577044069766998	0.2194755971431732	0.2292706668376923	0.287806361913681	0.03327144682407379	0.03894563764333725	0.1110097318887711	0.200375959277153	0.1155793070793152	0.04675184190273285	0.1389300525188446	0.1159452423453331	0.1794585585594177	0.1244944408535957	0.1213051304221153	0.1549559533596039	0.2333659529685974	0.0481625497341156	0.1155617386102676	0.1270783841609955	0.1352590024471283	0.1460837423801422	0.149952307343483	0	0.1911903023719788	0.1911903023719788	0.1137145534157753	0.185972273349762	0.1865655332803726	0.2011429965496063	0.1514817029237747	0.1322472393512726	0.1506893932819366	0.03017235919833183	0.05217838287353516	0.03990275785326958	0.2339261025190353	0.2420222908258438	0.2388367205858231	0.2705416083335876	0.0823705866932869	0.1446705162525177	0.154548704624176	0.1577653735876083	0.1277008950710297	0.1655527055263519	0.1490776091814041	0.1432045698165894	0.1541189253330231	0.2321388423442841	0.1381597071886063	0.243600144982338	0.05501030385494232	0.03582122549414635	0.05467628687620163	0.04521593451499939	0.03933707252144814	0.04279185086488724	0.06400268524885178	0.0429827980697155	0.2056412100791931	0.2011429965496063	0.1048307120800018	0.1169017255306244	0.2130038738250732	0.03331498056650162	0.1121335625648499	0.02341570518910885	0.1420699805021286	0.03644610568881035	0.08989249914884567	0.1614495664834976	0.1995438933372498	0.247082382440567	0.1609810441732407	0.161970853805542	0.1586929261684418	0.1826026290655136	0.07028854638338089	0.1793247014284134	0.1291603744029999	0.1245103552937508	0.1348386257886887	0.1414161622524261	0.2243129909038544	0.164190798997879	0.1776477992534637	0.1830154359340668	0.2430167198181152	0.2654419839382172	0.2540892660617828	0.1521826684474945	0.1554430425167084	0.2405535131692886	0.2405535131692886	0.2225335389375687	0.1315606981515884	0.1381382495164871	0.1414161622524261	0.1339349746704102	0.2189981192350388	0.2105717808008194	0.1437869369983673	0.1116188913583755	0.2053298503160477	0.1189334839582443	0.2059891372919083	0.1860088407993317	0.1866123080253601	0.05651684105396271	0.2117636799812317	0.1090633869171143	0.1465779542922974	0.1652069240808487	0.06994742900133133	0.1156624034047127	0.1320141553878784	0.1279235482215881	0.1148819103837013	0.07252851128578186	0.1540503650903702	0.1335167288780212	0.05669785663485527	0.1271636337041855	0.1576028317213058	0.1336380988359451	0.1380519568920135	0.1970892697572708	0.11855798214674	0.2200037389993668	0.1349126398563385	0.06563473492860794	0.04657029360532761	0.1469923555850983	0.05954470112919807	0.1037303954362869	0.1044121831655502	0.05293181911110878	0.1136728450655937	0.120947502553463	0.1152801737189293	0.04936705529689789	0.119855709373951	0.1669616550207138	0.1443501710891724	0.09831177443265915	0.09166774153709412	0.1244878843426704	0.04954841360449791	0.0495380312204361	0.159594863653183	0.09162764996290207	0.07178810983896255	0.1923327744007111	0.1206231787800789	0.08468949794769287	0.1037790775299072	0.07598241418600082	0.06916338950395584	0.07957065105438232	0.1242997273802757	0.1871341019868851	0.2580649256706238	0.211344987154007	0.2219691872596741	0.1896127164363861	0.2376831769943237	0.2672138810157776	0.2194541841745377	0.3001562654972076	0.1980558186769485	0.2490334063768387	0.1819349974393845	0.2523220181465149	0.1903237700462341	0.1687825620174408	0.312621682882309	0.2276429980993271	0.2688137888908386	0.2022217512130737	0.2087858766317368	0.2219161093235016	0.2830555438995361	0.1714441031217575	0.2112072706222534	0.2698611915111542	0.2010439038276672	0.2194755971431732	0.2019273936748505
S2014m_E2-1-A-F	0.1533121168613434	0.1255076378583908	0.08434072881937027	0.2613746523857117	0.1668947786092758	0.08834085613489151	0.1426905393600464	0.1662868857383728	0.09259216487407684	0.1260002553462982	0.1772520989179611	0.164106011390686	0.1682246774435043	0.09175829589366913	0.1484708040952682	0.08860599994659424	0.1635248363018036	0.06463780999183655	0.1234337016940117	0.08424528688192368	0.1261518448591232	0.1291490793228149	0.05519230291247368	0.08736865222454071	0.1763159930706024	0.08862357586622238	0.087869793176651	0.110201969742775	0.05704066529870033	0.07060132920742035	0.1911903023719788	0	0.01523743290454149	0.09687943011522293	0.007677203509956598	0.03472273051738739	0.03965066373348236	0.1010145023465157	0.08048398792743683	0.08783519268035889	0.172702357172966	0.1994454860687256	0.1944914907217026	0.08676721900701523	0.07569106668233871	0.07917739450931549	0.1120032146573067	0.1165888905525208	0.175589993596077	0.09090188145637512	0.08761750906705856	0.1231176853179932	0.07400995492935181	0.09103080630302429	0.1748364418745041	0.1736456006765366	0.09098900854587555	0.1834220886230469	0.07625403255224228	0.1577532440423965	0.1721579730510712	0.1574496626853943	0.1682524383068085	0.1630819290876389	0.1655015498399734	0.1430543065071106	0.1843150109052658	0.03935309872031212	0.03965066373348236	0.1069066449999809	0.1266333162784576	0.06446793675422668	0.1627959758043289	0.09203922003507614	0.1776121556758881	0.1035013645887375	0.1841599196195602	0.1108174100518227	0.2193496823310852	0.2413716912269592	0.1365909427404404	0.2063250243663788	0.2139835953712463	0.2166877090930939	0.235858827829361	0.1437453776597977	0.238487496972084	0.2043813019990921	0.2485125064849854	0.2358197420835495	0.2306382656097412	0.1263866722583771	0.2220272570848465	0.2301315367221832	0.2232145965099335	0.1462745666503906	0.1503365635871887	0.1517057865858078	0.2159589678049088	0.2193692177534103	0.143084928393364	0.143084928393364	0.1659186035394669	0.2383759766817093	0.2332292199134827	0.2306382656097412	0.2460131943225861	0.1692356318235397	0.1661922633647919	0.238382950425148	0.217668354511261	0.1673673540353775	0.2077600806951523	0.1336771845817566	0.2331263422966003	0.2277997583150864	0.1552087962627411	0.1812106668949127	0.2097639441490173	0.1227764934301376	0.08706590533256531	0.1697098612785339	0.2043877691030502	0.233265146613121	0.2401328384876251	0.220987930893898	0.1834354251623154	0.09668966382741928	0.1712173223495483	0.1495238989591599	0.1014968380331993	0.100123219192028	0.1018401980400085	0.07828263938426971	0.1440404951572418	0.2131004929542542	0.1628743261098862	0.2299028933048248	0.1696940213441849	0.1637153774499893	0.1578262448310852	0.1641721278429031	0.2063708603382111	0.195958599448204	0.1697740256786346	0.2363460063934326	0.108305536210537	0.2157415151596069	0.1773186475038528	0.2304680347442627	0.2688300907611847	0.1615825146436691	0.1959715038537979	0.2005578726530075	0.2438833117485046	0.1618553400039673	0.17193304002285	0.2630448937416077	0.2140502482652664	0.196851372718811	0.1530317068099976	0.2261434495449066	0.1870942115783691	0.1946441978216171	0.1731214672327042	0.1817941516637802	0.173045739531517	0.218365803360939	0.0708041712641716	0.1422054618597031	0.1025480553507805	0.09596064686775208	0.06271177530288696	0.1754479706287384	0.1489722728729248	0.09444671124219894	0.1610209047794342	0.09772148728370667	0.1312713772058487	0.0639498308300972	0.1279391944408417	0.07448150962591171	0.07793654501438141	0.1784340143203735	0.1030178219079971	0.1759097129106522	0.1103816255927086	0.100949801504612	0.09048967063426971	0.1398373991250992	0.07427088171243668	0.08392787724733353	0.1497812271118164	0.0946333184838295	0.09259216487407684	0.1087405830621719
S2014M_E2-1-A-M	0.1533121168613434	0.1255076378583908	0.08434073626995087	0.2613746523857117	0.1668947786092758	0.08834086358547211	0.1426905393600464	0.1662868857383728	0.09259217232465744	0.1260002702474594	0.1772520840167999	0.164106011390686	0.1682246774435043	0.09175830334424973	0.1484708040952682	0.08860600739717484	0.1635248363018036	0.06463781744241714	0.1234337165951729	0.08424528688192368	0.1261518597602844	0.1291490644216537	0.05519231036305428	0.08736864477396011	0.1763159930706024	0.08862356841564178	0.0878698006272316	0.1102019771933556	0.05704066902399063	0.07060133665800095	0.1911903023719788	0.01523743290454149	0	0.09687943011522293	0.007677210029214621	0.03472273796796799	0.03965067490935326	0.1010145097970963	0.08048398792743683	0.08783519268035889	0.1727023720741272	0.1994455009698868	0.1944915056228638	0.08676721155643463	0.09024069458246231	0.09364630281925201	0.1120032072067261	0.1165889054536819	0.175589993596077	0.09090188145637512	0.08761750906705856	0.1231176927685738	0.07400995492935181	0.09103081375360489	0.1748364418745041	0.1736456006765366	0.09098900854587555	0.1834220886230469	0.07625403255224228	0.1456702053546906	0.1721579730510712	0.1574496775865555	0.1682524532079697	0.1630819439888	0.1655015498399734	0.1430543065071106	0.184315025806427	0.05417770147323608	0.03965067490935326	0.09373530745506287	0.1266333311796188	0.06446794420480728	0.1627959758043289	0.09203923493623734	0.1776121705770493	0.1035013720393181	0.1841599494218826	0.1108174100518227	0.2193496972322464	0.2413716912269592	0.1365909427404404	0.20632503926754	0.2139835804700851	0.2166877239942551	0.2358588427305222	0.1437453776597977	0.2384875118732452	0.2043812870979309	0.2485125362873077	0.2358197569847107	0.2306382805109024	0.1263866871595383	0.2220272719860077	0.2301315516233444	0.2232145965099335	0.1462745815515518	0.1503365635871887	0.151705801486969	0.2159589827060699	0.2193692177534103	0.1430849432945251	0.1430849581956863	0.1659186035394669	0.2383760064840317	0.2332292348146439	0.2306382805109024	0.2460131943225861	0.1692356467247009	0.1661922782659531	0.238382950425148	0.2176683694124222	0.1673673540353775	0.2077600806951523	0.1336771845817566	0.2331263273954391	0.2277997583150864	0.1552088111639023	0.1812106668949127	0.2097639292478561	0.1227765008807182	0.0870659127831459	0.1697098314762115	0.2043877691030502	0.2332651168107986	0.2401328086853027	0.220987930893898	0.1834354251623154	0.09668967127799988	0.1712173223495483	0.149523913860321	0.1014968454837799	0.100123219192028	0.1018401980400085	0.07828264683485031	0.1440404951572418	0.2131004929542542	0.1628743410110474	0.2299028933048248	0.1575216799974442	0.1637153774499893	0.1578262448310852	0.1641721129417419	0.2063708305358887	0.195958599448204	0.1697740256786346	0.2247338742017746	0.1083055436611176	0.2157415151596069	0.1773186475038528	0.2187770158052444	0.2688300907611847	0.1615825295448303	0.1959714889526367	0.2005578726530075	0.2438833117485046	0.1618553400039673	0.1719330549240112	0.2630449235439301	0.214050218462944	0.196851372718811	0.1530317068099976	0.2261434197425842	0.1870942115783691	0.1946441978216171	0.1731214374303818	0.1817941665649414	0.173045739531517	0.218365803360939	0.0708041787147522	0.1422054469585419	0.1025480479001999	0.09596065431833267	0.06271178275346756	0.1754479706287384	0.1489722728729248	0.09444672614336014	0.1610209047794342	0.09772149473428726	0.1312713772058487	0.0639498382806778	0.1279391944408417	0.07448151707649231	0.07793654501438141	0.1784339994192123	0.1030178219079971	0.1759097129106522	0.1103816255927086	0.1009498089551926	0.09048967063426971	0.1398374289274216	0.07427089661359787	0.08392786979675293	0.1497812271118164	0.0946333259344101	0.09259217232465744	0.1087405830621719
S2014m_E2-1-B-F	0.2341881394386292	0.2087425887584686	0.1709163784980774	0.3309844136238098	0.2443352788686752	0.17193903028965	0.2254594415426254	0.2435286343097687	0.1786852031946182	0.2078112959861755	0.2521127462387085	0.08423115313053131	0.08933990448713303	0.1557090580463409	0.2262803465127945	0.172157809138298	0.08359865844249725	0.1524302810430527	0.2009935677051544	0.1688641160726547	0.2032525837421417	0.2057450264692307	0.142748087644577	0.1748219877481461	0.09814155846834183	0.1721722930669785	0.1709476262331009	0.1917739510536194	0.1461970955133438	0.1376796811819077	0.1137145534157753	0.09687943011522293	0.09687943011522293	0	0.1038128733634949	0.1259303241968155	0.1326887607574463	0.1845066100358963	0.164215087890625	0.1709190458059311	0.09327679872512817	0.1208529099822044	0.1154479160904884	0.1743303388357162	0.1646194607019424	0.1674682646989822	0.1839424073696136	0.03452381119132042	0.09222672134637833	0.1740524470806122	0.1713422983884811	0.2007310092449188	0.1601329147815704	0.1741588711738586	0.09209684282541275	0.07847447693347931	0.1784455478191376	0.1000547334551811	0.1657460331916809	0.06670483946800232	0.09299503266811371	0.07889113575220108	0.08937007933855057	0.08374622464179993	0.08637792617082596	0.06132343411445618	0.105315662920475	0.131778821349144	0.1326887607574463	0.01036165747791529	0.0427427776157856	0.1529811769723892	0.08343521505594254	0.1749913841485977	0.09893208742141724	0.1862494051456451	0.1054390594363213	0.02761487476527691	0.1362528651952744	0.1569758355617523	0.219377338886261	0.1230358481407166	0.1303563117980957	0.1333276927471161	0.1520883440971375	0.06175454705953598	0.1549852192401886	0.1219574213027954	0.1683081835508347	0.1543544679880142	0.1486591547727585	0.1896907389163971	0.1391953378915787	0.1469637900590897	0.1400939971208572	0.2273015230894089	0.2323673069477081	0.2327650338411331	0.1328873336315155	0.1362743228673935	0.2246895730495453	0.2246895879507065	0.2434289157390594	0.1571643948554993	0.1515069752931595	0.1486591547727585	0.1655603498220444	0.2280662804841995	0.2254746109247208	0.1571720689535141	0.1368650048971176	0.2257669419050217	0.1256610900163651	0.2147503793239594	0.1490771621465683	0.1432077884674072	0.07454859465360641	0.2382793873548508	0.1282025724649429	0.1840396672487259	0.1730451285839081	0.08841664344072342	0.1223114803433418	0.151546448469162	0.1594458222389221	0.1401629745960236	0.103386864066124	0.1739068329334259	0.0875970870256424	0.06836262345314026	0.1644899398088455	0.1834670752286911	0.1650118380784988	0.1636493057012558	0.2235802561044693	0.1315154582262039	0.2409250289201736	0.1482053697109222	0.07738287746906281	0.08380602300167084	0.1714604496955872	0.08398937433958054	0.1280957013368607	0.1167309805750847	0.0900883823633194	0.1449491828680038	0.1705352663993835	0.1344108730554581	0.09861256182193756	0.1387580782175064	0.1916594654321671	0.1753111928701401	0.1167450621724129	0.1220666095614433	0.1632187217473984	0.08146718889474869	0.09275019913911819	0.184628427028656	0.1348498910665512	0.1198786497116089	0.2126138657331467	0.1458158791065216	0.1089489981532097	0.1159388571977615	0.09404376894235611	0.1012739017605782	0.09172887355089188	0.1372880190610886	0.1574965715408325	0.2247378379106522	0.1836768984794617	0.1814458221197128	0.1528931558132172	0.2463758140802383	0.2291749566793442	0.1792103052139282	0.2400881052017212	0.1815931648015976	0.2151427567005157	0.1518654525279999	0.2124239355325699	0.1608293056488037	0.1568808257579803	0.2577520906925201	0.1875504106283188	0.2546271979808807	0.1920226663351059	0.181157723069191	0.1756352335214615	0.2214479595422745	0.1600325256586075	0.17026087641716	0.2313007116317749	0.1790532618761063	0.1786852031946182	0.1915867328643799
S2014M_E2-1-B-M	0.1468639969825745	0.1188741251826286	0.07744617760181427	0.255833238363266	0.1607394218444824	0.0817059651017189	0.1360834091901779	0.160149559378624	0.08573335409164429	0.1194924712181091	0.1713156849145889	0.1585314571857452	0.162749171257019	0.08522580564022064	0.142297700047493	0.08197498321533203	0.1579425185918808	0.05765210464596748	0.1173015162348747	0.07752376794815063	0.1200577542185783	0.1230968609452248	0.04823528975248337	0.08039359003305435	0.1709468364715576	0.08199281245470047	0.08128104358911514	0.1037280783057213	0.04994058981537819	0.06375980377197266	0.185972273349762	0.007677203509956598	0.007677210029214621	0.1038128733634949	0	0.02745983935892582	0.03222082927823067	0.0943787693977356	0.07384359091520309	0.08124593645334244	0.1672205328941345	0.1942089349031448	0.189189687371254	0.07978292554616928	0.08330962806940079	0.08676722645759583	0.119507409632206	0.1105095818638802	0.1698541045188904	0.08430434763431549	0.08097205311059952	0.1169810444116592	0.06716404855251312	0.08443515002727509	0.169138491153717	0.1804567873477936	0.08401047438383102	0.1777440905570984	0.06910737603902817	0.1522290706634521	0.1666906625032425	0.1519214808940887	0.1627772897481918	0.1575382798910141	0.159989982843399	0.1371944844722748	0.1789447367191315	0.04697177931666374	0.03222082927823067	0.1006928905844688	0.1204927489161491	0.05741855129599571	0.1572485119104385	0.08545826375484467	0.1722168773412704	0.09692924469709396	0.1788077503442764	0.1046093925833702	0.2139555513858795	0.2360563576221466	0.1299876421689987	0.2008220851421356	0.2085147798061371	0.2112566232681274	0.2305426895618439	0.137871727347374	0.2332080006599426	0.1989220529794693	0.2435151487588882	0.2306515872478485	0.2253995537757874	0.1198570132255554	0.2166702151298523	0.2248120605945587	0.2178473323583603	0.1398191154003143	0.1437883675098419	0.1452427953481674	0.2105415314435959	0.2139753252267838	0.1365809738636017	0.1365809738636017	0.1597578823566437	0.2332424372434616	0.2280258238315582	0.2253995537757874	0.2409824281930923	0.1631240099668503	0.1600355952978134	0.2332495003938675	0.2124130576848984	0.1613088250160217	0.2023472785949707	0.1272282600402832	0.2277719378471375	0.2223704904317856	0.1495145559310913	0.1752745807170868	0.2044015526771545	0.1164849326014519	0.08022187650203705	0.1640756726264954	0.1989519149065018	0.2280622273683548	0.2350453734397888	0.2157549560070038	0.1779865920543671	0.09004468470811844	0.1654308438301086	0.1437525302171707	0.09505274146795273	0.09350129961967468	0.09537539631128311	0.07149999588727951	0.1377185136079788	0.2077606469392776	0.1566683650016785	0.2246770858764648	0.1641721278429031	0.1581356227397919	0.1521673649549484	0.1585762798786163	0.2012037932872772	0.1906546205282211	0.1642531901597977	0.231318011879921	0.1019338071346283	0.2104375809431076	0.1719195246696472	0.2253838628530502	0.2641619741916656	0.1558136790990829	0.1906676888465881	0.1953358948230743	0.2388239800930023	0.1562283486127853	0.1664627492427826	0.2582606375217438	0.2088752090930939	0.1917063742876053	0.1468687355518341	0.2209797352552414	0.1818020790815353	0.1893664449453354	0.1676669120788574	0.1763010323047638	0.1674340963363647	0.2130974233150482	0.06391061097383499	0.1356198191642761	0.09611908346414566	0.08915285766124725	0.05551578104496002	0.1693104952573776	0.1425875723361969	0.08770406991243362	0.1547266095876694	0.09105493128299713	0.12457624822855	0.05695381388068199	0.1211923956871033	0.06761536002159119	0.07114879041910172	0.1721023619174957	0.09628844261169434	0.169633686542511	0.1039015129208565	0.09460272639989853	0.08371653407812119	0.1333357244729996	0.06745665520429611	0.07705515623092651	0.1432790160179138	0.0879208892583847	0.08573335409164429	0.1021555587649345
S2014m_E2-1-C-F	0.1699347794055939	0.1206040009856224	0.1021196991205215	0.275665670633316	0.182775542140007	0.1054655313491821	0.1597175747156143	0.1821226328611374	0.1102771088480949	0.1427868604660034	0.1925773918628693	0.1595168858766556	0.1636655330657959	0.08735937625169754	0.1436068713665009	0.08418095111846924	0.1589366346597672	0.06028473749756813	0.118921160697937	0.07981532067060471	0.1216333210468292	0.1246241107583046	0.05097237229347229	0.08273368328809738	0.1717455387115479	0.0841984823346138	0.08348160237073898	0.1056123301386833	0.05271240323781967	0.0662638396024704	0.1865655332803726	0.03472273051738739	0.03472273796796799	0.1259303241968155	0.02745983935892582	0	0.05879589170217514	0.09643023461103439	0.07615278661251068	0.08344709128141403	0.1680825352668762	0.194700613617897	0.1897516697645187	0.1047700196504593	0.1081081479787827	0.1113815382122993	0.1429786533117294	0.1121982783079147	0.1904112696647644	0.08647044003009796	0.08319524675607681	0.1186058446764946	0.06962759792804718	0.08659900724887848	0.1700093597173691	0.1811590939760208	0.1089750826358795	0.178499236702919	0.09466954320669174	0.1532825827598572	0.1675569862127304	0.1529794782400131	0.1636932343244553	0.15853051841259	0.1609464287757874	0.1452274024486542	0.1859810650348663	0.07275369018316269	0.05879589170217514	0.1229626908898354	0.1424961388111115	0.08264581114053726	0.1582450121641159	0.08760465681552887	0.1730037331581116	0.1062837019562721	0.1795065551996231	0.1268572509288788	0.2332902252674103	0.2551038265228271	0.1536116898059845	0.2205456495285034	0.2281147092580795	0.2307226657867432	0.249595582485199	0.158927857875824	0.2521307170391083	0.2184924781322479	0.2614395916461945	0.2491832971572876	0.2441820800304413	0.1432280093431473	0.235873207449913	0.243879109621048	0.237085685133934	0.1629193276166916	0.1672117561101913	0.1683666110038757	0.229959711432457	0.2333090454339981	0.1598530858755112	0.1598530858755112	0.1818133294582367	0.2516510486602783	0.246682733297348	0.2441820800304413	0.2590256631374359	0.185005396604538	0.1820766478776932	0.2516577839851379	0.2312593311071396	0.1830044984817505	0.2217527031898499	0.1503120511770248	0.2469605803489685	0.241825133562088	0.1699337810277939	0.1965332478284836	0.2236285209655762	0.1390211284160614	0.1047166436910629	0.1842771768569946	0.2184399515390396	0.2467173784971237	0.2532907724380493	0.2345211952924728	0.1975291818380356	0.1138355731964111	0.1861679404973984	0.1644459813833237	0.1181353405117989	0.1172095313668251	0.1185306236147881	0.09578363597393036	0.1603513360023499	0.2269067466259003	0.1788841784000397	0.2434143573045731	0.1839779317378998	0.1781478375196457	0.1724608987569809	0.1786449700593948	0.2197435051202774	0.2096814215183258	0.1840551793575287	0.249355360865593	0.124758742749691	0.2294560670852661	0.1912893354892731	0.2436216622591019	0.2809169590473175	0.1764929890632629	0.2096938937902451	0.214071661233902	0.238719254732132	0.1572517454624176	0.1860856711864471	0.2754277884960175	0.2274400293827057	0.2101718783378601	0.1689384281635284	0.2394997030496597	0.2007906287908554	0.2083012461662292	0.1872338205575943	0.1770501732826233	0.1875547766685486	0.2319895327091217	0.08858757466077805	0.1591788977384567	0.1191480085253716	0.1135158240795135	0.08125831931829453	0.1912794709205627	0.1654380559921265	0.11183912307024	0.1772535741329193	0.1149211004376411	0.1485252231359482	0.08199401944875717	0.145324319601059	0.09219419956207275	0.09545056521892548	0.1947511583566666	0.1203725263476372	0.1920887231826782	0.1271064281463623	0.1173443272709846	0.1079606637358665	0.1566015779972076	0.09185324609279633	0.1016522273421288	0.1665414720773697	0.09007859230041504	0.1102771088480949	0.1257298737764359
S2014m_E2-1-C-M	0.1189184412360191	0.09012974798679352	0.04757943004369736	0.2318316251039505	0.1340947896242142	0.09806366264820099	0.1074349656701088	0.1335867494344711	0.05601691827178001	0.1505029648542404	0.1456422805786133	0.1740313172340393	0.1901652961969376	0.1151804327964783	0.1590371429920197	0.09832984209060669	0.1734493225812912	0.07425906509160995	0.1332734376192093	0.09399078786373138	0.1359989494085312	0.1390040665864944	0.07890193164348602	0.1122237741947174	0.198094516992569	0.09834747761487961	0.1113648563623428	0.1202436536550522	0.06662550568580627	0.09441735595464706	0.2011429965496063	0.03965066373348236	0.03965067490935326	0.1326887607574463	0.03222082927823067	0.05879589170217514	0	0.1110659241676331	0.09001638740301132	0.1113309040665627	0.182678759098053	0.2096466720104218	0.2046907246112823	0.1116342470049858	0.1150388866662979	0.1183768063783646	0.1507603228092194	0.1391697078943253	0.1861095279455185	0.1006345525383949	0.09733747690916061	0.1329565197229385	0.08367352932691574	0.1007639691233635	0.1978969722986221	0.2088235020637512	0.1012904644012451	0.2067030370235443	0.1013282015919685	0.1795449703931808	0.1820939183235168	0.1792472898960114	0.1901924759149551	0.1851250231266022	0.1874964386224747	0.1529419869184494	0.1943816840648651	0.01574153639376163	0	0.1296692937612534	0.09396219998598099	0.02688019350171089	0.1848447471857071	0.1017762422561646	0.1875540912151337	0.1135204136371613	0.1941884905099869	0.1204591765999794	0.2304078936576843	0.2130943089723587	0.1475587785243988	0.2296983599662781	0.2250433713197708	0.2277468293905258	0.2075830101966858	0.1536741554737091	0.2104094475507736	0.2151541262865067	0.2595441043376923	0.2468666434288025	0.2416897565126419	0.1509855091571808	0.2330842912197113	0.2413400113582611	0.2466238439083099	0.1572656780481339	0.1153954267501831	0.1628645658493042	0.2269694954156876	0.2304273843765259	0.1540687382221222	0.1540687382221222	0.1769465655088425	0.2494202554225922	0.2442785352468491	0.2416897565126419	0.2570482492446899	0.1802684515714645	0.1772206127643585	0.2494272142648697	0.2283937931060791	0.1916128098964691	0.2185332328081131	0.1443065106868744	0.2046441584825516	0.198913112282753	0.1651199609041214	0.1922577172517776	0.2204907983541489	0.1328566074371338	0.09706407785415649	0.1798871755599976	0.2151143252849579	0.244314432144165	0.2511264681816101	0.2317584306001663	0.1936273872852325	0.1206814423203468	0.1404368281364441	0.1594246923923492	0.1112681478261948	0.1101303026080132	0.1116518974304199	0.08796458691358566	0.1547409892082214	0.2238733023405075	0.1738974750041962	0.2409062385559082	0.179666742682457	0.1736401468515396	0.1677418500185013	0.1741373091936111	0.216615229845047	0.2062003612518311	0.1797468513250351	0.2471057325601578	0.1181390359997749	0.2265137881040573	0.1872602999210358	0.2411866039037704	0.2796805500984192	0.1717899739742279	0.2062132656574249	0.2107593864202499	0.2549211382865906	0.1718170940876007	0.1818687170743942	0.2740033566951752	0.2245137095451355	0.2068067789077759	0.1637049466371536	0.2369112074375153	0.1970841437578201	0.21665920317173	0.1830585300922394	0.1920265406370163	0.1832689940929413	0.2291372865438461	0.08045359700918198	0.1070689633488655	0.1123229786753654	0.0596618689596653	0.02431884221732616	0.1427355408668518	0.1149335131049156	0.05850832164287567	0.127464085817337	0.06219745427370071	0.09554620832204819	0.07356786727905273	0.09193374961614609	0.08418593555688858	0.08761700987815857	0.1446483284235001	0.06714148074388504	0.1424339860677719	0.07586656510829926	0.1105592101812363	0.05438860878348351	0.1051665022969246	0.09811294078826904	0.04728733748197556	0.1150942295789719	0.05886088311672211	0.05601691827178001	0.07365100830793381
S2014m_E2-2-A-M	0.1927359104156494	0.1717796474695206	0.1244159266352654	0.2985284924507141	0.2049587517976761	0.09160732477903366	0.155119851231575	0.2042241841554642	0.1326879858970642	0.1783509105443954	0.2142874896526337	0.1222786456346512	0.1396603733301163	0.05879487097263336	0.1311399340629578	0.04059425741434097	0.1791482120752335	0.08250630646944046	0.07832575589418411	0.0948597714304924	0.081266850233078	0.08450930565595627	0.1150953397154808	0.1486035883426666	0.1481993347406387	0.04061328992247581	0.05467450246214867	0.0187602024525404	0.07508513331413269	0.1021149680018425	0.1514817029237747	0.1010145023465157	0.1010145097970963	0.1845066100358963	0.0943787693977356	0.09643023461103439	0.1110659241676331	0	0.06222698837518692	0.0546378530561924	0.1250833868980408	0.121913380920887	0.1162162721157074	0.1695051640272141	0.1725440323352814	0.1755243241786957	0.1665462553501129	0.1712055057287216	0.2362209856510162	0.1081659123301506	0.1049568131566048	0.07798377424478531	0.09166205674409866	0.108291856944561	0.228218212723732	0.2384099513292313	0.1602792888879776	0.2120149433612823	0.1603129059076309	0.1544895619153976	0.130965992808342	0.1541828066110611	0.139689713716507	0.1342313438653946	0.1367858201265335	0.1658098101615906	0.1440961211919785	0.12409757822752	0.1110659241676331	0.1817853301763535	0.1892797350883484	0.1333360522985458	0.1339294463396072	0.04431759938597679	0.1368478983640671	0.01914351806044579	0.1435753852128983	0.173489585518837	0.218212217092514	0.2403489500284195	0.1347961723804474	0.2175513207912445	0.2128066569566727	0.2155307233333588	0.2348108291625977	0.1794757694005966	0.2374585568904877	0.2392490357160568	0.1919159889221191	0.1840636879205704	0.1783383190631866	0.1789216995239258	0.2209093123674393	0.2290571331977844	0.2343838661909103	0.1445620656013489	0.148617684841156	0.1500153392553329	0.2148017138242722	0.2182318866252899	0.1413454860448837	0.1413454860448837	0.09938233345746994	0.1868872195482254	0.1812015473842621	0.1783383190631866	0.1829162687063217	0.1031408458948135	0.09971785545349121	0.1743026524782181	0.2027351409196854	0.1161965429782867	0.1862335354089737	0.1158611848950386	0.2259091883897781	0.2204815298318863	0.1330593824386597	0.1095326915383339	0.1945701390504837	0.05648038536310196	0.01617554202675819	0.1154771074652672	0.1890154778957367	0.1749155819416046	0.182822585105896	0.1939369291067123	0.1305987238883972	0.04258314520120621	0.1634177714586258	0.13350909948349	0.07694324105978012	0.03109866008162498	0.07022576034069061	0.05265243351459503	0.1125334799289703	0.1856077611446381	0.08867339044809341	0.1713990122079849	0.1418830752372742	0.1419356018304825	0.1357908993959427	0.1360604763031006	0.1432579606771469	0.131559282541275	0.1419674009084702	0.2101452201604843	0.07706370204687119	0.188397079706192	0.1561236977577209	0.215952068567276	0.232699379324913	0.09284824132919312	0.1379096210002899	0.1432262361049652	0.160312220454216	0.1132509857416153	0.1505074948072433	0.2083659619092941	0.1505106538534164	0.1764826029539108	0.129061371088028	0.1993792802095413	0.1602206230163574	0.1433073133230209	0.1578691750764847	0.09463082253932953	0.1057720184326172	0.1911683082580566	0.1105134934186935	0.1821195185184479	0.1404447704553604	0.135856881737709	0.1039026826620102	0.1874193102121353	0.1878908574581146	0.1271573305130005	0.2008122354745865	0.1368560940027237	0.1715109348297119	0.1040547266602516	0.1683844923973083	0.1073139905929565	0.1172358393669128	0.2452530413866043	0.1358674466609955	0.174376055598259	0.1487823575735092	0.1645805388689041	0.130311518907547	0.2066033035516739	0.1272052377462387	0.1238679066300392	0.1894232928752899	0.1122509464621544	0.1326879858970642	0.1477040946483612
S2014m_E2-2-B-M	0.1701513379812241	0.149566188454628	0.1035577654838562	0.2990071475505829	0.1827583461999893	0.09941311925649643	0.1874894797801971	0.1821170449256897	0.1391509026288986	0.1567117124795914	0.217656672000885	0.1286025196313858	0.1339140236377716	0.06782475113868713	0.1100314036011696	0.05045383423566818	0.1593080461025238	0.06248567253351212	0.05901181325316429	0.09659849107265472	0.04909265786409378	0.05240002647042274	0.05418683961033821	0.126894935965538	0.1422820687294006	0.05047200620174408	0.06389011442661285	0.07189667224884033	0.08369125425815582	0.1095238327980042	0.1322472393512726	0.08048398792743683	0.08048398792743683	0.164215087890625	0.07384359091520309	0.07615278661251068	0.09001638740301132	0.06222698837518692	0	0.06385511159896851	0.1373680084943771	0.1531216353178024	0.1592501103878021	0.1475816369056702	0.1506341397762299	0.1536283493041992	0.1835448294878006	0.1511081755161285	0.2147080600261688	0.07537845522165298	0.07210025936365128	0.04574419930577278	0.09952742606401443	0.08827589452266693	0.2069346904754639	0.2172043323516846	0.1383171230554581	0.2153568714857101	0.1383508890867233	0.135039821267128	0.1253982037305832	0.1233239099383354	0.1339427381753922	0.1400785595178604	0.1425325125455856	0.170635387301445	0.1555755138397217	0.1030699908733368	0.09001638740301132	0.161480724811554	0.1684873849153519	0.1123290657997131	0.1397885680198669	0.05400550737977028	0.1425921767950058	0.07244782149791718	0.149098739027977	0.1531473249197006	0.2561506330966949	0.2776077389717102	0.1813843101263046	0.2553976774215698	0.2512800991535187	0.2537341117858887	0.2721144556999207	0.1593054831027985	0.2745000123977661	0.2416402548551559	0.2309791296720505	0.2240613698959351	0.2189073115587234	0.1836333721876144	0.2585820853710175	0.2664231061935425	0.2712263464927673	0.1900943219661713	0.19473597407341	0.1955573707818985	0.2529188692569733	0.2561683356761932	0.1872242540121078	0.1872242540121078	0.1480243504047394	0.2266045808792114	0.2214843481779099	0.2189073115587234	0.2284644246101379	0.1579370945692062	0.1549203097820282	0.2207888662815094	0.2063518613576889	0.1628390103578568	0.1964578777551651	0.110139012336731	0.2696355581283569	0.2648056745529175	0.1390238404273987	0.1633602380752563	0.1984958946704865	0.1061648204922676	0.0773959755897522	0.159254789352417	0.1931544542312622	0.2215200811624527	0.2226240932941437	0.2037457227706909	0.172875702381134	0.100658155977726	0.2106726914644241	0.1394782066345215	0.0852685421705246	0.08350873738527298	0.08554878830909729	0.06207139790058136	0.1265525370836258	0.1958212107419968	0.1449726074934006	0.212337002158165	0.1534778028726578	0.1475479453802109	0.1300547420978546	0.1479428261518478	0.1898867636919022	0.1794346421957016	0.1535579860210419	0.2191836833953857	0.09201331436634064	0.1984743475914001	0.1611852198839188	0.2190798968076706	0.2570818364620209	0.1449587792158127	0.185281828045845	0.1841164827346802	0.2077420949935913	0.1261317878961563	0.1557852476835251	0.2351025938987732	0.1972564905881882	0.1807798147201538	0.1356318742036819	0.2089269012212753	0.1709271967411041	0.1899309009313583	0.1628829836845398	0.1459400057792664	0.1564498096704483	0.2011109441518784	0.1176494881510735	0.186868891119957	0.1463227123022079	0.1421831548213959	0.1115145608782768	0.191110372543335	0.1923315525054932	0.140256866812706	0.2037662714719772	0.1161065250635147	0.1766670495271683	0.1114711239933968	0.1736745983362198	0.1211405768990517	0.1240833178162575	0.2213651835918427	0.1487178951501846	0.1919011175632477	0.1156525313854218	0.1184380799531937	0.136506587266922	0.1839720159769058	0.1068791300058365	0.1306013166904449	0.1938890367746353	0.1194003075361252	0.1391509026288986	0.1267237216234207
S2014m_E2-2-C-M	0.190662145614624	0.1703166663646698	0.1242998987436295	0.2934972941875458	0.2026036977767944	0.09240937978029251	0.1809380799531937	0.2018977105617523	0.1323363333940506	0.1637391000986099	0.2117311656475067	0.122227169573307	0.1268859654664993	0.0465533509850502	0.1308355629444122	0.04287873208522797	0.1776473522186279	0.08358141034841537	0.0461624376475811	0.06883589178323746	0.0491737425327301	0.05249382555484772	0.1019901633262634	0.1343129575252533	0.1353857070207596	0.04289719834923744	0.04246794432401657	0.06449263542890549	0.07638130336999893	0.08909294009208679	0.1506893932819366	0.08783519268035889	0.08783519268035889	0.1709190458059311	0.08124593645334244	0.08344709128141403	0.1113309040665627	0.0546378530561924	0.06385511159896851	0	0.1310970187187195	0.1583907306194305	0.153178796172142	0.1549262255430222	0.1579533219337463	0.1609225869178772	0.1907706260681152	0.1578305810689926	0.2332164645195007	0.07556454092264175	0.07227393984794617	0.04581230878829956	0.05864425748586655	0.07569371163845062	0.2136940211057663	0.223878800868988	0.1591433733701706	0.1975125670433044	0.1457722932100296	0.1416491270065308	0.1306889206171036	0.1413436233997345	0.1269151270389557	0.1214835494756699	0.124025322496891	0.164625883102417	0.1494973450899124	0.1239909529685974	0.1113309040665627	0.1682059019804001	0.1874744147062302	0.09325205534696579	0.1211831569671631	0.04648720100522041	0.1364206075668335	0.06502149999141693	0.1429741531610489	0.1721067875623703	0.2507440745830536	0.272287130355835	0.1748315095901489	0.2383476346731186	0.245802253484726	0.2482922226190567	0.2667895257472992	0.1779421120882034	0.269210010766983	0.2361648678779602	0.2254269421100616	0.2183843702077866	0.2131543606519699	0.1642451137304306	0.2532109916210175	0.2610913515090942	0.2544525563716888	0.1836807429790497	0.1882429867982864	0.189141258597374	0.2474889606237411	0.2507620453834534	0.1807649731636047	0.1807649731636047	0.1412044018507004	0.2209648638963699	0.2157694399356842	0.2131543606519699	0.2228757292032242	0.1512471586465836	0.1481821238994598	0.2150880545377731	0.2005836814641953	0.1429991573095322	0.1905199289321899	0.1159899011254311	0.2642740905284882	0.2593728005886078	0.1327245980501175	0.1567845791578293	0.1926125138998032	0.09921358525753021	0.06992960721254349	0.1530833691358566	0.1871921122074127	0.2158056944608688	0.2169740945100784	0.197939544916153	0.1669033169746399	0.07973113656044006	0.2048785835504532	0.1331613510847092	0.07815489917993546	0.07619922608137131	0.07841219007968903	0.05459091067314148	0.119561068713665	0.1898984611034393	0.1381035000085831	0.2065358906984329	0.1473656445741653	0.1413732469081879	0.1353855729103088	0.1417501866817474	0.1841584891080856	0.1735570281744003	0.1474469751119614	0.2136012762784958	0.0849776566028595	0.1925907582044601	0.1552071869373322	0.2134959101676941	0.2519450187683105	0.1385749876499176	0.1794650554656982	0.1783287823200226	0.2019265294075012	0.119695782661438	0.1497297435998917	0.2403624653816223	0.1915170252323151	0.1750787794589996	0.1288137137889862	0.2031962871551514	0.16506527364254	0.1723999530076981	0.1569062769412994	0.1396498829126358	0.1502370685338974	0.1952661573886871	0.110787458717823	0.1803361922502518	0.1399010419845581	0.1354167014360428	0.1043764278292656	0.2110398709774017	0.1859831959009171	0.1335475444793701	0.2237048298120499	0.1363959461450577	0.1700283885002136	0.1045122891664505	0.1669873893260956	0.1143058240413666	0.1173213794827461	0.2416887730360031	0.1420268416404724	0.212262898683548	0.148001030087471	0.1634173691272736	0.1365802139043808	0.204185888171196	0.1138094812631607	0.123767763376236	0.187436506152153	0.1124787852168083	0.1323363333940506	0.146942138671875
S2014m_E2-3-A-M	0.2559448480606079	0.2367114126682281	0.1939658522605896	0.3501564860343933	0.2596343159675598	0.1453957855701447	0.2417341470718384	0.2644280791282654	0.2016268819570541	0.2356623262166977	0.2724493145942688	0.009907788597047329	0.02938902005553246	0.1028703227639198	0.1820126622915268	0.09449102729558945	0.06380752474069595	0.1442445814609528	0.1208511739969254	0.1546704769134521	0.1294833719730377	0.1262518465518951	0.1603434383869171	0.2158976644277573	0.03896122425794601	0.0944729745388031	0.1065854281187057	0.1147147640585899	0.1258387863636017	0.1301496773958206	0.03017235919833183	0.172702357172966	0.1727023720741272	0.09327679872512817	0.1672205328941345	0.1680825352668762	0.182678759098053	0.1250833868980408	0.1373680084943771	0.1310970187187195	0	0.04285988211631775	0.03024053014814854	0.2164729684591293	0.224901869893074	0.2216306179761887	0.2544009983539581	0.06081318482756615	0.1246666386723518	0.1599527895450592	0.1632121652364731	0.1327322423458099	0.1462313383817673	0.1544246673583984	0.1232946142554283	0.1347610652446747	0.214519664645195	0.1178342401981354	0.2264090031385422	0.04601335152983665	0.02621345035731792	0.04566941782832146	0.03589407354593277	0.0298367515206337	0.01999974437057972	0.04156389832496643	0.02690423093736172	0.1874814182519913	0.182678759098053	0.08401944488286972	0.09614080935716629	0.1952137798070908	0.01011074334383011	0.1040368750691414	0.0134464418515563	0.1217140480875969	0.02677745372056961	0.0683952271938324	0.1417617350816727	0.1808395832777023	0.2296878695487976	0.1413476318120956	0.142231285572052	0.1388630568981171	0.1759081035852432	0.07465669512748718	0.1725627481937408	0.1213664412498474	0.1166471615433693	0.1143515110015869	0.1211102828383446	0.2065317779779434	0.1446441113948822	0.1584694087505341	0.1641115695238113	0.2255687713623047	0.2484966516494751	0.2368877977132797	0.1321736723184586	0.1355238854885101	0.222979336977005	0.2229793518781662	0.204523503780365	0.1109832748770714	0.117742046713829	0.1211102828383446	0.120077021420002	0.1948639750480652	0.1860118061304092	0.1174177974462509	0.09056347608566284	0.1869107633829117	0.09152258932590485	0.1875182688236237	0.160769984126091	0.1613069623708725	0.03394832462072372	0.1874880194664001	0.08779498189687729	0.126616507768631	0.139235645532608	0.04759767651557922	0.09457643330097198	0.1050102040171623	0.107315830886364	0.08753074705600739	0.05047347769141197	0.140627384185791	0.1067411303520203	0.03405832871794701	0.1066728681325912	0.1378102898597717	0.1070456802845001	0.1177225485444069	0.1721945405006409	0.09122835844755173	0.1958195269107819	0.1144282817840576	0.03705077618360519	0.0371091365814209	0.1278983056545258	0.03058113716542721	0.07689005881547928	0.07741600275039673	0.0371444895863533	0.09942732751369476	0.1067801862955093	0.08784892410039902	0.04005632549524307	0.09930206835269928	0.1483948975801468	0.1185578554868698	0.07104182243347168	0.07059261202812195	0.0973421186208725	0.0200791172683239	0.04020005092024803	0.1405195891857147	0.07686012238264084	0.06314553320407867	0.1735569536685944	0.0936310812830925	0.0700710266828537	0.07694168388843536	0.05441626161336899	0.04030226171016693	0.05103221535682678	0.09733045101165771	0.1685925424098969	0.2409731447696686	0.1939996331930161	0.2042463570833206	0.1706347912549973	0.2560817301273346	0.2507665753364563	0.1959747672080994	0.2848047614097595	0.2040127068758011	0.2316344678401947	0.1631312817335129	0.2350139915943146	0.1658862233161926	0.1619430929422379	0.2971967160701752	0.2042551040649414	0.2758917510509491	0.2081779539585114	0.214605838060379	0.1985868215560913	0.2671473026275635	0.1770486533641815	0.1932527273893356	0.2532072961330414	0.1828160732984543	0.2016268819570541	0.2079549133777618
S2014m_E2-3-B-M	0.2819699645042419	0.2628119587898254	0.2205286920070648	0.3746449947357178	0.2850200831890106	0.1724943816661835	0.2449864447116852	0.2895920276641846	0.2281802147626877	0.2669003903865814	0.2970795035362244	0.04599254205822945	0.03939874842762947	0.1183026432991028	0.2088136225938797	0.1291925460100174	0.07925495505332947	0.1717121601104736	0.1540179997682571	0.1763621866703033	0.1451993882656097	0.1479347795248032	0.1816764026880264	0.2422616630792618	0.06171097978949547	0.1229683607816696	0.1406357437372208	0.1115179657936096	0.1600275933742523	0.16370889544487	0.05217838287353516	0.1994454860687256	0.1994455009698868	0.1208529099822044	0.1942089349031448	0.194700613617897	0.2096466720104218	0.121913380920887	0.1531216353178024	0.1583907306194305	0.04285988211631775	0	0.01317178830504417	0.2485231012105942	0.2509797811508179	0.2533909976482391	0.2461328953504562	0.09535782784223557	0.1584097743034363	0.1755186170339584	0.1787565648555756	0.1484269350767136	0.1735121011734009	0.1812400221824646	0.1508464366197586	0.1618119031190872	0.2410764247179031	0.1458353698253632	0.2526382207870483	0.08023369312286377	0.04304006695747375	0.06819639354944229	0.05248996615409851	0.05869192630052567	0.05544771254062653	0.07701392471790314	0.04929571598768234	0.214124009013176	0.2096466720104218	0.1118927150964737	0.1242261156439781	0.2215080857276917	0.04595180973410606	0.1322150975465775	0.03598844632506371	0.1121736764907837	0.04911735653877258	0.09683878719806671	0.1386833488941193	0.1717443466186523	0.220933809876442	0.1320402324199677	0.1328663676977158	0.1294746100902557	0.1542146801948547	0.1029305309057236	0.1508229225873947	0.1428755521774292	0.0942080095410347	0.1047918573021889	0.1115978434681892	0.238862469792366	0.1415864676237106	0.1492802500724792	0.1550232917070389	0.2227910161018372	0.2398448586463928	0.2281840592622757	0.1290504783391953	0.1324127465486526	0.220182940363884	0.2201829254627228	0.1956239938735962	0.1014000922441483	0.1082060784101486	0.1115978434681892	0.110392302274704	0.1919665634632111	0.1830625683069229	0.1142523884773254	0.1189208179712296	0.1840044558048248	0.1263879686594009	0.2033652365207672	0.163933739066124	0.1582681983709335	0.0694042295217514	0.1845739334821701	0.1163777858018875	0.1235048919916153	0.1361169070005417	0.03753791004419327	0.1230704560875893	0.101767472922802	0.1041140183806419	0.1222297847270966	0.04707920923829079	0.1247725784778595	0.1035265624523163	0.06962990760803223	0.1407219916582108	0.1284466087818146	0.1472657322883606	0.1457264721393585	0.2056244015693665	0.1259822845458984	0.1929157227277756	0.10486950725317	0.07222278416156769	0.05295519158244133	0.1433481872081757	0.06609072536230087	0.07367105782032013	0.07417761534452438	0.05938491970300674	0.1209314838051796	0.1344837844371796	0.1226581111550331	0.0620519295334816	0.1332484036684036	0.1572963148355484	0.115463875234127	0.06777023524045944	0.0673409029841423	0.09408273547887802	0.05599656701087952	0.06226620078086853	0.1198801919817924	0.06693699210882187	0.08440404385328293	0.2066351473331451	0.1280031204223633	0.09140129387378693	0.07372304052114487	0.0826394259929657	0.03683691099286079	0.04760560393333435	0.1317556798458099	0.195309117436409	0.267462819814682	0.2195966988801956	0.2306801974773407	0.1980423480272293	0.2532871961593628	0.2765220403671265	0.2280458211898804	0.2879361808300018	0.2300171703100204	0.2583342790603638	0.1900909394025803	0.2616696059703827	0.1985425651073456	0.1767561286687851	0.3226859867572784	0.2364041656255722	0.267548531293869	0.2232234179973602	0.2393088787794113	0.2305140048265457	0.2925163507461548	0.2033899277448654	0.2197414189577103	0.2793624103069305	0.2094375342130661	0.2281802147626877	0.2339928895235062
S2014m_E2-3-C-M	0.2774669826030731	0.258219450712204	0.2156885713338852	0.3707740902900696	0.2806390225887299	0.1673721969127655	0.2401212453842163	0.2852668464183807	0.2233714461326599	0.2568293213844299	0.2928743064403534	0.03340358287096024	0.03919166699051857	0.1127347573637962	0.2038849592208862	0.1174103245139122	0.07353956997394562	0.1665177047252655	0.1428516209125519	0.1825176924467087	0.1512929946184158	0.1480826586484909	0.181932732462883	0.2375417500734329	0.06157985702157021	0.1173923909664154	0.1291192919015884	0.09931935369968414	0.1485443711280823	0.152450755238533	0.03990275785326958	0.1944914907217026	0.1944915056228638	0.1154479160904884	0.189189687371254	0.1897516697645187	0.2046907246112823	0.1162162721157074	0.1592501103878021	0.153178796172142	0.03024053014814854	0.01317178830504417	0	0.2381132245063782	0.2463446855545044	0.2430951446294785	0.2414374351501465	0.0834929347038269	0.1470686197280884	0.1816321909427643	0.1848701387643814	0.154520571231842	0.1683595776557922	0.176203727722168	0.1455571204423904	0.1566587537527084	0.2363175898790359	0.1404413431882858	0.2479829043149948	0.06842078268527985	0.049293402582407	0.06808712333440781	0.05868163332343102	0.05280712246894836	0.04311613738536835	0.06476658582687378	0.04331318661570549	0.2092446535825729	0.2046907246112823	0.1063969433307648	0.1187345460057259	0.2167202830314636	0.03344713151454926	0.126735508441925	0.02334465272724628	0.1064133942127228	0.03664245456457138	0.09117548912763596	0.1268342733383179	0.1663887351751328	0.2158962786197662	0.1264663189649582	0.1272594034671783	0.1238457038998604	0.1487457454204559	0.09732317179441452	0.1453320384025574	0.1312647014856339	0.08837106078863144	0.09900334477424622	0.105853334069252	0.22832091152668	0.1298061162233353	0.1438167244195938	0.1496334969997406	0.2117685377597809	0.2349129021167755	0.2231933772563934	0.1170662343502045	0.1204616650938988	0.2090973854064941	0.2090974003076553	0.1904405355453491	0.09558966010808945	0.1024396494030952	0.105853334069252	0.09830686450004578	0.1867596656084061	0.1777622252702713	0.1085641011595726	0.1133564859628677	0.1726406663656235	0.1208337396383286	0.2096629291772842	0.1522934883832932	0.1528069674968719	0.05712469294667244	0.1793372482061386	0.1107599064707756	0.111588142812252	0.1305119544267654	0.03129336982965469	0.117495134472847	0.09593965858221054	0.09192562103271484	0.1166863888502121	0.03437337279319763	0.1191329956054688	0.0977497324347496	0.05731147155165672	0.1292063146829605	0.1228304207324982	0.1358126401901245	0.1403314769268036	0.2005909085273743	0.1204441338777542	0.1876972168684006	0.09908173233270645	0.06642165035009384	0.04697421938180923	0.1493346095085144	0.0602124035358429	0.06788807362318039	0.06835942715406418	0.05346439033746719	0.1154349073767662	0.1228699311614037	0.1170988902449608	0.04982375353574753	0.1217371299862862	0.1462877541780472	0.1099051535129547	0.06189222633838654	0.05510194227099419	0.08822518587112427	0.05001494660973549	0.04999971762299538	0.1260843127965927	0.05450991168618202	0.07267802953720093	0.1957139223814011	0.1225326582789421	0.08583871275186539	0.06794070452451706	0.07696813344955444	0.03060922026634216	0.04144755005836487	0.1262906789779663	0.1903442591428757	0.2628210186958313	0.214927926659584	0.2259026020765305	0.192960649728775	0.242747887969017	0.2720437347888947	0.2232988774776459	0.2835308909416199	0.2253141701221466	0.253618985414505	0.1850612908601761	0.2569754719734192	0.1935977637767792	0.1716436743736267	0.318438857793808	0.2316776067018509	0.2628622353076935	0.2292561680078506	0.2348736226558685	0.2257974296808243	0.2881677150726318	0.1985247433185577	0.2149116545915604	0.2748265266418457	0.2045440226793289	0.2233714461326599	0.2292990684509277
S2014m_E5-1-A-F	0.09567217528820038	0.06622461974620819	0.1542537212371826	0.2118838727474213	0.1119702532887459	0.1425200998783112	0.08358685672283173	0.1115348562598228	0.1627412140369415	0.06030656769871712	0.2439470440149307	0.208101823925972	0.2116801738739014	0.1453167200088501	0.07868883013725281	0.1360552459955215	0.2075476050376892	0.1201422661542892	0.1693006753921509	0.1388697326183319	0.1782083511352539	0.1747546344995499	0.102967694401741	0.02500507794320583	0.2193987220525742	0.142786979675293	0.1349732428789139	0.1578083485364914	0.1059079691767693	0.1184759959578514	0.2339261025190353	0.08676721900701523	0.08676721155643463	0.1743303388357162	0.07978292554616928	0.1047700196504593	0.1116342470049858	0.1695051640272141	0.1475816369056702	0.1549262255430222	0.2164729684591293	0.2485231012105942	0.2381132245063782	0	0.01218796614557505	0.008141824975609779	0.05197182670235634	0.1616608649492264	0.1037182956933975	0.1449377089738846	0.1418372690677643	0.1753449290990829	0.1289909332990646	0.1450593918561935	0.1103964820504189	0.1232537180185318	0.01235352642834187	0.1329299360513687	0.01230896357446909	0.2009811699390411	0.221617117524147	0.2006912678480148	0.2175376415252686	0.2126573622226715	0.2090822458267212	0.1880217790603638	0.2278820127248764	0.125021830201149	0.1116342470049858	0.1714855134487152	0.1918174475431442	0.13450588285923	0.2065009921789169	0.1460113227367401	0.2209810018539429	0.1581299006938934	0.2275709062814713	0.1628787368535995	0.1512048989534378	0.1940847337245941	0.06179198622703552	0.1437927335500717	0.1517544984817505	0.1548755019903183	0.1885827928781509	0.1950131058692932	0.1915461421012878	0.1356559842824936	0.1914941370487213	0.176914170384407	0.184104710817337	0.04488113895058632	0.154328390955925	0.1694766879081726	0.1620808839797974	0.0653512254357338	0.09175998717546463	0.07837232202291489	0.1475680023431778	0.151227667927742	0.06157685443758965	0.06157686933875084	0.1109470948576927	0.179853081703186	0.187017947435379	0.184104710817337	0.1950778067111969	0.1147147864103317	0.1112580224871635	0.1928092241287231	0.1579638719558716	0.09133844077587128	0.1596716642379761	0.07610789686441422	0.1788360625505447	0.1794897317886353	0.2117007374763489	0.1138099581003189	0.1488784551620483	0.1697954386472702	0.1566669940948486	0.2205154299736023	0.1560946553945541	0.1739757359027863	0.1757094413042068	0.1615068167448044	0.2275861203670502	0.151481419801712	0.2357973605394363	0.2063961178064346	0.1483625620603561	0.154945895075798	0.1488769501447678	0.1330247521400452	0.07252869755029678	0.16567762196064	0.1074874848127365	0.1834926456212997	0.2194893956184387	0.2136523425579071	0.2080961912870407	0.2142812609672546	0.2552428245544434	0.2569295763969421	0.2195648550987244	0.1791249513626099	0.1550474762916565	0.1686459630727768	0.2207011729478836	0.1662738621234894	0.2095071077346802	0.2130676209926605	0.2454515993595123	0.2438885867595673	0.1989848911762238	0.2240101248025894	0.2155658602714539	0.2084013372659683	0.2578173577785492	0.2393224090337753	0.09078889340162277	0.1674261689186096	0.2473020702600479	0.243796706199646	0.2225259691476822	0.2438827157020569	0.2358252704143524	0.1715942919254303	0.1259642839431763	0.08330763131380081	0.1559309661388397	0.1658377200365067	0.1340639293193817	0.1132715046405792	0.2183952778577805	0.1635537147521973	0.104806162416935	0.1662904024124146	0.07138045877218246	0.119492694735527	0.06757195293903351	0.1296542286872864	0.1326980143785477	0.1217945069074631	0.172610267996788	0.1198081448674202	0.1779463440179825	0.1535559743642807	0.15962153673172	0.08174469321966171	0.1290147602558136	0.1535922437906265	0.09164303541183472	0.163447380065918	0.1627412140369415	0.1772681176662445
S2014M_E5-1-A-M	0.09932971745729446	0.06998549401760101	0.1574095487594604	0.2150213420391083	0.1154488921165466	0.1456366926431656	0.0873400941491127	0.1150018274784088	0.1658773273229599	0.07158587127923965	0.2466521412134171	0.2166401743888855	0.2200857102870941	0.1483869999647141	0.08225364238023758	0.1458852142095566	0.2160955667495728	0.1234233677387238	0.178524062037468	0.1420261263847351	0.1810713708400726	0.1838802248239517	0.1131572127342224	0.02896323800086975	0.2276724874973297	0.1459016799926758	0.144740954041481	0.1674811840057373	0.1163036823272705	0.1285491734743118	0.2420222908258438	0.07569106668233871	0.09024069458246231	0.1646194607019424	0.08330962806940079	0.1081081479787827	0.1150388866662979	0.1725440323352814	0.1506341397762299	0.1579533219337463	0.224901869893074	0.2509797811508179	0.2463446855545044	0.01218796614557505	0	0.00404614070430398	0.04013901576399803	0.170787051320076	0.1139781251549721	0.1480367630720139	0.1449588239192963	0.1782279014587402	0.1322065144777298	0.1481576263904572	0.1136656999588013	0.112841360270977	0.01641504839062691	0.1361163556575775	0.01637069508433342	0.2094259262084961	0.2241860777139664	0.2091409713029861	0.220111757516861	0.215263620018959	0.2175323516130447	0.1969115287065506	0.2361826151609421	0.1141732260584831	0.1150388866662979	0.1743454486131668	0.194636195898056	0.1377377808094025	0.2149955034255981	0.1491026729345322	0.2292975038290024	0.1612119078636169	0.235844224691391	0.1657984107732773	0.1610430479049683	0.1970702111721039	0.06563462316989899	0.1469528824090958	0.1548967957496643	0.1579947471618652	0.1915663480758667	0.1977719664573669	0.194507971405983	0.1455343812704086	0.1943493783473969	0.179873138666153	0.1870378255844116	0.05641847848892212	0.1641078591346741	0.172530859708786	0.1651622354984283	0.07686707377433777	0.09547980129718781	0.0821317732334137	0.1574324518442154	0.1610653698444366	0.07316932082176208	0.07316930592060089	0.1144286841154099	0.182790994644165	0.1899302005767822	0.1870378255844116	0.204185351729393	0.1181669905781746	0.1147371903061867	0.1956802308559418	0.1609694510698318	0.102192722260952	0.1627033948898315	0.07975576817989349	0.1885072886943817	0.1825404465198517	0.2202485352754593	0.1172391027212143	0.1519491076469421	0.1792462468147278	0.1598003357648849	0.2231583297252655	0.1591392904520035	0.1769558638334274	0.1850515753030777	0.1644997298717499	0.2360003441572189	0.1545984745025635	0.2384444177150726	0.215036541223526	0.1579658836126328	0.1580512374639511	0.1585108637809753	0.1362106502056122	0.07618911564350128	0.1686662435531616	0.1109961867332458	0.186417430639267	0.2220833450555801	0.2162741124629974	0.2107550948858261	0.2169098705053329	0.257666289806366	0.2593632936477661	0.2221582978963852	0.1819935888051987	0.1645682752132416	0.171613410115242	0.2290224432945251	0.17555171251297	0.2181652784347534	0.2157727926969528	0.2479390949010849	0.2520205676555634	0.2018121927976608	0.2265960723161697	0.2239753007888794	0.2111268937587738	0.2659229934215546	0.2473275810480118	0.1015642583370209	0.1703770309686661	0.2497353702783585	0.2462734282016754	0.2250890284776688	0.2464024871587753	0.2383989542722702	0.1745407432317734	0.129202201962471	0.08704690635204315	0.1589510291814804	0.1689507067203522	0.1373575925827026	0.124130979180336	0.2213013917207718	0.1666406989097595	0.1083699315786362	0.1693439334630966	0.0751836821436882	0.122778631746769	0.07140640169382095	0.1328783929347992	0.1358862966299057	0.1253913044929504	0.1756865978240967	0.123368076980114	0.1809152066707611	0.1565409600734711	0.162723496556282	0.08542920649051666	0.1322163194417953	0.156739354133606	0.09533317387104034	0.1665217280387878	0.1658773273229599	0.1802814155817032
S2014m_E5-1-B-F	0.102914072573185	0.07367119938135147	0.1605042070150375	0.2180964350700378	0.1188588216900826	0.1486934274435043	0.09101787954568863	0.118400365114212	0.1689524501562119	0.06768421083688736	0.2493055909872055	0.2133479714393616	0.2168356627225876	0.1513985097408295	0.08574835211038589	0.1422956436872482	0.2128010541200638	0.126640796661377	0.1750716418027878	0.1451216340065002	0.1838802248239517	0.1804503053426743	0.1095246523618698	0.03284209221601486	0.2244540750980377	0.1489564925432205	0.1411769241094589	0.163891613483429	0.1125897914171219	0.1249176934361458	0.2388367205858231	0.07917739450931549	0.09364630281925201	0.1674682646989822	0.08676722645759583	0.1113815382122993	0.1183768063783646	0.1755243241786957	0.1536283493041992	0.1609225869178772	0.2216306179761887	0.2533909976482391	0.2430951446294785	0.008141824975609779	0.00404614070430398	0	0.04396050795912743	0.1673905700445175	0.1103185415267944	0.1510763764381409	0.1480204164981842	0.1810562461614609	0.1353598833084106	0.1511963456869125	0.1168718859553337	0.1160273179411888	0.02039477042853832	0.1392413377761841	0.02035057172179222	0.2061876803636551	0.2267074286937714	0.205901563167572	0.2226381301879883	0.2178214192390442	0.2142716944217682	0.1935364156961441	0.2329321950674057	0.1174892261624336	0.1183768063783646	0.1771514564752579	0.1974016129970551	0.1409069746732712	0.2117242813110352	0.1521346718072891	0.2260584682226181	0.1642345637083054	0.2326052784919739	0.1686628460884094	0.1574100255966187	0.1999979019165039	0.06939996778964996	0.1500519663095474	0.1579782366752625	0.1610537022352219	0.1944923251867294	0.2004789113998413	0.1974127441644669	0.1419281661510468	0.1971503347158432	0.1827754527330399	0.1899147927761078	0.05246995016932487	0.160488098859787	0.1755260676145554	0.1681841313838959	0.07286955416202545	0.09912476688623428	0.08581570535898209	0.1537995636463165	0.1574324667453766	0.06915578991174698	0.06915577501058578	0.1178414300084114	0.1856727451086044	0.192786768078804	0.1899147927761078	0.2007087916135788	0.121551051735878	0.1181475818157196	0.1984964609146118	0.1639176160097122	0.09835519641637802	0.1656769961118698	0.08333128690719604	0.1848610639572144	0.1855320036411285	0.2169434577226639	0.1206007674336433	0.1549609005451202	0.1757073849439621	0.1628729701042175	0.2257516533136368	0.1621255427598953	0.179878830909729	0.1815377622842789	0.1674354821443558	0.2327062040567398	0.1576553583145142	0.24104143679142	0.2117093503475189	0.1544270664453506	0.1610966473817825	0.154959425330162	0.1393350511789322	0.07977693527936935	0.1715977042913437	0.1144353970885277	0.1892863065004349	0.2246289849281311	0.2188470363616943	0.2133643180131912	0.2194894254207611	0.2600449621677399	0.2617519199848175	0.2247034460306168	0.1848079264163971	0.1610423773527145	0.1745241582393646	0.2257822304964066	0.1720868200063705	0.2148232161998749	0.2184270173311234	0.2503803670406342	0.2487955093383789	0.2045857310295105	0.2291338592767715	0.2207139134407043	0.2138010561466217	0.2626722753047943	0.2441643327474594	0.09775611013174057	0.1732717007398605	0.2521238029003143	0.2487042397260666	0.2276044636964798	0.2488752603530884	0.2409244328737259	0.1774309873580933	0.132377415895462	0.09071110934019089	0.1619133949279785	0.1720032691955566	0.1405869424343109	0.1202307641506195	0.224151223897934	0.1696680039167404	0.1118627861142159	0.1723386347293854	0.0789104700088501	0.12600077688694	0.0751635953783989	0.1360401511192322	0.1390130668878555	0.1289157271385193	0.1787032932043076	0.1268567591905594	0.1838272213935852	0.1594692021608353	0.1657655090093613	0.08904024213552475	0.135356143116951	0.1598254442214966	0.09894935041666031	0.1695367693901062	0.1689524501562119	0.1832366287708282
S2014M_E5-1-B-M	0.1372446566820145	0.1082070842385292	0.1915836930274963	0.2505472600460052	0.1519424468278885	0.1791042238473892	0.09555655717849731	0.1513637453317642	0.200055256485939	0.1090527176856995	0.2781879603862762	0.2464340180158615	0.2494582384824753	0.1814315617084503	0.1188098415732384	0.1793396025896072	0.2459169775247574	0.1580729335546494	0.2102701663970947	0.1758247464895248	0.2126855701208115	0.2153492122888565	0.147477999329567	0.06813636422157288	0.2566658854484558	0.179355189204216	0.1779765635728836	0.1614890694618225	0.1513354182243347	0.1626382321119308	0.2705416083335876	0.1120032146573067	0.1120032072067261	0.1839424073696136	0.119507409632206	0.1429786533117294	0.1507603228092194	0.1665462553501129	0.1835448294878006	0.1907706260681152	0.2544009983539581	0.2461328953504562	0.2414374351501465	0.05197182670235634	0.04013901576399803	0.04396050795912743	0	0.2021303176879883	0.1485387682914734	0.1813775300979614	0.1784622073173523	0.2099893391132355	0.1663868129253387	0.1814919710159302	0.1479597836732864	0.1335594207048416	0.0562899149954319	0.1700870543718338	0.05624627321958542	0.22742860019207	0.2535988986492157	0.2385594546794891	0.2494828999042511	0.2448779940605164	0.2470328360795975	0.2277101129293442	0.2653509378433228	0.1496413350105286	0.1507603228092194	0.1935362964868546	0.2260996848344803	0.1722242534160614	0.2446233928203583	0.1823871582746506	0.2584532201290131	0.1551288962364197	0.2649150788784027	0.1976564526557922	0.1549310088157654	0.1911774873733521	0.05804714187979698	0.140715479850769	0.1486945748329163	0.151838093996048	0.1856775730848312	0.2286545038223267	0.1886621415615082	0.1791465878486633	0.1887146681547165	0.1740333586931229	0.1812490671873093	0.09456557035446167	0.1580405533313751	0.1665027439594269	0.1590804308652878	0.0694616287946701	0.08813486993312836	0.07470868527889252	0.1512943059206009	0.1549536883831024	0.06570418179035187	0.06570419669151306	0.1075553521513939	0.1769928634166718	0.1841827183961868	0.1812490671873093	0.1986390501260757	0.1113517805933952	0.1078686416149139	0.1900143325328827	0.1936301589012146	0.09528091549873352	0.1956857442855835	0.1170860454440117	0.182573676109314	0.1765189319849014	0.2501097619533539	0.1104696094989777	0.1850835680961609	0.1734229177236557	0.1536157131195068	0.2179434150457382	0.1921720504760742	0.171074315905571	0.1793106347322464	0.1971108764410019	0.2309570163488388	0.1484462767839432	0.2332209795713425	0.2451636642217636	0.1907840520143509	0.1519221365451813	0.1914368867874146	0.1701778769493103	0.1135585382580757	0.2013332545757294	0.104069247841835	0.1806452125310898	0.2402509301900864	0.2460864931344986	0.2408473491668701	0.2468140572309494	0.2528850436210632	0.2545617520809174	0.2517962455749512	0.2013677209615707	0.1971758157014847	0.2041249871253967	0.2581919729709625	0.1950404942035675	0.224943071603775	0.210434764623642	0.2430312931537628	0.2471871674060822	0.1962326616048813	0.2562588751316071	0.2533987164497375	0.2057486176490784	0.2611413896083832	0.2755830883979797	0.1376939564943314	0.2026802748441696	0.2782282531261444	0.2413870096206665	0.2544563114643097	0.2414308488368988	0.2333208173513412	0.2068981975317001	0.1635427474975586	0.125477209687233	0.1917175501585007	0.2029596120119095	0.1724815666675568	0.1320483088493347	0.2544243931770325	0.2003123313188553	0.1163547039031982	0.2027250230312347	0.1139571219682693	0.1574627310037613	0.1103964373469353	0.1671649515628815	0.1698707640171051	0.1633600741624832	0.2094738334417343	0.1163391619920731	0.2136740386486053	0.1888756901025772	0.1964567601680756	0.1232676282525063	0.1662511676549911	0.1908032298088074	0.1334772258996964	0.2000552415847778	0.200055256485939	0.2135049253702164
S2014m_E5-1-C-F	0.239830955862999	0.1951928436756134	0.1769637614488602	0.3358485102653503	0.249754786491394	0.1658155620098114	0.2312273234128952	0.2489362210035324	0.1846965849399567	0.2076081782579422	0.2573638558387756	0.05143736302852631	0.05703632533550262	0.1301538348197937	0.2015013545751572	0.1406351625919342	0.05077346041798592	0.126217857003212	0.1709529310464859	0.1432273685932159	0.1791139841079712	0.1759458631277084	0.1104831174015999	0.1610633283853531	0.06626901775598526	0.1467731148004532	0.1396158337593079	0.1605121493339539	0.113316223025322	0.1050171479582787	0.0823705866932869	0.1165888905525208	0.1165889054536819	0.03452381119132042	0.1105095818638802	0.1121982783079147	0.1391697078943253	0.1712055057287216	0.1511081755161285	0.1578305810689926	0.06081318482756615	0.09535782784223557	0.0834929347038269	0.1616608649492264	0.170787051320076	0.1673905700445175	0.2021303176879883	0	0.07932352274656296	0.1487302035093307	0.1459091305732727	0.1764910221099854	0.1342389434576035	0.148840993642807	0.06489021331071854	0.07758564502000809	0.1720172613859177	0.08603854477405548	0.1719799488782883	0.04690266400575638	0.06697922199964523	0.04655686393380165	0.06340323388576508	0.05756159499287605	0.05392878130078316	0.03461253270506859	0.08001649379730225	0.1508602499961853	0.1391697078943253	0.03123324736952782	0.04989582300186157	0.1591634899377823	0.05084117129445076	0.1497075259685516	0.06686452776193619	0.1673914194107056	0.07345753908157349	0.0212730523198843	0.1235617995262146	0.1632538735866547	0.2129475474357605	0.1166828349232674	0.1239773482084274	0.1269688159227371	0.1583591103553772	0.055502749979496	0.1612133681774139	0.1093137338757515	0.1621867120265961	0.1481381058692932	0.1548242270946503	0.1771936118602753	0.1265559196472168	0.1406188458204269	0.1337529420852661	0.2149102091789246	0.2380837500095367	0.2263495624065399	0.1201870441436768	0.1235836148262024	0.212248831987381	0.212248831987381	0.2488534450531006	0.1509671211242676	0.1576310247182846	0.1548242270946503	0.1655238568782806	0.2336376309394836	0.2310833036899567	0.1632149219512939	0.1306996047496796	0.2136713564395905	0.1320137530565262	0.2204199135303497	0.1491056382656097	0.1496101170778275	0.07486683875322342	0.2320786565542221	0.1219801753759384	0.1719893217086792	0.1790535151958466	0.08221641927957535	0.1286884844303131	0.145311027765274	0.1472083926200867	0.1339958012104034	0.09103663265705109	0.1677010953426361	0.09436839073896408	0.06870727241039276	0.1523866802453995	0.1772760003805161	0.1528702080249786	0.157469168305397	0.2173464000225067	0.1377836167812347	0.2463854104280472	0.1543530821800232	0.08392219990491867	0.07771078497171402	0.1655767261981964	0.07787345349788666	0.1221222877502441	0.1229315921664238	0.08400982618331909	0.1509487628936768	0.1584890931844711	0.1406374573707581	0.08645106852054596	0.1387938559055328	0.1800684332847595	0.1692931801080704	0.1107000559568405	0.1100243330001831	0.1499352306127548	0.06786760687828064	0.08049353212118149	0.1786417663097382	0.1227464750409126	0.1080605909228325	0.212394192814827	0.1396861225366592	0.1151238530874252	0.1099333912134171	0.08801106363534927	0.0877402201294899	0.09828419238328934	0.1434734314680099	0.1512744128704071	0.230491504073143	0.1776339113712311	0.1874169856309891	0.1591800451278687	0.2460199892520905	0.2347792536020279	0.1851377636194229	0.2456130534410477	0.1874627619981766	0.220987468957901	0.1456048637628555	0.2183090597391129	0.1546054035425186	0.1506805121898651	0.2632794976234436	0.1934572607278824	0.2601194381713867	0.1977441161870956	0.1751952022314072	0.1815893203020096	0.2271463423967361	0.1538526713848114	0.1762935221195221	0.2369860112667084	0.1656807065010071	0.1846965849399567	0.1973845511674881
S2014M_E5-1-C-M	0.1753257364034653	0.1481571346521378	0.223433643579483	0.2803022563457489	0.1879298537969589	0.2109786123037338	0.1652379482984543	0.1872627884149551	0.2314669191837311	0.1550252586603165	0.3034376502037048	0.1156422719359398	0.1329167485237122	0.2065091133117676	0.1566078513860703	0.2052406817674637	0.1150191351771355	0.1920706629753113	0.2334616482257843	0.2081567049026489	0.2412965893745422	0.2381079941987991	0.1879593133926392	0.125138446688652	0.1414065062999725	0.2112045735120773	0.2157457172870636	0.2252517640590668	0.1797995865345001	0.1832827031612396	0.1446705162525177	0.175589993596077	0.175589993596077	0.09222672134637833	0.1698541045188904	0.1904112696647644	0.1861095279455185	0.2362209856510162	0.2147080600261688	0.2332164645195007	0.1246666386723518	0.1584097743034363	0.1470686197280884	0.1037182956933975	0.1139781251549721	0.1103185415267944	0.1485387682914734	0.07932352274656296	0	0.2130260020494461	0.2104004472494125	0.2388565987348557	0.1995378285646439	0.2131290882825851	0.02266636118292809	0.03679153695702553	0.1006800457835197	0.04519981518387794	0.1148426458239555	0.1225056946277618	0.1304518580436707	0.1221873387694359	0.1390336900949478	0.1336637884378433	0.1300592571496964	0.09306211024522781	0.1367432922124863	0.1973607391119003	0.1861095279455185	0.08909902721643448	0.09521284699440002	0.2053485810756683	0.1272201091051102	0.213935598731041	0.1301209777593613	0.2257911264896393	0.1367565840482712	0.06606977432966232	0.04860657081007957	0.09142785519361496	0.1453872621059418	0.05568098276853561	0.04877989366650581	0.05230595171451569	0.08665473014116287	0.1001250743865967	0.09001509845256805	0.03371008485555649	0.09366253018379211	0.07719933241605759	0.08444222807884216	0.1210856288671494	0.05213368684053421	0.06739486008882523	0.07429223507642746	0.1480153352022171	0.1726828813552856	0.1601858884096146	0.04494524002075195	0.04863228276371956	0.1448801904916763	0.1448802053928375	0.1869722157716751	0.0805182084441185	0.08773504942655563	0.08444222807884216	0.09727446734905243	0.1700500845909119	0.1670534014701843	0.09428039938211441	0.05882943421602249	0.1617650985717773	0.05947224423289299	0.1557101309299469	0.07606620341539383	0.07634234428405762	0.1188996955752373	0.1688171327114105	0.04860013723373413	0.2172631025314331	0.2253760546445847	0.1268282681703568	0.05586908385157585	0.0738808661699295	0.0767025500535965	0.06239847466349602	0.1352037191390991	0.2256021052598953	0.140173077583313	0.1129300147294998	0.1973205655813217	0.2230991721153259	0.1979628205299377	0.2029459625482559	0.1524074375629425	0.06624309718608856	0.1840799450874329	0.08418738842010498	0.1276706159114838	0.1214942261576653	0.2089401483535767	0.1218103617429733	0.1655955761671066	0.166704386472702	0.1277555078268051	0.08223842829465866	0.2033744007349014	0.06958923488855362	0.1298063844442368	0.06859768182039261	0.1156384646892548	0.2137109041213989	0.1545525789260864	0.1535769701004028	0.1012594029307365	0.1319680064916611	0.1240336820483208	0.1131635829806328	0.1668695509433746	0.1507346928119659	0.1475110799074173	0.06906498968601227	0.1581931114196777	0.1656422317028046	0.1314739733934402	0.1519746482372284	0.1428762376308441	0.07291261851787567	0.1969823390245438	0.16468246281147	0.2223477512598038	0.2340767383575439	0.2061558663845062	0.1829738318920135	0.2821182906627655	0.2312815487384796	0.1825200468301773	0.2333239614963531	0.1541191190481186	0.1915229856967926	0.1509602218866348	0.2003712356090546	0.1962172240018845	0.2000413835048676	0.2400652766227722	0.197335809469223	0.2431920021772385	0.2192723006010056	0.2276770919561386	0.1620394736528397	0.2114344835281372	0.2225988507270813	0.1719764322042465	0.2309204041957855	0.2314669191837311	0.2434180378913879
S2014m_E5-2-A-M	0.1532116830348969	0.1604018956422806	0.08546037226915359	0.285114049911499	0.1599358916282654	0.09678619354963303	0.1641815602779388	0.1659653782844543	0.1219664961099625	0.1399941742420197	0.2027219235897064	0.1573967188596725	0.1623018383979797	0.09898992627859116	0.168331190943718	0.08230529725551605	0.1317149251699448	0.02892916463315487	0.04999923333525658	0.0298310574144125	0.03990178927779198	0.04329020157456398	0.05041980370879173	0.1376172304153442	0.1703499555587769	0.07547013461589813	0.09521041810512543	0.103613369166851	0.05095991864800453	0.0784338191151619	0.154548704624176	0.09090188145637512	0.09090188145637512	0.1740524470806122	0.08430434763431549	0.08647044003009796	0.1006345525383949	0.1081659123301506	0.07537845522165298	0.07556454092264175	0.1599527895450592	0.1755186170339584	0.1816321909427643	0.1449377089738846	0.1480367630720139	0.1510763764381409	0.1813775300979614	0.1487302035093307	0.2130260020494461	0	0.00370875233784318	0.04346254467964172	0.03287642821669579	0.01407061982899904	0.205171599984169	0.2155774235725403	0.1355301737785339	0.2008459120988846	0.1491296738386154	0.1871576011180878	0.1541125178337097	0.1759925186634064	0.1623294800519943	0.1684303283691406	0.1707899272441864	0.1369192600250244	0.1837571263313293	0.1067835092544556	0.1006345525383949	0.1653181612491608	0.1785417348146439	0.08242303878068924	0.16221983730793	0.08571634441614151	0.1649435758590698	0.1042737737298012	0.1773163229227066	0.1507683843374252	0.2307190895080566	0.2642018496990204	0.1512506604194641	0.224106952548027	0.2255544811487198	0.2221828401088715	0.2586984932422638	0.1312507688999176	0.2553497552871704	0.2100640386343002	0.2531788647174835	0.2465808987617493	0.2531628310680389	0.1544356793165207	0.233296737074852	0.2412507236003876	0.2463429123163223	0.1537817120552063	0.1716028898954391	0.1591493934392929	0.2214501649141312	0.2247925698757172	0.150689035654068	0.150689035654068	0.1858919262886047	0.2433007955551147	0.2498827427625656	0.2531628310680389	0.2676592171192169	0.1954378187656403	0.186151534318924	0.2604628205299377	0.2229776829481125	0.1934213787317276	0.2310302257537842	0.1488028168678284	0.2561272382736206	0.2511164247989655	0.1797006875276566	0.1940479576587677	0.2211535274982452	0.1303923577070236	0.1163865029811859	0.1820114552974701	0.2277569621801376	0.2441196441650391	0.250692218542099	0.232013076543808	0.1893685758113861	0.1252503991127014	0.1960742920637131	0.174341693520546	0.1095515117049217	0.1151443794369698	0.1165017858147621	0.09384174644947052	0.1580297499895096	0.2360625118017197	0.1830047219991684	0.2523746192455292	0.1817576438188553	0.1759510338306427	0.1589320003986359	0.1764382570981979	0.2173858880996704	0.218789204955101	0.1818346977233887	0.2411982119083405	0.1161914691329002	0.2327932268381119	0.1832721531391144	0.2354484349489212	0.2782971560955048	0.1681284010410309	0.2073580473661423	0.2117355912923813	0.2419769763946533	0.167232409119606	0.1838688552379608	0.2624363005161285	0.225016713142395	0.2023052573204041	0.1794650703668594	0.2369817495346069	0.2098842412233353	0.2174282819032669	0.1850141584873199	0.1867963671684265	0.1971765756607056	0.2410259693861008	0.08667203038930893	0.1636317521333694	0.1171250566840172	0.1251208037137985	0.08646626770496368	0.1683195233345032	0.1763242036104202	0.1233406737446785	0.2146288603544235	0.09858851879835129	0.153098076581955	0.08010319620370865	0.1568068265914917	0.09025775641202927	0.0866963267326355	0.2261390537023544	0.1318463832139969	0.1754054427146912	0.09142684936523438	0.1156004145741463	0.1264450699090958	0.1948155909776688	0.06868642568588257	0.1133704632520676	0.1776154339313507	0.1019476428627968	0.1219664961099625	0.102584220468998
S2014m_E5-2-B-M	0.1500594466924667	0.1573460549116135	0.08209361881017685	0.2825304865837097	0.1635496914386749	0.1003205850720406	0.1678903102874756	0.1629621237516403	0.1187704056501389	0.1368854194879532	0.1999470442533493	0.1546328961849213	0.1595901101827621	0.09582894295454025	0.1654128730297089	0.07902593910694122	0.1288259625434875	0.02531429566442966	0.05354741215705872	0.02624625340104103	0.04346253350377083	0.04683839902281761	0.04698831960558891	0.1344789415597916	0.1676901578903198	0.07904352247714996	0.09202279895544052	0.1004101485013962	0.04745228216052055	0.07512667775154114	0.1577653735876083	0.08761750906705856	0.08761750906705856	0.1713422983884811	0.08097205311059952	0.08319524675607681	0.09733747690916061	0.1049568131566048	0.07210025936365128	0.07227393984794617	0.1632121652364731	0.1787565648555756	0.1848701387643814	0.1418372690677643	0.1449588239192963	0.1480204164981842	0.1784622073173523	0.1459091305732727	0.2104004472494125	0.00370875233784318	0	0.04004436358809471	0.02930193766951561	0.01775298826396465	0.2025288939476013	0.2130035310983658	0.1323610097169876	0.1981516629457474	0.1460332721471786	0.1845858842134476	0.151347428560257	0.1733688414096832	0.1596179008483887	0.1657385379076004	0.1681133955717087	0.1402690708637238	0.1811226159334183	0.1103964522480965	0.09733747690916061	0.1686102300882339	0.1757919937372208	0.0860622450709343	0.1654579192399979	0.08246135711669922	0.1681711226701736	0.1010614931583405	0.1746610999107361	0.1479256749153137	0.2281339764595032	0.2617125809192657	0.1481027901172638	0.2274558246135712	0.2229344993829727	0.2255544811487198	0.2562077641487122	0.1283117532730103	0.2586985230445862	0.2134016454219818	0.2564161419868469	0.2441014796495438	0.2507050633430481	0.1513910293579102	0.2307289391756058	0.2387010604143143	0.2438274174928665	0.1574498564004898	0.1753116250038147	0.1628445237874985	0.2248104959726334	0.2281529009342194	0.1543705761432648	0.154370591044426	0.1894518584012985	0.2465809285640717	0.2531628608703613	0.2507050633430481	0.265296071767807	0.1925847083330154	0.1897103190422058	0.2580529153347015	0.2262469679117203	0.1905913501977921	0.2284913212060928	0.1457288861274719	0.2536191344261169	0.2485743761062622	0.177027553319931	0.1912100464105606	0.2185820043087006	0.1338768154382706	0.1131955161690712	0.1793106943368912	0.2252072393894196	0.2416239529848099	0.2482504099607468	0.2295023053884506	0.192616730928421	0.1221486553549767	0.1933637857437134	0.1716334521770477	0.1130359247326851	0.1119831725955009	0.1134125217795372	0.09060443192720413	0.1550109833478928	0.2335567772388458	0.1865772604942322	0.2499224096536636	0.1791085451841354	0.1732747256755829	0.1561644077301025	0.173754557967186	0.2149040699005127	0.2162960171699524	0.1791861057281494	0.2444042563438416	0.1196634098887444	0.2360625118017197	0.186468094587326	0.2386652380228043	0.2760517597198486	0.1714749932289124	0.2048121094703674	0.2092278599739075	0.2452462762594223	0.1645009070634842	0.1812437772750854	0.2600898444652557	0.2225319445133209	0.2054267078638077	0.1765858978033066	0.2345034033060074	0.2073946595191956	0.2149467319250107	0.1823964565992355	0.1841290295124054	0.1945432871580124	0.2385527342557907	0.08338319510221481	0.1673268526792526	0.1140522509813309	0.1219476833939552	0.09016139060258865	0.1719596236944199	0.173347532749176	0.1201955080032349	0.2118325084447861	0.09533092379570007	0.1568068265914917	0.07676680386066437	0.153668001294136	0.08698190748691559	0.09027017652988434	0.2297916263341904	0.128709003329277	0.1723358184099197	0.09501488506793976	0.1125661060214043	0.1233222037553787	0.1919282525777817	0.07228692620992661	0.1101662591099739	0.1745879203081131	0.09870219975709915	0.1187704056501389	0.1061980128288269
S2014m_E5-3-A-M	0.1840947717428207	0.1903673112392426	0.1184601038694382	0.3104550540447235	0.196104422211647	0.1008694693446159	0.2010929733514786	0.1954276114702225	0.1533071249723434	0.1704867482185364	0.2299789041280746	0.129717543721199	0.1349684745073318	0.06958766281604767	0.1325992345809937	0.04591716080904007	0.1545932590961456	0.06434494256973267	0.01378645841032267	0.06496266275644302	0.003560756333172321	0.007077446207404137	0.07782290130853653	0.1683914512395859	0.1432545632123947	0.04593528807163239	0.05933427810668945	0.06722574681043625	0.07894647866487503	0.1047547981142998	0.1277008950710297	0.1231176853179932	0.1231176927685738	0.2007310092449188	0.1169810444116592	0.1186058446764946	0.1329565197229385	0.07798377424478531	0.04574419930577278	0.04581230878829956	0.1327322423458099	0.1484269350767136	0.154520571231842	0.1753449290990829	0.1782279014587402	0.1810562461614609	0.2099893391132355	0.1764910221099854	0.2388565987348557	0.04346254467964172	0.04004436358809471	0	0.05457973852753639	0.04332222789525986	0.2311744838953018	0.2409147024154663	0.1665980368852615	0.2273422628641129	0.1794930547475815	0.1603661626577377	0.12653748691082	0.1490642577409744	0.1349969059228897	0.1410795301198959	0.1379123777151108	0.1658251136541367	0.150881826877594	0.1450120955705643	0.1329565197229385	0.1981895714998245	0.2055906802415848	0.1218731850385666	0.1351692974567413	0.04946352913975716	0.1379719972610474	0.06775683164596558	0.1444418579339981	0.1787318289279938	0.2561451494693756	0.2886790633201599	0.182095855474472	0.2553987205028534	0.2513173520565033	0.2537497580051422	0.2831966876983643	0.1601507812738419	0.285510241985321	0.2417606264352798	0.2311919182538986	0.2243377417325974	0.2308782786130905	0.1843039840459824	0.2585554718971252	0.2663279473781586	0.2710901200771332	0.1907156407833099	0.20821812748909	0.1961308270692825	0.2529415786266327	0.2561626732349396	0.1878751069307327	0.1878751218318939	0.1621878892183304	0.2268577814102173	0.2333770841360092	0.2308782786130905	0.2400979548692703	0.1718332320451736	0.1689153909683228	0.2326532602310181	0.2067810446023941	0.1637096256017685	0.2088129222393036	0.1250907629728317	0.2807927429676056	0.2761098146438599	0.1521335989236832	0.1642289906740189	0.1989985108375549	0.1075581759214401	0.09289788454771042	0.1601032912731171	0.2055602818727493	0.2218197733163834	0.2229112684726715	0.2041991055011749	0.1735924184322357	0.1021230071783066	0.222730278968811	0.1526235938072205	0.08685681968927383	0.08515374362468719	0.08713997155427933	0.06392142176628113	0.1277902871370316	0.2081456184387207	0.159236952662468	0.224408283829689	0.1543627232313156	0.1484872251749039	0.1311604976654053	0.1488817930221558	0.1904443651437759	0.1916725933551788	0.1544421464204788	0.2194958031177521	0.09353324770927429	0.2107181996107101	0.1619928330183029	0.2193929255008698	0.2570688426494598	0.14594966173172	0.1858842670917511	0.1847250163555145	0.2198443561792374	0.1395241916179657	0.1566445678472519	0.2352766096591949	0.1977569013834	0.1814048886299133	0.1497968286275864	0.2093322575092316	0.1831359267234802	0.1904880851507187	0.1636775135993958	0.1590288430452347	0.1693775653839111	0.2132749557495117	0.1189357116818428	0.2004347294569016	0.1473086327314377	0.1562406271696091	0.1263376921415329	0.204412430524826	0.2055214792490005	0.1541993468999863	0.2420733124017715	0.1305412948131561	0.1904517263174057	0.1128243282437325	0.1875588148832321	0.1223942115902901	0.1253006756305695	0.2600773572921753	0.162619948387146	0.2054790854454041	0.1299954652786255	0.1454219073057175	0.1570894122123718	0.223145380616188	0.1082657128572464	0.1447994560003281	0.2072896063327789	0.1337811946868896	0.1533071249723434	0.1409848630428314
S2014m_E5-3-B-M	0.1654702425003052	0.1446835845708847	0.09734385460615158	0.2718265950679779	0.1785084754228592	0.08719781786203384	0.1551452279090881	0.1778674423694611	0.1055267527699471	0.1518520563840866	0.1884582340717316	0.1432014405727386	0.1597905308008194	0.08273951709270477	0.1471477597951889	0.05884614586830139	0.1367949992418289	0.04074337333440781	0.05493040010333061	0.02539404295384884	0.05794615298509598	0.06127090379595757	0.06861910223960876	0.1214748695492744	0.1679455488920212	0.05886441469192505	0.0723661407828331	0.08061974495649338	0.02597261033952236	0.05478858202695847	0.1655527055263519	0.07400995492935181	0.07400995492935181	0.1601329147815704	0.06716404855251312	0.06962759792804718	0.08367352932691574	0.09166205674409866	0.09952742606401443	0.05864425748586655	0.1462313383817673	0.1735121011734009	0.1683595776557922	0.1289909332990646	0.1322065144777298	0.1353598833084106	0.1663868129253387	0.1342389434576035	0.1995378285646439	0.03287642821669579	0.02930193766951561	0.05457973852753639	0	0.01893766969442368	0.1915958374738693	0.2023577243089676	0.1192272305488586	0.1870028674602509	0.1332027763128281	0.1739552468061447	0.1514907479286194	0.1736621111631393	0.1598185151815414	0.1546074450016022	0.1513804048299789	0.1224179416894913	0.1646042466163635	0.09712789207696915	0.08367352932691574	0.157326266169548	0.1644150018692017	0.07233014702796936	0.1486268937587738	0.06242050975561142	0.1514402627944946	0.08121111243963242	0.1580371409654617	0.1361640095710754	0.2174373269081116	0.2514114081859589	0.1350542157888412	0.2167871296405792	0.212092250585556	0.2147857248783112	0.2459015697240829	0.1423201560974121	0.2484617084264755	0.2025758773088455	0.2464940398931503	0.2338457852602005	0.2405389398336411	0.138777419924736	0.2201045900583267	0.2281512171030045	0.2334201335906982	0.1446882039308548	0.1626801490783691	0.15006984770298	0.2140680104494095	0.217456728219986	0.1415147483348846	0.1415147632360458	0.1775424778461456	0.2363928407430649	0.243063747882843	0.2405389398336411	0.2555245757102966	0.1807678490877151	0.1778085678815842	0.2480865567922592	0.2158188372850418	0.1788724064826965	0.2179890275001526	0.1458428055047989	0.2432405203580856	0.238054022192955	0.1659724116325378	0.1794577240943909	0.2079448401927948	0.1214244738221169	0.09997493028640747	0.1681389212608337	0.2146602421998978	0.2313004434108734	0.2381519973278046	0.2191180884838104	0.1818066537380219	0.1093021482229233	0.1821476966142654	0.1604319661855698	0.100284107029438	0.0988885834813118	0.100620910525322	0.07719459384679794	0.1425055265426636	0.2231928706169128	0.1745826005935669	0.2397798001766205	0.1681541055440903	0.1622069776058197	0.1563434302806854	0.1626557856798172	0.2046447694301605	0.2059886753559113	0.168233796954155	0.2344204187393188	0.1070528253912926	0.2257667183876038	0.1757530719041824	0.228571355342865	0.2667727172374725	0.1600410044193268	0.1942856013774872	0.1988608986139297	0.2350742518901825	0.1532032191753387	0.1703897714614868	0.2609875798225403	0.2122586369514465	0.195208415389061	0.1646634638309479	0.2242544591426849	0.1971043795347214	0.204688549041748	0.1715732216835022	0.1730967611074448	0.1836518347263336	0.2283243983983994	0.06975793838500977	0.1546206921339035	0.1013298630714417	0.1088000610470772	0.07627765089273453	0.1870260387659073	0.1610147356987	0.1071663498878479	0.2002499103546143	0.1102996468544006	0.1438919603824615	0.06294265389442444	0.1406560391187668	0.07341041415929794	0.07685040682554245	0.2181759178638458	0.1157103776931763	0.1877433359622955	0.1226116865873337	0.1267748177051544	0.1103861704468727	0.1799672245979309	0.08720351755619049	0.09689077734947205	0.1620402485132217	0.08525583148002625	0.1055267527699471	0.1211649402976036
S2014m_E5-3-C-M	0.1533353924751282	0.1605218052864075	0.08559255301952362	0.285215437412262	0.1600555032491684	0.0969119518995285	0.164303719997406	0.1660832762718201	0.1220919266343117	0.1401161849498749	0.2028308510780334	0.1575052291154861	0.1735502332448959	0.09911400079727173	0.162425696849823	0.07601550966501236	0.1260059475898743	0.02907102182507515	0.03668750450015068	0.04358820244669914	0.03976146876811981	0.0431503988802433	0.05722561478614807	0.1377404183149338	0.1814415901899338	0.06913590431213379	0.08905013650655746	0.09739190340042114	0.04435063526034355	0.07210495322942734	0.1490776091814041	0.09103080630302429	0.09103081375360489	0.1741588711738586	0.08443515002727509	0.08659900724887848	0.1007639691233635	0.108291856944561	0.08827589452266693	0.07569371163845062	0.1544246673583984	0.1812400221824646	0.176203727722168	0.1450593918561935	0.1481576263904572	0.1511963456869125	0.1814919710159302	0.148840993642807	0.2131290882825851	0.01407061982899904	0.01775298826396465	0.04332222789525986	0.01893766969442368	0	0.2052754312753677	0.2156785279512405	0.1356545686721802	0.2009517401456833	0.1492512077093124	0.1872585862874985	0.1655213683843613	0.1869748383760452	0.1735773086547852	0.1685360223054886	0.1653646528720856	0.1311678737401962	0.1783697456121445	0.1069106459617615	0.1007639691233635	0.1654264181852341	0.1786497086286545	0.08255458623170853	0.1567345708608627	0.07946088910102844	0.1594841033220291	0.09803224354982376	0.171910434961319	0.150879979133606	0.2308205515146255	0.2642995715141296	0.1513741910457611	0.22420933842659	0.2256573438644409	0.2222861498594284	0.2587963342666626	0.1313661634922028	0.255448043346405	0.2101678848266602	0.2532741129398346	0.2466782629489899	0.2532593309879303	0.1545551717281342	0.233397513628006	0.2413508147001266	0.246441662311554	0.1539039760828018	0.1717238873243332	0.1592717617750168	0.2215531915426254	0.2248951494693756	0.150812178850174	0.1508121937513351	0.186006098985672	0.2433985769748688	0.2499796599149704	0.2532593309879303	0.2677519619464874	0.195549800992012	0.1862656027078629	0.2605574429035187	0.2230777144432068	0.1935324519872665	0.231129914522171	0.1614308208227158	0.2562256455421448	0.2512162029743195	0.1798056215047836	0.1941593289375305	0.2212544977664948	0.1305117160081863	0.116511732339859	0.1821174919605255	0.2278570532798767	0.244217649102211	0.2507880628108978	0.2321116477251053	0.1894722878932953	0.125372126698494	0.196180671453476	0.1744480282068253	0.1096737310290337	0.1152684465050697	0.1166230440139771	0.09396880120038986	0.1581482291221619	0.2361609041690826	0.1831196546554565	0.2524709105491638	0.181861624121666	0.1760561168193817	0.170385479927063	0.1765436232089996	0.2174833565950394	0.2188870906829834	0.1819386929273605	0.2412940412759781	0.1163123399019241	0.2328920364379883	0.1833749562501907	0.2355453073978424	0.2783853709697723	0.1682380586862564	0.2074580043554306	0.2118340581655502	0.2420746237039566	0.1673396378755569	0.1839718967676163	0.2728833854198456	0.2251142561435699	0.2024033218622208	0.1795780956745148	0.2370790392160416	0.2099820077419281	0.2175257056951523	0.1851169466972351	0.1869010925292969	0.1972799450159073	0.2411230802536011	0.08680109679698944	0.1637534946203232	0.117245689034462	0.1252453327178955	0.08659925311803818	0.1684387922286987	0.1764410436153412	0.1234641075134277	0.2147386223077774	0.09871638566255569	0.1532218307256699	0.08023413270711899	0.1569300293922424	0.09038633108139038	0.08682489395141602	0.2262503951787949	0.1319695115089417	0.175525888800621	0.104413777589798	0.1157195195555687	0.1265676468610764	0.1949289590120316	0.06881854683160782	0.1134962067008018	0.1777342557907104	0.1020750105381012	0.1220919266343117	0.102711983025074
S2014m_E7-1-A-M	0.1878651231527328	0.1397476643323898	0.2344111651182175	0.2910902798175812	0.1999263167381287	0.2218685001134872	0.1780752092599869	0.1992273032665253	0.2423684597015381	0.1609104126691818	0.3129147887229919	0.1143220439553261	0.1191099360585213	0.1866465061903	0.1484705656766891	0.2033241391181946	0.113702155649662	0.1840807795524597	0.2314302772283554	0.2002373784780502	0.2336310297250748	0.2360589653253555	0.1738621592521667	0.1028468608856201	0.1277348548173904	0.2033382803201675	0.2018935084342957	0.2232011258602142	0.1779980510473251	0.1690419316291809	0.1432045698165894	0.1748364418745041	0.1748364418745041	0.09209684282541275	0.169138491153717	0.1700093597173691	0.1978969722986221	0.228218212723732	0.2069346904754639	0.2136940211057663	0.1232946142554283	0.1508464366197586	0.1455571204423904	0.1103964820504189	0.1136656999588013	0.1168718859553337	0.1479597836732864	0.06489021331071854	0.02266636118292809	0.205171599984169	0.2025288939476013	0.2311744838953018	0.1915958374738693	0.2052754312753677	0	0.01450485642999411	0.1145609393715858	0.02261588349938393	0.1145210117101669	0.1087493523955345	0.1229098960757256	0.108425997197628	0.1191395297646523	0.1136274337768555	0.1162069514393806	0.09885551780462265	0.1418790370225906	0.2088268399238586	0.1978969722986221	0.08899198472499847	0.1083167269825935	0.2165892124176025	0.1133226007223129	0.2060871720314026	0.1287264674901962	0.2242134064435959	0.1353182196617126	0.07959572970867157	0.07019101083278656	0.1054005697369576	0.158530130982399	0.05583252012729645	0.06340845674276352	0.06682708114385605	0.1005971059203148	0.1129324659705162	0.1038558408617973	0.05541525781154633	0.1069528236985207	0.0909731462597847	0.09810794144868851	0.1274915635585785	0.07357325404882431	0.0816328227519989	0.07429566234350204	0.1676510274410248	0.1854056864976883	0.173054039478302	0.06659825146198273	0.07021566480398178	0.1646459847688675	0.1646459847688675	0.1989793926477432	0.09419385343790054	0.101303368806839	0.09810794144868851	0.1170535311102867	0.1823937743902206	0.1794857680797577	0.1076561734080315	0.07277789711952209	0.167550265789032	0.07356040924787521	0.1682719886302948	0.09720839560031891	0.09059888124465942	0.1373352706432343	0.1810921281576157	0.06285115331411362	0.2338434904813766	0.2362833172082901	0.1391231566667557	0.07001122087240219	0.08775319904088974	0.09706856310367584	0.07629397511482239	0.1532992720603943	0.2245060801506042	0.1525404304265976	0.1315916478633881	0.214240163564682	0.233929455280304	0.214927077293396	0.2140572071075439	0.1650134921073914	0.08013065904378891	0.1961721032857895	0.09780804067850113	0.1397111564874649	0.1336590945720673	0.2194298803806305	0.1340120881795883	0.1768731027841568	0.1780399680137634	0.1397937387228012	0.09555625915527344	0.2201343327760696	0.08337816596031189	0.1476975828409195	0.08882731944322586	0.1343361884355545	0.2243724763393402	0.1661285161972046	0.1709863543510437	0.09329544752836227	0.1243472695350647	0.1421394646167755	0.1258434951305389	0.184192419052124	0.1678583770990372	0.1665164530277252	0.08276504278182983	0.1694967746734619	0.1649998426437378	0.1433659195899963	0.1442857384681702	0.1548646688461304	0.08660394698381424	0.2082592695951462	0.1774816364049911	0.2329282462596893	0.2449048608541489	0.2175745069980621	0.2016043961048126	0.2922333180904388	0.2420398890972137	0.1947738230228424	0.2439796775579453	0.1671273708343506	0.2029526829719543	0.1640650629997253	0.2116003632545471	0.2074657678604126	0.2123434394598007	0.2507727742195129	0.209540531039238	0.2535769641399384	0.2297549992799759	0.2384873181581497	0.1746900677680969	0.2104442864656448	0.2335526049137115	0.1846171170473099	0.2229037284851074	0.2423684597015381	0.2539332807064056
S2014m_E7-1-B-F	0.1994722932577133	0.1521367579698563	0.2445938587188721	0.3010805249214172	0.2110403478145599	0.2319765239953995	0.1899540573358536	0.2103127986192703	0.2524796426296234	0.1726517081260681	0.3217147886753082	0.1259796470403671	0.1305568814277649	0.1973157823085785	0.1602988541126251	0.2137780487537384	0.125375971198082	0.1950423419475555	0.2411640733480453	0.2108152061700821	0.2433095127344131	0.2456766366958618	0.1848203986883163	0.1158599406480789	0.138960212469101	0.2137917876243591	0.2122983634471893	0.2333942055702209	0.1891225278377533	0.180174931883812	0.1541189253330231	0.1736456006765366	0.1736456006765366	0.07847447693347931	0.1804567873477936	0.1811590939760208	0.2088235020637512	0.2384099513292313	0.2172043323516846	0.223878800868988	0.1347610652446747	0.1618119031190872	0.1566587537527084	0.1232537180185318	0.112841360270977	0.1160273179411888	0.1335594207048416	0.07758564502000809	0.03679153695702553	0.2155774235725403	0.2130035310983658	0.2409147024154663	0.2023577243089676	0.2156785279512405	0.01450485642999411	0	0.1274040937423706	0.03679269552230835	0.1273647546768188	0.1080407351255417	0.1343439817428589	0.1199741289019585	0.1305857300758362	0.1252164095640182	0.1277289986610413	0.1109694391489029	0.1529927104711533	0.2074141055345535	0.2088235020637512	0.08838789165019989	0.1204635575413704	0.2270156890153885	0.1249194741249084	0.2164691537618637	0.1400103867053986	0.2344265282154083	0.1465165019035339	0.09213381260633469	0.08353348821401596	0.1183300837874413	0.1706917881965637	0.06942935287952423	0.07694488018751144	0.0802655816078186	0.1135014519095421	0.1248102933168411	0.1166675016283989	0.06887164711952209	0.1192680820822716	0.1037299707531929	0.1107646375894547	0.1399669051170349	0.08681954443454742	0.09481069445610046	0.08757880330085754	0.1795523464679718	0.1971785724163055	0.1849627792835236	0.07999194413423538	0.08355744928121567	0.1766327768564224	0.1766327619552612	0.210103452205658	0.1068610623478889	0.1138711497187614	0.1107646375894547	0.1291876286268234	0.1938272565603256	0.1910001337528229	0.1200481131672859	0.08569910377264023	0.1791509389877319	0.08660698682069778	0.1799073964357376	0.1102094501256943	0.1037896201014519	0.1486157923936844	0.1924642771482468	0.07604853808879852	0.2437647730112076	0.24640192091465	0.1505290567874908	0.08310777693986893	0.1005998998880386	0.1096079349517822	0.08916611224412918	0.1643350273370743	0.234712153673172	0.1640067845582962	0.1430218517780304	0.224415197968483	0.2439793944358826	0.2251261919736862	0.2243678271770477	0.1766899526119232	0.09299410879611969	0.2073736786842346	0.1104242950677872	0.1387977302074432	0.1449495255947113	0.2291767597198486	0.1453357338905334	0.1873467862606049	0.1885656714439392	0.1509676426649094	0.09489966928958893	0.230199471116066	0.09615157544612885	0.1586274057626724	0.08821475505828857	0.1457803994417191	0.234273225069046	0.1768755912780762	0.1815687417984009	0.1059306561946869	0.135872557759285	0.1532113701105118	0.1376015990972519	0.1946878284215927	0.178280383348465	0.1780512034893036	0.09545869380235672	0.179996520280838	0.175692543387413	0.1544063687324524	0.1555486023426056	0.1659882813692093	0.09928825497627258	0.2187215983867645	0.1893265396356583	0.2427527606487274	0.2549489438533783	0.2281611561775208	0.2128141969442368	0.3016168177127838	0.2520219385623932	0.2061213403940201	0.2538683414459229	0.1791644543409348	0.213554784655571	0.1761901825666428	0.222018375992775	0.2179027050733566	0.2237270325422287	0.260705828666687	0.220837876200676	0.2632178068161011	0.239492192864418	0.2485175430774689	0.1864026188850403	0.2208051383495331	0.2437141239643097	0.1963166296482086	0.2332063466310501	0.2524796426296234	0.263691633939743
S2014m_E7-1-B-M	0.08455048501491547	0.05478956177830696	0.1446696519851685	0.202345997095108	0.101397916674614	0.133059024810791	0.07217172533273697	0.1009987369179726	0.1532167345285416	0.07221550494432449	0.2357369810342789	0.2060791254043579	0.2215870767831802	0.1495116800069809	0.06785678863525391	0.1333148628473282	0.2055197060108185	0.1101780608296394	0.166902631521225	0.1292867660522461	0.1695224046707153	0.1724109202623367	0.1140491962432861	0.02926381677389145	0.2292086333036423	0.1333318203687668	0.1458441317081451	0.1552286744117737	0.1028406843543053	0.1295541971921921	0.2321388423442841	0.09098900854587555	0.09098900854587555	0.1784455478191376	0.08401047438383102	0.1089750826358795	0.1012904644012451	0.1602792888879776	0.1383171230554581	0.1591433733701706	0.214519664645195	0.2410764247179031	0.2363175898790359	0.01235352642834187	0.01641504839062691	0.02039477042853832	0.0562899149954319	0.1720172613859177	0.1006800457835197	0.1355301737785339	0.1323610097169876	0.1665980368852615	0.1192272305488586	0.1356545686721802	0.1145609393715858	0.1274040937423706	0	0.1371768116950989	0.0165714081376791	0.2108518779277802	0.2138288766145706	0.2105655521154404	0.2216131985187531	0.2167423516511917	0.2190217673778534	0.1858080625534058	0.2260174602270126	0.1149892210960388	0.1012904644012451	0.1756051927804947	0.1832656115293503	0.1246908083558083	0.2164729833602905	0.1366275548934937	0.2190771996974945	0.1487728208303452	0.2257109433412552	0.1540207117795944	0.1485441923141479	0.1850191503763199	0.05010504275560379	0.1480980664491653	0.142212763428688	0.1454042494297028	0.1795240193605423	0.1866450011730194	0.1825537979602814	0.1328997910022736	0.1828300803899765	0.1679330766201019	0.1752020716667175	0.05693426355719566	0.1517008244991302	0.1602035909891129	0.1664372980594635	0.0617116317152977	0.08044669032096863	0.06693919003009796	0.1448801606893539	0.1485671997070312	0.05789120495319366	0.05789121612906456	0.1003660261631012	0.1709363758563995	0.1781791150569916	0.1752020716667175	0.1928470879793167	0.104223720729351	0.1006843969225883	0.184096559882164	0.1488423347473145	0.1030501127243042	0.1504693627357483	0.06502001732587814	0.1763729453086853	0.170225664973259	0.2096945196390152	0.1033902242779732	0.1395579278469086	0.1673400700092316	0.1471520364284515	0.2125003784894943	0.1468531638383865	0.1649300754070282	0.1733144521713257	0.1524237245321274	0.2256941646337509	0.1557944566011429	0.2277674078941345	0.2043399810791016	0.1457511633634567	0.1455175131559372	0.1462598443031311	0.1233517974615097	0.06140278652310371	0.1566070765256882	0.09682340919971466	0.1746157705783844	0.2116249799728394	0.2057031244039536	0.2000336796045303	0.2063109427690506	0.2478974163532257	0.2495525032281876	0.2117019593715668	0.1704215109348297	0.1524942517280579	0.1596402078866959	0.2187947928905487	0.163845419883728	0.2074630558490753	0.204862117767334	0.2379108071327209	0.2421448975801468	0.1904057264328003	0.2161695510149002	0.2136124074459076	0.2001339048147202	0.2561526596546173	0.2375829070806503	0.08752398937940598	0.1584715396165848	0.2399273216724396	0.2479396015405655	0.2147560715675354	0.2362429648637772	0.2280209958553314	0.1626526266336441	0.1161322444677353	0.07193578779697418	0.1467650830745697	0.1563839763402939	0.124058373272419	0.1101070418953896	0.2095701843500137	0.1541804671287537	0.09397248178720474	0.1570197343826294	0.05981327220797539	0.1095136776566505	0.05590912327170372	0.1198638752102852	0.1230177134275436	0.1108553186058998	0.1632683277130127	0.1089832857251167	0.1689344793558121	0.1444984972476959	0.1502028107643127	0.07054238021373749	0.1332483291625977	0.1440354287624359	0.08042141050100327	0.1541130393743515	0.1532167345285416	0.1681196987628937
S2014m_E7-1-C-F	0.1693588942289352	0.1486396193504333	0.2182183861732483	0.2751704454421997	0.1822250336408615	0.217807948589325	0.1591278165578842	0.181573674082756	0.2262873947620392	0.1422050595283508	0.2989387810230255	0.1087003201246262	0.1136278882622719	0.1820535659790039	0.1701152175664902	0.1989624202251434	0.1080677583813667	0.1793370544910431	0.2276027947664261	0.1957966089248657	0.2298442274332047	0.2323168069124222	0.194517970085144	0.111529640853405	0.1224252209067345	0.1989768445491791	0.1975409984588623	0.2191168367862701	0.1731307804584503	0.1640971153974533	0.1381597071886063	0.1834220886230469	0.1834220886230469	0.1000547334551811	0.1777440905570984	0.178499236702919	0.2067030370235443	0.2120149433612823	0.2153568714857101	0.1975125670433044	0.1178342401981354	0.1458353698253632	0.1404413431882858	0.1329299360513687	0.1361163556575775	0.1392413377761841	0.1700870543718338	0.08603854477405548	0.04519981518387794	0.2008459120988846	0.1981516629457474	0.2273422628641129	0.1870028674602509	0.2009517401456833	0.02261588349938393	0.03679269552230835	0.1371768116950989	0	0.1232905611395836	0.1289057731628418	0.1174625232815742	0.1285897344350815	0.11365807056427	0.108034573495388	0.1106663346290588	0.09288930892944336	0.1367294639348984	0.2175872325897217	0.2067030370235443	0.09695584326982498	0.1164983361959457	0.2253159135580063	0.1077235117554665	0.2017792463302612	0.1233957931399345	0.2201296240091324	0.1300784349441528	0.1008166149258614	0.06337154656648636	0.08477726578712463	0.1530220657587051	0.04876748099923134	0.05643392726778984	0.05993090942502022	0.08001970499753952	0.1071909964084625	0.08342897146940231	0.04842221736907959	0.1009469479322433	0.08461921662092209	0.0779421329498291	0.1215709149837494	0.06683053821325302	0.07498867809772491	0.06753923743963242	0.1623426228761673	0.1666272580623627	0.1677894443273544	0.05972398445010185	0.06339675933122635	0.1592721343040466	0.1592721492052078	0.181262344121933	0.08791077136993408	0.08128179609775543	0.0779421329498291	0.09773510694503784	0.1641792804002762	0.1611399799585342	0.08791974186897278	0.06619948893785477	0.1623789966106415	0.05277069658041	0.1497355252504349	0.07647384703159332	0.06955607235431671	0.1194072514772415	0.176139771938324	0.05605225265026093	0.2299608886241913	0.2201945781707764	0.1338129341602325	0.04914186149835587	0.08132807165384293	0.0908728688955307	0.0697677955031395	0.1482742428779602	0.2204277068376541	0.134295329451561	0.1134215593338013	0.2100876867771149	0.2299958914518356	0.2107702195644379	0.2098463177680969	0.1597859412431717	0.05963803455233574	0.1783292591571808	0.07770925015211105	0.1345153450965881	0.1283624172210693	0.2154984027147293	0.1287021040916443	0.1722894012928009	0.1613233238458633	0.1345995515584946	0.08944810926914215	0.2160769253969193	0.06303158402442932	0.1426793038845062	0.08259855210781097	0.128970593214035	0.2204182147979736	0.1613369137048721	0.1663076877593994	0.07316900789737701	0.1060260385274887	0.1370117366313934	0.1202600672841072	0.1796566992998123	0.1632286310195923	0.1481475830078125	0.076380655169487	0.1528285592794418	0.1602243632078171	0.1382624059915543	0.1263816952705383	0.1371819376945496	0.06640190631151199	0.2039353996515274	0.1585909724235535	0.2290767580270767	0.2289324700832367	0.2007290422916412	0.1837435364723206	0.2773130536079407	0.226171463727951	0.2038677334785461	0.2282634228467941	0.1479275971651077	0.1985243111848831	0.1447222083806992	0.2073235362768173	0.2031459510326385	0.2218050211668015	0.2349786758422852	0.1915282160043716	0.2382612973451614	0.2494285851716995	0.22878098487854	0.1837035119533539	0.2061818242073059	0.2173952609300613	0.1659608483314514	0.2065220922231674	0.2262873947620392	0.238424226641655
S2014m_E7-1-C-M	0.0845910832285881	0.05483128875494003	0.1447046101093292	0.2023808211088181	0.101436510682106	0.1467152088880539	0.07221341133117676	0.1010371968150139	0.1532514542341232	0.0567559041082859	0.2357669174671173	0.2181019634008408	0.2215513586997986	0.1494726240634918	0.08291102200746536	0.1469652056694031	0.2175547331571579	0.1243642121553421	0.1797908246517181	0.1430872976779938	0.1823519468307495	0.1851759105920792	0.1140092238783836	0.01301244553178549	0.2291732728481293	0.1469817459583282	0.1458049118518829	0.1687183082103729	0.117198646068573	0.1295142620801926	0.243600144982338	0.07625403255224228	0.07625403255224228	0.1657460331916809	0.06910737603902817	0.09466954320669174	0.1013282015919685	0.1603129059076309	0.1383508890867233	0.1457722932100296	0.2264090031385422	0.2526382207870483	0.2479829043149948	0.01230896357446909	0.01637069508433342	0.02035057172179222	0.05624627321958542	0.1719799488782883	0.1148426458239555	0.1491296738386154	0.1460332721471786	0.1794930547475815	0.1332027763128281	0.1492512077093124	0.1145210117101669	0.1273647546768188	0.0165714081376791	0.1232905611395836	0	0.210816279053688	0.2256835699081421	0.2105299532413483	0.2215775102376938	0.2167064100503922	0.2189859747886658	0.1982755064964294	0.2377544492483139	0.1150258257985115	0.1013282015919685	0.1628416627645493	0.1832967847585678	0.1247266083955765	0.2164370268583298	0.1502018719911575	0.2308185249567032	0.1624124944210052	0.237408235669136	0.1669738292694092	0.1622478067874908	0.185052216053009	0.06619437783956528	0.1480579376220703	0.1560648679733276	0.1591814160346985	0.1795570403337479	0.1991461515426636	0.1825865656137466	0.1466168612241745	0.1957414746284485	0.1811862289905548	0.1752344965934753	0.05689077824354172	0.1653306782245636	0.1738201975822449	0.1663973331451416	0.07751110196113586	0.08048797398805618	0.08282408863306046	0.158610612154007	0.1622702926397324	0.07378583401441574	0.07378584891557693	0.1004046127200127	0.184120312333107	0.1782113164663315	0.1752344965934753	0.1928781419992447	0.1042619869112968	0.1007229536771774	0.1841283142566681	0.1621380299329758	0.1030078530311584	0.1505028754472733	0.06506045907735825	0.17640620470047	0.170259416103363	0.2097233831882477	0.1181677132844925	0.1530651748180389	0.1805501133203506	0.1471867114305496	0.2246899604797363	0.1468868404626846	0.1782525777816772	0.1863875091075897	0.165693536400795	0.2375921756029129	0.1557545214891434	0.2277966141700745	0.2043692767620087	0.1591171324253082	0.1592330783605576	0.1596701890230179	0.1372317671775818	0.07681176066398621	0.1566401273012161	0.0968623161315918	0.1746481209993362	0.2235772609710693	0.2177341282367706	0.2121884077787399	0.2183791548013687	0.2593604624271393	0.2495793104171753	0.223652571439743	0.1832846105098724	0.1657624542713165	0.1596729904413223	0.2305422276258469	0.1768022626638412	0.219659686088562	0.2172749936580658	0.2495914399623871	0.2536834478378296	0.1904369741678238	0.2161981016397476	0.2254717499017715	0.2125994712114334	0.2676907777786255	0.2489283084869385	0.08756251633167267	0.1716040819883347	0.2399542033672333	0.2479040175676346	0.2265906780958176	0.2362707704305649	0.2280493825674057	0.1626852005720139	0.1301796585321426	0.07197731733322144	0.1601080000400543	0.1564184278249741	0.1240948885679245	0.1101455539464951	0.2096023559570312	0.1542146503925323	0.09401201456785202	0.157053530216217	0.05985552445054054	0.1237153559923172	0.05595169961452484	0.1338831335306168	0.1369054168462753	0.1108952388167381	0.1633023917675018	0.1090228036046028	0.1689673364162445	0.1576641201972961	0.1502371579408646	0.0705832839012146	0.133208379149437	0.1440702676773071	0.08046238124370575	0.1541470587253571	0.1532514542341232	0.1681530624628067
S2014m_E7-2-A-F	0.275011420249939	0.2326974868774414	0.2146871984004974	0.3661957383155823	0.2835915684700012	0.173320859670639	0.2671670913696289	0.2827041745185852	0.2221883237361908	0.2436969727277756	0.2901852428913116	0.036698367446661	0.04239306598901749	0.1142215207219124	0.1785775125026703	0.1244734674692154	0.08796703815460205	0.1666563153266907	0.1548707783222198	0.1822857558727264	0.1629982590675354	0.1598801761865616	0.1512767672538757	0.2004117071628571	0.03248041495680809	0.1305633336305618	0.1235750764608383	0.1440233588218689	0.1547767519950867	0.1464603096246719	0.05501030385494232	0.1577532440423965	0.1456702053546906	0.06670483946800232	0.1522290706634521	0.1532825827598572	0.1795449703931808	0.1544895619153976	0.135039821267128	0.1416491270065308	0.04601335152983665	0.08023369312286377	0.06842078268527985	0.2009811699390411	0.2094259262084961	0.2061876803636551	0.22742860019207	0.04690266400575638	0.1225056946277618	0.1871576011180878	0.1845858842134476	0.1603661626577377	0.1739552468061447	0.1872585862874985	0.1087493523955345	0.1080407351255417	0.2108518779277802	0.1289057731628418	0.210816279053688	0	0.03921803832054138	0.01267650723457336	0.02941308543086052	0.02339912764728069	0.0329478420317173	0.07325015217065811	0.05883247405290604	0.1901713609695435	0.1795449703931808	0.06365187466144562	0.09445825219154358	0.1977270394563675	0.03620492294430733	0.1210504621267319	0.05211076140403748	0.1507894247770309	0.05859700590372086	0.06717795878648758	0.1644028276205063	0.2023721784353256	0.2497426718473434	0.1578439623117447	0.1649318933486938	0.1676506251096725	0.1974470168352127	0.09907402098178864	0.2000427395105362	0.1505456566810608	0.1458881199359894	0.1378955245018005	0.1444498300552368	0.2154105752706528	0.16712486743927	0.180534616112709	0.1739875972270966	0.2513757944107056	0.2737029492855072	0.2624004185199738	0.1611843854188919	0.1644226759672165	0.2489563077688217	0.2489562779664993	0.2310308218002319	0.1407022774219513	0.147235244512558	0.1444498300552368	0.1491714715957642	0.2217486351728439	0.2192058116197586	0.1467925012111664	0.1208653226494789	0.1963115483522415	0.122056744992733	0.2087864726781845	0.1888849288225174	0.1894956529140472	0.05983958393335342	0.2145306169986725	0.1122216358780861	0.1555301249027252	0.1681661456823349	0.07324434071779251	0.1187972575426102	0.1350910514593124	0.1309948116540909	0.1179990768432617	0.08200835436582565	0.1571087390184402	0.1365682929754257	0.06003081426024437	0.1362460106611252	0.1605695337057114	0.1366694420576096	0.1410874873399734	0.1999261528253555	0.1216723322868347	0.2285456508398056	0.1379691809415817	0.05635105818510056	0.06273579597473145	0.1498526483774185	0.06284599751234055	0.1067925170063972	0.1074914187192917	0.06898109614849091	0.1229923516511917	0.1423031389713287	0.1245318204164505	0.07152669876813889	0.1168543696403503	0.1697541028261185	0.1531620174646378	0.1014219000935555	0.09479079395532608	0.1336771100759506	0.05290659517049789	0.06556985527276993	0.1624580770730972	0.1071886867284775	0.0931442528963089	0.1951679289340973	0.1237001121044159	0.1000024005770683	0.09470130503177643	0.07916955649852753	0.07245226949453354	0.0828227624297142	0.1273737102746964	0.1899323612451553	0.2663491070270538	0.2139793187379837	0.2246646136045456	0.1983608901500702	0.2804654836654663	0.2697445154190063	0.2221324443817139	0.2800832986831665	0.22410948574543	0.2574059069156647	0.1847690939903259	0.2549724280834198	0.1931110024452209	0.1892378628253937	0.2977207899093628	0.230310246348381	0.2943609356880188	0.2334896624088287	0.2111916393041611	0.2187498360872269	0.2626860439777374	0.1921346485614777	0.2139313220977783	0.272424191236496	0.2038030326366425	0.2221883237361908	0.2335832715034485
S2014m_E7-2-A-M	0.255116194486618	0.2359518110752106	0.1933495253324509	0.3490291833877563	0.2644459307193756	0.1510036289691925	0.2468467801809311	0.26359623670578	0.2009831815958023	0.2405999004840851	0.2716065347194672	0.01654250174760818	0.02346561104059219	0.1025508791208267	0.1870397925376892	0.1065149232745171	0.07580618560314178	0.1437875777482986	0.138263151049614	0.1487400829792023	0.1293656527996063	0.1321605741977692	0.160089448094368	0.2152069211006165	0.01983050443232059	0.1065308824181557	0.1183331310749054	0.1265401393175125	0.1375549733638763	0.1416309922933578	0.03582122549414635	0.1721579730510712	0.1721579730510712	0.09299503266811371	0.1666906625032425	0.1675569862127304	0.1820939183235168	0.130965992808342	0.1253982037305832	0.1306889206171036	0.02621345035731792	0.04304006695747375	0.049293402582407	0.221617117524147	0.2241860777139664	0.2267074286937714	0.2535988986492157	0.06697922199964523	0.1304518580436707	0.1541125178337097	0.151347428560257	0.12653748691082	0.1514907479286194	0.1655213683843613	0.1229098960757256	0.1343439817428589	0.2138288766145706	0.1174625232815742	0.2256835699081421	0.03921803832054138	0	0.02671567536890507	0.01003841776400805	0.01634305901825428	0.03258620202541351	0.06053442135453224	0.04590329527854919	0.1928302347660065	0.1820939183235168	0.0900271087884903	0.09584388136863708	0.2004617303609848	0.02942673303186893	0.09667348861694336	0.03265488520264626	0.1272372305393219	0.03929711505770683	0.06819060444831848	0.1474747359752655	0.1802547425031662	0.2289387881755829	0.1470769047737122	0.1417762637138367	0.1446476131677628	0.1753436923027039	0.07443194836378098	0.1780841052532196	0.1333981156349182	0.122520849108696	0.1139902025461197	0.1207262575626373	0.2117609679698944	0.1503189504146576	0.1579632163047791	0.1635900139808655	0.2366041392087936	0.2535639107227325	0.2420159429311752	0.1441786885261536	0.147495448589325	0.2340771108865738	0.2340770959854126	0.2098504602909088	0.1169545203447342	0.1236680224537849	0.1207262575626373	0.1320482343435287	0.2002412080764771	0.1975556463003159	0.1232925131917	0.09665095061063766	0.1923046708106995	0.09763083606958389	0.1753660589456558	0.1724957078695297	0.1669459939002991	0.04037877917289734	0.1928963512182236	0.08752208948135376	0.1385574489831924	0.1450230777263641	0.04746038466691971	0.0942806601524353	0.1110277697443962	0.1132579073309898	0.09362472593784332	0.06320983171463013	0.1463277637958527	0.1127068698406219	0.04050957411527634	0.1188109815120697	0.1373716294765472	0.1191868633031845	0.1173512041568756	0.1777416318655014	0.09731802344322205	0.2072262912988663	0.1140667572617531	0.04341793805360794	0.03700856119394302	0.1161813586950302	0.03703386336565018	0.08286593109369278	0.08342745155096054	0.04351041465997696	0.1115555688738823	0.1250720322132111	0.1003380045294762	0.05272690951824188	0.1114333346486092	0.1537841260433197	0.1304037272930145	0.07711469382047653	0.07662889361381531	0.1097360402345657	0.02664553932845592	0.04650415852665901	0.1286449581384659	0.08917698264122009	0.07529350370168686	0.1790397614240646	0.09964413940906525	0.07605164498090744	0.08291688561439514	0.05426040664315224	0.04673317074775696	0.0573912225663662	0.1033388748764992	0.1680632382631302	0.246073842048645	0.1934057772159576	0.2035961300134659	0.176206573843956	0.2666327953338623	0.2499656826257706	0.2012028694152832	0.2839043140411377	0.2033739387989044	0.2368149757385254	0.1626165062189102	0.2342444658279419	0.1713280826807022	0.1674241721630096	0.301871657371521	0.2094636112451553	0.2749966979026794	0.2023986726999283	0.2139634191989899	0.2037810981273651	0.2662986516952515	0.1823773682117462	0.1926407366991043	0.2523847222328186	0.1822383403778076	0.2009831815958023	0.2131012082099915
S2014m_E7-2-B-F	0.2747519016265869	0.2324209064245224	0.2144087851047516	0.3659716844558716	0.2833416759967804	0.1730296015739441	0.2669020295143127	0.2824546992778778	0.2219116538763046	0.2434305399656296	0.2899426221847534	0.0363488681614399	0.02999407798051834	0.1139022633433342	0.1782813370227814	0.1241567954421043	0.08764466643333435	0.166358008980751	0.1545756906270981	0.1709782630205154	0.1517486274242401	0.1486108601093292	0.1397010535001755	0.200121596455574	0.02001563273370266	0.1302499026060104	0.1232601255178452	0.1437137573957443	0.1544710397720337	0.1461545825004578	0.05467628687620163	0.1574496626853943	0.1574496775865555	0.07889113575220108	0.1519214808940887	0.1529794782400131	0.1792472898960114	0.1541828066110611	0.1233239099383354	0.1413436233997345	0.04566941782832146	0.06819639354944229	0.06808712333440781	0.2006912678480148	0.2091409713029861	0.205901563167572	0.2385594546794891	0.04655686393380165	0.1221873387694359	0.1759925186634064	0.1733688414096832	0.1490642577409744	0.1736621111631393	0.1869748383760452	0.108425997197628	0.1199741289019585	0.2105655521154404	0.1285897344350815	0.2105299532413483	0.01267650723457336	0.02671567536890507	0	0.01684638671576977	0.02304480038583279	0.03259918466210365	0.07291605323553085	0.05849537998437881	0.1898813396692276	0.1792472898960114	0.07589653134346008	0.09412970393896103	0.1974423974752426	0.03585745394229889	0.1207325458526611	0.0517723560333252	0.1504822671413422	0.05826091766357422	0.06683951616287231	0.1641016453504562	0.2020837515592575	0.2494713813066483	0.1575403958559036	0.1646299064159393	0.1673506051301956	0.1971586942672729	0.09875252842903137	0.1997562646865845	0.1502414643764496	0.1455832421779633	0.1375837624073029	0.144140437245369	0.2151286751031876	0.1668255925178528	0.1802401840686798	0.1736908107995987	0.2511067986488342	0.2734402716159821	0.2621345520019531	0.1608819961547852	0.1641214638948441	0.2486855536699295	0.2486855536699295	0.230754554271698	0.140392541885376	0.1469278633594513	0.144140437245369	0.1488678157329559	0.2214681208133698	0.2189234346151352	0.1464859694242477	0.1205494850873947	0.1960209161043167	0.1217382177710533	0.1973966807126999	0.1885915994644165	0.1892015933990479	0.05950070172548294	0.2142484188079834	0.1118995398283005	0.1552286744117737	0.1678643524646759	0.07290810346603394	0.1184775531291962	0.13477723300457	0.130681574344635	0.1176811382174492	0.08167960494756699	0.1568049341440201	0.1362570524215698	0.05969088524580002	0.1359376907348633	0.1602669507265091	0.1363602876663208	0.1407778859138489	0.1996368318796158	0.1213547140359879	0.2282675802707672	0.1376574486494064	0.06856111437082291	0.06240018457174301	0.1386475414037704	0.06250929832458496	0.1064801886677742	0.107177346944809	0.0686488002538681	0.1346817463636398	0.1419979929924011	0.1242162510752678	0.0711984857916832	0.1286199390888214	0.1694692671298981	0.1528649628162384	0.1011046841740608	0.0944722518324852	0.1333648413419724	0.0525640994310379	0.06523741036653519	0.1511520147323608	0.1068720743060112	0.09283114224672318	0.1948787868022919	0.1233862712979317	0.09968970715999603	0.09438273310661316	0.07884448021650314	0.07211683690547943	0.08249108493328094	0.127060204744339	0.1896469444036484	0.2660846710205078	0.2137106359004974	0.2243897169828415	0.1980719119310379	0.2802112102508545	0.2694863975048065	0.2218592613935471	0.2798288464546204	0.2238387912511826	0.2571373581886292	0.1844800561666489	0.2547021508216858	0.1928267031908035	0.1889531314373016	0.2974667847156525	0.2300382107496262	0.2941083610057831	0.2227606773376465	0.210925355553627	0.2184754461050034	0.2624237537384033	0.1918519288301468	0.213653489947319	0.2721627652645111	0.2035216242074966	0.2219116538763046	0.2333158850669861
S2014m_E7-2-B-M	0.2624926269054413	0.2434682101011276	0.2012594640254974	0.3553925454616547	0.2715413272380829	0.1592757850885391	0.2543821334838867	0.2706772685050964	0.2088444083929062	0.2365248799324036	0.2784895002841949	0.02638220600783825	0.02000733278691769	0.09882108122110367	0.1891541928052902	0.1154266819357872	0.07862644642591476	0.1522664874792099	0.1465557962656021	0.15709288418293	0.1377706229686737	0.1405119597911835	0.1562733948230743	0.2111350744962692	0.009891399182379246	0.1154423430562019	0.1145749241113663	0.1352521777153015	0.1461571455001831	0.1378092914819717	0.04521593451499939	0.1682524383068085	0.1682524532079697	0.08937007933855057	0.1627772897481918	0.1636932343244553	0.1901924759149551	0.139689713716507	0.1339427381753922	0.1269151270389557	0.03589407354593277	0.05248996615409851	0.05868163332343102	0.2175376415252686	0.220111757516861	0.2226381301879883	0.2494828999042511	0.06340323388576508	0.1390336900949478	0.1623294800519943	0.1596179008483887	0.1349969059228897	0.1598185151815414	0.1735773086547852	0.1191395297646523	0.1305857300758362	0.2216131985187531	0.11365807056427	0.2215775102376938	0.02941308543086052	0.01003841776400805	0.01684638671576977	0	0.006304661743342876	0.02264472283422947	0.06351353973150253	0.04895943775773048	0.2007185965776443	0.1901924759149551	0.08639994263648987	0.1047964468598366	0.2082023620605469	0.02594781666994095	0.1057132035493851	0.04217637702822685	0.1359710842370987	0.0487530380487442	0.07741697877645493	0.1559484004974365	0.1884565502405167	0.2366535067558289	0.1432001292705536	0.1503630578517914	0.1531773209571838	0.1835393011569977	0.08356785029172897	0.1862255930900574	0.1419542729854584	0.1311841458082199	0.122855007648468	0.1295236647129059	0.2076982408761978	0.1587364822626114	0.1663323640823364	0.159671887755394	0.2441669404506683	0.2610319852828979	0.2495746612548828	0.1526849269866943	0.1559687256813049	0.2416898310184479	0.2416898310184479	0.2177038937807083	0.1257603913545609	0.1324069499969482	0.1295236647129059	0.1405893713235855	0.2082163244485855	0.2055841237306595	0.1320059895515442	0.1056293249130249	0.1882792413234711	0.1066891849040985	0.1836440563201904	0.1807477176189423	0.1753085255622864	0.04991661012172699	0.200918048620224	0.09668190032243729	0.1470354646444321	0.1536056846380234	0.05702235549688339	0.1033726334571838	0.1199516281485558	0.1220713704824448	0.1026628986001015	0.07245974987745285	0.1424539387226105	0.121554858982563	0.05007768422365189	0.1274832487106323	0.1459735631942749	0.1278838664293289	0.1261527836322784	0.1859683096408844	0.1063492968678474	0.2151316255331039	0.1229304596781731	0.05286286026239395	0.04654734209179878	0.1246160045266151	0.04660464450716972	0.09173347055912018	0.09234686940908432	0.05295353010296822	0.1202414184808731	0.1336537599563599	0.1093092411756516	0.06195830553770065	0.1201216802000999	0.1617842018604279	0.1388387382030487	0.08612476289272308	0.08558566868305206	0.1186135485768318	0.03638388216495514	0.05585663765668869	0.137097179889679	0.09808199852705002	0.08409234881401062	0.1871724724769592	0.1085632517933846	0.08492720872163773	0.07933973520994186	0.06349358707666397	0.0562705360352993	0.06682194769382477	0.1122506707906723	0.176169291138649	0.2535921037197113	0.2010277956724167	0.2114062756299973	0.184421569108963	0.2737771570682526	0.2572973370552063	0.2089602053165436	0.29081130027771	0.2110585272312164	0.2444506883621216	0.1708285361528397	0.2419314533472061	0.1794021725654602	0.1755092144012451	0.3087616264820099	0.217191070318222	0.2821762561798096	0.2100438475608826	0.2212035655975342	0.2114887088537216	0.2734208106994629	0.1785026639699936	0.2005327790975571	0.2598150670528412	0.19023197889328	0.2088444083929062	0.2206918448209763
S2014m_E7-2-C-M	0.257876992225647	0.2387649416923523	0.1963098496198654	0.3514106571674347	0.2671011388301849	0.1540993601083755	0.2496672868728638	0.2662460207939148	0.2039253115653992	0.2318396419286728	0.2741819024085999	0.020225515589118	0.02624898962676525	0.09314210712909698	0.1841125190258026	0.1098505482077599	0.07295327633619308	0.1469610333442688	0.1413663476705551	0.1632555425167084	0.1438337415456772	0.1465557813644409	0.1623710095882416	0.206198662519455	0.01613365858793259	0.1098663732409477	0.109030157327652	0.1298010051250458	0.1407747268676758	0.1324279606342316	0.03933707252144814	0.1630819290876389	0.1630819439888	0.08374622464179993	0.1575382798910141	0.15853051841259	0.1851250231266022	0.1342313438653946	0.1400785595178604	0.1214835494756699	0.0298367515206337	0.05869192630052567	0.05280712246894836	0.2126573622226715	0.215263620018959	0.2178214192390442	0.2448779940605164	0.05756159499287605	0.1336637884378433	0.1684303283691406	0.1657385379076004	0.1410795301198959	0.1546074450016022	0.1685360223054886	0.1136274337768555	0.1252164095640182	0.2167423516511917	0.108034573495388	0.2167064100503922	0.02339912764728069	0.01634305901825428	0.02304480038583279	0.006304661743342876	0	0.01650402881205082	0.0576297715306282	0.0430242158472538	0.1957824379205704	0.1851250231266022	0.08073922246694565	0.09919462352991104	0.2033584862947464	0.01982802525162697	0.1000570431351662	0.03621840476989746	0.1305063217878342	0.04283611476421356	0.07164382189512253	0.150646299123764	0.1833246797323227	0.2318263798952103	0.1378001421689987	0.1449902802705765	0.1478402018547058	0.1784111708402634	0.07785121351480484	0.1811312586069107	0.1366004049777985	0.1257632374763489	0.1173082888126373	0.1240191087126732	0.2027377486228943	0.1534694284200668	0.1610956490039825	0.1543933302164078	0.2394347041845322	0.2563592195510864	0.2448450922966003	0.1473624259233475	0.1506668478250504	0.236926406621933	0.236926406621933	0.2127899080514908	0.120250478386879	0.1269389241933823	0.1240191087126732	0.1352448463439941	0.203226238489151	0.2005607038736343	0.1265538334846497	0.1000114157795906	0.1831634342670441	0.1010214388370514	0.1899486929178238	0.1755843758583069	0.1700761765241623	0.04394863918423653	0.1958987265825272	0.09095068275928497	0.1417304426431656	0.1482356190681458	0.05103950202465057	0.0976838544011116	0.1143680363893509	0.1165566444396973	0.0970076322555542	0.06667178869247437	0.1370499432086945	0.1160185858607292	0.04409082978963852	0.1220566555857658	0.1405912637710571	0.1224418729543686	0.120645560324192	0.1808208972215652	0.1006984189152718	0.2101851999759674	0.1173844262957573	0.04695287346839905	0.0405786894261837	0.1306097805500031	0.04061605036258698	0.08618433028459549	0.08676540851593018	0.04704466834664345	0.1148061975836754	0.128283753991127	0.1036958619952202	0.0561816468834877	0.1146849170327187	0.1567775160074234	0.1335603147745132	0.08048664033412933	0.0799807608127594	0.1130588129162788	0.03029059432446957	0.05000435933470726	0.1431893408298492	0.09250965714454651	0.07858589291572571	0.1820836514234543	0.1029823422431946	0.07937292754650116	0.07367828488349915	0.05771585553884506	0.05030300468206406	0.06092114001512527	0.1066744029521942	0.1710968166589737	0.2488878816366196	0.196257695555687	0.2065190821886063	0.1792813688516617	0.2693065106868744	0.2527095079421997	0.2041058987379074	0.2864890396595001	0.2062496095895767	0.2396730184555054	0.1656898707151413	0.2371217608451843	0.1743496805429459	0.170449823141098	0.3044503629207611	0.2123555541038513	0.277683824300766	0.2160638868808746	0.2166720479726791	0.2066654562950134	0.2689639925956726	0.1734792739152908	0.1955942660570145	0.2551657855510712	0.1852299124002457	0.2039253115653992	0.2159417569637299
S2014m_E7-3-A-M	0.2600370049476624	0.2409659177064896	0.1986260712146759	0.3532739579677582	0.2691788375377655	0.156521663069725	0.251873791217804	0.2683195471763611	0.2062272727489471	0.2283291220664978	0.2761974036693573	0.01652823761105537	0.02260187081992626	0.09579981118440628	0.1808827370405197	0.1002616137266159	0.06346137076616287	0.1494438350200653	0.132224828004837	0.1656537652015686	0.1406772434711456	0.1374872028827667	0.1532751768827438	0.2085087895393372	0.02579895965754986	0.1065783575177193	0.09950173646211624	0.1202821359038353	0.1312943994998932	0.1230126544833183	0.04279185086488724	0.1655015498399734	0.1655015498399734	0.08637792617082596	0.159989982843399	0.1609464287757874	0.1874964386224747	0.1367858201265335	0.1425325125455856	0.124025322496891	0.01999974437057972	0.05544771254062653	0.04311613738536835	0.2090822458267212	0.2175323516130447	0.2142716944217682	0.2470328360795975	0.05392878130078316	0.1300592571496964	0.1707899272441864	0.1681133955717087	0.1379123777151108	0.1513804048299789	0.1653646528720856	0.1162069514393806	0.1277289986610413	0.2190217673778534	0.1106663346290588	0.2189859747886658	0.0329478420317173	0.03258620202541351	0.03259918466210365	0.02264472283422947	0.01650402881205082	0	0.04789002984762192	0.03329914808273315	0.1980923265218735	0.1874964386224747	0.08338819444179535	0.1018161252140999	0.2056251019239426	0.009955958463251591	0.1096730604767799	0.0265017356723547	0.1272110939025879	0.03314255550503731	0.07434550672769547	0.1470223367214203	0.1857263147830963	0.2340854108333588	0.1403272598981857	0.1475046873092651	0.150337889790535	0.1808110177516937	0.0805264338850975	0.1835152953863144	0.1329955905675888	0.1283000856637955	0.119904100894928	0.1265951842069626	0.1991453021764755	0.1498585939407349	0.1635463386774063	0.1568636000156403	0.235855907201767	0.2585460543632507	0.2470584511756897	0.1437373459339142	0.1470430046319962	0.2333348989486694	0.2333349138498306	0.2150895446538925	0.1228290423750877	0.1294978857040405	0.1265951842069626	0.1316514611244202	0.2055615335702896	0.2029116451740265	0.129105344414711	0.1026404723525047	0.1795397996902466	0.1036739125847816	0.19232377409935	0.1719578057527542	0.1725248843431473	0.04028484225273132	0.1982476711273193	0.09363287687301636	0.1381390988826752	0.1507487744092941	0.05383945256471634	0.100346177816391	0.1169811338186264	0.1129200607538223	0.09965423494577408	0.0630406066775322	0.1395789384841919	0.1186094805598259	0.04041487351059914	0.1184580698609352	0.1431101113557816	0.1188315227627754	0.1232228651642799	0.1832298189401627	0.1033429726958275	0.2125000804662704	0.1199799329042435	0.04971856996417046	0.04337187856435776	0.133033499121666	0.04341859742999077	0.08878099173307419	0.08937723934650421	0.04980983957648277	0.1173496320843697	0.1246996149420738	0.1063228398561478	0.05259429290890694	0.1111070290207863	0.15333391726017	0.1360303461551666	0.08312501013278961	0.07641883939504623	0.1156583577394485	0.03314220160245895	0.04639123380184174	0.1456170678138733	0.08892396092414856	0.07509175688028336	0.1784836053848267	0.1055940762162209	0.0819719210267067	0.07632753998041153	0.06041955947875977	0.05309575423598289	0.0636826679110527	0.1092839911580086	0.1734704822301865	0.251089334487915	0.1984896212816238	0.2088060826063156	0.1816869080066681	0.2657986581325531	0.2548563778400421	0.2063774615526199	0.2885115444660187	0.208499863743782	0.2419089376926422	0.1680945605039597	0.2393726706504822	0.1767140030860901	0.1728173494338989	0.3064678907394409	0.2146183848381042	0.2797861695289612	0.2182589322328568	0.2187921702861786	0.2089224457740784	0.2710495293140411	0.1758299022912979	0.1979052573442459	0.2573415637016296	0.1875706613063812	0.2062272727489471	0.218164473772049
S2014M_E7-3-B-M	0.228563517332077	0.2154669761657715	0.1648893356323242	0.3261369466781616	0.2330203652381897	0.1477130800485611	0.2134962230920792	0.2381409108638763	0.1726938039064407	0.2082883715629578	0.2468821704387665	0.04473799094557762	0.06347227841615677	0.1369252055883408	0.2097060531377792	0.1290382891893387	0.03125369548797607	0.1202281787991524	0.1541863828897476	0.1375180184841156	0.1625866889953613	0.1593655645847321	0.1374169737100601	0.1940693408250809	0.06639937311410904	0.1290203183889389	0.1406328976154327	0.1491943746805191	0.1009493917226791	0.1058086082339287	0.06400268524885178	0.1430543065071106	0.1430543065071106	0.06132343411445618	0.1371944844722748	0.1452274024486542	0.1529419869184494	0.1658098101615906	0.170635387301445	0.164625883102417	0.04156389832496643	0.07701392471790314	0.06476658582687378	0.1880217790603638	0.1969115287065506	0.1935364156961441	0.2277101129293442	0.03461253270506859	0.09306211024522781	0.1369192600250244	0.1402690708637238	0.1658251136541367	0.1224179416894913	0.1311678737401962	0.09885551780462265	0.1109694391489029	0.1858080625534058	0.09288930892944336	0.1982755064964294	0.07325015217065811	0.06053442135453224	0.07291605323553085	0.06351353973150253	0.0576297715306282	0.04789002984762192	0	0.05435353145003319	0.1582019031047821	0.1529419869184494	0.05155505612492561	0.06361783295869827	0.1664656549692154	0.04470518603920937	0.138316422700882	0.04791367053985596	0.1494609266519547	0.06108541414141655	0.03497894108295441	0.1104756519198418	0.1507170498371124	0.2011553198099136	0.1101585030555725	0.1108520850539207	0.1073742210865021	0.1458374112844467	0.04155083373188972	0.1423839181661606	0.08953291177749634	0.1440200060606003	0.1357319951057434	0.1425154805183411	0.1776490807533264	0.113559678196907	0.1278318613767624	0.1338671296834946	0.1970011293888092	0.2204796373844147	0.2085895985364914	0.1004675030708313	0.10392677038908	0.1942288130521774	0.1942288279533386	0.2321076095104218	0.1323514431715012	0.1391349285840988	0.1425154805183411	0.153574526309967	0.2225145846605301	0.213847354054451	0.1511510908603668	0.1117847040295601	0.2143953591585159	0.1193302050232887	0.2091008126735687	0.1363570094108582	0.136824756860733	0.06148435920476913	0.2210076004266739	0.1091500371694565	0.153994545340538	0.1670573502779007	0.06880522519350052	0.1159563660621643	0.1328218281269073	0.1348723620176315	0.1214687749743462	0.07147806137800217	0.1680726855993271	0.08084686845541	0.05514467880129814	0.1340450495481491	0.1653750240802765	0.1406979560852051	0.1452816873788834	0.2059869766235352	0.1252693831920624	0.2295393794775009	0.1420793384313583	0.07080307602882385	0.06445973366498947	0.1541015654802322	0.06457926332950592	0.1098145619034767	0.1105546578764915	0.07089323550462723	0.1327656209468842	0.1403179913759232	0.1219003200531006	0.06713690608739853	0.1202729120850563	0.1687601804733276	0.1515736728906631	0.09806766360998154	0.09746525436639786	0.1381164640188217	0.06136903911828995	0.06737007945775986	0.1671595275402069	0.1102672517299652	0.08958077430725098	0.2010393738746643	0.1273243725299835	0.1027994528412819	0.1098641827702522	0.07505638152360916	0.0814572349190712	0.08519665151834488	0.1311250030994415	0.1389057040214539	0.2128080725669861	0.1660268306732178	0.1754947304725647	0.1401800811290741	0.2289869636297226	0.2235898077487946	0.1733036786317825	0.2590712308883667	0.1757448017597198	0.2030666470527649	0.1330691576004028	0.2065565586090088	0.142285481095314	0.1320498436689377	0.2711470723152161	0.1816637068986893	0.2491526901721954	0.1803095638751984	0.1879847943782806	0.1760648638010025	0.2406845539808273	0.1479387432336807	0.1642488092184067	0.2256334722042084	0.1602027416229248	0.1726938039064407	0.1797164529561996
S2014m_E7-3-C-M	0.2671771943569183	0.2541747689247131	0.2054828852415085	0.3606438934803009	0.2761640846729279	0.1631894558668137	0.2590593695640564	0.2752795219421387	0.2131336182355881	0.2467674314975739	0.2830626964569092	0.03002157434821129	0.03583436086773872	0.1091141328215599	0.1941378563642502	0.1137497574090958	0.05741367489099503	0.1627461612224579	0.1452319025993347	0.1728461533784866	0.1536049395799637	0.1504150778055191	0.1782096922397614	0.2335648387670517	0.05192109569907188	0.1200211495161057	0.1254688501358032	0.1337690502405167	0.1447805762290955	0.1487362831830978	0.0429827980697155	0.1843150109052658	0.184315025806427	0.105315662920475	0.1789447367191315	0.1859810650348663	0.1943816840648651	0.1440961211919785	0.1555755138397217	0.1494973450899124	0.02690423093736172	0.04929571598768234	0.04331318661570549	0.2278820127248764	0.2361826151609421	0.2329321950674057	0.2653509378433228	0.08001649379730225	0.1367432922124863	0.1837571263313293	0.1811226159334183	0.150881826877594	0.1646042466163635	0.1783697456121445	0.1418790370225906	0.1529927104711533	0.2260174602270126	0.1367294639348984	0.2377544492483139	0.05883247405290604	0.04590329527854919	0.05849537998437881	0.04895943775773048	0.0430242158472538	0.03329914808273315	0.05435353145003319	0	0.2049240916967392	0.1943816840648651	0.1023970618844032	0.1084012165665627	0.2124182879924774	0.03661186993122101	0.1230690777301788	0.02658703736960888	0.1339780241250992	0.03327225893735886	0.08083436638116837	0.1538142561912537	0.192677915096283	0.2412081956863403	0.1594796031713486	0.1543209552764893	0.1571414321660995	0.1753831803798676	0.08701640367507935	0.17813341319561	0.1270933002233505	0.122369259595871	0.1266226768493652	0.1333374381065369	0.218048021197319	0.1566377878189087	0.1703736633062363	0.1759002804756165	0.2429376691579819	0.2657552659511566	0.2542032301425934	0.150517538189888	0.1538348644971848	0.2404311895370483	0.2404311895370483	0.222098097205162	0.1295355260372162	0.1362278908491135	0.1333374381065369	0.1195380315184593	0.2066105455160141	0.2039459198713303	0.1296274960041046	0.1092535331845284	0.1986300647258759	0.1040255278348923	0.1992778033018112	0.1727788150310516	0.1733525395393372	0.04669996723532677	0.1992431432008743	0.1002805531024933	0.1448324769735336	0.1514258831739426	0.06034579128026962	0.1070177033543587	0.1174247562885284	0.1195914521813393	0.09997586905956268	0.06949302554130554	0.1400924772024155	0.1190613284707069	0.04685191437602043	0.1250826269388199	0.1498879194259644	0.1192818805575371	0.1299305260181427	0.1841284781694412	0.1036911159753799	0.2135967463254929	0.1266985237598419	0.04969747364521027	0.03654651343822479	0.1394455283880234	0.04335423558950424	0.08902037143707275	0.08962218463420868	0.03658191859722137	0.1051634103059769	0.1125320717692375	0.1066902950406075	0.04595252498984337	0.1176627799868584	0.1598119586706161	0.1365860849618912	0.0833287313580513	0.08280249685049057	0.1228510737419128	0.04008952900767326	0.03964205458760262	0.1521773636341095	0.07631249725818634	0.06883247196674347	0.1853632479906082	0.1059541031718254	0.06953300535678864	0.08907099813222885	0.06676886975765228	0.0601082369685173	0.0637575089931488	0.1096704751253128	0.1801967918872833	0.2582482993602753	0.2050952464342117	0.2156988680362701	0.1886010468006134	0.2613256573677063	0.2618860006332397	0.2074042409658432	0.2955619990825653	0.215278148651123	0.2490592002868652	0.1748461127281189	0.2465379387140274	0.1775452047586441	0.1674346327781677	0.3137457668781281	0.2157074362039566	0.2869955599308014	0.2249862402677536	0.2252960950136185	0.2099629044532776	0.2780855596065521	0.1943060308694839	0.204737976193428	0.264498382806778	0.200698509812355	0.2131336182355881	0.224975660443306
S2014M_E9-1-A-M	0.1325676590204239	0.1041681915521622	0.06216422840952873	0.243551567196846	0.1401249170303345	0.1042579784989357	0.1140452325344086	0.1465533524751663	0.07052924484014511	0.1629718393087387	0.158170685172081	0.1849789470434189	0.2006921023130417	0.1277318298816681	0.1711467653512955	0.1113603115081787	0.1844122707843781	0.08798924833536148	0.1388600170612335	0.1071986556053162	0.1415397226810455	0.144494503736496	0.09227399528026581	0.1255937218666077	0.2084174901247025	0.1045367792248726	0.1240239441394806	0.1329574137926102	0.08058135211467743	0.1075603291392326	0.2056412100791931	0.03935309872031212	0.05417770147323608	0.131778821349144	0.04697177931666374	0.07275369018316269	0.01574153639376163	0.12409757822752	0.1030699908733368	0.1239909529685974	0.1874814182519913	0.214124009013176	0.2092446535825729	0.125021830201149	0.1141732260584831	0.1174892261624336	0.1496413350105286	0.1508602499961853	0.1973607391119003	0.1067835092544556	0.1103964522480965	0.1450120955705643	0.09712789207696915	0.1069106459617615	0.2088268399238586	0.2074141055345535	0.1149892210960388	0.2175872325897217	0.1150258257985115	0.1901713609695435	0.1928302347660065	0.1898813396692276	0.2007185965776443	0.1957824379205704	0.1980923265218735	0.1582019031047821	0.2049240916967392	0	0.01574153639376163	0.1352242231369019	0.1069036349654198	0.03426998853683472	0.1895943284034729	0.1147080212831497	0.1922614425420761	0.1264278590679169	0.2046961337327957	0.1326598525047302	0.2409741431474686	0.2242944538593292	0.1605033576488495	0.2342039793729782	0.2357564568519592	0.2323040962219238	0.2187807708978653	0.1652102619409561	0.2152517288923264	0.2197935432195663	0.2635991871356964	0.2569887936115265	0.251950591802597	0.1634939908981323	0.2435777187347412	0.2517558336257935	0.2568961083889008	0.1630311161279678	0.1219116821885109	0.1686097681522369	0.2315191179513931	0.2349412590265274	0.1598920822143555	0.1598921120166779	0.1823614537715912	0.2536323368549347	0.2485713809728622	0.251950591802597	0.2669003009796143	0.1922456473112106	0.182630717754364	0.2594810724258423	0.2328029870986938	0.2032117992639542	0.2291429489850998	0.1569565683603287	0.215924546122551	0.2103554755449295	0.1763034760951996	0.2038896083831787	0.2310024052858353	0.1385880410671234	0.1105063930153847	0.1909463405609131	0.2257704436779022	0.2545047998428345	0.261091023683548	0.2420144379138947	0.1983544826507568	0.1334347128868103	0.1526274383068085	0.1707602739334106	0.1172311082482338	0.1231359168887138	0.1243534535169601	0.1012941598892212	0.1671398729085922	0.2343395054340363	0.1793660223484039	0.2511427700519562	0.1905096918344498	0.1845980584621429	0.1788556724786758	0.1851259469985962	0.2267536073923111	0.2166082710027695	0.1905876696109772	0.251243382692337	0.1240066811442375	0.2309717983007431	0.1919721961021423	0.2453969419002533	0.2888231575489044	0.1768885254859924	0.2166208326816559	0.2210068255662918	0.2590475678443909	0.1828671395778656	0.192610889673233	0.2833722233772278	0.2346627712249756	0.2112191170454025	0.1757919937372208	0.2470310181379318	0.2074744552373886	0.226796418428421	0.1937696635723114	0.2028069347143173	0.1942827552556992	0.2394629567861557	0.09400198608636856	0.1136578023433685	0.1249549835920334	0.07406320422887802	0.03188122808933258	0.1487129330635071	0.1284369826316833	0.07276283204555511	0.1407763659954071	0.07628503441810608	0.1022968888282776	0.08731840550899506	0.1062281131744385	0.09063436836004257	0.0939972922205925	0.1508191078901291	0.08137392997741699	0.1557189077138901	0.08245911449193954	0.1230341270565987	0.06870768219232559	0.1189232394099236	0.1043312177062035	0.06182295456528664	0.1288612633943558	0.07304812222719193	0.07052924484014511	0.08036491274833679
S2014m_E9-1-B-F	0.1189184412360191	0.09012974798679352	0.04757943004369736	0.2318316251039505	0.1340947896242142	0.09806366264820099	0.1074349656701088	0.1335867494344711	0.05601691827178001	0.1505029648542404	0.1456422805786133	0.1740313172340393	0.1901652961969376	0.1151804327964783	0.1590371429920197	0.09832984209060669	0.1734493225812912	0.07425906509160995	0.1332734376192093	0.09399078786373138	0.1359989494085312	0.1390040665864944	0.07890193164348602	0.1122237741947174	0.198094516992569	0.09834747761487961	0.1113648563623428	0.1202436536550522	0.06662550568580627	0.09441735595464706	0.2011429965496063	0.03965066373348236	0.03965067490935326	0.1326887607574463	0.03222082927823067	0.05879589170217514	0	0.1110659241676331	0.09001638740301132	0.1113309040665627	0.182678759098053	0.2096466720104218	0.2046907246112823	0.1116342470049858	0.1150388866662979	0.1183768063783646	0.1507603228092194	0.1391697078943253	0.1861095279455185	0.1006345525383949	0.09733747690916061	0.1329565197229385	0.08367352932691574	0.1007639691233635	0.1978969722986221	0.2088235020637512	0.1012904644012451	0.2067030370235443	0.1013282015919685	0.1795449703931808	0.1820939183235168	0.1792472898960114	0.1901924759149551	0.1851250231266022	0.1874964386224747	0.1529419869184494	0.1943816840648651	0.01574153639376163	0	0.1296692937612534	0.09396219998598099	0.02688019350171089	0.1848447471857071	0.1017762422561646	0.1875540912151337	0.1135204136371613	0.1941884905099869	0.1204591765999794	0.2304078936576843	0.2130943089723587	0.1475587785243988	0.2296983599662781	0.2250433713197708	0.2277468293905258	0.2075830101966858	0.1536741554737091	0.2104094475507736	0.2151541262865067	0.2595441043376923	0.2468666434288025	0.2416897565126419	0.1509855091571808	0.2330842912197113	0.2413400113582611	0.2466238439083099	0.1572656780481339	0.1153954267501831	0.1628645658493042	0.2269694954156876	0.2304273843765259	0.1540687382221222	0.1540687382221222	0.1769465655088425	0.2494202554225922	0.2442785352468491	0.2416897565126419	0.2570482492446899	0.1802684515714645	0.1772206127643585	0.2494272142648697	0.2283937931060791	0.1916128098964691	0.2185332328081131	0.1443065106868744	0.2046441584825516	0.198913112282753	0.1651199609041214	0.1922577172517776	0.2204907983541489	0.1328566074371338	0.09706407785415649	0.1798871755599976	0.2151143252849579	0.244314432144165	0.2511264681816101	0.2317584306001663	0.1936273872852325	0.1206814423203468	0.1404368281364441	0.1594246923923492	0.1112681478261948	0.1101303026080132	0.1116518974304199	0.08796458691358566	0.1547409892082214	0.2238733023405075	0.1738974750041962	0.2409062385559082	0.179666742682457	0.1736401468515396	0.1677418500185013	0.1741373091936111	0.216615229845047	0.2062003612518311	0.1797468513250351	0.2471057325601578	0.1181390359997749	0.2265137881040573	0.1872602999210358	0.2411866039037704	0.2796805500984192	0.1717899739742279	0.2062132656574249	0.2107593864202499	0.2549211382865906	0.1718170940876007	0.1818687170743942	0.2740033566951752	0.2245137095451355	0.2068067789077759	0.1637049466371536	0.2369112074375153	0.1970841437578201	0.21665920317173	0.1830585300922394	0.1920265406370163	0.1832689940929413	0.2291372865438461	0.08045359700918198	0.1070689633488655	0.1123229786753654	0.0596618689596653	0.02431884221732616	0.1427355408668518	0.1149335131049156	0.05850832164287567	0.127464085817337	0.06219745427370071	0.09554620832204819	0.07356786727905273	0.09193374961614609	0.08418593555688858	0.08761700987815857	0.1446483284235001	0.06714148074388504	0.1424339860677719	0.07586656510829926	0.1105592101812363	0.05438860878348351	0.1051665022969246	0.09811294078826904	0.04728733748197556	0.1150942295789719	0.05886088311672211	0.05601691827178001	0.07365100830793381
S2014M_E9-1-B-M	0.231559544801712	0.206036314368248	0.1680996417999268	0.3287189304828644	0.2359285205602646	0.1631683111190796	0.2165943533182144	0.2410104721784592	0.1758851408958435	0.2051468938589096	0.2496678531169891	0.08120550215244293	0.08636957406997681	0.1529290676116943	0.2237402349710464	0.1694310903549194	0.080568827688694	0.1495718359947205	0.1927177011966705	0.166104719042778	0.1950146406888962	0.1975487619638443	0.1398937404155731	0.1719805598258972	0.09522846341133118	0.1634055823087692	0.1682346910238266	0.1891118735074997	0.1432963758707047	0.1347794830799103	0.1048307120800018	0.1069066449999809	0.09373530745506287	0.01036165747791529	0.1006928905844688	0.1229626908898354	0.1296692937612534	0.1817853301763535	0.161480724811554	0.1682059019804001	0.08401944488286972	0.1118927150964737	0.1063969433307648	0.1714855134487152	0.1743454486131668	0.1771514564752579	0.1935362964868546	0.03123324736952782	0.08909902721643448	0.1653181612491608	0.1686102300882339	0.1981895714998245	0.157326266169548	0.1654264181852341	0.08899198472499847	0.08838789165019989	0.1756051927804947	0.09695584326982498	0.1628416627645493	0.06365187466144562	0.0900271087884903	0.07589653134346008	0.08639994263648987	0.08073922246694565	0.08338819444179535	0.05155505612492561	0.1023970618844032	0.1352242231369019	0.1296692937612534	0	0.03941017761826515	0.1438006311655045	0.07411307841539383	0.172283336520195	0.08980276435613632	0.1835507452487946	0.1025311499834061	0.02425305731594563	0.1332971006631851	0.1540510058403015	0.2166877239942551	0.1135569512844086	0.1273599714040756	0.1239196583628654	0.1491671204566956	0.0585668757557869	0.1457270979881287	0.1125688105821609	0.159513458609581	0.1515215039253235	0.1457878202199936	0.1869273036718369	0.1362597048282623	0.1440447717905045	0.1371514499187469	0.2186002135276794	0.2235502749681473	0.2240417152643204	0.123508483171463	0.1269187033176422	0.2159406840801239	0.2159406989812851	0.2350183874368668	0.148176446557045	0.142420157790184	0.1457878202199936	0.162802055478096	0.2254715710878372	0.2168575376272202	0.1543579399585724	0.1277718096971512	0.2231904715299606	0.1227022930979729	0.2121099233627319	0.1461351215839386	0.14022496342659	0.07145853340625763	0.2357529848814011	0.1252722442150116	0.1753765642642975	0.1702466905117035	0.08535259217023849	0.1193413585424423	0.1486946046352386	0.156657874584198	0.1373016685247421	0.094131700694561	0.1711489111185074	0.08444257080554962	0.06523102521896362	0.1556981950998306	0.1807498633861542	0.1622606068849564	0.1608661413192749	0.2209879457950592	0.1285962164402008	0.2324696481227875	0.145342230796814	0.07432284206151962	0.08077757060527802	0.1688378751277924	0.08095124363899231	0.1252826899290085	0.1138440370559692	0.08709064126014709	0.136029839515686	0.1618129163980484	0.1252399682998657	0.08947789669036865	0.129767045378685	0.1891015768051147	0.1667170077562332	0.1138582080602646	0.119224950671196	0.1543360203504562	0.07841227203607559	0.08978068083524704	0.1820052862167358	0.132027342915535	0.1110962256789207	0.2099935561418533	0.1429921537637711	0.1060744300484657	0.1130681410431862	0.09108271449804306	0.09828487038612366	0.08867589384317398	0.1344075053930283	0.1546722501516342	0.2158982902765274	0.1810256540775299	0.1786645650863647	0.1435554027557373	0.2378958314657211	0.2265647053718567	0.1764497309923172	0.2375147789716721	0.1788597702980042	0.2062059044837952	0.1490031778812408	0.2096820771694183	0.1580162197351456	0.1478863060474396	0.2491116672754288	0.1847992390394211	0.2520687580108643	0.1833777725696564	0.1785332709550858	0.1728622317314148	0.218793660402298	0.1510914862155914	0.1674511134624481	0.2286522686481476	0.1763028353452682	0.1758851408958435	0.1828267127275467
S2014m_E9-1-C-F	0.2004944235086441	0.1740585118532181	0.1348255723714828	0.3019604384899139	0.2120195031166077	0.1763975024223328	0.1909999251365662	0.2112894356250763	0.1428031772375107	0.225332111120224	0.2208340913057327	0.08693108707666397	0.1047663912177086	0.1721655130386353	0.2318132072687149	0.1766194403171539	0.08628769963979721	0.1565936207771301	0.2058567404747009	0.1732950955629349	0.20814548432827	0.2106703966856003	0.1592169553041458	0.1923053562641144	0.1135317608714104	0.1766341477632523	0.1875028014183044	0.1966305375099182	0.1502621471881866	0.1542474925518036	0.1169017255306244	0.1266333162784576	0.1266333311796188	0.0427427776157856	0.1204927489161491	0.1424961388111115	0.09396219998598099	0.1892797350883484	0.1684873849153519	0.1874744147062302	0.09614080935716629	0.1242261156439781	0.1187345460057259	0.1918174475431442	0.194636195898056	0.1974016129970551	0.2260996848344803	0.04989582300186157	0.09521284699440002	0.1785417348146439	0.1757919937372208	0.2055906802415848	0.1644150018692017	0.1786497086286545	0.1083167269825935	0.1204635575413704	0.1832656115293503	0.1164983361959457	0.1832967847585678	0.09445825219154358	0.09584388136863708	0.09412970393896103	0.1047964468598366	0.09919462352991104	0.1018161252140999	0.06361783295869827	0.1084012165665627	0.1069036349654198	0.09396219998598099	0.03941017761826515	0	0.1160841509699821	0.09888478368520737	0.1794943064451218	0.1018798425793648	0.1910278797149658	0.1085160151124001	0.02924489788711071	0.1401398181915283	0.1194684579968452	0.2250433713197708	0.1397511959075928	0.1341460794210434	0.1371666342020035	0.1146377399563789	0.06406521052122116	0.1177957057952881	0.1255199462175369	0.1726935207843781	0.1585290729999542	0.1527449786663055	0.2072093188762665	0.1431301385164261	0.1510748118162155	0.156987339258194	0.2330741286277771	0.1982150971889496	0.2386924475431442	0.1367037296295166	0.1401616036891937	0.2304273843765259	0.2304273843765259	0.2494077831506729	0.1613822132349014	0.1556373983621597	0.1527449786663055	0.1699049174785614	0.2337700724601746	0.2311444878578186	0.1613899916410446	0.1406555026769638	0.2433418184518814	0.1292849630117416	0.2201825231313705	0.1113541796803474	0.1049509048461914	0.07707999646663666	0.2441132664680481	0.1318538635969162	0.1887265890836716	0.1776495724916458	0.09125024080276489	0.1258660405874252	0.1556775122880936	0.1636814624071121	0.1440205425024033	0.1064754948019981	0.1908398270606995	0.0471499040722847	0.07078414410352707	0.1687843948602676	0.1882055997848511	0.1693311780691147	0.167984664440155	0.2291536778211594	0.1352348923683167	0.2468727827072144	0.1522678285837173	0.09280988574028015	0.08649863302707672	0.17573182284832	0.08669500052928925	0.1315958499908447	0.1200506538152695	0.09289845079183578	0.1611206084489822	0.1749359667301178	0.1381769329309464	0.1015550419688225	0.1549029797315598	0.1963198930025101	0.1797566562891006	0.1200649589300156	0.1254590749740601	0.1675283014774323	0.08412913233041763	0.09559492021799088	0.1892296671867371	0.1385246366262436	0.1231627762317657	0.2179455608129501	0.1497617959976196	0.1120714321732521	0.1316445618867874	0.09691019356250763	0.104338563978672	0.09463058412075043	0.1411000639200211	0.1617383360862732	0.1903694570064545	0.1883038431406021	0.1458097994327545	0.1153395771980286	0.2138016074895859	0.1957342028617859	0.1438533663749695	0.2071207910776138	0.1465936899185181	0.1802242547273636	0.1560199409723282	0.1772576570510864	0.165139302611351	0.1610950380563736	0.2247292548418045	0.1523042768239975	0.221832737326622	0.1579281091690063	0.1856734752655029	0.1401192843914032	0.1874341368675232	0.1767285913228989	0.1342640966176987	0.1973468363285065	0.1438315212726593	0.1428031772375107	0.1570151895284653
S2014M_E9-1-C-M	0.1422299742698669	0.1141071245074272	0.07249205559492111	0.2518515586853027	0.1494503319263458	0.1136089041829109	0.1240714192390442	0.1557408273220062	0.08080468326807022	0.1718110293149948	0.1670523285865784	0.1927589327096939	0.2081763446331024	0.1366371363401413	0.1797354370355606	0.1206012889742851	0.1922030001878738	0.09772001951932907	0.1156052574515343	0.08265312016010284	0.1183765605092049	0.1214322000741959	0.1017561405897141	0.1350654512643814	0.2157584428787231	0.1138819083571434	0.133004754781723	0.1419738233089447	0.09046999365091324	0.1168800964951515	0.2130038738250732	0.06446793675422668	0.06446794420480728	0.1529811769723892	0.05741855129599571	0.08264581114053726	0.02688019350171089	0.1333360522985458	0.1123290657997131	0.09325205534696579	0.1952137798070908	0.2215080857276917	0.2167202830314636	0.13450588285923	0.1377377808094025	0.1409069746732712	0.1722242534160614	0.1591634899377823	0.2053485810756683	0.08242303878068924	0.0860622450709343	0.1218731850385666	0.07233014702796936	0.08255458623170853	0.2165892124176025	0.2270156890153885	0.1246908083558083	0.2253159135580063	0.1247266083955765	0.1977270394563675	0.2004617303609848	0.1974423974752426	0.2082023620605469	0.2033584862947464	0.2056251019239426	0.1664656549692154	0.2124182879924774	0.03426998853683472	0.02688019350171089	0.1438006311655045	0.1160841509699821	0	0.1972560435533524	0.1238798573613167	0.1998730450868607	0.135579839348793	0.2121662646532059	0.1413210332393646	0.248476967215538	0.2322404086589813	0.1696717441082001	0.2417730242013931	0.2433622181415558	0.2399442195892334	0.2267264276742935	0.1734031289815903	0.2232332974672318	0.2274786978960037	0.2706320285797119	0.2641798257827759	0.2592390179634094	0.172360435128212	0.251029372215271	0.2591518461704254	0.2641912996768951	0.1721041202545166	0.1318488419055939	0.1776896268129349	0.2391410768032074	0.2425292581319809	0.1690329015254974	0.1690329164266586	0.1910223811864853	0.2608558833599091	0.2558927237987518	0.2592390179634094	0.2739017307758331	0.200737327337265	0.1912859529256821	0.2666241824626923	0.2402033060789108	0.2114390730857849	0.2366786301136017	0.1659225970506668	0.2239281237125397	0.2184725552797318	0.1842491626739502	0.2121394723653793	0.238469585776329	0.1474518030881882	0.1200322285294533	0.1988024860620499	0.2333391010761261	0.2617437541484833	0.2681717276573181	0.2493017166852951	0.2060364335775375	0.1424783021211624	0.1612768471240997	0.1788127422332764	0.1263145059347153	0.132356658577919	0.1333635598421097	0.1107445657253265	0.1759296208620071	0.2417744100093842	0.1880901753902435	0.2584144771099091	0.1982157528400421	0.1923852860927582	0.1867524385452271	0.1929343640804291	0.23396235704422	0.2240065634250641	0.1982922852039337	0.2583242952823639	0.1329876631498337	0.2384393811225891	0.1995892226696014	0.2525574564933777	0.2953267097473145	0.1850184798240662	0.2240188866853714	0.2282926291227341	0.266167163848877	0.1907187104225159	0.2002465426921844	0.2900342643260956	0.2418773472309113	0.2184792309999466	0.1843639314174652	0.2542226314544678	0.2148624062538147	0.2340043634176254	0.2013835310935974	0.2104669213294983	0.2021066248416901	0.2467991411685944	0.1036055535078049	0.1236497387290001	0.1339168101549149	0.08426108211278915	0.04279512166976929	0.1580144912004471	0.138000026345253	0.08285979181528091	0.1502040326595306	0.08626580238342285	0.1124560236930847	0.09706342965364456	0.1163427531719208	0.1072434931993484	0.1035625264048576	0.1604291051626205	0.09145324677228928	0.1651233583688736	0.0922682136297226	0.1318876594305038	0.07885035127401352	0.1286636590957642	0.1137180030345917	0.07211697101593018	0.1386058628559113	0.08309858292341232	0.08080468326807022	0.09033844619989395
S2014m_E9-2-B-M	0.257621705532074	0.2385048419237137	0.1960361301898956	0.3511904180049896	0.2612486481666565	0.1477797329425812	0.2435303777456284	0.2660009860992432	0.2036532908678055	0.2258513420820236	0.2739437520503998	0.01327391806989908	0.01940966956317425	0.09282805025577545	0.1841689199209213	0.09728438407182693	0.06672892719507217	0.1466676145792007	0.1233810186386108	0.1629721522331238	0.1319415867328644	0.1287311017513275	0.1505656093358994	0.2059256583452225	0.02908029034733772	0.09726646542549133	0.09654174745082855	0.1173711642622948	0.128419816493988	0.120139554142952	0.03331498056650162	0.1627959758043289	0.1627959758043289	0.08343521505594254	0.1572485119104385	0.1582450121641159	0.1848447471857071	0.1339294463396072	0.1397885680198669	0.1211831569671631	0.01011074334383011	0.04595180973410606	0.03344713151454926	0.2065009921789169	0.2149955034255981	0.2117242813110352	0.2446233928203583	0.05084117129445076	0.1272201091051102	0.16221983730793	0.1654579192399979	0.1351692974567413	0.1486268937587738	0.1567345708608627	0.1133226007223129	0.1249194741249084	0.2164729833602905	0.1077235117554665	0.2164370268583298	0.03620492294430733	0.02942673303186893	0.03585745394229889	0.02594781666994095	0.01982802525162697	0.009955958463251591	0.04470518603920937	0.03661186993122101	0.1895943284034729	0.1848447471857071	0.07411307841539383	0.09888478368520737	0.1972560435533524	0	0.1067470237612724	0.01675503514707088	0.1243230178952217	0.02998592704534531	0.07132452726364136	0.1442185640335083	0.1830408275127411	0.2315594255924225	0.1312704980373383	0.14469313621521	0.1413476318120956	0.1781275570392609	0.07753509283065796	0.1748046278953552	0.1239515617489815	0.1192552223801613	0.1170015409588814	0.1237146928906441	0.1965216100215912	0.1470734179019928	0.1608060300350189	0.1541013866662979	0.2274618297815323	0.2502471208572388	0.2387107759714127	0.1347033530473709	0.1380309760570526	0.2248961478471756	0.2248961627483368	0.2065580934286118	0.1136560365557671	0.1203691884875298	0.1237146928906441	0.1288258582353592	0.2029502242803574	0.1942418366670609	0.126252293586731	0.09336461126804352	0.1768339872360229	0.1007079631090164	0.1896680146455765	0.1692269146442413	0.1697867512702942	0.03713031113147736	0.195621132850647	0.09063369035720825	0.1291581690311432	0.14793860912323	0.0507085956633091	0.09736921638250351	0.114059217274189	0.1100042760372162	0.09669486433267593	0.0535341277718544	0.1367510855197906	0.115712396800518	0.03725022077560425	0.1093477755784988	0.14029361307621	0.1159543916583061	0.1203409880399704	0.1805361956357956	0.1003858894109726	0.2039230763912201	0.1170777082443237	0.04662604257464409	0.04024862125515938	0.1303233951330185	0.04028485342860222	0.08587748557329178	0.08645676076412201	0.04671789705753326	0.1083227172493935	0.1156612411141396	0.09704050421714783	0.04314544424414635	0.1020083948969841	0.150688111782074	0.1271954625844955	0.08017486333847046	0.07345681637525558	0.1064380332827568	0.02995359338819981	0.04329834133386612	0.1429024487733841	0.08597865700721741	0.0660117119550705	0.175792321562767	0.1026736944913864	0.07906579971313477	0.073365218937397	0.05739635601639748	0.04997295513749123	0.06059478223323822	0.1063660085201263	0.1708163470029831	0.2427685111761093	0.1959939897060394	0.2062488198280334	0.172904908657074	0.2577410042285919	0.2524558305740356	0.2038374990224838	0.2862500250339508	0.2059837281703949	0.2334990948438644	0.1654057204723358	0.2368557453155518	0.1740703284740448	0.164210319519043	0.2985978722572327	0.2120881825685501	0.2774353623390198	0.2101039737462997	0.2164215594530106	0.2063987702131271	0.268717497587204	0.1672725230455399	0.1953212022781372	0.2549086511135101	0.1849533170461655	0.2036532908678055	0.2099065631628036
S2014m_E9-2-C-M	0.1819592416286469	0.1614600419998169	0.1149855107069016	0.2860086858272552	0.1942748576402664	0.06910696625709534	0.1720295995473862	0.1935907304286957	0.1230732277035713	0.1681344211101532	0.203683003783226	0.1008254736661911	0.1184569224715233	0.03648929670453072	0.1016310304403305	0.01120799127966166	0.1521184593439102	0.05969678238034248	0.04981353506445885	0.07909967750310898	0.05282371863722801	0.05614249780774117	0.08643368631601334	0.1387039572000504	0.1145316585898399	0.01122745964676142	0.02561172284185886	0.0332917720079422	0.04543890431523323	0.07313094288110733	0.1121335625648499	0.09203922003507614	0.09203923493623734	0.1749913841485977	0.08545826375484467	0.08760465681552887	0.1017762422561646	0.04431759938597679	0.05400550737977028	0.04648720100522041	0.1040368750691414	0.1322150975465775	0.126735508441925	0.1460113227367401	0.1491026729345322	0.1521346718072891	0.1823871582746506	0.1497075259685516	0.213935598731041	0.08571634441614151	0.08246135711669922	0.04946352913975716	0.06242050975561142	0.07946088910102844	0.2060871720314026	0.2164691537618637	0.1366275548934937	0.2017792463302612	0.1502018719911575	0.1210504621267319	0.09667348861694336	0.1207325458526611	0.1057132035493851	0.1000570431351662	0.1096730604767799	0.138316422700882	0.1230690777301788	0.1147080212831497	0.1017762422561646	0.172283336520195	0.1794943064451218	0.1238798573613167	0.1067470237612724	0	0.1097366511821747	0.03371723368763924	0.1164190247654915	0.1517531275749207	0.2316146045923233	0.265064150094986	0.1523406058549881	0.230927586555481	0.2264620661735535	0.2290583550930023	0.2595613896846771	0.1577490866184235	0.2620297372341156	0.216924712061882	0.2060105800628662	0.1985867470502853	0.2053444385528564	0.1554900109767914	0.2341862320899963	0.2421339303255081	0.2472143322229385	0.161595419049263	0.1794139444828033	0.1669936925172806	0.2283060103654861	0.2316333204507828	0.1585464179515839	0.1585464328527451	0.1319320648908615	0.2012766152620316	0.2080116122961044	0.2053444385528564	0.2152909189462662	0.142152801156044	0.1390216648578644	0.2073496878147125	0.1806240379810333	0.1339560002088547	0.1824584305286407	0.106406532227993	0.2569960355758667	0.2519969642162323	0.124173991382122	0.1343849003314972	0.1723170876502991	0.07603202015161514	0.05977628752589226	0.1321262568235397	0.179097443819046	0.1958985328674316	0.1972856372594833	0.177869126200676	0.1465213149785995	0.069947250187397	0.197013184428215	0.1245863735675812	0.05459977686405182	0.0519954115152359	0.05477695912122726	0.02999351732432842	0.0960606262087822	0.1818580031394958	0.1287637203931808	0.1986605525016785	0.1266629248857498	0.1205041781067848	0.1142689734697342	0.1208158135414124	0.1644837856292725	0.1655816584825516	0.1267476230859756	0.1941844075918198	0.06162988767027855	0.1846038997173309	0.1349045634269714	0.1940743625164032	0.2337807714939117	0.117005966603756	0.1595198661088943	0.1584952026605606	0.1940320134162903	0.1109585240483284	0.1292037665843964	0.2216474115848541	0.1717393696308136	0.1555763930082321	0.1195463389158249	0.1833464205265045	0.1571128964424133	0.1645303517580032	0.1365939676761627	0.1311106830835342	0.141802966594696	0.1873323917388916	0.08781092613935471	0.1714538037776947	0.1181893199682236	0.1262195855379105	0.09467083960771561	0.2027403563261032	0.1773549914360046	0.1244298294186592	0.2155972868204117	0.1273754090070724	0.1610012501478195	0.08125852048397064	0.1578936278820038	0.09139216691255569	0.09463178366422653	0.2335652858018875	0.1329328119754791	0.2037922441959381	0.1392225027084351	0.1427015364170074	0.1275265514850616	0.1958155184984207	0.1046589538455009	0.1144800335168839	0.1786637157201767	0.103071503341198	0.1230732277035713	0.1380318701267242
S2014m_E9-3-A-M	0.2600894570350647	0.2410193979740143	0.1986823529005051	0.3533192276954651	0.2636483013629913	0.1505759656429291	0.2460794895887375	0.2683699131011963	0.2062832117080688	0.2399110496044159	0.2762464284896851	0.01659898087382317	0.0225849375128746	0.09578073769807816	0.1868627816438675	0.100326344370842	0.05694010853767395	0.149504154920578	0.1262393146753311	0.1657120436429977	0.1347547322511673	0.1315546631813049	0.165310338139534	0.2204113751649857	0.0451725497841835	0.10030847042799	0.106007494032383	0.1203454285860062	0.1313568651676178	0.1294157207012177	0.02341570518910885	0.1776121556758881	0.1776121705770493	0.09893208742141724	0.1722168773412704	0.1730037331581116	0.1875540912151337	0.1368478983640671	0.1425921767950058	0.1364206075668335	0.0134464418515563	0.03598844632506371	0.02334465272724628	0.2209810018539429	0.2292975038290024	0.2260584682226181	0.2584532201290131	0.06686452776193619	0.1301209777593613	0.1649435758590698	0.1681711226701736	0.1379719972610474	0.1514402627944946	0.1594841033220291	0.1287264674901962	0.1400103867053986	0.2190771996974945	0.1233957931399345	0.2308185249567032	0.05211076140403748	0.03265488520264626	0.0517723560333252	0.04217637702822685	0.03621840476989746	0.0265017356723547	0.04791367053985596	0.02658703736960888	0.1922614425420761	0.1875540912151337	0.08980276435613632	0.1018798425793648	0.1998730450868607	0.01675503514707088	0.1097366511821747	0	0.1272738724946976	0.01993885636329651	0.07441117614507675	0.1470832824707031	0.1857846826314926	0.2341403067111969	0.1466553509235382	0.1475657820701599	0.1442315131425858	0.1685522049665451	0.08059144020080566	0.1652179360389709	0.1141913309693336	0.1095115691423416	0.1199671849608421	0.1266577988862991	0.2111558020114899	0.1499190926551819	0.1636058837175369	0.1691577583551407	0.230047881603241	0.2527736127376556	0.2412676066160202	0.137609526515007	0.1409259736537933	0.227499395608902	0.2274994105100632	0.209214061498642	0.116632916033268	0.1233235225081444	0.1266577988862991	0.1191471740603447	0.2056182771921158	0.196957066655159	0.1291673481464386	0.0963994637131691	0.19176185131073	0.1037383750081062	0.1923814862966537	0.1720171570777893	0.1725843995809555	0.04035339877009392	0.198304757475853	0.09369804710149765	0.1320539563894272	0.1508098691701889	0.05390749126672745	0.1004108712077141	0.117044635117054	0.1129834279417992	0.09971852600574493	0.05669184029102325	0.1395586878061295	0.1186724603176117	0.04048364982008934	0.1123094037175179	0.1431713253259659	0.1188940554857254	0.1232855021953583	0.1832883656024933	0.103407233953476	0.2065967172384262	0.120043009519577	0.0497857853770256	0.03023634664714336	0.1330924034118652	0.04348670318722725	0.08884408324956894	0.08944071084260941	0.03676090389490128	0.09863873571157455	0.1059379279613495	0.1000730916857719	0.03324171528220177	0.1049749255180359	0.1533914059400558	0.1300463378429413	0.08318912237882614	0.07648321986198425	0.1094390600919724	0.03321149200201035	0.03336254507303238	0.1456760764122009	0.07621917128562927	0.05642058700323105	0.1785420924425125	0.1056575328111649	0.06948693096637726	0.08889438211917877	0.06048526987433434	0.05316361412405968	0.0637497678399086	0.109347403049469	0.1735281944274902	0.2453117519617081	0.1985438913106918	0.2088616639375687	0.1756828278303146	0.2485631108283997	0.2549085915088654	0.2064326852560043	0.288560688495636	0.2085545808076859	0.2360820323228836	0.1681530177593231	0.2394273579120636	0.1767714768648148	0.1547789871692657	0.3009290993213654	0.2146733701229095	0.2798372209072113	0.2126380056142807	0.2188437432050705	0.2089773118495941	0.2711001932621002	0.1818522661924362	0.1979614496231079	0.2573944330215454	0.1876275539398193	0.2062832117080688	0.2124729156494141
S2014m_E9-3-B-M	0.194627970457077	0.1809737831354141	0.1267528682947159	0.2996747195720673	0.2067142128944397	0.08027191460132599	0.1573289036750793	0.2059783190488815	0.1349771022796631	0.1802849620580673	0.215941995382309	0.1185403242707253	0.1359417587518692	0.05500337481498718	0.1206978559494019	0.02995256520807743	0.1697038114070892	0.07859096676111221	0.06810260564088821	0.09781652688980103	0.07107632607221603	0.07435473799705505	0.1049140021204948	0.1580452173948288	0.1444911807775497	0.02997183054685593	0.04418900981545448	0.007876326330006123	0.064443439245224	0.09178425371646881	0.1420699805021286	0.1035013645887375	0.1035013720393181	0.1862494051456451	0.09692924469709396	0.1062837019562721	0.1135204136371613	0.01914351806044579	0.07244782149791718	0.06502149999141693	0.1217140480875969	0.1121736764907837	0.1064133942127228	0.1581299006938934	0.1612119078636169	0.1642345637083054	0.1551288962364197	0.1673914194107056	0.2257911264896393	0.1042737737298012	0.1010614931583405	0.06775683164596558	0.08121111243963242	0.09803224354982376	0.2242134064435959	0.2344265282154083	0.1487728208303452	0.2201296240091324	0.1624124944210052	0.1507894247770309	0.1272372305393219	0.1504822671413422	0.1359710842370987	0.1305063217878342	0.1272110939025879	0.1494609266519547	0.1339780241250992	0.1264278590679169	0.1135204136371613	0.1835507452487946	0.1910278797149658	0.135579839348793	0.1243230178952217	0.03371723368763924	0.1272738724946976	0	0.1340015381574631	0.162995383143425	0.2074808180332184	0.2418212741613388	0.1228747293353081	0.2068574875593185	0.2019983977079391	0.2047611922025681	0.2363085150718689	0.1690180599689484	0.2389340847730637	0.2288163900375366	0.1812471747398376	0.173241525888443	0.1802129149436951	0.1676308363676071	0.210216298699379	0.2183313369750977	0.2237347066402435	0.1327803879976273	0.1508900225162506	0.1381473392248154	0.2040689438581467	0.2075007706880569	0.1295178085565567	0.1295178234577179	0.1019858568906784	0.176103875041008	0.1830511391162872	0.1802129149436951	0.1909007132053375	0.1127915605902672	0.1094419732689857	0.1824554800987244	0.1922141313552856	0.1045371070504189	0.1941867619752884	0.1183029636740685	0.2335792630910873	0.2282589823007584	0.1351691633462906	0.1048691272735596	0.1839374303817749	0.0448756106197834	0.02696838416159153	0.104584164917469	0.1907899975776672	0.1703802347183228	0.1720746010541916	0.1894692927598953	0.1198993027210236	0.03811772167682648	0.1717067807912827	0.1356232017278671	0.06560061126947403	0.01916808076202869	0.06581981480121613	0.04099856689572334	0.1078760102391243	0.193539947271347	0.09859470278024673	0.173318549990654	0.1376099288463593	0.1314224898815155	0.125199556350708	0.1317752599716187	0.1389877051115036	0.1399471610784531	0.1376944482326508	0.2057210952043533	0.07266893982887268	0.1962752938270569	0.1457910388708115	0.2056116759777069	0.222587525844574	0.08848048746585846	0.1336114257574081	0.1327295452356339	0.1754313409328461	0.1287430375814438	0.1401034295558929	0.1979659646749496	0.1461694985628128	0.1664085388183594	0.1313669085502625	0.1949260085821152	0.1680664569139481	0.139037162065506	0.1475181430578232	0.1106975600123405	0.1146628707647324	0.1989930719137192	0.09918747097253799	0.1841001808643341	0.1295146644115448	0.1381160765886307	0.1064265742897987	0.1893331408500671	0.1897884905338287	0.136176586151123	0.2026210576295853	0.1390672624111176	0.1735728979110718	0.0926431268453598	0.1704760640859604	0.1028089970350266	0.1059988290071487	0.2467773705720901	0.1448622643947601	0.1764402091503143	0.1508845090866089	0.153968945145607	0.1392660140991211	0.2083600759506226	0.116054929792881	0.1262003779411316	0.1913459748029709	0.1220146715641022	0.1349771022796631	0.1498426347970963
S2014m_E9-3-C-M	0.2667232155799866	0.2476097494363785	0.2052522152662277	0.3598652482032776	0.2756905555725098	0.1631093323230743	0.2586300075054169	0.2748105823993683	0.2128749340772629	0.2463951706886292	0.2825752794742584	0.02332894504070282	0.02922794222831726	0.1024639457464218	0.1814982444047928	0.1070545464754105	0.0635346993803978	0.1561402082443237	0.1387735903263092	0.1722464859485626	0.1471855342388153	0.1439957767724991	0.171774297952652	0.227001279592514	0.05170641094446182	0.113348051905632	0.1188618093729019	0.1270732283592224	0.1380844414234161	0.1298422366380692	0.03644610568881035	0.1841599196195602	0.1841599494218826	0.1054390594363213	0.1788077503442764	0.1795065551996231	0.1941884905099869	0.1435753852128983	0.149098739027977	0.1429741531610489	0.02677745372056961	0.04911735653877258	0.03664245456457138	0.2275709062814713	0.235844224691391	0.2326052784919739	0.2649150788784027	0.07345753908157349	0.1367565840482712	0.1773163229227066	0.1746610999107361	0.1444418579339981	0.1580371409654617	0.171910434961319	0.1353182196617126	0.1465165019035339	0.2257109433412552	0.1300784349441528	0.237408235669136	0.05859700590372086	0.03929711505770683	0.05826091766357422	0.0487530380487442	0.04283611476421356	0.03314255550503731	0.06108541414141655	0.03327225893735886	0.2046961337327957	0.1941884905099869	0.1025311499834061	0.1085160151124001	0.2121662646532059	0.02998592704534531	0.1164190247654915	0.01993885636329651	0.1340015381574631	0	0.08104792237281799	0.1537660658359528	0.1924888640642166	0.2408435046672821	0.1594114154577255	0.1542707830667496	0.1570812463760376	0.1752567440271378	0.08720721304416656	0.1779974699020386	0.1271415054798126	0.1224343031644821	0.1266727298498154	0.133363202214241	0.205963596701622	0.1442848145961761	0.1580625921487808	0.1636881679296494	0.2425691485404968	0.2653016746044159	0.2537928819656372	0.1504812240600586	0.1537865698337555	0.2400705069303513	0.2400705367326736	0.2218045145273209	0.1295749098062515	0.136243149638176	0.133363202214241	0.1133085042238235	0.2003368437290192	0.2096724063158035	0.1233952939510345	0.09675630927085876	0.1984208524227142	0.1104665398597717	0.1990655213594437	0.1787215173244476	0.1793111115694046	0.04703816771507263	0.1929923593997955	0.1004264354705811	0.1325258314609528	0.157537043094635	0.06063669547438622	0.1071391031146049	0.123772531747818	0.1196666955947876	0.1064019873738289	0.05691634118556976	0.1462409794330597	0.1128110215067863	0.04719069972634315	0.1127162724733353	0.1498538702726364	0.1130731105804443	0.1299684643745422	0.1899923533201218	0.1101129055023193	0.2192374169826508	0.126748338341713	0.04352772980928421	0.03692137077450752	0.1394489705562592	0.03714501112699509	0.08296970278024673	0.09596266597509384	0.03037449717521667	0.09899939596652985	0.1063250973820686	0.1130699962377548	0.03338778391480446	0.1053551360964775	0.148039922118187	0.142590269446373	0.08973248302936554	0.08300542831420898	0.122404657304287	0.03991862758994102	0.02697476930916309	0.1521364450454712	0.05723008513450623	0.05663737654685974	0.1730983108282089	0.09974883496761322	0.06348738074302673	0.09537394344806671	0.06702909618616104	0.05987033247947693	0.07045625895261765	0.1034435927867889	0.1800567507743835	0.2578233778476715	0.2048743069171906	0.2154319435358047	0.1884273290634155	0.2608954906463623	0.2614566385746002	0.2129388451576233	0.2950208187103271	0.2150170803070068	0.2486661076545715	0.1747241318225861	0.2461527138948441	0.1832998692989349	0.1673392206430435	0.3131270706653595	0.2212221473455429	0.2864705622196198	0.2246949523687363	0.225013479590416	0.2154625803232193	0.2776022255420685	0.1941187381744385	0.2045106738805771	0.2640523910522461	0.1941769421100616	0.2128749340772629	0.2246807366609573
S2014m_E9-A-1-F	0.2235433459281921	0.1977837085723877	0.1595107764005661	0.3218112587928772	0.2341175526380539	0.1485516428947449	0.214576244354248	0.2333341687917709	0.1673467457294464	0.2092802822589874	0.2422168105840683	0.05900521576404572	0.07738600671291351	0.1445228010416031	0.2040673047304153	0.1487810760736465	0.05834215134382248	0.1280781775712967	0.1790068596601486	0.1452309936285019	0.1813730001449585	0.1839832812547684	0.1312607377767563	0.1760988235473633	0.08641945570707321	0.1487962752580643	0.1600324064493179	0.1687921732664108	0.1215326637029648	0.1260064691305161	0.08989249914884567	0.1108174100518227	0.1108174100518227	0.02761487476527691	0.1046093925833702	0.1268572509288788	0.1204591765999794	0.173489585518837	0.1531473249197006	0.1721067875623703	0.0683952271938324	0.09683878719806671	0.09117548912763596	0.1628787368535995	0.1657984107732773	0.1686628460884094	0.1976564526557922	0.0212730523198843	0.06606977432966232	0.1507683843374252	0.1479256749153137	0.1787318289279938	0.1361640095710754	0.150879979133606	0.07959572970867157	0.09213381260633469	0.1540207117795944	0.1008166149258614	0.1669738292694092	0.06717795878648758	0.06819060444831848	0.06683951616287231	0.07741697877645493	0.07164382189512253	0.07434550672769547	0.03497894108295441	0.08083436638116837	0.1326598525047302	0.1204591765999794	0.02425305731594563	0.02924489788711071	0.1413210332393646	0.07132452726364136	0.1517531275749207	0.07441117614507675	0.162995383143425	0.08104792237281799	0	0.1111982986330986	0.1451300233602524	0.1959001123905182	0.1109125688672066	0.1050028130412102	0.1081250384449959	0.1402579545974731	0.03533501923084259	0.1432361006736755	0.0967816561460495	0.1448477059602737	0.130206510424614	0.1370333731174469	0.1785686314105988	0.1142892614006996	0.1221342012286186	0.1282483041286469	0.2042328715324402	0.2215811461210251	0.209650844335556	0.1077629327774048	0.1112208142876625	0.2014865875244141	0.2014865875244141	0.2332017570734024	0.1331556737422943	0.139959380030632	0.1370333731174469	0.1543945968151093	0.2175608575344086	0.2148980349302292	0.1457791477441788	0.1125250533223152	0.2154014855623245	0.1136807799339294	0.2040597945451736	0.1371619999408722	0.1311265230178833	0.06203844770789146	0.2160777449607849	0.1034353002905846	0.1609706729650497	0.1617140918970108	0.06283167749643326	0.1102852895855904	0.1272589564323425	0.1356450617313385	0.115890234708786	0.07853306084871292	0.1628086417913437	0.07482145726680756	0.05568352341651917	0.1410288065671921	0.1600752919912338	0.1414827406406403	0.1398543566465378	0.2009280025959015	0.1196961253881454	0.2306295484304428	0.136613205075264	0.06496205180883408	0.05855954810976982	0.1489965915679932	0.05865946784615517	0.1043371334671974	0.1050457134842873	0.06505335122346878	0.1335522681474686	0.1472754031419754	0.1226707249879837	0.07407645136117935	0.1272388994693756	0.169593021273613	0.1524083763360977	0.0924442782998085	0.09811031818389893	0.1519898027181625	0.06909986585378647	0.06793404370546341	0.1620497405529022	0.1109550297260284	0.09634505212306976	0.2020059376955032	0.1218201667070389	0.09731534123420715	0.1043873727321625	0.06928953528404236	0.08917327225208282	0.07936807721853256	0.1256263256072998	0.1333968639373779	0.2138822674751282	0.1608605533838272	0.1701839715242386	0.1410315036773682	0.2360794842243195	0.2186058163642883	0.1680333167314529	0.2296685576438904	0.1705269068479538	0.2041146010160446	0.1274851113557816	0.2013186663389206	0.1367983222007751	0.1328535974025726	0.2473226189613342	0.1764106750488281	0.2442664951086044	0.1812385022640228	0.1585969775915146	0.1644079834222794	0.2106998413801193	0.1487810164690018	0.1588838845491409	0.2205749452114105	0.1679177284240723	0.1673467457294464	0.1806557476520538
S2017t1_E11-T1a-Female	0.1879280060529709	0.1947807967662811	0.2356504052877426	0.2939334809780121	0.2003075331449509	0.2287032157182693	0.1571345329284668	0.2060117274522781	0.243814617395401	0.1670627892017365	0.3160214424133301	0.1327835470438004	0.1498441100120544	0.2240718007087708	0.201500341296196	0.2229782342910767	0.1321680098772049	0.2100830376148224	0.2507624626159668	0.2260002046823502	0.2585462629795074	0.2553355097770691	0.2304532527923584	0.1719217449426651	0.1582269221544266	0.2289257049560547	0.2333223521709442	0.2069941461086273	0.197918564081192	0.2011169940233231	0.1614495664834976	0.2193496823310852	0.2193496972322464	0.1362528651952744	0.2139555513858795	0.2332902252674103	0.2304078936576843	0.218212217092514	0.2561506330966949	0.2507440745830536	0.1417617350816727	0.1386833488941193	0.1268342733383179	0.1512048989534378	0.1610430479049683	0.1574100255966187	0.1549310088157654	0.1235617995262146	0.04860657081007957	0.2307190895080566	0.2281339764595032	0.2561451494693756	0.2174373269081116	0.2308205515146255	0.07019101083278656	0.08353348821401596	0.1485441923141479	0.06337154656648636	0.1622478067874908	0.1644028276205063	0.1474747359752655	0.1641016453504562	0.1559484004974365	0.150646299123764	0.1470223367214203	0.1104756519198418	0.1538142561912537	0.2409741431474686	0.2304078936576843	0.1332971006631851	0.1401398181915283	0.248476967215538	0.1442185640335083	0.2316146045923233	0.1470832824707031	0.2074808180332184	0.1537660658359528	0.1111982986330986	0	0.05201634764671326	0.1080884337425232	0.02285634726285934	0.007698587607592344	0.01152038481086493	0.04736482724547386	0.104534387588501	0.05100537836551666	0.03740375488996506	0.05626307427883148	0.03847016766667366	0.04598785191774368	0.1261130422353745	0.01149797812104225	0.02735207974910736	0.03482294455170631	0.1038546487689018	0.1506634503602982	0.123607873916626	0.01146181114017963	0.007674823980778456	0.1076780259609222	0.1076780334115028	0.1527920961380005	0.0420590378344059	0.04954866319894791	0.04598785191774368	0.07408440113067627	0.1487080603837967	0.1455413401126862	0.07082752138376236	0.07670788466930389	0.1403335928916931	0.07755160331726074	0.1744175404310226	0.04354885593056679	0.051217932254076	0.1298107355833054	0.1475953310728073	0.06659394502639771	0.1926658302545547	0.2067954540252686	0.1054410710930824	0.07392008602619171	0.04945790022611618	0.04544507712125778	0.08030462265014648	0.1078400462865829	0.2072873562574387	0.1186941713094711	0.1302371025085449	0.2149477005004883	0.2046475261449814	0.2156539857387543	0.220793604850769	0.17108154296875	0.08424416929483414	0.1632383465766907	0.06025633960962296	0.1447935700416565	0.1386286914348602	0.2259409874677658	0.1390064805746078	0.1461601108312607	0.1471681594848633	0.1448773890733719	0.09991389513015747	0.2209843844175339	0.08755134046077728	0.1406127065420151	0.07948347926139832	0.1071756929159164	0.1955274790525436	0.1345472931861877	0.1336800754070282	0.0781998410820961	0.1491698026657104	0.1348513811826706	0.09103655070066452	0.1408703178167343	0.161493107676506	0.1660127937793732	0.08689434081315994	0.1750560700893402	0.1462091356515884	0.1484839916229248	0.1316713839769363	0.1220916360616684	0.09083583950996399	0.2149205654859543	0.1772588491439819	0.2398962676525116	0.2464104443788528	0.2246082872152328	0.1619214415550232	0.2949305176734924	0.2494087964296341	0.1960880160331726	0.2513383030891418	0.1666173487901688	0.2095436006784439	0.163468062877655	0.2183341383934021	0.2140862792730331	0.2405353337526321	0.2524215579032898	0.1694328933954239	0.2610437870025635	0.2601051926612854	0.2519416511058807	0.201921135187149	0.2232713252305984	0.2407877445220947	0.184591069817543	0.24897401034832	0.243814617395401	0.2556378543376923
S2017t1_E11-T1b-Male	0.1451305896043777	0.1752454936504364	0.2186527401208878	0.257292628288269	0.1811254024505615	0.2622607052326202	0.1351093798875809	0.1871908754110336	0.2068392336368561	0.20277439057827	0.2907495200634003	0.1720876842737198	0.1884289681911469	0.2573509514331818	0.2363665997982025	0.2624616920948029	0.1714980602264404	0.2443279027938843	0.2889197468757629	0.2598052620887756	0.2909900844097137	0.29327392578125	0.2695805728435516	0.1946016401052475	0.1964575797319412	0.2624749839305878	0.2723128199577332	0.2472376674413681	0.2385926842689514	0.2411030232906342	0.1995438933372498	0.2413716912269592	0.2413716912269592	0.1569758355617523	0.2360563576221466	0.2551038265228271	0.2130943089723587	0.2403489500284195	0.2776077389717102	0.272287130355835	0.1808395832777023	0.1717443466186523	0.1663887351751328	0.1940847337245941	0.1970702111721039	0.1999979019165039	0.1911774873733521	0.1632538735866547	0.09142785519361496	0.2642018496990204	0.2617125809192657	0.2886790633201599	0.2514114081859589	0.2642995715141296	0.1054005697369576	0.1183300837874413	0.1850191503763199	0.08477726578712463	0.185052216053009	0.2023721784353256	0.1802547425031662	0.2020837515592575	0.1884565502405167	0.1833246797323227	0.1857263147830963	0.1507170498371124	0.192677915096283	0.2242944538593292	0.2130943089723587	0.1540510058403015	0.1194684579968452	0.2322404086589813	0.1830408275127411	0.265064150094986	0.1857846826314926	0.2418212741613388	0.1924888640642166	0.1451300233602524	0.05201634764671326	0	0.1458303034305573	0.05936623364686966	0.04466161131858826	0.04836948215961456	0.02064370736479759	0.138542503118515	0.02453998103737831	0.08052173256874084	0.09176193177700043	0.07450962066650391	0.0674462765455246	0.1694022864103317	0.05568138509988785	0.04040954262018204	0.0479268953204155	0.1556706577539444	0.1281955540180206	0.1386563330888748	0.0630800798535347	0.05949083343148232	0.1594940274953842	0.1594940274953842	0.1756139695644379	0.0779898390173912	0.07097971439361572	0.0674462765455246	0.1023922637104988	0.171469122171402	0.1683405488729477	0.09225640445947647	0.1117160841822624	0.1831496059894562	0.09892270714044571	0.1970648020505905	0.03227386251091957	0.0245452169328928	0.1630588918924332	0.1837726384401321	0.1019143685698509	0.2389308512210846	0.2290980666875839	0.1395537406206131	0.09523741155862808	0.08544483035802841	0.09528884291648865	0.1153386682271957	0.154425784945488	0.2416248172521591	0.09657683223485947	0.1572874486446381	0.2542855441570282	0.2390919327735901	0.2551272511482239	0.2546438276767731	0.2069034278392792	0.1055563539266586	0.1861316561698914	0.08168750256299973	0.1777886003255844	0.1716913878917694	0.2581285238265991	0.1721870750188828	0.1791112571954727	0.1678566336631775	0.1778697520494461	0.1343346536159515	0.2602063119411469	0.1088338792324066	0.1854871213436127	0.1275498867034912	0.147555410861969	0.2289232313632965	0.1678705662488937	0.1729464530944824	0.09956531971693039	0.1698363870382309	0.1800266355276108	0.1255997270345688	0.1868150383234024	0.205277219414711	0.1949178576469421	0.1217229515314102	0.1954279094934464	0.1791587173938751	0.1812317073345184	0.1525251269340515	0.1430437415838242	0.1120885983109474	0.2489874064922333	0.1418259590864182	0.2730377912521362	0.2096946388483047	0.2069419175386429	0.1547984331846237	0.2607019245624542	0.2331511825323105	0.162395104765892	0.2352692633867264	0.1452331691980362	0.2438082545995712	0.1418720334768295	0.2524237334728241	0.2480258494615555	0.200672373175621	0.2161297649145126	0.1246100440621376	0.245536595582962	0.2924903631210327	0.2358328104019165	0.1687580049037933	0.2570299506187439	0.2240969687700272	0.1414318680763245	0.2327666431665421	0.2068392336368561	0.2271487861871719
S2017t1_E13-T1a-Female	0.09363967925310135	0.1036291420459747	0.1539860516786575	0.2132833153009415	0.110472559928894	0.1487961113452911	0.05672898516058922	0.1175247430801392	0.1627056449651718	0.08844910562038422	0.2460405379533768	0.2212567627429962	0.236627534031868	0.1651351302862167	0.1147037968039513	0.149050235748291	0.2207021564245224	0.1260610818862915	0.1823981404304504	0.1451161801815033	0.1849979609251022	0.1878641843795776	0.1580455601215363	0.0781979113817215	0.2441793382167816	0.1490670889616013	0.1614935398101807	0.1297572702169418	0.1187675818800926	0.145314559340477	0.247082382440567	0.1365909427404404	0.1365909427404404	0.219377338886261	0.1299876421689987	0.1536116898059845	0.1475587785243988	0.1347961723804474	0.1813843101263046	0.1748315095901489	0.2296878695487976	0.220933809876442	0.2158962786197662	0.06179198622703552	0.06563462316989899	0.06939996778964996	0.05804714187979698	0.2129475474357605	0.1453872621059418	0.1512506604194641	0.1481027901172638	0.182095855474472	0.1350542157888412	0.1513741910457611	0.158530130982399	0.1706917881965637	0.05010504275560379	0.1530220657587051	0.06619437783956528	0.2497426718473434	0.2289387881755829	0.2494713813066483	0.2366535067558289	0.2318263798952103	0.2340854108333588	0.2011553198099136	0.2412081956863403	0.1605033576488495	0.1475587785243988	0.2166877239942551	0.2250433713197708	0.1696717441082001	0.2315594255924225	0.1523406058549881	0.2341403067111969	0.1228747293353081	0.2408435046672821	0.1959001123905182	0.1080884337425232	0.1458303034305573	0	0.1150035560131073	0.1011686995625496	0.1046572551131248	0.1404065191745758	0.1894966214895248	0.1437166929244995	0.1349077522754669	0.1454831212759018	0.12925124168396	0.1368254274129868	0.05752692371606827	0.1115366891026497	0.1202506422996521	0.1270595639944077	0.01280047371983528	0.04861696064472198	0.01785863935947418	0.1187230348587036	0.1153469532728195	0.01704868301749229	0.01704866997897625	0.05490707978606224	0.1325256079435349	0.1400713175535202	0.1368254274129868	0.1694754511117935	0.07488618791103363	0.0710940882563591	0.1601668149232864	0.1644705682992935	0.07402575016021729	0.1662888824939728	0.08128961175680161	0.1512231975793839	0.1446635723114014	0.224971666932106	0.07425957918167114	0.1552509963512421	0.1426592767238617	0.1207912936806679	0.1906550079584122	0.1626307815313339	0.1399817168712616	0.1490189582109451	0.1680929213762283	0.2046437561511993	0.1302462667226791	0.2059305161237717	0.2196639329195023	0.1614012569189072	0.1194028854370117	0.1619731187820435	0.1391525119543076	0.07761912047863007	0.1723816245794296	0.06695611774921417	0.1501840800046921	0.2268188297748566	0.2208839952945709	0.2152630537748337	0.2215513288974762	0.2280626446008682	0.2296342551708221	0.2268951535224915	0.185956135392189	0.1681629419326782	0.1753921210765839	0.2338604331016541	0.1793640106916428	0.1981814503669739	0.1824498623609543	0.2174922376871109	0.2220645397901535	0.1668790578842163	0.2314545810222626	0.2287242412567139	0.1775297075510025	0.2363421320915222	0.2524752020835876	0.1036763414740562	0.1740964949131012	0.2549903392791748	0.2281072437763214	0.2298577427864075	0.2155395299196243	0.2068247348070145	0.1783818602561951	0.1319786459207535	0.08088628202676773	0.1624080389738083	0.1658870279788971	0.1404374837875366	0.08856010437011719	0.2198769599199295	0.1704170405864716	0.1043221428990364	0.1731632500886917	0.06858972460031509	0.1254007369279861	0.06465422362089157	0.135754406452179	0.1388205587863922	0.1527334451675415	0.1728439629077911	0.07053928077220917	0.1849853992462158	0.1868810653686523	0.1735099256038666	0.1115569621324539	0.1421755701303482	0.1602753400802612	0.08948087692260742	0.1702785044908524	0.1627056449651718	0.1776232272386551
S2017t1_E13-T1a-Male	0.1939895004034042	0.1941710710525513	0.2409471422433853	0.2991275489330292	0.199646919965744	0.2220739275217056	0.1496249735355377	0.2053692489862442	0.2490732222795486	0.1663833558559418	0.3205802738666534	0.1386653482913971	0.143171101808548	0.211425855755806	0.2008882462978363	0.228231742978096	0.1380581557750702	0.2094525843858719	0.2500015497207642	0.2253246754407883	0.2521709799766541	0.2545642256736755	0.2237322479486465	0.1579313278198242	0.1516196429729462	0.2222983539104462	0.2266263067722321	0.2124652564525604	0.2035152316093445	0.1942321509122849	0.1609810441732407	0.2063250243663788	0.20632503926754	0.1230358481407166	0.2008220851421356	0.2205456495285034	0.2296983599662781	0.2175513207912445	0.2553976774215698	0.2383476346731186	0.1413476318120956	0.1320402324199677	0.1264663189649582	0.1437927335500717	0.1469528824090958	0.1500519663095474	0.140715479850769	0.1166828349232674	0.05568098276853561	0.224106952548027	0.2274558246135712	0.2553987205028534	0.2167871296405792	0.22420933842659	0.05583252012729645	0.06942935287952423	0.1480980664491653	0.04876748099923134	0.1480579376220703	0.1578439623117447	0.1470769047737122	0.1575403958559036	0.1432001292705536	0.1378001421689987	0.1403272598981857	0.1101585030555725	0.1594796031713486	0.2342039793729782	0.2296983599662781	0.1135569512844086	0.1397511959075928	0.2417730242013931	0.1312704980373383	0.230927586555481	0.1466553509235382	0.2068574875593185	0.1594114154577255	0.1109125688672066	0.02285634726285934	0.05936623364686966	0.1150035560131073	0	0.01539205480366945	0.0115556912496686	0.05469366163015366	0.1108042821288109	0.05088695138692856	0.04457871243357658	0.05612943693995476	0.04569560289382935	0.05315679684281349	0.125554695725441	0.02657663449645042	0.03483575955033302	0.02715491130948067	0.1179054230451584	0.143096923828125	0.1232041791081429	0.019041633233428	0.0228285975754261	0.1216849461197853	0.1216849386692047	0.1522937119007111	0.04197730869054794	0.04943850263953209	0.05315679684281349	0.08086502552032471	0.148261547088623	0.1382081806659698	0.07067711651325226	0.06959268450737	0.1329256594181061	0.07737717777490616	0.1738851964473724	0.0583309717476368	0.05113767087459564	0.1420153826475143	0.1471562832593918	0.06646043062210083	0.1982164680957794	0.2061658054590225	0.1051740869879723	0.07375922799110413	0.04938680678606033	0.0596495047211647	0.08012190461158752	0.1140173599123955	0.1941391229629517	0.118372730910778	0.1361996680498123	0.2142834067344666	0.2040320038795471	0.2209589928388596	0.2201345264911652	0.1705617606639862	0.08404620736837387	0.1559576541185379	0.06014484912157059	0.1444021463394165	0.1382571905851364	0.2252976149320602	0.1386324018239975	0.1457646042108536	0.1467665135860443	0.1444856971502304	0.09294828027486801	0.2203018218278885	0.0804351419210434	0.1463456004858017	0.08605864644050598	0.113408736884594	0.1888890266418457	0.1341868042945862	0.139549732208252	0.07101162523031235	0.1487622112035751	0.1468419432640076	0.0908176600933075	0.1530016362667084	0.1669513881206512	0.172033965587616	0.08668878674507141	0.1745743900537491	0.1332302689552307	0.1480831950902939	0.1313169300556183	0.1217673346400261	0.09061504155397415	0.214277058839798	0.1766610145568848	0.239188626408577	0.2516331076622009	0.2176936268806458	0.1749040186405182	0.2998002767562866	0.2486474066972733	0.2019983977079391	0.2505756020545959	0.1660580039024353	0.2089145928621292	0.1698082536458969	0.2176786661148071	0.2073638141155243	0.2397058755159378	0.2575848698616028	0.1757725477218628	0.254450798034668	0.2593497335910797	0.2511740028858185	0.2077463716268539	0.2104066610336304	0.2400513291358948	0.1907022893428802	0.2482171207666397	0.2490732222795486	0.2548261880874634
S2017t1_E13-T1b-Female	0.1818660646677017	0.1889062225818634	0.2303589433431625	0.2887401282787323	0.1945135444402695	0.2235113978385925	0.1506955623626709	0.2003004401922226	0.2385610342025757	0.1742838770151138	0.3114696145057678	0.1332258582115173	0.1503342092037201	0.2188873142004013	0.1958851665258408	0.2237229198217392	0.1326085478067398	0.2046366780996323	0.2515706717967987	0.2207489609718323	0.2537497580051422	0.2561535239219666	0.231215700507164	0.1658812910318375	0.1587396711111069	0.2237369120121002	0.2340914607048035	0.2076992690563202	0.1986002177000046	0.2017978727817535	0.161970853805542	0.2139835953712463	0.2139835804700851	0.1303563117980957	0.2085147798061371	0.2281147092580795	0.2250433713197708	0.2128066569566727	0.2512800991535187	0.245802253484726	0.142231285572052	0.1328663676977158	0.1272594034671783	0.1517544984817505	0.1548967957496643	0.1579782366752625	0.1486945748329163	0.1239773482084274	0.04877989366650581	0.2255544811487198	0.2229344993829727	0.2513173520565033	0.212092250585556	0.2256573438644409	0.06340845674276352	0.07694488018751144	0.142212763428688	0.05643392726778984	0.1560648679733276	0.1649318933486938	0.1417762637138367	0.1646299064159393	0.1503630578517914	0.1449902802705765	0.1475046873092651	0.1108520850539207	0.1543209552764893	0.2357564568519592	0.2250433713197708	0.1273599714040756	0.1341460794210434	0.2433622181415558	0.14469313621521	0.2264620661735535	0.1475657820701599	0.2019983977079391	0.1542707830667496	0.1050028130412102	0.007698587607592344	0.04466161131858826	0.1011686995625496	0.01539205480366945	0	0.003881212789565325	0.04003199934959412	0.09826977550983429	0.04372870177030563	0.03753656148910522	0.04930224642157555	0.03124338388442993	0.03881757333874702	0.1265756636857986	0.01153496559709311	0.01986435055732727	0.02745023369789124	0.1115235835313797	0.1441248655319214	0.1168349534273148	0.01910148188471794	0.01534376014024019	0.1153469532728195	0.1153469458222389	0.1464958786964417	0.03488630056381226	0.04243201017379761	0.03881757333874702	0.0743480771780014	0.1423813849687576	0.1391673237085342	0.06397323310375214	0.07002042979001999	0.1408428996801376	0.07079651951789856	0.1684135794639587	0.0512179508805275	0.04388543218374252	0.1365885585546494	0.1413073688745499	0.05975862592458725	0.1995132118463516	0.2012302875518799	0.09916478395462036	0.0671384185552597	0.04234045371413231	0.05282211676239967	0.07364323735237122	0.1147348806262016	0.2018038779497147	0.1123710125684738	0.1306755393743515	0.2156631648540497	0.1991257071495056	0.2163742780685425	0.2154944539070129	0.1650557667016983	0.07758711278438568	0.1570428013801575	0.0532722994685173	0.1390365362167358	0.1328109502792358	0.2209405601024628	0.133171021938324	0.1404215395450592	0.1413974016904831	0.1391215175390244	0.09353453665971756	0.2217175960540771	0.08094245195388794	0.1472542583942413	0.08659745752811432	0.1075420454144478	0.1901023983955383	0.128651037812233	0.1341249495744705	0.07145430147647858	0.1434262096881866	0.1415374577045441	0.08455577492713928	0.1476702839136124	0.1679732948541641	0.1666035354137421	0.08032841235399246	0.1696577668190002	0.1404712349176407	0.1427990943193436	0.1256882697343826	0.1159752979874611	0.08427461236715317	0.209540918469429	0.1710682362318039	0.2348545491695404	0.241192951798439	0.2191623151302338	0.1693572998046875	0.2900657951831818	0.2442835867404938	0.1901785433292389	0.2462625801563263	0.160322979092598	0.2040897458791733	0.1571258455514908	0.2129779458045959	0.2087201178073883	0.2348880469799042	0.2472635805606842	0.1630906164646149	0.2560991942882538	0.2553288638591766	0.2468510717153549	0.1960974335670471	0.2180058807134628	0.2355674654245377	0.178479015827179	0.2438660562038422	0.2385610342025757	0.2505742013454437
S2017t1_E13-T1b-Male	0.1849217414855957	0.1918672025203705	0.2330255061388016	0.2913578450679779	0.1908748745918274	0.2201308459043503	0.1468589454889297	0.2031789720058441	0.241208553314209	0.1772675663232803	0.3137631416320801	0.1361546218395233	0.1531486362218857	0.2214996814727783	0.1987150311470032	0.2263375967741013	0.1355414688587189	0.2073812633752823	0.2483122944831848	0.2233951091766357	0.2505008578300476	0.25291508436203	0.23378024995327	0.1689258813858032	0.1614987850189209	0.220357358455658	0.2366368919610977	0.2104227989912033	0.2013865858316422	0.2045255899429321	0.1586929261684418	0.2166877090930939	0.2166877239942551	0.1333276927471161	0.2112566232681274	0.2307226657867432	0.2277468293905258	0.2155307233333588	0.2537341117858887	0.2482922226190567	0.1388630568981171	0.1294746100902557	0.1238457038998604	0.1548755019903183	0.1579947471618652	0.1610537022352219	0.151838093996048	0.1269688159227371	0.05230595171451569	0.2221828401088715	0.2255544811487198	0.2537497580051422	0.2147857248783112	0.2222861498594284	0.06682708114385605	0.0802655816078186	0.1454042494297028	0.05993090942502022	0.1591814160346985	0.1676506251096725	0.1446476131677628	0.1673506051301956	0.1531773209571838	0.1478402018547058	0.150337889790535	0.1073742210865021	0.1571414321660995	0.2323040962219238	0.2277468293905258	0.1239196583628654	0.1371666342020035	0.2399442195892334	0.1413476318120956	0.2290583550930023	0.1442315131425858	0.2047611922025681	0.1570812463760376	0.1081250384449959	0.01152038481086493	0.04836948215961456	0.1046572551131248	0.0115556912496686	0.003881212789565325	0	0.04372870177030563	0.1014268696308136	0.03987784311175346	0.03378647938370705	0.04559800773859024	0.03488630056381226	0.04243201017379761	0.1298268437385559	0.01532732509076595	0.02363915927708149	0.03116694837808609	0.1076721400022507	0.1402585804462433	0.112953744828701	0.01526473090052605	0.01149231288582087	0.1114955097436905	0.1114954948425293	0.1427635699510574	0.03112589567899704	0.03867160156369209	0.04243201017379761	0.07772697508335114	0.1455704569816589	0.1354209333658218	0.06742816418409348	0.06638284772634506	0.1440022885799408	0.07420135289430618	0.1714397519826889	0.05485818907618523	0.04758204519748688	0.1395175606012344	0.1444768309593201	0.06320390105247498	0.1960743516683578	0.2040349245071411	0.1023278012871742	0.0705566480755806	0.0459282211959362	0.05631832033395767	0.07700071483850479	0.1112722009420395	0.2045672088861465	0.1155579090118408	0.1336447447538376	0.2122936993837357	0.2019083946943283	0.2190146595239639	0.2181647419929504	0.1680929064750671	0.08094245195388794	0.1533243060112	0.0567927174270153	0.1419374793767929	0.1357425004243851	0.2234599143266678	0.1361115276813507	0.1433131545782089	0.1443052887916565	0.1420218497514725	0.08997508138418198	0.2183597832918167	0.07730488479137421	0.1439187824726105	0.08302471041679382	0.1106466129422188	0.1867156326770782	0.1316222250461578	0.1370476335287094	0.06777917593717575	0.1463203877210617	0.1444103866815567	0.08782203495502472	0.1505710929632187	0.1647188514471054	0.1696023941040039	0.08363769203424454	0.1723776757717133	0.1433625072240829	0.1456635892391205	0.1287033557891846	0.1190576404333115	0.087581567466259	0.2122518569231033	0.1672893762588501	0.2373949140310287	0.2438222616910934	0.2156350165605545	0.1656229048967361	0.2925172746181488	0.2468662858009338	0.1931571960449219	0.2488202601671219	0.1565298587083817	0.2068381309509277	0.160322979092598	0.2156770527362823	0.2052910476922989	0.2311536371707916	0.249862864613533	0.1662878692150116	0.252738744020462	0.2577353119850159	0.2494162768125534	0.1990327686071396	0.2146013677120209	0.2381981015205383	0.1815599948167801	0.2464400231838226	0.241208553314209	0.2471577674150467
S2017t1_E14-T1a-Female	0.1620945036411285	0.1697594225406647	0.2131399810314178	0.2718095183372498	0.1756336241960526	0.2567561566829681	0.1296788603067398	0.1816940009593964	0.2214634120464325	0.1972673237323761	0.2966742217540741	0.1671838909387589	0.1712524443864822	0.2400081008672714	0.2308021932840347	0.2569572925567627	0.1539632081985474	0.2388157248497009	0.2834376096725464	0.2542743384838104	0.285510241985321	0.287796676158905	0.2640809118747711	0.1890993416309357	0.1915353834629059	0.25697061419487	0.2668152153491974	0.2417263239622116	0.2330793440341949	0.2356664538383484	0.1826026290655136	0.235858827829361	0.2358588427305222	0.1520883440971375	0.2305426895618439	0.249595582485199	0.2075830101966858	0.2348108291625977	0.2721144556999207	0.2667895257472992	0.1759081035852432	0.1542146801948547	0.1487457454204559	0.1885827928781509	0.1915663480758667	0.1944923251867294	0.1856775730848312	0.1583591103553772	0.08665473014116287	0.2586984932422638	0.2562077641487122	0.2831966876983643	0.2459015697240829	0.2587963342666626	0.1005971059203148	0.1135014519095421	0.1795240193605423	0.08001970499753952	0.1795570403337479	0.1974470168352127	0.1753436923027039	0.1971586942672729	0.1835393011569977	0.1784111708402634	0.1808110177516937	0.1458374112844467	0.1753831803798676	0.2187807708978653	0.2075830101966858	0.1491671204566956	0.1146377399563789	0.2267264276742935	0.1781275570392609	0.2595613896846771	0.1685522049665451	0.2363085150718689	0.1752567440271378	0.1402579545974731	0.04736482724547386	0.02064370736479759	0.1404065191745758	0.05469366163015366	0.04003199934959412	0.04372870177030563	0	0.1336995512247086	0.00397840142250061	0.06114017590880394	0.07261732220649719	0.06979650259017944	0.06275159865617752	0.1640221625566483	0.05101926997303963	0.059434425085783	0.06665778160095215	0.1502325236797333	0.1227776408195496	0.1557991802692413	0.05837834253907204	0.05479908362030983	0.1540262401103973	0.1540262252092361	0.1701521426439285	0.07326794415712357	0.06627571582794189	0.06275159865617752	0.08331713080406189	0.1660386174917221	0.1629134565591812	0.08746200799942017	0.1068999916315079	0.1777320355176926	0.09411347657442093	0.1915609538555145	0.02764600515365601	0.01994313672184944	0.1581643372774124	0.1783303022384644	0.09711819142103195	0.2334938645362854	0.2235590517520905	0.1346897333860397	0.09045569598674774	0.08066636323928833	0.09050702303647995	0.1104960516095161	0.1495413929224014	0.2236699908971786	0.09177275002002716	0.1523995697498322	0.2488532066345215	0.2335786521434784	0.2496708929538727	0.2491353303194046	0.2013694047927856	0.1007330939173698	0.1806106269359589	0.07693739235401154	0.1728596985340118	0.1541606187820435	0.2528713941574097	0.1672632694244385	0.1741812378168106	0.162937119603157	0.1603986024856567	0.1159383431077003	0.2428521662950516	0.1040039509534836	0.1682483553886414	0.1227049678564072	0.1426800042390823	0.2236363291740417	0.1629510372877121	0.1680418401956558	0.09475469589233398	0.1649148613214493	0.1626722812652588	0.1207581385970116	0.1691651046276093	0.1884572803974152	0.189491480588913	0.1168685480952263	0.1783298850059509	0.1742286384105682	0.1763198673725128	0.1476233452558517	0.1381548643112183	0.107252225279808	0.2434766739606857	0.1508719623088837	0.2675407528877258	0.2242146730422974	0.2014329135417938	0.1348787099123001	0.2742369771003723	0.2276122272014618	0.1709135621786118	0.2297554910182953	0.1397858262062073	0.2382959872484207	0.1364300698041916	0.2468892335891724	0.2303033173084259	0.2164712250232697	0.2304806560277939	0.1423896849155426	0.2400247305631638	0.2870122492313385	0.2302940487861633	0.1771163195371628	0.251522570848465	0.2185833305120468	0.1585414111614227	0.2272527366876602	0.2214634120464325	0.234104797244072
S2017t1_E14-T1a-Male	0.1978025436401367	0.2290813326835632	0.1331158429384232	0.3217201828956604	0.2092374265193939	0.1545803099870682	0.2206646502017975	0.2145738899707794	0.1672341823577881	0.1901934444904327	0.2421186566352844	0.06533725559711456	0.08353713154792786	0.1505203545093536	0.234210878610611	0.1548074334859848	0.03771398589015007	0.107785776257515	0.1604349166154861	0.1513174623250961	0.1628793627023697	0.165575847029686	0.1376013606786728	0.2077670842409134	0.09248252213001251	0.1548224687576294	0.1659439653158188	0.174754798412323	0.1278408467769623	0.1321932673454285	0.07028854638338089	0.1437453776597977	0.1437453776597977	0.06175454705953598	0.137871727347374	0.158927857875824	0.1536741554737091	0.1794757694005966	0.1593054831027985	0.1779421120882034	0.07465669512748718	0.1029305309057236	0.09732317179441452	0.1950131058692932	0.1977719664573669	0.2004789113998413	0.2286545038223267	0.055502749979496	0.1001250743865967	0.1312507688999176	0.1283117532730103	0.1601507812738419	0.1423201560974121	0.1313661634922028	0.1129324659705162	0.1248102933168411	0.1866450011730194	0.1071909964084625	0.1991461515426636	0.09907402098178864	0.07443194836378098	0.09875252842903137	0.08356785029172897	0.07785121351480484	0.0805264338850975	0.04155083373188972	0.08701640367507935	0.1652102619409561	0.1536741554737091	0.0585668757557869	0.06406521052122116	0.1734031289815903	0.07753509283065796	0.1577490866184235	0.08059144020080566	0.1690180599689484	0.08720721304416656	0.03533501923084259	0.104534387588501	0.138542503118515	0.1894966214895248	0.1108042821288109	0.09826977550983429	0.1014268696308136	0.1336995512247086	0	0.1367111802101135	0.09011314809322357	0.1385534703731537	0.1237525567412376	0.1306034624576569	0.1722142547369003	0.1076596900820732	0.1155098453164101	0.1216921284794807	0.1979259103536606	0.2276461869478226	0.2033195197582245	0.114162914454937	0.1110993772745132	0.2013774812221527	0.2013774663209915	0.2271724492311478	0.1267340332269669	0.1335616260766983	0.1306034624576569	0.1603845953941345	0.2234487533569336	0.2208144962787628	0.1518576741218567	0.1187310814857483	0.2212368547916412	0.1199464201927185	0.2099934369325638	0.1434866040945053	0.1375153809785843	0.06838573515415192	0.2219308167695999	0.1097342520952225	0.1669405251741409	0.1678235828876495	0.06926261633634567	0.1165619716048241	0.1334804445505142	0.1417562961578369	0.12208541482687	0.08480639755725861	0.1688316166400909	0.08135289698839188	0.06209418177604675	0.14706189930439	0.1661282777786255	0.1475344896316528	0.145972415804863	0.2068695425987244	0.1258999556303024	0.236455500125885	0.1427623927593231	0.07125744968652725	0.06489595770835876	0.1547842025756836	0.06501737982034683	0.1103769838809967	0.1111230403184891	0.07134784013032913	0.1395683735609055	0.1532681435346603	0.1288440972566605	0.08025998622179031	0.1332957893610001	0.1753158569335938	0.1583176255226135	0.09860166162252426	0.1041895523667336	0.1580044776201248	0.07539945840835571	0.07417792081832886	0.167892724275589	0.117042675614357	0.1023120209574699	0.2078844755887985	0.1279549896717072	0.1033371537923813	0.110426738858223	0.07552006840705872	0.09540873765945435	0.08570211380720139	0.1317694783210754	0.139581635594368	0.2137744873762131	0.1667637377977371	0.1700721681118011	0.1473432183265686	0.2109644412994385	0.2185009270906448	0.1740847080945969	0.254282683134079	0.1510288715362549	0.2040050476789474	0.1337312608957291	0.2012083530426025	0.1429719626903534	0.1390183568000793	0.272287905216217	0.1763000786304474	0.2188275903463364	0.1621083319187164	0.1646507531404495	0.1768518686294556	0.2357440441846848	0.1227829605340958	0.1650067418813705	0.2204684615135193	0.1739459633827209	0.1672341823577881	0.1550183594226837
S2017t1_E14-T1b-Female	0.1652993708848953	0.1728615760803223	0.2159269899129868	0.2745530605316162	0.1719096750020981	0.2533986568450928	0.1257473230361938	0.1847077608108521	0.224230945110321	0.200167715549469	0.2990671992301941	0.1699787229299545	0.1739975810050964	0.2425498366355896	0.233489990234375	0.259443074464798	0.1568239331245422	0.2414241284132004	0.2802006304264069	0.2567892968654633	0.2822826504707336	0.2845793962478638	0.26651930809021	0.1920589357614517	0.1941694170236588	0.253614068031311	0.2692355513572693	0.2443148344755173	0.2357271164655685	0.2382604032754898	0.1793247014284134	0.238487496972084	0.2384875118732452	0.1549852192401886	0.2332080006599426	0.2521307170391083	0.2104094475507736	0.2374585568904877	0.2745000123977661	0.269210010766983	0.1725627481937408	0.1508229225873947	0.1453320384025574	0.1915461421012878	0.194507971405983	0.1974127441644669	0.1886621415615082	0.1612133681774139	0.09001509845256805	0.2553497552871704	0.2586985230445862	0.285510241985321	0.2484617084264755	0.255448043346405	0.1038558408617973	0.1166675016283989	0.1825537979602814	0.08342897146940231	0.1825865656137466	0.2000427395105362	0.1780841052532196	0.1997562646865845	0.1862255930900574	0.1811312586069107	0.1835152953863144	0.1423839181661606	0.17813341319561	0.2152517288923264	0.2104094475507736	0.1457270979881287	0.1177957057952881	0.2232332974672318	0.1748046278953552	0.2620297372341156	0.1652179360389709	0.2389340847730637	0.1779974699020386	0.1432361006736755	0.05100537836551666	0.02453998103737831	0.1437166929244995	0.05088695138692856	0.04372870177030563	0.03987784311175346	0.00397840142250061	0.1367111802101135	0	0.05739009752869606	0.06891308724880219	0.07326794415712357	0.06627571582794189	0.1671106070280075	0.05463199689984322	0.0630287304520607	0.07019718736410141	0.1464109718799591	0.1188149154186249	0.1519483029842377	0.05457125604152679	0.05097752436995506	0.150204673409462	0.1502046585083008	0.1664201617240906	0.06953603029251099	0.06251565366983414	0.06627571582794189	0.08668797463178635	0.1691394299268723	0.1591674089431763	0.09082993865013123	0.1032890826463699	0.1807333678007126	0.09743257611989975	0.1945026367902756	0.03146900236606598	0.02382682822644711	0.1610199362039566	0.1813405454158783	0.1004021391272545	0.230078861117363	0.2262850552797318	0.1377065181732178	0.09378819912672043	0.08408454805612564	0.09383914619684219	0.11369638890028	0.1461028903722763	0.2263576239347458	0.09510898590087891	0.155294343829155	0.2455066293478012	0.2362229973077774	0.2521819472312927	0.2516736090183258	0.2042531818151474	0.1040039509534836	0.1768924593925476	0.0803694948554039	0.1756277233362198	0.1570199877023697	0.2552717328071594	0.1700687855482101	0.1769404113292694	0.1657718122005463	0.1632272452116013	0.1123788878321648	0.2394943535327911	0.1003667041659355	0.1649128794670105	0.1191579550504684	0.145641416311264	0.2202726900577545	0.1657856553792953	0.1708309054374695	0.09107990562915802	0.1677361875772476	0.1654744893312454	0.1238726601004601	0.171992763876915	0.1852028369903564	0.1924077421426773	0.1200232803821564	0.1810392141342163	0.1769875288009644	0.1790537983179092	0.1505625247955322	0.1411595940589905	0.1104759201407433	0.2460532635450363	0.1470010280609131	0.2699563205242157	0.2269627302885056	0.1978255212306976	0.1310245096683502	0.276798814535141	0.2303098738193512	0.1740353554487228	0.2324262112379074	0.1358999311923981	0.2409079074859619	0.1397858113050461	0.2494541555643082	0.2268742471933365	0.2126469314098358	0.2331969141960144	0.1457467526197433	0.2365916669368744	0.2893012762069702	0.2329730540513992	0.1801916360855103	0.248141422867775	0.2213319540023804	0.1617734581232071	0.229940801858902	0.224230945110321	0.2306133061647415
S2017t1_E14-T1b-Male	0.1719280779361725	0.1790878176689148	0.220463290810585	0.2773799300193787	0.1781476736068726	0.2080011665821075	0.1617221534252167	0.1904546618461609	0.2285169214010239	0.1582267582416534	0.3008750677108765	0.118621438741684	0.1233051866292953	0.1973647624254227	0.1863185912370682	0.2082467526197433	0.1050775498151779	0.1951339244842529	0.2306631356477737	0.2111782431602478	0.2385433614253998	0.2353432327508926	0.2158121913671494	0.1563989073038101	0.144308939576149	0.2082288712263107	0.2187162041664124	0.2282659113407135	0.1828912943601608	0.186323270201683	0.1291603744029999	0.2043813019990921	0.2043812870979309	0.1219574213027954	0.1989220529794693	0.2184924781322479	0.2151541262865067	0.2392490357160568	0.2416402548551559	0.2361648678779602	0.1213664412498474	0.1428755521774292	0.1312647014856339	0.1356559842824936	0.1455343812704086	0.1419281661510468	0.1791465878486633	0.1093137338757515	0.03371008485555649	0.2100640386343002	0.2134016454219818	0.2417606264352798	0.2025758773088455	0.2101678848266602	0.05541525781154633	0.06887164711952209	0.1328997910022736	0.04842221736907959	0.1466168612241745	0.1505456566810608	0.1333981156349182	0.1502414643764496	0.1419542729854584	0.1366004049777985	0.1329955905675888	0.08953291177749634	0.1270933002233505	0.2197935432195663	0.2151541262865067	0.1125688105821609	0.1255199462175369	0.2274786978960037	0.1239515617489815	0.216924712061882	0.1141913309693336	0.2288163900375366	0.1271415054798126	0.0967816561460495	0.03740375488996506	0.08052173256874084	0.1349077522754669	0.04457871243357658	0.03753656148910522	0.03378647938370705	0.06114017590880394	0.09011314809322357	0.05739009752869606	0	0.06231613084673882	0.06651240587234497	0.07381085306406021	0.1105723828077316	0.04100040346384048	0.05638134106993675	0.06341452896595001	0.1306762993335724	0.1691982597112656	0.1429239213466644	0.04094056412577629	0.0373765230178833	0.1343851983547211	0.1343851834535599	0.1706515550613403	0.06287522614002228	0.07017367333173752	0.07381085306406021	0.0866350382566452	0.1732677966356277	0.1636504381895065	0.09744240343570709	0.0550144836306572	0.1649560481309891	0.06266485899686813	0.1589228957891464	0.07935281097888947	0.07964130491018295	0.1218919605016708	0.1720113158226013	0.05178797990083694	0.2143090218305588	0.2284426689147949	0.1298543214797974	0.05906011536717415	0.07707978785037994	0.07986831665039062	0.06555799394845963	0.131919801235199	0.2164676338434219	0.1432707756757736	0.1159401163458824	0.1942917257547379	0.2261338531970978	0.2009670287370682	0.20597243309021	0.1556175053119659	0.06941565871238708	0.180770143866539	0.08736773580312729	0.1306364238262177	0.111635185778141	0.2118192613124847	0.1247937008738518	0.1685137897729874	0.1696422398090363	0.1179750040173531	0.06475768238306046	0.188107505440712	0.0658176988363266	0.1138676330447197	0.06487562507390976	0.1186633184552193	0.2107968181371689	0.1575050055980682	0.1565095782279968	0.09765674918889999	0.1349437385797501	0.1142590120434761	0.116231307387352	0.1574347615242004	0.1353978663682938	0.1506960839033127	0.07220490276813507	0.148896649479866	0.1685602813959122	0.1344172060489655	0.154958501458168	0.1458883732557297	0.07606539130210876	0.2000290006399155	0.1543439328670502	0.2253082394599915	0.2311467826366425	0.2030317038297653	0.1593566536903381	0.2793814539909363	0.2343316227197647	0.2062584906816483	0.2363535612821579	0.1436582058668137	0.1945881098508835	0.1474082767963409	0.2034192085266113	0.1806021481752396	0.2176453024148941	0.2371681332588196	0.1940288245677948	0.2403521835803986	0.2457709759473801	0.2368976324796677	0.1861724704504013	0.2024429440498352	0.225666418671608	0.1685510724782944	0.2339584827423096	0.2285169214010239	0.2346242219209671
S2017t1_E16-T1a-Female	0.2207484841346741	0.2266212850809097	0.2643984258174896	0.3220707178115845	0.225562572479248	0.221129834651947	0.1853335499763489	0.2369872778654099	0.2723525166511536	0.2123044729232788	0.3407935500144958	0.1138965710997581	0.118625782430172	0.1864161938428879	0.1748815029859543	0.203236848115921	0.1579419374465942	0.2396781146526337	0.2257424592971802	0.2545552253723145	0.2279747575521469	0.2304373383522034	0.2640025913715363	0.2046614438295364	0.1396376192569733	0.1972404420375824	0.2137377709150314	0.1870160102844238	0.2341637015342712	0.2366372644901276	0.1245103552937508	0.2485125064849854	0.2485125362873077	0.1683081835508347	0.2435151487588882	0.2614395916461945	0.2595441043376923	0.1919159889221191	0.2309791296720505	0.2254269421100616	0.1166471615433693	0.0942080095410347	0.08837106078863144	0.1914941370487213	0.1943493783473969	0.1971503347158432	0.1887146681547165	0.1621867120265961	0.09366253018379211	0.2531788647174835	0.2564161419868469	0.2311919182538986	0.2464940398931503	0.2532741129398346	0.1069528236985207	0.1192680820822716	0.1828300803899765	0.1009469479322433	0.1957414746284485	0.1458881199359894	0.122520849108696	0.1455832421779633	0.1311841458082199	0.1257632374763489	0.1283000856637955	0.1440200060606003	0.122369259595871	0.2635991871356964	0.2595441043376923	0.159513458609581	0.1726935207843781	0.2706320285797119	0.1192552223801613	0.2060105800628662	0.1095115691423416	0.1812471747398376	0.1224343031644821	0.1448477059602737	0.05626307427883148	0.09176193177700043	0.1454831212759018	0.05612943693995476	0.04930224642157555	0.04559800773859024	0.07261732220649719	0.1385534703731537	0.06891308724880219	0.06231613084673882	0	0.01864128187298775	0.02607427723705769	0.1679520159959793	0.05973378568887711	0.06783181428909302	0.07469595968723297	0.1480626165866852	0.1793171912431717	0.1534013003110886	0.05967550724744797	0.05623627454042435	0.1517129391431808	0.1517129242420197	0.1111360490322113	0.01493704412132502	0.02237004041671753	0.02607427723705769	0.03279304131865501	0.1278685331344604	0.1177393570542336	0.03670814633369446	0.05020544305443764	0.1128281429409981	0.05779325217008591	0.1537366807460785	0.0974833220243454	0.09085098654031754	0.1107731983065605	0.1131836175918579	0.04695593193173409	0.1665467023849487	0.1864899098873138	0.0862027183175087	0.05420161783695221	0.02957850508391857	0.0256799254566431	0.04676159471273422	0.09524374455213547	0.1746009737253189	0.1529922485351562	0.1175276786088943	0.1832475215196609	0.1720350980758667	0.1899228245019913	0.1887841671705246	0.1370767056941986	0.05056525394320488	0.1217337399721146	0.02592561766505241	0.1133700609207153	0.09412942826747894	0.195502445101738	0.1073913350701332	0.1147818863391876	0.1155752837657928	0.1005497947335243	0.0461592860519886	0.1770262122154236	0.04695435985922813	0.1028600111603737	0.06689522415399551	0.09455382078886032	0.157695934176445	0.115558810532093	0.108462817966938	0.03718820959329605	0.1176438629627228	0.1032146811485291	0.0579724945127964	0.1086760982871056	0.1246576756238937	0.1389070749282837	0.05356629937887192	0.1320552080869675	0.1148325651884079	0.1297304183244705	0.0995616540312767	0.08966340869665146	0.05737387388944626	0.2441610097885132	0.2043024897575378	0.2673383355140686	0.2747564017772675	0.2482750117778778	0.1891640275716782	0.3213640153408051	0.2772705554962158	0.2281062602996826	0.2789396643638611	0.1941563785076141	0.2391783893108368	0.1977802664041519	0.2474468797445297	0.2256224900484085	0.2649437487125397	0.2804484367370605	0.203733816742897	0.2824222445487976	0.2861324548721313	0.2796191573143005	0.2334855198860168	0.2461922764778137	0.2691577970981598	0.2176763266324997	0.2767467796802521	0.2723525166511536	0.2775407731533051
S2017t1_E16-T1a-Male	0.2064894139766693	0.2127809226512909	0.2518880367279053	0.3098422586917877	0.2180640399456024	0.2139669507741928	0.1768364608287811	0.2235186696052551	0.2599345147609711	0.198347732424736	0.3300045728683472	0.1051629856228828	0.1228252202272415	0.1911119669675827	0.166652724146843	0.1957489103078842	0.1563020348548889	0.2267980426549911	0.2246001809835434	0.2421235889196396	0.2268577814102173	0.2293481826782227	0.251939982175827	0.1904301047325134	0.1315028220415115	0.1957633942365646	0.206491082906723	0.1791478097438812	0.2210945338010788	0.2238280028104782	0.1348386257886887	0.2358197420835495	0.2358197569847107	0.1543544679880142	0.2306515872478485	0.2491832971572876	0.2468666434288025	0.1840636879205704	0.2240613698959351	0.2183843702077866	0.1143515110015869	0.1047918573021889	0.09900334477424622	0.176914170384407	0.179873138666153	0.1827754527330399	0.1740333586931229	0.1481381058692932	0.07719933241605759	0.2465808987617493	0.2441014796495438	0.2243377417325974	0.2338457852602005	0.2466782629489899	0.0909731462597847	0.1037299707531929	0.1679330766201019	0.08461921662092209	0.1811862289905548	0.1378955245018005	0.1139902025461197	0.1375837624073029	0.122855007648468	0.1173082888126373	0.119904100894928	0.1357319951057434	0.1266226768493652	0.2569887936115265	0.2468666434288025	0.1515215039253235	0.1585290729999542	0.2641798257827759	0.1170015409588814	0.1985867470502853	0.1199671849608421	0.173241525888443	0.1266727298498154	0.130206510424614	0.03847016766667366	0.07450962066650391	0.12925124168396	0.04569560289382935	0.03124338388442993	0.03488630056381226	0.06979650259017944	0.1237525567412376	0.07326794415712357	0.06651240587234497	0.01864128187298775	0	0.007574188522994518	0.1527768224477768	0.04207272827625275	0.05025761947035789	0.05738203227519989	0.1389726847410202	0.1706654876470566	0.1443242579698563	0.04929382726550102	0.04576428979635239	0.1426779478788376	0.1426779329776764	0.1156025305390358	0.003760406747460365	0.01130611263215542	0.007574188522994518	0.04402295500040054	0.1114872545003891	0.1081574112176895	0.03330821916460991	0.0399111844599247	0.1102923974394798	0.04035503789782524	0.1381823271512985	0.08053075522184372	0.07364595681428909	0.1084134057164192	0.1106423512101173	0.02931714430451393	0.1710489541292191	0.1720646321773529	0.06999911367893219	0.03669692948460579	0.01121393218636513	0.02215605601668358	0.04353414103388786	0.08607332408428192	0.1730483919382095	0.1380781233310699	0.1023074313998222	0.1877731829881668	0.1702653020620346	0.1883899867534637	0.1872239112854004	0.1348367631435394	0.04736809805035591	0.1262637227773666	0.0223783366382122	0.1110529080033302	0.1047346070408821	0.1940863877534866	0.1049967333674431	0.1124828979372978	0.1132688596844673	0.111140638589859	0.06407196819782257	0.1939241290092468	0.05083335563540459	0.1196455806493759	0.05702491477131844	0.07864759862422943	0.1620691269636154	0.1003298461437225	0.1060911566019058	0.04103436321020126	0.115364134311676	0.1137436777353287	0.05491713061928749	0.1194030717015266	0.141035407781601	0.1367113888263702	0.05043661221861839	0.1424550712108612	0.11253422498703	0.1150461584329605	0.09704508632421494	0.08701391518115997	0.05427468568086624	0.2314336150884628	0.1962096989154816	0.2553857266902924	0.2624210119247437	0.2413133233785629	0.1942630857229233	0.3098600506782532	0.2651423513889313	0.2141909450292587	0.2669230699539185	0.1858835071325302	0.2262811958789825	0.182878389954567	0.2347750663757324	0.2305594831705093	0.2578290700912476	0.2682510018348694	0.1888393461704254	0.2762311697006226	0.2747898995876312	0.2675703167915344	0.2197652161121368	0.2394384890794754	0.2568101584911346	0.2033035904169083	0.2646563351154327	0.2599345147609711	0.2711840569972992
S2017t1_E16-T1b-Female	0.2006572037935257	0.2071230709552765	0.246780201792717	0.3048423826694489	0.2124821692705154	0.2206811010837555	0.1706481277942657	0.218014657497406	0.254863977432251	0.1926437467336655	0.3256034553050995	0.1119661405682564	0.1294940859079361	0.1978454142808914	0.173739418387413	0.2025305181741714	0.1629240661859512	0.2335527986288071	0.2311385124921799	0.2487732470035553	0.2333770841360092	0.2358464747667313	0.2584750950336456	0.1846124976873398	0.138105720281601	0.2025448828935623	0.213182121515274	0.1860694140195847	0.2278990894556046	0.2305188626050949	0.1414161622524261	0.2306382656097412	0.2306382805109024	0.1486591547727585	0.2253995537757874	0.2441820800304413	0.2416897565126419	0.1783383190631866	0.2189073115587234	0.2131543606519699	0.1211102828383446	0.1115978434681892	0.105853334069252	0.184104710817337	0.1870378255844116	0.1899147927761078	0.1812490671873093	0.1548242270946503	0.08444222807884216	0.2531628310680389	0.2507050633430481	0.2308782786130905	0.2405389398336411	0.2532593309879303	0.09810794144868851	0.1107646375894547	0.1752020716667175	0.0779421329498291	0.1752344965934753	0.1444498300552368	0.1207262575626373	0.144140437245369	0.1295236647129059	0.1240191087126732	0.1265951842069626	0.1425154805183411	0.1333374381065369	0.251950591802597	0.2416897565126419	0.1457878202199936	0.1527449786663055	0.2592390179634094	0.1237146928906441	0.2053444385528564	0.1266577988862991	0.1802129149436951	0.133363202214241	0.1370333731174469	0.04598785191774368	0.0674462765455246	0.1368254274129868	0.05315679684281349	0.03881757333874702	0.04243201017379761	0.06275159865617752	0.1306034624576569	0.06627571582794189	0.07381085306406021	0.02607427723705769	0.007574188522994518	0	0.1600491404533386	0.0495622493326664	0.05777505040168762	0.0648430734872818	0.1464623212814331	0.164383664727211	0.1518699675798416	0.05675575882196426	0.05325391888618469	0.1501675844192505	0.1501675546169281	0.1089290082454681	0.01130611263215542	0.003788997186347842	0	0.03694296255707741	0.1047825142741203	0.1014021188020706	0.02606802992522717	0.04721042886376381	0.1176986172795296	0.03322041407227516	0.1318195909261703	0.0735921636223793	0.0666026696562767	0.1022816598415375	0.1180763244628906	0.03669692948460579	0.1779493987560272	0.1661690324544907	0.07706961035728455	0.02953510917723179	0.01875979080796242	0.02959028445184231	0.05083335191011429	0.09302160888910294	0.1800194531679153	0.131983757019043	0.09609112143516541	0.1945344209671021	0.1772617995738983	0.1951740980148315	0.1940774023532867	0.1421626210212708	0.04033775255084038	0.1196952164173126	0.0150012094527483	0.1178368553519249	0.1115410253405571	0.2005965113639832	0.1118268817663193	0.1192559376358986	0.1071806624531746	0.1179239153862	0.07121444493532181	0.2006619423627853	0.0438542515039444	0.1263386309146881	0.06419405341148376	0.08565234392881393	0.1688650846481323	0.1071956232190132	0.1128872558474541	0.033909872174263	0.109304778277874	0.1204816028475761	0.0621022917330265	0.1262557655572891	0.1475658416748047	0.1304098069667816	0.05768314749002457	0.1367623209953308	0.1193068623542786	0.1217741742730141	0.09073127806186676	0.08055854588747025	0.04734628275036812	0.2381478697061539	0.1902558505535126	0.2618907392024994	0.2573845982551575	0.2360595762729645	0.1883634328842163	0.3051634430885315	0.2601921260356903	0.2085014432668686	0.2620191276073456	0.1798309534788132	0.2330404669046402	0.1767809092998505	0.2414892017841339	0.2372504770755768	0.252394825220108	0.2632713317871094	0.1827437728643417	0.2714513838291168	0.281125396490097	0.2626528143882751	0.2141564190387726	0.2460828125476837	0.2517695426940918	0.1974242627620697	0.2597219347953796	0.254863977432251	0.2662924826145172
S2017t1_E17-T1a-Female	0.09908093512058258	0.1086213737726212	0.1571948379278183	0.21480792760849	0.1152122616767883	0.1520615518093109	0.09479554742574692	0.1220075190067291	0.1656639128923416	0.07133546471595764	0.2464680522680283	0.1980639845132828	0.2017858624458313	0.1342664062976837	0.1191655471920967	0.1456732749938965	0.1975005120038986	0.130090594291687	0.1783280074596405	0.1485172808170319	0.1871174275875092	0.1836867332458496	0.141076847910881	0.06872271746397018	0.2096306979656219	0.1523236185312271	0.1445302367210388	0.167274609208107	0.116076834499836	0.09292057901620865	0.2243129909038544	0.1263866722583771	0.1263866871595383	0.1896907389163971	0.1198570132255554	0.1432280093431473	0.1509855091571808	0.1789216995239258	0.1836333721876144	0.1642451137304306	0.2065317779779434	0.238862469792366	0.22832091152668	0.04488113895058632	0.05641847848892212	0.05246995016932487	0.09456557035446167	0.1771936118602753	0.1210856288671494	0.1544356793165207	0.1513910293579102	0.1843039840459824	0.138777419924736	0.1545551717281342	0.1274915635585785	0.1399669051170349	0.05693426355719566	0.1215709149837494	0.05689077824354172	0.2154105752706528	0.2117609679698944	0.2151286751031876	0.2076982408761978	0.2027377486228943	0.1991453021764755	0.1776490807533264	0.218048021197319	0.1634939908981323	0.1509855091571808	0.1869273036718369	0.2072093188762665	0.172360435128212	0.1965216100215912	0.1554900109767914	0.2111558020114899	0.1676308363676071	0.205963596701622	0.1785686314105988	0.1261130422353745	0.1694022864103317	0.05752692371606827	0.125554695725441	0.1265756636857986	0.1298268437385559	0.1640221625566483	0.1722142547369003	0.1671106070280075	0.1105723828077316	0.1679520159959793	0.1527768224477768	0.1600491404533386	0	0.1153855547308922	0.1308247148990631	0.1232869029045105	0.06112146005034447	0.1029046550393105	0.07412829995155334	0.1362217962741852	0.1330354809761047	0.06514438986778259	0.06514440476894379	0.1068804040551186	0.1558362245559692	0.1630822718143463	0.1600491404533386	0.1714919209480286	0.08763319253921509	0.09905385971069336	0.1690260022878647	0.1336998045444489	0.07909245789051056	0.1486331075429916	0.08697153627872467	0.1675812900066376	0.1681959927082062	0.2016371786594391	0.08692894876003265	0.137795016169548	0.1454902440309525	0.1663192808628082	0.2103839218616486	0.145041212439537	0.1629966497421265	0.1648550927639008	0.150594174861908	0.2056044489145279	0.1539337784051895	0.2131178230047226	0.1962439268827438	0.1238128691911697	0.1645049005746841	0.1242438331246376	0.1427378803491592	0.08341466635465622	0.1547430604696274	0.118068240582943	0.1726316213607788	0.197569951415062	0.2036643624305725	0.1980159133672714	0.1921586543321609	0.2341564148664474	0.2472826987504959	0.1976483315229416	0.1556113362312317	0.1306652128696442	0.1577626764774323	0.1990138590335846	0.1424464881420135	0.1870052665472031	0.2027649879455566	0.235697478055954	0.2341925352811813	0.1883470416069031	0.2140668481588364	0.19368015229702	0.1980637311935425	0.2364467829465866	0.218348354101181	0.06362451612949371	0.1434419602155685	0.2262735515832901	0.234100267291069	0.2126848250627518	0.2340157330036163	0.22582146525383	0.1475713551044464	0.1358059942722321	0.08679255843162537	0.1652324199676514	0.168738916516304	0.1441090255975723	0.1086390018463135	0.2211036831140518	0.1730930805206299	0.138636589050293	0.1757384836673737	0.0749250203371048	0.1294529438018799	0.07114560157060623	0.1394695937633514	0.135211855173111	0.1562376320362091	0.1754772514104843	0.1231259182095528	0.1871826946735382	0.1889433264732361	0.1760851740837097	0.1162986010313034	0.1319984942674637	0.1632735431194305	0.09508217871189117	0.17294742166996	0.1656639128923416	0.1800763756036758
S2017t1_E17-T1a-Male	0.1909501254558563	0.197710320353508	0.238290548324585	0.2965229749679565	0.2031970024108887	0.2312943488359451	0.1603437811136246	0.2088601887226105	0.2464357912540436	0.1766495555639267	0.3182934820652008	0.1357151120901108	0.1526616364717484	0.2266594469547272	0.2043015211820602	0.2255965918302536	0.1351037174463272	0.2128005474805832	0.2531972527503967	0.2286208420991898	0.2609411478042603	0.2577407658100128	0.2330216020345688	0.1749339252710342	0.1609892696142197	0.2315153330564499	0.2358716130256653	0.2097211480140686	0.2007082849740982	0.1915279030799866	0.164190798997879	0.2220272570848465	0.2220272719860077	0.1391953378915787	0.2166702151298523	0.235873207449913	0.2330842912197113	0.2209093123674393	0.2585820853710175	0.2532109916210175	0.1446441113948822	0.1415864676237106	0.1298061162233353	0.154328390955925	0.1641078591346741	0.160488098859787	0.1580405533313751	0.1265559196472168	0.05213368684053421	0.233296737074852	0.2307289391756058	0.2585554718971252	0.2201045900583267	0.233397513628006	0.07357325404882431	0.08681954443454742	0.1517008244991302	0.06683053821325302	0.1653306782245636	0.16712486743927	0.1503189504146576	0.1668255925178528	0.1587364822626114	0.1534694284200668	0.1498585939407349	0.113559678196907	0.1566377878189087	0.2435777187347412	0.2330842912197113	0.1362597048282623	0.1431301385164261	0.251029372215271	0.1470734179019928	0.2341862320899963	0.1499190926551819	0.210216298699379	0.1442848145961761	0.1142892614006996	0.01149797812104225	0.05568138509988785	0.1115366891026497	0.02657663449645042	0.01153496559709311	0.01532732509076595	0.05101926997303963	0.1076596900820732	0.05463199689984322	0.04100040346384048	0.05973378568887711	0.04207272827625275	0.0495622493326664	0.1153855547308922	0	0.01591495983302593	0.02350245788693428	0.1145146861672401	0.1539220809936523	0.1269831359386444	0.02278516814112663	0.01907018013298512	0.1183088272809982	0.1183088347315788	0.1559311598539352	0.04563480243086815	0.0530964769423008	0.0495622493326664	0.06337536126375198	0.1381150037050247	0.1487190574407578	0.06002623587846756	0.06612291187047958	0.1434953212738037	0.08091999590396881	0.1774116456508636	0.05467016994953156	0.0548720620572567	0.1390649378299713	0.1370764523744583	0.07000234723091125	0.1892138421535492	0.2095717936754227	0.1085721477866173	0.0773017406463623	0.0530061163008213	0.05613203719258308	0.08362668007612228	0.1043641194701195	0.2100233435630798	0.1083588674664497	0.1332090198993683	0.2055715769529343	0.2074025124311447	0.2062485963106155	0.2234380692243576	0.1740865111351013	0.08756395429372787	0.1663273721933365	0.06373833864927292	0.1351819634437561	0.1415321230888367	0.2284376323223114	0.1293100118637085	0.1365684866905212	0.150048092007637	0.1352669894695282	0.08963748067617416	0.2116609066724777	0.09084723144769669	0.1372644752264023	0.07589706033468246	0.09708700329065323	0.1982350051403046	0.1374896913766861	0.1366055607795715	0.08156351745128632	0.1520362943410873	0.1314806938171387	0.09426910430192947	0.1374422013759613	0.1582262217998505	0.1557875275611877	0.07642205059528351	0.1658105850219727	0.1490729004144669	0.1513215005397797	0.1346567571163177	0.1251431405544281	0.08033999055624008	0.2176049798727036	0.1803448349237442	0.2424128502607346	0.2490136474370956	0.2273250967264175	0.1718293279409409	0.2973577976226807	0.2519663274288177	0.19903464615345	0.2538713216781616	0.1697549223899841	0.2122648358345032	0.1666293442249298	0.2210067957639694	0.21676404774189	0.2433508485555649	0.2549951672554016	0.1725939959287643	0.2635116875171661	0.2624899744987488	0.2544819712638855	0.2048252522945404	0.2258990257978439	0.2433925867080688	0.1876380294561386	0.2515230476856232	0.2464357912540436	0.2581647932529449
S2017t1_E17-T1b-Female	0.1783629953861237	0.2062201946973801	0.246507853269577	0.2857395708560944	0.2116681933403015	0.2392624914646149	0.1691100150346756	0.2172911763191223	0.2355275750160217	0.1915274411439896	0.3152256608009338	0.1496305763721466	0.1663042455911636	0.2345538735389709	0.212529182434082	0.2394682615995407	0.149029016494751	0.2208978086709976	0.2665745317935944	0.2366426885128021	0.2686961889266968	0.2710366547107697	0.246760293841362	0.1833601593971252	0.1744977980852127	0.2394819110631943	0.2495592683553696	0.2238772064447403	0.2150257974863052	0.2056975513696671	0.1776477992534637	0.2301315367221832	0.2301315516233444	0.1469637900590897	0.2248120605945587	0.243879109621048	0.2413400113582611	0.2290571331977844	0.2664231061935425	0.2610913515090942	0.1584694087505341	0.1492802500724792	0.1438167244195938	0.1694766879081726	0.172530859708786	0.1755260676145554	0.1665027439594269	0.1406188458204269	0.06739486008882523	0.2412507236003876	0.2387010604143143	0.2663279473781586	0.2281512171030045	0.2413508147001266	0.0816328227519989	0.09481069445610046	0.1602035909891129	0.07498867809772491	0.1738201975822449	0.180534616112709	0.1579632163047791	0.1802401840686798	0.1663323640823364	0.1610956490039825	0.1635463386774063	0.1278318613767624	0.1703736633062363	0.2517558336257935	0.2413400113582611	0.1440447717905045	0.1510748118162155	0.2591518461704254	0.1608060300350189	0.2421339303255081	0.1636058837175369	0.2183313369750977	0.1580625921487808	0.1221342012286186	0.02735207974910736	0.04040954262018204	0.1202506422996521	0.03483575955033302	0.01986435055732727	0.02363915927708149	0.059434425085783	0.1155098453164101	0.0630287304520607	0.05638134106993675	0.06783181428909302	0.05025761947035789	0.05777505040168762	0.1308247148990631	0.01591495983302593	0	0.007833921350538731	0.1303081810474396	0.1627311110496521	0.1129194498062134	0.03851886838674545	0.03486368805170059	0.1341023296117783	0.1341023445129395	0.1644445806741714	0.05380237102508545	0.06129174679517746	0.05777505040168762	0.07851458340883255	0.1466260850429535	0.157237708568573	0.0681864321231842	0.07415727525949478	0.1586352586746216	0.08903741836547852	0.1858214288949966	0.07046400755643845	0.06333556771278381	0.1530357003211975	0.1455205827951431	0.07808013260364532	0.2034240514039993	0.2177991420030594	0.1164479851722717	0.08540603518486023	0.06120122224092484	0.07132882624864578	0.0916658341884613	0.1186728179454803	0.2181373089551926	0.1164688393473625	0.1472748070955276	0.2194951176643372	0.215536892414093	0.2202191799879074	0.2314614206552505	0.1824809312820435	0.0956464409828186	0.174847736954689	0.07191221415996552	0.1428813338279724	0.1492262184619904	0.236077606678009	0.1370419859886169	0.1442601531744003	0.1577850133180618	0.1429659277200699	0.09758253395557404	0.2255362570285797	0.09891232848167419	0.1510475724935532	0.09066056460142136	0.1115119829773903	0.2061071544885635	0.1452367901802063	0.1505066901445389	0.08967757970094681	0.1597616970539093	0.1453561931848526	0.1022211834788322	0.1515540331602097	0.1716744303703308	0.1707105934619904	0.08443538844585419	0.1733952462673187	0.1567542552947998	0.1589600294828415	0.142481654882431	0.1330214738845825	0.08839643001556396	0.2256689667701721	0.1753107756376266	0.2503019869327545	0.2381805032491684	0.2356229573488235	0.1871463805437088	0.287257045507431	0.2601185142993927	0.1943238526582718	0.2619724571704865	0.1784577518701553	0.2203657776117325	0.1753533184528351	0.2290822118520737	0.2247966080904007	0.2316247671842575	0.2442855983972549	0.1594245731830597	0.2715397775173187	0.2702336609363556	0.2626151442527771	0.2002126127481461	0.2339051216840744	0.2515720725059509	0.1749468296766281	0.2596418559551239	0.2355275750160217	0.2544119656085968
S2017t1_E17-T1b-Male	0.1845569312572479	0.212002694606781	0.2517202496528625	0.2910453379154205	0.217371866106987	0.2443812936544418	0.1754436939954758	0.2229140996932983	0.2408923953771591	0.1842636615037918	0.3198121786117554	0.155368909239769	0.1596435755491257	0.2278291285037994	0.2180614173412323	0.2445844113826752	0.1547754555940628	0.2262659072875977	0.2713335752487183	0.2418192923069	0.2734277844429016	0.2757381200790405	0.2400527149438858	0.1760229915380478	0.1679025590419769	0.2445978075265884	0.2428765743970871	0.2292044907808304	0.2204747945070267	0.1987795382738113	0.1830154359340668	0.2232145965099335	0.2232145965099335	0.1400939971208572	0.2178473323583603	0.237085685133934	0.2466238439083099	0.2343838661909103	0.2712263464927673	0.2544525563716888	0.1641115695238113	0.1550232917070389	0.1496334969997406	0.1620808839797974	0.1651622354984283	0.1681841313838959	0.1590804308652878	0.1337529420852661	0.07429223507642746	0.2463429123163223	0.2438274174928665	0.2710901200771332	0.2334201335906982	0.246441662311554	0.07429566234350204	0.08757880330085754	0.1664372980594635	0.06753923743963242	0.1663973331451416	0.1739875972270966	0.1635900139808655	0.1736908107995987	0.159671887755394	0.1543933302164078	0.1568636000156403	0.1338671296834946	0.1759002804756165	0.2568961083889008	0.2466238439083099	0.1371514499187469	0.156987339258194	0.2641912996768951	0.1541013866662979	0.2472143322229385	0.1691577583551407	0.2237347066402435	0.1636881679296494	0.1282483041286469	0.03482294455170631	0.0479268953204155	0.1270595639944077	0.02715491130948067	0.02745023369789124	0.03116694837808609	0.06665778160095215	0.1216921284794807	0.07019718736410141	0.06341452896595001	0.07469595968723297	0.05738203227519989	0.0648430734872818	0.1232869029045105	0.02350245788693428	0.007833921350538731	0	0.1369629055261612	0.1691620349884033	0.1198418810963631	0.0458482913672924	0.04224873706698418	0.1407280117273331	0.1407280266284943	0.1706432551145554	0.06087389960885048	0.0683072954416275	0.0648430734872818	0.08527564257383347	0.153003990650177	0.1635130792856216	0.07509933412075043	0.08090229332447052	0.1512435376644135	0.09569809585809708	0.1917339265346527	0.07757679373025894	0.07055743783712387	0.1587736010551453	0.1518597453832626	0.08482091873884201	0.2089124470949173	0.2232819795608521	0.1226412653923035	0.09209325164556503	0.06821759045124054	0.07816834002733231	0.09823582321405411	0.124786950647831	0.2111769020557404	0.1228453665971756	0.15309077501297	0.2247650325298309	0.2209788709878922	0.2255018800497055	0.2366854250431061	0.1884153336286545	0.10221116989851	0.1809469014406204	0.07879748195409775	0.1486878395080566	0.1549700349569321	0.2410134524106979	0.1429276317358017	0.1500480473041534	0.1634814590215683	0.1487712860107422	0.1040167137980461	0.2307474166154861	0.105429895222187	0.156722217798233	0.09716811031103134	0.1177255362272263	0.2114588171243668	0.1510571539402008	0.1562332361936569	0.09632893651723862	0.1654315143823624	0.1511069089174271	0.1086147949099541	0.1573596298694611	0.1770775467157364	0.1767089366912842	0.09105771034955978	0.1788398027420044	0.1499906033277512	0.1645735651254654	0.1483862549066544	0.139056608080864	0.09501378983259201	0.2309717237949371	0.1815506368875504	0.2552737593650818	0.2435082942247391	0.2409864813089371	0.1931799352169037	0.2922245264053345	0.2651677429676056	0.2002803683280945	0.2669737637042999	0.1846502870321274	0.2257411628961563	0.1815925240516663	0.2343615144491196	0.2300866991281509	0.2373948246240616	0.2495524436235428	0.1659062206745148	0.276412695646286	0.274945467710495	0.2676304578781128	0.2060826420783997	0.2270830571651459	0.2567148804664612	0.1811921745538712	0.2646746635437012	0.2408923953771591	0.2595159411430359
S2017t1_E19-T1a-Female	0.1047612205147743	0.1143559888005257	0.1635479927062988	0.2227820605039597	0.1135469302535057	0.1513524055480957	0.06043967977166176	0.1279235184192657	0.1722057014703751	0.08414401113986969	0.2542048692703247	0.223142996430397	0.2383754402399063	0.1741141825914383	0.1248816773295403	0.1516402363777161	0.2225934416055679	0.135895311832428	0.1782130599021912	0.1545690298080444	0.1871923059225082	0.1836878210306168	0.1605429947376251	0.08922729641199112	0.2458608001470566	0.1516205817461014	0.163955882191658	0.132550373673439	0.1216792240738869	0.147943377494812	0.2430167198181152	0.1462745666503906	0.1462745815515518	0.2273015230894089	0.1398191154003143	0.1629193276166916	0.1572656780481339	0.1445620656013489	0.1900943219661713	0.1836807429790497	0.2255687713623047	0.2227910161018372	0.2117685377597809	0.0653512254357338	0.07686707377433777	0.07286955416202545	0.0694616287946701	0.2149102091789246	0.1480153352022171	0.1537817120552063	0.1574498564004898	0.1907156407833099	0.1446882039308548	0.1539039760828018	0.1676510274410248	0.1795523464679718	0.0617116317152977	0.1623426228761673	0.07751110196113586	0.2513757944107056	0.2366041392087936	0.2511067986488342	0.2441669404506683	0.2394347041845322	0.235855907201767	0.1970011293888092	0.2429376691579819	0.1630311161279678	0.1572656780481339	0.2186002135276794	0.2330741286277771	0.1721041202545166	0.2274618297815323	0.161595419049263	0.230047881603241	0.1327803879976273	0.2425691485404968	0.2042328715324402	0.1038546487689018	0.1556706577539444	0.01280047371983528	0.1179054230451584	0.1115235835313797	0.1076721400022507	0.1502325236797333	0.1979259103536606	0.1464109718799591	0.1306762993335724	0.1480626165866852	0.1389726847410202	0.1464623212814331	0.06112146005034447	0.1145146861672401	0.1303081810474396	0.1369629055261612	0	0.05242810398340225	0.02194811031222343	0.1072466149926186	0.103826567530632	0.004248210228979588	0.004248222336173058	0.05852187424898148	0.135240226984024	0.1427298486232758	0.1464623212814331	0.1718886196613312	0.08604264259338379	0.07454733550548553	0.1693714112043381	0.1668674051761627	0.07744127511978149	0.1753604859113693	0.09224557131528854	0.1468400806188583	0.1544797271490097	0.2208460122346878	0.08533421158790588	0.1644427180290222	0.131494551897049	0.1308740526437759	0.1990962475538254	0.1717421859502792	0.149547815322876	0.1448102742433548	0.1770471334457397	0.1942862570285797	0.1400289535522461	0.2143977582454681	0.2215813547372818	0.1571851968765259	0.1293866783380508	0.1644412130117416	0.1486959159374237	0.08861399441957474	0.18132184445858	0.07045825570821762	0.1595668792724609	0.2345593720674515	0.2287095040082932	0.2232012897729874	0.2293971329927444	0.2357783913612366	0.2373861223459244	0.234634131193161	0.1881506741046906	0.1639382392168045	0.1777104288339615	0.2238834053277969	0.1686772853136063	0.2002828866243362	0.1846785396337509	0.225419670343399	0.2239433974027634	0.1692829579114914	0.2391700148582458	0.2246416807174683	0.1862454861402512	0.2321643382310867	0.2427405565977097	0.1067810356616974	0.1829226016998291	0.2622427046298981	0.2358221411705017	0.2375049293041229	0.2235761433839798	0.215039998292923	0.1871935874223709	0.1416808813810349	0.08433567732572556	0.1714455038309097	0.1753154397010803	0.1431791484355927	0.0762445330619812	0.2286620587110519	0.1796541810035706	0.1151293963193893	0.1822988986968994	0.07215561717748642	0.1352497488260269	0.07632815092802048	0.1454142779111862	0.1414805203676224	0.1555515080690384	0.1821586042642593	0.082231305539608	0.1872618347406387	0.1954008042812347	0.1826787143945694	0.1221913769841194	0.1448004990816116	0.1696963757276535	0.100704088807106	0.1794776618480682	0.1722057014703751	0.1799954921007156
S2017t1_E19-T1a-Male	0.06520932167768478	0.06821943074464798	0.1296275854110718	0.1890185922384262	0.07553651183843613	0.1691983193159103	0.008879111148416996	0.08315932750701904	0.1385009288787842	0.1025788858532906	0.2252776622772217	0.2461274117231369	0.2610069513320923	0.1917995363473892	0.1432293504476547	0.1762288063764572	0.2455905377864838	0.1539745032787323	0.2021112740039825	0.172539234161377	0.2046573609113693	0.207464337348938	0.1849365830421448	0.09240424633026123	0.2683174014091492	0.1694637686014175	0.1882743388414383	0.1575525403022766	0.1469141393899918	0.1726125329732895	0.2654419839382172	0.1503365635871887	0.1503365635871887	0.2323673069477081	0.1437883675098419	0.1672117561101913	0.1153954267501831	0.148617684841156	0.19473597407341	0.1882429867982864	0.2484966516494751	0.2398448586463928	0.2349129021167755	0.09175998717546463	0.09547980129718781	0.09912476688623428	0.08813486993312836	0.2380837500095367	0.1726828813552856	0.1716028898954391	0.1753116250038147	0.20821812748909	0.1626801490783691	0.1717238873243332	0.1854056864976883	0.1971785724163055	0.08044669032096863	0.1666272580623627	0.08048797398805618	0.2737029492855072	0.2535639107227325	0.2734402716159821	0.2610319852828979	0.2563592195510864	0.2585460543632507	0.2204796373844147	0.2657552659511566	0.1219116821885109	0.1153954267501831	0.2235502749681473	0.1982150971889496	0.1318488419055939	0.2502471208572388	0.1794139444828033	0.2527736127376556	0.1508900225162506	0.2653016746044159	0.2215811461210251	0.1506634503602982	0.1281955540180206	0.04861696064472198	0.143096923828125	0.1441248655319214	0.1402585804462433	0.1227776408195496	0.2276461869478226	0.1188149154186249	0.1691982597112656	0.1793171912431717	0.1706654876470566	0.164383664727211	0.1029046550393105	0.1539220809936523	0.1627311110496521	0.1691620349884033	0.05242810398340225	0	0.05780377611517906	0.1397338509559631	0.1435647159814835	0.04840265214443207	0.04840266704559326	0.07712951302528381	0.1669191122055054	0.1606089025735855	0.164383664727211	0.1829947829246521	0.08917979151010513	0.07747252285480499	0.1737693399190903	0.1845525652170181	0.1036026254296303	0.1798368841409683	0.0954730436205864	0.1191746518015862	0.1121402382850647	0.2379062175750732	0.1039575859904289	0.1822313219308853	0.1631863117218018	0.1347288489341736	0.2165036797523499	0.1761516630649567	0.1675696074962616	0.1761985272169113	0.1947783380746841	0.2238954305648804	0.1581466943025589	0.1777016967535019	0.2326510548591614	0.1815460920333862	0.1475291401147842	0.188854992389679	0.1666474491357803	0.1072092726826668	0.1858746856451035	0.07331161201000214	0.1638138890266418	0.2516191005706787	0.2457665205001831	0.2403252124786377	0.2465206533670425	0.2528229355812073	0.2425791323184967	0.2516928911209106	0.2056814730167389	0.1882565021514893	0.1821969896554947	0.2524996399879456	0.1991397738456726	0.2237895876169205	0.2022479474544525	0.2425918430089951	0.2469093352556229	0.1736600548028946	0.2443810850381851	0.2533561885356903	0.203797921538353	0.2613933980464935	0.2707203924655914	0.1176890134811401	0.2005891650915146	0.267674058675766	0.2528661787509918	0.2544534802436829	0.2286247164011002	0.21999491751194	0.1918201595544815	0.1597028821706772	0.04333475977182388	0.1891596168279648	0.141868531703949	0.100135549902916	0.05195534229278564	0.197500616312027	0.1397370100021362	0.07671556621789932	0.1428179144859314	0.03042912855744362	0.1533352583646774	0.0347893014550209	0.1634780019521713	0.1594254970550537	0.1182494908571243	0.1491189002990723	0.04061733186244965	0.1484288424253464	0.2128503918647766	0.1430476009845734	0.08440131694078445	0.1695374250411987	0.1290217339992523	0.06078488752245903	0.1397310644388199	0.1385009288787842	0.1472669392824173
S2017t1_E19-T1b-Male	0.08552101254463196	0.1198976933956146	0.1691524386405945	0.2063516825437546	0.119062103331089	0.1567176729440689	0.06583749502897263	0.1334869265556335	0.1557818651199341	0.1045953333377838	0.2473962008953094	0.2344897091388702	0.2495492398738861	0.1795215308666229	0.1302850395441055	0.1637721508741379	0.233946368098259	0.141266331076622	0.1900070011615753	0.1599846333265305	0.1925826072692871	0.1954222023487091	0.1725795418024063	0.09456633031368256	0.256948858499527	0.1569861173629761	0.1759556829929352	0.1448845118284225	0.1341271102428436	0.1601146906614304	0.2540892660617828	0.1517057865858078	0.151705801486969	0.2327650338411331	0.1452427953481674	0.1683666110038757	0.1628645658493042	0.1500153392553329	0.1955573707818985	0.189141258597374	0.2368877977132797	0.2281840592622757	0.2231933772563934	0.07837232202291489	0.0821317732334137	0.08581570535898209	0.07470868527889252	0.2263495624065399	0.1601858884096146	0.1591493934392929	0.1628445237874985	0.1961308270692825	0.15006984770298	0.1592717617750168	0.173054039478302	0.1849627792835236	0.06693919003009796	0.1677894443273544	0.08282408863306046	0.2624004185199738	0.2420159429311752	0.2621345520019531	0.2495746612548828	0.2448450922966003	0.2470584511756897	0.2085895985364914	0.2542032301425934	0.1686097681522369	0.1628645658493042	0.2240417152643204	0.2386924475431442	0.1776896268129349	0.2387107759714127	0.1669936925172806	0.2412676066160202	0.1381473392248154	0.2537928819656372	0.209650844335556	0.123607873916626	0.1386563330888748	0.01785863935947418	0.1232041791081429	0.1168349534273148	0.112953744828701	0.1557991802692413	0.2033195197582245	0.1519483029842377	0.1429239213466644	0.1534013003110886	0.1443242579698563	0.1518699675798416	0.07412829995155334	0.1269831359386444	0.1129194498062134	0.1198418810963631	0.02194811031222343	0.05780377611517906	0	0.1269244700670242	0.1235798001289368	0.0261963214725256	0.02619633264839649	0.06374141573905945	0.1405638605356216	0.148109570145607	0.1518699675798416	0.1839602589607239	0.09139840304851532	0.07985321432352066	0.1748477071523666	0.1722462624311447	0.09034163504838943	0.1808407157659531	0.09759092330932617	0.1665179282426834	0.1601013839244843	0.2382447421550751	0.09064106643199921	0.1698432862758636	0.1506379246711731	0.1363099813461304	0.2045135349035263	0.1771960258483887	0.1549583524465561	0.1637415140867233	0.1824799180030823	0.2120455801486969	0.1454286724328995	0.2200465500354767	0.2330457270145416	0.1692055016756058	0.1347489655017853	0.176487922668457	0.1540819555521011	0.09392791986465454	0.1868053376674652	0.07575426250696182	0.1650113165378571	0.2399957925081253	0.2341245114803314	0.2286179065704346	0.234835609793663	0.2412142604589462	0.2428696602582932	0.2400705218315125	0.1935648173093796	0.1759379357099533	0.1831677705049515	0.2409903556108475	0.1870010942220688	0.211885392665863	0.1900913119316101	0.2308593690395355	0.2352810800075531	0.1747349798679352	0.244652658700943	0.24180568754673	0.1916590481996536	0.249619722366333	0.2594318985939026	0.1194941997528076	0.1883584409952164	0.2677084803581238	0.2412579506635666	0.2429162412881851	0.2290648519992828	0.2205301970243454	0.1926797032356262	0.1470590531826019	0.07363277673721313	0.1768511384725571	0.1590159833431244	0.1487376540899277	0.09736121445894241	0.2134751975536346	0.1852951943874359	0.1052493825554848	0.1879157423973083	0.07758370041847229	0.1406199485063553	0.08179118484258652	0.1508202999830246	0.1468349546194077	0.1374057084321976	0.1660563349723816	0.06199954822659492	0.1928554326295853	0.2008173316717148	0.1883212924003601	0.1125063374638557	0.1501587629318237	0.1753056198358536	0.0812871977686882	0.1850930452346802	0.1557818651199341	0.1718728244304657
S2017t1_E23-T1a-Female	0.1909445077180862	0.1911842077970505	0.2382856011390686	0.2965182065963745	0.1967006921768188	0.2194031327962875	0.1463130563497543	0.2024650126695633	0.2464308887720108	0.1634777039289474	0.3182892203330994	0.1294440776109695	0.1465699225664139	0.2207751721143723	0.198032557964325	0.219647079706192	0.1288262009620667	0.2066822648048401	0.2418396919965744	0.2226531058549881	0.2497031837701797	0.2464821040630341	0.227154016494751	0.168326273560524	0.1549848318099976	0.2196290791034698	0.2300352901220322	0.2035948634147644	0.1944806277751923	0.1977378726005554	0.1521826684474945	0.2159589678049088	0.2159589827060699	0.1328873336315155	0.2105415314435959	0.229959711432457	0.2269694954156876	0.2148017138242722	0.2529188692569733	0.2474889606237411	0.1321736723184586	0.1290504783391953	0.1170662343502045	0.1475680023431778	0.1574324518442154	0.1537995636463165	0.1512943059206009	0.1201870441436768	0.04494524002075195	0.2214501649141312	0.2248104959726334	0.2529415786266327	0.2140680104494095	0.2215531915426254	0.06659825146198273	0.07999194413423538	0.1448801606893539	0.05972398445010185	0.158610612154007	0.1611843854188919	0.1441786885261536	0.1608819961547852	0.1526849269866943	0.1473624259233475	0.1437373459339142	0.1004675030708313	0.150517538189888	0.2315191179513931	0.2269694954156876	0.123508483171463	0.1367037296295166	0.2391410768032074	0.1347033530473709	0.2283060103654861	0.137609526515007	0.2040689438581467	0.1504812240600586	0.1077629327774048	0.01146181114017963	0.0630800798535347	0.1187230348587036	0.019041633233428	0.01910148188471794	0.01526473090052605	0.05837834253907204	0.114162914454937	0.05457125604152679	0.04094056412577629	0.05967550724744797	0.04929382726550102	0.05675575882196426	0.1362217962741852	0.02278516814112663	0.03851886838674545	0.0458482913672924	0.1072466149926186	0.1397338509559631	0.1269244700670242	0	0.003830867819488049	0.1038333177566528	0.1038333252072334	0.1558756977319717	0.04557517543435097	0.05303709954023361	0.05675575882196426	0.07047826796770096	0.1450460702180862	0.134930431842804	0.06719455122947693	0.06615638732910156	0.136698991060257	0.07394473999738693	0.1708328425884247	0.03974483534693718	0.04741369932889938	0.1264466643333435	0.1439603269100189	0.06298737972974777	0.1830174773931503	0.2033354341983795	0.1019836217164993	0.07031331956386566	0.04577124118804932	0.04178586974740028	0.07673677802085876	0.09783200174570084	0.2038756310939789	0.1151587143540382	0.126861497759819	0.2056009322404861	0.2012235075235367	0.2123218178749084	0.2174387276172638	0.167498379945755	0.0806632936000824	0.1527712196111679	0.05659673362970352	0.1414743214845657	0.1352986693382263	0.2227529436349869	0.1356649100780487	0.1428461223840714	0.1438317894935608	0.1415584683418274	0.08966992050409317	0.2116900831460953	0.07703889906406403	0.1310824155807495	0.06905526667833328	0.1037382706999779	0.18609918653965	0.1311885565519333	0.1303440183401108	0.06754528731107712	0.1458412408828735	0.1315327137708664	0.08752378821372986	0.1374949514865875	0.1522627919912338	0.1624555587768555	0.08335190266370773	0.1718281507492065	0.142895370721817	0.145191878080368	0.1282747685909271	0.1186577901244164	0.08728057146072388	0.2115405201911926	0.173514261841774	0.2366231083869934	0.2490088045597076	0.2148915827274323	0.1581932008266449	0.2973532974720001	0.2460397183895111	0.1990291476249695	0.2479929178953171	0.1628588140010834	0.2061405330896378	0.166623443365097	0.2149540185928345	0.2046035379171371	0.2368340194225311	0.2549903690814972	0.1725880950689316	0.2519063055515289	0.2569186091423035	0.2485838532447815	0.2048198282718658	0.2198948860168457	0.2373954951763153	0.1876323670148849	0.2456181347370148	0.2464308887720108	0.2522494792938232
S2017t1_E23-T1a-Male	0.1879500150680542	0.1948021650314331	0.2356696426868439	0.2939523756504059	0.1938038766384125	0.2227543294429779	0.1501146256923676	0.2060324996709824	0.2438337057828903	0.1670847982168198	0.3160379827022552	0.1328049004077911	0.1498646289110184	0.2240906655788422	0.2015207558870316	0.2229973077774048	0.1321894079446793	0.2101028263568878	0.2450806498527527	0.2260193228721619	0.2529242932796478	0.2497031986713409	0.2304719984531403	0.1719436943531036	0.1582470536231995	0.2229792922735214	0.2333409190177917	0.2070140093564987	0.1979389041662216	0.2011369168758392	0.1554430425167084	0.2193692177534103	0.2193692177534103	0.1362743228673935	0.2139753252267838	0.2333090454339981	0.2304273843765259	0.2182318866252899	0.2561683356761932	0.2507620453834534	0.1355238854885101	0.1324127465486526	0.1204616650938988	0.151227667927742	0.1610653698444366	0.1574324667453766	0.1549536883831024	0.1235836148262024	0.04863228276371956	0.2247925698757172	0.2281529009342194	0.2561626732349396	0.217456728219986	0.2248951494693756	0.07021566480398178	0.08355744928121567	0.1485671997070312	0.06339675933122635	0.1622702926397324	0.1644226759672165	0.147495448589325	0.1641214638948441	0.1559687256813049	0.1506668478250504	0.1470430046319962	0.10392677038908	0.1538348644971848	0.2349412590265274	0.2304273843765259	0.1269187033176422	0.1401616036891937	0.2425292581319809	0.1380309760570526	0.2316333204507828	0.1409259736537933	0.2075007706880569	0.1537865698337555	0.1112208142876625	0.007674823980778456	0.05949083343148232	0.1153469532728195	0.0228285975754261	0.01534376014024019	0.01149231288582087	0.05479908362030983	0.1110993772745132	0.05097752436995506	0.0373765230178833	0.05623627454042435	0.04576428979635239	0.05325391888618469	0.1330354809761047	0.01907018013298512	0.03486368805170059	0.04224873706698418	0.103826567530632	0.1435647159814835	0.1235798001289368	0.003830867819488049	0	0.1003870144486427	0.1003870218992233	0.1527650952339172	0.04203183203935623	0.04952146112918854	0.05325391888618469	0.0741090327501297	0.14873106777668	0.1386429518461227	0.07085242122411728	0.06976146996021271	0.14035664498806	0.07757614552974701	0.1744393557310104	0.0435757040977478	0.05124457180500031	0.1298323273658752	0.1476182043552399	0.06661878526210785	0.1864496916532516	0.206815704703331	0.1054638922214508	0.07394472509622574	0.0494837574660778	0.04547085240483284	0.08032882213592529	0.1012880876660347	0.207307294011116	0.1187171414494514	0.1302587538957596	0.2089523822069168	0.2046675980091095	0.2156732678413391	0.2208129167556763	0.1711034327745438	0.08426835387945175	0.1564561873674393	0.06028171628713608	0.1448144912719727	0.1386498361825943	0.2259591519832611	0.1390276700258255	0.1461809575557709	0.1471891403198242	0.144898310303688	0.09319784492254257	0.2150299400091171	0.08064395934343338	0.1344111263751984	0.07262159883975983	0.1071983352303505	0.1894565224647522	0.1345687359571457	0.1337013840675354	0.07118742913007736	0.1491907089948654	0.1348725557327271	0.09106010943651199	0.1408917009830475	0.1555103659629822	0.1660346686840057	0.08691820502281189	0.1750757247209549	0.1462299972772598	0.1485047042369843	0.1316931396722794	0.122113861143589	0.09085968136787415	0.2149401307106018	0.1704194247722626	0.23991459608078	0.2464294135570526	0.2183877527713776	0.1550546884536743	0.2949482202529907	0.2494274377822876	0.1961095035076141	0.2513567507266998	0.1597122997045517	0.2095634192228317	0.1634911000728607	0.2183535844087601	0.2080026865005493	0.2340097874403	0.2524402737617493	0.1694559305906296	0.2552376687526703	0.260122537612915	0.2519601285457611	0.2019423097372055	0.2172621339559555	0.2408067286014557	0.1846132576465607	0.2489926218986511	0.2438337057828903	0.2497171312570572
S2017t1_E23-T1b-Female	0.1011005938053131	0.1108245402574539	0.1603986322879791	0.2196551561355591	0.1100249886512756	0.1482418924570084	0.05648215860128403	0.124499648809433	0.1690768152475357	0.08050419390201569	0.2515149712562561	0.2205372601747513	0.2358710616827011	0.1711557060480118	0.1215298920869827	0.1485317796468735	0.2199840098619461	0.1326561570167542	0.1753092408180237	0.1514550745487213	0.1843394190073013	0.1808226406574249	0.1574995666742325	0.0855962410569191	0.2434054613113403	0.1485120356082916	0.1609371900558472	0.1293001621961594	0.1183468922972679	0.1448077261447906	0.2405535131692886	0.143084928393364	0.1430849432945251	0.2246895730495453	0.1365809738636017	0.1598530858755112	0.1540687382221222	0.1413454860448837	0.1872242540121078	0.1807649731636047	0.222979336977005	0.220182940363884	0.2090973854064941	0.06157685443758965	0.07316932082176208	0.06915578991174698	0.06570418179035187	0.212248831987381	0.1448801904916763	0.150689035654068	0.1543705761432648	0.1878751069307327	0.1415147483348846	0.150812178850174	0.1646459847688675	0.1766327768564224	0.05789120495319366	0.1592721343040466	0.07378583401441574	0.2489563077688217	0.2340771108865738	0.2486855536699295	0.2416898310184479	0.236926406621933	0.2333348989486694	0.1942288130521774	0.2404311895370483	0.1598920822143555	0.1540687382221222	0.2159406840801239	0.2304273843765259	0.1690329015254974	0.2248961478471756	0.1585464179515839	0.227499395608902	0.1295178085565567	0.2400705069303513	0.2014865875244141	0.1076780259609222	0.1594940274953842	0.01704868301749229	0.1216849461197853	0.1153469532728195	0.1114955097436905	0.1540262401103973	0.2013774812221527	0.150204673409462	0.1343851983547211	0.1517129391431808	0.1426779478788376	0.1501675844192505	0.06514438986778259	0.1183088272809982	0.1341023296117783	0.1407280117273331	0.004248210228979588	0.04840265214443207	0.0261963214725256	0.1038333177566528	0.1003870144486427	0	1.222143986012725e-08	0.06259109079837799	0.1389454901218414	0.1464351117610931	0.1501675844192505	0.1688878387212753	0.08236997574567795	0.0707981288433075	0.1663390249013901	0.1638697981834412	0.07376410812139511	0.1723717600107193	0.08863859623670578	0.1435781419277191	0.1512470096349716	0.2182132303714752	0.08168824762105942	0.1614144146442413	0.1282644867897034	0.1275535225868225	0.1963143646717072	0.1687403470277786	0.1463967114686966	0.1416650861501694	0.1740968525409698	0.1915070861577988	0.1368067562580109	0.2116077393293381	0.2189420610666275	0.1541305929422379	0.1260984539985657	0.1614129096269608	0.1455522030591965	0.08499420434236526	0.178376242518425	0.06667578220367432	0.1564759761095047	0.2320076674222946	0.226129874587059	0.2205846160650253	0.2268108427524567	0.2332348227500916	0.2348307967185974	0.2320829480886459	0.1852921396493912	0.1609194576740265	0.1747518330812454	0.2213050127029419	0.1657183319330215	0.1975212246179581	0.1817954778671265	0.2228065878152847	0.2213430255651474	0.1662633121013641	0.2366266548633575	0.2220571935176849	0.183373436331749	0.2295613288879395	0.2402861714363098	0.1033041253685951	0.1800143867731094	0.259851485490799	0.2332788705825806	0.2349838763475418	0.2209272831678391	0.2123324573040009	0.1842901855707169	0.1384850293397903	0.08054289966821671	0.1684678494930267	0.1722100526094437	0.1398891806602478	0.07245338708162308	0.2257684767246246	0.1766114383935928	0.111571729183197	0.1792894303798676	0.06829637289047241	0.1320057362318039	0.07248625904321671	0.1422323882579803	0.1382970958948135	0.1520990878343582	0.1790906190872192	0.07838371396064758	0.1843022406101227	0.19259312748909	0.179658442735672	0.1186903640627861	0.141641691327095	0.1665932387113571	0.09701013565063477	0.1764473617076874	0.1690768152475357	0.1769551038742065
S2017t1_E23-T1b-Male	0.1011006087064743	0.1108245551586151	0.1603986173868179	0.2196551561355591	0.1100249737501144	0.1482418775558472	0.05648214742541313	0.1244996637105942	0.1690768301486969	0.08050420135259628	0.2515149712562561	0.2205372750759125	0.2358710318803787	0.1711556911468506	0.1215298995375633	0.1485317796468735	0.2199840098619461	0.1326561868190765	0.1753092557191849	0.1514550894498825	0.1843394339084625	0.1808226257562637	0.1574995815753937	0.08559624850749969	0.2434054315090179	0.1485120505094528	0.1609371900558472	0.1293001770973206	0.1183468997478485	0.1448077410459518	0.2405535131692886	0.143084928393364	0.1430849581956863	0.2246895879507065	0.1365809738636017	0.1598530858755112	0.1540687382221222	0.1413454860448837	0.1872242540121078	0.1807649731636047	0.2229793518781662	0.2201829254627228	0.2090974003076553	0.06157686933875084	0.07316930592060089	0.06915577501058578	0.06570419669151306	0.212248831987381	0.1448802053928375	0.150689035654068	0.154370591044426	0.1878751218318939	0.1415147632360458	0.1508121937513351	0.1646459847688675	0.1766327619552612	0.05789121612906456	0.1592721492052078	0.07378584891557693	0.2489562779664993	0.2340770959854126	0.2486855536699295	0.2416898310184479	0.236926406621933	0.2333349138498306	0.1942288279533386	0.2404311895370483	0.1598921120166779	0.1540687382221222	0.2159406989812851	0.2304273843765259	0.1690329164266586	0.2248961627483368	0.1585464328527451	0.2274994105100632	0.1295178234577179	0.2400705367326736	0.2014865875244141	0.1076780334115028	0.1594940274953842	0.01704866997897625	0.1216849386692047	0.1153469458222389	0.1114954948425293	0.1540262252092361	0.2013774663209915	0.1502046585083008	0.1343851834535599	0.1517129242420197	0.1426779329776764	0.1501675546169281	0.06514440476894379	0.1183088347315788	0.1341023445129395	0.1407280266284943	0.004248222336173058	0.04840266704559326	0.02619633264839649	0.1038333252072334	0.1003870218992233	1.222143986012725e-08	0	0.0625910758972168	0.138945460319519	0.1464350968599319	0.1501675546169281	0.1688878387212753	0.08236999809741974	0.07079814374446869	0.1663390398025513	0.1638698130846024	0.0737641230225563	0.1723717749118805	0.08863860368728638	0.1435781568288803	0.1512470245361328	0.2182132452726364	0.08168826997280121	0.1614144295454025	0.1282644867897034	0.1275535374879837	0.1963143795728683	0.1687403619289398	0.1463967114686966	0.1416651010513306	0.174096867442131	0.1915070861577988	0.1368067562580109	0.2116077542304993	0.2189420610666275	0.154130607843399	0.1260984688997269	0.1614129096269608	0.1455522030591965	0.08499421179294586	0.1783762574195862	0.06667579710483551	0.1564759612083435	0.2320076823234558	0.2261298596858978	0.2205846309661865	0.2268108576536179	0.2332348376512527	0.2348308116197586	0.2320829629898071	0.1852921396493912	0.1609194725751877	0.1747518479824066	0.2213050276041031	0.1657183468341827	0.1975212246179581	0.1817954927682877	0.2228066027164459	0.2213430404663086	0.1662633270025253	0.2366266697645187	0.2220572084188461	0.183373436331749	0.2295613288879395	0.2402862012386322	0.1033041328191757	0.1800144016742706	0.259851485490799	0.2332788854837418	0.234983891248703	0.2209272980690002	0.212332472205162	0.1842902004718781	0.1384850442409515	0.0805429071187973	0.1684678643941879	0.1722100675106049	0.139889195561409	0.07245340198278427	0.2257684916257858	0.176611453294754	0.1115717366337776	0.1792894452810287	0.06829635798931122	0.1320057511329651	0.07248624414205551	0.1422323882579803	0.1382971107959747	0.1520991027355194	0.1790906339883804	0.07838373631238937	0.1843022257089615	0.19259312748909	0.1796584576368332	0.1186903789639473	0.1416416764259338	0.1665932536125183	0.09701015055179596	0.1764473766088486	0.1690768301486969	0.1769551038742065
S2017t1_E30-T1a-Female	0.1272494196891785	0.1360663026571274	0.1829398572444916	0.2420003712177277	0.1352009773254395	0.1491094827651978	0.08473049104213715	0.1489816606044769	0.191469594836235	0.1210766434669495	0.2707864344120026	0.2020313888788223	0.2176774591207504	0.1449399441480637	0.09350071102380753	0.1285873353481293	0.2559815347194672	0.1693429499864578	0.1559779793024063	0.1868983507156372	0.158652275800705	0.1616007089614868	0.1985364407300949	0.111550010740757	0.2253660559654236	0.1216972544789314	0.1412373334169388	0.1089792177081108	0.1626982092857361	0.1869058012962341	0.2225335389375687	0.1659186035394669	0.1659186035394669	0.2434289157390594	0.1597578823566437	0.1818133294582367	0.1769465655088425	0.09938233345746994	0.1480243504047394	0.1412044018507004	0.204523503780365	0.1956239938735962	0.1904405355453491	0.1109470948576927	0.1144286841154099	0.1178414300084114	0.1075553521513939	0.2488534450531006	0.1869722157716751	0.1858919262886047	0.1894518584012985	0.1621878892183304	0.1775424778461456	0.186006098985672	0.1989793926477432	0.210103452205658	0.1003660261631012	0.181262344121933	0.1004046127200127	0.2310308218002319	0.2098504602909088	0.230754554271698	0.2177038937807083	0.2127899080514908	0.2150895446538925	0.2321076095104218	0.222098097205162	0.1823614537715912	0.1769465655088425	0.2350183874368668	0.2494077831506729	0.1910223811864853	0.2065580934286118	0.1319320648908615	0.209214061498642	0.1019858568906784	0.2218045145273209	0.2332017570734024	0.1527920961380005	0.1756139695644379	0.05490707978606224	0.1522937119007111	0.1464958786964417	0.1427635699510574	0.1701521426439285	0.2271724492311478	0.1664201617240906	0.1706515550613403	0.1111360490322113	0.1156025305390358	0.1089290082454681	0.1068804040551186	0.1559311598539352	0.1644445806741714	0.1706432551145554	0.05852187424898148	0.07712951302528381	0.06374141573905945	0.1558756977319717	0.1527650952339172	0.06259109079837799	0.0625910758972168	0	0.111870214343071	0.105168528854847	0.1089290082454681	0.12860307097435	0.04498554021120071	0.03305967524647713	0.1187997385859489	0.144254058599472	0.04452880099415779	0.138998419046402	0.0516987033188343	0.1804901957511902	0.1743767559528351	0.1871977597475052	0.04464136064052582	0.1416648775339127	0.1080497726798058	0.09219216555356979	0.1772617995738983	0.1353536546230316	0.1262637227773666	0.1216252893209457	0.1411258578300476	0.1851160377264023	0.1164846271276474	0.2316033691167831	0.1940444856882095	0.1275483518838882	0.09117260575294495	0.1348307579755783	0.1114792600274086	0.04809447750449181	0.1316634863615036	0.0123760374262929	0.1084693297743797	0.201551154255867	0.1955529600381851	0.1897690296173096	0.1961299628019333	0.2028312385082245	0.1919390857219696	0.2016296684741974	0.152951568365097	0.1344369500875473	0.1279991716146469	0.202932596206665	0.159399539232254	0.1848334521055222	0.1493031233549118	0.2042100429534912	0.1967677921056747	0.1189299449324608	0.1938550174236298	0.2036210149526596	0.1509488224983215	0.2107868194580078	0.2222987860441208	0.05948458611965179	0.1473017334938049	0.2186241894960403	0.2028771787881851	0.2167161852121353	0.1771029829978943	0.1679288893938065	0.1379819810390472	0.1747374981641769	0.1076268553733826	0.2025250792503357	0.1944365203380585	0.1634262502193451	0.1145993694663048	0.2464808374643326	0.1983970999717712	0.1369957774877548	0.2008407860994339	0.09585203230381012	0.1687411665916443	0.09991800040006638	0.1783581376075745	0.1744116097688675	0.1767607033252716	0.2010514438152313	0.1058506965637207	0.2055012881755829	0.2249313145875931	0.2012852877378464	0.1437143534421921	0.1775090098381042	0.1888075172901154	0.1233939826488495	0.1981462240219116	0.191469594836235	0.1987241506576538
S2017t1_E30-T1a-Male	0.2093642503023148	0.2155704498291016	0.2544077634811401	0.3123071789741516	0.2145317643880844	0.2106209397315979	0.1731179356575012	0.2262327373027802	0.2624357342720032	0.2011603564023972	0.3321764767169952	0.1081865504384041	0.1257307827472687	0.1938172280788422	0.1695854812860489	0.198457807302475	0.1590771675109863	0.2293920964002609	0.2213418036699295	0.2446268051862717	0.2236088961362839	0.2261097431182861	0.2543683052062988	0.1932984441518784	0.1343512684106827	0.1923838406801224	0.2091282308101654	0.1819695085287094	0.2237269133329391	0.226407453417778	0.1315606981515884	0.2383759766817093	0.2383760064840317	0.1571643948554993	0.2332424372434616	0.2516510486602783	0.2494202554225922	0.1868872195482254	0.2266045808792114	0.2209648638963699	0.1109832748770714	0.1014000922441483	0.09558966010808945	0.179853081703186	0.182790994644165	0.1856727451086044	0.1769928634166718	0.1509671211242676	0.0805182084441185	0.2433007955551147	0.2465809285640717	0.2268577814102173	0.2363928407430649	0.2433985769748688	0.09419385343790054	0.1068610623478889	0.1709363758563995	0.08791077136993408	0.184120312333107	0.1407022774219513	0.1169545203447342	0.140392541885376	0.1257603913545609	0.120250478386879	0.1228290423750877	0.1323514431715012	0.1295355260372162	0.2536323368549347	0.2494202554225922	0.148176446557045	0.1613822132349014	0.2608558833599091	0.1136560365557671	0.2012766152620316	0.116632916033268	0.176103875041008	0.1295749098062515	0.1331556737422943	0.0420590378344059	0.0779898390173912	0.1325256079435349	0.04197730869054794	0.03488630056381226	0.03112589567899704	0.07326794415712357	0.1267340332269669	0.06953603029251099	0.06287522614002228	0.01493704412132502	0.003760406747460365	0.01130611263215542	0.1558362245559692	0.04563480243086815	0.05380237102508545	0.06087389960885048	0.135240226984024	0.1669191122055054	0.1405638605356216	0.04557517543435097	0.04203183203935623	0.1389454901218414	0.138945460319519	0.111870214343071	0	0.00754570635035634	0.01130611263215542	0.04751254990696907	0.114791214466095	0.1044110134243965	0.03687632828950882	0.03627360239624977	0.113564133644104	0.04387141019105911	0.1413185149431229	0.08394993841648102	0.07711644470691681	0.1114379912614822	0.1139250174164772	0.0328739657998085	0.1676100939512253	0.1749716699123383	0.07326454669237137	0.04022670909762383	0.01491831336170435	0.02576545253396034	0.04700073972344398	0.08261064440011978	0.1759112775325775	0.1410833895206451	0.1053735166788101	0.1844037175178528	0.1731482595205307	0.1911246776580811	0.1899904310703278	0.1379838287830353	0.05083335563540459	0.1225452050566673	0.02601363137364388	0.1140481233596802	0.1077610775828362	0.1966925859451294	0.1080328300595284	0.1154685094952583	0.1162720248103142	0.1141352578997612	0.06051250919699669	0.1905663162469864	0.04719579219818115	0.1163100898265839	0.05345217138528824	0.08185268193483353	0.1586823463439941	0.1033976227045059	0.1091084703803062	0.03735924884676933	0.1183531433343887	0.1167096197605133	0.05828913673758507	0.1224001049995422	0.137780949473381	0.1398178189992905	0.05385344475507736	0.1452640742063522	0.1155194863677025	0.1180034056305885	0.1001589521765709	0.09019723534584045	0.05768997222185135	0.2339966744184494	0.1925454586744308	0.2577917873859406	0.2649054825305939	0.2378860861063004	0.1906406730413437	0.3121769428253174	0.2675846815109253	0.2169958651065826	0.2693426907062531	0.182205855846405	0.2288786917924881	0.1858834773302078	0.2373269498348236	0.227225050330162	0.2542066276073456	0.2707075774669647	0.1918432414531708	0.2729616463184357	0.2770724296569824	0.2699965238571167	0.2225305438041687	0.2361272871494293	0.2592968642711639	0.206201508641243	0.267090916633606	0.2624357342720032	0.2678615748882294
S2017t1_E30-T1b-Female	0.2035743743181229	0.2099527716636658	0.249334380030632	0.307343065738678	0.2089246660470963	0.2173350900411606	0.1669016480445862	0.2207672894001007	0.2573995590209961	0.195496454834938	0.3278039395809174	0.1149667203426361	0.132377564907074	0.200528159737587	0.1766472309827805	0.205216571688652	0.1656774282455444	0.2361241728067398	0.227880135178566	0.2512544989585876	0.2301281988620758	0.2326080501079559	0.2608822286128998	0.1875221282243729	0.1409325152635574	0.1991653442382812	0.215797021985054	0.1888673156499863	0.2305084764957428	0.2330760806798935	0.1381382495164871	0.2332292199134827	0.2332292348146439	0.1515069752931595	0.2280258238315582	0.246682733297348	0.2442785352468491	0.1812015473842621	0.2214843481779099	0.2157694399356842	0.117742046713829	0.1082060784101486	0.1024396494030952	0.187017947435379	0.1899302005767822	0.192786768078804	0.1841827183961868	0.1576310247182846	0.08773504942655563	0.2498827427625656	0.2531628608703613	0.2333770841360092	0.243063747882843	0.2499796599149704	0.101303368806839	0.1138711497187614	0.1781791150569916	0.08128179609775543	0.1782113164663315	0.147235244512558	0.1236680224537849	0.1469278633594513	0.1324069499969482	0.1269389241933823	0.1294978857040405	0.1391349285840988	0.1362278908491135	0.2485713809728622	0.2442785352468491	0.142420157790184	0.1556373983621597	0.2558927237987518	0.1203691884875298	0.2080116122961044	0.1233235225081444	0.1830511391162872	0.136243149638176	0.139959380030632	0.04954866319894791	0.07097971439361572	0.1400713175535202	0.04943850263953209	0.04243201017379761	0.03867160156369209	0.06627571582794189	0.1335616260766983	0.06251565366983414	0.07017367333173752	0.02237004041671753	0.01130611263215542	0.003788997186347842	0.1630822718143463	0.0530964769423008	0.06129174679517746	0.0683072954416275	0.1427298486232758	0.1606089025735855	0.148109570145607	0.05303709954023361	0.04952146112918854	0.1464351117610931	0.1464350968599319	0.105168528854847	0.00754570635035634	0	0.003788997186347842	0.04048433899879456	0.1081364303827286	0.09762734174728394	0.02968968451023102	0.04357284680008888	0.120943121612072	0.03678916767239571	0.1350021660327911	0.07706304639577866	0.07012603431940079	0.1053479164838791	0.121331550180912	0.04022670909762383	0.1745105385780334	0.1691175550222397	0.08031021058559418	0.03311746940016747	0.02243590168654919	0.03317224234342575	0.05427349358797073	0.0895589292049408	0.1828581988811493	0.1350316107273102	0.09919975697994232	0.1911649405956268	0.1801204532384872	0.1978859305381775	0.1968206018209457	0.145283043384552	0.0438542515039444	0.1159487515687943	0.01869147084653378	0.1208092197775841	0.1145444810390472	0.203181654214859	0.1148398146033287	0.1222187504172325	0.1102251335978508	0.1208956763148308	0.06765498965978622	0.1973041296005249	0.0401899442076683	0.1230031400918961	0.06062130630016327	0.08883306384086609	0.1654783189296722	0.1102399900555611	0.1158816367387772	0.03020745143294334	0.112334817647934	0.1234249994158745	0.06544866412878036	0.1292294710874557	0.1443113833665848	0.1335616707801819	0.0610739067196846	0.1396087110042572	0.1222693398594856	0.1247089430689812	0.09388876706361771	0.08378695696592331	0.05081170052289963	0.2406885623931885	0.1865644603967667	0.2642758190631866	0.2599030733108521	0.2326086014509201	0.1847144961357117	0.307511955499649	0.2626673877239227	0.2113470435142517	0.2644712030887604	0.1761259585618973	0.2356152534484863	0.1798309236764908	0.2440186887979507	0.2339160293340683	0.2487458735704422	0.2657614052295685	0.1857929229736328	0.2681602835655212	0.2833879888057709	0.2651116549968719	0.2169615924358368	0.2427716106176376	0.2542900443077087	0.2003650367259979	0.2621892690658569	0.2573995590209961	0.2629477083683014
S2017t1_E30-T1b-Male	0.2006572037935257	0.2071230709552765	0.246780201792717	0.3048423826694489	0.2124821692705154	0.2206811010837555	0.1706481277942657	0.218014657497406	0.254863977432251	0.1926437467336655	0.3256034553050995	0.1119661405682564	0.1294940859079361	0.1978454142808914	0.173739418387413	0.2025305181741714	0.1629240661859512	0.2335527986288071	0.2311385124921799	0.2487732470035553	0.2333770841360092	0.2358464747667313	0.2584750950336456	0.1846124976873398	0.138105720281601	0.2025448828935623	0.213182121515274	0.1860694140195847	0.2278990894556046	0.2305188626050949	0.1414161622524261	0.2306382656097412	0.2306382805109024	0.1486591547727585	0.2253995537757874	0.2441820800304413	0.2416897565126419	0.1783383190631866	0.2189073115587234	0.2131543606519699	0.1211102828383446	0.1115978434681892	0.105853334069252	0.184104710817337	0.1870378255844116	0.1899147927761078	0.1812490671873093	0.1548242270946503	0.08444222807884216	0.2531628310680389	0.2507050633430481	0.2308782786130905	0.2405389398336411	0.2532593309879303	0.09810794144868851	0.1107646375894547	0.1752020716667175	0.0779421329498291	0.1752344965934753	0.1444498300552368	0.1207262575626373	0.144140437245369	0.1295236647129059	0.1240191087126732	0.1265951842069626	0.1425154805183411	0.1333374381065369	0.251950591802597	0.2416897565126419	0.1457878202199936	0.1527449786663055	0.2592390179634094	0.1237146928906441	0.2053444385528564	0.1266577988862991	0.1802129149436951	0.133363202214241	0.1370333731174469	0.04598785191774368	0.0674462765455246	0.1368254274129868	0.05315679684281349	0.03881757333874702	0.04243201017379761	0.06275159865617752	0.1306034624576569	0.06627571582794189	0.07381085306406021	0.02607427723705769	0.007574188522994518	0	0.1600491404533386	0.0495622493326664	0.05777505040168762	0.0648430734872818	0.1464623212814331	0.164383664727211	0.1518699675798416	0.05675575882196426	0.05325391888618469	0.1501675844192505	0.1501675546169281	0.1089290082454681	0.01130611263215542	0.003788997186347842	0	0.03694296255707741	0.1047825142741203	0.1014021188020706	0.02606802992522717	0.04721042886376381	0.1176986172795296	0.03322041407227516	0.1318195909261703	0.0735921636223793	0.0666026696562767	0.1022816598415375	0.1180763244628906	0.03669692948460579	0.1779493987560272	0.1661690324544907	0.07706961035728455	0.02953510917723179	0.01875979080796242	0.02959028445184231	0.05083335191011429	0.09302160888910294	0.1800194531679153	0.131983757019043	0.09609112143516541	0.1945344209671021	0.1772617995738983	0.1951740980148315	0.1940774023532867	0.1421626210212708	0.04033775255084038	0.1196952164173126	0.0150012094527483	0.1178368553519249	0.1115410253405571	0.2005965113639832	0.1118268817663193	0.1192559376358986	0.1071806624531746	0.1179239153862	0.07121444493532181	0.2006619423627853	0.0438542515039444	0.1263386309146881	0.06419405341148376	0.08565234392881393	0.1688650846481323	0.1071956232190132	0.1128872558474541	0.033909872174263	0.109304778277874	0.1204816028475761	0.0621022917330265	0.1262557655572891	0.1475658416748047	0.1304098069667816	0.05768314749002457	0.1367623209953308	0.1193068623542786	0.1217741742730141	0.09073127806186676	0.08055854588747025	0.04734628275036812	0.2381478697061539	0.1902558505535126	0.2618907392024994	0.2573845982551575	0.2360595762729645	0.1883634328842163	0.3051634430885315	0.2601921260356903	0.2085014432668686	0.2620191276073456	0.1798309534788132	0.2330404669046402	0.1767809092998505	0.2414892017841339	0.2372504770755768	0.252394825220108	0.2632713317871094	0.1827437728643417	0.2714513838291168	0.281125396490097	0.2626528143882751	0.2141564190387726	0.2460828125476837	0.2517695426940918	0.1974242627620697	0.2597219347953796	0.254863977432251	0.2662924826145172
S2017t2_E11-T2a-Male_C7D5_5f	0.2242734283208847	0.2238981574773788	0.2676801979541779	0.325549840927124	0.2351473718881607	0.2361057698726654	0.1889843195676804	0.2343368083238602	0.2756457030773163	0.2033541053533554	0.3439560830593109	0.1173037141561508	0.1219888776540756	0.1957914531230927	0.1847140043973923	0.206631064414978	0.1612696647644043	0.2488126158714294	0.2347220331430435	0.257872074842453	0.242527037858963	0.2393475472927094	0.2672630846500397	0.2018613964319229	0.1429452002048492	0.2125726789236069	0.2170870006084442	0.1904797405004501	0.2375571578741074	0.2283534109592438	0.1339349746704102	0.2460131943225861	0.2460131943225861	0.1655603498220444	0.2409824281930923	0.2590256631374359	0.2570482492446899	0.1829162687063217	0.2284644246101379	0.2228757292032242	0.120077021420002	0.110392302274704	0.09830686450004578	0.1950778067111969	0.204185351729393	0.2007087916135788	0.1986390501260757	0.1655238568782806	0.09727446734905243	0.2676592171192169	0.265296071767807	0.2400979548692703	0.2555245757102966	0.2677519619464874	0.1170535311102867	0.1291876286268234	0.1928470879793167	0.09773510694503784	0.1928781419992447	0.1491714715957642	0.1320482343435287	0.1488678157329559	0.1405893713235855	0.1352448463439941	0.1316514611244202	0.153574526309967	0.1195380315184593	0.2669003009796143	0.2570482492446899	0.162802055478096	0.1699049174785614	0.2739017307758331	0.1288258582353592	0.2152909189462662	0.1191471740603447	0.1909007132053375	0.1133085042238235	0.1543945968151093	0.07408440113067627	0.1023922637104988	0.1694754511117935	0.08086502552032471	0.0743480771780014	0.07772697508335114	0.08331713080406189	0.1603845953941345	0.08668797463178635	0.0866350382566452	0.03279304131865501	0.04402295500040054	0.03694296255707741	0.1714919209480286	0.06337536126375198	0.07851458340883255	0.08527564257383347	0.1718886196613312	0.1829947829246521	0.1839602589607239	0.07047826796770096	0.0741090327501297	0.1688878387212753	0.1688878387212753	0.12860307097435	0.04751254990696907	0.04048433899879456	0.03694296255707741	0	0.1037644445896149	0.114494226872921	0.01124851685017347	0.05381954833865166	0.1165464669466019	0.04732509329915047	0.150677502155304	0.08010571449995041	0.08039560914039612	0.1013698428869247	0.1030141040682793	0.05761230364441872	0.1637513935565948	0.1773527413606644	0.09628605842590332	0.050759207457304	0.03334049507975578	0.02941462956368923	0.05042858421802521	0.09220589697360992	0.1781018078327179	0.1307408809661865	0.1081702336668968	0.1805640757083893	0.181787982583046	0.1750388592481613	0.1982838660478592	0.1407544314861298	0.04004454240202904	0.1185034289956093	0.02230172045528889	0.1040879264473915	0.1039489209651947	0.2045107334852219	0.09800577163696289	0.1055240854620934	0.1062199175357819	0.0911179855465889	0.04281838238239288	0.1681743562221527	0.04352338239550591	0.09991843998432159	0.06366239488124847	0.08490744233131409	0.16728575527668	0.1189852729439735	0.1118780896067619	0.03368622437119484	0.1083244830369949	0.09386409074068069	0.06838814169168472	0.09270219504833221	0.1218584626913071	0.1155726462602615	0.04322483390569687	0.1105928644537926	0.1182359457015991	0.139191672205925	0.08992534875869751	0.07985144108533859	0.03276899084448814	0.253227025270462	0.2143146395683289	0.2760534286499023	0.2780387997627258	0.251644641160965	0.1927478611469269	0.3246370851993561	0.2692176103591919	0.2315801978111267	0.2765730619430542	0.2042407691478729	0.248320460319519	0.201356902718544	0.2507956027984619	0.2406178563833237	0.2746300399303436	0.278046727180481	0.2073351442813873	0.2856392860412598	0.2945663034915924	0.2716080248355865	0.2369354665279388	0.2664502561092377	0.2667264640331268	0.221215084195137	0.2743657529354095	0.2756457030773163	0.2863973379135132
S2017t2_E11-T2a-Male	0.1384101361036301	0.1397256255149841	0.1928217113018036	0.2520540356636047	0.1531176120042801	0.1591398268938065	0.09661756455898285	0.152532622218132	0.2013231813907623	0.1247591450810432	0.2796227931976318	0.192300409078598	0.2081895172595978	0.1343043744564056	0.1045678704977036	0.1388726383447647	0.2409578114748001	0.1726328879594803	0.1721349209547043	0.1836096346378326	0.1747297048568726	0.1775906831026077	0.201599583029747	0.1153125911951065	0.2159967720508575	0.1388894021511078	0.1512794494628906	0.1196469366550446	0.1660408526659012	0.156719982624054	0.2189981192350388	0.1692356318235397	0.1692356467247009	0.2280662804841995	0.1631240099668503	0.185005396604538	0.1802684515714645	0.1031408458948135	0.1579370945692062	0.1512471586465836	0.1948639750480652	0.1919665634632111	0.1867596656084061	0.1147147864103317	0.1181669905781746	0.121551051735878	0.1113517805933952	0.2336376309394836	0.1700500845909119	0.1954378187656403	0.1925847083330154	0.1718332320451736	0.1807678490877151	0.195549800992012	0.1823937743902206	0.1938272565603256	0.104223720729351	0.1641792804002762	0.1042619869112968	0.2217486351728439	0.2002412080764771	0.2214681208133698	0.2082163244485855	0.203226238489151	0.2055615335702896	0.2225145846605301	0.2066105455160141	0.1922456473112106	0.1802684515714645	0.2254715710878372	0.2337700724601746	0.200737327337265	0.2029502242803574	0.142152801156044	0.2056182771921158	0.1127915605902672	0.2003368437290192	0.2175608575344086	0.1487080603837967	0.171469122171402	0.07488618791103363	0.148261547088623	0.1423813849687576	0.1455704569816589	0.1660386174917221	0.2234487533569336	0.1691394299268723	0.1732677966356277	0.1278685331344604	0.1114872545003891	0.1047825142741203	0.08763319253921509	0.1381150037050247	0.1466260850429535	0.153003990650177	0.08604264259338379	0.08917979151010513	0.09139840304851532	0.1450460702180862	0.14873106777668	0.08236997574567795	0.08236999809741974	0.04498554021120071	0.114791214466095	0.1081364303827286	0.1047825142741203	0.1037644445896149	0	0.01239564176648855	0.09356844425201416	0.1199879795312881	0.04021259024739265	0.1143534630537033	0.05583441257476807	0.155941516160965	0.1495736390352249	0.1835223287343979	0.01635677367448807	0.1240930482745171	0.09693000465631485	0.08868468552827835	0.1606730073690414	0.1176052019000053	0.1011070385575294	0.1176551878452301	0.1304875463247299	0.1624458879232407	0.1055008918046951	0.196428194642067	0.1779115051031113	0.1167434677481651	0.1093340292572975	0.1102403029799461	0.1290077716112137	0.06005743145942688	0.1208732053637505	0.0331328958272934	0.1044401600956917	0.1795547604560852	0.1919150501489639	0.1861051023006439	0.1739272028207779	0.1808834820985794	0.1821039021015167	0.1796362698078156	0.1358852386474609	0.116860069334507	0.1240944489836693	0.1933148801326752	0.1357301622629166	0.1556170433759689	0.1454927623271942	0.1821175813674927	0.1931353360414505	0.1149850413203239	0.184049665927887	0.1878887414932251	0.1471104472875595	0.1886609047651291	0.2129783034324646	0.03973814845085144	0.1232051178812981	0.1972726583480835	0.1932120323181152	0.2011911123991013	0.1670355647802353	0.1577169597148895	0.1135167106986046	0.1779849231243134	0.1266143023967743	0.2055578678846359	0.2042315900325775	0.1736853122711182	0.125357910990715	0.2558443248271942	0.1950580030679703	0.1478972434997559	0.2039729803800583	0.1150611937046051	0.1720358431339264	0.1114932671189308	0.1750378459692001	0.1772420704364777	0.1946695894002914	0.2042412757873535	0.1174639761447906	0.2149363458156586	0.2277963906526566	0.1979572027921677	0.1544774174690247	0.1936289072036743	0.1920345574617386	0.1346356272697449	0.2012995332479477	0.2013231813907623	0.2147843390703201
S2017t2_E11-T2b-Female	0.1349781602621078	0.1363682597875595	0.189853310585022	0.2491211146116257	0.1426843553781509	0.1493867188692093	0.08506789803504944	0.1492746770381927	0.1983749568462372	0.1213805228471756	0.2770817577838898	0.1895611584186554	0.2055571526288986	0.1311568170785904	0.1011264324188232	0.1357174664735794	0.2384521216154099	0.1696144044399261	0.1627506166696548	0.1806708723306656	0.1653933078050613	0.168306976556778	0.1987891346216202	0.1118605211377144	0.2134161442518234	0.1288809925317764	0.1482146680355072	0.1163490191102028	0.1629739850759506	0.1669846475124359	0.2105717808008194	0.1661922633647919	0.1661922782659531	0.2254746109247208	0.1600355952978134	0.1820766478776932	0.1772206127643585	0.09971785545349121	0.1549203097820282	0.1481821238994598	0.1860118061304092	0.1830625683069229	0.1777622252702713	0.1112580224871635	0.1147371903061867	0.1181475818157196	0.1078686416149139	0.2310833036899567	0.1670534014701843	0.186151534318924	0.1897103190422058	0.1689153909683228	0.1778085678815842	0.1862656027078629	0.1794857680797577	0.1910001337528229	0.1006843969225883	0.1611399799585342	0.1007229536771774	0.2192058116197586	0.1975556463003159	0.2189234346151352	0.2055841237306595	0.2005607038736343	0.2029116451740265	0.213847354054451	0.2039459198713303	0.182630717754364	0.1772206127643585	0.2168575376272202	0.2311444878578186	0.1912859529256821	0.1942418366670609	0.1390216648578644	0.196957066655159	0.1094419732689857	0.2096724063158035	0.2148980349302292	0.1455413401126862	0.1683405488729477	0.0710940882563591	0.1382081806659698	0.1391673237085342	0.1354209333658218	0.1629134565591812	0.2208144962787628	0.1591674089431763	0.1636504381895065	0.1177393570542336	0.1081574112176895	0.1014021188020706	0.09905385971069336	0.1487190574407578	0.157237708568573	0.1635130792856216	0.07454733550548553	0.07747252285480499	0.07985321432352066	0.134930431842804	0.1386429518461227	0.0707981288433075	0.07079814374446869	0.03305967524647713	0.1044110134243965	0.09762734174728394	0.1014021188020706	0.114494226872921	0.01239564176648855	0	0.1044580563902855	0.1236400082707405	0.03634211793541908	0.1110589206218719	0.05204003304243088	0.1527543514966965	0.1463381052017212	0.1807230859994888	0.02848401106894016	0.1208706870675087	0.1006777435541153	0.08515024930238724	0.1577146351337433	0.1143348440527916	0.09771301597356796	0.1143852025270462	0.1273121684789658	0.1659217178821564	0.1021112501621246	0.2063427716493607	0.1750735938549042	0.1204089745879173	0.1059582307934761	0.1208690404891968	0.1257797330617905	0.05629698559641838	0.1176270768046379	0.02101116254925728	0.1010713055729866	0.1891231834888458	0.18917316198349	0.1833235770463943	0.1835802346467972	0.1904319524765015	0.1792949289083481	0.1892034858465195	0.1394713073968887	0.120525099337101	0.1139358803629875	0.1966626048088074	0.1393168568611145	0.1655471920967102	0.135738268494606	0.1793087124824524	0.1904017627239227	0.1046520620584488	0.1812540590763092	0.1973323374986649	0.1440555155277252	0.1982954144477844	0.2162444144487381	0.05148548632860184	0.1336325407028198	0.2065763175487518	0.1904789507389069	0.1985119432210922	0.1641219556331635	0.154737651348114	0.1240944489836693	0.1750054210424423	0.1155383735895157	0.2027752697467804	0.2013048380613327	0.1637081354856491	0.114410936832428	0.2531173825263977	0.1921193599700928	0.1445580124855042	0.2010991871356964	0.1038471162319183	0.1690129786729813	0.1078952327370644	0.1720369309186935	0.1676567643880844	0.1842745542526245	0.2013146132230759	0.1138627603650093	0.2057555317878723	0.2251676172018051	0.195039764046669	0.1511896550655365	0.1842675060033798	0.1890737861394882	0.1311734467744827	0.1984063982963562	0.1983749568462372	0.2054734528064728
S2017t2_E11-T2b-Male	0.2158015519380569	0.2155780494213104	0.2602429687976837	0.3182881474494934	0.2270310819149017	0.2284500896930695	0.1798943877220154	0.2262401580810547	0.26826411485672	0.2011679708957672	0.3375427722930908	0.1146171167492867	0.1319767236709595	0.1998938173055649	0.1760644614696503	0.2045618146657944	0.1711554527282715	0.24123914539814	0.2329111844301224	0.250481128692627	0.2351301163434982	0.2375779300928116	0.2656720876693726	0.1933062672615051	0.1405073404312134	0.2045760601758957	0.2151155322790146	0.1882557421922684	0.2356987148523331	0.2264514565467834	0.1437869369983673	0.238382950425148	0.238382950425148	0.1571720689535141	0.2332495003938675	0.2516577839851379	0.2494272142648697	0.1743026524782181	0.2207888662815094	0.2150880545377731	0.1174177974462509	0.1142523884773254	0.1085641011595726	0.1928092241287231	0.1956802308559418	0.1984964609146118	0.1900143325328827	0.1632149219512939	0.09428039938211441	0.2604628205299377	0.2580529153347015	0.2326532602310181	0.2480865567922592	0.2605574429035187	0.1076561734080315	0.1200481131672859	0.184096559882164	0.08791974186897278	0.1841283142566681	0.1467925012111664	0.1232925131917	0.1464859694242477	0.1320059895515442	0.1265538334846497	0.129105344414711	0.1511510908603668	0.1296274960041046	0.2594810724258423	0.2494272142648697	0.1543579399585724	0.1613899916410446	0.2666241824626923	0.126252293586731	0.2073496878147125	0.1291673481464386	0.1824554800987244	0.1233952939510345	0.1457791477441788	0.07082752138376236	0.09225640445947647	0.1601668149232864	0.07067711651325226	0.06397323310375214	0.06742816418409348	0.08746200799942017	0.1518576741218567	0.09082993865013123	0.09744240343570709	0.03670814633369446	0.03330821916460991	0.02606802992522717	0.1690260022878647	0.06002623587846756	0.0681864321231842	0.07509933412075043	0.1693714112043381	0.1737693399190903	0.1748477071523666	0.06719455122947693	0.07085242122411728	0.1663390249013901	0.1663390398025513	0.1187997385859489	0.03687632828950882	0.02968968451023102	0.02606802992522717	0.01124851685017347	0.09356844425201416	0.1044580563902855	0	0.04344489797949791	0.1136070117354393	0.03672551736235619	0.1413270682096481	0.0768459364771843	0.06993374973535538	0.09853430092334747	0.09288597851991653	0.04724165424704552	0.1613238453865051	0.1685834676027298	0.08675342798233032	0.04023633152246475	0.02242566272616386	0.02581098303198814	0.03997908160090446	0.089276984333992	0.1822871714830399	0.1214747354388237	0.1053818836808205	0.1783011108636856	0.1731872260570526	0.1727223247289658	0.1900281608104706	0.1312643885612488	0.029363963752985	0.108512669801712	0.01122039649635553	0.0948624461889267	0.1078006699681282	0.1967282295227051	0.08865397423505783	0.09632832556962967	0.09696821868419647	0.09495237469673157	0.04668503999710083	0.1784011870622635	0.03292050585150719	0.1100429892539978	0.06043439358472824	0.08190328627824783	0.1587539315223694	0.1099279001355171	0.1091479510068893	0.02286289259791374	0.09911653399467468	0.1040567457675934	0.05833227187395096	0.1031044945120811	0.1317362189292908	0.1126469969749451	0.03269598260521889	0.1144093200564384	0.1092326045036316	0.130547046661377	0.08033143728971481	0.07004281878471375	0.02200746536254883	0.2457428276538849	0.2056680768728256	0.2690218389034271	0.2707061469554901	0.2439117580652237	0.2036282569169998	0.3178005516529083	0.2618454098701477	0.2233114689588547	0.2693492770195007	0.1954515427350998	0.2407370805740356	0.192503497004509	0.2432622909545898	0.2448282539844513	0.266737699508667	0.270714282989502	0.1984871476888657	0.2785962820053101	0.2878914773464203	0.2642841935157776	0.2287821918725967	0.2591980397701263	0.2593036890029907	0.2126758992671967	0.2670975625514984	0.26826411485672	0.2792717516422272
S2017t2_E13-T2a-Female	0.1935342997312546	0.1937195509672165	0.2393820732831955	0.295969158411026	0.1990588307380676	0.1900007277727127	0.1772473305463791	0.2046403884887695	0.2473044842481613	0.1795755475759506	0.3172095417976379	0.08771180361509323	0.1055991351604462	0.1732632517814636	0.1480464786291122	0.177742138504982	0.1389758288860321	0.2086536735296249	0.2012246549129486	0.2241583913564682	0.2035427391529083	0.2060999125242233	0.2342184782028198	0.1715299189090729	0.1143891140818596	0.1716193705797195	0.188651829957962	0.1978300660848618	0.2028558105230331	0.1939074546098709	0.1116188913583755	0.217668354511261	0.2176683694124222	0.1368650048971176	0.2124130576848984	0.2312593311071396	0.2283937931060791	0.2027351409196854	0.2063518613576889	0.2005836814641953	0.09056347608566284	0.1189208179712296	0.1133564859628677	0.1579638719558716	0.1609694510698318	0.1639176160097122	0.1936301589012146	0.1306996047496796	0.05882943421602249	0.2229776829481125	0.2262469679117203	0.2067810446023941	0.2158188372850418	0.2230777144432068	0.07277789711952209	0.08569910377264023	0.1488423347473145	0.06619948893785477	0.1621380299329758	0.1208653226494789	0.09665095061063766	0.1205494850873947	0.1056293249130249	0.1000114157795906	0.1026404723525047	0.1117847040295601	0.1092535331845284	0.2328029870986938	0.2283937931060791	0.1277718096971512	0.1406555026769638	0.2402033060789108	0.09336461126804352	0.1806240379810333	0.0963994637131691	0.1922141313552856	0.09675630927085876	0.1125250533223152	0.07670788466930389	0.1117160841822624	0.1644705682992935	0.06959268450737	0.07002042979001999	0.06638284772634506	0.1068999916315079	0.1187310814857483	0.1032890826463699	0.0550144836306572	0.05020544305443764	0.0399111844599247	0.04721042886376381	0.1336998045444489	0.06612291187047958	0.07415727525949478	0.08090229332447052	0.1668674051761627	0.1845525652170181	0.1722462624311447	0.06615638732910156	0.06976146996021271	0.1638697981834412	0.1638698130846024	0.144254058599472	0.03627360239624977	0.04357284680008888	0.04721042886376381	0.05381954833865166	0.1199879795312881	0.1236400082707405	0.04344489797949791	0	0.1322180479764938	0.02191055566072464	0.119152195751667	0.1035586968064308	0.09704216569662094	0.09087081253528595	0.1190997436642647	0.01095356326550245	0.1715312451124191	0.1913317888975143	0.09206170588731766	0.01827926002442837	0.03643166646361351	0.04669680818915367	0.02526654861867428	0.08800267428159714	0.1920253187417984	0.1455119848251343	0.0846872553229332	0.1513098627328873	0.1893850117921829	0.1580533981323242	0.1690856069326401	0.1158386021852493	0.02900639921426773	0.1411752104759216	0.04708977416157722	0.08071888983249664	0.08727805316448212	0.1768065541982651	0.07445620745420456	0.1201667860150337	0.1334235668182373	0.08080959320068359	0.02510669082403183	0.1576079875230789	0.02538212016224861	0.08332487940788269	0.01788859628140926	0.07410492748022079	0.1748528480529785	0.1209633201360703	0.1263689249753952	0.05791137367486954	0.09784450381994247	0.08361537009477615	0.07774712145328522	0.1270367503166199	0.105669379234314	0.1043079271912575	0.01803580485284328	0.112966775894165	0.1325746029615402	0.09772035479545593	0.1179952472448349	0.1084633395075798	0.02175658009946346	0.2133663892745972	0.1766587495803833	0.2377230077981949	0.2498079985380173	0.2166730165481567	0.2007218599319458	0.29681396484375	0.2469124495983124	0.2263815402984619	0.2488064467906952	0.1663370877504349	0.2081282585859299	0.1699878126382828	0.2166858166456223	0.2066202014684677	0.2380558997392654	0.255621612071991	0.215058371424675	0.2526065111160278	0.2574624121189117	0.2493841201066971	0.2069491446018219	0.2214742004871368	0.2385129481554031	0.1903315484523773	0.246499091386795	0.2473044842481613	0.2529492080211639
S2017t2_E13-T2a-Male	0.1513620316982269	0.1523961573839188	0.2038183361291885	0.2626241445541382	0.1653963923454285	0.157470777630806	0.1107756793498993	0.1647765785455704	0.2122063338756561	0.1161788552999496	0.2886752188205719	0.1782582700252533	0.1822628676891327	0.1125054731965065	0.09622955322265625	0.1239083409309387	0.2329082787036896	0.1708069145679474	0.1576279252767563	0.1880833655595779	0.1666140407323837	0.1631596237421036	0.1805170327425003	0.1139463186264038	0.190352201461792	0.1306854784488678	0.1229132786393166	0.1044227257370949	0.1576336622238159	0.1483574062585831	0.2053298503160477	0.1673673540353775	0.1673673540353775	0.2257669419050217	0.1613088250160217	0.1830044984817505	0.1916128098964691	0.1161965429782867	0.1628390103578568	0.1429991573095322	0.1869107633829117	0.1840044558048248	0.1726406663656235	0.09133844077587128	0.102192722260952	0.09835519641637802	0.09528091549873352	0.2136713564395905	0.1617650985717773	0.1934213787317276	0.1905913501977921	0.1637096256017685	0.1788724064826965	0.1935324519872665	0.167550265789032	0.1791509389877319	0.1030501127243042	0.1623789966106415	0.1030078530311584	0.1963115483522415	0.1923046708106995	0.1960209161043167	0.1882792413234711	0.1831634342670441	0.1795397996902466	0.2143953591585159	0.1986300647258759	0.2032117992639542	0.1916128098964691	0.2231904715299606	0.2433418184518814	0.2114390730857849	0.1768339872360229	0.1339560002088547	0.19176185131073	0.1045371070504189	0.1984208524227142	0.2154014855623245	0.1403335928916931	0.1831496059894562	0.07402575016021729	0.1329256594181061	0.1408428996801376	0.1440022885799408	0.1777320355176926	0.2212368547916412	0.1807333678007126	0.1649560481309891	0.1128281429409981	0.1102923974394798	0.1176986172795296	0.07909245789051056	0.1434953212738037	0.1586352586746216	0.1512435376644135	0.07744127511978149	0.1036026254296303	0.09034163504838943	0.136698991060257	0.14035664498806	0.07376410812139511	0.0737641230225563	0.04452880099415779	0.113564133644104	0.120943121612072	0.1176986172795296	0.1165464669466019	0.04021259024739265	0.03634211793541908	0.1136070117354393	0.1322180479764938	0	0.1336591690778732	0.0705249235033989	0.1679095923900604	0.1685225367546082	0.1755892932415009	0.02411895245313644	0.1227821260690689	0.08884121477603912	0.1093736961483955	0.1590332835912704	0.1300543695688248	0.1070205196738243	0.09557457268238068	0.1223132684826851	0.1671429574489594	0.0970977321267128	0.2255531698465347	0.1823889315128326	0.1086854338645935	0.09391023218631744	0.1090627312660217	0.1138501986861229	0.05167016386985779	0.1264046728610992	0.04070514813065529	0.1033539697527885	0.1838506907224655	0.1778149157762527	0.1719238758087158	0.1783284395933151	0.1851547211408615	0.186425969004631	0.1839306801557541	0.1410249918699265	0.115618921816349	0.129559263586998	0.1854372024536133	0.1409544497728348	0.1604466736316681	0.1373517066240311	0.1864094436168671	0.1729391515254974	0.1206392049789429	0.1883353292942047	0.1799950897693634	0.1323924660682678	0.1867592930793762	0.2051627039909363	0.047083780169487	0.1286013573408127	0.2130276560783386	0.1728441119194031	0.1992258131504059	0.1716439872980118	0.1625061333179474	0.1326922178268433	0.176113024353981	0.1399056315422058	0.2034612149000168	0.2150232791900635	0.1852402091026306	0.1313125640153885	0.2656688988208771	0.2122861444950104	0.1604620069265366	0.2145747691392899	0.1286328583955765	0.1702150404453278	0.1251893490552902	0.1796805709600449	0.1753850728273392	0.2064755409955978	0.2213961184024811	0.1311430931091309	0.2252029329538345	0.2255328595638275	0.2150627821683884	0.1668215394020081	0.1786865144968033	0.203007310628891	0.1477171331644058	0.2119838893413544	0.2122063338756561	0.2251942753791809
S2017t2_E13-T2b-Female	0.1823873519897461	0.182783842086792	0.2298082858324051	0.2868337035179138	0.1947376430034637	0.197994127869606	0.1724231541156769	0.194049283862114	0.2378327250480652	0.1684975177049637	0.3092742562294006	0.08861025422811508	0.1066587418317795	0.1750167161226273	0.1496240645647049	0.1795537024736404	0.1403595209121704	0.2107713222503662	0.2090814709663391	0.220512717962265	0.2113917320966721	0.2139401286840439	0.2365176379680634	0.1601965427398682	0.1155252456665039	0.1795685440301895	0.1905485987663269	0.1998459994792938	0.2049299031496048	0.2079434990882874	0.1189334839582443	0.2077600806951523	0.2077600806951523	0.1256610900163651	0.2023472785949707	0.2217527031898499	0.2185332328081131	0.1862335354089737	0.1964578777551651	0.1905199289321899	0.09152258932590485	0.1263879686594009	0.1208337396383286	0.1596716642379761	0.1627033948898315	0.1656769961118698	0.1956857442855835	0.1320137530565262	0.05947224423289299	0.2310302257537842	0.2284913212060928	0.2088129222393036	0.2179890275001526	0.231129914522171	0.07356040924787521	0.08660698682069778	0.1504693627357483	0.05277069658041	0.1505028754472733	0.122056744992733	0.09763083606958389	0.1217382177710533	0.1066891849040985	0.1010214388370514	0.1036739125847816	0.1193302050232887	0.1040255278348923	0.2291429489850998	0.2185332328081131	0.1227022930979729	0.1292849630117416	0.2366786301136017	0.1007079631090164	0.1824584305286407	0.1037383750081062	0.1941867619752884	0.1104665398597717	0.1136807799339294	0.07755160331726074	0.09892270714044571	0.1662888824939728	0.07737717777490616	0.07079651951789856	0.07420135289430618	0.09411347657442093	0.1199464201927185	0.09743257611989975	0.06266485899686813	0.05779325217008591	0.04035503789782524	0.03322041407227516	0.1486331075429916	0.08091999590396881	0.08903741836547852	0.09569809585809708	0.1753604859113693	0.1798368841409683	0.1808407157659531	0.07394473999738693	0.07757614552974701	0.1723717600107193	0.1723717749118805	0.138998419046402	0.04387141019105911	0.03678916767239571	0.03322041407227516	0.04732509329915047	0.1143534630537033	0.1110589206218719	0.03672551736235619	0.02191055566072464	0.1336591690778732	0	0.106538750231266	0.08362530916929245	0.07681465148925781	0.07863710820674896	0.1273132562637329	0.01107834186404943	0.1918216496706009	0.1743497401475906	0.09302140027284622	0.003698908491060138	0.02960428409278393	0.04720988124608994	0.01835081912577152	0.108431339263916	0.1878407299518585	0.1405823677778244	0.07226169109344482	0.1716000437736511	0.1913355737924576	0.1659757494926453	0.1708274483680725	0.110228106379509	0.007416111882776022	0.129010796546936	0.03314963355660439	0.08811606466770172	0.08817248791456223	0.1785362064838409	0.08186130970716476	0.1276668608188629	0.1158682405948639	0.08820666372776031	0.03957956284284592	0.1717009395360947	0.01107992883771658	0.1034097447991371	0.03940720111131668	0.08818560093641281	0.1766415685415268	0.1158828660845757	0.1276348382234573	0.04436845332384109	0.07923629134893417	0.09737887978553772	0.07857105135917664	0.1346700191497803	0.1252646595239639	0.1054105311632156	0.02548624016344547	0.1078086197376251	0.1277166157960892	0.0987098440527916	0.09980266541242599	0.08987128734588623	0.01471805479377508	0.2155187278985977	0.1718436181545258	0.2400457412004471	0.2404109239578247	0.2127111703157425	0.1963770538568497	0.2882467806339264	0.2316374480724335	0.2161414176225662	0.2395529448986053	0.1613509505987167	0.210241973400116	0.1582322418689728	0.2129040658473969	0.2146971374750137	0.2341938018798828	0.2404195368289948	0.2043061852455139	0.2493042200803757	0.2599119544029236	0.2342102229595184	0.1962874978780746	0.2295665889978409	0.2289557456970215	0.1790805459022522	0.2371779531240463	0.2378327250480652	0.2496086955070496
S2017t2_E13-T2b-Male	0.09932310879230499	0.1014532074332237	0.1574038565158844	0.2150156795978546	0.1154426261782646	0.1238430440425873	0.08733332902193069	0.1149955466389656	0.1658716350793839	0.08672055602073669	0.2466472238302231	0.1788367182016373	0.1836162358522415	0.1198505237698555	0.0664471834897995	0.102949395775795	0.2278690189123154	0.1372614353895187	0.1379919201135635	0.1428032517433167	0.1282061189413071	0.1312829107046127	0.1554400473833084	0.0767396092414856	0.1917189359664917	0.1029670760035515	0.1160239353775978	0.1250455379486084	0.1303062289953232	0.1556406617164612	0.2059891372919083	0.1336771845817566	0.1336771845817566	0.2147503793239594	0.1272282600402832	0.1503120511770248	0.1443065106868744	0.1158611848950386	0.110139012336731	0.1159899011254311	0.1875182688236237	0.2033652365207672	0.2096629291772842	0.07610789686441422	0.07975576817989349	0.08333128690719604	0.1170860454440117	0.2204199135303497	0.1557101309299469	0.1488028168678284	0.1457288861274719	0.1250907629728317	0.1458428055047989	0.1614308208227158	0.1682719886302948	0.1799073964357376	0.06502001732587814	0.1497355252504349	0.06506045907735825	0.2087864726781845	0.1753660589456558	0.1973966807126999	0.1836440563201904	0.1899486929178238	0.19232377409935	0.2091008126735687	0.1992778033018112	0.1569565683603287	0.1443065106868744	0.2121099233627319	0.2201825231313705	0.1659225970506668	0.1896680146455765	0.106406532227993	0.1923814862966537	0.1183029636740685	0.1990655213594437	0.2040597945451736	0.1744175404310226	0.1970648020505905	0.08128961175680161	0.1738851964473724	0.1684135794639587	0.1714397519826889	0.1915609538555145	0.2099934369325638	0.1945026367902756	0.1589228957891464	0.1537366807460785	0.1381823271512985	0.1318195909261703	0.08697153627872467	0.1774116456508636	0.1858214288949966	0.1917339265346527	0.09224557131528854	0.0954730436205864	0.09759092330932617	0.1708328425884247	0.1744393557310104	0.08863859623670578	0.08863860368728638	0.0516987033188343	0.1413185149431229	0.1350021660327911	0.1318195909261703	0.150677502155304	0.05583441257476807	0.05204003304243088	0.1413270682096481	0.119152195751667	0.0705249235033989	0.106538750231266	0	0.1885018348693848	0.1825349181890488	0.1699089407920837	0.07073847949504852	0.1094645336270332	0.1376925110816956	0.1018153950572014	0.1848233491182327	0.1028656736016273	0.1350462585687637	0.1439300030469894	0.122762955725193	0.1985849291086197	0.1255046874284744	0.2384396195411682	0.1642024517059326	0.1159269511699677	0.1149027198553085	0.1163308694958687	0.09255041927099228	0.02770364470779896	0.1130946725606918	0.04790026322007179	0.1313846111297607	0.1845013499259949	0.1784448027610779	0.1606903225183487	0.1789624691009521	0.2216214686632156	0.2111951857805252	0.1845815777778625	0.1415395140647888	0.12283656001091	0.1163339018821716	0.19208724796772	0.1348032206296921	0.1798100173473358	0.1767325103282928	0.2112081199884415	0.2157386094331741	0.1480690687894821	0.1766381561756134	0.186687245965004	0.1597616821527481	0.2296368479728699	0.2116597145795822	0.03942667320370674	0.1290731877088547	0.2019448280334473	0.2216654866933823	0.1878789514303207	0.197002574801445	0.1882314682006836	0.1195506751537323	0.1429073810577393	0.08704014122486115	0.1719809025526047	0.1689450591802597	0.1373516619205475	0.1241246834397316	0.2212961614131927	0.1666351109743118	0.1388608366250992	0.1693384200334549	0.07517683506011963	0.1366315484046936	0.07139946520328522	0.1465564072132111	0.1494385004043579	0.1564634889364243	0.1756810247898102	0.1233616322278976	0.1684876829385757	0.1954131275415421	0.1696608066558838	0.1165304332971573	0.1592536717653275	0.1567336469888687	0.09532651305198669	0.1665161699056625	0.1658716350793839	0.1802759617567062
S2017t2_E14-T2a-Female	0.1657932251691818	0.1665327399969101	0.2165709137916565	0.2754682600498199	0.1792229115962982	0.2541714012622833	0.1261324882507324	0.1785596013069153	0.2249079942703247	0.1810684502124786	0.2999802231788635	0.158088743686676	0.1747061014175415	0.2493374943733215	0.2280079275369644	0.2485058903694153	0.157489150762558	0.2361043989658356	0.2754642367362976	0.2457350492477417	0.2831218242645264	0.2799007296562195	0.2557593882083893	0.1860215365886688	0.1828703582286835	0.2543872594833374	0.2585433125495911	0.2329940050840378	0.2241855561733246	0.2269434779882431	0.1860088407993317	0.2331263422966003	0.2331263273954391	0.1490771621465683	0.2277719378471375	0.2469605803489685	0.2046441584825516	0.2259091883897781	0.2696355581283569	0.2642740905284882	0.160769984126091	0.163933739066124	0.1522934883832932	0.1788360625505447	0.1885072886943817	0.1848610639572144	0.182573676109314	0.1491056382656097	0.07606620341539383	0.2561272382736206	0.2536191344261169	0.2807927429676056	0.2432405203580856	0.2562256455421448	0.09720839560031891	0.1102094501256943	0.1763729453086853	0.07647384703159332	0.17640620470047	0.1888849288225174	0.1724957078695297	0.1885915994644165	0.1807477176189423	0.1755843758583069	0.1719578057527542	0.1363570094108582	0.1727788150310516	0.215924546122551	0.2046441584825516	0.1461351215839386	0.1113541796803474	0.2239281237125397	0.1692269146442413	0.2569960355758667	0.1720171570777893	0.2335792630910873	0.1787215173244476	0.1371619999408722	0.04354885593056679	0.03227386251091957	0.1512231975793839	0.0583309717476368	0.0512179508805275	0.05485818907618523	0.02764600515365601	0.1434866040945053	0.03146900236606598	0.07935281097888947	0.0974833220243454	0.08053075522184372	0.0735921636223793	0.1675812900066376	0.05467016994953156	0.07046400755643845	0.07757679373025894	0.1468400806188583	0.1191746518015862	0.1665179282426834	0.03974483534693718	0.0435757040977478	0.1435781419277191	0.1435781568288803	0.1804901957511902	0.08394993841648102	0.07706304639577866	0.0735921636223793	0.08010571449995041	0.155941516160965	0.1527543514966965	0.0768459364771843	0.1035586968064308	0.1679095923900604	0.08362530916929245	0.1885018348693848	0	0.007986276410520077	0.1425635516643524	0.1684754490852356	0.09370315074920654	0.2186263054609299	0.2144446223974228	0.1315535008907318	0.08698998391628265	0.06991881877183914	0.0728776603937149	0.1003197357058525	0.1336885392665863	0.227279394865036	0.08123964816331863	0.143038421869278	0.2403717935085297	0.2308298349380493	0.2352319061756134	0.2464971542358398	0.1918283998966217	0.09037148207426071	0.1706621050834656	0.07336770743131638	0.1638290882110596	0.1638804525136948	0.2503773868083954	0.1581325083971024	0.1651741564273834	0.1537286043167114	0.1639115959405899	0.1196379587054253	0.2404640465974808	0.09370458871126175	0.1656174063682556	0.1060555204749107	0.1331419795751572	0.2149382680654526	0.1537427753210068	0.1589619964361191	0.08427881449460983	0.1557419300079346	0.1600049734115601	0.1175199151039124	0.1602035611867905	0.1859559863805771	0.1798972189426422	0.1068123206496239	0.1817676275968552	0.1652224212884903	0.1734786331653595	0.138137012720108	0.1284947842359543	0.09701453149318695	0.2407984882593155	0.1545992791652679	0.2650305330753326	0.227647453546524	0.1984482109546661	0.1388711631298065	0.2776643037796021	0.2185747027397156	0.1745557487010956	0.2269790917634964	0.1435259729623795	0.2355809062719345	0.1401843130588531	0.2382133305072784	0.2398693561553955	0.2201630771160126	0.2276565879583359	0.1461724787950516	0.2373220473527908	0.2846338748931885	0.2213072776794434	0.1807321310043335	0.2547910511493683	0.2157256603240967	0.1622553020715714	0.2244582027196884	0.2249079942703247	0.2374776601791382
S2017t2_E14-T2a-Male	0.1593654751777649	0.1602371037006378	0.2109857797622681	0.2699700593948364	0.173090472817421	0.2491341233253479	0.1192092001438141	0.1724449992179871	0.2193619757890701	0.1883689612150192	0.2951883375644684	0.1586183458566666	0.1752804219722748	0.2443050444126129	0.2225600779056549	0.2493393272161484	0.158017098903656	0.2308192253112793	0.2763554751873016	0.2405828088521957	0.2784692645072937	0.2808008790016174	0.2566090524196625	0.180017963051796	0.183465838432312	0.2493529319763184	0.2593990564346313	0.2337911874055862	0.2249612361192703	0.2277152389287949	0.1866123080253601	0.2277997583150864	0.2277997583150864	0.1432077884674072	0.2223704904317856	0.241825133562088	0.198913112282753	0.2204815298318863	0.2648056745529175	0.2593728005886078	0.1613069623708725	0.1582681983709335	0.1528069674968719	0.1794897317886353	0.1825404465198517	0.1855320036411285	0.1765189319849014	0.1496101170778275	0.07634234428405762	0.2511164247989655	0.2485743761062622	0.2761098146438599	0.238054022192955	0.2512162029743195	0.09059888124465942	0.1037896201014519	0.170225664973259	0.06955607235431671	0.170259416103363	0.1894956529140472	0.1669459939002991	0.1892015933990479	0.1753085255622864	0.1700761765241623	0.1725248843431473	0.136824756860733	0.1733525395393372	0.2103554755449295	0.198913112282753	0.14022496342659	0.1049509048461914	0.2184725552797318	0.1697867512702942	0.2519969642162323	0.1725843995809555	0.2282589823007584	0.1793111115694046	0.1311265230178833	0.051217932254076	0.0245452169328928	0.1446635723114014	0.05113767087459564	0.04388543218374252	0.04758204519748688	0.01994313672184944	0.1375153809785843	0.02382682822644711	0.07964130491018295	0.09085098654031754	0.07364595681428909	0.0666026696562767	0.1681959927082062	0.0548720620572567	0.06333556771278381	0.07055743783712387	0.1544797271490097	0.1121402382850647	0.1601013839244843	0.04741369932889938	0.05124457180500031	0.1512470096349716	0.1512470245361328	0.1743767559528351	0.07711644470691681	0.07012603431940079	0.0666026696562767	0.08039560914039612	0.1495736390352249	0.1463381052017212	0.06993374973535538	0.09704216569662094	0.1685225367546082	0.07681465148925781	0.1825349181890488	0.007986276410520077	0	0.1494112908840179	0.1622959673404694	0.08704201877117157	0.2254971265792847	0.2088544070720673	0.1254390180110931	0.08022942394018173	0.06290212273597717	0.08028192073106766	0.09375586360692978	0.1406071335077286	0.2218969911336899	0.07439335435628891	0.1435255855321884	0.2411753386259079	0.225471168756485	0.2360234260559082	0.2413553148508072	0.1859104484319687	0.08366110175848007	0.1644289195537567	0.06640315800905228	0.1581621170043945	0.1582141816616058	0.2455191910266876	0.1523878127336502	0.159525454044342	0.1479234099388123	0.1582457274198532	0.1133539229631424	0.2412677854299545	0.08704348653554916	0.1722810119390488	0.1131948158144951	0.1336002349853516	0.2096081972122192	0.1479378044605255	0.159494012594223	0.07747790962457657	0.1499644368886948	0.1667134016752243	0.1112055033445358	0.1670499891042709	0.1924571692943573	0.1805449277162552	0.100343182682991	0.1763419806957245	0.1595744043588638	0.1679421216249466	0.1321151852607727	0.1223369836807251	0.09040215611457825	0.235578328371048	0.1480315923690796	0.2601393461227417	0.2221407145261765	0.1926271766424179	0.1465455293655396	0.2725324630737305	0.2130433470010757	0.1682956516742706	0.2215664833784103	0.1368463337421417	0.2302885055541992	0.1334522515535355	0.2329574525356293	0.2346615195274353	0.2141782939434052	0.2221499681472778	0.1394376009702682	0.2320537716150284	0.2800010144710541	0.2158146500587463	0.1745657026767731	0.249739333987236	0.2101537436246872	0.1557727158069611	0.2190101146697998	0.2193619757890701	0.2321386188268661
S2017t2_E14-T2b-Female	0.2396557033061981	0.2390329837799072	0.1767759621143341	0.3356974422931671	0.2495864778757095	0.1460806280374527	0.2310482263565063	0.2487682402133942	0.1845098882913589	0.213510736823082	0.257200688123703	0.02426484040915966	0.04345959052443504	0.1170141994953156	0.2016205191612244	0.114798828959465	0.08367466181516647	0.1583770364522934	0.1464501917362213	0.1746057569980621	0.1548704206943512	0.15165975689888	0.1796392202377319	0.2180840671062469	0.0528910905122757	0.1211092248558998	0.1265826970338821	0.1349544823169708	0.1460409909486771	0.1500022709369659	0.05651684105396271	0.1552087962627411	0.1552088111639023	0.07454859465360641	0.1495145559310913	0.1699337810277939	0.1651199609041214	0.1330593824386597	0.1390238404273987	0.1327245980501175	0.03394832462072372	0.0694042295217514	0.05712469294667244	0.2117007374763489	0.2202485352754593	0.2169434577226639	0.2501097619533539	0.07486683875322342	0.1188996955752373	0.1797006875276566	0.177027553319931	0.1521335989236832	0.1659724116325378	0.1798056215047836	0.1373352706432343	0.1486157923936844	0.2096945196390152	0.1194072514772415	0.2097233831882477	0.05983958393335342	0.04037877917289734	0.05950070172548294	0.04991661012172699	0.04394863918423653	0.04028484225273132	0.06148435920476913	0.04669996723532677	0.1763034760951996	0.1651199609041214	0.07145853340625763	0.07707999646663666	0.1842491626739502	0.03713031113147736	0.124173991382122	0.04035339877009392	0.1351691633462906	0.04703816771507263	0.06203844770789146	0.1298107355833054	0.1630588918924332	0.224971666932106	0.1420153826475143	0.1365885585546494	0.1395175606012344	0.1581643372774124	0.06838573515415192	0.1610199362039566	0.1218919605016708	0.1107731983065605	0.1084134057164192	0.1022816598415375	0.2016371786594391	0.1390649378299713	0.1530357003211975	0.1587736010551453	0.2208460122346878	0.2379062175750732	0.2382447421550751	0.1264466643333435	0.1298323273658752	0.2182132303714752	0.2182132452726364	0.1871977597475052	0.1114379912614822	0.1053479164838791	0.1022816598415375	0.1013698428869247	0.1835223287343979	0.1807230859994888	0.09853430092334747	0.09087081253528595	0.1755892932415009	0.07863710820674896	0.1699089407920837	0.1425635516643524	0.1494112908840179	0	0.1822896748781204	0.08155445754528046	0.1145157068967819	0.1270269006490707	0.04092983528971672	0.07521642744541168	0.1053904145956039	0.08835557103157043	0.08125284314155579	0.04392646998167038	0.1412565261125565	0.09415809065103531	0.01370294578373432	0.1006937548518181	0.1257617324590683	0.1010161340236664	0.1053925976157188	0.1667976677417755	0.07175312936306	0.1844324022531509	0.08891219645738602	0.03030553460121155	0.02374202385544777	0.1163194999098778	0.02372161112725735	0.07069855928421021	0.05825483426451683	0.03040089830756187	0.09973864257335663	0.1071459725499153	0.0749344527721405	0.02688694559037685	0.09332883358001709	0.1431149244308472	0.1190009191632271	0.0711725652217865	0.05792420729994774	0.1051808670163155	0.02095872163772583	0.02034135907888412	0.1289176344871521	0.06412026286125183	0.05060715228319168	0.1494516134262085	0.08745996654033661	0.05104036256670952	0.07075105607509613	0.04800617322325706	0.0413161925971508	0.03084816969931126	0.07809514552354813	0.1633726954460144	0.2303128093481064	0.1891947239637375	0.1872314959764481	0.1589848101139069	0.2399809956550598	0.2346051782369614	0.1849536597728729	0.2694394290447235	0.1872804462909698	0.2208059728145599	0.1578200906515121	0.2181262671947479	0.1666820645332336	0.1627410352230072	0.2874324023723602	0.1932737976312637	0.2599488198757172	0.1975663602352142	0.2101255655288696	0.1876376867294312	0.2513802051544189	0.1779427528381348	0.1761061251163483	0.2368094474077225	0.1847757250070572	0.1845098882913589	0.1972044408321381
S2017t2_E14-T2b-Male	0.1518930345773697	0.1529206335544586	0.2045009136199951	0.2635798752307892	0.1659649014472961	0.1579804718494415	0.1111569181084633	0.1653406172990799	0.2129221707582474	0.1380404531955719	0.2896279394626617	0.1849097013473511	0.2008910924196243	0.1265948265790939	0.09653545916080475	0.1310871094465256	0.2393657118082047	0.1713685691356659	0.164532408118248	0.1822837591171265	0.1671418398618698	0.1700190752744675	0.2001773416996002	0.1288799196481705	0.2087444812059402	0.1311039626598358	0.143561065196991	0.1117599308490753	0.1648145169019699	0.1555740386247635	0.2117636799812317	0.1812106668949127	0.1812106668949127	0.2382793873548508	0.1752745807170868	0.1965332478284836	0.1922577172517776	0.1095326915383339	0.1633602380752563	0.1567845791578293	0.1874880194664001	0.1845739334821701	0.1793372482061386	0.1138099581003189	0.1172391027212143	0.1206007674336433	0.1104696094989777	0.2320786565542221	0.1688171327114105	0.1940479576587677	0.1912100464105606	0.1642289906740189	0.1794577240943909	0.1941593289375305	0.1810921281576157	0.1924642771482468	0.1033902242779732	0.176139771938324	0.1181677132844925	0.2145306169986725	0.1928963512182236	0.2142484188079834	0.200918048620224	0.1958987265825272	0.1982476711273193	0.2210076004266739	0.1992431432008743	0.2038896083831787	0.1922577172517776	0.2357529848814011	0.2441132664680481	0.2121394723653793	0.195621132850647	0.1343849003314972	0.198304757475853	0.1048691272735596	0.1929923593997955	0.2160777449607849	0.1475953310728073	0.1837726384401321	0.07425957918167114	0.1471562832593918	0.1413073688745499	0.1444768309593201	0.1783303022384644	0.2219308167695999	0.1813405454158783	0.1720113158226013	0.1131836175918579	0.1106423512101173	0.1180763244628906	0.08692894876003265	0.1370764523744583	0.1455205827951431	0.1518597453832626	0.08533421158790588	0.1039575859904289	0.09064106643199921	0.1439603269100189	0.1476182043552399	0.08168824762105942	0.08168826997280121	0.04464136064052582	0.1139250174164772	0.121331550180912	0.1180763244628906	0.1030141040682793	0.01635677367448807	0.02848401106894016	0.09288597851991653	0.1190997436642647	0.02411895245313644	0.1273132562637329	0.07073847949504852	0.1684754490852356	0.1622959673404694	0.1822896748781204	0	0.1231716871261597	0.08191306889057159	0.1025773137807846	0.1595345735549927	0.1304706931114197	0.1003334000706673	0.1028601080179214	0.1159076392650604	0.1613069325685501	0.1046915575861931	0.2076976299285889	0.1890896707773209	0.1020560041069984	0.09420421719551086	0.0954446941614151	0.1142121627926826	0.04409056529402733	0.1200056225061417	0.03288260102272034	0.1036790981888771	0.1659117639064789	0.178365170955658	0.1724577993154526	0.1601906269788742	0.1672625839710236	0.1808787882328033	0.1659946292638779	0.1215160712599754	0.1021745577454567	0.1232065185904503	0.1799006909132004	0.1347455233335495	0.1545164287090302	0.1311644613742828	0.180862158536911	0.1796059012413025	0.114155113697052	0.1828142255544662	0.1743843406438828	0.1328092664480209	0.174878716468811	0.1998911052942276	0.03944236412644386	0.108625091612339	0.1959793716669083	0.1796838641166687	0.1998380720615387	0.1658926904201508	0.1566267907619476	0.1127030178904533	0.1766903400421143	0.1403954327106476	0.2041151523590088	0.2157468795776367	0.1858664751052856	0.1389897763729095	0.2665742039680481	0.2066216021776199	0.161019966006279	0.2152836471796036	0.1290795207023621	0.1707749366760254	0.12562395632267	0.1737598776817322	0.1759576052427292	0.2072212696075439	0.21575628221035	0.1316050291061401	0.2259397506713867	0.2262438237667084	0.2094382494688034	0.1673997789621353	0.1922426521778107	0.2036845684051514	0.1482359766960144	0.2126857787370682	0.2129221707582474	0.2259412258863449
S2017t2_E16-T2a-Female	0.1847361475229263	0.1850863248109818	0.2316697239875793	0.288397878408432	0.1969318389892578	0.1879183501005173	0.1748723238706589	0.1962406635284424	0.2396460324525833	0.1708783358335495	0.3105470240116119	0.07840045541524887	0.09665113687515259	0.1649118810892105	0.138987272977829	0.1693763434886932	0.130422443151474	0.2006344050168991	0.1992703825235367	0.2164189517498016	0.2016093134880066	0.2041893154382706	0.2267113924026489	0.1626604050397873	0.1056169643998146	0.1693913787603378	0.180507630109787	0.1896686404943466	0.1947179883718491	0.1979027986526489	0.1090633869171143	0.2097639441490173	0.2097639292478561	0.1282025724649429	0.2044015526771545	0.2236285209655762	0.2204907983541489	0.1945701390504837	0.1984958946704865	0.1926125138998032	0.08779498189687729	0.1163777858018875	0.1107599064707756	0.1488784551620483	0.1519491076469421	0.1549609005451202	0.1850835680961609	0.1219801753759384	0.04860013723373413	0.2211535274982452	0.2185820043087006	0.1989985108375549	0.2079448401927948	0.2212544977664948	0.06285115331411362	0.07604853808879852	0.1395579278469086	0.05605225265026093	0.1530651748180389	0.1122216358780861	0.08752208948135376	0.1118995398283005	0.09668190032243729	0.09095068275928497	0.09363287687301636	0.1091500371694565	0.1002805531024933	0.2310024052858353	0.2204907983541489	0.1252722442150116	0.1318538635969162	0.238469585776329	0.09063369035720825	0.1723170876502991	0.09369804710149765	0.1839374303817749	0.1004264354705811	0.1034353002905846	0.06659394502639771	0.1019143685698509	0.1552509963512421	0.06646043062210083	0.05975862592458725	0.06320390105247498	0.09711819142103195	0.1097342520952225	0.1004021391272545	0.05178797990083694	0.04695593193173409	0.02931714430451393	0.03669692948460579	0.137795016169548	0.07000234723091125	0.07808013260364532	0.08482091873884201	0.1644427180290222	0.1822313219308853	0.1698432862758636	0.06298737972974777	0.06661878526210785	0.1614144146442413	0.1614144295454025	0.1416648775339127	0.0328739657998085	0.04022670909762383	0.03669692948460579	0.05761230364441872	0.1240930482745171	0.1208706870675087	0.04724165424704552	0.01095356326550245	0.1227821260690689	0.01107834186404943	0.1094645336270332	0.09370315074920654	0.08704201877117157	0.08155445754528046	0.1231716871261597	0	0.1816748678684235	0.1829302906990051	0.08262889087200165	0.007406829390674829	0.02576027438044548	0.03629244491457939	0.01458979770541191	0.09821541607379913	0.1837470680475235	0.149452418088913	0.07524307072162628	0.1614533662796021	0.1810499727725983	0.1619829535484314	0.160541832447052	0.1061184406280518	0.01833164133131504	0.1385541558265686	0.0366138182580471	0.08438603579998016	0.07795778661966324	0.1687676012516022	0.07812704145908356	0.1238862350583076	0.1247353032231331	0.08447669446468353	0.03582416474819183	0.1677162796258926	0.02191546559333801	0.09336574375629425	0.02864621393382549	0.07781688123941422	0.1726861149072647	0.1120907664299011	0.1176389530301094	0.05471926927566528	0.08863682299852371	0.08726731687784195	0.06801296025514603	0.1308222711086273	0.115465484559536	0.1083115860819817	0.02172673679888248	0.1166375875473022	0.1239360645413399	0.08861318975687027	0.108993224799633	0.09926470369100571	0.02547444589436054	0.205442801117897	0.1742881089448929	0.2302848398685455	0.2422006875276566	0.2147233784198761	0.1985835134983063	0.2897071540355682	0.2393527925014496	0.2181836664676666	0.241318091750145	0.1638818234205246	0.2000982612371445	0.1607955545186996	0.2087958604097366	0.2046562731266022	0.2361571937799454	0.2480986267328262	0.2064950466156006	0.2509826421737671	0.2504062354564667	0.2418742924928665	0.1984858959913254	0.219628781080246	0.2308169305324554	0.1814630031585693	0.2389644086360931	0.2396460324525833	0.2513067126274109
S2017t2_E16-T2a-Male	0.2121973633766174	0.2120400965213776	0.1455985456705093	0.3147366046905518	0.2172762155532837	0.0932203009724617	0.1694129705429077	0.2227504849433899	0.1537136882543564	0.18498495221138	0.2321910411119461	0.1238969191908836	0.140962079167366	0.06854774802923203	0.1596121191978455	0.06562908738851547	0.1797956824302673	0.1128556802868843	0.0947297140955925	0.1309670954942703	0.1040969863533974	0.1006542965769768	0.1369947344064713	0.1897684931755066	0.1493496745824814	0.06560979038476944	0.07894743978977203	0.04499901831150055	0.09911341965198517	0.09064540266990662	0.1465779542922974	0.1227764934301376	0.1227765008807182	0.1840396672487259	0.1164849326014519	0.1390211284160614	0.1328566074371338	0.05648038536310196	0.1061648204922676	0.09921358525753021	0.126616507768631	0.1235048919916153	0.111588142812252	0.1697954386472702	0.1792462468147278	0.1757073849439621	0.1734229177236557	0.1719893217086792	0.2172631025314331	0.1303923577070236	0.1338768154382706	0.1075581759214401	0.1214244738221169	0.1305117160081863	0.2338434904813766	0.2437647730112076	0.1673400700092316	0.2299608886241913	0.1805501133203506	0.1555301249027252	0.1385574489831924	0.1552286744117737	0.1470354646444321	0.1417304426431656	0.1381390988826752	0.153994545340538	0.1448324769735336	0.1385880410671234	0.1328566074371338	0.1753765642642975	0.1887265890836716	0.1474518030881882	0.1291581690311432	0.07603202015161514	0.1320539563894272	0.0448756106197834	0.1325258314609528	0.1609706729650497	0.1926658302545547	0.2389308512210846	0.1426592767238617	0.1982164680957794	0.1995132118463516	0.1960743516683578	0.2334938645362854	0.1669405251741409	0.230078861117363	0.2143090218305588	0.1665467023849487	0.1710489541292191	0.1779493987560272	0.1454902440309525	0.1892138421535492	0.2034240514039993	0.2089124470949173	0.131494551897049	0.1631863117218018	0.1506379246711731	0.1830174773931503	0.1864496916532516	0.1282644867897034	0.1282644867897034	0.1080497726798058	0.1676100939512253	0.1745105385780334	0.1779493987560272	0.1637513935565948	0.09693000465631485	0.1006777435541153	0.1613238453865051	0.1715312451124191	0.08884121477603912	0.1918216496706009	0.1376925110816956	0.2186263054609299	0.2254971265792847	0.1145157068967819	0.08191306889057159	0.1816748678684235	0	0.04899780452251434	0.1030851155519485	0.1884588748216629	0.1682093888521194	0.1509991437196732	0.181038960814476	0.08586122095584869	0.05188141018152237	0.1569026559591293	0.1276016235351562	0.0291366595774889	0.03387393429875374	0.03641897812485695	0.05498145148158073	0.1206750720739365	0.1850541979074478	0.1047325059771538	0.1647940427064896	0.1170382499694824	0.1234292462468147	0.1171904280781746	0.1110634729266167	0.1184490919113159	0.13188336789608	0.1171247959136963	0.1793142855167389	0.03639411181211472	0.1816733777523041	0.106730230152607	0.1731799095869064	0.2027177661657333	0.07356901466846466	0.1318669468164444	0.1184860542416573	0.1738271862268448	0.1339072436094284	0.1070990338921547	0.1896025985479355	0.112645111978054	0.1285042017698288	0.1021079272031784	0.1742933690547943	0.1480695605278015	0.1310334801673889	0.1456727236509323	0.1162169501185417	0.1065342351794243	0.1782914102077484	0.1184927895665169	0.1954717040061951	0.147555023431778	0.1567184180021286	0.1192283406853676	0.1804633587598801	0.2072136551141739	0.1546219885349274	0.2197604030370712	0.1573165059089661	0.1851804107427597	0.1122269183397293	0.1888446658849716	0.1220363527536392	0.1113084182143211	0.2568787038326263	0.16325344145298	0.1948030740022659	0.1622819304466248	0.1710198372602463	0.1575811207294464	0.2252562195062637	0.1281825602054596	0.1449932008981705	0.2090572863817215	0.1545561254024506	0.1537136882543564	0.1614141911268234
S2017t2_E16-T2b-Female	0.1800186932086945	0.1804725527763367	0.1107771098613739	0.2876410484313965	0.1928049176931381	0.07766421139240265	0.1414440423250198	0.1921032667160034	0.1191262751817703	0.1657868325710297	0.2025555670261383	0.1364762485027313	0.1535768359899521	0.07401937246322632	0.1463677585124969	0.05611316487193108	0.1869469881057739	0.09086944162845612	0.0932343378663063	0.1031549349427223	0.09612786024808884	0.09931785613298416	0.1232765391469002	0.157209500670433	0.1619776785373688	0.05613188818097115	0.06996565312147141	0.03463229164481163	0.08348851650953293	0.1103696525096893	0.1652069240808487	0.08706590533256531	0.0870659127831459	0.1730451285839081	0.08022187650203705	0.1047166436910629	0.09706407785415649	0.01617554202675819	0.0773959755897522	0.06992960721254349	0.139235645532608	0.1361169070005417	0.1305119544267654	0.1566669940948486	0.1598003357648849	0.1628729701042175	0.1536157131195068	0.1790535151958466	0.2253760546445847	0.1163865029811859	0.1131955161690712	0.09289788454771042	0.09997493028640747	0.116511732339859	0.2362833172082901	0.24640192091465	0.1471520364284515	0.2201945781707764	0.1471867114305496	0.1681661456823349	0.1450230777263641	0.1678643524646759	0.1536056846380234	0.1482356190681458	0.1507487744092941	0.1670573502779007	0.1514258831739426	0.1105063930153847	0.09706407785415649	0.1702466905117035	0.1776495724916458	0.1200322285294533	0.14793860912323	0.05977628752589226	0.1508098691701889	0.02696838416159153	0.157537043094635	0.1617140918970108	0.2067954540252686	0.2290980666875839	0.1207912936806679	0.2061658054590225	0.2012302875518799	0.2040349245071411	0.2235590517520905	0.1678235828876495	0.2262850552797318	0.2284426689147949	0.1864899098873138	0.1720646321773529	0.1661690324544907	0.1663192808628082	0.2095717936754227	0.2177991420030594	0.2232819795608521	0.1308740526437759	0.1347288489341736	0.1363099813461304	0.2033354341983795	0.206815704703331	0.1275535225868225	0.1275535374879837	0.09219216555356979	0.1749716699123383	0.1691175550222397	0.1661690324544907	0.1773527413606644	0.08868468552827835	0.08515024930238724	0.1685834676027298	0.1913317888975143	0.1093736961483955	0.1743497401475906	0.1018153950572014	0.2144446223974228	0.2088544070720673	0.1270269006490707	0.1025773137807846	0.1829302906990051	0.04899780452251434	0	0.1024237647652626	0.1772133558988571	0.1626964509487152	0.1772573888301849	0.1885696053504944	0.1179910525679588	0.02727106586098671	0.1510280668735504	0.120986320078373	0.06986289471387863	0.02310219034552574	0.06301455944776535	0.04509341344237328	0.1056379452347755	0.180092453956604	0.0812951996922493	0.1656268835067749	0.1360080242156982	0.1360614746809006	0.1298073679208755	0.1300817728042603	0.1374072581529617	0.1254998743534088	0.136093869805336	0.2050603330135345	0.06998568773269653	0.1829315572977066	0.1504984945058823	0.2049262821674347	0.2221427112817764	0.08607310801744461	0.1255146414041519	0.1373749822378159	0.1749058365821838	0.1275946050882339	0.1447843611240387	0.2032504081726074	0.1446698755025864	0.1712055951356888	0.1224909126758575	0.1941075772047043	0.1546663343906403	0.1374574899673462	0.1460454165935516	0.10927564650774	0.09924010932445526	0.1857519894838333	0.09686034917831421	0.1691314876079559	0.127701610326767	0.122394859790802	0.08967246860265732	0.1747190207242966	0.1752862334251404	0.1136616617441177	0.1884155869483948	0.1236609369516373	0.1583044528961182	0.09020104259252548	0.155077338218689	0.09356168657541275	0.1037898510694504	0.2334095239639282	0.1224057599902153	0.1610690206289291	0.1359520554542542	0.1525479853153229	0.1169139370322227	0.1943870484828949	0.1140092387795448	0.1102695316076279	0.1766006499528885	0.1206627935171127	0.1191262751817703	0.1346749812364578
S2017t2_E16-T2b-Male	0.2549302279949188	0.2540374994277954	0.1914733052253723	0.3514102697372437	0.2645163238048553	0.1479872912168503	0.2219891548156738	0.2636435627937317	0.1993102580308914	0.2400278002023697	0.2718641459941864	0.03793826699256897	0.05699023231863976	0.1248656734824181	0.2102372348308563	0.1290427297353745	0.09104099869728088	0.1604610979557037	0.1603883653879166	0.1768727153539658	0.162840873003006	0.1655461490154266	0.1878486126661301	0.23294697701931	0.06634970009326935	0.1290584802627563	0.1407145410776138	0.1110029146075249	0.1542473286390305	0.1581107378005981	0.06994742900133133	0.1697098612785339	0.1697098314762115	0.08841664344072342	0.1640756726264954	0.1842771768569946	0.1798871755599976	0.1154771074652672	0.159254789352417	0.1530833691358566	0.04759767651557922	0.03753791004419327	0.03129336982965469	0.2205154299736023	0.2231583297252655	0.2257516533136368	0.2179434150457382	0.08221641927957535	0.1268282681703568	0.1820114552974701	0.1793106943368912	0.1601032912731171	0.1681389212608337	0.1821174919605255	0.1391231566667557	0.1505290567874908	0.2125003784894943	0.1338129341602325	0.2246899604797363	0.07324434071779251	0.04746038466691971	0.07290810346603394	0.05702235549688339	0.05103950202465057	0.05383945256471634	0.06880522519350052	0.06034579128026962	0.1909463405609131	0.1798871755599976	0.08535259217023849	0.09125024080276489	0.1988024860620499	0.0507085956633091	0.1321262568235397	0.05390749126672745	0.104584164917469	0.06063669547438622	0.06283167749643326	0.1054410710930824	0.1395537406206131	0.1906550079584122	0.1051740869879723	0.09916478395462036	0.1023278012871742	0.1346897333860397	0.06926261633634567	0.1377065181732178	0.1298543214797974	0.0862027183175087	0.06999911367893219	0.07706961035728455	0.2103839218616486	0.1085721477866173	0.1164479851722717	0.1226412653923035	0.1990962475538254	0.2165036797523499	0.2045135349035263	0.1019836217164993	0.1054638922214508	0.1963143646717072	0.1963143795728683	0.1772617995738983	0.07326454669237137	0.08031021058559418	0.07706961035728455	0.09628605842590332	0.1606730073690414	0.1577146351337433	0.08675342798233032	0.09206170588731766	0.1590332835912704	0.09302140027284622	0.1848233491182327	0.1315535008907318	0.1254390180110931	0.04092983528971672	0.1595345735549927	0.08262889087200165	0.1030851155519485	0.1024237647652626	0	0.08957718312740326	0.06673464179039001	0.07625957578420639	0.09547475725412369	0.01734368875622749	0.1043936982750893	0.06880790740251541	0.034339290112257	0.1212413012981415	0.1013495773077011	0.1216344907879829	0.1197792217135429	0.1816542446613312	0.09926470369100571	0.1744041591882706	0.07684694230556488	0.04403851181268692	0.03747616708278656	0.130053848028183	0.0375036932528019	0.04558148235082626	0.04591377452015877	0.04413316398859024	0.113796092569828	0.1276438385248184	0.102351576089859	0.05356058850884438	0.1073250323534012	0.1266549229621887	0.0951075479388237	0.03246777132153511	0.03893953561782837	0.09362592548131943	0.04817581921815872	0.04719441756606102	0.1054434403777122	0.05173568055033684	0.0766306072473526	0.1829438507556915	0.1016272157430649	0.0774197056889534	0.0456368625164032	0.04859938845038414	0.02839748747646809	0.01756607182323933	0.1054184287786484	0.1655111312866211	0.245634451508522	0.1916016489267349	0.2020004242658615	0.1738193482160568	0.243276447057724	0.2496415823698044	0.1995583474636078	0.2614941895008087	0.2017993330955505	0.2361150681972504	0.1598979979753494	0.2334699630737305	0.168864905834198	0.1648636162281036	0.3029758930206299	0.2080335021018982	0.2393904030323029	0.2119673192501068	0.212734267115593	0.2022117525339127	0.2664196491241455	0.1802445501089096	0.1907511949539185	0.252122163772583	0.1993230581283569	0.1993102580308914	0.2117885798215866
S2017t2_E17-T2a-Female	0.1787440925836563	0.1792085319757462	0.226423904299736	0.2832426726818085	0.1911991387605667	0.1946548819541931	0.1687379479408264	0.1905232518911362	0.2344365268945694	0.1649580746889114	0.3060181438922882	0.08522658795118332	0.1033420860767365	0.1716678291559219	0.1460988968610764	0.1761807948350906	0.1370662450790405	0.2074118107557297	0.2058299332857132	0.2230905443429947	0.2081497013568878	0.2107085734605789	0.2332677096128464	0.1566217690706253	0.1122415140271187	0.1761956959962845	0.187220886349678	0.196473091840744	0.2015455365180969	0.2046158760786057	0.1156624034047127	0.2043877691030502	0.2043877691030502	0.1223114803433418	0.1989519149065018	0.2184399515390396	0.2151143252849579	0.1890154778957367	0.1931544542312622	0.1871921122074127	0.09457643330097198	0.1230704560875893	0.117495134472847	0.1560946553945541	0.1591392904520035	0.1621255427598953	0.1921720504760742	0.1286884844303131	0.05586908385157585	0.2277569621801376	0.2252072393894196	0.2055602818727493	0.2146602421998978	0.2278570532798767	0.07001122087240219	0.08310777693986893	0.1468531638383865	0.04914186149835587	0.1468868404626846	0.1187972575426102	0.0942806601524353	0.1184775531291962	0.1033726334571838	0.0976838544011116	0.100346177816391	0.1159563660621643	0.1070177033543587	0.2257704436779022	0.2151143252849579	0.1193413585424423	0.1258660405874252	0.2333391010761261	0.09736921638250351	0.179097443819046	0.1004108712077141	0.1907899975776672	0.1071391031146049	0.1102852895855904	0.07392008602619171	0.09523741155862808	0.1626307815313339	0.07375922799110413	0.0671384185552597	0.0705566480755806	0.09045569598674774	0.1165619716048241	0.09378819912672043	0.05906011536717415	0.05420161783695221	0.03669692948460579	0.02953510917723179	0.145041212439537	0.0773017406463623	0.08540603518486023	0.09209325164556503	0.1717421859502792	0.1761516630649567	0.1771960258483887	0.07031331956386566	0.07394472509622574	0.1687403470277786	0.1687403619289398	0.1353536546230316	0.04022670909762383	0.03311746940016747	0.02953510917723179	0.050759207457304	0.1176052019000053	0.1143348440527916	0.04023633152246475	0.01827926002442837	0.1300543695688248	0.003698908491060138	0.1028656736016273	0.08698998391628265	0.08022942394018173	0.07521642744541168	0.1304706931114197	0.007406829390674829	0.1884588748216629	0.1772133558988571	0.08957718312740326	0	0.03316710144281387	0.0435916930437088	0.02191545814275742	0.1050456389784813	0.1905993223190308	0.1435424536466599	0.06881733238697052	0.1682372838258743	0.1879267990589142	0.1687898933887482	0.1674186438322067	0.1134709492325783	0.01106046140193939	0.1321969330310822	0.0294780544936657	0.091192826628685	0.08478720486164093	0.1752987653017044	0.08498035371303558	0.130547046661377	0.1188267394900322	0.09128281474113464	0.04299196600914001	0.1744766235351562	0.01469747349619865	0.1000810340046883	0.03584086522459984	0.08474926650524139	0.1793690919876099	0.118841253221035	0.1243220716714859	0.04782387614250183	0.08237317949533463	0.09402777999639511	0.07507196068763733	0.1375601142644882	0.1220170855522156	0.1017791032791138	0.02899934165179729	0.1107541397213936	0.1305964887142181	0.09536367654800415	0.102869488298893	0.09300602227449417	0.01830907911062241	0.2121794372797012	0.1681719273328781	0.2368108630180359	0.2370262145996094	0.2092667818069458	0.1927995979785919	0.2848734855651855	0.2342116981744766	0.2126033306121826	0.2362260073423386	0.1576657444238663	0.206880196928978	0.1545333117246628	0.2155323773622513	0.2113694697618484	0.2305643111467361	0.2429818212985992	0.2006629109382629	0.2460199147462845	0.2567616403102875	0.2367673218250275	0.1927241832017899	0.2262730747461319	0.2255824357271194	0.1754225492477417	0.2338406145572662	0.2344365268945694	0.2462817877531052
S2017t2_E17-T2a-Male	0.2101117372512817	0.209991991519928	0.2552544176578522	0.3134123086929321	0.2215828746557236	0.211347371339798	0.1737865805625916	0.220805436372757	0.2633125185966492	0.1955359876155853	0.3332436978816986	0.1021411195397377	0.1199216544628143	0.1884084641933441	0.1637208163738251	0.1930415630340576	0.1535289585590363	0.2242055684328079	0.2220838963985443	0.233781173825264	0.2243561893701553	0.2268626838922501	0.2495136111974716	0.1875624507665634	0.1286564916372299	0.1930561810731888	0.2038557082414627	0.1763273477554321	0.2184636145830154	0.2212502658367157	0.1320141553878784	0.233265146613121	0.2332651168107986	0.151546448469162	0.2280622273683548	0.2467173784971237	0.244314432144165	0.1749155819416046	0.2215200811624527	0.2158056944608688	0.1050102040171623	0.101767472922802	0.09593965858221054	0.1739757359027863	0.1769558638334274	0.179878830909729	0.171074315905571	0.145311027765274	0.0738808661699295	0.2441196441650391	0.2416239529848099	0.2218197733163834	0.2313004434108734	0.244217649102211	0.08775319904088974	0.1005998998880386	0.1649300754070282	0.08132807165384293	0.1782525777816772	0.1350910514593124	0.1110277697443962	0.13477723300457	0.1199516281485558	0.1143680363893509	0.1169811338186264	0.1328218281269073	0.1174247562885284	0.2545047998428345	0.244314432144165	0.1486946046352386	0.1556775122880936	0.2617437541484833	0.114059217274189	0.1958985328674316	0.117044635117054	0.1703802347183228	0.123772531747818	0.1272589564323425	0.04945790022611618	0.08544483035802841	0.1399817168712616	0.04938680678606033	0.04234045371413231	0.0459282211959362	0.08066636323928833	0.1334804445505142	0.08408454805612564	0.07707978785037994	0.02957850508391857	0.01121393218636513	0.01875979080796242	0.1629966497421265	0.0530061163008213	0.06120122224092484	0.06821759045124054	0.149547815322876	0.1675696074962616	0.1549583524465561	0.04577124118804932	0.0494837574660778	0.1463967114686966	0.1463967114686966	0.1262637227773666	0.01491831336170435	0.02243590168654919	0.01875979080796242	0.03334049507975578	0.1011070385575294	0.09771301597356796	0.02242566272616386	0.03643166646361351	0.1070205196738243	0.02960428409278393	0.1350462585687637	0.06991881877183914	0.06290212273597717	0.1053904145956039	0.1003334000706673	0.02576027438044548	0.1682093888521194	0.1626964509487152	0.06673464179039001	0.03316710144281387	0	0.01854641363024712	0.03292477875947952	0.08292090147733688	0.1638196855783463	0.1285379827022552	0.09924282133579254	0.1850472688674927	0.1673833578824997	0.1795142889022827	0.1844587624073029	0.1248556673526764	0.03674773499369621	0.1160324513912201	0.01874261535704136	0.1016542688012123	0.1017098501324654	0.1914824098348618	0.09549237787723541	0.1031091287732124	0.103836290538311	0.1017435193061829	0.05383835360407829	0.1851465404033661	0.0402771420776844	0.1167208924889565	0.0536685511469841	0.07544365525245667	0.1529994159936905	0.09074363857507706	0.1030755639076233	0.03029627166688442	0.1059682071208954	0.1107795611023903	0.05154572427272797	0.1099656075239182	0.1382513493299484	0.1336053460836411	0.03995426744222641	0.1335268616676331	0.1031613573431969	0.1120907664299011	0.08732638508081436	0.07711625099182129	0.04378199204802513	0.2288721799850464	0.1998601108789444	0.2529816925525665	0.2657876312732697	0.2387232780456543	0.1978718489408493	0.3132150769233704	0.2569009363651276	0.2177595645189285	0.2645051777362823	0.1895473599433899	0.22368523478508	0.1865558326244354	0.2263020277023315	0.2280040979385376	0.2614374160766602	0.265795886516571	0.1925423443317413	0.2738744020462036	0.2725097239017487	0.2593724429607391	0.2233084887266159	0.2427369803190231	0.2543249726295471	0.2069404721260071	0.2622234225273132	0.2633125185966492	0.2744934856891632
S2017t2_E17-T2b-Female	0.2178506702184677	0.2175913155078888	0.2618534564971924	0.3195850849151611	0.228944405913353	0.2184841483831406	0.1822606921195984	0.2281523197889328	0.2698264122009277	0.1907100826501846	0.3385976552963257	0.09811251610517502	0.1158545315265656	0.1898653954267502	0.1655129045248032	0.1884134262800217	0.1553274989128113	0.2312139719724655	0.2174326330423355	0.2463206499814987	0.2254196256399155	0.2222089618444443	0.2503575384616852	0.1954757422208786	0.1245722025632858	0.1944766938686371	0.1992173343896866	0.1717188954353333	0.2196556180715561	0.2223948091268539	0.1279235482215881	0.2401328384876251	0.2401328086853027	0.1594458222389221	0.2350453734397888	0.2532907724380493	0.2511264681816101	0.182822585105896	0.2226240932941437	0.2169740945100784	0.107315830886364	0.1041140183806419	0.09192562103271484	0.1757094413042068	0.1850515753030777	0.1815377622842789	0.1793106347322464	0.1472083926200867	0.0767025500535965	0.250692218542099	0.2482504099607468	0.2229112684726715	0.2381519973278046	0.2507880628108978	0.09706856310367584	0.1096079349517822	0.1733144521713257	0.0908728688955307	0.1863875091075897	0.1309948116540909	0.1132579073309898	0.130681574344635	0.1220713704824448	0.1165566444396973	0.1129200607538223	0.1348723620176315	0.1195914521813393	0.261091023683548	0.2511264681816101	0.156657874584198	0.1636814624071121	0.2681717276573181	0.1100042760372162	0.1972856372594833	0.1129834279417992	0.1720746010541916	0.1196666955947876	0.1356450617313385	0.04544507712125778	0.09528884291648865	0.1490189582109451	0.0596495047211647	0.05282211676239967	0.05631832033395767	0.09050702303647995	0.1417562961578369	0.09383914619684219	0.07986831665039062	0.0256799254566431	0.02215605601668358	0.02959028445184231	0.1648550927639008	0.05613203719258308	0.07132882624864578	0.07816834002733231	0.1448102742433548	0.1761985272169113	0.1637415140867233	0.04178586974740028	0.04547085240483284	0.1416650861501694	0.1416651010513306	0.1216252893209457	0.02576545253396034	0.03317224234342575	0.02959028445184231	0.02941462956368923	0.1176551878452301	0.1143852025270462	0.02581098303198814	0.04669680818915367	0.09557457268238068	0.04720988124608994	0.1439300030469894	0.0728776603937149	0.08028192073106766	0.08835557103157043	0.1028601080179214	0.03629244491457939	0.1509991437196732	0.1772573888301849	0.07625957578420639	0.0435916930437088	0.01854641363024712	0	0.03613533079624176	0.07895231246948242	0.1781587153673172	0.1435879617929459	0.1016641780734062	0.1743360757827759	0.1627325862646103	0.1749074459075928	0.1797870099544525	0.1270794123411179	0.03992844745516777	0.1183948516845703	0.01486593950539827	0.1039474979043007	0.09762707352638245	0.1869986951351166	0.0978635773062706	0.105384074151516	0.106119267642498	0.1040356084704399	0.05675873532891273	0.1805334389209747	0.04340812936425209	0.1000296697020531	0.04978272318840027	0.07815699279308319	0.1547792106866837	0.1061026826500893	0.09258581697940826	0.03356858715415001	0.1082243099808693	0.09397606551647186	0.04759295657277107	0.09931687265634537	0.1219669878482819	0.1223103702068329	0.04306620731949806	0.1354445666074753	0.1054356396198273	0.1205577626824379	0.08982099592685699	0.07974477857351303	0.04686387628316879	0.235777273774147	0.2078059315681458	0.2593646049499512	0.2722470164299011	0.245660811662674	0.1929081678390503	0.3190236985683441	0.269137442111969	0.2252777069807053	0.2708732485771179	0.1976710706949234	0.2307052314281464	0.1947525143623352	0.2390854209661484	0.2348969280719757	0.2684159278869629	0.2779670357704163	0.2007078528404236	0.2800412476062775	0.2784839868545532	0.2715283334255219	0.230696365237236	0.2493676990270615	0.2609151601791382	0.2147555947303772	0.2686409950256348	0.2698264122009277	0.2807307243347168
S2017t2_E17-T2b-Male	0.1971159130334854	0.1972355246543884	0.2427132427692413	0.2994998693466187	0.2088338732719421	0.1993261575698853	0.1874996721744537	0.2081087082624435	0.2506470680236816	0.1830569505691528	0.3204161524772644	0.08462541550397873	0.1026325449347496	0.1704936921596527	0.1450436264276505	0.1749678403139114	0.142240583896637	0.2119830995798111	0.2044674605131149	0.2216131538152695	0.2067761272192001	0.2093228846788406	0.237440213561058	0.1750455349683762	0.1114804968237877	0.1749826520681381	0.1859506070613861	0.1951232254505157	0.206209659576416	0.2091720253229141	0.1148819103837013	0.220987930893898	0.220987930893898	0.1401629745960236	0.2157549560070038	0.2345211952924728	0.2317584306001663	0.1939369291067123	0.2037457227706909	0.197939544916153	0.08753074705600739	0.1222297847270966	0.1166863888502121	0.1615068167448044	0.1644997298717499	0.1674354821443558	0.1971108764410019	0.1339958012104034	0.06239847466349602	0.232013076543808	0.2295023053884506	0.2041991055011749	0.2191180884838104	0.2321116477251053	0.07629397511482239	0.08916611224412918	0.1524237245321274	0.0697677955031395	0.165693536400795	0.1179990768432617	0.09362472593784332	0.1176811382174492	0.1026628986001015	0.0970076322555542	0.09965423494577408	0.1214687749743462	0.09997586905956268	0.2420144379138947	0.2317584306001663	0.1373016685247421	0.1440205425024033	0.2493017166852951	0.09669486433267593	0.177869126200676	0.09971852600574493	0.1894692927598953	0.1064019873738289	0.115890234708786	0.08030462265014648	0.1153386682271957	0.1680929213762283	0.08012190461158752	0.07364323735237122	0.07700071483850479	0.1104960516095161	0.12208541482687	0.11369638890028	0.06555799394845963	0.04676159471273422	0.04353414103388786	0.05083335191011429	0.150594174861908	0.08362668007612228	0.0916658341884613	0.09823582321405411	0.1770471334457397	0.1947783380746841	0.1824799180030823	0.07673677802085876	0.08032882213592529	0.1740968525409698	0.174096867442131	0.1411258578300476	0.04700073972344398	0.05427349358797073	0.05083335191011429	0.05042858421802521	0.1304875463247299	0.1273121684789658	0.03997908160090446	0.02526654861867428	0.1223132684826851	0.01835081912577152	0.122762955725193	0.1003197357058525	0.09375586360692978	0.08125284314155579	0.1159076392650604	0.01458979770541191	0.181038960814476	0.1885696053504944	0.09547475725412369	0.02191545814275742	0.03292477875947952	0.03613533079624176	0	0.1106875836849213	0.1893033683300018	0.1552826464176178	0.08154717087745667	0.1546679586172104	0.1741716712713242	0.1489287316799164	0.1536635309457779	0.09880150109529495	0.01101640611886978	0.1312632858753204	0.03645439445972443	0.07761255651712418	0.07766943424940109	0.1681971997022629	0.07130736112594604	0.117257297039032	0.1180620491504669	0.07770387828350067	0.02869235351681709	0.160987451672554	0.01462686434388161	0.09303079545497894	0.04251749441027641	0.09068301320075989	0.1660342365503311	0.1180456802248955	0.1172250285744667	0.04751355201005936	0.08184421062469482	0.08695060014724731	0.06774980574846268	0.1241165697574615	0.115066759288311	0.1078949570655823	0.01449092663824558	0.1100531816482544	0.1173075065016747	0.1010371819138527	0.1022002398967743	0.09239771962165833	0.01821229606866837	0.2166759669780731	0.1868763118982315	0.2409300208091736	0.253139466047287	0.2261324524879456	0.2105967402458191	0.3001340925693512	0.2444264590740204	0.2298614084720612	0.2520819306373596	0.1766291856765747	0.2114599049091339	0.1736232787370682	0.2140913009643555	0.2158585637807846	0.247937798500061	0.2531477510929108	0.2186398804187775	0.2615165412425995	0.2605862319469452	0.2469144463539124	0.2104534655809402	0.2305698245763779	0.241833433508873	0.1939274072647095	0.2497846633195877	0.2506470680236816	0.2619718313217163
S2017t2_E19-T2a-Female	0.267414778470993	0.2663230001926422	0.2048858255147934	0.3621352016925812	0.2708633840084076	0.1559406518936157	0.2292543053627014	0.2756172120571136	0.2126380503177643	0.2409787774085999	0.2834955453872681	0.04750528186559677	0.06611970067024231	0.1393297612667084	0.2231608927249908	0.1373614817857742	0.09966227412223816	0.1743801832199097	0.1620767265558243	0.1903101801872253	0.1703748553991318	0.1671745032072067	0.1951099038124084	0.2455780655145645	0.07526785880327225	0.1373436003923416	0.148769274353981	0.119737796485424	0.1622557938098907	0.1537434160709381	0.07252851128578186	0.1834354251623154	0.1834354251623154	0.103386864066124	0.1779865920543671	0.1975291818380356	0.1936273872852325	0.1305987238883972	0.172875702381134	0.1669033169746399	0.05047347769141197	0.04707920923829079	0.03437337279319763	0.2275861203670502	0.2360003441572189	0.2327062040567398	0.2309570163488388	0.09103663265705109	0.1352037191390991	0.1893685758113861	0.192616730928421	0.1735924184322357	0.1818066537380219	0.1894722878932953	0.1532992720603943	0.1643350273370743	0.2256941646337509	0.1482742428779602	0.2375921756029129	0.08200835436582565	0.06320983171463013	0.08167960494756699	0.07245974987745285	0.06667178869247437	0.0630406066775322	0.07147806137800217	0.06949302554130554	0.1983544826507568	0.1936273872852325	0.094131700694561	0.1064754948019981	0.2060364335775375	0.0535341277718544	0.1465213149785995	0.05669184029102325	0.1198993027210236	0.05691634118556976	0.07853306084871292	0.1078400462865829	0.154425784945488	0.2046437561511993	0.1140173599123955	0.1147348806262016	0.1112722009420395	0.1495413929224014	0.08480639755725861	0.1461028903722763	0.131919801235199	0.09524374455213547	0.08607332408428192	0.09302160888910294	0.2056044489145279	0.1043641194701195	0.1186728179454803	0.124786950647831	0.1942862570285797	0.2238954305648804	0.2120455801486969	0.09783200174570084	0.1012880876660347	0.1915070861577988	0.1915070861577988	0.1851160377264023	0.08261064440011978	0.0895589292049408	0.09302160888910294	0.09220589697360992	0.1624458879232407	0.1659217178821564	0.089276984333992	0.08800267428159714	0.1671429574489594	0.108431339263916	0.1985849291086197	0.1336885392665863	0.1406071335077286	0.04392646998167038	0.1613069325685501	0.09821541607379913	0.08586122095584869	0.1179910525679588	0.01734368875622749	0.1050456389784813	0.08292090147733688	0.07895231246948242	0.1106875836849213	0	0.1197113618254662	0.07153555005788803	0.04405809193849564	0.1107310280203819	0.1167746186256409	0.1174519136548042	0.1345832943916321	0.1954641789197922	0.1144649907946587	0.1823246777057648	0.09274723380804062	0.04692346975207329	0.0535547062754631	0.1439614444971085	0.04047425091266632	0.04844634979963303	0.06188061460852623	0.04701688513159752	0.109674409031868	0.1171485185623169	0.1110841780900955	0.03685612231492996	0.09050624072551727	0.1225567907094955	0.1038645356893539	0.04876904189586639	0.04848329722881317	0.1025611460208893	0.06406767666339874	0.03699111938476562	0.1202705875039101	0.0413430817425251	0.06033331528306007	0.1783333122730255	0.1039415076375008	0.0798986628651619	0.06150103732943535	0.06431149691343307	0.04495090618729591	0.03448740765452385	0.1077021807432175	0.1792646795511246	0.2524567544460297	0.2045152634382248	0.2152395695447922	0.1816141158342361	0.2382839620113373	0.2620493173599243	0.2127061635255814	0.2736994028091431	0.2148209661245346	0.2430897951126099	0.1738356500864029	0.2464936524629593	0.1825628727674484	0.1725673973560333	0.3089578449726105	0.2211291193962097	0.2523966133594513	0.218913808465004	0.224986657500267	0.2152732312679291	0.2784639596939087	0.187669649720192	0.2041327804327011	0.2647002041339874	0.2124249637126923	0.2126380503177643	0.2188257873058319
S2017t2_E19-T2a-Male	0.2014691978693008	0.2015099376440048	0.1337848603725433	0.3060080707073212	0.2133116126060486	0.08743451535701752	0.1645046770572662	0.2125552147626877	0.1420030146837234	0.1738300621509552	0.2223551571369171	0.1379099041223526	0.1298468261957169	0.04805892705917358	0.1548046767711639	0.06639133393764496	0.1755709499120712	0.1004583314061165	0.1024500727653503	0.1123915463685989	0.1052630022168159	0.1083645224571228	0.11864073574543	0.1654928177595139	0.1508797854185104	0.06640950590372086	0.06580696254968643	0.04554939270019531	0.09329193085432053	0.09857595711946487	0.1540503650903702	0.09668966382741928	0.09668967127799988	0.1739068329334259	0.09004468470811844	0.1138355731964111	0.1206814423203468	0.04258314520120621	0.100658155977726	0.07973113656044006	0.140627384185791	0.1247725784778595	0.1191329956054688	0.151481419801712	0.1545984745025635	0.1576553583145142	0.1484462767839432	0.1677010953426361	0.2256021052598953	0.1252503991127014	0.1221486553549767	0.1021230071783066	0.1093021482229233	0.125372126698494	0.2245060801506042	0.234712153673172	0.1557944566011429	0.2204277068376541	0.1557545214891434	0.1571087390184402	0.1463277637958527	0.1568049341440201	0.1424539387226105	0.1370499432086945	0.1395789384841919	0.1680726855993271	0.1400924772024155	0.1334347128868103	0.1206814423203468	0.1711489111185074	0.1908398270606995	0.1424783021211624	0.1367510855197906	0.069947250187397	0.1395586878061295	0.03811772167682648	0.1462409794330597	0.1628086417913437	0.2072873562574387	0.2416248172521591	0.1302462667226791	0.1941391229629517	0.2018038779497147	0.2045672088861465	0.2236699908971786	0.1688316166400909	0.2263576239347458	0.2164676338434219	0.1746009737253189	0.1730483919382095	0.1800194531679153	0.1539337784051895	0.2100233435630798	0.2181373089551926	0.2111769020557404	0.1400289535522461	0.1581466943025589	0.1454286724328995	0.2038756310939789	0.207307294011116	0.1368067562580109	0.1368067562580109	0.1164846271276474	0.1759112775325775	0.1828581988811493	0.1800194531679153	0.1781018078327179	0.1055008918046951	0.1021112501621246	0.1822871714830399	0.1920253187417984	0.0970977321267128	0.1878407299518585	0.1255046874284744	0.227279394865036	0.2218969911336899	0.1412565261125565	0.1046915575861931	0.1837470680475235	0.05188141018152237	0.02727106586098671	0.1043936982750893	0.1905993223190308	0.1638196855783463	0.1781587153673172	0.1893033683300018	0.1197113618254662	0	0.1651963293552399	0.1354364156723022	0.07237917929887772	0.03436953946948051	0.06564991921186447	0.05569713935256004	0.115169957280159	0.1933732479810715	0.1060643494129181	0.1794402897357941	0.137448787689209	0.1247168034315109	0.131343200802803	0.1316133886575699	0.1388267576694489	0.1397850513458252	0.1247494146227837	0.1933642327785492	0.05826456099748611	0.1961089670658112	0.1392453014850616	0.2054253667593002	0.222404420375824	0.08831328153610229	0.1271169781684875	0.1387949287891388	0.1883764117956161	0.1418035924434662	0.1334945857524872	0.2037731111049652	0.1331502497196198	0.1600894331932068	0.1379526108503342	0.1947608888149261	0.1556822955608368	0.12620510160923	0.1473348140716553	0.1241578832268715	0.114497572183609	0.1988271474838257	0.1062767058610916	0.1910368949174881	0.136252298951149	0.1451043486595154	0.1136729419231415	0.1755619496107101	0.1965501457452774	0.1364296823740005	0.2093287855386734	0.1459245979785919	0.1805773824453354	0.09980926662683487	0.1775191277265549	0.1030728742480278	0.09186660498380661	0.2533871531486511	0.1451146751642227	0.1835088580846786	0.1576032787561417	0.1604287773370743	0.1395173221826553	0.2149975299835205	0.1094088181853294	0.1332099139690399	0.1982280015945435	0.143077090382576	0.1420030146837234	0.1566584706306458
S2017t2_E19-T2b-Female	0.2194119542837143	0.2191233485937119	0.1530405282974243	0.3213825523853302	0.2304893285036087	0.1939606368541718	0.1837688088417053	0.2296899557113647	0.1611455827951431	0.243505448102951	0.2389586269855499	0.1038969531655312	0.1215251311659813	0.1895692497491837	0.2737275362014771	0.1941794157028198	0.1032609343528748	0.1744356602430344	0.222992405295372	0.1848435252904892	0.225247323513031	0.2277347892522812	0.2019312530755997	0.2362556159496307	0.1301868855953217	0.1941938996315002	0.2049065381288528	0.177603542804718	0.1681919544935226	0.159317210316658	0.1335167288780212	0.1712173223495483	0.1712173223495483	0.0875970870256424	0.1654308438301086	0.1861679404973984	0.1404368281364441	0.1634177714586258	0.2106726914644241	0.2048785835504532	0.1067411303520203	0.1035265624523163	0.0977497324347496	0.2357973605394363	0.2384444177150726	0.24104143679142	0.2332209795713425	0.09436839073896408	0.140173077583313	0.1960742920637131	0.1933637857437134	0.222730278968811	0.1821476966142654	0.196180671453476	0.1525404304265976	0.1640067845582962	0.2277674078941345	0.134295329451561	0.2277966141700745	0.1365682929754257	0.1127068698406219	0.1362570524215698	0.121554858982563	0.1160185858607292	0.1186094805598259	0.08084686845541	0.1190613284707069	0.1526274383068085	0.1404368281364441	0.08444257080554962	0.0471499040722847	0.1612768471240997	0.115712396800518	0.197013184428215	0.1186724603176117	0.1717067807912827	0.1128110215067863	0.07482145726680756	0.1186941713094711	0.09657683223485947	0.2059305161237717	0.118372730910778	0.1123710125684738	0.1155579090118408	0.09177275002002716	0.08135289698839188	0.09510898590087891	0.1432707756757736	0.1529922485351562	0.1380781233310699	0.131983757019043	0.2131178230047226	0.1083588674664497	0.1164688393473625	0.1228453665971756	0.2143977582454681	0.1777016967535019	0.2200465500354767	0.1151587143540382	0.1187171414494514	0.2116077393293381	0.2116077542304993	0.2316033691167831	0.1410833895206451	0.1350316107273102	0.131983757019043	0.1307408809661865	0.196428194642067	0.2063427716493607	0.1214747354388237	0.1455119848251343	0.2255531698465347	0.1405823677778244	0.2384396195411682	0.08123964816331863	0.07439335435628891	0.09415809065103531	0.2076976299285889	0.149452418088913	0.1569026559591293	0.1510280668735504	0.06880790740251541	0.1435424536466599	0.1285379827022552	0.1435879617929459	0.1552826464176178	0.07153555005788803	0.1651963293552399	0	0.08793317526578903	0.1739694178104401	0.1687354743480682	0.1683612316846848	0.1856670826673508	0.2413700968027115	0.1465187072753906	0.2227491587400436	0.1315665394067764	0.09050147235393524	0.1034694388508797	0.1925849467515945	0.08426308631896973	0.0919743999838829	0.09258440881967545	0.09059183299541473	0.1600183993577957	0.1740700453519821	0.1494536995887756	0.1057551428675652	0.1598767638206482	0.1780687123537064	0.1544147580862045	0.09259961545467377	0.1048232614994049	0.1411571949720383	0.09474315494298935	0.09974005818367004	0.1704631745815277	0.09869901835918427	0.1275528818368912	0.2238999754190445	0.1484450697898865	0.1101425141096115	0.10490832477808	0.1137607768177986	0.07586686313152313	0.06552830338478088	0.1396160572767258	0.1795085817575455	0.2093530744314194	0.2056960463523865	0.1641103029251099	0.1337408870458603	0.2072810381650925	0.2143494486808777	0.155491441488266	0.2268349826335907	0.1645740270614624	0.1991974413394928	0.1738699674606323	0.196276843547821	0.1767148226499557	0.1787973940372467	0.2701010406017303	0.1641201823949814	0.2022583335638046	0.175751581788063	0.2268813848495483	0.1584445238113403	0.2322563380002975	0.1943587064743042	0.1524125039577484	0.2163150757551193	0.1618497222661972	0.1611455827951431	0.1750732362270355
S2017t2_E19-T2b-Male	0.2344682067632675	0.2339316457509995	0.1712165176868439	0.3312258124351501	0.244604229927063	0.1403902918100357	0.2257457673549652	0.2437969893217087	0.1789835542440414	0.2142065465450287	0.2523732781410217	0.02434275113046169	0.04359974339604378	0.117401160299778	0.2022836655378342	0.1151823773980141	0.07763221114873886	0.1527348607778549	0.1469230800867081	0.1691581457853317	0.1553677022457123	0.1521466374397278	0.1743005812168121	0.212843045592308	0.05306087806820869	0.1215127259492874	0.1270003914833069	0.135406106710434	0.1402545422315598	0.1443389058113098	0.05669785663485527	0.1495238989591599	0.149523913860321	0.06836262345314026	0.1437525302171707	0.1644459813833237	0.1594246923923492	0.13350909948349	0.1394782066345215	0.1331613510847092	0.03405832871794701	0.06962990760803223	0.05731147155165672	0.2063961178064346	0.215036541223526	0.2117093503475189	0.2451636642217636	0.06870727241039276	0.1129300147294998	0.174341693520546	0.1716334521770477	0.1526235938072205	0.1604319661855698	0.1744480282068253	0.1315916478633881	0.1430218517780304	0.2043399810791016	0.1134215593338013	0.2043692767620087	0.06003081426024437	0.04050957411527634	0.05969088524580002	0.05007768422365189	0.04409082978963852	0.04041487351059914	0.05514467880129814	0.04685191437602043	0.1707602739334106	0.1594246923923492	0.06523102521896362	0.07078414410352707	0.1788127422332764	0.03725022077560425	0.1245863735675812	0.04048364982008934	0.1356232017278671	0.04719069972634315	0.05568352341651917	0.1302371025085449	0.1572874486446381	0.2196639329195023	0.1361996680498123	0.1306755393743515	0.1336447447538376	0.1523995697498322	0.06209418177604675	0.155294343829155	0.1159401163458824	0.1175276786088943	0.1023074313998222	0.09609112143516541	0.1962439268827438	0.1332090198993683	0.1472748070955276	0.15309077501297	0.2215813547372818	0.2326510548591614	0.2330457270145416	0.126861497759819	0.1302587538957596	0.2189420610666275	0.2189420610666275	0.1940444856882095	0.1053735166788101	0.09919975697994232	0.09609112143516541	0.1081702336668968	0.1779115051031113	0.1750735938549042	0.1053818836808205	0.0846872553229332	0.1823889315128326	0.07226169109344482	0.1642024517059326	0.143038421869278	0.1435255855321884	0.01370294578373432	0.1890896707773209	0.07524307072162628	0.1276016235351562	0.120986320078373	0.034339290112257	0.06881733238697052	0.09924282133579254	0.1016641780734062	0.08154717087745667	0.04405809193849564	0.1354364156723022	0.08793317526578903	0	0.1010505855083466	0.126207560300827	0.1013752669095993	0.105769082903862	0.1736443191766739	0.0786481499671936	0.1913024336099625	0.09580701589584351	0.03706143796443939	0.03052031248807907	0.1228026449680328	0.03052346780896187	0.07731006294488907	0.06495502591133118	0.03715614601969719	0.1064254716038704	0.1138776242733002	0.08180579543113708	0.04013300314545631	0.09362530708312988	0.1375616788864136	0.1256337463855743	0.06497032940387726	0.06457976251840591	0.1119778901338577	0.02777986228466034	0.03369820117950439	0.1355092376470566	0.07728605717420578	0.06345419585704803	0.1562985777854919	0.09423812478780746	0.0576515756547451	0.07736217975616455	0.04164924845099449	0.04813709110021591	0.03774367272853851	0.08494297415018082	0.1577975153923035	0.2250234484672546	0.1839594393968582	0.1817421317100525	0.1532052457332611	0.2407730519771576	0.2294530868530273	0.179504469037056	0.2645894885063171	0.1818844676017761	0.2154328972101212	0.1521704196929932	0.2127160727977753	0.1611290723085403	0.1571809351444244	0.2825880646705627	0.1878435462713242	0.254899799823761	0.1923065781593323	0.2051579505205154	0.182224452495575	0.2463773787021637	0.1725392788648605	0.1705602407455444	0.2315829247236252	0.1793463379144669	0.1789835542440414	0.1918744593858719
S2017t2_E23-T2a-Female	0.1906049996614456	0.1908447742462158	0.1242387145757675	0.2934480905532837	0.1962221562862396	0.07193457335233688	0.1742139011621475	0.2018431425094604	0.1322754770517349	0.1702940613031387	0.2116782516241074	0.1038908064365387	0.1213454827666283	0.0471973605453968	0.1384886503219604	0.04403894394636154	0.1603777706623077	0.09150922298431396	0.07389215379953384	0.1099722236394882	0.08339568227529526	0.07995301485061646	0.1163115799427032	0.1685764938592911	0.1299244910478592	0.044019665569067	0.05766487494111061	0.06564082205295563	0.07752285897731781	0.06928713619709015	0.1271636337041855	0.1014968380331993	0.1014968454837799	0.1644899398088455	0.09505274146795273	0.1181353405117989	0.1112681478261948	0.07694324105978012	0.0852685421705246	0.07815489917993546	0.1066728681325912	0.1407219916582108	0.1292063146829605	0.1483625620603561	0.1579658836126328	0.1544270664453506	0.1907840520143509	0.1523866802453995	0.1973205655813217	0.1095515117049217	0.1130359247326851	0.08685681968927383	0.100284107029438	0.1096737310290337	0.214240163564682	0.224415197968483	0.1457511633634567	0.2100876867771149	0.1591171324253082	0.1362460106611252	0.1188109815120697	0.1359376907348633	0.1274832487106323	0.1220566555857658	0.1184580698609352	0.1340450495481491	0.1250826269388199	0.1172311082482338	0.1112681478261948	0.1556981950998306	0.1687843948602676	0.1263145059347153	0.1093477755784988	0.05459977686405182	0.1123094037175179	0.06560061126947403	0.1127162724733353	0.1410288065671921	0.2149477005004883	0.2542855441570282	0.1614012569189072	0.2142834067344666	0.2156631648540497	0.2122936993837357	0.2488532066345215	0.14706189930439	0.2455066293478012	0.1942917257547379	0.1832475215196609	0.1877731829881668	0.1945344209671021	0.1238128691911697	0.2055715769529343	0.2194951176643372	0.2247650325298309	0.1571851968765259	0.1815460920333862	0.1692055016756058	0.2056009322404861	0.2089523822069168	0.1541305929422379	0.154130607843399	0.1275483518838882	0.1844037175178528	0.1911649405956268	0.1945344209671021	0.1805640757083893	0.1167434677481651	0.1204089745879173	0.1783011108636856	0.1513098627328873	0.1086854338645935	0.1716000437736511	0.1159269511699677	0.2403717935085297	0.2411753386259079	0.1006937548518181	0.1020560041069984	0.1614533662796021	0.0291366595774889	0.06986289471387863	0.1212413012981415	0.1682372838258743	0.1850472688674927	0.1743360757827759	0.1546679586172104	0.1107310280203819	0.07237917929887772	0.1739694178104401	0.1010505855083466	0	0.04786653444170952	0.007308908738195896	0.02593917585909367	0.09875892102718353	0.164832666516304	0.1243747770786285	0.1817010641098022	0.09695339202880859	0.1034131497144699	0.09703195095062256	0.09084279090166092	0.1357979327440262	0.1489678174257278	0.09704190492630005	0.1593647748231888	0.01464090123772621	0.1614518910646439	0.09307380020618439	0.1593004912137985	0.2064996361732483	0.09278170019388199	0.1489517241716385	0.1358341574668884	0.1903737038373947	0.1139010041952133	0.09339583665132523	0.2054013162851334	0.136639878153801	0.1151087209582329	0.08019200712442398	0.1541399359703064	0.1285411864519119	0.1480219960212708	0.1260140538215637	0.1339173018932343	0.1246206015348434	0.1580699682235718	0.09728190302848816	0.1736342012882233	0.1270430535078049	0.1353562772274017	0.09739165008068085	0.1914593726396561	0.1859265267848969	0.1334876269102097	0.2236515730619431	0.1363366991281509	0.1632634401321411	0.09086534380912781	0.1669276505708694	0.1008258014917374	0.09010066092014313	0.2352887094020844	0.1419670879840851	0.2122072726488113	0.1415121257305145	0.1510722190141678	0.1365206986665726	0.2041309326887131	0.1072051674127579	0.123706728219986	0.1873788982629776	0.1335076093673706	0.1322754770517349	0.1403608322143555
S2017t2_E23-T2a-Male	0.1915475875139236	0.191775768995285	0.1234496384859085	0.2970349788665771	0.2037682831287384	0.07681778073310852	0.1540189534425735	0.2030401676893234	0.1316926777362823	0.1772400289773941	0.2130968421697617	0.1288066804409027	0.1459446847438812	0.06625218689441681	0.1380739361047745	0.04832928627729416	0.1851087212562561	0.08987229317426682	0.08549065887928009	0.1088334247469902	0.08838822692632675	0.09158282727003098	0.1219709441065788	0.1689344644546509	0.1543655544519424	0.04834802821278572	0.06219424307346344	0.02683501318097115	0.08256513625383377	0.1091838702559471	0.1576028317213058	0.100123219192028	0.100123219192028	0.1834670752286911	0.09350129961967468	0.1172095313668251	0.1101303026080132	0.03109866008162498	0.08350873738527298	0.07619922608137131	0.1378102898597717	0.1284466087818146	0.1228304207324982	0.154945895075798	0.1580512374639511	0.1610966473817825	0.1519221365451813	0.1772760003805161	0.2230991721153259	0.1151443794369698	0.1119831725955009	0.08515374362468719	0.0988885834813118	0.1152684465050697	0.233929455280304	0.2439793944358826	0.1455175131559372	0.2299958914518356	0.1592330783605576	0.1605695337057114	0.1373716294765472	0.1602669507265091	0.1459735631942749	0.1405912637710571	0.1431101113557816	0.1653750240802765	0.1498879194259644	0.1231359168887138	0.1101303026080132	0.1807498633861542	0.1882055997848511	0.132356658577919	0.14029361307621	0.0519954115152359	0.1431713253259659	0.01916808076202869	0.1498538702726364	0.1600752919912338	0.2046475261449814	0.2390919327735901	0.1194028854370117	0.2040320038795471	0.1991257071495056	0.2019083946943283	0.2335786521434784	0.1661282777786255	0.2362229973077774	0.2261338531970978	0.1720350980758667	0.1702653020620346	0.1772617995738983	0.1645049005746841	0.2074025124311447	0.215536892414093	0.2209788709878922	0.1293866783380508	0.1475291401147842	0.1347489655017853	0.2012235075235367	0.2046675980091095	0.1260984539985657	0.1260984688997269	0.09117260575294495	0.1731482595205307	0.1801204532384872	0.1772617995738983	0.181787982583046	0.1093340292572975	0.1059582307934761	0.1731872260570526	0.1893850117921829	0.09391023218631744	0.1913355737924576	0.1149027198553085	0.2308298349380493	0.225471168756485	0.1257617324590683	0.09420421719551086	0.1810499727725983	0.03387393429875374	0.02310219034552574	0.1013495773077011	0.1879267990589142	0.1673833578824997	0.1627325862646103	0.1741716712713242	0.1167746186256409	0.03436953946948051	0.1687354743480682	0.126207560300827	0.04786653444170952	0	0.04802295565605164	0.02251128293573856	0.09727022796869278	0.1844755411148071	0.08771384507417679	0.1639203429222107	0.1282832473516464	0.1220221891999245	0.115688145160675	0.1223445907235146	0.1296855062246323	0.1305883675813675	0.1283692568540573	0.1969529688358307	0.0621538944542408	0.1872608661651611	0.1366448700428009	0.2028757929801941	0.2199675589799881	0.07826109230518341	0.1305717080831528	0.1233524903655052	0.1793878376483917	0.1326426714658737	0.1308570504188538	0.1890954822301865	0.1368077844381332	0.1576211750507355	0.1211740970611572	0.185963362455368	0.1592037826776505	0.1297358274459839	0.1445868313312531	0.1146818697452545	0.1048468723893166	0.1900281608104706	0.09580429643392563	0.1809549033641815	0.1263558566570282	0.1348554939031601	0.102981872856617	0.1862564831972122	0.186734527349472	0.1329443752765656	0.1996172219514847	0.1358700841665268	0.1703751683235168	0.08921051770448685	0.1672542840242386	0.09943947941064835	0.1026667132973671	0.2439074963331223	0.1416389793157578	0.1732188612222672	0.1477746367454529	0.1509854048490524	0.1360569447278976	0.2053994238376617	0.1127843782305717	0.1229066848754883	0.1882403939962387	0.1329671442508698	0.1316926777362823	0.1466855257749557
S2017t2_E23-T2b-Female	0.1912762373685837	0.1915044784545898	0.1246648654341698	0.2944771647453308	0.2032431662082672	0.07903335243463516	0.1815228015184402	0.2025323957204819	0.132732093334198	0.1708769053220749	0.2123883366584778	0.1042215675115585	0.1217272207140923	0.04734734445810318	0.1389605700969696	0.04417917504906654	0.1608827412128448	0.09181789308786392	0.08084147423505783	0.1036966294050217	0.09029951691627502	0.08685684949159622	0.1166966781020164	0.169156938791275	0.1303304582834244	0.05122007802128792	0.05785175412893295	0.06585930287837982	0.07778438925743103	0.06951633840799332	0.1336380988359451	0.1018401980400085	0.1018401980400085	0.1650118380784988	0.09537539631128311	0.1185306236147881	0.1116518974304199	0.07022576034069061	0.08554878830909729	0.07841219007968903	0.1070456802845001	0.1472657322883606	0.1358126401901245	0.1488769501447678	0.1585108637809753	0.154959425330162	0.1914368867874146	0.1528702080249786	0.1979628205299377	0.1165017858147621	0.1134125217795372	0.08713997155427933	0.100620910525322	0.1166230440139771	0.214927077293396	0.2251261919736862	0.1462598443031311	0.2107702195644379	0.1596701890230179	0.1366694420576096	0.1191868633031845	0.1363602876663208	0.1278838664293289	0.1224418729543686	0.1188315227627754	0.1406979560852051	0.1192818805575371	0.1243534535169601	0.1116518974304199	0.1622606068849564	0.1693311780691147	0.1333635598421097	0.1159543916583061	0.05477695912122726	0.1188940554857254	0.06581981480121613	0.1130731105804443	0.1414827406406403	0.2156539857387543	0.2551272511482239	0.1619731187820435	0.2209589928388596	0.2163742780685425	0.2190146595239639	0.2496708929538727	0.1475344896316528	0.2521819472312927	0.2009670287370682	0.1899228245019913	0.1883899867534637	0.1951740980148315	0.1242438331246376	0.2062485963106155	0.2202191799879074	0.2255018800497055	0.1644412130117416	0.188854992389679	0.176487922668457	0.2123218178749084	0.2156732678413391	0.1614129096269608	0.1614129096269608	0.1348307579755783	0.1911246776580811	0.1978859305381775	0.1951740980148315	0.1750388592481613	0.1102403029799461	0.1208690404891968	0.1727223247289658	0.1580533981323242	0.1090627312660217	0.1659757494926453	0.1163308694958687	0.2352319061756134	0.2360234260559082	0.1010161340236664	0.0954446941614151	0.1619829535484314	0.03641897812485695	0.06301455944776535	0.1216344907879829	0.1687898933887482	0.1795142889022827	0.1749074459075928	0.1489287316799164	0.1174519136548042	0.06564991921186447	0.1683612316846848	0.1013752669095993	0.007308908738195896	0.04802295565605164	0	0.02601495943963528	0.09212334454059601	0.1591624319553375	0.1248493418097496	0.1822993457317352	0.09086382389068604	0.1037424728274345	0.09734204411506653	0.08467024564743042	0.1300948560237885	0.1433516442775726	0.09095353633165359	0.1599130630493164	0.01471352856606245	0.1620147228240967	0.09972681105136871	0.1659541726112366	0.2071478515863419	0.09312096238136292	0.1433354616165161	0.1362644881010056	0.1910271048545837	0.1079493388533592	0.09369152039289474	0.2060548216104507	0.1308574378490448	0.1216000989079475	0.08046730607748032	0.1484165787696838	0.1228286102414131	0.1424368768930435	0.1264120042324066	0.1281000822782516	0.1186773777008057	0.1523538082838058	0.09760915488004684	0.1809165626764297	0.1274618804454803	0.1358223259449005	0.1046740561723709	0.1985820829868317	0.1865715235471725	0.1273370534181595	0.2244199216365814	0.1367978304624557	0.1705723404884338	0.09117192029953003	0.1675219386816025	0.09442009776830673	0.09717335551977158	0.242488294839859	0.1358326226472855	0.2129567563533783	0.1484385579824448	0.1515598893165588	0.1304132640361786	0.204835519194603	0.1142009794712067	0.1241295114159584	0.188041090965271	0.1339602768421173	0.132732093334198	0.1473818421363831
S2017t2_E23-T2b-Male	0.1693788021802902	0.1700250804424286	0.1015249267220497	0.2751875817775726	0.1822440773248672	0.05504988878965378	0.1591481864452362	0.1815926432609558	0.1096855103969574	0.1557099223136902	0.1920642852783203	0.1085874736309052	0.126123234629631	0.04458118230104446	0.1163982376456261	0.02624230831861496	0.1654904633760452	0.06796124577522278	0.0642661526799202	0.08729264885187149	0.0672309622168541	0.07049971073865891	0.1008326411247253	0.1471870094537735	0.1347395479679108	0.02626148425042629	0.04042905569076538	0.04832928627729416	0.06047815829515457	0.08773774653673172	0.1380519568920135	0.07828263938426971	0.07828264683485031	0.1636493057012558	0.07149999588727951	0.09578363597393036	0.08796458691358566	0.05265243351459503	0.06207139790058136	0.05459091067314148	0.1177225485444069	0.1457264721393585	0.1403314769268036	0.1330247521400452	0.1362106502056122	0.1393350511789322	0.1701778769493103	0.157469168305397	0.2029459625482559	0.09384174644947052	0.09060443192720413	0.06392142176628113	0.07719459384679794	0.09396880120038986	0.2140572071075439	0.2243678271770477	0.1233517974615097	0.2098463177680969	0.1372317671775818	0.1410874873399734	0.1173512041568756	0.1407778859138489	0.1261527836322784	0.120645560324192	0.1232228651642799	0.1452816873788834	0.1299305260181427	0.1012941598892212	0.08796458691358566	0.1608661413192749	0.167984664440155	0.1107445657253265	0.1203409880399704	0.02999351732432842	0.1232855021953583	0.04099856689572334	0.1299684643745422	0.1398543566465378	0.220793604850769	0.2546438276767731	0.1391525119543076	0.2201345264911652	0.2154944539070129	0.2181647419929504	0.2491353303194046	0.145972415804863	0.2516736090183258	0.20597243309021	0.1887841671705246	0.1872239112854004	0.1940774023532867	0.1427378803491592	0.2234380692243576	0.2314614206552505	0.2366854250431061	0.1486959159374237	0.1666474491357803	0.1540819555521011	0.2174387276172638	0.2208129167556763	0.1455522030591965	0.1455522030591965	0.1114792600274086	0.1899904310703278	0.1968206018209457	0.1940774023532867	0.1982838660478592	0.1290077716112137	0.1257797330617905	0.1900281608104706	0.1690856069326401	0.1138501986861229	0.1708274483680725	0.09255041927099228	0.2464971542358398	0.2413553148508072	0.1053925976157188	0.1142121627926826	0.160541832447052	0.05498145148158073	0.04509341344237328	0.1197792217135429	0.1674186438322067	0.1844587624073029	0.1797870099544525	0.1536635309457779	0.1345832943916321	0.05569713935256004	0.1856670826673508	0.105769082903862	0.02593917585909367	0.02251128293573856	0.02601495943963528	0	0.07475893944501877	0.1639674156904221	0.1081736236810684	0.1810667812824249	0.1080525666475296	0.1017245128750801	0.09524402767419815	0.1019760817289352	0.1469161957502365	0.147915855050087	0.1081405729055405	0.1769274771213531	0.04038848727941513	0.1668227761983871	0.1166852340102196	0.182914212346077	0.2235312461853027	0.09756560623645782	0.1478995382785797	0.1407665312290192	0.1959796547889709	0.1123552769422531	0.1107636168599129	0.2051030993461609	0.1540944576263428	0.1381464898586273	0.09916609525680542	0.1656638234853745	0.1395376771688461	0.1469645500183105	0.1246566772460938	0.1326426714658737	0.1232047975063324	0.1696596592664719	0.07403605431318283	0.1586112976074219	0.1053231358528137	0.1129285022616386	0.0806380957365036	0.1907497197389603	0.1648871600627899	0.1112571433186531	0.2038862258195877	0.114345520734787	0.1479482650756836	0.06728353351354599	0.1447430104017258	0.07767163962125778	0.08106368035078049	0.2218235731124878	0.1197918727993965	0.1915475875139236	0.1265465915203094	0.1305456310510635	0.1144475713372231	0.183722659945488	0.0913391038775444	0.1010592207312584	0.1659809201955795	0.1113702654838562	0.1096855103969574	0.1251613199710846
S2017t2_E30-T2a-Female	0.1108815968036652	0.112760066986084	0.1676224917173386	0.2254336178302765	0.1265088617801666	0.1205032616853714	0.09913906455039978	0.1260231286287308	0.1760626286268234	0.09802480787038803	0.2557820379734039	0.1695498377084732	0.1859406530857086	0.1097041368484497	0.05540885031223297	0.09255197644233704	0.2248221933841705	0.1338941156864166	0.1281126290559769	0.1455132812261581	0.1308849602937698	0.1339414119720459	0.1645484864711761	0.0882488414645195	0.1939935982227325	0.09256990998983383	0.1058209091424942	0.1147207692265511	0.1269146502017975	0.1523377299308777	0.1970892697572708	0.1440404951572418	0.1440404951572418	0.2235802561044693	0.1377185136079788	0.1603513360023499	0.1547409892082214	0.1125334799289703	0.1265525370836258	0.119561068713665	0.1721945405006409	0.2056244015693665	0.2005909085273743	0.07252869755029678	0.07618911564350128	0.07977693527936935	0.1135585382580757	0.2173464000225067	0.1524074375629425	0.1580297499895096	0.1550109833478928	0.1277902871370316	0.1425055265426636	0.1581482291221619	0.1650134921073914	0.1766899526119232	0.06140278652310371	0.1597859412431717	0.07681176066398621	0.1999261528253555	0.1777416318655014	0.1996368318796158	0.1859683096408844	0.1808208972215652	0.1832298189401627	0.2059869766235352	0.1841284781694412	0.1671398729085922	0.1547409892082214	0.2209879457950592	0.2291536778211594	0.1759296208620071	0.1805361956357956	0.0960606262087822	0.1832883656024933	0.1078760102391243	0.1899923533201218	0.2009280025959015	0.17108154296875	0.2069034278392792	0.07761912047863007	0.1705617606639862	0.1650557667016983	0.1680929064750671	0.2013694047927856	0.2068695425987244	0.2042531818151474	0.1556175053119659	0.1370767056941986	0.1348367631435394	0.1421626210212708	0.08341466635465622	0.1740865111351013	0.1824809312820435	0.1884153336286545	0.08861399441957474	0.1072092726826668	0.09392791986465454	0.167498379945755	0.1711034327745438	0.08499420434236526	0.08499421179294586	0.04809447750449181	0.1379838287830353	0.145283043384552	0.1421626210212708	0.1407544314861298	0.06005743145942688	0.05629698559641838	0.1312643885612488	0.1158386021852493	0.05167016386985779	0.110228106379509	0.02770364470779896	0.1918283998966217	0.1859104484319687	0.1667976677417755	0.04409056529402733	0.1061184406280518	0.1206750720739365	0.1056379452347755	0.1816542446613312	0.1134709492325783	0.1248556673526764	0.1270794123411179	0.09880150109529495	0.1954641789197922	0.115169957280159	0.2413700968027115	0.1736443191766739	0.09875892102718353	0.09727022796869278	0.09212334454059601	0.07475893944501877	0	0.1028667166829109	0.03640634566545486	0.1280631572008133	0.1628491580486298	0.1629009544849396	0.1568411290645599	0.1571070104837418	0.2007919251918793	0.2021595984697342	0.1629323363304138	0.1182904541492462	0.09887790679931641	0.1061538681387901	0.1768894642591476	0.131542295217514	0.1766500622034073	0.1542329788208008	0.2021431624889374	0.2007625848054886	0.1381071209907532	0.1673357933759689	0.1713528484106064	0.1558116674423218	0.2086435109376907	0.1969532817602158	0.03588626906275749	0.1053521409630775	0.19300277531147	0.2008374929428101	0.1847983300685883	0.1877613216638565	0.1788623780012131	0.1094181388616562	0.139559805393219	0.09880119562149048	0.1687354743480682	0.1790748834609985	0.1479254812002182	0.1352054923772812	0.2309828251600266	0.1700510084629059	0.1497343629598618	0.1792786419391632	0.08708637952804565	0.1332620531320572	0.08338963240385056	0.1364401578903198	0.1461138129234314	0.167494460940361	0.1790849268436432	0.1347173750400543	0.1906254440546036	0.1922506242990494	0.1730519831180573	0.1276719123125076	0.1559494286775589	0.1669213324785233	0.1069697141647339	0.1765115559101105	0.1760626286268234	0.1901324242353439
S2017t2_E30-T2a-Male	0.1883383691310883	0.18862184882164	0.2350185066461563	0.2919506430625916	0.2004314064979553	0.2033476829528809	0.1785155385732651	0.1997279971837997	0.2430065423250198	0.1743784099817276	0.313770979642868	0.08832500129938126	0.106318935751915	0.1744435131549835	0.1491107642650604	0.1789610087871552	0.1460193544626236	0.2160713374614716	0.2084135264158249	0.2256831377744675	0.2107181996107101	0.2132605016231537	0.2414786070585251	0.1661950200796127	0.1151595413684845	0.1789758056402206	0.1899270564317703	0.1991845071315765	0.2103084027767181	0.2132123708724976	0.11855798214674	0.2131004929542542	0.2131004929542542	0.1315154582262039	0.2077606469392776	0.2269067466259003	0.2238733023405075	0.1856077611446381	0.1958212107419968	0.1898984611034393	0.09122835844755173	0.1259822845458984	0.1204441338777542	0.16567762196064	0.1686662435531616	0.1715977042913437	0.2013332545757294	0.1377836167812347	0.06624309718608856	0.2360625118017197	0.2335567772388458	0.2081456184387207	0.2231928706169128	0.2361609041690826	0.08013065904378891	0.09299410879611969	0.1566070765256882	0.05963803455233574	0.1566401273012161	0.1216723322868347	0.09731802344322205	0.1213547140359879	0.1063492968678474	0.1006984189152718	0.1033429726958275	0.1252693831920624	0.1036911159753799	0.2343395054340363	0.2238733023405075	0.1285962164402008	0.1352348923683167	0.2417744100093842	0.1003858894109726	0.1818580031394958	0.103407233953476	0.193539947271347	0.1101129055023193	0.1196961253881454	0.08424416929483414	0.1055563539266586	0.1723816245794296	0.08404620736837387	0.07758711278438568	0.08094245195388794	0.1007330939173698	0.1258999556303024	0.1040039509534836	0.06941565871238708	0.05056525394320488	0.04736809805035591	0.04033775255084038	0.1547430604696274	0.08756395429372787	0.0956464409828186	0.10221116989851	0.18132184445858	0.1858746856451035	0.1868053376674652	0.0806632936000824	0.08426835387945175	0.178376242518425	0.1783762574195862	0.1316634863615036	0.05083335563540459	0.0438542515039444	0.04033775255084038	0.04004454240202904	0.1208732053637505	0.1176270768046379	0.029363963752985	0.02900639921426773	0.1264046728610992	0.007416111882776022	0.1130946725606918	0.09037148207426071	0.08366110175848007	0.07175312936306	0.1200056225061417	0.01833164133131504	0.1850541979074478	0.180092453956604	0.09926470369100571	0.01106046140193939	0.03674773499369621	0.03992844745516777	0.01101640611886978	0.1144649907946587	0.1933732479810715	0.1465187072753906	0.0786481499671936	0.164832666516304	0.1844755411148071	0.1591624319553375	0.1639674156904221	0.1028667166829109	0	0.1216220557689667	0.02576074935495853	0.08130290359258652	0.08135974407196045	0.1720210015773773	0.07500141859054565	0.1210002899169922	0.1091115102171898	0.08139417320489883	0.03240376338362694	0.1649343967437744	0.00369119131937623	0.09671085327863693	0.04625233635306358	0.09444791078567505	0.1699527353048325	0.121816411614418	0.1209680363535881	0.0370653048157692	0.07235678285360336	0.09063492715358734	0.07152929157018661	0.1279261112213135	0.1187290623784065	0.09810243546962738	0.01820513792335987	0.101142592728138	0.1210504472255707	0.1047385558485985	0.09292315691709518	0.08291587978601456	0.007356499787420034	0.2207553833723068	0.1779180467128754	0.2449611127376556	0.2455499470233917	0.218130812048912	0.202121376991272	0.2930459976196289	0.2368005067110062	0.2216832339763641	0.244610533118248	0.1675248593091965	0.2155490815639496	0.1644519716501236	0.2181755751371384	0.2199211418628693	0.2397468090057373	0.245558425784111	0.2100976705551147	0.2542333602905273	0.2645744979381561	0.2393389046192169	0.2020098716020584	0.234639436006546	0.2341548055410385	0.1850796341896057	0.242267057299614	0.2430065423250198	0.2545993328094482
S2017t2_E30-T2b-Female	0.1312340646982193	0.1327061653137207	0.1866170018911362	0.245921865105629	0.139075830578804	0.1460256576538086	0.08097536861896515	0.1457214653491974	0.1951605826616287	0.1176955699920654	0.274312287569046	0.1993549168109894	0.2151050865650177	0.1418660134077072	0.09001543372869492	0.1253944784402847	0.2535602152347565	0.1663236916065216	0.1529956609010696	0.1774673908948898	0.1556888669729233	0.1586581021547318	0.1957260072231293	0.108095109462738	0.2228440642356873	0.1184672936797142	0.1381366848945618	0.1056407913565636	0.1596303284168243	0.1840130835771561	0.2200037389993668	0.1628743261098862	0.1628743410110474	0.2409250289201736	0.1566683650016785	0.1788841784000397	0.1738974750041962	0.08867339044809341	0.1449726074934006	0.1381035000085831	0.1958195269107819	0.1929157227277756	0.1876972168684006	0.1074874848127365	0.1109961867332458	0.1144353970885277	0.104069247841835	0.2463854104280472	0.1840799450874329	0.1830047219991684	0.1865772604942322	0.159236952662468	0.1745826005935669	0.1831196546554565	0.1961721032857895	0.2073736786842346	0.09682340919971466	0.1783292591571808	0.0968623161315918	0.2285456508398056	0.2072262912988663	0.2282675802707672	0.2151316255331039	0.2101851999759674	0.2125000804662704	0.2295393794775009	0.2135967463254929	0.1793660223484039	0.1738974750041962	0.2324696481227875	0.2468727827072144	0.1880901753902435	0.2039230763912201	0.1287637203931808	0.2065967172384262	0.09859470278024673	0.2192374169826508	0.2306295484304428	0.1632383465766907	0.1861316561698914	0.06695611774921417	0.1559576541185379	0.1570428013801575	0.1533243060112	0.1806106269359589	0.236455500125885	0.1768924593925476	0.180770143866539	0.1217337399721146	0.1262637227773666	0.1196952164173126	0.118068240582943	0.1663273721933365	0.174847736954689	0.1809469014406204	0.07045825570821762	0.07331161201000214	0.07575426250696182	0.1527712196111679	0.1564561873674393	0.06667578220367432	0.06667579710483551	0.0123760374262929	0.1225452050566673	0.1159487515687943	0.1196952164173126	0.1185034289956093	0.0331328958272934	0.02101116254925728	0.108512669801712	0.1411752104759216	0.04070514813065529	0.129010796546936	0.04790026322007179	0.1706621050834656	0.1644289195537567	0.1844324022531509	0.03288260102272034	0.1385541558265686	0.1047325059771538	0.0812951996922493	0.1744041591882706	0.1321969330310822	0.1160324513912201	0.1183948516845703	0.1312632858753204	0.1823246777057648	0.1060643494129181	0.2227491587400436	0.1913024336099625	0.1243747770786285	0.08771384507417679	0.1248493418097496	0.1081736236810684	0.03640634566545486	0.1216220557689667	0	0.105141244828701	0.1927944868803024	0.1928442418575287	0.1870211362838745	0.1872766315937042	0.1940973103046417	0.1830106973648071	0.192874401807785	0.1433511525392532	0.1244903728365898	0.1179308593273163	0.2002846002578735	0.1564289033412933	0.1820282340049744	0.1396349519491196	0.1954259127378464	0.1940672546625137	0.1086889058351517	0.1849609613418579	0.2009664475917816	0.1479308307170868	0.2020040154457092	0.2197781205177307	0.05577993765473366	0.1375550776720047	0.2101686000823975	0.194144070148468	0.2141264826059341	0.1679064333438873	0.1585646271705627	0.1280601620674133	0.171757385134697	0.1116618812084198	0.1997426152229309	0.1981139481067657	0.1602902114391327	0.1185666397213936	0.2501444518566132	0.1889157146215439	0.1409155875444412	0.1979664862155914	0.09990349411964417	0.1657174974679947	0.1039694249629974	0.1687654256820679	0.1714422106742859	0.1807443499565125	0.1981237977743149	0.1099332273006439	0.2026732861995697	0.2223032563924789	0.1918592602014542	0.1476036012172699	0.1810922026634216	0.1858458518981934	0.1273962706327438	0.1952524930238724	0.1951605826616287	0.2023466229438782
S2017t2_E30-T2b-Male	0.2064809203147888	0.2064284235239029	0.2518805861473083	0.3098349869251251	0.2180559188127518	0.2199863940477371	0.1700589954853058	0.2172908335924149	0.2599271237850189	0.1920076459646225	0.3299981951713562	0.1052406057715416	0.122900664806366	0.1911857724189758	0.1667313128709793	0.1958230435848236	0.162430539727211	0.2328103333711624	0.2246706932783127	0.2479915618896484	0.2269280105829239	0.2294180989265442	0.2576750814914703	0.1839989870786667	0.1315772235393524	0.1958375424146652	0.2065638899803162	0.1792240887880325	0.2271704375743866	0.2297935634851456	0.1349126398563385	0.2299028933048248	0.2299028933048248	0.1482053697109222	0.2246770858764648	0.2434143573045731	0.2409062385559082	0.1713990122079849	0.212337002158165	0.2065358906984329	0.1144282817840576	0.10486950725317	0.09908173233270645	0.1834926456212997	0.186417430639267	0.1892863065004349	0.1806452125310898	0.1543530821800232	0.08418738842010498	0.2523746192455292	0.2499224096536636	0.224408283829689	0.2397798001766205	0.2524709105491638	0.09780804067850113	0.1104242950677872	0.1746157705783844	0.07770925015211105	0.1746481209993362	0.1379691809415817	0.1140667572617531	0.1376574486494064	0.1229304596781731	0.1173844262957573	0.1199799329042435	0.1420793384313583	0.1266985237598419	0.2511427700519562	0.2409062385559082	0.145342230796814	0.1522678285837173	0.2584144771099091	0.1170777082443237	0.1986605525016785	0.120043009519577	0.173318549990654	0.126748338341713	0.136613205075264	0.06025633960962296	0.08168750256299973	0.1501840800046921	0.06014484912157059	0.0532722994685173	0.0567927174270153	0.07693739235401154	0.1427623927593231	0.0803694948554039	0.08736773580312729	0.02592561766505241	0.0223783366382122	0.0150012094527483	0.1726316213607788	0.06373833864927292	0.07191221415996552	0.07879748195409775	0.1595668792724609	0.1638138890266418	0.1650113165378571	0.05659673362970352	0.06028171628713608	0.1564759761095047	0.1564759612083435	0.1084693297743797	0.02601363137364388	0.01869147084653378	0.0150012094527483	0.02230172045528889	0.1044401600956917	0.1010713055729866	0.01122039649635553	0.04708977416157722	0.1033539697527885	0.03314963355660439	0.1313846111297607	0.07336770743131638	0.06640315800905228	0.08891219645738602	0.1036790981888771	0.0366138182580471	0.1647940427064896	0.1656268835067749	0.07684694230556488	0.0294780544936657	0.01874261535704136	0.01486593950539827	0.03645439445972443	0.09274723380804062	0.1794402897357941	0.1315665394067764	0.09580701589584351	0.1817010641098022	0.1639203429222107	0.1822993457317352	0.1810667812824249	0.1280631572008133	0.02576074935495853	0.105141244828701	0	0.1047019809484482	0.09834121912717819	0.1882608979940414	0.09858185052871704	0.1061470359563828	0.09385024756193161	0.1047906205058098	0.05721760541200638	0.1878936737775803	0.02934370003640652	0.1134085729718208	0.06401453167200089	0.08540163189172745	0.1558789759874344	0.1068757250905037	0.099712073802948	0.01921115815639496	0.09601342678070068	0.1074449717998505	0.04798900336027145	0.1130159646272659	0.1350197643041611	0.1163186430931091	0.04343297332525253	0.1239725276827812	0.1061988994479179	0.1214115396142006	0.07709731161594391	0.06673580408096313	0.03290161862969398	0.2373943477869034	0.1962010115385056	0.2610832452774048	0.2624136805534363	0.2352897673845291	0.194254457950592	0.3098532259464264	0.2593617141246796	0.2141826301813126	0.2611883580684662	0.1858747005462646	0.2322992235422134	0.1828695237636566	0.2407244592905045	0.2365025579929352	0.2578211724758148	0.2682437300682068	0.1888304650783539	0.2705999910831451	0.280277818441391	0.2618169188499451	0.2197570353746414	0.2510517537593842	0.250962108373642	0.2032950222492218	0.2588963508605957	0.2599271237850189	0.2711769044399261
S2017t3_E11-T3a-Female	0.253202497959137	0.2523568868637085	0.1910246312618256	0.347792774438858	0.2626465857028961	0.1484006643295288	0.2448542565107346	0.2617969214916229	0.1987037062644958	0.238636702299118	0.269892543554306	0.03401549905538559	0.05283112823963165	0.1195419803261757	0.2035655677318573	0.123611755669117	0.09255871176719666	0.1606290191411972	0.1546451300382614	0.1707859486341476	0.1570747494697571	0.1597551256418228	0.1874843090772629	0.2316828966140747	0.06207907199859619	0.1236273497343063	0.1351629495620728	0.1435654163360596	0.1545408517122269	0.1461615860462189	0.06563473492860794	0.1696940213441849	0.1575216799974442	0.07738287746906281	0.1641721278429031	0.1839779317378998	0.179666742682457	0.1418830752372742	0.1534778028726578	0.1473656445741653	0.03705077618360519	0.07222278416156769	0.06642165035009384	0.2194893956184387	0.2220833450555801	0.2246289849281311	0.2402509301900864	0.08392219990491867	0.1276706159114838	0.1817576438188553	0.1791085451841354	0.1543627232313156	0.1681541055440903	0.181861624121666	0.1397111564874649	0.1387977302074432	0.2116249799728394	0.1345153450965881	0.2235772609710693	0.05635105818510056	0.04341793805360794	0.06856111437082291	0.05286286026239395	0.04695287346839905	0.04971856996417046	0.07080307602882385	0.04969747364521027	0.1905096918344498	0.179666742682457	0.07432284206151962	0.09280988574028015	0.1982157528400421	0.04662604257464409	0.1266629248857498	0.0497857853770256	0.1376099288463593	0.04352772980928421	0.06496205180883408	0.1447935700416565	0.1777886003255844	0.2268188297748566	0.1444021463394165	0.1390365362167358	0.1419374793767929	0.1728596985340118	0.07125744968652725	0.1756277233362198	0.1306364238262177	0.1133700609207153	0.1110529080033302	0.1178368553519249	0.197569951415062	0.1351819634437561	0.1428813338279724	0.1486878395080566	0.2345593720674515	0.2516191005706787	0.2399957925081253	0.1414743214845657	0.1448144912719727	0.2320076674222946	0.2320076823234558	0.201551154255867	0.1140481233596802	0.1208092197775841	0.1178368553519249	0.1040879264473915	0.1795547604560852	0.1891231834888458	0.0948624461889267	0.08071888983249664	0.1838506907224655	0.08811606466770172	0.1845013499259949	0.1638290882110596	0.1581621170043945	0.03030553460121155	0.1659117639064789	0.08438603579998016	0.1170382499694824	0.1360080242156982	0.04403851181268692	0.091192826628685	0.1016542688012123	0.1039474979043007	0.07761255651712418	0.04692346975207329	0.137448787689209	0.09050147235393524	0.03706143796443939	0.09695339202880859	0.1282832473516464	0.09086382389068604	0.1080525666475296	0.1628491580486298	0.08130290359258652	0.1927944868803024	0.1047019809484482	0	0.02693515829741955	0.1187768951058388	0.006812435574829578	0.0544157437980175	0.0676722377538681	0.01363001950085163	0.07044097781181335	0.09706266969442368	0.08441922813653946	0.02996713854372501	0.08321242034435272	0.1394003927707672	0.1153357475996017	0.06765603274106979	0.06717293709516525	0.1142577528953552	0.0309233907610178	0.02348598651587963	0.131333202123642	0.06052777171134949	0.05345875769853592	0.1580742299556732	0.07082086056470871	0.04765469953417778	0.06725923717021942	0.05098118633031845	0.05107365921139717	0.04081877693533897	0.07449442893266678	0.1655783206224442	0.2440824806690216	0.1911671012639999	0.2013423591852188	0.1737200915813446	0.264830470085144	0.2480413466691971	0.1930601298809052	0.2822384238243103	0.2011561393737793	0.2347511202096939	0.1600772589445114	0.2321552336215973	0.1628523319959641	0.1649433225393295	0.3002924919128418	0.2013511657714844	0.2732228934764862	0.2111357897520065	0.2119165658950806	0.1956911087036133	0.2645005285739899	0.180023655295372	0.1903182864189148	0.2504446804523468	0.1987265050411224	0.1987037062644958	0.2109500616788864
S2017t3_E11-T3a-Male	0.2474161982536316	0.2466668486595154	0.1850943267345428	0.3423884809017181	0.2570432424545288	0.1423714458942413	0.2389792799949646	0.2562090158462524	0.1927781850099564	0.2329553067684174	0.2644283473491669	0.02751212753355503	0.03337529674172401	0.1005693078041077	0.1977367252111435	0.1174214854836464	0.07369398325681686	0.1546034961938858	0.1487724930047989	0.1708352565765381	0.1512266844511032	0.1539340913295746	0.18173648416996	0.2259270846843719	0.05585450306534767	0.1174372211098671	0.129091739654541	0.1374403089284897	0.1484515964984894	0.152346670627594	0.04657029360532761	0.1637153774499893	0.1637153774499893	0.08380602300167084	0.1581356227397919	0.1781478375196457	0.1736401468515396	0.1419356018304825	0.1475479453802109	0.1413732469081879	0.0371091365814209	0.05295519158244133	0.04697421938180923	0.2136523425579071	0.2162741124629974	0.2188470363616943	0.2460864931344986	0.07771078497171402	0.1214942261576653	0.1759510338306427	0.1732747256755829	0.1484872251749039	0.1622069776058197	0.1760561168193817	0.1336590945720673	0.1449495255947113	0.2057031244039536	0.1283624172210693	0.2177341282367706	0.06273579597473145	0.03700856119394302	0.06240018457174301	0.04654734209179878	0.0405786894261837	0.04337187856435776	0.06445973366498947	0.03654651343822479	0.1845980584621429	0.1736401468515396	0.08077757060527802	0.08649863302707672	0.1923852860927582	0.04024862125515938	0.1205041781067848	0.03023634664714336	0.1314224898815155	0.03692137077450752	0.05855954810976982	0.1386286914348602	0.1716913878917694	0.2208839952945709	0.1382571905851364	0.1328109502792358	0.1357425004243851	0.1541606187820435	0.06489595770835876	0.1570199877023697	0.111635185778141	0.09412942826747894	0.1047346070408821	0.1115410253405571	0.2036643624305725	0.1415321230888367	0.1492262184619904	0.1549700349569321	0.2287095040082932	0.2457665205001831	0.2341245114803314	0.1352986693382263	0.1386498361825943	0.226129874587059	0.2261298596858978	0.1955529600381851	0.1077610775828362	0.1145444810390472	0.1115410253405571	0.1039489209651947	0.1919150501489639	0.18917316198349	0.1078006699681282	0.08727805316448212	0.1778149157762527	0.08817248791456223	0.1784448027610779	0.1638804525136948	0.1582141816616058	0.02374202385544777	0.178365170955658	0.07795778661966324	0.1234292462468147	0.1360614746809006	0.03747616708278656	0.08478720486164093	0.1017098501324654	0.09762707352638245	0.07766943424940109	0.0535547062754631	0.1247168034315109	0.1034694388508797	0.03052031248807907	0.1034131497144699	0.1220221891999245	0.1037424728274345	0.1017245128750801	0.1629009544849396	0.08135974407196045	0.1928442418575287	0.09834121912717819	0.02693515829741955	0	0.1127975657582283	0.02035144902765751	0.0672624483704567	0.06772831082344055	0.0134868212044239	0.08322568982839584	0.0969238206744194	0.08447568118572235	0.02329059131443501	0.1023662239313126	0.1395164430141449	0.1153887733817101	0.06771210581064224	0.06088970974087715	0.1143117919564247	0.03098270483314991	0.0167427584528923	0.1191638112068176	0.06038793548941612	0.04702138900756836	0.16436667740345	0.08387905359268188	0.0475168488919735	0.06731497496366501	0.04462497308850288	0.05113174393773079	0.04087812080979347	0.08757161349058151	0.1596044152975082	0.2322808653116226	0.1854569017887115	0.1954450011253357	0.1676300168037415	0.2474298477172852	0.2423144578933716	0.193108394742012	0.2766982018947601	0.195356473326683	0.2288426458835602	0.154045969247818	0.226218044757843	0.1629025638103485	0.1466045528650284	0.2946800589561462	0.2013992667198181	0.2675022184848785	0.2054402530193329	0.2064164578914642	0.1957390755414963	0.258867084980011	0.1741762161254883	0.1844046413898468	0.2446278631687164	0.1929013878107071	0.1927781850099564	0.2051817625761032
S2017t3_E16-T3b-Female	0.2420438230037689	0.2413818389177322	0.1670047491788864	0.3032913506031036	0.2161357700824738	0.09784072637557983	0.2334890216588974	0.2154147326946259	0.1492083519697189	0.215819239616394	0.2245935648679733	0.1192795038223267	0.1245876774191856	0.1071187928318977	0.192126139998436	0.1111423373222351	0.1731380522251129	0.1486326605081558	0.1429329961538315	0.1535732597112656	0.1339921504259109	0.136790469288826	0.1649138480424881	0.2204973101615906	0.132851853966713	0.1111583113670349	0.1229781284928322	0.1313035935163498	0.1423932313919067	0.1464161574840546	0.1469923555850983	0.1578262448310852	0.1578262448310852	0.1714604496955872	0.1521673649549484	0.1724608987569809	0.1677418500185013	0.1357908993959427	0.1300547420978546	0.1353855729103088	0.1278983056545258	0.1433481872081757	0.1493346095085144	0.2080961912870407	0.2107550948858261	0.2133643180131912	0.2408473491668701	0.1655767261981964	0.2089401483535767	0.1589320003986359	0.1561644077301025	0.1311604976654053	0.1563434302806854	0.170385479927063	0.2194298803806305	0.2291767597198486	0.2000336796045303	0.2154984027147293	0.2121884077787399	0.1498526483774185	0.1161813586950302	0.1386475414037704	0.1246160045266151	0.1306097805500031	0.133033499121666	0.1541015654802322	0.1394455283880234	0.1788556724786758	0.1677418500185013	0.1688378751277924	0.17573182284832	0.1867524385452271	0.1303233951330185	0.1142689734697342	0.1330924034118652	0.125199556350708	0.1394489705562592	0.1489965915679932	0.2259409874677658	0.2581285238265991	0.2152630537748337	0.2252976149320602	0.2209405601024628	0.2234599143266678	0.2528713941574097	0.1547842025756836	0.2552717328071594	0.2118192613124847	0.195502445101738	0.1940863877534866	0.2005965113639832	0.1980159133672714	0.2284376323223114	0.236077606678009	0.2410134524106979	0.2232012897729874	0.2403252124786377	0.2286179065704346	0.2227529436349869	0.2259591519832611	0.2205846160650253	0.2205846309661865	0.1897690296173096	0.1966925859451294	0.203181654214859	0.2005965113639832	0.2045107334852219	0.1861051023006439	0.1833235770463943	0.1967282295227051	0.1768065541982651	0.1719238758087158	0.1785362064838409	0.1606903225183487	0.2503773868083954	0.2455191910266876	0.1163194999098778	0.1724577993154526	0.1687676012516022	0.1171904280781746	0.1298073679208755	0.130053848028183	0.1752987653017044	0.1914824098348618	0.1869986951351166	0.1681971997022629	0.1439614444971085	0.131343200802803	0.1925849467515945	0.1228026449680328	0.09703195095062256	0.115688145160675	0.09734204411506653	0.09524402767419815	0.1568411290645599	0.1720210015773773	0.1870211362838745	0.1882608979940414	0.1187768951058388	0.1127975657582283	0	0.1130732819437981	0.1050597354769707	0.105764165520668	0.1188595592975616	0.1841640174388885	0.103498637676239	0.1747071892023087	0.1268500536680222	0.1898355185985565	0.1454654037952423	0.05452238023281097	0.1057482287287712	0.09891276061534882	0.2023378163576126	0.1228941380977631	0.1212851405143738	0.1507816463708878	0.1624533236026764	0.0971536710858345	0.1583789139986038	0.1735551357269287	0.09811976552009583	0.1051093190908432	0.08303342759609222	0.142172247171402	0.1333072483539581	0.1773768961429596	0.115552581846714	0.2327476441860199	0.1434934884309769	0.1520978510379791	0.1616452932357788	0.2539773881435394	0.2004228979349136	0.150138720870018	0.2363363355398178	0.1527495980262756	0.2232792675495148	0.1095388829708099	0.2206165939569473	0.1189433187246323	0.1150738596916199	0.2896626591682434	0.1583656966686249	0.2622732222080231	0.1520741432905197	0.1661111116409302	0.152986079454422	0.2177395969629288	0.1311345994472504	0.1408958435058594	0.2392154484987259	0.1500930935144424	0.1492083519697189	0.162846103310585
S2017t3_E16-T3b-Male	0.2481681406497955	0.2474033832550049	0.1856257319450378	0.3434540629386902	0.2578076124191284	0.1427543163299561	0.239709734916687	0.2569681107997894	0.1933377385139465	0.2336388677358627	0.2652010321617126	0.02750487998127937	0.0465724915266037	0.11366818100214	0.1983053535223007	0.1177235990762711	0.08662383258342743	0.1550304293632507	0.1491678804159164	0.1653224676847458	0.1516290456056595	0.1543440818786621	0.18223936855793	0.2265931069850922	0.05594245716929436	0.1177393943071365	0.1294294744729996	0.1378113180398941	0.1488604992628098	0.1404823213815689	0.05954470112919807	0.1641721278429031	0.1641721129417419	0.08398937433958054	0.1585762798786163	0.1786449700593948	0.1741373091936111	0.1360604763031006	0.1479428261518478	0.1417501866817474	0.03058113716542721	0.06609072536230087	0.0602124035358429	0.2142812609672546	0.2169098705053329	0.2194894254207611	0.2468140572309494	0.07787345349788666	0.1218103617429733	0.1764382570981979	0.173754557967186	0.1488817930221558	0.1626557856798172	0.1765436232089996	0.1340120881795883	0.1453357338905334	0.2063109427690506	0.1287021040916443	0.2183791548013687	0.06284599751234055	0.03703386336565018	0.06250929832458496	0.04660464450716972	0.04061605036258698	0.04341859742999077	0.06457926332950592	0.04335423558950424	0.1851259469985962	0.1741373091936111	0.08095124363899231	0.08669500052928925	0.1929343640804291	0.04028485342860222	0.1208158135414124	0.04348670318722725	0.1317752599716187	0.03714501112699509	0.05865946784615517	0.1390064805746078	0.1721870750188828	0.2215513288974762	0.1386324018239975	0.133171021938324	0.1361115276813507	0.1672632694244385	0.06501737982034683	0.1700687855482101	0.1247937008738518	0.1073913350701332	0.1049967333674431	0.1118268817663193	0.1921586543321609	0.1293100118637085	0.1370419859886169	0.1429276317358017	0.2293971329927444	0.2465206533670425	0.234835609793663	0.1356649100780487	0.1390276700258255	0.2268108427524567	0.2268108576536179	0.1961299628019333	0.1080328300595284	0.1148398146033287	0.1118268817663193	0.09800577163696289	0.1739272028207779	0.1835802346467972	0.08865397423505783	0.07445620745420456	0.1783284395933151	0.08186130970716476	0.1789624691009521	0.1581325083971024	0.1523878127336502	0.02372161112725735	0.1601906269788742	0.07812704145908356	0.1110634729266167	0.1300817728042603	0.0375036932528019	0.08498035371303558	0.09549237787723541	0.0978635773062706	0.07130736112594604	0.04047425091266632	0.1316133886575699	0.08426308631896973	0.03052346780896187	0.09084279090166092	0.1223445907235146	0.08467024564743042	0.1019760817289352	0.1571070104837418	0.07500141859054565	0.1872766315937042	0.09858185052871704	0.006812435574829578	0.02035144902765751	0.1130732819437981	0	0.04811262339353561	0.06145748496055603	0.006911103613674641	0.07718385010957718	0.09095353633165359	0.07816055417060852	0.02346969395875931	0.08991124480962753	0.1338320374488831	0.1094582825899124	0.06144116446375847	0.06099576875567436	0.1082680076360703	0.02434788085520267	0.01690112240612507	0.1256166696548462	0.05419274419546127	0.04727319628000259	0.1523384302854538	0.06446918845176697	0.0413491502404213	0.06108323112130165	0.04467605426907539	0.04463487863540649	0.03423959761857986	0.0681462362408638	0.16004578769207	0.2389501184225082	0.1859697252511978	0.1960118114948273	0.1681099236011505	0.2599568665027618	0.2430390566587448	0.1877103596925735	0.2775284945964813	0.1959135234355927	0.229537770152092	0.154471293091774	0.2269063740968704	0.1572834551334381	0.1594255864620209	0.2955919802188873	0.1960207372903824	0.2683234810829163	0.2060237973928452	0.2069832682609558	0.1903763115406036	0.2596425414085388	0.1746604442596436	0.1849320083856583	0.24537293612957	0.193451851606369	0.1933377385139465	0.2057718336582184
S2017t3_E17-T3a-Female	0.2885996997356415	0.2871802449226379	0.2273796200752258	0.3807599544525146	0.2969362735748291	0.185412660241127	0.2578355371952057	0.2959956526756287	0.23501817882061	0.2734296321868896	0.3033393323421478	0.07404191792011261	0.09170366078615189	0.1573809236288071	0.2392944842576981	0.1616263389587402	0.1302286237478256	0.1976004242897034	0.1907092332839966	0.2071090787649155	0.1929879933595657	0.1955022066831589	0.22275210916996	0.2669316828250885	0.1003898233175278	0.161640927195549	0.1724464297294617	0.1449242532253265	0.1919031590223312	0.183335155248642	0.1037303954362869	0.2063708603382111	0.2063708305358887	0.1280957013368607	0.2012037932872772	0.2197435051202774	0.216615229845047	0.1432579606771469	0.1898867636919022	0.1841584891080856	0.07689005881547928	0.07367105782032013	0.06788807362318039	0.2552428245544434	0.257666289806366	0.2600449621677399	0.2528850436210632	0.1221222877502441	0.1655955761671066	0.2173858880996704	0.2149040699005127	0.1904443651437759	0.2046447694301605	0.2174833565950394	0.1768731027841568	0.1873467862606049	0.2478974163532257	0.1722894012928009	0.2593604624271393	0.1067925170063972	0.08286593109369278	0.1064801886677742	0.09173347055912018	0.08618433028459549	0.08878099173307419	0.1098145619034767	0.08902037143707275	0.2267536073923111	0.216615229845047	0.1252826899290085	0.1315958499908447	0.23396235704422	0.08587748557329178	0.1644837856292725	0.08884408324956894	0.1389877051115036	0.08296970278024673	0.1043371334671974	0.1461601108312607	0.1791112571954727	0.2280626446008682	0.1457646042108536	0.1404215395450592	0.1433131545782089	0.1741812378168106	0.1103769838809967	0.1769404113292694	0.1685137897729874	0.1147818863391876	0.1124828979372978	0.1192559376358986	0.2341564148664474	0.1365684866905212	0.1442601531744003	0.1500480473041534	0.2357783913612366	0.2528229355812073	0.2412142604589462	0.1428461223840714	0.1461809575557709	0.2332348227500916	0.2332348376512527	0.2028312385082245	0.1154685094952583	0.1222187504172325	0.1192559376358986	0.1055240854620934	0.1808834820985794	0.1904319524765015	0.09632832556962967	0.1201667860150337	0.1851547211408615	0.1276668608188629	0.2216214686632156	0.1651741564273834	0.159525454044342	0.07069855928421021	0.1672625839710236	0.1238862350583076	0.1184490919113159	0.1374072581529617	0.04558148235082626	0.130547046661377	0.1031091287732124	0.105384074151516	0.117257297039032	0.04844634979963303	0.1388267576694489	0.0919743999838829	0.07731006294488907	0.1357979327440262	0.1296855062246323	0.1300948560237885	0.1469161957502365	0.2007919251918793	0.1210002899169922	0.1940973103046417	0.1061470359563828	0.0544157437980175	0.0672624483704567	0.1050597354769707	0.04811262339353561	0	0.01361622381955385	0.0545070581138134	0.1223640143871307	0.1359002888202667	0.1239180043339729	0.06983787566423416	0.1344538927078247	0.1013735309243202	0.06275182962417603	0.0135995801538229	0.01346643269062042	0.1156721562147141	0.07127805799245834	0.06375463306903839	0.07968571037054062	0.06202376261353493	0.03918223828077316	0.1958693116903305	0.1106115207076073	0.03315150737762451	0.0135601693764329	0.03645022213459015	0.05259404703974724	0.04237217828631401	0.1143383160233498	0.2022332400083542	0.2799205482006073	0.2262039184570312	0.2374844998121262	0.2110574096441269	0.2773058414459229	0.2830918729305267	0.229139119386673	0.2944497466087341	0.2367137372493744	0.2709065675735474	0.1970840394496918	0.2684863805770874	0.199681431055069	0.2014889270067215	0.3345769047737122	0.2374927401542664	0.2743798792362213	0.2460550963878632	0.2456637769937515	0.231600359082222	0.2989671230316162	0.2158991992473602	0.2265746146440506	0.2860283851623535	0.2344402372837067	0.23501817882061	0.2463053166866302
S2017t3_E17-T3a-Male	0.2791406512260437	0.2778627574443817	0.2172079980373383	0.3726333677768707	0.2878322899341583	0.1866358816623688	0.2477296441793442	0.2869086265563965	0.224913164973259	0.2640189826488495	0.2945038378238678	0.07455071061849594	0.0923168957233429	0.1584286391735077	0.2408613413572311	0.1627091765403748	0.1310823261737823	0.1989103555679321	0.1919387429952621	0.2084646821022034	0.1942284256219864	0.1967546194791794	0.2241796851158142	0.2573508024215698	0.1010527536273003	0.1627238541841507	0.1735853999853134	0.1459168493747711	0.1931849867105484	0.1962869167327881	0.1044121831655502	0.195958599448204	0.195958599448204	0.1167309805750847	0.1906546205282211	0.2096814215183258	0.2062003612518311	0.131559282541275	0.1794346421957016	0.1735570281744003	0.07741600275039673	0.07417761534452438	0.06835942715406418	0.2569295763969421	0.2593632936477661	0.2617519199848175	0.2545617520809174	0.1229315921664238	0.166704386472702	0.218789204955101	0.2162960171699524	0.1916725933551788	0.2059886753559113	0.2188870906829834	0.1780399680137634	0.1885656714439392	0.2495525032281876	0.1613233238458633	0.2495793104171753	0.1074914187192917	0.08342745155096054	0.107177346944809	0.09234686940908432	0.08676540851593018	0.08937723934650421	0.1105546578764915	0.08962218463420868	0.2166082710027695	0.2062003612518311	0.1138440370559692	0.1200506538152695	0.2240065634250641	0.08645676076412201	0.1655816584825516	0.08944071084260941	0.1399471610784531	0.09596266597509384	0.1050457134842873	0.1471681594848633	0.1678566336631775	0.2296342551708221	0.1467665135860443	0.1413974016904831	0.1443052887916565	0.162937119603157	0.1111230403184891	0.1657718122005463	0.1696422398090363	0.1155752837657928	0.1132688596844673	0.1071806624531746	0.2472826987504959	0.150048092007637	0.1577850133180618	0.1634814590215683	0.2373861223459244	0.2425791323184967	0.2428696602582932	0.1438317894935608	0.1471891403198242	0.2348307967185974	0.2348308116197586	0.1919390857219696	0.1162720248103142	0.1102251335978508	0.1071806624531746	0.1062199175357819	0.1821039021015167	0.1792949289083481	0.09696821868419647	0.1334235668182373	0.186425969004631	0.1158682405948639	0.2111951857805252	0.1537286043167114	0.1479234099388123	0.05825483426451683	0.1808787882328033	0.1247353032231331	0.13188336789608	0.1254998743534088	0.04591377452015877	0.1188267394900322	0.103836290538311	0.106119267642498	0.1180620491504669	0.06188061460852623	0.1397850513458252	0.09258440881967545	0.06495502591133118	0.1489678174257278	0.1305883675813675	0.1433516442775726	0.147915855050087	0.2021595984697342	0.1091115102171898	0.1830106973648071	0.09385024756193161	0.0676722377538681	0.06772831082344055	0.105764165520668	0.06145748496055603	0.01361622381955385	0	0.06776227056980133	0.1354889124631882	0.1490685939788818	0.1121085584163666	0.08287816494703293	0.1474954187870026	0.1144959256052971	0.06320123374462128	0.01371411792933941	0.01357929222285748	0.1036378219723701	0.05884996056556702	0.07688020169734955	0.08024509996175766	0.07541167736053467	0.05226495489478111	0.1971574872732162	0.1239121854305267	0.03335214778780937	0.01367365382611752	0.0367148332297802	0.03965737670660019	0.02915290370583534	0.115086518228054	0.2035655975341797	0.2702785432338715	0.2276468127965927	0.227444976568222	0.2004932016134262	0.2677296102046967	0.2736836075782776	0.2190567404031754	0.285195380449295	0.226829782128334	0.2611112296581268	0.1983914226293564	0.2586254775524139	0.2010014653205872	0.202811986207962	0.3257595300674438	0.2274533957242966	0.2645362913608551	0.2364130914211273	0.2471894919872284	0.2215826362371445	0.2898316383361816	0.2173013836145401	0.2164245545864105	0.2765003442764282	0.2244969457387924	0.224913164973259	0.236545667052269
S2017t3_E30-T3b-Female	0.253275454044342	0.2524286508560181	0.1911028772592545	0.3478556275367737	0.2627167105674744	0.148482471704483	0.2449287325143814	0.2618668675422668	0.198781430721283	0.2387090921401978	0.2699605226516724	0.03410980477929115	0.03986839577555656	0.1068996042013168	0.2036417871713638	0.1236970722675323	0.07998824119567871	0.1607101410627365	0.1547244936227798	0.1708651185035706	0.1571536809206009	0.1598335057497025	0.1875603049993515	0.2317566573619843	0.06216797977685928	0.1237126588821411	0.1352459937334061	0.1436487883329391	0.1546231508255005	0.1462438553571701	0.05293181911110878	0.1697740256786346	0.1697740256786346	0.0900883823633194	0.1642531901597977	0.1840551793575287	0.1797468513250351	0.1419674009084702	0.1535579860210419	0.1474469751119614	0.0371444895863533	0.05938491970300674	0.05346439033746719	0.2195648550987244	0.2221582978963852	0.2247034460306168	0.2517962455749512	0.08400982618331909	0.1277555078268051	0.1818346977233887	0.1791861057281494	0.1544421464204788	0.168233796954155	0.1819386929273605	0.1397937387228012	0.1509676426649094	0.2117019593715668	0.1345995515584946	0.223652571439743	0.06898109614849091	0.04351041465997696	0.0686488002538681	0.05295353010296822	0.04704466834664345	0.04980983957648277	0.07089323550462723	0.03658191859722137	0.1905876696109772	0.1797468513250351	0.08709064126014709	0.09289845079183578	0.1982922852039337	0.04671789705753326	0.1267476230859756	0.03676090389490128	0.1376944482326508	0.03037449717521667	0.06505335122346878	0.1448773890733719	0.1778697520494461	0.2268951535224915	0.1444856971502304	0.1391215175390244	0.1420218497514725	0.1603986024856567	0.07134784013032913	0.1632272452116013	0.1179750040173531	0.1005497947335243	0.111140638589859	0.1179239153862	0.1976483315229416	0.1352669894695282	0.1429659277200699	0.1487712860107422	0.234634131193161	0.2516928911209106	0.2400705218315125	0.1415584683418274	0.144898310303688	0.2320829480886459	0.2320829629898071	0.2016296684741974	0.1141352578997612	0.1208956763148308	0.1179239153862	0.0911179855465889	0.1796362698078156	0.1892034858465195	0.09495237469673157	0.08080959320068359	0.1839306801557541	0.08820666372776031	0.1845815777778625	0.1639115959405899	0.1582457274198532	0.03040089830756187	0.1659946292638779	0.08447669446468353	0.1171247959136963	0.136093869805336	0.04413316398859024	0.09128281474113464	0.1017435193061829	0.1040356084704399	0.07770387828350067	0.04701688513159752	0.1247494146227837	0.09059183299541473	0.03715614601969719	0.09704190492630005	0.1283692568540573	0.09095353633165359	0.1081405729055405	0.1629323363304138	0.08139417320489883	0.192874401807785	0.1047906205058098	0.01363001950085163	0.0134868212044239	0.1188595592975616	0.006911103613674641	0.0545070581138134	0.06776227056980133	0	0.07034262269735336	0.08408903330564499	0.08450987935066223	0.01667382568120956	0.09605492651462555	0.1394810676574707	0.1154208928346634	0.06774605810642242	0.0672624260187149	0.114344522356987	0.03101863339543343	0.01005954016000032	0.1314160376787186	0.04735120758414268	0.04064297676086426	0.1581573188304901	0.07091285288333893	0.03463151305913925	0.06734871864318848	0.05107252299785614	0.05116691812872887	0.04091406613588333	0.07458636909723282	0.1656584888696671	0.2441568523645401	0.1912424117326736	0.2014196068048477	0.1738013327121735	0.253231018781662	0.2481138408184052	0.1931376308202744	0.2823066413402557	0.2012321054935455	0.2348265945911407	0.1601585000753403	0.2322312593460083	0.1629329919815063	0.1527216136455536	0.3003605902194977	0.2014283835887909	0.2732938826084137	0.2112098932266235	0.2119880616664886	0.1957681179046631	0.2645708620548248	0.1801013648509979	0.190396323800087	0.2505181431770325	0.1988029330968857	0.198781430721283	0.2110250890254974
S2017t3F_E11-T3b-Female	0.2141669094562531	0.2139781713485718	0.2576944828033447	0.3141714334487915	0.2190749645233154	0.2092293351888657	0.1985336691141129	0.2244054675102234	0.265521228313446	0.1999308466911316	0.3333684802055359	0.1029105111956596	0.1077335774898529	0.1747470647096634	0.1628163009881973	0.1913973093032837	0.1467771083116531	0.2275636047124863	0.2140652388334274	0.2368188351392746	0.2163094580173492	0.2187854051589966	0.2520396411418915	0.1922485083341599	0.1287185251712799	0.1854216158390045	0.2019498199224472	0.2111513316631317	0.2220169901847839	0.2130565196275711	0.1136728450655937	0.2363460063934326	0.2247338742017746	0.1449491828680038	0.231318011879921	0.249355360865593	0.2471057325601578	0.2101452201604843	0.2191836833953857	0.2136012762784958	0.09942732751369476	0.1209314838051796	0.1154349073767662	0.1791249513626099	0.1819935888051987	0.1848079264163971	0.2013677209615707	0.1509487628936768	0.08223842829465866	0.2411982119083405	0.2444042563438416	0.2194958031177521	0.2344204187393188	0.2412940412759781	0.09555625915527344	0.09489966928958893	0.1704215109348297	0.08944810926914215	0.1832846105098724	0.1229923516511917	0.1115555688738823	0.1346817463636398	0.1202414184808731	0.1148061975836754	0.1173496320843697	0.1327656209468842	0.1051634103059769	0.251243382692337	0.2471057325601578	0.136029839515686	0.1611206084489822	0.2583242952823639	0.1083227172493935	0.1941844075918198	0.09863873571157455	0.2057210952043533	0.09899939596652985	0.1335522681474686	0.09991389513015747	0.1343346536159515	0.185956135392189	0.09294828027486801	0.09353453665971756	0.08997508138418198	0.1159383431077003	0.1395683735609055	0.1123788878321648	0.06475768238306046	0.0461592860519886	0.06407196819782257	0.07121444493532181	0.1556113362312317	0.08963748067617416	0.09758253395557404	0.1040167137980461	0.1881506741046906	0.2056814730167389	0.1935648173093796	0.08966992050409317	0.09319784492254257	0.1852921396493912	0.1852921396493912	0.152951568365097	0.06051250919699669	0.06765498965978622	0.07121444493532181	0.04281838238239288	0.1358852386474609	0.1394713073968887	0.04668503999710083	0.02510669082403183	0.1410249918699265	0.03957956284284592	0.1415395140647888	0.1196379587054253	0.1133539229631424	0.09973864257335663	0.1215160712599754	0.03582416474819183	0.1793142855167389	0.2050603330135345	0.113796092569828	0.04299196600914001	0.05383835360407829	0.05675873532891273	0.02869235351681709	0.109674409031868	0.1933642327785492	0.1600183993577957	0.1064254716038704	0.1593647748231888	0.1969529688358307	0.1599130630493164	0.1769274771213531	0.1182904541492462	0.03240376338362694	0.1433511525392532	0.05721760541200638	0.07044097781181335	0.08322568982839584	0.1841640174388885	0.07718385010957718	0.1223640143871307	0.1354889124631882	0.07034262269735336	0	0.1469163447618484	0.02881895005702972	0.07932565361261368	0.02832713536918163	0.0963028222322464	0.176505982875824	0.1354728639125824	0.1345555037260056	0.06095929443836212	0.1003064662218094	0.07960092276334763	0.08705605566501617	0.1165188327431679	0.1016219407320023	0.1135786920785904	0.0215400904417038	0.1026838794350624	0.1346347779035568	0.1187427639961243	0.1202531754970551	0.1108429878950119	0.02523289062082767	0.2320732623338699	0.1978823840618134	0.2553973495960236	0.2679158449172974	0.2358189821243286	0.208285853266716	0.3139356970787048	0.2592767179012299	0.2457626909017563	0.2666356563568115	0.1878585964441299	0.2270608842372894	0.1914306730031967	0.2295893132686615	0.2136388123035431	0.2577402293682098	0.2679238021373749	0.2352337837219238	0.2701981663703918	0.2743207812309265	0.2616679966449738	0.226867213845253	0.2398337572813034	0.2567847669124603	0.2111126482486725	0.2644270956516266	0.265521228313446	0.2707550525665283
S2017t3F_E13-T3a-Female	0.1971827000379562	0.1973011195659637	0.1309894919395447	0.2995573282241821	0.2026161551475525	0.07885336875915527	0.1809519082307816	0.2081725299358368	0.1390213072299957	0.1767833828926086	0.2178539484739304	0.1102852001786232	0.1150451749563217	0.04007230326533318	0.1451132744550705	0.05115984007716179	0.1542687565088272	0.09837587177753448	0.08065879344940186	0.1100847721099854	0.09008441120386124	0.08665398508310318	0.1228774338960648	0.1751129031181335	0.1360468864440918	0.05114062875509262	0.06463485211133957	0.07268163561820984	0.0845196321606636	0.07623914629220963	0.120947502553463	0.108305536210537	0.1083055436611176	0.1705352663993835	0.1019338071346283	0.124758742749691	0.1181390359997749	0.07706370204687119	0.09201331436634064	0.0849776566028595	0.1067801862955093	0.1344837844371796	0.1228699311614037	0.1550474762916565	0.1645682752132416	0.1610423773527145	0.1971758157014847	0.1584890931844711	0.2033744007349014	0.1161914691329002	0.1196634098887444	0.09353324770927429	0.1070528253912926	0.1163123399019241	0.2201343327760696	0.230199471116066	0.1524942517280579	0.2160769253969193	0.1657624542713165	0.1423031389713287	0.1250720322132111	0.1419979929924011	0.1336537599563599	0.128283753991127	0.1246996149420738	0.1403179913759232	0.1125320717692375	0.1240066811442375	0.1181390359997749	0.1618129163980484	0.1749359667301178	0.1329876631498337	0.1156612411141396	0.06162988767027855	0.1059379279613495	0.07266893982887268	0.1063250973820686	0.1472754031419754	0.2209843844175339	0.2602063119411469	0.1681629419326782	0.2203018218278885	0.2217175960540771	0.2183597832918167	0.2428521662950516	0.1532681435346603	0.2394943535327911	0.188107505440712	0.1770262122154236	0.1939241290092468	0.2006619423627853	0.1306652128696442	0.2116609066724777	0.2255362570285797	0.2307474166154861	0.1639382392168045	0.1882565021514893	0.1759379357099533	0.2116900831460953	0.2150299400091171	0.1609194576740265	0.1609194725751877	0.1344369500875473	0.1905663162469864	0.1973041296005249	0.2006619423627853	0.1681743562221527	0.116860069334507	0.120525099337101	0.1784011870622635	0.1576079875230789	0.115618921816349	0.1717009395360947	0.12283656001091	0.2404640465974808	0.2412677854299545	0.1071459725499153	0.1021745577454567	0.1677162796258926	0.03639411181211472	0.06998568773269653	0.1276438385248184	0.1744766235351562	0.1851465404033661	0.1805334389209747	0.160987451672554	0.1171485185623169	0.05826456099748611	0.1740700453519821	0.1138776242733002	0.01464090123772621	0.0621538944542408	0.01471352856606245	0.04038848727941513	0.09887790679931641	0.1649343967437744	0.1244903728365898	0.1878936737775803	0.09706266969442368	0.0969238206744194	0.103498637676239	0.09095353633165359	0.1359002888202667	0.1490685939788818	0.08408903330564499	0.1469163447618484	0	0.1615540385246277	0.08657156676054001	0.165487602353096	0.2123021930456161	0.09289489686489105	0.1490524858236313	0.1420099437236786	0.1904712915420532	0.1140078008174896	0.08687291294336319	0.2112866044044495	0.1240388825535774	0.1088369265198708	0.08728376030921936	0.1542426347732544	0.1161550134420395	0.1481221914291382	0.132222980260849	0.1340216845273972	0.1247272342443466	0.1581725031137466	0.1040840595960617	0.1803499907255173	0.1335169076919556	0.1420669555664062	0.1043933108448982	0.1848490387201309	0.1924287080764771	0.1335979402065277	0.2299237102270126	0.1429241746664047	0.1700426340103149	0.09773919731378555	0.173693060874939	0.1009406968951225	0.08317621797323227	0.2416999191045761	0.1420771032571793	0.2187049090862274	0.1480154097080231	0.1572861671447754	0.1366302520036697	0.2105177491903305	0.1138969287276268	0.1304363459348679	0.1939947307109833	0.1401268094778061	0.1390213072299957	0.1469567567110062
S2017t3F_E13-T3b-Female	0.1912789940834045	0.1915072053670883	0.2375950515270233	0.2944795191287994	0.1968991011381149	0.2000129520893097	0.1748378574848175	0.2025350332260132	0.2455650269985199	0.177285298705101	0.3159955143928528	0.09140534698963165	0.1092790886759758	0.1772043853998184	0.1521051377058029	0.1817263513803482	0.1488190144300461	0.2186924964189529	0.2051552534103394	0.2282405346632004	0.2074694037437439	0.2100221961736679	0.243932843208313	0.1691596806049347	0.1180615201592445	0.1755963712930679	0.1926191747188568	0.2018817365169525	0.2129681706428528	0.2158183604478836	0.1152801737189293	0.2157415151596069	0.2157415151596069	0.1344108730554581	0.2104375809431076	0.2294560670852661	0.2265137881040573	0.188397079706192	0.1984743475914001	0.1925907582044601	0.08784892410039902	0.1226581111550331	0.1170988902449608	0.1686459630727768	0.171613410115242	0.1745241582393646	0.2041249871253967	0.1406374573707581	0.06958923488855362	0.2327932268381119	0.2360625118017197	0.2107181996107101	0.2257667183876038	0.2328920364379883	0.08337816596031189	0.09615157544612885	0.1596402078866959	0.06303158402442932	0.1596729904413223	0.1245318204164505	0.1003380045294762	0.1242162510752678	0.1093092411756516	0.1036958619952202	0.1063228398561478	0.1219003200531006	0.1066902950406075	0.2309717983007431	0.2265137881040573	0.1252399682998657	0.1381769329309464	0.2384393811225891	0.09704050421714783	0.1846038997173309	0.1000730916857719	0.1962752938270569	0.1130699962377548	0.1226707249879837	0.08755134046077728	0.1088338792324066	0.1753921210765839	0.0804351419210434	0.08094245195388794	0.07730488479137421	0.1040039509534836	0.1288440972566605	0.1003667041659355	0.0658176988363266	0.04695435985922813	0.05083335563540459	0.0438542515039444	0.1577626764774323	0.09084723144769669	0.09891232848167419	0.105429895222187	0.1777104288339615	0.1821969896554947	0.1831677705049515	0.07703889906406403	0.08064395934343338	0.1747518330812454	0.1747518479824066	0.1279991716146469	0.04719579219818115	0.0401899442076683	0.0438542515039444	0.04352338239550591	0.1240944489836693	0.1139358803629875	0.03292050585150719	0.02538212016224861	0.129559263586998	0.01107992883771658	0.1163339018821716	0.09370458871126175	0.08704348653554916	0.0749344527721405	0.1232065185904503	0.02191546559333801	0.1816733777523041	0.1829315572977066	0.102351576089859	0.01469747349619865	0.0402771420776844	0.04340812936425209	0.01462686434388161	0.1110841780900955	0.1961089670658112	0.1494536995887756	0.08180579543113708	0.1614518910646439	0.1872608661651611	0.1620147228240967	0.1668227761983871	0.1061538681387901	0.00369119131937623	0.1179308593273163	0.02934370003640652	0.08441922813653946	0.08447568118572235	0.1747071892023087	0.07816055417060852	0.1239180043339729	0.1121085584163666	0.08450987935066223	0.02881895005702972	0.1615540385246277	0	0.09336428344249725	0.04269242659211159	0.09754426032304764	0.1666111797094345	0.1247509121894836	0.1238859593868256	0.03341687470674515	0.07553399354219437	0.09368836134672165	0.074784055352211	0.1308542788028717	0.1154640689492226	0.101383201777935	0.0217633955180645	0.1041259989142418	0.1239678412675858	0.1077201962471008	0.09602992981672287	0.08609145879745483	0.01099368184804916	0.2233453840017319	0.1742537617683411	0.247392937541008	0.2480912655591965	0.2146918028593063	0.1985504329204559	0.2954193651676178	0.2393538951873779	0.224422499537468	0.247112050652504	0.1638471782207489	0.2181737422943115	0.1675248444080353	0.2207827121019363	0.2165978699922562	0.2361243367195129	0.248099684715271	0.2129594683647156	0.2509531378746033	0.2668817937374115	0.2418753802776337	0.2048381865024567	0.2313500642776489	0.2367259114980698	0.1880438774824142	0.2447840571403503	0.2455650269985199	0.251276820898056
S2017t3F_E14-T3a-Female	0.2598218321800232	0.2588757872581482	0.1983953863382339	0.35308837890625	0.2633880376815796	0.1502727419137955	0.2458030730485916	0.2681130170822144	0.2059980034828186	0.233964130282402	0.2759967148303986	0.03709542378783226	0.04275951907038689	0.1153427064418793	0.2106985300779343	0.1257882863283157	0.08246153593063354	0.1683945506811142	0.1505554020404816	0.1841572225093842	0.1588164865970612	0.155657097697258	0.1889641731977463	0.2384704351425171	0.06479761749505997	0.1257706433534622	0.1371973156929016	0.1455428600311279	0.1564088016748428	0.1480939090251923	0.04936705529689789	0.1773186475038528	0.1773186475038528	0.09861256182193756	0.1719195246696472	0.1912893354892731	0.1872602999210358	0.1561236977577209	0.1611852198839188	0.1552071869373322	0.04005632549524307	0.0620519295334816	0.04982375353574753	0.2207011729478836	0.2290224432945251	0.2257822304964066	0.2581919729709625	0.08645106852054596	0.1298063844442368	0.1832721531391144	0.186468094587326	0.1619928330183029	0.1757530719041824	0.1833749562501907	0.1476975828409195	0.1586274057626724	0.2187947928905487	0.1426793038845062	0.2305422276258469	0.07152669876813889	0.05272690951824188	0.0711984857916832	0.06195830553770065	0.0561816468834877	0.05259429290890694	0.06713690608739853	0.04595252498984337	0.1919721961021423	0.1872602999210358	0.08947789669036865	0.1015550419688225	0.1995892226696014	0.04314544424414635	0.1349045634269714	0.03324171528220177	0.1457910388708115	0.03338778391480446	0.07407645136117935	0.1406127065420151	0.1854871213436127	0.2338604331016541	0.1463456004858017	0.1472542583942413	0.1439187824726105	0.1682483553886414	0.08025998622179031	0.1649128794670105	0.1138676330447197	0.1028600111603737	0.1196455806493759	0.1263386309146881	0.1990138590335846	0.1372644752264023	0.1510475724935532	0.156722217798233	0.2238834053277969	0.2524996399879456	0.2409903556108475	0.1310824155807495	0.1344111263751984	0.2213050127029419	0.2213050276041031	0.202932596206665	0.1163100898265839	0.1230031400918961	0.1263386309146881	0.09991843998432159	0.1933148801326752	0.1966626048088074	0.1100429892539978	0.08332487940788269	0.1854372024536133	0.1034097447991371	0.19208724796772	0.1656174063682556	0.1722810119390488	0.02688694559037685	0.1799006909132004	0.09336574375629425	0.106730230152607	0.1504984945058823	0.05356058850884438	0.1000810340046883	0.1167208924889565	0.1000296697020531	0.09303079545497894	0.03685612231492996	0.1392453014850616	0.1057551428675652	0.04013300314545631	0.09307380020618439	0.1366448700428009	0.09972681105136871	0.1166852340102196	0.1768894642591476	0.09671085327863693	0.2002846002578735	0.1134085729718208	0.02996713854372501	0.02329059131443501	0.1268500536680222	0.02346969395875931	0.06983787566423416	0.08287816494703293	0.01667382568120956	0.07932565361261368	0.08657156676054001	0.09336428344249725	0	0.07949205487966537	0.1413459330797195	0.1236308440566063	0.08286222815513611	0.06987375020980835	0.1227124035358429	0.04700538888573647	0.006681496743112803	0.1393763422966003	0.04371186345815659	0.03078271448612213	0.1599321514368057	0.08635272830724716	0.05028460919857025	0.08237268030643463	0.06015026941895485	0.06682126969099045	0.05690570548176765	0.09001655876636505	0.1732340902090073	0.2450359463691711	0.1982673406600952	0.2085783034563065	0.1753815710544586	0.2425296306610107	0.2546426057815552	0.2061512321233749	0.2883101105690002	0.2082757651805878	0.2358019351959229	0.1678550690412521	0.2391484826803207	0.1764785498380661	0.1544762849807739	0.3006762862205505	0.2143930047750473	0.2795767486095428	0.2123631834983826	0.2185810059309006	0.2086976617574692	0.2708418071269989	0.1815640926361084	0.1976751238107681	0.2571248710155487	0.2058990001678467	0.2059980034828186	0.2121946066617966
S2017t3F_E14-T3b-Female	0.2077514827251434	0.2076775282621384	0.2518695592880249	0.3082087934017181	0.2128338217735291	0.2032567858695984	0.1919652074575424	0.2182260155677795	0.2597036361694336	0.181196391582489	0.3280079066753387	0.0965154767036438	0.1139996200799942	0.1867868602275848	0.1626960337162018	0.1853272169828415	0.1468869894742966	0.2216383665800095	0.2082655876874924	0.2366950958967209	0.2162061184644699	0.2130363583564758	0.2408124953508377	0.185870036482811	0.1225947961211205	0.185309499502182	0.1959951221942902	0.2051493227481842	0.2101326584815979	0.2012298107147217	0.119855709373951	0.2304680347442627	0.2187770158052444	0.1387580782175064	0.2253838628530502	0.2436216622591019	0.2411866039037704	0.215952068567276	0.2190798968076706	0.2134959101676941	0.09930206835269928	0.1332484036684036	0.1217371299862862	0.1662738621234894	0.17555171251297	0.1720868200063705	0.1950404942035675	0.1387938559055328	0.06859768182039261	0.2354484349489212	0.2386652380228043	0.2193929255008698	0.228571355342865	0.2355453073978424	0.08882731944322586	0.08821475505828857	0.163845419883728	0.08259855210781097	0.1768022626638412	0.1168543696403503	0.1114333346486092	0.1286199390888214	0.1201216802000999	0.1146849170327187	0.1111070290207863	0.1202729120850563	0.1176627799868584	0.2453969419002533	0.2411866039037704	0.129767045378685	0.1549029797315598	0.2525574564933777	0.1020083948969841	0.1940743625164032	0.1049749255180359	0.2056116759777069	0.1053551360964775	0.1272388994693756	0.07948347926139832	0.1275498867034912	0.1793640106916428	0.08605864644050598	0.08659745752811432	0.08302471041679382	0.1227049678564072	0.1332957893610001	0.1191579550504684	0.06487562507390976	0.06689522415399551	0.05702491477131844	0.06419405341148376	0.1424464881420135	0.07589706033468246	0.09066056460142136	0.09716811031103134	0.1686772853136063	0.1991397738456726	0.1870010942220688	0.06905526667833328	0.07262159883975983	0.1657183319330215	0.1657183468341827	0.159399539232254	0.05345217138528824	0.06062130630016327	0.06419405341148376	0.06366239488124847	0.1357301622629166	0.1393168568611145	0.06043439358472824	0.01788859628140926	0.1409544497728348	0.03940720111131668	0.1348032206296921	0.1060555204749107	0.1131948158144951	0.09332883358001709	0.1347455233335495	0.02864621393382549	0.1731799095869064	0.2049262821674347	0.1073250323534012	0.03584086522459984	0.0536685511469841	0.04978272318840027	0.04251749441027641	0.09050624072551727	0.2054253667593002	0.1598767638206482	0.09362530708312988	0.1593004912137985	0.2028757929801941	0.1659541726112366	0.182914212346077	0.131542295217514	0.04625233635306358	0.1564289033412933	0.06401453167200089	0.08321242034435272	0.1023662239313126	0.1898355185985565	0.08991124480962753	0.1344538927078247	0.1474954187870026	0.09605492651462555	0.02832713536918163	0.165487602353096	0.04269242659211159	0.07949205487966537	0	0.08328768610954285	0.1882519423961639	0.1353311091661453	0.1344897598028183	0.07445690780878067	0.1127506047487259	0.0861290916800499	0.09349135309457779	0.1229130774736404	0.1079005300998688	0.1135039776563644	0.03541484475135803	0.1272762268781662	0.1465683430433273	0.112468034029007	0.1325684040784836	0.1233505234122276	0.0391312837600708	0.226198136806488	0.1913348287343979	0.2497785240411758	0.2621254622936249	0.2297975867986679	0.2021429985761642	0.3083219528198242	0.2591558694839478	0.239639475941658	0.2609366774559021	0.1812501400709152	0.2211300581693649	0.1848355680704117	0.2294632196426392	0.219560295343399	0.2514864504337311	0.2678036093711853	0.2288961112499237	0.2645637691020966	0.2689063549041748	0.2615479528903961	0.2206335663795471	0.2340446412563324	0.2509751319885254	0.2046608775854111	0.258703351020813	0.2597036361694336	0.2650515139102936
S2017t3F_E16-T3a-Female	0.2497964352369308	0.2489948570728302	0.2786373198032379	0.3115736544132233	0.2236386686563492	0.2137160450220108	0.216804563999176	0.2228870093822479	0.2635987997055054	0.2173002064228058	0.3307969868183136	0.1399063318967819	0.1559975147247314	0.2266025096178055	0.2053238749504089	0.2255886048078537	0.187519297003746	0.2604040503501892	0.2519476413726807	0.2743932604789734	0.2593523561954498	0.2562951445579529	0.2778760492801666	0.2279518395662308	0.1639156639575958	0.2312325537204742	0.2353911250829697	0.2220758050680161	0.2496827095746994	0.2406998127698898	0.1669616550207138	0.2688300907611847	0.2688300907611847	0.1916594654321671	0.2641619741916656	0.2809169590473175	0.2796805500984192	0.232699379324913	0.2570818364620209	0.2519450187683105	0.1483948975801468	0.1572963148355484	0.1462877541780472	0.2095071077346802	0.2181652784347534	0.2148232161998749	0.224943071603775	0.1800684332847595	0.1156384646892548	0.2782971560955048	0.2760517597198486	0.2570688426494598	0.2667727172374725	0.2783853709697723	0.1343361884355545	0.1457803994417191	0.2074630558490753	0.128970593214035	0.219659686088562	0.1697541028261185	0.1537841260433197	0.1694692671298981	0.1617842018604279	0.1567775160074234	0.15333391726017	0.1687601804733276	0.1598119586706161	0.2888231575489044	0.2796805500984192	0.1891015768051147	0.1963198930025101	0.2953267097473145	0.150688111782074	0.2337807714939117	0.1533914059400558	0.222587525844574	0.148039922118187	0.169593021273613	0.1071756929159164	0.147555410861969	0.1981814503669739	0.113408736884594	0.1075420454144478	0.1106466129422188	0.1426800042390823	0.1753158569335938	0.145641416311264	0.1186633184552193	0.09455382078886032	0.07864759862422943	0.08565234392881393	0.1870052665472031	0.09708700329065323	0.1115119829773903	0.1177255362272263	0.2002828866243362	0.2237895876169205	0.211885392665863	0.1037382706999779	0.1071983352303505	0.1975212246179581	0.1975212246179581	0.1848334521055222	0.08185268193483353	0.08883306384086609	0.08565234392881393	0.08490744233131409	0.1556170433759689	0.1655471920967102	0.08190328627824783	0.07410492748022079	0.1604466736316681	0.08818560093641281	0.1798100173473358	0.1331419795751572	0.1336002349853516	0.1431149244308472	0.1545164287090302	0.07781688123941422	0.2027177661657333	0.2221427112817764	0.1266549229621887	0.08474926650524139	0.07544365525245667	0.07815699279308319	0.09068301320075989	0.1225567907094955	0.222404420375824	0.1780687123537064	0.1375616788864136	0.2064996361732483	0.2199675589799881	0.2071478515863419	0.2235312461853027	0.1766500622034073	0.09444791078567505	0.1820282340049744	0.08540163189172745	0.1394003927707672	0.1395164430141449	0.1454654037952423	0.1338320374488831	0.1013735309243202	0.1144959256052971	0.1394810676574707	0.0963028222322464	0.2123021930456161	0.09754426032304764	0.1413459330797195	0.08328768610954285	0	0.1615260094404221	0.1020379364490509	0.1014096289873123	0.1019048914313316	0.1554539799690247	0.1358577013015747	0.05176181346178055	0.1536279320716858	0.1116107404232025	0.1592647731304169	0.08383697271347046	0.1187478601932526	0.113779753446579	0.1039284393191338	0.1510365009307861	0.1422089636325836	0.08758465945720673	0.2305376976728439	0.234459176659584	0.2536588311195374	0.2659730613231659	0.2746705412864685	0.2322184443473816	0.3114906847476959	0.2630087435245514	0.2200064957141876	0.2647385001182556	0.2309693247079849	0.2255709916353226	0.2283124774694443	0.233755812048912	0.2296987473964691	0.2977521419525146	0.2715568542480469	0.2463876008987427	0.2737372219562531	0.2724289298057556	0.2653544247150421	0.2253047972917557	0.2438315451145172	0.2549712359905243	0.24697545170784	0.262548416852951	0.2635987997055054	0.2743300199508667
S2017t3F_E17-T3b-Female	0.2478881329298019	0.2471073418855667	0.1836198270320892	0.3458031117916107	0.2519097328186035	0.1332310289144516	0.2079340219497681	0.2569349408149719	0.1915387064218521	0.2329716086387634	0.2653873860836029	0.1220096200704575	0.138810396194458	0.1096748039126396	0.1966675668954849	0.1138138920068741	0.1769884377717972	0.1521805077791214	0.1400620341300964	0.1627890169620514	0.1426245421171188	0.1454508602619171	0.1802104711532593	0.2257262468338013	0.1470723450183868	0.1073000729084015	0.1258944571018219	0.09513123333454132	0.145817443728447	0.1498773992061615	0.1443501710891724	0.1615825146436691	0.1615825295448303	0.1753111928701401	0.1558136790990829	0.1764929890632629	0.1717899739742279	0.09284824132919312	0.1449587792158127	0.1385749876499176	0.1185578554868698	0.115463875234127	0.1099051535129547	0.2130676209926605	0.2157727926969528	0.2184270173311234	0.210434764623642	0.1692931801080704	0.2137109041213989	0.1681284010410309	0.1714749932289124	0.14594966173172	0.1600410044193268	0.1682380586862564	0.2243724763393402	0.234273225069046	0.204862117767334	0.2204182147979736	0.2172749936580658	0.1531620174646378	0.1304037272930145	0.1528649628162384	0.1388387382030487	0.1335603147745132	0.1360303461551666	0.1515736728906631	0.1365860849618912	0.1768885254859924	0.1717899739742279	0.1667170077562332	0.1797566562891006	0.1850184798240662	0.1271954625844955	0.117005966603756	0.1300463378429413	0.08848048746585846	0.142590269446373	0.1524083763360977	0.1955274790525436	0.2289232313632965	0.1824498623609543	0.1888890266418457	0.1901023983955383	0.1867156326770782	0.2236363291740417	0.1583176255226135	0.2202726900577545	0.2107968181371689	0.157695934176445	0.1620691269636154	0.1688650846481323	0.2027649879455566	0.1982350051403046	0.2061071544885635	0.2114588171243668	0.1846785396337509	0.2022479474544525	0.1900913119316101	0.18609918653965	0.1894565224647522	0.1817954778671265	0.1817954927682877	0.1493031233549118	0.1586823463439941	0.1654783189296722	0.1688650846481323	0.16728575527668	0.1454927623271942	0.135738268494606	0.1587539315223694	0.1748528480529785	0.1373517066240311	0.1766415685415268	0.1767325103282928	0.2149382680654526	0.2096081972122192	0.1190009191632271	0.1311644613742828	0.1726861149072647	0.07356901466846466	0.08607310801744461	0.0951075479388237	0.1793690919876099	0.1529994159936905	0.1547792106866837	0.1660342365503311	0.1038645356893539	0.08831328153610229	0.1544147580862045	0.1256337463855743	0.09278170019388199	0.07826109230518341	0.09312096238136292	0.09756560623645782	0.1542329788208008	0.1699527353048325	0.1396349519491196	0.1558789759874344	0.1153357475996017	0.1153887733817101	0.05452238023281097	0.1094582825899124	0.06275182962417603	0.06320123374462128	0.1154208928346634	0.176505982875824	0.09289489686489105	0.1666111797094345	0.1236308440566063	0.1882519423961639	0.1615260094404221	0	0.06318452954292297	0.06271685659885406	0.158714234828949	0.1195521354675293	0.1240444406867027	0.128845676779747	0.1235203742980957	0.09315022826194763	0.1622160822153091	0.1715478450059891	0.09413575381040573	0.06280621886253357	0.08495879918336868	0.1017795205116272	0.09205527603626251	0.1754641085863113	0.1573509573936462	0.2322433292865753	0.1840495616197586	0.1942928582429886	0.1591550558805466	0.2299899905920029	0.2426215708255768	0.1857753247022629	0.2546424865722656	0.1942214369773865	0.2225078195333481	0.1516039669513702	0.2260199189186096	0.1545034199953079	0.150450274348259	0.2907361388206482	0.194302037358284	0.2319760024547577	0.1986360549926758	0.2056577801704407	0.1885207295417786	0.2596822082996368	0.1662440150976181	0.182913601398468	0.245013490319252	0.1916873455047607	0.1915387064218521	0.198279544711113
S2017t3F_E19-T3a-Female	0.2791523635387421	0.2778742611408234	0.2172205895185471	0.3726434707641602	0.2878435850143433	0.1747705638408661	0.2477421760559082	0.2869199216365814	0.224925696849823	0.2640306353569031	0.2945147752761841	0.06814716756343842	0.08609447628259659	0.1523645520210266	0.235124796628952	0.1566169559955597	0.1190177276730537	0.1870557367801666	0.1861531436443329	0.1968144178390503	0.1884665787220001	0.1910188943147659	0.2128621786832809	0.2573626637458801	0.09491856396198273	0.1566317826509476	0.1676080524921417	0.1396453678607941	0.1812071800231934	0.1845246404409409	0.09831177443265915	0.1959715038537979	0.1959714889526367	0.1167450621724129	0.1906676888465881	0.2096938937902451	0.2062132656574249	0.1379096210002899	0.185281828045845	0.1794650554656982	0.07104182243347168	0.06777023524045944	0.06189222633838654	0.2454515993595123	0.2479390949010849	0.2503803670406342	0.2430312931537628	0.1107000559568405	0.1545525789260864	0.2073580473661423	0.2048121094703674	0.1858842670917511	0.1942856013774872	0.2074580043554306	0.1661285161972046	0.1768755912780762	0.2379108071327209	0.1613369137048721	0.2495914399623871	0.1014219000935555	0.07711469382047653	0.1011046841740608	0.08612476289272308	0.08048664033412933	0.08312501013278961	0.09806766360998154	0.0833287313580513	0.2166208326816559	0.2062132656574249	0.1138582080602646	0.1200649589300156	0.2240188866853714	0.08017486333847046	0.1595198661088943	0.08318912237882614	0.1336114257574081	0.08973248302936554	0.0924442782998085	0.1345472931861877	0.1678705662488937	0.2174922376871109	0.1341868042945862	0.128651037812233	0.1316222250461578	0.1629510372877121	0.09860166162252426	0.1657856553792953	0.1575050055980682	0.115558810532093	0.1003298461437225	0.1071956232190132	0.235697478055954	0.1374896913766861	0.1452367901802063	0.1510571539402008	0.225419670343399	0.2425918430089951	0.2308593690395355	0.1311885565519333	0.1345687359571457	0.2228065878152847	0.2228066027164459	0.2042100429534912	0.1033976227045059	0.1102399900555611	0.1071956232190132	0.1189852729439735	0.1821175813674927	0.1793087124824524	0.1099279001355171	0.1209633201360703	0.1864094436168671	0.1158828660845757	0.2112081199884415	0.1537427753210068	0.1479378044605255	0.0711725652217865	0.180862158536911	0.1120907664299011	0.1318669468164444	0.1255146414041519	0.03246777132153511	0.118841253221035	0.09074363857507706	0.1061026826500893	0.1180456802248955	0.04876904189586639	0.1271169781684875	0.09259961545467377	0.06497032940387726	0.1489517241716385	0.1305717080831528	0.1433354616165161	0.1478995382785797	0.2021431624889374	0.121816411614418	0.1954259127378464	0.1068757250905037	0.06765603274106979	0.06771210581064224	0.1057482287287712	0.06144116446375847	0.0135995801538229	0.01371411792933941	0.06774605810642242	0.1354728639125824	0.1490524858236313	0.1247509121894836	0.08286222815513611	0.1353311091661453	0.1020379364490509	0.06318452954292297	0	0.01356264669448137	0.1164573132991791	0.07175561785697937	0.07686415314674377	0.08022856712341309	0.07539530843496323	0.05224895849823952	0.2091101109981537	0.1238959133625031	0.04639051854610443	0.01365701016038656	0.02347757294774055	0.0529547818005085	0.04266687482595444	0.1276668608188629	0.191810742020607	0.2702904641628265	0.2164021730422974	0.2274574041366577	0.2005062997341156	0.2677415013313293	0.2736952304840088	0.2190692126750946	0.2852068245410919	0.2268420308828354	0.261123389005661	0.1865256577730179	0.2586376667022705	0.1891916990280151	0.1910919994115829	0.3257704377174377	0.2274658530950546	0.2645484805107117	0.2364250272512436	0.2363517880439758	0.2215950340032578	0.289842963218689	0.2057918459177017	0.2164371162652969	0.2765121459960938	0.2245092391967773	0.224925696849823	0.236557736992836
S2017t3F_E19-T3b-Female	0.2829809784889221	0.281651109457016	0.2216154932975769	0.3755142092704773	0.2914897203445435	0.1795487254858017	0.2519786953926086	0.2905633449554443	0.2292599231004715	0.2623730599880219	0.2980239689350128	0.06138132140040398	0.07940032333135605	0.1513899713754654	0.2336271703243256	0.149580329656601	0.1182949990034103	0.1917421370744705	0.1792682260274887	0.2070810943841934	0.1872947216033936	0.1841596066951752	0.2115551829338074	0.2613374888896942	0.08826050907373428	0.1556225419044495	0.160627081990242	0.132524698972702	0.1800561547279358	0.1833707690238953	0.09166774153709412	0.2005578726530075	0.2005578726530075	0.1220666095614433	0.1953358948230743	0.214071661233902	0.2107593864202499	0.1432262361049652	0.1841164827346802	0.1783287823200226	0.07059261202812195	0.0673409029841423	0.05510194227099419	0.2438885867595673	0.2520205676555634	0.2487955093383789	0.2471871674060822	0.1100243330001831	0.1535769701004028	0.2117355912923813	0.2092278599739075	0.1847250163555145	0.1988608986139297	0.2118340581655502	0.1709863543510437	0.1815687417984009	0.2421448975801468	0.1663076877593994	0.2536834478378296	0.09479079395532608	0.07662889361381531	0.0944722518324852	0.08558566868305206	0.0799807608127594	0.07641883939504623	0.09746525436639786	0.08280249685049057	0.2210068255662918	0.2107593864202499	0.119224950671196	0.1254590749740601	0.2282926291227341	0.07345681637525558	0.1584952026605606	0.07648321986198425	0.1327295452356339	0.08300542831420898	0.09811031818389893	0.1336800754070282	0.1729464530944824	0.2220645397901535	0.139549732208252	0.1341249495744705	0.1370476335287094	0.1680418401956558	0.1041895523667336	0.1708309054374695	0.1565095782279968	0.108462817966938	0.1060911566019058	0.1128872558474541	0.2341925352811813	0.1366055607795715	0.1505066901445389	0.1562332361936569	0.2239433974027634	0.2469093352556229	0.2352810800075531	0.1303440183401108	0.1337013840675354	0.2213430255651474	0.2213430404663086	0.1967677921056747	0.1091084703803062	0.1158816367387772	0.1128872558474541	0.1118780896067619	0.1931353360414505	0.1904017627239227	0.1091479510068893	0.1263689249753952	0.1729391515254974	0.1276348382234573	0.2157386094331741	0.1589619964361191	0.159494012594223	0.05792420729994774	0.1796059012413025	0.1176389530301094	0.1184860542416573	0.1373749822378159	0.03893953561782837	0.1243220716714859	0.1030755639076233	0.09258581697940826	0.1172250285744667	0.04848329722881317	0.1387949287891388	0.1048232614994049	0.06457976251840591	0.1358341574668884	0.1233524903655052	0.1362644881010056	0.1407665312290192	0.2007625848054886	0.1209680363535881	0.1940672546625137	0.099712073802948	0.06717293709516525	0.06088970974087715	0.09891276061534882	0.06099576875567436	0.01346643269062042	0.01357929222285748	0.0672624260187149	0.1345555037260056	0.1420099437236786	0.1238859593868256	0.06987375020980835	0.1344897598028183	0.1014096289873123	0.06271685659885406	0.01356264669448137	0	0.1156395077705383	0.07124433666467667	0.06379073858261108	0.07322368025779724	0.06847967207431793	0.0392182245850563	0.1959057450294495	0.1230422779917717	0.04604650288820267	0.01352348458021879	0.02991006709635258	0.05255894735455513	0.04233632236719131	0.1267855912446976	0.1964239329099655	0.2742336392402649	0.2206452786922455	0.2317528873682022	0.2051413804292679	0.2660215497016907	0.2775275707244873	0.2291117459535599	0.2889253497123718	0.2310733050107956	0.2651707828044891	0.1912202537059784	0.2627234160900116	0.1996529102325439	0.1956966519355774	0.3291286528110504	0.2374654561281204	0.2686005234718323	0.2405135929584503	0.2403052002191544	0.2315731346607208	0.2934928238391876	0.210210457444191	0.2208259105682373	0.2803807854652405	0.2287755906581879	0.2292599231004715	0.2406957894563675
S2017t3F_E23-T3a-Female	0.2219099700450897	0.2014966905117035	0.2656042277812958	0.3235237598419189	0.2267098128795624	0.2281410843133926	0.1797593832015991	0.232077419757843	0.2735852897167206	0.2072169035673141	0.3421654403209686	0.1008967012166977	0.1185837313532829	0.1865988075733185	0.1619906276464462	0.1911877393722534	0.1580282747745514	0.228085070848465	0.2143080830574036	0.237518310546875	0.2165955752134323	0.2191189676523209	0.2530220150947571	0.1791477203369141	0.1272744089365005	0.1850895583629608	0.2019546180963516	0.1745504885911942	0.222429558634758	0.2251226752996445	0.1244878843426704	0.2438833117485046	0.2438833117485046	0.1632187217473984	0.2388239800930023	0.238719254732132	0.2549211382865906	0.160312220454216	0.2077420949935913	0.2019265294075012	0.0973421186208725	0.09408273547887802	0.08822518587112427	0.1989848911762238	0.2018121927976608	0.2045857310295105	0.1962326616048813	0.1499352306127548	0.1012594029307365	0.2419769763946533	0.2452462762594223	0.2198443561792374	0.2350742518901825	0.2420746237039566	0.09329544752836227	0.1059306561946869	0.1904057264328003	0.07316900789737701	0.1904369741678238	0.1336771100759506	0.1097360402345657	0.1333648413419724	0.1186135485768318	0.1130588129162788	0.1156583577394485	0.1381164640188217	0.1228510737419128	0.2590475678443909	0.2549211382865906	0.1543360203504562	0.1675283014774323	0.266167163848877	0.1064380332827568	0.1940320134162903	0.1094390600919724	0.1754313409328461	0.122404657304287	0.1519898027181625	0.0781998410820961	0.09956531971693039	0.1668790578842163	0.07101162523031235	0.07145430147647858	0.06777917593717575	0.09475469589233398	0.1580044776201248	0.09107990562915802	0.09765674918889999	0.03718820959329605	0.04103436321020126	0.033909872174263	0.1883470416069031	0.08156351745128632	0.08967757970094681	0.09632893651723862	0.1692829579114914	0.1736600548028946	0.1747349798679352	0.06754528731107712	0.07118742913007736	0.1662633121013641	0.1662633270025253	0.1189299449324608	0.03735924884676933	0.03020745143294334	0.033909872174263	0.03368622437119484	0.1149850413203239	0.1046520620584488	0.02286289259791374	0.05791137367486954	0.1206392049789429	0.04436845332384109	0.1480690687894821	0.08427881449460983	0.07747790962457657	0.1051808670163155	0.114155113697052	0.05471926927566528	0.1738271862268448	0.1749058365821838	0.09362592548131943	0.04782387614250183	0.03029627166688442	0.03356858715415001	0.04751355201005936	0.1025611460208893	0.1883764117956161	0.1411571949720383	0.1119778901338577	0.1903737038373947	0.1793878376483917	0.1910271048545837	0.1959796547889709	0.1381071209907532	0.0370653048157692	0.1086889058351517	0.01921115815639496	0.1142577528953552	0.1143117919564247	0.2023378163576126	0.1082680076360703	0.1156721562147141	0.1036378219723701	0.114344522356987	0.06095929443836212	0.1904712915420532	0.03341687470674515	0.1227124035358429	0.07445690780878067	0.1019048914313316	0.158714234828949	0.1164573132991791	0.1156395077705383	0	0.08515523374080658	0.1231302246451378	0.06558249890804291	0.1225782409310341	0.1438774019479752	0.1331630647182465	0.05433342605829239	0.1331234723329544	0.1157229244709015	0.1367784887552261	0.06601229310035706	0.0771145224571228	0.04404200986027718	0.251137763261795	0.205425813794136	0.2740901112556458	0.2759920060634613	0.2435313910245895	0.2033973038196564	0.3227287828922272	0.2671597003936768	0.2292731404304504	0.2745564579963684	0.1952520459890366	0.2462035864591599	0.1988872587680817	0.2486926764249802	0.2444570064544678	0.2662412524223328	0.2760000228881836	0.2048671692609787	0.2781010270118713	0.2927021980285645	0.2695635259151459	0.2346604764461517	0.2587756216526031	0.2646544575691223	0.2188329100608826	0.2541152834892273	0.2735852897167206	0.2787675857543945
S2017t3F_E23-T3b-Female	0.2460556179285049	0.2266350984573364	0.1833605021238327	0.3416337072849274	0.2557776272296906	0.1526987701654434	0.2375508248806	0.254942387342453	0.1910862624645233	0.2315423041582108	0.2632333338260651	0.01694844104349613	0.03635116666555405	0.1037982776761055	0.1890969723463058	0.1078104898333549	0.07677115499973297	0.1454400271177292	0.1398153156042099	0.1559178829193115	0.1423197090625763	0.1450823247432709	0.1731364727020264	0.2055479884147644	0.045883908867836	0.1078265756368637	0.1197268441319466	0.1280339956283569	0.1391578763723373	0.1432469040155411	0.04954841360449791	0.1618553400039673	0.1618553400039673	0.08146718889474869	0.1562283486127853	0.1572517454624176	0.1718170940876007	0.1132509857416153	0.1261317878961563	0.119695782661438	0.0200791172683239	0.05599656701087952	0.05001494660973549	0.2240101248025894	0.2265960723161697	0.2291338592767715	0.2562588751316071	0.06786760687828064	0.1319680064916611	0.167232409119606	0.1645009070634842	0.1395241916179657	0.1532032191753387	0.1673396378755569	0.1243472695350647	0.135872557759285	0.2161695510149002	0.1060260385274887	0.2161981016397476	0.05290659517049789	0.02664553932845592	0.0525640994310379	0.03638388216495514	0.03029059432446957	0.03314220160245895	0.06136903911828995	0.04008952900767326	0.1828671395778656	0.1718170940876007	0.07841227203607559	0.08412913233041763	0.1907187104225159	0.02995359338819981	0.1109585240483284	0.03321149200201035	0.1287430375814438	0.03991862758994102	0.06909986585378647	0.1491698026657104	0.1698363870382309	0.2314545810222626	0.1487622112035751	0.1434262096881866	0.1463203877210617	0.1649148613214493	0.07539945840835571	0.1677361875772476	0.1349437385797501	0.1176438629627228	0.115364134311676	0.109304778277874	0.2140668481588364	0.1520362943410873	0.1597616970539093	0.1654315143823624	0.2391700148582458	0.2443810850381851	0.244652658700943	0.1458412408828735	0.1491907089948654	0.2366266548633575	0.2366266697645187	0.1938550174236298	0.1183531433343887	0.112334817647934	0.109304778277874	0.1083244830369949	0.184049665927887	0.1812540590763092	0.09911653399467468	0.09784450381994247	0.1883353292942047	0.07923629134893417	0.1766381561756134	0.1557419300079346	0.1499644368886948	0.02095872163772583	0.1828142255544662	0.08863682299852371	0.1339072436094284	0.1275946050882339	0.04817581921815872	0.08237317949533463	0.1059682071208954	0.1082243099808693	0.08184421062469482	0.06406767666339874	0.1418035924434662	0.09474315494298935	0.02777986228466034	0.1139010041952133	0.1326426714658737	0.1079493388533592	0.1123552769422531	0.1673357933759689	0.07235678285360336	0.1849609613418579	0.09601342678070068	0.0309233907610178	0.03098270483314991	0.1228941380977631	0.02434788085520267	0.07127805799245834	0.05884996056556702	0.03101863339543343	0.1003064662218094	0.1140078008174896	0.07553399354219437	0.04700538888573647	0.1127506047487259	0.1554539799690247	0.1195521354675293	0.07175561785697937	0.07124433666467667	0.08515523374080658	0	0.0406629741191864	0.1355531513690948	0.07755976915359497	0.06999685615301132	0.1624781489372253	0.08804337680339813	0.05163208767771721	0.07133050262928009	0.05502170324325562	0.02056637033820152	0.03147842735052109	0.07869058847427368	0.1699233651161194	0.2367963492870331	0.1954461932182312	0.1937752664089203	0.1657556742429733	0.2579122185707092	0.2409403175115585	0.1854659020900726	0.2755526602268219	0.1937142312526703	0.2273499518632889	0.1644359081983566	0.2247035652399063	0.1672041118144989	0.1692717373371124	0.2936196625232697	0.193784236907959	0.2662676274776459	0.2038795202970505	0.2161390483379364	0.188146561384201	0.2576044797897339	0.1843489855527878	0.1826721280813217	0.2432446777820587	0.172098696231842	0.1910862624645233	0.2035995423793793
S2017t3F_E30-T3a-Female	0.2549110651016235	0.2540420293807983	0.1931296288967133	0.348852276802063	0.2642487287521362	0.1507736444473267	0.2466372549533844	0.2633994221687317	0.2007645815610886	0.2289813607931137	0.2714152038097382	0.03068705461919308	0.03647077456116676	0.1094944179058075	0.2055665403604507	0.119988314807415	0.07649502158164978	0.1629347652196884	0.1510474979877472	0.1788823455572128	0.1593318730592728	0.1561624556779861	0.1837923228740692	0.2335042357444763	0.05875382944941521	0.1261972784996033	0.1315482407808304	0.1398739665746689	0.1508119702339172	0.1424979418516159	0.0495380312204361	0.17193304002285	0.1719330549240112	0.09275019913911819	0.1664627492427826	0.1860856711864471	0.1818687170743942	0.1505074948072433	0.1557852476835251	0.1497297435998917	0.04020005092024803	0.06226620078086853	0.04999971762299538	0.2155658602714539	0.2239753007888794	0.2207139134407043	0.2533987164497375	0.08049353212118149	0.1240336820483208	0.1838688552379608	0.1812437772750854	0.1566445678472519	0.1703897714614868	0.1839718967676163	0.1421394646167755	0.1532113701105118	0.2136124074459076	0.1370117366313934	0.2254717499017715	0.06556985527276993	0.04650415852665901	0.06523741036653519	0.05585663765668869	0.05000435933470726	0.04639123380184174	0.06737007945775986	0.03964205458760262	0.192610889673233	0.1818687170743942	0.08978068083524704	0.09559492021799088	0.2002465426921844	0.04329834133386612	0.1292037665843964	0.03336254507303238	0.1401034295558929	0.02697476930916309	0.06793404370546341	0.1348513811826706	0.1800266355276108	0.2287242412567139	0.1468419432640076	0.1415374577045441	0.1444103866815567	0.1626722812652588	0.07417792081832886	0.1654744893312454	0.1142590120434761	0.1032146811485291	0.1137436777353287	0.1204816028475761	0.19368015229702	0.1314806938171387	0.1453561931848526	0.1511069089174271	0.2246416807174683	0.2533561885356903	0.24180568754673	0.1315327137708664	0.1348725557327271	0.2220571935176849	0.2220572084188461	0.2036210149526596	0.1167096197605133	0.1234249994158745	0.1204816028475761	0.09386409074068069	0.1878887414932251	0.1973323374986649	0.1040567457675934	0.08361537009477615	0.1799950897693634	0.09737887978553772	0.186687245965004	0.1600049734115601	0.1667134016752243	0.02034135907888412	0.1743843406438828	0.08726731687784195	0.1070990338921547	0.1447843611240387	0.04719441756606102	0.09402777999639511	0.1107795611023903	0.09397606551647186	0.08695060014724731	0.03699111938476562	0.1334945857524872	0.09974005818367004	0.03369820117950439	0.09339583665132523	0.1308570504188538	0.09369152039289474	0.1107636168599129	0.1713528484106064	0.09063492715358734	0.2009664475917816	0.1074449717998505	0.02348598651587963	0.0167427584528923	0.1212851405143738	0.01690112240612507	0.06375463306903839	0.07688020169734955	0.01005954016000032	0.07960092276334763	0.08687291294336319	0.09368836134672165	0.006681496743112803	0.0861290916800499	0.1358577013015747	0.1240444406867027	0.07686415314674377	0.06379073858261108	0.1231302246451378	0.0406629741191864	0	0.1338005810976028	0.04384696111083031	0.03089422173798084	0.1542814671993256	0.08022772520780563	0.04407348483800888	0.07641081511974335	0.05400366336107254	0.06061073765158653	0.05056203529238701	0.08389560878276825	0.1678378880023956	0.2458647638559341	0.1931939423084259	0.2033789604902267	0.1759781092405319	0.2433416545391083	0.2497618347406387	0.2009871900081635	0.2837122678756714	0.2031603157520294	0.2366026192903519	0.1623881757259369	0.2340306490659714	0.1711035817861557	0.1549925655126572	0.3016800582408905	0.2092487514019012	0.2747970521450043	0.2130506485700607	0.2137622237205505	0.2035668194293976	0.2661006152629852	0.182158887386322	0.1924212872982025	0.2521780729293823	0.2007526606321335	0.2007645815610886	0.212890163064003
S2017t3M_E11-T3b-Male	0.2432285398244858	0.2425288558006287	0.2841862738132477	0.3413621783256531	0.2532801032066345	0.2419797033071518	0.2094621062278748	0.2524316608905792	0.2919912934303284	0.2284145355224609	0.3578864336013794	0.1318372637033463	0.1370687931776047	0.2143674045801163	0.1920243948698044	0.2189930975437164	0.1862049251794815	0.2544610202312469	0.2460106164216995	0.2582860589027405	0.2376869916915894	0.2400694638490677	0.2675096392631531	0.2211146056652069	0.1453475654125214	0.2190066426992416	0.229044184088707	0.20347960293293	0.2491827607154846	0.251357227563858	0.159594863653183	0.2630448937416077	0.2630449235439301	0.184628427028656	0.2582606375217438	0.2754277884960175	0.2740033566951752	0.2083659619092941	0.2351025938987732	0.2403624653816223	0.1405195891857147	0.1198801919817924	0.1260843127965927	0.2084013372659683	0.2111268937587738	0.2138010561466217	0.2057486176490784	0.1786417663097382	0.1131635829806328	0.2624363005161285	0.2600898444652557	0.2352766096591949	0.2609875798225403	0.2728833854198456	0.1258434951305389	0.1376015990972519	0.2001339048147202	0.1202600672841072	0.2125994712114334	0.1624580770730972	0.1286449581384659	0.1511520147323608	0.137097179889679	0.1431893408298492	0.1456170678138733	0.1671595275402069	0.1521773636341095	0.2833722233772278	0.2740033566951752	0.1820052862167358	0.1892296671867371	0.2900342643260956	0.1429024487733841	0.2216474115848541	0.1456760764122009	0.1979659646749496	0.1521364450454712	0.1620497405529022	0.09103655070066452	0.1255997270345688	0.1775297075510025	0.0908176600933075	0.08455577492713928	0.08782203495502472	0.1207581385970116	0.167892724275589	0.1238726601004601	0.116231307387352	0.0579724945127964	0.05491713061928749	0.0621022917330265	0.1980637311935425	0.09426910430192947	0.1022211834788322	0.1086147949099541	0.1862454861402512	0.203797921538353	0.1916590481996536	0.08752378821372986	0.09106010943651199	0.183373436331749	0.183373436331749	0.1509488224983215	0.05828913673758507	0.06544866412878036	0.0621022917330265	0.06838814169168472	0.1471104472875595	0.1440555155277252	0.05833227187395096	0.07774712145328522	0.1323924660682678	0.07857105135917664	0.1597616821527481	0.1175199151039124	0.1112055033445358	0.1289176344871521	0.1328092664480209	0.06801296025514603	0.1896025985479355	0.2032504081726074	0.1054434403777122	0.07507196068763733	0.05154572427272797	0.04759295657277107	0.06774980574846268	0.1202705875039101	0.2037731111049652	0.1704631745815277	0.1355092376470566	0.2054013162851334	0.1890954822301865	0.2060548216104507	0.2051030993461609	0.1558116674423218	0.07152929157018661	0.1479308307170868	0.04798900336027145	0.131333202123642	0.1191638112068176	0.1507816463708878	0.1256166696548462	0.07968571037054062	0.08024509996175766	0.1314160376787186	0.08705605566501617	0.2112866044044495	0.074784055352211	0.1393763422966003	0.09349135309457779	0.05176181346178055	0.128845676779747	0.08022856712341309	0.07322368025779724	0.06558249890804291	0.1355531513690948	0.1338005810976028	0	0.1395966410636902	0.1092309579253197	0.1574000716209412	0.07423499971628189	0.1103311255574226	0.07973858714103699	0.0951533168554306	0.1182714179158211	0.1088185384869576	0.0780172124505043	0.2587532699108124	0.227540597319603	0.2809642851352692	0.2942674160003662	0.268867701292038	0.2314343303442001	0.3395626246929169	0.2910382151603699	0.2500594556331635	0.2925770878791809	0.2239872068166733	0.2539825737476349	0.2212573140859604	0.2619616389274597	0.257822722196579	0.2920680344104767	0.2997440099716187	0.2271915227174759	0.2910560369491577	0.2989982962608337	0.2932882010936737	0.255138099193573	0.271638810634613	0.2832067906856537	0.2403314113616943	0.2904759347438812	0.2919912934303284	0.3021407723426819
S2017t3M_E13-T3a-Male	0.2973202466964722	0.2957375049591064	0.2353227585554123	0.3904049098491669	0.3055219948291779	0.1928339749574661	0.2664064168930054	0.304543524980545	0.2430746257305145	0.2706458270549774	0.3118184506893158	0.07396989315748215	0.07917989045381546	0.1522298902273178	0.2358041703701019	0.1628420650959015	0.1186410933732986	0.2052030116319656	0.1922947019338608	0.2147265821695328	0.2003051042556763	0.1971457153558731	0.2247845828533173	0.2752607762813568	0.1006971895694733	0.1688891500234604	0.1738032251596451	0.1459140926599503	0.1935639977455139	0.1848548948764801	0.09162764996290207	0.2140502482652664	0.214050218462944	0.1348498910665512	0.2088752090930939	0.2274400293827057	0.2245137095451355	0.1505106538534164	0.1972564905881882	0.1915170252323151	0.07686012238264084	0.06693699210882187	0.05450991168618202	0.2578173577785492	0.2659229934215546	0.2626722753047943	0.2611413896083832	0.1227464750409126	0.1668695509433746	0.225016713142395	0.2225319445133209	0.1977569013834	0.2122586369514465	0.2251142561435699	0.184192419052124	0.1946878284215927	0.2561526596546173	0.1796566992998123	0.2676907777786255	0.1071886867284775	0.08917698264122009	0.1068720743060112	0.09808199852705002	0.09250965714454651	0.08892396092414856	0.1102672517299652	0.07631249725818634	0.2346627712249756	0.2245137095451355	0.132027342915535	0.1385246366262436	0.2418773472309113	0.08597865700721741	0.1717393696308136	0.07621917128562927	0.1461694985628128	0.05723008513450623	0.1109550297260284	0.1408703178167343	0.1868150383234024	0.2363421320915222	0.1530016362667084	0.1476702839136124	0.1505710929632187	0.1691651046276093	0.117042675614357	0.171992763876915	0.1574347615242004	0.1086760982871056	0.1194030717015266	0.1262557655572891	0.2364467829465866	0.1374422013759613	0.1515540331602097	0.1573596298694611	0.2321643382310867	0.2613933980464935	0.249619722366333	0.1374949514865875	0.1408917009830475	0.2295613288879395	0.2295613288879395	0.2107868194580078	0.1224001049995422	0.1292294710874557	0.1262557655572891	0.09270219504833221	0.1886609047651291	0.1982954144477844	0.1031044945120811	0.1270367503166199	0.1867592930793762	0.1346700191497803	0.2296368479728699	0.1602035611867905	0.1670499891042709	0.06412026286125183	0.174878716468811	0.1308222711086273	0.112645111978054	0.1446698755025864	0.05173568055033684	0.1375601142644882	0.1099656075239182	0.09931687265634537	0.1241165697574615	0.0413430817425251	0.1331502497196198	0.09869901835918427	0.07728605717420578	0.136639878153801	0.1368077844381332	0.1308574378490448	0.1540944576263428	0.2086435109376907	0.1279261112213135	0.2020040154457092	0.1130159646272659	0.06052777171134949	0.06038793548941612	0.1624533236026764	0.05419274419546127	0.06202376261353493	0.07541167736053467	0.04735120758414268	0.1165188327431679	0.1240388825535774	0.1308542788028717	0.04371186345815659	0.1229130774736404	0.1536279320716858	0.1235203742980957	0.07539530843496323	0.06847967207431793	0.1225782409310341	0.07755976915359497	0.04384696111083031	0.1395966410636902	0	0.07329076528549194	0.1976121962070465	0.1173939853906631	0.0803312361240387	0.07494278997182846	0.09646344184875488	0.05878475308418274	0.04850943014025688	0.1211868152022362	0.2098434120416641	0.2886027693748474	0.2338437587022781	0.245542511343956	0.2189486920833588	0.2628062665462494	0.2916372120380402	0.2370504140853882	0.3031183183193207	0.2446306049823761	0.2795137763023376	0.2046857178211212	0.2770945131778717	0.2072874903678894	0.1971759051084518	0.343790203332901	0.2455507516860962	0.2831112444400787	0.253976434469223	0.2533157765865326	0.2395135909318924	0.3076300919055939	0.2235593795776367	0.2344835996627808	0.2947513461112976	0.2423555999994278	0.2430746257305145	0.254328578710556
S2017t3M_E14-T3a-Male	0.2776254117488861	0.2764090001583099	0.2174915671348572	0.3684520423412323	0.2807105183601379	0.1704530566930771	0.2641870677471161	0.2852169275283813	0.2249749749898911	0.2520392239093781	0.29262974858284	0.06032596901059151	0.06556537747383118	0.1365472376346588	0.2293153405189514	0.1468154191970825	0.1041055545210838	0.188194677233696	0.1703484952449799	0.2032954841852188	0.1783021092414856	0.1752159148454666	0.2077363729476929	0.2564840018749237	0.08672594279050827	0.1467981934547424	0.1576856076717377	0.1660948395729065	0.1766994297504425	0.1683876216411591	0.07178810983896255	0.196851372718811	0.196851372718811	0.1198786497116089	0.1917063742876053	0.2101718783378601	0.2068067789077759	0.1764826029539108	0.1807798147201538	0.1750787794589996	0.06314553320407867	0.08440404385328293	0.07267802953720093	0.2393224090337753	0.2473275810480118	0.2441643327474594	0.2755830883979797	0.1080605909228325	0.1507346928119659	0.2023052573204041	0.2054267078638077	0.1814048886299133	0.195208415389061	0.2024033218622208	0.1678583770990372	0.178280383348465	0.2375829070806503	0.1632286310195923	0.2489283084869385	0.0931442528963089	0.07529350370168686	0.09283114224672318	0.08409234881401062	0.07858589291572571	0.07509175688028336	0.08958077430725098	0.06883247196674347	0.2112191170454025	0.2068067789077759	0.1110962256789207	0.1231627762317657	0.2184792309999466	0.0660117119550705	0.1555763930082321	0.05642058700323105	0.1664085388183594	0.05663737654685974	0.09634505212306976	0.161493107676506	0.205277219414711	0.2524752020835876	0.1669513881206512	0.1679732948541641	0.1647188514471054	0.1884572803974152	0.1023120209574699	0.1852028369903564	0.1353978663682938	0.1246576756238937	0.141035407781601	0.1475658416748047	0.218348354101181	0.1582262217998505	0.1716744303703308	0.1770775467157364	0.2427405565977097	0.2707203924655914	0.2594318985939026	0.1522627919912338	0.1555103659629822	0.2402861714363098	0.2402862012386322	0.2222987860441208	0.137780949473381	0.1443113833665848	0.1475658416748047	0.1218584626913071	0.2129783034324646	0.2162444144487381	0.1317362189292908	0.105669379234314	0.2051627039909363	0.1252646595239639	0.2116597145795822	0.1859559863805771	0.1924571692943573	0.05060715228319168	0.1998911052942276	0.115465484559536	0.1285042017698288	0.1712055951356888	0.0766306072473526	0.1220170855522156	0.1382513493299484	0.1219669878482819	0.115066759288311	0.06033331528306007	0.1600894331932068	0.1275528818368912	0.06345419585704803	0.1151087209582329	0.1576211750507355	0.1216000989079475	0.1381464898586273	0.1969532817602158	0.1187290623784065	0.2197781205177307	0.1350197643041611	0.05345875769853592	0.04702138900756836	0.0971536710858345	0.04727319628000259	0.03918223828077316	0.05226495489478111	0.04064297676086426	0.1016219407320023	0.1088369265198708	0.1154640689492226	0.03078271448612213	0.1079005300998688	0.1116107404232025	0.09315022826194763	0.05224895849823952	0.0392182245850563	0.1438774019479752	0.06999685615301132	0.03089422173798084	0.1092309579253197	0.07329076528549194	0	0.1804092973470688	0.1085510849952698	0.01956534571945667	0.05195816606283188	0.02946310676634312	0.08933465927839279	0.07989417761564255	0.1121979355812073	0.1928071677684784	0.2633790969848633	0.2166862487792969	0.2274336069822311	0.1954171806573868	0.2607491314411163	0.2723442316055298	0.2248839735984802	0.3049922287464142	0.2268360406160355	0.2544297575950623	0.1876806020736694	0.2576947212219238	0.1959744542837143	0.1746205538511276	0.3174951076507568	0.2330503463745117	0.2969051599502563	0.230661928653717	0.2360885739326477	0.2273118495941162	0.2880407869815826	0.2007488757371902	0.2167297601699829	0.2750568389892578	0.2245695739984512	0.2249749749898911	0.2307209223508835
S2017t3M_E14-T3b-Male	0.1211751103401184	0.1228190064430237	0.1763000041246414	0.2337688803672791	0.1362444460391998	0.1432130187749863	0.1097492203116417	0.13572958111763	0.1846474260091782	0.1010259538888931	0.2628618776798248	0.164816826581955	0.18119215965271	0.1118411272764206	0.0810629278421402	0.109391026198864	0.2198680490255356	0.1564579159021378	0.1436714231967926	0.1739735305309296	0.1527497172355652	0.1492951065301895	0.1793998926877975	0.09868959337472916	0.1892391443252563	0.1162211745977402	0.1221764385700226	0.1311499923467636	0.1431184262037277	0.1341129690408707	0.1923327744007111	0.1530317068099976	0.1530317068099976	0.2126138657331467	0.1468687355518341	0.1689384281635284	0.1637049466371536	0.129061371088028	0.1356318742036819	0.1288137137889862	0.1735569536685944	0.2066351473331451	0.1957139223814011	0.09078889340162277	0.1015642583370209	0.09775611013174057	0.1376939564943314	0.212394192814827	0.1475110799074173	0.1794650703668594	0.1765858978033066	0.1497968286275864	0.1646634638309479	0.1795780956745148	0.1665164530277252	0.1780512034893036	0.08752398937940598	0.1481475830078125	0.08756251633167267	0.1951679289340973	0.1790397614240646	0.1948787868022919	0.1871724724769592	0.1820836514234543	0.1784836053848267	0.2010393738746643	0.1853632479906082	0.1757919937372208	0.1637049466371536	0.2099935561418533	0.2179455608129501	0.1843639314174652	0.175792321562767	0.1195463389158249	0.1785420924425125	0.1313669085502625	0.1730983108282089	0.2020059376955032	0.1660127937793732	0.1949178576469421	0.1036763414740562	0.172033965587616	0.1666035354137421	0.1696023941040039	0.189491480588913	0.2078844755887985	0.1924077421426773	0.1506960839033127	0.1389070749282837	0.1367113888263702	0.1304098069667816	0.06362451612949371	0.1557875275611877	0.1707105934619904	0.1767089366912842	0.1067810356616974	0.1176890134811401	0.1194941997528076	0.1624555587768555	0.1660346686840057	0.1033041253685951	0.1033041328191757	0.05948458611965179	0.1398178189992905	0.1335616707801819	0.1304098069667816	0.1155726462602615	0.03973814845085144	0.05148548632860184	0.1126469969749451	0.1043079271912575	0.047083780169487	0.1054105311632156	0.03942667320370674	0.1798972189426422	0.1805449277162552	0.1494516134262085	0.03944236412644386	0.1083115860819817	0.1021079272031784	0.1224909126758575	0.1829438507556915	0.1017791032791138	0.1336053460836411	0.1223103702068329	0.1078949570655823	0.1783333122730255	0.1379526108503342	0.2238999754190445	0.1562985777854919	0.08019200712442398	0.1211740970611572	0.08046730607748032	0.09916609525680542	0.03588626906275749	0.09810243546962738	0.05577993765473366	0.1163186430931091	0.1580742299556732	0.16436667740345	0.1583789139986038	0.1523384302854538	0.1958693116903305	0.1971574872732162	0.1581573188304901	0.1135786920785904	0.08728376030921936	0.101383201777935	0.1599321514368057	0.1135039776563644	0.1592647731304169	0.1622160822153091	0.2091101109981537	0.1959057450294495	0.1331630647182465	0.1624781489372253	0.1542814671993256	0.1574000716209412	0.1976121962070465	0.1804092973470688	0	0.1006646826863289	0.1761363595724106	0.2077754139900208	0.1860206723213196	0.1827663332223892	0.1738735437393188	0.09079936891794205	0.1618561744689941	0.109375074505806	0.1896792501211166	0.1875843107700348	0.1570630818605423	0.1301590949296951	0.2386985123157501	0.1851240396499634	0.1591094732284546	0.1876306384801865	0.09789129346609116	0.1558557450771332	0.09429755806922913	0.1654241979122162	0.1611809730529785	0.1768463104963303	0.1941025704145432	0.1446304321289062	0.1987014710903168	0.2121340781450272	0.1880171746015549	0.1374623030424118	0.1775702238082886	0.1755789369344711	0.1173705011606216	0.1849315315485001	0.1846474260091782	0.1983270347118378
S2017t3M_E16-T3a-Male	0.2028455883264542	0.2028601169586182	0.2477424293756485	0.3044289946556091	0.2143215239048004	0.2046089917421341	0.1933630406856537	0.2135824710130692	0.2556405365467072	0.1887248754501343	0.3247621059417725	0.09076454490423203	0.1085332855582237	0.1760005056858063	0.1510140001773834	0.1804836988449097	0.1478234231472015	0.2172134220600128	0.2095971554517746	0.2267168611288071	0.2118761986494064	0.214390367269516	0.242339164018631	0.1808247864246368	0.1172658279538155	0.180498331785202	0.1913210898637772	0.200504332780838	0.2115166485309601	0.202541172504425	0.1206231787800789	0.2261434495449066	0.2261434197425842	0.1458158791065216	0.2209797352552414	0.2394997030496597	0.2369112074375153	0.1993792802095413	0.2089269012212753	0.2031962871551514	0.0936310812830925	0.1280031204223633	0.1225326582789421	0.1674261689186096	0.1703770309686661	0.1732717007398605	0.2026802748441696	0.1396861225366592	0.06906498968601227	0.2369817495346069	0.2345034033060074	0.2093322575092316	0.2242544591426849	0.2370790392160416	0.08276504278182983	0.09545869380235672	0.1584715396165848	0.076380655169487	0.1716040819883347	0.1237001121044159	0.09964413940906525	0.1233862712979317	0.1085632517933846	0.1029823422431946	0.1055940762162209	0.1273243725299835	0.1059541031718254	0.2470310181379318	0.2369112074375153	0.1429921537637711	0.1497617959976196	0.2542226314544678	0.1026736944913864	0.1833464205265045	0.1056575328111649	0.1949260085821152	0.09974883496761322	0.1218201667070389	0.08689434081315994	0.1217229515314102	0.1740964949131012	0.08668878674507141	0.08032841235399246	0.08363769203424454	0.1168685480952263	0.1279549896717072	0.1200232803821564	0.07220490276813507	0.05356629937887192	0.05043661221861839	0.05768314749002457	0.1434419602155685	0.07642205059528351	0.08443538844585419	0.09105771034955978	0.1829226016998291	0.2005891650915146	0.1883584409952164	0.08335190266370773	0.08691820502281189	0.1800143867731094	0.1800144016742706	0.1473017334938049	0.05385344475507736	0.0610739067196846	0.05768314749002457	0.04322483390569687	0.1232051178812981	0.1336325407028198	0.03269598260521889	0.01803580485284328	0.1286013573408127	0.02548624016344547	0.1290731877088547	0.1068123206496239	0.100343182682991	0.08745996654033661	0.108625091612339	0.02172673679888248	0.1742933690547943	0.1941075772047043	0.1016272157430649	0.02899934165179729	0.03995426744222641	0.04306620731949806	0.01449092663824558	0.1039415076375008	0.1947608888149261	0.1484450697898865	0.09423812478780746	0.1541399359703064	0.185963362455368	0.1484165787696838	0.1656638234853745	0.1053521409630775	0.01820513792335987	0.1375550776720047	0.04343297332525253	0.07082086056470871	0.08387905359268188	0.1735551357269287	0.06446918845176697	0.1106115207076073	0.1239121854305267	0.07091285288333893	0.0215400904417038	0.1542426347732544	0.0217633955180645	0.08635272830724716	0.03541484475135803	0.08383697271347046	0.1715478450059891	0.1238959133625031	0.1230422779917717	0.05433342605829239	0.08804337680339813	0.08022772520780563	0.07423499971628189	0.1173939853906631	0.1085510849952698	0.1006646826863289	0	0.1034518331289291	0.1231236979365349	0.1069806143641472	0.1082619652152061	0.09859208017587662	0.01092903967946768	0.2218444049358368	0.1927231699228287	0.2457843124866486	0.2580999135971069	0.2313607484102249	0.2161309570074081	0.3047671020030975	0.2494112551212311	0.2352026104927063	0.2569665610790253	0.1825709939002991	0.216697171330452	0.1796083897352219	0.2192937582731247	0.2210146635770798	0.2532849907875061	0.2523111999034882	0.22421595454216	0.2662791311740875	0.2651931941509247	0.2518665790557861	0.2159673273563385	0.2355781346559525	0.2468523979187012	0.1997025161981583	0.2546992301940918	0.2556405365467072	0.2667917907238007
S2017t3M_E17-T3b-Male	0.2690605521202087	0.2679676413536072	0.2080356329679489	0.3614644110202789	0.2779003083705902	0.177974671125412	0.2610543668270111	0.2770199179649353	0.2156092375516891	0.2543909251689911	0.2846895456314087	0.06722079217433929	0.07240726053714752	0.1379040479660034	0.2315353155136108	0.1542492061853409	0.1111240684986115	0.1900397539138794	0.1834014654159546	0.1995759755373001	0.1856862306594849	0.1882071644067764	0.215267613530159	0.2477232068777084	0.09359243512153625	0.154263824224472	0.1650935411453247	0.1736534386873245	0.1843266785144806	0.1758878380060196	0.08468949794769287	0.1870942115783691	0.1870942115783691	0.1089489981532097	0.1818020790815353	0.2007906287908554	0.1970841437578201	0.1602206230163574	0.1709271967411041	0.16506527364254	0.0700710266828537	0.09140129387378693	0.08583871275186539	0.2473020702600479	0.2497353702783585	0.2521238029003143	0.2782282531261444	0.1151238530874252	0.1581931114196777	0.2098842412233353	0.2073946595191956	0.1831359267234802	0.1971043795347214	0.2099820077419281	0.1694967746734619	0.179996520280838	0.2399273216724396	0.1528285592794418	0.2399542033672333	0.1000024005770683	0.07605164498090744	0.09968970715999603	0.08492720872163773	0.07937292754650116	0.0819719210267067	0.1027994528412819	0.06953300535678864	0.2074744552373886	0.1970841437578201	0.1060744300484657	0.1120714321732521	0.2148624062538147	0.07906579971313477	0.1571128964424133	0.06948693096637726	0.1680664569139481	0.06348738074302673	0.09731534123420715	0.1750560700893402	0.1954279094934464	0.2549903392791748	0.1745743900537491	0.1696577668190002	0.1723776757717133	0.1783298850059509	0.1033371537923813	0.1810392141342163	0.148896649479866	0.1320552080869675	0.1424550712108612	0.1367623209953308	0.2262735515832901	0.1658105850219727	0.1733952462673187	0.1788398027420044	0.2622427046298981	0.267674058675766	0.2677084803581238	0.1718281507492065	0.1750757247209549	0.259851485490799	0.259851485490799	0.2186241894960403	0.1452640742063522	0.1396087110042572	0.1367623209953308	0.1105928644537926	0.1972726583480835	0.2065763175487518	0.1144093200564384	0.112966775894165	0.2130276560783386	0.1078086197376251	0.2019448280334473	0.1817676275968552	0.1763419806957245	0.05104036256670952	0.1959793716669083	0.1166375875473022	0.1480695605278015	0.1546663343906403	0.0774197056889534	0.1107541397213936	0.1335268616676331	0.1354445666074753	0.1100531816482544	0.0798986628651619	0.1556822955608368	0.1101425141096115	0.0576515756547451	0.1285411864519119	0.1592037826776505	0.1228286102414131	0.1395376771688461	0.19300277531147	0.101142592728138	0.2101686000823975	0.1239725276827812	0.04765469953417778	0.0475168488919735	0.09811976552009583	0.0413491502404213	0.03315150737762451	0.03335214778780937	0.03463151305913925	0.1026838794350624	0.1161550134420395	0.1041259989142418	0.05028460919857025	0.1272762268781662	0.1187478601932526	0.09413575381040573	0.04639051854610443	0.04604650288820267	0.1331234723329544	0.05163208767771721	0.04407348483800888	0.1103311255574226	0.0803312361240387	0.01956534571945667	0.1761363595724106	0.1034518331289291	0	0.04613475501537323	0.02978701516985893	0.07135175168514252	0.06153273954987526	0.09448114782571793	0.1946858167648315	0.2602459788322449	0.2187306582927704	0.2181379348039627	0.1913882046937943	0.2688639760017395	0.263804018497467	0.209919273853302	0.29708531498909	0.2176821529865265	0.2511679530143738	0.1895219087600708	0.2486824542284012	0.1921266317367554	0.182192862033844	0.3151002824306488	0.2181463688611984	0.2886557877063751	0.2272556722164154	0.2382576465606689	0.2124416530132294	0.2798114418983459	0.2083628326654434	0.2072910070419312	0.2664188146591187	0.2153521627187729	0.2156092375516891	0.2272732555866241
S2017t3M_E19-T3a-Male	0.2886396050453186	0.2872195839881897	0.2274225652217865	0.3807942569255829	0.2969747185707092	0.1854576170444489	0.2578781545162201	0.2960340082645416	0.235060840845108	0.2622826099395752	0.3033766448497772	0.07409387081861496	0.07930932193994522	0.1452985852956772	0.2393363118171692	0.1616731882095337	0.1302759945392609	0.197644978761673	0.1907529085874557	0.2071525901556015	0.1930314302444458	0.1955453902482986	0.2114662528038025	0.2556422352790833	0.0881703794002533	0.1616878062486649	0.1605357974767685	0.1449730098247528	0.1919483542442322	0.1832797676324844	0.1037790775299072	0.1946441978216171	0.1946441978216171	0.1159388571977615	0.1893664449453354	0.2083012461662292	0.21665920317173	0.1433073133230209	0.1899309009313583	0.1723999530076981	0.07694168388843536	0.07372304052114487	0.06794070452451706	0.243796706199646	0.2462734282016754	0.2487042397260666	0.2413870096206665	0.1099333912134171	0.1656422317028046	0.2174282819032669	0.2149467319250107	0.1904880851507187	0.204688549041748	0.2175257056951523	0.1649998426437378	0.175692543387413	0.2479396015405655	0.1602243632078171	0.2479040175676346	0.09470130503177643	0.08291688561439514	0.09438273310661316	0.07933973520994186	0.07367828488349915	0.07632753998041153	0.1098641827702522	0.08907099813222885	0.226796418428421	0.21665920317173	0.1130681410431862	0.1316445618867874	0.2340043634176254	0.073365218937397	0.1645303517580032	0.08889438211917877	0.139037162065506	0.09537394344806671	0.1043873727321625	0.1462091356515884	0.1791587173938751	0.2281072437763214	0.1332302689552307	0.1404712349176407	0.1433625072240829	0.1742286384105682	0.110426738858223	0.1769875288009644	0.1685602813959122	0.1148325651884079	0.11253422498703	0.1193068623542786	0.234100267291069	0.1490729004144669	0.1567542552947998	0.1499906033277512	0.2358221411705017	0.2528661787509918	0.2412579506635666	0.142895370721817	0.1462299972772598	0.2332788705825806	0.2332788854837418	0.2028771787881851	0.1155194863677025	0.1222693398594856	0.1193068623542786	0.1182359457015991	0.1932120323181152	0.1904789507389069	0.1092326045036316	0.1325746029615402	0.1728441119194031	0.1277166157960892	0.2216654866933823	0.1652224212884903	0.1595744043588638	0.07075105607509613	0.1796838641166687	0.1239360645413399	0.1310334801673889	0.1374574899673462	0.0456368625164032	0.1305964887142181	0.1031613573431969	0.1054356396198273	0.1173075065016747	0.06150103732943535	0.12620510160923	0.10490832477808	0.07736217975616455	0.1480219960212708	0.1297358274459839	0.1424368768930435	0.1469645500183105	0.2008374929428101	0.1210504472255707	0.194144070148468	0.1061988994479179	0.06725923717021942	0.06731497496366501	0.1051093190908432	0.06108323112130165	0.0135601693764329	0.01367365382611752	0.06734871864318848	0.1346347779035568	0.1481221914291382	0.1239678412675858	0.08237268030643463	0.1465683430433273	0.113779753446579	0.06280621886253357	0.01365701016038656	0.01352348458021879	0.1157229244709015	0.07133050262928009	0.07641081511974335	0.07973858714103699	0.07494278997182846	0.05195816606283188	0.2077754139900208	0.1231236979365349	0.04613475501537323	0	0.03650502115488052	0.05264862254261971	0.04242793470621109	0.1268669068813324	0.2022772878408432	0.2799612283706665	0.2262453734874725	0.2375268787145615	0.2111019939184189	0.2773462533950806	0.2831315994262695	0.2291816920042038	0.294488787651062	0.2367554754018784	0.2709479033946991	0.1971286535263062	0.2685279548168182	0.1997257620096207	0.201532855629921	0.334614098072052	0.2375351041555405	0.2744213938713074	0.2460957914590836	0.2457031458616257	0.2316426336765289	0.2990056872367859	0.2044230699539185	0.2266174405813217	0.2860685884952545	0.2344822287559509	0.235060840845108	0.24634650349617
S2017t3M_E19-T3b-Male	0.2559947371482849	0.2551086246967316	0.1942916065454483	0.3497869968414307	0.2652908861637115	0.1519887447357178	0.2477443665266037	0.2644394636154175	0.2019194364547729	0.2414723932743073	0.2724259793758392	0.04507080838084221	0.06346257030963898	0.1295188665390015	0.2125030755996704	0.133611872792244	0.09654095023870468	0.1641395539045334	0.1639537364244461	0.1800462156534195	0.1663302630186081	0.1689521968364716	0.1906734555959702	0.2346000820398331	0.07250517606735229	0.1336271166801453	0.1449027955532074	0.1533381342887878	0.1581261456012726	0.1618199348449707	0.07598241418600082	0.1731214672327042	0.1731214374303818	0.09404376894235611	0.1676669120788574	0.1872338205575943	0.1830585300922394	0.1578691750764847	0.1628829836845398	0.1569062769412994	0.05441626161336899	0.0826394259929657	0.07696813344955444	0.2225259691476822	0.2250890284776688	0.2276044636964798	0.2544563114643097	0.08801106363534927	0.1314739733934402	0.1850141584873199	0.1823964565992355	0.1636775135993958	0.1715732216835022	0.1851169466972351	0.1433659195899963	0.1544063687324524	0.2147560715675354	0.1382624059915543	0.2265906780958176	0.07916955649852753	0.05426040664315224	0.07884448021650314	0.06349358707666397	0.05771585553884506	0.06041955947875977	0.07505638152360916	0.06676886975765228	0.1937696635723114	0.1830585300922394	0.09108271449804306	0.09691019356250763	0.2013835310935974	0.05739635601639748	0.1365939676761627	0.06048526987433434	0.1475181430578232	0.06702909618616104	0.06928953528404236	0.1484839916229248	0.1812317073345184	0.2298577427864075	0.1480831950902939	0.1427990943193436	0.1456635892391205	0.1763198673725128	0.07552006840705872	0.1790537983179092	0.1344172060489655	0.1297304183244705	0.1150461584329605	0.1217741742730141	0.2126848250627518	0.1513215005397797	0.1589600294828415	0.1645735651254654	0.2375049293041229	0.2544534802436829	0.2429162412881851	0.145191878080368	0.1485047042369843	0.2349838763475418	0.234983891248703	0.2167161852121353	0.1180034056305885	0.1247089430689812	0.1217741742730141	0.139191672205925	0.2011911123991013	0.1985119432210922	0.130547046661377	0.09772035479545593	0.1992258131504059	0.0987098440527916	0.1878789514303207	0.1734786331653595	0.1679421216249466	0.04800617322325706	0.1998380720615387	0.08861318975687027	0.1456727236509323	0.1460454165935516	0.04859938845038414	0.09536367654800415	0.1120907664299011	0.1205577626824379	0.1010371819138527	0.06431149691343307	0.1473348140716553	0.1137607768177986	0.04164924845099449	0.1260140538215637	0.1445868313312531	0.1264120042324066	0.1246566772460938	0.1847983300685883	0.1047385558485985	0.2141264826059341	0.1214115396142006	0.05098118633031845	0.04462497308850288	0.08303342759609222	0.04467605426907539	0.03645022213459015	0.0367148332297802	0.05107252299785614	0.1187427639961243	0.132222980260849	0.1077201962471008	0.06015026941895485	0.112468034029007	0.1039284393191338	0.08495879918336868	0.02347757294774055	0.02991006709635258	0.1367784887552261	0.05502170324325562	0.05400366336107254	0.0951533168554306	0.09646344184875488	0.02946310676634312	0.1860206723213196	0.1069806143641472	0.02978701516985893	0.03650502115488052	0	0.0748085156083107	0.06499239057302475	0.1106830760836601	0.1690285950899124	0.2469693571329117	0.1943132430315018	0.204526275396347	0.1771850883960724	0.2674836218357086	0.2508388161659241	0.2021266520023346	0.2847267985343933	0.2042890191078186	0.2377245128154755	0.1635945290327072	0.2351601272821426	0.1722896248102188	0.1683869808912277	0.3026922643184662	0.2103838920593262	0.2758518159389496	0.2141515463590622	0.214825227856636	0.2046989500522614	0.2671467661857605	0.1833135187625885	0.1935805976390839	0.2532697319984436	0.2018882036209106	0.2019194364547729	0.2140050828456879
S2017t3M_E23-T3a-Male	0.2662676274776459	0.2467105537652969	0.2033694088459015	0.3615781962871552	0.2754524350166321	0.1724453419446945	0.2339660823345184	0.274553120136261	0.211163803935051	0.2512219846248627	0.2824965417385101	0.03723619878292084	0.05623849481344223	0.1238781660795212	0.2089751362800598	0.1280339956283569	0.0964539647102356	0.1655159592628479	0.15931336581707	0.1757476478815079	0.1617609858512878	0.1644609868526459	0.1925617307424545	0.2256206572055817	0.06557451188564301	0.1280497312545776	0.1396802365779877	0.1100357994437218	0.1593813747167587	0.1631335616111755	0.06916338950395584	0.1817941516637802	0.1817941665649414	0.1012739017605782	0.1763010323047638	0.1770501732826233	0.1920265406370163	0.09463082253932953	0.1459400057792664	0.1396498829126358	0.04030226171016693	0.03683691099286079	0.03060922026634216	0.2438827157020569	0.2464024871587753	0.2488752603530884	0.2414308488368988	0.0877402201294899	0.1519746482372284	0.1867963671684265	0.1841290295124054	0.1590288430452347	0.1730967611074448	0.1869010925292969	0.1442857384681702	0.1555486023426056	0.2362429648637772	0.1263816952705383	0.2362707704305649	0.07245226949453354	0.04673317074775696	0.07211683690547943	0.0562705360352993	0.05030300468206406	0.05309575423598289	0.0814572349190712	0.0601082369685173	0.2028069347143173	0.1920265406370163	0.09828487038612366	0.104338563978672	0.2104669213294983	0.04997295513749123	0.1311106830835342	0.05316361412405968	0.1106975600123405	0.05987033247947693	0.08917327225208282	0.1316713839769363	0.1525251269340515	0.2155395299196243	0.1313169300556183	0.1256882697343826	0.1287033557891846	0.1476233452558517	0.09540873765945435	0.1505625247955322	0.154958501458168	0.0995616540312767	0.09704508632421494	0.09073127806186676	0.2340157330036163	0.1346567571163177	0.142481654882431	0.1483862549066544	0.2235761433839798	0.2286247164011002	0.2290648519992828	0.1282747685909271	0.1316931396722794	0.2209272831678391	0.2209272980690002	0.1771029829978943	0.1001589521765709	0.09388876706361771	0.09073127806186676	0.08992534875869751	0.1670355647802353	0.1641219556331635	0.08033143728971481	0.1179952472448349	0.1716439872980118	0.09980266541242599	0.197002574801445	0.138137012720108	0.1321151852607727	0.0413161925971508	0.1658926904201508	0.108993224799633	0.1162169501185417	0.10927564650774	0.02839748747646809	0.102869488298893	0.08732638508081436	0.08982099592685699	0.1022002398967743	0.04495090618729591	0.1241578832268715	0.07586686313152313	0.04813709110021591	0.1339173018932343	0.1146818697452545	0.1281000822782516	0.1326426714658737	0.1877613216638565	0.09292315691709518	0.1679064333438873	0.07709731161594391	0.05107365921139717	0.05113174393773079	0.142172247171402	0.04463487863540649	0.05259404703974724	0.03965737670660019	0.05116691812872887	0.1202531754970551	0.1340216845273972	0.09602992981672287	0.06682126969099045	0.1325684040784836	0.1510365009307861	0.1017795205116272	0.0529547818005085	0.05255894735455513	0.06601229310035706	0.02056637033820152	0.06061073765158653	0.1182714179158211	0.05878475308418274	0.08933465927839279	0.1827663332223892	0.1082619652152061	0.07135175168514252	0.05264862254261971	0.0748085156083107	0	0.01114119216799736	0.09911653399467468	0.1896702349185944	0.2571535706520081	0.2145859152078629	0.2137860655784607	0.186113029718399	0.2546985447406769	0.2608847916126251	0.2053422778844833	0.2726061940193176	0.2133893221616745	0.2477763146162033	0.1843133419752121	0.2451998740434647	0.1870156824588776	0.1889510452747345	0.3137610554695129	0.2137948274612427	0.2511314749717712	0.2233065813779831	0.2347864806652069	0.2079575210809708	0.2774066627025604	0.2038297206163406	0.2026166766881943	0.2635320127010345	0.1920430511236191	0.211163803935051	0.2232743352651596
S2017t3M_E23-T3b-Male	0.2583137452602386	0.2573620975017548	0.1948214173316956	0.3547500669956207	0.267809122800827	0.1636831760406494	0.2254560440778732	0.2669254839420319	0.2026700973510742	0.2433210611343384	0.2750874757766724	0.04800042882561684	0.06679026782512665	0.1345321089029312	0.2195220440626144	0.1387641429901123	0.1068972125649452	0.1761678010225296	0.1696586012840271	0.1862688958644867	0.172076091170311	0.1747428625822067	0.2028683423995972	0.2362707853317261	0.07602190226316452	0.1387796700000763	0.1502670645713806	0.1209874153137207	0.1701115071773529	0.1736849993467331	0.07957065105438232	0.173045739531517	0.173045739531517	0.09172887355089188	0.1674340963363647	0.1875547766685486	0.1832689940929413	0.1057720184326172	0.1564498096704483	0.1502370685338974	0.05103221535682678	0.04760560393333435	0.04144755005836487	0.2358252704143524	0.2383989542722702	0.2409244328737259	0.2333208173513412	0.09828419238328934	0.1428762376308441	0.1971765756607056	0.1945432871580124	0.1693775653839111	0.1836518347263336	0.1972799450159073	0.1548646688461304	0.1659882813692093	0.2280209958553314	0.1371819376945496	0.2280493825674057	0.0828227624297142	0.0573912225663662	0.08249108493328094	0.06682194769382477	0.06092114001512527	0.0636826679110527	0.08519665151834488	0.0637575089931488	0.1942827552556992	0.1832689940929413	0.08867589384317398	0.09463058412075043	0.2021066248416901	0.06059478223323822	0.141802966594696	0.0637497678399086	0.1146628707647324	0.07045625895261765	0.07936807721853256	0.1220916360616684	0.1430437415838242	0.2068247348070145	0.1217673346400261	0.1159752979874611	0.1190576404333115	0.1381548643112183	0.08570211380720139	0.1411595940589905	0.1458883732557297	0.08966340869665146	0.08701391518115997	0.08055854588747025	0.22582146525383	0.1251431405544281	0.1330214738845825	0.139056608080864	0.215039998292923	0.21999491751194	0.2205301970243454	0.1186577901244164	0.122113861143589	0.2123324573040009	0.212332472205162	0.1679288893938065	0.09019723534584045	0.08378695696592331	0.08055854588747025	0.07985144108533859	0.1577169597148895	0.154737651348114	0.07004281878471375	0.1084633395075798	0.1625061333179474	0.08987128734588623	0.1882314682006836	0.1284947842359543	0.1223369836807251	0.03084816969931126	0.1566267907619476	0.09926470369100571	0.1065342351794243	0.09924010932445526	0.01756607182323933	0.09300602227449417	0.07711625099182129	0.07974477857351303	0.09239771962165833	0.03448740765452385	0.114497572183609	0.06552830338478088	0.03774367272853851	0.1246206015348434	0.1048468723893166	0.1186773777008057	0.1232047975063324	0.1788623780012131	0.08291587978601456	0.1585646271705627	0.06673580408096313	0.04081877693533897	0.04087812080979347	0.1333072483539581	0.03423959761857986	0.04237217828631401	0.02915290370583534	0.04091406613588333	0.1108429878950119	0.1247272342443466	0.08609145879745483	0.05690570548176765	0.1233505234122276	0.1422089636325836	0.09205527603626251	0.04266687482595444	0.04233632236719131	0.0771145224571228	0.03147842735052109	0.05056203529238701	0.1088185384869576	0.04850943014025688	0.07989417761564255	0.1738735437393188	0.09859208017587662	0.06153273954987526	0.04242793470621109	0.06499239057302475	0.01114119216799736	0	0.08924619853496552	0.18109031021595	0.249042421579361	0.2065281271934509	0.2053490430116653	0.1772260963916779	0.2466478198766708	0.2529797554016113	0.1968725323677063	0.2648307383060455	0.2050911486148834	0.2395345270633698	0.175618976354599	0.2369012534618378	0.178379163146019	0.1803932040929794	0.3063482940196991	0.2053579539060593	0.2428442388772964	0.2152173817157745	0.227139875292778	0.1995437294244766	0.2697340250015259	0.195514515042305	0.1940884292125702	0.25551837682724	0.2026250660419464	0.2026700973510742	0.2150805294513702
S2017t3M_E30-T3a-Male	0.1941993981599808	0.1943730860948563	0.2401551753282547	0.296991229057312	0.2060414254665375	0.2086266577243805	0.1845147758722305	0.2053234130144119	0.2481071203947067	0.1801727265119553	0.3182064592838287	0.09446601569652557	0.1122207269072533	0.1799478232860565	0.1550794839859009	0.1844741106033325	0.1516013294458389	0.2212970554828644	0.2135394066572189	0.2307819575071335	0.2158143669366837	0.2183239907026291	0.2463721632957458	0.1721043735742569	0.1209455132484436	0.1844886988401413	0.1952943503856659	0.2045618146657944	0.2156110107898712	0.2065647840499878	0.1242997273802757	0.218365803360939	0.218365803360939	0.1372880190610886	0.2130974233150482	0.2319895327091217	0.2291372865438461	0.1911683082580566	0.2011109441518784	0.1952661573886871	0.09733045101165771	0.1317556798458099	0.1262906789779663	0.1715942919254303	0.1745407432317734	0.1774309873580933	0.2068981975317001	0.1434734314680099	0.07291261851787567	0.2410259693861008	0.2385527342557907	0.2132749557495117	0.2283243983983994	0.2411230802536011	0.08660394698381424	0.09928825497627258	0.1626526266336441	0.06640190631151199	0.1626852005720139	0.1273737102746964	0.1033388748764992	0.127060204744339	0.1122506707906723	0.1066744029521942	0.1092839911580086	0.1311250030994415	0.1096704751253128	0.2394629567861557	0.2291372865438461	0.1344075053930283	0.1411000639200211	0.2467991411685944	0.1063660085201263	0.1873323917388916	0.109347403049469	0.1989930719137192	0.1034435927867889	0.1256263256072998	0.09083583950996399	0.1120885983109474	0.1783818602561951	0.09061504155397415	0.08427461236715317	0.087581567466259	0.107252225279808	0.1317694783210754	0.1104759201407433	0.07606539130210876	0.05737387388944626	0.05427468568086624	0.04734628275036812	0.1475713551044464	0.08033999055624008	0.08839643001556396	0.09501378983259201	0.1871935874223709	0.1918201595544815	0.1926797032356262	0.08728057146072388	0.09085968136787415	0.1842901855707169	0.1842902004718781	0.1379819810390472	0.05768997222185135	0.05081170052289963	0.04734628275036812	0.03276899084448814	0.1135167106986046	0.1240944489836693	0.02200746536254883	0.02175658009946346	0.1326922178268433	0.01471805479377508	0.1195506751537323	0.09701453149318695	0.09040215611457825	0.07809514552354813	0.1127030178904533	0.02547444589436054	0.1782914102077484	0.1857519894838333	0.1054184287786484	0.01830907911062241	0.04378199204802513	0.04686387628316879	0.01821229606866837	0.1077021807432175	0.1988271474838257	0.1396160572767258	0.08494297415018082	0.1580699682235718	0.1900281608104706	0.1523538082838058	0.1696596592664719	0.1094181388616562	0.007356499787420034	0.1280601620674133	0.03290161862969398	0.07449442893266678	0.08757161349058151	0.1773768961429596	0.0681462362408638	0.1143383160233498	0.115086518228054	0.07458636909723282	0.02523289062082767	0.1581725031137466	0.01099368184804916	0.09001655876636505	0.0391312837600708	0.08758465945720673	0.1754641085863113	0.1276668608188629	0.1267855912446976	0.04404200986027718	0.07869058847427368	0.08389560878276825	0.0780172124505043	0.1211868152022362	0.1121979355812073	0.09079936891794205	0.01092903967946768	0.09448114782571793	0.1268669068813324	0.1106830760836601	0.09911653399467468	0.08924619853496552	0	0.225919097661972	0.1838999390602112	0.2498099505901337	0.2506164014339447	0.2234727442264557	0.2077803015708923	0.2977777123451233	0.2418911755084991	0.2271434962749481	0.249597892165184	0.173604354262352	0.2207817882299423	0.1705762594938278	0.2233733832836151	0.2250726073980331	0.245216116309166	0.250624805688858	0.2158015519380569	0.2590948641300201	0.2691754996776581	0.2443958967924118	0.2076474726200104	0.2396425157785416	0.2392807304859161	0.1909876316785812	0.2472853064537048	0.2481071203947067	0.2595206499099731
S3-female-3	0.1625373512506485	0.1565880179405212	0.07995039969682693	0.229626476764679	0.1276187747716904	0.03399944677948952	0.1521411240100861	0.1340233534574509	0.05857349187135696	0.1353641897439957	0.1390602886676788	0.1599957644939423	0.1761420965194702	0.1011865958571434	0.1712222099304199	0.08437302708625793	0.1594135016202927	0.06037441268563271	0.1192522495985031	0.07998973876237869	0.1219747811555862	0.1249769106507301	0.09377356618642807	0.1402973681688309	0.184081107378006	0.08439060300588608	0.09737840294837952	0.1058982610702515	0.052768524736166	0.0804707333445549	0.1871341019868851	0.0708041712641716	0.0708041787147522	0.1574965715408325	0.06391061097383499	0.08858757466077805	0.08045359700918198	0.1105134934186935	0.1176494881510735	0.110787458717823	0.1685925424098969	0.195309117436409	0.1903442591428757	0.1259642839431763	0.129202201962471	0.132377415895462	0.1635427474975586	0.1512744128704071	0.1969823390245438	0.08667203038930893	0.08338319510221481	0.1189357116818428	0.06975793838500977	0.08680109679698944	0.2082592695951462	0.2187215983867645	0.1161322444677353	0.2039353996515274	0.1301796585321426	0.1899323612451553	0.1680632382631302	0.1896469444036484	0.176169291138649	0.1710968166589737	0.1734704822301865	0.1389057040214539	0.1801967918872833	0.09400198608636856	0.08045359700918198	0.1546722501516342	0.1617383360862732	0.1036055535078049	0.1708163470029831	0.08781092613935471	0.1735281944274902	0.09918747097253799	0.1800567507743835	0.1333968639373779	0.2149205654859543	0.2489874064922333	0.1319786459207535	0.214277058839798	0.209540918469429	0.2122518569231033	0.2434766739606857	0.139581635594368	0.2460532635450363	0.2000290006399155	0.2441610097885132	0.2314336150884628	0.2381478697061539	0.1358059942722321	0.2176049798727036	0.2256689667701721	0.2309717237949371	0.1416808813810349	0.1597028821706772	0.1470590531826019	0.2115405201911926	0.2149401307106018	0.1384850293397903	0.1384850442409515	0.1747374981641769	0.2339966744184494	0.2406885623931885	0.2381478697061539	0.253227025270462	0.1779849231243134	0.1750054210424423	0.2457428276538849	0.2133663892745972	0.176113024353981	0.2155187278985977	0.1429073810577393	0.2407984882593155	0.235578328371048	0.1633726954460144	0.1766903400421143	0.205442801117897	0.1184927895665169	0.09686034917831421	0.1655111312866211	0.2121794372797012	0.2288721799850464	0.235777273774147	0.2166759669780731	0.1792646795511246	0.1062767058610916	0.1795085817575455	0.1577975153923035	0.09728190302848816	0.09580429643392563	0.09760915488004684	0.07403605431318283	0.139559805393219	0.2207553833723068	0.171757385134697	0.2373943477869034	0.1655783206224442	0.1596044152975082	0.115552581846714	0.16004578769207	0.2022332400083542	0.2035655975341797	0.1656584888696671	0.2320732623338699	0.1040840595960617	0.2233453840017319	0.1732340902090073	0.226198136806488	0.2305376976728439	0.1573509573936462	0.191810742020607	0.1964239329099655	0.251137763261795	0.1699233651161194	0.1678378880023956	0.2587532699108124	0.2098434120416641	0.1928071677684784	0.1618561744689941	0.2218444049358368	0.1946858167648315	0.2022772878408432	0.1690285950899124	0.1896702349185944	0.18109031021595	0.225919097661972	0	0.1516260206699371	0.04939117282629013	0.05480261892080307	0.07300540804862976	0.1842323839664459	0.1088036522269249	0.05373078212141991	0.156832829117775	0.05737226083874702	0.1408478617668152	0.007549368776381016	0.1375888884067535	0.01874949596822262	0.02272075228393078	0.2154387980699539	0.06212612241506577	0.1848887205123901	0.07080069184303284	0.07706861197948456	0.04998486489057541	0.1356951594352722	0.04100997373461723	0.04273489490151405	0.1590831279754639	0.04682764410972595	0.05857349187135696	0.06856288760900497
S3-male-1	0.03124234080314636	0.0596466064453125	0.1139953956007957	0.156680703163147	0.05900750309228897	0.1612129956483841	0.03464755415916443	0.07466234266757965	0.1078040972352028	0.09418351948261261	0.1967067867517471	0.238587960600853	0.2535668015480042	0.1839144676923752	0.13498355448246	0.1682495176792145	0.2380475550889969	0.1458643674850464	0.1943246722221375	0.1645021289587021	0.1968865394592285	0.199710950255394	0.1770097315311432	0.08395522832870483	0.2609267830848694	0.161480039358139	0.1803677529096603	0.1903371959924698	0.138763427734375	0.1646116673946381	0.2580649256706238	0.1422054618597031	0.1422054469585419	0.2247378379106522	0.1356198191642761	0.1591788977384567	0.1070689633488655	0.1821195185184479	0.186868891119957	0.1803361922502518	0.2409731447696686	0.267462819814682	0.2628210186958313	0.08330763131380081	0.08704690635204315	0.09071110934019089	0.125477209687233	0.230491504073143	0.16468246281147	0.1636317521333694	0.1673268526792526	0.2004347294569016	0.1546206921339035	0.1637534946203232	0.1774816364049911	0.1893265396356583	0.07193578779697418	0.1585909724235535	0.07197731733322144	0.2663491070270538	0.246073842048645	0.2660846710205078	0.2535921037197113	0.2488878816366196	0.251089334487915	0.2128080725669861	0.2582482993602753	0.1136578023433685	0.1070689633488655	0.2158982902765274	0.1903694570064545	0.1236497387290001	0.2427685111761093	0.1714538037776947	0.2453117519617081	0.1841001808643341	0.2578233778476715	0.2138822674751282	0.1772588491439819	0.1418259590864182	0.08088628202676773	0.1766610145568848	0.1710682362318039	0.1672893762588501	0.1508719623088837	0.2137744873762131	0.1470010280609131	0.1543439328670502	0.2043024897575378	0.1962096989154816	0.1902558505535126	0.08679255843162537	0.1803448349237442	0.1753107756376266	0.1815506368875504	0.08433567732572556	0.04333475977182388	0.07363277673721313	0.173514261841774	0.1704194247722626	0.08054289966821671	0.0805429071187973	0.1076268553733826	0.1925454586744308	0.1865644603967667	0.1902558505535126	0.2143146395683289	0.1266143023967743	0.1155383735895157	0.2056680768728256	0.1766587495803833	0.1399056315422058	0.1718436181545258	0.08704014122486115	0.1545992791652679	0.1480315923690796	0.2303128093481064	0.1403954327106476	0.1742881089448929	0.1954717040061951	0.1691314876079559	0.245634451508522	0.1681719273328781	0.1998601108789444	0.2078059315681458	0.1868763118982315	0.2524567544460297	0.1910368949174881	0.2093530744314194	0.2250234484672546	0.1736342012882233	0.1809549033641815	0.1809165626764297	0.1586112976074219	0.09880119562149048	0.1779180467128754	0.1116618812084198	0.1962010115385056	0.2440824806690216	0.2322808653116226	0.2327476441860199	0.2389501184225082	0.2799205482006073	0.2702785432338715	0.2441568523645401	0.1978823840618134	0.1803499907255173	0.1742537617683411	0.2450359463691711	0.1913348287343979	0.234459176659584	0.2322433292865753	0.2702904641628265	0.2742336392402649	0.205425813794136	0.2367963492870331	0.2458647638559341	0.227540597319603	0.2886027693748474	0.2633790969848633	0.109375074505806	0.1927231699228287	0.2602459788322449	0.2799612283706665	0.2469693571329117	0.2571535706520081	0.249042421579361	0.1838999390602112	0.1516260206699371	0	0.1812583804130554	0.1113194525241852	0.09176468104124069	0.06781646609306335	0.1675125807523727	0.131508857011795	0.0759737640619278	0.1346438378095627	0.01309359725564718	0.1452214568853378	0.01745382510125637	0.1553871780633926	0.1513830572366714	0.08474819362163544	0.1187476888298988	0.0570978969335556	0.1403230726718903	0.2050960808992386	0.1348382830619812	0.05147253349423409	0.1546890884637833	0.1207701563835144	0.0266171507537365	0.131539523601532	0.1078040972352028	0.117249459028244
S3-male-2	0.1915658116340637	0.1917876899242401	0.1117275655269623	0.2565350532531738	0.1577489376068115	0.06711190938949585	0.1818629205226898	0.1637202501296997	0.09169610589742661	0.1647001951932907	0.09724515676498413	0.1858245730400085	0.2010021656751633	0.1306950598955154	0.19843690097332	0.1149769872426987	0.1852775514125824	0.09257547557353973	0.1476051211357117	0.1109995916485786	0.1501554399728775	0.1529682576656342	0.1237626522779465	0.1695451736450195	0.2084715068340302	0.1149934232234955	0.127133309841156	0.1357827484607697	0.08548390120267868	0.1113317161798477	0.211344987154007	0.1025480553507805	0.1025480479001999	0.1836768984794617	0.09611908346414566	0.1191480085253716	0.1123229786753654	0.1404447704553604	0.1463227123022079	0.1399010419845581	0.1939996331930161	0.2195966988801956	0.214927926659584	0.1559309661388397	0.1589510291814804	0.1619133949279785	0.1917175501585007	0.1776339113712311	0.2223477512598038	0.1171250566840172	0.1140522509813309	0.1473086327314377	0.1013298630714417	0.117245689034462	0.2329282462596893	0.2427527606487274	0.1467650830745697	0.2290767580270767	0.1601080000400543	0.2139793187379837	0.1934057772159576	0.2137106359004974	0.2010277956724167	0.196257695555687	0.1984896212816238	0.1660268306732178	0.2050952464342117	0.1249549835920334	0.1123229786753654	0.1810256540775299	0.1883038431406021	0.1339168101549149	0.1959939897060394	0.1181893199682236	0.1985438913106918	0.1295146644115448	0.2048743069171906	0.1608605533838272	0.2398962676525116	0.2730377912521362	0.1624080389738083	0.239188626408577	0.2348545491695404	0.2373949140310287	0.2675407528877258	0.1667637377977371	0.2699563205242157	0.2253082394599915	0.2673383355140686	0.2553857266902924	0.2618907392024994	0.1652324199676514	0.2424128502607346	0.2503019869327545	0.2552737593650818	0.1714455038309097	0.1891596168279648	0.1768511384725571	0.2366231083869934	0.23991459608078	0.1684678494930267	0.1684678643941879	0.2025250792503357	0.2577917873859406	0.2642758190631866	0.2618907392024994	0.2760534286499023	0.2055578678846359	0.2027752697467804	0.2690218389034271	0.2377230077981949	0.2034612149000168	0.2400457412004471	0.1719809025526047	0.2650305330753326	0.2601393461227417	0.1891947239637375	0.2041151523590088	0.2302848398685455	0.147555023431778	0.127701610326767	0.1916016489267349	0.2368108630180359	0.2529816925525665	0.2593646049499512	0.2409300208091736	0.2045152634382248	0.136252298951149	0.2056960463523865	0.1839594393968582	0.1270430535078049	0.1263558566570282	0.1274618804454803	0.1053231358528137	0.1687354743480682	0.2449611127376556	0.1997426152229309	0.2610832452774048	0.1911671012639999	0.1854569017887115	0.1434934884309769	0.1859697252511978	0.2262039184570312	0.2276468127965927	0.1912424117326736	0.2553973495960236	0.1335169076919556	0.247392937541008	0.1982673406600952	0.2497785240411758	0.2536588311195374	0.1840495616197586	0.2164021730422974	0.2206452786922455	0.2740901112556458	0.1954461932182312	0.1931939423084259	0.2809642851352692	0.2338437587022781	0.2166862487792969	0.1896792501211166	0.2457843124866486	0.2187306582927704	0.2262453734874725	0.1943132430315018	0.2145859152078629	0.2065281271934509	0.2498099505901337	0.04939117282629013	0.1812583804130554	0	0.08805790543556213	0.1053840816020966	0.2119018882513046	0.1400452554225922	0.08666016161441803	0.1858470737934113	0.08992915600538254	0.1709655374288559	0.04246719181537628	0.167931467294693	0.05302296206355095	0.05659738928079605	0.2425322681665421	0.09500367194414139	0.2131424397230148	0.1024521738290787	0.0362563282251358	0.08993504196405411	0.1656500101089478	0.07389312237501144	0.07629276067018509	0.1883473694324493	0.08687547594308853	0.09169610589742661	0.1007327511906624
S3-male-3	0.1147685274481773	0.1461900025606155	0.05171638354659081	0.1853137463331223	0.101479597389698	0.07318294793367386	0.1340000629425049	0.1155892536044121	0.003989508841186762	0.1612962484359741	0.09959389269351959	0.195822149515152	0.2113800346851349	0.1391227543354034	0.2096621841192245	0.1229026988148689	0.1952610015869141	0.09974382817745209	0.1565458923578262	0.1188263073563576	0.1591711491346359	0.1620659232139587	0.1319719254970551	0.1663767397403717	0.2190282791852951	0.1229196712374687	0.1354493647813797	0.1445831507444382	0.09240224212408066	0.1191375553607941	0.2219691872596741	0.09596064686775208	0.09596065431833267	0.1814458221197128	0.08915285766124725	0.1135158240795135	0.0596618689596653	0.135856881737709	0.1421831548213959	0.1354167014360428	0.2042463570833206	0.2306801974773407	0.2259026020765305	0.1658377200365067	0.1689507067203522	0.1720032691955566	0.2029596120119095	0.1874169856309891	0.2340767383575439	0.1251208037137985	0.1219476833939552	0.1562406271696091	0.1088000610470772	0.1252453327178955	0.2449048608541489	0.2549489438533783	0.1563839763402939	0.2289324700832367	0.1564184278249741	0.2246646136045456	0.2035961300134659	0.2243897169828415	0.2114062756299973	0.2065190821886063	0.2088060826063156	0.1754947304725647	0.2156988680362701	0.07406320422887802	0.0596618689596653	0.1786645650863647	0.1458097994327545	0.08426108211278915	0.2062488198280334	0.1262195855379105	0.2088616639375687	0.1381160765886307	0.2154319435358047	0.1701839715242386	0.2464104443788528	0.2096946388483047	0.1658870279788971	0.2516331076622009	0.241192951798439	0.2438222616910934	0.2242146730422974	0.1700721681118011	0.2269627302885056	0.2311467826366425	0.2747564017772675	0.2624210119247437	0.2573845982551575	0.168738916516304	0.2490136474370956	0.2381805032491684	0.2435082942247391	0.1753154397010803	0.141868531703949	0.1590159833431244	0.2490088045597076	0.2464294135570526	0.1722100526094437	0.1722100675106049	0.1944365203380585	0.2649054825305939	0.2599030733108521	0.2573845982551575	0.2780387997627258	0.2042315900325775	0.2013048380613327	0.2707061469554901	0.2498079985380173	0.2150232791900635	0.2404109239578247	0.1689450591802597	0.227647453546524	0.2221407145261765	0.1872314959764481	0.2157468795776367	0.2422006875276566	0.1567184180021286	0.122394859790802	0.2020004242658615	0.2370262145996094	0.2657876312732697	0.2722470164299011	0.253139466047287	0.2152395695447922	0.1451043486595154	0.1641103029251099	0.1817421317100525	0.1353562772274017	0.1348554939031601	0.1358223259449005	0.1129285022616386	0.1790748834609985	0.2455499470233917	0.1981139481067657	0.2624136805534363	0.2013423591852188	0.1954450011253357	0.1520978510379791	0.1960118114948273	0.2374844998121262	0.227444976568222	0.2014196068048477	0.2679158449172974	0.1420669555664062	0.2480912655591965	0.2085783034563065	0.2621254622936249	0.2659730613231659	0.1942928582429886	0.2274574041366577	0.2317528873682022	0.2759920060634613	0.1937752664089203	0.2033789604902267	0.2942674160003662	0.245542511343956	0.2274336069822311	0.1875843107700348	0.2580999135971069	0.2181379348039627	0.2375268787145615	0.204526275396347	0.2137860655784607	0.2053490430116653	0.2506164014339447	0.05480261892080307	0.1113194525241852	0.08805790543556213	0	0.05173754692077637	0.1610385626554489	0.05733747407793999	0.03177225217223167	0.117447167634964	0.03573629632592201	0.1148755475878716	0.04761271551251411	0.1113675534725189	0.05859416350722313	0.06228069588541985	0.1708700060844421	0.007965055294334888	0.138394832611084	0.05001316964626312	0.1147972717881203	0.03551280125975609	0.09489529579877853	0.07312779873609543	0.02015560120344162	0.1109081134200096	0.03225033357739449	0.003989508841186762	0.02441632188856602
S4-female-1	0.1114059239625931	0.1132645905017853	0.0395541712641716	0.2253832519054413	0.1197203621268272	0.08382434397935867	0.09207399189472198	0.1264558136463165	0.04803077504038811	0.1436488777399063	0.138755589723587	0.1680269241333008	0.1843939572572708	0.1082863286137581	0.1801198571920395	0.091169573366642	0.167436420917511	0.06670980155467987	0.1199912205338478	0.08673162013292313	0.1227894723415375	0.1258745044469833	0.1007416695356369	0.1346342116594315	0.1924360245466232	0.08411603420972824	0.1044109240174294	0.1132573932409286	0.05895072221755981	0.08719457685947418	0.1896127164363861	0.06271177530288696	0.06271178275346756	0.1528931558132172	0.05551578104496002	0.08125831931829453	0.02431884221732616	0.1039026826620102	0.1115145608782768	0.1043764278292656	0.1706347912549973	0.1980423480272293	0.192960649728775	0.1340639293193817	0.1373575925827026	0.1405869424343109	0.1724815666675568	0.1591800451278687	0.2061558663845062	0.08646626770496368	0.09016139060258865	0.1263376921415329	0.07627765089273453	0.08659925311803818	0.2175745069980621	0.2281611561775208	0.124058373272419	0.2007290422916412	0.1240948885679245	0.1983608901500702	0.176206573843956	0.1980719119310379	0.184421569108963	0.1792813688516617	0.1816869080066681	0.1401800811290741	0.1886010468006134	0.03188122808933258	0.02431884221732616	0.1435554027557373	0.1153395771980286	0.04279512166976929	0.172904908657074	0.09467083960771561	0.1756828278303146	0.1064265742897987	0.1884273290634155	0.1410315036773682	0.2246082872152328	0.2069419175386429	0.1404374837875366	0.2176936268806458	0.2191623151302338	0.2156350165605545	0.2014329135417938	0.1473432183265686	0.1978255212306976	0.2030317038297653	0.2482750117778778	0.2413133233785629	0.2360595762729645	0.1441090255975723	0.2273250967264175	0.2356229573488235	0.2409864813089371	0.1431791484355927	0.100135549902916	0.1487376540899277	0.2148915827274323	0.2183877527713776	0.1398891806602478	0.139889195561409	0.1634262502193451	0.2378860861063004	0.2326086014509201	0.2360595762729645	0.251644641160965	0.1736853122711182	0.1637081354856491	0.2439117580652237	0.2166730165481567	0.1852402091026306	0.2127111703157425	0.1373516619205475	0.1984482109546661	0.1926271766424179	0.1589848101139069	0.1858664751052856	0.2147233784198761	0.1192283406853676	0.08967246860265732	0.1738193482160568	0.2092667818069458	0.2387232780456543	0.245660811662674	0.2261324524879456	0.1816141158342361	0.1136729419231415	0.1337408870458603	0.1532052457332611	0.09739165008068085	0.102981872856617	0.1046740561723709	0.0806380957365036	0.1479254812002182	0.218130812048912	0.1602902114391327	0.2352897673845291	0.1737200915813446	0.1676300168037415	0.1616452932357788	0.1681099236011505	0.2110574096441269	0.2004932016134262	0.1738013327121735	0.2358189821243286	0.1043933108448982	0.2146918028593063	0.1753815710544586	0.2297975867986679	0.2746705412864685	0.1591550558805466	0.2005062997341156	0.2051413804292679	0.2435313910245895	0.1657556742429733	0.1759781092405319	0.268867701292038	0.2189486920833588	0.1954171806573868	0.1570630818605423	0.2313607484102249	0.1913882046937943	0.2111019939184189	0.1771850883960724	0.186113029718399	0.1772260963916779	0.2234727442264557	0.07300540804862976	0.09176468104124069	0.1053840816020966	0.05173754692077637	0	0.1283552050590515	0.1075039133429527	0.05066696926951408	0.1500532478094101	0.05444934591650963	0.0800342932343483	0.06600727885961533	0.08406303077936172	0.07676815241575241	0.07308738678693771	0.1604730188846588	0.05931079387664795	0.1351219713687897	0.06100692972540855	0.131431058049202	0.05430634319782257	0.1281014233827591	0.08381655067205429	0.03928984701633453	0.1075160652399063	0.05105731636285782	0.04803077504038811	0.05854225531220436
S4-male-1	0.05558757483959198	0.09871300309896469	0.1197640746831894	0.2079330682754517	0.06602075695991516	0.1930409073829651	0.04342417418956757	0.08133240044116974	0.1578493863344193	0.08532233536243439	0.2411420494318008	0.2537918984889984	0.2566863596439362	0.1947495192289352	0.169011265039444	0.1933094561100006	0.2170231193304062	0.150942325592041	0.1920934617519379	0.1963850557804108	0.2009149938821793	0.1974362283945084	0.174914613366127	0.1212605088949203	0.275252491235733	0.1932902634143829	0.2047625780105591	0.1888879686594009	0.1654777377843857	0.1829061210155487	0.2376831769943237	0.1754479706287384	0.1754479706287384	0.2463758140802383	0.1693104952573776	0.1912794709205627	0.1427355408668518	0.1874193102121353	0.191110372543335	0.2110398709774017	0.2560817301273346	0.2532871961593628	0.242747887969017	0.1132715046405792	0.124130979180336	0.1202307641506195	0.1320483088493347	0.2460199892520905	0.1829738318920135	0.1683195233345032	0.1719596236944199	0.204412430524826	0.1870260387659073	0.1684387922286987	0.2016043961048126	0.2128141969442368	0.1101070418953896	0.1837435364723206	0.1101455539464951	0.2804654836654663	0.2666327953338623	0.2802112102508545	0.2737771570682526	0.2693065106868744	0.2657986581325531	0.2289869636297226	0.2613256573677063	0.1487129330635071	0.1427355408668518	0.2378958314657211	0.2138016074895859	0.1580144912004471	0.2577410042285919	0.2027403563261032	0.2485631108283997	0.1893331408500671	0.2608954906463623	0.2360794842243195	0.1619214415550232	0.1547984331846237	0.08856010437011719	0.1749040186405182	0.1693572998046875	0.1656229048967361	0.1348787099123001	0.2109644412994385	0.1310245096683502	0.1593566536903381	0.1891640275716782	0.1942630857229233	0.1883634328842163	0.1086390018463135	0.1718293279409409	0.1871463805437088	0.1931799352169037	0.0762445330619812	0.05195534229278564	0.09736121445894241	0.1581932008266449	0.1550546884536743	0.07245338708162308	0.07245340198278427	0.1145993694663048	0.1906406730413437	0.1847144961357117	0.1883634328842163	0.1927478611469269	0.125357910990715	0.114410936832428	0.2036282569169998	0.2007218599319458	0.1313125640153885	0.1963770538568497	0.1241246834397316	0.1388711631298065	0.1465455293655396	0.2399809956550598	0.1389897763729095	0.1985835134983063	0.1804633587598801	0.1747190207242966	0.243276447057724	0.1927995979785919	0.1978718489408493	0.1929081678390503	0.2105967402458191	0.2382839620113373	0.1755619496107101	0.2072810381650925	0.2407730519771576	0.1914593726396561	0.1862564831972122	0.1985820829868317	0.1907497197389603	0.1352054923772812	0.202121376991272	0.1185666397213936	0.194254457950592	0.264830470085144	0.2474298477172852	0.2539773881435394	0.2599568665027618	0.2773058414459229	0.2677296102046967	0.253231018781662	0.208285853266716	0.1848490387201309	0.1985504329204559	0.2425296306610107	0.2021429985761642	0.2322184443473816	0.2299899905920029	0.2677415013313293	0.2660215497016907	0.2033973038196564	0.2579122185707092	0.2433416545391083	0.2314343303442001	0.2628062665462494	0.2607491314411163	0.1301590949296951	0.2161309570074081	0.2688639760017395	0.2773462533950806	0.2674836218357086	0.2546985447406769	0.2466478198766708	0.2077803015708923	0.1842323839664459	0.06781646609306335	0.2119018882513046	0.1610385626554489	0.1283552050590515	0	0.2148678600788116	0.1656267046928406	0.09936249256134033	0.1399609297513962	0.05545863881707191	0.1782596260309219	0.05966842174530029	0.1878803372383118	0.1632038503885269	0.1398717164993286	0.1679908335208893	0.04804903641343117	0.1454959809780121	0.2089846432209015	0.1687273383140564	0.1066117137670517	0.1595607548952103	0.155481830239296	0.08446722477674484	0.1655092984437943	0.1578493863344193	0.1372818797826767
S4-male-2	0.1707309186458588	0.200054943561554	0.09971189498901367	0.1431660205125809	0.1565971374511719	0.1191368997097015	0.1896628141403198	0.1700241416692734	0.06131111457943916	0.2071003764867783	0.05501752719283104	0.242668479681015	0.2572727203369141	0.1894602179527283	0.2597615718841553	0.1742434054613113	0.2421417534351349	0.1525205075740814	0.2058079093694687	0.1706315726041794	0.2082713395357132	0.2109877169132233	0.1827514469623566	0.2188984453678131	0.2644528746604919	0.1742593348026276	0.186013862490654	0.1958459913730621	0.1456349641084671	0.1707114279270172	0.2672138810157776	0.1489722728729248	0.1489722728729248	0.2291749566793442	0.1425875723361969	0.1654380559921265	0.1149335131049156	0.1878908574581146	0.1923315525054932	0.1859831959009171	0.2507665753364563	0.2765220403671265	0.2720437347888947	0.2183952778577805	0.2213013917207718	0.224151223897934	0.2544243931770325	0.2347792536020279	0.2821182906627655	0.1763242036104202	0.173347532749176	0.2055214792490005	0.1610147356987	0.1764410436153412	0.2922333180904388	0.3016168177127838	0.2095701843500137	0.2773130536079407	0.2096023559570312	0.2697445154190063	0.2499656826257706	0.2694863975048065	0.2572973370552063	0.2527095079421997	0.2548563778400421	0.2235898077487946	0.2618860006332397	0.1284369826316833	0.1149335131049156	0.2265647053718567	0.1957342028617859	0.138000026345253	0.2524558305740356	0.1773549914360046	0.2549085915088654	0.1897884905338287	0.2614566385746002	0.2186058163642883	0.2949305176734924	0.2607019245624542	0.2198769599199295	0.2998002767562866	0.2900657951831818	0.2925172746181488	0.2742369771003723	0.2185009270906448	0.276798814535141	0.2793814539909363	0.3213640153408051	0.3098600506782532	0.3051634430885315	0.2211036831140518	0.2973577976226807	0.287257045507431	0.2922245264053345	0.2286620587110519	0.197500616312027	0.2134751975536346	0.2973532974720001	0.2949482202529907	0.2257684767246246	0.2257684916257858	0.2464808374643326	0.3121769428253174	0.307511955499649	0.3051634430885315	0.3246370851993561	0.2558443248271942	0.2531173825263977	0.3178005516529083	0.29681396484375	0.2656688988208771	0.2882467806339264	0.2212961614131927	0.2776643037796021	0.2725324630737305	0.2346051782369614	0.2665742039680481	0.2897071540355682	0.2072136551141739	0.1752862334251404	0.2496415823698044	0.2848734855651855	0.3132150769233704	0.3190236985683441	0.3001340925693512	0.2620493173599243	0.1965501457452774	0.2143494486808777	0.2294530868530273	0.1859265267848969	0.186734527349472	0.1865715235471725	0.1648871600627899	0.2309828251600266	0.2930459976196289	0.2501444518566132	0.3098532259464264	0.2480413466691971	0.2423144578933716	0.2004228979349136	0.2430390566587448	0.2830918729305267	0.2736836075782776	0.2481138408184052	0.3139356970787048	0.1924287080764771	0.2954193651676178	0.2546426057815552	0.3083219528198242	0.3114906847476959	0.2426215708255768	0.2736952304840088	0.2775275707244873	0.3227287828922272	0.2409403175115585	0.2497618347406387	0.3395626246929169	0.2916372120380402	0.2723442316055298	0.2386985123157501	0.3047671020030975	0.263804018497467	0.2831315994262695	0.2508388161659241	0.2608847916126251	0.2529797554016113	0.2977777123451233	0.1088036522269249	0.1675125807523727	0.1400452554225922	0.05733747407793999	0.1075039133429527	0.2148678600788116	0	0.08739383518695831	0.1656255275011063	0.09089554101228714	0.1708308011293411	0.102050207555294	0.1675574779510498	0.1125798970460892	0.1158282086253166	0.1285345852375031	0.06504315882921219	0.1942647993564606	0.1043048650026321	0.1651715040206909	0.09090593457221985	0.1506794989109039	0.1262292414903641	0.07626336812973022	0.1671287715435028	0.08762165904045105	0.06131111457943916	0.08026450127363205
S4-male-3	0.1428891122341156	0.1440759748220444	0.05807147547602654	0.211712509393692	0.1070709079504013	0.0719277411699295	0.1319608390331268	0.1066204607486725	0.03565048053860664	0.1590703725814819	0.1193225085735321	0.1934829205274582	0.2089341729879379	0.1372221708297729	0.2070122510194778	0.1211420893669128	0.1929256916046143	0.0981941819190979	0.1545021235942841	0.1103000864386559	0.1571064889431	0.1599783301353455	0.130132257938385	0.1640881896018982	0.2165322005748749	0.1211589053273201	0.1335799098014832	0.1425881087779999	0.09092221409082413	0.1174103394150734	0.2194541841745377	0.09444671124219894	0.09444672614336014	0.1792103052139282	0.08770406991243362	0.11183912307024	0.05850832164287567	0.1271573305130005	0.140256866812706	0.1335475444793701	0.1959747672080994	0.2280458211898804	0.2232988774776459	0.1635537147521973	0.1666406989097595	0.1696680039167404	0.2003123313188553	0.1851377636194229	0.2312815487384796	0.1233406737446785	0.1201955080032349	0.1541993468999863	0.1071663498878479	0.1234641075134277	0.2420398890972137	0.2520219385623932	0.1541804671287537	0.226171463727951	0.1542146503925323	0.2221324443817139	0.2012028694152832	0.2218592613935471	0.2089602053165436	0.2041058987379074	0.2063774615526199	0.1733036786317825	0.2074042409658432	0.07276283204555511	0.05850832164287567	0.1764497309923172	0.1438533663749695	0.08285979181528091	0.2038374990224838	0.1244298294186592	0.2064326852560043	0.136176586151123	0.2129388451576233	0.1680333167314529	0.2494087964296341	0.2331511825323105	0.1704170405864716	0.2486474066972733	0.2442835867404938	0.2468662858009338	0.2276122272014618	0.1740847080945969	0.2303098738193512	0.2343316227197647	0.2772705554962158	0.2651423513889313	0.2601921260356903	0.1730930805206299	0.2519663274288177	0.2601185142993927	0.2651677429676056	0.1796541810035706	0.1397370100021362	0.1852951943874359	0.2460397183895111	0.2494274377822876	0.1766114383935928	0.176611453294754	0.1983970999717712	0.2675846815109253	0.2626673877239227	0.2601921260356903	0.2692176103591919	0.1950580030679703	0.1921193599700928	0.2618454098701477	0.2469124495983124	0.2122861444950104	0.2316374480724335	0.1666351109743118	0.2185747027397156	0.2130433470010757	0.1849536597728729	0.2066216021776199	0.2393527925014496	0.1546219885349274	0.1136616617441177	0.1995583474636078	0.2342116981744766	0.2569009363651276	0.269137442111969	0.2444264590740204	0.2127061635255814	0.1364296823740005	0.155491441488266	0.179504469037056	0.1334876269102097	0.1329443752765656	0.1273370534181595	0.1112571433186531	0.1700510084629059	0.2368005067110062	0.1889157146215439	0.2593617141246796	0.1930601298809052	0.193108394742012	0.150138720870018	0.1877103596925735	0.229139119386673	0.2190567404031754	0.1931376308202744	0.2592767179012299	0.1335979402065277	0.2393538951873779	0.2061512321233749	0.2591558694839478	0.2630087435245514	0.1857753247022629	0.2190692126750946	0.2291117459535599	0.2671597003936768	0.1854659020900726	0.2009871900081635	0.2910382151603699	0.2370504140853882	0.2248839735984802	0.1851240396499634	0.2494112551212311	0.209919273853302	0.2291816920042038	0.2021266520023346	0.2053422778844833	0.1968725323677063	0.2418911755084991	0.05373078212141991	0.131508857011795	0.08666016161441803	0.03177225217223167	0.05066696926951408	0.1656267046928406	0.08739383518695831	0	0.1371776759624481	0.03486312180757523	0.1203472837805748	0.04661476612091064	0.1169155016541481	0.05020614340901375	0.06113329157233238	0.1973450481891632	0.03178482130169868	0.165866807103157	0.04899041354656219	0.1131565198302269	0.01946401968598366	0.1152976751327515	0.07892487943172455	0.01945117674767971	0.1392543762922287	0.03141442313790321	0.03565048053860664	0.04636652767658234
S5-female-1	0.08872281014919281	0.08227209746837616	0.1422025859355927	0.1624567061662674	0.07418550550937653	0.1662302017211914	0.06829328089952469	0.08161970227956772	0.1140126213431358	0.1235625967383385	0.2012508809566498	0.2770316004753113	0.2907880842685699	0.2269726991653442	0.1542864590883255	0.2126740962266922	0.2765356004238129	0.1922753751277924	0.2423426955938339	0.2094476073980331	0.2446595579385757	0.2472145557403564	0.1943218559026718	0.1054233312606812	0.297554075717926	0.2126890420913696	0.2237336337566376	0.2085791826248169	0.1858129054307938	0.209356352686882	0.3001562654972076	0.1610209047794342	0.1610209047794342	0.2400881052017212	0.1547266095876694	0.1772535741329193	0.127464085817337	0.2008122354745865	0.2037662714719772	0.2237048298120499	0.2848047614097595	0.2879361808300018	0.2835308909416199	0.104806162416935	0.1083699315786362	0.1118627861142159	0.1163547039031982	0.2456130534410477	0.1825200468301773	0.2146288603544235	0.2118325084447861	0.2420733124017715	0.2002499103546143	0.2147386223077774	0.1947738230228424	0.2061213403940201	0.09397248178720474	0.2038677334785461	0.09401201456785202	0.2800832986831665	0.2839043140411377	0.2798288464546204	0.29081130027771	0.2864890396595001	0.2885115444660187	0.2590712308883667	0.2955619990825653	0.1407763659954071	0.127464085817337	0.2375147789716721	0.2071207910776138	0.1502040326595306	0.2862500250339508	0.2155972868204117	0.288560688495636	0.2026210576295853	0.2950208187103271	0.2296685576438904	0.1960880160331726	0.162395104765892	0.1043221428990364	0.2019983977079391	0.1901785433292389	0.1931571960449219	0.1709135621786118	0.254282683134079	0.1740353554487228	0.2062584906816483	0.2281062602996826	0.2141909450292587	0.2085014432668686	0.138636589050293	0.19903464615345	0.1943238526582718	0.2002803683280945	0.1151293963193893	0.07671556621789932	0.1052493825554848	0.1990291476249695	0.1961095035076141	0.111571729183197	0.1115717366337776	0.1369957774877548	0.2169958651065826	0.2113470435142517	0.2085014432668686	0.2315801978111267	0.1478972434997559	0.1445580124855042	0.2233114689588547	0.2263815402984619	0.1604620069265366	0.2161414176225662	0.1388608366250992	0.1745557487010956	0.1682956516742706	0.2694394290447235	0.161019966006279	0.2181836664676666	0.2197604030370712	0.1884155869483948	0.2614941895008087	0.2126033306121826	0.2177595645189285	0.2252777069807053	0.2298614084720612	0.2736994028091431	0.2093287855386734	0.2268349826335907	0.2645894885063171	0.2236515730619431	0.1996172219514847	0.2244199216365814	0.2038862258195877	0.1497343629598618	0.2216832339763641	0.1409155875444412	0.2141826301813126	0.2822384238243103	0.2766982018947601	0.2363363355398178	0.2775284945964813	0.2944497466087341	0.285195380449295	0.2823066413402557	0.2457626909017563	0.2299237102270126	0.224422499537468	0.2883101105690002	0.239639475941658	0.2200064957141876	0.2546424865722656	0.2852068245410919	0.2889253497123718	0.2292731404304504	0.2755526602268219	0.2837122678756714	0.2500594556331635	0.3031183183193207	0.3049922287464142	0.1591094732284546	0.2352026104927063	0.29708531498909	0.294488787651062	0.2847267985343933	0.2726061940193176	0.2648307383060455	0.2271434962749481	0.156832829117775	0.0759737640619278	0.1858470737934113	0.117447167634964	0.1500532478094101	0.09936249256134033	0.1656255275011063	0.1371776759624481	0	0.1402189582586288	0.07986712455749512	0.150565966963768	0.07602643966674805	0.1605361998081207	0.1633532047271729	0.1154402568936348	0.1247322335839272	0.08187056332826614	0.1526580005884171	0.18302983045578	0.1331013441085815	0.02513786777853966	0.1665512472391129	0.1266536712646484	0.07660927623510361	0.1371830403804779	0.1140126213431358	0.1303621977567673
S5-female-2	0.1164412051439285	0.1470276117324829	0.03106394782662392	0.2073524296283722	0.08044583350419998	0.0753612294793129	0.1351042091846466	0.08012642711400986	0.0395832248032093	0.1339464634656906	0.1224400103092194	0.1957273930311203	0.2110327184200287	0.1400318592786789	0.2093141078948975	0.1241230294108391	0.1706175059080124	0.07253838330507278	0.1308547407388687	0.12013179063797	0.1335506588220596	0.1365233659744263	0.1056223511695862	0.1668190658092499	0.2185604572296143	0.124139666557312	0.136428028345108	0.1454099714756012	0.09423667192459106	0.120431624352932	0.1980558186769485	0.09772148728370667	0.09772149473428726	0.1815931648015976	0.09105493128299713	0.1149211004376411	0.06219745427370071	0.1368560940027237	0.1161065250635147	0.1363959461450577	0.2040127068758011	0.2300171703100204	0.2253141701221466	0.1662904024124146	0.1693439334630966	0.1723386347293854	0.2027250230312347	0.1874627619981766	0.2333239614963531	0.09858851879835129	0.09533092379570007	0.1305412948131561	0.1102996468544006	0.09871638566255569	0.2439796775579453	0.2538683414459229	0.1570197343826294	0.2282634228467941	0.157053530216217	0.22410948574543	0.2033739387989044	0.2238387912511826	0.2110585272312164	0.2062496095895767	0.208499863743782	0.1757448017597198	0.215278148651123	0.07628503441810608	0.06219745427370071	0.1788597702980042	0.1465936899185181	0.08626580238342285	0.2059837281703949	0.1273754090070724	0.2085545808076859	0.1390672624111176	0.2150170803070068	0.1705269068479538	0.2513383030891418	0.2352692633867264	0.1731632500886917	0.2505756020545959	0.2462625801563263	0.2488202601671219	0.2297554910182953	0.1510288715362549	0.2324262112379074	0.2363535612821579	0.2789396643638611	0.2669230699539185	0.2620191276073456	0.1757384836673737	0.2538713216781616	0.2619724571704865	0.2669737637042999	0.1822988986968994	0.1428179144859314	0.1879157423973083	0.2479929178953171	0.2513567507266998	0.1792894303798676	0.1792894452810287	0.2008407860994339	0.2693426907062531	0.2644712030887604	0.2620191276073456	0.2765730619430542	0.2039729803800583	0.2010991871356964	0.2693492770195007	0.2488064467906952	0.2145747691392899	0.2395529448986053	0.1693384200334549	0.2269790917634964	0.2215664833784103	0.1872804462909698	0.2152836471796036	0.241318091750145	0.1573165059089661	0.1236609369516373	0.2017993330955505	0.2362260073423386	0.2645051777362823	0.2708732485771179	0.2520819306373596	0.2148209661245346	0.1459245979785919	0.1645740270614624	0.1818844676017761	0.1363366991281509	0.1358700841665268	0.1367978304624557	0.114345520734787	0.1792786419391632	0.244610533118248	0.1979664862155914	0.2611883580684662	0.2011561393737793	0.195356473326683	0.1527495980262756	0.1959135234355927	0.2367137372493744	0.226829782128334	0.2012321054935455	0.2666356563568115	0.1429241746664047	0.247112050652504	0.2082757651805878	0.2609366774559021	0.2647385001182556	0.1942214369773865	0.2268420308828354	0.2310733050107956	0.2745564579963684	0.1937142312526703	0.2031603157520294	0.2925770878791809	0.2446306049823761	0.2268360406160355	0.1876306384801865	0.2569665610790253	0.2176821529865265	0.2367554754018784	0.2042890191078186	0.2133893221616745	0.2050911486148834	0.249597892165184	0.05737226083874702	0.1346438378095627	0.08992915600538254	0.03573629632592201	0.05444934591650963	0.1399609297513962	0.09089554101228714	0.03486312180757523	0.1402189582586288	0	0.1235840022563934	0.05033907666802406	0.1201924905180931	0.06109176948666573	0.0646895170211792	0.1999217122793198	0.04328030347824097	0.1395986825227737	0.01480597350746393	0.08874988555908203	0.0385192446410656	0.1185357421636581	0.05310963466763496	0.02349909022450447	0.1423154324293137	0.03531833365559578	0.0395832248032093	0.01926833763718605
S5-male-1	0.03546666353940964	0.04731167852878571	0.1025895401835442	0.1602962762117386	0.04671623930335045	0.1506398022174835	0.02170422114431858	0.06258676201105118	0.1113883331418037	0.08244208991527557	0.1997804045677185	0.2292116284370422	0.2444250285625458	0.1736647337675095	0.1238297149538994	0.1577445864677429	0.2286626845598221	0.1349909603595734	0.1842880100011826	0.1538888365030289	0.1868909895420074	0.1897606402635574	0.166647806763649	0.07203914225101471	0.2518995404243469	0.1509112417697906	0.1700604259967804	0.179913654923439	0.1277721524238586	0.1540471762418747	0.2490334063768387	0.1312713772058487	0.1312713772058487	0.2151427567005157	0.12457624822855	0.1485252231359482	0.09554620832204819	0.1715109348297119	0.1766670495271683	0.1700283885002136	0.2316344678401947	0.2583342790603638	0.253618985414505	0.07138045877218246	0.0751836821436882	0.0789104700088501	0.1139571219682693	0.220987468957901	0.1541191190481186	0.153098076581955	0.1568068265914917	0.1904517263174057	0.1438919603824615	0.1532218307256699	0.1671273708343506	0.1791644543409348	0.05981327220797539	0.1479275971651077	0.05985552445054054	0.2574059069156647	0.2368149757385254	0.2571373581886292	0.2444506883621216	0.2396730184555054	0.2419089376926422	0.2030666470527649	0.2490592002868652	0.1022968888282776	0.09554620832204819	0.2062059044837952	0.1802242547273636	0.1124560236930847	0.2334990948438644	0.1610012501478195	0.2360820323228836	0.1735728979110718	0.2486661076545715	0.2041146010160446	0.1666173487901688	0.1452331691980362	0.06858972460031509	0.1660580039024353	0.160322979092598	0.1565298587083817	0.1397858262062073	0.2040050476789474	0.1358999311923981	0.1436582058668137	0.1941563785076141	0.1858835071325302	0.1798309534788132	0.0749250203371048	0.1697549223899841	0.1784577518701553	0.1846502870321274	0.07215561717748642	0.03042912855744362	0.07758370041847229	0.1628588140010834	0.1597122997045517	0.06829637289047241	0.06829635798931122	0.09585203230381012	0.182205855846405	0.1761259585618973	0.1798309534788132	0.2042407691478729	0.1150611937046051	0.1038471162319183	0.1954515427350998	0.1663370877504349	0.1286328583955765	0.1613509505987167	0.07517683506011963	0.1435259729623795	0.1368463337421417	0.2208059728145599	0.1290795207023621	0.1638818234205246	0.1851804107427597	0.1583044528961182	0.2361150681972504	0.1576657444238663	0.1895473599433899	0.1976710706949234	0.1766291856765747	0.2430897951126099	0.1805773824453354	0.1991974413394928	0.2154328972101212	0.1632634401321411	0.1703751683235168	0.1705723404884338	0.1479482650756836	0.08708637952804565	0.1675248593091965	0.09990349411964417	0.1858747005462646	0.2347511202096939	0.2288426458835602	0.2232792675495148	0.229537770152092	0.2709065675735474	0.2611112296581268	0.2348265945911407	0.1878585964441299	0.1700426340103149	0.1638471782207489	0.2358019351959229	0.1812501400709152	0.2309693247079849	0.2225078195333481	0.261123389005661	0.2651707828044891	0.1952520459890366	0.2273499518632889	0.2366026192903519	0.2239872068166733	0.2795137763023376	0.2544297575950623	0.09789129346609116	0.1825709939002991	0.2511679530143738	0.2709479033946991	0.2377245128154755	0.2477763146162033	0.2395345270633698	0.173604354262352	0.1408478617668152	0.01309359725564718	0.1709655374288559	0.1148755475878716	0.0800342932343483	0.05545863881707191	0.1708308011293411	0.1203472837805748	0.07986712455749512	0.1235840022563934	0	0.13433738052845	0.004379219841212034	0.1446233689785004	0.1406487226486206	0.08873856067657471	0.1222602277994156	0.06120947748422623	0.1294063627719879	0.1951879113912582	0.1237324848771095	0.05550244078040123	0.1440090239048004	0.1094782650470734	0.03088182210922241	0.1204279214143753	0.1113883331418037	0.1207254901528358
S5-male-3	0.1562653779983521	0.157172828912735	0.07308565080165863	0.2238106578588486	0.1211097911000252	0.02684858813881874	0.1457162350416183	0.1276100277900696	0.05141226947307587	0.1290316730737686	0.1327894777059555	0.1544425338506699	0.170800969004631	0.0948256179690361	0.1653556376695633	0.07777097076177597	0.1538525223731995	0.05342042446136475	0.1131452769041061	0.07329775393009186	0.1159056350588799	0.1189493462443352	0.08730685710906982	0.1339831054210663	0.178842768073082	0.07778880000114441	0.0909632220864296	0.09945141524076462	0.04570107534527779	0.07381207495927811	0.1819349974393845	0.0639498308300972	0.0639498382806778	0.1518654525279999	0.05695381388068199	0.08199401944875717	0.07356786727905273	0.1040547266602516	0.1114711239933968	0.1045122891664505	0.1631312817335129	0.1900909394025803	0.1850612908601761	0.119492694735527	0.122778631746769	0.12600077688694	0.1574627310037613	0.1456048637628555	0.1915229856967926	0.08010319620370865	0.07676680386066437	0.1128243282437325	0.06294265389442444	0.08023413270711899	0.2029526829719543	0.213554784655571	0.1095136776566505	0.1985243111848831	0.1237153559923172	0.1847690939903259	0.1626165062189102	0.1844800561666489	0.1708285361528397	0.1656898707151413	0.1680945605039597	0.1330691576004028	0.1748461127281189	0.08731840550899506	0.07356786727905273	0.1490031778812408	0.1560199409723282	0.09706342965364456	0.1654057204723358	0.08125852048397064	0.1681530177593231	0.0926431268453598	0.1747241318225861	0.1274851113557816	0.2095436006784439	0.2438082545995712	0.1254007369279861	0.2089145928621292	0.2040897458791733	0.2068381309509277	0.2382959872484207	0.1337312608957291	0.2409079074859619	0.1945881098508835	0.2391783893108368	0.2262811958789825	0.2330404669046402	0.1294529438018799	0.2122648358345032	0.2203657776117325	0.2257411628961563	0.1352497488260269	0.1533352583646774	0.1406199485063553	0.2061405330896378	0.2095634192228317	0.1320057362318039	0.1320057511329651	0.1687411665916443	0.2288786917924881	0.2356152534484863	0.2330404669046402	0.248320460319519	0.1720358431339264	0.1690129786729813	0.2407370805740356	0.2081282585859299	0.1702150404453278	0.210241973400116	0.1366315484046936	0.2355809062719345	0.2302885055541992	0.1578200906515121	0.1707749366760254	0.2000982612371445	0.1122269183397293	0.09020104259252548	0.1598979979753494	0.206880196928978	0.22368523478508	0.2307052314281464	0.2114599049091339	0.1738356500864029	0.09980926662683487	0.1738699674606323	0.1521704196929932	0.09086534380912781	0.08921051770448685	0.09117192029953003	0.06728353351354599	0.1332620531320572	0.2155490815639496	0.1657174974679947	0.2322992235422134	0.1600772589445114	0.154045969247818	0.1095388829708099	0.154471293091774	0.1970840394496918	0.1983914226293564	0.1601585000753403	0.2270608842372894	0.09773919731378555	0.2181737422943115	0.1678550690412521	0.2211300581693649	0.2255709916353226	0.1516039669513702	0.1865256577730179	0.1912202537059784	0.2462035864591599	0.1644359081983566	0.1623881757259369	0.2539825737476349	0.2046857178211212	0.1876806020736694	0.1558557450771332	0.216697171330452	0.1895219087600708	0.1971286535263062	0.1635945290327072	0.1843133419752121	0.175618976354599	0.2207817882299423	0.007549368776381016	0.1452214568853378	0.04246719181537628	0.04761271551251411	0.06600727885961533	0.1782596260309219	0.102050207555294	0.04661476612091064	0.150565966963768	0.05033907666802406	0.13433738052845	0	0.1310286968946457	0.01134182047098875	0.01540130283683538	0.2095859050750732	0.05501904711127281	0.1787841618061066	0.06396719813346863	0.07054333388805389	0.05018255114555359	0.129223108291626	0.03390853106975555	0.03548073396086693	0.1527591347694397	0.04701343178749084	0.05141226947307587	0.06161331385374069
s6-Female-1	0.03129949793219566	0.04330276697874069	0.09903325140476227	0.1567296385765076	0.05089085549116135	0.1543593108654022	0.02606444992125034	0.05870567262172699	0.1078525856137276	0.07872398942708969	0.1967483758926392	0.2265895456075668	0.2419055998325348	0.1706503629684448	0.1204097867012024	0.1546127647161484	0.2260368764400482	0.1316872835159302	0.1878601610660553	0.1507142335176468	0.1904517114162445	0.1933088153600693	0.1635819226503372	0.06823606789112091	0.2494297623634338	0.1546295285224915	0.1670196652412415	0.1768642663955688	0.124413013458252	0.1508877277374268	0.2523220181465149	0.1279391944408417	0.1279391944408417	0.2124239355325699	0.1211923956871033	0.145324319601059	0.09193374961614609	0.1683844923973083	0.1736745983362198	0.1669873893260956	0.2350139915943146	0.2616696059703827	0.2569754719734192	0.06757195293903351	0.07140640169382095	0.0751635953783989	0.1103964373469353	0.2183090597391129	0.1509602218866348	0.1568068265914917	0.153668001294136	0.1875588148832321	0.1406560391187668	0.1569300293922424	0.1640650629997253	0.1761901825666428	0.05590912327170372	0.1447222083806992	0.05595169961452484	0.2549724280834198	0.2342444658279419	0.2547021508216858	0.2419314533472061	0.2371217608451843	0.2393726706504822	0.2065565586090088	0.2465379387140274	0.1062281131744385	0.09193374961614609	0.2096820771694183	0.1772576570510864	0.1163427531719208	0.2368557453155518	0.1578936278820038	0.2394273579120636	0.1704760640859604	0.2461527138948441	0.2013186663389206	0.163468062877655	0.1418720334768295	0.06465422362089157	0.1698082536458969	0.1571258455514908	0.160322979092598	0.1364300698041916	0.2012083530426025	0.1397858113050461	0.1474082767963409	0.1977802664041519	0.182878389954567	0.1767809092998505	0.07114560157060623	0.1666293442249298	0.1753533184528351	0.1815925240516663	0.07632815092802048	0.0347893014550209	0.08179118484258652	0.166623443365097	0.1634911000728607	0.07248625904321671	0.07248624414205551	0.09991800040006638	0.1858834773302078	0.1798309236764908	0.1767809092998505	0.201356902718544	0.1114932671189308	0.1078952327370644	0.192503497004509	0.1699878126382828	0.1251893490552902	0.1582322418689728	0.07139946520328522	0.1401843130588531	0.1334522515535355	0.2181262671947479	0.12562395632267	0.1607955545186996	0.1888446658849716	0.155077338218689	0.2334699630737305	0.1545333117246628	0.1865558326244354	0.1947525143623352	0.1736232787370682	0.2464936524629593	0.1775191277265549	0.196276843547821	0.2127160727977753	0.1669276505708694	0.1672542840242386	0.1675219386816025	0.1447430104017258	0.08338963240385056	0.1644519716501236	0.1039694249629974	0.1828695237636566	0.2321552336215973	0.226218044757843	0.2206165939569473	0.2269063740968704	0.2684863805770874	0.2586254775524139	0.2322312593460083	0.1914306730031967	0.173693060874939	0.1675248444080353	0.2391484826803207	0.1848355680704117	0.2283124774694443	0.2260199189186096	0.2586376667022705	0.2627234160900116	0.1988872587680817	0.2247035652399063	0.2340306490659714	0.2212573140859604	0.2770945131778717	0.2576947212219238	0.09429755806922913	0.1796083897352219	0.2486824542284012	0.2685279548168182	0.2351601272821426	0.2451998740434647	0.2369012534618378	0.1705762594938278	0.1375888884067535	0.01745382510125637	0.167931467294693	0.1113675534725189	0.08406303077936172	0.05966842174530029	0.1675574779510498	0.1169155016541481	0.07602643966674805	0.1201924905180931	0.004379219841212034	0.1310286968946457	0	0.1413787454366684	0.1444119662046432	0.09303965419530869	0.1187951862812042	0.05715354159474373	0.1332188844680786	0.1923288255929947	0.1203271225094795	0.05152709037065506	0.1477575898170471	0.1059764623641968	0.02667487226426601	0.1170118674635887	0.1078525856137276	0.1246101930737495
S6-female-3	0.1662686169147491	0.1669792383909225	0.08366945385932922	0.2333862781524658	0.1313367933034897	0.03769032284617424	0.1559164375066757	0.1377140432596207	0.06236495450139046	0.1390142291784286	0.1426903456449509	0.163292407989502	0.1793750673532486	0.1047150790691376	0.1747501641511917	0.08796784281730652	0.1627124100923538	0.0640639066696167	0.1227095052599907	0.07667472213506699	0.1254213005304337	0.128411591053009	0.09733130782842636	0.1439575701951981	0.1872828304767609	0.08798534423112869	0.1009219214320183	0.1094926819205284	0.05648802220821381	0.08408094197511673	0.1903237700462341	0.07448150962591171	0.07448151707649231	0.1608293056488037	0.06761536002159119	0.09219419956207275	0.08418593555688858	0.1073139905929565	0.1211405768990517	0.1143058240413666	0.1658862233161926	0.1985425651073456	0.1935977637767792	0.1296542286872864	0.1328783929347992	0.1360401511192322	0.1671649515628815	0.1546054035425186	0.2003712356090546	0.09025775641202927	0.08698190748691559	0.1223942115902901	0.07341041415929794	0.09038633108139038	0.2116003632545471	0.222018375992775	0.1198638752102852	0.2073235362768173	0.1338831335306168	0.1931110024452209	0.1713280826807022	0.1928267031908035	0.1794021725654602	0.1743496805429459	0.1767140030860901	0.142285481095314	0.1775452047586441	0.09063436836004257	0.08418593555688858	0.1580162197351456	0.165139302611351	0.1072434931993484	0.1740703284740448	0.09139216691255569	0.1767714768648148	0.1028089970350266	0.1832998692989349	0.1367983222007751	0.2183341383934021	0.2524237334728241	0.135754406452179	0.2176786661148071	0.2129779458045959	0.2156770527362823	0.2468892335891724	0.1429719626903534	0.2494541555643082	0.2034192085266113	0.2474468797445297	0.2347750663757324	0.2414892017841339	0.1394695937633514	0.2210067957639694	0.2290822118520737	0.2343615144491196	0.1454142779111862	0.1634780019521713	0.1508202999830246	0.2149540185928345	0.2183535844087601	0.1422323882579803	0.1422323882579803	0.1783581376075745	0.2373269498348236	0.2440186887979507	0.2414892017841339	0.2507956027984619	0.1750378459692001	0.1720369309186935	0.2432622909545898	0.2166858166456223	0.1796805709600449	0.2129040658473969	0.1465564072132111	0.2382133305072784	0.2329574525356293	0.1666820645332336	0.1737598776817322	0.2087958604097366	0.1220363527536392	0.09356168657541275	0.168864905834198	0.2155323773622513	0.2263020277023315	0.2390854209661484	0.2140913009643555	0.1825628727674484	0.1030728742480278	0.1767148226499557	0.1611290723085403	0.1008258014917374	0.09943947941064835	0.09442009776830673	0.07767163962125778	0.1364401578903198	0.2181755751371384	0.1687654256820679	0.2407244592905045	0.1628523319959641	0.1629025638103485	0.1189433187246323	0.1572834551334381	0.199681431055069	0.2010014653205872	0.1629329919815063	0.2295893132686615	0.1009406968951225	0.2207827121019363	0.1764785498380661	0.2294632196426392	0.233755812048912	0.1545034199953079	0.1891916990280151	0.1996529102325439	0.2486926764249802	0.1672041118144989	0.1711035817861557	0.2619616389274597	0.2072874903678894	0.1959744542837143	0.1654241979122162	0.2192937582731247	0.1921266317367554	0.1997257620096207	0.1722896248102188	0.1870156824588776	0.178379163146019	0.2233733832836151	0.01874949596822262	0.1553871780633926	0.05302296206355095	0.05859416350722313	0.07676815241575241	0.1878803372383118	0.1125798970460892	0.05020614340901375	0.1605361998081207	0.06109176948666573	0.1446233689785004	0.01134182047098875	0.1413787454366684	0	0.02645495906472206	0.2191546559333801	0.05860604718327522	0.1886195689439774	0.07446694374084473	0.08059417456388474	0.05374715849757195	0.1394264549016953	0.04470199346542358	0.04651243984699249	0.1628298759460449	0.05782828480005264	0.06236495450139046	0.07228211313486099
S6-male-3	0.1690622270107269	0.1697147041559219	0.08709240704774857	0.2356761693954468	0.1274766772985458	0.03423796966671944	0.151895135641098	0.1406965106725693	0.06602173298597336	0.1419543027877808	0.145586684346199	0.1593781262636185	0.163452073931694	0.08707498759031296	0.1773304492235184	0.09124518930912018	0.1464100927114487	0.06761013716459274	0.1191518977284431	0.08695463836193085	0.1218644231557846	0.1248555928468704	0.1005058735609055	0.1468681395053864	0.1834010481834412	0.0844239667057991	0.1040574461221695	0.1126088723540306	0.06012138724327087	0.08009260147809982	0.1687825620174408	0.07793654501438141	0.07793654501438141	0.1568808257579803	0.07114879041910172	0.09545056521892548	0.08761700987815857	0.1172358393669128	0.1240833178162575	0.1173213794827461	0.1619430929422379	0.1767561286687851	0.1716436743736267	0.1326980143785477	0.1358862966299057	0.1390130668878555	0.1698707640171051	0.1506805121898651	0.1962172240018845	0.0866963267326355	0.09027017652988434	0.1253006756305695	0.07685040682554245	0.08682489395141602	0.2074657678604126	0.2179027050733566	0.1230177134275436	0.2031459510326385	0.1369054168462753	0.1892378628253937	0.1674241721630096	0.1889531314373016	0.1755092144012451	0.170449823141098	0.1728173494338989	0.1320498436689377	0.1674346327781677	0.0939972922205925	0.08761700987815857	0.1478863060474396	0.1610950380563736	0.1035625264048576	0.164210319519043	0.09463178366422653	0.1547789871692657	0.1059988290071487	0.1673392206430435	0.1328535974025726	0.2140862792730331	0.2480258494615555	0.1388205587863922	0.2073638141155243	0.2087201178073883	0.2052910476922989	0.2303033173084259	0.1390183568000793	0.2268742471933365	0.1806021481752396	0.2256224900484085	0.2305594831705093	0.2372504770755768	0.135211855173111	0.21676404774189	0.2247966080904007	0.2300866991281509	0.1414805203676224	0.1594254970550537	0.1468349546194077	0.2046035379171371	0.2080026865005493	0.1382970958948135	0.1382971107959747	0.1744116097688675	0.227225050330162	0.2339160293340683	0.2372504770755768	0.2406178563833237	0.1772420704364777	0.1676567643880844	0.2448282539844513	0.2066202014684677	0.1753850728273392	0.2146971374750137	0.1494385004043579	0.2398693561553955	0.2346615195274353	0.1627410352230072	0.1759576052427292	0.2046562731266022	0.1113084182143211	0.1037898510694504	0.1648636162281036	0.2113694697618484	0.2280040979385376	0.2348969280719757	0.2158585637807846	0.1725673973560333	0.09186660498380661	0.1787973940372467	0.1571809351444244	0.09010066092014313	0.1026667132973671	0.09717335551977158	0.08106368035078049	0.1461138129234314	0.2199211418628693	0.1714422106742859	0.2365025579929352	0.1649433225393295	0.1466045528650284	0.1150738596916199	0.1594255864620209	0.2014889270067215	0.202811986207962	0.1527216136455536	0.2136388123035431	0.08317621797323227	0.2165978699922562	0.1544762849807739	0.219560295343399	0.2296987473964691	0.150450274348259	0.1910919994115829	0.1956966519355774	0.2444570064544678	0.1692717373371124	0.1549925655126572	0.257822722196579	0.1971759051084518	0.1746205538511276	0.1611809730529785	0.2210146635770798	0.182192862033844	0.201532855629921	0.1683869808912277	0.1889510452747345	0.1803932040929794	0.2250726073980331	0.02272075228393078	0.1513830572366714	0.05659738928079605	0.06228069588541985	0.07308738678693771	0.1632038503885269	0.1158282086253166	0.06113329157233238	0.1633532047271729	0.0646895170211792	0.1406487226486206	0.01540130283683538	0.1444119662046432	0.02645495906472206	0	0.2149380296468735	0.06951851397752762	0.1912394464015961	0.07088947296142578	0.08386281132698059	0.06459343433380127	0.1424282193183899	0.04122014716267586	0.05028023943305016	0.1656617224216461	0.06146378815174103	0.06602173298597336	0.06866206973791122
S7-female-1	0.09680543094873428	0.09903239458799362	0.1810643821954727	0.1140451729297638	0.130585253238678	0.2239268571138382	0.1096795275807381	0.1451729834079742	0.1676163822412491	0.1629811823368073	0.1688628941774368	0.2950128018856049	0.3087384700775146	0.2449618279933929	0.1718197017908096	0.2306352555751801	0.2945177555084229	0.2101734131574631	0.2542231678962708	0.2274837642908096	0.2565683722496033	0.2591541409492493	0.2118898630142212	0.1224174499511719	0.3154847323894501	0.2241711020469666	0.241717591881752	0.2524691224098206	0.2036851793527603	0.2273091375827789	0.312621682882309	0.1784340143203735	0.1784339994192123	0.2577520906925201	0.1721023619174957	0.1947511583566666	0.1446483284235001	0.2452530413866043	0.2213651835918427	0.2416887730360031	0.2971967160701752	0.3226859867572784	0.318438857793808	0.1217945069074631	0.1253913044929504	0.1289157271385193	0.1633600741624832	0.2632794976234436	0.2000413835048676	0.2261390537023544	0.2297916263341904	0.2600773572921753	0.2181759178638458	0.2262503951787949	0.2123434394598007	0.2237270325422287	0.1108553186058998	0.2218050211668015	0.1108952388167381	0.2977207899093628	0.301871657371521	0.2974667847156525	0.3087616264820099	0.3044503629207611	0.3064678907394409	0.2711470723152161	0.3137457668781281	0.1508191078901291	0.1446483284235001	0.2491116672754288	0.2247292548418045	0.1604291051626205	0.2985978722572327	0.2335652858018875	0.3009290993213654	0.2467773705720901	0.3131270706653595	0.2473226189613342	0.2405353337526321	0.200672373175621	0.1527334451675415	0.2397058755159378	0.2348880469799042	0.2311536371707916	0.2164712250232697	0.272287905216217	0.2126469314098358	0.2176453024148941	0.2649437487125397	0.2578290700912476	0.252394825220108	0.1562376320362091	0.2433508485555649	0.2316247671842575	0.2373948246240616	0.1555515080690384	0.1182494908571243	0.1374057084321976	0.2368340194225311	0.2340097874403	0.1520990878343582	0.1520991027355194	0.1767607033252716	0.2542066276073456	0.2487458735704422	0.252394825220108	0.2746300399303436	0.1946695894002914	0.1842745542526245	0.266737699508667	0.2380558997392654	0.2064755409955978	0.2341938018798828	0.1564634889364243	0.2201630771160126	0.2141782939434052	0.2874324023723602	0.2072212696075439	0.2361571937799454	0.2568787038326263	0.2334095239639282	0.3029758930206299	0.2305643111467361	0.2614374160766602	0.2684159278869629	0.247937798500061	0.3089578449726105	0.2533871531486511	0.2701010406017303	0.2825880646705627	0.2352887094020844	0.2439074963331223	0.242488294839859	0.2218235731124878	0.167494460940361	0.2397468090057373	0.1807443499565125	0.2578211724758148	0.3002924919128418	0.2946800589561462	0.2896626591682434	0.2955919802188873	0.3345769047737122	0.3257595300674438	0.3003605902194977	0.2577402293682098	0.2416999191045761	0.2361243367195129	0.3006762862205505	0.2514864504337311	0.2977521419525146	0.2907361388206482	0.3257704377174377	0.3291286528110504	0.2662412524223328	0.2936196625232697	0.3016800582408905	0.2920680344104767	0.343790203332901	0.3174951076507568	0.1768463104963303	0.2532849907875061	0.3151002824306488	0.334614098072052	0.3026922643184662	0.3137610554695129	0.3063482940196991	0.245216116309166	0.2154387980699539	0.08474819362163544	0.2425322681665421	0.1708700060844421	0.1604730188846588	0.1398717164993286	0.1285345852375031	0.1973450481891632	0.1154402568936348	0.1999217122793198	0.08873856067657471	0.2095859050750732	0.09303965419530869	0.2191546559333801	0.2149380296468735	0	0.1780066937208176	0.1224372461438179	0.2048273533582687	0.2388805598020554	0.1932626515626907	0.09116780757904053	0.2179609388113022	0.1872502863407135	0.09253076463937759	0.1970859467983246	0.1676163822412491	0.1837439835071564
S7-female-3	0.1221545040607452	0.1531958431005478	0.05922774970531464	0.1924825608730316	0.1087986305356026	0.0802965983748436	0.1412812024354935	0.1227708831429482	0.01193864829838276	0.1680619716644287	0.1067950651049614	0.2017724066972733	0.2171651422977448	0.1456915587186813	0.2159828394651413	0.1296532601118088	0.2012172490358353	0.1067575961351395	0.162921816110611	0.1188370138406754	0.1655182540416718	0.1683812588453293	0.138620600104332	0.1731429100036621	0.2247329205274582	0.1296700239181519	0.1420591324567795	0.1512555927038193	0.09950035810470581	0.1259306073188782	0.2276429980993271	0.1030178219079971	0.1030178219079971	0.1875504106283188	0.09628844261169434	0.1203725263476372	0.06714148074388504	0.1358674466609955	0.1487178951501846	0.1420268416404724	0.2042551040649414	0.2364041656255722	0.2316776067018509	0.172610267996788	0.1756865978240967	0.1787032932043076	0.2094738334417343	0.1934572607278824	0.2400652766227722	0.1318463832139969	0.128709003329277	0.162619948387146	0.1157103776931763	0.1319695115089417	0.2507727742195129	0.260705828666687	0.1632683277130127	0.2349786758422852	0.1633023917675018	0.230310246348381	0.2094636112451553	0.2300382107496262	0.217191070318222	0.2123555541038513	0.2146183848381042	0.1816637068986893	0.2157074362039566	0.08137392997741699	0.06714148074388504	0.1847992390394211	0.1523042768239975	0.09145324677228928	0.2120881825685501	0.1329328119754791	0.2146733701229095	0.1448622643947601	0.2212221473455429	0.1764106750488281	0.2524215579032898	0.2161297649145126	0.1728439629077911	0.2575848698616028	0.2472635805606842	0.249862864613533	0.2304806560277939	0.1763000786304474	0.2331969141960144	0.2371681332588196	0.2804484367370605	0.2682510018348694	0.2632713317871094	0.1754772514104843	0.2549951672554016	0.2442855983972549	0.2495524436235428	0.1821586042642593	0.1491189002990723	0.1660563349723816	0.2549903690814972	0.2524402737617493	0.1790906190872192	0.1790906339883804	0.2010514438152313	0.2707075774669647	0.2657614052295685	0.2632713317871094	0.278046727180481	0.2042412757873535	0.2013146132230759	0.270714282989502	0.255621612071991	0.2213961184024811	0.2404195368289948	0.1756810247898102	0.2276565879583359	0.2221499681472778	0.1932737976312637	0.21575628221035	0.2480986267328262	0.16325344145298	0.1224057599902153	0.2080335021018982	0.2429818212985992	0.265795886516571	0.2779670357704163	0.2531477510929108	0.2211291193962097	0.1451146751642227	0.1641201823949814	0.1878435462713242	0.1419670879840851	0.1416389793157578	0.1358326226472855	0.1197918727993965	0.1790849268436432	0.245558425784111	0.1981237977743149	0.2682437300682068	0.2013511657714844	0.2013992667198181	0.1583656966686249	0.1960207372903824	0.2374927401542664	0.2274533957242966	0.2014283835887909	0.2679238021373749	0.1420771032571793	0.248099684715271	0.2143930047750473	0.2678036093711853	0.2715568542480469	0.194302037358284	0.2274658530950546	0.2374654561281204	0.2760000228881836	0.193784236907959	0.2092487514019012	0.2997440099716187	0.2455507516860962	0.2330503463745117	0.1941025704145432	0.2523111999034882	0.2181463688611984	0.2375351041555405	0.2103838920593262	0.2137948274612427	0.2053579539060593	0.250624805688858	0.06212612241506577	0.1187476888298988	0.09500367194414139	0.007965055294334888	0.05931079387664795	0.1679908335208893	0.06504315882921219	0.03178482130169868	0.1247322335839272	0.04328030347824097	0.1222602277994156	0.05501904711127281	0.1187951862812042	0.05860604718327522	0.06951851397752762	0.1780066937208176	0	0.145688071846962	0.05739178135991096	0.1214456334710121	0.03552526980638504	0.1023251861333847	0.08027047663927078	0.02788195013999939	0.1183413863182068	0.03983498364686966	0.01193864829838276	0.0320926271378994
S7-male-1	0.02620932273566723	0.09728776663541794	0.1189061850309372	0.1855012476444244	0.07182567566633224	0.2005008906126022	0.04898331314325333	0.07946809381246567	0.1349998563528061	0.09904487431049347	0.2298256158828735	0.2678489983081818	0.2821521461009979	0.2156756967306137	0.1693305820226669	0.2007368952035904	0.2431084364652634	0.1508399546146393	0.2057737857103348	0.1973075419664383	0.2083081901073456	0.2111022770404816	0.1820310801267624	0.1204246804118156	0.2891815602779388	0.2007525265216827	0.2122929990291595	0.1828270554542542	0.1726293861865997	0.1972682923078537	0.2688137888908386	0.1759097129106522	0.1759097129106522	0.2546271979808807	0.169633686542511	0.1920887231826782	0.1424339860677719	0.174376055598259	0.1919011175632477	0.212262898683548	0.2758917510509491	0.267548531293869	0.2628622353076935	0.1198081448674202	0.123368076980114	0.1268567591905594	0.1163391619920731	0.2601194381713867	0.197335809469223	0.1754054427146912	0.1723358184099197	0.2054790854454041	0.1877433359622955	0.175525888800621	0.209540531039238	0.220837876200676	0.1089832857251167	0.1915282160043716	0.1090228036046028	0.2943609356880188	0.2749966979026794	0.2941083610057831	0.2821762561798096	0.277683824300766	0.2797861695289612	0.2491526901721954	0.2869955599308014	0.1557189077138901	0.1424339860677719	0.2520687580108643	0.221832737326622	0.1651233583688736	0.2774353623390198	0.2037922441959381	0.2798372209072113	0.1764402091503143	0.2864705622196198	0.2442664951086044	0.1694328933954239	0.1246100440621376	0.07053928077220917	0.1757725477218628	0.1630906164646149	0.1662878692150116	0.1423896849155426	0.2188275903463364	0.1457467526197433	0.1940288245677948	0.203733816742897	0.1888393461704254	0.1827437728643417	0.1231259182095528	0.1725939959287643	0.1594245731830597	0.1659062206745148	0.082231305539608	0.04061733186244965	0.06199954822659492	0.1725880950689316	0.1694559305906296	0.07838371396064758	0.07838373631238937	0.1058506965637207	0.1918432414531708	0.1857929229736328	0.1827437728643417	0.2073351442813873	0.1174639761447906	0.1138627603650093	0.1984871476888657	0.215058371424675	0.1311430931091309	0.2043061852455139	0.1233616322278976	0.1461724787950516	0.1394376009702682	0.2599488198757172	0.1316050291061401	0.2064950466156006	0.1948030740022659	0.1610690206289291	0.2393904030323029	0.2006629109382629	0.1925423443317413	0.2007078528404236	0.2186398804187775	0.2523966133594513	0.1835088580846786	0.2022583335638046	0.254899799823761	0.2122072726488113	0.1732188612222672	0.2129567563533783	0.1915475875139236	0.1347173750400543	0.2100976705551147	0.1099332273006439	0.1888304650783539	0.2732228934764862	0.2675022184848785	0.2622732222080231	0.2683234810829163	0.2743798792362213	0.2645362913608551	0.2732938826084137	0.2352337837219238	0.2187049090862274	0.2129594683647156	0.2795767486095428	0.2288961112499237	0.2463876008987427	0.2319760024547577	0.2645484805107117	0.2686005234718323	0.2048671692609787	0.2662676274776459	0.2747970521450043	0.2271915227174759	0.2831112444400787	0.2969051599502563	0.1446304321289062	0.22421595454216	0.2886557877063751	0.2744213938713074	0.2758518159389496	0.2511314749717712	0.2428442388772964	0.2158015519380569	0.1848887205123901	0.0570978969335556	0.2131424397230148	0.138394832611084	0.1351219713687897	0.04804903641343117	0.1942647993564606	0.165866807103157	0.08187056332826614	0.1395986825227737	0.06120947748422623	0.1787841618061066	0.05715354159474373	0.1886195689439774	0.1912394464015961	0.1224372461438179	0.145688071846962	0	0.1523377597332001	0.2101439088582993	0.1690386980772018	0.08951006829738617	0.166555792093277	0.1554849892854691	0.05662210658192635	0.1657456159591675	0.1349998563528061	0.1294979900121689
S7-male-2	0.1295231431722641	0.1592244356870651	0.04535576701164246	0.219044104218483	0.08674241602420807	0.08138000965118408	0.1407999098300934	0.09364334493875504	0.05380313470959663	0.1461941599845886	0.1348825842142105	0.2058019638061523	0.2100181877613068	0.1515400409698486	0.2198973596096039	0.1360579878091812	0.1811533272266388	0.0856935903429985	0.136032447218895	0.1196419522166252	0.1265461295843124	0.1295326203107834	0.1052371188998222	0.1784602999687195	0.2175082266330719	0.1295112669467926	0.1480322480201721	0.1570548713207245	0.1069940999150276	0.132466733455658	0.2022217512130737	0.1103816255927086	0.1103816255927086	0.1920226663351059	0.1039015129208565	0.1271064281463623	0.07586656510829926	0.1487823575735092	0.1156525313854218	0.148001030087471	0.2081779539585114	0.2232234179973602	0.2292561680078506	0.1779463440179825	0.1809152066707611	0.1838272213935852	0.2136740386486053	0.1977441161870956	0.2431920021772385	0.09142684936523438	0.09501488506793976	0.1299954652786255	0.1226116865873337	0.104413777589798	0.2535769641399384	0.2632178068161011	0.1689344793558121	0.2382612973451614	0.1689673364162445	0.2334896624088287	0.2023986726999283	0.2227606773376465	0.2100438475608826	0.2160638868808746	0.2182589322328568	0.1803095638751984	0.2249862402677536	0.08245911449193954	0.07586656510829926	0.1833777725696564	0.1579281091690063	0.0922682136297226	0.2101039737462997	0.1392225027084351	0.2126380056142807	0.1508845090866089	0.2246949523687363	0.1812385022640228	0.2610437870025635	0.245536595582962	0.1849853992462158	0.254450798034668	0.2560991942882538	0.252738744020462	0.2400247305631638	0.1621083319187164	0.2365916669368744	0.2403521835803986	0.2824222445487976	0.2762311697006226	0.2714513838291168	0.1871826946735382	0.2635116875171661	0.2715397775173187	0.276412695646286	0.1872618347406387	0.1484288424253464	0.1928554326295853	0.2519063055515289	0.2552376687526703	0.1843022406101227	0.1843022257089615	0.2055012881755829	0.2729616463184357	0.2681602835655212	0.2714513838291168	0.2856392860412598	0.2149363458156586	0.2057555317878723	0.2785962820053101	0.2526065111160278	0.2252029329538345	0.2493042200803757	0.1684876829385757	0.2373220473527908	0.2320537716150284	0.1975663602352142	0.2259397506713867	0.2509826421737671	0.1622819304466248	0.1359520554542542	0.2119673192501068	0.2460199147462845	0.2738744020462036	0.2800412476062775	0.2615165412425995	0.218913808465004	0.1576032787561417	0.175751581788063	0.1923065781593323	0.1415121257305145	0.1477746367454529	0.1484385579824448	0.1265465915203094	0.1906254440546036	0.2542333602905273	0.2026732861995697	0.2705999910831451	0.2111357897520065	0.2054402530193329	0.1520741432905197	0.2060237973928452	0.2460550963878632	0.2364130914211273	0.2112098932266235	0.2701981663703918	0.1480154097080231	0.2509531378746033	0.2123631834983826	0.2645637691020966	0.2737372219562531	0.1986360549926758	0.2364250272512436	0.2405135929584503	0.2781010270118713	0.2038795202970505	0.2130506485700607	0.2910560369491577	0.253976434469223	0.230661928653717	0.1987014710903168	0.2662791311740875	0.2272556722164154	0.2460957914590836	0.2141515463590622	0.2233065813779831	0.2152173817157745	0.2590948641300201	0.07080069184303284	0.1403230726718903	0.1024521738290787	0.05001316964626312	0.06100692972540855	0.1454959809780121	0.1043048650026321	0.04899041354656219	0.1526580005884171	0.01480597350746393	0.1294063627719879	0.06396719813346863	0.1332188844680786	0.07446694374084473	0.07088947296142578	0.2048273533582687	0.05739178135991096	0.1523377597332001	0	0.1011075749993324	0.05254047736525536	0.1313836872577667	0.0594564862549305	0.0379025898873806	0.1548703461885452	0.04937778785824776	0.05380313470959663	0.02623750269412994
S7-male-3	0.1888851225376129	0.1889163553714752	0.1102283000946045	0.2781815528869629	0.155574157834053	0.09378155320882797	0.2057669013738632	0.1614736318588257	0.118328794836998	0.1624628752470016	0.1169791370630264	0.2067654579877853	0.2211792767047882	0.1545263379812241	0.1955724656581879	0.1396656334400177	0.1829764097929001	0.09136664867401123	0.1457149684429169	0.1360024809837341	0.148236021399498	0.1510168164968491	0.09536692500114441	0.166993111371994	0.2282777726650238	0.1396811455488205	0.1511575728654861	0.1598910242319107	0.1118209511041641	0.1362212896347046	0.2087858766317368	0.100949801504612	0.1009498089551926	0.181157723069191	0.09460272639989853	0.1173443272709846	0.1105592101812363	0.1645805388689041	0.1184380799531937	0.1634173691272736	0.214605838060379	0.2393088787794113	0.2348736226558685	0.1535559743642807	0.1565409600734711	0.1594692021608353	0.1888756901025772	0.1751952022314072	0.2192723006010056	0.1156004145741463	0.1125661060214043	0.1454219073057175	0.1267748177051544	0.1157195195555687	0.2297549992799759	0.239492192864418	0.1444984972476959	0.2494285851716995	0.1576641201972961	0.2111916393041611	0.2139634191989899	0.210925355553627	0.2212035655975342	0.2166720479726791	0.2187921702861786	0.1879847943782806	0.2252960950136185	0.1230341270565987	0.1105592101812363	0.1785332709550858	0.1856734752655029	0.1318876594305038	0.2164215594530106	0.1427015364170074	0.2188437432050705	0.153968945145607	0.225013479590416	0.1585969775915146	0.2601051926612854	0.2924903631210327	0.1868810653686523	0.2593497335910797	0.2553288638591766	0.2577353119850159	0.2870122492313385	0.1646507531404495	0.2893012762069702	0.2457709759473801	0.2861324548721313	0.2747898995876312	0.281125396490097	0.1889433264732361	0.2624899744987488	0.2702336609363556	0.274945467710495	0.1954008042812347	0.2128503918647766	0.2008173316717148	0.2569186091423035	0.260122537612915	0.19259312748909	0.19259312748909	0.2249313145875931	0.2770724296569824	0.2833879888057709	0.281125396490097	0.2945663034915924	0.2277963906526566	0.2251676172018051	0.2878914773464203	0.2574624121189117	0.2255328595638275	0.2599119544029236	0.1954131275415421	0.2846338748931885	0.2800010144710541	0.2101255655288696	0.2262438237667084	0.2504062354564667	0.1710198372602463	0.1525479853153229	0.212734267115593	0.2567616403102875	0.2725097239017487	0.2784839868545532	0.2605862319469452	0.224986657500267	0.1604287773370743	0.2268813848495483	0.2051579505205154	0.1510722190141678	0.1509854048490524	0.1515598893165588	0.1305456310510635	0.1922506242990494	0.2645744979381561	0.2223032563924789	0.280277818441391	0.2119165658950806	0.2064164578914642	0.1661111116409302	0.2069832682609558	0.2456637769937515	0.2471894919872284	0.2119880616664886	0.2743207812309265	0.1572861671447754	0.2668817937374115	0.2185810059309006	0.2689063549041748	0.2724289298057556	0.2056577801704407	0.2363517880439758	0.2403052002191544	0.2927021980285645	0.2161390483379364	0.2137622237205505	0.2989982962608337	0.2533157765865326	0.2360885739326477	0.2121340781450272	0.2651931941509247	0.2382576465606689	0.2457031458616257	0.214825227856636	0.2347864806652069	0.227139875292778	0.2691754996776581	0.07706861197948456	0.2050960808992386	0.0362563282251358	0.1147972717881203	0.131431058049202	0.2089846432209015	0.1651715040206909	0.1131565198302269	0.18302983045578	0.08874988555908203	0.1951879113912582	0.07054333388805389	0.1923288255929947	0.08059417456388474	0.08386281132698059	0.2388805598020554	0.1214456334710121	0.2101439088582993	0.1011075749993324	0	0.1093927174806595	0.1631077080965042	0.07295595109462738	0.1032818555831909	0.2118945866823196	0.1132585257291794	0.118328794836998	0.09939488768577576
S8-female-3	0.1461483538150787	0.1261029839515686	0.0616396851837635	0.2147345393896103	0.1104534268379211	0.07530891895294189	0.1353013515472412	0.1099919974803925	0.03937605395913124	0.1621242612600327	0.122578002512455	0.1961111277341843	0.2114628255367279	0.1402292400598526	0.2032574266195297	0.1242620646953583	0.195557564496994	0.1014789119362831	0.1573901325464249	0.1134973838925362	0.1599767506122589	0.162829115986824	0.1263363063335419	0.160158634185791	0.2190126031637192	0.1242787465453148	0.1366123706102371	0.1456319540739059	0.09426004439592361	0.1205568313598633	0.2219161093235016	0.09048967063426971	0.09048967063426971	0.1756352335214615	0.08371653407812119	0.1079606637358665	0.05438860878348351	0.130311518907547	0.136506587266922	0.1365802139043808	0.1985868215560913	0.2305140048265457	0.2257974296808243	0.15962153673172	0.162723496556282	0.1657655090093613	0.1964567601680756	0.1815893203020096	0.2276770919561386	0.1264450699090958	0.1233222037553787	0.1570894122123718	0.1103861704468727	0.1265676468610764	0.2384873181581497	0.2485175430774689	0.1502028107643127	0.22878098487854	0.1502371579408646	0.2187498360872269	0.2037810981273651	0.2184754461050034	0.2114887088537216	0.2066654562950134	0.2089224457740784	0.1760648638010025	0.2099629044532776	0.06870768219232559	0.05438860878348351	0.1728622317314148	0.1401192843914032	0.07885035127401352	0.2063987702131271	0.1275265514850616	0.2089773118495941	0.1392660140991211	0.2154625803232193	0.1644079834222794	0.2519416511058807	0.2358328104019165	0.1735099256038666	0.2511740028858185	0.2468510717153549	0.2494162768125534	0.2302940487861633	0.1768518686294556	0.2329730540513992	0.2368976324796677	0.2796191573143005	0.2675703167915344	0.2626528143882751	0.1760851740837097	0.2544819712638855	0.2626151442527771	0.2676304578781128	0.1826787143945694	0.1430476009845734	0.1883212924003601	0.2485838532447815	0.2519601285457611	0.179658442735672	0.1796584576368332	0.2012852877378464	0.2699965238571167	0.2651116549968719	0.2626528143882751	0.2716080248355865	0.1979572027921677	0.195039764046669	0.2642841935157776	0.2493841201066971	0.2150627821683884	0.2342102229595184	0.1696608066558838	0.2213072776794434	0.2158146500587463	0.1876376867294312	0.2094382494688034	0.2418742924928665	0.1575811207294464	0.1169139370322227	0.2022117525339127	0.2367673218250275	0.2593724429607391	0.2715283334255219	0.2469144463539124	0.2152732312679291	0.1395173221826553	0.1584445238113403	0.182224452495575	0.1365206986665726	0.1360569447278976	0.1304132640361786	0.1144475713372231	0.1730519831180573	0.2393389046192169	0.1918592602014542	0.2618169188499451	0.1956911087036133	0.1957390755414963	0.152986079454422	0.1903763115406036	0.231600359082222	0.2215826362371445	0.1957681179046631	0.2616679966449738	0.1366302520036697	0.2418753802776337	0.2086976617574692	0.2615479528903961	0.2653544247150421	0.1885207295417786	0.2215950340032578	0.2315731346607208	0.2695635259151459	0.188146561384201	0.2035668194293976	0.2932882010936737	0.2395135909318924	0.2273118495941162	0.1880171746015549	0.2518665790557861	0.2124416530132294	0.2316426336765289	0.2046989500522614	0.2079575210809708	0.1995437294244766	0.2443958967924118	0.04998486489057541	0.1348382830619812	0.08993504196405411	0.03551280125975609	0.05430634319782257	0.1687273383140564	0.09090593457221985	0.01946401968598366	0.1331013441085815	0.0385192446410656	0.1237324848771095	0.05018255114555359	0.1203271225094795	0.05374715849757195	0.06459343433380127	0.1932626515626907	0.03552526980638504	0.1690386980772018	0.05254047736525536	0.1093927174806595	0	0.1111868098378181	0.08228171616792679	0.02322475798428059	0.1425412744283676	0.02757995761930943	0.03937605395913124	0.04997899755835533
S8-male-1	0.06454328447580338	0.05844151601195335	0.1274609416723251	0.1386787742376328	0.05028446763753891	0.1522472947835922	0.07604912668466568	0.05797233432531357	0.09134534001350403	0.1084267199039459	0.1803092062473297	0.2592109143733978	0.2733968794345856	0.2075594067573547	0.132687509059906	0.1927972584962845	0.2586993277072906	0.1717306673526764	0.2234233468770981	0.1893748044967651	0.2258142977952957	0.2284508645534515	0.1742235124111176	0.08238276094198227	0.280372828245163	0.1928127110004425	0.2042156457901001	0.2142330408096313	0.1650549620389938	0.1893714219331741	0.2830555438995361	0.1398373991250992	0.1398374289274216	0.2214479595422745	0.1333357244729996	0.1566015779972076	0.1051665022969246	0.2066033035516739	0.1839720159769058	0.204185888171196	0.2671473026275635	0.2925163507461548	0.2881677150726318	0.08174469321966171	0.08542920649051666	0.08904024213552475	0.1232676282525063	0.2271463423967361	0.1620394736528397	0.1948155909776688	0.1919282525777817	0.223145380616188	0.1799672245979309	0.1949289590120316	0.1746900677680969	0.1864026188850403	0.07054238021373749	0.1837035119533539	0.0705832839012146	0.2626860439777374	0.2662986516952515	0.2624237537384033	0.2734208106994629	0.2689639925956726	0.2710495293140411	0.2406845539808273	0.2780855596065521	0.1189232394099236	0.1051665022969246	0.218793660402298	0.1874341368675232	0.1286636590957642	0.268717497587204	0.1958155184984207	0.2711001932621002	0.2083600759506226	0.2776022255420685	0.2106998413801193	0.201921135187149	0.1687580049037933	0.1115569621324539	0.2077463716268539	0.1960974335670471	0.1990327686071396	0.1771163195371628	0.2357440441846848	0.1801916360855103	0.1861724704504013	0.2334855198860168	0.2197652161121368	0.2141564190387726	0.1162986010313034	0.2048252522945404	0.2002126127481461	0.2060826420783997	0.1221913769841194	0.08440131694078445	0.1125063374638557	0.2048198282718658	0.2019423097372055	0.1186903640627861	0.1186903789639473	0.1437143534421921	0.2225305438041687	0.2169615924358368	0.2141564190387726	0.2369354665279388	0.1544774174690247	0.1511896550655365	0.2287821918725967	0.2069491446018219	0.1668215394020081	0.1962874978780746	0.1165304332971573	0.1807321310043335	0.1745657026767731	0.2513802051544189	0.1673997789621353	0.1984858959913254	0.2252562195062637	0.1943870484828949	0.2664196491241455	0.1927241832017899	0.2233084887266159	0.230696365237236	0.2104534655809402	0.2784639596939087	0.2149975299835205	0.2322563380002975	0.2463773787021637	0.2041309326887131	0.2053994238376617	0.204835519194603	0.183722659945488	0.1276719123125076	0.2020098716020584	0.1476036012172699	0.2197570353746414	0.2645005285739899	0.258867084980011	0.2177395969629288	0.2596425414085388	0.2989671230316162	0.2898316383361816	0.2645708620548248	0.226867213845253	0.2105177491903305	0.2048381865024567	0.2708418071269989	0.2206335663795471	0.2253047972917557	0.2596822082996368	0.289842963218689	0.2934928238391876	0.2346604764461517	0.2576044797897339	0.2661006152629852	0.255138099193573	0.3076300919055939	0.2880407869815826	0.1374623030424118	0.2159673273563385	0.2798114418983459	0.2990056872367859	0.2671467661857605	0.2774066627025604	0.2697340250015259	0.2076474726200104	0.1356951594352722	0.05147253349423409	0.1656500101089478	0.09489529579877853	0.1281014233827591	0.1066117137670517	0.1506794989109039	0.1152976751327515	0.02513786777853966	0.1185357421636581	0.05550244078040123	0.129223108291626	0.05152709037065506	0.1394264549016953	0.1424282193183899	0.09116780757904053	0.1023251861333847	0.08951006829738617	0.1313836872577667	0.1631077080965042	0.1111868098378181	0	0.1457302868366241	0.104521356523037	0.06023132428526878	0.1153996288776398	0.09134534001350403	0.10835300385952
S8-male-2	0.1441238522529602	0.1794116497039795	0.06130874902009964	0.2386427968740463	0.1091069281101227	0.05211894959211349	0.1620642989873886	0.1226345524191856	0.06967390328645706	0.1101733893156052	0.1553756445646286	0.1745555847883224	0.1784756779670715	0.1042885258793831	0.1866281479597092	0.1013340502977371	0.1492292135953903	0.04900247603654861	0.102019764482975	0.09716153144836426	0.1048048585653305	0.1078758761286736	0.06893373280763626	0.1432130336761475	0.1863387376070023	0.09459797292947769	0.1005218550562859	0.1225434243679047	0.07078563421964645	0.08380125463008881	0.1714441031217575	0.07427088171243668	0.07427089661359787	0.1600325256586075	0.06745665520429611	0.09185324609279633	0.09811294078826904	0.1272052377462387	0.1068791300058365	0.1138094812631607	0.1770486533641815	0.2033899277448654	0.1985247433185577	0.1290147602558136	0.1322163194417953	0.135356143116951	0.1662511676549911	0.1538526713848114	0.2114344835281372	0.06868642568588257	0.07228692620992661	0.1082657128572464	0.08720351755619049	0.06881854683160782	0.2104442864656448	0.2208051383495331	0.1332483291625977	0.2061818242073059	0.133208379149437	0.1921346485614777	0.1823773682117462	0.1918519288301468	0.1785026639699936	0.1734792739152908	0.1758299022912979	0.1479387432336807	0.1943060308694839	0.1043312177062035	0.09811294078826904	0.1510914862155914	0.1767285913228989	0.1137180030345917	0.1672725230455399	0.1046589538455009	0.1818522661924362	0.116054929792881	0.1941187381744385	0.1487810164690018	0.2232713252305984	0.2570299506187439	0.1421755701303482	0.2104066610336304	0.2180058807134628	0.2146013677120209	0.251522570848465	0.1227829605340958	0.248141422867775	0.2024429440498352	0.2461922764778137	0.2394384890794754	0.2460828125476837	0.1319984942674637	0.2258990257978439	0.2339051216840744	0.2270830571651459	0.1448004990816116	0.1695374250411987	0.1501587629318237	0.2198948860168457	0.2172621339559555	0.141641691327095	0.1416416764259338	0.1775090098381042	0.2361272871494293	0.2427716106176376	0.2460828125476837	0.2664502561092377	0.1936289072036743	0.1842675060033798	0.2591980397701263	0.2214742004871368	0.1786865144968033	0.2295665889978409	0.1592536717653275	0.2547910511493683	0.249739333987236	0.1779427528381348	0.1922426521778107	0.219628781080246	0.1281825602054596	0.1140092387795448	0.1802445501089096	0.2262730747461319	0.2427369803190231	0.2493676990270615	0.2305698245763779	0.187669649720192	0.1094088181853294	0.1943587064743042	0.1725392788648605	0.1072051674127579	0.1127843782305717	0.1142009794712067	0.0913391038775444	0.1559494286775589	0.234639436006546	0.1810922026634216	0.2510517537593842	0.180023655295372	0.1741762161254883	0.1311345994472504	0.1746604442596436	0.2158991992473602	0.2173013836145401	0.1801013648509979	0.2398337572813034	0.1138969287276268	0.2313500642776489	0.1815640926361084	0.2340446412563324	0.2438315451145172	0.1662440150976181	0.2057918459177017	0.210210457444191	0.2587756216526031	0.1843489855527878	0.182158887386322	0.271638810634613	0.2235593795776367	0.2007488757371902	0.1775702238082886	0.2355781346559525	0.2083628326654434	0.2044230699539185	0.1833135187625885	0.2038297206163406	0.195514515042305	0.2396425157785416	0.04100997373461723	0.1546890884637833	0.07389312237501144	0.07312779873609543	0.08381655067205429	0.1595607548952103	0.1262292414903641	0.07892487943172455	0.1665512472391129	0.05310963466763496	0.1440090239048004	0.03390853106975555	0.1477575898170471	0.04470199346542358	0.04122014716267586	0.2179609388113022	0.08027047663927078	0.166555792093277	0.0594564862549305	0.07295595109462738	0.08228171616792679	0.1457302868366241	0	0.06832729279994965	0.1688878983259201	0.07917644828557968	0.06967390328645706	0.04983772337436676
S8-male-3	0.1323273181915283	0.1337312310934067	0.04688846692442894	0.2016068547964096	0.09627042710781097	0.06128136441111565	0.1211838871240616	0.1031418815255165	0.02406469918787479	0.1491100192070007	0.1088792234659195	0.1847857385873795	0.200506255030632	0.1275105178356171	0.1977991312742233	0.1111306399106979	0.1842187643051147	0.08774729818105698	0.1451077610254288	0.1069658473134041	0.1477594971656799	0.1506834626197815	0.1202889680862427	0.1541371643543243	0.2082352042198181	0.1111477613449097	0.1238007396459579	0.1327333301305771	0.08033549040555954	0.1073286905884743	0.2112072706222534	0.08392787724733353	0.08392786979675293	0.17026087641716	0.07705515623092651	0.1016522273421288	0.04728733748197556	0.1238679066300392	0.1306013166904449	0.123767763376236	0.1932527273893356	0.2197414189577103	0.2149116545915604	0.1535922437906265	0.156739354133606	0.1598254442214966	0.1908032298088074	0.1762935221195221	0.2225988507270813	0.1133704632520676	0.1101662591099739	0.1447994560003281	0.09689077734947205	0.1134962067008018	0.2335526049137115	0.2437141239643097	0.1440354287624359	0.2173952609300613	0.1440702676773071	0.2139313220977783	0.1926407366991043	0.213653489947319	0.2005327790975571	0.1955942660570145	0.1979052573442459	0.1642488092184067	0.204737976193428	0.06182295456528664	0.04728733748197556	0.1674511134624481	0.1342640966176987	0.07211697101593018	0.1953212022781372	0.1144800335168839	0.1979614496231079	0.1262003779411316	0.2045106738805771	0.1588838845491409	0.2407877445220947	0.2240969687700272	0.1602753400802612	0.2400513291358948	0.2355674654245377	0.2381981015205383	0.2185833305120468	0.1650067418813705	0.2213319540023804	0.225666418671608	0.2691577970981598	0.2568101584911346	0.2517695426940918	0.1632735431194305	0.2433925867080688	0.2515720725059509	0.2567148804664612	0.1696963757276535	0.1290217339992523	0.1753056198358536	0.2373954951763153	0.2408067286014557	0.1665932387113571	0.1665932536125183	0.1888075172901154	0.2592968642711639	0.2542900443077087	0.2517695426940918	0.2667264640331268	0.1920345574617386	0.1890737861394882	0.2593036890029907	0.2385129481554031	0.203007310628891	0.2289557456970215	0.1567336469888687	0.2157256603240967	0.2101537436246872	0.1761061251163483	0.2036845684051514	0.2308169305324554	0.1449932008981705	0.1102695316076279	0.1907511949539185	0.2255824357271194	0.2543249726295471	0.2609151601791382	0.241833433508873	0.2041327804327011	0.1332099139690399	0.1524125039577484	0.1705602407455444	0.123706728219986	0.1229066848754883	0.1241295114159584	0.1010592207312584	0.1669213324785233	0.2341548055410385	0.1858458518981934	0.250962108373642	0.1903182864189148	0.1844046413898468	0.1408958435058594	0.1849320083856583	0.2265746146440506	0.2164245545864105	0.190396323800087	0.2567847669124603	0.1304363459348679	0.2367259114980698	0.1976751238107681	0.2509751319885254	0.2549712359905243	0.182913601398468	0.2164371162652969	0.2208259105682373	0.2646544575691223	0.1826721280813217	0.1924212872982025	0.2832067906856537	0.2344835996627808	0.2167297601699829	0.1755789369344711	0.2468523979187012	0.2072910070419312	0.2266174405813217	0.1935805976390839	0.2026166766881943	0.1940884292125702	0.2392807304859161	0.04273489490151405	0.1207701563835144	0.07629276067018509	0.02015560120344162	0.03928984701633453	0.155481830239296	0.07626336812973022	0.01945117674767971	0.1266536712646484	0.02349909022450447	0.1094782650470734	0.03548073396086693	0.1059764623641968	0.04651243984699249	0.05028023943305016	0.1872502863407135	0.02788195013999939	0.1554849892854691	0.0379025898873806	0.1032818555831909	0.02322475798428059	0.104521356523037	0.06832729279994965	0	0.1286188513040543	0.01998245157301426	0.02406469918787479	0.03509242832660675
S9-female-1	0.03075349889695644	0.06829582154750824	0.1219311952590942	0.1562623381614685	0.07559404522180557	0.1752547323703766	0.0521729402244091	0.08311183750629425	0.1073895022273064	0.1023763567209244	0.2040398120880127	0.2449868321418762	0.2597901523113251	0.1909708231687546	0.1427193731069565	0.1754991710186005	0.2444527447223663	0.1533939689397812	0.2075805068016052	0.1718305647373199	0.2100823521614075	0.2128407210111618	0.1841510087251663	0.09228212386369705	0.2670645713806152	0.1755153685808182	0.1874676793813705	0.1975046098232269	0.1463827341794968	0.1719065010547638	0.2698611915111542	0.1497812271118164	0.1497812271118164	0.2313007116317749	0.1432790160179138	0.1665414720773697	0.1150942295789719	0.1894232928752899	0.1938890367746353	0.187436506152153	0.2532072961330414	0.2793624103069305	0.2748265266418457	0.09164303541183472	0.09533317387104034	0.09894935041666031	0.1334772258996964	0.2369860112667084	0.1719764322042465	0.1776154339313507	0.1745879203081131	0.2072896063327789	0.1620402485132217	0.1777342557907104	0.1846171170473099	0.1963166296482086	0.08042141050100327	0.1659608483314514	0.08046238124370575	0.272424191236496	0.2523847222328186	0.2721627652645111	0.2598150670528412	0.2551657855510712	0.2573415637016296	0.2256334722042084	0.264498382806778	0.1288612633943558	0.1150942295789719	0.2286522686481476	0.1973468363285065	0.1386058628559113	0.2549086511135101	0.1786637157201767	0.2573944330215454	0.1913459748029709	0.2640523910522461	0.2205749452114105	0.184591069817543	0.1414318680763245	0.08948087692260742	0.1907022893428802	0.178479015827179	0.1815599948167801	0.1585414111614227	0.2204684615135193	0.1617734581232071	0.1685510724782944	0.2176763266324997	0.2033035904169083	0.1974242627620697	0.09508217871189117	0.1876380294561386	0.1749468296766281	0.1811921745538712	0.100704088807106	0.06078488752245903	0.0812871977686882	0.1876323670148849	0.1846132576465607	0.09701013565063477	0.09701015055179596	0.1233939826488495	0.206201508641243	0.2003650367259979	0.1974242627620697	0.221215084195137	0.1346356272697449	0.1311734467744827	0.2126758992671967	0.1903315484523773	0.1477171331644058	0.1790805459022522	0.09532651305198669	0.1622553020715714	0.1557727158069611	0.2368094474077225	0.1482359766960144	0.1814630031585693	0.2090572863817215	0.1766006499528885	0.252122163772583	0.1754225492477417	0.2069404721260071	0.2147555947303772	0.1939274072647095	0.2647002041339874	0.1982280015945435	0.2163150757551193	0.2315829247236252	0.1873788982629776	0.1882403939962387	0.188041090965271	0.1659809201955795	0.1069697141647339	0.1850796341896057	0.1273962706327438	0.2032950222492218	0.2504446804523468	0.2446278631687164	0.2392154484987259	0.24537293612957	0.2860283851623535	0.2765003442764282	0.2505181431770325	0.2111126482486725	0.1939947307109833	0.1880438774824142	0.2571248710155487	0.2046608775854111	0.24697545170784	0.245013490319252	0.2765121459960938	0.2803807854652405	0.2188329100608826	0.2432446777820587	0.2521780729293823	0.2403314113616943	0.2947513461112976	0.2750568389892578	0.1173705011606216	0.1997025161981583	0.2664188146591187	0.2860685884952545	0.2532697319984436	0.2635320127010345	0.25551837682724	0.1909876316785812	0.1590831279754639	0.0266171507537365	0.1883473694324493	0.1109081134200096	0.1075160652399063	0.08446722477674484	0.1671287715435028	0.1392543762922287	0.07660927623510361	0.1423154324293137	0.03088182210922241	0.1527591347694397	0.02667487226426601	0.1628298759460449	0.1656617224216461	0.09253076463937759	0.1183413863182068	0.05662210658192635	0.1548703461885452	0.2118945866823196	0.1425412744283676	0.06023132428526878	0.1688878983259201	0.1286188513040543	0	0.1392505913972855	0.1073895022273064	0.1323638260364532
S9-female-3	0.142869308590889	0.1145689785480499	0.05842464789748192	0.2113863378763199	0.1072086840867996	0.07220880687236786	0.1319896131753922	0.1139153987169266	0.03611117601394653	0.1589832752943039	0.1194043606519699	0.1742822378873825	0.1902051419019699	0.1162697076797485	0.1865551620721817	0.09967899322509766	0.1737079322338104	0.07599467039108276	0.1340934932231903	0.0954139307141304	0.1367793381214142	0.1397409737110138	0.1089552044868469	0.142385870218277	0.1980336010456085	0.09969633817672729	0.1125121861696243	0.1212814375758171	0.06848745793104172	0.0958281084895134	0.2010439038276672	0.0946333184838295	0.0946333259344101	0.1790532618761063	0.0879208892583847	0.09007859230041504	0.05886088311672211	0.1122509464621544	0.1194003075361252	0.1124787852168083	0.1828160732984543	0.2094375342130661	0.2045440226793289	0.163447380065918	0.1665217280387878	0.1695367693901062	0.2000552415847778	0.1656807065010071	0.2309204041957855	0.1019476428627968	0.09870219975709915	0.1337811946868896	0.08525583148002625	0.1020750105381012	0.2229037284851074	0.2332063466310501	0.1541130393743515	0.2065220922231674	0.1541470587253571	0.2038030326366425	0.1822383403778076	0.2035216242074966	0.19023197889328	0.1852299124002457	0.1875706613063812	0.1602027416229248	0.200698509812355	0.07304812222719193	0.05886088311672211	0.1763028353452682	0.1438315212726593	0.08309858292341232	0.1849533170461655	0.103071503341198	0.1876275539398193	0.1220146715641022	0.1941769421100616	0.1679177284240723	0.24897401034832	0.2327666431665421	0.1702785044908524	0.2482171207666397	0.2438660562038422	0.2464400231838226	0.2272527366876602	0.1739459633827209	0.229940801858902	0.2339584827423096	0.2767467796802521	0.2646563351154327	0.2597219347953796	0.17294742166996	0.2515230476856232	0.2596418559551239	0.2646746635437012	0.1794776618480682	0.1397310644388199	0.1850930452346802	0.2456181347370148	0.2489926218986511	0.1764473617076874	0.1764473766088486	0.1981462240219116	0.267090916633606	0.2621892690658569	0.2597219347953796	0.2743657529354095	0.2012995332479477	0.1984063982963562	0.2670975625514984	0.246499091386795	0.2119838893413544	0.2371779531240463	0.1665161699056625	0.2244582027196884	0.2190101146697998	0.1847757250070572	0.2126857787370682	0.2389644086360931	0.1545561254024506	0.1206627935171127	0.1993230581283569	0.2338406145572662	0.2622234225273132	0.2686409950256348	0.2497846633195877	0.2124249637126923	0.143077090382576	0.1618497222661972	0.1793463379144669	0.1335076093673706	0.1329671442508698	0.1339602768421173	0.1113702654838562	0.1765115559101105	0.242267057299614	0.1952524930238724	0.2588963508605957	0.1987265050411224	0.1929013878107071	0.1500930935144424	0.193451851606369	0.2344402372837067	0.2244969457387924	0.1988029330968857	0.2644270956516266	0.1401268094778061	0.2447840571403503	0.2058990001678467	0.258703351020813	0.262548416852951	0.1916873455047607	0.2245092391967773	0.2287755906581879	0.2541152834892273	0.172098696231842	0.2007526606321335	0.2904759347438812	0.2423555999994278	0.2245695739984512	0.1849315315485001	0.2546992301940918	0.2153521627187729	0.2344822287559509	0.2018882036209106	0.1920430511236191	0.2026250660419464	0.2472853064537048	0.04682764410972595	0.131539523601532	0.08687547594308853	0.03225033357739449	0.05105731636285782	0.1655092984437943	0.08762165904045105	0.03141442313790321	0.1371830403804779	0.03531833365559578	0.1204279214143753	0.04701343178749084	0.1170118674635887	0.05782828480005264	0.06146378815174103	0.1970859467983246	0.03983498364686966	0.1657456159591675	0.04937778785824776	0.1132585257291794	0.02757995761930943	0.1153996288776398	0.07917644828557968	0.01998245157301426	0.1392505913972855	0	0.03611117601394653	0.04677114635705948
S9-male-1	0.1112804636359215	0.1429456174373627	0.04804008454084396	0.1820764690637589	0.1053413152694702	0.07688049226999283	0.1306015998125076	0.1122000813484192	0	0.1581937819719315	0.1033894121646881	0.1931578516960144	0.2088179737329483	0.1360687613487244	0.2068578600883484	0.1197323650121689	0.192592978477478	0.09640351682901382	0.1536144912242889	0.115613117814064	0.1562580168247223	0.1591728329658508	0.1288669258356094	0.1632842272520065	0.2165158092975616	0.119749441742897	0.1323692351579666	0.141491174697876	0.08900713175535202	0.1159398779273033	0.2194755971431732	0.09259216487407684	0.09259217232465744	0.1786852031946182	0.08573335409164429	0.1102771088480949	0.05601691827178001	0.1326879858970642	0.1391509026288986	0.1323363333940506	0.2016268819570541	0.2281802147626877	0.2233714461326599	0.1627412140369415	0.1658773273229599	0.1689524501562119	0.200055256485939	0.1846965849399567	0.2314669191837311	0.1219664961099625	0.1187704056501389	0.1533071249723434	0.1055267527699471	0.1220919266343117	0.2423684597015381	0.2524796426296234	0.1532167345285416	0.2262873947620392	0.1532514542341232	0.2221883237361908	0.2009831815958023	0.2219116538763046	0.2088444083929062	0.2039253115653992	0.2062272727489471	0.1726938039064407	0.2131336182355881	0.07052924484014511	0.05601691827178001	0.1758851408958435	0.1428031772375107	0.08080468326807022	0.2036532908678055	0.1230732277035713	0.2062832117080688	0.1349771022796631	0.2128749340772629	0.1673467457294464	0.243814617395401	0.2068392336368561	0.1627056449651718	0.2490732222795486	0.2385610342025757	0.241208553314209	0.2214634120464325	0.1672341823577881	0.224230945110321	0.2285169214010239	0.2723525166511536	0.2599345147609711	0.254863977432251	0.1656639128923416	0.2464357912540436	0.2355275750160217	0.2408923953771591	0.1722057014703751	0.1385009288787842	0.1557818651199341	0.2464308887720108	0.2438337057828903	0.1690768152475357	0.1690768301486969	0.191469594836235	0.2624357342720032	0.2573995590209961	0.254863977432251	0.2756457030773163	0.2013231813907623	0.1983749568462372	0.26826411485672	0.2473044842481613	0.2122063338756561	0.2378327250480652	0.1658716350793839	0.2249079942703247	0.2193619757890701	0.1845098882913589	0.2129221707582474	0.2396460324525833	0.1537136882543564	0.1191262751817703	0.1993102580308914	0.2344365268945694	0.2633125185966492	0.2698264122009277	0.2506470680236816	0.2126380503177643	0.1420030146837234	0.1611455827951431	0.1789835542440414	0.1322754770517349	0.1316926777362823	0.132732093334198	0.1096855103969574	0.1760626286268234	0.2430065423250198	0.1951605826616287	0.2599271237850189	0.1987037062644958	0.1927781850099564	0.1492083519697189	0.1933377385139465	0.23501817882061	0.224913164973259	0.198781430721283	0.265521228313446	0.1390213072299957	0.2455650269985199	0.2059980034828186	0.2597036361694336	0.2635987997055054	0.1915387064218521	0.224925696849823	0.2292599231004715	0.2735852897167206	0.1910862624645233	0.2007645815610886	0.2919912934303284	0.2430746257305145	0.2249749749898911	0.1846474260091782	0.2556405365467072	0.2156092375516891	0.235060840845108	0.2019194364547729	0.211163803935051	0.2026700973510742	0.2481071203947067	0.05857349187135696	0.1078040972352028	0.09169610589742661	0.003989508841186762	0.04803077504038811	0.1578493863344193	0.06131111457943916	0.03565048053860664	0.1140126213431358	0.0395832248032093	0.1113883331418037	0.05141226947307587	0.1078525856137276	0.06236495450139046	0.06602173298597336	0.1676163822412491	0.01193864829838276	0.1349998563528061	0.05380313470959663	0.118328794836998	0.03937605395913124	0.09134534001350403	0.06967390328645706	0.02406469918787479	0.1073895022273064	0.03611117601394653	0	0.02830842137336731
S9-male-2	0.1060686707496643	0.158259317278862	0.03512314707040787	0.2050517052412033	0.07725381106138229	0.07932720333337784	0.1395235359668732	0.09894135594367981	0.02830842137336731	0.1450531035661697	0.1125856712460518	0.2055481374263763	0.2206663489341736	0.1505335569381714	0.2198169231414795	0.1348192691802979	0.1805791258811951	0.08367964625358582	0.134818822145462	0.1309204250574112	0.1375117301940918	0.1404810398817062	0.1163656264543533	0.1777898371219635	0.2281020879745483	0.1281774789094925	0.1469738036394119	0.1561058312654495	0.1052983924746513	0.1311730146408081	0.2019273936748505	0.1087405830621719	0.1087405830621719	0.1915867328643799	0.1021555587649345	0.1257298737764359	0.07365100830793381	0.1477040946483612	0.1267237216234207	0.146942138671875	0.2079549133777618	0.2339928895235062	0.2292990684509277	0.1772681176662445	0.1802814155817032	0.1832366287708282	0.2135049253702164	0.1973845511674881	0.2434180378913879	0.102584220468998	0.1061980128288269	0.1409848630428314	0.1211649402976036	0.102711983025074	0.2539332807064056	0.263691633939743	0.1681196987628937	0.238424226641655	0.1681530624628067	0.2335832715034485	0.2131012082099915	0.2333158850669861	0.2206918448209763	0.2159417569637299	0.218164473772049	0.1797164529561996	0.224975660443306	0.08036491274833679	0.07365100830793381	0.1828267127275467	0.1570151895284653	0.09033844619989395	0.2099065631628036	0.1380318701267242	0.2124729156494141	0.1498426347970963	0.2246807366609573	0.1806557476520538	0.2556378543376923	0.2271487861871719	0.1776232272386551	0.2548261880874634	0.2505742013454437	0.2471577674150467	0.234104797244072	0.1550183594226837	0.2306133061647415	0.2346242219209671	0.2775407731533051	0.2711840569972992	0.2662924826145172	0.1800763756036758	0.2581647932529449	0.2544119656085968	0.2595159411430359	0.1799954921007156	0.1472669392824173	0.1718728244304657	0.2522494792938232	0.2497171312570572	0.1769551038742065	0.1769551038742065	0.1987241506576538	0.2678615748882294	0.2629477083683014	0.2662924826145172	0.2863973379135132	0.2147843390703201	0.2054734528064728	0.2792717516422272	0.2529492080211639	0.2251942753791809	0.2496086955070496	0.1802759617567062	0.2374776601791382	0.2321386188268661	0.1972044408321381	0.2259412258863449	0.2513067126274109	0.1614141911268234	0.1346749812364578	0.2117885798215866	0.2462817877531052	0.2744934856891632	0.2807307243347168	0.2619718313217163	0.2188257873058319	0.1566584706306458	0.1750732362270355	0.1918744593858719	0.1403608322143555	0.1466855257749557	0.1473818421363831	0.1251613199710846	0.1901324242353439	0.2545993328094482	0.2023466229438782	0.2711769044399261	0.2109500616788864	0.2051817625761032	0.162846103310585	0.2057718336582184	0.2463053166866302	0.236545667052269	0.2110250890254974	0.2707550525665283	0.1469567567110062	0.251276820898056	0.2121946066617966	0.2650515139102936	0.2743300199508667	0.198279544711113	0.236557736992836	0.2406957894563675	0.2787675857543945	0.2035995423793793	0.212890163064003	0.3021407723426819	0.254328578710556	0.2307209223508835	0.1983270347118378	0.2667917907238007	0.2272732555866241	0.24634650349617	0.2140050828456879	0.2232743352651596	0.2150805294513702	0.2595206499099731	0.06856288760900497	0.117249459028244	0.1007327511906624	0.02441632188856602	0.05854225531220436	0.1372818797826767	0.08026450127363205	0.04636652767658234	0.1303621977567673	0.01926833763718605	0.1207254901528358	0.06161331385374069	0.1246101930737495	0.07228211313486099	0.06866206973791122	0.1837439835071564	0.0320926271378994	0.1294979900121689	0.02623750269412994	0.09939488768577576	0.04997899755835533	0.10835300385952	0.04983772337436676	0.03509242832660675	0.1323638260364532	0.04677114635705948	0.02830842137336731	0
