Feature ID	Taxon	Confidence
d3ae5e3b180c63f5fca1a99523f2bf93	k__Bacteria; p__Proteobacteria; c__Alphaproteobacteria; o__Rickettsiales; f__Rickettsiaceae; g__Wolbachia; s__	0.9999252462663338
a47c56b57bbcbc2940d672582f8a7249	k__Bacteria; p__Proteobacteria; c__Alphaproteobacteria; o__Rhodospirillales; f__Acetobacteraceae; g__Acetobacter; s__	0.9947360584820661
e2ec4075fa42ccfedcc2c929d95d6ed5	k__Bacteria; p__Proteobacteria; c__Alphaproteobacteria; o__Rhodospirillales; f__Acetobacteraceae; g__Acetobacter; s__	0.9991031851932659
b7244ea7fb75511464dfe7e54d742044	k__Bacteria; p__Proteobacteria; c__Alphaproteobacteria; o__Rhodospirillales; f__Acetobacteraceae; g__Commensalibacter; s__intestini	0.9999999855858165
24722bfc851d97ca025ca9929d1759f0	k__Bacteria; p__Firmicutes; c__Bacilli; o__Lactobacillales; f__Leuconostocaceae; g__Leuconostoc; s__	0.9169679060344393
ed588e85190cb625ca35e9f7c0e31c72	k__Bacteria; p__Proteobacteria; c__Alphaproteobacteria; o__Rhodospirillales; f__Acetobacteraceae; g__Gluconobacter; s__	0.9999407845223077
9489650ff7365fbfdac60d72947bea37	k__Bacteria; p__Firmicutes; c__Bacilli; o__Lactobacillales; f__Lactobacillaceae; g__Lactobacillus; s__brevis	0.9966212016748595
7ee05307cb203f01574edb1c3eaedaba	k__Bacteria; p__Proteobacteria; c__Alphaproteobacteria; o__Rhodospirillales; f__Acetobacteraceae; g__Acetobacter; s__	0.9995279681854579
904d0d2dbc6c01e0003b261876d861dc	k__Bacteria; p__Proteobacteria; c__Gammaproteobacteria; o__Oceanospirillales; f__Oceanospirillaceae; g__; s__	0.8057454873302946
6274821335510af85980219e26bb88cf	k__Bacteria; p__Proteobacteria; c__Alphaproteobacteria; o__Rhodospirillales; f__Acetobacteraceae; g__Acetobacter; s__	0.9986535399142611
a43d98881327eea9f74fed593a173ae7	k__Bacteria; p__Proteobacteria; c__Gammaproteobacteria; o__Enterobacteriales; f__Enterobacteriaceae	0.9990327100596087
718e39a7de1e97530b81af6e28bc8989	k__Bacteria; p__Proteobacteria; c__Alphaproteobacteria; o__Rhodospirillales; f__Acetobacteraceae; g__Commensalibacter; s__intestini	0.9852304944489974
168884dbe4289f8e3beae0fe48f34855	k__Bacteria; p__Proteobacteria; c__Alphaproteobacteria; o__Rhodospirillales; f__Acetobacteraceae; g__Commensalibacter; s__intestini	0.9999992768569456
865584b1e6664cd406d2268c653d8775	k__Bacteria; p__Proteobacteria; c__Alphaproteobacteria; o__Rhodospirillales; f__Acetobacteraceae; g__Gluconobacter; s__	0.9999982212527289
954e7fac9435af088f58966a4fc58b65	k__Bacteria; p__Firmicutes; c__Bacilli; o__Lactobacillales; f__Lactobacillaceae; g__Lactobacillus; s__zeae	0.9962675376798389
3a31a1bc75a12419c28f6b67c9cedcb0	k__Bacteria; p__Proteobacteria; c__Alphaproteobacteria; o__Rhodospirillales; f__Acetobacteraceae; g__Acetobacter; s__	0.9998192275200745
de860f587a4da70c0f9e91fb7026f5b3	k__Bacteria; p__Proteobacteria; c__Alphaproteobacteria; o__Rhodospirillales; f__Acetobacteraceae; g__Acetobacter; s__	0.9994408971019199
b82399dadada437469307633b00c6a57	k__Bacteria; p__Firmicutes; c__Bacilli; o__Lactobacillales; f__Enterococcaceae; g__Enterococcus; s__	0.7027115093480738
4c56aeed6ccd9cab509a5b0b0ddcb21c	k__Bacteria; p__Proteobacteria; c__Gammaproteobacteria; o__Enterobacteriales; f__Enterobacteriaceae	0.9999999578279836
64e82f3524b59c3cf708d35faaaed280	k__Bacteria; p__Firmicutes; c__Bacilli; o__Lactobacillales; f__Enterococcaceae; g__Enterococcus	0.8589411735127986
66ae85c54cf231201ecbe0191304fb51	k__Bacteria; p__Proteobacteria; c__Alphaproteobacteria; o__Rhodospirillales; f__Acetobacteraceae; g__Commensalibacter; s__intestini	0.9988981805586559
42d618b67e8ef04e0a31c3beaa0976c2	k__Bacteria; p__Proteobacteria; c__Alphaproteobacteria; o__Rhodospirillales; f__Acetobacteraceae; g__Commensalibacter; s__intestini	0.9999998907424075
104ed9d4092476255a4fcf2c1cbda1ac	k__Bacteria; p__Proteobacteria; c__Alphaproteobacteria; o__Rhodospirillales; f__Acetobacteraceae; g__Acetobacter; s__	0.9977883679644713
d2c3bb0622696d77ac03585ea71f9bee	k__Bacteria; p__Proteobacteria; c__Gammaproteobacteria; o__Enterobacteriales; f__Enterobacteriaceae	0.9999841491440058
d62023271686fb98c21d8d5880e9d9ac	k__Bacteria; p__Firmicutes; c__Bacilli; o__Lactobacillales; f__Leuconostocaceae; g__Weissella	0.9999716830768711
821bb795ba156102518a877869d87fdb	k__Bacteria; p__Proteobacteria; c__Gammaproteobacteria; o__Pasteurellales; f__; g__; s__	0.9999937753445532
507a6e9ff6a4fa917683b78eb703d964	k__Bacteria; p__Firmicutes; c__Bacilli; o__Lactobacillales; f__Lactobacillaceae; g__Lactobacillus; s__	0.9960280895737611
a0be1789266a10cd916a271f506775e5	k__Bacteria; p__Firmicutes; c__Clostridia; o__Clostridiales; f__Ruminococcaceae; g__; s__	0.9757670242134979
d2bb065e12a3db145a18dff35dd42493	k__Bacteria; p__Firmicutes; c__Clostridia; o__Clostridiales; f__Ruminococcaceae; g__; s__	0.999863836755986
9a858e1ac9b139a6aea15c77ed5b504a	k__Bacteria; p__Proteobacteria; c__Alphaproteobacteria; o__Rhodospirillales; f__Acetobacteraceae; g__Gluconobacter; s__	0.9999965675867702
078261f9618530df324dadd95e8fce5c	k__Bacteria; p__Proteobacteria; c__Gammaproteobacteria; o__Enterobacteriales; f__Enterobacteriaceae; g__Tatumella	0.7277038745596631
279feba3a62fac576c217f743f7a0677	k__Bacteria; p__Firmicutes; c__Clostridia; o__Clostridiales; f__Ruminococcaceae; g__; s__	0.9987463722367719
b78dcf19b4b2b4077a59ecce9a7fd2e1	k__Bacteria; p__Proteobacteria; c__Alphaproteobacteria; o__Rhodospirillales; f__Acetobacteraceae; g__Gluconobacter; s__	0.9974171531341163
88b31220e635f55ad8ef94508e0c9e01	k__Bacteria; p__Firmicutes; c__Clostridia; o__Clostridiales; f__Ruminococcaceae; g__; s__	0.9993086047846359
b867ec33eb48cd092e2e6dcc4d00d9c3	k__Bacteria; p__Firmicutes; c__Clostridia; o__Clostridiales; f__Ruminococcaceae; g__; s__	0.9923210749575998
56c03d013d5436c3c5ec4623522dd756	k__Bacteria; p__Proteobacteria; c__Alphaproteobacteria; o__Rhodospirillales; f__Acetobacteraceae; g__Acetobacter	0.9999973074765152
5b6c452f7f6335f8e7840829d50ffd5a	k__Bacteria; p__Firmicutes; c__Bacilli; o__Lactobacillales; f__Lactobacillaceae; g__Lactobacillus; s__	0.997902163848056
d51bc6ce29fed3b9f21cba0f73f3392b	k__Bacteria; p__Proteobacteria; c__Gammaproteobacteria; o__Pasteurellales; f__; g__; s__	0.9999999999979536
a8dfef86556255e92c8e26f7b83c4768	k__Bacteria; p__Proteobacteria; c__Alphaproteobacteria; o__Rhodospirillales; f__Acetobacteraceae; g__Gluconobacter; s__	0.9999840403451817
5f666e483f64c68dfae78fd13975ab7c	k__Bacteria; p__Bacteroidetes; c__Bacteroidia; o__Bacteroidales; f__; g__; s__	0.9860310784008437
9be6f616fab9836fcea4f9bf13f0875a	k__Bacteria; p__Bacteroidetes; c__Bacteroidia; o__Bacteroidales; f__Porphyromonadaceae; g__Dysgonomonas; s__	0.999954788080276
8bb672f5f4acb01e511c9d3b7a32916a	k__Bacteria; p__Proteobacteria; c__Alphaproteobacteria; o__Rhodospirillales; f__Acetobacteraceae; g__Acetobacter; s__	0.9995379429056483
1d057a5899d45ea66a09296fb618bf85	k__Bacteria; p__Proteobacteria; c__Gammaproteobacteria; o__Pasteurellales; f__; g__; s__	0.9999989093029862
cab600476e0adc0e0261e03d24aa21fa	k__Bacteria; p__Firmicutes; c__Bacilli; o__Lactobacillales; f__Enterococcaceae; g__Enterococcus	0.7337197545813153
b2b3feb96ef0689cfd3a7d84b4fa301d	k__Bacteria; p__Proteobacteria; c__Alphaproteobacteria; o__Rhodospirillales; f__Acetobacteraceae; g__Gluconacetobacter	0.8642799475131985
45ec9d13549d1fbd5bbed81b82a6e799	k__Bacteria; p__Firmicutes; c__Bacilli; o__Lactobacillales; f__Enterococcaceae; g__Enterococcus	0.8343605535648009
3d4f21fcb25b9eef85abc7b98a5247c6	k__Bacteria; p__Proteobacteria; c__Alphaproteobacteria; o__Rhizobiales; f__Methylobacteriaceae; g__Methylobacterium; s__adhaesivum	0.9025805326181419
d5e253f9fd3d9fff16e51560b9ba1add	k__Bacteria; p__Proteobacteria; c__Alphaproteobacteria; o__Rhodospirillales; f__Acetobacteraceae; g__Acetobacter; s__	0.9986088195479754
0bc2c0a5eedb54d10db2591f28b05b19	k__Bacteria; p__Bacteroidetes; c__Bacteroidia; o__Bacteroidales; f__[Paraprevotellaceae]; g__; s__	0.7228857457360857
d027ffb8d001e114624e51af10f70d10	k__Bacteria; p__Proteobacteria; c__Gammaproteobacteria; o__Pasteurellales; f__; g__; s__	0.9999999999990052
c93cf87205ba11c72386f63cc774eace	k__Bacteria; p__Proteobacteria; c__Alphaproteobacteria; o__Rhodospirillales; f__Acetobacteraceae; g__Gluconacetobacter	0.7405397905188366
d5cf20652a22d5948dfebdf858b524ca	k__Bacteria; p__Firmicutes; c__Bacilli; o__Lactobacillales; f__Lactobacillaceae; g__Lactobacillus; s__	0.702741296521336
d6983568530248586325bc4c2cf86a7b	k__Bacteria; p__Proteobacteria; c__Gammaproteobacteria; o__Pasteurellales; f__; g__; s__	0.9999999999995737
f9a8f7eb646316ec1a73e776ac3b8a5d	k__Bacteria; p__Firmicutes; c__Bacilli; o__Lactobacillales; f__Lactobacillaceae	0.9988944536110613
8ea86cc3387b5fb04d50094abb85bc56	k__Bacteria; p__Firmicutes; c__Bacilli; o__Lactobacillales; f__Lactobacillaceae; g__Lactobacillus; s__	0.9916685332032107
0dce6b552fbebc89009bf164db8c13e6	k__Bacteria; p__Firmicutes; c__Clostridia; o__Clostridiales; f__Lachnospiraceae; g__Roseburia; s__	0.8420121553097584
715c710e81fdeaaf8fe279407a2b8b00	k__Bacteria; p__Proteobacteria; c__Alphaproteobacteria; o__Rhodospirillales; f__Acetobacteraceae; g__Acetobacter; s__	0.9942842420448171
a707c1756a2eff15d003689ecae3a592	k__Bacteria; p__Proteobacteria; c__Gammaproteobacteria; o__Enterobacteriales; f__Enterobacteriaceae	0.9999948983060639
b8ebcbcc7e90ff461502fbfefde12dcb	k__Bacteria; p__Proteobacteria; c__Alphaproteobacteria; o__Rhodospirillales; f__Acetobacteraceae; g__Gluconacetobacter; s__intermedius	0.9591991809338262
1acf72a9cdf729c1fee61a42c4ed24fa	k__Bacteria; p__Firmicutes; c__Clostridia; o__Clostridiales; f__Lachnospiraceae; g__Roseburia; s__	0.7611180613101797
3e3868bc7a6db06e3bc7ddb988b241b9	k__Bacteria; p__Firmicutes; c__Bacilli; o__Lactobacillales; f__Leuconostocaceae; g__Leuconostoc; s__	0.9961094796564682
04e49207c855e3fca24ab0652f24f737	k__Bacteria; p__Firmicutes; c__Bacilli; o__Lactobacillales; f__Leuconostocaceae; g__Weissella; s__viridescens	0.9864724479416812
4b09f1ee861ce88c31d75ea75d8afcda	k__Bacteria; p__Firmicutes; c__Clostridia; o__Clostridiales; f__Ruminococcaceae; g__; s__	0.9996842507096421
c590796bdc6c6ff6bbcd1cee58573280	k__Bacteria; p__Firmicutes; c__Bacilli; o__Lactobacillales; f__Lactobacillaceae; g__Lactobacillus; s__brevis	0.994418415980096
248355bc02a8d76676dacaa2cf280a82	k__Bacteria; p__Proteobacteria; c__Alphaproteobacteria; o__Rhodospirillales; f__Acetobacteraceae; g__Commensalibacter; s__intestini	0.9999998733049376
9dda34760f2d13aeb961a9e6c6484c34	k__Bacteria; p__Firmicutes; c__Clostridia; o__Clostridiales; f__Veillonellaceae; g__Phascolarctobacterium; s__	0.999982662540647
c087aed6050edf6c76a757a955dd00f9	k__Bacteria; p__Bacteroidetes; c__Bacteroidia; o__Bacteroidales; f__Bacteroidaceae; g__Bacteroides; s__	0.7412674496526236
ed0b65bcef12e251e01aae6cca3e0793	k__Bacteria; p__Bacteroidetes; c__Bacteroidia; o__Bacteroidales; f__; g__; s__	0.9895796379107524
7f169aff23995bf249fbf1ba3d7db526	k__Bacteria; p__Proteobacteria; c__Alphaproteobacteria; o__Rhodospirillales; f__Acetobacteraceae; g__Acetobacter; s__	0.9977238247782104
86efcd4c12f51d6f35d0c9a25e292903	k__Bacteria; p__Proteobacteria; c__Gammaproteobacteria; o__Pseudomonadales; f__Pseudomonadaceae; g__Pseudomonas; s__	0.7638338392953667
178542b2981e5592d0b652e266d829d5	k__Bacteria; p__Bacteroidetes; c__Bacteroidia; o__Bacteroidales; f__Bacteroidaceae; g__5-7N15; s__	0.9999998880181442
5b4b7598b906e89da065d35d662b9418	k__Bacteria; p__Firmicutes; c__Clostridia; o__Clostridiales; f__Ruminococcaceae; g__Ruminococcus; s__flavefaciens	0.9998409509385554
464fe68dd99ffe973a4cad58fa9e274c	k__Bacteria; p__Proteobacteria; c__Gammaproteobacteria; o__Pasteurellales; f__; g__; s__	0.9999999999918856
1c82c78114143c6a5f525ea47b69d7dd	k__Bacteria; p__Proteobacteria; c__Alphaproteobacteria; o__Rickettsiales; f__Holosporaceae; g__; s__	0.999999934448882
41eccc6ce1ced0d42398a1ae60e52aa7	k__Bacteria; p__Bacteroidetes; c__Flavobacteriia; o__Flavobacteriales; f__[Weeksellaceae]; g__Wautersiella; s__	0.9999999997707079
a9ff872599c0d301c9164d00a3470578	k__Bacteria; p__Proteobacteria; c__Gammaproteobacteria; o__Pasteurellales; f__; g__; s__	0.9999999999912319
356b3275b21eac30defc406af4ea573e	k__Bacteria; p__Proteobacteria; c__Gammaproteobacteria; o__Xanthomonadales; f__Xanthomonadaceae; g__Dyella	0.7288496057098995
d172725954e2402a5b0726229c43d3a8	k__Bacteria; p__Verrucomicrobia; c__Verrucomicrobiae; o__Verrucomicrobiales; f__Verrucomicrobiaceae; g__Akkermansia; s__muciniphila	0.9999885174472221
5e6f162e2e88970cf3c01694a92e0692	k__Bacteria; p__Firmicutes; c__Clostridia; o__Clostridiales; f__Ruminococcaceae; g__Oscillospira; s__	0.9982923310083307
3b1783eb3e1aa4770e11cef11ae9a11d	k__Bacteria; p__Bacteroidetes; c__Bacteroidia; o__Bacteroidales; f__Porphyromonadaceae; g__Dysgonomonas; s__	0.9999885244844986
c9ec6e04c0ee5a55f3f8b4ee22a0fe73	k__Bacteria; p__Firmicutes; c__Clostridia; o__Clostridiales; f__Ruminococcaceae; g__; s__	0.9969281314778276
e2a61c3f2b19831c18ca1858663727a9	k__Bacteria; p__Bacteroidetes; c__Bacteroidia; o__Bacteroidales; f__; g__; s__	0.9998092219987874
050bd74c94087d16aa13100234c17d8a	k__Bacteria; p__Proteobacteria; c__Alphaproteobacteria; o__Rhodospirillales; f__Acetobacteraceae; g__Gluconacetobacter; s__intermedius	0.8989369282192156
48311b49295c61b9ddd159778435f0b0	k__Bacteria; p__Firmicutes; c__Bacilli; o__Lactobacillales; f__Lactobacillaceae	0.9348814976659207
c3e04d8dabd507349ece6501d0db1dc2	k__Bacteria; p__Bacteroidetes; c__Bacteroidia; o__Bacteroidales; f__Bacteroidaceae; g__5-7N15; s__	0.9999999991941593
643af4b801bb60813fd7dcfaf7e209ff	k__Bacteria; p__Firmicutes; c__Clostridia; o__Clostridiales; f__Ruminococcaceae; g__; s__	0.999753372806586
83437acf80a65a79f68b6d6f1bf76922	k__Bacteria; p__Proteobacteria; c__Alphaproteobacteria; o__Rhodospirillales; f__Acetobacteraceae; g__Acetobacter; s__	0.9992240336509998
78dedcf7eb47d7b606eb31cc7d287299	k__Bacteria; p__Firmicutes; c__Clostridia; o__Clostridiales; f__Ruminococcaceae; g__; s__	0.8676588693377872
3a1a2997703e40d77585a449a6e78134	k__Bacteria; p__Firmicutes; c__Clostridia; o__Clostridiales; f__Ruminococcaceae; g__; s__	0.9901993289315957
cfe046db5bdd23982bd0992c1f79f18c	k__Bacteria; p__Bacteroidetes; c__Bacteroidia; o__Bacteroidales; f__Porphyromonadaceae; g__Dysgonomonas; s__	0.9999929466905172
0a6a2a44bea10cf3e9ee9623ef1219e1	k__Bacteria; p__Actinobacteria; c__Actinobacteria; o__Actinomycetales; f__Nocardiaceae; g__Rhodococcus; s__	0.9997948010648526
19ae42dcab9165cd5f75054336797dde	k__Bacteria; p__Bacteroidetes; c__Bacteroidia; o__Bacteroidales; f__Porphyromonadaceae; g__Dysgonomonas; s__	0.9999278159228799
895ed4843ccb084139fbba38d2634397	k__Bacteria; p__Proteobacteria; c__Alphaproteobacteria; o__Rhizobiales; f__Rhizobiaceae; g__Rhizobium; s__	0.9949922565474553
919c896da2430a031fd8cddd44df39be	k__Bacteria; p__Firmicutes; c__Clostridia; o__Clostridiales; f__Ruminococcaceae; g__; s__	0.8583244450895842
f8a30689dee232805c05ee738a3b47bf	k__Bacteria; p__Firmicutes; c__Clostridia; o__Clostridiales; f__; g__; s__	0.999707218021207
0a7e34e68bffaec4e495b31786b31c0d	k__Bacteria; p__Firmicutes; c__Clostridia; o__Clostridiales; f__Ruminococcaceae; g__; s__	0.999342694010473
bd08468d116ccd470525199b26288540	k__Bacteria; p__Proteobacteria; c__Gammaproteobacteria; o__Enterobacteriales; f__Enterobacteriaceae	0.9998841599992279
c476dcc11e1ea5b1def7c9f511f10350	k__Bacteria; p__Proteobacteria; c__Gammaproteobacteria; o__Enterobacteriales; f__Enterobacteriaceae; g__Tatumella	0.7567293002529536
c14fac61fa5baec44acd220d539d857c	k__Bacteria; p__Firmicutes; c__Bacilli; o__Lactobacillales; f__Streptococcaceae; g__Lactococcus; s__	0.9999975574562102
14f43ef69a9c221129271f49a6bbf29d	k__Bacteria; p__Firmicutes; c__Clostridia; o__Clostridiales; f__Ruminococcaceae; g__; s__	0.9990077132278247
3f3a58f9b4be11437feb676680c41867	k__Bacteria; p__Firmicutes; c__Clostridia; o__Clostridiales; f__Ruminococcaceae; g__; s__	0.9925105990915253
d605376d01e3bec87cca2756e1c351fa	k__Bacteria; p__Firmicutes; c__Clostridia; o__Clostridiales; f__Ruminococcaceae; g__Ruminococcus; s__	0.9982054272749096
e0073a7e55271bc1c1730c2bc18bb76b	k__Bacteria; p__Bacteroidetes; c__Bacteroidia; o__Bacteroidales; f__; g__; s__	0.9996367460130419
3326971d1942c5f2708bf4f307283d46	k__Bacteria; p__Bacteroidetes; c__Bacteroidia; o__Bacteroidales; f__Bacteroidaceae; g__; s__	0.9999988319417953
694d5bdadd0faf99d3ffb831e6b192a9	k__Bacteria; p__Bacteroidetes; c__Bacteroidia; o__Bacteroidales; f__; g__; s__	0.9998991744649989
e22e34c2d3972f7b329dde3c89cdd5df	k__Bacteria; p__Firmicutes; c__Bacilli; o__Lactobacillales; f__Lactobacillaceae	0.9976203817583336
8167a96a78b0a0beec284e2c5d00a843	k__Bacteria; p__Proteobacteria; c__Alphaproteobacteria; o__Rickettsiales; f__Rickettsiaceae; g__Wolbachia; s__	0.9991147166985266
0aab184e2191664a04c41d10d101d70c	k__Bacteria; p__Bacteroidetes; c__Bacteroidia; o__Bacteroidales; f__; g__; s__	0.9989011672931805
f4c5cdfccf496b6bebd5f08d5cf59647	k__Bacteria; p__Bacteroidetes; c__Bacteroidia; o__Bacteroidales; f__Bacteroidaceae; g__5-7N15; s__	0.9999999972209821
9fffee717379bf98a22e2f05a0fc6d20	k__Bacteria; p__Actinobacteria; c__Actinobacteria; o__Actinomycetales; f__Micrococcaceae	0.9999991801035153
9a72a486ecbeb54f1082a0f38dfa2d58	k__Bacteria; p__Bacteroidetes	0.9999991761614319
ab10148fdbc0898a5d49cd665d9d8708	k__Bacteria; p__Firmicutes; c__Clostridia; o__Clostridiales; f__Ruminococcaceae; g__; s__	0.7370541429770693
cec03edd79229081969b24dc50b10b27	k__Bacteria; p__Proteobacteria; c__Gammaproteobacteria; o__Xanthomonadales; f__Xanthomonadaceae; g__Xylella; s__	0.9051452267087051
297a6c4d2cf5cde4a7e06b1d7597c2ae	k__Bacteria; p__Firmicutes; c__Bacilli; o__Lactobacillales; f__Lactobacillaceae; g__Lactobacillus; s__brevis	0.9984555313188459
8dd296c345eb927256eaf66bc95fe22d	k__Bacteria; p__Bacteroidetes; c__Bacteroidia; o__Bacteroidales; f__Rikenellaceae; g__; s__	0.9827527483286878
d3aeb1ab5140733709db369ebf39049a	k__Bacteria; p__Proteobacteria; c__Gammaproteobacteria; o__Pasteurellales; f__; g__; s__	0.9999778126372517
7cd026cfdf824a2798569a327ff4c19c	k__Bacteria; p__Cyanobacteria; c__Chloroplast; o__Streptophyta; f__; g__; s__	0.9999999999487841
2d31bd27ec8d04eda497104246fc6d4b	k__Bacteria; p__Firmicutes; c__Bacilli; o__Lactobacillales; f__Lactobacillaceae; g__Lactobacillus	0.9999633317991009
530f97bbdff6b7a4f1d9512d1a43b43f	k__Bacteria; p__Firmicutes; c__Clostridia; o__Clostridiales; f__Lachnospiraceae; g__Dorea; s__	0.9821886847913823
34e31e3c369a89a5daa67acd085393ea	k__Bacteria; p__Firmicutes; c__Bacilli; o__Lactobacillales; f__Leuconostocaceae; g__Leuconostoc; s__	0.9625050426965412
4597b629d9ecdbcb55bb3f2a2da3a8c6	k__Bacteria; p__Actinobacteria; c__Actinobacteria; o__Actinomycetales; f__Nocardiaceae; g__Rhodococcus; s__fascians	0.9999820279363336
ae78a0e6802197eea06ec79ac3a49dea	k__Bacteria; p__Proteobacteria; c__Alphaproteobacteria; o__Rickettsiales; f__Rickettsiaceae; g__Wolbachia; s__	0.9998195205946414
d4357e3deea47933b40f8f2dcb91a5a1	k__Bacteria; p__Firmicutes; c__Clostridia; o__Clostridiales; f__; g__; s__	0.9994541900354321
4bc5855a042c7a54af6af1392bd69261	k__Bacteria; p__Proteobacteria; c__Alphaproteobacteria; o__Rhodospirillales; f__Acetobacteraceae; g__Acetobacter; s__	0.9980097246075608
3bcad1a807b114a2ecf5371b78710d5a	k__Bacteria; p__Actinobacteria; c__Actinobacteria; o__Actinomycetales; f__Microbacteriaceae	0.9999918403541891
bdf2179f17db7f1eae06cc79b99b5fb8	k__Bacteria; p__Firmicutes; c__Clostridia; o__Clostridiales; f__; g__; s__	0.9953166224574704
07b51294028fe4a1d03407d164f60db2	k__Bacteria; p__Firmicutes; c__Bacilli; o__Lactobacillales; f__Leuconostocaceae; g__Leuconostoc; s__	0.864150391718747
56e2791267954e16a0b28474645cad5b	k__Bacteria; p__Firmicutes; c__Clostridia; o__Clostridiales; f__Ruminococcaceae; g__; s__	0.9671974028819977
862178333721751fe113f74899f5bb79	k__Archaea; p__Euryarchaeota; c__Methanobacteria; o__Methanobacteriales; f__Methanobacteriaceae; g__Methanosphaera; s__	0.9999980570004798
d1f82759cbd00f1bca67ff1e2f90e2ea	k__Bacteria; p__Bacteroidetes; c__Bacteroidia; o__Bacteroidales; f__; g__; s__	0.9975900236158256
f0e52e80255d9758cb18dae09046aa9b	k__Bacteria; p__Bacteroidetes; c__Bacteroidia; o__Bacteroidales; f__Rikenellaceae; g__; s__	0.8323260356299127
6dfb4291462e75654b7cffb4bffd9cca	k__Bacteria; p__Firmicutes; c__Clostridia; o__Clostridiales; f__Ruminococcaceae; g__; s__	0.8549233622437309
d7842ded3d7e2ea1ab41275088e2f402	k__Bacteria; p__Bacteroidetes; c__Bacteroidia; o__Bacteroidales; f__Porphyromonadaceae; g__Dysgonomonas; s__	0.9999784067063852
1672ba444145dd13cd8092a2735c5129	k__Bacteria; p__Firmicutes; c__Clostridia; o__Clostridiales; f__Clostridiaceae; g__Clostridium; s__	0.8956894040265022
5d3b21e734fb19b888f87063d3bea1fe	k__Bacteria; p__Firmicutes; c__Clostridia; o__Clostridiales; f__Veillonellaceae; g__Phascolarctobacterium; s__	0.9999896812216968
21a8aa20e24556d91192fd38470177d9	k__Bacteria; p__Firmicutes; c__Clostridia; o__Clostridiales; f__Lachnospiraceae; g__Dorea; s__	0.9916746060938523
e2ccfd4d36edd267a29512c6304898ee	k__Bacteria; p__Firmicutes; c__Clostridia; o__Clostridiales; f__Lachnospiraceae; g__Coprococcus; s__	0.9760680317368965
780ec7a8c3d95c29e344b5a319a26c6d	k__Bacteria; p__Firmicutes; c__Clostridia; o__Clostridiales; f__Lachnospiraceae; g__Dorea; s__	0.9998361987110249
56d303503337df69f247bd5d9bc8bb08	k__Bacteria; p__Proteobacteria; c__Alphaproteobacteria; o__Rhodospirillales; f__Acetobacteraceae; g__Gluconacetobacter; s__intermedius	0.9996292482840394
65a5b2887325cbbef45e7f92c4925206	k__Bacteria; p__Firmicutes; c__Clostridia; o__Clostridiales; f__Ruminococcaceae; g__; s__	0.77091918436349
b4996096b1ee362f9917899827f153b3	k__Bacteria; p__Firmicutes; c__Clostridia; o__Clostridiales; f__Ruminococcaceae; g__Ruminococcus; s__	0.8817158354417164
4a50e43e1c8e220aae6d6ec19cfb8049	k__Bacteria; p__Proteobacteria; c__Alphaproteobacteria; o__Rickettsiales; f__Holosporaceae; g__; s__	0.9999999991069757
5e897eaf10e409710090d5d88bdc9d3f	k__Bacteria; p__Firmicutes; c__Clostridia; o__Clostridiales; f__Lachnospiraceae; g__Roseburia	0.7095050115063911
4fb82b29f15f4787669d676a3361e5df	k__Bacteria; p__Proteobacteria; c__Alphaproteobacteria; o__Rickettsiales; f__Rickettsiaceae; g__Wolbachia; s__	0.9999258037881772
4527170be8e5e15c661c7b4e1b96fbb2	k__Bacteria; p__Firmicutes; c__Clostridia; o__Clostridiales; f__Ruminococcaceae; g__; s__	0.9999467502892251
b5de92b9f49daf2285d3eb6cd82db24e	k__Archaea; p__Euryarchaeota; c__Methanobacteria; o__Methanobacteriales; f__Methanobacteriaceae; g__Methanobrevibacter; s__	0.999999997893525
98400345218ceb5573609912f5693a3a	k__Bacteria; p__Proteobacteria; c__Alphaproteobacteria; o__Caulobacterales; f__Caulobacteraceae; g__Brevundimonas; s__vesicularis	0.8466329625693493
8e0e9b4e2bd346eb7f73052b83a10e9f	k__Bacteria; p__Proteobacteria; c__Alphaproteobacteria; o__Rickettsiales; f__Rickettsiaceae; g__Wolbachia; s__	0.9998657314647238
3a53e8c0189d33ae8051f2519dfd6493	k__Bacteria; p__Bacteroidetes; c__Bacteroidia; o__Bacteroidales; f__; g__; s__	0.9961978002461053
c001cf0e0b6c88255a13f51108d2620b	k__Bacteria; p__Firmicutes; c__Clostridia; o__Clostridiales; f__Lachnospiraceae	0.9582605866432269
3837bf36b72bf5389451996608c2b573	k__Bacteria; p__Firmicutes; c__Clostridia; o__Clostridiales; f__Ruminococcaceae; g__; s__	0.9984289311821158
0572f9d9bc5f3d307308845729ae1a63	k__Bacteria; p__Bacteroidetes; c__Bacteroidia; o__Bacteroidales; f__S24-7; g__; s__	0.9999046862888136
de743e8b9ec5908f7fdd65dd5799203c	k__Bacteria; p__Actinobacteria; c__Actinobacteria; o__Actinomycetales; f__Mycobacteriaceae; g__Mycobacterium; s__celatum	0.9997287171602439
e7fbdd30f2be55abfa5927362a60f6c9	k__Bacteria; p__Proteobacteria; c__Gammaproteobacteria; o__Enterobacteriales; f__Enterobacteriaceae; g__Erwinia; s__chrysanthemi	0.9273341693805356
ef76923223d5f23e6bf964899a8f6cc9	k__Bacteria; p__Proteobacteria; c__Alphaproteobacteria; o__Rickettsiales; f__Rickettsiaceae; g__Wolbachia; s__	0.9987445177731159
52399935d8572a471a3ef33ae2e9e358	k__Bacteria; p__Firmicutes; c__Clostridia; o__Clostridiales	0.9995414267040574
3cf6f7fd518dbd251dba5e6a7126d3bb	k__Bacteria; p__Firmicutes; c__Clostridia; o__Clostridiales; f__Ruminococcaceae; g__; s__	0.9999123490528116
6cb03cdb62505acb8e511d5975bb663c	k__Bacteria; p__Firmicutes; c__Clostridia; o__Clostridiales; f__Ruminococcaceae; g__; s__	0.7717618718535609
2f93dc2ada554efe0f97d7af9f12c885	k__Bacteria; p__Actinobacteria; c__Actinobacteria; o__Actinomycetales; f__Microbacteriaceae; g__Curtobacterium; s__	0.7757263116655189
21a9ef5b00a71640ef6c05715c9aac61	k__Bacteria; p__Firmicutes; c__Clostridia; o__Clostridiales; f__Lachnospiraceae	0.9660516971765916
a1bd77d1e82d2cfcd0c8b20adcf39da1	k__Bacteria; p__Firmicutes; c__Clostridia; o__Clostridiales; f__; g__; s__	0.971077304567061
21ba9f0c3490e5d5d6407271d96e3c1e	k__Bacteria; p__Firmicutes; c__Clostridia; o__Clostridiales; f__Ruminococcaceae; g__; s__	0.9995751974017486
647e57b2827803b55623cdff0733a8b5	k__Bacteria; p__Proteobacteria; c__Gammaproteobacteria; o__Pseudomonadales; f__Moraxellaceae; g__Acinetobacter; s__guillouiae	0.8634686601313291
c39dcf11813994c2c56444ab03bb9854	k__Bacteria; p__Firmicutes; c__Clostridia; o__Clostridiales; f__Lachnospiraceae; g__; s__	0.7404939122852697
4b71a5320a8acdc5513d4b522eea9f00	k__Bacteria; p__Verrucomicrobia; c__Verrucomicrobiae; o__Verrucomicrobiales; f__Verrucomicrobiaceae; g__Akkermansia; s__	0.999999999999929
f1128d1d6b92bfd1b74354361a830f18	k__Bacteria; p__Firmicutes; c__Clostridia; o__Clostridiales; f__Ruminococcaceae; g__; s__	0.9963426014388885
5b822a6a470b9659c92de0679b4f41bf	k__Bacteria; p__Firmicutes; c__Bacilli; o__Lactobacillales; f__Lactobacillaceae; g__Lactobacillus; s__brevis	0.9973847940950992
536df8f6918318ef9739a7d5ded20f77	k__Bacteria; p__Tenericutes; c__Mollicutes; o__RF39; f__; g__; s__	0.9999999999072031
fa7c5cfdee3dc4babd241ed6aaf7912b	k__Bacteria; p__Firmicutes; c__Clostridia; o__Clostridiales; f__Ruminococcaceae; g__Ruminococcus; s__flavefaciens	0.999874286994071
2c263f2dff6c02138180d8d1c5d57cb5	k__Bacteria; p__Firmicutes; c__Clostridia; o__Clostridiales; f__Ruminococcaceae	0.9999370633503366
42829b304cd3a2093349a4078373c013	k__Bacteria; p__Proteobacteria; c__Alphaproteobacteria; o__Rhodospirillales; f__Acetobacteraceae	0.9999914744046867
b8ebd6680ce0c6249e0ee0cf6a6228c4	k__Bacteria; p__Firmicutes; c__Bacilli; o__Lactobacillales; f__Lactobacillaceae	0.9990629396818983
34027bd16a2af09db6a3c779d388dbe1	k__Bacteria; p__Proteobacteria; c__Gammaproteobacteria; o__Pseudomonadales; f__Pseudomonadaceae; g__Pseudomonas; s__fragi	0.9903416024171001
d21b8e49bcb64a353c6ffe2efda34128	k__Bacteria; p__Proteobacteria; c__Alphaproteobacteria; o__Rickettsiales; f__Rickettsiaceae; g__Wolbachia; s__	0.9998799484022718
57c23267cc51b873ee1b0650bcd24950	k__Bacteria; p__Firmicutes; c__Clostridia; o__Clostridiales; f__; g__; s__	0.9997901619906271
a97b9cf658a0c3736061e1185726e5fb	k__Bacteria; p__Firmicutes; c__Bacilli; o__Bacillales; f__Staphylococcaceae; g__Staphylococcus	0.9811289109090792
6931816a41d435d1dbf37323c5911a26	k__Bacteria; p__Firmicutes; c__Clostridia; o__Clostridiales; f__; g__; s__	0.9999304642175878
8a5da9eb3e5124ae6f85bf8341165f52	k__Bacteria; p__Firmicutes; c__Clostridia; o__Clostridiales; f__; g__; s__	0.8260280409545704
32b427034ef7597727bc31de6742fde4	k__Bacteria; p__Actinobacteria; c__Actinobacteria; o__Actinomycetales; f__Micrococcaceae; g__Arthrobacter; s__woluwensis	0.9476402642143564
d2e6ace039779edef77e2b82a7a2d28b	k__Bacteria; p__Firmicutes; c__Clostridia; o__Clostridiales; f__Ruminococcaceae; g__Oscillospira; s__	0.9997821996528861
2bb34f6acea92ad70b508639a1961f9a	k__Bacteria; p__Proteobacteria; c__Alphaproteobacteria; o__Rhodospirillales; f__Acetobacteraceae; g__Gluconacetobacter; s__diazotrophicus	0.7262182394323685
c6b673dc65b675d8378207dec5c8e493	k__Bacteria; p__Proteobacteria; c__Alphaproteobacteria; o__Rickettsiales; f__Rickettsiaceae; g__Wolbachia; s__	0.9998769058892661
7ed16ef1390dc3639e7b75d7f93100ff	k__Bacteria; p__Actinobacteria; c__Actinobacteria; o__Actinomycetales; f__Nocardiaceae; g__Rhodococcus; s__	0.9689745769731102
c1dca39a74b65e2af9c227ed608fa07b	k__Bacteria; p__Bacteroidetes; c__[Saprospirae]; o__[Saprospirales]	0.721255624728406
5d815d63e66ea05ff63fdb7d373ab89d	k__Bacteria; p__Bacteroidetes; c__Bacteroidia; o__Bacteroidales; f__Bacteroidaceae; g__5-7N15; s__	0.9999999954453926
0d21779d87914ca99e6e4c9c10f4f4c2	k__Bacteria; p__Bacteroidetes; c__Bacteroidia; o__Bacteroidales; f__Bacteroidaceae; g__5-7N15; s__	0.999983070917036
0c12f79641c746d0c27852f52151a563	k__Bacteria; p__Firmicutes; c__Clostridia; o__Clostridiales; f__; g__; s__	0.9992746944667658
0aabfb4fe56bb784d8b16a93fbbc39b4	k__Bacteria; p__Bacteroidetes; c__Bacteroidia; o__Bacteroidales; f__Bacteroidaceae; g__5-7N15; s__	0.9999999460949042
f0f6f927cf72763f6a9c45b130aa1fb7	k__Bacteria; p__Bacteroidetes; c__Bacteroidia; o__Bacteroidales; f__; g__; s__	0.9983308739696618
a17518c2a816f7d83cd9e71e0251ea78	k__Bacteria; p__Firmicutes; c__Clostridia; o__Clostridiales; f__Ruminococcaceae; g__; s__	0.970719884308989
846fddf565d24f0c9e77b3bd92f7cad0	k__Bacteria; p__Tenericutes; c__RF3; o__ML615J-28; f__; g__; s__	0.9997228625525293
535c086aa57b4fcbf622e40a1cd1b9fe	k__Bacteria; p__Proteobacteria; c__Alphaproteobacteria; o__Rhizobiales; f__Methylobacteriaceae; g__Methylobacterium	0.999999964467842
4ef34e7df30878e27c517a66b5b696ce	k__Bacteria; p__Proteobacteria; c__Alphaproteobacteria; o__RF32; f__; g__; s__	0.9999999997481552
4ed179caf56a829dc95744cd3aba7313	k__Bacteria; p__Proteobacteria; c__Alphaproteobacteria; o__Rickettsiales; f__Rickettsiaceae; g__Wolbachia; s__	0.9998692744600676
ef530c6e9d29987e28e419a2338a6c6b	k__Bacteria; p__Actinobacteria; c__Actinobacteria; o__Actinomycetales; f__Corynebacteriaceae; g__Corynebacterium; s__variabile	0.9364198912284256
0b265531d775f26000397e0eb8488666	k__Bacteria; p__Firmicutes; c__Clostridia; o__Clostridiales; f__Ruminococcaceae; g__; s__	0.7249768065797862
3b33923d502036ce8ece48c9ddbc73fd	k__Bacteria; p__Bacteroidetes; c__Flavobacteriia; o__Flavobacteriales; f__[Weeksellaceae]; g__Chryseobacterium; s__	0.9999943215888365
2011717e31d71111649c03cf31ae51a5	k__Bacteria; p__Actinobacteria; c__Coriobacteriia; o__Coriobacteriales; f__Coriobacteriaceae; g__; s__	0.9900184354471782
e89b812979716c96d01b6162a152c846	k__Bacteria; p__Firmicutes; c__Clostridia; o__Clostridiales; f__Ruminococcaceae; g__; s__	0.8664715704555646
19f926e3fb056a218fb3e8fb01015038	k__Bacteria; p__Firmicutes; c__Clostridia; o__Clostridiales; f__; g__; s__	0.9999776478381939
69c7beb3b2b2c2a26935b86299f6da60	k__Bacteria; p__Actinobacteria; c__Coriobacteriia; o__Coriobacteriales; f__Coriobacteriaceae; g__Adlercreutzia; s__	0.8641799459924124
b61d8054127f522ceda680babf15c9f8	k__Bacteria; p__Bacteroidetes; c__Bacteroidia; o__Bacteroidales; f__Porphyromonadaceae; g__Dysgonomonas; s__	0.999987448655572
067a73160df017a62bd37788aaf93e87	k__Bacteria; p__Firmicutes; c__Clostridia; o__Clostridiales; f__Ruminococcaceae; g__Oscillospira; s__	0.9999418244346499
b78f4482a1e8b5f1583f93b4d179438c	k__Bacteria; p__Proteobacteria; c__Alphaproteobacteria; o__Rickettsiales; f__Rickettsiaceae; g__Wolbachia; s__	0.9998275616391535
4f17b18559f4f6e49a4d4dcaeab98e54	k__Bacteria; p__Proteobacteria; c__Alphaproteobacteria; o__Rhizobiales; f__Methylobacteriaceae; g__Methylobacterium	0.9999999995249702
2a0836f5337b66512ae45f0c0aa40d18	k__Bacteria; p__Bacteroidetes; c__Bacteroidia; o__Bacteroidales; f__; g__; s__	0.9998895193691342
0f34383489f2b1b49ab017e0a59b3a10	k__Bacteria; p__Actinobacteria; c__Coriobacteriia; o__Coriobacteriales; f__Coriobacteriaceae; g__Adlercreutzia; s__	0.8873624259358754
c2525c201894606de1c3ea0873ba4181	k__Bacteria; p__Proteobacteria; c__Gammaproteobacteria; o__Pasteurellales; f__; g__; s__	0.9999920965378919
91cff5ae5cf7c60dea30c0641d884bd3	k__Bacteria; p__Proteobacteria; c__Gammaproteobacteria; o__Xanthomonadales; f__Xanthomonadaceae; g__Luteibacter; s__rhizovicinus	0.9524477049777832
53eeb948c47ca52c43dbad96e2b9d42a	k__Bacteria; p__Proteobacteria; c__Alphaproteobacteria; o__Rickettsiales; f__Rickettsiaceae; g__Wolbachia; s__	0.9998404892935838
2b99568de4139bbe4c4f2c19f97dcb72	k__Bacteria; p__Actinobacteria; c__Actinobacteria; o__Actinomycetales; f__Nocardiaceae; g__Nocardia; s__	0.9999968696896782
a108810567527bc88bf6afe2c0eb5f61	k__Bacteria; p__Proteobacteria; c__Alphaproteobacteria; o__Rhodospirillales; f__Acetobacteraceae; g__Acetobacter; s__	0.9902259944832859
592144cf885898a3cb90a4fdd341b8b3	k__Bacteria; p__Firmicutes; c__Bacilli; o__Lactobacillales; f__Leuconostocaceae; g__Fructobacillus; s__	0.9999981861383241
59d7c945f9a0c393b02ed42268b2ecc9	k__Bacteria; p__Firmicutes; c__Clostridia; o__Clostridiales; f__Ruminococcaceae; g__; s__	0.999913204789402
b315a811916bafd6c7847bde9a95ef28	k__Bacteria; p__Bacteroidetes; c__Flavobacteriia; o__Flavobacteriales; f__[Weeksellaceae]; g__Chryseobacterium; s__	0.9917182667645508
42216de65839df52df827f1378e0130e	k__Bacteria; p__Proteobacteria; c__Alphaproteobacteria; o__Rickettsiales; f__Rickettsiaceae; g__Wolbachia; s__	0.999789910578145
adf2046bc881f4d74b8ef9c7dcb29db6	k__Bacteria; p__Bacteroidetes; c__Bacteroidia; o__Bacteroidales; f__Porphyromonadaceae; g__Tannerella; s__	0.8999817577379973
616e0443c055a5969952ac1f99c4001b	k__Bacteria; p__Proteobacteria; c__Alphaproteobacteria; o__Rhodospirillales; f__Acetobacteraceae; g__Gluconobacter; s__	0.9997966883339653
33817524c4edf28a5ea05af25f446b13	k__Bacteria; p__Proteobacteria; c__Alphaproteobacteria; o__Rhizobiales; f__Brucellaceae; g__Ochrobactrum; s__	0.8051550244557828
9d4c289bdb1187800d8d26b2e79c3141	k__Bacteria; p__Firmicutes; c__Clostridia; o__Clostridiales; f__Ruminococcaceae; g__Oscillospira; s__	0.9990087748880335
7862661d09b602f8810312b6dc121ed9	k__Bacteria; p__Bacteroidetes; c__Cytophagia; o__Cytophagales; f__Cytophagaceae; g__Leadbetterella; s__	0.9999999993667927
844edb193b1d1597ca0066d6b592a2f8	k__Bacteria; p__Cyanobacteria; c__4C0d-2; o__YS2; f__; g__; s__	0.9999999993238191
a29a536e1196552d8342c0f5d3ddddc6	k__Bacteria; p__Firmicutes; c__Clostridia; o__Clostridiales; f__Lachnospiraceae; g__Roseburia; s__	0.8614662118847697
80d6b81747ec04297d501272b86f2477	k__Bacteria; p__Proteobacteria; c__Alphaproteobacteria; o__Rhodospirillales; f__Acetobacteraceae; g__Acetobacter; s__	0.9833097948323024
5cfba865cb6dbc84531c03de0fbacc8f	k__Bacteria; p__Firmicutes; c__Clostridia; o__Clostridiales; f__[Mogibacteriaceae]; g__Mogibacterium; s__	0.9999994139880369
36f8cca8925de2f1d56db1a3d58a9e6e	k__Bacteria; p__Proteobacteria; c__Gammaproteobacteria; o__Pasteurellales; f__; g__; s__	0.9999999999990763
11c812553de0546131d5dc731dc1cbdc	k__Bacteria; p__Proteobacteria; c__Alphaproteobacteria; o__Rickettsiales; f__Rickettsiaceae; g__Wolbachia; s__	0.9998813115543699
9fa38da5c450085b30000c85dc27fa94	k__Bacteria; p__Actinobacteria; c__Actinobacteria; o__Actinomycetales; f__Williamsiaceae; g__Williamsia; s__	0.9999689274394876
a29473531a9411e9238cdfa4259724ed	k__Bacteria; p__Firmicutes; c__Clostridia; o__Clostridiales	0.9998605376995777
8d193a8356b4b736dfe0c3cea10848a2	k__Bacteria; p__Actinobacteria; c__Actinobacteria; o__Actinomycetales; f__Microbacteriaceae	0.9997948208223226
e56d36942390010905ff19d6b5d183c9	k__Archaea; p__Euryarchaeota; c__Thermoplasmata; o__E2; f__[Methanomassiliicoccaceae]; g__vadinCA11; s__	0.999999977049953
0a0124b24f44da12f563d9919c991c2e	k__Bacteria; p__Proteobacteria; c__Alphaproteobacteria; o__Rhodospirillales; f__Acetobacteraceae; g__Acetobacter; s__	0.9833272983352644
fdf9881a734be0d3d45ff8e202af00ca	k__Bacteria; p__Bacteroidetes; c__Bacteroidia; o__Bacteroidales; f__Rikenellaceae; g__; s__	0.9997206679261906
56003b2bba761cce087c719091198479	k__Bacteria; p__Firmicutes; c__Clostridia; o__Clostridiales; f__Ruminococcaceae; g__; s__	0.9998970414557135
65b387ae2f542a35d36fb32f16d3b9d6	k__Bacteria; p__Proteobacteria; c__Alphaproteobacteria; o__Rhizobiales; f__Methylobacteriaceae; g__Methylobacterium; s__adhaesivum	0.9996799811614048
1a63d6dd9edc989cf9f1a0033e1fbdf8	k__Bacteria; p__Firmicutes; c__Bacilli; o__Lactobacillales; f__Streptococcaceae; g__Streptococcus	0.9999999999630348
5b1df97e302deec6458a4cd32e28a336	k__Bacteria; p__Proteobacteria; c__Gammaproteobacteria; o__Enterobacteriales; f__Enterobacteriaceae	0.9999974901649386
37d540b524d95fff8b9832ae7bea0d39	k__Bacteria; p__Firmicutes; c__Clostridia; o__Clostridiales; f__Ruminococcaceae; g__Ruminococcus; s__	0.9993736298097543
c1914107c2ed61c0843e666c8c15bf7d	k__Bacteria; p__Firmicutes; c__Clostridia; o__Clostridiales; f__Ruminococcaceae; g__Ruminococcus; s__	0.8395537542318955
23b64b0d53b14a08f23ee0e0a806baf1	k__Bacteria; p__Firmicutes; c__Clostridia; o__Clostridiales; f__Ruminococcaceae; g__Oscillospira; s__	0.9929632139210354
ce54791870a4dabdc4e0b1baabbce68d	k__Bacteria; p__Firmicutes; c__Erysipelotrichi; o__Erysipelotrichales; f__Erysipelotrichaceae; g__; s__	0.9893811362169578
3e960e5748df82b25abe2c1ecfaa782e	k__Bacteria; p__Firmicutes; c__Bacilli; o__Lactobacillales; f__Lactobacillaceae; g__Lactobacillus	0.9999419693597522
a18f4628bbe1a2dff9deb59e1877685e	k__Bacteria; p__Actinobacteria; c__Actinobacteria; o__Actinomycetales; f__Promicromonosporaceae; g__Cellulosimicrobium; s__	0.9719140558951294
436fbd089e6be54becd76cd7973fd84d	k__Bacteria; p__Firmicutes; c__Clostridia; o__Clostridiales; f__Ruminococcaceae; g__; s__	0.9894796402461398
46b956376f5d98cfbf527b03317d1e8f	k__Bacteria; p__Proteobacteria; c__Alphaproteobacteria; o__Rickettsiales; f__Rickettsiaceae; g__Wolbachia; s__	0.9998154270646955
d1c7f61ce9e794e8ee7eb5679ac56349	k__Bacteria; p__Actinobacteria; c__Coriobacteriia; o__Coriobacteriales; f__Coriobacteriaceae; g__; s__	0.7753663311056953
59be56f8d609d4182e7a827956e7e369	k__Archaea; p__Euryarchaeota; c__Methanobacteria; o__Methanobacteriales; f__Methanobacteriaceae; g__Methanosphaera; s__	0.999999997501817
cf987feccd74b47f83a9e8dffb23c0c3	k__Bacteria; p__Bacteroidetes; c__Bacteroidia; o__Bacteroidales; f__Bacteroidaceae; g__Bacteroides; s__	0.9997154415029099
1c5c19354267f58d44c45b64ddc29aa2	k__Archaea; p__Euryarchaeota; c__Methanobacteria; o__Methanobacteriales; f__Methanobacteriaceae; g__Methanobrevibacter; s__	0.9999798829397715
4e886de8a62d80d5afc301f1520e221e	k__Bacteria; p__Bacteroidetes; c__Bacteroidia; o__Bacteroidales; f__; g__; s__	0.9955801076074758
4ec5b8e89e3a72e782e4a1d083be322d	k__Bacteria; p__Firmicutes; c__Clostridia; o__Clostridiales; f__Ruminococcaceae; g__Oscillospira; s__	0.9989747089010036
7876b86e77b456023ed0fc18461c53b4	k__Bacteria; p__Proteobacteria; c__Gammaproteobacteria; o__Pseudomonadales; f__Pseudomonadaceae; g__Pseudomonas; s__	0.8486953159248163
ffb81be0f493cef5f436913cf7f89fac	k__Bacteria; p__Firmicutes; c__Clostridia; o__Clostridiales; f__Ruminococcaceae; g__; s__	0.9978879623385818
68767e605af9cc8742add0689fecbcd3	k__Bacteria; p__Proteobacteria; c__Alphaproteobacteria; o__Rhodospirillales; f__Acetobacteraceae; g__Acetobacter; s__	0.9987071427240268
4b3011acfdbf0f864d7a0a0471eea94e	k__Bacteria; p__Firmicutes; c__Bacilli; o__Lactobacillales; f__Lactobacillaceae; g__; s__	0.9476925179623773
a1263fb0eb488acd8612c3f895745a58	k__Bacteria; p__Proteobacteria; c__Alphaproteobacteria; o__Rhodospirillales; f__Acetobacteraceae; g__Acetobacter; s__	0.9968678714523934
95deab11a24ebb2e295b5a951783905b	k__Bacteria; p__Firmicutes; c__Clostridia; o__Clostridiales; f__Ruminococcaceae; g__Ruminococcus; s__flavefaciens	0.7923201918865397
b9dfb8d80f962e471227573c41a890b6	k__Bacteria; p__Bacteroidetes; c__Bacteroidia; o__Bacteroidales; f__S24-7; g__; s__	0.9999741634622256
4f916b9e6d00b0b7dfbc82f1768beb72	k__Bacteria; p__Bacteroidetes; c__Bacteroidia; o__Bacteroidales; f__; g__; s__	0.9990109429299218
93796238618c75d86e4e97ba22d360f4	k__Bacteria; p__Proteobacteria; c__Alphaproteobacteria; o__Rhodospirillales; f__Acetobacteraceae; g__Acetobacter; s__	0.9881113557668836
d40f856e0fd9f6395db9361168d896ff	k__Archaea; p__Euryarchaeota; c__Methanobacteria; o__Methanobacteriales; f__Methanobacteriaceae; g__Methanobrevibacter; s__	0.9999999968374027
4309b955e48fe2d7b66120e39ef2cf38	k__Bacteria; p__Proteobacteria; c__Alphaproteobacteria; o__Rhodospirillales; f__Acetobacteraceae; g__Acetobacter; s__	0.9864473726171049
13ae0e73915f80cad336715d5ac241f6	k__Bacteria; p__Verrucomicrobia; c__Verrucomicrobiae; o__Verrucomicrobiales; f__Verrucomicrobiaceae; g__Akkermansia; s__	0.9999999999999716
86744bc7a92b247b73701be920adae93	k__Bacteria; p__Firmicutes; c__Clostridia; o__Clostridiales; f__Ruminococcaceae; g__; s__	0.999721982237285
fd66cf9df106c8a96ce8689645536d56	k__Bacteria; p__Firmicutes; c__Clostridia; o__Clostridiales; f__Ruminococcaceae; g__; s__	0.9050700441224053
5530b7c9f10c5b683ed5f32a73b7e3c9	k__Bacteria; p__Bacteroidetes; c__Bacteroidia; o__Bacteroidales; f__; g__; s__	0.9987188502514687
22e313d08b660317ae55cd4c2ff17d80	k__Bacteria; p__Firmicutes; c__Bacilli; o__Lactobacillales; f__Leuconostocaceae; g__Weissella	0.776927735335288
04c0703177f6f0870876bfa4cc4a4e82	k__Bacteria; p__Firmicutes; c__Bacilli; o__Lactobacillales; f__Leuconostocaceae; g__Leuconostoc; s__	0.7895386476168232
1e240848a57f7ba66e8f0056b3e244ad	k__Bacteria; p__Firmicutes; c__Clostridia; o__Clostridiales; f__; g__; s__	0.9671606569273873
ccecd3575e7164cf81f2a7d4eed5f5c7	k__Bacteria; p__Firmicutes; c__Clostridia; o__Clostridiales; f__Ruminococcaceae; g__Ruminococcus; s__flavefaciens	0.999956321881881
bc96c50d773cd5ce886c68c86cbb864f	k__Bacteria; p__Actinobacteria; c__Actinobacteria; o__Actinomycetales; f__Microbacteriaceae	0.9999991374590235
d29066fca19fbff31a75747f826fb7a2	k__Bacteria; p__Firmicutes; c__Bacilli; o__Lactobacillales; f__Leuconostocaceae; g__Weissella; s__viridescens	0.7513125559007863
2708e0c821aa20a79a8a0bd5f8112231	k__Bacteria; p__Firmicutes; c__Clostridia; o__Clostridiales; f__[Mogibacteriaceae]; g__; s__	0.9999272988214138
7fea681644517d3e38e3abf2fdcfc425	k__Bacteria; p__Firmicutes; c__Clostridia; o__Clostridiales; f__Ruminococcaceae	0.9999188463651911
24911bdae7cfdb51ffa165b0a9c1b5a7	k__Bacteria; p__Proteobacteria; c__Alphaproteobacteria; o__Rickettsiales; f__Rickettsiaceae; g__Wolbachia; s__	0.9997170667150801
13037fdfb522473978de8c968c3e4f89	k__Bacteria; p__Proteobacteria; c__Gammaproteobacteria; o__Pseudomonadales; f__Pseudomonadaceae; g__Pseudomonas	0.9908904410699368
07264a4385a50bcaaf4899bd91fd10e4	k__Bacteria; p__Proteobacteria; c__Alphaproteobacteria; o__Rickettsiales; f__Rickettsiaceae; g__Wolbachia; s__	0.9995675090173309
2ee668d7c6e6541fe8a0c49b78ef0901	k__Bacteria; p__Proteobacteria; c__Alphaproteobacteria; o__Rhodobacterales; f__Rhodobacteraceae; g__Rhodobacter; s__	0.8412981199791677
365efb653bc1440f429c22aced646cab	k__Bacteria; p__Firmicutes; c__Clostridia; o__Clostridiales; f__Lachnospiraceae; g__; s__	0.8872928462082492
151676c9cd991889ffb561d84b8eec23	k__Bacteria; p__Bacteroidetes; c__Bacteroidia; o__Bacteroidales; f__; g__; s__	0.9998223341502621
08d69c39079b17fcc7715775492d3c6c	k__Bacteria; p__Proteobacteria; c__Gammaproteobacteria; o__Pasteurellales; f__; g__; s__	0.9999999998315019
07fa0ccddae270728436fc413d16f97b	k__Bacteria; p__Firmicutes; c__Clostridia; o__Clostridiales; f__; g__; s__	0.9999776807251857
ea523e81bb6e9f96dc62e0ffadb70e6d	k__Bacteria; p__Bacteroidetes; c__Bacteroidia; o__Bacteroidales; f__Porphyromonadaceae; g__Dysgonomonas; s__	0.9951447651003109
22e39565145ccc77ea4b93ff2fd08f79	k__Bacteria; p__Bacteroidetes; c__Bacteroidia; o__Bacteroidales; f__S24-7; g__; s__	0.9999800674551573
5a138ebc3a906916e4e58e0abafc47b7	k__Bacteria; p__Firmicutes; c__Clostridia; o__Clostridiales; f__; g__; s__	0.998381757049164
28e5495fefe240d9d0d72f08b0dac6f8	k__Bacteria; p__Firmicutes; c__Clostridia; o__Clostridiales; f__; g__; s__	0.9906238706202982
070cda6cd2ddbbf78594b318bbc5e3d4	k__Bacteria; p__Firmicutes; c__Clostridia; o__Clostridiales; f__Ruminococcaceae; g__; s__	0.9911484075668172
bd6e8a6d9e9ec7b4e82ab8c219f9916e	k__Bacteria; p__Firmicutes; c__Clostridia; o__Clostridiales; f__; g__; s__	0.9995501210378072
915a48be4a715846fc614f36bb436b05	k__Bacteria; p__Actinobacteria; c__Coriobacteriia; o__Coriobacteriales; f__Coriobacteriaceae; g__Adlercreutzia; s__	0.9146862776776788
1977efa85fe114abcbf89881bf3fe376	k__Bacteria; p__Firmicutes; c__Clostridia; o__Clostridiales; f__; g__; s__	0.9243306096475868
9e4be84ce90cc56601dfd7e6f31ccff0	k__Bacteria; p__Firmicutes; c__Clostridia; o__Clostridiales; f__Lachnospiraceae; g__Roseburia; s__	0.9867927238486836
8b0b6c3e843b38d9339cef0c1d9f50a7	k__Bacteria; p__Proteobacteria; c__Alphaproteobacteria; o__Rhodospirillales; f__Acetobacteraceae; g__Gluconacetobacter	0.9419606644448323
58f666e9fd697b0c3bf1507bca400817	k__Bacteria; p__Firmicutes; c__Clostridia; o__Clostridiales; f__Ruminococcaceae; g__; s__	0.9876900103074038
e1af50febfe3921a990c86ff21bc1354	k__Bacteria; p__Proteobacteria; c__Gammaproteobacteria; o__Enterobacteriales; f__Enterobacteriaceae	0.9999073444323731
9def80b81f4d74edcf03f40e25596f96	k__Bacteria; p__Firmicutes; c__Clostridia; o__Clostridiales; f__Lachnospiraceae; g__; s__	0.9546728608635237
7dcf814b26a693226750708d9e5fbaef	k__Archaea; p__Euryarchaeota; c__Methanobacteria; o__Methanobacteriales; f__Methanobacteriaceae; g__Methanobrevibacter; s__	0.9999999961988806
41cdac34e7934f98323a59522680274f	k__Bacteria; p__Firmicutes; c__Bacilli; o__Lactobacillales; f__Lactobacillaceae; g__Lactobacillus; s__brevis	0.9968402085057413
f8a8ebce9ca4c820b0763c4fc6c75cd9	k__Bacteria; p__Proteobacteria; c__Gammaproteobacteria; o__Enterobacteriales; f__Enterobacteriaceae	0.99999592976163
767689e92a255c33e33efcd490ffd1e8	k__Bacteria; p__Actinobacteria; c__Coriobacteriia; o__Coriobacteriales; f__Coriobacteriaceae; g__Adlercreutzia; s__	0.9893133974277794
813fc8b57881e6b07b1990e90c57154d	k__Bacteria; p__Firmicutes; c__Clostridia; o__Clostridiales; f__Lachnospiraceae	0.9852776210510827
11435364553451d8ad9a00283ee743d3	k__Bacteria; p__Firmicutes; c__Bacilli; o__Lactobacillales; f__Streptococcaceae; g__Streptococcus	0.9999999960959114
e89c11abd99e9971707f471a815c43af	k__Bacteria; p__Firmicutes; c__Clostridia; o__Clostridiales; f__Ruminococcaceae; g__; s__	0.8263908453218597
819555832a005561566ee5087ea1762e	k__Bacteria; p__Proteobacteria; c__Gammaproteobacteria; o__Pseudomonadales; f__Pseudomonadaceae	0.9637943885718467
d29dadb6dc095f373b9f7e0185ee9a3c	k__Bacteria; p__Firmicutes; c__Clostridia; o__Clostridiales; f__Ruminococcaceae; g__; s__	0.9995469133548276
adc833ae114680325f74d0456e41ddf5	k__Bacteria; p__Proteobacteria; c__Gammaproteobacteria; o__Enterobacteriales; f__Enterobacteriaceae; g__Providencia; s__	0.9710877459363858
55b64962b5b8b273c76bd37cbc04bb6a	k__Bacteria; p__Firmicutes; c__Clostridia; o__Clostridiales; f__Ruminococcaceae; g__; s__	0.7835810990945251
30d5f12d056a98b34c05b6af4c4455d7	k__Bacteria; p__Firmicutes; c__Clostridia; o__Clostridiales; f__Ruminococcaceae; g__; s__	0.9991959186689375
21fc13ebbeb01d258b44102c806966d1	k__Bacteria; p__Firmicutes; c__Bacilli; o__Lactobacillales; f__Leuconostocaceae; g__Leuconostoc; s__	0.9378364759441249
ba9de61d4aaef3f6b83c988353887eb9	k__Bacteria; p__Proteobacteria; c__Alphaproteobacteria; o__Rickettsiales; f__Rickettsiaceae; g__Wolbachia; s__	0.9997085563002671
23bea74df1cc54c67eaa02bb477ff733	k__Bacteria; p__Bacteroidetes; c__Bacteroidia; o__Bacteroidales; f__Porphyromonadaceae; g__Dysgonomonas; s__	0.9826302547954564
7443089b1bdc7d7f18152e4843339ddb	k__Bacteria; p__Bacteroidetes; c__Bacteroidia; o__Bacteroidales; f__[Odoribacteraceae]; g__Odoribacter; s__	0.9999999947935692
4b8cc8c46cdd21292104b2714b182cd0	k__Bacteria; p__Firmicutes; c__Clostridia; o__Clostridiales; f__Lachnospiraceae; g__Roseburia; s__	0.725241235421596
f609ad4d20180dca21f3bf3c2642b8c5	k__Bacteria; p__Firmicutes; c__Clostridia; o__Clostridiales; f__; g__; s__	0.9927645438033108
bddf5772a9c6c2dbbb592aa55e3e2f1a	k__Bacteria; p__Firmicutes; c__Clostridia; o__Clostridiales; f__[Mogibacteriaceae]; g__Mogibacterium; s__	0.9999999188705322
6189358135d90bdbd014afc6e090b7a7	k__Bacteria; p__Firmicutes; c__Clostridia; o__Clostridiales; f__Lachnospiraceae; g__; s__	0.8406117748790256
78bc6a4a9565113db34bddb25b83a0a3	k__Bacteria; p__Firmicutes; c__Bacilli; o__Lactobacillales; f__Leuconostocaceae; g__Weissella	0.9999911649725475
008164a1df7fe9dad66cd94d3baa6e1d	k__Bacteria; p__Firmicutes; c__Clostridia; o__Clostridiales; f__Christensenellaceae; g__; s__	0.994534777059355
236a9dfe9df4da00f4ba12729d3b9b2a	k__Bacteria; p__Bacteroidetes; c__Bacteroidia; o__Bacteroidales; f__S24-7; g__; s__	0.9999882057295985
2593c8003ef421a2becb0ac554956e19	k__Bacteria; p__Firmicutes; c__Clostridia; o__Clostridiales; f__Ruminococcaceae; g__Oscillospira; s__	0.9913824123161723
7a369359f623630c833ffd75aab34925	k__Bacteria; p__Firmicutes; c__Clostridia; o__Clostridiales	0.9999875128576673
6a75a2cf6109e0c585952f1aa882fd0b	k__Bacteria; p__Firmicutes; c__Clostridia; o__Clostridiales; f__Ruminococcaceae; g__; s__	0.9971753915081252
6aabf4e7d0f4845c5d94bad9395b82b4	k__Bacteria; p__Firmicutes; c__Clostridia; o__Clostridiales; f__; g__; s__	0.8299892517669755
48b91ff53c365c759ab9be9cc2abb9ad	k__Bacteria; p__Proteobacteria; c__Alphaproteobacteria; o__Rhodospirillales; f__Acetobacteraceae; g__Acetobacter; s__	0.9973249569614134
a732dd5f925ce3bc40857bae5d6a3282	k__Bacteria; p__Firmicutes; c__Clostridia; o__Clostridiales; f__Lachnospiraceae; g__Dorea; s__	0.9621677755702511
161bea60520d2c9d8fbca58454457f79	k__Bacteria; p__Bacteroidetes; c__Bacteroidia; o__Bacteroidales; f__Bacteroidaceae; g__; s__	0.9999854404499257
6fd72bf52ef8394bb54a4249e9f845f2	k__Bacteria; p__Firmicutes; c__Clostridia; o__Clostridiales; f__Ruminococcaceae; g__; s__	0.987029297978442
5b5ece78a87c22d7da8a3377a00cd2f8	k__Bacteria; p__Firmicutes; c__Clostridia; o__Clostridiales; f__Lachnospiraceae	0.9120338332365503
79313719cd91b424b57c9eafbb4e69b8	k__Bacteria; p__Firmicutes; c__Clostridia; o__Clostridiales; f__Lachnospiraceae; g__Dorea; s__	0.9891961249310749
27952057026fcbedfea92a4d631c3ed1	k__Bacteria; p__Proteobacteria; c__Alphaproteobacteria; o__Rhodospirillales; f__Acetobacteraceae; g__Gluconobacter; s__	0.9998448292912507
730687049946a479f1e632d50351f8cd	k__Bacteria; p__Proteobacteria; c__Alphaproteobacteria; o__Rickettsiales; f__Rickettsiaceae; g__Wolbachia; s__	0.9998961646771849
16518551f2d56bbc3fe930038bdbda40	k__Bacteria; p__Tenericutes; c__RF3; o__ML615J-28; f__; g__; s__	0.9831806259053123
fb7339fbad6aaaaee599371edbb7410d	k__Bacteria; p__Bacteroidetes; c__Bacteroidia; o__Bacteroidales; f__Bacteroidaceae; g__5-7N15; s__	0.9999943262649628
2d7dbeb0c9b4d7585fcb409674ffdf43	k__Bacteria; p__Bacteroidetes; c__Bacteroidia; o__Bacteroidales; f__; g__; s__	0.9878873558745924
50a816b93d66f0a21daff62591a2f6aa	k__Bacteria; p__Proteobacteria; c__Alphaproteobacteria; o__Rhodospirillales; f__Acetobacteraceae	0.9999999976855398
f14769643c66d7c896390d2b3a4edb5c	k__Bacteria; p__Proteobacteria; c__Betaproteobacteria; o__Burkholderiales; f__Oxalobacteraceae; g__Cupriavidus; s__gilardii	0.8021234900711992
ebd80961b90c52e5ac7d3975173a156e	k__Bacteria; p__Firmicutes; c__Bacilli; o__Lactobacillales; f__Leuconostocaceae; g__Leuconostoc; s__	0.9392890419439146
3a8160032085b869c24eb179d292e372	k__Bacteria; p__Proteobacteria; c__Alphaproteobacteria; o__Rickettsiales; f__Rickettsiaceae; g__Wolbachia; s__	0.9998708574867841
4fffdbbf9b2814351929d6c62673b7ab	k__Bacteria; p__Proteobacteria; c__Alphaproteobacteria; o__Rickettsiales; f__Rickettsiaceae; g__Wolbachia; s__	0.9998728422917119
85c3d1a5b4a276b716755b921898d024	k__Bacteria; p__Proteobacteria; c__Alphaproteobacteria; o__Rickettsiales; f__Rickettsiaceae; g__Wolbachia; s__	0.9996971020169412
c4cd33c63b800910e1d2e8a81fa9cf14	k__Bacteria; p__Firmicutes; c__Clostridia; o__Clostridiales; f__Clostridiaceae; g__Clostridium; s__	0.81061823490823
7502e7c81745516553af2cc82216e203	k__Bacteria; p__Proteobacteria; c__Alphaproteobacteria; o__Rhizobiales; f__Xanthobacteraceae; g__; s__	0.9185485977933626
81c9182c4b078fd1d1167c4493481901	k__Bacteria; p__Proteobacteria; c__Alphaproteobacteria; o__Sphingomonadales; f__Sphingomonadaceae; g__Sphingobium; s__	0.9984826588205769
53c97281b4af8f044d09f3d5e1804712	k__Bacteria; p__Firmicutes; c__Clostridia; o__Clostridiales; f__Ruminococcaceae; g__Ruminococcus; s__flavefaciens	0.7979739878840366
2b91c79caefd55654b175c7bd78bfa78	k__Bacteria; p__Firmicutes; c__Clostridia; o__Clostridiales; f__Ruminococcaceae; g__; s__	0.9689832495089545
b731c9b22eee43e4af8ead58b6a29289	k__Bacteria; p__Firmicutes; c__Clostridia; o__Clostridiales; f__Ruminococcaceae; g__; s__	0.9944119882727761
e25e8b1d7265f6412234ae43e573616c	k__Bacteria; p__Actinobacteria; c__Actinobacteria; o__Actinomycetales; f__Mycobacteriaceae; g__Mycobacterium; s__	0.9811067312451118
09aeb7b222118b990fb1df18436459ae	k__Bacteria; p__Firmicutes; c__Clostridia; o__Clostridiales; f__; g__; s__	0.916177539466593
b019def7d7d33d6a33eac6fbf08b8a2e	k__Bacteria; p__Bacteroidetes; c__Bacteroidia; o__Bacteroidales; f__Bacteroidaceae; g__; s__	0.9999000894941139
591592a2d75f31253dc2aa81add969cb	k__Bacteria; p__Firmicutes; c__Bacilli; o__Lactobacillales; f__Enterococcaceae; g__Vagococcus; s__	0.9933879463219227
9d9ee4e2a34f584d661b64391408d19f	k__Bacteria; p__Bacteroidetes; c__Bacteroidia; o__Bacteroidales; f__Rikenellaceae; g__; s__	0.9982629327804898
349c6fbf221375676ce4d1e4383e33b4	k__Bacteria; p__Proteobacteria; c__Alphaproteobacteria; o__Rickettsiales; f__Rickettsiaceae; g__Wolbachia; s__	0.9998057976494961
4462e5494b0d929c14bf519300f9ce6f	k__Bacteria; p__Firmicutes; c__Clostridia; o__Clostridiales; f__Ruminococcaceae; g__; s__	0.7724036725789224
39a0eba5cec3d61b5a72f86754ca1e2a	k__Bacteria; p__Firmicutes; c__Clostridia; o__Clostridiales; f__Lachnospiraceae; g__; s__	0.8240269653857895
001c55cf2837b6b15d649c7b9d1cc97e	k__Bacteria; p__Firmicutes; c__Clostridia; o__Clostridiales; f__Ruminococcaceae	0.9975824990007204
ce1ed06ee2ade328dc6f16917fcf1142	k__Bacteria; p__Firmicutes; c__Clostridia; o__Clostridiales; f__; g__; s__	0.9997879368565815
cc637db6556d4f0fa425057d0d7b5808	k__Bacteria; p__Firmicutes; c__Clostridia; o__Clostridiales	0.9999359720099698
f434f901538d8a048fd4dadab2362eef	k__Bacteria; p__Actinobacteria; c__Actinobacteria; o__Actinomycetales; f__Nocardiaceae; g__Rhodococcus; s__	0.9990641199254653
9f9291992dfc03ea0e0c4ccab3140249	k__Bacteria; p__Proteobacteria; c__Alphaproteobacteria; o__Rhodospirillales; f__Acetobacteraceae; g__Gluconobacter; s__	0.999984577747761
778ea9bc14f8f6cdd824dfe5ef93f48b	k__Bacteria; p__Firmicutes; c__Clostridia; o__Clostridiales; f__Ruminococcaceae; g__; s__	0.9790185219710522
759a4b5e9c5c9edf186466ff0973b77a	k__Bacteria; p__Firmicutes; c__Clostridia; o__Clostridiales; f__Ruminococcaceae; g__; s__	0.9280236904554827
426a2bb1b171ba07e0f781e507c663fd	k__Bacteria; p__Actinobacteria; c__Actinobacteria; o__Actinomycetales; f__Microbacteriaceae; g__Leucobacter; s__	0.9989298016406049
18ee404580c8e1d520139aff07f510e3	k__Bacteria; p__Proteobacteria; c__Gammaproteobacteria; o__Xanthomonadales; f__Xanthomonadaceae; g__Wohlfahrtiimonas; s__	0.9999999972316118
62d8cd3d809ffd7c3a2a1188a47111f9	k__Bacteria; p__Firmicutes; c__Clostridia; o__Clostridiales; f__Lachnospiraceae	0.9991438015737006
9b95dc13539f8abba5919daf51e738ee	k__Bacteria; p__Firmicutes; c__Clostridia; o__Clostridiales; f__Lachnospiraceae; g__; s__	0.8959614476417508
0d781bcdb73083f3c69d7646ef50d11c	k__Bacteria; p__Firmicutes; c__Clostridia; o__Clostridiales; f__Ruminococcaceae; g__; s__	0.9647091071989837
035c15e3a9dceb85bb579b14716cdc2d	k__Bacteria; p__Bacteroidetes; c__Bacteroidia; o__Bacteroidales; f__Bacteroidaceae; g__5-7N15; s__	0.9999999991698445
e31b99e67ce39c53ba174320a77fee27	k__Bacteria; p__Firmicutes; c__Clostridia; o__Clostridiales; f__Ruminococcaceae; g__; s__	0.9993967059259665
431d4271750882691c2b5216f115a304	k__Bacteria; p__Proteobacteria; c__Alphaproteobacteria; o__Rhodospirillales; f__Acetobacteraceae; g__Gluconobacter; s__	0.9999864351446515
5b6b39206797a37a1355f2fdf285b939	k__Bacteria; p__Firmicutes; c__Clostridia; o__Clostridiales; f__Lachnospiraceae; g__; s__	0.8594123559696674
406248766959516ccdf49f2b1fea9ef4	k__Bacteria; p__Actinobacteria; c__Coriobacteriia; o__Coriobacteriales; f__Coriobacteriaceae; g__Adlercreutzia; s__	0.895712707046735
48080eb1c7a72beccf2fef9a00997a9d	k__Bacteria; p__Cyanobacteria; c__4C0d-2; o__YS2; f__; g__; s__	0.9999999999930225
60782730b7fbd6087b2407d517f24d8f	k__Bacteria; p__Proteobacteria; c__Gammaproteobacteria; o__Pasteurellales; f__; g__; s__	0.9999999729337222
2ac177233bbe7813e1f8b09b26919ccc	k__Bacteria; p__Proteobacteria; c__Gammaproteobacteria; o__Enterobacteriales; f__Enterobacteriaceae; g__Providencia; s__	0.9951411402887778
6cbfb98e95fb5dd3473def3120a87a5b	k__Bacteria; p__Firmicutes; c__Clostridia; o__Clostridiales; f__Ruminococcaceae; g__; s__	0.9958982711665924
f23b6ebf179b507e021f9e811cf69b5e	k__Bacteria; p__Firmicutes; c__Clostridia; o__Clostridiales; f__Ruminococcaceae; g__; s__	0.999807041829416
3368c77aa65dc4bd939e1dc2d13fdf5f	k__Bacteria; p__Proteobacteria; c__Alphaproteobacteria; o__Rhizobiales; f__Xanthobacteraceae	0.9699089627211032
5579cbd4bc62c4dfe69195d5ed7c131c	k__Bacteria; p__Firmicutes; c__Bacilli; o__Lactobacillales; f__Enterococcaceae; g__Vagococcus; s__	0.9989934349155566
34d118fc8ddf9810d694369c4aadd4b5	k__Bacteria; p__Proteobacteria; c__Betaproteobacteria; o__Burkholderiales; f__; g__; s__	0.9401922913085251
e32225b81aa716a1a2f65737ea633bdb	k__Bacteria; p__Bacteroidetes; c__Bacteroidia; o__Bacteroidales; f__Bacteroidaceae; g__5-7N15; s__	0.9999999676910539
3420fc7d2a445f2b2bd1b5c0924c40bf	k__Bacteria; p__Firmicutes; c__Clostridia; o__Clostridiales; f__Ruminococcaceae; g__; s__	0.8529365789372874
82e73181d661f185f9b22dd9422a72d0	k__Bacteria; p__Firmicutes; c__Clostridia; o__Clostridiales; f__Ruminococcaceae; g__; s__	0.9969464206314222
e6118639a80cb3acb1b4cc00bf0c63f6	k__Bacteria; p__Proteobacteria; c__Alphaproteobacteria; o__Rickettsiales; f__Rickettsiaceae; g__Wolbachia; s__	0.9998955016807052
95bed8cc422a27050786e6929679d12d	k__Bacteria; p__Proteobacteria; c__Alphaproteobacteria; o__Rickettsiales; f__Rickettsiaceae; g__Wolbachia; s__	0.9998195208113746
da82330b4c04cc56a3bda8335ab5ae46	k__Bacteria; p__Firmicutes; c__Clostridia; o__Clostridiales; f__Ruminococcaceae; g__; s__	0.9977570778191355
a8ba8c160c3423183d478fbc5848c607	k__Bacteria; p__Firmicutes; c__Clostridia; o__Clostridiales; f__Lachnospiraceae; g__; s__	0.7010115239026441
41af0634c9e3fdec7445cd3d25defcc1	k__Bacteria; p__Proteobacteria; c__Alphaproteobacteria; o__Rhodospirillales; f__Acetobacteraceae	0.9999999976951477
a71e87c7677eca410b90d4d605f9ec09	k__Bacteria; p__Proteobacteria; c__Gammaproteobacteria; o__Enterobacteriales; f__Enterobacteriaceae	0.9999999856908897
a7e2e672695aff7c41d1737bb4e6a654	k__Bacteria; p__Bacteroidetes; c__Bacteroidia; o__Bacteroidales; f__Porphyromonadaceae; g__Dysgonomonas; s__	0.9892095431973947
692faae92d9caf9482b6fd552f3f8bec	k__Bacteria; p__Firmicutes; c__Clostridia; o__Clostridiales; f__; g__; s__	0.9999348171555336
bcb0417823f7150de72b45a63e7dd093	k__Bacteria; p__Firmicutes; c__Clostridia; o__Clostridiales; f__; g__; s__	0.9815358053699069
e2cec817a12a52c50c1effdaef72d00f	k__Bacteria; p__Firmicutes; c__Clostridia; o__Clostridiales; f__Ruminococcaceae; g__; s__	0.9971206161174988
d709ce8ca7071f2b7ba7c48fad705505	k__Bacteria; p__Firmicutes; c__Clostridia; o__Clostridiales; f__; g__; s__	0.9856521073293965
8f61c0a7748053915408198abb01a686	k__Bacteria; p__Firmicutes; c__Clostridia; o__Clostridiales; f__; g__; s__	0.9619213782170972
e676a57d03ccff3c2d402209d88b940d	k__Bacteria; p__Bacteroidetes; c__Bacteroidia; o__Bacteroidales; f__Porphyromonadaceae; g__Dysgonomonas; s__	0.9999110347851728
0f87a4453d5fd98daedb09e8bb5033e7	k__Bacteria; p__Firmicutes; c__Bacilli; o__Lactobacillales; f__Lactobacillaceae; g__Lactobacillus; s__brevis	0.9849635280620516
bc1bfc59c7bc93c3bff5573c86b20d56	k__Bacteria; p__Proteobacteria; c__Alphaproteobacteria; o__Rhodospirillales; f__Acetobacteraceae; g__Acetobacter; s__	0.9970984086501562
2ebbbc265b3fcdcae540f6610ff25d97	k__Bacteria; p__Bacteroidetes; c__Bacteroidia; o__Bacteroidales; f__S24-7; g__; s__	0.978379117877846
701cdb14a6b2e9deea002f8f563b408a	k__Bacteria; p__Tenericutes; c__RF3; o__ML615J-28; f__; g__; s__	0.99981508297119
fa0c9d7061908e2ea189089d116a7058	k__Bacteria; p__Proteobacteria; c__Alphaproteobacteria; o__Rickettsiales; f__Rickettsiaceae; g__Wolbachia; s__	0.9998201721903839
c883e1ace211125a8b7c442ca9499d7a	k__Bacteria; p__Firmicutes; c__Clostridia; o__Clostridiales; f__Ruminococcaceae; g__; s__	0.9990654230574247
c36b3131d775a0370dc732268cda661f	k__Bacteria; p__Firmicutes; c__Clostridia; o__Clostridiales; f__Lachnospiraceae	0.7260437648786942
64c4ecdfaceac627ffef61879a232226	k__Bacteria; p__Proteobacteria; c__Alphaproteobacteria; o__Rickettsiales; f__Rickettsiaceae; g__Wolbachia; s__	0.999870699318812
d588c9ec0b99c3636dc781b0f4c4cdc4	k__Bacteria; p__Firmicutes; c__Clostridia; o__Clostridiales; f__Ruminococcaceae; g__; s__	0.995889604489399
6b41a636b9718343457f1aef5109c96f	k__Bacteria; p__Firmicutes; c__Clostridia; o__Clostridiales	0.9998775762831733
2a7cb0e64fca73f88e9ece65f9b5953e	k__Bacteria; p__Firmicutes; c__Clostridia; o__Clostridiales; f__Ruminococcaceae; g__; s__	0.9786244874439541
eb5259f60ef19053ba7f6ee92503b22b	k__Bacteria; p__Firmicutes; c__Clostridia; o__Clostridiales; f__; g__; s__	0.7766863487500272
e59e4b19e9f6a13f09eaf48dc4c3d78d	k__Bacteria; p__Firmicutes; c__Clostridia; o__Clostridiales; f__Ruminococcaceae; g__; s__	0.902202510416024
e3eed083b94a5ebca4640e5f4d46911f	k__Bacteria; p__Firmicutes; c__Clostridia; o__Clostridiales; f__Lachnospiraceae	0.886430912438672
4e8806ecf669f56a89dffbb246411494	k__Bacteria; p__Proteobacteria; c__Alphaproteobacteria; o__Rhodospirillales; f__Acetobacteraceae; g__Commensalibacter; s__intestini	0.9751028612346478
05d468d7989c6b279e3eaaad75bfea79	k__Bacteria; p__Proteobacteria; c__Alphaproteobacteria; o__Rhodospirillales; f__Acetobacteraceae; g__Acetobacter; s__	0.9833341293930464
3d23ce5ddb7cce8fa36e34bcc2afabe3	k__Bacteria; p__Cyanobacteria; c__4C0d-2; o__YS2; f__; g__; s__	0.9999999999926814
7c91a67fbfe6a458852c2654fe309b4c	k__Bacteria; p__Firmicutes; c__Clostridia; o__Clostridiales; f__Ruminococcaceae; g__; s__	0.8901256804209262
344e503ce5fc0c229a32e09c8f5d0412	k__Bacteria; p__Firmicutes; c__Clostridia; o__Clostridiales; f__Lachnospiraceae; g__; s__	0.7847089458834658
a01336d17e4a7f96b086a69fbaab7ef5	k__Bacteria; p__Bacteroidetes; c__Sphingobacteriia; o__Sphingobacteriales; f__Sphingobacteriaceae; g__Sphingobacterium; s__	0.9952678964668211
797f597dd1dd2451ca3f7abb8f742671	k__Bacteria; p__Firmicutes; c__Clostridia; o__Clostridiales; f__Ruminococcaceae; g__; s__	0.9996866661356011
704a4391ff6b991fce725de71189214b	k__Bacteria; p__Proteobacteria; c__Gammaproteobacteria; o__Enterobacteriales; f__Enterobacteriaceae; g__Providencia; s__	0.7732238665883283
e78fae7e795a110a3d0552f48c6f3778	k__Bacteria; p__Firmicutes; c__Clostridia; o__Clostridiales; f__Ruminococcaceae	0.9979522637479784
985570a3866074160c206614ab371b96	k__Bacteria; p__Firmicutes; c__Clostridia; o__Clostridiales; f__Ruminococcaceae; g__; s__	0.9261018195434567
55d781b6732e4d04268573e5310f23ea	k__Bacteria; p__Proteobacteria; c__Gammaproteobacteria; o__Enterobacteriales; f__Enterobacteriaceae; g__Brenneria; s__quercina	0.8295365015988321
ed28227f496720c023cd4a6c3ad764cd	k__Bacteria; p__Cyanobacteria; c__Chloroplast; o__Streptophyta; f__; g__; s__	0.9999999999837428
e38e485d49e0a4f77f1d676044b45107	k__Bacteria; p__Firmicutes; c__Clostridia; o__Clostridiales; f__Ruminococcaceae; g__; s__	0.9484804847225462
4473293d187f6c7a96b994af2b69f9e3	k__Bacteria; p__Firmicutes; c__Clostridia; o__Clostridiales; f__[Mogibacteriaceae]; g__; s__	0.9999984902174248
19b60dd714018f084e8f97fe85e70c6a	k__Bacteria; p__Firmicutes; c__Bacilli; o__Lactobacillales; f__Lactobacillaceae; g__Lactobacillus; s__	0.9999956143373047
3c44d3f8fcd74b5eb6c983540410ba04	k__Bacteria; p__Tenericutes; c__Mollicutes; o__RF39; f__; g__; s__	0.9999999953574843
d3536715a833d7a528b45383673997d6	k__Bacteria; p__Proteobacteria; c__Gammaproteobacteria; o__Enterobacteriales; f__Enterobacteriaceae	0.9999998764196301
116a55de60ab3fe7ac738be2e1f8cd7b	k__Bacteria; p__Firmicutes; c__Clostridia; o__Clostridiales; f__Lachnospiraceae; g__Coprococcus; s__	0.9996353255067882
687d26bda5fd48f4189203068cce6113	k__Bacteria; p__Firmicutes; c__Clostridia; o__Clostridiales; f__Ruminococcaceae; g__; s__	0.9992155079231774
47f733bde12b5ff1e0ce3dd74f469046	k__Bacteria; p__Firmicutes; c__Clostridia; o__Clostridiales; f__; g__; s__	0.9092344810145588
57d086d6ec2dfe4fe33ae5eff6f51799	k__Bacteria; p__Firmicutes; c__Clostridia; o__Clostridiales; f__[Mogibacteriaceae]; g__; s__	0.9999997512646414
4b4b80102049b4c4ee4990901d5c46e9	k__Bacteria; p__Proteobacteria; c__Betaproteobacteria; o__Burkholderiales; f__Alcaligenaceae; g__Sutterella; s__	0.9774435904037161
478309ae9044726666097ffbaa212d88	k__Bacteria; p__Firmicutes; c__Clostridia; o__Clostridiales; f__Ruminococcaceae; g__; s__	0.9994479833729462
91239262585cae816d8647373c6199fa	k__Bacteria; p__Firmicutes; c__Clostridia; o__Clostridiales; f__Ruminococcaceae; g__; s__	0.9985811317653738
77cf40b9de36c7c8f22aea45b9dd9e68	k__Bacteria; p__Proteobacteria; c__Alphaproteobacteria; o__Rhodospirillales; f__Acetobacteraceae; g__Commensalibacter; s__intestini	0.9999998672315175
c220182b4b8b9a27bbf18c382fe8b25e	k__Bacteria; p__Proteobacteria; c__Alphaproteobacteria; o__Rhodospirillales; f__Acetobacteraceae; g__Commensalibacter; s__intestini	0.9999999899675203
cb63664dbe1e8b80ae021f688dbcac7c	k__Bacteria; p__Firmicutes; c__Clostridia; o__Clostridiales; f__Ruminococcaceae; g__; s__	0.9940755822207806
721f376126820b247270ff53a5b55477	k__Bacteria; p__Firmicutes; c__Clostridia; o__Clostridiales; f__Clostridiaceae; g__Clostridium; s__	0.9393398183881675
f806136c6bb583e214457f2649a40861	k__Bacteria; p__Bacteroidetes; c__Bacteroidia; o__Bacteroidales; f__Bacteroidaceae; g__; s__	0.9999992154205963
54521276c2a1aa57831a51e4de58775e	k__Bacteria; p__Bacteroidetes; c__[Saprospirae]; o__[Saprospirales]; f__Chitinophagaceae; g__; s__	0.7362504738545341
6e9aaee74545bcdaff7b69a12bee7c03	k__Bacteria; p__Tenericutes; c__Mollicutes; o__RF39; f__; g__; s__	0.9999999994858371
b5fe0538d1b8d21d6bcb470f6a28239e	k__Bacteria; p__Firmicutes; c__Bacilli; o__Lactobacillales; f__Lactobacillaceae; g__Lactobacillus; s__manihotivorans	0.8370210030847103
554dc827af0817f13bf371802d5b0473	k__Bacteria; p__Firmicutes; c__Clostridia; o__Clostridiales; f__Ruminococcaceae	0.9990047945128055
567da3216782f6ea9454c729fa1dc97d	k__Bacteria; p__Firmicutes; c__Clostridia; o__Clostridiales; f__Lachnospiraceae; g__Coprococcus; s__	0.9797121594724643
725f68759d540c1a1bfe87a3a3c93ed3	k__Bacteria; p__Firmicutes; c__Clostridia; o__Clostridiales; f__; g__; s__	0.9980792957095479
efc5b27119b872096124c1f77e3837db	k__Bacteria; p__Firmicutes; c__Clostridia; o__Clostridiales; f__Lachnospiraceae; g__Dorea; s__	0.9989497293786687
12e4c0e9745545407f077225beb22589	k__Bacteria; p__Proteobacteria; c__Alphaproteobacteria; o__Rickettsiales; f__Rickettsiaceae; g__Wolbachia; s__	0.9991094503580696
189fbf479a94afe9be5af29dd517cc9e	k__Bacteria; p__Proteobacteria; c__Alphaproteobacteria; o__Rickettsiales; f__Rickettsiaceae; g__Wolbachia; s__	0.9998725965988072
fe9d941d307005f1c6624cf67983439d	k__Bacteria; p__Firmicutes; c__Clostridia; o__Clostridiales; f__Lachnospiraceae; g__; s__	0.9751930823121945
24adfd04805b5bf0804d7c6843c49524	k__Bacteria; p__Firmicutes; c__Clostridia; o__Clostridiales; f__Ruminococcaceae	0.9953140369462952
eb7c1cc398a635d1316b03299a03c2a9	k__Bacteria; p__Firmicutes; c__Clostridia; o__Clostridiales; f__Ruminococcaceae; g__; s__	0.9981704553972252
ae8855dfdf478e5b3a59664ed9c30743	k__Bacteria; p__Firmicutes; c__Clostridia; o__Clostridiales	0.9999997937650356
e2e7dc42ff542b88c9f677f0589ca1ea	k__Bacteria; p__Actinobacteria; c__Coriobacteriia; o__Coriobacteriales; f__Coriobacteriaceae; g__; s__	0.9992425605337705
6a2d5545f38b1b53e34b88e44a7ba3ec	k__Bacteria; p__Firmicutes; c__Clostridia; o__Clostridiales; f__Ruminococcaceae	0.9999943236790847
9da5338a21b453989ddc5ed07012b78e	k__Bacteria; p__Firmicutes; c__Clostridia; o__Clostridiales; f__Ruminococcaceae; g__; s__	0.8431022053465291
e0af95eca74b78debd959c50ae210d57	k__Bacteria; p__Actinobacteria; c__Coriobacteriia; o__Coriobacteriales; f__Coriobacteriaceae; g__; s__	0.98071681794591
b654aeb9f09b6a5b0d189db02c049f3e	k__Bacteria; p__Firmicutes; c__Clostridia; o__Clostridiales; f__; g__; s__	0.9937643575646701
7d45c82b57d5bba0fc4aaf58432c1b66	k__Bacteria; p__Actinobacteria; c__Actinobacteria; o__Actinomycetales; f__Mycobacteriaceae; g__Mycobacterium; s__vaccae	0.7044835257487594
61b8a1a526bf34889651da32c5e38455	k__Bacteria; p__Firmicutes; c__Clostridia; o__Clostridiales; f__Ruminococcaceae; g__; s__	0.7614260001144001
5b12f9655e397b5059896cb4788fed77	k__Bacteria; p__Firmicutes; c__Clostridia; o__Clostridiales; f__[Mogibacteriaceae]; g__; s__	0.9999501731219704
d3bba54b28f385c60d3cd3d2a1683862	k__Bacteria; p__Firmicutes; c__Bacilli; o__Bacillales; f__Bacillaceae	0.7509884247949666
7336794c5ddd0dd07cee5e05813f4b34	k__Bacteria; p__Firmicutes; c__Bacilli; o__Bacillales; f__Bacillaceae; g__Bacillus	0.9948241655355933
0f379d09a9c81421e126ea9ee50dbc7d	k__Bacteria; p__Firmicutes; c__Clostridia; o__Clostridiales; f__Ruminococcaceae	0.9995605882150254
85e5991a2dbe3308e7dafbcaaa48b918	k__Bacteria; p__Tenericutes; c__Mollicutes; o__RF39; f__; g__; s__	0.9999999999649845
8a097d93f35080d6015001f22f5055b2	k__Bacteria; p__Firmicutes; c__Clostridia; o__Clostridiales; f__Ruminococcaceae	0.9900735897572676
f3c0775e760c16b1a9576b56e80a87f2	k__Bacteria; p__Firmicutes; c__Clostridia; o__Clostridiales	0.9999954130840774
78bd76649f39bfbe4bb251d5169b5667	k__Bacteria; p__Proteobacteria; c__Alphaproteobacteria; o__Rickettsiales; f__Rickettsiaceae; g__Wolbachia; s__	0.9999328741438045
c8e2464aa1450360474c3536172e389b	k__Bacteria; p__Firmicutes; c__Clostridia; o__Clostridiales; f__Lachnospiraceae; g__; s__	0.8771439340104557
5429fc62e8cd8ac4a8dd5392f36eb82d	k__Bacteria; p__Firmicutes; c__Clostridia; o__Clostridiales	0.9999677317392061
2e7ba2e8a0edfac63d7f2de11b493d66	k__Bacteria; p__Proteobacteria; c__Gammaproteobacteria; o__Enterobacteriales; f__Enterobacteriaceae	0.999969933599814
842fdc654f8f2a13d43d589654651bb6	k__Bacteria; p__Proteobacteria; c__Alphaproteobacteria; o__Rickettsiales; f__Rickettsiaceae; g__Wolbachia; s__	0.9999233305278157
f0974e2a1f99fad92139d3f8feb52c39	k__Bacteria	0.9999976344784612
73c3400da01deef3ad741ed66964ed13	k__Bacteria; p__Firmicutes; c__Clostridia; o__Clostridiales; f__Ruminococcaceae; g__; s__	0.955728397937459
34b805b98b47c2eac39aeb8a0a397dfe	k__Bacteria; p__Firmicutes; c__Clostridia; o__Clostridiales; f__Ruminococcaceae; g__; s__	0.9996144130475025
014ec653768935174771641173eb4ed1	k__Bacteria; p__Firmicutes; c__Clostridia; o__Clostridiales; f__Ruminococcaceae	0.9993627452897256
67ce2f23045085da83846a3c5e5cc603	k__Bacteria; p__Bacteroidetes; c__Flavobacteriia; o__Flavobacteriales; f__[Weeksellaceae]; g__Chryseobacterium; s__	0.9999789687557656
53ab9d2256ec104ad802edd822fa6eea	k__Bacteria; p__Planctomycetes; c__Planctomycetia; o__Pirellulales; f__Pirellulaceae; g__; s__	0.9992749670155823
5000e08daa279ad52a450b591062542b	k__Bacteria; p__Firmicutes; c__Clostridia; o__Clostridiales; f__; g__; s__	0.9857069176129032
1799cefb44cb79959a15424ebf2dcbd2	k__Bacteria; p__Firmicutes; c__Bacilli; o__Lactobacillales; f__Leuconostocaceae; g__Weissella; s__viridescens	0.9915270721070787
4128f768ea64f9afcda0cf1aa709f459	k__Bacteria; p__Firmicutes; c__Clostridia; o__Clostridiales; f__Lachnospiraceae; g__; s__	0.7636590149674155
b77d45990550f0c52b138b7864a0d7e8	k__Bacteria; p__Proteobacteria; c__Betaproteobacteria; o__Burkholderiales; f__Comamonadaceae; g__Lampropedia; s__	0.9673679189288856
c32d5810860ab2e1bd46a672f1386b25	k__Bacteria; p__Verrucomicrobia; c__Verrucomicrobiae; o__Verrucomicrobiales; f__Verrucomicrobiaceae; g__Akkermansia; s__	1.0
6040b6a12b93b37f914c9220ca93c45b	k__Bacteria; p__Firmicutes; c__Erysipelotrichi; o__Erysipelotrichales; f__Erysipelotrichaceae; g__; s__	0.9976762903521909
3b890b52d30f7b0a5f75211e4d60524b	k__Bacteria; p__Actinobacteria; c__Coriobacteriia; o__Coriobacteriales; f__Coriobacteriaceae; g__Slackia; s__	0.9692999240663466
faafb451f1af5e90d643736772a192ed	k__Bacteria; p__Firmicutes; c__Clostridia; o__Clostridiales; f__; g__; s__	0.9610948884006503
11c20b15e060829c618c0cd1a13542dc	k__Bacteria; p__Firmicutes; c__Clostridia; o__Clostridiales; f__Lachnospiraceae	0.9919077840325509
6839671583395e1d3424a7b0dca6cb38	k__Bacteria; p__Proteobacteria; c__Alphaproteobacteria; o__Rhodospirillales; f__Acetobacteraceae; g__Acetobacter; s__	0.8681140283027873
79440b88f448c1fad5d14c560043c8d8	k__Bacteria; p__Firmicutes; c__Clostridia; o__Clostridiales; f__Ruminococcaceae; g__; s__	0.9997534952686364
1883dd75add00a785fbf2536eb7e4440	k__Bacteria; p__Bacteroidetes; c__Sphingobacteriia; o__Sphingobacteriales; f__Sphingobacteriaceae; g__; s__	0.958850968377571
5ad1e6295179c06ae06e92e005bc0880	k__Bacteria; p__Verrucomicrobia; c__Opitutae; o__[Cerasicoccales]; f__[Cerasicoccaceae]; g__; s__	0.9999999999922977
35baa3681689a80764aa6f53fc04ff47	k__Bacteria; p__Firmicutes; c__Clostridia; o__Clostridiales; f__Lachnospiraceae; g__; s__	0.896902981792012
579b251a8d8de95eded22b97f38ec434	k__Bacteria; p__Actinobacteria; c__Coriobacteriia; o__Coriobacteriales; f__Coriobacteriaceae; g__Adlercreutzia; s__	0.9369153318858696
6e8b661a46e042ac72dcfdc7b2bf1640	k__Bacteria; p__Firmicutes; c__Clostridia; o__Clostridiales; f__Lachnospiraceae; g__; s__	0.8462915252630734
0a2a7672a809480e34cb09f63b133364	k__Bacteria; p__Firmicutes; c__Clostridia; o__Clostridiales; f__Ruminococcaceae; g__Ruminococcus; s__flavefaciens	0.9998131529291182
7bef6326b37a38c4eb16ad94f55468e4	k__Bacteria; p__Bacteroidetes; c__Bacteroidia; o__Bacteroidales; f__Porphyromonadaceae; g__Porphyromonas; s__	0.9999999999144222
9138b80d31a8d46e4aadc13fbb889bd0	k__Bacteria; p__Firmicutes; c__Clostridia; o__Clostridiales; f__Ruminococcaceae; g__; s__	0.7219946123315675
19d31b001318d82f6e59d1a478ef8a80	k__Bacteria; p__Bacteroidetes; c__Bacteroidia; o__Bacteroidales; f__Bacteroidaceae; g__; s__	0.9999802410898393
05f75aa6e5987affc8b46cf6186c48b6	k__Bacteria; p__Firmicutes; c__Clostridia; o__Clostridiales; f__Ruminococcaceae; g__; s__	0.9806491134774813
aecd05222fbc85f47694bc830205190a	k__Bacteria; p__Firmicutes; c__Clostridia; o__Clostridiales; f__Lachnospiraceae; g__Clostridium	0.9021523719869442
2a4dddc2b535e7b588dfbac2563d9f56	k__Bacteria; p__Bacteroidetes; c__Bacteroidia; o__Bacteroidales; f__Bacteroidaceae; g__5-7N15; s__	0.9999999833273138
5e3bb8f786fdf77707037446396e20a1	k__Bacteria; p__Firmicutes; c__Clostridia; o__Clostridiales	0.9999874244735495
800cbb4cdf5b762aa3747cd38db617ff	k__Bacteria; p__Bacteroidetes; c__Bacteroidia; o__Bacteroidales; f__Bacteroidaceae; g__; s__	0.9999966181583261
6f534f51f2c3c71891eb2d4c3558c5da	k__Bacteria; p__Firmicutes; c__Clostridia; o__Clostridiales; f__Lachnospiraceae; g__Roseburia; s__	0.9943657285988396
a3d51c501abe18303f610106e45aa2a1	k__Bacteria; p__Proteobacteria; c__Alphaproteobacteria; o__Rhodospirillales; f__Acetobacteraceae; g__Acetobacter; s__	0.9016393725550262
f7bbc9acddff1fc57f714041837540c1	k__Bacteria; p__Firmicutes; c__Clostridia; o__Clostridiales; f__; g__; s__	0.9823649625301528
62b1049082c748a22b503fcc9f298f19	k__Bacteria; p__Actinobacteria; c__Coriobacteriia; o__Coriobacteriales; f__Coriobacteriaceae; g__; s__	0.7885925905224589
619099416dc97989e155d367393ae6c5	k__Bacteria; p__Proteobacteria; c__Alphaproteobacteria; o__Rickettsiales; f__Rickettsiaceae; g__Wolbachia; s__	0.999801228168952
806bcc6528243f91a2f8be9038a04df2	k__Bacteria; p__Proteobacteria; c__Gammaproteobacteria; o__Pseudomonadales; f__Moraxellaceae; g__Enhydrobacter	0.9999999995767497
3e802dc8a035247d928cf1c4fb9b40d2	k__Bacteria; p__Firmicutes; c__Clostridia; o__Clostridiales; f__Lachnospiraceae	0.9986726915008355
9e0a14bea833dae5eb057cdf65a558c5	k__Bacteria; p__Proteobacteria; c__Deltaproteobacteria; o__Desulfovibrionales; f__Desulfovibrionaceae; g__; s__	0.9988936356216516
aaaefb902b813f0f8c29b8319832920f	k__Bacteria; p__Firmicutes; c__Clostridia; o__Clostridiales; f__Ruminococcaceae; g__Oscillospira; s__	0.9997732845736216
f36368e86f47d91aedb7b05dadf7593f	k__Bacteria; p__Cyanobacteria; c__4C0d-2; o__YS2; f__; g__; s__	0.9999999983209023
80d00d8c01857d8946a682e0fc67b40d	k__Bacteria; p__Proteobacteria; c__Alphaproteobacteria; o__Rhodospirillales; f__Acetobacteraceae; g__Commensalibacter; s__intestini	0.9999999669552159
ea0f8dd5b9592eed702302db63c06180	k__Bacteria; p__Firmicutes; c__Clostridia; o__Clostridiales; f__Ruminococcaceae; g__Ruminococcus; s__	0.7419335665061791
5d1315329b7e125ce9f78391c0411525	k__Bacteria; p__Firmicutes; c__Clostridia; o__Clostridiales; f__Ruminococcaceae; g__; s__	0.8756700026729944
3e3dbed5ed64a3b5dffd475ffd9f3fef	k__Bacteria; p__Firmicutes; c__Bacilli; o__Lactobacillales; f__Lactobacillaceae; g__Lactobacillus; s__paralimentarius	0.9999999840930373
a14ceaa2727caee195a7d4938ae7be96	k__Bacteria; p__Firmicutes; c__Clostridia; o__Clostridiales; f__Ruminococcaceae; g__; s__	0.7044061840641841
753c10f566040dd05edf657a9f33295b	k__Bacteria; p__Bacteroidetes; c__Bacteroidia; o__Bacteroidales; f__S24-7; g__; s__	0.9990334735966777
da9c82793f0c1cecb52187f31d252e29	k__Bacteria; p__Proteobacteria; c__Gammaproteobacteria; o__Enterobacteriales; f__Enterobacteriaceae; g__Tatumella	0.7834728512345859
288bfc24c94298668c3a33523b5a945c	k__Bacteria; p__Firmicutes; c__Clostridia; o__Clostridiales; f__Lachnospiraceae; g__Clostridium; s__hathewayi	0.7118229989385639
5f5bc7a7885a44eefdfe7ceca7c825b1	k__Bacteria; p__Proteobacteria; c__Gammaproteobacteria; o__Pasteurellales; f__; g__; s__	0.999999999996021
3041fa659a9b6d18771b985faa82105a	k__Bacteria; p__Proteobacteria; c__Alphaproteobacteria; o__Rhodospirillales; f__Acetobacteraceae; g__Commensalibacter; s__intestini	0.9999999859073513
d73e89aef2e5b5afcf4850b94e5bedee	k__Bacteria; p__Bacteroidetes; c__Bacteroidia; o__Bacteroidales; f__; g__; s__	0.9995569452049973
1b8e994bd3e2e9087182b5cdd95caf6e	k__Bacteria; p__Firmicutes; c__Clostridia; o__Clostridiales; f__Ruminococcaceae; g__; s__	0.8630725738679318
41ea9f6e0064fc1bd75a7e719c987090	k__Bacteria; p__Firmicutes; c__Clostridia; o__Clostridiales; f__[Mogibacteriaceae]; g__; s__	0.9999845879308181
bf935e2eb8249f903bf8c51f71ff21a7	k__Bacteria; p__Bacteroidetes; c__Sphingobacteriia; o__Sphingobacteriales; f__Sphingobacteriaceae; g__Sphingobacterium; s__multivorum	0.9999999994037836
159d7cc945bcb3d6aa2124d7768bcbbc	k__Bacteria; p__Firmicutes; c__Clostridia; o__Clostridiales; f__Ruminococcaceae	0.9907928229912987
d2c4b1fdbd590189a2d021203f2bd155	k__Bacteria; p__Firmicutes; c__Clostridia; o__Clostridiales; f__Lachnospiraceae	0.9807804160942177
937e65aae85f390c1a5d5ea390ff3656	k__Bacteria; p__Firmicutes; c__Clostridia; o__Clostridiales; f__Ruminococcaceae; g__; s__	0.9737449037920792
dac0ec947a6f2f0f3b4c30bfe1c8dcaf	k__Bacteria; p__Bacteroidetes; c__Bacteroidia; o__Bacteroidales; f__Rikenellaceae; g__; s__	0.9996338906513642
d4d5ff4243a9c150a868a379f7898b08	k__Bacteria; p__Firmicutes; c__Clostridia; o__Clostridiales; f__Lachnospiraceae; g__Coprococcus; s__	0.9936538153221156
91223ec5064454a1134c9d67dffa8f34	k__Bacteria; p__Firmicutes; c__Clostridia; o__Clostridiales; f__Ruminococcaceae; g__Oscillospira; s__	0.9995702787065538
62251cd69d91b92a1d856192e097db64	k__Bacteria; p__Firmicutes; c__Clostridia; o__Clostridiales; f__Ruminococcaceae	0.9999921840986252
c54c6ecc3084e8e4bf6c982adfa1f26d	k__Bacteria; p__Actinobacteria; c__Actinobacteria; o__Actinomycetales; f__Microbacteriaceae	0.9994429173474316
531a5b5dd95778439bbf2b5cc80ca053	k__Bacteria; p__Actinobacteria; c__Coriobacteriia; o__Coriobacteriales; f__Coriobacteriaceae; g__Adlercreutzia; s__	0.787451799429746
84ee2467b8c45689e6a4a9e2c69b89dc	k__Bacteria; p__Proteobacteria; c__Alphaproteobacteria; o__Rhodospirillales; f__Acetobacteraceae; g__Acetobacter; s__	0.993800344782911
4ab609e3eba997627bd4244a7fc0c8ed	k__Bacteria; p__Firmicutes; c__Clostridia; o__Clostridiales	0.9998180288163944
531490d7f00625907231462a243262fa	k__Bacteria; p__Proteobacteria; c__Alphaproteobacteria; o__Rhodospirillales; f__Acetobacteraceae; g__Acetobacter; s__	0.9981854330377681
3670d267896c76b16273a832e54a2b7c	k__Bacteria; p__Firmicutes; c__Clostridia; o__Clostridiales; f__Peptostreptococcaceae; g__; s__	0.704690833725226
b5f53a1242a34fa06a0813c4052e9efd	k__Bacteria; p__Bacteroidetes; c__Bacteroidia; o__Bacteroidales; f__Bacteroidaceae; g__Bacteroides; s__	0.999573793412354
8c5b6c74e546d389117ec2b8daa842b7	k__Bacteria; p__Firmicutes; c__Clostridia; o__Clostridiales; f__Ruminococcaceae; g__Oscillospira; s__	0.9921074980479867
1436627e5b7bf27342ad6b80020d574d	k__Bacteria; p__Proteobacteria; c__Gammaproteobacteria; o__Xanthomonadales; f__Xanthomonadaceae; g__Dyella	0.9475937755606789
81f138623974b6263ca765135ea7eecc	k__Bacteria; p__Firmicutes; c__Clostridia; o__Clostridiales; f__Ruminococcaceae; g__; s__	0.9869142082787811
5c7051ed9779f899738d4ef917870fbf	k__Bacteria; p__Firmicutes; c__Clostridia; o__Clostridiales; f__Lachnospiraceae; g__Coprococcus; s__	0.9984912355013761
8faaf59e84d8896a8a45379ef5281e33	k__Bacteria; p__Firmicutes; c__Clostridia; o__Clostridiales; f__; g__; s__	0.9995858373998975
cc6d3049284fd53dce50191c6a372056	k__Bacteria; p__Proteobacteria; c__Alphaproteobacteria; o__Rickettsiales; f__Rickettsiaceae; g__Wolbachia; s__	0.9998214517329863
02f112286be3e1d1c3ad712de887546b	k__Bacteria; p__Tenericutes; c__Mollicutes; o__RF39; f__; g__; s__	0.9999999994893187
a1c675d7e5e180ce70d360827c2c86de	k__Bacteria; p__Firmicutes; c__Clostridia; o__Clostridiales; f__Lachnospiraceae	0.8926752430712924
34cbd5216adfabd4bcaa4ad0321b83f7	k__Bacteria; p__Firmicutes; c__Clostridia; o__Clostridiales; f__; g__; s__	0.9877237963311458
6b53c28afd5eb1a736a812bed9a1e33f	k__Bacteria; p__Firmicutes; c__Bacilli; o__Lactobacillales; f__Lactobacillaceae; g__Lactobacillus	0.9992358081813856
230928f9187a554cf5f4f2e6ecfc79dc	k__Bacteria; p__Proteobacteria; c__Alphaproteobacteria; o__Rickettsiales; f__Rickettsiaceae; g__Wolbachia; s__	0.9998391920587871
2a0f7f0f08c3f2b59e389f22a03e1816	k__Bacteria; p__Proteobacteria; c__Alphaproteobacteria; o__Rickettsiales; f__Rickettsiaceae; g__Wolbachia; s__	0.9997373959178328
e6dccdc2120e147615ae7e19491c649c	k__Bacteria; p__Firmicutes; c__Clostridia; o__Clostridiales; f__Lachnospiraceae; g__; s__	0.9378717137399891
8d8d5ff473230dc4fb2b14ad3c08ceac	k__Bacteria; p__Bacteroidetes; c__Bacteroidia; o__Bacteroidales; f__Porphyromonadaceae; g__Dysgonomonas; s__	0.9999933197822645
7d12937301a5867893a812824e4c7409	k__Bacteria; p__Firmicutes; c__Clostridia; o__Clostridiales; f__Ruminococcaceae; g__; s__	0.9927325610442845
dc67ea5b4e276ab4db5e2a305e2cb4c6	k__Bacteria; p__Proteobacteria; c__Alphaproteobacteria; o__Rhodospirillales; f__Acetobacteraceae; g__Commensalibacter; s__intestini	0.9999984830997585
8df0bc3ac5693b5d28b1de986d9c495f	k__Bacteria; p__Firmicutes; c__Clostridia; o__Clostridiales; f__Ruminococcaceae; g__; s__	0.9246882444420397
9b6f86e8468798390130978ad6c62083	k__Bacteria; p__Proteobacteria; c__Gammaproteobacteria; o__Pseudomonadales; f__Moraxellaceae; g__Acinetobacter; s__guillouiae	0.875936367752922
2ce67c84539f3dacbff13c6d65ea41c2	k__Bacteria; p__Firmicutes; c__Clostridia; o__Clostridiales; f__Ruminococcaceae; g__; s__	0.9934053540388552
8fd340d6e9b27b3b18b13f21e42f49db	k__Bacteria; p__Cyanobacteria; c__4C0d-2; o__YS2; f__; g__; s__	0.9999999997768612
fe2e425ff10e99c7bd12697e09e4ce67	k__Bacteria; p__Bacteroidetes; c__Bacteroidia; o__Bacteroidales; f__Bacteroidaceae; g__Bacteroides; s__	0.9993592100175319
6e1f6277d44a9d626284571d5a68f462	k__Bacteria; p__Proteobacteria; c__Alphaproteobacteria; o__Rhodospirillales; f__Acetobacteraceae; g__Acetobacter; s__	0.9952834124360038
bed121c825c2e9ed2441710db0371684	k__Bacteria; p__Cyanobacteria; c__Chloroplast; o__Streptophyta; f__; g__; s__	0.9999999999427445
d71ae1b54d0f0a50caf263ffcb95f83f	k__Bacteria; p__Firmicutes; c__Bacilli; o__Lactobacillales; f__Leuconostocaceae; g__Leuconostoc; s__	0.9060609233731801
a2bce35a0cfba2bd487272d7c20df630	k__Bacteria; p__Actinobacteria; c__Actinobacteria; o__Actinomycetales; f__Cellulomonadaceae; g__Cellulomonas; s__xylanilytica	0.7415260446113014
de042068c2359c68a8a97b09ca50c763	k__Bacteria; p__Actinobacteria; c__Coriobacteriia; o__Coriobacteriales; f__Coriobacteriaceae; g__; s__	0.9938639877694776
a3d5e6336565023ba25de0cc482b3453	k__Bacteria; p__Firmicutes; c__Clostridia; o__Clostridiales; f__[Mogibacteriaceae]; g__; s__	0.9988621958179896
542e4634d5d973d9b960de00c3da2e91	k__Bacteria; p__Proteobacteria; c__Alphaproteobacteria; o__Rickettsiales; f__Rickettsiaceae; g__Wolbachia; s__	0.9998425853093892
1f4c91f2ae724935bbc725b6ed5ae251	k__Bacteria; p__Proteobacteria; c__Gammaproteobacteria	0.9999999957766665
4d2656901ad4babf34990d43497a2bca	k__Bacteria; p__Bacteroidetes; c__Bacteroidia; o__Bacteroidales; f__; g__; s__	0.9974574683541344
321838d6ec0a273935dd1f090bd96839	k__Bacteria; p__Firmicutes; c__Clostridia; o__Clostridiales; f__; g__; s__	0.9997089068386275
8aab9c98caadcf4a518a7e932ddc3510	k__Bacteria; p__Firmicutes; c__Clostridia; o__Clostridiales; f__Ruminococcaceae; g__; s__	0.9996095098715401
da3e189ab8e16527cbb8da7555ef339b	k__Bacteria; p__Bacteroidetes; c__Bacteroidia; o__Bacteroidales; f__Porphyromonadaceae; g__Dysgonomonas; s__	0.9999948764802526
8bdfbbee70e202037288e3a9f9611179	k__Bacteria; p__Actinobacteria; c__Actinobacteria; o__Actinomycetales; f__Microbacteriaceae	0.9999969464437575
c817dcbd76853fbe9c95ec781ebb1a09	k__Bacteria; p__Firmicutes; c__Bacilli; o__Lactobacillales; f__Lactobacillaceae; g__Lactobacillus; s__brevis	0.9922601565609344
7e267e0dd2aeb54de47d8dbfbf8ae8b6	k__Bacteria; p__Bacteroidetes; c__Bacteroidia; o__Bacteroidales; f__Rikenellaceae; g__; s__	0.9993972956813432
f45ad971967c4657765552d7032edff2	k__Bacteria; p__Firmicutes; c__Clostridia; o__Clostridiales; f__; g__; s__	0.968918094297009
d6b061eec9d847078fee41f22972f27e	k__Bacteria; p__Bacteroidetes; c__Bacteroidia; o__Bacteroidales; f__Bacteroidaceae; g__BF311; s__	0.9990801844950054
58f5e78141622439190e75e248ff9119	k__Bacteria; p__Firmicutes; c__Clostridia; o__Clostridiales; f__[Mogibacteriaceae]; g__; s__	0.9968183591106253
da08f9c75fcb13ce98f6f7b83b59285d	k__Bacteria; p__Firmicutes; c__Clostridia; o__Clostridiales; f__Ruminococcaceae; g__; s__	0.9819238654895284
90daac5db92425b36e2cb42c69ac8394	k__Bacteria; p__Firmicutes; c__Clostridia; o__Clostridiales; f__Lachnospiraceae; g__Dorea; s__	0.9965787750957152
4556822a9e4c7bdcb520af4639afe80a	k__Bacteria; p__Proteobacteria; c__Alphaproteobacteria; o__Rhodospirillales; f__Acetobacteraceae; g__Gluconobacter; s__	0.99993108640584
2d28ffeece7b2b6abbddce519ede6a3d	k__Bacteria; p__Firmicutes; c__Clostridia; o__Clostridiales; f__Clostridiaceae; g__02d06; s__	0.7461084522512987
641a3b52e5dd2a3cedabb9cc2425a4c0	k__Bacteria; p__Firmicutes; c__Clostridia; o__Clostridiales	0.9999007922268706
74d0292da695c40c64938475cf7dd0da	k__Bacteria; p__Firmicutes; c__Clostridia; o__Clostridiales; f__Ruminococcaceae; g__; s__	0.9899319053190223
4b41ed22652f90b174ebe00ad722fe00	k__Bacteria; p__Firmicutes; c__Clostridia; o__Clostridiales; f__Ruminococcaceae; g__; s__	0.9999333776969603
1bea448051cd5e9aed8a1ca2a8fd3d6a	k__Bacteria; p__Tenericutes; c__Mollicutes; o__; f__; g__; s__	0.9687874513511636
67fc76f6a2b785cfbfb89a2acf9efefd	k__Bacteria; p__Bacteroidetes; c__Bacteroidia; o__Bacteroidales; f__Rikenellaceae; g__; s__	0.9879161870231904
30854fea8382440eaa367e4e7317038f	k__Bacteria; p__Proteobacteria; c__Alphaproteobacteria; o__Rhodospirillales; f__Acetobacteraceae; g__Acetobacter; s__	0.9870969716761399
9e760ae3a3b1b545f43e67699b696847	k__Bacteria; p__Firmicutes; c__Clostridia; o__Clostridiales; f__Ruminococcaceae; g__; s__	0.9828650842798335
8642cce927877ffef2e3ee8fcfc7ca6e	k__Archaea; p__Euryarchaeota; c__Methanobacteria; o__Methanobacteriales; f__Methanobacteriaceae; g__Methanobrevibacter; s__	0.9999999998864411
9debd3bd991fe5aab5d7c020ce7de657	k__Bacteria; p__Firmicutes; c__Clostridia; o__Clostridiales; f__Ruminococcaceae; g__; s__	0.8330131003195131
10f8523b4fc2961660deba21c75a6996	k__Bacteria; p__Proteobacteria; c__Gammaproteobacteria; o__Pasteurellales; f__; g__; s__	0.9999323467923574
ac4fa418085ad29d9846952e3946e0dc	k__Bacteria; p__Firmicutes; c__Clostridia; o__Clostridiales; f__Ruminococcaceae; g__; s__	0.9162631546301389
a501dab4f361451d27fa0d5c61192b26	k__Bacteria; p__Firmicutes; c__Bacilli; o__Lactobacillales; f__Lactobacillaceae	0.9980635879572546
47c4c556d8f1e7301a07421179a41c8a	k__Bacteria; p__Bacteroidetes; c__Bacteroidia; o__Bacteroidales; f__Bacteroidaceae; g__5-7N15; s__	0.9999999629202854
0a10c8754c5499677719222c4f3e0c78	k__Bacteria; p__Proteobacteria; c__Alphaproteobacteria; o__Rhodospirillales; f__Acetobacteraceae; g__Acetobacter; s__	0.997758007484839
565d45c5070db8791d730f1c4bb62d6a	k__Bacteria; p__Firmicutes; c__Clostridia; o__Clostridiales; f__Ruminococcaceae; g__Oscillospira; s__	0.9992623531329834
91c2e4a119bbb4a855d3e0088736abd5	k__Bacteria; p__Proteobacteria; c__Alphaproteobacteria; o__Rhodospirillales; f__Acetobacteraceae; g__Gluconobacter; s__	0.9999261086231835
bcfcb875c8baaac582be4294514314b3	k__Bacteria; p__Firmicutes; c__Clostridia; o__Clostridiales; f__; g__; s__	0.9999682902331551
d98f8d98687a48f0ba8442c0cbc5e1c0	k__Bacteria; p__Firmicutes; c__Clostridia; o__Clostridiales; f__Ruminococcaceae; g__Ruminococcus; s__	0.8236270107825577
33ae7646fd6ec9d68374f5a59291f0db	k__Bacteria; p__Firmicutes; c__Clostridia; o__Clostridiales; f__Ruminococcaceae; g__; s__	0.9491456470234337
7b50c13089075ffe06f5c4a14af24469	k__Bacteria; p__Actinobacteria; c__Coriobacteriia; o__Coriobacteriales; f__Coriobacteriaceae; g__Adlercreutzia; s__	0.9291193949674601
9221606854ea1c9a3fd0250c61aa5b3e	k__Bacteria; p__Cyanobacteria; c__4C0d-2; o__YS2; f__; g__; s__	0.9999999999728857
48e87d24acb22cc19e7ba05e75f9fcf3	k__Bacteria; p__Firmicutes; c__Clostridia; o__Clostridiales; f__; g__; s__	0.9298113972960179
3ef24da812dc1308e7638ca3e3d58447	k__Bacteria; p__Actinobacteria; c__Coriobacteriia; o__Coriobacteriales; f__Coriobacteriaceae; g__; s__	0.9999682601332744
55ec5c72d5e59fd7e74cca61eba87c31	k__Bacteria; p__Proteobacteria; c__Alphaproteobacteria; o__Rhizobiales; f__Bartonellaceae; g__; s__	0.7187552511060417
eb85206d10b8dc3e9b6aa22813a79542	k__Bacteria; p__Firmicutes; c__Clostridia; o__Clostridiales; f__Ruminococcaceae; g__Ruminococcus; s__	0.998830243999216
9cdd7397508dbb62a0663a0d5912da30	k__Bacteria; p__Proteobacteria; c__Alphaproteobacteria; o__Rhodospirillales; f__Acetobacteraceae; g__Acetobacter; s__	0.9983051820973027
221eba1e53bb8a16c7950e7f9edc2172	k__Bacteria; p__Firmicutes; c__Clostridia; o__Clostridiales; f__; g__; s__	0.9989521618942772
a43024dbb0149d8ea8fdf71720c878a5	k__Bacteria; p__Firmicutes; c__Clostridia; o__Clostridiales; f__Ruminococcaceae	0.99990911320432
5a75332d929f6b538ab0911d1a7fc9e7	k__Bacteria; p__Firmicutes; c__Clostridia; o__Clostridiales; f__; g__; s__	0.9953539689510095
77ebaab02ce63a742d807f462bd12527	k__Bacteria; p__Firmicutes; c__Clostridia; o__Clostridiales; f__Ruminococcaceae; g__; s__	0.7344269682667763
8dea99a2c7539df6c535e24737fc9ef0	k__Bacteria; p__Firmicutes; c__Clostridia; o__Clostridiales; f__Ruminococcaceae; g__; s__	0.7742061858131013
bad7e742798b5fcc520ff82e75b256a9	k__Bacteria; p__Firmicutes; c__Clostridia; o__Clostridiales; f__Lachnospiraceae	0.9991771658711845
babbd17ea6acd534511cbdd8089b5592	k__Bacteria; p__Actinobacteria; c__Coriobacteriia; o__Coriobacteriales; f__Coriobacteriaceae; g__; s__	0.7693782645760365
2f20eeddfd51c97088c00301367e3f9c	k__Bacteria; p__Firmicutes; c__Clostridia; o__Clostridiales; f__Ruminococcaceae; g__Oscillospira; s__	0.8996397510528232
0e6952efdc3fb4e094174d0d0799b775	k__Bacteria; p__Firmicutes; c__Clostridia; o__Clostridiales; f__Ruminococcaceae; g__; s__	0.9754581790426745
0b9e8a60d8f78295f3ed653507f96210	k__Bacteria; p__Proteobacteria; c__Alphaproteobacteria; o__Rhodospirillales; f__Acetobacteraceae; g__Acetobacter; s__	0.9449752753616592
49090139d829fcabba111e733922bfe7	k__Bacteria; p__Proteobacteria; c__Alphaproteobacteria; o__Rhodospirillales; f__Acetobacteraceae; g__Commensalibacter; s__intestini	0.9999999855615586
904c31c8bb2930ad30633a9dd53e9451	k__Bacteria; p__Bacteroidetes; c__Bacteroidia; o__Bacteroidales; f__BS11; g__; s__	0.9954702911646303
408d89dfae61f90d457952c1c5241f85	k__Bacteria; p__Firmicutes; c__Clostridia; o__Clostridiales; f__; g__; s__	0.9701690415939083
592806b56827c7ce10944cc565947f1c	k__Bacteria; p__Proteobacteria; c__Alphaproteobacteria; o__Rhodospirillales; f__Acetobacteraceae; g__Commensalibacter; s__intestini	0.932870575573994
d546abbb494acd31186ae0a47fc63451	k__Bacteria; p__Firmicutes; c__Clostridia; o__Clostridiales; f__Ruminococcaceae; g__Oscillospira; s__	0.9994269734337324
d169a3a8a9e9f5c357df46c04db4f509	k__Bacteria; p__Bacteroidetes; c__Bacteroidia; o__Bacteroidales; f__; g__; s__	0.9971305330746325
b50ee697e497207e362ff1163b85f339	k__Bacteria; p__Firmicutes; c__Clostridia; o__Clostridiales; f__Lachnospiraceae; g__Coprococcus; s__	0.9893783403524066
5f9cb90195a0a7c4535237f64e4b8fbd	k__Bacteria; p__Firmicutes; c__Clostridia; o__Clostridiales; f__Clostridiaceae; g__Clostridium; s__butyricum	0.9998318632204911
31022ca063c5e09bd47fe66bb7e75aa2	k__Bacteria; p__Firmicutes; c__Clostridia; o__Clostridiales; f__Lachnospiraceae; g__; s__	0.9366923807655214
b47c917518d09c4bf75ba45046743100	k__Bacteria; p__Firmicutes; c__Clostridia; o__Clostridiales; f__; g__; s__	0.9896021597894027
4bf343df315e5490b2913467255577a7	k__Bacteria; p__Firmicutes; c__Clostridia; o__Clostridiales; f__Ruminococcaceae; g__Ruminococcus; s__	0.9123216590857408
52827c3cd463b4a774210d746129085d	k__Bacteria; p__Firmicutes; c__Clostridia; o__Clostridiales; f__Ruminococcaceae; g__Ruminococcus	0.9712507459650241
231b2014f125dbf8057839a7d3b377c5	k__Bacteria; p__Firmicutes; c__Clostridia; o__Clostridiales	0.9998698816580951
3a091c5c92dbe318a15122f374850d0f	k__Bacteria; p__Firmicutes; c__Clostridia; o__Clostridiales; f__; g__; s__	0.8647718896904902
1feee2eabc771b19261e7d43ecba55b4	k__Bacteria; p__Firmicutes; c__Clostridia; o__Clostridiales; f__Ruminococcaceae; g__; s__	0.8911909482301528
38cc3e06f7c839c6fbb86d7a477221c8	k__Bacteria; p__Bacteroidetes; c__Bacteroidia; o__Bacteroidales; f__[Odoribacteraceae]; g__Odoribacter; s__	0.999999998577465
f2a71e1e49048d2802dc7687e20abfd3	k__Bacteria; p__Actinobacteria; c__Actinobacteria; o__Actinomycetales; f__Corynebacteriaceae; g__Corynebacterium; s__variabile	0.8407835174564403
03e08c218a94b2b7cd7503bc130247d4	k__Bacteria; p__Firmicutes; c__Clostridia; o__Clostridiales; f__Ruminococcaceae; g__Oscillospira; s__	0.9916535629087481
c789b7de490347cfe2e6cb16510ad3c7	k__Bacteria; p__Firmicutes; c__Clostridia; o__Clostridiales; f__Ruminococcaceae; g__; s__	0.9732324366528893
04d3a3e424fd1df07d5947eaf3356350	k__Bacteria; p__Firmicutes; c__Clostridia; o__Clostridiales; f__Ruminococcaceae; g__; s__	0.9169937883527798
8e4d15a5c81a1872ce3283f42cd10bb0	k__Bacteria; p__Firmicutes; c__Clostridia; o__Clostridiales; f__; g__; s__	0.9937378915111673
6b8421cf57803b22ee28e22075375907	k__Bacteria; p__Proteobacteria; c__Alphaproteobacteria; o__Rhodospirillales; f__Acetobacteraceae; g__Acetobacter; s__	0.9994900541992545
524e9731d22c2cb088c55a8e14c4cb73	k__Bacteria; p__Proteobacteria; c__Alphaproteobacteria; o__Rhodospirillales; f__Acetobacteraceae; g__Acetobacter; s__	0.998127869464499
6421f241e76e9b098270cfd25ba45e13	k__Bacteria; p__Firmicutes; c__Clostridia; o__Clostridiales; f__; g__; s__	0.9996179085191347
c82341f8bb3649f3afdb869a9c37a842	k__Bacteria; p__Firmicutes; c__Clostridia; o__Clostridiales; f__; g__; s__	0.9959754607152825
e8232f80c57f239c48b9e34d8bde4bbd	k__Bacteria; p__Firmicutes; c__Clostridia; o__Clostridiales; f__Lachnospiraceae; g__; s__	0.7843207677444096
c2a70f9a56109f917068f07da5a4c2ea	k__Bacteria; p__Proteobacteria; c__Alphaproteobacteria; o__Rhodospirillales; f__Acetobacteraceae; g__Acetobacter; s__	0.999267518839616
96600c94919058d25ec607300a1f3835	k__Bacteria; p__Bacteroidetes; c__Flavobacteriia; o__Flavobacteriales; f__[Weeksellaceae]; g__; s__	0.9068625915856671
18875a9b114d91737874686f73766824	k__Bacteria; p__Firmicutes; c__Clostridia; o__Clostridiales; f__; g__; s__	0.999968307501752
37f54c847d3e6c8fc98b06814c813e23	k__Bacteria; p__Proteobacteria; c__Gammaproteobacteria; o__Enterobacteriales; f__Enterobacteriaceae	0.9999994839825277
3749b3fc3ef3b5c04864a000bd48ae48	k__Bacteria; p__Actinobacteria; c__Coriobacteriia; o__Coriobacteriales; f__Coriobacteriaceae; g__Adlercreutzia; s__	0.9099743835744786
df55ec1ce2a09671e2b41f0acfb9a57b	k__Bacteria; p__Firmicutes; c__Clostridia; o__Clostridiales; f__; g__; s__	0.9920146424113627
211d86da7b18fdaf61a2549382acd7bd	k__Bacteria; p__Proteobacteria; c__Alphaproteobacteria; o__Rickettsiales; f__Rickettsiaceae; g__Wolbachia; s__	0.9999073049068015
a759076415a35f844098586e3fe503a0	k__Bacteria; p__Firmicutes; c__Clostridia; o__Clostridiales; f__Ruminococcaceae; g__; s__	0.9978137785739679
c7fd68037c98ca8cd89e6900a51f2484	k__Bacteria; p__Firmicutes; c__Clostridia; o__Clostridiales; f__Peptostreptococcaceae; g__[Clostridium]; s__bifermentans	0.9758548427511029
06fba16f3d8a8d7248e32043d246d7db	k__Bacteria; p__Firmicutes; c__Clostridia; o__Clostridiales; f__Ruminococcaceae; g__; s__	0.9918344745632719
093ff5298d4b8c8249257f795ffc9e51	k__Bacteria; p__Firmicutes; c__Clostridia; o__Clostridiales; f__Lachnospiraceae; g__; s__	0.7542857120721748
437c228c8eba05e3f5277629ae3b2dd7	k__Bacteria; p__Bacteroidetes; c__Bacteroidia; o__Bacteroidales; f__; g__; s__	0.9987197198470436
c81398c4768d9dfcee79b47a6a1d7269	k__Bacteria; p__Proteobacteria; c__Alphaproteobacteria; o__Rhizobiales; f__Rhizobiaceae; g__Shinella; s__granuli	0.9562459994237075
5d9e4bd76218bf39d2c45dfe112411af	k__Bacteria; p__Actinobacteria; c__Actinobacteria; o__Actinomycetales; f__Mycobacteriaceae; g__Mycobacterium	0.9999999137781456
274d7f9a15cb87e6ed5fe1977753f68e	k__Bacteria; p__Bacteroidetes; c__Bacteroidia; o__Bacteroidales; f__Porphyromonadaceae; g__Dysgonomonas; s__	0.9999985399368115
526c766fe9fb4afcb10d3ed8a304dc33	k__Bacteria; p__Actinobacteria; c__Coriobacteriia; o__Coriobacteriales; f__Coriobacteriaceae; g__Adlercreutzia; s__	0.9340086584313252
8c007ef3ada9cee8a897aa0393e77d24	k__Bacteria; p__Firmicutes; c__Clostridia; o__Clostridiales; f__; g__; s__	0.9985794111702601
f9a801027ac0b7f9113a0215ac716197	k__Bacteria; p__Firmicutes; c__Clostridia; o__Clostridiales; f__Ruminococcaceae; g__; s__	0.999240969627631
c0e1394d06f4bf76cb4459f821ff2ad9	k__Bacteria; p__Bacteroidetes; c__Bacteroidia; o__Bacteroidales; f__; g__; s__	0.9984412875780377
98fa7653b99ecc41673e65bbfd434420	k__Bacteria; p__Firmicutes; c__Clostridia; o__Clostridiales; f__Ruminococcaceae; g__; s__	0.975030326406298
e881e2d12a76ea2f4565ce0f4bf6b277	k__Bacteria; p__Firmicutes; c__Clostridia; o__Clostridiales; f__Clostridiaceae; g__Clostridium; s__	0.7009274005329176
0cf7b521aa18c3e22988a6b209462eb6	k__Bacteria; p__Proteobacteria; c__Alphaproteobacteria; o__Rhodospirillales; f__Acetobacteraceae; g__Acetobacter; s__	0.9887383946596326
4ad4ed7728a2884e68b8109ff302a323	k__Bacteria; p__Firmicutes; c__Bacilli; o__Lactobacillales; f__Lactobacillaceae	0.9985159231090585
abca7916c75544f232347de151fd9e1c	k__Bacteria; p__Firmicutes; c__Clostridia; o__Clostridiales; f__Ruminococcaceae; g__; s__	0.9991516664845791
810bba16ea328ea488fe021d494c42ad	k__Bacteria; p__Proteobacteria; c__Gammaproteobacteria; o__Pseudomonadales; f__Moraxellaceae; g__Acinetobacter; s__	0.8434351116591979
5d361284946e96e28fdb5ef48b17d3d2	k__Bacteria; p__Proteobacteria; c__Gammaproteobacteria; o__Pseudomonadales; f__Pseudomonadaceae; g__Pseudomonas	0.7113482340860622
f5628864b43f2c4298b1a6da43cf60a5	k__Bacteria; p__Proteobacteria; c__Alphaproteobacteria; o__Rhodospirillales; f__Acetobacteraceae; g__Gluconacetobacter; s__intermedius	0.9863133303134763
d3f21e7db6308c563125fe9242dc92bc	k__Bacteria; p__Actinobacteria; c__Actinobacteria; o__Actinomycetales; f__Microbacteriaceae; g__Leucobacter; s__	0.7870018562888265
8499c15dc547f83552e59563766232e9	k__Bacteria; p__Firmicutes; c__Clostridia; o__Clostridiales; f__Ruminococcaceae; g__; s__	0.9873371650662935
9f712395bed449daf7b47da5b22e6e2f	k__Bacteria; p__Firmicutes; c__Clostridia; o__Clostridiales; f__Ruminococcaceae; g__; s__	0.9990894366768728
d299d4b8c47bb4ed468b0418f7986f77	k__Bacteria; p__Spirochaetes; c__Spirochaetes; o__Spirochaetales; f__Spirochaetaceae; g__Treponema; s__	0.9999982806420749
fe27bc4f741e069fc11654baa029f59f	k__Bacteria; p__Firmicutes; c__Clostridia; o__Clostridiales; f__Ruminococcaceae; g__; s__	0.9983960894488046
0c4a98eb5c63f57f78a1fcbf3ff9d71d	k__Bacteria; p__Bacteroidetes; c__Bacteroidia; o__Bacteroidales; f__; g__; s__	0.9949100843292322
6eee5d5562f2195ddff0f89c32d80f98	k__Bacteria; p__Proteobacteria; c__Alphaproteobacteria; o__Rhodospirillales; f__Acetobacteraceae; g__Acetobacter; s__	0.9962909690434635
cdcaf778a805241b86489b1e1617333e	k__Bacteria; p__Bacteroidetes; c__Flavobacteriia; o__Flavobacteriales; f__[Weeksellaceae]; g__Chryseobacterium; s__	0.9999952989534303
c2fb68b418d27dd2ea7df0db7b712d77	k__Bacteria; p__Firmicutes; c__Clostridia; o__Clostridiales; f__; g__; s__	0.9236703949275229
c5efa4a110eb3636f88786d6b8086287	k__Bacteria; p__Bacteroidetes; c__Bacteroidia; o__Bacteroidales; f__Porphyromonadaceae; g__Dysgonomonas; s__	0.9966339583321147
a664b1d386d2a0a0f825514940f8b38f	k__Bacteria; p__Firmicutes; c__Clostridia; o__Clostridiales; f__Ruminococcaceae; g__; s__	0.9424603624448756
030b8ef55820a76d3b4c002e4bea9a7b	k__Bacteria; p__Firmicutes; c__Clostridia; o__Clostridiales; f__Ruminococcaceae; g__; s__	0.9019677933641571
a19545558ada6e078f865547573b9e08	k__Bacteria; p__Tenericutes; c__RF3; o__ML615J-28; f__; g__; s__	0.985573263002934
70e6b88e2d0e81b77a4e624cfc729248	k__Bacteria; p__Cyanobacteria; c__4C0d-2; o__YS2; f__; g__; s__	0.9999999987415578
3672fd193c75d73ea0d1b97ab51c4afb	k__Bacteria; p__Proteobacteria; c__Alphaproteobacteria; o__Rhodospirillales; f__Acetobacteraceae; g__Acetobacter; s__	0.9976374211286081
8e1189e36301115e04fe56a20b1c7f10	k__Bacteria; p__Proteobacteria; c__Alphaproteobacteria; o__Rhodospirillales; f__Acetobacteraceae; g__Gluconobacter; s__	0.9997607235669603
7e488836662956f727ce01a64f472386	k__Bacteria; p__Firmicutes; c__Clostridia; o__Clostridiales; f__Lachnospiraceae; g__Roseburia; s__	0.9191063122184643
67b29657ccf91ed0bbb8282265bc9932	k__Bacteria; p__Firmicutes; c__Clostridia; o__Clostridiales; f__Ruminococcaceae; g__; s__	0.9966667000436492
25c490682134871bc928d096dd5545a7	k__Bacteria; p__Firmicutes; c__Bacilli; o__Lactobacillales; f__Lactobacillaceae; g__Lactobacillus; s__zeae	0.9931309192802702
cf01a6336f1df1fc4cc91863b687ee6c	k__Bacteria; p__Firmicutes; c__Clostridia; o__Clostridiales; f__Ruminococcaceae; g__Ruminococcus; s__	0.8196212031336587
195e6c5a0fc1f5158a14a4fb8110834e	k__Bacteria; p__Firmicutes; c__Bacilli; o__Lactobacillales; f__Streptococcaceae; g__Lactococcus; s__	0.9999985918407897
1c4e45a323b3f607aee0778a4b1d60df	k__Bacteria; p__Proteobacteria; c__Alphaproteobacteria; o__Rickettsiales; f__Rickettsiaceae; g__Wolbachia; s__	0.9998178090790112
e8a0557ac2a8bf58501e9f00522dcf55	k__Bacteria; p__Firmicutes; c__Bacilli; o__Lactobacillales; f__Carnobacteriaceae; g__Carnobacterium; s__viridans	0.723899523472447
8be1f05b600522d72ce24b9aa82da12d	k__Bacteria; p__Bacteroidetes; c__Bacteroidia; o__Bacteroidales; f__Prevotellaceae; g__Prevotella; s__	0.9991597350610197
73ed2c0debe89c34794322674265b64b	k__Bacteria; p__Proteobacteria; c__Betaproteobacteria; o__Burkholderiales; f__Comamonadaceae; g__Variovorax; s__	0.7251000019930133
d92984885b88ca31f4dd42f72641ed3b	k__Bacteria; p__Proteobacteria; c__Alphaproteobacteria; o__Sphingomonadales; f__Sphingomonadaceae; g__Sphingomonas; s__	0.8148412284759203
7668fb90429666d2a44c1285feabbaed	k__Bacteria; p__Firmicutes; c__Clostridia; o__Clostridiales; f__Ruminococcaceae; g__; s__	0.9996935730864321
721e220e17e8002d9ea0bd00ce5377c4	k__Bacteria; p__Proteobacteria; c__Gammaproteobacteria; o__Pseudomonadales; f__Moraxellaceae; g__Acinetobacter	0.9999999330124348
55da6035a2cd8cbacf53fc727b897ff7	k__Bacteria; p__Actinobacteria; c__Actinobacteria; o__Actinomycetales; f__Tsukamurellaceae; g__Tsukamurella; s__	0.9999973709196183
9a2bcb8e418a5272d5b0b48114283423	k__Bacteria; p__Firmicutes; c__Clostridia; o__Clostridiales; f__; g__; s__	0.9845131538281942
935c2b2e0d3a4b87b5a140288ebe95e3	k__Bacteria; p__Firmicutes; c__Clostridia; o__Clostridiales	0.999692041053265
7fdf519173db200e80838f1d449681c9	k__Bacteria; p__Firmicutes; c__Clostridia; o__Clostridiales; f__Ruminococcaceae; g__; s__	0.9991867214774498
e697603d42fd7e764a0577666029b917	k__Bacteria; p__Firmicutes; c__Clostridia; o__Clostridiales; f__Lachnospiraceae	0.987812083076622
a93e412440d3bf0e35137cd25fcedc3f	k__Bacteria; p__Proteobacteria; c__Betaproteobacteria; o__Burkholderiales; f__Comamonadaceae; g__; s__	0.9302076768093609
10304c2abda761627220b6f202cf0f40	k__Bacteria; p__Cyanobacteria; c__4C0d-2; o__YS2; f__; g__; s__	0.9999999983847232
e8127e034990f6201259cc7132d961c6	k__Bacteria; p__Proteobacteria; c__Gammaproteobacteria; o__Enterobacteriales; f__Enterobacteriaceae	0.9985713421598544
83b2276de687e09993757cf09c1ff705	k__Bacteria; p__Bacteroidetes; c__Bacteroidia; o__Bacteroidales; f__S24-7; g__; s__	0.9999999876342117
496ecc9abe9b0318fe0b676e7960aa01	k__Bacteria; p__Firmicutes; c__Clostridia; o__Clostridiales; f__[Tissierellaceae]; g__Finegoldia; s__	0.9999999999965326
68109f9cbcaa97d16c88d299ec8d99da	k__Bacteria; p__Bacteroidetes; c__Bacteroidia; o__Bacteroidales; f__Porphyromonadaceae; g__Dysgonomonas; s__	0.9999861456903348
421be4ba92eb13e82888e8ef9d730375	k__Bacteria; p__Actinobacteria; c__Coriobacteriia; o__Coriobacteriales; f__Coriobacteriaceae	0.9999999994039233
6ddeed70e55a679faba600d5fb5a7612	k__Bacteria; p__Firmicutes; c__Clostridia; o__Clostridiales; f__; g__; s__	0.9634026102040029
8e272dfb56cdccece2bbcd19ebc362b6	k__Bacteria; p__Firmicutes; c__Clostridia; o__Clostridiales; f__Ruminococcaceae; g__Ruminococcus; s__	0.9999874266510647
87ca259bdb124d016bd29126b48cc531	k__Bacteria; p__Proteobacteria; c__Alphaproteobacteria; o__Rhodospirillales; f__Acetobacteraceae; g__Acetobacter; s__	0.9960728749320175
c65b0bd6c7f2549ba5c15aeddb753368	k__Bacteria; p__Firmicutes; c__Clostridia; o__Clostridiales; f__Ruminococcaceae; g__; s__	0.9520089142434862
fe873704fbd724c91a9082e476bc431d	k__Bacteria; p__Firmicutes; c__Clostridia; o__Clostridiales; f__; g__; s__	0.9294515223152023
c06c3a1df77ee118b6860f871112c0c0	k__Bacteria; p__Proteobacteria; c__Alphaproteobacteria; o__Rhodospirillales; f__Acetobacteraceae; g__Commensalibacter; s__intestini	0.9999981163095675
7c404353e7a465caf6ca6d555893f77d	k__Bacteria; p__Proteobacteria; c__Gammaproteobacteria; o__Enterobacteriales; f__Enterobacteriaceae	0.9995913070993145
8faf6c808d14676b5286ecdc5c82cbb1	k__Bacteria; p__Firmicutes; c__Clostridia; o__Clostridiales; f__[Mogibacteriaceae]; g__; s__	0.9999998227519612
3e7d8bbf12b6d2e32ea07503e697ee5d	k__Bacteria; p__Firmicutes; c__Bacilli; o__Lactobacillales; f__Lactobacillaceae; g__Lactobacillus; s__	0.9956944366670043
e6e8666a1670926024f867ef30510eae	k__Bacteria; p__Proteobacteria; c__Alphaproteobacteria; o__Rickettsiales; f__Rickettsiaceae; g__Wolbachia; s__	0.999800258496864
42aca0d3ee6d51e46e629f3f4a120b10	k__Bacteria; p__Firmicutes; c__Clostridia; o__Clostridiales; f__; g__; s__	0.9999835295070173
a2ed6cb2d02b13d0e0a0a1838ebc299f	k__Bacteria; p__Firmicutes; c__Clostridia; o__Clostridiales; f__Ruminococcaceae	0.8604132789302122
73b1844444d14b1dc90371efda95d1cf	k__Bacteria; p__Firmicutes; c__Clostridia; o__Clostridiales; f__Ruminococcaceae; g__; s__	0.9800523686596877
7e06b117d4903e4efde4359d5a0ccbf2	k__Bacteria; p__Firmicutes; c__Clostridia; o__Clostridiales; f__Ruminococcaceae; g__; s__	0.9973435695994374
9f35ff35be0b8381f7375d99b05445ab	k__Bacteria; p__Proteobacteria; c__Betaproteobacteria; o__Neisseriales; f__Neisseriaceae; g__Neisseria	0.998025880173459
c5c20b1952c8c8584d8daf700e99c61d	k__Bacteria; p__Firmicutes; c__Clostridia; o__Clostridiales; f__; g__; s__	0.9999641747490161
2ffc6290b27a96b4b16e9f14288cb398	k__Bacteria; p__Bacteroidetes; c__Bacteroidia; o__Bacteroidales; f__Bacteroidaceae; g__5-7N15; s__	0.9999999969370634
a6bd4fca3de5d8ab75869b2cf0c0ec35	k__Bacteria; p__Firmicutes; c__Clostridia; o__Clostridiales; f__Lachnospiraceae; g__; s__	0.9689832094859144
74a49b01f5871565c48004a46114b938	k__Bacteria; p__Firmicutes; c__Clostridia; o__Clostridiales; f__Ruminococcaceae; g__; s__	0.9984214457737509
0539f4465ceb6b16a6df10aab7ae64c2	k__Bacteria; p__Proteobacteria; c__Alphaproteobacteria; o__Rickettsiales; f__Rickettsiaceae; g__Wolbachia; s__	0.999853126677786
96c2640f345a387dbfb547351b67eb3b	k__Bacteria; p__Actinobacteria; c__Actinobacteria; o__Actinomycetales; f__Promicromonosporaceae; g__; s__	0.8844240090341675
99ca2c192ba723ebaa3b14365218e4b9	k__Bacteria; p__Firmicutes; c__Clostridia; o__Clostridiales	0.999590666446493
446ca585c3cd1485802b7bfb2ecbaeec	k__Bacteria; p__Bacteroidetes; c__Bacteroidia; o__Bacteroidales; f__; g__; s__	0.9995528759030723
fa1cc733db7bd6ca322c4e6b120fd1ff	k__Bacteria; p__Firmicutes; c__Clostridia; o__Clostridiales	0.9999827054918445
f7fb3d269fe572b71682a971226c4271	k__Bacteria; p__Proteobacteria; c__Alphaproteobacteria; o__Rhodospirillales; f__Acetobacteraceae; g__Acetobacter; s__	0.9964079546342172
6cce7780c65097554d33bf24512b63ea	k__Bacteria; p__Proteobacteria; c__Gammaproteobacteria; o__Enterobacteriales; f__Enterobacteriaceae	0.9999979380294038
c0764a7612dc7e128001b9445ab6b772	k__Bacteria; p__Bacteroidetes; c__Bacteroidia; o__Bacteroidales; f__Rikenellaceae; g__; s__	0.9935794288299538
6a60de1a3e1bd53fcc6c5fa42da15fb0	k__Bacteria; p__Firmicutes; c__Clostridia; o__Clostridiales; f__Christensenellaceae; g__; s__	0.992620875770692
8b6a031cacd3156f98a5686040ea67e5	k__Bacteria; p__Firmicutes; c__Bacilli; o__Lactobacillales; f__Streptococcaceae; g__Lactococcus; s__	0.9999712196584206
f748403aca440dcb3740abf890bce93b	k__Bacteria; p__Firmicutes; c__Clostridia; o__Clostridiales; f__Ruminococcaceae; g__; s__	0.9970988573687303
ea86f620989cf7955e99eba1f74b7937	k__Bacteria; p__Proteobacteria; c__Alphaproteobacteria; o__Rhodospirillales; f__Acetobacteraceae; g__Gluconobacter; s__	0.9999040156143116
1f7396c58e0a8f6bb8a598a3f0e0ad60	k__Bacteria; p__Bacteroidetes; c__Bacteroidia; o__Bacteroidales; f__; g__; s__	0.9975746261061958
2ca0419a3b06e124c75639a3b811f2ec	k__Bacteria; p__Firmicutes; c__Clostridia; o__Clostridiales; f__Ruminococcaceae; g__; s__	0.9830029177335196
c64a7e33c6a5cffc6dcdc479167f2af0	k__Bacteria; p__Firmicutes; c__Clostridia; o__Clostridiales; f__Lachnospiraceae	0.9976417901933939
97de89b1a2cdfcd6c1cc39c222e048a8	k__Bacteria; p__Proteobacteria; c__Gammaproteobacteria; o__Pasteurellales; f__; g__; s__	0.9999999999981668
4747c872827f4eccb148dacb03ea656d	k__Bacteria; p__Proteobacteria; c__Alphaproteobacteria; o__Rickettsiales; f__mitochondria; g__Phytophthora	0.9997623508039462
df2c670c0775ab76787a6e0be4270379	k__Bacteria; p__Tenericutes; c__Mollicutes; o__RF39; f__; g__; s__	0.9999999999934914
d280fb656a737149342c727e4ed35319	k__Bacteria; p__Actinobacteria; c__Actinobacteria; o__Actinomycetales; f__Mycobacteriaceae; g__Mycobacterium; s__	0.9439432055268401
074c8dcf7830f25482a22a979abcdf1f	k__Bacteria; p__Bacteroidetes; c__Bacteroidia; o__Bacteroidales; f__Rikenellaceae; g__; s__	0.9986334612579955
22f498c92a52276b3e73701ab84c6171	k__Bacteria; p__Firmicutes; c__Clostridia; o__Clostridiales; f__Lachnospiraceae; g__Dorea; s__	0.950006073114872
81cd86ac554f4d17530c77062940ae23	k__Bacteria; p__Actinobacteria; c__Actinobacteria; o__Actinomycetales; f__Microbacteriaceae; g__Leucobacter; s__	0.9547874017435313
7f00be12f772321ee7f62ffdcca8f330	k__Bacteria; p__Proteobacteria; c__Alphaproteobacteria; o__Rhodospirillales; f__Acetobacteraceae; g__Acetobacter; s__	0.9940718076448498
b828c84cc89d9651aae496fdbb39631b	k__Bacteria; p__Tenericutes; c__RF3; o__ML615J-28; f__; g__; s__	0.9511385914444229
a4b7f0b23eb861e6e9202816abfcdca6	k__Bacteria; p__Firmicutes; c__Erysipelotrichi; o__Erysipelotrichales; f__Erysipelotrichaceae; g__; s__	0.9999826409679065
c0a043d0f8eb2221383f106ff98d1f09	k__Bacteria; p__Firmicutes; c__Clostridia; o__Clostridiales; f__Ruminococcaceae; g__Ruminococcus	0.9646025629202006
14008160c47b29cc92df5224d34147a2	k__Bacteria; p__Proteobacteria; c__Alphaproteobacteria; o__Rhodospirillales; f__Acetobacteraceae; g__Acetobacter; s__	0.9992759087556248
8a495022352568ee3b7afc42a1b44c37	k__Bacteria; p__Firmicutes; c__Clostridia; o__Clostridiales; f__Lachnospiraceae	0.9116003799170277
f742e085d20995755f4bb71dfb3d0730	k__Bacteria; p__Firmicutes; c__Clostridia; o__Clostridiales; f__Lachnospiraceae; g__; s__	0.8287257500173647
8c4370803e2475092a9559776ffdf6e0	k__Bacteria; p__Firmicutes; c__Clostridia; o__Clostridiales; f__Ruminococcaceae; g__Oscillospira; s__	0.9440793685948933
523fcfbda2baf1f77ff66e30e9791977	k__Bacteria; p__Tenericutes; c__Mollicutes; o__RF39; f__; g__; s__	0.9999999999901803
187528f25c5e9551b819addc26ebfc7e	k__Bacteria; p__Firmicutes; c__Clostridia; o__Clostridiales; f__Ruminococcaceae; g__; s__	0.9875534263524376
c8f24148ce56aa107b9a2fe77b3c441a	k__Bacteria; p__Proteobacteria; c__Alphaproteobacteria; o__Rhodospirillales; f__Acetobacteraceae; g__Gluconacetobacter; s__diazotrophicus	0.7339999324381182
a842ff4f5a4915c83a722959a620ab51	k__Bacteria; p__Firmicutes; c__Bacilli; o__Lactobacillales; f__Lactobacillaceae; g__Lactobacillus; s__	0.9969700707891301
4c60faeb428f6ed4bc94f1b7e2bc3d8b	k__Bacteria; p__Firmicutes; c__Clostridia; o__Clostridiales; f__Ruminococcaceae; g__; s__	0.7484394311183484
67f527fbc1089870e44314c60c824b58	k__Bacteria; p__Firmicutes; c__Clostridia; o__Clostridiales; f__Ruminococcaceae; g__; s__	0.9995614938808688
35382e14d9e02d41fa86951b44b8bce6	k__Bacteria; p__Actinobacteria; c__Coriobacteriia; o__Coriobacteriales; f__Coriobacteriaceae; g__; s__	0.8060132428767733
840b89c5b1a8f23b1214ea20ca8d40d4	k__Bacteria; p__Proteobacteria; c__Gammaproteobacteria; o__Xanthomonadales; f__Xanthomonadaceae; g__Stenotrophomonas; s__	0.9957647073208175
2cda503a6fb052a12f932848b4266832	k__Bacteria; p__Firmicutes; c__Clostridia; o__Clostridiales; f__Ruminococcaceae	0.9977094040230932
c67d786c52bf705f240d61a7feda2b66	k__Bacteria; p__Firmicutes; c__Clostridia; o__Clostridiales; f__Ruminococcaceae; g__; s__	0.9045110740579475
f0320775b51b639d35337e24eb1a04ea	k__Bacteria; p__Firmicutes; c__Clostridia; o__Clostridiales; f__Ruminococcaceae; g__; s__	0.8069052394528907
45790ea444daec9df26018edec9dabee	k__Bacteria; p__Firmicutes; c__Clostridia; o__Clostridiales; f__Ruminococcaceae; g__Ruminococcus; s__	0.9489039652840389
3d1dbbea1d0145e03f0e15df0d09d8ed	k__Bacteria; p__Proteobacteria; c__Alphaproteobacteria; o__Rhizobiales; f__Rhizobiaceae; g__Agrobacterium; s__	0.8757878866788619
9eae5276dc67ae7da7f903cb61281ba7	k__Bacteria; p__Actinobacteria; c__Coriobacteriia; o__Coriobacteriales; f__Coriobacteriaceae; g__Adlercreutzia; s__	0.962436260007165
408551aa568baaff1b1ecf1a8e528cf6	k__Bacteria; p__Firmicutes; c__Clostridia; o__Clostridiales; f__; g__; s__	0.9811080067623864
68274832dd316a955f6698fb2ac5781e	k__Bacteria; p__Firmicutes; c__Bacilli; o__Lactobacillales; f__Lactobacillaceae; g__Lactobacillus; s__brevis	0.9939688115106957
11a2c3a4659b78894740f4d79290b00b	k__Bacteria; p__Bacteroidetes; c__Flavobacteriia; o__Flavobacteriales; f__Flavobacteriaceae	0.9999999863486951
5e81919df74823149a226a8fdd3a066f	k__Bacteria; p__Proteobacteria; c__Alphaproteobacteria; o__Rhodospirillales; f__Acetobacteraceae; g__Gluconobacter; s__	0.9999144620051351
54eb1ee571f756394b5514c902982a06	k__Bacteria; p__Actinobacteria; c__Actinobacteria; o__Actinomycetales; f__Nocardiaceae; g__Rhodococcus; s__	0.959419748390886
96a3278163641f78333ea73d91f8d7fa	k__Bacteria; p__Spirochaetes; c__Spirochaetes; o__Spirochaetales; f__Spirochaetaceae; g__Treponema; s__	0.9999904268012121
de3307b5af23898ed2217e04939728f7	k__Bacteria; p__Firmicutes; c__Clostridia; o__Clostridiales; f__Ruminococcaceae; g__; s__	0.9943646763645794
4d262b47bd05a9d4bbcff9e3b1efa0ac	k__Bacteria; p__Firmicutes; c__Bacilli; o__Lactobacillales; f__Leuconostocaceae; g__Leuconostoc; s__	0.9383332268290389
acb42bf9d98f85e34baa0adba1e55e0f	k__Bacteria; p__Actinobacteria; c__Actinobacteria; o__Actinomycetales; f__Nocardiaceae; g__Rhodococcus; s__	0.9941099367635248
86322e3ff5d1d52fe8721f10e1a7c2c3	k__Bacteria; p__Firmicutes; c__Clostridia; o__Clostridiales; f__Ruminococcaceae; g__Oscillospira; s__	0.7856949637659603
42ae7af0acb9f6b939cf6a7f1e4ee473	k__Bacteria; p__Proteobacteria; c__Alphaproteobacteria; o__Rhodospirillales; f__Acetobacteraceae; g__Acetobacter; s__	0.9996429848469345
44c2bafc2c6558261925e26d00f85eaa	k__Bacteria; p__Firmicutes; c__Clostridia; o__Clostridiales; f__Ruminococcaceae; g__; s__	0.9891007044800237
601e945cb48845209abd7bc55e88dfc6	k__Bacteria; p__Firmicutes; c__Clostridia; o__Clostridiales; f__; g__; s__	0.9996528218285131
d7ab40e7cb86b70178fae67aa58bf79a	k__Bacteria; p__Bacteroidetes; c__Bacteroidia; o__Bacteroidales; f__; g__; s__	0.999730012734993
32fb1546d25a7cab31f15821e90de8da	k__Bacteria; p__Proteobacteria; c__Gammaproteobacteria; o__Pseudomonadales; f__Moraxellaceae; g__Acinetobacter; s__johnsonii	0.8625367738718935
8f176dd770dbaa2411e7a04786a84328	k__Bacteria; p__Proteobacteria; c__Gammaproteobacteria; o__Xanthomonadales; f__Xanthomonadaceae; g__Stenotrophomonas; s__retroflexus	0.9477256067700196
94f75cfd8e81a89d31ea0841dec73c12	k__Bacteria; p__Actinobacteria; c__Coriobacteriia; o__Coriobacteriales; f__Coriobacteriaceae	0.9999999888217834
0597737b894122a7db1554804ba18abb	k__Bacteria; p__Actinobacteria; c__Coriobacteriia; o__Coriobacteriales; f__Coriobacteriaceae; g__; s__	0.9927696086346185
5ef44f4083c411fdac4e4e6f247d9fa3	k__Bacteria; p__Firmicutes; c__Clostridia; o__Clostridiales; f__Eubacteriaceae; g__Anaerofustis; s__	0.9999994397111045
7fb294b2a8be9fa72f541d0cfd534e20	k__Bacteria; p__Bacteroidetes; c__Bacteroidia; o__Bacteroidales; f__[Paraprevotellaceae]; g__; s__	0.7827839718234225
a71fcffbe9527516f354df01165b6d10	k__Bacteria; p__Elusimicrobia; c__Elusimicrobia; o__Elusimicrobiales; f__Elusimicrobiaceae; g__; s__	0.9999999968875102
1f4d13506853ada5ff28cb77a017a6a6	k__Bacteria; p__Cyanobacteria; c__4C0d-2; o__YS2; f__; g__; s__	0.9999999993726902
9173d6a486e12a50d491851c6c89162b	k__Bacteria; p__Firmicutes; c__Clostridia; o__Clostridiales; f__Lachnospiraceae	0.9451073146192577
e6b8156e511f69aead651f9ac7535e7f	k__Bacteria; p__Firmicutes; c__Clostridia; o__Clostridiales; f__Lachnospiraceae; g__Roseburia; s__	0.9840076856527314
dfcdb57b02ebb9d38ac034c094275a35	k__Bacteria; p__Firmicutes; c__Clostridia; o__Clostridiales; f__Dehalobacteriaceae; g__; s__	0.999987176433804
e6c4cbe034ef3ef16cd4d645f2ca8519	k__Bacteria; p__Actinobacteria; c__Coriobacteriia; o__Coriobacteriales; f__Coriobacteriaceae; g__; s__	0.9999514572427317
fdd39a33d2a4e9d72ec2114789d6af78	k__Bacteria; p__Tenericutes; c__RF3; o__ML615J-28; f__; g__; s__	0.9999685287721957
c156c62ce191f8db0b85284d26951558	k__Bacteria; p__Firmicutes; c__Clostridia; o__Clostridiales; f__Ruminococcaceae; g__Faecalibacterium; s__prausnitzii	0.8507980188271194
439c50bb31812de4af01ae921692ae49	k__Bacteria; p__Firmicutes; c__Clostridia; o__Clostridiales; f__; g__; s__	0.9997154582517882
906291129fb74391084e7fedd65c6cef	k__Bacteria; p__Firmicutes; c__Clostridia; o__Clostridiales; f__Clostridiaceae; g__Clostridium; s__	0.8545752859314689
b4de61c7cd54efcad79262b6aa5ff47b	k__Bacteria; p__Firmicutes; c__Clostridia; o__Clostridiales; f__Ruminococcaceae; g__; s__	0.9997681526044813
f4e2642fd279a89a64b8a14a5f9e0949	k__Bacteria; p__Firmicutes; c__Clostridia; o__Clostridiales; f__Lachnospiraceae; g__; s__	0.848460479304028
5d344103bc0e69553934719b352f76d7	k__Bacteria; p__Proteobacteria; c__Gammaproteobacteria; o__Pseudomonadales; f__Pseudomonadaceae	0.9987623527821491
e70dd00545ce0c31c25ae59886f592c1	k__Bacteria; p__Actinobacteria; c__Actinobacteria; o__Actinomycetales; f__Nocardiaceae; g__Rhodococcus; s__globerulus	0.9684367421803426
51a61d27c611a017358dc5f89e9b716c	k__Bacteria; p__Firmicutes; c__Clostridia; o__Clostridiales; f__Ruminococcaceae	0.9992893410363658
40186e0d2e64c3a502deaf2636db9b65	k__Bacteria; p__Firmicutes; c__Clostridia; o__Clostridiales; f__Ruminococcaceae; g__; s__	0.9998942933875261
5b374248f457e85c2b2a08ae4445c61f	k__Bacteria; p__Proteobacteria; c__Alphaproteobacteria; o__Rhodospirillales; f__Acetobacteraceae; g__Acetobacter; s__	0.9971156039506184
356e788d52eec8d3ef67ee60746ed699	k__Bacteria; p__Firmicutes; c__Clostridia; o__Clostridiales; f__Ruminococcaceae; g__; s__	0.8969988614998318
44d76d381962b93469d25700da9f05a8	k__Bacteria; p__Firmicutes; c__Clostridia; o__Clostridiales; f__Ruminococcaceae; g__; s__	0.7425308411484884
c3904738513020719b7977f6c4c46d49	k__Bacteria; p__Proteobacteria; c__Alphaproteobacteria; o__Rhodospirillales; f__Acetobacteraceae; g__Acetobacter; s__	0.9970055407419917
b966a7f68f0ced6e8ed2232d57492639	k__Bacteria; p__Actinobacteria; c__Coriobacteriia; o__Coriobacteriales; f__Coriobacteriaceae; g__; s__	0.9982421746532814
ec92ce8c965c1b6806146c78187e1e26	k__Bacteria; p__Firmicutes; c__Clostridia; o__Clostridiales; f__Ruminococcaceae; g__Oscillospira; s__	0.9995089177370328
a732d44792b6f0a73e053b8508236acd	k__Bacteria; p__Bacteroidetes; c__Bacteroidia; o__Bacteroidales; f__[Odoribacteraceae]; g__Butyricimonas; s__	0.9620946942424591
a6cdb3e50dd1e911812d1bf33424e874	k__Bacteria; p__Firmicutes; c__Clostridia; o__Clostridiales; f__Ruminococcaceae	0.8236343745980054
8028baa1f598f7d6fc0b9e0152467c03	k__Bacteria; p__Proteobacteria; c__Gammaproteobacteria; o__Xanthomonadales; f__Xanthomonadaceae; g__Stenotrophomonas; s__acidaminiphila	0.9999908514834429
ee1e923ca8066fdfbd88a03cf2baec4f	k__Bacteria; p__Proteobacteria; c__Alphaproteobacteria; o__Rhodospirillales; f__Acetobacteraceae; g__Acetobacter; s__	0.996835792612032
65764dd4c900ea28dd98de1a1b371e9b	k__Bacteria; p__Bacteroidetes; c__Bacteroidia; o__Bacteroidales; f__Porphyromonadaceae; g__Dysgonomonas; s__	0.9113853876891786
19db252d710d09a8adb36c75b7b17ee5	k__Bacteria; p__Firmicutes; c__Clostridia; o__Clostridiales; f__Ruminococcaceae; g__; s__	0.9386966745106475
4aa22952a554fff4a6d7a30978cb1341	k__Bacteria; p__Firmicutes; c__Clostridia; o__Clostridiales; f__Ruminococcaceae; g__; s__	0.916043648920389
300e899034b2e9df9b26047c264a2f66	k__Bacteria; p__Tenericutes; c__Mollicutes; o__Anaeroplasmatales; f__Anaeroplasmataceae; g__Anaeroplasma; s__	0.9999523910468876
58dfb1ee09ccbb365845fb689c8b7e98	k__Bacteria; p__Bacteroidetes; c__Bacteroidia; o__Bacteroidales; f__; g__; s__	0.9998138761606188
c84720cdfda5e1b8479cba6c8cae9559	k__Bacteria; p__Firmicutes; c__Clostridia; o__Clostridiales; f__Ruminococcaceae; g__Ruminococcus; s__	0.9177947444871983
f7e98312cfa754cb0f3c6aeca5d4bf69	k__Bacteria; p__Firmicutes; c__Clostridia; o__Clostridiales; f__Ruminococcaceae; g__; s__	0.9991685307069567
8f337172a3c139cce4321c538d839ec5	k__Bacteria; p__Firmicutes; c__Clostridia; o__Clostridiales; f__Ruminococcaceae; g__; s__	0.9980793082999112
210be25b52fb4daca3ad7d0f9c8819d7	k__Bacteria; p__Firmicutes; c__Clostridia; o__Clostridiales; f__Clostridiaceae; g__Clostridium; s__intestinale	0.9999941487839067
a795fc7b16efd98f988191b82ba23adb	k__Bacteria; p__Actinobacteria; c__Actinobacteria; o__Actinomycetales; f__Microbacteriaceae	0.9999922793353748
65dfd86bf0e5e1163b770f0bda33ecbf	k__Bacteria; p__Proteobacteria; c__Alphaproteobacteria; o__Rhodospirillales; f__Acetobacteraceae; g__Commensalibacter; s__intestini	0.999998723324429
eb88f39971ecb8e77d9747c3f573833e	k__Bacteria; p__Firmicutes; c__Clostridia; o__Clostridiales; f__; g__; s__	0.9842507514294471
57db04cfde1fc350806e5241afeccb16	k__Bacteria; p__Firmicutes; c__Clostridia; o__Clostridiales; f__Christensenellaceae; g__; s__	0.9534354247947867
4826de24bda79ea78f18c872d2689e4c	k__Bacteria; p__Firmicutes; c__Clostridia; o__Clostridiales; f__Lachnospiraceae	0.7514533547100548
dd4bb56f234c78a355b81454e35d80c8	k__Bacteria; p__Proteobacteria; c__Alphaproteobacteria; o__Rhodospirillales; f__Acetobacteraceae; g__Gluconacetobacter; s__intermedius	0.8385083255444461
73e3720a747d5f397bf7493f6255f0a6	k__Bacteria; p__Firmicutes; c__Clostridia; o__Clostridiales; f__; g__; s__	0.9964262100207787
33f60c5df87969063f05dff19eff6a54	k__Bacteria; p__Firmicutes; c__Clostridia; o__Clostridiales; f__; g__; s__	0.9575620098998965
14279099ae4c10cf4f2e8cad91c99cff	k__Bacteria; p__Firmicutes; c__Clostridia; o__Clostridiales	0.9997546680703386
08a3ebe661c3b2d9dc8f39551742257d	k__Bacteria; p__Firmicutes; c__Clostridia; o__Clostridiales; f__Christensenellaceae; g__; s__	0.9745002688443732
26fc4e5f82712ce3eeb015d772297388	k__Bacteria; p__Firmicutes; c__Bacilli; o__Lactobacillales; f__Lactobacillaceae; g__Lactobacillus; s__	0.9964476432888234
7e5e2897270e1e9c359e1511bd725c68	k__Bacteria; p__Firmicutes; c__Clostridia; o__Clostridiales; f__; g__; s__	0.7079774331057391
f4afb9d8fb38fa3c221a59fba004ebd4	k__Bacteria; p__Firmicutes; c__Clostridia; o__Clostridiales; f__; g__; s__	0.7512238488520722
10663046672b48dbd23bc68b9df767bd	k__Bacteria; p__Tenericutes; c__Mollicutes; o__RF39; f__; g__; s__	0.9999999999925393
4028851ebc85af0082dd632b702e9c47	k__Bacteria; p__Firmicutes; c__Clostridia; o__Clostridiales; f__Ruminococcaceae; g__Oscillospira; s__	0.995076755773249
9608eb9b1890a4856e0821ed05761ef0	k__Bacteria; p__Firmicutes; c__Clostridia; o__Clostridiales; f__Ruminococcaceae; g__; s__	0.9521480535754531
b64826495fc83c6140b1c86abd222201	k__Bacteria; p__Firmicutes; c__Clostridia; o__Clostridiales; f__Lachnospiraceae; g__; s__	0.7002254554024087
673490fdac2475341d266777ed5c43d7	k__Bacteria; p__Firmicutes; c__Bacilli; o__Bacillales; f__Paenibacillaceae; g__Ammoniphilus	0.9999971606056153
470800da1916314ba410a08f59ac8241	k__Bacteria; p__Bacteroidetes; c__Bacteroidia; o__Bacteroidales; f__Rikenellaceae; g__; s__	0.9999434147419747
874a21c51143cd33055d8fb824f8653a	k__Bacteria; p__Firmicutes; c__Clostridia; o__Clostridiales; f__Ruminococcaceae; g__; s__	0.996096338647382
2937b97c81d9b0bbf872e2e9ccad7c12	k__Bacteria; p__Firmicutes; c__Clostridia; o__Clostridiales; f__Lachnospiraceae; g__Dorea; s__	0.9778316546915392
54b8eb69b1f3c324d443feb4b78a5637	k__Bacteria; p__Proteobacteria; c__Betaproteobacteria; o__Burkholderiales; f__Comamonadaceae	0.9999959524632169
d2c6f923beaca7d179f9ff79dd3e0b94	k__Bacteria; p__Cyanobacteria; c__4C0d-2; o__YS2; f__; g__; s__	0.9999999997983053
f82e804203faa8c65de3f334c10af5fb	k__Bacteria; p__Firmicutes; c__Clostridia; o__Clostridiales; f__; g__; s__	0.9416396650695568
c146f1dbffe752036635071faa657489	k__Bacteria; p__Firmicutes; c__Clostridia; o__Clostridiales; f__Lachnospiraceae; g__; s__	0.8923237248788062
2c528cb68d5944c231ee6cf22e3a4268	k__Bacteria; p__Firmicutes; c__Bacilli; o__Lactobacillales; f__Streptococcaceae; g__Streptococcus; s__	0.9944854893197951
cbc5adbb3b12ea2d4de132692b6ab201	k__Bacteria; p__Firmicutes; c__Clostridia; o__Clostridiales; f__Ruminococcaceae	0.9994428117254865
54e568fef70c285f59fe2562101c791a	k__Bacteria; p__Firmicutes; c__Erysipelotrichi; o__Erysipelotrichales; f__Erysipelotrichaceae; g__RFN20; s__	0.9992748935724634
20176c6bdef949585dbd4aa3b301469d	k__Bacteria; p__Firmicutes; c__Clostridia; o__Clostridiales; f__Ruminococcaceae	0.9989231759055617
c1c19bfe107f5330c920f3da9151ab1f	k__Bacteria; p__Firmicutes; c__Clostridia; o__Clostridiales; f__; g__; s__	0.980382830707286
5adbc1eb926fe0c31cca241201a56eca	k__Bacteria; p__Firmicutes; c__Clostridia; o__Clostridiales; f__Clostridiaceae; g__Clostridium; s__intestinale	0.9999992335772655
fd5977b538cbd7bc181187ec71279b4f	k__Bacteria; p__Firmicutes; c__Clostridia; o__Clostridiales; f__Ruminococcaceae; g__; s__	0.9996385515418041
21d3d7120b60a30ca38f40e8611dc2d2	k__Bacteria; p__Firmicutes; c__Clostridia; o__Clostridiales; f__Ruminococcaceae; g__; s__	0.9966561398651119
89db7d35f6bf0c25728088aaa12f2596	k__Bacteria; p__Firmicutes; c__Clostridia; o__Clostridiales; f__Ruminococcaceae; g__; s__	0.9842295987297662
e054a6056fa8c436a5a5bc0d73855924	k__Bacteria; p__Firmicutes; c__Clostridia; o__Clostridiales; f__Ruminococcaceae; g__; s__	0.8844763433248837
b98b71415cac6c7d61cc7664672073b1	k__Bacteria; p__Firmicutes; c__Clostridia; o__Clostridiales; f__Lachnospiraceae; g__; s__	0.7033907834104811
2c89fc67fd659e12a5dba24fa5d5d9bd	k__Bacteria; p__Proteobacteria; c__Alphaproteobacteria; o__Rhodospirillales; f__Acetobacteraceae	0.9999999996899372
c00e1ea0aeb760b91d068121a00e541f	k__Bacteria; p__Firmicutes; c__Clostridia; o__Clostridiales; f__Ruminococcaceae; g__; s__	0.9993517889771412
1779581979c7cf55d32cf98ce268150d	k__Bacteria; p__Firmicutes; c__Clostridia; o__Clostridiales	0.9999826364019432
9c42b4cfc11ad692fdb2eb6e1f10c6a3	k__Bacteria; p__Bacteroidetes; c__Bacteroidia; o__Bacteroidales; f__S24-7; g__; s__	0.999995678879571
b0112ca7dd6152bd4943b69af95d5548	k__Bacteria; p__Firmicutes; c__Clostridia; o__Clostridiales; f__Ruminococcaceae; g__Oscillospira; s__	0.9868070081102592
de78c8f51c9eb7169d064556924da9f0	k__Bacteria; p__Actinobacteria; c__Coriobacteriia; o__Coriobacteriales; f__Coriobacteriaceae; g__; s__	0.9571563035602807
6b45bb8d2494bb771a7e2fd952e58084	k__Bacteria; p__Actinobacteria; c__Coriobacteriia; o__Coriobacteriales; f__Coriobacteriaceae; g__; s__	0.9999657190687542
1fc8d9a30bc96dbdb7829a2ff528b7ed	k__Bacteria; p__Firmicutes; c__Clostridia; o__Clostridiales; f__Christensenellaceae; g__; s__	0.9434988445425014
1fbe4115175a8e6d10f92a5a36b644c5	k__Bacteria; p__Firmicutes; c__Clostridia; o__Clostridiales; f__Ruminococcaceae; g__; s__	0.8524796073795149
4d6e714728c3cc7282f4fb15edf25fd8	k__Bacteria; p__Firmicutes; c__Clostridia; o__Clostridiales; f__Lachnospiraceae; g__Dorea; s__	0.9931086713277598
5ee741855e351b76446fddbddd844a56	k__Bacteria; p__Firmicutes; c__Clostridia; o__Clostridiales; f__Ruminococcaceae; g__; s__	0.9957447188791543
b21b19f48f195ed70db6f3c46780cf95	k__Bacteria; p__Firmicutes; c__Clostridia; o__Clostridiales; f__; g__; s__	0.9711149327704817
b78ac712c336c60475d6ecf183bd1bd8	k__Bacteria; p__Actinobacteria; c__Coriobacteriia; o__Coriobacteriales; f__Coriobacteriaceae; g__; s__	0.968506919245127
86268f1205259a18098e676b349c877d	k__Bacteria; p__Firmicutes; c__Clostridia; o__Clostridiales; f__Ruminococcaceae; g__; s__	0.9995451932050711
bc3ee24326a8f33d403cb7cb3d96bb13	k__Bacteria; p__Tenericutes; c__Mollicutes; o__RF39; f__; g__; s__	0.9999999999124896
ffa51eada4e395059ffd2fa9d4a338fe	k__Bacteria; p__Bacteroidetes; c__Bacteroidia; o__Bacteroidales; f__Porphyromonadaceae; g__Dysgonomonas; s__	0.999912659546446
0c97dfb837db3acd98c4c8c51d0ddfab	k__Bacteria; p__Proteobacteria; c__Alphaproteobacteria; o__Rhodobacterales; f__Rhodobacteraceae	0.9900657591234538
4630657625de6ee68bcbc9721b396dc5	k__Bacteria; p__Firmicutes; c__Bacilli; o__Lactobacillales; f__Lactobacillaceae; g__Lactobacillus; s__	0.9960999963813212
8f72e12f94bc5b6341290579fb913ace	k__Bacteria; p__Firmicutes; c__Clostridia; o__Clostridiales; f__Christensenellaceae; g__; s__	0.8624591894632603
81379b25e433835da0e72fbc4acaaf1a	k__Bacteria; p__Firmicutes; c__Clostridia; o__Clostridiales	0.9999901987680949
f26bad656da69c9b65b31eae0b97fb78	k__Bacteria; p__Firmicutes; c__Clostridia; o__Clostridiales; f__; g__; s__	0.9865032006472669
f67d30b70a118f9d8b9a042ae57fb8ab	k__Bacteria; p__Firmicutes; c__Clostridia; o__Clostridiales; f__Ruminococcaceae; g__; s__	0.9994381545209832
f7e3e1beacd04075843ace8ad82adb73	k__Bacteria; p__Firmicutes; c__Clostridia; o__Clostridiales; f__; g__; s__	0.994484861142921
49ee58b13c10af6b5c97d9da479e4abb	k__Bacteria; p__Bacteroidetes; c__Bacteroidia; o__Bacteroidales; f__Rikenellaceae; g__; s__	0.9990093621882201
840c8265fa1668fc914a1eef5481bc0b	k__Bacteria; p__Firmicutes; c__Clostridia; o__Clostridiales; f__Lachnospiraceae; g__; s__	0.9653715946514644
798cd18c50fa4b6968ffae68cbf07d45	k__Bacteria; p__Firmicutes; c__Clostridia; o__Clostridiales; f__Lachnospiraceae; g__Coprococcus; s__	0.9997031087575392
92fca134a28a5909d75d437863eb6cd7	k__Bacteria; p__Firmicutes; c__Clostridia; o__Clostridiales; f__Ruminococcaceae; g__; s__	0.8977914982935429
6b3b389f19a8a7d2f7a9cab742c68abd	k__Bacteria; p__Firmicutes; c__Clostridia; o__Clostridiales; f__Ruminococcaceae; g__Ruminococcus; s__	0.8826005048249358
b073feaa4fb93d745593ae788754d8c0	k__Bacteria; p__Proteobacteria; c__Alphaproteobacteria; o__Rhizobiales; f__Rhizobiaceae; g__Agrobacterium; s__	0.9595363394669302
259ecd8ca468a79561e6d9a9da3ee555	k__Bacteria; p__Proteobacteria; c__Alphaproteobacteria; o__Rhodospirillales; f__Acetobacteraceae; g__Commensalibacter; s__intestini	0.9999999931275028
4a03bfc562e04382e80287f4fe1208d4	k__Bacteria; p__Firmicutes; c__Clostridia; o__Clostridiales; f__Ruminococcaceae; g__; s__	0.7479812897731705
fdf76333ba8ac0623b81e3958f29cd60	k__Bacteria; p__Firmicutes; c__Clostridia; o__Clostridiales; f__Ruminococcaceae; g__Faecalibacterium; s__	0.8694783581313263
fb07e4ccaf60ffaa2f160b1817cbb417	k__Bacteria; p__Firmicutes; c__Clostridia; o__Clostridiales; f__Lachnospiraceae; g__; s__	0.9790127845176302
20a2df7ce03fd9bf89385dbdc706f1f1	k__Bacteria; p__Firmicutes; c__Clostridia; o__Clostridiales; f__; g__; s__	0.8922078975740949
467b4334451ebbd88fec172eac048e0e	k__Bacteria; p__Firmicutes; c__Clostridia; o__Clostridiales; f__Lachnospiraceae; g__Clostridium	0.7481527075713721
19b2ae6b50ee6ffd0e3d182be581eb3b	k__Bacteria; p__Firmicutes; c__Bacilli; o__Lactobacillales; f__Leuconostocaceae; g__Leuconostoc; s__	0.8756780467792329
8f21db493e23f4b6bcad5fd904b2859f	k__Bacteria; p__Firmicutes; c__Clostridia; o__Clostridiales; f__; g__; s__	0.9993529728889704
771cfecf5b7d352227b38c3aff188c5a	k__Bacteria; p__Firmicutes; c__Clostridia; o__Clostridiales; f__Lachnospiraceae	0.9609930822273132
4219b4e812521022b20f96bfb3d4a5df	k__Bacteria; p__Proteobacteria; c__Alphaproteobacteria; o__Rhodospirillales; f__Acetobacteraceae; g__Gluconacetobacter	0.9717887633163809
4f9d66c2156036c80c8a5482cca688e7	k__Bacteria; p__Firmicutes; c__Clostridia; o__Clostridiales; f__Clostridiaceae; g__Clostridium; s__	0.9681646869994979
bfd5f4b89eb0f569d338208cb914f614	k__Bacteria; p__Firmicutes; c__Clostridia; o__Clostridiales	0.9983671446381923
e74fa5b5d8e255f53c06601b885c9935	k__Bacteria; p__Proteobacteria; c__Betaproteobacteria; o__Burkholderiales; f__Comamonadaceae	0.999620853155146
0d536a66679bd7265f95bcc2b8abb312	k__Bacteria; p__Firmicutes; c__Clostridia; o__Clostridiales; f__Lachnospiraceae; g__Butyrivibrio; s__	0.9037603338711933
b5598eaa29ad1119678d55bad6f321d4	k__Bacteria; p__Bacteroidetes; c__Bacteroidia; o__Bacteroidales; f__; g__; s__	0.997887947502104
04abdd5f47cd76bea3d83d22a1c98464	k__Bacteria; p__Proteobacteria; c__Alphaproteobacteria; o__Rhodospirillales; f__Acetobacteraceae; g__Acetobacter; s__	0.9982348211549634
0a06e15d04d88725e502f6e12ccde40a	k__Bacteria; p__Proteobacteria; c__Alphaproteobacteria; o__Rhodospirillales; f__Acetobacteraceae; g__Acetobacter; s__	0.991685460527172
d6600e465316a835ee36c556ef3b68a4	k__Bacteria; p__Firmicutes; c__Clostridia; o__Clostridiales; f__Ruminococcaceae; g__; s__	0.7769466346509288
43eb3bc72075076b91fd11afcde35a6e	k__Bacteria; p__Proteobacteria; c__Alphaproteobacteria; o__Rhodospirillales; f__Acetobacteraceae; g__Acetobacter; s__	0.9642182726242132
da32c795c7dd4f851869a7600b848af4	k__Bacteria; p__Proteobacteria; c__Alphaproteobacteria; o__Rickettsiales; f__mitochondria; g__Vermamoeba; s__vermiformis	0.9999999999994884
123eb13452fafbeaa449a7ed0d872653	k__Bacteria; p__Lentisphaerae; c__[Lentisphaeria]; o__Victivallales; f__Victivallaceae; g__; s__	0.9992655600230193
af68a3d91ca09b8b83c6fafa83c6c80d	k__Bacteria; p__Proteobacteria; c__Alphaproteobacteria; o__Rickettsiales; f__Holosporaceae; g__; s__	0.9999999999501341
c990c1e275cc700dc49089f4c0849cf4	k__Bacteria; p__Firmicutes; c__Clostridia; o__Clostridiales; f__; g__; s__	0.9999770549034261
4864db6bc59687f32e520997b1f0a850	k__Bacteria; p__Proteobacteria; c__Alphaproteobacteria; o__Rhodospirillales; f__Acetobacteraceae; g__Gluconobacter; s__	0.9994733129896117
ec43bdce47a6fdce98a852bb72f42990	k__Bacteria; p__Firmicutes; c__Clostridia; o__Clostridiales; f__Ruminococcaceae; g__Oscillospira; s__	0.909596034132705
8dafe8cda40ec071363f64390fa90fa9	k__Bacteria; p__Firmicutes; c__Clostridia; o__Clostridiales; f__; g__; s__	0.9993914838216703
b486aad9db736e2a09b2803046310a24	k__Bacteria; p__Firmicutes; c__Clostridia; o__Clostridiales	0.999876357348349
583f8f60d8c9ab99e6d8f916da8a4394	k__Bacteria; p__Firmicutes; c__Clostridia; o__Clostridiales; f__Ruminococcaceae; g__; s__	0.997778483258729
e5334cf9289df382128d35205475013b	k__Bacteria; p__Bacteroidetes; c__Bacteroidia; o__Bacteroidales; f__Prevotellaceae; g__Prevotella; s__	0.999999987671572
622c9dd4160cc03ca78fb9f937d923ce	k__Bacteria; p__Firmicutes; c__Clostridia; o__Clostridiales; f__; g__; s__	0.9868927230282963
ee88ff8c6f954d4ed257ba68916639c6	k__Bacteria; p__Actinobacteria; c__Actinobacteria; o__Actinomycetales; f__Williamsiaceae; g__Williamsia; s__	0.8615727784221092
2d03f85618e7d55d64a78c1ab9ef9baf	k__Bacteria; p__Proteobacteria; c__Alphaproteobacteria; o__Rhodospirillales; f__Acetobacteraceae; g__Tanticharoenia; s__sakaeratensis	0.790520254298593
2c8c1579593e5ef243f231d3245eec8a	k__Bacteria; p__Firmicutes; c__Clostridia; o__Clostridiales; f__Ruminococcaceae; g__; s__	0.9992361892147044
5a93cb46df25c6a6e053456b94264970	k__Bacteria; p__Firmicutes; c__Clostridia; o__Clostridiales; f__Lachnospiraceae	0.9718397440775083
00bfe58284699c4471674fca227a9087	k__Bacteria; p__Firmicutes; c__Clostridia; o__Clostridiales; f__; g__; s__	0.7373065693725036
27c73c409c4915fa3858fb7e6ecf370b	k__Bacteria; p__Proteobacteria; c__Alphaproteobacteria; o__Rhizobiales; f__Methylocystaceae; g__; s__	0.9999503185113484
0246c2ad8ef8957b0e0031066456ed49	k__Bacteria; p__Proteobacteria; c__Gammaproteobacteria	0.9999872367801735
11f3eef55ba9a60ba48a3e560262e25e	k__Bacteria; p__Firmicutes; c__Clostridia; o__Clostridiales; f__Ruminococcaceae; g__Oscillospira; s__	0.9013339427103875
db2c060244245ae62c51856d99c3013e	k__Bacteria; p__Firmicutes; c__Clostridia; o__Clostridiales; f__Ruminococcaceae; g__; s__	0.9997683256870016
3d40a2897e3fe535bb9a686195ae2684	k__Bacteria; p__Tenericutes; c__Mollicutes; o__RF39; f__; g__; s__	0.999999999974932
7732371b7c84a2f0fa3d0fb3dc4f5037	k__Bacteria; p__Firmicutes; c__Clostridia; o__Clostridiales; f__; g__; s__	0.9892795966234209
7722095207dc88f7b6509a7fd0316c32	k__Bacteria; p__Firmicutes; c__Clostridia; o__Clostridiales; f__Lachnospiraceae; g__Dorea; s__	0.9925310421921102
164d71e0567a683b8e08544d8a822cbc	k__Bacteria; p__Firmicutes; c__Clostridia; o__Clostridiales; f__Ruminococcaceae; g__; s__	0.9976446001686023
55c980ce86a85ad235cddfd8a1dd5b84	k__Bacteria; p__Proteobacteria; c__Alphaproteobacteria; o__Rhodospirillales; f__Acetobacteraceae; g__Roseococcus; s__	0.9998977501506062
32d0d555ee064e706a7f234e5b566c27	k__Bacteria; p__Firmicutes; c__Bacilli; o__Lactobacillales; f__Lactobacillaceae; g__Lactobacillus; s__	0.99615207215295
6a50226769cce23d32b78472241469d9	k__Bacteria; p__Actinobacteria; c__Coriobacteriia; o__Coriobacteriales; f__Coriobacteriaceae; g__; s__	0.7549312873888614
90183765f89c15392b2299d894e1f46f	k__Bacteria; p__Firmicutes; c__Clostridia; o__Clostridiales; f__Ruminococcaceae; g__; s__	0.9991464490473568
a5b0098329f2a33e2d8f3ffa1f5c7e30	k__Bacteria; p__Firmicutes; c__Bacilli; o__Lactobacillales; f__Enterococcaceae; g__Enterococcus; s__	0.7636324742455607
2ec1d355be07fb449a4ffcf38c81a6d7	k__Bacteria; p__Actinobacteria; c__Actinobacteria; o__Actinomycetales; f__Micrococcaceae; g__Micrococcus	0.9989247871119327
9e149543b2d25533b04492fecd63240c	k__Bacteria; p__Proteobacteria; c__Alphaproteobacteria; o__Rhodospirillales; f__Acetobacteraceae; g__Commensalibacter; s__intestini	0.9814788361872356
58c6f610ce030f0209fff772fb5269e8	k__Bacteria; p__Firmicutes; c__Clostridia; o__Clostridiales	0.9994462569479077
597e316c285391d1de8389cb96d498ce	k__Bacteria; p__Firmicutes; c__Clostridia; o__Clostridiales; f__Ruminococcaceae; g__; s__	0.9992770100230365
6c11d7e7a33878ae233b0a0e35516081	k__Bacteria; p__Firmicutes; c__Clostridia; o__Clostridiales; f__Lachnospiraceae; g__; s__	0.8600229725632252
9fed74fe7497991ca6e567dc81ca1165	k__Bacteria; p__Firmicutes; c__Clostridia; o__Clostridiales; f__Lachnospiraceae; g__Coprococcus; s__	0.9715519378269851
b7f04bb7de5a60afb9c98d33d1676058	k__Bacteria; p__Firmicutes; c__Clostridia; o__Clostridiales; f__; g__; s__	0.9989908517402797
e66142bd4aea4b0ce61b295f65b2e86a	k__Bacteria; p__Firmicutes; c__Clostridia; o__Clostridiales; f__Lachnospiraceae; g__Dorea; s__	0.9269500298233916
b1508b71f12b17f02eb861a12cd139f9	k__Bacteria; p__Firmicutes; c__Clostridia; o__Clostridiales; f__Ruminococcaceae; g__Ruminococcus; s__	0.9035077145603032
09a30f5761f9fce657c9d489e224bd04	k__Bacteria; p__Firmicutes; c__Clostridia; o__Clostridiales; f__; g__; s__	0.9310900494120642
12964facdb3c3a32980aa8c7b4315396	k__Bacteria; p__Firmicutes; c__Bacilli; o__Lactobacillales; f__Enterococcaceae; g__Enterococcus; s__	0.7055463889874432
c7a1b89f453e1a4953cee923fe3eb8f3	k__Bacteria; p__Proteobacteria; c__Alphaproteobacteria; o__Sphingomonadales; f__Sphingomonadaceae; g__Sphingomonas	0.997384047731276
c4a8ddb309a1b964667980c24d16b5b0	k__Bacteria; p__Firmicutes; c__Clostridia; o__Clostridiales; f__Ruminococcaceae; g__; s__	0.9998729838550716
0cb13d0807d952b3e6eee12c45177cea	k__Bacteria; p__Tenericutes; c__Mollicutes; o__Anaeroplasmatales; f__Anaeroplasmataceae	0.999876954903949
0ad791d40c0601fdfb6947d17c4c4372	k__Bacteria; p__Firmicutes; c__Clostridia; o__Clostridiales; f__Ruminococcaceae; g__; s__	0.9903982099516726
53d233095dd2a33601b8e1dc4b4e2df3	k__Bacteria; p__Proteobacteria; c__Gammaproteobacteria; o__Pasteurellales; f__; g__; s__	0.9999865484074136
f10762b85f781d88acf63984e35a2e65	k__Bacteria; p__Firmicutes; c__Clostridia; o__Clostridiales; f__; g__; s__	0.9998333305289744
dd2ee0e450d5ad6db1b467696b824ec5	k__Bacteria; p__Firmicutes; c__Clostridia; o__Clostridiales	0.9999732546869575
ea067bf4781c900df56182dc47a6dc3c	k__Bacteria; p__Proteobacteria; c__Alphaproteobacteria; o__Rhodospirillales; f__Acetobacteraceae; g__Gluconobacter; s__	0.999860550666597
58af55a1d571d6c4c126ad46272c7485	k__Bacteria; p__Proteobacteria; c__Alphaproteobacteria; o__Rhodospirillales; f__Acetobacteraceae; g__Gluconobacter; s__	0.99944574739618
19b2c921863cbc870e6d29e8c97149b7	k__Bacteria; p__Actinobacteria; c__Coriobacteriia; o__Coriobacteriales; f__Coriobacteriaceae; g__; s__	0.975397072133065
a5fe25d70c4e841222fc4214ad43f7bd	k__Bacteria; p__Firmicutes; c__Clostridia; o__Clostridiales; f__Ruminococcaceae; g__; s__	0.9932209893034525
53a0fcd9cabf599dc04f4b56006dfafa	k__Bacteria; p__Firmicutes; c__Clostridia; o__Clostridiales	0.999996355542219
cb47bdbb209b3ae339ee9f0ba7d5ddcf	k__Bacteria; p__Firmicutes; c__Clostridia; o__Clostridiales; f__Clostridiaceae; g__Clostridium; s__	0.8281929663155627
34ff4b3ade536446df58d456746bc360	k__Bacteria; p__Firmicutes; c__Clostridia; o__Clostridiales; f__Ruminococcaceae; g__; s__	0.9998825934032456
20851c2800221cf794159b521ec358dd	k__Bacteria; p__Proteobacteria; c__Alphaproteobacteria; o__Rhodospirillales; f__Acetobacteraceae; g__Gluconobacter; s__	0.9999925699409629
528f244ea20af569921dc031bd70fd65	k__Bacteria; p__Firmicutes; c__Clostridia; o__Clostridiales; f__Lachnospiraceae	0.9924119633238131
e948a3699f050013e3d04944a7cbd28e	k__Bacteria; p__Firmicutes; c__Clostridia; o__Clostridiales; f__Clostridiaceae; g__Clostridium; s__	0.7438452425670017
0031e528d7a1618ff773f611290d379b	k__Bacteria; p__Firmicutes; c__Clostridia; o__Clostridiales	0.9997730903293388
94e013bebc4a60786b4c437da1d08fe4	k__Bacteria; p__Firmicutes; c__Clostridia; o__Clostridiales; f__Dehalobacteriaceae; g__; s__	0.9999975134797771
44bf329920b99ebbb77c4df06e25d424	k__Bacteria; p__Planctomycetes; c__Planctomycetia; o__Pirellulales; f__Pirellulaceae; g__; s__	0.999413461358238
d946e94a60476acea083ba8c4283fb12	k__Bacteria; p__Firmicutes; c__Clostridia; o__Clostridiales; f__Ruminococcaceae; g__; s__	0.7009189295757179
c05435fb457883ba7e3e4cd460a20394	k__Bacteria; p__Firmicutes; c__Bacilli; o__Lactobacillales; f__Enterococcaceae; g__Enterococcus; s__	0.8204864922843264
9e6058dae5c3dfd8f9da5a0134d43ba5	k__Bacteria; p__Proteobacteria; c__Gammaproteobacteria; o__Xanthomonadales; f__Xanthomonadaceae; g__Xylella; s__	0.8246669139627049
bdfd51e4ee9933559261ff98abfcb5e1	k__Bacteria; p__Firmicutes; c__Clostridia; o__Clostridiales; f__Lachnospiraceae; g__Coprococcus; s__	0.8295790463654031
df1b4685b8604b53afedb7766fb19565	k__Bacteria; p__Firmicutes; c__Clostridia; o__Clostridiales; f__Ruminococcaceae	0.9990950482420838
baf31b34f3e38a40389fe7480f66cfca	k__Bacteria; p__Actinobacteria; c__Actinobacteria; o__Actinomycetales; f__Nakamurellaceae; g__; s__	0.998679825571977
dc28e1887a95823319db6d66ace3f1d2	k__Bacteria; p__Bacteroidetes; c__Bacteroidia; o__Bacteroidales; f__Porphyromonadaceae; g__Dysgonomonas; s__	0.9771622493223279
bdcf653d9a265dc71266c4c1bf47fa9f	k__Bacteria; p__Firmicutes; c__Clostridia; o__Clostridiales; f__Ruminococcaceae; g__; s__	0.9857478278260203
4d55dae21d0a4ef78c80ba53e4f32fd7	k__Bacteria; p__Firmicutes; c__Clostridia; o__Clostridiales; f__Lachnospiraceae	0.9797173710234425
67c46fdb2e3ec08a9ffb3a207124ff72	k__Bacteria; p__Firmicutes; c__Clostridia; o__Clostridiales; f__Ruminococcaceae; g__; s__	0.9169877875415668
4fb68963f4380eef93652195190c2ec9	k__Bacteria; p__Actinobacteria; c__Coriobacteriia; o__Coriobacteriales; f__Coriobacteriaceae; g__; s__	0.8530932365883708
0e009cb6cfce36d204575aebe8b2e2d5	k__Bacteria; p__Firmicutes; c__Clostridia; o__Clostridiales; f__; g__; s__	0.9939066049002545
a7df430569ce329e469ec64e7e0c6688	k__Bacteria; p__Firmicutes; c__Clostridia; o__Clostridiales; f__Ruminococcaceae; g__; s__	0.9980561117255806
5d5f16dbc10db37b21b3a3e19d150788	k__Bacteria; p__Firmicutes; c__Clostridia; o__Clostridiales; f__Lachnospiraceae	0.9973214289024429
346456ee55976a8186e8f1be3584d030	k__Bacteria; p__Actinobacteria; c__Coriobacteriia; o__Coriobacteriales; f__Coriobacteriaceae; g__; s__	0.7134569313832165
3bef3fb34cfb38ee4d6d626409b74eeb	k__Bacteria; p__Proteobacteria; c__Alphaproteobacteria; o__Rhodospirillales; f__Acetobacteraceae; g__Acetobacter; s__	0.996817275002196
e01f36ed7f28dfe44651d4e4992a261d	k__Bacteria; p__Actinobacteria; c__Coriobacteriia; o__Coriobacteriales; f__Coriobacteriaceae; g__Adlercreutzia; s__	0.9605584840613927
37e6e48f3cc6ededf8cd83608f0d7ff2	k__Bacteria; p__Firmicutes; c__Clostridia; o__Clostridiales; f__Ruminococcaceae; g__; s__	0.8607449373390853
d1bbc795bafabfc56fd0f13cd2d8f4a1	k__Bacteria	0.9999999998090955
6e7562e81ace5c9d31540cc539d5524b	k__Bacteria; p__Firmicutes; c__Clostridia; o__Clostridiales; f__; g__; s__	0.9999633848978197
e91b05e1a6c67b4f2be0abddcbe4ef3e	k__Bacteria; p__Firmicutes; c__Bacilli; o__Lactobacillales; f__Enterococcaceae; g__Vagococcus; s__	0.713527506255518
0162da0466dda922fcb21b562d151f22	k__Bacteria; p__Firmicutes; c__Clostridia; o__Clostridiales; f__Ruminococcaceae; g__Oscillospira; s__	0.8052319952793429
821529304aee0feeb16b2f7144d8f687	k__Bacteria; p__Actinobacteria; c__Actinobacteria; o__Actinomycetales; f__Microbacteriaceae; g__Cryocola; s__	0.989628110100152
199d91acb1941d1c46a59ea89cf0ea01	k__Bacteria; p__Proteobacteria; c__Alphaproteobacteria; o__Rickettsiales; f__Rickettsiaceae; g__Wolbachia; s__	0.9981160283624946
552414029dbc016003bdcdddd351bfaf	k__Bacteria; p__Actinobacteria; c__Actinobacteria; o__Actinomycetales; f__Corynebacteriaceae; g__Corynebacterium; s__	0.8946162687958106
d9b471ea344273fe3c19c48dc89b5e73	k__Bacteria; p__Proteobacteria; c__Gammaproteobacteria; o__Enterobacteriales; f__Enterobacteriaceae; g__Erwinia; s__chrysanthemi	0.9742966447958028
708066fd244aa0b7e7870a2ade341251	k__Bacteria; p__Firmicutes; c__Bacilli; o__Bacillales; f__Bacillaceae; g__Bacillus; s__horikoshii	0.756864653882958
a0b0bbc9821580e52c0133ba4732bb42	k__Bacteria; p__Firmicutes; c__Clostridia; o__Clostridiales	0.9999997766333467
6d247b46290fdbc28bb8f1b2df7df7ee	k__Bacteria; p__Actinobacteria; c__Coriobacteriia; o__Coriobacteriales; f__Coriobacteriaceae; g__; s__	0.9996598463593438
ed582bfcf6f1a75801f3d773de21e2be	k__Bacteria; p__Firmicutes; c__Clostridia; o__Clostridiales; f__Lachnospiraceae; g__Dorea; s__	0.9557963506391389
e329819900f52112972d0f8be7a8c711	k__Bacteria; p__Firmicutes; c__Clostridia; o__Clostridiales; f__Ruminococcaceae; g__; s__	0.9940472040443505
aca26ddb711d26ec81f95c8f692b8dcb	k__Bacteria; p__Firmicutes; c__Clostridia; o__Clostridiales; f__Christensenellaceae; g__; s__	0.9998753437073323
dfcd021c48aa868ae5fc7ff4c69793e8	k__Bacteria; p__Firmicutes; c__Clostridia; o__Clostridiales; f__Ruminococcaceae; g__; s__	0.9444344706577218
0d707c9d7579462487b35012ce0d98fc	k__Bacteria; p__Proteobacteria; c__Alphaproteobacteria; o__Rhodospirillales; f__Acetobacteraceae; g__Gluconacetobacter; s__liquefaciens	0.9899207886079544
0b7468fe339d7a62e0a4d3f55d8780b0	k__Bacteria; p__Proteobacteria; c__Gammaproteobacteria; o__Enterobacteriales; f__Enterobacteriaceae	0.9999608175304568
9407547a5cfbad0870c2a1f60593ee31	k__Bacteria; p__Firmicutes; c__Clostridia; o__Clostridiales; f__; g__; s__	0.9878692542471814
78aceb787c9e349a4a7de46902c3a865	k__Bacteria; p__Proteobacteria; c__Alphaproteobacteria; o__Rhodospirillales; f__Acetobacteraceae; g__Acetobacter; s__	0.9944470995908916
d52348065beed727a0b7e41ddf302cfb	k__Bacteria; p__Firmicutes; c__Clostridia; o__Clostridiales	0.9993177799298733
9f2a7977e7891d137a22d8e7ecfb65a4	k__Bacteria; p__Tenericutes; c__Mollicutes; o__RF39; f__; g__; s__	0.9999999985242454
c205d17cbdd4e11a2efe034d967ced8a	k__Bacteria; p__Cyanobacteria; c__4C0d-2; o__YS2; f__; g__; s__	0.9999999991620143
882762dc3c5a1c9b6d7b21c5846f7e94	k__Bacteria; p__Firmicutes; c__Bacilli; o__Lactobacillales; f__Leuconostocaceae; g__Leuconostoc; s__	0.9146712536357104
08a12b7c60bc85bc94fa1a617f2e28d8	k__Bacteria; p__Firmicutes; c__Bacilli; o__Lactobacillales; f__Leuconostocaceae; g__Leuconostoc; s__	0.9535107933421857
f118727e732581226a929bdcb543be85	k__Bacteria; p__Firmicutes; c__Clostridia; o__Clostridiales; f__Lachnospiraceae	0.9559420502017522
73ea0c47190d132db494c494287c2aa1	k__Bacteria; p__Firmicutes; c__Clostridia; o__Clostridiales; f__Ruminococcaceae; g__; s__	0.9656802836643933
5df41e63e4b916c6a58088baed4305e6	k__Bacteria; p__Firmicutes; c__Clostridia; o__Clostridiales; f__Ruminococcaceae; g__; s__	0.9996648931364209
ba67e26e9d5009be2c686736b45b58dd	k__Bacteria; p__Proteobacteria; c__Alphaproteobacteria; o__Rickettsiales; f__Rickettsiaceae; g__Rickettsia; s__Rickettsia endosymbiont of Deronectes platynotus	0.9804251409730025
c386d2ec4e7ca214038e2d4015da385f	k__Bacteria; p__Bacteroidetes; c__Bacteroidia; o__Bacteroidales; f__Prevotellaceae; g__Prevotella; s__	0.9999693520114381
c409ef525a3fdbcf7db1633749de76d3	k__Bacteria; p__Firmicutes; c__Bacilli; o__Lactobacillales; f__Lactobacillaceae; g__Lactobacillus; s__zeae	0.9930299861596116
48b03bbc527f628def1f28775d1c3bfd	k__Bacteria; p__Proteobacteria; c__Gammaproteobacteria; o__Enterobacteriales; f__Enterobacteriaceae	0.9999998298768289
6257576a1a4121e2b36dc18a87b745bf	k__Bacteria; p__Actinobacteria; c__Actinobacteria; o__Actinomycetales; f__Microbacteriaceae	0.9999925542509593
8a8f93877a126e5c1bdefd894cee5187	k__Bacteria; p__Proteobacteria; c__Gammaproteobacteria; o__Enterobacteriales; f__Enterobacteriaceae	0.9992664939000422
a5e8368c8673ab6c6621f0cce84b2b7a	k__Bacteria; p__Proteobacteria; c__Betaproteobacteria; o__Burkholderiales; f__Comamonadaceae	0.997098686930033
5bc879a1dcfe0e96f3ce6a51a3f6a09f	k__Bacteria; p__Firmicutes; c__Clostridia; o__Clostridiales; f__Lachnospiraceae; g__; s__	0.9545045975597437
fe23ed870b85fcaacf1d0930fd13cc1e	k__Bacteria; p__Proteobacteria; c__Gammaproteobacteria; o__Pseudomonadales; f__Moraxellaceae; g__Acinetobacter	0.9999999283461404
b9963084832eb9261143076f98751fa7	k__Bacteria; p__Proteobacteria; c__Alphaproteobacteria; o__Rhodobacterales; f__Rhodobacteraceae; g__Rhodobacter; s__	0.9796846057924172
2f21deec3faee5b86dbfffd0cc23f41e	k__Bacteria; p__Firmicutes; c__Clostridia; o__Clostridiales; f__Ruminococcaceae; g__; s__	0.9996160102127085
caca8d3f8217572e0f344473c9c4400a	k__Bacteria; p__Firmicutes; c__Clostridia; o__Clostridiales; f__Ruminococcaceae; g__; s__	0.9851782330210581
07f69f7c6e79af9c27bec665c0c0951d	k__Bacteria; p__Proteobacteria; c__Alphaproteobacteria; o__Rhodospirillales; f__Acetobacteraceae; g__Acetobacter; s__	0.9977983387409639
382c64391b52dbc3d0a93266f3ca4a35	k__Bacteria; p__Proteobacteria; c__Alphaproteobacteria; o__Rhodospirillales; f__Acetobacteraceae; g__Commensalibacter; s__intestini	0.9999999176396875
3139b10436da0a7b2326103a2233667f	k__Bacteria; p__Actinobacteria; c__Actinobacteria; o__Actinomycetales; f__Mycobacteriaceae; g__Mycobacterium	0.9999999651904062
55c62cc66997ad287129ce2219026d9c	k__Bacteria; p__Firmicutes; c__Clostridia; o__Clostridiales; f__Lachnospiraceae; g__; s__	0.764510239257815
96bd61a96a351411e77a2d3886c0a115	k__Bacteria; p__Bacteroidetes; c__Bacteroidia; o__Bacteroidales; f__RF16; g__; s__	0.9999999993406306
62675a63ea1c1d6c800d67f19f27b213	k__Bacteria; p__Firmicutes; c__Clostridia; o__Clostridiales; f__Ruminococcaceae; g__; s__	0.9938060434289506
0ad5ead0e966033bca701448b63b1148	k__Bacteria; p__Actinobacteria; c__Actinobacteria; o__Actinomycetales; f__Microbacteriaceae; g__Rathayibacter; s__caricis	0.9583855544413163
363253d70d8ec3329086bac0234ec1f4	k__Bacteria; p__Proteobacteria; c__Gammaproteobacteria; o__Pseudomonadales; f__Pseudomonadaceae	0.9978255942748298
3bccd4a919b597fb61c6aeec8136ed4d	k__Bacteria; p__Actinobacteria; c__Coriobacteriia; o__Coriobacteriales; f__Coriobacteriaceae; g__Atopobium	0.7599744928891798
ef7b0c6484cb2659d4d58e923680cc8c	k__Bacteria; p__Firmicutes; c__Clostridia; o__Clostridiales; f__Veillonellaceae; g__Veillonella; s__dispar	0.9936079975097374
328db875a58aea360e8b60175c43b990	k__Bacteria; p__Actinobacteria; c__Actinobacteria; o__Actinomycetales; f__Microbacteriaceae	0.9998924936634169
423bdf02e5a1adf94c13a35ace3672d6	k__Bacteria; p__Proteobacteria; c__Alphaproteobacteria; o__Rhizobiales; f__Hyphomicrobiaceae; g__Hyphomicrobium; s__zavarzinii	0.9977519271965672
e6cf54c803dd034ee8699117e6d3334d	k__Bacteria; p__Proteobacteria; c__Gammaproteobacteria; o__Pasteurellales; f__; g__; s__	0.9999626945800075
bf49a90284d596106b657efe32d36dd9	k__Bacteria; p__Firmicutes; c__Clostridia; o__Clostridiales; f__Lachnospiraceae	0.9343728848660982
6900039a80e2c78878d7e9cfde9ef79e	k__Bacteria; p__Firmicutes; c__Clostridia; o__Clostridiales; f__; g__; s__	0.9373573980474657
2f89b6ccd398992a34370cc8e7a9319a	k__Bacteria; p__Firmicutes; c__Clostridia; o__Clostridiales; f__Ruminococcaceae; g__; s__	0.8530677417349981
1ca962b797db026335e4e51158dbb3be	k__Bacteria; p__Firmicutes; c__Bacilli; o__Lactobacillales; f__Lactobacillaceae; g__Lactobacillus; s__zeae	0.9961439775001103
f8290b82a788280a65a60852d978ab6f	k__Bacteria; p__Firmicutes; c__Clostridia; o__Clostridiales; f__Ruminococcaceae; g__; s__	0.9994770019671015
552d1be9d94b6279885a9852c850b023	k__Bacteria; p__Firmicutes; c__Clostridia; o__Clostridiales	0.9967406880195082
8f29f4bfd9f12c99f9f55f42fb85a24b	k__Bacteria; p__Firmicutes; c__Clostridia; o__Clostridiales; f__Clostridiaceae; g__02d06; s__	0.7535682717249674
638461cd4c7d6b8aa300bc19ebcaabf6	k__Bacteria; p__Firmicutes; c__Clostridia; o__Clostridiales; f__[Mogibacteriaceae]; g__; s__	0.9992449688220401
60f47caeaccbb3f3fac1cda2cdb2e06d	k__Bacteria; p__Proteobacteria; c__Alphaproteobacteria; o__Rhodospirillales; f__Acetobacteraceae; g__Acetobacter; s__	0.9834439752197741
dce2b7b3a0cd9eddd908eac52d399065	k__Bacteria; p__Tenericutes; c__Mollicutes; o__RF39; f__; g__; s__	0.9999999997809965
3a22296adc9621145bbea6b9a982b33b	k__Bacteria; p__Firmicutes; c__Clostridia; o__Clostridiales; f__Ruminococcaceae; g__Oscillospira; s__	0.9899225801689051
3838ba2bee31d1ea7c307e6e6392b164	k__Bacteria; p__Firmicutes; c__Clostridia; o__Clostridiales; f__Ruminococcaceae; g__; s__	0.9555406121431582
d6c1032cecc8d5a57901bd290457656d	k__Bacteria; p__Firmicutes; c__Clostridia; o__Clostridiales; f__Ruminococcaceae; g__; s__	0.9586089162355018
5af2fa2820203dbdae63ebc635d01bad	k__Bacteria; p__Firmicutes; c__Clostridia; o__Clostridiales; f__; g__; s__	0.9752009750847983
0faa1334f794e63e68dd48157e32fe6c	k__Bacteria; p__; c__; o__; f__; g__; s__	0.8926019536780394
169fad9b9a3339cb733aebf7e3ddb222	k__Bacteria; p__Firmicutes; c__Bacilli; o__Lactobacillales; f__Enterococcaceae; g__Enterococcus; s__	0.808395978247518
80728dc63745dc5d6c5ff9de30b0ec02	k__Bacteria; p__Actinobacteria; c__Actinobacteria; o__Actinomycetales; f__Corynebacteriaceae; g__Corynebacterium; s__	0.9999674176356863
40f17a0bf31f5ef20eb09206eb0ef5e5	k__Bacteria; p__Proteobacteria; c__Alphaproteobacteria; o__Rhodospirillales; f__Acetobacteraceae; g__Acetobacter; s__	0.997337641646904
3c98804657c3a3bba509f24ddf64cf18	k__Bacteria; p__Actinobacteria; c__Coriobacteriia; o__Coriobacteriales; f__Coriobacteriaceae; g__; s__	0.9546836185335902
82636142d116e14ae914505b5d352ab3	k__Bacteria; p__Firmicutes; c__Clostridia; o__Clostridiales; f__Lachnospiraceae; g__Anaerostipes; s__	0.8438387483518669
6d8d4ed609542e39a76efc6e254fde80	k__Bacteria; p__Firmicutes; c__Clostridia; o__Clostridiales; f__Ruminococcaceae	0.9999868698831286
801c5b24b14625186eae6a828b12f590	k__Bacteria; p__Actinobacteria; c__Actinobacteria; o__Actinomycetales; f__Gordoniaceae; g__Gordonia; s__	0.9999352758116011
becd395ae0b57ce154f9ecf447f156f8	k__Bacteria; p__Firmicutes; c__Clostridia; o__Clostridiales; f__Ruminococcaceae; g__; s__	0.9996197023825496
48c3def8b40946fab2e2f70104e937b1	k__Bacteria; p__Firmicutes; c__Clostridia; o__Clostridiales; f__Ruminococcaceae; g__; s__	0.9999398023521554
f884fef1861365ff6a21b760d27506fb	k__Bacteria; p__Firmicutes; c__Clostridia; o__Clostridiales; f__Ruminococcaceae	0.712831545695047
12d5b652d9d7b1ff346ba633c910a497	k__Bacteria	0.9999999999846669
52e265ca5fef02cabc7c513f9bcf3083	k__Bacteria; p__Firmicutes; c__Clostridia; o__Clostridiales; f__Lachnospiraceae; g__Coprococcus; s__	0.9909152559109264
d11b561af2840e3c5b6c1a1c5575778f	k__Bacteria; p__Actinobacteria; c__Actinobacteria; o__Bifidobacteriales; f__Bifidobacteriaceae; g__; s__	0.9996905483990451
dca336742187f557656998910ea20f2a	k__Bacteria; p__Proteobacteria; c__Alphaproteobacteria; o__Sphingomonadales; f__Sphingomonadaceae; g__Sphingomonas; s__	0.7667521727299702
150ce30a002348e6ff3f4cf5fd2b5b92	k__Bacteria; p__Proteobacteria; c__Gammaproteobacteria; o__Pasteurellales; f__; g__; s__	0.9999902418060651
5bf8434b3cb0ab8bcbd2a569c22af867	k__Bacteria; p__Lentisphaerae; c__[Lentisphaeria]; o__Victivallales; f__Victivallaceae; g__; s__	0.9998265002035226
823cec6fd2d9b59bc812c25303aba323	k__Bacteria; p__Firmicutes; c__Clostridia; o__Clostridiales; f__Ruminococcaceae; g__; s__	0.9998541435716044
b75048e7c473d2de27d953523aa446cf	k__Bacteria; p__Firmicutes; c__Clostridia; o__Clostridiales; f__Ruminococcaceae; g__; s__	0.9974624242025875
30dfe1001f5767efcf621ce45fac8db0	k__Bacteria; p__Firmicutes; c__Clostridia; o__Clostridiales; f__Clostridiaceae; g__Clostridium; s__	0.8387466778641448
27b36414bcc15e25e168b4fc0108d6fe	k__Bacteria; p__Tenericutes; c__Mollicutes; o__RF39; f__; g__; s__	0.9999999993304982
322041161f6f41bf1cc115419c4fff97	k__Bacteria; p__Actinobacteria; c__Actinobacteria; o__Actinomycetales; f__Microbacteriaceae; g__Leucobacter; s__	0.9942109104869088
c3afa0f6f9ea03ad7bb66dd8adcf2426	k__Bacteria; p__Proteobacteria; c__Gammaproteobacteria; o__Enterobacteriales; f__Enterobacteriaceae; g__Morganella; s__morganii	0.7410944588573197
f20bc788a1d85f453d2d7e1892d4ce1b	k__Bacteria; p__Firmicutes; c__Clostridia; o__Clostridiales; f__Ruminococcaceae; g__; s__	0.9983907685423249
5a5ab4fb35a1e67f49a079595bc1e883	k__Bacteria; p__Bacteroidetes; c__[Saprospirae]; o__[Saprospirales]; f__Chitinophagaceae; g__Chitinophaga; s__	0.9999657231775542
07a083575e7e4133280e8278ae00b4c8	k__Bacteria; p__Tenericutes; c__RF3; o__ML615J-28; f__; g__; s__	0.981604739693714
ae3f3f42db691f6e7bb00a7c6d18523b	k__Bacteria; p__Firmicutes; c__Bacilli; o__Lactobacillales; f__Enterococcaceae; g__Vagococcus; s__	0.9913388600867279
4309f5ebe6b5b9f67adf53c3bb15eea2	k__Bacteria; p__Firmicutes; c__Clostridia; o__Clostridiales; f__Ruminococcaceae; g__Oscillospira; s__	0.999167365675918
80ad062a8b6ac56fb7774301a4254774	k__Bacteria; p__Firmicutes; c__Clostridia; o__Clostridiales; f__; g__; s__	0.9925414922059274
a9f29038bacf3fd3c54dfdc59961763d	k__Bacteria; p__Proteobacteria; c__Alphaproteobacteria; o__Rhodospirillales; f__Acetobacteraceae; g__Commensalibacter; s__intestini	0.9284952819295268
8d8aad38a560be76cfe9350fb6f9020c	k__Bacteria; p__Bacteroidetes; c__Bacteroidia; o__Bacteroidales; f__; g__; s__	0.9942280795440056
2c40ccd8b2f81c48e000130255d7ef73	k__Bacteria; p__Bacteroidetes; c__Bacteroidia; o__Bacteroidales; f__Porphyromonadaceae; g__Dysgonomonas; s__	0.9999215169866519
fb69fed9a061191cd93baef436c1086c	k__Bacteria; p__Firmicutes; c__Clostridia; o__Clostridiales; f__Lachnospiraceae	0.9928042415544457
d71e94a2f47781bfceb24cbb511011f7	k__Bacteria; p__Firmicutes; c__Erysipelotrichi; o__Erysipelotrichales; f__Erysipelotrichaceae; g__; s__	0.9312452654491327
accd0c28e16ed7b1cc3472ab6a65982c	k__Bacteria; p__Firmicutes; c__Clostridia; o__Clostridiales; f__Lachnospiraceae	0.792712916178329
5243bcca37c9c556ad4c37d7dbf4b624	k__Bacteria; p__Firmicutes; c__Clostridia; o__Clostridiales; f__Ruminococcaceae; g__Ruminococcus; s__	0.9997232901845252
ae6192e16c1a8452906bcfe2191b686a	k__Bacteria; p__Firmicutes; c__Clostridia; o__Clostridiales; f__Ruminococcaceae; g__; s__	0.9974066166222543
59584f3937dd9376eae3d6931a35528a	k__Bacteria; p__Proteobacteria; c__Alphaproteobacteria; o__Rhodospirillales; f__Acetobacteraceae; g__Commensalibacter; s__intestini	0.9999999895600808
a6f4a0b01a83a6c41877c4824207f9c2	k__Bacteria; p__Actinobacteria; c__Coriobacteriia; o__Coriobacteriales; f__Coriobacteriaceae	0.999999996579938
690c521c85d3335c84d25ffd4006c4ef	k__Bacteria; p__Proteobacteria; c__Alphaproteobacteria; o__Sphingomonadales; f__Sphingomonadaceae; g__Novosphingobium; s__	0.7128113555128711
b153a81093a68bbf28b8d45a300aa935	k__Bacteria; p__Proteobacteria; c__Gammaproteobacteria; o__Pasteurellales; f__; g__; s__	0.9998294549047554
c37d597d6ef54009121c37294691c642	k__Bacteria; p__Firmicutes; c__Clostridia; o__Clostridiales; f__Lachnospiraceae; g__Roseburia	0.9977428372614567
ddf95bb9c50d1ef451d7d09405076b34	k__Bacteria; p__Firmicutes; c__Clostridia; o__Clostridiales; f__[Mogibacteriaceae]; g__; s__	0.9999921504629428
31c8280aecd20659f36de4ab2cf919bf	k__Bacteria; p__Actinobacteria; c__Coriobacteriia; o__Coriobacteriales; f__Coriobacteriaceae	0.9999977209000636
963339270b902a8afe63220e61533952	k__Bacteria; p__Proteobacteria; c__Alphaproteobacteria; o__Rhodospirillales; f__Acetobacteraceae; g__Tanticharoenia; s__sakaeratensis	0.997817013262256
8afaa01ad6b4371af9e9b2a512d2e5c6	k__Bacteria; p__Firmicutes; c__Clostridia; o__Clostridiales; f__Ruminococcaceae	0.9999926770284717
c890805c56cd7f4b33d20fa098b57cb8	k__Bacteria; p__Firmicutes; c__Clostridia; o__Clostridiales; f__Clostridiaceae; g__Clostridium; s__	0.7637383108889759
77290ae03fb1339d85cb08afb140a4b1	k__Bacteria; p__Firmicutes; c__Clostridia; o__Clostridiales; f__Ruminococcaceae; g__; s__	0.9879633045816512
31e3e7b39a611d8f5cf4aae2b4e42cde	k__Bacteria; p__Firmicutes; c__Clostridia; o__Clostridiales; f__Ruminococcaceae; g__; s__	0.8166220266769019
6f6af6e1fa18c9ff48f621aa88547fe3	k__Bacteria; p__Firmicutes; c__Clostridia; o__Clostridiales; f__Ruminococcaceae; g__; s__	0.9991976872413122
3a5034942ae42ad12be324bd59e6c005	k__Bacteria; p__Firmicutes; c__Clostridia; o__Clostridiales; f__Ruminococcaceae; g__; s__	0.9990576292499764
2cdeaee65031b825a1165c1e7ac2fc2d	k__Bacteria; p__Bacteroidetes; c__Bacteroidia; o__Bacteroidales; f__; g__; s__	0.9990128831978559
860b1dce33d5def4084d457d1d0e2002	k__Bacteria; p__Proteobacteria; c__Alphaproteobacteria; o__Rhizobiales; f__Rhizobiaceae; g__Agrobacterium; s__	0.7711773055097668
f361014b31633a2155016df9f5825d64	k__Bacteria; p__Firmicutes; c__Clostridia; o__Clostridiales; f__Ruminococcaceae; g__Ruminococcus; s__	0.7025280817775099
13875ae91b289ea8a64cde536b2dfcd6	k__Bacteria; p__Tenericutes; c__Mollicutes; o__RF39; f__; g__; s__	0.9999999966554753
603b2984c0554068f813d2c08844f3e8	k__Bacteria; p__Firmicutes; c__Clostridia; o__Clostridiales; f__; g__; s__	0.9998591736358728
c196274bb1694853b1e3defc904b97b4	k__Bacteria; p__Firmicutes; c__Clostridia; o__Clostridiales; f__Ruminococcaceae; g__Ruminococcus; s__	0.7800203140668598
f1411d6cfd0d3606505daec8f720a585	k__Bacteria; p__Proteobacteria; c__Gammaproteobacteria	0.9999914605164664
dbcc707c931247568fb9cb11815c6408	k__Bacteria; p__Firmicutes; c__Clostridia; o__Clostridiales; f__; g__; s__	0.9997439452270906
b1033507ccc10f1df57fcc32d33dfb48	k__Bacteria; p__Firmicutes; c__Clostridia; o__Clostridiales; f__; g__; s__	0.9857738661749099
c1b35f47f2418fb40b03d6e7f7aa6852	k__Bacteria; p__Proteobacteria; c__Gammaproteobacteria	0.9999999622779062
67863467fdc426bb11c16bf7d9a5e242	k__Bacteria; p__Firmicutes; c__Erysipelotrichi; o__Erysipelotrichales; f__Erysipelotrichaceae; g__; s__	0.9667810227345868
4fe3fe5540a12aa726b89ac9375327cf	k__Bacteria; p__Firmicutes; c__Clostridia; o__Clostridiales; f__Ruminococcaceae; g__; s__	0.9617651789436741
4306d474e49e8906e628eb6f9e52ca5c	k__Bacteria; p__Firmicutes; c__Clostridia; o__Clostridiales; f__Ruminococcaceae; g__; s__	0.9970815253669858
37f1313057c641f506c7b28b2f3b5a8f	k__Bacteria; p__TM7; c__TM7-3; o__CW040; f__F16; g__; s__	0.9999999998762092
5e5ae472af1af08af3934b0079dfc1ed	k__Bacteria; p__Actinobacteria; c__Actinobacteria; o__Actinomycetales; f__Nocardioidaceae; g__Aeromicrobium; s__	0.9997320987124166
a29894c639f10bfa998c059f74ec48d7	k__Bacteria; p__Firmicutes; c__Clostridia; o__Clostridiales; f__; g__; s__	0.999926885671747
c1c48451475ddd85a25d8fb7466ef546	k__Bacteria; p__Actinobacteria; c__Actinobacteria; o__Actinomycetales; f__Microbacteriaceae; g__Agromyces; s__mediolanus	0.9415552549637155
34e1196f5323fe050c3fa47b4e657af5	k__Bacteria; p__Firmicutes; c__Bacilli; o__Lactobacillales; f__Streptococcaceae; g__Lactococcus; s__	0.9999999759596964
fc5e53201405a5bf2c5b0a92ef3152b4	k__Bacteria; p__Proteobacteria; c__Alphaproteobacteria; o__Rhodospirillales; f__Acetobacteraceae; g__Gluconobacter; s__	0.9926512439345617
4991f3d71ff615be9fd739e0eb937728	k__Bacteria; p__Cyanobacteria; c__4C0d-2; o__YS2; f__; g__; s__	0.9999999983457002
0c0a803dfdefa0700046b8ae90a02c3f	k__Bacteria; p__Firmicutes; c__Clostridia; o__Clostridiales; f__Lachnospiraceae	0.9834776916954947
0085539bef80668fe622cb1999f00ce1	k__Bacteria; p__Cyanobacteria; c__4C0d-2; o__YS2; f__; g__; s__	0.9999999999970157
52eed1387b1cbbaf8c5de0d7db16382d	k__Bacteria; p__Firmicutes; c__Clostridia; o__Clostridiales; f__Ruminococcaceae; g__; s__	0.9998849703696896
b115ba8e8fc3ae092840a85a490c9b01	k__Bacteria; p__Proteobacteria; c__Alphaproteobacteria; o__Rhizobiales; f__Methylobacteriaceae; g__; s__	0.9461221699913669
b1c69e96297aee2cb8ff372f48095b69	k__Bacteria; p__Proteobacteria; c__Alphaproteobacteria; o__Rhodospirillales; f__Acetobacteraceae; g__Gluconacetobacter	0.9892785902492062
537a15594c0a6eec895cd01cde09ab03	k__Bacteria; p__Firmicutes; c__Clostridia; o__Clostridiales; f__Lachnospiraceae; g__; s__	0.7555826956660349
6c9a2df6c0627fdf2b3b41817a4b41d5	k__Bacteria; p__Firmicutes; c__Clostridia; o__Clostridiales; f__Ruminococcaceae; g__; s__	0.9972383374393532
06829cad96b8ccf3a988e52ff9118b75	k__Bacteria; p__Bacteroidetes; c__Bacteroidia; o__Bacteroidales; f__Prevotellaceae; g__Prevotella; s__	0.9999997119387973
9fa0540cfa8af06d01e2bf909af40cf6	k__Bacteria; p__Proteobacteria; c__Deltaproteobacteria; o__Desulfovibrionales; f__Desulfovibrionaceae; g__; s__	0.9999146764792987
d56e5ad737181370a33f889ed5a88fbf	k__Bacteria; p__Firmicutes; c__Clostridia; o__Clostridiales; f__Ruminococcaceae; g__; s__	0.998631205981571
fc0e2a64a23359cff15d1932d8ef1788	k__Bacteria; p__Firmicutes; c__Clostridia; o__Clostridiales; f__Ruminococcaceae; g__; s__	0.999299101619045
49bc455d8db5a896264b7baa848bfccb	k__Bacteria; p__Bacteroidetes; c__Bacteroidia; o__Bacteroidales; f__Porphyromonadaceae; g__Dysgonomonas; s__	0.9997965816101136
e9ebeead56185bcfc1913150844361f4	k__Bacteria; p__Firmicutes; c__Clostridia; o__Clostridiales; f__Lachnospiraceae; g__Dorea; s__	0.8902590632548762
741bdbc1316ca5e933eeee105ae80f96	k__Bacteria; p__Proteobacteria; c__Alphaproteobacteria; o__Rhizobiales; f__Rhizobiaceae; g__Agrobacterium; s__	0.8055367876173898
3c8b7e7b3193aafbce02932d72eb2c9e	k__Bacteria; p__Cyanobacteria; c__4C0d-2; o__YS2; f__; g__; s__	0.9999999999996163
439a48fcc320fcd47d2d10408c4a3d9b	k__Bacteria; p__Firmicutes; c__Bacilli; o__Lactobacillales; f__Leuconostocaceae; g__Leuconostoc; s__	0.9030705297125197
c26e1fd18c25bc167485fbb88d6bd3c3	k__Bacteria; p__Proteobacteria; c__Alphaproteobacteria; o__Rickettsiales; f__mitochondria	0.9999999999999979
f59cd64ad75fa8dc2232bfc4d2c51031	k__Bacteria; p__Bacteroidetes; c__Sphingobacteriia; o__Sphingobacteriales; f__Sphingobacteriaceae; g__; s__	0.9384385619532972
c2f4a82c6e0fc2e768f01f214ee31579	k__Bacteria; p__Firmicutes; c__Clostridia; o__Clostridiales; f__Ruminococcaceae; g__; s__	0.7034546132766424
a88615e7555961ef2c11ffadec8f9521	k__Bacteria; p__Firmicutes; c__Bacilli; o__Bacillales; f__Bacillaceae	0.9666062984348693
18188dc38aeb6cf3867abb6ece8340fd	k__Bacteria; p__Proteobacteria; c__Alphaproteobacteria; o__Rhodobacterales; f__Rhodobacteraceae	0.998074890759226
829f6ae00204d56ebabdcdfb22f0735e	k__Bacteria; p__Firmicutes; c__Clostridia; o__Clostridiales; f__Ruminococcaceae; g__; s__	0.853883076285305
abd4c20c40895f921eca10b14cbdc5d0	k__Bacteria; p__Acidobacteria; c__Acidobacteriia; o__Acidobacteriales; f__Acidobacteriaceae; g__; s__	0.9999890374134343
8084626c89415c2df0fabd7d456de370	k__Bacteria; p__Firmicutes; c__Clostridia; o__Clostridiales; f__Ruminococcaceae; g__; s__	0.8520453356336868
350c199d5d0b1d9a2195a871ec6446a1	k__Bacteria; p__Firmicutes; c__Bacilli; o__Lactobacillales; f__Leuconostocaceae; g__Leuconostoc; s__	0.9052157336142492
6c10aa114f1c63b47933399297d15703	k__Bacteria; p__Firmicutes; c__Clostridia; o__Clostridiales; f__Clostridiaceae; g__Clostridium; s__	0.8498433865622749
f8e6ee2d892fe013f4403cc498878f5b	k__Bacteria; p__Firmicutes; c__Clostridia; o__Clostridiales	0.9885904970705242
9aa67d3487cc958dadb502e30c22d01a	k__Bacteria; p__Proteobacteria; c__Alphaproteobacteria; o__Sphingomonadales; f__Sphingomonadaceae; g__Sphingomonas; s__	0.9973041864466113
85e03b95ad93945ae78738679cd30936	k__Bacteria; p__Proteobacteria; c__Gammaproteobacteria; o__Pasteurellales; f__; g__; s__	0.9998161497104583
0b96860e0102b8dcbb1445b08f94394c	k__Bacteria; p__Firmicutes; c__Clostridia; o__Clostridiales; f__Ruminococcaceae; g__Oscillospira; s__	0.9892137923204128
bd936eaf9ca8198f2ca582e843438f32	k__Bacteria; p__Firmicutes; c__Clostridia; o__Clostridiales; f__Ruminococcaceae; g__Ruminococcus; s__	0.9997671938068617
317349575c38acd0307b4a425fe97dd4	k__Bacteria; p__Actinobacteria; c__Coriobacteriia; o__Coriobacteriales; f__Coriobacteriaceae; g__Adlercreutzia; s__	0.9608739011329637
b464ee85058258d6fd5ce12dad5974e5	k__Archaea; p__Euryarchaeota; c__Methanobacteria; o__Methanobacteriales; f__Methanobacteriaceae; g__Methanosphaera; s__	0.9999987586139443
5d16e10b3b662e4307f8f3075e1c9157	k__Bacteria; p__Firmicutes; c__Clostridia; o__Clostridiales; f__Ruminococcaceae; g__; s__	0.9998034228981156
14ae233c27d0229bdb6ab8b886e31989	k__Bacteria; p__Firmicutes; c__Clostridia; o__Clostridiales; f__Ruminococcaceae; g__Ruminococcus; s__	0.999942612015928
7c6095be29414866935fb72e388a4958	k__Bacteria; p__Verrucomicrobia; c__Verrucomicrobiae; o__Verrucomicrobiales; f__Verrucomicrobiaceae; g__Akkermansia; s__	0.9999999999999574
0395ac600ac0c4083dca8fa29a7645e9	k__Bacteria; p__Firmicutes; c__Clostridia; o__Clostridiales; f__Ruminococcaceae; g__; s__	0.9922285723664973
a2f2d5d01bcd7c82fee174f2c2dc74c8	k__Bacteria; p__Bacteroidetes; c__Bacteroidia; o__Bacteroidales; f__; g__; s__	0.99949634799493
2e2868503339f1623c8302b639048864	k__Bacteria; p__Firmicutes; c__Clostridia; o__Clostridiales; f__Ruminococcaceae; g__; s__	0.9943324439583323
b9ac8556462090144a5dc2bcbc60db70	k__Bacteria; p__Firmicutes; c__Clostridia; o__Clostridiales; f__Lachnospiraceae; g__; s__	0.9381161053534023
bcf417a74ecbc381042042d4730a0e39	k__Bacteria; p__Firmicutes; c__Clostridia; o__Clostridiales; f__Lachnospiraceae; g__; s__	0.7615018087628307
01a71f68f4ab6784e627be203858fc77	k__Bacteria; p__Firmicutes; c__Bacilli; o__Lactobacillales; f__Leuconostocaceae; g__Leuconostoc; s__	0.876331937424446
487ea198c7b6e57a217725c243a82c80	k__Bacteria; p__Firmicutes; c__Clostridia; o__Clostridiales; f__; g__; s__	0.7801882831210846
d0a83c56ecb5c212c13c5a560676842a	k__Bacteria; p__Firmicutes; c__Clostridia; o__Clostridiales; f__Lachnospiraceae	0.9763726017760689
90edd71245ad4ac4026e77e303f188ff	k__Bacteria; p__Firmicutes; c__Clostridia; o__Clostridiales; f__Ruminococcaceae; g__; s__	0.9952667773326708
d1642bc464270efe119f3b194a58e289	k__Bacteria; p__Firmicutes; c__Clostridia; o__Clostridiales; f__Ruminococcaceae; g__Oscillospira; s__	0.9250953116073797
145efbe2d0b30d965b1715720780a210	k__Bacteria; p__Proteobacteria; c__Gammaproteobacteria; o__Enterobacteriales; f__Enterobacteriaceae	0.9999848091794864
df25606ab6e3a716d4b78ecaa0e26d64	k__Bacteria; p__Proteobacteria; c__Gammaproteobacteria; o__Pasteurellales; f__; g__; s__	0.9999999999547384
64f3db9d7a577a72df432ef1f764c345	k__Bacteria; p__Actinobacteria; c__Coriobacteriia; o__Coriobacteriales; f__Coriobacteriaceae; g__; s__	0.8502231386709553
736781e9f67e37286b7dc78625200be3	k__Bacteria; p__Firmicutes; c__Clostridia; o__Clostridiales	0.9998835939211278
c82510fe5693f72720c967bbab8bc725	k__Bacteria; p__Proteobacteria; c__Alphaproteobacteria; o__Rhodospirillales; f__Acetobacteraceae; g__Acetobacter; s__	0.9922329733528499
e84dfa9890d71e9ad31e2b0e5f6c1889	k__Bacteria; p__Firmicutes; c__Clostridia; o__Clostridiales; f__Ruminococcaceae; g__; s__	0.9999096555895491
de0806c3076e17eaeb32c7b17e67f986	k__Bacteria; p__Tenericutes; c__Mollicutes; o__RF39; f__; g__; s__	0.9999999896370326
c1cd773589dec29f6aa992415ea60819	k__Bacteria; p__Firmicutes; c__Clostridia; o__Clostridiales; f__Ruminococcaceae; g__Oscillospira; s__	0.7045217354229922
02c1e883de30a4b044dbea228c19634a	k__Bacteria; p__Bacteroidetes; c__Bacteroidia; o__Bacteroidales; f__Bacteroidaceae; g__5-7N15; s__	0.9999999418823949
992830c33b1ad703b265bc06f7677dfd	k__Bacteria; p__Proteobacteria; c__Alphaproteobacteria; o__Rhodospirillales; f__Acetobacteraceae; g__Commensalibacter; s__intestini	0.9999972951206988
d4b58a61e33597a09ea66cee45518334	k__Bacteria; p__Bacteroidetes; c__Flavobacteriia; o__Flavobacteriales; f__[Weeksellaceae]; g__Elizabethkingia; s__meningoseptica	0.9999418330637888
c692dbdac29437c4f59a8bb388858f90	k__Bacteria; p__Proteobacteria; c__Alphaproteobacteria; o__Rhodospirillales; f__Acetobacteraceae; g__Acetobacter; s__	0.9642555859121545
cd578b9b2bd5550c2f4b341a9ee27269	k__Bacteria; p__Proteobacteria; c__Gammaproteobacteria; o__Oceanospirillales; f__Oceanospirillaceae; g__; s__	0.8001323376254487
055281efa4a90fd8646aeb502a28a841	k__Bacteria; p__Proteobacteria; c__Alphaproteobacteria; o__Rhodospirillales; f__Acetobacteraceae; g__Acetobacter; s__	0.9944481047056973
53a10a7f40388ba108f5ed8b4dc60a0f	k__Bacteria; p__Firmicutes; c__Clostridia; o__Clostridiales; f__Ruminococcaceae; g__; s__	0.8140473516161955
fcc8008ab32dd93f3fdc06b82a5bb367	k__Bacteria; p__Tenericutes; c__RF3; o__ML615J-28; f__; g__; s__	0.9997669691667259
8dec791b026a7eee38b463da9ea888b5	k__Bacteria; p__Firmicutes; c__Clostridia; o__Clostridiales; f__Ruminococcaceae; g__; s__	0.9954518781438234
d04a5b4c8051e5e236aa4d47263b050e	k__Bacteria; p__Firmicutes; c__Clostridia; o__Clostridiales; f__Ruminococcaceae; g__; s__	0.9999159110778318
8eca331da4406cec121ecc8933f62bfa	k__Bacteria; p__Spirochaetes; c__Spirochaetes; o__Spirochaetales; f__Spirochaetaceae; g__Treponema; s__	0.9999999946501674
94ee7288fdeab900c8ed1d45106912da	k__Bacteria; p__Firmicutes; c__Bacilli; o__Lactobacillales; f__Leuconostocaceae; g__Leuconostoc; s__	0.8923056739082358
535cfd6b9eaf931b8a0a152015fc7603	k__Bacteria; p__Actinobacteria; c__Coriobacteriia; o__Coriobacteriales; f__Coriobacteriaceae	0.9999993661641615
8bf3dd6e298b7ca2ccba11e1fa45191c	k__Bacteria; p__Firmicutes; c__Clostridia; o__Clostridiales; f__; g__; s__	0.9997392446700246
cf9c560a30718a438441ac72f3bb4ffb	k__Bacteria; p__Proteobacteria; c__Alphaproteobacteria; o__Rickettsiales; f__Rickettsiaceae; g__Wolbachia; s__	0.9996729130353986
f7e63fab36e74624d36fa16a0a5019bc	k__Bacteria; p__Bacteroidetes; c__Bacteroidia; o__Bacteroidales; f__[Paraprevotellaceae]; g__CF231; s__	0.9999999999112816
9bbeac4d6a38e3517ba6e8dd1d0d2468	k__Bacteria; p__Firmicutes; c__Bacilli; o__Lactobacillales; f__Lactobacillaceae; g__Lactobacillus; s__	0.9995116238255712
58b05226e0db81427785eabe4dd537a3	k__Bacteria; p__Firmicutes; c__Clostridia; o__Clostridiales; f__Ruminococcaceae; g__; s__	0.9994516195412302
2942cd9349966038dd2fa2d656a72ee2	k__Bacteria; p__Planctomycetes; c__Phycisphaerae; o__WD2101; f__; g__; s__	0.9999983087062765
71c8af2d5ea3309e24b4007a0a015ce2	k__Bacteria; p__Firmicutes; c__Bacilli; o__Lactobacillales; f__Lactobacillaceae; g__Lactobacillus; s__zeae	0.9987038164684738
ae7a8076548385455bc605b6a297d8a0	k__Bacteria; p__Proteobacteria; c__Gammaproteobacteria; o__Pseudomonadales; f__Moraxellaceae; g__Acinetobacter; s__	0.9202275441304744
3c16d7f9fd64dc5083c0d0ee2933a58b	k__Bacteria; p__Firmicutes; c__Clostridia; o__Clostridiales	0.9998610762262076
11e3740ce60fb6c9f92222137dd1ad16	k__Bacteria; p__Firmicutes; c__Clostridia; o__Clostridiales; f__Lachnospiraceae	0.9819252027718065
b3bb36950bb27a72de8f612b14e265a3	k__Bacteria; p__Firmicutes; c__Clostridia; o__Clostridiales; f__Lachnospiraceae; g__Dorea; s__	0.8023101810178892
b4685fa19ffe03200d0d12b6764138bb	k__Bacteria; p__Firmicutes; c__Clostridia; o__Clostridiales; f__; g__; s__	0.9998841681194511
850188d4c809d1d7d9310ce542a67b67	k__Bacteria; p__Bacteroidetes; c__Bacteroidia; o__Bacteroidales; f__; g__; s__	0.9994428276427785
aea1d993672a9424522c20c2996f93a8	k__Bacteria; p__Firmicutes; c__Bacilli; o__Lactobacillales; f__Leuconostocaceae; g__Leuconostoc; s__	0.851159846211183
64ca50c729d47c96d70d4c36a86fbef3	k__Bacteria; p__Firmicutes; c__Bacilli; o__Lactobacillales; f__Leuconostocaceae; g__Weissella	0.9999731063211752
ecd26f251565eae707a7e967c62d5522	k__Bacteria; p__Firmicutes; c__Bacilli; o__Lactobacillales; f__Lactobacillaceae; g__Lactobacillus; s__	0.9720476871636399
c4d776e5e6bddc1aedc68d6f516b1acd	k__Bacteria; p__Firmicutes; c__Clostridia; o__Clostridiales; f__Ruminococcaceae; g__; s__	0.8346752487139223
61a21d7e5c4ae4c7d943f815d98ecdf5	k__Bacteria; p__Firmicutes; c__Clostridia; o__Clostridiales; f__Peptostreptococcaceae	0.8479737677634589
f84cf0a7b8d88a0a525b8e778a20f900	k__Bacteria; p__Firmicutes; c__Clostridia; o__Clostridiales; f__Ruminococcaceae; g__Oscillospira; s__	0.9993074885795771
75fbb5ab93622f97cae5c3ea7575f376	k__Bacteria; p__Firmicutes; c__Clostridia; o__Clostridiales; f__Ruminococcaceae; g__; s__	0.9994826869910451
58d83b18f6ccfd7b78fb791f2ddd234a	k__Bacteria; p__Bacteroidetes; c__Bacteroidia; o__Bacteroidales; f__Bacteroidaceae; g__5-7N15; s__	0.9999998912894258
7363397dc439ac44d0e5f3f8011075fa	k__Bacteria; p__Proteobacteria; c__Gammaproteobacteria; o__Pasteurellales; f__; g__; s__	0.99999999999838
829937ba9bcb69d9e18bc2c73f5027e3	k__Bacteria; p__Proteobacteria; c__Alphaproteobacteria; o__Rickettsiales; f__; g__; s__	0.9331454859582072
d6a0ca543581c37ac678793fa915bfad	k__Bacteria; p__Proteobacteria; c__Gammaproteobacteria; o__Pseudomonadales; f__Moraxellaceae; g__Acinetobacter; s__johnsonii	0.9329186158944756
eb3e71d5680c54afc8a86191f979c5f9	k__Bacteria; p__Firmicutes; c__Clostridia; o__Clostridiales; f__; g__; s__	0.9567702981578006
f2df23148e0375d23b1762d6c6f5938f	k__Bacteria; p__Firmicutes; c__Clostridia; o__Clostridiales; f__Ruminococcaceae; g__Ruminococcus; s__	0.9066309170347415
06a22da6d95632d1026e8cdc2f659722	k__Bacteria; p__Bacteroidetes; c__Bacteroidia; o__Bacteroidales; f__Prevotellaceae; g__Prevotella; s__	0.9999059737202809
1aa6f29f2c15d889f66ea4147c546e2a	k__Bacteria; p__Bacteroidetes; c__Sphingobacteriia; o__Sphingobacteriales; f__Sphingobacteriaceae; g__Sphingobacterium; s__	0.9999994500327125
25d41b378827920bfe59fea2036f64d4	k__Bacteria; p__Firmicutes; c__Clostridia; o__Clostridiales; f__Ruminococcaceae; g__; s__	0.816476530269944
c56b2c878f6e5929b9342ab2bb72735a	k__Bacteria; p__Firmicutes; c__Clostridia; o__Clostridiales; f__Ruminococcaceae; g__; s__	0.9991766616645845
86f73e14ef08e874f7c02570cd1389bf	k__Bacteria; p__Actinobacteria; c__Actinobacteria; o__Actinomycetales; f__Microbacteriaceae; g__Leucobacter; s__	0.9991395353238117
c21afe938236c7e974c6760486c16ccd	k__Bacteria; p__Firmicutes; c__Clostridia; o__Clostridiales; f__Lachnospiraceae; g__Butyrivibrio; s__	0.9966904403488555
88059ee6be0cb2c926718e4e805deee0	k__Bacteria; p__Proteobacteria; c__Alphaproteobacteria; o__Rhodospirillales; f__Acetobacteraceae; g__Acetobacter; s__	0.9880867345321375
ab21cffe08a6621c016d2dd76c36ab15	k__Bacteria; p__Firmicutes; c__Clostridia; o__Clostridiales; f__Ruminococcaceae; g__; s__	0.7649486234005096
f3035e25278eec1c9ab4d4fae302f30f	k__Bacteria; p__Bacteroidetes; c__Bacteroidia; o__Bacteroidales; f__Porphyromonadaceae; g__Dysgonomonas; s__	0.9998954264909047
7e837b6247ef3cd86c184c8c740ebad8	k__Bacteria; p__Firmicutes; c__Clostridia; o__Clostridiales; f__Clostridiaceae; g__Clostridium; s__	0.9466089724470321
81cddc05095be32a07836dd5a59b8ff9	k__Bacteria; p__Firmicutes; c__Clostridia; o__Clostridiales; f__Lachnospiraceae	0.9756102416857209
780de8937351bd59e79c187406d9f349	k__Bacteria; p__Firmicutes; c__Clostridia; o__Clostridiales; f__Lachnospiraceae; g__Roseburia; s__	0.7752285718164976
5288d1391b12e50e23e4df6baf41132f	k__Bacteria; p__Proteobacteria; c__Alphaproteobacteria; o__Rhodospirillales; f__Acetobacteraceae; g__Commensalibacter; s__intestini	0.9999999890449943
a5ffc9e3a69b2558ab095003dad98754	k__Bacteria; p__Firmicutes; c__Clostridia; o__Clostridiales; f__Ruminococcaceae; g__; s__	0.8665910917867371
7dcb91761bee47caa8e77f364fe9d3a3	k__Bacteria; p__Firmicutes; c__Clostridia; o__Clostridiales; f__Ruminococcaceae; g__; s__	0.9982564770056357
d860016cee5663ce265e6afb02d9145a	k__Bacteria; p__Firmicutes; c__Bacilli; o__Lactobacillales	0.9998950142234571
c71cec3009be0c06a96b064f235e6ed1	k__Bacteria; p__Firmicutes; c__Clostridia; o__Clostridiales; f__Ruminococcaceae; g__; s__	0.9611553721268001
f22df6bde2d1751897e8fd969a1b817f	k__Bacteria; p__Actinobacteria; c__Actinobacteria; o__Actinomycetales; f__Corynebacteriaceae; g__Corynebacterium; s__	0.9342262848311764
df2ef643aaa3280fa5c1f2421bd643f4	k__Bacteria; p__Proteobacteria; c__Alphaproteobacteria; o__Rhodospirillales; f__Acetobacteraceae; g__Acetobacter; s__	0.9957589229157537
fa8b0c56be1eb4643c2898cccb13c96e	k__Bacteria; p__Bacteroidetes; c__Bacteroidia; o__Bacteroidales; f__S24-7; g__; s__	0.9999981098158017
a42c77315336f905b00ec5a707c8e86a	k__Bacteria; p__Firmicutes; c__Bacilli; o__Lactobacillales; f__Lactobacillaceae; g__; s__	0.9546075312098834
1c22a044b6959f05cb039341bdfbd61f	k__Bacteria; p__Proteobacteria; c__Alphaproteobacteria; o__Rhodospirillales; f__Acetobacteraceae; g__Commensalibacter; s__intestini	0.9865971026750462
3d8d46fce7e75f3b26bc67155623d79e	k__Bacteria; p__Firmicutes; c__Clostridia; o__Clostridiales; f__Ruminococcaceae; g__; s__	0.989511505642321
5080fba295c35cc90f9a5bcdf28bc69a	k__Bacteria; p__Proteobacteria; c__Alphaproteobacteria; o__Rhodospirillales; f__Acetobacteraceae; g__Commensalibacter; s__intestini	0.9873162442241694
9e09f657942814dd50294893e80db7ed	k__Bacteria; p__Proteobacteria; c__Gammaproteobacteria; o__Pseudomonadales; f__Pseudomonadaceae; g__Pseudomonas; s__	0.7599937966543644
4b74326641eb83b3263d20ab668cd72a	k__Bacteria; p__Firmicutes; c__Clostridia; o__Clostridiales; f__Christensenellaceae; g__; s__	0.9771745473496046
ae681c980ac4a3d45f21fc3335ca98d9	k__Bacteria; p__Firmicutes; c__Clostridia; o__Clostridiales; f__Lachnospiraceae; g__; s__	0.9090238192725629
2a1d745802df7257381f5a97bc9e8a1a	k__Bacteria; p__Firmicutes; c__Clostridia; o__Clostridiales; f__Lachnospiraceae; g__; s__	0.8957504673338996
2fa9b33942622983f74c0611fe7099a1	k__Bacteria; p__Bacteroidetes; c__Bacteroidia; o__Bacteroidales; f__Porphyromonadaceae; g__Dysgonomonas; s__	0.9999684411003089
a5eaccefb7cf034b70a8945efaf34178	k__Bacteria; p__Firmicutes; c__Clostridia; o__Clostridiales; f__Ruminococcaceae	0.9528412257908989
dbfaf2c58c8953ad29ed119b6825dd48	k__Bacteria; p__Proteobacteria; c__Betaproteobacteria; o__Burkholderiales; f__Comamonadaceae	0.9999495398852253
cba1dd71ee8238c3733e41cbe82df19b	k__Bacteria; p__Firmicutes; c__Clostridia; o__Clostridiales	0.9999827479490525
9405d3293f951c5fffe25f2ee106345b	k__Bacteria; p__Firmicutes; c__Clostridia; o__Clostridiales; f__; g__; s__	0.9989409403301037
b9a15b41340a43263d3f01d12926e505	k__Bacteria; p__Firmicutes; c__Clostridia; o__Clostridiales; f__Clostridiaceae; g__Clostridium; s__	0.9650180811716981
17879bb70e96668581aa1810b257b3b2	k__Bacteria; p__Firmicutes; c__Clostridia; o__Clostridiales; f__Ruminococcaceae; g__; s__	0.9542681055121087
bb6ff5a839d79afc0620fa903e82d8c7	k__Bacteria; p__Firmicutes; c__Clostridia; o__Clostridiales; f__; g__; s__	0.9990880377805883
d660d93dc581d16706574a9bf5e70e10	k__Bacteria; p__Bacteroidetes; c__Bacteroidia; o__Bacteroidales; f__Porphyromonadaceae; g__Dysgonomonas; s__	0.999993755057434
28e2e1e25c5591dbcc339cb99a02bbd9	k__Bacteria; p__Firmicutes; c__Clostridia; o__Clostridiales; f__Ruminococcaceae; g__; s__	0.9937445229117109
35252cd698224c71c910904c42d3f017	k__Bacteria; p__Firmicutes; c__Clostridia; o__Clostridiales; f__Ruminococcaceae; g__; s__	0.8861765573900292
5a5ffb1a15ed41d6be7a433443a539e9	k__Bacteria; p__Firmicutes; c__Clostridia; o__Clostridiales; f__Ruminococcaceae; g__Ruminococcus; s__	0.9663377107385376
d7486103705925f123a6528040fd50ee	k__Bacteria; p__Firmicutes; c__Clostridia; o__Clostridiales; f__Ruminococcaceae; g__; s__	0.9983437396548801
0e9112d384362956c701ff99de941f93	k__Bacteria; p__Tenericutes; c__Mollicutes; o__RF39; f__; g__; s__	0.9999999999959641
ab543a79bdbc4183d6a1561c63f72bb8	k__Bacteria; p__Tenericutes; c__Mollicutes; o__RF39; f__; g__; s__	0.999999999900993
c7c0e21884b8421930254d0e8f2ec1b6	k__Bacteria; p__Firmicutes; c__Clostridia; o__Clostridiales; f__; g__; s__	0.9582163614049415
ad7b446448496542ca5d8103a9841ac8	k__Bacteria; p__Proteobacteria; c__Gammaproteobacteria; o__Xanthomonadales; f__Xanthomonadaceae; g__Stenotrophomonas; s__maltophilia	0.7923955002281171
0d0ddf79be5de07c3d2bafeae04e9588	k__Bacteria; p__Firmicutes; c__Clostridia; o__Clostridiales; f__; g__; s__	0.997547139684438
430d7234d05842816addfe82915dcc1c	k__Bacteria; p__Actinobacteria; c__Coriobacteriia; o__Coriobacteriales; f__Coriobacteriaceae; g__; s__	0.7795898566026938
dce2f8c11a9855baf3811ed886314d72	k__Bacteria; p__Firmicutes; c__Clostridia; o__Clostridiales; f__; g__; s__	0.9937289695225885
dbd2b08095a5fdfaed40c68a1373b74b	k__Bacteria; p__Actinobacteria; c__Coriobacteriia; o__Coriobacteriales; f__Coriobacteriaceae; g__; s__	0.9922622827988768
ff09a3b3fe7d4659b3750aeff080746f	k__Bacteria; p__Bacteroidetes; c__Flavobacteriia; o__Flavobacteriales; f__[Weeksellaceae]; g__Chryseobacterium; s__	0.9999589833764093
9c05fa86e3062f1150c232747186350d	k__Bacteria; p__Firmicutes; c__Clostridia; o__Clostridiales; f__Ruminococcaceae; g__Ruminococcus; s__	0.9997052618812428
fcb79044cfaf6b69ed0b2da9a351c9ab	k__Bacteria; p__Firmicutes; c__Clostridia; o__Clostridiales; f__; g__; s__	0.9999552534091162
60b30896b2504db164ecc3330d8c7f6e	k__Bacteria; p__Firmicutes; c__Clostridia; o__Clostridiales; f__Lachnospiraceae	0.9902723293648467
b7a1b8a927b9a260fce4ce8679e0102c	k__Bacteria; p__Firmicutes; c__Clostridia; o__Clostridiales; f__Clostridiaceae; g__Clostridium	0.940944714889736
2aa39c3597d10d2cc6114334fd8e1fa9	k__Bacteria; p__Firmicutes; c__Bacilli; o__Bacillales; f__Planococcaceae; g__Solibacillus; s__	0.8674590759850443
72606890d334cac27aa83ead1621f261	k__Bacteria; p__Proteobacteria; c__Betaproteobacteria; o__Burkholderiales; f__Comamonadaceae; g__Comamonas; s__	0.9653280306875689
577b81cc031b353f35d73e3875b9beeb	k__Bacteria; p__Firmicutes; c__Clostridia; o__Clostridiales; f__Lachnospiraceae; g__; s__	0.8340266906459063
76a03b63f89b05912ddbc95c4d87b8f0	k__Bacteria; p__Firmicutes; c__Clostridia; o__Clostridiales; f__Ruminococcaceae	0.9999876703860977
89ff7974ac64a252176ed694bb44441a	k__Bacteria; p__Firmicutes; c__Clostridia; o__Clostridiales; f__Ruminococcaceae; g__Ruminococcus; s__	0.9343562256620378
e4bc062763ffe14c5cf20ce4f753bedf	k__Bacteria; p__Bacteroidetes; c__Bacteroidia; o__Bacteroidales; f__Bacteroidaceae; g__5-7N15; s__	0.9999999382877026
2814626a75d3599be2993597b6cf4529	k__Bacteria; p__Firmicutes; c__Clostridia; o__Clostridiales; f__; g__; s__	0.992775912409718
10f85d68a8f41ed691019653856ea3b8	k__Bacteria; p__Actinobacteria; c__Actinobacteria; o__Actinomycetales; f__Mycobacteriaceae; g__Mycobacterium	0.9999984475641652
98cdd19eb79dc5340fd3fddebb535ae7	k__Bacteria; p__Proteobacteria; c__Gammaproteobacteria; o__Pasteurellales; f__; g__; s__	0.9999999999979536
88a3c91f0d225459381390c99376ab29	k__Bacteria; p__Firmicutes; c__Clostridia; o__Clostridiales; f__Ruminococcaceae; g__; s__	0.9365623309161917
a1b4b15d3716449e1c2ee80bbba7a0f9	k__Bacteria; p__Firmicutes; c__Bacilli; o__Bacillales; f__Paenibacillaceae; g__Paenibacillus; s__amylolyticus	0.9974264205859986
bd3a6524e7c3a65d252fbeac2c01712a	k__Bacteria; p__Proteobacteria; c__Gammaproteobacteria; o__Enterobacteriales; f__Enterobacteriaceae	0.9995177995223052
67dbf7327629420d5c6de90d3d3b3387	k__Bacteria; p__Firmicutes; c__Clostridia; o__Clostridiales; f__Lachnospiraceae	0.9860214514489839
112387b18a134a0121fca56d72457527	k__Bacteria; p__Firmicutes; c__Bacilli; o__Lactobacillales; f__Leuconostocaceae; g__Leuconostoc; s__	0.8880792544893561
eb82125f4974f7ec23d404f2041a71e7	k__Bacteria; p__Bacteroidetes; c__Bacteroidia; o__Bacteroidales; f__Prevotellaceae; g__Prevotella; s__	0.9999997369920868
a8da683aa88faee108c47a1ce7de41b2	k__Bacteria; p__Proteobacteria; c__Alphaproteobacteria; o__Rhodospirillales; f__Acetobacteraceae; g__Acetobacter; s__	0.9992798983024308
fc9244eddd733c07443735e56b42541d	k__Bacteria; p__Firmicutes; c__Bacilli; o__Lactobacillales; f__Lactobacillaceae	0.9960986684655515
d0007fe670c7610d941b2c45a890730f	k__Bacteria; p__Firmicutes; c__Clostridia; o__Clostridiales; f__Lachnospiraceae; g__; s__	0.8484676612995218
df993a76bb0548893aaf9dd61b916ab7	k__Bacteria; p__Firmicutes; c__Clostridia; o__Clostridiales; f__Ruminococcaceae; g__; s__	0.9985982226868805
dca7113485cfe7af88b08770528635b0	k__Bacteria; p__Proteobacteria; c__Gammaproteobacteria; o__Enterobacteriales; f__Enterobacteriaceae	0.9999506398597607
5b8a210f777a98fedb65225a01c54190	k__Bacteria; p__Firmicutes; c__Clostridia; o__Clostridiales; f__Ruminococcaceae; g__Oscillospira; s__	0.9964575439415637
cbbff4b745a5bd221e0963cab0258397	k__Bacteria; p__Firmicutes; c__Clostridia; o__Clostridiales; f__Ruminococcaceae; g__; s__	0.9776520073069919
41e89b852ed7fd2ec190b1a321038e8e	k__Bacteria; p__Bacteroidetes; c__Bacteroidia; o__Bacteroidales; f__S24-7; g__; s__	0.9999684916447784
ae58f70f2ffc74bd83d05d24cfb53290	k__Bacteria; p__Firmicutes; c__Clostridia; o__Clostridiales; f__Veillonellaceae; g__Phascolarctobacterium; s__	0.9991943842579702
035262302193fbffc4f037ac1643e671	k__Bacteria; p__Bacteroidetes; c__Bacteroidia; o__Bacteroidales; f__Prevotellaceae; g__Prevotella; s__	0.9991233398667634
395a0a4c9f33e4247339deaa8cc14681	k__Bacteria; p__Tenericutes; c__Mollicutes; o__RF39; f__; g__; s__	0.9999999999455866
0590387faa4d2d51a6500d4d49ae507c	k__Bacteria; p__Firmicutes; c__Clostridia; o__Clostridiales; f__Ruminococcaceae; g__; s__	0.9947679641187643
5d9f2c8b519ad4a83b385eba242cc473	k__Bacteria; p__Firmicutes; c__Clostridia; o__Clostridiales; f__; g__; s__	0.9043493343528053
c6bca7a277bd7b572680b996acede040	k__Bacteria; p__Firmicutes; c__Clostridia; o__Clostridiales; f__Ruminococcaceae; g__; s__	0.9996224450086628
4760ede99e43f68e53e588715c833e63	k__Bacteria; p__Firmicutes; c__Clostridia; o__Clostridiales; f__Ruminococcaceae; g__; s__	0.9994919224454007
546d537844afe288e41fec651a84e3e0	k__Bacteria; p__Firmicutes; c__Clostridia; o__Clostridiales; f__Ruminococcaceae; g__; s__	0.9842342134395958
91aff40ad1d81a39f3efd9632e4ce40d	k__Bacteria; p__Acidobacteria; c__Acidobacteriia; o__Acidobacteriales; f__Acidobacteriaceae; g__Terriglobus; s__	0.999803102023029
0621fb34947da47f2018f23c2621257a	k__Bacteria; p__Chloroflexi; c__Thermomicrobia; o__JG30-KF-CM45; f__; g__; s__	0.999999999757577
454d983b63f661cf23369032e25a5df0	k__Bacteria; p__Firmicutes; c__Clostridia; o__Clostridiales; f__Lachnospiraceae	0.9851879648640989
13cd924975915c363b713368ddd31448	k__Bacteria; p__Bacteroidetes; c__Bacteroidia; o__Bacteroidales; f__Prevotellaceae; g__Prevotella; s__	0.9999077727785953
a5499d627fd69a6d9da9e3820dcb3568	k__Bacteria; p__Firmicutes; c__Bacilli; o__Bacillales; f__Planococcaceae	0.9992164085491426
1fef9b33817c5e6988a8c8adc765f4bb	k__Bacteria; p__Firmicutes; c__Clostridia; o__Clostridiales; f__Lachnospiraceae; g__Roseburia; s__	0.8574083237247084
32ae3d48c2b38f615535c6950d62685d	k__Bacteria; p__Proteobacteria; c__Alphaproteobacteria; o__Rhodospirillales; f__Acetobacteraceae; g__Acetobacter; s__	0.9994293891991466
7196ab1db2832f107529b9c2dd4eac89	k__Bacteria; p__Bacteroidetes; c__Bacteroidia; o__Bacteroidales; f__Bacteroidaceae; g__; s__	0.9999334204166054
8e2b63ba0b0b8494f2f9ab1c719c98ff	k__Bacteria; p__Firmicutes; c__Clostridia; o__Clostridiales; f__; g__; s__	0.9998436714107214
a53759cad1c1c4b6f85e67f5a5f5b994	k__Bacteria; p__Firmicutes; c__Clostridia; o__Clostridiales; f__; g__; s__	0.992809120660942
99312353864278ffdf11a964cf61af0f	k__Bacteria; p__Firmicutes; c__Clostridia; o__Clostridiales; f__Ruminococcaceae; g__Ruminococcus; s__	0.9886170730328047
b76ec66c4c3fb149c200a2193ff8102e	k__Bacteria; p__Proteobacteria; c__Alphaproteobacteria; o__Rhizobiales; f__Aurantimonadaceae; g__; s__	0.9786889767556617
0f8135bf2f349b3805a7a5040a768706	k__Bacteria; p__Proteobacteria; c__Alphaproteobacteria; o__Rhizobiales; f__Methylobacteriaceae; g__Methylobacterium; s__adhaesivum	0.9997243749710708
2af3e2955ed2a3efc265399b3963556f	k__Bacteria; p__Proteobacteria; c__Gammaproteobacteria; o__Enterobacteriales; f__Enterobacteriaceae	0.9999851673672767
117ffe631acbac650e33d4bc6aae56d6	k__Bacteria; p__Bacteroidetes; c__Bacteroidia; o__Bacteroidales; f__Porphyromonadaceae; g__Dysgonomonas; s__	0.9999376396692988
812c61fb6f702d12d43fb65698d00084	k__Bacteria; p__Firmicutes; c__Clostridia; o__Clostridiales; f__Ruminococcaceae; g__; s__	0.9964746022693343
44e30806f31bebb9eff7359e4621f443	k__Bacteria; p__Firmicutes; c__Clostridia; o__Clostridiales; f__Ruminococcaceae; g__; s__	0.9597190777865519
7b20476a12b729bd55657e82b2908069	k__Bacteria; p__Firmicutes; c__Bacilli; o__Lactobacillales; f__Leuconostocaceae; g__Leuconostoc	0.9999986005913801
6f27eada46a4646c12ccac436cd8d8b2	k__Bacteria; p__Firmicutes; c__Clostridia; o__Clostridiales	0.9986606596468515
6f7bb02ea2fba29490b2f53d553e0553	k__Bacteria; p__Firmicutes; c__Clostridia; o__Clostridiales; f__Lachnospiraceae	0.9540956549208875
758204d53a5a2bdb308cc43775c74310	k__Bacteria; p__Proteobacteria; c__Deltaproteobacteria; o__Desulfovibrionales; f__Desulfovibrionaceae; g__; s__	0.9998969054624102
89b345101dd62bf9ec82fe314c7f2359	k__Bacteria; p__Spirochaetes; c__Spirochaetes; o__Spirochaetales; f__Spirochaetaceae; g__Treponema; s__	0.9999969985327506
b5b074bb8bf4e3e7faa801c83148cbb7	k__Bacteria; p__Proteobacteria; c__Alphaproteobacteria; o__Rhodospirillales; f__Acetobacteraceae; g__Gluconobacter; s__	0.9999269196116224
513313699a2d5571fb5e3f811866ee44	k__Bacteria; p__Cyanobacteria; c__4C0d-2; o__YS2; f__; g__; s__	0.9999999999901661
e86f221ab1be14b994add6d844246d66	k__Bacteria; p__Tenericutes; c__Mollicutes; o__RF39; f__; g__; s__	0.9999999985165573
4385a9dda73daf945c28fa3b30143032	k__Bacteria; p__Firmicutes; c__Clostridia; o__Clostridiales; f__Ruminococcaceae; g__; s__	0.9993203074839243
9ea717ebce035737461104034b71334d	k__Bacteria; p__Firmicutes; c__Clostridia; o__Clostridiales; f__Ruminococcaceae; g__; s__	0.9992328085187558
2f6736ce7d37210cd75fadf80123007c	k__Bacteria; p__Proteobacteria; c__Alphaproteobacteria; o__Rhodospirillales; f__Acetobacteraceae; g__Commensalibacter; s__intestini	0.9999999172243043
62850c066196a1d5a771f33ba9aa2973	k__Bacteria; p__Bacteroidetes; c__Bacteroidia; o__Bacteroidales; f__Prevotellaceae; g__Prevotella; s__	0.9999949069228317
0f21aefe093632f22b0b00956bb847c9	k__Bacteria; p__Bacteroidetes; c__Bacteroidia; o__Bacteroidales; f__Bacteroidaceae; g__5-7N15; s__	0.9999998406815094
4bbe62dd61a7c5eb9815c52cf11de1c1	k__Bacteria; p__Proteobacteria; c__Alphaproteobacteria; o__Rhodospirillales; f__Acetobacteraceae; g__Acetobacter; s__	0.9859227248936644
5a1f1721139ae50f3f16b30e699e5e77	k__Bacteria; p__Firmicutes; c__Bacilli; o__Lactobacillales; f__Enterococcaceae; g__Enterococcus	0.9292096677390418
a8369c316b868dd27accd300fb3862a4	k__Bacteria; p__Firmicutes; c__Clostridia; o__Clostridiales; f__Ruminococcaceae; g__Ruminococcus; s__flavefaciens	0.9998505824516514
1a49401883c0809dc14f7c8a23a97afc	k__Bacteria; p__Proteobacteria; c__Alphaproteobacteria; o__Rhizobiales; f__Methylobacteriaceae; g__Methylobacterium; s__adhaesivum	0.9944818449576015
c0020e2a9392e9b68b36487ae10293a5	k__Bacteria; p__Firmicutes; c__Clostridia; o__Clostridiales; f__Lachnospiraceae	0.9739587001225694
e7945eb802a0a78a61784cbc1acfa68b	k__Bacteria; p__Firmicutes; c__Clostridia; o__Clostridiales; f__; g__; s__	0.9994755110892001
c3cfa0a15eb14e6273591d3340f7dbd1	k__Bacteria; p__Firmicutes; c__Clostridia; o__Clostridiales; f__Ruminococcaceae; g__; s__	0.8780566521437453
93d4d5ee812128b2599c1428e7191677	k__Bacteria; p__Bacteroidetes; c__Flavobacteriia; o__Flavobacteriales; f__[Weeksellaceae]; g__; s__	0.9477487648441146
70a241735b3824520d941ec3ae1ee9f0	k__Bacteria; p__Bacteroidetes; c__Bacteroidia; o__Bacteroidales; f__; g__; s__	0.9923305490032172
3f843c4e5475f6a8466b931cf5093d33	k__Bacteria; p__Proteobacteria; c__Alphaproteobacteria; o__Rhizobiales; f__Rhizobiaceae; g__Agrobacterium; s__	0.9940778923618048
c0e6fc45104d0b60cf6e439f21486909	k__Bacteria; p__Firmicutes; c__Bacilli; o__Lactobacillales; f__Lactobacillaceae	0.9995683787086544
cb2042ee256f704a26c3e7b29c1865fa	k__Bacteria; p__Firmicutes; c__Clostridia; o__Clostridiales; f__Lachnospiraceae; g__Coprococcus; s__	0.9476527454947481
5dcc187b00f11125ce6bec3acbd5b93e	k__Bacteria; p__Firmicutes; c__Clostridia; o__Clostridiales; f__; g__; s__	0.9994252391262409
43a3d5a6021f255dd76578f94dcfa5ed	k__Bacteria; p__Proteobacteria; c__Alphaproteobacteria; o__RF32; f__; g__; s__	0.9999999724237373
f4cedf524865de539e210ebbc6c4810a	k__Bacteria; p__Actinobacteria; c__Coriobacteriia; o__Coriobacteriales; f__Coriobacteriaceae; g__; s__	0.9898494800065218
5123c1c81c6936ee4dbb2d7ee826c959	k__Bacteria; p__Firmicutes; c__Clostridia; o__Clostridiales; f__; g__; s__	0.9870412211568163
4c4f625b9c40bd68c918e941d99ddcdd	k__Bacteria; p__Firmicutes; c__Clostridia; o__Clostridiales; f__Lachnospiraceae; g__Roseburia; s__	0.8964757184074627
108dc9f298c5bf3d566b216e934e6b97	k__Bacteria; p__Actinobacteria; c__Coriobacteriia; o__Coriobacteriales; f__Coriobacteriaceae; g__; s__	0.7057681497646532
85f6ba20008f20400ea3ffbf54c2088a	k__Bacteria; p__Firmicutes; c__Clostridia; o__Clostridiales; f__Ruminococcaceae; g__Oscillospira; s__	0.956886104068618
ebe8abee3a086175b587fec9a1f07753	k__Bacteria; p__Tenericutes; c__Mollicutes; o__RF39; f__; g__; s__	0.9999999987133066
9d2ac160b08f84985e10eb98ba326c51	k__Bacteria; p__Firmicutes; c__Clostridia; o__Clostridiales; f__Lachnospiraceae; g__Roseburia; s__	0.8674368501067773
bb83d2129387416ff43dcec147a42d5d	k__Bacteria; p__Bacteroidetes; c__Cytophagia; o__Cytophagales; f__Cytophagaceae; g__Leadbetterella; s__	0.9999999999618012
ea572604811a00f18e78d84a03697ad8	k__Bacteria; p__Proteobacteria; c__Epsilonproteobacteria; o__Campylobacterales; f__Helicobacteraceae; g__; s__	0.9999603365704542
8757ec652a96dad877210a58bb6cd2d0	k__Bacteria; p__Actinobacteria; c__Actinobacteria; o__Actinomycetales; f__Microbacteriaceae	0.9999546288910663
8ac044da0b684bc9c7435391bcdceee3	k__Bacteria; p__Firmicutes; c__Bacilli; o__Lactobacillales; f__Leuconostocaceae; g__Leuconostoc; s__mesenteroides	0.9762031863288173
a046d392917947513e4bb0970a35d39c	k__Bacteria; p__Proteobacteria; c__Alphaproteobacteria; o__Rickettsiales; f__Rickettsiaceae; g__Wolbachia; s__	0.999500733808384
a619137ed657412623150cdc712cfa6d	k__Bacteria; p__Actinobacteria; c__Coriobacteriia; o__Coriobacteriales; f__Coriobacteriaceae	0.9999998286918654
aed117fe46afb49a7fc54d7d8a2ed7f5	k__Bacteria; p__Firmicutes; c__Clostridia; o__Clostridiales; f__; g__; s__	0.998266363308053
0bac8eec9f9d0d95a907a590fdd28efb	k__Bacteria; p__Verrucomicrobia; c__Verruco-5; o__WCHB1-41; f__RFP12; g__; s__	0.9999999995178825
f33b7ca67f7a3c71a90ad1ababfe6716	k__Bacteria; p__Firmicutes; c__Clostridia; o__Clostridiales; f__Lachnospiraceae; g__; s__	0.8477082002808124
076a06ee00789ca34e9328f2ae080b4a	k__Bacteria; p__Proteobacteria; c__Alphaproteobacteria; o__Rhodospirillales; f__Acetobacteraceae; g__Commensalibacter; s__intestini	0.9999999932290535
a5eeffbca2189a027abd9686171cb741	k__Bacteria; p__Firmicutes; c__Clostridia; o__Clostridiales; f__Lachnospiraceae; g__; s__	0.8215257649374669
d6aa234aafaadf91f9b15d8c5b294230	k__Bacteria; p__Actinobacteria; c__Actinobacteria; o__Actinomycetales; f__Micrococcaceae; g__Microbispora; s__rosea	0.958655386756183
1dc71530ed4d45834cdac23dfb0ce19a	k__Bacteria; p__Proteobacteria; c__Alphaproteobacteria; o__Sphingomonadales; f__Sphingomonadaceae; g__Sphingomonas; s__	0.7253582299729605
6b17107671a6d68ed3430870cd36473f	k__Bacteria; p__Proteobacteria; c__Alphaproteobacteria; o__Rickettsiales; f__Rickettsiaceae; g__Wolbachia; s__	0.9977744569752293
19d3b4496b329b668b035279f1e8c2c1	k__Bacteria; p__Firmicutes; c__Clostridia; o__Clostridiales; f__Ruminococcaceae; g__; s__	0.9847412466407676
438392ff223d73c629a26dc6d29237c7	k__Bacteria; p__Bacteroidetes; c__Bacteroidia; o__Bacteroidales; f__Bacteroidaceae; g__; s__	0.9999996029761256
60fdda4956865d6895b6821c44962ea9	k__Bacteria; p__Actinobacteria; c__Coriobacteriia; o__Coriobacteriales; f__Coriobacteriaceae	0.9999999998527318
fc39e03f567b300f5ba14e43a58ef063	k__Bacteria; p__Verrucomicrobia; c__Verrucomicrobiae; o__Verrucomicrobiales; f__Verrucomicrobiaceae; g__Akkermansia; s__	0.9999999999995168
b2b08aee155351c6e7a661f5aec506d6	k__Bacteria; p__Proteobacteria; c__Alphaproteobacteria; o__Rickettsiales; f__Rickettsiaceae; g__Wolbachia; s__	0.9998805287464155
5345d7efec1d8ac3202146da5fcc5ffd	k__Bacteria; p__Firmicutes; c__Clostridia; o__Clostridiales; f__Lachnospiraceae; g__Roseburia; s__	0.8800134536995279
d499f0fcc47e98ba0950448bebcf0b4c	k__Bacteria; p__Proteobacteria; c__Alphaproteobacteria; o__Rickettsiales; f__mitochondria	1.0000000000000002
ca482d26669f72a7edde80ded710a7b3	k__Bacteria; p__Proteobacteria; c__Gammaproteobacteria; o__Enterobacteriales; f__Enterobacteriaceae	0.9999760960491666
ca94ff5dbea9b9449f81c0ea5b68dc4c	k__Bacteria; p__Firmicutes; c__Clostridia; o__Clostridiales; f__Ruminococcaceae; g__; s__	0.9902391698379353
d136306da31f27b197b563aa866114e2	k__Bacteria; p__Firmicutes; c__Clostridia; o__Clostridiales; f__Ruminococcaceae; g__Oscillospira; s__	0.9999012725265808
a8298bd9d1b6fdac3583c91ef2a956f1	k__Bacteria; p__Cyanobacteria; c__4C0d-2; o__YS2; f__; g__; s__	0.9999999818966644
9e56d0199789d9bdc8efcff646601b7a	k__Bacteria; p__Firmicutes; c__Clostridia; o__Clostridiales; f__; g__; s__	0.9990578997363834
d3a9ee114d09db66ae1c91e28939c059	k__Bacteria; p__Firmicutes; c__Clostridia; o__Clostridiales; f__[Mogibacteriaceae]; g__; s__	0.9999994013538982
d19bebb7879c85f34628fee11b68741f	k__Bacteria; p__Proteobacteria; c__Gammaproteobacteria; o__Pseudomonadales; f__Pseudomonadaceae; g__Pseudomonas; s__	0.903119839711099
c00d3c1d31f08674abc358a60e684a22	k__Bacteria; p__Firmicutes; c__Clostridia; o__Clostridiales; f__; g__; s__	0.9993093779396447
ac54b6a279031257704ca7feff69b683	k__Bacteria; p__Firmicutes; c__Clostridia; o__Clostridiales; f__Lachnospiraceae	0.9749333325616447
5c1d00428080fe86fde056cf873b7d06	k__Bacteria; p__Firmicutes; c__Clostridia; o__Clostridiales; f__Lachnospiraceae; g__; s__	0.8406423182077011
67acaa17b54fc334a68802c82420cc67	k__Bacteria; p__Firmicutes; c__Clostridia; o__Clostridiales; f__Ruminococcaceae; g__; s__	0.9963394176670713
5ba6cb3c0ebd95d51009a376f0b335d3	k__Bacteria; p__Actinobacteria; c__Actinobacteria; o__Actinomycetales; f__Micrococcaceae; g__Arthrobacter	0.981945149339772
2fdb5e01144999894541686536f97c4e	k__Bacteria; p__Firmicutes; c__Clostridia; o__Clostridiales; f__Ruminococcaceae; g__; s__	0.8390286347589995
17be95d05d77107a9f2a5fc1ab50ddf0	k__Bacteria; p__Firmicutes; c__Clostridia; o__Clostridiales; f__Ruminococcaceae	0.7122453801879195
b726c941fdde08c45e3d650f58885bc4	k__Bacteria; p__Firmicutes; c__Clostridia; o__Clostridiales; f__; g__; s__	0.9867126079503202
68e69bff36accf54c250762b22b6ef19	k__Bacteria; p__Tenericutes; c__Mollicutes; o__RF39; f__; g__; s__	0.9999999986836059
cb0be1adbef8a093692b519ff7612dfb	k__Bacteria; p__Firmicutes; c__Clostridia; o__Clostridiales; f__Ruminococcaceae; g__; s__	0.771852903693388
84b46fb1196f9d931d75bb4a540de885	k__Bacteria; p__Firmicutes; c__Clostridia; o__Clostridiales; f__Lachnospiraceae; g__Dorea; s__	0.9667600739109412
484bdf765b39c4688b86de940fe0287c	k__Bacteria; p__Firmicutes; c__Bacilli; o__Lactobacillales; f__Streptococcaceae; g__; s__	0.767830463326374
62ce0e7b4d4cd18ec24538a65cb642a0	k__Bacteria; p__Firmicutes; c__Clostridia; o__Clostridiales; f__Christensenellaceae; g__; s__	0.869428959224841
0a3cf58e28c83e4d530a23abf8ea3d59	k__Bacteria; p__Firmicutes; c__Clostridia; o__Clostridiales; f__Ruminococcaceae; g__; s__	0.8721589554742333
608d5bd4391bf6f49702cd8f197978b4	k__Bacteria; p__Firmicutes; c__Clostridia; o__Clostridiales; f__Ruminococcaceae; g__Faecalibacterium; s__	0.7895008506463465
fa940bf0ff897fad90b4eeb7b87d261d	k__Bacteria; p__Proteobacteria; c__Gammaproteobacteria; o__Enterobacteriales; f__Enterobacteriaceae; g__Enterobacter	0.7122321940321527
a3ba347708b277fe3b53e4458dff0e53	k__Bacteria; p__Firmicutes; c__Clostridia; o__Clostridiales; f__Ruminococcaceae; g__; s__	0.9998160548922993
9f483400ad9333110a3839d71bb0533d	k__Bacteria; p__Firmicutes; c__Clostridia; o__Clostridiales; f__Ruminococcaceae; g__; s__	0.8847998905867775
99887e5b973935600b760b7b881fd969	k__Bacteria; p__Firmicutes; c__Clostridia; o__Clostridiales; f__Lachnospiraceae; g__; s__	0.9315536440008971
69bae321eaa851f5eb6bdde83916781c	k__Bacteria; p__Firmicutes; c__Bacilli; o__Lactobacillales; f__Leuconostocaceae	0.9999999999998009
bd73c3ae2448d952dc05b58fc9b5a785	k__Bacteria; p__Cyanobacteria; c__Chloroplast; o__Chlorophyta; f__; g__; s__	0.9999945535796783
47998c89093ea6b0a5071b81921b7ea0	k__Bacteria; p__Firmicutes; c__Clostridia; o__Clostridiales; f__Lachnospiraceae; g__Anaerostipes; s__	0.7355269729443038
bccdc632ae86cd792ed568cdd6e5fac7	k__Bacteria; p__Proteobacteria; c__Gammaproteobacteria; o__Pasteurellales; f__; g__; s__	0.9999999999828191
4e456028ada7a55cece0b58d4543340b	k__Bacteria; p__Proteobacteria; c__Gammaproteobacteria; o__Oceanospirillales; f__Oceanospirillaceae; g__; s__	0.9696638863300738
d7b1ad2432a6d59cf8eb6e044d7ff512	k__Bacteria; p__Proteobacteria; c__Gammaproteobacteria; o__Xanthomonadales; f__Xanthomonadaceae; g__Wohlfahrtiimonas; s__	0.9999999865286072
bc56c5f155ad0f5fcbf0760192183909	k__Bacteria; p__Firmicutes; c__Clostridia; o__Clostridiales; f__Ruminococcaceae; g__; s__	0.925731219875753
ee9465105ebc7df1d8da94922d823e5b	k__Bacteria; p__Firmicutes; c__Clostridia; o__Clostridiales; f__Lachnospiraceae; g__Dorea; s__	0.9950452760205885
3d27de5d0b52f339f4eaa9c50384334c	k__Bacteria; p__Firmicutes; c__Clostridia; o__Clostridiales; f__Lachnospiraceae; g__Coprococcus; s__	0.9801949904572964
869ec5197764922f8f371accb884ce42	k__Bacteria; p__Firmicutes; c__Bacilli; o__Bacillales; f__Paenibacillaceae; g__Brevibacillus	0.9999999381425729
dbb22196478037e4d08fc72e56733033	k__Bacteria; p__Proteobacteria; c__Gammaproteobacteria; o__Pseudomonadales; f__Pseudomonadaceae; g__Pseudomonas; s__	0.894936945905528
d5666ae4539a29df39f9dfa187307569	k__Bacteria; p__Firmicutes; c__Clostridia; o__Clostridiales	0.9999322844693229
50c2f299475c47f6cd990c22f876af77	k__Bacteria; p__Firmicutes; c__Clostridia; o__Clostridiales; f__Ruminococcaceae; g__; s__	0.9942825442990659
033ee061f063319bdd08198109900a2a	k__Bacteria; p__Firmicutes; c__Clostridia; o__Clostridiales; f__Ruminococcaceae; g__; s__	0.9974518072275588
a6200a9d8c40dbe7c99f6fbedd7d13c4	k__Bacteria; p__Firmicutes; c__Clostridia; o__Clostridiales; f__Ruminococcaceae; g__; s__	0.9945241431863231
8f29e8d9c22a8d29972dac7d3260eeeb	k__Bacteria; p__Proteobacteria; c__Betaproteobacteria; o__Burkholderiales; f__Comamonadaceae; g__Variovorax; s__paradoxus	0.7749396132337569
b46c4b004cc68bdced89b3f89048b0c3	k__Bacteria; p__Proteobacteria; c__Alphaproteobacteria; o__Rhodospirillales; f__Acetobacteraceae; g__Acetobacter; s__	0.9976541498941355
fe2e4fbad7432826970c1c82ec458509	k__Bacteria; p__Firmicutes; c__Clostridia; o__Clostridiales; f__; g__; s__	0.9989408026968335
daf1edf2582ad502ac6cddd5c0394dd9	k__Bacteria; p__Firmicutes; c__Clostridia; o__Clostridiales	0.9999201672198749
dfce69f431fccb0b373421022dd026e4	k__Bacteria; p__Firmicutes; c__Clostridia; o__Clostridiales; f__Ruminococcaceae	0.9999958280190883
0555572d4aad87853c5fa712180911f7	k__Bacteria; p__Firmicutes; c__Clostridia; o__Clostridiales; f__Ruminococcaceae; g__; s__	0.9989577896251967
fb851ea14c95e77e03d8ce10406fea36	k__Bacteria; p__Firmicutes; c__Bacilli; o__Lactobacillales; f__Leuconostocaceae; g__Leuconostoc; s__	0.8755116481657361
ab144185f6e2e763ad0be9667d37b834	k__Bacteria; p__Firmicutes; c__Clostridia; o__Clostridiales; f__Lachnospiraceae; g__Blautia; s__	0.8792579491114958
3119f3c885339ebcc262b2dad356c958	k__Bacteria; p__Proteobacteria; c__Gammaproteobacteria; o__Enterobacteriales; f__Enterobacteriaceae	0.9999948144007068
1179fa11ceade624986c9d61dea910ed	k__Bacteria; p__Firmicutes; c__Bacilli; o__Lactobacillales; f__Lactobacillaceae; g__Lactobacillus; s__zeae	0.9732066418408085
3ed68ab86cb71e62ce1df0681f473a3e	k__Bacteria; p__Actinobacteria; c__Actinobacteria; o__Actinomycetales; f__Rarobacteraceae; g__Rarobacter; s__	0.9829020257878135
d0736112536bfe134d2d7bbbac51bd16	k__Bacteria; p__Proteobacteria; c__Gammaproteobacteria; o__Pasteurellales; f__; g__; s__	0.9999594815934102
6d2b4d016e87fd2183dfa96f859ae5ce	k__Bacteria; p__Actinobacteria; c__Actinobacteria; o__Actinomycetales; f__Microbacteriaceae	0.9999931314830989
25fbe513c8fbe36778598726c4741ab3	k__Bacteria; p__Firmicutes; c__Clostridia; o__Clostridiales; f__Lachnospiraceae; g__Coprococcus; s__	0.93951771182472
a4ac812a66e73121939d7b1fa2ca380e	k__Bacteria; p__Firmicutes; c__Clostridia; o__Clostridiales; f__Ruminococcaceae; g__; s__	0.9993927921192999
758544595cfd1bae455f45916a8416b8	k__Bacteria; p__Firmicutes; c__Clostridia; o__Clostridiales; f__; g__; s__	0.9997346120236617
04b975bc31ae2bc5c0ee361f63738a6d	k__Bacteria; p__Firmicutes; c__Clostridia; o__Clostridiales; f__Lachnospiraceae; g__; s__	0.8195679671597549
45787a613f0011c006f1778b585f42d9	k__Bacteria; p__Firmicutes; c__Clostridia; o__Clostridiales; f__Ruminococcaceae; g__; s__	0.998706791569552
34422771bedb35e18915e0c0f329cc4a	k__Bacteria; p__Firmicutes; c__Clostridia; o__Clostridiales; f__Lachnospiraceae	0.9851657046182151
cec76912f8530412fe900fee9096f8ad	k__Bacteria; p__Firmicutes; c__Clostridia; o__Clostridiales; f__Ruminococcaceae; g__Oscillospira; s__	0.9998073748103725
2abe4efdd10c0b3df34f192e70c54f28	k__Bacteria; p__Bacteroidetes; c__Bacteroidia; o__Bacteroidales	0.9999417732697166
016dd53f934aab091373c0e4df29ea5d	k__Bacteria; p__Firmicutes; c__Clostridia; o__Clostridiales; f__Ruminococcaceae	0.8099894164278821
613399746627c5f4075cc499502a8521	k__Bacteria; p__Firmicutes; c__Clostridia; o__Clostridiales; f__Ruminococcaceae; g__Oscillospira; s__	0.9972365517094204
a2960a120a8ca5733bf88be37f82550a	k__Bacteria; p__Actinobacteria; c__Actinobacteria; o__Actinomycetales; f__Microbacteriaceae	0.9999952424504136
9975c8f441d110715f11928f41830fb7	k__Bacteria; p__Actinobacteria; c__Actinobacteria; o__Actinomycetales; f__Nocardioidaceae; g__Nocardioides	0.9763378597760354
5f778802948aeeb26fba86a5d5666c96	k__Bacteria; p__Proteobacteria; c__Gammaproteobacteria; o__Enterobacteriales; f__Enterobacteriaceae	0.9999370916789788
edde80f6c1ea50e14c47d1a872496e36	k__Bacteria; p__[Thermi]; c__Deinococci; o__Deinococcales; f__Deinococcaceae; g__Deinococcus	0.9999999890463166
9daf5010f62c5a127617c463c6ebc8d4	k__Bacteria; p__Actinobacteria; c__Actinobacteria; o__Actinomycetales; f__Corynebacteriaceae; g__Corynebacterium	0.9999999253203911
3ab46005ec4a5dcdc6bbad43e0a4eebb	k__Bacteria; p__Firmicutes; c__Clostridia; o__Clostridiales; f__; g__; s__	0.987645741177293
9349fa0ca343b8e5583dfec30a10d734	k__Bacteria; p__Firmicutes; c__Clostridia; o__Clostridiales; f__; g__; s__	0.9582062457409589
262bd4b729869bc9ce1764ff73530444	k__Bacteria; p__Firmicutes; c__Clostridia; o__Clostridiales; f__Lachnospiraceae; g__; s__	0.8885535337802832
a5e80071915f3a5fd7ac8b2d80204fa4	k__Bacteria; p__Firmicutes; c__Clostridia; o__Clostridiales; f__Christensenellaceae; g__; s__	0.7212970474958247
48cdfdd31abcab60abb822d8edf0724c	k__Bacteria; p__Bacteroidetes; c__Bacteroidia; o__Bacteroidales; f__BS11; g__; s__	0.9971031080408341
c09afd7b71f563067115df0871a5682d	k__Bacteria; p__Firmicutes; c__Clostridia; o__Clostridiales; f__Lachnospiraceae; g__; s__	0.9105222741617289
ef7af45ea50ce321169a77e30fc7f27e	k__Bacteria; p__Proteobacteria; c__Betaproteobacteria; o__Burkholderiales; f__Alcaligenaceae	0.9999813810158861
efa29fba8ca95c75d790509ebfba5a5c	k__Bacteria; p__Actinobacteria; c__Actinobacteria; o__Actinomycetales; f__Mycobacteriaceae; g__Mycobacterium	0.9999998327998416
8fcb355a97fb2ec930ec6d472188d9f8	k__Bacteria; p__Firmicutes; c__Clostridia; o__Clostridiales; f__[Mogibacteriaceae]; g__; s__	0.9999995982940345
0a78ffdbe259e982871db003c9bd2310	k__Bacteria; p__Firmicutes; c__Clostridia; o__Clostridiales; f__Ruminococcaceae; g__; s__	0.9737881290611652
64d017e374459c8b52306baa6ba42284	k__Bacteria; p__Bacteroidetes; c__Flavobacteriia; o__Flavobacteriales; f__[Weeksellaceae]; g__Wautersiella; s__	0.9999999936039785
9945358b887ff5ffcea0f2d781407ba2	k__Bacteria; p__Proteobacteria; c__Alphaproteobacteria; o__Rhizobiales; f__Hyphomicrobiaceae; g__Devosia; s__	0.9998605702088559
96a8d95bf7f90451ae0bbf644b8250a2	k__Bacteria; p__Bacteroidetes; c__Flavobacteriia; o__Flavobacteriales; f__[Weeksellaceae]; g__Chryseobacterium; s__	0.9997441829050192
832ef784982bd5c8e9df4ea2a57d6a74	k__Bacteria; p__Proteobacteria; c__Alphaproteobacteria; o__Rhizobiales; f__Methylobacteriaceae; g__Methylobacterium; s__adhaesivum	0.94004494874825
51c6ecfae274f746a54ebfa85323041e	k__Bacteria; p__Firmicutes; c__Clostridia; o__Clostridiales; f__Ruminococcaceae	0.9999955225765625
4c5750493c6b27b454ba4a62332e0be2	k__Bacteria; p__Firmicutes; c__Clostridia; o__Clostridiales; f__Ruminococcaceae; g__Ruminococcus; s__	0.9737006587033556
e1fcd0cd0070c971c7768047af508f53	k__Bacteria; p__Firmicutes; c__Clostridia; o__Clostridiales; f__Ruminococcaceae	0.9999539530760758
f7269b4f3a6ee89bf71656e29142ed90	k__Bacteria; p__Firmicutes; c__Clostridia; o__Clostridiales; f__Ruminococcaceae; g__; s__	0.98994696936173
5a817cae7e99e90fe0f83b721a7b91b3	k__Bacteria; p__Firmicutes; c__Clostridia; o__Clostridiales; f__; g__; s__	0.8390310493085268
b607e4b559041f98b124228e93a22163	k__Bacteria	0.9999999999227005
07291ad27befbe65df5e3cc45c9ad935	k__Bacteria; p__Firmicutes; c__Clostridia; o__Clostridiales; f__Lachnospiraceae	0.9961849826136526
a4f9ae7366293ffdda14d4a3a28e3644	k__Bacteria; p__Proteobacteria; c__Alphaproteobacteria; o__Rhodospirillales; f__Acetobacteraceae; g__Commensalibacter; s__intestini	0.9999999441401302
3d2bff38cbdb81a9dbcba66bd501e09b	k__Bacteria; p__Firmicutes; c__Bacilli; o__Lactobacillales; f__Leuconostocaceae; g__Leuconostoc; s__	0.9201597517881733
e85c28795b5f696d6e7e4cb8080c96e6	k__Bacteria; p__Actinobacteria; c__Actinobacteria; o__Actinomycetales; f__Microbacteriaceae; g__Leucobacter; s__	0.8799624571635951
fadbc255821272656b337c1085b607b9	k__Bacteria; p__Firmicutes; c__Clostridia; o__Clostridiales; f__; g__; s__	0.9998351424870572
adbbf160ad0b173956d98c262b118c56	k__Bacteria; p__Firmicutes; c__Bacilli; o__Lactobacillales; f__Leuconostocaceae; g__Weissella	0.9999781543947771
02a8cfe01801e343fbe1ab3fe6d3cb31	k__Bacteria; p__Proteobacteria; c__Alphaproteobacteria; o__Rickettsiales; f__Rickettsiaceae; g__Wolbachia; s__	0.9998408857154112
3da6742b8cea97aab53f293727bd5237	k__Bacteria; p__Firmicutes; c__Bacilli; o__Lactobacillales; f__Enterococcaceae	0.9693664656485079
a4da9c096f0e7a5d9b4389edd709f9b7	k__Bacteria; p__Proteobacteria; c__Alphaproteobacteria; o__Rickettsiales; f__Rickettsiaceae; g__Wolbachia; s__	0.999761999284542
dde35917c6b7e1cae9a079dbd27fe751	k__Bacteria; p__Firmicutes; c__Bacilli; o__Bacillales; f__Staphylococcaceae; g__Staphylococcus	0.9977519657323835
d0e2a33156b62e774f7ffcdb9e512e01	k__Bacteria; p__Firmicutes; c__Clostridia; o__Clostridiales; f__Lachnospiraceae; g__Coprococcus; s__	0.9997823121931813
707619eab2a5659e16087721d217999b	k__Bacteria; p__Firmicutes; c__Clostridia; o__Clostridiales; f__Clostridiaceae; g__Clostridium; s__	0.8604912321397267
299de8e0f5f3ea95d6eff2a7468c5347	k__Bacteria; p__Bacteroidetes; c__Bacteroidia; o__Bacteroidales	0.9999197427575807
e35581ee811055111dafd1efb7842dc6	k__Bacteria; p__Firmicutes; c__Clostridia; o__Clostridiales; f__[Mogibacteriaceae]; g__; s__	0.9999997617943848
1bc1e2315852d26ed11f14c956f78556	k__Bacteria; p__Firmicutes; c__Clostridia; o__Clostridiales; f__Ruminococcaceae; g__; s__	0.8271136078282193
e1e30f184f48ab17933558087de0dceb	k__Bacteria; p__Firmicutes; c__Clostridia; o__Clostridiales; f__; g__; s__	0.9999478983999096
a09cd7a1380b27819626831f42a02624	k__Bacteria; p__Firmicutes; c__Bacilli; o__Bacillales; f__Paenibacillaceae; g__Brevibacillus; s__	0.7325292065823882
81dc8ec9c5bca751f869b5b161f679c7	k__Bacteria; p__Acidobacteria; c__[Chloracidobacteria]; o__RB41; f__; g__; s__	0.9999633199094295
b2fc4536db858b28e2f8c85de6db35ab	k__Bacteria; p__Proteobacteria; c__Alphaproteobacteria; o__Rhodospirillales; f__Acetobacteraceae; g__Commensalibacter; s__intestini	0.9999998467386295
cf0fe25e73f953ed1559ef89b6d55c39	k__Bacteria; p__Chloroflexi; c__Thermomicrobia; o__JG30-KF-CM45; f__; g__; s__	0.999999999376243
5cda1309454b0adc92d8c3904aa4e162	k__Bacteria; p__Firmicutes; c__Clostridia; o__Clostridiales	0.9997739544726091
1c3618041a0255e993fbb6563fa59797	k__Bacteria; p__Firmicutes; c__Clostridia; o__Clostridiales; f__[Mogibacteriaceae]; g__; s__	0.999999762158751
2df85462563e27e9ed903e08bd8a37c5	k__Bacteria	0.9999999972042515
0cc890618e917bc1d3105aa2b515691a	k__Bacteria; p__Proteobacteria; c__Alphaproteobacteria; o__Rickettsiales; f__Rickettsiaceae; g__Wolbachia; s__	0.9998109138622542
e7b47f5a99f66f6db2cf1bcbf538fd89	k__Bacteria; p__Proteobacteria; c__Betaproteobacteria; o__Neisseriales; f__Neisseriaceae; g__; s__	0.9994510318075154
57bebebfb8520573033673fa1a891690	k__Bacteria; p__Proteobacteria; c__Alphaproteobacteria; o__Rhodospirillales; f__Acetobacteraceae; g__Acetobacter; s__	0.9984993993012355
28c1ba62bd8686747147e08b9d72a4a9	k__Bacteria; p__Firmicutes; c__Clostridia; o__Clostridiales; f__Clostridiaceae; g__Clostridium; s__intestinale	0.9999813633704594
428dba74d69296422cfd9706d9848322	k__Bacteria; p__Proteobacteria; c__Alphaproteobacteria; o__Rhodospirillales; f__Acetobacteraceae; g__Gluconobacter; s__	0.999988564269917
0394229b95f7c137f0ff7a6a22b1d679	k__Bacteria; p__Spirochaetes; c__[Brevinematae]; o__; f__; g__; s__	0.9266418566855859
ea482a9931dd9610844853d633e411f9	k__Bacteria; p__Firmicutes; c__Bacilli; o__Lactobacillales; f__Lactobacillaceae; g__Lactobacillus; s__	0.9947164090068061
7085e9af8fc18130ba8c051b29d4ea62	k__Bacteria; p__Firmicutes; c__Clostridia; o__Clostridiales; f__Ruminococcaceae; g__; s__	0.9947498128583883
2c65848d9f7f1984d58297cdf9631659	k__Bacteria; p__Firmicutes; c__Clostridia; o__Clostridiales	0.9999818856198096
dbe014a37386b7fb7006e0d736facd56	k__Bacteria; p__Firmicutes; c__Clostridia; o__Clostridiales; f__Ruminococcaceae; g__Oscillospira; s__	0.9880567367314537
1ee870f7873e8f87e814808e455e9c9a	k__Bacteria	0.9999999899666385
0228aa69fae8d4f0a678a5f5b4ed4ae2	k__Bacteria; p__Firmicutes; c__Clostridia; o__Clostridiales; f__; g__; s__	0.9995708665395691
8d2f80db306ecca822085a2a5463fa20	k__Bacteria; p__Firmicutes; c__Bacilli; o__Bacillales; f__Bacillaceae	0.9805640887241293
6befc8fab0342c7af7b98307bf949a66	k__Bacteria; p__Firmicutes; c__Bacilli; o__Lactobacillales; f__Streptococcaceae; g__Lactococcus; s__	0.9999999177801333
1f6aacc44668eb4dd08b59c42c372ddf	k__Bacteria; p__Actinobacteria; c__Actinobacteria; o__Actinomycetales; f__Propionibacteriaceae; g__Propionibacterium; s__acnes	0.9576270559330945
54681df20b9137c2e4ff43007d0c8222	k__Bacteria; p__Firmicutes; c__Bacilli; o__Lactobacillales; f__Lactobacillaceae; g__Lactobacillus; s__	0.9391125626689927
6ad72e9d7eafd9a764e724b287cc619c	k__Bacteria; p__Proteobacteria; c__Alphaproteobacteria; o__Rhodospirillales; f__Acetobacteraceae; g__Gluconobacter; s__	0.9999540557991778
d213ae63e4946122c1747b72844c48c7	k__Bacteria; p__Proteobacteria; c__Gammaproteobacteria; o__Enterobacteriales; f__Enterobacteriaceae	0.9997861520895316
4a69930ae9c769324c268890bf796a76	k__Bacteria; p__Actinobacteria; c__Coriobacteriia; o__Coriobacteriales; f__Coriobacteriaceae; g__Adlercreutzia; s__	0.9119568256971671
cd57d4f3b2843a89b71fb4931b4db5fb	k__Bacteria; p__Firmicutes; c__Clostridia; o__Clostridiales	0.999980545284593
7a20b0a6cc696ae78bf415e91a6cb8d4	k__Bacteria; p__Actinobacteria; c__Coriobacteriia; o__Coriobacteriales; f__Coriobacteriaceae; g__; s__	0.9130351267711518
c27b89620da2f3d3d28b1a75f2365f0c	k__Bacteria; p__Actinobacteria; c__Coriobacteriia; o__Coriobacteriales; f__Coriobacteriaceae; g__; s__	0.7974890329804664
911db30fd7fdb7f43a7682874f6b0618	k__Bacteria; p__Firmicutes; c__Clostridia; o__Clostridiales; f__[Tissierellaceae]; g__Peptoniphilus; s__	0.9999999999999858
11472a93b62e47007c0348a86549f6e1	k__Bacteria; p__Firmicutes; c__Bacilli; o__Lactobacillales; f__Lactobacillaceae; g__Lactobacillus; s__	0.9975677689494657
0014de7c406f328e83a3718f3ed7ac85	k__Bacteria; p__Firmicutes; c__Clostridia; o__Clostridiales; f__Lachnospiraceae	0.9742778554333645
4461337479b370c04cff9a088b3abc41	k__Bacteria; p__Firmicutes; c__Clostridia; o__Clostridiales; f__; g__; s__	0.8937166122064492
7a4da4de977f5c823410b90a63f250ad	k__Bacteria; p__Firmicutes; c__Clostridia; o__Clostridiales; f__Ruminococcaceae	0.999994952458853
7950af26393f8bedcea8aa206b3868b8	k__Bacteria; p__Proteobacteria; c__Alphaproteobacteria; o__Rhodospirillales; f__Acetobacteraceae; g__Acetobacter; s__	0.9979949353995173
ffd3294be4554345f52558f1e2c81541	k__Bacteria; p__Firmicutes; c__Bacilli; o__Lactobacillales; f__Lactobacillaceae; g__Lactobacillus; s__	0.984321899763662
8a35934a859c047764a205296876c87f	k__Bacteria; p__Bacteroidetes; c__Bacteroidia; o__Bacteroidales; f__Bacteroidaceae; g__5-7N15; s__	0.9999966494673769
6978aa335fc0f262384163b324a11de8	k__Bacteria; p__Actinobacteria; c__Actinobacteria; o__Actinomycetales; f__Corynebacteriaceae; g__Corynebacterium	0.9999999829532267
ee13c1d32fe0d58063633d093a25721c	k__Bacteria; p__Firmicutes; c__Clostridia; o__Clostridiales; f__Ruminococcaceae; g__; s__	0.9952088097974595
c83a973ff411acc71ee9a9e652196ca2	k__Bacteria; p__Planctomycetes; c__Planctomycetia; o__Planctomycetales; f__Planctomycetaceae; g__Planctomyces; s__	0.9999999776292443
762d7d0b1be786f4a687c8f9b827a8b3	k__Bacteria; p__Proteobacteria; c__Alphaproteobacteria; o__Sphingomonadales; f__Sphingomonadaceae; g__Blastomonas; s__	0.8428267824222734
bdc1843eb6defde06d90512d0a40830c	k__Bacteria; p__Proteobacteria; c__Alphaproteobacteria; o__Rhodospirillales; f__Acetobacteraceae; g__Acetobacter; s__	0.999602527754032
e15149c77b3d4e415e6465cf641d1736	k__Bacteria; p__Proteobacteria; c__Betaproteobacteria; o__Burkholderiales; f__Comamonadaceae; g__Polaromonas; s__	0.8266595220317128
0ae887f45afd8ed7a4939de7ed9452f8	k__Bacteria; p__Firmicutes; c__Clostridia; o__Clostridiales; f__Lachnospiraceae; g__; s__	0.9308719360998285
f6bb6c73fd11401d5ff023b6ffd9b31a	k__Bacteria; p__Firmicutes; c__Clostridia; o__Clostridiales; f__; g__; s__	0.7807370576087023
8bfa8e1a3784e71d6ab15e547de63898	k__Bacteria; p__Firmicutes; c__Clostridia; o__Clostridiales; f__; g__; s__	0.9893221026615044
08183b95703ab13602280edc7fe14aab	k__Bacteria; p__Firmicutes; c__Clostridia; o__Clostridiales; f__Ruminococcaceae; g__; s__	0.7761576965792959
e34cab70d3a75e4391f231820b39bdfb	k__Bacteria; p__Proteobacteria; c__Alphaproteobacteria; o__Rhodospirillales; f__Acetobacteraceae; g__Acetobacter; s__	0.9955826858551143
d242524151880df9d8106727bac1b66d	k__Bacteria; p__Proteobacteria; c__Gammaproteobacteria	0.9999990540002054
681fc18512159699ea2314760078748a	k__Bacteria; p__Proteobacteria; c__Alphaproteobacteria; o__Rhodospirillales; f__Acetobacteraceae	0.9999997531882668
2b1e30716b2e15144424cd9911950e7a	k__Bacteria; p__Proteobacteria; c__Alphaproteobacteria; o__Rickettsiales; f__Rickettsiaceae; g__Wolbachia; s__	0.9997789591388908
700572bcfede69438f9dcd877485039d	k__Bacteria; p__Firmicutes; c__Clostridia; o__Clostridiales; f__Lachnospiraceae; g__; s__	0.8727629763990841
47b65bf0d498241aebde58bda676787d	k__Bacteria; p__Firmicutes; c__Clostridia; o__Clostridiales; f__; g__; s__	0.9993503925059127
f3105871c4275f0f32c38dad8e92009f	k__Bacteria; p__Firmicutes; c__Clostridia; o__Clostridiales; f__Ruminococcaceae; g__; s__	0.9983708488690428
9a79ee942dcc4dc428d7c9714ee82264	k__Bacteria; p__Firmicutes; c__Clostridia; o__Clostridiales; f__Ruminococcaceae; g__; s__	0.9899842170262423
d4eb5eec0f67746ca3dcc4ade52624bb	k__Bacteria; p__Firmicutes; c__Bacilli; o__Lactobacillales; f__Leuconostocaceae; g__Leuconostoc; s__	0.9034579849438523
07366b9b06b8c44cbf46acbe1905297a	k__Bacteria; p__Actinobacteria; c__Actinobacteria; o__Actinomycetales; f__Microbacteriaceae; g__Leucobacter; s__	0.9504819142320594
78f5001429f01ba7cf3886a7476a44db	k__Bacteria; p__Actinobacteria; c__Coriobacteriia; o__Coriobacteriales; f__Coriobacteriaceae	0.9999988699445463
b3859c91c20a2ac1be8c1a59639fd4f9	k__Bacteria; p__Firmicutes; c__Clostridia; o__Clostridiales; f__Ruminococcaceae; g__; s__	0.9870557693995617
e1f548f3255d1fa8c9798b150ec8aee0	k__Bacteria; p__Firmicutes; c__Clostridia; o__Clostridiales; f__Ruminococcaceae; g__; s__	0.9937344649911887
cb14bb9c69474b326eeaa380e66c390c	k__Bacteria; p__Firmicutes; c__Clostridia; o__Clostridiales; f__Ruminococcaceae; g__; s__	0.8215494530653971
c097dd46cd60b9832871d783f03b57c2	k__Bacteria; p__Bacteroidetes; c__Cytophagia; o__Cytophagales; f__Cytophagaceae; g__Hymenobacter; s__	0.99999999984135
a21f76c7350fa61518cd3347d821da72	k__Bacteria; p__Actinobacteria; c__Actinobacteria; o__Actinomycetales; f__Gordoniaceae; g__Gordonia; s__	0.9999083504513651
d6b11c12e45e20b0323214e579a05867	k__Bacteria; p__Firmicutes; c__Bacilli; o__Lactobacillales; f__Streptococcaceae; g__Lactococcus; s__	0.9999994934950113
4ec90b581f56a738a2bff213c8217419	k__Bacteria; p__Firmicutes; c__Clostridia; o__Clostridiales; f__; g__; s__	0.9783509072952434
0dcd55d24b506573a5e09fddbd23c957	k__Bacteria; p__Firmicutes; c__Clostridia; o__Clostridiales; f__Ruminococcaceae; g__; s__	0.9117889770766258
7e01efc15ae369ec61bbb9fa4d4df2a9	k__Bacteria; p__Chloroflexi; c__Thermomicrobia; o__JG30-KF-CM45; f__; g__; s__	0.9999999999992326
8c3f10b15e665f4c1f2da3f72b4da25e	k__Bacteria; p__Proteobacteria; c__Alphaproteobacteria; o__Sphingomonadales; f__Sphingomonadaceae; g__Sphingomonas; s__	0.9750990120453541
baf7e970d53d90c30fa66967c920609e	k__Bacteria; p__Bacteroidetes; c__Cytophagia; o__Cytophagales; f__Cytophagaceae; g__Dyadobacter; s__	0.9999999997128839
afdb323e8f833ccaec051f09a619949e	k__Bacteria; p__Proteobacteria; c__Betaproteobacteria; o__Burkholderiales; f__Comamonadaceae	0.9999660467800776
684ac573aeff6d1f97000a7d0a64abd5	k__Bacteria; p__Firmicutes; c__Clostridia; o__Clostridiales; f__Lachnospiraceae	0.9498162270150209
aa760a80cccb7bfac854e030a1383b2b	k__Bacteria; p__Firmicutes; c__Bacilli; o__Lactobacillales; f__Streptococcaceae; g__Streptococcus; s__	0.9992165959598162
2418e416349158af11f43845f7244db3	k__Bacteria; p__Proteobacteria; c__Alphaproteobacteria; o__Rhodospirillales; f__Acetobacteraceae; g__Gluconobacter; s__	0.995956170350233
e462a12374d6ddb7bf8052dc9b59f540	k__Bacteria; p__Firmicutes; c__Clostridia; o__Clostridiales; f__Christensenellaceae; g__; s__	0.94362369113523
9f652fc54fd0a6774b1591c0f7364077	k__Bacteria; p__Firmicutes; c__Clostridia; o__Clostridiales; f__; g__; s__	0.9802803864394374
fc79dea20744b8ecab15704177065bf9	k__Bacteria; p__Firmicutes; c__Clostridia; o__Clostridiales	0.9998239366038014
0fccfeb6b9af6b0fb5505f2ff92a447e	k__Bacteria; p__Firmicutes; c__Clostridia; o__Clostridiales; f__Ruminococcaceae	0.9999501974392848
c27dfb52fc5a6bc93c45c67c157a6488	k__Bacteria; p__Firmicutes; c__Clostridia; o__Clostridiales; f__Lachnospiraceae; g__Clostridium; s__lavalense	0.7031104913259105
a17ad87c4aae3b9d5be3f55bd3b6913c	k__Bacteria; p__Firmicutes; c__Clostridia; o__Clostridiales; f__; g__; s__	0.9917116359221654
46d2ab5f086bf32467bdc807de09e994	k__Bacteria; p__Firmicutes; c__Clostridia; o__Clostridiales; f__; g__; s__	0.9426043167726038
c52355dc589463a27e9d80171e13afc4	k__Bacteria; p__Firmicutes; c__Clostridia; o__Clostridiales; f__Lachnospiraceae; g__Clostridium; s__lavalense	0.7808998055910097
62085290a075624ec7043abbb02b19f7	k__Bacteria; p__Firmicutes; c__Clostridia; o__Clostridiales; f__Ruminococcaceae; g__; s__	0.9915018931825594
f67786d3a0a817863ed2cfadef430397	k__Bacteria; p__Proteobacteria; c__Alphaproteobacteria; o__Rickettsiales; f__Rickettsiaceae; g__Wolbachia; s__	0.9998354825808351
37cda07a0f5783bc86bec6771a414132	k__Bacteria; p__Proteobacteria; c__Alphaproteobacteria; o__Rhodospirillales; f__Acetobacteraceae; g__Acetobacter; s__	0.9988846362678675
741e8f7a5d9703b7d3a472447782e0a2	k__Bacteria; p__Firmicutes; c__Clostridia; o__Clostridiales; f__Lachnospiraceae; g__Blautia; s__	0.8015124794122469
2c0d7bda84cd99c0202cf0eebeb0da46	k__Bacteria; p__Firmicutes; c__Clostridia; o__Clostridiales; f__Ruminococcaceae; g__; s__	0.9790900685273042
f6ed88bf1cc92f588093d788037338a2	k__Bacteria; p__Firmicutes; c__Clostridia; o__Clostridiales; f__Lachnospiraceae; g__Dorea; s__	0.999969893579797
da5da74971196c415806392c3c9401c9	k__Bacteria; p__Firmicutes; c__Clostridia; o__Clostridiales; f__Ruminococcaceae; g__; s__	0.9983903620702955
282e252a96d6cacda9733db40f31c822	k__Bacteria; p__Actinobacteria; c__Actinobacteria; o__Actinomycetales; f__Corynebacteriaceae; g__Corynebacterium; s__	0.9958223694864713
ac91ee319538f259b045d44c380e7125	k__Bacteria; p__Firmicutes; c__Clostridia; o__Clostridiales; f__; g__; s__	0.9998774713456366
bdbc87e49c340f48a46f4605697c1824	k__Bacteria; p__Firmicutes; c__Clostridia; o__Clostridiales; f__Ruminococcaceae; g__Oscillospira; s__	0.8694347297407587
389b9e476bfbfbd5b52cef2c41ad435e	k__Bacteria; p__Firmicutes; c__Clostridia; o__Clostridiales; f__Ruminococcaceae; g__; s__	0.7153567066312659
17aa5187aa07c6484ecc9f2dc8542dcf	k__Bacteria; p__Firmicutes; c__Clostridia; o__Clostridiales	0.9999603815474728
2912df83c711fa71a055930da24bb68d	k__Bacteria; p__Firmicutes; c__Clostridia; o__Clostridiales; f__Ruminococcaceae; g__; s__	0.9718858430220564
829d8bb53bd803f540304f24cb5bc4de	k__Bacteria; p__Firmicutes; c__Clostridia; o__Clostridiales; f__Lachnospiraceae; g__; s__	0.9817589201215556
eb3a892a1754d5e23840b78d9492ca59	k__Bacteria; p__Firmicutes; c__Clostridia; o__Clostridiales; f__Ruminococcaceae; g__; s__	0.9997721537559962
cd40cd1e6fea89a0185e95224cd334b8	k__Bacteria; p__Firmicutes; c__Clostridia; o__Clostridiales; f__Lachnospiraceae	0.9809290432238064
277e3d7b9b55b85779dd72ac005612c7	k__Bacteria; p__Firmicutes; c__Clostridia; o__Clostridiales; f__; g__; s__	0.9999710154185262
bda5df9e31b9aa2a0dbb235e874b4c78	k__Bacteria; p__Proteobacteria; c__Gammaproteobacteria; o__Oceanospirillales; f__Halomonadaceae; g__Halomonas; s__	0.9944464964078831
53d63a38e7d0fdba6b7f680ba76a75e8	k__Bacteria; p__Proteobacteria; c__Alphaproteobacteria; o__Rhodospirillales; f__Acetobacteraceae; g__Gluconobacter; s__	0.9998251841268269
7e763d5d679d5baa2823133fc5a5afac	k__Bacteria; p__Proteobacteria; c__Alphaproteobacteria; o__Rhodospirillales; f__Acetobacteraceae; g__Acetobacter; s__	0.9995680341554908
ff045d205090dc55a15c8ea97b51cc23	k__Bacteria; p__Proteobacteria; c__Alphaproteobacteria; o__Rhodospirillales; f__Acetobacteraceae; g__Acetobacter; s__	0.9128863652337115
8bc67c5c6e762b15ca6a281e8d82fa35	k__Bacteria; p__Firmicutes; c__Clostridia; o__Clostridiales; f__Ruminococcaceae; g__; s__	0.9983264463340935
480f9217018ae236931c611a964e4dd1	k__Bacteria; p__Firmicutes; c__Clostridia; o__Clostridiales; f__Ruminococcaceae	0.9058808852775608
60dbbfbddf93a1086e2ae9f48898d839	k__Bacteria; p__Firmicutes; c__Clostridia; o__Clostridiales; f__Ruminococcaceae; g__; s__	0.9728260507063405
6bdece54ce89a8f63e1a1dbafac3e1ff	k__Bacteria; p__Firmicutes; c__Clostridia; o__Clostridiales; f__Ruminococcaceae; g__; s__	0.835917029468713
671aecbb6a428cc475b6ee7d3d9510fa	k__Bacteria; p__Bacteroidetes; c__Bacteroidia; o__Bacteroidales; f__Porphyromonadaceae; g__Dysgonomonas; s__	0.9999995051567313
c2b0e5f07cb8261276d7be298c6ce9df	k__Bacteria; p__Proteobacteria; c__Betaproteobacteria; o__Burkholderiales; f__Alcaligenaceae	0.9999624248812529
0961f3c5323a3f15f2c6eb800f28696b	k__Bacteria; p__Firmicutes; c__Bacilli; o__Lactobacillales; f__Lactobacillaceae; g__Lactobacillus; s__	0.988143924067634
d73fa18af68d669b742bb00264205c1f	k__Bacteria; p__Proteobacteria; c__Alphaproteobacteria; o__Rhodospirillales; f__Acetobacteraceae; g__Acetobacter; s__	0.9825193988384759
1e4ff227ad25187446ba5a1e3ef317f4	k__Bacteria; p__Firmicutes; c__Clostridia; o__Clostridiales; f__Ruminococcaceae; g__; s__	0.9994483416110314
cd5790cffc787ce14d5c6147cda49c5b	k__Bacteria; p__Firmicutes; c__Clostridia; o__Clostridiales; f__Ruminococcaceae; g__; s__	0.8634929552693109
b85b69c793f82374c851ca289611e7e4	k__Bacteria; p__Firmicutes; c__Clostridia; o__Clostridiales; f__Dehalobacteriaceae; g__Dehalobacterium; s__	0.9999677880444501
2bea7414315b7708b0c45fa5cce4249d	k__Bacteria; p__Cyanobacteria; c__4C0d-2; o__YS2; f__; g__; s__	0.9999999978782768
bacb6ab0b5eff0e7878a5f29569536ae	k__Bacteria; p__Firmicutes; c__Clostridia; o__Clostridiales	0.9995314676065652
b205d17958ed95e038e91726094c8ad2	k__Bacteria; p__Proteobacteria; c__Gammaproteobacteria; o__Xanthomonadales; f__Xanthomonadaceae; g__Xylella; s__	0.9574788887324809
0d9c2fce16c3d2076e055c22d52c3205	k__Bacteria; p__Planctomycetes; c__Planctomycetia; o__Gemmatales; f__Isosphaeraceae; g__; s__	0.998213169572428
3ba5656daa3e5177eeb93709025d1002	k__Bacteria; p__Proteobacteria; c__Alphaproteobacteria; o__Rhodospirillales; f__Acetobacteraceae; g__Acetobacter; s__	0.9962639388428725
70aa860ef852ff5b97ccfce90299de68	k__Bacteria; p__Proteobacteria; c__Alphaproteobacteria; o__Rhodospirillales; f__Acetobacteraceae; g__Acetobacter; s__	0.996743799208032
9f9f79e4b04e0c9c92223534e08e0faa	k__Bacteria; p__Firmicutes; c__Clostridia; o__Clostridiales; f__Lachnospiraceae	0.9841699299312493
55b1517e55ab4bd0a20cd6ab23270bb2	k__Bacteria; p__Firmicutes; c__Clostridia; o__Clostridiales; f__Lachnospiraceae; g__Dorea; s__	0.8447086451717404
da958426e0c9d1984ea4cb5c399fa55a	k__Bacteria; p__Firmicutes; c__Clostridia; o__Clostridiales; f__Ruminococcaceae; g__Oscillospira; s__	0.9979678080388061
7d4557893b2b6f9fa3d47781a8660b04	k__Bacteria; p__Firmicutes; c__Clostridia; o__Clostridiales; f__Ruminococcaceae; g__; s__	0.9841073289643426
a863399a32693e40a217c90d9b2c4054	k__Bacteria; p__Firmicutes; c__Clostridia; o__Clostridiales; f__Ruminococcaceae; g__Ruminococcus; s__	0.9549875428133482
b17e090fa5a3b54068274352807ab88d	k__Bacteria; p__Firmicutes; c__Clostridia; o__Clostridiales; f__Ruminococcaceae; g__; s__	0.9992036946451526
61d01d08d73d4cd981329fc27c159159	k__Bacteria; p__Firmicutes; c__Bacilli; o__Lactobacillales; f__Leuconostocaceae; g__Leuconostoc; s__	0.9600326893303792
0cb215250168d4ef69ede94fd812986f	k__Bacteria; p__Firmicutes; c__Bacilli; o__Bacillales; f__Paenibacillaceae; g__Paenibacillus; s__	0.9942989035247191
3aeb9adad161699f2faa41e3fe72d3ec	k__Bacteria; p__Firmicutes; c__Bacilli; o__Bacillales; f__Bacillaceae; g__Bacillus	0.8450836326165055
47b9b330ca7c97941c826082aa73b6ce	k__Bacteria; p__Proteobacteria; c__Alphaproteobacteria; o__Rhodospirillales; f__Acetobacteraceae; g__Acetobacter; s__	0.9994686458450385
44508b7109f418e8b3696316022f59aa	k__Bacteria; p__Firmicutes; c__Bacilli; o__Bacillales; f__Paenibacillaceae; g__Brevibacillus	0.9999999692458065
96fe470429c880359c76d1b7e2da0192	k__Bacteria; p__Bacteroidetes; c__Bacteroidia; o__Bacteroidales; f__Prevotellaceae; g__Prevotella; s__	0.7828608119525209
d8cd75d829c5ba2b6a6860ade5388ae5	k__Bacteria; p__Proteobacteria; c__Alphaproteobacteria; o__Rhodospirillales; f__Acetobacteraceae; g__Acetobacter; s__	0.9995454494360345
fcbc4aa73b774511c73a4e6002e6702a	k__Bacteria; p__Firmicutes; c__Clostridia; o__Clostridiales; f__Ruminococcaceae; g__Oscillospira; s__	0.9999288152797302
38d0b1aa0afbefd7c186a66d01dec648	k__Bacteria; p__Firmicutes; c__Clostridia; o__Clostridiales; f__Ruminococcaceae; g__; s__	0.9999331489842407
ebea07e4b15ef1c40afab5875f2a9865	k__Bacteria; p__Firmicutes; c__Clostridia; o__Clostridiales; f__; g__; s__	0.9998134907005873
f77de29bf7506505f01c5e0ad7998f9f	k__Bacteria; p__Firmicutes; c__Clostridia; o__Clostridiales; f__Ruminococcaceae	0.9117013305649656
45e2b766fdc47bc65984cecfaa46e49d	k__Bacteria; p__Firmicutes; c__Clostridia; o__Clostridiales; f__Ruminococcaceae; g__; s__	0.9964193181750535
8fc9b35e70f6ac0864e478effc1a7c86	k__Bacteria; p__Firmicutes; c__Clostridia; o__Clostridiales; f__Ruminococcaceae; g__; s__	0.9985830751993228
8b87f562089f6ace781a85685b58e78f	k__Bacteria; p__Planctomycetes; c__Planctomycetia; o__Gemmatales; f__Isosphaeraceae; g__; s__	0.9981541783688391
f07a4cb24b4ff9458d857460a7011667	k__Bacteria; p__Proteobacteria; c__Alphaproteobacteria; o__Rhodospirillales; f__Acetobacteraceae; g__Acetobacter; s__	0.9993739264835928
b46c8c5096b1153983206385b6218682	k__Bacteria; p__Proteobacteria; c__Alphaproteobacteria; o__Rhodospirillales; f__Acetobacteraceae; g__Acetobacter; s__	0.9976993237839691
739c9c650fbc33c7b866cb3120048ad8	k__Bacteria; p__Firmicutes; c__Bacilli; o__Bacillales; f__Paenibacillaceae; g__Paenibacillus; s__amylolyticus	0.9919215796249298
ba46e9d2aa3af9cb27cfa27aa1d08951	k__Bacteria; p__Firmicutes; c__Clostridia; o__Clostridiales; f__Ruminococcaceae; g__Oscillospira; s__	0.9996784587485215
533273d9a124f6220d8d0a7266d47f67	k__Bacteria; p__Bacteroidetes; c__Bacteroidia; o__Bacteroidales; f__Bacteroidaceae; g__5-7N15; s__	0.9999989521551901
b0ee948362f852234206b43d4424c840	k__Bacteria; p__Firmicutes; c__Clostridia; o__Clostridiales; f__; g__; s__	0.99971306451235
2d04dd4ccc71ba2f28bdf1a977bd9e25	k__Bacteria; p__Proteobacteria; c__Betaproteobacteria; o__Burkholderiales; f__Comamonadaceae	0.9999674416884681
3a307dfa0a92ef2f1c29559d844f5078	k__Bacteria; p__Proteobacteria; c__Gammaproteobacteria; o__Xanthomonadales; f__Xanthomonadaceae; g__Dyella; s__marensis	0.7218985862751289
636c7353736607dc5f7d739a6b4fa9c8	k__Bacteria; p__Proteobacteria; c__Alphaproteobacteria; o__Sphingomonadales; f__Sphingomonadaceae; g__Sphingomonas; s__	0.773559963645358
8ab4fdb6f173715ef3026947d605bce0	k__Bacteria; p__Firmicutes; c__Clostridia; o__Clostridiales; f__Ruminococcaceae; g__Oscillospira; s__	0.9989258467864933
82d7498bcf4215a218e88a5348ec90fa	k__Bacteria; p__Firmicutes; c__Clostridia; o__Clostridiales; f__Lachnospiraceae; g__Butyrivibrio; s__	0.9999589225013261
f8131f19cd95ccc585b9c219c8f3ea6a	k__Bacteria; p__Proteobacteria; c__Alphaproteobacteria; o__Rhodospirillales; f__Acetobacteraceae; g__Acetobacter; s__	0.9680457311776405
1fedcb687b325f07869c31dc0224f80d	k__Bacteria; p__Bacteroidetes; c__Bacteroidia; o__Bacteroidales; f__Porphyromonadaceae; g__Dysgonomonas; s__	0.9999851512976173
6d4a7ff9bf791ece5aea38a69fb0eacc	k__Bacteria; p__Proteobacteria; c__Gammaproteobacteria; o__Xanthomonadales; f__Xanthomonadaceae; g__Thermomonas; s__	0.7301383335047543
02342d180f69823bf89df8d5e7313dde	k__Bacteria; p__Firmicutes; c__Clostridia; o__Clostridiales; f__Ruminococcaceae; g__; s__	0.9982976805986133
5d4376a5f2ffcc0d23a3c1cac023b5bc	k__Bacteria; p__Actinobacteria; c__Coriobacteriia; o__Coriobacteriales; f__Coriobacteriaceae	0.9999999699597787
95c1c9342d121a8da6bb508aa2d40057	k__Bacteria; p__Firmicutes; c__Clostridia; o__Clostridiales; f__; g__; s__	0.9950329125304496
75f6aa1618c9def8711d246ec1a041cb	k__Bacteria; p__Firmicutes; c__Clostridia; o__Clostridiales; f__Lachnospiraceae; g__Syntrophococcus; s__sucromutans	0.9402211459582406
169e897c264f0dcbd58f4b014bd38a43	k__Bacteria; p__Firmicutes; c__Clostridia; o__Clostridiales; f__; g__; s__	0.9240266593331246
53cda7b5f8fff34af36319ce1763ce00	k__Bacteria; p__Firmicutes; c__Clostridia; o__Clostridiales; f__; g__; s__	0.9511751655274993
430ebce90d806f0bda7bc874db576721	k__Bacteria; p__Firmicutes; c__Clostridia; o__Clostridiales; f__; g__; s__	0.7568380470127721
d1ef1d4d8ac3b97be964df3cff8eefe9	k__Bacteria; p__Firmicutes; c__Clostridia; o__Clostridiales; f__Ruminococcaceae; g__; s__	0.9934322386422252
406022d4145412fac9f44ff3420ab142	k__Bacteria; p__Proteobacteria; c__Gammaproteobacteria; o__Enterobacteriales; f__Enterobacteriaceae; g__Tatumella	0.8051133684383482
bccc16d38f7f98480fe0ba06de0cb348	k__Bacteria; p__Firmicutes; c__Clostridia; o__Clostridiales; f__Lachnospiraceae; g__Butyrivibrio; s__	0.9999880124001113
6ea69235ddb3cbf2080acfc7ed82ba8e	k__Bacteria; p__Proteobacteria; c__Alphaproteobacteria; o__Rhodospirillales; f__Acetobacteraceae; g__Acetobacter; s__	0.9957163129226917
dc38b1c5303158c9f442a39b35b16597	k__Bacteria; p__Actinobacteria; c__Actinobacteria; o__Bifidobacteriales; f__Bifidobacteriaceae; g__Bifidobacterium; s__	0.9564052220650613
fc534219dbd91e621ce3b5acf5558b62	k__Bacteria; p__Proteobacteria; c__Alphaproteobacteria; o__Rhodospirillales; f__Acetobacteraceae	0.9999999724011334
4cc96a99e82d6020711a780cffef2929	k__Bacteria; p__Proteobacteria; c__Gammaproteobacteria; o__Enterobacteriales; f__Enterobacteriaceae	0.9999561021511111
f13af3a6b5528fd94e2653e16613435e	k__Bacteria; p__Firmicutes; c__Clostridia; o__Clostridiales; f__Ruminococcaceae	0.9999007755150575
f0fc6d9d85e6821b1bd67b92ed667162	k__Bacteria; p__Firmicutes; c__Clostridia; o__Clostridiales; f__Ruminococcaceae; g__; s__	0.9954634799755946
2fca05b101003549f1bcd863ca268f74	k__Bacteria; p__Firmicutes; c__Clostridia; o__Clostridiales; f__Lachnospiraceae; g__; s__	0.8801414535732562
3d86d2a4f98689101494328fa7accc55	k__Bacteria; p__Firmicutes; c__Clostridia; o__Clostridiales; f__; g__; s__	0.9995708714049965
278dfa7c77dba648f476feb041387212	k__Bacteria; p__Spirochaetes; c__Spirochaetes; o__Spirochaetales; f__Spirochaetaceae; g__Treponema; s__	0.9999995864908586
d40508fe0e31571b5e2af00c0feb43bd	k__Bacteria; p__Proteobacteria; c__Alphaproteobacteria; o__Rhizobiales; f__Beijerinckiaceae; g__; s__	0.9938488815692125
3f293c0676a972f895e20bc04de388f1	k__Bacteria; p__Actinobacteria; c__Coriobacteriia; o__Coriobacteriales; f__Coriobacteriaceae; g__; s__	0.9996805584451407
bf5c7d5b7f8a2bf09afc78f7ca44ed24	k__Bacteria; p__Firmicutes; c__Clostridia; o__Clostridiales; f__Christensenellaceae; g__; s__	0.9996585541674395
2147dc01779185ab483a4bcd3d9ce6f9	k__Bacteria; p__Firmicutes; c__Clostridia; o__Clostridiales; f__Clostridiaceae; g__Clostridium; s__	0.9186302192609741
5ec6eeda01ed392c9bc9ce4444012bbc	k__Bacteria; p__Firmicutes; c__Clostridia; o__Clostridiales; f__Ruminococcaceae; g__; s__	0.9989768410389819
edddb10de1c1d1e1d6d4d41b249a4890	k__Bacteria; p__Firmicutes; c__Clostridia; o__Clostridiales; f__Ruminococcaceae; g__; s__	0.848436086381488
3d0f03d59874d61e5313abdd457204a1	k__Bacteria; p__Firmicutes; c__Clostridia; o__Clostridiales; f__Lachnospiraceae	0.9868686006635407
28d04ab9827da34c4c20d494a2ee373f	k__Bacteria; p__Cyanobacteria; c__Chloroplast; o__Streptophyta; f__; g__; s__	0.999999999922025
10b1b78e46ae7ae613e1def27afdce33	k__Bacteria; p__Armatimonadetes; c__SJA-176; o__RB046; f__; g__; s__	0.9999973796499629
b3ddc044fad9cb245d01df41135c3fed	k__Bacteria; p__Firmicutes; c__Bacilli; o__Lactobacillales; f__Lactobacillaceae; g__Lactobacillus; s__brevis	0.9937235426978833
185720fdb42295099ea30097ccfecee6	k__Bacteria; p__Actinobacteria; c__Coriobacteriia; o__Coriobacteriales; f__Coriobacteriaceae; g__; s__	0.9995253575919911
0fa4bc34e153544af446f3e2a931b8af	k__Bacteria; p__Firmicutes; c__Clostridia; o__Clostridiales; f__Lachnospiraceae; g__; s__	0.7615712099916283
17254ef901d3c0823320cac3c2f5c20a	k__Bacteria; p__Firmicutes; c__Clostridia; o__Clostridiales; f__Ruminococcaceae; g__Ruminococcus; s__	0.7333924426357153
1d20a4666d3f3525e4cd915cf1b6b867	k__Bacteria; p__Bacteroidetes; c__Bacteroidia; o__Bacteroidales; f__[Odoribacteraceae]; g__Butyricimonas; s__	0.9524944730889917
26dbe17d6144bdceb7990bbcbbb238e7	k__Bacteria; p__Actinobacteria; c__Coriobacteriia; o__Coriobacteriales; f__Coriobacteriaceae	0.9999999993684453
699937f910096d3fffd9e4ac2bcefabf	k__Bacteria; p__Firmicutes; c__Clostridia; o__Clostridiales; f__Peptococcaceae; g__rc4-4; s__	0.9999998830868788
67051169be0061c167c8e8290811672c	k__Bacteria; p__Firmicutes; c__Clostridia; o__Clostridiales; f__; g__; s__	0.9998677388719515
1df18988480f65a7b45d5a30fefba843	k__Bacteria; p__Firmicutes; c__Clostridia; o__Clostridiales; f__Veillonellaceae; g__; s__	0.9983662025954925
2eab93c3974f547b7f85effa1b88a48d	k__Bacteria; p__Firmicutes; c__Clostridia; o__Clostridiales; f__Ruminococcaceae; g__; s__	0.9740787351013356
847129ef0a5a7db231fe64500ac17294	k__Bacteria; p__Proteobacteria; c__Gammaproteobacteria; o__Pseudomonadales; f__Moraxellaceae; g__Acinetobacter; s__	0.9992844210778944
f7a736a0f93131659272137423922df7	k__Bacteria; p__Proteobacteria; c__Alphaproteobacteria; o__Rhodospirillales; f__Acetobacteraceae; g__Acetobacter; s__	0.9996365196282244
699d7808e1db75b6769c378aa732df72	k__Bacteria; p__Proteobacteria; c__Alphaproteobacteria; o__Rhodospirillales; f__Acetobacteraceae; g__Kozakia; s__baliensis	0.9530166128959812
26f7a0d9cab7a79a9947f6d20f72c378	k__Bacteria; p__Actinobacteria; c__Coriobacteriia; o__Coriobacteriales; f__Coriobacteriaceae	0.9999999999417216
47b9b0ed577f9a81a42fb4a44242c98b	k__Bacteria; p__Firmicutes; c__Clostridia; o__Clostridiales; f__; g__; s__	0.9999427135406806
d45de37e2513f8db77c567ed77089b04	k__Bacteria; p__Firmicutes; c__Bacilli; o__Lactobacillales; f__Lactobacillaceae; g__Lactobacillus	0.9997331617482017
012c635a33dfa450f1def0729f1c0676	k__Bacteria; p__Firmicutes; c__Clostridia; o__Clostridiales; f__Ruminococcaceae; g__; s__	0.9496415473868656
b218b017fce9597469ea3caf05938e1f	k__Bacteria; p__Actinobacteria; c__Actinobacteria; o__Actinomycetales; f__Micrococcaceae; g__Rothia; s__mucilaginosa	0.9853238968797845
807e0731865c27401b2cd57e2d3a37d1	k__Bacteria; p__Proteobacteria; c__Gammaproteobacteria; o__Pasteurellales; f__; g__; s__	0.9999999979765875
f01d497834ac9a9360e6607170514dbf	k__Bacteria; p__Actinobacteria; c__Coriobacteriia; o__Coriobacteriales; f__Coriobacteriaceae; g__; s__	0.9931733139402814
3f93d25b8ac4d164cceafa01cff38572	k__Bacteria; p__Firmicutes; c__Clostridia; o__Clostridiales; f__Ruminococcaceae; g__Ruminococcus; s__	0.99997059485317
b9e325133d5e4d849435771b8a1a8304	k__Bacteria; p__Firmicutes; c__Clostridia; o__Clostridiales; f__Ruminococcaceae; g__; s__	0.9990665825762176
ac40cfc02d2a05b873c5df81209a9483	k__Bacteria; p__Proteobacteria; c__Alphaproteobacteria; o__Rickettsiales; f__Rickettsiaceae; g__Wolbachia; s__	0.9999999197241639
406b9587689d7a8b51c13d10929c11fa	k__Bacteria; p__Actinobacteria; c__Actinobacteria; o__Actinomycetales; f__Actinomycetaceae; g__Actinomyces; s__	0.9196113697517859
fe55bc07627dd8e0326cd5f24bf5a4c3	k__Bacteria; p__Bacteroidetes; c__Bacteroidia; o__Bacteroidales; f__Prevotellaceae; g__Prevotella; s__	0.9999829088948883
5a44de7f8b07dc17f0c807f523d46797	k__Bacteria; p__Firmicutes; c__Bacilli; o__Lactobacillales; f__Lactobacillaceae; g__Lactobacillus	0.7277870414162451
5b8d4f65fd69ee3bf7b73f714dbb47b6	k__Bacteria; p__Firmicutes; c__Clostridia; o__Clostridiales; f__Caldicoprobacteraceae; g__Caldicoprobacter; s__	0.9679467946987269
858ec3fe33407a7d9efea4001e513e42	k__Bacteria; p__Firmicutes; c__Clostridia; o__Clostridiales; f__Lachnospiraceae	0.9755040181967306
a6a4a6e6aedaf32a82d240d64ee8209a	k__Bacteria; p__Bacteroidetes; c__Bacteroidia; o__Bacteroidales; f__; g__; s__	0.9981009014075936
f18e90488a029f01443f9b33ec4a2a33	k__Bacteria; p__Verrucomicrobia; c__Verrucomicrobiae; o__Verrucomicrobiales; f__Verrucomicrobiaceae; g__Akkermansia; s__	0.9999999999998721
5d473b51a7542e93bdcb47fad221fc0c	k__Bacteria; p__Firmicutes; c__Clostridia; o__Clostridiales; f__Lachnospiraceae; g__; s__	0.7978418148263215
3daf4f07a47c8668b4493bd930fa06b2	k__Bacteria; p__Firmicutes; c__Clostridia; o__Clostridiales; f__Lachnospiraceae	0.9822119135627747
75dccb729025275743bb615bac5bb725	k__Bacteria; p__Actinobacteria; c__Actinobacteria; o__Actinomycetales; f__Micrococcaceae; g__Arthrobacter; s__	0.9691621118641991
b3ec5a8038f928cceca251757d16765f	k__Bacteria; p__Bacteroidetes; c__Bacteroidia; o__Bacteroidales; f__Bacteroidaceae; g__; s__	0.9999993849468227
92be84069b91f52e56c648fc04779941	k__Bacteria; p__Firmicutes; c__Clostridia; o__Clostridiales; f__Ruminococcaceae; g__; s__	0.9654836615784328
827f2545b6d75e20f4227bb1836bd267	k__Bacteria; p__Acidobacteria; c__Sva0725; o__Sva0725; f__; g__; s__	0.9999993499037297
4835cc45f922e184b80ef921b89cc1f1	k__Bacteria; p__Bacteroidetes; c__Bacteroidia; o__Bacteroidales; f__[Paraprevotellaceae]; g__YRC22; s__	0.9509351948651212
96adba9ab58f5bcb873510b1c99f5b3d	k__Bacteria; p__Firmicutes; c__Clostridia; o__Clostridiales; f__Ruminococcaceae; g__Faecalibacterium; s__prausnitzii	0.9968624700026721
b0a4e317e612b74ea0e12e9f40c6225e	k__Bacteria; p__Actinobacteria; c__Actinobacteria; o__Actinomycetales; f__Microbacteriaceae; g__Frigoribacterium; s__	0.9017415617282132
dfcbb647a4de8ac1297364bf60b355de	k__Bacteria; p__Proteobacteria; c__Gammaproteobacteria; o__Enterobacteriales; f__Enterobacteriaceae	0.9998965188242903
e2eec818c6296ea9e869a215c94c6360	k__Bacteria; p__Proteobacteria; c__Gammaproteobacteria; o__Xanthomonadales; f__Xanthomonadaceae; g__Dyella; s__marensis	0.7496208543676175
bec3cfa6b118d5558ebbd7e1933d9e3b	k__Bacteria; p__Firmicutes; c__Clostridia; o__Clostridiales; f__Ruminococcaceae; g__; s__	0.9229559095457466
6f65392b4f97351d6c74bf64d4b6ab6d	k__Bacteria; p__Firmicutes; c__Clostridia; o__Clostridiales; f__Lachnospiraceae; g__Dorea; s__	0.7628868245935732
132bc8c9c852cde623ad37b51246a2d0	k__Bacteria; p__Firmicutes; c__Clostridia; o__Clostridiales; f__Ruminococcaceae; g__; s__	0.943191416146668
56233f48f4ed8d5dbc3a8f5fc70579ca	k__Bacteria; p__Firmicutes; c__Clostridia; o__Clostridiales; f__Ruminococcaceae; g__; s__	0.9937959540306527
6db410550532dea9f954b9a112d15880	k__Bacteria; p__Bacteroidetes; c__Flavobacteriia; o__Flavobacteriales; f__[Weeksellaceae]; g__Cloacibacterium; s__	0.9999984889565118
fc65ff218af7ef0704af996dc0ee61ab	k__Bacteria; p__Actinobacteria; c__Actinobacteria; o__Actinomycetales; f__Corynebacteriaceae; g__Corynebacterium; s__	0.9998763200734546
3c9aa11b09d459c6c0ab632efd470778	k__Bacteria; p__Bacteroidetes; c__Cytophagia; o__Cytophagales; f__Cytophagaceae; g__Leadbetterella; s__	0.9999999981973247
964717bacebee1430af4816db898d034	k__Bacteria; p__Proteobacteria; c__Alphaproteobacteria; o__Rhodospirillales; f__Acetobacteraceae; g__Acetobacter; s__	0.9906588236216828
4b7b0f48cd868897cc08b6ccda4bced5	k__Bacteria; p__Proteobacteria; c__Gammaproteobacteria; o__Xanthomonadales; f__Xanthomonadaceae; g__Stenotrophomonas; s__retroflexus	0.9769121823487101
ef025a16d515eb0e937c8d621738c55c	k__Bacteria; p__Actinobacteria; c__Coriobacteriia; o__Coriobacteriales; f__Coriobacteriaceae; g__; s__	0.9975513351675332
cc654380c63c1b7cb620436b473e41fd	k__Bacteria; p__Firmicutes; c__Clostridia; o__Clostridiales; f__[Mogibacteriaceae]; g__; s__	0.9999976912689951
9c37da7447579d7a61e1fc2c9a0d2099	k__Bacteria; p__Firmicutes; c__Clostridia; o__Clostridiales; f__[Mogibacteriaceae]; g__; s__	0.9999998134834162
fc3a902c8da5d4e10d6bd63c4478ce32	k__Bacteria; p__Tenericutes; c__Mollicutes; o__RF39; f__; g__; s__	0.9999999998228759
751ff87324e3a8128bb15fc25b2ba2bf	k__Bacteria; p__Firmicutes; c__Bacilli; o__Lactobacillales; f__Lactobacillaceae; g__Lactobacillus; s__	0.9999928647478855
b32f646744fee1b80cc4892c07a1fa3d	k__Bacteria; p__Firmicutes; c__Clostridia; o__Clostridiales; f__Ruminococcaceae	0.9999952245605197
6cdb6b74a47a423753578afcdacd4d17	k__Bacteria; p__Bacteroidetes; c__Flavobacteriia; o__Flavobacteriales; f__[Weeksellaceae]; g__Wautersiella; s__	0.9999999985424921
f819c860c294831a7fa2cc8740b74ef8	k__Bacteria; p__Proteobacteria; c__Alphaproteobacteria; o__Rickettsiales; f__Rickettsiaceae; g__Wolbachia; s__	0.9997004465901305
36a444beb6a5b341735f0289a6ea4d03	k__Bacteria; p__Firmicutes; c__Clostridia; o__Clostridiales; f__Lachnospiraceae; g__; s__	0.8959516794726607
b7062952867926219e63cd92ad9cac49	k__Bacteria; p__Firmicutes; c__Clostridia; o__Clostridiales; f__Ruminococcaceae; g__; s__	0.9947898699568605
b75272e07c0b8611405451b6c7f9d12f	k__Bacteria; p__Firmicutes; c__Clostridia; o__Clostridiales	0.9991094881697116
6667645bc4115c16f6fbe0b5d2c30d96	k__Bacteria; p__Firmicutes; c__Clostridia; o__Clostridiales; f__Ruminococcaceae; g__; s__	0.7483415333561064
d0799888a7eaa94144d0d7635ff550f1	k__Bacteria; p__Firmicutes; c__Clostridia; o__Clostridiales; f__Lachnospiraceae	0.9818699425280917
2cf4be5941914d53f43ed1b18c631f9c	k__Bacteria; p__Actinobacteria; c__Actinobacteria; o__Actinomycetales; f__Mycobacteriaceae; g__Mycobacterium; s__	0.7352483285570266
60940e72b08b09d2b19d4e04655a1835	k__Bacteria; p__Proteobacteria; c__Gammaproteobacteria; o__Xanthomonadales; f__Xanthomonadaceae; g__Stenotrophomonas; s__geniculata	0.8636134626560351
6abee690210d97b024c227c0a9c3882f	k__Bacteria; p__Firmicutes; c__Clostridia; o__Clostridiales; f__Ruminococcaceae; g__Oscillospira; s__	0.9970616340224855
8b3ab8ec558a4657d2acdb76217f496e	k__Bacteria; p__Bacteroidetes; c__Cytophagia; o__Cytophagales; f__Cytophagaceae; g__Dyadobacter; s__	0.9999999999924825
960a45297acf82d73b078ae2e9dbdd15	k__Bacteria; p__Firmicutes; c__Bacilli; o__Lactobacillales; f__Lactobacillaceae; g__Lactobacillus; s__helveticus	0.7741936715324842
88f057b1b544bc24204ff29760808baa	k__Bacteria; p__Firmicutes; c__Clostridia; o__Clostridiales; f__Lachnospiraceae	0.7170094821067647
cdda125799871dc50c40d6f871e825d4	k__Bacteria; p__Firmicutes; c__Clostridia; o__Clostridiales; f__Clostridiaceae; g__Clostridium; s__	0.8931018229659935
fbd731cd233be26d6012d92749c321b4	k__Bacteria; p__Firmicutes; c__Clostridia; o__Clostridiales; f__Lachnospiraceae; g__; s__	0.7210669652629635
b3e84e3cf5bd713e68a097ed087e650a	k__Bacteria; p__Firmicutes; c__Clostridia; o__Clostridiales; f__; g__; s__	0.9956492973420242
9cc76c1da89849c6eec199c769a49d09	k__Bacteria; p__Firmicutes; c__Bacilli; o__Lactobacillales; f__Enterococcaceae; g__Vagococcus; s__	0.9830886030455321
a0f4ba2b56cd00fc48e669d32ad84fa2	k__Bacteria; p__Proteobacteria; c__Gammaproteobacteria; o__Enterobacteriales; f__Enterobacteriaceae; g__Tatumella	0.7567701642073459
e7c962d2c72d2238274e18016f6c5112	k__Bacteria; p__Proteobacteria; c__Alphaproteobacteria; o__Rhodospirillales; f__Acetobacteraceae; g__Gluconobacter; s__	0.999958358138215
2760556ed39f58148a0c023745c379b9	k__Bacteria; p__Firmicutes; c__Clostridia; o__Clostridiales; f__Clostridiaceae; g__Clostridium; s__	0.9617151128393732
7ad096f6565d1096d4569d00e4b73e99	k__Bacteria; p__Actinobacteria; c__Actinobacteria; o__Actinomycetales; f__Microbacteriaceae; g__Pseudoclavibacter; s__bifida	0.9200688457888585
7160d16a76dfe99a93020e851f603a3a	k__Bacteria; p__Firmicutes; c__Clostridia; o__Clostridiales; f__Ruminococcaceae; g__; s__	0.7097512613233814
02d081d9bb2ad02738019bbd310dc3c4	k__Bacteria; p__Proteobacteria; c__Deltaproteobacteria; o__Desulfovibrionales; f__Desulfovibrionaceae; g__; s__	0.9999993303796767
a76cae0e5ed596c4d5e13b225552cd89	k__Bacteria; p__Actinobacteria; c__Coriobacteriia; o__Coriobacteriales; f__Coriobacteriaceae; g__; s__	0.9990185242425709
be2d9ef3c41d4e3a92e8f688fa325020	k__Bacteria; p__Firmicutes; c__Clostridia; o__Clostridiales	0.9998266960160035
b04cc802260edaf28b306d5dba8df692	k__Bacteria; p__Firmicutes; c__Clostridia; o__Clostridiales; f__Ruminococcaceae; g__; s__	0.9835717817946644
f9a1a5fcfe014b4b7653317e6c26a1d3	k__Bacteria; p__Firmicutes; c__Clostridia; o__Clostridiales; f__; g__; s__	0.8543417625306511
8a225f56fa7241be5462725f1011c84f	k__Bacteria; p__Firmicutes; c__Clostridia; o__Clostridiales; f__Lachnospiraceae	0.9439803914548989
377311941f8ce0f03a8f23bbf2a29555	k__Bacteria; p__Firmicutes; c__Clostridia; o__Clostridiales	0.9992235554253531
f47a7834356e66536c626c0fddf74ceb	k__Bacteria; p__Firmicutes; c__Clostridia; o__Clostridiales; f__Ruminococcaceae; g__; s__	0.9993063277023952
953e320e77bd3c1608e44bd11a62e821	k__Bacteria; p__Bacteroidetes; c__Bacteroidia; o__Bacteroidales; f__Porphyromonadaceae; g__Parabacteroides; s__	0.9999989876135666
8a12aef8c6468f76ac33325694642c99	k__Bacteria; p__Proteobacteria; c__Gammaproteobacteria; o__Xanthomonadales; f__Xanthomonadaceae; g__Luteibacter; s__rhizovicinus	0.9952589518643935
cda6fd0e7e4c552042c6141848ed4d01	k__Bacteria; p__Actinobacteria; c__Actinobacteria; o__Actinomycetales; f__Microbacteriaceae	0.9999977925726755
caa448cb775804ec6720e7a9f84dc60a	k__Bacteria; p__Bacteroidetes; c__Bacteroidia; o__Bacteroidales; f__; g__; s__	0.7888530970788394
6383595ba79f2503e242e6416320c32f	k__Bacteria; p__Firmicutes; c__Bacilli; o__Bacillales; f__Bacillaceae; g__Bacillus; s__clausii	0.9964449575680895
395fcc9df8ca1d0b910bb34a5322a0c4	k__Bacteria; p__Actinobacteria; c__Actinobacteria; o__Actinomycetales; f__Thermomonosporaceae; g__Actinomadura; s__	0.970157955788773
ebbd09443a655c7d1e9615290ba6edc7	k__Bacteria; p__Firmicutes; c__Bacilli; o__Bacillales; f__[Thermicanaceae]; g__Thermicanus; s__	0.999999999988944
8bb7aaa32ab1cd468149a7dfdae90cbf	k__Bacteria; p__Proteobacteria; c__Alphaproteobacteria; o__Rhodospirillales; f__Acetobacteraceae; g__Acetobacter; s__	0.997982566608035
f7cbfed91e30d9f27ac7de2529ab3c2e	k__Bacteria; p__Firmicutes; c__Clostridia; o__Clostridiales; f__; g__; s__	0.9997914437191823
d93700d61c6b03816da7d7ddefa22ad3	k__Bacteria; p__Proteobacteria; c__Alphaproteobacteria; o__Rickettsiales; f__mitochondria	1.0000000000000064
48a1bbc89e94b2bc19acffd5cabbd20c	k__Bacteria; p__Firmicutes; c__Clostridia; o__Clostridiales; f__Ruminococcaceae; g__Ruminococcus; s__	0.9262169680418911
787161da09ce8261dc4fa1530204f2e8	k__Bacteria; p__Proteobacteria; c__Alphaproteobacteria; o__Rhodospirillales; f__Acetobacteraceae; g__Acetobacter; s__	0.9660362789069551
dacee053b7a11ee1ecc8230a584380a4	k__Bacteria; p__Proteobacteria; c__Alphaproteobacteria; o__Rhodospirillales; f__Acetobacteraceae	0.999999786556997
8bac0892310629a37a7865e7249070bf	k__Bacteria; p__Firmicutes; c__Bacilli; o__Lactobacillales; f__Lactobacillaceae; g__; s__	0.9757351105414399
8b5b66639fa49e289e14c3d3543273de	k__Bacteria; p__Actinobacteria; c__Actinobacteria; o__Actinomycetales; f__Corynebacteriaceae; g__Corynebacterium	0.9999993187462715
7fba0c33e9ab0b931e4f291da15ef2c7	k__Bacteria; p__Bacteroidetes; c__Flavobacteriia; o__Flavobacteriales; f__[Weeksellaceae]; g__Chryseobacterium; s__	0.9999919756903
3e693d00ab621d158370a06af721755a	k__Bacteria; p__Bacteroidetes; c__Flavobacteriia; o__Flavobacteriales; f__[Weeksellaceae]; g__Chryseobacterium; s__	0.9999936518648823
b3af11a11139266727847e6d016d529a	k__Bacteria; p__Proteobacteria; c__Alphaproteobacteria; o__Rhodospirillales; f__Acetobacteraceae; g__Acetobacter; s__	0.8724746758958772
e1a5c06eb4cd1ce3ca0bcd65bb660fce	k__Bacteria; p__Proteobacteria; c__Alphaproteobacteria; o__Rhodospirillales; f__Acetobacteraceae; g__Acetobacter; s__	0.9917918884981453
63c9d4f3cae2315c4504c7b6b622cce8	k__Bacteria; p__Proteobacteria; c__Gammaproteobacteria; o__Enterobacteriales; f__Enterobacteriaceae	0.9999901623416939
2a4a42fee43a6ddaca4c5d67aad4f2df	k__Bacteria; p__Proteobacteria; c__Deltaproteobacteria; o__Myxococcales	0.9876212237125294
be04819adba2dcfbb3b5ff8441b858d8	k__Bacteria; p__Firmicutes; c__Bacilli; o__Lactobacillales; f__Leuconostocaceae; g__Leuconostoc; s__	0.97178518192298
75d89c421ffbd595b3fc111c2a8bb1f4	k__Bacteria; p__Firmicutes; c__Clostridia; o__Clostridiales; f__Christensenellaceae; g__; s__	0.9638429986275868
d3d62061e77c8e7e87fca28a6d89ac53	k__Bacteria; p__Firmicutes; c__Clostridia; o__Clostridiales; f__Lachnospiraceae; g__; s__	0.9521126402856028
1aa27dc46d24b40eac15170794b53e64	k__Bacteria; p__Proteobacteria; c__Deltaproteobacteria; o__Desulfovibrionales; f__Desulfovibrionaceae; g__; s__	0.9999715014536027
2727ad9acd3f4e925c3a88edfc793c09	k__Bacteria; p__Firmicutes; c__Clostridia; o__Clostridiales; f__Ruminococcaceae; g__; s__	0.9986715521462121
8d688f76c7aca41a37d1e9367bd71a8d	k__Bacteria; p__Proteobacteria; c__Alphaproteobacteria; o__Rickettsiales; f__; g__; s__	0.9894963750435
f296f3332e6525db1bb5a050e2a8dac9	k__Archaea; p__Euryarchaeota; c__Methanobacteria; o__Methanobacteriales; f__Methanobacteriaceae; g__Methanobrevibacter; s__	0.9999999974185556
3e6676e084880b334c571acd43945f17	k__Bacteria; p__Firmicutes; c__Bacilli; o__Lactobacillales; f__Leuconostocaceae; g__Weissella	0.9999657073095637
56f9fd3d5953e27f7322b7f2adddb409	k__Bacteria; p__Proteobacteria; c__Gammaproteobacteria; o__Pasteurellales; f__; g__; s__	0.9999800332148571
42f5e2f52a4ce205848278e4790331b2	k__Bacteria; p__Firmicutes; c__Clostridia; o__Clostridiales; f__Lachnospiraceae; g__Epulopiscium; s__	0.9998950909273993
7642bd35c8c8ec503da59a3f9838d684	k__Bacteria; p__Bacteroidetes; c__Bacteroidia; o__Bacteroidales; f__S24-7; g__; s__	0.9999999975285476
6a00289d70eebf14ecb60098a1bb6dac	k__Bacteria; p__Firmicutes; c__Clostridia; o__Clostridiales; f__Ruminococcaceae; g__; s__	0.9941329192507893
d8406008fa7b16475d943abf60ca6149	k__Bacteria; p__Bacteroidetes; c__Flavobacteriia; o__Flavobacteriales; f__Flavobacteriaceae; g__; s__	0.8031704689117978
36ea7b4f776919dd1bec050465576780	k__Bacteria; p__Actinobacteria; c__Actinobacteria; o__Actinomycetales; f__Microbacteriaceae	0.9999984746416337
ff54a718a18da8faf0a754d7e616ddf2	k__Bacteria; p__Bacteroidetes; c__Bacteroidia; o__Bacteroidales; f__S24-7; g__; s__	0.9999996755261364
ce375312d65b04e5d32b6d23b833f5b8	k__Bacteria; p__Firmicutes; c__Bacilli; o__Lactobacillales; f__Carnobacteriaceae; g__Granulicatella; s__	0.8050438806348893
b0006c068e88233df966a5a6ee9a7b4a	k__Bacteria; p__Bacteroidetes; c__Bacteroidia; o__Bacteroidales; f__Prevotellaceae; g__Prevotella; s__ruminicola	0.9973908821489683
dd32af77a46f21d845d90d5bde4e19ac	k__Bacteria; p__[Thermi]; c__Deinococci; o__Deinococcales; f__Deinococcaceae; g__Deinococcus; s__	0.9999936830921424
bf4e58a528d10fc6d38fa265a0a05d76	k__Bacteria; p__Proteobacteria; c__Alphaproteobacteria; o__Rhodospirillales; f__Acetobacteraceae; g__Gluconobacter; s__	0.9998475262531202
7677c857c07fde806c9360d9313f75ce	k__Bacteria; p__Proteobacteria; c__Gammaproteobacteria; o__Pasteurellales; f__; g__; s__	0.9999999999988631
a127da4b44afdeac52af2d8a0007592c	k__Bacteria; p__Proteobacteria; c__Alphaproteobacteria; o__Rhodospirillales; f__Acetobacteraceae; g__Acetobacter; s__	0.9821182979773415
f4776e5da6e753c9c19e30018a24bb4f	k__Bacteria; p__Proteobacteria; c__Alphaproteobacteria; o__Rickettsiales; f__Rickettsiaceae; g__Wolbachia; s__	0.9999468365822798
ba45a543e88a285cbad7659f4ccc85c8	k__Bacteria; p__Firmicutes; c__Clostridia; o__Clostridiales; f__Ruminococcaceae; g__; s__	0.95871474512621
59dae1a58edbdd02e85d91213b79fc84	k__Bacteria; p__Firmicutes; c__Clostridia; o__Clostridiales; f__Veillonellaceae; g__; s__	0.9997205419121927
91a2610bd054572c23a0c2f6bf6a6b03	k__Bacteria; p__Firmicutes; c__Clostridia; o__Clostridiales; f__Lachnospiraceae	0.9721130712208649
32cee1516e2b361b89377faf0fb1b4c7	k__Bacteria; p__Firmicutes; c__Clostridia; o__Clostridiales; f__Ruminococcaceae; g__; s__	0.7847893570655688
9fa9305ed9057459c5130cc7f80c5b08	k__Bacteria; p__Actinobacteria; c__Coriobacteriia; o__Coriobacteriales; f__Coriobacteriaceae; g__Adlercreutzia; s__	0.8661468282093006
0587280430d2bc84eb5234dd4f44a1c5	k__Bacteria; p__Firmicutes; c__Clostridia; o__Clostridiales; f__Lachnospiraceae; g__; s__	0.9037780124210424
45788add6b1da2c141efa00cf096190f	k__Bacteria; p__Firmicutes; c__Clostridia; o__Clostridiales; f__Ruminococcaceae; g__; s__	0.9992872307275329
aea72a9bef845dd06a6f51d30eddb1c0	k__Bacteria; p__Firmicutes; c__Clostridia; o__Clostridiales; f__Ruminococcaceae; g__; s__	0.9310568848228944
0ee3f44d6ce7de971a2bf778abfafe20	k__Bacteria	0.999999999968949
6f28720d678ee46fbf1260b02482e562	k__Bacteria; p__Firmicutes; c__Clostridia; o__Clostridiales	0.9989334263002512
548b7659917d68610509fbb7007d67e8	k__Bacteria; p__Tenericutes; c__Mollicutes; o__RF39; f__; g__; s__	0.9999999999333085
a86b23eea394937c231a73f5fbef1b56	k__Bacteria; p__Firmicutes; c__Clostridia; o__Clostridiales; f__Ruminococcaceae; g__; s__	0.8857460400382066
44d5e73d05e002b0f923399e4053ef11	k__Bacteria; p__Firmicutes; c__Clostridia; o__Clostridiales; f__Lachnospiraceae; g__; s__	0.9764878156000601
fcfdc70553742917a157423b01f8ad26	k__Bacteria; p__Actinobacteria; c__Actinobacteria; o__Bifidobacteriales; f__Bifidobacteriaceae; g__Gardnerella; s__	0.9999518141698234
ef4a41efbf72681957e40f31dab12e65	k__Bacteria; p__Proteobacteria; c__Gammaproteobacteria; o__Pseudomonadales; f__Pseudomonadaceae; g__Pseudomonas; s__viridiflava	0.9593461211065325
c2533084985bc4200285382461913388	k__Bacteria; p__Firmicutes; c__Bacilli; o__Lactobacillales; f__Lactobacillaceae; g__Lactobacillus; s__agilis	0.7108889040862629
6d7b34f771fca9dcc597282520789df5	k__Bacteria; p__Proteobacteria; c__Alphaproteobacteria; o__Rhizobiales; f__Methylobacteriaceae; g__Methylobacterium	0.9999711791282708
0ad403453e6254d0c7a61e0eecfb2068	k__Bacteria; p__Proteobacteria; c__Alphaproteobacteria; o__Rhodospirillales; f__Acetobacteraceae; g__Acetobacter; s__	0.9852949248619036
398c29fdf4c80bd550e14cd05f4deac0	k__Bacteria; p__Bacteroidetes; c__Sphingobacteriia; o__Sphingobacteriales; f__Sphingobacteriaceae; g__; s__	0.998417004416178
93807273bb453d19a1ac0a97d6418383	k__Bacteria; p__Proteobacteria; c__Alphaproteobacteria; o__Rhodospirillales; f__Acetobacteraceae; g__Acetobacter; s__	0.9984095983071405
bc83f54588096632db05348a2c6b036b	k__Bacteria; p__Firmicutes; c__Clostridia; o__Clostridiales; f__Lachnospiraceae; g__Roseburia; s__	0.9964450700893992
6bf82f5dc24cc8f77f6530592df1b327	k__Bacteria; p__Firmicutes; c__Clostridia; o__Clostridiales; f__; g__; s__	0.9588845091142417
63d3c7980625915ad6aa2319045a2c43	k__Bacteria; p__Firmicutes; c__Clostridia; o__Clostridiales; f__[Mogibacteriaceae]; g__; s__	0.7890538003025404
f0bdde976b450093645a7190731566a9	k__Bacteria; p__Firmicutes; c__Clostridia; o__Clostridiales; f__; g__; s__	0.9998825978881195
b1a8540240bebff961d2e5ce9ec2f45e	k__Bacteria; p__Proteobacteria; c__Gammaproteobacteria; o__Enterobacteriales; f__Enterobacteriaceae	0.9999592036425738
a136fc33ccb4d0460c2e50cc3969e86c	k__Bacteria; p__Proteobacteria; c__Alphaproteobacteria; o__Rhizobiales; f__Brucellaceae; g__Ochrobactrum; s__	0.9832006376173296
5e7fd93b7d0dbb060437c7bfe4f22233	k__Bacteria; p__Actinobacteria; c__Coriobacteriia; o__Coriobacteriales; f__Coriobacteriaceae; g__Adlercreutzia; s__	0.9931013567747274
18aa7236885b0a68d44c7c1889a55386	k__Bacteria; p__Firmicutes; c__Bacilli; o__Lactobacillales; f__Lactobacillaceae	0.8301006155955385
d412d84772a48b9794162fcc3254d372	k__Bacteria; p__Proteobacteria; c__Alphaproteobacteria; o__Rhodospirillales; f__Acetobacteraceae; g__Commensalibacter; s__intestini	0.9999998081742134
ce0fe85329f454f492a41cf14e74d619	k__Bacteria; p__Firmicutes; c__Bacilli; o__Lactobacillales; f__Lactobacillaceae; g__Lactobacillus	0.7026957330858999
683b0f38119f7d27566735ac2c2be02c	k__Bacteria; p__Firmicutes; c__Clostridia; o__Clostridiales; f__; g__; s__	0.9866929936293362
fb7e4927d9112e41a5c91384841d3254	k__Bacteria; p__Firmicutes; c__Clostridia; o__Clostridiales; f__Ruminococcaceae	0.9561159809747667
3cbe3c4c2eae1ba6cd2e15d3ef8b1cab	k__Bacteria; p__Firmicutes; c__Clostridia; o__Clostridiales; f__Lachnospiraceae; g__; s__	0.7140515612797876
23e09037ef1a5cb54a04de23ba544cc0	k__Bacteria; p__Firmicutes; c__Clostridia; o__Clostridiales; f__Ruminococcaceae; g__; s__	0.9998015053899907
63068edf3dfeb43ede84b2126618c8cf	k__Bacteria; p__Actinobacteria; c__Coriobacteriia; o__Coriobacteriales; f__Coriobacteriaceae; g__; s__	0.9999836150082612
b3f335ebc25add71fa45fd9e56ed6912	k__Bacteria; p__Firmicutes; c__Bacilli; o__Lactobacillales; f__Lactobacillaceae; g__Lactobacillus; s__brevis	0.9963477489756891
a9a8ac26245a8963a13e6731493f3109	k__Bacteria; p__Proteobacteria; c__Alphaproteobacteria; o__Rhizobiales; f__Bradyrhizobiaceae; g__Bosea; s__genosp.	0.9995745925054006
270106051c5f7e9282b9c94d1e32c614	k__Bacteria; p__Proteobacteria; c__Gammaproteobacteria; o__Pseudomonadales; f__Moraxellaceae; g__Acinetobacter; s__	0.986640182735848
91b808cb6cdf3cfee92d693f1be00da6	k__Bacteria; p__Firmicutes; c__Clostridia; o__Clostridiales; f__[Tissierellaceae]; g__Peptoniphilus; s__	0.9999999956322227
f9fd30db9ab47c90505b28c06a9d77be	k__Bacteria; p__Proteobacteria; c__Alphaproteobacteria; o__Rhodospirillales; f__Acetobacteraceae; g__Gluconacetobacter; s__intermedius	0.9500342206020101
d4b6a5da20e2ad41227326cc674e9bf7	k__Bacteria; p__Proteobacteria; c__Betaproteobacteria; o__Burkholderiales; f__Comamonadaceae; g__Comamonas; s__terrigena	0.7377644079128156
b801aa25da9d21f2ac46207e64d0166d	k__Bacteria; p__Proteobacteria; c__Alphaproteobacteria; o__Rhodospirillales; f__Acetobacteraceae; g__Acetobacter; s__	0.9956684127005156
c8f9d6efe65a9a5585b5e7960c7c4be4	k__Bacteria; p__Proteobacteria; c__Alphaproteobacteria; o__Rhodospirillales; f__Acetobacteraceae; g__Commensalibacter; s__intestini	0.9999998852211073
05d4e265ddc38310b588b80e1dcfd99d	k__Bacteria; p__Firmicutes; c__Bacilli; o__Lactobacillales; f__Lactobacillaceae; g__Lactobacillus; s__	0.9960715401599454
1be39fe3b8dc6d150676b07696c40051	k__Bacteria; p__Firmicutes; c__Clostridia; o__Clostridiales; f__Christensenellaceae; g__; s__	0.9776212771183476
57defc0463af1e2cb133bae952cb3c6d	k__Bacteria; p__Firmicutes; c__Clostridia; o__Clostridiales; f__Ruminococcaceae; g__; s__	0.8752357555609107
acf4482133d9a6ac65607f0b7916f896	k__Bacteria; p__Bacteroidetes; c__Bacteroidia; o__Bacteroidales; f__[Barnesiellaceae]; g__; s__	0.9974207755585519
3f5a2e660667e32d945452738355ed43	k__Bacteria; p__Elusimicrobia; c__Elusimicrobia; o__Elusimicrobiales; f__Elusimicrobiaceae; g__; s__	0.9999931984223549
88ffda4eeafaf9c7b6c4145771e6772a	k__Bacteria; p__Firmicutes; c__Clostridia; o__Clostridiales; f__[Mogibacteriaceae]; g__Mogibacterium; s__	0.9999729320324231
a017518d7ea17a2a298931819866b8b4	k__Bacteria; p__Firmicutes; c__Clostridia; o__Clostridiales; f__; g__; s__	0.9997473381462895
e07d8b8733c1dea20b81cdf974f1b834	k__Bacteria; p__Firmicutes; c__Clostridia; o__Clostridiales; f__Lachnospiraceae	0.9063228820502395
abe4683c416cb9b0391bde9f9e64060e	k__Bacteria; p__Bacteroidetes; c__[Saprospirae]; o__[Saprospirales]; f__Chitinophagaceae; g__; s__	0.9973613881858857
0957ccbb36ea82224b591be1454c2473	k__Bacteria; p__Proteobacteria; c__Gammaproteobacteria; o__Enterobacteriales; f__Enterobacteriaceae	0.9999999203789917
a23b5bdb3ece586a6c76b57553e55181	k__Bacteria; p__Tenericutes; c__CK-1C4-19; o__; f__; g__; s__	0.9994375830699906
4e2d454cba3f19afcfcffa92b1f5b2d0	k__Bacteria; p__Proteobacteria; c__Alphaproteobacteria; o__Rhodospirillales; f__Acetobacteraceae; g__Acetobacter; s__	0.9980791416667385
548184eeff17b2e406cb818fb4fb7e18	k__Bacteria; p__Firmicutes; c__Clostridia; o__Clostridiales; f__Ruminococcaceae; g__Oscillospira; s__	0.999876988690956
66c397930e76755c792c1213158c8f24	k__Bacteria; p__Firmicutes; c__Clostridia; o__Clostridiales; f__Ruminococcaceae; g__; s__	0.994765815039699
c2b391b852d105b493a691a8e95afec3	k__Bacteria; p__Firmicutes; c__Clostridia; o__Clostridiales; f__Ruminococcaceae; g__; s__	0.9601947321782079
321df2a43a4aed5b81639db879908b6a	k__Bacteria; p__Proteobacteria; c__Alphaproteobacteria; o__Rhodospirillales; f__Acetobacteraceae; g__Commensalibacter; s__intestini	0.9999999291911931
13b9afdcceffde886f2848ddb2713bc4	k__Bacteria; p__Proteobacteria; c__Alphaproteobacteria; o__Rhodospirillales; f__Acetobacteraceae; g__Acetobacter; s__	0.9992766277661916
d59ab31aff97e8fed9cd415ad42c205c	k__Bacteria; p__Firmicutes; c__Clostridia; o__Clostridiales; f__Ruminococcaceae; g__Ruminococcus; s__	0.9999763587357533
9cf8406bd0a3119584f6fb6679d8097f	k__Bacteria; p__Firmicutes; c__Clostridia; o__Clostridiales; f__Lachnospiraceae	0.8630173157477923
2e62474fd17f03bf655ac405134b2568	k__Bacteria; p__Firmicutes; c__Clostridia; o__Clostridiales; f__Lachnospiraceae; g__; s__	0.8398524330347119
0af7216b1cec58c14135d99a41d7ee26	k__Bacteria; p__Firmicutes; c__Clostridia; o__Clostridiales	0.790565049885446
5215c38245a694efcdee319100394e86	k__Bacteria; p__Firmicutes; c__Bacilli; o__Lactobacillales; f__Lactobacillaceae; g__Lactobacillus; s__brevis	0.993431406963333
9006840e71cfb48d0d9f9306f83d9607	k__Bacteria; p__Lentisphaerae; c__[Lentisphaeria]; o__Victivallales; f__Victivallaceae; g__; s__	0.7798783746800281
8395e344087f8f363067783db4b03ef0	k__Bacteria; p__Proteobacteria; c__Gammaproteobacteria; o__Pasteurellales; f__; g__; s__	0.9999639262414076
ac9bf77e4c7e8220ce43ae04a7c576de	k__Bacteria; p__Firmicutes; c__Clostridia; o__Clostridiales; f__; g__; s__	0.9974776422218353
2e2a7a02f451e0ebf834be55ca40bb58	k__Bacteria; p__Firmicutes; c__Clostridia; o__Clostridiales; f__; g__; s__	0.9999704932662721
d4e869e6d22773a2b5aaf7f5717d093f	k__Bacteria; p__Proteobacteria; c__Alphaproteobacteria; o__Rhizobiales; f__Hyphomicrobiaceae; g__Rhodoplanes; s__	0.9990783209359515
6d02b4e6b28da8d4a2898fecc62340a7	k__Bacteria; p__Firmicutes; c__Clostridia; o__Clostridiales; f__Lachnospiraceae	0.9601688987913379
77703193694259219a1bac316cda93b6	k__Bacteria; p__Firmicutes; c__Clostridia; o__Clostridiales; f__; g__; s__	0.9985849564405462
347062d10724eae055a2e4a961696795	k__Bacteria; p__Planctomycetes; c__Planctomycetia; o__Gemmatales; f__Gemmataceae; g__Gemmata; s__	0.9999982035790047
cd17e3fc8925be48b843313d7f4810c3	k__Bacteria; p__Proteobacteria; c__Alphaproteobacteria; o__RF32; f__; g__; s__	0.9999999976247125
3b90ca0a6e1bc914165a1f5921cf3f51	k__Bacteria; p__Firmicutes; c__Clostridia; o__Clostridiales	0.9956778909380742
69b0eb2b249511db0a8668f623d3ba65	k__Bacteria; p__Proteobacteria; c__Alphaproteobacteria; o__Rhodospirillales; f__Acetobacteraceae; g__Commensalibacter; s__intestini	0.9991832684326336
a4dc8e9afbdb57edbfd81fc02ad2f769	k__Bacteria; p__Proteobacteria; c__Alphaproteobacteria; o__Rhodospirillales; f__Acetobacteraceae; g__Acetobacter; s__	0.999283630424583
3b305618c6c4f769b4839af2e9725ae5	k__Bacteria; p__Proteobacteria; c__Alphaproteobacteria; o__Rhodospirillales; f__Acetobacteraceae; g__Gluconobacter; s__	0.9999708506904755
7876a73f014aec6a961dd7527988c9cf	k__Bacteria; p__Firmicutes; c__Clostridia; o__Clostridiales; f__Lachnospiraceae; g__; s__	0.9125091409851128
0b39b8cd1a0aa49e1ecb16b07562ecb0	k__Bacteria; p__Bacteroidetes; c__Bacteroidia; o__Bacteroidales; f__; g__; s__	0.9995687419538898
ce29f85a9b28fe553622c39449e00334	k__Bacteria; p__Proteobacteria; c__Alphaproteobacteria; o__Rhodospirillales; f__Acetobacteraceae; g__Acetobacter; s__	0.9692984300073323
f36f75f1f91f8f62f243d1822c874829	k__Bacteria; p__Cyanobacteria; c__4C0d-2; o__YS2; f__; g__; s__	0.999999999944805
362e07bafe709327c30bf460413f41d1	k__Bacteria; p__Firmicutes; c__Clostridia; o__Clostridiales; f__Lachnospiraceae; g__; s__	0.8429264342503736
3e7eccbe02731a0c0627d20011c944cf	k__Bacteria; p__Tenericutes; c__Mollicutes; o__Anaeroplasmatales; f__Anaeroplasmataceae; g__Anaeroplasma; s__	0.9999938697245659
dd5d448692175a6cd5450ea4d4336e51	k__Bacteria; p__Tenericutes; c__Mollicutes; o__RF39; f__; g__; s__	0.999999999963336
1dd43c4de03a8a6a00b8751e3dce81a5	k__Bacteria; p__Chloroflexi; c__Chloroflexi; o__AKIW781; f__; g__; s__	0.9999999999993463
792256b1acd4c093c166abc2d198fe74	k__Bacteria; p__Proteobacteria; c__Gammaproteobacteria	0.9999981822628493
920cc5d29b7066bd18f04ac5ec4a94f7	k__Bacteria; p__Firmicutes; c__Bacilli; o__Lactobacillales; f__Lactobacillaceae; g__Lactobacillus	0.838988076641281
d05830dfacf416ae87ceed812c392fd1	k__Bacteria; p__Proteobacteria; c__Alphaproteobacteria; o__Rhizobiales; f__Xanthobacteraceae; g__Azorhizobium	0.999770912958972
eaaad603b5bb50507e278bad5fdb1544	k__Bacteria; p__Firmicutes; c__Bacilli; o__Lactobacillales; f__Leuconostocaceae; g__Fructobacillus; s__	0.9999963324338277
ce8cb29156fca1dc6d18d38f3dbccb6b	k__Bacteria; p__Proteobacteria; c__Alphaproteobacteria; o__Rhodospirillales; f__Acetobacteraceae; g__Gluconobacter; s__	0.9998669599268013
f56682d567b79c3bcc35c7165e6dc4a8	k__Bacteria; p__Firmicutes; c__Clostridia; o__Clostridiales; f__Christensenellaceae; g__; s__	0.9627885207258694
220c04bc336af76e60bd46f1761fc3f4	k__Bacteria; p__Firmicutes; c__Clostridia; o__Clostridiales; f__Syntrophomonadaceae; g__Syntrophomonas; s__	0.9483472684990855
903570abd11f2e01a0400788e4e1257f	k__Bacteria; p__Proteobacteria; c__Alphaproteobacteria; o__Rhodospirillales; f__Acetobacteraceae; g__Acetobacter; s__	0.9962279200518984
a26489b6719d03ba93676aec0bd0b7d9	k__Bacteria; p__Proteobacteria; c__Alphaproteobacteria; o__Rhodospirillales; f__Acetobacteraceae; g__Gluconacetobacter	0.7813670696439875
958adb400bc70713c08eb508b4f4f884	k__Bacteria; p__Proteobacteria; c__Gammaproteobacteria; o__Pseudomonadales; f__Pseudomonadaceae; g__; s__	0.7871887122621003
ee6e020695febb43ed031770a7608c7e	k__Bacteria; p__Firmicutes; c__Clostridia; o__Clostridiales	0.999890249348018
ccfda75507acf8b98ce6a1912a0d84c1	k__Bacteria; p__Firmicutes; c__Clostridia; o__Clostridiales; f__; g__; s__	0.7978909594266077
2874b3faceb643051fd8531d2ac6669a	k__Bacteria; p__Firmicutes; c__Clostridia; o__Clostridiales; f__Ruminococcaceae	0.9998971415479487
e1a7c62e594b345455330b600ba4c40a	k__Bacteria; p__Firmicutes; c__Clostridia; o__Clostridiales; f__Ruminococcaceae; g__; s__	0.7973739650250816
416464d9e1c47de6bf571b0e21a7c460	k__Bacteria; p__Firmicutes; c__Clostridia; o__Clostridiales; f__; g__; s__	0.9991166920786091
a152a5992c885e75ab2d50336c88987f	k__Bacteria; p__Actinobacteria; c__Coriobacteriia; o__Coriobacteriales; f__Coriobacteriaceae; g__Adlercreutzia; s__	0.8812296768188019
df763f72255fe011298d801f634e99ee	k__Bacteria; p__Planctomycetes; c__Planctomycetia; o__Gemmatales; f__Gemmataceae; g__; s__	0.9999999772219044
3b4d83eeeb5ebc100e2ab181d08f209e	k__Bacteria	0.9916315280061819
4d6d5bef3fc3f6096bfe1c9320ee7693	k__Bacteria; p__Firmicutes; c__Clostridia; o__Clostridiales; f__Lachnospiraceae	0.9790271613469571
96f41cb3624d522a9b526a642801a4f6	k__Bacteria; p__Proteobacteria; c__Gammaproteobacteria; o__Enterobacteriales; f__Enterobacteriaceae	0.9996831164498317
49eeac4cba38cc7254f19d4772cf5458	k__Bacteria; p__Proteobacteria; c__Alphaproteobacteria; o__Sphingomonadales; f__Sphingomonadaceae; g__Sphingobium; s__	0.9930102436409608
070a351a901813b444041afe5b0d3b6b	k__Bacteria; p__Proteobacteria; c__Alphaproteobacteria; o__Sphingomonadales; f__Sphingomonadaceae; g__Sphingomonas; s__	0.8573102915416687
d522ad5edf6ce630d71298d23cfcf9d5	k__Bacteria; p__Firmicutes; c__Clostridia; o__Clostridiales; f__; g__; s__	0.9999538719546094
737f89a22f02ae756e2822cfc68e39e1	k__Bacteria; p__Firmicutes; c__Clostridia; o__Clostridiales; f__; g__; s__	0.8218317539673338
d456dee223ec448b3cd23d793a873254	k__Bacteria; p__Firmicutes; c__Clostridia; o__Clostridiales; f__Lachnospiraceae; g__Roseburia; s__	0.8675752021145181
15f3a80bc22c7ae16b5024bf67696e7a	k__Bacteria; p__Actinobacteria; c__Coriobacteriia; o__Coriobacteriales; f__Coriobacteriaceae	0.99999563894629
9d8792b5dab4c2aa1ff53ed3c6ba9629	k__Bacteria; p__Proteobacteria; c__Alphaproteobacteria; o__Rhodospirillales; f__Acetobacteraceae; g__Acetobacter; s__	0.985679920572242
735307c5de034740268adff7615b5f3d	k__Bacteria; p__Bacteroidetes; c__Flavobacteriia; o__Flavobacteriales; f__[Weeksellaceae]; g__Wautersiella; s__	0.9999999970728197
aeb3995b031fa9a7009672effc407c20	k__Bacteria; p__Bacteroidetes; c__Bacteroidia; o__Bacteroidales; f__S24-7; g__; s__	0.9995681144251799
ddf254c2f52d6a678d9cf5e158d2f39d	k__Bacteria; p__Firmicutes; c__Clostridia; o__Clostridiales; f__Lachnospiraceae; g__Dorea; s__	0.9606967621565637
4226b4c3333c1de5099062c29da4cb8b	k__Bacteria; p__Proteobacteria; c__Gammaproteobacteria; o__Enterobacteriales; f__Enterobacteriaceae	0.9999999233226106
1f7c4b181419263e08bbf573b793afb4	k__Bacteria; p__Actinobacteria; c__Coriobacteriia; o__Coriobacteriales; f__Coriobacteriaceae; g__; s__	0.9943583949531968
c628f218c0a75a11f02c09a20543b84f	k__Bacteria; p__Proteobacteria; c__Alphaproteobacteria; o__Rickettsiales; f__Rickettsiaceae; g__Wolbachia; s__	0.9997426259735203
7e8bd71020172622f8df87e2058a0a89	k__Bacteria; p__Actinobacteria; c__Coriobacteriia; o__Coriobacteriales; f__Coriobacteriaceae	0.9999999982324623
639e1209267f24064988a14ba03e0c3d	k__Bacteria; p__Firmicutes; c__Clostridia; o__Clostridiales; f__Lachnospiraceae; g__; s__	0.8212846367394389
dd74a343938d501735aa138bef4c5253	k__Bacteria; p__Cyanobacteria; c__4C0d-2; o__YS2; f__; g__; s__	0.9999999999892282
d9a9349f7daa27b0f9cf4059c977b266	k__Bacteria; p__Firmicutes; c__Clostridia; o__Clostridiales; f__Ruminococcaceae; g__Ruminococcus; s__	0.9979129894881374
f3e0a3436d13367ed002f4cd2ec2045a	k__Bacteria; p__Bacteroidetes; c__Bacteroidia; o__Bacteroidales; f__Porphyromonadaceae; g__Dysgonomonas; s__	0.9841876290773446
da782d4cd8e283c775626e26edfb2800	k__Bacteria; p__Firmicutes; c__Bacilli; o__Lactobacillales; f__Carnobacteriaceae; g__Granulicatella; s__	0.9366266883451314
528846f1a56e684501a781f2de5a9351	k__Bacteria; p__Firmicutes; c__Bacilli; o__Turicibacterales; f__Turicibacteraceae; g__Turicibacter; s__	0.9999996353428412
ec120d18574a741671d1182b46e6439c	k__Bacteria; p__Bacteroidetes; c__Bacteroidia; o__Bacteroidales; f__Prevotellaceae; g__Prevotella; s__	0.9999999663466644
6babd5a7d2bc90cf42952dc20a0b8b74	k__Bacteria; p__Actinobacteria; c__Actinobacteria; o__Actinomycetales; f__Microbacteriaceae; g__Pseudoclavibacter; s__soli	0.9796989611540626
08d9499e0a69d43a3bc675ae032be21f	k__Bacteria; p__Actinobacteria; c__Actinobacteria; o__Actinomycetales; f__Microbacteriaceae; g__Leucobacter; s__	0.9868214629552845
46f0f3f958eb509e8e3512dd7057849f	k__Bacteria; p__Proteobacteria; c__Gammaproteobacteria; o__Pasteurellales; f__; g__; s__	0.9999999999676419
55cada73696c1e049522ffa4d1b8a5f9	k__Bacteria; p__Bacteroidetes; c__Sphingobacteriia; o__Sphingobacteriales; f__Sphingobacteriaceae; g__Sphingobacterium; s__faecium	0.932137061003042
52183b4ec423dcff9b898f168e85e851	k__Bacteria; p__Tenericutes; c__Mollicutes; o__RF39; f__; g__; s__	0.9999999999823359
c18d1ebe0a7ececc86f51f180a80c62d	k__Bacteria; p__Firmicutes; c__Clostridia; o__Clostridiales; f__Ruminococcaceae	0.9995250620695907
9eec7c45fa57f28732d9dc252079e0d5	k__Bacteria; p__Firmicutes; c__Clostridia; o__Clostridiales; f__Ruminococcaceae; g__; s__	0.9920866556058888
27ee9993f1879de4d9799d082a443a77	k__Bacteria; p__Firmicutes; c__Clostridia; o__Clostridiales	0.9999760050573081
61a8c64a0cfec9f2f6ca0487af02c181	k__Bacteria; p__Firmicutes; c__Clostridia; o__Clostridiales; f__Ruminococcaceae	0.9998930913178304
1f7174d941ab49a2ac23ef1f82a012cb	k__Bacteria; p__Proteobacteria; c__Alphaproteobacteria; o__Rhizobiales; f__Methylobacteriaceae; g__Methylobacterium; s__adhaesivum	0.9717997941539527
26d578199ff8db8616e12c33726f76b6	k__Bacteria; p__Proteobacteria; c__Alphaproteobacteria; o__Rhizobiales; f__Rhizobiaceae; g__Kaistia; s__	0.9999940143472741
b82f16d27dc3e327febf963e38280fc3	k__Bacteria; p__Proteobacteria; c__Gammaproteobacteria; o__Enterobacteriales; f__Enterobacteriaceae	0.9999943845676775
9d74cd7cfe9c98197139f2cbd1beed0a	k__Bacteria; p__Proteobacteria; c__Gammaproteobacteria; o__Pasteurellales; f__; g__; s__	0.9999999997450715
ed156ba026874ad8a9bdb5cfa72ba8b7	k__Bacteria; p__Firmicutes; c__Clostridia; o__Clostridiales; f__Veillonellaceae; g__Veillonella; s__parvula	0.877063668203977
3ac871898caef518536e60830d883cf8	k__Bacteria; p__Actinobacteria; c__Actinobacteria; o__Actinomycetales; f__Pseudonocardiaceae; g__Actinomycetospora; s__	0.9983780751093383
78364d0e3b5d6fd65193d539d998905f	k__Bacteria; p__Proteobacteria; c__Alphaproteobacteria; o__Rhodospirillales; f__Acetobacteraceae; g__Acetobacter; s__	0.9992652387503785
29ed50c5ed5f913e99e898738dd1a78a	k__Bacteria; p__Proteobacteria; c__Gammaproteobacteria; o__Xanthomonadales; f__Xanthomonadaceae; g__Luteibacter; s__rhizovicinus	0.8942293906757556
feae81fa8c0278f9f363dbd8876fca74	k__Bacteria; p__Actinobacteria; c__Actinobacteria; o__Actinomycetales; f__Nocardiaceae; g__Nocardia; s__	0.9976637872952433
50b3d9c1286c4d6f3a0cc2418a42983f	k__Bacteria; p__Firmicutes; c__Clostridia; o__Clostridiales; f__Ruminococcaceae; g__; s__	0.7874746348469399
ec41065d5131d98aac1625e14659a0fc	k__Bacteria; p__Firmicutes; c__Clostridia; o__Clostridiales; f__Lachnospiraceae	0.9961436162077278
9e7318bcf7eeb3491ad16ecc05bd6b58	k__Bacteria; p__Firmicutes; c__Clostridia; o__Clostridiales; f__Ruminococcaceae; g__; s__	0.9810246305480096
7a6f6565ee2bbbb09751bbd4238c7ca9	k__Bacteria; p__Firmicutes; c__Clostridia; o__Clostridiales; f__; g__; s__	0.9950866348690167
d067da255408ae98bb2b963a3741f896	k__Bacteria; p__Firmicutes; c__Clostridia; o__Clostridiales; f__Ruminococcaceae; g__Butyricicoccus; s__pullicaecorum	0.9993537931044849
1557975c228661aeefa9822686ead44b	k__Bacteria; p__Firmicutes; c__Clostridia; o__Clostridiales; f__Ruminococcaceae; g__; s__	0.784100286694539
490ce719e8f2c7d5179f9fd7241b6845	k__Bacteria; p__Firmicutes; c__Clostridia; o__Clostridiales; f__Lachnospiraceae; g__; s__	0.9145940519266812
610b8979f9ca16665bed63d63cec10f7	k__Bacteria; p__Firmicutes; c__Clostridia; o__Clostridiales; f__; g__; s__	0.9699478832371152
1f66c2e573662fc98a912d666833ff9b	k__Bacteria; p__Proteobacteria; c__Gammaproteobacteria; o__Enterobacteriales; f__Enterobacteriaceae	0.9999990274613694
f968e4245fedd99a8f4c9c34373d8805	k__Bacteria; p__Actinobacteria; c__Actinobacteria; o__Actinomycetales; f__Corynebacteriaceae; g__Corynebacterium; s__	0.8774507659473442
b6e647a8203c013d6715622f42c40bbb	k__Bacteria; p__Proteobacteria; c__Alphaproteobacteria; o__Rhodospirillales; f__Acetobacteraceae; g__Gluconacetobacter	0.8808470510290445
8d3dc2f304a9ab037456ca8e1e40d2bd	k__Bacteria; p__Firmicutes; c__Bacilli; o__Lactobacillales; f__Lactobacillaceae; g__Lactobacillus; s__brevis	0.995030398029879
0e881b8cfff4d4aa7b0f443b933edea7	k__Bacteria; p__Proteobacteria; c__Alphaproteobacteria; o__Rhizobiales; f__Methylobacteriaceae; g__Methylobacterium; s__organophilum	0.9907436253411759
894ccab505c68194496637d79605e3a7	k__Bacteria; p__Firmicutes; c__Bacilli; o__Lactobacillales; f__Lactobacillaceae; g__Lactobacillus	0.7028677634842129
c859d1bbe2986ec69da8466d5f4a996e	k__Bacteria; p__Actinobacteria; c__Actinobacteria; o__Actinomycetales; f__Nocardioidaceae; g__Aeromicrobium; s__	0.9999865518887988
ceb7decbf2433b3aa7fbe8ddbd88733b	k__Bacteria; p__Proteobacteria; c__Alphaproteobacteria; o__Rhodospirillales; f__Acetobacteraceae; g__Gluconobacter; s__	0.999931155702275
9c89c32360d68ca09e4a00c56a5bdf19	k__Bacteria; p__Firmicutes; c__Clostridia; o__Clostridiales; f__; g__; s__	0.9965510459192919
657b53eec5cc03a34d4d673a58c65689	k__Bacteria; p__Firmicutes; c__Clostridia; o__Clostridiales; f__Lachnospiraceae; g__; s__	0.8498306582513468
5188e8c8ea8039cc5f221b04ce1d10f5	k__Bacteria; p__Firmicutes; c__Clostridia; o__Clostridiales; f__; g__; s__	0.95484465172754
fd74b8fdefca60ed38b4174e25182018	k__Bacteria; p__Firmicutes; c__Clostridia; o__Clostridiales; f__Ruminococcaceae	0.9991355413737966
8872efee5c94f6be1dc5d7abd554bf40	k__Bacteria; p__Firmicutes; c__Clostridia; o__Clostridiales; f__; g__; s__	0.9992018622972866
7f757bb7a38c36ce58da0b1c42f9c9fb	k__Bacteria; p__Firmicutes; c__Clostridia; o__Clostridiales	0.9999581119288975
63a6ff7737aa52ae919b04b913b0b2fc	k__Bacteria; p__Firmicutes; c__Clostridia; o__Clostridiales; f__Ruminococcaceae; g__; s__	0.8008066959128624
96bbef6d08d5324db347308d984c0544	k__Bacteria; p__Bacteroidetes; c__Bacteroidia; o__Bacteroidales; f__Rikenellaceae; g__; s__	0.9996193295419369
e97d9c6b4f0dacde5aadc2c177ba1f02	k__Bacteria; p__Firmicutes; c__Bacilli; o__Bacillales; f__[Exiguobacteraceae]; g__Exiguobacterium; s__	0.9969942893500214
6c7ecd1d5eaa170acf84704e217bd479	k__Bacteria; p__Firmicutes; c__Bacilli; o__Lactobacillales; f__Lactobacillaceae; g__Lactobacillus; s__brevis	0.9969555576222314
d0a0b0c96f2ad94d37c119c248e4670b	k__Bacteria; p__Proteobacteria; c__Gammaproteobacteria; o__Pseudomonadales; f__Pseudomonadaceae	0.9992568535356655
ea3031828d46c509191e8c4a3ef79ae4	k__Bacteria; p__Actinobacteria; c__Thermoleophilia; o__Solirubrobacterales; f__Solirubrobacteraceae; g__; s__	0.9999907198140244
c5d2b428b1161cc1293b9dc31a45ca45	k__Bacteria; p__Proteobacteria; c__Alphaproteobacteria; o__Rhizobiales; f__Bradyrhizobiaceae; g__Balneimonas; s__	0.9999964113468865
8c5a377716905996e9b9063facedde5e	k__Bacteria; p__Proteobacteria; c__Gammaproteobacteria; o__Enterobacteriales; f__Enterobacteriaceae	0.9999998360846367
cdf166bcd7ed7d335cc49e66ece27de2	k__Bacteria; p__Proteobacteria; c__Alphaproteobacteria; o__Rhodospirillales; f__Acetobacteraceae; g__Acetobacter; s__	0.9920364655299633
2bb740d7130fc7e153204ee71a07f291	k__Bacteria	0.9995593068605109
b0340eace7bbdfe8a7b96fcf85f0a5f8	k__Bacteria; p__Bacteroidetes; c__Bacteroidia; o__Bacteroidales; f__Bacteroidaceae; g__Bacteroides; s__	0.7481878589715888
644b2747cd5d92965e2ef88fad703106	k__Bacteria; p__Firmicutes; c__Clostridia; o__Clostridiales; f__Ruminococcaceae; g__Oscillospira; s__	0.8565104965213457
38935164170dc73c653e92557bcaf8e9	k__Bacteria; p__Firmicutes; c__Clostridia; o__Clostridiales; f__Ruminococcaceae; g__; s__	0.9473923044561946
2b7cfb9750bcddc55fc0862251838e74	k__Bacteria; p__Actinobacteria; c__Actinobacteria; o__Actinomycetales; f__Nocardiaceae; g__Rhodococcus; s__	0.995912523063849
038b60adf39717e4c13bcdb619ee09a3	k__Bacteria; p__Proteobacteria; c__Alphaproteobacteria; o__Rhodospirillales; f__Acetobacteraceae; g__Acetobacter; s__	0.9338084196975724
a6b7ab0c2a77fc2ad852c29f5fe4e918	k__Bacteria; p__Actinobacteria; c__Actinobacteria; o__Actinomycetales; f__Nocardioidaceae; g__Pimelobacter; s__	0.9393415601032287
99c4ec7cbe679322e6b24008366091b6	k__Bacteria; p__Firmicutes; c__Clostridia; o__Clostridiales; f__Ruminococcaceae; g__; s__	0.9982684762556567
fc0e53ac3978f6b2851f9f00a2419ecb	k__Bacteria; p__Firmicutes; c__Clostridia; o__Clostridiales; f__Ruminococcaceae; g__; s__	0.7959702495312588
4f25a63c5fbb1581fd9dff12a1a095c4	k__Bacteria; p__Firmicutes; c__Clostridia; o__Clostridiales; f__Ruminococcaceae; g__Ruminococcus; s__	0.9997246208799544
a22b684170fb8000c789988171fad3dc	k__Bacteria; p__Firmicutes; c__Clostridia; o__Clostridiales; f__Lachnospiraceae; g__; s__	0.7286426481206913
b6bb02bb947b6f37eaa41c308fdec576	k__Bacteria; p__Firmicutes; c__Clostridia; o__Clostridiales; f__Lachnospiraceae; g__Coprococcus; s__	0.7656979503401652
5bd285362678b0360d6ac6d8a774b319	k__Bacteria; p__Firmicutes; c__Clostridia; o__Clostridiales; f__Lachnospiraceae	0.9984396349589716
5bc9ca5e236b996ead89eeeceafbbe66	Unassigned	0.8103391556316193
90bceec252f1ca0ab68875acf45720ab	k__Bacteria; p__Proteobacteria; c__Alphaproteobacteria; o__Rhodospirillales; f__Acetobacteraceae; g__Acetobacter; s__	0.997374483686639
7b09ceb3417b28a564890c8531209676	k__Bacteria; p__Actinobacteria; c__Actinobacteria; o__Actinomycetales; f__Microbacteriaceae	0.999981773914887
98f7f86c9682450c95c3c3c5b1398e6f	k__Bacteria; p__Bacteroidetes; c__Bacteroidia; o__Bacteroidales; f__Prevotellaceae; g__Prevotella; s__	0.9999924058469977
27115c0be059300ae7a56a8c135f681e	k__Bacteria; p__Proteobacteria; c__Alphaproteobacteria; o__Rhodospirillales; f__Rhodospirillaceae; g__Skermanella; s__	0.9999999252546444
d52c3df7e3b80b04e917f0084b59cd68	k__Bacteria; p__Spirochaetes; c__Spirochaetes; o__Spirochaetales; f__Spirochaetaceae; g__Treponema; s__	0.9999797970111938
a597ccf5c11767dbb27d15522010f554	k__Bacteria; p__Firmicutes; c__Clostridia; o__Clostridiales; f__Ruminococcaceae; g__Ruminococcus; s__	0.9940472401064621
d802b62515fcdb909173bc36e6fc0be8	k__Bacteria; p__Chloroflexi; c__Chloroflexi; o__Chloroflexales; f__FFCH7168; g__; s__	0.9999968169537039
f14cb1ba255b24f7f515461c16ebe7ac	k__Bacteria; p__Proteobacteria; c__Alphaproteobacteria; o__Rhodospirillales; f__Acetobacteraceae; g__Acetobacter; s__	0.9959396401532871
22e38a1ef52ac1793a3cee49696a24a8	k__Bacteria; p__Proteobacteria; c__Gammaproteobacteria; o__Pseudomonadales; f__Pseudomonadaceae; g__Pseudomonas	0.9629926529955487
22ed3a08ccb518cd92109352dfbeb6da	k__Bacteria; p__Actinobacteria; c__Actinobacteria; o__Actinomycetales; f__Frankiaceae; g__; s__	0.9997924528422645
44e657ac66c1e3da59f661001347b021	k__Bacteria; p__Firmicutes; c__Clostridia; o__Clostridiales; f__; g__; s__	0.9901654457316967
2c2eb375f8fd1f3bb2475ba6a09e6a51	k__Bacteria; p__Firmicutes; c__Clostridia; o__Clostridiales; f__Ruminococcaceae; g__Ruminococcus; s__	0.9999144264751552
a3c9d8291d3d6e71fffc80eb7dcea904	k__Bacteria; p__Firmicutes; c__Clostridia; o__Clostridiales; f__Ruminococcaceae; g__; s__	0.8214862214147326
c375916deef05183192d1136881b5117	k__Bacteria; p__Bacteroidetes; c__Bacteroidia; o__Bacteroidales; f__Rikenellaceae; g__; s__	0.9998565921839743
a6c169b89a1167dcc54259210d343058	k__Bacteria; p__Firmicutes; c__Clostridia; o__Clostridiales	0.9999864701324309
872031bc34eb7776e2b9a2cd3ec34013	k__Bacteria; p__TM7; c__TM7-3; o__CW040; f__F16; g__; s__	0.9999999992913473
ae1cc41e18f6d5dbfa7cbc79c88335da	k__Bacteria; p__Proteobacteria; c__Gammaproteobacteria; o__Xanthomonadales; f__Xanthomonadaceae; g__Stenotrophomonas; s__	0.9880022729733503
918a902330cd8d53e7ef150edd0ed292	k__Bacteria; p__Actinobacteria; c__Actinobacteria; o__Actinomycetales; f__Cellulomonadaceae; g__Demequina; s__	0.9719660906756816
98148bff2b1f43ef17cc572f5133a44b	k__Bacteria; p__Proteobacteria; c__Alphaproteobacteria; o__Rhodospirillales; f__Acetobacteraceae; g__Acetobacter; s__	0.9967458390617727
e536f0ae7073c67488827324eead4994	k__Bacteria	0.9996936565864807
37347f0a2725a4ac122594456129621a	k__Bacteria; p__Proteobacteria; c__Gammaproteobacteria; o__Pseudomonadales; f__Pseudomonadaceae; g__Pseudomonas; s__viridiflava	0.9944382587428912
2ba0524b1be776ff6b346b5681650bdc	k__Bacteria; p__Firmicutes; c__Bacilli; o__Lactobacillales; f__Streptococcaceae; g__Streptococcus; s__	0.9995743256544141
75454525d14d7a725e1b036d7777d1af	k__Bacteria; p__Proteobacteria; c__Alphaproteobacteria; o__Rhodospirillales; f__Acetobacteraceae; g__Acetobacter; s__	0.8231396978210322
f8735555c676cb1bf254be24946a2a3e	k__Bacteria; p__Bacteroidetes; c__Flavobacteriia; o__Flavobacteriales; f__[Weeksellaceae]; g__Chryseobacterium; s__	0.9999841841894452
20194986be527b02a707e1929e442245	k__Bacteria; p__Firmicutes; c__Erysipelotrichi; o__Erysipelotrichales; f__Erysipelotrichaceae; g__Erysipelothrix; s__	0.9999999756807941
e08dffacc51599543a484456a41f0570	k__Bacteria; p__Actinobacteria; c__Coriobacteriia; o__Coriobacteriales; f__Coriobacteriaceae	0.9999999998112385
17495a6f601ba5bd0123b4fcfc20ff25	k__Bacteria; p__Proteobacteria; c__Alphaproteobacteria; o__Rickettsiales; f__Rickettsiaceae; g__Wolbachia; s__	0.9998654844377268
ed9bf0a96aa173d7da3d944d918946da	k__Bacteria; p__Bacteroidetes; c__Bacteroidia; o__Bacteroidales; f__Porphyromonadaceae; g__Dysgonomonas; s__	0.9999836726393262
c94d3468d86e7b0b411ea36c0c3fbd84	k__Bacteria; p__Actinobacteria; c__Actinobacteria; o__Actinomycetales; f__Mycobacteriaceae; g__Mycobacterium; s__	0.9724786578226132
789778a4219a8cf0bb5696b79419cdf3	k__Bacteria; p__Proteobacteria; c__Alphaproteobacteria; o__Rhodospirillales; f__Acetobacteraceae; g__Commensalibacter; s__intestini	0.9999998759455698
06f1af8ea9e4456db90109c8095375c9	k__Bacteria; p__Bacteroidetes; c__[Saprospirae]; o__[Saprospirales]; f__Chitinophagaceae; g__; s__	0.9559415466570339
e644f0e029992b69dbb39a786d73c915	k__Bacteria; p__Actinobacteria; c__Coriobacteriia; o__Coriobacteriales; f__Coriobacteriaceae; g__Enterococcus; s__casseliflavus	0.8304096746048824
2d666c34b10bde77ad9c3b55bba5b398	k__Bacteria; p__Firmicutes; c__Clostridia; o__Clostridiales; f__Ruminococcaceae; g__Oscillospira; s__	0.9983213461305994
a728ffeedf35dcf1167a3bdcd947ad0f	k__Bacteria; p__Firmicutes; c__Clostridia; o__Clostridiales; f__Ruminococcaceae; g__; s__	0.9182592327788198
b4470030ed0f66e89e319ca2d3dae57e	k__Bacteria; p__Bacteroidetes; c__Bacteroidia; o__Bacteroidales; f__Porphyromonadaceae; g__Dysgonomonas; s__	0.9999959050440594
9a654fafa72f1fe1779ae7977fb6c48b	k__Bacteria; p__Actinobacteria; c__Actinobacteria; o__Actinomycetales; f__Beutenbergiaceae; g__Salana; s__multivorans	0.9977238957622627
1cb018421e7afd4bac507c4e727a04ab	k__Bacteria; p__Proteobacteria; c__Alphaproteobacteria; o__Sphingomonadales; f__Sphingomonadaceae; g__Sphingomonas; s__yabuuchiae	0.9746169463519093
a4fc78586f37de9e72e63ba7acb560c9	k__Bacteria; p__Bacteroidetes; c__Sphingobacteriia; o__Sphingobacteriales; f__Sphingobacteriaceae; g__Sphingobacterium; s__	0.9999518521410323
609c42e605ff2ec9fd0c9de5d9a3886b	k__Bacteria; p__Firmicutes; c__Clostridia; o__Clostridiales; f__Ruminococcaceae; g__; s__	0.9995649642481239
42e1e529748db1840cd0219ebe197591	k__Bacteria; p__Firmicutes; c__Clostridia; o__Clostridiales; f__Ruminococcaceae; g__Faecalibacterium; s__	0.9163167390726608
0ed0a4de1edc53f469affacbdefd59c4	k__Bacteria; p__Tenericutes; c__Mollicutes; o__RF39; f__; g__; s__	0.9999999999699014
b967197028377b052beb142ef87d9917	k__Bacteria; p__Firmicutes; c__Clostridia; o__Clostridiales; f__Ruminococcaceae; g__; s__	0.9980808396552439
8362c468046e0eb161cf5d088eecb53b	k__Archaea; p__Euryarchaeota; c__Methanomicrobia; o__Methanomicrobiales; f__Methanocorpusculaceae; g__; s__	0.9951361947861539
31c82a28e992c314c4b57788233080a1	k__Bacteria; p__Firmicutes; c__Clostridia; o__Clostridiales; f__Lachnospiraceae; g__; s__	0.8599152855157792
0685cc13df6f5f31159d71183c923a90	k__Bacteria; p__Proteobacteria; c__Betaproteobacteria; o__Burkholderiales; f__Comamonadaceae; g__; s__	0.9064213242839524
ed65b77903de07900204506c061a477d	k__Bacteria; p__Proteobacteria; c__Alphaproteobacteria; o__Rickettsiales; f__Rickettsiaceae; g__Wolbachia; s__	0.9998503522068873
c5601eb91d65aab899f3989501fa5a30	k__Bacteria; p__Proteobacteria; c__Alphaproteobacteria; o__Rhodospirillales; f__Acetobacteraceae	0.9999992787778593
8d46155700198d2d6783b67d31b85e89	k__Bacteria; p__Firmicutes; c__Bacilli; o__Lactobacillales; f__Lactobacillaceae; g__Lactobacillus; s__	0.956880046435458
5bd573e09430aab7871a15c3fc3a9bb7	k__Bacteria; p__Proteobacteria; c__Alphaproteobacteria; o__Rickettsiales; f__Rickettsiaceae; g__Wolbachia; s__	0.9998057898977726
e5fe3d6df6ecdac4fa52221975ec2877	k__Bacteria; p__Firmicutes; c__Clostridia; o__Clostridiales	0.9999988583697625
de8f10ff6561a2b2b7af0fcc510aa2cf	k__Bacteria; p__Firmicutes; c__Clostridia; o__Clostridiales; f__Ruminococcaceae; g__; s__	0.9998811995687541
1180a1495ae614474a6d84a8f3026696	k__Bacteria; p__Firmicutes; c__Clostridia; o__Clostridiales	0.8192026287220366
613297fcc4e1c8e2950ce063862232ea	k__Bacteria; p__Firmicutes; c__Clostridia; o__Clostridiales; f__Lachnospiraceae; g__; s__	0.8464993853030703
3f93c9b6244efce94d78f70ea76cd677	k__Bacteria; p__Firmicutes; c__Erysipelotrichi; o__Erysipelotrichales; f__Erysipelotrichaceae	0.9990433957509599
c0f0408ee014680116c1c5a09f2b7360	k__Bacteria; p__Firmicutes; c__Clostridia; o__Clostridiales; f__Lachnospiraceae; g__Clostridium	0.866309553685759
659a3c64d8e96294571726d7341d742b	k__Bacteria; p__Tenericutes; c__Mollicutes; o__RF39; f__; g__; s__	0.9999999999070326
0ee2746638dce044afd2d0d2c880bf55	k__Bacteria; p__Cyanobacteria; c__4C0d-2; o__YS2; f__; g__; s__	0.9999999871212709
36d7111f69415ffb30db5b89d944e2d0	k__Bacteria; p__Firmicutes; c__Clostridia; o__Clostridiales; f__[Mogibacteriaceae]; g__Mogibacterium; s__	0.9999999563211911
e914a5b86e224f2d703988f7a78e6dd5	k__Bacteria; p__Firmicutes; c__Clostridia; o__Clostridiales; f__Lachnospiraceae; g__; s__	0.8531989009923527
979019c3256406762ba954a935cda991	k__Bacteria; p__Firmicutes; c__Clostridia; o__Clostridiales; f__Lachnospiraceae; g__; s__	0.8063631818599185
33ee7571c6d29d3544a7571088c4472e	k__Bacteria; p__Firmicutes; c__Clostridia; o__Clostridiales; f__Ruminococcaceae; g__; s__	0.9898080285914834
33a119f5423602d9713f2c554051d608	k__Bacteria; p__Actinobacteria; c__Coriobacteriia; o__Coriobacteriales; f__Coriobacteriaceae; g__Adlercreutzia; s__	0.9925471720609174
769bd40e67cf9f7af242134d848b8f45	k__Bacteria; p__Firmicutes; c__Clostridia; o__Clostridiales; f__; g__; s__	0.9903776816030231
5fe144bcb1ff5ebb7d53cea28e42cd17	k__Bacteria; p__Verrucomicrobia; c__[Spartobacteria]; o__[Chthoniobacterales]; f__[Chthoniobacteraceae]; g__DA101; s__	0.9999849047644944
885252b3f0a699cccf910cf09ac86874	k__Bacteria; p__Bacteroidetes; c__Flavobacteriia; o__Flavobacteriales; f__[Weeksellaceae]; g__Wautersiella; s__	0.9999999993709281
7b1a24dc1bac5790ea1df7189b9908f8	k__Bacteria; p__Proteobacteria; c__Alphaproteobacteria; o__Rhodospirillales; f__Acetobacteraceae; g__Acetobacter; s__	0.983396442811467
f66f60890f29131e9620441a7986321b	k__Bacteria; p__Proteobacteria; c__Gammaproteobacteria; o__Enterobacteriales; f__Enterobacteriaceae	0.9999999704149979
1dfeba016c9a10bac3d426ebf493852c	k__Bacteria; p__Actinobacteria; c__Actinobacteria; o__Actinomycetales; f__Mycobacteriaceae; g__Mycobacterium; s__	0.9896009672739364
c3e30e206a9c5f627ebff2c2a05672ed	k__Bacteria; p__Actinobacteria; c__Actinobacteria; o__Actinomycetales; f__Corynebacteriaceae; g__Corynebacterium; s__variabile	0.9730460885124077
202c57045f0b4f686e5e35d34eab04af	k__Bacteria; p__Firmicutes; c__Clostridia; o__Clostridiales; f__Ruminococcaceae; g__; s__	0.8844791870553447
d08ab38397e2fe0fd9a808d6cf7390fb	k__Bacteria; p__Proteobacteria; c__Gammaproteobacteria; o__Enterobacteriales; f__Enterobacteriaceae	0.9998647830624873
56898d42dd9b5678972ad4fbda8bf53a	k__Bacteria; p__Firmicutes; c__Clostridia; o__Clostridiales; f__Ruminococcaceae; g__; s__	0.9994823099857397
58426e5b0a19915464a14c1e70aa7d83	k__Bacteria; p__Firmicutes; c__Clostridia; o__Clostridiales; f__Ruminococcaceae; g__; s__	0.8923775521126043
ed66dbc103bb37ba09174519ff8037e7	k__Bacteria; p__Firmicutes; c__Clostridia; o__Clostridiales; f__Ruminococcaceae; g__; s__	0.9278984490719514
619b206501d2a0bbaafaeaf64cbe9ec9	k__Bacteria; p__Firmicutes; c__Clostridia; o__Clostridiales; f__; g__; s__	0.9929368368948384
a81a83ebe42812e7d8e3bd765c159f4e	k__Bacteria; p__Firmicutes; c__Clostridia; o__Clostridiales; f__; g__; s__	0.9998071480869515
77691f5500541830913fa366b932b6be	k__Bacteria; p__Firmicutes; c__Clostridia; o__Clostridiales; f__Ruminococcaceae; g__; s__	0.9995566201544527
465d875a4203379b558570a9b9609889	k__Bacteria; p__Firmicutes; c__Clostridia; o__Clostridiales	0.9698456272152992
983d1ca8f6a55ba907b1c79906f1d84f	k__Bacteria; p__Firmicutes; c__Bacilli; o__Lactobacillales; f__Lactobacillaceae	0.9979328259767404
d98d1a909e750c15aeaf2133c8fa9f68	k__Bacteria; p__Proteobacteria; c__Alphaproteobacteria; o__Rhodospirillales; f__Acetobacteraceae; g__Acetobacter; s__	0.9964028677428861
2be584c36a4245b8d941c8253b234228	k__Bacteria; p__Firmicutes; c__Clostridia; o__Clostridiales; f__; g__; s__	0.9961777359594598
227868bccada9113550737a0b110d392	k__Bacteria; p__Proteobacteria; c__Alphaproteobacteria; o__Rickettsiales; f__Rickettsiaceae; g__Wolbachia; s__	0.9998518849625987
44fb0758c97b80b79d3d408410ae9fe0	k__Bacteria; p__Bacteroidetes; c__[Saprospirae]; o__[Saprospirales]; f__Chitinophagaceae	0.9999998091436948
9cd849f155561ff2371458268ad14b3a	k__Bacteria; p__Bacteroidetes; c__Bacteroidia; o__Bacteroidales; f__Porphyromonadaceae; g__Dysgonomonas; s__	0.9998926968717325
bc75ada13c981d0a7cda456a8a80e56d	k__Bacteria; p__Proteobacteria; c__Betaproteobacteria; o__Burkholderiales; f__Comamonadaceae	0.999872853002241
b4245604262b7c16b2c8e4962be9e855	k__Bacteria; p__Proteobacteria; c__Betaproteobacteria; o__Burkholderiales; f__Oxalobacteraceae; g__Massilia	0.9634549643680449
bf4e8fa0714d5d4dc0a15f1dfa0257c6	k__Bacteria; p__Firmicutes; c__Clostridia; o__Clostridiales; f__Ruminococcaceae; g__; s__	0.9561231588703919
aa30eb247e18bd985ab50939c7eb9189	k__Bacteria; p__Firmicutes; c__Clostridia; o__Clostridiales; f__Lachnospiraceae; g__; s__	0.768017350337974
7b310a4ae5608a1cc15e269b3a6b7cdb	k__Bacteria; p__Firmicutes; c__Clostridia; o__Clostridiales; f__Lachnospiraceae; g__; s__	0.7763572181597883
48d2d045f2983c732344768b46ceee9d	k__Bacteria; p__Tenericutes; c__Mollicutes; o__RF39; f__; g__; s__	0.9999999997530153
65a5f5197d48a763749137dd813af3ef	k__Bacteria; p__Firmicutes; c__Clostridia; o__Clostridiales; f__Ruminococcaceae; g__Oscillospira; s__	0.9905473141110144
0574f42550e646f727590b336516249b	k__Bacteria; p__Proteobacteria; c__Gammaproteobacteria; o__Enterobacteriales; f__Enterobacteriaceae; g__Erwinia; s__chrysanthemi	0.944771278748838
e147d499760a4f7013806ca79e09dbad	k__Bacteria; p__Proteobacteria; c__Alphaproteobacteria; o__Rickettsiales; f__Rickettsiaceae; g__Wolbachia; s__	0.9996202476688258
f7d04c839867bf0039fbad7d40c8d65f	k__Bacteria; p__Firmicutes; c__Bacilli; o__Bacillales	0.9999961187929127
a587976e7f1bf54303985edc5ff166ee	k__Bacteria; p__Firmicutes; c__Bacilli; o__Lactobacillales; f__Lactobacillaceae; g__; s__	0.9869767004907258
c4b407765a6d45d3e935cf76a8972566	k__Bacteria; p__Firmicutes; c__Bacilli; o__Lactobacillales; f__Lactobacillaceae	0.9992195058384797
a2b59a90952518e0804300e2f6816fcc	k__Bacteria; p__Actinobacteria; c__Actinobacteria; o__Actinomycetales; f__Pseudonocardiaceae; g__Pseudonocardia; s__halophobica	0.8578877781142109
63d7c48746088f4e6f6bd951a356b0c1	k__Bacteria; p__Proteobacteria; c__Alphaproteobacteria; o__Rhizobiales; f__Methylocystaceae; g__Methylopila; s__	0.9915515905360711
06d739ee8e5450939348869d3038cee1	k__Bacteria; p__Firmicutes; c__Clostridia; o__Clostridiales; f__[Tissierellaceae]; g__; s__	0.9996391288569471
be2671629864ac457807a11eb0b4f339	k__Bacteria; p__; c__; o__; f__; g__; s__	0.7658993756660045
04710edd4895bb606749bc934e5c19fe	k__Bacteria; p__Firmicutes; c__Clostridia; o__Clostridiales; f__Lachnospiraceae; g__Dorea; s__	0.9606546786642126
9b2cca42eea62e69bd1cc29e59dd3717	k__Bacteria; p__Firmicutes; c__Clostridia; o__Clostridiales; f__Ruminococcaceae	0.9977243503473622
2e55a76fad463046397ba3cab41e8cd6	k__Bacteria; p__Firmicutes; c__Clostridia; o__Clostridiales; f__Lachnospiraceae	0.9892894368973835
36f2575170a7549a27ae5b3420aabcab	k__Bacteria; p__Firmicutes; c__Clostridia; o__Clostridiales; f__Ruminococcaceae; g__; s__	0.8649149828151914
37547ac186d4b4d5f82f71b25f6b0dd0	k__Bacteria; p__Actinobacteria; c__Coriobacteriia; o__Coriobacteriales; f__Coriobacteriaceae; g__Atopobium; s__	0.9941668498052711
c31ab42f897ec25a9c9a556a2511f688	k__Bacteria; p__Firmicutes; c__Clostridia; o__Clostridiales; f__; g__; s__	0.9091230682153798
0a45ca39ebaea1f7e21bd48897f52a85	k__Bacteria; p__Firmicutes; c__Clostridia; o__Clostridiales; f__; g__; s__	0.9807427855733187
9fcb99e4e96b4afc590e3ef16b3330e4	k__Bacteria; p__Firmicutes; c__Clostridia; o__Clostridiales; f__Ruminococcaceae; g__; s__	0.9981558007736786
18bdc0f87c07aed19ea21424c0f458aa	k__Bacteria; p__Actinobacteria; c__Coriobacteriia; o__Coriobacteriales; f__Coriobacteriaceae; g__; s__	0.9132019740301675
2a88662c18adeeb1b791527ad3d196ea	k__Bacteria; p__Firmicutes; c__Clostridia; o__Clostridiales; f__Ruminococcaceae; g__; s__	0.990176687758001
8f6dfc2c6ae0298a354e8f89c115987c	k__Bacteria; p__Bacteroidetes; c__Flavobacteriia; o__Flavobacteriales; f__[Weeksellaceae]; g__Wautersiella; s__	0.9999999999407692
1eda05d104bdc7f1059858a4d110a273	k__Bacteria; p__Actinobacteria; c__Actinobacteria; o__Actinomycetales	0.9999992646372299
20f2a7d7ddf0ee98ae6d59b281c2ab24	k__Bacteria; p__Proteobacteria; c__Alphaproteobacteria; o__Rhodobacterales; f__Rhodobacteraceae; g__Paracoccus; s__marcusii	0.7407611955560818
1e8b158f0828482e0b0e20db3cd1cc97	k__Bacteria; p__Proteobacteria; c__Alphaproteobacteria; o__Sphingomonadales; f__Sphingomonadaceae; g__Novosphingobium; s__	0.8285546105250878
b970f4af6391b054fb84c9c755963728	k__Bacteria; p__Actinobacteria; c__Actinobacteria; o__Actinomycetales; f__Nocardiaceae; g__Nocardia; s__	0.9999982297796813
620c2c2cdc10d8a90aa4ec7c0891623d	k__Bacteria; p__Proteobacteria; c__Alphaproteobacteria; o__Rhodospirillales; f__Acetobacteraceae; g__Commensalibacter; s__intestini	0.9999999806118753
7b1a63d158a3c8e06426c9332f7735ec	k__Bacteria; p__Actinobacteria; c__Coriobacteriia; o__Coriobacteriales; f__Coriobacteriaceae; g__Atopobium; s__vaginae	0.9999998499201125
a079571a1eb80910cbba5d67c12fa3e9	k__Bacteria; p__Bacteroidetes; c__Bacteroidia; o__Bacteroidales; f__Porphyromonadaceae; g__Dysgonomonas; s__	0.9936676923219188
56e896310a78c22031000f2d64b8bea6	k__Bacteria; p__Proteobacteria; c__Alphaproteobacteria; o__Rickettsiales; f__Rickettsiaceae; g__Wolbachia; s__	0.9994079296765361
ad3dc43773424a13b2f59ee84ede92f5	k__Bacteria; p__Proteobacteria; c__Gammaproteobacteria; o__Enterobacteriales; f__Enterobacteriaceae	0.9999999888179589
e0ba3578ed9c4a37a68dda74f41f6c5e	k__Bacteria; p__Actinobacteria; c__Actinobacteria; o__Actinomycetales; f__Microbacteriaceae; g__Agromyces; s__	0.9489476750028503
25dff45b13af70c54e0d320bc0625a42	k__Bacteria; p__Firmicutes; c__Clostridia; o__Clostridiales; f__; g__; s__	0.752890931124522
2b207c812186a08f264b5c30069d3a34	k__Bacteria; p__Firmicutes; c__Clostridia; o__Clostridiales; f__; g__; s__	0.9992612871797074
bb36ef327b52175f405c3a8ad7b26584	k__Bacteria; p__Firmicutes; c__Clostridia; o__Clostridiales; f__Ruminococcaceae; g__; s__	0.9986301914800408
25b49730f8da4b6647b8e526a78c2601	k__Bacteria; p__Firmicutes; c__Clostridia; o__Clostridiales; f__Ruminococcaceae; g__; s__	0.9958462382407539
4eb731a42e1fc6bc9f745539ff515a5e	k__Bacteria; p__Firmicutes; c__Clostridia; o__Clostridiales; f__Lachnospiraceae	0.9737566647270671
5b4081763f9054fa10fb3e547be74203	k__Bacteria; p__Firmicutes; c__Clostridia; o__Clostridiales; f__Lachnospiraceae; g__; s__	0.9054743321180792
9e23fcba3c8daf40f587e02088992c38	k__Bacteria; p__Bacteroidetes; c__Sphingobacteriia; o__Sphingobacteriales; f__Sphingobacteriaceae; g__Sphingobacterium; s__	0.8439453882804697
9947a3f8a0ed4a6e2b2eb60293a651c1	k__Bacteria; p__Firmicutes; c__Bacilli; o__Lactobacillales; f__Leuconostocaceae; g__Weissella	0.9999883358981456
9bebad6acd4ed8e028eefbbab3827b8c	k__Bacteria; p__Proteobacteria; c__Alphaproteobacteria; o__Rickettsiales; f__Rickettsiaceae; g__Wolbachia; s__	0.9998263104597107
819b2b74e179b57fb3cd4292cbfc3937	k__Bacteria; p__Actinobacteria; c__Coriobacteriia; o__Coriobacteriales; f__Coriobacteriaceae	0.9999999176117607
c5f5786269e1015d063df32e15ef88f1	k__Bacteria; p__Proteobacteria; c__Gammaproteobacteria; o__Enterobacteriales; f__Enterobacteriaceae	0.9998724784170914
83b1d7921b8f94c663cf461a488393bc	k__Bacteria; p__Bacteroidetes; c__Bacteroidia; o__Bacteroidales; f__Prevotellaceae; g__Prevotella; s__nigrescens	0.9999999989682067
8d43eb111f5fa256516925bfc381f2fd	k__Bacteria; p__Proteobacteria; c__Alphaproteobacteria; o__Rhodobacterales; f__Rhodobacteraceae	0.9986821370503528
371088282dd78e409a34cd62e99e2acf	k__Bacteria; p__Actinobacteria; c__Actinobacteria; o__Actinomycetales; f__Microbacteriaceae; g__Leucobacter; s__	0.9983053492485068
1aa7d82ffc7bded8029de345686a891c	k__Bacteria; p__Tenericutes; c__Mollicutes; o__RF39; f__; g__; s__	0.9999999999830891
dba4bece26260838fd9662ab9cbe6049	k__Bacteria; p__Firmicutes; c__Clostridia; o__Clostridiales; f__Lachnospiraceae; g__Clostridium; s__hathewayi	0.8838434840694512
ef0f94b447d6317ef7622e8731498575	k__Bacteria; p__Firmicutes; c__Clostridia; o__Clostridiales; f__; g__; s__	0.9998396220912666
7f6f95fb40c69b9e48f5c2ffad4d97f2	k__Bacteria; p__Firmicutes; c__Clostridia; o__Clostridiales; f__Ruminococcaceae; g__; s__	0.908502535972761
8063a5e3f4842df10b508954021db820	k__Bacteria; p__Cyanobacteria; c__4C0d-2; o__YS2; f__; g__; s__	0.999999833133003
63dd5935e88a71ef632c0fed4fd7e856	k__Bacteria; p__Firmicutes; c__Clostridia; o__Clostridiales; f__Ruminococcaceae; g__Ruminococcus; s__	0.9938744603743788
bec65d00cd77bc25a69863d824c5430e	k__Bacteria; p__Firmicutes; c__Clostridia; o__Clostridiales	0.9999370815344448
d0547525f2cb366a03404e7735b309d2	k__Bacteria; p__Firmicutes; c__Clostridia; o__Clostridiales; f__Ruminococcaceae; g__; s__	0.9997459768826462
72da3efef7920fc422a27727bd4e8b7b	k__Bacteria; p__Actinobacteria; c__Actinobacteria; o__Actinomycetales; f__Nocardioidaceae; g__; s__	0.9794983101478211
0cd504f3c865a6b109c9f1bcd3f64e12	k__Bacteria; p__Firmicutes; c__Bacilli; o__Lactobacillales; f__Lactobacillaceae; g__Lactobacillus; s__	0.7131054849062938
a67b4c8d735162e656fb27e6c9786b7a	k__Bacteria; p__Proteobacteria; c__Alphaproteobacteria; o__Rhodospirillales; f__Acetobacteraceae; g__Acetobacter; s__	0.9830995580120196
c0e1e6253c720147f4c9e6fc15755f5e	k__Bacteria; p__Proteobacteria; c__Alphaproteobacteria; o__Rhodospirillales; f__Acetobacteraceae; g__Acetobacter; s__	0.9986976104603549
d1a6b6de7ab872275b66719a25cc6299	k__Bacteria; p__Chloroflexi; c__Ellin6529; o__; f__; g__; s__	0.9999999999893987
08e468095c31fdb56db98651d7ca2c03	k__Bacteria; p__Firmicutes; c__Bacilli; o__Lactobacillales; f__Streptococcaceae; g__Streptococcus; s__	0.9952687716887139
c9da1c186b76b1b364541e3ddb275aa7	k__Bacteria; p__Proteobacteria; c__Gammaproteobacteria; o__Pasteurellales; f__; g__; s__	0.9999999999346585
dab7672665b09201d688432e5739d1e6	k__Bacteria; p__Proteobacteria; c__Alphaproteobacteria; o__Rickettsiales; f__Rickettsiaceae; g__Wolbachia; s__	0.9996583719170877
8eb9fd484a68254e8c9773ffec60fa6a	k__Bacteria; p__Proteobacteria; c__Alphaproteobacteria; o__RF32; f__; g__; s__	0.9999999991893418
a84e42e719c388caad380c3a739007e7	k__Bacteria; p__Firmicutes; c__Clostridia; o__Clostridiales; f__; g__; s__	0.7730841623301421
ecf42aa42d24372f4e4b8531e2782430	k__Bacteria; p__Proteobacteria; c__Alphaproteobacteria; o__RF32; f__; g__; s__	0.9999999980687448
d821441c0a00c8454e39efb4ce053afb	k__Bacteria; p__Firmicutes; c__Clostridia; o__Clostridiales; f__Ruminococcaceae	0.9989604745427519
fb7c6fc8ca9c22e7d46bd8afe9174369	k__Bacteria; p__Firmicutes; c__Clostridia; o__Clostridiales; f__Ruminococcaceae; g__; s__	0.9976522999696401
a3fd16b232f4e5485f85454887c9a774	k__Bacteria; p__Firmicutes; c__Clostridia; o__Clostridiales; f__; g__; s__	0.9999593639677766
187ed59bb2c6030baf5d3d63b2ad8bb2	k__Bacteria; p__Firmicutes; c__Clostridia; o__Clostridiales; f__Clostridiaceae; g__Clostridium; s__	0.9352683141730777
af0491fa36fb66af3a5176194dffea76	k__Bacteria; p__Firmicutes; c__Bacilli; o__Lactobacillales; f__Lactobacillaceae	0.9972645972687806
6f9bd781fe42d82830eb671eae634a1b	k__Bacteria; p__Proteobacteria; c__Alphaproteobacteria; o__Rhodospirillales; f__Acetobacteraceae; g__Acetobacter; s__	0.9954379252260497
5c5980a17214c2f18f553f3e8f1df489	k__Bacteria; p__Proteobacteria; c__Alphaproteobacteria; o__Rhodospirillales; f__Acetobacteraceae; g__Acetobacter; s__	0.9985803480926964
b6c4953c24f60e4c97c8b9399a35a016	k__Bacteria; p__Actinobacteria; c__Actinobacteria; o__Actinomycetales; f__Microbacteriaceae; g__Pseudoclavibacter; s__soli	0.9765827618778679
cb7e5da9c21ffd5ea62efc0f73f174bb	k__Bacteria; p__Proteobacteria; c__Gammaproteobacteria; o__Enterobacteriales; f__Enterobacteriaceae; g__Buchnera; s__	0.9999994519808065
e1470720e3c88faf1d28dbd26556b81c	k__Bacteria; p__Firmicutes; c__Clostridia; o__Clostridiales; f__Christensenellaceae; g__; s__	0.9185921674647992
06c184d7bd79d1eff8011d8fa14810e1	k__Bacteria; p__Firmicutes; c__Clostridia; o__Clostridiales; f__Lachnospiraceae; g__Coprococcus; s__	0.8755460045530814
73ed695db700060fd96633eed15f9d5a	k__Bacteria; p__Proteobacteria; c__Alphaproteobacteria; o__Rhizobiales; f__Methylobacteriaceae; g__; s__	0.9999836411343194
5abdfcfbcb650d340ad76556d400137a	k__Bacteria; p__Firmicutes; c__Bacilli; o__Lactobacillales; f__Aerococcaceae; g__Abiotrophia; s__	0.9799177161754069
39c6918e84ce059b8c24e83dd90bec7e	k__Bacteria; p__Bacteroidetes; c__Flavobacteriia; o__Flavobacteriales; f__[Weeksellaceae]; g__Wautersiella; s__	0.999999999949921
1a94318b05a024e013860e85a26043db	k__Bacteria; p__Bacteroidetes; c__Cytophagia; o__Cytophagales; f__Cytophagaceae; g__Leadbetterella; s__	0.9999999998915001
ce51aed855534a43a731db46865a9ac9	k__Bacteria; p__Actinobacteria; c__Actinobacteria; o__Actinomycetales; f__Micrococcaceae; g__Rothia; s__mucilaginosa	0.9251945173521168
9a5ee9df292b4c446baad6bdd61a1e39	k__Bacteria; p__Firmicutes; c__Clostridia; o__Clostridiales; f__; g__; s__	0.9836470747477227
e33f2ac85c50c098f0ccd61287d04706	k__Bacteria; p__Firmicutes; c__Clostridia; o__Clostridiales; f__; g__; s__	0.9965136171975896
de7e89256c474b1a6e95dcf5051e4196	k__Bacteria; p__Firmicutes; c__Clostridia; o__Clostridiales; f__Ruminococcaceae; g__; s__	0.9957782278830861
178f2a106348c95b799dda08ab0b3cbd	k__Bacteria; p__Tenericutes; c__Mollicutes; o__RF39; f__; g__; s__	0.9999999858984269
9676cfa3c2a17a09223b381d99284051	k__Bacteria; p__Firmicutes; c__Clostridia; o__Clostridiales; f__; g__; s__	0.8979341141323721
eb570318b4cc9b0883ffc4f35d06a6b5	k__Bacteria; p__Actinobacteria; c__Coriobacteriia; o__Coriobacteriales; f__Coriobacteriaceae; g__; s__	0.7278798301455334
9088dc14de70858930f4a0040a0e4b9e	k__Bacteria; p__Firmicutes; c__Clostridia; o__Clostridiales; f__; g__; s__	0.9944673833824212
5a8914e116c16d91958d7712f8cbcddc	k__Bacteria; p__Firmicutes; c__Clostridia; o__Clostridiales; f__Ruminococcaceae; g__Ruminococcus; s__	0.9916195292091031
b6e5dfe8e8e693fbb5c77401c091a7ba	k__Bacteria; p__Firmicutes; c__Clostridia; o__Clostridiales; f__Ruminococcaceae; g__; s__	0.9664387269559215
76de46713d646024f46a52693f2a6900	k__Bacteria; p__Actinobacteria; c__Thermoleophilia; o__Solirubrobacterales; f__Patulibacteraceae; g__Patulibacter; s__	0.9999999995620357
86efa86d69aec53e59e630ea2ca76242	k__Bacteria; p__Proteobacteria; c__Alphaproteobacteria; o__Rhodospirillales; f__Acetobacteraceae; g__Gluconobacter; s__	0.9998705184431967
03aa93885237b254f06b2f890c13ef45	k__Bacteria; p__Proteobacteria; c__Alphaproteobacteria; o__Rhodospirillales; f__Acetobacteraceae; g__Acetobacter; s__	0.9972182909465184
1e0b8ce536bac30b5ba48e5425683eb0	k__Bacteria; p__Proteobacteria; c__Gammaproteobacteria; o__Pasteurellales; f__; g__; s__	0.9999999998912585
ff4abbc8d62a2bb684152575fe904efd	k__Bacteria; p__Proteobacteria; c__Deltaproteobacteria; o__Bdellovibrionales; f__Bdellovibrionaceae; g__Bdellovibrio; s__	0.9999979655943125
04330f2a72df02f91a5df91e7dc0f7f4	k__Bacteria; p__Proteobacteria; c__Alphaproteobacteria; o__Rhodospirillales; f__Acetobacteraceae; g__Commensalibacter; s__intestini	0.9999999820996949
74ce90554100b3e399a46926fc1aa824	k__Bacteria; p__Firmicutes; c__Clostridia; o__Clostridiales; f__Ruminococcaceae	0.9985026260986865
1116b11548de32776852237ad3801a00	k__Bacteria; p__Actinobacteria; c__Actinobacteria; o__Actinomycetales; f__Mycobacteriaceae; g__Mycobacterium; s__vaccae	0.782024063912795
5215d9de4a3fec3c442a7c4b45eb96ae	k__Bacteria; p__Proteobacteria; c__Alphaproteobacteria; o__Sphingomonadales; f__Sphingomonadaceae; g__Sphingopyxis; s__alaskensis	0.9948657808433692
a847a834dc1d61d8421efdb9a8dbac82	k__Bacteria; p__Proteobacteria; c__Gammaproteobacteria; o__Pseudomonadales; f__Moraxellaceae; g__Acinetobacter; s__lwoffii	0.9967942295965277
1cd735ae35ccda955aee510b0d39d7f1	k__Bacteria; p__Bacteroidetes; c__Sphingobacteriia; o__Sphingobacteriales; f__Sphingobacteriaceae; g__Sphingobacterium; s__	0.9841215076076236
e4712a4bed786299f35bc485decc8609	k__Bacteria; p__Bacteroidetes; c__Cytophagia; o__Cytophagales; f__Cytophagaceae; g__Hymenobacter; s__	0.9999999999976978
819fe340176771c8454695eac6d243e6	k__Bacteria; p__Firmicutes; c__Clostridia; o__Clostridiales; f__Ruminococcaceae; g__; s__	0.9994086440287347
cdd0856437ff7480e51dd45a508f9b14	k__Bacteria; p__Firmicutes; c__Clostridia; o__Clostridiales; f__Ruminococcaceae	0.9983395970133152
1974519ba063ae7fc7d5416c37f093ab	k__Bacteria; p__Firmicutes; c__Clostridia; o__Clostridiales; f__Ruminococcaceae; g__; s__	0.9939450595777808
c39d013e43c76fb9f723a01bfba1e23a	k__Bacteria; p__Proteobacteria; c__Deltaproteobacteria; o__Desulfovibrionales; f__Desulfovibrionaceae; g__; s__	0.9999633656946845
422c55028a032351e1c72c57886d4399	k__Bacteria; p__Firmicutes; c__Clostridia; o__Clostridiales; f__; g__; s__	0.9997481844884627
1a2f9f0187e2f74ed56d5dc990fa562d	k__Bacteria; p__Firmicutes; c__Clostridia; o__Clostridiales; f__; g__; s__	0.8696684376222465
96cb865a34add8be4e0d412d6a04ee1c	k__Bacteria; p__Firmicutes; c__Clostridia; o__Clostridiales; f__[Mogibacteriaceae]; g__; s__	0.9999995760008649
8fa428806d0957742c32ea438c87a52a	k__Bacteria; p__Firmicutes; c__Clostridia; o__Clostridiales; f__; g__; s__	0.997577013530214
a686c9be67f3c95f1b6339665e72e923	k__Bacteria; p__Firmicutes; c__Clostridia; o__Clostridiales; f__Lachnospiraceae; g__; s__	0.9591660039522916
87d9eb3ab9267a28c0171593f2eebe7d	k__Bacteria; p__Proteobacteria; c__Betaproteobacteria; o__Burkholderiales; f__; g__; s__	0.7856646781638377
dc2f3b33a48809cb424d760a78789251	k__Bacteria; p__Proteobacteria; c__Alphaproteobacteria; o__Rhodospirillales; f__Acetobacteraceae; g__Acetobacter; s__	0.9965364161066775
1b2422943c27daac5e13d14aa49ce8fa	k__Bacteria; p__Cyanobacteria; c__4C0d-2; o__YS2; f__; g__; s__	0.9999999999754436
cf4bb7a2481382a7e88a616eed39317a	k__Bacteria; p__Firmicutes; c__Bacilli; o__Lactobacillales; f__Enterococcaceae; g__Enterococcus	0.8324093821918075
2afe81a0bfa3a2142058d1197e527e93	k__Bacteria; p__Proteobacteria; c__Alphaproteobacteria; o__Rhodobacterales; f__Rhodobacteraceae; g__Paracoccus; s__	0.9003768180971479
fa6cc67449b5a13fe38b5fde167a5328	k__Bacteria; p__Firmicutes; c__Clostridia; o__Clostridiales; f__Ruminococcaceae; g__; s__	0.9917033935331889
f441f73934ead5b2ee51456af6098b2a	k__Bacteria; p__Bacteroidetes; c__Cytophagia; o__Cytophagales; f__Cytophagaceae; g__Siphonobacter; s__aquaeclarae	0.9999999991854338
e1798d25afd732919a2a0ea5ce11e33f	k__Bacteria; p__Firmicutes; c__Bacilli; o__Lactobacillales; f__Lactobacillaceae; g__; s__	0.9779480455607564
2b29f3a57812f354fc3b2a790e2647ce	k__Bacteria; p__Firmicutes; c__Clostridia; o__Clostridiales; f__Ruminococcaceae; g__; s__	0.9990206794127531
8e54057008e5b07af7e547bf38d78395	k__Bacteria; p__Proteobacteria; c__Alphaproteobacteria; o__Rickettsiales; f__Rickettsiaceae; g__Wolbachia; s__	0.9997757962785427
f2dde3a032d9c8de8850663105884db8	k__Bacteria; p__Proteobacteria; c__Alphaproteobacteria; o__Rhodospirillales; f__Acetobacteraceae; g__Commensalibacter; s__intestini	0.9999999721626839
33bd8b8ee850d7616d6dc4f7c2826f56	k__Bacteria; p__Proteobacteria; c__Alphaproteobacteria; o__Rickettsiales; f__Rickettsiaceae; g__Wolbachia; s__	0.9991245814142535
48a8d495c34db8826c5535ea4e5edae1	k__Bacteria; p__Firmicutes; c__Clostridia; o__Clostridiales	0.7370337087647831
5d4e0926213d1f82851b2d06026d3bf4	k__Bacteria; p__Firmicutes; c__Clostridia; o__Clostridiales; f__Ruminococcaceae; g__Oscillospira; s__	0.8931804670492483
6646064cea079efdf600b0c7252784c2	k__Bacteria; p__Firmicutes; c__Clostridia; o__Clostridiales; f__Ruminococcaceae; g__Ruminococcus	0.9515544569013934
b4d0207a5d950bb47eb517705d4ff4ac	k__Bacteria; p__Tenericutes; c__Mollicutes; o__RF39; f__; g__; s__	0.9999999976594438
21b0f5acbc5a3f7180408fbcb212c570	k__Bacteria; p__Firmicutes; c__Clostridia; o__Clostridiales; f__Lachnospiraceae; g__; s__	0.8540379497780524
8dfb75ab5c65e04654395482f4588221	k__Bacteria; p__Firmicutes; c__Clostridia; o__Clostridiales; f__Ruminococcaceae	0.999087259299382
45d8742799c4cf4640eb123c7a0f2fe7	k__Bacteria; p__Firmicutes; c__Clostridia; o__Clostridiales	0.9999047863806905
c9c82080ee7c6a7b303ad2d7f51828d7	k__Bacteria; p__Firmicutes; c__Clostridia; o__Clostridiales; f__; g__; s__	0.8277762640252986
6cbdf8ba5e893993116d5a3375be60a4	k__Bacteria; p__Firmicutes; c__Clostridia; o__Clostridiales; f__Ruminococcaceae; g__; s__	0.9993351218014425
a991c2521b9c5fa4dfea4d0f5e60d74f	k__Bacteria; p__Firmicutes; c__Clostridia; o__Clostridiales; f__; g__; s__	0.9959292287888752
1b347fe77bc7de1525c0f7d398f8b256	k__Bacteria; p__Bacteroidetes; c__Bacteroidia; o__Bacteroidales; f__Porphyromonadaceae; g__Dysgonomonas; s__	0.9999600443644807
e7d36a5588aa03268dda9056b9b92655	k__Bacteria; p__Bacteroidetes; c__Bacteroidia; o__Bacteroidales; f__Prevotellaceae; g__Prevotella; s__melaninogenica	0.9999999828887384
af04619f11e4334cc0f56de058cc7fda	k__Bacteria; p__Proteobacteria; c__Alphaproteobacteria; o__Rhodospirillales; f__Acetobacteraceae; g__Gluconobacter; s__	0.9999952516269602
74daa301c41d92e2102f15f636ae6f3a	k__Bacteria; p__Proteobacteria; c__Alphaproteobacteria; o__Rhodospirillales; f__Acetobacteraceae; g__Acetobacter; s__	0.9940415435036805
8044f98e1a9fc98c1c0e1a6aba8b641b	k__Bacteria; p__Actinobacteria; c__Coriobacteriia; o__Coriobacteriales; f__Coriobacteriaceae	0.9999999999559743
80d40d9ed68a4bec938ed700b2806cc5	k__Bacteria; p__Proteobacteria; c__Gammaproteobacteria; o__Pasteurellales; f__; g__; s__	0.9999912974083672
504f6317b322305e262a982f423d1935	k__Bacteria; p__Proteobacteria; c__Alphaproteobacteria; o__Rhodospirillales; f__Acetobacteraceae; g__Neoasaia; s__chiangmaiensis	0.9689019173400253
53818ef3510ac613d3558e9c99b32016	k__Bacteria; p__Proteobacteria; c__Alphaproteobacteria; o__Rhodospirillales; f__Acetobacteraceae; g__Acetobacter; s__	0.9897868657792356
0fb4caf9feff93e4a06e795497ba0777	k__Bacteria; p__Proteobacteria; c__Alphaproteobacteria; o__Caulobacterales; f__Caulobacteraceae; g__Brevundimonas; s__diminuta	0.9800628795657956
f3ebc21d8a173d999137c377f6975a7b	k__Bacteria; p__Firmicutes; c__Clostridia; o__Clostridiales; f__Ruminococcaceae; g__; s__	0.9995159786489048
bd4598b52311a46d2d9a5b14545717de	k__Bacteria; p__Proteobacteria; c__Betaproteobacteria; o__Burkholderiales; f__Oxalobacteraceae; g__Massilia	0.7370256485585751
b313c2455f74741959a023c51f0e22ab	k__Bacteria; p__Firmicutes; c__Bacilli; o__Lactobacillales; f__Lactobacillaceae; g__Lactobacillus; s__paralimentarius	0.9941336776593033
a3212b971aca92631b24fb3407256e8e	k__Bacteria; p__Proteobacteria; c__Alphaproteobacteria; o__Rhodospirillales; f__Acetobacteraceae; g__Acetobacter; s__	0.9920749212101782
927ec277e463813e0968dd2b87c6ef9a	k__Bacteria; p__Bacteroidetes; c__Flavobacteriia; o__Flavobacteriales; f__[Weeksellaceae]; g__Chryseobacterium; s__	0.9998938393514701
04424ec875ddb1ccd8252bf28490fd16	k__Bacteria; p__Firmicutes; c__Bacilli; o__Bacillales; f__Bacillaceae; g__Bacillus	0.9919634130693574
935bd4758a3dc6e21fcce89bc5372c89	k__Bacteria; p__Proteobacteria; c__Alphaproteobacteria; o__Rickettsiales; f__Rickettsiaceae; g__Wolbachia; s__	0.9998299519445717
3d82f5e3ddcd97dc5390721bb3853eb9	k__Bacteria; p__Proteobacteria; c__Gammaproteobacteria; o__Xanthomonadales; f__Xanthomonadaceae; g__Stenotrophomonas; s__	0.8990795311026866
fb2917cb6565ee90f8f0e9d5a79a6a93	k__Bacteria; p__Actinobacteria; c__Actinobacteria; o__Actinomycetales; f__Geodermatophilaceae	0.9999303837306734
d08c75b2300fcd140f5bfa3b3c31ba68	k__Bacteria; p__Firmicutes; c__Clostridia; o__Clostridiales; f__Lachnospiraceae; g__Coprococcus; s__	0.9994991204020491
1554be5ae77e97197945ba28c4ecfad2	k__Bacteria; p__Actinobacteria; c__Actinobacteria; o__Actinomycetales; f__Micrococcaceae; g__Arthrobacter	0.9319327559851786
d82d479f9d201d4b24e888a54b4f7265	k__Bacteria; p__Firmicutes; c__Clostridia; o__Clostridiales; f__; g__; s__	0.9995766484053341
504d66ea07781d934f537ca5c260589d	k__Bacteria; p__Firmicutes; c__Clostridia; o__Clostridiales; f__Ruminococcaceae; g__; s__	0.9822536067619543
d4726498b8545de174f767820257c5cc	k__Bacteria; p__Firmicutes; c__Clostridia; o__Clostridiales; f__Lachnospiraceae	0.9135803795074979
d42dbe0f342b58842addf58c852c2250	k__Bacteria; p__Firmicutes; c__Clostridia; o__Clostridiales; f__; g__; s__	0.975665153340594
82301d5a4e033e8f76025d58b6661749	k__Bacteria; p__Planctomycetes; c__Planctomycetia; o__Pirellulales; f__Pirellulaceae; g__; s__	0.9999730523999291
97d6dca563b9c2f828912bdd8b6011a3	k__Bacteria; p__Actinobacteria; c__Coriobacteriia; o__Coriobacteriales; f__Coriobacteriaceae; g__Adlercreutzia; s__	0.7402275605211425
b3600c55df15811e8ae2ced74cb7b020	k__Bacteria; p__Firmicutes; c__Clostridia; o__Clostridiales; f__Clostridiaceae; g__Clostridium; s__	0.7572848937176716
a771ccc72253a796be5bc190f7897a14	k__Bacteria; p__Firmicutes; c__Clostridia; o__Clostridiales; f__Lachnospiraceae	0.980544998597366
232c6391a23e610926b271734b7730c0	k__Bacteria; p__Firmicutes; c__Clostridia; o__Clostridiales; f__Ruminococcaceae; g__; s__	0.9994773277693071
ce55c4ef134f3ff3d835376dbe03b5b1	k__Bacteria; p__Firmicutes; c__Erysipelotrichi; o__Erysipelotrichales; f__Erysipelotrichaceae; g__; s__	0.9997369196754676
82f013259533953b35c9ea44438c0e7c	k__Bacteria; p__Firmicutes; c__Clostridia; o__Clostridiales; f__Ruminococcaceae; g__; s__	0.9788702172512007
0603934323f0e79274360c81f6b7b6b5	k__Bacteria; p__TM7; c__TM7-3; o__CW040; f__F16; g__; s__	0.9999999999939888
5588f6a501e481b074f3acfd865e4bb5	k__Bacteria; p__Proteobacteria; c__Gammaproteobacteria; o__Pseudomonadales; f__Pseudomonadaceae; g__Pseudomonas; s__	0.7376089377227573
e25d31b92b252991f82854270ccf385e	k__Bacteria; p__Chloroflexi; c__Thermomicrobia; o__JG30-KF-CM45; f__; g__; s__	0.9999999972136351
c9d96b6f7336b4e3f527678228e5f0e5	k__Bacteria; p__Actinobacteria; c__Actinobacteria; o__Actinomycetales; f__Cellulomonadaceae	0.8723632070968801
18354f245ff16a5678bd1736142a8dc4	k__Bacteria; p__Firmicutes; c__Clostridia; o__Clostridiales; f__[Tissierellaceae]; g__Anaerococcus; s__	1.0
7b98ee55a65ef778e32fa8b65adafc08	k__Bacteria; p__Proteobacteria; c__Betaproteobacteria; o__Burkholderiales; f__Comamonadaceae; g__Comamonas; s__	0.9619452361041346
3e74ee43bd5dccc8708f1a980b837486	k__Bacteria; p__Firmicutes; c__Bacilli; o__Bacillales; f__Planococcaceae	0.9996173669373283
a998e784b209770ee76e9aed568363e9	k__Bacteria; p__Firmicutes; c__Bacilli; o__Bacillales; f__Thermoactinomycetaceae; g__Thermoactinomyces; s__	0.9997161240941633
47b69ef108936be8d5a9b8464f7bf246	k__Bacteria; p__Bacteroidetes; c__[Saprospirae]; o__[Saprospirales]; f__Chitinophagaceae; g__Segetibacter; s__	0.9999952068448912
cffcdd893823458791d8b1a55c940913	k__Bacteria; p__Firmicutes; c__Clostridia; o__Clostridiales; f__Lachnospiraceae; g__; s__	0.8846843516874989
7a4e63db54920f485786c80dad32f72c	k__Bacteria; p__Firmicutes; c__Bacilli; o__Lactobacillales; f__Lactobacillaceae; g__Lactobacillus	0.7031953883676798
e0ce75747c5e4f47627910702a5fdede	k__Bacteria; p__Proteobacteria; c__Alphaproteobacteria; o__Sphingomonadales; f__Sphingomonadaceae; g__Sphingobium; s__yanoikuyae	0.9467457777155335
4e2899f07d517f4f4ba004530064a1b9	k__Bacteria; p__Tenericutes; c__Mollicutes; o__RF39; f__; g__; s__	0.9999999812033169
4c88eeebaa33ac30f4e06639a7a0cb0a	k__Bacteria; p__Firmicutes; c__Clostridia; o__Clostridiales; f__Ruminococcaceae; g__; s__	0.7628543150828879
910f867f45177049557f8fa2090793f1	k__Bacteria; p__Firmicutes; c__Clostridia; o__Clostridiales; f__Lachnospiraceae	0.9634230376321018
bc02eae12ba37faddbeb03091b31abee	k__Bacteria; p__Cyanobacteria; c__4C0d-2; o__YS2; f__; g__; s__	0.9999999998620837
855b2c1878580efd774993e8d122b84c	k__Bacteria; p__Firmicutes; c__Clostridia; o__Clostridiales; f__Ruminococcaceae; g__; s__	0.9983448980487628
a7ae954ee235ea57d62905a13acca0d6	k__Bacteria; p__Proteobacteria; c__Alphaproteobacteria; o__Rhizobiales; f__Hyphomicrobiaceae; g__Rhodoplanes; s__	0.9990647121943402
e4e185b3a66383dede9f6f32e03b4a15	k__Bacteria; p__Proteobacteria; c__Alphaproteobacteria; o__Rhizobiales; f__Brucellaceae; g__Pseudochrobactrum; s__	0.8909764044017797
af252b4c6c6c69c6e0842bc9e85b6c41	k__Bacteria; p__Firmicutes; c__Bacilli; o__Bacillales; f__Bacillaceae; g__Bacillus; s__flexus	0.9975835887494331
269e7dfc7953579e2090a48d4a813621	k__Bacteria; p__Proteobacteria; c__Alphaproteobacteria; o__Rhizobiales; f__Methylobacteriaceae; g__Methylobacterium; s__komagatae	0.9286679303540574
43f452b2c32ae30b7ba4ea90461f698d	k__Bacteria; p__Proteobacteria; c__Alphaproteobacteria; o__Rhodospirillales; f__Acetobacteraceae; g__Acetobacter; s__	0.9771629751400089
9b55310a541e7005b138fea6ee98a8d7	k__Bacteria; p__Proteobacteria; c__Betaproteobacteria; o__Burkholderiales; f__Comamonadaceae	0.9999674770538014
6be6f5be49f6c77f6339c70cc92c0b78	k__Bacteria; p__Proteobacteria; c__Alphaproteobacteria; o__Rickettsiales; f__Rickettsiaceae; g__Wolbachia; s__	0.9997403564308124
91edb31ac12f15be33780e2bfd6b6178	k__Bacteria; p__Proteobacteria; c__Betaproteobacteria; o__Burkholderiales; f__Comamonadaceae	0.999733787192805
35bb9e2d81a5089edee30c99e8462f83	k__Bacteria; p__Firmicutes; c__Clostridia; o__Clostridiales	0.9983832641803133
f30e5ca45770f86d2aca273966bd7209	k__Bacteria; p__Firmicutes; c__Clostridia; o__Clostridiales; f__Lachnospiraceae	0.9788522647794361
559d0309ae342a9e3b7889ed9188b94d	k__Archaea; p__Euryarchaeota; c__Thermoplasmata; o__E2; f__[Methanomassiliicoccaceae]; g__vadinCA11; s__	0.9999999875080193
9b93c3f65463fc9502f325f183f278e2	k__Bacteria; p__Firmicutes; c__Clostridia; o__Clostridiales; f__Ruminococcaceae; g__; s__	0.991739706510582
7c096f59dac65b7f14d36d501e21e1fe	k__Bacteria; p__Firmicutes; c__Clostridia; o__Clostridiales; f__[Mogibacteriaceae]; g__Mogibacterium; s__	0.9999155643454127
0c0219d3df1c6ffd34ffca07d9717fe5	k__Bacteria; p__Actinobacteria; c__Coriobacteriia; o__Coriobacteriales; f__Coriobacteriaceae	0.9999999936359971
3b17a8122d3d5bf402a0e62b51813053	k__Bacteria; p__Firmicutes; c__Clostridia; o__Clostridiales; f__Clostridiaceae; g__Clostridium; s__	0.7575320213932264
bd2238e87236ca44d51f9405096086b1	k__Bacteria; p__Actinobacteria; c__Actinobacteria; o__Actinomycetales; f__Nocardiaceae; g__Rhodococcus; s__ruber	0.9384118556530997
6bdeab27761f034a57aa78c113e3c01a	k__Bacteria; p__Proteobacteria; c__Gammaproteobacteria; o__Pseudomonadales; f__Moraxellaceae; g__Acinetobacter; s__	0.9439017072881328
1466e10a4191d0916db22782ac22a5dc	k__Bacteria; p__Proteobacteria; c__Gammaproteobacteria; o__Pseudomonadales; f__Moraxellaceae; g__Acinetobacter; s__rhizosphaerae	0.9996213813012498
1bb96c9230893e93901da42dd395346c	k__Bacteria; p__Bacteroidetes; c__Flavobacteriia; o__Flavobacteriales; f__Flavobacteriaceae; g__Flavobacterium; s__succinicans	0.921568543046302
979811ec0241ffc43a8011cc22f7dbd8	k__Bacteria; p__Proteobacteria; c__Alphaproteobacteria; o__Rhodospirillales; f__Acetobacteraceae; g__Gluconacetobacter; s__intermedius	0.9202074834185832
1f1072ddbdd6998ba0c48978e0d0f9b7	k__Bacteria; p__Bacteroidetes; c__Flavobacteriia; o__Flavobacteriales; f__[Weeksellaceae]; g__Chryseobacterium; s__	0.9999931377766109
a82757dd61d1e8e7ae15521dadeeae7d	k__Bacteria; p__Bacteroidetes; c__Flavobacteriia; o__Flavobacteriales; f__[Weeksellaceae]; g__Chryseobacterium; s__	0.9996943992020864
fc53001fdab397ecf06a177ff3e9157e	k__Bacteria; p__Bacteroidetes; c__Flavobacteriia; o__Flavobacteriales; f__[Weeksellaceae]; g__Chryseobacterium; s__	0.9999854620970341
f61a455e36a7ab733c80a3f82a26c670	k__Bacteria; p__Proteobacteria; c__Alphaproteobacteria; o__Rickettsiales; f__Rickettsiaceae; g__Wolbachia; s__	0.999614473224883
ffcb9aa5d23033ed246680918b90df27	k__Bacteria; p__Proteobacteria; c__Alphaproteobacteria; o__Rhodospirillales; f__Acetobacteraceae	0.9999999996940167
1a872ea9afe2569307b95f2209c11ff6	k__Bacteria; p__Firmicutes; c__Clostridia; o__Clostridiales; f__Ruminococcaceae; g__; s__	0.9741729620131712
7d09ebbb34b8ebba0ce8be19a987ef17	k__Bacteria; p__Firmicutes; c__Clostridia; o__Clostridiales; f__; g__; s__	0.997001493292528
46b11fc0a2eedda3f95cd001a561fd71	k__Bacteria; p__Actinobacteria; c__Coriobacteriia; o__Coriobacteriales; f__Coriobacteriaceae	0.9945833265548386
0a15c79d24e3bedd3b40d21893e97bda	k__Bacteria; p__Firmicutes; c__Clostridia; o__Clostridiales; f__Ruminococcaceae; g__; s__	0.9723658269152763
433f50106897b0e2fe5512a9367ba3c4	k__Bacteria; p__Firmicutes; c__Clostridia; o__Clostridiales; f__; g__; s__	0.9346277536513744
5aa6bf7f9206387e9f8c112350938637	k__Bacteria; p__Firmicutes; c__Clostridia; o__Clostridiales; f__Ruminococcaceae; g__; s__	0.9957818797328407
e6735ec3e7fc0d09cb303960dd8a0eae	k__Bacteria; p__Firmicutes; c__Clostridia; o__Clostridiales; f__Ruminococcaceae; g__Ruminococcus; s__	0.9955603121118974
b621be1777b8b20c855d68d8f82cf53a	k__Bacteria; p__Proteobacteria; c__Alphaproteobacteria; o__Rhizobiales; f__Phyllobacteriaceae; g__Aminobacter; s__	0.9228728607190979
13400334a716d41c6b43c0c46a0a1e1d	k__Bacteria; p__Acidobacteria; c__[Chloracidobacteria]; o__RB41; f__; g__; s__	0.9999995009124201
2a17aef419a21d872deb2b74909b4358	k__Bacteria; p__Firmicutes; c__Clostridia; o__Clostridiales; f__Lachnospiraceae	0.94142188839527
7f9c5fa7e9fd21c561ad63397651f760	k__Bacteria; p__Bacteroidetes; c__Cytophagia; o__Cytophagales; f__Cytophagaceae; g__Hymenobacter; s__	0.9999999999938467
a16bdf21164667f0c3da4f95fd24cb10	k__Bacteria; p__Proteobacteria; c__Alphaproteobacteria; o__Rhodospirillales; f__Acetobacteraceae; g__Gluconacetobacter; s__intermedius	0.8569231178651644
6cbf454e8cc66a33ea098782d63ef874	k__Bacteria; p__Actinobacteria; c__Actinobacteria; o__Actinomycetales; f__Nocardioidaceae; g__Marmoricola; s__korecus	0.9318792704097862
4752b29599a9ca556a1b1bbbcea9cb3a	k__Bacteria; p__Cyanobacteria; c__4C0d-2; o__YS2; f__; g__; s__	0.9999999999903508
50fd254335ea8c5b99fe5ea74dff97c1	k__Bacteria; p__Proteobacteria; c__Alphaproteobacteria; o__Rhodospirillales; f__Acetobacteraceae; g__Gluconobacter; s__	0.9536412811110493
80011cb38b4794a7f1d0749417fd6b10	k__Bacteria; p__Proteobacteria; c__Alphaproteobacteria; o__Sphingomonadales; f__Sphingomonadaceae; g__Sphingobium; s__yanoikuyae	0.8157228466590521
28374b8418c737a5726549b3ace12236	k__Bacteria; p__Tenericutes; c__Mollicutes; o__RF39; f__; g__; s__	0.9999999993460733
fed72a43184176a8bd5a22d1085810bb	k__Bacteria; p__Firmicutes; c__Clostridia; o__Clostridiales; f__Lachnospiraceae	0.9718214233973181
1af6560255a2fec66dd606164e58b76c	k__Bacteria; p__Firmicutes; c__Clostridia; o__Clostridiales; f__; g__; s__	0.9997467188858765
fcbfd3f22c8fd8555a8c6e96042b4a36	k__Bacteria; p__Firmicutes; c__Clostridia; o__Clostridiales; f__Ruminococcaceae; g__; s__	0.999691563810205
2f80f70c18ea6b7630acf279a5c8b15a	k__Bacteria; p__Firmicutes; c__Clostridia; o__Clostridiales; f__Ruminococcaceae; g__; s__	0.9984006361991025
42de082e06af8fb809664f898f176b42	k__Bacteria; p__Proteobacteria; c__Alphaproteobacteria; o__Rhodospirillales; f__Acetobacteraceae; g__Gluconobacter; s__	0.9999074903349022
1ade437d688b66cd82f8bbeffd19d22a	k__Bacteria; p__Bacteroidetes; c__Flavobacteriia; o__Flavobacteriales; f__[Weeksellaceae]; g__Chryseobacterium; s__	0.9999470121928187
ac64b36be67af887128709e06c367b58	k__Bacteria; p__Planctomycetes; c__Planctomycetia; o__B97; f__; g__; s__	0.9073092242851234
7cd5cdcc2560c83c45fe249d0f00ef5c	k__Bacteria; p__Bacteroidetes; c__Flavobacteriia; o__Flavobacteriales; f__[Weeksellaceae]; g__Weeksella; s__	0.9998327532296369
33173df323370fea2f965f0fd2f31d90	k__Bacteria; p__Proteobacteria; c__Gammaproteobacteria; o__Xanthomonadales; f__Xanthomonadaceae; g__Xanthomonas; s__campestris	0.7762980100752601
bea8d72311be832da639938234e9f300	k__Bacteria; p__Bacteroidetes; c__Bacteroidia; o__Bacteroidales; f__[Paraprevotellaceae]; g__[Prevotella]; s__	0.9999999999984368
b690bfd69b9a9ffcfbeeb983dc888583	k__Bacteria; p__Firmicutes; c__Clostridia; o__Clostridiales	0.9999180560274231
7da2205594f0291cc137e796231c7654	k__Bacteria; p__Bacteroidetes; c__Bacteroidia; o__Bacteroidales; f__Bacteroidaceae; g__Bacteroides; s__acidifaciens	0.9534869493972051
2c4447972c839fbbcc3e5f4fe2b798c6	k__Bacteria; p__Firmicutes; c__Clostridia; o__Clostridiales; f__Lachnospiraceae; g__Blautia; s__	0.9999552821865006
e58e1df421780f46ec575bf127455ddc	k__Bacteria; p__Actinobacteria; c__Acidimicrobiia; o__Acidimicrobiales; f__Microthrixaceae; g__; s__	0.999999999463725
fd3d141d0d82d3284eca3f9a40ee2cc2	k__Bacteria	0.9998860311523279
bf8f1522612cf4c8a586cfa4c99b16de	k__Bacteria; p__Proteobacteria; c__Betaproteobacteria; o__Burkholderiales; f__Comamonadaceae; g__Variovorax; s__paradoxus	0.7221921378079396
641a5a5c24320d3e2de5d11e58ba1f23	k__Bacteria; p__Planctomycetes; c__Phycisphaerae; o__WD2101; f__; g__; s__	0.9999999999126175
55c1cdd8740543676f108061df5ef31a	k__Bacteria; p__Actinobacteria; c__Coriobacteriia; o__Coriobacteriales; f__Coriobacteriaceae; g__Adlercreutzia; s__	0.937148273931729
b3670e366d8f5cdca0dcaca3446afeea	k__Bacteria; p__Firmicutes; c__Clostridia; o__Clostridiales; f__Ruminococcaceae; g__Oscillospira; s__	0.9998530610780542
33782421f21f35a7254e04ec306c749a	k__Bacteria; p__Firmicutes; c__Clostridia; o__Clostridiales; f__; g__; s__	0.9397422695570611
3249d3ce282eb02a028018f2a287bbde	k__Bacteria; p__Firmicutes; c__Clostridia; o__Clostridiales	0.7298780245631309
b0fdbf7827e6c2a105734a8605c929a7	k__Bacteria; p__Firmicutes; c__Clostridia; o__Clostridiales; f__; g__; s__	0.9996957349983008
e5bf76ab4c3ac2a36b7d3edeed6423ad	k__Bacteria; p__Bacteroidetes; c__Sphingobacteriia; o__Sphingobacteriales; f__Sphingobacteriaceae; g__Sphingobacterium; s__	0.960845410213454
b95d70f5122c1813d143f8b19e90482d	k__Bacteria; p__Proteobacteria; c__Alphaproteobacteria; o__Caulobacterales; f__Caulobacteraceae; g__Mycoplana; s__	0.9929562384475071
3e482da77f35190f0b387ca5025e287d	k__Bacteria; p__Proteobacteria; c__Alphaproteobacteria; o__Rhodospirillales; f__Acetobacteraceae	0.9999999545150773
cc4b0da6a42ee7bdde59fccd5be2966a	k__Bacteria; p__Proteobacteria; c__Alphaproteobacteria; o__Rhizobiales; f__Phyllobacteriaceae; g__Mesorhizobium; s__	0.8790040523138978
fcb1ec7f47473d61bdd003e9235c52f6	k__Bacteria; p__Firmicutes; c__Clostridia; o__Clostridiales; f__Veillonellaceae; g__Veillonella; s__dispar	0.9662118033358683
e6a7def5d55236100ff4552d42ed3bbc	k__Bacteria; p__Proteobacteria; c__Gammaproteobacteria; o__Pasteurellales; f__Pasteurellaceae; g__Aggregatibacter; s__	0.9936532079430878
bba0d3f33dbd2e8abe9c6b5dbf5fae4b	k__Bacteria; p__Proteobacteria; c__Alphaproteobacteria; o__Rhodospirillales; f__Acetobacteraceae; g__Acetobacter; s__	0.9306644704776549
755d2bbedf3781f50a7129327287a348	k__Bacteria; p__Proteobacteria; c__Alphaproteobacteria; o__Rhizobiales; f__Methylobacteriaceae; g__; s__	0.9999912094725947
523a5e09a98adaa96fbd54e05e3c2b51	k__Bacteria; p__Planctomycetes; c__Planctomycetia; o__Planctomycetales; f__Planctomycetaceae; g__Planctomyces; s__	0.9999998587725358
906820cbfc3c7c09e2ef3e482f75d25b	k__Bacteria; p__Proteobacteria; c__Alphaproteobacteria; o__Sphingomonadales; f__Sphingomonadaceae; g__Sphingomonas; s__echinoides	0.9881501378178358
147c1a2df2ea339cf0904653b3b267eb	k__Bacteria; p__Proteobacteria; c__Gammaproteobacteria; o__Pasteurellales; f__; g__; s__	0.9999821848249293
09aed3b4fd3552943c33ba9b66ddf603	k__Bacteria; p__Tenericutes; c__Mollicutes; o__RF39; f__; g__; s__	0.9999999205815757
df876a62d7712f26604e962b377643d5	k__Bacteria; p__Firmicutes; c__Clostridia; o__Clostridiales; f__; g__; s__	0.9999397584646873
73a1af9d3a820fabe7a1bddb945b1e31	k__Bacteria; p__Firmicutes; c__Clostridia; o__Clostridiales; f__Lachnospiraceae; g__Blautia; s__	0.9524845495466063
479a0e1b18081c6304f8285c8456f495	k__Bacteria; p__Firmicutes; c__Clostridia; o__Clostridiales; f__Ruminococcaceae; g__; s__	0.9601805696408312
693cd9aecaf8725461eb49126713f3d9	k__Bacteria; p__Actinobacteria; c__Coriobacteriia; o__Coriobacteriales; f__Coriobacteriaceae; g__Adlercreutzia; s__	0.8321497288266101
e59d6e376162e399fbdcd439e4e7b2aa	k__Bacteria; p__Firmicutes; c__Clostridia; o__Clostridiales; f__Eubacteriaceae; g__Anaerofustis; s__	0.9999862549421199
4f8d5eff065ce6498feea08854c1d38c	k__Bacteria; p__Firmicutes; c__Clostridia; o__Clostridiales; f__Ruminococcaceae	0.9999966829176585
4fb2b8a3d8877e76ff8bda126b6e13cb	k__Bacteria; p__Tenericutes; c__RF3; o__ML615J-28; f__; g__; s__	0.9927194997085029
50a4850ec828c31f72aa0ae6c22e76f9	k__Bacteria; p__Firmicutes; c__Clostridia; o__Clostridiales; f__; g__; s__	0.9750541191849627
06c3712e04593c0fdff5fd930f433bec	k__Bacteria; p__Firmicutes; c__Clostridia; o__Clostridiales	0.8881103250438802
d8ab0fa2147f16545baf0c195cd77c35	k__Bacteria; p__Actinobacteria; c__Coriobacteriia; o__Coriobacteriales; f__Coriobacteriaceae	0.9999999498102371
c6e0c4aac799ebf58d55bfebdfe1ef7d	k__Bacteria; p__Firmicutes; c__Clostridia; o__Clostridiales; f__Ruminococcaceae; g__; s__	0.9919630266820733
e4437e0791ad7e3a3297f01a3fba3295	k__Bacteria; p__Actinobacteria; c__Actinobacteria; o__Actinomycetales; f__Microbacteriaceae; g__Salinibacterium	0.898399706671407
801e11e9d659c8f33ed98f89ab16a112	k__Bacteria; p__Actinobacteria; c__Actinobacteria; o__Actinomycetales; f__Microbacteriaceae; g__Cryocola; s__	0.8697457361576048
f44ba394179b75008f8156df34a69ad6	k__Bacteria; p__Proteobacteria; c__Gammaproteobacteria; o__Pasteurellales; f__; g__; s__	0.9990654312758465
9a6058e9a8ff0ea82b1ceed86c2218cf	k__Bacteria; p__Proteobacteria; c__Betaproteobacteria; o__Burkholderiales; f__Comamonadaceae	0.9994293828860797
d629881df49e235000b36ff43b48bf60	k__Bacteria; p__Proteobacteria; c__Betaproteobacteria; o__Burkholderiales; f__Burkholderiaceae; g__Burkholderia; s__gladioli	0.9187485982383593
def172520cb937bf7aeedcbbe32bdaeb	k__Bacteria; p__Proteobacteria; c__Gammaproteobacteria; o__Pasteurellales; f__; g__; s__	0.999988689343627
437e173d87be94ceb806023c0c27338a	k__Bacteria; p__Actinobacteria; c__Actinobacteria; o__Actinomycetales; f__Microbacteriaceae	0.9999987733900306
0007f163f737b0ee7d54710632ba2bd6	k__Bacteria; p__Firmicutes; c__Clostridia; o__Clostridiales; f__Peptostreptococcaceae; g__; s__	0.9824950027388655
2a9d084105ecaae75fcd97abc6ef7a09	k__Bacteria; p__Verrucomicrobia; c__[Pedosphaerae]; o__[Pedosphaerales]; f__auto67_4W; g__; s__	0.9999613347208243
d6949bc60e1e31b357d7bfaa754ef989	k__Bacteria; p__Bacteroidetes; c__Flavobacteriia; o__Flavobacteriales; f__[Weeksellaceae]; g__Wautersiella; s__	0.9999997130459647
40abdfe5d8e9866338280247715c6a7b	k__Bacteria; p__Proteobacteria; c__Betaproteobacteria; o__Burkholderiales; f__Oxalobacteraceae	0.9999993410014782
22d58d5ecd3b574197469157fe9932f6	k__Bacteria; p__Proteobacteria; c__Alphaproteobacteria; o__Rhodospirillales; f__Acetobacteraceae; g__Gluconobacter; s__	0.9990211131136074
0a310d34cdafa613e731b1a6611e776a	k__Bacteria; p__Firmicutes; c__Bacilli; o__Bacillales; f__Bacillaceae; g__Geobacillus; s__	0.7616650367738849
d4a6153c9aed83b1e6f76495af97528e	k__Bacteria; p__Proteobacteria; c__Gammaproteobacteria; o__Pseudomonadales; f__Pseudomonadaceae; g__Pseudomonas	0.9310169394497961
676d889474e72761a3f487defd83f877	k__Bacteria; p__Proteobacteria; c__Alphaproteobacteria; o__Rhizobiales; f__Aurantimonadaceae; g__; s__	0.8883097519882083
2b62848032bd5f710c84c8206452022e	k__Bacteria; p__Bacteroidetes; c__Bacteroidia; o__Bacteroidales; f__Rikenellaceae; g__; s__	0.9802249270938308
071ea1b7e5a0b7a3428bf347d1188ce5	k__Bacteria; p__Firmicutes; c__Clostridia; o__Clostridiales; f__Ruminococcaceae; g__; s__	0.9997114807987907
c6c28865174134bf5e343a3d477fe587	k__Bacteria; p__Firmicutes; c__Clostridia; o__Clostridiales; f__Ruminococcaceae; g__; s__	0.9676943308260239
ff2626f65df1aab995f076aab0b930d8	k__Bacteria; p__Firmicutes; c__Clostridia; o__Clostridiales; f__Clostridiaceae; g__Clostridium; s__	0.7465620114011771
d04402ae3baea143d72626dd7b2f98ce	k__Bacteria; p__Firmicutes; c__Clostridia; o__Clostridiales; f__; g__; s__	0.9993305984694782
863c22746ce1abc210b4f287a6188bf3	k__Bacteria; p__Firmicutes; c__Clostridia; o__Clostridiales; f__; g__; s__	0.9947519830687609
02ce1721e0615b9994f852d5e27b77fc	k__Bacteria; p__Actinobacteria; c__Coriobacteriia; o__Coriobacteriales; f__Coriobacteriaceae; g__Atopobium; s__	0.9981317214898773
3e2a407c476442f4823f9738a6b05612	k__Bacteria; p__Firmicutes; c__Clostridia; o__Clostridiales; f__Ruminococcaceae; g__; s__	0.9925058447505638
743ceff6961f0609c56dcb56d0e670f7	k__Bacteria; p__Firmicutes; c__Clostridia; o__Clostridiales; f__Ruminococcaceae; g__Oscillospira; s__	0.7958397791337942
dbd7a26152a5219051ae90693099508e	k__Bacteria; p__Firmicutes; c__Clostridia; o__Clostridiales; f__; g__; s__	0.9991146963475158
59af63ae331fa5fe937ed599a026d184	k__Bacteria; p__Chloroflexi; c__Thermomicrobia; o__JG30-KF-CM45; f__; g__; s__	0.9999999955913665
3a8b32b6d3384fdf6b7c01c69d895600	k__Bacteria; p__Actinobacteria; c__Actinobacteria; o__Actinomycetales	0.999000743201269
e432c42479ff0faf7ed02747bafd25ec	k__Bacteria; p__Planctomycetes; c__Planctomycetia; o__Gemmatales; f__Isosphaeraceae; g__; s__	0.9999802965757373
36b568e1c7f81169e9d52d37cf1e2194	k__Bacteria; p__Actinobacteria; c__Coriobacteriia; o__Coriobacteriales; f__Coriobacteriaceae; g__Slackia; s__	0.9999988372545171
95386792d982fad8921b4dd1693b5856	k__Bacteria; p__Firmicutes; c__Bacilli; o__Lactobacillales; f__Lactobacillaceae	0.9977620504354483
b6ce8884cb10bacea1cfa17e87e28f62	k__Bacteria; p__Proteobacteria; c__Gammaproteobacteria	0.9999998567134715
4d4a398d8b5222497b0a5c7dfd1f2ee2	k__Bacteria; p__Proteobacteria; c__Alphaproteobacteria; o__Caulobacterales; f__Caulobacteraceae; g__Mycoplana; s__	0.9989294758701089
6164238f192c57079bbf2140b760bae8	k__Bacteria; p__Proteobacteria; c__Betaproteobacteria; o__Burkholderiales; f__Oxalobacteraceae; g__Janthinobacterium; s__	0.9769396749759155
3254b42c8ee34cdacd4629bd22c03e93	k__Bacteria; p__Firmicutes; c__Clostridia; o__Clostridiales; f__; g__; s__	0.7962815779293109
19565ac3165d2ed475beb881b0b70f83	k__Bacteria; p__Proteobacteria; c__Alphaproteobacteria; o__Rhizobiales; f__Brucellaceae	0.9999671639348245
aadcf638874c51e465d7aec40b84579c	k__Bacteria; p__Proteobacteria; c__Alphaproteobacteria; o__Sphingomonadales; f__Sphingomonadaceae; g__Sphingomonas; s__wittichii	0.7464220472152855
a5371503cb3a7ceb5ffd1613b7ca569e	k__Bacteria; p__Actinobacteria; c__Actinobacteria; o__Actinomycetales; f__Microbacteriaceae; g__Salinibacterium	0.7956446339915655
b4f5c08bc51c7819a449344cd94a6959	k__Bacteria; p__Proteobacteria; c__Alphaproteobacteria; o__Rhizobiales; f__Rhizobiaceae; g__Agrobacterium; s__	0.9745749959213296
fb21a38fac2f9d92548ee43aaab2dbc4	k__Bacteria; p__Proteobacteria; c__Alphaproteobacteria; o__Rhodospirillales; f__Acetobacteraceae; g__Gluconobacter; s__	0.9922331714294983
d29347f3b44991908d9637bb12faaf65	k__Bacteria; p__Proteobacteria; c__Gammaproteobacteria; o__Pseudomonadales; f__Pseudomonadaceae; g__Pseudomonas; s__viridiflava	0.9956058058763781
7dbee33de981f75febed062a61e1583e	k__Bacteria; p__Firmicutes; c__Bacilli; o__Lactobacillales; f__Lactobacillaceae; g__Lactobacillus; s__brevis	0.9954543235947351
47e819c8d4ca0f267b20cf450bc2642d	k__Bacteria; p__Proteobacteria; c__Alphaproteobacteria; o__Rhodospirillales; f__Acetobacteraceae; g__Gluconacetobacter; s__diazotrophicus	0.7019794657466762
ff337ce5dd3076b711646c8762be76d1	k__Bacteria; p__Proteobacteria; c__Betaproteobacteria; o__Burkholderiales; f__Comamonadaceae; g__; s__	0.9204662160130063
b164d958c6a7d4009f5a5582640afe70	k__Bacteria; p__Proteobacteria; c__Alphaproteobacteria; o__Rhodospirillales; f__Acetobacteraceae; g__Commensalibacter; s__intestini	0.9885416715305592
9647ea687097657687827f5d2992855d	k__Bacteria; p__Proteobacteria; c__Alphaproteobacteria; o__Rhizobiales; f__Hyphomicrobiaceae; g__Devosia; s__	0.9998109884826867
815bba8880e0be8f61bec2edd12e11b6	k__Bacteria; p__Actinobacteria; c__Actinobacteria; o__Actinomycetales; f__Streptomycetaceae	0.9999857485071619
da22f5402d70743837f57a6ff4835753	k__Bacteria; p__Firmicutes; c__Clostridia; o__Clostridiales; f__Lachnospiraceae	0.934818918678326
67a66a5aa8d5ca88836af843765fa50d	k__Bacteria; p__Firmicutes; c__Clostridia; o__Clostridiales; f__; g__; s__	0.9843085679775186
5786dd56686bddc69fe2155eab11a992	k__Bacteria; p__Firmicutes; c__Clostridia; o__Clostridiales; f__Ruminococcaceae; g__; s__	0.947837695262846
a5a2a93e659c42427330ab464690563e	k__Bacteria; p__Firmicutes; c__Clostridia; o__Clostridiales; f__; g__; s__	0.9981669753677402
31da250a4555a02e5a057f670ae9ae5d	k__Bacteria; p__Firmicutes; c__Clostridia; o__Clostridiales; f__Lachnospiraceae; g__; s__	0.8752600085384228
23e1dd45c97af882853d592ab797cfc0	k__Bacteria; p__Firmicutes; c__Clostridia; o__Clostridiales; f__Ruminococcaceae; g__; s__	0.9978593567667188
9b78cab1ad239b2b1a28ddae1649732f	k__Bacteria; p__Tenericutes; c__Mollicutes; o__RF39; f__; g__; s__	0.9999999999837712
b7ab93ad3e75f7a213e5d455cf938e94	k__Bacteria; p__Firmicutes; c__Clostridia; o__Clostridiales; f__Lachnospiraceae; g__Butyrivibrio; s__	0.8944573160891794
85ab440d087378d3e77844b208f0903c	k__Bacteria; p__Firmicutes; c__Clostridia; o__Clostridiales; f__Lachnospiraceae; g__Coprococcus; s__	0.7600494049525626
dbc6ad638a214357786ae5c142a3abfc	k__Bacteria; p__Firmicutes; c__Clostridia; o__Clostridiales; f__; g__; s__	0.9834041277819466
dc9ebfb37254a4862c1890b26c9ceea0	k__Bacteria; p__Firmicutes; c__Clostridia; o__Clostridiales; f__Lachnospiraceae	0.9184380943137195
bce283d731ae007a1bbd5711a993ca4e	k__Bacteria; p__Firmicutes; c__Clostridia; o__Clostridiales; f__; g__; s__	0.9507688560193394
950df9787886868ebd7520d692d5af06	k__Bacteria; p__Actinobacteria; c__Coriobacteriia; o__Coriobacteriales; f__Coriobacteriaceae; g__; s__	0.9999772427450894
cc8058011694c9fa65f2a8ade22e0b9b	k__Bacteria; p__Actinobacteria; c__Coriobacteriia; o__Coriobacteriales; f__Coriobacteriaceae; g__; s__	0.999813650747752
e955411d515fdb22463fec4aa466125d	k__Bacteria; p__Firmicutes; c__Bacilli; o__Lactobacillales; f__Lactobacillaceae; g__Lactobacillus; s__delbrueckii	0.999875835694204
a9418291c1326cabdf5c50310f8a1e7c	k__Bacteria; p__Proteobacteria; c__Alphaproteobacteria; o__Rhodospirillales; f__Acetobacteraceae; g__Roseomonas	0.9995423011576674
622cd1ed073215222c771415bf767fd7	k__Bacteria; p__Proteobacteria; c__Gammaproteobacteria; o__Pasteurellales; f__; g__; s__	0.9999999999869118
0b545fefbfc92e4c66b583c1e65ab910	k__Bacteria; p__Proteobacteria; c__Gammaproteobacteria	0.9999997918651556
145b97417871af978d650bc1552a1031	k__Bacteria; p__Proteobacteria; c__Betaproteobacteria; o__Burkholderiales; f__Alcaligenaceae; g__Achromobacter; s__	0.9967710396897985
5625b2c3a221f82e8face2d4a354cb1a	k__Bacteria; p__Firmicutes; c__Bacilli; o__Bacillales; f__Paenibacillaceae; g__Paenibacillus; s__curdlanolyticus	0.999659176631632
0b79123e80113d6a3e582da822e354e7	k__Bacteria; p__Proteobacteria; c__Alphaproteobacteria; o__Rhodospirillales; f__Acetobacteraceae; g__Acetobacter; s__	0.9972878729368794
f29a3bf59d8da4131c210bd54fd1a54a	k__Bacteria; p__Firmicutes; c__Clostridia; o__Clostridiales; f__Veillonellaceae; g__Phascolarctobacterium; s__	0.9999916010912809
c671a0cd5ba62a92e66a9cffc13ae8fd	k__Bacteria; p__Firmicutes; c__Bacilli; o__Bacillales; f__Paenibacillaceae; g__Paenibacillus; s__chondroitinus	0.999990167108377
6467641565f95b8db847a4a2a194edbe	k__Bacteria; p__Proteobacteria; c__Alphaproteobacteria; o__Rickettsiales; f__mitochondria	0.9999999999999996
28c8fff468d01db882862883d3cc3f34	k__Bacteria; p__Firmicutes; c__Clostridia; o__Clostridiales; f__Veillonellaceae; g__Dialister; s__	0.99999998833232
81d395036da600b300b4f4d65ee2e28c	k__Bacteria; p__Actinobacteria; c__Actinobacteria; o__Actinomycetales; f__Intrasporangiaceae; g__Phycicoccus; s__	0.9913603271724964
4c7b741defe74e541ba15cdc0fa86bfc	k__Archaea; p__Crenarchaeota; c__Thaumarchaeota; o__Nitrososphaerales; f__Nitrososphaeraceae; g__Candidatus Nitrososphaera; s__	0.9948603818252362
4dd6fc6480cf482ab40674c7278983cc	k__Bacteria; p__Proteobacteria; c__Alphaproteobacteria; o__Sphingomonadales; f__Sphingomonadaceae; g__Sphingomonas; s__azotifigens	0.9625062356124682
9728d4903401de5bff14d57ec437e9fb	k__Bacteria; p__Proteobacteria; c__Gammaproteobacteria; o__Pseudomonadales; f__Pseudomonadaceae; g__Pseudomonas; s__	0.804972367877979
14667de5d0946d61b2944b324da5556e	k__Bacteria; p__Cyanobacteria; c__Chloroplast; o__Streptophyta; f__; g__; s__	0.9999999995314539
c7cafeb80dd4e7f25382bc2dd0e5ead0	k__Bacteria; p__Actinobacteria; c__Actinobacteria; o__Actinomycetales; f__Sanguibacteraceae; g__Sanguibacter; s__	0.9923391654449252
30cacdf5ba4308c1bab784408612edfa	k__Bacteria; p__Proteobacteria; c__Alphaproteobacteria; o__Rhodobacterales; f__Rhodobacteraceae	0.7190642888969093
263d5021a3f6b013ee25533746324e8e	k__Bacteria; p__Actinobacteria; c__Actinobacteria; o__Actinomycetales; f__Beutenbergiaceae; g__Salana; s__multivorans	0.9895050262996148
0398ebceeec93b01bc737390031e9373	k__Bacteria; p__Firmicutes; c__Clostridia; o__Clostridiales; f__Clostridiaceae; g__Clostridium; s__	0.942528491998331
c10dac0e7389699072498da1751f730c	k__Bacteria; p__Firmicutes; c__Clostridia; o__Clostridiales; f__Ruminococcaceae; g__; s__	0.9513480978674728
eb194e72cec4b31a10e45dd727989109	k__Bacteria	0.8749790801042514
c534d94d51ae6b2effe696b64f9a3c81	k__Bacteria; p__Proteobacteria; c__Alphaproteobacteria; o__Rhizobiales; f__Hyphomicrobiaceae; g__Devosia; s__	0.999710398854727
e3ed5edf28ca673f51f21e851fb9022e	k__Bacteria; p__Firmicutes; c__Clostridia; o__Clostridiales; f__Ruminococcaceae; g__; s__	0.9989473881171053
7f5fb868dd83ad8cee33738b287e4a35	k__Bacteria; p__Actinobacteria; c__Coriobacteriia; o__Coriobacteriales; f__Coriobacteriaceae; g__Adlercreutzia; s__	0.9754094392943499
797f754cc69994eea0dd54e53b7663b0	k__Bacteria; p__Firmicutes; c__Clostridia; o__Clostridiales; f__; g__; s__	0.9993223240744235
c778c40e10b09ace341fcf5f92841435	k__Bacteria; p__Cyanobacteria; c__4C0d-2; o__YS2; f__; g__; s__	0.9999999997896225
92518b17375d56853800709bfec24a60	k__Bacteria; p__Firmicutes; c__Clostridia; o__Clostridiales; f__Ruminococcaceae; g__; s__	0.9991366132257188
2514ab64f1103278920ee2937e90b3f8	k__Bacteria; p__Firmicutes; c__Clostridia; o__Clostridiales; f__Christensenellaceae; g__; s__	0.999776401048513
4b8be2a6f58f91dc9a7104f9ce7b1ff1	k__Bacteria; p__Firmicutes; c__Clostridia; o__Clostridiales; f__Lachnospiraceae; g__; s__	0.7584176996619121
18fed0a4e92be147abfdaa9f0bc3e39b	k__Bacteria; p__Firmicutes; c__Bacilli; o__Bacillales; f__Bacillaceae	0.9623714684552084
9f0db7255d56c3cbd00c4925757808c1	k__Bacteria; p__Firmicutes; c__Bacilli; o__Bacillales; f__Paenibacillaceae; g__; s__	0.9315457170862462
8b1a5d6658dfca0d063629bc219e3f75	k__Bacteria; p__Proteobacteria; c__Gammaproteobacteria; o__Pasteurellales; f__; g__; s__	0.9999999998785398
aa80d02697bda15c90c997bf03883efb	k__Bacteria; p__Chloroflexi; c__Thermomicrobia; o__JG30-KF-CM45; f__; g__; s__	0.9999999999321716
992a9a5d161fb980f8b657bcc6ad057e	k__Bacteria; p__Cyanobacteria; c__Chloroplast; o__Streptophyta; f__; g__; s__	0.9999999999066205
a6faee79e46f837f155f976ad0ff3fa9	k__Bacteria; p__Proteobacteria; c__Betaproteobacteria; o__Burkholderiales; f__Comamonadaceae	0.9995707257023606
a8955dc25cc866cbb7f673736a5a92ca	k__Bacteria; p__Actinobacteria; c__Actinobacteria; o__Actinomycetales; f__Actinomycetaceae; g__Actinomyces; s__	0.999999970895971
82ff7e5036764c43924710dcd6395ec3	k__Bacteria; p__Bacteroidetes; c__Bacteroidia; o__Bacteroidales; f__Porphyromonadaceae; g__Dysgonomonas; s__	0.9997991913344011
63616a2da12082d7ba3e2e5620f5fbde	k__Bacteria; p__Proteobacteria; c__Betaproteobacteria; o__Burkholderiales; f__Comamonadaceae; g__Pelomonas; s__puraquae	0.7837039027989288
2bf8811fafec72842182a903e52e1a70	k__Bacteria; p__Proteobacteria; c__Alphaproteobacteria; o__Rhodospirillales; f__Acetobacteraceae; g__Gluconacetobacter; s__intermedius	0.9930267682931309
1ab8f85796c7534e9bb8bb8e4ef72d3d	k__Bacteria; p__Firmicutes; c__Clostridia; o__Clostridiales; f__; g__; s__	0.9998121828614318
25ac3d72199e815277a06e73f4616945	k__Bacteria; p__Proteobacteria; c__Alphaproteobacteria; o__Rhodospirillales; f__Acetobacteraceae; g__Acetobacter; s__	0.9675965748546695
f601522d8e78cbd281fddb5bf5d4d22c	k__Bacteria; p__Firmicutes; c__Bacilli; o__Lactobacillales; f__Enterococcaceae; g__Enterococcus; s__haemoperoxidus	0.7344805992139797
a3ee11e2cedf53f9e50126c40dba6d70	k__Bacteria; p__Firmicutes; c__Clostridia; o__Clostridiales; f__Ruminococcaceae; g__; s__	0.999545089075168
28c4f976525288c564615d22c1a60b2e	k__Bacteria; p__Firmicutes; c__Clostridia; o__Clostridiales; f__; g__; s__	0.9997165459671964
bb22c39ae199e1ec5976e601bf7f14ff	k__Bacteria; p__Firmicutes; c__Clostridia; o__Clostridiales; f__; g__; s__	0.9997282339702616
a81ff91b53a69d5e99fbac2bac403217	k__Bacteria; p__Firmicutes; c__Clostridia; o__Clostridiales; f__; g__; s__	0.9947120759595675
5dad1dc79c35f84ce8cae394d8a91b73	k__Bacteria; p__Firmicutes; c__Clostridia; o__Clostridiales	0.9998644418147924
417d552a53284aa51b1c66a88729f1a7	k__Bacteria; p__Firmicutes; c__Clostridia; o__Clostridiales; f__; g__; s__	0.9999456376311142
9b1a6f34ed9f4edab9e6c88d2dfd51e1	k__Bacteria; p__Firmicutes; c__Clostridia; o__Clostridiales; f__Peptostreptococcaceae; g__; s__	0.8885458040561762
dff6dd0eb45b9c0fac85e2b78c15c32f	k__Bacteria; p__Firmicutes; c__Clostridia; o__Clostridiales; f__Lachnospiraceae; g__Roseburia; s__	0.7249758413465042
46c3cd0d766c228e796d24d345139f5b	k__Bacteria; p__Firmicutes; c__Clostridia; o__Clostridiales; f__Lachnospiraceae; g__Blautia; s__	0.8232191297944833
6db7c3fe4553aeb115aad71f0f503c26	k__Bacteria; p__Firmicutes; c__Clostridia; o__Clostridiales; f__Lachnospiraceae; g__Coprococcus; s__	0.8633750246292832
fda58443b32dc58e21aa15bd5233c2ef	k__Bacteria; p__Bacteroidetes; c__Bacteroidia; o__Bacteroidales; f__Rikenellaceae; g__; s__	0.9998473629452804
c3c517702356fe333d5d917ba981c486	k__Bacteria; p__Firmicutes; c__Clostridia; o__Clostridiales; f__; g__; s__	0.9708533574648287
bef00ec23f8f37f032ce4a49a75331ef	k__Bacteria; p__Firmicutes; c__Clostridia; o__Clostridiales; f__[Tissierellaceae]; g__Anaerococcus; s__	0.9999999999998863
40a33a696112d62d4b031e3f8e187262	k__Bacteria; p__Proteobacteria; c__Gammaproteobacteria; o__Enterobacteriales; f__Enterobacteriaceae	0.999999999410449
8397a76fca0ca2ee964b1ecf1a57113b	k__Bacteria; p__Proteobacteria; c__Betaproteobacteria; o__Burkholderiales; f__Comamonadaceae	0.9998286263796987
e79de62269f7b63d6c3cc76588feedca	k__Bacteria; p__Actinobacteria; c__Actinobacteria; o__Actinomycetales; f__Nocardioidaceae; g__Pimelobacter; s__	0.7692306672548507
f074d0787105fccbdac1a3921d543b03	k__Bacteria; p__Proteobacteria; c__Alphaproteobacteria; o__Rhizobiales; f__Phyllobacteriaceae; g__Phyllobacterium; s__	0.996095102564566
3e4d3bacb77bc839f242a5ead13e9b0d	k__Bacteria; p__Bacteroidetes; c__Bacteroidia; o__Bacteroidales; f__Porphyromonadaceae; g__Dysgonomonas; s__	0.9997841005500758
eefbef1025a7c5a2d99383af67ace98b	k__Bacteria; p__Proteobacteria; c__Gammaproteobacteria; o__Pseudomonadales; f__Moraxellaceae; g__Acinetobacter; s__	0.8064161194324799
5905cb167b5d43fb84ea469cf0a759a3	k__Bacteria; p__Actinobacteria; c__Actinobacteria; o__Actinomycetales; f__Microbacteriaceae; g__Frigoribacterium; s__	0.9088508873672061
0a9abcbbe5ea961c7e2a0117c1d265ad	k__Bacteria; p__Proteobacteria; c__Alphaproteobacteria; o__Rhizobiales; f__Brucellaceae; g__Ochrobactrum	0.7050356995054919
4b359daaedd7e7d4c60a267c945fcaa1	k__Bacteria; p__Firmicutes; c__Bacilli; o__Lactobacillales; f__Leuconostocaceae; g__Leuconostoc; s__mesenteroides	0.9788335747941455
05d41b572557d454372aa7c9c26e4c05	k__Bacteria; p__Firmicutes; c__Clostridia; o__Clostridiales; f__Peptostreptococcaceae; g__; s__	0.8262603418716207
b4adf1e5aa17a27bd550c80b317ecdac	k__Bacteria; p__Proteobacteria; c__Betaproteobacteria; o__Neisseriales; f__Neisseriaceae; g__Snodgrassella; s__alvi	0.9999669447934982
0a9be6b1cd33397f0b477f5bb1337d55	k__Bacteria; p__Proteobacteria; c__Alphaproteobacteria; o__Sphingomonadales; f__Sphingomonadaceae; g__Sphingomonas; s__	0.9252051165380103
034039b1d747b8f5738f3ee426dac0b0	k__Bacteria; p__Proteobacteria; c__Betaproteobacteria; o__Burkholderiales; f__Comamonadaceae; g__Variovorax; s__	0.8818997306569106
2e4e9a8354219f49740ed74158a2ac7b	k__Bacteria; p__Planctomycetes; c__Planctomycetia; o__Gemmatales; f__Gemmataceae; g__Gemmata; s__	0.9929923231363891
31ea6c426e12fd0db7f59d65b2d1c1d2	k__Bacteria; p__Actinobacteria; c__Actinobacteria; o__Actinomycetales; f__Dietziaceae; g__Dietzia; s__	0.9979560138354152
b5157c4fe973be25440e7251da44ef05	k__Bacteria; p__Proteobacteria; c__Alphaproteobacteria; o__Sphingomonadales; f__Sphingomonadaceae; g__Sphingomonas; s__	0.9844639588052219
ec9497212b4fab35f8bd74674033bf98	k__Bacteria; p__Firmicutes; c__Clostridia; o__Clostridiales; f__Clostridiaceae; g__Clostridium; s__baratii	0.9291130912597525
8542dfe1683c185d5facb4183530baf3	k__Bacteria; p__Actinobacteria; c__Actinobacteria; o__Actinomycetales; f__Nocardioidaceae; g__Aeromicrobium; s__	0.9994549421021405
1446838b69ac3ca4179547b8a9b58638	k__Bacteria; p__Proteobacteria; c__Gammaproteobacteria; o__Pseudomonadales; f__Moraxellaceae; g__Acinetobacter; s__	0.9985502730440131
464acc7e1b84e4428dba83fe88a9abf7	k__Bacteria; p__Firmicutes; c__Bacilli; o__Lactobacillales; f__Leuconostocaceae; g__Leuconostoc; s__	0.8720250397705569
e8e99c7917f60b843fbfcee7114e5c67	k__Bacteria; p__Proteobacteria; c__Alphaproteobacteria; o__Sphingomonadales; f__Sphingomonadaceae	0.9999999627057824
54be1a7c1ad2216850ab94c3e1086b92	k__Bacteria; p__Firmicutes; c__Clostridia; o__Clostridiales; f__Ruminococcaceae; g__Ruminococcus; s__	0.8914080059767772
73f9e772ecf22063ccdea330df0d61a6	k__Bacteria; p__Firmicutes; c__Erysipelotrichi; o__Erysipelotrichales; f__Erysipelotrichaceae; g__Coprobacillus; s__	0.9985263270464976
ac9d54fa88592d357f39a7ce7853ab93	k__Bacteria; p__Firmicutes; c__Clostridia; o__Clostridiales; f__Ruminococcaceae; g__; s__	0.9961745892037986
0842be15974e93b58e29cbec9e35eb2c	k__Bacteria; p__Tenericutes; c__Mollicutes; o__RF39; f__; g__; s__	0.9999998978879229
a8ae51c73a33cfc5840c07d6be4a51ae	k__Bacteria; p__Firmicutes; c__Clostridia; o__Clostridiales; f__Ruminococcaceae; g__; s__	0.9980812987986148
6052c5a2b1b27be0de4c4bff61858351	k__Bacteria; p__Elusimicrobia; c__Elusimicrobia; o__Elusimicrobiales; f__Elusimicrobiaceae; g__; s__	0.999999526053641
828707884a6a44563a555b87a6666fe0	k__Bacteria; p__Firmicutes; c__Clostridia; o__Clostridiales; f__Ruminococcaceae; g__Ruminococcus; s__	0.8644423163102803
fd97ae7da5c82fb26c75952238f48cf7	k__Bacteria; p__Firmicutes; c__Clostridia; o__Clostridiales; f__Ruminococcaceae; g__; s__	0.9886209422831338
49a4f99619cbc146a4019fa7d4740dc0	k__Bacteria; p__Firmicutes; c__Erysipelotrichi; o__Erysipelotrichales; f__Erysipelotrichaceae; g__; s__	0.9896020274500155
0fb359b4e12bd2c0778879489b8bfdca	k__Bacteria; p__Firmicutes; c__Clostridia; o__Clostridiales; f__Clostridiaceae; g__Clostridium; s__	0.7760383429574641
51cfc2430dc966418c45616d12c910b0	k__Bacteria; p__Firmicutes; c__Clostridia; o__Clostridiales	0.99999818985991
69535b0c620eae346107a1269dac059f	k__Bacteria; p__Proteobacteria; c__Alphaproteobacteria; o__Rhizobiales; f__; g__; s__	0.8808265821807091
2f26f89990654c912fcec6169cc19ec6	k__Bacteria; p__Proteobacteria; c__Alphaproteobacteria; o__Rhizobiales; f__Rhizobiaceae; g__Agrobacterium; s__	0.997599010263281
d5c9d3cb4db54c66224932d996b29b4b	k__Bacteria; p__Actinobacteria; c__Actinobacteria; o__Actinomycetales; f__Nakamurellaceae; g__; s__	0.9428498961927364
ef79fd773def40c36222a7b238f46aea	k__Bacteria; p__Proteobacteria; c__Gammaproteobacteria; o__Pasteurellales; f__; g__; s__	0.9999870745620739
c429e6bc76846f76899208c84a74f960	k__Bacteria; p__Firmicutes; c__Bacilli; o__Bacillales; f__Paenibacillaceae; g__Paenibacillus; s__amylolyticus	0.9917415249123332
698a2bb935726c44cc7227a7b43eb8fd	k__Bacteria; p__Bacteroidetes; c__Bacteroidia; o__Bacteroidales; f__[Paraprevotellaceae]; g__CF231; s__	0.9999999998959765
2697800d74a195f66fdeaefec0399b7b	k__Bacteria; p__Proteobacteria; c__Alphaproteobacteria; o__Sphingomonadales; f__Sphingomonadaceae; g__Kaistobacter; s__	0.9997161280738205
b8e8cfa83bbc8a2a2acf8717d5b23c2c	k__Bacteria; p__Proteobacteria; c__Alphaproteobacteria; o__Rhodospirillales; f__Acetobacteraceae; g__Acetobacter; s__	0.9970679546816426
51bf5732e14bf7eaa840a2da515bad6a	k__Bacteria; p__Bacteroidetes; c__Bacteroidia; o__Bacteroidales; f__[Paraprevotellaceae]; g__[Prevotella]; s__tannerae	1.0
bf1b7d2a68b828258a585ff0dbc56959	k__Bacteria; p__Actinobacteria; c__Actinobacteria; o__Actinomycetales; f__Dermabacteraceae; g__; s__	0.9995349491481689
6d71cbf84e72b4b46c15d11c0b831cfe	k__Bacteria; p__Bacteroidetes; c__[Saprospirae]; o__[Saprospirales]; f__Chitinophagaceae; g__; s__	0.9999004203279228
79baf67df824b1a764658a8f0b559ade	k__Bacteria; p__Proteobacteria; c__Alphaproteobacteria; o__Rhizobiales; f__Bradyrhizobiaceae; g__Balneimonas; s__	0.7956612155781282
6632a8a06274fb064322436fbc98ba6c	k__Bacteria; p__Bacteroidetes; c__Bacteroidia; o__Bacteroidales; f__Porphyromonadaceae; g__Dysgonomonas; s__	0.9544761976204209
f944cedd0ffd185b3d60cb3fc111d367	k__Bacteria; p__Actinobacteria; c__Actinobacteria; o__Actinomycetales; f__Actinomycetaceae; g__Actinomyces; s__	0.7444989656654423
89c16fd32255179da445418d8ad0ebd1	k__Bacteria; p__Firmicutes; c__Bacilli; o__Lactobacillales; f__Lactobacillaceae; g__Lactobacillus; s__	0.8645642050195347
088ab2a07d3e2b8431e23252cc39e4f6	k__Bacteria; p__Bacteroidetes; c__Bacteroidia; o__Bacteroidales; f__Prevotellaceae; g__Prevotella; s__nanceiensis	0.9999999999988773
b4d7a621b4162d620a15a1ad2cb474b2	k__Bacteria; p__Bacteroidetes; c__Flavobacteriia; o__Flavobacteriales; f__[Weeksellaceae]; g__; s__	0.9999999472999136
97b5deb66e47fda8ac4803a46c07a567	k__Bacteria; p__Firmicutes; c__Clostridia; o__Clostridiales; f__Lachnospiraceae; g__; s__	0.8986841803604053
d1547295658c1e42a61cde4bc40b84b3	k__Bacteria; p__Actinobacteria; c__Actinobacteria; o__Bifidobacteriales; f__Bifidobacteriaceae; g__Bifidobacterium	0.9995604266612999
8f6a10eaa381c41841afa6f4dad639f3	k__Bacteria; p__Firmicutes; c__Clostridia; o__Clostridiales; f__Lachnospiraceae; g__Dorea; s__	0.8429372549814123
a249295e2e208be69e5a3d13e912432d	k__Bacteria; p__Firmicutes; c__Clostridia; o__Clostridiales; f__Ruminococcaceae; g__; s__	0.9902492116830626
b04b06b5179976fa98a267f6ca1720b0	k__Bacteria; p__Actinobacteria; c__Coriobacteriia; o__Coriobacteriales; f__Coriobacteriaceae	0.999999392970068
a60395e5ddb28628a8da9b22e561baf6	k__Bacteria; p__Firmicutes; c__Clostridia; o__Clostridiales; f__; g__; s__	0.8460311760980707
fc9d3866d2086b7893780457e89905eb	k__Bacteria; p__Lentisphaerae; c__[Lentisphaeria]; o__Victivallales; f__Victivallaceae; g__Victivallis; s__vadensis	0.7850218318080049
0858be57786ea789eaeea10ab8a0a230	k__Bacteria; p__Actinobacteria; c__Actinobacteria; o__Actinomycetales; f__Microbacteriaceae; g__Salinibacterium; s__	0.7749462814246616
e5189b5d3ad0673b8aebe84f393f0ab4	k__Bacteria; p__Bacteroidetes; c__Flavobacteriia; o__Flavobacteriales; f__[Weeksellaceae]; g__Chryseobacterium; s__	0.9991215104940001
d66e0a58b4681949c2a4113c043aa11c	k__Bacteria; p__Proteobacteria; c__Betaproteobacteria; o__Methylophilales; f__Methylophilaceae; g__Methylobacillus; s__	0.9999263094401702
eb27bb45d99247b8f9c7c9973fed7ad8	k__Bacteria; p__[Thermi]; c__Deinococci; o__Deinococcales; f__Deinococcaceae; g__Deinococcus; s__	0.9999945851869628
06eb475fd72b5f29383bb1e15164e408	k__Bacteria; p__Firmicutes; c__Bacilli; o__Bacillales; f__Paenibacillaceae; g__Paenibacillus; s__	0.9942363961368342
c32c079facfef0804bddb87fe66e5c5b	k__Bacteria; p__Firmicutes; c__Clostridia; o__Clostridiales; f__Ruminococcaceae; g__; s__	0.7867873011858225
b32817e476dc0bff15b9a87f86c38154	k__Bacteria; p__Proteobacteria; c__Gammaproteobacteria; o__Pasteurellales; f__Pasteurellaceae; g__Haemophilus	0.7011840962458856
bdb8b119802997bf7380461ef87449a3	k__Bacteria; p__Firmicutes; c__Clostridia; o__Clostridiales; f__Ruminococcaceae; g__; s__	0.999062923200608
8ad69d22c84372c2cdd09a46174dbeb1	k__Bacteria; p__Planctomycetes; c__Planctomycetia; o__Gemmatales; f__Gemmataceae; g__Gemmata; s__	0.9998710214451423
38cfbd0ea67cc9c279660dbde2893440	k__Bacteria; p__Proteobacteria; c__Betaproteobacteria; o__Burkholderiales; f__Comamonadaceae	0.9998569929672139
7ec466b88de2621897ce3b132e1ea5bf	k__Bacteria; p__Proteobacteria; c__Alphaproteobacteria; o__Rhodospirillales; f__Acetobacteraceae; g__Commensalibacter; s__intestini	0.9999999938187187
9de0b48874314c9db8280e5487e29438	k__Bacteria; p__Firmicutes; c__Clostridia; o__Clostridiales; f__Veillonellaceae; g__Phascolarctobacterium; s__	0.9999926182433856
aa132dc5ead15c636e4d4dc883f48380	k__Bacteria; p__Proteobacteria; c__Alphaproteobacteria; o__Sphingomonadales; f__Sphingomonadaceae; g__Sphingomonas; s__wittichii	0.9724788077967256
80643135b723018b2c06f31b41fcf111	k__Bacteria; p__Tenericutes; c__Mollicutes; o__RF39; f__; g__; s__	0.9999999994474962
ef548ed722e2e40e7f244037379d5db3	k__Bacteria; p__Firmicutes; c__Clostridia; o__Clostridiales; f__Ruminococcaceae; g__; s__	0.9969943979527951
ec1f3306e8cb1e9b22014c4faa507994	k__Bacteria; p__Bacteroidetes; c__Bacteroidia; o__Bacteroidales; f__Bacteroidaceae; g__5-7N15; s__	0.999999997946091
2408dcf6c27d1610710f35c611fd5b6f	k__Bacteria; p__Firmicutes; c__Clostridia; o__Clostridiales; f__Ruminococcaceae; g__; s__	0.9717856228054834
ec5485a9079ee5c03d6f965b829fe18c	k__Bacteria; p__Firmicutes; c__Clostridia; o__Clostridiales; f__; g__; s__	0.994271466308614
d3a8c4ee2f5d3879802d7c840a95c884	k__Bacteria; p__Firmicutes; c__Clostridia; o__Clostridiales; f__Ruminococcaceae; g__; s__	0.9998370294142342
685c623003cdc79f3a5a0d4e888e2eba	k__Bacteria; p__Firmicutes; c__Clostridia; o__Clostridiales; f__; g__; s__	0.9988754526684465
7355c9cfcdfc413e69873eb49fb88470	k__Bacteria; p__Firmicutes; c__Clostridia; o__Clostridiales; f__; g__; s__	0.9733449616816221
bac767b27fb3999744552c2842bc1e51	k__Bacteria; p__Firmicutes; c__Clostridia; o__Clostridiales; f__; g__; s__	0.9663270530814321
38478fac681e97b850d570d835740907	k__Bacteria; p__Firmicutes; c__Clostridia; o__Clostridiales; f__Lachnospiraceae	0.981878820889847
94ad0887ab0ac9ab161171b3290eedb8	k__Bacteria; p__Firmicutes; c__Clostridia; o__Clostridiales; f__Ruminococcaceae; g__; s__	0.9978340517650418
9c5b16d2a1f9699935440efa7f96bbba	k__Bacteria; p__Firmicutes; c__Clostridia; o__Clostridiales; f__Ruminococcaceae; g__; s__	0.9983374898144091
b3100ef4657eac6598d3ac72a6a3e351	k__Bacteria; p__Firmicutes; c__Clostridia; o__Clostridiales; f__Ruminococcaceae; g__; s__	0.9995373090986079
baf93c7a0e1ce03071a2aaf81cbc8853	k__Bacteria; p__Firmicutes; c__Clostridia; o__Clostridiales; f__Lachnospiraceae	0.9929719604939907
1153f994f8f9d3ff39eeb5cdf70ca778	k__Bacteria; p__Firmicutes; c__Clostridia; o__Clostridiales; f__Ruminococcaceae; g__; s__	0.8250210788879381
0e463293612f1c0711e86d52fff87f07	k__Bacteria; p__Tenericutes; c__Mollicutes; o__RF39; f__; g__; s__	0.9999999991593427
1e5e95b446049f4ff0af221e32d3513a	k__Bacteria; p__Firmicutes; c__Clostridia; o__Clostridiales; f__Ruminococcaceae; g__Ruminococcus; s__	0.969710561534882
8eb148f8f7c59c436cd20474e5f4acc9	k__Bacteria; p__Firmicutes; c__Bacilli; o__Lactobacillales; f__Lactobacillaceae; g__Lactobacillus; s__	0.983583055205562
6211debabaa6e0388a9f1686b524fad0	k__Bacteria; p__Firmicutes; c__Bacilli; o__Bacillales; f__[Thermicanaceae]; g__Thermicanus; s__	0.9999999999799769
5252f1b089304041e8acfd7ef19c81a7	k__Bacteria	0.9999999999991318
dc133d9ba2c625727e2b6f99719bae7e	k__Bacteria; p__Bacteroidetes; c__Flavobacteriia; o__Flavobacteriales; f__[Weeksellaceae]; g__; s__	0.7914703724767106
b1cbd3ea3bf7d28c05d3fde38f53a0de	k__Bacteria; p__Firmicutes; c__Bacilli; o__Bacillales; f__Sporolactobacillaceae; g__Sporolactobacillus; s__	0.999981346053449
5220df4bc0d05ea721bf91bc2d88f37a	k__Bacteria; p__Proteobacteria; c__Alphaproteobacteria; o__Rhizobiales; f__Methylocystaceae; g__; s__	0.998831434106804
df6b09665d981d4ad77ec45ff6d0ee6a	k__Bacteria; p__Planctomycetes; c__Planctomycetia; o__Gemmatales; f__Isosphaeraceae; g__; s__	0.998245499221854
d0f5902ba160ab3d4acb79d2008083ec	k__Bacteria; p__Firmicutes; c__Bacilli; o__Bacillales	0.9999999882306273
824784aada0486871735a2406313c37c	k__Bacteria; p__Acidobacteria; c__Acidobacteriia; o__Acidobacteriales; f__Acidobacteriaceae; g__; s__	0.994250171544119
7e0cd366652972fcdc892cab069eb848	k__Bacteria; p__Proteobacteria; c__Alphaproteobacteria; o__Rhodospirillales; f__Acetobacteraceae; g__Gluconacetobacter	0.8446957918585012
0c0f2a92ad5b9101a24a2345f5e78602	k__Bacteria; p__Proteobacteria; c__Gammaproteobacteria; o__Pseudomonadales; f__Pseudomonadaceae; g__Pseudomonas; s__viridiflava	0.9945878460220304
ecde31a2d4e97ae4a288d05dfe56fa33	k__Bacteria; p__Bacteroidetes; c__Bacteroidia; o__Bacteroidales; f__Prevotellaceae; g__Prevotella; s__	0.9999999441943872
bf84c963a5a7755935afec6a89abb05c	k__Bacteria; p__Proteobacteria; c__Alphaproteobacteria; o__Rhodobacterales; f__Rhodobacteraceae	0.9997868128405336
6345c5d0f7bc5eeca854cba65c0223cd	k__Bacteria; p__Actinobacteria; c__Actinobacteria; o__Actinomycetales; f__Mycobacteriaceae; g__Mycobacterium; s__	0.94803137063516
49d63b1e686a615bcfc902d3e5b6bc0b	k__Bacteria; p__Proteobacteria; c__Alphaproteobacteria; o__Rhodospirillales; f__Acetobacteraceae; g__Gluconacetobacter; s__intermedius	0.7914599980496084
5d01b028335e750d75258c0f8c986c57	k__Bacteria; p__Firmicutes; c__Clostridia; o__Clostridiales; f__Ruminococcaceae; g__; s__	0.9956675585246003
27ab00046ca86fd74c21bba26ecb0af6	k__Bacteria; p__Actinobacteria; c__Coriobacteriia; o__Coriobacteriales; f__Coriobacteriaceae; g__Collinsella; s__	0.9999997796656958
1d859d0f0b54d03ee6d4f78d90e0ccbd	k__Bacteria; p__Chloroflexi; c__Chloroflexi; o__[Roseiflexales]; f__; g__; s__	0.986318990340154
a76658ce6216e1ef10d904caef043ee8	k__Bacteria; p__Firmicutes; c__Bacilli; o__Bacillales	0.9999999972279116
784dbb26f406545506b5c08b3a4f3fa5	k__Bacteria; p__Bacteroidetes; c__Cytophagia; o__Cytophagales; f__Cytophagaceae; g__Dyadobacter; s__	0.9999999999976126
3758fda2c73b49e111ee8cb2e439f1fc	k__Bacteria; p__Firmicutes; c__Clostridia; o__Clostridiales; f__Ruminococcaceae; g__; s__	0.9172373601583206
c455908cd6727f64b28e5ed47201a888	k__Bacteria; p__Proteobacteria; c__Betaproteobacteria; o__Burkholderiales; f__Oxalobacteraceae; g__Massilia	0.948317137652833
ad70e379f10f76d28ef495586b36d074	k__Archaea; p__Crenarchaeota; c__Thaumarchaeota; o__Nitrososphaerales; f__Nitrososphaeraceae; g__Candidatus Nitrososphaera; s__SCA1145	0.9979235744201953
c8b54c323257273b1f0cbac17ef89b46	k__Bacteria; p__Firmicutes; c__Clostridia; o__Clostridiales; f__; g__; s__	0.9584441874893198
585f55a96b13911046318ffd76d39384	k__Bacteria; p__Actinobacteria; c__Coriobacteriia; o__Coriobacteriales; f__Coriobacteriaceae; g__Adlercreutzia; s__	0.7974980989021611
c1c90d1b17e63e609ed8a3b0a6fcc56a	k__Bacteria; p__Firmicutes; c__Clostridia; o__Clostridiales; f__; g__; s__	0.7568578405637815
0030fbf4bfb3627b7d6d6f8d304e5a63	k__Bacteria; p__Firmicutes; c__Clostridia; o__Clostridiales; f__Ruminococcaceae; g__; s__	0.835579548368568
1b24d67c1aa9d1337473c4b28f3c2c7d	k__Bacteria; p__Bacteroidetes; c__Flavobacteriia; o__Flavobacteriales; f__[Weeksellaceae]; g__Wautersiella; s__	0.9999999951947132
e98aba575dabe5a3f54c323197e9fbef	k__Bacteria; p__Proteobacteria; c__Gammaproteobacteria; o__Pseudomonadales; f__Pseudomonadaceae; g__Pseudomonas	0.7401483296017309
0d87bd2a129cba3412060487c209e8bd	k__Archaea; p__Crenarchaeota; c__Thaumarchaeota; o__Nitrososphaerales; f__Nitrososphaeraceae; g__Candidatus Nitrososphaera; s__SCA1145	0.9913666414493799
ceb037f67e285fcd5e8fb72881fc79e4	k__Bacteria; p__Firmicutes; c__Bacilli; o__Lactobacillales; f__Leuconostocaceae; g__Fructobacillus; s__	0.9999991121693588
2fb4fb67668ac35d3b32bae91954d3fe	k__Bacteria; p__Bacteroidetes; c__Flavobacteriia; o__Flavobacteriales; f__[Weeksellaceae]; g__; s__	0.8792475203506454
3411d9f18d8ce09bfc82647e251b3a6f	k__Bacteria; p__Firmicutes; c__Bacilli; o__Bacillales; f__Bacillaceae; g__Bacillus; s__longiquaesitum	0.9944559987941726
dba8ce161cf60b373eb2eb3262d34233	k__Bacteria; p__Proteobacteria; c__Betaproteobacteria; o__Burkholderiales; f__Burkholderiaceae; g__Burkholderia; s__andropogonis	0.9995584908608536
38bf0b07f2eeb961a3e9f475ca97deba	k__Bacteria; p__Firmicutes; c__Clostridia; o__Clostridiales; f__Lachnospiraceae; g__; s__	0.8000100919209798
70cd5fbee9fba7811a137016834745ec	k__Bacteria; p__Gemmatimonadetes; c__Gemm-5; o__; f__; g__; s__	0.9960823975652915
8ba56f2e36cf1d158525ae2c6a1b59c0	k__Bacteria; p__Bacteroidetes; c__Flavobacteriia; o__Flavobacteriales; f__[Weeksellaceae]; g__Chryseobacterium; s__	0.9999311381794656
9b64f36b68cc873664751b41c79be48d	k__Bacteria; p__Actinobacteria; c__Actinobacteria; o__Actinomycetales; f__Microbacteriaceae	0.999427923369078
6d8df274f92be96c184e009ae57de8dd	k__Bacteria; p__Firmicutes; c__Clostridia; o__Clostridiales; f__Ruminococcaceae; g__; s__	0.9998001002588043
0c606a27719eac4cc0c2351b1b0c330b	k__Bacteria; p__Firmicutes; c__Bacilli; o__Lactobacillales; f__Lactobacillaceae	0.9729853806658237
517ec58c01f682f4f759d7e0e9bf8e34	k__Bacteria; p__Bacteroidetes; c__Cytophagia; o__Cytophagales; f__Cytophagaceae; g__Hymenobacter; s__	0.9999999999831743
2c61f4b5b4494ba1529f941961378200	k__Bacteria; p__Bacteroidetes; c__Bacteroidia; o__Bacteroidales; f__[Paraprevotellaceae]; g__[Prevotella]; s__	0.9999999878754268
69d727659de7b08e92a289dcca234dd6	k__Bacteria; p__Bacteroidetes; c__Flavobacteriia; o__Flavobacteriales; f__[Weeksellaceae]; g__Cloacibacterium; s__	0.9999987237693561
2a0f08d14af6b3ed3e786c15e80fdb8d	k__Bacteria; p__Bacteroidetes; c__Cytophagia; o__Cytophagales; f__Cytophagaceae; g__Spirosoma; s__	0.9999999998643432
fc7077dfb75bbc0ab264abd72f114398	k__Bacteria; p__Firmicutes; c__Clostridia; o__Clostridiales; f__Ruminococcaceae; g__; s__	0.9980724246872001
8c7e8ddf1741c10b29cd44ca7020771d	k__Bacteria; p__Firmicutes; c__Clostridia; o__Clostridiales; f__; g__; s__	0.998391210561612
b563693912d46d3e4de36f15f765dc65	k__Bacteria; p__Firmicutes; c__Clostridia; o__Clostridiales; f__; g__; s__	0.9998062021713603
568b6143d6a04b437907a37da9234ce0	k__Bacteria; p__Firmicutes; c__Erysipelotrichi; o__Erysipelotrichales; f__Erysipelotrichaceae; g__; s__	0.9966075019721432
a24b5d7ed82ec4a4123543b70942f62d	k__Bacteria; p__Firmicutes; c__Clostridia; o__Clostridiales; f__Ruminococcaceae; g__; s__	0.9846662140997552
43e7504723703f9bc966b948e8ea0748	k__Bacteria; p__Firmicutes; c__Clostridia; o__Clostridiales	0.9999514621740062
c2eb3aac9959daf43e70f15c6f499150	k__Bacteria; p__Verrucomicrobia; c__Opitutae; o__[Cerasicoccales]; f__[Cerasicoccaceae]; g__; s__	0.9999846771372636
07e48f5891691f7525e94664557b4a0f	k__Bacteria; p__Firmicutes; c__Clostridia; o__Clostridiales; f__Lachnospiraceae; g__; s__	0.7026210930118847
9ce12770731a55b1f23f5f0d269fcc89	k__Bacteria; p__Tenericutes; c__Mollicutes; o__Anaeroplasmatales; f__Anaeroplasmataceae; g__; s__	0.9998230608320653
a47e513280aa60fee2fb695f49b019b3	k__Bacteria; p__Firmicutes; c__Clostridia; o__Clostridiales; f__Ruminococcaceae; g__; s__	0.9859220195677357
0d96698f7fcc3549919a95e37b175ced	k__Bacteria; p__Firmicutes; c__Clostridia; o__Clostridiales; f__Christensenellaceae; g__; s__	0.9873753849817821
1304b326e2948da531816a82d25a56ee	k__Bacteria; p__Firmicutes; c__Clostridia; o__Clostridiales; f__; g__; s__	0.8647375844783477
6447f432ad3809a53e2ddfefc8f6d430	k__Bacteria; p__Firmicutes; c__Clostridia; o__Clostridiales; f__[Tissierellaceae]; g__Anaerococcus; s__	1.0
347ebd0743329edc416a17f8f351a1b4	k__Bacteria; p__Armatimonadetes; c__Armatimonadia; o__Armatimonadales; f__Armatimonadaceae; g__; s__	0.9999999966030657
628a48fe164a11551dcb9a2c54ddce23	k__Bacteria; p__Planctomycetes; c__Planctomycetia; o__Gemmatales; f__Isosphaeraceae; g__; s__	0.999831411186566
a7e1b84951f81a7b755899ed38f659a1	k__Bacteria; p__Proteobacteria; c__Alphaproteobacteria; o__Rhizobiales; f__Bradyrhizobiaceae; g__Bosea; s__genosp.	0.9989956067441844
a0b7859764d909363b408b25b0a53a79	k__Bacteria; p__Planctomycetes; c__Planctomycetia; o__Gemmatales; f__Isosphaeraceae; g__; s__	0.9999739201028099
1bb35e34c8a6ddf47bc7ff25f2f9f3b8	k__Bacteria; p__Actinobacteria; c__Thermoleophilia; o__Solirubrobacterales; f__Patulibacteraceae; g__; s__	0.9661873156924615
6293c8b14abb23a2177a2825c62fd20e	k__Bacteria; p__Bacteroidetes; c__Flavobacteriia; o__Flavobacteriales; f__Flavobacteriaceae; g__Myroides; s__odoratimimus	0.999973235857179
27db6e5143c8185659c9ac417c68929d	k__Bacteria; p__Proteobacteria; c__Alphaproteobacteria; o__Rhodobacterales; f__Hyphomonadaceae; g__Hyphomonas; s__	0.9999829124714434
07481ffcc7d68a96f68bded45155c82d	k__Bacteria; p__Chloroflexi; c__Ellin6529; o__; f__; g__; s__	0.9999999999903366
eeb7950277073a8136b5d41ddd0f91a6	k__Bacteria; p__Firmicutes; c__Clostridia; o__Clostridiales; f__Lachnospiraceae; g__Clostridium	0.9974543766441111
840b390a4d20ebb188390ad930002206	k__Bacteria; p__Firmicutes; c__Clostridia; o__Clostridiales; f__; g__; s__	0.9992664556287548
5ed3d74ac6f293933e325e2479792c8e	k__Bacteria; p__Proteobacteria; c__Alphaproteobacteria; o__Rhizobiales; f__Methylocystaceae; g__; s__	0.9999414939049062
b6202a986dde16cac9ccec0d9ad93c45	k__Bacteria; p__Actinobacteria; c__Actinobacteria; o__Actinomycetales; f__Nocardioidaceae; g__Nocardioides; s__halotolerans	0.7774535701919074
46baa7d677a0df48be0d4660a48bbd9d	k__Bacteria; p__Proteobacteria; c__Alphaproteobacteria; o__Sphingomonadales; f__Sphingomonadaceae; g__Sphingomonas	0.88237742329175
8e1c67572a0dc5269d0a5112d30659d2	k__Bacteria; p__Proteobacteria; c__Gammaproteobacteria; o__Xanthomonadales; f__Xanthomonadaceae; g__Wohlfahrtiimonas; s__	0.999999999797609
eef1faf3aeea5306414e1d234123edda	k__Bacteria; p__Firmicutes; c__Clostridia; o__Clostridiales; f__Lachnospiraceae; g__Coprococcus; s__	0.8705771316755327
8c2119221bf0a7062260a9b0946cdd12	k__Bacteria; p__Proteobacteria; c__Alphaproteobacteria; o__Rhizobiales; f__Bradyrhizobiaceae; g__Bradyrhizobium; s__	0.888949717289408
052246346ad1bba93f1946dd557c785a	k__Bacteria; p__Actinobacteria; c__Actinobacteria; o__Actinomycetales; f__Nakamurellaceae; g__; s__	0.9593222451390091
52b61196c359b5d3970379bcf43ca595	k__Bacteria; p__Actinobacteria; c__Actinobacteria; o__Actinomycetales; f__Corynebacteriaceae; g__Corynebacterium; s__	0.8818206314236484
c5fb4c60bf9751584ff9d9c33500c9a2	k__Bacteria	0.9966173414936195
7a17c36f3754424b3c4ce3605f5af046	k__Archaea; p__Euryarchaeota; c__Methanomicrobia; o__Methanomicrobiales; f__Methanomicrobiaceae; g__Methanoculleus; s__	0.9996559205256355
a7b0eb2092ca4756abd1dfadd6e3a033	k__Bacteria; p__Bacteroidetes; c__Bacteroidia; o__Bacteroidales; f__Porphyromonadaceae; g__Dysgonomonas; s__	0.8907495751439746
246f2442188b54f1c24170d5aa401eeb	k__Bacteria; p__Firmicutes; c__Bacilli; o__Bacillales; f__Bacillaceae; g__Bacillus; s__firmus	0.985438194518575
4eaecdf1675788c3ff57a504466a0c32	k__Bacteria; p__Proteobacteria; c__Betaproteobacteria; o__Burkholderiales; f__Comamonadaceae; g__Comamonas; s__	0.9269465402778394
a6b55f56f866ca7b91ecf6bed12d2fc5	k__Bacteria; p__Firmicutes; c__Bacilli; o__Bacillales; f__Paenibacillaceae; g__Paenibacillus; s__	0.9996819793092453
0f456a856b1858b37a99738b18b69c50	k__Bacteria; p__Proteobacteria; c__Alphaproteobacteria; o__Rhizobiales; f__Hyphomicrobiaceae; g__; s__	0.9974178838037644
4e49a2e71e1c9156567a5a71573b4f2c	k__Bacteria; p__Firmicutes; c__Bacilli; o__Bacillales	0.9999998107366036
1bec26d8813bd9ed9781d09e0cbd53f1	k__Bacteria; p__Proteobacteria; c__Alphaproteobacteria; o__Rhizobiales; f__Hyphomicrobiaceae; g__Rhodoplanes; s__	0.9994028632253283
24e9abd70a60e378e5ff0b1e5a140a3a	k__Bacteria; p__Proteobacteria; c__Alphaproteobacteria; o__Rhodospirillales; f__Acetobacteraceae; g__Gluconacetobacter	0.9401954939779225
82cd4d329b0a05e16c490b2e1b09ef17	k__Bacteria; p__Proteobacteria; c__Alphaproteobacteria; o__Rhodobacterales; f__Rhodobacteraceae; g__Amaricoccus; s__	0.9752472158453317
b5b28e4d15dfecadb8a9d235b72f1986	k__Bacteria; p__Bacteroidetes; c__Bacteroidia; o__Bacteroidales; f__Porphyromonadaceae; g__Dysgonomonas; s__	0.9998163650219967
f889153289e6351e16214aa119ab3fe0	k__Bacteria; p__Proteobacteria; c__Alphaproteobacteria; o__Rhodospirillales; f__Rhodospirillaceae; g__Telmatospirillum; s__	0.9985432258798795
2ec55a7c20d339f93db8091d8f8c9a1e	k__Bacteria; p__Firmicutes; c__Clostridia; o__Clostridiales; f__[Mogibacteriaceae]; g__; s__	0.9999951878130527
32e7350cef4c675e4169674df3c74e2d	k__Bacteria; p__Firmicutes; c__Clostridia; o__Clostridiales; f__Ruminococcaceae; g__; s__	0.9979306211409509
0f30c3ad318b1a7e0912ddaffa534d06	k__Bacteria; p__Firmicutes; c__Clostridia; o__Clostridiales; f__; g__; s__	0.9244262869054456
4476926286d4daef43e53a427b531c31	k__Bacteria	0.9999999999999629
d398dc61ec896981d94032333a5b431b	k__Bacteria; p__Firmicutes; c__Clostridia; o__Clostridiales; f__Ruminococcaceae; g__; s__	0.9638241267777296
2cace3be4792fd6723a47bb10c47d564	k__Bacteria; p__Firmicutes; c__Clostridia; o__Clostridiales; f__Ruminococcaceae; g__; s__	0.9817688182976324
559e7d0df11166c6fbc1e31e4b4d8402	k__Bacteria; p__Firmicutes; c__Clostridia; o__Clostridiales; f__Ruminococcaceae; g__; s__	0.7535167532995845
dbd9a3c7ffcc5292431b88c75a64d892	k__Bacteria; p__Firmicutes; c__Clostridia; o__Clostridiales; f__Ruminococcaceae; g__; s__	0.7891677322742596
bb14ae3b024482fe3c5e4c52dee8b45d	k__Bacteria; p__Firmicutes; c__Clostridia; o__Clostridiales; f__[Mogibacteriaceae]; g__; s__	0.9999372702118907
eb4479afe19cff4bfd7e9648b468df6d	k__Bacteria; p__Firmicutes; c__Clostridia; o__Clostridiales; f__; g__; s__	0.9979951589897115
50ba6fb97ebbfdaa681584638b70164f	k__Bacteria; p__Cyanobacteria; c__4C0d-2; o__YS2; f__; g__; s__	0.9999999998959055
58fdb7fbf3728c8da621bb7b5e147ed0	k__Bacteria; p__Firmicutes; c__Clostridia; o__Clostridiales; f__Ruminococcaceae	0.9999941079217312
989f09d438cbd58030b57b4a24765e42	k__Bacteria; p__Tenericutes; c__Mollicutes; o__RF39; f__; g__; s__	0.9999999991879065
b3deff69cba0e540e1ce86ae104a9841	k__Bacteria; p__Proteobacteria; c__Alphaproteobacteria; o__Rhizobiales	0.7889682547207676
3c0f8a0228e8670158613bdb3dc2fa7e	k__Bacteria; p__Proteobacteria; c__Alphaproteobacteria; o__Caulobacterales; f__Caulobacteraceae	0.999984139048705
462f9499ec49ae358f44423f1c7b47c4	k__Bacteria; p__Proteobacteria; c__Alphaproteobacteria; o__Rhizobiales; f__Hyphomicrobiaceae; g__Devosia; s__	0.9999780845361934
2b0f0e19cc5d3b30329881ae948b8d74	k__Bacteria; p__Bacteroidetes; c__Bacteroidia; o__Bacteroidales; f__Porphyromonadaceae; g__Dysgonomonas; s__	0.9999921348030307
66813fce5de451b3536923f3bb2d81e0	k__Bacteria; p__Proteobacteria; c__Betaproteobacteria; o__Burkholderiales; f__Oxalobacteraceae	0.9999987711918581
e8d9784cc6e3d647a7b13f5989f0d64f	k__Bacteria; p__Firmicutes; c__Clostridia; o__Clostridiales; f__Clostridiaceae; g__Clostridium; s__butyricum	0.9481276411330652
6dfba429d25e8be4a21e3b4aeda75187	k__Bacteria; p__Proteobacteria; c__Alphaproteobacteria; o__Sphingomonadales; f__Sphingomonadaceae; g__Sphingomonas; s__	0.911782291734423
407f94569a941b2ab58ba388a1d8aad2	k__Bacteria; p__Proteobacteria; c__Gammaproteobacteria; o__Xanthomonadales; f__Xanthomonadaceae; g__Wohlfahrtiimonas; s__	0.9999997016465888
28480908a6892ac4a9c5d2cb9dec03ac	k__Bacteria; p__Firmicutes; c__Clostridia; o__Clostridiales	0.9999878104789691
2b21b11ab67303395f40e4faf837a5ca	k__Bacteria; p__Firmicutes; c__Clostridia; o__Clostridiales; f__Veillonellaceae; g__; s__	0.9986973727071266
ac6a457bb54ca17a4290f34badc69b2a	k__Bacteria; p__Proteobacteria; c__Alphaproteobacteria; o__Rhizobiales; f__Rhizobiaceae; g__Ensifer; s__adhaerens	0.7595144320548939
7d908897be98055139dda3998def252d	k__Bacteria; p__Bacteroidetes; c__Cytophagia; o__Cytophagales; f__Cytophagaceae; g__; s__	0.999984729806305
88172bea82029e875a10eb5f1c58c397	k__Bacteria; p__Bacteroidetes; c__Flavobacteriia; o__Flavobacteriales; f__Flavobacteriaceae; g__Flavobacterium	0.9999999422297672
41393945e3a56b1e5c291356620c1390	k__Bacteria; p__Proteobacteria; c__Alphaproteobacteria; o__Rhizobiales; f__Bradyrhizobiaceae; g__; s__	0.9468234948555146
de8a94a190c8c42f7d2bee5f245b477f	k__Bacteria; p__Proteobacteria; c__Alphaproteobacteria; o__Rhizobiales; f__Bradyrhizobiaceae; g__Balneimonas; s__	0.9999962099024404
308ed393ba6854076423f762da3dcc14	k__Bacteria; p__Firmicutes; c__Clostridia; o__Clostridiales; f__Lachnospiraceae; g__; s__	0.8813216357293965
cf6557369fb675a83e6611c64b6e1ab6	k__Bacteria; p__Actinobacteria; c__Actinobacteria; o__Actinomycetales; f__Nocardioidaceae; g__Aeromicrobium; s__	0.997352403608172
0ea507a942cdeb93480818e295b65878	k__Bacteria; p__Chloroflexi; c__Thermomicrobia; o__JG30-KF-CM45; f__; g__; s__	0.9999983634936488
21318144a6c11633237b3d3e520f515c	k__Bacteria; p__Proteobacteria; c__Betaproteobacteria; o__Burkholderiales; f__Comamonadaceae; g__; s__	0.9898746054877552
76915ebb122a5f409e4ade754ab5898d	k__Bacteria; p__Firmicutes; c__Clostridia; o__Clostridiales; f__Ruminococcaceae; g__; s__	0.9957411038985129
057b0e0ff52a24dbbe39abc93a376792	k__Bacteria; p__Proteobacteria; c__Alphaproteobacteria; o__Rhizobiales; f__Methylobacteriaceae; g__Methylobacterium; s__hispanicum	0.9106246951919288
ce75ba737d23934a8b0297bbb4b15d2c	k__Bacteria; p__Bacteroidetes; c__Bacteroidia; o__Bacteroidales; f__Porphyromonadaceae; g__Dysgonomonas; s__	0.9996694884685984
0cd3943b1c7156ee91a77c5978d5d6cc	k__Bacteria; p__Actinobacteria; c__Actinobacteria; o__Actinomycetales; f__Streptomycetaceae; g__Streptomyces; s__	0.7516032061361112
cf0a31fde9273903c6ab43d3702d4992	k__Bacteria; p__Actinobacteria; c__Coriobacteriia; o__Coriobacteriales; f__Coriobacteriaceae; g__Adlercreutzia; s__	0.8852122751353008
74f35b00115bdf04fb74fc3c46bbc3ad	k__Bacteria; p__Proteobacteria; c__Gammaproteobacteria; o__Enterobacteriales; f__Enterobacteriaceae	0.8232295036422521
38a089f7ed8a182d76ea42d635ced3cc	k__Bacteria; p__Actinobacteria; c__Coriobacteriia; o__Coriobacteriales; f__Coriobacteriaceae; g__; s__	0.9980312662483393
8b7097b1db5b6904bbec19856201e560	k__Bacteria; p__Firmicutes; c__Clostridia; o__Clostridiales; f__Lachnospiraceae	0.9845032695539598
abee9c52450e9f8fd69cdd9cae6ced47	k__Bacteria; p__Firmicutes; c__Clostridia; o__Clostridiales; f__Ruminococcaceae; g__; s__	0.7793473116954361
29a775a7d8438b475aa4f724a9575201	k__Bacteria; p__Firmicutes; c__Clostridia; o__Clostridiales; f__Ruminococcaceae; g__; s__	0.9563218001683808
0857a120e2cc5a7130c0a0af0fd29cec	k__Bacteria; p__Firmicutes; c__Clostridia; o__Clostridiales; f__; g__; s__	0.998986137757082
7619cfddadf5f2452a1f595a63d9a9e6	k__Bacteria; p__Firmicutes; c__Clostridia; o__Clostridiales; f__Ruminococcaceae; g__; s__	0.9606698135273272
92ef9ae808c071829d2c208e31f87a72	k__Bacteria; p__Tenericutes; c__Mollicutes; o__RF39; f__; g__; s__	0.9999999998070024
e05f07f53f32adce00a4239c626b6710	k__Bacteria; p__Firmicutes; c__Clostridia; o__Clostridiales; f__Ruminococcaceae; g__; s__	0.9539811733094665
94ab19399e830b60c52b5b5cc9ad9a7d	k__Bacteria; p__Firmicutes; c__Clostridia; o__Clostridiales; f__Lachnospiraceae; g__Blautia; s__	0.7895273051979534
9b2a9080cd7b9fbfe337ef3005d93500	k__Bacteria; p__Cyanobacteria; c__4C0d-2; o__YS2; f__; g__; s__	0.9999972253848578
b71e8d43b7b282b4dfb8ff05006d6d50	k__Bacteria; p__Firmicutes; c__Clostridia; o__Clostridiales; f__; g__; s__	0.9850704637717639
23e7b6f9b7ad90b1cddeaacdb60cf2cc	k__Bacteria; p__Lentisphaerae; c__[Lentisphaeria]; o__Victivallales; f__Victivallaceae; g__; s__	0.9999990315161398
b7891e980a0c5dbfc2b75c2d286e9fcc	k__Bacteria; p__Proteobacteria; c__Alphaproteobacteria; o__Rhodospirillales; f__Acetobacteraceae; g__Acetobacter; s__	0.8206343655452382
2d3b6e81f8322934a60e54c32e78669d	k__Bacteria; p__Bacteroidetes; c__[Saprospirae]; o__[Saprospirales]; f__Chitinophagaceae; g__; s__	0.9439187149316969
de59a68fec8075d98d28106e896631b8	k__Bacteria; p__Firmicutes; c__Bacilli; o__Bacillales; f__Bacillaceae; g__Bacillus; s__	0.9807700958143866
f67e5185e32f32962d4752eece234413	k__Bacteria; p__Firmicutes; c__Clostridia; o__Clostridiales; f__[Tissierellaceae]; g__1-68; s__	0.9999998470317425
8f0b446420bae899dfa3b0bcbe5f511f	k__Bacteria; p__Bacteroidetes; c__Cytophagia; o__Cytophagales; f__Cytophagaceae; g__Hymenobacter; s__	0.9999999999980247
e0f499196a64ace756cab52e1960860f	k__Bacteria; p__Firmicutes; c__Clostridia; o__Clostridiales; f__Peptostreptococcaceae; g__Peptostreptococcus; s__anaerobius	0.999144819542373
04b3b743a9deb74a94efe9c74b85801c	k__Bacteria; p__Bacteroidetes; c__Sphingobacteriia; o__Sphingobacteriales; f__Sphingobacteriaceae; g__Sphingobacterium; s__	0.9562881033114106
8cd51e6b8c91aa0e8d3297f8bee9f6d5	k__Bacteria; p__Firmicutes; c__Clostridia; o__Clostridiales; f__[Tissierellaceae]; g__Peptoniphilus; s__	0.9999999999999858
f9bdbe482a72351bc39db4eb3303b6f5	k__Bacteria; p__Proteobacteria; c__Betaproteobacteria; o__Burkholderiales; f__Comamonadaceae	0.9999928225513268
82649c14096e2475b1f9b4535ce6bdde	k__Bacteria; p__Actinobacteria; c__Actinobacteria; o__Actinomycetales; f__Williamsiaceae; g__Williamsia; s__	0.9976199037344311
869056b666d52082477ce7cb167480b8	k__Bacteria; p__Bacteroidetes; c__Flavobacteriia; o__Flavobacteriales; f__[Weeksellaceae]; g__Chryseobacterium; s__	0.9949259784094407
6147ecf3f2ca97b581e852e006c21e2f	k__Bacteria; p__Bacteroidetes; c__Flavobacteriia; o__Flavobacteriales; f__[Weeksellaceae]; g__Chryseobacterium; s__	0.9999696244674869
47dba276e505ff30f84e23e436f405ea	k__Bacteria; p__Actinobacteria; c__Actinobacteria; o__Actinomycetales; f__Intrasporangiaceae	0.9999977449375421
3803a6ef488503636ce6e41eb5e53725	k__Bacteria; p__Proteobacteria; c__Alphaproteobacteria; o__Rhodobacterales; f__Rhodobacteraceae; g__Paracoccus	0.8411595405833139
4b2d292fbfc1c445ff78412b15e18a85	k__Bacteria; p__Verrucomicrobia; c__[Spartobacteria]; o__[Chthoniobacterales]; f__[Chthoniobacteraceae]; g__Ellin506; s__	0.9976381965660951
ed5a0f07c63428fab892b4b076c0eadd	k__Bacteria; p__Actinobacteria; c__Actinobacteria; o__Actinomycetales; f__Beutenbergiaceae; g__Salana; s__multivorans	0.9986934294961908
becd22aaf03552c04089f94f12195ed9	k__Bacteria; p__Actinobacteria; c__Actinobacteria; o__Actinomycetales; f__Corynebacteriaceae; g__Corynebacterium; s__	0.9996480748329571
ff76416e6b7c867446368aa74900d6d9	k__Bacteria; p__Proteobacteria; c__Alphaproteobacteria; o__Rhizobiales; f__Beijerinckiaceae; g__; s__	0.9998654500048261
c851e71e660786b4cd67e10d3885c71a	k__Bacteria	0.9967212181008386
bee70e3577dacec360ebcc028ce3f60d	k__Bacteria; p__Proteobacteria; c__Gammaproteobacteria; o__Enterobacteriales; f__Enterobacteriaceae; g__Serratia; s__	0.9687741809652315
46d47a7bab3e145c4ba69f624b46de9c	k__Bacteria; p__Actinobacteria; c__Actinobacteria; o__Actinomycetales; f__Mycobacteriaceae; g__Mycobacterium	0.9999995273110175
84c52804ae21abd01f19d4335675b50b	k__Bacteria; p__; c__; o__; f__; g__; s__	0.9205389956080935
18004ad0f79681dea138c929e602f359	k__Bacteria; p__Firmicutes; c__Clostridia; o__Clostridiales; f__Ruminococcaceae; g__; s__	0.9764331276202238
6aac7d1ce1c76031f9a8bd6c62672cf8	k__Bacteria; p__Firmicutes; c__Clostridia; o__Clostridiales; f__; g__; s__	0.9972755144244693
a6addb4c3fb8310ca28185e7f29c6749	k__Bacteria; p__Planctomycetes; c__OM190; o__CL500-15; f__; g__; s__	0.9999999997590976
0cd7ce18a4fccf040515b0257edeae19	k__Bacteria; p__Firmicutes; c__Clostridia; o__Clostridiales; f__Lachnospiraceae; g__Coprococcus; s__	0.7305631469901293
443f37ceff569ccd8bd9dd0a549f08b2	k__Bacteria; p__Firmicutes; c__Clostridia; o__Clostridiales; f__Lachnospiraceae; g__Oribacterium; s__	0.9999999542387751
2ecc026a4d5399a472cac3bfb3483fab	k__Bacteria; p__[Thermi]; c__Deinococci; o__Deinococcales; f__Deinococcaceae; g__Deinococcus; s__	0.9999643310502396
3aad8041457259a85f39b53d1887c45d	k__Bacteria; p__Proteobacteria; c__Betaproteobacteria; o__Burkholderiales; f__; g__; s__	0.7602656467047378
a6c7f1fceb16abfbdab01db7c1d6aedb	k__Bacteria; p__Actinobacteria; c__Actinobacteria; o__Actinomycetales; f__Streptosporangiaceae; g__Streptosporangium; s__	0.995928357441239
22dc21357f5c8c4b976ae1d39c89d503	k__Bacteria; p__Firmicutes; c__Bacilli; o__Bacillales; f__Planococcaceae	0.9498619519529964
fca3a27e0fe28ae34652d1b9f7c59a5f	k__Bacteria; p__Firmicutes; c__Clostridia; o__Clostridiales; f__Clostridiaceae; g__Clostridium; s__	0.7928514339750564
91895c982a9a78819ea0f94597b9c882	k__Bacteria; p__Firmicutes; c__Clostridia; o__Clostridiales; f__Ruminococcaceae	0.9996654812113505
cc977196192bf36cc5025b05161dae2d	k__Bacteria; p__Tenericutes; c__Mollicutes; o__RF39; f__; g__; s__	0.9999999715445829
64278bcc7bb92cdb69317bf876fbe5fb	k__Bacteria; p__Tenericutes; c__Mollicutes; o__RF39; f__; g__; s__	0.9999999998821636
0cdfdc3a80625941384a963d910f83b5	k__Bacteria; p__Firmicutes; c__Clostridia; o__Clostridiales; f__Ruminococcaceae; g__; s__	0.9950859968945303
601864d42964b13d9e4d31c783785747	k__Bacteria; p__Firmicutes; c__Clostridia; o__Clostridiales; f__Clostridiaceae	0.8310583545470052
ccb4710b5c0e0af25adec0a16b5e5524	k__Bacteria; p__Firmicutes; c__Clostridia; o__Clostridiales; f__Lachnospiraceae; g__; s__	0.8530316360141668
849a4b49407d8ee9adb8a86bc407a8e4	k__Bacteria; p__Firmicutes; c__Bacilli; o__Bacillales; f__Bacillaceae; g__Anoxybacillus	0.8818570612735293
48b05c1bb883339f31b28779de9a03c9	k__Bacteria; p__Firmicutes; c__Clostridia; o__Clostridiales; f__; g__; s__	0.9989249263992256
9be7800d4ca575f427c3b40c71b33e75	k__Bacteria; p__Firmicutes; c__Clostridia; o__Clostridiales; f__Ruminococcaceae; g__; s__	0.997105094152889
d27e0ac6d4d88ac9641575d70716764f	k__Bacteria; p__Firmicutes; c__Clostridia; o__Clostridiales; f__; g__; s__	0.8626366191405139
135a59a2e5355135027b0304da9bde51	k__Bacteria; p__Tenericutes; c__Mollicutes; o__RF39; f__; g__; s__	0.9999999999775895
f3850b8786f5bc5944b55c309d20208d	k__Bacteria; p__Actinobacteria; c__Coriobacteriia; o__Coriobacteriales; f__Coriobacteriaceae; g__; s__	0.9960150381149704
5905432df3c2073c36fe536523df66dd	k__Bacteria; p__Firmicutes; c__Clostridia; o__Clostridiales; f__Lachnospiraceae	0.9923687802711165
dd67e87b3788a6ce519688724e97aa9b	k__Bacteria; p__Firmicutes; c__Clostridia; o__Clostridiales; f__Ruminococcaceae; g__; s__	0.9702977126717859
fe5b578e7b6c428b05d5b74dc5e5bfc5	k__Bacteria; p__Firmicutes; c__Clostridia; o__Clostridiales; f__Lachnospiraceae; g__; s__	0.839216012470058
a3af91ecca9770f1143f95445c5dc288	k__Bacteria; p__; c__; o__; f__; g__; s__	0.8942677982975734
cabba40c632f41970742e3678d439be0	k__Bacteria; p__Firmicutes; c__Clostridia; o__Clostridiales; f__Ruminococcaceae; g__; s__	0.9979005341776477
b169c9be470b7140a11a84ef1905431e	k__Bacteria; p__Firmicutes; c__Clostridia; o__Clostridiales; f__Lachnospiraceae	0.9969004594173503
d153880820b8a1ff6de3a4d8042ac4b4	k__Bacteria; p__Tenericutes; c__Mollicutes; o__Anaeroplasmatales; f__Anaeroplasmataceae; g__Anaeroplasma; s__	0.9999783380319113
e818bae176c364e6f6a103ed517e0a2c	k__Bacteria; p__Lentisphaerae; c__[Lentisphaeria]; o__Victivallales; f__Victivallaceae; g__; s__	0.9999999995912248
5205c259862337532826cde9bb946de8	k__Bacteria; p__Planctomycetes; c__Planctomycetia; o__Gemmatales; f__Isosphaeraceae; g__; s__	0.9997582468231766
9033c8c37690ba45eabe72833440570a	k__Bacteria; p__Bacteroidetes; c__Cytophagia; o__Cytophagales; f__Cytophagaceae; g__Dyadobacter; s__	0.9999999999932356
691a3c4805f569e5bf7158ce137bd261	k__Bacteria; p__Proteobacteria; c__Alphaproteobacteria; o__Rhizobiales; f__Aurantimonadaceae; g__; s__	0.9420560764890381
4982afc4a1a950da1d90b5ea4e09e2a3	k__Bacteria; p__Proteobacteria; c__Alphaproteobacteria; o__Rhizobiales; f__Phyllobacteriaceae	0.9816350540325491
cfbfbc9d8f569068af1d7338d3631b72	k__Bacteria; p__Verrucomicrobia; c__[Spartobacteria]; o__[Chthoniobacterales]; f__[Chthoniobacteraceae]; g__DA101; s__	0.9999999924938692
d02ba444330b9f360c1617ff1d947e97	k__Bacteria; p__Actinobacteria; c__Actinobacteria; o__Actinomycetales; f__Gordoniaceae; g__Gordonia; s__	0.9999421225275316
cbaa25f404fee1f92d77bb47a3bf5f55	k__Bacteria; p__Proteobacteria; c__Gammaproteobacteria; o__Pseudomonadales; f__Moraxellaceae; g__Acinetobacter; s__	0.9319687919420994
8d825c912cc980bb06c113f9aaff6b4a	k__Bacteria; p__Firmicutes; c__Clostridia; o__; f__; g__; s__	0.9999995031044433
e5e1f1640d33923331c5a7c64513f314	k__Bacteria	0.991926188651412
65487f5f770b673b0aa5d0fe18615626	k__Bacteria; p__Acidobacteria; c__Acidobacteria-6; o__iii1-15; f__; g__; s__	0.9999412034601435
5eadcb8b2ddb809b9c5a5f339bd3f2d3	k__Bacteria; p__Proteobacteria; c__Alphaproteobacteria; o__Rhizobiales; f__; g__; s__	0.9952469393640605
953ad5f1b1aaffc7c7b3544b8d03a5f5	k__Bacteria; p__Proteobacteria; c__Alphaproteobacteria; o__Rhodospirillales; f__Acetobacteraceae; g__Gluconacetobacter	0.8271287281502423
d1f951a7a0b8f19758401442c1531fb8	k__Bacteria; p__Actinobacteria; c__Actinobacteria; o__Actinomycetales; f__Micrococcaceae; g__Rothia; s__dentocariosa	0.9998552546874059
5de3c24fed3dacad4c4c20e5e2fa523f	k__Bacteria; p__Proteobacteria; c__Betaproteobacteria; o__Burkholderiales; f__Comamonadaceae	0.9997899665273922
1c57523ecf84427497d459744afcf9ad	k__Bacteria; p__Bacteroidetes; c__Flavobacteriia; o__Flavobacteriales; f__[Weeksellaceae]; g__Chryseobacterium; s__	0.9999977390998659
8477d2f04e8ed02e316860851d2618f1	k__Bacteria; p__Acidobacteria; c__Acidobacteriia; o__Acidobacteriales; f__Acidobacteriaceae	0.9979968891790703
bac3f231ff4ce1b062e8cda025fd906a	k__Bacteria; p__Proteobacteria; c__Alphaproteobacteria; o__Rhodospirillales; f__Acetobacteraceae; g__Gluconobacter; s__	0.9938356905116159
565554ce92a05eb1ded44800934f650e	k__Bacteria; p__Firmicutes; c__Clostridia; o__Clostridiales; f__Ruminococcaceae; g__; s__	0.9820432724749245
1531bc95b8065b766c22e97679b8e56e	k__Bacteria; p__Firmicutes; c__Erysipelotrichi; o__Erysipelotrichales; f__Erysipelotrichaceae; g__Erysipelothrix; s__	0.9999998184404881
289a442536f4bfc678403957af0cc2d2	k__Bacteria; p__Actinobacteria; c__Actinobacteria; o__Actinomycetales; f__Nocardioidaceae; g__Nocardioides; s__	0.8960527013479324
1f3fa3b9e99469cc6ee741099ee1b9dc	k__Bacteria; p__Actinobacteria; c__Acidimicrobiia; o__Acidimicrobiales; f__; g__; s__	0.9998166950934522
1025b80f8f805b0be3e5f6334406b89f	k__Bacteria; p__Bacteroidetes; c__Sphingobacteriia; o__Sphingobacteriales; f__Sphingobacteriaceae; g__Sphingobacterium; s__faecium	0.9999999999877076
1c1b7a1599b8a4031d89684f82a7452b	k__Bacteria; p__Proteobacteria; c__Gammaproteobacteria; o__Xanthomonadales; f__Xanthomonadaceae	0.9999999969831513
453b460255e30abf69511a8124c96df9	k__Bacteria; p__Chloroflexi; c__Ellin6529; o__; f__; g__; s__	0.9999999996827
5bbdda071f4bb9c6cfd3599fd29413fd	k__Bacteria; p__Proteobacteria; c__Betaproteobacteria; o__Burkholderiales; f__Comamonadaceae	0.9999948535736267
ccd091a5b50f5eb4b9242b0c59458d5c	k__Bacteria; p__Chloroflexi; c__Thermomicrobia; o__JG30-KF-CM45; f__; g__; s__	0.9999993220871655
1a26706397731cfadd488dff2a78c002	k__Bacteria; p__Firmicutes; c__Bacilli; o__Lactobacillales; f__Enterococcaceae; g__Vagococcus; s__	0.9699564726126776
d284ecc00d69c252141960fc30bacb35	k__Bacteria; p__Firmicutes; c__Clostridia; o__Clostridiales; f__Lachnospiraceae; g__Blautia; s__	0.9995608687909824
90e12e05cae0706509787706c9251932	k__Bacteria; p__Firmicutes; c__Clostridia; o__Clostridiales	0.9999994796320791
67b8c2587a781cbdf7c02fb262937736	k__Bacteria; p__Firmicutes; c__Clostridia; o__Clostridiales	0.8055342556002482
3af3139cb781bd2d501a5aff0710cfd1	k__Bacteria; p__Bacteroidetes; c__Bacteroidia; o__Bacteroidales; f__Bacteroidaceae; g__5-7N15; s__	0.999999999585782
cada25874f717062e2891767bf1a952c	k__Bacteria; p__Firmicutes; c__Clostridia; o__Clostridiales; f__Ruminococcaceae; g__Oscillospira; s__	0.9968079305234737
3e295bb53262e0954a240f2659aaf1e0	k__Bacteria; p__Firmicutes; c__Clostridia; o__Clostridiales; f__Lachnospiraceae; g__; s__	0.8062266989580517
bf6752ec40a7af448cdbf966339a57d1	k__Bacteria; p__Firmicutes; c__Clostridia; o__Clostridiales; f__; g__; s__	0.9999683935784806
3c1a21de8a5b89850f53ec6caa19a2d8	k__Bacteria	0.9999999876766102
9f8ba6141342c223e8027d2bcc173e58	k__Bacteria; p__Firmicutes; c__Erysipelotrichi; o__Erysipelotrichales; f__Erysipelotrichaceae; g__; s__	0.9999902366594128
3a9b92bbc06c9c8c1f7beae938f0a7a6	k__Bacteria; p__Firmicutes; c__Clostridia; o__Clostridiales; f__Ruminococcaceae; g__Clostridium	0.7584079285829176
a80b0638005be7d817ca15703b8fffa2	k__Bacteria; p__Bacteroidetes; c__Sphingobacteriia; o__Sphingobacteriales; f__Sphingobacteriaceae; g__; s__	0.9991102362490812
cbbda723e02536724b80fee5f1d6ab7b	k__Bacteria; p__Proteobacteria; c__Alphaproteobacteria; o__Rhodospirillales; f__Acetobacteraceae; g__Roseomonas	0.9602802997555355
8dd1b2ce414deda2e5f9d0133fbf2c0c	k__Bacteria; p__Proteobacteria; c__Alphaproteobacteria; o__Sphingomonadales; f__Sphingomonadaceae; g__Sphingomonas; s__	0.8429133495017069
704f509e011a39e2a3b28afb451e0c7b	k__Bacteria; p__Proteobacteria; c__Betaproteobacteria; o__Burkholderiales; f__Oxalobacteraceae; g__Massilia; s__haematophila	0.7786471486150139
8ffe2f82d7bff9cf83b739fa46f448dd	k__Bacteria; p__Actinobacteria; c__Actinobacteria; o__Actinomycetales; f__Microbacteriaceae	0.9999915938138552
36049b911d13f28700ba5fda467d4524	k__Bacteria; p__Planctomycetes; c__Planctomycetia; o__Gemmatales; f__Isosphaeraceae; g__; s__	0.9999241468311151
bf5c3afe38b5c366813312d1df1042af	k__Bacteria; p__Firmicutes; c__Bacilli; o__Lactobacillales; f__Enterococcaceae; g__Vagococcus; s__	0.9988350216264495
8470b02116f28f21e7122699eabb1d79	k__Bacteria; p__Firmicutes; c__Clostridia; o__Clostridiales; f__Ruminococcaceae; g__; s__	0.8719975659460742
9c3c532778d1600a47b31c3569797580	k__Bacteria; p__Proteobacteria; c__Alphaproteobacteria; o__Rhizobiales; f__Hyphomicrobiaceae; g__Rhodoplanes; s__	0.9949170626448692
9b5f66d37833fbc1bf87c97ad923c0cc	k__Bacteria; p__Proteobacteria; c__Alphaproteobacteria; o__Rhodospirillales; f__Acetobacteraceae; g__Ameyamaea; s__chiangmaiensis	0.7443765927353658
abc744d04272e86ea2ec4aa08cff0edc	k__Bacteria; p__Firmicutes; c__Bacilli; o__Bacillales; f__Bacillaceae; g__Bacillus; s__marisflavi	0.9313331777027416
aed0cf3dfff79e650675aba68b856e95	k__Bacteria; p__Proteobacteria; c__Alphaproteobacteria; o__Sphingomonadales; f__Sphingomonadaceae; g__Novosphingobium; s__	0.9743349546609165
74fffe24e78f8117ea4ff704a2cd24fe	k__Bacteria; p__Actinobacteria; c__Thermoleophilia; o__Solirubrobacterales; f__Patulibacteraceae; g__Patulibacter; s__	0.9999999990339603
fb4b9cb1fce7cf85169cc9dd5176f47d	k__Bacteria; p__Proteobacteria; c__Betaproteobacteria; o__Burkholderiales; f__Oxalobacteraceae; g__Massilia	0.9933257413873253
112b4d14199942b356de61cad58a5f9a	k__Bacteria; p__Actinobacteria; c__Actinobacteria; o__Actinomycetales; f__Nocardioidaceae; g__; s__	0.9887552143523729
b38dd8fa2001874559f5c2a0b5f50157	k__Bacteria; p__Actinobacteria; c__Actinobacteria; o__Actinomycetales; f__Geodermatophilaceae; g__; s__	0.9633517889010073
f3f350b4a7ca5d6cdcde649cf0d6ed55	k__Bacteria; p__Proteobacteria; c__Alphaproteobacteria; o__Rhodospirillales; f__Acetobacteraceae; g__Acetobacter; s__	0.8775380377127299
215998f2d76f7c915a0ea88fb6adce06	k__Bacteria; p__Firmicutes; c__Clostridia; o__Clostridiales; f__; g__; s__	0.9417628191171484
8df671a3d868c0b9097dc4898b361614	k__Bacteria; p__Actinobacteria; c__Coriobacteriia; o__Coriobacteriales; f__Coriobacteriaceae; g__Adlercreutzia; s__	0.8936870273132669
afdfb91b57945a48b2b00b26f7d9fade	k__Bacteria; p__Proteobacteria; c__Alphaproteobacteria; o__Sphingomonadales; f__Erythrobacteraceae; g__Erythromicrobium; s__	0.7681663528770987
ad44109689e5063a5fa6645e9c513da6	k__Bacteria; p__Actinobacteria; c__Actinobacteria; o__Actinomycetales; f__Mycobacteriaceae; g__Mycobacterium; s__celatum	0.9997380685945267
78597cd6ac77f911f7689174928133b3	k__Bacteria; p__Firmicutes; c__Clostridia; o__Clostridiales; f__Veillonellaceae; g__Veillonella; s__parvula	0.9100782522444593
46ddb126353d43470eb138159b2d25d8	k__Bacteria; p__Bacteroidetes; c__Flavobacteriia; o__Flavobacteriales; f__Flavobacteriaceae; g__Myroides; s__odoratimimus	0.9999763473498026
0bc41f58159f4feee0c6ee7a19565446	k__Bacteria; p__Actinobacteria; c__Actinobacteria; o__Actinomycetales; f__Nocardiaceae; g__; s__	0.9997110558418767
129fa854d32caba9357c41b3441f3709	k__Bacteria; p__Firmicutes; c__Clostridia; o__Clostridiales; f__Lachnospiraceae; g__Blautia; s__	0.9844786010357969
1788995aa0cf876a3a2ed603785abdd0	k__Bacteria; p__Firmicutes; c__Clostridia; o__Clostridiales; f__; g__; s__	0.9483184998673005
4ef4c209ce15ad3386af86cff78abb15	k__Bacteria; p__Actinobacteria; c__Coriobacteriia; o__Coriobacteriales; f__Coriobacteriaceae; g__; s__	0.9998910328530417
a6c7d278bc26781238c637409c85c760	k__Bacteria; p__Actinobacteria; c__Actinobacteria; o__Actinomycetales	0.9999993178136447
2a1fe40ba76bdf77fa3b533e0d4b6552	k__Bacteria; p__Firmicutes; c__Clostridia; o__Clostridiales; f__Ruminococcaceae; g__; s__	0.7524693974335845
bed7e52ebe2d31e6ccc54c00faef7809	k__Bacteria; p__Firmicutes; c__Clostridia; o__Clostridiales; f__; g__; s__	0.9576531153674559
fc206abfd8e7c674ba37fd27eca0a4e0	k__Bacteria; p__Firmicutes; c__Clostridia; o__Clostridiales; f__; g__; s__	0.9454531447107752
bf46685ab58632cc25292ba43ae0ad6a	k__Bacteria; p__Tenericutes; c__Mollicutes; o__RF39; f__; g__; s__	0.9999999990069597
db133ec19a6d3afaddcfdee2be6a048e	k__Bacteria; p__Firmicutes; c__Clostridia; o__Clostridiales; f__Ruminococcaceae; g__; s__	0.9986188842359953
2c2fb9bc67ba4868c72dbe56244a51b8	k__Bacteria; p__Firmicutes; c__Clostridia; o__Clostridiales; f__Ruminococcaceae; g__; s__	0.9992617742207728
b64b35c4b074c9f6e9d96468f0138a88	k__Bacteria; p__Firmicutes; c__Clostridia; o__Clostridiales; f__Lachnospiraceae	0.7037822738426361
0b8926a48a3ba5e09f93333175aa6424	k__Bacteria; p__Firmicutes; c__Clostridia; o__Clostridiales; f__; g__; s__	0.9930719802024233
b04c2bcdfde81c78e1674ae6b81bf6b3	k__Bacteria; p__Firmicutes; c__Clostridia; o__Clostridiales; f__; g__; s__	0.9999005529761622
39cd549de616f9b41fbd76c57037a587	k__Bacteria; p__Firmicutes; c__Erysipelotrichi; o__Erysipelotrichales; f__Erysipelotrichaceae; g__; s__	0.9999649722528293
9bcfe3973553c13eb4bb72c0faf268cd	k__Bacteria; p__Tenericutes; c__Mollicutes; o__RF39; f__; g__; s__	0.9999999999687503
a713ec28a15899103ba459beac915e68	k__Bacteria; p__Firmicutes; c__Clostridia; o__Clostridiales; f__Lachnospiraceae	0.8711599825153982
4fd6b55f9865f2fd2449e14747767a2b	k__Bacteria; p__Proteobacteria; c__Betaproteobacteria; o__Neisseriales; f__Neisseriaceae; g__; s__	0.9999999592178036
4e1ee1035c038f0d7de95277b1acb957	k__Bacteria; p__Proteobacteria; c__Gammaproteobacteria; o__Alteromonadales; f__Alteromonadaceae; g__Cellvibrio; s__	0.9321484949337367
b506ca0012c5312e8bfbd0d14a87a9d7	k__Bacteria; p__Planctomycetes; c__Planctomycetia; o__Gemmatales; f__Isosphaeraceae; g__Singulisphaera; s__	0.9999992047897059
e616d9523ad3d493d13e9589a51dfe7e	k__Bacteria; p__Firmicutes; c__Bacilli; o__Bacillales; f__Staphylococcaceae; g__Staphylococcus; s__sciuri	0.9911881404991879
b1adfb44f32124a83ee3a0210b8e4d65	k__Bacteria; p__Bacteroidetes; c__Bacteroidia; o__Bacteroidales; f__Porphyromonadaceae; g__Dysgonomonas; s__	0.9999977052607715
faccc8e2dfa5a1076f0bebfcf6b58b17	k__Archaea; p__Euryarchaeota; c__Methanobacteria; o__Methanobacteriales; f__Methanobacteriaceae; g__Methanobrevibacter; s__	0.9999999926517233
9a930ba3aa68ece3acf79bc1c1a08bd1	k__Bacteria; p__Firmicutes; c__Clostridia; o__Clostridiales; f__Clostridiaceae; g__; s__	0.9976905634820067
da2d1b7e5c80bf87b250388e5dd8adf9	k__Bacteria; p__Actinobacteria; c__Actinobacteria; o__Actinomycetales; f__Pseudonocardiaceae; g__Actinomycetospora; s__	0.9997015173753945
58506e1f2fc9cb6bcf016e50c6ac3e37	k__Bacteria; p__Proteobacteria; c__Alphaproteobacteria; o__Sphingomonadales; f__Sphingomonadaceae; g__Novosphingobium; s__	0.9395979268664367
8fc71e48d4c97862ac021386ce161a0e	k__Bacteria; p__Cyanobacteria; c__Chloroplast; o__Streptophyta; f__; g__; s__	0.9999999996779252
9d44c655b35cc425589a6a2ad962c7f7	k__Bacteria; p__Firmicutes; c__Clostridia; o__Clostridiales; f__Peptostreptococcaceae; g__[Clostridium]; s__bifermentans	0.9587870454548408
27f69f9117d158b5ca889734def56001	k__Bacteria; p__Firmicutes; c__Clostridia; o__Clostridiales; f__[Tissierellaceae]; g__Anaerococcus; s__	1.0
a2d0dcb9a24fcb155b711846afb155ce	k__Bacteria; p__Proteobacteria; c__Alphaproteobacteria; o__Rhizobiales; f__Brucellaceae; g__Ochrobactrum	0.8105988323710864
65b087ca8d34c144e8779df25467f960	k__Bacteria; p__Firmicutes; c__Bacilli; o__Lactobacillales; f__Enterococcaceae; g__Vagococcus; s__	0.9969624822861194
06430a13c5e9efa1ad95865c1473027d	k__Bacteria; p__Bacteroidetes; c__Bacteroidia; o__Bacteroidales; f__[Paraprevotellaceae]; g__[Prevotella]; s__tannerae	1.0
9bff44e56144fdc9cfa1e7b5196d966c	k__Bacteria; p__Proteobacteria; c__Alphaproteobacteria; o__Sphingomonadales; f__Sphingomonadaceae; g__Sphingomonas	0.9870380236976192
9885af99379ad0cd6ea2668f38268d76	k__Bacteria; p__Proteobacteria; c__Alphaproteobacteria; o__Rhodospirillales; f__Acetobacteraceae; g__Roseomonas; s__ludipueritiae	0.9434295412311677
5c1c9dd56cfc1d48ef58858ac9de6555	k__Bacteria; p__Bacteroidetes; c__Sphingobacteriia; o__Sphingobacteriales; f__Sphingobacteriaceae; g__Pedobacter; s__	0.9972397896821216
d0c7abba7dcd0be2d3f10b37498e0b7f	k__Bacteria; p__Actinobacteria; c__Actinobacteria; o__Actinomycetales; f__Corynebacteriaceae; g__Corynebacterium; s__	0.9998703694874499
47a4af119c18ee7640e5cdead20501fd	k__Archaea; p__Crenarchaeota; c__Thaumarchaeota; o__Nitrososphaerales; f__Nitrososphaeraceae; g__Candidatus Nitrososphaera; s__SCA1145	0.8205047891200732
b384e4f10b67b75abe8c243de9cf888c	k__Bacteria; p__Firmicutes; c__Clostridia; o__OPB54; f__; g__; s__	0.9983591836789201
8fced9933c346b12653c14b8f86fcf8a	k__Bacteria	0.9008923330205381
fa05e3102f2205d4bcb4160feca96d3b	k__Bacteria; p__Cyanobacteria; c__4C0d-2; o__YS2; f__; g__; s__	0.9999999999990052
1d151364c092de8779e1aa34cd300416	k__Bacteria; p__Firmicutes; c__Clostridia; o__Clostridiales; f__; g__; s__	0.999557048202981
15a749c12e0d5c47fa1dd6951b6436f9	k__Bacteria; p__Proteobacteria; c__Gammaproteobacteria; o__Vibrionales; f__Vibrionaceae; g__Aliivibrio	0.7776190392173568
6830a584345f7a722a32e3d25d460a92	k__Bacteria; p__Proteobacteria; c__Gammaproteobacteria; o__Xanthomonadales; f__Xanthomonadaceae; g__Pseudoxanthomonas; s__	0.9900984198103482
b0fa98276101aad5e62eb6d9b741286d	k__Bacteria; p__Firmicutes; c__Bacilli; o__Bacillales; f__Planococcaceae; g__Planomicrobium; s__	0.8970576957896947
ddadf9b358eb914ffec794b375396498	k__Bacteria; p__Proteobacteria; c__Betaproteobacteria; o__Burkholderiales; f__Comamonadaceae; g__; s__	0.9854346382191577
d2944117bca014f2684cceb697d42dfa	k__Bacteria; p__Firmicutes; c__Clostridia; o__Clostridiales; f__Ruminococcaceae; g__; s__	0.9917271230336336
0ccc947cea7d1bab9625db856c28bdee	k__Bacteria; p__Firmicutes; c__Bacilli; o__Bacillales; f__Bacillaceae; g__Bacillus; s__firmus	0.9344926770308702
3516f2fc554df1eac780849bc1baa387	k__Bacteria; p__Proteobacteria; c__Alphaproteobacteria; o__RF32; f__; g__; s__	0.9959228245522366
f146c0ab4120687c62c2f557ebcff779	k__Bacteria; p__Planctomycetes; c__Planctomycetia; o__Gemmatales; f__Isosphaeraceae; g__; s__	0.9999976885817002
16c9b688beda78e6dd5175974ebb5579	k__Bacteria; p__Actinobacteria; c__Actinobacteria; o__Actinomycetales; f__Nocardioidaceae	0.9999999865976439
52ef39c811fd824ad75d638f8cf436fa	k__Bacteria; p__Actinobacteria; c__Actinobacteria; o__Actinomycetales; f__Williamsiaceae; g__Williamsia	0.9999740031528319
bd647c0762db2db88e7e8080bfc5abf5	k__Bacteria; p__Proteobacteria; c__Gammaproteobacteria; o__Xanthomonadales; f__Xanthomonadaceae; g__Lysobacter; s__	0.9990019231968279
b255a659b09f85bfe378e4b0f9eee755	k__Bacteria; p__Actinobacteria; c__Actinobacteria; o__Actinomycetales; f__Mycobacteriaceae; g__Mycobacterium; s__	0.9887389462669556
db002b3618fb3b9a497fa1e6b6dec9e3	k__Bacteria; p__Bacteroidetes; c__Sphingobacteriia; o__Sphingobacteriales; f__Sphingobacteriaceae; g__Pedobacter; s__	0.999871542319344
58362e435ddbca8428a989eac3c18003	k__Bacteria; p__Actinobacteria; c__Actinobacteria; o__Actinomycetales; f__Nocardiaceae; g__Rhodococcus; s__fascians	0.999969811770174
16571dd8d29f64b4a70f58da22a74407	k__Bacteria; p__Proteobacteria; c__Betaproteobacteria; o__Burkholderiales; f__Comamonadaceae; g__Acidovorax	0.797190827811859
9fdd9017eb6b79effd0518e3d5298854	k__Bacteria; p__Bacteroidetes; c__Sphingobacteriia; o__Sphingobacteriales; f__Sphingobacteriaceae; g__Pedobacter; s__	0.9998344243089141
d1f7afb683c5b70fe29c7f828db2b579	k__Bacteria; p__Proteobacteria; c__Deltaproteobacteria; o__Myxococcales; f__Cystobacterineae; g__; s__	0.9974391418369821
5611c8ad03748f8d9c164ffcab227aaa	k__Bacteria; p__Bacteroidetes; c__Bacteroidia; o__Bacteroidales; f__Porphyromonadaceae; g__Dysgonomonas; s__	0.9995856394516696
49171dc93b5d7281c2ae58cbce8a2ac0	k__Bacteria; p__Firmicutes; c__Clostridia; o__Clostridiales; f__Ruminococcaceae; g__; s__	0.9991953900344107
00920ee314bc6239a8fbaa8d8e4c3bea	k__Bacteria; p__Firmicutes; c__Clostridia; o__Clostridiales; f__Christensenellaceae; g__; s__	0.9993710399002974
ee828151d44a8601c1e6504c52c1667b	k__Bacteria; p__Firmicutes; c__Clostridia; o__Clostridiales; f__Ruminococcaceae; g__; s__	0.7308697331245044
4e3bde99e95f503f58f8f8463437741a	k__Bacteria; p__Firmicutes; c__Clostridia; o__Clostridiales; f__Ruminococcaceae; g__; s__	0.9998722734338712
80b764259e1df7ddbe3a88c5b2b1a0bc	k__Bacteria; p__Firmicutes; c__Clostridia; o__Clostridiales; f__Ruminococcaceae; g__; s__	0.9997736050337662
cd31668e2ce05e037a3536c5e034e083	k__Bacteria; p__Firmicutes; c__Clostridia; o__Clostridiales	0.9999509954976215
a8155d0049c5769ff26123a7f3782f08	k__Bacteria; p__Firmicutes; c__Erysipelotrichi; o__Erysipelotrichales; f__Erysipelotrichaceae; g__RFN20; s__	0.9883664252991567
ffd6a6c6af263fd110a7bcb28070bd04	k__Bacteria; p__Firmicutes; c__Clostridia; o__Clostridiales; f__Ruminococcaceae; g__Oscillospira; s__	0.9986392276775169
66ff303530b0c02974eb9c6223f3b98f	k__Bacteria; p__Firmicutes; c__Clostridia; o__Clostridiales; f__Ruminococcaceae; g__; s__	0.9987560894214447
7ef7d82571af66ed937452ae7f1afd71	k__Bacteria	0.9999999723587573
72d5d6ca0cb143a33a518c330ce5aa64	k__Bacteria; p__Firmicutes; c__Clostridia; o__Clostridiales; f__Ruminococcaceae; g__; s__	0.9955481501766533
bc251a69caa77a1a798cf10df3b2b024	k__Bacteria; p__Firmicutes; c__Clostridia; o__Clostridiales; f__; g__; s__	0.9999561573383409
48d958d345418fc11829b8f82870a6b6	k__Bacteria; p__Firmicutes; c__Clostridia; o__Clostridiales; f__Ruminococcaceae; g__; s__	0.9005566591915507
13fd13e56fa902943817548722180da4	k__Bacteria; p__Firmicutes; c__Clostridia; o__Clostridiales; f__; g__; s__	0.8209636549119649
cba222b43bee8ab785687761289680bc	k__Bacteria; p__Bacteroidetes; c__Sphingobacteriia; o__Sphingobacteriales; f__Sphingobacteriaceae; g__Sphingobacterium; s__multivorum	0.9999999980577883
48bd96b7f2e4c4ba3314c018b861d53e	k__Bacteria; p__Actinobacteria; c__Actinobacteria; o__Actinomycetales; f__Gordoniaceae; g__Gordonia; s__	0.9995478627521919
7a815845ba5281c6c8bb4d553d0d6838	k__Bacteria; p__Chloroflexi; c__Anaerolineae; o__SBR1031; f__A4b; g__; s__	0.7567384308056225
9ce74b86e76df5ec6f931936eeb2ba8a	k__Bacteria; p__[Thermi]; c__Deinococci; o__Deinococcales; f__Deinococcaceae; g__Deinococcus; s__	0.9994467827673751
13f38c61f503b001e9c2c684d848f376	k__Bacteria; p__Chloroflexi; c__Ellin6529; o__; f__; g__; s__	0.9999999999738804
ff17233509d278badee7378ffe579ac3	k__Bacteria; p__Proteobacteria; c__Alphaproteobacteria; o__Rhodobacterales; f__Rhodobacteraceae; g__Paracoccus; s__aminovorans	0.7071292648010713
86c0021ed15eb402922b719539006dbd	k__Bacteria; p__Bacteroidetes; c__Cytophagia; o__Cytophagales; f__Cytophagaceae; g__Spirosoma; s__	0.9999999999151186
b4bd255c9ff549661ade257972dc98e1	k__Bacteria; p__Actinobacteria; c__Actinobacteria; o__Actinomycetales; f__Mycobacteriaceae; g__Mycobacterium; s__	0.9925831674878335
ab7b028f0c8b201643553fc21e07fef9	k__Bacteria; p__Proteobacteria; c__Alphaproteobacteria; o__Rhizobiales; f__Rhizobiaceae; g__Kaistia; s__	0.9999017262354291
dec72c3952d7a27ec5cc30468c9a28ef	k__Bacteria; p__Bacteroidetes; c__Sphingobacteriia; o__Sphingobacteriales; f__Sphingobacteriaceae; g__; s__	0.9978277837026516
1c4f93166253f6091197d5f242889c2f	k__Bacteria	0.9331683417695785
f8b8de6d678826b8bce5a45b428d0374	k__Bacteria; p__Proteobacteria; c__Alphaproteobacteria; o__Rickettsiales; f__mitochondria; g__Malus; s__x domestica	0.7197892040106963
bda1632d096ca0d7a7b1271a3f5a765d	k__Bacteria; p__Firmicutes; c__Clostridia; o__Clostridiales; f__Christensenellaceae; g__; s__	0.9677062166842818
8b835a23f9cf57ce0534827aff1dc956	k__Bacteria; p__TM6; c__SJA-4; o__; f__; g__; s__	0.9999741593195558
e7eaf78a68c92f2d83285ec19552ff84	k__Bacteria; p__Firmicutes; c__Bacilli; o__Bacillales; f__Paenibacillaceae; g__Paenibacillus; s__	0.9986453074231858
8a0e746f205799978af64b3f97518a09	k__Bacteria; p__Proteobacteria; c__Alphaproteobacteria; o__Rhizobiales; f__Methylobacteriaceae; g__; s__	0.9969068102678147
b1ce7b3aff0755d8947efc4b03d41947	k__Bacteria; p__Actinobacteria; c__Actinobacteria; o__Actinomycetales; f__Gordoniaceae; g__Gordonia; s__	0.9999653233140182
81ba930b2ccb1d2fffe958b9f4911402	k__Bacteria; p__Bacteroidetes; c__Flavobacteriia; o__Flavobacteriales; f__[Weeksellaceae]; g__Chryseobacterium; s__	0.9999964238732554
00a99d147456f72102557d1382786ed1	k__Bacteria; p__Proteobacteria; c__Alphaproteobacteria; o__Rhizobiales; f__Methylobacteriaceae; g__; s__	0.9997658878822209
102567d7e828ff25f680b7505804f482	k__Bacteria; p__Firmicutes; c__Clostridia; o__Clostridiales; f__Lachnospiraceae	0.8012035188252502
f5a497d262a4ca54af44b22eeafcaefb	k__Bacteria; p__Bacteroidetes; c__Cytophagia; o__Cytophagales; f__Cyclobacteriaceae; g__Algoriphagus	0.9186164042099987
992213cd26ef492c6245323a8b2dc9fa	k__Bacteria; p__Firmicutes; c__Bacilli; o__Bacillales; f__Bacillaceae; g__Bacillus; s__badius	0.9993837536184468
603cbcac9f1f9f9f4386cdff61ac555f	k__Bacteria	0.9999999999865944
e0d7e19ec227dbf251797dda143e62f3	k__Bacteria; p__Actinobacteria; c__Actinobacteria; o__Actinomycetales; f__Corynebacteriaceae; g__Corynebacterium; s__stationis	0.7565837493872652
aa0269459a4b7f644882bae58fc1eaaf	k__Bacteria; p__Firmicutes; c__Bacilli; o__Bacillales; f__Paenibacillaceae; g__Paenibacillus; s__	0.9956010419069049
f384064153dad126b20c2b57c2094827	k__Bacteria; p__Verrucomicrobia; c__[Spartobacteria]; o__[Chthoniobacterales]; f__[Chthoniobacteraceae]; g__; s__	0.9999972793327521
64197b2da650be3e9e0027125925fe75	k__Bacteria; p__Proteobacteria; c__Alphaproteobacteria; o__Sphingomonadales; f__Sphingomonadaceae; g__Sphingomonas; s__wittichii	0.9654231007306286
acee664c4a6bd15438c9f63bb69fa0c9	k__Bacteria; p__Firmicutes; c__Bacilli; o__Bacillales; f__Bacillaceae; g__Bacillus; s__clausii	0.946551231021859
4fa15dfb55ee8d61e62d87e1cd8e8cb6	k__Bacteria; p__Proteobacteria; c__Gammaproteobacteria; o__Xanthomonadales; f__Xanthomonadaceae; g__Wohlfahrtiimonas; s__	0.9999999212486901
315cdf714c3a1c12ada228903bdea268	k__Bacteria; p__Proteobacteria; c__Alphaproteobacteria; o__Rhodospirillales; f__Acetobacteraceae; g__Acidocella; s__	0.9999954892430892
f0ace9632897352a5fe9c48a61d1e32b	k__Bacteria; p__Firmicutes; c__Clostridia; o__Clostridiales; f__Lachnospiraceae; g__Clostridium; s__saccharolyticum	0.7124249354532457
cff5def5631d7440d09d703894fbe702	k__Bacteria; p__Firmicutes; c__Bacilli; o__Bacillales; f__Bacillaceae; g__Bacillus; s__horti	0.9964753703102811
9e8d8db5170564f0801711f5596ee6d5	k__Bacteria; p__Firmicutes; c__Bacilli; o__Bacillales; f__Bacillaceae	0.8380629970763187
3770e6605e4500604f4d6f3acca88722	k__Bacteria; p__Bacteroidetes; c__Cytophagia; o__Cytophagales; f__Cytophagaceae; g__Hymenobacter; s__	0.9999999998394458
822a4ff3ac2f450a4a0c72d12164e9bf	k__Bacteria; p__Bacteroidetes; c__Bacteroidia; o__Bacteroidales; f__Porphyromonadaceae; g__Dysgonomonas; s__	0.9387794940507123
f7db4ec2e26bfe7e4a2c1de242c5c51e	k__Bacteria; p__Chloroflexi; c__S085; o__; f__; g__; s__	0.9997940118060586
5430b0f867785eefc5409f5e3e9c752b	k__Bacteria; p__Actinobacteria; c__Actinobacteria; o__Actinomycetales; f__Frankiaceae; g__Frankia; s__	0.9942141304281953
85beacd55d1809efe70c842649600ded	k__Bacteria; p__Bacteroidetes; c__Bacteroidia; o__Bacteroidales; f__Prevotellaceae; g__Prevotella; s__	0.9999921256838692
fbe8fc481e0a87dedb50ec1f3e86aea7	k__Bacteria; p__Firmicutes; c__Clostridia; o__Clostridiales; f__Lachnospiraceae; g__; s__	0.9073252979798165
f957d28e018774dfd9653a432e710633	k__Bacteria; p__Firmicutes; c__Clostridia; o__Clostridiales; f__Ruminococcaceae	0.9927126587838874
0e59b5ef58f2d7409905fd74a4b1da6d	k__Bacteria; p__Proteobacteria; c__Gammaproteobacteria; o__Xanthomonadales; f__Xanthomonadaceae; g__Xanthomonas; s__	0.9997877693379082
b5f5692a0cc6589e7e2e95c94420b18d	k__Bacteria; p__Proteobacteria; c__Alphaproteobacteria; o__Rhodospirillales; f__Acetobacteraceae; g__Gluconacetobacter; s__intermedius	0.9997338785977736
1286af21c40c8c8dfb207da40c416446	k__Bacteria; p__Firmicutes; c__Bacilli; o__Lactobacillales; f__Lactobacillaceae; g__Lactobacillus; s__salivarius	0.8586741206278287
4da6870031192ae401010be49833c4b8	k__Bacteria; p__Bacteroidetes; c__Sphingobacteriia; o__Sphingobacteriales; f__Sphingobacteriaceae; g__Sphingobacterium; s__	0.9965041349975915
5a5164a8fbf86e1943750f3c0e54013e	k__Bacteria; p__Proteobacteria; c__Alphaproteobacteria; o__Rhodobacterales; f__Rhodobacteraceae; g__Paracoccus; s__aminovorans	0.7745675983794558
6a123a8916b6819c36ebb7adbc07e84f	k__Bacteria; p__Actinobacteria; c__Actinobacteria; o__Actinomycetales; f__Gordoniaceae; g__Gordonia; s__	0.9993674397115654
2726421dc4ef0b8cec7df5fc76de9c53	k__Bacteria; p__Proteobacteria; c__Betaproteobacteria; o__Burkholderiales; f__Comamonadaceae	0.9997678465840771
9700168475f4805e489255e497148188	k__Bacteria; p__Firmicutes; c__Clostridia; o__Clostridiales; f__Lachnospiraceae; g__; s__	0.7686674520809714
b4ad37e611be702335881dfcd0618f55	k__Bacteria; p__Proteobacteria; c__Gammaproteobacteria; o__Chromatiales; f__Halothiobacillaceae; g__Thiofaba; s__	0.9999863769123305
df6e97a21ce4afd2cfeb5afb34b9f7ec	k__Bacteria; p__Actinobacteria; c__Actinobacteria; o__Actinomycetales; f__Corynebacteriaceae; g__Corynebacterium; s__	0.9193527748975721
8e51af35197893233208082b32d541f2	k__Bacteria; p__Actinobacteria; c__Actinobacteria; o__Actinomycetales; f__Cellulomonadaceae; g__Cellulomonas; s__	0.7540234361603754
e807291da170dca825e037b6b229bfd6	k__Bacteria; p__Bacteroidetes; c__Sphingobacteriia; o__Sphingobacteriales; f__Sphingobacteriaceae; g__Sphingobacterium; s__	0.9999998977913885
6a752306e1d4284f8d7c141d4359dbc2	k__Bacteria; p__Firmicutes; c__Clostridia; o__Clostridiales; f__Ruminococcaceae	0.7800049333732383
53c890439ab0b2a80d98a9d832667d8b	k__Bacteria; p__Firmicutes; c__Clostridia; o__Clostridiales; f__Ruminococcaceae; g__; s__	0.9985404004193255
86efd9a05f3bfbbc1e77687ae0e15479	k__Bacteria; p__Firmicutes; c__Clostridia; o__Clostridiales; f__Ruminococcaceae; g__Ruminococcus; s__	0.9975526266932193
eff7db952eab31f8e5f8239a756cf9a9	k__Bacteria; p__Firmicutes; c__Clostridia; o__Clostridiales; f__Christensenellaceae; g__; s__	0.9810997316107908
478ce818c9a590b3ff2244e6570c5439	k__Bacteria; p__Firmicutes; c__Clostridia; o__Clostridiales; f__Lachnospiraceae; g__; s__	0.909586479483051
4be03d97b23ed1ecb9c88b06179ce36d	k__Bacteria; p__Proteobacteria; c__Gammaproteobacteria; o__Pasteurellales; f__Pasteurellaceae; g__Actinobacillus	0.9939061586741311
7042bfbaba47deb8713c31d3c759debe	k__Bacteria; p__Firmicutes; c__Clostridia; o__Clostridiales; f__; g__; s__	0.999877386077006
3e44e5a2962b3fe33a7550df2d34241a	k__Bacteria; p__Firmicutes; c__Clostridia; o__Clostridiales; f__Ruminococcaceae; g__; s__	0.9989835342155093
f125f42364538aa1293b746e2305bb2f	k__Bacteria; p__Firmicutes; c__Clostridia; o__Clostridiales; f__Christensenellaceae; g__; s__	0.9898908609001681
81b32b43c0ab4fba5b85a5e800a80492	k__Bacteria; p__Firmicutes; c__Clostridia; o__Clostridiales; f__Lachnospiraceae; g__Dorea; s__	0.9099015556825469
5f54ecf3877c33ecbb7c2553f04a27f8	k__Bacteria; p__Firmicutes; c__Clostridia; o__Clostridiales; f__Lachnospiraceae; g__Anaerostipes; s__	0.9956163197708361
7786b6007a39e12984fd0c48feaf856e	k__Bacteria; p__Firmicutes; c__Clostridia; o__Clostridiales; f__Clostridiaceae; g__SMB53; s__	0.8486322011104032
71e434ff52de2c309451c59f29dc93f1	k__Bacteria; p__Proteobacteria; c__Gammaproteobacteria; o__Xanthomonadales; f__Xanthomonadaceae; g__Stenotrophomonas; s__retroflexus	0.9784086938477106
c2f606ec1c3508eb38eb91d357de88f4	k__Bacteria; p__Firmicutes; c__Bacilli; o__Lactobacillales; f__Streptococcaceae; g__Lactococcus; s__	0.9999976842761339
908e03444200f5aa788c7785c7a490f2	k__Bacteria; p__Firmicutes; c__Clostridia; o__Clostridiales; f__Veillonellaceae; g__Dialister; s__	0.999999491329676
e928115d109a859835ea0efea89d29f6	k__Bacteria; p__Firmicutes; c__Bacilli; o__Lactobacillales; f__Streptococcaceae; g__Streptococcus; s__	0.8202318110706143
6f4602080e6f08fce6bf0c5b83f245f5	k__Bacteria; p__Firmicutes; c__Clostridia; o__Clostridiales; f__Peptostreptococcaceae	0.9903498761581591
e55cd31e204986b8cc5fc95f395e0136	k__Bacteria; p__Firmicutes; c__Clostridia; o__Clostridiales; f__Peptococcaceae; g__Peptococcus; s__	0.9999999288349696
b6fbffc396ee51c2e75ea73c1fe1a56a	k__Bacteria; p__Bacteroidetes; c__Flavobacteriia; o__Flavobacteriales; f__Flavobacteriaceae; g__Flavobacterium; s__succinicans	0.9447145645086192
28523eae7a7ad5d34629a6bada416e43	k__Bacteria; p__Proteobacteria; c__Gammaproteobacteria; o__Legionellales; f__Legionellaceae; g__Legionella; s__	0.922768322515926
ff45ca199f4b1a98cefa40e63f981c7e	k__Bacteria; p__Actinobacteria; c__Thermoleophilia; o__Solirubrobacterales; f__; g__; s__	0.9999980889522888
4c3ccdb3406dee60f58cad4faa5522eb	k__Bacteria; p__Actinobacteria; c__Actinobacteria; o__Actinomycetales; f__; g__; s__	0.9723801578296379
188fe2b6f1eac27efc15783ea60b05e2	k__Bacteria; p__Proteobacteria; c__Gammaproteobacteria; o__Xanthomonadales; f__Xanthomonadaceae; g__Wohlfahrtiimonas; s__	0.9999999602285933
0ce9278d8d1afd98c6af3178b181290d	k__Bacteria; p__Proteobacteria; c__Betaproteobacteria; o__Burkholderiales; f__Burkholderiaceae; g__Burkholderia; s__glathei	0.9927290488935286
5c1d6a6439f22c1dec81de5509b5acce	k__Bacteria; p__Actinobacteria; c__Actinobacteria; o__Actinomycetales; f__Microbacteriaceae; g__Leucobacter; s__	0.9992668249984341
96bbd8d9c96d4b1a0adf6bd0a0deae4c	k__Bacteria; p__Planctomycetes; c__Planctomycetia; o__Gemmatales; f__Isosphaeraceae; g__; s__	0.9895427125123832
40bebcc0cbea8105b5c1da05dc9c93b5	k__Bacteria; p__Firmicutes; c__Clostridia; o__Clostridiales; f__Lachnospiraceae	0.9728590694565669
2907a442a5c02a5abdc8d2ee00f9c109	k__Bacteria; p__Firmicutes; c__Clostridia; o__Clostridiales; f__Lachnospiraceae; g__Clostridium; s__colinum	0.8903567436253955
4ee0c5a51dd3f59ffa924d1f122889eb	k__Bacteria; p__Actinobacteria; c__Actinobacteria; o__Actinomycetales; f__Nakamurellaceae; g__; s__	0.8788987775789839
f4da66f224aef60829a0cd1ddce53fae	k__Bacteria; p__Actinobacteria; c__Actinobacteria; o__Actinomycetales; f__Micromonosporaceae	0.9999811074743226
27c71968b0321e8ec8ddb61456dc20a7	k__Bacteria; p__Chloroflexi; c__TK10; o__B07_WMSP1; f__; g__; s__	0.7760713904612384
52a8291b227f2427afc6e5134d1e7d23	k__Bacteria; p__Proteobacteria; c__Alphaproteobacteria; o__Rhizobiales; f__Hyphomicrobiaceae; g__Devosia; s__	0.9983405904102067
80f8af942e2d9d4cc369ef43d256fba7	k__Bacteria; p__Actinobacteria; c__Actinobacteria; o__Actinomycetales; f__Nocardioidaceae; g__; s__	0.8182028617332846
178c751025ee23f64f7a3aeecf318dc6	k__Bacteria	0.9924792738030306
196cc389b77f47447306302bb2821ee1	k__Bacteria; p__Actinobacteria; c__Actinobacteria; o__Actinomycetales; f__Nocardioidaceae; g__; s__	0.8860190741512535
2ace61d80eb796399851f1bbe880126f	k__Bacteria; p__Firmicutes; c__Clostridia; o__Clostridiales; f__Lachnospiraceae; g__; s__	0.768803260173101
0c00eae95bb650d57f4ffd94376ddb2e	k__Bacteria; p__Bacteroidetes; c__[Saprospirae]; o__[Saprospirales]	0.8767055074300818
dd8a1518cb64c7d93e9baafb1c3e77fd	k__Bacteria; p__Firmicutes; c__Clostridia; o__Clostridiales; f__Ruminococcaceae; g__; s__	0.8832716677596802
a4431161388367c379b9a879542994b3	k__Bacteria; p__Firmicutes; c__Clostridia; o__Clostridiales; f__; g__; s__	0.9995673165332489
a65f67949c228287962ad72b980c7a90	k__Bacteria; p__Firmicutes; c__Clostridia; o__Clostridiales; f__Ruminococcaceae; g__; s__	0.9948760645684747
ccf1c4ed3af1278995d6a110eea4c793	k__Bacteria; p__Firmicutes; c__Clostridia; o__Clostridiales; f__Ruminococcaceae; g__; s__	0.9987576694278993
19949a1e8268706e3d998c5457347832	k__Bacteria; p__Actinobacteria; c__Actinobacteria; o__Actinomycetales; f__Microbacteriaceae; g__Leucobacter; s__	0.9995213213239401
7216f701848e2e1f1df5af99f5335e9e	k__Bacteria; p__Firmicutes; c__Clostridia; o__Clostridiales; f__Lachnospiraceae; g__Clostridium	0.9268296266346282
a0880029de1352ff65a0766f6357aff3	k__Bacteria; p__Proteobacteria; c__Alphaproteobacteria; o__Rhizobiales; f__Rhizobiaceae; g__Agrobacterium; s__	0.7073015212257742
a8b23574a536cc8c62fdf7c852598d85	k__Bacteria; p__Bacteroidetes; c__Bacteroidia; o__Bacteroidales; f__Porphyromonadaceae; g__Dysgonomonas; s__	0.999983459888976
9a0c641429a355a7a36b8dfa93c5f609	k__Bacteria; p__Proteobacteria; c__Alphaproteobacteria; o__Sphingomonadales; f__Sphingomonadaceae; g__Sphingomonas; s__	0.9140906431918407
5c46e9853fcfcb1a24e130d4407388ef	k__Bacteria; p__Bacteroidetes; c__Bacteroidia; o__Bacteroidales; f__Porphyromonadaceae; g__Dysgonomonas; s__	0.9999966426745684
92d957136f5e396391e92e6b03d0e9eb	k__Bacteria; p__Proteobacteria; c__Gammaproteobacteria; o__Pasteurellales; f__; g__; s__	0.9999999999617444
e2a04a83dea775e896f0314a451e6920	k__Bacteria; p__Verrucomicrobia; c__Verrucomicrobiae; o__Verrucomicrobiales; f__Verrucomicrobiaceae; g__Prosthecobacter; s__	0.9965132790709171
3cc2a95f59089fb4db5dc4184d3382ac	k__Bacteria; p__Firmicutes; c__Bacilli; o__Bacillales; f__Planococcaceae	0.9965661926351245
6eede2c6900d1b64fdaa98a069eb3b14	k__Bacteria; p__Actinobacteria; c__Thermoleophilia; o__Gaiellales; f__Gaiellaceae; g__; s__	0.9988766409377217
0293c0dbbb8d11eb6d49426b83552546	k__Bacteria	0.9700953764369967
f0d470dd48ba9e1668d7c3f62dc44621	k__Bacteria; p__Proteobacteria; c__Alphaproteobacteria; o__Caulobacterales; f__Caulobacteraceae; g__Caulobacter; s__	0.8793949058303779
cf42a62258f5b1caa00ee51fe1a77a00	k__Bacteria; p__Firmicutes; c__Bacilli; o__Bacillales; f__Bacillaceae	0.9774344162251288
089ad7343a2c99515c789a089df1bff0	k__Bacteria; p__Actinobacteria; c__Actinobacteria; o__Actinomycetales; f__Nocardioidaceae; g__Nocardioides; s__oleivorans	0.8136320358559846
03babcc06e7be4dfd58217020b9b5ce6	k__Bacteria; p__Firmicutes; c__Clostridia; o__Clostridiales; f__Lachnospiraceae	0.9946638375737296
9007659051968ae7a1efc5131bd77227	k__Bacteria; p__Firmicutes; c__Clostridia; o__Clostridiales; f__Ruminococcaceae	0.9339429856205587
970384d9bdf4671ac2282157a5b2bed6	k__Bacteria; p__Actinobacteria; c__Coriobacteriia; o__Coriobacteriales; f__Coriobacteriaceae; g__; s__	0.7325945659821944
f476119a4640f0ec6353475a0df0959e	k__Bacteria; p__Firmicutes; c__Clostridia; o__Clostridiales; f__Ruminococcaceae; g__; s__	0.9843091641334445
93d39396a697c6d159a71af7f5d14e49	k__Bacteria; p__Tenericutes; c__Mollicutes; o__RF39; f__; g__; s__	0.999999999735877
934973432b37054fe2be1e1cf3735b64	k__Bacteria; p__Firmicutes; c__Clostridia; o__Clostridiales; f__Dehalobacteriaceae; g__Dehalobacterium; s__	0.9983928111929958
a0d254f0ed20ab4dc8ed23f716cb73cd	k__Bacteria; p__Firmicutes; c__Clostridia; o__Clostridiales; f__Ruminococcaceae; g__; s__	0.9990198133831886
cd89d8d30787f03fc4028c180f201b09	k__Bacteria; p__Firmicutes; c__Clostridia; o__Clostridiales; f__Ruminococcaceae; g__; s__	0.9975500411945377
9dd3dfbcfbec3a3866bf1b76d32c06b5	k__Bacteria; p__Actinobacteria; c__Coriobacteriia; o__Coriobacteriales; f__Coriobacteriaceae; g__; s__	0.9893148324715222
e2aae9a1acc5af2fcab2e082ec1f8d07	k__Bacteria; p__Firmicutes; c__Clostridia; o__Clostridiales; f__Lachnospiraceae; g__Shuttleworthia; s__	0.7834643888264279
44c41780f74429bca171a890822cf9d2	k__Bacteria; p__Firmicutes; c__Clostridia; o__Clostridiales; f__Lachnospiraceae; g__; s__	0.9187161293358066
b1ca07dc555ace3bfe609843524702dd	k__Bacteria; p__Firmicutes; c__Clostridia; o__Clostridiales; f__; g__; s__	0.9844872955417768
39430776a1fa9d618a4eafbefa08c620	k__Bacteria; p__Lentisphaerae; c__[Lentisphaeria]; o__Victivallales; f__Victivallaceae; g__; s__	0.9955709783690907
18d25af05260f92d498d82f89b229738	k__Bacteria; p__Firmicutes; c__Clostridia; o__Clostridiales; f__; g__; s__	0.9974204184804958
5f66d442d7fe69a39da5abdaff1544f1	k__Bacteria; p__Firmicutes; c__Clostridia; o__Clostridiales; f__[Mogibacteriaceae]; g__; s__	0.9998388471897265
dbcdd1aace1e484be762e5bc5fed4128	k__Bacteria; p__Tenericutes; c__Mollicutes; o__Anaeroplasmatales; f__Anaeroplasmataceae; g__Anaeroplasma; s__	0.9999949579185381
44ddc8479e41aefbfe93cc6ad8c6f462	k__Bacteria; p__Actinobacteria; c__Thermoleophilia; o__Solirubrobacterales; f__Solirubrobacteraceae; g__; s__	0.8967629001563192
34f5b6a90b0ca96be3566d031f878119	k__Bacteria; p__Proteobacteria; c__Gammaproteobacteria; o__Oceanospirillales; f__Halomonadaceae	0.9583205683044143
6257c6c79d8e65634d9b1d2e97124bba	k__Bacteria; p__Bacteroidetes; c__Sphingobacteriia; o__Sphingobacteriales; f__Sphingobacteriaceae; g__Sphingobacterium; s__	0.9999999022371971
3fb8ea50491c76cd3966f8805274222c	k__Bacteria; p__Proteobacteria; c__Gammaproteobacteria; o__Enterobacteriales; f__Enterobacteriaceae; g__Proteus; s__	0.991637547717594
ee86cb2a3f13921e77c5439e156b1208	k__Bacteria; p__Proteobacteria; c__Alphaproteobacteria; o__Sphingomonadales; f__Sphingomonadaceae; g__Sphingomonas; s__	0.8331876004821331
6e018aa76bab505dbe45b9e7416eba68	k__Bacteria; p__Proteobacteria; c__Betaproteobacteria	0.9999766231673786
e28bceae2a0fbe45096d21f4a42545f7	k__Bacteria; p__Firmicutes; c__Bacilli; o__Bacillales; f__Paenibacillaceae; g__Paenibacillus; s__amylolyticus	0.9956869102960508
b7683e0427ca2682b8256049a80db1fe	k__Bacteria; p__Proteobacteria; c__Alphaproteobacteria; o__Rhizobiales; f__Methylobacteriaceae; g__; s__	0.8202998104417126
904fed730d75394154d2e9baf9a58733	k__Bacteria; p__Actinobacteria; c__Actinobacteria; o__Actinomycetales; f__Micromonosporaceae	0.9858647834045174
b3db6c5f8264e04d6b1c25eaa38083ad	k__Bacteria; p__Actinobacteria; c__Actinobacteria; o__Bifidobacteriales; f__Bifidobacteriaceae; g__Alloscardovia; s__	0.9999987361214153
013d3cae7333acd45ddb7022df430d9c	k__Bacteria; p__Planctomycetes; c__Planctomycetia; o__Gemmatales; f__Isosphaeraceae; g__; s__	0.999993617392993
18cc672398dab246f55792f21cce21b0	k__Bacteria; p__Firmicutes; c__Clostridia; o__Clostridiales; f__Lachnospiraceae; g__; s__	0.9661947545524847
bb8ca46e680bf28a07204efa6ee9fbe9	k__Bacteria; p__Chloroflexi; c__Thermomicrobia; o__JG30-KF-CM45; f__; g__; s__	0.9999999995976481
8fceca77cf3667df25a14d8db98a8b85	k__Bacteria; p__Proteobacteria; c__Alphaproteobacteria; o__Rickettsiales; f__Rickettsiaceae; g__Rickettsia; s__	0.9897001479231493
a4358d9a2e7afc609a0b2a3bb6945872	k__Bacteria; p__Proteobacteria; c__Betaproteobacteria; o__Burkholderiales; f__Alcaligenaceae; g__Bordetella; s__petrii	0.8705353349321996
a5af17b2c03b3d249277c5a14eac7315	k__Bacteria; p__Proteobacteria; c__Gammaproteobacteria; o__Pseudomonadales; f__Pseudomonadaceae; g__Pseudomonas; s__	0.8583411240888031
8c933733b0fc2b530025ef4b840fbdfd	k__Bacteria; p__Proteobacteria; c__Alphaproteobacteria; o__Rhodospirillales; f__Acetobacteraceae; g__Tanticharoenia; s__sakaeratensis	0.7495171270807365
bc3e78ba2fc2b0d35f13d7c9d24b1e47	k__Bacteria; p__Bacteroidetes; c__Bacteroidia; o__Bacteroidales; f__Porphyromonadaceae; g__Dysgonomonas; s__	0.9776305974698539
4cbc59dfed9c96addf81fa331ffdd559	k__Bacteria; p__Proteobacteria; c__Gammaproteobacteria; o__Oceanospirillales; f__Halomonadaceae	0.9818950103604115
4b9179fea0fd3cd24e44c79c2cd89cd1	k__Bacteria; p__Firmicutes; c__Clostridia; o__Clostridiales; f__Clostridiaceae; g__Clostridium; s__perfringens	0.9998417111966891
9f77aa1b64a45da1ca7951b53a76057d	k__Bacteria; p__Proteobacteria; c__Betaproteobacteria; o__Burkholderiales	0.9905213382567376
b395fb2602c7fc4a0146763faf3881b0	k__Bacteria; p__Proteobacteria; c__Alphaproteobacteria; o__Rickettsiales; f__Holosporaceae; g__; s__	0.9999999967531039
2c742fe1a2e78dfafd77095a3ffec040	k__Bacteria; p__Firmicutes; c__Clostridia; o__Clostridiales; f__Ruminococcaceae; g__Faecalibacterium; s__prausnitzii	0.9999663202521762
e1485a900dca88d4019a54de3d2eddfe	k__Bacteria; p__Firmicutes; c__Clostridia; o__Clostridiales; f__Lachnospiraceae	0.9676697843527752
e586f8c5ab573ee55177115ffe2bea9a	k__Bacteria; p__Proteobacteria; c__Alphaproteobacteria; o__Rhizobiales; f__Rhizobiaceae; g__Agrobacterium; s__vitis	0.9995085309479367
ef3f4be34a855fcc08711f3138995932	k__Bacteria; p__Firmicutes; c__Bacilli; o__Bacillales; f__Bacillaceae; g__Oceanobacillus; s__	0.8909618569709179
ce4e7cba518d39c68c906d39157c6d2d	k__Bacteria; p__Proteobacteria; c__Alphaproteobacteria; o__Rhizobiales; f__Methylobacteriaceae; g__; s__	0.9988502414662723
9abd5240ebffd6af79fdb348d06b657b	k__Bacteria; p__Proteobacteria; c__Gammaproteobacteria; o__Legionellales; f__Coxiellaceae; g__Rickettsiella; s__	0.9999999999992895
136ada1c56ee98aba5de075ce6a9df8a	k__Bacteria; p__Proteobacteria; c__Betaproteobacteria; o__Burkholderiales; f__Oxalobacteraceae	0.8110144189465259
d3c388062aa442cbe4849161fde68721	k__Archaea; p__Crenarchaeota; c__Thaumarchaeota; o__Nitrososphaerales; f__Nitrososphaeraceae; g__Candidatus Nitrososphaera; s__SCA1145	0.9838171577080247
a5465bf44b88cdffdd6f2fa82d13c6dd	k__Bacteria; p__Proteobacteria; c__Betaproteobacteria; o__Burkholderiales; f__Oxalobacteraceae; g__Massilia	0.7379903719669689
27b347ce578cf975add58fd5c0e48adb	k__Bacteria; p__Bacteroidetes; c__Flavobacteriia; o__Flavobacteriales; f__[Weeksellaceae]; g__Chryseobacterium; s__	0.9988198317435022
d3a22f6f744c072e7b994170a2b9d748	k__Bacteria; p__Proteobacteria; c__Betaproteobacteria; o__Burkholderiales; f__Burkholderiaceae; g__Burkholderia; s__andropogonis	0.9999388467498855
0a240a4691b456e407beb8e51b8eb22f	k__Bacteria; p__Actinobacteria; c__Acidimicrobiia; o__Acidimicrobiales; f__C111; g__; s__	0.9999997814354725
283ff553de8f53f44a0de7ebaf014404	k__Bacteria; p__Firmicutes; c__Clostridia; o__Clostridiales; f__Lachnospiraceae; g__; s__	0.9671585427786912
811a377f45bd79c5bce4b67b6804a296	k__Bacteria; p__Spirochaetes; c__Spirochaetes; o__Spirochaetales; f__Spirochaetaceae; g__Treponema; s__	0.9999999990509849
335d90d33a83753d2b4e1457c2ec58e5	k__Bacteria; p__SR1; c__; o__; f__; g__; s__	1.0
db4370d19f19a709b9581632d22fb0d1	k__Bacteria; p__Proteobacteria; c__Alphaproteobacteria; o__Rickettsiales; f__Rickettsiaceae; g__Rickettsia; s__Rickettsia endosymbiont of Deronectes platynotus	0.9868498341900817
2f2eedfd8e3bdc25f121cfebc2432d20	k__Bacteria; p__Firmicutes; c__Bacilli; o__Bacillales; f__Paenibacillaceae; g__Paenibacillus; s__	0.9822066304730025
343ffb5505931502ac3eced2e98f3591	k__Bacteria; p__Firmicutes; c__Bacilli; o__Bacillales; f__Bacillaceae; g__Bacillus; s__flexus	0.9908492114917912
17d05069166ebc99e984d3d6291f2cd8	k__Bacteria; p__Actinobacteria; c__Rubrobacteria; o__Rubrobacterales; f__Rubrobacteraceae; g__Rubrobacter; s__	0.9999999999996447
8e6d106fa4c9146de3367183b5be2f9a	k__Bacteria; p__Proteobacteria; c__Alphaproteobacteria; o__Caulobacterales; f__Caulobacteraceae; g__Brevundimonas; s__diminuta	0.999249250338274
52c8930bdbb03b0e522c3509a69ca9d5	k__Bacteria; p__Firmicutes; c__Bacilli; o__Bacillales; f__Paenibacillaceae; g__Paenibacillus; s__	0.9865332106742611
ea0ba9991610b27239dfc8b19cb85619	k__Bacteria; p__Proteobacteria; c__Gammaproteobacteria; o__Xanthomonadales; f__Xanthomonadaceae	0.9970542881612398
2fe835f504349eea0c54b5fe10b6c2a5	k__Bacteria; p__Firmicutes; c__Clostridia; o__Clostridiales; f__Clostridiaceae; g__Clostridium; s__bowmanii	0.9999817419739265
f8c29d7354b7ddb7349d0ff2c154181a	k__Bacteria; p__Cyanobacteria; c__4C0d-2; o__YS2; f__; g__; s__	0.9999999883131069
6091c321745d802a533a8bfaafa1a37a	k__Bacteria; p__Actinobacteria; c__Actinobacteria; o__Actinomycetales; f__Brevibacteriaceae; g__; s__	0.999848385107762
7310b1deb8d96b1d6176b713a472627a	k__Bacteria; p__Actinobacteria; c__Coriobacteriia; o__Coriobacteriales; f__Coriobacteriaceae; g__Slackia; s__	0.9999999948289684
166e449492b709399d23838d6ef74cc4	k__Bacteria; p__Actinobacteria; c__Thermoleophilia; o__Solirubrobacterales	0.9999999996790198
639c4e808c09738d01d9d9710e672044	k__Bacteria; p__Chloroflexi; c__Chloroflexi; o__Chloroflexales; f__FFCH7168; g__; s__	0.9999662294265047
178417778aaabd0e4afe7335a4753d70	k__Bacteria; p__Bacteroidetes; c__Bacteroidia; o__Bacteroidales; f__; g__; s__	0.9901346627023007
5ce92ac63e7dffb3c23e54e95da0ade8	k__Bacteria; p__Firmicutes; c__Bacilli; o__Bacillales; f__Paenibacillaceae; g__Paenibacillus; s__	0.9995135610193185
b2a3dde1cfe800667c90dbf8cbe28721	k__Bacteria; p__Proteobacteria; c__Betaproteobacteria; o__Burkholderiales; f__Comamonadaceae; g__Variovorax	0.7370671721345807
eb3299dbfc555e0d90e2f6caea2f9245	k__Bacteria; p__Bacteroidetes; c__Flavobacteriia; o__Flavobacteriales; f__Flavobacteriaceae	0.9999995632187342
d15e6f793b946d350b84e164e94508a5	k__Bacteria; p__Actinobacteria; c__Actinobacteria; o__Actinomycetales; f__Nocardiaceae; g__Rhodococcus; s__equi	0.8613128281235826
1eba34f0f9bae8ce027a71a64e2804e2	k__Bacteria; p__Proteobacteria; c__Deltaproteobacteria; o__Bdellovibrionales; f__Bdellovibrionaceae; g__Bdellovibrio; s__	0.9999999996018545
57e6ac95eedcfdebb9d5e0ba03bdb062	k__Bacteria; p__Actinobacteria; c__Coriobacteriia; o__Coriobacteriales; f__Coriobacteriaceae; g__Collinsella; s__aerofaciens	0.9810597933481134
2d55e569d0b43066b876298aba52fef1	k__Bacteria; p__Firmicutes; c__Clostridia; o__Clostridiales; f__Ruminococcaceae; g__; s__	0.9328430036822704
7b5e7d76a72f732b5a9f04163cfe2d63	k__Bacteria; p__Firmicutes; c__Clostridia; o__Clostridiales; f__Lachnospiraceae	0.9794179349116721
25227480c4cf4f7c1dc8d76e9faf6b37	k__Bacteria; p__Acidobacteria; c__Acidobacteriia; o__Acidobacteriales; f__Acidobacteriaceae; g__; s__	0.9986113342542913
5759deeb57e254b41bdabc299549223d	k__Bacteria; p__Firmicutes; c__Clostridia; o__Clostridiales	0.9999724103630963
36103824a7749c4b5ca3346e21989f17	k__Bacteria; p__Firmicutes; c__Clostridia; o__Clostridiales; f__Ruminococcaceae; g__; s__	0.9590864478369131
b96ca6927f6815bc6dd533d84b031048	k__Bacteria; p__Proteobacteria; c__Alphaproteobacteria	0.9903569294422748
f2831e6b69a756863645ddbac2d5fd0f	k__Bacteria; p__Firmicutes; c__Clostridia; o__Clostridiales; f__Christensenellaceae; g__; s__	0.744803445337881
04c2255a5408c47a0f3a497bcbc67459	k__Bacteria; p__Firmicutes; c__Clostridia; o__Clostridiales; f__Ruminococcaceae; g__; s__	0.7806313823552928
89d0a1eb8769750b85477aa06c74b412	k__Bacteria; p__Firmicutes; c__Clostridia; o__Clostridiales; f__; g__; s__	0.9768304317006287
27aa7e3cebd6ddf6a98f8b05a5a2cf98	k__Bacteria; p__TM7; c__TM7-3; o__CW040; f__F16; g__; s__	0.9999516786249044
967cf44b5e310f27e5b672c5c3fc7703	k__Bacteria; p__Firmicutes; c__Bacilli; o__Turicibacterales; f__Turicibacteraceae; g__Turicibacter; s__	0.9999970942288894
63c4a6dc93af1ea3e761c1a59d8ccbfd	k__Bacteria; p__Firmicutes; c__Clostridia; o__Clostridiales; f__Ruminococcaceae; g__; s__	0.9856834769193331
0ea8e7b41d8c067bab257a1d9924db15	k__Bacteria; p__Firmicutes; c__Erysipelotrichi; o__Erysipelotrichales; f__Erysipelotrichaceae; g__; s__	0.9146121265926785
8c01a4df1df76b6be83b23c73f1ca68c	k__Bacteria; p__Acidobacteria; c__Acidobacteria-6; o__iii1-15; f__; g__; s__	0.9999999705123206
078ab70aa94a191431c243669bb9ddaf	k__Bacteria; p__Verrucomicrobia; c__Verrucomicrobiae; o__Verrucomicrobiales; f__Verrucomicrobiaceae; g__Luteolibacter; s__	0.9999998633571985
4d55a669bcc227551f579ae896bf66f0	k__Bacteria; p__Firmicutes; c__Bacilli; o__Bacillales; f__Paenibacillaceae; g__Paenibacillus; s__	0.9981269597754207
53192e0864d3684471a7e470150cc617	k__Bacteria; p__Acidobacteria; c__Acidobacteria-6; o__iii1-15; f__; g__; s__	0.9996739458145033
986716b01f2c98cbf8b858a41fe59ec0	k__Bacteria; p__Proteobacteria; c__Alphaproteobacteria; o__Rhizobiales; f__Phyllobacteriaceae; g__Aminobacter; s__	0.889140282940746
869b1f739948b05786c1f9dcbced84b1	k__Bacteria; p__Chloroflexi	0.9763994576896503
53539b215e60890e9d84f72e13cc2c2f	k__Bacteria; p__Actinobacteria; c__Actinobacteria; o__Actinomycetales; f__Geodermatophilaceae; g__Geodermatophilus	0.9990583507265327
0c657c3c232af64d61e00a56d7cc47e0	k__Bacteria; p__Firmicutes; c__Bacilli; o__Bacillales; f__Staphylococcaceae	0.9999133418319062
21a8f7acd65f388e32f8df93dfd4777d	k__Bacteria; p__Chloroflexi; c__Ellin6529; o__; f__; g__; s__	0.9999999997559286
7212263db0853154fcc488c4ecc1d3fa	k__Bacteria; p__Firmicutes; c__Bacilli; o__Lactobacillales; f__Lactobacillaceae; g__Lactobacillus; s__	0.9966354020754845
04635e3aded1e6a7f59560a355148236	k__Bacteria; p__Firmicutes; c__Clostridia; o__Clostridiales; f__[Tissierellaceae]; g__WAL_1855D; s__	0.9999999999987779
0ed3e9db1a080546749d6fd0854f509b	k__Bacteria; p__Firmicutes; c__Clostridia; o__Clostridiales; f__Ruminococcaceae; g__; s__	0.9160505679252592
dc5b44ac78f97d1a941117fe1ef12928	k__Bacteria; p__Proteobacteria; c__Epsilonproteobacteria; o__Campylobacterales; f__Campylobacteraceae; g__Campylobacter; s__	0.9997298520352914
a30390eec5a201f81ace488645d35b77	k__Bacteria; p__Proteobacteria; c__Betaproteobacteria; o__Burkholderiales; f__Comamonadaceae; g__Limnobacter; s__	0.8853329911125652
2fa29787d676599d932ed6aa3c0a4514	k__Bacteria; p__Proteobacteria; c__Betaproteobacteria; o__Burkholderiales; f__Comamonadaceae	0.9999703970259551
a01b124ad0f0e81bea10a2172d38c38f	k__Bacteria; p__Proteobacteria; c__Alphaproteobacteria; o__Rhizobiales; f__Xanthobacteraceae; g__Xanthobacter; s__	0.9919954590255998
52370b72f23bf6956d9e847a0d729487	k__Bacteria; p__Actinobacteria; c__Actinobacteria; o__Actinomycetales; f__Corynebacteriaceae; g__Corynebacterium; s__	0.9977890124695808
f9ebd8edbdf77b2a9f67c4aecc3aaf75	k__Bacteria; p__Verrucomicrobia; c__[Pedosphaerae]; o__[Pedosphaerales]; f__; g__; s__	0.9978993342452628
6a28c7ca85320c9e63ab05819f0487f0	k__Bacteria; p__Bacteroidetes; c__Cytophagia; o__Cytophagales; f__Cytophagaceae; g__Spirosoma; s__	0.9999999959384667
035724da8dfd8320de32c082d2904d21	k__Bacteria; p__Proteobacteria; c__Alphaproteobacteria; o__Rhodobacterales; f__Rhodobacteraceae; g__Paracoccus; s__aminovorans	0.888416151608872
1c1aacd76f898e313d224bf071cef8c4	k__Bacteria; p__Actinobacteria; c__Thermoleophilia; o__Gaiellales; f__AK1AB1_02E; g__; s__	0.9999999999967741
ef27899fd58fd7e81c1c6bc2f4405141	k__Bacteria; p__Planctomycetes; c__Phycisphaerae; o__WD2101; f__; g__; s__	0.9999999999521236
6a2adc207acef2fd8c86659a58cd1468	k__Bacteria; p__Bacteroidetes; c__Bacteroidia; o__Bacteroidales; f__Porphyromonadaceae; g__Dysgonomonas; s__	0.9998756619452221
2a9514acd657156bd2571e1d90194f2e	k__Bacteria; p__Proteobacteria; c__Gammaproteobacteria; o__Pseudomonadales; f__Pseudomonadaceae; g__; s__	0.7885931948860264
b76e81d9acc8db441f9097a5970b76e6	k__Archaea; p__Euryarchaeota; c__Methanomicrobia; o__Methanomicrobiales; f__Methanocorpusculaceae; g__; s__	0.94471141570745
82a37d5f30abd164e9c4f0a03741da34	k__Bacteria; p__Proteobacteria; c__Alphaproteobacteria; o__Rhizobiales; f__Brucellaceae	0.9997251808410127
505c850348c8bd56ea9362638ca5ab11	k__Bacteria; p__Verrucomicrobia; c__Verrucomicrobiae; o__Verrucomicrobiales; f__Verrucomicrobiaceae; g__Akkermansia; s__	0.9999999999995453
9e32befa7a4e128064d252721599533b	k__Bacteria; p__Bacteroidetes; c__Cytophagia; o__Cytophagales; f__Cytophagaceae; g__Dyadobacter; s__	0.9999999999724167
f2de9693c8e520cf264dfeda5e69a280	k__Bacteria; p__Proteobacteria; c__Gammaproteobacteria; o__Pseudomonadales; f__Pseudomonadaceae	0.9231282070699006
aee1360392fd390bbbf24d8e9828e827	k__Bacteria; p__Proteobacteria; c__Alphaproteobacteria; o__Rhodobacterales; f__Rhodobacteraceae	0.9943126301136284
dbeaa5332f00bc36cfe2d836ebceee48	k__Bacteria; p__Proteobacteria; c__Alphaproteobacteria; o__Rhizobiales	0.8796704533305529
2a83410ca647a870caa497b34f217826	k__Bacteria; p__Firmicutes; c__Bacilli; o__Bacillales	0.9999997391451394
056d69dc8b15cef7dc7813ef56e75c57	k__Bacteria; p__Firmicutes; c__Clostridia; o__Clostridiales; f__Lachnospiraceae; g__Clostridium	0.9511366979853217
98677e9d83152fbfcb54d5b9abd08fd2	k__Bacteria; p__Proteobacteria; c__Alphaproteobacteria; o__Sphingomonadales; f__Sphingomonadaceae	0.7018231730340578
d290f7e18355d060a7c0b04e50e94dab	k__Bacteria; p__Fusobacteria; c__Fusobacteriia; o__Fusobacteriales; f__Leptotrichiaceae; g__Sebaldella; s__termitidis	0.9943499709443433
d83d43f7f8a0aa438d3df6e4465dc544	k__Bacteria; p__Bacteroidetes; c__Sphingobacteriia; o__Sphingobacteriales; f__Sphingobacteriaceae; g__Sphingobacterium; s__	0.9999995898914579
b1fa3639d5e95e72ccc3323da5bbd57f	k__Bacteria; p__Proteobacteria; c__Alphaproteobacteria; o__Sphingomonadales; f__Sphingomonadaceae; g__Sphingomonas; s__wittichii	0.992378814692574
a75d140d92f36d565a8162c08fe08cfc	k__Bacteria; p__Bacteroidetes; c__Bacteroidia; o__Bacteroidales; f__S24-7; g__; s__	0.9999999727717327
d506b485964c62d92996202f5ed03789	k__Bacteria; p__Actinobacteria; c__Thermoleophilia; o__Gaiellales; f__Gaiellaceae; g__; s__	0.9999998732889219
4f37a800bbb80745f7b2f88cc28af63a	k__Bacteria; p__Proteobacteria; c__Alphaproteobacteria; o__Sphingomonadales; f__Sphingomonadaceae; g__Kaistobacter; s__	0.996090923394743
254586dc75f40a5506b3401d9cdc7a0b	k__Bacteria; p__Actinobacteria; c__Thermoleophilia; o__Gaiellales; f__Gaiellaceae; g__; s__	0.9999996194154206
6b5cfd4f9babbacf519afa40b4a8c2bb	k__Bacteria; p__Actinobacteria; c__Actinobacteria; o__Actinomycetales; f__Actinosynnemataceae; g__Actinoalloteichus; s__	0.9593740867423849
e466fda0aa07bfd73a7d7c79b3b0cea1	k__Bacteria; p__Proteobacteria; c__Gammaproteobacteria; o__Enterobacteriales; f__Enterobacteriaceae	0.9999999082405093
e5c7b0ee4573b0b71c16bb7c19323467	k__Bacteria; p__Firmicutes; c__Bacilli; o__Bacillales; f__Paenibacillaceae; g__Paenibacillus; s__	0.9961200832835274
b6c26784a77b230ec7f27409c755fe20	k__Bacteria; p__Firmicutes; c__Clostridia; o__Clostridiales; f__; g__; s__	0.7650431613317116
e3a4fb98d83066dfb7b293f9283c512f	k__Bacteria; p__Proteobacteria; c__Gammaproteobacteria; o__Xanthomonadales; f__Sinobacteraceae; g__; s__	0.9999998780880833
0aedabc2a04ee36d5aeb0ac8862b3fd1	k__Bacteria; p__Verrucomicrobia; c__Verrucomicrobiae; o__Verrucomicrobiales; f__Verrucomicrobiaceae; g__; s__	0.9999999981544789
fba055e6fceb4702fa1572c13ef49a52	k__Bacteria; p__Actinobacteria; c__Actinobacteria; o__Actinomycetales; f__Intrasporangiaceae; g__Phycicoccus; s__	0.9915233291116384
d368a872453f1febef6be67b656bf0a1	k__Bacteria; p__Bacteroidetes; c__Cytophagia; o__Cytophagales; f__Cytophagaceae; g__Hymenobacter; s__	0.999999999974051
b80d31111aaa226f9b7bff663a90e85f	k__Bacteria; p__Bacteroidetes; c__Bacteroidia; o__Bacteroidales; f__Prevotellaceae; g__Prevotella; s__	0.999912520244442
ea170111b2e9786c95cef83bdef67246	k__Bacteria; p__Proteobacteria; c__Alphaproteobacteria; o__Rhodospirillales; f__Acetobacteraceae; g__Roseomonas; s__	0.9999956750452715
890923170ac37833742f9b2cf4306e28	k__Bacteria; p__Actinobacteria; c__Actinobacteria; o__Actinomycetales; f__Kineosporiaceae; g__Kineococcus; s__	0.9999966954824119
8e657729b8019307791992394e9614d6	k__Bacteria; p__Firmicutes; c__Clostridia; o__Clostridiales; f__; g__; s__	0.9982273237872048
5fee20b2c0292e3b2095faa044ad1e10	k__Bacteria; p__Actinobacteria; c__Thermoleophilia; o__Solirubrobacterales; f__; g__; s__	0.9999999549115596
ca800971abd618f29daaa06384f5bffd	k__Bacteria; p__Firmicutes; c__Clostridia; o__Clostridiales; f__Veillonellaceae; g__Succiniclasticum; s__	0.9999999999932072
cf8bcdabfe73de7e5a02b524ba98274c	k__Bacteria; p__AD3; c__ABS-6; o__; f__; g__; s__	0.9997263752628676
2bf5ee2f17b41f9af9115ee4e28af27c	k__Bacteria; p__Actinobacteria; c__Actinobacteria; o__Actinomycetales; f__Brevibacteriaceae; g__Brevibacterium	0.9999999999971634
ca97ee7394249c186c24e00433a00f1f	k__Bacteria; p__Actinobacteria; c__Actinobacteria; o__Actinomycetales; f__Microbacteriaceae; g__Leucobacter; s__	0.9999066538032018
943c1824ea175a16557f0d0394049a0b	k__Bacteria; p__Bacteroidetes; c__Sphingobacteriia; o__Sphingobacteriales; f__Sphingobacteriaceae; g__; s__	0.9918170264281321
9eeb59054c62cc81f1984f321e666e1a	k__Bacteria; p__Actinobacteria; c__Actinobacteria; o__Actinomycetales; f__Mycobacteriaceae; g__Mycobacterium; s__	0.9278175303795502
9dd66a22b5fea0ce520abac4ce136be8	k__Bacteria; p__Actinobacteria; c__Actinobacteria; o__Actinomycetales; f__Microbacteriaceae; g__Leucobacter; s__	0.9998479216433589
adaa89b02a2098819aebc647d0cb5fd3	k__Bacteria; p__Firmicutes; c__Bacilli; o__Lactobacillales; f__Lactobacillaceae; g__Lactobacillus; s__	0.8925602574283632
93926795543d361cd4cb7e200cbde0b4	k__Bacteria; p__Proteobacteria; c__Alphaproteobacteria; o__Rhodobacterales; f__Rhodobacteraceae; g__Paracoccus	0.9993564051673633
b2c802db98d5916a2edc5dad13d851da	k__Bacteria; p__Proteobacteria; c__Gammaproteobacteria; o__Pseudomonadales; f__Moraxellaceae; g__Acinetobacter; s__	0.7559935314887045
66f956411dec009c36e15702d5d37345	k__Bacteria; p__Acidobacteria; c__Acidobacteria-6; o__iii1-15; f__; g__; s__	0.9999923327402114
96de81851ad649401eb29a81f96839c6	k__Bacteria; p__Proteobacteria; c__Alphaproteobacteria; o__Sphingomonadales; f__Sphingomonadaceae; g__Novosphingobium; s__	0.9818361349169453
ef84d99de9825677f290fdec68ad399b	k__Bacteria; p__Proteobacteria; c__Gammaproteobacteria; o__Pasteurellales; f__Pasteurellaceae; g__Haemophilus	0.9955658553294613
8d05a0d69ac1e9ca8b5243250a6d6542	k__Bacteria; p__Bacteroidetes; c__Sphingobacteriia; o__Sphingobacteriales; f__Sphingobacteriaceae; g__Pedobacter; s__	0.987296414825925
51394a18f99a1c62b076aefcc7901cb8	k__Bacteria; p__Firmicutes; c__Bacilli; o__Gemellales; f__Gemellaceae	0.9999793912172082
21b2a861cfbc70bbfe88bf3cd3885370	k__Bacteria; p__Acidobacteria; c__Acidobacteria-6; o__iii1-15; f__; g__; s__	0.9995227502716119
d2db2a52733892578a3708da473fc278	k__Bacteria; p__Firmicutes; c__Bacilli; o__Bacillales; f__Bacillaceae	0.7869604087498294
3be6c49d93e3fdcab1a57840e7ad281a	k__Bacteria; p__Firmicutes; c__Clostridia; o__Clostridiales	0.9999213512525268
66a9e11e02f29f2b97f797f59cab137f	k__Bacteria; p__Firmicutes; c__Bacilli; o__Lactobacillales; f__Lactobacillaceae; g__Lactobacillus; s__zeae	0.9091960107814967
968bd8ff63ec06b2a1b90473bd799a78	k__Bacteria; p__Proteobacteria; c__Deltaproteobacteria; o__Bdellovibrionales; f__Bdellovibrionaceae; g__Bdellovibrio; s__bacteriovorus	0.9999984019872535
7fce991bc010497e492761f44927492e	k__Bacteria; p__Verrucomicrobia; c__Verrucomicrobiae; o__Verrucomicrobiales; f__Verrucomicrobiaceae; g__Verrucomicrobium; s__spinosum	0.9998973977662744
fb2dd93745151f6e93216fdafc403923	k__Bacteria; p__Chloroflexi; c__Anaerolineae; o__Ardenscatenales; f__Ardenscatenaceae; g__Ardenscatena; s__	0.9999999998725428
9aa32829556285833f4d85917216eec5	k__Bacteria; p__Firmicutes; c__Clostridia; o__Clostridiales; f__Ruminococcaceae; g__Oscillospira; s__	0.8817098083051454
9af56e189670c8c3bbc7861b52cc18f0	k__Bacteria; p__Bacteroidetes; c__[Saprospirae]; o__[Saprospirales]; f__Chitinophagaceae; g__; s__	0.9999760632054505
625e114f8518a8a68aa1c3d17171899b	k__Bacteria; p__Planctomycetes; c__Planctomycetia; o__Planctomycetales; f__Planctomycetaceae; g__Planctomyces; s__	0.9999999973587421
48023e0740abdc718e7477d5843cf063	k__Bacteria; p__Firmicutes; c__Bacilli; o__Lactobacillales; f__Enterococcaceae; g__Enterococcus	0.8776208353199382
47a5f73695ebe40581bfef796f021131	k__Bacteria; p__Bacteroidetes; c__[Saprospirae]; o__[Saprospirales]; f__Chitinophagaceae; g__Segetibacter; s__	0.9999989053849014
defd6a5cf4805a0ba6dd2e27500bd5bd	k__Bacteria; p__Firmicutes; c__Bacilli; o__Bacillales; f__Paenibacillaceae; g__Paenibacillus; s__	0.7042472329867955
f4c002302e998470a2a36050084c1843	k__Bacteria; p__Actinobacteria; c__Actinobacteria; o__Actinomycetales; f__Corynebacteriaceae; g__Corynebacterium; s__kroppenstedtii	0.9999998455245679
f427c3fee0a6e2f9eb4b635f758630e8	k__Bacteria; p__Proteobacteria; c__Deltaproteobacteria; o__Desulfovibrionales; f__Desulfovibrionaceae; g__; s__	0.9994425190712695
9e7589affb3b19e9512ecc82f27564bf	k__Bacteria; p__Firmicutes; c__Clostridia; o__Clostridiales; f__; g__; s__	0.999703059904742
052fc08f38a9f92410efdc02c667f568	k__Bacteria; p__Bacteroidetes; c__Bacteroidia; o__Bacteroidales; f__Porphyromonadaceae; g__Dysgonomonas; s__	0.9999319808533549
370c0610fa526a0a01e44384b6a117cb	k__Bacteria; p__Actinobacteria; c__Actinobacteria; o__Actinomycetales; f__Actinomycetaceae; g__Mobiluncus; s__	0.9999999999892708
8fe5e7416338b6d48f607d8e23d5ad07	k__Bacteria; p__Firmicutes; c__Clostridia; o__Clostridiales; f__Ruminococcaceae; g__; s__	0.9983876813269481
f337bff17dd02cfa6103575d82371708	k__Bacteria; p__Firmicutes; c__Clostridia; o__Clostridiales; f__; g__; s__	0.9801294714073787
a019bb87b9fc0fd674515b480666885b	k__Bacteria; p__Firmicutes; c__Clostridia; o__Clostridiales; f__Lachnospiraceae	0.804496207223134
744d88bd9fcb15914ec12755c8d9efa6	k__Bacteria; p__Verrucomicrobia; c__Verruco-5; o__WCHB1-41; f__RFP12; g__; s__	0.9999968975437619
bb148eb6e72790c02d22c8fcbdc173b7	k__Bacteria; p__Firmicutes; c__Clostridia; o__Clostridiales; f__; g__; s__	0.9842494688976288
f7259dced52a4d22e6a499e113c4371a	k__Bacteria; p__Firmicutes; c__Clostridia; o__Clostridiales; f__Ruminococcaceae	0.9993066553877454
9389e1ea696926997d22e1f9f993dec3	k__Bacteria; p__Tenericutes; c__Mollicutes; o__RF39; f__; g__; s__	0.9999999997437925
8bbb4f697e5af3cc41712e28bb028014	k__Bacteria; p__Firmicutes; c__Clostridia; o__Clostridiales; f__; g__; s__	0.8902002732052883
5f1d5f3323c6d03ab3f3323b2c4e5457	k__Bacteria; p__Bacteroidetes; c__Bacteroidia; o__Bacteroidales; f__S24-7; g__; s__	0.9999956164900976
856427f5311be8d5916370704200ed35	k__Bacteria; p__Proteobacteria; c__Betaproteobacteria; o__Burkholderiales; f__Alcaligenaceae; g__Sutterella; s__	0.9851312142307801
724ac70f9362aa3c716081e7c6e52f47	k__Bacteria; p__Firmicutes; c__Clostridia; o__Clostridiales; f__Ruminococcaceae; g__Ruminococcus; s__	0.9539140358350061
09727f639f0949839ac3310f27f8e194	k__Bacteria; p__Firmicutes; c__Clostridia; o__Clostridiales; f__; g__; s__	0.9322387151021236
a7a435d72e0dd521ea554e2a1716a0e4	k__Bacteria; p__Verrucomicrobia; c__Verruco-5; o__WCHB1-41; f__RFP12; g__; s__	0.9999999901601342
dda7bed9b8346240aa00063a9f7152cb	k__Bacteria; p__Firmicutes; c__Clostridia; o__Clostridiales; f__; g__; s__	0.983520826230516
71e1148413e3f33a653940bc278dce2c	k__Bacteria; p__Bacteroidetes; c__[Saprospirae]; o__[Saprospirales]; f__Chitinophagaceae; g__Terrimonas; s__	0.8607736388979644
2401c53f3100676aeb2002821f126c1b	k__Bacteria; p__Firmicutes; c__Clostridia; o__Clostridiales; f__Lachnospiraceae	0.9678904733173371
95035dde5d9ce543cbd3a6a5e24c09ba	k__Bacteria; p__Bacteroidetes; c__[Saprospirae]; o__[Saprospirales]; f__Chitinophagaceae; g__; s__	0.9999960771677285
ed5a04dea668b6e9982ad8cffe8c3dd1	k__Bacteria; p__Proteobacteria; c__Betaproteobacteria; o__Burkholderiales; f__Alcaligenaceae; g__Achromobacter; s__xylosoxidans	0.877526484697779
4b1ece01a0e9bb4e7f8eeaebffb2ce63	k__Bacteria; p__Armatimonadetes; c__Armatimonadia; o__Armatimonadales; f__Armatimonadaceae; g__; s__	0.9999796348599904
1f8d8bd14d89b791805741ff7a0739b6	k__Bacteria; p__Proteobacteria; c__Gammaproteobacteria; o__Xanthomonadales; f__Xanthomonadaceae; g__Stenotrophomonas; s__	0.9910144223772234
a5ea5bb72cd296fdfad86c7fa8f7eecd	k__Bacteria; p__Proteobacteria; c__Betaproteobacteria; o__Neisseriales; f__Neisseriaceae; g__Eikenella; s__	0.7526688707652793
e7ace2b43077bf42b4a48ab914208f7e	k__Bacteria; p__Bacteroidetes; c__Bacteroidia; o__Bacteroidales; f__Bacteroidaceae; g__Bacteroides; s__	0.9914817215748704
a77ef83a47f7b1095379c559282b5daa	k__Bacteria; p__Proteobacteria; c__Betaproteobacteria; o__Burkholderiales; f__Comamonadaceae	0.7333812020237986
2624698f3ec60fa70f68ee796cca78ca	k__Bacteria; p__Firmicutes; c__Bacilli; o__Bacillales; f__Paenibacillaceae; g__Paenibacillus; s__	0.9856072058674452
b600fe3b78485a00d42f1f72d6a91284	k__Bacteria; p__Proteobacteria; c__Gammaproteobacteria; o__Xanthomonadales; f__Xanthomonadaceae; g__Stenotrophomonas; s__geniculata	0.8905225298907206
0241c9abc5c494a335538186f7f6d8bd	k__Bacteria; p__Firmicutes; c__Clostridia; o__Clostridiales; f__Ruminococcaceae; g__; s__	0.9492852591361888
9054aab165d37da6fa9193ad0f3203d5	k__Bacteria; p__Actinobacteria; c__Thermoleophilia; o__Solirubrobacterales; f__; g__; s__	0.999999993514578
257a3d8b893ab513cb89740be88b1fe4	k__Bacteria; p__Actinobacteria; c__Thermoleophilia; o__Solirubrobacterales; f__; g__; s__	0.999999999512724
4706b56ecbeb9fe497b31f06d24e3ea9	k__Bacteria; p__Firmicutes; c__Clostridia; o__Clostridiales; f__[Tissierellaceae]; g__Sedimentibacter; s__	0.8024575477192327
757ff300246e71d6a25728089be98db2	k__Bacteria; p__Bacteroidetes; c__Flavobacteriia; o__Flavobacteriales; f__[Weeksellaceae]; g__Chryseobacterium; s__	0.9991534420290397
36e8692611545b059a1e6c7499430ac6	k__Bacteria; p__Proteobacteria; c__Alphaproteobacteria; o__Rhizobiales; f__Hyphomicrobiaceae; g__Rhodoplanes; s__	0.9990782521978405
3167a56a74498e803c9e4932b019f511	k__Bacteria; p__Firmicutes; c__Bacilli; o__Bacillales; f__Paenibacillaceae; g__Paenibacillus; s__	0.9475765679741595
faed494163f8294583b1b3af0e7b6d32	k__Bacteria; p__Firmicutes; c__Clostridia; o__Clostridiales; f__Ruminococcaceae; g__; s__	0.9732819440371029
c15f1db2455a332c9dfb8d819e947e66	k__Bacteria; p__Planctomycetes; c__Planctomycetia; o__Pirellulales; f__Pirellulaceae; g__; s__	0.9785135259175338
9147dfa6dc1a9621ddcf7909e38764e6	k__Bacteria; p__Cyanobacteria; c__4C0d-2; o__YS2; f__; g__; s__	0.9999973983352838
992e285eee68c61916f6c38be4ba28ef	k__Bacteria; p__Firmicutes; c__Clostridia; o__Clostridiales; f__Veillonellaceae; g__Phascolarctobacterium; s__	0.9999701207323739
e3657e527cd9d4ed866ae2a2568be5bf	k__Bacteria; p__Proteobacteria; c__Gammaproteobacteria; o__Enterobacteriales; f__Enterobacteriaceae; g__Tatumella	0.8128239367194082
51123e47687dfc54bad272168abc218a	k__Bacteria; p__Acidobacteria; c__Solibacteres; o__Solibacterales; f__; g__; s__	0.999990984075638
1e935cf682f415ce839dd11719141d39	k__Bacteria; p__Bacteroidetes; c__Bacteroidia; o__Bacteroidales; f__Porphyromonadaceae; g__Dysgonomonas; s__	0.9718430673545927
5b993d1e604f0c7e3b613791618f54b8	k__Bacteria; p__Proteobacteria	0.776038525430979
9099004cd6f853a6dab99342c363b260	k__Bacteria; p__Proteobacteria; c__Epsilonproteobacteria; o__Campylobacterales; f__Campylobacteraceae; g__Campylobacter; s__ureolyticus	0.9999976391862916
f579d44cb80f8418f4bbe9f2c356c99f	k__Bacteria; p__Firmicutes; c__Clostridia; o__Clostridiales; f__Ruminococcaceae; g__Ruminococcus; s__	0.827116671499658
89f5506a67c34405e214d0006907df58	k__Bacteria; p__Proteobacteria; c__Epsilonproteobacteria; o__Campylobacterales; f__Helicobacteraceae; g__; s__	0.9999325872255005
973e6a62bea4c0ed61034adf32a130e2	k__Bacteria; p__Actinobacteria; c__Thermoleophilia; o__Solirubrobacterales; f__; g__; s__	0.9999999999022151
fcd0796397700daa06ff71c05888ec87	k__Bacteria; p__[Thermi]; c__Deinococci; o__Deinococcales; f__Deinococcaceae; g__Deinococcus; s__	0.999994732443785
67ff74b98afd5ef2fc977793e73a94e2	k__Bacteria; p__Bacteroidetes; c__Bacteroidia; o__Bacteroidales; f__; g__; s__	0.9251601112268699
31c038722a4f8216e43f0dd5979f4010	k__Bacteria; p__Proteobacteria; c__Betaproteobacteria; o__Ellin6067; f__; g__; s__	0.9999995366472881
6fd7087fb0604c75f2c863b93bf7644a	k__Bacteria; p__Bacteroidetes; c__Bacteroidia; o__Bacteroidales; f__Prevotellaceae; g__Prevotella; s__	0.9999959114047835
151428efed209914ee5c174d00ad436b	k__Bacteria; p__Firmicutes; c__Bacilli; o__Bacillales; f__Paenibacillaceae; g__Paenibacillus; s__	0.8509047860112737
f9237b48ffe3eec64789185eabd11d33	k__Bacteria; p__Chloroflexi; c__C0119; o__; f__; g__; s__	0.999999950871357
1288a8be2edd479aad1384f5cefa175a	k__Bacteria; p__Actinobacteria; c__Actinobacteria; o__Actinomycetales; f__Corynebacteriaceae; g__Corynebacterium	0.9999998558720564
a2a71d3b9f823b5460e13a0685caae21	k__Bacteria; p__Fusobacteria; c__Fusobacteriia; o__Fusobacteriales; f__Leptotrichiaceae; g__Leptotrichia; s__	0.9999999999999858
84ae26b59f52ad90b53c25d842a02749	k__Bacteria; p__Firmicutes; c__Clostridia; o__Clostridiales; f__Ruminococcaceae; g__Faecalibacterium; s__prausnitzii	0.9998922560391508
e39b48590d0ee104d550c8e672510a93	k__Bacteria; p__Actinobacteria; c__Actinobacteria; o__Actinomycetales; f__Intrasporangiaceae; g__Phycicoccus; s__	0.8784965141194312
f4cac4ef7da9bc4efcd8ca92ae1ea95a	k__Bacteria; p__Proteobacteria; c__Alphaproteobacteria; o__Sphingomonadales; f__Sphingomonadaceae; g__Sphingomonas; s__	0.9794136805112756
ee61d009ca3f8b390fef413032f0006b	k__Bacteria; p__Bacteroidetes; c__Bacteroidia; o__Bacteroidales; f__Prevotellaceae; g__Prevotella; s__	0.9999998043287994
428020b0bf12d32190d84382a7eadd2f	k__Bacteria; p__Proteobacteria; c__Alphaproteobacteria; o__Rhodobacterales; f__Rhodobacteraceae; g__Rhodobacter; s__	0.9839601874323479
860ba8b7d80c53d710baabb4d60aeb97	k__Bacteria; p__Bacteroidetes; c__Flavobacteriia; o__Flavobacteriales; f__[Weeksellaceae]; g__Weeksella; s__	0.9999969287261888
205a4044b70e5c3f3f09d9cda759edde	k__Bacteria; p__Firmicutes; c__Clostridia; o__Clostridiales; f__Ruminococcaceae; g__; s__	0.9494392654268295
ddbad6cb2d7abf5578f61bdd32ac7bb7	k__Bacteria; p__Proteobacteria; c__Alphaproteobacteria; o__Rhizobiales; f__Methylobacteriaceae; g__; s__	0.9962701926816271
a1b0d1c02a8044011bb84bdc9ddfcd3a	k__Bacteria; p__Acidobacteria; c__[Chloracidobacteria]; o__RB41; f__Ellin6075; g__; s__	0.9999999821830415
2d5b24794e30c2ae8bffb2cc1f09698b	k__Bacteria; p__Bacteroidetes; c__Sphingobacteriia; o__Sphingobacteriales; f__Sphingobacteriaceae; g__; s__	0.8925226561879436
7117fb49e2ead82db4e5609caa65cab8	k__Bacteria; p__Bacteroidetes; c__Bacteroidia; o__Bacteroidales; f__Porphyromonadaceae; g__Dysgonomonas; s__	0.9999772840378105
5117783e30107ae11da3383d4506be9b	k__Bacteria; p__Actinobacteria; c__Actinobacteria; o__Actinomycetales; f__Intrasporangiaceae	0.9999964563431957
5292a0df7d37faf9c0f800300cc40650	k__Bacteria; p__Actinobacteria; c__Coriobacteriia; o__Coriobacteriales; f__Coriobacteriaceae; g__; s__	0.9135908711750916
29343e51bfc06167ef0fc2cf31ab7cb1	k__Bacteria; p__Planctomycetes; c__Planctomycetia; o__Pirellulales; f__Pirellulaceae; g__; s__	0.9999992801638802
3a965cc59549269fadd4b60f2950f9f0	k__Bacteria; p__Bacteroidetes; c__[Saprospirae]; o__[Saprospirales]; f__Chitinophagaceae; g__; s__	0.9614666659314685
03b95ad0b19f3f6b1038d8d81db9932e	k__Bacteria; p__Actinobacteria; c__Actinobacteria; o__Actinomycetales; f__Streptomycetaceae	0.9999970924048717
0f9dfdfa40fe3a5ec29f72720a28eba2	k__Bacteria; p__Bacteroidetes; c__Bacteroidia; o__Bacteroidales; f__Prevotellaceae; g__Prevotella; s__	0.9990804565368099
c071ae7d96e9d60afba4bc07616c1aae	k__Bacteria; p__Firmicutes; c__Clostridia; o__Clostridiales; f__Ruminococcaceae; g__Ruminococcus; s__	0.9947484328170297
a168adcb6e59d886f42894bbb603f8d4	k__Bacteria; p__Chloroflexi; c__Thermomicrobia; o__; f__; g__; s__	0.9999999870074988
0aed5bae5b65f5848ed626ee4ebb188d	k__Bacteria; p__Firmicutes; c__Bacilli; o__Bacillales; f__Paenibacillaceae; g__Paenibacillus; s__	0.9344490391347916
b2003584277782cb66f720a6da71ed26	k__Bacteria; p__Bacteroidetes; c__Bacteroidia; o__Bacteroidales; f__[Paraprevotellaceae]; g__; s__	0.9999999859975334
aeecbfc4cf04fe5ab7e583dfac0048df	k__Bacteria; p__Proteobacteria; c__Deltaproteobacteria; o__Myxococcales; f__; g__; s__	0.999948980297779
f8e6eb09b17b09612d5c514a17030381	k__Bacteria; p__Bacteroidetes; c__[Saprospirae]; o__[Saprospirales]; f__Chitinophagaceae; g__; s__	0.9993396164129028
213d8379b77e4e4f771dac99a3d6806a	k__Bacteria; p__Bacteroidetes; c__Flavobacteriia; o__Flavobacteriales; f__Flavobacteriaceae; g__; s__	0.9758357205755042
4059335e9543c5bcfadeef3b6c695695	k__Bacteria; p__Bacteroidetes; c__Bacteroidia; o__Bacteroidales; f__Prevotellaceae; g__Prevotella; s__	0.9996794427652597
35fed11e1b3168f4372d0980449d373c	k__Bacteria; p__Proteobacteria; c__Deltaproteobacteria; o__MIZ46; f__; g__; s__	0.9999999999999858
c0f3b5765f6c4c203482c8250a4d6438	k__Bacteria; p__Actinobacteria; c__Thermoleophilia; o__Solirubrobacterales; f__; g__; s__	0.9999999530287493
abb52292cbffc0c9fcd76f719ffd56f8	k__Bacteria; p__Bacteroidetes; c__Bacteroidia; o__Bacteroidales; f__Rikenellaceae; g__; s__	0.9906424178774079
35f7674c688471690fec766285f613ad	k__Bacteria; p__Proteobacteria; c__Betaproteobacteria; o__Methylophilales; f__Methylophilaceae; g__Methylotenera; s__mobilis	0.894989714906136
11dd851f00fd6ee34f1ba79ffcc218dd	k__Bacteria; p__Bacteroidetes; c__Flavobacteriia; o__Flavobacteriales; f__Flavobacteriaceae	0.9999999579093267
cec11d7a800cb1024d180d05af5df78a	k__Bacteria; p__Proteobacteria; c__Alphaproteobacteria; o__Rhizobiales; f__Hyphomicrobiaceae; g__Devosia; s__	0.999664365158152
2434ff96058787585fa597345db88854	k__Bacteria; p__Firmicutes; c__Bacilli; o__Bacillales; f__Bacillaceae; g__Bacillus; s__foraminis	0.8170185789300614
a86b71f7fb17dc33890b7b7149a35760	k__Bacteria; p__Acidobacteria; c__Acidobacteria-6; o__iii1-15; f__; g__; s__	0.9999996338297126
2c786ffff590b515aaf032b2d5454da1	k__Bacteria; p__Actinobacteria; c__Actinobacteria; o__Actinomycetales; f__Nocardioidaceae; g__Nocardioides	0.744650500624166
c581d7f46b8260c0b606e08824ab7e58	k__Bacteria; p__Firmicutes; c__Clostridia; o__Clostridiales; f__; g__; s__	0.9773083309411482
a253e8669cbcbf4a5b3ac1a06e954877	k__Bacteria; p__Bacteroidetes; c__Bacteroidia; o__Bacteroidales	0.9883242932082813
1cc041d048afe3d6bbc3b07c5d1b7d66	k__Bacteria; p__Firmicutes; c__Clostridia; o__Clostridiales; f__Clostridiaceae; g__Clostridium; s__butyricum	0.9724331932533148
59f368df37d4d970ede893ce79155021	k__Bacteria; p__Bacteroidetes; c__Sphingobacteriia; o__Sphingobacteriales; f__Sphingobacteriaceae; g__Sphingobacterium; s__	0.8773400359838143
6add449f7f6a4460c82b80e9cb193e8d	k__Bacteria; p__Firmicutes; c__Clostridia; o__Clostridiales; f__Lachnospiraceae; g__Pseudobutyrivibrio; s__	0.9999995382221059
af308d981313c1234d79c9ee9f854c6a	k__Bacteria; p__Actinobacteria; c__Actinobacteria; o__Actinomycetales; f__Pseudonocardiaceae; g__Pseudonocardia	0.9965548423788322
ddba74051ab73494b926a7cf71669868	k__Bacteria; p__Proteobacteria; c__Gammaproteobacteria; o__Legionellales; f__Legionellaceae; g__; s__	0.8668474471001179
c0c0b6921c885200ddcfb730268ec058	k__Bacteria; p__Proteobacteria; c__Alphaproteobacteria; o__Sphingomonadales; f__Sphingomonadaceae; g__Sphingomonas; s__wittichii	0.9591332310603873
37e3c2f23956ffa45c9da7af49a1fac3	k__Bacteria; p__Proteobacteria; c__Alphaproteobacteria; o__Rhizobiales; f__Bradyrhizobiaceae; g__Balneimonas; s__	0.9922145418106443
287322b492160af063c9c179629e8eda	k__Bacteria; p__Proteobacteria; c__Deltaproteobacteria; o__Desulfobacterales; f__Desulfobulbaceae; g__; s__	0.9984134406585022
e70e6f1be806650d3cbe3bb7b588dd6e	k__Bacteria; p__Bacteroidetes; c__Bacteroidia; o__Bacteroidales; f__S24-7; g__; s__	0.9870908960147066
5c38dfe24e043739801ef61a5d7044ee	k__Bacteria; p__Firmicutes; c__Clostridia; o__Clostridiales; f__Clostridiaceae; g__Clostridium; s__celatum	0.8546233468786059
0a92b3658c50b4fe50ee7ef7b3bfaca7	k__Bacteria	0.9991309464914397
6c0561e288e2e7ab75426d0092c7dec7	k__Bacteria; p__Bacteroidetes; c__Sphingobacteriia; o__Sphingobacteriales; f__Sphingobacteriaceae; g__Sphingobacterium; s__multivorum	0.9999999993272439
9fd3fd2c7c8d06f2b6c169ab6d7b4767	k__Bacteria; p__Proteobacteria; c__Alphaproteobacteria; o__Rhizobiales; f__Phyllobacteriaceae; g__Defluvibacter; s__	0.8884377245276278
376c76e48c2fff9274c93956b37c9214	k__Bacteria; p__Bacteroidetes; c__Bacteroidia; o__Bacteroidales; f__; g__; s__	0.9911963886385179
78461e2468c71ecdc356c26fd4dfd62f	k__Bacteria; p__Proteobacteria; c__Betaproteobacteria; o__Neisseriales; f__Neisseriaceae; g__Vitreoscilla; s__	0.9999852014408128
b3f8d4e7fc4ee4492222415cd74809e2	k__Bacteria; p__Firmicutes; c__Clostridia; o__Clostridiales; f__Ruminococcaceae; g__; s__	0.9801992269553909
2855f2012be42ab0573ce13fc3daa69f	k__Bacteria; p__Proteobacteria; c__Alphaproteobacteria; o__Rhizobiales; f__Hyphomicrobiaceae; g__Devosia; s__	0.9999856519556879
0bbbbf942e12a23f7f2bb6ca95ea3d8a	k__Bacteria; p__Proteobacteria; c__Gammaproteobacteria; o__Pseudomonadales; f__Moraxellaceae; g__Psychrobacter; s__	0.9743673648941944
58423ff327499005386b7c1c3d81ef3c	k__Bacteria; p__Proteobacteria; c__Epsilonproteobacteria; o__Campylobacterales; f__Helicobacteraceae; g__; s__	0.9443680336561057
7c4988c5468afaf5dd97de36c015da97	k__Bacteria; p__Actinobacteria; c__Actinobacteria; o__Actinomycetales; f__Dermabacteraceae	0.9999999908052566
24666b08ed8b68f48acb6145052819bb	k__Bacteria; p__Proteobacteria; c__Alphaproteobacteria; o__Rickettsiales; f__Holosporaceae; g__; s__	0.9999999995615525
be9954ee89cc6713a24f77cf76baf22d	k__Bacteria; p__Bacteroidetes; c__Cytophagia; o__Cytophagales; f__Cytophagaceae; g__Hymenobacter; s__	0.9999999999216982
1d8ece178743b9cf087f0750a984bfbb	k__Bacteria; p__Firmicutes; c__Bacilli; o__Lactobacillales; f__; g__; s__	0.7745380906125839
5daf2f3fd6a886d285a0920357d6465f	k__Bacteria; p__Firmicutes; c__Clostridia; o__Clostridiales; f__; g__; s__	0.9984881675425629
7bf77732f5af38ea4ab6bcc1b91052c2	k__Bacteria; p__Proteobacteria; c__Epsilonproteobacteria; o__Campylobacterales; f__Helicobacteraceae; g__Sulfuricurvum; s__kujiense	0.9999999603802515
4271ff3e521a4632735098d556e65d4d	k__Bacteria; p__Actinobacteria; c__Actinobacteria; o__Actinomycetales; f__Jonesiaceae; g__; s__	0.994853713419935
2974b754c82cb5e37758a1b466276e92	k__Bacteria; p__Actinobacteria; c__Actinobacteria; o__Actinomycetales; f__Intrasporangiaceae; g__; s__	0.7738728628757108
8618e7476b4a81112c8ebfe7a76e3269	k__Bacteria; p__Firmicutes; c__Clostridia; o__Clostridiales; f__Clostridiaceae; g__Clostridium; s__	0.9992388337249021
3aab4ce2107c2c3b7baa44b71566002b	k__Bacteria; p__Actinobacteria; c__Actinobacteria; o__Actinomycetales; f__Nocardioidaceae; g__; s__	0.9595848324250498
