	S1-female-1	S1-female-2	S1-female-3	S1-male-1	S1-male-2	S10-female-1	S10-female-2	S10-Female-3	S10-male-1	S10-male-2-	S2-female-1	S2-male-1	S2-male-2	S2014F_E2-2-B-F	S2014F_E2-3-B-F	S2014F_E5-2-A-F	S2014F_E5-2-B-F	S2014F_E5-C-2-F	S2014F_E9-2-C-F	S2014F_E9-3-C-F	S2014m_E2-1-A-F	S2014M_E2-1-A-M	S2014m_E2-1-B-F	S2014M_E2-1-B-M	S2014m_E2-1-C-F	S2014m_E2-1-C-M	S2014m_E2-2-B-M	S2014m_E2-2-C-M	S2014m_E2-3-B-M	S2014m_E2-3-C-M	S2014m_E5-1-A-F	S2014M_E5-1-A-M	S2014m_E5-1-B-F	S2014M_E5-1-B-M	S2014m_E5-1-C-F	S2014M_E5-1-C-M	S2014m_E5-2-A-M	S2014m_E5-2-B-M	S2014m_E5-3-B-M	S2014m_E7-1-A-M	S2014m_E7-1-B-F	S2014m_E7-1-C-F	S2014m_E7-3-A-M	S2014M_E9-1-A-M	S2014m_E9-1-C-F	S2014M_E9-1-C-M	S2014m_E9-3-A-M	S2014m_E9-3-B-M	S2014m_E9-A-1-F	S2017t1_E11-T1a-Female	S2017t1_E11-T1a-Male	S2017t1_E11-T1b-Female	S2017t1_E11-T1b-Male	S2017t1_E13-T1a-Female	S2017t1_E13-T1a-Male	S2017t1_E13-T1b-Female	S2017t1_E13-T1b-Male	S2017t1_E14-T1a-Female	S2017t1_E14-T1a-Male	S2017t1_E14-T1b-Male	S2017t1_E16-T1a-Female	S2017t1_E16-T1a-Male	S2017t1_E16-T1b-Female	S2017t1_E17-T1a-Female	S2017t1_E17-T1a-Male	S2017t1_E17-T1b-Female	S2017t1_E17-T1b-Male	S2017t1_E19-T1a-Female	S2017t1_E19-T1a-Male	S2017t1_E19-T1b-Male	S2017t1_E23-T1a-Female	S2017t1_E23-T1b-Female	S2017t1_E23-T1b-Male	S2017t1_E30-T1a-Female	S2017t1_E30-T1b-Female	S2017t2_E11-T2a-Male	S2017t2_E11-T2b-Female	S2017t2_E11-T2b-Male	S2017t2_E13-T2a-Female	S2017t2_E13-T2b-Female	S2017t2_E14-T2a-Female	S2017t2_E14-T2a-Male	S2017t2_E14-T2b-Female	S2017t2_E14-T2b-Male	S2017t2_E16-T2a-Female	S2017t2_E16-T2a-Male	S2017t2_E16-T2b-Female	S2017t2_E16-T2b-Male	S2017t2_E17-T2a-Female	S2017t2_E17-T2b-Female	S2017t2_E17-T2b-Male	S2017t2_E19-T2a-Female	S2017t2_E19-T2a-Male	S2017t2_E19-T2b-Female	S2017t2_E19-T2b-Male	S2017t2_E23-T2a-Female	S2017t2_E23-T2a-Male	S2017t2_E23-T2b-Female	S2017t2_E23-T2b-Male	S2017t2_E30-T2a-Female	S2017t2_E30-T2a-Male	S2017t2_E30-T2b-Female	S2017t2_E30-T2b-Male	S2017t3_E11-T3a-Female	S2017t3_E11-T3a-Male	S2017t3_E16-T3b-Female	S2017t3_E16-T3b-Male	S2017t3_E17-T3a-Female	S2017t3_E30-T3b-Female	S2017t3F_E11-T3b-Female	S2017t3F_E14-T3a-Female	S2017t3F_E16-T3a-Female	S2017t3F_E19-T3a-Female	S2017t3F_E19-T3b-Female	S2017t3F_E23-T3b-Female	S2017t3F_E30-T3a-Female	S2017t3M_E11-T3b-Male	S2017t3M_E16-T3a-Male	S2017t3M_E19-T3b-Male	S2017t3M_E23-T3a-Male	S2017t3M_E23-T3b-Male	S3-female-1	S3-female-3	S3-male-1	S3-male-2	S3-male-3	S4-female-1	S4-female-2	S4-female-3	S4-male-2	S4-male-3	S5-female-1	S5-female-2	S5-male-1	S5-male-2	S5-male-3	s6-Female-1	S6-female-2	S6-female-3	S6-male-1	S6-male-2	S6-male-3	S7-female-1	S7-female-2	S7-female-3	S7-male-1	S7-male-2	S7-male-3	S8-female-1	S8-female-2	S8-female-3	S8-male-1	S8-male-2	S8-male-3	S9-female-1	S9-female-2	S9-female-3	S9-male-1	S9-male-2
S1-female-1	0	0.0002335539174964651	0.02674703299999237	0.001395415514707565	0.002346968976780772	0.0002335539174964651	0.0004671077185776085	0.01988878659904003	0.0001167770242318511	0.00257483241148293	0.0002335539174964651	0.0005856315256096423	0.005951705388724804	0.02408363856375217	0.05736330896615982	0.006293581333011389	0.0002335539174964651	0.01117084734141827	0.004437523894011974	0.0709911584854126	0.014316669665277	0.014316669665277	0.014316669665277	0.009502609260380268	0.014316669665277	0.01542219519615173	0.01258721202611923	0.06024939939379692	0.006129742600023746	0.0330704003572464	0.006148851942270994	0.00819848570972681	0.009236761368811131	0.006558778695762157	0.007378631737083197	0.0101142143830657	0.01737468503415585	0.05980262532830238	0.01643168367445469	0.06293626129627228	0.06293626129627228	0.06293626129627228	0.01657279767096043	0.0101142143830657	0.01344055961817503	0.03415679186582565	0.009041733108460903	0.02722337283194065	0.02003025822341442	0.009025068953633308	0.00819848570972681	0.00819848570972681	0.00819848570972681	0.0002335539174964651	0.006575442850589752	0.0002335539174964651	0.00269984407350421	0.0002335539174964651	0.002933751093223691	0.009041606448590755	0.01251097675412893	0.02873142063617706	0.006377625279128551	0.004826105199754238	0.00819848570972681	0.00819848570972681	0.008239831775426865	0.003894254565238953	0.00819848570972681	0.005124034360051155	0.008566640317440033	0.01045104209333658	0.005144174676388502	0.01362198684364557	0.004437523894011974	0.0002335539174964651	0.002869437448680401	0.0002335539174964651	0.02349074184894562	0.002459510695189238	0.00819848570972681	0.0002335539174964651	0.00819848570972681	0.0002335539174964651	0.01076287962496281	0.01023376733064651	0.00929566752165556	0.01046067196875811	0.006123416591435671	0.001844620564952493	0.002049583708867431	0.007993522100150585	0.01102603692561388	0.00819848570972681	0.01033506169915199	0.0002335539174964651	0.01545408926904202	0.0002335539174964651	0.0002335539174964651	0.004304180853068829	0.01661823503673077	0.006880568340420723	0.01704750768840313	0.0144119206815958	0.03760633990168571	0.03599801287055016	0.01220414973795414	0.0002335539174964651	0.004966642241925001	0.0306730717420578	0.02039369195699692	0.02982782572507858	0.01317730918526649	0.04031927883625031	0.01130887866020203	0.01207078620791435	0.04377803951501846	0.009566929191350937	0.01326797064393759	0.03555606305599213	0.007350785657763481	0.0002335539174964651	0.010165692307055	0.0002335539174964651	0.01436236593872309	0.004430233500897884	0.002345922635868192	0.0002335539174964651	0.0002335539174964651	0.01049740426242352	0.00496755400672555	0.0002335539174964651	0.0005856069037690759	0.003906845580786467	0.01048548519611359	0.005228066816926003	0.005514722317457199	0.01100405864417553	0.007364428136497736	0.002445307560265064	0.0002335539174964651	0.01830950379371643	0.0103437090292573	0.02282568998634815	0.007306554820388556	0.0002335539174964651	0.003328556194901466	0.01229449920356274	0.0009382077842019498	0.0002335539174964651	0.002130411332473159	0.003402254777029157	0.008974667638540268	0.01014450285583735	0.008745217695832253	0.0002335539174964651	0.005227742716670036	0.0005858808290213346	0.00657544331625104
S1-female-2	0.0002335539174964651	0	0.02674708142876625	0.001512217451818287	0.002113415161147714	0	0.0007006616797298193	0.0201223399490118	0.0001167768859886564	0.002808386692777276	0	0.0003520778845995665	0.005951754748821259	0.0240836888551712	0.057363361120224	0.006293631624430418	0	0.0111708976328373	0.004671077709645033	0.07099121063947678	0.01408311631530523	0.01408311631530523	0.01408311631530523	0.009736164472997189	0.01408311631530523	0.01530544273555279	0.01258726231753826	0.0602494515478611	0.006363295949995518	0.03330395370721817	0.006148901768028736	0.008198535069823265	0.00923681166023016	0.006558828521519899	0.007378681562840939	0.01011426467448473	0.01737473718822002	0.05980267748236656	0.01666523888707161	0.06293631345033646	0.06293631345033646	0.06293631345033646	0.01645604521036148	0.01011426467448473	0.01344061084091663	0.03415684029459953	0.008808179758489132	0.02722342126071453	0.0200303103774786	0.009025119245052338	0.008198535069823265	0.008198535069823265	0.008198535069823265	0	0.006341889500617981	0	0.002466290490701795	0	0.003167304443195462	0.009275159798562527	0.01251102704554796	0.02896497398614883	0.006611179560422897	0.005059659015387297	0.008198535069823265	0.008198535069823265	0.008473385125398636	0.003894304390996695	0.008198535069823265	0.005124084651470184	0.008800193667411804	0.01021748967468739	0.005377728957682848	0.0133884334936738	0.004671077709645033	0	0.00286948774009943	0	0.0234907940030098	0.002459560753777623	0.008198535069823265	0	0.008198535069823265	0	0.01099643297493458	0.01023381762206554	0.009295717813074589	0.01046072226017714	0.0061234668828547	0.001844670623540878	0.002049633767455816	0.007993572391569614	0.01102608721703291	0.008198535069823265	0.01033511199057102	0	0.01545413956046104	0	0	0.004304231144487858	0.0166182853281498	0.007114122156053782	0.01704755611717701	0.01464547403156757	0.03760638833045959	0.03623156622052193	0.01243770308792591	0	0.00520019605755806	0.03078987449407578	0.02062724530696869	0.03006137907505035	0.01341086346656084	0.04055283218622208	0.01154243294149637	0.01207083649933338	0.04377808794379234	0.009566979482769966	0.01350152399390936	0.0355561152100563	0.007584339939057827	0	0.01039924565702677	0	0.01459591928869486	0.00466378778219223	0.002112368820235133	0	0	0.01061420608311892	0.004967603832483292	0	0.0003520532627590001	0.004140399396419525	0.01048553548753262	0.005461620166897774	0.005281168967485428	0.01100410800427198	0.007364477962255478	0.00244535761885345	0	0.01854305900633335	0.0104605108499527	0.02305924333631992	0.007306605111807585	0	0.003562110010534525	0.01252805255353451	0.0007046543760225177	0	0.002130461158230901	0.003168701194226742	0.009208221919834614	0.01014455314725637	0.008745267987251282	0	0.005227793008089066	0.0003523271880112588	0.006808997597545385
S1-female-3	0.02674703299999237	0.02674708142876625	0	0.02535168826580048	0.02710152417421341	0.02674708142876625	0.02674693241715431	0.01581620424985886	0.02674705907702446	0.02674771472811699	0.02674708142876625	0.02639500424265862	0.02167627774178982	0.02514867298305035	0.05230152979493141	0.02045345306396484	0.02674708142876625	0.01997760310769081	0.02849810570478439	0.08246393501758575	0.03026785328984261	0.03026785328984261	0.03026785328984261	0.02498649060726166	0.03026785328984261	0.02834336832165718	0.01558385975658894	0.05717999488115311	0.02698452584445477	0.02788719907402992	0.02511611580848694	0.02716574817895889	0.02667752280831337	0.02552604302763939	0.02634589746594429	0.02679628506302834	0.01289807260036469	0.06737489998340607	0.02364545688033104	0.05986685305833817	0.05986685305833817	0.05986685305833817	0.03913991525769234	0.02679628506302834	0.02441190555691719	0.02756595052778721	0.03291849046945572	0.04705440998077393	0.01606128551065922	0.02676184102892876	0.02716574817895889	0.02716574817895889	0.02716574817895889	0.02674708142876625	0.03045220300555229	0.02674708142876625	0.02798287943005562	0.02674708142876625	0.02604491263628006	0.03073784708976746	0.01869230717420578	0.0280204601585865	0.02592884376645088	0.02519504725933075	0.02716574817895889	0.02716574817895889	0.02753275632858276	0.02426323667168617	0.02716574817895889	0.02409130334854126	0.03150888159871101	0.03432780131697655	0.02867740392684937	0.03749874234199524	0.02849810570478439	0.02674708142876625	0.02440651506185532	0.02674708142876625	0.03729433938860893	0.02446382865309715	0.02716574817895889	0.02674708142876625	0.02716574817895889	0.02674708142876625	0.01973490044474602	0.02303195372223854	0.02243654057383537	0.02034122124314308	0.02485478296875954	0.02490241080522537	0.0246974490582943	0.02696078643202782	0.02818881720304489	0.02716574817895889	0.02163076400756836	0.02674708142876625	0.02697718888521194	0.02674708142876625	0.02674708142876625	0.02420592308044434	0.03070281073451042	0.02608133479952812	0.01633885875344276	0.01742961443960667	0.03260016813874245	0.03222265467047691	0.0197521299123764	0.02674708142876625	0.02726847678422928	0.02443356066942215	0.03601599112153053	0.02420880831778049	0.0197698287665844	0.03748337551951408	0.01801820285618305	0.01733088493347168	0.03876924887299538	0.02562099695205688	0.02317038178443909	0.03220090270042419	0.02535134181380272	0.02674708142876625	0.0183417834341526	0.02674708142876625	0.01572185009717941	0.02372223138809204	0.02533947303891182	0.02674708142876625	0.02674708142876625	0.01854825764894485	0.02283661812543869	0.02674708142876625	0.02657121792435646	0.02410012111067772	0.0203392282128334	0.02240021526813507	0.02146591246128082	0.0213309284299612	0.0219082199037075	0.02430172637104988	0.02674708142876625	0.01466452516615391	0.01763725467026234	0.02872044593095779	0.02155604958534241	0.02674708142876625	0.02446924522519112	0.01656475849449635	0.02710016816854477	0.02674708142876625	0.02479288354516029	0.02357838302850723	0.01941144093871117	0.01766692847013474	0.01800181530416012	0.02674708142876625	0.02204785868525505	0.02692362293601036	0.03045210242271423
S1-male-1	0.001395415514707565	0.001512217451818287	0.02535168826580048	0	0.003625632030889392	0.001512217451818287	0.001862523029558361	0.01861019060015678	0.001395440544001758	0.003970247693359852	0.001512217451818287	0.00186429510358721	0.004556362051516771	0.02268822491168976	0.05596796795725822	0.004898239858448505	0.001512217451818287	0.009775431826710701	0.005832938943058252	0.07180391252040863	0.01559533551335335	0.01559533551335335	0.01559533551335335	0.01089802663773298	0.01559533551335335	0.01402685604989529	0.01119187194854021	0.05885406211018562	0.004851079080253839	0.0317918062210083	0.007310697343200445	0.009360332973301411	0.01039860956370831	0.007720624096691608	0.00854047853499651	0.01127606257796288	0.01597927324473858	0.05840728059411049	0.01515309605747461	0.06154092028737068	0.06154092028737068	0.06154092028737068	0.01738554984331131	0.01127606257796288	0.01204521954059601	0.03276138007640839	0.01032039895653725	0.02803611941635609	0.01863484457135201	0.01018691621720791	0.009360332973301411	0.009360332973301411	0.009360332973301411	0.001512217451818287	0.007854107767343521	0.001512217451818287	0.003978507593274117	0.001512217451818287	0.004329166375100613	0.009971103630959988	0.01111563574522734	0.02745282836258411	0.007656223140656948	0.006104702595621347	0.009360332973301411	0.009360332973301411	0.009169331751763821	0.005056100431829691	0.009360332973301411	0.006285880226641893	0.009962057694792747	0.01172970794141293	0.00653958972543478	0.01490065269172192	0.005832938943058252	0.001512217451818287	0.004031283315271139	0.001512217451818287	0.02430349588394165	0.003621356328949332	0.009360332973301411	0.001512217451818287	0.009360332973301411	0.001512217451818287	0.009484291076660156	0.008838426321744919	0.007900327444076538	0.009065331891179085	0.007285261992365122	0.003006465965881944	0.003211429575458169	0.009155369363725185	0.01183879468590021	0.009360332973301411	0.008939721621572971	0.001512217451818287	0.01405875012278557	0.001512217451818287	0.001512217451818287	0.005466026719659567	0.01743099093437195	0.008159168064594269	0.01565216481685638	0.013133330270648	0.03621099516749382	0.03471935540437698	0.01092556118965149	0.001512217451818287	0.006245240103453398	0.02927772887051105	0.02132318913936615	0.02854922413825989	0.01189872063696384	0.03904068842530251	0.0100302891805768	0.01067544613033533	0.04238269478082657	0.00817159004509449	0.01198938116431236	0.03416070342063904	0.006072196178138256	0.001512217451818287	0.008887100964784622	0.001512217451818287	0.01308377739042044	0.004235387779772282	0.003624585689976811	0.001512217451818287	0.001512217451818287	0.009102064184844494	0.005780311767011881	0.001512217451818287	0.001864270423538983	0.004836282227188349	0.01129824481904507	0.003949477337300777	0.006793385371565819	0.01181681547313929	0.00817718543112278	0.003258064156398177	0.001512217451818287	0.01703091152012348	0.008948366157710552	0.02375512570142746	0.008119312115013599	0.001512217451818287	0.002049967413768172	0.01101590972393751	0.002216870663687587	0.001512217451818287	0.0007349964580498636	0.00468091806396842	0.00990417692810297	0.008749163709580898	0.007349876686930656	0.001512217451818287	0.003832401009276509	0.001864544348791242	0.007970860227942467
S1-male-2	0.002346968976780772	0.002113415161147714	0.02710152417421341	0.003625632030889392	0	0.002113415161147714	0.002814075676724315	0.01906666532158852	0.002230192068964243	0.002984575694426894	0.002113415161147714	0.001937576686032116	0.006129604764282703	0.02232265286147594	0.05947677791118622	0.008407045155763626	0.002113415161147714	0.01328431162983179	0.006784491706639528	0.06993443518877029	0.01443756185472012	0.01443756185472012	0.01443756185472012	0.0100906090810895	0.01443756185472012	0.0135444076731801	0.01470067631453276	0.06236286461353302	0.007772055454552174	0.03224718198180199	0.008262316696345806	0.01031194999814034	0.008180040866136551	0.008672242984175682	0.009492096491158009	0.009057494811713696	0.01772917993366718	0.06191609054803848	0.01560846623033285	0.06504972279071808	0.06504972279071808	0.06504972279071808	0.01539927441626787	0.009057494811713696	0.01238383911550045	0.03310007229447365	0.007751408964395523	0.02616664953529835	0.01897353865206242	0.007968347519636154	0.01031194999814034	0.01031194999814034	0.01031194999814034	0.002113415161147714	0.005285118706524372	0.002113415161147714	0.00140951934736222	0.002113415161147714	0.002111629582941532	0.008218389004468918	0.01462444197386503	0.03107838705182076	0.008724594488739967	0.007173073012381792	0.01031194999814034	0.01031194999814034	0.01058680005371571	0.00600771838799119	0.01031194999814034	0.00723749864846468	0.00774342380464077	0.009160717949271202	0.005377179943025112	0.01233166083693504	0.006784491706639528	0.002113415161147714	0.004982901271432638	0.002113415161147714	0.02243402227759361	0.004572974517941475	0.01031194999814034	0.002113415161147714	0.01031194999814034	0.002113415161147714	0.0131098460406065	0.009177046827971935	0.01140913181006908	0.009755519218742847	0.005418264307081699	0.003958084620535374	0.004163047764450312	0.01010698731988668	0.01313950214534998	0.01031194999814034	0.01244852505624294	0.002113415161147714	0.01439736783504486	0.002113415161147714	0.002113415161147714	0.006417645141482353	0.01873169839382172	0.009227536618709564	0.0177516620606184	0.01675888709723949	0.03672540187835693	0.03623102232813835	0.01455111801624298	0.002113415161147714	0.007313610054552555	0.02973310276865959	0.02274066023528576	0.03217479586601257	0.01552427746355534	0.0426662489771843	0.01365584693849087	0.01207028701901436	0.04589150473475456	0.01168039441108704	0.01561493892222643	0.03766953200101852	0.009697753936052322	0.002113415161147714	0.01110389921814203	0.002113415161147714	0.01354024466127157	0.005367893725633621	0.002114433795213699	0.002113415161147714	0.002113415161147714	0.01061365753412247	0.004969668574631214	0.002113415161147714	0.001761362073011696	0.006253813393414021	0.01119073573499918	0.005462167784571648	0.005635613109916449	0.01311752293258905	0.009477891027927399	0.004558772314339876	0.002113415161147714	0.0185451228171587	0.009581024758517742	0.02517265826463699	0.008715910837054253	0.002113415161147714	0.004619691520929337	0.01235281489789486	0.00140876101795584	0.002113415161147714	0.003539769677445292	0.00352314580231905	0.009912874549627304	0.01084975432604551	0.009627064689993858	0.002113415161147714	0.005757209844887257	0.001761088031344116	0.005752226803451777
S10-female-1	0.0002335539174964651	0	0.02674708142876625	0.001512217451818287	0.002113415161147714	0	0.0007006616797298193	0.0201223399490118	0.0001167768859886564	0.002808386692777276	0	0.0003520778845995665	0.005951754748821259	0.0240836888551712	0.057363361120224	0.006293631624430418	0	0.0111708976328373	0.004671077709645033	0.07099121063947678	0.01408311631530523	0.01408311631530523	0.01408311631530523	0.009736164472997189	0.01408311631530523	0.01530544273555279	0.01258726231753826	0.0602494515478611	0.006363295949995518	0.03330395370721817	0.006148901768028736	0.008198535069823265	0.00923681166023016	0.006558828521519899	0.007378681562840939	0.01011426467448473	0.01737473718822002	0.05980267748236656	0.01666523888707161	0.06293631345033646	0.06293631345033646	0.06293631345033646	0.01645604521036148	0.01011426467448473	0.01344061084091663	0.03415684029459953	0.008808179758489132	0.02722342126071453	0.0200303103774786	0.009025119245052338	0.008198535069823265	0.008198535069823265	0.008198535069823265	0	0.006341889500617981	0	0.002466290490701795	0	0.003167304443195462	0.009275159798562527	0.01251102704554796	0.02896497398614883	0.006611179560422897	0.005059659015387297	0.008198535069823265	0.008198535069823265	0.008473385125398636	0.003894304390996695	0.008198535069823265	0.005124084651470184	0.008800193667411804	0.01021748967468739	0.005377728957682848	0.0133884334936738	0.004671077709645033	0	0.00286948774009943	0	0.0234907940030098	0.002459560753777623	0.008198535069823265	0	0.008198535069823265	0	0.01099643297493458	0.01023381762206554	0.009295717813074589	0.01046072226017714	0.0061234668828547	0.001844670623540878	0.002049633767455816	0.007993572391569614	0.01102608721703291	0.008198535069823265	0.01033511199057102	0	0.01545413956046104	0	0	0.004304231144487858	0.0166182853281498	0.007114122156053782	0.01704755611717701	0.01464547403156757	0.03760638833045959	0.03623156622052193	0.01243770308792591	0	0.00520019605755806	0.03078987449407578	0.02062724530696869	0.03006137907505035	0.01341086346656084	0.04055283218622208	0.01154243294149637	0.01207083649933338	0.04377808794379234	0.009566979482769966	0.01350152399390936	0.0355561152100563	0.007584339939057827	0	0.01039924565702677	0	0.01459591928869486	0.00466378778219223	0.002112368820235133	0	0	0.01061420608311892	0.004967603832483292	0	0.0003520532627590001	0.004140399396419525	0.01048553548753262	0.005461620166897774	0.005281168967485428	0.01100410800427198	0.007364477962255478	0.00244535761885345	0	0.01854305900633335	0.0104605108499527	0.02305924333631992	0.007306605111807585	0	0.003562110010534525	0.01252805255353451	0.0007046543760225177	0	0.002130461158230901	0.003168701194226742	0.009208221919834614	0.01014455314725637	0.008745267987251282	0	0.005227793008089066	0.0003523271880112588	0.006808997597545385
S10-female-2	0.0004671077185776085	0.0007006616797298193	0.02674693241715431	0.001862523029558361	0.002814075676724315	0.0007006616797298193	0	0.01942167803645134	0.0005838847137056291	0.002107724780216813	0.0007006616797298193	0.001052739331498742	0.006302010267972946	0.02408353798091412	0.05736321210861206	0.006527085322886705	0.0007006616797298193	0.01117074768990278	0.003970416262745857	0.07099106162786484	0.01478377729654312	0.01478377729654312	0.01478377729654312	0.009035500697791576	0.01478377729654312	0.01588930189609528	0.01258711237460375	0.06024930253624916	0.005662634037435055	0.03260328993201256	0.006148751825094223	0.008198385126888752	0.009236661717295647	0.006558678112924099	0.007378531619906425	0.01011411473155022	0.01737458631396294	0.05980252474546432	0.015964575111866	0.06293616443872452	0.06293616443872452	0.06293616443872452	0.01703990437090397	0.01011411473155022	0.01344045903533697	0.03415669128298759	0.009508839808404446	0.02757367677986622	0.02003016136586666	0.009024969302117825	0.008198385126888752	0.008198385126888752	0.008198385126888752	0.0007006616797298193	0.007042549084872007	0.0007006616797298193	0.003166950773447752	0.0007006616797298193	0.003167303977534175	0.008574498817324638	0.01251087617129087	0.02826431393623352	0.005910518113523722	0.004358997568488121	0.008198385126888752	0.008198385126888752	0.007772724144160748	0.003894154448062181	0.008198385126888752	0.005123934708535671	0.008099532686173916	0.0109181497246027	0.004677067045122385	0.01408909354358912	0.003970416262745857	0.0007006616797298193	0.00286933733150363	0.0007006616797298193	0.02349064126610756	0.002459410578012466	0.008198385126888752	0.0007006616797298193	0.008198385126888752	0.0007006616797298193	0.01029577106237411	0.01023366767913103	0.009295566938817501	0.01046057231724262	0.0061233164742589	0.001844520447775722	0.002049483824521303	0.007993422448635101	0.01102593634277582	0.008198385126888752	0.01033496111631393	0.0007006616797298193	0.01568759232759476	0.0007006616797298193	0.0007006616797298193	0.004304081201553345	0.01661813445389271	0.006763716693967581	0.01704740710556507	0.01394481305032969	0.03760623931884766	0.03553090617060661	0.01173704117536545	0.0007006616797298193	0.004499535076320171	0.03067297115921974	0.01992658153176308	0.02936071716248989	0.01271020248532295	0.03985217213630676	0.01084177009761333	0.01207068562507629	0.0437779389321804	0.009566828608512878	0.01280086394399405	0.03555595874786377	0.006883678026497364	0.0007006616797298193	0.01016559265553951	0.0007006616797298193	0.01389525830745697	0.004430133849382401	0.002813029102981091	0.0007006616797298193	0.0007006616797298193	0.01049730367958546	0.005201057065278292	0.0007006616797298193	0.001052714651450515	0.003439737716689706	0.0104853855445981	0.005227966234087944	0.005981828551739454	0.01100395806133747	0.007364328019320965	0.002912415191531181	0.0007006616797298193	0.01784239523112774	0.01046041026711464	0.02235858328640461	0.007306454237550497	0.0007006616797298193	0.002861448097974062	0.01194414310157299	0.001405315706506371	0.0007006616797298193	0.002597518963739276	0.003869361476972699	0.008507560007274151	0.01014440320432186	0.008861919865012169	0.0007006616797298193	0.005227642133831978	0.001052988576702774	0.006575442850589752
S10-Female-3	0.01988878659904003	0.0201223399490118	0.01581620424985886	0.01861019060015678	0.01906666532158852	0.0201223399490118	0.01942167803645134	0	0.02000556327402592	0.01854095980525017	0.0201223399490118	0.01994650065898895	0.01417058426886797	0.02724999748170376	0.05187319591641426	0.0138287078589201	0.0201223399490118	0.01355001144111156	0.02210727147758007	0.08133821189403534	0.03121430240571499	0.03121430240571499	0.03121430240571499	0.02523241937160492	0.03121430240571499	0.02823207341134548	0.007535076234489679	0.04762011393904686	0.02006481401622295	0.01768587715923786	0.02300061471760273	0.02505024708807468	0.02380029670894146	0.02341054007411003	0.02423039451241493	0.02467774786055088	0.008195539936423302	0.06713306158781052	0.01666313223540783	0.05030697584152222	0.05030697584152222	0.05030697584152222	0.03286371007561684	0.02467774786055088	0.02217770181596279	0.01923927664756775	0.02664228342473507	0.04246567934751511	0.01146400533616543	0.02358860149979591	0.02505024708807468	0.02505024708807468	0.02505024708807468	0.0201223399490118	0.02417599409818649	0.0201223399490118	0.02030039951205254	0.0201223399490118	0.0176591407507658	0.02328926883637905	0.01657680794596672	0.01919522508978844	0.02276238054037094	0.02121086232364178	0.02505024708807468	0.02505024708807468	0.02343176491558552	0.02074601873755455	0.02505024708807468	0.0219757966697216	0.02453216537833214	0.0280515942722559	0.02122882939875126	0.03122253902256489	0.02210727147758007	0.0201223399490118	0.02007160894572735	0.0201223399490118	0.03523681312799454	0.01989528723061085	0.02505024708807468	0.0201223399490118	0.02505024708807468	0.0201223399490118	0.01691888831555843	0.01985871233046055	0.02032103948295116	0.01716797985136509	0.02121430449187756	0.01986443437635899	0.01983577944338322	0.02484528534114361	0.02662647143006325	0.02505024708807468	0.01951526291668415	0.0201223399490118	0.02070098184049129	0.0201223399490118	0.0201223399490118	0.02115594409406185	0.02977506443858147	0.02361557818949223	0.01209758687764406	0.01331749651581049	0.02304039336740971	0.02131662890315056	0.01693611964583397	0.0201223399490118	0.02193548530340195	0.01575555466115475	0.03488745167851448	0.0158877968788147	0.01266697328537703	0.02722298912703991	0.01079853996634483	0.008580371737480164	0.03114875592291355	0.02350549772381783	0.01733270101249218	0.02208304032683372	0.0189605038613081	0.0201223399490118	0.01831214316189289	0.0201223399490118	0.01426082104444504	0.01739301346242428	0.01871458254754543	0.0201223399490118	0.0201223399490118	0.01003700215369463	0.0178983248770237	0.0201223399490118	0.01977028511464596	0.01843433454632759	0.02267536334693432	0.01554225478321314	0.02241235412657261	0.02401944249868393	0.02165536768734455	0.01953963376581669	0.0201223399490118	0.00405716011300683	0.01715852878987789	0.03350784257054329	0.02089338749647141	0.0201223399490118	0.01749646663665771	0.01459188014268875	0.01941768638789654	0.0201223399490118	0.0181682538241148	0.0202998872846365	0.02069438248872757	0.009977784939110279	0.01190578751266003	0.0201223399490118	0.01577608287334442	0.01977001316845417	0.02370888739824295
S10-male-1	0.0001167770242318511	0.0001167768859886564	0.02674705907702446	0.001395440544001758	0.002230192068964243	0.0001167768859886564	0.0005838847137056291	0.02000556327402592	0	0.002691609552130103	0.0001167768859886564	0.0004688545304816216	0.005951730534434319	0.02408366277813911	0.05736333876848221	0.006293606478720903	0.0001167768859886564	0.01117087248712778	0.00455430056899786	0.07099118828773499	0.01419989299029112	0.01419989299029112	0.01419989299029112	0.009619385935366154	0.01419989299029112	0.01530541852116585	0.01258723717182875	0.06024942547082901	0.006246519275009632	0.03318717703223228	0.006148877087980509	0.008198510855436325	0.00923678744584322	0.006558803375810385	0.007378656882792711	0.01011424046009779	0.01737471111118793	0.05980265140533447	0.01654846034944057	0.06293629109859467	0.06293629109859467	0.06293629109859467	0.01645602099597454	0.01011424046009779	0.01344058569520712	0.03415681794285774	0.008924956433475018	0.02722339518368244	0.02003028430044651	0.009025094099342823	0.008198510855436325	0.008198510855436325	0.008198510855436325	0.0001167768859886564	0.006458666175603867	0.0001167768859886564	0.00258306716568768	0.0001167768859886564	0.00305052800104022	0.009158383123576641	0.01251100189983845	0.02884819731116295	0.006494402885437012	0.004942881874740124	0.008198510855436325	0.008198510855436325	0.00835660845041275	0.003894279478117824	0.008198510855436325	0.00512405950576067	0.008683417923748493	0.01033426634967327	0.005260951817035675	0.01350521016865969	0.00455430056899786	0.0001167768859886564	0.002869462594389915	0.0001167768859886564	0.02349076792597771	0.002459535840898752	0.008198510855436325	0.0001167768859886564	0.008198510855436325	0.0001167768859886564	0.01087965629994869	0.01023379247635603	0.009295692667365074	0.01046069711446762	0.006123441737145185	0.001844645710662007	0.002049609087407589	0.0079935472458601	0.01102606207132339	0.008198510855436325	0.01033508684486151	0.0001167768859886564	0.01545411348342896	0.0001167768859886564	0.0001167768859886564	0.004304205998778343	0.01661825925111771	0.006997345946729183	0.01704753190279007	0.01452869735658169	0.03760636225342751	0.03611479327082634	0.01232092641294003	0.0001167768859886564	0.005083419382572174	0.03067309781908989	0.02051046676933765	0.02994460240006447	0.01329408679157495	0.04043605551123619	0.01142565533518791	0.01207081135362387	0.04377806186676025	0.009566954337060452	0.01338474731892347	0.03555608540773392	0.007467563264071941	0.0001167768859886564	0.01028246898204088	0.0001167768859886564	0.01447914261370897	0.004547010641545057	0.002229145728051662	0.0001167768859886564	0.0001167768859886564	0.01049742940813303	0.004967578686773777	0.0001167768859886564	0.0004688298504333943	0.00402362272143364	0.0104855103418231	0.005344843491911888	0.005397945642471313	0.01100408285856247	0.007364452816545963	0.002445332705974579	0.0001167768859886564	0.01842628233134747	0.01034373417496681	0.02294246666133404	0.00730657996609807	0.0001167768859886564	0.003445333335548639	0.01241127587854862	0.0008214309928007424	0.0001167768859886564	0.002130436478182673	0.003285477869212627	0.009091444313526154	0.01014452800154686	0.008745243772864342	0.0001167768859886564	0.005227767862379551	0.000469103833893314	0.006692220456898212
S10-male-2-	0.00257483241148293	0.002808386692777276	0.02674771472811699	0.003970247693359852	0.002984575694426894	0.002808386692777276	0.002107724780216813	0.01854095980525017	0.002691609552130103	0	0.002808386692777276	0.00245630880817771	0.007530249655246735	0.02384419180452824	0.05841971933841705	0.008634809404611588	0.002808386692777276	0.01316166948527098	0.003976155072450638	0.07069607824087143	0.01583577506244183	0.01583577506244183	0.01583577506244183	0.009620392695069313	0.01583577506244183	0.01588356122374535	0.01446123328059912	0.06130580604076385	0.00496371928602457	0.03184119984507561	0.007205258123576641	0.00925489142537117	0.008708074688911438	0.007615184877067804	0.008435037918388844	0.009585527703166008	0.01807617954909801	0.06085903197526932	0.0143852224573493	0.06399266421794891	0.06399266421794891	0.06399266421794891	0.01756253466010094	0.009585527703166008	0.01291187293827534	0.03362810611724854	0.01003146916627884	0.02809630706906319	0.0195015724748373	0.008496382273733616	0.00925489142537117	0.00925489142537117	0.00925489142537117	0.002808386692777276	0.007565178908407688	0.002808386692777276	0.003689582692459226	0.002808386692777276	0.003337802831083536	0.00699514476582408	0.01356738433241844	0.02827005088329315	0.00591625738888979	0.004364736843854189	0.00925489142537117	0.00925489142537117	0.008478973992168903	0.004950661212205887	0.00925489142537117	0.006180440541356802	0.007220839615911245	0.01144077815115452	0.003097713459283113	0.01461172290146351	0.003976155072450638	0.002808386692777276	0.004042646382004023	0.002808386692777276	0.02366286516189575	0.00386632326990366	0.00925489142537117	0.002808386692777276	0.00925489142537117	0.002808386692777276	0.01135227829217911	0.009705081582069397	0.01035207416862249	0.009931986220180988	0.00559473130851984	0.003601839067414403	0.003690000623464584	0.009049928747117519	0.01208244357258081	0.00925489142537117	0.01139146741479635	0.002808386692777276	0.01621022261679173	0.002808386692777276	0.002808386692777276	0.005360587500035763	0.01767463982105255	0.007820223458111286	0.01669460535049438	0.01395055186003447	0.0370776504278183	0.03418505564332008	0.01185953244566917	0.002808386692777276	0.004505273886024952	0.03014438226819038	0.02051608078181744	0.0298334639519453	0.01271594129502773	0.03985791280865669	0.01084750890731812	0.01247651502490044	0.0448344461619854	0.01062333583831787	0.01280660275369883	0.03661247342824936	0.006889417767524719	0.002808386692777276	0.009989527985453606	0.002808386692777276	0.01178753189742565	0.004310935735702515	0.003865030128508806	0.002808386692777276	0.002808386692777276	0.0109031330794096	0.006429295986890793	0.002808386692777276	0.00263252342119813	0.004613146651536226	0.01165580376982689	0.00557693000882864	0.007033827714622021	0.01276127714663744	0.008420833386480808	0.005020140204578638	0.002808386692777276	0.01766916178166866	0.01045466866344213	0.02306483313441277	0.007835043594241142	0.002808386692777276	0.00280466116964817	0.01159229502081871	0.002103732200339437	0.002808386692777276	0.004177327733486891	0.004921361338347197	0.007864488288760185	0.01154842786490917	0.009913919493556023	0.002808386692777276	0.006339079700410366	0.002456059446558356	0.007098071742802858
S2-female-1	0.0002335539174964651	0	0.02674708142876625	0.001512217451818287	0.002113415161147714	0	0.0007006616797298193	0.0201223399490118	0.0001167768859886564	0.002808386692777276	0	0.0003520778845995665	0.005951754748821259	0.0240836888551712	0.057363361120224	0.006293631624430418	0	0.0111708976328373	0.004671077709645033	0.07099121063947678	0.01408311631530523	0.01408311631530523	0.01408311631530523	0.009736164472997189	0.01408311631530523	0.01530544273555279	0.01258726231753826	0.0602494515478611	0.006363295949995518	0.03330395370721817	0.006148901768028736	0.008198535069823265	0.00923681166023016	0.006558828521519899	0.007378681562840939	0.01011426467448473	0.01737473718822002	0.05980267748236656	0.01666523888707161	0.06293631345033646	0.06293631345033646	0.06293631345033646	0.01645604521036148	0.01011426467448473	0.01344061084091663	0.03415684029459953	0.008808179758489132	0.02722342126071453	0.0200303103774786	0.009025119245052338	0.008198535069823265	0.008198535069823265	0.008198535069823265	0	0.006341889500617981	0	0.002466290490701795	0	0.003167304443195462	0.009275159798562527	0.01251102704554796	0.02896497398614883	0.006611179560422897	0.005059659015387297	0.008198535069823265	0.008198535069823265	0.008473385125398636	0.003894304390996695	0.008198535069823265	0.005124084651470184	0.008800193667411804	0.01021748967468739	0.005377728957682848	0.0133884334936738	0.004671077709645033	0	0.00286948774009943	0	0.0234907940030098	0.002459560753777623	0.008198535069823265	0	0.008198535069823265	0	0.01099643297493458	0.01023381762206554	0.009295717813074589	0.01046072226017714	0.0061234668828547	0.001844670623540878	0.002049633767455816	0.007993572391569614	0.01102608721703291	0.008198535069823265	0.01033511199057102	0	0.01545413956046104	0	0	0.004304231144487858	0.0166182853281498	0.007114122156053782	0.01704755611717701	0.01464547403156757	0.03760638833045959	0.03623156622052193	0.01243770308792591	0	0.00520019605755806	0.03078987449407578	0.02062724530696869	0.03006137907505035	0.01341086346656084	0.04055283218622208	0.01154243294149637	0.01207083649933338	0.04377808794379234	0.009566979482769966	0.01350152399390936	0.0355561152100563	0.007584339939057827	0	0.01039924565702677	0	0.01459591928869486	0.00466378778219223	0.002112368820235133	0	0	0.01061420608311892	0.004967603832483292	0	0.0003520532627590001	0.004140399396419525	0.01048553548753262	0.005461620166897774	0.005281168967485428	0.01100410800427198	0.007364477962255478	0.00244535761885345	0	0.01854305900633335	0.0104605108499527	0.02305924333631992	0.007306605111807585	0	0.003562110010534525	0.01252805255353451	0.0007046543760225177	0	0.002130461158230901	0.003168701194226742	0.009208221919834614	0.01014455314725637	0.008745267987251282	0	0.005227793008089066	0.0003523271880112588	0.006808997597545385
S2-male-1	0.0005856315256096423	0.0003520778845995665	0.02639500424265862	0.00186429510358721	0.001937576686032116	0.0003520778845995665	0.001052739331498742	0.01994650065898895	0.0004688545304816216	0.00245630880817771	0.0003520778845995665	0	0.005775916390120983	0.02373160980641842	0.05771543830633163	0.006645709276199341	0.0003520778845995665	0.01152297481894493	0.005023155361413956	0.07116749882698059	0.0137310391291976	0.0137310391291976	0.0137310391291976	0.009384087286889553	0.0137310391291976	0.01495336648076773	0.01293934043496847	0.06060152873396873	0.00653958972543478	0.03348024562001228	0.006500979885458946	0.00855061411857605	0.009413105435669422	0.006910906638950109	0.007730759680271149	0.01029055844992399	0.01702265813946724	0.0601547546684742	0.01684153079986572	0.06328839063644409	0.06328839063644409	0.06328839063644409	0.01663233898580074	0.01029055844992399	0.01361690275371075	0.03433313593268394	0.008984473533928394	0.02739971689879894	0.02020660229027271	0.009201412089169025	0.00855061411857605	0.00855061411857605	0.00855061411857605	0.0003520778845995665	0.006518183276057243	0.0003520778845995665	0.002642584033310413	0.0003520778845995665	0.002991466084495187	0.009451453574001789	0.01286310516297817	0.02931705117225647	0.00696325721219182	0.005411736667156219	0.00855061411857605	0.00855061411857605	0.008825463242828846	0.004246382042765617	0.00855061411857605	0.005476162768900394	0.008976487442851067	0.01039378345012665	0.005554022267460823	0.01356472726911306	0.005023155361413956	0.0003520778845995665	0.003221565391868353	0.0003520778845995665	0.02366708591580391	0.00281163863837719	0.00855061411857605	0.0003520778845995665	0.00855061411857605	0.0003520778845995665	0.01134851016104221	0.01041011139750481	0.009647795930504799	0.0106370160356164	0.00629976112395525	0.002196748275309801	0.002401711419224739	0.008345650508999825	0.01137816440314054	0.00855061411857605	0.01068719010800123	0.0003520778845995665	0.01563043147325516	0.0003520778845995665	0.0003520778845995665	0.004656308796256781	0.01697036251425743	0.007466200273483992	0.01722384989261627	0.01499755214899778	0.03778268396854401	0.03640786185860634	0.0127897821366787	0.0003520778845995665	0.00555227417498827	0.03096616640686989	0.02097932063043118	0.03041345812380314	0.01376294158399105	0.04090491309762001	0.01189451012760401	0.01224712934345007	0.04413016512989998	0.009919058531522751	0.01385360304266214	0.03590819239616394	0.007936417125165462	0.0003520778845995665	0.01022340729832649	0.0003520778845995665	0.01424384117126465	0.004840081091970205	0.001760290819220245	0.0003520778845995665	0.0003520778845995665	0.01079049985855818	0.004791765473783016	0.0003520778845995665	0.0001762145839165896	0.004492477048188448	0.01030969619750977	0.005285781808197498	0.004929090850055218	0.01135618612170219	0.007716556079685688	0.002797435270622373	0.0003520778845995665	0.0183672197163105	0.01010843273252249	0.02341132052242756	0.007130765821784735	0.0003520778845995665	0.003210031893104315	0.01235221512615681	0.0008809479186311364	0.0003520778845995665	0.001954622799530625	0.002816623076796532	0.009032382629811764	0.009968714788556099	0.008393190801143646	0.0003520778845995665	0.005051953718066216	0.0005286207306198776	0.006985291372984648
S2-male-2	0.005951705388724804	0.005951754748821259	0.02167627774178982	0.004556362051516771	0.006129604764282703	0.005951754748821259	0.006302010267972946	0.01417058426886797	0.005951730534434319	0.007530249655246735	0.005951754748821259	0.005775916390120983	0	0.02032237686216831	0.05624162778258324	0.005725059658288956	0.005951754748821259	0.009758590720593929	0.01027242559939623	0.07347219437360764	0.01739529147744179	0.01739529147744179	0.01739529147744179	0.01269793044775724	0.01739529147744179	0.01547080185264349	0.01201868988573551	0.05968087166547775	0.008758845739066601	0.03185645863413811	0.01139979809522629	0.01344943139702082	0.01360878720879555	0.01180972438305616	0.01262957789003849	0.01448624022305012	0.01361343171447515	0.0586809478700161	0.01521774474531412	0.06236773729324341	0.06236773729324341	0.06236773729324341	0.02010244131088257	0.01448624022305012	0.01234220061451197	0.03270934522151947	0.01388101279735565	0.02970440499484539	0.01858281344175339	0.01339709386229515	0.01344943139702082	0.01344943139702082	0.01344943139702082	0.005951754748821259	0.01141472160816193	0.005951754748821259	0.007539123296737671	0.005951754748821259	0.005248121917247772	0.01268795039504766	0.01229846477508545	0.0287524126470089	0.01186207495629787	0.01031055487692356	0.01344943139702082	0.01344943139702082	0.01253146212548018	0.009145200252532959	0.01344943139702082	0.01037498004734516	0.01352262124419212	0.01529032085090876	0.01045172475278378	0.01846126839518547	0.01027242559939623	0.005951754748821259	0.008120383135974407	0.005951754748821259	0.02597177587449551	0.007710456848144531	0.01344943139702082	0.005951754748821259	0.01344943139702082	0.005951754748821259	0.01078386884182692	0.009491418488323689	0.009076230227947235	0.00918901152908802	0.01067122630774975	0.007095566019415855	0.007300529628992081	0.01324446778744459	0.01502565387636423	0.01344943139702082	0.01012254692614079	0.005951754748821259	0.01400664635002613	0.005951754748821259	0.005951754748821259	0.009555126540362835	0.02026876620948315	0.01236501801759005	0.01612741686403751	0.01407689973711967	0.03615889698266983	0.03513564169406891	0.01186913158744574	0.005951754748821259	0.01045109331607819	0.02934238128364086	0.02398714609444141	0.02864907309412956	0.01284229010343552	0.03998426347970963	0.01097385957837105	0.01097491011023521	0.04320951551198959	0.01190468017011881	0.01237979624420404	0.03414380550384521	0.007481669541448355	0.005951754748821259	0.008171875961124897	0.005951754748821259	0.01139139384031296	0.006616228725761175	0.004719780758023262	0.005951754748821259	0.005951754748821259	0.009518280625343323	0.004137144889682531	0.005951754748821259	0.005599701777100563	0.006481386255472898	0.01141830906271935	0.003658137284219265	0.008593340404331684	0.01334509439766407	0.01005455013364553	0.005369050893932581	0.005951754748821259	0.01390079781413078	0.005213514901697636	0.02540023066103458	0.009292569942772388	0.005951754748821259	0.005077612120658159	0.008337046951055527	0.006304840557277203	0.005951754748821259	0.003997673280537128	0.006480872631072998	0.01066931709647179	0.008167767897248268	0.006592946127057076	0.005951754748821259	0.002895987126976252	0.006128298118710518	0.01153142470866442
S2014F_E2-2-B-F	0.02408363856375217	0.0240836888551712	0.02514867298305035	0.02268822491168976	0.02232265286147594	0.0240836888551712	0.02408353798091412	0.02724999748170376	0.02408366277813911	0.02384419180452824	0.0240836888551712	0.02373160980641842	0.02032237686216831	0	0.05581919476389885	0.02035416662693024	0.0240836888551712	0.02081603743135929	0.02782034315168858	0.07602597773075104	0.02250264585018158	0.02250264585018158	0.02250264585018158	0.01845177076756954	0.02250264585018158	0.01846267841756344	0.02431697398424149	0.07197914272546768	0.02577782049775124	0.03939642384648323	0.02836362831294537	0.03041326068341732	0.02211524918675423	0.02877355366945267	0.02959340810775757	0.02316848747432232	0.02011220343410969	0.06082262843847275	0.0194016620516777	0.07466600090265274	0.07466600090265274	0.07466600090265274	0.02690345607697964	0.02316848747432232	0.01996530219912529	0.03954458981752396	0.0216219499707222	0.03539910539984703	0.02753201685845852	0.02630726620554924	0.03041326068341732	0.03041326068341732	0.03041326068341732	0.0240836888551712	0.02038615010678768	0.0240836888551712	0.02161739766597748	0.0240836888551712	0.02232377789914608	0.02717742882668972	0.02635602094233036	0.04176270589232445	0.0288259033113718	0.02727438695728779	0.03041326068341732	0.03041326068341732	0.02978586032986641	0.02610903419554234	0.03041326068341732	0.02733881399035454	0.02138268388807774	0.02232812158763409	0.02641303092241287	0.02497171051800251	0.02782034315168858	0.0240836888551712	0.02508421987295151	0.0240836888551712	0.02782242558896542	0.02467429079115391	0.03041326068341732	0.0240836888551712	0.03041326068341732	0.0240836888551712	0.02519051171839237	0.02310624346137047	0.02568405121564865	0.02147325314581394	0.02551957778632641	0.02405940368771553	0.02426436729729176	0.03020829707384109	0.02723309397697449	0.03041326068341732	0.02487827837467194	0.0240836888551712	0.01806896924972534	0.0240836888551712	0.0240836888551712	0.02651895955204964	0.02276646345853806	0.02932884730398655	0.02771704085171223	0.02707335166633129	0.04581282660365105	0.04584724456071854	0.02556375414133072	0.0240836888551712	0.02764855697751045	0.03283172100782394	0.04013523086905479	0.04123792052268982	0.02607237547636032	0.05228253826498985	0.02420394867658615	0.02226929366588593	0.05550779774785042	0.02886850945651531	0.02085349336266518	0.04617949947714806	0.02467357739806175	0.0240836888551712	0.02428803779184818	0.0240836888551712	0.01787635870277882	0.0225223246961832	0.02267607860267162	0.0240836888551712	0.0240836888551712	0.02127856574952602	0.02314482815563679	0.0240836888551712	0.02390782535076141	0.02303844131529331	0.02608596161007881	0.02020628936588764	0.01880251988768578	0.02766036987304688	0.02777472138404846	0.02425731904804707	0.0240836888551712	0.02596588805317879	0.01653510890901089	0.03971543163061142	0.02718893066048622	0.0240836888551712	0.02227305807173252	0.02154861763119698	0.02337903529405594	0.0240836888551712	0.02230572514235973	0.02091498859226704	0.02556371502578259	0.02198384515941143	0.02011062949895859	0.0240836888551712	0.02026600204408169	0.02373136207461357	0.02038604952394962
S2014F_E2-3-B-F	0.05736330896615982	0.057363361120224	0.05230152979493141	0.05596796795725822	0.05947677791118622	0.057363361120224	0.05736321210861206	0.05187319591641426	0.05736333876848221	0.05841971933841705	0.057363361120224	0.05771543830633163	0.05624162778258324	0.05581919476389885	0	0.05106972903013229	0.057363361120224	0.04896755516529083	0.05736235529184341	0.1135883629322052	0.07144647091627121	0.07144647091627121	0.07144647091627121	0.06616510450839996	0.07144647091627121	0.06952197849750519	0.04734020680189133	0.07810124754905701	0.05614135786890984	0.05901216715574265	0.05562214553356171	0.05533558130264282	0.06081262975931168	0.05556482821702957	0.0554502084851265	0.06028836220502853	0.04889019951224327	0.01684226095676422	0.05654248595237732	0.08078810572624207	0.08078810572624207	0.08078810572624207	0.07268353551626205	0.06028836220502853	0.05872279405593872	0.0591641403734684	0.06617153435945511	0.0811791867017746	0.04782760888338089	0.0580311194062233	0.05533558130264282	0.05533558130264282	0.05533558130264282	0.057363361120224	0.06370524317026138	0.057363361120224	0.05982965230941772	0.057363361120224	0.06018025428056717	0.06258260458707809	0.04873109608888626	0.0573473796248436	0.05585093796253204	0.05605155974626541	0.05533558130264282	0.05533558130264282	0.05949746072292328	0.05593735724687576	0.05533558130264282	0.05576542019844055	0.0647619292140007	0.06758084148168564	0.05841941386461258	0.07075178623199463	0.05736235529184341	0.057363361120224	0.05608063936233521	0.057363361120224	0.07063139230012894	0.05613794922828674	0.05533558130264282	0.057363361120224	0.05533558130264282	0.057363361120224	0.05024097487330437	0.05505992472171783	0.05247532576322556	0.05271847918629646	0.05723204463720322	0.05622392147779465	0.05619526654481888	0.05536423623561859	0.05215541645884514	0.05533558130264282	0.0514359325170517	0.057363361120224	0.06023023277521133	0.057363361120224	0.057363361120224	0.05588004738092422	0.04162661358714104	0.05553609877824783	0.04542756825685501	0.04663968831300735	0.06191819906234741	0.06066113337874413	0.0495574101805687	0.057363361120224	0.05630903691053391	0.05883020162582397	0.06622574478387833	0.05521243810653687	0.04792205989360809	0.06364775449037552	0.04792246222496033	0.04740648716688156	0.06389012187719345	0.05379083007574081	0.04783140122890472	0.06279297918081284	0.05421559512615204	0.057363361120224	0.05464809387922287	0.057363361120224	0.0560196116566658	0.05539530515670776	0.05947572737932205	0.057363361120224	0.057363361120224	0.04897986724972725	0.05923938751220703	0.057363361120224	0.05771541595458984	0.05585097894072533	0.05876200273633003	0.05424810945987701	0.06264452636241913	0.0581447072327137	0.05596771836280823	0.05753699690103531	0.057363361120224	0.05005798116326332	0.05949772149324417	0.05892587453126907	0.05637708306312561	0.057363361120224	0.05649383366107941	0.05382641777396202	0.05806801468133926	0.057363361120224	0.05593707785010338	0.06053206324577332	0.05858838930726051	0.04862701892852783	0.05073055997490883	0.057363361120224	0.05424788594245911	0.05771568417549133	0.06370514631271362
S2014F_E5-2-A-F	0.006293581333011389	0.006293631624430418	0.02045345306396484	0.004898239858448505	0.008407045155763626	0.006293631624430418	0.006527085322886705	0.0138287078589201	0.006293606478720903	0.008634809404611588	0.006293631624430418	0.006645709276199341	0.005725059658288956	0.02035416662693024	0.05106972903013229	0	0.006293631624430418	0.004877264145761728	0.01049750111997128	0.07495401799678802	0.02037674747407436	0.02037674747407436	0.02037674747407436	0.01556258834898472	0.02037674747407436	0.01845225878059864	0.006293631158769131	0.0539558157324791	0.009159707464277744	0.02701032161712646	0.01150805689394474	0.01355768926441669	0.01459596678614616	0.01191798225045204	0.01273783668875694	0.01547341793775558	0.01108110975474119	0.05863726511597633	0.0103716067969799	0.05664268136024475	0.05664268136024475	0.05664268136024475	0.02216697297990322	0.01547341793775558	0.01297337096184492	0.02786321379244328	0.01510181091725826	0.03176893666386604	0.01373668108135462	0.01438427343964577	0.01355768926441669	0.01355768926441669	0.01355768926441669	0.006293631624430418	0.01263551972806454	0.006293631624430418	0.008759921416640282	0.006293631624430418	0.009110530838370323	0.01463568117469549	0.007641434203833342	0.02409538254141808	0.01197033375501633	0.01041881367564201	0.01355768926441669	0.01355768926441669	0.01348345447331667	0.009253459051251411	0.01355768926441669	0.01048323884606361	0.01462661847472191	0.01651111990213394	0.01120415329933167	0.01968206465244293	0.01049750111997128	0.006293631624430418	0.008228641003370285	0.006293631624430418	0.02745360136032104	0.007818714715540409	0.01355768926441669	0.006293631624430418	0.01355768926441669	0.006293631624430418	0.006126839201897383	0.0104785980656743	0.008828478865325451	0.007436296436935663	0.01148262061178684	0.007203824352473021	0.007408787962049246	0.01335272565484047	0.01568706892430782	0.01355768926441669	0.008022706024348736	0.006293631624430418	0.009160506539046764	0.006293631624430418	0.006293631624430418	0.009663384407758713	0.02058109268546104	0.01247327588498592	0.01075392588973045	0.008351841941475868	0.03131275624036789	0.02993793785572052	0.00614407192915678	0.006293631624430418	0.01055935025215149	0.02449623867869377	0.02493914030492306	0.0237677488476038	0.007117231376469135	0.03425920009613037	0.005248799920082092	0.005777205340564251	0.03748445957899094	0.01201293803751469	0.007207893300801516	0.0292624793946743	0.007350735366344452	0.006293631624430418	0.0106735872104764	0.006293631624430418	0.009726326912641525	0.007076054811477661	0.008406000211834908	0.006293631624430418	0.006293631624430418	0.004320574924349785	0.009628584608435631	0.006293631624430418	0.006645684596151114	0.008103209547698498	0.01444834377616644	0.004994381219148636	0.01157479919493198	0.01496691722422838	0.01202545873820782	0.007573577575385571	0.006293631624430418	0.01224942691624165	0.009651108644902706	0.02702205069363117	0.01196758449077606	0.006293631624430418	0.006358520593494177	0.009113926440477371	0.006998285185545683	0.006293631624430418	0.005043657496571541	0.009462332352995872	0.01317103020846844	0.0038509217556566	0.002451636595651507	0.006293631624430418	0.004760554060339928	0.00664595840498805	0.01263542100787163
S2014F_E5-2-B-F	0.0002335539174964651	0	0.02674708142876625	0.001512217451818287	0.002113415161147714	0	0.0007006616797298193	0.0201223399490118	0.0001167768859886564	0.002808386692777276	0	0.0003520778845995665	0.005951754748821259	0.0240836888551712	0.057363361120224	0.006293631624430418	0	0.0111708976328373	0.004671077709645033	0.07099121063947678	0.01408311631530523	0.01408311631530523	0.01408311631530523	0.009736164472997189	0.01408311631530523	0.01530544273555279	0.01258726231753826	0.0602494515478611	0.006363295949995518	0.03330395370721817	0.006148901768028736	0.008198535069823265	0.00923681166023016	0.006558828521519899	0.007378681562840939	0.01011426467448473	0.01737473718822002	0.05980267748236656	0.01666523888707161	0.06293631345033646	0.06293631345033646	0.06293631345033646	0.01645604521036148	0.01011426467448473	0.01344061084091663	0.03415684029459953	0.008808179758489132	0.02722342126071453	0.0200303103774786	0.009025119245052338	0.008198535069823265	0.008198535069823265	0.008198535069823265	0	0.006341889500617981	0	0.002466290490701795	0	0.003167304443195462	0.009275159798562527	0.01251102704554796	0.02896497398614883	0.006611179560422897	0.005059659015387297	0.008198535069823265	0.008198535069823265	0.008473385125398636	0.003894304390996695	0.008198535069823265	0.005124084651470184	0.008800193667411804	0.01021748967468739	0.005377728957682848	0.0133884334936738	0.004671077709645033	0	0.00286948774009943	0	0.0234907940030098	0.002459560753777623	0.008198535069823265	0	0.008198535069823265	0	0.01099643297493458	0.01023381762206554	0.009295717813074589	0.01046072226017714	0.0061234668828547	0.001844670623540878	0.002049633767455816	0.007993572391569614	0.01102608721703291	0.008198535069823265	0.01033511199057102	0	0.01545413956046104	0	0	0.004304231144487858	0.0166182853281498	0.007114122156053782	0.01704755611717701	0.01464547403156757	0.03760638833045959	0.03623156622052193	0.01243770308792591	0	0.00520019605755806	0.03078987449407578	0.02062724530696869	0.03006137907505035	0.01341086346656084	0.04055283218622208	0.01154243294149637	0.01207083649933338	0.04377808794379234	0.009566979482769966	0.01350152399390936	0.0355561152100563	0.007584339939057827	0	0.01039924565702677	0	0.01459591928869486	0.00466378778219223	0.002112368820235133	0	0	0.01061420608311892	0.004967603832483292	0	0.0003520532627590001	0.004140399396419525	0.01048553548753262	0.005461620166897774	0.005281168967485428	0.01100410800427198	0.007364477962255478	0.00244535761885345	0	0.01854305900633335	0.0104605108499527	0.02305924333631992	0.007306605111807585	0	0.003562110010534525	0.01252805255353451	0.0007046543760225177	0	0.002130461158230901	0.003168701194226742	0.009208221919834614	0.01014455314725637	0.008745267987251282	0	0.005227793008089066	0.0003523271880112588	0.006808997597545385
S2014F_E5-C-2-F	0.01117084734141827	0.0111708976328373	0.01997760310769081	0.009775431826710701	0.01328431162983179	0.0111708976328373	0.01117074768990278	0.01355001144111156	0.01117087248712778	0.01316166948527098	0.0111708976328373	0.01152297481894493	0.009758590720593929	0.02081603743135929	0.04896755516529083	0.004877264145761728	0.0111708976328373	0	0.01502436120063066	0.07561840116977692	0.0252540111541748	0.0252540111541748	0.0252540111541748	0.02008944377303123	0.0252540111541748	0.02332952246069908	0.006858667824417353	0.0545208603143692	0.01368649024516344	0.02757535874843597	0.01568446308374405	0.017734095454216	0.01877237111330032	0.0160943903028965	0.01691424287855625	0.01964982599020004	0.009532024152576923	0.05909920483827591	0.01186845358461142	0.05720771849155426	0.05720771849155426	0.05720771849155426	0.02513263188302517	0.01964982599020004	0.0171497780829668	0.02842817641794682	0.01997907087206841	0.03418143466114998	0.01430164463818073	0.01856067776679993	0.017734095454216	0.017734095454216	0.017734095454216	0.0111708976328373	0.01751278340816498	0.0111708976328373	0.0136371860280633	0.0111708976328373	0.01398779544979334	0.01725093089044094	0.009260654449462891	0.0250164270401001	0.01614674180746078	0.0145952207967639	0.017734095454216	0.017734095454216	0.01574825681746006	0.01342986617237329	0.017734095454216	0.01465964689850807	0.01915347576141357	0.02138838171958923	0.01573101244866848	0.02455933019518852	0.01502436120063066	0.0111708976328373	0.01240504905581474	0.0111708976328373	0.02873777598142624	0.01199512276798487	0.017734095454216	0.0111708976328373	0.017734095454216	0.0111708976328373	0.01030324772000313	0.01465500611811876	0.01300488691776991	0.01161270495504141	0.0156590286642313	0.01138023287057877	0.01158519648015499	0.01752912998199463	0.01719626970589161	0.017734095454216	0.01219911221414804	0.0111708976328373	0.01403777208179235	0.0111708976328373	0.0111708976328373	0.01383979339152575	0.02104303613305092	0.01664968393743038	0.01131896488368511	0.009265966713428497	0.0318777896463871	0.03050290234386921	0.01032048091292381	0.0111708976328373	0.01485257595777512	0.02506127581000328	0.02665077894926071	0.02242117561399937	0.008148174732923508	0.03482424095273018	0.006279741879552603	0.006342241540551186	0.03804949671030045	0.01618934608995914	0.008135742507874966	0.0273627508431673	0.01187759637832642	0.0111708976328373	0.01310401782393456	0.0111708976328373	0.01157918386161327	0.01125246286392212	0.01328326482325792	0.0111708976328373	0.0111708976328373	0.005351515021175146	0.01310895755887032	0.0111708976328373	0.01152295060455799	0.01117479708045721	0.01618060097098351	0.009170789271593094	0.01645206287503242	0.0166991725564003	0.01480497699230909	0.01105395145714283	0.0111708976328373	0.01220300421118736	0.01301468070596457	0.02875423431396484	0.01474710367619991	0.0111708976328373	0.01088538020849228	0.01084618363529444	0.01187555119395256	0.0111708976328373	0.009920848533511162	0.01433959696441889	0.01536918990314007	0.004998665302991867	0.004538095090538263	0.0111708976328373	0.008936961181461811	0.01152322441339493	0.01751268282532692
S2014F_E9-2-C-F	0.004437523894011974	0.004671077709645033	0.02849810570478439	0.005832938943058252	0.006784491706639528	0.004671077709645033	0.003970416262745857	0.02210727147758007	0.00455430056899786	0.003976155072450638	0.004671077709645033	0.005023155361413956	0.01027242559939623	0.02782034315168858	0.05736235529184341	0.01049750111997128	0.004671077709645033	0.01502436120063066	0	0.07414385676383972	0.01875418424606323	0.01875418424606323	0.01875418424606323	0.01253880374133587	0.01875418424606323	0.01985970884561539	0.01632392406463623	0.06024844944477081	0.002042523352429271	0.03330335021018982	0.007315919734537601	0.008197533898055553	0.01145504415035248	0.007492242846637964	0.007844887673854828	0.01163168624043465	0.02099459432065487	0.0601520799100399	0.01724899187684059	0.06293530762195587	0.06293530762195587	0.06293530762195587	0.02101031318306923	0.01163168624043465	0.015425237827003	0.03520705550909042	0.01347925048321486	0.03154408559203148	0.02073011733591557	0.009958531707525253	0.008197533898055553	0.008197533898055553	0.008197533898055553	0.004671077709645033	0.01101296301931143	0.004671077709645033	0.007137366570532322	0.004671077709645033	0.007137719076126814	0.007990587502717972	0.01344444137066603	0.02651218324899673	0.004508643411099911	0.004008290823549032	0.008197533898055553	0.008197533898055553	0.009290448389947414	0.006346144247800112	0.008197533898055553	0.006875112652778625	0.01066862046718597	0.01488855946809053	0.001407311763614416	0.0180595014244318	0	0.004671077709645033	0.005905337166041136	0.004671077709645033	0.02711064368486404	0.00572901451960206	0.008197533898055553	0.004671077709645033	0.008197533898055553	0.004671077709645033	0.01111253350973129	0.01163443922996521	0.01022913120687008	0.012211749330163	0.008108098059892654	0.005464530549943447	0.005552691873162985	0.008109373040497303	0.01102508511394262	0.008197533898055553	0.01115172356367111	0.004671077709645033	0.01965800113976002	0.004671077709645033	0.004671077709645033	0.006522466894239187	0.01907012425363064	0.007230073213577271	0.0178641676902771	0.01230943482369184	0.03900700807571411	0.03506319597363472	0.01080217584967613	0.004671077709645033	0.001229629968293011	0.03265774995088577	0.01945872418582439	0.02900971099734306	0.009440296329557896	0.03880055248737335	0.01130872871726751	0.01592429913580418	0.04377708584070206	0.00956597737967968	0.009530957788228989	0.038007952272892	0.003146765753626823	0.004671077709645033	0.01215037424117327	0.004671077709645033	0.01471256744116545	0.007582935504615307	0.006783445365726948	0.004671077709645033	0.004671077709645033	0.01435091719031334	0.009171472862362862	0.004671077709645033	0.005023130681365728	0.006475837901234627	0.01422219630330801	0.008847975172102451	0.009952242486178875	0.01462396793067455	0.008998703211545944	0.006882831454277039	0.004671077709645033	0.01982732862234116	0.01443082373589277	0.0235259011387825	0.009174433536827564	0.004671077709645033	0.005547292530536652	0.01474653743207455	0.005375731736421585	0.004671077709645033	0.006567935459315777	0.007839776575565338	0.01084294822067022	0.01411481946706772	0.01283233519643545	0.004671077709645033	0.00908125564455986	0.005023404955863953	0.01054585445672274
S2014F_E9-3-C-F	0.0709911584854126	0.07099121063947678	0.08246393501758575	0.07180391252040863	0.06993443518877029	0.07099121063947678	0.07099106162786484	0.08133821189403534	0.07099118828773499	0.07069607824087143	0.07099121063947678	0.07116749882698059	0.07347219437360764	0.07602597773075104	0.1135883629322052	0.07495401799678802	0.07099121063947678	0.07561840116977692	0.07414385676383972	0	0.08032813668251038	0.08032813668251038	0.08032813668251038	0.07539834827184677	0.08032813668251038	0.07885228842496872	0.07891682535409927	0.1236654743552208	0.07466550916433334	0.09108275175094604	0.07410305738449097	0.07615268230438232	0.06732580065727234	0.07451298087835312	0.07533283531665802	0.06890790909528732	0.08098637312650681	0.1160276755690575	0.06971541047096252	0.1263523399829865	0.1263523399829865	0.1263523399829865	0.06393389403820038	0.06890790909528732	0.06871746480464935	0.09123098105192184	0.06218302994966507	0.05081432685256004	0.08096383512020111	0.07204668968915939	0.07615268230438232	0.07615268230438232	0.07615268230438232	0.07099121063947678	0.0646493211388588	0.07099121063947678	0.06852491945028305	0.07099121063947678	0.07134409993886948	0.06890568882226944	0.07871975004673004	0.09238100796937943	0.07456532865762711	0.07301381230354309	0.07615268230438232	0.07615268230438232	0.06772991269826889	0.07184845954179764	0.07615268230438232	0.07307823747396469	0.06359203904867172	0.06218302994966507	0.07273654639720917	0.06535396724939346	0.07414385676383972	0.07099121063947678	0.07082364708185196	0.07099121063947678	0.05858565866947174	0.07064733654260635	0.07615268230438232	0.07099121063947678	0.07615268230438232	0.07099121063947678	0.07755424082279205	0.07326187193393707	0.07655169814825058	0.07454900443553925	0.07125900685787201	0.07073330134153366	0.07070465385913849	0.07594772428274155	0.07717574387788773	0.07615268230438232	0.07724200934171677	0.07099121063947678	0.06579351425170898	0.07099121063947678	0.07099121063947678	0.07225839048624039	0.07645225524902344	0.07506827265024185	0.08114879578351974	0.08050510287284851	0.09749914705753326	0.09753363579511642	0.07899551093578339	0.07099121063947678	0.07397206872701645	0.08293143659830093	0.06143132597208023	0.08548098802566528	0.08008822053670883	0.1039688661694527	0.07821979373693466	0.07686914503574371	0.1071941182017326	0.07717204838991165	0.07907256484031677	0.08386507630348206	0.07612530887126923	0.07099121063947678	0.07319632917642593	0.07099121063947678	0.07786889374256134	0.0707440972328186	0.07204887270927429	0.07099121063947678	0.07099121063947678	0.07587841898202896	0.07158398628234863	0.07099121063947678	0.0711674764752388	0.06936315447092056	0.06971365213394165	0.07282949984073639	0.07363560795783997	0.06915734708309174	0.07293298840522766	0.07058368623256683	0.07099121063947678	0.08145633339881897	0.07379789650440216	0.07550670951604843	0.07269933074712753	0.07099121063947678	0.07233422994613647	0.07331620901823044	0.07028655707836151	0.07099121063947678	0.07212954759597778	0.07257784903049469	0.06994273513555527	0.07728796452283859	0.07629559934139252	0.07099121063947678	0.07335814088582993	0.07063888013362885	0.06464921683073044
S2014m_E2-1-A-F	0.014316669665277	0.01408311631530523	0.03026785328984261	0.01559533551335335	0.01443756185472012	0.01408311631530523	0.01478377729654312	0.03121430240571499	0.01419989299029112	0.01583577506244183	0.01408311631530523	0.0137310391291976	0.01739529147744179	0.02250264585018158	0.07144647091627121	0.02037674747407436	0.01408311631530523	0.0252540111541748	0.01875418424606323	0.08032813668251038	0	0	0	0.006215382367372513	0	0.004039968829602003	0.02667037770152092	0.07433255016803741	0.02027061581611633	0.0459807887673378	0.02023201249539852	0.02228164300322533	0.02085894346237183	0.02064193785190582	0.02146178856492043	0.02191217988729477	0.0251204501837492	0.07388578355312347	0.02723266556859016	0.07701941579580307	0.07701941579580307	0.07701941579580307	0.02368357591331005	0.02191217988729477	0.02453538775444031	0.04665789380669594	0.0184966865926981	0.03480251505970955	0.03305871039628983	0.02187773585319519	0.02228164300322533	0.02228164300322533	0.02228164300322533	0.01408311631530523	0.01726088486611843	0.01408311631530523	0.01531891524791718	0.01408311631530523	0.01373135298490524	0.02230356633663177	0.0265941359102726	0.04304808005690575	0.02069428563117981	0.01914276741445065	0.02228164300322533	0.02228164300322533	0.02255649864673615	0.01797741837799549	0.02228164300322533	0.0192071944475174	0.01919183693826199	0.01920286007225513	0.01893348433077335	0.02079174295067787	0.01875418424606323	0.01408311631530523	0.01695260033011436	0.01408311631530523	0.0321245938539505	0.01654267311096191	0.02228164300322533	0.01408311631530523	0.02228164300322533	0.01408311631530523	0.02507954090833664	0.02326221950352192	0.02337882667779922	0.02384069189429283	0.01950344070792198	0.01592778414487839	0.01613274775445461	0.0220766793936491	0.02510919235646725	0.02228164300322533	0.02441821992397308	0.01408311631530523	0.02496686205267906	0.01408311631530523	0.01408311631530523	0.01838734373450279	0.03070139512419701	0.0211972314864397	0.03077909722924232	0.02872858382761478	0.05081057548522949	0.04978732392191887	0.02652081102132797	0.01408311631530523	0.01928330399096012	0.04206043481826782	0.0347103513777256	0.04414448514580727	0.02749397233128548	0.05463593825697899	0.02562554366886616	0.02562659792602062	0.05786120146512985	0.02365008555352688	0.027584632858634	0.04963922500610352	0.02166744507849216	0.01408311631530523	0.02377866208553314	0.01408311631530523	0.01882175728678703	0.01839533261954784	0.01267550885677338	0.01408311631530523	0.01408311631530523	0.02416997030377388	0.01588322222232819	0.01408311631530523	0.01390725281089544	0.01822351291775703	0.0235128179192543	0.01831311732530594	0.008801947347819805	0.02508722059428692	0.02144758775830269	0.01652847416698933	0.01408311631530523	0.02893075346946716	0.0159184243530035	0.03714235499501228	0.02086179703474045	0.01408311631530523	0.01623691245913506	0.02520376071333885	0.01443620212376118	0.01408311631530523	0.01568565890192986	0.01091441512107849	0.02258763648569584	0.02317183651030064	0.02071591839194298	0.01408311631530523	0.01772715710103512	0.01425965875387192	0.01772799156606197
S2014M_E2-1-A-M	0.014316669665277	0.01408311631530523	0.03026785328984261	0.01559533551335335	0.01443756185472012	0.01408311631530523	0.01478377729654312	0.03121430240571499	0.01419989299029112	0.01583577506244183	0.01408311631530523	0.0137310391291976	0.01739529147744179	0.02250264585018158	0.07144647091627121	0.02037674747407436	0.01408311631530523	0.0252540111541748	0.01875418424606323	0.08032813668251038	0	0	0	0.006215382367372513	0	0.004039968829602003	0.02667037770152092	0.07433255016803741	0.02027061581611633	0.0459807887673378	0.02023201249539852	0.02228164300322533	0.02085894346237183	0.02064193785190582	0.02146178856492043	0.02191217988729477	0.0251204501837492	0.07388578355312347	0.02723266556859016	0.07701941579580307	0.07701941579580307	0.07701941579580307	0.02368357591331005	0.02191217988729477	0.02453538775444031	0.04665789380669594	0.0184966865926981	0.03480251505970955	0.03305871039628983	0.02187773585319519	0.02228164300322533	0.02228164300322533	0.02228164300322533	0.01408311631530523	0.01726088486611843	0.01408311631530523	0.01531891524791718	0.01408311631530523	0.01373135298490524	0.02230356633663177	0.0265941359102726	0.04304808005690575	0.02069428563117981	0.01914276741445065	0.02228164300322533	0.02228164300322533	0.02255649864673615	0.01797741837799549	0.02228164300322533	0.0192071944475174	0.01919183693826199	0.01920286007225513	0.01893348433077335	0.02079174295067787	0.01875418424606323	0.01408311631530523	0.01695260033011436	0.01408311631530523	0.0321245938539505	0.01654267311096191	0.02228164300322533	0.01408311631530523	0.02228164300322533	0.01408311631530523	0.02507954090833664	0.02326221950352192	0.02337882667779922	0.02384069189429283	0.01950344070792198	0.01592778414487839	0.01613274775445461	0.0220766793936491	0.02510919235646725	0.02228164300322533	0.02441821992397308	0.01408311631530523	0.02496686205267906	0.01408311631530523	0.01408311631530523	0.01838734373450279	0.03070139512419701	0.0211972314864397	0.03077909722924232	0.02872858382761478	0.05081057548522949	0.04978732392191887	0.02652081102132797	0.01408311631530523	0.01928330399096012	0.04206043481826782	0.0347103513777256	0.04414448514580727	0.02749397233128548	0.05463593825697899	0.02562554366886616	0.02562659792602062	0.05786120146512985	0.02365008555352688	0.027584632858634	0.04963922500610352	0.02166744507849216	0.01408311631530523	0.02377866208553314	0.01408311631530523	0.01882175728678703	0.01839533261954784	0.01267550885677338	0.01408311631530523	0.01408311631530523	0.02416997030377388	0.01588322222232819	0.01408311631530523	0.01390725281089544	0.01822351291775703	0.0235128179192543	0.01831311732530594	0.008801947347819805	0.02508722059428692	0.02144758775830269	0.01652847416698933	0.01408311631530523	0.02893075346946716	0.0159184243530035	0.03714235499501228	0.02086179703474045	0.01408311631530523	0.01623691245913506	0.02520376071333885	0.01443620212376118	0.01408311631530523	0.01568565890192986	0.01091441512107849	0.02258763648569584	0.02317183651030064	0.02071591839194298	0.01408311631530523	0.01772715710103512	0.01425965875387192	0.01772799156606197
S2014m_E2-1-B-F	0.014316669665277	0.01408311631530523	0.03026785328984261	0.01559533551335335	0.01443756185472012	0.01408311631530523	0.01478377729654312	0.03121430240571499	0.01419989299029112	0.01583577506244183	0.01408311631530523	0.0137310391291976	0.01739529147744179	0.02250264585018158	0.07144647091627121	0.02037674747407436	0.01408311631530523	0.0252540111541748	0.01875418424606323	0.08032813668251038	0	0	0	0.006215382367372513	0	0.004039968829602003	0.02667037770152092	0.07433255016803741	0.02027061581611633	0.0459807887673378	0.02023201249539852	0.02228164300322533	0.02085894346237183	0.02064193785190582	0.02146178856492043	0.02191217988729477	0.0251204501837492	0.07388578355312347	0.02723266556859016	0.07701941579580307	0.07701941579580307	0.07701941579580307	0.02368357591331005	0.02191217988729477	0.02453538775444031	0.04665789380669594	0.0184966865926981	0.03480251505970955	0.03305871039628983	0.02187773585319519	0.02228164300322533	0.02228164300322533	0.02228164300322533	0.01408311631530523	0.01726088486611843	0.01408311631530523	0.01531891524791718	0.01408311631530523	0.01373135298490524	0.02230356633663177	0.0265941359102726	0.04304808005690575	0.02069428563117981	0.01914276741445065	0.02228164300322533	0.02228164300322533	0.02255649864673615	0.01797741837799549	0.02228164300322533	0.0192071944475174	0.01919183693826199	0.01920286007225513	0.01893348433077335	0.02079174295067787	0.01875418424606323	0.01408311631530523	0.01695260033011436	0.01408311631530523	0.0321245938539505	0.01654267311096191	0.02228164300322533	0.01408311631530523	0.02228164300322533	0.01408311631530523	0.02507954090833664	0.02326221950352192	0.02337882667779922	0.02384069189429283	0.01950344070792198	0.01592778414487839	0.01613274775445461	0.0220766793936491	0.02510919235646725	0.02228164300322533	0.02441821992397308	0.01408311631530523	0.02496686205267906	0.01408311631530523	0.01408311631530523	0.01838734373450279	0.03070139512419701	0.0211972314864397	0.03077909722924232	0.02872858382761478	0.05081057548522949	0.04978732392191887	0.02652081102132797	0.01408311631530523	0.01928330399096012	0.04206043481826782	0.0347103513777256	0.04414448514580727	0.02749397233128548	0.05463593825697899	0.02562554366886616	0.02562659792602062	0.05786120146512985	0.02365008555352688	0.027584632858634	0.04963922500610352	0.02166744507849216	0.01408311631530523	0.02377866208553314	0.01408311631530523	0.01882175728678703	0.01839533261954784	0.01267550885677338	0.01408311631530523	0.01408311631530523	0.02416997030377388	0.01588322222232819	0.01408311631530523	0.01390725281089544	0.01822351291775703	0.0235128179192543	0.01831311732530594	0.008801947347819805	0.02508722059428692	0.02144758775830269	0.01652847416698933	0.01408311631530523	0.02893075346946716	0.0159184243530035	0.03714235499501228	0.02086179703474045	0.01408311631530523	0.01623691245913506	0.02520376071333885	0.01443620212376118	0.01408311631530523	0.01568565890192986	0.01091441512107849	0.02258763648569584	0.02317183651030064	0.02071591839194298	0.01408311631530523	0.01772715710103512	0.01425965875387192	0.01772799156606197
S2014M_E2-1-B-M	0.009502609260380268	0.009736164472997189	0.02498649060726166	0.01089802663773298	0.0100906090810895	0.009736164472997189	0.009035500697791576	0.02523241937160492	0.009619385935366154	0.009620392695069313	0.009736164472997189	0.009384087286889553	0.01269793044775724	0.01845177076756954	0.06616510450839996	0.01556258834898472	0.009736164472997189	0.02008944377303123	0.01253880374133587	0.07539834827184677	0.006215382367372513	0.006215382367372513	0.006215382367372513	0	0.006215382367372513	0.007320907432585955	0.02138901129364967	0.06905119121074677	0.01405523996800184	0.03976540639996529	0.01495064329355955	0.01700027659535408	0.01557757519185543	0.01536056958138943	0.01618042215704918	0.01663081347942352	0.01983908005058765	0.06860441714525223	0.02101728320121765	0.07173804938793182	0.07173804938793182	0.07173804938793182	0.021680798381567	0.01663081347942352	0.01925401948392391	0.04137652739882469	0.01414973381906748	0.03221457451581955	0.02777734585106373	0.01659637130796909	0.01700027659535408	0.01700027659535408	0.01700027659535408	0.009736164472997189	0.01291393395513296	0.009736164472997189	0.01097196340560913	0.009736164472997189	0.008683737367391586	0.01608818210661411	0.02131276950240135	0.03683269768953323	0.01447890512645245	0.01292738504707813	0.01700027659535408	0.01700027659535408	0.01634111255407333	0.01269604824483395	0.01700027659535408	0.01392582803964615	0.0129764536395669	0.01555904187262058	0.01271810196340084	0.01872998662292957	0.01253880374133587	0.009736164472997189	0.01167123392224312	0.009736164472997189	0.02789793163537979	0.01126130763441324	0.01700027659535408	0.009736164472997189	0.01700027659535408	0.009736164472997189	0.01909766159951687	0.01798085495829582	0.01809746026992798	0.01855932548642159	0.01422207336872816	0.01064641866832972	0.01085138134658337	0.01679531298577785	0.0198278296738863	0.01700027659535408	0.01913684979081154	0.009736164472997189	0.02032848447561264	0.009736164472997189	0.009736164472997189	0.01310597453266382	0.02542002871632576	0.0155656086280942	0.02549772895872593	0.02251319959759712	0.04552920907735825	0.04357193782925606	0.02030542865395546	0.009736164472997189	0.01306792255491018	0.03666231408715248	0.02849497087299824	0.03792910277843475	0.02127858996391296	0.04842055961489677	0.0194101594388485	0.0204620324075222	0.05257983505725861	0.01836872100830078	0.02136925235390663	0.04435785859823227	0.01545206643640995	0.009736164472997189	0.01826378516852856	0.009736164472997189	0.01260637585073709	0.01288045942783356	0.008328555151820183	0.009736164472997189	0.009736164472997189	0.01888865046203136	0.01106906123459339	0.009736164472997189	0.009560300968587399	0.01200813241302967	0.01823144964873791	0.01279824692755938	0.004454994574189186	0.01980585418641567	0.01616621948778629	0.01194791775196791	0.009736164472997189	0.02271537110209465	0.01087071280926466	0.03092697449028492	0.01558043155819178	0.009736164472997189	0.01002152916043997	0.01933863572776318	0.01008924935013056	0.009736164472997189	0.01110510714352131	0.006567462347447872	0.01637225039303303	0.01812407188117504	0.01578495651483536	0.009736164472997189	0.01256259251385927	0.009912706911563873	0.01244682632386684
S2014m_E2-1-C-F	0.014316669665277	0.01408311631530523	0.03026785328984261	0.01559533551335335	0.01443756185472012	0.01408311631530523	0.01478377729654312	0.03121430240571499	0.01419989299029112	0.01583577506244183	0.01408311631530523	0.0137310391291976	0.01739529147744179	0.02250264585018158	0.07144647091627121	0.02037674747407436	0.01408311631530523	0.0252540111541748	0.01875418424606323	0.08032813668251038	0	0	0	0.006215382367372513	0	0.004039968829602003	0.02667037770152092	0.07433255016803741	0.02027061581611633	0.0459807887673378	0.02023201249539852	0.02228164300322533	0.02085894346237183	0.02064193785190582	0.02146178856492043	0.02191217988729477	0.0251204501837492	0.07388578355312347	0.02723266556859016	0.07701941579580307	0.07701941579580307	0.07701941579580307	0.02368357591331005	0.02191217988729477	0.02453538775444031	0.04665789380669594	0.0184966865926981	0.03480251505970955	0.03305871039628983	0.02187773585319519	0.02228164300322533	0.02228164300322533	0.02228164300322533	0.01408311631530523	0.01726088486611843	0.01408311631530523	0.01531891524791718	0.01408311631530523	0.01373135298490524	0.02230356633663177	0.0265941359102726	0.04304808005690575	0.02069428563117981	0.01914276741445065	0.02228164300322533	0.02228164300322533	0.02255649864673615	0.01797741837799549	0.02228164300322533	0.0192071944475174	0.01919183693826199	0.01920286007225513	0.01893348433077335	0.02079174295067787	0.01875418424606323	0.01408311631530523	0.01695260033011436	0.01408311631530523	0.0321245938539505	0.01654267311096191	0.02228164300322533	0.01408311631530523	0.02228164300322533	0.01408311631530523	0.02507954090833664	0.02326221950352192	0.02337882667779922	0.02384069189429283	0.01950344070792198	0.01592778414487839	0.01613274775445461	0.0220766793936491	0.02510919235646725	0.02228164300322533	0.02441821992397308	0.01408311631530523	0.02496686205267906	0.01408311631530523	0.01408311631530523	0.01838734373450279	0.03070139512419701	0.0211972314864397	0.03077909722924232	0.02872858382761478	0.05081057548522949	0.04978732392191887	0.02652081102132797	0.01408311631530523	0.01928330399096012	0.04206043481826782	0.0347103513777256	0.04414448514580727	0.02749397233128548	0.05463593825697899	0.02562554366886616	0.02562659792602062	0.05786120146512985	0.02365008555352688	0.027584632858634	0.04963922500610352	0.02166744507849216	0.01408311631530523	0.02377866208553314	0.01408311631530523	0.01882175728678703	0.01839533261954784	0.01267550885677338	0.01408311631530523	0.01408311631530523	0.02416997030377388	0.01588322222232819	0.01408311631530523	0.01390725281089544	0.01822351291775703	0.0235128179192543	0.01831311732530594	0.008801947347819805	0.02508722059428692	0.02144758775830269	0.01652847416698933	0.01408311631530523	0.02893075346946716	0.0159184243530035	0.03714235499501228	0.02086179703474045	0.01408311631530523	0.01623691245913506	0.02520376071333885	0.01443620212376118	0.01408311631530523	0.01568565890192986	0.01091441512107849	0.02258763648569584	0.02317183651030064	0.02071591839194298	0.01408311631530523	0.01772715710103512	0.01425965875387192	0.01772799156606197
S2014m_E2-1-C-M	0.01542219519615173	0.01530544273555279	0.02834336832165718	0.01402685604989529	0.0135444076731801	0.01530544273555279	0.01588930189609528	0.02823207341134548	0.01530541852116585	0.01588356122374535	0.01530544273555279	0.01495336648076773	0.01547080185264349	0.01846267841756344	0.06952197849750519	0.01845225878059864	0.01530544273555279	0.02332952246069908	0.01985970884561539	0.07885228842496872	0.004039968829602003	0.004039968829602003	0.004039968829602003	0.007320907432585955	0.004039968829602003	0	0.0247458890080452	0.07240807265043259	0.01781725883483887	0.04194081947207451	0.02122071944177151	0.02327034994959831	0.01973217166960239	0.02163064666092396	0.02245050109922886	0.02078540623188019	0.02319595962762833	0.07196129858493805	0.02319269441068172	0.07509493082761765	0.07509493082761765	0.07509493082761765	0.02220771461725235	0.02078540623188019	0.02049541659653187	0.04261792451143265	0.01760353520512581	0.0333266519010067	0.02901874482631683	0.02075096592307091	0.02327034994959831	0.02327034994959831	0.02327034994959831	0.01530544273555279	0.01636773534119129	0.01530544273555279	0.01442576292902231	0.01530544273555279	0.01377913821488619	0.02082770690321922	0.02502566203474998	0.04147960245609283	0.02168299444019794	0.02013147622346878	0.02327034994959831	0.02327034994959831	0.02319611981511116	0.01896612532436848	0.02327034994959831	0.02019590325653553	0.01818188093602657	0.01830970495939255	0.01845239847898483	0.01989858970046043	0.01985970884561539	0.01530544273555279	0.0179413091391325	0.01530544273555279	0.03064873442053795	0.01753138191998005	0.02327034994959831	0.01530544273555279	0.02327034994959831	0.01530544273555279	0.02351106330752373	0.01957826130092144	0.02145433984696865	0.01980072818696499	0.01837666891515255	0.01691649295389652	0.0171214547008276	0.02306539006531239	0.02574881725013256	0.02327034994959831	0.02284974232316017	0.01530544273555279	0.02092689275741577	0.01530544273555279	0.01530544273555279	0.01937605068087578	0.03134101629257202	0.02218594029545784	0.02779687196016312	0.02680409327149391	0.0467706099152565	0.04627622663974762	0.02459632232785225	0.01530544273555279	0.02027201093733311	0.03802046552300453	0.03534996882081032	0.04221999645233154	0.02556948363780975	0.05271145701408386	0.02370105683803558	0.02211550064384937	0.05593670904636383	0.0217255987226963	0.02566014416515827	0.04771474003791809	0.01974295638501644	0.01530544273555279	0.02132530137896538	0.01530544273555279	0.01619554124772549	0.0168528575450182	0.01389783434569836	0.01530544273555279	0.01530544273555279	0.02065886929631233	0.01652284152805805	0.01530544273555279	0.01512958109378815	0.01886313408613205	0.02415243722498417	0.01585975848138332	0.01002427376806736	0.02572684548795223	0.0220872089266777	0.01716809533536434	0.01530544273555279	0.02700626663863659	0.01293619908392429	0.0377819761633873	0.02150142379105091	0.01530544273555279	0.01431242376565933	0.02275040373206139	0.01460078917443752	0.01530544273555279	0.01376117579638958	0.01213674061000347	0.02269838750362396	0.02124734595417976	0.01879142969846725	0.01530544273555279	0.01580267027020454	0.01495311688631773	0.01671803928911686
S2014m_E2-2-B-M	0.01258721202611923	0.01258726231753826	0.01558385975658894	0.01119187194854021	0.01470067631453276	0.01258726231753826	0.01258711237460375	0.007535076234489679	0.01258723717182875	0.01446123328059912	0.01258726231753826	0.01293934043496847	0.01201868988573551	0.02431697398424149	0.04734020680189133	0.006293631158769131	0.01258726231753826	0.006858667824417353	0.01632392406463623	0.07891682535409927	0.02667037770152092	0.02667037770152092	0.02667037770152092	0.02138901129364967	0.02667037770152092	0.0247458890080452	0	0.04766219109296799	0.0149861304089427	0.02071669138967991	0.01686720922589302	0.01891684159636497	0.01995512098073959	0.01727713644504547	0.01809699088335037	0.02083257213234901	0.004787476733326912	0.06260006874799728	0.01316801644861698	0.05034904927015305	0.05034904927015305	0.05034904927015305	0.02846060320734978	0.02083257213234901	0.01833252422511578	0.02156958170235157	0.02139544114470482	0.03806256875395775	0.007443048525601625	0.0197434276342392	0.01891684159636497	0.01891684159636497	0.01891684159636497	0.01258726231753826	0.01892914995551109	0.01258726231753826	0.01505355071276426	0.01258726231753826	0.0154041601344943	0.02046210505068302	0.01044340152293444	0.01922578923404217	0.01732948794960976	0.01577796787023544	0.01891684159636497	0.01891684159636497	0.01884260773658752	0.01461261231452227	0.01891684159636497	0.01584239304065704	0.02045303955674171	0.02280475199222565	0.01703057438135147	0.02597569674253464	0.01632392406463623	0.01258726231753826	0.01358779519796371	0.01258726231753826	0.03141641244292259	0.01317786797881126	0.01891684159636497	0.01258726231753826	0.01891684159636497	0.01258726231753826	0.0114859938621521	0.01583775319159031	0.01418763399124146	0.01279545109719038	0.01684177294373512	0.01256297808140516	0.01276794169098139	0.0187118798494339	0.02104622311890125	0.01891684159636497	0.01338185835629702	0.01258726231753826	0.0154541376978159	0.01258726231753826	0.01258726231753826	0.01502253860235214	0.02454390190541744	0.0178324319422245	0.007373490370810032	0.00788460299372673	0.02501912787556648	0.02364430949091911	0.01150322519242764	0.01258726231753826	0.01615213975310326	0.01820261031389236	0.03029829449951649	0.01747411489486694	0.006883627735078335	0.02796557359397411	0.005015196744352579	0.002630389062687755	0.03119082748889923	0.01737209036946297	0.01210250984877348	0.0229688473045826	0.01317715924233198	0.01258726231753826	0.01568365655839443	0.01258726231753826	0.01287874858826399	0.01243520900607109	0.01469962950795889	0.01258726231753826	0.01258726231753826	0.004203771241009235	0.01592221297323704	0.01258726231753826	0.01293931528925896	0.01392963249236345	0.01841115206480026	0.01047035213559866	0.01786842942237854	0.01892972551286221	0.0173846110701561	0.0138672087341547	0.01258726231753826	0.005955795757472515	0.01582793705165386	0.03098486363887787	0.01732673868536949	0.01258726231753826	0.01218494307249784	0.01307673566043377	0.0132919168099761	0.01258726231753826	0.01133728958666325	0.01575596258044243	0.01806564629077911	0.003850921522825956	0.005954461637884378	0.01258726231753826	0.01035332586616278	0.01293958909809589	0.01892904937267303
S2014m_E2-2-C-M	0.06024939939379692	0.0602494515478611	0.05717999488115311	0.05885406211018562	0.06236286461353302	0.0602494515478611	0.06024930253624916	0.04762011393904686	0.06024942547082901	0.06130580604076385	0.0602494515478611	0.06060152873396873	0.05968087166547775	0.07197914272546768	0.07810124754905701	0.0539558157324791	0.0602494515478611	0.0545208603143692	0.06024844944477081	0.1236654743552208	0.07433255016803741	0.07433255016803741	0.07433255016803741	0.06905119121074677	0.07433255016803741	0.07240807265043259	0.04766219109296799	0	0.05902745202183723	0.03457459062337875	0.05938977003097534	0.05910321325063705	0.06458024680614471	0.0593324601650238	0.05921783670783043	0.06405599415302277	0.05186695605516434	0.09336379170417786	0.05942857638001442	0.002686862135306001	0.002686862135306001	0.002686862135306001	0.07612278312444687	0.06405599415302277	0.06249041855335236	0.03472656011581421	0.06905762851238251	0.08572474122047424	0.04903112724423409	0.06179874762892723	0.05910321325063705	0.05910321325063705	0.05910321325063705	0.0602494515478611	0.06659133732318878	0.0602494515478611	0.06271573901176453	0.0602494515478611	0.06306634843349457	0.06602185964584351	0.05249872431159019	0.03373626992106438	0.05961856991052628	0.05981918424367905	0.05910321325063705	0.05910321325063705	0.06381824612617493	0.0597049854695797	0.05910321325063705	0.05953305214643478	0.0676480159163475	0.07046693563461304	0.06130550429224968	0.07363787293434143	0.06024844944477081	0.0602494515478611	0.05984826758503914	0.0602494515478611	0.07849588245153427	0.05990558117628098	0.05910321325063705	0.0602494515478611	0.05910321325063705	0.0602494515478611	0.0540086030960083	0.05882754921913147	0.05624295026063919	0.0564861074090004	0.06099967285990715	0.05999154597520828	0.05996289104223251	0.05913186818361282	0.06123258545994759	0.05910321325063705	0.05520356446504593	0.0602494515478611	0.06311631947755814	0.0602494515478611	0.0602494515478611	0.05964767560362816	0.06928718835115433	0.05930372700095177	0.04919519275426865	0.05040732026100159	0.02722417935729027	0.02817861177027225	0.05332503467798233	0.0602494515478611	0.06007666513323784	0.0420849472284317	0.07165282964706421	0.04158444702625275	0.05080815404653549	0.02144789509475231	0.05080855265259743	0.05029257386922836	0.01893966645002365	0.05755846202373505	0.05602703243494034	0.04114428907632828	0.05710168182849884	0.0602494515478611	0.06007518619298935	0.0602494515478611	0.0589057020843029	0.059162937104702	0.06236181780695915	0.0602494515478611	0.0602494515478611	0.05186596140265465	0.06358440220355988	0.0602494515478611	0.06060150265693665	0.06112461164593697	0.06607333570718765	0.05801573395729065	0.06553061306476593	0.06600920855998993	0.06084165722131729	0.06152939796447754	0.0602494515478611	0.048959631472826	0.0634901151061058	0.07176876068115234	0.06125102192163467	0.0602494515478611	0.05937992781400681	0.0594540536403656	0.06095410510897636	0.0602494515478611	0.05899947509169579	0.06341814994812012	0.0647934153676033	0.05151310935616493	0.05361665040254593	0.0602494515478611	0.05801551043987274	0.06060177832841873	0.06659123301506042
S2014m_E2-3-B-M	0.006129742600023746	0.006363295949995518	0.02698452584445477	0.004851079080253839	0.007772055454552174	0.006363295949995518	0.005662634037435055	0.02006481401622295	0.006246519275009632	0.00496371928602457	0.006363295949995518	0.00653958972543478	0.008758845739066601	0.02577782049775124	0.05614135786890984	0.009159707464277744	0.006363295949995518	0.01368649024516344	0.002042523352429271	0.07466550916433334	0.02027061581611633	0.02027061581611633	0.02027061581611633	0.01405523996800184	0.02027061581611633	0.01781725883483887	0.0149861304089427	0.05902745202183723	0	0.031260896474123	0.00889132171869278	0.009889738634228706	0.01232579257339239	0.009067644365131855	0.009420290589332581	0.01250243373215199	0.01948094181716442	0.05881427973508835	0.01520654279738665	0.06171431019902229	0.06171431019902229	0.06171431019902229	0.02153196558356285	0.01250243373215199	0.01338278874754906	0.03316453471779823	0.01446681842207909	0.0320657342672348	0.01868759468197823	0.01082928013056517	0.009889738634228706	0.009889738634228706	0.009889738634228706	0.006363295949995518	0.01200052909553051	0.006363295949995518	0.008124931715428829	0.006363295949995518	0.008125284686684608	0.008512232452630997	0.01246265787631273	0.02564719691872597	0.006200846284627914	0.005583691410720348	0.009889738634228706	0.009889738634228706	0.01051675155758858	0.007921546697616577	0.009889738634228706	0.008450514636933804	0.01165618561208248	0.01587612368166447	0.002394875744357705	0.01904706470668316	0.002042523352429271	0.006363295949995518	0.007480737753212452	0.006363295949995518	0.02763230167329311	0.007304415572434664	0.009889738634228706	0.006363295949995518	0.009889738634228706	0.006363295949995518	0.01013074908405542	0.009947998449206352	0.008891336619853973	0.01016930118203163	0.008978845551609993	0.007039931137114763	0.007128091994673014	0.009684775024652481	0.01236819941550493	0.009889738634228706	0.01016993913799524	0.006363295949995518	0.0176155511289835	0.006363295949995518	0.006363295949995518	0.008097869344055653	0.02029643580317497	0.008805475197732449	0.01582171767950058	0.01108844019472599	0.03696455806493759	0.03302067518234253	0.009581182152032852	0.006363295949995518	0.002921832026913762	0.0306152980774641	0.02080182731151581	0.02767190150916576	0.00821930356323719	0.03757955878973007	0.009970933198928833	0.01388185191899538	0.04255608841776848	0.008344986476004124	0.008309964090585709	0.03667014464735985	0.001925771590322256	0.006363295949995518	0.01010792329907417	0.006363295949995518	0.01302612852305174	0.006980238016694784	0.008299880661070347	0.006363295949995518	0.006363295949995518	0.01230846811085939	0.01022200100123882	0.006363295949995518	0.006539564579725266	0.007702078204602003	0.0152727272361517	0.006805525626987219	0.01146867871284485	0.01585027948021889	0.01022501848638058	0.008109144866466522	0.006363295949995518	0.01831374503672123	0.01238837279379368	0.02475214004516602	0.01022496353834867	0.006363295949995518	0.004033713135868311	0.01270408742129803	0.006363295949995518	0.006363295949995518	0.005054281558841467	0.009356211870908737	0.01136460620909929	0.01260123960673809	0.01131875719875097	0.006363295949995518	0.007567675318568945	0.006010968703776598	0.01153342146426439
S2014m_E2-3-C-M	0.0330704003572464	0.03330395370721817	0.02788719907402992	0.0317918062210083	0.03224718198180199	0.03330395370721817	0.03260328993201256	0.01768587715923786	0.03318717703223228	0.03184119984507561	0.03330395370721817	0.03348024562001228	0.03185645863413811	0.03939642384648323	0.05901216715574265	0.02701032161712646	0.03330395370721817	0.02757535874843597	0.03330335021018982	0.09108275175094604	0.0459807887673378	0.0459807887673378	0.0459807887673378	0.03976540639996529	0.0459807887673378	0.04194081947207451	0.02071669138967991	0.03457459062337875	0.031260896474123	0	0.03208733350038528	0.03390336036682129	0.03093967586755753	0.03226365521550179	0.03308350965380669	0.03076586499810219	0.02351518347859383	0.07515357434749603	0.02591183036565781	0.03726145252585411	0.03726145252585411	0.03726145252585411	0.04354004934430122	0.03076586499810219	0.02884984016418457	0.001903709722682834	0.03647489473223686	0.05314201861619949	0.01820163987576962	0.02979736402630806	0.03390336036682129	0.03390336036682129	0.03390336036682129	0.03330395370721817	0.03400860354304314	0.03330395370721817	0.03083766251802444	0.03330395370721817	0.03330658003687859	0.03391441702842712	0.02542992308735847	0.009348359890282154	0.03161562234163284	0.03088182955980301	0.03390336036682129	0.03390336036682129	0.03488088399171829	0.03170164301991463	0.03390336036682129	0.03164652734994888	0.03413126990199089	0.03788420185446739	0.03189603984355927	0.04105514660477638	0.03330335021018982	0.03330395370721817	0.03184492513537407	0.03330395370721817	0.04591314867138863	0.03190223500132561	0.03390336036682129	0.03330395370721817	0.03390336036682129	0.03330395370721817	0.02577200159430504	0.02706355229020119	0.02917415276169777	0.02578096836805344	0.03017771244049072	0.03198820352554321	0.03195954859256744	0.03369839861989021	0.03603273630142212	0.03390336036682129	0.02836837992072105	0.03330395370721817	0.03053358942270279	0.03330395370721817	0.03330395370721817	0.03164433315396309	0.04128384590148926	0.03246869146823883	0.02095070108771324	0.02240437641739845	0.007817621342837811	0.006979811005294323	0.02555572800338268	0.03330395370721817	0.0320737212896347	0.008327621035277843	0.04435079544782639	0.01369835622608662	0.0238630548119545	0.01394395902752876	0.02292903885245323	0.02123311534523964	0.01704538427293301	0.03235860913991928	0.02908193692564964	0.01454787235707045	0.03015658259391785	0.03330395370721817	0.03095790185034275	0.03330395370721817	0.02856217697262764	0.02951677888631821	0.03436161577701569	0.03330395370721817	0.03330395370721817	0.02268974855542183	0.0352315865457058	0.03330395370721817	0.03348022326827049	0.03324509784579277	0.03877627477049828	0.02889897674322128	0.03717884421348572	0.0390637069940567	0.03307194635272026	0.03458390012383461	0.03330395370721817	0.01967332325875759	0.03396385908126831	0.04388926178216934	0.03307189419865608	0.03330395370721817	0.03114884160459042	0.03016386739909649	0.03259930014610291	0.03330395370721817	0.03170188143849373	0.03506637737154961	0.03603346645832062	0.02421604469418526	0.02614380046725273	0.03330395370721817	0.02966112643480301	0.03295162692666054	0.03354149684309959
S2014m_E5-1-A-F	0.006148851942270994	0.006148901768028736	0.02511611580848694	0.007310697343200445	0.008262316696345806	0.006148901768028736	0.006148751825094223	0.02300061471760273	0.006148877087980509	0.007205258123576641	0.006148901768028736	0.006500979885458946	0.01139979809522629	0.02836362831294537	0.05562214553356171	0.01150805689394474	0.006148901768028736	0.01568446308374405	0.007315919734537601	0.07410305738449097	0.02023201249539852	0.02023201249539852	0.02023201249539852	0.01495064329355955	0.02023201249539852	0.02122071944177151	0.01686720922589302	0.05938977003097534	0.00889132171869278	0.03208733350038528	0	0.002049633767455816	0.006777249276638031	0.0004099268116988242	0.00122978026047349	0.005195142701268196	0.02142106182873249	0.0589429959654808	0.01989401131868362	0.0620766319334507	0.0620766319334507	0.0620766319334507	0.02237132377922535	0.005195142701268196	0.01051380857825279	0.03100516833364964	0.01495707500725985	0.03267145901918411	0.01458664052188396	0.002876217477023602	0.002049633767455816	0.002049633767455816	0.002049633767455816	0.006148901768028736	0.01249078661203384	0.006148901768028736	0.008615191094577312	0.006148901768028736	0.008965798653662205	0.01227039285004139	0.006891047582030296	0.02939028665423393	0.002807276323437691	0.003307629143819213	0.002049633767455816	0.002049633767455816	0.007598474621772766	0.002254597144201398	0.002049633767455816	0.001024816883727908	0.01354746706783772	0.0163663849234581	0.008022570982575417	0.01953732967376709	0.007315919734537601	0.006148901768028736	0.00327941426075995	0.006148901768028736	0.02753711119294167	0.003689340781420469	0.002049633767455816	0.006148901768028736	0.002049633767455816	0.006148901768028736	0.006432134658098221	0.005257383920252323	0.003146815812215209	0.006890375632792711	0.002844051690772176	0.004304231144487858	0.004099267534911633	0.001844670507125556	0.004877184983342886	0.002049633767455816	0.004186209291219711	0.006148901768028736	0.02066855691373348	0.006148901768028736	0.006148901768028736	0.001844670507125556	0.0165653433650732	0.0009652210283093154	0.0116038853302598	0.01248566433787346	0.03615610301494598	0.03554387018084526	0.008166530169546604	0.006148901768028736	0.006086289882659912	0.03044819459319115	0.01500726491212845	0.02743646316230297	0.01535480190068483	0.04027724266052246	0.01418718229979277	0.01658440195024014	0.04045010358095169	0.003418078646063805	0.01544546242803335	0.03726624697446823	0.009995547123253345	0.006148901768028736	0.008587619289755821	0.006148901768028736	0.01759108901023865	0.006422505713999271	0.008261269889771938	0.006148901768028736	0.006148901768028736	0.01524458918720484	0.009829412214457989	0.006148901768028736	0.006500955671072006	0.008420409634709358	0.0147654814645648	0.008860045112669468	0.01143006794154644	0.01505043543875217	0.00320789753459394	0.008127020671963692	0.006148901768028736	0.0208946205675602	0.01555812917649746	0.02395177818834782	0.003969877492636442	0.006148901768028736	0.008192569948732853	0.01499420776963234	0.006853555794805288	0.006148901768028736	0.007635816931724548	0.009317600168287754	0.01278738677501678	0.01489173993468285	0.01372607238590717	0.006148901768028736	0.00885982159525156	0.006501229479908943	0.01249068696051836
S2014M_E5-1-A-M	0.00819848570972681	0.008198535069823265	0.02716574817895889	0.009360332973301411	0.01031194999814034	0.008198535069823265	0.008198385126888752	0.02505024708807468	0.008198510855436325	0.00925489142537117	0.008198535069823265	0.00855061411857605	0.01344943139702082	0.03041326068341732	0.05533558130264282	0.01355768926441669	0.008198535069823265	0.017734095454216	0.008197533898055553	0.07615268230438232	0.02228164300322533	0.02228164300322533	0.02228164300322533	0.01700027659535408	0.02228164300322533	0.02327034994959831	0.01891684159636497	0.05910321325063705	0.009889738634228706	0.03390336036682129	0.002049633767455816	0	0.008826881647109985	0.001639707013964653	0.0008198536233976483	0.007244774140417576	0.02347069419920444	0.05935729295015335	0.02194363996386528	0.06179007142782211	0.06179007142782211	0.06179007142782211	0.02442095428705215	0.007244774140417576	0.01256344094872475	0.0328211784362793	0.01700671017169952	0.03472108766436577	0.01570179127156734	0.004105995874851942	0	0	0	0.008198535069823265	0.01454042084515095	0.008198535069823265	0.01066482439637184	0.008198535069823265	0.01101543195545673	0.01432002522051334	0.008473442867398262	0.03027189895510674	0.003688890254124999	0.005123659037053585	0	0	0.00964810885488987	0.004304231144487858	0	0.003074450884014368	0.01559709943830967	0.01841601729393005	0.009254590608179569	0.02158696018159389	0.008197533898055553	0.008198535069823265	0.005329047795385122	0.008198535069823265	0.02958674728870392	0.005738974548876286	0	0.008198535069823265	0	0.008198535069823265	0.008131362497806549	0.007307017222046852	0.004729211330413818	0.008940010331571102	0.004893685691058636	0.006353864911943674	0.006148901768028736	0.0002049633039860055	0.003180166007950902	0	0.005534985102713108	0.008198535069823265	0.02271818928420544	0.008198535069823265	0.008198535069823265	0.003894304390996695	0.01861497759819031	0.001434668665751815	0.01295266021043062	0.01336727850139141	0.03820573538541794	0.03677589073777199	0.009048145264387131	0.008198535069823265	0.006967904046177864	0.0324978269636631	0.0158888790756464	0.02855168096721172	0.01623641513288021	0.04115885496139526	0.0162368156015873	0.01863403432071209	0.0401635430753231	0.001544751576147974	0.01632707752287388	0.03931588679552078	0.0108771612867713	0.008198535069823265	0.01063725166022778	0.008198535069823265	0.0196407213807106	0.0084721390157938	0.01031090319156647	0.008198535069823265	0.008198535069823265	0.01729422248899937	0.01187904644757509	0.008198535069823265	0.008550588972866535	0.01047004293650389	0.01681511476635933	0.010909678414464	0.01347970031201839	0.01710006780922413	0.005257532000541687	0.0101766549050808	0.008198535069823265	0.0229442548006773	0.01760776527225971	0.02600141242146492	0.006019512191414833	0.008198535069823265	0.01024220418184996	0.01704384200274944	0.008903190493583679	0.008198535069823265	0.009685453027486801	0.01136723347008228	0.01483702100813389	0.0169413723051548	0.01577570661902428	0.008198535069823265	0.01090945489704609	0.008550862781703472	0.01454032026231289
S2014m_E5-1-B-F	0.009236761368811131	0.00923681166023016	0.02667752280831337	0.01039860956370831	0.008180040866136551	0.00923681166023016	0.009236661717295647	0.02380029670894146	0.00923678744584322	0.008708074688911438	0.00923681166023016	0.009413105435669422	0.01360878720879555	0.02211524918675423	0.06081262975931168	0.01459596678614616	0.00923681166023016	0.01877237111330032	0.01145504415035248	0.06732580065727234	0.02085894346237183	0.02085894346237183	0.02085894346237183	0.01557757519185543	0.02085894346237183	0.01973217166960239	0.01995512098073959	0.06458024680614471	0.01232579257339239	0.03093967586755753	0.006777249276638031	0.008826881647109985	0	0.007187175564467907	0.008007028140127659	0.00158210750669241	0.02292691357433796	0.06413348019123077	0.01311676111072302	0.06726711243391037	0.06726711243391037	0.06726711243391037	0.01559407170861959	0.00158210750669241	0.004203797318041325	0.02985376305878162	0.008179827593266964	0.02589421160519123	0.01643073000013828	0.004720885772258043	0.008826881647109985	0.008826881647109985	0.008826881647109985	0.00923681166023016	0.005713538732379675	0.00923681166023016	0.006770521402359009	0.00923681166023016	0.009589696303009987	0.01171438489109278	0.01313937362283468	0.03352941200137138	0.00723952567204833	0.00744675425812602	0.008826881647109985	0.008826881647109985	0.01103679090738297	0.005342507734894753	0.008826881647109985	0.005752433557063341	0.006770219188183546	0.009589134715497494	0.01004773285239935	0.01276007946580648	0.01145504415035248	0.00923681166023016	0.006367324385792017	0.00923681166023016	0.02075986564159393	0.00677725113928318	0.008826881647109985	0.00923681166023016	0.008826881647109985	0.00923681166023016	0.0116247795522213	0.006634239107370377	0.009924064390361309	0.008270453661680222	0.003933198284357786	0.007392141502350569	0.007187178358435631	0.00862191803753376	0.01165443286299706	0.008826881647109985	0.01096345856785774	0.00923681166023016	0.01389130763709545	0.00923681166023016	0.00923681166023016	0.004932580981403589	0.01965325325727463	0.007742469199001789	0.01626659370958805	0.01662478968501091	0.03735607489943504	0.03791948780417442	0.01306604966521263	0.00923681166023016	0.01022541429847479	0.02402136474847794	0.02125559188425541	0.03227649256587029	0.01949392631649971	0.04488363489508629	0.01762549765408039	0.01755834929645061	0.04564058780670166	0.01019532606005669	0.01958458870649338	0.0403541624546051	0.01413467153906822	0.00923681166023016	0.01102869305759668	0.00923681166023016	0.01727708056569099	0.008101106621325016	0.01029447559267282	0.00923681166023016	0.00923681166023016	0.01621853746473789	0.01186261791735888	0.00923681166023016	0.009413080289959908	0.01150832045823336	0.01750182174146175	0.01089173369109631	0.01205699797719717	0.0181383453309536	0.007992827333509922	0.01121493149548769	0.00923681166023016	0.02275204099714756	0.01512732170522213	0.02774049900472164	0.007759168744087219	0.00923681166023016	0.01092891208827496	0.01685011014342308	0.00853215716779232	0.00923681166023016	0.01054794434458017	0.01082345377653837	0.014994858764112	0.01762808114290237	0.01628663018345833	0.00923681166023016	0.01142037939280272	0.008884483948349953	0.005713438615202904
S2014M_E5-1-B-M	0.006558778695762157	0.006558828521519899	0.02552604302763939	0.007720624096691608	0.008672242984175682	0.006558828521519899	0.006558678112924099	0.02341054007411003	0.006558803375810385	0.007615184877067804	0.006558828521519899	0.006910906638950109	0.01180972438305616	0.02877355366945267	0.05556482821702957	0.01191798225045204	0.006558828521519899	0.0160943903028965	0.007492242846637964	0.07451298087835312	0.02064193785190582	0.02064193785190582	0.02064193785190582	0.01536056958138943	0.02064193785190582	0.02163064666092396	0.01727713644504547	0.0593324601650238	0.009067644365131855	0.03226365521550179	0.0004099268116988242	0.001639707013964653	0.007187175564467907	0	0.0008198534487746656	0.005605069454759359	0.02183098904788494	0.05888568609952927	0.02030393853783607	0.06201932206749916	0.06201932206749916	0.06201932206749916	0.0227812509983778	0.005605069454759359	0.01092373486608267	0.03118147514760494	0.01536700315773487	0.03308138623833656	0.01452932879328728	0.002466290490701795	0.001639707013964653	0.001639707013964653	0.001639707013964653	0.006558828521519899	0.01290071383118629	0.006558828521519899	0.009025117382407188	0.006558828521519899	0.009375725872814655	0.01268031913787127	0.006833735853433609	0.02956660836935043	0.002983598969876766	0.003483952023088932	0.001639707013964653	0.001639707013964653	0.008008401840925217	0.002664524130523205	0.001639707013964653	0.001434743753634393	0.01395739335566759	0.01677631214261055	0.008198893629014492	0.01994725503027439	0.007492242846637964	0.006558828521519899	0.003689341014251113	0.006558828521519899	0.02794703841209412	0.004099267534911633	0.001639707013964653	0.006558828521519899	0.001639707013964653	0.006558828521519899	0.006608457770198584	0.005667310208082199	0.003089503850787878	0.007300302851945162	0.003253978211432695	0.004714157897979021	0.004509194754064083	0.001434743753634393	0.004467258229851723	0.001639707013964653	0.004128897562623024	0.006558828521519899	0.02107848227024078	0.006558828521519899	0.006558828521519899	0.002254597377032042	0.01697527058422565	0.0005552941001951694	0.01154657267034054	0.01266198791563511	0.03656603023409843	0.03572019562125206	0.00834285281598568	0.006558828521519899	0.006262612529098988	0.0308581180870533	0.01518358755856752	0.02761278487741947	0.01553112454712391	0.04045356437563896	0.01459710951894522	0.01699432730674744	0.04039279371500015	0.003008151426911354	0.015621786005795	0.03767617791891098	0.01017186976969242	0.006558828521519899	0.008997545577585697	0.006558828521519899	0.0180010162293911	0.006832432933151722	0.008671196177601814	0.006558828521519899	0.006558828521519899	0.01565451547503471	0.01023933943361044	0.006558828521519899	0.006910881958901882	0.008830336853861809	0.01517540775239468	0.009269971400499344	0.01183999422937632	0.01546036172658205	0.003617824288085103	0.008536946959793568	0.006558828521519899	0.02130454778671265	0.01596805453300476	0.02436170540750027	0.00437980517745018	0.006558828521519899	0.008602496236562729	0.01540413498878479	0.007263482548296452	0.006558828521519899	0.008045746013522148	0.009727527387440205	0.01319731399416924	0.01530166622251272	0.01413599960505962	0.006558828521519899	0.009269747883081436	0.006911155767738819	0.01290061417967081
S2014m_E5-1-C-F	0.007378631737083197	0.007378681562840939	0.02634589746594429	0.00854047853499651	0.009492096491158009	0.007378681562840939	0.007378531619906425	0.02423039451241493	0.007378656882792711	0.008435037918388844	0.007378681562840939	0.007730759680271149	0.01262957789003849	0.02959340810775757	0.0554502084851265	0.01273783668875694	0.007378681562840939	0.01691424287855625	0.007844887673854828	0.07533283531665802	0.02146178856492043	0.02146178856492043	0.02146178856492043	0.01618042215704918	0.02146178856492043	0.02245050109922886	0.01809699088335037	0.05921783670783043	0.009420290589332581	0.03308350965380669	0.00122978026047349	0.0008198536233976483	0.008007028140127659	0.0008198534487746656	0	0.006424921564757824	0.02265083976089954	0.05877105891704559	0.02112378925085068	0.06190469861030579	0.06190469861030579	0.06190469861030579	0.0236011054366827	0.006424921564757824	0.01174358744174242	0.03200132772326469	0.01618685573339462	0.03390123695135117	0.01488194242119789	0.003286142833530903	0.0008198536233976483	0.0008198536233976483	0.0008198536233976483	0.007378681562840939	0.01372056640684605	0.007378681562840939	0.009844970889389515	0.007378681562840939	0.01019557844847441	0.01350017171353102	0.007653589360415936	0.02991925552487373	0.003336244495585561	0.004303805064409971	0.0008198536233976483	0.0008198536233976483	0.008828255347907543	0.003484377637505531	0.0008198536233976483	0.002254597377032042	0.01477724686264992	0.01759616285562515	0.008551539853215218	0.02076710760593414	0.007844887673854828	0.007378681562840939	0.004509194288402796	0.007378681562840939	0.02876689657568932	0.004919121041893959	0.0008198536233976483	0.007378681562840939	0.0008198536233976483	0.007378681562840939	0.007311508990824223	0.006487163715064526	0.003909356892108917	0.008120155893266201	0.004073831718415022	0.00553401093930006	0.005329047795385122	0.0006148903630673885	0.00364740495570004	0.0008198536233976483	0.004715131595730782	0.007378681562840939	0.02189833670854568	0.007378681562840939	0.007378681562840939	0.003074450884014368	0.01779512315988541	0.0006148150423541665	0.0121328067034483	0.01301463320851326	0.03738588094711304	0.03607283905148506	0.008695498108863831	0.007378681562840939	0.006615258287638426	0.0316779725253582	0.01553623285144567	0.02796543203294277	0.01588376984000206	0.04080620780587196	0.01541696302592754	0.01781418174505234	0.04027817025780678	0.002188297919929028	0.01597443222999573	0.03849603235721588	0.01052451506257057	0.007378681562840939	0.009817400015890598	0.007378681562840939	0.018820870667696	0.007652285508811474	0.009491049684584141	0.007378681562840939	0.007378681562840939	0.01647436805069447	0.01105919387191534	0.007378681562840939	0.007730735465884209	0.009650189429521561	0.01599526219069958	0.01008982490748167	0.01265984680503607	0.01628021523356438	0.004437678027898073	0.009356801398098469	0.007378681562840939	0.0221244003623724	0.01678791083395481	0.02518155798316002	0.005199658684432507	0.007378681562840939	0.009422349743545055	0.01622398756444454	0.008083336055278778	0.007378681562840939	0.0088655985891819	0.01054737996309996	0.01401716750115156	0.01612151972949505	0.01495585311204195	0.007378681562840939	0.01008960139006376	0.007731009274721146	0.01372046768665314
S2014M_E5-1-C-M	0.0101142143830657	0.01011426467448473	0.02679628506302834	0.01127606257796288	0.009057494811713696	0.01011426467448473	0.01011411473155022	0.02467774786055088	0.01011424046009779	0.009585527703166008	0.01011426467448473	0.01029055844992399	0.01448624022305012	0.02316848747432232	0.06028836220502853	0.01547341793775558	0.01011426467448473	0.01964982599020004	0.01163168624043465	0.06890790909528732	0.02191217988729477	0.02191217988729477	0.02191217988729477	0.01663081347942352	0.02191217988729477	0.02078540623188019	0.02083257213234901	0.06405599415302277	0.01250243373215199	0.03076586499810219	0.005195142701268196	0.007244774140417576	0.00158210750669241	0.005605069454759359	0.006424921564757824	0	0.02380436845123768	0.06360921263694763	0.01469886675477028	0.06674285233020782	0.06674285233020782	0.06674285233020782	0.017176179215312	0	0.005318665876984596	0.02932949922978878	0.009761935099959373	0.02747631818056107	0.01502493396401405	0.003138778731226921	0.007244774140417576	0.007244774140417576	0.007244774140417576	0.01011426467448473	0.007295646704733372	0.01011426467448473	0.007647975347936153	0.01011426467448473	0.01046714931726456	0.01200782973319292	0.01155726704746485	0.03370605036616325	0.007123042363673449	0.007623397279530764	0.007244774140417576	0.007244774140417576	0.01156383845955133	0.006219960749149323	0.007244774140417576	0.004990180488675833	0.008352327160537243	0.0111712422221899	0.01022437401115894	0.01434218510985374	0.01163168624043465	0.01011426467448473	0.007244777400046587	0.01011426467448473	0.02234197035431862	0.007654704619199038	0.007244774140417576	0.01011426467448473	0.007244774140417576	0.01011426467448473	0.01074790209531784	0.005228440277278423	0.008341957814991474	0.008037122897803783	0.003990798257291317	0.008269594982266426	0.008064631372690201	0.007039811462163925	0.01007232535630465	0.007244774140417576	0.009381351061165333	0.01011426467448473	0.01547341607511044	0.01011426467448473	0.01011426467448473	0.005810033529996872	0.02053070813417435	0.006160362157970667	0.01486079581081867	0.01680142991244793	0.0368318147957325	0.03774567320942879	0.01248229667544365	0.01011426467448473	0.01040205545723438	0.0252530500292778	0.01967348344624043	0.03175223246216774	0.01967056654393673	0.04459300637245178	0.01815254613757133	0.01843580231070518	0.04511632397770882	0.008613218553364277	0.0197612289339304	0.04123160988092422	0.01431131269782782	0.01011426467448473	0.01167254336178303	0.01011426467448473	0.01821351610124111	0.008978560566902161	0.01117192767560482	0.01011426467448473	0.01011426467448473	0.01709598861634731	0.01274007186293602	0.01011426467448473	0.01029053330421448	0.01238577347248793	0.01837927661836147	0.0117691857740283	0.01311023626476526	0.01901579834520817	0.007173261605203152	0.01209238450974226	0.01011426467448473	0.02362949401140213	0.01618055813014507	0.02791714109480381	0.007759456988424063	0.01011426467448473	0.01180636510252953	0.01772756315767765	0.00940961018204689	0.01011426467448473	0.01142539642751217	0.01170090679079294	0.01587231084704399	0.01850553415715694	0.01716408506035805	0.01011426467448473	0.01229783240705729	0.009761937893927097	0.007295546587556601
S2014m_E5-2-A-M	0.01737468503415585	0.01737473718822002	0.01289807260036469	0.01597927324473858	0.01772917993366718	0.01737473718822002	0.01737458631396294	0.008195539936423302	0.01737471111118793	0.01807617954909801	0.01737473718822002	0.01702265813946724	0.01361343171447515	0.02011220343410969	0.04889019951224327	0.01108110975474119	0.01737473718822002	0.009532024152576923	0.02099459432065487	0.08098637312650681	0.0251204501837492	0.0251204501837492	0.0251204501837492	0.01983908005058765	0.0251204501837492	0.02319595962762833	0.004787476733326912	0.05186695605516434	0.01948094181716442	0.02351518347859383	0.02142106182873249	0.02347069419920444	0.02292691357433796	0.02183098904788494	0.02265083976089954	0.02380436845123768	0	0.06415006518363953	0.01625663042068481	0.05455381795763969	0.05455381795763969	0.05455381795763969	0.03111285343766212	0.02380436845123768	0.02130431868135929	0.02419221960008144	0.02460085414350033	0.04071482270956039	0.01094212383031845	0.02306679077446461	0.02347069419920444	0.02347069419920444	0.02347069419920444	0.01737473718822002	0.0221345629543066	0.01737473718822002	0.01861053518950939	0.01737473718822002	0.01667256839573383	0.02352490089833736	0.01499725878238678	0.02343055419623852	0.02188334055244923	0.02033182047307491	0.02347069419920444	0.02347069419920444	0.02284329570829868	0.01916646398603916	0.02347069419920444	0.02039624564349651	0.02354165352880955	0.02601016499102116	0.02117389254271984	0.02918110974133015	0.02099459432065487	0.01737473718822002	0.01814164780080318	0.01737473718822002	0.03348595649003983	0.01773172058165073	0.02347069419920444	0.01737473718822002	0.02347069419920444	0.01737473718822002	0.01603984832763672	0.01933689974248409	0.01874148473143578	0.01664616540074348	0.0206924919039011	0.01711683161556721	0.01732179708778858	0.02326573245227337	0.02294530160725117	0.02347069419920444	0.01793571002781391	0.01737473718822002	0.0186595506966114	0.01737473718822002	0.01737473718822002	0.01957639120519161	0.02609389647841454	0.02238628454506397	0.01157577987760305	0.0124384593218565	0.02834497205913067	0.02732165157794952	0.01605707965791225	0.01737473718822002	0.02082281000912189	0.02082531899213791	0.03429897874593735	0.02112571522593498	0.01155430264770985	0.03217034041881561	0.009685871191322803	0.006890513468533754	0.03539559245109558	0.02192594297230244	0.01411841157823801	0.02662044763565063	0.01784782856702805	0.01737473718822002	0.01898065023124218	0.01737473718822002	0.01121202111244202	0.01663749292492867	0.01596712879836559	0.01737473718822002	0.01737473718822002	0.008463897742331028	0.01698903180658817	0.01737473718822002	0.01719887368381023	0.01798876747488976	0.02158963680267334	0.01390941254794598	0.01631850190460682	0.02258133701980114	0.02138530649244785	0.0181015245616436	0.01737473718822002	0.005853688344359398	0.01372485607862473	0.03463639691472054	0.02079951949417591	0.01737473718822002	0.01544730737805367	0.01567003130912781	0.01772782206535339	0.01737473718822002	0.0155967753380537	0.01420604065060616	0.02147945947945118	0.007582566235214472	0.008629473857581615	0.01737473718822002	0.01355705596506596	0.01755127869546413	0.02213446609675884
S2014m_E5-2-B-M	0.05980262532830238	0.05980267748236656	0.06737489998340607	0.05840728059411049	0.06191609054803848	0.05980267748236656	0.05980252474546432	0.06713306158781052	0.05980265140533447	0.06085903197526932	0.05980267748236656	0.0601547546684742	0.0586809478700161	0.06082262843847275	0.01684226095676422	0.05863726511597633	0.05980267748236656	0.05909920483827591	0.0601520799100399	0.1160276755690575	0.07388578355312347	0.07388578355312347	0.07388578355312347	0.06860441714525223	0.07388578355312347	0.07196129858493805	0.06260006874799728	0.09336379170417786	0.05881427973508835	0.07515357434749603	0.0589429959654808	0.05935729295015335	0.06413348019123077	0.05888568609952927	0.05877105891704559	0.06360921263694763	0.06415006518363953	0	0.0666741281747818	0.09605065733194351	0.09605065733194351	0.09605065733194351	0.07512285560369492	0.06360921263694763	0.06204364448785782	0.07530553638935089	0.06861084699630737	0.08361850678920746	0.06396900862455368	0.06135197356343269	0.05935729295015335	0.05935729295015335	0.05935729295015335	0.05980267748236656	0.06614455580711365	0.05980267748236656	0.06226896494626999	0.05980267748236656	0.06261957436800003	0.06502193212509155	0.05867625027894974	0.07117760181427002	0.05952220037579536	0.05937241017818451	0.05935729295015335	0.05935729295015335	0.06281831115484238	0.05925821140408516	0.05935729295015335	0.05908627435564995	0.06720124185085297	0.0700201615691185	0.06085873022675514	0.07319110631942749	0.0601520799100399	0.05980267748236656	0.0594014935195446	0.05980267748236656	0.0730707049369812	0.05945880338549614	0.05935729295015335	0.05980267748236656	0.05935729295015335	0.05980267748236656	0.05797802656888962	0.05838077515363693	0.05579617992043495	0.05824743583798409	0.06055289506912231	0.05954477190971375	0.05951611697673798	0.05915233120322227	0.05617713183164597	0.05935729295015335	0.05696488916873932	0.05980267748236656	0.06779776513576508	0.05980267748236656	0.05980267748236656	0.05920090153813362	0.04494746774435043	0.05885695293545723	0.0615689679980278	0.06056739017367363	0.0780595988035202	0.076449915766716	0.05835688859224319	0.05980267748236656	0.05998029559850693	0.07497160136699677	0.06989699602127075	0.07147064059972763	0.06096822395920753	0.0792580246925354	0.06061821803450584	0.06266634911298752	0.08073238283395767	0.05781254172325134	0.05574934557080269	0.07805284857749939	0.05700531601905823	0.05980267748236656	0.05796894431114197	0.05980267748236656	0.06508322805166245	0.05871615931391716	0.06191504374146461	0.05980267748236656	0.05980267748236656	0.06167562305927277	0.06203131750226021	0.05980267748236656	0.06015472859144211	0.05829029157757759	0.0612013190984726	0.05756896361708641	0.06508384644985199	0.06058402732014656	0.05928856879472733	0.05997630953788757	0.05980267748236656	0.06549416482448578	0.06193703785538673	0.06136518344283104	0.05969793349504471	0.05980267748236656	0.05893315002322197	0.05904337018728256	0.06050733104348183	0.05980267748236656	0.05855269730091095	0.06297137588262558	0.06102770939469337	0.06132277473807335	0.0605061948299408	0.05980267748236656	0.0575687400996685	0.06015500426292419	0.06614446640014648
S2014m_E5-3-B-M	0.01643168367445469	0.01666523888707161	0.02364545688033104	0.01515309605747461	0.01560846623033285	0.01666523888707161	0.015964575111866	0.01666313223540783	0.01654846034944057	0.0143852224573493	0.01666523888707161	0.01684153079986572	0.01521774474531412	0.0194016620516777	0.05654248595237732	0.0103716067969799	0.01666523888707161	0.01186845358461142	0.01724899187684059	0.06971541047096252	0.02723266556859016	0.02723266556859016	0.02723266556859016	0.02101728320121765	0.02723266556859016	0.02319269441068172	0.01316801644861698	0.05942857638001442	0.01520654279738665	0.02591183036565781	0.01989401131868362	0.02194363996386528	0.01311676111072302	0.02030393853783607	0.02112378925085068	0.01469886675477028	0.01625663042068481	0.0666741281747818	0	0.06211543828248978	0.06211543828248978	0.06211543828248978	0.01844548806548119	0.01469886675477028	0.009380201809108257	0.02699408121407032	0.01138032786548138	0.02804745174944401	0.01498151291161776	0.0178376454859972	0.02194363996386528	0.02194363996386528	0.02194363996386528	0.01666523888707161	0.01032334752380848	0.01666523888707161	0.01419894676655531	0.01666523888707161	0.01666786521673203	0.01715924777090549	0.01347020175307989	0.02817286923527718	0.01860500872135162	0.01705348864197731	0.02194363996386528	0.02194363996386528	0.02081864327192307	0.01775621622800827	0.02194363996386528	0.01886919513344765	0.008569696918129921	0.01278963591903448	0.01584168151021004	0.01596057787537575	0.01724899187684059	0.01666523888707161	0.01731541007757187	0.01666523888707161	0.02268220111727715	0.01713908836245537	0.02194363996386528	0.01666523888707161	0.02194363996386528	0.01666523888707161	0.0138122821226716	0.0146366273984313	0.01721443235874176	0.01300363522022963	0.01704995892941952	0.01687460392713547	0.01696276664733887	0.0217386819422245	0.02407302148640156	0.02194363996386528	0.01640865951776505	0.01666523888707161	0.005439023021608591	0.01666523888707161	0.01666523888707161	0.0180493425577879	0.02873476222157478	0.02050897479057312	0.01481737475842237	0.01207331940531731	0.03326224535703659	0.03177895769476891	0.01289549749344587	0.01666523888707161	0.01719402521848679	0.01857777871191502	0.03215757384896278	0.02795623429119587	0.01083870884031057	0.03798068314790726	0.008970282040536404	0.01065442804247141	0.04295721277594566	0.02039888873696327	0.01349348016083241	0.0348520427942276	0.01410222798585892	0.01666523888707161	0.01759651303291321	0.01666523888707161	0.009933528490364552	0.01463681273162365	0.01772290095686913	0.01666523888707161	0.01666523888707161	0.009081047028303146	0.0189454834908247	0.01666523888707161	0.01684150472283363	0.01660637930035591	0.02353526838123798	0.01337543502449989	0.0193096399307251	0.02428860776126385	0.020411416888237	0.0179451834410429	0.01666523888707161	0.0154409296810627	0.01627044007182121	0.03400815278291702	0.02017775550484657	0.01666523888707161	0.01415987126529217	0.01580223813652992	0.01596058160066605	0.01666523888707161	0.01523948181420565	0.01825187727808952	0.01962715014815331	0.01060734130442142	0.009505082853138447	0.01666523888707161	0.01413758471608162	0.01631290838122368	0.009856239892542362
S2014m_E7-1-A-M	0.06293626129627228	0.06293631345033646	0.05986685305833817	0.06154092028737068	0.06504972279071808	0.06293631345033646	0.06293616443872452	0.05030697584152222	0.06293629109859467	0.06399266421794891	0.06293631345033646	0.06328839063644409	0.06236773729324341	0.07466600090265274	0.08078810572624207	0.05664268136024475	0.06293631345033646	0.05720771849155426	0.06293530762195587	0.1263523399829865	0.07701941579580307	0.07701941579580307	0.07701941579580307	0.07173804938793182	0.07701941579580307	0.07509493082761765	0.05034904927015305	0.002686862135306001	0.06171431019902229	0.03726145252585411	0.0620766319334507	0.06179007142782211	0.06726711243391037	0.06201932206749916	0.06190469861030579	0.06674285233020782	0.05455381795763969	0.09605065733194351	0.06211543828248978	0	0	0	0.07880964130163193	0.06674285233020782	0.06517727673053741	0.03741341829299927	0.07174448668956757	0.0884115993976593	0.05171798914670944	0.06448560953140259	0.06179007142782211	0.06179007142782211	0.06179007142782211	0.06293631345033646	0.06927819550037384	0.06293631345033646	0.06540259718894958	0.06293631345033646	0.06575320661067963	0.06870872527360916	0.05518558621406555	0.03642313182353973	0.06230543181300163	0.0625060498714447	0.06179007142782211	0.06179007142782211	0.06650511175394058	0.06239184737205505	0.06179007142782211	0.06221991404891014	0.07033488154411316	0.0731537938117981	0.06399236619472504	0.07632473111152649	0.06293530762195587	0.06293631345033646	0.0625351294875145	0.06293631345033646	0.08118274807929993	0.06259243935346603	0.06179007142782211	0.06293631345033646	0.06179007142782211	0.06293631345033646	0.05669546127319336	0.06151440739631653	0.05892981588840485	0.05917296931147575	0.06368653476238251	0.06267841160297394	0.06264975666999817	0.06181873008608818	0.06391945481300354	0.06179007142782211	0.05789042264223099	0.06293631345033646	0.06580317765474319	0.06293631345033646	0.06293631345033646	0.06233453750610352	0.07197404652833939	0.06199058890342712	0.0518820583820343	0.05309418216347694	0.02991103753447533	0.03086547181010246	0.05601189285516739	0.06293631345033646	0.0627635270357132	0.04477180913090706	0.07433968782424927	0.0442713089287281	0.05349501594901085	0.02413475513458252	0.05349541455507278	0.05297943949699402	0.02162652648985386	0.0602453202009201	0.0587138906121254	0.04383114725351334	0.0597885400056839	0.06293631345033646	0.06276204437017441	0.06293631345033646	0.06159256398677826	0.06184979528188705	0.06504867970943451	0.06293631345033646	0.06293631345033646	0.05455282330513	0.06627126038074493	0.06293631345033646	0.0632883608341217	0.06381146609783173	0.06876020133495331	0.0607025995850563	0.06821747869253159	0.06869607418775558	0.06352851539850235	0.0642162561416626	0.06293631345033646	0.05164648965001106	0.06617698073387146	0.074455626308918	0.06393788009881973	0.06293631345033646	0.06206678599119186	0.06214091181755066	0.06364096701145172	0.06293631345033646	0.06168633326888084	0.06610500812530518	0.06748028099536896	0.05419997125864029	0.05630351230502129	0.06293631345033646	0.0607023760676384	0.06328864395618439	0.06927809864282608
S2014m_E7-1-B-F	0.06293626129627228	0.06293631345033646	0.05986685305833817	0.06154092028737068	0.06504972279071808	0.06293631345033646	0.06293616443872452	0.05030697584152222	0.06293629109859467	0.06399266421794891	0.06293631345033646	0.06328839063644409	0.06236773729324341	0.07466600090265274	0.08078810572624207	0.05664268136024475	0.06293631345033646	0.05720771849155426	0.06293530762195587	0.1263523399829865	0.07701941579580307	0.07701941579580307	0.07701941579580307	0.07173804938793182	0.07701941579580307	0.07509493082761765	0.05034904927015305	0.002686862135306001	0.06171431019902229	0.03726145252585411	0.0620766319334507	0.06179007142782211	0.06726711243391037	0.06201932206749916	0.06190469861030579	0.06674285233020782	0.05455381795763969	0.09605065733194351	0.06211543828248978	0	0	0	0.07880964130163193	0.06674285233020782	0.06517727673053741	0.03741341829299927	0.07174448668956757	0.0884115993976593	0.05171798914670944	0.06448560953140259	0.06179007142782211	0.06179007142782211	0.06179007142782211	0.06293631345033646	0.06927819550037384	0.06293631345033646	0.06540259718894958	0.06293631345033646	0.06575320661067963	0.06870872527360916	0.05518558621406555	0.03642313182353973	0.06230543181300163	0.0625060498714447	0.06179007142782211	0.06179007142782211	0.06650511175394058	0.06239184737205505	0.06179007142782211	0.06221991404891014	0.07033488154411316	0.0731537938117981	0.06399236619472504	0.07632473111152649	0.06293530762195587	0.06293631345033646	0.0625351294875145	0.06293631345033646	0.08118274807929993	0.06259243935346603	0.06179007142782211	0.06293631345033646	0.06179007142782211	0.06293631345033646	0.05669546127319336	0.06151440739631653	0.05892981588840485	0.05917296931147575	0.06368653476238251	0.06267841160297394	0.06264975666999817	0.06181873008608818	0.06391945481300354	0.06179007142782211	0.05789042264223099	0.06293631345033646	0.06580317765474319	0.06293631345033646	0.06293631345033646	0.06233453750610352	0.07197404652833939	0.06199058890342712	0.0518820583820343	0.05309418216347694	0.02991103753447533	0.03086547181010246	0.05601189285516739	0.06293631345033646	0.0627635270357132	0.04477180913090706	0.07433968782424927	0.0442713089287281	0.05349501594901085	0.02413475513458252	0.05349541455507278	0.05297943949699402	0.02162652648985386	0.0602453202009201	0.0587138906121254	0.04383114725351334	0.0597885400056839	0.06293631345033646	0.06276204437017441	0.06293631345033646	0.06159256398677826	0.06184979528188705	0.06504867970943451	0.06293631345033646	0.06293631345033646	0.05455282330513	0.06627126038074493	0.06293631345033646	0.0632883608341217	0.06381146609783173	0.06876020133495331	0.0607025995850563	0.06821747869253159	0.06869607418775558	0.06352851539850235	0.0642162561416626	0.06293631345033646	0.05164648965001106	0.06617698073387146	0.074455626308918	0.06393788009881973	0.06293631345033646	0.06206678599119186	0.06214091181755066	0.06364096701145172	0.06293631345033646	0.06168633326888084	0.06610500812530518	0.06748028099536896	0.05419997125864029	0.05630351230502129	0.06293631345033646	0.0607023760676384	0.06328864395618439	0.06927809864282608
S2014m_E7-1-C-F	0.06293626129627228	0.06293631345033646	0.05986685305833817	0.06154092028737068	0.06504972279071808	0.06293631345033646	0.06293616443872452	0.05030697584152222	0.06293629109859467	0.06399266421794891	0.06293631345033646	0.06328839063644409	0.06236773729324341	0.07466600090265274	0.08078810572624207	0.05664268136024475	0.06293631345033646	0.05720771849155426	0.06293530762195587	0.1263523399829865	0.07701941579580307	0.07701941579580307	0.07701941579580307	0.07173804938793182	0.07701941579580307	0.07509493082761765	0.05034904927015305	0.002686862135306001	0.06171431019902229	0.03726145252585411	0.0620766319334507	0.06179007142782211	0.06726711243391037	0.06201932206749916	0.06190469861030579	0.06674285233020782	0.05455381795763969	0.09605065733194351	0.06211543828248978	0	0	0	0.07880964130163193	0.06674285233020782	0.06517727673053741	0.03741341829299927	0.07174448668956757	0.0884115993976593	0.05171798914670944	0.06448560953140259	0.06179007142782211	0.06179007142782211	0.06179007142782211	0.06293631345033646	0.06927819550037384	0.06293631345033646	0.06540259718894958	0.06293631345033646	0.06575320661067963	0.06870872527360916	0.05518558621406555	0.03642313182353973	0.06230543181300163	0.0625060498714447	0.06179007142782211	0.06179007142782211	0.06650511175394058	0.06239184737205505	0.06179007142782211	0.06221991404891014	0.07033488154411316	0.0731537938117981	0.06399236619472504	0.07632473111152649	0.06293530762195587	0.06293631345033646	0.0625351294875145	0.06293631345033646	0.08118274807929993	0.06259243935346603	0.06179007142782211	0.06293631345033646	0.06179007142782211	0.06293631345033646	0.05669546127319336	0.06151440739631653	0.05892981588840485	0.05917296931147575	0.06368653476238251	0.06267841160297394	0.06264975666999817	0.06181873008608818	0.06391945481300354	0.06179007142782211	0.05789042264223099	0.06293631345033646	0.06580317765474319	0.06293631345033646	0.06293631345033646	0.06233453750610352	0.07197404652833939	0.06199058890342712	0.0518820583820343	0.05309418216347694	0.02991103753447533	0.03086547181010246	0.05601189285516739	0.06293631345033646	0.0627635270357132	0.04477180913090706	0.07433968782424927	0.0442713089287281	0.05349501594901085	0.02413475513458252	0.05349541455507278	0.05297943949699402	0.02162652648985386	0.0602453202009201	0.0587138906121254	0.04383114725351334	0.0597885400056839	0.06293631345033646	0.06276204437017441	0.06293631345033646	0.06159256398677826	0.06184979528188705	0.06504867970943451	0.06293631345033646	0.06293631345033646	0.05455282330513	0.06627126038074493	0.06293631345033646	0.0632883608341217	0.06381146609783173	0.06876020133495331	0.0607025995850563	0.06821747869253159	0.06869607418775558	0.06352851539850235	0.0642162561416626	0.06293631345033646	0.05164648965001106	0.06617698073387146	0.074455626308918	0.06393788009881973	0.06293631345033646	0.06206678599119186	0.06214091181755066	0.06364096701145172	0.06293631345033646	0.06168633326888084	0.06610500812530518	0.06748028099536896	0.05419997125864029	0.05630351230502129	0.06293631345033646	0.0607023760676384	0.06328864395618439	0.06927809864282608
S2014m_E7-3-A-M	0.01657279767096043	0.01645604521036148	0.03913991525769234	0.01738554984331131	0.01539927441626787	0.01645604521036148	0.01703990437090397	0.03286371007561684	0.01645602099597454	0.01756253466010094	0.01645604521036148	0.01663233898580074	0.02010244131088257	0.02690345607697964	0.07268353551626205	0.02216697297990322	0.01645604521036148	0.02513263188302517	0.02101031318306923	0.06393389403820038	0.02368357591331005	0.02368357591331005	0.02368357591331005	0.021680798381567	0.02368357591331005	0.02220771461725235	0.02846060320734978	0.07612278312444687	0.02153196558356285	0.04354004934430122	0.02237132377922535	0.02442095428705215	0.01559407170861959	0.0227812509983778	0.0236011054366827	0.017176179215312	0.03111285343766212	0.07512285560369492	0.01844548806548119	0.07880964130163193	0.07880964130163193	0.07880964130163193	0	0.017176179215312	0.017334820702672	0.04368828237056732	0.007647866848856211	0.01311956904828548	0.03167570754885674	0.02031495980918407	0.02442095428705215	0.02442095428705215	0.02442095428705215	0.01645604521036148	0.01011415757238865	0.01645604521036148	0.01398975495249033	0.01645604521036148	0.01704253442585468	0.01701558753848076	0.02838436514139175	0.04483830183744431	0.02283359877765179	0.02128208056092262	0.02442095428705215	0.02442095428705215	0.02044174075126648	0.02011672966182232	0.02442095428705215	0.02134650759398937	0.0103416945785284	0.006238557863980532	0.01960300467908382	0.003067612880840898	0.02101031318306923	0.01645604521036148	0.01909191347658634	0.01645604521036148	0.01622803695499897	0.01868198625743389	0.02442095428705215	0.01645604521036148	0.02442095428705215	0.01645604521036148	0.02686976827681065	0.02187922783195972	0.02516905404627323	0.02351543866097927	0.01952727325260639	0.01806709729135036	0.01827205903828144	0.02421599440276623	0.02634626440703869	0.02442095428705215	0.02620844542980194	0.01645604521036148	0.01300646550953388	0.01645604521036148	0.01645604521036148	0.02052665501832962	0.03193846344947815	0.02333654463291168	0.0315115824341774	0.03051880747079849	0.04995644465088844	0.0499909333884716	0.02831103652715683	0.01645604521036148	0.02142261527478695	0.03538873791694641	0.03259559720754623	0.0420297309756279	0.02928419783711433	0.05642616003751755	0.02741577103734016	0.0258302167057991	0.05965141579508781	0.02544031292200089	0.02882170304656029	0.04752446711063385	0.02345767058432102	0.01645604521036148	0.02454841136932373	0.01645604521036148	0.0265989676117897	0.01912781968712807	0.01751370914280415	0.01645604521036148	0.01645604521036148	0.02437358535826206	0.01894250325858593	0.01645604521036148	0.0166323147714138	0.01916999742388725	0.02516357228159904	0.02027873881161213	0.01910045184195042	0.02603371441364288	0.0223940797150135	0.01747496426105499	0.01645604521036148	0.03263274952769279	0.02197139710187912	0.0380888395011425	0.02216042391955853	0.01645604521036148	0.01908387988805771	0.02632564678788185	0.01575139164924622	0.01645604521036148	0.01782801002264023	0.01804268918931484	0.02335738576948643	0.02566632628440857	0.02409125491976738	0.01645604521036148	0.02057378180325031	0.016103720292449	0.01046446245163679
S2014M_E9-1-A-M	0.0101142143830657	0.01011426467448473	0.02679628506302834	0.01127606257796288	0.009057494811713696	0.01011426467448473	0.01011411473155022	0.02467774786055088	0.01011424046009779	0.009585527703166008	0.01011426467448473	0.01029055844992399	0.01448624022305012	0.02316848747432232	0.06028836220502853	0.01547341793775558	0.01011426467448473	0.01964982599020004	0.01163168624043465	0.06890790909528732	0.02191217988729477	0.02191217988729477	0.02191217988729477	0.01663081347942352	0.02191217988729477	0.02078540623188019	0.02083257213234901	0.06405599415302277	0.01250243373215199	0.03076586499810219	0.005195142701268196	0.007244774140417576	0.00158210750669241	0.005605069454759359	0.006424921564757824	0	0.02380436845123768	0.06360921263694763	0.01469886675477028	0.06674285233020782	0.06674285233020782	0.06674285233020782	0.017176179215312	0	0.005318665876984596	0.02932949922978878	0.009761935099959373	0.02747631818056107	0.01502493396401405	0.003138778731226921	0.007244774140417576	0.007244774140417576	0.007244774140417576	0.01011426467448473	0.007295646704733372	0.01011426467448473	0.007647975347936153	0.01011426467448473	0.01046714931726456	0.01200782973319292	0.01155726704746485	0.03370605036616325	0.007123042363673449	0.007623397279530764	0.007244774140417576	0.007244774140417576	0.01156383845955133	0.006219960749149323	0.007244774140417576	0.004990180488675833	0.008352327160537243	0.0111712422221899	0.01022437401115894	0.01434218510985374	0.01163168624043465	0.01011426467448473	0.007244777400046587	0.01011426467448473	0.02234197035431862	0.007654704619199038	0.007244774140417576	0.01011426467448473	0.007244774140417576	0.01011426467448473	0.01074790209531784	0.005228440277278423	0.008341957814991474	0.008037122897803783	0.003990798257291317	0.008269594982266426	0.008064631372690201	0.007039811462163925	0.01007232535630465	0.007244774140417576	0.009381351061165333	0.01011426467448473	0.01547341607511044	0.01011426467448473	0.01011426467448473	0.005810033529996872	0.02053070813417435	0.006160362157970667	0.01486079581081867	0.01680142991244793	0.0368318147957325	0.03774567320942879	0.01248229667544365	0.01011426467448473	0.01040205545723438	0.0252530500292778	0.01967348344624043	0.03175223246216774	0.01967056654393673	0.04459300637245178	0.01815254613757133	0.01843580231070518	0.04511632397770882	0.008613218553364277	0.0197612289339304	0.04123160988092422	0.01431131269782782	0.01011426467448473	0.01167254336178303	0.01011426467448473	0.01821351610124111	0.008978560566902161	0.01117192767560482	0.01011426467448473	0.01011426467448473	0.01709598861634731	0.01274007186293602	0.01011426467448473	0.01029053330421448	0.01238577347248793	0.01837927661836147	0.0117691857740283	0.01311023626476526	0.01901579834520817	0.007173261605203152	0.01209238450974226	0.01011426467448473	0.02362949401140213	0.01618055813014507	0.02791714109480381	0.007759456988424063	0.01011426467448473	0.01180636510252953	0.01772756315767765	0.00940961018204689	0.01011426467448473	0.01142539642751217	0.01170090679079294	0.01587231084704399	0.01850553415715694	0.01716408506035805	0.01011426467448473	0.01229783240705729	0.009761937893927097	0.007295546587556601
S2014m_E9-1-C-F	0.01344055961817503	0.01344061084091663	0.02441190555691719	0.01204521954059601	0.01238383911550045	0.01344061084091663	0.01344045903533697	0.02217770181596279	0.01344058569520712	0.01291187293827534	0.01344061084091663	0.01361690275371075	0.01234220061451197	0.01996530219912529	0.05872279405593872	0.01297337096184492	0.01344061084091663	0.0171497780829668	0.015425237827003	0.06871746480464935	0.02453538775444031	0.02453538775444031	0.02453538775444031	0.01925401948392391	0.02453538775444031	0.02049541659653187	0.01833252422511578	0.06249041855335236	0.01338278874754906	0.02884984016418457	0.01051380857825279	0.01256344094872475	0.004203797318041325	0.01092373486608267	0.01174358744174242	0.005318665876984596	0.02130431868135929	0.06204364448785782	0.009380201809108257	0.06517727673053741	0.06517727673053741	0.06517727673053741	0.017334820702672	0.005318665876984596	0	0.02776392735540867	0.01026966236531734	0.0272858738899231	0.01434089988470078	0.008457444608211517	0.01256344094872475	0.01256344094872475	0.01256344094872475	0.01344061084091663	0.007803373970091343	0.01344061084091663	0.01097431872040033	0.01344061084091663	0.01379349362105131	0.01533549372106791	0.01176156103610992	0.03238523006439209	0.01109290216118097	0.01141694933176041	0.01256344094872475	0.01256344094872475	0.01465789787471294	0.009546305052936077	0.01256344094872475	0.00948899332433939	0.008860053494572639	0.01167897041887045	0.01401792652904987	0.01484991237521172	0.015425237827003	0.01344061084091663	0.01057112216949463	0.01344061084091663	0.02215152606368065	0.01098104938864708	0.01256344094872475	0.01344061084091663	0.01256344094872475	0.01344061084091663	0.01024696510285139	0.005256425589323044	0.007834231480956078	0.006180620286613703	0.00766975712031126	0.01159593928605318	0.01139097660779953	0.01235847733914852	0.01469281874597073	0.01256344094872475	0.00958564318716526	0.01344061084091663	0.01015475019812584	0.01344061084091663	0.01344061084091663	0.009136378765106201	0.02315887808799744	0.01147902850061655	0.01417676173150539	0.01476858928799629	0.03526624292135239	0.03582965210080147	0.01097621582448483	0.01344061084091663	0.01419560797512531	0.02063903771340847	0.02429397776722908	0.03018665872514248	0.01763772591948509	0.04279380291700363	0.01576929911971092	0.0159357562661171	0.0435507521033287	0.01101868972182274	0.01772838830947876	0.03873156011104584	0.01227847207337618	0.01344061084091663	0.0106122475117445	0.01344061084091663	0.01589813455939293	0.009358018636703491	0.01449827291071415	0.01344061084091663	0.01344061084091663	0.01459594070911407	0.01536824181675911	0.01344061084091663	0.01361687853932381	0.01501394435763359	0.02100744843482971	0.009269136935472488	0.01608501374721527	0.02164396829903126	0.01103121321648359	0.01472055446356535	0.01344061084091663	0.02112944424152374	0.01386073604226112	0.0310125220566988	0.01079755555838346	0.01344061084091663	0.01221951469779015	0.01522751618176699	0.01273595541715622	0.01344061084091663	0.01183854416012764	0.0150272510945797	0.01850048266351223	0.01600548624992371	0.01466403529047966	0.01344061084091663	0.009797783568501472	0.01308828219771385	0.007803273387253284
S2014M_E9-1-C-M	0.03415679186582565	0.03415684029459953	0.02756595052778721	0.03276138007640839	0.03310007229447365	0.03415684029459953	0.03415669128298759	0.01923927664756775	0.03415681794285774	0.03362810611724854	0.03415684029459953	0.03433313593268394	0.03270934522151947	0.03954458981752396	0.0591641403734684	0.02786321379244328	0.03415684029459953	0.02842817641794682	0.03520705550909042	0.09123098105192184	0.04665789380669594	0.04665789380669594	0.04665789380669594	0.04137652739882469	0.04665789380669594	0.04261792451143265	0.02156958170235157	0.03472656011581421	0.03316453471779823	0.001903709722682834	0.03100516833364964	0.0328211784362793	0.02985376305878162	0.03118147514760494	0.03200132772326469	0.02932949922978878	0.02419221960008144	0.07530553638935089	0.02699408121407032	0.03741341829299927	0.03741341829299927	0.03741341829299927	0.04368828237056732	0.02932949922978878	0.02776392735540867	0	0.03662312775850296	0.05329024419188499	0.0171193890273571	0.02871518395841122	0.0328211784362793	0.0328211784362793	0.0328211784362793	0.03415684029459953	0.03415684029459953	0.03415684029459953	0.03169055283069611	0.03415684029459953	0.03450972586870193	0.03570130839943886	0.02434774115681648	0.01125206798315048	0.0322851799428463	0.03155138343572617	0.0328211784362793	0.0328211784362793	0.03543362766504288	0.03132038190960884	0.0328211784362793	0.03114844672381878	0.03521351888775826	0.03803243488073349	0.03379974514245987	0.04120337963104248	0.03520705550909042	0.03415684029459953	0.03146366029977798	0.03415684029459953	0.04606138542294502	0.03169728070497513	0.0328211784362793	0.03415684029459953	0.0328211784362793	0.03415684029459953	0.0258576013147831	0.02621502242982388	0.02809197269380093	0.02528289146721363	0.02979644946753979	0.03231216967105865	0.03210720792412758	0.03261621668934822	0.03495055064558983	0.0328211784362793	0.02728619985282421	0.03415684029459953	0.03068182617425919	0.03415684029459953	0.03415684029459953	0.031263068318367	0.04143150523304939	0.03173676505684853	0.0198685210198164	0.02307393215596676	0.00820324569940567	0.008883446455001831	0.0259916502982378	0.03415684029459953	0.03397742658853531	0.008416305296123028	0.04431943595409393	0.01419375650584698	0.02576676197350025	0.01573084853589535	0.02471594698727131	0.02208600752055645	0.01596320234239101	0.03127642720937729	0.0309856440871954	0.01540075149387121	0.03206028789281845	0.03415684029459953	0.03081014379858971	0.03415684029459953	0.03017330355942249	0.03007425181567669	0.03521450608968735	0.03415684029459953	0.03415684029459953	0.02365939132869244	0.03608447685837746	0.03415684029459953	0.03433310985565186	0.03503193333745003	0.03962916135787964	0.02998537011444569	0.03785594925284386	0.03991659358143806	0.03245704248547554	0.03543679043650627	0.03415684029459953	0.02146022953093052	0.03475771844387054	0.0456760935485363	0.0326906219124794	0.03415684029459953	0.03293574601411819	0.03160051628947258	0.03345218673348427	0.03415684029459953	0.03255470469594002	0.03574348241090775	0.03782036900520325	0.02506893686950207	0.02699669264256954	0.03415684029459953	0.03051401861011982	0.0338045135140419	0.03415673971176147
S2014m_E9-3-A-M	0.009041733108460903	0.008808179758489132	0.03291849046945572	0.01032039895653725	0.007751408964395523	0.008808179758489132	0.009508839808404446	0.02664228342473507	0.008924956433475018	0.01003146916627884	0.008808179758489132	0.008984473533928394	0.01388101279735565	0.0216219499707222	0.06617153435945511	0.01510181091725826	0.008808179758489132	0.01997907087206841	0.01347925048321486	0.06218302994966507	0.0184966865926981	0.0184966865926981	0.0184966865926981	0.01414973381906748	0.0184966865926981	0.01760353520512581	0.02139544114470482	0.06905762851238251	0.01446681842207909	0.03647489473223686	0.01495707500725985	0.01700671017169952	0.008179827593266964	0.01536700315773487	0.01618685573339462	0.009761935099959373	0.02460085414350033	0.06861084699630737	0.01138032786548138	0.07174448668956757	0.07174448668956757	0.07174448668956757	0.007647866848856211	0.009761935099959373	0.01026966236531734	0.03662312775850296	0	0.01841524243354797	0.02461055852472782	0.01290071383118629	0.01700671017169952	0.01700671017169952	0.01700671017169952	0.008808179758489132	0.002466290723532438	0.008808179758489132	0.006341889500617981	0.008808179758489132	0.009511468932032585	0.0138554098084569	0.0213192030787468	0.03777314722537994	0.01541935373097658	0.01386783272027969	0.01700671017169952	0.01700671017169952	0.01728155836462975	0.01270247995853424	0.01700671017169952	0.01393225789070129	0.002810631645843387	0.001409309101291001	0.01207194104790688	0.004580253269523382	0.01347925048321486	0.008808179758489132	0.01167766284197569	0.008808179758489132	0.01468261331319809	0.01126773655414581	0.01700671017169952	0.008808179758489132	0.01700671017169952	0.008808179758489132	0.01980460435152054	0.01481406763195992	0.01810389384627342	0.01645027846097946	0.01211302448064089	0.01065284851938486	0.01085781212896109	0.01680174469947815	0.01983425952494144	0.01700671017169952	0.01914328336715698	0.008808179758489132	0.00664595840498805	0.008808179758489132	0.008808179758489132	0.01311240624636412	0.02542645856738091	0.0159222949296236	0.02444642223417759	0.02345364727079868	0.04289129003882408	0.04292577877640724	0.02124587632715702	0.008808179758489132	0.01400836929678917	0.02832357957959175	0.0294354185461998	0.03886954858899117	0.02221903577446938	0.04936100542545319	0.02035060524940491	0.01876505091786385	0.05258626490831375	0.01837515272200108	0.02230969816446304	0.04436428844928741	0.01639251410961151	0.008808179758489132	0.01832698285579681	0.008808179758489132	0.01953380554914474	0.01206265389919281	0.009865842759609222	0.008808179758489132	0.008808179758489132	0.01730842143297195	0.01272107753902674	0.008808179758489132	0.00898444838821888	0.01294857915490866	0.01894214376807213	0.0132135758176446	0.01145258266478777	0.01981228403747082	0.01617265120148659	0.01125353761017323	0.008808179758489132	0.0261207427829504	0.01574996672570705	0.03186741471290588	0.01593899354338646	0.008808179758489132	0.01201871782541275	0.02010421827435493	0.008103525266051292	0.008808179758489132	0.01076285913586617	0.01039482094347477	0.01713595911860466	0.01860116422176361	0.01702609285712242	0.008808179758489132	0.01350861694663763	0.008455852977931499	0.002933397656306624
S2014m_E9-3-B-M	0.02722337283194065	0.02722342126071453	0.04705440998077393	0.02803611941635609	0.02616664953529835	0.02722342126071453	0.02757367677986622	0.04246567934751511	0.02722339518368244	0.02809630706906319	0.02722342126071453	0.02739971689879894	0.02970440499484539	0.03539910539984703	0.0811791867017746	0.03176893666386604	0.02722342126071453	0.03418143466114998	0.03154408559203148	0.05081432685256004	0.03480251505970955	0.03480251505970955	0.03480251505970955	0.03221457451581955	0.03480251505970955	0.0333266519010067	0.03806256875395775	0.08572474122047424	0.0320657342672348	0.05314201861619949	0.03267145901918411	0.03472108766436577	0.02589421160519123	0.03308138623833656	0.03390123695135117	0.02747631818056107	0.04071482270956039	0.08361850678920746	0.02804745174944401	0.0884115993976593	0.0884115993976593	0.0884115993976593	0.01311956904828548	0.02747631818056107	0.0272858738899231	0.05329024419188499	0.01841524243354797	0	0.04127766937017441	0.03061509504914284	0.03472108766436577	0.03472108766436577	0.03472108766436577	0.02722342126071453	0.02088153548538685	0.02722342126071453	0.0247571337968111	0.02722342126071453	0.02757630497217178	0.0263059176504612	0.03798632323741913	0.05444026738405228	0.03313373401761055	0.03158221393823624	0.03472108766436577	0.03472108766436577	0.02629831805825233	0.03041686490178108	0.03472108766436577	0.03164664283394814	0.02087546698749065	0.01700593344867229	0.03013677522540092	0.01453964225947857	0.03154408559203148	0.02722342126071453	0.02939204685389996	0.02722342126071453	0.02324637584388256	0.02898212149739265	0.03472108766436577	0.02722342126071453	0.03472108766436577	0.02722342126071453	0.03647172823548317	0.03183027729392052	0.03512010350823402	0.03311740234494209	0.0298274103552103	0.02836723253130913	0.02857219614088535	0.03451612964272499	0.03574415668845177	0.03472108766436577	0.03581040725111961	0.02722342126071453	0.02260843105614185	0.02722342126071453	0.02722342126071453	0.03082679025828838	0.04043411090970039	0.0336366780102253	0.04111354425549507	0.04012076556682587	0.05955841019749641	0.05959290266036987	0.0379129983484745	0.02722342126071453	0.03172275051474571	0.04499069973826408	0.01999973133206367	0.04754026234149933	0.03888615965843201	0.06602813303470612	0.03701772913336754	0.03543217852711678	0.06925338506698608	0.0357404462993145	0.03787050768733025	0.0459243431687355	0.03352553769946098	0.02722342126071453	0.03246290981769562	0.02722342126071453	0.03620092943310738	0.02907886914908886	0.02828108333051205	0.02722342126071453	0.02722342126071453	0.03397555276751518	0.02804981917142868	0.02722342126071453	0.02739969082176685	0.0276656448841095	0.03307806700468063	0.03022978641092777	0.02986782602965832	0.03394820541143417	0.0315013974905014	0.02681590057909489	0.02722342126071453	0.04223470762372017	0.03072962909936905	0.04600332677364349	0.03126773983240128	0.02722342126071453	0.02961765229701996	0.03424014523625374	0.02651876769959927	0.02722342126071453	0.02836176380515099	0.02881006523966789	0.03127188235521317	0.03526828810572624	0.03369322046637535	0.02722342126071453	0.03052482940256596	0.02687109634280205	0.02099823765456676
S2014m_E9-A-1-F	0.02003025822341442	0.0200303103774786	0.01606128551065922	0.01863484457135201	0.01897353865206242	0.0200303103774786	0.02003016136586666	0.01146400533616543	0.02003028430044651	0.0195015724748373	0.0200303103774786	0.02020660229027271	0.01858281344175339	0.02753201685845852	0.04782760888338089	0.01373668108135462	0.0200303103774786	0.01430164463818073	0.02073011733591557	0.08096383512020111	0.03305871039628983	0.03305871039628983	0.03305871039628983	0.02777734585106373	0.03305871039628983	0.02901874482631683	0.007443048525601625	0.04903112724423409	0.01868759468197823	0.01820163987576962	0.01458664052188396	0.01570179127156734	0.01643073000013828	0.01452932879328728	0.01488194242119789	0.01502493396401405	0.01094212383031845	0.06396900862455368	0.01498151291161776	0.05171798914670944	0.05171798914670944	0.05171798914670944	0.03167570754885674	0.01502493396401405	0.01434089988470078	0.0171193890273571	0.02461055852472782	0.04127766937017441	0	0.01276769209653139	0.01570179127156734	0.01570179127156734	0.01570179127156734	0.0200303103774786	0.02214427106082439	0.0200303103774786	0.01826867274940014	0.0200303103774786	0.02073476277291775	0.02157477661967278	0.007695593405514956	0.02234699204564095	0.01622147485613823	0.01695543341338634	0.01570179127156734	0.01570179127156734	0.02113078907132149	0.01613600365817547	0.01570179127156734	0.01490622758865356	0.02320094965398312	0.02601986937224865	0.01932280696928501	0.02919080667197704	0.02073011733591557	0.0200303103774786	0.01716082356870174	0.0200303103774786	0.03439790010452271	0.0175707470625639	0.01570179127156734	0.0200303103774786	0.01570179127156734	0.0200303103774786	0.00973439309746027	0.009796495549380779	0.01143982540816069	0.009569589979946613	0.01390684582293034	0.01818563975393772	0.01798067800700665	0.01549683138728142	0.01783117093145847	0.01570179127156734	0.01040043216198683	0.0200303103774786	0.01866925321519375	0.0200303103774786	0.0200303103774786	0.01572607830166817	0.02765405736863613	0.01473420113325119	0.002982753794640303	0.008420688100159168	0.02320866845548153	0.02353846840560436	0.009927946142852306	0.0200303103774786	0.01950048841536045	0.01679610274732113	0.02755050174891949	0.01754508167505264	0.01128982380032539	0.03038587048649788	0.01058941520750523	0.007959475740790367	0.03009146265685558	0.01415704376995564	0.01650870405137539	0.02784207090735435	0.01758335344493389	0.0200303103774786	0.01615468971431255	0.0200303103774786	0.01657411828637123	0.01594771817326546	0.02108797244727612	0.0200303103774786	0.0200303103774786	0.009532857686281204	0.02195793949067593	0.0200303103774786	0.02020657993853092	0.02090539783239365	0.02550262771546841	0.0158588383346796	0.02425677143037319	0.02613915130496025	0.01639113202691078	0.02131025306880474	0.0200303103774786	0.01041575241833925	0.02115853503346443	0.03504042327404022	0.01697732694447041	0.0200303103774786	0.01880921423435211	0.01747398264706135	0.01932565681636333	0.0200303103774786	0.01842817105352879	0.02214430458843708	0.02369383908808231	0.01094240322709084	0.01287015900015831	0.0200303103774786	0.01638748310506344	0.01967798359692097	0.02214417047798634
S2017t1_E11-T1a-Female	0.009025068953633308	0.009025119245052338	0.02676184102892876	0.01018691621720791	0.007968347519636154	0.009025119245052338	0.009024969302117825	0.02358860149979591	0.009025094099342823	0.008496382273733616	0.009025119245052338	0.009201412089169025	0.01339709386229515	0.02630726620554924	0.0580311194062233	0.01438427343964577	0.009025119245052338	0.01856067776679993	0.009958531707525253	0.07204668968915939	0.02187773585319519	0.02187773585319519	0.02187773585319519	0.01659637130796909	0.02187773585319519	0.02075096592307091	0.0197434276342392	0.06179874762892723	0.01082928013056517	0.02979736402630806	0.002876217477023602	0.004105995874851942	0.004720885772258043	0.002466290490701795	0.003286142833530903	0.003138778731226921	0.02306679077446461	0.06135197356343269	0.0178376454859972	0.06448560953140259	0.06448560953140259	0.06448560953140259	0.02031495980918407	0.003138778731226921	0.008457444608211517	0.02871518395841122	0.01290071383118629	0.03061509504914284	0.01276769209653139	0	0.004105995874851942	0.004105995874851942	0.004105995874851942	0.009025119245052338	0.01043442543596029	0.009025119245052338	0.006558828521519899	0.009025119245052338	0.009553787298500538	0.01091868430376053	0.00930002611130476	0.03203289583325386	0.005449887830764055	0.005950243212282658	0.004105995874851942	0.004105995874851942	0.01047469303011894	0.005130814388394356	0.004105995874851942	0.003901034127920866	0.01149110496044159	0.01431002281606197	0.008551220409572124	0.01748096384108067	0.009958531707525253	0.009025119245052338	0.006155631504952908	0.009025119245052338	0.02548075094819069	0.006565558724105358	0.004105995874851942	0.009025119245052338	0.004105995874851942	0.009025119245052338	0.009074747562408447	0.003905675141140819	0.005555794574320316	0.006947976537048817	0.002901652129366994	0.007180448621511459	0.006975485011935234	0.00390103249810636	0.006933547090739012	0.004105995874851942	0.006595188286155462	0.009025119245052338	0.01861219480633736	0.009025119245052338	0.009025119245052338	0.004720887634903193	0.01944156177341938	0.003021583426743746	0.01260355487465858	0.01512827631086111	0.03550904989242554	0.03607251867651939	0.01080914214253426	0.009025119245052338	0.008728900924324989	0.02839182689785957	0.01764987781643867	0.0300790760666132	0.01799741201102734	0.04291985183954239	0.01706339977681637	0.01734665594995022	0.04285908117890358	0.005474440287798643	0.018088074401021	0.04014246910810471	0.012638159096241	0.009025119245052338	0.01058339606970549	0.009025119245052338	0.01817907579243183	0.007889415137469769	0.01008278224617243	0.009025119245052338	0.009025119245052338	0.0160068441182375	0.01165092457085848	0.009025119245052338	0.009201387874782085	0.01129662711173296	0.01729013025760651	0.01068003941327333	0.01307579595595598	0.01792665384709835	0.006084115244448185	0.01100323908030987	0.009025119245052338	0.02254034765064716	0.01614611782133579	0.02682799659669399	0.006670311093330383	0.009025119245052338	0.01071721874177456	0.01663841679692268	0.008320464752614498	0.009025119245052338	0.01033625192940235	0.01096332911401987	0.01478316448628902	0.01741638779640198	0.01607493683695793	0.009025119245052338	0.01120868604630232	0.008672791533172131	0.01043432485312223
S2017t1_E11-T1a-Male	0.00819848570972681	0.008198535069823265	0.02716574817895889	0.009360332973301411	0.01031194999814034	0.008198535069823265	0.008198385126888752	0.02505024708807468	0.008198510855436325	0.00925489142537117	0.008198535069823265	0.00855061411857605	0.01344943139702082	0.03041326068341732	0.05533558130264282	0.01355768926441669	0.008198535069823265	0.017734095454216	0.008197533898055553	0.07615268230438232	0.02228164300322533	0.02228164300322533	0.02228164300322533	0.01700027659535408	0.02228164300322533	0.02327034994959831	0.01891684159636497	0.05910321325063705	0.009889738634228706	0.03390336036682129	0.002049633767455816	0	0.008826881647109985	0.001639707013964653	0.0008198536233976483	0.007244774140417576	0.02347069419920444	0.05935729295015335	0.02194363996386528	0.06179007142782211	0.06179007142782211	0.06179007142782211	0.02442095428705215	0.007244774140417576	0.01256344094872475	0.0328211784362793	0.01700671017169952	0.03472108766436577	0.01570179127156734	0.004105995874851942	0	0	0	0.008198535069823265	0.01454042084515095	0.008198535069823265	0.01066482439637184	0.008198535069823265	0.01101543195545673	0.01432002522051334	0.008473442867398262	0.03027189895510674	0.003688890254124999	0.005123659037053585	0	0	0.00964810885488987	0.004304231144487858	0	0.003074450884014368	0.01559709943830967	0.01841601729393005	0.009254590608179569	0.02158696018159389	0.008197533898055553	0.008198535069823265	0.005329047795385122	0.008198535069823265	0.02958674728870392	0.005738974548876286	0	0.008198535069823265	0	0.008198535069823265	0.008131362497806549	0.007307017222046852	0.004729211330413818	0.008940010331571102	0.004893685691058636	0.006353864911943674	0.006148901768028736	0.0002049633039860055	0.003180166007950902	0	0.005534985102713108	0.008198535069823265	0.02271818928420544	0.008198535069823265	0.008198535069823265	0.003894304390996695	0.01861497759819031	0.001434668665751815	0.01295266021043062	0.01336727850139141	0.03820573538541794	0.03677589073777199	0.009048145264387131	0.008198535069823265	0.006967904046177864	0.0324978269636631	0.0158888790756464	0.02855168096721172	0.01623641513288021	0.04115885496139526	0.0162368156015873	0.01863403432071209	0.0401635430753231	0.001544751576147974	0.01632707752287388	0.03931588679552078	0.0108771612867713	0.008198535069823265	0.01063725166022778	0.008198535069823265	0.0196407213807106	0.0084721390157938	0.01031090319156647	0.008198535069823265	0.008198535069823265	0.01729422248899937	0.01187904644757509	0.008198535069823265	0.008550588972866535	0.01047004293650389	0.01681511476635933	0.010909678414464	0.01347970031201839	0.01710006780922413	0.005257532000541687	0.0101766549050808	0.008198535069823265	0.0229442548006773	0.01760776527225971	0.02600141242146492	0.006019512191414833	0.008198535069823265	0.01024220418184996	0.01704384200274944	0.008903190493583679	0.008198535069823265	0.009685453027486801	0.01136723347008228	0.01483702100813389	0.0169413723051548	0.01577570661902428	0.008198535069823265	0.01090945489704609	0.008550862781703472	0.01454032026231289
S2017t1_E11-T1b-Female	0.00819848570972681	0.008198535069823265	0.02716574817895889	0.009360332973301411	0.01031194999814034	0.008198535069823265	0.008198385126888752	0.02505024708807468	0.008198510855436325	0.00925489142537117	0.008198535069823265	0.00855061411857605	0.01344943139702082	0.03041326068341732	0.05533558130264282	0.01355768926441669	0.008198535069823265	0.017734095454216	0.008197533898055553	0.07615268230438232	0.02228164300322533	0.02228164300322533	0.02228164300322533	0.01700027659535408	0.02228164300322533	0.02327034994959831	0.01891684159636497	0.05910321325063705	0.009889738634228706	0.03390336036682129	0.002049633767455816	0	0.008826881647109985	0.001639707013964653	0.0008198536233976483	0.007244774140417576	0.02347069419920444	0.05935729295015335	0.02194363996386528	0.06179007142782211	0.06179007142782211	0.06179007142782211	0.02442095428705215	0.007244774140417576	0.01256344094872475	0.0328211784362793	0.01700671017169952	0.03472108766436577	0.01570179127156734	0.004105995874851942	0	0	0	0.008198535069823265	0.01454042084515095	0.008198535069823265	0.01066482439637184	0.008198535069823265	0.01101543195545673	0.01432002522051334	0.008473442867398262	0.03027189895510674	0.003688890254124999	0.005123659037053585	0	0	0.00964810885488987	0.004304231144487858	0	0.003074450884014368	0.01559709943830967	0.01841601729393005	0.009254590608179569	0.02158696018159389	0.008197533898055553	0.008198535069823265	0.005329047795385122	0.008198535069823265	0.02958674728870392	0.005738974548876286	0	0.008198535069823265	0	0.008198535069823265	0.008131362497806549	0.007307017222046852	0.004729211330413818	0.008940010331571102	0.004893685691058636	0.006353864911943674	0.006148901768028736	0.0002049633039860055	0.003180166007950902	0	0.005534985102713108	0.008198535069823265	0.02271818928420544	0.008198535069823265	0.008198535069823265	0.003894304390996695	0.01861497759819031	0.001434668665751815	0.01295266021043062	0.01336727850139141	0.03820573538541794	0.03677589073777199	0.009048145264387131	0.008198535069823265	0.006967904046177864	0.0324978269636631	0.0158888790756464	0.02855168096721172	0.01623641513288021	0.04115885496139526	0.0162368156015873	0.01863403432071209	0.0401635430753231	0.001544751576147974	0.01632707752287388	0.03931588679552078	0.0108771612867713	0.008198535069823265	0.01063725166022778	0.008198535069823265	0.0196407213807106	0.0084721390157938	0.01031090319156647	0.008198535069823265	0.008198535069823265	0.01729422248899937	0.01187904644757509	0.008198535069823265	0.008550588972866535	0.01047004293650389	0.01681511476635933	0.010909678414464	0.01347970031201839	0.01710006780922413	0.005257532000541687	0.0101766549050808	0.008198535069823265	0.0229442548006773	0.01760776527225971	0.02600141242146492	0.006019512191414833	0.008198535069823265	0.01024220418184996	0.01704384200274944	0.008903190493583679	0.008198535069823265	0.009685453027486801	0.01136723347008228	0.01483702100813389	0.0169413723051548	0.01577570661902428	0.008198535069823265	0.01090945489704609	0.008550862781703472	0.01454032026231289
S2017t1_E11-T1b-Male	0.00819848570972681	0.008198535069823265	0.02716574817895889	0.009360332973301411	0.01031194999814034	0.008198535069823265	0.008198385126888752	0.02505024708807468	0.008198510855436325	0.00925489142537117	0.008198535069823265	0.00855061411857605	0.01344943139702082	0.03041326068341732	0.05533558130264282	0.01355768926441669	0.008198535069823265	0.017734095454216	0.008197533898055553	0.07615268230438232	0.02228164300322533	0.02228164300322533	0.02228164300322533	0.01700027659535408	0.02228164300322533	0.02327034994959831	0.01891684159636497	0.05910321325063705	0.009889738634228706	0.03390336036682129	0.002049633767455816	0	0.008826881647109985	0.001639707013964653	0.0008198536233976483	0.007244774140417576	0.02347069419920444	0.05935729295015335	0.02194363996386528	0.06179007142782211	0.06179007142782211	0.06179007142782211	0.02442095428705215	0.007244774140417576	0.01256344094872475	0.0328211784362793	0.01700671017169952	0.03472108766436577	0.01570179127156734	0.004105995874851942	0	0	0	0.008198535069823265	0.01454042084515095	0.008198535069823265	0.01066482439637184	0.008198535069823265	0.01101543195545673	0.01432002522051334	0.008473442867398262	0.03027189895510674	0.003688890254124999	0.005123659037053585	0	0	0.00964810885488987	0.004304231144487858	0	0.003074450884014368	0.01559709943830967	0.01841601729393005	0.009254590608179569	0.02158696018159389	0.008197533898055553	0.008198535069823265	0.005329047795385122	0.008198535069823265	0.02958674728870392	0.005738974548876286	0	0.008198535069823265	0	0.008198535069823265	0.008131362497806549	0.007307017222046852	0.004729211330413818	0.008940010331571102	0.004893685691058636	0.006353864911943674	0.006148901768028736	0.0002049633039860055	0.003180166007950902	0	0.005534985102713108	0.008198535069823265	0.02271818928420544	0.008198535069823265	0.008198535069823265	0.003894304390996695	0.01861497759819031	0.001434668665751815	0.01295266021043062	0.01336727850139141	0.03820573538541794	0.03677589073777199	0.009048145264387131	0.008198535069823265	0.006967904046177864	0.0324978269636631	0.0158888790756464	0.02855168096721172	0.01623641513288021	0.04115885496139526	0.0162368156015873	0.01863403432071209	0.0401635430753231	0.001544751576147974	0.01632707752287388	0.03931588679552078	0.0108771612867713	0.008198535069823265	0.01063725166022778	0.008198535069823265	0.0196407213807106	0.0084721390157938	0.01031090319156647	0.008198535069823265	0.008198535069823265	0.01729422248899937	0.01187904644757509	0.008198535069823265	0.008550588972866535	0.01047004293650389	0.01681511476635933	0.010909678414464	0.01347970031201839	0.01710006780922413	0.005257532000541687	0.0101766549050808	0.008198535069823265	0.0229442548006773	0.01760776527225971	0.02600141242146492	0.006019512191414833	0.008198535069823265	0.01024220418184996	0.01704384200274944	0.008903190493583679	0.008198535069823265	0.009685453027486801	0.01136723347008228	0.01483702100813389	0.0169413723051548	0.01577570661902428	0.008198535069823265	0.01090945489704609	0.008550862781703472	0.01454032026231289
S2017t1_E13-T1a-Female	0.0002335539174964651	0	0.02674708142876625	0.001512217451818287	0.002113415161147714	0	0.0007006616797298193	0.0201223399490118	0.0001167768859886564	0.002808386692777276	0	0.0003520778845995665	0.005951754748821259	0.0240836888551712	0.057363361120224	0.006293631624430418	0	0.0111708976328373	0.004671077709645033	0.07099121063947678	0.01408311631530523	0.01408311631530523	0.01408311631530523	0.009736164472997189	0.01408311631530523	0.01530544273555279	0.01258726231753826	0.0602494515478611	0.006363295949995518	0.03330395370721817	0.006148901768028736	0.008198535069823265	0.00923681166023016	0.006558828521519899	0.007378681562840939	0.01011426467448473	0.01737473718822002	0.05980267748236656	0.01666523888707161	0.06293631345033646	0.06293631345033646	0.06293631345033646	0.01645604521036148	0.01011426467448473	0.01344061084091663	0.03415684029459953	0.008808179758489132	0.02722342126071453	0.0200303103774786	0.009025119245052338	0.008198535069823265	0.008198535069823265	0.008198535069823265	0	0.006341889500617981	0	0.002466290490701795	0	0.003167304443195462	0.009275159798562527	0.01251102704554796	0.02896497398614883	0.006611179560422897	0.005059659015387297	0.008198535069823265	0.008198535069823265	0.008473385125398636	0.003894304390996695	0.008198535069823265	0.005124084651470184	0.008800193667411804	0.01021748967468739	0.005377728957682848	0.0133884334936738	0.004671077709645033	0	0.00286948774009943	0	0.0234907940030098	0.002459560753777623	0.008198535069823265	0	0.008198535069823265	0	0.01099643297493458	0.01023381762206554	0.009295717813074589	0.01046072226017714	0.0061234668828547	0.001844670623540878	0.002049633767455816	0.007993572391569614	0.01102608721703291	0.008198535069823265	0.01033511199057102	0	0.01545413956046104	0	0	0.004304231144487858	0.0166182853281498	0.007114122156053782	0.01704755611717701	0.01464547403156757	0.03760638833045959	0.03623156622052193	0.01243770308792591	0	0.00520019605755806	0.03078987449407578	0.02062724530696869	0.03006137907505035	0.01341086346656084	0.04055283218622208	0.01154243294149637	0.01207083649933338	0.04377808794379234	0.009566979482769966	0.01350152399390936	0.0355561152100563	0.007584339939057827	0	0.01039924565702677	0	0.01459591928869486	0.00466378778219223	0.002112368820235133	0	0	0.01061420608311892	0.004967603832483292	0	0.0003520532627590001	0.004140399396419525	0.01048553548753262	0.005461620166897774	0.005281168967485428	0.01100410800427198	0.007364477962255478	0.00244535761885345	0	0.01854305900633335	0.0104605108499527	0.02305924333631992	0.007306605111807585	0	0.003562110010534525	0.01252805255353451	0.0007046543760225177	0	0.002130461158230901	0.003168701194226742	0.009208221919834614	0.01014455314725637	0.008745267987251282	0	0.005227793008089066	0.0003523271880112588	0.006808997597545385
S2017t1_E13-T1a-Male	0.006575442850589752	0.006341889500617981	0.03045220300555229	0.007854107767343521	0.005285118706524372	0.006341889500617981	0.007042549084872007	0.02417599409818649	0.006458666175603867	0.007565178908407688	0.006341889500617981	0.006518183276057243	0.01141472160816193	0.02038615010678768	0.06370524317026138	0.01263551972806454	0.006341889500617981	0.01751278340816498	0.01101296301931143	0.0646493211388588	0.01726088486611843	0.01726088486611843	0.01726088486611843	0.01291393395513296	0.01726088486611843	0.01636773534119129	0.01892914995551109	0.06659133732318878	0.01200052909553051	0.03400860354304314	0.01249078661203384	0.01454042084515095	0.005713538732379675	0.01290071383118629	0.01372056640684605	0.007295646704733372	0.0221345629543066	0.06614455580711365	0.01032334752380848	0.06927819550037384	0.06927819550037384	0.06927819550037384	0.01011415757238865	0.007295646704733372	0.007803373970091343	0.03415684029459953	0.002466290723532438	0.02088153548538685	0.02214427106082439	0.01043442543596029	0.01454042084515095	0.01454042084515095	0.01454042084515095	0.006341889500617981	0	0.006341889500617981	0.003875599009916186	0.006341889500617981	0.007045178674161434	0.01138912048190832	0.01885291561484337	0.03530685976147652	0.01295306440442801	0.01140154432505369	0.01454042084515095	0.01454042084515095	0.01481526996940374	0.01023618876934052	0.01454042084515095	0.01146596856415272	0.002458304865285754	0.003875599708408117	0.009605651721358299	0.007046543527394533	0.01101296301931143	0.006341889500617981	0.009211373515427113	0.006341889500617981	0.01714890450239182	0.008801447227597237	0.01454042084515095	0.006341889500617981	0.01454042084515095	0.006341889500617981	0.01733831688761711	0.01234777737408876	0.01563760451972485	0.01398399099707603	0.009646736085414886	0.008186557330191135	0.008391520939767361	0.0143354581668973	0.01736797206103802	0.01454042084515095	0.01667699590325356	0.006341889500617981	0.009112248197197914	0.006341889500617981	0.006341889500617981	0.01064611505717039	0.02296016924083233	0.0134560065343976	0.02198013290762901	0.02098735794425011	0.04042500257492065	0.04045949131250381	0.01877958700060844	0.006341889500617981	0.01154208183288574	0.02585729211568832	0.02696913108229637	0.03640326112508774	0.01975274831056595	0.04689471796154976	0.01788431778550148	0.01629875972867012	0.05011997371912003	0.01590886525809765	0.01984341070055962	0.04189799726009369	0.01392622571438551	0.006341889500617981	0.01586069166660309	0.006341889500617981	0.01706751808524132	0.009596363641321659	0.007399552036076784	0.006341889500617981	0.006341889500617981	0.0148421311751008	0.01025478821247816	0.006341889500617981	0.006518158596009016	0.01048228796571493	0.0164758525788784	0.01074728555977345	0.008986292406916618	0.01734599657356739	0.01370636094361544	0.008787247352302074	0.006341889500617981	0.02365445345640182	0.01328367833048105	0.02940112911164761	0.01347270328551531	0.006341889500617981	0.009552427567541599	0.01763793081045151	0.005637234542518854	0.006341889500617981	0.00829656794667244	0.007928530685603619	0.01466966699808836	0.01613487303256989	0.01455980353057384	0.006341889500617981	0.01104232762008905	0.005989562720060349	0.0004671078349929303
S2017t1_E13-T1b-Female	0.0002335539174964651	0	0.02674708142876625	0.001512217451818287	0.002113415161147714	0	0.0007006616797298193	0.0201223399490118	0.0001167768859886564	0.002808386692777276	0	0.0003520778845995665	0.005951754748821259	0.0240836888551712	0.057363361120224	0.006293631624430418	0	0.0111708976328373	0.004671077709645033	0.07099121063947678	0.01408311631530523	0.01408311631530523	0.01408311631530523	0.009736164472997189	0.01408311631530523	0.01530544273555279	0.01258726231753826	0.0602494515478611	0.006363295949995518	0.03330395370721817	0.006148901768028736	0.008198535069823265	0.00923681166023016	0.006558828521519899	0.007378681562840939	0.01011426467448473	0.01737473718822002	0.05980267748236656	0.01666523888707161	0.06293631345033646	0.06293631345033646	0.06293631345033646	0.01645604521036148	0.01011426467448473	0.01344061084091663	0.03415684029459953	0.008808179758489132	0.02722342126071453	0.0200303103774786	0.009025119245052338	0.008198535069823265	0.008198535069823265	0.008198535069823265	0	0.006341889500617981	0	0.002466290490701795	0	0.003167304443195462	0.009275159798562527	0.01251102704554796	0.02896497398614883	0.006611179560422897	0.005059659015387297	0.008198535069823265	0.008198535069823265	0.008473385125398636	0.003894304390996695	0.008198535069823265	0.005124084651470184	0.008800193667411804	0.01021748967468739	0.005377728957682848	0.0133884334936738	0.004671077709645033	0	0.00286948774009943	0	0.0234907940030098	0.002459560753777623	0.008198535069823265	0	0.008198535069823265	0	0.01099643297493458	0.01023381762206554	0.009295717813074589	0.01046072226017714	0.0061234668828547	0.001844670623540878	0.002049633767455816	0.007993572391569614	0.01102608721703291	0.008198535069823265	0.01033511199057102	0	0.01545413956046104	0	0	0.004304231144487858	0.0166182853281498	0.007114122156053782	0.01704755611717701	0.01464547403156757	0.03760638833045959	0.03623156622052193	0.01243770308792591	0	0.00520019605755806	0.03078987449407578	0.02062724530696869	0.03006137907505035	0.01341086346656084	0.04055283218622208	0.01154243294149637	0.01207083649933338	0.04377808794379234	0.009566979482769966	0.01350152399390936	0.0355561152100563	0.007584339939057827	0	0.01039924565702677	0	0.01459591928869486	0.00466378778219223	0.002112368820235133	0	0	0.01061420608311892	0.004967603832483292	0	0.0003520532627590001	0.004140399396419525	0.01048553548753262	0.005461620166897774	0.005281168967485428	0.01100410800427198	0.007364477962255478	0.00244535761885345	0	0.01854305900633335	0.0104605108499527	0.02305924333631992	0.007306605111807585	0	0.003562110010534525	0.01252805255353451	0.0007046543760225177	0	0.002130461158230901	0.003168701194226742	0.009208221919834614	0.01014455314725637	0.008745267987251282	0	0.005227793008089066	0.0003523271880112588	0.006808997597545385
S2017t1_E13-T1b-Male	0.00269984407350421	0.002466290490701795	0.02798287943005562	0.003978507593274117	0.00140951934736222	0.002466290490701795	0.003166950773447752	0.02030039951205254	0.00258306716568768	0.003689582692459226	0.002466290490701795	0.002642584033310413	0.007539123296737671	0.02161739766597748	0.05982965230941772	0.008759921416640282	0.002466290490701795	0.0136371860280633	0.007137366570532322	0.06852491945028305	0.01531891524791718	0.01531891524791718	0.01531891524791718	0.01097196340560913	0.01531891524791718	0.01442576292902231	0.01505355071276426	0.06271573901176453	0.008124931715428829	0.03083766251802444	0.008615191094577312	0.01066482439637184	0.006770521402359009	0.009025117382407188	0.009844970889389515	0.007647975347936153	0.01861053518950939	0.06226896494626999	0.01419894676655531	0.06540259718894958	0.06540259718894958	0.06540259718894958	0.01398975495249033	0.007647975347936153	0.01097431872040033	0.03169055283069611	0.006341889500617981	0.0247571337968111	0.01826867274940014	0.006558828521519899	0.01066482439637184	0.01066482439637184	0.01066482439637184	0.002466290490701795	0.003875599009916186	0.002466290490701795	0	0.002466290490701795	0.003345364239066839	0.007513523567467928	0.01497731637209654	0.03143126145005226	0.009077468886971474	0.007525947876274586	0.01066482439637184	0.01066482439637184	0.01093967445194721	0.006360593717545271	0.01066482439637184	0.007590373978018761	0.006333903875201941	0.007751198951154947	0.005730054806917906	0.01092214230448008	0.007137366570532322	0.002466290490701795	0.005335776135325432	0.002466290490701795	0.02102450281381607	0.004925849381834269	0.01066482439637184	0.002466290490701795	0.01066482439637184	0.002466290490701795	0.01346272043883801	0.008472180925309658	0.01176200620830059	0.01010839454829693	0.005771139170974493	0.004310959484428167	0.004515922628343105	0.01045986171811819	0.01349237654358149	0.01066482439637184	0.01280140038579702	0.002466290490701795	0.01298784837126732	0.002466290490701795	0.002466290490701795	0.006770520005375147	0.01908457279205322	0.009580411016941071	0.01810453645884991	0.017111761495471	0.0365494079887867	0.03658389672636986	0.01490399241447449	0.002466290490701795	0.007666485384106636	0.02832358330488205	0.02309353463351727	0.03252767026424408	0.01587715186178684	0.0430191233754158	0.01400872133672237	0.01242316234856844	0.04624437913298607	0.01203326880931854	0.01596781425178051	0.03802240639925003	0.01005062833428383	0.002466290490701795	0.01198509614914656	0.002466290490701795	0.01477397885173559	0.005720768123865128	0.003523953026160598	0.002466290490701795	0.002466290490701795	0.01096653193235397	0.006379187572747469	0.002466290490701795	0.002642559353262186	0.006606688257306814	0.01260025519877672	0.006871686317026615	0.006516968365758657	0.01347039733082056	0.009830765426158905	0.00491164717823267	0.002466290490701795	0.01977885887026787	0.01063857041299343	0.0255255326628685	0.009597107768058777	0.002466290490701795	0.005676830187439919	0.0137623343616724	0.001761635881848633	0.002466290490701795	0.004420967306941748	0.004404501058161259	0.01079407148063183	0.01225927472114563	0.01068420428782701	0.002466290490701795	0.007166729308664799	0.002113963011652231	0.004342706874012947
S2017t1_E14-T1a-Female	0.0002335539174964651	0	0.02674708142876625	0.001512217451818287	0.002113415161147714	0	0.0007006616797298193	0.0201223399490118	0.0001167768859886564	0.002808386692777276	0	0.0003520778845995665	0.005951754748821259	0.0240836888551712	0.057363361120224	0.006293631624430418	0	0.0111708976328373	0.004671077709645033	0.07099121063947678	0.01408311631530523	0.01408311631530523	0.01408311631530523	0.009736164472997189	0.01408311631530523	0.01530544273555279	0.01258726231753826	0.0602494515478611	0.006363295949995518	0.03330395370721817	0.006148901768028736	0.008198535069823265	0.00923681166023016	0.006558828521519899	0.007378681562840939	0.01011426467448473	0.01737473718822002	0.05980267748236656	0.01666523888707161	0.06293631345033646	0.06293631345033646	0.06293631345033646	0.01645604521036148	0.01011426467448473	0.01344061084091663	0.03415684029459953	0.008808179758489132	0.02722342126071453	0.0200303103774786	0.009025119245052338	0.008198535069823265	0.008198535069823265	0.008198535069823265	0	0.006341889500617981	0	0.002466290490701795	0	0.003167304443195462	0.009275159798562527	0.01251102704554796	0.02896497398614883	0.006611179560422897	0.005059659015387297	0.008198535069823265	0.008198535069823265	0.008473385125398636	0.003894304390996695	0.008198535069823265	0.005124084651470184	0.008800193667411804	0.01021748967468739	0.005377728957682848	0.0133884334936738	0.004671077709645033	0	0.00286948774009943	0	0.0234907940030098	0.002459560753777623	0.008198535069823265	0	0.008198535069823265	0	0.01099643297493458	0.01023381762206554	0.009295717813074589	0.01046072226017714	0.0061234668828547	0.001844670623540878	0.002049633767455816	0.007993572391569614	0.01102608721703291	0.008198535069823265	0.01033511199057102	0	0.01545413956046104	0	0	0.004304231144487858	0.0166182853281498	0.007114122156053782	0.01704755611717701	0.01464547403156757	0.03760638833045959	0.03623156622052193	0.01243770308792591	0	0.00520019605755806	0.03078987449407578	0.02062724530696869	0.03006137907505035	0.01341086346656084	0.04055283218622208	0.01154243294149637	0.01207083649933338	0.04377808794379234	0.009566979482769966	0.01350152399390936	0.0355561152100563	0.007584339939057827	0	0.01039924565702677	0	0.01459591928869486	0.00466378778219223	0.002112368820235133	0	0	0.01061420608311892	0.004967603832483292	0	0.0003520532627590001	0.004140399396419525	0.01048553548753262	0.005461620166897774	0.005281168967485428	0.01100410800427198	0.007364477962255478	0.00244535761885345	0	0.01854305900633335	0.0104605108499527	0.02305924333631992	0.007306605111807585	0	0.003562110010534525	0.01252805255353451	0.0007046543760225177	0	0.002130461158230901	0.003168701194226742	0.009208221919834614	0.01014455314725637	0.008745267987251282	0	0.005227793008089066	0.0003523271880112588	0.006808997597545385
S2017t1_E14-T1a-Male	0.002933751093223691	0.003167304443195462	0.02604491263628006	0.004329166375100613	0.002111629582941532	0.003167304443195462	0.003167303977534175	0.0176591407507658	0.00305052800104022	0.003337802831083536	0.003167304443195462	0.002991466084495187	0.005248121917247772	0.02232377789914608	0.06018025428056717	0.009110530838370323	0.003167304443195462	0.01398779544979334	0.007137719076126814	0.07134409993886948	0.01373135298490524	0.01373135298490524	0.01373135298490524	0.008683737367391586	0.01373135298490524	0.01377913821488619	0.0154041601344943	0.06306634843349457	0.008125284686684608	0.03330658003687859	0.008965798653662205	0.01101543195545673	0.009589696303009987	0.009375725872814655	0.01019557844847441	0.01046714931726456	0.01667256839573383	0.06261957436800003	0.01666786521673203	0.06575320661067963	0.06575320661067963	0.06575320661067963	0.01704253442585468	0.01046714931726456	0.01379349362105131	0.03450972586870193	0.009511468932032585	0.02757630497217178	0.02073476277291775	0.009553787298500538	0.01101543195545673	0.01101543195545673	0.01101543195545673	0.003167304443195462	0.007045178674161434	0.003167304443195462	0.003345364239066839	0.003167304443195462	0	0.009629356674849987	0.01532792486250401	0.03143161535263062	0.009077820926904678	0.007526300847530365	0.01101543195545673	0.01101543195545673	0.01094002649188042	0.006711201742291451	0.01101543195545673	0.007940981537103653	0.008802821859717369	0.01092077884823084	0.00625927746295929	0.01409172173589468	0.007137719076126814	0.003167304443195462	0.005686384160071611	0.003167304443195462	0.0238436758518219	0.005276457406580448	0.01101543195545673	0.003167304443195462	0.01101543195545673	0.003167304443195462	0.01346307434141636	0.01093827094882727	0.01211261469870806	0.0115167424082756	0.007179487496614456	0.004661568440496922	0.004866530653089285	0.01081046927720308	0.01384298410266638	0.01101543195545673	0.01315200794488192	0.003167304443195462	0.0158070232719183	0.003167304443195462	0.003167304443195462	0.007121128030121326	0.01943518221378326	0.00958076398819685	0.0184551440179348	0.01711211539804935	0.03848662599921227	0.03711311891674995	0.01490434445440769	0.003167304443195462	0.007666837424039841	0.03102600574493408	0.02309388667345047	0.03252802416682243	0.01587750390172005	0.04301947355270386	0.01400907337665558	0.0133026409894228	0.04659498482942581	0.01238387636840343	0.01596816629171371	0.03837301582098007	0.01005098130553961	0.003167304443195462	0.01157387811690569	0.003167304443195462	0.01213337387889624	0.005837872624397278	0.001407414441928267	0.003167304443195462	0.003167304443195462	0.01172925997525454	0.003559863427653909	0.003167304443195462	0.002815251238644123	0.006607040297240019	0.01189421955496073	0.005932146683335304	0.004929404240101576	0.0138210067525506	0.01018137391656637	0.005379058420658112	0.003167304443195462	0.01660927757620811	0.008407659828662872	0.02552588656544685	0.009419393725693226	0.003167304443195462	0.004972918424755335	0.01270604319870472	0.002462650183588266	0.003167304443195462	0.004360055550932884	0.002816937165334821	0.01026610191911459	0.01155323907732964	0.009978417307138443	0.003167304443195462	0.005932371132075787	0.002814977429807186	0.006811625324189663
S2017t1_E14-T1b-Male	0.009041606448590755	0.009275159798562527	0.03073784708976746	0.009971103630959988	0.008218389004468918	0.009275159798562527	0.008574498817324638	0.02328926883637905	0.009158383123576641	0.00699514476582408	0.009275159798562527	0.009451453574001789	0.01268795039504766	0.02717742882668972	0.06258260458707809	0.01463568117469549	0.009275159798562527	0.01725093089044094	0.007990587502717972	0.06890568882226944	0.02230356633663177	0.02230356633663177	0.02230356633663177	0.01608818210661411	0.02230356633663177	0.02082770690321922	0.02046210505068302	0.06602185964584351	0.008512232452630997	0.03391441702842712	0.01227039285004139	0.01432002522051334	0.01171438489109278	0.01268031913787127	0.01350017171353102	0.01200782973319292	0.02352490089833736	0.06502193212509155	0.01715924777090549	0.06870872527360916	0.06870872527360916	0.06870872527360916	0.01701558753848076	0.01200782973319292	0.01533549372106791	0.03570130839943886	0.0138554098084569	0.0263059176504612	0.02157477661967278	0.01091868430376053	0.01432002522051334	0.01432002522051334	0.01432002522051334	0.009275159798562527	0.01138912048190832	0.009275159798562527	0.007513523567467928	0.009275159798562527	0.009629356674849987	0	0.0182834304869175	0.03228558972477913	0.01063113566488028	0.009196366183459759	0.01432002522051334	0.01432002522051334	0.008280207403004169	0.01083340961486101	0.01432002522051334	0.01136237848550081	0.01104477886110544	0.01526471879333258	0.006583275739103556	0.01843565888702869	0.007990587502717972	0.009275159798562527	0.01039260253310204	0.009275159798562527	0.02572908997535706	0.01021627988666296	0.01432002522051334	0.009275159798562527	0.01432002522051334	0.009275159798562527	0.01606832444667816	0.01177829690277576	0.0150681221857667	0.01353131234645844	0.009776745922863483	0.00995179545134306	0.01003995724022388	0.01411506254225969	0.01624533534049988	0.01432002522051334	0.01610751450061798	0.009275159798562527	0.01956825703382492	0.009275159798562527	0.009275159798562527	0.01100973226130009	0.02265514805912971	0.01288535725325346	0.02141065336763859	0.01808284036815166	0.03985552117228508	0.0383722223341465	0.01657558232545853	0.009275159798562527	0.008402888663113117	0.03256800770759583	0.0200837105512619	0.02940109185874462	0.01626447029411793	0.04457395896315575	0.01544690784066916	0.01794851571321487	0.04955049231648445	0.01533938385546207	0.01580197550356388	0.03699770569801331	0.01043794676661491	0.009275159798562527	0.01456438098102808	0.009275159798562527	0.01673830486834049	0.01031180564314127	0.01033282279968262	0.009275159798562527	0.009275159798562527	0.01637513563036919	0.01141121424734592	0.009275159798562527	0.009451429359614849	0.009770269505679607	0.01716507226228714	0.01192993298172951	0.01350162085145712	0.01791841350495815	0.01229314878582954	0.01017727609723806	0.009275159798562527	0.0223576445132494	0.01561282388865948	0.02693713642656803	0.01229309476912022	0.009275159798562527	0.009333902969956398	0.01680897735059261	0.008570506237447262	0.009275159798562527	0.01053031533956528	0.01138915400952101	0.01325695402920246	0.01790142990648746	0.0164431631565094	0.009275159798562527	0.01269208360463381	0.008922833018004894	0.0109220128506422
S2017t1_E16-T1a-Female	0.01251097675412893	0.01251102704554796	0.01869230717420578	0.01111563574522734	0.01462444197386503	0.01251102704554796	0.01251087617129087	0.01657680794596672	0.01251100189983845	0.01356738433241844	0.01251102704554796	0.01286310516297817	0.01229846477508545	0.02635602094233036	0.04873109608888626	0.007641434203833342	0.01251102704554796	0.009260654449462891	0.01344444137066603	0.07871975004673004	0.0265941359102726	0.0265941359102726	0.0265941359102726	0.02131276950240135	0.0265941359102726	0.02502566203474998	0.01044340152293444	0.05249872431159019	0.01246265787631273	0.02542992308735847	0.006891047582030296	0.008473442867398262	0.01313937362283468	0.006833735853433609	0.007653589360415936	0.01155726704746485	0.01499725878238678	0.05867625027894974	0.01347020175307989	0.05518558621406555	0.05518558621406555	0.05518558621406555	0.02838436514139175	0.01155726704746485	0.01176156103610992	0.02434774115681648	0.0213192030787468	0.03798632323741913	0.007695593405514956	0.00930002611130476	0.008473442867398262	0.008473442867398262	0.008473442867398262	0.01251102704554796	0.01885291561484337	0.01251102704554796	0.01497731637209654	0.01251102704554796	0.01532792486250401	0.0182834304869175	0	0.02273287437856197	0.008935797959566116	0.009436151012778282	0.008473442867398262	0.008473442867398262	0.0136115150526166	0.008616723120212555	0.008473442867398262	0.007386942394077778	0.01990959420800209	0.02272851020097733	0.01415109261870384	0.02589945495128632	0.01344444137066603	0.01251102704554796	0.009641539305448532	0.01251102704554796	0.03215380758047104	0.01005146652460098	0.008473442867398262	0.01251102704554796	0.008473442867398262	0.01251102704554796	0.002331908093765378	0.006505135912448168	0.00445625139400363	0.005580940749496222	0.009206177666783333	0.01066635642200708	0.01046139374375343	0.008268479257822037	0.01060282159596682	0.008473442867398262	0.002938457764685154	0.01251102704554796	0.01680193468928337	0.01251102704554796	0.01251102704554796	0.008206795901060104	0.02118203788995743	0.007389029953628778	0.004712838679552078	0.005828252993524075	0.02973229251801968	0.0288864616304636	0.004066305235028267	0.01251102704554796	0.01221481058746576	0.02402438409626484	0.02008852735161781	0.02077905088663101	0.0086973886936903	0.03361982852220535	0.007763373665511608	0.01016059424728155	0.03355906158685684	0.007284701336175203	0.01099615078419447	0.03084243461489677	0.01100969593971968	0.01251102704554796	0.00987185537815094	0.01251102704554796	0.01116728037595749	0.009837744757533073	0.01462339609861374	0.01251102704554796	0.01251102704554796	0.008820780552923679	0.0154933650046587	0.01251102704554796	0.01286308001726866	0.01338618900626898	0.0193821769207716	0.0101077975705266	0.01779219321906567	0.01966712810099125	0.008871850557625294	0.0137909734621644	0.01251102704554796	0.01447081379592419	0.0161077082157135	0.02856847271323204	0.00963383074849844	0.01251102704554796	0.01199750974774361	0.0129459872841835	0.01321568060666323	0.01251102704554796	0.0114407567307353	0.01567972637712955	0.01740408129990101	0.008467930369079113	0.007302265148609877	0.01251102704554796	0.01010757312178612	0.01286335382610559	0.01885281503200531
S2017t1_E16-T1a-Male	0.02873142063617706	0.02896497398614883	0.0280204601585865	0.02745282836258411	0.03107838705182076	0.02896497398614883	0.02826431393623352	0.01919522508978844	0.02884819731116295	0.02827005088329315	0.02896497398614883	0.02931705117225647	0.0287524126470089	0.04176270589232445	0.0573473796248436	0.02409538254141808	0.02896497398614883	0.0250164270401001	0.02651218324899673	0.09238100796937943	0.04304808005690575	0.04304808005690575	0.04304808005690575	0.03683269768953323	0.04304808005690575	0.04147960245609283	0.01922578923404217	0.03373626992106438	0.02564719691872597	0.009348359890282154	0.02939028665423393	0.03027189895510674	0.03352941200137138	0.02956660836935043	0.02991925552487373	0.03370605036616325	0.02343055419623852	0.07117760181427002	0.02817286923527718	0.03642313182353973	0.03642313182353973	0.03642313182353973	0.04483830183744431	0.03370605036616325	0.03238523006439209	0.01125206798315048	0.03777314722537994	0.05444026738405228	0.02234699204564095	0.03203289583325386	0.03027189895510674	0.03027189895510674	0.03027189895510674	0.02896497398614883	0.03530685976147652	0.02896497398614883	0.03143126145005226	0.02896497398614883	0.03143161535263062	0.03228558972477913	0.02273287437856197	0	0.02658300846815109	0.02654992789030075	0.03027189895510674	0.03027189895510674	0.0314830020070076	0.02842051163315773	0.03027189895510674	0.02894947677850723	0.03496251627802849	0.03918245434761047	0.0275692380964756	0.04235339537262917	0.02651218324899673	0.02896497398614883	0.02856379002332687	0.02896497398614883	0.04721140116453171	0.02862110361456871	0.03027189895510674	0.02896497398614883	0.03027189895510674	0.02896497398614883	0.02295815199613571	0.02859443053603172	0.02718912437558174	0.02661455422639847	0.03018246218562126	0.02870706841349602	0.02867841348052025	0.03018373996019363	0.03240127861499786	0.03027189895510674	0.02555453032255173	0.02896497398614883	0.03325587883591652	0.02896497398614883	0.02896497398614883	0.02859683334827423	0.03800270706415176	0.02930443733930588	0.02203822880983353	0.0190406795591116	0.01249482948333025	0.008551022969186306	0.02264779433608055	0.02896497398614883	0.02634039521217346	0.01637431792914867	0.04048582911491394	0.01493437774479389	0.01920794509351254	0.01228837575763464	0.01955860108137131	0.02150016836822033	0.01726491004228592	0.02908315882086754	0.02371480688452721	0.01591197028756142	0.02407743595540524	0.02896497398614883	0.02914685197174549	0.02896497398614883	0.02563644386827946	0.02764495462179184	0.03107734024524689	0.02896497398614883	0.02896497398614883	0.02260078862309456	0.03229992836713791	0.02896497398614883	0.02931702882051468	0.02890611626207829	0.03478886559605598	0.02720977738499641	0.03424613922834396	0.03472472727298737	0.03037489578127861	0.03024492226541042	0.02896497398614883	0.01947246678173542	0.03244490548968315	0.03943352401256561	0.03055062890052795	0.02896497398614883	0.0271671861410141	0.02829783596098423	0.0296696275472641	0.02896497398614883	0.02807100676000118	0.03213367238640785	0.03234142437577248	0.02236469089984894	0.02375621162354946	0.02896497398614883	0.02744305692613125	0.02931730076670647	0.03483975306153297
S2017t1_E16-T1b-Female	0.006377625279128551	0.006611179560422897	0.02592884376645088	0.007656223140656948	0.008724594488739967	0.006611179560422897	0.005910518113523722	0.02276238054037094	0.006494402885437012	0.00591625738888979	0.006611179560422897	0.00696325721219182	0.01186207495629787	0.0288259033113718	0.05585093796253204	0.01197033375501633	0.006611179560422897	0.01614674180746078	0.004508643411099911	0.07456532865762711	0.02069428563117981	0.02069428563117981	0.02069428563117981	0.01447890512645245	0.02069428563117981	0.02168299444019794	0.01732948794960976	0.05961856991052628	0.006200846284627914	0.03161562234163284	0.002807276323437691	0.003688890254124999	0.00723952567204833	0.002983598969876766	0.003336244495585561	0.007123042363673449	0.02188334055244923	0.05952220037579536	0.01860500872135162	0.06230543181300163	0.06230543181300163	0.06230543181300163	0.02283359877765179	0.007123042363673449	0.01109290216118097	0.0322851799428463	0.01541935373097658	0.03313373401761055	0.01622147485613823	0.005449887830764055	0.003688890254124999	0.003688890254124999	0.003688890254124999	0.006611179560422897	0.01295306440442801	0.006611179560422897	0.009077468886971474	0.006611179560422897	0.009077820926904678	0.01063113566488028	0.008935797959566116	0.02658300846815109	0	0.001551520777866244	0.003688890254124999	0.003688890254124999	0.007009985856711864	0.002716875169426203	0.003688890254124999	0.002366469241678715	0.01260872185230255	0.01682866178452969	0.005565700121223927	0.01999960467219353	0.004508643411099911	0.006611179560422897	0.003741692285984755	0.006611179560422897	0.0279993899166584	0.004151618573814631	0.003688890254124999	0.006611179560422897	0.003688890254124999	0.006611179560422897	0.006603889632970095	0.007125794887542725	0.005720487795770168	0.007703105919063091	0.003599454183131456	0.004766508936882019	0.004561545792967081	0.003600728698074818	0.006516441702842712	0.003688890254124999	0.006643080152571201	0.006611179560422897	0.02113083377480507	0.006611179560422897	0.006611179560422897	0.002306948648765683	0.01702762208878994	0.002721429569646716	0.01335552521049976	0.009678388014435768	0.03731928393244743	0.03390439227223396	0.006293531507253647	0.006611179560422897	0.003279013559222221	0.03079371526837349	0.01495007984340191	0.0262641403824091	0.01254752557724714	0.03817067295312881	0.01254792604595423	0.01704667881131172	0.04067890346050262	0.005057334899902344	0.01263818610459566	0.03772852569818497	0.007188270799815655	0.006611179560422897	0.008816393092274666	0.006611179560422897	0.0160685833543539	0.006651279516518116	0.0087235476821661	0.006611179560422897	0.006611179560422897	0.01559011545032263	0.01029169093817472	0.006611179560422897	0.00696323299780488	0.007948671467602253	0.01522775925695896	0.009088818915188313	0.01189234480261803	0.01551271323114634	0.004490060266107321	0.008589298464357853	0.006611179560422897	0.02030613087117672	0.01590365543961525	0.02336328849196434	0.004665790591388941	0.006611179560422897	0.00737057626247406	0.0148727260529995	0.00731583358719945	0.006611179560422897	0.008098096586763859	0.00977987889200449	0.01208214554935694	0.01535401679575443	0.01418835017830133	0.006611179560422897	0.009322098456323147	0.006963506806641817	0.01248595677316189
S2017t1_E17-T1a-Female	0.004826105199754238	0.005059659015387297	0.02519504725933075	0.006104702595621347	0.007173073012381792	0.005059659015387297	0.004358997568488121	0.02121086232364178	0.004942881874740124	0.004364736843854189	0.005059659015387297	0.005411736667156219	0.01031055487692356	0.02727438695728779	0.05605155974626541	0.01041881367564201	0.005059659015387297	0.0145952207967639	0.004008290823549032	0.07301381230354309	0.01914276741445065	0.01914276741445065	0.01914276741445065	0.01292738504707813	0.01914276741445065	0.02013147622346878	0.01577796787023544	0.05981918424367905	0.005583691410720348	0.03088182955980301	0.003307629143819213	0.005123659037053585	0.00744675425812602	0.003483952023088932	0.004303805064409971	0.007623397279530764	0.02033182047307491	0.05937241017818451	0.01705348864197731	0.0625060498714447	0.0625060498714447	0.0625060498714447	0.02128208056092262	0.007623397279530764	0.01141694933176041	0.03155138343572617	0.01386783272027969	0.03158221393823624	0.01695543341338634	0.005950243212282658	0.005123659037053585	0.005123659037053585	0.005123659037053585	0.005059659015387297	0.01140154432505369	0.005059659015387297	0.007525947876274586	0.005059659015387297	0.007526300847530365	0.009196366183459759	0.009436151012778282	0.02654992789030075	0.001551520777866244	0	0.005123659037053585	0.005123659037053585	0.005458465777337551	0.002337853657081723	0.005123659037053585	0.002866821829229593	0.01105720177292824	0.01527714170515537	0.00471494160592556	0.01844808459281921	0.004008290823549032	0.005059659015387297	0.002190171275287867	0.005059659015387297	0.02644787356257439	0.00260009802877903	0.005123659037053585	0.005059659015387297	0.005123659037053585	0.005059659015387297	0.007221044506877661	0.00762614794075489	0.006220840848982334	0.008203458972275257	0.004099807236343622	0.003214988391846418	0.003010025015100837	0.00491869542747736	0.007951210252940655	0.005123659037053585	0.007260235026478767	0.005059659015387297	0.01957931369543076	0.005059659015387297	0.005059659015387297	0.002514176303520799	0.01594337075948715	0.003688990604132414	0.0139726810157299	0.009762121364474297	0.036585483700037	0.03375460579991341	0.007728300057351589	0.005059659015387297	0.002778660738840699	0.03005991876125336	0.01638484932482243	0.02623115293681622	0.01204717252403498	0.03837129101157188	0.01111315656453371	0.01549515873193741	0.0408795177936554	0.006492102984338999	0.0121378330513835	0.03664427250623703	0.006687917746603489	0.005059659015387297	0.008142083883285522	0.005059659015387297	0.01451706327497959	0.005099758505821228	0.007172026671469212	0.005059659015387297	0.005059659015387297	0.01403859443962574	0.008740169927477837	0.005059659015387297	0.005411711987107992	0.00639714952558279	0.01367623824626207	0.007537297904491425	0.01034082472324371	0.01396119222044945	0.004990413319319487	0.007037777453660965	0.005059659015387297	0.01875461079180241	0.01435213349759579	0.02216222323477268	0.005166143644601107	0.005059659015387297	0.005819056183099747	0.01332120597362518	0.005764313042163849	0.005059659015387297	0.006546573713421822	0.008228357881307602	0.01053062546998262	0.01380249671638012	0.01263682916760445	0.005059659015387297	0.007770578376948833	0.005411985795944929	0.010934435762465
S2017t1_E17-T1a-Male	0.00819848570972681	0.008198535069823265	0.02716574817895889	0.009360332973301411	0.01031194999814034	0.008198535069823265	0.008198385126888752	0.02505024708807468	0.008198510855436325	0.00925489142537117	0.008198535069823265	0.00855061411857605	0.01344943139702082	0.03041326068341732	0.05533558130264282	0.01355768926441669	0.008198535069823265	0.017734095454216	0.008197533898055553	0.07615268230438232	0.02228164300322533	0.02228164300322533	0.02228164300322533	0.01700027659535408	0.02228164300322533	0.02327034994959831	0.01891684159636497	0.05910321325063705	0.009889738634228706	0.03390336036682129	0.002049633767455816	0	0.008826881647109985	0.001639707013964653	0.0008198536233976483	0.007244774140417576	0.02347069419920444	0.05935729295015335	0.02194363996386528	0.06179007142782211	0.06179007142782211	0.06179007142782211	0.02442095428705215	0.007244774140417576	0.01256344094872475	0.0328211784362793	0.01700671017169952	0.03472108766436577	0.01570179127156734	0.004105995874851942	0	0	0	0.008198535069823265	0.01454042084515095	0.008198535069823265	0.01066482439637184	0.008198535069823265	0.01101543195545673	0.01432002522051334	0.008473442867398262	0.03027189895510674	0.003688890254124999	0.005123659037053585	0	0	0.00964810885488987	0.004304231144487858	0	0.003074450884014368	0.01559709943830967	0.01841601729393005	0.009254590608179569	0.02158696018159389	0.008197533898055553	0.008198535069823265	0.005329047795385122	0.008198535069823265	0.02958674728870392	0.005738974548876286	0	0.008198535069823265	0	0.008198535069823265	0.008131362497806549	0.007307017222046852	0.004729211330413818	0.008940010331571102	0.004893685691058636	0.006353864911943674	0.006148901768028736	0.0002049633039860055	0.003180166007950902	0	0.005534985102713108	0.008198535069823265	0.02271818928420544	0.008198535069823265	0.008198535069823265	0.003894304390996695	0.01861497759819031	0.001434668665751815	0.01295266021043062	0.01336727850139141	0.03820573538541794	0.03677589073777199	0.009048145264387131	0.008198535069823265	0.006967904046177864	0.0324978269636631	0.0158888790756464	0.02855168096721172	0.01623641513288021	0.04115885496139526	0.0162368156015873	0.01863403432071209	0.0401635430753231	0.001544751576147974	0.01632707752287388	0.03931588679552078	0.0108771612867713	0.008198535069823265	0.01063725166022778	0.008198535069823265	0.0196407213807106	0.0084721390157938	0.01031090319156647	0.008198535069823265	0.008198535069823265	0.01729422248899937	0.01187904644757509	0.008198535069823265	0.008550588972866535	0.01047004293650389	0.01681511476635933	0.010909678414464	0.01347970031201839	0.01710006780922413	0.005257532000541687	0.0101766549050808	0.008198535069823265	0.0229442548006773	0.01760776527225971	0.02600141242146492	0.006019512191414833	0.008198535069823265	0.01024220418184996	0.01704384200274944	0.008903190493583679	0.008198535069823265	0.009685453027486801	0.01136723347008228	0.01483702100813389	0.0169413723051548	0.01577570661902428	0.008198535069823265	0.01090945489704609	0.008550862781703472	0.01454032026231289
S2017t1_E17-T1b-Female	0.00819848570972681	0.008198535069823265	0.02716574817895889	0.009360332973301411	0.01031194999814034	0.008198535069823265	0.008198385126888752	0.02505024708807468	0.008198510855436325	0.00925489142537117	0.008198535069823265	0.00855061411857605	0.01344943139702082	0.03041326068341732	0.05533558130264282	0.01355768926441669	0.008198535069823265	0.017734095454216	0.008197533898055553	0.07615268230438232	0.02228164300322533	0.02228164300322533	0.02228164300322533	0.01700027659535408	0.02228164300322533	0.02327034994959831	0.01891684159636497	0.05910321325063705	0.009889738634228706	0.03390336036682129	0.002049633767455816	0	0.008826881647109985	0.001639707013964653	0.0008198536233976483	0.007244774140417576	0.02347069419920444	0.05935729295015335	0.02194363996386528	0.06179007142782211	0.06179007142782211	0.06179007142782211	0.02442095428705215	0.007244774140417576	0.01256344094872475	0.0328211784362793	0.01700671017169952	0.03472108766436577	0.01570179127156734	0.004105995874851942	0	0	0	0.008198535069823265	0.01454042084515095	0.008198535069823265	0.01066482439637184	0.008198535069823265	0.01101543195545673	0.01432002522051334	0.008473442867398262	0.03027189895510674	0.003688890254124999	0.005123659037053585	0	0	0.00964810885488987	0.004304231144487858	0	0.003074450884014368	0.01559709943830967	0.01841601729393005	0.009254590608179569	0.02158696018159389	0.008197533898055553	0.008198535069823265	0.005329047795385122	0.008198535069823265	0.02958674728870392	0.005738974548876286	0	0.008198535069823265	0	0.008198535069823265	0.008131362497806549	0.007307017222046852	0.004729211330413818	0.008940010331571102	0.004893685691058636	0.006353864911943674	0.006148901768028736	0.0002049633039860055	0.003180166007950902	0	0.005534985102713108	0.008198535069823265	0.02271818928420544	0.008198535069823265	0.008198535069823265	0.003894304390996695	0.01861497759819031	0.001434668665751815	0.01295266021043062	0.01336727850139141	0.03820573538541794	0.03677589073777199	0.009048145264387131	0.008198535069823265	0.006967904046177864	0.0324978269636631	0.0158888790756464	0.02855168096721172	0.01623641513288021	0.04115885496139526	0.0162368156015873	0.01863403432071209	0.0401635430753231	0.001544751576147974	0.01632707752287388	0.03931588679552078	0.0108771612867713	0.008198535069823265	0.01063725166022778	0.008198535069823265	0.0196407213807106	0.0084721390157938	0.01031090319156647	0.008198535069823265	0.008198535069823265	0.01729422248899937	0.01187904644757509	0.008198535069823265	0.008550588972866535	0.01047004293650389	0.01681511476635933	0.010909678414464	0.01347970031201839	0.01710006780922413	0.005257532000541687	0.0101766549050808	0.008198535069823265	0.0229442548006773	0.01760776527225971	0.02600141242146492	0.006019512191414833	0.008198535069823265	0.01024220418184996	0.01704384200274944	0.008903190493583679	0.008198535069823265	0.009685453027486801	0.01136723347008228	0.01483702100813389	0.0169413723051548	0.01577570661902428	0.008198535069823265	0.01090945489704609	0.008550862781703472	0.01454032026231289
S2017t1_E17-T1b-Male	0.008239831775426865	0.008473385125398636	0.02753275632858276	0.009169331751763821	0.01058680005371571	0.008473385125398636	0.007772724144160748	0.02343176491558552	0.00835660845041275	0.008478973992168903	0.008473385125398636	0.008825463242828846	0.01253146212548018	0.02978586032986641	0.05949746072292328	0.01348345447331667	0.008473385125398636	0.01574825681746006	0.009290448389947414	0.06772991269826889	0.02255649864673615	0.02255649864673615	0.02255649864673615	0.01634111255407333	0.02255649864673615	0.02319611981511116	0.01884260773658752	0.06381824612617493	0.01051675155758858	0.03488088399171829	0.007598474621772766	0.00964810885488987	0.01103679090738297	0.008008401840925217	0.008828255347907543	0.01156383845955133	0.02284329570829868	0.06281831115484238	0.02081864327192307	0.06650511175394058	0.06650511175394058	0.06650511175394058	0.02044174075126648	0.01156383845955133	0.01465789787471294	0.03543362766504288	0.01728155836462975	0.02629831805825233	0.02113078907132149	0.01047469303011894	0.00964810885488987	0.00964810885488987	0.00964810885488987	0.008473385125398636	0.01481526996940374	0.008473385125398636	0.01093967445194721	0.008473385125398636	0.01094002649188042	0.008280207403004169	0.0136115150526166	0.0314830020070076	0.007009985856711864	0.005458465777337551	0.00964810885488987	0.00964810885488987	0	0.005927887745201588	0.00964810885488987	0.006573658436536789	0.01482118479907513	0.01869086921215057	0.009997099637985229	0.02186181396245956	0.009290448389947414	0.008473385125398636	0.00560389831662178	0.008473385125398636	0.02822070196270943	0.006013824604451656	0.00964810885488987	0.008473385125398636	0.00964810885488987	0.008473385125398636	0.01139640901237726	0.01133430562913418	0.01039620582014322	0.01156120933592319	0.007689842022955418	0.006628714501857758	0.006423751823604107	0.009443146176636219	0.01157341990619898	0.00964810885488987	0.01143559906631708	0.008473385125398636	0.02264395542442799	0.008473385125398636	0.008473385125398636	0.006104211322963238	0.01845485530793667	0.008213439956307411	0.01814804598689079	0.01469519454985857	0.04011733457446098	0.03822066262364388	0.01248742360621691	0.008473385125398636	0.008060818538069725	0.03312456235289574	0.01232842728495598	0.02246729470789433	0.0169802438467741	0.04307085648179054	0.01511181332170963	0.01855980046093464	0.04487857595086098	0.0106674674898386	0.01651774905622005	0.03215538337826729	0.01162099000066519	0.008473385125398636	0.01053929887712002	0.008473385125398636	0.01851572282612324	0.008164399303495884	0.01058575324714184	0.008473385125398636	0.008473385125398636	0.01710323430597782	0.01096107717603445	0.008473385125398636	0.008825439028441906	0.008618046529591084	0.01589714549481869	0.01060193870216608	0.01375455036759377	0.01618210040032864	0.007621230557560921	0.009258684702217579	0.008473385125398636	0.02126609534025192	0.01657304167747498	0.0247335247695446	0.00756335724145174	0.008473385125398636	0.009117200039327145	0.0155421132221818	0.009178039617836475	0.008473385125398636	0.009611203335225582	0.01164208445698023	0.01286828331649303	0.0168671365827322	0.01570147089660168	0.008473385125398636	0.01083521917462349	0.008825712837278843	0.01434816233813763
S2017t1_E19-T1a-Female	0.003894254565238953	0.003894304390996695	0.02426323667168617	0.005056100431829691	0.00600771838799119	0.003894304390996695	0.003894154448062181	0.02074601873755455	0.003894279478117824	0.004950661212205887	0.003894304390996695	0.004246382042765617	0.009145200252532959	0.02610903419554234	0.05593735724687576	0.009253459051251411	0.003894304390996695	0.01342986617237329	0.006346144247800112	0.07184845954179764	0.01797741837799549	0.01797741837799549	0.01797741837799549	0.01269604824483395	0.01797741837799549	0.01896612532436848	0.01461261231452227	0.0597049854695797	0.007921546697616577	0.03170164301991463	0.002254597144201398	0.004304231144487858	0.005342507734894753	0.002664524130523205	0.003484377637505531	0.006219960749149323	0.01916646398603916	0.05925821140408516	0.01775621622800827	0.06239184737205505	0.06239184737205505	0.06239184737205505	0.02011672966182232	0.006219960749149323	0.009546305052936077	0.03132038190960884	0.01270247995853424	0.03041686490178108	0.01613600365817547	0.005130814388394356	0.004304231144487858	0.004304231144487858	0.004304231144487858	0.003894304390996695	0.01023618876934052	0.003894304390996695	0.006360593717545271	0.003894304390996695	0.006711201742291451	0.01083340961486101	0.008616723120212555	0.02842051163315773	0.002716875169426203	0.002337853657081723	0.004304231144487858	0.004304231144487858	0.005927887745201588	0	0.004304231144487858	0.00122978026047349	0.01129287295043468	0.01411178894340992	0.007052795495837927	0.01728273369371891	0.006346144247800112	0.003894304390996695	0.001024816883727908	0.003894304390996695	0.02528251707553864	0.001434743637219071	0.004304231144487858	0.003894304390996695	0.004304231144487858	0.003894304390996695	0.007102127652615309	0.006339513696730137	0.005401412956416607	0.006566418334841728	0.002229162259027362	0.002049633767455816	0.001844670623540878	0.004099267534911633	0.00713178189471364	0.004304231144487858	0.00644080713391304	0.003894304390996695	0.0184139609336853	0.003894304390996695	0.003894304390996695	0.0004099266370758414	0.01431074645370245	0.003219818230718374	0.01315325312316418	0.01163270696997643	0.03600408136844635	0.0351581834256649	0.008543398231267929	0.003894304390996695	0.005116514395922422	0.02901125699281693	0.01673294045031071	0.02740122564136982	0.01438502594828606	0.04000836983323097	0.01251659542322159	0.01432980410754681	0.04076531901955605	0.005672675091773272	0.01447568740695715	0.03501164168119431	0.009025772102177143	0.003894304390996695	0.007033864967525005	0.003894304390996695	0.01568689942359924	0.004167907871305943	0.006006672047078609	0.003894304390996695	0.003894304390996695	0.01298999227583408	0.007574814837425947	0.003894304390996695	0.004246357828378677	0.00616580992937088	0.01251088362187147	0.006605447269976139	0.009175470098853111	0.01279583852738142	0.003470172872766852	0.005872422829270363	0.003894304390996695	0.01875682733952999	0.01330353133380413	0.02263159863650799	0.003412299323827028	0.003894304390996695	0.005937972571700811	0.01273960992693901	0.004598958417773247	0.003894304390996695	0.005381219089031219	0.007063002791255713	0.01053278893232346	0.01263714209198952	0.01147147454321384	0.003894304390996695	0.006605223752558231	0.004246631637215614	0.01023609004914761
S2017t1_E19-T1a-Male	0.00819848570972681	0.008198535069823265	0.02716574817895889	0.009360332973301411	0.01031194999814034	0.008198535069823265	0.008198385126888752	0.02505024708807468	0.008198510855436325	0.00925489142537117	0.008198535069823265	0.00855061411857605	0.01344943139702082	0.03041326068341732	0.05533558130264282	0.01355768926441669	0.008198535069823265	0.017734095454216	0.008197533898055553	0.07615268230438232	0.02228164300322533	0.02228164300322533	0.02228164300322533	0.01700027659535408	0.02228164300322533	0.02327034994959831	0.01891684159636497	0.05910321325063705	0.009889738634228706	0.03390336036682129	0.002049633767455816	0	0.008826881647109985	0.001639707013964653	0.0008198536233976483	0.007244774140417576	0.02347069419920444	0.05935729295015335	0.02194363996386528	0.06179007142782211	0.06179007142782211	0.06179007142782211	0.02442095428705215	0.007244774140417576	0.01256344094872475	0.0328211784362793	0.01700671017169952	0.03472108766436577	0.01570179127156734	0.004105995874851942	0	0	0	0.008198535069823265	0.01454042084515095	0.008198535069823265	0.01066482439637184	0.008198535069823265	0.01101543195545673	0.01432002522051334	0.008473442867398262	0.03027189895510674	0.003688890254124999	0.005123659037053585	0	0	0.00964810885488987	0.004304231144487858	0	0.003074450884014368	0.01559709943830967	0.01841601729393005	0.009254590608179569	0.02158696018159389	0.008197533898055553	0.008198535069823265	0.005329047795385122	0.008198535069823265	0.02958674728870392	0.005738974548876286	0	0.008198535069823265	0	0.008198535069823265	0.008131362497806549	0.007307017222046852	0.004729211330413818	0.008940010331571102	0.004893685691058636	0.006353864911943674	0.006148901768028736	0.0002049633039860055	0.003180166007950902	0	0.005534985102713108	0.008198535069823265	0.02271818928420544	0.008198535069823265	0.008198535069823265	0.003894304390996695	0.01861497759819031	0.001434668665751815	0.01295266021043062	0.01336727850139141	0.03820573538541794	0.03677589073777199	0.009048145264387131	0.008198535069823265	0.006967904046177864	0.0324978269636631	0.0158888790756464	0.02855168096721172	0.01623641513288021	0.04115885496139526	0.0162368156015873	0.01863403432071209	0.0401635430753231	0.001544751576147974	0.01632707752287388	0.03931588679552078	0.0108771612867713	0.008198535069823265	0.01063725166022778	0.008198535069823265	0.0196407213807106	0.0084721390157938	0.01031090319156647	0.008198535069823265	0.008198535069823265	0.01729422248899937	0.01187904644757509	0.008198535069823265	0.008550588972866535	0.01047004293650389	0.01681511476635933	0.010909678414464	0.01347970031201839	0.01710006780922413	0.005257532000541687	0.0101766549050808	0.008198535069823265	0.0229442548006773	0.01760776527225971	0.02600141242146492	0.006019512191414833	0.008198535069823265	0.01024220418184996	0.01704384200274944	0.008903190493583679	0.008198535069823265	0.009685453027486801	0.01136723347008228	0.01483702100813389	0.0169413723051548	0.01577570661902428	0.008198535069823265	0.01090945489704609	0.008550862781703472	0.01454032026231289
S2017t1_E19-T1b-Male	0.005124034360051155	0.005124084651470184	0.02409130334854126	0.006285880226641893	0.00723749864846468	0.005124084651470184	0.005123934708535671	0.0219757966697216	0.00512405950576067	0.006180440541356802	0.005124084651470184	0.005476162768900394	0.01037498004734516	0.02733881399035454	0.05576542019844055	0.01048323884606361	0.005124084651470184	0.01465964689850807	0.006875112652778625	0.07307823747396469	0.0192071944475174	0.0192071944475174	0.0192071944475174	0.01392582803964615	0.0192071944475174	0.02019590325653553	0.01584239304065704	0.05953305214643478	0.008450514636933804	0.03164652734994888	0.001024816883727908	0.003074450884014368	0.005752433557063341	0.001434743753634393	0.002254597377032042	0.004990180488675833	0.02039624564349651	0.05908627435564995	0.01886919513344765	0.06221991404891014	0.06221991404891014	0.06221991404891014	0.02134650759398937	0.004990180488675833	0.00948899332433939	0.03114844672381878	0.01393225789070129	0.03164664283394814	0.01490622758865356	0.003901034127920866	0.003074450884014368	0.003074450884014368	0.003074450884014368	0.005124084651470184	0.01146596856415272	0.005124084651470184	0.007590373978018761	0.005124084651470184	0.007940981537103653	0.01136237848550081	0.007386942394077778	0.02894947677850723	0.002366469241678715	0.002866821829229593	0.003074450884014368	0.003074450884014368	0.006573658436536789	0.00122978026047349	0.003074450884014368	0	0.01252265088260174	0.01534156687557697	0.007581763435155153	0.01851251162588596	0.006875112652778625	0.005124084651470184	0.002254597144201398	0.005124084651470184	0.02651229873299599	0.002664523897692561	0.003074450884014368	0.005124084651470184	0.003074450884014368	0.005124084651470184	0.006224962417036295	0.00510973297059536	0.004171633161604404	0.005865559913218021	0.001819235039874911	0.00327941426075995	0.003074450884014368	0.002869487507268786	0.005902002099901438	0.003074450884014368	0.005211026407778263	0.005124084651470184	0.01964373886585236	0.005124084651470184	0.005124084651470184	0.0008198536233976483	0.01554052717983723	0.001990037970244884	0.0119234723970294	0.01204485725611448	0.03583214432001114	0.03510306403040886	0.007842540740966797	0.005124084651470184	0.005645482800900936	0.02942337840795517	0.01550315972417593	0.02722929045557976	0.01491399388760328	0.03983643278479576	0.01316236518323421	0.01555958390235901	0.04059338569641113	0.004442895762622356	0.0150046544149518	0.03624142706394196	0.00955474004149437	0.005124084651470184	0.007562802173197269	0.005124084651470184	0.01656627282500267	0.00539768859744072	0.007236452307552099	0.005124084651470184	0.005124084651470184	0.01421977207064629	0.008804595097899437	0.005124084651470184	0.005476138088852167	0.00739559018984437	0.01374066434800625	0.007835227996110916	0.01040524989366531	0.01402561832219362	0.002416700124740601	0.007102202624082565	0.005124084651470184	0.01986980438232422	0.01453331205993891	0.02316056564450264	0.00294506037607789	0.005124084651470184	0.007167752832174301	0.01396938972175121	0.005828738212585449	0.005124084651470184	0.006610999815165997	0.008292783051729202	0.01176256965845823	0.01386692188680172	0.01270125526934862	0.005124084651470184	0.007835003547370434	0.005476411897689104	0.01146586984395981
S2017t1_E23-T1a-Female	0.008566640317440033	0.008800193667411804	0.03150888159871101	0.009962057694792747	0.00774342380464077	0.008800193667411804	0.008099532686173916	0.02453216537833214	0.008683417923748493	0.007220839615911245	0.008800193667411804	0.008976487442851067	0.01352262124419212	0.02138268388807774	0.0647619292140007	0.01462661847472191	0.008800193667411804	0.01915347576141357	0.01066862046718597	0.06359203904867172	0.01919183693826199	0.01919183693826199	0.01919183693826199	0.0129764536395669	0.01919183693826199	0.01818188093602657	0.02045303955674171	0.0676480159163475	0.01165618561208248	0.03413126990199089	0.01354746706783772	0.01559709943830967	0.006770219188183546	0.01395739335566759	0.01477724686264992	0.008352327160537243	0.02354165352880955	0.06720124185085297	0.008569696918129921	0.07033488154411316	0.07033488154411316	0.07033488154411316	0.0103416945785284	0.008352327160537243	0.008860053494572639	0.03521351888775826	0.002810631645843387	0.02087546698749065	0.02320094965398312	0.01149110496044159	0.01559709943830967	0.01559709943830967	0.01559709943830967	0.008800193667411804	0.002458304865285754	0.008800193667411804	0.006333903875201941	0.008800193667411804	0.008802821859717369	0.01104477886110544	0.01990959420800209	0.03496251627802849	0.01260872185230255	0.01105720177292824	0.01559709943830967	0.01559709943830967	0.01482118479907513	0.01129287295043468	0.01559709943830967	0.01252265088260174	0	0.004219939466565847	0.009261308237910271	0.007390883285552263	0.01066862046718597	0.008800193667411804	0.01026805676519871	0.008800193667411804	0.01644202694296837	0.009858130477368832	0.01559709943830967	0.008800193667411804	0.01559709943830967	0.008800193667411804	0.01769448630511761	0.01340445782989264	0.01669428311288357	0.01504067145287991	0.01070341654121876	0.009593646042048931	0.009681807830929756	0.01539213676005602	0.01842465065419674	0.01559709943830967	0.01773367449641228	0.008800193667411804	0.008989382535219193	0.008800193667411804	0.008800193667411804	0.01170279830694199	0.02401685155928135	0.01416243147104979	0.02303681150078773	0.02064301632344723	0.04148168489336967	0.04011515155434608	0.01843524537980556	0.008800193667411804	0.01119773834943771	0.02679722011089325	0.02685829065740108	0.0361756719648838	0.01940840482711792	0.04655037447810173	0.0175399761646986	0.01793945394456387	0.05117665976285934	0.01696554385125637	0.01949906721711159	0.04295468330383301	0.01358188223093748	0.008800193667411804	0.01668387092649937	0.008800193667411804	0.01672317460179329	0.01041954383254051	0.00985785573720932	0.008800193667411804	0.008800193667411804	0.01636607199907303	0.01224588509649038	0.008800193667411804	0.008976462297141552	0.01060495711863041	0.01799974404275417	0.01192086935043335	0.01144459657371044	0.01875308342278004	0.01476304233074188	0.01101194880902767	0.008800193667411804	0.02366036735475063	0.0150412218645215	0.02940704300999641	0.01452938467264175	0.008800193667411804	0.009324840269982815	0.01811085268855095	0.008095539174973965	0.008800193667411804	0.01052126847207546	0.01038683578372002	0.01455883216112852	0.01789236813783646	0.01643409952521324	0.008800193667411804	0.0126830181106925	0.008447866886854172	0.001991197001188993
S2017t1_E23-T1b-Female	0.01045104209333658	0.01021748967468739	0.03432780131697655	0.01172970794141293	0.009160717949271202	0.01021748967468739	0.0109181497246027	0.0280515942722559	0.01033426634967327	0.01144077815115452	0.01021748967468739	0.01039378345012665	0.01529032085090876	0.02232812158763409	0.06758084148168564	0.01651111990213394	0.01021748967468739	0.02138838171958923	0.01488855946809053	0.06218302994966507	0.01920286007225513	0.01920286007225513	0.01920286007225513	0.01555904187262058	0.01920286007225513	0.01830970495939255	0.02280475199222565	0.07046693563461304	0.01587612368166447	0.03788420185446739	0.0163663849234581	0.01841601729393005	0.009589134715497494	0.01677631214261055	0.01759616285562515	0.0111712422221899	0.02601016499102116	0.0700201615691185	0.01278963591903448	0.0731537938117981	0.0731537938117981	0.0731537938117981	0.006238557863980532	0.0111712422221899	0.01167897041887045	0.03803243488073349	0.001409309101291001	0.01700593344867229	0.02601986937224865	0.01431002281606197	0.01841601729393005	0.01841601729393005	0.01841601729393005	0.01021748967468739	0.003875599708408117	0.01021748967468739	0.007751198951154947	0.01021748967468739	0.01092077884823084	0.01526471879333258	0.02272851020097733	0.03918245434761047	0.01682866178452969	0.01527714170515537	0.01841601729393005	0.01841601729393005	0.01869086921215057	0.01411178894340992	0.01841601729393005	0.01534156687557697	0.004219939466565847	0	0.01348124817013741	0.003170944517478347	0.01488855946809053	0.01021748967468739	0.01308697275817394	0.01021748967468739	0.01327330525964499	0.01267704740166664	0.01841601729393005	0.01021748967468739	0.01841601729393005	0.01021748967468739	0.02121391519904137	0.01622337661683559	0.0195131991058588	0.01785958558320999	0.01352233253419399	0.01206215750426054	0.01226712204515934	0.01821105368435383	0.02124357037246227	0.01841601729393005	0.02055259235203266	0.01021748967468739	0.00735061289742589	0.01021748967468739	0.01021748967468739	0.0145217152312398	0.02683576941490173	0.01733160391449928	0.02585573121905327	0.02486295811831951	0.04430060088634491	0.04433508589863777	0.0226551853120327	0.01021748967468739	0.01541767828166485	0.02973288670182228	0.03084472566843033	0.04027885943651199	0.0236283466219902	0.05077031254768372	0.02175991609692574	0.02017435990273952	0.05399557203054428	0.01978446170687675	0.02371900714933872	0.04577360302209854	0.01780182123184204	0.01021748967468739	0.01973629370331764	0.01021748967468739	0.02094311639666557	0.01347196381539106	0.01127515081316233	0.01021748967468739	0.01021748967468739	0.01871773041784763	0.01413038745522499	0.01021748967468739	0.01039375737309456	0.01435788813978434	0.02035145461559296	0.01462288293987513	0.01286189258098602	0.02122159488499165	0.01758196018636227	0.01266284752637148	0.01021748967468739	0.02753005176782608	0.01715927757322788	0.03327672183513641	0.01734830252826214	0.01021748967468739	0.01342802681028843	0.02151352725923061	0.009512835182249546	0.01021748967468739	0.01217216718941927	0.01180413085967302	0.01854526624083519	0.02001047320663929	0.0184354018419981	0.01021748967468739	0.01491792593151331	0.009865162894129753	0.004342706874012947
S2017t1_E23-T1b-Male	0.005144174676388502	0.005377728957682848	0.02867740392684937	0.00653958972543478	0.005377179943025112	0.005377728957682848	0.004677067045122385	0.02122882939875126	0.005260951817035675	0.003097713459283113	0.005377728957682848	0.005554022267460823	0.01045172475278378	0.02641303092241287	0.05841941386461258	0.01120415329933167	0.005377728957682848	0.01573101244866848	0.001407311763614416	0.07273654639720917	0.01893348433077335	0.01893348433077335	0.01893348433077335	0.01271810196340084	0.01893348433077335	0.01845239847898483	0.01703057438135147	0.06130550429224968	0.002394875744357705	0.03189603984355927	0.008022570982575417	0.009254590608179569	0.01004773285239935	0.008198893629014492	0.008551539853215218	0.01022437401115894	0.02117389254271984	0.06085873022675514	0.01584168151021004	0.06399236619472504	0.06399236619472504	0.06399236619472504	0.01960300467908382	0.01022437401115894	0.01401792652904987	0.03379974514245987	0.01207194104790688	0.03013677522540092	0.01932280696928501	0.008551220409572124	0.009254590608179569	0.009254590608179569	0.009254590608179569	0.005377728957682848	0.009605651721358299	0.005377728957682848	0.005730054806917906	0.005377728957682848	0.00625927746295929	0.006583275739103556	0.01415109261870384	0.0275692380964756	0.005565700121223927	0.00471494160592556	0.009254590608179569	0.009254590608179569	0.009997099637985229	0.007052795495837927	0.009254590608179569	0.007581763435155153	0.009261308237910271	0.01348124817013741	0	0.0166521891951561	0.001407311763614416	0.005377728957682848	0.006611988414078951	0.005377728957682848	0.02570333331823349	0.006435665767639875	0.009254590608179569	0.005377728957682848	0.009254590608179569	0.005377728957682848	0.01181918382644653	0.01022712700068951	0.01093578338623047	0.01080443803220987	0.006700786761939526	0.006171181332319975	0.006259342655539513	0.009049627929925919	0.01208214182406664	0.009254590608179569	0.01185837481170893	0.005377728957682848	0.01825069077312946	0.005377728957682848	0.005377728957682848	0.007229117676615715	0.01977677643299103	0.007936723530292511	0.01716151088476181	0.01336649060249329	0.03759969770908356	0.03365588560700417	0.01185923255980015	0.005377728957682848	0.002286686096340418	0.03125043585896492	0.02051577903330326	0.02983316220343113	0.01049735303968191	0.03985761106014252	0.01201537903398275	0.01451698783785105	0.04483414441347122	0.0106230340898037	0.01058801356703043	0.03871461004018784	0.00432057399302721	0.005377728957682848	0.01197658758610487	0.005377728957682848	0.01383412536233664	0.006880277767777443	0.00696274358779192	0.005377728957682848	0.005377728957682848	0.01294360589236021	0.009350772015750408	0.005377728957682848	0.005553997587412596	0.007182488683611155	0.01457727886736393	0.008498404175043106	0.01013154163956642	0.01533061917871237	0.009705354459583759	0.007589482236653566	0.005377728957682848	0.02000662684440613	0.01355238165706396	0.02423255331814289	0.009705299511551857	0.005377728957682848	0.005902374628931284	0.01439696550369263	0.004673074465245008	0.005377728957682848	0.007098801899701357	0.00801907479763031	0.01066916063427925	0.01446990203112364	0.01301163341850042	0.005377728957682848	0.009260554797947407	0.005025401711463928	0.009138544090092182
S2017t1_E30-T1a-Female	0.01362198684364557	0.0133884334936738	0.03749874234199524	0.01490065269172192	0.01233166083693504	0.0133884334936738	0.01408909354358912	0.03122253902256489	0.01350521016865969	0.01461172290146351	0.0133884334936738	0.01356472726911306	0.01846126839518547	0.02497171051800251	0.07075178623199463	0.01968206465244293	0.0133884334936738	0.02455933019518852	0.0180595014244318	0.06535396724939346	0.02079174295067787	0.02079174295067787	0.02079174295067787	0.01872998662292957	0.02079174295067787	0.01989858970046043	0.02597569674253464	0.07363787293434143	0.01904706470668316	0.04105514660477638	0.01953732967376709	0.02158696018159389	0.01276007946580648	0.01994725503027439	0.02076710760593414	0.01434218510985374	0.02918110974133015	0.07319110631942749	0.01596057787537575	0.07632473111152649	0.07632473111152649	0.07632473111152649	0.003067612880840898	0.01434218510985374	0.01484991237521172	0.04120337963104248	0.004580253269523382	0.01453964225947857	0.02919080667197704	0.01748096384108067	0.02158696018159389	0.02158696018159389	0.02158696018159389	0.0133884334936738	0.007046543527394533	0.0133884334936738	0.01092214230448008	0.0133884334936738	0.01409172173589468	0.01843565888702869	0.02589945495128632	0.04235339537262917	0.01999960467219353	0.01844808459281921	0.02158696018159389	0.02158696018159389	0.02186181396245956	0.01728273369371891	0.02158696018159389	0.01851251162588596	0.007390883285552263	0.003170944517478347	0.0166521891951561	0	0.0180595014244318	0.0133884334936738	0.01625791750848293	0.0133884334936738	0.01503494009375572	0.01584799028933048	0.02158696018159389	0.0133884334936738	0.02158696018159389	0.0133884334936738	0.02438485808670521	0.01939431764185429	0.02268414199352264	0.02103053033351898	0.01669327914714813	0.01523310225456953	0.01543806586414576	0.02138199657201767	0.02441451139748096	0.02158696018159389	0.0237235352396965	0.0133884334936738	0.01052155718207359	0.0133884334936738	0.0133884334936738	0.01769265905022621	0.03000671416521072	0.02050254866480827	0.02902667410671711	0.02803390100598335	0.0474715381860733	0.04750603064894676	0.02582612819969654	0.0133884334936738	0.01858862116932869	0.03290383145213127	0.03401567041873932	0.04344980046153069	0.02679928950965405	0.05394125729799271	0.02493086270987988	0.02334530465304852	0.05716651678085327	0.0229554045945406	0.02688995003700256	0.04894454777240753	0.02097276225686073	0.0133884334936738	0.02290723845362663	0.0133884334936738	0.02411405742168427	0.01664290763437748	0.01444609556347132	0.0133884334936738	0.0133884334936738	0.02188867516815662	0.01730133034288883	0.0133884334936738	0.01356470212340355	0.0175288300961256	0.02352239564061165	0.01779382675886154	0.01603283733129501	0.02439253963530064	0.02075290493667126	0.01583379134535789	0.0133884334936738	0.03070099838078022	0.02033022232353687	0.0364476703107357	0.02051924541592598	0.0133884334936738	0.01659896969795227	0.0246844720095396	0.01268377900123596	0.0133884334936738	0.01534311193972826	0.01497507467865944	0.02171621285378933	0.02318141795694828	0.02160634845495224	0.0133884334936738	0.01808887161314487	0.01303610671311617	0.00751365115866065
S2017t1_E30-T1b-Female	0.004437523894011974	0.004671077709645033	0.02849810570478439	0.005832938943058252	0.006784491706639528	0.004671077709645033	0.003970416262745857	0.02210727147758007	0.00455430056899786	0.003976155072450638	0.004671077709645033	0.005023155361413956	0.01027242559939623	0.02782034315168858	0.05736235529184341	0.01049750111997128	0.004671077709645033	0.01502436120063066	0	0.07414385676383972	0.01875418424606323	0.01875418424606323	0.01875418424606323	0.01253880374133587	0.01875418424606323	0.01985970884561539	0.01632392406463623	0.06024844944477081	0.002042523352429271	0.03330335021018982	0.007315919734537601	0.008197533898055553	0.01145504415035248	0.007492242846637964	0.007844887673854828	0.01163168624043465	0.02099459432065487	0.0601520799100399	0.01724899187684059	0.06293530762195587	0.06293530762195587	0.06293530762195587	0.02101031318306923	0.01163168624043465	0.015425237827003	0.03520705550909042	0.01347925048321486	0.03154408559203148	0.02073011733591557	0.009958531707525253	0.008197533898055553	0.008197533898055553	0.008197533898055553	0.004671077709645033	0.01101296301931143	0.004671077709645033	0.007137366570532322	0.004671077709645033	0.007137719076126814	0.007990587502717972	0.01344444137066603	0.02651218324899673	0.004508643411099911	0.004008290823549032	0.008197533898055553	0.008197533898055553	0.009290448389947414	0.006346144247800112	0.008197533898055553	0.006875112652778625	0.01066862046718597	0.01488855946809053	0.001407311763614416	0.0180595014244318	0	0.004671077709645033	0.005905337166041136	0.004671077709645033	0.02711064368486404	0.00572901451960206	0.008197533898055553	0.004671077709645033	0.008197533898055553	0.004671077709645033	0.01111253350973129	0.01163443922996521	0.01022913120687008	0.012211749330163	0.008108098059892654	0.005464530549943447	0.005552691873162985	0.008109373040497303	0.01102508511394262	0.008197533898055553	0.01115172356367111	0.004671077709645033	0.01965800113976002	0.004671077709645033	0.004671077709645033	0.006522466894239187	0.01907012425363064	0.007230073213577271	0.0178641676902771	0.01230943482369184	0.03900700807571411	0.03506319597363472	0.01080217584967613	0.004671077709645033	0.001229629968293011	0.03265774995088577	0.01945872418582439	0.02900971099734306	0.009440296329557896	0.03880055248737335	0.01130872871726751	0.01592429913580418	0.04377708584070206	0.00956597737967968	0.009530957788228989	0.038007952272892	0.003146765753626823	0.004671077709645033	0.01215037424117327	0.004671077709645033	0.01471256744116545	0.007582935504615307	0.006783445365726948	0.004671077709645033	0.004671077709645033	0.01435091719031334	0.009171472862362862	0.004671077709645033	0.005023130681365728	0.006475837901234627	0.01422219630330801	0.008847975172102451	0.009952242486178875	0.01462396793067455	0.008998703211545944	0.006882831454277039	0.004671077709645033	0.01982732862234116	0.01443082373589277	0.0235259011387825	0.009174433536827564	0.004671077709645033	0.005547292530536652	0.01474653743207455	0.005375731736421585	0.004671077709645033	0.006567935459315777	0.007839776575565338	0.01084294822067022	0.01411481946706772	0.01283233519643545	0.004671077709645033	0.00908125564455986	0.005023404955863953	0.01054585445672274
S2017t2_E11-T2a-Male	0.0002335539174964651	0	0.02674708142876625	0.001512217451818287	0.002113415161147714	0	0.0007006616797298193	0.0201223399490118	0.0001167768859886564	0.002808386692777276	0	0.0003520778845995665	0.005951754748821259	0.0240836888551712	0.057363361120224	0.006293631624430418	0	0.0111708976328373	0.004671077709645033	0.07099121063947678	0.01408311631530523	0.01408311631530523	0.01408311631530523	0.009736164472997189	0.01408311631530523	0.01530544273555279	0.01258726231753826	0.0602494515478611	0.006363295949995518	0.03330395370721817	0.006148901768028736	0.008198535069823265	0.00923681166023016	0.006558828521519899	0.007378681562840939	0.01011426467448473	0.01737473718822002	0.05980267748236656	0.01666523888707161	0.06293631345033646	0.06293631345033646	0.06293631345033646	0.01645604521036148	0.01011426467448473	0.01344061084091663	0.03415684029459953	0.008808179758489132	0.02722342126071453	0.0200303103774786	0.009025119245052338	0.008198535069823265	0.008198535069823265	0.008198535069823265	0	0.006341889500617981	0	0.002466290490701795	0	0.003167304443195462	0.009275159798562527	0.01251102704554796	0.02896497398614883	0.006611179560422897	0.005059659015387297	0.008198535069823265	0.008198535069823265	0.008473385125398636	0.003894304390996695	0.008198535069823265	0.005124084651470184	0.008800193667411804	0.01021748967468739	0.005377728957682848	0.0133884334936738	0.004671077709645033	0	0.00286948774009943	0	0.0234907940030098	0.002459560753777623	0.008198535069823265	0	0.008198535069823265	0	0.01099643297493458	0.01023381762206554	0.009295717813074589	0.01046072226017714	0.0061234668828547	0.001844670623540878	0.002049633767455816	0.007993572391569614	0.01102608721703291	0.008198535069823265	0.01033511199057102	0	0.01545413956046104	0	0	0.004304231144487858	0.0166182853281498	0.007114122156053782	0.01704755611717701	0.01464547403156757	0.03760638833045959	0.03623156622052193	0.01243770308792591	0	0.00520019605755806	0.03078987449407578	0.02062724530696869	0.03006137907505035	0.01341086346656084	0.04055283218622208	0.01154243294149637	0.01207083649933338	0.04377808794379234	0.009566979482769966	0.01350152399390936	0.0355561152100563	0.007584339939057827	0	0.01039924565702677	0	0.01459591928869486	0.00466378778219223	0.002112368820235133	0	0	0.01061420608311892	0.004967603832483292	0	0.0003520532627590001	0.004140399396419525	0.01048553548753262	0.005461620166897774	0.005281168967485428	0.01100410800427198	0.007364477962255478	0.00244535761885345	0	0.01854305900633335	0.0104605108499527	0.02305924333631992	0.007306605111807585	0	0.003562110010534525	0.01252805255353451	0.0007046543760225177	0	0.002130461158230901	0.003168701194226742	0.009208221919834614	0.01014455314725637	0.008745267987251282	0	0.005227793008089066	0.0003523271880112588	0.006808997597545385
S2017t2_E11-T2b-Female	0.002869437448680401	0.00286948774009943	0.02440651506185532	0.004031283315271139	0.004982901271432638	0.00286948774009943	0.00286933733150363	0.02007160894572735	0.002869462594389915	0.004042646382004023	0.00286948774009943	0.003221565391868353	0.008120383135974407	0.02508421987295151	0.05608063936233521	0.008228641003370285	0.00286948774009943	0.01240504905581474	0.005905337166041136	0.07082364708185196	0.01695260033011436	0.01695260033011436	0.01695260033011436	0.01167123392224312	0.01695260033011436	0.0179413091391325	0.01358779519796371	0.05984826758503914	0.007480737753212452	0.03184492513537407	0.00327941426075995	0.005329047795385122	0.006367324385792017	0.003689341014251113	0.004509194288402796	0.007244777400046587	0.01814164780080318	0.0594014935195446	0.01731541007757187	0.0625351294875145	0.0625351294875145	0.0625351294875145	0.01909191347658634	0.007244777400046587	0.01057112216949463	0.03146366029977798	0.01167766284197569	0.02939204685389996	0.01716082356870174	0.006155631504952908	0.005329047795385122	0.005329047795385122	0.005329047795385122	0.00286948774009943	0.009211373515427113	0.00286948774009943	0.005335776135325432	0.00286948774009943	0.005686384160071611	0.01039260253310204	0.009641539305448532	0.02856379002332687	0.003741692285984755	0.002190171275287867	0.005329047795385122	0.005329047795385122	0.00560389831662178	0.001024816883727908	0.005329047795385122	0.002254597144201398	0.01026805676519871	0.01308697275817394	0.006611988414078951	0.01625791750848293	0.005905337166041136	0.00286948774009943	0	0.00286948774009943	0.02425770834088326	0.0004099267825949937	0.005329047795385122	0.00286948774009943	0.005329047795385122	0.00286948774009943	0.008126944303512573	0.007364329881966114	0.006426230072975159	0.007591234985738993	0.00325397914275527	0.001024816883727908	0.0008198536233976483	0.005124084651470184	0.008156599476933479	0.005329047795385122	0.007465623784810305	0.00286948774009943	0.01738914661109447	0.00286948774009943	0.00286948774009943	0.001434743637219071	0.01445402577519417	0.004244634881615639	0.01417806930840015	0.01177598629146814	0.03614735975861549	0.03530146554112434	0.009568216279149055	0.00286948774009943	0.004675707314163446	0.02915453538298607	0.01775775663554668	0.02754450589418411	0.01394421886652708	0.04015164822340012	0.01207578834146261	0.01330498792231083	0.04090860113501549	0.006697492208331823	0.0140348793938756	0.03515493124723434	0.008584964089095592	0.00286948774009943	0.007529759779572487	0.00286948774009943	0.01524609234184027	0.003143091220408678	0.004981854930520058	0.00286948774009943	0.00286948774009943	0.01196517515927553	0.006549997255206108	0.00286948774009943	0.003221540711820126	0.005140993278473616	0.01148606743663549	0.005580630153417587	0.008150652982294559	0.01177102141082287	0.004494990222156048	0.004847605712711811	0.00286948774009943	0.01831601932644844	0.01227871607989073	0.02265805937349796	0.004437116906046867	0.00286948774009943	0.004913155920803547	0.01194839924573898	0.003574141301214695	0.00286948774009943	0.004356402438133955	0.006038186140358448	0.009741576388478279	0.01161232497543097	0.01044665835797787	0.00286948774009943	0.00558040663599968	0.003221814520657063	0.009211274795234203
S2017t2_E11-T2b-Male	0.0002335539174964651	0	0.02674708142876625	0.001512217451818287	0.002113415161147714	0	0.0007006616797298193	0.0201223399490118	0.0001167768859886564	0.002808386692777276	0	0.0003520778845995665	0.005951754748821259	0.0240836888551712	0.057363361120224	0.006293631624430418	0	0.0111708976328373	0.004671077709645033	0.07099121063947678	0.01408311631530523	0.01408311631530523	0.01408311631530523	0.009736164472997189	0.01408311631530523	0.01530544273555279	0.01258726231753826	0.0602494515478611	0.006363295949995518	0.03330395370721817	0.006148901768028736	0.008198535069823265	0.00923681166023016	0.006558828521519899	0.007378681562840939	0.01011426467448473	0.01737473718822002	0.05980267748236656	0.01666523888707161	0.06293631345033646	0.06293631345033646	0.06293631345033646	0.01645604521036148	0.01011426467448473	0.01344061084091663	0.03415684029459953	0.008808179758489132	0.02722342126071453	0.0200303103774786	0.009025119245052338	0.008198535069823265	0.008198535069823265	0.008198535069823265	0	0.006341889500617981	0	0.002466290490701795	0	0.003167304443195462	0.009275159798562527	0.01251102704554796	0.02896497398614883	0.006611179560422897	0.005059659015387297	0.008198535069823265	0.008198535069823265	0.008473385125398636	0.003894304390996695	0.008198535069823265	0.005124084651470184	0.008800193667411804	0.01021748967468739	0.005377728957682848	0.0133884334936738	0.004671077709645033	0	0.00286948774009943	0	0.0234907940030098	0.002459560753777623	0.008198535069823265	0	0.008198535069823265	0	0.01099643297493458	0.01023381762206554	0.009295717813074589	0.01046072226017714	0.0061234668828547	0.001844670623540878	0.002049633767455816	0.007993572391569614	0.01102608721703291	0.008198535069823265	0.01033511199057102	0	0.01545413956046104	0	0	0.004304231144487858	0.0166182853281498	0.007114122156053782	0.01704755611717701	0.01464547403156757	0.03760638833045959	0.03623156622052193	0.01243770308792591	0	0.00520019605755806	0.03078987449407578	0.02062724530696869	0.03006137907505035	0.01341086346656084	0.04055283218622208	0.01154243294149637	0.01207083649933338	0.04377808794379234	0.009566979482769966	0.01350152399390936	0.0355561152100563	0.007584339939057827	0	0.01039924565702677	0	0.01459591928869486	0.00466378778219223	0.002112368820235133	0	0	0.01061420608311892	0.004967603832483292	0	0.0003520532627590001	0.004140399396419525	0.01048553548753262	0.005461620166897774	0.005281168967485428	0.01100410800427198	0.007364477962255478	0.00244535761885345	0	0.01854305900633335	0.0104605108499527	0.02305924333631992	0.007306605111807585	0	0.003562110010534525	0.01252805255353451	0.0007046543760225177	0	0.002130461158230901	0.003168701194226742	0.009208221919834614	0.01014455314725637	0.008745267987251282	0	0.005227793008089066	0.0003523271880112588	0.006808997597545385
S2017t2_E13-T2a-Female	0.02349074184894562	0.0234907940030098	0.03729433938860893	0.02430349588394165	0.02243402227759361	0.0234907940030098	0.02349064126610756	0.03523681312799454	0.02349076792597771	0.02366286516189575	0.0234907940030098	0.02366708591580391	0.02597177587449551	0.02782242558896542	0.07063139230012894	0.02745360136032104	0.0234907940030098	0.02873777598142624	0.02711064368486404	0.05858565866947174	0.0321245938539505	0.0321245938539505	0.0321245938539505	0.02789793163537979	0.0321245938539505	0.03064873442053795	0.03141641244292259	0.07849588245153427	0.02763230167329311	0.04591314867138863	0.02753711119294167	0.02958674728870392	0.02075986564159393	0.02794703841209412	0.02876689657568932	0.02234197035431862	0.03348595649003983	0.0730707049369812	0.02268220111727715	0.08118274807929993	0.08118274807929993	0.08118274807929993	0.01622803695499897	0.02234197035431862	0.02215152606368065	0.04606138542294502	0.01468261331319809	0.02324637584388256	0.03439790010452271	0.02548075094819069	0.02958674728870392	0.02958674728870392	0.02958674728870392	0.0234907940030098	0.01714890450239182	0.0234907940030098	0.02102450281381607	0.0234907940030098	0.0238436758518219	0.02572908997535706	0.03215380758047104	0.04721140116453171	0.0279993899166584	0.02644787356257439	0.02958674728870392	0.02958674728870392	0.02822070196270943	0.02528251707553864	0.02958674728870392	0.02651229873299599	0.01644202694296837	0.01327330525964499	0.02570333331823349	0.01503494009375572	0.02711064368486404	0.0234907940030098	0.02425770834088326	0.0234907940030098	0	0.02384777739644051	0.02958674728870392	0.0234907940030098	0.02958674728870392	0.0234907940030098	0.03098829835653305	0.02669593319296837	0.02998575568199158	0.02798306196928024	0.02469306439161301	0.02323288843035698	0.02343785017728806	0.02938178181648254	0.03060981631278992	0.02958674728870392	0.03067606315016747	0.0234907940030098	0.01829309575259686	0.0234907940030098	0.0234907940030098	0.02569244429469109	0.02988631650805473	0.02850233390927315	0.03458284959197044	0.0339391678571701	0.05232955142855644	0.0523640364408493	0.03242956846952438	0.0234907940030098	0.02693885937333107	0.03776183724403381	0.03709276020526886	0.04701600223779678	0.03305501118302345	0.05879926308989525	0.03118658438324928	0.02936872839927673	0.06202452257275581	0.03060610592365265	0.03203935921192169	0.05121892690658569	0.02909209951758385	0.0234907940030098	0.02663038857281208	0.0234907940030098	0.03083568438887596	0.02394452691078186	0.02454845607280731	0.0234907940030098	0.0234907940030098	0.02837800234556198	0.02408357337117195	0.0234907940030098	0.02366705983877182	0.0222131535410881	0.02221323363482952	0.02532907947897911	0.02613519504666328	0.0216569360345602	0.02636704966425896	0.02308326959609985	0.0234907940030098	0.0350058488547802	0.02629748918116093	0.03371205925941467	0.02613339386880398	0.0234907940030098	0.02518421411514282	0.0265166312456131	0.02278614044189453	0.0234907940030098	0.0246291421353817	0.02507743239402771	0.02290952578186989	0.02978754788637161	0.02879517897963524	0.0234907940030098	0.02585772424936295	0.02313846722245216	0.01714880391955376
S2017t2_E13-T2b-Female	0.002459510695189238	0.002459560753777623	0.02446382865309715	0.003621356328949332	0.004572974517941475	0.002459560753777623	0.002459410578012466	0.01989528723061085	0.002459535840898752	0.00386632326990366	0.002459560753777623	0.00281163863837719	0.007710456848144531	0.02467429079115391	0.05613794922828674	0.007818714715540409	0.002459560753777623	0.01199512276798487	0.00572901451960206	0.07064733654260635	0.01654267311096191	0.01654267311096191	0.01654267311096191	0.01126130763441324	0.01654267311096191	0.01753138191998005	0.01317786797881126	0.05990558117628098	0.007304415572434664	0.03190223500132561	0.003689340781420469	0.005738974548876286	0.00677725113928318	0.004099267534911633	0.004919121041893959	0.007654704619199038	0.01773172058165073	0.05945880338549614	0.01713908836245537	0.06259243935346603	0.06259243935346603	0.06259243935346603	0.01868198625743389	0.007654704619199038	0.01098104938864708	0.03169728070497513	0.01126773655414581	0.02898212149739265	0.0175707470625639	0.006565558724105358	0.005738974548876286	0.005738974548876286	0.005738974548876286	0.002459560753777623	0.008801447227597237	0.002459560753777623	0.004925849381834269	0.002459560753777623	0.005276457406580448	0.01021627988666296	0.01005146652460098	0.02862110361456871	0.004151618573814631	0.00260009802877903	0.005738974548876286	0.005738974548876286	0.006013824604451656	0.001434743637219071	0.005738974548876286	0.002664523897692561	0.009858130477368832	0.01267704740166664	0.006435665767639875	0.01584799028933048	0.00572901451960206	0.002459560753777623	0.0004099267825949937	0.002459560753777623	0.02384777739644051	0	0.005738974548876286	0.002459560753777623	0.005738974548876286	0.002459560753777623	0.008536871522665024	0.007774257101118565	0.006836157292127609	0.008001161739230156	0.003663905896246433	0.0006148901884444058	0.0004099268699064851	0.005534011870622635	0.008566525764763355	0.005738974548876286	0.007875550538301468	0.002459560753777623	0.01697921939194202	0.002459560753777623	0.002459560753777623	0.001844670390710235	0.01451133843511343	0.004654561635106802	0.0145879965275526	0.01218591351062059	0.03620467334985733	0.03535877540707588	0.009978143498301506	0.002459560753777623	0.004499384202063084	0.02921184897422791	0.01816768385469913	0.0276018176227808	0.01376789622008801	0.04020896181464195	0.01189946569502354	0.01289506070315838	0.04131852835416794	0.007107418961822987	0.0138585576787591	0.03521224111318588	0.008408641442656517	0.002459560753777623	0.007939686067402363	0.002459560753777623	0.01506976969540119	0.002849966753274202	0.004571928177028894	0.002459560753777623	0.002459560753777623	0.01155524794012308	0.006140070501714945	0.002459560753777623	0.002811613958328962	0.004731066524982452	0.01107614114880562	0.005170703865587711	0.007740726694464684	0.01136109419167042	0.004904917441308498	0.004437678959220648	0.002459560753777623	0.01813969574868679	0.01186878886073828	0.0227153729647398	0.004847044125199318	0.002459560753777623	0.004503229632973671	0.01177207566797733	0.003164214547723532	0.002459560753777623	0.003946475684642792	0.005628259386867285	0.009565253742039204	0.01120239775627851	0.01003673113882542	0.002459560753777623	0.005170480348169804	0.002811887767165899	0.008801347576081753
S2017t2_E14-T2a-Female	0.00819848570972681	0.008198535069823265	0.02716574817895889	0.009360332973301411	0.01031194999814034	0.008198535069823265	0.008198385126888752	0.02505024708807468	0.008198510855436325	0.00925489142537117	0.008198535069823265	0.00855061411857605	0.01344943139702082	0.03041326068341732	0.05533558130264282	0.01355768926441669	0.008198535069823265	0.017734095454216	0.008197533898055553	0.07615268230438232	0.02228164300322533	0.02228164300322533	0.02228164300322533	0.01700027659535408	0.02228164300322533	0.02327034994959831	0.01891684159636497	0.05910321325063705	0.009889738634228706	0.03390336036682129	0.002049633767455816	0	0.008826881647109985	0.001639707013964653	0.0008198536233976483	0.007244774140417576	0.02347069419920444	0.05935729295015335	0.02194363996386528	0.06179007142782211	0.06179007142782211	0.06179007142782211	0.02442095428705215	0.007244774140417576	0.01256344094872475	0.0328211784362793	0.01700671017169952	0.03472108766436577	0.01570179127156734	0.004105995874851942	0	0	0	0.008198535069823265	0.01454042084515095	0.008198535069823265	0.01066482439637184	0.008198535069823265	0.01101543195545673	0.01432002522051334	0.008473442867398262	0.03027189895510674	0.003688890254124999	0.005123659037053585	0	0	0.00964810885488987	0.004304231144487858	0	0.003074450884014368	0.01559709943830967	0.01841601729393005	0.009254590608179569	0.02158696018159389	0.008197533898055553	0.008198535069823265	0.005329047795385122	0.008198535069823265	0.02958674728870392	0.005738974548876286	0	0.008198535069823265	0	0.008198535069823265	0.008131362497806549	0.007307017222046852	0.004729211330413818	0.008940010331571102	0.004893685691058636	0.006353864911943674	0.006148901768028736	0.0002049633039860055	0.003180166007950902	0	0.005534985102713108	0.008198535069823265	0.02271818928420544	0.008198535069823265	0.008198535069823265	0.003894304390996695	0.01861497759819031	0.001434668665751815	0.01295266021043062	0.01336727850139141	0.03820573538541794	0.03677589073777199	0.009048145264387131	0.008198535069823265	0.006967904046177864	0.0324978269636631	0.0158888790756464	0.02855168096721172	0.01623641513288021	0.04115885496139526	0.0162368156015873	0.01863403432071209	0.0401635430753231	0.001544751576147974	0.01632707752287388	0.03931588679552078	0.0108771612867713	0.008198535069823265	0.01063725166022778	0.008198535069823265	0.0196407213807106	0.0084721390157938	0.01031090319156647	0.008198535069823265	0.008198535069823265	0.01729422248899937	0.01187904644757509	0.008198535069823265	0.008550588972866535	0.01047004293650389	0.01681511476635933	0.010909678414464	0.01347970031201839	0.01710006780922413	0.005257532000541687	0.0101766549050808	0.008198535069823265	0.0229442548006773	0.01760776527225971	0.02600141242146492	0.006019512191414833	0.008198535069823265	0.01024220418184996	0.01704384200274944	0.008903190493583679	0.008198535069823265	0.009685453027486801	0.01136723347008228	0.01483702100813389	0.0169413723051548	0.01577570661902428	0.008198535069823265	0.01090945489704609	0.008550862781703472	0.01454032026231289
S2017t2_E14-T2a-Male	0.0002335539174964651	0	0.02674708142876625	0.001512217451818287	0.002113415161147714	0	0.0007006616797298193	0.0201223399490118	0.0001167768859886564	0.002808386692777276	0	0.0003520778845995665	0.005951754748821259	0.0240836888551712	0.057363361120224	0.006293631624430418	0	0.0111708976328373	0.004671077709645033	0.07099121063947678	0.01408311631530523	0.01408311631530523	0.01408311631530523	0.009736164472997189	0.01408311631530523	0.01530544273555279	0.01258726231753826	0.0602494515478611	0.006363295949995518	0.03330395370721817	0.006148901768028736	0.008198535069823265	0.00923681166023016	0.006558828521519899	0.007378681562840939	0.01011426467448473	0.01737473718822002	0.05980267748236656	0.01666523888707161	0.06293631345033646	0.06293631345033646	0.06293631345033646	0.01645604521036148	0.01011426467448473	0.01344061084091663	0.03415684029459953	0.008808179758489132	0.02722342126071453	0.0200303103774786	0.009025119245052338	0.008198535069823265	0.008198535069823265	0.008198535069823265	0	0.006341889500617981	0	0.002466290490701795	0	0.003167304443195462	0.009275159798562527	0.01251102704554796	0.02896497398614883	0.006611179560422897	0.005059659015387297	0.008198535069823265	0.008198535069823265	0.008473385125398636	0.003894304390996695	0.008198535069823265	0.005124084651470184	0.008800193667411804	0.01021748967468739	0.005377728957682848	0.0133884334936738	0.004671077709645033	0	0.00286948774009943	0	0.0234907940030098	0.002459560753777623	0.008198535069823265	0	0.008198535069823265	0	0.01099643297493458	0.01023381762206554	0.009295717813074589	0.01046072226017714	0.0061234668828547	0.001844670623540878	0.002049633767455816	0.007993572391569614	0.01102608721703291	0.008198535069823265	0.01033511199057102	0	0.01545413956046104	0	0	0.004304231144487858	0.0166182853281498	0.007114122156053782	0.01704755611717701	0.01464547403156757	0.03760638833045959	0.03623156622052193	0.01243770308792591	0	0.00520019605755806	0.03078987449407578	0.02062724530696869	0.03006137907505035	0.01341086346656084	0.04055283218622208	0.01154243294149637	0.01207083649933338	0.04377808794379234	0.009566979482769966	0.01350152399390936	0.0355561152100563	0.007584339939057827	0	0.01039924565702677	0	0.01459591928869486	0.00466378778219223	0.002112368820235133	0	0	0.01061420608311892	0.004967603832483292	0	0.0003520532627590001	0.004140399396419525	0.01048553548753262	0.005461620166897774	0.005281168967485428	0.01100410800427198	0.007364477962255478	0.00244535761885345	0	0.01854305900633335	0.0104605108499527	0.02305924333631992	0.007306605111807585	0	0.003562110010534525	0.01252805255353451	0.0007046543760225177	0	0.002130461158230901	0.003168701194226742	0.009208221919834614	0.01014455314725637	0.008745267987251282	0	0.005227793008089066	0.0003523271880112588	0.006808997597545385
S2017t2_E14-T2b-Female	0.00819848570972681	0.008198535069823265	0.02716574817895889	0.009360332973301411	0.01031194999814034	0.008198535069823265	0.008198385126888752	0.02505024708807468	0.008198510855436325	0.00925489142537117	0.008198535069823265	0.00855061411857605	0.01344943139702082	0.03041326068341732	0.05533558130264282	0.01355768926441669	0.008198535069823265	0.017734095454216	0.008197533898055553	0.07615268230438232	0.02228164300322533	0.02228164300322533	0.02228164300322533	0.01700027659535408	0.02228164300322533	0.02327034994959831	0.01891684159636497	0.05910321325063705	0.009889738634228706	0.03390336036682129	0.002049633767455816	0	0.008826881647109985	0.001639707013964653	0.0008198536233976483	0.007244774140417576	0.02347069419920444	0.05935729295015335	0.02194363996386528	0.06179007142782211	0.06179007142782211	0.06179007142782211	0.02442095428705215	0.007244774140417576	0.01256344094872475	0.0328211784362793	0.01700671017169952	0.03472108766436577	0.01570179127156734	0.004105995874851942	0	0	0	0.008198535069823265	0.01454042084515095	0.008198535069823265	0.01066482439637184	0.008198535069823265	0.01101543195545673	0.01432002522051334	0.008473442867398262	0.03027189895510674	0.003688890254124999	0.005123659037053585	0	0	0.00964810885488987	0.004304231144487858	0	0.003074450884014368	0.01559709943830967	0.01841601729393005	0.009254590608179569	0.02158696018159389	0.008197533898055553	0.008198535069823265	0.005329047795385122	0.008198535069823265	0.02958674728870392	0.005738974548876286	0	0.008198535069823265	0	0.008198535069823265	0.008131362497806549	0.007307017222046852	0.004729211330413818	0.008940010331571102	0.004893685691058636	0.006353864911943674	0.006148901768028736	0.0002049633039860055	0.003180166007950902	0	0.005534985102713108	0.008198535069823265	0.02271818928420544	0.008198535069823265	0.008198535069823265	0.003894304390996695	0.01861497759819031	0.001434668665751815	0.01295266021043062	0.01336727850139141	0.03820573538541794	0.03677589073777199	0.009048145264387131	0.008198535069823265	0.006967904046177864	0.0324978269636631	0.0158888790756464	0.02855168096721172	0.01623641513288021	0.04115885496139526	0.0162368156015873	0.01863403432071209	0.0401635430753231	0.001544751576147974	0.01632707752287388	0.03931588679552078	0.0108771612867713	0.008198535069823265	0.01063725166022778	0.008198535069823265	0.0196407213807106	0.0084721390157938	0.01031090319156647	0.008198535069823265	0.008198535069823265	0.01729422248899937	0.01187904644757509	0.008198535069823265	0.008550588972866535	0.01047004293650389	0.01681511476635933	0.010909678414464	0.01347970031201839	0.01710006780922413	0.005257532000541687	0.0101766549050808	0.008198535069823265	0.0229442548006773	0.01760776527225971	0.02600141242146492	0.006019512191414833	0.008198535069823265	0.01024220418184996	0.01704384200274944	0.008903190493583679	0.008198535069823265	0.009685453027486801	0.01136723347008228	0.01483702100813389	0.0169413723051548	0.01577570661902428	0.008198535069823265	0.01090945489704609	0.008550862781703472	0.01454032026231289
S2017t2_E14-T2b-Male	0.0002335539174964651	0	0.02674708142876625	0.001512217451818287	0.002113415161147714	0	0.0007006616797298193	0.0201223399490118	0.0001167768859886564	0.002808386692777276	0	0.0003520778845995665	0.005951754748821259	0.0240836888551712	0.057363361120224	0.006293631624430418	0	0.0111708976328373	0.004671077709645033	0.07099121063947678	0.01408311631530523	0.01408311631530523	0.01408311631530523	0.009736164472997189	0.01408311631530523	0.01530544273555279	0.01258726231753826	0.0602494515478611	0.006363295949995518	0.03330395370721817	0.006148901768028736	0.008198535069823265	0.00923681166023016	0.006558828521519899	0.007378681562840939	0.01011426467448473	0.01737473718822002	0.05980267748236656	0.01666523888707161	0.06293631345033646	0.06293631345033646	0.06293631345033646	0.01645604521036148	0.01011426467448473	0.01344061084091663	0.03415684029459953	0.008808179758489132	0.02722342126071453	0.0200303103774786	0.009025119245052338	0.008198535069823265	0.008198535069823265	0.008198535069823265	0	0.006341889500617981	0	0.002466290490701795	0	0.003167304443195462	0.009275159798562527	0.01251102704554796	0.02896497398614883	0.006611179560422897	0.005059659015387297	0.008198535069823265	0.008198535069823265	0.008473385125398636	0.003894304390996695	0.008198535069823265	0.005124084651470184	0.008800193667411804	0.01021748967468739	0.005377728957682848	0.0133884334936738	0.004671077709645033	0	0.00286948774009943	0	0.0234907940030098	0.002459560753777623	0.008198535069823265	0	0.008198535069823265	0	0.01099643297493458	0.01023381762206554	0.009295717813074589	0.01046072226017714	0.0061234668828547	0.001844670623540878	0.002049633767455816	0.007993572391569614	0.01102608721703291	0.008198535069823265	0.01033511199057102	0	0.01545413956046104	0	0	0.004304231144487858	0.0166182853281498	0.007114122156053782	0.01704755611717701	0.01464547403156757	0.03760638833045959	0.03623156622052193	0.01243770308792591	0	0.00520019605755806	0.03078987449407578	0.02062724530696869	0.03006137907505035	0.01341086346656084	0.04055283218622208	0.01154243294149637	0.01207083649933338	0.04377808794379234	0.009566979482769966	0.01350152399390936	0.0355561152100563	0.007584339939057827	0	0.01039924565702677	0	0.01459591928869486	0.00466378778219223	0.002112368820235133	0	0	0.01061420608311892	0.004967603832483292	0	0.0003520532627590001	0.004140399396419525	0.01048553548753262	0.005461620166897774	0.005281168967485428	0.01100410800427198	0.007364477962255478	0.00244535761885345	0	0.01854305900633335	0.0104605108499527	0.02305924333631992	0.007306605111807585	0	0.003562110010534525	0.01252805255353451	0.0007046543760225177	0	0.002130461158230901	0.003168701194226742	0.009208221919834614	0.01014455314725637	0.008745267987251282	0	0.005227793008089066	0.0003523271880112588	0.006808997597545385
S2017t2_E16-T2a-Female	0.01076287962496281	0.01099643297493458	0.01973490044474602	0.009484291076660156	0.0131098460406065	0.01099643297493458	0.01029577106237411	0.01691888831555843	0.01087965629994869	0.01135227829217911	0.01099643297493458	0.01134851016104221	0.01078386884182692	0.02519051171839237	0.05024097487330437	0.006126839201897383	0.01099643297493458	0.01030324772000313	0.01111253350973129	0.07755424082279205	0.02507954090833664	0.02507954090833664	0.02507954090833664	0.01909766159951687	0.02507954090833664	0.02351106330752373	0.0114859938621521	0.0540086030960083	0.01013074908405542	0.02577200159430504	0.006432134658098221	0.008131362497806549	0.0116247795522213	0.006608457770198584	0.007311508990824223	0.01074790209531784	0.01603984832763672	0.05797802656888962	0.0138122821226716	0.05669546127319336	0.05669546127319336	0.05669546127319336	0.02686976827681065	0.01074790209531784	0.01024696510285139	0.0258576013147831	0.01980460435152054	0.03647172823548317	0.00973439309746027	0.009074747562408447	0.008131362497806549	0.008131362497806549	0.008131362497806549	0.01099643297493458	0.01733831688761711	0.01099643297493458	0.01346272043883801	0.01099643297493458	0.01346307434141636	0.01606832444667816	0.002331908093765378	0.02295815199613571	0.006603889632970095	0.007221044506877661	0.008131362497806549	0.008131362497806549	0.01139640901237726	0.007102127652615309	0.008131362497806549	0.006224962417036295	0.01769448630511761	0.02121391519904137	0.01181918382644653	0.02438485808670521	0.01111253350973129	0.01099643297493458	0.008126944303512573	0.01099643297493458	0.03098829835653305	0.008536871522665024	0.008131362497806549	0.01099643297493458	0.008131362497806549	0.01099643297493458	0	0.005636279471218586	0.004230973310768604	0.00406634621322155	0.007691582199186087	0.0091517623513937	0.008946798741817474	0.007926398888230324	0.0102607412263751	0.008131362497806549	0.002596377395093441	0.01099643297493458	0.01528734061866999	0.01099643297493458	0.01099643297493458	0.006692201364785433	0.02001652866601944	0.006696694064885378	0.006751637905836105	0.006053529679775238	0.03089170157909393	0.02911173924803734	0.001734396675601602	0.01099643297493458	0.009882902726531029	0.02495022490620613	0.01881230250000954	0.02100432850420475	0.008922667242586613	0.03384510800242424	0.008105454035103321	0.01120318565517664	0.03506893664598465	0.00694262096658349	0.00901332963258028	0.03188502788543701	0.008677787147462368	0.01099643297493458	0.008472842164337635	0.01099643297493458	0.0115093607455492	0.008089644834399223	0.01310879923403263	0.01099643297493458	0.01099643297493458	0.009746620431542397	0.01397877000272274	0.01099643297493458	0.01134848594665527	0.01117108389735222	0.01821666769683361	0.00835969764739275	0.01627759821712971	0.01850161887705326	0.007533564232289791	0.01227637752890587	0.01099643297493458	0.01481289230287075	0.01447636261582375	0.02670245245099068	0.008119235746562481	0.01099643297493458	0.009782402776181698	0.01119671761989594	0.01170108653604984	0.01099643297493458	0.009926161728799343	0.0141651313751936	0.01553806103765965	0.009510521776974201	0.008344856090843678	0.01099643297493458	0.008592977188527584	0.01134875975549221	0.01687120832502842
S2017t2_E16-T2a-Male	0.01023376733064651	0.01023381762206554	0.02303195372223854	0.008838426321744919	0.009177046827971935	0.01023381762206554	0.01023366767913103	0.01985871233046055	0.01023379247635603	0.009705081582069397	0.01023381762206554	0.01041011139750481	0.009491418488323689	0.02310624346137047	0.05505992472171783	0.0104785980656743	0.01023381762206554	0.01465500611811876	0.01163443922996521	0.07326187193393707	0.02326221950352192	0.02326221950352192	0.02326221950352192	0.01798085495829582	0.02326221950352192	0.01957826130092144	0.01583775319159031	0.05882754921913147	0.009947998449206352	0.02706355229020119	0.005257383920252323	0.007307017222046852	0.006634239107370377	0.005667310208082199	0.006487163715064526	0.005228440277278423	0.01933689974248409	0.05838077515363693	0.0146366273984313	0.06151440739631653	0.06151440739631653	0.06151440739631653	0.02187922783195972	0.005228440277278423	0.005256425589323044	0.02621502242982388	0.01481406763195992	0.03183027729392052	0.009796495549380779	0.003905675141140819	0.007307017222046852	0.007307017222046852	0.007307017222046852	0.01023381762206554	0.01234777737408876	0.01023381762206554	0.008472180925309658	0.01023381762206554	0.01093827094882727	0.01177829690277576	0.006505135912448168	0.02859443053603172	0.007125794887542725	0.00762614794075489	0.007307017222046852	0.007307017222046852	0.01133430562913418	0.006339513696730137	0.007307017222046852	0.00510973297059536	0.01340445782989264	0.01622337661683559	0.01022712700068951	0.01939431764185429	0.01163443922996521	0.01023381762206554	0.007364329881966114	0.01023381762206554	0.02669593319296837	0.007774257101118565	0.007307017222046852	0.01023381762206554	0.007307017222046852	0.01023381762206554	0.005636279471218586	0	0.003289825981482863	0.003042300697416067	0.004110351204872131	0.00838914792984724	0.008184184320271015	0.007102053612470627	0.009436395019292831	0.007307017222046852	0.004329218994826078	0.01023381762206554	0.01541117485612631	0.01023381762206554	0.01023381762206554	0.005929586477577686	0.0199520867317915	0.006222603842616081	0.009632356464862823	0.0116898100823164	0.0316033735871315	0.03263405337929726	0.007370674982666969	0.01023381762206554	0.01040480844676495	0.0251908078789711	0.01903755217790604	0.02664060704410076	0.01455894485116005	0.03948138654232025	0.01315772533416748	0.01344098150730133	0.03988788649439812	0.006118274759501219	0.01464960724115372	0.03623678535223007	0.009199691005051136	0.01023381762206554	0.007761466316878796	0.01023381762206554	0.01444918476045132	0.006151226814836264	0.01129148062318563	0.01023381762206554	0.01023381762206554	0.01210116967558861	0.01216145046055317	0.01023381762206554	0.01041008625179529	0.01180715300142765	0.01780065521597862	0.006774364970624447	0.01446027774363756	0.01843717880547047	0.00659464206546545	0.01151376403868198	0.01023381762206554	0.0188104584813118	0.01241622678935528	0.02733852341771126	0.007180837914347649	0.01023381762206554	0.009368731640279293	0.0127327423542738	0.009529163129627705	0.01023381762206554	0.008987762965261936	0.01234781183302402	0.01529369037598372	0.01351071149110794	0.01216926239430904	0.01023381762206554	0.007303011603653431	0.009881490841507912	0.01234767772257328
S2017t2_E16-T2b-Female	0.00929566752165556	0.009295717813074589	0.02243654057383537	0.007900327444076538	0.01140913181006908	0.009295717813074589	0.009295566938817501	0.02032103948295116	0.009295692667365074	0.01035207416862249	0.009295717813074589	0.009647795930504799	0.009076230227947235	0.02568405121564865	0.05247532576322556	0.008828478865325451	0.009295717813074589	0.01300488691776991	0.01022913120687008	0.07655169814825058	0.02337882667779922	0.02337882667779922	0.02337882667779922	0.01809746026992798	0.02337882667779922	0.02145433984696865	0.01418763399124146	0.05624295026063919	0.008891336619853973	0.02917415276169777	0.003146815812215209	0.004729211330413818	0.009924064390361309	0.003089503850787878	0.003909356892108917	0.008341957814991474	0.01874148473143578	0.05579617992043495	0.01721443235874176	0.05892981588840485	0.05892981588840485	0.05892981588840485	0.02516905404627323	0.008341957814991474	0.007834231480956078	0.02809197269380093	0.01810389384627342	0.03512010350823402	0.01143982540816069	0.005555794574320316	0.004729211330413818	0.004729211330413818	0.004729211330413818	0.009295717813074589	0.01563760451972485	0.009295717813074589	0.01176200620830059	0.009295717813074589	0.01211261469870806	0.0150681221857667	0.00445625139400363	0.02718912437558174	0.005720487795770168	0.006220840848982334	0.004729211330413818	0.004729211330413818	0.01039620582014322	0.005401412956416607	0.004729211330413818	0.004171633161604404	0.01669428311288357	0.0195131991058588	0.01093578338623047	0.02268414199352264	0.01022913120687008	0.009295717813074589	0.006426230072975159	0.009295717813074589	0.02998575568199158	0.006836157292127609	0.004729211330413818	0.009295717813074589	0.004729211330413818	0.009295717813074589	0.004230973310768604	0.003289825981482863	0	0.004210798535495996	0.005990867502987385	0.00745104718953371	0.007246083579957485	0.004524247720837593	0.006858589127659798	0.004729211330413818	0.001751412870362401	0.009295717813074589	0.01798897981643677	0.009295717813074589	0.009295717813074589	0.004991486668586731	0.01901398785412312	0.003644797718152404	0.008457070216536522	0.009572483599185944	0.03347652405500412	0.03263068944215775	0.005253349430859089	0.009295717813074589	0.00899950135499239	0.02776861563324928	0.01722230389714241	0.02452328242361546	0.01244162023067474	0.03736406192183495	0.01150760427117348	0.01390482485294342	0.03730329126119614	0.003184459172189236	0.01253228168934584	0.03458666801452637	0.00708236638456583	0.009295717813074589	0.007347795180976391	0.009295717813074589	0.01562353037297726	0.006622435059398413	0.01140808593481779	0.009295717813074589	0.009295717813074589	0.01256501115858555	0.01227805484086275	0.009295717813074589	0.009647770784795284	0.01086905226111412	0.01721412502229214	0.006180468015372753	0.01457688398659229	0.01749907806515694	0.005656542256474495	0.01057566422969103	0.009295717813074589	0.01821504347026348	0.01323456224054098	0.02640042267739773	0.006418522447347641	0.009295717813074589	0.008426190353929996	0.01231463067233562	0.01000037137418985	0.009295717813074589	0.007869438268244267	0.01246441621333361	0.01523603033274412	0.01221216097474098	0.01104649621993303	0.009295717813074589	0.006180244032293558	0.009648044593632221	0.01563750393688679
S2017t2_E16-T2b-Male	0.01046067196875811	0.01046072226017714	0.02034122124314308	0.009065331891179085	0.009755519218742847	0.01046072226017714	0.01046057231724262	0.01716797985136509	0.01046069711446762	0.009931986220180988	0.01046072226017714	0.0106370160356164	0.00918901152908802	0.02147325314581394	0.05271847918629646	0.007436296436935663	0.01046072226017714	0.01161270495504141	0.012211749330163	0.07454900443553925	0.02384069189429283	0.02384069189429283	0.02384069189429283	0.01855932548642159	0.02384069189429283	0.01980072818696499	0.01279545109719038	0.0564861074090004	0.01016930118203163	0.02578096836805344	0.006890375632792711	0.008940010331571102	0.008270453661680222	0.007300302851945162	0.008120155893266201	0.008037122897803783	0.01664616540074348	0.05824743583798409	0.01300363522022963	0.05917296931147575	0.05917296931147575	0.05917296931147575	0.02351543866097927	0.008037122897803783	0.006180620286613703	0.02528289146721363	0.01645027846097946	0.03311740234494209	0.009569589979946613	0.006947976537048817	0.008940010331571102	0.008940010331571102	0.008940010331571102	0.01046072226017714	0.01398399099707603	0.01046072226017714	0.01010839454829693	0.01046072226017714	0.0115167424082756	0.01353131234645844	0.005580940749496222	0.02661455422639847	0.007703105919063091	0.008203458972275257	0.008940010331571102	0.008940010331571102	0.01156120933592319	0.006566418334841728	0.008940010331571102	0.005865559913218021	0.01504067145287991	0.01785958558320999	0.01080443803220987	0.02103053033351898	0.012211749330163	0.01046072226017714	0.007591234985738993	0.01046072226017714	0.02798306196928024	0.008001161739230156	0.008940010331571102	0.01046072226017714	0.008940010331571102	0.01046072226017714	0.00406634621322155	0.003042300697416067	0.004210798535495996	0	0.00451356265693903	0.008616051636636257	0.008411088958382607	0.008735046721994877	0.01106938812881708	0.008940010331571102	0.00340502499602735	0.01046072226017714	0.01377818081527948	0.01046072226017714	0.01046072226017714	0.006156491581350565	0.01982990652322769	0.007855596952140331	0.007996143773198128	0.008997914381325245	0.02996658720076084	0.02994216047227383	0.004795598331838846	0.01046072226017714	0.01098211947828531	0.02355781942605972	0.02032145857810974	0.02418234758079052	0.01186705101281404	0.03678949177265167	0.01011542323976755	0.01039868034422398	0.03754644095897675	0.007395257242023945	0.01195771154016256	0.03319448977708817	0.009064983576536179	0.01046072226017714	0.007283274549990892	0.01046072226017714	0.01247047167271376	0.006378130987286568	0.01186995394527912	0.01046072226017714	0.01046072226017714	0.009058867581188679	0.01273992285132408	0.01046072226017714	0.01063699182122946	0.0116849709302187	0.01767847687005997	0.006289249751716852	0.0150387492030859	0.01831499673426151	0.007407780736684799	0.011740667745471	0.01046072226017714	0.01611972600221634	0.01228960510343313	0.02744994312524796	0.007407743018120527	0.01046072226017714	0.009239625185728073	0.01077418494969606	0.009756067767739296	0.01046072226017714	0.008858658373355865	0.01292628422379494	0.01517150923609734	0.01046841219067574	0.009126960299909115	0.01046072226017714	0.006817895919084549	0.0101083954796195	0.01398389041423798
S2017t2_E17-T2a-Female	0.006123416591435671	0.0061234668828547	0.02485478296875954	0.007285261992365122	0.005418264307081699	0.0061234668828547	0.0061233164742589	0.02121430449187756	0.006123441737145185	0.00559473130851984	0.0061234668828547	0.00629976112395525	0.01067122630774975	0.02551957778632641	0.05723204463720322	0.01148262061178684	0.0061234668828547	0.0156590286642313	0.008108098059892654	0.07125900685787201	0.01950344070792198	0.01950344070792198	0.01950344070792198	0.01422207336872816	0.01950344070792198	0.01837666891515255	0.01684177294373512	0.06099967285990715	0.008978845551609993	0.03017771244049072	0.002844051690772176	0.004893685691058636	0.003933198284357786	0.003253978211432695	0.004073831718415022	0.003990798257291317	0.0206924919039011	0.06055289506912231	0.01704995892941952	0.06368653476238251	0.06368653476238251	0.06368653476238251	0.01952727325260639	0.003990798257291317	0.00766975712031126	0.02979644946753979	0.01211302448064089	0.0298274103552103	0.01390684582293034	0.002901652129366994	0.004893685691058636	0.004893685691058636	0.004893685691058636	0.0061234668828547	0.009646736085414886	0.0061234668828547	0.005771139170974493	0.0061234668828547	0.007179487496614456	0.009776745922863483	0.009206177666783333	0.03018246218562126	0.003599454183131456	0.004099807236343622	0.004893685691058636	0.004893685691058636	0.007689842022955418	0.002229162259027362	0.004893685691058636	0.001819235039874911	0.01070341654121876	0.01352233253419399	0.006700786761939526	0.01669327914714813	0.008108098059892654	0.0061234668828547	0.00325397914275527	0.0061234668828547	0.02469306439161301	0.003663905896246433	0.004893685691058636	0.0061234668828547	0.004893685691058636	0.0061234668828547	0.007691582199186087	0.004110351204872131	0.005990867502987385	0.00451356265693903	0	0.004278796259313822	0.004073833115398884	0.00468872208148241	0.007721236441284418	0.004893685691058636	0.007030261214822531	0.0061234668828547	0.01782450638711452	0.0061234668828547	0.0061234668828547	0.001819235738366842	0.01653990894556046	0.003809272311627865	0.01233339868485928	0.01327784266322851	0.03448014706373215	0.03433890268206596	0.009309159591794014	0.0061234668828547	0.006878468208014965	0.02760414034128189	0.01732239499688148	0.02869591116905212	0.01614698022603989	0.04130305349826813	0.01427854970097542	0.01444500405341387	0.0420600026845932	0.006262129638344049	0.01623764261603355	0.03724081814289093	0.01078772451728582	0.0061234668828547	0.007681746035814285	0.0061234668828547	0.01580477878451347	0.004987762309610844	0.007532698567956686	0.0061234668828547	0.0061234668828547	0.01310519222170115	0.009100841358304024	0.0061234668828547	0.006299736443907022	0.008394975215196609	0.01438847836107016	0.007778387516736984	0.01070149522274733	0.01502500008791685	0.004059627652168274	0.008101585321128368	0.0061234668828547	0.02016604878008366	0.01377181801944971	0.02439355105161667	0.004002277739346027	0.0061234668828547	0.007815566845238209	0.01373676583170891	0.005418812856078148	0.0061234668828547	0.007434598170220852	0.008589029312133789	0.01188151352107525	0.01451473589986563	0.01317328494042158	0.0061234668828547	0.008307034149765968	0.005771140102297068	0.009646635502576828
S2017t2_E17-T2b-Female	0.001844620564952493	0.001844670623540878	0.02490241080522537	0.003006465965881944	0.003958084620535374	0.001844670623540878	0.001844520447775722	0.01986443437635899	0.001844645710662007	0.003601839067414403	0.001844670623540878	0.002196748275309801	0.007095566019415855	0.02405940368771553	0.05622392147779465	0.007203824352473021	0.001844670623540878	0.01138023287057877	0.005464530549943447	0.07073330134153366	0.01592778414487839	0.01592778414487839	0.01592778414487839	0.01064641866832972	0.01592778414487839	0.01691649295389652	0.01256297808140516	0.05999154597520828	0.007039931137114763	0.03198820352554321	0.004304231144487858	0.006353864911943674	0.007392141502350569	0.004714157897979021	0.00553401093930006	0.008269594982266426	0.01711683161556721	0.05954477190971375	0.01687460392713547	0.06267841160297394	0.06267841160297394	0.06267841160297394	0.01806709729135036	0.008269594982266426	0.01159593928605318	0.03231216967105865	0.01065284851938486	0.02836723253130913	0.01818563975393772	0.007180448621511459	0.006353864911943674	0.006353864911943674	0.006353864911943674	0.001844670623540878	0.008186557330191135	0.001844670623540878	0.004310959484428167	0.001844670623540878	0.004661568440496922	0.00995179545134306	0.01066635642200708	0.02870706841349602	0.004766508936882019	0.003214988391846418	0.006353864911943674	0.006353864911943674	0.006628714501857758	0.002049633767455816	0.006353864911943674	0.00327941426075995	0.009593646042048931	0.01206215750426054	0.006171181332319975	0.01523310225456953	0.005464530549943447	0.001844670623540878	0.001024816883727908	0.001844670623540878	0.02323288843035698	0.0006148901884444058	0.006353864911943674	0.001844670623540878	0.006353864911943674	0.001844670623540878	0.0091517623513937	0.00838914792984724	0.00745104718953371	0.008616051636636257	0.004278796259313822	0	0.0002049632894340903	0.006148901768028736	0.009181416593492031	0.006353864911943674	0.008490440435707569	0.001844670623540878	0.01636432856321335	0.001844670623540878	0.001844670623540878	0.00245956052094698	0.01477361377328634	0.005269451998174191	0.01520288642495871	0.0128008034080267	0.03629064187407494	0.03544474020600319	0.01059303246438503	0.001844670623540878	0.00423490023240447	0.02929781749844551	0.01878257468342781	0.02821670845150948	0.0135034117847681	0.04029493033885956	0.01163498125970364	0.0122801698744297	0.04193341732025146	0.007722309324890375	0.0135940732434392	0.03529820591211319	0.008144157007336617	0.001844670623540878	0.008554576896131039	0.001844670623540878	0.01480528619140387	0.002819117158651352	0.003957038279622793	0.001844670623540878	0.001844670623540878	0.01094035711139441	0.005525180604308844	0.001844670623540878	0.002196723595261574	0.004466582555323839	0.01046125125139952	0.00455581396818161	0.00712583726271987	0.01074620429426432	0.0055198073387146	0.003822789527475834	0.001844670623540878	0.01810884661972523	0.01125390082597733	0.02280133962631226	0.005461934488266706	0.001844670623540878	0.00423874519765377	0.0117412256076932	0.002549324417486787	0.001844670623540878	0.003331585554406047	0.005013369489461184	0.009300769306719303	0.01058750692754984	0.009421841241419315	0.001844670623540878	0.004555589519441128	0.002196997404098511	0.008186458609998226
S2017t2_E17-T2b-Male	0.002049583708867431	0.002049633767455816	0.0246974490582943	0.003211429575458169	0.004163047764450312	0.002049633767455816	0.002049483824521303	0.01983577944338322	0.002049609087407589	0.003690000623464584	0.002049633767455816	0.002401711419224739	0.007300529628992081	0.02426436729729176	0.05619526654481888	0.007408787962049246	0.002049633767455816	0.01158519648015499	0.005552691873162985	0.07070465385913849	0.01613274775445461	0.01613274775445461	0.01613274775445461	0.01085138134658337	0.01613274775445461	0.0171214547008276	0.01276794169098139	0.05996289104223251	0.007128091994673014	0.03195954859256744	0.004099267534911633	0.006148901768028736	0.007187178358435631	0.004509194754064083	0.005329047795385122	0.008064631372690201	0.01732179708778858	0.05951611697673798	0.01696276664733887	0.06264975666999817	0.06264975666999817	0.06264975666999817	0.01827205903828144	0.008064631372690201	0.01139097660779953	0.03210720792412758	0.01085781212896109	0.02857219614088535	0.01798067800700665	0.006975485011935234	0.006148901768028736	0.006148901768028736	0.006148901768028736	0.002049633767455816	0.008391520939767361	0.002049633767455816	0.004515922628343105	0.002049633767455816	0.004866530653089285	0.01003995724022388	0.01046139374375343	0.02867841348052025	0.004561545792967081	0.003010025015100837	0.006148901768028736	0.006148901768028736	0.006423751823604107	0.001844670623540878	0.006148901768028736	0.003074450884014368	0.009681807830929756	0.01226712204515934	0.006259342655539513	0.01543806586414576	0.005552691873162985	0.002049633767455816	0.0008198536233976483	0.002049633767455816	0.02343785017728806	0.0004099268699064851	0.006148901768028736	0.002049633767455816	0.006148901768028736	0.002049633767455816	0.008946798741817474	0.008184184320271015	0.007246083579957485	0.008411088958382607	0.004073833115398884	0.0002049632894340903	0	0.005943938624113798	0.008976452983915806	0.006148901768028736	0.008285477757453918	0.002049633767455816	0.01656929403543472	0.002049633767455816	0.002049633767455816	0.002254597377032042	0.01456865016371012	0.005064488388597965	0.01499792281538248	0.01259583979845047	0.03626198321580887	0.03541608527302742	0.01038806885480881	0.002049633767455816	0.004323062021285295	0.02926916256546974	0.01857760921120644	0.02801174484193325	0.01359157357364893	0.04026627540588379	0.01172314211726189	0.01248513348400593	0.04172845557332039	0.007517346180975437	0.01368223410099745	0.03526955097913742	0.008232318796217442	0.002049633767455816	0.008349613286554813	0.002049633767455816	0.01489344704896212	0.002790461061522365	0.004162001423537731	0.002049633767455816	0.002049633767455816	0.01114532072097063	0.005730143282562494	0.002049633767455816	0.002401686739176512	0.00455474341288209	0.01066621392965317	0.004760777577757835	0.007330800406634808	0.01095116697251797	0.005314844660460949	0.004027752671390772	0.002049633767455816	0.01808018982410431	0.01145886350423098	0.02277268283069134	0.005256970878690481	0.002049633767455816	0.004326906986534595	0.01171256974339485	0.002754287794232368	0.002049633767455816	0.003536548698320985	0.005218332633376122	0.009388931095600128	0.01079247053712606	0.009626803919672966	0.002049633767455816	0.004760553129017353	0.002401961013674736	0.008391421288251877
S2017t2_E19-T2a-Female	0.007993522100150585	0.007993572391569614	0.02696078643202782	0.009155369363725185	0.01010698731988668	0.007993572391569614	0.007993422448635101	0.02484528534114361	0.0079935472458601	0.009049928747117519	0.007993572391569614	0.008345650508999825	0.01324446778744459	0.03020829707384109	0.05536423623561859	0.01335272565484047	0.007993572391569614	0.01752912998199463	0.008109373040497303	0.07594772428274155	0.0220766793936491	0.0220766793936491	0.0220766793936491	0.01679531298577785	0.0220766793936491	0.02306539006531239	0.0187118798494339	0.05913186818361282	0.009684775024652481	0.03369839861989021	0.001844670507125556	0.0002049633039860055	0.00862191803753376	0.001434743753634393	0.0006148903630673885	0.007039811462163925	0.02326573245227337	0.05915233120322227	0.0217386819422245	0.06181873008608818	0.06181873008608818	0.06181873008608818	0.02421599440276623	0.007039811462163925	0.01235847733914852	0.03261621668934822	0.01680174469947815	0.03451612964272499	0.01549683138728142	0.00390103249810636	0.0002049633039860055	0.0002049633039860055	0.0002049633039860055	0.007993572391569614	0.0143354581668973	0.007993572391569614	0.01045986171811819	0.007993572391569614	0.01081046927720308	0.01411506254225969	0.008268479257822037	0.03018373996019363	0.003600728698074818	0.00491869542747736	0.0002049633039860055	0.0002049633039860055	0.009443146176636219	0.004099267534911633	0.0002049633039860055	0.002869487507268786	0.01539213676005602	0.01821105368435383	0.009049627929925919	0.02138199657201767	0.008109373040497303	0.007993572391569614	0.005124084651470184	0.007993572391569614	0.02938178181648254	0.005534011870622635	0.0002049633039860055	0.007993572391569614	0.0002049633039860055	0.007993572391569614	0.007926398888230324	0.007102053612470627	0.004524247720837593	0.008735046721994877	0.00468872208148241	0.006148901768028736	0.005943938624113798	0	0.003208822337910533	0.0002049633039860055	0.00533002195879817	0.007993572391569614	0.02251322753727436	0.007993572391569614	0.007993572391569614	0.003689341014251113	0.01841001398861408	0.001229705289006233	0.0127476966008544	0.01327911764383316	0.03800077363848686	0.03657092526555061	0.008959982544183731	0.007993572391569614	0.006879742722958326	0.03229286149144173	0.01580071821808815	0.0283467173576355	0.01614825427532196	0.04107069224119186	0.01603185199201107	0.01842907257378101	0.04019220173358917	0.001573407673276961	0.01623891666531563	0.03911092132329941	0.01078900042921305	0.007993572391569614	0.01043228898197412	0.007993572391569614	0.01943575963377953	0.00826717633754015	0.01010594051331282	0.007993572391569614	0.007993572391569614	0.01708925887942314	0.01167408376932144	0.007993572391569614	0.00834562536329031	0.01026508025825024	0.0166101511567831	0.01070471573621035	0.01327473856508732	0.01689510606229305	0.005052568390965462	0.009971692226827145	0.007993572391569614	0.02273929119110107	0.01740279980003834	0.02579644881188869	0.005814549047499895	0.007993572391569614	0.01003724150359631	0.01683887839317322	0.008698226884007454	0.007993572391569614	0.009480489417910576	0.01116227172315121	0.01463205832988024	0.01673641055822372	0.01557074394077063	0.007993572391569614	0.01070449128746986	0.008345899172127247	0.01433535758405924
S2017t2_E19-T2a-Male	0.01102603692561388	0.01102608721703291	0.02818881720304489	0.01183879468590021	0.01313950214534998	0.01102608721703291	0.01102593634277582	0.02662647143006325	0.01102606207132339	0.01208244357258081	0.01102608721703291	0.01137816440314054	0.01502565387636423	0.02723309397697449	0.05215541645884514	0.01568706892430782	0.01102608721703291	0.01719626970589161	0.01102508511394262	0.07717574387788773	0.02510919235646725	0.02510919235646725	0.02510919235646725	0.0198278296738863	0.02510919235646725	0.02574881725013256	0.02104622311890125	0.06123258545994759	0.01236819941550493	0.03603273630142212	0.004877184983342886	0.003180166007950902	0.01165443286299706	0.004467258229851723	0.00364740495570004	0.01007232535630465	0.02294530160725117	0.05617713183164597	0.02407302148640156	0.06391945481300354	0.06391945481300354	0.06391945481300354	0.02634626440703869	0.01007232535630465	0.01469281874597073	0.03495055064558983	0.01983425952494144	0.03574415668845177	0.01783117093145847	0.006933547090739012	0.003180166007950902	0.003180166007950902	0.003180166007950902	0.01102608721703291	0.01736797206103802	0.01102608721703291	0.01349237654358149	0.01102608721703291	0.01384298410266638	0.01624533534049988	0.01060282159596682	0.03240127861499786	0.006516441702842712	0.007951210252940655	0.003180166007950902	0.003180166007950902	0.01157341990619898	0.00713178189471364	0.003180166007950902	0.005902002099901438	0.01842465065419674	0.02124357037246227	0.01208214182406664	0.02441451139748096	0.01102508511394262	0.01102608721703291	0.008156599476933479	0.01102608721703291	0.03060981631278992	0.008566525764763355	0.003180166007950902	0.01102608721703291	0.003180166007950902	0.01102608721703291	0.0102607412263751	0.009436395019292831	0.006858589127659798	0.01106938812881708	0.007721236441284418	0.009181416593492031	0.008976452983915806	0.003208822337910533	0	0.003180166007950902	0.007664363365620375	0.01102608721703291	0.02484756894409657	0.01102608721703291	0.01102608721703291	0.006721855606883764	0.01543481089174747	0.004262220114469528	0.0150820380076766	0.01549665722995996	0.04033511132001877	0.03890526667237282	0.01117752306163311	0.01102608721703291	0.009795454330742359	0.03462719917297363	0.0169119443744421	0.03012790344655514	0.01836579479277134	0.04328823089599609	0.01836619339883327	0.02076341398060322	0.04229291900992393	0.004199524410068989	0.01314691174775362	0.04033894091844559	0.01300653908401728	0.01102608721703291	0.01166031882166862	0.01102608721703291	0.02177009917795658	0.01060151867568493	0.01313845533877611	0.01102608721703291	0.01102608721703291	0.0194236021488905	0.01290211174637079	0.01102608721703291	0.0113781401887536	0.01137649733573198	0.01783818192780018	0.01303905714303255	0.01630725339055061	0.01812313497066498	0.006280599627643824	0.0111997202038765	0.01102608721703291	0.02446217089891434	0.01863083057105541	0.02702448144555092	0.00704257981851697	0.01102608721703291	0.01272066961973906	0.01806690916419029	0.01173074077814817	0.01102608721703291	0.0121639147400856	0.01419478561729193	0.01586008444428444	0.01907075382769108	0.01790508627891541	0.01102608721703291	0.01303883269429207	0.01137841399759054	0.01736787334084511
S2017t2_E19-T2b-Female	0.00819848570972681	0.008198535069823265	0.02716574817895889	0.009360332973301411	0.01031194999814034	0.008198535069823265	0.008198385126888752	0.02505024708807468	0.008198510855436325	0.00925489142537117	0.008198535069823265	0.00855061411857605	0.01344943139702082	0.03041326068341732	0.05533558130264282	0.01355768926441669	0.008198535069823265	0.017734095454216	0.008197533898055553	0.07615268230438232	0.02228164300322533	0.02228164300322533	0.02228164300322533	0.01700027659535408	0.02228164300322533	0.02327034994959831	0.01891684159636497	0.05910321325063705	0.009889738634228706	0.03390336036682129	0.002049633767455816	0	0.008826881647109985	0.001639707013964653	0.0008198536233976483	0.007244774140417576	0.02347069419920444	0.05935729295015335	0.02194363996386528	0.06179007142782211	0.06179007142782211	0.06179007142782211	0.02442095428705215	0.007244774140417576	0.01256344094872475	0.0328211784362793	0.01700671017169952	0.03472108766436577	0.01570179127156734	0.004105995874851942	0	0	0	0.008198535069823265	0.01454042084515095	0.008198535069823265	0.01066482439637184	0.008198535069823265	0.01101543195545673	0.01432002522051334	0.008473442867398262	0.03027189895510674	0.003688890254124999	0.005123659037053585	0	0	0.00964810885488987	0.004304231144487858	0	0.003074450884014368	0.01559709943830967	0.01841601729393005	0.009254590608179569	0.02158696018159389	0.008197533898055553	0.008198535069823265	0.005329047795385122	0.008198535069823265	0.02958674728870392	0.005738974548876286	0	0.008198535069823265	0	0.008198535069823265	0.008131362497806549	0.007307017222046852	0.004729211330413818	0.008940010331571102	0.004893685691058636	0.006353864911943674	0.006148901768028736	0.0002049633039860055	0.003180166007950902	0	0.005534985102713108	0.008198535069823265	0.02271818928420544	0.008198535069823265	0.008198535069823265	0.003894304390996695	0.01861497759819031	0.001434668665751815	0.01295266021043062	0.01336727850139141	0.03820573538541794	0.03677589073777199	0.009048145264387131	0.008198535069823265	0.006967904046177864	0.0324978269636631	0.0158888790756464	0.02855168096721172	0.01623641513288021	0.04115885496139526	0.0162368156015873	0.01863403432071209	0.0401635430753231	0.001544751576147974	0.01632707752287388	0.03931588679552078	0.0108771612867713	0.008198535069823265	0.01063725166022778	0.008198535069823265	0.0196407213807106	0.0084721390157938	0.01031090319156647	0.008198535069823265	0.008198535069823265	0.01729422248899937	0.01187904644757509	0.008198535069823265	0.008550588972866535	0.01047004293650389	0.01681511476635933	0.010909678414464	0.01347970031201839	0.01710006780922413	0.005257532000541687	0.0101766549050808	0.008198535069823265	0.0229442548006773	0.01760776527225971	0.02600141242146492	0.006019512191414833	0.008198535069823265	0.01024220418184996	0.01704384200274944	0.008903190493583679	0.008198535069823265	0.009685453027486801	0.01136723347008228	0.01483702100813389	0.0169413723051548	0.01577570661902428	0.008198535069823265	0.01090945489704609	0.008550862781703472	0.01454032026231289
S2017t2_E19-T2b-Male	0.01033506169915199	0.01033511199057102	0.02163076400756836	0.008939721621572971	0.01244852505624294	0.01033511199057102	0.01033496111631393	0.01951526291668415	0.01033508684486151	0.01139146741479635	0.01033511199057102	0.01068719010800123	0.01012254692614079	0.02487827837467194	0.0514359325170517	0.008022706024348736	0.01033511199057102	0.01219911221414804	0.01115172356367111	0.07724200934171677	0.02441821992397308	0.02441821992397308	0.02441821992397308	0.01913684979081154	0.02441821992397308	0.02284974232316017	0.01338185835629702	0.05520356446504593	0.01016993913799524	0.02836837992072105	0.004186209291219711	0.005534985102713108	0.01096345856785774	0.004128897562623024	0.004715131595730782	0.009381351061165333	0.01793571002781391	0.05696488916873932	0.01640865951776505	0.05789042264223099	0.05789042264223099	0.05789042264223099	0.02620844542980194	0.009381351061165333	0.00958564318716526	0.02728619985282421	0.01914328336715698	0.03581040725111961	0.01040043216198683	0.006595188286155462	0.005534985102713108	0.005534985102713108	0.005534985102713108	0.01033511199057102	0.01667699590325356	0.01033511199057102	0.01280140038579702	0.01033511199057102	0.01315200794488192	0.01610751450061798	0.002938457764685154	0.02555453032255173	0.006643080152571201	0.007260235026478767	0.005534985102713108	0.005534985102713108	0.01143559906631708	0.00644080713391304	0.005534985102713108	0.005211026407778263	0.01773367449641228	0.02055259235203266	0.01185837481170893	0.0237235352396965	0.01115172356367111	0.01033511199057102	0.007465623784810305	0.01033511199057102	0.03067606315016747	0.007875550538301468	0.005534985102713108	0.01033511199057102	0.005534985102713108	0.01033511199057102	0.002596377395093441	0.004329218994826078	0.001751412870362401	0.00340502499602735	0.007030261214822531	0.008490440435707569	0.008285477757453918	0.00533002195879817	0.007664363365620375	0.005534985102713108	0	0.01033511199057102	0.0171832051128149	0.01033511199057102	0.01033511199057102	0.006030880846083164	0.019704295322299	0.004450572188943624	0.007417676039040089	0.008649908006191254	0.0326707512140274	0.03170811384916306	0.004330773837864399	0.01033511199057102	0.009922093711793423	0.02696284465491772	0.01779580861330032	0.02360070683062077	0.01151904556900263	0.03644148632884026	0.01070183236151934	0.01309905108064413	0.03626389801502228	0.004346243105828762	0.01160970609635115	0.03378089517354965	0.008716976270079613	0.01033511199057102	0.008394111879169941	0.01033511199057102	0.01410573627799749	0.007661828305572271	0.01244747918099165	0.01033511199057102	0.01033511199057102	0.01175923831760883	0.01331744808703661	0.01033511199057102	0.01068716496229172	0.01155936066061258	0.01790443249046803	0.00793188065290451	0.01561627630144358	0.01818938553333282	0.006695935968309641	0.01161505747586489	0.01033511199057102	0.01740927062928677	0.01428087987005711	0.02709073014557362	0.0074579156935215	0.01033511199057102	0.009821592830121517	0.01259259972721338	0.01103976555168629	0.01033511199057102	0.009264840744435787	0.01350381039083004	0.01592633686959743	0.01140638906508684	0.01024072151631117	0.01033511199057102	0.007931657135486603	0.01068743877112865	0.0166768953204155
S2017t2_E23-T2a-Female	0.0002335539174964651	0	0.02674708142876625	0.001512217451818287	0.002113415161147714	0	0.0007006616797298193	0.0201223399490118	0.0001167768859886564	0.002808386692777276	0	0.0003520778845995665	0.005951754748821259	0.0240836888551712	0.057363361120224	0.006293631624430418	0	0.0111708976328373	0.004671077709645033	0.07099121063947678	0.01408311631530523	0.01408311631530523	0.01408311631530523	0.009736164472997189	0.01408311631530523	0.01530544273555279	0.01258726231753826	0.0602494515478611	0.006363295949995518	0.03330395370721817	0.006148901768028736	0.008198535069823265	0.00923681166023016	0.006558828521519899	0.007378681562840939	0.01011426467448473	0.01737473718822002	0.05980267748236656	0.01666523888707161	0.06293631345033646	0.06293631345033646	0.06293631345033646	0.01645604521036148	0.01011426467448473	0.01344061084091663	0.03415684029459953	0.008808179758489132	0.02722342126071453	0.0200303103774786	0.009025119245052338	0.008198535069823265	0.008198535069823265	0.008198535069823265	0	0.006341889500617981	0	0.002466290490701795	0	0.003167304443195462	0.009275159798562527	0.01251102704554796	0.02896497398614883	0.006611179560422897	0.005059659015387297	0.008198535069823265	0.008198535069823265	0.008473385125398636	0.003894304390996695	0.008198535069823265	0.005124084651470184	0.008800193667411804	0.01021748967468739	0.005377728957682848	0.0133884334936738	0.004671077709645033	0	0.00286948774009943	0	0.0234907940030098	0.002459560753777623	0.008198535069823265	0	0.008198535069823265	0	0.01099643297493458	0.01023381762206554	0.009295717813074589	0.01046072226017714	0.0061234668828547	0.001844670623540878	0.002049633767455816	0.007993572391569614	0.01102608721703291	0.008198535069823265	0.01033511199057102	0	0.01545413956046104	0	0	0.004304231144487858	0.0166182853281498	0.007114122156053782	0.01704755611717701	0.01464547403156757	0.03760638833045959	0.03623156622052193	0.01243770308792591	0	0.00520019605755806	0.03078987449407578	0.02062724530696869	0.03006137907505035	0.01341086346656084	0.04055283218622208	0.01154243294149637	0.01207083649933338	0.04377808794379234	0.009566979482769966	0.01350152399390936	0.0355561152100563	0.007584339939057827	0	0.01039924565702677	0	0.01459591928869486	0.00466378778219223	0.002112368820235133	0	0	0.01061420608311892	0.004967603832483292	0	0.0003520532627590001	0.004140399396419525	0.01048553548753262	0.005461620166897774	0.005281168967485428	0.01100410800427198	0.007364477962255478	0.00244535761885345	0	0.01854305900633335	0.0104605108499527	0.02305924333631992	0.007306605111807585	0	0.003562110010534525	0.01252805255353451	0.0007046543760225177	0	0.002130461158230901	0.003168701194226742	0.009208221919834614	0.01014455314725637	0.008745267987251282	0	0.005227793008089066	0.0003523271880112588	0.006808997597545385
S2017t2_E23-T2a-Male	0.01545408926904202	0.01545413956046104	0.02697718888521194	0.01405875012278557	0.01439736783504486	0.01545413956046104	0.01568759232759476	0.02070098184049129	0.01545411348342896	0.01621022261679173	0.01545413956046104	0.01563043147325516	0.01400664635002613	0.01806896924972534	0.06023023277521133	0.009160506539046764	0.01545413956046104	0.01403777208179235	0.01965800113976002	0.06579351425170898	0.02496686205267906	0.02496686205267906	0.02496686205267906	0.02032848447561264	0.02496686205267906	0.02092689275741577	0.0154541376978159	0.06311631947755814	0.0176155511289835	0.03053358942270279	0.02066855691373348	0.02271818928420544	0.01389130763709545	0.02107848227024078	0.02189833670854568	0.01547341607511044	0.0186595506966114	0.06779776513576508	0.005439023021608591	0.06580317765474319	0.06580317765474319	0.06580317765474319	0.01300646550953388	0.01547341607511044	0.01015475019812584	0.03068182617425919	0.00664595840498805	0.02260843105614185	0.01866925321519375	0.01861219480633736	0.02271818928420544	0.02271818928420544	0.02271818928420544	0.01545413956046104	0.009112248197197914	0.01545413956046104	0.01298784837126732	0.01545413956046104	0.0158070232719183	0.01956825703382492	0.01680193468928337	0.03325587883591652	0.02113083377480507	0.01957931369543076	0.02271818928420544	0.02271818928420544	0.02264395542442799	0.0184139609336853	0.02271818928420544	0.01964373886585236	0.008989382535219193	0.00735061289742589	0.01825069077312946	0.01052155718207359	0.01965800113976002	0.01545413956046104	0.01738914661109447	0.01545413956046104	0.01829309575259686	0.01697921939194202	0.02271818928420544	0.01545413956046104	0.02271818928420544	0.01545413956046104	0.01528734061866999	0.01541117485612631	0.01798897981643677	0.01377818081527948	0.01782450638711452	0.01636432856321335	0.01656929403543472	0.02251322753727436	0.02484756894409657	0.02271818928420544	0.0171832051128149	0.01545413956046104	0	0.01545413956046104	0.01545413956046104	0.01882388815283775	0.02974159643054008	0.02163377776741982	0.01850511692464352	0.01751234196126461	0.03694998472929001	0.03698447346687317	0.01530457194894552	0.01545413956046104	0.01971985027194023	0.02238227427005768	0.03409963846206665	0.03292825073003769	0.01627773232758045	0.04341970384120941	0.01440930273383856	0.0128237484022975	0.04664495587348938	0.02117343991994858	0.01636839285492897	0.03842298686504364	0.01651123724877834	0.01545413956046104	0.01895364932715893	0.01545413956046104	0.01501654088497162	0.0148272505030036	0.01651180163025856	0.01545413956046104	0.01545413956046104	0.01136711705476046	0.01773438416421413	0.01545413956046104	0.01563040725886822	0.01726371236145496	0.02325727976858616	0.01309866458177567	0.01809854246675968	0.02412742190063	0.02118596062064171	0.01673408411443233	0.01545413956046104	0.02017944119870663	0.01529289502650499	0.03618255257606506	0.02095230109989643	0.01545413956046104	0.01516745798289776	0.01704242080450058	0.01474948413670063	0.01545413956046104	0.01402838248759508	0.01704077981412411	0.02145109325647354	0.01265985984355211	0.01108479034155607	0.01545413956046104	0.01339370664209127	0.01510181091725826	0.009112149477005005
S2017t2_E23-T2b-Female	0.0002335539174964651	0	0.02674708142876625	0.001512217451818287	0.002113415161147714	0	0.0007006616797298193	0.0201223399490118	0.0001167768859886564	0.002808386692777276	0	0.0003520778845995665	0.005951754748821259	0.0240836888551712	0.057363361120224	0.006293631624430418	0	0.0111708976328373	0.004671077709645033	0.07099121063947678	0.01408311631530523	0.01408311631530523	0.01408311631530523	0.009736164472997189	0.01408311631530523	0.01530544273555279	0.01258726231753826	0.0602494515478611	0.006363295949995518	0.03330395370721817	0.006148901768028736	0.008198535069823265	0.00923681166023016	0.006558828521519899	0.007378681562840939	0.01011426467448473	0.01737473718822002	0.05980267748236656	0.01666523888707161	0.06293631345033646	0.06293631345033646	0.06293631345033646	0.01645604521036148	0.01011426467448473	0.01344061084091663	0.03415684029459953	0.008808179758489132	0.02722342126071453	0.0200303103774786	0.009025119245052338	0.008198535069823265	0.008198535069823265	0.008198535069823265	0	0.006341889500617981	0	0.002466290490701795	0	0.003167304443195462	0.009275159798562527	0.01251102704554796	0.02896497398614883	0.006611179560422897	0.005059659015387297	0.008198535069823265	0.008198535069823265	0.008473385125398636	0.003894304390996695	0.008198535069823265	0.005124084651470184	0.008800193667411804	0.01021748967468739	0.005377728957682848	0.0133884334936738	0.004671077709645033	0	0.00286948774009943	0	0.0234907940030098	0.002459560753777623	0.008198535069823265	0	0.008198535069823265	0	0.01099643297493458	0.01023381762206554	0.009295717813074589	0.01046072226017714	0.0061234668828547	0.001844670623540878	0.002049633767455816	0.007993572391569614	0.01102608721703291	0.008198535069823265	0.01033511199057102	0	0.01545413956046104	0	0	0.004304231144487858	0.0166182853281498	0.007114122156053782	0.01704755611717701	0.01464547403156757	0.03760638833045959	0.03623156622052193	0.01243770308792591	0	0.00520019605755806	0.03078987449407578	0.02062724530696869	0.03006137907505035	0.01341086346656084	0.04055283218622208	0.01154243294149637	0.01207083649933338	0.04377808794379234	0.009566979482769966	0.01350152399390936	0.0355561152100563	0.007584339939057827	0	0.01039924565702677	0	0.01459591928869486	0.00466378778219223	0.002112368820235133	0	0	0.01061420608311892	0.004967603832483292	0	0.0003520532627590001	0.004140399396419525	0.01048553548753262	0.005461620166897774	0.005281168967485428	0.01100410800427198	0.007364477962255478	0.00244535761885345	0	0.01854305900633335	0.0104605108499527	0.02305924333631992	0.007306605111807585	0	0.003562110010534525	0.01252805255353451	0.0007046543760225177	0	0.002130461158230901	0.003168701194226742	0.009208221919834614	0.01014455314725637	0.008745267987251282	0	0.005227793008089066	0.0003523271880112588	0.006808997597545385
S2017t2_E23-T2b-Male	0.0002335539174964651	0	0.02674708142876625	0.001512217451818287	0.002113415161147714	0	0.0007006616797298193	0.0201223399490118	0.0001167768859886564	0.002808386692777276	0	0.0003520778845995665	0.005951754748821259	0.0240836888551712	0.057363361120224	0.006293631624430418	0	0.0111708976328373	0.004671077709645033	0.07099121063947678	0.01408311631530523	0.01408311631530523	0.01408311631530523	0.009736164472997189	0.01408311631530523	0.01530544273555279	0.01258726231753826	0.0602494515478611	0.006363295949995518	0.03330395370721817	0.006148901768028736	0.008198535069823265	0.00923681166023016	0.006558828521519899	0.007378681562840939	0.01011426467448473	0.01737473718822002	0.05980267748236656	0.01666523888707161	0.06293631345033646	0.06293631345033646	0.06293631345033646	0.01645604521036148	0.01011426467448473	0.01344061084091663	0.03415684029459953	0.008808179758489132	0.02722342126071453	0.0200303103774786	0.009025119245052338	0.008198535069823265	0.008198535069823265	0.008198535069823265	0	0.006341889500617981	0	0.002466290490701795	0	0.003167304443195462	0.009275159798562527	0.01251102704554796	0.02896497398614883	0.006611179560422897	0.005059659015387297	0.008198535069823265	0.008198535069823265	0.008473385125398636	0.003894304390996695	0.008198535069823265	0.005124084651470184	0.008800193667411804	0.01021748967468739	0.005377728957682848	0.0133884334936738	0.004671077709645033	0	0.00286948774009943	0	0.0234907940030098	0.002459560753777623	0.008198535069823265	0	0.008198535069823265	0	0.01099643297493458	0.01023381762206554	0.009295717813074589	0.01046072226017714	0.0061234668828547	0.001844670623540878	0.002049633767455816	0.007993572391569614	0.01102608721703291	0.008198535069823265	0.01033511199057102	0	0.01545413956046104	0	0	0.004304231144487858	0.0166182853281498	0.007114122156053782	0.01704755611717701	0.01464547403156757	0.03760638833045959	0.03623156622052193	0.01243770308792591	0	0.00520019605755806	0.03078987449407578	0.02062724530696869	0.03006137907505035	0.01341086346656084	0.04055283218622208	0.01154243294149637	0.01207083649933338	0.04377808794379234	0.009566979482769966	0.01350152399390936	0.0355561152100563	0.007584339939057827	0	0.01039924565702677	0	0.01459591928869486	0.00466378778219223	0.002112368820235133	0	0	0.01061420608311892	0.004967603832483292	0	0.0003520532627590001	0.004140399396419525	0.01048553548753262	0.005461620166897774	0.005281168967485428	0.01100410800427198	0.007364477962255478	0.00244535761885345	0	0.01854305900633335	0.0104605108499527	0.02305924333631992	0.007306605111807585	0	0.003562110010534525	0.01252805255353451	0.0007046543760225177	0	0.002130461158230901	0.003168701194226742	0.009208221919834614	0.01014455314725637	0.008745267987251282	0	0.005227793008089066	0.0003523271880112588	0.006808997597545385
S2017t2_E30-T2a-Female	0.004304180853068829	0.004304231144487858	0.02420592308044434	0.005466026719659567	0.006417645141482353	0.004304231144487858	0.004304081201553345	0.02115594409406185	0.004304205998778343	0.005360587500035763	0.004304231144487858	0.004656308796256781	0.009555126540362835	0.02651895955204964	0.05588004738092422	0.009663384407758713	0.004304231144487858	0.01383979339152575	0.006522466894239187	0.07225839048624039	0.01838734373450279	0.01838734373450279	0.01838734373450279	0.01310597453266382	0.01838734373450279	0.01937605068087578	0.01502253860235214	0.05964767560362816	0.008097869344055653	0.03164433315396309	0.001844670507125556	0.003894304390996695	0.004932580981403589	0.002254597377032042	0.003074450884014368	0.005810033529996872	0.01957639120519161	0.05920090153813362	0.0180493425577879	0.06233453750610352	0.06233453750610352	0.06233453750610352	0.02052665501832962	0.005810033529996872	0.009136378765106201	0.031263068318367	0.01311240624636412	0.03082679025828838	0.01572607830166817	0.004720887634903193	0.003894304390996695	0.003894304390996695	0.003894304390996695	0.004304231144487858	0.01064611505717039	0.004304231144487858	0.006770520005375147	0.004304231144487858	0.007121128030121326	0.01100973226130009	0.008206795901060104	0.02859683334827423	0.002306948648765683	0.002514176303520799	0.003894304390996695	0.003894304390996695	0.006104211322963238	0.0004099266370758414	0.003894304390996695	0.0008198536233976483	0.01170279830694199	0.0145217152312398	0.007229117676615715	0.01769265905022621	0.006522466894239187	0.004304231144487858	0.001434743637219071	0.004304231144487858	0.02569244429469109	0.001844670390710235	0.003894304390996695	0.004304231144487858	0.003894304390996695	0.004304231144487858	0.006692201364785433	0.005929586477577686	0.004991486668586731	0.006156491581350565	0.001819235738366842	0.00245956052094698	0.002254597377032042	0.003689341014251113	0.006721855606883764	0.003894304390996695	0.006030880846083164	0.004304231144487858	0.01882388815283775	0.004304231144487858	0.004304231144487858	0	0.01472067274153233	0.002809891477227211	0.01274332590401173	0.01169221196323633	0.03594676777720451	0.03510087355971336	0.008133472874760628	0.004304231144487858	0.005292837042361498	0.02895394340157509	0.01632301323115826	0.02734391391277313	0.01456134859472513	0.03995105624198914	0.01269291806966066	0.01473973132669926	0.04070800915360451	0.005262748803943396	0.01465200912207365	0.03542157262563705	0.009202093817293644	0.004304231144487858	0.006976552307605743	0.004304231144487858	0.01586322113871574	0.004577834624797106	0.006416598800569773	0.004304231144487858	0.004304231144487858	0.01339991856366396	0.00798474159091711	0.004304231144487858	0.004656284116208553	0.006575736682862043	0.01292081084102392	0.00701537448912859	0.009585396386682987	0.0132057648152113	0.003060246352106333	0.006282349582761526	0.004304231144487858	0.01904994994401932	0.01371345855295658	0.02280792035162449	0.003002372803166509	0.004304231144487858	0.006347899325191975	0.01314953714609146	0.005008884705603123	0.004304231144487858	0.00579114630818367	0.007472929544746876	0.01094271615147591	0.01304706837981939	0.01188140176236629	0.004304231144487858	0.007015150040388107	0.00465655792504549	0.01064601633697748
S2017t2_E30-T2a-Male	0.01661823503673077	0.0166182853281498	0.03070281073451042	0.01743099093437195	0.01873169839382172	0.0166182853281498	0.01661813445389271	0.02977506443858147	0.01661825925111771	0.01767463982105255	0.0166182853281498	0.01697036251425743	0.02026876620948315	0.02276646345853806	0.04162661358714104	0.02058109268546104	0.0166182853281498	0.02104303613305092	0.01907012425363064	0.07645225524902344	0.03070139512419701	0.03070139512419701	0.03070139512419701	0.02542002871632576	0.03070139512419701	0.03134101629257202	0.02454390190541744	0.06928718835115433	0.02029643580317497	0.04128384590148926	0.0165653433650732	0.01861497759819031	0.01965325325727463	0.01697527058422565	0.01779512315988541	0.02053070813417435	0.02609389647841454	0.04494746774435043	0.02873476222157478	0.07197404652833939	0.07197404652833939	0.07197404652833939	0.03193846344947815	0.02053070813417435	0.02315887808799744	0.04143150523304939	0.02542645856738091	0.04043411090970039	0.02765405736863613	0.01944156177341938	0.01861497759819031	0.01861497759819031	0.01861497759819031	0.0166182853281498	0.02296016924083233	0.0166182853281498	0.01908457279205322	0.0166182853281498	0.01943518221378326	0.02265514805912971	0.02118203788995743	0.03800270706415176	0.01702762208878994	0.01594337075948715	0.01861497759819031	0.01861497759819031	0.01845485530793667	0.01431074645370245	0.01861497759819031	0.01554052717983723	0.02401685155928135	0.02683576941490173	0.01977677643299103	0.03000671416521072	0.01907012425363064	0.0166182853281498	0.01445402577519417	0.0166182853281498	0.02988631650805473	0.01451133843511343	0.01861497759819031	0.0166182853281498	0.01861497759819031	0.0166182853281498	0.02001652866601944	0.0199520867317915	0.01901398785412312	0.01982990652322769	0.01653990894556046	0.01477361377328634	0.01456865016371012	0.01841001398861408	0.01543481089174747	0.01861497759819031	0.019704295322299	0.0166182853281498	0.02974159643054008	0.0166182853281498	0.0166182853281498	0.01472067274153233	0	0.01753056421875954	0.02502039447426796	0.02296739816665649	0.04558628052473068	0.04474038630723953	0.02145780064165592	0.0166182853281498	0.01784049347043037	0.03859345987439156	0.02833696082234383	0.0367828831076622	0.02501448802649975	0.0495905727148056	0.02314605750143528	0.02461018040776253	0.0510527528822422	0.01963433623313904	0.0197956059128046	0.0434875413775444	0.02105157822370529	0.0166182853281498	0.01741078868508339	0.0166182853281498	0.02666544914245605	0.01619371585547924	0.01873065158724785	0.0166182853281498	0.0166182853281498	0.02361945435404778	0.01849430799484253	0.0166182853281498	0.01697033829987049	0.01510590314865112	0.01801692508161068	0.01863125525414944	0.02189944870769978	0.01739963516592979	0.0159764364361763	0.01679191738367081	0.0166182853281498	0.02772756479680538	0.02352485433220863	0.02723539434373379	0.01591856218874454	0.0166182853281498	0.01831286586821079	0.0204582754522562	0.01732293888926506	0.0166182853281498	0.01775611005723476	0.01978698372840881	0.01784331537783146	0.02326660417020321	0.02245002426207066	0.0166182853281498	0.01863103173673153	0.01697061210870743	0.02296007052063942
S2017t2_E30-T2b-Female	0.006880568340420723	0.007114122156053782	0.02608133479952812	0.008159168064594269	0.009227536618709564	0.007114122156053782	0.006763716693967581	0.02361557818949223	0.006997345946729183	0.007820223458111286	0.007114122156053782	0.007466200273483992	0.01236501801759005	0.02932884730398655	0.05553609877824783	0.01247327588498592	0.007114122156053782	0.01664968393743038	0.007230073213577271	0.07506827265024185	0.0211972314864397	0.0211972314864397	0.0211972314864397	0.0155656086280942	0.0211972314864397	0.02218594029545784	0.0178324319422245	0.05930372700095177	0.008805475197732449	0.03246869146823883	0.0009652210283093154	0.001434668665751815	0.007742469199001789	0.0005552941001951694	0.0006148150423541665	0.006160362157970667	0.02238628454506397	0.05885695293545723	0.02050897479057312	0.06199058890342712	0.06199058890342712	0.06199058890342712	0.02333654463291168	0.006160362157970667	0.01147902850061655	0.03173676505684853	0.0159222949296236	0.0336366780102253	0.01473420113325119	0.003021583426743746	0.001434668665751815	0.001434668665751815	0.001434668665751815	0.007114122156053782	0.0134560065343976	0.007114122156053782	0.009580411016941071	0.007114122156053782	0.00958076398819685	0.01288535725325346	0.007389029953628778	0.02930443733930588	0.002721429569646716	0.003688990604132414	0.001434668665751815	0.001434668665751815	0.008213439956307411	0.003219818230718374	0.001434668665751815	0.001990037970244884	0.01416243147104979	0.01733160391449928	0.007936723530292511	0.02050254866480827	0.007230073213577271	0.007114122156053782	0.004244634881615639	0.007114122156053782	0.02850233390927315	0.004654561635106802	0.001434668665751815	0.007114122156053782	0.001434668665751815	0.007114122156053782	0.006696694064885378	0.006222603842616081	0.003644797718152404	0.007855596952140331	0.003809272311627865	0.005269451998174191	0.005064488388597965	0.001229705289006233	0.004262220114469528	0.001434668665751815	0.004450572188943624	0.007114122156053782	0.02163377776741982	0.007114122156053782	0.007114122156053782	0.002809891477227211	0.01753056421875954	0	0.01186824683099985	0.01239981781691313	0.03712132200598717	0.0354580245912075	0.008080683648586273	0.007114122156053782	0.006000442896038294	0.03129665926098824	0.01492141839116812	0.02735061571002007	0.01526895444840193	0.04019139334559441	0.01480214763432741	0.01754962280392647	0.04036406055092812	0.002803112845867872	0.01535961497575045	0.03823146969079971	0.00990969967097044	0.007114122156053782	0.009319336153566837	0.007114122156053782	0.01820605248212814	0.007154221646487713	0.009226489812135696	0.007114122156053782	0.007114122156053782	0.0160930585116148	0.0107946339994669	0.007114122156053782	0.007466176059097052	0.009035374969244003	0.01573070324957371	0.009591761976480484	0.01239528693258762	0.01601565629243851	0.004173118621110916	0.009092241525650024	0.007114122156053782	0.02150958590209484	0.01640659756958485	0.02456674352288246	0.00493509927764535	0.007114122156053782	0.008807534351944923	0.01560917310416698	0.007818776182830334	0.007114122156053782	0.008601038716733456	0.01028282102197409	0.01340235210955143	0.01585695892572403	0.01469129323959351	0.007114122156053782	0.009825041517615318	0.007466449867933989	0.01310565136373043
S2017t2_E30-T2b-Male	0.01704750768840313	0.01704755611717701	0.01633885875344276	0.01565216481685638	0.0177516620606184	0.01704755611717701	0.01704740710556507	0.01209758687764406	0.01704753190279007	0.01669460535049438	0.01704755611717701	0.01722384989261627	0.01612741686403751	0.02771704085171223	0.04542756825685501	0.01075392588973045	0.01704755611717701	0.01131896488368511	0.0178641676902771	0.08114879578351974	0.03077909722924232	0.03077909722924232	0.03077909722924232	0.02549772895872593	0.03077909722924232	0.02779687196016312	0.007373490370810032	0.04919519275426865	0.01582171767950058	0.02095070108771324	0.0116038853302598	0.01295266021043062	0.01626659370958805	0.01154657267034054	0.0121328067034483	0.01486079581081867	0.01157577987760305	0.0615689679980278	0.01481737475842237	0.0518820583820343	0.0518820583820343	0.0518820583820343	0.0315115824341774	0.01486079581081867	0.01417676173150539	0.0198685210198164	0.02444642223417759	0.04111354425549507	0.002982753794640303	0.01260355487465858	0.01295266021043062	0.01295266021043062	0.01295266021043062	0.01704755611717701	0.02198013290762901	0.01704755611717701	0.01810453645884991	0.01704755611717701	0.0184551440179348	0.02141065336763859	0.004712838679552078	0.02203822880983353	0.01335552521049976	0.0139726810157299	0.01295266021043062	0.01295266021043062	0.01814804598689079	0.01315325312316418	0.01295266021043062	0.0119234723970294	0.02303681150078773	0.02585573121905327	0.01716151088476181	0.02902667410671711	0.0178641676902771	0.01704755611717701	0.01417806930840015	0.01704755611717701	0.03458284959197044	0.0145879965275526	0.01295266021043062	0.01704755611717701	0.01295266021043062	0.01704755611717701	0.006751637905836105	0.009632356464862823	0.008457070216536522	0.007996143773198128	0.01233339868485928	0.01520288642495871	0.01499792281538248	0.0127476966008544	0.0150820380076766	0.01295266021043062	0.007417676039040089	0.01704755611717701	0.01850511692464352	0.01704755611717701	0.01704755611717701	0.01274332590401173	0.02502039447426796	0.01186824683099985	0	0.005554734729230404	0.02525307610630989	0.02429044060409069	0.007061993703246117	0.01704755611717701	0.01663453876972198	0.01954516395926476	0.02468456327915192	0.01759233698248863	0.008423871360719204	0.03043311461806297	0.007606659550219774	0.005681375041604042	0.030255526304245	0.01140790805220604	0.01364275347441435	0.02777252346277237	0.01471740286797285	0.01704755611717701	0.01317193638533354	0.01704755611717701	0.01429450232535601	0.01296496670693159	0.01880835555493832	0.01704755611717701	0.01704755611717701	0.007254756521433592	0.01967832632362843	0.01704755611717701	0.01722382567822933	0.01792271621525288	0.02286896482110023	0.01305186934769154	0.02197715267539024	0.02350548468530178	0.01340837962925434	0.01832750253379345	0.01704755611717701	0.01104933395981789	0.01887892000377178	0.03240682557225227	0.01399457640945911	0.01704755611717701	0.01582646183669567	0.01519188564270735	0.01634290255606174	0.01704755611717701	0.01544549409300089	0.01986468769609928	0.02071108482778072	0.007959648035466671	0.01006318721920252	0.01704755611717701	0.01358051598072052	0.01669522933661938	0.02198003232479095
S2017t3_E11-T3a-Female	0.0144119206815958	0.01464547403156757	0.01742961443960667	0.013133330270648	0.01675888709723949	0.01464547403156757	0.01394481305032969	0.01331749651581049	0.01452869735658169	0.01395055186003447	0.01464547403156757	0.01499755214899778	0.01407689973711967	0.02707335166633129	0.04663968831300735	0.008351841941475868	0.01464547403156757	0.009265966713428497	0.01230943482369184	0.08050510287284851	0.02872858382761478	0.02872858382761478	0.02872858382761478	0.02251319959759712	0.02872858382761478	0.02680409327149391	0.00788460299372673	0.05040732026100159	0.01108844019472599	0.02240437641739845	0.01248566433787346	0.01336727850139141	0.01662478968501091	0.01266198791563511	0.01301463320851326	0.01680142991244793	0.0124384593218565	0.06056739017367363	0.01207331940531731	0.05309418216347694	0.05309418216347694	0.05309418216347694	0.03051880747079849	0.01680142991244793	0.01476858928799629	0.02307393215596676	0.02345364727079868	0.04012076556682587	0.008420688100159168	0.01512827631086111	0.01336727850139141	0.01336727850139141	0.01336727850139141	0.01464547403156757	0.02098735794425011	0.01464547403156757	0.017111761495471	0.01464547403156757	0.01711211539804935	0.01808284036815166	0.005828252993524075	0.0190406795591116	0.009678388014435768	0.009762121364474297	0.01336727850139141	0.01336727850139141	0.01469519454985857	0.01163270696997643	0.01336727850139141	0.01204485725611448	0.02064301632344723	0.02486295811831951	0.01336649060249329	0.02803390100598335	0.01230943482369184	0.01464547403156757	0.01177598629146814	0.01464547403156757	0.0339391678571701	0.01218591351062059	0.01336727850139141	0.01464547403156757	0.01336727850139141	0.01464547403156757	0.006053529679775238	0.0116898100823164	0.009572483599185944	0.008997914381325245	0.01327784266322851	0.0128008034080267	0.01259583979845047	0.01327911764383316	0.01549665722995996	0.01336727850139141	0.008649908006191254	0.01464547403156757	0.01751234196126461	0.01464547403156757	0.01464547403156757	0.01169221196323633	0.02296739816665649	0.01239981781691313	0.005554734729230404	0	0.02810803614556789	0.02469314821064472	0.004319133702665567	0.01464547403156757	0.01107980310916901	0.0215824693441391	0.02358120866119862	0.01705289073288441	0.002869137097150087	0.02895942330360413	0.003103041555732489	0.007601795252412558	0.03146765381097794	0.01182252541184425	0.008088019676506519	0.02828363701701164	0.009162668138742447	0.01464547403156757	0.01188622042536736	0.01464547403156757	0.0113169439136982	0.01173868775367737	0.01675784215331078	0.01464547403156757	0.01464547403156757	0.006145230960100889	0.01762781105935574	0.01464547403156757	0.01499752700328827	0.01458662189543247	0.02116753719747066	0.01129671931266785	0.0199266392737627	0.02145248837769032	0.01347027625888586	0.01592542044818401	0.01464547403156757	0.01086124684661627	0.01776939071714878	0.02930306643247604	0.01364600658416748	0.01464547403156757	0.01249167416244745	0.01343556679785252	0.01535012852400541	0.01464547403156757	0.0132191926240921	0.01781417243182659	0.01802192255854607	0.005909132305532694	0.008012672886252403	0.01464547403156757	0.01152999885380268	0.01499780081212521	0.02052024938166142
S2017t3_E11-T3a-Male	0.03760633990168571	0.03760638833045959	0.03260016813874245	0.03621099516749382	0.03672540187835693	0.03760638833045959	0.03760623931884766	0.02304039336740971	0.03760636225342751	0.0370776504278183	0.03760638833045959	0.03778268396854401	0.03615889698266983	0.04581282660365105	0.06191819906234741	0.03131275624036789	0.03760638833045959	0.0318777896463871	0.03900700807571411	0.09749914705753326	0.05081057548522949	0.05081057548522949	0.05081057548522949	0.04552920907735825	0.05081057548522949	0.0467706099152565	0.02501912787556648	0.02722417935729027	0.03696455806493759	0.007817621342837811	0.03615610301494598	0.03820573538541794	0.03735607489943504	0.03656603023409843	0.03738588094711304	0.0368318147957325	0.02834497205913067	0.0780595988035202	0.03326224535703659	0.02991103753447533	0.02991103753447533	0.02991103753447533	0.04995644465088844	0.0368318147957325	0.03526624292135239	0.00820324569940567	0.04289129003882408	0.05955841019749641	0.02320866845548153	0.03550904989242554	0.03820573538541794	0.03820573538541794	0.03820573538541794	0.03760638833045959	0.04042500257492065	0.03760638833045959	0.0365494079887867	0.03760638833045959	0.03848662599921227	0.03985552117228508	0.02973229251801968	0.01249482948333025	0.03731928393244743	0.036585483700037	0.03820573538541794	0.03820573538541794	0.04011733457446098	0.03600408136844635	0.03820573538541794	0.03583214432001114	0.04148168489336967	0.04430060088634491	0.03759969770908356	0.0474715381860733	0.03900700807571411	0.03760638833045959	0.03614735975861549	0.03760638833045959	0.05232955142855644	0.03620467334985733	0.03820573538541794	0.03760638833045959	0.03820573538541794	0.03760638833045959	0.03089170157909393	0.0316033735871315	0.03347652405500412	0.02996658720076084	0.03448014706373215	0.03629064187407494	0.03626198321580887	0.03800077363848686	0.04033511132001877	0.03820573538541794	0.0326707512140274	0.03760638833045959	0.03694998472929001	0.03760638833045959	0.03760638833045959	0.03594676777720451	0.04558628052473068	0.03712132200598717	0.02525307610630989	0.02810803614556789	0	0.003943881951272488	0.03102575242519379	0.03760638833045959	0.037777379155159	0.01486077159643173	0.0495871864259243	0.0190515648573637	0.02956671267747879	0.007878013886511326	0.02816549129784107	0.02553555369377136	0.009694971144199371	0.03666098788380623	0.03478559106588364	0.01850122027099133	0.03586024418473244	0.03760638833045959	0.03549384325742722	0.03760638833045959	0.0343259796500206	0.03405272215604782	0.03883983567357063	0.03760638833045959	0.03760638833045959	0.02710893377661705	0.03970980644226074	0.03760638833045959	0.03778265789151192	0.03848154470324516	0.04307871311903	0.0334349162876606	0.04200863465666771	0.04336614161729813	0.03714074939489365	0.03888633847236633	0.03760638833045959	0.02526134252548218	0.0389104001224041	0.04912570863962173	0.03737432882189751	0.03760638833045959	0.03638529404997826	0.03505006060004234	0.03690173476934433	0.03760638833045959	0.03600432351231575	0.0398961678147316	0.04126991704106331	0.02851847931742668	0.03044623322784901	0.03760638833045959	0.03396356105804443	0.03725406154990196	0.0404249019920826
S2017t3_E16-T3b-Female	0.03599801287055016	0.03623156622052193	0.03222265467047691	0.03471935540437698	0.03623102232813835	0.03623156622052193	0.03553090617060661	0.02131662890315056	0.03611479327082634	0.03418505564332008	0.03623156622052193	0.03640786185860634	0.03513564169406891	0.04584724456071854	0.06066113337874413	0.02993793785572052	0.03623156622052193	0.03050290234386921	0.03506319597363472	0.09753363579511642	0.04978732392191887	0.04978732392191887	0.04978732392191887	0.04357193782925606	0.04978732392191887	0.04627622663974762	0.02364430949091911	0.02817861177027225	0.03302067518234253	0.006979811005294323	0.03554387018084526	0.03677589073777199	0.03791948780417442	0.03572019562125206	0.03607283905148506	0.03774567320942879	0.02732165157794952	0.076449915766716	0.03177895769476891	0.03086547181010246	0.03086547181010246	0.03086547181010246	0.0499909333884716	0.03774567320942879	0.03582965210080147	0.008883446455001831	0.04292577877640724	0.05959290266036987	0.02353846840560436	0.03607251867651939	0.03677589073777199	0.03677589073777199	0.03677589073777199	0.03623156622052193	0.04045949131250381	0.03623156622052193	0.03658389672636986	0.03623156622052193	0.03711311891674995	0.0383722223341465	0.0288864616304636	0.008551022969186306	0.03390439227223396	0.03375460579991341	0.03677589073777199	0.03677589073777199	0.03822066262364388	0.0351581834256649	0.03677589073777199	0.03510306403040886	0.04011515155434608	0.04433508589863777	0.03365588560700417	0.04750603064894676	0.03506319597363472	0.03623156622052193	0.03530146554112434	0.03623156622052193	0.0523640364408493	0.03535877540707588	0.03677589073777199	0.03623156622052193	0.03677589073777199	0.03623156622052193	0.02911173924803734	0.03263405337929726	0.03263068944215775	0.02994216047227383	0.03433890268206596	0.03544474020600319	0.03541608527302742	0.03657092526555061	0.03890526667237282	0.03677589073777199	0.03170811384916306	0.03623156622052193	0.03698447346687317	0.03623156622052193	0.03623156622052193	0.03510087355971336	0.04474038630723953	0.0354580245912075	0.02429044060409069	0.02469314821064472	0.003943881951272488	0	0.02784449979662895	0.03623156622052193	0.03436249122023582	0.01530743297189474	0.0469898134469986	0.01622062176465988	0.02562290243804455	0.006964222062379122	0.02527289837598801	0.02416073344647884	0.01117832958698273	0.03523113951086998	0.03084178455173969	0.01712639257311821	0.03191643208265305	0.03623156622052193	0.03441443666815758	0.03623156622052193	0.03178495541214943	0.03297331929206848	0.03781658411026001	0.03623156622052193	0.03623156622052193	0.02561736479401588	0.03868655860424042	0.03623156622052193	0.03640783950686455	0.03617264330387115	0.04170388728380203	0.03217920660972595	0.04098537936806679	0.04199132323265076	0.03652847558259964	0.03751152008771896	0.03623156622052193	0.02318732254207134	0.03777039796113968	0.04670005291700363	0.03652842342853546	0.03623156622052193	0.03372620046138763	0.03326726332306862	0.03552691265940666	0.03623156622052193	0.03462943062186241	0.03887291625142097	0.03872757777571678	0.02714366093277931	0.02907141484320164	0.03623156622052193	0.03294135630130768	0.03587924316525459	0.03999238461256027
S2017t3_E16-T3b-Male	0.01220414973795414	0.01243770308792591	0.0197521299123764	0.01092556118965149	0.01455111801624298	0.01243770308792591	0.01173704117536545	0.01693611964583397	0.01232092641294003	0.01185953244566917	0.01243770308792591	0.0127897821366787	0.01186913158744574	0.02556375414133072	0.0495574101805687	0.00614407192915678	0.01243770308792591	0.01032048091292381	0.01080217584967613	0.07899551093578339	0.02652081102132797	0.02652081102132797	0.02652081102132797	0.02030542865395546	0.02652081102132797	0.02459632232785225	0.01150322519242764	0.05332503467798233	0.009581182152032852	0.02555572800338268	0.008166530169546604	0.009048145264387131	0.01306604966521263	0.00834285281598568	0.008695498108863831	0.01248229667544365	0.01605707965791225	0.05835688859224319	0.01289549749344587	0.05601189285516739	0.05601189285516739	0.05601189285516739	0.02831103652715683	0.01248229667544365	0.01097621582448483	0.0259916502982378	0.02124587632715702	0.0379129983484745	0.009927946142852306	0.01080914214253426	0.009048145264387131	0.009048145264387131	0.009048145264387131	0.01243770308792591	0.01877958700060844	0.01243770308792591	0.01490399241447449	0.01243770308792591	0.01490434445440769	0.01657558232545853	0.004066305235028267	0.02264779433608055	0.006293531507253647	0.007728300057351589	0.009048145264387131	0.009048145264387131	0.01248742360621691	0.008543398231267929	0.009048145264387131	0.007842540740966797	0.01843524537980556	0.0226551853120327	0.01185923255980015	0.02582612819969654	0.01080217584967613	0.01243770308792591	0.009568216279149055	0.01243770308792591	0.03242956846952438	0.009978143498301506	0.009048145264387131	0.01243770308792591	0.009048145264387131	0.01243770308792591	0.001734396675601602	0.007370674982666969	0.005253349430859089	0.004795598331838846	0.009309159591794014	0.01059303246438503	0.01038806885480881	0.008959982544183731	0.01117752306163311	0.009048145264387131	0.004330773837864399	0.01243770308792591	0.01530457194894552	0.01243770308792591	0.01243770308792591	0.008133472874760628	0.02145780064165592	0.008080683648586273	0.007061993703246117	0.004319133702665567	0.03102575242519379	0.02784449979662895	0	0.01243770308792591	0.009572545066475868	0.02496745437383652	0.01926207542419434	0.01997060887515545	0.007188270799815655	0.03211071342229843	0.007188671268522739	0.01122041884809732	0.03438536822795868	0.007503393106162548	0.007278932258486748	0.0319022610783577	0.007655409164726734	0.01243770308792591	0.009558103978633881	0.01243770308792591	0.01201661583036184	0.009530916810035706	0.01455007120966911	0.01243770308792591	0.01243770308792591	0.009763852693140507	0.01542004197835922	0.01243770308792591	0.01278975792229176	0.01237885095179081	0.01965793967247009	0.009088950231671333	0.01771886833012104	0.01994289271533489	0.009151142090559006	0.01371764950454235	0.01243770308792591	0.01447986904531717	0.01556162349879742	0.02779346890747547	0.009560506790876389	0.01243770308792591	0.01028390415012836	0.01192596927285194	0.01314235851168633	0.01243770308792591	0.01101142354309559	0.01560640148818493	0.01651232317090034	0.009527754969894886	0.008362088352441788	0.01243770308792591	0.009322229772806168	0.01279003173112869	0.0183124803006649
S2017t3_E17-T3a-Female	0.0002335539174964651	0	0.02674708142876625	0.001512217451818287	0.002113415161147714	0	0.0007006616797298193	0.0201223399490118	0.0001167768859886564	0.002808386692777276	0	0.0003520778845995665	0.005951754748821259	0.0240836888551712	0.057363361120224	0.006293631624430418	0	0.0111708976328373	0.004671077709645033	0.07099121063947678	0.01408311631530523	0.01408311631530523	0.01408311631530523	0.009736164472997189	0.01408311631530523	0.01530544273555279	0.01258726231753826	0.0602494515478611	0.006363295949995518	0.03330395370721817	0.006148901768028736	0.008198535069823265	0.00923681166023016	0.006558828521519899	0.007378681562840939	0.01011426467448473	0.01737473718822002	0.05980267748236656	0.01666523888707161	0.06293631345033646	0.06293631345033646	0.06293631345033646	0.01645604521036148	0.01011426467448473	0.01344061084091663	0.03415684029459953	0.008808179758489132	0.02722342126071453	0.0200303103774786	0.009025119245052338	0.008198535069823265	0.008198535069823265	0.008198535069823265	0	0.006341889500617981	0	0.002466290490701795	0	0.003167304443195462	0.009275159798562527	0.01251102704554796	0.02896497398614883	0.006611179560422897	0.005059659015387297	0.008198535069823265	0.008198535069823265	0.008473385125398636	0.003894304390996695	0.008198535069823265	0.005124084651470184	0.008800193667411804	0.01021748967468739	0.005377728957682848	0.0133884334936738	0.004671077709645033	0	0.00286948774009943	0	0.0234907940030098	0.002459560753777623	0.008198535069823265	0	0.008198535069823265	0	0.01099643297493458	0.01023381762206554	0.009295717813074589	0.01046072226017714	0.0061234668828547	0.001844670623540878	0.002049633767455816	0.007993572391569614	0.01102608721703291	0.008198535069823265	0.01033511199057102	0	0.01545413956046104	0	0	0.004304231144487858	0.0166182853281498	0.007114122156053782	0.01704755611717701	0.01464547403156757	0.03760638833045959	0.03623156622052193	0.01243770308792591	0	0.00520019605755806	0.03078987449407578	0.02062724530696869	0.03006137907505035	0.01341086346656084	0.04055283218622208	0.01154243294149637	0.01207083649933338	0.04377808794379234	0.009566979482769966	0.01350152399390936	0.0355561152100563	0.007584339939057827	0	0.01039924565702677	0	0.01459591928869486	0.00466378778219223	0.002112368820235133	0	0	0.01061420608311892	0.004967603832483292	0	0.0003520532627590001	0.004140399396419525	0.01048553548753262	0.005461620166897774	0.005281168967485428	0.01100410800427198	0.007364477962255478	0.00244535761885345	0	0.01854305900633335	0.0104605108499527	0.02305924333631992	0.007306605111807585	0	0.003562110010534525	0.01252805255353451	0.0007046543760225177	0	0.002130461158230901	0.003168701194226742	0.009208221919834614	0.01014455314725637	0.008745267987251282	0	0.005227793008089066	0.0003523271880112588	0.006808997597545385
S2017t3_E30-T3b-Female	0.004966642241925001	0.00520019605755806	0.02726847678422928	0.006245240103453398	0.007313610054552555	0.00520019605755806	0.004499535076320171	0.02193548530340195	0.005083419382572174	0.004505273886024952	0.00520019605755806	0.00555227417498827	0.01045109331607819	0.02764855697751045	0.05630903691053391	0.01055935025215149	0.00520019605755806	0.01485257595777512	0.001229629968293011	0.07397206872701645	0.01928330399096012	0.01928330399096012	0.01928330399096012	0.01306792255491018	0.01928330399096012	0.02027201093733311	0.01615213975310326	0.06007666513323784	0.002921832026913762	0.0320737212896347	0.006086289882659912	0.006967904046177864	0.01022541429847479	0.006262612529098988	0.006615258287638426	0.01040205545723438	0.02082281000912189	0.05998029559850693	0.01719402521848679	0.0627635270357132	0.0627635270357132	0.0627635270357132	0.02142261527478695	0.01040205545723438	0.01419560797512531	0.03397742658853531	0.01400836929678917	0.03172275051474571	0.01950048841536045	0.008728900924324989	0.006967904046177864	0.006967904046177864	0.006967904046177864	0.00520019605755806	0.01154208183288574	0.00520019605755806	0.007666485384106636	0.00520019605755806	0.007666837424039841	0.008402888663113117	0.01221481058746576	0.02634039521217346	0.003279013559222221	0.002778660738840699	0.006967904046177864	0.006967904046177864	0.008060818538069725	0.005116514395922422	0.006967904046177864	0.005645482800900936	0.01119773834943771	0.01541767828166485	0.002286686096340418	0.01858862116932869	0.001229629968293011	0.00520019605755806	0.004675707314163446	0.00520019605755806	0.02693885937333107	0.004499384202063084	0.006967904046177864	0.00520019605755806	0.006967904046177864	0.00520019605755806	0.009882902726531029	0.01040480844676495	0.00899950135499239	0.01098211947828531	0.006878468208014965	0.00423490023240447	0.004323062021285295	0.006879742722958326	0.009795454330742359	0.006967904046177864	0.009922093711793423	0.00520019605755806	0.01971985027194023	0.00520019605755806	0.00520019605755806	0.005292837042361498	0.01784049347043037	0.006000442896038294	0.01663453876972198	0.01107980310916901	0.037777379155159	0.03436249122023582	0.009572545066475868	0.00520019605755806	0	0.03142812103033066	0.01822909340262413	0.0277800802141428	0.009268511086702347	0.03862876817584038	0.01113694161176682	0.01575251296162605	0.04254745692014694	0.008336348459124565	0.009359173476696014	0.03783617168664932	0.003909257240593433	0.00520019605755806	0.01092074438929558	0.00520019605755806	0.01465759985148907	0.006353305652737617	0.007312564179301262	0.00520019605755806	0.00520019605755806	0.01417913194745779	0.008880706503987312	0.00520019605755806	0.005552249029278755	0.006537686567753553	0.01405041106045246	0.007794653065502644	0.01048136129975319	0.014452182687819	0.007769073825329542	0.007178314495831728	0.00520019605755806	0.01947923377156258	0.01449267193675041	0.02335411496460438	0.007944804616272449	0.00520019605755806	0.005959594156593084	0.0140458308160305	0.005904850549995899	0.00520019605755806	0.006687111686915159	0.008368895389139652	0.0106711620464921	0.01394303422421217	0.0127773666754365	0.00520019605755806	0.008027933537960052	0.005552523303776979	0.01107497327029705
S2017t3F_E11-T3b-Female	0.0306730717420578	0.03078987449407578	0.02443356066942215	0.02927772887051105	0.02973310276865959	0.03078987449407578	0.03067297115921974	0.01575555466115475	0.03067309781908989	0.03014438226819038	0.03078987449407578	0.03096616640686989	0.02934238128364086	0.03283172100782394	0.05883020162582397	0.02449623867869377	0.03078987449407578	0.02506127581000328	0.03265774995088577	0.08293143659830093	0.04206043481826782	0.04206043481826782	0.04206043481826782	0.03666231408715248	0.04206043481826782	0.03802046552300453	0.01820261031389236	0.0420849472284317	0.0306152980774641	0.008327621035277843	0.03044819459319115	0.0324978269636631	0.02402136474847794	0.0308581180870533	0.0316779725253582	0.0252530500292778	0.02082531899213791	0.07497160136699677	0.01857777871191502	0.04477180913090706	0.04477180913090706	0.04477180913090706	0.03538873791694641	0.0252530500292778	0.02063903771340847	0.008416305296123028	0.02832357957959175	0.04499069973826408	0.01679610274732113	0.02839182689785957	0.0324978269636631	0.0324978269636631	0.0324978269636631	0.03078987449407578	0.02585729211568832	0.03078987449407578	0.02832358330488205	0.03078987449407578	0.03102600574493408	0.03256800770759583	0.02402438409626484	0.01637431792914867	0.03079371526837349	0.03005991876125336	0.0324978269636631	0.0324978269636631	0.03312456235289574	0.02901125699281693	0.0324978269636631	0.02942337840795517	0.02679722011089325	0.02973288670182228	0.03125043585896492	0.03290383145213127	0.03265774995088577	0.03078987449407578	0.02915453538298607	0.03078987449407578	0.03776183724403381	0.02921184897422791	0.0324978269636631	0.03078987449407578	0.0324978269636631	0.03078987449407578	0.02495022490620613	0.0251908078789711	0.02776861563324928	0.02355781942605972	0.02760414034128189	0.02929781749844551	0.02926916256546974	0.03229286149144173	0.03462719917297363	0.0324978269636631	0.02696284465491772	0.03078987449407578	0.02238227427005768	0.03078987449407578	0.03078987449407578	0.02895394340157509	0.03859345987439156	0.03129665926098824	0.01954516395926476	0.0215824693441391	0.01486077159643173	0.01530743297189474	0.02496745437383652	0.03078987449407578	0.03142812103033066	0	0.04376251995563507	0.01311008259654045	0.02321745455265045	0.02227158099412918	0.02134902589023113	0.01871903613209724	0.02437943406403065	0.03095307387411594	0.0284363366663456	0.01820927113294601	0.0295109860599041	0.03078987449407578	0.02838426828384399	0.03078987449407578	0.02545908838510513	0.0269431434571743	0.03184753656387329	0.03078987449407578	0.03078987449407578	0.02017566561698914	0.0327175073325634	0.03078987449407578	0.0309661403298378	0.03154827654361725	0.03626219555735588	0.02650164812803268	0.03343427553772926	0.03654962405562401	0.03096559643745422	0.03206982091069221	0.03078987449407578	0.01797650940716267	0.03039507381618023	0.04370690882205963	0.0307319387793541	0.03078987449407578	0.02945202589035034	0.02811679616570473	0.03008521720767021	0.03078987449407578	0.02918780408799648	0.03237651661038399	0.03433664888143539	0.02170196548104286	0.02362971939146519	0.03078987449407578	0.02714704722166061	0.03043754398822784	0.02574044093489647
S2017t3F_E14-T3a-Female	0.02039369195699692	0.02062724530696869	0.03601599112153053	0.02132318913936615	0.02274066023528576	0.02062724530696869	0.01992658153176308	0.03488745167851448	0.02051046676933765	0.02051608078181744	0.02062724530696869	0.02097932063043118	0.02398714609444141	0.04013523086905479	0.06622574478387833	0.02493914030492306	0.02062724530696869	0.02665077894926071	0.01945872418582439	0.06143132597208023	0.0347103513777256	0.0347103513777256	0.0347103513777256	0.02849497087299824	0.0347103513777256	0.03534996882081032	0.03029829449951649	0.07165282964706421	0.02080182731151581	0.04435079544782639	0.01500726491212845	0.0158888790756464	0.02125559188425541	0.01518358755856752	0.01553623285144567	0.01967348344624043	0.03429897874593735	0.06989699602127075	0.03215757384896278	0.07433968782424927	0.07433968782424927	0.07433968782424927	0.03259559720754623	0.01967348344624043	0.02429397776722908	0.04431943595409393	0.0294354185461998	0.01999973133206367	0.02755050174891949	0.01764987781643867	0.0158888790756464	0.0158888790756464	0.0158888790756464	0.02062724530696869	0.02696913108229637	0.02062724530696869	0.02309353463351727	0.02062724530696869	0.02309388667345047	0.0200837105512619	0.02008852735161781	0.04048582911491394	0.01495007984340191	0.01638484932482243	0.0158888790756464	0.0158888790756464	0.01232842728495598	0.01673294045031071	0.0158888790756464	0.01550315972417593	0.02685829065740108	0.03084472566843033	0.02051577903330326	0.03401567041873932	0.01945872418582439	0.02062724530696869	0.01775775663554668	0.02062724530696869	0.03709276020526886	0.01816768385469913	0.0158888790756464	0.02062724530696869	0.0158888790756464	0.02062724530696869	0.01881230250000954	0.01903755217790604	0.01722230389714241	0.02032145857810974	0.01732239499688148	0.01878257468342781	0.01857760921120644	0.01580071821808815	0.0169119443744421	0.0158888790756464	0.01779580861330032	0.02062724530696869	0.03409963846206665	0.02062724530696869	0.02062724530696869	0.01632301323115826	0.02833696082234383	0.01492141839116812	0.02468456327915192	0.02358120866119862	0.0495871864259243	0.0469898134469986	0.01926207542419434	0.02062724530696869	0.01822909340262413	0.04376251995563507	0	0.03076919168233871	0.02645034715533257	0.05137278512120247	0.02645074762403965	0.03001548536121845	0.05271316692233086	0.01690823771059513	0.0254346989095211	0.03559025749564171	0.02144017815589905	0.02062724530696869	0.01925399340689182	0.02062724530696869	0.02985465340316296	0.01996917277574539	0.02273961342871189	0.02062724530696869	0.02062724530696869	0.02855892106890678	0.02192211151123047	0.02062724530696869	0.02097929641604424	0.01896741986274719	0.02566536143422127	0.02240671031177044	0.02590841054916382	0.02595031633973122	0.01530060078948736	0.0202197190374136	0.02062724530696869	0.03272178396582603	0.02718499302864075	0.0338008813560009	0.01606258004903793	0.02062724530696869	0.02115430869162083	0.02531033009290695	0.02133189886808395	0.02062724530696869	0.02176505886018276	0.02379594184458256	0.02251974679529667	0.02832282334566116	0.02715715579688549	0.02062724530696869	0.02263999171555042	0.02097957022488117	0.02650202251970768
S2017t3F_E16-T3a-Female	0.02982782572507858	0.03006137907505035	0.02420880831778049	0.02854922413825989	0.03217479586601257	0.03006137907505035	0.02936071716248989	0.0158877968788147	0.02994460240006447	0.0298334639519453	0.03006137907505035	0.03041345812380314	0.02864907309412956	0.04123792052268982	0.05521243810653687	0.0237677488476038	0.03006137907505035	0.02242117561399937	0.02900971099734306	0.08548098802566528	0.04414448514580727	0.04414448514580727	0.04414448514580727	0.03792910277843475	0.04414448514580727	0.04221999645233154	0.01747411489486694	0.04158444702625275	0.02767190150916576	0.01369835622608662	0.02743646316230297	0.02855168096721172	0.03227649256587029	0.02761278487741947	0.02796543203294277	0.03175223246216774	0.02112571522593498	0.07147064059972763	0.02795623429119587	0.0442713089287281	0.0442713089287281	0.0442713089287281	0.0420297309756279	0.03175223246216774	0.03018665872514248	0.01419375650584698	0.03886954858899117	0.04754026234149933	0.01754508167505264	0.0300790760666132	0.02855168096721172	0.02855168096721172	0.02855168096721172	0.03006137907505035	0.03640326112508774	0.03006137907505035	0.03252767026424408	0.03006137907505035	0.03252802416682243	0.02940109185874462	0.02077905088663101	0.01493437774479389	0.0262641403824091	0.02623115293681622	0.02855168096721172	0.02855168096721172	0.02246729470789433	0.02740122564136982	0.02855168096721172	0.02722929045557976	0.0361756719648838	0.04027885943651199	0.02983316220343113	0.04344980046153069	0.02900971099734306	0.03006137907505035	0.02754450589418411	0.03006137907505035	0.04701600223779678	0.0276018176227808	0.02855168096721172	0.03006137907505035	0.02855168096721172	0.03006137907505035	0.02100432850420475	0.02664060704410076	0.02452328242361546	0.02418234758079052	0.02869591116905212	0.02821670845150948	0.02801174484193325	0.0283467173576355	0.03012790344655514	0.02855168096721172	0.02360070683062077	0.03006137907505035	0.03292825073003769	0.03006137907505035	0.03006137907505035	0.02734391391277313	0.0367828831076622	0.02735061571002007	0.01759233698248863	0.01705289073288441	0.0190515648573637	0.01622062176465988	0.01997060887515545	0.03006137907505035	0.0277800802141428	0.01311008259654045	0.03076919168233871	0	0.01956941373646259	0.02083720080554485	0.01933621056377888	0.02010450512170792	0.02299740165472031	0.02700692974030972	0.02423514053225517	0.01249136030673981	0.02586294524371624	0.03006137907505035	0.02669418789446354	0.03006137907505035	0.0274333618581295	0.02715459279716015	0.03217374905943871	0.03006137907505035	0.03006137907505035	0.02156113646924496	0.03219998255372047	0.03006137907505035	0.03041343204677105	0.02915877662599087	0.03504153713583946	0.02671262435615063	0.03534254431724548	0.03497740253806114	0.02769415825605392	0.0304975900799036	0.03006137907505035	0.01699133031070232	0.03234156593680382	0.04073344543576241	0.02810352295637131	0.03006137907505035	0.02790758199989796	0.02730956673622131	0.03076603263616562	0.03006137907505035	0.02863508462905884	0.03323007747530937	0.03259409219026566	0.02132503874599934	0.02342857979238033	0.03006137907505035	0.02694590575993061	0.03041370585560799	0.0359361544251442
S2017t3F_E19-T3a-Female	0.01317730918526649	0.01341086346656084	0.0197698287665844	0.01189872063696384	0.01552427746355534	0.01341086346656084	0.01271020248532295	0.01266697328537703	0.01329408679157495	0.01271594129502773	0.01341086346656084	0.01376294158399105	0.01284229010343552	0.02607237547636032	0.04792205989360809	0.007117231376469135	0.01341086346656084	0.008148174732923508	0.009440296329557896	0.08008822053670883	0.02749397233128548	0.02749397233128548	0.02749397233128548	0.02127858996391296	0.02749397233128548	0.02556948363780975	0.006883627735078335	0.05080815404653549	0.00821930356323719	0.0238630548119545	0.01535480190068483	0.01623641513288021	0.01949392631649971	0.01553112454712391	0.01588376984000206	0.01967056654393673	0.01155430264770985	0.06096822395920753	0.01083870884031057	0.05349501594901085	0.05349501594901085	0.05349501594901085	0.02928419783711433	0.01967056654393673	0.01763772591948509	0.02576676197350025	0.02221903577446938	0.03888615965843201	0.01128982380032539	0.01799741201102734	0.01623641513288021	0.01623641513288021	0.01623641513288021	0.01341086346656084	0.01975274831056595	0.01341086346656084	0.01587715186178684	0.01341086346656084	0.01587750390172005	0.01626447029411793	0.0086973886936903	0.01920794509351254	0.01254752557724714	0.01204717252403498	0.01623641513288021	0.01623641513288021	0.0169802438467741	0.01438502594828606	0.01623641513288021	0.01491399388760328	0.01940840482711792	0.0236283466219902	0.01049735303968191	0.02679928950965405	0.009440296329557896	0.01341086346656084	0.01394421886652708	0.01341086346656084	0.03305501118302345	0.01376789622008801	0.01623641513288021	0.01341086346656084	0.01623641513288021	0.01341086346656084	0.008922667242586613	0.01455894485116005	0.01244162023067474	0.01186705101281404	0.01614698022603989	0.0135034117847681	0.01359157357364893	0.01614825427532196	0.01836579479277134	0.01623641513288021	0.01151904556900263	0.01341086346656084	0.01627773232758045	0.01341086346656084	0.01341086346656084	0.01456134859472513	0.02501448802649975	0.01526895444840193	0.008423871360719204	0.002869137097150087	0.02956671267747879	0.02562290243804455	0.007188270799815655	0.01341086346656084	0.009268511086702347	0.02321745455265045	0.02645034715533257	0.01956941373646259	0	0.02936025708913803	0.001868431223556399	0.006484002806246281	0.03433679044246674	0.01469166297465563	0.005218881648033857	0.02856765314936638	0.00629353104159236	0.01341086346656084	0.01475535705685616	0.01341086346656084	0.01008233428001404	0.01267493143677711	0.01552323158830404	0.01341086346656084	0.01341086346656084	0.004910620395094156	0.01674581505358219	0.01341086346656084	0.01376291643828154	0.01335201133042574	0.02016656100749969	0.01106046326458454	0.0186920277774334	0.02056833170354366	0.01633941382169724	0.01469080988317728	0.01341086346656084	0.01038703136146069	0.01653478108346462	0.02947026304900646	0.01651514321565628	0.01341086346656084	0.01125706359744072	0.0133139668032527	0.01411551795899868	0.01341086346656084	0.01216088980436325	0.01657956279814243	0.01678731292486191	0.004674522206187248	0.00677806232124567	0.01341086346656084	0.01129374466836452	0.01376319024711847	0.01928563974797726
S2017t3F_E19-T3b-Female	0.04031927883625031	0.04055283218622208	0.03748337551951408	0.03904068842530251	0.0426662489771843	0.04055283218622208	0.03985217213630676	0.02722298912703991	0.04043605551123619	0.03985791280865669	0.04055283218622208	0.04090491309762001	0.03998426347970963	0.05228253826498985	0.06364775449037552	0.03425920009613037	0.04055283218622208	0.03482424095273018	0.03880055248737335	0.1039688661694527	0.05463593825697899	0.05463593825697899	0.05463593825697899	0.04842055961489677	0.05463593825697899	0.05271145701408386	0.02796557359397411	0.02144789509475231	0.03757955878973007	0.01394395902752876	0.04027724266052246	0.04115885496139526	0.04488363489508629	0.04045356437563896	0.04080620780587196	0.04459300637245178	0.03217034041881561	0.0792580246925354	0.03798068314790726	0.02413475513458252	0.02413475513458252	0.02413475513458252	0.05642616003751755	0.04459300637245178	0.04279380291700363	0.01573084853589535	0.04936100542545319	0.06602813303470612	0.03038587048649788	0.04291985183954239	0.04115885496139526	0.04115885496139526	0.04115885496139526	0.04055283218622208	0.04689471796154976	0.04055283218622208	0.0430191233754158	0.04055283218622208	0.04301947355270386	0.04457395896315575	0.03361982852220535	0.01228837575763464	0.03817067295312881	0.03837129101157188	0.04115885496139526	0.04115885496139526	0.04307085648179054	0.04000836983323097	0.04115885496139526	0.03983643278479576	0.04655037447810173	0.05077031254768372	0.03985761106014252	0.05394125729799271	0.03880055248737335	0.04055283218622208	0.04015164822340012	0.04055283218622208	0.05879926308989525	0.04020896181464195	0.04115885496139526	0.04055283218622208	0.04115885496139526	0.04055283218622208	0.03384510800242424	0.03948138654232025	0.03736406192183495	0.03678949177265167	0.04130305349826813	0.04029493033885956	0.04026627540588379	0.04107069224119186	0.04328823089599609	0.04115885496139526	0.03644148632884026	0.04055283218622208	0.04341970384120941	0.04055283218622208	0.04055283218622208	0.03995105624198914	0.0495905727148056	0.04019139334559441	0.03043311461806297	0.02895942330360413	0.007878013886511326	0.006964222062379122	0.03211071342229843	0.04055283218622208	0.03862876817584038	0.02227158099412918	0.05137278512120247	0.02083720080554485	0.02936025708913803	0	0.02936065942049026	0.03059595823287964	0.004976533353328705	0.03961410373449326	0.03457913547754288	0.02144766598939896	0.03565378859639168	0.04055283218622208	0.04014506936073303	0.04055283218622208	0.03745780885219574	0.03923281282186508	0.04266520217061043	0.04055283218622208	0.04055283218622208	0.03205259144306183	0.04388778656721115	0.04055283218622208	0.04090488702058792	0.04049397632479668	0.04637672379612923	0.03808561712503433	0.04583399742841721	0.04631258547306061	0.04126185551285744	0.04183278232812881	0.04055283218622208	0.02821224741637707	0.04367676004767418	0.05102138966321945	0.04155440255999565	0.04055283218622208	0.03839903697371483	0.0391736775636673	0.04125748947262764	0.04055283218622208	0.03930285573005676	0.04372153431177139	0.04392928257584572	0.03181649371981621	0.0339200347661972	0.04055283218622208	0.03831889852881432	0.04090516269207001	0.04642761126160622
S2017t3F_E23-T3b-Female	0.01130887866020203	0.01154243294149637	0.01801820285618305	0.0100302891805768	0.01365584693849087	0.01154243294149637	0.01084177009761333	0.01079853996634483	0.01142565533518791	0.01084750890731812	0.01154243294149637	0.01189451012760401	0.01097385957837105	0.02420394867658615	0.04792246222496033	0.005248799920082092	0.01154243294149637	0.006279741879552603	0.01130872871726751	0.07821979373693466	0.02562554366886616	0.02562554366886616	0.02562554366886616	0.0194101594388485	0.02562554366886616	0.02370105683803558	0.005015196744352579	0.05080855265259743	0.009970933198928833	0.02292903885245323	0.01418718229979277	0.0162368156015873	0.01762549765408039	0.01459710951894522	0.01541696302592754	0.01815254613757133	0.009685871191322803	0.06061821803450584	0.008970282040536404	0.05349541455507278	0.05349541455507278	0.05349541455507278	0.02741577103734016	0.01815254613757133	0.01576929911971092	0.02471594698727131	0.02035060524940491	0.03701772913336754	0.01058941520750523	0.01706339977681637	0.0162368156015873	0.0162368156015873	0.0162368156015873	0.01154243294149637	0.01788431778550148	0.01154243294149637	0.01400872133672237	0.01154243294149637	0.01400907337665558	0.01544690784066916	0.007763373665511608	0.01955860108137131	0.01254792604595423	0.01111315656453371	0.0162368156015873	0.0162368156015873	0.01511181332170963	0.01251659542322159	0.0162368156015873	0.01316236518323421	0.0175399761646986	0.02175991609692574	0.01201537903398275	0.02493086270987988	0.01130872871726751	0.01154243294149637	0.01207578834146261	0.01154243294149637	0.03118658438324928	0.01189946569502354	0.0162368156015873	0.01154243294149637	0.0162368156015873	0.01154243294149637	0.008105454035103321	0.01315772533416748	0.01150760427117348	0.01011542323976755	0.01427854970097542	0.01163498125970364	0.01172314211726189	0.01603185199201107	0.01836619339883327	0.0162368156015873	0.01070183236151934	0.01154243294149637	0.01440930273383856	0.01154243294149637	0.01154243294149637	0.01269291806966066	0.02314605750143528	0.01480214763432741	0.007606659550219774	0.003103041555732489	0.02816549129784107	0.02527289837598801	0.007188671268522739	0.01154243294149637	0.01113694161176682	0.02134902589023113	0.02645074762403965	0.01933621056377888	0.001868431223556399	0.02936065942049026	0	0.004615571349859238	0.03433719277381897	0.01469206437468529	0.0070873131044209	0.02669922262430191	0.008161962032318115	0.01154243294149637	0.01288692466914654	0.01154243294149637	0.008213905617594719	0.0108064990490675	0.013654800131917	0.01154243294149637	0.01154243294149637	0.003042189637199044	0.01487738452851772	0.01154243294149637	0.01189448591321707	0.01148357894271612	0.01829813048243523	0.009192032739520073	0.01682359725236893	0.01869990117847919	0.01470458600670099	0.01282237842679024	0.01154243294149637	0.008518600836396217	0.01466635055840015	0.02795223705470562	0.01464671269059181	0.01154243294149637	0.009388633072376251	0.01144553534686565	0.01224708650261164	0.01154243294149637	0.01029245834797621	0.01471113134175539	0.01491888053715229	0.002806091215461493	0.004909631796181202	0.01154243294149637	0.009425312280654907	0.011894759722054	0.01741720922291279
S2017t3F_E30-T3a-Female	0.01207078620791435	0.01207083649933338	0.01733088493347168	0.01067544613033533	0.01207028701901436	0.01207083649933338	0.01207068562507629	0.008580371737480164	0.01207081135362387	0.01247651502490044	0.01207083649933338	0.01224712934345007	0.01097491011023521	0.02226929366588593	0.04740648716688156	0.005777205340564251	0.01207083649933338	0.006342241540551186	0.01592429913580418	0.07686914503574371	0.02562659792602062	0.02562659792602062	0.02562659792602062	0.0204620324075222	0.02562659792602062	0.02211550064384937	0.002630389062687755	0.05029257386922836	0.01388185191899538	0.02123311534523964	0.01658440195024014	0.01863403432071209	0.01755834929645061	0.01699432730674744	0.01781418174505234	0.01843580231070518	0.006890513468533754	0.06266634911298752	0.01065442804247141	0.05297943949699402	0.05297943949699402	0.05297943949699402	0.0258302167057991	0.01843580231070518	0.0159357562661171	0.02208600752055645	0.01876505091786385	0.03543217852711678	0.007959475740790367	0.01734665594995022	0.01863403432071209	0.01863403432071209	0.01863403432071209	0.01207083649933338	0.01629875972867012	0.01207083649933338	0.01242316234856844	0.01207083649933338	0.0133026409894228	0.01794851571321487	0.01016059424728155	0.02150016836822033	0.01704667881131172	0.01549515873193741	0.01863403432071209	0.01863403432071209	0.01855980046093464	0.01432980410754681	0.01863403432071209	0.01555958390235901	0.01793945394456387	0.02017435990273952	0.01451698783785105	0.02334530465304852	0.01592429913580418	0.01207083649933338	0.01330498792231083	0.01207083649933338	0.02936872839927673	0.01289506070315838	0.01863403432071209	0.01207083649933338	0.01863403432071209	0.01207083649933338	0.01120318565517664	0.01344098150730133	0.01390482485294342	0.01039868034422398	0.01444500405341387	0.0122801698744297	0.01248513348400593	0.01842907257378101	0.02076341398060322	0.01863403432071209	0.01309905108064413	0.01207083649933338	0.0128237484022975	0.01207083649933338	0.01207083649933338	0.01473973132669926	0.02461018040776253	0.01754962280392647	0.005681375041604042	0.007601795252412558	0.02553555369377136	0.02416073344647884	0.01122041884809732	0.01207083649933338	0.01575251296162605	0.01871903613209724	0.03001548536121845	0.02010450512170792	0.006484002806246281	0.03059595823287964	0.004615571349859238	0	0.03382121399044991	0.01708928495645523	0.01170288491994143	0.02559923380613327	0.01277753338217735	0.01207083649933338	0.01452040951699018	0.01207083649933338	0.01089402940124273	0.01074309274554253	0.01365585159510374	0.01207083649933338	0.01207083649933338	0.001573382061906159	0.01487843599170446	0.01207083649933338	0.01224710512906313	0.0135300075635314	0.0181258637458086	0.00901450589299202	0.01682464964687824	0.01899600401520729	0.01710180565714836	0.01335078198462725	0.01207083649933338	0.00805883202701807	0.01372641790658236	0.0310511402785778	0.01686814613640308	0.01207083649933338	0.01143375039100647	0.01208679098635912	0.01136618200689554	0.01207083649933338	0.01064507942646742	0.01471218280494213	0.01678558252751827	0.002982927020639181	0.004910682793706656	0.01207083649933338	0.009309547021985054	0.01171850971877575	0.01629866100847721
S2017t3M_E11-T3b-Male	0.04377803951501846	0.04377808794379234	0.03876924887299538	0.04238269478082657	0.04589150473475456	0.04377808794379234	0.0437779389321804	0.03114875592291355	0.04377806186676025	0.0448344461619854	0.04377808794379234	0.04413016512989998	0.04320951551198959	0.05550779774785042	0.06389012187719345	0.03748445957899094	0.04377808794379234	0.03804949671030045	0.04377708584070206	0.1071941182017326	0.05786120146512985	0.05786120146512985	0.05786120146512985	0.05257983505725861	0.05786120146512985	0.05593670904636383	0.03119082748889923	0.01893966645002365	0.04255608841776848	0.01704538427293301	0.04045010358095169	0.0401635430753231	0.04564058780670166	0.04039279371500015	0.04027817025780678	0.04511632397770882	0.03539559245109558	0.08073238283395767	0.04295721277594566	0.02162652648985386	0.02162652648985386	0.02162652648985386	0.05965141579508781	0.04511632397770882	0.0435507521033287	0.01596320234239101	0.05258626490831375	0.06925338506698608	0.03009146265685558	0.04285908117890358	0.0401635430753231	0.0401635430753231	0.0401635430753231	0.04377808794379234	0.05011997371912003	0.04377808794379234	0.04624437913298607	0.04377808794379234	0.04659498482942581	0.04955049231648445	0.03355906158685684	0.01726491004228592	0.04067890346050262	0.0408795177936554	0.0401635430753231	0.0401635430753231	0.04487857595086098	0.04076531901955605	0.0401635430753231	0.04059338569641113	0.05117665976285934	0.05399557203054428	0.04483414441347122	0.05716651678085327	0.04377708584070206	0.04377808794379234	0.04090860113501549	0.04377808794379234	0.06202452257275581	0.04131852835416794	0.0401635430753231	0.04377808794379234	0.0401635430753231	0.04377808794379234	0.03506893664598465	0.03988788649439812	0.03730329126119614	0.03754644095897675	0.0420600026845932	0.04193341732025146	0.04172845557332039	0.04019220173358917	0.04229291900992393	0.0401635430753231	0.03626389801502228	0.04377808794379234	0.04664495587348938	0.04377808794379234	0.04377808794379234	0.04070800915360451	0.0510527528822422	0.04036406055092812	0.030255526304245	0.03146765381097794	0.009694971144199371	0.01117832958698273	0.03438536822795868	0.04377808794379234	0.04254745692014694	0.02437943406403065	0.05271316692233086	0.02299740165472031	0.03433679044246674	0.004976533353328705	0.03433719277381897	0.03382121399044991	0	0.0386187955737114	0.03955566883087158	0.02467291802167892	0.04063032194972038	0.04377808794379234	0.0411355197429657	0.04377808794379234	0.04243434220552444	0.04110480472445488	0.04589045792818069	0.04377808794379234	0.04377808794379234	0.03539459779858589	0.0467604286968708	0.04377808794379234	0.04413013905286789	0.04465324804186821	0.04960198327898979	0.04066284000873566	0.04905925318598747	0.04953784123063087	0.04190199077129364	0.04505803436040878	0.04377808794379234	0.03231196105480194	0.04701876267790794	0.05529741197824478	0.04231135547161102	0.04377808794379234	0.04290856048464775	0.04245376586914062	0.04448274150490761	0.04377808794379234	0.04235180467367172	0.04694678634405136	0.04832205548882484	0.03504174947738647	0.03714528679847717	0.04377808794379234	0.04066261649131775	0.04413041472434998	0.05011987313628197
S2017t3M_E16-T3a-Male	0.009566929191350937	0.009566979482769966	0.02562099695205688	0.00817159004509449	0.01168039441108704	0.009566979482769966	0.009566828608512878	0.02350549772381783	0.009566954337060452	0.01062333583831787	0.009566979482769966	0.009919058531522751	0.01190468017011881	0.02886850945651531	0.05379083007574081	0.01201293803751469	0.009566979482769966	0.01618934608995914	0.00956597737967968	0.07717204838991165	0.02365008555352688	0.02365008555352688	0.02365008555352688	0.01836872100830078	0.02365008555352688	0.0217255987226963	0.01737209036946297	0.05755846202373505	0.008344986476004124	0.03235860913991928	0.003418078646063805	0.001544751576147974	0.01019532606005669	0.003008151426911354	0.002188297919929028	0.008613218553364277	0.02192594297230244	0.05781254172325134	0.02039888873696327	0.0602453202009201	0.0602453202009201	0.0602453202009201	0.02544031292200089	0.008613218553364277	0.01101868972182274	0.03127642720937729	0.01837515272200108	0.0357404462993145	0.01415704376995564	0.005474440287798643	0.001544751576147974	0.001544751576147974	0.001544751576147974	0.009566979482769966	0.01590886525809765	0.009566979482769966	0.01203326880931854	0.009566979482769966	0.01238387636840343	0.01533938385546207	0.007284701336175203	0.02908315882086754	0.005057334899902344	0.006492102984338999	0.001544751576147974	0.001544751576147974	0.0106674674898386	0.005672675091773272	0.001544751576147974	0.004442895762622356	0.01696554385125637	0.01978446170687675	0.0106230340898037	0.0229554045945406	0.00956597737967968	0.009566979482769966	0.006697492208331823	0.009566979482769966	0.03060610592365265	0.007107418961822987	0.001544751576147974	0.009566979482769966	0.001544751576147974	0.009566979482769966	0.00694262096658349	0.006118274759501219	0.003184459172189236	0.007395257242023945	0.006262129638344049	0.007722309324890375	0.007517346180975437	0.001573407673276961	0.004199524410068989	0.001544751576147974	0.004346243105828762	0.009566979482769966	0.02117343991994858	0.009566979482769966	0.009566979482769966	0.005262748803943396	0.01963433623313904	0.002803112845867872	0.01140790805220604	0.01182252541184425	0.03666098788380623	0.03523113951086998	0.007503393106162548	0.009566979482769966	0.008336348459124565	0.03095307387411594	0.01690823771059513	0.02700692974030972	0.01469166297465563	0.03961410373449326	0.01469206437468529	0.01708928495645523	0.0386187955737114	0	0.0147823253646493	0.03777112811803818	0.009332410059869289	0.009566979482769966	0.009092501364648342	0.009566979482769966	0.01845197938382626	0.008367139846086502	0.01167934760451317	0.009566979482769966	0.009566979482769966	0.01574946939945221	0.01289840508252382	0.009566979482769966	0.009919032454490662	0.01148940157145262	0.01783447340130806	0.009364927187561989	0.0148481447249651	0.01811942644417286	0.00627689016982913	0.01119601354002953	0.009566979482769966	0.02139950357377529	0.01606301218271255	0.02702077105641365	0.007038870360702276	0.009566979482769966	0.008697452023625374	0.01549908984452486	0.01027163304388523	0.009566979482769966	0.008140700869262218	0.01273567788302898	0.01585637964308262	0.01539662107825279	0.01423095539212227	0.009566979482769966	0.009364703670144081	0.009919306263327599	0.01590876467525959
S2017t3M_E19-T3b-Male	0.01326797064393759	0.01350152399390936	0.02317038178443909	0.01198938116431236	0.01561493892222643	0.01350152399390936	0.01280086394399405	0.01733270101249218	0.01338474731892347	0.01280660275369883	0.01350152399390936	0.01385360304266214	0.01237979624420404	0.02085349336266518	0.04783140122890472	0.007207893300801516	0.01350152399390936	0.008135742507874966	0.009530957788228989	0.07907256484031677	0.027584632858634	0.027584632858634	0.027584632858634	0.02136925235390663	0.027584632858634	0.02566014416515827	0.01210250984877348	0.05602703243494034	0.008309964090585709	0.02908193692564964	0.01544546242803335	0.01632707752287388	0.01958458870649338	0.015621786005795	0.01597443222999573	0.0197612289339304	0.01411841157823801	0.05574934557080269	0.01349348016083241	0.0587138906121254	0.0587138906121254	0.0587138906121254	0.02882170304656029	0.0197612289339304	0.01772838830947876	0.0309856440871954	0.02230969816446304	0.03787050768733025	0.01650870405137539	0.018088074401021	0.01632707752287388	0.01632707752287388	0.01632707752287388	0.01350152399390936	0.01984341070055962	0.01350152399390936	0.01596781425178051	0.01350152399390936	0.01596816629171371	0.01580197550356388	0.01099615078419447	0.02371480688452721	0.01263818610459566	0.0121378330513835	0.01632707752287388	0.01632707752287388	0.01651774905622005	0.01447568740695715	0.01632707752287388	0.0150046544149518	0.01949906721711159	0.02371900714933872	0.01058801356703043	0.02688995003700256	0.009530957788228989	0.01350152399390936	0.0140348793938756	0.01350152399390936	0.03203935921192169	0.0138585576787591	0.01632707752287388	0.01350152399390936	0.01632707752287388	0.01350152399390936	0.00901332963258028	0.01464960724115372	0.01253228168934584	0.01195771154016256	0.01623764261603355	0.0135940732434392	0.01368223410099745	0.01623891666531563	0.01314691174775362	0.01632707752287388	0.01160970609635115	0.01350152399390936	0.01636839285492897	0.01350152399390936	0.01350152399390936	0.01465200912207365	0.0197956059128046	0.01535961497575045	0.01364275347441435	0.008088019676506519	0.03478559106588364	0.03084178455173969	0.007278932258486748	0.01350152399390936	0.009359173476696014	0.0284363366663456	0.0254346989095211	0.02423514053225517	0.005218881648033857	0.03457913547754288	0.0070873131044209	0.01170288491994143	0.03955566883087158	0.0147823253646493	0	0.03268022835254669	0.006384192500263453	0.01350152399390936	0.01373970787972212	0.01350152399390936	0.01238109637051821	0.01276559103280306	0.01561389211565256	0.01350152399390936	0.01350152399390936	0.01012950204312801	0.01573016494512558	0.01350152399390936	0.01385357696563005	0.01221974845975637	0.01915091276168823	0.01115112565457821	0.01878269016742706	0.01955268159508705	0.01532376278191805	0.01367515977472067	0.01350152399390936	0.01499445084482431	0.01551913470029831	0.028454614803195	0.01549949403852224	0.01350152399390936	0.01134772598743439	0.01229831762611866	0.01420617941766977	0.01350152399390936	0.01225155033171177	0.0166702251881361	0.01577166095376015	0.009893403388559818	0.009076823480427265	0.01350152399390936	0.01138440519571304	0.01385385077446699	0.01937630213797092
S2017t3M_E23-T3a-Male	0.03555606305599213	0.0355561152100563	0.03220090270042419	0.03416070342063904	0.03766953200101852	0.0355561152100563	0.03555595874786377	0.02208304032683372	0.03555608540773392	0.03661247342824936	0.0355561152100563	0.03590819239616394	0.03414380550384521	0.04617949947714806	0.06279297918081284	0.0292624793946743	0.0355561152100563	0.0273627508431673	0.038007952272892	0.08386507630348206	0.04963922500610352	0.04963922500610352	0.04963922500610352	0.04435785859823227	0.04963922500610352	0.04771474003791809	0.0229688473045826	0.04114428907632828	0.03667014464735985	0.01454787235707045	0.03726624697446823	0.03931588679552078	0.0403541624546051	0.03767617791891098	0.03849603235721588	0.04123160988092422	0.02662044763565063	0.07805284857749939	0.0348520427942276	0.04383114725351334	0.04383114725351334	0.04383114725351334	0.04752446711063385	0.04123160988092422	0.03873156011104584	0.01540075149387121	0.04436428844928741	0.0459243431687355	0.02784207090735435	0.04014246910810471	0.03931588679552078	0.03931588679552078	0.03931588679552078	0.0355561152100563	0.04189799726009369	0.0355561152100563	0.03802240639925003	0.0355561152100563	0.03837301582098007	0.03699770569801331	0.03084243461489677	0.01591197028756142	0.03772852569818497	0.03664427250623703	0.03931588679552078	0.03931588679552078	0.03215538337826729	0.03501164168119431	0.03931588679552078	0.03624142706394196	0.04295468330383301	0.04577360302209854	0.03871461004018784	0.04894454777240753	0.038007952272892	0.0355561152100563	0.03515493124723434	0.0355561152100563	0.05121892690658569	0.03521224111318588	0.03931588679552078	0.0355561152100563	0.03931588679552078	0.0355561152100563	0.03188502788543701	0.03623678535223007	0.03458666801452637	0.03319448977708817	0.03724081814289093	0.03529820591211319	0.03526955097913742	0.03911092132329941	0.04033894091844559	0.03931588679552078	0.03378089517354965	0.0355561152100563	0.03842298686504364	0.0355561152100563	0.0355561152100563	0.03542157262563705	0.0434875413775444	0.03823146969079971	0.02777252346277237	0.02828363701701164	0.01850122027099133	0.01712639257311821	0.0319022610783577	0.0355561152100563	0.03783617168664932	0.01820927113294601	0.03559025749564171	0.01249136030673981	0.02856765314936638	0.02144766598939896	0.02669922262430191	0.02559923380613327	0.02467291802167892	0.03777112811803818	0.03268022835254669	0	0.03486118465662003	0.0355561152100563	0.03439521789550781	0.0355561152100563	0.03456277400255203	0.0344695970416069	0.03766848146915436	0.0355561152100563	0.0355561152100563	0.02717261761426926	0.0372035950422287	0.0355561152100563	0.03590816259384155	0.03503436595201492	0.03969253599643707	0.03332240134477615	0.04083728045225143	0.03962840139865875	0.03609617799520493	0.03514859080314636	0.0355561152100563	0.02382993884384632	0.03710931539535522	0.04632236436009407	0.03603830188512802	0.0355561152100563	0.03468658030033112	0.03307323902845383	0.03626076877117157	0.0355561152100563	0.0343061201274395	0.03872481733560562	0.03841260075569153	0.02681976929306984	0.02892331033945084	0.0355561152100563	0.03332217037677765	0.03590843826532364	0.04189790040254593
S2017t3M_E23-T3b-Male	0.007350785657763481	0.007584339939057827	0.02535134181380272	0.006072196178138256	0.009697753936052322	0.007584339939057827	0.006883678026497364	0.0189605038613081	0.007467563264071941	0.006889417767524719	0.007584339939057827	0.007936417125165462	0.007481669541448355	0.02467357739806175	0.05421559512615204	0.007350735366344452	0.007584339939057827	0.01187759637832642	0.003146765753626823	0.07612530887126923	0.02166744507849216	0.02166744507849216	0.02166744507849216	0.01545206643640995	0.02166744507849216	0.01974295638501644	0.01317715924233198	0.05710168182849884	0.001925771590322256	0.03015658259391785	0.009995547123253345	0.0108771612867713	0.01413467153906822	0.01017186976969242	0.01052451506257057	0.01431131269782782	0.01784782856702805	0.05700531601905823	0.01410222798585892	0.0597885400056839	0.0597885400056839	0.0597885400056839	0.02345767058432102	0.01431131269782782	0.01227847207337618	0.03206028789281845	0.01639251410961151	0.03352553769946098	0.01758335344493389	0.012638159096241	0.0108771612867713	0.0108771612867713	0.0108771612867713	0.007584339939057827	0.01392622571438551	0.007584339939057827	0.01005062833428383	0.007584339939057827	0.01005098130553961	0.01043794676661491	0.01100969593971968	0.02407743595540524	0.007188270799815655	0.006687917746603489	0.0108771612867713	0.0108771612867713	0.01162099000066519	0.009025772102177143	0.0108771612867713	0.00955474004149437	0.01358188223093748	0.01780182123184204	0.00432057399302721	0.02097276225686073	0.003146765753626823	0.007584339939057827	0.008584964089095592	0.007584339939057827	0.02909209951758385	0.008408641442656517	0.0108771612867713	0.007584339939057827	0.0108771612867713	0.007584339939057827	0.008677787147462368	0.009199691005051136	0.00708236638456583	0.009064983576536179	0.01078772451728582	0.008144157007336617	0.008232318796217442	0.01078900042921305	0.01300653908401728	0.0108771612867713	0.008716976270079613	0.007584339939057827	0.01651123724877834	0.007584339939057827	0.007584339939057827	0.009202093817293644	0.02105157822370529	0.00990969967097044	0.01471740286797285	0.009162668138742447	0.03586024418473244	0.03191643208265305	0.007655409164726734	0.007584339939057827	0.003909257240593433	0.0295109860599041	0.02144017815589905	0.02586294524371624	0.00629353104159236	0.03565378859639168	0.008161962032318115	0.01277753338217735	0.04063032194972038	0.009332410059869289	0.006384192500263453	0.03486118465662003	0	0.007584339939057827	0.01044336147606373	0.007584339939057827	0.01227782107889652	0.007315675728023052	0.009696707129478455	0.007584339939057827	0.007584339939057827	0.01120415143668652	0.01115292683243752	0.007584339939057827	0.007936392910778522	0.008457294665277004	0.01620365120470524	0.005701209884136915	0.01286550518125296	0.01660542190074921	0.01098015904426575	0.008864285424351692	0.007584339939057827	0.01668056286871433	0.01164006814360619	0.02550735510885715	0.01115588843822479	0.007584339939057827	0.005430540535598993	0.01159977167844772	0.008288993500173092	0.007584339939057827	0.006334364879876375	0.01075303833931684	0.01282440219074488	0.0109680537134409	0.009685570374131203	0.007584339939057827	0.005934489890933037	0.007936666719615459	0.01345911715179682
S3-female-1	0.0002335539174964651	0	0.02674708142876625	0.001512217451818287	0.002113415161147714	0	0.0007006616797298193	0.0201223399490118	0.0001167768859886564	0.002808386692777276	0	0.0003520778845995665	0.005951754748821259	0.0240836888551712	0.057363361120224	0.006293631624430418	0	0.0111708976328373	0.004671077709645033	0.07099121063947678	0.01408311631530523	0.01408311631530523	0.01408311631530523	0.009736164472997189	0.01408311631530523	0.01530544273555279	0.01258726231753826	0.0602494515478611	0.006363295949995518	0.03330395370721817	0.006148901768028736	0.008198535069823265	0.00923681166023016	0.006558828521519899	0.007378681562840939	0.01011426467448473	0.01737473718822002	0.05980267748236656	0.01666523888707161	0.06293631345033646	0.06293631345033646	0.06293631345033646	0.01645604521036148	0.01011426467448473	0.01344061084091663	0.03415684029459953	0.008808179758489132	0.02722342126071453	0.0200303103774786	0.009025119245052338	0.008198535069823265	0.008198535069823265	0.008198535069823265	0	0.006341889500617981	0	0.002466290490701795	0	0.003167304443195462	0.009275159798562527	0.01251102704554796	0.02896497398614883	0.006611179560422897	0.005059659015387297	0.008198535069823265	0.008198535069823265	0.008473385125398636	0.003894304390996695	0.008198535069823265	0.005124084651470184	0.008800193667411804	0.01021748967468739	0.005377728957682848	0.0133884334936738	0.004671077709645033	0	0.00286948774009943	0	0.0234907940030098	0.002459560753777623	0.008198535069823265	0	0.008198535069823265	0	0.01099643297493458	0.01023381762206554	0.009295717813074589	0.01046072226017714	0.0061234668828547	0.001844670623540878	0.002049633767455816	0.007993572391569614	0.01102608721703291	0.008198535069823265	0.01033511199057102	0	0.01545413956046104	0	0	0.004304231144487858	0.0166182853281498	0.007114122156053782	0.01704755611717701	0.01464547403156757	0.03760638833045959	0.03623156622052193	0.01243770308792591	0	0.00520019605755806	0.03078987449407578	0.02062724530696869	0.03006137907505035	0.01341086346656084	0.04055283218622208	0.01154243294149637	0.01207083649933338	0.04377808794379234	0.009566979482769966	0.01350152399390936	0.0355561152100563	0.007584339939057827	0	0.01039924565702677	0	0.01459591928869486	0.00466378778219223	0.002112368820235133	0	0	0.01061420608311892	0.004967603832483292	0	0.0003520532627590001	0.004140399396419525	0.01048553548753262	0.005461620166897774	0.005281168967485428	0.01100410800427198	0.007364477962255478	0.00244535761885345	0	0.01854305900633335	0.0104605108499527	0.02305924333631992	0.007306605111807585	0	0.003562110010534525	0.01252805255353451	0.0007046543760225177	0	0.002130461158230901	0.003168701194226742	0.009208221919834614	0.01014455314725637	0.008745267987251282	0	0.005227793008089066	0.0003523271880112588	0.006808997597545385
S3-female-3	0.010165692307055	0.01039924565702677	0.0183417834341526	0.008887100964784622	0.01110389921814203	0.01039924565702677	0.01016559265553951	0.01831214316189289	0.01028246898204088	0.009989527985453606	0.01039924565702677	0.01022340729832649	0.008171875961124897	0.02428803779184818	0.05464809387922287	0.0106735872104764	0.01039924565702677	0.01310401782393456	0.01215037424117327	0.07319632917642593	0.02377866208553314	0.02377866208553314	0.02377866208553314	0.01826378516852856	0.02377866208553314	0.02132530137896538	0.01568365655839443	0.06007518619298935	0.01010792329907417	0.03095790185034275	0.008587619289755821	0.01063725166022778	0.01102869305759668	0.008997545577585697	0.009817400015890598	0.01167254336178303	0.01898065023124218	0.05796894431114197	0.01759651303291321	0.06276204437017441	0.06276204437017441	0.06276204437017441	0.02454841136932373	0.01167254336178303	0.0106122475117445	0.03081014379858971	0.01832698285579681	0.03246290981769562	0.01615468971431255	0.01058339606970549	0.01063725166022778	0.01063725166022778	0.01063725166022778	0.01039924565702677	0.01586069166660309	0.01039924565702677	0.01198509614914656	0.01039924565702677	0.01157387811690569	0.01456438098102808	0.00987185537815094	0.02914685197174549	0.008816393092274666	0.008142083883285522	0.01063725166022778	0.01063725166022778	0.01053929887712002	0.007033864967525005	0.01063725166022778	0.007562802173197269	0.01668387092649937	0.01973629370331764	0.01197658758610487	0.02290723845362663	0.01215037424117327	0.01039924565702677	0.007529759779572487	0.01039924565702677	0.02663038857281208	0.007939686067402363	0.01063725166022778	0.01039924565702677	0.01063725166022778	0.01039924565702677	0.008472842164337635	0.007761466316878796	0.007347795180976391	0.007283274549990892	0.007681746035814285	0.008554576896131039	0.008349613286554813	0.01043228898197412	0.01166031882166862	0.01063725166022778	0.008394111879169941	0.01039924565702677	0.01895364932715893	0.01039924565702677	0.01039924565702677	0.006976552307605743	0.01741078868508339	0.009319336153566837	0.01317193638533354	0.01188622042536736	0.03549384325742722	0.03441443666815758	0.009558103978633881	0.01039924565702677	0.01092074438929558	0.02838426828384399	0.01925399340689182	0.02669418789446354	0.01475535705685616	0.04014506936073303	0.01288692466914654	0.01452040951699018	0.0411355197429657	0.009092501364648342	0.01373970787972212	0.03439521789550781	0.01044336147606373	0.01039924565702677	0	0.01039924565702677	0.01512128300964832	0.006438176147639751	0.01163172349333763	0.01039924565702677	0.01039924565702677	0.01306384429335594	0.008776389993727207	0.01039924565702677	0.01004719361662865	0.008071940392255783	0.01080254931002855	0.007081485819071531	0.01497671101242304	0.01196739356964827	0.00537972105666995	0.007953889667987823	0.01039924565702677	0.01804451458156109	0.009472844190895557	0.02110243961215019	0.004617741331458092	0.01039924565702677	0.008592515252530575	0.006406588479876518	0.01022346224635839	0.01039924565702677	0.008268858306109905	0.0128642451018095	0.008062080480158329	0.01282829418778419	0.01183881796896458	0.01039924565702677	0.007843635976314545	0.01004691980779171	0.01562708802521229
S3-male-1	0.0002335539174964651	0	0.02674708142876625	0.001512217451818287	0.002113415161147714	0	0.0007006616797298193	0.0201223399490118	0.0001167768859886564	0.002808386692777276	0	0.0003520778845995665	0.005951754748821259	0.0240836888551712	0.057363361120224	0.006293631624430418	0	0.0111708976328373	0.004671077709645033	0.07099121063947678	0.01408311631530523	0.01408311631530523	0.01408311631530523	0.009736164472997189	0.01408311631530523	0.01530544273555279	0.01258726231753826	0.0602494515478611	0.006363295949995518	0.03330395370721817	0.006148901768028736	0.008198535069823265	0.00923681166023016	0.006558828521519899	0.007378681562840939	0.01011426467448473	0.01737473718822002	0.05980267748236656	0.01666523888707161	0.06293631345033646	0.06293631345033646	0.06293631345033646	0.01645604521036148	0.01011426467448473	0.01344061084091663	0.03415684029459953	0.008808179758489132	0.02722342126071453	0.0200303103774786	0.009025119245052338	0.008198535069823265	0.008198535069823265	0.008198535069823265	0	0.006341889500617981	0	0.002466290490701795	0	0.003167304443195462	0.009275159798562527	0.01251102704554796	0.02896497398614883	0.006611179560422897	0.005059659015387297	0.008198535069823265	0.008198535069823265	0.008473385125398636	0.003894304390996695	0.008198535069823265	0.005124084651470184	0.008800193667411804	0.01021748967468739	0.005377728957682848	0.0133884334936738	0.004671077709645033	0	0.00286948774009943	0	0.0234907940030098	0.002459560753777623	0.008198535069823265	0	0.008198535069823265	0	0.01099643297493458	0.01023381762206554	0.009295717813074589	0.01046072226017714	0.0061234668828547	0.001844670623540878	0.002049633767455816	0.007993572391569614	0.01102608721703291	0.008198535069823265	0.01033511199057102	0	0.01545413956046104	0	0	0.004304231144487858	0.0166182853281498	0.007114122156053782	0.01704755611717701	0.01464547403156757	0.03760638833045959	0.03623156622052193	0.01243770308792591	0	0.00520019605755806	0.03078987449407578	0.02062724530696869	0.03006137907505035	0.01341086346656084	0.04055283218622208	0.01154243294149637	0.01207083649933338	0.04377808794379234	0.009566979482769966	0.01350152399390936	0.0355561152100563	0.007584339939057827	0	0.01039924565702677	0	0.01459591928869486	0.00466378778219223	0.002112368820235133	0	0	0.01061420608311892	0.004967603832483292	0	0.0003520532627590001	0.004140399396419525	0.01048553548753262	0.005461620166897774	0.005281168967485428	0.01100410800427198	0.007364477962255478	0.00244535761885345	0	0.01854305900633335	0.0104605108499527	0.02305924333631992	0.007306605111807585	0	0.003562110010534525	0.01252805255353451	0.0007046543760225177	0	0.002130461158230901	0.003168701194226742	0.009208221919834614	0.01014455314725637	0.008745267987251282	0	0.005227793008089066	0.0003523271880112588	0.006808997597545385
S3-male-2	0.01436236593872309	0.01459591928869486	0.01572185009717941	0.01308377739042044	0.01354024466127157	0.01459591928869486	0.01389525830745697	0.01426082104444504	0.01447914261370897	0.01178753189742565	0.01459591928869486	0.01424384117126465	0.01139139384031296	0.01787635870277882	0.0560196116566658	0.009726326912641525	0.01459591928869486	0.01157918386161327	0.01471256744116545	0.07786889374256134	0.01882175728678703	0.01882175728678703	0.01882175728678703	0.01260637585073709	0.01882175728678703	0.01619554124772549	0.01287874858826399	0.0589057020843029	0.01302612852305174	0.02856217697262764	0.01759108901023865	0.0196407213807106	0.01727708056569099	0.0180010162293911	0.018820870667696	0.01821351610124111	0.01121202111244202	0.06508322805166245	0.009933528490364552	0.06159256398677826	0.06159256398677826	0.06159256398677826	0.0265989676117897	0.01821351610124111	0.01589813455939293	0.03017330355942249	0.01953380554914474	0.03620092943310738	0.01657411828637123	0.01817907579243183	0.0196407213807106	0.0196407213807106	0.0196407213807106	0.01459591928869486	0.01706751808524132	0.01459591928869486	0.01477397885173559	0.01459591928869486	0.01213337387889624	0.01673830486834049	0.01116728037595749	0.02563644386827946	0.0160685833543539	0.01451706327497959	0.0196407213807106	0.0196407213807106	0.01851572282612324	0.01568689942359924	0.0196407213807106	0.01656627282500267	0.01672317460179329	0.02094311639666557	0.01383412536233664	0.02411405742168427	0.01471256744116545	0.01459591928869486	0.01524609234184027	0.01459591928869486	0.03083568438887596	0.01506976969540119	0.0196407213807106	0.01459591928869486	0.0196407213807106	0.01459591928869486	0.0115093607455492	0.01444918476045132	0.01562353037297726	0.01247047167271376	0.01580477878451347	0.01480528619140387	0.01489344704896212	0.01943575963377953	0.02177009917795658	0.0196407213807106	0.01410573627799749	0.01459591928869486	0.01501654088497162	0.01459591928869486	0.01459591928869486	0.01586322113871574	0.02666544914245605	0.01820605248212814	0.01429450232535601	0.0113169439136982	0.0343259796500206	0.03178495541214943	0.01201661583036184	0.01459591928869486	0.01465759985148907	0.02545908838510513	0.02985465340316296	0.0274333618581295	0.01008233428001404	0.03745780885219574	0.008213905617594719	0.01089402940124273	0.04243434220552444	0.01845197938382626	0.01238109637051821	0.03456277400255203	0.01227782107889652	0.01459591928869486	0.01512128300964832	0.01459591928869486	0	0.0125674968585372	0.01283592917025089	0.01459591928869486	0.01459591928869486	0.009320646524429321	0.01441099308431149	0.01459591928869486	0.01424386631697416	0.01453706622123718	0.02040930837392807	0.01096149068325758	0.01019559986889362	0.02221929095685482	0.01810849457979202	0.01587586477398872	0.01459591928869486	0.01233435608446598	0.008216722868382931	0.03170523047447205	0.01734651252627373	0.01459591928869486	0.01138981804251671	0.01338829565793276	0.01389126572757959	0.01459591928869486	0.01299784984439611	0.01142721809446812	0.01702951267361641	0.009261428378522396	0.007274690549820662	0.01459591928869486	0.01137150824069977	0.01424359250813723	0.01660040952265263
S3-male-3	0.004430233500897884	0.00466378778219223	0.02372223138809204	0.004235387779772282	0.005367893725633621	0.00466378778219223	0.004430133849382401	0.01739301346242428	0.004547010641545057	0.004310935735702515	0.00466378778219223	0.004840081091970205	0.006616228725761175	0.0225223246961832	0.05539530515670776	0.007076054811477661	0.00466378778219223	0.01125246286392212	0.007582935504615307	0.0707440972328186	0.01839533261954784	0.01839533261954784	0.01839533261954784	0.01288045942783356	0.01839533261954784	0.0168528575450182	0.01243520900607109	0.059162937104702	0.006980238016694784	0.02951677888631821	0.006422505713999271	0.0084721390157938	0.008101106621325016	0.006832432933151722	0.007652285508811474	0.008978560566902161	0.01663749292492867	0.05871615931391716	0.01463681273162365	0.06184979528188705	0.06184979528188705	0.06184979528188705	0.01912781968712807	0.008978560566902161	0.009358018636703491	0.03007425181567669	0.01206265389919281	0.02907886914908886	0.01594771817326546	0.007889415137469769	0.0084721390157938	0.0084721390157938	0.0084721390157938	0.00466378778219223	0.009596363641321659	0.00466378778219223	0.005720768123865128	0.00466378778219223	0.005837872624397278	0.01031180564314127	0.009837744757533073	0.02764495462179184	0.006651279516518116	0.005099758505821228	0.0084721390157938	0.0084721390157938	0.008164399303495884	0.004167907871305943	0.0084721390157938	0.00539768859744072	0.01041954383254051	0.01347196381539106	0.006880277767777443	0.01664290763437748	0.007582935504615307	0.00466378778219223	0.003143091220408678	0.00466378778219223	0.02394452691078186	0.002849966753274202	0.0084721390157938	0.00466378778219223	0.0084721390157938	0.00466378778219223	0.008089644834399223	0.006151226814836264	0.006622435059398413	0.006378130987286568	0.004987762309610844	0.002819117158651352	0.002790461061522365	0.00826717633754015	0.01060151867568493	0.0084721390157938	0.007661828305572271	0.00466378778219223	0.0148272505030036	0.00466378778219223	0.00466378778219223	0.004577834624797106	0.01619371585547924	0.007154221646487713	0.01296496670693159	0.01173868775367737	0.03405272215604782	0.03297331929206848	0.009530916810035706	0.00466378778219223	0.006353305652737617	0.0269431434571743	0.01996917277574539	0.02715459279716015	0.01267493143677711	0.03923281282186508	0.0108064990490675	0.01074309274554253	0.04110480472445488	0.008367139846086502	0.01276559103280306	0.0344695970416069	0.007315675728023052	0.00466378778219223	0.006438176147639751	0.00466378778219223	0.0125674968585372	0	0.006424587219953537	0.00466378778219223	0.00466378778219223	0.009286527521908283	0.007294557522982359	0.00466378778219223	0.004840056411921978	0.006003617774695158	0.01223062723875046	0.003314102068543434	0.00959338340908289	0.01286714896559715	0.006939909420907497	0.005943734664469957	0.00466378778219223	0.016695162281394	0.009600069373846054	0.02398793958127499	0.006706251762807369	0.00466378778219223	0.00464894063770771	0.009450978599488735	0.003959133289754391	0.00466378778219223	0.004501474555581808	0.007480918429791927	0.009840563870966434	0.01010817103087902	0.008942503482103348	0.00466378778219223	0.004076252225786448	0.004311460070312023	0.009362760931253433
S4-female-1	0.002345922635868192	0.002112368820235133	0.02533947303891182	0.003624585689976811	0.002114433795213699	0.002112368820235133	0.002813029102981091	0.01871458254754543	0.002229145728051662	0.003865030128508806	0.002112368820235133	0.001760290819220245	0.004719780758023262	0.02267607860267162	0.05947572737932205	0.008406000211834908	0.002112368820235133	0.01328326482325792	0.006783445365726948	0.07204887270927429	0.01267550885677338	0.01267550885677338	0.01267550885677338	0.008328555151820183	0.01267550885677338	0.01389783434569836	0.01469962950795889	0.06236181780695915	0.008299880661070347	0.03436161577701569	0.008261269889771938	0.01031090319156647	0.01029447559267282	0.008671196177601814	0.009491049684584141	0.01117192767560482	0.01596712879836559	0.06191504374146461	0.01772290095686913	0.06504867970943451	0.06504867970943451	0.06504867970943451	0.01751370914280415	0.01117192767560482	0.01449827291071415	0.03521450608968735	0.009865842759609222	0.02828108333051205	0.02108797244727612	0.01008278224617243	0.01031090319156647	0.01031090319156647	0.01031090319156647	0.002112368820235133	0.007399552036076784	0.002112368820235133	0.003523953026160598	0.002112368820235133	0.001407414441928267	0.01033282279968262	0.01462339609861374	0.03107734024524689	0.0087235476821661	0.007172026671469212	0.01031090319156647	0.01031090319156647	0.01058575324714184	0.006006672047078609	0.01031090319156647	0.007236452307552099	0.00985785573720932	0.01127515081316233	0.00696274358779192	0.01444609556347132	0.006783445365726948	0.002112368820235133	0.004981854930520058	0.002112368820235133	0.02454845607280731	0.004571928177028894	0.01031090319156647	0.002112368820235133	0.01031090319156647	0.002112368820235133	0.01310879923403263	0.01129148062318563	0.01140808593481779	0.01186995394527912	0.007532698567956686	0.003957038279622793	0.004162001423537731	0.01010594051331282	0.01313845533877611	0.01031090319156647	0.01244747918099165	0.002112368820235133	0.01651180163025856	0.002112368820235133	0.002112368820235133	0.006416598800569773	0.01873065158724785	0.009226489812135696	0.01880835555493832	0.01675784215331078	0.03883983567357063	0.03781658411026001	0.01455007120966911	0.002112368820235133	0.007312564179301262	0.03184753656387329	0.02273961342871189	0.03217374905943871	0.01552323158830404	0.04266520217061043	0.013654800131917	0.01365585159510374	0.04589045792818069	0.01167934760451317	0.01561389211565256	0.03766848146915436	0.009696707129478455	0.002112368820235133	0.01163172349333763	0.002112368820235133	0.01283592917025089	0.006424587219953537	0	0.002112368820235133	0.002112368820235133	0.01219922211021185	0.003207713831216097	0.002112368820235133	0.001760315499268472	0.00625276705250144	0.01118968892842531	0.005989991128444672	0.003873559413477778	0.01311647612601519	0.009476844221353531	0.004557725507766008	0.002112368820235133	0.01678316667675972	0.008876711130142212	0.02517161145806313	0.008714864030480385	0.002112368820235133	0.004266166593879461	0.01288064010441303	0.002465454628691077	0.002112368820235133	0.003538722870871425	0.001761091873049736	0.01044069789350033	0.01084870845079422	0.008921408094465733	0.002112368820235133	0.005227841436862946	0.002288911724463105	0.007866660133004189
S4-female-2	0.0002335539174964651	0	0.02674708142876625	0.001512217451818287	0.002113415161147714	0	0.0007006616797298193	0.0201223399490118	0.0001167768859886564	0.002808386692777276	0	0.0003520778845995665	0.005951754748821259	0.0240836888551712	0.057363361120224	0.006293631624430418	0	0.0111708976328373	0.004671077709645033	0.07099121063947678	0.01408311631530523	0.01408311631530523	0.01408311631530523	0.009736164472997189	0.01408311631530523	0.01530544273555279	0.01258726231753826	0.0602494515478611	0.006363295949995518	0.03330395370721817	0.006148901768028736	0.008198535069823265	0.00923681166023016	0.006558828521519899	0.007378681562840939	0.01011426467448473	0.01737473718822002	0.05980267748236656	0.01666523888707161	0.06293631345033646	0.06293631345033646	0.06293631345033646	0.01645604521036148	0.01011426467448473	0.01344061084091663	0.03415684029459953	0.008808179758489132	0.02722342126071453	0.0200303103774786	0.009025119245052338	0.008198535069823265	0.008198535069823265	0.008198535069823265	0	0.006341889500617981	0	0.002466290490701795	0	0.003167304443195462	0.009275159798562527	0.01251102704554796	0.02896497398614883	0.006611179560422897	0.005059659015387297	0.008198535069823265	0.008198535069823265	0.008473385125398636	0.003894304390996695	0.008198535069823265	0.005124084651470184	0.008800193667411804	0.01021748967468739	0.005377728957682848	0.0133884334936738	0.004671077709645033	0	0.00286948774009943	0	0.0234907940030098	0.002459560753777623	0.008198535069823265	0	0.008198535069823265	0	0.01099643297493458	0.01023381762206554	0.009295717813074589	0.01046072226017714	0.0061234668828547	0.001844670623540878	0.002049633767455816	0.007993572391569614	0.01102608721703291	0.008198535069823265	0.01033511199057102	0	0.01545413956046104	0	0	0.004304231144487858	0.0166182853281498	0.007114122156053782	0.01704755611717701	0.01464547403156757	0.03760638833045959	0.03623156622052193	0.01243770308792591	0	0.00520019605755806	0.03078987449407578	0.02062724530696869	0.03006137907505035	0.01341086346656084	0.04055283218622208	0.01154243294149637	0.01207083649933338	0.04377808794379234	0.009566979482769966	0.01350152399390936	0.0355561152100563	0.007584339939057827	0	0.01039924565702677	0	0.01459591928869486	0.00466378778219223	0.002112368820235133	0	0	0.01061420608311892	0.004967603832483292	0	0.0003520532627590001	0.004140399396419525	0.01048553548753262	0.005461620166897774	0.005281168967485428	0.01100410800427198	0.007364477962255478	0.00244535761885345	0	0.01854305900633335	0.0104605108499527	0.02305924333631992	0.007306605111807585	0	0.003562110010534525	0.01252805255353451	0.0007046543760225177	0	0.002130461158230901	0.003168701194226742	0.009208221919834614	0.01014455314725637	0.008745267987251282	0	0.005227793008089066	0.0003523271880112588	0.006808997597545385
S4-female-3	0.0002335539174964651	0	0.02674708142876625	0.001512217451818287	0.002113415161147714	0	0.0007006616797298193	0.0201223399490118	0.0001167768859886564	0.002808386692777276	0	0.0003520778845995665	0.005951754748821259	0.0240836888551712	0.057363361120224	0.006293631624430418	0	0.0111708976328373	0.004671077709645033	0.07099121063947678	0.01408311631530523	0.01408311631530523	0.01408311631530523	0.009736164472997189	0.01408311631530523	0.01530544273555279	0.01258726231753826	0.0602494515478611	0.006363295949995518	0.03330395370721817	0.006148901768028736	0.008198535069823265	0.00923681166023016	0.006558828521519899	0.007378681562840939	0.01011426467448473	0.01737473718822002	0.05980267748236656	0.01666523888707161	0.06293631345033646	0.06293631345033646	0.06293631345033646	0.01645604521036148	0.01011426467448473	0.01344061084091663	0.03415684029459953	0.008808179758489132	0.02722342126071453	0.0200303103774786	0.009025119245052338	0.008198535069823265	0.008198535069823265	0.008198535069823265	0	0.006341889500617981	0	0.002466290490701795	0	0.003167304443195462	0.009275159798562527	0.01251102704554796	0.02896497398614883	0.006611179560422897	0.005059659015387297	0.008198535069823265	0.008198535069823265	0.008473385125398636	0.003894304390996695	0.008198535069823265	0.005124084651470184	0.008800193667411804	0.01021748967468739	0.005377728957682848	0.0133884334936738	0.004671077709645033	0	0.00286948774009943	0	0.0234907940030098	0.002459560753777623	0.008198535069823265	0	0.008198535069823265	0	0.01099643297493458	0.01023381762206554	0.009295717813074589	0.01046072226017714	0.0061234668828547	0.001844670623540878	0.002049633767455816	0.007993572391569614	0.01102608721703291	0.008198535069823265	0.01033511199057102	0	0.01545413956046104	0	0	0.004304231144487858	0.0166182853281498	0.007114122156053782	0.01704755611717701	0.01464547403156757	0.03760638833045959	0.03623156622052193	0.01243770308792591	0	0.00520019605755806	0.03078987449407578	0.02062724530696869	0.03006137907505035	0.01341086346656084	0.04055283218622208	0.01154243294149637	0.01207083649933338	0.04377808794379234	0.009566979482769966	0.01350152399390936	0.0355561152100563	0.007584339939057827	0	0.01039924565702677	0	0.01459591928869486	0.00466378778219223	0.002112368820235133	0	0	0.01061420608311892	0.004967603832483292	0	0.0003520532627590001	0.004140399396419525	0.01048553548753262	0.005461620166897774	0.005281168967485428	0.01100410800427198	0.007364477962255478	0.00244535761885345	0	0.01854305900633335	0.0104605108499527	0.02305924333631992	0.007306605111807585	0	0.003562110010534525	0.01252805255353451	0.0007046543760225177	0	0.002130461158230901	0.003168701194226742	0.009208221919834614	0.01014455314725637	0.008745267987251282	0	0.005227793008089066	0.0003523271880112588	0.006808997597545385
S4-male-2	0.01049740426242352	0.01061420608311892	0.01854825764894485	0.009102064184844494	0.01061365753412247	0.01061420608311892	0.01049730367958546	0.01003700215369463	0.01049742940813303	0.0109031330794096	0.01061420608311892	0.01079049985855818	0.009518280625343323	0.02127856574952602	0.04897986724972725	0.004320574924349785	0.01061420608311892	0.005351515021175146	0.01435091719031334	0.07587841898202896	0.02416997030377388	0.02416997030377388	0.02416997030377388	0.01888865046203136	0.02416997030377388	0.02065886929631233	0.004203771241009235	0.05186596140265465	0.01230846811085939	0.02268974855542183	0.01524458918720484	0.01729422248899937	0.01621853746473789	0.01565451547503471	0.01647436805069447	0.01709598861634731	0.008463897742331028	0.06167562305927277	0.009081047028303146	0.05455282330513	0.05455282330513	0.05455282330513	0.02437358535826206	0.01709598861634731	0.01459594070911407	0.02365939132869244	0.01730842143297195	0.03397555276751518	0.009532857686281204	0.0160068441182375	0.01729422248899937	0.01729422248899937	0.01729422248899937	0.01061420608311892	0.0148421311751008	0.01061420608311892	0.01096653193235397	0.01061420608311892	0.01172925997525454	0.01637513563036919	0.008820780552923679	0.02260078862309456	0.01559011545032263	0.01403859443962574	0.01729422248899937	0.01729422248899937	0.01710323430597782	0.01298999227583408	0.01729422248899937	0.01421977207064629	0.01636607199907303	0.01871773041784763	0.01294360589236021	0.02188867516815662	0.01435091719031334	0.01061420608311892	0.01196517515927553	0.01061420608311892	0.02837800234556198	0.01155524794012308	0.01729422248899937	0.01061420608311892	0.01729422248899937	0.01061420608311892	0.009746620431542397	0.01210116967558861	0.01256501115858555	0.009058867581188679	0.01310519222170115	0.01094035711139441	0.01114532072097063	0.01708925887942314	0.0194236021488905	0.01729422248899937	0.01175923831760883	0.01061420608311892	0.01136711705476046	0.01061420608311892	0.01061420608311892	0.01339991856366396	0.02361945435404778	0.0160930585116148	0.007254756521433592	0.006145230960100889	0.02710893377661705	0.02561736479401588	0.009763852693140507	0.01061420608311892	0.01417913194745779	0.02017566561698914	0.02855892106890678	0.02156113646924496	0.004910620395094156	0.03205259144306183	0.003042189637199044	0.001573382061906159	0.03539459779858589	0.01574946939945221	0.01012950204312801	0.02717261761426926	0.01120415143668652	0.01061420608311892	0.01306384429335594	0.01061420608311892	0.009320646524429321	0.009286527521908283	0.01219922211021185	0.01061420608311892	0.01061420608311892	0	0.01342180650681257	0.01061420608311892	0.01079047471284866	0.01195662561804056	0.0171351358294487	0.007557940203696489	0.01536802016198635	0.01800527796149254	0.01576199382543564	0.01189415249973536	0.01061420608311892	0.009515462443232536	0.01215303502976894	0.02994366176426411	0.01552833430469036	0.01061420608311892	0.009860367514193058	0.01097931247204542	0.009909551590681076	0.01061420608311892	0.009188449010252953	0.01325555238872766	0.01521220151335001	0.001526296837255359	0.003454052843153477	0.01061420608311892	0.007969735190272331	0.01026187837123871	0.01472527999430895
S4-male-3	0.00496755400672555	0.004967603832483292	0.02283661812543869	0.005780311767011881	0.004969668574631214	0.004967603832483292	0.005201057065278292	0.0178983248770237	0.004967578686773777	0.006429295986890793	0.004967603832483292	0.004791765473783016	0.004137144889682531	0.02314482815563679	0.05923938751220703	0.009628584608435631	0.004967603832483292	0.01310895755887032	0.009171472862362862	0.07158398628234863	0.01588322222232819	0.01588322222232819	0.01588322222232819	0.01106906123459339	0.01588322222232819	0.01652284152805805	0.01592221297323704	0.06358440220355988	0.01022200100123882	0.0352315865457058	0.009829412214457989	0.01187904644757509	0.01186261791735888	0.01023933943361044	0.01105919387191534	0.01274007186293602	0.01698903180658817	0.06203131750226021	0.0189454834908247	0.06627126038074493	0.06627126038074493	0.06627126038074493	0.01894250325858593	0.01274007186293602	0.01536824181675911	0.03608447685837746	0.01272107753902674	0.02804981917142868	0.02195793949067593	0.01165092457085848	0.01187904644757509	0.01187904644757509	0.01187904644757509	0.004967603832483292	0.01025478821247816	0.004967603832483292	0.006379187572747469	0.004967603832483292	0.003559863427653909	0.01141121424734592	0.0154933650046587	0.03229992836713791	0.01029169093817472	0.008740169927477837	0.01187904644757509	0.01187904644757509	0.01096107717603445	0.007574814837425947	0.01187904644757509	0.008804595097899437	0.01224588509649038	0.01413038745522499	0.009350772015750408	0.01730133034288883	0.009171472862362862	0.004967603832483292	0.006549997255206108	0.004967603832483292	0.02408357337117195	0.006140070501714945	0.01187904644757509	0.004967603832483292	0.01187904644757509	0.004967603832483292	0.01397877000272274	0.01216145046055317	0.01227805484086275	0.01273992285132408	0.009100841358304024	0.005525180604308844	0.005730143282562494	0.01167408376932144	0.01290211174637079	0.01187904644757509	0.01331744808703661	0.004967603832483292	0.01773438416421413	0.004967603832483292	0.004967603832483292	0.00798474159091711	0.01849430799484253	0.0107946339994669	0.01967832632362843	0.01762781105935574	0.03970980644226074	0.03868655860424042	0.01542004197835922	0.004967603832483292	0.008880706503987312	0.0327175073325634	0.02192211151123047	0.03219998255372047	0.01674581505358219	0.04388778656721115	0.01487738452851772	0.01487843599170446	0.0467604286968708	0.01289840508252382	0.01573016494512558	0.0372035950422287	0.01115292683243752	0.004967603832483292	0.008776389993727207	0.004967603832483292	0.01441099308431149	0.007294557522982359	0.003207713831216097	0.004967603832483292	0.004967603832483292	0.01342180650681257	0	0.004967603832483292	0.004615550860762596	0.00505954260006547	0.008686970919370651	0.006859960500150919	0.00708127161487937	0.01061375718563795	0.006621514447033405	0.002522246446460485	0.004967603832483292	0.01692390814423561	0.006726470775902271	0.02266889251768589	0.005859533790498972	0.004967603832483292	0.006540767848491669	0.01002530567348003	0.005320689640939236	0.004967603832483292	0.005401324946433306	0.004968804772943258	0.007937978953123093	0.01207129377871752	0.01049647200852633	0.004967603832483292	0.006097810808569193	0.005144146736711264	0.01025468856096268
S5-female-1	0.0002335539174964651	0	0.02674708142876625	0.001512217451818287	0.002113415161147714	0	0.0007006616797298193	0.0201223399490118	0.0001167768859886564	0.002808386692777276	0	0.0003520778845995665	0.005951754748821259	0.0240836888551712	0.057363361120224	0.006293631624430418	0	0.0111708976328373	0.004671077709645033	0.07099121063947678	0.01408311631530523	0.01408311631530523	0.01408311631530523	0.009736164472997189	0.01408311631530523	0.01530544273555279	0.01258726231753826	0.0602494515478611	0.006363295949995518	0.03330395370721817	0.006148901768028736	0.008198535069823265	0.00923681166023016	0.006558828521519899	0.007378681562840939	0.01011426467448473	0.01737473718822002	0.05980267748236656	0.01666523888707161	0.06293631345033646	0.06293631345033646	0.06293631345033646	0.01645604521036148	0.01011426467448473	0.01344061084091663	0.03415684029459953	0.008808179758489132	0.02722342126071453	0.0200303103774786	0.009025119245052338	0.008198535069823265	0.008198535069823265	0.008198535069823265	0	0.006341889500617981	0	0.002466290490701795	0	0.003167304443195462	0.009275159798562527	0.01251102704554796	0.02896497398614883	0.006611179560422897	0.005059659015387297	0.008198535069823265	0.008198535069823265	0.008473385125398636	0.003894304390996695	0.008198535069823265	0.005124084651470184	0.008800193667411804	0.01021748967468739	0.005377728957682848	0.0133884334936738	0.004671077709645033	0	0.00286948774009943	0	0.0234907940030098	0.002459560753777623	0.008198535069823265	0	0.008198535069823265	0	0.01099643297493458	0.01023381762206554	0.009295717813074589	0.01046072226017714	0.0061234668828547	0.001844670623540878	0.002049633767455816	0.007993572391569614	0.01102608721703291	0.008198535069823265	0.01033511199057102	0	0.01545413956046104	0	0	0.004304231144487858	0.0166182853281498	0.007114122156053782	0.01704755611717701	0.01464547403156757	0.03760638833045959	0.03623156622052193	0.01243770308792591	0	0.00520019605755806	0.03078987449407578	0.02062724530696869	0.03006137907505035	0.01341086346656084	0.04055283218622208	0.01154243294149637	0.01207083649933338	0.04377808794379234	0.009566979482769966	0.01350152399390936	0.0355561152100563	0.007584339939057827	0	0.01039924565702677	0	0.01459591928869486	0.00466378778219223	0.002112368820235133	0	0	0.01061420608311892	0.004967603832483292	0	0.0003520532627590001	0.004140399396419525	0.01048553548753262	0.005461620166897774	0.005281168967485428	0.01100410800427198	0.007364477962255478	0.00244535761885345	0	0.01854305900633335	0.0104605108499527	0.02305924333631992	0.007306605111807585	0	0.003562110010534525	0.01252805255353451	0.0007046543760225177	0	0.002130461158230901	0.003168701194226742	0.009208221919834614	0.01014455314725637	0.008745267987251282	0	0.005227793008089066	0.0003523271880112588	0.006808997597545385
S5-female-2	0.0005856069037690759	0.0003520532627590001	0.02657121792435646	0.001864270423538983	0.001761362073011696	0.0003520532627590001	0.001052714651450515	0.01977028511464596	0.0004688298504333943	0.00263252342119813	0.0003520532627590001	0.0001762145839165896	0.005599701777100563	0.02390782535076141	0.05771541595458984	0.006645684596151114	0.0003520532627590001	0.01152295060455799	0.005023130681365728	0.0711674764752388	0.01390725281089544	0.01390725281089544	0.01390725281089544	0.009560300968587399	0.01390725281089544	0.01512958109378815	0.01293931528925896	0.06060150265693665	0.006539564579725266	0.03348022326827049	0.006500955671072006	0.008550588972866535	0.009413080289959908	0.006910881958901882	0.007730735465884209	0.01029053330421448	0.01719887368381023	0.06015472859144211	0.01684150472283363	0.0632883608341217	0.0632883608341217	0.0632883608341217	0.0166323147714138	0.01029053330421448	0.01361687853932381	0.03433310985565186	0.00898444838821888	0.02739969082176685	0.02020657993853092	0.009201387874782085	0.008550588972866535	0.008550588972866535	0.008550588972866535	0.0003520532627590001	0.006518158596009016	0.0003520532627590001	0.002642559353262186	0.0003520532627590001	0.002815251238644123	0.009451429359614849	0.01286308001726866	0.02931702882051468	0.00696323299780488	0.005411711987107992	0.008550588972866535	0.008550588972866535	0.008825439028441906	0.004246357828378677	0.008550588972866535	0.005476138088852167	0.008976462297141552	0.01039375737309456	0.005553997587412596	0.01356470212340355	0.005023130681365728	0.0003520532627590001	0.003221540711820126	0.0003520532627590001	0.02366705983877182	0.002811613958328962	0.008550588972866535	0.0003520532627590001	0.008550588972866535	0.0003520532627590001	0.01134848594665527	0.01041008625179529	0.009647770784795284	0.01063699182122946	0.006299736443907022	0.002196723595261574	0.002401686739176512	0.00834562536329031	0.0113781401887536	0.008550588972866535	0.01068716496229172	0.0003520532627590001	0.01563040725886822	0.0003520532627590001	0.0003520532627590001	0.004656284116208553	0.01697033829987049	0.007466176059097052	0.01722382567822933	0.01499752700328827	0.03778265789151192	0.03640783950686455	0.01278975792229176	0.0003520532627590001	0.005552249029278755	0.0309661403298378	0.02097929641604424	0.03041343204677105	0.01376291643828154	0.04090488702058792	0.01189448591321707	0.01224710512906313	0.04413013905286789	0.009919032454490662	0.01385357696563005	0.03590816259384155	0.007936392910778522	0.0003520532627590001	0.01004719361662865	0.0003520532627590001	0.01424386631697416	0.004840056411921978	0.001760315499268472	0.0003520532627590001	0.0003520532627590001	0.01079047471284866	0.004615550860762596	0.0003520532627590001	0	0.004492452368140221	0.01013348158448935	0.005109567195177078	0.005105305463075638	0.01135616097599268	0.007716531399637461	0.002797410590574145	0.0003520532627590001	0.01819100417196751	0.01010845694690943	0.02341129630804062	0.006954551208764315	0.0003520532627590001	0.003386246506124735	0.01217599958181381	0.0008809232385829091	0.0003520532627590001	0.001778408535756171	0.002992837689816952	0.008856168016791344	0.009792500175535679	0.008569404482841492	0.0003520532627590001	0.004875739105045795	0.0005285961087793112	0.00698526669293642
S5-male-1	0.003906845580786467	0.004140399396419525	0.02410012111067772	0.004836282227188349	0.006253813393414021	0.004140399396419525	0.003439737716689706	0.01843433454632759	0.00402362272143364	0.004613146651536226	0.004140399396419525	0.004492477048188448	0.006481386255472898	0.02303844131529331	0.05585097894072533	0.008103209547698498	0.004140399396419525	0.01117479708045721	0.006475837901234627	0.06936315447092056	0.01822351291775703	0.01822351291775703	0.01822351291775703	0.01200813241302967	0.01822351291775703	0.01886313408613205	0.01392963249236345	0.06112461164593697	0.007702078204602003	0.03324509784579277	0.008420409634709358	0.01047004293650389	0.01150832045823336	0.008830336853861809	0.009650189429521561	0.01238577347248793	0.01798876747488976	0.05829029157757759	0.01660637930035591	0.06381146609783173	0.06381146609783173	0.06381146609783173	0.01916999742388725	0.01238577347248793	0.01501394435763359	0.03503193333745003	0.01294857915490866	0.0276656448841095	0.02090539783239365	0.01129662711173296	0.01047004293650389	0.01047004293650389	0.01047004293650389	0.004140399396419525	0.01048228796571493	0.004140399396419525	0.006606688257306814	0.004140399396419525	0.006607040297240019	0.009770269505679607	0.01338618900626898	0.02890611626207829	0.007948671467602253	0.00639714952558279	0.01047004293650389	0.01047004293650389	0.008618046529591084	0.00616580992937088	0.01047004293650389	0.00739559018984437	0.01060495711863041	0.01435788813978434	0.007182488683611155	0.0175288300961256	0.006475837901234627	0.004140399396419525	0.005140993278473616	0.004140399396419525	0.0222131535410881	0.004731066524982452	0.01047004293650389	0.004140399396419525	0.01047004293650389	0.004140399396419525	0.01117108389735222	0.01180715300142765	0.01086905226111412	0.0116849709302187	0.008394975215196609	0.004466582555323839	0.00455474341288209	0.01026508025825024	0.01137649733573198	0.01047004293650389	0.01155936066061258	0.004140399396419525	0.01726371236145496	0.004140399396419525	0.004140399396419525	0.006575736682862043	0.01510590314865112	0.009035374969244003	0.01792271621525288	0.01458662189543247	0.03848154470324516	0.03617264330387115	0.01237885095179081	0.004140399396419525	0.006537686567753553	0.03154827654361725	0.01896741986274719	0.02915877662599087	0.01335201133042574	0.04049397632479668	0.01148357894271612	0.0135300075635314	0.04465324804186821	0.01148940157145262	0.01221974845975637	0.03503436595201492	0.008457294665277004	0.004140399396419525	0.008071940392255783	0.004140399396419525	0.01453706622123718	0.006003617774695158	0.00625276705250144	0.004140399396419525	0.004140399396419525	0.01195662561804056	0.00505954260006547	0.004140399396419525	0.004492452368140221	0	0.00830578338354826	0.007151854690164328	0.009421567432582378	0.008707555010914803	0.006522004026919603	0.003004536731168628	0.004140399396419525	0.01774459704756737	0.009620724245905876	0.01947819627821445	0.006464130710810423	0.004140399396419525	0.00490096677094698	0.009297335520386696	0.004845053423196077	0.004140399396419525	0.005454460624605417	0.007309097796678543	0.005627245176583529	0.01172052696347237	0.01043804362416267	0.004140399396419525	0.007385134231299162	0.004492726176977158	0.01001518126577139
S5-male-2	0.01048548519611359	0.01048553548753262	0.0203392282128334	0.01129824481904507	0.01119073573499918	0.01048553548753262	0.0104853855445981	0.02267536334693432	0.0104855103418231	0.01165580376982689	0.01048553548753262	0.01030969619750977	0.01141830906271935	0.02608596161007881	0.05876200273633003	0.01444834377616644	0.01048553548753262	0.01618060097098351	0.01422219630330801	0.06971365213394165	0.0235128179192543	0.0235128179192543	0.0235128179192543	0.01823144964873791	0.0235128179192543	0.02415243722498417	0.01841115206480026	0.06607333570718765	0.0152727272361517	0.03877627477049828	0.0147654814645648	0.01681511476635933	0.01750182174146175	0.01517540775239468	0.01599526219069958	0.01837927661836147	0.02158963680267334	0.0612013190984726	0.02353526838123798	0.06876020133495331	0.06876020133495331	0.06876020133495331	0.02516357228159904	0.01837927661836147	0.02100744843482971	0.03962916135787964	0.01894214376807213	0.03307806700468063	0.02550262771546841	0.01729013025760651	0.01681511476635933	0.01681511476635933	0.01681511476635933	0.01048553548753262	0.0164758525788784	0.01048553548753262	0.01260025519877672	0.01048553548753262	0.01189421955496073	0.01716507226228714	0.0193821769207716	0.03478886559605598	0.01522775925695896	0.01367623824626207	0.01681511476635933	0.01681511476635933	0.01589714549481869	0.01251088362187147	0.01681511476635933	0.01374066434800625	0.01799974404275417	0.02035145461559296	0.01457727886736393	0.02352239564061165	0.01422219630330801	0.01048553548753262	0.01148606743663549	0.01048553548753262	0.02221323363482952	0.01107614114880562	0.01681511476635933	0.01048553548753262	0.01681511476635933	0.01048553548753262	0.01821666769683361	0.01780065521597862	0.01721412502229214	0.01767847687005997	0.01438847836107016	0.01046125125139952	0.01066621392965317	0.0166101511567831	0.01783818192780018	0.01681511476635933	0.01790443249046803	0.01048553548753262	0.02325727976858616	0.01048553548753262	0.01048553548753262	0.01292081084102392	0.01801692508161068	0.01573070324957371	0.02286896482110023	0.02116753719747066	0.04307871311903	0.04170388728380203	0.01965793967247009	0.01048553548753262	0.01405041106045246	0.03626219555735588	0.02566536143422127	0.03504153713583946	0.02016656100749969	0.04637672379612923	0.01829813048243523	0.0181258637458086	0.04960198327898979	0.01783447340130806	0.01915091276168823	0.03969253599643707	0.01620365120470524	0.01048553548753262	0.01080254931002855	0.01048553548753262	0.02040930837392807	0.01223062723875046	0.01118968892842531	0.01048553548753262	0.01048553548753262	0.0171351358294487	0.008686970919370651	0.01048553548753262	0.01013348158448935	0.00830578338354826	0	0.01208863221108913	0.01471086777746677	0.001926785800606012	0.01155758462846279	0.008040177635848522	0.01048553548753262	0.02240557782351971	0.01354109402745962	0.01398192439228296	0.01079560443758965	0.01048553548753262	0.01159149222075939	0.009493124671280384	0.01083862129598856	0.01048553548753262	0.01109556388109922	0.01259840000420809	0.003908119164407253	0.01572564244270325	0.01526144053786993	0.01048553548753262	0.01197160501033068	0.0106620779260993	0.01647575385868549
S5-male-3	0.005228066816926003	0.005461620166897774	0.02240021526813507	0.003949477337300777	0.005462167784571648	0.005461620166897774	0.005227966234087944	0.01554225478321314	0.005344843491911888	0.00557693000882864	0.005461620166897774	0.005285781808197498	0.003658137284219265	0.02020628936588764	0.05424810945987701	0.004994381219148636	0.005461620166897774	0.009170789271593094	0.008847975172102451	0.07282949984073639	0.01831311732530594	0.01831311732530594	0.01831311732530594	0.01279824692755938	0.01831311732530594	0.01585975848138332	0.01047035213559866	0.05801573395729065	0.006805525626987219	0.02889897674322128	0.008860045112669468	0.010909678414464	0.01089173369109631	0.009269971400499344	0.01008982490748167	0.0117691857740283	0.01390941254794598	0.05756896361708641	0.01337543502449989	0.0607025995850563	0.0607025995850563	0.0607025995850563	0.02027873881161213	0.0117691857740283	0.009269136935472488	0.02998537011444569	0.0132135758176446	0.03022978641092777	0.0158588383346796	0.01068003941327333	0.010909678414464	0.010909678414464	0.010909678414464	0.005461620166897774	0.01074728555977345	0.005461620166897774	0.006871686317026615	0.005461620166897774	0.005932146683335304	0.01192993298172951	0.0101077975705266	0.02720977738499641	0.009088818915188313	0.007537297904491425	0.010909678414464	0.010909678414464	0.01060193870216608	0.006605447269976139	0.010909678414464	0.007835227996110916	0.01192086935043335	0.01462288293987513	0.008498404175043106	0.01779382675886154	0.008847975172102451	0.005461620166897774	0.005580630153417587	0.005461620166897774	0.02532907947897911	0.005170703865587711	0.010909678414464	0.005461620166897774	0.010909678414464	0.005461620166897774	0.00835969764739275	0.006774364970624447	0.006180468015372753	0.006289249751716852	0.007778387516736984	0.00455581396818161	0.004760777577757835	0.01070471573621035	0.01303905714303255	0.010909678414464	0.00793188065290451	0.005461620166897774	0.01309866458177567	0.005461620166897774	0.005461620166897774	0.00701537448912859	0.01863125525414944	0.009591761976480484	0.01305186934769154	0.01129671931266785	0.0334349162876606	0.03217920660972595	0.009088950231671333	0.005461620166897774	0.007794653065502644	0.02650164812803268	0.02240671031177044	0.02671262435615063	0.01106046326458454	0.03808561712503433	0.009192032739520073	0.00901450589299202	0.04066284000873566	0.009364927187561989	0.01115112565457821	0.03332240134477615	0.005701209884136915	0.005461620166897774	0.007081485819071531	0.005461620166897774	0.01096149068325758	0.003314102068543434	0.005989991128444672	0.005461620166897774	0.005461620166897774	0.007557940203696489	0.006859960500150919	0.005461620166897774	0.005109567195177078	0.007151854690164328	0.01208863221108913	0	0.009511169046163559	0.01389861665666103	0.009377448819577694	0.006741566117852926	0.005461620166897774	0.01431553810834885	0.007347037084400654	0.02572024799883366	0.008615468628704548	0.005461620166897774	0.003653161693364382	0.007419046014547348	0.005285835824906826	0.005461620166897774	0.00333123211748898	0.007398702204227448	0.01057728193700314	0.006969851907342672	0.005980781745165586	0.005461620166897774	0.0007621499826200306	0.005109293386340141	0.01051368191838264
s6-Female-1	0.005514722317457199	0.005281168967485428	0.02146591246128082	0.006793385371565819	0.005635613109916449	0.005281168967485428	0.005981828551739454	0.02241235412657261	0.005397945642471313	0.007033827714622021	0.005281168967485428	0.004929090850055218	0.008593340404331684	0.01880251988768578	0.06264452636241913	0.01157479919493198	0.005281168967485428	0.01645206287503242	0.009952242486178875	0.07363560795783997	0.008801947347819805	0.008801947347819805	0.008801947347819805	0.004454994574189186	0.008801947347819805	0.01002427376806736	0.01786842942237854	0.06553061306476593	0.01146867871284485	0.03717884421348572	0.01143006794154644	0.01347970031201839	0.01205699797719717	0.01183999422937632	0.01265984680503607	0.01311023626476526	0.01631850190460682	0.06508384644985199	0.0193096399307251	0.06821747869253159	0.06821747869253159	0.06821747869253159	0.01910045184195042	0.01311023626476526	0.01608501374721527	0.03785594925284386	0.01145258266478777	0.02986782602965832	0.02425677143037319	0.01307579595595598	0.01347970031201839	0.01347970031201839	0.01347970031201839	0.005281168967485428	0.008986292406916618	0.005281168967485428	0.006516968365758657	0.005281168967485428	0.004929404240101576	0.01350162085145712	0.01779219321906567	0.03424613922834396	0.01189234480261803	0.01034082472324371	0.01347970031201839	0.01347970031201839	0.01375455036759377	0.009175470098853111	0.01347970031201839	0.01040524989366531	0.01144459657371044	0.01286189258098602	0.01013154163956642	0.01603283733129501	0.009952242486178875	0.005281168967485428	0.008150652982294559	0.005281168967485428	0.02613519504666328	0.007740726694464684	0.01347970031201839	0.005281168967485428	0.01347970031201839	0.005281168967485428	0.01627759821712971	0.01446027774363756	0.01457688398659229	0.0150387492030859	0.01070149522274733	0.00712583726271987	0.007330800406634808	0.01327473856508732	0.01630725339055061	0.01347970031201839	0.01561627630144358	0.005281168967485428	0.01809854246675968	0.005281168967485428	0.005281168967485428	0.009585396386682987	0.02189944870769978	0.01239528693258762	0.02197715267539024	0.0199266392737627	0.04200863465666771	0.04098537936806679	0.01771886833012104	0.005281168967485428	0.01048136129975319	0.03343427553772926	0.02590841054916382	0.03534254431724548	0.0186920277774334	0.04583399742841721	0.01682359725236893	0.01682464964687824	0.04905925318598747	0.0148481447249651	0.01878269016742706	0.04083728045225143	0.01286550518125296	0.005281168967485428	0.01497671101242304	0.005281168967485428	0.01019559986889362	0.00959338340908289	0.003873559413477778	0.005281168967485428	0.005281168967485428	0.01536802016198635	0.00708127161487937	0.005281168967485428	0.005105305463075638	0.009421567432582378	0.01471086777746677	0.009511169046163559	0	0.01628527417778969	0.01264564134180546	0.007726525887846947	0.005281168967485428	0.02012880891561508	0.007116479333490133	0.0283404104411602	0.01205985248088837	0.005281168967485428	0.007434963248670101	0.01640181615948677	0.005634254310280085	0.005281168967485428	0.006883713416755199	0.002112467540428042	0.01378568634390831	0.01436988729983568	0.01191396825015545	0.005281168967485428	0.008925209753215313	0.0054577118717134	0.009453400038182735
S6-female-2	0.01100405864417553	0.01100410800427198	0.0213309284299612	0.01181681547313929	0.01311752293258905	0.01100410800427198	0.01100395806133747	0.02401944249868393	0.01100408285856247	0.01276127714663744	0.01100410800427198	0.01135618612170219	0.01334509439766407	0.02766036987304688	0.0581447072327137	0.01496691722422838	0.01100410800427198	0.0166991725564003	0.01462396793067455	0.06915734708309174	0.02508722059428692	0.02508722059428692	0.02508722059428692	0.01980585418641567	0.02508722059428692	0.02572684548795223	0.01892972551286221	0.06600920855998993	0.01585027948021889	0.0390637069940567	0.01505043543875217	0.01710006780922413	0.0181383453309536	0.01546036172658205	0.01628021523356438	0.01901579834520817	0.02258133701980114	0.06058402732014656	0.02428860776126385	0.06869607418775558	0.06869607418775558	0.06869607418775558	0.02603371441364288	0.01901579834520817	0.02164396829903126	0.03991659358143806	0.01981228403747082	0.03394820541143417	0.02613915130496025	0.01792665384709835	0.01710006780922413	0.01710006780922413	0.01710006780922413	0.01100410800427198	0.01734599657356739	0.01100410800427198	0.01347039733082056	0.01100410800427198	0.0138210067525506	0.01791841350495815	0.01966712810099125	0.03472472727298737	0.01551271323114634	0.01396119222044945	0.01710006780922413	0.01710006780922413	0.01618210040032864	0.01279583852738142	0.01710006780922413	0.01402561832219362	0.01875308342278004	0.02122159488499165	0.01533061917871237	0.02439253963530064	0.01462396793067455	0.01100410800427198	0.01177102141082287	0.01100410800427198	0.0216569360345602	0.01136109419167042	0.01710006780922413	0.01100410800427198	0.01710006780922413	0.01100410800427198	0.01850161887705326	0.01843717880547047	0.01749907806515694	0.01831499673426151	0.01502500008791685	0.01074620429426432	0.01095116697251797	0.01689510606229305	0.01812313497066498	0.01710006780922413	0.01818938553333282	0.01100410800427198	0.02412742190063	0.01100410800427198	0.01100410800427198	0.0132057648152113	0.01739963516592979	0.01601565629243851	0.02350548468530178	0.02145248837769032	0.04336614161729813	0.04199132323265076	0.01994289271533489	0.01100410800427198	0.014452182687819	0.03654962405562401	0.02595031633973122	0.03497740253806114	0.02056833170354366	0.04631258547306061	0.01869990117847919	0.01899600401520729	0.04953784123063087	0.01811942644417286	0.01955268159508705	0.03962840139865875	0.01660542190074921	0.01100410800427198	0.01196739356964827	0.01100410800427198	0.02221929095685482	0.01286714896559715	0.01311647612601519	0.01100410800427198	0.01100410800427198	0.01800527796149254	0.01061375718563795	0.01100410800427198	0.01135616097599268	0.008707555010914803	0.001926785800606012	0.01389861665666103	0.01628527417778969	0	0.01184253767132759	0.008558750152587891	0.01100410800427198	0.02374965883791447	0.01529168896377087	0.01205513812601566	0.01178466342389584	0.01100410800427198	0.01304909680038691	0.01118629053235054	0.01170876249670982	0.01100410800427198	0.01231824327260256	0.01417280733585358	0.005189781077206135	0.01765242777764797	0.01683584600687027	0.01100410800427198	0.01389839127659798	0.01135643571615219	0.01734589599072933
S6-female-3	0.007364428136497736	0.007364477962255478	0.0219082199037075	0.00817718543112278	0.009477891027927399	0.007364477962255478	0.007364328019320965	0.02165536768734455	0.007364452816545963	0.008420833386480808	0.007364477962255478	0.007716556079685688	0.01005455013364553	0.02777472138404846	0.05596771836280823	0.01202545873820782	0.007364477962255478	0.01480497699230909	0.008998703211545944	0.07293298840522766	0.02144758775830269	0.02144758775830269	0.02144758775830269	0.01616621948778629	0.02144758775830269	0.0220872089266777	0.0173846110701561	0.06084165722131729	0.01022501848638058	0.03307194635272026	0.00320789753459394	0.005257532000541687	0.007992827333509922	0.003617824288085103	0.004437678027898073	0.007173261605203152	0.02138530649244785	0.05928856879472733	0.020411416888237	0.06352851539850235	0.06352851539850235	0.06352851539850235	0.0223940797150135	0.007173261605203152	0.01103121321648359	0.03245704248547554	0.01617265120148659	0.0315013974905014	0.01639113202691078	0.006084115244448185	0.005257532000541687	0.005257532000541687	0.005257532000541687	0.007364477962255478	0.01370636094361544	0.007364477962255478	0.009830765426158905	0.007364477962255478	0.01018137391656637	0.01229314878582954	0.008871850557625294	0.03037489578127861	0.004490060266107321	0.004990413319319487	0.005257532000541687	0.005257532000541687	0.007621230557560921	0.003470172872766852	0.005257532000541687	0.002416700124740601	0.01476304233074188	0.01758196018636227	0.009705354459583759	0.02075290493667126	0.008998703211545944	0.007364477962255478	0.004494990222156048	0.007364477962255478	0.02636704966425896	0.004904917441308498	0.005257532000541687	0.007364477962255478	0.005257532000541687	0.007364477962255478	0.007533564232289791	0.00659464206546545	0.005656542256474495	0.007407780736684799	0.004059627652168274	0.0055198073387146	0.005314844660460949	0.005052568390965462	0.006280599627643824	0.005257532000541687	0.006695935968309641	0.007364477962255478	0.02118596062064171	0.007364477962255478	0.007364477962255478	0.003060246352106333	0.0159764364361763	0.004173118621110916	0.01340837962925434	0.01347027625888586	0.03714074939489365	0.03652847558259964	0.009151142090559006	0.007364477962255478	0.007769073825329542	0.03096559643745422	0.01530060078948736	0.02769415825605392	0.01633941382169724	0.04126185551285744	0.01470458600670099	0.01710180565714836	0.04190199077129364	0.00627689016982913	0.01532376278191805	0.03609617799520493	0.01098015904426575	0.007364477962255478	0.00537972105666995	0.007364477962255478	0.01810849457979202	0.006939909420907497	0.009476844221353531	0.007364477962255478	0.007364477962255478	0.01576199382543564	0.006621514447033405	0.007364477962255478	0.007716531399637461	0.006522004026919603	0.01155758462846279	0.009377448819577694	0.01264564134180546	0.01184253767132759	0	0.004919122904539108	0.007364477962255478	0.02085886895656586	0.01235023234039545	0.02086068317294121	0.0007619798998348415	0.007364477962255478	0.009059058502316475	0.01178631000220776	0.008069131523370743	0.007364477962255478	0.00850230548530817	0.01053317543119192	0.009579488076269627	0.0154091427102685	0.0142434760928154	0.007364477962255478	0.009377224370837212	0.007716805208474398	0.01370626129209995
S6-male-1	0.002445307560265064	0.00244535761885345	0.02430172637104988	0.003258064156398177	0.004558772314339876	0.00244535761885345	0.002912415191531181	0.01953963376581669	0.002445332705974579	0.005020140204578638	0.00244535761885345	0.002797435270622373	0.005369050893932581	0.02425731904804707	0.05753699690103531	0.007573577575385571	0.00244535761885345	0.01105395145714283	0.006882831454277039	0.07058368623256683	0.01652847416698933	0.01652847416698933	0.01652847416698933	0.01194791775196791	0.01652847416698933	0.01716809533536434	0.0138672087341547	0.06152939796447754	0.008109144866466522	0.03458390012383461	0.008127020671963692	0.0101766549050808	0.01121493149548769	0.008536946959793568	0.009356801398098469	0.01209238450974226	0.0181015245616436	0.05997630953788757	0.0179451834410429	0.0642162561416626	0.0642162561416626	0.0642162561416626	0.01747496426105499	0.01209238450974226	0.01472055446356535	0.03543679043650627	0.01125353761017323	0.02681590057909489	0.02131025306880474	0.01100323908030987	0.0101766549050808	0.0101766549050808	0.0101766549050808	0.00244535761885345	0.008787247352302074	0.00244535761885345	0.00491164717823267	0.00244535761885345	0.005379058420658112	0.01017727609723806	0.0137909734621644	0.03024492226541042	0.008589298464357853	0.007037777453660965	0.0101766549050808	0.0101766549050808	0.009258684702217579	0.005872422829270363	0.0101766549050808	0.007102202624082565	0.01101194880902767	0.01266284752637148	0.007589482236653566	0.01583379134535789	0.006882831454277039	0.00244535761885345	0.004847605712711811	0.00244535761885345	0.02308326959609985	0.004437678959220648	0.0101766549050808	0.00244535761885345	0.0101766549050808	0.00244535761885345	0.01227637752890587	0.01151376403868198	0.01057566422969103	0.011740667745471	0.008101585321128368	0.003822789527475834	0.004027752671390772	0.009971692226827145	0.0111997202038765	0.0101766549050808	0.01161505747586489	0.00244535761885345	0.01673408411443233	0.00244535761885345	0.00244535761885345	0.006282349582761526	0.01679191738367081	0.009092241525650024	0.01832750253379345	0.01592542044818401	0.03888633847236633	0.03751152008771896	0.01371764950454235	0.00244535761885345	0.007178314495831728	0.03206982091069221	0.0202197190374136	0.0304975900799036	0.01469080988317728	0.04183278232812881	0.01282237842679024	0.01335078198462725	0.04505803436040878	0.01119601354002953	0.01367515977472067	0.03514859080314636	0.008864285424351692	0.00244535761885345	0.007953889667987823	0.00244535761885345	0.01587586477398872	0.005943734664469957	0.004557725507766008	0.00244535761885345	0.00244535761885345	0.01189415249973536	0.002522246446460485	0.00244535761885345	0.002797410590574145	0.003004536731168628	0.008040177635848522	0.006741566117852926	0.007726525887846947	0.008558750152587891	0.004919122904539108	0	0.00244535761885345	0.01926984824240208	0.008015152998268604	0.02061388455331326	0.004861249588429928	0.00244535761885345	0.005307959858328104	0.01008269377052784	0.003150011645630002	0.00244535761885345	0.003759491024538875	0.005614058114588261	0.00676286406815052	0.01142449956387281	0.01002521440386772	0.00244535761885345	0.006507738027721643	0.002797684632241726	0.009020751342177391
S6-male-2	0.0002335539174964651	0	0.02674708142876625	0.001512217451818287	0.002113415161147714	0	0.0007006616797298193	0.0201223399490118	0.0001167768859886564	0.002808386692777276	0	0.0003520778845995665	0.005951754748821259	0.0240836888551712	0.057363361120224	0.006293631624430418	0	0.0111708976328373	0.004671077709645033	0.07099121063947678	0.01408311631530523	0.01408311631530523	0.01408311631530523	0.009736164472997189	0.01408311631530523	0.01530544273555279	0.01258726231753826	0.0602494515478611	0.006363295949995518	0.03330395370721817	0.006148901768028736	0.008198535069823265	0.00923681166023016	0.006558828521519899	0.007378681562840939	0.01011426467448473	0.01737473718822002	0.05980267748236656	0.01666523888707161	0.06293631345033646	0.06293631345033646	0.06293631345033646	0.01645604521036148	0.01011426467448473	0.01344061084091663	0.03415684029459953	0.008808179758489132	0.02722342126071453	0.0200303103774786	0.009025119245052338	0.008198535069823265	0.008198535069823265	0.008198535069823265	0	0.006341889500617981	0	0.002466290490701795	0	0.003167304443195462	0.009275159798562527	0.01251102704554796	0.02896497398614883	0.006611179560422897	0.005059659015387297	0.008198535069823265	0.008198535069823265	0.008473385125398636	0.003894304390996695	0.008198535069823265	0.005124084651470184	0.008800193667411804	0.01021748967468739	0.005377728957682848	0.0133884334936738	0.004671077709645033	0	0.00286948774009943	0	0.0234907940030098	0.002459560753777623	0.008198535069823265	0	0.008198535069823265	0	0.01099643297493458	0.01023381762206554	0.009295717813074589	0.01046072226017714	0.0061234668828547	0.001844670623540878	0.002049633767455816	0.007993572391569614	0.01102608721703291	0.008198535069823265	0.01033511199057102	0	0.01545413956046104	0	0	0.004304231144487858	0.0166182853281498	0.007114122156053782	0.01704755611717701	0.01464547403156757	0.03760638833045959	0.03623156622052193	0.01243770308792591	0	0.00520019605755806	0.03078987449407578	0.02062724530696869	0.03006137907505035	0.01341086346656084	0.04055283218622208	0.01154243294149637	0.01207083649933338	0.04377808794379234	0.009566979482769966	0.01350152399390936	0.0355561152100563	0.007584339939057827	0	0.01039924565702677	0	0.01459591928869486	0.00466378778219223	0.002112368820235133	0	0	0.01061420608311892	0.004967603832483292	0	0.0003520532627590001	0.004140399396419525	0.01048553548753262	0.005461620166897774	0.005281168967485428	0.01100410800427198	0.007364477962255478	0.00244535761885345	0	0.01854305900633335	0.0104605108499527	0.02305924333631992	0.007306605111807585	0	0.003562110010534525	0.01252805255353451	0.0007046543760225177	0	0.002130461158230901	0.003168701194226742	0.009208221919834614	0.01014455314725637	0.008745267987251282	0	0.005227793008089066	0.0003523271880112588	0.006808997597545385
S6-male-3	0.01830950379371643	0.01854305900633335	0.01466452516615391	0.01703091152012348	0.0185451228171587	0.01854305900633335	0.01784239523112774	0.00405716011300683	0.01842628233134747	0.01766916178166866	0.01854305900633335	0.0183672197163105	0.01390079781413078	0.02596588805317879	0.05005798116326332	0.01224942691624165	0.01854305900633335	0.01220300421118736	0.01982732862234116	0.08145633339881897	0.02893075346946716	0.02893075346946716	0.02893075346946716	0.02271537110209465	0.02893075346946716	0.02700626663863659	0.005955795757472515	0.048959631472826	0.01831374503672123	0.01967332325875759	0.0208946205675602	0.0229442548006773	0.02275204099714756	0.02130454778671265	0.0221244003623724	0.02362949401140213	0.005853688344359398	0.06549416482448578	0.0154409296810627	0.05164648965001106	0.05164648965001106	0.05164648965001106	0.03263274952769279	0.02362949401140213	0.02112944424152374	0.02146022953093052	0.0261207427829504	0.04223470762372017	0.01041575241833925	0.02254034765064716	0.0229442548006773	0.0229442548006773	0.0229442548006773	0.01854305900633335	0.02365445345640182	0.01854305900633335	0.01977885887026787	0.01854305900633335	0.01660927757620811	0.0223576445132494	0.01447081379592419	0.01947246678173542	0.02030613087117672	0.01875461079180241	0.0229442548006773	0.0229442548006773	0.02126609534025192	0.01875682733952999	0.0229442548006773	0.01986980438232422	0.02366036735475063	0.02753005176782608	0.02000662684440613	0.03070099838078022	0.01982732862234116	0.01854305900633335	0.01831601932644844	0.01854305900633335	0.0350058488547802	0.01813969574868679	0.0229442548006773	0.01854305900633335	0.0229442548006773	0.01854305900633335	0.01481289230287075	0.0188104584813118	0.01821504347026348	0.01611972600221634	0.02016604878008366	0.01810884661972523	0.01808018982410431	0.02273929119110107	0.02446217089891434	0.0229442548006773	0.01740927062928677	0.01854305900633335	0.02017944119870663	0.01854305900633335	0.01854305900633335	0.01904994994401932	0.02772756479680538	0.02150958590209484	0.01104933395981789	0.01086124684661627	0.02526134252548218	0.02318732254207134	0.01447986904531717	0.01854305900633335	0.01947923377156258	0.01797650940716267	0.03272178396582603	0.01699133031070232	0.01038703136146069	0.02821224741637707	0.008518600836396217	0.00805883202701807	0.03231196105480194	0.02139950357377529	0.01499445084482431	0.02382993884384632	0.01668056286871433	0.01854305900633335	0.01804451458156109	0.01854305900633335	0.01233435608446598	0.016695162281394	0.01678316667675972	0.01854305900633335	0.01854305900633335	0.009515462443232536	0.01692390814423561	0.01854305900633335	0.01819100417196751	0.01774459704756737	0.02240557782351971	0.01431553810834885	0.02012880891561508	0.02374965883791447	0.02085886895656586	0.01926984824240208	0.01854305900633335	0	0.01724221743643284	0.03288648277521133	0.02009688876569271	0.01854305900633335	0.01556693110615015	0.0146746588870883	0.01889614388346672	0.01854305900633335	0.01641266606748104	0.01801634207367897	0.02060321345925331	0.008398504927754402	0.01032650843262672	0.01854305900633335	0.01402049511671066	0.01871960051357746	0.02318734675645828
S7-female-1	0.0103437090292573	0.0104605108499527	0.01763725467026234	0.008948366157710552	0.009581024758517742	0.0104605108499527	0.01046041026711464	0.01715852878987789	0.01034373417496681	0.01045466866344213	0.0104605108499527	0.01010843273252249	0.005213514901697636	0.01653510890901089	0.05949772149324417	0.009651108644902706	0.0104605108499527	0.01301468070596457	0.01443082373589277	0.07379789650440216	0.0159184243530035	0.0159184243530035	0.0159184243530035	0.01087071280926466	0.0159184243530035	0.01293619908392429	0.01582793705165386	0.0634901151061058	0.01238837279379368	0.03396385908126831	0.01555812917649746	0.01760776527225971	0.01512732170522213	0.01596805453300476	0.01678791083395481	0.01618055813014507	0.01372485607862473	0.06193703785538673	0.01627044007182121	0.06617698073387146	0.06617698073387146	0.06617698073387146	0.02197139710187912	0.01618055813014507	0.01386073604226112	0.03475771844387054	0.01574996672570705	0.03072962909936905	0.02115853503346443	0.01614611782133579	0.01760776527225971	0.01760776527225971	0.01760776527225971	0.0104605108499527	0.01328367833048105	0.0104605108499527	0.01063857041299343	0.0104605108499527	0.008407659828662872	0.01561282388865948	0.0161077082157135	0.03244490548968315	0.01590365543961525	0.01435213349759579	0.01760776527225971	0.01760776527225971	0.01657304167747498	0.01330353133380413	0.01760776527225971	0.01453331205993891	0.0150412218645215	0.01715927757322788	0.01355238165706396	0.02033022232353687	0.01443082373589277	0.0104605108499527	0.01227871607989073	0.0104605108499527	0.02629748918116093	0.01186878886073828	0.01760776527225971	0.0104605108499527	0.01760776527225971	0.0104605108499527	0.01447636261582375	0.01241622678935528	0.01323456224054098	0.01228960510343313	0.01377181801944971	0.01125390082597733	0.01145886350423098	0.01740279980003834	0.01863083057105541	0.01760776527225971	0.01428087987005711	0.0104605108499527	0.01529289502650499	0.0104605108499527	0.0104605108499527	0.01371345855295658	0.02352485433220863	0.01640659756958485	0.01887892000377178	0.01776939071714878	0.0389104001224041	0.03777039796113968	0.01556162349879742	0.0104605108499527	0.01449267193675041	0.03039507381618023	0.02718499302864075	0.03234156593680382	0.01653478108346462	0.04367676004767418	0.01466635055840015	0.01372641790658236	0.04701876267790794	0.01606301218271255	0.01551913470029831	0.03710931539535522	0.01164006814360619	0.0104605108499527	0.009472844190895557	0.0104605108499527	0.008216722868382931	0.009600069373846054	0.008876711130142212	0.0104605108499527	0.0104605108499527	0.01215303502976894	0.006726470775902271	0.0104605108499527	0.01010845694690943	0.009620724245905876	0.01354109402745962	0.007347037084400654	0.007116479333490133	0.01529168896377087	0.01235023234039545	0.008015152998268604	0.0104605108499527	0.01724221743643284	0	0.02723007090389729	0.01158825121819973	0.0104605108499527	0.00888353306800127	0.009814206510782242	0.009755856357514858	0.0104605108499527	0.008506429381668568	0.007291809190064669	0.01197028812021017	0.01215320453047752	0.009873475879430771	0.0104605108499527	0.007406699005514383	0.01010818313807249	0.01316682621836662
S7-female-2	0.02282568998634815	0.02305924333631992	0.02872044593095779	0.02375512570142746	0.02517265826463699	0.02305924333631992	0.02235858328640461	0.03350784257054329	0.02294246666133404	0.02306483313441277	0.02305924333631992	0.02341132052242756	0.02540023066103458	0.03971543163061142	0.05892587453126907	0.02702205069363117	0.02305924333631992	0.02875423431396484	0.0235259011387825	0.07550670951604843	0.03714235499501228	0.03714235499501228	0.03714235499501228	0.03092697449028492	0.03714235499501228	0.0377819761633873	0.03098486363887787	0.07176876068115234	0.02475214004516602	0.04388926178216934	0.02395177818834782	0.02600141242146492	0.02774049900472164	0.02436170540750027	0.02518155798316002	0.02791714109480381	0.03463639691472054	0.06136518344283104	0.03400815278291702	0.074455626308918	0.074455626308918	0.074455626308918	0.0380888395011425	0.02791714109480381	0.0310125220566988	0.0456760935485363	0.03186741471290588	0.04600332677364349	0.03504042327404022	0.02682799659669399	0.02600141242146492	0.02600141242146492	0.02600141242146492	0.02305924333631992	0.02940112911164761	0.02305924333631992	0.0255255326628685	0.02305924333631992	0.02552588656544685	0.02693713642656803	0.02856847271323204	0.03943352401256561	0.02336328849196434	0.02216222323477268	0.02600141242146492	0.02600141242146492	0.0247335247695446	0.02263159863650799	0.02600141242146492	0.02316056564450264	0.02940704300999641	0.03327672183513641	0.02423255331814289	0.0364476703107357	0.0235259011387825	0.02305924333631992	0.02265805937349796	0.02305924333631992	0.03371205925941467	0.0227153729647398	0.02600141242146492	0.02305924333631992	0.02600141242146492	0.02305924333631992	0.02670245245099068	0.02733852341771126	0.02640042267739773	0.02744994312524796	0.02439355105161667	0.02280133962631226	0.02277268283069134	0.02579644881188869	0.02702448144555092	0.02600141242146492	0.02709073014557362	0.02305924333631992	0.03618255257606506	0.02305924333631992	0.02305924333631992	0.02280792035162449	0.02723539434373379	0.02456674352288246	0.03240682557225227	0.02930306643247604	0.04912570863962173	0.04670005291700363	0.02779346890747547	0.02305924333631992	0.02335411496460438	0.04370690882205963	0.0338008813560009	0.04073344543576241	0.02947026304900646	0.05102138966321945	0.02795223705470562	0.0310511402785778	0.05529741197824478	0.02702077105641365	0.028454614803195	0.04632236436009407	0.02550735510885715	0.02305924333631992	0.02110243961215019	0.02305924333631992	0.03170523047447205	0.02398793958127499	0.02517161145806313	0.02305924333631992	0.02305924333631992	0.02994366176426411	0.02266889251768589	0.02305924333631992	0.02341129630804062	0.01947819627821445	0.01398192439228296	0.02572024799883366	0.0283404104411602	0.01205513812601566	0.02086068317294121	0.02061388455331326	0.02305924333631992	0.03288648277521133	0.02723007090389729	0	0.02103641256690025	0.02305924333631992	0.02370305918157101	0.02160641923546791	0.02376389876008034	0.02305924333631992	0.02437330409884453	0.02622794173657894	0.01537653617560863	0.02970756217837334	0.02889098227024078	0.02305924333631992	0.02595352753996849	0.02341157011687756	0.02893402241170406
S7-female-3	0.007306554820388556	0.007306605111807585	0.02155604958534241	0.008119312115013599	0.008715910837054253	0.007306605111807585	0.007306454237550497	0.02089338749647141	0.00730657996609807	0.007835043594241142	0.007306605111807585	0.007130765821784735	0.009292569942772388	0.02718893066048622	0.05637708306312561	0.01196758449077606	0.007306605111807585	0.01474710367619991	0.009174433536827564	0.07269933074712753	0.02086179703474045	0.02086179703474045	0.02086179703474045	0.01558043155819178	0.02086179703474045	0.02150142379105091	0.01732673868536949	0.06125102192163467	0.01022496353834867	0.03307189419865608	0.003969877492636442	0.006019512191414833	0.007759168744087219	0.00437980517745018	0.005199658684432507	0.007759456988424063	0.02079951949417591	0.05969793349504471	0.02017775550484657	0.06393788009881973	0.06393788009881973	0.06393788009881973	0.02216042391955853	0.007759456988424063	0.01079755555838346	0.0326906219124794	0.01593899354338646	0.03126773983240128	0.01697732694447041	0.006670311093330383	0.006019512191414833	0.006019512191414833	0.006019512191414833	0.007306605111807585	0.01347270328551531	0.007306605111807585	0.009597107768058777	0.007306605111807585	0.009419393725693226	0.01229309476912022	0.00963383074849844	0.03055062890052795	0.004665790591388941	0.005166143644601107	0.006019512191414833	0.006019512191414833	0.00756335724145174	0.003412299323827028	0.006019512191414833	0.00294506037607789	0.01452938467264175	0.01734830252826214	0.009705299511551857	0.02051924541592598	0.009174433536827564	0.007306605111807585	0.004437116906046867	0.007306605111807585	0.02613339386880398	0.004847044125199318	0.006019512191414833	0.007306605111807585	0.006019512191414833	0.007306605111807585	0.008119235746562481	0.007180837914347649	0.006418522447347641	0.007407743018120527	0.004002277739346027	0.005461934488266706	0.005256970878690481	0.005814549047499895	0.00704257981851697	0.006019512191414833	0.0074579156935215	0.007306605111807585	0.02095230109989643	0.007306605111807585	0.007306605111807585	0.003002372803166509	0.01591856218874454	0.00493509927764535	0.01399457640945911	0.01364600658416748	0.03737432882189751	0.03652842342853546	0.009560506790876389	0.007306605111807585	0.007944804616272449	0.0307319387793541	0.01606258004903793	0.02810352295637131	0.01651514321565628	0.04155440255999565	0.01464671269059181	0.01686814613640308	0.04231135547161102	0.007038870360702276	0.01549949403852224	0.03603830188512802	0.01115588843822479	0.007306605111807585	0.004617741331458092	0.007306605111807585	0.01734651252627373	0.006706251762807369	0.008714864030480385	0.007306605111807585	0.007306605111807585	0.01552833430469036	0.005859533790498972	0.007306605111807585	0.006954551208764315	0.006464130710810423	0.01079560443758965	0.008615468628704548	0.01205985248088837	0.01178466342389584	0.0007619798998348415	0.004861249588429928	0.007306605111807585	0.02009688876569271	0.01158825121819973	0.02103641256690025	0	0.007306605111807585	0.008473269641399384	0.01102432981133461	0.007835473865270615	0.007306605111807585	0.007740323897451162	0.009947385638952255	0.008817508816719055	0.01464716251939535	0.01365768536925316	0.007306605111807585	0.008615244179964066	0.007483147550374269	0.01347260270267725
S7-male-1	0.0002335539174964651	0	0.02674708142876625	0.001512217451818287	0.002113415161147714	0	0.0007006616797298193	0.0201223399490118	0.0001167768859886564	0.002808386692777276	0	0.0003520778845995665	0.005951754748821259	0.0240836888551712	0.057363361120224	0.006293631624430418	0	0.0111708976328373	0.004671077709645033	0.07099121063947678	0.01408311631530523	0.01408311631530523	0.01408311631530523	0.009736164472997189	0.01408311631530523	0.01530544273555279	0.01258726231753826	0.0602494515478611	0.006363295949995518	0.03330395370721817	0.006148901768028736	0.008198535069823265	0.00923681166023016	0.006558828521519899	0.007378681562840939	0.01011426467448473	0.01737473718822002	0.05980267748236656	0.01666523888707161	0.06293631345033646	0.06293631345033646	0.06293631345033646	0.01645604521036148	0.01011426467448473	0.01344061084091663	0.03415684029459953	0.008808179758489132	0.02722342126071453	0.0200303103774786	0.009025119245052338	0.008198535069823265	0.008198535069823265	0.008198535069823265	0	0.006341889500617981	0	0.002466290490701795	0	0.003167304443195462	0.009275159798562527	0.01251102704554796	0.02896497398614883	0.006611179560422897	0.005059659015387297	0.008198535069823265	0.008198535069823265	0.008473385125398636	0.003894304390996695	0.008198535069823265	0.005124084651470184	0.008800193667411804	0.01021748967468739	0.005377728957682848	0.0133884334936738	0.004671077709645033	0	0.00286948774009943	0	0.0234907940030098	0.002459560753777623	0.008198535069823265	0	0.008198535069823265	0	0.01099643297493458	0.01023381762206554	0.009295717813074589	0.01046072226017714	0.0061234668828547	0.001844670623540878	0.002049633767455816	0.007993572391569614	0.01102608721703291	0.008198535069823265	0.01033511199057102	0	0.01545413956046104	0	0	0.004304231144487858	0.0166182853281498	0.007114122156053782	0.01704755611717701	0.01464547403156757	0.03760638833045959	0.03623156622052193	0.01243770308792591	0	0.00520019605755806	0.03078987449407578	0.02062724530696869	0.03006137907505035	0.01341086346656084	0.04055283218622208	0.01154243294149637	0.01207083649933338	0.04377808794379234	0.009566979482769966	0.01350152399390936	0.0355561152100563	0.007584339939057827	0	0.01039924565702677	0	0.01459591928869486	0.00466378778219223	0.002112368820235133	0	0	0.01061420608311892	0.004967603832483292	0	0.0003520532627590001	0.004140399396419525	0.01048553548753262	0.005461620166897774	0.005281168967485428	0.01100410800427198	0.007364477962255478	0.00244535761885345	0	0.01854305900633335	0.0104605108499527	0.02305924333631992	0.007306605111807585	0	0.003562110010534525	0.01252805255353451	0.0007046543760225177	0	0.002130461158230901	0.003168701194226742	0.009208221919834614	0.01014455314725637	0.008745267987251282	0	0.005227793008089066	0.0003523271880112588	0.006808997597545385
S7-male-2	0.003328556194901466	0.003562110010534525	0.02446924522519112	0.002049967413768172	0.004619691520929337	0.003562110010534525	0.002861448097974062	0.01749646663665771	0.003445333335548639	0.00280466116964817	0.003562110010534525	0.003210031893104315	0.005077612120658159	0.02227305807173252	0.05649383366107941	0.006358520593494177	0.003562110010534525	0.01088538020849228	0.005547292530536652	0.07233422994613647	0.01623691245913506	0.01623691245913506	0.01623691245913506	0.01002152916043997	0.01623691245913506	0.01431242376565933	0.01218494307249784	0.05937992781400681	0.004033713135868311	0.03114884160459042	0.008192569948732853	0.01024220418184996	0.01092891208827496	0.008602496236562729	0.009422349743545055	0.01180636510252953	0.01544730737805367	0.05893315002322197	0.01415987126529217	0.06206678599119186	0.06206678599119186	0.06206678599119186	0.01908387988805771	0.01180636510252953	0.01221951469779015	0.03293574601411819	0.01201871782541275	0.02961765229701996	0.01880921423435211	0.01071721874177456	0.01024220418184996	0.01024220418184996	0.01024220418184996	0.003562110010534525	0.009552427567541599	0.003562110010534525	0.005676830187439919	0.003562110010534525	0.004972918424755335	0.009333902969956398	0.01199750974774361	0.0271671861410141	0.00737057626247406	0.005819056183099747	0.01024220418184996	0.01024220418184996	0.009117200039327145	0.005937972571700811	0.01024220418184996	0.007167752832174301	0.009324840269982815	0.01342802681028843	0.005902374628931284	0.01659896969795227	0.005547292530536652	0.003562110010534525	0.004913155920803547	0.003562110010534525	0.02518421411514282	0.004503229632973671	0.01024220418184996	0.003562110010534525	0.01024220418184996	0.003562110010534525	0.009782402776181698	0.009368731640279293	0.008426190353929996	0.009239625185728073	0.007815566845238209	0.00423874519765377	0.004326906986534595	0.01003724150359631	0.01272066961973906	0.01024220418184996	0.009821592830121517	0.003562110010534525	0.01516745798289776	0.003562110010534525	0.003562110010534525	0.006347899325191975	0.01831286586821079	0.008807534351944923	0.01582646183669567	0.01249167416244745	0.03638529404997826	0.03372620046138763	0.01028390415012836	0.003562110010534525	0.005959594156593084	0.02945202589035034	0.02115430869162083	0.02790758199989796	0.01125706359744072	0.03839903697371483	0.009388633072376251	0.01143375039100647	0.04290856048464775	0.008697452023625374	0.01134772598743439	0.03468658030033112	0.005430540535598993	0.003562110010534525	0.008592515252530575	0.003562110010534525	0.01138981804251671	0.00464894063770771	0.004266166593879461	0.003562110010534525	0.003562110010534525	0.009860367514193058	0.006540767848491669	0.003562110010534525	0.003386246506124735	0.00490096677094698	0.01159149222075939	0.003653161693364382	0.007434963248670101	0.01304909680038691	0.009059058502316475	0.005307959858328104	0.003562110010534525	0.01556693110615015	0.00888353306800127	0.02370305918157101	0.008473269641399384	0.003562110010534525	0	0.01001893170177937	0.003915195818990469	0.003562110010534525	0.001901037991046906	0.005322497803717852	0.009031584486365318	0.008920004591345787	0.007285043131560087	0.003562110010534525	0.003886441700160503	0.003738652914762497	0.009085320867598057
S7-male-3	0.01229449920356274	0.01252805255353451	0.01656475849449635	0.01101590972393751	0.01235281489789486	0.01252805255353451	0.01194414310157299	0.01459188014268875	0.01241127587854862	0.01159229502081871	0.01252805255353451	0.01235221512615681	0.008337046951055527	0.02154861763119698	0.05382641777396202	0.009113926440477371	0.01252805255353451	0.01084618363529444	0.01474653743207455	0.07331620901823044	0.02520376071333885	0.02520376071333885	0.02520376071333885	0.01933863572776318	0.02520376071333885	0.02275040373206139	0.01307673566043377	0.0594540536403656	0.01270408742129803	0.03016386739909649	0.01499420776963234	0.01704384200274944	0.01685011014342308	0.01540413498878479	0.01622398756444454	0.01772756315767765	0.01567003130912781	0.05904337018728256	0.01580223813652992	0.06214091181755066	0.06214091181755066	0.06214091181755066	0.02632564678788185	0.01772756315767765	0.01522751618176699	0.03160051628947258	0.02010421827435493	0.03424014523625374	0.01747398264706135	0.01663841679692268	0.01704384200274944	0.01704384200274944	0.01704384200274944	0.01252805255353451	0.01763793081045151	0.01252805255353451	0.0137623343616724	0.01252805255353451	0.01270604319870472	0.01680897735059261	0.0129459872841835	0.02829783596098423	0.0148727260529995	0.01332120597362518	0.01704384200274944	0.01704384200274944	0.0155421132221818	0.01273960992693901	0.01704384200274944	0.01396938972175121	0.01811085268855095	0.02151352725923061	0.01439696550369263	0.0246844720095396	0.01474653743207455	0.01252805255353451	0.01194839924573898	0.01252805255353451	0.0265166312456131	0.01177207566797733	0.01704384200274944	0.01252805255353451	0.01704384200274944	0.01252805255353451	0.01119671761989594	0.0127327423542738	0.01231463067233562	0.01077418494969606	0.01373676583170891	0.0117412256076932	0.01171256974339485	0.01683887839317322	0.01806690916419029	0.01704384200274944	0.01259259972721338	0.01252805255353451	0.01704242080450058	0.01252805255353451	0.01252805255353451	0.01314953714609146	0.0204582754522562	0.01560917310416698	0.01519188564270735	0.01343556679785252	0.03505006060004234	0.03326726332306862	0.01192596927285194	0.01252805255353451	0.0140458308160305	0.02811679616570473	0.02531033009290695	0.02730956673622131	0.0133139668032527	0.0391736775636673	0.01144553534686565	0.01208679098635912	0.04245376586914062	0.01549908984452486	0.01229831762611866	0.03307323902845383	0.01159977167844772	0.01252805255353451	0.006406588479876518	0.01252805255353451	0.01338829565793276	0.009450978599488735	0.01288064010441303	0.01252805255353451	0.01252805255353451	0.01097931247204542	0.01002530567348003	0.01252805255353451	0.01217599958181381	0.009297335520386696	0.009493124671280384	0.007419046014547348	0.01640181615948677	0.01118629053235054	0.01178631000220776	0.01008269377052784	0.01252805255353451	0.0146746588870883	0.009814206510782242	0.02160641923546791	0.01102432981133461	0.01252805255353451	0.01001893170177937	0	0.01235226914286613	0.01252805255353451	0.01039766520261765	0.01428934931755066	0.007628894411027431	0.01039122510701418	0.009751240722835064	0.01252805255353451	0.008181195706129074	0.01217572577297688	0.01717082224786282
S8-female-1	0.0009382077842019498	0.0007046543760225177	0.02710016816854477	0.002216870663687587	0.00140876101795584	0.0007046543760225177	0.001405315706506371	0.01941768638789654	0.0008214309928007424	0.002103732200339437	0.0007046543760225177	0.0008809479186311364	0.006304840557277203	0.02337903529405594	0.05806801468133926	0.006998285185545683	0.0007046543760225177	0.01187555119395256	0.005375731736421585	0.07028655707836151	0.01443620212376118	0.01443620212376118	0.01443620212376118	0.01008924935013056	0.01443620212376118	0.01460078917443752	0.0132919168099761	0.06095410510897636	0.006363295949995518	0.03259930014610291	0.006853555794805288	0.008903190493583679	0.00853215716779232	0.007263482548296452	0.008083336055278778	0.00940961018204689	0.01772782206535339	0.06050733104348183	0.01596058160066605	0.06364096701145172	0.06364096701145172	0.06364096701145172	0.01575139164924622	0.00940961018204689	0.01273595541715622	0.03345218673348427	0.008103525266051292	0.02651876769959927	0.01932565681636333	0.008320464752614498	0.008903190493583679	0.008903190493583679	0.008903190493583679	0.0007046543760225177	0.005637234542518854	0.0007046543760225177	0.001761635881848633	0.0007046543760225177	0.002462650183588266	0.008570506237447262	0.01321568060666323	0.0296696275472641	0.00731583358719945	0.005764313042163849	0.008903190493583679	0.008903190493583679	0.009178039617836475	0.004598958417773247	0.008903190493583679	0.005828738212585449	0.008095539174973965	0.009512835182249546	0.004673074465245008	0.01268377900123596	0.005375731736421585	0.0007046543760225177	0.003574141301214695	0.0007046543760225177	0.02278614044189453	0.003164214547723532	0.008903190493583679	0.0007046543760225177	0.008903190493583679	0.0007046543760225177	0.01170108653604984	0.009529163129627705	0.01000037137418985	0.009756067767739296	0.005418812856078148	0.002549324417486787	0.002754287794232368	0.008698226884007454	0.01173074077814817	0.008903190493583679	0.01103976555168629	0.0007046543760225177	0.01474948413670063	0.0007046543760225177	0.0007046543760225177	0.005008884705603123	0.01732293888926506	0.007818776182830334	0.01634290255606174	0.01535012852400541	0.03690173476934433	0.03552691265940666	0.01314235851168633	0.0007046543760225177	0.005904850549995899	0.03008521720767021	0.02133189886808395	0.03076603263616562	0.01411551795899868	0.04125748947262764	0.01224708650261164	0.01136618200689554	0.04448274150490761	0.01027163304388523	0.01420617941766977	0.03626076877117157	0.008288993500173092	0.0007046543760225177	0.01022346224635839	0.0007046543760225177	0.01389126572757959	0.003959133289754391	0.002465454628691077	0.0007046543760225177	0.0007046543760225177	0.009909551590681076	0.005320689640939236	0.0007046543760225177	0.0008809232385829091	0.004845053423196077	0.01083862129598856	0.005285835824906826	0.005634254310280085	0.01170876249670982	0.008069131523370743	0.003150011645630002	0.0007046543760225177	0.01889614388346672	0.009755856357514858	0.02376389876008034	0.007835473865270615	0.0007046543760225177	0.003915195818990469	0.01235226914286613	0	0.0007046543760225177	0.002659331308677793	0.003521786769852042	0.009032437577843666	0.01049763895571232	0.009098353795707226	0.0007046543760225177	0.005580877885222435	0.0003523271880112588	0.006104342639446259
S8-female-2	0.0002335539174964651	0	0.02674708142876625	0.001512217451818287	0.002113415161147714	0	0.0007006616797298193	0.0201223399490118	0.0001167768859886564	0.002808386692777276	0	0.0003520778845995665	0.005951754748821259	0.0240836888551712	0.057363361120224	0.006293631624430418	0	0.0111708976328373	0.004671077709645033	0.07099121063947678	0.01408311631530523	0.01408311631530523	0.01408311631530523	0.009736164472997189	0.01408311631530523	0.01530544273555279	0.01258726231753826	0.0602494515478611	0.006363295949995518	0.03330395370721817	0.006148901768028736	0.008198535069823265	0.00923681166023016	0.006558828521519899	0.007378681562840939	0.01011426467448473	0.01737473718822002	0.05980267748236656	0.01666523888707161	0.06293631345033646	0.06293631345033646	0.06293631345033646	0.01645604521036148	0.01011426467448473	0.01344061084091663	0.03415684029459953	0.008808179758489132	0.02722342126071453	0.0200303103774786	0.009025119245052338	0.008198535069823265	0.008198535069823265	0.008198535069823265	0	0.006341889500617981	0	0.002466290490701795	0	0.003167304443195462	0.009275159798562527	0.01251102704554796	0.02896497398614883	0.006611179560422897	0.005059659015387297	0.008198535069823265	0.008198535069823265	0.008473385125398636	0.003894304390996695	0.008198535069823265	0.005124084651470184	0.008800193667411804	0.01021748967468739	0.005377728957682848	0.0133884334936738	0.004671077709645033	0	0.00286948774009943	0	0.0234907940030098	0.002459560753777623	0.008198535069823265	0	0.008198535069823265	0	0.01099643297493458	0.01023381762206554	0.009295717813074589	0.01046072226017714	0.0061234668828547	0.001844670623540878	0.002049633767455816	0.007993572391569614	0.01102608721703291	0.008198535069823265	0.01033511199057102	0	0.01545413956046104	0	0	0.004304231144487858	0.0166182853281498	0.007114122156053782	0.01704755611717701	0.01464547403156757	0.03760638833045959	0.03623156622052193	0.01243770308792591	0	0.00520019605755806	0.03078987449407578	0.02062724530696869	0.03006137907505035	0.01341086346656084	0.04055283218622208	0.01154243294149637	0.01207083649933338	0.04377808794379234	0.009566979482769966	0.01350152399390936	0.0355561152100563	0.007584339939057827	0	0.01039924565702677	0	0.01459591928869486	0.00466378778219223	0.002112368820235133	0	0	0.01061420608311892	0.004967603832483292	0	0.0003520532627590001	0.004140399396419525	0.01048553548753262	0.005461620166897774	0.005281168967485428	0.01100410800427198	0.007364477962255478	0.00244535761885345	0	0.01854305900633335	0.0104605108499527	0.02305924333631992	0.007306605111807585	0	0.003562110010534525	0.01252805255353451	0.0007046543760225177	0	0.002130461158230901	0.003168701194226742	0.009208221919834614	0.01014455314725637	0.008745267987251282	0	0.005227793008089066	0.0003523271880112588	0.006808997597545385
S8-female-3	0.002130411332473159	0.002130461158230901	0.02479288354516029	0.0007349964580498636	0.003539769677445292	0.002130461158230901	0.002597518963739276	0.0181682538241148	0.002130436478182673	0.004177327733486891	0.002130461158230901	0.001954622799530625	0.003997673280537128	0.02230572514235973	0.05593707785010338	0.005043657496571541	0.002130461158230901	0.009920848533511162	0.006567935459315777	0.07212954759597778	0.01568565890192986	0.01568565890192986	0.01568565890192986	0.01110510714352131	0.01568565890192986	0.01376117579638958	0.01133728958666325	0.05899947509169579	0.005054281558841467	0.03170188143849373	0.007635816931724548	0.009685453027486801	0.01054794434458017	0.008045746013522148	0.0088655985891819	0.01142539642751217	0.0155967753380537	0.05855269730091095	0.01523948181420565	0.06168633326888084	0.06168633326888084	0.06168633326888084	0.01782801002264023	0.01142539642751217	0.01183854416012764	0.03255470469594002	0.01076285913586617	0.02836176380515099	0.01842817105352879	0.01033625192940235	0.009685453027486801	0.009685453027486801	0.009685453027486801	0.002130461158230901	0.00829656794667244	0.002130461158230901	0.004420967306941748	0.002130461158230901	0.004360055550932884	0.01053031533956528	0.0114407567307353	0.02807100676000118	0.008098096586763859	0.006546573713421822	0.009685453027486801	0.009685453027486801	0.009611203335225582	0.005381219089031219	0.009685453027486801	0.006610999815165997	0.01052126847207546	0.01217216718941927	0.007098801899701357	0.01534311193972826	0.006567935459315777	0.002130461158230901	0.004356402438133955	0.002130461158230901	0.0246291421353817	0.003946475684642792	0.009685453027486801	0.002130461158230901	0.009685453027486801	0.002130461158230901	0.009926161728799343	0.008987762965261936	0.007869438268244267	0.008858658373355865	0.007434598170220852	0.003331585554406047	0.003536548698320985	0.009480489417910576	0.0121639147400856	0.009685453027486801	0.009264840744435787	0.002130461158230901	0.01402838248759508	0.002130461158230901	0.002130461158230901	0.00579114630818367	0.01775611005723476	0.008601038716733456	0.01544549409300089	0.0132191926240921	0.03600432351231575	0.03462943062186241	0.01101142354309559	0.002130461158230901	0.006687111686915159	0.02918780408799648	0.02176505886018276	0.02863508462905884	0.01216088980436325	0.03930285573005676	0.01029245834797621	0.01064507942646742	0.04235180467367172	0.008140700869262218	0.01225155033171177	0.0343061201274395	0.006334364879876375	0.002130461158230901	0.008268858306109905	0.002130461158230901	0.01299784984439611	0.004501474555581808	0.003538722870871425	0.002130461158230901	0.002130461158230901	0.009188449010252953	0.005401324946433306	0.002130461158230901	0.001778408535756171	0.005454460624605417	0.01109556388109922	0.00333123211748898	0.006883713416755199	0.01231824327260256	0.00850230548530817	0.003759491024538875	0.002130461158230901	0.01641266606748104	0.008506429381668568	0.02437330409884453	0.007740323897451162	0.002130461158230901	0.001901037991046906	0.01039766520261765	0.002659331308677793	0.002130461158230901	0	0.004771245643496513	0.009818249382078648	0.008190474472939968	0.006967377848923206	0.002130461158230901	0.003097404027357697	0.002307004062458873	0.008530072867870331
S8-male-1	0.003402254777029157	0.003168701194226742	0.02357838302850723	0.00468091806396842	0.00352314580231905	0.003168701194226742	0.003869361476972699	0.0202998872846365	0.003285477869212627	0.004921361338347197	0.003168701194226742	0.002816623076796532	0.006480872631072998	0.02091498859226704	0.06053206324577332	0.009462332352995872	0.003168701194226742	0.01433959696441889	0.007839776575565338	0.07257784903049469	0.01091441512107849	0.01091441512107849	0.01091441512107849	0.006567462347447872	0.01091441512107849	0.01213674061000347	0.01575596258044243	0.06341814994812012	0.009356211870908737	0.03506637737154961	0.009317600168287754	0.01136723347008228	0.01082345377653837	0.009727527387440205	0.01054737996309996	0.01170090679079294	0.01420604065060616	0.06297137588262558	0.01825187727808952	0.06610500812530518	0.06610500812530518	0.06610500812530518	0.01804268918931484	0.01170090679079294	0.0150272510945797	0.03574348241090775	0.01039482094347477	0.02881006523966789	0.02214430458843708	0.01096332911401987	0.01136723347008228	0.01136723347008228	0.01136723347008228	0.003168701194226742	0.007928530685603619	0.003168701194226742	0.004404501058161259	0.003168701194226742	0.002816937165334821	0.01138915400952101	0.01567972637712955	0.03213367238640785	0.00977987889200449	0.008228357881307602	0.01136723347008228	0.01136723347008228	0.01164208445698023	0.007063002791255713	0.01136723347008228	0.008292783051729202	0.01038683578372002	0.01180413085967302	0.00801907479763031	0.01497507467865944	0.007839776575565338	0.003168701194226742	0.006038186140358448	0.003168701194226742	0.02507743239402771	0.005628259386867285	0.01136723347008228	0.003168701194226742	0.01136723347008228	0.003168701194226742	0.0141651313751936	0.01234781183302402	0.01246441621333361	0.01292628422379494	0.008589029312133789	0.005013369489461184	0.005218332633376122	0.01116227172315121	0.01419478561729193	0.01136723347008228	0.01350381039083004	0.003168701194226742	0.01704077981412411	0.003168701194226742	0.003168701194226742	0.007472929544746876	0.01978698372840881	0.01028282102197409	0.01986468769609928	0.01781417243182659	0.0398961678147316	0.03887291625142097	0.01560640148818493	0.003168701194226742	0.008368895389139652	0.03237651661038399	0.02379594184458256	0.03323007747530937	0.01657956279814243	0.04372153431177139	0.01471113134175539	0.01471218280494213	0.04694678634405136	0.01273567788302898	0.0166702251881361	0.03872481733560562	0.01075303833931684	0.003168701194226742	0.0128642451018095	0.003168701194226742	0.01142721809446812	0.007480918429791927	0.001761091873049736	0.003168701194226742	0.003168701194226742	0.01325555238872766	0.004968804772943258	0.003168701194226742	0.002992837689816952	0.007309097796678543	0.01259840000420809	0.007398702204227448	0.002112467540428042	0.01417280733585358	0.01053317543119192	0.005614058114588261	0.003168701194226742	0.01801634207367897	0.007291809190064669	0.02622794173657894	0.009947385638952255	0.003168701194226742	0.005322497803717852	0.01428934931755066	0.003521786769852042	0.003168701194226742	0.004771245643496513	0	0.0116732195019722	0.01225742045789957	0.009801500476896763	0.003168701194226742	0.006812741979956627	0.00334524386562407	0.008395638316869736
S8-male-2	0.008974667638540268	0.009208221919834614	0.01941144093871117	0.00990417692810297	0.009912874549627304	0.009208221919834614	0.008507560007274151	0.02069438248872757	0.009091444313526154	0.007864488288760185	0.009208221919834614	0.009032382629811764	0.01066931709647179	0.02556371502578259	0.05858838930726051	0.01317103020846844	0.009208221919834614	0.01536918990314007	0.01084294822067022	0.06994273513555527	0.02258763648569584	0.02258763648569584	0.02258763648569584	0.01637225039303303	0.02258763648569584	0.02269838750362396	0.01806564629077911	0.0647934153676033	0.01136460620909929	0.03603346645832062	0.01278738677501678	0.01483702100813389	0.014994858764112	0.01319731399416924	0.01401716750115156	0.01587231084704399	0.02147945947945118	0.06102770939469337	0.01962715014815331	0.06748028099536896	0.06748028099536896	0.06748028099536896	0.02335738576948643	0.01587231084704399	0.01850048266351223	0.03782036900520325	0.01713595911860466	0.03127188235521317	0.02369383908808231	0.01478316448628902	0.01483702100813389	0.01483702100813389	0.01483702100813389	0.009208221919834614	0.01466966699808836	0.009208221919834614	0.01079407148063183	0.009208221919834614	0.01026610191911459	0.01325695402920246	0.01740408129990101	0.03234142437577248	0.01208214554935694	0.01053062546998262	0.01483702100813389	0.01483702100813389	0.01286828331649303	0.01053278893232346	0.01483702100813389	0.01176256965845823	0.01455883216112852	0.01854526624083519	0.01066916063427925	0.02171621285378933	0.01084294822067022	0.009208221919834614	0.009741576388478279	0.009208221919834614	0.02290952578186989	0.009565253742039204	0.01483702100813389	0.009208221919834614	0.01483702100813389	0.009208221919834614	0.01553806103765965	0.01529369037598372	0.01523603033274412	0.01517150923609734	0.01188151352107525	0.009300769306719303	0.009388931095600128	0.01463205832988024	0.01586008444428444	0.01483702100813389	0.01592633686959743	0.009208221919834614	0.02145109325647354	0.009208221919834614	0.009208221919834614	0.01094271615147591	0.01784331537783146	0.01340235210955143	0.02071108482778072	0.01802192255854607	0.04126991704106331	0.03872757777571678	0.01651232317090034	0.009208221919834614	0.0106711620464921	0.03433664888143539	0.02251974679529667	0.03259409219026566	0.01678731292486191	0.04392928257584572	0.01491888053715229	0.01678558252751827	0.04832205548882484	0.01585637964308262	0.01577166095376015	0.03841260075569153	0.01282440219074488	0.009208221919834614	0.008062080480158329	0.009208221919834614	0.01702951267361641	0.009840563870966434	0.01044069789350033	0.009208221919834614	0.009208221919834614	0.01521220151335001	0.007937978953123093	0.009208221919834614	0.008856168016791344	0.005627245176583529	0.003908119164407253	0.01057728193700314	0.01378568634390831	0.005189781077206135	0.009579488076269627	0.00676286406815052	0.009208221919834614	0.02060321345925331	0.01197028812021017	0.01537653617560863	0.008817508816719055	0.009208221919834614	0.009031584486365318	0.007628894411027431	0.009032437577843666	0.009208221919834614	0.009818249382078648	0.0116732195019722	0	0.01497665047645569	0.01433626003563404	0.009208221919834614	0.01133943162858486	0.008855894207954407	0.01420255936682224
S8-male-3	0.01014450285583735	0.01014455314725637	0.01766692847013474	0.008749163709580898	0.01084975432604551	0.01014455314725637	0.01014440320432186	0.009977784939110279	0.01014452800154686	0.01154842786490917	0.01014455314725637	0.009968714788556099	0.008167767897248268	0.02198384515941143	0.04862701892852783	0.0038509217556566	0.01014455314725637	0.004998665302991867	0.01411481946706772	0.07728796452283859	0.02317183651030064	0.02317183651030064	0.02317183651030064	0.01812407188117504	0.02317183651030064	0.02124734595417976	0.003850921522825956	0.05151310935616493	0.01260123960673809	0.02421604469418526	0.01489173993468285	0.0169413723051548	0.01762808114290237	0.01530166622251272	0.01612151972949505	0.01850553415715694	0.007582566235214472	0.06132277473807335	0.01060734130442142	0.05419997125864029	0.05419997125864029	0.05419997125864029	0.02566632628440857	0.01850553415715694	0.01600548624992371	0.02506893686950207	0.01860116422176361	0.03526828810572624	0.01094240322709084	0.01741638779640198	0.0169413723051548	0.0169413723051548	0.0169413723051548	0.01014455314725637	0.01613487303256989	0.01014455314725637	0.01225927472114563	0.01014455314725637	0.01155323907732964	0.01790142990648746	0.008467930369079113	0.02236469089984894	0.01535401679575443	0.01380249671638012	0.0169413723051548	0.0169413723051548	0.0168671365827322	0.01263714209198952	0.0169413723051548	0.01386692188680172	0.01789236813783646	0.02001047320663929	0.01446990203112364	0.02318141795694828	0.01411481946706772	0.01014455314725637	0.01161232497543097	0.01014455314725637	0.02978754788637161	0.01120239775627851	0.0169413723051548	0.01014455314725637	0.0169413723051548	0.01014455314725637	0.009510521776974201	0.01351071149110794	0.01221216097474098	0.01046841219067574	0.01451473589986563	0.01058750692754984	0.01079247053712606	0.01673641055822372	0.01907075382769108	0.0169413723051548	0.01140638906508684	0.01014455314725637	0.01265985984355211	0.01014455314725637	0.01014455314725637	0.01304706837981939	0.02326660417020321	0.01585695892572403	0.007959648035466671	0.005909132305532694	0.02851847931742668	0.02714366093277931	0.009527754969894886	0.01014455314725637	0.01394303422421217	0.02170196548104286	0.02832282334566116	0.02132503874599934	0.004674522206187248	0.03181649371981621	0.002806091215461493	0.002982927020639181	0.03504174947738647	0.01539662107825279	0.009893403388559818	0.02681976929306984	0.0109680537134409	0.01014455314725637	0.01282829418778419	0.01014455314725637	0.009261428378522396	0.01010817103087902	0.01084870845079422	0.01014455314725637	0.01014455314725637	0.001526296837255359	0.01207129377871752	0.01014455314725637	0.009792500175535679	0.01172052696347237	0.01572564244270325	0.006969851907342672	0.01436988729983568	0.01765242777764797	0.0154091427102685	0.01142449956387281	0.01014455314725637	0.008398504927754402	0.01215320453047752	0.02970756217837334	0.01464716251939535	0.01014455314725637	0.008920004591345787	0.01039122510701418	0.01049763895571232	0.01014455314725637	0.008190474472939968	0.01225742045789957	0.01497665047645569	0	0.00245591951534152	0.01014455314725637	0.006736024282872677	0.01032109651714563	0.01613477431237698
S9-female-1	0.008745217695832253	0.008745267987251282	0.01800181530416012	0.007349876686930656	0.009627064689993858	0.008745267987251282	0.008861919865012169	0.01190578751266003	0.008745243772864342	0.009913919493556023	0.008745267987251282	0.008393190801143646	0.006592946127057076	0.02011062949895859	0.05073055997490883	0.002451636595651507	0.008745267987251282	0.004538095090538263	0.01283233519643545	0.07629559934139252	0.02071591839194298	0.02071591839194298	0.02071591839194298	0.01578495651483536	0.02071591839194298	0.01879142969846725	0.005954461637884378	0.05361665040254593	0.01131875719875097	0.02614380046725273	0.01372607238590717	0.01577570661902428	0.01628663018345833	0.01413599960505962	0.01495585311204195	0.01716408506035805	0.008629473857581615	0.0605061948299408	0.009505082853138447	0.05630351230502129	0.05630351230502129	0.05630351230502129	0.02409125491976738	0.01716408506035805	0.01466403529047966	0.02699669264256954	0.01702609285712242	0.03369322046637535	0.01287015900015831	0.01607493683695793	0.01577570661902428	0.01577570661902428	0.01577570661902428	0.008745267987251282	0.01455980353057384	0.008745267987251282	0.01068420428782701	0.008745267987251282	0.009978417307138443	0.0164431631565094	0.007302265148609877	0.02375621162354946	0.01418835017830133	0.01263682916760445	0.01577570661902428	0.01577570661902428	0.01570147089660168	0.01147147454321384	0.01577570661902428	0.01270125526934862	0.01643409952521324	0.0184354018419981	0.01301163341850042	0.02160634845495224	0.01283233519643545	0.008745267987251282	0.01044665835797787	0.008745267987251282	0.02879517897963524	0.01003673113882542	0.01577570661902428	0.008745267987251282	0.01577570661902428	0.008745267987251282	0.008344856090843678	0.01216926239430904	0.01104649621993303	0.009126960299909115	0.01317328494042158	0.009421841241419315	0.009626803919672966	0.01557074394077063	0.01790508627891541	0.01577570661902428	0.01024072151631117	0.008745267987251282	0.01108479034155607	0.008745267987251282	0.008745267987251282	0.01188140176236629	0.02245002426207066	0.01469129323959351	0.01006318721920252	0.008012672886252403	0.03044623322784901	0.02907141484320164	0.008362088352441788	0.008745267987251282	0.0127773666754365	0.02362971939146519	0.02715715579688549	0.02342857979238033	0.00677806232124567	0.0339200347661972	0.004909631796181202	0.004910682793706656	0.03714528679847717	0.01423095539212227	0.009076823480427265	0.02892331033945084	0.009685570374131203	0.008745267987251282	0.01183881796896458	0.008745267987251282	0.007274690549820662	0.008942503482103348	0.008921408094465733	0.008745267987251282	0.008745267987251282	0.003454052843153477	0.01049647200852633	0.008745267987251282	0.008569404482841492	0.01043804362416267	0.01526144053786993	0.005980781745165586	0.01191396825015545	0.01683584600687027	0.0142434760928154	0.01002521440386772	0.008745267987251282	0.01032650843262672	0.009873475879430771	0.02889098227024078	0.01365768536925316	0.008745267987251282	0.007285043131560087	0.009751240722835064	0.009098353795707226	0.008745267987251282	0.006967377848923206	0.009801500476896763	0.01433626003563404	0.00245591951534152	0	0.008745267987251282	0.005394821520894766	0.008921811357140541	0.01455970481038094
S9-female-2	0.0002335539174964651	0	0.02674708142876625	0.001512217451818287	0.002113415161147714	0	0.0007006616797298193	0.0201223399490118	0.0001167768859886564	0.002808386692777276	0	0.0003520778845995665	0.005951754748821259	0.0240836888551712	0.057363361120224	0.006293631624430418	0	0.0111708976328373	0.004671077709645033	0.07099121063947678	0.01408311631530523	0.01408311631530523	0.01408311631530523	0.009736164472997189	0.01408311631530523	0.01530544273555279	0.01258726231753826	0.0602494515478611	0.006363295949995518	0.03330395370721817	0.006148901768028736	0.008198535069823265	0.00923681166023016	0.006558828521519899	0.007378681562840939	0.01011426467448473	0.01737473718822002	0.05980267748236656	0.01666523888707161	0.06293631345033646	0.06293631345033646	0.06293631345033646	0.01645604521036148	0.01011426467448473	0.01344061084091663	0.03415684029459953	0.008808179758489132	0.02722342126071453	0.0200303103774786	0.009025119245052338	0.008198535069823265	0.008198535069823265	0.008198535069823265	0	0.006341889500617981	0	0.002466290490701795	0	0.003167304443195462	0.009275159798562527	0.01251102704554796	0.02896497398614883	0.006611179560422897	0.005059659015387297	0.008198535069823265	0.008198535069823265	0.008473385125398636	0.003894304390996695	0.008198535069823265	0.005124084651470184	0.008800193667411804	0.01021748967468739	0.005377728957682848	0.0133884334936738	0.004671077709645033	0	0.00286948774009943	0	0.0234907940030098	0.002459560753777623	0.008198535069823265	0	0.008198535069823265	0	0.01099643297493458	0.01023381762206554	0.009295717813074589	0.01046072226017714	0.0061234668828547	0.001844670623540878	0.002049633767455816	0.007993572391569614	0.01102608721703291	0.008198535069823265	0.01033511199057102	0	0.01545413956046104	0	0	0.004304231144487858	0.0166182853281498	0.007114122156053782	0.01704755611717701	0.01464547403156757	0.03760638833045959	0.03623156622052193	0.01243770308792591	0	0.00520019605755806	0.03078987449407578	0.02062724530696869	0.03006137907505035	0.01341086346656084	0.04055283218622208	0.01154243294149637	0.01207083649933338	0.04377808794379234	0.009566979482769966	0.01350152399390936	0.0355561152100563	0.007584339939057827	0	0.01039924565702677	0	0.01459591928869486	0.00466378778219223	0.002112368820235133	0	0	0.01061420608311892	0.004967603832483292	0	0.0003520532627590001	0.004140399396419525	0.01048553548753262	0.005461620166897774	0.005281168967485428	0.01100410800427198	0.007364477962255478	0.00244535761885345	0	0.01854305900633335	0.0104605108499527	0.02305924333631992	0.007306605111807585	0	0.003562110010534525	0.01252805255353451	0.0007046543760225177	0	0.002130461158230901	0.003168701194226742	0.009208221919834614	0.01014455314725637	0.008745267987251282	0	0.005227793008089066	0.0003523271880112588	0.006808997597545385
S9-female-3	0.005227742716670036	0.005227793008089066	0.02204785868525505	0.003832401009276509	0.005757209844887257	0.005227793008089066	0.005227642133831978	0.01577608287334442	0.005227767862379551	0.006339079700410366	0.005227793008089066	0.005051953718066216	0.002895987126976252	0.02026600204408169	0.05424788594245911	0.004760554060339928	0.005227793008089066	0.008936961181461811	0.00908125564455986	0.07335814088582993	0.01772715710103512	0.01772715710103512	0.01772715710103512	0.01256259251385927	0.01772715710103512	0.01580267027020454	0.01035332586616278	0.05801551043987274	0.007567675318568945	0.02966112643480301	0.00885982159525156	0.01090945489704609	0.01142037939280272	0.009269747883081436	0.01008960139006376	0.01229783240705729	0.01355705596506596	0.0575687400996685	0.01413758471608162	0.0607023760676384	0.0607023760676384	0.0607023760676384	0.02057378180325031	0.01229783240705729	0.009797783568501472	0.03051401861011982	0.01350861694663763	0.03052482940256596	0.01638748310506344	0.01120868604630232	0.01090945489704609	0.01090945489704609	0.01090945489704609	0.005227793008089066	0.01104232762008905	0.005227793008089066	0.007166729308664799	0.005227793008089066	0.005932371132075787	0.01269208360463381	0.01010757312178612	0.02744305692613125	0.009322098456323147	0.007770578376948833	0.01090945489704609	0.01090945489704609	0.01083521917462349	0.006605223752558231	0.01090945489704609	0.007835003547370434	0.0126830181106925	0.01491792593151331	0.009260554797947407	0.01808887161314487	0.00908125564455986	0.005227793008089066	0.00558040663599968	0.005227793008089066	0.02585772424936295	0.005170480348169804	0.01090945489704609	0.005227793008089066	0.01090945489704609	0.005227793008089066	0.008592977188527584	0.007303011603653431	0.006180244032293558	0.006817895919084549	0.008307034149765968	0.004555589519441128	0.004760553129017353	0.01070449128746986	0.01303883269429207	0.01090945489704609	0.007931657135486603	0.005227793008089066	0.01339370664209127	0.005227793008089066	0.005227793008089066	0.007015150040388107	0.01863103173673153	0.009825041517615318	0.01358051598072052	0.01152999885380268	0.03396356105804443	0.03294135630130768	0.009322229772806168	0.005227793008089066	0.008027933537960052	0.02714704722166061	0.02263999171555042	0.02694590575993061	0.01129374466836452	0.03831889852881432	0.009425312280654907	0.009309547021985054	0.04066261649131775	0.009364703670144081	0.01138440519571304	0.03332217037677765	0.005934489890933037	0.005227793008089066	0.007843635976314545	0.005227793008089066	0.01137150824069977	0.004076252225786448	0.005227841436862946	0.005227793008089066	0.005227793008089066	0.007969735190272331	0.006097810808569193	0.005227793008089066	0.004875739105045795	0.007385134231299162	0.01197160501033068	0.0007621499826200306	0.008925209753215313	0.01389839127659798	0.009377224370837212	0.006507738027721643	0.005227793008089066	0.01402049511671066	0.007406699005514383	0.02595352753996849	0.008615244179964066	0.005227793008089066	0.003886441700160503	0.008181195706129074	0.005580877885222435	0.005227793008089066	0.003097404027357697	0.006812741979956627	0.01133943162858486	0.006736024282872677	0.005394821520894766	0.005227793008089066	0	0.00540433544665575	0.01104222796857357
S9-male-1	0.0005858808290213346	0.0003523271880112588	0.02692362293601036	0.001864544348791242	0.001761088031344116	0.0003523271880112588	0.001052988576702774	0.01977001316845417	0.000469103833893314	0.002456059446558356	0.0003523271880112588	0.0005286207306198776	0.006128298118710518	0.02373136207461357	0.05771568417549133	0.00664595840498805	0.0003523271880112588	0.01152322441339493	0.005023404955863953	0.07063888013362885	0.01425965875387192	0.01425965875387192	0.01425965875387192	0.009912706911563873	0.01425965875387192	0.01495311688631773	0.01293958909809589	0.06060177832841873	0.006010968703776598	0.03295162692666054	0.006501229479908943	0.008550862781703472	0.008884483948349953	0.006911155767738819	0.007731009274721146	0.009761937893927097	0.01755127869546413	0.06015500426292419	0.01631290838122368	0.06328864395618439	0.06328864395618439	0.06328864395618439	0.016103720292449	0.009761937893927097	0.01308828219771385	0.0338045135140419	0.008455852977931499	0.02687109634280205	0.01967798359692097	0.008672791533172131	0.008550862781703472	0.008550862781703472	0.008550862781703472	0.0003523271880112588	0.005989562720060349	0.0003523271880112588	0.002113963011652231	0.0003523271880112588	0.002814977429807186	0.008922833018004894	0.01286335382610559	0.02931730076670647	0.006963506806641817	0.005411985795944929	0.008550862781703472	0.008550862781703472	0.008825712837278843	0.004246631637215614	0.008550862781703472	0.005476411897689104	0.008447866886854172	0.009865162894129753	0.005025401711463928	0.01303610671311617	0.005023404955863953	0.0003523271880112588	0.003221814520657063	0.0003523271880112588	0.02313846722245216	0.002811887767165899	0.008550862781703472	0.0003523271880112588	0.008550862781703472	0.0003523271880112588	0.01134875975549221	0.009881490841507912	0.009648044593632221	0.0101083954796195	0.005771140102297068	0.002196997404098511	0.002401961013674736	0.008345899172127247	0.01137841399759054	0.008550862781703472	0.01068743877112865	0.0003523271880112588	0.01510181091725826	0.0003523271880112588	0.0003523271880112588	0.00465655792504549	0.01697061210870743	0.007466449867933989	0.01669522933661938	0.01499780081212521	0.03725406154990196	0.03587924316525459	0.01279003173112869	0.0003523271880112588	0.005552523303776979	0.03043754398822784	0.02097957022488117	0.03041370585560799	0.01376319024711847	0.04090516269207001	0.011894759722054	0.01171850971877575	0.04413041472434998	0.009919306263327599	0.01385385077446699	0.03590843826532364	0.007936666719615459	0.0003523271880112588	0.01004691980779171	0.0003523271880112588	0.01424359250813723	0.004311460070312023	0.002288911724463105	0.0003523271880112588	0.0003523271880112588	0.01026187837123871	0.005144146736711264	0.0003523271880112588	0.0005285961087793112	0.004492726176977158	0.0106620779260993	0.005109293386340141	0.0054577118717134	0.01135643571615219	0.007716805208474398	0.002797684632241726	0.0003523271880112588	0.01871960051357746	0.01010818313807249	0.02341157011687756	0.007483147550374269	0.0003523271880112588	0.003738652914762497	0.01217572577297688	0.0003523271880112588	0.0003523271880112588	0.002307004062458873	0.00334524386562407	0.008855894207954407	0.01032109651714563	0.008921811357140541	0.0003523271880112588	0.00540433544665575	0	0.006456670816987753
S9-male-2	0.00657544331625104	0.006808997597545385	0.03045210242271423	0.007970860227942467	0.005752226803451777	0.006808997597545385	0.006575442850589752	0.02370888739824295	0.006692220456898212	0.007098071742802858	0.006808997597545385	0.006985291372984648	0.01153142470866442	0.02038604952394962	0.06370514631271362	0.01263542100787163	0.006808997597545385	0.01751268282532692	0.01054585445672274	0.06464921683073044	0.01772799156606197	0.01772799156606197	0.01772799156606197	0.01244682632386684	0.01772799156606197	0.01671803928911686	0.01892904937267303	0.06659123301506042	0.01153342146426439	0.03354149684309959	0.01249068696051836	0.01454032026231289	0.005713438615202904	0.01290061417967081	0.01372046768665314	0.007295546587556601	0.02213446609675884	0.06614446640014648	0.009856239892542362	0.06927809864282608	0.06927809864282608	0.06927809864282608	0.01046446245163679	0.007295546587556601	0.007803273387253284	0.03415673971176147	0.002933397656306624	0.02099823765456676	0.02214417047798634	0.01043432485312223	0.01454032026231289	0.01454032026231289	0.01454032026231289	0.006808997597545385	0.0004671078349929303	0.006808997597545385	0.004342706874012947	0.006808997597545385	0.006811625324189663	0.0109220128506422	0.01885281503200531	0.03483975306153297	0.01248595677316189	0.010934435762465	0.01454032026231289	0.01454032026231289	0.01434816233813763	0.01023609004914761	0.01454032026231289	0.01146586984395981	0.001991197001188993	0.004342706874012947	0.009138544090092182	0.00751365115866065	0.01054585445672274	0.006808997597545385	0.009211274795234203	0.006808997597545385	0.01714880391955376	0.008801347576081753	0.01454032026231289	0.006808997597545385	0.01454032026231289	0.006808997597545385	0.01687120832502842	0.01234767772257328	0.01563750393688679	0.01398389041423798	0.009646635502576828	0.008186458609998226	0.008391421288251877	0.01433535758405924	0.01736787334084511	0.01454032026231289	0.0166768953204155	0.006808997597545385	0.009112149477005005	0.006808997597545385	0.006808997597545385	0.01064601633697748	0.02296007052063942	0.01310565136373043	0.02198003232479095	0.02052024938166142	0.0404249019920826	0.03999238461256027	0.0183124803006649	0.006808997597545385	0.01107497327029705	0.02574044093489647	0.02650202251970768	0.0359361544251442	0.01928563974797726	0.04642761126160622	0.01741720922291279	0.01629866100847721	0.05011987313628197	0.01590876467525959	0.01937630213797092	0.04189790040254593	0.01345911715179682	0.006808997597545385	0.01562708802521229	0.006808997597545385	0.01660040952265263	0.009362760931253433	0.007866660133004189	0.006808997597545385	0.006808997597545385	0.01472527999430895	0.01025468856096268	0.006808997597545385	0.00698526669293642	0.01001518126577139	0.01647575385868549	0.01051368191838264	0.009453400038182735	0.01734589599072933	0.01370626129209995	0.009020751342177391	0.006808997597545385	0.02318734675645828	0.01316682621836662	0.02893402241170406	0.01347260270267725	0.006808997597545385	0.009085320867598057	0.01717082224786282	0.006104342639446259	0.006808997597545385	0.008530072867870331	0.008395638316869736	0.01420255936682224	0.01613477431237698	0.01455970481038094	0.006808997597545385	0.01104222796857357	0.006456670816987753	0
