Eigvals	214
6.5129148338018705	3.3136601006400817	2.213664171119644	1.4695869851298635	1.3060127335058633	1.1198892600298926	1.0680976319865736	0.9697501717690786	0.8530625160661104	0.8245354415425216	0.7329932076988211	0.6986370093882516	0.6208730022659054	0.5632946290966107	0.5060926831512682	0.48412041098239766	0.45666211401090184	0.4392694691312792	0.42580822578862043	0.4019465172684459	0.3982769233316248	0.3573997591756142	0.35154884866506775	0.3295446493710402	0.3231415230813234	0.30646598042302386	0.30017501273036595	0.2883367921667408	0.2733891429810734	0.26249912469546277	0.255059609395482	0.24138239977218864	0.22667299145685813	0.2226443881342329	0.20646483385196676	0.20276190485363835	0.1944225194449379	0.1845839622707587	0.1807550938346875	0.17598303414356062	0.1687106353653893	0.15901158704490917	0.15772189163647152	0.15559989109306555	0.14624998878120268	0.14381480005359837	0.14078124010049148	0.12744438543988787	0.12561034279538158	0.1226043006535458	0.12105047709546593	0.11604674405519369	0.11342389309420248	0.11071105665806746	0.10211057541489751	0.09619285358434576	0.09259564259191425	0.09187073263763743	0.08776656124322785	0.08419946111825818	0.08233746806293255	0.07434171354544705	0.07128481104494902	0.06941579670597145	0.06661556217962591	0.0635296118308663	0.06044294753819454	0.05835742846208736	0.05655033058352968	0.05573441256873268	0.05399037411873758	0.052076505732830514	0.04816016750055434	0.04728412472271187	0.04425163352949661	0.0415300706415412	0.03893084840054639	0.0370625614290894	0.03644785370823178	0.03384289710574587	0.031928315712197994	0.02930310203987732	0.028180868905634593	0.027512288350165462	0.026463131932148415	0.02255820578551737	0.02229765424726171	0.020690800354252067	0.01947669782151061	0.01767900882611312	0.015861511337638676	0.014161837260401586	0.013356031576804414	0.012764338343138337	0.01193713167294029	0.010478281619145643	0.009315160909811937	0.008780730948023355	0.008473592861820187	0.006670017847434831	0.0060717030807958955	0.005320650072397987	0.004111576694559763	0.0029051919401332643	0.002576454164028047	0.0014854368723083433	0.0013399975486555749	0.0005045789445077414	0.0	0.0	0.0	0.0	0.0	0.0	0.0	0.0	0.0	0.0	0.0	0.0	0.0	0.0	0.0	0.0	0.0	0.0	0.0	0.0	0.0	0.0	0.0	0.0	0.0	0.0	0.0	0.0	0.0	0.0	0.0	0.0	0.0	0.0	0.0	0.0	0.0	0.0	0.0	0.0	0.0	0.0	0.0	0.0	0.0	0.0	0.0	0.0	0.0	0.0	0.0	0.0	0.0	0.0	0.0	0.0	0.0	0.0	0.0	0.0	0.0	0.0	0.0	0.0	0.0	0.0	0.0	0.0	0.0	0.0	0.0	0.0	0.0	0.0	0.0	0.0	0.0	0.0	0.0	0.0	0.0	0.0	0.0	0.0	0.0	0.0	0.0	0.0	0.0	0.0	0.0	0.0	0.0	0.0	0.0	0.0	0.0	0.0	0.0	0.0	0.0	0.0	0.0	0.0	0.0	0.0

Proportion explained	214
0.19043450211539695	0.09688983006041975	0.06472647732010654	0.04297001772171284	0.038187185155678594	0.032745024171255833	0.031230661838589205	0.02835502933014142	0.024943138313007384	0.02410902035317875	0.021432369395902214	0.02042781065579783	0.018154028431288445	0.01647046445004282	0.014797907020058081	0.01415544833334126	0.013352580915888616	0.012844028331885702	0.012450428040890188	0.011752723142604332	0.011645425978100145	0.010450197328166284	0.01027911951455587	0.009635727294031468	0.009448502956222581	0.008960918096805097	0.008776973222513532	0.008430829338170702	0.007993767254125834	0.007675348349047468	0.007457820494272082	0.007057905452941907	0.006627809417537912	0.0065100149909959135	0.00603693259351064	0.005928660727816106	0.005684821103196414	0.005397146416084778	0.0052851921417091455	0.005145659407973978	0.004933017960043783	0.004649422444819516	0.004611712370412943	0.004549666093548576	0.004276279439949756	0.004205075690978323	0.004116375854722382	0.0037264126290563596	0.0036727861028729857	0.0035848908742040376	0.003539457819541263	0.003393151068331012	0.0033164601657743016	0.003237138131137115	0.0029856641897006955	0.002812632845177387	0.0027074521232074906	0.0026862561042599164	0.0025662521035881613	0.002461951808923041	0.0024075080261496255	0.0021737160037710005	0.002084333642638875	0.0020296845609032305	0.0019478070480785051	0.0018575753418125379	0.0017673227601694285	0.0017063431838897861	0.001653504509723363	0.001629647458789972	0.0015786526120323875	0.0015226920195042864	0.0014081801702922727	0.0013825651001604814	0.0012938965139305326	0.0012143193220327247	0.0011383193119017508	0.0010836914980431119	0.001065717739479517	0.000989550059372292	0.0009335686188431737	0.0008568086317418088	0.0008239950738141424	0.0008044460994372616	0.000773769269599212	0.0006595911042911624	0.0006519727024343468	0.0006049890662443964	0.0005694892912220511	0.0005169257282809079	0.000463782974514608	0.00041408532071185623	0.00039052394948661524	0.00037322312347650864	0.0003490359976802169	0.00030637992267466813	0.00027237083168632893	0.00025674435624701333	0.00024776378609995474	0.00019502811879018418	0.00017753368233573664	0.0001555732530400512	0.00012022052809198106	8.494641720134195e-05	7.533428249412733e-05	4.3433460811395785e-05	3.918088483050471e-05	1.4753646029047304e-05	0.0	0.0	0.0	0.0	0.0	0.0	0.0	0.0	0.0	0.0	0.0	0.0	0.0	0.0	0.0	0.0	0.0	0.0	0.0	0.0	0.0	0.0	0.0	0.0	0.0	0.0	0.0	0.0	0.0	0.0	0.0	0.0	0.0	0.0	0.0	0.0	0.0	0.0	0.0	0.0	0.0	0.0	0.0	0.0	0.0	0.0	0.0	0.0	0.0	0.0	0.0	0.0	0.0	0.0	0.0	0.0	0.0	0.0	0.0	0.0	0.0	0.0	0.0	0.0	0.0	0.0	0.0	0.0	0.0	0.0	0.0	0.0	0.0	0.0	0.0	0.0	0.0	0.0	0.0	0.0	0.0	0.0	0.0	0.0	0.0	0.0	0.0	0.0	0.0	0.0	0.0	0.0	0.0	0.0	0.0	0.0	0.0	0.0	0.0	0.0	0.0	0.0	0.0	0.0	0.0	0.0

Species	0	0

Site	214	214
S1-female-1	-0.22289989229459944	-0.015013201557033125	0.07286581858553932	-0.07937543482669944	0.021114750133668977	-0.06121210293892769	0.004071814132870789	0.09916713082666644	0.008539643431127153	0.10794248417947745	-0.05172829675524318	-0.05955805871685436	0.030773902247018925	0.06507649970080583	0.02473902495644556	0.01185050134919017	0.016020307661970073	-0.027590010920136077	0.014886406145134562	-0.013672434305037071	-0.03672556142470593	0.001706125878687908	0.010503934335724815	0.047827052914243266	0.0022063551836535946	-0.017461414825653443	0.019760891494682836	0.006066521824484951	-0.001744235922719273	0.011545304529005731	0.0031968701704174554	-0.022552231624809092	-0.006701500545703741	-0.010171503325753272	0.000245599528007673	0.014480558452952163	-0.015471737751232645	0.01791000785190335	-0.021345699087421777	-0.005921327836772623	0.004262108479022635	0.003107472852685797	-0.004453885418788478	-0.025532464750354582	-0.002517622214510577	-0.0001770804630321028	-0.013326801604073037	0.013662296373696158	-0.03643719606882258	0.01208074714730707	-0.008684924223377442	0.010917722396388586	-0.025663044042959146	-0.005694322112664503	0.013860925115623694	0.003985875285744909	0.01229679016474677	0.01853495505614095	-0.0030443309005922497	0.01742782015896782	0.02024861843009103	0.010923108483388204	0.01643674051481572	-0.006539198189941482	-0.009922850497896594	0.017333547491183748	0.0025423697127333576	-0.0009258101258109782	0.012332777596120427	-0.002288893063444528	-0.01815581404867854	-0.004119699342228427	0.007474906657506462	0.039061958858702665	0.007833300540107299	0.004761582891995814	-0.009678403354478643	-0.0040692395098825915	-0.009126384380705675	0.0004434360204182012	0.012668834581241767	-0.010158173086419852	-0.005751508193859932	0.005157429476003269	-0.006561231629974624	-0.001052941908102989	0.007770084031072867	-0.0010968538192964812	0.0015431737490696714	0.0038066978401791614	0.004631538990082182	-0.006480507837198322	-0.0018389365288596939	-0.009314986247421548	0.008743823027125636	-0.015180062775593113	0.015944065868298503	-0.014524441359030296	0.005172906429079595	-0.0022857205029666525	0.0012687355431575792	0.001616279123622661	-0.0007098772427687866	-0.000967490681304257	-0.004868670724661224	-0.001468832907277615	0.0030878575238152237	0.00043835361933191284	-0.0	0.0	0.0	0.0	0.0	0.0	0.0	0.0	0.0	0.0	0.0	0.0	0.0	0.0	0.0	0.0	0.0	0.0	0.0	0.0	0.0	0.0	0.0	0.0	0.0	0.0	0.0	0.0	0.0	0.0	0.0	0.0	0.0	0.0	0.0	0.0	0.0	0.0	0.0	0.0	0.0	0.0	0.0	0.0	0.0	0.0	0.0	0.0	0.0	0.0	0.0	0.0	0.0	0.0	0.0	0.0	0.0	0.0	0.0	0.0	0.0	0.0	0.0	0.0	0.0	0.0	0.0	0.0	0.0	0.0	0.0	0.0	0.0	0.0	0.0	0.0	0.0	0.0	0.0	0.0	0.0	0.0	0.0	0.0	0.0	0.0	0.0	0.0	0.0	0.0	0.0	0.0	0.0	0.0	0.0	0.0	0.0	0.0	0.0	0.0	0.0	0.0	0.0	0.0	0.0	0.0
S1-female-2	-0.2854784767327401	-0.019655547273138927	0.10325691520054937	-0.02609227809386559	0.000958161544540107	0.03958947841883449	0.005176041317581656	0.056583473095670106	-0.014481164772483318	0.040885374582483515	-0.011120853174632633	-0.1136913096438994	-0.0010766385161717583	0.055084553259116355	0.05977981092272388	-0.004143093823394239	-0.029575160384147918	-0.02066037188173593	0.008031402672249994	0.014293533799722131	0.0031785766053168394	-0.02505747920863424	-8.427131503603321e-05	-0.0047422267360613	-0.0005408263502381273	-0.013140938906619515	-0.0405383511678821	0.01280914622229248	-0.00555451684945643	0.013337803932277015	0.005464158084669748	0.03093178846237062	-0.029434925507489933	0.03224057368899873	-0.028608602611882902	-0.012632572728307288	-0.009376417291865205	-0.0018719388370675735	-0.0004978578499676349	0.018785239516327486	-0.0055401240211491115	0.009977462109538144	-0.015080235577168135	0.005899344450513347	-0.00040703876645764467	-0.0019391736340346403	-0.014481170226311136	0.011790518712334986	-0.01373361217704785	-0.0076327318157836735	0.013375299477635303	0.006123856209066811	-0.014176300573443813	0.009233998650421401	0.020490121388112962	-0.009837277052147582	-0.01741860602995441	-0.00414150847989147	-0.023092510038996244	0.0020576705310931735	-0.01123006547404216	-0.007120025815605342	-0.00875625353705918	0.012458446260462728	0.013507594521937404	0.0014767535179386895	-0.01959333356052864	0.00919470992124369	-0.009084351629786895	-0.00803097127551634	0.0026352545258939808	-0.0018228194226735882	0.006473994478982957	0.007197113956411009	-0.010769662122140413	0.0071207434501239395	0.0034175387750704548	0.005719674884170748	-0.013865211214364166	-0.0008672907933931539	-0.0005211200021461586	-0.006490380683241219	0.006026506615919203	-0.005161409900842211	0.005950653443064999	0.0006251839763165341	0.012819396761726354	0.0033931216030936824	0.007014435738108998	0.0037006540738130558	0.0012650464067951405	0.01179804593536299	-0.0004946178223751872	0.01123195552916887	-0.006639347416689736	0.004338445972622732	-0.006648414278184117	0.00023249170139148722	-0.0022686512388921114	0.0010332536911120149	0.0037768695265930925	-0.006642799365073397	-0.004001599519854077	-0.001025409202560569	0.007565277027763445	0.003312348767351244	-0.002881820082885691	-0.0001318472699024995	-0.0	0.0	0.0	0.0	0.0	0.0	0.0	0.0	0.0	0.0	0.0	0.0	0.0	0.0	0.0	0.0	0.0	0.0	0.0	0.0	0.0	0.0	0.0	0.0	0.0	0.0	0.0	0.0	0.0	0.0	0.0	0.0	0.0	0.0	0.0	0.0	0.0	0.0	0.0	0.0	0.0	0.0	0.0	0.0	0.0	0.0	0.0	0.0	0.0	0.0	0.0	0.0	0.0	0.0	0.0	0.0	0.0	0.0	0.0	0.0	0.0	0.0	0.0	0.0	0.0	0.0	0.0	0.0	0.0	0.0	0.0	0.0	0.0	0.0	0.0	0.0	0.0	0.0	0.0	0.0	0.0	0.0	0.0	0.0	0.0	0.0	0.0	0.0	0.0	0.0	0.0	0.0	0.0	0.0	0.0	0.0	0.0	0.0	0.0	0.0	0.0	0.0	0.0	0.0	0.0	0.0
S1-female-3	-0.20520900330802572	0.031739451418194654	0.08871157971188075	-0.03111925613815103	0.020000233835712714	-0.002284621198270733	-0.04847827161108134	-0.08291967046157372	0.0647382032696164	-0.10472154287734545	-0.025943997077317326	-0.03799267262771886	-0.046155770074810046	-0.04215616695004653	-0.04761814820865261	-0.0207599205611962	0.058139739160291054	-0.01653894688844009	-0.024118386748505607	-0.010192179175411677	-0.01082014653685362	0.03268409412129344	-0.0348561100613173	-0.03178843350877895	0.007819167084773822	-0.032563782773166204	-0.06047743580663614	-0.014936834580934059	-0.09399363945907878	0.0066356641104480816	0.009778305210690981	0.012541657756352775	0.01990388345637386	0.029492210447900364	0.023676844656848592	0.02889264795138316	-0.018498029982129495	-0.02311854163351388	-0.004400544728571932	0.02030323836402698	0.010950182375944757	0.02437981334190312	0.011786179409881824	-0.07451424100804928	-0.06637426754213786	0.012394627516645627	-0.04300705981023047	0.005735388363576288	6.826367298515439e-05	-0.023537621307614172	0.025250376610439444	0.038556800601942075	-0.024980812267794066	-0.0071351270177939415	-0.009716271121862078	-0.006169408138365922	0.007162288733873135	0.012168776140087859	0.024261127871468672	0.005809704304249745	0.019761727919001548	0.020518439041844198	-0.00484448465187566	-0.012983730747812689	-0.036009817507341765	-0.008312814948943027	0.010526401662370167	-0.015684292563792595	0.023791624640365848	-0.015958434669933574	-0.010381296936867915	0.00981414527599841	-0.013036650091436662	-0.003796291264372372	0.012595281356791077	0.004308001411943373	-0.0001856762345408031	0.0022026272187401206	0.0069919865316780275	0.01114493367106946	0.016315146480485022	0.034203175091845985	-0.01725218154397603	0.011623905482238933	0.014475526887871341	-0.015197504959573949	0.011818079007501285	0.010104961829720868	-0.009245307032287365	0.01960470295670484	-0.0009432300427505975	0.004016012889880492	-0.00046693179715959584	-0.00039350308599650713	0.0016378316904354033	0.0011943312778284303	-0.0031096731092260985	0.009083514476700843	-0.006973012437667053	-0.0018969241357523023	-0.011185195257567549	-0.0033133722995995095	0.0033491096546795543	0.003592701727289743	-0.007393121796517876	0.0006656394253676945	-0.0008977190079863525	-0.0023654756171966893	-0.0	0.0	0.0	0.0	0.0	0.0	0.0	0.0	0.0	0.0	0.0	0.0	0.0	0.0	0.0	0.0	0.0	0.0	0.0	0.0	0.0	0.0	0.0	0.0	0.0	0.0	0.0	0.0	0.0	0.0	0.0	0.0	0.0	0.0	0.0	0.0	0.0	0.0	0.0	0.0	0.0	0.0	0.0	0.0	0.0	0.0	0.0	0.0	0.0	0.0	0.0	0.0	0.0	0.0	0.0	0.0	0.0	0.0	0.0	0.0	0.0	0.0	0.0	0.0	0.0	0.0	0.0	0.0	0.0	0.0	0.0	0.0	0.0	0.0	0.0	0.0	0.0	0.0	0.0	0.0	0.0	0.0	0.0	0.0	0.0	0.0	0.0	0.0	0.0	0.0	0.0	0.0	0.0	0.0	0.0	0.0	0.0	0.0	0.0	0.0	0.0	0.0	0.0	0.0	0.0	0.0
S1-male-1	-0.07126375021650264	-0.07227365466815021	0.009609258390700053	0.18436638643996345	-0.045386373661671316	-0.024683161417363892	0.04155204782735431	0.10569814269990681	0.05973030834725833	-0.03716175295745105	0.01738070823566261	0.0112575547522525	-0.04412020116325681	-0.16467615970623226	0.021529513509967256	-0.034172062679945166	-0.008404047154622563	0.019303265715966248	0.0365296323805267	0.00021794145054422848	0.04077292979145239	0.008175040708573809	0.04162683179493471	0.02529085077074314	-0.09703979749624494	0.030255253648385754	-0.026823150644973783	0.020524311704300593	0.013946042219843791	0.018019745082580346	-0.04782527007451559	-0.01252366363445977	-0.015355363204372878	-0.12015355207078927	-0.06601541915837675	0.03480960406536724	-0.03749209864047853	0.040875774861968195	0.005878729844799571	-0.004044500218037515	-0.0897909153027564	-0.10588545526433882	0.021832050205888826	0.04335373166362331	-0.06063645728670493	0.019100257952965074	-0.09664239431036145	-0.030970383858655155	0.009240281447712167	-0.03765087951576996	0.03912805046739382	0.0016482789214207552	-0.0026954937739379977	-0.01656960804431627	0.06412594431527967	-0.0012354115274339757	0.018892151968541767	0.043422636702713	-0.013198567188342274	0.015087662854801195	0.03335755521948632	0.023451834005141454	0.016818789023670296	-0.0242908573735797	-0.008887651958770365	-0.03658087806879985	-0.019419475523489837	0.014558323561698715	0.018994441510975513	-0.009719673108326736	-0.004868059291453414	-0.01635946059267655	0.010810325788007336	-0.0028279466786269806	-0.006245852015782699	0.014581514774094499	-0.01421308042089203	0.01464455013038226	0.010982291467274202	-0.009492092546444017	-0.00851536653992127	-0.0005921550694048005	-0.004101761702648711	-0.024285353898524008	0.009517284666039273	-0.010139193777616514	-0.0023874513682524165	0.006327355598583003	-0.007980339125966154	0.0029765027393906436	0.01940290526310061	0.004163812188507816	-0.005456594913618656	-0.00262710589262511	1.5826711809616858e-05	-0.009242564955558205	0.010862625399752598	0.010935842314767444	-0.0043519633618001674	-0.004147847101154386	-0.005328104000836304	-0.001842830395734147	-0.004973624619835805	0.0029159608715815227	-0.001406529208188894	0.0029219354461778035	-0.0002483162123736554	-0.0006413185192282766	-0.0	0.0	0.0	0.0	0.0	0.0	0.0	0.0	0.0	0.0	0.0	0.0	0.0	0.0	0.0	0.0	0.0	0.0	0.0	0.0	0.0	0.0	0.0	0.0	0.0	0.0	0.0	0.0	0.0	0.0	0.0	0.0	0.0	0.0	0.0	0.0	0.0	0.0	0.0	0.0	0.0	0.0	0.0	0.0	0.0	0.0	0.0	0.0	0.0	0.0	0.0	0.0	0.0	0.0	0.0	0.0	0.0	0.0	0.0	0.0	0.0	0.0	0.0	0.0	0.0	0.0	0.0	0.0	0.0	0.0	0.0	0.0	0.0	0.0	0.0	0.0	0.0	0.0	0.0	0.0	0.0	0.0	0.0	0.0	0.0	0.0	0.0	0.0	0.0	0.0	0.0	0.0	0.0	0.0	0.0	0.0	0.0	0.0	0.0	0.0	0.0	0.0	0.0	0.0	0.0	0.0
S10-female-1	-0.2832403908059228	-0.020494808401946025	0.1801443220760241	0.01957325257445214	-0.004720147839304458	0.06402099633257359	-0.040188220841052905	-0.10131508827622127	0.1272386090715939	-0.10773395939693985	-0.2014032621435266	0.049014880934918834	0.0008679955267218168	0.014927642230921847	-0.05913879057917117	-0.008516586988368055	-0.06903057288155229	0.0958428917225961	-0.11420411269234919	0.028040165717699506	0.02271304005747217	0.06763803681273574	-0.00015428536608113073	0.053394429747692894	0.04291975142042417	-0.038900789986699685	0.07576924111981526	-0.08993885477923957	-0.017595310950216776	-0.030647925296730327	0.01014936479214215	0.03653427423328583	0.04644474124265572	-0.04239089755652172	0.043182099809791014	-0.0725988726549323	0.006387127165177427	-0.04593916994370251	-0.007428633517623028	0.033719197429053105	-0.0017027712208166261	-0.004006940790802142	-0.04241012974552164	0.05453249261698671	-0.024342932223590463	-0.03898021515459998	-0.003163361973283061	0.016030952283926553	-0.040531345266889	-0.03769544298628582	0.024417650381552827	0.011552992128153609	-0.0329648099814728	-0.002239541189952268	-0.04109774936035469	-0.024015825247930837	-0.01765619026067738	0.035729176573916874	0.011843613641042266	0.03675955170370079	-0.03172950830114228	0.010038306782309459	0.012451873880299846	-0.012619955689740574	0.006177037898413758	-0.03379934247309461	-0.04444661914525894	-0.021316412742579092	0.007520533476544091	0.004355832267166528	0.016056084957353285	0.000552711473194789	0.006770035902800669	0.002153989833900805	0.0053070156148713275	0.02564085337696408	0.007257800618325187	0.006664071641089426	0.008351299565250214	0.013212651718534231	-0.005892342395611446	-0.017035777168867644	0.007410459803109593	0.017483154208389175	-0.011717800939070459	0.008524346731866146	-0.0095903856681583	-0.0013668696597183467	0.010057862222940129	0.0002928822039566701	3.11379974696614e-05	0.0008013597444133903	-0.00118055243285069	0.005078575410239187	0.006123735194923371	0.006077618608087921	0.011560811640039623	-0.006594382078272699	-0.0035966471013634113	-0.00036942986886741704	0.005043533692959517	-0.001599311922240361	-0.002573422381879964	-0.001482195863989581	-0.0004707832713611371	-0.00022710841735319967	-0.0009988208052647668	0.0012965512942897358	-0.0	0.0	0.0	0.0	0.0	0.0	0.0	0.0	0.0	0.0	0.0	0.0	0.0	0.0	0.0	0.0	0.0	0.0	0.0	0.0	0.0	0.0	0.0	0.0	0.0	0.0	0.0	0.0	0.0	0.0	0.0	0.0	0.0	0.0	0.0	0.0	0.0	0.0	0.0	0.0	0.0	0.0	0.0	0.0	0.0	0.0	0.0	0.0	0.0	0.0	0.0	0.0	0.0	0.0	0.0	0.0	0.0	0.0	0.0	0.0	0.0	0.0	0.0	0.0	0.0	0.0	0.0	0.0	0.0	0.0	0.0	0.0	0.0	0.0	0.0	0.0	0.0	0.0	0.0	0.0	0.0	0.0	0.0	0.0	0.0	0.0	0.0	0.0	0.0	0.0	0.0	0.0	0.0	0.0	0.0	0.0	0.0	0.0	0.0	0.0	0.0	0.0	0.0	0.0	0.0	0.0
S10-female-2	-0.22431168400036622	-0.07545287277548833	0.04841071514634539	0.17139494011849102	-0.010219974647133723	0.03593277878160014	0.04522386783535601	0.11091730939251053	-0.019362010927560284	0.06034564535834427	0.0007802798176908848	-0.044685652327658885	0.01785643375582326	-0.013062986304253154	0.033535654118224685	0.0061341609968374915	0.1061678166939161	-0.02632839556910711	0.04005055748716901	-0.017104138180379598	0.036649496035001394	-0.05349766428236251	0.04577891514197348	-0.020630629854234042	-0.023234261100511938	-0.023726746516334534	-0.006539612767210757	0.0037929850687452656	-0.001987561948892483	0.028817613656750406	-0.035932572881025235	-0.016975267382648734	0.07489394628554583	0.008765182954806902	-0.012011336095951218	-0.024279426727580863	0.012009182092243866	-0.040710382194334496	0.016544246744968877	0.04740347858149372	-0.009145464795223199	0.02119672841963447	-0.017579892397280122	0.01599832285888243	0.017824197200704366	0.0010465271309170229	0.022355338339700055	0.06855552514741386	0.03383317667316976	0.01197450197128885	0.007491603203309337	-0.03242110386313846	-0.015913634412331255	0.019229148072244576	-0.011757789010207948	-0.004002939844805433	0.03347160356928507	0.0303609513528278	0.006979539454605688	0.02765117187198188	-0.02018673325448057	-0.038719837660055524	-0.003969853444111138	0.040889257101603786	-0.023825964752019497	0.0019062032057275957	-0.020999946142704243	0.013875847458320842	0.004408007491882853	-0.0024027758942291003	-0.016306951567490513	0.0006054591326046986	-0.004043336872545381	0.01574991602141232	-0.008816426142501738	0.009049640772286788	-0.006176826905518653	0.010632547972027947	0.0051659409659539175	0.021282994806391262	-0.009984784401566929	-0.00023409163780809927	0.018648864359309427	0.010731386004929571	0.010306602598877177	-0.0031272383915489817	-0.0060718924246156766	0.00196598857748855	-0.0044147828366133245	0.010130558761822284	-0.009922764209182651	-0.007615993434102933	-0.0026247571936239503	-0.003149029330233443	-0.006449617437844774	-0.0036742574132049718	-0.003600887357214304	-0.012988393056525237	-0.0010204958143520573	-0.0032530427863729536	-0.0001376992372414057	0.0007510561368506204	0.008492324866775942	-0.005692448229721998	0.0008906525154948915	0.0010808748508075315	-0.0038356053139220283	0.0004906642876973007	-0.0	0.0	0.0	0.0	0.0	0.0	0.0	0.0	0.0	0.0	0.0	0.0	0.0	0.0	0.0	0.0	0.0	0.0	0.0	0.0	0.0	0.0	0.0	0.0	0.0	0.0	0.0	0.0	0.0	0.0	0.0	0.0	0.0	0.0	0.0	0.0	0.0	0.0	0.0	0.0	0.0	0.0	0.0	0.0	0.0	0.0	0.0	0.0	0.0	0.0	0.0	0.0	0.0	0.0	0.0	0.0	0.0	0.0	0.0	0.0	0.0	0.0	0.0	0.0	0.0	0.0	0.0	0.0	0.0	0.0	0.0	0.0	0.0	0.0	0.0	0.0	0.0	0.0	0.0	0.0	0.0	0.0	0.0	0.0	0.0	0.0	0.0	0.0	0.0	0.0	0.0	0.0	0.0	0.0	0.0	0.0	0.0	0.0	0.0	0.0	0.0	0.0	0.0	0.0	0.0	0.0
S10-Female-3	-0.07433851183116356	-0.09516678583451033	0.10519560583508321	-0.04764429733274487	0.09717984630662917	-0.06011607799472501	0.1799441019185531	-0.0008370153720456498	-0.07750091567769325	-0.026410711393550758	0.015002004173104285	-0.031081884343396527	-0.0054776406897048685	-0.015419345998472183	0.0030673116494219425	0.0861639333391516	0.00286324951980887	-0.0026811629345069128	0.0580431114868329	-0.020438454587185725	-0.009839628848314344	0.03909705457304075	-0.001684923519373162	-0.05559194516311173	0.013433776102199197	0.05571967067078702	0.03877560647945167	-0.010053444216031413	-0.01904152772977047	-0.04323004666058436	-0.028470869914381105	0.024209277172808675	-0.005504537278232406	0.02589308357975938	0.01856699971942914	0.057222204764137585	0.015033797582537686	0.006714392171741448	-0.022644129948107158	-0.012262570990060409	-0.07733522277064575	-0.0214789947222316	-0.027048192031409565	0.04914579777162886	0.015371210687372482	0.05029585880449508	0.011319663504213148	-0.056786110523531705	0.02341065347872337	0.01790309388837625	-0.007665662874701805	-0.01236020122396897	0.012084026998411946	-0.049565228102707026	-0.009705530172276681	-0.06196720583927866	-0.033990123634948154	0.004525732517090375	-0.008709885975089055	-0.0046657615796702415	-0.008953053242100347	-0.007471315871957612	-0.01795119814485187	0.02862072325227874	-0.018616996596831956	-0.012075281701172181	0.01455561848678366	-0.01437442516857407	0.006617308841043558	0.0002988834074102724	0.021926115348567962	0.0029863762895021607	-0.009478599680050563	0.01063185873434291	0.026187637195502395	-0.031880178494695044	0.005944579343252272	0.013303310488235917	-0.0007955486871668787	-0.0014656429491386779	-0.01424543570889539	0.0033325924703203505	-0.015901203789850587	-0.02761127424780993	0.0065508603408319585	-0.006223575583448422	-0.007790110103114033	-0.00011444108069439073	0.006036854763359373	0.005182213271050114	-0.004285522521312181	0.00794766727159302	0.01048449923359517	-0.0034934599914583585	0.003088972027502218	0.0024986128553048615	-0.007570115149820344	-0.007062667901609581	-0.00869771235921583	-0.0012060451053704832	-0.006304893823524231	0.001053218360226479	0.0021522990820191205	-0.0010909547515757976	-0.003924300306668968	-0.0035607337548472224	-0.0005105969698670051	0.000162530636803515	-0.0	0.0	0.0	0.0	0.0	0.0	0.0	0.0	0.0	0.0	0.0	0.0	0.0	0.0	0.0	0.0	0.0	0.0	0.0	0.0	0.0	0.0	0.0	0.0	0.0	0.0	0.0	0.0	0.0	0.0	0.0	0.0	0.0	0.0	0.0	0.0	0.0	0.0	0.0	0.0	0.0	0.0	0.0	0.0	0.0	0.0	0.0	0.0	0.0	0.0	0.0	0.0	0.0	0.0	0.0	0.0	0.0	0.0	0.0	0.0	0.0	0.0	0.0	0.0	0.0	0.0	0.0	0.0	0.0	0.0	0.0	0.0	0.0	0.0	0.0	0.0	0.0	0.0	0.0	0.0	0.0	0.0	0.0	0.0	0.0	0.0	0.0	0.0	0.0	0.0	0.0	0.0	0.0	0.0	0.0	0.0	0.0	0.0	0.0	0.0	0.0	0.0	0.0	0.0	0.0	0.0
S10-male-1	-0.2513845593429002	-0.01380103791485172	0.06799330993165006	0.10461136036453675	0.03449934231721285	0.01614548085707813	-0.013003411813590358	-0.003218012571863492	-0.05804824010100227	-0.0002583495591555257	-0.024512520519643245	0.0025593940924376456	-0.06754244391240867	0.05902112234155399	0.043334003835069364	0.040502114574853906	0.040723150769017044	0.007630159380568348	-0.014378065978521445	-0.026476830812422924	0.027010021314884343	-0.008692346758967346	-0.00555245603904601	-0.03560607400991773	-0.0024253358810656044	0.017514095560475226	-0.006326675930130337	0.021918048158250054	-0.008950049397522917	-0.029122214295429792	0.04369661548497535	0.011646960283202423	-0.0057020385365909995	-0.024031496922996713	0.04179893742432721	0.020776430060294875	-0.018835396877249257	0.00514160333083129	-0.009917003958059965	-0.02695517490921678	-0.016374660132766033	0.025689554535106577	0.0003955004159521586	0.038659401962990024	-0.019546401533947145	0.005530249040054436	0.011051110874932255	-0.009580777643376523	0.025181981075451318	-0.0060496116573820315	-0.023114533474132573	0.006732706003368403	0.00026642222165034	-0.00852253850255035	0.03134289694304304	0.028983608543667758	-0.0035732588904906766	-0.01323762925469543	-0.0025579386738588867	-0.003990863308870553	-0.00841476993306164	-0.020450228014161992	0.007636995469099936	0.011770103455402123	0.007137658476794845	0.006418824851748655	0.006236280951278665	0.007909244594015116	-0.00854547497332659	-0.002178305461060796	-0.0053820234551238836	-0.01589604364054537	0.012191392885812651	0.012122027713310635	0.004838002603548354	0.01482594388940291	-0.004025451744735726	-0.0054203819772456075	0.004849143102046126	0.0007377645819623824	0.0009095638193620681	-0.003157613921819784	-0.0006717936164724031	0.0036704570947591413	0.00023163719353772985	-0.009089435684155798	0.014603975870615809	0.011708042380347831	-0.012401255196100507	-0.013318378492607735	0.006035255845313944	-0.005336109795821988	0.003080707042354517	-0.0018974526529852626	-0.010509244158146951	-0.004313386115243038	0.004474794847014118	-0.007967479377410663	0.0015225648252685992	-0.009007559723304174	0.008238575244122852	-0.0011106559699732618	0.0011277344907979787	-0.0033480821448387452	-0.00041216375077241234	-0.0011972878254002625	0.0049326072100534515	0.00010434810318899948	-0.0	0.0	0.0	0.0	0.0	0.0	0.0	0.0	0.0	0.0	0.0	0.0	0.0	0.0	0.0	0.0	0.0	0.0	0.0	0.0	0.0	0.0	0.0	0.0	0.0	0.0	0.0	0.0	0.0	0.0	0.0	0.0	0.0	0.0	0.0	0.0	0.0	0.0	0.0	0.0	0.0	0.0	0.0	0.0	0.0	0.0	0.0	0.0	0.0	0.0	0.0	0.0	0.0	0.0	0.0	0.0	0.0	0.0	0.0	0.0	0.0	0.0	0.0	0.0	0.0	0.0	0.0	0.0	0.0	0.0	0.0	0.0	0.0	0.0	0.0	0.0	0.0	0.0	0.0	0.0	0.0	0.0	0.0	0.0	0.0	0.0	0.0	0.0	0.0	0.0	0.0	0.0	0.0	0.0	0.0	0.0	0.0	0.0	0.0	0.0	0.0	0.0	0.0	0.0	0.0	0.0
S10-male-2-	-0.1512241117049547	-0.03238056493240248	0.06943709635719132	0.09325775870513202	-0.05211215380802952	0.011266865534275926	0.12949422843726038	0.009465336778773835	-0.12187833043532785	0.04407988287609919	0.0013318578624499585	-0.018291659369586	-0.05557762295937559	0.005202115498279135	0.0670170726217634	-0.03431801241238769	-0.00584498558668839	0.014322750538128762	0.03045284154895025	0.036970847461322946	0.0012416096896312547	-0.015746155202106992	0.0026095223227319943	0.029784977309647135	0.020831210739745455	0.01752735686966906	0.004233191399676789	-0.0094193584206402	0.01640498918932378	-0.03021553808135528	0.035498921846816966	0.0131690825072626	0.0047099414282168175	-0.06837111908337025	0.01587796038829639	0.01826191338035492	-0.04842205804722112	0.026535316180670298	-0.010168741293219243	-0.028789522334671767	0.01994400316105104	-0.008649060590579221	-0.002719338267435756	-0.0023978906743876167	-0.002177936702656878	0.0034133144227178943	-0.03205538279805217	0.0003383791623444037	0.015266937409668689	-0.008105590476216007	0.0138612555659309	0.0001414427283862319	-0.04386271198605679	0.023432474664714244	-0.0014193501928442614	0.03194534283005672	0.008084532661933572	0.0038054457641997362	0.05215917469842396	-0.004593109876188324	0.005855317165428804	-0.031987965670495944	-0.011419374074112077	0.024923071634653172	0.014425325724280827	-0.004277038938608639	0.015391758507844631	0.007144802901503014	-0.0032743292576536847	-0.05659180204891638	0.029256069146481264	0.01735285173015327	-0.034256663934287855	-0.009922377707393591	0.017012929500043177	0.01380541028460716	-0.020177833785318507	-0.011400877299617534	-0.006051669357479255	-0.0027137221433687435	0.0036884637773622266	0.0007838572881032314	0.007387821886399702	0.0036330277661103276	0.019530835359761457	0.027304358102171064	-0.0144113204293296	0.011929841181037792	0.01538331059884423	0.0017809587396398739	-0.014843006584179901	0.007628766462286364	0.00925997416177388	0.008606927243730184	-0.006027158945771868	0.008729791720459448	0.011326339650129358	-0.004690767442599425	0.008245828123027387	0.00029823848666304215	-0.002171484437300129	-0.002894229131475304	-0.0036047270368284126	0.008736520878450773	0.006841742749459529	0.005071475239052972	-0.003723071198426841	-0.0025931566531712594	-0.0	0.0	0.0	0.0	0.0	0.0	0.0	0.0	0.0	0.0	0.0	0.0	0.0	0.0	0.0	0.0	0.0	0.0	0.0	0.0	0.0	0.0	0.0	0.0	0.0	0.0	0.0	0.0	0.0	0.0	0.0	0.0	0.0	0.0	0.0	0.0	0.0	0.0	0.0	0.0	0.0	0.0	0.0	0.0	0.0	0.0	0.0	0.0	0.0	0.0	0.0	0.0	0.0	0.0	0.0	0.0	0.0	0.0	0.0	0.0	0.0	0.0	0.0	0.0	0.0	0.0	0.0	0.0	0.0	0.0	0.0	0.0	0.0	0.0	0.0	0.0	0.0	0.0	0.0	0.0	0.0	0.0	0.0	0.0	0.0	0.0	0.0	0.0	0.0	0.0	0.0	0.0	0.0	0.0	0.0	0.0	0.0	0.0	0.0	0.0	0.0	0.0	0.0	0.0	0.0	0.0
S2-female-1	-0.30586649457125575	-0.05134569124416134	0.1481666061378314	0.009152199622688574	0.009532186208342838	0.07156172586160456	0.022123368410649356	0.0351161853822942	0.0676260977253259	0.031208962923941902	-0.061587974966541364	-0.08301462499323814	0.013591912763574437	0.028538792336695325	0.026140055953986788	-0.04160563162921844	-0.06782580582416377	0.04109157282321074	-0.027179980168986016	-0.010215913406854083	0.04172789583286199	0.05250556702502512	-0.05245494857753792	0.09838838419066083	0.026050467944291087	-0.03575057803392215	0.04807832200155713	-0.00642128191173362	0.029236076641055878	0.03466273090385444	0.03163038447588978	0.016468867328715543	0.018440245795007155	-0.006516596616775621	-0.020658115175318445	-0.052181386138171686	0.028955780164132982	0.019287894508270852	0.01142555365912297	0.007993132040827682	0.0029962581969316016	-0.029065541115517003	-0.002477280760847449	0.023208538617354	0.016861354217177157	6.786833233456972e-05	0.04132289598631316	0.035176441904888195	-0.021953946030846657	0.026673755303756184	-0.02981529004582499	-0.02003008717629212	-0.006793096900608388	-0.02326585165259292	0.0198264064652574	-0.006041646573729019	0.005468835937166146	0.005704226497491201	-0.0023236048837311815	0.014618942172435118	0.013589885353266495	0.0034839754202085575	0.013799250695578408	0.017623615986235002	0.020143903776625345	0.00499481302799546	0.006109317022925828	0.0020317110813522733	0.0019477231588728497	0.023341486630278494	0.020909917713339065	0.004905321013736558	0.018223112037404874	-0.005815513420413497	-0.0028854774742743615	0.013517905264682918	-0.015453085604726566	0.001970552913983145	0.007171010400358343	-0.0032369778102694963	-0.0033957627583793863	0.00027030366351421157	-0.016126123368380776	-0.008543173271446977	-0.009779621576640436	0.0029335251727801407	-0.01509021776142472	-0.030780257368162547	-0.025045581504989957	0.006280904070032646	0.00542904837995748	0.010185604635722741	-0.0026561879980035816	0.00380425313115656	-0.004949765856049949	0.004680651286742544	-0.006242977970661902	0.0038456345415795352	0.0031611144638489814	0.0016217506644441956	0.0043897050956997995	-0.0012500849429343168	0.003995622987887357	0.0029885075155394953	-0.0014909993186952356	0.003879863944852113	0.0016103560569517348	-0.0003420998696449862	-0.0	0.0	0.0	0.0	0.0	0.0	0.0	0.0	0.0	0.0	0.0	0.0	0.0	0.0	0.0	0.0	0.0	0.0	0.0	0.0	0.0	0.0	0.0	0.0	0.0	0.0	0.0	0.0	0.0	0.0	0.0	0.0	0.0	0.0	0.0	0.0	0.0	0.0	0.0	0.0	0.0	0.0	0.0	0.0	0.0	0.0	0.0	0.0	0.0	0.0	0.0	0.0	0.0	0.0	0.0	0.0	0.0	0.0	0.0	0.0	0.0	0.0	0.0	0.0	0.0	0.0	0.0	0.0	0.0	0.0	0.0	0.0	0.0	0.0	0.0	0.0	0.0	0.0	0.0	0.0	0.0	0.0	0.0	0.0	0.0	0.0	0.0	0.0	0.0	0.0	0.0	0.0	0.0	0.0	0.0	0.0	0.0	0.0	0.0	0.0	0.0	0.0	0.0	0.0	0.0	0.0
S2-female-2	-0.17257663471409637	-0.3784866914914077	-0.20267399423830798	0.02151817090260515	-0.04645188902140288	0.03514838962462844	-0.059137568433538394	-0.06885401119584926	-0.07126840279647323	0.01310194849982968	-0.04815691736964584	-0.006248016685691494	-0.024639111427164077	0.06468919895196554	0.03470351211834131	0.0173898380300965	0.021380557784605306	-0.002954231555311178	-0.034857277088275095	-0.019368764217504317	0.03206583609493979	-0.023617134371288845	-0.013378411563663243	-0.030467866670033966	-0.0019718273694005473	-0.004801366573623122	-0.026108398650924406	0.016150426208872255	0.0025089897851058324	0.012970533101724791	0.03475970698945626	-0.0033360694734754018	-0.007418403267667433	0.02117178171455448	0.010548934787728682	0.005622744547011607	-0.003259673570259491	1.1795801018540381e-06	-0.012557423517329042	-0.014361317194719395	0.0076289185501673944	-0.0021124123565903637	-0.008637857219514834	-0.0026758761550696587	-0.032930120210804735	-0.016509128840793474	0.008033861635378427	0.00034675688522034097	0.015306415822735833	0.007554817460037167	0.00487454352513028	-0.009574422239849074	0.008815689268351868	0.006616881740530211	0.01094087007303003	0.0003353779641860548	-0.009270881960298898	0.02060152938599769	0.009347600803897137	0.012301957142512395	-0.0040985117174065135	-0.013780739274088665	-0.005917474452789827	0.0038100998571573372	0.0008457771729754154	-0.001127120111528043	-0.017576802227628554	-0.0009036912913016879	0.00043073407090352367	0.004846859377812851	-0.0024688943284231525	0.002954948074094019	-0.00028304470899104424	0.014338826068470598	-0.0008943185912654015	0.0007418711892262815	-0.011759196328580877	0.005651449420374677	0.004304421100099827	0.01102624338253926	-0.013550096434083829	-0.005006180073701622	0.00020676993742500647	0.010857081276656291	-0.006017951813982076	-0.004470067116489827	0.0004904196857869319	0.0010671994842381817	-0.0003168146996105344	-0.0009870197020833118	-0.008546159397105967	-0.0021966436198120635	-0.00512559016408274	-0.004942782369032998	-0.001166181740429347	-8.767187426451606e-06	0.0020705792561711758	0.00309438011934121	0.0006110079558149315	0.0021561963381770445	-0.0012397060265848345	-0.001198316678015863	0.0065526904509198396	0.0020287847253650996	0.0013425883041757519	0.0005363367803231801	4.1492423136888756e-05	-9.955599391708751e-05	-0.0	0.0	0.0	0.0	0.0	0.0	0.0	0.0	0.0	0.0	0.0	0.0	0.0	0.0	0.0	0.0	0.0	0.0	0.0	0.0	0.0	0.0	0.0	0.0	0.0	0.0	0.0	0.0	0.0	0.0	0.0	0.0	0.0	0.0	0.0	0.0	0.0	0.0	0.0	0.0	0.0	0.0	0.0	0.0	0.0	0.0	0.0	0.0	0.0	0.0	0.0	0.0	0.0	0.0	0.0	0.0	0.0	0.0	0.0	0.0	0.0	0.0	0.0	0.0	0.0	0.0	0.0	0.0	0.0	0.0	0.0	0.0	0.0	0.0	0.0	0.0	0.0	0.0	0.0	0.0	0.0	0.0	0.0	0.0	0.0	0.0	0.0	0.0	0.0	0.0	0.0	0.0	0.0	0.0	0.0	0.0	0.0	0.0	0.0	0.0	0.0	0.0	0.0	0.0	0.0	0.0
S2-male-1	-0.029837171338452703	0.06220334866062577	0.005041020465643697	-0.06889484950382334	-0.09082323802458112	-0.015216540446623152	0.10367495763482656	0.066673151741116	-0.01551255223562006	-0.10151757191098079	0.02954515369503232	-0.020913270728957264	-0.03818259513314539	0.004772996622954412	0.03965040765831286	-0.004390036506242698	0.04063165951887485	-0.028994554238822197	-0.02749822664661566	0.025683197669006196	-0.0016824858889350684	0.02110262220908431	-0.02231124757560894	0.026637126914423385	0.0002571042691582594	-0.03649874958083644	-0.039012079036764596	0.010514046103083794	-0.028183742571631663	0.016909449837274444	0.024106349329963764	0.0384480614285379	0.0052407154249196645	0.00786028351298305	-0.09370470603607631	-0.009697146999828536	0.0069407253538849335	-0.051708373488211855	0.01452677568259237	-0.046847322784880206	-0.012232880584125418	0.018210944195194218	0.062035946646073564	-0.05306408874521351	0.003914269335412231	0.021474969651598813	0.02409440373813768	-0.0010606333479233824	0.004209482644222794	-0.027589257733687637	-0.0004668566250440498	0.005536218625962073	0.0005392070842522564	0.02456187456471162	0.01658463065656035	0.024315043346477185	-0.016430587245158577	-0.003635317600464142	0.007117854473133097	0.020418614436796222	-0.0023392808181413745	0.005428129262142183	0.012252509266569726	0.020549268429438487	0.01702708478267469	-0.008933738664393185	-0.015603221207554701	-0.01335100699940684	-0.013039539453169107	0.012179167551153895	-0.01353330340746419	-0.019473826093380275	0.0008420807442154851	-0.0035782491630653493	0.0059203906015515	-0.007002006035832048	0.009854830158316273	-0.028492693826726763	0.00426481841026911	0.015637869375101164	0.010253083220106167	-0.016525337012516007	0.012682812285931804	0.008729586667523208	-0.01854424152908853	-0.021051581537977156	-0.011129554385576602	-0.01078804707119179	0.008096921543202492	-0.00974199756579212	0.0015998725815577473	0.01383047674645637	-0.0029048065935651864	-0.004356151056232169	0.0018093285877673255	-0.0068253415395498965	0.001426532353149948	-0.005526270082129361	-0.00045465689105960973	-0.005153545733360887	-0.0026382045777134907	-0.006166081162556992	-0.0011982001222049917	0.007649623201705039	0.0023679398939649558	0.001353724034956054	0.00033550984185948723	0.0019882729184633294	-0.0	0.0	0.0	0.0	0.0	0.0	0.0	0.0	0.0	0.0	0.0	0.0	0.0	0.0	0.0	0.0	0.0	0.0	0.0	0.0	0.0	0.0	0.0	0.0	0.0	0.0	0.0	0.0	0.0	0.0	0.0	0.0	0.0	0.0	0.0	0.0	0.0	0.0	0.0	0.0	0.0	0.0	0.0	0.0	0.0	0.0	0.0	0.0	0.0	0.0	0.0	0.0	0.0	0.0	0.0	0.0	0.0	0.0	0.0	0.0	0.0	0.0	0.0	0.0	0.0	0.0	0.0	0.0	0.0	0.0	0.0	0.0	0.0	0.0	0.0	0.0	0.0	0.0	0.0	0.0	0.0	0.0	0.0	0.0	0.0	0.0	0.0	0.0	0.0	0.0	0.0	0.0	0.0	0.0	0.0	0.0	0.0	0.0	0.0	0.0	0.0	0.0	0.0	0.0	0.0	0.0
S2-male-2	-0.09785161128305016	-0.034716875210696704	0.11039831460920987	-0.014867885286129633	-0.0863151797041607	0.0914675318654422	0.2024370293502465	-0.11260267897250366	0.0008328395732375606	-0.1739784200826267	-0.040637981893277116	0.008319059860793327	-0.007711498656788972	-0.031754869167105286	-0.08225820737061589	0.14444230121488805	0.0003666274562496189	0.10366086089859204	-0.024699163241304264	0.0638307149149573	-0.03777992656806216	0.07090343222850573	0.025684091057526157	0.002876430273352753	-0.0624271610037518	0.015194910295206842	0.09225459235228467	-0.08107343731250957	-0.03803687709353914	-0.027395060069946197	-0.002965019192720288	-0.037042899209867516	-0.026957789320300577	-0.05774237446834653	-0.018481185528875874	0.0333129176861994	0.0030665564425632432	0.00464133977206389	0.016882012740406824	-0.008939013844676175	0.004947779264691597	0.0030675667991784308	-0.034673904660795375	0.020010781093378515	0.009561384355351579	-0.035829351382298834	0.02249491593873509	0.02537790056757921	-0.02631239848584215	-0.03316724533288809	0.033358316907244466	0.038237398687869247	0.028613297253723004	0.04276011470595434	-0.04222184547749521	0.031219811368045074	-0.00838623277623423	0.027730488229865218	0.018334154099401846	0.008887970371670733	-0.028340497542015633	-0.002927769646280211	0.017817791117165315	-0.014100374223296994	0.03720696056718654	0.0015902418728176715	0.011064963668706856	0.00802672479491888	0.0160622583651295	-0.006145332159273736	0.01855417003717264	0.011048187881657267	-0.03018395048682575	-0.007281325142033258	0.022955129264301967	-0.00488826320602453	0.009602859078695241	0.007180781404295005	-0.014817826427903472	-0.004467562321842475	0.003172337739557832	0.0037643224966492756	0.002639180092247332	0.007173344990350169	0.008547869409386186	-0.004843296893423367	0.008688542425629537	0.016065068583870676	0.0017598563239433333	-0.014589331189184667	0.00678762022518309	-0.01192208978063687	-0.01115322348608548	-0.010456569494897814	0.00821629879350136	-0.004209331701491546	0.002583080507585003	-0.003924889106621908	-0.003278167168011332	0.0029589374096313497	0.0012407180972261202	-0.0019906327389509707	0.004855178827964818	-0.005505636145767715	-0.002629146461527042	0.001204140323662503	0.0018329111054758722	0.0024488006836728745	-0.0	0.0	0.0	0.0	0.0	0.0	0.0	0.0	0.0	0.0	0.0	0.0	0.0	0.0	0.0	0.0	0.0	0.0	0.0	0.0	0.0	0.0	0.0	0.0	0.0	0.0	0.0	0.0	0.0	0.0	0.0	0.0	0.0	0.0	0.0	0.0	0.0	0.0	0.0	0.0	0.0	0.0	0.0	0.0	0.0	0.0	0.0	0.0	0.0	0.0	0.0	0.0	0.0	0.0	0.0	0.0	0.0	0.0	0.0	0.0	0.0	0.0	0.0	0.0	0.0	0.0	0.0	0.0	0.0	0.0	0.0	0.0	0.0	0.0	0.0	0.0	0.0	0.0	0.0	0.0	0.0	0.0	0.0	0.0	0.0	0.0	0.0	0.0	0.0	0.0	0.0	0.0	0.0	0.0	0.0	0.0	0.0	0.0	0.0	0.0	0.0	0.0	0.0	0.0	0.0	0.0
S2014F_E2-2-A-F	-0.1261736679304449	0.057928000798660575	0.05825431746194918	-0.0713933225204483	0.05039449546476057	0.02587145587664972	0.03777327133989858	-0.13357569072873351	-0.03994877771680529	-0.03827019117854278	0.019676842939018262	0.016917689787238895	-0.03200587479108103	-0.0822555128422839	-0.021741470872492414	-0.04049401802146151	-0.0471314394870042	0.022838588298850077	0.04261923882511383	0.015467394658165939	-0.058139913042212124	-0.031527035297147184	0.03825376951566244	0.018973511629272428	-0.013580006381440924	0.010265829492571479	-0.042617168092595595	-0.05024900332701045	0.03916879028346102	0.005579592365791755	0.01394804546915442	-0.055498542591551056	-0.0007681325354546841	-0.029459512668473017	0.005145437376012054	0.014753305378630448	-0.0028224479980410956	0.01653763601339621	0.0018803737956473684	0.03165323170706612	-0.028217071707233088	0.016397022968268584	-0.04154185005713531	0.0025433912037386365	-0.01751282119669979	-0.013557373986572642	0.023272457570048533	0.005981316665140393	0.0038463156412689658	0.016040065085969085	-0.043767770412622635	-0.013803100290765407	-0.024901401196345554	0.007343649507401475	-0.01007239094833574	0.012669939255428303	-0.02159908894624585	-0.011121800184984192	-0.007992405013494946	0.020933124656522622	0.03942263450948836	-0.006114704191966584	-0.0033008620882396407	-0.013009596603980288	-0.018454784034735425	-0.019906398644336312	-0.028837795607854474	-0.0007984746754810494	-0.008447247534715617	0.0013998030789723478	0.002307466477534436	0.005274398980512257	-0.003764377200445231	-0.024341626660893907	-0.02032937435314087	-0.0013466049198317602	0.021786576343515017	-0.0054410729712018975	-0.01272988509243004	-0.006405655366881178	0.0027999189562748802	0.009831572188943495	0.01164744830562398	-0.010473704030255436	-0.0034774294164473993	-0.0028337118340993096	-0.00036634937580703016	-0.009542495294076981	-0.00436860264035677	0.006732425997849104	-0.012849487489144353	0.0020773484361716796	0.002185963467534647	0.005699125031609615	-0.011541434578722129	-0.012588632371797463	-0.005835508971646546	0.002781364927302126	0.002589152991886839	0.004490485869571953	-0.004895740159290123	-0.006606487375300751	-0.00432779114886287	2.4899682850154927e-05	0.0023995484268356892	0.0018815929137693697	0.00351345735739122	0.00122485951345489	-0.0	0.0	0.0	0.0	0.0	0.0	0.0	0.0	0.0	0.0	0.0	0.0	0.0	0.0	0.0	0.0	0.0	0.0	0.0	0.0	0.0	0.0	0.0	0.0	0.0	0.0	0.0	0.0	0.0	0.0	0.0	0.0	0.0	0.0	0.0	0.0	0.0	0.0	0.0	0.0	0.0	0.0	0.0	0.0	0.0	0.0	0.0	0.0	0.0	0.0	0.0	0.0	0.0	0.0	0.0	0.0	0.0	0.0	0.0	0.0	0.0	0.0	0.0	0.0	0.0	0.0	0.0	0.0	0.0	0.0	0.0	0.0	0.0	0.0	0.0	0.0	0.0	0.0	0.0	0.0	0.0	0.0	0.0	0.0	0.0	0.0	0.0	0.0	0.0	0.0	0.0	0.0	0.0	0.0	0.0	0.0	0.0	0.0	0.0	0.0	0.0	0.0	0.0	0.0	0.0	0.0
S2014F_E2-2-B-F	-0.0251600085443365	-0.03346180907106992	0.00862508277309368	-0.04722540912733721	-0.014255443617752273	0.06657905685156158	-0.025036636059952853	-0.0915177286557483	0.14871027164496733	0.10080017848449038	0.22885484725431682	0.10032700248842541	-0.05413003825340498	0.006863339976407766	0.08067927576662676	0.14705534528727543	0.024861124239147544	-0.03127877137144772	-0.03528661169894366	0.0641125347467173	0.05028355913340181	-0.037144198019407916	-0.0025765441799196526	0.1329240928091714	0.01729610710713937	0.02739315543169179	0.001725293699090662	-0.03488790730970267	-0.025660786767013086	-0.05080991111274936	0.0036603512178218184	0.004250373387877446	0.02225117268245285	-0.0008946913950205131	-0.011488573001134064	0.042949216274386685	0.00902842998678342	0.022400968859359726	-0.031007855546011945	-0.02623095304330342	-0.02987490600284229	0.005633939649690712	0.0632100381386935	-0.01465851681988418	-0.01667303019081367	0.012481903273414795	0.03635430119904341	0.022382268054076754	0.01386018142687054	0.0076248724000715406	0.007746525103543059	0.007655866270906981	0.007611668168950868	0.03136728383056239	-0.008089445615207042	-0.001328609206563794	0.00470730408776502	0.0046237008029701675	0.004773504874538273	0.0015939007330592072	-0.00904243803951484	-0.00033388834599317493	-0.011061939481945025	-0.01471300589804838	-0.007061676912964146	-0.01652861453832434	0.0020728450524177817	0.004605878269299577	-0.005990407661688542	-0.004843148661789421	0.0033346318346571383	-0.006096794230958818	-0.008676648778800946	0.016361891091059476	0.009276014512887431	0.0016356555250214675	0.007877067137574741	-0.0011306251859244905	0.0024961802918493452	-0.005666266268019029	0.0027885194057015194	-0.0028342670658161313	-0.007409949111931764	-0.003647174961859575	-0.00021628560400602175	0.006392804158661989	-0.007014151938453969	0.003912340714499771	-0.006945342518589502	-0.0005922183980216504	-0.0004624785049926669	-0.0011191396574081996	-0.006667706316739297	-0.005521870436938799	0.004947902365205179	-0.006400645365502867	0.0025997946829813385	-0.002711805503129791	0.0017984120194587069	0.003990936122462053	-0.0034350441620544536	0.0026145787072681856	-0.002200183585446886	0.003060395567705681	0.003555243014253818	-0.004327644713704607	0.0006926999702183422	-0.00023614062801546133	-0.0	0.0	0.0	0.0	0.0	0.0	0.0	0.0	0.0	0.0	0.0	0.0	0.0	0.0	0.0	0.0	0.0	0.0	0.0	0.0	0.0	0.0	0.0	0.0	0.0	0.0	0.0	0.0	0.0	0.0	0.0	0.0	0.0	0.0	0.0	0.0	0.0	0.0	0.0	0.0	0.0	0.0	0.0	0.0	0.0	0.0	0.0	0.0	0.0	0.0	0.0	0.0	0.0	0.0	0.0	0.0	0.0	0.0	0.0	0.0	0.0	0.0	0.0	0.0	0.0	0.0	0.0	0.0	0.0	0.0	0.0	0.0	0.0	0.0	0.0	0.0	0.0	0.0	0.0	0.0	0.0	0.0	0.0	0.0	0.0	0.0	0.0	0.0	0.0	0.0	0.0	0.0	0.0	0.0	0.0	0.0	0.0	0.0	0.0	0.0	0.0	0.0	0.0	0.0	0.0	0.0
S2014F_E2-2-C-F	0.23040075929036988	-0.029770571661877698	0.10132945348064844	-0.09095809960169644	-0.03290636594711362	0.046784070987067605	0.0004884374010395518	-0.055326435804114206	0.09281057551459154	0.004243101561291957	0.03710608675258561	0.02066980290818829	-0.06609388577528909	0.0028879634932280087	-0.023746419815356017	-0.0314367253580938	0.08717704428388696	0.09814313690656035	0.02814083037300854	0.02657240119112806	-0.06569694759971256	-0.02281785679888997	0.008740641479593901	-0.017837772053145805	0.01812633101505869	-0.002344855446260227	-0.007345547309878836	0.05074999970174454	0.0025807595601115042	0.0494200736073062	0.031613347912130836	0.0215573797836318	-0.0345005538676886	-0.016181454467165117	0.05991296378553483	0.0012819169456879942	-0.03891197025585364	-0.07919859761629144	-0.04688517817363697	-0.036508529629217065	0.02792512714401632	0.03390234844420647	0.0019213149508903744	0.011095183153526934	0.021852232025407786	-0.03484209413434905	-0.008416858396904772	0.0004692797540770287	0.06087265364649083	-0.04593897631938494	-0.06579971818716887	-0.022637327704823216	-0.007622795301758268	0.004752647122824947	0.03402533268286867	-0.02140388584296337	0.03202068424549546	0.04630126102564298	0.013502193743111013	-0.005561389090298393	0.04714458471958033	-0.006389013491158086	0.0025544227806250618	0.0035871301992737668	-0.027197376724393853	0.02439373999660466	0.013668943889780757	-0.0027341000680981245	0.016626733969264066	-0.01534116382294147	0.04066821654636516	-0.0028441211014517925	0.012251965990245898	0.0012606206343661018	0.008544053339843226	0.00020165528670517636	0.0010793231267151612	0.012400075435434598	-0.01856772500091147	-0.014029989544072089	-0.005869384099130418	-0.010790655481927782	0.0027531729829955226	-0.0068251108699978035	0.000337853052758118	-0.0074929558626227084	0.0037587219511612054	-0.011419459454237911	-0.014730624068440027	-0.012893747476227358	-0.012096779815563828	-0.011319442369992133	0.004518148523209391	-0.003250099626263409	0.01815938861769198	0.006968887881349306	-0.0012803011737993072	0.0017454432710119077	0.0020725060447285646	0.005686656336371324	0.00218283108854194	-0.006790439464408144	-0.007087787577783058	0.0008788915983045839	0.006816971128512538	0.001440216244671466	0.003151480516762582	0.0019477986030967639	-0.0	0.0	0.0	0.0	0.0	0.0	0.0	0.0	0.0	0.0	0.0	0.0	0.0	0.0	0.0	0.0	0.0	0.0	0.0	0.0	0.0	0.0	0.0	0.0	0.0	0.0	0.0	0.0	0.0	0.0	0.0	0.0	0.0	0.0	0.0	0.0	0.0	0.0	0.0	0.0	0.0	0.0	0.0	0.0	0.0	0.0	0.0	0.0	0.0	0.0	0.0	0.0	0.0	0.0	0.0	0.0	0.0	0.0	0.0	0.0	0.0	0.0	0.0	0.0	0.0	0.0	0.0	0.0	0.0	0.0	0.0	0.0	0.0	0.0	0.0	0.0	0.0	0.0	0.0	0.0	0.0	0.0	0.0	0.0	0.0	0.0	0.0	0.0	0.0	0.0	0.0	0.0	0.0	0.0	0.0	0.0	0.0	0.0	0.0	0.0	0.0	0.0	0.0	0.0	0.0	0.0
S2014F_E2-3-A-F	0.28613140605954496	-0.08094876154598796	0.10482577908451621	0.063994866422216	0.05021268334407699	-0.023388967445827486	-0.05681621302040356	-0.048671197267342536	-0.08775288070834689	0.05692305429279956	0.032502300669756436	-0.051188451508915565	-0.040850010891606794	-0.003688761505426545	0.05472156175635055	0.0036139175200779233	0.039756086215023786	0.027201428574681632	-0.08815562305183935	-0.0029147674260418415	-0.004386533577383075	0.018065259523280464	0.09626978042063693	-0.03489478442353533	-0.01521402603926664	-0.05896524293601275	-0.011318942119847714	-0.07215725586725086	0.040029615990929364	0.03569530264470684	-0.012250885329155756	-0.008105435577601017	-0.05661290627000932	-0.05311789470004401	-0.06850926583416962	-0.02580780448224179	0.001505807875356814	-0.03725176805006532	-0.08875758720744538	-0.034459755564588905	-0.0004040057402348193	-0.015170721016893311	-0.05627915373949206	-0.026469245329660485	-0.007954443655160338	-0.008351333168101114	0.0071004139654031375	0.04704315783433388	-0.03322064227408849	-0.0944778358199763	-0.045818618708090446	-0.009581079415064819	0.0055709505424042394	-0.01670910989582147	-0.007512586272762993	-0.032008060318146396	0.02461041387727318	-0.061917653697465956	-0.007187786965490456	-0.019000736946370545	-0.014629764374584183	0.019799223826203714	-0.031514323806946895	0.030263364866964595	-0.02164958844315915	-0.0011613326612200118	0.05250247667560391	-0.016011419392604028	0.0008584434900674218	0.01751978432867403	-0.013581238919758766	0.003078328060379429	0.019520737146782152	-0.016952540126394335	-0.009663870728026928	-0.005079115473349976	0.00520601709963686	0.025033333253223364	0.0032666466177401236	0.0008944107353730324	0.017021019141754568	0.002683148051014914	-0.010413242003920398	0.0006341618692645958	-0.005842395984415612	0.010323906580522459	-0.01845208253487881	0.020988996099358555	0.01038121531185857	-0.010218376665974327	0.0005060564313577663	0.0004494548623677206	0.005972162059628169	-0.00354988641539045	-0.0051353676239378225	0.00948630039109044	0.001508830437211365	0.001452822116195168	-0.00664772029566241	-0.0024075299760010138	0.006918127369910424	-0.0031062807298811203	-0.0006995415160650177	-0.0032182722746203303	-0.003368965379837859	-0.0005956816417212599	-0.0023302058521271433	0.0001524410619896432	-0.0	0.0	0.0	0.0	0.0	0.0	0.0	0.0	0.0	0.0	0.0	0.0	0.0	0.0	0.0	0.0	0.0	0.0	0.0	0.0	0.0	0.0	0.0	0.0	0.0	0.0	0.0	0.0	0.0	0.0	0.0	0.0	0.0	0.0	0.0	0.0	0.0	0.0	0.0	0.0	0.0	0.0	0.0	0.0	0.0	0.0	0.0	0.0	0.0	0.0	0.0	0.0	0.0	0.0	0.0	0.0	0.0	0.0	0.0	0.0	0.0	0.0	0.0	0.0	0.0	0.0	0.0	0.0	0.0	0.0	0.0	0.0	0.0	0.0	0.0	0.0	0.0	0.0	0.0	0.0	0.0	0.0	0.0	0.0	0.0	0.0	0.0	0.0	0.0	0.0	0.0	0.0	0.0	0.0	0.0	0.0	0.0	0.0	0.0	0.0	0.0	0.0	0.0	0.0	0.0	0.0
S2014F_E2-3-B-F	0.08834184455554296	-0.005700222606941582	0.06345768966373601	-0.05741059459845828	0.16019929527004836	-0.04043820289261754	-0.019983349806667917	-0.0159967979648552	-0.12242911882262712	0.04165666925801876	-0.000426391409060497	-0.04908806991634182	0.005261638689877493	-0.13317056697518448	0.01477828098176471	0.01712334574050465	-0.08095935092273401	-0.012276305858981696	0.004326301106290884	0.04611416417103253	-0.012422596371812977	0.004974671092314633	0.06568037008892672	-0.0675569750742287	-0.0063832739557577005	-0.037022151133553005	0.07541777184039447	0.06988542557344211	0.07037335412757652	-0.026752066082359725	0.03672953112845027	0.022206577656392834	0.004516896189396512	0.021761835066873583	-0.027637766941853645	0.014390843310530806	0.10353837160755484	-0.007885386634461294	-0.013350837467678308	-0.04746725225315387	0.019009785586053395	0.04966437711449273	0.04664331331145947	0.01921125091954583	0.019822335691715792	-0.03049879076889321	-0.023622233389664744	0.009947649180956997	-0.013064310989929415	0.01704608610744244	0.0009327659912885777	-0.027076605090339212	-0.05299007739200657	-0.005518903648790593	0.03667273876889193	0.05257042956593153	0.07903955366432426	-0.012410311883591617	-0.002295976155165124	0.014434418792732346	-0.010514110722717877	0.0027976618766648855	0.04475974649871461	-0.038039695891050024	0.01353585975874666	-0.04477222298277492	-0.005705661474114785	-0.016483951232943966	0.01989790894976467	-0.015374440596667193	0.013500442924116292	-0.0044011061844929705	0.029987108455448667	0.009989293857227728	0.00829473222891608	0.03087294931141875	0.00915958993925183	0.023258159626587317	-0.0009362359595915722	0.021789767566813435	0.007759625148984211	0.006803870442828761	-0.009189231225561935	-0.0032905975276487096	-0.004039846335511067	-0.015919692209218152	0.012199396687839328	0.01042387965541313	-0.005677947543273271	-0.005245770377065655	-0.010760252920245232	-0.0018707622098706543	0.001761896224930624	0.008437102615332863	0.018223893474042258	0.000557216124565305	-0.007170432731811083	0.0025052009839873885	-0.0009155224650667834	0.003516944467447846	0.009069528410855255	0.00214654619529681	0.00021059239186923273	0.0031338835917279814	0.0024393979314883433	-0.004029553794293384	-0.0029477124854754384	-0.00153500166871715	-0.0	0.0	0.0	0.0	0.0	0.0	0.0	0.0	0.0	0.0	0.0	0.0	0.0	0.0	0.0	0.0	0.0	0.0	0.0	0.0	0.0	0.0	0.0	0.0	0.0	0.0	0.0	0.0	0.0	0.0	0.0	0.0	0.0	0.0	0.0	0.0	0.0	0.0	0.0	0.0	0.0	0.0	0.0	0.0	0.0	0.0	0.0	0.0	0.0	0.0	0.0	0.0	0.0	0.0	0.0	0.0	0.0	0.0	0.0	0.0	0.0	0.0	0.0	0.0	0.0	0.0	0.0	0.0	0.0	0.0	0.0	0.0	0.0	0.0	0.0	0.0	0.0	0.0	0.0	0.0	0.0	0.0	0.0	0.0	0.0	0.0	0.0	0.0	0.0	0.0	0.0	0.0	0.0	0.0	0.0	0.0	0.0	0.0	0.0	0.0	0.0	0.0	0.0	0.0	0.0	0.0
S2014F_E2-3-C-F	0.21153672463360068	-0.06061883292637216	0.04253944924997053	0.0932063898461935	0.026457517752025483	-0.1400379959936983	-0.03371534857729148	-0.07660082377696582	0.0270645731664105	0.01003819384164144	0.07388918048727507	-0.005302481237288674	0.0790535202645425	0.016505536942658192	0.07134911903855272	-0.06823141597147361	0.05192202077941485	0.009037155212164194	-0.028987509917250933	0.0022617965440820302	-0.03641090807780234	0.01435246530138307	-0.019723027118460905	0.01791629739728778	-0.012843345204138544	-0.055438507623025	0.09104657416064435	0.03370665869887444	0.0026987536137615753	0.014002557652297761	0.02466626167607072	0.015326276553187707	-0.049053389102308706	-0.11180321238137585	-0.004039507247371288	-0.0234037163413111	0.05385434490505395	0.027690997312429733	-0.06589547566090857	0.004196688626576442	0.03521679996909019	0.05266719097228377	-0.04752809762840699	-0.09600416409798576	0.005576851745927711	0.038985508220931844	0.00815303956681282	-0.0396531132368257	-0.0276531137929974	-0.0007834496641513239	0.03496360046208173	0.058523167719194316	0.030563518258071826	-0.009938275264596431	-0.01606009094662275	-0.030761242538114734	0.00697184610129141	0.024207949192567375	-0.017437437156688412	0.0324540208478427	0.005521692149190988	-0.015169303949017386	0.03903504622500222	0.026286023160119847	-0.01599889060077509	-0.006393966900314196	-0.0162718948664091	0.020461541994833576	-0.032059635436515	0.047945004959891575	-0.003985055661638301	-0.015615915173185042	-0.041321513251184556	0.027570320294472705	-0.006355080824585752	0.02093120531510568	-0.010627839988194795	0.035727567558174536	-0.019337583988860558	0.002340046276573437	-0.0013451879040964772	0.0016648834034616266	-0.016287339938092095	0.001018330777252553	0.001512412452032451	-0.006745545133060481	0.0002641533539720723	0.00905320296810715	-0.0006713995615541765	0.0008681415774589971	0.004253660907560791	-0.00020109086397137474	0.015616482192007581	0.00510659632573535	-0.000594476605890954	-0.004922475541631517	-0.004315493280743414	-0.0022890642181385484	0.019837650736458323	-0.0026124492333928838	-0.008443080543502882	-0.0017061117897378274	0.0015395361433906086	0.007478926346956507	0.003574241361101401	0.0009838686249393647	-0.0005240123006045021	0.0004780089466737782	-0.0	0.0	0.0	0.0	0.0	0.0	0.0	0.0	0.0	0.0	0.0	0.0	0.0	0.0	0.0	0.0	0.0	0.0	0.0	0.0	0.0	0.0	0.0	0.0	0.0	0.0	0.0	0.0	0.0	0.0	0.0	0.0	0.0	0.0	0.0	0.0	0.0	0.0	0.0	0.0	0.0	0.0	0.0	0.0	0.0	0.0	0.0	0.0	0.0	0.0	0.0	0.0	0.0	0.0	0.0	0.0	0.0	0.0	0.0	0.0	0.0	0.0	0.0	0.0	0.0	0.0	0.0	0.0	0.0	0.0	0.0	0.0	0.0	0.0	0.0	0.0	0.0	0.0	0.0	0.0	0.0	0.0	0.0	0.0	0.0	0.0	0.0	0.0	0.0	0.0	0.0	0.0	0.0	0.0	0.0	0.0	0.0	0.0	0.0	0.0	0.0	0.0	0.0	0.0	0.0	0.0
S2014F_E5-2-A-F	-0.1441400623774328	0.00012073028580704782	0.040562845393596995	-0.11601940084781964	0.07518265255558385	-0.10019189553921608	-0.0021227692208955025	0.12297132843709918	0.0696945357737682	-0.031105946748359363	0.009359248667704637	-0.035005908100312705	-0.0066307694885560965	-0.023000032025565414	-0.023502991777231582	-0.011730182877785588	0.0005212653150348724	0.004308111962108375	0.026303511142174902	-0.035936626862403016	0.02103239289747062	0.04213142479299807	0.027732530107807265	0.05294252789746711	0.0017112914394710708	-0.013369420538796788	-0.009710195847462898	0.003335000150972473	0.0034836391699229596	0.015057984962682364	-0.013079100325629213	-0.0038531892237530143	0.016268104108870696	-0.041607696321010496	0.02995423163921315	-0.0038405306029108796	-0.0008435628250096953	-0.00782037317641125	-0.0194282963149892	0.006880077588427524	-0.031452593238430415	-0.02674988148796248	0.012903502347600388	0.0301035200002371	-0.001405116862999288	0.02344235496948674	0.005626920579558598	-0.029569450618942502	-0.021279142449061796	0.002707575347181713	-0.027221638913526667	-0.008723204431626712	0.010880411231763809	-0.0016878538434393858	0.007040790546212637	0.028945853885158173	0.005437377245768232	-0.014267641238281682	-0.014198256286398713	0.0027949950647817925	0.009405111979431122	0.017353244262695543	-0.011582007167133156	0.011488732582531297	-0.018453651939189356	-0.0002743476764730306	-0.0023220915714792564	0.006529217123979078	-0.03359777653004813	-0.0007300725196803514	0.007826499760576111	0.018151194105458245	-0.010644701963091875	-0.025565431983295327	0.010683549162087346	-0.013501465046968189	8.671462084227663e-05	0.013188237493188777	-0.03458743571771902	-0.0011283877360965305	0.0034282607677613678	0.002150705708878578	-0.007069374605976835	0.017721598714422776	-0.008569622890452001	0.0019881710923592847	0.01059117784440165	-0.007606980372003662	-0.006599489606732287	0.012334506469403516	0.007998954246719833	-0.002590993768263345	0.0010298342818028173	0.00023588185026764835	0.005671622134181201	0.009180340843781972	0.007360134229444749	-0.004236173442026992	0.0010394755882106475	0.003390567379368679	0.0030308109841715707	-0.0007455196679851751	0.005473250543645637	0.0002743574071070679	0.0005746774992587438	-0.001253013403629447	-0.003757105790922255	9.115686697594609e-05	-0.0	0.0	0.0	0.0	0.0	0.0	0.0	0.0	0.0	0.0	0.0	0.0	0.0	0.0	0.0	0.0	0.0	0.0	0.0	0.0	0.0	0.0	0.0	0.0	0.0	0.0	0.0	0.0	0.0	0.0	0.0	0.0	0.0	0.0	0.0	0.0	0.0	0.0	0.0	0.0	0.0	0.0	0.0	0.0	0.0	0.0	0.0	0.0	0.0	0.0	0.0	0.0	0.0	0.0	0.0	0.0	0.0	0.0	0.0	0.0	0.0	0.0	0.0	0.0	0.0	0.0	0.0	0.0	0.0	0.0	0.0	0.0	0.0	0.0	0.0	0.0	0.0	0.0	0.0	0.0	0.0	0.0	0.0	0.0	0.0	0.0	0.0	0.0	0.0	0.0	0.0	0.0	0.0	0.0	0.0	0.0	0.0	0.0	0.0	0.0	0.0	0.0	0.0	0.0	0.0	0.0
S2014F_E5-2-A-F_plate2	0.3076019165513988	-0.10350360822070659	0.13929265621755038	0.09534674507317369	0.0411308494830456	-0.045527947402778254	-0.022304108942427295	0.004064943302983139	-0.09199271610123082	-0.041694142820488105	0.025851997713959258	-0.007031226611192132	0.06276672659373136	0.049289477454664464	-0.09100745079558334	0.001197345967718432	-0.09732968512899687	-0.12248759712044921	0.0041522022241571995	0.028632579889122482	0.07128612490638979	0.09567369885666592	-0.006042143931680382	0.06047242221252	-0.047783850859974566	0.06462844168883897	-0.03460626139437086	0.012820830059970378	0.03348451618402273	-0.04491587789794159	-0.026718625701618953	0.028932340488265516	-0.008118151867138955	-0.04282318904952566	0.006324210953729752	-0.017920630600051283	-0.02599070945652018	-0.0008872325011071834	0.08075419794022375	-0.020978498928306725	0.04158772685426547	0.05308997257115316	-0.003241429383431013	-0.043447539559709425	-0.02764473960758407	-0.027385348859229785	0.024963334652918147	0.016239581960196904	0.04668402619999596	-0.0068779808471902786	-0.025040370808899644	-0.017336285199855608	0.013075274568354589	0.06881511843802067	0.03989945394028786	-0.034426780127597915	-0.020468039122882163	0.03914430519139302	0.005490027349274779	0.025680433411475308	0.0052766936903486565	-0.002700692642464946	-0.04200939341266624	0.0034788297842892222	-0.049347840256261946	-0.0041845524861079675	0.014934511015353492	-0.006971402892145772	0.01886992878761361	0.01883236091458595	0.018103791680182054	-0.014500903185714445	-0.0020756191405964667	-0.0008075141673549914	0.005561268883339369	-0.003866454712919745	0.018290143805190597	0.019235609944069077	-0.03393977479469894	0.007925607671007204	0.0026794828788950535	-0.022009711937628535	-0.0048733310024038	0.0012588595713848244	-0.02591710568935294	0.007443661550989448	0.01374605729099621	0.0004258614433394342	-0.007130855083101462	0.002864208309075257	-0.0074069873050881686	0.01191429377727423	-0.0014174658980390397	-0.0012311706477219513	-0.00022635048626477557	-0.017076559491935525	0.007095996016611717	0.0015406489402565227	-0.0009787476257580772	-0.0024205090572275863	0.0016214701827948017	-0.0011992570060088716	-0.007661847657104201	-0.004995262177635292	-0.00013927088999541746	0.0005627177302219356	-0.0008865307822908359	-0.0013093596030461117	-0.0	0.0	0.0	0.0	0.0	0.0	0.0	0.0	0.0	0.0	0.0	0.0	0.0	0.0	0.0	0.0	0.0	0.0	0.0	0.0	0.0	0.0	0.0	0.0	0.0	0.0	0.0	0.0	0.0	0.0	0.0	0.0	0.0	0.0	0.0	0.0	0.0	0.0	0.0	0.0	0.0	0.0	0.0	0.0	0.0	0.0	0.0	0.0	0.0	0.0	0.0	0.0	0.0	0.0	0.0	0.0	0.0	0.0	0.0	0.0	0.0	0.0	0.0	0.0	0.0	0.0	0.0	0.0	0.0	0.0	0.0	0.0	0.0	0.0	0.0	0.0	0.0	0.0	0.0	0.0	0.0	0.0	0.0	0.0	0.0	0.0	0.0	0.0	0.0	0.0	0.0	0.0	0.0	0.0	0.0	0.0	0.0	0.0	0.0	0.0	0.0	0.0	0.0	0.0	0.0	0.0
S2014F_E5-2-B-F	-0.10552257061284905	-0.10979163642369036	0.07452164981817469	-0.09116711640448596	0.12749334548014038	-0.097472141634343	-0.06658441094604502	-0.02840709941703005	0.10971577677782227	0.0345279195761634	0.08387310532326349	0.016296868631122213	0.04194266612151254	-0.010181673131651891	0.11036200409217765	0.19973844376626324	-0.04540495591413225	0.011462387759937152	-0.028427198053035712	0.15975303319913634	0.05598748632759445	-0.0927312452916871	0.011561974532175721	0.10367634873401191	0.04155397645813066	-0.0065644379303267265	-0.03605056624523393	-0.016048885644920474	-0.006978632624689091	-0.013270932322474558	-0.009912419547790824	0.0014538933325462433	0.011731520508850977	0.05761849513784935	0.018179535479728625	0.004754977185970771	-0.005927748994307225	0.021687601644823418	0.00654398076609609	0.028776551120758578	-0.0009494446120117188	-0.022166427302363022	0.023599419996598158	0.05167668892370063	0.023610404794886873	0.0192245023054586	-0.018645410319192528	0.0007510342749069129	0.014423670644418145	-0.015653218907868333	0.012368172857891607	0.028974571211280727	9.500895372364087e-06	0.03410325526322524	-0.004676660636533847	-0.0010051780000804806	0.0037512919438404293	-0.01895385656883216	-0.014988045470982016	-0.013663421678480015	-0.004299453304494544	0.0014416626911541433	-0.001002596126079151	0.010772373910186357	-0.026806544055998787	0.008986713672566928	-0.019396524701151673	0.005404561369972906	0.002590590701924163	0.013644776378303724	-0.009341554042970959	-0.007689890437926591	0.007408633709883303	0.006519474775966313	-0.01817014757716193	0.001684208717561684	0.00047311687841070446	0.003534217713288539	-0.01235879487554912	0.0005708029850134342	0.0010639330484345122	0.00020706761274682045	0.005899148509357245	-0.00030758739211408974	0.002500984059209973	0.005172257094658691	-0.006691946497976268	-0.00645655597565452	0.0038341638083326103	0.0033017690869106917	0.0001214907595576552	-0.001242215295385025	-0.0023731081621667705	-0.0029425233781050974	0.0031715947801633304	0.008062921513125163	0.000992203834901425	0.0017909193184849899	-0.0010872650065075202	-0.0025115637044283907	-0.0013529387042147338	0.0013181859090823052	-0.006507859425128076	0.0022313259293567957	-0.000817859666347216	0.001120026997974663	-0.0011639670023478833	-0.0006930171148230063	-0.0	0.0	0.0	0.0	0.0	0.0	0.0	0.0	0.0	0.0	0.0	0.0	0.0	0.0	0.0	0.0	0.0	0.0	0.0	0.0	0.0	0.0	0.0	0.0	0.0	0.0	0.0	0.0	0.0	0.0	0.0	0.0	0.0	0.0	0.0	0.0	0.0	0.0	0.0	0.0	0.0	0.0	0.0	0.0	0.0	0.0	0.0	0.0	0.0	0.0	0.0	0.0	0.0	0.0	0.0	0.0	0.0	0.0	0.0	0.0	0.0	0.0	0.0	0.0	0.0	0.0	0.0	0.0	0.0	0.0	0.0	0.0	0.0	0.0	0.0	0.0	0.0	0.0	0.0	0.0	0.0	0.0	0.0	0.0	0.0	0.0	0.0	0.0	0.0	0.0	0.0	0.0	0.0	0.0	0.0	0.0	0.0	0.0	0.0	0.0	0.0	0.0	0.0	0.0	0.0	0.0
S2014F_E5-3-B-F	0.2095543192447607	-0.05763137393986418	0.0625069328537588	0.12565785183907696	0.1101113994604502	-0.12265651637026793	-0.04074598035078269	-0.02580058385840911	-0.08380377791088768	0.033873297636682204	0.044618152260240754	-0.053993197721919774	0.0667172505321317	-0.15683664134395114	0.0004260295545629229	-0.024045216185421305	0.01451363695444884	-0.05382064152912272	-0.05785824063845914	-0.015988265357222614	0.03597234901636452	0.08249643422312194	-0.015313523999722304	0.016895284437277995	-0.051432251624676247	-0.046411556360014664	0.007392018920330813	0.0718971222975644	0.0193034083172859	-0.02385284876571745	-0.06916351520269522	0.004334786003647783	0.007586743704392906	-0.02370170140690172	-0.054075704216664806	-0.06406063280119546	-0.08486668258617974	-0.03806753362552366	-0.005040136852205681	-0.010504670672241529	0.0011905349046370667	0.01370338940798042	-0.003972215512220242	0.04511601903671747	-0.05358351559222032	-0.005721393674244028	0.03333906932425251	-0.037325912839994355	-0.00012462262692185152	-0.0008697167700911052	-0.019891365357185636	0.044803550557405245	-0.03044293463632967	0.02846316983241759	0.01933469127483608	-0.03829358750832769	-0.03835886286186307	-0.0031312297191355915	-0.001080220197605513	-0.0006220602938246478	-0.012668186841264419	0.008758534988581144	-0.00604105075096865	-0.01106116755796247	-0.010480792373866732	0.023313042854268738	-0.01827107368337692	0.009742981632745541	0.027297583719529304	0.035126172579994466	-0.02152254705559129	0.004873665432570233	-0.011998365482428658	-0.015418023647151512	-0.010122897938640402	0.00013299670314125	0.00486471549015716	-0.02467186512112208	0.028583669958545225	-0.03708628143185406	-0.01292689060931452	-0.016865626539756328	-0.011700806982947533	0.01729242990045143	0.012404389935521065	-0.007155192066590364	0.004428125848999605	0.003763777033358762	0.009201713104114946	-0.003098485019905671	-0.005910868645663972	-0.008414263715581106	-0.0028831784043736367	-0.004907103515387108	0.013871170103756329	0.014330561302914355	-0.008460029826321103	0.0011447613721503832	0.002559355276915731	0.00842499549586045	0.0037539315199576254	0.008117945919730727	0.002374759319455977	0.001126105671276743	9.74600838652123e-05	-0.0018079729018444688	0.00047620106140712433	0.0007141553896267922	-0.0	0.0	0.0	0.0	0.0	0.0	0.0	0.0	0.0	0.0	0.0	0.0	0.0	0.0	0.0	0.0	0.0	0.0	0.0	0.0	0.0	0.0	0.0	0.0	0.0	0.0	0.0	0.0	0.0	0.0	0.0	0.0	0.0	0.0	0.0	0.0	0.0	0.0	0.0	0.0	0.0	0.0	0.0	0.0	0.0	0.0	0.0	0.0	0.0	0.0	0.0	0.0	0.0	0.0	0.0	0.0	0.0	0.0	0.0	0.0	0.0	0.0	0.0	0.0	0.0	0.0	0.0	0.0	0.0	0.0	0.0	0.0	0.0	0.0	0.0	0.0	0.0	0.0	0.0	0.0	0.0	0.0	0.0	0.0	0.0	0.0	0.0	0.0	0.0	0.0	0.0	0.0	0.0	0.0	0.0	0.0	0.0	0.0	0.0	0.0	0.0	0.0	0.0	0.0	0.0	0.0
S2014F_E5-3-C-F	0.13318029060785838	-0.010890571185745348	0.04499831772252904	0.034489777218344196	0.11267147798396712	-0.1577792354325054	-0.035929598107161474	-0.010259353372472807	-0.08492075851361679	0.0019008363440661889	0.02949132515567374	-0.038550152005777986	0.011235549022095464	-0.09756606571398677	0.037103238525910236	-0.043284000234583155	-0.04116908393292212	0.006345135855425972	-0.07056397623190751	-0.016406450664419005	0.05847312092320848	0.08437785243483809	0.005178546733188449	0.0032362494915870767	-0.055850196935751856	-0.022067522383732985	-0.05093736693727249	0.015585718046477851	0.04154854015790535	0.02296975740721245	-0.0034180202434697564	0.031159202507049656	0.05013495115796396	0.024867757424578557	0.027750459224602234	0.05483678107997345	0.003731899109852765	-0.029385636904446222	0.012957117380665026	-0.038561269801015846	-0.017163656243910246	0.0007300690965743316	-0.039100610749761525	0.02756855839461218	0.016808971356160957	0.04777593666821174	0.045609559818355794	-0.038899137583675594	-0.013952583643983557	-0.010438016168592383	0.002166115273163941	-0.009941283234909974	0.018352006552772016	-0.019610146563673044	-0.01628935915148308	0.028900244844779748	0.005445382150424713	0.016740085522804257	0.026688891772018476	-0.02022426406824044	-0.026056884688361495	-0.01902142549702574	-0.0030599362377784866	-0.0192829247373738	-0.0019023396110313738	0.013757211497072304	-0.017270301222435554	0.02658305890891815	-0.005758786858042065	-0.014812146906237496	0.012203328785079735	0.019344602298147346	-0.01900217035082165	-0.007134718085946338	-0.0023187432094269062	-0.0054908276470997715	0.010097093936807296	-0.012862760267833546	-0.023148712270675185	0.012571544463621692	0.011294951442249238	0.012844790838645948	0.003460825399569583	0.016990588071264925	0.0031614658070483566	0.010879485685262404	-0.00654491125149204	0.00710678521710033	-0.010682100740690318	0.00767699636900033	0.005728824134696034	0.0009921748494126515	-0.0009578283319578551	0.01744799825878054	0.0034824348134839286	-0.008579969701327933	-0.007654744084183114	-3.616670125347439e-05	0.013847386286682441	0.0012348333092648699	-0.0006930733252229348	-0.003597544487720545	-0.002062897669008746	-0.0018635178548337445	-0.002762204868388394	-7.568123715249264e-05	0.0033381808822855923	0.0026506974179381724	-0.0	0.0	0.0	0.0	0.0	0.0	0.0	0.0	0.0	0.0	0.0	0.0	0.0	0.0	0.0	0.0	0.0	0.0	0.0	0.0	0.0	0.0	0.0	0.0	0.0	0.0	0.0	0.0	0.0	0.0	0.0	0.0	0.0	0.0	0.0	0.0	0.0	0.0	0.0	0.0	0.0	0.0	0.0	0.0	0.0	0.0	0.0	0.0	0.0	0.0	0.0	0.0	0.0	0.0	0.0	0.0	0.0	0.0	0.0	0.0	0.0	0.0	0.0	0.0	0.0	0.0	0.0	0.0	0.0	0.0	0.0	0.0	0.0	0.0	0.0	0.0	0.0	0.0	0.0	0.0	0.0	0.0	0.0	0.0	0.0	0.0	0.0	0.0	0.0	0.0	0.0	0.0	0.0	0.0	0.0	0.0	0.0	0.0	0.0	0.0	0.0	0.0	0.0	0.0	0.0	0.0
S2014F_E5-C-2-F	0.17989508721935227	-0.06724229472496816	0.10371786409095242	-0.04200357212818853	0.047851641159419554	-0.10887294509842173	-0.0325011017585429	-0.0043924193679407905	0.03192710508822394	-0.018162905734889365	0.03730413544294206	-0.014542414597229077	0.040501332361516096	0.013929579162465684	0.10894632740553709	-0.08805710259726278	0.03844706411590343	0.12574588846627704	0.006991633430553055	0.01093907333691991	-0.05464890147188884	0.008498646407530232	-0.033069922177803315	-0.07044762055938543	0.004073045142149854	0.0014053942431570547	-0.02766059751524535	0.030277163427157517	-0.006850690465227168	0.017850833203897548	-0.009998710697095676	0.029652033434705006	-0.06589660161333719	-0.01736717983576017	0.025619801918388075	-0.031222206693213246	-0.024638876754143522	0.011115063003873852	-0.0049473830915552465	0.0835251184742355	0.012655592036139328	-0.04101156865210002	0.07256934024459867	-0.008450816547347648	0.009637187660019047	0.04437694788964034	0.038353147118014956	-0.0006580476608743224	0.07971708306195578	-0.005399077649542949	-0.012723380217669247	0.01255780527892688	-0.008131682048583734	0.04500493800541364	-0.020544058844991542	-0.029190298426134742	-0.008203823393579349	-0.0035080708130519516	-0.010928537695201548	0.012847334618057833	-0.039519839209689725	-0.003021951321948547	0.0012071858506925795	-0.016363827770981818	0.04469680518127087	-0.014037276750991298	-0.018880203775713623	-0.00396618895411344	0.008811902908199791	0.015019292266755488	0.0032417484089408226	0.002192285673854302	-0.01777851926125707	-0.014495152329100798	-0.003776477907251761	-0.016618775303948556	0.004105591998609752	0.006779822653201071	0.024308806725471428	0.0178870346692186	0.008213724731236143	0.003109525502507246	-0.019355361045720578	0.0038071027909106626	0.014065620937895602	0.010601311481496314	0.011333211820692534	-0.010188627519979948	0.0015477946354405926	0.0025277929646891485	0.003388344987042904	-0.0070318229127806185	-0.014753603839021127	0.005203213258111471	0.0002869383240565385	-0.01420730152038284	0.0007060846187182379	0.0008604514917805632	-0.010027441235271738	-0.008430029067430376	0.004342994045146434	-0.0013872040650341482	-0.00342302273901198	0.0003632099524169642	0.0018233049446556748	0.0026066852130425208	0.0022781473805582628	0.0014690464964686185	-0.0	0.0	0.0	0.0	0.0	0.0	0.0	0.0	0.0	0.0	0.0	0.0	0.0	0.0	0.0	0.0	0.0	0.0	0.0	0.0	0.0	0.0	0.0	0.0	0.0	0.0	0.0	0.0	0.0	0.0	0.0	0.0	0.0	0.0	0.0	0.0	0.0	0.0	0.0	0.0	0.0	0.0	0.0	0.0	0.0	0.0	0.0	0.0	0.0	0.0	0.0	0.0	0.0	0.0	0.0	0.0	0.0	0.0	0.0	0.0	0.0	0.0	0.0	0.0	0.0	0.0	0.0	0.0	0.0	0.0	0.0	0.0	0.0	0.0	0.0	0.0	0.0	0.0	0.0	0.0	0.0	0.0	0.0	0.0	0.0	0.0	0.0	0.0	0.0	0.0	0.0	0.0	0.0	0.0	0.0	0.0	0.0	0.0	0.0	0.0	0.0	0.0	0.0	0.0	0.0	0.0
S2014F_E7-1-A-F	-0.20269304063460117	0.03522094357308091	0.03917890299605433	-0.07758833812128262	0.10061143567706282	0.018255271127623842	-0.06884701956102335	0.019281148335764296	0.017922306419620143	-0.03661275764615192	0.023965468597311593	0.03349936216822925	-0.016042977217536687	0.04201955969063943	-0.020470092700379403	-0.018788104987951523	0.022906323182036302	-0.04024168124510231	-0.019911813345539	-0.009461013369779045	-0.043599460215092194	-0.04840438892429895	-0.0007125699950019143	-0.005682041014349226	-0.0045291695705518215	-0.04511642872046798	0.02649713904951299	-0.013501370268283292	0.02515442892629287	0.025311789265829936	0.029659596049480853	0.0037752903655992247	0.04260227498798537	0.01685341085968145	-0.04514083694063679	-0.0014983923801794004	-0.0012168529937467347	-0.02272304966602728	-0.010674007949880913	-0.011225912853394623	-0.0006719525742101	0.005728375005331079	-0.00482042295254219	0.002148125615888187	0.016078732599832675	-0.0214835083182602	0.005324879688143708	-0.016484561406091794	-0.021912439202394284	-0.03310995909675977	0.015756393057991973	-0.013467075940996658	-0.0014399502650959692	0.023983102556355895	0.026890332477760775	-0.01192267083822819	0.0038761468176687582	-0.002395229228457769	0.003029180253758495	-0.0031477033303678554	-0.015725225807056806	0.0012275379964271234	-0.014170203021565148	-0.0036072828303199806	0.005058341927158241	0.002537244508999589	0.005080781804434481	-0.002922635664295356	0.01273455478980276	0.01256406893648825	0.0020304114480730884	-0.002589903790949833	-0.004603252092264863	0.007781462549368841	-0.000379883394752089	0.0048697862153935685	-0.015901038250150244	-0.009040361706921343	0.0005833953503720069	-0.016999967229475263	0.002988494876820076	0.01983509337138836	-3.450513473015128e-05	-0.0030188805585116252	0.01941132817161198	-0.012231573830867355	-0.0002467016592624904	-0.015722854912443393	0.001828575109946115	-0.019976041331991285	0.0029999547392207167	-0.0036911042593703483	-0.004659363038391194	-0.004942999759445188	-0.0052645631449000935	-0.011371222555264298	0.011865643427673793	-0.0015021636123748801	0.003513039537750307	0.0017180217912735306	-0.010720240831748802	-0.0012984551984476476	-0.0015669210562575901	0.0024930836478594008	-0.004793995108806561	-0.0005355386224897565	-0.00045654842989476793	-0.0017857288090163466	-0.0	0.0	0.0	0.0	0.0	0.0	0.0	0.0	0.0	0.0	0.0	0.0	0.0	0.0	0.0	0.0	0.0	0.0	0.0	0.0	0.0	0.0	0.0	0.0	0.0	0.0	0.0	0.0	0.0	0.0	0.0	0.0	0.0	0.0	0.0	0.0	0.0	0.0	0.0	0.0	0.0	0.0	0.0	0.0	0.0	0.0	0.0	0.0	0.0	0.0	0.0	0.0	0.0	0.0	0.0	0.0	0.0	0.0	0.0	0.0	0.0	0.0	0.0	0.0	0.0	0.0	0.0	0.0	0.0	0.0	0.0	0.0	0.0	0.0	0.0	0.0	0.0	0.0	0.0	0.0	0.0	0.0	0.0	0.0	0.0	0.0	0.0	0.0	0.0	0.0	0.0	0.0	0.0	0.0	0.0	0.0	0.0	0.0	0.0	0.0	0.0	0.0	0.0	0.0	0.0	0.0
S2014F_E7-2-C-F	0.4148159173233527	-0.10372451416072213	0.1278788476958725	-0.06038128956708642	-0.026436238828671004	0.13932316031842773	-0.056116506204895236	0.04526888879069587	0.05135444856348848	-0.009678977494630543	-0.041259442104959826	0.02469555105593069	0.011334494306823484	0.04685414777466417	-0.014328862317820068	-0.031507014506864855	0.03285831015122666	-0.0024673433546744884	0.06643947936901565	-0.006481456822400158	0.03830151176778648	0.021354983838520632	0.03423982286524907	0.057350410354097485	-0.01510579508600426	-0.008910222089560183	0.028845901236039972	0.06289466889325565	-0.0018196538939648692	0.021557713434492948	0.02061009194367698	0.00969528738382455	0.030213234420194374	0.029681339617733473	0.023218708934251268	0.08719891167473054	0.0029999071498397886	-0.009765446571421156	-0.01207101076674083	0.010849443071587094	-0.001363116332915878	-0.03606143534538111	-0.05367390489326605	0.014447941219543483	-0.034358559738755935	0.04263933747735943	0.01714325193453535	-0.004138040352230361	0.017196873007515535	0.008186019592208963	0.06021131228503878	0.007691954437855227	-0.0173182295899962	-0.026339633535995315	0.008441310054138174	-0.02471735341319254	0.010959393986317052	-0.04086284380974325	-0.015028275138851471	0.03370808415152586	-0.04878059818496538	-0.032828102382342364	-0.005921570326763052	-0.04778795604517241	-0.033190244807032095	0.021979487109092432	0.0046190020744441545	-0.023089195137985248	-0.0054904895824666455	0.021737854831783244	0.021047022914341303	0.01891366740041104	-0.003426789862746881	-0.005494115555706584	0.027538284525449482	0.022629988933083458	-0.021989892558530053	-0.026127249452594602	-0.04970117976399916	0.0051159981162611	-0.0064869401497339016	-0.007406207200537443	0.0030556426230201584	-0.0007445728446270861	-0.013907841426490533	-0.017315194597905557	0.0002821380179435414	-0.014733791615930436	0.007848126001949672	-0.0004086433865199425	0.006290274284909208	-0.021497780642684997	-0.01026190579326302	0.015648155924932003	-0.015708770342500802	0.002240306927934812	0.005341863933115864	0.010206263801805445	-0.005469275236088493	-0.001154218924471139	0.008098997931600977	0.0032090573558042853	-0.0066215990803453455	0.0029923217067827647	0.0025147281255376887	-0.0007540182480798783	0.0011167308472585155	7.110319407078599e-05	-0.0	0.0	0.0	0.0	0.0	0.0	0.0	0.0	0.0	0.0	0.0	0.0	0.0	0.0	0.0	0.0	0.0	0.0	0.0	0.0	0.0	0.0	0.0	0.0	0.0	0.0	0.0	0.0	0.0	0.0	0.0	0.0	0.0	0.0	0.0	0.0	0.0	0.0	0.0	0.0	0.0	0.0	0.0	0.0	0.0	0.0	0.0	0.0	0.0	0.0	0.0	0.0	0.0	0.0	0.0	0.0	0.0	0.0	0.0	0.0	0.0	0.0	0.0	0.0	0.0	0.0	0.0	0.0	0.0	0.0	0.0	0.0	0.0	0.0	0.0	0.0	0.0	0.0	0.0	0.0	0.0	0.0	0.0	0.0	0.0	0.0	0.0	0.0	0.0	0.0	0.0	0.0	0.0	0.0	0.0	0.0	0.0	0.0	0.0	0.0	0.0	0.0	0.0	0.0	0.0	0.0
S2014F_E7-3-A-F	0.2512995388511789	-0.03537087271293542	0.046276435451159774	0.08901587520956056	0.020953011727071823	-0.06112381949609794	-0.013401683492124731	-0.043549329966676625	-0.07670108039241602	-0.002773402747607797	-0.07428407019719058	-0.1052195075870032	-0.011698538045518235	-0.051235347527095756	0.03118087636746962	0.05803331034086748	-0.01824877830026922	-0.08524852976653305	0.03787433330479929	0.04999392695875201	-0.06068978589025505	-0.029043165943947607	-0.08536587061835131	-0.015404362671357629	0.03287035990649019	0.022695416769874268	0.04639194927214717	-0.014165794458622703	-0.06661322772971354	-0.08927519815702623	0.02128264312051087	-0.02434152116565865	0.002051854769609762	-0.01417637716087105	-0.03216393497705791	-0.09280042006285995	-0.11945693281055059	0.03915408802008315	-0.041362486556735065	0.07980005929582248	-0.014014397625720284	0.015270882351939316	-0.029477593167880733	-0.01888947573772299	0.015933808768164155	-0.03615889022925685	0.05311406610014984	0.009906750856951809	0.008917942605709472	-0.006147267567638276	0.0065203009422291	-0.0358032897692995	0.06301137992727732	-0.023920188871223446	0.024027804959242335	-0.009594258972734774	0.03565375300324854	0.0018483200633250638	0.019096902747262005	-0.04131723161226747	0.013061614319094394	-0.010329549801569131	0.012786165999558372	-0.015040678703805134	0.016878174895276828	-0.004186795408550467	-0.02718318986325393	-0.004840147772444531	-0.023897978678947152	-0.006929311544774034	-0.01792024152515457	-0.012663042301696528	-0.012364197300936613	0.007531374487663073	0.01967537692671671	-0.007741561822720712	-0.025347191091321452	0.006231908003893156	-0.003898799291993541	0.005264002682271053	0.0013185920179475741	0.012305138683368353	0.015469875690774246	-0.006630244401091489	-0.008663953680919436	0.00835315401158252	-0.002474999478091729	0.001154981228337857	-0.007763656333919222	-0.0017151987689461245	0.008331179210558523	-0.006470362578218809	-0.008207159279835887	-0.0017884499241702576	0.0007619896193090821	0.002640077576452927	0.00704983566507295	-0.0005613190090105489	0.0016572222177323335	0.01357684139290554	-0.004635229940743602	0.00036456141811861667	-0.0045948825552858405	0.005150258646154239	0.0018712200606730033	-0.0029097655196396624	0.003262921267459973	-0.0013560352216996719	-0.0	0.0	0.0	0.0	0.0	0.0	0.0	0.0	0.0	0.0	0.0	0.0	0.0	0.0	0.0	0.0	0.0	0.0	0.0	0.0	0.0	0.0	0.0	0.0	0.0	0.0	0.0	0.0	0.0	0.0	0.0	0.0	0.0	0.0	0.0	0.0	0.0	0.0	0.0	0.0	0.0	0.0	0.0	0.0	0.0	0.0	0.0	0.0	0.0	0.0	0.0	0.0	0.0	0.0	0.0	0.0	0.0	0.0	0.0	0.0	0.0	0.0	0.0	0.0	0.0	0.0	0.0	0.0	0.0	0.0	0.0	0.0	0.0	0.0	0.0	0.0	0.0	0.0	0.0	0.0	0.0	0.0	0.0	0.0	0.0	0.0	0.0	0.0	0.0	0.0	0.0	0.0	0.0	0.0	0.0	0.0	0.0	0.0	0.0	0.0	0.0	0.0	0.0	0.0	0.0	0.0
S2014F_E7-3-B-F	0.3368646940872815	-0.14888902628938608	0.14722762749985321	0.07833807487645901	-0.05802763422223738	0.010268484871238513	-0.008953105282015136	-0.023009696591667173	0.09409505835653223	0.007459443888487786	0.01594454601023496	-0.017926997350861996	0.03761222938427799	0.1133913863318466	-0.07491878216818584	0.0405205169316344	-0.014824818469967095	-0.05578473732968196	0.011695708325162821	0.0594402297427773	-0.09251203907970433	0.016364006356985632	-0.08633872478233263	-0.029610441853540243	-0.020616336853335287	-0.035536070628158375	-0.010102699160392702	0.08952888414575214	0.050530257737002614	-0.002113956945553948	-0.002918545765851063	0.04845585382992786	0.05489333462432996	-0.08744353390781417	0.04593089654712071	-0.044053496490693296	0.017920258125017335	0.048096401163227824	-0.0606214943174156	0.061464882410527555	-0.1053033159648819	-0.0008053659858848253	-0.0063752574020286	-0.08578294731982934	0.06620506679948966	-0.02885670246644398	-0.049423001373764125	-0.009162320305804425	0.032097978809931545	-0.010503275894916902	0.04624399471273839	-0.03415743230388153	0.028271020216626024	-0.04719767045199963	-0.02073441007179378	0.05527492889137541	-0.03699530286255017	-0.02823216866960867	0.024962346413778348	-0.021112470730351315	-0.015984850649677727	0.02455200072166968	-0.003552297953819571	-0.0023038878859651464	-0.0038249307136025788	0.03885430833053498	-0.029867023538421883	-0.027606444553576987	0.041901127416101636	-0.03056337064357006	-0.0044713568919213225	-0.012834853916154047	0.030415327185261666	-0.008968478064204772	-0.0005201803393321647	-0.000543224918738206	0.021242217301556628	0.005964098104361116	-0.00010052510026144314	-0.01655196799079445	-0.015021201772992487	-0.006803706492589855	-0.011323891795458138	0.01429251746400058	0.006991080456936509	-0.014220476394778168	-0.011372001316917376	-0.0020561075183766226	-0.006146625438711497	0.006946173617468696	-0.0076703123305119515	-0.0021137963574055607	0.00010392171174539507	-0.0037113818656679272	-0.0038999471376234694	-0.001295413385328135	-0.007376628098658322	0.0025544548461710324	1.4316729673496055e-05	-0.003019893661381038	0.0038692617852294315	-0.0013213497140139375	0.004919383001444791	-0.0001079647729713516	0.0009867040328398104	0.0016367719578835403	-0.002845394545992818	0.0015870934146618302	-0.0	0.0	0.0	0.0	0.0	0.0	0.0	0.0	0.0	0.0	0.0	0.0	0.0	0.0	0.0	0.0	0.0	0.0	0.0	0.0	0.0	0.0	0.0	0.0	0.0	0.0	0.0	0.0	0.0	0.0	0.0	0.0	0.0	0.0	0.0	0.0	0.0	0.0	0.0	0.0	0.0	0.0	0.0	0.0	0.0	0.0	0.0	0.0	0.0	0.0	0.0	0.0	0.0	0.0	0.0	0.0	0.0	0.0	0.0	0.0	0.0	0.0	0.0	0.0	0.0	0.0	0.0	0.0	0.0	0.0	0.0	0.0	0.0	0.0	0.0	0.0	0.0	0.0	0.0	0.0	0.0	0.0	0.0	0.0	0.0	0.0	0.0	0.0	0.0	0.0	0.0	0.0	0.0	0.0	0.0	0.0	0.0	0.0	0.0	0.0	0.0	0.0	0.0	0.0	0.0	0.0
S2014F_E7-3-C-F	0.3645965820013023	-0.08793219442376243	0.12056009369060766	-0.039079889966377325	-0.04541561358367346	0.03221017768780178	-0.040088375639612435	0.03378829393471183	-0.02703085805262023	-0.02584778151393679	-0.007902224726155923	-0.03695264514415736	0.03086973921347582	-0.010769434398649039	0.05578282947587016	0.010531067771131266	0.01682317016779399	0.005048740751321742	-0.029286344842039524	-0.0803172532588129	-0.05274009871392933	0.005389168317643274	-0.07343643089187744	0.002535986243877778	0.0007815233039390674	0.0033821730255071563	0.004030157928061679	-0.028795634034228933	-0.043668806782262086	-0.05089821878863673	0.005846390764812044	-0.028384291307844093	0.055409571488548276	-0.010859623780019874	-0.05182638822306527	-0.03627445612300224	-0.02317355649073957	0.04825183827435271	0.01525812176268304	-0.01520945447679948	-0.007982652767759668	0.012845719168687549	0.10076221721555419	0.0458373079718497	-0.01231195346334063	-0.010777234939859456	-0.03036337760670011	-0.03382257377158589	-0.011484955710874907	0.057821180552254825	-0.002129296309347982	0.021631904134660353	-0.08544227788019136	0.04490251752959258	-0.06298805008442601	-0.028417167146668216	0.006500173293428308	-0.03523029727589933	0.014880155375789171	0.00312410223908959	0.002726280008638095	0.0028354751402854496	-0.013222184298772845	0.006009664367041856	-0.0179656334296481	0.032812879892260685	0.017988956400716162	-0.0061485816142406325	0.03429770868277224	-0.0038833659017406055	0.01436626368837757	-0.015330783844742355	0.004867693357577201	-0.009397716423314193	0.006968008699440118	0.015213106095528468	-0.04159769472008117	0.00742689499096067	-0.03231421639179126	0.013119640056497118	-0.03453309609280054	0.0010181158423567631	-0.004339124344262656	0.010421862007315298	0.013917686678146685	0.01608329985308565	0.007536068550537551	0.01656317480690496	-0.0004862139254258841	-0.01096060566723803	-0.008992281284981724	0.012571249526025162	0.005349510291801912	0.0011779594131082847	-0.011393804259849314	0.004377817728336286	-0.004561179800849326	-0.0016727879922828948	0.00235534562965809	-0.004370495166176065	-0.00670798542467322	-0.014103986709961156	-0.005557711717478587	-0.0013913879585552976	-0.001030648468007819	-7.416505188718089e-05	6.93110160244442e-05	0.0016365845817390729	-0.0	0.0	0.0	0.0	0.0	0.0	0.0	0.0	0.0	0.0	0.0	0.0	0.0	0.0	0.0	0.0	0.0	0.0	0.0	0.0	0.0	0.0	0.0	0.0	0.0	0.0	0.0	0.0	0.0	0.0	0.0	0.0	0.0	0.0	0.0	0.0	0.0	0.0	0.0	0.0	0.0	0.0	0.0	0.0	0.0	0.0	0.0	0.0	0.0	0.0	0.0	0.0	0.0	0.0	0.0	0.0	0.0	0.0	0.0	0.0	0.0	0.0	0.0	0.0	0.0	0.0	0.0	0.0	0.0	0.0	0.0	0.0	0.0	0.0	0.0	0.0	0.0	0.0	0.0	0.0	0.0	0.0	0.0	0.0	0.0	0.0	0.0	0.0	0.0	0.0	0.0	0.0	0.0	0.0	0.0	0.0	0.0	0.0	0.0	0.0	0.0	0.0	0.0	0.0	0.0	0.0
S2014F_E9-2-A-F	0.34565890127969207	-0.0774772440235821	0.1272632819560436	-0.08597044863401161	0.002372629503751688	0.03887059766013544	-0.029866753769420766	0.0642376305463476	-0.06681881054985109	-0.003279796107106763	0.031988648331946354	0.025963781670626535	0.027935009520725036	0.03233062869233648	0.025938307395830012	-0.016441515232970678	-0.013106211139047651	0.026968227414350947	-0.02493438575619193	-0.011363742744509683	-0.004885143477405695	-0.013948052684078185	0.01794605157636388	0.004336729022209936	0.01040910356428464	0.0628334380776897	0.05026300634932212	-0.06585608309339235	-0.06683148213421036	0.03772213187016885	-0.009165390934491872	-0.046816450719367714	-0.04280567082873379	0.029403786135031255	0.026742747804403843	-0.008230009546776652	-0.004174588253612958	-0.02957259646510969	0.05321021943273735	0.03608974195288967	-0.024005974474927767	0.017445172480622335	0.015024283654202556	-0.00126113668278305	0.04329407407676841	0.028258576750682555	-0.0071202495099186814	0.023951652180612848	0.015876983084212967	-0.008159304136937225	-0.010068723270760836	-0.008745418481207768	0.009693629938603732	-0.006182660810315628	0.03139708706045119	-0.025994977329811715	-0.0017052426353117557	0.039392082921824584	-0.0019127238663933766	-0.02673768896353534	0.02422399676321397	0.03046109399430216	-0.029947049706421803	-0.016325604257511797	0.033781163014943355	-0.03136906627863268	0.013498792801373975	0.002531045358785365	-0.009356616173057287	0.02198329080536353	0.035626198386875335	-0.013538822555457582	0.005472587475105309	0.0022934396792931087	0.0031976593683921187	0.021345268204646075	0.0056758192214312045	0.008243365331090881	0.008632708082706393	0.006766576641374252	-0.015920138016679707	-0.004578113439590099	0.005208795077268942	0.011182966200432439	0.022755029693652718	-0.008625419693366098	0.035775833173217975	0.005222067107684114	-0.010789665324567911	0.004559665940950231	-0.010661994569988216	0.0037034650008031323	-0.008007090029257192	0.0021654807010001126	-0.00321706404418533	0.009724731165087359	0.0019809316311003382	0.0014967323307738427	0.00040781227749082233	0.0015436206865245602	-0.0069881111257615765	0.012625678453024659	0.014740692408242257	0.008403123598149268	0.001842806907665157	0.00016780088226967294	-0.005419167722405212	0.003004595790161264	-0.0	0.0	0.0	0.0	0.0	0.0	0.0	0.0	0.0	0.0	0.0	0.0	0.0	0.0	0.0	0.0	0.0	0.0	0.0	0.0	0.0	0.0	0.0	0.0	0.0	0.0	0.0	0.0	0.0	0.0	0.0	0.0	0.0	0.0	0.0	0.0	0.0	0.0	0.0	0.0	0.0	0.0	0.0	0.0	0.0	0.0	0.0	0.0	0.0	0.0	0.0	0.0	0.0	0.0	0.0	0.0	0.0	0.0	0.0	0.0	0.0	0.0	0.0	0.0	0.0	0.0	0.0	0.0	0.0	0.0	0.0	0.0	0.0	0.0	0.0	0.0	0.0	0.0	0.0	0.0	0.0	0.0	0.0	0.0	0.0	0.0	0.0	0.0	0.0	0.0	0.0	0.0	0.0	0.0	0.0	0.0	0.0	0.0	0.0	0.0	0.0	0.0	0.0	0.0	0.0	0.0
S2014F_E9-2-B-F	0.40499193995649596	-0.11112816830804174	0.1366030493327004	-0.007276920191585149	0.007509119428052923	0.06679261775064613	-0.0479536089459156	0.04514729651652033	-0.044529995132532314	-0.028697253757961703	-0.029176463680790805	-0.0003587952539143976	-0.03430977043584543	0.05221272408917653	-0.03949561826673809	-0.027339050877046547	0.01835141628961946	-0.010262781794218117	0.010715198810474651	0.014067826157069164	0.05542722812400943	-0.0295995819528706	0.011027431195343848	0.042975256820463915	0.010033464846709616	0.042308981717578444	-0.0018973589612027869	-0.01914887807256185	-0.0188690956834654	0.05586311664484705	-0.008837020119040534	0.003985525820739268	0.02543067123349534	0.019079533441266634	0.038397958318746046	0.030686033625839767	0.0075823781699063736	0.004587639808510432	0.015834510855711616	-0.01602444593380967	0.01704825525117947	-0.00018547849889006147	-0.040796705583818864	-0.028913213262050926	0.03816994231063717	0.002997173577797388	0.029245998481717047	-0.024777999626092815	-0.014643859379376895	-0.005833602232548689	-0.023701572581248064	0.054774868320580386	-0.0017709999040857597	-0.01469601008536064	0.03194057695545359	0.035955524647040334	0.024765072042170468	0.03228006205488146	-0.0031421295583672496	0.0026143548937977118	0.01619913589233114	0.004141073040786729	-0.0243432196483639	0.017485742263416867	0.023835699280907594	-0.0027443952600182983	-0.027114260808573917	0.009835731600227727	0.01917609567920961	0.030592555558364695	0.0007061148330897605	-0.043018733003315275	0.008435419680959831	0.02262008381421526	0.018098198557820314	-0.0036568894451736032	0.007754822157123695	-0.02978209903967627	0.01962221002444636	0.0006734936842048004	-0.009935713699213597	-0.0062902894967032915	-0.0026254055302255674	-0.017314200722224015	0.020587005586508864	-0.0023280334884888225	-0.015924139544319097	0.013521076366240376	0.0051159994873521495	0.005699914435595913	0.015597139803269083	-0.005332272289431228	0.010407991821223149	0.0065796300986752446	-0.002151011262846028	0.0016707782279628287	0.004349869537927713	-0.0038763712165892036	-0.00022735682359109214	0.0008525825526024067	-0.00017857925561335568	0.0021850076085998577	-0.011139007983513506	-0.009833461343496568	-0.00017707011180095097	0.007907818670654605	-0.006702368603431986	-0.0006461740360162641	-0.0	0.0	0.0	0.0	0.0	0.0	0.0	0.0	0.0	0.0	0.0	0.0	0.0	0.0	0.0	0.0	0.0	0.0	0.0	0.0	0.0	0.0	0.0	0.0	0.0	0.0	0.0	0.0	0.0	0.0	0.0	0.0	0.0	0.0	0.0	0.0	0.0	0.0	0.0	0.0	0.0	0.0	0.0	0.0	0.0	0.0	0.0	0.0	0.0	0.0	0.0	0.0	0.0	0.0	0.0	0.0	0.0	0.0	0.0	0.0	0.0	0.0	0.0	0.0	0.0	0.0	0.0	0.0	0.0	0.0	0.0	0.0	0.0	0.0	0.0	0.0	0.0	0.0	0.0	0.0	0.0	0.0	0.0	0.0	0.0	0.0	0.0	0.0	0.0	0.0	0.0	0.0	0.0	0.0	0.0	0.0	0.0	0.0	0.0	0.0	0.0	0.0	0.0	0.0	0.0	0.0
S2014F_E9-2-C-F	0.27562881283765384	-0.033824907250066115	0.11013736714616795	-0.07434318917926759	-0.052793442587081546	-0.01788998968908151	0.01730536371003918	-0.019196978425606137	0.030433062746308547	0.004787092672830808	-0.07134430456681126	-0.013606804281341953	-0.06501519587154388	0.021889219430419455	0.0826115906716823	-0.022645419386818348	0.03795698674791237	0.04295826929927053	0.001694502762883686	-0.0014521462155527702	0.025420330859592312	-0.04702507859751445	-0.019231317262727934	-0.07134052562208787	0.009086058301325846	0.0271018236516617	-0.041214317718401214	-0.008317641869194372	-0.031873240896565326	0.06381199799236187	0.030626123338279063	-0.03634834472823641	-0.00102600075373246	0.05157461432955092	0.0013278507974508233	-0.03524936733398276	0.017634548384905233	0.003277133640662546	0.004966202788834696	-0.017356139081192483	-0.031947111663943394	0.028948340665987362	0.01737469236522324	0.02813370030921202	0.01173227776624497	-0.0164428069182354	0.009703029335886338	0.003516056698290854	0.01564413231402964	-0.007943834403820195	0.01344212265212186	0.010213813820490367	-0.003568024452627134	0.0032421181560692448	0.025017212777973794	0.04881273065525166	-0.024240433898701463	0.02340188627090518	-0.01350902156711817	0.019165170546735832	0.006662685497567728	-0.0032611790996717213	-0.0041202925792488765	-0.04520998714211736	-0.051618134669349065	0.00908208713517066	-0.026467902073557894	0.013829290334260029	-0.025117776707877886	0.01824469841340706	0.008682741864194482	0.013480086615072686	-0.03457336547973261	-0.013393680562974334	0.012522181102194795	-0.015009424858416859	0.005717824175237145	-0.011851491836769309	0.021076331819449526	-0.01669449966525808	0.011668243800757084	0.005943642273872851	-0.012832299563244822	0.010481367921426602	0.0022403137584865573	-0.017489570516274866	-0.020533606224844257	0.01381011369512298	0.024970231388716742	-0.002433122015315533	0.021876074586278126	0.0142546479528133	0.011929833769744025	-0.004793091217287602	0.004601126394882658	0.0060745894888259416	-0.010537307632058112	-0.0031486142268836756	-0.0004924736314968231	0.0023250801963640793	0.010062889064928462	-0.008825977640787195	0.0036348272245253703	-0.0035880271009686064	0.0036083924191961155	-0.004755843773980579	-0.003158711520587715	0.0006881740408838091	-0.0	0.0	0.0	0.0	0.0	0.0	0.0	0.0	0.0	0.0	0.0	0.0	0.0	0.0	0.0	0.0	0.0	0.0	0.0	0.0	0.0	0.0	0.0	0.0	0.0	0.0	0.0	0.0	0.0	0.0	0.0	0.0	0.0	0.0	0.0	0.0	0.0	0.0	0.0	0.0	0.0	0.0	0.0	0.0	0.0	0.0	0.0	0.0	0.0	0.0	0.0	0.0	0.0	0.0	0.0	0.0	0.0	0.0	0.0	0.0	0.0	0.0	0.0	0.0	0.0	0.0	0.0	0.0	0.0	0.0	0.0	0.0	0.0	0.0	0.0	0.0	0.0	0.0	0.0	0.0	0.0	0.0	0.0	0.0	0.0	0.0	0.0	0.0	0.0	0.0	0.0	0.0	0.0	0.0	0.0	0.0	0.0	0.0	0.0	0.0	0.0	0.0	0.0	0.0	0.0	0.0
S2014F_E9-3-A-F	0.405130487477482	-0.11421264848301046	0.1760119730241485	-0.0004149520851513583	-0.02650750185103423	0.02751460146656271	-0.054166848129663055	-0.04577815578234344	0.009842717912495993	-0.02088852941100077	-0.0376588534426847	-0.12227290765658655	0.012648244886071889	-0.02450963552148695	-0.004772849542411008	0.01645774876764936	-0.028873872044060583	0.004235189949756876	-0.05101165640330271	-0.10098431794237836	-0.02282227957973645	-0.03624834708916564	0.03435186237886264	0.011584977253743679	-0.027919833138663534	-0.004991620789857148	-0.009234650195888127	-0.024918598224722442	-0.042880831808971565	0.04892754290362311	-0.01952863441882425	0.009196350573197527	0.0012221671042550537	-0.016708468788885808	0.011596718959217168	0.03112187097118452	0.02421522311434168	-0.004262311476064553	-0.022270370803763404	-0.025087738829859707	0.009219498365873694	-0.060676288895434215	0.03005956746530762	0.019618289066069036	0.017928691813587812	0.021520358000465395	-0.05335920466727103	0.022907828984089565	0.029705293858664078	0.013470202782623671	0.03223525513496419	0.010731334726131013	-0.03074684261466503	-0.001489459427114913	-0.029436257614443087	0.045384138710681886	-0.016449176357317057	-0.046029400740756024	-0.0058331278447315655	-0.013432823242158328	-0.0227885904454458	-0.04844208960825312	-0.010509579720256143	0.02255253724889364	-0.0010528439287049091	-0.03829743317124723	0.0011860224836572064	0.014324447212694076	-0.033949713078609285	0.027729471137475918	0.018170202256202566	0.01807978825403434	-0.0016396344669682586	0.02870709531689285	0.0034017414018437967	-0.024023946973109937	-0.003344656223444719	0.009121499955686261	0.019729286113761367	-0.02418294058449867	0.01555585739063846	0.006621790198873375	0.002546493397528489	-0.006167850861718843	-0.024243450329075305	-0.008564107199590122	0.0052063674704827855	0.002143688228015819	-0.009972058955743403	0.00037675019362848594	-0.004448171142488559	-0.004576932340651635	0.00041388605019981265	0.0034776796429990572	0.006602055293207581	-0.005325099368160664	0.013743481207348708	0.0012403760529649261	-0.003233941447806069	0.008701947511728102	-0.00828072340480222	-0.007612174406407335	0.0019309890671925572	-0.00028006757902756597	0.0014025863490799745	-0.0016456126775539486	0.001725984715440113	-0.0005143862655550353	-0.0	0.0	0.0	0.0	0.0	0.0	0.0	0.0	0.0	0.0	0.0	0.0	0.0	0.0	0.0	0.0	0.0	0.0	0.0	0.0	0.0	0.0	0.0	0.0	0.0	0.0	0.0	0.0	0.0	0.0	0.0	0.0	0.0	0.0	0.0	0.0	0.0	0.0	0.0	0.0	0.0	0.0	0.0	0.0	0.0	0.0	0.0	0.0	0.0	0.0	0.0	0.0	0.0	0.0	0.0	0.0	0.0	0.0	0.0	0.0	0.0	0.0	0.0	0.0	0.0	0.0	0.0	0.0	0.0	0.0	0.0	0.0	0.0	0.0	0.0	0.0	0.0	0.0	0.0	0.0	0.0	0.0	0.0	0.0	0.0	0.0	0.0	0.0	0.0	0.0	0.0	0.0	0.0	0.0	0.0	0.0	0.0	0.0	0.0	0.0	0.0	0.0	0.0	0.0	0.0	0.0
S2014F_E9-3-B-F	0.40362209396687876	-0.13011907610338147	0.1637714714292684	0.031848095859458116	-0.05362241432342815	0.04524278774465585	-0.09164729681991612	0.02942698977960857	-0.029125516706148408	-0.02837959556931467	-0.017690221208468544	-0.006007758130015967	0.03793573508258145	0.06896994669232281	-0.07179106251665551	0.01366460267369685	-0.019236994651304754	0.008804582431293907	0.028317813936302533	-0.04378370632619772	-0.012830866338634419	-0.026503686832640618	0.008224877785537448	0.0165710482975445	0.023402935455368395	-0.0023353729770682827	0.02928876582424062	-0.054543982892402934	-0.007600348456213205	-0.03717086177692892	-0.06267689784261711	0.0010784358329976645	0.0248719941833379	0.05615061819494767	0.013574645416848644	-0.006433810286697014	-0.031020215648681373	9.736840194284041e-05	0.012467450906324961	0.015734901284283703	-0.014219537059322754	-0.0025834921588280993	-0.0020929411090609305	0.031180071205742836	-0.08638439769921419	0.008971679774728156	-0.01763933549816517	0.013627522468332202	-0.030670935369349648	0.05534623615506866	-0.02408566616852624	0.0014814823608031203	0.03053066095275454	0.023339700312714706	0.05607952342911015	0.02228488739093775	-0.024087845075845625	-0.040853896347650444	0.05058791804676027	-0.021870498523213613	0.0437782608590047	-0.05317449058948511	0.0680187506870786	0.027958580986664653	0.028894456290449573	-0.032542270573679664	-0.00821540753875849	0.0070746006717553826	0.024517242532690206	0.01595915505401654	-0.027975558513783257	0.021650350638835535	-0.004530856516159812	0.027261503691742538	0.005672543560302123	-0.009435618572433954	0.00286950044620057	0.031985997660173765	-0.028421416844455705	-0.026010495832278865	0.039185501073274315	0.008414857798033816	0.000242086886493926	0.013041727909410723	0.008194393096784509	-0.015060244716086654	-0.0077507676523507945	-0.001016534457645562	0.002674168873574884	-0.007610526030282622	-0.006873027556603867	0.016304654501891915	-0.0034423012452548104	0.0029348506723790996	0.006903286123510289	0.004144742723779634	-0.010142350853374064	0.0033148003513844234	0.0017814296799200614	-0.00767782477589614	0.004272464876149295	-0.0024318280712572215	0.0030632499815647215	-0.0013488768306139474	0.0017276240207537146	-0.00018747777605319617	-0.0007296691821358449	0.0007597962289288257	-0.0	0.0	0.0	0.0	0.0	0.0	0.0	0.0	0.0	0.0	0.0	0.0	0.0	0.0	0.0	0.0	0.0	0.0	0.0	0.0	0.0	0.0	0.0	0.0	0.0	0.0	0.0	0.0	0.0	0.0	0.0	0.0	0.0	0.0	0.0	0.0	0.0	0.0	0.0	0.0	0.0	0.0	0.0	0.0	0.0	0.0	0.0	0.0	0.0	0.0	0.0	0.0	0.0	0.0	0.0	0.0	0.0	0.0	0.0	0.0	0.0	0.0	0.0	0.0	0.0	0.0	0.0	0.0	0.0	0.0	0.0	0.0	0.0	0.0	0.0	0.0	0.0	0.0	0.0	0.0	0.0	0.0	0.0	0.0	0.0	0.0	0.0	0.0	0.0	0.0	0.0	0.0	0.0	0.0	0.0	0.0	0.0	0.0	0.0	0.0	0.0	0.0	0.0	0.0	0.0	0.0
S2014F_E9-3-C-F	0.35546338235723196	-0.10685564230192537	0.12530009853713342	0.08643591768833339	-0.040229343840949144	-0.03590550484286972	-0.02709584125565151	-0.06369166938863774	0.07353621755432833	-0.045333989441070574	-0.003902203543649069	-0.05559651850835182	0.008580447065973579	0.08050664505814678	0.026583512122334386	-0.009756688571411775	-0.03079397755187015	-0.020945501753895757	0.00509658505744548	-0.04516645171829997	0.01049436757335501	-0.00502854326547293	-0.007649531555847211	-0.00711354409709213	-0.038496271427236925	0.039980677762489605	-0.050523895602601517	-0.033598985558605944	0.026414255703776975	0.02284625025629293	-0.05766490890755079	-0.002900558111785902	-0.008409880481505878	-0.027656926025799052	0.004803002948782102	0.004598239573494419	0.044201559642043003	0.030071230524759227	0.03870465377741369	0.007093963472495639	0.007418280231279338	0.051678375173649434	0.010435833100640234	0.014312747822232484	0.000157171902042782	0.018719289603934024	0.036536885262385174	-0.06871262267472728	-0.020910919001803936	0.0408756964350635	-0.0254856836164567	-0.005554722400400031	-0.05356944507633528	0.05870856239607169	0.011191362482760195	-0.04634762992453516	0.032711445421208116	0.027729640668290603	0.01439843106792406	-0.00788740268046228	-0.02502496645007693	0.023131992528984666	0.005177505852654518	0.020203489711825964	0.05242632805402658	0.025846640460235704	0.01759534277070761	0.001495258611292005	0.030233394418322866	-0.025858549556816997	0.008293551062660302	0.025026565889087048	0.017456420622259983	0.011068862891457936	-0.020749424346000304	0.007343612498743598	0.03206386970692443	-0.01406049418639292	0.018583010401124526	-0.01841584375048795	0.013011327679762923	-0.004737220843434514	-0.011405187284356237	-0.011555031897939919	-0.029621394568728927	-0.02229962317082494	-0.018498685448549358	0.005927106279610277	0.0010736608603655869	0.005798037044650038	-0.0038612168049681284	-0.00800065508671184	-0.009421096894589266	-0.0007974092350350419	-0.005259726190198202	0.0048770500988938505	0.013758702537676522	-0.002253587960418075	-0.001768836630248383	0.0006912344030415373	-0.005624171270334845	-0.0035580824801579656	0.005364353010450571	-0.00048603438426716826	0.002109207347745786	-0.0038714911702614264	-0.002924276686215601	-0.0016856501400810717	-0.0	0.0	0.0	0.0	0.0	0.0	0.0	0.0	0.0	0.0	0.0	0.0	0.0	0.0	0.0	0.0	0.0	0.0	0.0	0.0	0.0	0.0	0.0	0.0	0.0	0.0	0.0	0.0	0.0	0.0	0.0	0.0	0.0	0.0	0.0	0.0	0.0	0.0	0.0	0.0	0.0	0.0	0.0	0.0	0.0	0.0	0.0	0.0	0.0	0.0	0.0	0.0	0.0	0.0	0.0	0.0	0.0	0.0	0.0	0.0	0.0	0.0	0.0	0.0	0.0	0.0	0.0	0.0	0.0	0.0	0.0	0.0	0.0	0.0	0.0	0.0	0.0	0.0	0.0	0.0	0.0	0.0	0.0	0.0	0.0	0.0	0.0	0.0	0.0	0.0	0.0	0.0	0.0	0.0	0.0	0.0	0.0	0.0	0.0	0.0	0.0	0.0	0.0	0.0	0.0	0.0
S2014m_E2-1-A-F	-0.10673596418587371	0.0007988687363508066	0.06999932567089218	0.08947208978199647	-0.0019683395863575297	-0.009950512065038325	-0.002204450018308812	-0.07284033017556377	-0.15971132999430745	-0.10634546516995869	-0.053200239479558174	0.07352537679366503	0.031886537699278156	0.10461640792120291	-0.11167345734697402	0.027421876170112592	0.026723270567614463	-0.013027581803747116	0.05743402629132924	0.12520324044602388	0.03794248807467659	-0.051950784998188844	0.036370785897436815	0.01482971405227903	-0.0009564688881366005	-0.027487959778533088	-0.08492515914641571	-0.0442277764323424	0.03201453770072048	0.02320016030364275	-0.03960470995582768	0.0009783032652566383	0.082112628723256	0.008340194033672458	-0.026013541186706724	-0.03446316021279238	-0.058900757016020565	0.04931150996143208	-0.019431683317234986	-0.006084357920879612	0.0813615252381262	-0.040426120671528044	-0.012187889252902477	-0.0050454536799972305	-0.011877022057784223	0.03905725872665733	-0.029558273000299905	-0.007293543466081044	0.04764499017412912	0.007371599029240026	-0.02426006193297598	0.02949760075401388	-0.02664511396904848	-0.034668145890877085	-0.014988664438194823	0.018128832087735757	0.03560245931057705	0.019516532320202687	-0.024802265165026836	-0.013387946905176508	-0.050987736739021114	0.039049896336090004	0.004568182915115865	-0.00030017628694064825	0.006369979013606075	0.006904167277614426	0.014599264913811685	-0.020299238472737298	-0.03609768164583646	0.016461264225194682	0.013354499771276129	0.0054195633615924475	0.00948889490696915	0.006975822982655952	-0.002273798990834669	0.0011097793919338345	0.003130419704400932	0.0012135645257414607	-0.0016381488809212115	-0.005017302201623108	-0.009862424236510165	0.005593353292017499	-0.013751488635499357	-0.0006957777575996932	0.007018515979754955	-0.004968025445290172	0.005434348456024096	0.005677876604412216	0.0029771598026380125	0.0019127667653740274	-0.005718604970233696	0.006253283015900997	0.00694587910825436	0.008731662029342046	0.005325346828470854	-0.010352463543797258	-0.007464804387344247	-0.011762522066456461	-0.003830645071785894	0.002478135861308549	-0.0024740059326084237	-6.615321479057797e-05	0.004157066226486467	0.005745568501810006	0.0008372700870510024	-0.0012261820812090982	0.0035183789504588917	0.0010652619430232605	-0.0	0.0	0.0	0.0	0.0	0.0	0.0	0.0	0.0	0.0	0.0	0.0	0.0	0.0	0.0	0.0	0.0	0.0	0.0	0.0	0.0	0.0	0.0	0.0	0.0	0.0	0.0	0.0	0.0	0.0	0.0	0.0	0.0	0.0	0.0	0.0	0.0	0.0	0.0	0.0	0.0	0.0	0.0	0.0	0.0	0.0	0.0	0.0	0.0	0.0	0.0	0.0	0.0	0.0	0.0	0.0	0.0	0.0	0.0	0.0	0.0	0.0	0.0	0.0	0.0	0.0	0.0	0.0	0.0	0.0	0.0	0.0	0.0	0.0	0.0	0.0	0.0	0.0	0.0	0.0	0.0	0.0	0.0	0.0	0.0	0.0	0.0	0.0	0.0	0.0	0.0	0.0	0.0	0.0	0.0	0.0	0.0	0.0	0.0	0.0	0.0	0.0	0.0	0.0	0.0	0.0
S2014M_E2-1-A-M	-0.26089404279080575	-0.012456789986778153	0.14297415174388758	-0.05874667888670282	0.07307894943732224	0.0385129203186438	-0.04270235325612116	-0.07359609384464645	-0.018818773245749782	-0.013355527979618793	0.023667955614769347	-0.0020020057405279487	1.520708552802482e-06	0.004431400868237145	-0.06487655626797395	0.038830122532549936	-0.027418152482174267	0.021120129408905366	0.019124271814483104	-0.06697724609526902	-0.013755580924521466	-0.02832527146568236	-0.00856490648237718	-0.013875973664118926	0.02211654554042168	-0.04245299672612332	-0.07019684541433967	0.0020851136498107594	-0.02272187378457824	0.022683613668471783	-0.029865992092105827	0.04485242816411647	-0.015007451107227617	0.015106678180062047	-0.02477752633643955	-0.021683914538485536	-0.002994561031174562	0.012419602157209756	0.03472813642206674	0.024439017503796512	0.008340414140027742	0.0023927144656946	0.015523595530984721	0.014287983377084255	0.02055881937583855	0.01658632507387928	0.010101001107481166	0.0008413022663996749	-0.030436879181081636	-0.0005334474307745247	0.02716508294119388	0.027733121052594036	-0.014446324941476511	-0.03322303382386804	-0.015138669274726381	0.007541453470743591	0.0036514003165720025	0.01266230299410831	0.012753073696701235	0.0007966120536092423	-0.003204959848084125	-0.0016565666271629517	0.025011193251593886	0.0033571011896057117	-0.01495745104996333	0.023373139810492802	0.016237153152495024	0.005417263800103084	0.00021109105191876036	-0.007285625358566843	0.003716431898098119	-0.01481617020677882	-0.008516595437933297	-0.011694973887063503	-0.025970647433896932	0.016250914984766072	0.013771150279151993	0.015214156945079028	-0.007488566305555172	0.013282867311674653	-0.0023228944779408785	-0.019279666453977808	0.0032398539371874496	-0.007330033060898329	0.0021110814963838922	0.009221113000187702	0.003157311946360372	0.002969118634682347	-0.0020239303868911916	0.0037102769552721146	0.007414868277892261	0.00476563574869323	0.006886343132604269	0.0021441242555664004	-0.0008806520745259954	0.004176880083459999	-0.000985059382936103	0.0016951204233470712	0.005023500987864461	0.011046224711637648	0.010116588115494268	0.005634746527849223	0.0014110148263284654	0.004457403102651187	0.003693430149684487	-0.001955098731236815	-0.0018185556654465944	-0.000342634192558051	-0.0	0.0	0.0	0.0	0.0	0.0	0.0	0.0	0.0	0.0	0.0	0.0	0.0	0.0	0.0	0.0	0.0	0.0	0.0	0.0	0.0	0.0	0.0	0.0	0.0	0.0	0.0	0.0	0.0	0.0	0.0	0.0	0.0	0.0	0.0	0.0	0.0	0.0	0.0	0.0	0.0	0.0	0.0	0.0	0.0	0.0	0.0	0.0	0.0	0.0	0.0	0.0	0.0	0.0	0.0	0.0	0.0	0.0	0.0	0.0	0.0	0.0	0.0	0.0	0.0	0.0	0.0	0.0	0.0	0.0	0.0	0.0	0.0	0.0	0.0	0.0	0.0	0.0	0.0	0.0	0.0	0.0	0.0	0.0	0.0	0.0	0.0	0.0	0.0	0.0	0.0	0.0	0.0	0.0	0.0	0.0	0.0	0.0	0.0	0.0	0.0	0.0	0.0	0.0	0.0	0.0
S2014m_E2-1-B-F	-0.2283977120958996	0.020256727273840272	0.11287246478456883	-0.08181706907554817	0.03370424244116672	0.05456179215462348	0.04025783783607612	-0.11154538622371782	-0.08028656898948561	-0.031116625416746698	-0.008226543641793923	0.01118658620131078	0.07115741894823362	-0.0014728680104080297	-0.009479716258455725	0.01277484506075164	0.0062752306489794836	0.012023214276605895	0.04075383279254329	-0.01651857878883708	0.0003095782098845022	-0.027769334542745796	-0.004628153842751465	0.03759897432373205	0.01864083564715101	-0.04793369035839969	-0.05921653513257412	0.008751698760003526	0.004009985593912254	0.05098735817018437	-0.00987018475657341	-0.011802961813535654	0.00012973894751700847	-0.024675844789348044	-0.017868336489919007	-0.006002140485046909	-0.01835561233566159	0.03276782556263645	0.004700400951138808	0.04333207656019182	0.027518944061118718	0.0064195671268746195	-0.013950649220500691	0.019459177497008616	0.015999425546768347	0.0029147539011431366	-0.00372274011064921	-0.007027349793556877	0.013828271817347573	-0.007651729672857243	0.00924659950058266	0.0014249177288562522	0.002715908671244382	-0.02083021965964925	-0.01742098923082132	-0.00014652930918398804	0.002136599911436762	0.007152620023719988	0.04505624657877307	-0.01895889327450845	-0.015600339796896817	-0.010690790228338505	0.04629732661463144	0.0006301880512245664	-0.021846550508916845	-0.021397542622622303	0.00366462558656651	0.019646074554050468	0.024336309049251006	0.0036498719479480775	0.003417009569527054	0.0017517365155007715	0.015134439414034351	0.008130686742083329	0.011367105102217943	-0.0038760869398542378	0.011567621397982886	-0.01355279423861399	0.0010442690766807856	0.005536042630988733	-0.005956507338581037	-0.021897294711585406	0.005951148832542483	-0.013909156122262822	-0.019881020070256706	-0.0003729200455236217	-0.0076618389236294045	0.010926766016169978	-0.012251561344905851	-0.008529977974653043	0.005540636100360465	0.0037717719208535646	0.0005703846595214768	-0.006286768434503758	0.009411973071151736	0.0035038544864885927	-0.013388437882110795	0.004193685354121652	-0.0014296447516509857	-0.019660295996567517	-0.006429753301201331	0.007199758265173788	0.00039044072591763913	0.0037993994616585623	-0.0012878462078278249	-0.0021586212016591593	0.004504091523765226	-0.0017198344477351642	-0.0	0.0	0.0	0.0	0.0	0.0	0.0	0.0	0.0	0.0	0.0	0.0	0.0	0.0	0.0	0.0	0.0	0.0	0.0	0.0	0.0	0.0	0.0	0.0	0.0	0.0	0.0	0.0	0.0	0.0	0.0	0.0	0.0	0.0	0.0	0.0	0.0	0.0	0.0	0.0	0.0	0.0	0.0	0.0	0.0	0.0	0.0	0.0	0.0	0.0	0.0	0.0	0.0	0.0	0.0	0.0	0.0	0.0	0.0	0.0	0.0	0.0	0.0	0.0	0.0	0.0	0.0	0.0	0.0	0.0	0.0	0.0	0.0	0.0	0.0	0.0	0.0	0.0	0.0	0.0	0.0	0.0	0.0	0.0	0.0	0.0	0.0	0.0	0.0	0.0	0.0	0.0	0.0	0.0	0.0	0.0	0.0	0.0	0.0	0.0	0.0	0.0	0.0	0.0	0.0	0.0
S2014M_E2-1-B-M	-0.08056032794320117	0.014628698729942269	0.035592528312032745	0.10037634954521955	0.014897500306687236	-0.08077645503377048	-0.05541216771298529	-0.012408315076855836	-0.07581668139661633	-0.03447527202923814	0.11985501028271543	0.06541988719083247	0.043515282385204246	0.05364078824266105	-0.11897913281124062	0.015183888087924506	-0.03507249071239165	0.035737127096895346	-0.014257102937581373	-0.054481612227231656	-0.07034418600626932	-0.04565199947092609	-0.02906526314898022	0.00834520274715268	0.0061976370917842215	-0.025719454795654424	0.013161051590299011	0.0442215235188625	-0.02052147936618722	0.006959558378864908	0.012229520414385709	-0.010496698005326547	-0.036241240450716895	0.04429239790979424	0.004204486534865663	-0.04753727508833177	0.03160085756217089	-0.03787538556009564	-0.018728535480681704	0.014553874818935218	-0.023755892335477598	-0.027473564185703868	0.0014865849525908918	0.03755425789308245	-0.02694390826210329	-0.012179713052224435	0.009930978550136514	0.03623494907934757	-0.009538211494081347	-0.004899975902626555	0.029463820308985013	-0.01759912040757995	-0.040841976196803915	0.013926586849744243	0.015510352543358709	0.017120781637469842	0.006985012680401927	-0.0011106358028930784	-0.02438104494383986	-0.00586587811141148	0.012702706132651129	0.019788397398843516	-0.002511794719376349	0.02543224306621419	-0.014049057879586402	0.019411142935268452	-0.00422233519013965	0.030429221840513946	0.015212431442582079	0.006802848778218142	-0.007580040905765472	-0.01384547777353821	0.0209412137620495	-0.015033262607567188	0.02047042332777076	0.005509155731346791	0.013538615983702654	-0.01348324388474587	-0.00969627401760282	0.012661623183515564	0.024177672400234253	0.00455549232244159	0.00658165697212199	-0.0023093110558646958	0.017671081327077547	0.019792385721894738	-0.022158762159896858	-0.0005700257028066969	0.004329608403266136	0.011356227377869024	0.005736400020291518	-0.005581984424379067	0.0024140951416959755	0.002117331730234144	0.002400353245472134	-0.00802529848045572	0.010945815991634644	-0.0039845130771969045	-0.0044903247820180636	0.004828460993597443	-0.005574381435966362	0.004201018971883862	-0.0001337553598994609	0.0019229903519325823	-0.0014892688827168063	-0.005544341753286739	0.002404319562604597	0.002179447811293103	-0.0	0.0	0.0	0.0	0.0	0.0	0.0	0.0	0.0	0.0	0.0	0.0	0.0	0.0	0.0	0.0	0.0	0.0	0.0	0.0	0.0	0.0	0.0	0.0	0.0	0.0	0.0	0.0	0.0	0.0	0.0	0.0	0.0	0.0	0.0	0.0	0.0	0.0	0.0	0.0	0.0	0.0	0.0	0.0	0.0	0.0	0.0	0.0	0.0	0.0	0.0	0.0	0.0	0.0	0.0	0.0	0.0	0.0	0.0	0.0	0.0	0.0	0.0	0.0	0.0	0.0	0.0	0.0	0.0	0.0	0.0	0.0	0.0	0.0	0.0	0.0	0.0	0.0	0.0	0.0	0.0	0.0	0.0	0.0	0.0	0.0	0.0	0.0	0.0	0.0	0.0	0.0	0.0	0.0	0.0	0.0	0.0	0.0	0.0	0.0	0.0	0.0	0.0	0.0	0.0	0.0
S2014m_E2-1-C-F	-0.19048198908583028	0.022347601038860732	0.10469673201041518	-0.07786956333845445	0.05256561352419666	0.04085307625078738	0.046065720450487145	-0.1294391258229841	-0.07243697426464767	-0.036369667666962334	0.020370924906459465	0.0010095520765218454	0.041087910878296	-0.021355422093058015	-0.017569763552713318	0.020868509342544972	0.020289804086017434	0.004166107958262897	0.06206059902215731	-0.042888170582560906	-0.017435873579507936	-0.012303266138423079	-0.013816025870898802	0.020473587342264257	0.03833723706384211	-0.06821517429962849	-0.06701050715585895	0.0073637320291762105	0.003061315687110915	0.028858577232954038	-0.005623667243980447	0.004520615699034031	0.011888155060137183	-0.046063749880279524	-0.037566149228978815	-0.012533715903399464	0.02369910705194723	0.00018298397220233053	0.036811253113488936	0.010025868551079689	-0.00046329785537118035	-0.011654551610078763	0.023624640692299692	-0.007030949514865643	-0.006613530363960041	0.02121801195131225	0.030707916002697126	-0.003921917588561561	0.01646981279979368	-0.0014922859893750694	-0.012075082575212873	-0.004923363871553581	0.008762293974173547	0.0017660565716442957	0.00010729651763914914	0.013157900780758106	-0.022890739128499413	0.022593027830560584	0.00455530663214339	0.0206728134986849	0.003864324117564187	0.0014895892781943826	0.008897219316649175	-0.02011888291392577	-0.0002963057491106766	-0.03210910822739718	0.025711938817911957	0.006576430279400895	-0.003683041963746591	0.0012194764396987726	-0.015370956124063882	-0.033971140002624765	0.014999022710618247	-0.00314110463986394	0.029798444396098075	-0.010875084693464834	0.001116931528484976	-0.003696660192836079	-0.004470080505104759	-0.014841646960042617	0.005393568587847137	0.010474885739855463	-0.012981781719839425	-0.005495487521771122	0.005416983594214557	-0.0030546570817295755	0.006255328152997529	-0.01379725820737774	-0.0054076215478787	-0.01012509924693049	-0.0017998294132192784	-0.009283033638889472	0.006146957425443587	0.011933826386735822	-0.006442070291189294	0.007498830763594138	0.012053137372231244	-0.008506661144742675	0.0014937748884673936	0.001417209285793857	0.0001516670679862717	-0.0014483156547648957	0.0034242588082773126	-0.00440477742737318	0.003095532569980608	0.0010893086036346594	-0.002850410720621964	-0.0010377354796518145	-0.0	0.0	0.0	0.0	0.0	0.0	0.0	0.0	0.0	0.0	0.0	0.0	0.0	0.0	0.0	0.0	0.0	0.0	0.0	0.0	0.0	0.0	0.0	0.0	0.0	0.0	0.0	0.0	0.0	0.0	0.0	0.0	0.0	0.0	0.0	0.0	0.0	0.0	0.0	0.0	0.0	0.0	0.0	0.0	0.0	0.0	0.0	0.0	0.0	0.0	0.0	0.0	0.0	0.0	0.0	0.0	0.0	0.0	0.0	0.0	0.0	0.0	0.0	0.0	0.0	0.0	0.0	0.0	0.0	0.0	0.0	0.0	0.0	0.0	0.0	0.0	0.0	0.0	0.0	0.0	0.0	0.0	0.0	0.0	0.0	0.0	0.0	0.0	0.0	0.0	0.0	0.0	0.0	0.0	0.0	0.0	0.0	0.0	0.0	0.0	0.0	0.0	0.0	0.0	0.0	0.0
S2014m_E2-1-C-M	-0.10727115501161906	0.04613674518114752	0.014216712001777834	0.009491495200199221	0.02634599085394976	-0.02880558083979381	-0.0430257189479989	-0.026887535507516144	0.038189347620284586	-0.07775074369438131	0.04666753643975075	0.05135613153006509	-0.06636019170901276	-0.04219413826331702	-0.0777929108169607	-0.058697575968814766	-0.024891315746918823	0.017359706889489037	0.0034411158723112118	-0.018182371621400118	-0.12033488736826631	-0.06486984961299005	0.01496795618982955	0.05102395487092	-0.02691771651654026	0.023133877506269548	0.019700544722455072	0.060985081464555356	-0.05317247069129228	-0.03172228473723823	0.04753029442093758	-0.055075194626563004	-0.0024317643837773826	-0.00021041391951351614	0.009902875645529635	0.0021687270541052538	-0.008931451783765051	0.016695027603850762	0.021373781606965167	0.002995868830946818	-0.028652208436722677	0.02741874860866646	-0.0009285309740275193	-0.006251946981724829	-0.037418568562325775	0.04125460587075817	0.014675540158328906	0.02408888208524043	-0.012859839229072852	0.0029213243771699818	-0.0055629013660679185	0.0225855363929415	0.0223561532238763	0.005235752697890179	-0.020565337517985685	0.028261896978275036	0.014118738721037683	0.018607906367901668	-0.008684504948253048	-0.004630364603910972	-0.02187072970916248	-0.015177393632097698	0.0007874402040999222	0.0011487716020708483	-0.026257039675333237	0.01662404745480922	0.040237385736086255	0.0037206609427016778	-0.009553260801905316	-0.013859257090838819	0.02423141172268693	-0.019286999889735902	-0.0029072095756730158	0.006264599995717007	-0.016067494888573133	0.00812117661812711	0.002282320717302218	-0.007110884794592354	0.016238348210768593	-0.014324081257839544	0.01774588656132813	-0.008731951465071311	-0.02180272227535006	-0.0008239151306286331	-0.0002590094803614933	-0.004404939544239121	-0.0077751074085263645	0.0065432795740903	-0.01346034531365758	-0.005143014023757311	-0.010761570726110725	0.006528575015285696	-0.006786328786136653	0.005674359468425388	-0.0037688745669155733	-0.0007940955665071247	0.000342401462789169	-0.0018881650263191997	0.002884456776215379	-0.0014953100306439042	0.001998854425179625	0.0040942111940521	-0.0009459374743605997	0.0011368957974589623	-0.0005607568815998482	0.0013212523408832795	-0.0022552269690579484	0.0005542638172229236	-0.0	0.0	0.0	0.0	0.0	0.0	0.0	0.0	0.0	0.0	0.0	0.0	0.0	0.0	0.0	0.0	0.0	0.0	0.0	0.0	0.0	0.0	0.0	0.0	0.0	0.0	0.0	0.0	0.0	0.0	0.0	0.0	0.0	0.0	0.0	0.0	0.0	0.0	0.0	0.0	0.0	0.0	0.0	0.0	0.0	0.0	0.0	0.0	0.0	0.0	0.0	0.0	0.0	0.0	0.0	0.0	0.0	0.0	0.0	0.0	0.0	0.0	0.0	0.0	0.0	0.0	0.0	0.0	0.0	0.0	0.0	0.0	0.0	0.0	0.0	0.0	0.0	0.0	0.0	0.0	0.0	0.0	0.0	0.0	0.0	0.0	0.0	0.0	0.0	0.0	0.0	0.0	0.0	0.0	0.0	0.0	0.0	0.0	0.0	0.0	0.0	0.0	0.0	0.0	0.0	0.0
S2014m_E2-2-A-M	-0.09506530296381953	0.04562950231041224	0.059948999642535084	-0.08452607503069563	0.11126564617676611	0.12357176248242077	-0.1542710097062147	-0.0384835973002092	-0.08463117002262603	0.10890851063602988	0.08439129330075247	-0.05182250360392371	-0.034731796232850304	-0.1446325678762175	-0.06224423735186057	-0.020261305515822448	-0.02460177401994286	-0.0020281848438034773	0.047525069660938356	-0.07439637677038899	-0.004813616400701221	0.03641357939881574	-0.03776997799269233	0.036266028208260616	-0.003340234206999313	0.010816082440435401	-0.05050899815682562	-0.04460462324389465	-0.0030075803664570294	0.01687775727856488	0.020330755807990507	-0.016802301561850957	0.0013122870440655254	-0.0027832229088594236	-0.011594970011825136	0.05805809895184461	-0.012347066140832481	-0.006995702850622997	-0.046130052564170396	0.002291078810514283	-0.06331428211408048	-0.0023865857575964488	-0.013684283518818284	-0.03713562620184269	0.017280643961600287	-0.009728604048353578	-0.008105293834665961	-0.002452490232932906	0.006752421176931769	-0.006993909411680542	0.00852300340232687	-0.03615324351777007	0.0076130353469837835	0.004134955060978955	-0.004752253923314156	0.0053699925118472994	-0.007357757713438061	0.01861209151635851	-0.020831888655404508	-0.010629347161294374	-0.0371093423057243	0.010655468140844815	0.014074701969960059	0.02303579548080361	0.01976001558918963	0.0003149081181158255	-0.019424398642161965	-0.01283998548991173	0.015284069919638101	0.016454595248991705	0.01386526886904751	0.0151981199434818	0.01184194984846972	0.0008911568122701274	0.0072496375804031515	-0.025220074286361655	-0.009618784063842485	0.01114493540722364	-0.002369296234545596	-0.00731743974782244	-0.0033654117797835468	-0.0023250039966541697	-0.00980351270006979	0.013899255369598334	-0.007091592405339099	-0.0029836359728351125	0.016203760279205413	-0.009809853310965124	0.004600878966912948	0.008035531704952897	0.0024842953124479756	0.005529398262681031	0.0010569431969199615	4.707803689655561e-05	-0.008620368335297916	-0.0035543326557494204	-0.0019908812131979293	-0.005693189999262065	0.003191291402712717	-0.0003012423265467051	0.0016706259299416842	-0.0011459973815807773	0.004182364125975896	-0.000664252597970289	0.0011950356732005193	0.00245706938210444	-0.0014903211698406927	5.2415270285632104e-05	-0.0	0.0	0.0	0.0	0.0	0.0	0.0	0.0	0.0	0.0	0.0	0.0	0.0	0.0	0.0	0.0	0.0	0.0	0.0	0.0	0.0	0.0	0.0	0.0	0.0	0.0	0.0	0.0	0.0	0.0	0.0	0.0	0.0	0.0	0.0	0.0	0.0	0.0	0.0	0.0	0.0	0.0	0.0	0.0	0.0	0.0	0.0	0.0	0.0	0.0	0.0	0.0	0.0	0.0	0.0	0.0	0.0	0.0	0.0	0.0	0.0	0.0	0.0	0.0	0.0	0.0	0.0	0.0	0.0	0.0	0.0	0.0	0.0	0.0	0.0	0.0	0.0	0.0	0.0	0.0	0.0	0.0	0.0	0.0	0.0	0.0	0.0	0.0	0.0	0.0	0.0	0.0	0.0	0.0	0.0	0.0	0.0	0.0	0.0	0.0	0.0	0.0	0.0	0.0	0.0	0.0
S2014m_E2-2-B-M	-0.17855321706617142	-0.008560850837969739	0.1193025658766108	-0.07736516087251775	0.04475650250474338	0.08200336414178049	0.001930074560735528	-0.03911698674709597	0.027438164714478745	0.05812391273159253	0.07123952874029443	0.03992392157951024	-0.10193993601234763	-0.019959387357669427	-0.01035782043357149	-0.0048575260338696085	-0.03268470407835027	-0.0022842222590242476	-0.0281992861566106	-0.05847983791717476	0.004977121689721488	0.022690174561827557	0.0006114864646479149	-0.021377569696235856	-0.044802033242699685	0.01576083250526474	-0.04903381686215109	-0.0020614177952709115	0.02871606125586485	-0.004441448568012534	0.02102243231363876	-0.043038643541250185	-0.009597639431488527	-0.01053254985576683	-0.0006141424983112999	-0.014823875534626873	0.004449073317768568	0.04211558626576895	-0.010918786308484517	-0.0012403029440881952	0.001427150039154274	-0.008494735904029218	-0.008463415159006027	-0.006085060823262391	0.011203983226418125	-0.006766073346590236	0.039878963972100015	-0.010914256204807854	0.018558579837813942	0.013212772297958168	-0.004301928904435861	9.247015351530599e-05	0.02515654201126716	0.051449493622880434	-0.03062539367027234	0.017552800526920157	0.02299895317748423	0.027215322610750846	-0.0032839791939671295	0.00022193300668490673	0.048395662062337176	0.016671822534247715	0.00024073662541009483	0.004320569803218009	-0.0038778351754310777	-0.006739142178499165	-0.009096388297148265	-0.005542857250599684	-0.015202045395552121	-0.002212828769739376	-0.013006562680384165	0.03886306258456308	-0.00795411502047528	-0.004653690356997713	0.01591552856772217	-0.0036781130959539646	0.0014074996488980922	0.0009682157626134327	-0.0014012038995795148	-0.0036569508307583046	0.008150753871370148	-0.012984742343026226	-0.008282262729524531	0.0009468257265160723	0.0042677470236092245	0.015284401722540007	0.0027535249459971125	-0.0015895805765841398	0.01823629448310464	0.011847641359012992	-0.004786001687238422	0.0022235158647390305	-0.008581614186404367	0.006055253721930969	0.00251478744608389	0.008690182236047627	-0.007411335400860786	-0.00677779733382648	-0.003841414995124893	-0.00566302430955061	0.004488173878063511	0.0010015236361950453	0.004828373852637075	-6.0908334174716145e-05	-0.0002780842669959578	0.0013790730414419362	0.0009353216491262901	-0.0026976250987295236	-0.0	0.0	0.0	0.0	0.0	0.0	0.0	0.0	0.0	0.0	0.0	0.0	0.0	0.0	0.0	0.0	0.0	0.0	0.0	0.0	0.0	0.0	0.0	0.0	0.0	0.0	0.0	0.0	0.0	0.0	0.0	0.0	0.0	0.0	0.0	0.0	0.0	0.0	0.0	0.0	0.0	0.0	0.0	0.0	0.0	0.0	0.0	0.0	0.0	0.0	0.0	0.0	0.0	0.0	0.0	0.0	0.0	0.0	0.0	0.0	0.0	0.0	0.0	0.0	0.0	0.0	0.0	0.0	0.0	0.0	0.0	0.0	0.0	0.0	0.0	0.0	0.0	0.0	0.0	0.0	0.0	0.0	0.0	0.0	0.0	0.0	0.0	0.0	0.0	0.0	0.0	0.0	0.0	0.0	0.0	0.0	0.0	0.0	0.0	0.0	0.0	0.0	0.0	0.0	0.0	0.0
S2014m_E2-2-C-M	0.1422364527846465	0.010096578597750474	0.09873274522252844	-0.08398515432034309	0.026100799726061486	-0.04437313211200824	0.08524886341446876	-0.1106041672803157	0.008002103349189615	0.024957973077899157	-0.005925546049352302	-0.026321289865251462	-0.08206165607255392	-0.07094561639974142	-0.07442753020485025	-0.003739931989098303	0.014943136205724693	0.006115486255224006	-0.051049206995686	-0.04929689053899482	0.043316883407186986	0.013350235036869603	0.04459180611860042	0.001040573254485829	-0.01668678979785008	0.04642613461672788	-0.05575334502517522	0.03510082439062633	-0.06638070382485924	0.011070587938326153	0.007527109744969967	0.029129136567412315	0.029761061160811144	0.03448499831019677	0.006979210877335949	0.022476162289278477	-0.07491502045003964	-0.013407972573310722	-0.04414559689354551	0.009651546664273796	0.016348903844260163	-0.05431376422536389	0.03614269780328429	-0.0003849290708800341	0.020036084142636586	-0.009591436249186121	-0.042339966517067965	0.01879887939317856	-0.027411328810895107	0.0310033755184672	-0.02626798550563317	-0.046635619351214935	0.04617868339194881	0.027380941104854853	-0.022853723300648034	-0.0179056709440013	0.014952897739066287	0.022917835341814727	-0.014658561261528777	0.026044811265683126	0.0022630998119415077	0.029891296455512084	-0.0018167371365040302	0.019004782881982738	0.0110106311954014	-0.006010797060196843	-0.0339559968086281	-0.014497739922636197	-0.03684050041655004	-0.012559413547271815	0.008037130892075679	-0.016253698013088944	0.007583549050401237	0.013966730334406478	0.020633318898512523	-0.0057905194786978895	-0.013438766567260636	-0.02944121646484264	-0.008046638366744253	-2.5643164576099166e-05	0.0011077900709076521	-0.018929807294963203	0.0010472417636542065	0.013168902580780613	0.013542560469375168	0.00046666456538969534	-0.01058755903094241	0.007111278490587081	-0.006223981879542544	-0.007822526166666148	-0.014333666391978828	-0.011708553823503227	0.009555324890899627	-0.004064709588453742	0.010161552137192156	0.007557205187397086	-0.00571439161850101	0.007613810908876544	0.012442823807151475	-0.0031486785254418066	-0.0014003969226711738	-0.006075765900911301	0.0017664722440243457	0.0051668737488264746	-0.003606525011016348	-0.0022541735310414026	-0.0027076322831049893	0.0007223787880946514	-0.0	0.0	0.0	0.0	0.0	0.0	0.0	0.0	0.0	0.0	0.0	0.0	0.0	0.0	0.0	0.0	0.0	0.0	0.0	0.0	0.0	0.0	0.0	0.0	0.0	0.0	0.0	0.0	0.0	0.0	0.0	0.0	0.0	0.0	0.0	0.0	0.0	0.0	0.0	0.0	0.0	0.0	0.0	0.0	0.0	0.0	0.0	0.0	0.0	0.0	0.0	0.0	0.0	0.0	0.0	0.0	0.0	0.0	0.0	0.0	0.0	0.0	0.0	0.0	0.0	0.0	0.0	0.0	0.0	0.0	0.0	0.0	0.0	0.0	0.0	0.0	0.0	0.0	0.0	0.0	0.0	0.0	0.0	0.0	0.0	0.0	0.0	0.0	0.0	0.0	0.0	0.0	0.0	0.0	0.0	0.0	0.0	0.0	0.0	0.0	0.0	0.0	0.0	0.0	0.0	0.0
S2014m_E2-3-A-M	0.12299037602513008	-0.0029612966956400065	-0.0456581293490523	0.11842362314145924	0.02589444833767933	-0.06514862590965703	-0.028429609094957686	-0.2012270860104705	0.09917633504385073	-0.0300538586799867	0.18366996099840255	-0.0009089141755485771	0.017227293899880168	-0.050297041007754374	0.07288513865484043	0.09465601949597516	0.00384517951856742	0.032335460408862524	-0.06161845550017885	0.08694856827436465	0.038208541074877186	-0.05529776404867481	0.04813638462724507	0.10796904159981088	0.11377917287752512	-0.0438366563397301	-0.003029192536999872	0.01912371379832889	-0.012104680612857717	-0.011568115076616607	0.013498948683648383	-0.02765750953333148	0.045250985974432306	0.0259198515833929	0.024270059466399617	0.04819829853149228	-0.005114628973220474	0.0013965072084671393	0.004346244938377183	-0.006310247943385323	-0.046305583546218144	0.04502161805764819	-0.004441008378134338	-0.015369788879246516	-0.007404285401644625	0.002253131020224297	-0.02107449276632892	0.007239785589709072	-0.011681235899913314	0.01196590198906564	-0.023256378132818074	-0.021031141607445306	-0.0030844294274092725	-0.011996680179349654	0.005668102664685375	-0.01304710140523186	-0.009207370511771463	-0.0010999524087278122	-0.0068561960158370384	-0.00222407252861908	-0.003236499852120706	0.015792067823711443	-0.0022272311963648867	0.0019899303888997666	0.011337435769714377	0.004296437807991455	0.003065077947676405	0.024171598361431977	0.0008925772016878733	0.0034446142878204783	-0.005984704291568607	0.007116194742337831	0.0337671870102581	-0.019674052082317782	0.0056347250854088	-0.004468678536729155	-0.0037238259249196414	0.007452845536567165	0.006374024314286442	-4.453497950838321e-05	-0.00021734932803898599	0.0022857295061381924	-0.0037118233506089103	0.002617080543275646	-0.005952915197451048	0.0036594798099814302	0.02109997832188793	-0.0055497572301497575	0.008945752939343195	0.006999990263373275	-0.005599406718161814	-0.0014774376452796694	0.005850906502879157	0.0014948460950551326	0.0030742396335544362	-0.007307390102820867	3.0179738846229478e-05	0.008721096784431264	-0.0024325424584908553	-0.004225185966090211	-0.001279242579807261	-0.002530043927257396	0.0008281219925145235	-0.003538945091920818	-0.0014348432585710447	0.003587096499018562	-0.0033808457798567317	0.0015782575320619468	-0.0	0.0	0.0	0.0	0.0	0.0	0.0	0.0	0.0	0.0	0.0	0.0	0.0	0.0	0.0	0.0	0.0	0.0	0.0	0.0	0.0	0.0	0.0	0.0	0.0	0.0	0.0	0.0	0.0	0.0	0.0	0.0	0.0	0.0	0.0	0.0	0.0	0.0	0.0	0.0	0.0	0.0	0.0	0.0	0.0	0.0	0.0	0.0	0.0	0.0	0.0	0.0	0.0	0.0	0.0	0.0	0.0	0.0	0.0	0.0	0.0	0.0	0.0	0.0	0.0	0.0	0.0	0.0	0.0	0.0	0.0	0.0	0.0	0.0	0.0	0.0	0.0	0.0	0.0	0.0	0.0	0.0	0.0	0.0	0.0	0.0	0.0	0.0	0.0	0.0	0.0	0.0	0.0	0.0	0.0	0.0	0.0	0.0	0.0	0.0	0.0	0.0	0.0	0.0	0.0	0.0
S2014m_E2-3-B-M	-0.06835995780456962	0.0020421134114686585	0.05106209966794681	0.10357085222737092	0.05162683094147626	-0.0637885317519217	-0.044712825958637445	-0.07886180986713286	0.005996030075371742	-0.05563718713079952	0.1198245898748883	-0.03144613255915284	-0.019483057645580257	-0.003310530519360133	-0.05177808367801993	0.035239397916052746	-0.06456686652911119	0.0802683132880337	-0.05842901184973124	-0.06624005549366475	-0.07683538104509076	-0.057791807917340426	0.0568570094820779	-0.057855163549330804	0.000850062113129631	0.07074994909001918	-0.0007312378431894696	-0.017670540950725153	0.060186588460162414	-0.0003461619531318803	0.03208694722108297	-0.02619381182215628	-0.02251371425680903	-0.03638857598971068	-0.00753564566281002	0.008564721208167245	-0.022174138305163096	-0.040491714477295826	0.030915762786728567	0.0503295584620085	0.034706537663036094	0.044558495239489	-0.02724426342772821	-0.019270896106100534	0.01920974780519587	0.026906680374454064	0.02090627386580068	-0.009609205080717964	0.016689403128913795	0.031247526838340842	-0.01530725996093024	-0.005961407035020141	-0.036412961247409725	-0.029976789899737257	0.009278960798630682	0.005600173749452862	-0.025750100935592057	-0.029909495617411755	-0.010585634229051353	0.01770227964752031	0.011507344297405745	0.004415779162573977	0.017718806864873957	-0.017923435563148894	-0.01242346623339625	-0.025543113556400376	-0.0074398242446731076	-0.0009332182088574372	-0.019967783351736768	-0.006475942179185533	0.02908964905294572	0.006879495597694733	-6.427114830352663e-05	-0.009996044258340595	-0.020515380577742246	-0.0016959616313082834	-0.02032967278937482	-0.01724125476142705	-0.002008458528937283	0.008260206792071748	-0.020215993462852175	0.0009667703397776134	0.007909215393577817	-0.00017345934776246975	0.011473800970945932	0.0018619295441453887	-0.0061532544201926415	0.0038373667822261216	-0.0017164639717142743	0.005734459109594752	0.003163556840433984	0.002604584560933294	-0.009965155311179186	-0.013744246877646011	0.00367095016762051	-0.0038690018178018197	0.00017505056838951872	-0.002642909570531103	0.008345155384982485	-0.004330782607309706	0.0010713211265915602	-0.002877599100858349	0.0012814126885847662	0.0006979624058664092	-0.000294808328041689	0.0015192323079380027	-0.0026054090626429207	-0.00035532499040313327	-0.0	0.0	0.0	0.0	0.0	0.0	0.0	0.0	0.0	0.0	0.0	0.0	0.0	0.0	0.0	0.0	0.0	0.0	0.0	0.0	0.0	0.0	0.0	0.0	0.0	0.0	0.0	0.0	0.0	0.0	0.0	0.0	0.0	0.0	0.0	0.0	0.0	0.0	0.0	0.0	0.0	0.0	0.0	0.0	0.0	0.0	0.0	0.0	0.0	0.0	0.0	0.0	0.0	0.0	0.0	0.0	0.0	0.0	0.0	0.0	0.0	0.0	0.0	0.0	0.0	0.0	0.0	0.0	0.0	0.0	0.0	0.0	0.0	0.0	0.0	0.0	0.0	0.0	0.0	0.0	0.0	0.0	0.0	0.0	0.0	0.0	0.0	0.0	0.0	0.0	0.0	0.0	0.0	0.0	0.0	0.0	0.0	0.0	0.0	0.0	0.0	0.0	0.0	0.0	0.0	0.0
S2014m_E2-3-C-M	-0.018012044295796732	0.045393514142451824	-0.05190932902423266	0.11840541006457449	0.10874101315332987	-0.0390094727034251	-0.04232331496756768	-0.09344555351417119	0.08136975681011174	-0.05531635817676095	0.10044227437638668	-0.029116146254217445	-0.10071871845701186	-0.011713440725737963	0.020133815740411683	-0.008055573322515082	0.0550326045566505	0.031977549635723024	0.0011768920964962582	0.0015399569518617833	-0.0177669388679726	0.04609281172323078	-0.009069211079869738	-0.008857691594822274	-0.010159304832535318	0.037821662194693594	0.01401244642670198	0.03560600809306139	-0.002482432180198871	0.009777842459516265	0.037781628039293504	-0.024321059745859155	0.02287749211110812	-0.03139408328564054	-0.058599400626873646	0.01349277679657588	0.04432452955308759	-0.01633935520433255	0.034400857295453946	0.022957282312635996	0.0680451134535463	0.015755586813783473	-0.05073779774607738	-0.04345228511830505	-0.0015120927339910275	-0.02519301465883287	-0.01044259261349196	-0.013921739314190171	-0.0054636401960745625	0.02745049555745354	-0.019645643329444712	-0.00677597789007536	-0.03467217876614417	-0.06841791250306557	0.01277799234525225	-0.026872422627878326	-0.010571629620239439	-0.011062782116009622	-0.003981603222984216	-0.003511487836481274	0.01362353947111188	-0.005781376388389665	-0.007238016934577598	0.012773224169923688	0.03576248919095768	-0.030640815999815513	0.0036656650486800476	0.0015903458881253974	-0.0285935254345292	0.004330732827080938	-0.019632022063608444	0.016499191662373083	0.0012225578360308541	0.008049266892786362	-0.016434902420698262	-0.0075281068674387915	-0.0069352511886034305	-0.009744723332420066	-0.032649847529170564	-0.0037698045925771864	-0.018304729299314634	-0.0011607848232279491	-0.0035885189964164695	-0.004792302178491146	-0.0001668769794227694	0.018355994241344584	-0.005819680085922635	0.004202264662147232	0.013265328830565783	-0.004745065851902064	0.0028635193442854982	-0.005200676926315534	-0.007136072803445133	-0.013226252648568226	0.002019918617142205	0.0025021142260666547	-0.003028819747083528	0.007492697260523228	-0.011357378068609963	-0.005516255405636979	-0.00046793242020624665	-0.0016092380108851518	0.0008060235606502501	-0.0044296969759330795	0.002673549869652158	-0.0011505970456018861	-0.0019975047798470942	1.0796413227881656e-05	-0.0	0.0	0.0	0.0	0.0	0.0	0.0	0.0	0.0	0.0	0.0	0.0	0.0	0.0	0.0	0.0	0.0	0.0	0.0	0.0	0.0	0.0	0.0	0.0	0.0	0.0	0.0	0.0	0.0	0.0	0.0	0.0	0.0	0.0	0.0	0.0	0.0	0.0	0.0	0.0	0.0	0.0	0.0	0.0	0.0	0.0	0.0	0.0	0.0	0.0	0.0	0.0	0.0	0.0	0.0	0.0	0.0	0.0	0.0	0.0	0.0	0.0	0.0	0.0	0.0	0.0	0.0	0.0	0.0	0.0	0.0	0.0	0.0	0.0	0.0	0.0	0.0	0.0	0.0	0.0	0.0	0.0	0.0	0.0	0.0	0.0	0.0	0.0	0.0	0.0	0.0	0.0	0.0	0.0	0.0	0.0	0.0	0.0	0.0	0.0	0.0	0.0	0.0	0.0	0.0	0.0
S2014m_E5-1-A-F	0.07429628775984297	0.02262324820247714	0.03822782213464918	-0.08168588170844314	0.011132357284908561	-0.10788141781632403	0.036831322164074747	0.005431110815019975	-0.01763357455818858	-0.029491897223629018	0.03605811131558244	0.1516284129541694	0.0775442847150108	0.05711124688457214	-0.0018094976030288293	-0.015416528858782036	-0.08588909985166267	-0.06298969906143666	0.03261807216435908	-0.031030370648504616	-0.0019167284309551875	0.013119699245315078	0.06647212144341388	0.03276216934858312	-0.030100699480514085	0.03812319943550299	0.04666272168881468	0.037862522818026864	-0.027817272983815325	0.04896680658967145	-0.026158920671930364	-0.024015812744855442	-0.016272338770005397	-0.03967136846434997	0.023111210086225128	0.011650109640717029	0.030647708095461735	-0.014237745517498809	0.057923456233194094	0.024843721313412646	0.054372317505199864	-0.05024707508738738	0.02566443655883249	-0.021777766525087495	-0.003506330663950567	0.015111625073687351	0.023816166217545186	0.0534360052241067	0.01737430449289235	-0.024776060839408368	0.026039169215763484	-0.03530301308466887	0.013203706810216554	0.0012254589168401834	0.0077386501577157655	-0.0027006294425934592	0.022985641756921	-0.016582193022510367	0.011219292339211066	-0.024595848466609015	0.02110352469372061	0.004120859760228465	-0.000377185072293594	0.014513515322745396	0.023290833082788853	0.015847168346251477	-0.0014264776432935794	-0.014621179518030498	-0.0020560227650229888	0.004010041515360931	0.002861198100737723	0.014678619161604891	0.01991376474104877	-0.01243123897681932	0.012034092559135552	-0.01616182165638	-0.016890796310906644	0.0025819391309867224	-0.010198706275087854	0.00477163701818733	-0.021108951031178703	-0.00403954444481956	-0.0011577374993280282	0.0282100669562709	0.007704093896575426	-0.0022206953387669055	-0.015872079249768994	0.007088759508467817	0.015578372057127124	-0.001492799758253304	0.00697814712035566	-0.004525434235221736	0.004694512945460358	0.013907011728377657	0.009252725717466213	-0.009453264427188404	-0.005497928689620873	0.00570221206845878	-0.01032585864504586	-0.0033633075496302387	0.00508578646464167	-0.0031810154476712917	-0.002382012936213896	-0.00047917444530855307	-0.005291272584598343	-0.0005837777091716496	0.0038949803099816186	-0.0019653441254219627	-0.0	0.0	0.0	0.0	0.0	0.0	0.0	0.0	0.0	0.0	0.0	0.0	0.0	0.0	0.0	0.0	0.0	0.0	0.0	0.0	0.0	0.0	0.0	0.0	0.0	0.0	0.0	0.0	0.0	0.0	0.0	0.0	0.0	0.0	0.0	0.0	0.0	0.0	0.0	0.0	0.0	0.0	0.0	0.0	0.0	0.0	0.0	0.0	0.0	0.0	0.0	0.0	0.0	0.0	0.0	0.0	0.0	0.0	0.0	0.0	0.0	0.0	0.0	0.0	0.0	0.0	0.0	0.0	0.0	0.0	0.0	0.0	0.0	0.0	0.0	0.0	0.0	0.0	0.0	0.0	0.0	0.0	0.0	0.0	0.0	0.0	0.0	0.0	0.0	0.0	0.0	0.0	0.0	0.0	0.0	0.0	0.0	0.0	0.0	0.0	0.0	0.0	0.0	0.0	0.0	0.0
S2014M_E5-1-A-M	-0.16239182553493312	0.02692705229192959	0.040995607426713036	-0.1290980138140746	0.06917972364608503	-0.09940063810332607	-0.07738876712540531	0.0962791595243136	0.031518518636041895	-0.03198771684730234	-0.07925114880168867	0.0530535976417506	0.03277971142756878	0.040572663188591006	0.03320551891124357	0.031002281711604737	0.019257657812446823	-0.045151638506984934	-0.004105391862822894	-0.015164150777040648	-0.005521731531083471	0.0025774644026495064	0.004140080322584446	0.020727117848764486	-0.031226401389971983	-0.009137903443418987	-0.01244326240426931	0.004972639487202191	-0.02300001584935494	0.02851878890368967	-0.006752747094246834	-0.013264161198517555	-0.002612635771504613	-0.010951091436059891	0.00453954786984633	0.00917577733235145	-0.020099785306934605	0.02967365579123679	-0.02271547051911796	0.03716521396646869	-0.0031795281298220533	0.00849374272987414	-0.009677853525026758	0.01612586183590567	-0.0019987727309231517	-0.025914445032575124	-0.004448594914041377	0.001588504171840107	-0.006908206275859491	-0.0035734743679620494	-0.006689150761116617	-0.00673202754671971	0.02092804663896332	-0.005695106394513806	0.007334656612370907	0.0026136367114021064	0.0022594097152538522	-0.005326651211452526	0.0200903497493357	-0.001328513909798694	-0.022949168226996	0.014423174515343157	-0.009318608731823632	0.009377890378207753	-0.0143067691829067	-0.02225276941684711	-0.0014872586791567267	0.021736265489787767	-0.011823243054990218	0.010205935014087515	0.009580633848993395	0.013934191445222626	-0.003619364719912859	0.004118382845459283	-0.013887871077645579	0.012249055483604563	0.021077531506521273	0.0017813814992883807	-0.00015386524210776815	0.010362769103632381	-0.0165517362165304	-0.0020896266453048758	0.015919313731712702	-0.009714383780589433	-0.005456381155148218	0.0003044165131797378	0.006153932807749873	0.007185715515150164	-0.0073940474891895855	-0.011244760716993943	-0.008327112699996597	0.0009958966497650467	0.011201591549006648	0.0038028966380663875	0.0002261270297872348	0.0015940060475361176	-0.012142258281515843	0.007067523836261496	-0.007147695804993904	-0.0014285286018027549	-0.004373289120365416	-0.004455771021252269	-0.005550835001961244	-0.003221167973070938	0.0012935270224226471	-0.0018712363553141053	-0.001612203340897033	-0.0037924604095935757	-0.0	0.0	0.0	0.0	0.0	0.0	0.0	0.0	0.0	0.0	0.0	0.0	0.0	0.0	0.0	0.0	0.0	0.0	0.0	0.0	0.0	0.0	0.0	0.0	0.0	0.0	0.0	0.0	0.0	0.0	0.0	0.0	0.0	0.0	0.0	0.0	0.0	0.0	0.0	0.0	0.0	0.0	0.0	0.0	0.0	0.0	0.0	0.0	0.0	0.0	0.0	0.0	0.0	0.0	0.0	0.0	0.0	0.0	0.0	0.0	0.0	0.0	0.0	0.0	0.0	0.0	0.0	0.0	0.0	0.0	0.0	0.0	0.0	0.0	0.0	0.0	0.0	0.0	0.0	0.0	0.0	0.0	0.0	0.0	0.0	0.0	0.0	0.0	0.0	0.0	0.0	0.0	0.0	0.0	0.0	0.0	0.0	0.0	0.0	0.0	0.0	0.0	0.0	0.0	0.0	0.0
S2014m_E5-1-B-F	-0.1009845621366788	0.01573498891098864	0.059068925851827304	-0.13244030620362576	0.07169426359854607	-0.12187831648582775	-0.0681075750619549	0.09343693328624844	0.027383666697111553	0.0092087795065901	-0.04176242719574954	0.09402220020602199	-0.04028585290710106	-0.008797290554271432	0.030404218467081096	-0.008919177148299554	-0.049647663761651764	-0.05447498045420073	0.013683182890420217	-0.0004726270112998091	-0.05899293784012872	-0.021835639150835202	-0.006590430255885301	-0.010270899982368102	-0.025801912641226298	0.007649484348560858	-0.01629410940145861	-0.021986679776197414	0.0014323774186950841	-0.012895210811666601	-0.0312661185422627	0.03266340680027702	-0.006840217873127561	0.026068356388359602	0.001120245854063425	-0.010234553077971558	0.00875896323291856	-0.013846167766318354	0.005325977480514958	0.028060889712355225	0.010803966576982928	0.006591280304559535	-0.0009025164777704536	0.0006859582958427835	0.014096544151958443	0.005814923628007059	-0.01630424944756095	-0.0012433750573178628	-0.005629854542739434	-0.007744983782424107	0.025303340421178325	0.020540455021683866	0.01224270605457434	-0.0027403150244388564	-0.01299319412746682	-0.022485286369356507	0.0026500947572307507	0.004305035031340681	7.993209200709464e-05	-0.00705329185507531	-0.011846920458782691	0.011257252716250117	-0.008097157880505235	-0.004087930149252114	0.004772248546963219	0.0008185387943172988	0.019232943975311514	0.023478489786879515	-0.001170988638719633	0.0017523947700312343	0.007409426216533493	0.00038086930452731297	-0.006816972717059879	-0.01171025722344299	0.0040320512408168864	0.0010548547026467603	0.023768640457092573	-0.0004369435424589278	0.01373935291621275	-0.014556890841054914	-0.0034629578633561843	0.00860612491067722	0.016225094666011054	0.001495418821162344	-0.010014000344588039	0.0032675303565248117	0.00399268991779821	-0.0068310227201811655	0.0025425069739549765	0.0017132197988790393	0.0073572201355491685	0.004750172499345774	0.005557567347857857	0.004244981165380644	-0.0032340806546323157	0.00032711718127620865	0.00041637069630077734	-0.008480673575608368	0.016184353727803465	-0.0007717248422573944	-0.008213853389283453	-0.008492572096913559	-0.004855142916950253	0.0050363313409923175	0.0018719684542933789	-0.007128198982882572	-0.0006059263027673678	-0.000794307122528568	-0.0	0.0	0.0	0.0	0.0	0.0	0.0	0.0	0.0	0.0	0.0	0.0	0.0	0.0	0.0	0.0	0.0	0.0	0.0	0.0	0.0	0.0	0.0	0.0	0.0	0.0	0.0	0.0	0.0	0.0	0.0	0.0	0.0	0.0	0.0	0.0	0.0	0.0	0.0	0.0	0.0	0.0	0.0	0.0	0.0	0.0	0.0	0.0	0.0	0.0	0.0	0.0	0.0	0.0	0.0	0.0	0.0	0.0	0.0	0.0	0.0	0.0	0.0	0.0	0.0	0.0	0.0	0.0	0.0	0.0	0.0	0.0	0.0	0.0	0.0	0.0	0.0	0.0	0.0	0.0	0.0	0.0	0.0	0.0	0.0	0.0	0.0	0.0	0.0	0.0	0.0	0.0	0.0	0.0	0.0	0.0	0.0	0.0	0.0	0.0	0.0	0.0	0.0	0.0	0.0	0.0
S2014M_E5-1-B-M	-0.12661519294745094	0.027730664563200356	0.02724623460203236	-0.1309608568910049	0.12337660852218293	-0.1062745022451921	-0.0726276858335836	0.09066234155422406	0.047053760440827236	-0.042719272172870554	-0.04728633836612722	0.061323211073485456	-0.0008558372412991804	0.029386979774989667	-0.0042622379975114704	0.010829369943448958	0.011486831730092316	-0.045596426105659164	0.0012001402587314492	-0.01908774122061375	-0.011966675408977188	0.0008130001096982333	0.015810579548857295	-0.001083368614235447	0.01197223339134539	-0.03936106382139745	0.0027476492185898324	-0.005398063477661708	0.009357932634173734	0.0316954094206283	-0.008834732625592121	-0.016213213810722642	0.02904314328111317	0.009306765495402847	-0.02559183016042109	-0.001979793778283298	-0.02174889798972346	0.0026154746064648853	0.005372685744909379	-0.005390730724182557	0.011899719231608503	0.009487836648366242	-0.00845266799198187	0.0021155123425401073	0.019922828618925314	-0.012639428681934477	-0.006465284965187187	-0.009046633436560559	-0.008206512406752632	-0.01471794574317288	0.02146440276937932	-0.011737244661793635	0.009722932039458253	0.0013024646991116613	0.009164803177756019	-0.008662523992171503	0.0009347841461946561	-0.003306150465438186	0.016877702045936704	-0.015633868795661157	-0.023875858998407957	-0.009587000562652237	-0.009300715533170181	0.0017950101617575775	0.001728714813098765	0.009576856310401454	-0.010778436293838234	0.005594739671045826	0.011052647272127398	0.0056668389517514645	0.008301664452532016	0.005667487612087236	-0.0033536768887308076	0.0028266820458400384	-0.00373803922433939	0.0028806355591256263	-0.012420135861621866	0.008344657900329762	0.017981181176736374	0.005176152887750324	0.00046776957376911115	-0.007682636788069374	-0.0013633429911937055	-0.005165883100666718	0.001373525020110502	0.007388708989261009	0.005125580793668772	-0.009112289281382888	0.000705970523820974	0.015201406581749866	-0.008905793256381172	0.0007903584494602431	0.0035551005254119725	-0.006915999707421262	0.016279772041503975	-0.005001652294705808	0.001530517498405158	0.013722028610474824	0.010878226461076052	-0.0029956702475601974	-0.005940369871655786	-0.006347343286283888	-0.00141831274229833	-0.0121407888041863	0.002305993681905271	-0.0005835971405629495	-2.729862981552155e-05	0.0009518819114348436	-0.0	0.0	0.0	0.0	0.0	0.0	0.0	0.0	0.0	0.0	0.0	0.0	0.0	0.0	0.0	0.0	0.0	0.0	0.0	0.0	0.0	0.0	0.0	0.0	0.0	0.0	0.0	0.0	0.0	0.0	0.0	0.0	0.0	0.0	0.0	0.0	0.0	0.0	0.0	0.0	0.0	0.0	0.0	0.0	0.0	0.0	0.0	0.0	0.0	0.0	0.0	0.0	0.0	0.0	0.0	0.0	0.0	0.0	0.0	0.0	0.0	0.0	0.0	0.0	0.0	0.0	0.0	0.0	0.0	0.0	0.0	0.0	0.0	0.0	0.0	0.0	0.0	0.0	0.0	0.0	0.0	0.0	0.0	0.0	0.0	0.0	0.0	0.0	0.0	0.0	0.0	0.0	0.0	0.0	0.0	0.0	0.0	0.0	0.0	0.0	0.0	0.0	0.0	0.0	0.0	0.0
S2014m_E5-1-C-F	-0.09835765136876587	0.00906148820614714	0.04818502821088837	-0.115458006309102	0.03267135184007164	-0.13712783277303506	-0.043919074301714926	0.14946309587010065	0.03531830030488213	0.02540899214846973	-0.00875531027386988	0.016715338612879074	-0.02962051345712326	-0.000922729382930179	0.023349270312519353	-0.045444409512767674	-0.061495888569112006	-0.0468462166119074	0.034497706969692093	0.020934817654309	-0.05324646853778608	-0.013473641056032375	0.0246656731136399	0.01967049507712085	-0.007246282530584528	-0.020999677155102356	-0.0053159164851188144	-0.020016812269155335	0.0034335198813572336	-0.0053324486765127235	-0.02944028905160224	0.042280410065041525	-0.010166429332611197	0.021454895173538286	-0.0054487236914579585	-0.039425160861440774	-0.00131074042884656	-0.017936733045124675	0.006917219676564386	0.01741648629952406	0.012190502601964567	0.007498081010129284	-0.0028696569857970568	-0.01995935705309503	-0.012233904611530042	-0.0051069402353276765	0.003692865247245414	0.0035397535649640786	-0.01722421118993439	-0.008311119739365547	0.01960509318458445	0.013896771979710922	0.027925699903230652	0.023718068447861226	-0.014768901641214142	-0.011262209612506442	-0.013878363763171489	-0.012569190564591208	0.000507771747220175	0.00375558921293257	0.00501116837451933	-0.0048349187943491755	-0.008513921956967487	-0.009939215867956949	0.001453276511378028	-0.02164192758186828	0.012681794578394858	0.014769035122420395	0.010922475949584528	-0.00893734048520164	0.005685863496361737	-0.01245473403573783	-0.0004893630510718087	-0.008518690583436836	0.0017094396946561203	-0.018534244180526727	-0.0006810353411307794	0.00249199581508491	-0.0015098292701516906	-0.0014906989487794254	0.014161074369146582	0.012257604770680563	-0.02486727688268337	-0.008678263981735124	0.01722183337920119	0.01676193315344402	-0.01056888155164013	0.002344476140242738	-0.020175325006242386	-0.0024866864042635546	-0.011182583293048163	0.004602086192151338	-0.005848415958585707	-0.000492855425383733	0.001713737196778309	-0.0013756167132082673	-0.00640989246464049	0.01582519144521788	-0.0222729588524764	0.004616024219160203	0.009040842674973567	0.001088091085905504	-0.0003916579063655335	0.0006418909956516129	-0.0041394209191968475	0.006780332121125263	0.000563209060973756	0.001265652061241074	-0.0	0.0	0.0	0.0	0.0	0.0	0.0	0.0	0.0	0.0	0.0	0.0	0.0	0.0	0.0	0.0	0.0	0.0	0.0	0.0	0.0	0.0	0.0	0.0	0.0	0.0	0.0	0.0	0.0	0.0	0.0	0.0	0.0	0.0	0.0	0.0	0.0	0.0	0.0	0.0	0.0	0.0	0.0	0.0	0.0	0.0	0.0	0.0	0.0	0.0	0.0	0.0	0.0	0.0	0.0	0.0	0.0	0.0	0.0	0.0	0.0	0.0	0.0	0.0	0.0	0.0	0.0	0.0	0.0	0.0	0.0	0.0	0.0	0.0	0.0	0.0	0.0	0.0	0.0	0.0	0.0	0.0	0.0	0.0	0.0	0.0	0.0	0.0	0.0	0.0	0.0	0.0	0.0	0.0	0.0	0.0	0.0	0.0	0.0	0.0	0.0	0.0	0.0	0.0	0.0	0.0
S2014M_E5-1-C-M	-0.13504399165748085	0.028331164123828342	0.033351815068736135	-0.12635210975148622	0.09815388091201668	-0.11420915212210413	-0.07147427765154933	0.08648010796376335	0.04957369655628553	-0.04857285156108601	-0.05358208708496359	0.058399925105397855	0.007437926084823315	0.03146528409211148	0.00860023318750364	0.019023912169623885	0.010708873281733951	-0.04889091983021297	0.0037288272735214183	-0.014032098734696073	-0.023316747381715932	0.0022563386455422075	0.013355914310943202	-0.004309398792235724	-0.0026804397962364172	-0.040594552960499505	0.0011909681688039224	-0.000814707486482058	0.0010104457182365364	0.017231822094568743	-0.011036734558909203	-0.012370886772951761	0.013243969948991147	-0.0017817624074109267	-0.0041492822858230855	-0.0036800660082837496	0.0035503489714852955	-0.00427335051429358	0.016415669489261802	0.004949056402499932	-0.0012515984221721007	0.006488402281251154	0.023746933055990155	0.008582417749506554	0.00256028978342479	0.005525337105814262	0.022270768141028907	-0.01897554982099424	0.021578254799654226	-0.013910900760580965	0.01160313060420235	-0.0007374652091142194	0.010591492627446275	-0.012070702957573485	0.007590075294185364	0.010596308185578085	0.004297594196396669	-0.0020845754982996433	0.00939100785952729	-0.009255937153259442	0.007627379417073833	-0.005984076414351797	-0.0014948682210689634	0.00014018297265894442	-0.01592771163159075	-0.003764052354403833	0.024851179371516142	0.01771965374007435	-0.012365183033039562	-0.008375250492319523	0.007854348867771574	-0.010734861471158832	-0.0008729451309134215	0.0058199865136693285	-0.00452160517569775	-0.010138907535847489	0.0005203989933279478	-0.004295640992633408	0.01556751422745757	0.004427365574230242	-0.007355200074062824	0.0017727745830753117	0.0021855611863763258	0.012812454678751058	-0.00324751868916739	-0.0019207399854918802	0.006401510016548299	-7.90678700251377e-05	0.018032314005965732	-0.013567854773201068	-0.006250021575728187	-0.0008595157315206776	-0.0034626842507203895	-0.00010520323468426507	-0.006933094673188991	-0.0014454673147640856	0.00964997672323914	-0.00746927773635644	-0.0052376126386343	-0.0013483481256075034	0.00978824354554164	0.0009689647918644242	0.0016642926117223554	0.008814180076950407	0.0021721420826557704	0.003417024444713015	0.002308262349223763	0.002028439114643847	-0.0	0.0	0.0	0.0	0.0	0.0	0.0	0.0	0.0	0.0	0.0	0.0	0.0	0.0	0.0	0.0	0.0	0.0	0.0	0.0	0.0	0.0	0.0	0.0	0.0	0.0	0.0	0.0	0.0	0.0	0.0	0.0	0.0	0.0	0.0	0.0	0.0	0.0	0.0	0.0	0.0	0.0	0.0	0.0	0.0	0.0	0.0	0.0	0.0	0.0	0.0	0.0	0.0	0.0	0.0	0.0	0.0	0.0	0.0	0.0	0.0	0.0	0.0	0.0	0.0	0.0	0.0	0.0	0.0	0.0	0.0	0.0	0.0	0.0	0.0	0.0	0.0	0.0	0.0	0.0	0.0	0.0	0.0	0.0	0.0	0.0	0.0	0.0	0.0	0.0	0.0	0.0	0.0	0.0	0.0	0.0	0.0	0.0	0.0	0.0	0.0	0.0	0.0	0.0	0.0	0.0
S2014m_E5-2-A-M	-0.14980355544971602	-0.015213675569383812	0.08209570974756973	-0.08589044223916079	0.08096085126366638	-0.07597590070023563	0.011190073456406753	0.015022078199644417	0.04718066005954833	0.13624888647577507	0.03556256992085073	-0.06047490792793643	-0.055989731946667544	-0.03913941344750198	-0.013534696579624226	-0.05998185568672967	-0.002285575061026916	-0.00017567565759855436	0.07154574711882128	-0.009605590067800472	0.033045342493750775	0.07101454137079395	-0.016943459857808655	0.018814487000158225	0.00635472485434907	0.004144917135598103	-0.010578957377539016	-0.017024393407081916	0.004957832026996899	-0.00596718369635736	0.0082488621186926	-0.028472199948633245	-0.002858127053564502	-0.010891865327555617	0.02086054326270899	-0.0004026120974011168	-0.014266046176441756	0.00834858724165278	0.030597842411387934	-0.018690886084990588	-0.009962785704313172	0.009321670826929238	0.016893338163994562	0.0006350977881980763	0.004268808969779755	0.008197380539989366	-0.011809771926728486	0.01513195720911758	0.020002919539301296	-0.007730784239336641	-0.017385962657624324	0.011294517991436426	0.013413809824083765	0.0011905486890732336	-0.000618011632886374	0.018831063127488886	0.01917263367579193	-0.02089316937079442	-0.002426690421544577	0.001171552674572909	-0.017007861899753268	0.002553229203291936	0.026600655905835647	-0.0068699025877424925	0.013757353807007235	-0.0074568403102378816	0.0007826190119743971	0.001338860206370403	0.020147338133769975	-0.0017829105095205895	-0.005785627933316213	0.006468135544406094	0.00782405379947652	0.0013812564000754222	0.006814339944136989	0.014572187499320436	-0.0028396167493763024	-0.009180827857054699	-0.0037146240638442018	-0.009548284726147601	0.004576621969926279	0.00017504260759063786	0.00022244358714852708	-0.0020532580617343087	0.006256887370092201	-0.0021434867763161043	-0.006394658046339245	0.0015216489771438674	0.0064659743169739265	-0.005511702636810549	0.008907233006786908	-0.012663635265613139	0.007377808248874613	0.0007231666120844874	-0.0012707124812557544	0.009508239406105309	0.004202342097471895	-0.004385515795823409	0.011014895797598076	0.0005198862128424421	-0.011584397555638714	0.005817949033802743	0.0013753859891612165	-0.0019686493895491094	0.0016062346486050254	-0.0021690521073790482	0.0012954842257361465	0.0005372666671299697	-0.0	0.0	0.0	0.0	0.0	0.0	0.0	0.0	0.0	0.0	0.0	0.0	0.0	0.0	0.0	0.0	0.0	0.0	0.0	0.0	0.0	0.0	0.0	0.0	0.0	0.0	0.0	0.0	0.0	0.0	0.0	0.0	0.0	0.0	0.0	0.0	0.0	0.0	0.0	0.0	0.0	0.0	0.0	0.0	0.0	0.0	0.0	0.0	0.0	0.0	0.0	0.0	0.0	0.0	0.0	0.0	0.0	0.0	0.0	0.0	0.0	0.0	0.0	0.0	0.0	0.0	0.0	0.0	0.0	0.0	0.0	0.0	0.0	0.0	0.0	0.0	0.0	0.0	0.0	0.0	0.0	0.0	0.0	0.0	0.0	0.0	0.0	0.0	0.0	0.0	0.0	0.0	0.0	0.0	0.0	0.0	0.0	0.0	0.0	0.0	0.0	0.0	0.0	0.0	0.0	0.0
S2014m_E5-2-B-M	-0.10050250672499478	-0.011615133707898528	0.046324451377188755	-0.05742084138406005	0.08004666060389022	-0.12841416774414427	0.0031837106119158524	0.08867544837204842	0.05600237899149326	-0.012110122225043757	0.03647803784156815	-0.014868851735818953	-0.02937922606082008	-0.026877519380590575	-0.017314313853255187	-0.024777869297105157	-0.026750762642049307	0.044330208514386786	0.03064609707697465	0.009650688808927414	0.06730448920637404	0.06939615810397949	0.04529291438585346	-0.002860412155912873	0.04523047708974744	0.02878552936690058	0.01702199155859583	0.0780821416160398	-0.00667880172157434	0.03400221476360003	-0.021493549274922787	-0.02007310925875947	-0.0010274842585968583	-0.0519811645511461	-0.006472670967678682	-0.037311764827201076	-0.033299799857426086	0.03197653960703326	0.004420773258248468	0.020801397949158678	0.05337034965632648	0.003327768207363908	0.035123770579625846	0.015087993945372127	-0.007064589841910517	-0.04520229593627906	0.009141963415013115	0.02277191954505445	-0.012741658547480236	-0.023153148518142253	-0.022047053689784525	-0.005078841841935774	0.034110238481565386	-0.013164711133047183	-0.008169428006254047	0.00694631933679387	-0.005540606079045859	-0.04993555388194471	0.0023807012193539407	-0.008239166871954477	-0.028910381789437493	-0.01872818589727458	-0.0005225448267970411	-0.023526978253863795	-0.01247354679249795	-0.0076801427685770215	-0.02829470201622534	0.0006431449275509288	0.0230181987868596	-0.010983542919429904	-0.018502863172315004	-0.01124434894327159	-0.03071253396606936	0.01104212831698805	-0.0037842328865161806	-0.013051063973700832	0.00979996408320262	-0.0021903807981799297	0.003934451861198278	0.008624538262473811	-0.0007467536544093872	0.013101261945167905	0.012137388324787236	-0.01685708554749158	-0.012892038350919503	0.002441959877911229	0.02485033668831713	-0.0040032901120173854	0.021614562527706355	-0.005785928786132823	-0.0043487822102916416	-0.005674584884235164	-0.006586893207882787	0.01818416246817798	-0.010410600837450084	-0.0034224527398938375	0.00246168635584425	-0.008535209749629721	-0.006375272144890835	0.0012095476075942905	-0.005863576228937853	-0.004994944341152569	0.010822154267760294	-0.00021586634884199508	0.006220780691542778	-0.0015123876673641592	-0.002930479298543068	-0.0011713069674484436	-0.0	0.0	0.0	0.0	0.0	0.0	0.0	0.0	0.0	0.0	0.0	0.0	0.0	0.0	0.0	0.0	0.0	0.0	0.0	0.0	0.0	0.0	0.0	0.0	0.0	0.0	0.0	0.0	0.0	0.0	0.0	0.0	0.0	0.0	0.0	0.0	0.0	0.0	0.0	0.0	0.0	0.0	0.0	0.0	0.0	0.0	0.0	0.0	0.0	0.0	0.0	0.0	0.0	0.0	0.0	0.0	0.0	0.0	0.0	0.0	0.0	0.0	0.0	0.0	0.0	0.0	0.0	0.0	0.0	0.0	0.0	0.0	0.0	0.0	0.0	0.0	0.0	0.0	0.0	0.0	0.0	0.0	0.0	0.0	0.0	0.0	0.0	0.0	0.0	0.0	0.0	0.0	0.0	0.0	0.0	0.0	0.0	0.0	0.0	0.0	0.0	0.0	0.0	0.0	0.0	0.0
S2014m_E5-3-A-M	0.27238861703937656	-0.11824244135295735	0.18528942939574927	0.03057068725250705	0.020558182867159654	0.06614133352434719	-0.03336029857644377	-0.06574350170035945	-0.050452270227735796	-0.016406936553990916	0.08303979436004075	-0.008171372588362666	0.047117206408057416	0.08935578932457225	-0.048263893117219424	-0.10360805721491395	-0.05864559719569007	-0.04285083080809463	-0.07036691148189235	0.1257962408533672	0.05306388159637354	-0.002920390314546552	0.03621580918559966	-0.02448786118097782	-0.06422089459822916	0.014634617494145661	-0.01481477280971515	-0.005919926728969956	-0.022251344707521097	0.09270993886916402	-0.07886332726058937	0.014172822003958595	-0.0003042434461842101	-0.010639190583493632	0.039919311512090445	-0.007456814155868461	0.02166945708552939	0.02550187250014196	0.07072276380995733	-0.07538938106751317	-0.07470640291759935	0.03589126956395123	0.03674720865771313	-0.01758432461764736	0.014092669235251484	-0.06785633772770047	0.0400832621798647	0.008152001475981344	-0.02605307537136389	0.009895125836351423	-0.012258195821456727	0.028020506279697523	0.019169100537869292	-0.042377781219965674	-0.022085760415316798	0.0059242830149644704	-0.03556715334924921	0.02307690000980537	-0.05053845750796728	-0.014626352728864906	-0.010667539332007606	-0.02192625941097671	0.0042637935343093035	-0.001188958598112264	-0.008812291033139007	-0.022604865333361986	-0.012877186904217953	0.024711597683654683	-0.005644420884877488	-0.04501370289110954	-0.012510479982499023	0.0009515575132792432	0.009973825761281686	0.019855930713623623	-0.01986917479768337	-0.010977369220646115	-0.044771467717738815	-0.0056939674185648315	0.0027718794952812163	0.024558632910923736	0.002527725660333338	0.014698808555439306	0.005733846787555856	0.012081575204518254	-0.004277096219182669	0.017536437493229404	-0.0021342604421444485	0.004438863875075332	-0.011736991250391272	0.00011030021398354159	0.007894941412533303	-0.005691733732789416	-0.0029961712396676375	-0.0038782152960695248	0.003960089250212794	0.009222861078184336	-0.006013530909341347	-0.0005083944447015392	0.0016114362783123722	-0.0037818546521232784	0.00016208881953363235	6.725011387052111e-05	-0.006768037319068272	0.0075768445611181495	-0.00574262679599594	-0.0029013380233692213	0.0026340197789307134	-0.0007342668104446766	-0.0	0.0	0.0	0.0	0.0	0.0	0.0	0.0	0.0	0.0	0.0	0.0	0.0	0.0	0.0	0.0	0.0	0.0	0.0	0.0	0.0	0.0	0.0	0.0	0.0	0.0	0.0	0.0	0.0	0.0	0.0	0.0	0.0	0.0	0.0	0.0	0.0	0.0	0.0	0.0	0.0	0.0	0.0	0.0	0.0	0.0	0.0	0.0	0.0	0.0	0.0	0.0	0.0	0.0	0.0	0.0	0.0	0.0	0.0	0.0	0.0	0.0	0.0	0.0	0.0	0.0	0.0	0.0	0.0	0.0	0.0	0.0	0.0	0.0	0.0	0.0	0.0	0.0	0.0	0.0	0.0	0.0	0.0	0.0	0.0	0.0	0.0	0.0	0.0	0.0	0.0	0.0	0.0	0.0	0.0	0.0	0.0	0.0	0.0	0.0	0.0	0.0	0.0	0.0	0.0	0.0
S2014m_E5-3-B-M	-0.030627550725209177	0.02136227244033831	0.04973675643905904	-0.08897290595041567	0.13131831955018278	-0.10226191460499255	0.044763373752621724	-0.07062803054814536	3.5649174054341174e-06	-0.004064078033734385	0.0011446628965284757	-0.02175236667571594	0.013657909724703468	-0.02803571679368498	-0.026050148677701692	-0.01686575220241766	0.06696159501628554	0.018403207818741777	-0.015781416897039883	0.037638991019701036	0.06871130075342355	0.02389844413748205	0.029617110786223477	-0.03620309941440279	0.0018525264015397487	-0.025035212642576934	0.058738454349594196	0.027281928507039057	0.044711711690213186	-0.03179028021391346	0.05226203997042515	-0.015052219734384885	0.014164641581171452	0.004697539881664092	-0.008773453055852167	0.002226264524960917	-0.010349425931779054	-0.004177277368475373	0.009573657602158402	-0.0009187796923823512	-0.025289144019511472	0.019585965979037785	0.042043451969161226	0.02628909007012573	0.013153298944089526	-0.01526193063303104	0.01190017541903275	-0.00037332045203244897	-0.0007509588240556869	0.010061174207699067	-0.014993835017838915	-0.005383479495373568	0.0028973470588751	-0.022204358938033106	0.030501640379969094	0.0380470427094621	-0.0012999580341058797	0.011130976256984362	0.004096671702604752	-0.019793399022790602	-0.0145781099465562	-7.045496600732082e-05	-0.013244429362286078	0.004325423367683759	0.020826729778395947	0.015312921665069729	0.012086111802916839	0.004987007430451892	0.010568794632582167	-0.007193948355519982	0.0028368880103575695	0.012613689261460077	0.0030529354515033483	-0.020670582888141796	-0.0053346380093844325	-0.010797739923551875	-0.003040672783149561	0.010335937384510413	-0.020898265328814957	-0.018790673461301175	0.011614584987356645	-0.013073482300841589	0.005813587507727141	0.015063325515172853	0.004176651672764755	-0.0049762534549168905	0.005030507317879579	-0.006974985358075799	0.008251407900635404	0.01202203831494886	0.00436275776717307	0.00014110678546152698	-7.326095914037656e-05	0.004652767779274585	-0.0040573164120360885	-6.494784670733981e-05	0.007230479374214401	0.0014718772842312645	0.004793604997889586	-0.005584802629916015	-0.009134647696116743	0.005215925170279858	0.0010788503375028019	0.002401056012441995	-0.004389895829785172	0.006141067550511358	-0.0006797808145608638	0.0016694693923052285	-0.0	0.0	0.0	0.0	0.0	0.0	0.0	0.0	0.0	0.0	0.0	0.0	0.0	0.0	0.0	0.0	0.0	0.0	0.0	0.0	0.0	0.0	0.0	0.0	0.0	0.0	0.0	0.0	0.0	0.0	0.0	0.0	0.0	0.0	0.0	0.0	0.0	0.0	0.0	0.0	0.0	0.0	0.0	0.0	0.0	0.0	0.0	0.0	0.0	0.0	0.0	0.0	0.0	0.0	0.0	0.0	0.0	0.0	0.0	0.0	0.0	0.0	0.0	0.0	0.0	0.0	0.0	0.0	0.0	0.0	0.0	0.0	0.0	0.0	0.0	0.0	0.0	0.0	0.0	0.0	0.0	0.0	0.0	0.0	0.0	0.0	0.0	0.0	0.0	0.0	0.0	0.0	0.0	0.0	0.0	0.0	0.0	0.0	0.0	0.0	0.0	0.0	0.0	0.0	0.0	0.0
S2014m_E5-3-C-M	0.2567175772394647	-0.07678629686410628	0.08813454099068041	0.04421062401477259	0.1220406710787728	-0.07303242764443527	-0.07445253613196291	-0.028005088704875225	-0.09299993052323244	0.01797496033383998	0.015235384268603675	-0.04393488779028945	-0.0382364196992542	-0.057334487156280665	0.038490586657375356	-0.07830066046688126	0.0432077112493835	0.0369838538236664	-0.005931441297259321	0.059509890051214646	0.022097444201930785	-0.0210622337894102	-0.010137942655089702	-0.006387199893398275	0.0550265618401775	-0.045213319023679054	0.02895999255954376	0.047010401823608036	-0.07970209309592842	0.01922834048784518	0.007618219979569139	-0.017795570168959607	-0.031241740396800798	-0.022034894674773296	0.028830258831624465	-0.07265455422750933	0.03520992172958334	0.02535396159483404	0.017320984160529317	-0.02786852755477654	0.03666686723618317	0.026511265402515635	0.0117142995427368	0.036478046557674434	-0.0012598829625848906	-0.0010018038697394997	-0.05725445652478218	0.023305410610187188	0.00900490637466436	0.0031328719907081836	-0.023798504864770646	-0.02603495150994129	0.059836714466607446	0.0008770989987737886	-0.006625140657444733	0.015048420866932788	-0.015039995623684193	-0.010289788899187484	-0.005556209495087763	0.04310971720317593	-0.016830082884244445	0.026368878400116872	0.024345880031916175	0.02219399065647751	0.0017104820858526806	0.01408127322732642	0.02172060712861574	-0.00600293693817155	0.010248653401153223	-0.05252832672392249	0.035096649941088895	0.003207047276323502	-0.019795728461477903	0.007131342231769679	-0.018156989425424538	0.00038430913690943707	-0.01607276254036494	-0.027920639445217735	-0.005454500491914381	-0.0006190489012547261	0.008491731922321024	-0.005045165093818645	0.003730774861630813	-0.017415579297605562	-0.004703544660214819	-0.001960526182893109	0.002781779397427765	-0.014693743963238274	0.020442233224853643	0.014729801574290605	0.004793149230220958	0.006745977017525119	0.008978601439586589	-0.013512863780462446	-0.013800283720943076	-0.001336992906299976	0.010594790416311914	-0.005188436961037028	-0.014787212438705375	-0.00282219178688105	-0.0016995564519065762	0.004303756565304979	-0.003566305732899487	-0.004175906896842879	-0.005475635553182701	-0.0027244957598222177	0.0030401927112530223	-0.00021273917598283042	-0.0	0.0	0.0	0.0	0.0	0.0	0.0	0.0	0.0	0.0	0.0	0.0	0.0	0.0	0.0	0.0	0.0	0.0	0.0	0.0	0.0	0.0	0.0	0.0	0.0	0.0	0.0	0.0	0.0	0.0	0.0	0.0	0.0	0.0	0.0	0.0	0.0	0.0	0.0	0.0	0.0	0.0	0.0	0.0	0.0	0.0	0.0	0.0	0.0	0.0	0.0	0.0	0.0	0.0	0.0	0.0	0.0	0.0	0.0	0.0	0.0	0.0	0.0	0.0	0.0	0.0	0.0	0.0	0.0	0.0	0.0	0.0	0.0	0.0	0.0	0.0	0.0	0.0	0.0	0.0	0.0	0.0	0.0	0.0	0.0	0.0	0.0	0.0	0.0	0.0	0.0	0.0	0.0	0.0	0.0	0.0	0.0	0.0	0.0	0.0	0.0	0.0	0.0	0.0	0.0	0.0
S2014m_E7-1-A-M	-0.15517454428281793	0.005944075087521989	0.07492808008567658	-0.010159728860407544	0.04395052953625451	0.06302812191876858	0.0017185831733350708	-0.03342760696708558	0.0163820932617696	0.0020661763135952364	0.07941655774107709	0.03471255659615013	-0.047788058663582794	0.11099107264226589	0.001811873351734639	0.027255835666211113	-0.023865809523701643	-0.07710520892850631	0.00841561330469433	-0.04329879020658346	0.05229779376802631	0.005398130284426689	0.06695548467465247	-0.08582043123597634	0.004181167357029823	0.018302892706462365	-0.012809270110696236	0.06832752916463361	-0.07941302675860028	-0.061142379524656426	-0.002545136709580338	-0.0027722526467303926	-0.049202263423466265	-0.006584625548502461	-0.03760740768481389	-0.02286377296190823	0.029510245371866327	-0.01574387001454601	0.02107323527159952	-0.0368783737129559	-0.023818357152186623	0.004555904236953822	-0.012923860413344663	0.0005358338092569777	-0.006207540381250678	0.04141484082262522	0.020415682498660447	0.017511989157066823	-0.01937389047113739	0.00616758204950895	0.002212654467981254	-0.05056429420950404	-0.026447138649810572	0.0032868485049961003	-0.03571023869645851	0.0005350522274566363	0.043498386281676404	-0.006822568594946328	0.01757218876061767	0.017432122953570075	0.005748488960391735	0.02094567869863129	0.00196525444179472	0.033394329399970696	0.0019916536031475765	-0.014577085168012543	-0.048396583191382694	0.005565161321681125	0.013406572994278818	0.0032152880786751143	-0.006794343688368718	-0.005279997571062994	-0.0318338614633882	-0.034290898753182864	-0.00908799865108503	-9.278859743411647e-05	-0.015274418793125476	-0.005499757005334527	-0.01200178470427015	-0.019581522997918082	-0.027111813848256547	0.0036789432739396818	-0.006024184013100858	0.006783392513488347	0.00025323806360915606	-0.025833022319503216	-0.011709235507799357	-0.005489634206226299	-0.006433987640106767	-0.0056624788331223145	0.009879771194930855	0.00872292093786212	0.012439312855263252	-2.689013069567558e-05	0.012879214218017035	-0.006614781012288232	0.008186060378411254	-0.005397767330358732	-0.015072938653336598	0.010709026949542073	-0.006617797886515216	0.002359474796451591	0.001282893767299397	0.002261097027539406	-0.0036566030938738887	0.00469007517260338	0.004459754300197652	-0.0009162092188008415	-0.0	0.0	0.0	0.0	0.0	0.0	0.0	0.0	0.0	0.0	0.0	0.0	0.0	0.0	0.0	0.0	0.0	0.0	0.0	0.0	0.0	0.0	0.0	0.0	0.0	0.0	0.0	0.0	0.0	0.0	0.0	0.0	0.0	0.0	0.0	0.0	0.0	0.0	0.0	0.0	0.0	0.0	0.0	0.0	0.0	0.0	0.0	0.0	0.0	0.0	0.0	0.0	0.0	0.0	0.0	0.0	0.0	0.0	0.0	0.0	0.0	0.0	0.0	0.0	0.0	0.0	0.0	0.0	0.0	0.0	0.0	0.0	0.0	0.0	0.0	0.0	0.0	0.0	0.0	0.0	0.0	0.0	0.0	0.0	0.0	0.0	0.0	0.0	0.0	0.0	0.0	0.0	0.0	0.0	0.0	0.0	0.0	0.0	0.0	0.0	0.0	0.0	0.0	0.0	0.0	0.0
S2014m_E7-1-B-F	0.012729814767671082	-0.03351659007882727	0.05825902083112037	0.003180665921828836	0.034028742897843356	-0.004305685247518033	-0.066901700767877	0.05994439478935086	-0.06433231548527925	-0.0893252929018456	0.032610483617524055	0.14275263106514274	-0.06429376534175309	0.05525377727883483	0.0785888418420612	-0.13225395080584446	0.07710643974315881	0.0605851124601232	-0.0011894893265926361	0.03388669612519812	-0.020954622629431492	-0.08739082005978387	0.06428689860009439	-0.0107477178038954	0.019052548859897267	-0.024330864652228217	-0.0008069443263932944	-0.07112468415672693	-0.028825754769014913	0.02888946843843407	-0.04139981342067226	0.008390340317294962	-0.012431522841592572	-0.029197283175351425	0.03164967809631029	-0.005667635307619301	-0.011257182996449002	0.047490527128640075	-0.04699763009009853	-0.026290765006378964	0.026435306972787235	-0.03178025963912963	0.01710943498441936	0.009768083667200212	-0.020475648316578436	0.012462048165048787	-0.01865330937265812	-0.010008235972494232	0.02916557295267482	-0.00960278601285655	-0.03827242839646114	0.01110101929376842	0.03774711077621603	0.0008638032367177454	-0.0283340878216443	-0.009059725913698663	-0.014146817523134151	-0.01915751126862131	0.03775430538740889	0.010733001121295972	0.03062223063965605	-0.027849625502852474	0.007084325047443058	-0.0017613234943290946	0.0016388194681893134	-0.0044220151939663895	-0.002557102778560782	-0.01095762729849775	0.010855931451514115	-0.01326804560381963	-0.01447184360103254	0.0029580643183601393	0.010146715324286296	0.0056214451503854195	0.005992872847769821	-0.0034977894460249486	0.018488818474789642	-0.0006510686013801976	-0.012271491034511715	0.008661041506262743	-0.0075964966712739794	-0.009614899975525094	-0.00013742322502441126	0.003423039602290865	-0.013072274861896119	-0.007192854041125182	-0.0034010365104263566	-0.00712809657267991	-0.019962181851083723	0.008241945631454741	-0.0005625815918505596	0.008708176682439908	-0.00037955934927391433	-0.007905996987484386	0.0022740234296072096	0.0004923443873207376	-0.0027684076121979343	0.0003290381315105763	0.001354959835871237	0.01590446968370812	0.0018005650710177208	0.005263353759763252	0.0030264273980838046	-0.00402490027784525	-0.0024265777373679892	-0.0013845730366497707	-0.002256479956555661	0.001807427881945955	-0.0	0.0	0.0	0.0	0.0	0.0	0.0	0.0	0.0	0.0	0.0	0.0	0.0	0.0	0.0	0.0	0.0	0.0	0.0	0.0	0.0	0.0	0.0	0.0	0.0	0.0	0.0	0.0	0.0	0.0	0.0	0.0	0.0	0.0	0.0	0.0	0.0	0.0	0.0	0.0	0.0	0.0	0.0	0.0	0.0	0.0	0.0	0.0	0.0	0.0	0.0	0.0	0.0	0.0	0.0	0.0	0.0	0.0	0.0	0.0	0.0	0.0	0.0	0.0	0.0	0.0	0.0	0.0	0.0	0.0	0.0	0.0	0.0	0.0	0.0	0.0	0.0	0.0	0.0	0.0	0.0	0.0	0.0	0.0	0.0	0.0	0.0	0.0	0.0	0.0	0.0	0.0	0.0	0.0	0.0	0.0	0.0	0.0	0.0	0.0	0.0	0.0	0.0	0.0	0.0	0.0
S2014m_E7-1-B-M	0.10449351052577834	-0.015695515178138292	0.08616365859401796	-0.009926168303062248	-0.004229904893136631	-0.06252179494331933	0.07064311984563186	-0.026272057168956545	-0.09375409408285858	0.0367764437862216	-0.013378427481258058	0.1252116596728094	-0.06568996314074839	0.054765290608029635	-0.060881612088531614	-0.0442079812330335	0.04341195176688607	-0.09495007550581419	-0.04435656921778994	0.0043619747014167825	0.05821511625973885	-0.04242881021430389	0.07717317012589643	0.02225076711632365	-0.04642040048925152	0.010568822326923362	0.016481451069942085	-0.032729894101729766	-0.07071919569647743	-0.06492588127767088	0.048790962386603604	0.06154975986923148	0.0037913698704544266	0.045325412412613	0.01957892029256962	0.0048669402547538414	0.0035965657402739796	0.028105071453472942	0.0613672150788465	0.018415271213090077	-0.03402532724982295	-0.0005948260948766775	-0.013747249514884872	-0.00044697956509900884	0.07130206642570892	-0.05957829286775639	-0.020257336378983904	0.005492298863391146	-0.004196606791707763	-0.025645754911105052	-0.00936679647156918	-0.0070583950950358935	-0.03136077192144792	-0.021439417873955053	0.02769377877494574	-0.013711459722746256	0.0029715608691858043	-0.0359917310625363	0.014910434146490827	0.01687360809757505	0.02356094611516096	0.03153398121284995	0.014652585682857596	-0.016528978666829234	-0.026161377138410886	-0.01804026725715968	0.013496664375077785	-0.01989864373519028	0.001048142510715715	0.021488986726345475	-0.0049838826998884036	0.0129376590512674	-0.02448856860197606	-0.016903080274946043	-0.014327104778347737	0.00549879653776683	0.009425208482214932	0.005809979683335863	-0.002599928266259384	-0.022138178686275232	-0.006551800682990755	0.020945608586726543	-0.0055155334880421705	0.01441567946467894	-0.017884053415952655	-0.007639396443848489	-0.01344619060695559	0.004900499548059109	0.009728012964323792	0.006070348747401654	0.0012866534924251298	0.004626195191761203	-0.012429226372703196	-0.005847356018596566	-0.02082497710551056	0.00957437846983145	0.005426443280317699	0.006148196944826154	0.003974525187156283	-0.004848303478344937	-0.006871828204028045	-0.007801880538728235	0.0051016456623023025	-0.0001994261384067811	0.005329799343548378	0.0024499532535957294	0.004320155392607161	-0.0002591204473337778	-0.0	0.0	0.0	0.0	0.0	0.0	0.0	0.0	0.0	0.0	0.0	0.0	0.0	0.0	0.0	0.0	0.0	0.0	0.0	0.0	0.0	0.0	0.0	0.0	0.0	0.0	0.0	0.0	0.0	0.0	0.0	0.0	0.0	0.0	0.0	0.0	0.0	0.0	0.0	0.0	0.0	0.0	0.0	0.0	0.0	0.0	0.0	0.0	0.0	0.0	0.0	0.0	0.0	0.0	0.0	0.0	0.0	0.0	0.0	0.0	0.0	0.0	0.0	0.0	0.0	0.0	0.0	0.0	0.0	0.0	0.0	0.0	0.0	0.0	0.0	0.0	0.0	0.0	0.0	0.0	0.0	0.0	0.0	0.0	0.0	0.0	0.0	0.0	0.0	0.0	0.0	0.0	0.0	0.0	0.0	0.0	0.0	0.0	0.0	0.0	0.0	0.0	0.0	0.0	0.0	0.0
S2014m_E7-1-C-F	-0.2015549836941797	0.04058831865698576	0.05106496602348847	-0.06454776248296644	0.0631550020983374	0.04275897891536193	-0.06028619636512789	-0.03149292768620814	0.030398542841256728	0.05042210017476094	0.0501199034531361	0.08909379611580631	-0.03381142416565884	0.05539867556609093	0.03837888021482022	-0.06451645878039727	-0.009042177345349563	-0.09205059842381638	0.044764379689672645	-0.06527845030675732	-0.05073389701163533	-0.020806030277428812	0.03676065600403982	0.020930932840402414	-0.007419625568310413	-0.0058621750019171364	0.031032029696092603	-0.0006102719627996469	-0.015274063561127878	-0.025879775941813163	-0.01842266414493112	0.02055195871644569	0.0033098626305462764	-0.019049299854314212	0.013589006249862992	0.017101319545170742	-0.004922127297146843	0.03095549898795348	-0.013085788292164594	-0.023841965810600954	-0.015229033469254069	0.021700008335196634	-0.011016887842217587	0.006811896203890639	-0.02929816387979192	-0.015537032041113256	0.002797933358393951	0.00403137394137145	-0.01796858150083564	-0.002060450280264348	0.015013544599026525	0.017593724330523117	-0.0015215728607425691	-0.006485029575100258	-0.02312128922008035	-0.025250504523051574	0.016615905050841265	0.009888217576428493	0.012335212417900704	-0.010612631636061175	0.004925174180169491	0.004222776805844001	0.0022678759635618435	-0.006289085952978993	-0.013291419891244608	-0.026246316333300518	-0.012191245987945812	-0.009681004543197674	-0.01208430537003765	-0.014206788684201131	-0.009975815821026938	0.010453586270566837	-0.007041291107346986	-0.011939172596839692	0.008237581034661977	-0.005601912666146943	0.012639321944966201	-0.012162468400678571	0.009119598968456336	0.0005828573163114093	0.001904347705034951	-0.00628287390812612	0.0013367447550910133	-0.003166330827315721	0.00320359228349426	0.01688152398542446	-0.005312320132999014	0.003699175298167866	0.00016881145133431578	-0.004909863620952587	-0.002571248462594703	-0.00018385540246924266	-0.0010863903628986578	-0.00741795249684679	0.008167987924362465	0.0014215711305678078	0.0006764747135706813	0.002929461751354456	-0.004995659538235623	0.0028346994125184244	0.00020609537525384132	0.0027115559512389358	-0.0009881399972372408	-0.0005726152623512147	0.009027707113189051	0.004516189320902068	-0.0027527574804711214	0.00284488653503062	-0.0	0.0	0.0	0.0	0.0	0.0	0.0	0.0	0.0	0.0	0.0	0.0	0.0	0.0	0.0	0.0	0.0	0.0	0.0	0.0	0.0	0.0	0.0	0.0	0.0	0.0	0.0	0.0	0.0	0.0	0.0	0.0	0.0	0.0	0.0	0.0	0.0	0.0	0.0	0.0	0.0	0.0	0.0	0.0	0.0	0.0	0.0	0.0	0.0	0.0	0.0	0.0	0.0	0.0	0.0	0.0	0.0	0.0	0.0	0.0	0.0	0.0	0.0	0.0	0.0	0.0	0.0	0.0	0.0	0.0	0.0	0.0	0.0	0.0	0.0	0.0	0.0	0.0	0.0	0.0	0.0	0.0	0.0	0.0	0.0	0.0	0.0	0.0	0.0	0.0	0.0	0.0	0.0	0.0	0.0	0.0	0.0	0.0	0.0	0.0	0.0	0.0	0.0	0.0	0.0	0.0
S2014m_E7-1-C-M	-0.04151862934879605	-0.0007649292667618552	0.1316064183087966	-0.08566112655918717	0.03148593906108822	-0.0710965403232777	0.06555141106680232	-0.07701470944263294	-0.1168219029337107	0.07653986151020814	-0.037388889906099426	0.08867135220223116	-0.018298820723338733	-0.0008542144946442979	-0.04798904236147202	-0.022801325852939817	-0.04013500356907499	-0.04241047462777242	0.0455017389151188	-0.00212430044979593	0.011159069525320186	-0.034447091750961945	0.07572720487839107	-0.024452638131301337	0.07699052103643096	0.08694780207976109	-0.017990987308942923	0.013215651471144176	-0.08772845033718889	-0.027919385923799757	-0.0467676452345127	-0.004352692785726508	-0.02573265664701977	-0.02006019194651782	0.02248268521156207	-0.013317223865448393	0.023426788578877596	0.0062444641959658095	0.009787172095248577	0.027550775828588083	0.019320370815718017	-0.029005665954724865	0.003156543984144332	-0.026029817733903355	-0.026501709390028577	-0.022575714561336023	-0.009796451430363938	0.0009251390736573655	0.004237611584856334	-0.018136055180595093	0.010763456253912666	-0.010453458753861816	-0.027146168811128746	-0.019462654886415215	-0.0128052686222358	0.0098027747246901	-0.0007769483058752547	0.0067172000015835375	0.008542212940343713	0.005864191469651947	-0.007609156713459542	-0.030822006280271614	0.013025911933129738	0.005062461477242083	0.00047367693786945486	0.027844486800841988	0.004890038519128894	-0.0035195962874584254	-0.005806826517871649	0.01146773264176902	-0.02116006258702822	0.024445832863201716	0.023026685473627944	-0.005931241091558937	0.009959721945311134	0.022740572931212313	-0.00880286743215349	-0.004572722968047725	0.021853128746616143	0.009509727564346584	-0.004065066887310793	-0.011843351666333657	-0.009135885395239738	-0.004375604747454136	-0.011642922189540151	-0.004124101930233011	0.02140740410239491	-0.011125812526765325	0.00043566824860701557	0.0041737657478764945	0.006284767009108818	0.0017538735518121578	-0.0035103346608829585	0.00016776386075867508	0.0031521482442509754	-0.0008188485735716077	-0.007597088788766223	-0.004644948585330068	0.009248874314875975	-0.0039772383190223954	0.005020188258180956	0.0028656473798888754	-0.004775836812173176	-0.001525778211069735	0.0010302860880857466	0.0051854541321146265	-0.003055610643457595	0.00012563989527374816	-0.0	0.0	0.0	0.0	0.0	0.0	0.0	0.0	0.0	0.0	0.0	0.0	0.0	0.0	0.0	0.0	0.0	0.0	0.0	0.0	0.0	0.0	0.0	0.0	0.0	0.0	0.0	0.0	0.0	0.0	0.0	0.0	0.0	0.0	0.0	0.0	0.0	0.0	0.0	0.0	0.0	0.0	0.0	0.0	0.0	0.0	0.0	0.0	0.0	0.0	0.0	0.0	0.0	0.0	0.0	0.0	0.0	0.0	0.0	0.0	0.0	0.0	0.0	0.0	0.0	0.0	0.0	0.0	0.0	0.0	0.0	0.0	0.0	0.0	0.0	0.0	0.0	0.0	0.0	0.0	0.0	0.0	0.0	0.0	0.0	0.0	0.0	0.0	0.0	0.0	0.0	0.0	0.0	0.0	0.0	0.0	0.0	0.0	0.0	0.0	0.0	0.0	0.0	0.0	0.0	0.0
S2014m_E7-2-A-F	0.27620623712299175	-0.05101435552026284	0.04695367800394497	-0.10970915435951767	0.06518333385498017	0.10841645483000044	-0.07040048161533628	0.11868369743566225	0.02132597187890472	0.00959925588824167	0.02296120426863775	0.06372407849475904	-0.014175019465337073	0.025122848281304882	0.024961047502223884	-0.01596336498218309	0.0875246633235491	0.1306397868085247	0.039104564926741636	0.10857859781277399	-0.0340278113811076	0.09365295276770016	-0.0054245518522363975	-0.0016252185708655927	0.02387932112539389	0.01757017113644596	-0.05238340074824336	0.032077328350129525	0.07209682098682496	-0.0461703485062114	-0.008574422665149125	0.005779997645168157	-0.0618526179462459	0.025024987461557444	-0.03338010452237695	0.025674232436286675	-0.001752798793317658	-0.07907414863448624	-0.0018979075798004662	0.009945468558133141	0.021705107854189536	-0.025760771638740108	-0.01114858761100105	-0.0020657787369601204	-0.02085656369342965	-0.046450142797024196	0.021370442278481436	0.009334970033541482	0.0004730938473494068	0.05486988710097706	0.05896931566349524	0.011278270685703877	0.015953665376147848	0.007133623714223712	-0.028784866550955693	-0.011804237016305593	-0.029897046364167783	0.023227243321400467	-0.017262235280131856	-0.05010740261092926	0.015774951672728837	-0.0029479025041938872	0.04880742821403676	-0.007754517126288733	-0.026224042259941696	-0.003710951250196783	0.007745340116588274	0.006157841580817991	-0.031468163009264326	-0.01619860243425822	-0.009229275315693265	-0.0062743437846535365	0.021543347642654413	-0.020182056704523728	0.000793239170072698	0.04003280668981251	-0.004150925426906909	0.0025579795878444265	0.009452871668151876	-0.01730915600731967	-0.014323440031661592	-0.003387425335301351	-0.008156409675004748	0.013947756115914348	-0.02209363052895864	-0.019481114367955174	-0.0021407954717147896	-0.004957082973301018	0.007383213724374668	0.008592032117037294	-0.008192678912732544	0.0017254272368028131	0.008052987977883145	0.0012085277582601507	-0.00024525769624431624	0.0031582915452467246	0.004183353971894827	-0.008117950722329327	-0.00976127664335475	-0.0026449219121234017	-0.018203101497450226	0.0010951468129437565	0.0027830333449406774	-0.002684958041395645	-0.002098115833897592	0.0013020658197231254	-0.0012382933397013798	-0.0038062823894528942	-0.0	0.0	0.0	0.0	0.0	0.0	0.0	0.0	0.0	0.0	0.0	0.0	0.0	0.0	0.0	0.0	0.0	0.0	0.0	0.0	0.0	0.0	0.0	0.0	0.0	0.0	0.0	0.0	0.0	0.0	0.0	0.0	0.0	0.0	0.0	0.0	0.0	0.0	0.0	0.0	0.0	0.0	0.0	0.0	0.0	0.0	0.0	0.0	0.0	0.0	0.0	0.0	0.0	0.0	0.0	0.0	0.0	0.0	0.0	0.0	0.0	0.0	0.0	0.0	0.0	0.0	0.0	0.0	0.0	0.0	0.0	0.0	0.0	0.0	0.0	0.0	0.0	0.0	0.0	0.0	0.0	0.0	0.0	0.0	0.0	0.0	0.0	0.0	0.0	0.0	0.0	0.0	0.0	0.0	0.0	0.0	0.0	0.0	0.0	0.0	0.0	0.0	0.0	0.0	0.0	0.0
S2014m_E7-2-A-M	0.19871753890525395	-0.027996794208555383	0.04938495793627094	-0.1412138385649232	0.11858363470789612	0.0995778604144235	-0.01095432659975124	0.0721043390984423	-0.07641729839899648	0.09696184611983336	0.04438240512149475	0.03908238924311536	-0.05946185518997925	-0.001152800518349973	0.028825493507610815	0.0009588467898314542	0.0710036177055571	0.1056471161327251	-0.06604403958429647	0.04838829872611433	-0.054459930487215744	0.03520373533329935	0.07113294443790362	-0.01886493950010611	-0.01785071673071325	-0.045620385290967166	0.02313453953275521	-0.012641909356044236	0.008336069255713539	-0.03603423702805084	-0.016407781969612772	-0.03773032099026542	-0.03656179948314872	0.02093966415187476	-0.017366925763049296	-0.03657018471219633	0.06480949921470486	0.041337618050192634	-0.03483342317066906	0.05264190651638514	0.005836449282749909	-0.004784037495175729	0.022904065949107384	0.0267455352318144	0.0016055273934227207	-0.007497961783539462	0.013939286567642142	-0.030542308726991155	-0.03569005314976427	0.018520504215964857	-0.0033072910953233048	0.0015504248885324168	-0.02064786589343788	-0.01322340338592508	0.022416976042175105	0.01329207107709883	0.003173312654632717	0.048467069152108744	0.02553873902455127	0.0033039545399341243	-0.00829454725174986	0.0037222624772843696	-0.04595803804821038	-0.004104282064899639	-0.0047599368661843935	0.010865040523683643	-0.017519844898761704	-0.022811925993362275	0.002538073538856974	0.012556625981845718	0.007097572737764567	-0.006475390591860713	-0.003626971925097494	0.009505435233868873	-0.010825807040340406	-0.012229364444464999	0.005616752784796741	-0.011742357294518372	-0.004378452560973625	-0.015647300295905754	0.005197634561534184	0.003024419797868697	0.027287843582438062	-0.01127608822016749	-0.0013226177667910693	-0.0042914242828131196	-0.0032729743714041597	0.0049995935763235385	-0.009389931275596987	0.004613644413916148	0.003747584549213349	0.002990761611729854	-0.002645077342797806	-0.004595965544121547	0.0011275042298868059	-0.012924053070854008	-0.004792508448124444	0.007739200625327588	0.005192202554453315	0.006351650098460752	-0.0018408346654673715	0.0008561799388639073	-0.003712487452446567	-0.0010553517390806334	0.0006678789337932224	0.0012899088779888745	0.001619479536501776	0.001112012136996667	-0.0	0.0	0.0	0.0	0.0	0.0	0.0	0.0	0.0	0.0	0.0	0.0	0.0	0.0	0.0	0.0	0.0	0.0	0.0	0.0	0.0	0.0	0.0	0.0	0.0	0.0	0.0	0.0	0.0	0.0	0.0	0.0	0.0	0.0	0.0	0.0	0.0	0.0	0.0	0.0	0.0	0.0	0.0	0.0	0.0	0.0	0.0	0.0	0.0	0.0	0.0	0.0	0.0	0.0	0.0	0.0	0.0	0.0	0.0	0.0	0.0	0.0	0.0	0.0	0.0	0.0	0.0	0.0	0.0	0.0	0.0	0.0	0.0	0.0	0.0	0.0	0.0	0.0	0.0	0.0	0.0	0.0	0.0	0.0	0.0	0.0	0.0	0.0	0.0	0.0	0.0	0.0	0.0	0.0	0.0	0.0	0.0	0.0	0.0	0.0	0.0	0.0	0.0	0.0	0.0	0.0
S2014m_E7-2-B-F	0.3458594464746815	-0.024031084336992175	-0.005179593418352226	-0.018893251951226073	0.038187351822022	0.08937366303080611	-0.025912796398818598	0.050833039884392035	0.02080255574563464	0.023771170486487223	-0.02111802943612803	0.06618278970116821	-0.019190085644362538	-0.0042384154847419685	0.054267176264342104	-0.0025266778644979886	0.054828753034482265	0.10509757814887148	0.08056610275346107	-0.03564545742907096	0.046166918765508914	-0.04301151283851021	0.0026647866482531774	0.0155687762242889	-0.010737572322221701	-0.055813316366048804	0.05924625077065507	-0.0322536674412708	-0.03292842508481459	-0.004369664724117326	0.04438259364897618	-0.026958446128073944	-0.010370203083838785	-0.000921332698330275	-0.034082431288190114	-0.04193672865774473	0.004298216025152262	0.04867829454087137	0.05742224940264762	0.003007922744830361	-0.06767464133498978	-0.005881633433283219	-0.061331942747434635	-0.0459198017943863	0.006354867358001271	-0.0061174088906520985	0.009820728377810818	0.006006791053152928	0.010501611470407807	0.018536255116680073	0.003940002939965242	0.0003282538884050785	-0.05271062700373954	-0.006721739260485248	0.0010926964104526155	-0.0034331787054233324	-0.008045397920967121	-0.025808379474248085	-0.00397783443159587	0.02116208596915172	-0.016218048151402317	0.018176030926752452	-0.020030037755199022	-0.014044664614497833	0.0035333557402652893	0.009567719986714126	-0.002784510973588774	0.05786685966864884	-0.0011689922729042688	-0.012979960719019655	-0.023092697606013707	0.013342433833241747	0.012213397570219447	0.004187133839228733	0.02541104656069042	-0.01327025060180771	0.017054606280230734	-0.014214809342936667	-0.008742866104182574	0.0044686616134972075	-0.0022891234325453733	0.006933238784107738	-0.0035904908315948117	0.011653259380094125	0.015072465210381846	-0.011068845664997709	0.011573125348908276	0.0004957637252749093	0.009081542116668843	0.007093585515979678	-0.014894637703089656	-0.008864247534096465	-0.013612206049439387	-0.006180949433282145	0.01973253216579298	-0.0018347199471874778	-0.010509208679082324	-0.001141262300147781	0.0011079940170363625	0.0019606274370572527	0.007303208140420828	0.0006178351636011608	-0.00960087779577911	0.0015247097446339716	0.008674108451490367	-0.0016603003346567452	0.005360030836500917	-0.0024399954541309905	-0.0	0.0	0.0	0.0	0.0	0.0	0.0	0.0	0.0	0.0	0.0	0.0	0.0	0.0	0.0	0.0	0.0	0.0	0.0	0.0	0.0	0.0	0.0	0.0	0.0	0.0	0.0	0.0	0.0	0.0	0.0	0.0	0.0	0.0	0.0	0.0	0.0	0.0	0.0	0.0	0.0	0.0	0.0	0.0	0.0	0.0	0.0	0.0	0.0	0.0	0.0	0.0	0.0	0.0	0.0	0.0	0.0	0.0	0.0	0.0	0.0	0.0	0.0	0.0	0.0	0.0	0.0	0.0	0.0	0.0	0.0	0.0	0.0	0.0	0.0	0.0	0.0	0.0	0.0	0.0	0.0	0.0	0.0	0.0	0.0	0.0	0.0	0.0	0.0	0.0	0.0	0.0	0.0	0.0	0.0	0.0	0.0	0.0	0.0	0.0	0.0	0.0	0.0	0.0	0.0	0.0
S2014m_E7-2-B-M	0.21428283999540695	-0.015550745069612784	0.02274830635873551	-0.06687467994346621	-0.036177515394524344	0.13638152792478866	-0.060965434808319154	0.045355765227449905	0.011636375540348402	-0.043600184189064264	0.11182659792494919	0.05126755260555228	0.02915742692060412	-0.037095462061913484	0.06490986584223468	-0.007280444325283388	-0.03823496683478517	0.029652793917372855	-0.007938895655065357	-0.008665076312045472	-0.04853462050720679	0.06407984221209931	0.06354758939792716	-0.029474573278180875	0.007182698990614624	-0.06338769714064775	0.029379674319351293	0.13304664697180024	0.03922666019338655	-0.04461317094053154	0.019375423890480897	0.09284085918673249	0.04938277742603699	0.08504234388256547	0.027396974405736296	-0.030331941244977498	-0.12328769040267397	0.005630137120498464	0.03930329332643973	-0.03085672402884406	-0.031991244748289585	-0.11158420366100556	-0.08239261266459058	-0.016795511718405248	0.04260200157571226	-0.08638913997232664	0.037334217237103645	-0.017015715164006774	0.01866497980036508	0.009385192114195756	-0.004444732693508362	0.015133265517711039	-0.018521058447495856	0.028855914530566937	-0.045095203400855384	0.01570165610532857	-3.07627147596726e-05	-0.003207525084674508	0.006799470495305395	0.00716143629369139	0.023604786136709403	0.0031229546141499503	-0.014642436723207426	0.018990434872302574	0.005352765307243959	-0.02993335351681327	0.04430328040284132	0.010209773749471964	-0.005005238475533086	0.0020908767035966256	-0.004517663714049986	-0.007475200113801328	-0.009029541896104361	0.017830464920278073	-0.028691587107147788	0.007455263713739026	-0.006520239002355727	-0.0030422498030476877	0.005563870361576864	0.02603671270683572	0.015621654496856409	-0.003922757872916457	-0.005197735415628868	-0.017612528877109027	0.01000800481430779	-0.01604374077060736	-0.0047240314952859816	0.005476971488708551	-0.006773246091559846	-0.0025506296128194684	0.007085872632677791	0.002385596070905282	0.008499742768710378	0.003461572529123744	-0.0027667590838779477	-0.006810517716618671	0.006306365366183236	-0.0061688909935448556	0.0040338563106207944	-0.0025169288779349837	0.0005243681490191785	-0.003455100241437487	0.00810169022113875	-0.0009254606844704443	0.0004941214856029287	-0.0014513508573218497	-0.0010427400244200041	0.0003527681532900923	-0.0	0.0	0.0	0.0	0.0	0.0	0.0	0.0	0.0	0.0	0.0	0.0	0.0	0.0	0.0	0.0	0.0	0.0	0.0	0.0	0.0	0.0	0.0	0.0	0.0	0.0	0.0	0.0	0.0	0.0	0.0	0.0	0.0	0.0	0.0	0.0	0.0	0.0	0.0	0.0	0.0	0.0	0.0	0.0	0.0	0.0	0.0	0.0	0.0	0.0	0.0	0.0	0.0	0.0	0.0	0.0	0.0	0.0	0.0	0.0	0.0	0.0	0.0	0.0	0.0	0.0	0.0	0.0	0.0	0.0	0.0	0.0	0.0	0.0	0.0	0.0	0.0	0.0	0.0	0.0	0.0	0.0	0.0	0.0	0.0	0.0	0.0	0.0	0.0	0.0	0.0	0.0	0.0	0.0	0.0	0.0	0.0	0.0	0.0	0.0	0.0	0.0	0.0	0.0	0.0	0.0
S2014m_E7-2-C-M	0.3369293188062083	-0.036485578816582175	0.038832822305811816	-0.08479936358553583	0.04296717485377433	0.0999209433327759	-0.024893249716546988	0.07194537070695986	0.03138816964167234	0.016885531135207164	-0.003076693234004849	0.06451302441939076	0.02968072129295773	0.027982032547685668	0.04254044531743692	-0.021631659426345467	0.022926400674439358	0.11231737735783041	0.0725010397511287	0.0037490444432340623	0.06015478270649833	-0.027059459802210778	0.005295313836428776	-0.013058554925321661	-0.01862807344454403	-0.025956438799437265	0.0333507206782678	0.006811624709231336	0.01565990799049582	-0.07052760072689078	-0.008764071838464775	0.04476206856598429	-0.02825726642675318	0.020928903867489402	-0.051510809092017294	-0.015640029906992935	-0.022141326998872526	-0.005763862668028774	0.026194964387692775	0.004577464684382038	-0.013174376531128667	0.01470982466329936	-0.02603487831993521	-0.04149460383970046	-0.06729234872886701	0.07940445873243257	0.0638895800357311	0.006249508704264543	-0.026417083883571106	-0.02954858369039433	-0.003965164448660078	-0.015016793535093834	0.008926255754994247	0.016188656018416906	0.03179342461080444	0.025791466321017743	-0.003002553395647646	0.0029407200989396576	0.02545480831842418	0.044327233126724236	-0.03639150814739908	0.017374098305988447	0.007434442837832237	-0.02657275059930273	-0.011338322918002105	0.008064015932515553	-0.0032111795306439296	-0.04910487656195703	-0.01831016386074317	-0.04053108916714404	-0.023682816629424553	0.03965027641920912	0.04360800203031232	0.015362815530108992	0.006558592778056752	-0.012509773251398773	-0.008193090104964239	-0.00022370554617370326	0.011646234442519394	0.0022741648729958613	-0.013220738320355706	0.011575760511369807	0.0057595170498955465	-0.021222808738855604	-0.004699969622502966	0.031080875197582437	0.007088511247731106	0.014796194007340325	-0.010765418298493637	-0.009292577273732627	0.0008765872980955639	0.008314852905373748	0.01348436631836798	0.00036535121244160286	-0.004582292861742026	0.007302739552610233	0.0031611255785815432	0.007208350720518332	0.005008836060815839	0.002678329573643172	-0.002218674931593681	-0.00262121648892863	0.006673246188832078	0.0017588356660755717	-0.007147880346153434	0.0010710831281497309	-0.000735530025473629	0.00119314600384333	-0.0	0.0	0.0	0.0	0.0	0.0	0.0	0.0	0.0	0.0	0.0	0.0	0.0	0.0	0.0	0.0	0.0	0.0	0.0	0.0	0.0	0.0	0.0	0.0	0.0	0.0	0.0	0.0	0.0	0.0	0.0	0.0	0.0	0.0	0.0	0.0	0.0	0.0	0.0	0.0	0.0	0.0	0.0	0.0	0.0	0.0	0.0	0.0	0.0	0.0	0.0	0.0	0.0	0.0	0.0	0.0	0.0	0.0	0.0	0.0	0.0	0.0	0.0	0.0	0.0	0.0	0.0	0.0	0.0	0.0	0.0	0.0	0.0	0.0	0.0	0.0	0.0	0.0	0.0	0.0	0.0	0.0	0.0	0.0	0.0	0.0	0.0	0.0	0.0	0.0	0.0	0.0	0.0	0.0	0.0	0.0	0.0	0.0	0.0	0.0	0.0	0.0	0.0	0.0	0.0	0.0
S2014m_E7-3-A-M	0.3515010428966557	-0.06715158227257086	0.07887342182860574	0.08732519574550607	-0.012876395748350485	-0.02737013300599644	0.018075043468725384	-0.08444774103870337	0.0671158658419178	-0.01569133357212869	-0.009076917477648144	-0.068366152580971	-0.017929238242157464	0.07504438676091707	0.06669013972746994	0.021951009901078837	0.0009206603736235044	0.02091843539434367	0.007249919585903712	-0.04882330641607738	-0.0640969905403274	0.04033791313267319	-0.04576938678218382	0.0012465406954519991	-0.03177570369500285	0.016995333066687858	-0.04184707504984277	-0.03187864940073841	0.016481367500935207	0.03251110174108221	-0.04258750938687599	-0.033653181208347156	-0.01250726161555342	-0.01759770392161693	-0.0011433605569586601	-0.037425071170119464	0.08082079810242007	-0.004994703129788161	0.005025397079599488	-0.01738521073288644	0.021729629640873355	-0.015035259402969977	-0.019165685891136937	0.041013783753336946	0.011046676389684745	0.005910804146736116	-0.01844503836040019	-0.005222280498003617	-0.00433456838166252	0.01567174433990416	0.03362145452250412	-0.008621510088103962	-0.00689508993099539	-0.00862725019029356	-0.017440228647723977	0.04585151054916847	-0.0009227142384491383	0.005816744873323461	0.034337436377196696	-0.06450612708417781	0.014176134802258177	0.0016403080812692516	-0.05219415750808222	-0.02171168548563883	-0.0061563299037256545	-0.011828385536725647	-0.010808006372883176	0.009921207306421853	-0.01562669864045957	-0.01605047989528949	-0.0333061194536564	-0.007494898108386671	0.0023836791778239046	-0.010072229292039301	-0.010442470887729625	0.003435985296341575	0.013328765481756544	-0.015204122855552093	-0.004331694624249732	0.0007695300181333747	-0.005558726070962279	-0.005542611966118813	0.009977067197543602	-0.008433339296822662	0.01158526799241155	0.0067744032428115435	0.01481004848807328	-0.01703823336902736	-0.004587943707153521	-0.01101111321238186	-0.020125651988426446	-0.0020543093970745636	0.00947776638937195	0.001453636432967856	-0.003545194344719013	-3.098450257919287e-05	0.013344100992501494	0.0021325970314588953	0.002562118165974777	-0.0038283496244607743	0.003555285937032906	-0.004705607613371245	0.0028767280298059423	0.004370013405991066	-0.003402521703960904	0.002534169610677601	-0.0002336178447515551	-0.0034170502693347577	-0.0	0.0	0.0	0.0	0.0	0.0	0.0	0.0	0.0	0.0	0.0	0.0	0.0	0.0	0.0	0.0	0.0	0.0	0.0	0.0	0.0	0.0	0.0	0.0	0.0	0.0	0.0	0.0	0.0	0.0	0.0	0.0	0.0	0.0	0.0	0.0	0.0	0.0	0.0	0.0	0.0	0.0	0.0	0.0	0.0	0.0	0.0	0.0	0.0	0.0	0.0	0.0	0.0	0.0	0.0	0.0	0.0	0.0	0.0	0.0	0.0	0.0	0.0	0.0	0.0	0.0	0.0	0.0	0.0	0.0	0.0	0.0	0.0	0.0	0.0	0.0	0.0	0.0	0.0	0.0	0.0	0.0	0.0	0.0	0.0	0.0	0.0	0.0	0.0	0.0	0.0	0.0	0.0	0.0	0.0	0.0	0.0	0.0	0.0	0.0	0.0	0.0	0.0	0.0	0.0	0.0
S2014M_E7-3-B-M	0.39345141027757613	-0.15302848469473038	0.15573090609474474	4.224765081430512e-05	-0.0319845589228324	0.12020660930806124	-0.05434119198478328	0.05274933885538237	0.06533291635390218	-0.03184713437141899	-0.0680951230320212	-0.04171098304873807	0.0440977159241675	0.049131286745475254	-0.03758500658493148	0.04441705974916587	-0.009617417470722762	-0.02678484153065689	0.08593983204277163	0.021024303458737292	-0.05690635920088226	-0.020035662512873146	-0.07594235052353147	0.012883979090972589	0.020537404641278467	-0.020014177958395805	-0.04640011639848225	0.02341499342379484	0.06423253746818074	-0.1395392427200537	0.01827763791679018	-0.03131312120488326	0.010937179485368691	-0.07666611876438847	-0.029457425097164272	0.04448432346507906	-0.03688805295896528	0.006202055552124646	0.015329807085998494	-0.01723296197406229	0.027750400468044546	0.06606102521111741	0.08127726950592194	0.046160177442916825	-0.02546964981349779	-0.03570291227314785	-0.04694837650393915	-0.010244019409791876	-0.06153045522504065	-0.04577411606078895	-0.013674972807837171	-0.06744597939997092	0.028051176981386223	-0.032595670239752045	-0.029052741542832657	-0.028803950166322895	0.030541884470729294	0.025141469891313325	-0.0012312580410020306	0.03400015111885231	0.014825352625505595	-0.05190628758741004	-0.009249364606239764	0.010661670001077345	-0.003976460038196807	-0.011233769272370742	0.01818132648036064	0.01058343842162543	-0.045164877034122274	0.03266042508998999	0.009339033960420217	0.011448699833495998	0.017257539713004044	-0.01045928359440778	-0.027258662644391453	-0.02591054961973343	0.023529682171266036	-0.031899755364844073	0.009452100972131205	0.03047894778369499	0.0008667085879240549	0.02263505084128019	-0.008366319398329165	-0.002168131750916725	0.027677489990414667	-0.015131983498969818	-0.008787035793344538	-0.006467019228910116	0.013977404232431647	0.015156081520628984	0.014389157153460877	-0.005491856375960525	-0.004101036746704748	0.006991399188735661	0.003936096514922775	0.005027181974592986	-0.004141611338427795	-0.0014221586753964525	0.003704660211347998	0.0035869125081513012	0.0027121101781280334	0.005066869103853397	0.0020325347566473376	-0.0010425196025765165	-0.0009051951847667812	0.000784311326437544	0.0017129654916673196	0.00021672673414470457	-0.0	0.0	0.0	0.0	0.0	0.0	0.0	0.0	0.0	0.0	0.0	0.0	0.0	0.0	0.0	0.0	0.0	0.0	0.0	0.0	0.0	0.0	0.0	0.0	0.0	0.0	0.0	0.0	0.0	0.0	0.0	0.0	0.0	0.0	0.0	0.0	0.0	0.0	0.0	0.0	0.0	0.0	0.0	0.0	0.0	0.0	0.0	0.0	0.0	0.0	0.0	0.0	0.0	0.0	0.0	0.0	0.0	0.0	0.0	0.0	0.0	0.0	0.0	0.0	0.0	0.0	0.0	0.0	0.0	0.0	0.0	0.0	0.0	0.0	0.0	0.0	0.0	0.0	0.0	0.0	0.0	0.0	0.0	0.0	0.0	0.0	0.0	0.0	0.0	0.0	0.0	0.0	0.0	0.0	0.0	0.0	0.0	0.0	0.0	0.0	0.0	0.0	0.0	0.0	0.0	0.0
S2014m_E7-3-C-M	0.34122182941363716	-0.03528783340865384	0.058356569010390644	-0.0227261892549031	-0.00698833654047865	0.013781464218738444	-0.03342375111581268	0.036274724553796975	-0.06987736537629054	-0.020536497142320635	-0.05573312673771858	-0.017400999213032658	-0.08036469198518795	-0.01651152083140326	0.058394014001037615	-0.006331720500197775	0.07952915161970102	0.013952281179037256	-0.0362673580223571	-0.012708136344365874	-0.023707262432668692	-0.03553781031544324	0.004689068397387642	0.008904860571926397	0.03795135269469737	0.031323949294371795	-0.005839887565657588	-0.0837422755672308	-0.07445656070792785	-0.012642819433389269	0.009335595731109465	-0.04770603830185681	0.023988883930704235	0.014791731195569466	-0.0560006361603316	-0.027409004566321952	0.019319542743055827	0.03923229887723266	0.014405760529624053	-0.046025440254512905	-0.0008058494878775925	0.016098109570195387	-0.010442301820555795	-0.01752965334503581	0.006443497223185651	-0.0231634051821478	-0.005592100601304596	-0.020138268605280816	-0.002528583100171124	0.03635226555306167	0.030052690699343836	-0.015923638627985997	0.0267857491652075	-0.008966148491892818	0.005315225146349538	-0.011280167991457538	0.0036551791942266614	-0.018120656487237596	-0.043743476462204535	-0.012955001262213554	0.022992862370600796	0.006815815705413995	-0.01384017747484604	0.003968495492709582	-0.014404902093765978	0.0050974101945119215	-0.008791639421328932	-0.0331750763005234	0.0123722113288234	0.033199585357051274	0.009485551732800428	0.006025693142011195	0.014080865618040566	-0.01037874038102437	0.00686600519874255	0.009438966793290282	0.007289776734287439	0.02227183443985051	0.008151779370077815	0.007391929228582978	-0.0005367992845102737	-0.01683046042302891	0.01755498498141273	-0.010836274057783037	-0.0021596269401976966	0.010543792269904035	0.008014827647074011	-0.012235604018439716	-0.004015663267290071	-0.008615011912184495	0.012737429471380946	-0.021472820804502055	0.007633247313322458	0.017984286050047104	0.007693272808644734	-0.007455319991293753	0.004833549194991651	-0.009331326806128994	0.001682251211315106	-0.007571578088286228	0.002673940212258216	0.0028430519931541155	0.003491033804136116	0.002354781877309984	-0.007229509421052895	0.00277275083536125	0.0007334777774467597	0.00020528656362724603	-0.0	0.0	0.0	0.0	0.0	0.0	0.0	0.0	0.0	0.0	0.0	0.0	0.0	0.0	0.0	0.0	0.0	0.0	0.0	0.0	0.0	0.0	0.0	0.0	0.0	0.0	0.0	0.0	0.0	0.0	0.0	0.0	0.0	0.0	0.0	0.0	0.0	0.0	0.0	0.0	0.0	0.0	0.0	0.0	0.0	0.0	0.0	0.0	0.0	0.0	0.0	0.0	0.0	0.0	0.0	0.0	0.0	0.0	0.0	0.0	0.0	0.0	0.0	0.0	0.0	0.0	0.0	0.0	0.0	0.0	0.0	0.0	0.0	0.0	0.0	0.0	0.0	0.0	0.0	0.0	0.0	0.0	0.0	0.0	0.0	0.0	0.0	0.0	0.0	0.0	0.0	0.0	0.0	0.0	0.0	0.0	0.0	0.0	0.0	0.0	0.0	0.0	0.0	0.0	0.0	0.0
S2014M_E9-1-A-M	-0.1727569185200946	-0.3763502761343739	-0.17184865341194216	-0.11380137979234753	0.04887873182146751	0.06721891005465118	-0.04231755729065256	-0.11036623890405839	0.01977413615438511	-0.013076661760410693	0.035252893488703585	-0.001334567272591338	-0.03353269594894623	0.016053297216025095	-0.02584291268064679	-0.03839877734058456	-0.014557689493802598	-0.016305681989276642	-0.011461022912317683	-0.051180184498503124	0.02491809108256987	0.0013422765564814509	-0.0037596050901805263	-0.023032507336057592	0.02598695238859643	-0.011922768024270305	-0.03535734524613368	0.016862893974103614	0.01970828866624001	0.014551812403873227	0.011165178433324974	-0.013534135081072958	0.010175199541520467	-0.013346876796161195	0.0005715680364341807	-0.02333068852869103	-0.022269417207478784	0.005859080736843257	-0.0018104478087919633	-0.018056712116086504	0.002868372785018116	0.015537016911358949	0.014756378489813265	0.004435312184168029	0.008899550074067253	0.0028720196298833256	-0.003029610338282352	0.005056244955628143	-0.0007941347805426194	-0.009634637474030124	0.0006619930584773212	0.00607097592809876	-0.008233301511101682	0.005630012151335351	0.006342845186234429	0.012697467514946789	-0.00066653688353919	-0.005932517733163995	0.016237843568281226	-0.01864073023026266	-0.0023240335309948953	-0.005062986336217434	0.006369939984908137	-0.005561317330602558	0.016119604416408966	0.013957080015942628	0.015306746125839318	-0.005859301725384063	-0.013097809619698385	0.012828135980700359	-0.006014813218420271	0.007519628644647419	-0.007686610854692973	-0.009180951783481696	0.005832908007082499	0.017313932486173644	-0.008555917603085925	0.008886620777373665	-0.014236388032181765	-0.0182414677777732	0.007042673167976283	0.004314492180481982	0.003196575018387051	-0.00910185156171846	0.014421526561439975	0.004958215917592313	0.005823142135700451	-0.003524980030670494	-0.0027250274843137233	0.0030603163569134333	0.0019177973152480182	-0.007891192841511357	-0.0005665306004780887	0.0069504448757877185	-0.0012590579092572848	0.006776620488466656	-0.001025134281229233	0.00712847624097689	-0.003479512031108684	0.0016281262710377464	-0.0006295685180247821	0.004518680866512897	-0.005889713829365174	-0.0035484473323644907	-0.0029525301158228653	-0.0007107040576771812	-0.0010873806552466152	-0.0008324238179762875	-0.0	0.0	0.0	0.0	0.0	0.0	0.0	0.0	0.0	0.0	0.0	0.0	0.0	0.0	0.0	0.0	0.0	0.0	0.0	0.0	0.0	0.0	0.0	0.0	0.0	0.0	0.0	0.0	0.0	0.0	0.0	0.0	0.0	0.0	0.0	0.0	0.0	0.0	0.0	0.0	0.0	0.0	0.0	0.0	0.0	0.0	0.0	0.0	0.0	0.0	0.0	0.0	0.0	0.0	0.0	0.0	0.0	0.0	0.0	0.0	0.0	0.0	0.0	0.0	0.0	0.0	0.0	0.0	0.0	0.0	0.0	0.0	0.0	0.0	0.0	0.0	0.0	0.0	0.0	0.0	0.0	0.0	0.0	0.0	0.0	0.0	0.0	0.0	0.0	0.0	0.0	0.0	0.0	0.0	0.0	0.0	0.0	0.0	0.0	0.0	0.0	0.0	0.0	0.0	0.0	0.0
S2014m_E9-1-B-F	-0.05873306872037249	-0.3654790273127545	-0.24185853097285429	-0.039178649543975014	0.04879041890406598	0.08447072808230759	-0.14208629436419437	-0.006580500020573455	-0.13272836054845694	0.05288226054049635	0.03559723039766516	0.0677899557997331	-0.0546198623588972	-0.023324916259938124	-0.026208022333880174	-0.018182273755366497	-0.01770499786574782	-0.0200379767211281	-0.0015762311143401155	-0.06424744348696147	-0.030233941952338396	-0.011456623963769851	-0.004759692580506045	0.04783754804556265	0.00916939032726203	-0.021514366035777437	0.015611999605875601	-0.0009446399731693327	-0.0006549051186698086	-0.0024869584067234557	0.024879442508142318	0.010562569752346491	0.012820353618570396	-0.009863494108925657	0.0008683259898360059	0.012529248953505392	-0.015229561336414149	0.016937008884655155	0.0026071676264175156	-0.028843925723871004	0.00868809199650764	0.020462821513167712	0.022384073708977725	-0.00247395320062703	0.012683893930274857	-0.022511929325216406	0.003104310463795145	0.01866790057688014	0.00263120409823494	-0.006907542985703142	0.01130740254994081	0.013580641582979358	0.007075483793444822	-0.015374977760356368	-0.02211291231818754	-0.011423711884282216	0.022368999456037566	0.012444025124261288	0.017861775715055553	-0.022612929146651424	-0.028048890639347217	0.006066397879133524	0.0161333166790717	-0.02112192953863882	0.012926198693005167	0.0035915344421588394	-0.008094179171846861	-5.109624346391638e-06	0.0024829411100836182	0.004056581038048554	0.003459100547428117	0.002337356269780665	-0.00604042548681058	-0.014001981224256081	-0.0006253204738688408	0.00827961012828836	0.004048835765713318	0.00458076594038636	0.02567367710803919	-0.004286762523111937	-0.00348191107325396	-0.0007398361391638506	-0.0041264417550189	-0.00744647636452912	-0.007088649770807857	0.00022032545027204673	-0.002157792198714049	0.0033612494150108536	-0.000256918343314464	-0.007447608812446662	-0.0036119337116319685	-0.0024376347161167893	-0.005799264996276522	0.0009603586463542064	-0.004232676923516735	-0.0011647244992975046	-0.00010056692785316981	0.007812793709230655	0.0044522053877301656	-0.0011126947449236748	0.0017144515663791264	-0.00018468049347696483	0.0015861533215206184	0.0004612274135750002	-0.00015431271590085827	0.001581058271472278	0.0014202349590047173	0.0003516785719231818	-0.0	0.0	0.0	0.0	0.0	0.0	0.0	0.0	0.0	0.0	0.0	0.0	0.0	0.0	0.0	0.0	0.0	0.0	0.0	0.0	0.0	0.0	0.0	0.0	0.0	0.0	0.0	0.0	0.0	0.0	0.0	0.0	0.0	0.0	0.0	0.0	0.0	0.0	0.0	0.0	0.0	0.0	0.0	0.0	0.0	0.0	0.0	0.0	0.0	0.0	0.0	0.0	0.0	0.0	0.0	0.0	0.0	0.0	0.0	0.0	0.0	0.0	0.0	0.0	0.0	0.0	0.0	0.0	0.0	0.0	0.0	0.0	0.0	0.0	0.0	0.0	0.0	0.0	0.0	0.0	0.0	0.0	0.0	0.0	0.0	0.0	0.0	0.0	0.0	0.0	0.0	0.0	0.0	0.0	0.0	0.0	0.0	0.0	0.0	0.0	0.0	0.0	0.0	0.0	0.0	0.0
S2014M_E9-1-B-M	0.07837134377262729	0.0010130335747785112	-0.0063300082250548895	0.002057109254120467	0.07923428353843559	-0.12971840975242827	0.05312422909212497	0.061150992680533846	-0.04870397057977724	-0.01547933106342307	-0.03001101095714872	0.15815618405030826	0.0004071995722958518	-0.03021790038542418	-0.033480620942115326	-0.029789443233772573	-0.023773901688295917	-0.0007922586582294018	0.07920614874359597	-0.03318666171645634	0.039455174718347204	-0.053765116838278774	-0.02375312280322776	0.05381348899351338	-0.007807056920293551	-0.011640179252946846	0.004938570680783733	0.04715847640843527	0.007845074751381102	0.046970910494265064	0.036213641487802414	-0.00773238170395364	0.010784344406169098	-0.011159857742239295	0.006206097354589576	0.05290880537931159	0.0338645414504033	0.016372105102109912	-0.011191487547139911	0.02247495549473315	-0.03718911803832279	0.027172774843985788	-0.029439985312247063	0.0408864504756215	0.0006114288268799403	-0.05420380095112919	0.0019550110990688894	-0.023344790366249393	-0.022901687385457326	-0.018081572109592645	0.005433292249211876	-0.030817248614615284	-0.02220011224910212	0.010449349449706635	-0.005297691520212035	-0.061774732865192285	-0.061281109408464124	0.002708416915087799	-0.006401413542034781	-0.05287444210688594	-0.036263128820570034	-0.002634634196007193	0.023862681007171475	0.0030671509111035652	0.0025872887270363956	0.01699513262793427	0.005159472697147704	-0.0026257429504781197	-0.029167693263709014	-0.005538100365867487	0.011731035152847284	-0.0037850079433110833	-0.004999965182218105	0.015203145367360348	0.012761201589147744	0.0013870831223054582	-0.021929754900929133	-0.012777456532171869	-0.008646077262994262	4.578768115745306e-07	-0.002642183126401428	0.0016498842023377567	-0.005859220533933285	-0.001246899207848371	0.01342959334726127	0.006001373282357107	-0.0028921040587107888	0.0005691928402026001	-0.0097083461493517	-0.02033324186339158	-0.0016623620672025596	0.01199294296970335	-0.008913774856931808	-0.010517874678975678	0.0020093466553280045	0.0026002274569388055	0.0087526414817905	-0.007207684592380073	0.0005852272950355614	0.00280259102963961	0.005432310155490392	0.0028851136088683138	0.008953736127387547	0.001809800394708416	-0.002076152528989091	0.0008811120289116558	-0.005598880526260869	0.001332690177453522	-0.0	0.0	0.0	0.0	0.0	0.0	0.0	0.0	0.0	0.0	0.0	0.0	0.0	0.0	0.0	0.0	0.0	0.0	0.0	0.0	0.0	0.0	0.0	0.0	0.0	0.0	0.0	0.0	0.0	0.0	0.0	0.0	0.0	0.0	0.0	0.0	0.0	0.0	0.0	0.0	0.0	0.0	0.0	0.0	0.0	0.0	0.0	0.0	0.0	0.0	0.0	0.0	0.0	0.0	0.0	0.0	0.0	0.0	0.0	0.0	0.0	0.0	0.0	0.0	0.0	0.0	0.0	0.0	0.0	0.0	0.0	0.0	0.0	0.0	0.0	0.0	0.0	0.0	0.0	0.0	0.0	0.0	0.0	0.0	0.0	0.0	0.0	0.0	0.0	0.0	0.0	0.0	0.0	0.0	0.0	0.0	0.0	0.0	0.0	0.0	0.0	0.0	0.0	0.0	0.0	0.0
S2014m_E9-1-C-F	-0.07823888265130512	0.03310799408241703	-0.009239823643679073	0.014437427346930449	0.0087043755724792	-0.020666748362052716	-0.052100945926012734	0.03278623806348645	0.04724957147419422	-0.09589097173663184	0.08727587952479547	0.11756745949029192	-0.0919147238854417	0.026765984455663867	-0.00876766636575244	0.02329461029577036	0.08247632930794115	-0.016533039868728214	0.010747437760586818	-0.08385329674027789	0.0674024565291738	0.027547953704037967	-0.014046944681065949	0.022684220721732287	-0.05098730556011044	-0.05537425689026721	0.027252249259057896	-0.023685163560932573	0.0008887161037530861	-0.016527058392530342	0.03627686147722364	0.02431588653520398	0.014083439319468816	-0.005305221886330966	-0.04575431726815116	0.010230035051411486	-0.018022295814883522	0.008075071151762696	0.04455055039892435	-0.03459887329118412	0.025290063116845642	0.013777563391406547	0.003545251836499609	0.001641482269786915	0.024075399043041505	0.00024832172526790316	-0.021045816489145174	-0.005871113613794691	-0.0020675695857237625	0.006877301071190182	-0.0012086915428496433	-0.01522727788430719	0.018783146109946063	-0.01483025851594516	-0.011931232673933529	-0.025416379016844192	0.01836077920054348	-0.005183354033821941	0.007254476788103969	-0.03410389169190992	-0.016666713845643017	0.0035300993373200843	-0.015920720043870046	-0.0004925818514303319	0.02945687565904809	0.010267310053443432	-0.010871808182111727	-0.01653110291800304	-0.01811120690063539	-0.029965798521369755	-0.010774659001111025	-0.005026976674697238	0.005000595985263957	-0.006094184420263345	-0.001603911982428566	-0.0038586053663444593	0.0003755799081256593	0.010650137750797716	0.024694176591487545	0.001021608013228417	0.004272805984171012	-0.013334346619119572	0.003283528358154127	-0.004315174530840399	-0.004509580327607516	-0.004720708548478577	-0.0069472513477694025	0.001259155227697496	-0.00690559704163585	-6.302536695260035e-05	0.0077614891489295795	0.0013493402229176514	-0.0007581149426443523	0.0041993461988828786	0.003182089277951215	0.0031248105079035326	-0.006790866466759477	0.0014972418886648137	0.0078077040874258655	-0.002799738132301929	0.0022166514167022613	-0.003460807774558618	-0.002787925063496099	-0.002912210283674889	-0.0007147687299295042	-0.002777517174189744	-0.0011220366661351556	-0.0009928847147875172	-0.0	0.0	0.0	0.0	0.0	0.0	0.0	0.0	0.0	0.0	0.0	0.0	0.0	0.0	0.0	0.0	0.0	0.0	0.0	0.0	0.0	0.0	0.0	0.0	0.0	0.0	0.0	0.0	0.0	0.0	0.0	0.0	0.0	0.0	0.0	0.0	0.0	0.0	0.0	0.0	0.0	0.0	0.0	0.0	0.0	0.0	0.0	0.0	0.0	0.0	0.0	0.0	0.0	0.0	0.0	0.0	0.0	0.0	0.0	0.0	0.0	0.0	0.0	0.0	0.0	0.0	0.0	0.0	0.0	0.0	0.0	0.0	0.0	0.0	0.0	0.0	0.0	0.0	0.0	0.0	0.0	0.0	0.0	0.0	0.0	0.0	0.0	0.0	0.0	0.0	0.0	0.0	0.0	0.0	0.0	0.0	0.0	0.0	0.0	0.0	0.0	0.0	0.0	0.0	0.0	0.0
S2014M_E9-1-C-M	-0.06132580546376772	-0.31960827377185125	-0.2015931685433437	-0.17200328118929523	0.012954356537013049	-0.08318902218360961	-0.08316531583927052	-0.016314252064755647	0.06143221577745512	-0.05157147759178794	-0.008026356168685066	0.04406849695667576	-0.0059284947631067396	-0.00973294081410731	-0.023134979490144335	-0.030967515538147947	0.01400142425422978	-0.031323827475712385	-0.01758395307855511	-0.02664120219621846	0.021639395992085208	0.02628614231051292	-0.0362589260965508	-0.00034668509355483744	-0.008510685472295403	0.006555587587921797	-0.007666927402083326	-0.02278944921614466	0.01859311485033166	0.0027572736678983796	0.0007966228369606266	-0.022964788332291913	-0.014893326387774736	-0.008997402970114275	0.01609203734181158	0.008645736257495037	-0.02683360481545815	-0.02600941899753749	-0.00030399188252564277	0.005767635945631019	-0.002074235801450326	0.02827956702796337	0.01753906802612954	-0.016669201523017218	-0.008264424600878558	0.00557652831923549	-0.0228004374008601	0.015222204181668898	-0.0028069889129074834	0.009502091450885021	-0.01658748778151486	0.011113555580375363	-0.02040877886956189	-0.03091180185335319	-0.011818516386470915	0.015669308322191013	-0.004995939107722685	-0.007205431520767896	0.008866864297241032	-0.0016689753656276213	0.02096128511256769	0.0023274274547858153	-0.0013088801045276917	-0.00402179072087496	-0.0012622599494808385	0.009357354445687732	0.008199983764643239	-0.013605037123492685	-0.01287172805689185	-0.002873935159812055	-0.022164449632562547	-0.012442242335077961	0.004332063021205512	0.000569151648286801	0.016624004253676765	-0.003960935930769897	0.0030661525715092136	-0.007833125415603643	-0.007848562456694361	0.0006887434842829793	0.014807366358346103	-0.008687724220042936	-0.007441559153243247	0.010672660203007887	-0.005653837284102239	0.004178799166966997	-0.001661149293754595	-0.0024394196045955056	-0.0027252624295891286	0.0016488446000264957	0.004168998401610785	0.0071935211988115935	0.0008479630296087144	-0.004986414302641115	-0.0053021663933497006	-0.004902317877207703	0.0019418313679782316	-0.00469140729903217	0.0018932999883750678	0.0106471104120601	0.0020782716259096423	0.000869670960362765	0.0011525889074543091	-0.0008747009812749221	-0.0019198042797167274	-0.0017562455808458732	-3.527235757589774e-05	-0.0002276480895577652	-0.0	0.0	0.0	0.0	0.0	0.0	0.0	0.0	0.0	0.0	0.0	0.0	0.0	0.0	0.0	0.0	0.0	0.0	0.0	0.0	0.0	0.0	0.0	0.0	0.0	0.0	0.0	0.0	0.0	0.0	0.0	0.0	0.0	0.0	0.0	0.0	0.0	0.0	0.0	0.0	0.0	0.0	0.0	0.0	0.0	0.0	0.0	0.0	0.0	0.0	0.0	0.0	0.0	0.0	0.0	0.0	0.0	0.0	0.0	0.0	0.0	0.0	0.0	0.0	0.0	0.0	0.0	0.0	0.0	0.0	0.0	0.0	0.0	0.0	0.0	0.0	0.0	0.0	0.0	0.0	0.0	0.0	0.0	0.0	0.0	0.0	0.0	0.0	0.0	0.0	0.0	0.0	0.0	0.0	0.0	0.0	0.0	0.0	0.0	0.0	0.0	0.0	0.0	0.0	0.0	0.0
S2014m_E9-2-B-M	0.3982971435579032	-0.1461998940489471	0.1750094196874004	-0.02218877028306861	-0.02417014089744461	0.13831113874051046	-0.06600703926305607	0.03943077259478724	0.047246311841763616	-0.02603078694264551	-0.0794708306549713	-0.02247616154378415	0.01084084435208715	0.06120284515348812	-0.03724007714694545	0.007674285673462139	-0.004934118321975722	0.03814802441433475	0.10583578689094723	0.02527543732258857	0.03783887511663014	0.003246816882596281	-0.005361703266522445	-0.02676001872548334	0.025368892084881554	0.030742143794418638	-0.030935598194324496	0.057326079012181126	0.07427423572895402	0.005233538788852438	0.06241651297292103	-0.020166776337267437	0.02731657895071453	0.009731560666227379	0.036069298824062415	0.08938288881157	0.03907167458034958	-0.025576532505356447	0.023184005346451056	0.03800071196118736	-0.0037088409351215355	0.016854323682323168	-0.000910328693565367	-0.014155830508948466	0.0030797507777880068	-0.011884233435496024	-0.056638658770613706	0.04277425692360656	0.03342153502786086	-0.02474535055836108	-0.028256210146565073	0.01790547709372037	-0.03086318303168232	0.015357028422929322	0.015039927274107613	0.0026238974443609877	0.004559856534359952	-0.03746305436779335	0.0024482090318833465	0.031464130758321725	-0.018313303741091035	0.021976018165045248	0.0009299685709914402	-0.0065755225817290775	0.01649578294963348	-0.0033919807336381773	-0.009122034960171043	0.024135345976756678	0.010018049803658769	0.016250007621470608	-0.019972459320378014	-0.027268513151176232	-0.06307279248918414	-0.028724894944954907	0.004347736489718675	-0.01338611935514899	-0.00640629746751823	0.025937619668681734	0.03192148184121841	-0.010507212724510842	0.009462673545149696	-0.02018676828140555	0.012136094993943036	-0.012422069949470236	-0.004511072645819919	0.04969795572028109	-0.008891001638728501	-0.0035042624945006468	-0.006359729270854666	-0.010372105564140933	0.012108192316691803	0.006429507147055047	0.0006899425111923323	-0.010053308736260612	0.008928614312535185	-0.0006718428918989302	-0.0061526975901856715	-0.0011330832421187246	0.006569827385709519	0.004069954154702203	-0.004869051755639956	0.006794407317730873	0.0037862043377354646	0.004092353914307237	-0.008082503858888321	-0.0016411962455104617	-0.0006179142985262634	-0.0009020056739980324	-0.0	0.0	0.0	0.0	0.0	0.0	0.0	0.0	0.0	0.0	0.0	0.0	0.0	0.0	0.0	0.0	0.0	0.0	0.0	0.0	0.0	0.0	0.0	0.0	0.0	0.0	0.0	0.0	0.0	0.0	0.0	0.0	0.0	0.0	0.0	0.0	0.0	0.0	0.0	0.0	0.0	0.0	0.0	0.0	0.0	0.0	0.0	0.0	0.0	0.0	0.0	0.0	0.0	0.0	0.0	0.0	0.0	0.0	0.0	0.0	0.0	0.0	0.0	0.0	0.0	0.0	0.0	0.0	0.0	0.0	0.0	0.0	0.0	0.0	0.0	0.0	0.0	0.0	0.0	0.0	0.0	0.0	0.0	0.0	0.0	0.0	0.0	0.0	0.0	0.0	0.0	0.0	0.0	0.0	0.0	0.0	0.0	0.0	0.0	0.0	0.0	0.0	0.0	0.0	0.0	0.0
S2014m_E9-2-C-M	0.3733139321069954	-0.10276097612593915	0.1394690542903471	-0.06777042373616743	0.03563860032177994	0.09151364442701748	-0.030230142436437343	0.01860574712536649	-0.027616042903393475	0.0032745720529067423	-0.01595587071594042	-0.051273472797422934	-0.00959242250128114	0.020845553440112203	-0.038740730699743514	-0.03215908669707512	0.0355803042077856	0.014035795294647655	0.0063992283841878515	0.02144370786922215	-0.007419864190107783	-0.01624896809405039	-0.015430469535899178	0.03435019152405599	-0.008426490749182796	0.052061197909530475	0.024586070436734747	-0.0016511900086478397	-0.020525862434942872	0.018226290652122647	-0.021348181220566323	-0.0027755186151210004	0.04172913820838632	0.00201695375220654	-0.001870589274068471	0.07949461615057452	-0.030029014319287423	-0.058727816640509425	-0.06114945174228938	-0.0036119522439185237	0.04368396796798205	-0.03998854140858568	-0.02252146745601769	0.042473308035803174	-0.008197685646404138	0.08169582367221528	0.03528256097526529	0.009926815760740804	-0.024528037189055725	-0.029325251093296204	0.010334973044149128	-0.026052706924350494	0.0591111087764263	-0.009921676521536978	0.002906226327928658	-0.0005829973979952664	0.021531236148800186	0.00789434407788589	-0.012723883619870325	-0.02195797096519957	0.02585890206240264	0.049517580783848256	0.003190902461724872	0.01689628309539038	0.02896559429475784	0.008208705916459233	-0.005580011167394138	0.010137782933734428	0.021062691665830593	-0.01753827328426728	-0.03386785344814684	-0.036433946200452365	-0.006830637961560787	-0.013594520235225666	-0.027390353014074834	0.034914119384841985	-0.003573778756725221	0.0009496247579541562	-0.005155569525615821	0.014087657974258228	0.0009423721957103128	0.02058143134088329	0.0030105329259704013	0.01444411619258993	0.004511004779610441	0.008050186505414897	0.0012576595591761764	4.509903712086302e-05	0.015031849198229325	0.006213141537222038	-0.012973038023292546	0.013559789376037973	-0.01821268685917659	-0.010470585845472558	-0.010195023801197745	-0.0030205276597001247	-0.0020172381997124998	0.00034405313998533456	0.005117244769259497	-0.011634959425306431	0.004711056178469028	0.0013626466696801845	-0.0029433097187741932	-0.002568956455233694	0.010055293262416548	-0.004107382316860665	0.00232447777473564	-0.0003198090044947755	-0.0	0.0	0.0	0.0	0.0	0.0	0.0	0.0	0.0	0.0	0.0	0.0	0.0	0.0	0.0	0.0	0.0	0.0	0.0	0.0	0.0	0.0	0.0	0.0	0.0	0.0	0.0	0.0	0.0	0.0	0.0	0.0	0.0	0.0	0.0	0.0	0.0	0.0	0.0	0.0	0.0	0.0	0.0	0.0	0.0	0.0	0.0	0.0	0.0	0.0	0.0	0.0	0.0	0.0	0.0	0.0	0.0	0.0	0.0	0.0	0.0	0.0	0.0	0.0	0.0	0.0	0.0	0.0	0.0	0.0	0.0	0.0	0.0	0.0	0.0	0.0	0.0	0.0	0.0	0.0	0.0	0.0	0.0	0.0	0.0	0.0	0.0	0.0	0.0	0.0	0.0	0.0	0.0	0.0	0.0	0.0	0.0	0.0	0.0	0.0	0.0	0.0	0.0	0.0	0.0	0.0
S2014m_E9-3-A-M	0.1588975007021363	-0.08015453760129315	0.027468954865780444	0.07885179602556472	-0.006684866712948097	-0.1462941025256583	-0.10456341859084109	-0.06531741189696287	0.13647796543879118	0.04121693477950246	0.1480344337312501	0.025604183946099618	-0.006876981129224677	-0.049508194668954474	0.13794186452466317	0.17666110771638704	-0.0775222078784161	-0.009575999656077031	-0.005098798215257189	0.037888624050256066	0.06232034289714151	-0.05017337570177664	-0.021664233213945682	0.04148673571379845	0.08494026368689242	0.030519528525100245	0.001183773426877539	-0.043081388848325214	0.03756751529504837	0.0027358112402294387	-0.047801361050095435	0.035564288038915544	0.005866565335382731	-0.006646324251267203	0.011731393605311686	0.005310447457773192	0.028769670201531285	-0.015277820467380219	-0.005900394383081041	0.013779337820641842	0.03407150553722875	-0.03618636162074007	-0.026030792739072918	-0.01779161094706055	-0.023858909912700888	-0.020885406917664384	-0.008797128115672868	0.009282047516795903	0.0032718444323845204	-0.0272361930705127	0.001113659970376772	-0.013714454975605112	-0.017413938929032553	-0.007847967519902488	0.008983871043113286	0.02417736733951626	-0.00872829297840141	0.021259444785008092	0.013391428846603914	0.004848452046016833	0.019355826663689565	-0.014579284230840634	0.012408799010619042	0.0012562378305165675	-0.0011487370819780957	0.01732846485970798	0.007528752310179225	-0.04066043721907712	0.014184221266484151	0.00032240950623385844	0.006514308741008348	0.005227826684747545	-0.041493943392893355	-0.004554802399623671	0.000689228064084321	0.003908659487877808	-0.00908980723327893	-0.01149337270412978	0.014639770795006083	0.010425502653092916	-0.00383868510552418	0.005855022832707273	-0.0013225090916446488	0.0027996888626534194	0.0035612488989994594	-0.017127860629536404	-0.002452732587952424	0.009174488953679448	-0.006846011126214752	-0.01169509087194961	0.005700539152891059	0.002023901794707576	0.0012663078192320795	0.006172316822345018	-0.011012910218569467	0.0054599975082111766	-0.004895872136281549	-0.005569836571942849	0.0018635732410538632	0.003522409692811011	0.007849782900978508	0.000965663879722009	0.007962403885856985	-0.002679442996600052	-0.0008072130147049639	0.0004392441330276213	0.004442678752271069	-0.001107150310751137	-0.0	0.0	0.0	0.0	0.0	0.0	0.0	0.0	0.0	0.0	0.0	0.0	0.0	0.0	0.0	0.0	0.0	0.0	0.0	0.0	0.0	0.0	0.0	0.0	0.0	0.0	0.0	0.0	0.0	0.0	0.0	0.0	0.0	0.0	0.0	0.0	0.0	0.0	0.0	0.0	0.0	0.0	0.0	0.0	0.0	0.0	0.0	0.0	0.0	0.0	0.0	0.0	0.0	0.0	0.0	0.0	0.0	0.0	0.0	0.0	0.0	0.0	0.0	0.0	0.0	0.0	0.0	0.0	0.0	0.0	0.0	0.0	0.0	0.0	0.0	0.0	0.0	0.0	0.0	0.0	0.0	0.0	0.0	0.0	0.0	0.0	0.0	0.0	0.0	0.0	0.0	0.0	0.0	0.0	0.0	0.0	0.0	0.0	0.0	0.0	0.0	0.0	0.0	0.0	0.0	0.0
S2014m_E9-3-B-M	0.2791386657937338	-0.04085537088662007	0.11856515635535185	0.02059778615292769	-0.03819835551484653	-0.05643584437639335	0.03349461749453595	-0.08826849447667869	0.05420206339782697	0.0292628320429502	-0.09026002740476262	-0.0861740525758809	-0.07232132107667266	-0.010454407112919294	-0.0133948459851937	0.04047605429692461	-0.04140947700804547	-0.10845578725401224	-0.024554809610802097	-0.07588416879745931	0.017769297975732942	-0.047522922891269595	0.006269740479260949	-0.012395929863581916	-0.03979194736337802	0.04883690469658812	-0.015558114462082766	0.0475441951208988	0.005546677488208852	0.024814165483901765	0.06891367383887118	0.015536944959368169	0.03183677936243972	0.034192052429763316	-0.03614539946191541	0.013132189865561018	0.06485204188322045	-0.08141828385066815	-0.0455134554167158	0.023002975655953703	-0.00335893288618777	-0.029583599607111558	-0.013879328654582461	-0.002346867977471168	-0.005561963170329966	-0.00924351043887071	0.007068328318659741	-0.053859954694692395	-0.01849790384247991	-0.05911886934473552	-0.02886023669663871	0.007149998903810414	0.011832856044074799	0.0309176807227632	-0.0047695234192095155	0.0002498128059012603	-0.012001944196195463	0.012666184244663918	0.02597998458139088	-0.021419643535830243	-0.01758050217466377	0.0042571966243806015	-0.0016266895384932437	-0.008090419939642199	-0.010976090283741234	0.02030553698229121	0.0016590791106918786	0.016690657979414308	-0.02994312932984666	-0.013626958886443075	-0.003863522322956297	0.01936579946775228	0.021355051416782	0.03387232759159899	0.009110178130323932	0.018134105086877773	0.01658018029489659	0.013484398202496152	-4.526345459461456e-05	0.008762388535228899	-0.002088918159310317	0.0037506171688527754	-0.00019021407476936474	-0.003271472003326629	-0.005998730753978932	0.01154327165068941	0.010505395553066102	0.004385726879783135	-0.007596938529851309	-0.0015901649981060622	0.009499597504697003	0.004676269486808529	-0.005317739456880165	-0.008072344195423778	-0.006389853240137528	-0.006194676216361467	0.0001890335645317779	-0.0023247308631931243	-0.013087419871376384	0.010435848155950903	-0.006751472489067002	0.0008919223636363211	5.911853691278838e-05	0.002187008382818362	0.002198833724712225	0.00465023591957784	0.003467603706051944	0.0002814209251345792	-0.0	0.0	0.0	0.0	0.0	0.0	0.0	0.0	0.0	0.0	0.0	0.0	0.0	0.0	0.0	0.0	0.0	0.0	0.0	0.0	0.0	0.0	0.0	0.0	0.0	0.0	0.0	0.0	0.0	0.0	0.0	0.0	0.0	0.0	0.0	0.0	0.0	0.0	0.0	0.0	0.0	0.0	0.0	0.0	0.0	0.0	0.0	0.0	0.0	0.0	0.0	0.0	0.0	0.0	0.0	0.0	0.0	0.0	0.0	0.0	0.0	0.0	0.0	0.0	0.0	0.0	0.0	0.0	0.0	0.0	0.0	0.0	0.0	0.0	0.0	0.0	0.0	0.0	0.0	0.0	0.0	0.0	0.0	0.0	0.0	0.0	0.0	0.0	0.0	0.0	0.0	0.0	0.0	0.0	0.0	0.0	0.0	0.0	0.0	0.0	0.0	0.0	0.0	0.0	0.0	0.0
S2014m_E9-3-C-M	0.3483691227909808	-0.007227615156143447	0.06543723888492621	0.050575991300025276	-0.05717172115832911	-0.053962959187311824	-0.04093070060182726	-0.06351512129862494	-0.046229910656606386	-0.014974447241676998	-0.013495239420176493	-0.028997531381537246	0.024030387949608933	-0.028636211884864066	-0.032160340467301714	0.06588148576608477	-0.048821374760146204	-0.0767724442925196	-0.005959406701333493	-0.1352108390137493	0.01814989384922303	-0.0019980402907233525	0.04914805304217243	0.06428352473280728	-0.022132562366012742	0.015031734189262402	0.030870081894174083	-0.046056504579657626	0.024327325559338787	-0.015829817790154205	-0.018086508879854264	0.028557788855676995	-0.013117093031596434	0.013564230500826521	-0.014389719660466992	-0.059762044708350316	0.0039054056552329016	-0.039019262320652434	-0.028402140183617048	0.004797970279324127	0.05157611282267648	-0.034950436380481495	-0.027088921247525436	-0.013167592439464604	-0.008959347107088251	-0.017769631742276654	-0.007898437430773139	0.01990532474340531	-0.004636804194785786	0.04783537702148178	-0.00634127646110759	0.023467497908321824	0.009976371692796589	0.004586886898933859	0.012926106182788218	0.02110004976765934	0.02633045449362254	-0.029585496166850876	-0.023740825203378408	0.0018915115221111083	0.010136961012164025	0.008575881888856164	0.018949266716549108	-0.02923133903352066	0.0055414653694755	0.009240085015120365	-0.00916151670321492	-0.005977943674592487	-0.015635741277664168	-0.05858690323526295	0.015961057234006187	-0.01331528309231759	-0.026348456031677948	0.0042610313753831085	0.01358826877694684	-0.006632172119158155	0.00814073985060999	-0.02186867711152033	0.00793621016310392	0.017726690650046895	-0.005519777653021136	-0.0059359853221145585	-0.008226645872138802	-0.028904106356486964	0.00029484682457954573	-0.006880565816460828	0.0073189621431715545	-0.03664438031334885	0.0051318668603104025	-0.0029414925758377308	-0.001066886298380453	-0.003858244929507064	0.006272715806878828	-0.009386142254736522	-0.006567278012478595	-0.003912220224760036	-0.012411611532369027	0.005306767708388897	-0.002251608080527388	0.0004808024309781655	-0.00844292542162348	0.004407112654020742	0.00034859035758569404	-0.0019320012718956148	-0.0003968104041565582	4.976388328400719e-05	-0.0010471531115462977	0.003348046469068651	-0.0	0.0	0.0	0.0	0.0	0.0	0.0	0.0	0.0	0.0	0.0	0.0	0.0	0.0	0.0	0.0	0.0	0.0	0.0	0.0	0.0	0.0	0.0	0.0	0.0	0.0	0.0	0.0	0.0	0.0	0.0	0.0	0.0	0.0	0.0	0.0	0.0	0.0	0.0	0.0	0.0	0.0	0.0	0.0	0.0	0.0	0.0	0.0	0.0	0.0	0.0	0.0	0.0	0.0	0.0	0.0	0.0	0.0	0.0	0.0	0.0	0.0	0.0	0.0	0.0	0.0	0.0	0.0	0.0	0.0	0.0	0.0	0.0	0.0	0.0	0.0	0.0	0.0	0.0	0.0	0.0	0.0	0.0	0.0	0.0	0.0	0.0	0.0	0.0	0.0	0.0	0.0	0.0	0.0	0.0	0.0	0.0	0.0	0.0	0.0	0.0	0.0	0.0	0.0	0.0	0.0
S2014m_E9-A-1-F	-0.07745224667697033	-0.011683979064833797	0.016659201768913955	0.021354855119194008	0.05537417056680114	-0.15952982628292323	-0.0605158477783578	0.09083192531911166	-0.012981196071694654	-0.046761447524810165	0.03850024958146136	0.07657625025382019	0.018230661209043198	0.020187470696883987	0.015562595045740214	0.04844197365709026	0.0074948256877368285	0.03642144017754284	-0.017071492008012234	-0.08611020241188277	-0.02823909109036512	0.013140147663962265	-0.024469897354604336	-0.006867477659461611	-0.02297358093074505	-0.016170756754365554	0.0006968002034456823	-0.01907068455327168	0.025843459722984616	0.027251932160505442	0.03163193454693939	-0.018451652204581444	0.023558248903632985	-0.02371271175373952	-0.007284535171390492	0.026714665421405638	-0.012269086123822215	0.013868103619355867	0.021976887913812845	0.007184395885321726	0.020083991698954886	-0.024749868181500614	0.014385256092762849	-0.025299785703942052	0.0009956424556084086	-0.0006805613780672405	0.005887318410564436	0.0029055117133750994	-9.363168505261851e-06	0.0415843942126022	-0.023235926076101036	0.010632155165779152	-0.013045647483898212	-0.02768004369317407	-0.010382743295331866	-0.01568697702249554	0.010567263729522302	0.003570751689089398	0.010265800966472147	0.0484659861775028	0.01453346151670491	0.002143143562595523	-0.00356690733160901	-0.0036636590164900672	0.019350409594388867	0.023185529286028243	0.017423286417190428	0.004904568486278692	-0.013038964703752978	-0.0011736083755036534	-0.017517337459490922	-0.032988566029108546	0.00633920644101243	0.007381791936237972	0.021094338269070124	-0.001098033162411868	0.006805025927577435	0.016340231417578243	-0.009995571725891463	-0.00829032110010859	0.015475968645573749	-0.00018861940128747762	0.003409353768533574	0.005172152125173173	0.007633518301815313	0.001680320742670319	-0.011567849286392956	-0.002469219428920549	-0.0031375383271464653	0.0036618026623125117	0.012323433222530189	-0.009300786696108022	-0.005395954950129485	-0.008729730363886187	-0.004728421963409831	-0.006456708830421454	-0.009915891231405884	-0.007197161214654866	-0.0002926658453688933	-0.002461430732075258	0.003759538137128883	0.0003219453602463976	0.0014662677251874785	4.816142645697418e-05	-0.002183971220482568	0.003410879986334435	0.0004331407047551049	-0.0027285962242393053	-0.0	0.0	0.0	0.0	0.0	0.0	0.0	0.0	0.0	0.0	0.0	0.0	0.0	0.0	0.0	0.0	0.0	0.0	0.0	0.0	0.0	0.0	0.0	0.0	0.0	0.0	0.0	0.0	0.0	0.0	0.0	0.0	0.0	0.0	0.0	0.0	0.0	0.0	0.0	0.0	0.0	0.0	0.0	0.0	0.0	0.0	0.0	0.0	0.0	0.0	0.0	0.0	0.0	0.0	0.0	0.0	0.0	0.0	0.0	0.0	0.0	0.0	0.0	0.0	0.0	0.0	0.0	0.0	0.0	0.0	0.0	0.0	0.0	0.0	0.0	0.0	0.0	0.0	0.0	0.0	0.0	0.0	0.0	0.0	0.0	0.0	0.0	0.0	0.0	0.0	0.0	0.0	0.0	0.0	0.0	0.0	0.0	0.0	0.0	0.0	0.0	0.0	0.0	0.0	0.0	0.0
S2017t1_E11-T1a-Female	-0.061238070926683416	0.10709521120524287	-0.075764029515278	0.09022356502239762	-0.030695743341059265	-0.056649155923468995	-0.07489103867232484	-0.0067426650898651155	0.012608175960986984	-0.05486574108020805	-0.029349863980633425	0.03317639006925476	-0.09967304895657123	-0.03255785507893412	0.00022167766160844325	-0.033013532201321444	0.047630865585778205	0.014314566755834804	-0.012499524997059159	-0.02869436239751754	-0.08245620614598964	-0.0023996387637973313	-0.020814832382357353	0.03474182662262582	-0.00951424067026103	0.01093074490660122	-0.08518903634667271	-0.02124004603734098	-0.019417505445152666	-0.009981162525777259	-0.002115587352010919	0.01611144105400286	-0.024112011926610614	0.02717668080236155	0.0038725865813398763	0.06450004243932111	0.00860511880370239	0.004056134147406947	0.01499946872128835	0.0231561346715007	-0.01818375774367742	-0.011909203145317375	0.023557247201760046	-0.028721577403061117	-0.051322895940342325	-0.05359167958841652	0.029232257578733614	0.016980954305250803	-0.013408318612765348	0.01819134822220855	-0.00014169620987067522	0.0029122858236421607	0.034825851266275944	-0.001058073057575891	0.008838879278298491	0.035235261854431835	-0.014963220884036676	0.012645763978143328	-0.017069579633669854	0.01003992573710324	-0.017965069692543176	-0.009022532267221498	-0.003229964873048935	0.011052915021459353	0.00293507427731359	-0.013869549144878118	0.013906800191157514	-0.016485337336029943	0.0369640519786739	0.00867510728430493	-0.0033007849349073943	-0.011170152002849702	-0.007694685506220851	0.025958934712637494	-0.007048891517381628	-0.009722625590874046	0.011234449054726606	0.008227246409206653	-0.009589179506902898	0.002510300500592175	-0.024732363556514987	-0.012965136904600641	0.0012407495994682719	0.0036826734512971945	0.0027445780354382644	0.00879788750681525	-0.013700563994505305	-0.005554796534642949	0.008179429759598447	-0.007256816147030558	0.0025031524705119404	-0.007924181220056635	0.0023744158830480426	-0.002377550706246838	0.0011944649040700217	0.009660191313204551	0.0036411915024376082	-0.007625578360609626	-0.0075295219226685795	-0.001034000407684538	0.0028341678802972343	0.0057852404701969114	-0.007365405010315951	0.004334068168197212	0.0034156346746590594	-0.003521801270329701	0.00012189441144707657	0.001135062923226631	-0.0	0.0	0.0	0.0	0.0	0.0	0.0	0.0	0.0	0.0	0.0	0.0	0.0	0.0	0.0	0.0	0.0	0.0	0.0	0.0	0.0	0.0	0.0	0.0	0.0	0.0	0.0	0.0	0.0	0.0	0.0	0.0	0.0	0.0	0.0	0.0	0.0	0.0	0.0	0.0	0.0	0.0	0.0	0.0	0.0	0.0	0.0	0.0	0.0	0.0	0.0	0.0	0.0	0.0	0.0	0.0	0.0	0.0	0.0	0.0	0.0	0.0	0.0	0.0	0.0	0.0	0.0	0.0	0.0	0.0	0.0	0.0	0.0	0.0	0.0	0.0	0.0	0.0	0.0	0.0	0.0	0.0	0.0	0.0	0.0	0.0	0.0	0.0	0.0	0.0	0.0	0.0	0.0	0.0	0.0	0.0	0.0	0.0	0.0	0.0	0.0	0.0	0.0	0.0	0.0	0.0
S2017t1_E11-T1a-Male	-0.11383321028988184	0.08564061046133625	0.002869499863610318	0.1091125760002911	-0.06124856866093585	-0.04254699817078405	-0.028821491674290618	-0.11750404703470381	-0.10687034244904683	-0.02622181731824407	-0.02084584337870563	0.051837080750277535	0.08766305945149229	0.052494126526454306	0.05007791222012283	0.020803177247575563	-0.022900184782260143	0.0650988346175114	-0.014078539370153598	-0.014562665825943896	-0.007828548866626553	-0.0013763457364122168	0.07858357579494168	-0.03718074284441142	-0.02482278626835219	-0.048279454139313636	0.012467584963724545	0.026753747894621045	0.009257428215637374	0.03173491174248499	0.020273433149383152	-0.01082502486189779	0.020006937701420886	0.032547951580962756	0.030229423213501652	0.0416592883402629	-0.02642684544492384	-0.005947389881675107	0.021321948360588303	0.019303418450454538	0.01311186110377832	0.006995049239647484	0.02274347958485172	0.03285780348477024	-0.02976962082535306	-0.03800083190952285	-0.02574324542797308	-0.035417680945602596	0.009075502506828419	-0.007211193437968942	-0.010200912270102488	-0.016273593317360092	0.0029065518449359583	-0.010063228750812758	-0.03154388071262388	-0.04428878471723178	0.010511392155935292	-0.001740638243480831	-0.0037556525546615367	-0.011273734411330822	-0.0020484534440227413	-0.012269797394053001	-0.002097971880319468	-0.0023397722330681173	-0.0022645397920201715	0.008606924022813616	-0.04771862228606161	-0.011201910601272054	-0.014474654072890806	-0.023424726615379976	-0.01307470727978121	-3.074962749812502e-05	0.016353883862072583	-0.002550874586278815	-0.013310922206982724	-0.013641103794479591	0.014840766676498059	0.03144970270121168	0.01635840258778342	-0.015027307179712134	0.008623846993334048	-0.00549435664787143	0.019610092418433717	-0.0071337407699369965	-0.0028007313978221254	-0.006243519989097555	-0.0053031636853318785	-0.009024699079507304	0.009772405495033946	-0.002335512378529003	0.004949402555257439	0.0027796117006416337	-0.00236570256578131	-0.004045562931464763	-0.008457252053898016	0.004927198930723883	0.00956555590798403	0.002678257555018597	0.008300185347726599	-0.0009433460433526362	0.0003671818948585802	0.0016193383273722843	-0.00498556258696022	-0.0006066884852291629	0.003517306725408565	0.0005800474173383041	0.0023666617699109917	0.00026239663089819114	-0.0	0.0	0.0	0.0	0.0	0.0	0.0	0.0	0.0	0.0	0.0	0.0	0.0	0.0	0.0	0.0	0.0	0.0	0.0	0.0	0.0	0.0	0.0	0.0	0.0	0.0	0.0	0.0	0.0	0.0	0.0	0.0	0.0	0.0	0.0	0.0	0.0	0.0	0.0	0.0	0.0	0.0	0.0	0.0	0.0	0.0	0.0	0.0	0.0	0.0	0.0	0.0	0.0	0.0	0.0	0.0	0.0	0.0	0.0	0.0	0.0	0.0	0.0	0.0	0.0	0.0	0.0	0.0	0.0	0.0	0.0	0.0	0.0	0.0	0.0	0.0	0.0	0.0	0.0	0.0	0.0	0.0	0.0	0.0	0.0	0.0	0.0	0.0	0.0	0.0	0.0	0.0	0.0	0.0	0.0	0.0	0.0	0.0	0.0	0.0	0.0	0.0	0.0	0.0	0.0	0.0
S2017t1_E11-T1b-Female	0.16165520204543868	0.07662975827392626	-0.0321526024361188	0.014561932246146636	-0.15085789117672602	-0.09888356661457809	0.04445489634950071	0.023913911358980834	0.003191975849607372	0.036602928903541984	-0.027444956708978077	0.05416661255082484	-0.05404588196155647	0.0023963582101606817	-0.03599489169641809	0.022199943698667714	0.010337344648791798	-0.0534913961875833	0.05951197698556594	-0.002505089417929514	-0.0008112074712634034	0.043756281066658166	-0.00967289230966771	0.05315036666225672	0.03026946706680521	-0.08775839156781855	0.005649377274084345	0.03845211494894528	-0.030273109229479112	0.04036883254669147	-0.006314254067645222	-0.034056495621799146	-0.02481983539083296	0.06355758031599451	0.026236817768515882	-0.029125148886592633	0.028320670642229283	-0.011104904119737769	-0.05616278816898165	0.0010550776193819678	-0.018490433569095997	0.05852272963526353	-0.01837457585971599	0.00023738452012718177	-0.06716731258334625	-0.0062523104392531535	0.024229765241733654	-0.028363367128826922	0.03525078660186104	0.019648400200053023	0.05004068750781142	-0.009605583562685718	-0.008410374617722064	0.006957668676313179	0.0070888329640808444	0.005486759391931557	0.024919997892388634	-0.0012400580713097453	-0.03235823555327526	-0.02436845020601167	0.0013207026788320316	-0.008899491547261357	-0.006622538908553339	-0.0020638173616597147	0.016718559594955676	-0.0341530108794911	0.0008588026320128887	-0.04213522037750133	-0.012973585274644836	-0.001800658640414248	0.029352845133981016	-0.0025999253619528847	0.005187561439281307	-0.026050206613580224	-0.0042632130441167815	-0.004492384088261816	-0.010279051998794184	0.010467602270996735	0.006306145636566191	0.02379094644121124	0.0401886242220033	-0.015780013264601534	-0.011990200422985077	-0.006587085397013778	0.012220920295342656	0.005577320387731333	-0.013755599407710867	0.006602375640922125	0.010316467131937415	0.007013189515285509	0.007143164771827553	0.004676519256857825	-0.013199544357806563	-0.006174510201351331	0.009665768684169398	0.001372975667843068	0.00378205520708158	-0.0056880485410735395	-0.0009004156001292571	-0.005751341420609788	-0.003211954410527912	-0.015731586980458144	-0.0034314683392986196	-0.00037399671353770535	-0.0014573701065231208	-0.0013782239555681244	-0.004583691535271403	-0.0005209756233070339	-0.0	0.0	0.0	0.0	0.0	0.0	0.0	0.0	0.0	0.0	0.0	0.0	0.0	0.0	0.0	0.0	0.0	0.0	0.0	0.0	0.0	0.0	0.0	0.0	0.0	0.0	0.0	0.0	0.0	0.0	0.0	0.0	0.0	0.0	0.0	0.0	0.0	0.0	0.0	0.0	0.0	0.0	0.0	0.0	0.0	0.0	0.0	0.0	0.0	0.0	0.0	0.0	0.0	0.0	0.0	0.0	0.0	0.0	0.0	0.0	0.0	0.0	0.0	0.0	0.0	0.0	0.0	0.0	0.0	0.0	0.0	0.0	0.0	0.0	0.0	0.0	0.0	0.0	0.0	0.0	0.0	0.0	0.0	0.0	0.0	0.0	0.0	0.0	0.0	0.0	0.0	0.0	0.0	0.0	0.0	0.0	0.0	0.0	0.0	0.0	0.0	0.0	0.0	0.0	0.0	0.0
S2017t1_E11-T1b-Male	-0.17488760346101415	0.07023380011398551	0.011621399217812136	0.12950852102388669	-0.07200710028265439	-0.016542773990293528	-0.09433061918789522	-0.0995145031495788	-0.05590452753963163	0.06528142863898441	0.021653528129398823	0.00013805310349598014	0.05322189565706974	0.06800295699219983	0.04158056253419988	0.03130793344807609	0.029386025668666237	0.0464157427212965	0.003643946263582407	-0.07506016443141886	0.025180031523146452	0.04799808599961333	-0.0009566884853437265	-0.03782033059731498	-0.019644482127126495	0.0028576636316800636	-0.021274333499981986	0.002683537504608053	-0.03114053982773125	0.0042113641081082094	0.018231947737105344	-0.010185571908288123	-0.02255233663755982	0.02347747783678068	0.027101114604036684	0.0519118566385185	-0.025228241937889827	-0.010467701715187704	0.033921614393108805	-0.006419807571816974	-0.008269526911841204	0.00580376141284592	0.006313581020662682	-0.007586707108814763	-0.038140697697399875	-0.024427417059788206	-0.004604655895631464	0.014468236944397755	0.00711722244770203	-0.0007756513365603329	-0.000182196090629758	-0.014227908499148947	0.01760434008051907	-0.022530765978567797	-0.007539593249805028	0.004433626566895552	0.014664940768088252	0.0012093622262297423	-0.020290485287033855	0.0021408122780090465	-0.011678781173045692	0.0020474114981990986	0.007094039414831481	0.004084954513227148	0.010983480242651026	0.008123164401712886	-0.003806978185674182	-0.014505172529968548	0.013746043672629105	0.00177346243683814	-0.002441577527243719	0.0057121482029771865	0.00502308612832863	0.00744889682823951	0.0016580187235491087	0.00670386924830886	-0.007877130125892955	0.0033315204112578357	0.011378819979755506	-0.005350112234024544	-0.0026130127817338847	-0.00499809888633335	-0.0053825926354547455	0.008317727003792151	0.01303062805969768	0.0046366616945965515	-0.0006275872699950503	-0.0001243253232497313	0.008331747697567815	0.01793637885217152	-0.005333058294757364	-0.00030853742523321106	0.0029912418279857927	0.004559697837067225	-0.004795616778572306	-0.0049842583673314345	-0.0015939299207485282	0.005195770655739685	-0.0007222721664099886	0.008292260192194938	-0.002022254226215263	-0.0021903172767993684	-0.0006395106379007207	-0.0015218009538111642	0.001372959901569926	-0.0005871931229673088	-0.00012425194602664745	0.0014181854202857034	-0.0	0.0	0.0	0.0	0.0	0.0	0.0	0.0	0.0	0.0	0.0	0.0	0.0	0.0	0.0	0.0	0.0	0.0	0.0	0.0	0.0	0.0	0.0	0.0	0.0	0.0	0.0	0.0	0.0	0.0	0.0	0.0	0.0	0.0	0.0	0.0	0.0	0.0	0.0	0.0	0.0	0.0	0.0	0.0	0.0	0.0	0.0	0.0	0.0	0.0	0.0	0.0	0.0	0.0	0.0	0.0	0.0	0.0	0.0	0.0	0.0	0.0	0.0	0.0	0.0	0.0	0.0	0.0	0.0	0.0	0.0	0.0	0.0	0.0	0.0	0.0	0.0	0.0	0.0	0.0	0.0	0.0	0.0	0.0	0.0	0.0	0.0	0.0	0.0	0.0	0.0	0.0	0.0	0.0	0.0	0.0	0.0	0.0	0.0	0.0	0.0	0.0	0.0	0.0	0.0	0.0
S2017t1_E13-T1a-Female	-0.15203708809530123	0.13668545051263647	-0.017403924834224527	-0.05870527876866716	-0.05557846907184679	0.012554293827874288	-0.14138499977767052	-0.07167074710510603	0.03680443187407259	0.044386407924587805	-0.012180821232087576	-0.005128874134139961	0.03969222831223822	-0.010800992989044283	-0.02068592717514079	-0.036922549800804796	0.011766649636276489	-0.028964070162255984	0.005612052368990761	0.03101868094080572	-0.03281331679087566	-0.035430778187251676	-0.028259756528650447	-0.011355010181855679	-0.06076986617945893	-0.008413893496467748	0.02265159563014833	-0.038956370769564416	0.018600533334355848	-0.01889611404956158	-0.015458632123149296	0.02731124420648601	-0.0200176418373932	0.0037766828372533885	0.027498526202255024	0.008200175139851454	0.0035466162723047194	-0.021301748808887366	0.009486929644917022	0.0009409339360744529	-0.008608978449866864	0.004144229951038939	-0.009144147640311951	0.02184480102219636	0.00872242147176259	0.01997802643813354	-0.008435574880335018	-5.223186029357377e-05	-0.002150456062035458	0.005658480166652122	0.008492523290647837	0.020022757207498826	-0.005747401739117601	0.027774347276995733	0.012676732296334084	-0.009943813008674742	-0.002353751393492721	-0.025994186677491437	0.0012877248013978518	0.004148724074336945	0.004821658500018603	0.0010940652550386412	0.000985343016293721	0.012502284383880919	0.002106090561605196	0.005580709420604483	-0.010628912959832365	-0.014408354999406316	-0.007101656992468519	-0.0013004178103516134	-0.0005373264880880476	-0.0024551313341703534	-0.006511110928502025	0.0031546657666117776	0.0017973418875316097	-0.010141812285045465	-0.010189351286732292	-0.019027307841828944	0.012247978854500637	0.0013105816446108613	-0.024606265764704916	0.010225567787994423	-0.0082525562258857	-0.01115312760221388	-0.015883589543297633	0.0010216982378814315	0.000993541484762789	-0.010493515928928209	-0.002583049451589459	0.013790289935160632	0.008423178714624271	-0.013196498458136321	0.0013703787852312884	-0.013082437662014772	0.008796656811461578	-0.0012491522579449505	0.00324469996337605	-0.004905131968267675	0.005687858144134032	-0.0018032634091203247	-0.00659618149404118	-0.0070637213547926955	0.002805795287441214	-0.005789327529238923	0.004798616769519746	0.0012827222065602225	0.00022273133394732275	0.001123781490380296	-0.0	0.0	0.0	0.0	0.0	0.0	0.0	0.0	0.0	0.0	0.0	0.0	0.0	0.0	0.0	0.0	0.0	0.0	0.0	0.0	0.0	0.0	0.0	0.0	0.0	0.0	0.0	0.0	0.0	0.0	0.0	0.0	0.0	0.0	0.0	0.0	0.0	0.0	0.0	0.0	0.0	0.0	0.0	0.0	0.0	0.0	0.0	0.0	0.0	0.0	0.0	0.0	0.0	0.0	0.0	0.0	0.0	0.0	0.0	0.0	0.0	0.0	0.0	0.0	0.0	0.0	0.0	0.0	0.0	0.0	0.0	0.0	0.0	0.0	0.0	0.0	0.0	0.0	0.0	0.0	0.0	0.0	0.0	0.0	0.0	0.0	0.0	0.0	0.0	0.0	0.0	0.0	0.0	0.0	0.0	0.0	0.0	0.0	0.0	0.0	0.0	0.0	0.0	0.0	0.0	0.0
S2017t1_E13-T1a-Male	0.0679071437575325	0.041003779732554264	0.03129910549985737	0.02320961237006786	-0.024941296319636833	-0.14824632891698325	0.0011459466704399194	-0.04585871260365725	-0.07523665122951992	0.03095633347492348	-0.07257193957997003	-0.011669316939465995	-0.0543422043161828	-0.0626483030010117	0.015769988767173906	0.01954665279500862	0.021081694631055428	-0.04355770459522102	0.006331702975389695	0.040596432452664505	-0.020252114037550572	-0.03773332007568748	-0.10404624940878308	-0.059738570347481486	0.040880649994009616	0.009007440327697026	-0.018773503800788124	0.02566580389602928	-0.03337351475387585	-0.0002800205565513366	0.019592420301763083	0.016133651640785063	0.04510205425179506	-0.009860569342710656	0.01210354855724822	-0.019504797228408137	0.05492286105708358	-0.039918967663802256	0.05899562843049874	-0.043426301288384705	0.0019084848262088236	-0.025616081698022708	-0.002197546630953322	0.01906589698272695	-0.052003585817078826	-0.02693414352693558	0.012571135745550606	-0.013919319587588543	0.021276061205755606	0.016246359693245636	0.008367344599475352	0.001582527977426338	0.011603161660307362	0.010514529320353301	-0.012166214357016434	-0.010174596045755931	-0.035604005126391516	-0.006937447564141802	0.007134783862584366	-0.014039492950667335	0.01716356558172768	-0.010504546519839258	-0.011046222668531743	-0.011159704645072061	0.008212121753330446	-0.010977455242626373	0.011074417295378162	-0.022986997228571508	-0.014662458152228289	-0.011383533074895775	-0.02345805715751778	0.00858091017663903	0.002461376978588357	-0.014940353661342	-0.0052532078697654595	0.022908596626754634	-0.010899095790237656	0.007620991589857542	0.0014229104819618523	-0.006190429000020676	-0.007432531474762164	0.00969283109307331	0.01976675863140471	-0.0003829943968504146	0.0029544251162040313	0.0028306660287465	-0.0026842145027537903	0.008427518394650165	-0.011821738834681041	-0.001727660237688649	0.018057523196447295	-0.015360372359880758	0.002735355673406479	0.007909580149852902	0.011277597778793787	-0.014480933038986898	-0.01138032839375401	-0.002830651812365293	0.0001834673945397933	-0.0016964478323626044	-0.002220388499013053	0.0054122913364859524	-0.0021925845393258167	-0.0008671797060506845	0.004520302614661126	0.0033429663345283804	0.0001286972977068989	0.0009275776564959307	-0.0	0.0	0.0	0.0	0.0	0.0	0.0	0.0	0.0	0.0	0.0	0.0	0.0	0.0	0.0	0.0	0.0	0.0	0.0	0.0	0.0	0.0	0.0	0.0	0.0	0.0	0.0	0.0	0.0	0.0	0.0	0.0	0.0	0.0	0.0	0.0	0.0	0.0	0.0	0.0	0.0	0.0	0.0	0.0	0.0	0.0	0.0	0.0	0.0	0.0	0.0	0.0	0.0	0.0	0.0	0.0	0.0	0.0	0.0	0.0	0.0	0.0	0.0	0.0	0.0	0.0	0.0	0.0	0.0	0.0	0.0	0.0	0.0	0.0	0.0	0.0	0.0	0.0	0.0	0.0	0.0	0.0	0.0	0.0	0.0	0.0	0.0	0.0	0.0	0.0	0.0	0.0	0.0	0.0	0.0	0.0	0.0	0.0	0.0	0.0	0.0	0.0	0.0	0.0	0.0	0.0
S2017t1_E13-T1b-Female	-0.10009784836484313	0.13333365336004396	0.012094959221780886	-0.05417996322728522	-0.03615596686734067	0.014419864731213367	-0.05220678161300585	-0.15749703692645717	-0.0251179297731316	0.03194106444681368	-0.05090936443664244	-0.03586983205948997	0.05345559947318995	-0.042408894947697964	0.027901233811933	-0.06518341947034262	-0.0026864924990324295	-0.014285751747984183	0.006222112414999471	0.06667355042189249	0.030439456122460476	-0.018826709671315667	0.02083135230076605	-0.04152462491445851	-0.051116318176371835	-0.05874578686171137	0.009222835004649994	-0.016360380489269077	0.04601444048805096	-0.024625124065899076	0.008443937055742569	0.02477800868939188	-0.002730998993903012	0.03726742526008931	0.01906094568412944	0.010137278988886465	-0.0029365017992870773	0.02764468527630764	0.016484828233912695	0.013701887314079701	-0.02364391290081728	0.021003014764319622	0.006218090261283681	0.033268663782179304	0.017465867170500582	0.030838399099571163	-0.016209569732952196	0.01932081635042476	0.007593852053652377	-0.004266983421554737	0.010262227309132257	0.007446928575461347	0.022637858246317564	0.012033155816517307	0.005424377611263859	-0.01197192257741639	-0.003424288675214854	0.012981872764110298	0.031196148848831328	-0.010392467601898714	0.013820311204372649	0.0097414595096013	-0.020460569629573773	0.018208421668920442	0.009396632168006397	0.0030847644507753487	-0.010061261679922943	-6.510301105534409e-05	-0.018753196630304732	0.0055918223902731365	-0.010957617915753962	-0.0020128380333267453	-0.001084890086931399	-0.0014652326033328894	0.011168214826088195	0.0020645242122528467	0.009986833625220477	-0.004197868886869137	-0.020489214358851086	0.0030127654076156215	0.0014764286457624256	-0.007587191864025153	-0.009163021803743726	0.007189261705531858	-0.0021371434246460277	0.003887916158339576	-0.000190533547215982	-0.0036749134257955843	-0.0007481095303330374	-0.0030021332769206623	-0.0001164769245646071	-0.004532363012099066	0.013920520271375574	0.004882645261255096	0.0004711267644791601	-0.004095066439881454	-4.450844887400352e-05	0.0005751311147355247	-0.0065016568997691504	0.00995503380091345	0.001259586370875591	-0.001590078874088283	0.002549720836294103	0.001231784838227537	0.0012342843401852623	0.00015017636141173332	-0.0004036403719058958	-0.0013539732380916654	-0.0	0.0	0.0	0.0	0.0	0.0	0.0	0.0	0.0	0.0	0.0	0.0	0.0	0.0	0.0	0.0	0.0	0.0	0.0	0.0	0.0	0.0	0.0	0.0	0.0	0.0	0.0	0.0	0.0	0.0	0.0	0.0	0.0	0.0	0.0	0.0	0.0	0.0	0.0	0.0	0.0	0.0	0.0	0.0	0.0	0.0	0.0	0.0	0.0	0.0	0.0	0.0	0.0	0.0	0.0	0.0	0.0	0.0	0.0	0.0	0.0	0.0	0.0	0.0	0.0	0.0	0.0	0.0	0.0	0.0	0.0	0.0	0.0	0.0	0.0	0.0	0.0	0.0	0.0	0.0	0.0	0.0	0.0	0.0	0.0	0.0	0.0	0.0	0.0	0.0	0.0	0.0	0.0	0.0	0.0	0.0	0.0	0.0	0.0	0.0	0.0	0.0	0.0	0.0	0.0	0.0
S2017t1_E13-T1b-Male	-0.12142266886330402	0.1407528553696771	-0.03296903568964701	-0.021867583696270766	-0.07541300107899425	0.000880591814035375	-0.12295240225198577	-0.07474650046247952	0.030212105432392417	0.04576815691939379	-0.008158618130333604	0.012961403126500572	0.025451401967284227	-0.01352580367922411	-0.025715540232281967	-0.010960810857148612	0.023614619746373366	0.006341579353860311	0.0017574841584937627	0.04068038998224711	-0.014545409848202915	-0.04221732395717155	-0.016002430946887195	-0.0179316168407014	-0.059758934705964405	0.030631211686927968	0.049058566892207243	0.011218134969585005	-0.00746224914395387	-0.033033824180340225	-0.001881203332470381	0.0379194822070113	-0.0008592024397164282	-0.02623711779716141	-0.023628016717228327	0.004681758727236105	0.028437315282820216	-0.022485561006250487	0.013668622375094235	-0.02925284956400456	-0.009683597633491203	-0.03447342085395267	0.028991841432316697	0.00878102726011438	0.002623582238909819	-0.0009372499566289662	0.008039039140431609	0.021989707469613803	0.0031947984746514605	-0.018104856620354957	0.011694186291833464	-0.001984333833592618	0.0011652458530948752	-0.0003357814876753447	0.018300098957370163	-0.015364702855229938	-0.004515182604996579	0.011553172072595179	0.009770951419900942	0.0036412258891985344	-0.0037124784984199043	0.005567884840002038	-0.022315935899040015	0.021917765338975093	0.03957944061615196	0.005610899881519765	0.023935374286951232	-0.009178014696456988	-0.00557795499208764	-0.0071593460881221324	-0.021987750925318017	-0.016261771388719072	-0.008456367956307517	0.004164595114496013	-8.956603658498189e-05	-0.008201463255455009	2.73843022367701e-06	-0.0010186538591857842	-0.01902138118180487	-0.008576588044099111	-0.0073957656767111735	-0.009618788400376567	0.010650501628831905	-0.006133768341618817	-0.007813210042299316	-0.002448455647339253	-0.008789947594598222	-0.0006373863625768789	0.005872005719966955	0.005345571927607492	0.004072978174946465	-0.015387483058924213	-0.004114502626172728	0.01753852852398723	0.009884605265852527	0.001662828736442618	-0.0008853910397645874	0.0018140243535496984	-0.00208556812864295	0.003019166217399848	0.002551207517115922	-0.004309216797539918	0.006374456833785038	0.009725956678044812	-0.0015892263092855607	-0.006153034116556399	-0.0025416319797716917	0.0007829295820177258	-0.0	0.0	0.0	0.0	0.0	0.0	0.0	0.0	0.0	0.0	0.0	0.0	0.0	0.0	0.0	0.0	0.0	0.0	0.0	0.0	0.0	0.0	0.0	0.0	0.0	0.0	0.0	0.0	0.0	0.0	0.0	0.0	0.0	0.0	0.0	0.0	0.0	0.0	0.0	0.0	0.0	0.0	0.0	0.0	0.0	0.0	0.0	0.0	0.0	0.0	0.0	0.0	0.0	0.0	0.0	0.0	0.0	0.0	0.0	0.0	0.0	0.0	0.0	0.0	0.0	0.0	0.0	0.0	0.0	0.0	0.0	0.0	0.0	0.0	0.0	0.0	0.0	0.0	0.0	0.0	0.0	0.0	0.0	0.0	0.0	0.0	0.0	0.0	0.0	0.0	0.0	0.0	0.0	0.0	0.0	0.0	0.0	0.0	0.0	0.0	0.0	0.0	0.0	0.0	0.0	0.0
S2017t1_E14-T1a-Female	0.07444535633941775	0.13340350642500817	-0.051983247834277956	-0.010232498194523829	-0.23377928882009166	0.015548202873801702	0.03279896898861762	-0.018989137643541303	0.010254548220725402	-0.02287181227247527	0.008293921995913443	-0.02195580541125613	0.02065442046862275	-0.011337876194751082	0.05456008551336036	-0.010309689786714192	-0.019162732037003142	0.002575408755464331	-0.011265027583541481	-0.035435267931850055	-0.03707617703924735	0.017258423403578263	0.01216847019968333	0.01949359501268459	-0.006388788657256985	0.009352496752801667	-0.010779306316134295	-0.011595819657113076	-0.022492811595046326	0.030661062247505776	0.009326132944832517	-0.03477981266093374	0.016716553145442046	-0.0006659165060838327	-0.011300121444534052	-0.0011622798238121233	-0.038369227802495486	0.015025578909280772	0.04276080409159398	-0.0072124446522227	-0.022415009667022888	0.023464226002929647	-0.010768156699878398	-0.00825056032929376	-0.016076283516284918	0.01037197319750448	-0.009822287698957795	0.056296371456696026	-0.029096730819855948	-0.015613467944446489	-0.02720846236348055	0.0388415378866396	-0.006352677842366567	-0.012427036519128097	0.008151849706621769	-0.008644594821741002	0.024197074738890413	-0.0007855426127993663	-0.021345400485381492	-0.015289639752358683	-0.031053520335660032	0.0020251548253183453	0.01281667458598359	0.0004052277527609561	-0.03015850943774945	0.026969617136844783	-0.006526006738544258	0.0028232570930841285	-0.0012629987630554944	-0.021973080118931256	-0.0003212533812542501	0.015579616455675864	-0.0029372778593060463	-0.006148344873660473	-0.00479984341616291	-0.0016884624651625703	0.02610277071266413	0.0208520479878118	-0.006301385968015027	-0.008662367359475743	-0.007332735410414255	0.0051063954282955576	-0.01608927431638064	-0.004834677682112921	0.014010147174764174	-0.011792302691893382	-0.008677444428779985	-0.024312439764040832	-0.0005625294303698624	-0.022544135698070327	0.002040232324410071	-0.01326362143067164	0.021892068685777807	0.0051217168553705636	-0.0037549446408691655	0.002186082505867359	-0.004034555786866262	0.00677806572875972	-0.004336041299915606	-0.0158243554932091	0.0007691064508353916	0.0035457854556812246	0.0009383299210842397	0.0017973210810200682	0.003486825999402384	-0.0019191890229074858	5.5520503564879286e-05	0.0012960385382585545	-0.0	0.0	0.0	0.0	0.0	0.0	0.0	0.0	0.0	0.0	0.0	0.0	0.0	0.0	0.0	0.0	0.0	0.0	0.0	0.0	0.0	0.0	0.0	0.0	0.0	0.0	0.0	0.0	0.0	0.0	0.0	0.0	0.0	0.0	0.0	0.0	0.0	0.0	0.0	0.0	0.0	0.0	0.0	0.0	0.0	0.0	0.0	0.0	0.0	0.0	0.0	0.0	0.0	0.0	0.0	0.0	0.0	0.0	0.0	0.0	0.0	0.0	0.0	0.0	0.0	0.0	0.0	0.0	0.0	0.0	0.0	0.0	0.0	0.0	0.0	0.0	0.0	0.0	0.0	0.0	0.0	0.0	0.0	0.0	0.0	0.0	0.0	0.0	0.0	0.0	0.0	0.0	0.0	0.0	0.0	0.0	0.0	0.0	0.0	0.0	0.0	0.0	0.0	0.0	0.0	0.0
S2017t1_E14-T1a-Male	0.1225034458326455	0.02970927936639462	-0.0038252621284583233	0.03739205583068885	-0.1770759310202679	-0.03028326296273538	0.046082673065673846	0.032498248465157184	-0.026354726486716502	-0.012130938727332733	0.0817457988418822	0.03911866138484938	0.03986641574400021	-0.05502633336141422	-0.04585167764157368	-0.04164447617717126	-0.01678744027818026	0.04416405752108075	-0.021051461193571434	-0.04869866296479092	3.853914848999921e-05	-0.02880099222492364	-0.055046964797502825	0.002905022348119611	0.030398705627577884	-0.04812402303017821	-0.0750881843158908	-0.023642132415837503	0.05492799915355718	-0.11070265293650845	0.04215163078395132	-0.026566466023057414	-0.025669222040932884	0.03559857180725628	0.03848886058021216	-0.0422571685877409	0.03391834220387611	0.009445764724583052	0.06796790131458581	0.011755890432246235	0.0264146637808945	-0.03509372487972988	0.04598391209130263	0.013115910385324343	0.024578785404241018	0.005889060692361371	0.04481351282945797	-0.024151696351144104	0.020890021138972082	-0.10803367366742242	0.050831228478454664	-0.014983743167603257	0.006048332709945726	-0.06541459803707984	-0.022192670500034668	-0.009973712569840058	0.0352470489422818	-0.02211492238323074	-0.04503794774262328	0.020081043977943275	0.03005944401784888	0.014385344915043343	-0.004786530525988784	0.03528306776197968	0.0054509873190459746	0.022281160764248242	-0.02715941803164709	0.009893797830980058	0.018455995492249185	0.013628520942609499	-0.0016486772960770878	0.03591063206786103	-0.01969414403793265	0.045250281930720386	0.011081326178806462	0.008893396211098584	-0.011199690122054415	-0.009088668943375925	-0.0109963181506459	-0.016610668795098794	0.02466786741725677	-0.0027553791835454415	0.004805025262933736	0.009419343357685966	-0.012749445883143692	0.004949057769899857	0.028565040453738585	-0.0015838873508916696	-0.02044601450089042	-0.016316291791669484	-0.006154755818323575	-0.0010345109614882443	0.003965723906991911	-0.014627539476654274	0.0016293434366683058	0.008621464006197645	-0.000600962306582917	0.004830425503939569	-0.003710380544974167	-0.005979065759377669	-0.004532983163332462	-0.007192547881640536	-0.0019846103722181625	-0.0013621367582863314	-0.0012558313675069543	-0.0013330422612885032	-0.004536805196005468	-0.0018047375010610185	-0.0	0.0	0.0	0.0	0.0	0.0	0.0	0.0	0.0	0.0	0.0	0.0	0.0	0.0	0.0	0.0	0.0	0.0	0.0	0.0	0.0	0.0	0.0	0.0	0.0	0.0	0.0	0.0	0.0	0.0	0.0	0.0	0.0	0.0	0.0	0.0	0.0	0.0	0.0	0.0	0.0	0.0	0.0	0.0	0.0	0.0	0.0	0.0	0.0	0.0	0.0	0.0	0.0	0.0	0.0	0.0	0.0	0.0	0.0	0.0	0.0	0.0	0.0	0.0	0.0	0.0	0.0	0.0	0.0	0.0	0.0	0.0	0.0	0.0	0.0	0.0	0.0	0.0	0.0	0.0	0.0	0.0	0.0	0.0	0.0	0.0	0.0	0.0	0.0	0.0	0.0	0.0	0.0	0.0	0.0	0.0	0.0	0.0	0.0	0.0	0.0	0.0	0.0	0.0	0.0	0.0
S2017t1_E14-T1b-Female	0.007843197194386047	0.11889325847434978	-0.059131687473561026	0.05321672664313975	-0.17266599249544248	-0.022319957989686164	-0.015657866989150802	-0.005520720466293997	-0.045643138773298425	-0.01944422755315266	-0.011183178581670441	0.0174278638988915	-0.010533907869563307	-0.020694287878973643	0.054166081100570494	-0.016194569927267203	0.01576898448352234	-0.005003838975106831	0.1011832300054535	0.026561234066773468	0.025641091474430836	-0.01916542603664631	-0.02779722339044616	0.042341688250216454	0.030174266277298502	-0.021754985258907466	0.026474086953223598	-0.032208655773408416	0.00349614505678339	0.05391576373900454	0.0036559089483195017	0.02520604143945679	-0.008649782200870811	-0.015581038045184629	0.009658770973576642	-0.00013901060741657533	-0.045988170352833466	-0.04539512177565405	0.002598215536448797	-0.00903282884472039	0.018261089079595595	0.02206828466420923	0.005754243819924286	0.030330738856474186	-0.013731928790462184	-0.03359649055067044	0.008432676954442771	-0.008372904000577504	-0.01778064852809671	0.0021166972153411653	0.008247867372295355	0.014866179814403803	-0.015944305220908152	-0.032283577884763354	0.0005501125802818747	0.028858066200250766	0.006232290750659679	-0.00835449913699166	0.0031964757053626696	0.01089775478160005	0.011490116593846137	-0.002007397564115084	-0.015373195188310602	0.017415156942131086	0.005896886491320903	0.03783509062597196	-0.003633244446237008	0.037852840421997616	0.0009699321284379397	-0.006688093961352521	-0.00612883663375549	-0.011697406394058517	0.012829937432183587	-0.011183598953642281	0.010570224719351502	-0.0075126579380086446	-0.014148689581158174	0.01014745377335251	-0.0018999690541783953	-0.010996160962692536	-0.005336353310731574	-0.008099940871047453	-0.009003433571533917	-0.002690507066583382	-0.013186499955708489	0.0009095200899610168	0.004582149293394838	0.006483840297992635	-0.0037649092538469494	0.005559672127504345	-0.002550154331108154	-0.0019808592208233598	-0.0033867684221513365	-0.0021831899117467513	0.0017874575053604632	-0.01188756418838026	0.002101337346385199	-0.0075431642116119	-0.0116335573843484	0.0065677415556152155	-0.006824350770113047	-0.002145926311267527	0.00834593863473553	-0.003073855862876567	0.001856373498568162	-0.0011859335335980957	-0.0009454289261173918	0.0010027411265541568	-0.0	0.0	0.0	0.0	0.0	0.0	0.0	0.0	0.0	0.0	0.0	0.0	0.0	0.0	0.0	0.0	0.0	0.0	0.0	0.0	0.0	0.0	0.0	0.0	0.0	0.0	0.0	0.0	0.0	0.0	0.0	0.0	0.0	0.0	0.0	0.0	0.0	0.0	0.0	0.0	0.0	0.0	0.0	0.0	0.0	0.0	0.0	0.0	0.0	0.0	0.0	0.0	0.0	0.0	0.0	0.0	0.0	0.0	0.0	0.0	0.0	0.0	0.0	0.0	0.0	0.0	0.0	0.0	0.0	0.0	0.0	0.0	0.0	0.0	0.0	0.0	0.0	0.0	0.0	0.0	0.0	0.0	0.0	0.0	0.0	0.0	0.0	0.0	0.0	0.0	0.0	0.0	0.0	0.0	0.0	0.0	0.0	0.0	0.0	0.0	0.0	0.0	0.0	0.0	0.0	0.0
S2017t1_E14-T1b-Male	0.03276708731640851	0.08046331702928111	-0.02366131433674206	0.06446815935384906	-0.1263525445936056	-0.08000647124733627	0.026219705086248008	0.03980070818033762	-0.10169340573768253	-0.030140345533363044	0.0342164606931612	0.015912236941396856	0.06197779260448705	-0.01814319167843813	-0.012085790101889888	-0.08260590695427732	-0.05563772220617952	0.02672864388857369	-0.048471116878660125	-0.050289145251359364	-0.007953050043796945	-0.06811375720688488	0.027930791531119555	-0.010886541698825367	0.07298598301309452	-0.013679435955753137	-0.03253162603637656	-0.005213325261557528	0.05219016684840216	-0.054093226719500224	0.011354371068780216	0.008764660634744422	-0.004139425193715167	0.020891064224369676	0.029327734239611637	0.006779438046665175	0.04862864229817115	0.023281465434804978	-0.005550101330498164	0.05325641875726127	-0.04199660651040252	0.02145203241470794	-0.010530992375239811	0.01444455955758133	-0.02574262463155857	0.0019212811354198842	0.0175895217111023	0.0061666640694739315	-0.03097011380553709	-0.0073512522185989835	0.04505651488516699	0.00519340576831326	0.012669601121906847	0.03696329391546361	0.032875340163895976	0.03116308343009474	0.00741751505789432	-0.0016501781856027623	-0.00021014791514931778	-0.003166094262633898	0.0026335050269923406	0.021749365045638437	-0.01970624998937659	0.013392677913353976	-0.008094952524264754	-0.0027164029178335302	0.022672861769514663	-0.007308871267619548	-0.01569491406987077	-0.01026048953461744	0.011380055010677684	-0.05411481007984321	0.00662047149155436	-0.011134327711656834	-0.015228230566150955	-0.01579648319663382	-0.008951756424145361	0.005951635002984065	-0.008174552875653681	-0.008082485905873144	-0.030875727355333598	0.0022723202891083857	-0.0035842014097099096	-0.0016072935144918268	-0.0011068923487427469	0.0029159668651871007	-0.0024399045348713557	0.013765307493351501	0.004250041414493504	-0.012937385287054784	-0.0029050610025828753	-0.01812588714099023	-0.006025793584043217	0.0199244200541894	0.011933413649947324	0.003323198013465969	-0.006366571093361431	0.002156308251476043	0.002830863133842133	0.002713454774035697	-0.008726685192796983	0.00434175597704946	0.0026639482390528628	-0.009676060360064406	0.002896049651568815	-0.002962217282822753	0.0024447297646743517	-0.0006188725243086253	-0.0	0.0	0.0	0.0	0.0	0.0	0.0	0.0	0.0	0.0	0.0	0.0	0.0	0.0	0.0	0.0	0.0	0.0	0.0	0.0	0.0	0.0	0.0	0.0	0.0	0.0	0.0	0.0	0.0	0.0	0.0	0.0	0.0	0.0	0.0	0.0	0.0	0.0	0.0	0.0	0.0	0.0	0.0	0.0	0.0	0.0	0.0	0.0	0.0	0.0	0.0	0.0	0.0	0.0	0.0	0.0	0.0	0.0	0.0	0.0	0.0	0.0	0.0	0.0	0.0	0.0	0.0	0.0	0.0	0.0	0.0	0.0	0.0	0.0	0.0	0.0	0.0	0.0	0.0	0.0	0.0	0.0	0.0	0.0	0.0	0.0	0.0	0.0	0.0	0.0	0.0	0.0	0.0	0.0	0.0	0.0	0.0	0.0	0.0	0.0	0.0	0.0	0.0	0.0	0.0	0.0
S2017t1_E16-T1a-Female	-0.07139038271080658	0.12756808955570795	-0.05080870249098554	-0.04085359868901992	-0.15639306036907916	0.017735467517534142	-0.020573583474142537	0.07993004347230875	0.07608815237356799	-0.019476596809435386	-0.0059965668141306	-0.014951799410667712	-0.08597601213176279	-0.04958502548453897	-0.045722123097085	-0.0064033634747409866	-0.0316620093586191	0.022709524966296423	-0.08066042076472293	0.03830439620792966	-0.04980944920321601	-0.01888193714883774	0.06378977416715736	0.014443489511745608	-0.051710408663733595	0.022065578416424585	-0.055254842015982214	0.024858446012637807	-0.016501582402100583	-0.01635200022141259	-0.013014900857516538	-0.033140080941529225	0.003761593580118532	-0.013718687022419804	0.02417526622267598	-0.013142357473008829	0.023155522628787013	0.039861842570753495	-0.014691205590347024	-0.015149177487925552	0.008679181387426975	0.01783210829802801	-0.01078565434854041	-0.01056892268062169	-0.024105757230763254	-0.00765120389901899	0.018870183017092403	-0.019013868843357404	0.03974833003889251	0.020597046839527	-0.004078607814907657	-0.026529293604833092	0.013257294022350994	0.0027943901140108245	0.00920983063442682	-0.0009106919101409929	0.0017022387763576835	-0.008833764122746715	-0.00553231076789214	0.0034583932806036208	-0.009311937925254926	-0.012284598701840696	0.003524243318799537	-0.029617357677037194	0.02233540664765867	0.0036362340728750384	-0.004053088533298903	0.009705244028338986	0.026438482379683846	0.01169717033420553	-0.02184734071385775	-5.3164076857822645e-05	-0.0034272807564058095	-0.012437927588100561	0.0015923573308642195	0.021845617991803658	-0.008904628534756417	-0.007925591051245254	-0.008570215178741458	0.00788451672801247	0.002218781765872728	-0.0033669438612456723	0.003110519267367373	-0.0025296098689632928	-0.007663823913601842	0.0017782228496669656	-0.002699439404149848	0.0038362187574489787	0.003947422009930613	0.0015563952732061286	0.007719827762907693	0.0034663037405917477	-0.005033472275184817	-0.002945057074019295	-0.009938058544631	-0.0003662382012216334	0.00019593727433541965	0.006634239709385704	0.00891262828346236	0.0037973768772756366	-0.006509240141909823	0.002637016468123906	0.00299033859004377	-0.0034268072958577468	0.0004305319191120377	-0.001964614843033256	-0.0014157384481637237	0.0017424011206025264	-0.0	0.0	0.0	0.0	0.0	0.0	0.0	0.0	0.0	0.0	0.0	0.0	0.0	0.0	0.0	0.0	0.0	0.0	0.0	0.0	0.0	0.0	0.0	0.0	0.0	0.0	0.0	0.0	0.0	0.0	0.0	0.0	0.0	0.0	0.0	0.0	0.0	0.0	0.0	0.0	0.0	0.0	0.0	0.0	0.0	0.0	0.0	0.0	0.0	0.0	0.0	0.0	0.0	0.0	0.0	0.0	0.0	0.0	0.0	0.0	0.0	0.0	0.0	0.0	0.0	0.0	0.0	0.0	0.0	0.0	0.0	0.0	0.0	0.0	0.0	0.0	0.0	0.0	0.0	0.0	0.0	0.0	0.0	0.0	0.0	0.0	0.0	0.0	0.0	0.0	0.0	0.0	0.0	0.0	0.0	0.0	0.0	0.0	0.0	0.0	0.0	0.0	0.0	0.0	0.0	0.0
S2017t1_E16-T1a-Male	-0.06397227948502057	0.12171174875575537	-0.04767350435298459	-0.033811334693784834	-0.06232837540379622	-0.09166319123640318	-0.058979968374846044	-0.030946144860731824	0.09235441695317106	0.06293733351245015	-0.0510611124673457	-0.10798148250313873	-0.027168327654618428	-0.04773567173174561	-0.010370141744956516	-0.018642848147601386	0.0012839477391042057	0.042793236891691955	0.03471296103234349	0.06567740802236843	-0.00025880078804806463	0.03366575611594888	0.054649951097845234	-0.013924807389695123	-0.0227249080721521	0.0654141575460779	-0.0025547863544730575	0.026564530238095532	-0.05662632739075994	-0.033490266707044344	-0.015682014635915113	-0.02113581760192847	0.004126789605160904	-0.011937674488772169	0.01728351792525035	-0.0042778142760832765	-0.019631772390997518	0.026345526805784402	0.02026784513599363	-0.01547018023597828	0.005268935089656674	-0.006679481406158666	-0.03655471063602311	-0.001567761764112245	-0.020114548069723508	0.008129226855133797	0.021538731297178166	0.01082920489908989	0.010246035046715979	-0.0037955696883551792	-0.004316657292819708	-0.0009814886632725274	-0.0333851566605243	-0.009648122640791904	-0.009812703053710643	0.002638248379864883	0.023793504141605585	-0.01608724050429921	0.014959256191611184	-0.018167536597264538	0.012732126077662378	-0.015208689656036252	-0.002203550079365604	0.011974130080853112	-0.0007988737582043003	0.02417299002246142	-0.006720475309366631	-0.0037755319824569933	-0.019205304834008237	0.008280370358797279	0.0012401895365749616	0.004514626070168356	0.006952078940109308	0.0010190665937096857	-0.00448511678408165	-0.0010311943426115934	0.01038147891583676	0.0030693940823041687	0.0033823565194756114	-0.015617839531914817	-0.0008417885218379255	-0.005554899180833572	0.012841707356911496	0.0008801740952465936	-3.359870164873152e-05	0.0030686177732263398	-0.01536695991959717	0.0028702810141413414	-0.007395987677514551	0.009773998097345684	-0.005987342995790353	0.00640685225037115	0.005345231413295121	0.001222844620528247	-0.0018471046000432042	-0.0046152301641464045	-0.0054658947145752685	-0.0002478090860505445	-0.005326880057560389	-0.0003297662212243235	0.0035416365176999727	0.0051817823281004255	0.0007840601006828798	0.0030553113756806617	0.00028382760752500703	-0.00101394564145478	-0.004457927484039107	0.001940134917621448	-0.0	0.0	0.0	0.0	0.0	0.0	0.0	0.0	0.0	0.0	0.0	0.0	0.0	0.0	0.0	0.0	0.0	0.0	0.0	0.0	0.0	0.0	0.0	0.0	0.0	0.0	0.0	0.0	0.0	0.0	0.0	0.0	0.0	0.0	0.0	0.0	0.0	0.0	0.0	0.0	0.0	0.0	0.0	0.0	0.0	0.0	0.0	0.0	0.0	0.0	0.0	0.0	0.0	0.0	0.0	0.0	0.0	0.0	0.0	0.0	0.0	0.0	0.0	0.0	0.0	0.0	0.0	0.0	0.0	0.0	0.0	0.0	0.0	0.0	0.0	0.0	0.0	0.0	0.0	0.0	0.0	0.0	0.0	0.0	0.0	0.0	0.0	0.0	0.0	0.0	0.0	0.0	0.0	0.0	0.0	0.0	0.0	0.0	0.0	0.0	0.0	0.0	0.0	0.0	0.0	0.0
S2017t1_E16-T1b-Female	0.047692403152229855	0.1444330164025446	-0.07463226783844705	-0.07886418769270294	-0.12797075598573016	-0.08488591414924995	0.0013580097544531283	-0.0017696425157596534	0.024950986355544123	0.024673818520345385	-0.07352454082416264	-0.03968638902107844	0.037047974891804905	-0.043712928338831995	0.025927524906861003	-0.007133456899463453	0.013819112613237695	-0.004861356205946034	0.07008836485710311	0.04068655066574877	0.0060218198288572115	-0.013415091483013258	0.02971749803152692	0.012288313581121748	0.03184276151636157	0.019709280016063233	0.009284015542592991	-0.00941876190356368	0.022273884070972146	0.0036487685426951715	-0.02940571620902178	-0.023797398275177024	-0.03171050688590405	-0.013436822774681199	0.007416441930367166	-0.0020899053792756733	-0.007103337816769867	0.005743541733833625	0.017046654221966856	-0.01474872032321005	-0.024393364163193806	-0.011745739058452285	-0.04156864684000521	0.0312461930350796	-0.0007469112604091102	-0.02278920102819826	0.008324937202954878	-0.0019188346890017976	-0.016063681139780787	0.017918002342315553	-0.0405705265199141	-0.018670472561540037	-0.03266654199473905	-0.04349114101842928	-0.006613431774387049	-0.01792224086312939	-0.0012307690231479584	0.005019502808615147	-0.00799266221909601	-0.013174302215726583	0.007071601282855002	0.01355258581088013	0.006823784817438307	-0.012283662376655024	-0.009216390458892451	0.005352096455497008	0.018314886048940635	-0.006371990312400717	0.018295435333598672	-0.0032354541305160706	0.004512951219641601	-0.021870823757141233	-0.018241947486333357	0.00042061976873568026	0.0003962988958935062	-0.011097087500794944	0.002004142193616361	-0.0016104764785098502	0.0006689291467158426	0.0051503652157363425	0.01026512391376941	0.007110089543449137	0.010874060904193336	-0.000395642665130925	0.0038951362651184845	-0.0009904857290331894	-0.008340792458796037	-0.00830221424534707	-0.015327868611735705	-0.0019989234707799065	-0.010792484626518732	-0.0007681022854329794	-0.003269281880617567	-0.005006948144185359	0.005937230524280901	-0.0012351698918098921	-0.00021773812578665925	-0.0008924008853727424	0.006171845373698653	-0.007485106934035472	-0.0013569925342390022	-0.0025887547879147594	0.0024197102322875224	-0.0015899719112156083	-0.0010419284867094177	0.006238406020909219	0.0031456966141569695	-0.0005486311720677262	-0.0	0.0	0.0	0.0	0.0	0.0	0.0	0.0	0.0	0.0	0.0	0.0	0.0	0.0	0.0	0.0	0.0	0.0	0.0	0.0	0.0	0.0	0.0	0.0	0.0	0.0	0.0	0.0	0.0	0.0	0.0	0.0	0.0	0.0	0.0	0.0	0.0	0.0	0.0	0.0	0.0	0.0	0.0	0.0	0.0	0.0	0.0	0.0	0.0	0.0	0.0	0.0	0.0	0.0	0.0	0.0	0.0	0.0	0.0	0.0	0.0	0.0	0.0	0.0	0.0	0.0	0.0	0.0	0.0	0.0	0.0	0.0	0.0	0.0	0.0	0.0	0.0	0.0	0.0	0.0	0.0	0.0	0.0	0.0	0.0	0.0	0.0	0.0	0.0	0.0	0.0	0.0	0.0	0.0	0.0	0.0	0.0	0.0	0.0	0.0	0.0	0.0	0.0	0.0	0.0	0.0
S2017t1_E16-T1b-Male	-0.2554702944467133	0.08094163035896666	0.03362450020766022	-0.0036004302905010698	-0.009321699990326419	0.062218278066713546	-0.09854023909736456	-0.12254310673152852	0.04366369471873165	-0.03508541849278082	-0.08858032361520048	-0.04841855432269907	0.03359705176436815	0.029301901407111114	0.014290825718354739	0.0534941803699199	-0.010154089990907073	0.028987249783148015	0.05484488342235571	-0.007416836637393437	-0.021438116483160942	0.007703610504966798	0.0754779637010975	0.000878194134729645	-0.0495535730962609	-0.021369628182382586	-0.04024586014039472	-0.008976642757889343	-0.02843889004490688	0.009958086648608427	-0.016747235668426445	-0.006903859388446733	-0.015807600989366295	0.0008144543893595096	0.00047451870870385705	-0.021734791219897118	0.012103391773168543	0.014952682252287684	0.029551539167438138	0.020248098902313428	-0.017956651743547387	0.0011849786610335486	-0.03195099162531182	-0.002577607263918996	-0.015484250221334619	-0.003425582784733635	0.0018189559743165317	-0.009352968162799334	-0.043757738442171464	-0.0006978394535040801	-0.0018885067056875233	-0.0044686077713148	0.02700239259342775	0.011405488049564927	0.007883831075185315	6.337944464594122e-05	0.011926816935129324	-0.017012879069133503	-0.030935316118518325	0.008134320172390653	0.00436493321490245	-0.008450141989156468	-0.007893836174747494	-0.0089577572551645	0.00619734476234209	0.02213332793464428	0.013182383046824994	0.001040638661765576	0.00525972348648114	-0.004193388284994249	0.00043883384634003095	-0.004756618371952251	-0.02146613640268865	-0.02093060959427528	-0.017191897948373787	0.012079913982658596	-0.0016754260695303479	-0.0017147928296918523	-0.0035006288021315717	0.009748126574361311	0.004758900403729303	-0.001067650752834966	-0.010051404148756495	0.0037444505232158256	0.017040792835774258	-0.0031521921149576556	0.017635136110058035	0.005939713321406505	-0.0001812340418797928	0.00023270439444773885	0.0021099482468809527	-0.002866569602208897	0.007141810134968803	-0.003540695887804841	0.0003493411534960277	0.004138861349591639	0.005306335101506595	0.0013817771324165782	0.0011697351829016193	-0.004292544614491797	-0.0010584133518425267	-0.0021907580888713097	-0.001647140294580907	-0.0008211725836451607	-0.0017735591065981015	-0.00022200201269699884	-0.002688985152482078	-0.0013643452295142224	-0.0	0.0	0.0	0.0	0.0	0.0	0.0	0.0	0.0	0.0	0.0	0.0	0.0	0.0	0.0	0.0	0.0	0.0	0.0	0.0	0.0	0.0	0.0	0.0	0.0	0.0	0.0	0.0	0.0	0.0	0.0	0.0	0.0	0.0	0.0	0.0	0.0	0.0	0.0	0.0	0.0	0.0	0.0	0.0	0.0	0.0	0.0	0.0	0.0	0.0	0.0	0.0	0.0	0.0	0.0	0.0	0.0	0.0	0.0	0.0	0.0	0.0	0.0	0.0	0.0	0.0	0.0	0.0	0.0	0.0	0.0	0.0	0.0	0.0	0.0	0.0	0.0	0.0	0.0	0.0	0.0	0.0	0.0	0.0	0.0	0.0	0.0	0.0	0.0	0.0	0.0	0.0	0.0	0.0	0.0	0.0	0.0	0.0	0.0	0.0	0.0	0.0	0.0	0.0	0.0	0.0
S2017t1_E17-T1a-Female	0.15913800835736203	0.06517267857215267	-0.014935426929973706	0.011182293523093946	-0.09592550715281672	-0.12474345767106158	-0.014862385222212934	-0.03234767861523025	0.024839061908161788	0.007253959466954553	-0.06741654643834767	0.013636309721229938	-0.06617269944621505	-0.05933850859132122	-0.024221341356488686	0.05879084299710949	0.05369456518639939	-0.03589584974671791	-0.01040600835212381	-0.024472783952395466	-0.02677494861945184	-0.04334578474184892	0.022597566339272266	-0.04797078487749399	0.029649021643509906	-0.08069002593698546	0.026287592603161405	-0.027481235266180393	0.07264322137028303	-0.018236517237769034	0.0012801535074366292	0.019786427789974515	-0.04913984115543533	-0.06220124558630319	-0.00608411925470819	0.01624385382116529	-0.008208367949371917	0.03314681828761612	0.03945486115311895	0.018892645363103065	0.0060961623608420485	-0.01767828144393882	0.0016766337694854275	-0.016460965953606965	0.038333361522800646	-0.005477748985437499	0.012270231711414222	0.010950017965796675	0.010542178247661066	0.030136162123347472	-0.03129671699932064	0.0035171087687397087	0.025726452801471417	0.004392580554253541	0.028341525029979393	0.01836781839829042	-0.0013926933973789977	0.03667384222893375	-0.021314079441757835	-0.016827193123524247	0.0017934430145698384	0.010988794021785516	0.015383074872545326	-0.009748798811628087	-0.0025659051905256047	0.002792734124605729	0.00506886795918939	0.04104369879943458	0.019052136366562045	0.021051355818088174	0.00796355599037022	0.016988428041054084	0.008222109654362889	-0.028982144372323267	0.05162631391994317	0.020706525188514808	-0.019730859297479777	-0.012866229433386526	0.012004007870439969	0.021175806805183876	-0.013338661671881807	0.006122574323703187	0.006398261617512818	0.011767189432259652	-0.010086758400579272	0.004956479725065658	-0.016745156671929332	-0.0023233978984958555	0.00695594067190127	0.006191687841142144	-0.006851613166223547	0.021670513107511856	0.00620754512201319	-0.0005090976115604244	-0.004449752222014836	-0.0016073223257806893	0.008246582101295419	0.006428694394668527	-0.007461340014263137	0.0048530629319462285	0.010626432620949384	-0.004961900314694264	-0.0016409238589338605	-0.0010337558112393501	-0.0004802563660377884	-0.005271368447680359	-0.0029011636197796018	-0.0025714744131330246	-0.0	0.0	0.0	0.0	0.0	0.0	0.0	0.0	0.0	0.0	0.0	0.0	0.0	0.0	0.0	0.0	0.0	0.0	0.0	0.0	0.0	0.0	0.0	0.0	0.0	0.0	0.0	0.0	0.0	0.0	0.0	0.0	0.0	0.0	0.0	0.0	0.0	0.0	0.0	0.0	0.0	0.0	0.0	0.0	0.0	0.0	0.0	0.0	0.0	0.0	0.0	0.0	0.0	0.0	0.0	0.0	0.0	0.0	0.0	0.0	0.0	0.0	0.0	0.0	0.0	0.0	0.0	0.0	0.0	0.0	0.0	0.0	0.0	0.0	0.0	0.0	0.0	0.0	0.0	0.0	0.0	0.0	0.0	0.0	0.0	0.0	0.0	0.0	0.0	0.0	0.0	0.0	0.0	0.0	0.0	0.0	0.0	0.0	0.0	0.0	0.0	0.0	0.0	0.0	0.0	0.0
S2017t1_E17-T1a-Male	0.1188680942189597	0.14658766913746565	-0.06892913986524432	-0.036556575134831286	-0.14414002164743075	0.030454625994162914	0.0010279642102192187	-0.07884615820398921	0.04393727527385947	-0.05373498048972993	-0.029507516721511667	0.022490902958887886	-0.049786016440977264	-0.03539765309059522	0.013796759548748684	0.017110666488810954	0.01874031692231005	-0.03976932611019955	0.02699492931265192	-0.029184014008677706	-0.05589824702822919	-0.024501434406029293	-0.0031022896458821037	-0.025412898863917604	0.019235908334331447	-0.0071316068279388516	0.005838944298384276	0.01189189062040217	0.01237717518738338	0.024770856256931664	0.01427049174194842	-0.020085220648432614	0.022023577590964006	0.002317014955696136	-0.03328829933603848	-0.0009582246453261171	-0.05101045123770915	-0.0026491771389389853	0.041962403647448375	-0.04925704670677575	-0.011181349439246905	0.002735239239874007	-0.008675956724637847	0.007831907752929928	0.015146857069491641	0.01796968846181327	0.040996341181927486	0.037098943629764965	-0.01200346172758952	-0.01336620407546317	-0.006385233358828744	0.015398763835962254	0.03500713236999113	0.017149673580867067	0.005553930208394513	-0.015964281043608003	-0.00926888522681689	-0.016181097470127515	-0.0143908414775623	-0.05073559757490907	-0.02955745887583346	-0.014878922609497615	-0.0118518875448996	0.0005077069126628261	-0.005028261375753699	-0.00784073506663676	-0.019322702252828044	-0.027549178093678992	0.03644080507076372	0.011718069092048788	0.012299756599458395	0.007345915758463996	0.0010141334415782316	-0.0014533299034490128	-0.0011423146089074405	0.03328918102450132	-0.010992423811181816	0.012967316904490059	-0.0046068802226164945	-0.016800981317924815	-0.014660428822699483	0.03134912823565577	-0.006471161604123987	-0.01861810680019955	-0.004632348579941904	0.008237642238599156	0.006856184719776254	-0.012939285429795905	-0.005183942728709942	0.03270228260464877	0.005817541933517726	0.011868453418442127	0.0011243844195069502	-0.0029498292593127004	0.01646161156827966	0.0018163642266330216	-0.0020173049871091246	-0.015074114097113662	0.010962643390189958	0.005571848090401323	0.007771114612381159	0.0009299383919518668	-0.0008062629835611921	-0.0033465580691985236	-0.0031689053218933766	0.0018422156351156622	0.0005828861985254412	-0.0024414053063892185	-0.0	0.0	0.0	0.0	0.0	0.0	0.0	0.0	0.0	0.0	0.0	0.0	0.0	0.0	0.0	0.0	0.0	0.0	0.0	0.0	0.0	0.0	0.0	0.0	0.0	0.0	0.0	0.0	0.0	0.0	0.0	0.0	0.0	0.0	0.0	0.0	0.0	0.0	0.0	0.0	0.0	0.0	0.0	0.0	0.0	0.0	0.0	0.0	0.0	0.0	0.0	0.0	0.0	0.0	0.0	0.0	0.0	0.0	0.0	0.0	0.0	0.0	0.0	0.0	0.0	0.0	0.0	0.0	0.0	0.0	0.0	0.0	0.0	0.0	0.0	0.0	0.0	0.0	0.0	0.0	0.0	0.0	0.0	0.0	0.0	0.0	0.0	0.0	0.0	0.0	0.0	0.0	0.0	0.0	0.0	0.0	0.0	0.0	0.0	0.0	0.0	0.0	0.0	0.0	0.0	0.0
S2017t1_E17-T1b-Female	0.11780349187322378	0.1086434975411566	-0.019313405355950865	-0.09297275717995757	-0.12328352392835767	-0.07838282545798227	-0.021445759872091328	-0.03659048897945393	0.059623323954553005	0.0031491012306237715	-0.048848204459682604	0.016447156811011134	-0.010986068094582264	-0.05282441586682171	0.014565790036016171	0.03187676659446681	0.04246191785337987	-0.03780660279449517	-0.0034757417124108383	-0.00734342270603996	-0.02363325654119245	0.01761896702605235	0.019236312791843273	-0.06226742464347095	0.01250165710616	-0.0903829185749844	0.032145099465653734	0.06830575364240865	0.030644044846562985	-0.009533094358989577	-0.016031096797276788	0.023543270586678138	-0.016934745064494373	-0.007157620142764592	0.022273775709782524	0.04160711829553948	0.020325505753812038	0.022386299260118047	0.010466184291195484	-0.05879696380176034	0.0039024840113901687	-0.011850676436003398	-0.023546826289080607	-0.005617015733454028	-0.004960520964058263	0.017697143302701987	-0.006328462706592468	0.0416983610183264	-0.008665688249241209	0.015776411809387724	0.002891475396752817	0.006396279157939136	-0.03209273331737156	-0.012912268230459862	-0.014386201835050166	0.028464426610834384	-0.0012984370121204793	0.02317115886528334	0.011138999112259126	-0.002402218973469757	0.012072640067695534	0.0133103477865657	0.009959498735559385	0.05217389324503477	0.010826292013774653	-0.011822791930634164	-0.01566290343868732	-0.015205590596024764	0.007617500197532356	0.015081299813255407	0.010544108054439541	0.02672490744364083	0.00035631840650613317	0.021975407173026214	-0.009519944518813247	-0.021146093144923963	0.030894177505336275	0.0007749982100344395	0.01039025474308917	0.005612800917760053	-0.026756607453525816	-0.004231287296526571	-0.00988260435241687	-0.008116122793971961	0.011956842371623306	0.022314880057246144	0.0186415559053862	-0.005312323365872154	-0.0007511235996240878	0.0011719616045826671	-0.0044846284244273735	0.009045329783372509	-0.035255562484001766	0.010982040223010223	-0.018610368530762623	0.00817915016702856	-0.00028565688210513337	-0.009959283467371804	0.005588745774013034	-1.1314622277101347e-05	-0.007027309133814383	0.006282751988494197	-0.008463666982628648	-0.001927788455202803	-0.003790828226321438	-0.003099307270102385	0.0030838285816551297	-0.00019426020219980098	-0.0	0.0	0.0	0.0	0.0	0.0	0.0	0.0	0.0	0.0	0.0	0.0	0.0	0.0	0.0	0.0	0.0	0.0	0.0	0.0	0.0	0.0	0.0	0.0	0.0	0.0	0.0	0.0	0.0	0.0	0.0	0.0	0.0	0.0	0.0	0.0	0.0	0.0	0.0	0.0	0.0	0.0	0.0	0.0	0.0	0.0	0.0	0.0	0.0	0.0	0.0	0.0	0.0	0.0	0.0	0.0	0.0	0.0	0.0	0.0	0.0	0.0	0.0	0.0	0.0	0.0	0.0	0.0	0.0	0.0	0.0	0.0	0.0	0.0	0.0	0.0	0.0	0.0	0.0	0.0	0.0	0.0	0.0	0.0	0.0	0.0	0.0	0.0	0.0	0.0	0.0	0.0	0.0	0.0	0.0	0.0	0.0	0.0	0.0	0.0	0.0	0.0	0.0	0.0	0.0	0.0
S2017t1_E17-T1b-Male	0.2043195391452948	0.07309544511038467	-0.03379610213811391	-0.01850655052881526	-0.1399440029943515	-0.05013478761112979	0.03822374895082093	-0.014506622272377527	0.12556647002822235	0.011408246531179384	-0.1083323883715453	-0.07591057455447392	-0.03506711515100776	-0.019719097031818227	0.005477470966574869	0.0437785485896083	-0.02577869153933852	-0.035373192379624455	0.028616098415714608	-0.08478043754398634	-0.07609738799303818	-0.054197500714722006	0.10090880984837629	0.00318737867263551	0.02899264880441532	-0.051558197212101066	0.0005204587220197893	0.05802890367170395	0.04855990755308743	-0.01517419625164875	0.026348300703214887	0.003977199579688043	0.024197371921372845	0.00409315198847726	-0.021581472407012154	-0.00864367588296528	0.014840218352283864	0.02913458449005873	0.005969175862367059	-0.007280985330306061	0.029855878715990415	-0.037776802354041183	0.050325486959193706	0.0029546524202470927	0.01745971809689777	0.010576019860817926	-0.010708477497399492	0.024483300322749084	-0.0014433768988410206	0.02819491760883038	-0.021604623225442942	0.04714543897522156	0.0385871615968151	0.010530445216270461	-0.04319240390193483	-0.022891430620638614	-0.033483892919198135	-0.016008194955263823	-0.0041176790354510865	0.010372861695377744	-0.01686929737552132	0.03006943924162669	-0.012096214401530025	-0.00012852016999055204	-0.0044975989114911935	-0.03718298863494243	-0.0035369478480391345	0.006614887710904643	0.0009923020669423863	0.015737015090989525	0.008030545485855673	0.008490051684527173	0.031700954718670904	-0.010521270490207135	-0.009780596022908296	-0.004770862851517293	-0.031014319372102583	-0.009547082095497447	-0.012731755863237338	-0.013918233122492131	0.010037353930061641	0.00023107968394877487	0.014522912924582087	0.015595194652788892	-0.022101331332946762	-0.001817482564477612	0.004039900430168737	0.031206562052236524	0.004858959797694075	0.010279621287398446	-0.0017088588831537443	-0.0008781340124630907	0.0014128882687643965	-0.009522972278797118	-0.0019388048683106542	-0.006689419827535866	0.004279247357181283	0.0036608382566089815	0.0013846761420205685	-0.0020545542588764226	0.0033285052115662713	0.01982017639221552	-0.000540701551023736	0.0023836918651073324	0.0025576355779597763	0.002938121593834146	-0.000533821926548216	0.0021000582534824925	-0.0	0.0	0.0	0.0	0.0	0.0	0.0	0.0	0.0	0.0	0.0	0.0	0.0	0.0	0.0	0.0	0.0	0.0	0.0	0.0	0.0	0.0	0.0	0.0	0.0	0.0	0.0	0.0	0.0	0.0	0.0	0.0	0.0	0.0	0.0	0.0	0.0	0.0	0.0	0.0	0.0	0.0	0.0	0.0	0.0	0.0	0.0	0.0	0.0	0.0	0.0	0.0	0.0	0.0	0.0	0.0	0.0	0.0	0.0	0.0	0.0	0.0	0.0	0.0	0.0	0.0	0.0	0.0	0.0	0.0	0.0	0.0	0.0	0.0	0.0	0.0	0.0	0.0	0.0	0.0	0.0	0.0	0.0	0.0	0.0	0.0	0.0	0.0	0.0	0.0	0.0	0.0	0.0	0.0	0.0	0.0	0.0	0.0	0.0	0.0	0.0	0.0	0.0	0.0	0.0	0.0
S2017t1_E19-T1a-Female	-0.07619640216538123	0.04062768074288631	0.004709843614743818	0.008004338719309717	-0.12402388943813807	-0.09693985685145237	-0.01793766856816379	0.08984042595389602	-0.030705084506870452	0.17987580677094342	0.034319130342377976	-0.01794702339594215	0.004419214436096002	0.06733743179506498	-0.058440701541102334	0.08313871412769731	0.061174891207869085	0.023408712260596667	-0.0787942953158116	-0.029775707875028333	-0.01982813616849513	0.05781435958582265	0.01111874030452918	0.014478747722263572	-0.03130521437159842	-0.0692008319887885	-0.024010521659301308	-0.02008765353970555	-0.012119041621092879	-0.021980070205035642	-0.0013123682429747542	-0.011565203620997302	-0.01975088573027551	-0.040147955182476436	0.05120227643407491	0.045966680451067964	-0.016839583228701806	0.01951254937677602	0.028005972091315036	-0.001314192286964956	-0.00896651275702043	0.024851520605968017	-0.020841155875733975	0.00409319968084348	-0.012482798966547113	0.027166231939932988	-0.0057808035737645725	-0.008704804861714856	0.04313196450368456	0.0020124352021558627	0.010042289557131939	-0.01134958238240628	0.018102276806062873	-0.00872011385017104	0.01379636211602587	0.0033263587376421606	-0.013839718293190369	-0.014367235660547546	0.010433144081063522	-0.002950459977563986	-0.04231712273590387	-0.023622091407491067	0.003502239298457883	0.002194985639673485	0.00955534633021563	-0.022795939970593888	0.0033846882730715062	0.0032602055461007492	-0.005029833291581076	0.0023859762651090616	0.021785441534991144	-0.008796717471603972	0.008471320199603378	0.003980163058081216	-0.007853139530485368	0.03171437890516276	0.002104992097000099	-0.015682879538351544	0.0015827104200708804	0.00207322105391452	-0.0072697378753243235	0.006495385814577642	0.01695989668895728	-0.017513648482144345	0.016878358358868892	0.0024959570117232877	-0.004486683262343914	-0.0018480559260353896	-0.0050049934804286675	-0.00877259624160229	0.00033842491592670903	0.0050249343219914665	0.00686993470366906	-0.0055856052231240075	0.0012720932402668517	-0.0038213016821012765	-0.0033693873769838423	0.005591427965852019	-0.0033842788358567338	0.005117227707366814	0.0002001677860661003	-0.00593560801949483	0.0026336051337655323	-0.0016156049083822428	-0.0018734698797829735	0.0013624001123196353	0.0027057370620632275	-0.0011586734307618642	-0.0	0.0	0.0	0.0	0.0	0.0	0.0	0.0	0.0	0.0	0.0	0.0	0.0	0.0	0.0	0.0	0.0	0.0	0.0	0.0	0.0	0.0	0.0	0.0	0.0	0.0	0.0	0.0	0.0	0.0	0.0	0.0	0.0	0.0	0.0	0.0	0.0	0.0	0.0	0.0	0.0	0.0	0.0	0.0	0.0	0.0	0.0	0.0	0.0	0.0	0.0	0.0	0.0	0.0	0.0	0.0	0.0	0.0	0.0	0.0	0.0	0.0	0.0	0.0	0.0	0.0	0.0	0.0	0.0	0.0	0.0	0.0	0.0	0.0	0.0	0.0	0.0	0.0	0.0	0.0	0.0	0.0	0.0	0.0	0.0	0.0	0.0	0.0	0.0	0.0	0.0	0.0	0.0	0.0	0.0	0.0	0.0	0.0	0.0	0.0	0.0	0.0	0.0	0.0	0.0	0.0
S2017t1_E19-T1a-Male	-0.1311713055728321	0.056765892125920175	-0.017580715215062492	0.025006601534526676	-0.058040242945838184	-0.12345344408942692	-0.06699138275542234	0.08567532201126446	-0.04150303139622105	0.10306742878991201	-0.08383045463776191	-0.021507397819528637	-0.008072766917662122	-0.008596638917921387	-0.05879401523004497	0.02069488467072035	0.0022265976650654566	0.06352311668915885	0.01733386309079728	0.04712536784262379	-0.0331957666029582	-0.03852331239774684	0.022820345168283584	0.020612706556649124	-0.01658855282400785	-0.008648173061637907	0.015965136322560927	-0.016376655844187096	0.013432431904754313	-0.012201519800874801	0.015984310208999333	-0.0034466343323418646	0.016622100176693286	-0.012928768270848845	0.05592085323865865	0.01609056312070042	0.006212678197677166	0.000867136042773775	0.0045818124611006475	-0.03573716354598761	0.005987153586251175	-0.004118954881053883	0.001186348943574082	0.023574886670586194	0.005739667855330563	0.00852029132516215	-0.0006635233502392167	-0.02052258219832123	0.015203793220009813	0.013767136887154733	-0.003654881908417301	0.023868160179467038	0.02285368734411321	0.024669599336388962	-0.00696510792252891	-0.00504966988365912	0.019616093523793638	-0.004771278885317889	0.014546882151310446	0.012370353741218181	0.012959671038277765	-0.004055102321657097	-0.014272880122583325	-0.005292820771001794	-0.006672319854176177	0.015825188067355833	-0.025313178476285888	0.004504567843315108	-0.014602959215839798	-0.0012979807801492028	-0.00775451183075175	-0.001413717555029293	0.004383198624758909	0.003944327044108907	-0.01780578404115315	0.001971965161799394	-0.011010366173626353	0.020505411351320592	-0.007025040835272974	-0.0026538955913902105	-0.004184664163668527	-0.015369127550929363	-0.012246370303026959	0.004639314288960604	0.010492137410255798	-0.004509584539420964	-0.001088981055241267	0.004467646399525625	0.0076822537566273935	-0.007193461851259113	-0.0019474144629080448	-0.006464207037166583	1.9767348697882067e-06	-0.002933967845479079	-0.0070340855079856985	0.0020340039580508842	0.0016748710680088118	0.007242832402260623	-0.0016606003191587085	-0.0024509629451414067	0.0014703233951686317	-0.001271963994148346	0.0026842912036398213	-0.00017317250451419317	-0.003574475379485587	1.7288178433068035e-05	-0.0028573156370404213	-0.0008867334411544471	-0.0	0.0	0.0	0.0	0.0	0.0	0.0	0.0	0.0	0.0	0.0	0.0	0.0	0.0	0.0	0.0	0.0	0.0	0.0	0.0	0.0	0.0	0.0	0.0	0.0	0.0	0.0	0.0	0.0	0.0	0.0	0.0	0.0	0.0	0.0	0.0	0.0	0.0	0.0	0.0	0.0	0.0	0.0	0.0	0.0	0.0	0.0	0.0	0.0	0.0	0.0	0.0	0.0	0.0	0.0	0.0	0.0	0.0	0.0	0.0	0.0	0.0	0.0	0.0	0.0	0.0	0.0	0.0	0.0	0.0	0.0	0.0	0.0	0.0	0.0	0.0	0.0	0.0	0.0	0.0	0.0	0.0	0.0	0.0	0.0	0.0	0.0	0.0	0.0	0.0	0.0	0.0	0.0	0.0	0.0	0.0	0.0	0.0	0.0	0.0	0.0	0.0	0.0	0.0	0.0	0.0
S2017t1_E19-T1b-Female	-0.1256754937088678	0.07977688905536068	-0.04482163645246414	0.08238961949665011	-0.05187171986764758	0.041997917866661294	-0.14202332655299588	0.14118409115914585	-0.13116403919760858	-0.012055720991780315	-0.0314606773357461	-0.10791700680843032	-0.014105092204791744	-0.059078407362113866	-0.043609735621923856	0.03571296084059537	0.018686920999970644	0.053990538612471564	-0.04507634833868648	0.02502090427395593	-0.043660918415893556	-0.003584905533658109	0.0009336416738575178	0.0740325613121078	0.01563656731531793	-0.019565481192796937	-0.0034617903014468156	0.06770259869569957	-0.07813563356256957	-0.010823006570202227	0.019083778720477538	0.05096681856796816	0.041039271286295996	-0.0278118213997131	0.06168322912268504	0.032229568490135974	0.01233383929427444	0.013531498131286296	-0.006459883204715234	-0.008017218190537226	0.024495398058006185	0.03406503627335486	-0.006307058951206164	-0.007513664981692912	0.018943204736652723	0.030465875333826893	0.005081698137663099	0.02755775141094959	-0.04291740926566839	-0.01679630132479691	-0.015901893597643744	0.02884711622961797	-0.024128740626912008	0.005120744191836967	0.01853564975227967	-0.01096176598829372	-0.009269333122425156	-0.02506666408223973	0.008455355997438707	-0.006642788051980797	0.021034307407245722	0.014630521577766007	-0.025988635552082282	-0.004416806406648403	0.005802443672329247	0.006334526031196748	-0.0017544336271226157	0.007087198075222396	-0.017397337613177754	-0.011152173176820213	-0.009839259066230788	-0.0020369090507924765	0.007141111529738152	-0.01891443035079254	-0.000771011997371859	0.0007247148789680325	0.0012585727244070661	-0.0032835899260068285	0.010349825773309354	0.001436276622001854	0.0026626090019346658	0.006778413695966108	0.0013877535652759515	0.00046372166023347325	-0.007408815051936226	-0.017227923099508973	0.014568923631544013	-0.00210821258255516	-0.003519073490564173	0.005265062778735447	0.00552795803520564	0.006764870855702518	0.002228808225446182	-0.00807905352267238	0.0055520995804797775	0.0035028895867735494	-0.000540553876422292	-0.006976848162324498	-0.004171202041865122	0.0023741593442852364	0.0059724960994537715	-0.00833725208005611	0.00040657825872931585	0.004152968031914163	-0.0024730493361975656	0.001870709997448865	0.0027715272253928504	9.407947720941966e-05	-0.0	0.0	0.0	0.0	0.0	0.0	0.0	0.0	0.0	0.0	0.0	0.0	0.0	0.0	0.0	0.0	0.0	0.0	0.0	0.0	0.0	0.0	0.0	0.0	0.0	0.0	0.0	0.0	0.0	0.0	0.0	0.0	0.0	0.0	0.0	0.0	0.0	0.0	0.0	0.0	0.0	0.0	0.0	0.0	0.0	0.0	0.0	0.0	0.0	0.0	0.0	0.0	0.0	0.0	0.0	0.0	0.0	0.0	0.0	0.0	0.0	0.0	0.0	0.0	0.0	0.0	0.0	0.0	0.0	0.0	0.0	0.0	0.0	0.0	0.0	0.0	0.0	0.0	0.0	0.0	0.0	0.0	0.0	0.0	0.0	0.0	0.0	0.0	0.0	0.0	0.0	0.0	0.0	0.0	0.0	0.0	0.0	0.0	0.0	0.0	0.0	0.0	0.0	0.0	0.0	0.0
S2017t1_E19-T1b-Male	-0.0793179167380728	0.0791660337134627	0.015796959166592926	-0.10677876445462815	0.0014861958307342271	-0.08228309301642343	0.03416566178865254	-0.057369912061411045	-0.06577542745870059	0.06804736502214834	-0.055870116795908496	-0.01504247783192085	0.07028764725606544	0.019964300342803214	-0.045522067805030896	0.046159372403804994	0.11679391345727562	-0.007528337719256858	0.010441871184726483	-0.0046983228649547645	-0.01442707621583452	-0.0053338360541204605	-0.03752262218332404	-0.01234458568197522	0.07452578768949852	-0.0003492491762455253	-0.02867911572877574	0.023149156027392672	-0.024337692756022683	-0.042445609022381064	-0.00638853067117397	0.01812095506318101	-0.01925956288959923	-0.06260653781041359	-0.025821021037667966	0.03537878295684053	0.028482308206813457	-0.02246291144286196	0.016038499742528054	-0.0331077092145647	-0.032344800369591226	-0.028388425253023868	0.022694971038469663	-0.012924254039597693	-0.0072174366894098485	0.0015477828424518738	0.03294980410352569	0.015732215899055872	0.019195698513919616	-0.00805754268099114	-0.02043322340609329	0.005618574990327185	-0.014671442621846126	0.0008466274783935644	0.012504550182465522	-0.0028929321295258735	-0.04729491871567525	0.00764605209801249	-0.020417773648659397	0.016616128392245532	-0.025691896228453606	-0.0007584660977194348	0.0071616892730977585	0.007054257511344933	0.004910744590151862	-0.029391639495137754	0.0039306601338825265	-0.0020226993460807576	0.007314020319835861	-0.013412916172697395	0.0017550107352464431	-0.023785665408831022	-0.004936488058896682	0.01636669216772211	-0.011021561156686585	0.00680348706483721	0.012162123313712187	0.0037298275364468646	-0.003357577771730123	0.007495933878930253	0.00576716627541832	-0.012094422001581567	0.006408197361868874	-0.0028740541738089495	0.00024599742926567246	-0.0035983037296544234	0.0027887774350733216	-0.007948904422909303	-0.004710708440791045	-0.00144670804247172	-0.0013442034698426422	0.00340053312034639	0.009238991219743475	-0.005681002240435734	0.00012927899897465712	0.010160750278311781	-0.00034646041817579384	0.012328135645528709	-0.0017351217631493498	0.006293968719369876	0.002513487200292168	-0.005689875933290558	0.001230743183172	-0.003818551112502445	0.005735577022470547	-0.0014228194364306445	0.0020272028085770747	-1.898024648101714e-05	-0.0	0.0	0.0	0.0	0.0	0.0	0.0	0.0	0.0	0.0	0.0	0.0	0.0	0.0	0.0	0.0	0.0	0.0	0.0	0.0	0.0	0.0	0.0	0.0	0.0	0.0	0.0	0.0	0.0	0.0	0.0	0.0	0.0	0.0	0.0	0.0	0.0	0.0	0.0	0.0	0.0	0.0	0.0	0.0	0.0	0.0	0.0	0.0	0.0	0.0	0.0	0.0	0.0	0.0	0.0	0.0	0.0	0.0	0.0	0.0	0.0	0.0	0.0	0.0	0.0	0.0	0.0	0.0	0.0	0.0	0.0	0.0	0.0	0.0	0.0	0.0	0.0	0.0	0.0	0.0	0.0	0.0	0.0	0.0	0.0	0.0	0.0	0.0	0.0	0.0	0.0	0.0	0.0	0.0	0.0	0.0	0.0	0.0	0.0	0.0	0.0	0.0	0.0	0.0	0.0	0.0
S2017t1_E23-T1a-Female	-0.11773821201204347	0.07913458442691658	-0.016368422641572303	0.11823315410932404	-0.04504163526770632	-0.03553232862271412	-0.09447701090451635	-0.10459580941415081	-0.015351881162308418	-0.026099680197929683	-0.014030821370015512	-0.005302202462952165	0.006682090503500025	0.055872668153176756	-0.04905220543714273	0.06626645545951247	0.06824739008972323	0.03389941931186807	0.07848500407051943	0.03959095091804768	0.047510519245941026	0.01983696285416271	-0.009063696189389002	-0.037449567706291695	-0.05378159153482136	0.005917559429271458	0.020066414617988356	-0.018080690967948614	-0.01962875836657705	0.03189356608277909	0.03211084147847045	0.040967966038437865	-0.01182548757590741	0.04614442318796625	-0.022429237749944087	-0.05842692745757453	-0.019374467462637622	-0.03676166125230813	-0.03776772890339599	-0.017076407552084137	-0.016214393552029076	-0.000499321016208001	0.03795906008871719	0.023534684974837822	-0.006667610214214466	0.008475543792519467	0.00859938933085504	-0.013301368383224274	0.028937623477274382	-0.010613753109918219	0.06268010640740153	-0.021054158609923913	-0.01743597457745225	-0.008898867998615308	0.02417406405408425	-0.027257666254862045	0.0026223286474695373	-0.02558077190265778	0.007006392076609243	-0.020481317372987074	-0.0007764302293882776	-0.00042417404201302536	0.015294433613360464	0.02641630919786845	-0.010804438758254922	-0.05003899185398718	0.02669468375785527	0.008386494916653171	0.025269870173638038	0.0005850923342536264	0.003779727286945117	-0.016481391784330203	-0.011010471553478512	-0.0001546138471306347	0.006424727963372008	-0.016304783925648155	0.029739278692497078	-0.034564157901514604	-0.007284665721877877	0.0026126749777517	-0.005644245147698651	0.010734877111578903	0.00015274101394347172	0.00203854222606176	-0.012268642435031177	0.0069509547679003055	0.018323203227546568	0.009474715422584098	0.004611553019105194	0.0023023307924476175	0.010683376786399754	-0.0015429639801608698	0.014317438628819956	-0.007984500114074367	-0.010780014231312392	-0.007696488936116738	-0.0013339335771917417	0.007660176815323431	0.019513754164077503	-0.005240028462223163	0.011292275330609582	0.008832859448895192	-0.004869746109370241	0.0006030636514524576	-0.001195831678511425	0.004444472734523112	-0.0038108091039637183	-7.549796881198529e-05	-0.0	0.0	0.0	0.0	0.0	0.0	0.0	0.0	0.0	0.0	0.0	0.0	0.0	0.0	0.0	0.0	0.0	0.0	0.0	0.0	0.0	0.0	0.0	0.0	0.0	0.0	0.0	0.0	0.0	0.0	0.0	0.0	0.0	0.0	0.0	0.0	0.0	0.0	0.0	0.0	0.0	0.0	0.0	0.0	0.0	0.0	0.0	0.0	0.0	0.0	0.0	0.0	0.0	0.0	0.0	0.0	0.0	0.0	0.0	0.0	0.0	0.0	0.0	0.0	0.0	0.0	0.0	0.0	0.0	0.0	0.0	0.0	0.0	0.0	0.0	0.0	0.0	0.0	0.0	0.0	0.0	0.0	0.0	0.0	0.0	0.0	0.0	0.0	0.0	0.0	0.0	0.0	0.0	0.0	0.0	0.0	0.0	0.0	0.0	0.0	0.0	0.0	0.0	0.0	0.0	0.0
S2017t1_E23-T1a-Male	-0.08933164350939705	0.10411495324993936	-0.04362711551372426	0.03301644821706192	-0.1185285892582078	-0.05919955763733414	-0.08896194974148276	0.04623910831354041	0.026711184864817022	-0.05538977329952153	0.06874946773468642	-0.05279574527514443	0.09525474378098281	0.014639775145263568	-0.03370893513536019	-0.01430757663095447	-0.007478579031717196	0.04369914564796367	0.018921763308780894	-0.04235171320817231	0.015275772994326354	0.018522890607262952	-0.03299657391338799	0.033816298798885265	-0.036349290150774705	-0.002418944224585345	0.02672744089187388	-0.00943940241766541	0.03545921758951704	0.0019867242212444083	0.006027494635957912	-0.016189627555852234	-0.008989082274507761	0.06350011957293145	0.006355298940736037	-0.028054874807537912	0.011131829413406706	0.008560785797754093	-0.003747738726945824	-0.03753375177697392	-0.011245108159995056	0.003206601234539155	-0.004448487015874054	0.0030105449546432485	-0.009087879609455401	0.039291684633628365	-0.03769706270369995	0.0379420906451969	0.03165740055864585	0.01374518100676656	-0.02401732408467918	0.018939512361340487	0.02344553424833315	-0.02775470076517913	0.013694182139991415	-0.005881937245590142	-0.008092091404941958	0.008655151154979394	0.005709381026660668	-0.015325312612569081	0.007983309505561037	-0.016810108193174227	0.005680741205803433	-0.020863192268108507	-0.012137027980639717	-0.014107730912518273	-0.019944713902337218	-0.017872187711753196	-0.011846234716137456	-0.005797998679420361	-0.0025078675412879945	-0.008947589093667151	0.0005268995984724565	-0.00033726960699109157	-0.019054501585776387	0.0054094251177138316	0.0024633981509207046	-0.02707573338364336	-0.015501440452708896	0.007218561582671052	-0.008108292917756285	-0.023897789213418022	0.003989879489257338	0.016292250295727825	-0.016131465017347725	0.0056409188761649	0.010438635262411837	0.012193798056707724	0.007190909018129342	0.0033227752745388617	0.0025726760075506817	0.0019155099031692576	-0.007861095161494825	-0.0009737923797118977	0.007297754757508866	0.008001878000914312	-0.008436744718560924	-0.006592998369344052	0.0006792556310511735	0.010087564899169336	-0.005606000802936012	-0.008002747759081833	0.0049089289671491055	-0.0020554781517400813	-0.0017828811337990465	0.00509211762612838	0.0008780029512967805	-0.0021729896323170873	-0.0	0.0	0.0	0.0	0.0	0.0	0.0	0.0	0.0	0.0	0.0	0.0	0.0	0.0	0.0	0.0	0.0	0.0	0.0	0.0	0.0	0.0	0.0	0.0	0.0	0.0	0.0	0.0	0.0	0.0	0.0	0.0	0.0	0.0	0.0	0.0	0.0	0.0	0.0	0.0	0.0	0.0	0.0	0.0	0.0	0.0	0.0	0.0	0.0	0.0	0.0	0.0	0.0	0.0	0.0	0.0	0.0	0.0	0.0	0.0	0.0	0.0	0.0	0.0	0.0	0.0	0.0	0.0	0.0	0.0	0.0	0.0	0.0	0.0	0.0	0.0	0.0	0.0	0.0	0.0	0.0	0.0	0.0	0.0	0.0	0.0	0.0	0.0	0.0	0.0	0.0	0.0	0.0	0.0	0.0	0.0	0.0	0.0	0.0	0.0	0.0	0.0	0.0	0.0	0.0	0.0
S2017t1_E23-T1b-Female	0.02990498685188879	0.05322981102105114	0.016565831425623585	-0.019282228034615802	-0.10462943469642953	-0.12105353766153412	0.005335919528970475	0.029868155060357206	-0.0873683014662349	-0.00048407382279472467	-0.06315543680569917	0.12505700402174733	-0.025588524110052788	-0.012101156293636537	-0.028746715309108776	0.04808264660223828	0.05055302046357719	0.0047145711779883895	0.03499097610422624	-0.0012943404018825795	0.01664834157477391	0.03321262867430006	-0.04342029507695567	0.03945387512266908	-0.03664950422758199	-0.004214926799573089	-0.011801110743324699	-0.024106156391149616	-0.007852854925109832	-0.03151113971590101	0.028340492480289955	-0.04186251372675864	-0.04249841918283189	0.0339987144510949	-0.016851777822616768	-0.0077500362377380914	-0.0009838165341377464	0.013506678819221053	-0.05881261162183376	0.023029050219737484	-0.004933868361052947	0.026363706926237972	-0.039758834405851706	-0.021181767250643826	0.0053780955548515625	0.001963447878490609	-0.026163481503455772	0.040205454828780005	-0.0016159804809737328	-0.015078036761965391	-0.019198295648353996	-0.014545483484350768	-0.03138564781520973	0.031231520170892358	0.01507283972330829	0.028001227513748207	-0.01392298419579878	0.031956361552419786	0.0022299410733585953	-0.01747962540470942	-0.0036485713520760642	-0.005385957445656278	-0.010840955077166203	0.014161160805413879	0.006763502527825878	-0.02094459870370166	0.01576968792921118	0.0200294556901238	-0.0064639183850954095	-0.003874468581822882	-0.007291365019556815	0.016787106582602282	0.005860416622514598	0.005402350534587149	-0.040472096734792115	-0.007171945896932589	-0.0273803205035007	-0.009372892673759138	0.010512942046232657	-0.010019391257271843	0.0036246707993276605	-0.007814393148990732	0.00197486723107234	0.010919887742212453	-0.005483445057662703	-0.01354892378971593	0.01588683072284284	0.00027117373388047206	0.008598823233217763	-0.006047076518539008	0.0007979310107974601	-0.0027124584779274633	-0.004746185279065078	0.00510830434351354	-0.008476578143676193	-0.015791225897777	-0.006959455408704465	0.010577800473595507	0.003986047089306273	-0.0019001480252673422	0.0001118511015233651	0.0030542756218025578	-0.0005254843407417375	0.0028160468067319573	-0.0009236399617475942	-0.002557963253481355	0.002735217926461893	-0.00042174952082104516	-0.0	0.0	0.0	0.0	0.0	0.0	0.0	0.0	0.0	0.0	0.0	0.0	0.0	0.0	0.0	0.0	0.0	0.0	0.0	0.0	0.0	0.0	0.0	0.0	0.0	0.0	0.0	0.0	0.0	0.0	0.0	0.0	0.0	0.0	0.0	0.0	0.0	0.0	0.0	0.0	0.0	0.0	0.0	0.0	0.0	0.0	0.0	0.0	0.0	0.0	0.0	0.0	0.0	0.0	0.0	0.0	0.0	0.0	0.0	0.0	0.0	0.0	0.0	0.0	0.0	0.0	0.0	0.0	0.0	0.0	0.0	0.0	0.0	0.0	0.0	0.0	0.0	0.0	0.0	0.0	0.0	0.0	0.0	0.0	0.0	0.0	0.0	0.0	0.0	0.0	0.0	0.0	0.0	0.0	0.0	0.0	0.0	0.0	0.0	0.0	0.0	0.0	0.0	0.0	0.0	0.0
S2017t1_E23-T1b-Male	-0.030653476900187517	0.10443938076695977	-0.02190288024702256	0.02756970676756503	-0.11244265593981173	-0.04873574047561464	-0.004196352048603352	-0.040786250705534176	-0.06568699166273177	-0.09048742912632039	0.002504931162639649	0.08797537779889561	0.09548669216026819	0.0005082067535571859	0.058167039572719355	0.009243352275733903	-0.06433241977863949	0.01956259845950963	0.038029111748987876	-0.02620710338634837	-0.060320736340466016	-0.0022071036142676435	0.027546072007634148	-0.010137635470861002	-0.03853871400504268	0.007155970540871827	0.0215277634832315	-0.007612178363798246	0.059171677007885545	0.0033968804441941594	-0.02490532379207763	0.006271164907227513	0.0037625669593771395	0.04560817534972717	0.009441673411661373	-0.011968477360738207	0.02232249113291467	-0.030638516937610587	-0.08811036599764911	-0.03984408057725174	-0.01179971589892968	0.018070583672551467	0.015199102209096232	-0.03919320562955254	-0.00758767974843941	0.008741348480918646	-0.04534226316445807	0.029668733410540587	0.03848030293359303	-0.005886628880183078	-0.01414236454306639	-0.02216546040072885	-0.01217045063643739	-0.007901909311978298	0.024028543664309933	-0.033204435834936416	-0.00029797806698142454	0.016193635529530143	0.018484532032345142	0.0013602762205642332	-0.0004772397934210528	0.0074146610262231715	-0.020291688091365365	-0.019107902037455438	0.01316841592532273	-0.007402305876521041	0.004463893867529189	0.008604121628683457	0.007001266364579356	0.019170385328143327	-0.007640939629336089	0.012379703469811473	-0.040912837261865405	0.020049641743564904	0.006910301056218097	0.01553455629985644	-0.019758763330768796	-0.013305387419885368	0.0006095790241042705	0.005776426915234761	-0.01757215827913954	0.005502794995149462	0.0006708224379474483	0.0031500928973912266	-0.002937970523693445	-0.002972556102351587	-0.012156973295872618	-0.012822647422410351	-0.0011723745963486008	0.016870752892106516	-0.009157140952951769	0.0002503712016032569	0.012382157479768948	0.00835488689721338	0.009931903006635275	0.025245704477660003	0.013008652840564109	-0.0015598341655170948	-0.0003321130965826335	-0.00968949555688398	0.0029611619195111126	0.007835289322679892	-0.00200866910946471	0.0015663827101556865	-0.00036314517098243214	0.0013972777047748326	0.003242639452890831	-0.00011247121907625041	-0.0	0.0	0.0	0.0	0.0	0.0	0.0	0.0	0.0	0.0	0.0	0.0	0.0	0.0	0.0	0.0	0.0	0.0	0.0	0.0	0.0	0.0	0.0	0.0	0.0	0.0	0.0	0.0	0.0	0.0	0.0	0.0	0.0	0.0	0.0	0.0	0.0	0.0	0.0	0.0	0.0	0.0	0.0	0.0	0.0	0.0	0.0	0.0	0.0	0.0	0.0	0.0	0.0	0.0	0.0	0.0	0.0	0.0	0.0	0.0	0.0	0.0	0.0	0.0	0.0	0.0	0.0	0.0	0.0	0.0	0.0	0.0	0.0	0.0	0.0	0.0	0.0	0.0	0.0	0.0	0.0	0.0	0.0	0.0	0.0	0.0	0.0	0.0	0.0	0.0	0.0	0.0	0.0	0.0	0.0	0.0	0.0	0.0	0.0	0.0	0.0	0.0	0.0	0.0	0.0	0.0
S2017t1_E30-T1a-Female	-0.02630335410087253	0.1285406524466648	-0.03789076036733128	0.024433820380912772	-0.11288431408118557	-0.010308662156755346	0.00666983711178199	-0.10690269461930123	-0.006368823958511203	-0.007467192325426245	-0.02931796364627478	-0.08274251577150031	-0.011209051960767623	-0.049326169604654635	0.05021924918456624	-0.06675559681808488	-0.005378993318911534	0.02582993024577633	0.06793802114811151	0.05476879420124369	-0.02600415531960773	-0.015040506368446052	0.023741711734095592	0.04924432777391324	-0.028365064375412936	0.052715209496065826	-0.014925453373977103	0.015609161213581788	-0.04900715181346959	-0.01681093271247246	0.01680060749780739	-0.002816553160816223	0.04028343276439607	-0.003488498151208306	-0.057133636224116	-0.022340079821915926	0.0018394720913012912	-0.0008899695670709077	0.031681119108852136	0.007383282479926779	0.02803403951176402	-0.022207142727094502	-0.013484899745851561	-0.025406777070839912	0.0026449270905787143	0.028244642988887292	0.005184870197368526	-0.010844630831218692	0.039631735054520764	-0.014666970153999728	-0.0029015618437342157	-0.04224690026159811	-0.004610569064566764	0.0004865543903623641	-0.014883315482378383	0.0015581580593101896	-0.0345390007769489	-0.0033163307657824424	-0.01954385357476788	0.0023252886577665483	-0.003603757694501646	0.015552632988065907	0.008391696331176273	-0.019549825508953726	-0.0059460759921442395	0.017451648025261713	0.02448738797413969	-0.0011320294444141575	-0.01796472185079146	-0.0036784958709617445	0.025155551826174086	-0.00879875864774609	-0.0025542901075335514	0.01601062486022615	-0.013999384139290387	0.006724902097055761	0.014320615253030149	-0.008254620669275157	0.010536415047106326	-0.013811673511875391	0.01908447023759206	-0.005102887818885432	0.005796403508115434	0.012624940310249654	0.002403811633928318	-0.008028704009801765	-0.012309621089885373	0.0025435395765618365	-0.0002370394592596501	-0.011241170458548892	-0.003926043099031832	0.005204610566468425	-0.016724076482808003	0.006112791446932912	0.002992445779220301	0.0033134241673529064	-0.007490766716667448	-0.0026494437636435286	0.009423605257908337	0.00657323650863627	0.0018159529362211022	0.004134114125084512	-0.0024623594842545417	-0.004061389613115165	-0.007225650919543398	-0.000559999481097599	-0.0008608169539527393	-0.00348364267630695	-0.0	0.0	0.0	0.0	0.0	0.0	0.0	0.0	0.0	0.0	0.0	0.0	0.0	0.0	0.0	0.0	0.0	0.0	0.0	0.0	0.0	0.0	0.0	0.0	0.0	0.0	0.0	0.0	0.0	0.0	0.0	0.0	0.0	0.0	0.0	0.0	0.0	0.0	0.0	0.0	0.0	0.0	0.0	0.0	0.0	0.0	0.0	0.0	0.0	0.0	0.0	0.0	0.0	0.0	0.0	0.0	0.0	0.0	0.0	0.0	0.0	0.0	0.0	0.0	0.0	0.0	0.0	0.0	0.0	0.0	0.0	0.0	0.0	0.0	0.0	0.0	0.0	0.0	0.0	0.0	0.0	0.0	0.0	0.0	0.0	0.0	0.0	0.0	0.0	0.0	0.0	0.0	0.0	0.0	0.0	0.0	0.0	0.0	0.0	0.0	0.0	0.0	0.0	0.0	0.0	0.0
S2017t1_E30-T1a-Male	-0.0642248764493187	0.17378485303719376	-0.06949669657377909	-0.08878660175691798	-0.03617111116550817	0.10874101362091851	-0.16483094856339872	0.0029488790765762347	-0.06861750602029333	-0.10772521321681551	-0.04741719119629103	-0.043141034529930025	0.11415584948085347	-0.07066836079508765	0.01944730182597964	0.020150977892506652	0.057579961220087114	-0.04298904815165356	0.002067701586901593	4.083043038627329e-05	0.05254199239338969	0.04855360194893633	0.0007672487879869119	0.015207165981261463	0.023483911746543476	-0.014661329897698276	-0.010093910504094047	-0.03922360590936217	-0.018360533472347593	-0.028448561373110904	-0.044583658165453476	0.04910618161559196	-0.03752992234797606	-0.03399583434496118	0.04722866531570405	0.017871876259672605	0.02440930128590581	0.011656926411538794	-0.014354987824982547	0.02836061684542876	-0.022502140541551217	0.002927179653262383	0.008172442015351465	-0.05029178175093093	0.04547532945677272	0.019897125670811425	-0.025253994065665822	-0.030125912537953173	-0.005083120287709489	0.013855301280530894	-0.017551830796015553	-0.00903759711975863	0.018369294271500605	0.033300332835116846	-0.005405285804222079	-0.0002979196652191492	-0.001445185300306802	-0.009683665540595033	-0.02000548653567921	-0.011469820839407705	0.01979048757582645	0.0065466807226699526	0.008235384221029913	-0.014360589573989897	0.01024760973995884	0.007054957740133664	0.0015194274569283433	-0.0011150747967716408	-0.009233960336917552	-0.004840034507243295	0.0038982810800747016	0.0222185131200959	0.005543195156249459	-0.004777696757525681	-0.008208232791295159	0.010881081579895254	-0.0036462338922492346	-0.016376011174314295	0.0008092451843777855	-0.003158045209112899	0.0030837069921781798	-0.000104307199635591	0.005186434108284618	0.0033546156436965115	-0.009694510606825297	0.003649058028486219	-0.020283604231635135	0.0030893581205865667	-0.0007304512230976494	-0.009606636944308515	0.007419220844611247	-0.0007052351194309637	-0.0017734486486052565	0.0020385295305181067	0.001368866942916219	-0.0023734142629499274	-0.0038070493732048176	0.0028537861240723423	-0.0016990613049805362	0.006298515347632162	0.0008877707482662607	0.001393876972572119	-0.0006975324583624587	-0.00014770714700056893	-0.0006512922846828372	-0.0021200486945410777	-1.1702500251627178e-05	0.0010837485830636718	-0.0	0.0	0.0	0.0	0.0	0.0	0.0	0.0	0.0	0.0	0.0	0.0	0.0	0.0	0.0	0.0	0.0	0.0	0.0	0.0	0.0	0.0	0.0	0.0	0.0	0.0	0.0	0.0	0.0	0.0	0.0	0.0	0.0	0.0	0.0	0.0	0.0	0.0	0.0	0.0	0.0	0.0	0.0	0.0	0.0	0.0	0.0	0.0	0.0	0.0	0.0	0.0	0.0	0.0	0.0	0.0	0.0	0.0	0.0	0.0	0.0	0.0	0.0	0.0	0.0	0.0	0.0	0.0	0.0	0.0	0.0	0.0	0.0	0.0	0.0	0.0	0.0	0.0	0.0	0.0	0.0	0.0	0.0	0.0	0.0	0.0	0.0	0.0	0.0	0.0	0.0	0.0	0.0	0.0	0.0	0.0	0.0	0.0	0.0	0.0	0.0	0.0	0.0	0.0	0.0	0.0
S2017t1_E30-T1b-Female	-0.09541963577410705	0.123110182281348	-0.02625742419031255	0.022958844214087126	-0.07995603707702367	-0.004636768322921269	-0.13597759706529844	-0.08105039232660981	0.01106363612238835	0.04988076159632633	-0.0026232243064269883	0.017549214990269804	0.0002963171441080926	-0.0059475696039278025	-0.004774710596933313	-0.0025850160825444967	0.02192555130566903	0.011104753081533494	0.03622365385595993	0.024749565776488503	-0.01920275447841538	-0.023558561177462193	-0.00853910072682716	0.0005072734400151912	-0.08035498616139661	0.0483814205013614	0.05581374814591175	-0.002634201285781107	-0.02757403647923656	-0.03675940960870113	0.011452719577134894	0.05097189510766896	0.007805263305611986	0.0016633425354454588	-0.04305101482086297	-0.02216896048609697	0.01943760681595628	-0.02836264956684349	-0.002205909122164321	-0.022194090405320638	-0.007408570453704735	-0.0207066476576458	0.021186815142656787	-0.004984740461975143	0.012938597006292121	-0.010670210769720617	-0.00670934067379583	-0.04490100694605969	-0.004933337997200919	-0.004311336162934559	-0.02391402853600992	-0.016124127892214374	-0.005684313233617891	-0.011408840442927667	-0.00026082769956444835	0.024765131307157465	-0.02020424924884437	0.02580192202103567	0.000790832512998088	0.017818566164707283	-0.007159801468999038	-0.010063717611199825	-0.0058454883826501705	-0.02495030297941656	-0.006540117638561192	0.021446753614918376	-0.0013133987172350662	0.017779828685353632	-0.00541829585224463	0.027341288629788383	-0.0009526310463965786	0.005084846317544145	0.01470335756526475	0.00517956724686793	0.027739098136314963	-0.00347967019132498	-0.014497425279419907	0.03351858027223487	0.0017929784855983213	0.023992818563549553	0.010358713955583711	-0.012498493195305032	0.015734651628541926	0.006742939539701622	0.011431926091308586	0.009167390825233086	-0.005110555779845812	-0.011207766375483067	0.008485580902914491	-0.010832791362668324	-0.011051124711933237	0.026322177458391785	0.006728094704894415	0.005722044382713888	-0.010205987241637333	0.005578113113888846	-0.00728492305888439	-0.005316134621016715	-0.00463148173989507	-0.003446658316419686	-0.01792174416234036	0.009457094461583672	5.4521080993994764e-05	-0.009619441377094305	0.00022460605239707767	-0.00047291476210541513	0.0027685596112302945	0.00031953235915998103	-0.0	0.0	0.0	0.0	0.0	0.0	0.0	0.0	0.0	0.0	0.0	0.0	0.0	0.0	0.0	0.0	0.0	0.0	0.0	0.0	0.0	0.0	0.0	0.0	0.0	0.0	0.0	0.0	0.0	0.0	0.0	0.0	0.0	0.0	0.0	0.0	0.0	0.0	0.0	0.0	0.0	0.0	0.0	0.0	0.0	0.0	0.0	0.0	0.0	0.0	0.0	0.0	0.0	0.0	0.0	0.0	0.0	0.0	0.0	0.0	0.0	0.0	0.0	0.0	0.0	0.0	0.0	0.0	0.0	0.0	0.0	0.0	0.0	0.0	0.0	0.0	0.0	0.0	0.0	0.0	0.0	0.0	0.0	0.0	0.0	0.0	0.0	0.0	0.0	0.0	0.0	0.0	0.0	0.0	0.0	0.0	0.0	0.0	0.0	0.0	0.0	0.0	0.0	0.0	0.0	0.0
S2017t1_E30-T1b-Male	-0.13472674475045446	0.13453073294575077	-0.020922042935716714	-0.05236972428350447	0.019314124809123718	0.11088364662656286	-0.22613148440932654	0.014639590137685902	-0.0273305481144727	-0.12418897924353064	-0.05835527834585382	-0.055720034877938696	0.051548957656669704	-0.06926563319994936	0.04251151310701316	0.07116289097338487	-0.0537571993088264	0.000653628781432884	0.05465095073969836	-0.004720639702272306	0.05096171567159885	0.0498683172405142	0.0712584437561935	-0.004642646010657706	-0.02891704357891722	-0.01565778149546082	-0.03057137842973211	-0.007262092432790252	-0.02716274608189567	0.018764732300984854	-0.01580465600980918	0.01107875220236369	-0.008562162076548849	0.0042537595760266745	0.01603021847651937	-0.03882113043867675	0.00450015616486927	0.010240146712005928	-0.0034342374605173982	0.0006200322834939142	0.012341799806203178	0.041396937532366285	-0.0003436962224585183	-0.014581810508871846	0.013674416937002817	0.01742132060643274	-0.004808757573914467	-0.04472677257591635	0.003122070637186901	-0.007277561505792908	0.05100553417993356	-0.036452696391668975	-0.017001146992277803	-0.0031927754778064746	-0.006063119873497127	0.024958142914719424	-0.025879425285800402	0.013694612813416782	-0.001828465031149095	0.014726203158491205	0.018207425003855478	0.005206184491289167	0.002171258198943037	0.01094857210148085	0.014720121187780214	0.005329802685407124	0.0151118605200915	-0.0064637336101754615	-0.0048726869243042115	0.01127540561464598	-0.012434100373355543	-0.027593992408775327	0.010746851108941542	-0.00791072336361302	0.01098982425610798	-0.01455091737869655	-0.011488769642597478	-0.001934224446847948	-0.006824234010064899	0.005696516100652727	0.007625974145226227	0.011863482726825959	0.009585914610042875	-0.001448154761589325	0.0032773211293282965	0.005096332174405168	-0.0001440245027278183	0.004290407964260049	-0.0049103846487402155	0.0019396370904099266	-0.003822431175644526	0.005427085813041525	-0.0021232516249169615	-0.009664677942425629	0.0005543281874942671	0.004300057658062861	0.0025092203204165955	-0.003883693627656259	-0.0064814905778909845	-0.007038133097744241	-0.0016528907917459728	0.0014616776218736303	0.0015261209386865753	-0.0004154610827694755	0.006063477060120128	0.0007605285594625258	0.0016446327049642344	-0.0002965789919434086	-0.0	0.0	0.0	0.0	0.0	0.0	0.0	0.0	0.0	0.0	0.0	0.0	0.0	0.0	0.0	0.0	0.0	0.0	0.0	0.0	0.0	0.0	0.0	0.0	0.0	0.0	0.0	0.0	0.0	0.0	0.0	0.0	0.0	0.0	0.0	0.0	0.0	0.0	0.0	0.0	0.0	0.0	0.0	0.0	0.0	0.0	0.0	0.0	0.0	0.0	0.0	0.0	0.0	0.0	0.0	0.0	0.0	0.0	0.0	0.0	0.0	0.0	0.0	0.0	0.0	0.0	0.0	0.0	0.0	0.0	0.0	0.0	0.0	0.0	0.0	0.0	0.0	0.0	0.0	0.0	0.0	0.0	0.0	0.0	0.0	0.0	0.0	0.0	0.0	0.0	0.0	0.0	0.0	0.0	0.0	0.0	0.0	0.0	0.0	0.0	0.0	0.0	0.0	0.0	0.0	0.0
S2017t2_E11-T2a-Male_C7D5_5f	0.1934272848569569	0.09380011922307406	-0.053537441680008915	-0.043549146605241916	-0.1420883205534109	0.1499704947082056	-0.029185101564039733	0.09295121277255673	-0.009013492783387174	0.039393871181338816	0.0351943590169073	-0.00903427929466917	-0.05057164659431392	-0.029031600208027517	0.005591559254082001	-0.001318768415430954	-0.03127081429566137	-0.09077257100918805	0.009078972756080406	-0.018188215037895545	0.06261043444412262	0.03626386468228505	0.047886203499360895	0.001116877949347423	0.05624005025499979	-0.011784916924718296	0.07468771068940233	0.0190901885817877	-0.0005823987516503543	0.01793600456129916	0.04841217878733172	-0.03679347808202912	0.006849874156285757	0.03633566707573917	-0.002593104346650359	-0.0004133077418290569	0.04219799437897442	0.0036928948590072863	-0.01279688407731028	0.10258216478063018	-0.018215367955840573	-0.024241253895145337	0.03268910100534182	-0.017245058816842216	-0.04010774629360977	-0.002761720629868365	0.0028160699746076208	-0.059303597091526584	0.02120350699413778	-0.04611381038405944	-0.06629420097876867	0.08409992365058955	-0.014258699192827885	-0.020848999740678165	-0.008446282003759548	-0.035620764389369286	-0.016689603996091457	0.02837630975147357	-0.011252869231560887	-0.011467662383255023	0.005202940062750571	-0.033955983462191204	0.058477311569232936	0.03725632633529019	0.037583272152983245	0.007660084605601543	-0.007355567603798576	-0.01835394227751115	-0.007023500912075958	-0.029359274337109973	0.009535855441194285	-0.013063694079103462	-0.0045126430827448355	-0.034891431133069535	-0.012195960572856948	-0.00010252977393620926	0.029174565775507456	-0.005618972268163913	-0.006679572658165738	-0.0022141269757642505	-0.013493095904223621	0.016738745687156758	0.019985357503314493	0.022980867328478528	0.01208484758767917	0.0008029265752040114	0.00976419820382132	0.0036667740897079366	-0.001319389595818608	0.000471033756354164	-0.010755865514492546	2.5469628895366684e-05	0.020032692074698384	0.002595859402353194	0.004494352424618355	-0.01074196540338027	0.008598624660694509	-0.003203990835328488	-4.991057882957844e-05	0.002885761592569016	0.0030476285684771973	-0.0027971098499442607	-0.0048467450619310865	-0.0003066687646902286	-0.005952496674960539	-0.0032465286842912676	0.0014475848397317722	-0.001994398098099824	-0.0	0.0	0.0	0.0	0.0	0.0	0.0	0.0	0.0	0.0	0.0	0.0	0.0	0.0	0.0	0.0	0.0	0.0	0.0	0.0	0.0	0.0	0.0	0.0	0.0	0.0	0.0	0.0	0.0	0.0	0.0	0.0	0.0	0.0	0.0	0.0	0.0	0.0	0.0	0.0	0.0	0.0	0.0	0.0	0.0	0.0	0.0	0.0	0.0	0.0	0.0	0.0	0.0	0.0	0.0	0.0	0.0	0.0	0.0	0.0	0.0	0.0	0.0	0.0	0.0	0.0	0.0	0.0	0.0	0.0	0.0	0.0	0.0	0.0	0.0	0.0	0.0	0.0	0.0	0.0	0.0	0.0	0.0	0.0	0.0	0.0	0.0	0.0	0.0	0.0	0.0	0.0	0.0	0.0	0.0	0.0	0.0	0.0	0.0	0.0	0.0	0.0	0.0	0.0	0.0	0.0
S2017t2_E11-T2a-Male	-0.13005744921500742	0.054671895196381645	0.05465174600122514	-0.054662405118235606	-0.1150066850067419	0.09858852452081052	-0.010002963969685502	0.012160989480497934	0.040532828031117685	0.1609371076054211	0.03894512117158539	-0.06869711480276154	-0.1054950274220466	0.021179000475190307	0.02906691409474588	0.00667590538912034	-0.01712612079982119	-0.08362634387571907	-0.02305081683164419	0.023580719998259954	0.028731027310315876	0.03948382833918098	-0.025679222319427514	-0.017084818749470404	-0.04204476675504894	-0.05595734822494623	-0.03429348893836042	-0.022830570938341052	0.00435431863278375	0.0742135166554314	0.004823131106271502	-0.044241665932426275	-0.01452697298989459	0.004559900304447847	-0.0003799811560222921	-0.020262311645186368	-0.015143652633116737	-0.0025587057788203607	0.0038486021249308144	0.039039064947177966	-0.004399218185803818	0.017158933063049893	-0.007698254827673365	0.027438549940529237	-0.020621412061110088	-0.0029601768053098606	0.005773646079738622	-0.02282032726837315	0.014495836595999716	-0.016794180446507705	-0.04006525830956336	-0.0184885913915074	0.01929078073941073	-0.013639151932891445	-0.015134136948035027	0.017918693915575778	-0.01922749548621056	-0.01767864235197925	-0.0008144126207596158	0.02059643028223486	0.005451485287422837	0.031646982127939295	0.014077544229161331	-0.004628856772552221	0.008825918759302569	-0.005028625796657593	0.03587547950326936	-0.004998091854219298	0.01398884970633786	0.014152833750773126	0.0020632547451164213	0.004955481185335126	-0.010979841444418718	0.0012106228909799152	0.0074987466414456715	0.008153086521082813	0.0006830870953247211	-0.009208374584754287	-0.007633567134406103	0.013526043319558067	-0.009947272685329647	0.01499105697329826	0.011069693037066466	-0.009489172792527568	-0.006066275806925017	0.0002879138873629254	-0.008693868514500876	0.007245177845983408	-0.006673296342656215	-0.003557979833267914	-0.009208564391248869	-0.009195863693105126	-0.006034229415137964	0.012214617614573044	0.00848654806965279	-0.001280669205398843	0.0020821956039932662	4.049250024957042e-05	0.0026776524897873257	-0.010943494623583076	-0.0016512688909271222	0.0006264572119647295	0.0024096601806644956	-0.0005387614402632353	0.0023887050208460923	-0.0011887455934842875	0.00027260221634087977	0.002874648492980641	-0.0	0.0	0.0	0.0	0.0	0.0	0.0	0.0	0.0	0.0	0.0	0.0	0.0	0.0	0.0	0.0	0.0	0.0	0.0	0.0	0.0	0.0	0.0	0.0	0.0	0.0	0.0	0.0	0.0	0.0	0.0	0.0	0.0	0.0	0.0	0.0	0.0	0.0	0.0	0.0	0.0	0.0	0.0	0.0	0.0	0.0	0.0	0.0	0.0	0.0	0.0	0.0	0.0	0.0	0.0	0.0	0.0	0.0	0.0	0.0	0.0	0.0	0.0	0.0	0.0	0.0	0.0	0.0	0.0	0.0	0.0	0.0	0.0	0.0	0.0	0.0	0.0	0.0	0.0	0.0	0.0	0.0	0.0	0.0	0.0	0.0	0.0	0.0	0.0	0.0	0.0	0.0	0.0	0.0	0.0	0.0	0.0	0.0	0.0	0.0	0.0	0.0	0.0	0.0	0.0	0.0
S2017t2_E11-T2b-Female	0.049148402950779206	0.13111512563753688	-0.05561194050181035	-0.05682571638287793	-0.13835187824758918	0.09777841479735876	0.04060412134048172	-0.021596131244051974	0.00921251944561515	0.0039770191131132055	-0.00291348251986946	0.08637477369775177	-0.060802609403113037	0.028737321384044695	0.0816193377031874	0.04377141252796011	0.026183172597770504	-0.0602447869040857	0.0037486954490494975	0.02388385394903952	-0.0060523542462679256	0.08040719001677153	-0.03990907332251641	-0.016740527559331374	-0.0352703286310859	-0.009248735921943755	-0.0035157056536592635	-0.004268831010098531	0.012907810684217988	0.04931441022706764	-0.025508707447526244	-0.018663768847024125	-0.024458481578181118	-0.00828182189369285	-0.011720971900421593	-0.00639435322156639	-0.009535078330334233	-0.018795894889616197	-0.018587297610030064	0.06469864218639813	0.0038781114960544346	-0.020810237618332304	0.03692237519818143	0.029638170816925272	-0.016273832818860873	-0.045090554011196556	-0.011772111915634622	0.008165502505586347	-0.04141868541805177	-0.002679435459663583	-0.024836243532855278	0.025230926164172576	-0.009358010366459809	-0.026280383008984682	0.0038217126003679152	0.041963766546046194	0.017610485209485063	0.01389267099507413	0.0006268892155431924	0.01778105986094744	-0.028415235142986717	-0.01090065675947706	-0.03318164786839406	0.011477899475633237	-0.0014340383508460665	0.01061491102137019	0.012952218963232665	-0.008848094888695358	-0.01428277419450315	-0.0022103333696271003	-0.004953665471005197	-0.02285163643257953	-0.010178147499986061	0.010244026025068279	-0.005521023838687539	-0.005783300246679357	-0.024485765128921984	-0.017021805500295993	-0.02608657076111798	-0.011818557044961967	-0.0036383609204204575	-0.0019367257330434229	-0.00973491761131564	-0.0014261544580627932	-0.023071786798432258	2.918077906874286e-05	0.005695547870002063	0.009951931904095978	-0.0010908623373336098	0.00582772441513616	-0.0014411754244263804	0.006927244547204793	-0.002089666761107131	-0.001697516362521753	0.0004536395232935624	0.005381165783261946	-0.007668159363544026	0.011219914842558599	0.005623336876340344	-0.0026593878361621096	0.0024404868412422655	0.005866846316364078	0.004108202946642635	-0.003845703200787471	-0.003325256575280103	0.002774376127574779	-0.001087038294136149	-0.0007567119561959209	-0.0	0.0	0.0	0.0	0.0	0.0	0.0	0.0	0.0	0.0	0.0	0.0	0.0	0.0	0.0	0.0	0.0	0.0	0.0	0.0	0.0	0.0	0.0	0.0	0.0	0.0	0.0	0.0	0.0	0.0	0.0	0.0	0.0	0.0	0.0	0.0	0.0	0.0	0.0	0.0	0.0	0.0	0.0	0.0	0.0	0.0	0.0	0.0	0.0	0.0	0.0	0.0	0.0	0.0	0.0	0.0	0.0	0.0	0.0	0.0	0.0	0.0	0.0	0.0	0.0	0.0	0.0	0.0	0.0	0.0	0.0	0.0	0.0	0.0	0.0	0.0	0.0	0.0	0.0	0.0	0.0	0.0	0.0	0.0	0.0	0.0	0.0	0.0	0.0	0.0	0.0	0.0	0.0	0.0	0.0	0.0	0.0	0.0	0.0	0.0	0.0	0.0	0.0	0.0	0.0	0.0
S2017t2_E11-T2b-Male	-0.11640202572010162	0.12003476471124992	-0.032479357295984786	-0.043799045274699924	-0.16329022103461618	0.09897206710650289	-0.02301254558340859	0.015294353101718288	0.025766368970015757	0.16023468828510137	0.049357689226764624	-0.004795378758843117	-0.030424424888401125	0.03777914011793169	-0.040760342398513394	0.020856877458379264	-0.005200234918295684	0.0053578311993322915	-0.020040218895778745	-0.0040854771659270565	-0.010150170515600734	0.013571994847428192	0.04772495662924873	7.175613789474301e-05	-0.029456323198195602	0.013672911831602894	-0.007332249199510549	0.051641328560313116	-0.0074921491435604014	-0.008733425195764345	-0.04324633562102952	0.005576433436571226	-0.004771744556611316	-0.032463033133308006	0.0002879857562883821	-0.010591144261550344	0.046920663075428935	0.05327383948705591	-0.03355533456599513	0.02311264218195663	0.03801734654022352	-0.0009191058886111234	-0.015239059060598078	0.0270224768631594	-0.005489672363337073	-0.004320200905346406	0.03906836529525117	-0.001983829324134843	-0.015614376131786855	-0.010447992890470388	0.00013721217628340202	-0.010494883390378584	-0.0009073681300637708	0.00132666938698458	0.013042020897775782	-0.01847820826782073	0.0014387818932527691	-0.0022950872599080004	0.0016963787518273043	-0.004077503761264919	0.007694603901749441	-0.01729277886357361	-0.01575079091581687	-0.004526886507758813	-0.013741534658321822	0.004720294099723618	-0.009900389736843384	-0.0005151603240702025	0.009873801415139384	0.004280260920923872	0.011746538098562619	-0.016375406188165846	0.003729798444179432	0.003214659819781743	0.011258639844433899	-0.03173181773877421	-0.016350119537123734	0.0011875086012930352	0.015448899702946828	-0.0037185787601507776	0.008249945911994688	-0.00894016259138612	-0.0033174499407932004	0.0015494804821440543	0.001630590740748298	-0.009813239355271498	0.01333762399516131	0.003973121218230687	-0.00713644109566845	0.014428920736356559	-0.0022786019747592272	0.005265831505128334	0.006765123145785657	0.0058377686256238116	-0.006578061965862163	0.006760457795607331	-0.0042683021587750876	-0.011555473577783226	0.0033133284249970965	0.002106300496685231	0.006316081597964022	-0.0032567485470736054	-0.00232443911218566	0.00375590740059808	-0.0011277577845365393	0.0005869963516007668	0.0015936730873909472	-0.0005029795454553143	-0.0	0.0	0.0	0.0	0.0	0.0	0.0	0.0	0.0	0.0	0.0	0.0	0.0	0.0	0.0	0.0	0.0	0.0	0.0	0.0	0.0	0.0	0.0	0.0	0.0	0.0	0.0	0.0	0.0	0.0	0.0	0.0	0.0	0.0	0.0	0.0	0.0	0.0	0.0	0.0	0.0	0.0	0.0	0.0	0.0	0.0	0.0	0.0	0.0	0.0	0.0	0.0	0.0	0.0	0.0	0.0	0.0	0.0	0.0	0.0	0.0	0.0	0.0	0.0	0.0	0.0	0.0	0.0	0.0	0.0	0.0	0.0	0.0	0.0	0.0	0.0	0.0	0.0	0.0	0.0	0.0	0.0	0.0	0.0	0.0	0.0	0.0	0.0	0.0	0.0	0.0	0.0	0.0	0.0	0.0	0.0	0.0	0.0	0.0	0.0	0.0	0.0	0.0	0.0	0.0	0.0
S2017t2_E13-T2a-Female	0.08190974749036313	0.09281660432983607	0.010963151339153734	-0.0821608560074763	-0.10180672122061671	0.04565803264815618	-0.009118240697051984	-0.020320119367214545	-0.014753614480978705	0.008794720199418132	0.04176571273876508	0.049698521336887756	-0.03182927271368238	-0.0098197071076434	-0.08616708169267268	-0.02936992543903627	0.015266224639092885	-0.05559371013151399	-0.10830377198140544	0.07998956533449066	0.020687168170534433	-0.03218676894863397	-0.019799354725125458	-0.07956369743239333	0.009309891597967444	-0.02919142640627084	-0.022650399285069667	0.009032681148873465	0.06936296445729	-0.047215220925589226	-0.04900679505266809	0.030213854368076512	0.014506636693456715	0.01580575667751093	-0.03206021309606639	0.0516170162289402	-0.012276507800311276	-0.022332207647654326	-0.011207953449370632	0.05539851011034462	0.036462277715393655	0.01635015873477982	0.005637727119895133	0.03660390001104524	-0.044194836371218786	0.08026534245758421	0.02567381879356009	0.024782253427953642	-0.04200314744831777	0.06770767170407292	0.02397280957129649	-0.05195418101081055	0.015771032461328785	-0.040665971238373115	0.002355694545789716	-0.013575429032680499	-0.038683526211161015	-0.011971817525178292	0.01121954034910757	0.018548120964874376	0.006905789650562866	0.02954931071616943	0.014403426991052829	-0.02108375843418786	-0.0042715093655376546	0.020871641682096386	0.01804077758695587	0.03127474546378022	0.005542539505991153	-0.012866558668945429	0.012848698761791854	0.021654658717847292	-0.026323253279646908	0.011715425777579948	0.002239273619900245	-0.00453623080402696	-0.006003648039574833	0.021323460091419933	0.02425397233456506	-0.0035659738358113082	0.005862705044189184	-0.010902784098004548	0.010015686279500976	0.0023487181161508195	-3.66875583704586e-06	0.004349618665438677	-0.004094884655430089	0.00358798703404425	-0.005078731839131624	-0.003957994884595365	0.002687612862563449	-0.013267624999489778	0.012885593948092503	-0.004753147503139951	-9.307576247457232e-05	-0.006570816746322089	0.006134392215209289	-0.006864272505593153	-0.003623493292350389	-0.0057433854608143955	0.004490144054594024	-0.005966199712705201	-0.0024851643981076105	0.0028653944646348265	0.004702594117673437	0.005831219524418061	-0.0015995987787588099	-3.345130032591219e-05	-0.0	0.0	0.0	0.0	0.0	0.0	0.0	0.0	0.0	0.0	0.0	0.0	0.0	0.0	0.0	0.0	0.0	0.0	0.0	0.0	0.0	0.0	0.0	0.0	0.0	0.0	0.0	0.0	0.0	0.0	0.0	0.0	0.0	0.0	0.0	0.0	0.0	0.0	0.0	0.0	0.0	0.0	0.0	0.0	0.0	0.0	0.0	0.0	0.0	0.0	0.0	0.0	0.0	0.0	0.0	0.0	0.0	0.0	0.0	0.0	0.0	0.0	0.0	0.0	0.0	0.0	0.0	0.0	0.0	0.0	0.0	0.0	0.0	0.0	0.0	0.0	0.0	0.0	0.0	0.0	0.0	0.0	0.0	0.0	0.0	0.0	0.0	0.0	0.0	0.0	0.0	0.0	0.0	0.0	0.0	0.0	0.0	0.0	0.0	0.0	0.0	0.0	0.0	0.0	0.0	0.0
S2017t2_E13-T2a-Male	-0.011587208259160353	0.13064182982678552	-0.055220221091062095	-0.05598797991010957	0.00364438852815857	0.0838643694282538	-0.09868750752709507	0.09565102517195868	-0.10590244839635488	-0.10252313666313793	-0.02409836130440048	0.003848656173017291	0.05248767047164744	-0.04959532419741985	0.011643418394827878	0.02389586947430565	-0.018731580115603594	-0.07696065976145502	-0.06380127826869061	0.04342100672136511	0.021367700556926623	-0.06772539525228904	0.003548930887961179	-0.014778337105058171	0.06887220964636388	0.01837778799323177	0.03569874288494183	0.05129422888681063	0.009753070688458362	0.04180805255300351	0.015891864073943024	-0.06198431468944027	-0.05564637021614716	-0.012152860700098024	0.0071630906050006065	-0.0017628952808273228	-0.003360640047848091	-0.011863871994654444	-0.0334791726532861	-0.026493660882047656	-0.02487979169217299	-0.016184980730937354	-0.020683463198476505	0.0070372986512919145	-0.017124603200497534	-0.02718606266828388	-0.029587639313013354	0.010013973037285228	0.001166905088291327	0.040591917303834615	-0.017677444596667473	-0.031498895003727705	0.00965062521393989	0.0078108009351264855	-0.0424439349615352	-0.0068115672979406905	-0.009197982873944362	0.022739833150833055	0.006529182996508563	0.025573169301187373	0.011902175998673402	0.01715358412465305	-0.0043517389339119625	0.0034811166419968466	0.015318094301042818	0.00779972163097694	0.012834307863540444	0.006192435002227524	0.014389135383326658	0.0010087474729891922	-0.007521826083075163	0.02090885830305205	0.0024672569669879573	0.014345839851918542	0.01955735726303893	-0.006604176446683354	0.023943063350421883	-0.0032067776463943825	0.0005806833441017815	-0.007997466896468946	0.001657400934467398	-0.01369137960230421	-0.0016163129218710614	0.0017777760490069092	-0.007582833799784215	0.002298153545727489	-0.0011203129481814073	0.012247986527693351	-0.003995481101986962	-0.008758418566533959	0.016433190569505138	-0.0071484562418504295	-0.0006871865184473918	0.009608438950973013	-0.014253408652208885	-0.004906124962877167	-0.0023261675380393137	0.0034233495856762315	0.010093849169143977	-0.0032285386053894504	-0.0013232023576709702	-0.008597063147634473	-0.00034961414185965937	0.0012844458511702505	0.0007431138741977212	0.005545996109641173	-0.001294580678835916	-0.0022651184579632077	-0.0	0.0	0.0	0.0	0.0	0.0	0.0	0.0	0.0	0.0	0.0	0.0	0.0	0.0	0.0	0.0	0.0	0.0	0.0	0.0	0.0	0.0	0.0	0.0	0.0	0.0	0.0	0.0	0.0	0.0	0.0	0.0	0.0	0.0	0.0	0.0	0.0	0.0	0.0	0.0	0.0	0.0	0.0	0.0	0.0	0.0	0.0	0.0	0.0	0.0	0.0	0.0	0.0	0.0	0.0	0.0	0.0	0.0	0.0	0.0	0.0	0.0	0.0	0.0	0.0	0.0	0.0	0.0	0.0	0.0	0.0	0.0	0.0	0.0	0.0	0.0	0.0	0.0	0.0	0.0	0.0	0.0	0.0	0.0	0.0	0.0	0.0	0.0	0.0	0.0	0.0	0.0	0.0	0.0	0.0	0.0	0.0	0.0	0.0	0.0	0.0	0.0	0.0	0.0	0.0	0.0
S2017t2_E13-T2b-Female	-0.09702338526321184	0.07546159506526129	0.000145403788004192	-0.014165952710641042	-0.04810705697726286	-0.02683771576892471	-0.07506311298455448	0.07694626868293024	-0.023859595211685323	-0.055511249481835036	0.05208617209744129	0.014323948790007892	0.06167491773920175	0.032665038518909936	0.02896708668935484	0.009224017231933489	-0.03825603752786877	0.02069096638059387	-0.11940579032150424	-0.061268690703910327	-0.012237519345171416	-0.039032483040175835	-0.02980842699140785	-0.07187592971559305	0.018158686225667475	0.1018158902389206	-0.022779719236347924	0.0124406562303174	0.009277672368880194	-0.01215395288649563	-0.008336473263780125	-0.010483607136792734	0.014085229372743742	0.008716788878053246	-0.015833828032082112	-0.013123529215044883	-0.006187304387540501	0.02238998651924531	-0.016978743434404395	0.031211891194956754	-0.003975077926531023	-0.02801096600783316	-0.02161434388682157	0.015139192784214738	0.01082479751727949	-0.01534250112770004	-0.00816541937090915	0.009715530668069126	-0.028165714653037438	-0.024354852491522947	0.0050402585746298165	-0.0010879398903866863	0.004638956933174756	-0.013744784733532496	0.028360868036469075	0.00945961720373192	-0.007085737162708724	0.04979235910910074	-0.0034946105377424716	0.02187910844195921	-0.025154479048748044	-0.010213871836058652	0.00017868139685178243	0.01793162816858909	-0.03083026567569618	0.0034294699273652637	0.013036031960149817	-0.009734306574989035	0.002930468789315058	-0.008688198612111824	-0.010402027946587927	0.00828721012766847	0.011199290958002829	-0.009648365860566038	-0.01315403952147351	0.015571521496966525	-0.007193781648178886	-0.011850168918225035	0.0016535077265858737	-0.0035724699163594345	0.021574469222258367	0.007472066228853775	-0.002160907939679363	-0.0009880546003763842	-0.015209628826877715	0.009492747706461786	0.007149949970568548	-0.009283194561545267	0.003983295193406845	0.005315103240848837	0.0018780517231144216	-0.0023686346263810925	-0.004554285744289119	-0.002251469582481273	0.010026434456157368	9.392758150728682e-06	0.005414075458309451	-0.0002651492045573228	0.0026137030652252586	0.0028270968249204283	0.0023123153569814263	0.0047620311976334494	-0.00038446286451128224	-0.0020316137114393994	0.00258644278112889	0.0008370096038226813	-0.0037062896389141787	-0.0007624069866766434	-0.0	0.0	0.0	0.0	0.0	0.0	0.0	0.0	0.0	0.0	0.0	0.0	0.0	0.0	0.0	0.0	0.0	0.0	0.0	0.0	0.0	0.0	0.0	0.0	0.0	0.0	0.0	0.0	0.0	0.0	0.0	0.0	0.0	0.0	0.0	0.0	0.0	0.0	0.0	0.0	0.0	0.0	0.0	0.0	0.0	0.0	0.0	0.0	0.0	0.0	0.0	0.0	0.0	0.0	0.0	0.0	0.0	0.0	0.0	0.0	0.0	0.0	0.0	0.0	0.0	0.0	0.0	0.0	0.0	0.0	0.0	0.0	0.0	0.0	0.0	0.0	0.0	0.0	0.0	0.0	0.0	0.0	0.0	0.0	0.0	0.0	0.0	0.0	0.0	0.0	0.0	0.0	0.0	0.0	0.0	0.0	0.0	0.0	0.0	0.0	0.0	0.0	0.0	0.0	0.0	0.0
S2017t2_E13-T2b-Male	-0.07550462678256326	0.10836174326245797	-0.0473096776439696	-0.0388410495689129	0.01754493440822655	0.07866604884273148	-0.17255391932441477	0.14661490820591155	-0.06876106632720205	-0.10882081548793997	-0.03425238904269494	-0.03201066721766841	0.04275712859916847	-0.037937589808959955	0.011212750610818249	0.05367842753614732	-0.007178058675061057	-0.014447818894451327	-0.06460669456829009	-0.02231957572660036	0.026373518938445598	-0.05804386365030178	0.003216456359191798	-0.014503757120378189	0.005968257421799441	0.08047650380730675	0.024952125564061796	0.02020870192039407	0.0156454187979869	-0.012545606908571962	0.06074190664413673	-0.034517525194527186	0.01135508512577087	-0.012749528432088552	-0.03312879438862533	-0.006193415147589524	0.021814236497738077	0.03120127689364907	-0.027936921844138027	-0.023060460820021403	-0.0015002146450015278	0.007028656380505879	0.009269247807330412	-0.008361743779960554	0.00044144725124738897	-0.007801004447710712	0.008074126815158978	-0.008914770224494118	0.01958881556172641	0.012734356571535757	0.02794649874100419	0.015712159690769577	0.010870634253328789	0.0036820304899827815	0.010041495319345268	0.020188945180080353	-0.02694074585469645	0.023565998838157968	-0.009260892190388564	0.0012342433698619385	-0.017856215691512255	-0.000707481159936296	0.00047524463791491826	0.005035104186010312	-0.01700096233914793	0.012986504503142121	-0.008852066270967187	-0.010543732935613176	0.0012496655652379034	-0.01662361189203674	-0.004301415349989334	0.021970106916012113	-0.021372655089341528	-0.0018903703273112516	-0.012956699917790526	-0.012543227586949661	0.02244228236962889	0.0057619867222814215	-0.011605949857822987	-0.006738495371743804	-0.0028017211755576375	-0.013216032455194966	-0.003266613152493449	0.0018297598280911727	0.014246964252587297	0.00461122673742645	-0.011394332155896152	-0.008013090685821952	0.0028768339840668446	0.01091022785495125	-0.012328764663960847	0.0015596999477654578	0.00657082502450616	-0.004182037624769658	-0.0017223119753065847	0.0024968471025630028	0.0033200161299380853	0.008918612928490107	-0.001061042392341944	-0.0069891754476194175	0.00360537005618318	0.0013785457965918813	0.0017720809734629826	0.0024527031501805612	-0.00294580965041123	-0.0012664640554033767	0.0015285302258039903	0.0006850048148837475	-0.0	0.0	0.0	0.0	0.0	0.0	0.0	0.0	0.0	0.0	0.0	0.0	0.0	0.0	0.0	0.0	0.0	0.0	0.0	0.0	0.0	0.0	0.0	0.0	0.0	0.0	0.0	0.0	0.0	0.0	0.0	0.0	0.0	0.0	0.0	0.0	0.0	0.0	0.0	0.0	0.0	0.0	0.0	0.0	0.0	0.0	0.0	0.0	0.0	0.0	0.0	0.0	0.0	0.0	0.0	0.0	0.0	0.0	0.0	0.0	0.0	0.0	0.0	0.0	0.0	0.0	0.0	0.0	0.0	0.0	0.0	0.0	0.0	0.0	0.0	0.0	0.0	0.0	0.0	0.0	0.0	0.0	0.0	0.0	0.0	0.0	0.0	0.0	0.0	0.0	0.0	0.0	0.0	0.0	0.0	0.0	0.0	0.0	0.0	0.0	0.0	0.0	0.0	0.0	0.0	0.0
S2017t2_E14-T2a-Female	0.03610216326867443	-0.03898261551118702	-0.07111273172993618	0.17376815065813916	-0.03387870823826259	0.001652923489685631	-0.024082866873860312	0.08417391282553777	0.09908833733157625	0.012061120134893188	0.06063457042374412	0.054755314732190474	0.09200280529545961	0.0365178599646375	0.02753863947346739	-0.07050973329825233	-0.2265095646987411	0.003260880079588749	0.09984330789484727	0.04517055330492517	0.05711284333910285	-0.006194022694655839	0.010237965473113437	-0.12607590394757973	-0.008128121924497826	-0.1825034541039009	-0.08855735850933984	-0.04279142441063563	-0.19423791755931674	-0.11424379210362044	0.050772598257860964	-0.1042670751653974	0.03609290071053191	-0.07031413660352939	-0.01804967052610031	0.06134484759720634	-5.112309079649008e-05	-0.0967249479911647	-0.0786131339829527	-0.012726552265251379	0.03288875384443455	-0.0369071273930605	-0.005696643229181508	0.02534246477166357	0.0891005205257525	-0.01200994425347599	0.031073072408712814	0.0027461748888934433	-0.008647877378027363	0.058019071707470206	-0.02084203167626576	0.046695826801048584	0.003098151987844981	-0.0008993360936418484	0.04192605930672108	0.003910591347695518	-0.017522003807432386	0.02068004708241396	-0.007102300621415097	-0.014647276500516464	-0.003918178669991736	-0.0035885998890274043	-0.003855130508929732	-0.013199744568470012	-0.007923940707530525	-0.0026607446557638742	0.007558747267322931	-0.014725091895508363	0.015152350708646338	-0.003664589043209949	0.0029684923277034903	0.00558848482882996	-0.0008491851621446105	0.004725009669946213	0.0035900857443160587	-0.005917230821283069	0.00849680517705939	-0.0008021105362906243	0.00036708893437937927	0.0020727523506583806	0.000574128661454219	-0.007155869478992703	-0.0005320032721972948	-0.0004036032383299791	-0.005696405162979152	0.004978510886526458	-0.0003686077479694769	-0.00018914915672885017	-0.0002016732154732641	-0.0014566090660582793	-0.00042137560180050785	-0.002518352457198697	5.202781449705937e-05	-0.0006736949162520287	-0.0036232105093923325	0.00017731036306832998	-0.0021452932210832367	0.0033647813091577526	0.0009507273669440566	-0.0028224688905486095	-0.00013599663056293237	-0.0009498053089875705	-0.0009818437688297846	1.4698766282682209e-05	-0.00035469522974009607	0.00016490622353348668	-0.0005736015213767804	-0.0003639174973387767	-0.0	0.0	0.0	0.0	0.0	0.0	0.0	0.0	0.0	0.0	0.0	0.0	0.0	0.0	0.0	0.0	0.0	0.0	0.0	0.0	0.0	0.0	0.0	0.0	0.0	0.0	0.0	0.0	0.0	0.0	0.0	0.0	0.0	0.0	0.0	0.0	0.0	0.0	0.0	0.0	0.0	0.0	0.0	0.0	0.0	0.0	0.0	0.0	0.0	0.0	0.0	0.0	0.0	0.0	0.0	0.0	0.0	0.0	0.0	0.0	0.0	0.0	0.0	0.0	0.0	0.0	0.0	0.0	0.0	0.0	0.0	0.0	0.0	0.0	0.0	0.0	0.0	0.0	0.0	0.0	0.0	0.0	0.0	0.0	0.0	0.0	0.0	0.0	0.0	0.0	0.0	0.0	0.0	0.0	0.0	0.0	0.0	0.0	0.0	0.0	0.0	0.0	0.0	0.0	0.0	0.0
S2017t2_E14-T2a-Male	-0.0922357289280459	-0.2968740626641724	-0.24397671418487654	-0.16663401099613318	-0.03657187330381713	0.0016767995117968806	-0.005664678207130838	-0.10720573631309596	-0.03990209180279289	0.0500687583270924	-0.10371788003965636	0.01960132774443842	0.09608804308552324	0.07517283003269624	0.06906056768242846	0.01757741066354349	0.02503930634534593	-0.04746200764397933	0.03271033652311339	-0.008731244857966084	-0.004660880066272124	0.028128669994016104	0.012685344405819653	0.016503590507637264	0.011262228223543296	-0.00967938121467568	-0.013054033814845678	0.01934862354422112	-0.0010847142233733906	-0.007673740085233191	-0.01636524726248322	-0.014960624590561225	0.0018378930008840137	-0.01692473057211244	0.028282308054686355	-0.01594822681160069	0.016481769187704276	-0.025186176825682083	-0.008671849822323283	-0.018516998071863813	-0.008650735706334168	0.004319646690779595	-0.007959384806133797	-0.002596990693603959	-0.0060110230077977935	0.002341140858128945	-0.0045338312154424186	-0.030283726454161268	-0.012802664795241737	-0.0029365914674282807	-0.020280252901486107	-0.0011078564364106888	0.01325364977296592	0.007057254163904192	0.002517500277150208	0.01288676962855798	0.0043307235446432175	-0.011390690205615625	-0.008824011706144304	0.010524055209010704	0.018549916798708276	0.008952134990534058	-1.2083399684507292e-05	-0.021299554145430562	0.004588660453476634	0.005642905746326573	-0.002052171293050635	-0.006303055388752213	-0.00897770816830329	0.006340960840683598	-0.0001667377511167109	-0.0019641882063916216	-0.008864928715131955	-0.017676801656242042	-0.007086917292953367	0.0014374520362638976	-0.014552443626587386	-0.002632179208323427	0.009760291982239135	-0.012929993864350502	-0.0017078187034433709	0.00704494389650843	-0.007796164839194278	-0.009734539713337072	0.0014999237299250163	0.002311383272207946	0.009877723152426588	0.012479871076368458	-0.008080506513568345	0.003229608164616991	-0.0027601656674210223	-0.0024242073333794983	-0.002246642008839318	-0.0016024376706996045	-0.0015951142420997332	0.00035383216485207415	0.005068786434955752	0.0003354754347641732	0.0008032564389872187	-0.003568517281434471	-0.0003913509149770168	0.002089583448006292	-0.002252261716594251	-0.0020312467283468546	0.000363258242995549	-0.0028011946848754523	1.1578588297163764e-05	-0.00016436706080273032	-0.0	0.0	0.0	0.0	0.0	0.0	0.0	0.0	0.0	0.0	0.0	0.0	0.0	0.0	0.0	0.0	0.0	0.0	0.0	0.0	0.0	0.0	0.0	0.0	0.0	0.0	0.0	0.0	0.0	0.0	0.0	0.0	0.0	0.0	0.0	0.0	0.0	0.0	0.0	0.0	0.0	0.0	0.0	0.0	0.0	0.0	0.0	0.0	0.0	0.0	0.0	0.0	0.0	0.0	0.0	0.0	0.0	0.0	0.0	0.0	0.0	0.0	0.0	0.0	0.0	0.0	0.0	0.0	0.0	0.0	0.0	0.0	0.0	0.0	0.0	0.0	0.0	0.0	0.0	0.0	0.0	0.0	0.0	0.0	0.0	0.0	0.0	0.0	0.0	0.0	0.0	0.0	0.0	0.0	0.0	0.0	0.0	0.0	0.0	0.0	0.0	0.0	0.0	0.0	0.0	0.0
S2017t2_E14-T2b-Female	0.009193958806594524	0.0778344569563726	-0.030615489224554187	-0.026487194085526865	-0.11277246664535996	-0.022548106801243816	0.01956277701270378	0.04195862362368647	-0.016693349295156437	-0.03975644085762454	0.10579892620703554	0.010243103366660964	0.09758203679816144	0.007623176865663876	0.05871997983826056	-0.06642888872923748	-0.04627672718764236	-0.003988240787324401	0.04121532967798581	0.0018855603462721744	0.001820971745279866	0.0272181274084863	-0.0509689402273665	0.034297699869833796	-0.04967882757260777	0.05968803848733662	0.059409562849759505	-0.03161056734593266	0.009792557102756063	0.007023051903964867	0.017341757165010182	-0.024476672748476966	0.038076595020219366	0.013621635199901073	-0.04249067393312906	0.042759058955553896	0.00037660937160328723	0.02698610907767252	0.018276135382184516	0.020826858084329308	0.03522195327684732	0.018679349791619743	-0.02285376035769425	0.022065602941888033	0.012224911038468166	-0.01914201151854756	0.005110818441482866	-0.007039188889133701	0.01315450900972989	-0.01534482094216608	0.015460118377117063	-0.03811139133089561	0.004426640375849734	-0.035190443301785855	-0.03356022059496462	0.00962202229438116	-0.02375256704911472	0.006534962031130558	-0.00888440707851248	-0.011644380455795853	0.011326396711064994	0.010660031116495812	-0.0034237823250939346	-0.012345780095994801	0.021494100081070222	-0.022015969192475678	0.003345636503322754	0.004568685224082277	0.01447681438884127	0.017342436266642187	0.0008527467868717866	0.018316524821777418	-0.0027743227114819563	-0.019746973456544255	-0.004495951100861236	0.003790847572999171	-0.01492017030436504	0.0037384384904599038	0.026479467072787553	0.0006768335327884314	0.023891615003458183	-0.018197065698461353	0.0038152332239083757	-0.012631405165768621	0.0040687669515994595	-0.01841921245711623	0.006787340159167177	0.014708099058252926	-0.01130756161822783	0.00914812528841705	-0.0037201914135247312	-0.002864197547396268	0.024454697072484953	0.0011152052255119262	-0.018914648331906134	0.004904222581411008	0.003393237531693593	0.004770028231302261	-0.009971712513392116	0.013878660226173806	0.003183294629922635	0.0007770655359832057	-0.00881451163246463	0.0012190804390419109	0.002368158285729129	-0.003618278105756689	0.001404691957278081	0.00425592398742897	-0.0	0.0	0.0	0.0	0.0	0.0	0.0	0.0	0.0	0.0	0.0	0.0	0.0	0.0	0.0	0.0	0.0	0.0	0.0	0.0	0.0	0.0	0.0	0.0	0.0	0.0	0.0	0.0	0.0	0.0	0.0	0.0	0.0	0.0	0.0	0.0	0.0	0.0	0.0	0.0	0.0	0.0	0.0	0.0	0.0	0.0	0.0	0.0	0.0	0.0	0.0	0.0	0.0	0.0	0.0	0.0	0.0	0.0	0.0	0.0	0.0	0.0	0.0	0.0	0.0	0.0	0.0	0.0	0.0	0.0	0.0	0.0	0.0	0.0	0.0	0.0	0.0	0.0	0.0	0.0	0.0	0.0	0.0	0.0	0.0	0.0	0.0	0.0	0.0	0.0	0.0	0.0	0.0	0.0	0.0	0.0	0.0	0.0	0.0	0.0	0.0	0.0	0.0	0.0	0.0	0.0
S2017t2_E14-T2b-Male	-0.0002478739597675855	-0.273580047284178	-0.2760905670073211	-0.061856619169249276	-0.12534349452966398	-0.07167036427642241	-0.08050073602618148	0.05448358759897723	0.013191707951663453	0.03357064093689111	-0.03335907365359775	-0.010114412777868273	-0.0006589657231634719	0.037948668907537814	-0.03607164771115391	-0.013142263182056548	0.045480869887624516	0.0031922952841573777	-0.07327075898566844	0.011724955756728777	0.07599268786944002	0.027625405471957774	-0.02154738664632723	0.00025200417213831235	0.019648111444213846	0.040542488821237434	-0.025039012577507482	-0.000750425548721734	0.00762483206864637	-0.0009145820603580826	0.0013186613504395006	0.004973093724352614	-0.0161515371312383	-0.023956974065886996	-0.004511581072396686	0.003611890315989274	-0.015968560536409347	0.017166832472727125	-0.005368887004570759	0.01771027240141507	0.031360504658042916	0.0011435974776831202	-0.014201896484683769	0.027913644295182116	0.035013740008727846	-0.019316585399221417	0.023132609389112494	0.005823054947098248	-0.00570091675770366	0.00834064125923669	0.0022640121575418963	-0.012984471836073298	-0.03487438471612678	0.034725519453055825	-0.01056045322847505	0.007556155301359643	-0.03425569583597553	-0.025313085106267928	-0.000568889756649003	-0.02311729445756607	0.024580695592162933	0.03523891971314219	0.031254668071609495	0.0010298597016532342	-0.00013628481370941923	-0.027612304078045536	-0.0011901576934941498	0.0009385162105726601	-0.024643689998208054	0.001620664701385974	0.005958243833247075	0.008906771913756408	-0.004409305390596448	0.011739413815288584	0.008139673114597172	-0.016024659510541123	0.020518691282335334	0.02203750628446487	-0.01114242592340361	0.027337155587903766	-0.015451984710789757	-0.002557516864014717	0.0027744930008298074	0.0004023797472814141	0.01621244710116293	-0.016874976196383607	-0.0015050864992445497	0.002772359825530219	-0.004561223770419125	0.011966202440011517	0.001341730783981824	-0.012201635993025726	0.006673702303899216	-0.0021092556639976073	0.004945433004541733	0.00804497514232935	0.005245279682103576	0.0037028531142246903	0.00011446859410151767	0.0029107545046888317	-0.0012734572035978317	0.006629004897765406	-0.008470796795354067	0.0012308738544757794	-0.003460195115447635	0.002149338998392981	-0.0035271195527363164	-0.00011241409616155574	-0.0	0.0	0.0	0.0	0.0	0.0	0.0	0.0	0.0	0.0	0.0	0.0	0.0	0.0	0.0	0.0	0.0	0.0	0.0	0.0	0.0	0.0	0.0	0.0	0.0	0.0	0.0	0.0	0.0	0.0	0.0	0.0	0.0	0.0	0.0	0.0	0.0	0.0	0.0	0.0	0.0	0.0	0.0	0.0	0.0	0.0	0.0	0.0	0.0	0.0	0.0	0.0	0.0	0.0	0.0	0.0	0.0	0.0	0.0	0.0	0.0	0.0	0.0	0.0	0.0	0.0	0.0	0.0	0.0	0.0	0.0	0.0	0.0	0.0	0.0	0.0	0.0	0.0	0.0	0.0	0.0	0.0	0.0	0.0	0.0	0.0	0.0	0.0	0.0	0.0	0.0	0.0	0.0	0.0	0.0	0.0	0.0	0.0	0.0	0.0	0.0	0.0	0.0	0.0	0.0	0.0
S2017t2_E16-T2a-Female	0.11315537139770108	0.0817804546972052	0.006351983760734199	-0.10678348643537522	-0.08846252336146743	-0.09583033676048866	0.06458212582498411	0.031358378061051434	0.018843816163933613	0.010096888770435984	-0.023183432858193936	-0.03886435749134146	-0.022074506047822268	-0.0672982994345903	-0.026161783362975935	-0.026273841819745458	-0.014635992184528107	-0.013002882698624317	0.007490792534363422	0.0052181871184209935	-0.012852270108972347	-0.045367600657152916	-0.02467994756491477	-0.02478513585517111	0.10647241740345743	0.04393220877602086	-0.006012362594500005	-0.007993721631505272	0.005515692498335866	0.0012761051947241856	-0.02419887169533136	0.01970904159007491	-0.0008224336184515088	0.00924374018504397	0.029933961701096176	-0.011915377399713762	-0.05935199077934285	-0.033860816589799135	-0.021954106217006518	-0.0077824250143509015	-0.015495661386952525	0.016451091476586095	9.319206591294619e-05	-0.012435143210256879	-0.0014682804184701047	0.005374230956330765	0.01824993165890706	0.0033941279086539037	0.009268058562392394	0.018311052543232915	0.02658709180057847	0.023714082597967416	-0.045999306797758974	-0.04038676524131021	-0.0023084478988564835	0.0032375703952905307	0.01387369371961028	0.03350750782162352	0.04809851940527931	0.02602991300899908	-0.0011216228716256294	0.00698448907436391	-0.029822212897973193	-0.00029910223709091145	0.00557563132401284	-0.004017983826355565	-0.0171274291877034	-0.004362869612546799	-0.006783039618643657	0.0015415640619232211	-0.020989274682050616	0.029296965270654736	0.0037233594935606436	-0.017047058683041266	-0.016668022290017778	-0.007340944221240073	0.006643852144669012	0.005219173638840893	-0.008624180773316151	0.026286457554858284	-0.013144231050008493	0.0031819974187578277	-0.024888306694029905	-0.005198256209436329	-0.0047662257437962145	-0.0025499977136794545	0.008895593198052153	-0.004929900965046743	-0.0026260443328026497	-0.007634597631706553	0.012822001429524018	0.0025330027571698285	-0.004184059591554072	-0.005264636499636623	-0.00561237065533374	-0.004801047348003923	0.009912557374367633	0.004069568660935267	0.0006510168888740105	-0.0085347121901011	3.0766591562351414e-05	-0.0019446243534482792	-0.0015001099823769997	-0.0015849346555500369	-0.004011028627411878	-0.005225877003512822	0.0003229817491041649	0.00298475679559471	-0.0	0.0	0.0	0.0	0.0	0.0	0.0	0.0	0.0	0.0	0.0	0.0	0.0	0.0	0.0	0.0	0.0	0.0	0.0	0.0	0.0	0.0	0.0	0.0	0.0	0.0	0.0	0.0	0.0	0.0	0.0	0.0	0.0	0.0	0.0	0.0	0.0	0.0	0.0	0.0	0.0	0.0	0.0	0.0	0.0	0.0	0.0	0.0	0.0	0.0	0.0	0.0	0.0	0.0	0.0	0.0	0.0	0.0	0.0	0.0	0.0	0.0	0.0	0.0	0.0	0.0	0.0	0.0	0.0	0.0	0.0	0.0	0.0	0.0	0.0	0.0	0.0	0.0	0.0	0.0	0.0	0.0	0.0	0.0	0.0	0.0	0.0	0.0	0.0	0.0	0.0	0.0	0.0	0.0	0.0	0.0	0.0	0.0	0.0	0.0	0.0	0.0	0.0	0.0	0.0	0.0
S2017t2_E16-T2a-Male	0.008052493291801978	0.09421375915738922	0.0019981019441129367	-0.09308603492190251	-0.1325097820566232	0.06559068621531398	0.10206052373568583	-0.0037875573815186435	-0.027897670523169233	0.05911073002464075	0.05749022421084135	0.016307174168582086	-0.03492837572333373	-0.04080406643243971	-0.09099620140809062	0.026571293437999677	-0.044900416156498014	0.010535483517885632	-0.02563355207489664	0.03545152083904028	-0.0379298572476982	-0.0497512121624611	-0.007490721323629211	0.00018313784255482337	0.015445792783487953	-0.025192423638670164	0.018680110717335323	-0.013378387622261338	0.05120093304751943	0.07723048755367158	0.010085475848808083	-0.046424213768809806	0.017100604631704056	-0.010503521046858198	0.006528470290429038	-0.02267102374666611	0.011236146915125459	-0.028452661465722947	-0.02816541858163269	-0.005904807854991253	-0.005017064599897347	0.006456172357255719	0.017032269358285928	0.008396338026175643	-0.006396215809894025	-0.01446353425089955	0.03652863998155831	-0.029210542943725337	0.03374386651418139	0.03367673077795328	0.006361293497005266	0.006055561000998998	0.015951944704148506	-0.0004467502535533027	-0.007259661108274808	-0.0400720891558506	0.01625963540910374	0.0030186114363690425	0.01871664043825096	0.0075738812866401745	-0.0021609102568704236	0.0017270587158345918	-0.04401643367363322	-0.02647199399595072	0.008828988471008046	-0.007205679399375407	-0.002524175280709868	0.009603841739122081	-0.002624056536790162	-0.01247625301156591	-0.004117958160562547	-0.005277128411704677	-0.01284573454255134	0.008137071905946086	-0.02120211586803608	-0.0012847364059395423	0.00904563295110931	0.022907542870687025	-0.012173092794761456	0.0008450191386512849	0.006703495198298291	0.0016271233107228791	-0.012079587919850686	-0.00199888967671706	-0.002820670020126393	-0.012054057609261374	0.0008325184111422096	-0.009773767951283579	0.009727880837381618	-0.005791597004604374	0.015334319704048855	0.011955068122964898	-0.0029717357701378342	-0.0010774882065230675	-0.008281233402740892	0.012152601678458852	-0.0011003445363828679	0.0011702184767938685	-0.003916810633951819	0.002451765395220327	0.0044009677237576055	0.0011757256156317679	0.0006041931131451447	0.003913628302722346	-0.0033196230015871482	0.0014009374028955694	0.0035721533733524304	-0.0027151553843947846	-0.0	0.0	0.0	0.0	0.0	0.0	0.0	0.0	0.0	0.0	0.0	0.0	0.0	0.0	0.0	0.0	0.0	0.0	0.0	0.0	0.0	0.0	0.0	0.0	0.0	0.0	0.0	0.0	0.0	0.0	0.0	0.0	0.0	0.0	0.0	0.0	0.0	0.0	0.0	0.0	0.0	0.0	0.0	0.0	0.0	0.0	0.0	0.0	0.0	0.0	0.0	0.0	0.0	0.0	0.0	0.0	0.0	0.0	0.0	0.0	0.0	0.0	0.0	0.0	0.0	0.0	0.0	0.0	0.0	0.0	0.0	0.0	0.0	0.0	0.0	0.0	0.0	0.0	0.0	0.0	0.0	0.0	0.0	0.0	0.0	0.0	0.0	0.0	0.0	0.0	0.0	0.0	0.0	0.0	0.0	0.0	0.0	0.0	0.0	0.0	0.0	0.0	0.0	0.0	0.0	0.0
S2017t2_E16-T2b-Female	-0.1804086425588018	0.035345319094320336	0.06977674796963462	-0.04457816148062481	0.03359467201932109	0.004903940024894793	-0.08120989124101478	-0.05428775283092179	0.016031553627773042	0.021677738409830897	0.022309714524888113	-0.019098364377157392	-0.007529410568446405	-0.03853701523323478	0.013897864822204797	-0.050487567877262274	-0.029145435599565027	-0.017928938078432897	0.006667254149237109	0.04996309840449407	0.0011702039062716405	-0.018081422943378323	-0.09299709983452628	-0.022325575734268927	-0.10557490942120988	-0.002853418113721965	0.009729484181627985	-0.03477769690485305	0.03903492206022586	0.03579526149465603	0.05089665256687343	-0.02680879924986416	-0.027812614389470188	0.025643355664560222	-0.030162256886841758	0.018679467634595524	-0.029698045512660316	-0.0010338078619303807	0.0038809157586722947	0.03884546274378534	0.003464025322632244	0.000591027029470526	0.01289306185419428	0.03174257865605127	0.002297058253544876	-0.015779086849212923	-0.012129180168665649	0.016160042908995163	0.016083739628638696	0.0231442106416723	-0.0060994381905741975	0.002502535575460932	-0.0187521412891389	0.017962207325538607	-0.00935330935173877	0.01879034123347042	0.026611979007932107	-0.03625246857237677	0.0020525839434858357	0.013576103769421057	0.010110111263808065	-0.0039808804614847775	0.009836707871749305	0.012277592080924113	0.006994394700501976	0.019110585652514073	-0.007033306869250549	-0.022690314948373147	-0.010169114484972885	0.01202816940075356	0.0011412618989010827	-0.01595194416844983	6.934865045088658e-05	0.018523370998946236	0.006570554685242252	0.006404570477853696	0.0004990774794174688	0.009015409602491335	0.01300275720348944	0.013491478093034335	-0.024110243388939773	-0.0007635251960608295	-0.005035529685278695	-0.0041980609715811775	-0.006283539679815011	-0.007382182330114099	-0.008514944117223889	0.011196775457048681	-0.009998966297738237	0.011362349954877664	0.00448613758337736	-0.003776039461500216	-0.006749405784133421	-0.005142576929757519	-0.0008416734975417802	-0.0032837688860165096	0.0013580090792012275	0.0059778417815604425	-0.007052306411945741	0.001314094072298679	0.0060936024699054705	-0.005972350611666211	0.0007334591580118068	-0.0011600181718398371	-0.0012055905709704667	-0.00047199180935666584	-0.0023962482533490858	0.000684588624185709	-0.0	0.0	0.0	0.0	0.0	0.0	0.0	0.0	0.0	0.0	0.0	0.0	0.0	0.0	0.0	0.0	0.0	0.0	0.0	0.0	0.0	0.0	0.0	0.0	0.0	0.0	0.0	0.0	0.0	0.0	0.0	0.0	0.0	0.0	0.0	0.0	0.0	0.0	0.0	0.0	0.0	0.0	0.0	0.0	0.0	0.0	0.0	0.0	0.0	0.0	0.0	0.0	0.0	0.0	0.0	0.0	0.0	0.0	0.0	0.0	0.0	0.0	0.0	0.0	0.0	0.0	0.0	0.0	0.0	0.0	0.0	0.0	0.0	0.0	0.0	0.0	0.0	0.0	0.0	0.0	0.0	0.0	0.0	0.0	0.0	0.0	0.0	0.0	0.0	0.0	0.0	0.0	0.0	0.0	0.0	0.0	0.0	0.0	0.0	0.0	0.0	0.0	0.0	0.0	0.0	0.0
S2017t2_E16-T2b-Male	-0.024430848332719406	0.13567927192025747	-0.05645729210000645	-0.09877055166878647	-0.05155941035485603	0.058145658782466234	0.05621344107705708	-0.040251370782191154	0.018289617143763825	-0.11595428026616787	0.05041502145224784	0.07473954258922318	0.015241805995033626	-0.01091693805810004	-0.05064291126491627	0.04607691235454068	0.02065136011086447	0.03721715450408686	0.017256126576575673	-0.02492991370592234	0.03493885811209269	0.02079793555755478	0.022941636847427973	-0.013621085703265153	0.018217047288169048	0.014653949491104799	0.0031597669745172764	0.011810492441250271	0.02913395889408382	0.008313823691412347	-0.0037095806201347553	-0.012900757201436063	0.008668142724358669	-0.037826240352452134	0.002798139487224405	-0.009635042090271226	0.006329489703892729	-0.008981626867314721	0.0015722124475275004	-0.06808919306926962	0.016654044183682284	0.019919326619406912	0.010914470674005182	0.017834959597993912	0.03260425104057141	0.00914657295010477	0.024352747681545023	-0.017757826385919936	0.004930862794496109	0.013065496771865161	0.010565217181678549	-0.004107815371219971	0.006376834931924559	0.016970907566992433	0.020579646835993747	-0.007493200802227999	-6.897429827762118e-05	-0.009974551864175911	0.015293468034797083	-0.007398457891401693	0.005654526151628316	-0.02427410689074952	-0.006702107374413501	0.007108988764864091	0.005441257294138572	0.0031956548782960527	-0.01729809735375544	0.013488823549497937	-0.012886241127400902	-0.015141203733713537	-0.019436138384373736	-0.03117117824648381	0.0074176628257320186	0.003402516889776822	-0.00518407666893532	-0.0015308450784408659	-0.006290321242515604	0.014714051318302772	0.007929991910692746	-0.010334377705102562	-0.006017932623147439	0.017325647888883248	-0.0037398949687478308	-0.0012008817635150775	-0.007263286353870049	0.000601962815345988	0.01325146486324392	0.008929753426610561	-0.004449943762176481	-0.0013244376520683907	0.013244206568328308	0.008913384515078263	0.0068242282498070985	0.0019336096503238967	-0.010873330026814631	0.0019372649208305023	-0.005364015290188273	0.006372306999330532	-0.014120818488314969	-0.0004435595099348482	0.0030336124382586973	0.002471026054557986	-0.0029320692022799513	-0.001901488029617795	0.0027680167400167704	-0.00357528093199716	-0.001466897280740054	0.001809013986474154	-0.0	0.0	0.0	0.0	0.0	0.0	0.0	0.0	0.0	0.0	0.0	0.0	0.0	0.0	0.0	0.0	0.0	0.0	0.0	0.0	0.0	0.0	0.0	0.0	0.0	0.0	0.0	0.0	0.0	0.0	0.0	0.0	0.0	0.0	0.0	0.0	0.0	0.0	0.0	0.0	0.0	0.0	0.0	0.0	0.0	0.0	0.0	0.0	0.0	0.0	0.0	0.0	0.0	0.0	0.0	0.0	0.0	0.0	0.0	0.0	0.0	0.0	0.0	0.0	0.0	0.0	0.0	0.0	0.0	0.0	0.0	0.0	0.0	0.0	0.0	0.0	0.0	0.0	0.0	0.0	0.0	0.0	0.0	0.0	0.0	0.0	0.0	0.0	0.0	0.0	0.0	0.0	0.0	0.0	0.0	0.0	0.0	0.0	0.0	0.0	0.0	0.0	0.0	0.0	0.0	0.0
S2017t2_E17-T2a-Female	-0.15858485262568614	0.10800766882365315	-0.023766488349342998	-0.02035492353715418	-0.09808716113188103	0.04687066177413579	-0.04314406626234007	-0.02932468601853349	0.05700935062032857	0.06099167261832731	0.04473318784694204	-0.09634572224325716	0.04555389619315684	0.04639912538387863	-0.05117333309647054	-0.02678930193054819	0.0926553235190282	0.0163802455574579	0.013923537043730956	-0.026645706386483222	0.04465053972552043	-0.007500321305430294	0.00841411544548775	-0.00827921247027975	0.05443800176676216	0.05642078123244507	0.022651273896706427	0.011082960154481665	-0.026268656086902542	-0.06025646036298318	-0.029119348451961874	0.05018572280623427	-0.032891878555696634	-0.054369064266666385	0.015798658843003535	-0.01924758486588656	-0.00931466034145416	0.015069373480222803	-0.022146666723906673	0.013145256884355062	-0.006811085655979661	-0.016974839038697998	0.004927773439253522	0.010116047910245545	0.03198197445824634	-0.006378969997186926	0.0281354581154568	-0.04287409300988218	0.004313315908883259	0.007805043866639113	0.011306064473061442	0.0025015869975763654	-0.046613430918858764	0.005377115532475817	0.01480514292714581	0.005538239238305453	0.03955991724897367	0.0021472858283534007	-0.021725672131845206	-0.04949658863545632	-0.01896675827881958	-0.003865464715935713	0.012379146007956792	-0.0049090094194021786	-0.0017124930931761981	0.002694185011598992	0.018217849296172917	0.0029608236425133342	-0.012136269763700561	-0.012505506837714496	0.007058345390282413	0.006676238924982244	-0.011123858394413115	0.016279858692976476	-0.001100852963328647	-0.02001480008114946	-0.010907671492870714	-0.0016209708958141316	0.010817993814994676	-0.0008243904975675026	0.011737169212913371	-0.005581047940407399	-0.005534388793358132	0.02039070178346073	-0.0042961824711873755	0.0025123206629124495	-0.0076413575638233045	-0.004819928357438549	0.004085295786694112	-0.013532560735497112	0.00391587620623625	0.0007409652070600288	-0.01369579103293921	0.0011186596829998738	0.004654455641614657	-0.000758154616743988	1.1108841092329818e-05	0.006024023985022062	-0.0039679487821336155	-0.002198075549656905	0.004956566109500873	0.007583374833746475	-0.001108237661519461	-0.00435694800545294	-0.00023476631294566395	0.0036838441682976557	-0.0006768467262273554	7.128546923002775e-05	-0.0	0.0	0.0	0.0	0.0	0.0	0.0	0.0	0.0	0.0	0.0	0.0	0.0	0.0	0.0	0.0	0.0	0.0	0.0	0.0	0.0	0.0	0.0	0.0	0.0	0.0	0.0	0.0	0.0	0.0	0.0	0.0	0.0	0.0	0.0	0.0	0.0	0.0	0.0	0.0	0.0	0.0	0.0	0.0	0.0	0.0	0.0	0.0	0.0	0.0	0.0	0.0	0.0	0.0	0.0	0.0	0.0	0.0	0.0	0.0	0.0	0.0	0.0	0.0	0.0	0.0	0.0	0.0	0.0	0.0	0.0	0.0	0.0	0.0	0.0	0.0	0.0	0.0	0.0	0.0	0.0	0.0	0.0	0.0	0.0	0.0	0.0	0.0	0.0	0.0	0.0	0.0	0.0	0.0	0.0	0.0	0.0	0.0	0.0	0.0	0.0	0.0	0.0	0.0	0.0	0.0
S2017t2_E17-T2a-Male	-0.1834018199762078	0.10667850520239366	-0.02218265461707375	0.017210678225077696	-0.08985598923143605	0.03505931868350928	-0.03350925416114685	-0.004674280279948895	0.010537572151164095	0.08124232132994313	0.05080365303288194	-0.05752584036403261	0.10808912994532387	0.09478275459294071	0.014829687654410478	0.003972470403945599	-0.03535114094510878	0.04984917139411403	-0.0047518539612380105	-0.05763338283158921	-0.04006081168683251	0.017814110077531687	0.07132635382604459	0.02933339367249777	0.0016504751130896995	0.0406322210312199	0.00033238045467877517	0.017567926557418973	-0.026358368972322486	0.02648133003908557	-0.025311839513971337	-0.0028271307297924476	0.008723721334899234	0.009184810943881752	0.014143508221507303	0.004982287754346731	-0.011251268123354047	-0.029444937304009353	-0.022195278886620512	-0.03195122716596748	-0.016922122661631837	0.014791583585752747	0.03407912791109447	-0.029545872473221522	-0.009298728603558286	-0.0342909278369509	0.006147295638864834	-0.020281245662613533	-0.02794763121406471	0.005585471985939627	0.014017175901877019	-0.015041332360253512	0.02347712169870771	-0.0034289820260289964	-0.002773625428980356	0.003890772987910635	0.015663349133847093	0.00896104850441975	0.002556650848104231	0.023641571223820167	0.000495028208339698	0.004286085469336694	0.011813873901990133	-0.014110126802907836	0.012596581028038446	0.004798124936050472	0.007429619740692604	0.021009095822012033	-0.003425859464329931	0.006527245676164728	-0.001289756781401477	0.0015214743612342347	-0.0031686843175944557	-0.020101548035469752	0.018352201998548343	-0.007388492049278188	-0.0019538847999531887	-0.0009285961840044111	0.008891309107617783	-0.007057859409880773	-0.00624743590116545	0.013293523196580958	0.01124241396002959	-0.010664684698089079	-0.003902485746296841	0.008507475006076076	0.00673301904372477	0.0034087119521720548	0.0015547385408365005	-0.0005995337061142142	-0.005736186811404041	0.00019761216010449076	-0.006691662365269647	0.0011243872928041613	-0.0016124677368515924	-0.0022654149175496126	0.0018487177031192654	-0.00291466856762127	0.003753040554947705	0.002567118522669917	-0.0019511157570115197	-0.003141540624135202	0.0002573372289776186	-0.0002820730317761132	-0.0011525596384633179	0.001186944326025503	0.0011619425043827487	7.63061627043729e-05	-0.0	0.0	0.0	0.0	0.0	0.0	0.0	0.0	0.0	0.0	0.0	0.0	0.0	0.0	0.0	0.0	0.0	0.0	0.0	0.0	0.0	0.0	0.0	0.0	0.0	0.0	0.0	0.0	0.0	0.0	0.0	0.0	0.0	0.0	0.0	0.0	0.0	0.0	0.0	0.0	0.0	0.0	0.0	0.0	0.0	0.0	0.0	0.0	0.0	0.0	0.0	0.0	0.0	0.0	0.0	0.0	0.0	0.0	0.0	0.0	0.0	0.0	0.0	0.0	0.0	0.0	0.0	0.0	0.0	0.0	0.0	0.0	0.0	0.0	0.0	0.0	0.0	0.0	0.0	0.0	0.0	0.0	0.0	0.0	0.0	0.0	0.0	0.0	0.0	0.0	0.0	0.0	0.0	0.0	0.0	0.0	0.0	0.0	0.0	0.0	0.0	0.0	0.0	0.0	0.0	0.0
S2017t2_E17-T2b-Female	0.024452664584922783	0.12531474202207765	-0.054336461219378525	-0.047702711668020134	-0.14355065542878823	0.027343882453234273	0.03310276594936577	0.03316447516263765	-0.00391829458884659	-0.016807516130701073	0.01813397072291569	0.01815884304455257	-0.0016270237685733666	0.030643259287745125	0.06549981231855832	-0.04092768165982482	0.0070831209104814975	-0.028294520707763532	0.03561287551485246	0.02564063178162763	0.04482936959557512	0.014560697283804408	-0.005003725298134793	0.03629553958719319	-0.04482257404833411	0.050924453207684794	0.018430557376256394	-0.02461586419740303	0.0069807569693419134	0.004011033001135093	0.03252014372785645	-0.015624033021483791	0.013049977351045449	-0.0022386462281402033	-0.05513884603820785	-0.01585569386737055	-0.0037225439846846962	-0.005861706376893177	-0.012762788965858436	-0.02422862583016263	0.0233787204763329	0.01628406606052923	0.021225458427919616	0.008961805992127734	0.02714525138205249	0.004327294420561867	0.012444397390655088	-0.006594942720779279	0.02663351681850585	-0.00542901553680359	0.027916038276020325	-0.01816613708581998	0.009428730554939278	0.02981550938663184	-0.012588371988195308	0.02537940159310519	-0.010045111224661573	-0.010023255973661641	-0.02363591885223638	0.014454459860649027	0.01663696083488751	0.01459212417679785	0.03711399234922627	0.004278322992232289	-0.016551338391588108	-0.015675350585503216	-0.015736854176639715	0.017722487040222498	-0.0001169160497305044	-0.02054971550525968	0.010184374404935723	0.00854921290028636	0.010870173756384943	0.01664758576626174	-0.007558728565586513	-0.0004998856442821135	0.03036729277561646	0.01444159997869864	-0.0062592980169300216	0.0025955813085829	-0.022255817989108254	0.021739711977789407	-0.02144583560604051	0.002687119269690692	0.0035145192448176985	0.020932424202532534	0.0032338063256174667	-0.0011779011020423248	-0.0012110937047574552	-0.0009393629493085248	0.007948535598705841	-0.003632816469052107	-0.006298602529559838	0.002998421676464255	-0.0021578237597493152	-0.00024938549917911604	0.005194316375595256	0.0034956191164206563	0.008110708472314305	0.0006360943325741331	0.00965583123925337	-0.0036545021922254404	0.003872891090157105	-0.0021435214022199113	-0.0020290125200568957	0.0006030275753264794	-0.0005739461659583011	0.00016675710336982086	-0.0	0.0	0.0	0.0	0.0	0.0	0.0	0.0	0.0	0.0	0.0	0.0	0.0	0.0	0.0	0.0	0.0	0.0	0.0	0.0	0.0	0.0	0.0	0.0	0.0	0.0	0.0	0.0	0.0	0.0	0.0	0.0	0.0	0.0	0.0	0.0	0.0	0.0	0.0	0.0	0.0	0.0	0.0	0.0	0.0	0.0	0.0	0.0	0.0	0.0	0.0	0.0	0.0	0.0	0.0	0.0	0.0	0.0	0.0	0.0	0.0	0.0	0.0	0.0	0.0	0.0	0.0	0.0	0.0	0.0	0.0	0.0	0.0	0.0	0.0	0.0	0.0	0.0	0.0	0.0	0.0	0.0	0.0	0.0	0.0	0.0	0.0	0.0	0.0	0.0	0.0	0.0	0.0	0.0	0.0	0.0	0.0	0.0	0.0	0.0	0.0	0.0	0.0	0.0	0.0	0.0
S2017t2_E17-T2b-Male	-0.029889648621126315	0.04571777559356744	-0.031540427272147654	0.03823015876467703	0.024089326592491783	-0.0889023098866018	0.09788741007422776	0.04264275231767941	-0.09556126480885486	0.11063885479906127	0.03111152074508642	-0.027204264297931265	0.039098068630710685	0.10068504770172262	0.033248483497185795	0.01311734196592867	0.0435723234860482	0.018325865238418695	-0.019599954127427988	-0.020415425424152322	-0.039212803680888954	0.07669679958943301	-0.013037730831092163	0.017220759607081037	0.0727027640544599	0.026569728418607032	-0.044566182019314685	-0.051027166180295326	0.007514737057226168	-0.003575876667100982	-0.005089302130420721	-0.007426560036036204	0.010310399487866299	0.009450469222901358	-0.001955468882303233	0.017947005691769165	0.0032424006392768115	-0.07764795530096338	0.03356998272371781	0.010829952506702089	-0.01595664734393802	-0.013374476803390089	0.03044898896581264	-0.019375077479941973	0.0027581616120256262	-0.02952155274380753	0.008471550786290456	-0.040775362582139166	-0.007971302820178846	0.002660646006642699	0.007978082269506238	0.022678562156480092	0.001463919640292485	-0.024244342948854258	-0.014007146585105178	0.03297470445099007	0.016551782198798885	-0.006468890370195883	0.01657348828954541	0.014502781642594664	0.01917908087807596	0.012883666561140471	0.01418956019272737	-0.010868289109714739	-0.01778379309314295	-0.02789039178691701	0.005991733598568743	0.002348679741297219	-0.005484302486462657	0.0019257525163619736	-0.002639952460231316	0.009081265844841665	0.007502883945239643	-0.009909553685131366	0.0008398426415123556	0.005307628326680249	0.005000669368909153	0.002684553167244404	-0.014127431476143915	-0.004722315536706046	-0.007289464077316963	0.001689568719029745	0.0009982183142310615	-0.005362924768140358	-0.003201484610629047	0.004713322863995682	-0.011572518895862065	-2.11803470791909e-05	0.002864102065258418	0.0008918103338624839	-0.0025772621318595154	0.0010479924944650516	-0.0011700943398694652	-0.0069229492158357575	-0.0019213268728391296	-0.0010356363672380997	0.005550979593234439	0.0018483953069397493	0.00909070051842673	0.00575023960691984	0.00567785944853735	0.00647030813267367	-0.0010012447289266763	-0.0024357102292105084	-0.0008850234193982217	-0.0009670555375663138	0.00020085668960867823	0.0017478402405709228	-0.0	0.0	0.0	0.0	0.0	0.0	0.0	0.0	0.0	0.0	0.0	0.0	0.0	0.0	0.0	0.0	0.0	0.0	0.0	0.0	0.0	0.0	0.0	0.0	0.0	0.0	0.0	0.0	0.0	0.0	0.0	0.0	0.0	0.0	0.0	0.0	0.0	0.0	0.0	0.0	0.0	0.0	0.0	0.0	0.0	0.0	0.0	0.0	0.0	0.0	0.0	0.0	0.0	0.0	0.0	0.0	0.0	0.0	0.0	0.0	0.0	0.0	0.0	0.0	0.0	0.0	0.0	0.0	0.0	0.0	0.0	0.0	0.0	0.0	0.0	0.0	0.0	0.0	0.0	0.0	0.0	0.0	0.0	0.0	0.0	0.0	0.0	0.0	0.0	0.0	0.0	0.0	0.0	0.0	0.0	0.0	0.0	0.0	0.0	0.0	0.0	0.0	0.0	0.0	0.0	0.0
S2017t2_E19-T2a-Female	0.08000575188232044	0.10246257769732839	-0.04980469967062268	-0.05637460032463649	-0.00609485838586116	-0.06152024594536259	0.06684213415030131	-0.041808065582080514	0.0139935584563902	0.029536054333026095	-0.024527495210077098	0.005970269818156434	0.11478253627885342	-0.04494092580145113	0.08175158901328942	-0.007897354699385422	-0.046442589129157635	0.055979854480485494	-0.0009928826206465826	-0.020840318612517485	0.08009419592708718	0.053716041836784675	-0.06148912166354032	-0.06026874364269671	-0.0481390697015396	0.04434565707997045	-0.024766322876924672	0.005893429734456217	-0.020268695776447253	0.011335472121981875	-0.004705779169883783	-0.013303923304393556	0.022967321473717942	0.007528215744856977	0.036483768037679935	0.020064246030576972	-0.011394908663672806	0.05156223891503721	-0.009217994928456397	0.01382480748323115	-0.021156069074161232	0.011727404471634999	0.0010577943808354594	-0.02340995258349633	-0.027919799390341067	-0.021360856873685632	0.010519596232924488	0.03169617640028045	0.014442894238741398	0.018747754725839325	0.01715304852157722	0.018570910323828575	0.03109582260599802	0.011453382549777796	0.0047938283791265	-0.0008244442648467412	0.05708896988607075	0.0036067474506582885	0.0073437836127049246	0.011235283037652111	-0.01292711786975577	0.006628414084177977	-0.017914801667541013	0.00036059778866125364	0.006886684880600203	-0.0059601142732275255	0.008971074637076248	-0.006022127645997503	-0.021280410343520715	0.015133056610078566	-0.009811101586853445	0.005106209540867109	0.027421072469412763	-0.021362457266376852	-0.0032337599129657066	0.014673705712237759	0.01162156032191524	0.00819208724066159	-0.0025927489240073253	-0.003810198276323173	0.0024252487287005327	0.008023111294699015	-0.002734243763103433	-0.00043169433136677835	-0.004122100651852871	-0.00197805823952422	-0.0021931954698182986	0.007475460373581471	0.008666835385740153	-0.014595599487949668	-0.0037162728909875863	0.012346103375712434	0.006469063556522826	-0.015619902335654981	-0.004054205446289159	-0.0014353857492507287	-0.0004201929600016316	-0.010960722768436721	-0.0003121347366655913	-0.0029156687008123077	-0.003384830027113002	0.005126874174199745	-0.0007508247818828631	0.003406950326212085	0.0028252325502111358	0.0021449913468209445	-0.0010792336902398299	0.00030835704659263826	-0.0	0.0	0.0	0.0	0.0	0.0	0.0	0.0	0.0	0.0	0.0	0.0	0.0	0.0	0.0	0.0	0.0	0.0	0.0	0.0	0.0	0.0	0.0	0.0	0.0	0.0	0.0	0.0	0.0	0.0	0.0	0.0	0.0	0.0	0.0	0.0	0.0	0.0	0.0	0.0	0.0	0.0	0.0	0.0	0.0	0.0	0.0	0.0	0.0	0.0	0.0	0.0	0.0	0.0	0.0	0.0	0.0	0.0	0.0	0.0	0.0	0.0	0.0	0.0	0.0	0.0	0.0	0.0	0.0	0.0	0.0	0.0	0.0	0.0	0.0	0.0	0.0	0.0	0.0	0.0	0.0	0.0	0.0	0.0	0.0	0.0	0.0	0.0	0.0	0.0	0.0	0.0	0.0	0.0	0.0	0.0	0.0	0.0	0.0	0.0	0.0	0.0	0.0	0.0	0.0	0.0
S2017t2_E19-T2a-Male	-0.06820520940573158	0.09366270429456006	-0.06870013819863717	-0.03678031372882131	0.03802301741394207	0.042733232405687355	0.09289454452553723	0.0076672271229976914	-0.0238462721840581	-0.03708262750964388	-0.021926268512318967	0.02154996332051843	0.09191388696342169	-0.009398281297308332	0.0002953931269582637	-0.0008825462683550852	0.0004378308418347705	0.052196280546785274	-0.043819395164173124	0.019535064761992835	-0.005870443761534507	-0.08085916954285917	-0.10425674964216565	-0.0012809213337148144	-0.04236280855995917	0.005196620966684872	-0.020670128413620956	0.09935108852711373	-0.039742381539319305	0.037378874380564836	0.016230741856217125	0.034799170091471814	0.03687915784455458	-0.052052355207408606	0.020715971707767875	0.02630361225698616	0.03571936982465577	0.02797938499491415	-0.007872192130919201	0.004816706855343821	0.02458214415789317	-0.017315507790921676	-0.021345262001279973	0.018573272363277344	-0.04534947823826802	-0.011356935329521128	0.02941700693166349	0.020430405760779813	-0.013953716527027666	-0.022445750138513125	-0.04680584765751064	0.004351375190171382	-0.0006274961192944758	0.024588876676253903	0.005620802844931116	0.015118735642842974	0.019613071324700058	-0.05000927375499067	-0.022319217773979914	-0.023807900642777817	0.021298758950402674	0.02604990717985968	0.008618577848248089	-0.012120160441780457	-0.01584625201553642	-0.022226937298748615	0.00697991445723735	-0.012896334085675842	0.00923859749625287	0.011079126654321673	-0.014664543757562765	0.005225611286979204	-0.001465296549498643	0.0007376459751216645	0.008333833972483896	-0.009747959903821598	0.019823168564085815	-0.0074302473697597455	0.013723308053430557	0.007392085392537477	-0.008315069305752472	0.004427390932103528	-0.0013681431501112145	0.01854640770060379	0.009460926599466762	-0.003047611274891115	0.010748765790241225	0.007905494849859728	0.0018981036674057099	-0.0019403658231934952	-0.005300161324640405	-0.004359093213359019	-0.0015990139311279049	-0.0013007182830838727	-0.002133202362771086	0.013521539684107579	0.005395413436746782	-0.001923365335065056	0.0022999802156952903	0.008333016453842133	-0.010515574220473134	-0.003167749264517976	-0.004983302812092047	-0.00464755764249684	-0.001484272484844652	0.004392297654333516	0.0005202382403257132	2.59678145283848e-05	-0.0	0.0	0.0	0.0	0.0	0.0	0.0	0.0	0.0	0.0	0.0	0.0	0.0	0.0	0.0	0.0	0.0	0.0	0.0	0.0	0.0	0.0	0.0	0.0	0.0	0.0	0.0	0.0	0.0	0.0	0.0	0.0	0.0	0.0	0.0	0.0	0.0	0.0	0.0	0.0	0.0	0.0	0.0	0.0	0.0	0.0	0.0	0.0	0.0	0.0	0.0	0.0	0.0	0.0	0.0	0.0	0.0	0.0	0.0	0.0	0.0	0.0	0.0	0.0	0.0	0.0	0.0	0.0	0.0	0.0	0.0	0.0	0.0	0.0	0.0	0.0	0.0	0.0	0.0	0.0	0.0	0.0	0.0	0.0	0.0	0.0	0.0	0.0	0.0	0.0	0.0	0.0	0.0	0.0	0.0	0.0	0.0	0.0	0.0	0.0	0.0	0.0	0.0	0.0	0.0	0.0
S2017t2_E19-T2b-Female	-0.0600920256301073	0.06564972081716605	-0.07578188105815375	-0.008051158813644523	0.010295680740281112	0.022662320688165965	0.013141546368680847	0.14638598149838325	0.09593380712361957	-0.025352439357303403	0.04632716733221982	-0.029223293188568537	0.09151067287175953	0.015990107657603496	-0.06348029541571365	-0.028065897555893306	-0.04251138514298162	0.011971653893408384	-0.025472733630978014	0.04052697794667338	0.09794466096929849	-0.10717811324386389	-0.09779300541352552	-0.020198559526899373	-0.04536552569102332	-0.0018218206178593687	-0.027796721444430152	-0.0011103768635770212	-0.04357680930977526	-0.013076060956319649	0.029888139008241384	0.04932514144404151	-0.07753200915231401	0.02117518760615773	-0.051408993554776225	-0.0022111401102404807	0.024830857061347324	-0.016770614393896897	0.01969230896757147	-0.017830705858931324	-0.026528641940104906	0.010712670027089172	-0.04642367576891317	-0.03414050890631837	-0.0466328733696957	-0.007309791880250712	-0.009637885981321957	-0.014339545670625148	0.0017138006492840227	0.028202758088647317	-0.057792409427328016	-0.03344273821982686	0.013436277264654748	-0.021982470239524342	-0.08238053386703999	0.0262772700839696	0.022169447335953843	-0.010319714086387065	0.06442553680639358	-0.021716834930136254	-0.01443097211766666	0.018187825254563448	-0.007210617473993464	0.01807337287826235	0.0004794920297930924	-0.012055178798688468	-0.03839710581705256	0.012261201460754878	-0.008297442277166056	0.024284252796223857	0.039817903061242985	-0.030761770165627568	-0.010386556797405948	-0.008581237655169958	-0.004052334066544797	0.028454276848730826	-0.014139045544981858	0.0006642649568287998	-0.004437121273536104	-0.020271137900038344	0.007689387308702752	0.008033352091504515	-0.0005054343414194114	-0.021040127733014585	-0.00505298665060568	-0.009602653052034262	0.013464956093274307	-0.006529923090352989	0.0201421464358654	-0.014718012310128183	-0.013867382758862871	0.00516558013784081	-0.004584615580486754	-0.0038019446790457548	0.009552394504598253	-0.00303787957355316	0.0031250465959544713	-1.6338245322921928e-05	0.001581670977790707	-0.0056069673128772484	0.011303092662832052	0.0045787559963892	-0.005256545383448099	-0.0023102488361160622	-0.0039273160350665115	-0.0018202811943260574	-0.0010172136169463468	0.0014987245296672282	-0.0	0.0	0.0	0.0	0.0	0.0	0.0	0.0	0.0	0.0	0.0	0.0	0.0	0.0	0.0	0.0	0.0	0.0	0.0	0.0	0.0	0.0	0.0	0.0	0.0	0.0	0.0	0.0	0.0	0.0	0.0	0.0	0.0	0.0	0.0	0.0	0.0	0.0	0.0	0.0	0.0	0.0	0.0	0.0	0.0	0.0	0.0	0.0	0.0	0.0	0.0	0.0	0.0	0.0	0.0	0.0	0.0	0.0	0.0	0.0	0.0	0.0	0.0	0.0	0.0	0.0	0.0	0.0	0.0	0.0	0.0	0.0	0.0	0.0	0.0	0.0	0.0	0.0	0.0	0.0	0.0	0.0	0.0	0.0	0.0	0.0	0.0	0.0	0.0	0.0	0.0	0.0	0.0	0.0	0.0	0.0	0.0	0.0	0.0	0.0	0.0	0.0	0.0	0.0	0.0	0.0
S2017t2_E19-T2b-Male	0.06085903676536017	-0.22032998382261595	-0.17471352533551848	-0.09175934047971113	0.061715284199202976	0.02307022630197696	0.0907906402216549	-0.12291731569741142	0.010512885621334992	0.1143728587763523	-0.02419762591832978	0.03692172900993349	0.037158354472003975	-0.01048322122291351	0.017390116491192556	-0.032988138979834276	-0.06499254434695949	0.04174056307181712	0.048925008468599915	-0.07474080730523072	0.08689530028154582	-0.02477612122635278	0.011964073906723643	-0.056830763236603896	0.017257797710764744	0.04896340066295813	0.04166640561553336	0.020852007813562362	0.009212190472791504	-0.061237565900207805	0.020099654762199874	-0.0016971923900429742	0.0733466406750106	0.007977555879020746	0.00492050439312423	-0.019466515481915008	-0.01620292249838368	0.06478436998633032	-0.03850128617643627	0.018018796700832413	0.031184360016772942	0.02323562074957419	-0.023619428892482197	-0.020612905944487836	-0.04739015300244832	0.044139698359305965	-0.02275839340454027	-0.02537755485169925	0.002592810945397049	-0.014851796696821955	-0.002052694319220391	0.010465431196061694	-0.002169207702968115	0.005121669093902018	-0.04376900681480768	0.03642970596138328	0.0033573237368356777	0.031428948969926436	-0.038437116105656796	-0.01586969940181278	-0.0007385542813533271	-0.009704403254410264	-0.040178028502040365	-0.004706705196867265	0.004586298068192658	-0.047652265277651706	0.051715363543621	0.024914767961109353	0.03427582600435493	0.0010970186147066488	-0.005344012571564495	-0.03171489214948576	0.012268232757981615	0.016256255237815653	-0.017759264476537827	0.015515460615371098	0.005677234408337149	0.01024956938044279	-0.0005576211061242884	-0.006344215201611391	-0.016901364761813416	0.001267691936925951	0.02372145649251116	0.02805612337029555	-0.019162536150515302	0.0020036087083970745	-0.016293339068962524	-0.037914212806146035	0.0020011078929117136	0.0045517910755714566	0.018984198586971892	-0.0025184878146994765	-8.125904851414199e-05	-0.01404070249545207	0.0037572627493997917	0.001692689684647531	-0.004091634983870561	0.0006456827695831218	-0.006342744920078257	-0.00017129667293900534	0.004606974301099084	-0.017687000294316697	0.003709675612977161	-0.0001092276532497435	-0.003033804630151167	-4.832554385947141e-05	-0.00031451928998420405	0.001929324206560236	-0.0	0.0	0.0	0.0	0.0	0.0	0.0	0.0	0.0	0.0	0.0	0.0	0.0	0.0	0.0	0.0	0.0	0.0	0.0	0.0	0.0	0.0	0.0	0.0	0.0	0.0	0.0	0.0	0.0	0.0	0.0	0.0	0.0	0.0	0.0	0.0	0.0	0.0	0.0	0.0	0.0	0.0	0.0	0.0	0.0	0.0	0.0	0.0	0.0	0.0	0.0	0.0	0.0	0.0	0.0	0.0	0.0	0.0	0.0	0.0	0.0	0.0	0.0	0.0	0.0	0.0	0.0	0.0	0.0	0.0	0.0	0.0	0.0	0.0	0.0	0.0	0.0	0.0	0.0	0.0	0.0	0.0	0.0	0.0	0.0	0.0	0.0	0.0	0.0	0.0	0.0	0.0	0.0	0.0	0.0	0.0	0.0	0.0	0.0	0.0	0.0	0.0	0.0	0.0	0.0	0.0
S2017t2_E23-T2a-Female	0.25105247149345306	0.004644063467360461	0.009956807338899294	-0.08508119083125401	-0.018946590777501937	-0.031019424205611098	0.09714856352221542	0.061226583489291435	0.05141457995795606	0.05510093824946517	0.015495394181940758	-0.01755993943229293	0.04148203469853268	-0.009259407092585664	0.01280607180780308	-0.0430433631798563	-0.009411958785834779	0.1134514775070979	-0.07593502395640879	-0.021068712344276153	0.024750241355177865	-0.0431107500853394	-0.05557871020244402	-0.034591892850232744	-0.007510576093142747	-0.03448946988204069	-0.043699628519902584	-0.050444388860956	-0.02230864869582223	0.06603420530686678	-0.03433525894389479	0.0065583043200672896	0.0158971560257617	0.0027589794258528304	-0.005422180403200003	-0.020623538517186287	-0.003195723560212642	0.02491045513148087	-0.015410882899296284	-0.0711856078272658	-0.03566823955792569	0.014004708503554699	-0.02051100364357564	0.017066310544266088	0.0026539967721933453	0.008901393080074352	-0.0494217318754371	0.005338506220015082	-0.03698491432271486	-0.015615593648576348	0.02915247438101726	-0.03301973768830954	-0.023987935992336493	0.01027240647990003	-0.007423520642854316	-0.02964900138924179	0.01181646675862629	0.023137356939840238	-0.01763112736675747	-0.027033983644779602	-0.001025014173028556	0.0007968152884014593	0.04968614784972276	0.017767692780941147	-0.0002838759197602543	0.0029647014877449323	0.030189095956688453	-0.021173570394300546	-0.003382377869712219	-0.0013507821548915569	-8.55970609685768e-05	-0.0056073932454820015	-0.0296362196661269	-0.022139218739937717	0.0033109118760479266	-0.020247462266495975	-0.014669728296313881	0.008010095480838343	-0.004989225544432748	0.00841448099218765	-0.007963692473174012	-0.002363920833308365	0.004068142495840075	0.015584850365253344	-0.016116161921641173	0.007101590491604243	-0.00452821582413842	-0.0032160841877772336	-0.010941465161317866	0.005553422930061413	0.0004388100708391949	-0.0011077615545610681	-0.009192173775592505	0.00204659190999719	-0.010874034250540756	-0.01794290105922846	-0.0056552229347930924	0.0011979135979387414	-0.0025634239595503615	0.008789155689765675	0.0015290737646083566	0.009336255932257214	-0.0005289929220231752	-0.0030976357139468644	0.003955151844707755	-8.924523454009785e-05	0.0025922959369763057	-0.0016928076794767647	-0.0	0.0	0.0	0.0	0.0	0.0	0.0	0.0	0.0	0.0	0.0	0.0	0.0	0.0	0.0	0.0	0.0	0.0	0.0	0.0	0.0	0.0	0.0	0.0	0.0	0.0	0.0	0.0	0.0	0.0	0.0	0.0	0.0	0.0	0.0	0.0	0.0	0.0	0.0	0.0	0.0	0.0	0.0	0.0	0.0	0.0	0.0	0.0	0.0	0.0	0.0	0.0	0.0	0.0	0.0	0.0	0.0	0.0	0.0	0.0	0.0	0.0	0.0	0.0	0.0	0.0	0.0	0.0	0.0	0.0	0.0	0.0	0.0	0.0	0.0	0.0	0.0	0.0	0.0	0.0	0.0	0.0	0.0	0.0	0.0	0.0	0.0	0.0	0.0	0.0	0.0	0.0	0.0	0.0	0.0	0.0	0.0	0.0	0.0	0.0	0.0	0.0	0.0	0.0	0.0	0.0
S2017t2_E23-T2a-Male	-0.12728842252160374	0.04718676782112082	0.05610092511689329	-0.12020281256452524	0.09720579135175103	-0.07128441560911103	-0.05815805766136184	-0.06231613426631424	0.07684969478263146	0.01304309604632863	-0.01857194570099217	-0.04482979209900852	0.005438085212818692	-0.048966792241633396	-0.13366816569315396	0.04293804236835975	0.040437399015950226	0.05366429656123123	-0.0005186650014939174	-0.0030881040561311322	0.05267086004425394	0.01896396088830915	-0.027675965435248202	-0.05581540543007634	0.024978673134676815	0.016368802014021896	-0.020172390383494467	-0.05811450866185889	0.020234728910567698	-0.0033753411166407266	0.011063465052445078	-0.04974399419562281	0.009767500780901828	0.013279036266669162	0.03302821841780783	-0.017182647166910512	0.009005926135471704	-0.027024232505614643	0.012843740391928005	9.294442694105712e-05	0.011614550950955156	-0.012176681952498547	-0.039156346117793304	-0.02106486278105087	0.01797143724777024	-0.0010480295968381202	-0.019571998038405602	-0.037697428483117995	0.019720316770965352	0.0005156028974086811	0.019719398484514077	0.005741671495598484	0.0010533173890399674	0.014332560618604821	-0.012892747833115153	-0.027196723559575756	0.015399242299918799	-0.0028720258860739103	0.02519689582478323	0.0033133792279653675	0.014428118347838808	-0.01989260291865936	-0.012267520334853139	-0.004999176779607252	0.004317076117473066	0.0008584712105770849	0.008809787340142042	-0.02681021730197322	0.01692588476896395	-0.010243638178318935	-0.01472551234308639	-0.009220954869779882	0.01171729393246598	0.004096364059493827	0.0005417310346273932	0.0015184133644318418	-0.0168892211568754	-0.00484188049096104	0.007758640130213863	0.0006143386146069587	0.011592220224147496	-0.0006455364699558631	-0.007052299098323739	-0.004273097308599076	0.004025430307715912	-0.0022821914808898373	-0.0013120642231342979	0.015852230273915906	-0.00699250686138497	-0.002067972144435081	0.000294346600422096	-0.002150471961281889	-0.00013989375356941418	0.001831598715808481	-0.004648563895619291	0.005987417012180473	-0.0042439315056258895	-0.0019601065152431776	-0.0031622646559782215	-0.0020923774322382438	0.003923622223640097	0.004119121189887781	-0.004709443672893209	0.0021725431526199166	0.0009379695642923548	-5.210236391044134e-06	0.004397615723795168	-0.0012534800333707677	-0.0	0.0	0.0	0.0	0.0	0.0	0.0	0.0	0.0	0.0	0.0	0.0	0.0	0.0	0.0	0.0	0.0	0.0	0.0	0.0	0.0	0.0	0.0	0.0	0.0	0.0	0.0	0.0	0.0	0.0	0.0	0.0	0.0	0.0	0.0	0.0	0.0	0.0	0.0	0.0	0.0	0.0	0.0	0.0	0.0	0.0	0.0	0.0	0.0	0.0	0.0	0.0	0.0	0.0	0.0	0.0	0.0	0.0	0.0	0.0	0.0	0.0	0.0	0.0	0.0	0.0	0.0	0.0	0.0	0.0	0.0	0.0	0.0	0.0	0.0	0.0	0.0	0.0	0.0	0.0	0.0	0.0	0.0	0.0	0.0	0.0	0.0	0.0	0.0	0.0	0.0	0.0	0.0	0.0	0.0	0.0	0.0	0.0	0.0	0.0	0.0	0.0	0.0	0.0	0.0	0.0
S2017t2_E23-T2b-Female	0.18737108644302575	0.04088489908580504	0.01210067025430209	-0.10825907375531968	0.0011139972329581123	-0.015620458763996405	0.11803530718399016	-0.016623309912702666	0.009330470954024655	0.08299579565430511	0.01013465016516835	0.04011196991801076	-0.025484168187009815	-0.040726308884233994	-0.08391758652015377	0.02349462777083233	-0.00038633383875477683	-0.03359431172853733	-0.10694952299163285	0.029395510179788063	0.04303961505297338	-0.03773896826192539	-0.05222798743979627	-0.023721721481971388	-0.04300514548439298	-0.02205219135733545	0.0049875559258135485	-0.01176439418606303	-0.048698294963850385	0.019856563735273156	-0.006740949319995273	0.02846655247737502	0.06282568714820418	0.00566320949888771	-0.025785639765715008	-0.017306649719647085	-0.014536930978494964	0.032438254512704635	0.0035072334297571693	-0.0031975440206002776	0.00038911515859110964	-0.03542188036292357	-0.026369725396835113	-0.02805693731469444	0.034079783915134616	-0.016554758958207027	-0.024488956815831124	0.00774976185347346	0.013688216719191732	0.033343179195325784	0.03806469049271963	0.003720131185307278	0.006446832371245605	-0.03639196809724624	0.05345597572588408	-0.013970214037995608	0.0016105630677182336	-0.006559984420602956	-0.0021981585760602117	0.0706667005823639	0.010871296299630222	-0.061378851833211755	0.022010289522914714	-0.021222657983131134	0.04144309999102464	0.012180339279209832	0.024217005925660846	0.0011019748029744195	-0.034244109906055586	0.006811087270409202	-0.003207583155279865	-0.019649904740444656	0.002652208107779556	-0.012517697791656122	-0.03392163790125795	-0.008530500065518169	0.017102942491467835	0.003325570450804454	0.009690672207172232	-0.03280825861323093	-0.004954514865962027	0.006278461253784855	-0.01433729782510167	0.00010547011493604867	0.0004908922793075147	0.020808671795851757	0.012926367665882687	0.0011829157185312379	-0.00018061565522431916	0.008850453337197526	-0.02488674666298717	0.0020754454322989713	0.004319244346317737	0.00419285251819843	0.007924318626413586	0.007032721968914806	0.0176093612849191	-0.007135801834273586	-0.009003361800954863	-0.0015820943845114446	0.0023404514529072923	0.0020578247838418666	-0.003079038857607361	-0.004880294638220994	-0.0018263462512326204	-0.0010132084032863137	-0.0006894373718209286	-4.8620246578819434e-05	-0.0	0.0	0.0	0.0	0.0	0.0	0.0	0.0	0.0	0.0	0.0	0.0	0.0	0.0	0.0	0.0	0.0	0.0	0.0	0.0	0.0	0.0	0.0	0.0	0.0	0.0	0.0	0.0	0.0	0.0	0.0	0.0	0.0	0.0	0.0	0.0	0.0	0.0	0.0	0.0	0.0	0.0	0.0	0.0	0.0	0.0	0.0	0.0	0.0	0.0	0.0	0.0	0.0	0.0	0.0	0.0	0.0	0.0	0.0	0.0	0.0	0.0	0.0	0.0	0.0	0.0	0.0	0.0	0.0	0.0	0.0	0.0	0.0	0.0	0.0	0.0	0.0	0.0	0.0	0.0	0.0	0.0	0.0	0.0	0.0	0.0	0.0	0.0	0.0	0.0	0.0	0.0	0.0	0.0	0.0	0.0	0.0	0.0	0.0	0.0	0.0	0.0	0.0	0.0	0.0	0.0
S2017t2_E23-T2b-Male	0.09202594167722582	0.06678247971511032	-0.02413482750363524	-0.09054792522806192	0.011764912818459273	-0.021853493818233684	0.10974910345504145	0.006573904259986086	0.03952097092042087	0.07375546442642691	-0.0347764409033946	-0.04890970984097994	0.059157909094650185	-0.0009900316789491148	-0.14906257219300265	0.03843895319503709	0.03737258624385747	0.08798461556910103	-0.04478313140247764	-0.04258598643210722	0.09252889286340972	-0.05824724283543301	0.009031579013797968	-0.008905063700420842	-0.0072074599282357715	-0.03511556154517249	0.040770482968747725	-0.023237305324675835	0.010091590976080313	-0.00261886827935496	0.06003666794409747	-0.0025887536086282373	0.04736168899178586	0.0537829766091832	-0.04375326968754666	-0.006623441106017643	0.0008899081391843851	0.003154051288293593	-0.0019594273575365847	0.028127169232043055	0.034158761308744054	0.019451875541893395	0.010085634326012676	-0.03666982391284656	0.008702253219507478	-0.0009599469253101902	-0.022182885730649422	-0.020823162033682893	-0.010246309846782594	-0.018746325729290053	-0.017893795414875072	0.03643642470973609	0.0332175674831885	0.024665326352624223	-0.01691735504676508	-0.011541168795745026	0.0027583804550857394	0.023053454169248658	-0.016914933652926626	-0.020830248807714117	0.03094584836137952	-0.010459998086520548	0.008764716145191441	0.017229820152195534	-0.029755858005199615	-0.004267033641119041	-0.01263280032128011	0.0354428492409162	0.02991863952072556	-0.015365769340799732	-0.01240004281788342	-0.0017643994282539154	-0.0035792290463235294	-0.013206390576456567	0.005794612202010667	-0.01696331554551654	-0.018496243070408456	-0.01915743124981392	0.013264803471819814	0.014735011487235586	-0.008226341613239338	-0.007566362500753943	-0.021176451632020785	-0.026073732979818475	-0.002097701602540631	-0.006136966339924796	-0.008513000073493178	0.0019104260374122727	-0.0005703506671234928	0.0014972920618458207	0.0014047401495466615	-0.0031642159806947734	0.0013066273711786639	0.023469801964094112	-0.007035643579194872	-0.00296569425989421	-0.0029758531280825317	0.005175537479012057	-0.0018892882273790748	-0.001970558314684025	-0.0035871241473226173	0.002472393044983411	-0.0006193332195957863	-0.0007081263142929893	0.0015345702604259016	0.0015246102852338893	-0.0008089120034583867	-0.0005396610225784259	-0.0	0.0	0.0	0.0	0.0	0.0	0.0	0.0	0.0	0.0	0.0	0.0	0.0	0.0	0.0	0.0	0.0	0.0	0.0	0.0	0.0	0.0	0.0	0.0	0.0	0.0	0.0	0.0	0.0	0.0	0.0	0.0	0.0	0.0	0.0	0.0	0.0	0.0	0.0	0.0	0.0	0.0	0.0	0.0	0.0	0.0	0.0	0.0	0.0	0.0	0.0	0.0	0.0	0.0	0.0	0.0	0.0	0.0	0.0	0.0	0.0	0.0	0.0	0.0	0.0	0.0	0.0	0.0	0.0	0.0	0.0	0.0	0.0	0.0	0.0	0.0	0.0	0.0	0.0	0.0	0.0	0.0	0.0	0.0	0.0	0.0	0.0	0.0	0.0	0.0	0.0	0.0	0.0	0.0	0.0	0.0	0.0	0.0	0.0	0.0	0.0	0.0	0.0	0.0	0.0	0.0
S2017t2_E30-T2a-Female	-0.09298398084749052	0.06630475934138859	-0.01721655398210155	-0.04067908332733162	-0.017808498974024905	-0.11539349200590968	-0.0540985231425329	0.0865179260010371	0.015556417592916129	0.08236591456023248	0.018514014928417418	-0.08738744132120586	0.08705251464704683	0.06360640611474158	-0.01249462108994088	-0.007936027634617454	0.011756264336329375	0.014820844271205162	-0.06394903899979813	0.017645238723940644	-0.009448136829751241	0.00561250654262078	-0.010968127851925493	-0.01697785790346907	-0.013374359696061076	0.04258210571049991	0.04277193083391563	-0.02751891800802082	0.01295060853612777	-0.0037182208502756736	0.0359851228700698	-0.06288952075272429	0.036947769111696435	0.0009520216368603058	0.0006917093543673584	0.004486947741536887	-0.017456195685206493	-0.0273978147384968	0.034298875718744674	-0.004170006878112402	-0.007875957981129103	-0.01357438925075353	-0.004509784460769774	0.010170163579379962	0.017270092225561844	0.023069656178593013	-0.010120094384355337	-0.006560822018876657	0.03195465587355091	-0.031819327468017154	-0.01445831669453315	0.011009549410241699	0.005536782011036975	-0.012230040922888576	-0.013774204391376011	-0.0008660102089734896	0.004612026449006903	0.0009585725765247155	0.005036716924639961	0.010713565882250925	-0.004649422302526644	0.004899558417342121	0.009452406494174538	-0.008804591217602731	-0.026735546630923618	-0.003532602860392612	0.007347158278851572	-0.00896277738076528	0.005231792781826707	-0.007341167072950877	-0.0072727025427178505	0.0002801595367250229	0.022549998115259234	0.007745884780097835	0.009749328369235465	0.004597249415480353	0.009658605684029781	-0.00648155859208908	0.000193669937817579	0.0040810334519093576	0.0011671090800809696	0.014408753740223629	-0.0016460687251271232	-0.0012996281787113107	-0.002668138280019655	-0.00902534114474471	-0.0187609527995182	-0.0019365768725749634	-0.003322080501268244	1.9282730867501394e-06	-0.007178471617424348	0.00596063987878418	-0.005641574672764659	0.009128407458099928	0.004818381128980221	0.0017752469839765548	0.004503680276976088	-0.0049033827007900115	-0.0019161122702689732	0.0008816838256246089	-0.0010542139672200961	0.0023263937475696468	0.0018400862602002263	0.002664261079191638	-0.0009914763478540208	-0.0036074902992347824	-0.0014749096700703123	0.00026334436204436117	-0.0	0.0	0.0	0.0	0.0	0.0	0.0	0.0	0.0	0.0	0.0	0.0	0.0	0.0	0.0	0.0	0.0	0.0	0.0	0.0	0.0	0.0	0.0	0.0	0.0	0.0	0.0	0.0	0.0	0.0	0.0	0.0	0.0	0.0	0.0	0.0	0.0	0.0	0.0	0.0	0.0	0.0	0.0	0.0	0.0	0.0	0.0	0.0	0.0	0.0	0.0	0.0	0.0	0.0	0.0	0.0	0.0	0.0	0.0	0.0	0.0	0.0	0.0	0.0	0.0	0.0	0.0	0.0	0.0	0.0	0.0	0.0	0.0	0.0	0.0	0.0	0.0	0.0	0.0	0.0	0.0	0.0	0.0	0.0	0.0	0.0	0.0	0.0	0.0	0.0	0.0	0.0	0.0	0.0	0.0	0.0	0.0	0.0	0.0	0.0	0.0	0.0	0.0	0.0	0.0	0.0
S2017t2_E30-T2a-Male	-0.07133062128099404	0.14601500020357752	-0.07078974814774933	-0.07009214438142065	-0.0851133514285895	0.011223870852031921	0.023025986374467042	0.001387564086948629	-0.009957993103549273	-0.06788767553160577	0.0200637440136436	-0.013584877062595532	0.05974967834569221	-0.004958267604411672	-0.028283632784513936	-0.04891830328124569	0.050527604133359987	0.0070827038252241565	0.02640025252940931	-0.0022798941848351795	0.0749987057093098	0.016504490351885986	0.0076971087038618866	0.008539354937672952	0.10053169248239817	0.01191749168526571	-0.013489367759425427	-0.01813628362338218	-0.003842149995881392	0.007714680336706324	-0.03717601388035235	0.02204249598408439	0.01743425045759685	-0.003404889827061902	-0.038900426926113466	0.014354488934477825	0.030313789231639902	-0.00853516641289891	-0.0033357327322341996	-0.014209422001442665	0.030851481289306586	-0.019809168123691673	-0.0016905599557915378	-0.037378500440115425	0.0156339210551971	-0.020136831514537695	-0.025424365439035403	-0.0014577649429410226	-0.026350242563791454	-0.010416428638063868	0.008426474657248146	-0.01834151499838643	0.006669926633918959	-0.005396943427779789	-0.013751275610248125	-0.014306360481463259	-0.0057962344349336906	-0.00312772964748107	3.0889364977797776e-05	0.00572410394709902	-0.011235677905129075	-0.015455309841497275	-0.022201105516271052	-0.02721191377011255	-0.0017770974001560492	-0.012458647130190377	-0.011510374904644164	-0.017042217772325913	0.03829805002208347	-0.0010684594883493249	0.004719126769296693	0.011238698616846253	-0.008271425007742025	-0.004174315430032602	-0.024774313486150498	-0.004815486676217055	-0.003986082116214949	0.004693617865990047	-0.014286238241034682	-0.003019200261147214	0.010976146629079964	0.002382104151146454	-0.001990411911568562	-0.004150012800241221	0.01954086996778121	0.002432483806678636	-0.016956073034198684	0.0002047866676090472	0.002668628625280208	0.006005715100388841	-0.013304015363586006	-0.010369803638331865	-0.004501140127831383	-0.0010534351176378664	-0.001147387267343563	-0.014123900700539302	-0.0004609760489548979	0.0045267335567846945	0.005958105897192211	0.011150128516519782	-0.004024443838017184	-0.0009874805749773047	0.005198650329317449	0.0022627393952163216	0.0044378545755124526	-0.0019233410309611048	-0.005009595708529922	-0.0026179646538931375	-0.0	0.0	0.0	0.0	0.0	0.0	0.0	0.0	0.0	0.0	0.0	0.0	0.0	0.0	0.0	0.0	0.0	0.0	0.0	0.0	0.0	0.0	0.0	0.0	0.0	0.0	0.0	0.0	0.0	0.0	0.0	0.0	0.0	0.0	0.0	0.0	0.0	0.0	0.0	0.0	0.0	0.0	0.0	0.0	0.0	0.0	0.0	0.0	0.0	0.0	0.0	0.0	0.0	0.0	0.0	0.0	0.0	0.0	0.0	0.0	0.0	0.0	0.0	0.0	0.0	0.0	0.0	0.0	0.0	0.0	0.0	0.0	0.0	0.0	0.0	0.0	0.0	0.0	0.0	0.0	0.0	0.0	0.0	0.0	0.0	0.0	0.0	0.0	0.0	0.0	0.0	0.0	0.0	0.0	0.0	0.0	0.0	0.0	0.0	0.0	0.0	0.0	0.0	0.0	0.0	0.0
S2017t2_E30-T2b-Female	-0.00516717709838719	0.10583721467077613	-0.03838205716048307	-0.04989957568836955	-0.08770670943332237	-0.014726228954207693	0.026550767216685166	0.046669722823298974	-0.038783339349397615	-0.0046894800439307065	0.08155061855515862	-0.010315918442079549	0.051172129462436995	-0.007630986199438	0.00859314733262552	-0.09556765587293968	-0.015846112321148412	0.0053605150715027505	-0.051554297307593235	0.005019817320536305	0.015098728912156571	0.017360786387877487	-0.041473589784921674	-0.025099870184892997	0.06328844048195387	0.06314303657908375	-0.03935025368174365	-0.0487945394099033	0.04065690986518265	0.0276658978979493	-0.025237606930596502	0.010711728765247914	0.03128471532117994	-0.025044469190264082	-0.03268898227342053	0.041107453184038155	-0.023719632846109343	-0.006070157837759352	-0.042089392445795425	0.01949885711593811	-0.0032799699477149068	-0.013567206828917034	0.005659084731046988	-0.019388290696297116	0.024321715577523936	-0.044382426992589034	0.005645126432542988	0.04831393240047174	-0.02899283034906626	-0.03432243703874858	0.011874537809359157	0.008827145524102005	-0.026154712008679474	0.056084341935239396	0.010309804276526124	-0.007051406128117969	-0.004113453275530345	-0.039399409768829066	0.028168040076894628	0.007014237232106008	-0.012128420617619609	-0.02833254154442907	-0.003769987071529876	-0.010187434509826407	0.01643737602147774	0.007347725397288062	0.007456774991428573	0.016264428055545045	-0.007816578668456586	-0.013707383574695616	0.040584634440366155	-0.0009148043243299835	0.025534420286086646	-0.002424008957062253	0.015811601982051598	0.0020641986073685337	-0.006140130675764378	-0.0009612544317807451	0.011330636864648538	-0.0027205383365995145	-0.0010583066762648798	-0.006633115055993652	0.0036599415304668288	-0.011358196387426783	0.0015432965467900627	-0.010037673955334994	0.011510569988812407	0.004052237739683667	0.015290466772123406	0.01330300148619037	0.010437596187648756	0.00571161988374007	0.004632141682197725	-0.015344620768524601	0.011589230099564897	-0.0008847730789923282	-0.008236768009698161	-0.000904590155006808	0.004448432334467262	-0.00921371743328527	-0.0010147332200240835	-0.0001351598212531587	0.0018046511019072986	0.0036865673147648687	-0.0016044758988286508	0.00043013669352644755	0.005874575447387796	-0.0011093749307426602	-0.0	0.0	0.0	0.0	0.0	0.0	0.0	0.0	0.0	0.0	0.0	0.0	0.0	0.0	0.0	0.0	0.0	0.0	0.0	0.0	0.0	0.0	0.0	0.0	0.0	0.0	0.0	0.0	0.0	0.0	0.0	0.0	0.0	0.0	0.0	0.0	0.0	0.0	0.0	0.0	0.0	0.0	0.0	0.0	0.0	0.0	0.0	0.0	0.0	0.0	0.0	0.0	0.0	0.0	0.0	0.0	0.0	0.0	0.0	0.0	0.0	0.0	0.0	0.0	0.0	0.0	0.0	0.0	0.0	0.0	0.0	0.0	0.0	0.0	0.0	0.0	0.0	0.0	0.0	0.0	0.0	0.0	0.0	0.0	0.0	0.0	0.0	0.0	0.0	0.0	0.0	0.0	0.0	0.0	0.0	0.0	0.0	0.0	0.0	0.0	0.0	0.0	0.0	0.0	0.0	0.0
S2017t2_E30-T2b-Male	-0.22667218583977247	0.04214064363006275	0.06345273444950224	-0.03523418381915044	0.008002396123198249	0.04356555632056693	-0.01103636227843316	-0.021255467290750722	0.02265821247694136	0.08663510167122544	0.045795454626293364	-0.04925711782400082	-0.07287171503678962	-0.022717723713498648	-0.04379773194617049	-0.0778570482741673	-0.05147760979513651	0.0210283166907909	0.044899931203589545	-0.02039395675510584	-0.010639484668792932	-0.0007566309569632429	0.048023436295504485	0.0017779560941203216	0.053200633858803616	0.028085625651597477	-0.04616722041074878	-0.018374757910011898	0.02911951842318892	0.014662725069850306	-0.017870308117978847	-0.014140299430485899	0.018819658001991944	-0.00893023919517734	0.007643448931881341	0.013281607784346363	-0.02498129715532528	0.004344317311137903	-0.03997008698882647	-0.018584697510730715	0.001832279094755224	0.053342330710482944	-0.015694726043871624	-0.021467894484372477	0.009303546610789812	-0.009396188449532494	-0.007360481078709527	-0.003395660541271474	-0.009589528965407915	-0.009925906755424822	0.01967200004885094	-0.014923603605207447	-0.008532269957681303	0.010026025055115658	-0.001758050866167143	-0.009392701938633993	-0.059596276995091374	-0.01689635781881195	0.02426455196032131	0.00020652450508758892	0.006571016978427933	0.0012773941480220185	-0.021314283505998916	-0.006342190466103374	0.003445169345070214	0.01015077221242194	-0.004524798914824287	0.004271469390665127	-0.0058226918277114546	0.020078330517974863	-0.016663240917633906	-0.014820373345310325	-0.004213973150461139	0.031357027680851156	0.01151055131238331	0.0020931045143527337	0.0009420474189586332	-0.005575667279961835	0.004643971116101929	0.004357658587062492	-0.011548517635671472	0.015080324977962722	0.01681556318883614	0.00663925459606936	0.0039053764658425415	-0.0036377900606218696	0.0008535237085960561	0.005079148622581094	0.009623109787045338	-0.00654027324010226	-0.008605362241045092	0.0007778188318938891	0.0046712031241231446	0.018156836169153746	0.003771602909101323	-0.0067021554184473016	0.006072941220612037	0.004799132462718296	-0.00698179227340153	-0.004672270864637964	-0.0007428644219503856	-0.0019325398157966794	-0.002153163811314255	-0.00389022751774787	-0.005403712043711572	-0.005626954426986214	0.0018652568936919221	-4.391173680910667e-06	-0.0	0.0	0.0	0.0	0.0	0.0	0.0	0.0	0.0	0.0	0.0	0.0	0.0	0.0	0.0	0.0	0.0	0.0	0.0	0.0	0.0	0.0	0.0	0.0	0.0	0.0	0.0	0.0	0.0	0.0	0.0	0.0	0.0	0.0	0.0	0.0	0.0	0.0	0.0	0.0	0.0	0.0	0.0	0.0	0.0	0.0	0.0	0.0	0.0	0.0	0.0	0.0	0.0	0.0	0.0	0.0	0.0	0.0	0.0	0.0	0.0	0.0	0.0	0.0	0.0	0.0	0.0	0.0	0.0	0.0	0.0	0.0	0.0	0.0	0.0	0.0	0.0	0.0	0.0	0.0	0.0	0.0	0.0	0.0	0.0	0.0	0.0	0.0	0.0	0.0	0.0	0.0	0.0	0.0	0.0	0.0	0.0	0.0	0.0	0.0	0.0	0.0	0.0	0.0	0.0	0.0
S2017t3_E11-T3a-Female	-0.0061622825739921176	0.11367061788901488	-0.17721981060204553	0.1107602551209146	0.21743495479408975	0.11635066982678896	-0.05793749487077846	0.09414595622554787	-0.031141653966103792	0.010532141223476291	-0.04047594971405769	-0.04867616778615379	-0.033725236055601245	0.034438576184696965	-0.050236800055755475	0.07424066087686022	-0.012909253744659767	0.03471782203681223	-0.04582759308590245	-0.010067775406184788	-0.043808485448809255	-0.07290902657956594	0.018526872779727088	-0.00948581547202608	-0.01663965919212766	-0.004132058797202134	0.0013587562767569349	-0.041158677423410006	0.01906168597008969	0.0012773296655856235	0.013996560491978473	0.03317741737739451	-0.007486683128218423	-0.039079733320588346	0.0024211057624208433	0.014425901889696124	-0.008658493461586167	-0.009453128378970853	0.03793612893961309	0.0038024840820059668	0.006451779764419249	-0.01504674304809819	0.017201807629375065	-0.007559996137812365	0.01004375522884295	-0.013803622143311687	0.02778726184505868	-0.006858457831225202	0.027071673832809104	-0.03677484310158407	-0.014435341419432732	0.008832853979814866	-0.004797935412276668	0.025869925932191614	0.024818420390800452	0.022329654460308726	-0.019081301784474928	-0.011550774419717184	-0.004891754847483768	-0.021779024984367495	-0.009658558662518676	-0.017639311012898336	-0.01885387464267299	0.0019752852883218063	0.014746371212807476	-0.0033806054104021485	-0.0002975242433949127	-0.019631912708412715	0.005701518703568577	0.004384225657000859	-0.011328549088251719	0.026174472451388996	-0.003759406992450243	-0.007714391114217601	-0.012537648959006423	-0.00588441613540483	-0.01197648819541656	0.004277135494542885	-0.008477222872421095	0.00995479399845582	-0.0031860489798113713	-0.0014420598949190827	-0.004284229973613013	0.0041988148376141095	0.006961627683156288	-0.009458114900780211	-0.005390665181613623	-0.007083477426480413	0.008619736287978111	0.0032929514406212423	0.0026474655222420546	0.0015071442028007135	0.007382990256227342	-0.00210498798546386	-0.0034090561109719835	-0.004960014980562605	0.00032514899018333413	0.0004603042232633515	0.0019317443766864466	-0.006576552201235087	-0.005439689582986748	0.0022274756593615103	0.001748727619739371	0.003206109369089443	-0.0003120469691363993	0.0002671565020702282	-0.00043351890089859523	-0.0003376590165371151	-0.0	0.0	0.0	0.0	0.0	0.0	0.0	0.0	0.0	0.0	0.0	0.0	0.0	0.0	0.0	0.0	0.0	0.0	0.0	0.0	0.0	0.0	0.0	0.0	0.0	0.0	0.0	0.0	0.0	0.0	0.0	0.0	0.0	0.0	0.0	0.0	0.0	0.0	0.0	0.0	0.0	0.0	0.0	0.0	0.0	0.0	0.0	0.0	0.0	0.0	0.0	0.0	0.0	0.0	0.0	0.0	0.0	0.0	0.0	0.0	0.0	0.0	0.0	0.0	0.0	0.0	0.0	0.0	0.0	0.0	0.0	0.0	0.0	0.0	0.0	0.0	0.0	0.0	0.0	0.0	0.0	0.0	0.0	0.0	0.0	0.0	0.0	0.0	0.0	0.0	0.0	0.0	0.0	0.0	0.0	0.0	0.0	0.0	0.0	0.0	0.0	0.0	0.0	0.0	0.0	0.0
S2017t3_E11-T3a-Male	0.11269951004997575	0.13501639631543888	-0.14879030254105638	0.05619313822568287	0.007305365707767464	0.07411727751000331	0.0766768074849015	-0.01201337866565834	0.03993188704400585	0.022093091768651384	0.0021374805833730007	0.06696832784235818	-0.09263199377166359	0.027397424748419906	0.0058250484261294574	-0.018522219078430116	0.025432727097520015	-0.00787311487858624	-0.041299420419395175	-0.028531728162558334	0.03871228213177769	0.03391327248262079	0.020387722047342852	-0.034380121486208684	-0.03686158139958611	-0.00862523253316396	-0.03816425012364682	-0.048780399043534664	0.02423652126690533	-0.0425948809994231	-0.02034569136637455	0.010390126329694185	-0.0007733702086407205	-0.01828165316441858	0.014714153164501875	0.019783323983461127	0.030396750872968812	0.046855217293808295	-0.033199859908053936	0.046635413769346	-0.01958005753791263	-0.006051926654817109	0.01894091554543163	0.009131930186874363	0.01369161427127417	-0.020006018929605685	-0.02635968362108918	0.009922693669548996	0.027092916303608525	0.011271485751090375	0.005046584579751865	-0.02577880651440716	0.015725790629003988	0.018136715767238232	0.016979621037458217	-0.028141870538527385	-0.0032711283256971996	-0.028226674640042613	-0.005144168944284341	0.003956649703314419	-0.013268796212686274	-0.005325695973792891	-0.018695232850331357	0.011885198029292738	0.012439414320856344	0.003827469238287924	-0.016364538972499777	0.01959664495352555	-0.0031897149621558265	-0.010766235107646632	-0.018212857940238487	0.0032342825203609447	-0.003036384895350062	-0.0017731244606742599	-0.014079543098169913	0.04072710490682934	0.014733536458243292	-0.012093872729959787	-0.012473638299064747	0.04305959824920725	0.03268026991308443	-0.0008647849134841902	-0.034713497428319556	0.004493654329584673	-0.0020754458087179867	0.0013327406781978995	0.0010752143010901284	-0.007158367387795446	-0.0012468971662797238	-0.014612368597689173	0.002796415193067644	-0.0006578297475449057	0.0093928697250144	0.006322788495637174	0.009369704879203489	0.0012590081504991934	-0.0019330053322559756	-0.01238837009450858	0.0006526971721165685	0.005477175709456521	-0.007782009014293171	0.008393136562051639	-0.0014072353031135691	-0.004467061781959326	2.8714875384733854e-05	0.004099750646051205	0.003492657507720998	0.0018851545240146518	-0.0	0.0	0.0	0.0	0.0	0.0	0.0	0.0	0.0	0.0	0.0	0.0	0.0	0.0	0.0	0.0	0.0	0.0	0.0	0.0	0.0	0.0	0.0	0.0	0.0	0.0	0.0	0.0	0.0	0.0	0.0	0.0	0.0	0.0	0.0	0.0	0.0	0.0	0.0	0.0	0.0	0.0	0.0	0.0	0.0	0.0	0.0	0.0	0.0	0.0	0.0	0.0	0.0	0.0	0.0	0.0	0.0	0.0	0.0	0.0	0.0	0.0	0.0	0.0	0.0	0.0	0.0	0.0	0.0	0.0	0.0	0.0	0.0	0.0	0.0	0.0	0.0	0.0	0.0	0.0	0.0	0.0	0.0	0.0	0.0	0.0	0.0	0.0	0.0	0.0	0.0	0.0	0.0	0.0	0.0	0.0	0.0	0.0	0.0	0.0	0.0	0.0	0.0	0.0	0.0	0.0
S2017t3_E16-T3b-Female	-0.008169785966875818	0.07604364581987577	-0.07559233486347366	-0.028119659071320465	0.10455208887612157	-0.012311445734261506	0.012233006191843778	0.04542637016493538	0.1257671559380102	-0.06059076558319337	0.011284424392757602	0.03438833281162669	0.014668872636812566	0.038935110124837725	-0.009234164731065395	0.0314318606301087	-0.019905453293091832	0.028171723864979546	0.05912831955360956	-0.09621207221129405	0.05648578452748228	-0.0432454024658934	-0.008824753003008232	-0.02226682302635932	-0.018105879497099697	0.07902371744393889	0.0557283478127536	0.011467633490316138	-0.0017677456681754555	0.03137427700467597	0.03339273549193072	0.018014442434330005	0.0010361763931971807	-0.018268673331404858	-0.0016367268081016666	-0.015697805289694177	-0.02917396556266833	0.0026658288536334997	-0.04787104300389942	-0.02476499892878325	0.04195570183980758	0.025771780277124453	0.031972888752963134	0.00624442821655152	0.016784474573367878	-0.011312138196089103	0.007542217636843313	0.0014918632148957873	0.0219918898043339	0.00482908142146871	0.03347773646180103	-0.005791989486281245	-0.002735133244583645	-0.0019388601301484917	0.025825611564976148	0.007000140715268908	-0.041664172356678845	-0.005323490689691075	-0.029985658464876327	0.021492405261709896	0.0033738042837013734	0.004549232409609479	0.005831642781874639	0.021130361604810202	-0.01311123243077365	0.02142579578583988	-0.007864218076363175	-0.019417951264232753	0.014656750901024597	-0.00886396891523541	0.006560286466539723	0.011296342653431	0.010818730434451484	-0.003295996247983448	-0.013443731996425496	0.02231274802328119	0.0071527080250555555	0.005465538360687269	-0.006957654176796278	-0.006335253614937762	0.023242300306352763	0.013786831179626133	0.00599607229004417	-0.008231089616713474	0.007459212912219413	-0.0024513740389679943	-0.008942738776928106	0.025271901662525527	-0.010701543030367501	0.005315715040482527	-0.009554797793060699	-0.004861588013364502	0.0047138938677054355	-0.0011765085251830062	0.002251373256093195	-0.001000839280509936	0.0023037071552754664	-0.008916732041216098	0.0035638872681082504	0.0014573894752616012	0.0019928539210843786	-0.0005416331103202496	-0.0013230641170502702	-0.0010078720602328783	0.0001594370086960152	0.0011534790554596063	0.00454443165771567	0.0007323544457480673	-0.0	0.0	0.0	0.0	0.0	0.0	0.0	0.0	0.0	0.0	0.0	0.0	0.0	0.0	0.0	0.0	0.0	0.0	0.0	0.0	0.0	0.0	0.0	0.0	0.0	0.0	0.0	0.0	0.0	0.0	0.0	0.0	0.0	0.0	0.0	0.0	0.0	0.0	0.0	0.0	0.0	0.0	0.0	0.0	0.0	0.0	0.0	0.0	0.0	0.0	0.0	0.0	0.0	0.0	0.0	0.0	0.0	0.0	0.0	0.0	0.0	0.0	0.0	0.0	0.0	0.0	0.0	0.0	0.0	0.0	0.0	0.0	0.0	0.0	0.0	0.0	0.0	0.0	0.0	0.0	0.0	0.0	0.0	0.0	0.0	0.0	0.0	0.0	0.0	0.0	0.0	0.0	0.0	0.0	0.0	0.0	0.0	0.0	0.0	0.0	0.0	0.0	0.0	0.0	0.0	0.0
S2017t3_E16-T3b-Male	-0.025524186111883052	0.07225450613844668	-0.118844424663872	0.13529419773980375	0.04304892580496467	-0.011041495338235167	-0.009722296914978005	0.1091227087383928	0.05140941970911789	-0.09351765063125395	0.018643327512625568	-0.012913858990408695	-0.055460088504668194	0.12039749753664836	-0.11881622763443028	-0.032961918592765885	0.012233058552855426	-0.019133741313531665	0.016695376595787396	0.08584748173779516	0.0010783262255488755	-0.0013616118910035901	0.025816800130892034	0.016916975608595706	0.06873464067133517	0.02964450012081873	-0.0885427397304969	-0.006531802746276027	0.09206302127607145	-0.03547516375910068	-0.03966058635384881	-0.05532172525307454	0.0240096295342942	0.015410446647197875	-0.007623327117062324	-0.04507434381573824	0.01219135167408211	0.03815834495912364	-0.005081706730868291	-0.0423108532912284	0.007368099617928632	-0.036597110118049246	-0.02757928887531056	0.01112624242922575	-0.01789210596096536	-0.015720343212839577	-0.017305387552808225	-0.037630319281080016	0.013242024118285955	0.02273173628487542	-0.03208707937421472	0.020101445194977877	-0.013534405222234723	-0.0034781410948148727	0.006999353074670808	0.017835013182988635	0.03312569304686679	0.020156035533494047	-0.035241318816294165	-0.016270601663673185	-0.04390653046462754	0.04312946984085986	0.013017813480653586	0.004473912677523181	0.014672807805906915	-0.0018098536933966148	0.0011758335081903744	-0.014950245909546068	-0.009403818102056228	0.017182274821653187	-0.00024666594201607183	0.004898682440226989	-0.014835028133494412	0.015034404194956339	0.020822885631551203	-0.00020608893838443152	-0.006017992305898166	0.00994020855050542	-0.0017140981981509638	-0.0027469857888057655	0.0006144328121227418	0.01906954626066864	-0.006670804800492584	0.0005400387803101562	0.006306142429529876	0.008964540810624451	0.01414868564763879	0.012742640071781016	0.0055139603205796245	0.005804952613277716	-0.0010122563532540753	0.0004946374591511158	0.007496552472371715	-0.0020276310466977405	0.0017124314867471549	0.000552523473346998	-0.0013120069090881278	0.002257312983327015	-0.001733509655904117	0.007938031141150355	0.0007388260821550361	-0.0067690205647419795	0.004220743125121547	0.0032047569493353517	0.005275040765497823	0.00018074840627518577	0.004752567126596458	0.002796915057996941	-0.0	0.0	0.0	0.0	0.0	0.0	0.0	0.0	0.0	0.0	0.0	0.0	0.0	0.0	0.0	0.0	0.0	0.0	0.0	0.0	0.0	0.0	0.0	0.0	0.0	0.0	0.0	0.0	0.0	0.0	0.0	0.0	0.0	0.0	0.0	0.0	0.0	0.0	0.0	0.0	0.0	0.0	0.0	0.0	0.0	0.0	0.0	0.0	0.0	0.0	0.0	0.0	0.0	0.0	0.0	0.0	0.0	0.0	0.0	0.0	0.0	0.0	0.0	0.0	0.0	0.0	0.0	0.0	0.0	0.0	0.0	0.0	0.0	0.0	0.0	0.0	0.0	0.0	0.0	0.0	0.0	0.0	0.0	0.0	0.0	0.0	0.0	0.0	0.0	0.0	0.0	0.0	0.0	0.0	0.0	0.0	0.0	0.0	0.0	0.0	0.0	0.0	0.0	0.0	0.0	0.0
S2017t3_E17-T3a-Female	0.06614070990747596	0.12033150971534176	-0.14715736378435904	-0.029554317868711037	0.14948493410385602	0.0057543123083719965	0.1140017739103631	-0.027444468537612312	0.05248060714914422	0.06647646581254309	-0.04032694221385481	0.034070368777653716	0.04072031624255471	0.039153954913507115	-0.028337897435498933	0.02298550615813565	-0.05254666894341291	0.030746247948851734	0.06208026768338464	0.022927392472868548	-0.04870976023131968	-0.03173174657359384	-0.014586966191168315	0.005633978218254167	-0.013660955930050778	0.03251169379349513	0.022200037706409225	0.00981397041575969	0.02293334506243581	0.021181843409801563	-0.01957153290423544	-0.025283870014689704	-0.03802074807085688	-0.0433801281755588	0.005904545776334059	-0.007350537396857905	0.017640300246050306	-0.0006777695726583346	0.026141251736819665	0.00015873443331938637	-0.005681401601865359	-0.02645104318423661	-0.008127393892014778	0.014280323246503277	0.006330406033317089	0.0037312502525711994	0.014062708455227647	0.011211571880616727	-0.004440974756605413	-0.0003170258741449927	-0.0060934056049867505	0.009739583735575498	0.003761650998022867	0.037260171368707996	-0.003308496509486483	-0.0006804189852140249	-0.004418671756383283	-0.015562719852050431	0.004506995894950944	0.015063039881098257	-0.0020781187372688136	-0.00320938745698011	0.005164840378551523	0.020342049083443933	-0.0037489750942228867	0.00441047081351662	-0.0060573151277629	-0.029407235946812573	-0.02419962298535528	0.006047398701476442	0.002851899260947762	-0.010232615809569186	-0.004120342706954648	0.01071164839429511	-0.005687139236965938	-0.0013412306031832253	-0.007245836994341958	-0.0032217849992003263	-0.00027553268366494615	-0.00012267537854530487	0.0162936464845037	0.0058527306424999885	-0.002068276943525099	0.0013478232470300053	-0.0057328662197751465	-0.006698440521726378	-0.015020981895391613	-0.00490259176128935	-0.007696452456347972	0.00970865026918762	-0.004296070953652557	0.0028574393321516155	0.004878973189825412	0.002809362411758426	-0.0007659423145601265	-0.007049001265723627	-0.00014098629917283782	0.009233561257920932	0.012245744458897383	-0.005390587454420479	-0.006933293799169198	-0.0029288241488934844	-0.00508987428956902	-0.0030104822016285954	9.141474697796017e-05	-0.0023703896259980235	-0.001135423541627886	0.0005905763010895784	-0.0	0.0	0.0	0.0	0.0	0.0	0.0	0.0	0.0	0.0	0.0	0.0	0.0	0.0	0.0	0.0	0.0	0.0	0.0	0.0	0.0	0.0	0.0	0.0	0.0	0.0	0.0	0.0	0.0	0.0	0.0	0.0	0.0	0.0	0.0	0.0	0.0	0.0	0.0	0.0	0.0	0.0	0.0	0.0	0.0	0.0	0.0	0.0	0.0	0.0	0.0	0.0	0.0	0.0	0.0	0.0	0.0	0.0	0.0	0.0	0.0	0.0	0.0	0.0	0.0	0.0	0.0	0.0	0.0	0.0	0.0	0.0	0.0	0.0	0.0	0.0	0.0	0.0	0.0	0.0	0.0	0.0	0.0	0.0	0.0	0.0	0.0	0.0	0.0	0.0	0.0	0.0	0.0	0.0	0.0	0.0	0.0	0.0	0.0	0.0	0.0	0.0	0.0	0.0	0.0	0.0
S2017t3_E17-T3a-Male	0.12544021676582215	0.11128163796153469	-0.12018003790465792	0.10493015299976291	0.12471752504358873	0.1583645390100316	0.05409761708490156	-0.07394008450351049	-0.10849602062632965	0.1034886375842265	0.00615433654290086	-0.03957138199464385	-0.006583372448268691	-0.024804455728623675	0.025490199469696374	0.021791245070123134	-0.03383122019032396	0.005128366484285808	0.06593385469080826	-0.059383597090430354	0.04512937300705063	-0.006736039008627633	-0.041906834712513386	-0.020894270341256526	0.06092362612573656	0.006673917115426588	0.03590785986593239	0.008550379486770293	0.027715725743614975	0.03442771378340829	0.021544962137032275	0.007919469734284722	-0.013557700344716527	-0.026780620048401364	0.046971220407462586	0.0006360753656575804	-0.013731576256558539	0.02420579764044955	0.024207245246369285	0.007899164697818747	0.017533014896971358	0.015191651912328736	0.025755093563580366	0.04770910097781068	0.01192929242825345	-0.005900574015958767	0.0012981909217310349	0.039084295452942674	0.00447368670094685	0.02406560060685106	0.04237760373931955	0.02824174950454378	0.0335404057110014	-0.010400242465133458	0.01704826690094697	-0.00997403484061879	-0.034266408298094374	0.024352682872368598	-0.000652521672070537	-0.0010803067573208131	-0.004508847429614672	0.04714203757881895	-0.007872890991726625	0.03421860761561875	-0.01166686316005731	-0.0008027813420813913	-0.0006791693567200243	-0.020480248326614544	-0.021452333626682203	0.014375467209472992	-0.01759317727238175	0.007472556216386598	-0.01781938392762708	-0.01901507953501737	0.005862857760190827	0.01575228530492867	0.00418871036333872	-0.006245314272958223	0.006116682669964614	0.0008257206685028662	0.01079605712629892	0.00435139690506573	-0.006045440661224519	-0.01403332664746915	-0.00991324418595395	-0.00893441935083808	-0.005796874839133767	0.013661061242465187	-0.008663774469253545	-0.008812101917824201	-0.008382475841317958	0.0032669839597003225	-0.007040246548741581	0.004248587747763319	0.006005973853037119	-0.004656960864726488	-0.003204415458868327	0.0014861447519937294	-0.003364458527691305	-0.005876162031761864	0.0032259002104283114	-0.004998131191468463	-0.000325692320860044	-0.0009753973309418084	0.0008568056996559437	0.0011936740691314946	0.0009098160877829659	0.0013399003965508976	-0.0	0.0	0.0	0.0	0.0	0.0	0.0	0.0	0.0	0.0	0.0	0.0	0.0	0.0	0.0	0.0	0.0	0.0	0.0	0.0	0.0	0.0	0.0	0.0	0.0	0.0	0.0	0.0	0.0	0.0	0.0	0.0	0.0	0.0	0.0	0.0	0.0	0.0	0.0	0.0	0.0	0.0	0.0	0.0	0.0	0.0	0.0	0.0	0.0	0.0	0.0	0.0	0.0	0.0	0.0	0.0	0.0	0.0	0.0	0.0	0.0	0.0	0.0	0.0	0.0	0.0	0.0	0.0	0.0	0.0	0.0	0.0	0.0	0.0	0.0	0.0	0.0	0.0	0.0	0.0	0.0	0.0	0.0	0.0	0.0	0.0	0.0	0.0	0.0	0.0	0.0	0.0	0.0	0.0	0.0	0.0	0.0	0.0	0.0	0.0	0.0	0.0	0.0	0.0	0.0	0.0
S2017t3_E30-T3b-Female	0.09006801768141734	0.1270860501381755	-0.12153709207942774	0.09324674163175982	0.022140069531437996	-0.0012269500310143147	0.01944823172271982	-0.07718122599114875	0.0016466812128471467	-0.042295826839913286	-0.014237294216020232	-0.01369723903148166	-0.061572126906707186	-0.010048599156327316	0.07474761415238168	-0.06066522406761064	0.01567856096707518	-0.011694897472234412	-0.004732994809286745	0.022652629393849488	0.013816020477860704	0.03623587466667557	-0.0039035391337729985	-0.035686312384806726	0.026979912180703104	0.026680450232574357	-0.036987890124907524	-0.0022146320598628276	0.06013011075640602	-0.005741602009410447	0.007835049825706753	-0.00935020245329736	0.044343603981863065	0.03093563789933133	-0.037489543687987355	0.030966444546661764	0.023240839480908573	0.04911674756876291	0.03290977383977574	0.030730190937656506	0.021746426373216304	0.008497564999484565	-0.03359292060955286	0.012091225736502075	0.022192534380698688	0.018709212328928925	0.022948219884710293	0.01865798752123014	-0.03740400106633128	-0.019471976582826764	0.03780217228711845	0.04161394785076552	0.017960885383642426	-0.012826509306274715	0.03336668283301184	0.006162473614423282	0.025190478410001306	-0.010369771427540657	0.04604141126667149	-0.01866489363958012	0.006860088573628663	-0.02205192144210911	0.014702742688947112	0.010619362932102574	-0.028290780451813075	-0.010642170469887547	-0.006235759801228908	-0.016638538945392405	0.016180358854197545	0.01177800055032729	0.021319343607889698	-0.024468142010701213	0.013193261527571073	-0.01328791397907111	0.016167510502779682	-0.024561585724265998	-0.0036566347602134744	-0.00654343294903145	0.0009049013365784417	0.008034699802938021	0.006686566512193337	-0.029964663567518306	0.006478200173757996	0.001536343846731985	0.005555330500385479	-0.009696831682349067	-0.005629269747140258	-0.0002480349513587257	-0.005824560108714777	0.0055890037989164525	-0.012907729801814555	0.003011782557530931	-0.01149920291276396	-0.010003104342598953	-0.011656941456772632	0.0031145726434279445	0.0035978660255706575	-0.00707797537418877	-0.0017713445298165914	0.0017760748554902987	-0.006260402740776479	-0.001544969883243058	-0.0065019913942309425	0.0054703228320001195	-0.004222751108313531	-0.0011898103804398933	0.002278349515373951	0.001811735471730029	-0.0	0.0	0.0	0.0	0.0	0.0	0.0	0.0	0.0	0.0	0.0	0.0	0.0	0.0	0.0	0.0	0.0	0.0	0.0	0.0	0.0	0.0	0.0	0.0	0.0	0.0	0.0	0.0	0.0	0.0	0.0	0.0	0.0	0.0	0.0	0.0	0.0	0.0	0.0	0.0	0.0	0.0	0.0	0.0	0.0	0.0	0.0	0.0	0.0	0.0	0.0	0.0	0.0	0.0	0.0	0.0	0.0	0.0	0.0	0.0	0.0	0.0	0.0	0.0	0.0	0.0	0.0	0.0	0.0	0.0	0.0	0.0	0.0	0.0	0.0	0.0	0.0	0.0	0.0	0.0	0.0	0.0	0.0	0.0	0.0	0.0	0.0	0.0	0.0	0.0	0.0	0.0	0.0	0.0	0.0	0.0	0.0	0.0	0.0	0.0	0.0	0.0	0.0	0.0	0.0	0.0
S2017t3_E30-T3b-Male	-0.17573781746534042	0.10242813485600184	-0.01739347706260988	-0.07343491681151021	0.01275197364629536	0.09132432812252914	0.020475217973971203	-0.055304584564331544	-0.04588381653498986	0.01272128505706022	-0.021283814662295703	0.001512000384636394	0.09716988013231093	0.07366650289863994	0.06911702580213307	-0.0036988910694349788	0.04308666485861099	-0.06781754045680946	-0.000646663203787877	-0.006194784126489856	0.0035769534446977434	-0.013425040950168336	-0.0031563278438710932	0.0025146875632903794	0.030361850598673145	0.004414174965149919	-0.011010092152043894	0.013406084250714972	0.021513319643944248	-0.004463154349948041	-0.02302374980679359	-0.003154739387814814	0.018183080970723648	-0.031057398403871565	0.013934851178190625	-0.0002812126486079617	0.04248907202303941	0.019189441965427767	-0.0064282436844559435	-0.02755471262838395	-0.005057437362128681	-0.032112669989095705	-0.041633492256269576	0.01539503442022729	0.022375407753928857	0.016542607188712474	-0.004090636251075789	-0.03731791426710877	0.0021289755221836153	0.005963623928755327	-0.0233177685524969	0.0012966165287918187	0.04422543712707371	0.013468107490038884	0.008427072711372864	-0.021504724802229577	0.02099045577112526	-0.010496405332678909	0.010351105391411056	0.01591091088141245	0.03761587930814554	-0.011188105608348155	0.01104768336976749	-0.016741353859789622	-0.016096893844899134	-0.006774464631870191	-0.009507445194033045	0.0066658746054060625	0.0037726199091681497	0.0021528038929403757	0.017137491765930886	0.01927328273712504	0.017733275116328034	-0.014467021564236581	-0.0015992648487851376	-0.0020043570347518525	-0.005672010129129397	-0.008374418075382608	0.008899771598160279	-0.002686506834822075	0.0021105063614095935	-0.004731262304461695	-0.003929291307809117	0.004446985270678435	0.015092316500153963	0.008807088081942603	0.00542510183596841	0.007605617136474762	0.005695797058370651	-0.007629490158173987	0.0032485871314250473	-0.005584132768230467	-0.006682203118580205	-0.019352690831207924	0.003500796166591197	-0.0059948095104266725	0.0025030951087785308	-0.00543650962349904	-0.0019889415810157994	-0.01372460881425162	0.0007958345176929815	-0.0005242685442261362	0.004316174702702675	0.0025401435958058555	-0.003188521758068219	-0.0061588096329634025	-0.0006818887825181838	0.00020679087330629055	-0.0	0.0	0.0	0.0	0.0	0.0	0.0	0.0	0.0	0.0	0.0	0.0	0.0	0.0	0.0	0.0	0.0	0.0	0.0	0.0	0.0	0.0	0.0	0.0	0.0	0.0	0.0	0.0	0.0	0.0	0.0	0.0	0.0	0.0	0.0	0.0	0.0	0.0	0.0	0.0	0.0	0.0	0.0	0.0	0.0	0.0	0.0	0.0	0.0	0.0	0.0	0.0	0.0	0.0	0.0	0.0	0.0	0.0	0.0	0.0	0.0	0.0	0.0	0.0	0.0	0.0	0.0	0.0	0.0	0.0	0.0	0.0	0.0	0.0	0.0	0.0	0.0	0.0	0.0	0.0	0.0	0.0	0.0	0.0	0.0	0.0	0.0	0.0	0.0	0.0	0.0	0.0	0.0	0.0	0.0	0.0	0.0	0.0	0.0	0.0	0.0	0.0	0.0	0.0	0.0	0.0
S2017t3F_E11-T3b-Female	0.019608538864506045	0.13035726587977348	-0.15173723773598877	0.022787927889464817	0.10976459407242709	0.048157792376913686	0.12876838826918957	0.006063575891001653	0.10957554750924113	-0.05250985360686942	-0.0035100993465562195	-0.0651755300634925	-0.016221325062132436	0.05075257329059646	0.028066669186632715	-0.05664203025857001	-0.013411798858366217	0.01203552489187165	-0.012412415520276325	0.004132609035682977	-0.013659458661125855	-0.015858946333037735	0.05268735965332214	0.01804821776995996	0.00622250305153781	-0.017197374994842828	0.004753673904522954	0.0014565466345966619	-0.005188860847779193	0.0023244381255080157	-0.025073781065559082	0.04559936285792494	0.02708912399090579	0.009197164936731075	-0.002168356913333183	-0.004068998390032186	-0.03873511955038859	-0.02302205540359901	0.010707829959371851	0.01709755803226059	0.021196210724486755	0.029144574634462062	0.030135738709694496	-0.03504920689524494	-0.017330792775800474	0.013640409146264477	-0.007872001319063812	-0.014524426227526317	-0.008716155694560914	-0.008372737638570427	-0.0012754332783530694	-0.011120544366330736	0.0015123725308571736	-0.01895771837371565	0.01500856414959525	0.030538865172393757	0.006640696275954511	0.0041690203216338826	0.011762606222440058	-0.027939229419041936	-0.0037113774434360406	-0.00974425392183282	-0.020840279752902795	-0.0075622629616266	0.015463486107546713	-0.0005426228637047472	0.002646256005288746	0.008518889059495046	0.006607225864734554	-0.009049539084459704	-0.006225676112053095	0.028143741562654503	-0.016568622310174995	-0.0022220327691630966	0.009348611372059406	-0.026380912423273277	-0.008843043380631492	0.00944480786174441	0.003957469229608795	-0.0016337150332754158	-0.011762930744966229	-0.006954426161568126	-0.008378766276541359	0.009606545466034292	-0.0064218368296026455	-0.013090609617214163	0.003932275883379803	-0.001159682158673926	-0.015502464668845107	-0.01002197313804859	-0.0021041303756564418	-0.001809967841735715	0.00399383821196251	-0.0039033104126191937	0.00957846460058452	-0.009239969930002433	0.00870980058141208	-0.006372977204352154	0.009950869497543873	-0.002042955518051618	0.00170996118855078	0.0028547936324301755	-0.008778269849801273	-0.0013179430222797714	0.002829381294421197	-0.0014338910227403021	-0.002506988989118008	-0.0008245221128124408	-0.0	0.0	0.0	0.0	0.0	0.0	0.0	0.0	0.0	0.0	0.0	0.0	0.0	0.0	0.0	0.0	0.0	0.0	0.0	0.0	0.0	0.0	0.0	0.0	0.0	0.0	0.0	0.0	0.0	0.0	0.0	0.0	0.0	0.0	0.0	0.0	0.0	0.0	0.0	0.0	0.0	0.0	0.0	0.0	0.0	0.0	0.0	0.0	0.0	0.0	0.0	0.0	0.0	0.0	0.0	0.0	0.0	0.0	0.0	0.0	0.0	0.0	0.0	0.0	0.0	0.0	0.0	0.0	0.0	0.0	0.0	0.0	0.0	0.0	0.0	0.0	0.0	0.0	0.0	0.0	0.0	0.0	0.0	0.0	0.0	0.0	0.0	0.0	0.0	0.0	0.0	0.0	0.0	0.0	0.0	0.0	0.0	0.0	0.0	0.0	0.0	0.0	0.0	0.0	0.0	0.0
S2017t3F_E13-T3a-Female	0.08570685580492104	0.15069968379578305	-0.13144809453889206	-0.02469623398259743	0.049133943898417014	0.14761113959913555	0.07307233852318808	0.06886184301118324	-0.07375050854107681	0.013370914389446294	0.009879566602874302	-0.0026860357042640857	0.06597739915797653	0.021147767140186575	0.018860634371870175	0.06974480841566989	-0.04541011671718944	0.01166528065634451	-0.1667461036180955	0.036315145379597215	-0.0521792848595134	0.027817145358154924	-0.011712213354505091	-0.011189893781038516	-0.0617975299447031	-0.03028137577663955	-0.0093824324461997	0.043651976636406006	-0.042875472781489156	0.021474171226354952	0.001980186141855978	-0.02910128020342291	0.05211801789700924	-0.013467309580015116	0.018759120427187397	-0.006601416273516834	-0.007160988139518146	-0.007941549510640558	0.007639653239023079	0.031747529614862255	0.017846320294681597	0.029025383422306972	0.02608800134330994	-0.020623154100260086	-0.04426335464237189	0.0038307991176601674	-0.00028118053403322846	-0.01355863684011651	0.05111311124646334	-0.012327893816602056	-0.0007867362134565083	-0.009307015975784974	-0.04258488485484784	-0.0156699811416584	0.004426367596431106	-0.021092776618717838	0.014021365812183028	0.01127113566980022	-0.0010091971282113305	-0.029122738972123512	0.003594402170503804	-0.002077192567615942	0.02261514723074549	0.00290215890195547	-0.013412647925486519	-0.015407632031002774	0.0057308616862808675	-0.010589762823996245	-0.013435292248527122	0.003309776222115922	-0.024458090903954247	0.0066548863170352805	-0.005409602229644325	0.00575924189032265	0.037816490453488776	-0.011220389992365482	-0.016569573560709316	-0.01162152936237541	-0.002768985173698632	-0.008395745752291914	0.002356096589661444	0.009970099718211814	-0.004200845991789921	-0.023135783615394336	-0.009602374901142718	0.008667556005823399	-0.01170089242763747	-0.01815187870805487	0.005335733347539018	0.0047357749069742855	-0.001363354015692292	0.006540188436791638	-0.007975935401502212	0.0038349274361350397	-0.0015757103612365254	-0.0018555133349595352	-0.001705923963574217	0.002981485995268386	-0.001376639147082824	0.001217649822821966	0.0004618394560678889	0.004150407660503172	0.003672986131200575	-0.0015163257130318322	0.00022081673967767055	-0.0005571536091345522	-0.001306182787960806	0.0005431765418871152	-0.0	0.0	0.0	0.0	0.0	0.0	0.0	0.0	0.0	0.0	0.0	0.0	0.0	0.0	0.0	0.0	0.0	0.0	0.0	0.0	0.0	0.0	0.0	0.0	0.0	0.0	0.0	0.0	0.0	0.0	0.0	0.0	0.0	0.0	0.0	0.0	0.0	0.0	0.0	0.0	0.0	0.0	0.0	0.0	0.0	0.0	0.0	0.0	0.0	0.0	0.0	0.0	0.0	0.0	0.0	0.0	0.0	0.0	0.0	0.0	0.0	0.0	0.0	0.0	0.0	0.0	0.0	0.0	0.0	0.0	0.0	0.0	0.0	0.0	0.0	0.0	0.0	0.0	0.0	0.0	0.0	0.0	0.0	0.0	0.0	0.0	0.0	0.0	0.0	0.0	0.0	0.0	0.0	0.0	0.0	0.0	0.0	0.0	0.0	0.0	0.0	0.0	0.0	0.0	0.0	0.0
S2017t3F_E13-T3b-Female	0.03182898331139088	0.12875871657418983	-0.1325204592516869	0.07191095406096097	0.14907504028201116	0.09065552243830688	-0.03549297635794514	0.015116825668917524	-0.0708026426255196	-0.11401446425757172	-0.008540940124643242	-0.0633903118001809	-0.02727721386236931	0.0005083427995593707	-0.01140465905966519	0.021067669171725503	-0.015383558621632982	-0.03972745925741504	-0.024259712838991337	0.06725387036688496	-0.03900609834728814	0.0696672868113943	0.030654345112390863	-0.010472013301090183	0.06339011076053455	0.008985788549657169	-0.025450117289075178	0.05193173342161653	-0.022616791772886308	0.0038193454874729453	-0.008866310716329465	-0.08452946762457002	0.0025587031781033566	0.041669352230483465	-0.042559360567220955	-0.03956783526933475	0.03257043341814839	0.006351106835333444	-0.01649630907180861	-0.0008179455037505798	-0.028464820921752475	-0.04647960007592356	0.007453287741399689	-0.030886184025221104	0.010312019746120601	0.041629106300796144	-0.015543875588618838	0.043315193259818086	0.028938343805527407	-0.014126272086529317	0.0035493781635437963	-0.020874768962098302	-0.008663982647856157	0.024592762630630448	-0.010102328825165648	-0.027814837108634697	0.015226105809369532	-0.00459402490590462	0.03297058906507577	-0.015073685841889372	0.006226414703576971	-0.04567809021770729	0.012982425623358862	-0.0017978309824802272	-0.0010029195861523759	0.012149408352239082	-0.0017721028332238096	0.03899444078602569	-0.0036944144924790845	0.009901889348331012	0.008907185360082873	0.004608832024394111	0.0032455662806337663	-0.005700449593977913	-9.157049234048795e-05	0.016138724631783376	0.0014747902836324057	-0.004685977316110452	0.0079943363223565	-0.007095377516791704	-0.014257689588857458	0.0002960270880764083	-0.0043502916110034024	0.002392888253912291	-0.002010307368354163	0.0120372715934254	-0.015863731406279027	0.004832186885871216	-0.014273625406935773	-0.014176868153058755	0.008054251602342412	-0.008111877647271408	-0.003251393013638309	0.0003459013924359039	-0.010582739296588303	0.006399110551600197	0.0033324768226858387	-0.0021469077789593506	0.0031762885278683282	0.0015391558727275566	0.003555908910577925	-0.0027141849700454516	-0.0010253972488499564	-0.007498825943701225	0.0019574679751819856	-0.0021668713169662557	-0.004491473133973146	0.0022188834046052886	-0.0	0.0	0.0	0.0	0.0	0.0	0.0	0.0	0.0	0.0	0.0	0.0	0.0	0.0	0.0	0.0	0.0	0.0	0.0	0.0	0.0	0.0	0.0	0.0	0.0	0.0	0.0	0.0	0.0	0.0	0.0	0.0	0.0	0.0	0.0	0.0	0.0	0.0	0.0	0.0	0.0	0.0	0.0	0.0	0.0	0.0	0.0	0.0	0.0	0.0	0.0	0.0	0.0	0.0	0.0	0.0	0.0	0.0	0.0	0.0	0.0	0.0	0.0	0.0	0.0	0.0	0.0	0.0	0.0	0.0	0.0	0.0	0.0	0.0	0.0	0.0	0.0	0.0	0.0	0.0	0.0	0.0	0.0	0.0	0.0	0.0	0.0	0.0	0.0	0.0	0.0	0.0	0.0	0.0	0.0	0.0	0.0	0.0	0.0	0.0	0.0	0.0	0.0	0.0	0.0	0.0
S2017t3F_E14-T3a-Female	0.07773790999572922	0.12747460723453932	-0.1081053321841588	-0.02506939316947182	0.10412143409257868	-0.07835228099968782	0.032276702607648214	-0.06886407587729429	0.04445630377899231	0.011028768333322603	-0.02464162914619775	-0.041256571139335396	0.045500133035946	0.06648462530741457	0.04640099166426024	-0.029383855241445385	0.046316315319082264	-0.011454119073103234	-0.04473513000149602	0.019538776550764463	-0.06305690937476499	0.08247786283186019	0.05045569286588959	0.0005245298922224872	-0.012056463828845078	0.009138757305382073	5.375011905419754e-05	0.011536210038632342	-0.01051311927284995	-0.0010051434673478577	-0.006426638991202693	-0.03205811470368821	0.03498706792504721	0.04669214739043704	-0.010884104459060085	0.02779072037992265	-0.023150621183542504	-0.018106675747709827	0.00672202087379285	0.004029297924929457	-0.012595033771667458	-0.01661287602873939	0.0271472540844854	-0.006019666409141185	0.01369574674902406	-0.018833056977982616	-0.009697752376211111	0.003459114253579698	-0.017556975049601655	0.019194453491084628	0.014506377265117786	-0.022219305537779576	-0.0009307647299895287	-0.013014856414309923	0.005727737247898099	-0.004626322132356291	0.008739452713234197	-0.0019765440018870875	-0.006691798007201607	0.011715849912045747	0.0002685278814088842	0.004530185544926677	0.015567838660164968	0.007158376720072865	0.014026523545544255	0.022755194861099653	0.0033996764983675416	0.013509771121647213	0.010957983145987206	0.008376347370801233	0.016250685781412394	-0.011228273528653996	-0.006064464753581515	0.016010992238372962	0.006134285252924474	0.021916664209098144	0.01691936323915576	0.0003513941077145831	0.0031833198465001907	0.004194349837986744	0.011609112884109972	0.003255824739174404	0.0017534226721355158	0.002713216035448844	0.005274888609323746	0.0025372971971888707	0.012975663282931794	0.004183814847921516	0.0035807997316471634	-0.00556546050253416	0.010428768161731583	0.00289997776494337	-0.0006205336935874819	-0.0035472300362055734	-0.00010059269708435653	-0.002302171462180423	-0.007849831286638548	0.0042164169227556485	-0.007401058515152993	0.010337390008878917	0.005130669961519516	-0.007636596724702139	-0.005706500710669697	0.0009155452797763898	-0.0027007647234000773	0.003366642760070655	0.002265685828645908	-0.0008188257112716668	-0.0	0.0	0.0	0.0	0.0	0.0	0.0	0.0	0.0	0.0	0.0	0.0	0.0	0.0	0.0	0.0	0.0	0.0	0.0	0.0	0.0	0.0	0.0	0.0	0.0	0.0	0.0	0.0	0.0	0.0	0.0	0.0	0.0	0.0	0.0	0.0	0.0	0.0	0.0	0.0	0.0	0.0	0.0	0.0	0.0	0.0	0.0	0.0	0.0	0.0	0.0	0.0	0.0	0.0	0.0	0.0	0.0	0.0	0.0	0.0	0.0	0.0	0.0	0.0	0.0	0.0	0.0	0.0	0.0	0.0	0.0	0.0	0.0	0.0	0.0	0.0	0.0	0.0	0.0	0.0	0.0	0.0	0.0	0.0	0.0	0.0	0.0	0.0	0.0	0.0	0.0	0.0	0.0	0.0	0.0	0.0	0.0	0.0	0.0	0.0	0.0	0.0	0.0	0.0	0.0	0.0
S2017t3F_E14-T3b-Female	0.10489139405079864	0.11075624434137342	-0.14648705264918485	0.060048478930198414	0.12956837309565264	-0.06062315909711006	0.06976737497926325	-0.03709700507336833	0.03456400318894941	0.05528025712119203	-0.08923868620934414	0.01226552672438846	-0.024326894152967633	0.02863415441792815	0.039817778398161065	-0.01021133894830464	0.014484047398492088	0.03441000065461889	0.009839160390357355	0.010930525954102434	-0.033545481817809655	-0.0030816929008783806	0.011101874945653522	-0.006574028603536744	-0.042217719708659035	-0.017828379055488328	-0.006152377101025064	0.005888762166215335	-0.009772080609752718	-0.006254880229626234	0.0005600901760486968	0.030160357720562705	0.05460464163216366	0.03536626558028543	0.012873199346697181	0.0178501414406903	0.0063801467200170475	0.011560837747197893	0.001424189246194116	-0.006517891240229899	0.0026691313350522294	0.020730669724061384	-0.0005858036437256318	0.0008695826284314394	-0.030602249303918118	-0.033213839813105266	-0.006924928995380303	-0.029592713504315755	-0.0223902304005095	0.016102973604242635	0.01138612613426809	-0.009557226810818773	0.013379476045760758	0.02261687532790361	-0.0050676281845026625	-0.001071284290124078	0.019644161093334053	-0.001465793654432724	-0.006329888400522465	-0.006993660900521036	0.013663232407606985	0.013986145469161588	0.0030718728500054486	-0.0013001499903304045	-0.0035430865858058743	0.014996003338224104	-0.0023911236227041116	0.023870624682034877	0.009377442825004335	-0.006361099774795669	0.006589989132930562	0.009427681891713113	-0.02666361280768682	0.02733259939959628	0.009471105075709361	-0.0031958745965074043	0.015850651199795868	-0.00030268643393562526	0.003219912387756342	-0.0025942331339935776	-0.009912581095871321	-0.0006422660990216531	-0.002059104433494355	0.0013462664540175493	-0.003514967616094705	0.0018668027382862738	-0.00024602345029194127	0.0010351584923639354	-0.002761837251780764	0.013678168969347261	-0.005386468467175642	0.0006147437067996033	0.005694450871606879	-0.002045180408818176	0.000951396211728886	-0.009430114297694742	0.004912905995868414	-0.0005044490828541516	-0.006205943152416646	-0.0033223920826730043	0.008066943504880566	0.011679696679812333	0.008864642449475069	0.00020608020220750568	-0.0012152789318141013	-0.0004898048490351506	0.00010596387407466054	-0.0022578363565289423	-0.0	0.0	0.0	0.0	0.0	0.0	0.0	0.0	0.0	0.0	0.0	0.0	0.0	0.0	0.0	0.0	0.0	0.0	0.0	0.0	0.0	0.0	0.0	0.0	0.0	0.0	0.0	0.0	0.0	0.0	0.0	0.0	0.0	0.0	0.0	0.0	0.0	0.0	0.0	0.0	0.0	0.0	0.0	0.0	0.0	0.0	0.0	0.0	0.0	0.0	0.0	0.0	0.0	0.0	0.0	0.0	0.0	0.0	0.0	0.0	0.0	0.0	0.0	0.0	0.0	0.0	0.0	0.0	0.0	0.0	0.0	0.0	0.0	0.0	0.0	0.0	0.0	0.0	0.0	0.0	0.0	0.0	0.0	0.0	0.0	0.0	0.0	0.0	0.0	0.0	0.0	0.0	0.0	0.0	0.0	0.0	0.0	0.0	0.0	0.0	0.0	0.0	0.0	0.0	0.0	0.0
S2017t3F_E16-T3a-Female	0.18262981618310675	0.059950677064095716	-0.07456499317653187	0.09671947972231837	0.026355237829718065	-0.037904048025916445	0.08256463575537606	-0.035812582113072186	0.04585550944078471	-0.08289995616167056	-0.0867163000907428	-0.0302930671302328	-0.024483626792174654	0.06716699164400249	0.02045356223369549	-0.020270537844448433	0.052940297554933693	-0.09969039176486538	-0.06744530380680681	-0.01882567548479877	0.023205876619312026	-0.00021311787839889908	0.04019460932411867	0.10197092045028106	-0.041119283692374095	0.034322321285135675	-0.04894233143222858	0.011843215217661384	-0.0017617983269556103	-0.001997461791210526	0.05813171602723441	-0.042983793776842034	-0.08397404422293601	0.006514726981138135	0.04134867951104679	0.021191402749670993	-0.036842323351373864	-0.015495835723365109	-0.04968705448952252	0.00566482784391024	0.00021703071031832423	0.01110008501616304	-0.02164478855165071	0.0632127247975885	0.06444798237896328	0.03696984348638756	0.028116102850997002	-0.00900712571513731	0.017939542253000623	0.01529209525000256	0.025221006096708343	0.00035412114087439304	-0.024723164070515023	-0.01206209505813241	-0.03253515438417389	0.006707822278126457	-0.017207379444818385	-0.0003773673028215796	0.006033206968551605	0.057252231288960294	-0.007779206923990066	0.002537405275593833	0.027571877033663428	0.001694098027315007	-0.00549896861361812	-0.011807437594632058	0.024871416380731752	-0.007214385888589458	0.0392117859899949	-0.0056272697973395475	-0.06134593887333527	-0.0012552928740575486	0.020528781622501192	-0.02493770315847157	-0.024585025778206666	-0.01676877781615783	-0.03242495831142661	0.019447845616416402	0.015947666970890242	0.005013214951613793	-0.002742973341340987	-0.005143068377550785	0.0001952847415717705	-0.013177353907443736	0.005669517979135179	-0.00749766611138288	0.005890985113917864	-0.016541035673878733	0.008848480173125593	-0.018440197388056398	-0.012056870007622872	0.008366531292990198	0.000889336246764803	0.012948158510771843	0.01564012506213817	0.0012651630942118824	-0.00720610372036259	-0.007114950721749749	0.005878620969486964	0.013204528795800299	0.002683777976897021	0.0007432095574521519	-0.0010809502430523814	0.0033131187430702675	-0.003075077756357577	8.14271683091957e-05	-0.0009670760650579759	-0.0010879076083556891	-0.0	0.0	0.0	0.0	0.0	0.0	0.0	0.0	0.0	0.0	0.0	0.0	0.0	0.0	0.0	0.0	0.0	0.0	0.0	0.0	0.0	0.0	0.0	0.0	0.0	0.0	0.0	0.0	0.0	0.0	0.0	0.0	0.0	0.0	0.0	0.0	0.0	0.0	0.0	0.0	0.0	0.0	0.0	0.0	0.0	0.0	0.0	0.0	0.0	0.0	0.0	0.0	0.0	0.0	0.0	0.0	0.0	0.0	0.0	0.0	0.0	0.0	0.0	0.0	0.0	0.0	0.0	0.0	0.0	0.0	0.0	0.0	0.0	0.0	0.0	0.0	0.0	0.0	0.0	0.0	0.0	0.0	0.0	0.0	0.0	0.0	0.0	0.0	0.0	0.0	0.0	0.0	0.0	0.0	0.0	0.0	0.0	0.0	0.0	0.0	0.0	0.0	0.0	0.0	0.0	0.0
S2017t3F_E17-T3b-Female	0.12713852730404637	0.17331015958586762	-0.16469317320040452	-0.05045715587920834	0.08929945721030713	0.03265422112682478	0.04047471620063918	-0.004137836418903634	-0.0412862368558745	0.11721942249163174	-0.05863015202152645	-0.08606962117640221	0.048533789828439824	-0.039707493116959716	-0.04597683673770085	-0.021924512675286487	-0.003334333474991853	0.03039439932501214	0.04317294337205646	0.052268104548800286	-0.009223157991139512	0.030519990637826764	0.0717686216442321	0.03180450530453045	0.023484603434014626	0.002853942295480128	0.03451283526878176	-0.051889303042143994	-0.0006002151816516847	-0.046426337021255745	-0.030149564951637526	-0.00585790612486028	0.004600260781843262	-0.008307727370018553	-0.008341711721828252	0.01659863714446041	0.0017017490553601744	-0.00820088214284089	0.016914807944122666	-0.00915743203767588	-0.007991859070540648	0.012458942762291696	0.031223299004552275	-0.013684203448937681	0.008418925414460866	-0.020429538265099734	-0.022432583005618095	0.030910980629480396	0.0002756678163113742	0.01379113318980545	0.030545496097575453	-0.0032328434266870993	-0.019591577154766823	-0.00468003916298978	0.007846328293079382	-0.02113937220417987	-0.008447716564313415	-0.02750064317894569	-0.007552703036739679	-0.00978824559926085	-0.005277589690652156	0.02129590898350048	-0.017832822668327586	0.007106506793735723	-0.007207887609460284	0.01588839819656361	-0.005909138368571699	-0.006741650798470238	-0.00965244316008779	0.0026914933698386325	-0.011048132612399205	-0.019504797398672256	-0.01360329262130657	0.014131340386854183	-0.0031181198014340696	0.005270342598228552	0.018628702361954456	-0.01096994254348168	0.003933674252756121	0.009272203910881453	0.001238183108062014	0.00893881195032436	-0.010952992903424748	-0.004689572153358155	-0.00997338510850948	0.005927683604037655	-0.009409239204105127	-0.0037543720089469263	0.0010191074825988335	-0.010979034926035044	-0.009507911960727143	0.011262834076993024	-9.231366054138817e-05	-0.0035662434453352706	-0.00035685656586664994	-0.00559663335225857	-0.00032254846728185945	-0.003992917071747383	0.0018811246891482208	0.0030832746651603565	0.001222193339838897	-0.0035026492302754073	-0.00086702527504256	0.00411723452597655	-0.004462654209654305	0.0018459546658261198	-0.0014745927345718097	0.000678435136079463	-0.0	0.0	0.0	0.0	0.0	0.0	0.0	0.0	0.0	0.0	0.0	0.0	0.0	0.0	0.0	0.0	0.0	0.0	0.0	0.0	0.0	0.0	0.0	0.0	0.0	0.0	0.0	0.0	0.0	0.0	0.0	0.0	0.0	0.0	0.0	0.0	0.0	0.0	0.0	0.0	0.0	0.0	0.0	0.0	0.0	0.0	0.0	0.0	0.0	0.0	0.0	0.0	0.0	0.0	0.0	0.0	0.0	0.0	0.0	0.0	0.0	0.0	0.0	0.0	0.0	0.0	0.0	0.0	0.0	0.0	0.0	0.0	0.0	0.0	0.0	0.0	0.0	0.0	0.0	0.0	0.0	0.0	0.0	0.0	0.0	0.0	0.0	0.0	0.0	0.0	0.0	0.0	0.0	0.0	0.0	0.0	0.0	0.0	0.0	0.0	0.0	0.0	0.0	0.0	0.0	0.0
S2017t3F_E19-T3a-Female	0.21851963417031975	0.11537456888783548	-0.1758101975623743	0.09683607112088873	0.1278574721641898	0.03772503598454102	0.0010254472749574575	0.0230724256798489	0.015632399396856154	0.01352539723225558	-0.09813967447112831	-0.03370961265708713	0.0272102971207062	-0.021183180516810805	0.02779967450550693	-0.005385714711161838	-0.0047698425097086545	-0.05205006752153074	-0.020248280508028814	-0.020526566522924766	0.03639161604197252	-0.01793049050291591	0.03452383880806035	0.030394600758280196	-0.05086707743473973	-0.0045072022020029925	-0.02050614522083158	-0.07383361730620086	0.022647018829947314	-0.029957782293071646	-0.0015407879699652664	0.09644495914026827	-0.094015169826556	-0.016200208554296776	-0.017775571528252043	0.05750979747777399	0.004958763899752285	0.025582080008096853	-0.013309845837997956	0.0009992075720663086	0.008698107891370589	-0.018920914108765882	0.02385749702395349	-0.00912996319035711	-0.009453223391340162	-0.01529684660747305	0.035701871226110224	0.02056682188592654	0.03853293761519075	0.00486618204602968	-0.018525504146583282	0.021329956570288508	-0.0328418832529232	-0.047439147152741806	-0.041120026499237024	-0.007272677830326102	-0.01034609237640014	0.029180319634507616	0.05031970131329623	-0.017239485149967	0.029884857729323522	-0.0028792298352888442	-0.005951092493793385	0.002469225107494348	-0.03466837498649734	0.00405736441576742	-0.014038042382743556	-0.008059644778734273	0.0064406991754860626	-0.016643805996632066	0.024841492952495162	-0.0371961091903182	0.0058183939722218315	0.0032748532446217576	0.014337450830903436	0.014984946571049889	-0.005406696199631981	0.0058234056521312165	0.00896519906484546	-0.025852216889424212	0.035898955066630024	0.0207270146254518	0.0016295619660985391	0.007181160525711458	0.009636194285204704	0.015923989889416575	0.01683163271631532	-0.008573633693654471	0.01798373850892738	0.014118105615798772	0.01506489043383802	-0.02486845594252608	-0.004412114968323521	0.01068362269166637	-0.004234875257636579	0.004905455071437326	-0.0023380554784178074	-0.0011243448732635101	-0.0027889269214991263	-0.005904364989447402	0.003622998666490333	-0.0016643112049701306	0.004641541724424114	-0.0009658079605037768	-0.00135747197793661	-0.002378559367453134	-0.0003083897863573195	0.0011273928809504346	-0.0	0.0	0.0	0.0	0.0	0.0	0.0	0.0	0.0	0.0	0.0	0.0	0.0	0.0	0.0	0.0	0.0	0.0	0.0	0.0	0.0	0.0	0.0	0.0	0.0	0.0	0.0	0.0	0.0	0.0	0.0	0.0	0.0	0.0	0.0	0.0	0.0	0.0	0.0	0.0	0.0	0.0	0.0	0.0	0.0	0.0	0.0	0.0	0.0	0.0	0.0	0.0	0.0	0.0	0.0	0.0	0.0	0.0	0.0	0.0	0.0	0.0	0.0	0.0	0.0	0.0	0.0	0.0	0.0	0.0	0.0	0.0	0.0	0.0	0.0	0.0	0.0	0.0	0.0	0.0	0.0	0.0	0.0	0.0	0.0	0.0	0.0	0.0	0.0	0.0	0.0	0.0	0.0	0.0	0.0	0.0	0.0	0.0	0.0	0.0	0.0	0.0	0.0	0.0	0.0	0.0
S2017t3F_E19-T3b-Female	0.09631326352695838	0.14577473504659746	-0.16300303518313103	-0.013029573444963968	0.1287670597604683	0.0030125178394115677	0.08300324464888342	-0.004807379317226725	0.08987219515292108	-0.05207507191467566	-0.09252169355177192	-0.023499383379012917	0.03541530521389275	0.04516075337009749	0.02872427930922284	-0.004377613602620058	0.00481916172114381	-0.0016802358084281052	-0.02675364136944807	-0.013748849136061135	-0.0020331615305799826	-0.03897034666034285	0.03963131141857495	-0.02500101917298028	0.0011824632315991645	-0.004292101213148208	-0.023538036127521533	0.023059777580067713	0.0004691276770184944	0.013518754723793642	-0.023989163209143804	0.037555441262899336	0.007021022563209662	0.02684496728324053	-0.005941839457035335	0.012415640466480596	-0.0026507250456220995	0.03866062736655481	-0.01364415842932288	-0.005672609494130194	0.004547465664789552	0.001854504467008	0.010802520485443955	0.0031253145208025063	0.01436256936544451	-0.00589496777580298	0.011667710461429196	0.017518631172495466	-0.002186514836522144	0.006668761519731693	-0.004475991009937083	-0.01532175059968089	-0.0034341261169066667	-0.0024333881387716334	0.03747040932180597	-0.021249993987707213	-0.0031226133548851362	0.02799580596674838	-0.0006555596590609909	0.0011295649297870824	0.022535911943474624	-0.019666656561011492	0.017301717098927423	-0.006580160420577202	0.0014137066364352038	0.008212413431774087	-0.005162338750981292	-0.003826368284228729	0.009722108177120388	0.0029270572707964762	0.013791754107097152	-0.010286375196352024	-0.0035736688682120295	-0.0072560803910953755	-0.0011576781268459592	0.013598087581208541	-0.01511977849921339	-0.009579543801744039	-0.017195442565101485	0.0026615758189613686	-0.01510694752131551	-0.003732971108087048	-0.0040286208583554224	-0.005901491365609448	0.014084453844605738	0.0016900650838316972	0.010403942475976861	0.0012679165249981925	0.0012206219755689464	-0.017779013046891386	0.010517705754229896	-0.0019923837551374217	-0.008994227727542874	-0.01005391018506171	-0.008380106624155063	0.006044658930040681	-0.00958164055789043	0.004915212105352847	-0.000917618921686952	0.009041983567689081	-0.000582479933943197	-0.008965277500053673	0.007745975203975159	0.0009430990713602741	0.001628318540963839	-0.003281509743377982	0.0006437272324213928	-1.777757188115188e-05	-0.0	0.0	0.0	0.0	0.0	0.0	0.0	0.0	0.0	0.0	0.0	0.0	0.0	0.0	0.0	0.0	0.0	0.0	0.0	0.0	0.0	0.0	0.0	0.0	0.0	0.0	0.0	0.0	0.0	0.0	0.0	0.0	0.0	0.0	0.0	0.0	0.0	0.0	0.0	0.0	0.0	0.0	0.0	0.0	0.0	0.0	0.0	0.0	0.0	0.0	0.0	0.0	0.0	0.0	0.0	0.0	0.0	0.0	0.0	0.0	0.0	0.0	0.0	0.0	0.0	0.0	0.0	0.0	0.0	0.0	0.0	0.0	0.0	0.0	0.0	0.0	0.0	0.0	0.0	0.0	0.0	0.0	0.0	0.0	0.0	0.0	0.0	0.0	0.0	0.0	0.0	0.0	0.0	0.0	0.0	0.0	0.0	0.0	0.0	0.0	0.0	0.0	0.0	0.0	0.0	0.0
S2017t3F_E23-T3a-Female	0.012548137770832378	0.09619303943620557	-0.10086238870005616	0.11451679363264847	0.0418152584772801	-0.015592286665470703	-0.06965623878294525	-0.043324494996336955	0.026520394512496197	0.023997930392609865	0.0773683528897657	0.02945391329931503	-0.059194668604561726	0.013551863383355855	-0.05800101844501201	-0.04496095418607207	0.043277951966695594	-0.009964896193339692	0.02098699637135112	0.006278402442724692	-0.0268727177661231	0.055967935426387914	-0.12088813674460164	0.030331828885076864	-0.009990578917803111	0.03018333043675114	-0.009927933783275137	0.06465271862302374	-0.033438941598638555	-0.009400318247490822	-0.01589396323828787	0.013624465872087582	0.020713941533103877	0.016228647303852536	0.005887917938190224	-0.017780756906195305	0.09708726069391337	0.025190288852772195	0.0007315148892833621	-0.004789237770509504	0.012931594205267702	-0.049830564487730565	-0.010390785007229323	0.044473514449585694	0.0247278488826179	-0.002213189579470324	-0.02708111081399836	0.01709665081102405	-0.04139906778882059	-0.009632269628863387	-0.00882244190058091	0.01540783986755006	-0.012418987787450575	0.04663809021162812	0.0003263710836492547	-0.0259188547348863	0.006660377252584056	0.01771987617090126	0.019878919004739787	0.0193523566015238	-0.002443078683397873	0.016091342352588103	0.0031448966944198917	-0.03319275816629786	0.0065446554884094395	-0.018659133876011005	0.009641334051602177	-0.01154385568067115	-0.010828900156578992	0.001241717819726399	-0.021704055744228783	-0.002104977805616945	-0.004916930097990733	-0.008599060646858324	0.02147408208652592	-0.017413621637116655	-0.008713623753626124	0.012644845296976974	-0.0007016396534677161	0.005544652301971913	0.006153315026858763	0.010082725195893523	0.012451254628049179	0.003787852061805764	0.004544938875176138	-0.00810698757187126	0.011738262561512698	-0.01981085820933361	-0.002922292001819631	0.002283361153989532	-0.003995186755116671	0.00747850776476121	0.01485552830873398	-0.00023660266882541764	-0.008191490981846345	-0.002476164485548122	-0.005761839086599726	-0.0012408305114801172	0.011033580690735668	-0.008641193326185419	0.013172547244507954	-0.0014093738113863026	-0.0014941513865977278	-0.003020307133050662	-0.0003338685652092889	-0.0034816152357400733	-0.0009083589979030441	0.0013003253498746448	-0.0	0.0	0.0	0.0	0.0	0.0	0.0	0.0	0.0	0.0	0.0	0.0	0.0	0.0	0.0	0.0	0.0	0.0	0.0	0.0	0.0	0.0	0.0	0.0	0.0	0.0	0.0	0.0	0.0	0.0	0.0	0.0	0.0	0.0	0.0	0.0	0.0	0.0	0.0	0.0	0.0	0.0	0.0	0.0	0.0	0.0	0.0	0.0	0.0	0.0	0.0	0.0	0.0	0.0	0.0	0.0	0.0	0.0	0.0	0.0	0.0	0.0	0.0	0.0	0.0	0.0	0.0	0.0	0.0	0.0	0.0	0.0	0.0	0.0	0.0	0.0	0.0	0.0	0.0	0.0	0.0	0.0	0.0	0.0	0.0	0.0	0.0	0.0	0.0	0.0	0.0	0.0	0.0	0.0	0.0	0.0	0.0	0.0	0.0	0.0	0.0	0.0	0.0	0.0	0.0	0.0
S2017t3F_E23-T3b-Female	-0.00415450058556696	0.12375050768742697	-0.11535578106471	0.08048766108971286	0.05517208748430312	0.02338439887841216	0.0030171088226037526	-0.08205575196952518	-0.03474934897079232	0.041975976890095225	0.05509070479764051	0.07364010406425477	-0.002343768844227586	0.004973494435633075	-0.06428348457507368	-0.03005526080507252	0.026934823890880942	0.05155216550804189	0.07459300565611172	-0.006058889735886598	0.0032562334578904025	0.03844222504517628	-0.06136015038566561	0.018757656940826175	-0.027798857451870527	-0.02162188249000712	0.021502258773349058	-0.027377379210889403	-0.015860713743943093	0.003069643825959743	-0.043406315928624276	0.047966960720661325	0.005287950428740596	0.02801830741355056	0.008148186360568396	-0.004793332571044956	0.03710953903048814	-0.013974835703998899	-0.029746838241086693	0.028775169267289933	0.039672518338274544	-0.02542166787187092	0.016151491670799312	0.0067684212625569685	-0.014753961645731702	-0.02983727524559019	-0.04631992737544458	0.005655198878567137	-0.01084985254727686	-0.005954413056202573	-0.03926473622414512	0.0034416057972622384	-0.002961894130798058	0.002474202358981303	0.005017092716413661	0.02674622210328104	-0.045987636327584694	0.01401701810654808	-0.0231330914876409	-0.0087803775092154	0.030122297988528418	-0.018602376355238332	-0.006770915871642637	0.005736829362822663	-0.010686545225001573	0.013302294194710369	-0.01089812337638824	0.029707086897494326	0.016704020739939457	0.025336401951184962	-0.011790295990077753	0.04545721491475554	0.01635310726489435	-0.011227516957418237	-0.021879650145247672	0.01533419618665221	-0.0008615368035568224	-0.011734385210757297	-0.006098386366955846	-0.006508108681852539	-0.013743935406280647	0.009095264492625425	-0.014434604044473408	-0.02944769349475962	-7.086765561009186e-06	0.006671814570097584	-0.00435429033681965	0.00697088899602383	-0.0033075070620978584	-0.008788297701972224	-0.00461512711837156	-0.004926072979535378	-0.016245194781177388	0.002459498328697937	-4.2943977707470105e-05	-0.0015538395579462515	0.0018497762653884833	-0.008944255476176163	-0.0003119988623274599	0.001643089688136283	0.004878973844123767	-0.008136771747391644	-0.0024456305905485613	0.010273676689487332	-0.004592646076116101	-1.8579977204210067e-05	-0.001109058214987106	0.0011113446618879314	-0.0	0.0	0.0	0.0	0.0	0.0	0.0	0.0	0.0	0.0	0.0	0.0	0.0	0.0	0.0	0.0	0.0	0.0	0.0	0.0	0.0	0.0	0.0	0.0	0.0	0.0	0.0	0.0	0.0	0.0	0.0	0.0	0.0	0.0	0.0	0.0	0.0	0.0	0.0	0.0	0.0	0.0	0.0	0.0	0.0	0.0	0.0	0.0	0.0	0.0	0.0	0.0	0.0	0.0	0.0	0.0	0.0	0.0	0.0	0.0	0.0	0.0	0.0	0.0	0.0	0.0	0.0	0.0	0.0	0.0	0.0	0.0	0.0	0.0	0.0	0.0	0.0	0.0	0.0	0.0	0.0	0.0	0.0	0.0	0.0	0.0	0.0	0.0	0.0	0.0	0.0	0.0	0.0	0.0	0.0	0.0	0.0	0.0	0.0	0.0	0.0	0.0	0.0	0.0	0.0	0.0
S2017t3F_E30-T3a-Female	0.09631870777448848	0.1342465537615695	-0.08878032663434342	-0.06675706031495941	-0.05474479105486794	0.09466772397568195	0.09965585183936129	0.009507493808354972	0.03892685482539601	0.007785460181391882	0.031079427841713563	0.09187817395717267	-0.058497879199859194	-0.007796550574058233	0.02409956105502826	0.022496234350604407	-0.05360968517405262	-0.04491664030321415	-0.02522010834497135	0.006924345866350509	0.04163399317366593	-0.022878538345427007	-0.02034273759559465	-0.09000440281963795	-0.002995947534888909	-0.014971408417731025	0.01890609146899039	-0.01389712515339096	0.007468188309060676	0.01654762705965754	-0.040813056869916146	0.045842468984699875	0.008519938735973736	-0.03631660929473624	0.0019964477172571223	-0.034269876099785615	-0.007993725382453968	-0.014060111168759572	-0.005494340869748855	-0.051967748147089085	-0.0013950308895284249	0.02378333458632213	-0.02141908749312662	0.012061437258371045	-0.025589050560685635	0.01772511396328264	-0.020198904241408525	-0.04206039631509372	0.004320257254792355	-0.024014026919554517	-0.022262929732246407	0.0028290466039370406	-0.012019838926110365	-0.0068806519338359415	0.007547119062400058	0.0077905554492086375	-0.007657867675089523	-0.049299970500129284	-0.006916521478288107	0.013822680491286462	0.0009905973131598314	-0.015905712676668536	0.006775467561944912	-0.0013416903520953377	-0.012800963370141595	0.01789057927667829	0.0014405817129724316	-0.0066729788420787665	0.0116390676162051	0.026271362914070718	0.004814020762894868	-0.015321948125359057	0.01270141344094967	-0.005249188103920912	0.0038792707292884306	0.013491638173559877	0.009379014831268136	-0.012308308645963653	0.0067470084645881966	0.01993687045667894	0.01683065802777923	-0.027702534537970315	0.026918403262887636	0.01068293612031764	0.017071340620857137	0.0038519733177020308	0.007878325025093962	-0.007507277503882346	0.00904047812924274	0.005382454549656429	-0.005454713742446949	-0.0028833035007558875	-0.0071523541493363	0.0016371810161307022	0.005504602319182567	-0.008808000154215496	-0.006149767933206977	0.006205478562657854	-0.0026833172051557034	-0.0021745451411951896	-0.00889066124414238	0.004696729199228687	0.007855294501198231	0.00824408635700588	0.0030535319295943073	-4.2000543410256074e-05	-0.004029637287171285	-0.0006754323522789392	-0.0	0.0	0.0	0.0	0.0	0.0	0.0	0.0	0.0	0.0	0.0	0.0	0.0	0.0	0.0	0.0	0.0	0.0	0.0	0.0	0.0	0.0	0.0	0.0	0.0	0.0	0.0	0.0	0.0	0.0	0.0	0.0	0.0	0.0	0.0	0.0	0.0	0.0	0.0	0.0	0.0	0.0	0.0	0.0	0.0	0.0	0.0	0.0	0.0	0.0	0.0	0.0	0.0	0.0	0.0	0.0	0.0	0.0	0.0	0.0	0.0	0.0	0.0	0.0	0.0	0.0	0.0	0.0	0.0	0.0	0.0	0.0	0.0	0.0	0.0	0.0	0.0	0.0	0.0	0.0	0.0	0.0	0.0	0.0	0.0	0.0	0.0	0.0	0.0	0.0	0.0	0.0	0.0	0.0	0.0	0.0	0.0	0.0	0.0	0.0	0.0	0.0	0.0	0.0	0.0	0.0
S2017t3M_E11-T3b-Male	0.03589905933517168	0.1206428884627749	-0.13294628539131442	0.09321971765719679	0.06691518228894378	0.014842551167327108	0.05288822709608852	-0.06721761036337198	0.004534093305228708	-0.042561470933980494	0.013971469908301296	0.03481460637770626	-0.07491612816605206	0.03989678723904912	0.03184957740576044	-0.0664642543410437	0.021461028055822073	-0.02313319140117548	0.027124711935652236	0.032576099248035756	-0.08262056066554106	0.016572500072662397	0.007493571885300118	0.04215388040570808	0.021357926087825493	0.0477321777426945	0.0073931335580464915	0.01902014323483229	-0.01813081678816704	-0.027851265178234642	0.03056663281872524	-0.04704347860977882	0.021823141303971175	0.002555382570579982	0.01223566498080891	-0.00705705705709771	0.00535265457512986	-0.02074271101674799	-0.0008349034969556514	-0.005119705658798221	-0.011962038861229263	0.0032177483309573716	-0.03315833511378313	0.021296333320521728	0.017035030713115056	0.007219721517499081	0.004364316966274154	-0.037735076261288	-0.009575545986358337	-0.0114539828917236	0.027700062440333524	0.004070336749144907	-0.00874094059422172	0.017230651744550594	-0.004515019892150532	0.00017957533691431403	-0.0034179363624125578	-0.008005700651550242	0.017844758777603397	0.025500708164869473	0.01366516743479298	-0.005673605954067569	0.02448184829331356	0.041619997453098405	-0.006214098049846021	0.006102977622433898	-0.01061342460638546	0.012672980235112213	0.006693181268983674	-0.0022570472413930166	0.013262485852163833	-0.01309962327815072	0.002005597580756553	0.012791423630486281	-0.004932709944918459	0.0013495235338745822	0.0052890695296237775	-0.006147470393510606	0.021734432469424178	0.004504729187127381	0.0041124097178696205	0.0017608765826463532	2.7894203304630273e-05	0.0006171525932175449	-0.018028647684621493	0.012254161010249846	0.01319230418266111	-6.501712734691691e-05	0.008735388159530493	0.021162795234646842	0.004401338018682217	0.003520693240822139	-0.00021254645011249885	0.014225820706030706	0.0110195309148473	0.006610146932532526	-0.006949238685685462	0.023178204510837012	-0.009302012169590571	-0.00677343026261691	-0.0021771796189278235	0.00037863237649844045	0.00889145912667201	0.0037074495045647873	-0.001390328027835618	-0.0005290546827615287	0.0018514342470301271	0.00024301094091538024	-0.0	0.0	0.0	0.0	0.0	0.0	0.0	0.0	0.0	0.0	0.0	0.0	0.0	0.0	0.0	0.0	0.0	0.0	0.0	0.0	0.0	0.0	0.0	0.0	0.0	0.0	0.0	0.0	0.0	0.0	0.0	0.0	0.0	0.0	0.0	0.0	0.0	0.0	0.0	0.0	0.0	0.0	0.0	0.0	0.0	0.0	0.0	0.0	0.0	0.0	0.0	0.0	0.0	0.0	0.0	0.0	0.0	0.0	0.0	0.0	0.0	0.0	0.0	0.0	0.0	0.0	0.0	0.0	0.0	0.0	0.0	0.0	0.0	0.0	0.0	0.0	0.0	0.0	0.0	0.0	0.0	0.0	0.0	0.0	0.0	0.0	0.0	0.0	0.0	0.0	0.0	0.0	0.0	0.0	0.0	0.0	0.0	0.0	0.0	0.0	0.0	0.0	0.0	0.0	0.0	0.0
S2017t3M_E13-T3a-Male	0.12818634909316654	0.07990968977579482	-0.13358120971885165	0.005443844922190751	0.1684927304023645	-0.001837632145457518	0.053827911177973406	0.11060539109280357	-0.09623899714971137	0.004738825555237342	-0.04509473956793301	0.04711746892938993	-0.02049200241933404	-0.08377827273513716	0.018343113004848314	0.06742004638044159	-0.06662301722083681	0.0641858604302405	0.037137788703718096	-0.029438831492169186	-0.02275018493499807	0.0069745387789173705	-0.009647240736890232	0.024492501283535324	-0.012302953758989238	0.02957383548069457	-0.04682017309643166	-0.05738007347477203	0.026769624040135793	-0.0057664904784829685	-0.010399211763147937	0.0021833892906109416	0.006033555348989463	-0.010243703067397192	-0.0013606414885431013	0.01547580939564728	-0.01289539110727038	-0.027192322208649915	-0.013148815195428725	-0.0035084656343131733	-0.03579506805230907	-0.012484055037584466	-0.02523841191971385	-0.027981573575882646	-0.02741466079305467	-0.017907516493249037	0.0027047201807361286	-0.05721871504283131	-0.010935271213080161	0.00829265836678206	-0.012176178596213448	-0.01443943993825615	0.018648859263961797	0.0017102821240431209	-0.013430799818979287	0.028831442604629717	0.021027977711995362	-0.03883473607917917	-0.031343020658311044	0.013177837352199366	-0.004090816192139402	-0.010954027536675072	0.015597787079235198	0.03012569586867002	0.004455230994485196	0.011821461957894184	-0.0067666918690739595	-0.0010170004738814255	0.004442918283705598	0.006323190477620412	0.002593234676955535	-0.00989903902360912	-0.010278633831582786	-0.008633876890405215	-0.01053291097177558	-0.015512221508659822	-0.005011231481659922	0.00018610650981472712	0.009014056900564983	0.012413276654070354	-0.01639404884280968	-0.019628285532469644	0.00032138788465423986	0.012159598247436182	-0.017541834695139223	-0.0003885911874078552	0.008450128489599501	-0.004044773774296865	-0.004869108729906647	0.0013095742641981013	0.0001381128376374847	0.00034600977190205875	0.0025437763196000645	-0.000825098382711061	0.004232097949653505	0.01735376792322014	0.008793770196979488	6.99594944717094e-05	-0.001661229245608542	0.0018330869749448005	0.008069666135376182	-0.0001621617328619911	-0.005813871410006673	0.004217893680200623	0.0015771179121997238	0.0006405433414589166	0.0013828139125810176	-0.0006695208431173995	-0.0	0.0	0.0	0.0	0.0	0.0	0.0	0.0	0.0	0.0	0.0	0.0	0.0	0.0	0.0	0.0	0.0	0.0	0.0	0.0	0.0	0.0	0.0	0.0	0.0	0.0	0.0	0.0	0.0	0.0	0.0	0.0	0.0	0.0	0.0	0.0	0.0	0.0	0.0	0.0	0.0	0.0	0.0	0.0	0.0	0.0	0.0	0.0	0.0	0.0	0.0	0.0	0.0	0.0	0.0	0.0	0.0	0.0	0.0	0.0	0.0	0.0	0.0	0.0	0.0	0.0	0.0	0.0	0.0	0.0	0.0	0.0	0.0	0.0	0.0	0.0	0.0	0.0	0.0	0.0	0.0	0.0	0.0	0.0	0.0	0.0	0.0	0.0	0.0	0.0	0.0	0.0	0.0	0.0	0.0	0.0	0.0	0.0	0.0	0.0	0.0	0.0	0.0	0.0	0.0	0.0
S2017t3M_E14-T3a-Male	0.06193788851466559	0.12169026121123871	-0.13797809622629603	-0.005126478021244131	0.12827072114163218	-0.01750521647104928	0.00992112139199924	0.00846944176006856	0.11472317131743343	0.1147339849493506	-0.038681899078005136	-0.01167898258446213	-0.03039253999073799	0.05831482172758237	-0.020098555641442868	0.03409842838397951	-0.052868830615986614	-0.027773158983945705	0.016084618600674255	0.03504097459393221	-0.04532411002314816	-0.04214466554149519	-0.03606640135182097	-0.05545572298085347	-0.0061850589283457425	0.03678746388425558	0.026953041514660384	-0.024775075691784915	-0.012107993861501779	0.013046614429519085	-0.04223096323235309	0.014270365864768783	-0.06794833631395876	0.012802178074473832	0.00940067403425628	-0.011029849008859997	-0.01863078400766792	-0.07007829756055797	0.054087852134179805	-0.002840237256498417	-0.030954976072322043	-0.005930692762185922	-0.027600968037866845	0.0033445206144314763	-0.009153216490128402	0.020034385066539775	-0.03204642130980109	0.014508341243628868	-0.020491963726038454	-0.011129124334925094	-0.010506331971332852	0.021170813063846616	0.008606396712835812	0.009869397682382652	-0.014973708876323528	-0.001255049581346908	0.00852941605309976	0.00622889808473715	-0.026697248673635283	0.009978234034696951	-0.021731887957409983	-0.01643962124870851	-0.00024952962303432944	0.0067254801994100135	0.029236001390436105	-0.00011396113314356569	0.006674590095691827	0.005266047186962727	0.008489543495981126	0.00028439927431264325	0.005342664721726523	0.012148871958210091	0.009119712158440877	0.00026493433225833877	-0.007069207207974221	-0.010343585771959362	-0.002861881966476447	0.003117525061647173	-0.006295671557942929	-0.0025494534148806105	-0.007369949001437211	-0.014032657007662711	-0.0019014501103451556	0.0013889317492106856	0.009549566653278834	-0.009165086077264477	0.0035426193297664805	0.004737437610740759	-0.0026716859846699728	-0.0025136360498441298	0.011045845632492602	0.005144223125532412	0.007674784900449443	0.006919738506281993	-0.011670361898662605	0.0023470717453960743	-0.0049445779672904954	0.0014050445614950892	0.004042888756428073	0.0002509192169292537	-0.0008077189417212757	-0.004955543431233099	0.00020849386861038818	0.003982554902533217	0.0019655921274861032	-4.347553313293297e-05	-0.0009335504849750212	-0.0011012824330005	-0.0	0.0	0.0	0.0	0.0	0.0	0.0	0.0	0.0	0.0	0.0	0.0	0.0	0.0	0.0	0.0	0.0	0.0	0.0	0.0	0.0	0.0	0.0	0.0	0.0	0.0	0.0	0.0	0.0	0.0	0.0	0.0	0.0	0.0	0.0	0.0	0.0	0.0	0.0	0.0	0.0	0.0	0.0	0.0	0.0	0.0	0.0	0.0	0.0	0.0	0.0	0.0	0.0	0.0	0.0	0.0	0.0	0.0	0.0	0.0	0.0	0.0	0.0	0.0	0.0	0.0	0.0	0.0	0.0	0.0	0.0	0.0	0.0	0.0	0.0	0.0	0.0	0.0	0.0	0.0	0.0	0.0	0.0	0.0	0.0	0.0	0.0	0.0	0.0	0.0	0.0	0.0	0.0	0.0	0.0	0.0	0.0	0.0	0.0	0.0	0.0	0.0	0.0	0.0	0.0	0.0
S2017t3M_E14-T3b-Male	0.20281488095759442	0.13267466203341957	-0.1574616961152382	0.013602607167186682	0.060294471699505775	0.061415208188952505	0.01465904501696261	0.0713541804331139	-0.04685435590696399	0.08043650844185932	-0.02355889890879094	0.0722891382896535	-0.0373789934413784	0.007461405098792109	-0.02224125933441034	0.0699419133720483	-0.015560195348122398	-0.04832403850581566	-0.013411891663556247	0.036398815737334465	0.041909504202871165	0.06327879818886065	-0.054192981677640265	-0.002634518403806721	0.015220091935444123	-0.023646858020833522	0.05193098260986492	-0.0046900060075378	-0.029012570306482004	0.010321133825040896	-0.017977962282035204	-0.05851675436139714	0.011048484624581797	-0.037754295951107304	0.01562503975326443	-0.024265048752608608	0.015364170694371852	-0.028269561072982487	0.032701576778672845	0.021051896160993278	0.02123345762308429	0.02374597344508864	-0.033419407581910615	-0.00987059722455883	-0.003374116531852528	0.056723363982904895	-0.028668736628594253	0.015046854825436306	0.01552693388763019	-0.013633056091119871	0.01742778436558619	-0.006539049192363087	-0.003226642237385895	0.009577334847889621	-0.024364983753092526	0.0015374034897066764	-0.005484202233510307	-0.02686384618302049	0.004687582001133335	0.0027861554181083975	0.0045587738520684665	0.005159988523122609	-0.01693058380063034	0.0017677788892873135	-0.013560074850133616	-0.01237640639156075	0.013745291548441797	0.04486431582335577	0.009148310206144943	-0.03061725265559444	0.004214492705815601	0.0032452124957980445	0.016170418962354483	0.01487784356400602	0.008592942524929698	-0.009023066101610232	-0.014174753216622633	0.00844674501609766	-0.003926254055802215	-0.006968986366598789	0.0017140157314165137	-0.018082881260619615	-0.011071413392158062	-0.004294494824802863	0.004412774109935716	-0.004942641206268396	0.003517529231194105	0.007946102273069468	0.0018633013731905593	0.016602156968425784	0.0108750239516821	-0.006782138388196902	0.0003552720022555488	-0.0015980599348397989	-0.00023155451868636044	0.013611956107232002	0.003721797872032159	-0.004732193414108676	0.00714515146349356	0.00855867020435642	-0.004491320772352703	0.00035361151800152805	0.003271904413033228	-0.0020705709829666845	0.002323216447391766	-0.000508337047901998	0.0015876783850062614	0.0022236285366711707	-0.0	0.0	0.0	0.0	0.0	0.0	0.0	0.0	0.0	0.0	0.0	0.0	0.0	0.0	0.0	0.0	0.0	0.0	0.0	0.0	0.0	0.0	0.0	0.0	0.0	0.0	0.0	0.0	0.0	0.0	0.0	0.0	0.0	0.0	0.0	0.0	0.0	0.0	0.0	0.0	0.0	0.0	0.0	0.0	0.0	0.0	0.0	0.0	0.0	0.0	0.0	0.0	0.0	0.0	0.0	0.0	0.0	0.0	0.0	0.0	0.0	0.0	0.0	0.0	0.0	0.0	0.0	0.0	0.0	0.0	0.0	0.0	0.0	0.0	0.0	0.0	0.0	0.0	0.0	0.0	0.0	0.0	0.0	0.0	0.0	0.0	0.0	0.0	0.0	0.0	0.0	0.0	0.0	0.0	0.0	0.0	0.0	0.0	0.0	0.0	0.0	0.0	0.0	0.0	0.0	0.0
S2017t3M_E16-T3a-Male	0.12369029437051066	0.12806191203195028	-0.17475305180182069	0.14146814995694518	0.02928015991501054	0.00015297773105987894	0.09737369432264716	0.017313550509062785	0.08107177502093282	-0.03329230448532291	0.026481729581133658	-0.05298797527166015	0.006299448114075045	0.06356100965043333	0.02449635627088963	-0.03835136374371065	-0.036880300387570945	0.011667716722828143	-0.036486151746927674	-0.04466639960261692	-0.017133936229505965	-0.03592555568079143	0.0038881184868509344	0.0006933310471991228	0.05601178430845283	-0.03558025357178558	0.010458387550617527	0.0020283440597582427	0.008350035341083277	0.024385112517158043	-0.0008697398083659517	-0.004277905555653737	0.006410103990288329	-0.023786181907070464	0.027784330704324425	-0.007985476228315922	-0.05233201918926974	0.0027827332249290774	0.04704116059901013	-0.014621187290213757	-0.017654879661269777	0.006871677773447207	-0.029595861138440642	-0.005422995650533846	-0.017764307657634336	0.014654202203871574	-0.05159158801008306	-0.004666061891797862	-0.008248539971975541	3.0410921570233183e-05	0.012765649923130515	-0.005536840213060685	0.015425075953403382	0.012842553825189154	0.005620155731045733	-0.003673266209659545	-0.031227830441414722	0.01903654949930788	0.013273227545484965	0.012211650202029217	-0.010000953614852192	0.023482218094243928	-0.00019501433836308833	0.013815710958042713	0.01463965992421958	0.004089864913657781	0.014774617008516563	-0.0068921128701463765	-0.031276937905301186	-0.0007686222124126738	-0.01826932083538762	-0.0023839463832449606	-0.000574334448918713	-0.006072384961708388	0.03728339256113315	0.016173493099759267	0.02201383888310853	-0.006587574149131939	0.003208523719776708	0.011112901004586558	0.013256051105187199	-0.0066180518226331125	0.013398239990355247	0.001962143493970591	-0.005504175511048422	-0.00981222708487211	0.011428097192705147	-0.0019041947770076205	0.0022608774756191895	0.0003115211457650281	0.005260650154073019	0.003091058442190271	-0.0075694813914987955	0.006320798617100582	-0.0027506713932824644	0.010192794919222715	0.001753284216412699	0.010461170665899047	0.0006883597815720699	0.003043784229327984	0.0005785770233021531	-0.0017159521655987714	-0.0037907805969261644	-0.0006668915410245506	-0.0023252293296033067	-0.0006701737052957603	0.00014017900415982034	-0.0015932983495126406	-0.0	0.0	0.0	0.0	0.0	0.0	0.0	0.0	0.0	0.0	0.0	0.0	0.0	0.0	0.0	0.0	0.0	0.0	0.0	0.0	0.0	0.0	0.0	0.0	0.0	0.0	0.0	0.0	0.0	0.0	0.0	0.0	0.0	0.0	0.0	0.0	0.0	0.0	0.0	0.0	0.0	0.0	0.0	0.0	0.0	0.0	0.0	0.0	0.0	0.0	0.0	0.0	0.0	0.0	0.0	0.0	0.0	0.0	0.0	0.0	0.0	0.0	0.0	0.0	0.0	0.0	0.0	0.0	0.0	0.0	0.0	0.0	0.0	0.0	0.0	0.0	0.0	0.0	0.0	0.0	0.0	0.0	0.0	0.0	0.0	0.0	0.0	0.0	0.0	0.0	0.0	0.0	0.0	0.0	0.0	0.0	0.0	0.0	0.0	0.0	0.0	0.0	0.0	0.0	0.0	0.0
S2017t3M_E17-T3b-Male	0.18135005672664234	0.12495840733158681	-0.13678886195793494	0.042354496268368805	0.04194356968738151	0.1657851518419314	0.06894857504768638	0.010081583343662338	-0.06302685481010493	0.020707489411677472	0.022815777754233494	0.06221321715482604	-0.08728297817260368	-0.04009170461454687	-0.014710771154966969	0.08360490375795412	-0.05451436353761505	0.022083653476119347	0.0065463126073449975	-0.0480405800208098	-0.04085460076735144	0.027105280724384256	-0.03022436117635849	0.032474239292819396	0.0028298433500928426	-0.029596446015273278	-0.016075081081005034	0.017171377044795048	-0.05475482120821251	0.05370361956983124	-0.05962044679752359	0.07299577726317484	-0.004100884584072267	-0.009141769954353597	0.04237090953431489	-0.030653071589975284	-0.03589710717984029	-0.023696976241585725	0.005988336443241293	0.027412484912024707	0.061139644800318145	0.014752441345939737	0.023509312464419393	0.006981219539018609	0.00899641634950431	0.02065685675601987	0.003732528359839334	-0.007669951025115094	-0.0028862683217886318	0.023455706817488497	0.011563245356561563	-0.019105013769706462	-0.013770112647163971	-0.02004246545123027	0.0016959816014995785	0.01343507564435036	0.0024877841367746717	-0.0027240970754985596	-0.011076959029608018	0.014924034704953308	-0.004434268736961867	0.02965670486114399	-0.004888557349309998	-0.011891907209258147	-0.019016404999294394	-0.0005397289979930973	-0.016581275140504656	0.002805694294367501	0.004465686434864368	0.007264937352931788	0.0363988275234999	-0.003282058358750892	0.007961526175722372	0.017510046210554766	-0.020050754276942306	-0.0006586512825754122	0.009039596544370823	0.029595819018515723	0.004567472202806084	-0.005610801061361052	-0.006406741952834082	0.01252486841936076	0.008756796972362473	0.018855182146993027	0.012219855604477775	0.00034599215753236746	-0.009765185618655305	0.003026087437352118	0.0018290357071497605	-0.0043720150270184464	0.009171964057872609	0.0015070119915123266	0.0005018283109960574	-0.004139033190452897	-0.005544860172689486	-0.001065091873478706	-0.004774592489786145	0.00603249143663723	0.004538883776508974	0.007291772898981979	-0.004786189836543917	0.009153633615305658	-0.0015836729614751722	-0.0020534432710055416	-0.003673350635186318	-0.0028360708646561826	-2.6655975356683706e-05	-0.002552874773133328	-0.0	0.0	0.0	0.0	0.0	0.0	0.0	0.0	0.0	0.0	0.0	0.0	0.0	0.0	0.0	0.0	0.0	0.0	0.0	0.0	0.0	0.0	0.0	0.0	0.0	0.0	0.0	0.0	0.0	0.0	0.0	0.0	0.0	0.0	0.0	0.0	0.0	0.0	0.0	0.0	0.0	0.0	0.0	0.0	0.0	0.0	0.0	0.0	0.0	0.0	0.0	0.0	0.0	0.0	0.0	0.0	0.0	0.0	0.0	0.0	0.0	0.0	0.0	0.0	0.0	0.0	0.0	0.0	0.0	0.0	0.0	0.0	0.0	0.0	0.0	0.0	0.0	0.0	0.0	0.0	0.0	0.0	0.0	0.0	0.0	0.0	0.0	0.0	0.0	0.0	0.0	0.0	0.0	0.0	0.0	0.0	0.0	0.0	0.0	0.0	0.0	0.0	0.0	0.0	0.0	0.0
S2017t3M_E19-T3a-Male	0.2596918153838448	0.07582096696110822	-0.1493642120460843	0.10534795518708842	0.1348235416013232	0.03321480442706213	0.0454357370576214	0.012760224585790412	0.0061609446458592955	-0.024275401105083305	-0.07105458476833401	-0.029436561029052507	0.02817011580200567	-0.05732590732520292	-0.03677221527576146	-0.00048027158770420014	-0.026941665176338225	-0.03428503143488991	-0.006158146382435412	-0.0228329278903805	0.019636625405425368	-0.02778614964740796	-0.07330607081021727	0.08302871000919983	-0.019881791774873144	-0.03576885461122809	-0.06643030402408129	-0.014752392716098612	0.0248274172693065	-0.014252085639231905	0.021052624392541772	-0.019199234053189202	-0.0792480103891813	0.040220943760387984	0.06225366471038362	-0.005016388118256381	-0.007022400127226896	0.022034477691083465	-0.046629867592539245	-0.060062352130985375	-0.015070092959287178	0.009527101507461975	0.01008149713510547	0.012596198416929315	0.01832551057993339	-0.012138350641989955	0.05831053837623001	0.039777979334068056	-0.007138143090272195	-0.058508462615695575	0.01114838848678002	0.014102630617850097	-0.012538800800015397	-0.02004352727017696	-0.03486880620610148	-0.023015207003368957	0.029792596692030143	0.003853110883960702	-0.017846420165675937	0.02791632875676957	0.011622906569798452	-0.02796763144467644	0.003319996987389122	-0.05653983724286319	0.032171428493543416	-0.00946893264967583	0.016504036423539373	0.0030956314354638795	0.0037718561345589864	-0.0155239362656883	-0.01135263459299562	0.015125011229349358	-0.006096144135446903	0.01917394018226218	-0.0007712864475245764	0.0009932385623856804	0.013472134965760833	-0.008228367801467852	-0.009107596519945579	-0.01375923543604918	-0.023622714132314978	-0.007035142554174945	0.024139473939394352	-0.002420063899738448	0.009492199871308496	-0.007949990319865395	-0.012196642432192803	0.00844158374242248	-0.006958841023555578	0.015335056086067835	-0.010936467892919209	0.009872096922353336	0.007835858464150258	-0.006195784202835844	0.0005092559637140794	-0.01881440109065228	-0.00414237023105238	-0.0035437030863887703	-0.01128759670181654	-0.005877406519950317	-0.0033117394507398965	0.004005926919372046	0.0025341589809844494	-0.000873907253801895	0.0014335924657782426	0.0020029335563854166	-0.0031721600264810828	-0.000842059860216686	-0.0	0.0	0.0	0.0	0.0	0.0	0.0	0.0	0.0	0.0	0.0	0.0	0.0	0.0	0.0	0.0	0.0	0.0	0.0	0.0	0.0	0.0	0.0	0.0	0.0	0.0	0.0	0.0	0.0	0.0	0.0	0.0	0.0	0.0	0.0	0.0	0.0	0.0	0.0	0.0	0.0	0.0	0.0	0.0	0.0	0.0	0.0	0.0	0.0	0.0	0.0	0.0	0.0	0.0	0.0	0.0	0.0	0.0	0.0	0.0	0.0	0.0	0.0	0.0	0.0	0.0	0.0	0.0	0.0	0.0	0.0	0.0	0.0	0.0	0.0	0.0	0.0	0.0	0.0	0.0	0.0	0.0	0.0	0.0	0.0	0.0	0.0	0.0	0.0	0.0	0.0	0.0	0.0	0.0	0.0	0.0	0.0	0.0	0.0	0.0	0.0	0.0	0.0	0.0	0.0	0.0
S2017t3M_E19-T3b-Male	0.11668141163984974	0.10356913862303811	-0.15000522945075168	0.060789698173160385	0.1262277453261874	-0.03048918714653742	0.11636155380513724	-0.002063824230743867	0.09839703175711156	-0.021447470002048524	-0.022084751355759682	-0.08117581594020562	0.02625921517898106	0.06086691898546234	-0.029357482465271638	-0.027883033985241314	0.009181243867010903	0.01160421916353467	0.035427795331475054	-0.011252413666971576	0.0047563837764546734	0.0017427249623773186	-0.0047995956875235045	0.07304680178150032	-0.022864206210064502	-0.03918972179839314	-0.007231836005344755	0.024606234537843354	-0.014402198944775103	0.0124932441026602	0.010518003127149402	0.028145256470797013	-0.036774892886840264	0.06405344510313794	-0.03541989022876904	-0.0275441525493052	-0.0023998357071045233	0.017132018024934612	-0.024323879185039428	0.028648701147890674	-0.014496968505164617	0.0073807830580786965	0.0357314631558501	-0.007771084590163867	0.011479921503182213	0.008728657745283587	-0.00865378403220738	0.02400086445262031	0.008156505570684628	-0.0050562493504186954	-0.0329529792915208	-0.02628026520190451	-0.006606394013464052	-0.00874924782819718	0.0075488472184748094	0.0040769485741160615	-0.012715131706940068	0.02030795900088086	0.009140757698939166	-0.009670881843181774	0.00045992392395189036	-0.00839938283081025	0.006874809025141429	-0.027190809423258005	0.010472082662440348	-0.0040892740223640355	0.006814463634585681	-0.010996549440436446	-0.004600374490229773	0.004343064539778506	0.0207273585527902	0.004949726281465728	0.008050164908034008	-0.01109623642375979	-0.01569100550344124	-0.01592614532759407	-0.004974098525553797	0.02322571412762969	0.005080735942909199	0.008351577551142292	0.0016668619050349204	-0.007053692131443614	0.008153484494508229	0.010853264493039333	-0.004762468506875607	0.010246646656017544	-0.0060327828610513565	0.012815546995310234	-0.004543782274263123	0.006738206814335676	0.00969112886056582	-0.0074417897857965475	0.008347566535318967	0.006798187017335796	-0.000950117212391527	0.012852114116869285	0.0040897593794896984	-0.00525958084699144	-0.00450939708177861	-0.012143233155550022	-0.00752830392583182	-0.004570178467845988	0.003316016152220937	-0.006552916947056031	0.0031634482602658654	0.002155158386953884	0.004007291930035283	-2.200097291360345e-06	-0.0	0.0	0.0	0.0	0.0	0.0	0.0	0.0	0.0	0.0	0.0	0.0	0.0	0.0	0.0	0.0	0.0	0.0	0.0	0.0	0.0	0.0	0.0	0.0	0.0	0.0	0.0	0.0	0.0	0.0	0.0	0.0	0.0	0.0	0.0	0.0	0.0	0.0	0.0	0.0	0.0	0.0	0.0	0.0	0.0	0.0	0.0	0.0	0.0	0.0	0.0	0.0	0.0	0.0	0.0	0.0	0.0	0.0	0.0	0.0	0.0	0.0	0.0	0.0	0.0	0.0	0.0	0.0	0.0	0.0	0.0	0.0	0.0	0.0	0.0	0.0	0.0	0.0	0.0	0.0	0.0	0.0	0.0	0.0	0.0	0.0	0.0	0.0	0.0	0.0	0.0	0.0	0.0	0.0	0.0	0.0	0.0	0.0	0.0	0.0	0.0	0.0	0.0	0.0	0.0	0.0
S2017t3M_E23-T3a-Male	0.02256074228972141	0.09763774606916982	-0.0724778779224643	0.11478669324503846	0.05110496786516178	-0.03431595796471334	-0.011268637180697464	-0.09240214404898961	-0.051930528281894	-0.007263381439789926	0.09653313408461879	0.028302548931062214	0.044041384781967584	0.09532142073249213	-0.010411293062215889	-0.08780917572833262	0.035032282189884335	-0.030289646079400448	-0.04153841845787644	-0.01702393903707579	0.0018976367362664684	0.05058718249644752	0.025039688962871974	-0.0155669008366337	0.015172495739095989	-0.0213340353994316	0.052786877935985854	-0.027992512497433487	0.04270297230959193	-0.06284352849760974	0.01689165714129403	-0.027468982260688102	0.005289569391721601	0.04349897659536045	0.02315735608815823	-0.02021485659816269	-0.039781048810343396	-0.007047463528104672	-0.03063212355289816	0.028051451259328265	-0.03613830091800626	0.014482316030080308	0.0026317736089019367	0.016264179373264947	0.0022432890857749703	0.023284455438207636	-0.047188148897061875	-0.016778772624389288	-0.007589945508806339	-0.015328860902090227	-0.020088182710763437	-0.001752825720976427	0.025900743210266405	0.04961839687274936	-0.010494007598490217	0.03024372618234366	-0.02339482463890931	-0.016725790966684372	-0.008800495492814855	0.024300162993508047	-0.0057755646983433774	0.0038037451124697985	-0.009741067724513722	-0.025240293323439272	-0.0008400918100583189	0.000331110487743068	-0.012199500983716418	-0.025831734372861567	-0.0038640444069643082	7.050790367215916e-05	0.019003713531806816	-0.008426947274973805	-0.004510590598541188	0.010897471412514303	0.009917418135746373	-0.01150864067435321	-0.006127856399101429	0.008183122156622135	-0.007874868241195324	-0.01266125037450476	-0.010779297907218224	0.005563433078913624	0.01548652764101702	-0.019285067563059283	0.009124649850921136	-0.014830038781057436	0.010119400496950901	0.0008421827623867143	-0.004793926792331998	-0.003516969031473688	0.01359952936130404	0.0032691596934203734	-0.016062531883419582	0.00034016145103433923	-0.0058839388143319005	-0.0023642222092344865	0.0007325606702229107	-0.012985953081119791	-0.009337212706920865	-0.003669561118795347	0.008599485488157607	0.0074720367645440735	-0.003014744199880233	0.0006775317845745253	-0.00035771870345731544	-0.00038898395386832	-0.004107406074424141	-0.003798374343278792	-0.0	0.0	0.0	0.0	0.0	0.0	0.0	0.0	0.0	0.0	0.0	0.0	0.0	0.0	0.0	0.0	0.0	0.0	0.0	0.0	0.0	0.0	0.0	0.0	0.0	0.0	0.0	0.0	0.0	0.0	0.0	0.0	0.0	0.0	0.0	0.0	0.0	0.0	0.0	0.0	0.0	0.0	0.0	0.0	0.0	0.0	0.0	0.0	0.0	0.0	0.0	0.0	0.0	0.0	0.0	0.0	0.0	0.0	0.0	0.0	0.0	0.0	0.0	0.0	0.0	0.0	0.0	0.0	0.0	0.0	0.0	0.0	0.0	0.0	0.0	0.0	0.0	0.0	0.0	0.0	0.0	0.0	0.0	0.0	0.0	0.0	0.0	0.0	0.0	0.0	0.0	0.0	0.0	0.0	0.0	0.0	0.0	0.0	0.0	0.0	0.0	0.0	0.0	0.0	0.0	0.0
S2017t3M_E23-T3b-Male	-0.007608555625927195	0.09852323166762764	-0.06261356854537375	0.09166311224641997	-0.038104983838042665	-0.0028668565494230466	-0.08320535902555529	-0.0519725914287417	0.023443494557727144	-0.05859118343870812	0.07389935297663112	0.011019917651351097	-0.04092345250979002	-0.015251597801450153	-0.0652040712061964	0.03984867536033347	0.028064988356184196	0.007041469384673556	0.06772195074229517	-0.037672914953726065	0.0828999483204267	0.04565463339705012	-0.08090584210972374	-0.05970832279778495	0.08167839393075857	0.0013109393408258533	0.013191886581371852	0.010325921441142907	0.007862396215152922	0.06915605883770022	-0.038859149663059936	-0.0050880496469834	-0.06113132121339808	0.00859759393744571	0.015483317164601109	-0.030574465582340477	-0.03832561434495966	0.028404700157311887	-0.011768083312091369	-0.004005841216569423	-0.03076390446997556	-0.007750461274813421	-0.015130721672456259	0.019306483481227866	0.03275313911480945	0.003990008575510614	0.01999903094476774	0.012367621559876139	-0.025726454766609924	0.017501880970318955	-0.015018914854000052	0.00948272732118487	0.005433716305041684	0.019407784113584587	0.00834414291451788	-0.018315510054981124	0.040518089527670685	-0.008459716789033756	-0.0017291745893386343	0.01686377612152516	-0.011620328280743553	-0.012824078870379277	0.005631707315916697	-0.014188054031943098	-0.028747484182724256	0.002756105237076608	-0.008304688412717353	0.02649747940424818	-0.017030154242996913	0.013344845493174995	0.006124737770988255	-0.0012560918104384277	0.023157616527308765	0.01667102076139226	-0.005042338642035885	-0.001090806580725004	0.009225540904215596	0.011219293590204201	-0.002185848561848462	-0.0074459899292113295	0.0046108845351759565	0.021845369425046515	0.02410244581377588	0.008902901772348851	-0.0011670691533898071	0.008778249113206403	-0.01545949403508691	-0.013924324225187825	0.00546023285905977	-0.00567951839221069	-0.0028350329812995064	0.00291948523136021	-0.006555428311874195	0.005166181117599308	-0.0019173112347384796	0.0015684268366704557	0.013340027336467117	0.008102285187200402	-0.004041636836965598	0.0036361634297656536	-0.00660054749266979	0.00019999162888241018	-0.0033287929694413186	0.00769854052985754	-0.0013900716874323282	0.0038360989785649452	0.000476777183874139	0.0007972891068690458	-0.0	0.0	0.0	0.0	0.0	0.0	0.0	0.0	0.0	0.0	0.0	0.0	0.0	0.0	0.0	0.0	0.0	0.0	0.0	0.0	0.0	0.0	0.0	0.0	0.0	0.0	0.0	0.0	0.0	0.0	0.0	0.0	0.0	0.0	0.0	0.0	0.0	0.0	0.0	0.0	0.0	0.0	0.0	0.0	0.0	0.0	0.0	0.0	0.0	0.0	0.0	0.0	0.0	0.0	0.0	0.0	0.0	0.0	0.0	0.0	0.0	0.0	0.0	0.0	0.0	0.0	0.0	0.0	0.0	0.0	0.0	0.0	0.0	0.0	0.0	0.0	0.0	0.0	0.0	0.0	0.0	0.0	0.0	0.0	0.0	0.0	0.0	0.0	0.0	0.0	0.0	0.0	0.0	0.0	0.0	0.0	0.0	0.0	0.0	0.0	0.0	0.0	0.0	0.0	0.0	0.0
S2017t3M_E30-T3a-Male	0.02664220769051848	0.1508660349033139	-0.11930546900896628	-0.0072724493413870725	0.0709535116739145	0.09943403951384161	-0.1666066588854389	0.055537598334567125	-0.0170454592587456	0.016743977053805762	0.03855184532110333	-0.02192882452911437	-0.05714996774141642	-0.029474253276742454	0.0262166088281408	-0.02112189911820581	-0.0136074915317812	-0.07822271839128693	0.0034469957155801945	-0.0009639401525324478	-0.024520121583163815	0.04708561517184904	-0.0375654572679645	-0.028876978002715912	0.028136476089978376	0.0355281919312764	0.06687638539403845	-0.020697190583574616	0.011437580054929779	0.006597128786497278	3.587848673830271e-05	-0.025953851630330732	0.02604927274465254	0.00767425633621335	0.011843377264828764	-0.0017209964293028507	0.014980898174673926	-0.030267203439630394	0.05192347142300887	-0.023487391018599434	0.012890537663656255	-0.018506279388137915	0.017873911569346857	0.01473463096043642	0.02260639784912241	0.03344688239938507	-0.05617795779441307	0.006001532796330053	-0.007136790538500441	-0.01398738499840613	-0.006805794685943613	0.028250127547857936	0.025128355201739474	-0.030209420645135113	-0.01520501705522567	0.005568910757966696	0.004126728791689541	0.0315154548695835	-0.000988231015852162	-0.0035887283682102715	-0.022767196393742382	-0.004878364845771582	-0.007719556710842438	-0.008524926148200475	-0.028397592577392397	-0.014625805415854062	0.002097318873339412	-0.01194963777725002	0.006418780590357689	-0.0036566925096977866	-0.0010372190722743855	-0.002994037315194948	-0.01295083844328635	0.012265405458623629	-0.008003898859256694	-0.012377394360995605	-0.005138496830862371	0.011982267025136287	0.0061077519698283745	0.007272200050425528	0.007383837252148505	-0.008643056430164157	-0.016978761150444104	0.008363890649325358	0.001893636689497581	-0.003827024672400276	-0.006036454156657401	-0.0009252660500011384	0.0026539850680206943	-0.01571906112072572	-0.012392900533818803	-0.0040510428773416615	-0.013477040674105094	-0.009097653471246433	0.013232034605566316	0.0033724265373106946	4.405391276517231e-05	-0.0018940974327761103	-0.00896684415506244	-0.001456115144123159	-0.0029032763946759952	-0.0008268435829008023	-0.0035622943052691985	-0.0029005327300755204	0.008989315063140133	0.0036129631569635735	0.0021083944429642243	-0.0011255121982662337	-0.0	0.0	0.0	0.0	0.0	0.0	0.0	0.0	0.0	0.0	0.0	0.0	0.0	0.0	0.0	0.0	0.0	0.0	0.0	0.0	0.0	0.0	0.0	0.0	0.0	0.0	0.0	0.0	0.0	0.0	0.0	0.0	0.0	0.0	0.0	0.0	0.0	0.0	0.0	0.0	0.0	0.0	0.0	0.0	0.0	0.0	0.0	0.0	0.0	0.0	0.0	0.0	0.0	0.0	0.0	0.0	0.0	0.0	0.0	0.0	0.0	0.0	0.0	0.0	0.0	0.0	0.0	0.0	0.0	0.0	0.0	0.0	0.0	0.0	0.0	0.0	0.0	0.0	0.0	0.0	0.0	0.0	0.0	0.0	0.0	0.0	0.0	0.0	0.0	0.0	0.0	0.0	0.0	0.0	0.0	0.0	0.0	0.0	0.0	0.0	0.0	0.0	0.0	0.0	0.0	0.0
S3-female-1	-0.19112501612762733	-0.07454853486924967	0.10492651474850494	0.28599168168651146	-0.02987465221336132	0.028346100369525555	-0.02073902403927938	-0.01623663286763929	0.0187049855112744	0.08777822732036306	-0.14215035196669024	0.15566172311383294	0.03668776658778574	-0.03183114209399154	-0.05166094813031129	-0.005922039338080731	0.014830762866720606	0.06601537620656822	-0.07884193192176972	-0.020224943519854637	0.03547368894501906	-0.03547623241599385	-0.02009226119526125	0.03504790811270304	0.05659248935782119	0.009761252159545547	0.029547128213492663	0.15706743363456513	-0.017561905163184347	0.01044902978771786	-0.13090981303957683	-0.07700627769074253	-0.07430029119905907	0.04281783296795086	-0.12366023061743389	0.06958914403989479	-0.04454664457366863	-0.015616756902292772	0.02182962299354183	0.0071239460816085445	-0.02071559867066114	0.05124658088785584	-0.007793856883845025	0.007605169168511819	0.05508924746203242	0.009757184012526334	-0.0324737113045878	-0.04990818215430703	0.014320303560165386	-0.021203935118839095	0.005944802228273123	0.036847159227460055	0.008281499471365741	0.0077223906949533665	-0.021507542351897672	0.03219213657493336	-0.0040697477940058804	-0.02543797107710496	0.002085049652092297	0.011147676376528219	0.04843065670340552	-0.013485194192900226	-0.041029271308195225	-0.011774972036685118	0.030618439755189325	-0.001587803252797055	-0.008844978769756076	-0.03205506335109869	0.0006246674573076696	-0.0016626290820709493	0.026667777381369186	0.00025656996785530827	-0.0018248061708681506	-0.0031898799434017765	0.013668599638133539	0.0024613182043044606	0.008673147469810131	0.00048553822815358607	-0.002730093533430487	0.01554321133843318	0.006975358311550452	0.022092537979660862	-0.01882284661168517	0.014138597723537998	-0.030737139253445542	0.01571416792038144	-0.00861783479308447	-0.006135902272856395	-0.007415156786812879	-0.004690372845346073	-0.012041208608527927	-0.007815830546836744	0.009992171875431924	-0.003552785539082551	-0.006348120028678886	-0.002906366639653663	-0.006901249481764541	-0.004377492990707818	-0.0010781789149763852	0.0011313755957022653	0.0015459282040111105	0.004552169877074159	0.0010833255833982319	0.0019041182345001064	0.004611197351373894	-0.0007478738058831526	0.0016973784044189253	-0.0010876854518876388	-0.0	0.0	0.0	0.0	0.0	0.0	0.0	0.0	0.0	0.0	0.0	0.0	0.0	0.0	0.0	0.0	0.0	0.0	0.0	0.0	0.0	0.0	0.0	0.0	0.0	0.0	0.0	0.0	0.0	0.0	0.0	0.0	0.0	0.0	0.0	0.0	0.0	0.0	0.0	0.0	0.0	0.0	0.0	0.0	0.0	0.0	0.0	0.0	0.0	0.0	0.0	0.0	0.0	0.0	0.0	0.0	0.0	0.0	0.0	0.0	0.0	0.0	0.0	0.0	0.0	0.0	0.0	0.0	0.0	0.0	0.0	0.0	0.0	0.0	0.0	0.0	0.0	0.0	0.0	0.0	0.0	0.0	0.0	0.0	0.0	0.0	0.0	0.0	0.0	0.0	0.0	0.0	0.0	0.0	0.0	0.0	0.0	0.0	0.0	0.0	0.0	0.0	0.0	0.0	0.0	0.0
S3-female-3	-0.22844769776103965	-0.07527428677509221	0.07658277880186996	0.03254913297531903	0.03311319039960648	0.07746494811107874	0.0774178286770889	0.12262312911310304	0.09393545062808123	0.03530418168375192	0.05519659668106928	-0.020665256670823435	0.08551650851816033	-0.076658146449568	-0.012005218205101665	-0.03451795303288345	0.11807179343167849	-0.060630494198450416	0.023381109024069556	-0.03529828415246758	-0.006526435283840514	-0.06289104861936792	0.04470172438688228	0.059759064872560656	-0.058686547418229755	0.0019261467404817151	0.019966153958708092	0.02278323888910499	0.017176270026033873	-0.004331456614029801	-0.0766913675844254	-0.027329839249842974	0.039994747945006515	-0.01502165404950477	0.0011565296761368738	-0.05029623578776948	-0.013327868268522577	-0.04860251806177597	0.004387849445273375	0.024053552542489826	-0.02436793573503362	0.050996379633762474	-0.014560367453998226	0.03349259337142066	0.024131178222011416	-0.00989421049029037	-0.0031797581766123146	0.012705491302277466	0.011206119727456722	0.024400475970655144	0.0073388926129109334	0.027001128624856846	-0.005325392562079253	0.004467739403709216	0.01912104748607453	0.027395521241445175	0.004954447775961593	0.019285607524687436	0.017148437878373196	-0.006255132094249562	-0.0035385814631694705	-0.0035198935940772115	-0.010716375323895222	0.02303739959870729	0.006271469303565042	-0.021704172019699555	0.020552997843704568	-0.016812883073049758	-0.009010672587235306	0.010698667576852894	-0.0038929037737729425	0.03026800079298471	-0.01104942720870652	0.005221731652557391	0.003097146669617411	0.02652733497453722	0.0017347631506184963	-0.0028306261461787077	0.02036323506084583	-0.00042285736590657127	0.009314610119897137	0.0037182995773644557	0.012791661276437358	0.010365237072765094	0.007654480660786047	0.011481694101782697	0.0013025133805796964	-0.010199363024419497	0.0005983224010716739	-0.002438343846945867	0.0007215503231414828	-0.020484350824037784	0.01055994630324631	-0.014539961409896381	-0.009765322927640867	0.004233868475258024	-0.010760345263524032	0.0017271648021607786	-0.0055685010118738726	0.0012459718473315522	-0.0001323842109424031	0.0017253861434274643	-0.003293694862277831	0.0006077724309370638	-0.007221895439438201	-0.000103965782829848	0.0018633279344766908	-0.0005373156682827121	-0.0	0.0	0.0	0.0	0.0	0.0	0.0	0.0	0.0	0.0	0.0	0.0	0.0	0.0	0.0	0.0	0.0	0.0	0.0	0.0	0.0	0.0	0.0	0.0	0.0	0.0	0.0	0.0	0.0	0.0	0.0	0.0	0.0	0.0	0.0	0.0	0.0	0.0	0.0	0.0	0.0	0.0	0.0	0.0	0.0	0.0	0.0	0.0	0.0	0.0	0.0	0.0	0.0	0.0	0.0	0.0	0.0	0.0	0.0	0.0	0.0	0.0	0.0	0.0	0.0	0.0	0.0	0.0	0.0	0.0	0.0	0.0	0.0	0.0	0.0	0.0	0.0	0.0	0.0	0.0	0.0	0.0	0.0	0.0	0.0	0.0	0.0	0.0	0.0	0.0	0.0	0.0	0.0	0.0	0.0	0.0	0.0	0.0	0.0	0.0	0.0	0.0	0.0	0.0	0.0	0.0
S3-male-1	-0.08514598316295044	-0.05719551831813386	0.0467958904852474	0.15044105981989908	-0.039422965232599534	-0.02369406907098409	0.018846421487889106	0.06421940492324568	-0.005149615226986917	-0.0129587121736095	0.02471874163742748	-0.061038269348693525	-0.0489768985686752	0.028801697228583965	-0.026171292481316225	0.02148879530783558	-0.033554873144477006	-0.06359615161653336	0.03675557120747949	0.06686770242096468	-0.041881443255738414	-0.04758741129908533	-0.003278745110389444	-0.08037382815196326	0.05773876266383807	-0.05611661789086718	0.13548796790123846	-0.034179361088849405	0.007112561906251861	0.11576480518919166	0.04815202429188151	-0.0015405127630594728	-0.048530280905959546	-0.00495614975211413	0.024391726732516925	0.07582361804548153	-0.07269032331875559	0.03707340699388335	0.03001439467610619	0.01782943781700783	0.011588440266315997	-0.04849656139968156	0.038259691886313146	-0.03533465230401662	0.003885172978911358	0.023993089633670226	0.014053726543239877	-0.058689128374314586	-0.06275227501548593	-0.012121571109743198	0.030942580380044316	-0.08362379429010926	-0.04022294397512174	0.05941162228347846	-0.005395025409541911	0.002559063882879322	0.022381525401853373	0.022945870124196237	-0.01216767741128941	-0.01565548462084991	0.0033406324261790496	-0.0038033360983904074	0.005680854507785579	-0.04496245287064816	-0.02519214473701882	-0.0307798628873958	-0.0010505611108139756	-0.012378598971879104	-0.0005869019353468858	0.012950253774806233	-0.03064940935894641	-0.0052919778082342085	-0.007448834288850167	0.00839663414598962	-0.020592903811755173	0.008306916217513494	0.008540373535254537	-0.02298042747401086	-0.010043831176898279	-0.023576879183490225	0.006773875285233044	-0.02250982566645082	-0.009579076411973133	0.004165733530799647	-0.015110914802752035	0.015861331137271718	0.012986543951162272	-0.0042910387858701455	0.009268170098107553	0.0012848364476442473	-0.016827411112775435	-0.01065629260000187	0.0169970936117023	-0.00614247043267323	-0.002019680721768296	0.006105452994783099	-0.016167681033858867	-0.01020927131431932	-0.004707748106379868	0.0005464614472542727	-0.001858448592031944	-0.0014857624555248254	-0.0010503776567087895	-0.0038621945492068755	-0.007818210636072674	-0.0018677677169975705	0.0011692595847563835	0.002381280414327233	-0.0	0.0	0.0	0.0	0.0	0.0	0.0	0.0	0.0	0.0	0.0	0.0	0.0	0.0	0.0	0.0	0.0	0.0	0.0	0.0	0.0	0.0	0.0	0.0	0.0	0.0	0.0	0.0	0.0	0.0	0.0	0.0	0.0	0.0	0.0	0.0	0.0	0.0	0.0	0.0	0.0	0.0	0.0	0.0	0.0	0.0	0.0	0.0	0.0	0.0	0.0	0.0	0.0	0.0	0.0	0.0	0.0	0.0	0.0	0.0	0.0	0.0	0.0	0.0	0.0	0.0	0.0	0.0	0.0	0.0	0.0	0.0	0.0	0.0	0.0	0.0	0.0	0.0	0.0	0.0	0.0	0.0	0.0	0.0	0.0	0.0	0.0	0.0	0.0	0.0	0.0	0.0	0.0	0.0	0.0	0.0	0.0	0.0	0.0	0.0	0.0	0.0	0.0	0.0	0.0	0.0
S3-male-2	-0.029395769224171583	-9.680702357132113e-05	0.062103386749488676	0.019928277231438092	-0.15381511630626146	0.02434947855469368	0.15995694035879393	0.02322849976505726	-0.04776492222958683	-0.0791687821909899	0.0037198999774941425	0.042756994357505636	-0.05798003094553533	-0.0770462445540199	-0.020919362336204228	0.009726399999197364	-0.09449456426729254	0.07366527770937704	0.030504426312179412	0.04077190735240451	0.04103947284845102	0.04300840341773819	0.05134438281277401	0.032130415110981705	-0.03092689347073085	0.0439325126152345	-0.02412887510142936	0.030703774949594222	-0.013420387105581714	-0.008787106336079193	0.039825996408968944	0.023889814418933095	-0.046851261308371	0.019222154990895367	0.04090455642727128	-0.047941901413246536	0.021829629295051806	-0.019515635123813237	0.028100305247775924	0.008787226200975513	-0.05791671650391817	0.014149937029779347	0.07550404903446227	-0.03778905472254442	0.03988057528772187	0.05079725847297751	-0.02318066422936345	-0.0322886700304295	-0.0550298377316427	0.0044289771083536045	-0.029230481865536995	0.019877185501216667	0.021907948330755374	0.0017702964524921104	0.006209581166333612	-0.009139465665649346	-0.007475124279683444	-0.015604222874659091	0.05467129480908547	-0.03286358498909752	-0.012135800097130311	0.007689494527521436	0.02920563219218434	0.007679484878000974	-0.02304554886787975	0.011263320132350232	0.027844380442839507	-0.016701023371692412	-0.01724068469991835	0.03747989589905083	-0.03158908009762966	0.008892842630571933	0.002837151701152548	0.028888449935940926	-0.008235651956441447	0.013227914189024895	-0.015278493007786914	0.015790990715143453	0.01357703443088835	0.022262305763261048	-0.005838497244930391	-0.009757016284725913	0.0007651592336684614	-0.02295263825541809	0.017317185762952794	0.0021107042412687456	-0.006808421677639562	-0.008196104476866677	0.0162116446812201	0.01847824999581781	-0.008580118631588373	-0.027190732946389014	0.00011216442418464224	-0.016894697787141786	-0.00870282135828705	-0.00899163014999704	0.0003284449961400294	-0.004164667961776052	-0.002359207887964113	0.0063954848414252965	0.009233681726643222	-0.006880030899737166	0.0005184476977621057	-0.002314089974482581	0.004565870163015391	-0.0003011621550661505	0.002108469841918876	-0.002014395593047122	-0.0	0.0	0.0	0.0	0.0	0.0	0.0	0.0	0.0	0.0	0.0	0.0	0.0	0.0	0.0	0.0	0.0	0.0	0.0	0.0	0.0	0.0	0.0	0.0	0.0	0.0	0.0	0.0	0.0	0.0	0.0	0.0	0.0	0.0	0.0	0.0	0.0	0.0	0.0	0.0	0.0	0.0	0.0	0.0	0.0	0.0	0.0	0.0	0.0	0.0	0.0	0.0	0.0	0.0	0.0	0.0	0.0	0.0	0.0	0.0	0.0	0.0	0.0	0.0	0.0	0.0	0.0	0.0	0.0	0.0	0.0	0.0	0.0	0.0	0.0	0.0	0.0	0.0	0.0	0.0	0.0	0.0	0.0	0.0	0.0	0.0	0.0	0.0	0.0	0.0	0.0	0.0	0.0	0.0	0.0	0.0	0.0	0.0	0.0	0.0	0.0	0.0	0.0	0.0	0.0	0.0
S3-male-3	-0.1604089593970585	-0.17278015823399448	0.10019202936109958	0.10135063341579013	0.054141277943545944	0.13504396756815903	0.06991770129963254	0.027235736426520635	0.1399635728743838	0.02653400186783005	0.008052108504687024	0.037428131003452624	0.13742324135390335	-0.15247566025880183	0.028316099452751254	0.018932519770694746	0.12302296910326589	-0.07802709010788442	0.010851009570132401	0.0012652597309354208	-0.012460416138879162	-0.04783198442098695	-0.01080265222743122	-0.05495277849547019	-0.06361515707206329	0.011764640863048681	-0.04474593497978994	-7.611644809275037e-05	0.014644673756887315	-0.03632197703914925	-0.03845635296925737	-0.12490564479874712	-0.03778482189771702	0.08173101772242719	0.11244459576837317	-0.05507056783981934	-0.018703484953857364	0.018441586302394748	0.0028079143521944983	-0.047165570607321246	0.08191596578213987	-0.05077993292647828	0.037636942441025535	-0.05873364309524822	-0.00780087517664638	-0.008137972828751202	0.011734067642134985	-0.03353960170237627	-0.08107693576774688	-0.047838153602854865	0.0020937203428777786	-0.011187702707058595	-0.022519576197517505	-0.030903781478065172	0.045615436495689575	-0.008374626412099509	-0.05560012383740548	-0.035509510610825024	0.0017368534392383423	-0.0037549459345258894	-0.022032129953376937	0.011238021793989323	-0.0070745895802344725	0.0094352469666546	0.008520274343372046	-0.03350701821123236	-0.018462096478942775	0.021430773249601767	-0.02085300200178008	-0.031016492772726504	0.02842206674897187	-0.017928838161875685	0.00421270869766316	-0.01794269285069538	0.021769979242122383	0.019753496082371712	0.007327140404702534	0.02779248785405505	0.0003396640096670783	-0.002685833584543062	-0.013513869798298956	-0.022452623738164132	-0.01362945924904917	-0.001929835359495522	-0.0024239532614737055	-0.005205531621944743	-0.017733140588859043	-0.00204042163913239	0.008492225562988778	-0.0022032874011937414	-0.0035481893327987952	0.004668445948898389	-0.009556039861246392	0.011658004306708318	-0.004811306361269237	-0.005891701131086413	0.001288648698164646	-0.0047773505826778605	0.00654311126727255	-0.0013044094444156075	0.005309027915180135	-0.0013869615384895563	0.0016578052380561126	-0.0017535882139299564	-0.001888857600139096	0.0006264420313784537	0.0022162437664552197	0.0015510596749917966	-0.0	0.0	0.0	0.0	0.0	0.0	0.0	0.0	0.0	0.0	0.0	0.0	0.0	0.0	0.0	0.0	0.0	0.0	0.0	0.0	0.0	0.0	0.0	0.0	0.0	0.0	0.0	0.0	0.0	0.0	0.0	0.0	0.0	0.0	0.0	0.0	0.0	0.0	0.0	0.0	0.0	0.0	0.0	0.0	0.0	0.0	0.0	0.0	0.0	0.0	0.0	0.0	0.0	0.0	0.0	0.0	0.0	0.0	0.0	0.0	0.0	0.0	0.0	0.0	0.0	0.0	0.0	0.0	0.0	0.0	0.0	0.0	0.0	0.0	0.0	0.0	0.0	0.0	0.0	0.0	0.0	0.0	0.0	0.0	0.0	0.0	0.0	0.0	0.0	0.0	0.0	0.0	0.0	0.0	0.0	0.0	0.0	0.0	0.0	0.0	0.0	0.0	0.0	0.0	0.0	0.0
S4-female-1	-0.21642125978834356	-0.01939335289946247	0.06719460021448616	0.15300540564579476	-0.005544773334233486	-0.011822841379163446	-0.03241033658456385	0.05384321838202117	0.040043396549866155	-0.13195479294451773	-0.13421595502172534	0.07282761450805078	-0.08412379081414331	0.011855062371849696	0.05394697607964341	0.0038426625398657816	-0.018730212243491542	0.06289016057243604	-0.08237724927458129	0.0005394019339715326	0.07953787958834926	0.07963625577494877	-0.03422525048323332	0.004563213633972692	0.022450755450374876	0.021893850127358862	0.057842552335124454	-0.011987711661632676	0.017688276554478292	-0.020456677309024486	0.044839797726448895	0.03990255938840815	0.04633953008270033	-0.029120932144888263	0.0624687695133324	-0.033125317685703794	0.017369052979948393	-0.02134271041918605	-0.008470322675417094	0.0013125685141771614	-0.0327858111157196	-0.032613213978341216	0.032638953744714566	0.029295529501207507	-0.006563003944437451	0.025532215894774522	0.02833512669759854	-0.005564995116068578	0.0011010391795074443	0.013627115878424308	-0.027146042751170014	-0.03939411830945462	0.031211034227905568	-0.023662019150966735	0.015906097386567973	0.006487224789666376	0.012283126789913433	-0.01506396111640808	-0.007717203460842734	-0.00544180595253209	0.011890388097260637	-0.013887619146547337	-0.027881821877449458	0.008309273485793002	-0.006120279889790639	-0.01071660581602844	0.028714312496699562	0.012493566393667988	-0.007437777873320581	0.01110426565505895	0.028640446662192412	0.004594686751104655	0.0005908557725498597	-0.011796908475519001	0.005662536164778025	-0.004179172296748797	0.0014364001428642493	-0.00444940048228743	0.020558317376363607	-0.011666448995152122	-0.008204295780717265	0.012040654064464572	-0.01989406258372808	-0.001392098673573412	-0.004823153136375207	0.005566423610203964	2.619863608572674e-05	-0.006832552662037153	-0.0014212673047713335	-0.0036240314160519366	-0.014057537912555845	0.0007264178300857446	0.0037629735103738267	0.0043223535032395335	0.004371110070140289	-0.014654120615090329	-0.012758039776165889	0.0035376524594643495	0.006142629425884117	-0.0036797327618759315	-0.005885332833202391	-0.00229040536347632	-0.0022383457051187144	0.0007566225032237691	-0.0015247513285441502	-0.0016277887627179103	-0.0006133001361979155	-0.0008841005799008078	-0.0	0.0	0.0	0.0	0.0	0.0	0.0	0.0	0.0	0.0	0.0	0.0	0.0	0.0	0.0	0.0	0.0	0.0	0.0	0.0	0.0	0.0	0.0	0.0	0.0	0.0	0.0	0.0	0.0	0.0	0.0	0.0	0.0	0.0	0.0	0.0	0.0	0.0	0.0	0.0	0.0	0.0	0.0	0.0	0.0	0.0	0.0	0.0	0.0	0.0	0.0	0.0	0.0	0.0	0.0	0.0	0.0	0.0	0.0	0.0	0.0	0.0	0.0	0.0	0.0	0.0	0.0	0.0	0.0	0.0	0.0	0.0	0.0	0.0	0.0	0.0	0.0	0.0	0.0	0.0	0.0	0.0	0.0	0.0	0.0	0.0	0.0	0.0	0.0	0.0	0.0	0.0	0.0	0.0	0.0	0.0	0.0	0.0	0.0	0.0	0.0	0.0	0.0	0.0	0.0	0.0
S4-female-3	0.06867309723326642	-0.21128159627174584	0.04309388600495925	0.21666144535635354	0.011736182984229411	0.08289313244985469	0.02555404524925724	0.08781196620327514	0.1744641964299992	0.13011467905835772	0.0011762051107232546	0.2003580285445484	0.2673270035859734	-0.15425072249108013	-0.06913905409501224	0.010337038290994123	0.0625556658135737	-0.09302598997340358	-0.008982877038468196	0.05670459081975652	-0.13968185487353413	0.12982743357918977	0.09781008594413657	-0.06046949983569379	0.1093267056954723	0.08373591835360927	-0.08702154595804573	-0.07707202929536701	-0.05303339023926271	0.10051400445331975	0.18938393278051874	0.11910967083567751	-0.013934755982057791	0.0018779921253210484	-0.04925631690948015	-0.02685814266769018	0.014393493084317914	0.046664416726628744	0.007772747296178459	-0.005763589764786822	0.009293734113524606	0.03460624523032291	-0.023622668101215865	0.06048547466400454	-0.02285696461473041	0.03496736814075226	-0.012571468965022332	0.0007828259203050533	0.003656567359275205	0.012617978114930239	-0.010068201140784182	0.003809597890282321	0.017172798477971696	0.004029499502864054	0.0023657085071056207	0.012582632371531711	0.007919201644612689	-0.0034559459992381273	-0.0021291699266488048	-0.0026413126441730793	0.008440459500177936	5.03381096368268e-05	-0.01341779987312473	-0.005041787341425068	0.02185526532255149	0.01473895083726833	-0.001415417212915099	0.0027738669139655034	0.001470763619023684	-0.003174487909992557	-0.007373517595127116	0.011303767775114985	0.0013139036997889635	0.01244277893729356	-0.0012531561976755292	-0.011037051571665662	-0.003158025354799961	-0.0074822143184759575	-0.0020119980738445543	0.0039003427332443695	0.0009589388820762663	0.00532788772187993	0.0007210627108789245	6.494506356402975e-05	-0.003923152043049512	0.001592673009165012	-0.003369741169146693	0.0006104730591569999	-0.0015822420305335095	-0.001757989016962183	-5.349563740306218e-05	0.003403589522094614	-0.0012130459885431083	0.0018851295528943895	0.0019845054160877763	0.002241622800761732	0.0006958268340310482	-0.0012004375531092762	0.0005243840259290262	0.0015808674201182758	-0.0011508920979548113	0.00015851527157306414	0.0003982435143175071	0.0003396461829503565	0.0011887360360275936	0.00036216332382411497	1.3009588329663623e-05	-0.0002980276438650095	-0.0	0.0	0.0	0.0	0.0	0.0	0.0	0.0	0.0	0.0	0.0	0.0	0.0	0.0	0.0	0.0	0.0	0.0	0.0	0.0	0.0	0.0	0.0	0.0	0.0	0.0	0.0	0.0	0.0	0.0	0.0	0.0	0.0	0.0	0.0	0.0	0.0	0.0	0.0	0.0	0.0	0.0	0.0	0.0	0.0	0.0	0.0	0.0	0.0	0.0	0.0	0.0	0.0	0.0	0.0	0.0	0.0	0.0	0.0	0.0	0.0	0.0	0.0	0.0	0.0	0.0	0.0	0.0	0.0	0.0	0.0	0.0	0.0	0.0	0.0	0.0	0.0	0.0	0.0	0.0	0.0	0.0	0.0	0.0	0.0	0.0	0.0	0.0	0.0	0.0	0.0	0.0	0.0	0.0	0.0	0.0	0.0	0.0	0.0	0.0	0.0	0.0	0.0	0.0	0.0	0.0
S4-male-1	-0.05675464493927705	-0.038070657501787626	0.048278185130047724	0.10744134728428612	0.04721301918237955	-0.1075613347335182	-0.05515198332003663	0.021703539441577942	-0.03383794360320141	0.04890634288447083	-0.0591267357405569	0.05947329926978383	-0.05776751390114888	0.07070362299635971	-0.070141295429304	0.05540934152644962	-0.04400119514753224	-0.0026914279006790844	0.07069649780597219	0.12864438465305714	-0.006964851610084045	0.0370980603461416	-0.0030329811716917087	-0.060611351263461635	-0.06972403765152896	0.04180430780226667	-0.006606295453422278	-0.004153776837916265	0.06833048948040224	0.045870987730401144	0.010553742628298628	0.0041809140710879055	0.06658112711609973	0.0018482029219879562	-0.015683974974155763	-0.010847817579036868	-0.024481388090939242	0.029184057367013093	-0.07045496152237761	-0.03733835289487443	-0.04431726057039072	0.008061947372397607	0.060264979996627235	-0.06981039599742467	-0.003750604646882923	0.04182355771613474	0.04277327287514409	0.030470903199905138	-0.04479445241153641	0.01297731599523311	0.0177839239049637	0.06005165705794945	-0.02159142755119574	-0.0011877490513996503	-0.029064127888158247	-0.018270217914211864	-0.007812329494027063	-0.0052730182505177844	-0.036418138474662846	0.029147047960705903	0.048684470657414554	0.004053830428504637	-0.009239139551525319	0.04149607223206819	0.0034923487930072503	-0.014684115686853873	-0.004203246769255049	-0.005355719777753771	-0.0045516584289432786	-0.016753446144245506	0.026922787573589454	0.033718778878989976	-0.0003042065433170778	-0.032821181723064814	0.01501765533926447	0.007124928085169052	-0.011670540022861086	-0.004548936669737538	0.015535239121362133	-0.005627628948116684	0.01251680922737532	-0.0006352715491792823	0.03668646995319172	-0.007992420583261113	0.00033469086989385834	-0.014886502983866328	0.011084493196469192	-0.01766486669410572	-0.005546494598752224	-0.024591786881860984	-0.008539953328726676	-0.011085248612607554	-0.012570197052858487	-0.0016440026488749972	-0.0025128864259355787	0.008367773619734318	-0.0009360160385313811	0.007139364774326489	-0.0030641386981988517	0.005190758746510306	-0.001348802203325446	0.003832677474493941	0.0009618757351173604	-0.009967185423777261	0.0024186265485056737	-0.0008662326948261749	-0.0004327898115844062	-0.0009135819687657385	-0.0	0.0	0.0	0.0	0.0	0.0	0.0	0.0	0.0	0.0	0.0	0.0	0.0	0.0	0.0	0.0	0.0	0.0	0.0	0.0	0.0	0.0	0.0	0.0	0.0	0.0	0.0	0.0	0.0	0.0	0.0	0.0	0.0	0.0	0.0	0.0	0.0	0.0	0.0	0.0	0.0	0.0	0.0	0.0	0.0	0.0	0.0	0.0	0.0	0.0	0.0	0.0	0.0	0.0	0.0	0.0	0.0	0.0	0.0	0.0	0.0	0.0	0.0	0.0	0.0	0.0	0.0	0.0	0.0	0.0	0.0	0.0	0.0	0.0	0.0	0.0	0.0	0.0	0.0	0.0	0.0	0.0	0.0	0.0	0.0	0.0	0.0	0.0	0.0	0.0	0.0	0.0	0.0	0.0	0.0	0.0	0.0	0.0	0.0	0.0	0.0	0.0	0.0	0.0	0.0	0.0
S4-male-2	-0.1912780235941212	-0.09666175458433313	0.10102590831548394	0.22186065965286003	0.0003401566116106812	0.06568972842631969	0.05034495415602856	0.03301948929424085	0.03585357773559277	0.08367285939715201	-0.07917628319624315	0.10127584659674517	-0.03140276361288887	-0.09119676405058545	0.05886446219377188	-0.02316874283427926	0.06338441191769602	-0.032594427470716704	-0.024164547605704058	-0.01843620379426366	-0.00019987326165755165	-0.023251961724481362	-0.019363177263591477	-0.055183860443468145	-0.03607178327028797	0.05872885180002264	0.06380447338823957	-0.03169477664799678	0.018558791553818968	-0.05050119053018076	-0.026514946625926454	-0.04432153693883737	0.040164325932335605	0.03047531010953695	0.09219279801131651	-0.0002852974955083201	0.01049742683111126	-0.02708387418055708	-0.011512173072678255	-0.04186046168713	0.035784253501846955	-0.015969191742461364	-0.0028634446307566922	-0.058907144046795604	-0.01579507617178254	-0.00573921310684242	0.01803002604174847	0.03345383212068863	0.017605529373417996	0.028070661789803227	-0.011259933947391521	-0.025288159744130945	-0.009461835571417694	0.023217944143604313	-0.029353959291549454	0.004076091209977732	-0.012753095921054428	0.020895031501790597	0.024941969288865877	-0.01756044452063136	-0.047560617787989895	0.02067889541023544	0.05233667619472135	-0.018079467921086834	-0.005374596178657651	0.030681751331390457	-0.0072227191268496495	0.014462675612338044	0.010161457497261949	0.04232315278437832	0.011090313452658583	-0.03153745774649437	0.02814864284070912	-0.02910016966690164	-0.027223685701326838	-0.054522184260180476	0.0010197610814400248	-0.019608824008333883	-0.02176163182795866	0.016973802095877746	0.022170994063611543	0.026751813820659984	-0.0026186555140710406	-0.010333082682471547	-0.006535809700812773	0.003898071071399618	0.01101927681115454	0.003436766915936969	-0.013360834848270891	-0.0026124772861636308	0.002773797485359331	-0.010670812673239601	0.013576286901917483	-0.010396651236935452	-0.0008785134182377099	0.008380846884552389	0.008291664130228674	0.008771002133452638	-0.003012517346404407	0.001974606018499394	-0.0034112338762150416	-0.0023455149938128223	-0.0005943532387334345	0.003055299709520611	0.0038686764944725303	-0.0008849098010626841	-0.0018183982328632594	-0.0036779938132040623	-0.0	0.0	0.0	0.0	0.0	0.0	0.0	0.0	0.0	0.0	0.0	0.0	0.0	0.0	0.0	0.0	0.0	0.0	0.0	0.0	0.0	0.0	0.0	0.0	0.0	0.0	0.0	0.0	0.0	0.0	0.0	0.0	0.0	0.0	0.0	0.0	0.0	0.0	0.0	0.0	0.0	0.0	0.0	0.0	0.0	0.0	0.0	0.0	0.0	0.0	0.0	0.0	0.0	0.0	0.0	0.0	0.0	0.0	0.0	0.0	0.0	0.0	0.0	0.0	0.0	0.0	0.0	0.0	0.0	0.0	0.0	0.0	0.0	0.0	0.0	0.0	0.0	0.0	0.0	0.0	0.0	0.0	0.0	0.0	0.0	0.0	0.0	0.0	0.0	0.0	0.0	0.0	0.0	0.0	0.0	0.0	0.0	0.0	0.0	0.0	0.0	0.0	0.0	0.0	0.0	0.0
S4-male-3	-0.20831219424771708	-0.08437392259458334	0.14887776126025126	-0.03936741511652492	-0.024037199379041363	0.08915928775540054	0.10468176321368622	0.06823692193311784	0.05027427963841684	0.008247428057435427	0.06503842060986678	-0.07856887336379402	-0.04331733289700635	0.03600024225598645	-0.0014281043245718168	0.04618759977883696	-0.009072740188768552	-0.002378564260844182	-0.011404386928631922	-0.003029764865734412	0.009293163725930946	0.03635155239583573	0.008023140499168224	0.014754284184092296	-0.04657918590709337	-0.028429139954471338	-0.04486589933361168	0.03730440500839819	0.03786977112093145	-0.040505280588517156	0.06329066497442366	0.022538186996773475	-0.07489106544887396	-0.0056548839929901834	0.023352851418055067	-0.013200229780655603	-0.015772933800203916	-0.014705742146400707	0.03786914294592753	-0.024612517990358237	0.04252206415622681	0.000957503745523435	-0.057388241401697654	-0.014218745528819837	-0.004926774431449398	-0.02449313627050116	-0.09028200482848768	0.016050416224940633	0.021209132902068318	0.022362591661404942	0.03255357292478453	-0.001347862221777391	0.01952143776625011	0.03187038494016716	0.024087904281458895	-0.021096750618344467	0.007823081455509704	0.019681025556548323	-0.026670133461516417	-0.02035278222101129	0.019903407409446277	-0.02127590783053821	-0.0028230390956642233	0.0040157125344685695	-0.027209817519957893	0.02121647230919108	0.011309543024060018	-0.0052924396189518485	0.001262484966655335	-0.00555875042104948	0.005574963699932077	0.004434979135908706	-0.0018698613242098354	-0.016584553169275432	0.0011204713896270718	-0.01910209152450738	0.010564532416010361	0.018374769052606446	0.0075141647100981385	-0.0027411268166111845	-0.009481971362868486	0.006133620051357348	0.019311231476391494	0.012859490858482078	-0.013667863676445886	0.0069159370573206825	0.013484238514992225	-0.0006891833253809884	-0.006197846607674445	-0.00401981644569389	0.000503500540189015	-0.005326416494872728	-0.0038051297669108386	-0.006746678616446921	0.0005117701808752454	-0.005654305017319907	-0.0036781360971612923	-0.0032369591857769986	-0.0006086695440837846	0.002516883419937419	0.004648254849818614	0.001932940292570401	-0.0019911888519546735	0.00242244758689929	8.444761565565132e-05	-0.0038366170679967875	-0.0007739569229845906	0.0035057861674759536	-0.0	0.0	0.0	0.0	0.0	0.0	0.0	0.0	0.0	0.0	0.0	0.0	0.0	0.0	0.0	0.0	0.0	0.0	0.0	0.0	0.0	0.0	0.0	0.0	0.0	0.0	0.0	0.0	0.0	0.0	0.0	0.0	0.0	0.0	0.0	0.0	0.0	0.0	0.0	0.0	0.0	0.0	0.0	0.0	0.0	0.0	0.0	0.0	0.0	0.0	0.0	0.0	0.0	0.0	0.0	0.0	0.0	0.0	0.0	0.0	0.0	0.0	0.0	0.0	0.0	0.0	0.0	0.0	0.0	0.0	0.0	0.0	0.0	0.0	0.0	0.0	0.0	0.0	0.0	0.0	0.0	0.0	0.0	0.0	0.0	0.0	0.0	0.0	0.0	0.0	0.0	0.0	0.0	0.0	0.0	0.0	0.0	0.0	0.0	0.0	0.0	0.0	0.0	0.0	0.0	0.0
S5-female-1	-0.2999157257415777	-0.03893867760839376	0.138333542635797	0.0113277342383983	0.02025706681748046	0.05901916505672423	0.05038916246365304	0.034960143873546456	0.08540711954848687	0.012843993183775439	-0.060284111795398686	-0.06580830683665347	-0.04371179023889549	0.05418920942398699	0.022823754799535505	-0.07813378581855084	-0.046478242489634974	-0.012212838988509604	-0.03977375996146789	-0.03519658250988463	0.025209186783523498	0.04431443708895988	-0.0034417094979661764	0.04263256665063413	0.09657741780230093	-0.025594056577942184	0.033447595334973074	-0.03637138224768664	0.02607588991898542	-0.011926940213963948	0.04583652039976528	-0.0010274204382000973	0.02470326455358942	-0.013415864190638897	0.014526551184028617	-0.024915548803938148	0.024190189139803964	-0.02194568065779553	-0.015455234613183677	-0.030970941819734622	-0.02172394792706813	0.0020585934529107376	0.007733998101137429	-0.013073483851589674	-0.060271063302980245	-0.019808836699779484	0.03504866151089601	0.027084304470620796	0.013310434129888405	0.01919951503332405	-0.005408329219566596	-0.026490954436372328	-0.013759184547088235	-0.005745341556470489	0.012602902808493811	-0.012846299190203006	-0.017733428858925725	-0.0165210486378926	-0.021811885696965284	-0.005598375246595319	0.015534763966136702	0.0031147273417196997	-0.010994158444844237	0.0028005194564867573	-0.0002707924149877568	-0.010635408987564827	-0.018857295070604033	-0.012826931433098947	-0.004931020305880299	0.0019023339837552162	-0.0028178934986773413	-0.016143437486314492	0.012178179970446942	0.024650526842274645	-0.002760234087676341	0.00393863802467117	-0.007213500032809082	-0.012009565050175338	0.030217658169741885	-0.025026135264721024	-0.010819728751716816	-0.009578258027214601	-0.02227734662106838	0.01367934299623925	0.008799307195603314	0.005847444014004851	-0.003730908965719876	0.005226021071754899	-0.004478514345818434	-0.0005145923364835107	-0.0013652603171835764	-0.0003928909180325467	0.008123878682079614	-0.0037058486232697516	-0.02123354849533336	-0.005669019626149579	-0.00797102371163599	0.0007863326535546273	-0.0013011499445026234	0.0017055392436190163	-0.0009609232426846595	0.006374017733013532	-0.0025621049799603155	0.006387762004543729	0.006157074801690699	-0.003018265520058098	0.002315780989922657	-0.0016627603760903111	-0.0	0.0	0.0	0.0	0.0	0.0	0.0	0.0	0.0	0.0	0.0	0.0	0.0	0.0	0.0	0.0	0.0	0.0	0.0	0.0	0.0	0.0	0.0	0.0	0.0	0.0	0.0	0.0	0.0	0.0	0.0	0.0	0.0	0.0	0.0	0.0	0.0	0.0	0.0	0.0	0.0	0.0	0.0	0.0	0.0	0.0	0.0	0.0	0.0	0.0	0.0	0.0	0.0	0.0	0.0	0.0	0.0	0.0	0.0	0.0	0.0	0.0	0.0	0.0	0.0	0.0	0.0	0.0	0.0	0.0	0.0	0.0	0.0	0.0	0.0	0.0	0.0	0.0	0.0	0.0	0.0	0.0	0.0	0.0	0.0	0.0	0.0	0.0	0.0	0.0	0.0	0.0	0.0	0.0	0.0	0.0	0.0	0.0	0.0	0.0	0.0	0.0	0.0	0.0	0.0	0.0
S5-female-2	-0.06556451449136498	-0.37794816379535895	-0.21775918366306632	0.049390319953982784	-0.05153444506795847	0.03921044414836869	0.08556075968672915	0.0006899221993974815	-0.03958497723533211	-0.012310600138504404	0.006537356857532634	0.007847063555380656	0.048812441145945754	-0.06886319844504483	-0.014713852042227176	-0.029644258828302288	0.0863855370820818	-0.019274530985379696	0.026931209203210068	-0.01459444373316884	-0.013599713043087935	-0.048908882889109224	0.038352977465336516	0.040703051767776534	-0.0069083171297811205	-0.03434608873494825	-0.01590134740763721	-0.023157746943748926	0.02381888520767261	0.025173629313659702	-0.03269817840550188	0.0060071933741278226	0.08235775492964773	-0.04105259727630058	-0.03631215682910202	-0.03116727073067123	0.031706571361120914	-0.07642073972605996	0.019895200736030322	0.039100606418129576	-0.060072753293847765	-0.026628179114287616	-0.0028578553849909765	-0.002690303315576666	0.013177240613040693	0.025648205308730875	0.01951569985504138	0.03585383282181527	0.00595365139082466	0.010922937216714846	-0.020812864878345758	-0.0516079765760866	-0.013007858332358912	0.0052328622010260435	-0.02290918343973202	-0.005528013357860583	0.013433117387197354	0.0219435862911439	-0.02085712254854166	0.014408247274518693	-0.010974645977706489	-0.02755392672582035	-0.010132663509088776	0.018187028038939963	-0.019282635487963724	-0.00686412090759487	-0.022925674780206066	-0.01360481613925927	-0.00815383078688341	-0.010016267352461373	-0.008365884376962287	-0.00683312680058006	-0.017228623221288937	-0.015126549566868517	0.004878448663829059	-0.004216963482011417	0.01543125693026999	0.008130593712691864	-0.012833152158318685	0.009238548439865166	0.008464470627991822	-0.003757631112633107	0.007492188870709798	-0.008311281436042723	-0.004208881565003572	-0.009067773308425942	0.00935997890478923	0.015536469837823714	0.00017269826412522486	0.00799755006152053	-0.0032925442907298912	0.0012866037789356643	-0.005146383202135929	-0.00646391491663097	-0.003789823289050018	-0.001261780982689222	-0.002989690809983561	-0.005457535540415365	-0.005417499832810227	-0.002360925526255336	-0.00036954680026284536	-0.0012602142125804007	-0.0011768174506385965	0.0003575275004783128	-0.0007851366976100522	-0.0028564421844111203	-0.0014982088733982023	-0.00026462232495244673	-0.0	0.0	0.0	0.0	0.0	0.0	0.0	0.0	0.0	0.0	0.0	0.0	0.0	0.0	0.0	0.0	0.0	0.0	0.0	0.0	0.0	0.0	0.0	0.0	0.0	0.0	0.0	0.0	0.0	0.0	0.0	0.0	0.0	0.0	0.0	0.0	0.0	0.0	0.0	0.0	0.0	0.0	0.0	0.0	0.0	0.0	0.0	0.0	0.0	0.0	0.0	0.0	0.0	0.0	0.0	0.0	0.0	0.0	0.0	0.0	0.0	0.0	0.0	0.0	0.0	0.0	0.0	0.0	0.0	0.0	0.0	0.0	0.0	0.0	0.0	0.0	0.0	0.0	0.0	0.0	0.0	0.0	0.0	0.0	0.0	0.0	0.0	0.0	0.0	0.0	0.0	0.0	0.0	0.0	0.0	0.0	0.0	0.0	0.0	0.0	0.0	0.0	0.0	0.0	0.0	0.0
S5-male-1	-0.21165156679052569	-0.03457415571574234	0.0730680297856249	0.10429712121766452	-0.02992979433123476	-0.014825801862700176	-0.0009600667088360273	0.06607407452775207	-0.08208359499253523	0.09561301448034475	0.015114988114601447	-0.02897096963502151	-0.08310800890993619	0.019416820153280005	0.057136909283601794	-0.02071534201990091	-0.04230903348530706	0.009471696714594304	0.019945923416908862	0.023681314196584254	-0.0065240879308566075	-0.029634309509471747	-0.012658654691700327	-0.0035347067669679114	-0.011187319112622524	0.02771623368149426	-0.018561921099246658	0.009319187190446223	0.0034728963878960704	-0.0007397831126072364	0.007621104839781867	0.04102906130776134	-0.018297616994466494	0.013938099562042724	-0.016800698685531468	0.0159916481781088	-0.005400188379712257	0.009355702602632297	0.0031410672061599546	0.007410843712112097	0.026345620615803953	0.019549694585723972	-0.02204745161538893	0.0053512454598970164	0.0072020066924249155	0.009946717950091923	-0.020434747398536544	0.020566559309580318	-0.010415816563027806	0.002350521215025009	0.017703697449756684	0.026904661637627336	0.004706148722126842	-0.014121564265091313	-0.0067320605425609656	-0.03020809916456316	0.004995423824989011	0.0020313901253346065	-0.013968293199539966	-0.009631844423099379	-0.008104514386277692	-0.00793927118706934	0.008550079140195678	-0.01477619982952777	0.008111182089553576	-0.008460725645664779	-0.016973159334756932	0.02265644307889856	0.01701838874704661	0.009535465983610058	0.006428912891390133	0.0013454507654031493	0.012100801006365496	-0.0002849865600644414	0.0024278638230789684	-0.013198202663959324	0.0004518587930092734	-0.003744184552354663	-0.0071222297630481116	0.010682323476642911	0.004272526422324683	0.009117707501550344	-0.012032792703402089	0.022373654847572602	0.00574085124272624	-0.013200588170178771	0.0019862779664468846	-0.0026563122291915265	-0.006991739634152563	-0.014615541562889542	0.0005386662005744152	0.0008753151852310005	0.0005821751591855527	-0.00030669142019899853	-0.0032404959987195818	-0.005679532845295184	0.00405469975068962	0.000609010756930945	0.0013808013382649164	0.0004264122627975713	0.0026910006909894816	0.0011719379896558417	0.012655282450471629	-0.008102772148477965	-0.00664608203450585	0.00042945909346760804	0.0001243990857217975	-0.0004649648919618144	-0.0	0.0	0.0	0.0	0.0	0.0	0.0	0.0	0.0	0.0	0.0	0.0	0.0	0.0	0.0	0.0	0.0	0.0	0.0	0.0	0.0	0.0	0.0	0.0	0.0	0.0	0.0	0.0	0.0	0.0	0.0	0.0	0.0	0.0	0.0	0.0	0.0	0.0	0.0	0.0	0.0	0.0	0.0	0.0	0.0	0.0	0.0	0.0	0.0	0.0	0.0	0.0	0.0	0.0	0.0	0.0	0.0	0.0	0.0	0.0	0.0	0.0	0.0	0.0	0.0	0.0	0.0	0.0	0.0	0.0	0.0	0.0	0.0	0.0	0.0	0.0	0.0	0.0	0.0	0.0	0.0	0.0	0.0	0.0	0.0	0.0	0.0	0.0	0.0	0.0	0.0	0.0	0.0	0.0	0.0	0.0	0.0	0.0	0.0	0.0	0.0	0.0	0.0	0.0	0.0	0.0
S5-male-2	-0.11843090946357505	-0.3772875351069393	-0.18911503159110515	-0.08116250095643127	0.017893677035266294	0.04473525861044982	-0.02089324800430198	-0.09510535317913629	0.027800263149866073	-0.09616603988878787	0.0035116955952186335	-0.05889284989106199	-0.0012687339924426493	-0.0077395146153607765	-0.025142688167146158	0.004725240176233094	-0.03826573830944549	-0.025451929478072226	0.0039219097542417865	0.0333106446696697	-0.06874107430581758	0.004053418512300783	-0.0018261402287578989	-0.045376142156454684	-0.03431616326875954	-0.03300684622588082	0.027854576771233076	-0.03879829225411157	0.003537106877522652	0.010725474550203671	-0.018783713137450843	-0.02406202380653854	-0.012512240169752362	0.04101564259179739	-0.019653672667563862	0.01927118381240367	0.01725105644820546	0.029452636097343672	0.03986590923853938	0.0004667173940593362	-0.011789567374367491	-0.003952480706615905	-0.013522316395595873	0.029727430480097555	-0.01313774851801197	-0.0038928797873351594	0.03575399903292227	0.0020966460931324113	0.026083112865699247	-0.023354308689476105	-0.008644882524603222	-0.0035048082602378043	0.007608508204223979	-0.0016695756242294656	0.009981798758715599	0.0035482582796102177	-0.02070779807199015	-0.009330924185451424	-0.026612900899871405	0.010228893704739945	0.020418562307920465	-0.016679173653887713	0.0035773981566457704	0.007904179336846145	0.0024078725321498803	0.02061290843177043	0.005150592231876968	-0.0006760619595592885	-0.004309105993516254	-0.009024552387500138	0.003568589355928671	-0.019609962882384552	0.009632585208797787	-0.007199544608519782	0.016109628076034013	-0.011401044360569566	-0.007323553728341942	0.011901451635466222	0.005299092051372691	0.017169947814619287	0.004307514941639906	0.0024714306059003023	-0.022355763994050024	-0.001146182463495492	-0.010293266484788215	-0.005426631597759636	0.0021431757397745773	-0.007847180830749367	0.019085180579017882	-0.008165577786831375	-0.013067047013161392	-0.008646223142921499	0.003926749499080754	-0.008416999538770039	-0.0062747227830729545	-0.007536680217437817	0.0020174299355544883	0.00745743664916632	0.0154508712104609	0.004605592894632587	-0.0034048140000435077	0.00021174906303288315	0.005152397451320532	0.00618073864140936	-0.00039930635154218337	0.0031815999375208125	0.0015956608567757333	-0.0003272886170952413	-0.0	0.0	0.0	0.0	0.0	0.0	0.0	0.0	0.0	0.0	0.0	0.0	0.0	0.0	0.0	0.0	0.0	0.0	0.0	0.0	0.0	0.0	0.0	0.0	0.0	0.0	0.0	0.0	0.0	0.0	0.0	0.0	0.0	0.0	0.0	0.0	0.0	0.0	0.0	0.0	0.0	0.0	0.0	0.0	0.0	0.0	0.0	0.0	0.0	0.0	0.0	0.0	0.0	0.0	0.0	0.0	0.0	0.0	0.0	0.0	0.0	0.0	0.0	0.0	0.0	0.0	0.0	0.0	0.0	0.0	0.0	0.0	0.0	0.0	0.0	0.0	0.0	0.0	0.0	0.0	0.0	0.0	0.0	0.0	0.0	0.0	0.0	0.0	0.0	0.0	0.0	0.0	0.0	0.0	0.0	0.0	0.0	0.0	0.0	0.0	0.0	0.0	0.0	0.0	0.0	0.0
S5-male-3	-0.14805808250123287	0.008878861848232293	0.0627947835115589	-0.08638177158597425	-0.005186340851831849	0.007813912627387553	0.10046583154246552	0.03229745581300621	-0.04738061969385253	-0.015516238080347815	0.04902017253408394	-0.00562588815230355	0.0015056462097303494	-0.03533370850222596	0.03352921234291288	-0.06998783763375171	-0.04576298455563495	-0.009725622393664486	0.02831555017696294	0.061592528419141965	-0.05751502867843888	-0.05873034542596309	-0.014942569941362048	0.0647071010920981	-0.03983250988420681	0.009097003176577632	0.024985022127543416	-0.028772371719632883	0.039701852745352706	-0.028550375370605247	0.023093054959166213	0.023183370950651247	-0.00020214361244346438	-0.006813697676315954	0.025966267335828064	-0.04170340398399363	0.002346841758097615	-0.03802824095383404	0.00214978652393915	0.014375872029464738	0.014495280339923906	-0.0015461041228268218	-0.022408639175731423	0.024319762578274215	0.01471483387302733	0.003912063245806089	-0.03992467968210492	-0.023004747599859314	0.00634691102829242	0.009057260056975098	-0.0028794374348866027	0.013613540492026135	-0.01763926095433861	-0.00942652068027761	0.006450518038926441	-0.012492716216467846	0.010618682768182385	-0.00998292189885578	-0.010995492219066412	-0.0033783276231827675	-0.003255891410571665	0.008720460956310018	-0.009375169526989724	-0.0021518207148581345	0.014878169934313202	-0.007268851549157259	-0.0170136953273481	-0.0016190682087077126	0.01248240042303792	-0.012993475446605045	-0.01225837153025093	-0.0004364298222059196	0.02138255543900694	-0.011681504181375764	0.008361914650900306	-0.010746869295323945	0.0015323853510857445	0.0007915667795552086	-0.009474968597599966	-0.009412233252818345	0.008732424473304398	0.013397640103741329	0.0008732674977020691	0.01002455080155219	-0.00922859732537213	0.004953294698471905	-0.0077991985570349965	0.0033242404972696087	0.007406673065336088	-0.007231669763963753	0.01628812068972178	-0.002803771307959136	0.005511174281840187	0.0009135353985667693	-0.001567448194033488	0.00101665467008157	-0.004404390855376526	-0.007605203888235549	0.004515270225353426	0.0007996773011256716	-0.003356518179346611	0.006658816914262299	-0.003941535106365304	-0.0018658025726106303	0.0025074812920258174	-0.00045505232504902796	-0.0009067912031110414	-0.001593612234948058	-0.0	0.0	0.0	0.0	0.0	0.0	0.0	0.0	0.0	0.0	0.0	0.0	0.0	0.0	0.0	0.0	0.0	0.0	0.0	0.0	0.0	0.0	0.0	0.0	0.0	0.0	0.0	0.0	0.0	0.0	0.0	0.0	0.0	0.0	0.0	0.0	0.0	0.0	0.0	0.0	0.0	0.0	0.0	0.0	0.0	0.0	0.0	0.0	0.0	0.0	0.0	0.0	0.0	0.0	0.0	0.0	0.0	0.0	0.0	0.0	0.0	0.0	0.0	0.0	0.0	0.0	0.0	0.0	0.0	0.0	0.0	0.0	0.0	0.0	0.0	0.0	0.0	0.0	0.0	0.0	0.0	0.0	0.0	0.0	0.0	0.0	0.0	0.0	0.0	0.0	0.0	0.0	0.0	0.0	0.0	0.0	0.0	0.0	0.0	0.0	0.0	0.0	0.0	0.0	0.0	0.0
s6-Female-1	-0.23410241698251077	-0.0056776957777238506	0.12265917578618676	-0.050710741294129016	0.030348256711889593	0.06251419438339333	0.08160242100370058	-0.04507463955441349	-0.09943288033493097	-0.019691474209609143	-0.07170397341064923	-0.011760156676718066	0.03737646265344666	0.036330412316491735	0.10542674234755879	0.022945133495951855	-0.008629219181135243	-0.028787828367302946	-0.014047210577025286	0.025473494750900116	-0.003470063852032258	-0.013360731815417486	-0.03918615173871728	-0.015178614745753842	0.025673521279341194	-0.005811395816940425	-0.047057510526513684	0.016179269822410948	0.018385042881345272	-0.009834683897028186	0.01146897648686106	0.02160084762343291	-0.015869279504786744	0.014566392506484848	-0.022922433105914373	-0.010432040881340351	0.004468976632069675	-0.0290991155122465	0.005778806630770081	0.010591952068040485	-0.009563978199196573	0.004178802057524558	-0.029691828369500756	-0.006371401736165531	0.009403671731072802	0.016758180524543462	-0.008809475368643913	0.004588711048592812	-0.004441328706468279	-0.00396855345226794	0.00384344648294379	0.014078994995644079	0.0030811019905985083	0.01831875036853132	-0.0032413766677864787	0.007039559718831523	-0.01099659027254654	0.0002197665472415661	-0.03195190235338613	-0.00897034680276066	0.005273466887149379	0.0016555536535977796	-0.0038550981404588108	-0.014912153866307034	0.02194299862411561	0.005140019633246439	-0.001286212046740995	0.007267082980262684	-0.008367560029277491	0.006191239482656004	0.007881439340638058	0.010800038389555842	-0.001291342403882512	0.006219027009463472	-0.010343497277735753	0.010111344348670137	-0.004054509464166719	-0.003430539749043728	-0.021963860376619647	-0.018056504901986237	0.014619113775397449	-0.02018152774763122	-0.01432796138074142	-0.0037863598783349525	0.02343021985552361	0.006922972660008597	0.0014365258256675943	-0.007691845833819314	-0.003978637366459517	0.011319102012971401	-0.002675012389906863	-0.0004856361840849332	-0.002146292366345915	-0.003095778470191102	0.0023389590666599166	-0.005302193363913893	0.005086097858791052	0.00974352308889538	-0.0013992596601021736	0.003700728231143109	-0.0007055353217265286	0.0008511721922603936	-0.0017552744745081797	-0.0032716380727104972	0.00023925898133604753	-0.0015598443103519793	0.004838199301226915	0.00040993991590384697	-0.0	0.0	0.0	0.0	0.0	0.0	0.0	0.0	0.0	0.0	0.0	0.0	0.0	0.0	0.0	0.0	0.0	0.0	0.0	0.0	0.0	0.0	0.0	0.0	0.0	0.0	0.0	0.0	0.0	0.0	0.0	0.0	0.0	0.0	0.0	0.0	0.0	0.0	0.0	0.0	0.0	0.0	0.0	0.0	0.0	0.0	0.0	0.0	0.0	0.0	0.0	0.0	0.0	0.0	0.0	0.0	0.0	0.0	0.0	0.0	0.0	0.0	0.0	0.0	0.0	0.0	0.0	0.0	0.0	0.0	0.0	0.0	0.0	0.0	0.0	0.0	0.0	0.0	0.0	0.0	0.0	0.0	0.0	0.0	0.0	0.0	0.0	0.0	0.0	0.0	0.0	0.0	0.0	0.0	0.0	0.0	0.0	0.0	0.0	0.0	0.0	0.0	0.0	0.0	0.0	0.0
S6-female-2	-0.06039852621302411	-0.358669510816928	-0.1960609775955184	-0.12327877063649624	-0.0457324751576925	-0.06389846845898445	0.017770578104121717	0.028500144628448326	0.01581004283745564	-0.031604369650672905	-0.010159012465994932	-0.08329548886107974	0.029821441152852794	0.002352255146249265	-0.031048126573628706	0.005339676618210292	0.0019659916727421877	0.016848851480852994	-0.014188776102156544	0.03715807294854253	-0.044010299850260386	0.02884873649211169	-0.019274324887929337	0.01868678078577473	-0.004569662369502237	0.029816722390959095	0.06305099644323714	0.05390077410469378	-0.07718119785530186	0.004923761257081096	-0.04099718484833062	0.019069604437622373	0.006053816476840811	0.02064251100499073	0.0025814762301988132	0.020530359716171696	0.0057942611416265544	0.027236010169340217	-0.024890666602493974	0.0038219314157104446	0.02704546129822937	-0.00241071137467501	-0.0027941641543289086	0.027461238741467792	-0.012852076241927178	-0.034418243305981595	0.021665503644190533	-0.002310166811547241	0.013309651706726077	-0.015643274327640996	0.0006490848713455414	-0.0027073293912069146	0.006599003011449333	-0.013865337807606197	0.009085541726519876	0.010131013869956743	0.0009090014374245421	0.02154110859908174	-0.0016510303748334225	0.013154479938516027	-0.01602759231310517	0.010143910629985336	-0.010161232304218646	0.026180500088162445	0.00018190463969835607	0.004994557006628598	-0.004637047773286631	0.010836632453574866	0.010135931803587926	0.006241106202890251	0.0012404995147787395	0.018398471777196435	0.003288531913480884	-0.0026669030337436676	0.009306321675374478	-0.003228581985314168	-0.0022797642850078364	0.0107747251255123	-0.007347080387491507	-0.007236970202663979	-0.004536790792035518	-0.00406568304735322	0.0016523915594918498	-0.023093780639503955	-0.009315790779224446	0.0013224757108178998	-0.007632504893926862	0.010401541567828205	0.012261074092598205	-0.0037070003080480617	-0.004936058030229861	-0.007121826358007353	0.001980017212447085	-0.005079141778329412	0.006354310206138101	-0.00289242171290404	-0.0044648456068114	0.004433770776281404	-0.0028863321119708633	-0.0023702696628459274	-0.00019140888293079237	-0.00023905201071870732	0.0029548533213391804	0.000870149803334649	0.0008454614466152143	0.00037807412705913584	-4.143191894405519e-05	-0.0029947929183199162	-0.0	0.0	0.0	0.0	0.0	0.0	0.0	0.0	0.0	0.0	0.0	0.0	0.0	0.0	0.0	0.0	0.0	0.0	0.0	0.0	0.0	0.0	0.0	0.0	0.0	0.0	0.0	0.0	0.0	0.0	0.0	0.0	0.0	0.0	0.0	0.0	0.0	0.0	0.0	0.0	0.0	0.0	0.0	0.0	0.0	0.0	0.0	0.0	0.0	0.0	0.0	0.0	0.0	0.0	0.0	0.0	0.0	0.0	0.0	0.0	0.0	0.0	0.0	0.0	0.0	0.0	0.0	0.0	0.0	0.0	0.0	0.0	0.0	0.0	0.0	0.0	0.0	0.0	0.0	0.0	0.0	0.0	0.0	0.0	0.0	0.0	0.0	0.0	0.0	0.0	0.0	0.0	0.0	0.0	0.0	0.0	0.0	0.0	0.0	0.0	0.0	0.0	0.0	0.0	0.0	0.0
S6-female-3	-0.03139835965893865	-0.019034159473313106	0.076351694598539	0.0252306887225575	0.032992821664331866	-0.02835931415975049	0.11049195661363881	-0.05561760135544531	-0.010052518468556098	-0.05457891630230526	0.07018670655206562	-0.08558482429367596	0.04197094920799298	-0.017847466510507396	-0.07450711609983444	-0.1365923001771526	0.0239104297945099	-0.08135714029788495	-0.05741279026079626	0.0622267140424741	0.10257954546018379	-0.019217842974852337	0.04839255258576139	0.028443744026843857	0.004999570450659225	-0.041740953813061886	0.0745820969553762	-0.005841976439139039	0.0025898641716390453	0.004413311624256214	0.04605860959022796	-0.013750291929850156	-0.09509341332410304	-0.007842619301369945	0.002713610444288561	0.025446831578496473	0.01699801948420252	-0.00395777018573595	-0.012998819525969254	0.00949768528169137	0.041925781512150984	-0.05138750063598945	0.0323561988547063	-0.004392481793023147	-0.056807037855357276	-0.012814691895461167	-0.004731075761856649	-0.0067491998155451835	0.0031565353830536307	0.0352228362631279	0.059883240010129214	0.011816015437148403	0.007618306703266948	0.014931457771192128	-0.030337540628695335	0.03503832841936598	0.003765432643202421	-0.005588106092651342	-0.030366820477184732	-0.01944196466090078	-0.010759942144615531	-0.03361761575105657	-0.03773061032948551	0.010606898619212341	-0.004642051332071027	0.03777966387358043	0.019344341864892804	-0.0012093631008558941	-0.006651305897735176	0.026518655432881302	-0.009869830382125312	0.0028405851994335158	0.009899117178876824	-0.01688394882559885	0.010295786002962902	-0.0020521739271423807	0.018152968989383476	0.0001221554976983907	0.013546450517770179	0.014156874978227334	-0.0164451692881219	0.01676194382437772	0.016657111132374967	-0.007529993565950273	0.02314739591388171	-0.007825139708928504	-0.004116272022399329	-0.008051278447622899	-0.015290398141112861	0.003302767049052543	0.0005924826866794782	0.016098165881198986	-0.0023997821201009813	-0.01974998525206459	0.0036780978708730243	0.01552169307581454	0.002074413006176735	0.0072465858990277765	0.008715348096587115	-0.0035763232943395707	0.001596204221575726	0.004366888608293685	0.00597145776828955	-0.002647665132188657	0.005649652679764978	-0.001117383970480827	0.0028648585570082434	-0.001064034290577061	-0.0	0.0	0.0	0.0	0.0	0.0	0.0	0.0	0.0	0.0	0.0	0.0	0.0	0.0	0.0	0.0	0.0	0.0	0.0	0.0	0.0	0.0	0.0	0.0	0.0	0.0	0.0	0.0	0.0	0.0	0.0	0.0	0.0	0.0	0.0	0.0	0.0	0.0	0.0	0.0	0.0	0.0	0.0	0.0	0.0	0.0	0.0	0.0	0.0	0.0	0.0	0.0	0.0	0.0	0.0	0.0	0.0	0.0	0.0	0.0	0.0	0.0	0.0	0.0	0.0	0.0	0.0	0.0	0.0	0.0	0.0	0.0	0.0	0.0	0.0	0.0	0.0	0.0	0.0	0.0	0.0	0.0	0.0	0.0	0.0	0.0	0.0	0.0	0.0	0.0	0.0	0.0	0.0	0.0	0.0	0.0	0.0	0.0	0.0	0.0	0.0	0.0	0.0	0.0	0.0	0.0
S6-male-1	-0.24306427287862503	-0.04507458916084472	0.07641775730177088	0.10973401356442154	-0.02200417901691766	-0.006947252413230291	0.01388458649325422	0.06737664594444642	-0.06666861134060281	0.037191922494212916	-0.007613125652073056	-0.0764781295859008	-0.049748131436837116	0.05355254681678673	0.05119301895810716	0.03621438171422424	0.020394402826387038	0.017336809748820927	0.0016718132490023767	-0.009276891299224495	0.023484545754042744	-0.03707107118661449	-0.008640811577263829	0.00025815205388292757	0.010905667509491799	-0.008898846910443358	-0.02753244008065154	0.010701164631581182	-0.013874062896207365	-0.012687143836569511	0.020622827148817798	0.04864969317012934	-0.019378344030756913	0.02935876920457946	-0.03798068103001174	-0.009543404791513397	0.019280311075224148	-0.011977396850115308	0.019323511488015716	0.0024611332826831667	0.0203557518810406	-0.026768375952778447	-0.014931792041303727	-0.02202295798989645	-0.0178267775895105	-0.016004850358294086	-0.017273705647061384	-0.021846625368453682	-0.008481561801206173	0.013469140639072683	0.01244931224233216	0.009590338893391982	0.02860879601667503	0.0026505912547883184	0.004446352280420028	-0.042787398604341526	0.004908001112404688	0.010716095103308461	-0.0126156182043967	0.024619501232519218	-0.015457301570838525	0.00575883818539108	-0.025708509300996742	-0.022735830400625722	0.01577220235251399	-0.00396246965540928	-0.01405408140960266	0.009550454580425725	0.008106162970886888	-0.019758007228682067	-0.0031426038779318673	-0.002867388521170663	0.012566366948777224	-0.006760505813247366	0.01565042907966117	-0.019120988640180605	-6.91396355268317e-05	0.010504950612059026	0.004385420771691303	0.0017974987817669253	-0.0006225292200097147	0.003467629136644377	0.01055603180844382	-0.00693007328081248	-0.007682653892327426	-0.005373184288624186	-0.009811135963184205	0.00646497676198867	-0.0074940964691504654	0.010817661662167756	-0.015577045664636269	-0.005681218679454754	-0.01208379415004	0.0045960841753020934	0.004416423168384008	0.010624439930431146	-0.001483344377777192	0.003282503581726148	0.0060614802385135485	-0.0018926755700600856	0.0024426692604972117	-0.007625949677803224	0.002293560671503362	0.0018150883830882747	-0.001845507281356506	0.000288736641562291	0.002966965957686943	0.00026618505362231573	-0.0	0.0	0.0	0.0	0.0	0.0	0.0	0.0	0.0	0.0	0.0	0.0	0.0	0.0	0.0	0.0	0.0	0.0	0.0	0.0	0.0	0.0	0.0	0.0	0.0	0.0	0.0	0.0	0.0	0.0	0.0	0.0	0.0	0.0	0.0	0.0	0.0	0.0	0.0	0.0	0.0	0.0	0.0	0.0	0.0	0.0	0.0	0.0	0.0	0.0	0.0	0.0	0.0	0.0	0.0	0.0	0.0	0.0	0.0	0.0	0.0	0.0	0.0	0.0	0.0	0.0	0.0	0.0	0.0	0.0	0.0	0.0	0.0	0.0	0.0	0.0	0.0	0.0	0.0	0.0	0.0	0.0	0.0	0.0	0.0	0.0	0.0	0.0	0.0	0.0	0.0	0.0	0.0	0.0	0.0	0.0	0.0	0.0	0.0	0.0	0.0	0.0	0.0	0.0	0.0	0.0
S6-male-3	-0.15604321299012494	-0.051995958256580155	0.07941037670244053	-0.041108238969020744	0.017652468484461187	-0.012533764207886617	0.07528034000270264	0.08694925146920565	0.06486109819756483	-0.1723758640576713	0.07728065588616713	-0.11188787181396984	-0.05586138092435698	-0.04861693218804714	0.027204194223792208	-0.010992458445608875	-0.041190190643765626	-0.013857407870427009	0.026021195456279306	-0.003329264114176843	-0.0346525211537188	0.027563673449879224	-0.02590739783369305	-0.02811040209071466	0.01577991141294878	-0.006936269650562121	0.004383209449260576	-4.141399624124432e-05	-0.030222649523527635	-0.0071914055336792975	-0.04665631569978965	0.04378030312990903	-0.010050316663436396	0.054303512988013405	0.011975375318317447	0.04032342676260531	0.03230248527233207	0.03983793689342249	-0.016278866310795094	0.007326745641170394	0.017306580103062068	0.03145287522127193	-0.0350316941332942	0.009457387283513455	0.00015977274923189688	-0.008293131461036385	-0.0062315280712268925	0.004274009446898294	0.023208130433397124	-0.00450390915943471	0.012361451780604955	0.013953879102937128	0.005620452584353171	-0.011395502203405796	0.006786714675886067	-0.0141866719044264	-0.013205012429973404	-0.005931733326172399	-0.007107279600007021	0.020668000436189257	0.003558023353498271	0.014988676577390326	-0.011382357953493938	0.029513437501246378	0.01795463960033184	-0.011189813475874182	0.008187512588453502	0.0018892729479378075	0.007287494651094642	-0.0041578706598137845	0.007706324684306098	0.008959186163655966	0.028531559369312523	0.005361364927838729	0.018052714178382116	-0.006381113092269485	0.003072103047570682	-0.006757332343535861	-0.01740904761210405	-0.006157867322700811	-0.006981552323187659	0.015355515442498326	0.0030800069612714727	-0.011059481546458251	-0.0036995554848905463	0.0023137042439501884	-0.005192447058831881	-0.007536922091468512	0.019512254407862722	-0.006875416228266784	0.002492157153537628	-0.0021209639150276305	0.007803519676310874	-0.00997173639419485	-0.002968180857717336	0.0067615575629369025	-0.012276589260992917	-0.007041730715675478	0.00466997264620571	0.005539503407729443	-0.0015721621966616457	0.006385523242069327	-6.415536286413208e-05	-0.0010019119704917576	0.0006626107578210312	0.001176930549904931	-4.9214884695191915e-05	-0.0006374843646127149	-0.0	0.0	0.0	0.0	0.0	0.0	0.0	0.0	0.0	0.0	0.0	0.0	0.0	0.0	0.0	0.0	0.0	0.0	0.0	0.0	0.0	0.0	0.0	0.0	0.0	0.0	0.0	0.0	0.0	0.0	0.0	0.0	0.0	0.0	0.0	0.0	0.0	0.0	0.0	0.0	0.0	0.0	0.0	0.0	0.0	0.0	0.0	0.0	0.0	0.0	0.0	0.0	0.0	0.0	0.0	0.0	0.0	0.0	0.0	0.0	0.0	0.0	0.0	0.0	0.0	0.0	0.0	0.0	0.0	0.0	0.0	0.0	0.0	0.0	0.0	0.0	0.0	0.0	0.0	0.0	0.0	0.0	0.0	0.0	0.0	0.0	0.0	0.0	0.0	0.0	0.0	0.0	0.0	0.0	0.0	0.0	0.0	0.0	0.0	0.0	0.0	0.0	0.0	0.0	0.0	0.0
S7-female-1	-0.27168928313645324	-0.0557853111351672	0.14761468306073725	0.025833881462013614	0.09609002539554946	0.07542683735111137	0.022191504244305656	-0.019642029757908144	0.08223841415941695	-0.014542044967455306	-0.07260908477378154	0.051370657124414604	-0.030713135982408414	0.017073441029164714	0.019727783459634878	-0.03280605184851334	-0.004713788878774607	-0.041674915823377935	-0.054289490134341194	-0.0652092521410383	0.02616523894921731	0.008257301696003284	-0.0059137219449325274	-0.031364295561418336	0.05010485950005229	-0.02253787575555698	0.023722455340874835	0.0018089275653933696	0.005549948956084355	-0.030756807423993514	-0.03958220369629344	-0.016286616800906744	0.024711683490000642	-0.04863883300643712	-0.02254999291207937	0.012936425215249306	-0.0023198772084046327	-0.015739954595244698	0.008892818873317557	-0.014626749253337465	-0.059555377872685826	-0.014786701199830206	0.02416147449737655	-0.008425393278750325	-0.04266719378151913	0.007119258566886022	-0.0015683391832555813	0.03318119770099251	0.06018223620474153	-0.03794942695644165	0.04556877446080975	0.0456947288257087	-0.01595918988840884	-0.007649330312843812	0.01032605413432606	-0.007788108751582846	0.008884830656495629	0.0058308072839791895	-0.014155527020326474	-0.04786679576633971	0.06004982381420075	0.054239089255742466	0.02571202856880812	-0.0425264823863936	0.024458307345564822	0.04653300411281612	0.00040552121235463604	0.0278455237545934	-0.017649129520277	0.01167817050740098	0.016518857522419092	0.0009876430082304546	0.0027774068628954045	0.029931528583657597	-0.04772635992313923	-0.03100439527783262	-0.012124341121166811	0.006435281557114422	-0.023381330699352235	0.018300268681139112	0.005081229207740286	-0.0072961802480225905	0.027686507839343177	-0.03677296282307807	-0.01431935036382827	-0.01206192869764838	-0.0027337287415722744	0.005976337644495819	0.02172765366430471	0.0006710184158866882	-0.009752666539456273	0.007262971384430553	0.0031069349826176704	0.0038759525393266257	0.0018455704253930805	0.003360059786352227	-0.008056544116033227	-0.00784909797088664	0.005286674535786628	0.0014422629596038397	0.00529331317430175	-0.002150136634271054	-0.0005733779976870723	-0.005175873656379473	-0.004720939431833457	0.001737100124215075	-0.0014723737903745435	0.0014466435346168118	-0.0	0.0	0.0	0.0	0.0	0.0	0.0	0.0	0.0	0.0	0.0	0.0	0.0	0.0	0.0	0.0	0.0	0.0	0.0	0.0	0.0	0.0	0.0	0.0	0.0	0.0	0.0	0.0	0.0	0.0	0.0	0.0	0.0	0.0	0.0	0.0	0.0	0.0	0.0	0.0	0.0	0.0	0.0	0.0	0.0	0.0	0.0	0.0	0.0	0.0	0.0	0.0	0.0	0.0	0.0	0.0	0.0	0.0	0.0	0.0	0.0	0.0	0.0	0.0	0.0	0.0	0.0	0.0	0.0	0.0	0.0	0.0	0.0	0.0	0.0	0.0	0.0	0.0	0.0	0.0	0.0	0.0	0.0	0.0	0.0	0.0	0.0	0.0	0.0	0.0	0.0	0.0	0.0	0.0	0.0	0.0	0.0	0.0	0.0	0.0	0.0	0.0	0.0	0.0	0.0	0.0
S7-female-2	-0.07297916359696599	-0.410624293732687	-0.20336016173185487	0.08513786372763338	-0.07288374885314004	0.04787392760127587	0.05053660019211986	-0.02100525602587897	0.018863992629791358	-0.05582484437668851	-0.009247085674553823	-0.06776571903772272	0.01581597604617091	-0.04392499895387804	-0.03202097840653043	0.030620458352571583	-0.012934569675746178	0.02672608658317928	0.004526669026280703	0.038816345151675424	-0.018175986102504708	0.0006370801368344558	0.02127847820147289	-0.026030229338212932	-0.022540929712009206	-0.0007379750227016623	0.062322264821438655	-0.03763251132924674	-0.012110619837803024	0.026294617139800164	-0.047426321644596495	-0.0203137217754751	-0.029569356354014035	0.022022117107955583	-0.04606461313750819	0.054802268030269774	0.01824999143087535	-0.0013896363145046887	-0.012626046299032759	0.0020418244878448117	0.013452281964798711	0.013144235479168969	0.007012993599368249	-0.007543494238711698	-0.00986293978316991	-0.07471709074885317	-0.0024940315211139184	-0.025786291901038823	0.03345913564186736	-0.005464767436222565	0.021403982994545788	0.03224604927808008	0.037250734836106816	0.0020007964328570644	0.027235502164299447	-0.021602890287601092	0.021595869454476543	-0.039612325160121455	0.05309906338262057	0.027546358775749527	-0.01709785033884297	0.07176043945425344	0.012573339141146184	0.01516531411619523	-0.032823729936400634	-0.00951514083273277	0.007959626694875497	0.0033435241077019095	-0.017210428067812634	-0.004861844521734463	0.004756403937915823	0.019370336697026022	0.02154594073699616	0.008183758003507695	-0.0305398688804652	-0.011905779276989442	-0.022622310806869734	-0.03438923554472991	0.0025342520420157037	-0.0164360921512667	0.0037117713725407188	-0.01843556561391291	0.004630120058396027	0.027727384015151808	0.032203729879398846	0.01298479393169723	0.007047596044551353	-0.031122470725603046	-0.03158634893706412	0.0023463616127216706	0.01601271162902107	0.018695298464135538	0.001043238063270847	0.019682636904721364	0.004341504021601207	-0.008283531930716449	-0.0002180488378916901	-0.011407661602086682	-0.0045519546180181536	-0.00194427873908507	0.003300378015900525	-0.006668042531005738	0.0002059329198919349	-0.00467239636117647	0.008790570406138133	-0.00269147000435476	-0.0009512127011722347	-0.0007535077206872439	-0.0	0.0	0.0	0.0	0.0	0.0	0.0	0.0	0.0	0.0	0.0	0.0	0.0	0.0	0.0	0.0	0.0	0.0	0.0	0.0	0.0	0.0	0.0	0.0	0.0	0.0	0.0	0.0	0.0	0.0	0.0	0.0	0.0	0.0	0.0	0.0	0.0	0.0	0.0	0.0	0.0	0.0	0.0	0.0	0.0	0.0	0.0	0.0	0.0	0.0	0.0	0.0	0.0	0.0	0.0	0.0	0.0	0.0	0.0	0.0	0.0	0.0	0.0	0.0	0.0	0.0	0.0	0.0	0.0	0.0	0.0	0.0	0.0	0.0	0.0	0.0	0.0	0.0	0.0	0.0	0.0	0.0	0.0	0.0	0.0	0.0	0.0	0.0	0.0	0.0	0.0	0.0	0.0	0.0	0.0	0.0	0.0	0.0	0.0	0.0	0.0	0.0	0.0	0.0	0.0	0.0
S7-female-3	-0.21682502521715677	-0.034761019288546656	0.10718293640990417	-0.047794528757963056	0.045922913732320124	0.07913017794652723	0.11715783850406705	-0.057457131261535406	-0.07162281628431001	-0.035921742942155915	-0.01951420957401963	-0.0059936856989700905	0.06367079982617775	-0.006101336747594627	0.06723502007560064	0.022083856836608438	0.009505823996308916	-0.018903181306415107	0.03354775381249588	-0.0038837624077167265	0.0012791162256329117	-0.002226829515951286	-0.0635157505431948	0.014733175603226767	-0.009099997066270954	-0.02597647746944063	-0.01749343067933686	0.010435835221344347	0.041572786080611344	0.029647443290091925	0.03600859909764856	-0.04369048474300239	-0.019709991572261127	0.008503604330476686	0.001709805868316789	0.010402684264473367	0.022068840841703307	0.014608125380259887	0.0032009664363303464	-0.0006340075524975427	0.011333221650745559	-0.035803475460710874	-0.020690699578762503	-0.02046955564452067	-0.016396631176187955	-0.00746904924794154	-0.004920649837210854	-0.004261990168008146	0.0054371403797172846	0.03812606589156049	-0.004797628316168579	0.007823882633483008	0.012690555166842435	-0.003992128116612487	0.03256501826457421	-0.016556691145109704	-0.002896757461093529	5.931983143603749e-05	0.026680680834507767	0.012847640280524908	0.0004607776792719569	-0.0012431847527555292	-0.01748145365879444	0.011620289656169217	-0.006436913346386961	0.016766870022356484	0.004379296991432305	-0.014713766986305454	0.01633777738036429	-0.02006528178320129	0.00768523016572363	0.011841961711709748	-0.008951762912410262	0.03940886969570151	-0.014180678274543699	-0.0085873375921996	-0.027468288616259447	0.011379187146268495	0.02954770722814319	0.026173195158236982	-7.099515386639666e-06	0.03687289833775008	0.006350881849559116	0.03228998397327535	-0.00706840391338594	-0.015848412566981187	-0.0007100952270091025	-0.0011695375297923086	0.022870245204868897	-0.004115840800917495	-0.006678185251668946	-8.181266818034215e-05	-0.0005462909680745853	0.002259211661599863	0.006336731292958335	-0.002785633788939781	0.003480695235216242	0.008348531010469808	-0.0016357476653990261	0.012314645481441188	-0.002667085990106479	0.0025366810964109906	-0.008539980729123537	-0.00114741277771295	-0.0046812207215638345	0.0009931818646693616	-0.007220316968387533	0.002717147425373347	-0.0	0.0	0.0	0.0	0.0	0.0	0.0	0.0	0.0	0.0	0.0	0.0	0.0	0.0	0.0	0.0	0.0	0.0	0.0	0.0	0.0	0.0	0.0	0.0	0.0	0.0	0.0	0.0	0.0	0.0	0.0	0.0	0.0	0.0	0.0	0.0	0.0	0.0	0.0	0.0	0.0	0.0	0.0	0.0	0.0	0.0	0.0	0.0	0.0	0.0	0.0	0.0	0.0	0.0	0.0	0.0	0.0	0.0	0.0	0.0	0.0	0.0	0.0	0.0	0.0	0.0	0.0	0.0	0.0	0.0	0.0	0.0	0.0	0.0	0.0	0.0	0.0	0.0	0.0	0.0	0.0	0.0	0.0	0.0	0.0	0.0	0.0	0.0	0.0	0.0	0.0	0.0	0.0	0.0	0.0	0.0	0.0	0.0	0.0	0.0	0.0	0.0	0.0	0.0	0.0	0.0
S7-male-1	-0.25875388308232067	-0.021058403724377343	0.06006861945675181	0.12381108270291337	-0.027354888223650682	0.009974873924933273	-0.008882308804146644	0.062490444223196134	-0.05273988226569122	0.05174021298181627	-0.033446159914213736	-0.06385770506759199	-0.028527568881388594	0.05686633409667711	0.02858628152081091	0.023239829615991133	0.02423329637380322	0.01499264347788493	0.01729420602245054	-0.0044759446417459775	0.034275221133692774	-0.016672011548739818	0.0036973236353636117	0.010790097225860884	0.00269252146628454	-0.017624960780977965	0.0028969928671665605	-0.00036175298239464953	-0.00047622887636988436	0.024897215143366236	0.04046519130880978	0.0027934139396950186	0.012075322784558685	0.01686095655341083	-0.005362158404724207	0.018818570361544128	-0.006796049833284928	0.04204288349905982	-0.006433875878921318	-0.016767716124962737	0.027849263883067046	-0.01234238728269788	0.010847705272771915	-0.017343616644331813	0.009447535805926641	-0.0026802970264746505	0.02773728060457657	-0.016439010989423915	-0.02367787300274904	-0.014790296206792376	-0.0062134630635690795	-0.015482901687354717	-0.013684083453214353	0.010092892253332715	0.0034739304707414706	0.021084499369979318	-0.035028633069432526	-0.0021236156639526543	0.026895586815623693	-0.007106030419392733	-0.0007292776961330538	0.004639773161604267	0.0024544738421708135	-0.006100879458735377	0.020808135272018784	0.0190380667137903	0.017274371375185792	0.003919159006967363	-0.00541329821005754	0.0025065014562353147	0.00944189593476374	-0.0004997310761987703	-0.022595457724215322	-0.020058303360486123	-0.016493974938478963	0.013371450857316855	0.0014597557182787243	0.01573228606189341	-0.019203283564361403	0.009216880996852124	0.0029695825193817565	0.009759130846828829	-0.014205888768303199	-0.006040729676170599	-0.014793686474527952	-0.010176843520071439	0.0010418600054953005	-0.015111431284775986	-0.01863051315779343	0.007558630870293375	0.020067038945747833	-0.0014680728163708693	-0.011672771785406448	-0.0013671165559768245	0.00803539643004077	0.01167931624398228	-0.011526193914827287	-0.003181976792214657	-0.013719162691413128	-0.004967605570549007	-0.012995986523613553	0.006568857221240052	-0.009537522892885219	0.007415878272366294	0.0011897140840519454	-0.002090309880799304	-0.00658901460045169	0.0010946618661935637	-0.0	0.0	0.0	0.0	0.0	0.0	0.0	0.0	0.0	0.0	0.0	0.0	0.0	0.0	0.0	0.0	0.0	0.0	0.0	0.0	0.0	0.0	0.0	0.0	0.0	0.0	0.0	0.0	0.0	0.0	0.0	0.0	0.0	0.0	0.0	0.0	0.0	0.0	0.0	0.0	0.0	0.0	0.0	0.0	0.0	0.0	0.0	0.0	0.0	0.0	0.0	0.0	0.0	0.0	0.0	0.0	0.0	0.0	0.0	0.0	0.0	0.0	0.0	0.0	0.0	0.0	0.0	0.0	0.0	0.0	0.0	0.0	0.0	0.0	0.0	0.0	0.0	0.0	0.0	0.0	0.0	0.0	0.0	0.0	0.0	0.0	0.0	0.0	0.0	0.0	0.0	0.0	0.0	0.0	0.0	0.0	0.0	0.0	0.0	0.0	0.0	0.0	0.0	0.0	0.0	0.0
S7-male-2	-0.12893752152253382	-0.37136576850549186	-0.19607702471375413	-0.03971074809313578	-0.026810331475461694	0.030739438024199473	-0.019332011435977254	-0.047759738431380885	-0.009714801106251017	-0.044397866521063985	0.027442145932609633	0.006135691174865827	-0.021543407654006225	0.019560673533927424	-0.006756818553234397	0.002444578807686742	0.0001434126148886751	0.01514183603775515	-0.04745697883497291	0.007496930393016145	-0.04291383146805642	-0.038137531473995324	-0.006545926783935009	-0.0006039651115670585	-0.04123303172502054	0.06410619666754201	0.019678889824847286	0.018888899087922798	0.017963665585049388	-0.032366763177440125	0.017211484659979424	0.030125690944264167	-0.04275085642855276	-0.021489761523103553	0.013822806576395615	-0.016855264210102944	-0.01842763409567181	-0.025494639250430034	-0.014675102282054332	0.024863028236092974	-0.03361640969412217	-0.005198819547218182	-0.005180863118867874	0.0016862310259218363	0.016082933663577964	0.030843014172283887	-0.027978313557958327	0.00945883826985871	-0.0434347138330283	0.03733081098101514	-0.01945670105141999	0.013937733343891765	-0.013429699557751296	-0.02850563974049406	0.010392575773229277	-0.021697896960802876	0.004596850766458821	-0.014015190535803747	-0.04214177918840816	-0.022956736609998817	-0.0032768957568191565	-0.02904411493156996	-0.004632916374199207	-0.02396377258938599	-0.007603878184586864	-0.0015348189733171678	-0.0004011451369576293	-0.004015368265198929	0.014411066657784532	-0.003823638998099905	0.0036945383571974776	-0.0030297949274370145	0.0001276289976954762	0.009683158022905135	0.008373034067272779	0.0035892306170032962	0.01170509772163545	-0.022578492297996727	0.006196733354951004	0.010022831575389845	0.0014718503989742345	0.008860848413545178	-0.0015211060544862648	0.0012938621399379395	-0.009762524077094624	0.006523548953976031	0.008020099171908083	0.02094256411351858	0.0018841944595076121	-0.006639082860121317	0.004225884356488808	0.01252102866061736	0.0021384619532816423	0.011530287233890848	0.004053366225311689	-0.0038402593702016145	-0.0019075940400964308	-0.011069648557925613	-0.009609324452390051	-0.008113889227630042	-0.0048584708150116234	-0.0019115983867729783	-0.00566396806980859	-0.0007783481353377918	0.00013190250230616076	-0.0024350437979849494	-0.00044930170869264167	0.0007601507505792343	-0.0	0.0	0.0	0.0	0.0	0.0	0.0	0.0	0.0	0.0	0.0	0.0	0.0	0.0	0.0	0.0	0.0	0.0	0.0	0.0	0.0	0.0	0.0	0.0	0.0	0.0	0.0	0.0	0.0	0.0	0.0	0.0	0.0	0.0	0.0	0.0	0.0	0.0	0.0	0.0	0.0	0.0	0.0	0.0	0.0	0.0	0.0	0.0	0.0	0.0	0.0	0.0	0.0	0.0	0.0	0.0	0.0	0.0	0.0	0.0	0.0	0.0	0.0	0.0	0.0	0.0	0.0	0.0	0.0	0.0	0.0	0.0	0.0	0.0	0.0	0.0	0.0	0.0	0.0	0.0	0.0	0.0	0.0	0.0	0.0	0.0	0.0	0.0	0.0	0.0	0.0	0.0	0.0	0.0	0.0	0.0	0.0	0.0	0.0	0.0	0.0	0.0	0.0	0.0	0.0	0.0
S7-male-3	-0.1596171532950304	0.0026227915882171093	0.0675775602260532	-0.06234132367588369	0.036480678740766624	0.055039744497622826	0.14157932444201346	-0.02153258714970415	-0.06824707956250338	-0.04619240895938333	0.03462182599201461	0.03951959342597579	0.03379267726381879	0.030172616601418702	0.03629156111725922	0.03078135895284506	0.028720826367943778	0.002076166992455554	-0.008764696424365441	-0.008327820039632852	-0.023618238141213936	-0.042314432019680964	-0.024857604764799483	0.018722743329927388	0.01992214819603784	0.07206589173160886	0.00687979483245726	0.027822148752355398	0.010264848142616988	-0.02094012296390229	0.02389216061149425	0.022582775121301458	-0.03921204387056846	-0.024356020973934196	-0.007030631275386037	-0.015494228234577955	-0.004580469662499235	-0.05471161260731993	-0.029613145910906306	-0.032133000122265734	-0.011099532461093981	0.009917999834761618	0.02375331378554846	-0.004046449275535145	0.0035859432272050827	-0.02081736444674718	0.001715306274614498	-0.014236464188845884	-0.0058900062757531865	0.03717821295157675	0.010836507626375625	0.05002521644925614	0.04681157066529062	-0.02665651612342274	0.01406530079262219	-0.007165655181383541	0.031220355722756152	-0.03495812413287761	0.011989783368928033	-0.012245689786014303	-0.04207848559489434	0.009485401069505708	0.008902371265200916	-0.008403329248908329	0.01575437487030451	-0.005482663219933767	0.011225980726725341	0.018289660262058218	0.019829501588381683	0.01961323846316768	-0.004307606947488342	0.003608053287895425	-0.012230826587142958	-0.01407151788452604	0.0029139036558375243	-0.007752027656629242	0.015072942108711702	-0.0145534337077058	-0.010217012460217178	-0.0012187270791378403	0.009967196324573293	-0.010081778406136865	0.011864477694070119	0.006396442650291178	-0.003470417422955098	-0.0006512486226339078	-0.0027377287518476857	0.0027660236697011134	-0.010658633838665174	0.015534195917954383	-0.012277724914578615	-0.006935623917853371	-0.01105015970995819	0.0112502790775645	-0.015675825561370798	0.0053212452642978966	-0.011313085024486936	-0.006600494029871448	-0.004969938275989677	0.0033362116756247614	-0.00033627903131028855	-0.00897622878821633	-0.0003128994470315729	-0.00030190277594254004	-0.007354261181898188	0.0017734044664825643	-0.0018366498207009277	0.0009426454845698072	-0.0	0.0	0.0	0.0	0.0	0.0	0.0	0.0	0.0	0.0	0.0	0.0	0.0	0.0	0.0	0.0	0.0	0.0	0.0	0.0	0.0	0.0	0.0	0.0	0.0	0.0	0.0	0.0	0.0	0.0	0.0	0.0	0.0	0.0	0.0	0.0	0.0	0.0	0.0	0.0	0.0	0.0	0.0	0.0	0.0	0.0	0.0	0.0	0.0	0.0	0.0	0.0	0.0	0.0	0.0	0.0	0.0	0.0	0.0	0.0	0.0	0.0	0.0	0.0	0.0	0.0	0.0	0.0	0.0	0.0	0.0	0.0	0.0	0.0	0.0	0.0	0.0	0.0	0.0	0.0	0.0	0.0	0.0	0.0	0.0	0.0	0.0	0.0	0.0	0.0	0.0	0.0	0.0	0.0	0.0	0.0	0.0	0.0	0.0	0.0	0.0	0.0	0.0	0.0	0.0	0.0
S8-female-1	-0.2347400138339927	-0.0506683397252808	0.18684596715755306	0.0726457904690995	-0.049595073701321074	0.081154180308628	-0.051467951194082824	-0.09511415480485946	0.10353537514086401	0.12113754826938074	-0.21442853802238598	0.13503586611466967	0.0037542276536864125	-0.04980010932437366	0.009587669737407536	-0.10816842427482422	-0.15520926749186167	0.039855235977631236	-0.08853219111844034	0.0025810179092570704	-0.060233313848089505	0.04345710589237545	-0.08584854223682535	0.07943409380275286	0.07504320315558959	-0.007119988369348691	0.04644549624646516	-0.00909994083440763	0.0266350988634649	-0.004476811737980182	-0.0723084295247293	0.014312712763587147	-0.040526848198973404	0.06749371245779347	-0.05867248783260908	0.03593384218990811	0.008147048094221477	0.027699028238768388	-0.00600684873249874	-0.0276250118478264	0.03599441887872549	-0.004894259430723892	0.018406943159924406	-0.047937477243360206	0.06744544182476911	0.019181387872643476	0.006227416050554278	-0.02682634404876078	0.049900877077283384	0.027819770528972075	-0.03770257490654376	-0.043448074158408546	0.0031763449996511485	-0.009230504699085118	0.028897679882938548	-0.001983682461476427	0.0201027297345335	-0.007780554478230221	-0.024821003261842917	-0.01037977183545047	-0.039886448806946195	-0.013104431219977326	0.005982097681633885	0.04466728946767931	-0.04899239359004627	-0.006478091646969729	0.018068287507215685	0.008357792058849895	-0.006699633268392478	-0.03419430102328494	-0.052857318403065144	-0.0019609274135195115	-0.02069556808039787	-0.01871137694055889	0.01355205019775052	0.0006421764660767357	0.011975266736168295	0.0031788315328172066	-0.009806417075850104	-0.015629768767600593	-0.005125347514644863	-0.004090855507081337	0.023787950307143663	-0.009555035609290018	0.029322982463467064	-0.02054434119044576	0.01309965620075948	0.021175994109295288	0.005429851711196208	0.001701944372975247	0.01349422450913385	0.003746517056796133	-0.009858606158338027	-0.006088202226205341	0.005613308459682867	-8.689781909299449e-05	0.004402548050830424	0.0032800148768982254	-0.002177598297856577	-0.0012915158336117944	-0.0025882276871428255	-0.0008290145384241682	0.0001924253117595604	-0.0020950478599127973	-0.004161223719545179	0.0018753986526477762	-0.0006366012132818019	0.00207202933339326	-0.0	0.0	0.0	0.0	0.0	0.0	0.0	0.0	0.0	0.0	0.0	0.0	0.0	0.0	0.0	0.0	0.0	0.0	0.0	0.0	0.0	0.0	0.0	0.0	0.0	0.0	0.0	0.0	0.0	0.0	0.0	0.0	0.0	0.0	0.0	0.0	0.0	0.0	0.0	0.0	0.0	0.0	0.0	0.0	0.0	0.0	0.0	0.0	0.0	0.0	0.0	0.0	0.0	0.0	0.0	0.0	0.0	0.0	0.0	0.0	0.0	0.0	0.0	0.0	0.0	0.0	0.0	0.0	0.0	0.0	0.0	0.0	0.0	0.0	0.0	0.0	0.0	0.0	0.0	0.0	0.0	0.0	0.0	0.0	0.0	0.0	0.0	0.0	0.0	0.0	0.0	0.0	0.0	0.0	0.0	0.0	0.0	0.0	0.0	0.0	0.0	0.0	0.0	0.0	0.0	0.0
S8-female-2	-0.14529155423119147	-0.38358530075822966	-0.18485963062451224	0.029911019075138226	-0.09832524142022322	0.013252871977955103	-0.028168576211192557	-0.009488767097061826	-0.07673524093624955	0.08277310762126182	-0.013080008128213813	-0.03756959015732401	-0.06799376229007534	0.021344623973675307	0.046253338215645416	-0.043511472561833166	-0.052912253560912975	0.009055435283108551	-0.002900252483184328	0.03221879065049229	0.005564765489710753	-0.01985271397128378	7.66716572684941e-05	-0.004972608332069965	-0.00378213532374927	0.01989786220116202	-0.029471610445942015	0.0021818643894359847	0.005286149642896316	-0.007473237464405185	0.010528124374853861	0.05729733838753762	-0.016291935557153907	0.015493591938211346	0.005658634710301702	-0.026567968863751974	-0.01745417786264975	-0.004888257067445219	0.001731047946934118	0.0003408556448130573	4.005516361033113e-05	-0.0052111356428319105	0.0014674492615280338	0.0045111385525894885	0.00859003010233697	0.026838952534738208	-0.02111341342250052	0.008409716588509508	-0.00360402651424371	-0.00799509556144394	0.018538310556759214	0.0031517591132986826	-0.008914200363278975	0.0010894611582768885	-0.003963659793714726	-0.011675140531363908	-0.004370663965946755	0.015515137104723816	-0.0018390298444943985	-0.0012895978799274043	-0.006622690245382948	-0.015127876186454496	0.001976659718103723	0.002060889777218008	0.010469376809775775	-0.008351261944638632	0.001259072947548307	0.007838321299433638	0.004238572151146672	-0.0076178716564440346	0.010453254755378526	0.009779664772120153	0.008257388497352367	-0.006414190283856035	0.006924242336240445	0.0004270023655780022	0.003938018678969694	0.004901900189629976	-0.01338651106050375	-0.005297849185218101	0.011247468992210866	-0.007781753404268931	-0.013762241666057305	-0.013404394742261194	0.0041539868623689845	0.010321213845697725	-0.003057697610261387	-0.0013142239613518566	0.020802018515455715	0.002036545508026752	-0.001403542954121678	0.0035243468409398068	0.002328799387342835	0.0015050285629583755	-0.0008252329060951655	-0.0022301733092264923	-0.002398881894052659	0.004288725532737048	0.002058437595629309	0.005628104823218286	0.0018727072764590544	0.002920304522613957	-0.003828874723020012	-0.0006037954067368709	0.0014145590945205833	0.0002582442279429663	-0.00020155869506592198	-0.0011462691592252913	-0.0	0.0	0.0	0.0	0.0	0.0	0.0	0.0	0.0	0.0	0.0	0.0	0.0	0.0	0.0	0.0	0.0	0.0	0.0	0.0	0.0	0.0	0.0	0.0	0.0	0.0	0.0	0.0	0.0	0.0	0.0	0.0	0.0	0.0	0.0	0.0	0.0	0.0	0.0	0.0	0.0	0.0	0.0	0.0	0.0	0.0	0.0	0.0	0.0	0.0	0.0	0.0	0.0	0.0	0.0	0.0	0.0	0.0	0.0	0.0	0.0	0.0	0.0	0.0	0.0	0.0	0.0	0.0	0.0	0.0	0.0	0.0	0.0	0.0	0.0	0.0	0.0	0.0	0.0	0.0	0.0	0.0	0.0	0.0	0.0	0.0	0.0	0.0	0.0	0.0	0.0	0.0	0.0	0.0	0.0	0.0	0.0	0.0	0.0	0.0	0.0	0.0	0.0	0.0	0.0	0.0
S8-female-3	-0.04532049307022033	-0.07651197614379078	0.08884408171556452	-0.02915706189886867	-0.03810590721207879	-0.06513143023921117	0.18484596127454525	0.08285212598979794	-0.08828776096408084	0.03703769843075093	0.07675000873474754	-0.029659142798943213	0.05263621420613224	0.06280134712397918	-0.024828948646653096	0.09537165414999718	-0.007716623267644167	0.0007195566454465229	0.01063524870887433	-0.042541534633550565	-0.0930834684412398	0.08490651098376403	-0.0184484737674771	0.007470236104311049	-0.009133020670474369	-0.03852994664805743	0.05931035984077755	-0.041220725907252516	0.0003042695716285056	-0.024901248708780188	-0.03276630154314942	-0.02399137568087075	-0.007608608144057937	0.041089285858310634	-0.01798787332459345	0.02914210327600733	0.003377835316333051	0.04799390345174879	-0.0065193350783301456	-0.0550175941406455	0.010252592070605167	-0.03721108471158228	-0.019409662667107367	-0.00595367229754548	0.016400775804827898	0.027119704975640726	-0.001965623783643587	0.02056249409056063	-0.01223325135420411	-0.02080309127189961	-0.03238475118858216	-0.015624596795919482	-0.01657203337795098	0.005758937997708628	-0.009528345217222853	0.01800811619760762	-0.03425616144386352	0.017957234835758666	0.0031156724082956337	0.004977305172555791	0.01009276851679112	0.008489723138216927	0.011026824412343447	-0.01418313897238869	-0.005717875219408359	0.03517854383164079	-0.010828965155928018	-0.01195274512547197	-0.003780889018377142	-0.0032516227578032455	-0.0037574038179535364	-0.004965801937014778	-0.005393119963740504	-0.006383903991403314	-0.00694177560378676	0.0013798770282285515	0.008511375981919872	-0.005468775399465676	0.02063370202422998	0.0010623884490932383	-0.000934544525372519	0.013412825383104838	0.004463941585939897	0.008057845129301387	-0.005398060075461595	0.01125499813410309	0.00035120428442272363	-0.0016056592339141528	0.005657259505007084	0.003418984623675326	0.007920439785968457	-0.0026262015429858493	0.0004251481885716547	0.0005712068298812648	0.006822283735767096	-0.0020996410858154816	-0.008596615047214654	-0.0024572360719094	-0.00570813251342527	-0.003994656827425412	-0.003209397207622291	-0.0010738795172013575	-0.004755036718921363	0.0033597121243584124	0.005968833945480055	0.0028639087095969954	-0.005486422116734475	-0.00031732812104758533	-0.0	0.0	0.0	0.0	0.0	0.0	0.0	0.0	0.0	0.0	0.0	0.0	0.0	0.0	0.0	0.0	0.0	0.0	0.0	0.0	0.0	0.0	0.0	0.0	0.0	0.0	0.0	0.0	0.0	0.0	0.0	0.0	0.0	0.0	0.0	0.0	0.0	0.0	0.0	0.0	0.0	0.0	0.0	0.0	0.0	0.0	0.0	0.0	0.0	0.0	0.0	0.0	0.0	0.0	0.0	0.0	0.0	0.0	0.0	0.0	0.0	0.0	0.0	0.0	0.0	0.0	0.0	0.0	0.0	0.0	0.0	0.0	0.0	0.0	0.0	0.0	0.0	0.0	0.0	0.0	0.0	0.0	0.0	0.0	0.0	0.0	0.0	0.0	0.0	0.0	0.0	0.0	0.0	0.0	0.0	0.0	0.0	0.0	0.0	0.0	0.0	0.0	0.0	0.0	0.0	0.0
S8-male-1	-0.12190153836410944	-0.08168975217469794	0.041911144817618956	0.15350766271050148	-0.029304821293688145	-0.022413243646009686	0.06447932627668658	0.14630546863482785	0.03603852261135536	-0.12325648133029468	0.02883146986509533	-0.040417974456749904	-0.033081790395417	-0.07108355744880208	0.031222158598261152	0.024824336728788927	0.06408881471372509	-0.034193425716368187	0.050002154699364525	-0.015654975484303744	0.0068257040183151525	-0.009921021953734612	0.04013197647698916	-0.10394309824377096	0.02038857379261541	-0.011164323529570652	0.023888988881453847	-0.042307525603676704	-0.003576051641702694	-0.03062812697111325	-0.11591910378778836	0.06498546441233355	0.03562643023491058	0.025710449839077533	0.02970368229794245	0.03171765325084522	0.06019186094443873	-0.025495224070845177	-0.006506790902551624	0.046910691033302546	0.004154435517216657	0.08311005061671124	0.0007700714324118697	0.014635394327384116	0.03824998624674662	-0.026779655885527547	0.006297387457339687	0.01446088925130812	0.03320794788498832	-0.025236944491222955	-0.013457613741646857	-0.004050035882907461	0.018387785882955504	0.037226509249703145	-0.05365239971986127	0.009094972108389327	0.028276731511970105	-0.002878467562935869	-0.050260208640292105	0.01642817615247113	-0.0009587430584843661	-0.00881133958329868	0.021961327665847914	-0.014909101956110898	-0.006242284015683911	0.0109717522101756	0.024111416684787012	-0.0006847224070002382	-0.026117916540549766	-0.005471785190469111	-0.028118919367894384	-0.014059063267507853	-0.0009156201461725212	0.010499886785316234	0.01220547804279771	0.018291847777889544	-0.013593528373607831	0.0064216691586415015	0.005190033967201509	-0.03119560071380797	-0.01071101124019719	0.001217489719217368	-0.00039840317751172594	-0.0021148469541709975	1.1984243394087256e-05	-0.008060682686671271	-0.0011110945314186402	-0.001042360325775323	-0.00038730881494644827	0.00999701101439604	-0.006883614066153308	0.007067755047447553	-0.011127048473057632	0.01322142938563536	-0.0031247507594030356	0.0012852454101533158	-0.0004043179292586204	0.009101650417993839	0.005851748117569271	-0.004355225998422967	0.001147546812834087	-0.002813595494466082	-0.009372458045260285	0.002197096604730103	-0.0026844573750448185	0.0033708780734630797	0.00042334827789371497	0.002044781530074445	-0.0	0.0	0.0	0.0	0.0	0.0	0.0	0.0	0.0	0.0	0.0	0.0	0.0	0.0	0.0	0.0	0.0	0.0	0.0	0.0	0.0	0.0	0.0	0.0	0.0	0.0	0.0	0.0	0.0	0.0	0.0	0.0	0.0	0.0	0.0	0.0	0.0	0.0	0.0	0.0	0.0	0.0	0.0	0.0	0.0	0.0	0.0	0.0	0.0	0.0	0.0	0.0	0.0	0.0	0.0	0.0	0.0	0.0	0.0	0.0	0.0	0.0	0.0	0.0	0.0	0.0	0.0	0.0	0.0	0.0	0.0	0.0	0.0	0.0	0.0	0.0	0.0	0.0	0.0	0.0	0.0	0.0	0.0	0.0	0.0	0.0	0.0	0.0	0.0	0.0	0.0	0.0	0.0	0.0	0.0	0.0	0.0	0.0	0.0	0.0	0.0	0.0	0.0	0.0	0.0	0.0
S8-male-2	0.04689425160068084	-0.30816224586064006	-0.20890982960505683	-0.09412706988531497	-0.08439600678064398	-0.08387559712409301	0.06492648163697746	0.03617991140445568	-0.05146726523306617	-0.021127540930651553	-0.002867610748507861	0.038891368401230655	-0.06415904913761683	-0.03254105928725605	0.01038874101319672	-0.011469605589198352	-0.02946986784454007	0.021763507566865934	-0.012851389644897055	0.005486727793022187	-0.022183020519155248	0.03453564964024846	-0.01025154170001543	0.032456584519729076	0.00579824201991036	-0.04635207365057059	-0.029347344356924245	0.006439095790150916	0.019091885198015694	0.00016299932466725707	-0.003347493076161486	0.02133069659928101	0.003399122815581626	0.001384959326433437	0.009807773106145945	-0.015245703392648396	5.376906187161944e-05	-0.017591471301109527	0.03104440955342284	-0.05126315803257302	0.037624033686637914	0.012649116757682396	-0.007691844491470049	-0.006171414436523034	0.029477337948588	0.03951982847537938	-0.019437840524852253	-0.0210970156672129	-0.00042417826709071585	-0.013557611134035794	0.023269339508762275	-0.0038578740795769902	0.005950859946896001	0.02841702067198376	0.009327057148499645	0.01691059049272262	-0.011238414553401936	0.017013044617828325	0.002090508704266552	0.003126935301812208	-0.002932824795792305	-0.016953404601954842	0.015515969212736026	0.0037705667385471353	0.02150377088373737	0.01915255349776302	-0.03356105582225519	-0.013987527818049284	0.00717029532030027	0.020417779899613006	-0.0013024555806099094	-0.013680474413047903	0.00963542647865121	-0.0005338134219015887	-0.011195179719914622	-0.003828166021958273	0.0018209370331273718	-0.019071393860058454	0.0031057253739898588	-0.012365026754479385	-0.0029418156302304034	0.01598573866310629	0.010158330279072366	0.00406946135484759	-0.0003671362786042568	0.0014310299560086523	-0.014959736229267466	-0.0030290266969620074	0.002204212955049121	-0.013532750677909077	-0.001783788268269188	-0.0018591106140269365	0.0021276898897716746	-0.0015913247714730567	-0.00216351108635402	0.008277693042615166	0.0028385937931556934	0.0016725426096544018	-0.0038125470061891238	-0.008269991499636588	0.0010290884634565687	0.0007389234345426507	0.0036637631683834543	0.0006748764433572248	-0.001965975995908424	0.006230537169681677	0.002317449595783937	0.0024323496484218235	-0.0	0.0	0.0	0.0	0.0	0.0	0.0	0.0	0.0	0.0	0.0	0.0	0.0	0.0	0.0	0.0	0.0	0.0	0.0	0.0	0.0	0.0	0.0	0.0	0.0	0.0	0.0	0.0	0.0	0.0	0.0	0.0	0.0	0.0	0.0	0.0	0.0	0.0	0.0	0.0	0.0	0.0	0.0	0.0	0.0	0.0	0.0	0.0	0.0	0.0	0.0	0.0	0.0	0.0	0.0	0.0	0.0	0.0	0.0	0.0	0.0	0.0	0.0	0.0	0.0	0.0	0.0	0.0	0.0	0.0	0.0	0.0	0.0	0.0	0.0	0.0	0.0	0.0	0.0	0.0	0.0	0.0	0.0	0.0	0.0	0.0	0.0	0.0	0.0	0.0	0.0	0.0	0.0	0.0	0.0	0.0	0.0	0.0	0.0	0.0	0.0	0.0	0.0	0.0	0.0	0.0
S8-male-3	-0.10358733295867702	-0.012006007817886808	0.06979868559622036	-0.07068907342922921	0.041476736127535226	0.02007754250298749	0.08631946417002037	-0.036711221021974896	-0.004771094403597821	-0.13580976007744203	0.040651893668428425	-0.019130267345008337	0.01835009539090359	-0.03099690108568026	0.00931982329174426	-0.05223505242484027	0.07937310260761735	-0.06603030986514574	-0.0106586661825678	0.016862062806594854	-0.061254530504019154	0.024258794269144596	-0.12249557831345467	0.02202459138639259	0.0015431477705436295	-0.015011864539849375	0.031117386764271383	-0.02515998357510877	-0.05004558809416365	-0.012074826146689671	0.004787625276157443	0.019487471877629035	0.018718693825867414	-0.003318840873532546	0.04454363164031688	0.06785158259507638	-0.017906347054912387	0.003979179207341581	0.011628976944072784	0.028972432949758722	6.171688718797549e-05	0.0014865754021799054	-0.001689396572942741	-0.04442611906560332	0.008655669605467532	0.0250735788434558	0.001588864710647237	-0.022490009314260356	-0.012118337152208856	0.024319329201807082	-0.03288915870249894	0.010800208741441138	-0.03938459561015229	0.02196732410400618	0.02668281563335444	0.003884857434974475	0.029944431075460114	-0.020000968842050697	-0.03594086867346354	-0.014770833462376716	0.005483911422247464	-0.0023230007651223747	-0.023698507800584124	0.013031634924804136	-0.021740001864837447	-0.0068143289372099075	-0.023545509118943587	-0.001239837390917385	0.004085134030195994	-0.0079356854352402	0.008166311594462532	0.009909354026971726	-0.00434652733283564	-0.006527997607336993	-0.020870428003288127	0.006554345378704198	-0.0074801046848508804	0.0021466318288099317	0.0028520006089958532	0.015806240468977783	0.018129483048779028	-0.0059828656657282125	0.029390858420147374	-0.013128920777778046	-0.013622380961251066	0.007772574424013027	-0.0033031299026733134	0.005608421848729586	-0.006723454105244766	-0.002968916258630628	0.002723249913639926	0.005938084429134927	0.007366099803969341	0.01731206020918103	-0.0009294335977515553	0.00042657342701064047	0.010126719386964824	0.0046116046387962364	-0.003971316045304245	0.00031191489039304537	0.013052142375374911	0.007623927413895998	0.01418929561668402	-0.0020300032777770187	0.003478499193292228	0.0011519503417307818	0.0028621683495614514	-0.001729475235755658	-0.0	0.0	0.0	0.0	0.0	0.0	0.0	0.0	0.0	0.0	0.0	0.0	0.0	0.0	0.0	0.0	0.0	0.0	0.0	0.0	0.0	0.0	0.0	0.0	0.0	0.0	0.0	0.0	0.0	0.0	0.0	0.0	0.0	0.0	0.0	0.0	0.0	0.0	0.0	0.0	0.0	0.0	0.0	0.0	0.0	0.0	0.0	0.0	0.0	0.0	0.0	0.0	0.0	0.0	0.0	0.0	0.0	0.0	0.0	0.0	0.0	0.0	0.0	0.0	0.0	0.0	0.0	0.0	0.0	0.0	0.0	0.0	0.0	0.0	0.0	0.0	0.0	0.0	0.0	0.0	0.0	0.0	0.0	0.0	0.0	0.0	0.0	0.0	0.0	0.0	0.0	0.0	0.0	0.0	0.0	0.0	0.0	0.0	0.0	0.0	0.0	0.0	0.0	0.0	0.0	0.0
S9-female-1	-0.05362562796072155	0.0027314253026209127	0.08347920606807867	-0.096698694986545	-0.02450183660970337	-0.06856948933868934	0.11611254718767687	0.048277927720034544	-0.04181811254842022	-0.06968929995093463	-0.08063528905081163	0.061556236631009294	-0.03257115235013272	0.001962667535934865	0.08001283088729977	0.07657653409223086	-0.0036857196489236653	0.0037620834688895845	-0.04698602083469505	0.029592845462417354	0.05275788627242587	0.0537801793335472	0.030579552093595794	-0.05125628654618653	-0.008732089602401188	0.040745263110559246	-0.025769802398593295	0.051249099121212074	0.009339027963212555	-0.023868080983108806	0.01283820677302565	-0.0221674362533008	-0.040205811181581466	-0.010512853797490482	-0.012219372876580087	0.008447266114790195	-0.027584759519423543	-0.0003939289850660954	-0.008512952065755086	0.019211455714750435	0.020364821145381344	0.039569767399535265	-0.008318953703187507	0.005058829124326335	0.011410248998494132	0.010252581656390135	-0.03054981265477651	0.04718653693758119	-0.03517752856075408	0.00631242706341923	-0.023086395701077934	0.0034014706223727247	-0.037269979056841665	-0.009440080049247528	-0.016137393489886263	-0.0015381413966315894	-0.02219070108073877	0.0003230995290357963	-0.04645976542496231	-0.028168334077115748	0.004112127774256445	-0.0015655732437342492	-0.011381866999413948	-0.005616623981727638	0.009797189820941925	-0.0019833089948955757	-0.028446589999938262	-0.011633801165798568	0.005044938229045969	-0.0029380334945682722	-0.02740921890011972	-0.01901155410300946	0.010709534671266625	0.030934210119136118	0.012509851799783412	-0.0049057868866019365	-0.00011038831080522138	-0.008222665826482872	-0.013788817677158142	-0.008235094480968685	0.022041013564832512	0.004499014227154524	-0.008667652682838449	-0.00419324801523082	0.013430477782462796	-0.0018996399216914435	-0.004952439082481965	-0.007833235165787518	-0.021540120066209218	0.0056338520184922285	0.00013076688768745283	0.0045125857945915015	-0.0029719139104221327	0.00236828974578437	-0.001992367126337393	0.00399110215276055	0.00735300257525782	0.002033426768441743	0.0007351844680809596	-0.008601006731377507	0.0019725608613074905	0.0013317731063181874	0.0008861616177098392	0.0005619771807784437	0.0020751882980264763	-0.0035439875589346526	-0.00045060902467708506	3.382529739914243e-05	-0.0	0.0	0.0	0.0	0.0	0.0	0.0	0.0	0.0	0.0	0.0	0.0	0.0	0.0	0.0	0.0	0.0	0.0	0.0	0.0	0.0	0.0	0.0	0.0	0.0	0.0	0.0	0.0	0.0	0.0	0.0	0.0	0.0	0.0	0.0	0.0	0.0	0.0	0.0	0.0	0.0	0.0	0.0	0.0	0.0	0.0	0.0	0.0	0.0	0.0	0.0	0.0	0.0	0.0	0.0	0.0	0.0	0.0	0.0	0.0	0.0	0.0	0.0	0.0	0.0	0.0	0.0	0.0	0.0	0.0	0.0	0.0	0.0	0.0	0.0	0.0	0.0	0.0	0.0	0.0	0.0	0.0	0.0	0.0	0.0	0.0	0.0	0.0	0.0	0.0	0.0	0.0	0.0	0.0	0.0	0.0	0.0	0.0	0.0	0.0	0.0	0.0	0.0	0.0	0.0	0.0
S9-female-3	-0.1889082182202354	-0.07956119771423326	0.09524265511244241	0.04830387574172974	0.03342634087234465	0.014880138841483705	0.09648274199176937	0.0486456224099666	-0.026247464754961265	-0.03511695997930191	0.11102721989601207	-0.0955443875848492	-0.034149246725516974	0.036207712906766984	-0.06237724181247541	0.03408410213208166	-0.022191716232791044	-0.00519442994976717	0.0673443340495231	-0.023345933654517204	-0.03220650915570064	0.0382822011934611	-0.02008163293893454	-0.038698288708313995	0.031450686059886705	0.016122903609890354	0.0491197920079467	-0.020076854487170143	-0.02694217071268198	-0.02898530011953901	-0.026230503285566385	0.032489725767525554	-0.010638521884440704	0.06714518805695709	-0.03235636369404257	0.006707301940117265	0.009670093751780412	0.06311829515706481	-0.048941378364390206	-0.04345459365413689	-0.014896003164078029	0.008982813425146785	0.002415659903783645	0.05011592697315929	-0.014096207206845235	0.01549928756164227	0.01767996577838863	0.015649389746515696	0.030940462547179616	-0.014029289915802677	-0.04303824952058409	0.017509240908945796	-0.00042400366245675276	-0.034858098821596746	-0.009391923204270649	0.0046302094398755845	-0.019557131919579886	-0.01735352232246139	0.011130409361083487	0.004595014000725297	0.008673331013775534	-0.0029265367759336385	-0.008332913225353287	-0.02824012298407183	-0.002619197275696812	0.01885455230525478	-0.0014151613858704925	0.00648860184567143	-0.017850677171245836	0.002352399428547378	-0.01975500310355657	-0.00881500081112205	-0.009024178745423403	-0.009025978822580666	-0.0020540140548299273	0.01557976807081741	0.010193838362039426	0.004858728697649771	0.012078654120323282	0.022253877281164992	-0.011138433513752332	-0.03022704177098475	-0.01720995344656897	0.015848159040453762	-0.009688259441196837	-0.0010921167857800874	-0.0018776529624662426	0.011167710370018222	-0.008388239946508388	0.0060716483697749474	0.003025218235372606	-0.0062732704617735075	-0.006119151493252186	-0.0035059404441304116	0.0021926350438962283	-0.0042854686301855216	0.018051804596202786	0.015966480706404475	0.007786692127040315	-0.0016043836917339512	-0.0010426141852714153	0.0038979060308756467	-0.000991155011229511	-0.0032816330851555575	-0.003994984345343798	-0.0026062212776505034	0.0012762933433205189	-0.0028525791027864487	-0.0	0.0	0.0	0.0	0.0	0.0	0.0	0.0	0.0	0.0	0.0	0.0	0.0	0.0	0.0	0.0	0.0	0.0	0.0	0.0	0.0	0.0	0.0	0.0	0.0	0.0	0.0	0.0	0.0	0.0	0.0	0.0	0.0	0.0	0.0	0.0	0.0	0.0	0.0	0.0	0.0	0.0	0.0	0.0	0.0	0.0	0.0	0.0	0.0	0.0	0.0	0.0	0.0	0.0	0.0	0.0	0.0	0.0	0.0	0.0	0.0	0.0	0.0	0.0	0.0	0.0	0.0	0.0	0.0	0.0	0.0	0.0	0.0	0.0	0.0	0.0	0.0	0.0	0.0	0.0	0.0	0.0	0.0	0.0	0.0	0.0	0.0	0.0	0.0	0.0	0.0	0.0	0.0	0.0	0.0	0.0	0.0	0.0	0.0	0.0	0.0	0.0	0.0	0.0	0.0	0.0
S9-male-1	-0.21349593934372332	-0.10184766529152492	0.06932020931631856	0.1834349164291786	-0.014130065201213985	0.03227705867923055	0.0455623135637098	0.08886663085768831	-0.006991348528333304	0.06120986350648114	0.011415321361179178	-0.0285571876527262	0.013069445818996262	-0.043340287391568394	0.011796936080400918	0.02285615568592681	0.06468453814934144	0.046043723185320365	0.036656056239972305	-0.004666369921382672	0.05035778286718274	-0.03527686156183802	0.000765269792108994	0.01664978584507595	-0.05585396978615261	0.010414784921900925	0.004185193163570492	0.03937657089191242	0.03558855698281048	0.04430451218611201	-0.012058026339016653	-0.01654069390666163	0.04996465614686633	0.003425857231998672	0.024934121703731545	-0.020227565296064953	0.022571690116815597	-0.015218045771268684	0.011993941685145042	0.035088926656615636	0.00042052669718398866	0.0015263450326597498	0.015697338513009428	-0.026376565593018167	0.04593190734336662	0.004702778535179742	0.027440702703018825	0.03412252786595942	-0.04207779107908793	0.04132434616892832	0.0062993698930109724	-0.003422384155693502	0.0295563003136952	-0.021588350575227087	-0.05453370392720869	-0.01436163905864791	-0.0040549202556002745	-0.00792395755983612	0.0054262809978825235	-0.02087166141442212	0.04843883238263699	-0.015105731685711145	0.0008654354343418617	-0.018017199163810536	0.002940873800573624	0.016952126055261633	0.038318350772950864	-0.05266713513748593	0.030244929610000467	0.012530823487782698	0.004753127167068127	0.00824267250920217	0.0003318665232789039	0.01868207102642758	0.004956233155754037	-0.005441078744582603	0.020501057783804427	-0.012775938974130438	-0.004660885382544585	-0.013137159138228464	-0.004582926236450397	-0.01804864377570274	-0.005575183069292153	-0.007351459160467439	0.007039050580818939	0.010601916262190893	0.0168118109748355	0.0016885767439092216	0.024445599819626643	-0.014234021128927127	0.025860688731825662	0.03118458242305092	0.004213319488965523	0.008513564074537776	0.02374810488383501	-0.005277723260060407	0.01793511114765493	0.016644817638979514	0.0026453449670015058	0.0047210625518105485	-0.00395486716906172	-0.00153452699757136	0.0012671319008800222	0.002136964503890248	0.005599303112235124	-0.0007718614846016585	0.0030457971422684867	0.0013096286402756413	-0.0	0.0	0.0	0.0	0.0	0.0	0.0	0.0	0.0	0.0	0.0	0.0	0.0	0.0	0.0	0.0	0.0	0.0	0.0	0.0	0.0	0.0	0.0	0.0	0.0	0.0	0.0	0.0	0.0	0.0	0.0	0.0	0.0	0.0	0.0	0.0	0.0	0.0	0.0	0.0	0.0	0.0	0.0	0.0	0.0	0.0	0.0	0.0	0.0	0.0	0.0	0.0	0.0	0.0	0.0	0.0	0.0	0.0	0.0	0.0	0.0	0.0	0.0	0.0	0.0	0.0	0.0	0.0	0.0	0.0	0.0	0.0	0.0	0.0	0.0	0.0	0.0	0.0	0.0	0.0	0.0	0.0	0.0	0.0	0.0	0.0	0.0	0.0	0.0	0.0	0.0	0.0	0.0	0.0	0.0	0.0	0.0	0.0	0.0	0.0	0.0	0.0	0.0	0.0	0.0	0.0
S9-male-2	-0.05918679135193719	-0.377748101699	-0.21831086068937636	0.0008373089626398432	-0.042621006856410196	-0.08503666871418997	-0.007161384245238131	0.03627256048690133	0.013012604179584457	-0.048196331193891016	-0.04611476107360534	-0.012290287301506608	-0.03499594429144129	-0.008957522111761573	-0.03493317456891805	0.013926096733783123	-0.039250003717991595	0.03549839540665044	0.03464544013419563	-0.005057572443158469	0.051492754436591036	0.03478723832613769	0.028541738749596375	-0.002982921939325647	0.026571857514571803	-0.010536033831987751	-0.01708630442543314	0.0016906039003314625	-0.009830852109721075	0.019945271508845522	0.014373170665255671	-0.04455408489422901	-0.03251610778879301	0.006319041372127197	0.006425591932729413	-0.010668028893474646	0.039116028490840164	-0.004122015135927305	0.02754039261438534	0.03148151160343814	-0.03439605196910964	-0.04250573598861384	0.0190533441593304	-0.048233975387091434	-0.016121885007028592	0.0046194536841499614	0.0021826132963353494	0.004034531497164807	-0.015365556912832729	0.023207549312444137	0.009522326052064076	-0.018225451875658542	0.006787907228374593	8.321127872889053e-06	0.01512973069037203	-0.02544247058505842	0.014128020908901969	-0.009590751357021919	0.026678905532897125	0.012964484433221152	0.009031348585658804	0.0009680168390981214	-0.023715821625433297	0.001110272851767765	-0.010928327087526645	0.012535036866711409	0.010642145636151661	0.01597045740177772	0.019080803839596695	-0.013905143008706947	0.009520784503889447	0.010091624193894196	-0.01666653618229039	0.012162082782756984	-0.012969057238973647	0.008258243742763996	0.00718558108331534	-0.0036980615568000482	0.006993108404984976	0.005866431037937511	0.004065878507690408	0.012882618522601934	0.012788806388732652	-0.000897410044783222	-0.003220142075156817	-0.008172307858164803	-0.0011903435406027374	0.008174773719123972	-0.010272850559672834	0.005098960595304588	-0.0011088508577841952	0.0033582107864750643	-0.0014931038673328182	0.004484221134810115	0.004008553490864703	0.009739147243906975	-0.004045483066151069	-0.008655583661400255	0.007219800607903133	-0.000397089917593076	-0.0005229164027738288	0.006168911427945934	0.002954452890774032	0.0012829734990585403	0.0012165730814123427	-0.000645999432976475	0.0029198849370381816	0.002239984068072652	-0.0	0.0	0.0	0.0	0.0	0.0	0.0	0.0	0.0	0.0	0.0	0.0	0.0	0.0	0.0	0.0	0.0	0.0	0.0	0.0	0.0	0.0	0.0	0.0	0.0	0.0	0.0	0.0	0.0	0.0	0.0	0.0	0.0	0.0	0.0	0.0	0.0	0.0	0.0	0.0	0.0	0.0	0.0	0.0	0.0	0.0	0.0	0.0	0.0	0.0	0.0	0.0	0.0	0.0	0.0	0.0	0.0	0.0	0.0	0.0	0.0	0.0	0.0	0.0	0.0	0.0	0.0	0.0	0.0	0.0	0.0	0.0	0.0	0.0	0.0	0.0	0.0	0.0	0.0	0.0	0.0	0.0	0.0	0.0	0.0	0.0	0.0	0.0	0.0	0.0	0.0	0.0	0.0	0.0	0.0	0.0	0.0	0.0	0.0	0.0	0.0	0.0	0.0	0.0	0.0	0.0

Biplot	0	0

Site constraints	0	0
