	S1-female-1	S1-female-2	S1-female-3	S1-male-1	S1-male-2	S10-female-1	S10-female-2	S10-Female-3	S10-male-1	S10-male-2-	S2-female-1	S2-male-1	S2-male-2	S2014F_E2-2-B-F	S2014F_E2-3-B-F	S2014F_E5-2-A-F	S2014F_E5-2-B-F	S2014F_E5-C-2-F	S2014F_E9-2-C-F	S2014F_E9-3-C-F	S2014m_E2-1-A-F	S2014M_E2-1-A-M	S2014m_E2-1-B-F	S2014M_E2-1-B-M	S2014m_E2-1-C-F	S2014m_E2-1-C-M	S2014m_E2-2-B-M	S2014m_E2-2-C-M	S2014m_E2-3-B-M	S2014m_E2-3-C-M	S2014m_E5-1-A-F	S2014M_E5-1-A-M	S2014m_E5-1-B-F	S2014M_E5-1-B-M	S2014m_E5-1-C-F	S2014M_E5-1-C-M	S2014m_E5-2-A-M	S2014m_E5-2-B-M	S2014m_E5-3-B-M	S2014m_E7-1-A-M	S2014m_E7-1-B-F	S2014m_E7-1-C-F	S2014m_E7-3-A-M	S2014M_E9-1-A-M	S2014m_E9-1-C-F	S2014M_E9-1-C-M	S2014m_E9-3-A-M	S2014m_E9-3-B-M	S2014m_E9-A-1-F	S2017t1_E11-T1a-Female	S2017t1_E11-T1a-Male	S2017t1_E11-T1b-Female	S2017t1_E11-T1b-Male	S2017t1_E13-T1a-Female	S2017t1_E13-T1a-Male	S2017t1_E13-T1b-Female	S2017t1_E13-T1b-Male	S2017t1_E14-T1a-Female	S2017t1_E14-T1a-Male	S2017t1_E14-T1b-Male	S2017t1_E16-T1a-Female	S2017t1_E16-T1a-Male	S2017t1_E16-T1b-Female	S2017t1_E17-T1a-Female	S2017t1_E17-T1a-Male	S2017t1_E17-T1b-Female	S2017t1_E17-T1b-Male	S2017t1_E19-T1a-Female	S2017t1_E19-T1a-Male	S2017t1_E19-T1b-Male	S2017t1_E23-T1a-Female	S2017t1_E23-T1b-Female	S2017t1_E23-T1b-Male	S2017t1_E30-T1a-Female	S2017t1_E30-T1b-Female	S2017t2_E11-T2a-Male	S2017t2_E11-T2b-Female	S2017t2_E11-T2b-Male	S2017t2_E13-T2a-Female	S2017t2_E13-T2b-Female	S2017t2_E14-T2a-Female	S2017t2_E14-T2a-Male	S2017t2_E14-T2b-Female	S2017t2_E14-T2b-Male	S2017t2_E16-T2a-Female	S2017t2_E16-T2a-Male	S2017t2_E16-T2b-Female	S2017t2_E16-T2b-Male	S2017t2_E17-T2a-Female	S2017t2_E17-T2b-Female	S2017t2_E17-T2b-Male	S2017t2_E19-T2a-Female	S2017t2_E19-T2a-Male	S2017t2_E19-T2b-Female	S2017t2_E19-T2b-Male	S2017t2_E23-T2a-Female	S2017t2_E23-T2a-Male	S2017t2_E23-T2b-Female	S2017t2_E23-T2b-Male	S2017t2_E30-T2a-Female	S2017t2_E30-T2a-Male	S2017t2_E30-T2b-Female	S2017t2_E30-T2b-Male	S2017t3_E11-T3a-Female	S2017t3_E11-T3a-Male	S2017t3_E16-T3b-Female	S2017t3_E16-T3b-Male	S2017t3_E17-T3a-Female	S2017t3_E30-T3b-Female	S2017t3F_E11-T3b-Female	S2017t3F_E14-T3a-Female	S2017t3F_E16-T3a-Female	S2017t3F_E19-T3a-Female	S2017t3F_E19-T3b-Female	S2017t3F_E23-T3b-Female	S2017t3F_E30-T3a-Female	S2017t3M_E11-T3b-Male	S2017t3M_E16-T3a-Male	S2017t3M_E19-T3b-Male	S2017t3M_E23-T3a-Male	S2017t3M_E23-T3b-Male	S3-female-1	S3-female-3	S3-male-1	S3-male-2	S3-male-3	S4-female-1	S4-female-2	S4-female-3	S4-male-2	S4-male-3	S5-female-1	S5-female-2	S5-male-1	S5-male-2	S5-male-3	s6-Female-1	S6-female-2	S6-female-3	S6-male-1	S6-male-2	S6-male-3	S7-female-1	S7-female-2	S7-female-3	S7-male-1	S7-male-2	S7-male-3	S8-female-1	S8-female-2	S8-female-3	S8-male-1	S8-male-2	S8-male-3	S9-female-1	S9-female-2	S9-female-3	S9-male-1	S9-male-2
S1-female-1	0	0.003684850875288248	0.1267087757587433	0.06515032052993774	0.04100364446640015	0.003684850875288248	0	0.1319441944360733	0	0.03745825961232185	0.003684850875288248	0.02534568123519421	0.122427299618721	0.1600589603185654	0.1421551108360291	0.07827697694301605	0.003684850875288248	0.1520000845193863	0.003686431562528014	0.1259409487247467	0.02534569054841995	0.02534569054841995	0.02534569054841995	0.02174094505608082	0.02534569054841995	0.1103080585598946	0.07827697694301605	0.09529108554124832	0.0935186892747879	0.09806814789772034	0.009198172017931938	0.01653071865439415	0.0306373592466116	0.009198172017931938	0.009198172017931938	0.03063736483454704	0.1480705887079239	0.1315674036741257	0.0935186892747879	0.09529107809066772	0.09529107809066772	0.09529107809066772	0.05293110758066177	0.03063736483454704	0.1013916283845901	0.1013916283845901	0.02536068670451641	0.1259409487247467	0.1013916283845901	0.0306373592466116	0.01653071865439415	0.01653071865439415	0.01653071865439415	0.003684850875288248	0.02536068670451641	0.003684850875288248	0.02536068670451641	0.003684850875288248	0.03745681792497635	0.05942590534687042	0.07341517508029938	0.06859657913446426	0.009199744090437889	0.005533711984753609	0.01653071865439415	0.01653071865439415	0.1007794588804245	0.009198172017931938	0.01653071865439415	0.009198172017931938	0.0217560064047575	0.02536068670451641	0.02175601199269295	0.02536068670451641	0.003686431562528014	0.003684850875288248	0.009198172017931938	0.003684850875288248	0.05223817005753517	0.009198172017931938	0.01653071865439415	0.003684850875288248	0.01653071865439415	0.003684850875288248	0.06998821347951889	0.09219168126583099	0.08299761265516281	0.1013916283845901	0.0306373592466116	0.009198172017931938	0.009198172017931938	0.009198172017931938	0.07738877087831497	0.01653071865439415	0.07341517508029938	0.003684850875288248	0.09685893356800079	0.003684850875288248	0.003684850875288248	0.009198172017931938	0.07050997018814087	0.005533711984753609	0.1013916283845901	0.08299907296895981	0.1013916283845901	0.09806814789772034	0.08299907296895981	0.003684850875288248	0.009199744090437889	0.09806813299655914	0.1085931435227394	0.1499331891536713	0.07827844470739365	0.07827844470739365	0.07486800849437714	0.09685893356800079	0.08978399634361267	0.08978399634361267	0.1315687745809555	0.1542622148990631	0.07827844470739365	0.003684850875288248	0.1401924788951874	0.003684850875288248	0.1024688705801964	0.06435151398181915	0.03061902150511742	0.003684850875288248	0.003684850875288248	0.0935186892747879	0.0600316971540451	0.003684850875288248	0.02534419670701027	0.03664881736040115	0.05507100746035576	0.1114316061139107	0.02534568123519421	0.03472651168704033	0.03990252688527107	0.03472651168704033	0.003684850875288248	0.1118151247501373	0.1361154168844223	0.03115646913647652	0.0600316971540451	0.003684850875288248	0.09350574761629105	0.1524518877267838	0.02536068670451641	0.003684850875288248	0.1013775989413261	0.02534568123519421	0.06635668128728867	0.09684477746486664	0.09684605151414871	0.003684850875288248	0.1013775989413261	0.02536068670451641	0.0217560064047575
S1-female-2	0.003684850875288248	0	0.1238790526986122	0.06859510391950607	0.037590142339468	0	0.003684850875288248	0.1351428478956223	0.003684850875288248	0.04100508242845535	0	0.02181959897279739	0.1195696890354156	0.157441571354866	0.1394043415784836	0.0751241073012352	0	0.149332121014595	0.007371282670646906	0.1231062337756157	0.02181960642337799	0.02181960642337799	0.02181960642337799	0.02534568123519421	0.02181960642337799	0.1073708459734917	0.0751241073012352	0.09219641983509064	0.09685894101858139	0.1013916283845901	0.005554064642637968	0.01291358098387718	0.02714952640235424	0.005554064642637968	0.005554064642637968	0.02714953199028969	0.1453777998685837	0.1287690997123718	0.09685894101858139	0.09219640493392944	0.09219640493392944	0.09219640493392944	0.04960213974118233	0.02714953199028969	0.09839515388011932	0.09839515388011932	0.0218347143381834	0.1231062337756157	0.09839515388011932	0.02714952640235424	0.01291358098387718	0.01291358098387718	0.01291358098387718	0	0.0218347143381834	0	0.0218347143381834	0	0.04100364446640015	0.06289178133010864	0.07022888958454132	0.07204136252403259	0.01286420412361622	0.009198172017931938	0.01291358098387718	0.01291358098387718	0.1040929481387138	0.005554064642637968	0.01291358098387718	0.005554064642637968	0.02536068670451641	0.0218347143381834	0.02536069601774216	0.0218347143381834	0.007371282670646906	0	0.005554064642637968	0	0.04890431091189384	0.005554064642637968	0.01291358098387718	0	0.01291358098387718	0	0.07341517508029938	0.08913343399763107	0.07987701147794724	0.09839515388011932	0.02714952640235424	0.005554064642637968	0.005554064642637968	0.005554064642637968	0.07420617341995239	0.01291358098387718	0.07022888958454132	0	0.0938321053981781	0	0	0.005554064642637968	0.06730365008115768	0.009198172017931938	0.09839514642953873	0.08639058470726013	0.09839514642953873	0.1013916283845901	0.08639058470726013	0	0.01286420412361622	0.1013916283845901	0.1118900030851364	0.15306556224823	0.08168741315603256	0.08168742060661316	0.07827697694301605	0.0938321053981781	0.08668649196624756	0.08668649196624756	0.1347806602716446	0.151608482003212	0.08168741315603256	0	0.1433607488870621	0	0.1057761311531067	0.06779924035072327	0.02713105641305447	0	0	0.09685893356800079	0.05675254389643669	0	0.02181810326874256	0.04019862413406372	0.0517570897936821	0.1147058382630348	0.02181959897279739	0.03126809746026993	0.03648116812109947	0.03126809746026993	0	0.1150879487395287	0.1392987072467804	0.03472651168704033	0.05675254389643669	0	0.09684604406356812	0.1555749773979187	0.0218347143381834	0	0.09838103502988815	0.02181959897279739	0.06979701668024063	0.09381784498691559	0.09381914138793945	0	0.09838103502988815	0.0218347143381834	0.02536068670451641
S1-female-3	0.1267087757587433	0.1238790526986122	0	0.06562342494726181	0.1263235509395599	0.1238790526986122	0.1267087757587433	0.0318661667406559	0.1267087757587433	0.1201024502515793	0.1238790526986122	0.1043360158801079	0.01460307464003563	0.09895394742488861	0.106426052749157	0.05271511524915695	0.1238790526986122	0.125020295381546	0.129940003156662	0.2120698988437653	0.1043360158801079	0.1043360158801079	0.1043360158801079	0.1072288751602173	0.1043360158801079	0.04715806245803833	0.05271511524915695	0.06888744235038757	0.06459742784500122	0.05979035049676895	0.1189858391880989	0.1254696696996689	0.1269223392009735	0.1189858391880989	0.1189858391880989	0.1269223242998123	0.08645714819431305	0.1049231067299843	0.06459742784500122	0.06888743489980698	0.06888743489980698	0.06888743489980698	0.1535741835832596	0.1269223242998123	0.05678784474730492	0.05678784474730492	0.131744772195816	0.2120698988437653	0.05678784474730492	0.1269223392009735	0.1254696696996689	0.1254696696996689	0.1254696696996689	0.1238790526986122	0.131744772195816	0.1238790526986122	0.131744772195816	0.1238790526986122	0.1290913969278336	0.1640735864639282	0.05770254135131836	0.06885464489459991	0.1250625997781754	0.1218313798308372	0.1254696696996689	0.1254696696996689	0.1968151330947876	0.1189858391880989	0.1254696696996689	0.1189858391880989	0.1345086693763733	0.131744772195816	0.1345086544752121	0.131744772195816	0.129940003156662	0.1238790526986122	0.1189858391880989	0.1238790526986122	0.1530238091945648	0.1189858391880989	0.1254696696996689	0.1238790526986122	0.1254696696996689	0.1238790526986122	0.06074601784348488	0.06652555614709854	0.04782190918922424	0.05678784847259521	0.1269223392009735	0.1189858391880989	0.1189858391880989	0.1189858391880989	0.1736679077148438	0.1254696696996689	0.05770254135131836	0.1238790526986122	0.06161028519272804	0.1238790526986122	0.1238790526986122	0.1189858391880989	0.167541429400444	0.1218313798308372	0.05678785592317581	0.05412851646542549	0.05678785592317581	0.05979035049676895	0.05412851646542549	0.1238790526986122	0.1250625997781754	0.05979036167263985	0.2033548653125763	0.1202136054635048	0.05900592356920242	0.05900591611862183	0.05577470362186432	0.06161028519272804	0.05430573225021362	0.05430573225021362	0.1107089072465897	0.1272480040788651	0.05900592356920242	0.1238790526986122	0.03165008500218391	0.1238790526986122	0.06439246982336044	0.1032960116863251	0.1086944490671158	0.1238790526986122	0.1238790526986122	0.06459744274616241	0.08055131882429123	0.1238790526986122	0.1135619655251503	0.1031472310423851	0.08542072027921677	0.05473032593727112	0.1043360158801079	0.0956001877784729	0.09070697426795959	0.0956001877784729	0.1238790526986122	0.05512507259845734	0.02708391845226288	0.09852126240730286	0.08055131882429123	0.1238790526986122	0.03629479557275772	0.04539232701063156	0.131744772195816	0.1238790526986122	0.03787493705749512	0.1043360158801079	0.1014431565999985	0.04274433478713036	0.03317208215594292	0.1238790526986122	0.03787493705749512	0.131744772195816	0.1345086693763733
S1-male-1	0.06515032052993774	0.06859510391950607	0.06562342494726181	0	0.1012894287705421	0.06859510391950607	0.06515032052993774	0.07144879549741745	0.06515032052993774	0.09796682000160217	0.06859510391950607	0.08755230903625488	0.06104245781898499	0.1013064011931419	0.0817028284072876	0.01380390487611294	0.06859510391950607	0.0926838144659996	0.06859657913446426	0.1763011366128922	0.08755231648683548	0.08755231648683548	0.08755231648683548	0.0841776430606842	0.08755231648683548	0.04807550087571144	0.01380390487611294	0.03081801161170006	0.03034539334475994	0.03521189466118813	0.07341517508029938	0.08027247339487076	0.09219168126583099	0.07341517508029938	0.07341517508029938	0.09219168126583099	0.08847945928573608	0.07082190364599228	0.03034539334475994	0.03081800416111946	0.03081800416111946	0.03081800416111946	0.1117726266384125	0.09219168126583099	0.03853537887334824	0.03853537887334824	0.08756545931100845	0.1763011366128922	0.03853537887334824	0.09219168126583099	0.08027247339487076	0.08027247339487076	0.08027247339487076	0.06859510391950607	0.08756545931100845	0.06859510391950607	0.08756545931100845	0.06859510391950607	0.09796556085348129	0.1172870844602585	0.008602009154856205	0.003446259303018451	0.07341664284467697	0.06998821347951889	0.08027247339487076	0.08027247339487076	0.1538080424070358	0.07341517508029938	0.08027247339487076	0.07341517508029938	0.08419083058834076	0.08756545931100845	0.08419084548950195	0.08756545931100845	0.06859657913446426	0.06859510391950607	0.07341517508029938	0.06859510391950607	0.1111631318926811	0.07341517508029938	0.08027247339487076	0.06859510391950607	0.08027247339487076	0.06859510391950607	0.005175054538995028	0.02869189530611038	0.01885474473237991	0.03853536769747734	0.09219168126583099	0.07341517508029938	0.07341517508029938	0.07341517508029938	0.1337117105722427	0.08027247339487076	0.008602009154856205	0.06859510391950607	0.03368563205003738	0.06859510391950607	0.06859510391950607	0.07341517508029938	0.1272528320550919	0.06998821347951889	0.03853537514805794	0.01885619945824146	0.03853537514805794	0.03521189466118813	0.01885619945824146	0.06859510391950607	0.07341664284467697	0.03521189093589783	0.1609124541282654	0.0906914547085762	0.01380536798387766	0.01380535960197449	0.01039493270218372	0.03368563205003738	0.02564113028347492	0.02564113028347492	0.07082328200340271	0.09510418772697449	0.01380536798387766	0.06859510391950607	0.08027191460132599	0.06859510391950607	0.03991929814219475	0.06119377538561821	0.09217558801174164	0.06859510391950607	0.06859510391950607	0.03034538589417934	0.1180212125182152	0.06859510391950607	0.08755100518465042	0.09725598245859146	0.1136551350355148	0.04950667172670364	0.08755230903625488	0.09577896445989609	0.1003224551677704	0.09577896445989609	0.06859510391950607	0.04991690069437027	0.07591070234775543	0.09243471920490265	0.1180212125182152	0.06859510391950607	0.03033155202865601	0.09338568896055222	0.08756545931100845	0.06859510391950607	0.03852037712931633	0.08755230903625488	0.1233941316604614	0.03367048501968384	0.03367184102535248	0.06859510391950607	0.03852037712931633	0.08756545931100845	0.08419083058834076
S1-male-2	0.04100364446640015	0.037590142339468	0.1263235509395599	0.1012894287705421	0	0.037590142339468	0.04100364446640015	0.1013629585504532	0.04100364446640015	0.01417743228375912	0.037590142339468	0.02672485820949078	0.113015279173851	0.1333109438419342	0.1675930023193359	0.107369601726532	0.037590142339468	0.1766872555017471	0.04455199465155602	0.1164983063936234	0.02672486379742622	0.02672486379742622	0.02672486379742622	0.03015851229429245	0.02672486379742622	0.08206156641244888	0.107369601726532	0.1238466873764992	0.09044698625802994	0.09494422376155853	0.04273557290434837	0.04981992021203041	0.02136741206049919	0.04273557290434837	0.04273557290434837	0.02136741951107979	0.1473607569932938	0.1574404388666153	0.09044698625802994	0.1238466799259186	0.1238466799259186	0.1238466799259186	0.04359984025359154	0.02136741951107979	0.09197111427783966	0.09197111427783966	0.01610712520778179	0.1164983063936234	0.09197111427783966	0.02136741206049919	0.04981992021203041	0.04981992021203041	0.04981992021203041	0.037590142339468	0.01610712520778179	0.037590142339468	0.01610712520778179	0.037590142339468	0.003546828171238303	0.05676690861582756	0.1028106287121773	0.104614719748497	0.04964218288660049	0.04611274227499962	0.04981992021203041	0.04981992021203041	0.1343831866979599	0.04273557290434837	0.04981992021203041	0.04273557290434837	0.01959682442247868	0.01610712520778179	0.01959683187305927	0.01610712520778179	0.04455199465155602	0.037590142339468	0.04273557290434837	0.037590142339468	0.04290861263871193	0.04273557290434837	0.04981992021203041	0.037590142339468	0.04981992021203041	0.037590142339468	0.1057778596878052	0.08278346061706543	0.1117976531386375	0.09197111427783966	0.02136741206049919	0.04273557290434837	0.04273557290434837	0.04273557290434837	0.1067470088601112	0.04981992021203041	0.1028106287121773	0.037590142339468	0.08744420856237411	0.037590142339468	0.037590142339468	0.04273557290434837	0.1000871062278748	0.04611274227499962	0.09197109937667847	0.1179814860224724	0.09197109937667847	0.09494422376155853	0.1179814860224724	0.037590142339468	0.04964218288660049	0.09494421631097794	0.1417709141969681	0.180184930562973	0.1135987341403961	0.1135987490415573	0.1103068143129349	0.08744420856237411	0.1183708980679512	0.1183708980679512	0.1631657034158707	0.1788197606801987	0.1135987341403961	0.037590142339468	0.1099018305540085	0.037590142339468	0.0708492249250412	0.06163055822253227	0.02138200588524342	0.037590142339468	0.037590142339468	0.09044697880744934	0.05071499943733215	0.037590142339468	0.01612382940948009	0.07487976551055908	0.0457661859691143	0.08012771606445312	0.02672485820949078	0.06658575683832169	0.07142659276723862	0.06658575683832169	0.037590142339468	0.108566127717495	0.1056811213493347	0.06979701668024063	0.05071499943733215	0.037590142339468	0.09989900887012482	0.1225931271910667	0.01610712520778179	0.037590142339468	0.0919865220785141	0.02672485820949078	0.03346482291817665	0.08745970577001572	0.09694217890501022	0.037590142339468	0.0919865220785141	0.01610712520778179	0.01959682442247868
S10-female-1	0.003684850875288248	0	0.1238790526986122	0.06859510391950607	0.037590142339468	0	0.003684850875288248	0.1351428478956223	0.003684850875288248	0.04100508242845535	0	0.02181959897279739	0.1195696890354156	0.157441571354866	0.1394043415784836	0.0751241073012352	0	0.149332121014595	0.007371282670646906	0.1231062337756157	0.02181960642337799	0.02181960642337799	0.02181960642337799	0.02534568123519421	0.02181960642337799	0.1073708459734917	0.0751241073012352	0.09219641983509064	0.09685894101858139	0.1013916283845901	0.005554064642637968	0.01291358098387718	0.02714952640235424	0.005554064642637968	0.005554064642637968	0.02714953199028969	0.1453777998685837	0.1287690997123718	0.09685894101858139	0.09219640493392944	0.09219640493392944	0.09219640493392944	0.04960213974118233	0.02714953199028969	0.09839515388011932	0.09839515388011932	0.0218347143381834	0.1231062337756157	0.09839515388011932	0.02714952640235424	0.01291358098387718	0.01291358098387718	0.01291358098387718	0	0.0218347143381834	0	0.0218347143381834	0	0.04100364446640015	0.06289178133010864	0.07022888958454132	0.07204136252403259	0.01286420412361622	0.009198172017931938	0.01291358098387718	0.01291358098387718	0.1040929481387138	0.005554064642637968	0.01291358098387718	0.005554064642637968	0.02536068670451641	0.0218347143381834	0.02536069601774216	0.0218347143381834	0.007371282670646906	0	0.005554064642637968	0	0.04890431091189384	0.005554064642637968	0.01291358098387718	0	0.01291358098387718	0	0.07341517508029938	0.08913343399763107	0.07987701147794724	0.09839515388011932	0.02714952640235424	0.005554064642637968	0.005554064642637968	0.005554064642637968	0.07420617341995239	0.01291358098387718	0.07022888958454132	0	0.0938321053981781	0	0	0.005554064642637968	0.06730365008115768	0.009198172017931938	0.09839514642953873	0.08639058470726013	0.09839514642953873	0.1013916283845901	0.08639058470726013	0	0.01286420412361622	0.1013916283845901	0.1118900030851364	0.15306556224823	0.08168741315603256	0.08168742060661316	0.07827697694301605	0.0938321053981781	0.08668649196624756	0.08668649196624756	0.1347806602716446	0.151608482003212	0.08168741315603256	0	0.1433607488870621	0	0.1057761311531067	0.06779924035072327	0.02713105641305447	0	0	0.09685893356800079	0.05675254389643669	0	0.02181810326874256	0.04019862413406372	0.0517570897936821	0.1147058382630348	0.02181959897279739	0.03126809746026993	0.03648116812109947	0.03126809746026993	0	0.1150879487395287	0.1392987072467804	0.03472651168704033	0.05675254389643669	0	0.09684604406356812	0.1555749773979187	0.0218347143381834	0	0.09838103502988815	0.02181959897279739	0.06979701668024063	0.09381784498691559	0.09381914138793945	0	0.09838103502988815	0.0218347143381834	0.02536068670451641
S10-female-2	0	0.003684850875288248	0.1267087757587433	0.06515032052993774	0.04100364446640015	0.003684850875288248	0	0.1319441944360733	0	0.03745825961232185	0.003684850875288248	0.02534568123519421	0.122427299618721	0.1600589603185654	0.1421551108360291	0.07827697694301605	0.003684850875288248	0.1520000845193863	0.003686431562528014	0.1259409487247467	0.02534569054841995	0.02534569054841995	0.02534569054841995	0.02174094505608082	0.02534569054841995	0.1103080585598946	0.07827697694301605	0.09529108554124832	0.0935186892747879	0.09806814789772034	0.009198172017931938	0.01653071865439415	0.0306373592466116	0.009198172017931938	0.009198172017931938	0.03063736483454704	0.1480705887079239	0.1315674036741257	0.0935186892747879	0.09529107809066772	0.09529107809066772	0.09529107809066772	0.05293110758066177	0.03063736483454704	0.1013916283845901	0.1013916283845901	0.02536068670451641	0.1259409487247467	0.1013916283845901	0.0306373592466116	0.01653071865439415	0.01653071865439415	0.01653071865439415	0.003684850875288248	0.02536068670451641	0.003684850875288248	0.02536068670451641	0.003684850875288248	0.03745681792497635	0.05942590534687042	0.07341517508029938	0.06859657913446426	0.009199744090437889	0.005533711984753609	0.01653071865439415	0.01653071865439415	0.1007794588804245	0.009198172017931938	0.01653071865439415	0.009198172017931938	0.0217560064047575	0.02536068670451641	0.02175601199269295	0.02536068670451641	0.003686431562528014	0.003684850875288248	0.009198172017931938	0.003684850875288248	0.05223817005753517	0.009198172017931938	0.01653071865439415	0.003684850875288248	0.01653071865439415	0.003684850875288248	0.06998821347951889	0.09219168126583099	0.08299761265516281	0.1013916283845901	0.0306373592466116	0.009198172017931938	0.009198172017931938	0.009198172017931938	0.07738877087831497	0.01653071865439415	0.07341517508029938	0.003684850875288248	0.09685893356800079	0.003684850875288248	0.003684850875288248	0.009198172017931938	0.07050997018814087	0.005533711984753609	0.1013916283845901	0.08299907296895981	0.1013916283845901	0.09806814789772034	0.08299907296895981	0.003684850875288248	0.009199744090437889	0.09806813299655914	0.1085931435227394	0.1499331891536713	0.07827844470739365	0.07827844470739365	0.07486800849437714	0.09685893356800079	0.08978399634361267	0.08978399634361267	0.1315687745809555	0.1542622148990631	0.07827844470739365	0.003684850875288248	0.1401924788951874	0.003684850875288248	0.1024688705801964	0.06435151398181915	0.03061902150511742	0.003684850875288248	0.003684850875288248	0.0935186892747879	0.0600316971540451	0.003684850875288248	0.02534419670701027	0.03664881736040115	0.05507100746035576	0.1114316061139107	0.02534568123519421	0.03472651168704033	0.03990252688527107	0.03472651168704033	0.003684850875288248	0.1118151247501373	0.1361154168844223	0.03115646913647652	0.0600316971540451	0.003684850875288248	0.09350574761629105	0.1524518877267838	0.02536068670451641	0.003684850875288248	0.1013775989413261	0.02534568123519421	0.06635668128728867	0.09684477746486664	0.09684605151414871	0.003684850875288248	0.1013775989413261	0.02536068670451641	0.0217560064047575
S10-Female-3	0.1319441944360733	0.1351428478956223	0.0318661667406559	0.07144879549741745	0.1013629585504532	0.1351428478956223	0.1319441944360733	0	0.1319441944360733	0.1073017194867134	0.1351428478956223	0.1249048486351967	0.01768813282251358	0.09257051348686218	0.1258486658334732	0.06489384174346924	0.1351428478956223	0.135421022772789	0.1351442337036133	0.1977554112672806	0.1249048709869385	0.1249048709869385	0.1249048709869385	0.1217215657234192	0.1249048709869385	0.04057356715202332	0.06489384174346924	0.0808582603931427	0.04238976165652275	0.04699307307600975	0.1393003016710281	0.145670011639595	0.120087668299675	0.1393003016710281	0.1393003016710281	0.1200876757502556	0.106208860874176	0.1158041134476662	0.04238976165652275	0.0808582529425621	0.0808582529425621	0.0808582529425621	0.1381022036075592	0.1200876757502556	0.05017635598778725	0.05017635598778725	0.115837424993515	0.1977554112672806	0.05017635598778725	0.120087668299675	0.145670011639595	0.145670011639595	0.145670011639595	0.1351428478956223	0.115837424993515	0.1351428478956223	0.115837424993515	0.1351428478956223	0.09816431254148483	0.1430921852588654	0.07909570634365082	0.07464883476495743	0.139301672577858	0.1361170262098312	0.145670011639595	0.145670011639595	0.2089070528745651	0.1393003016710281	0.145670011639595	0.1393003016710281	0.1126387640833855	0.115837424993515	0.1126387715339661	0.115837424993515	0.1351442337036133	0.1351428478956223	0.1393003016710281	0.1351428478956223	0.1375408470630646	0.1393003016710281	0.145670011639595	0.1351428478956223	0.145670011639595	0.1351428478956223	0.07591242343187332	0.05988307669758797	0.0693889781832695	0.05017635598778725	0.120087668299675	0.1393003016710281	0.1393003016710281	0.1393003016710281	0.191971093416214	0.145670011639595	0.07909570634365082	0.1351428478956223	0.0455884113907814	0.1351428478956223	0.1351428478956223	0.1393003016710281	0.1859465837478638	0.1361170262098312	0.05017634853720665	0.06939034909009933	0.05017634853720665	0.04699307307600975	0.06939034909009933	0.1351428478956223	0.139301672577858	0.04699306935071945	0.2153073698282242	0.1334915161132812	0.06489522010087967	0.06489522755146027	0.06169518455862999	0.0455884113907814	0.0757586881518364	0.0757586881518364	0.1158054247498512	0.1375961303710938	0.06489522010087967	0.1351428478956223	0.009502020664513111	0.1351428478956223	0.04229313507676125	0.09055913984775543	0.1201009601354599	0.1351428478956223	0.1351428478956223	0.04238975420594215	0.09232150763273239	0.1351428478956223	0.1158524379134178	0.108582429587841	0.0879371389746666	0.03258818760514259	0.1249048486351967	0.1072275638580322	0.1115191951394081	0.1072275638580322	0.1351428478956223	0.06094324588775635	0.004805237986147404	0.1040289029479027	0.09232150763273239	0.1351428478956223	0.0518101193010807	0.02362484484910965	0.115837424993515	0.1351428478956223	0.05019128695130348	0.1249048486351967	0.07024900615215302	0.04560342058539391	0.0549934096634388	0.1351428478956223	0.05019128695130348	0.115837424993515	0.1126387640833855
S10-male-1	0	0.003684850875288248	0.1267087757587433	0.06515032052993774	0.04100364446640015	0.003684850875288248	0	0.1319441944360733	0	0.03745825961232185	0.003684850875288248	0.02534568123519421	0.122427299618721	0.1600589603185654	0.1421551108360291	0.07827697694301605	0.003684850875288248	0.1520000845193863	0.003686431562528014	0.1259409487247467	0.02534569054841995	0.02534569054841995	0.02534569054841995	0.02174094505608082	0.02534569054841995	0.1103080585598946	0.07827697694301605	0.09529108554124832	0.0935186892747879	0.09806814789772034	0.009198172017931938	0.01653071865439415	0.0306373592466116	0.009198172017931938	0.009198172017931938	0.03063736483454704	0.1480705887079239	0.1315674036741257	0.0935186892747879	0.09529107809066772	0.09529107809066772	0.09529107809066772	0.05293110758066177	0.03063736483454704	0.1013916283845901	0.1013916283845901	0.02536068670451641	0.1259409487247467	0.1013916283845901	0.0306373592466116	0.01653071865439415	0.01653071865439415	0.01653071865439415	0.003684850875288248	0.02536068670451641	0.003684850875288248	0.02536068670451641	0.003684850875288248	0.03745681792497635	0.05942590534687042	0.07341517508029938	0.06859657913446426	0.009199744090437889	0.005533711984753609	0.01653071865439415	0.01653071865439415	0.1007794588804245	0.009198172017931938	0.01653071865439415	0.009198172017931938	0.0217560064047575	0.02536068670451641	0.02175601199269295	0.02536068670451641	0.003686431562528014	0.003684850875288248	0.009198172017931938	0.003684850875288248	0.05223817005753517	0.009198172017931938	0.01653071865439415	0.003684850875288248	0.01653071865439415	0.003684850875288248	0.06998821347951889	0.09219168126583099	0.08299761265516281	0.1013916283845901	0.0306373592466116	0.009198172017931938	0.009198172017931938	0.009198172017931938	0.07738877087831497	0.01653071865439415	0.07341517508029938	0.003684850875288248	0.09685893356800079	0.003684850875288248	0.003684850875288248	0.009198172017931938	0.07050997018814087	0.005533711984753609	0.1013916283845901	0.08299907296895981	0.1013916283845901	0.09806814789772034	0.08299907296895981	0.003684850875288248	0.009199744090437889	0.09806813299655914	0.1085931435227394	0.1499331891536713	0.07827844470739365	0.07827844470739365	0.07486800849437714	0.09685893356800079	0.08978399634361267	0.08978399634361267	0.1315687745809555	0.1542622148990631	0.07827844470739365	0.003684850875288248	0.1401924788951874	0.003684850875288248	0.1024688705801964	0.06435151398181915	0.03061902150511742	0.003684850875288248	0.003684850875288248	0.0935186892747879	0.0600316971540451	0.003684850875288248	0.02534419670701027	0.03664881736040115	0.05507100746035576	0.1114316061139107	0.02534568123519421	0.03472651168704033	0.03990252688527107	0.03472651168704033	0.003684850875288248	0.1118151247501373	0.1361154168844223	0.03115646913647652	0.0600316971540451	0.003684850875288248	0.09350574761629105	0.1524518877267838	0.02536068670451641	0.003684850875288248	0.1013775989413261	0.02534568123519421	0.06635668128728867	0.09684477746486664	0.09684605151414871	0.003684850875288248	0.1013775989413261	0.02536068670451641	0.0217560064047575
S10-male-2-	0.03745825961232185	0.04100508242845535	0.1201024502515793	0.09796682000160217	0.01417743228375912	0.04100508242845535	0.03745825961232185	0.1073017194867134	0.03745825961232185	0	0.04100508242845535	0.01961344107985497	0.1249048560857773	0.127250924706459	0.1701678931713104	0.110308051109314	0.04100508242845535	0.179187685251236	0.04100660607218742	0.1193144023418427	0.01961344853043556	0.01961344853043556	0.01961344853043556	0.01606661826372147	0.01961344853043556	0.07555676251649857	0.110308051109314	0.1267309039831161	0.08715774863958359	0.09167123585939407	0.04611416161060333	0.05317350476980209	0.02482141554355621	0.04611416161060333	0.04611416161060333	0.02482142485678196	0.1413229554891586	0.1600589603185654	0.08715774863958359	0.126730889081955	0.126730889081955	0.126730889081955	0.04689895361661911	0.02482142485678196	0.09494547545909882	0.09494547545909882	0.01959829404950142	0.1193144023418427	0.09494547545909882	0.02482141554355621	0.05317350476980209	0.05317350476980209	0.05317350476980209	0.04100508242845535	0.01959829404950142	0.04100508242845535	0.01959829404950142	0.04100508242845535	0.01064949296414852	0.05335591360926628	0.1057791188359261	0.1012921035289764	0.04611567407846451	0.04258623346686363	0.05317350476980209	0.05317350476980209	0.1311828941106796	0.04611416161060333	0.05317350476980209	0.04611416161060333	0.01605147123336792	0.01959829404950142	0.01605147868394852	0.01959829404950142	0.04100660607218742	0.04100508242845535	0.04611416161060333	0.04100508242845535	0.04621248692274094	0.04611416161060333	0.05317350476980209	0.04100508242845535	0.05317350476980209	0.04100508242845535	0.1024718582630157	0.08581821620464325	0.1147070750594139	0.09494546800851822	0.02482141554355621	0.04611416161060333	0.04611416161060333	0.04611416161060333	0.1097114160656929	0.05317350476980209	0.1057791188359261	0.04100508242845535	0.09044825285673141	0.04100508242845535	0.04100508242845535	0.04611416161060333	0.1030736193060875	0.04258623346686363	0.09494546800851822	0.1147084757685661	0.09494546800851822	0.09167123585939407	0.1147084757685661	0.04100508242845535	0.04611567407846451	0.09167123585939407	0.1385861486196518	0.1771539151668549	0.1103094667196274	0.1103094667196274	0.1070175468921661	0.09044825285673141	0.1212587952613831	0.1212587952613831	0.1600602865219116	0.1813072711229324	0.1103094667196274	0.04100508242845535	0.1157437860965729	0.04100508242845535	0.06754055619239807	0.05823714658617973	0.02483301796019077	0.04100508242845535	0.04100508242845535	0.08715774118900299	0.06396488100290298	0.04100508242845535	0.03015851229429245	0.0714595764875412	0.05912706628441811	0.08631055802106857	0.01961344107985497	0.06979836523532867	0.0746060311794281	0.06979836523532867	0.04100508242845535	0.1145187094807625	0.1024964898824692	0.06635803729295731	0.06396488100290298	0.04100508242845535	0.08717179298400879	0.1282926201820374	0.01959829404950142	0.04100508242845535	0.1043276116251945	0.01961344107985497	0.04020076990127563	0.09989900887012482	0.09046231210231781	0.04100508242845535	0.1043276116251945	0.01959829404950142	0.01605147123336792
S2-female-1	0.003684850875288248	0	0.1238790526986122	0.06859510391950607	0.037590142339468	0	0.003684850875288248	0.1351428478956223	0.003684850875288248	0.04100508242845535	0	0.02181959897279739	0.1195696890354156	0.157441571354866	0.1394043415784836	0.0751241073012352	0	0.149332121014595	0.007371282670646906	0.1231062337756157	0.02181960642337799	0.02181960642337799	0.02181960642337799	0.02534568123519421	0.02181960642337799	0.1073708459734917	0.0751241073012352	0.09219641983509064	0.09685894101858139	0.1013916283845901	0.005554064642637968	0.01291358098387718	0.02714952640235424	0.005554064642637968	0.005554064642637968	0.02714953199028969	0.1453777998685837	0.1287690997123718	0.09685894101858139	0.09219640493392944	0.09219640493392944	0.09219640493392944	0.04960213974118233	0.02714953199028969	0.09839515388011932	0.09839515388011932	0.0218347143381834	0.1231062337756157	0.09839515388011932	0.02714952640235424	0.01291358098387718	0.01291358098387718	0.01291358098387718	0	0.0218347143381834	0	0.0218347143381834	0	0.04100364446640015	0.06289178133010864	0.07022888958454132	0.07204136252403259	0.01286420412361622	0.009198172017931938	0.01291358098387718	0.01291358098387718	0.1040929481387138	0.005554064642637968	0.01291358098387718	0.005554064642637968	0.02536068670451641	0.0218347143381834	0.02536069601774216	0.0218347143381834	0.007371282670646906	0	0.005554064642637968	0	0.04890431091189384	0.005554064642637968	0.01291358098387718	0	0.01291358098387718	0	0.07341517508029938	0.08913343399763107	0.07987701147794724	0.09839515388011932	0.02714952640235424	0.005554064642637968	0.005554064642637968	0.005554064642637968	0.07420617341995239	0.01291358098387718	0.07022888958454132	0	0.0938321053981781	0	0	0.005554064642637968	0.06730365008115768	0.009198172017931938	0.09839514642953873	0.08639058470726013	0.09839514642953873	0.1013916283845901	0.08639058470726013	0	0.01286420412361622	0.1013916283845901	0.1118900030851364	0.15306556224823	0.08168741315603256	0.08168742060661316	0.07827697694301605	0.0938321053981781	0.08668649196624756	0.08668649196624756	0.1347806602716446	0.151608482003212	0.08168741315603256	0	0.1433607488870621	0	0.1057761311531067	0.06779924035072327	0.02713105641305447	0	0	0.09685893356800079	0.05675254389643669	0	0.02181810326874256	0.04019862413406372	0.0517570897936821	0.1147058382630348	0.02181959897279739	0.03126809746026993	0.03648116812109947	0.03126809746026993	0	0.1150879487395287	0.1392987072467804	0.03472651168704033	0.05675254389643669	0	0.09684604406356812	0.1555749773979187	0.0218347143381834	0	0.09838103502988815	0.02181959897279739	0.06979701668024063	0.09381784498691559	0.09381914138793945	0	0.09838103502988815	0.0218347143381834	0.02536068670451641
S2-male-1	0.02534568123519421	0.02181959897279739	0.1043360158801079	0.08755230903625488	0.02672485820949078	0.02181959897279739	0.02534568123519421	0.1249048486351967	0.02534568123519421	0.01961344107985497	0.02181959897279739	0	0.1092244237661362	0.1386471837759018	0.1557323336601257	0.09381913393735886	0.02181959897279739	0.1651731878519058	0.02895196713507175	0.1309781074523926	7.746725927404441e-09	7.746725927404441e-09	7.746725927404441e-09	0.003604738507419825	7.746725927404441e-09	0.08745957911014557	0.09381913393735886	0.110546350479126	0.1053538024425507	0.1097773164510727	0.02713457867503166	0.03433438390493393	0.03740647807717323	0.02713457867503166	0.02713457867503166	0.03740648552775383	0.1263143271207809	0.1453777998685837	0.1053538024425507	0.1105463355779648	0.1105463355779648	0.1105463355779648	0.05927449837327003	0.03740648552775383	0.1068529412150383	0.1068529412150383	0.03223241493105888	0.1309781074523926	0.1068529412150383	0.03740647807717323	0.03433438390493393	0.03433438390493393	0.03433438390493393	0.02181959897279739	0.03223241493105888	0.02181959897279739	0.03223241493105888	0.02181959897279739	0.03015851229429245	0.07222574949264526	0.08912032097578049	0.09092842787504196	0.03420927375555038	0.03062251582741737	0.03433438390493393	0.03433438390493393	0.1216463148593903	0.02713457867503166	0.03433438390493393	0.02713457867503166	0.03566491231322289	0.03223241493105888	0.03566491976380348	0.03223241493105888	0.02895196713507175	0.02181959897279739	0.02713457867503166	0.02181959897279739	0.05859459936618805	0.02713457867503166	0.03433438390493393	0.02181959897279739	0.03433438390493393	0.02181959897279739	0.09217865765094757	0.09781587868928909	0.09838231652975082	0.1068529412150383	0.03740647807717323	0.02713457867503166	0.02713457867503166	0.02713457867503166	0.09307476878166199	0.03433438390493393	0.08912032097578049	0.02181959897279739	0.1024002358317375	0.02181959897279739	0.02181959897279739	0.02713457867503166	0.0863129198551178	0.03062251582741737	0.1068529337644577	0.1047038212418556	0.1068529337644577	0.1097773164510727	0.1047038212418556	0.02181959897279739	0.03420927375555038	0.1097773164510727	0.1292049288749695	0.1687691658735275	0.1001877710223198	0.1001877784729004	0.09684604406356812	0.1024002358317375	0.1050548478960991	0.1050548478960991	0.1512227803468704	0.1673656702041626	0.1001877710223198	0.02181959897279739	0.1331804394721985	0.02181959897279739	0.08582929521799088	0.07700968533754349	0.005429933778941631	0.02181959897279739	0.02181959897279739	0.1053537875413895	0.04600208252668381	0.02181959897279739	0.01086138840764761	0.06031689047813416	0.04097629711031914	0.1043276116251945	0	0.05175849422812462	0.05675393342971802	0.05175849422812462	0.02181959897279739	0.1047123000025749	0.1200996264815331	0.05507240444421768	0.04600208252668381	0.02181959897279739	0.07670000940561295	0.1454818397760391	0.03223241493105888	0.02181959897279739	0.08789414912462234	0	0.05912706628441811	0.08330113440752029	0.07360558211803436	0.02181959897279739	0.08789414912462234	0.03223241493105888	0.03566491231322289
S2-male-2	0.122427299618721	0.1195696890354156	0.01460307464003563	0.06104245781898499	0.113015279173851	0.1195696890354156	0.122427299618721	0.01768813282251358	0.122427299618721	0.1249048560857773	0.1195696890354156	0.1092244237661362	0	0.103509746491909	0.1110484451055527	0.0480557382106781	0.1195696890354156	0.1210465580224991	0.12567438185215	0.2086055874824524	0.1092244312167168	0.1092244312167168	0.1092244312167168	0.1121015027165413	0.1092244312167168	0.05197558924555779	0.0480557382106781	0.06430762261152267	0.06007789820432663	0.06459617614746094	0.1238778308033943	0.1303616911172867	0.1317435801029205	0.1238778308033943	0.1238778308033943	0.1317435801029205	0.09107609838247299	0.1007642820477486	0.06007789820432663	0.06430762261152267	0.06430762261152267	0.06430762261152267	0.1495750844478607	0.1317435801029205	0.06160901486873627	0.06160901486873627	0.1275361925363541	0.2086055874824524	0.06160901486873627	0.1317435801029205	0.1303616911172867	0.1303616911172867	0.1303616911172867	0.1195696890354156	0.1275361925363541	0.1195696890354156	0.1275361925363541	0.1195696890354156	0.1158524379134178	0.1601732820272446	0.0625944510102272	0.06428954005241394	0.1299388259649277	0.1267075836658478	0.1303616911172867	0.1303616911172867	0.2012750953435898	0.1238778308033943	0.1303616911172867	0.1238778308033943	0.130326896905899	0.1275361925363541	0.1303269118070602	0.1275361925363541	0.12567438185215	0.1195696890354156	0.1238778308033943	0.1195696890354156	0.1490194797515869	0.1238778308033943	0.1303616911172867	0.1195696890354156	0.1303616911172867	0.1195696890354156	0.06562213599681854	0.071346715092659	0.05271380767226219	0.06160899996757507	0.1317435801029205	0.1238778308033943	0.1238778308033943	0.1238778308033943	0.178290382027626	0.1303616911172867	0.0625944510102272	0.1195696890354156	0.05706175416707993	0.1195696890354156	0.1195696890354156	0.1238778308033943	0.1721638739109039	0.1267075836658478	0.06160900369286537	0.05900464951992035	0.06160900369286537	0.06459617614746094	0.05900464951992035	0.1195696890354156	0.1299388259649277	0.06459616869688034	0.2077948451042175	0.1247336864471436	0.05439253151416779	0.05439252778887749	0.05114544928073883	0.05706175416707993	0.05919766053557396	0.05919766053557396	0.1065896525979042	0.1232945173978806	0.05439253151416779	0.1195696890354156	0.02702208235859871	0.1195696890354156	0.05989625677466393	0.1080792024731636	0.1043344587087631	0.1195696890354156	0.1195696890354156	0.06007788702845573	0.07605724781751633	0.1195696890354156	0.09993191808462143	0.09877290576696396	0.07151396572589874	0.05019129067659378	0.1092244237661362	0.09115174412727356	0.09559893608093262	0.09115174412727356	0.1195696890354156	0.05058983713388443	0.02240836247801781	0.09410158544778824	0.07605724781751633	0.1195696890354156	0.04116719216108322	0.04089510068297386	0.1275361925363541	0.1195696890354156	0.0331721231341362	0.1092244237661362	0.08793714642524719	0.02841796353459358	0.03806025162339211	0.1195696890354156	0.0331721231341362	0.1275361925363541	0.130326896905899
S2014F_E2-2-B-F	0.1600589603185654	0.157441571354866	0.09895394742488861	0.1013064011931419	0.1333109438419342	0.157441571354866	0.1600589603185654	0.09257051348686218	0.1600589603185654	0.127250924706459	0.157441571354866	0.1386471837759018	0.103509746491909	0	0.04364608228206635	0.08900377154350281	0.157441571354866	0.08204980939626694	0.1631667912006378	0.2165682762861252	0.1386471837759018	0.1386471837759018	0.1386471837759018	0.141322985291481	0.1386471837759018	0.05609350651502609	0.08900377154350281	0.1045565605163574	0.07308452576398849	0.07741252332925797	0.1613878607749939	0.1675941050052643	0.1426682770252228	0.1613878607749939	0.1613878607749939	0.1426682621240616	0.01411589421331882	0.03291026875376701	0.07308452576398849	0.1045565605163574	0.1045565605163574	0.1045565605163574	0.1597790420055389	0.1426682621240616	0.07455103099346161	0.07455103099346161	0.1386338770389557	0.2165682762861252	0.07455103099346161	0.1426682770252228	0.1675941050052643	0.1675941050052643	0.1675941050052643	0.157441571354866	0.1386338770389557	0.157441571354866	0.1386338770389557	0.157441571354866	0.1359907686710358	0.1699585020542145	0.1027282476425171	0.104414239525795	0.1670741736888885	0.1639808416366577	0.1675941050052643	0.1675941050052643	0.2325688749551773	0.1613878607749939	0.1675941050052643	0.1613878607749939	0.1413097232580185	0.1386338770389557	0.1413096934556961	0.1386338770389557	0.1631667912006378	0.157441571354866	0.1613878607749939	0.157441571354866	0.1592455953359604	0.1613878607749939	0.1675941050052643	0.157441571354866	0.1675941050052643	0.157441571354866	0.105502612888813	0.08400867134332657	0.09327062964439392	0.07455103844404221	0.1426682770252228	0.1613878607749939	0.1613878607749939	0.1613878607749939	0.1117633208632469	0.1675941050052643	0.1027282476425171	0.157441571354866	0.07019609212875366	0.157441571354866	0.157441571354866	0.1613878607749939	0.1055570766329765	0.1639808416366577	0.07455103844404221	0.09916754812002182	0.07455103844404221	0.07741252332925797	0.09916754812002182	0.157441571354866	0.1670741736888885	0.07741252332925797	0.2386995851993561	0.1594711244106293	0.09494160115718842	0.09494162350893021	0.09183378517627716	0.07019609212875366	0.09947686642408371	0.09947686642408371	0.03902235999703407	0.158144012093544	0.09494160115718842	0.157441571354866	0.100690983235836	0.157441571354866	0.07284489274024963	0.1195956543087959	0.1426788419485092	0.157441571354866	0.157441571354866	0.07308453321456909	0.1736005991697311	0.157441571354866	0.1473607569932938	0.1834298521280289	0.1698319613933563	0.0724150612950325	0.1386471837759018	0.1797487437725067	0.1834893226623535	0.1797487437725067	0.157441571354866	0.09639469534158707	0.08802571892738342	0.1822295933961868	0.1736005991697311	0.157441571354866	0.07309780269861221	0.1127771660685539	0.1386338770389557	0.157441571354866	0.08353579044342041	0.1386471837759018	0.1586930751800537	0.07924330979585648	0.07020940631628036	0.157441571354866	0.08353579044342041	0.1386338770389557	0.1413097232580185
S2014F_E2-3-B-F	0.1421551108360291	0.1394043415784836	0.106426052749157	0.0817028284072876	0.1675930023193359	0.1394043415784836	0.1421551108360291	0.1258486658334732	0.1421551108360291	0.1701678931713104	0.1394043415784836	0.1557323336601257	0.1110484451055527	0.04364608228206635	0	0.06898027658462524	0.1394043415784836	0.06258191168308258	0.1394031345844269	0.2327885031700134	0.1557323336601257	0.1557323336601257	0.1557323336601257	0.1583798825740814	0.1557323336601257	0.09947686642408371	0.06898027658462524	0.07261756062507629	0.08952084183692932	0.0847853347659111	0.1345620006322861	0.1289731115102768	0.150993287563324	0.1345620006322861	0.1345620006322861	0.1509932726621628	0.03001806326210499	0.01125876419246197	0.08952084183692932	0.07261756062507629	0.07261756062507629	0.07261756062507629	0.176660567522049	0.1509932726621628	0.08190629631280899	0.08190629631280899	0.1557436883449554	0.2327885031700134	0.08190629631280899	0.150993287563324	0.1289731115102768	0.1289731115102768	0.1289731115102768	0.1394043415784836	0.1557436883449554	0.1394043415784836	0.1557436883449554	0.1394043415784836	0.1701668202877045	0.1867266297340393	0.07391586154699326	0.07875692099332809	0.1345608085393906	0.1373282670974731	0.1289731115102768	0.1289731115102768	0.2102899551391602	0.1345620006322861	0.1289731115102768	0.1345620006322861	0.1583911627531052	0.1557436883449554	0.1583911627531052	0.1557436883449554	0.1394031345844269	0.1394043415784836	0.1345620006322861	0.1394043415784836	0.1761329919099808	0.1345620006322861	0.1289731115102768	0.1394043415784836	0.1289731115102768	0.1394043415784836	0.0768759697675705	0.09149857610464096	0.06413794308900833	0.08190631121397018	0.150993287563324	0.1345620006322861	0.1345620006322861	0.1345620006322861	0.07087884098291397	0.1289731115102768	0.07391586154699326	0.1394043415784836	0.08665669709444046	0.1394043415784836	0.1394043415784836	0.1345620006322861	0.07684047520160675	0.1373282670974731	0.08190630376338959	0.06413665413856506	0.08190630376338959	0.0847853347659111	0.06413665413856506	0.1394043415784836	0.1345608085393906	0.0847853347659111	0.2114959061145782	0.1346051245927811	0.06897899508476257	0.06897900253534317	0.07195616513490677	0.08665669709444046	0.05809427052736282	0.05809427052736282	0.01125740259885788	0.1415311694145203	0.06897899508476257	0.1394043415784836	0.1252238154411316	0.1394043415784836	0.1158154010772705	0.1275300830602646	0.1597213894128799	0.1394043415784836	0.1394043415784836	0.08952084183692932	0.173666849732399	0.1394043415784836	0.155731201171875	0.1667266935110092	0.178290382027626	0.09759087115526199	0.1557323336601257	0.1628323644399643	0.1581218391656876	0.1628323644399643	0.1394043415784836	0.09501830488443375	0.1298035532236099	0.1654356271028519	0.173666849732399	0.1394043415784836	0.08950864523649216	0.137032762169838	0.1557436883449554	0.1394043415784836	0.08189274370670319	0.1557323336601257	0.191971093416214	0.08664321899414062	0.08664443343877792	0.1394043415784836	0.08189274370670319	0.1557436883449554	0.1583911627531052
S2014F_E5-2-A-F	0.07827697694301605	0.0751241073012352	0.05271511524915695	0.01380390487611294	0.107369601726532	0.0751241073012352	0.07827697694301605	0.06489384174346924	0.07827697694301605	0.110308051109314	0.0751241073012352	0.09381913393735886	0.0480557382106781	0.08900377154350281	0.06898027658462524	0	0.0751241073012352	0.08023564517498016	0.08168741315603256	0.1814115643501282	0.09381914138793945	0.09381914138793945	0.09381914138793945	0.09684604406356812	0.09381914138793945	0.03486602753400803	0	0.01707230508327484	0.02350026927888393	0.02840113081037998	0.07987701147794724	0.08668649196624756	0.09839514642953873	0.07987701147794724	0.07987701147794724	0.09839515388011932	0.07596012949943542	0.05800237879157066	0.02350026927888393	0.01707229949533939	0.01707229949533939	0.01707229949533939	0.1177122369408607	0.09839515388011932	0.02516126818954945	0.02516126818954945	0.0938321053981781	0.1814115643501282	0.02516126818954945	0.09839514642953873	0.08668649196624756	0.08668649196624756	0.08668649196624756	0.0751241073012352	0.0938321053981781	0.0751241073012352	0.0938321053981781	0.0751241073012352	0.1103068143129349	0.1291768252849579	0.01551585271954536	0.01721434108912945	0.08639058470726013	0.08299761265516281	0.08668649196624756	0.08668649196624756	0.1648665219545364	0.07987701147794724	0.08668649196624756	0.07987701147794724	0.09685893356800079	0.0938321053981781	0.09685894101858139	0.0938321053981781	0.08168741315603256	0.0751241073012352	0.07987701147794724	0.0751241073012352	0.1171108856797218	0.07987701147794724	0.08668649196624756	0.0751241073012352	0.08668649196624756	0.0751241073012352	0.01885474473237991	0.03532930836081505	0.005138964857906103	0.0251612700521946	0.09839514642953873	0.07987701147794724	0.07987701147794724	0.07987701147794724	0.1394043415784836	0.08668649196624756	0.01551585271954536	0.0751241073012352	0.02022757939994335	0.0751241073012352	0.0751241073012352	0.07987701147794724	0.132987916469574	0.08299761265516281	0.025161262601614	0.01190601848065853	0.025161262601614	0.02840113081037998	0.01190601848065853	0.0751241073012352	0.08639058470726013	0.02840112522244453	0.1718525737524033	0.08427233248949051	0.006819408852607012	0.006819416303187609	0.003408973338082433	0.02022757939994335	0.01194844581186771	0.01194844581186771	0.06424122303724289	0.08269691467285156	0.006819408852607012	0.0751241073012352	0.07377924025058746	0.0751241073012352	0.05277910083532333	0.07396813482046127	0.09837929159402847	0.0751241073012352	0.0751241073012352	0.02350026182830334	0.1238778308033943	0.0751241073012352	0.09381784498691559	0.1096139699220657	0.1195696890354156	0.04279681667685509	0.09381913393735886	0.1019336730241776	0.1064156889915466	0.1019336730241776	0.0751241073012352	0.04320995509624481	0.06938724964857101	0.1049067005515099	0.1238778308033943	0.0751241073012352	0.02348633110523224	0.08698559552431107	0.0938321053981781	0.0751241073012352	0.02514600567519665	0.09381913393735886	0.1351428478956223	0.02021216787397861	0.02021356113255024	0.0751241073012352	0.02514600567519665	0.0938321053981781	0.09685893356800079
S2014F_E5-2-B-F	0.003684850875288248	0	0.1238790526986122	0.06859510391950607	0.037590142339468	0	0.003684850875288248	0.1351428478956223	0.003684850875288248	0.04100508242845535	0	0.02181959897279739	0.1195696890354156	0.157441571354866	0.1394043415784836	0.0751241073012352	0	0.149332121014595	0.007371282670646906	0.1231062337756157	0.02181960642337799	0.02181960642337799	0.02181960642337799	0.02534568123519421	0.02181960642337799	0.1073708459734917	0.0751241073012352	0.09219641983509064	0.09685894101858139	0.1013916283845901	0.005554064642637968	0.01291358098387718	0.02714952640235424	0.005554064642637968	0.005554064642637968	0.02714953199028969	0.1453777998685837	0.1287690997123718	0.09685894101858139	0.09219640493392944	0.09219640493392944	0.09219640493392944	0.04960213974118233	0.02714953199028969	0.09839515388011932	0.09839515388011932	0.0218347143381834	0.1231062337756157	0.09839515388011932	0.02714952640235424	0.01291358098387718	0.01291358098387718	0.01291358098387718	0	0.0218347143381834	0	0.0218347143381834	0	0.04100364446640015	0.06289178133010864	0.07022888958454132	0.07204136252403259	0.01286420412361622	0.009198172017931938	0.01291358098387718	0.01291358098387718	0.1040929481387138	0.005554064642637968	0.01291358098387718	0.005554064642637968	0.02536068670451641	0.0218347143381834	0.02536069601774216	0.0218347143381834	0.007371282670646906	0	0.005554064642637968	0	0.04890431091189384	0.005554064642637968	0.01291358098387718	0	0.01291358098387718	0	0.07341517508029938	0.08913343399763107	0.07987701147794724	0.09839515388011932	0.02714952640235424	0.005554064642637968	0.005554064642637968	0.005554064642637968	0.07420617341995239	0.01291358098387718	0.07022888958454132	0	0.0938321053981781	0	0	0.005554064642637968	0.06730365008115768	0.009198172017931938	0.09839514642953873	0.08639058470726013	0.09839514642953873	0.1013916283845901	0.08639058470726013	0	0.01286420412361622	0.1013916283845901	0.1118900030851364	0.15306556224823	0.08168741315603256	0.08168742060661316	0.07827697694301605	0.0938321053981781	0.08668649196624756	0.08668649196624756	0.1347806602716446	0.151608482003212	0.08168741315603256	0	0.1433607488870621	0	0.1057761311531067	0.06779924035072327	0.02713105641305447	0	0	0.09685893356800079	0.05675254389643669	0	0.02181810326874256	0.04019862413406372	0.0517570897936821	0.1147058382630348	0.02181959897279739	0.03126809746026993	0.03648116812109947	0.03126809746026993	0	0.1150879487395287	0.1392987072467804	0.03472651168704033	0.05675254389643669	0	0.09684604406356812	0.1555749773979187	0.0218347143381834	0	0.09838103502988815	0.02181959897279739	0.06979701668024063	0.09381784498691559	0.09381914138793945	0	0.09838103502988815	0.0218347143381834	0.02536068670451641
S2014F_E5-C-2-F	0.1520000845193863	0.149332121014595	0.125020295381546	0.0926838144659996	0.1766872555017471	0.149332121014595	0.1520000845193863	0.135421022772789	0.1520000845193863	0.179187685251236	0.149332121014595	0.1651731878519058	0.1210465580224991	0.08204980939626694	0.06258191168308258	0.08023564517498016	0.149332121014595	0	0.1551377475261688	0.2400845736265182	0.1651731878519058	0.1651731878519058	0.1651731878519058	0.1677428632974625	0.1651731878519058	0.1098138689994812	0.08023564517498016	0.09593814611434937	0.1001536473631859	0.1043169349431992	0.1533545851707458	0.1596202850341797	0.1690584868192673	0.1533545851707458	0.1533545851707458	0.1690584868192673	0.06939203292131424	0.05198710411787033	0.1001536473631859	0.09593814611434937	0.09593814611434937	0.09593814611434937	0.1854938566684723	0.1690584868192673	0.1015643030405045	0.1015643030405045	0.1651841849088669	0.2400845736265182	0.1015643030405045	0.1690584868192673	0.1596202850341797	0.1596202850341797	0.1596202850341797	0.149332121014595	0.1651841849088669	0.149332121014595	0.1651841849088669	0.149332121014595	0.1791866570711136	0.1952743679285049	0.09413305670022964	0.09582147002220154	0.1591202616691589	0.1559973955154419	0.1596202850341797	0.1596202850341797	0.2258469015359879	0.1533545851707458	0.1596202850341797	0.1533545851707458	0.1677538007497787	0.1651841849088669	0.1677538007497787	0.1651841849088669	0.1551377475261688	0.149332121014595	0.1533545851707458	0.149332121014595	0.1849813908338547	0.1533545851707458	0.1596202850341797	0.149332121014595	0.1596202850341797	0.149332121014595	0.09696074575185776	0.1109354123473167	0.08458483219146729	0.1015642955899239	0.1690584868192673	0.1533545851707458	0.1533545851707458	0.1533545851707458	0.1303685903549194	0.1596202850341797	0.09413305670022964	0.149332121014595	0.09737531840801239	0.149332121014595	0.149332121014595	0.1533545851707458	0.1241924688220024	0.1559973955154419	0.1015643030405045	0.09056518971920013	0.1015643030405045	0.1043169349431992	0.09056518971920013	0.149332121014595	0.1591202616691589	0.104316920042038	0.2320602834224701	0.1520125567913055	0.08625797182321548	0.08625797182321548	0.08312031626701355	0.09737531840801239	0.09085053205490112	0.09085053205490112	0.0580105297267437	0.1506617665290833	0.08625797182321548	0.149332121014595	0.1430221050977707	0.149332121014595	0.1257781833410263	0.1459949761629105	0.1690450012683868	0.149332121014595	0.149332121014595	0.1001536473631859	0.1907513290643692	0.149332121014595	0.1651721000671387	0.1758294105529785	0.1870771199464798	0.1165650561451912	0.1651731878519058	0.1720649898052216	0.1758758127689362	0.1720649898052216	0.149332121014595	0.1140719726681709	0.1392635703086853	0.1745924800634384	0.1907513290643692	0.149332121014595	0.1001418083906174	0.1543397307395935	0.1651841849088669	0.149332121014595	0.1015513241291046	0.1651731878519058	0.2003717422485352	0.09736223518848419	0.0973634272813797	0.149332121014595	0.1015513241291046	0.1651841849088669	0.1677538007497787
S2014F_E9-2-C-F	0.003686431562528014	0.007371282670646906	0.129940003156662	0.06859657913446426	0.04455199465155602	0.007371282670646906	0.003686431562528014	0.1351442337036133	0.003686431562528014	0.04100660607218742	0.007371282670646906	0.02895196713507175	0.12567438185215	0.1631667912006378	0.1394031345844269	0.08168741315603256	0.007371282670646906	0.1551377475261688	0	0.1291750222444534	0.02895196527242661	0.02895196527242661	0.02895196527242661	0.02534722909331322	0.02895196527242661	0.113599956035614	0.08168741315603256	0.09219507128000259	0.0968603640794754	0.101393036544323	0.01286420412361622	0.01291202288120985	0.03422406315803528	0.01286420412361622	0.01286420412361622	0.03422405570745468	0.1512227803468704	0.1347806602716446	0.0968603640794754	0.092195063829422	0.092195063829422	0.092195063829422	0.05643531307578087	0.03422405570745468	0.1047165244817734	0.1047165244817734	0.02896691672503948	0.1291750222444534	0.1047165244817734	0.03422406315803528	0.01291202288120985	0.01291202288120985	0.01291202288120985	0.007371282670646906	0.02896691672503948	0.007371282670646906	0.02896691672503948	0.007371282670646906	0.04100516811013222	0.06289327144622803	0.07684359699487686	0.06537562608718872	0.005554073490202427	0.009199744090437889	0.01291202288120985	0.01291202288120985	0.1040943711996078	0.01286420412361622	0.01291202288120985	0.01286420412361622	0.02536223456263542	0.02896691672503948	0.02536222897469997	0.02896691672503948	0	0.007371282670646906	0.01286420412361622	0.007371282670646906	0.05574493482708931	0.01286420412361622	0.01291202288120985	0.007371282670646906	0.01291202288120985	0.007371282670646906	0.07341664284467697	0.09555062651634216	0.08639058470726013	0.1047165244817734	0.03422406315803528	0.01286420412361622	0.01286420412361622	0.01286420412361622	0.07420480996370316	0.01291202288120985	0.07684359699487686	0.007371282670646906	0.1002006158232689	0.007371282670646906	0.007371282670646906	0.01286420412361622	0.07394914329051971	0.009199744090437889	0.1047165244817734	0.07987713068723679	0.1047165244817734	0.101393036544323	0.07987713068723679	0.007371282670646906	0.005554073490202427	0.1013930439949036	0.1056433245539665	0.1530669033527374	0.07512421160936356	0.07512421905994415	0.07827844470739365	0.1002006158232689	0.08668515831232071	0.08668515831232071	0.1287692785263062	0.1573915034532547	0.07512421160936356	0.007371282670646906	0.1433621048927307	0.007371282670646906	0.1057775542140007	0.06780071556568146	0.03420579433441162	0.007371282670646906	0.007371282670646906	0.096860371530056	0.06350964307785034	0.007371282670646906	0.02895048819482327	0.04020014777779579	0.05856731161475182	0.1147072538733482	0.02895196713507175	0.03829808905720711	0.04345495253801346	0.03829808905720711	0.007371282670646906	0.1150893568992615	0.139300063252449	0.0347280465066433	0.06350964307785034	0.007371282670646906	0.09684748202562332	0.1555763185024261	0.02896691672503948	0.007371282670646906	0.1047025620937347	0.02895196713507175	0.06979849934577942	0.1001865118741989	0.1001877784729004	0.007371282670646906	0.1047025620937347	0.02896691672503948	0.02536223456263542
S2014F_E9-3-C-F	0.1259409487247467	0.1231062337756157	0.2120698988437653	0.1763011366128922	0.1164983063936234	0.1231062337756157	0.1259409487247467	0.1977554112672806	0.1259409487247467	0.1193144023418427	0.1231062337756157	0.1309781074523926	0.2086055874824524	0.2165682762861252	0.2327885031700134	0.1814115643501282	0.1231062337756157	0.2400845736265182	0.1291750222444534	0	0.1309781074523926	0.1309781074523926	0.1309781074523926	0.1337468773126602	0.1309781074523926	0.1744501292705536	0.1814115643501282	0.1965219229459763	0.1656649261713028	0.169450655579567	0.127379909157753	0.1338378340005875	0.1079011857509613	0.127379909157753	0.127379909157753	0.1079011857509613	0.2294069975614548	0.223717212677002	0.1656649261713028	0.1965218931436539	0.1965218931436539	0.1965218931436539	0.1264128983020782	0.1079011857509613	0.1669475883245468	0.1669475883245468	0.1035321205854416	0	0.1669475883245468	0.1079011857509613	0.1338378340005875	0.1338378340005875	0.1338378340005875	0.1231062337756157	0.1035321205854416	0.1231062337756157	0.1035321205854416	0.1231062337756157	0.1193132251501083	0.1374115943908691	0.1775791794061661	0.1793488711118698	0.1334054619073868	0.1301871091127396	0.1338378340005875	0.1338378340005875	0.04659698903560638	0.127379909157753	0.1338378340005875	0.127379909157753	0.1064301207661629	0.1035321205854416	0.1064300984144211	0.1035321205854416	0.1291750222444534	0.1231062337756157	0.127379909157753	0.1231062337756157	0.1258362233638763	0.127379909157753	0.1338378340005875	0.1231062337756157	0.1338378340005875	0.1231062337756157	0.1800731420516968	0.1592210084199905	0.1851370334625244	0.1669475883245468	0.1079011857509613	0.127379909157753	0.127379909157753	0.127379909157753	0.1813946068286896	0.1338378340005875	0.1775791794061661	0.1231062337756157	0.1631389707326889	0.1231062337756157	0.1231062337756157	0.127379909157753	0.1752912551164627	0.1301871091127396	0.1669475883245468	0.190591424703598	0.1669475883245468	0.169450655579567	0.190591424703598	0.1231062337756157	0.1334054619073868	0.169450655579567	0.03551946580410004	0.1142900884151459	0.1869020909070969	0.1869020909070969	0.183882400393486	0.1631389707326889	0.1911675184965134	0.1911675184965134	0.2288036644458771	0.1341310441493988	0.1869020909070969	0.1231062337756157	0.2046781927347183	0.1231062337756157	0.1731161028146744	0.1414809226989746	0.1351496875286102	0.1231062337756157	0.1231062337756157	0.1656649559736252	0.1585114002227783	0.1231062337756157	0.1309769451618195	0.1541704088449478	0.1545600146055222	0.1805919408798218	0.1309781074523926	0.1472425311803818	0.1512847244739532	0.1472425311803818	0.1231062337756157	0.2050064206123352	0.2012547701597214	0.1499235928058624	0.1585114002227783	0.1231062337756157	0.1903970390558243	0.2149900496006012	0.1035321205854416	0.1231062337756157	0.1916239112615585	0.1309781074523926	0.1431387364864349	0.1879780441522598	0.1879790872335434	0.1231062337756157	0.1916239112615585	0.1035321205854416	0.1064301207661629
S2014m_E2-1-A-F	0.02534569054841995	0.02181960642337799	0.1043360158801079	0.08755231648683548	0.02672486379742622	0.02181960642337799	0.02534569054841995	0.1249048709869385	0.02534569054841995	0.01961344853043556	0.02181960642337799	7.746725927404441e-09	0.1092244312167168	0.1386471837759018	0.1557323336601257	0.09381914138793945	0.02181960642337799	0.1651731878519058	0.02895196527242661	0.1309781074523926	0	0	0	0.003604746190831065	0	0.08745957911014557	0.09381914138793945	0.1105463355779648	0.1053537875413895	0.1097773164510727	0.02713458426296711	0.03433438017964363	0.03740648552775383	0.02713458426296711	0.02713458426296711	0.03740647807717323	0.1263143271207809	0.1453777998685837	0.1053537875413895	0.1105463355779648	0.1105463355779648	0.1105463355779648	0.05927449092268944	0.03740647807717323	0.1068529337644577	0.1068529337644577	0.03223241865634918	0.1309781074523926	0.1068529337644577	0.03740648552775383	0.03433438017964363	0.03433438017964363	0.03433438017964363	0.02181960642337799	0.03223241865634918	0.02181960642337799	0.03223241865634918	0.02181960642337799	0.0301585178822279	0.07222574949264526	0.08912032842636108	0.09092841297388077	0.03420927003026009	0.03062252141535282	0.03433438017964363	0.03433438017964363	0.1216463148593903	0.02713458426296711	0.03433438017964363	0.02713458426296711	0.03566491976380348	0.03223241865634918	0.03566491231322289	0.03223241865634918	0.02895196527242661	0.02181960642337799	0.02713458426296711	0.02181960642337799	0.05859459936618805	0.02713458426296711	0.03433438017964363	0.02181960642337799	0.03433438017964363	0.02181960642337799	0.09217867255210876	0.09781588613986969	0.09838231652975082	0.1068529486656189	0.03740648552775383	0.02713458426296711	0.02713458426296711	0.02713458426296711	0.09307477623224258	0.03433438017964363	0.08912032842636108	0.02181960642337799	0.1024002432823181	0.02181960642337799	0.02181960642337799	0.02713458426296711	0.08631292730569839	0.03062252141535282	0.1068529412150383	0.1047038212418556	0.1068529412150383	0.1097773164510727	0.1047038212418556	0.02181960642337799	0.03420927003026009	0.1097773164510727	0.1292049139738083	0.1687691658735275	0.1001877710223198	0.1001877710223198	0.09684605151414871	0.1024002432823181	0.1050548478960991	0.1050548478960991	0.1512227654457092	0.1673656702041626	0.1001877710223198	0.02181960642337799	0.1331804543733597	0.02181960642337799	0.08582930266857147	0.07700969278812408	0.005429941695183516	0.02181960642337799	0.02181960642337799	0.1053538024425507	0.0460020899772644	0.02181960642337799	0.01086139678955078	0.06031689792871475	0.04097630828619003	0.1043276190757751	7.746725927404441e-09	0.05175850540399551	0.05675394460558891	0.05175850540399551	0.02181960642337799	0.1047123074531555	0.1200996339321136	0.05507241562008858	0.0460020899772644	0.02181960642337799	0.07670001685619354	0.1454818397760391	0.03223241865634918	0.02181960642337799	0.08789416402578354	7.746725927404441e-09	0.059127077460289	0.08330114185810089	0.07360558956861496	0.02181960642337799	0.08789416402578354	0.03223241865634918	0.03566491976380348
S2014M_E2-1-A-M	0.02534569054841995	0.02181960642337799	0.1043360158801079	0.08755231648683548	0.02672486379742622	0.02181960642337799	0.02534569054841995	0.1249048709869385	0.02534569054841995	0.01961344853043556	0.02181960642337799	7.746725927404441e-09	0.1092244312167168	0.1386471837759018	0.1557323336601257	0.09381914138793945	0.02181960642337799	0.1651731878519058	0.02895196527242661	0.1309781074523926	0	0	0	0.003604746190831065	0	0.08745957911014557	0.09381914138793945	0.1105463355779648	0.1053537875413895	0.1097773164510727	0.02713458426296711	0.03433438017964363	0.03740648552775383	0.02713458426296711	0.02713458426296711	0.03740647807717323	0.1263143271207809	0.1453777998685837	0.1053537875413895	0.1105463355779648	0.1105463355779648	0.1105463355779648	0.05927449092268944	0.03740647807717323	0.1068529337644577	0.1068529337644577	0.03223241865634918	0.1309781074523926	0.1068529337644577	0.03740648552775383	0.03433438017964363	0.03433438017964363	0.03433438017964363	0.02181960642337799	0.03223241865634918	0.02181960642337799	0.03223241865634918	0.02181960642337799	0.0301585178822279	0.07222574949264526	0.08912032842636108	0.09092841297388077	0.03420927003026009	0.03062252141535282	0.03433438017964363	0.03433438017964363	0.1216463148593903	0.02713458426296711	0.03433438017964363	0.02713458426296711	0.03566491976380348	0.03223241865634918	0.03566491231322289	0.03223241865634918	0.02895196527242661	0.02181960642337799	0.02713458426296711	0.02181960642337799	0.05859459936618805	0.02713458426296711	0.03433438017964363	0.02181960642337799	0.03433438017964363	0.02181960642337799	0.09217867255210876	0.09781588613986969	0.09838231652975082	0.1068529486656189	0.03740648552775383	0.02713458426296711	0.02713458426296711	0.02713458426296711	0.09307477623224258	0.03433438017964363	0.08912032842636108	0.02181960642337799	0.1024002432823181	0.02181960642337799	0.02181960642337799	0.02713458426296711	0.08631292730569839	0.03062252141535282	0.1068529412150383	0.1047038212418556	0.1068529412150383	0.1097773164510727	0.1047038212418556	0.02181960642337799	0.03420927003026009	0.1097773164510727	0.1292049139738083	0.1687691658735275	0.1001877710223198	0.1001877710223198	0.09684605151414871	0.1024002432823181	0.1050548478960991	0.1050548478960991	0.1512227654457092	0.1673656702041626	0.1001877710223198	0.02181960642337799	0.1331804543733597	0.02181960642337799	0.08582930266857147	0.07700969278812408	0.005429941695183516	0.02181960642337799	0.02181960642337799	0.1053538024425507	0.0460020899772644	0.02181960642337799	0.01086139678955078	0.06031689792871475	0.04097630828619003	0.1043276190757751	7.746725927404441e-09	0.05175850540399551	0.05675394460558891	0.05175850540399551	0.02181960642337799	0.1047123074531555	0.1200996339321136	0.05507241562008858	0.0460020899772644	0.02181960642337799	0.07670001685619354	0.1454818397760391	0.03223241865634918	0.02181960642337799	0.08789416402578354	7.746725927404441e-09	0.059127077460289	0.08330114185810089	0.07360558956861496	0.02181960642337799	0.08789416402578354	0.03223241865634918	0.03566491976380348
S2014m_E2-1-B-F	0.02534569054841995	0.02181960642337799	0.1043360158801079	0.08755231648683548	0.02672486379742622	0.02181960642337799	0.02534569054841995	0.1249048709869385	0.02534569054841995	0.01961344853043556	0.02181960642337799	7.746725927404441e-09	0.1092244312167168	0.1386471837759018	0.1557323336601257	0.09381914138793945	0.02181960642337799	0.1651731878519058	0.02895196527242661	0.1309781074523926	0	0	0	0.003604746190831065	0	0.08745957911014557	0.09381914138793945	0.1105463355779648	0.1053537875413895	0.1097773164510727	0.02713458426296711	0.03433438017964363	0.03740648552775383	0.02713458426296711	0.02713458426296711	0.03740647807717323	0.1263143271207809	0.1453777998685837	0.1053537875413895	0.1105463355779648	0.1105463355779648	0.1105463355779648	0.05927449092268944	0.03740647807717323	0.1068529337644577	0.1068529337644577	0.03223241865634918	0.1309781074523926	0.1068529337644577	0.03740648552775383	0.03433438017964363	0.03433438017964363	0.03433438017964363	0.02181960642337799	0.03223241865634918	0.02181960642337799	0.03223241865634918	0.02181960642337799	0.0301585178822279	0.07222574949264526	0.08912032842636108	0.09092841297388077	0.03420927003026009	0.03062252141535282	0.03433438017964363	0.03433438017964363	0.1216463148593903	0.02713458426296711	0.03433438017964363	0.02713458426296711	0.03566491976380348	0.03223241865634918	0.03566491231322289	0.03223241865634918	0.02895196527242661	0.02181960642337799	0.02713458426296711	0.02181960642337799	0.05859459936618805	0.02713458426296711	0.03433438017964363	0.02181960642337799	0.03433438017964363	0.02181960642337799	0.09217867255210876	0.09781588613986969	0.09838231652975082	0.1068529486656189	0.03740648552775383	0.02713458426296711	0.02713458426296711	0.02713458426296711	0.09307477623224258	0.03433438017964363	0.08912032842636108	0.02181960642337799	0.1024002432823181	0.02181960642337799	0.02181960642337799	0.02713458426296711	0.08631292730569839	0.03062252141535282	0.1068529412150383	0.1047038212418556	0.1068529412150383	0.1097773164510727	0.1047038212418556	0.02181960642337799	0.03420927003026009	0.1097773164510727	0.1292049139738083	0.1687691658735275	0.1001877710223198	0.1001877710223198	0.09684605151414871	0.1024002432823181	0.1050548478960991	0.1050548478960991	0.1512227654457092	0.1673656702041626	0.1001877710223198	0.02181960642337799	0.1331804543733597	0.02181960642337799	0.08582930266857147	0.07700969278812408	0.005429941695183516	0.02181960642337799	0.02181960642337799	0.1053538024425507	0.0460020899772644	0.02181960642337799	0.01086139678955078	0.06031689792871475	0.04097630828619003	0.1043276190757751	7.746725927404441e-09	0.05175850540399551	0.05675394460558891	0.05175850540399551	0.02181960642337799	0.1047123074531555	0.1200996339321136	0.05507241562008858	0.0460020899772644	0.02181960642337799	0.07670001685619354	0.1454818397760391	0.03223241865634918	0.02181960642337799	0.08789416402578354	7.746725927404441e-09	0.059127077460289	0.08330114185810089	0.07360558956861496	0.02181960642337799	0.08789416402578354	0.03223241865634918	0.03566491976380348
S2014M_E2-1-B-M	0.02174094505608082	0.02534568123519421	0.1072288751602173	0.0841776430606842	0.03015851229429245	0.02534568123519421	0.02174094505608082	0.1217215657234192	0.02174094505608082	0.01606661826372147	0.02534568123519421	0.003604738507419825	0.1121015027165413	0.141322985291481	0.1583798825740814	0.09684604406356812	0.02534568123519421	0.1677428632974625	0.02534722909331322	0.1337468773126602	0.003604746190831065	0.003604746190831065	0.003604746190831065	0	0.003604746190831065	0.09046231210231781	0.09684604406356812	0.1135173887014389	0.1020632982254028	0.1065030843019485	0.03062251582741737	0.0377965085208416	0.04080243781208992	0.03062251582741737	0.03062251582741737	0.04080244526267052	0.1290671825408936	0.1480705887079239	0.1020632982254028	0.1135173738002777	0.1135173738002777	0.1135173738002777	0.0625181719660759	0.04080244526267052	0.1097773164510727	0.1097773164510727	0.03566491231322289	0.1337468773126602	0.1097773164510727	0.04080243781208992	0.0377965085208416	0.0377965085208416	0.0377965085208416	0.02534568123519421	0.03566491231322289	0.02534568123519421	0.03566491231322289	0.02534568123519421	0.02663057297468185	0.06881339848041534	0.09217865765094757	0.08755376189947128	0.03062405250966549	0.02703729271888733	0.0377965085208416	0.0377965085208416	0.1183977350592613	0.03062251582741737	0.0377965085208416	0.03062251582741737	0.03211808949708939	0.03566491231322289	0.03211809694766998	0.03566491231322289	0.02534722909331322	0.02534568123519421	0.03062251582741737	0.02534568123519421	0.06184295564889908	0.03062251582741737	0.0377965085208416	0.02534568123519421	0.0377965085208416	0.02534568123519421	0.08882109820842743	0.1007996425032616	0.1013788655400276	0.1097773090004921	0.04080243781208992	0.03062251582741737	0.03062251582741737	0.03062251582741737	0.09612918645143509	0.0377965085208416	0.09217865765094757	0.02534568123519421	0.1053537875413895	0.02534568123519421	0.02534568123519421	0.03062251582741737	0.0893901064991951	0.02703729271888733	0.1097773164510727	0.101380281150341	0.1097773164510727	0.1065030843019485	0.101380281150341	0.02534568123519421	0.03062405250966549	0.1065030694007874	0.1259723454713821	0.1656948626041412	0.09684748202562332	0.09684748947620392	0.09350574761629105	0.1053537875413895	0.1080292090773582	0.1080292090773582	0.1480719447135925	0.1699218899011612	0.09684748202562332	0.02534568123519421	0.1300272643566132	0.02534568123519421	0.08252202719449997	0.0736149325966835	0.008995701558887959	0.02534568123519421	0.02534568123519421	0.1020632907748222	0.04930129274725914	0.02534568123519421	0.01440768409520388	0.05684148892760277	0.0443103052675724	0.1010694801807404	0.003604738507419825	0.05507240444421768	0.06003307923674583	0.05507240444421768	0.02534568123519421	0.1014555618166924	0.1169163286685944	0.0515776090323925	0.04930129274725914	0.02534568123519421	0.07335971295833588	0.1423733979463577	0.03566491231322289	0.02534568123519421	0.09091043472290039	0.003604738507419825	0.0557045042514801	0.08634781092405319	0.07670001685619354	0.02534568123519421	0.09091043472290039	0.03566491231322289	0.03211808949708939
S2014m_E2-1-C-F	0.02534569054841995	0.02181960642337799	0.1043360158801079	0.08755231648683548	0.02672486379742622	0.02181960642337799	0.02534569054841995	0.1249048709869385	0.02534569054841995	0.01961344853043556	0.02181960642337799	7.746725927404441e-09	0.1092244312167168	0.1386471837759018	0.1557323336601257	0.09381914138793945	0.02181960642337799	0.1651731878519058	0.02895196527242661	0.1309781074523926	0	0	0	0.003604746190831065	0	0.08745957911014557	0.09381914138793945	0.1105463355779648	0.1053537875413895	0.1097773164510727	0.02713458426296711	0.03433438017964363	0.03740648552775383	0.02713458426296711	0.02713458426296711	0.03740647807717323	0.1263143271207809	0.1453777998685837	0.1053537875413895	0.1105463355779648	0.1105463355779648	0.1105463355779648	0.05927449092268944	0.03740647807717323	0.1068529337644577	0.1068529337644577	0.03223241865634918	0.1309781074523926	0.1068529337644577	0.03740648552775383	0.03433438017964363	0.03433438017964363	0.03433438017964363	0.02181960642337799	0.03223241865634918	0.02181960642337799	0.03223241865634918	0.02181960642337799	0.0301585178822279	0.07222574949264526	0.08912032842636108	0.09092841297388077	0.03420927003026009	0.03062252141535282	0.03433438017964363	0.03433438017964363	0.1216463148593903	0.02713458426296711	0.03433438017964363	0.02713458426296711	0.03566491976380348	0.03223241865634918	0.03566491231322289	0.03223241865634918	0.02895196527242661	0.02181960642337799	0.02713458426296711	0.02181960642337799	0.05859459936618805	0.02713458426296711	0.03433438017964363	0.02181960642337799	0.03433438017964363	0.02181960642337799	0.09217867255210876	0.09781588613986969	0.09838231652975082	0.1068529486656189	0.03740648552775383	0.02713458426296711	0.02713458426296711	0.02713458426296711	0.09307477623224258	0.03433438017964363	0.08912032842636108	0.02181960642337799	0.1024002432823181	0.02181960642337799	0.02181960642337799	0.02713458426296711	0.08631292730569839	0.03062252141535282	0.1068529412150383	0.1047038212418556	0.1068529412150383	0.1097773164510727	0.1047038212418556	0.02181960642337799	0.03420927003026009	0.1097773164510727	0.1292049139738083	0.1687691658735275	0.1001877710223198	0.1001877710223198	0.09684605151414871	0.1024002432823181	0.1050548478960991	0.1050548478960991	0.1512227654457092	0.1673656702041626	0.1001877710223198	0.02181960642337799	0.1331804543733597	0.02181960642337799	0.08582930266857147	0.07700969278812408	0.005429941695183516	0.02181960642337799	0.02181960642337799	0.1053538024425507	0.0460020899772644	0.02181960642337799	0.01086139678955078	0.06031689792871475	0.04097630828619003	0.1043276190757751	7.746725927404441e-09	0.05175850540399551	0.05675394460558891	0.05175850540399551	0.02181960642337799	0.1047123074531555	0.1200996339321136	0.05507241562008858	0.0460020899772644	0.02181960642337799	0.07670001685619354	0.1454818397760391	0.03223241865634918	0.02181960642337799	0.08789416402578354	7.746725927404441e-09	0.059127077460289	0.08330114185810089	0.07360558956861496	0.02181960642337799	0.08789416402578354	0.03223241865634918	0.03566491976380348
S2014m_E2-1-C-M	0.1103080585598946	0.1073708459734917	0.04715806245803833	0.04807550087571144	0.08206156641244888	0.1073708459734917	0.1103080585598946	0.04057356715202332	0.1103080585598946	0.07555676251649857	0.1073708459734917	0.08745957911014557	0.05197558924555779	0.05609350651502609	0.09947686642408371	0.03486602753400803	0.1073708459734917	0.1098138689994812	0.113599956035614	0.1744501292705536	0.08745957911014557	0.08745957911014557	0.08745957911014557	0.09046231210231781	0.08745957911014557	0	0.03486602753400803	0.05134307220578194	0.01818200014531612	0.02303653582930565	0.1117988973855972	0.1183721199631691	0.09197237342596054	0.1117988973855972	0.1117988973855972	0.09197237342596054	0.07020940631628036	0.08900377154350281	0.01818200014531612	0.05134306848049164	0.05134306848049164	0.05134306848049164	0.111143946647644	0.09197237342596054	0.01982721500098705	0.01982721500098705	0.08744549006223679	0.1744501292705536	0.01982721500098705	0.09197237342596054	0.1183721199631691	0.1183721199631691	0.1183721199631691	0.1073708459734917	0.08744549006223679	0.1073708459734917	0.08744549006223679	0.1073708459734917	0.08506712317466736	0.122527964413166	0.04967062547802925	0.05136740580201149	0.1179827079176903	0.1147070899605751	0.1183721199631691	0.1183721199631691	0.1912482082843781	0.1117988973855972	0.1183721199631691	0.1117988973855972	0.09044825285673141	0.08744549006223679	0.09044825285673141	0.08744549006223679	0.113599956035614	0.1073708459734917	0.1117988973855972	0.1073708459734917	0.1105469390749931	0.1117988973855972	0.1183721199631691	0.1073708459734917	0.1183721199631691	0.1073708459734917	0.05278222635388374	0.02984410524368286	0.03965374454855919	0.01982722990214825	0.09197237342596054	0.1117988973855972	0.1117988973855972	0.1117988973855972	0.1675941050052643	0.1183721199631691	0.04967062547802925	0.1073708459734917	0.01494066044688225	0.1073708459734917	0.1073708459734917	0.1117988973855972	0.1613878607749939	0.1147070899605751	0.0198272243142128	0.04607377573847771	0.0198272243142128	0.02303653582930565	0.04607377573847771	0.1073708459734917	0.1179827079176903	0.02303654327988625	0.1978949010372162	0.1135956421494484	0.04133371263742447	0.04133372008800507	0.03804180771112442	0.01494066044688225	0.04622697085142136	0.04622697085142136	0.09494160115718842	0.1121195927262306	0.04133371263742447	0.1073708459734917	0.04964666068553925	0.1073708459734917	0.01819952949881554	0.06795764714479446	0.09198341518640518	0.1073708459734917	0.1073708459734917	0.01818200573325157	0.1263235360383987	0.1073708459734917	0.09694218635559082	0.139539435505867	0.1221102923154831	0.01801333948969841	0.08745957911014557	0.1323687881231308	0.1365528702735901	0.1323687881231308	0.1073708459734917	0.04724329337477684	0.03576834499835968	0.1351440399885178	0.1263235360383987	0.1073708459734917	0.01819605752825737	0.06313351541757584	0.08744549006223679	0.1073708459734917	0.02961059100925922	0.08745957911014557	0.1104850098490715	0.02479678951203823	0.0149547653272748	0.1073708459734917	0.02961059100925922	0.08744549006223679	0.09044825285673141
S2014m_E2-2-B-M	0.07827697694301605	0.0751241073012352	0.05271511524915695	0.01380390487611294	0.107369601726532	0.0751241073012352	0.07827697694301605	0.06489384174346924	0.07827697694301605	0.110308051109314	0.0751241073012352	0.09381913393735886	0.0480557382106781	0.08900377154350281	0.06898027658462524	0	0.0751241073012352	0.08023564517498016	0.08168741315603256	0.1814115643501282	0.09381914138793945	0.09381914138793945	0.09381914138793945	0.09684604406356812	0.09381914138793945	0.03486602753400803	0	0.01707230508327484	0.02350026927888393	0.02840113081037998	0.07987701147794724	0.08668649196624756	0.09839514642953873	0.07987701147794724	0.07987701147794724	0.09839515388011932	0.07596012949943542	0.05800237879157066	0.02350026927888393	0.01707229949533939	0.01707229949533939	0.01707229949533939	0.1177122369408607	0.09839515388011932	0.02516126818954945	0.02516126818954945	0.0938321053981781	0.1814115643501282	0.02516126818954945	0.09839514642953873	0.08668649196624756	0.08668649196624756	0.08668649196624756	0.0751241073012352	0.0938321053981781	0.0751241073012352	0.0938321053981781	0.0751241073012352	0.1103068143129349	0.1291768252849579	0.01551585271954536	0.01721434108912945	0.08639058470726013	0.08299761265516281	0.08668649196624756	0.08668649196624756	0.1648665219545364	0.07987701147794724	0.08668649196624756	0.07987701147794724	0.09685893356800079	0.0938321053981781	0.09685894101858139	0.0938321053981781	0.08168741315603256	0.0751241073012352	0.07987701147794724	0.0751241073012352	0.1171108856797218	0.07987701147794724	0.08668649196624756	0.0751241073012352	0.08668649196624756	0.0751241073012352	0.01885474473237991	0.03532930836081505	0.005138964857906103	0.0251612700521946	0.09839514642953873	0.07987701147794724	0.07987701147794724	0.07987701147794724	0.1394043415784836	0.08668649196624756	0.01551585271954536	0.0751241073012352	0.02022757939994335	0.0751241073012352	0.0751241073012352	0.07987701147794724	0.132987916469574	0.08299761265516281	0.025161262601614	0.01190601848065853	0.025161262601614	0.02840113081037998	0.01190601848065853	0.0751241073012352	0.08639058470726013	0.02840112522244453	0.1718525737524033	0.08427233248949051	0.006819408852607012	0.006819416303187609	0.003408973338082433	0.02022757939994335	0.01194844581186771	0.01194844581186771	0.06424122303724289	0.08269691467285156	0.006819408852607012	0.0751241073012352	0.07377924025058746	0.0751241073012352	0.05277910083532333	0.07396813482046127	0.09837929159402847	0.0751241073012352	0.0751241073012352	0.02350026182830334	0.1238778308033943	0.0751241073012352	0.09381784498691559	0.1096139699220657	0.1195696890354156	0.04279681667685509	0.09381913393735886	0.1019336730241776	0.1064156889915466	0.1019336730241776	0.0751241073012352	0.04320995509624481	0.06938724964857101	0.1049067005515099	0.1238778308033943	0.0751241073012352	0.02348633110523224	0.08698559552431107	0.0938321053981781	0.0751241073012352	0.02514600567519665	0.09381913393735886	0.1351428478956223	0.02021216787397861	0.02021356113255024	0.0751241073012352	0.02514600567519665	0.0938321053981781	0.09685893356800079
S2014m_E2-2-C-M	0.09529108554124832	0.09219641983509064	0.06888744235038757	0.03081801161170006	0.1238466873764992	0.09219641983509064	0.09529108554124832	0.0808582603931427	0.09529108554124832	0.1267309039831161	0.09219641983509064	0.110546350479126	0.06430762261152267	0.1045565605163574	0.07261756062507629	0.01707230508327484	0.09219641983509064	0.09593814611434937	0.09219507128000259	0.1965219229459763	0.1105463355779648	0.1105463355779648	0.1105463355779648	0.1135173887014389	0.1105463355779648	0.05134307220578194	0.01707230508327484	0	0.04017135873436928	0.04498855024576187	0.0968615785241127	0.09066951274871826	0.1150378957390785	0.0968615785241127	0.0968615785241127	0.1150378882884979	0.0917356088757515	0.07408445328474045	0.04017135873436928	7.451798289537237e-09	7.451798289537237e-09	7.451798289537237e-09	0.1339983940124512	0.1150378882884979	0.0418039970099926	0.0418039970099926	0.1105590760707855	0.1965219229459763	0.0418039970099926	0.1150378957390785	0.09066951274871826	0.09066951274871826	0.09066951274871826	0.09219641983509064	0.1105590760707855	0.09219641983509064	0.1105590760707855	0.09219641983509064	0.1267296671867371	0.1452513635158539	0.03250042349100113	0.02750136330723763	0.09686025977134705	0.09992457926273346	0.09066951274871826	0.09066951274871826	0.1802822649478912	0.0968615785241127	0.09066951274871826	0.0968615785241127	0.1135300323367119	0.1105590760707855	0.1135300323367119	0.1105590760707855	0.09219507128000259	0.09219641983509064	0.0968615785241127	0.09219641983509064	0.1334081590175629	0.0968615785241127	0.09066951274871826	0.09219641983509064	0.09066951274871826	0.09219641983509064	0.03578171133995056	0.05197204649448395	0.0221235379576683	0.04180401191115379	0.1150378957390785	0.0968615785241127	0.0968615785241127	0.0968615785241127	0.1434964090585709	0.09066951274871826	0.03250042349100113	0.09219641983509064	0.03695455193519592	0.09219641983509064	0.09219641983509064	0.0968615785241127	0.1489921063184738	0.09992457926273346	0.0418040044605732	0.0221221074461937	0.0418040044605732	0.04498855024576187	0.0221221074461937	0.09219641983509064	0.09686025977134705	0.04498855024576187	0.1816034913063049	0.09990591555833817	0.01707086153328419	0.01707086898386478	0.02042307704687119	0.03695455193519592	0.01541905011981726	0.01541905011981726	0.07408317178487778	0.09835739433765411	0.01707086153328419	0.09219641983509064	0.08959197252988815	0.09219641983509064	0.06912080198526382	0.09047387540340424	0.115022324025631	0.09219641983509064	0.09219641983509064	0.04017136618494987	0.1400502026081085	0.09219641983509064	0.1105450838804245	0.1260496228933334	0.1358215808868408	0.05913848057389259	0.110546350479126	0.1185110956430435	0.1229103803634644	0.1185110956430435	0.09219641983509064	0.05954455956816673	0.08527495712041855	0.1214292347431183	0.1400502026081085	0.09219641983509064	0.04015767201781273	0.1025728583335876	0.1105590760707855	0.09219641983509064	0.04178900644183159	0.110546350479126	0.1511072665452957	0.03693940117955208	0.03694077581167221	0.09219641983509064	0.04178900644183159	0.1105590760707855	0.1135300323367119
S2014m_E2-3-B-M	0.0935186892747879	0.09685894101858139	0.06459742784500122	0.03034539334475994	0.09044698625802994	0.09685894101858139	0.0935186892747879	0.04238976165652275	0.0935186892747879	0.08715774863958359	0.09685894101858139	0.1053538024425507	0.06007789820432663	0.07308452576398849	0.08952084183692932	0.02350026927888393	0.09685894101858139	0.1001536473631859	0.0968603640794754	0.1656649261713028	0.1053537875413895	0.1053537875413895	0.1053537875413895	0.1020632982254028	0.1053537875413895	0.01818200014531612	0.02350026927888393	0.04017135873436928	0	0.005018803756684065	0.1013916283845901	0.1080418676137924	0.08133279532194138	0.1013916283845901	0.1013916283845901	0.08133278787136078	0.08715657889842987	0.07888402789831161	0	0.04017135128378868	0.04017135128378868	0.04017135128378868	0.1009514257311821	0.08133278787136078	0.008342288434505463	0.008342288434505463	0.07669892162084579	0.1656649261713028	0.008342288434505463	0.08133279532194138	0.1080418676137924	0.1080418676137924	0.1080418676137924	0.09685894101858139	0.07669892162084579	0.09685894101858139	0.07669892162084579	0.09685894101858139	0.08715647459030151	0.1065175011754036	0.03853537887334824	0.03368705883622169	0.101393036544323	0.09806814789772034	0.1080418676137924	0.1080418676137924	0.1771179288625717	0.1013916283845901	0.1080418676137924	0.1013916283845901	0.0733586773276329	0.07669892162084579	0.07335866987705231	0.07669892162084579	0.0968603640794754	0.09685894101858139	0.1013916283845901	0.09685894101858139	0.1003406271338463	0.1013916283845901	0.1080418676137924	0.09685894101858139	0.1080418676137924	0.09685894101858139	0.03521189466118813	0.01847654581069946	0.02840113081037998	0.008342301473021507	0.08133279532194138	0.1013916283845901	0.1013916283845901	0.1013916283845901	0.1583911627531052	0.1080418676137924	0.03853537887334824	0.09685894101858139	0.003340255469083786	0.09685894101858139	0.09685894101858139	0.1013916283845901	0.1521163135766983	0.09806814789772034	0.00834229588508606	0.0284025426954031	0.00834229588508606	0.005018803756684065	0.0284025426954031	0.09685894101858139	0.101393036544323	0.005018810741603374	0.1839203536510468	0.09818903356790543	0.0235016904771328	0.02350169606506824	0.02016002126038074	0.003340255469083786	0.0350513756275177	0.0350513756275177	0.07888536900281906	0.1025096029043198	0.0235016904771328	0.09685894101858139	0.05148899555206299	0.09685894101858139	0.02974319085478783	0.05070096254348755	0.1097743809223175	0.09685894101858139	0.09685894101858139	7.152450187675186e-09	0.1345075070858002	0.09685894101858139	0.1053525432944298	0.1237369030714035	0.130326896905899	0.01976094767451286	0.1053538024425507	0.1224406808614731	0.1267208307981491	0.1224406808614731	0.09685894101858139	0.04910692572593689	0.04699130356311798	0.1191950365900993	0.1345075070858002	0.09685894101858139	0.02979704365134239	0.06501315534114838	0.07669892162084579	0.09685894101858139	0.03786705434322357	0.1053538024425507	0.1126387715339661	0.03308620303869247	0.03308755904436111	0.09685894101858139	0.03786705434322357	0.07669892162084579	0.0733586773276329
S2014m_E2-3-C-M	0.09806814789772034	0.1013916283845901	0.05979035049676895	0.03521189466118813	0.09494422376155853	0.1013916283845901	0.09806814789772034	0.04699307307600975	0.09806814789772034	0.09167123585939407	0.1013916283845901	0.1097773164510727	0.06459617614746094	0.07741252332925797	0.0847853347659111	0.02840113081037998	0.1013916283845901	0.1043169349431992	0.101393036544323	0.169450655579567	0.1097773164510727	0.1097773164510727	0.1097773164510727	0.1065030843019485	0.1097773164510727	0.02303653582930565	0.02840113081037998	0.04498855024576187	0.005018803756684065	0	0.0963728278875351	0.103023074567318	0.07631398737430573	0.0963728278875351	0.0963728278875351	0.07631397992372513	0.09141884744167328	0.08324598520994186	0.005018803756684065	0.04498854279518127	0.04498854279518127	0.04498854279518127	0.1053456366062164	0.07631397992372513	0.003323484444990754	0.003323484444990754	0.08133279532194138	0.169450655579567	0.003323484444990754	0.07631398737430573	0.103023074567318	0.103023074567318	0.103023074567318	0.1013916283845901	0.08133279532194138	0.1013916283845901	0.08133279532194138	0.1013916283845901	0.09166997671127319	0.1108420342206955	0.03351657837629318	0.03853679448366165	0.09637423604726791	0.09304933995008469	0.103023074567318	0.103023074567318	0.1725389957427979	0.0963728278875351	0.103023074567318	0.0963728278875351	0.07800930738449097	0.08133279532194138	0.07800929993391037	0.08133279532194138	0.101393036544323	0.1013916283845901	0.0963728278875351	0.1013916283845901	0.1047407910227776	0.0963728278875351	0.103023074567318	0.1013916283845901	0.103023074567318	0.1013916283845901	0.03019309230148792	0.01345774158835411	0.02338232658803463	0.00332349818199873	0.07631398737430573	0.0963728278875351	0.0963728278875351	0.0963728278875351	0.1536556631326675	0.103023074567318	0.03351657837629318	0.1013916283845901	0.00834229588508606	0.1013916283845901	0.1013916283845901	0.0963728278875351	0.1473808139562607	0.09304933995008469	0.003323491429910064	0.0233837403357029	0.003323491429910064	0	0.0233837403357029	0.1013916283845901	0.09637423604726791	7.116553124575375e-09	0.179362490773201	0.09354659914970398	0.0284025426954031	0.0284025501459837	0.02507764473557472	0.00834229588508606	0.0300325732678175	0.0300325732678175	0.08324731886386871	0.1066511645913124	0.0284025426954031	0.1013916283845901	0.04670459032058716	0.1013916283845901	0.03451697528362274	0.04570687562227249	0.1141544058918953	0.1013916283845901	0.1013916283845901	0.005018810741603374	0.1297004222869873	0.1013916283845901	0.1097760871052742	0.127988800406456	0.1345075070858002	0.01481650397181511	0.1097773164510727	0.1267208307981491	0.1218434944748878	0.1267208307981491	0.1013916283845901	0.04423682019114494	0.05155058577656746	0.1234910264611244	0.1297004222869873	0.1013916283845901	0.03459414839744568	0.06029696762561798	0.08133279532194138	0.1013916283845901	0.03292261064052582	0.1097773164510727	0.1169044002890587	0.03786705434322357	0.03786839172244072	0.1013916283845901	0.03292261064052582	0.08133279532194138	0.07800930738449097
S2014m_E5-1-A-F	0.009198172017931938	0.005554064642637968	0.1189858391880989	0.07341517508029938	0.04273557290434837	0.005554064642637968	0.009198172017931938	0.1393003016710281	0.009198172017931938	0.04611416161060333	0.005554064642637968	0.02713457867503166	0.1238778308033943	0.1613878607749939	0.1345620006322861	0.07987701147794724	0.005554064642637968	0.1533545851707458	0.01286420412361622	0.127379909157753	0.02713458426296711	0.02713458426296711	0.02713458426296711	0.03062251582741737	0.02713458426296711	0.1117988973855972	0.07987701147794724	0.0968615785241127	0.1013916283845901	0.0963728278875351	0	0.007359516806900501	0.02171607315540314	0	0	0.02171608060598373	0.1494376510381699	0.132987916469574	0.1013916283845901	0.0968615710735321	0.0968615710735321	0.0968615710735321	0.05462026223540306	0.02171608060598373	0.09335961192846298	0.09335961192846298	0.02714952640235424	0.127379909157753	0.09335961192846298	0.02171607315540314	0.007359516806900501	0.007359516806900501	0.007359516806900501	0.005554064642637968	0.02714952640235424	0.005554064642637968	0.02714952640235424	0.005554064642637968	0.04611274227499962	0.06777091324329376	0.06503604352474213	0.07684359699487686	0.00733049213886261	0.003664460033178329	0.007359516806900501	0.007359516806900501	0.09908924251794815	0	0.007359516806900501	0	0.0306373592466116	0.02714952640235424	0.03063736483454704	0.02714952640235424	0.01286420412361622	0.005554064642637968	0	0.005554064642637968	0.05392978712916374	0	0.007359516806900501	0.005554064642637968	0.007359516806900501	0.005554064642637968	0.06824012100696564	0.08404616266489029	0.07473804801702499	0.09335961192846298	0.02171607315540314	0	0	0	0.06899698823690414	0.007359516806900501	0.06503604352474213	0.005554064642637968	0.09839514642953873	0.005554064642637968	0.005554064642637968	0	0.06209445744752884	0.003664460033178329	0.09335961192846298	0.0812690481543541	0.09335961192846298	0.0963728278875351	0.0812690481543541	0.005554064642637968	0.00733049213886261	0.0963728129863739	0.1069114208221436	0.1483353674411774	0.08639058470726013	0.08639059960842133	0.08299761265516281	0.09839514642953873	0.08154752105474472	0.08154752105474472	0.1389569491147995	0.1556095033884048	0.08639058470726013	0.005554064642637968	0.1385763436555862	0.005554064642637968	0.1102199777960777	0.06259281933307648	0.03238862380385399	0.005554064642637968	0.005554064642637968	0.1013916283845901	0.05148442834615707	0.005554064642637968	0.02713309787213802	0.04531627520918846	0.05675254389643669	0.1097614020109177	0.02713457867503166	0.03648116812109947	0.03109983541071415	0.03648116812109947	0.005554064642637968	0.1101456508040428	0.1434163749217987	0.03990252688527107	0.05148442834615707	0.005554064642637968	0.1013788655400276	0.1508587896823883	0.02714952640235424	0.005554064642637968	0.09334541112184525	0.02713457867503166	0.07460468262434006	0.09838103502988815	0.09838231652975082	0.005554064642637968	0.09334541112184525	0.02714952640235424	0.0306373592466116
S2014M_E5-1-A-M	0.01653071865439415	0.01291358098387718	0.1254696696996689	0.08027247339487076	0.04981992021203041	0.01291358098387718	0.01653071865439415	0.145670011639595	0.01653071865439415	0.05317350476980209	0.01291358098387718	0.03433438390493393	0.1303616911172867	0.1675941050052643	0.1289731115102768	0.08668649196624756	0.01291358098387718	0.1596202850341797	0.01291202288120985	0.1338378340005875	0.03433438017964363	0.03433438017964363	0.03433438017964363	0.0377965085208416	0.03433438017964363	0.1183721199631691	0.08668649196624756	0.09066951274871826	0.1080418676137924	0.103023074567318	0.007359516806900501	0	0.0289157722145319	0.007359516806900501	0.007359516806900501	0.0289157647639513	0.1557323336601257	0.1394043415784836	0.1080418676137924	0.09066949784755707	0.09066949784755707	0.09066949784755707	0.06161664798855782	0.0289157647639513	0.1000320315361023	0.1000320315361023	0.0343492217361927	0.1338378340005875	0.1000320315361023	0.0289157722145319	0	0	0	0.01291358098387718	0.0343492217361927	0.01291358098387718	0.0343492217361927	0.01291358098387718	0.05317209288477898	0.07466998696327209	0.07191693037748337	0.07710841298103333	0.007357949856668711	0.01099700760096312	0	0	0.1057194992899895	0.007359516806900501	0	0.007359516806900501	0.03781124204397202	0.0343492217361927	0.03781123459339142	0.0343492217361927	0.01291202288120985	0.01291358098387718	0.007359516806900501	0.01291358098387718	0.06093128025531769	0.007359516806900501	0	0.01291358098387718	0	0.01291358098387718	0.07509741932153702	0.0907871425151825	0.08154752105474472	0.1000320538878441	0.0289157722145319	0.007359516806900501	0.007359516806900501	0.007359516806900501	0.06252604722976685	0	0.07191693037748337	0.01291358098387718	0.1050675809383392	0.01291358098387718	0.01291358098387718	0.007359516806900501	0.06899698823690414	0.01099700760096312	0.1000320464372635	0.08154618740081787	0.1000320464372635	0.103023074567318	0.08154618740081787	0.01291358098387718	0.007357949856668711	0.103023074567318	0.1072656512260437	0.1546031981706619	0.08668515831232071	0.08668516576290131	0.08978399634361267	0.1050675809383392	0.07525046169757843	0.07525046169757843	0.1394031345844269	0.1618585139513016	0.08668515831232071	0.01291358098387718	0.1449160128831863	0.01291358098387718	0.1168048977851868	0.0694916769862175	0.03954955190420151	0.01291358098387718	0.01291358098387718	0.1080418825149536	0.05846504494547844	0.01291358098387718	0.03433291614055634	0.05238152295351028	0.06373316049575806	0.1163131296634674	0.03433438390493393	0.0436118096113205	0.03823047503829002	0.0436118096113205	0.01291358098387718	0.1166945397853851	0.1497556269168854	0.04700784385204315	0.05846504494547844	0.01291358098387718	0.1080292090773582	0.1571080535650253	0.0343492217361927	0.01291358098387718	0.1000179573893547	0.03433438390493393	0.08145318925380707	0.1050535812973976	0.1050548329949379	0.01291358098387718	0.1000179573893547	0.0343492217361927	0.03781124204397202
S2014m_E5-1-B-F	0.0306373592466116	0.02714952640235424	0.1269223392009735	0.09219168126583099	0.02136741206049919	0.02714952640235424	0.0306373592466116	0.120087668299675	0.0306373592466116	0.02482141554355621	0.02714952640235424	0.03740647807717323	0.1317435801029205	0.1426682770252228	0.150993287563324	0.09839514642953873	0.02714952640235424	0.1690584868192673	0.03422406315803528	0.1079011857509613	0.03740648552775383	0.03740648552775383	0.03740648552775383	0.04080243781208992	0.03740648552775383	0.09197237342596054	0.09839514642953873	0.1150378957390785	0.08133279532194138	0.07631398737430573	0.02171607315540314	0.0289157722145319	0	0.02171607315540314	0.02171607315540314	7.704515248008192e-09	0.1567180454730988	0.1494490802288055	0.08133279532194138	0.1150378882884979	0.1150378882884979	0.1150378882884979	0.03351739421486855	7.704515248008192e-09	0.07323389500379562	0.07323389500379562	0.005433451849967241	0.1079011857509613	0.07323389500379562	0	0.0289157722145319	0.0289157722145319	0.0289157722145319	0.02714952640235424	0.005433451849967241	0.02714952640235424	0.005433451849967241	0.02714952640235424	0.02481996268033981	0.04696159437298775	0.08404616266489029	0.09555062651634216	0.02881009131669998	0.02522338554263115	0.0289157722145319	0.0289157722145319	0.1167528927326202	0.02171607315540314	0.0289157722145319	0.02171607315540314	0.008999140001833439	0.005433451849967241	0.008999147452414036	0.005433451849967241	0.03422406315803528	0.02714952640235424	0.02171607315540314	0.02714952640235424	0.03281150758266449	0.02171607315540314	0.0289157722145319	0.02714952640235424	0.0289157722145319	0.02714952640235424	0.08712149411439896	0.06371369957923889	0.09335961192846298	0.07323389500379562	0	0.02171607315540314	0.02171607315540314	0.02171607315540314	0.08798491209745407	0.0289157722145319	0.08404616266489029	0.02714952640235424	0.07826942205429077	0.02714952640235424	0.02714952640235424	0.02171607315540314	0.08122316002845764	0.02522338554263115	0.07323388755321503	0.09969772398471832	0.07323388755321503	0.07631398737430573	0.09969772398471832	0.02714952640235424	0.02881009131669998	0.07631397992372513	0.124335490167141	0.1641376316547394	0.1047165244817734	0.1047165244817734	0.1013916283845901	0.07826942205429077	0.1000320464372635	0.1000320464372635	0.1552535444498062	0.1712306141853333	0.1047165244817734	0.02714952640235424	0.1194543465971947	0.02714952640235424	0.09035820513963699	0.0417841300368309	0.0425221212208271	0.02714952640235424	0.02714952640235424	0.08133278787136078	0.06106967106461525	0.02714952640235424	0.03740504011511803	0.06523659825325012	0.06625582277774811	0.08999976515769958	0.03740647807717323	0.05676798895001411	0.05149995908141136	0.05676798895001411	0.02714952640235424	0.1182897686958313	0.1242956221103668	0.06004703789949417	0.06106967106461525	0.02714952640235424	0.1097773164510727	0.1320094466209412	0.005433451849967241	0.02714952640235424	0.101891003549099	0.03740647807717323	0.05394791811704636	0.106851689517498	0.1068529412150383	0.02714952640235424	0.101891003549099	0.005433451849967241	0.008999140001833439
S2014M_E5-1-B-M	0.009198172017931938	0.005554064642637968	0.1189858391880989	0.07341517508029938	0.04273557290434837	0.005554064642637968	0.009198172017931938	0.1393003016710281	0.009198172017931938	0.04611416161060333	0.005554064642637968	0.02713457867503166	0.1238778308033943	0.1613878607749939	0.1345620006322861	0.07987701147794724	0.005554064642637968	0.1533545851707458	0.01286420412361622	0.127379909157753	0.02713458426296711	0.02713458426296711	0.02713458426296711	0.03062251582741737	0.02713458426296711	0.1117988973855972	0.07987701147794724	0.0968615785241127	0.1013916283845901	0.0963728278875351	0	0.007359516806900501	0.02171607315540314	0	0	0.02171608060598373	0.1494376510381699	0.132987916469574	0.1013916283845901	0.0968615710735321	0.0968615710735321	0.0968615710735321	0.05462026223540306	0.02171608060598373	0.09335961192846298	0.09335961192846298	0.02714952640235424	0.127379909157753	0.09335961192846298	0.02171607315540314	0.007359516806900501	0.007359516806900501	0.007359516806900501	0.005554064642637968	0.02714952640235424	0.005554064642637968	0.02714952640235424	0.005554064642637968	0.04611274227499962	0.06777091324329376	0.06503604352474213	0.07684359699487686	0.00733049213886261	0.003664460033178329	0.007359516806900501	0.007359516806900501	0.09908924251794815	0	0.007359516806900501	0	0.0306373592466116	0.02714952640235424	0.03063736483454704	0.02714952640235424	0.01286420412361622	0.005554064642637968	0	0.005554064642637968	0.05392978712916374	0	0.007359516806900501	0.005554064642637968	0.007359516806900501	0.005554064642637968	0.06824012100696564	0.08404616266489029	0.07473804801702499	0.09335961192846298	0.02171607315540314	0	0	0	0.06899698823690414	0.007359516806900501	0.06503604352474213	0.005554064642637968	0.09839514642953873	0.005554064642637968	0.005554064642637968	0	0.06209445744752884	0.003664460033178329	0.09335961192846298	0.0812690481543541	0.09335961192846298	0.0963728278875351	0.0812690481543541	0.005554064642637968	0.00733049213886261	0.0963728129863739	0.1069114208221436	0.1483353674411774	0.08639058470726013	0.08639059960842133	0.08299761265516281	0.09839514642953873	0.08154752105474472	0.08154752105474472	0.1389569491147995	0.1556095033884048	0.08639058470726013	0.005554064642637968	0.1385763436555862	0.005554064642637968	0.1102199777960777	0.06259281933307648	0.03238862380385399	0.005554064642637968	0.005554064642637968	0.1013916283845901	0.05148442834615707	0.005554064642637968	0.02713309787213802	0.04531627520918846	0.05675254389643669	0.1097614020109177	0.02713457867503166	0.03648116812109947	0.03109983541071415	0.03648116812109947	0.005554064642637968	0.1101456508040428	0.1434163749217987	0.03990252688527107	0.05148442834615707	0.005554064642637968	0.1013788655400276	0.1508587896823883	0.02714952640235424	0.005554064642637968	0.09334541112184525	0.02713457867503166	0.07460468262434006	0.09838103502988815	0.09838231652975082	0.005554064642637968	0.09334541112184525	0.02714952640235424	0.0306373592466116
S2014m_E5-1-C-F	0.009198172017931938	0.005554064642637968	0.1189858391880989	0.07341517508029938	0.04273557290434837	0.005554064642637968	0.009198172017931938	0.1393003016710281	0.009198172017931938	0.04611416161060333	0.005554064642637968	0.02713457867503166	0.1238778308033943	0.1613878607749939	0.1345620006322861	0.07987701147794724	0.005554064642637968	0.1533545851707458	0.01286420412361622	0.127379909157753	0.02713458426296711	0.02713458426296711	0.02713458426296711	0.03062251582741737	0.02713458426296711	0.1117988973855972	0.07987701147794724	0.0968615785241127	0.1013916283845901	0.0963728278875351	0	0.007359516806900501	0.02171607315540314	0	0	0.02171608060598373	0.1494376510381699	0.132987916469574	0.1013916283845901	0.0968615710735321	0.0968615710735321	0.0968615710735321	0.05462026223540306	0.02171608060598373	0.09335961192846298	0.09335961192846298	0.02714952640235424	0.127379909157753	0.09335961192846298	0.02171607315540314	0.007359516806900501	0.007359516806900501	0.007359516806900501	0.005554064642637968	0.02714952640235424	0.005554064642637968	0.02714952640235424	0.005554064642637968	0.04611274227499962	0.06777091324329376	0.06503604352474213	0.07684359699487686	0.00733049213886261	0.003664460033178329	0.007359516806900501	0.007359516806900501	0.09908924251794815	0	0.007359516806900501	0	0.0306373592466116	0.02714952640235424	0.03063736483454704	0.02714952640235424	0.01286420412361622	0.005554064642637968	0	0.005554064642637968	0.05392978712916374	0	0.007359516806900501	0.005554064642637968	0.007359516806900501	0.005554064642637968	0.06824012100696564	0.08404616266489029	0.07473804801702499	0.09335961192846298	0.02171607315540314	0	0	0	0.06899698823690414	0.007359516806900501	0.06503604352474213	0.005554064642637968	0.09839514642953873	0.005554064642637968	0.005554064642637968	0	0.06209445744752884	0.003664460033178329	0.09335961192846298	0.0812690481543541	0.09335961192846298	0.0963728278875351	0.0812690481543541	0.005554064642637968	0.00733049213886261	0.0963728129863739	0.1069114208221436	0.1483353674411774	0.08639058470726013	0.08639059960842133	0.08299761265516281	0.09839514642953873	0.08154752105474472	0.08154752105474472	0.1389569491147995	0.1556095033884048	0.08639058470726013	0.005554064642637968	0.1385763436555862	0.005554064642637968	0.1102199777960777	0.06259281933307648	0.03238862380385399	0.005554064642637968	0.005554064642637968	0.1013916283845901	0.05148442834615707	0.005554064642637968	0.02713309787213802	0.04531627520918846	0.05675254389643669	0.1097614020109177	0.02713457867503166	0.03648116812109947	0.03109983541071415	0.03648116812109947	0.005554064642637968	0.1101456508040428	0.1434163749217987	0.03990252688527107	0.05148442834615707	0.005554064642637968	0.1013788655400276	0.1508587896823883	0.02714952640235424	0.005554064642637968	0.09334541112184525	0.02713457867503166	0.07460468262434006	0.09838103502988815	0.09838231652975082	0.005554064642637968	0.09334541112184525	0.02714952640235424	0.0306373592466116
S2014M_E5-1-C-M	0.03063736483454704	0.02714953199028969	0.1269223242998123	0.09219168126583099	0.02136741951107979	0.02714953199028969	0.03063736483454704	0.1200876757502556	0.03063736483454704	0.02482142485678196	0.02714953199028969	0.03740648552775383	0.1317435801029205	0.1426682621240616	0.1509932726621628	0.09839515388011932	0.02714953199028969	0.1690584868192673	0.03422405570745468	0.1079011857509613	0.03740647807717323	0.03740647807717323	0.03740647807717323	0.04080244526267052	0.03740647807717323	0.09197237342596054	0.09839515388011932	0.1150378882884979	0.08133278787136078	0.07631397992372513	0.02171608060598373	0.0289157647639513	7.704515248008192e-09	0.02171608060598373	0.02171608060598373	0	0.1567180454730988	0.1494490802288055	0.08133278787136078	0.1150378882884979	0.1150378882884979	0.1150378882884979	0.03351738303899765	0	0.07323388755321503	0.07323388755321503	0.005433459300547838	0.1079011857509613	0.07323388755321503	7.704515248008192e-09	0.0289157647639513	0.0289157647639513	0.0289157647639513	0.02714953199028969	0.005433459300547838	0.02714953199028969	0.005433459300547838	0.02714953199028969	0.02481997013092041	0.04696159809827805	0.08404617011547089	0.09555062651634216	0.02881008572876453	0.02522339299321175	0.0289157647639513	0.0289157647639513	0.1167528927326202	0.02171608060598373	0.0289157647639513	0.02171608060598373	0.008999147452414036	0.005433459300547838	0.008999140001833439	0.005433459300547838	0.03422405570745468	0.02714953199028969	0.02171608060598373	0.02714953199028969	0.03281150013208389	0.02171608060598373	0.0289157647639513	0.02714953199028969	0.0289157647639513	0.02714953199028969	0.08712150156497955	0.06371370702981949	0.09335961192846298	0.07323390245437622	7.704515248008192e-09	0.02171608060598373	0.02171608060598373	0.02171608060598373	0.08798490464687347	0.0289157647639513	0.08404617011547089	0.02714953199028969	0.07826942950487137	0.02714953199028969	0.02714953199028969	0.02171608060598373	0.08122316747903824	0.02522339299321175	0.07323389500379562	0.09969771653413773	0.07323389500379562	0.07631397992372513	0.09969771653413773	0.02714953199028969	0.02881008572876453	0.07631398737430573	0.124335490167141	0.1641376316547394	0.1047165244817734	0.1047165393829346	0.1013916283845901	0.07826942950487137	0.1000320315361023	0.1000320315361023	0.155253529548645	0.1712306141853333	0.1047165244817734	0.02714953199028969	0.1194543614983559	0.02714953199028969	0.09035822004079819	0.0417841412127018	0.0425221286714077	0.02714953199028969	0.02714953199028969	0.08133279532194138	0.06106968224048615	0.02714953199028969	0.03740504384040833	0.06523660570383072	0.0662558376789093	0.08999978005886078	0.03740648552775383	0.05676800012588501	0.05149997025728226	0.05676800012588501	0.02714953199028969	0.1182897761464119	0.1242956221103668	0.06004704907536507	0.06106968224048615	0.02714953199028969	0.1097773164510727	0.1320094466209412	0.005433459300547838	0.02714953199028969	0.1018910109996796	0.03740648552775383	0.05394792184233665	0.106851689517498	0.1068529486656189	0.02714953199028969	0.1018910109996796	0.005433459300547838	0.008999147452414036
S2014m_E5-2-A-M	0.1480705887079239	0.1453777998685837	0.08645714819431305	0.08847945928573608	0.1473607569932938	0.1453777998685837	0.1480705887079239	0.106208860874176	0.1480705887079239	0.1413229554891586	0.1453777998685837	0.1263143271207809	0.09107609838247299	0.01411589421331882	0.03001806326210499	0.07596012949943542	0.1453777998685837	0.06939203292131424	0.1512227803468704	0.2294069975614548	0.1263143271207809	0.1263143271207809	0.1263143271207809	0.1290671825408936	0.1263143271207809	0.07020940631628036	0.07596012949943542	0.0917356088757515	0.08715657889842987	0.09141884744167328	0.1494376510381699	0.1557323336601257	0.1567180454730988	0.1494376510381699	0.1494376510381699	0.1567180454730988	0	0.01906347088515759	0.08715657889842987	0.0917356088757515	0.0917356088757515	0.0917356088757515	0.1735484004020691	0.1567180454730988	0.08860081434249878	0.08860081434249878	0.1527497619390488	0.2294069975614548	0.08860081434249878	0.1567180454730988	0.1557323336601257	0.1557323336601257	0.1557323336601257	0.1453777998685837	0.1527497619390488	0.1453777998685837	0.1527497619390488	0.1453777998685837	0.1499971300363541	0.1835610568523407	0.08994214981794357	0.09163165092468262	0.1552422046661377	0.1521049290895462	0.1557323336601257	0.1557323336601257	0.222573310136795	0.1494376510381699	0.1557323336601257	0.1494376510381699	0.1553817540407181	0.1527497619390488	0.1553817540407181	0.1527497619390488	0.1512227803468704	0.1453777998685837	0.1494376510381699	0.1453777998685837	0.1730237007141113	0.1494376510381699	0.1557323336601257	0.1453777998685837	0.1557323336601257	0.1453777998685837	0.09279602020978928	0.09805843234062195	0.08034974336624146	0.08860080689191818	0.1567180454730988	0.1494376510381699	0.1494376510381699	0.1494376510381699	0.09910596162080765	0.1557323336601257	0.08994214981794357	0.1453777998685837	0.08431198447942734	0.1453777998685837	0.1453777998685837	0.1494376510381699	0.09281127899885178	0.1521049290895462	0.08860079944133759	0.08637095242738724	0.08860079944133759	0.09141884744167328	0.08637095242738724	0.1453777998685837	0.1552422046661377	0.09141884744167328	0.228827103972435	0.1483796238899231	0.08202382922172546	0.08202383667230606	0.07887163758277893	0.08431198447942734	0.08664443343877792	0.08664443343877792	0.02530644461512566	0.1470172256231308	0.08202382922172546	0.1453777998685837	0.1142072826623917	0.1453777998685837	0.08685126900672913	0.1335377842187881	0.1304619759321213	0.1453777998685837	0.1453777998685837	0.08715655654668808	0.1621917933225632	0.1453777998685837	0.1352106332778931	0.1721250116825104	0.1583181470632553	0.08635632693767548	0.1263143271207809	0.1683196574449539	0.1721649318933487	0.1683196574449539	0.1453777998685837	0.08378300815820694	0.1016640588641167	0.1708700060844421	0.1621917933225632	0.1453777998685837	0.0598682314157486	0.1261118054389954	0.1527497619390488	0.1453777998685837	0.07053788751363754	0.1263143271207809	0.1723314076662064	0.06612250208854675	0.05689666420221329	0.1453777998685837	0.07053788751363754	0.1527497619390488	0.1553817540407181
S2014m_E5-2-B-M	0.1315674036741257	0.1287690997123718	0.1049231067299843	0.07082190364599228	0.1574404388666153	0.1287690997123718	0.1315674036741257	0.1158041134476662	0.1315674036741257	0.1600589603185654	0.1287690997123718	0.1453777998685837	0.1007642820477486	0.03291026875376701	0.01125876419246197	0.05800237879157066	0.1287690997123718	0.05198710411787033	0.1347806602716446	0.223717212677002	0.1453777998685837	0.1453777998685837	0.1453777998685837	0.1480705887079239	0.1453777998685837	0.08900377154350281	0.05800237879157066	0.07408445328474045	0.07888402789831161	0.08324598520994186	0.132987916469574	0.1394043415784836	0.1494490802288055	0.132987916469574	0.132987916469574	0.1494490802288055	0.01906347088515759	0	0.07888402789831161	0.07408444583415985	0.07408444583415985	0.07408444583415985	0.1666613072156906	0.1494490802288055	0.08036210387945175	0.08036210387945175	0.1453893333673477	0.223717212677002	0.08036210387945175	0.1494490802288055	0.1394043415784836	0.1394043415784836	0.1394043415784836	0.1287690997123718	0.1453893333673477	0.1287690997123718	0.1453893333673477	0.1287690997123718	0.1600578725337982	0.1768964678049088	0.07234176993370056	0.0740351602435112	0.1389569491147995	0.1357592046260834	0.1394043415784836	0.1394043415784836	0.208853617310524	0.132987916469574	0.1394043415784836	0.132987916469574	0.148082047700882	0.1453893333673477	0.148082047700882	0.1453893333673477	0.1347806602716446	0.1287690997123718	0.132987916469574	0.1287690997123718	0.1661248505115509	0.132987916469574	0.1394043415784836	0.1287690997123718	0.1394043415784836	0.1287690997123718	0.07530691474676132	0.08995436877012253	0.06256385892629623	0.08036209642887115	0.1494490802288055	0.132987916469574	0.132987916469574	0.132987916469574	0.08168281614780426	0.1394043415784836	0.07234176993370056	0.1287690997123718	0.07597260177135468	0.1287690997123718	0.1287690997123718	0.132987916469574	0.07526639103889465	0.1357592046260834	0.08036210387945175	0.06875799596309662	0.08036210387945175	0.08324598520994186	0.06875799596309662	0.1287690997123718	0.1389569491147995	0.08324597775936127	0.2152781933546066	0.1331495493650436	0.06424122303724289	0.06424123048782349	0.06102796643972397	0.07597260177135468	0.06898027658462524	0.06898027658462524	0.006425137631595135	0.1317379623651505	0.06424122303724289	0.1287690997123718	0.1237524747848511	0.1287690997123718	0.1054998263716698	0.1259978711605072	0.149434968829155	0.1287690997123718	0.1287690997123718	0.07888402044773102	0.1721638739109039	0.1287690997123718	0.1453766673803329	0.15657839179039	0.1683185696601868	0.09607303887605667	0.1453777998685837	0.1525989025831223	0.1565905958414078	0.1525989025831223	0.1287690997123718	0.09349875897169113	0.1198226287961006	0.1552464365959167	0.1721638739109039	0.1287690997123718	0.07887163758277893	0.1355812847614288	0.1453893333673477	0.1287690997123718	0.08034851402044296	0.1453777998685837	0.1822285354137421	0.07595889270305634	0.07596012949943542	0.1287690997123718	0.08034851402044296	0.1453893333673477	0.148082047700882
S2014m_E5-3-B-M	0.0935186892747879	0.09685894101858139	0.06459742784500122	0.03034539334475994	0.09044698625802994	0.09685894101858139	0.0935186892747879	0.04238976165652275	0.0935186892747879	0.08715774863958359	0.09685894101858139	0.1053538024425507	0.06007789820432663	0.07308452576398849	0.08952084183692932	0.02350026927888393	0.09685894101858139	0.1001536473631859	0.0968603640794754	0.1656649261713028	0.1053537875413895	0.1053537875413895	0.1053537875413895	0.1020632982254028	0.1053537875413895	0.01818200014531612	0.02350026927888393	0.04017135873436928	0	0.005018803756684065	0.1013916283845901	0.1080418676137924	0.08133279532194138	0.1013916283845901	0.1013916283845901	0.08133278787136078	0.08715657889842987	0.07888402789831161	0	0.04017135128378868	0.04017135128378868	0.04017135128378868	0.1009514257311821	0.08133278787136078	0.008342288434505463	0.008342288434505463	0.07669892162084579	0.1656649261713028	0.008342288434505463	0.08133279532194138	0.1080418676137924	0.1080418676137924	0.1080418676137924	0.09685894101858139	0.07669892162084579	0.09685894101858139	0.07669892162084579	0.09685894101858139	0.08715647459030151	0.1065175011754036	0.03853537887334824	0.03368705883622169	0.101393036544323	0.09806814789772034	0.1080418676137924	0.1080418676137924	0.1771179288625717	0.1013916283845901	0.1080418676137924	0.1013916283845901	0.0733586773276329	0.07669892162084579	0.07335866987705231	0.07669892162084579	0.0968603640794754	0.09685894101858139	0.1013916283845901	0.09685894101858139	0.1003406271338463	0.1013916283845901	0.1080418676137924	0.09685894101858139	0.1080418676137924	0.09685894101858139	0.03521189466118813	0.01847654581069946	0.02840113081037998	0.008342301473021507	0.08133279532194138	0.1013916283845901	0.1013916283845901	0.1013916283845901	0.1583911627531052	0.1080418676137924	0.03853537887334824	0.09685894101858139	0.003340255469083786	0.09685894101858139	0.09685894101858139	0.1013916283845901	0.1521163135766983	0.09806814789772034	0.00834229588508606	0.0284025426954031	0.00834229588508606	0.005018803756684065	0.0284025426954031	0.09685894101858139	0.101393036544323	0.005018810741603374	0.1839203536510468	0.09818903356790543	0.0235016904771328	0.02350169606506824	0.02016002126038074	0.003340255469083786	0.0350513756275177	0.0350513756275177	0.07888536900281906	0.1025096029043198	0.0235016904771328	0.09685894101858139	0.05148899555206299	0.09685894101858139	0.02974319085478783	0.05070096254348755	0.1097743809223175	0.09685894101858139	0.09685894101858139	7.152450187675186e-09	0.1345075070858002	0.09685894101858139	0.1053525432944298	0.1237369030714035	0.130326896905899	0.01976094767451286	0.1053538024425507	0.1224406808614731	0.1267208307981491	0.1224406808614731	0.09685894101858139	0.04910692572593689	0.04699130356311798	0.1191950365900993	0.1345075070858002	0.09685894101858139	0.02979704365134239	0.06501315534114838	0.07669892162084579	0.09685894101858139	0.03786705434322357	0.1053538024425507	0.1126387715339661	0.03308620303869247	0.03308755904436111	0.09685894101858139	0.03786705434322357	0.07669892162084579	0.0733586773276329
S2014m_E7-1-A-M	0.09529107809066772	0.09219640493392944	0.06888743489980698	0.03081800416111946	0.1238466799259186	0.09219640493392944	0.09529107809066772	0.0808582529425621	0.09529107809066772	0.126730889081955	0.09219640493392944	0.1105463355779648	0.06430762261152267	0.1045565605163574	0.07261756062507629	0.01707229949533939	0.09219640493392944	0.09593814611434937	0.092195063829422	0.1965218931436539	0.1105463355779648	0.1105463355779648	0.1105463355779648	0.1135173738002777	0.1105463355779648	0.05134306848049164	0.01707229949533939	7.451798289537237e-09	0.04017135128378868	0.04498854279518127	0.0968615710735321	0.09066949784755707	0.1150378882884979	0.0968615710735321	0.0968615710735321	0.1150378882884979	0.0917356088757515	0.07408444583415985	0.04017135128378868	0	0	0	0.1339983940124512	0.1150378882884979	0.0418039932847023	0.0418039932847023	0.1105590686202049	0.1965218931436539	0.0418039932847023	0.1150378882884979	0.09066949784755707	0.09066949784755707	0.09066949784755707	0.09219640493392944	0.1105590686202049	0.09219640493392944	0.1105590686202049	0.09219640493392944	0.1267296671867371	0.1452513635158539	0.03250041976571083	0.02750135771930218	0.09686025977134705	0.09992457926273346	0.09066949784755707	0.09066949784755707	0.1802822649478912	0.0968615710735321	0.09066949784755707	0.0968615710735321	0.1135300323367119	0.1105590686202049	0.1135300174355507	0.1105590686202049	0.092195063829422	0.09219640493392944	0.0968615710735321	0.09219640493392944	0.1334081441164017	0.0968615710735321	0.09066949784755707	0.09219640493392944	0.09066949784755707	0.09219640493392944	0.03578170388936996	0.05197204649448395	0.02212353050708771	0.0418040044605732	0.1150378882884979	0.0968615710735321	0.0968615710735321	0.0968615710735321	0.1434964090585709	0.09066949784755707	0.03250041976571083	0.09219640493392944	0.03695454820990562	0.09219640493392944	0.09219640493392944	0.0968615710735321	0.1489921063184738	0.09992457926273346	0.0418039970099926	0.02212210185825825	0.0418039970099926	0.04498854279518127	0.02212210185825825	0.09219640493392944	0.09686025977134705	0.04498855024576187	0.1816034913063049	0.09990591555833817	0.01707085408270359	0.01707086153328419	0.02042307145893574	0.03695454820990562	0.01541904360055923	0.01541904360055923	0.07408316433429718	0.09835738688707352	0.01707085408270359	0.09219640493392944	0.08959195762872696	0.09219640493392944	0.06912079453468323	0.09047387540340424	0.1150223165750504	0.09219640493392944	0.09219640493392944	0.04017135873436928	0.1400501877069473	0.09219640493392944	0.1105450838804245	0.1260496228933334	0.1358215659856796	0.0591384693980217	0.1105463355779648	0.1185110807418823	0.1229103729128838	0.1185110807418823	0.09219640493392944	0.05954455584287643	0.08527495712041855	0.1214292347431183	0.1400501877069473	0.09219640493392944	0.04015766456723213	0.102572850883007	0.1105590686202049	0.09219640493392944	0.04178900271654129	0.1105463355779648	0.1511072665452957	0.03693939745426178	0.03694076463580132	0.09219640493392944	0.04178900271654129	0.1105590686202049	0.1135300323367119
S2014m_E7-1-B-F	0.09529107809066772	0.09219640493392944	0.06888743489980698	0.03081800416111946	0.1238466799259186	0.09219640493392944	0.09529107809066772	0.0808582529425621	0.09529107809066772	0.126730889081955	0.09219640493392944	0.1105463355779648	0.06430762261152267	0.1045565605163574	0.07261756062507629	0.01707229949533939	0.09219640493392944	0.09593814611434937	0.092195063829422	0.1965218931436539	0.1105463355779648	0.1105463355779648	0.1105463355779648	0.1135173738002777	0.1105463355779648	0.05134306848049164	0.01707229949533939	7.451798289537237e-09	0.04017135128378868	0.04498854279518127	0.0968615710735321	0.09066949784755707	0.1150378882884979	0.0968615710735321	0.0968615710735321	0.1150378882884979	0.0917356088757515	0.07408444583415985	0.04017135128378868	0	0	0	0.1339983940124512	0.1150378882884979	0.0418039932847023	0.0418039932847023	0.1105590686202049	0.1965218931436539	0.0418039932847023	0.1150378882884979	0.09066949784755707	0.09066949784755707	0.09066949784755707	0.09219640493392944	0.1105590686202049	0.09219640493392944	0.1105590686202049	0.09219640493392944	0.1267296671867371	0.1452513635158539	0.03250041976571083	0.02750135771930218	0.09686025977134705	0.09992457926273346	0.09066949784755707	0.09066949784755707	0.1802822649478912	0.0968615710735321	0.09066949784755707	0.0968615710735321	0.1135300323367119	0.1105590686202049	0.1135300174355507	0.1105590686202049	0.092195063829422	0.09219640493392944	0.0968615710735321	0.09219640493392944	0.1334081441164017	0.0968615710735321	0.09066949784755707	0.09219640493392944	0.09066949784755707	0.09219640493392944	0.03578170388936996	0.05197204649448395	0.02212353050708771	0.0418040044605732	0.1150378882884979	0.0968615710735321	0.0968615710735321	0.0968615710735321	0.1434964090585709	0.09066949784755707	0.03250041976571083	0.09219640493392944	0.03695454820990562	0.09219640493392944	0.09219640493392944	0.0968615710735321	0.1489921063184738	0.09992457926273346	0.0418039970099926	0.02212210185825825	0.0418039970099926	0.04498854279518127	0.02212210185825825	0.09219640493392944	0.09686025977134705	0.04498855024576187	0.1816034913063049	0.09990591555833817	0.01707085408270359	0.01707086153328419	0.02042307145893574	0.03695454820990562	0.01541904360055923	0.01541904360055923	0.07408316433429718	0.09835738688707352	0.01707085408270359	0.09219640493392944	0.08959195762872696	0.09219640493392944	0.06912079453468323	0.09047387540340424	0.1150223165750504	0.09219640493392944	0.09219640493392944	0.04017135873436928	0.1400501877069473	0.09219640493392944	0.1105450838804245	0.1260496228933334	0.1358215659856796	0.0591384693980217	0.1105463355779648	0.1185110807418823	0.1229103729128838	0.1185110807418823	0.09219640493392944	0.05954455584287643	0.08527495712041855	0.1214292347431183	0.1400501877069473	0.09219640493392944	0.04015766456723213	0.102572850883007	0.1105590686202049	0.09219640493392944	0.04178900271654129	0.1105463355779648	0.1511072665452957	0.03693939745426178	0.03694076463580132	0.09219640493392944	0.04178900271654129	0.1105590686202049	0.1135300323367119
S2014m_E7-1-C-F	0.09529107809066772	0.09219640493392944	0.06888743489980698	0.03081800416111946	0.1238466799259186	0.09219640493392944	0.09529107809066772	0.0808582529425621	0.09529107809066772	0.126730889081955	0.09219640493392944	0.1105463355779648	0.06430762261152267	0.1045565605163574	0.07261756062507629	0.01707229949533939	0.09219640493392944	0.09593814611434937	0.092195063829422	0.1965218931436539	0.1105463355779648	0.1105463355779648	0.1105463355779648	0.1135173738002777	0.1105463355779648	0.05134306848049164	0.01707229949533939	7.451798289537237e-09	0.04017135128378868	0.04498854279518127	0.0968615710735321	0.09066949784755707	0.1150378882884979	0.0968615710735321	0.0968615710735321	0.1150378882884979	0.0917356088757515	0.07408444583415985	0.04017135128378868	0	0	0	0.1339983940124512	0.1150378882884979	0.0418039932847023	0.0418039932847023	0.1105590686202049	0.1965218931436539	0.0418039932847023	0.1150378882884979	0.09066949784755707	0.09066949784755707	0.09066949784755707	0.09219640493392944	0.1105590686202049	0.09219640493392944	0.1105590686202049	0.09219640493392944	0.1267296671867371	0.1452513635158539	0.03250041976571083	0.02750135771930218	0.09686025977134705	0.09992457926273346	0.09066949784755707	0.09066949784755707	0.1802822649478912	0.0968615710735321	0.09066949784755707	0.0968615710735321	0.1135300323367119	0.1105590686202049	0.1135300174355507	0.1105590686202049	0.092195063829422	0.09219640493392944	0.0968615710735321	0.09219640493392944	0.1334081441164017	0.0968615710735321	0.09066949784755707	0.09219640493392944	0.09066949784755707	0.09219640493392944	0.03578170388936996	0.05197204649448395	0.02212353050708771	0.0418040044605732	0.1150378882884979	0.0968615710735321	0.0968615710735321	0.0968615710735321	0.1434964090585709	0.09066949784755707	0.03250041976571083	0.09219640493392944	0.03695454820990562	0.09219640493392944	0.09219640493392944	0.0968615710735321	0.1489921063184738	0.09992457926273346	0.0418039970099926	0.02212210185825825	0.0418039970099926	0.04498854279518127	0.02212210185825825	0.09219640493392944	0.09686025977134705	0.04498855024576187	0.1816034913063049	0.09990591555833817	0.01707085408270359	0.01707086153328419	0.02042307145893574	0.03695454820990562	0.01541904360055923	0.01541904360055923	0.07408316433429718	0.09835738688707352	0.01707085408270359	0.09219640493392944	0.08959195762872696	0.09219640493392944	0.06912079453468323	0.09047387540340424	0.1150223165750504	0.09219640493392944	0.09219640493392944	0.04017135873436928	0.1400501877069473	0.09219640493392944	0.1105450838804245	0.1260496228933334	0.1358215659856796	0.0591384693980217	0.1105463355779648	0.1185110807418823	0.1229103729128838	0.1185110807418823	0.09219640493392944	0.05954455584287643	0.08527495712041855	0.1214292347431183	0.1400501877069473	0.09219640493392944	0.04015766456723213	0.102572850883007	0.1105590686202049	0.09219640493392944	0.04178900271654129	0.1105463355779648	0.1511072665452957	0.03693939745426178	0.03694076463580132	0.09219640493392944	0.04178900271654129	0.1105590686202049	0.1135300323367119
S2014m_E7-3-A-M	0.05293110758066177	0.04960213974118233	0.1535741835832596	0.1117726266384125	0.04359984025359154	0.04960213974118233	0.05293110758066177	0.1381022036075592	0.05293110758066177	0.04689895361661911	0.04960213974118233	0.05927449837327003	0.1495750844478607	0.1597790420055389	0.176660567522049	0.1177122369408607	0.04960213974118233	0.1854938566684723	0.05643531307578087	0.1264128983020782	0.05927449092268944	0.05927449092268944	0.05927449092268944	0.0625181719660759	0.05927449092268944	0.111143946647644	0.1177122369408607	0.1339983940124512	0.1009514257311821	0.1053456366062164	0.05462026223540306	0.06161664798855782	0.03351739421486855	0.05462026223540306	0.05462026223540306	0.03351738303899765	0.1735484004020691	0.1666613072156906	0.1009514257311821	0.1339983940124512	0.1339983940124512	0.1339983940124512	0	0.03351738303899765	0.1024405732750893	0.1024405732750893	0.02838725037872791	0.1264128983020782	0.1024405732750893	0.03351739421486855	0.06161664798855782	0.06161664798855782	0.06161664798855782	0.04960213974118233	0.02838725037872791	0.04960213974118233	0.02838725037872791	0.04960213974118233	0.04689756780862808	0.06805887073278427	0.1132585629820824	0.1150591149926186	0.06140000000596046	0.05791423842310905	0.06161664798855782	0.06161664798855782	0.1441127210855484	0.05462026223540306	0.06161664798855782	0.05462026223540306	0.03179053589701653	0.02838725037872791	0.03179052472114563	0.02838725037872791	0.05643531307578087	0.04960213974118233	0.05462026223540306	0.04960213974118233	0.05453275516629219	0.05462026223540306	0.06161664798855782	0.04960213974118233	0.06161664798855782	0.04960213974118233	0.1161571964621544	0.09346462786197662	0.1220385283231735	0.1024405956268311	0.03351739421486855	0.05462026223540306	0.05462026223540306	0.05462026223540306	0.1171803027391434	0.06161664798855782	0.1132585629820824	0.04960213974118233	0.09801772236824036	0.04960213974118233	0.04960213974118233	0.05462026223540306	0.1105981916189194	0.05791423842310905	0.1024405732750893	0.1281181424856186	0.1024405732750893	0.1053456366062164	0.1281181424856186	0.04960213974118233	0.06140000000596046	0.1053456366062164	0.1513711214065552	0.188917264342308	0.1238357797265053	0.1238357946276665	0.1205818876624107	0.09801772236824036	0.1285359710454941	0.1285359710454941	0.1722957789897919	0.1875810325145721	0.1238357797265053	0.04960213974118233	0.1460876315832138	0.04960213974118233	0.1095973029732704	0.07280705869197845	0.06416094303131104	0.04960213974118233	0.04960213974118233	0.1009514182806015	0.09145466983318329	0.04960213974118233	0.0592731237411499	0.08598433434963226	0.086846724152565	0.1182597950100899	0.05927449837327003	0.07788911461830139	0.08261371403932571	0.07788911461830139	0.04960213974118233	0.1454175859689713	0.1421400010585785	0.0810232013463974	0.09145466983318329	0.04960213974118233	0.1285127252340317	0.1579634696245193	0.02838725037872791	0.04960213974118233	0.1299341470003128	0.05927449837327003	0.07474039494991302	0.1257091611623764	0.1257103532552719	0.04960213974118233	0.1299341470003128	0.02838725037872791	0.03179053589701653
S2014M_E9-1-A-M	0.03063736483454704	0.02714953199028969	0.1269223242998123	0.09219168126583099	0.02136741951107979	0.02714953199028969	0.03063736483454704	0.1200876757502556	0.03063736483454704	0.02482142485678196	0.02714953199028969	0.03740648552775383	0.1317435801029205	0.1426682621240616	0.1509932726621628	0.09839515388011932	0.02714953199028969	0.1690584868192673	0.03422405570745468	0.1079011857509613	0.03740647807717323	0.03740647807717323	0.03740647807717323	0.04080244526267052	0.03740647807717323	0.09197237342596054	0.09839515388011932	0.1150378882884979	0.08133278787136078	0.07631397992372513	0.02171608060598373	0.0289157647639513	7.704515248008192e-09	0.02171608060598373	0.02171608060598373	0	0.1567180454730988	0.1494490802288055	0.08133278787136078	0.1150378882884979	0.1150378882884979	0.1150378882884979	0.03351738303899765	0	0.07323388755321503	0.07323388755321503	0.005433459300547838	0.1079011857509613	0.07323388755321503	7.704515248008192e-09	0.0289157647639513	0.0289157647639513	0.0289157647639513	0.02714953199028969	0.005433459300547838	0.02714953199028969	0.005433459300547838	0.02714953199028969	0.02481997013092041	0.04696159809827805	0.08404617011547089	0.09555062651634216	0.02881008572876453	0.02522339299321175	0.0289157647639513	0.0289157647639513	0.1167528927326202	0.02171608060598373	0.0289157647639513	0.02171608060598373	0.008999147452414036	0.005433459300547838	0.008999140001833439	0.005433459300547838	0.03422405570745468	0.02714953199028969	0.02171608060598373	0.02714953199028969	0.03281150013208389	0.02171608060598373	0.0289157647639513	0.02714953199028969	0.0289157647639513	0.02714953199028969	0.08712150156497955	0.06371370702981949	0.09335961192846298	0.07323390245437622	7.704515248008192e-09	0.02171608060598373	0.02171608060598373	0.02171608060598373	0.08798490464687347	0.0289157647639513	0.08404617011547089	0.02714953199028969	0.07826942950487137	0.02714953199028969	0.02714953199028969	0.02171608060598373	0.08122316747903824	0.02522339299321175	0.07323389500379562	0.09969771653413773	0.07323389500379562	0.07631397992372513	0.09969771653413773	0.02714953199028969	0.02881008572876453	0.07631398737430573	0.124335490167141	0.1641376316547394	0.1047165244817734	0.1047165393829346	0.1013916283845901	0.07826942950487137	0.1000320315361023	0.1000320315361023	0.155253529548645	0.1712306141853333	0.1047165244817734	0.02714953199028969	0.1194543614983559	0.02714953199028969	0.09035822004079819	0.0417841412127018	0.0425221286714077	0.02714953199028969	0.02714953199028969	0.08133279532194138	0.06106968224048615	0.02714953199028969	0.03740504384040833	0.06523660570383072	0.0662558376789093	0.08999978005886078	0.03740648552775383	0.05676800012588501	0.05149997025728226	0.05676800012588501	0.02714953199028969	0.1182897761464119	0.1242956221103668	0.06004704907536507	0.06106968224048615	0.02714953199028969	0.1097773164510727	0.1320094466209412	0.005433459300547838	0.02714953199028969	0.1018910109996796	0.03740648552775383	0.05394792184233665	0.106851689517498	0.1068529486656189	0.02714953199028969	0.1018910109996796	0.005433459300547838	0.008999147452414036
S2014m_E9-1-C-F	0.1013916283845901	0.09839515388011932	0.05678784474730492	0.03853537887334824	0.09197111427783966	0.09839515388011932	0.1013916283845901	0.05017635598778725	0.1013916283845901	0.09494547545909882	0.09839515388011932	0.1068529412150383	0.06160901486873627	0.07455103099346161	0.08190629631280899	0.02516126818954945	0.09839515388011932	0.1015643030405045	0.1047165244817734	0.1669475883245468	0.1068529337644577	0.1068529337644577	0.1068529337644577	0.1097773164510727	0.1068529337644577	0.01982721500098705	0.02516126818954945	0.0418039970099926	0.008342288434505463	0.003323484444990754	0.09335961192846298	0.1000320315361023	0.07323389500379562	0.09335961192846298	0.09335961192846298	0.07323388755321503	0.08860081434249878	0.08036210387945175	0.008342288434505463	0.0418039932847023	0.0418039932847023	0.0418039932847023	0.1024405732750893	0.07323388755321503	0	0	0.07826942950487137	0.1669475883245468	0	0.07323389500379562	0.1000320315361023	0.1000320315361023	0.1000320315361023	0.09839515388011932	0.07826942950487137	0.09839515388011932	0.07826942950487137	0.09839515388011932	0.09494422376155853	0.1140471696853638	0.03029377572238445	0.04186028242111206	0.09969771653413773	0.0963728278875351	0.1000320315361023	0.1000320315361023	0.1755711883306503	0.09335961192846298	0.1000320315361023	0.09335961192846298	0.08133279532194138	0.07826942950487137	0.08133278787136078	0.07826942950487137	0.1047165244817734	0.09839515388011932	0.09335961192846298	0.09839515388011932	0.1018318086862564	0.09335961192846298	0.1000320315361023	0.09839515388011932	0.1000320315361023	0.09839515388011932	0.03351657837629318	0.01016805320978165	0.0201257299631834	1.428056695118585e-08	0.07323389500379562	0.09335961192846298	0.09335961192846298	0.09335961192846298	0.1509932726621628	0.1000320315361023	0.03029377572238445	0.09839515388011932	0.005035546142607927	0.09839515388011932	0.09839515388011932	0.09335961192846298	0.1446986794471741	0.0963728278875351	7.140283475592923e-09	0.02670722454786301	7.140283475592923e-09	0.003323484444990754	0.02670722454786301	0.09839515388011932	0.09969771653413773	0.003323491429910064	0.1823807507753372	0.0966208428144455	0.03172602877020836	0.03172603622078896	0.02840113081037998	0.005035546142607927	0.02679814957082272	0.02679814957082272	0.08638319373130798	0.1039128825068474	0.03172602877020836	0.09839515388011932	0.04987285658717155	0.09839515388011932	0.03777511045336723	0.04901399090886116	0.1112587600946426	0.09839515388011932	0.09839515388011932	0.00834229588508606	0.1269211620092392	0.09839515388011932	0.106851689517498	0.1312020272016525	0.1317435801029205	0.018090745434165	0.1068529412150383	0.1238911673426628	0.1189980208873749	0.1238911673426628	0.09839515388011932	0.04746183380484581	0.05471863970160484	0.1267208307981491	0.1269211620092392	0.09839515388011932	0.03786838799715042	0.06342005729675293	0.07826942950487137	0.09839515388011932	0.02974576316773891	0.1068529412150383	0.1200876757502556	0.03470644727349281	0.03470779582858086	0.09839515388011932	0.02974576316773891	0.07826942950487137	0.08133279532194138
S2014M_E9-1-C-M	0.1013916283845901	0.09839515388011932	0.05678784474730492	0.03853537887334824	0.09197111427783966	0.09839515388011932	0.1013916283845901	0.05017635598778725	0.1013916283845901	0.09494547545909882	0.09839515388011932	0.1068529412150383	0.06160901486873627	0.07455103099346161	0.08190629631280899	0.02516126818954945	0.09839515388011932	0.1015643030405045	0.1047165244817734	0.1669475883245468	0.1068529337644577	0.1068529337644577	0.1068529337644577	0.1097773164510727	0.1068529337644577	0.01982721500098705	0.02516126818954945	0.0418039970099926	0.008342288434505463	0.003323484444990754	0.09335961192846298	0.1000320315361023	0.07323389500379562	0.09335961192846298	0.09335961192846298	0.07323388755321503	0.08860081434249878	0.08036210387945175	0.008342288434505463	0.0418039932847023	0.0418039932847023	0.0418039932847023	0.1024405732750893	0.07323388755321503	0	0	0.07826942950487137	0.1669475883245468	0	0.07323389500379562	0.1000320315361023	0.1000320315361023	0.1000320315361023	0.09839515388011932	0.07826942950487137	0.09839515388011932	0.07826942950487137	0.09839515388011932	0.09494422376155853	0.1140471696853638	0.03029377572238445	0.04186028242111206	0.09969771653413773	0.0963728278875351	0.1000320315361023	0.1000320315361023	0.1755711883306503	0.09335961192846298	0.1000320315361023	0.09335961192846298	0.08133279532194138	0.07826942950487137	0.08133278787136078	0.07826942950487137	0.1047165244817734	0.09839515388011932	0.09335961192846298	0.09839515388011932	0.1018318086862564	0.09335961192846298	0.1000320315361023	0.09839515388011932	0.1000320315361023	0.09839515388011932	0.03351657837629318	0.01016805320978165	0.0201257299631834	1.428056695118585e-08	0.07323389500379562	0.09335961192846298	0.09335961192846298	0.09335961192846298	0.1509932726621628	0.1000320315361023	0.03029377572238445	0.09839515388011932	0.005035546142607927	0.09839515388011932	0.09839515388011932	0.09335961192846298	0.1446986794471741	0.0963728278875351	7.140283475592923e-09	0.02670722454786301	7.140283475592923e-09	0.003323484444990754	0.02670722454786301	0.09839515388011932	0.09969771653413773	0.003323491429910064	0.1823807507753372	0.0966208428144455	0.03172602877020836	0.03172603622078896	0.02840113081037998	0.005035546142607927	0.02679814957082272	0.02679814957082272	0.08638319373130798	0.1039128825068474	0.03172602877020836	0.09839515388011932	0.04987285658717155	0.09839515388011932	0.03777511045336723	0.04901399090886116	0.1112587600946426	0.09839515388011932	0.09839515388011932	0.00834229588508606	0.1269211620092392	0.09839515388011932	0.106851689517498	0.1312020272016525	0.1317435801029205	0.018090745434165	0.1068529412150383	0.1238911673426628	0.1189980208873749	0.1238911673426628	0.09839515388011932	0.04746183380484581	0.05471863970160484	0.1267208307981491	0.1269211620092392	0.09839515388011932	0.03786838799715042	0.06342005729675293	0.07826942950487137	0.09839515388011932	0.02974576316773891	0.1068529412150383	0.1200876757502556	0.03470644727349281	0.03470779582858086	0.09839515388011932	0.02974576316773891	0.07826942950487137	0.08133279532194138
S2014m_E9-3-A-M	0.02536068670451641	0.0218347143381834	0.131744772195816	0.08756545931100845	0.01610712520778179	0.0218347143381834	0.02536068670451641	0.115837424993515	0.02536068670451641	0.01959829404950142	0.0218347143381834	0.03223241493105888	0.1275361925363541	0.1386338770389557	0.1557436883449554	0.0938321053981781	0.0218347143381834	0.1651841849088669	0.02896691672503948	0.1035321205854416	0.03223241865634918	0.03223241865634918	0.03223241865634918	0.03566491231322289	0.03223241865634918	0.08744549006223679	0.0938321053981781	0.1105590760707855	0.07669892162084579	0.08133279532194138	0.02714952640235424	0.0343492217361927	0.005433451849967241	0.02714952640235424	0.02714952640235424	0.005433459300547838	0.1527497619390488	0.1453893333673477	0.07669892162084579	0.1105590686202049	0.1105590686202049	0.1105590686202049	0.02838725037872791	0.005433459300547838	0.07826942950487137	0.07826942950487137	0	0.1035321205854416	0.07826942950487137	0.005433451849967241	0.0343492217361927	0.0343492217361927	0.0343492217361927	0.0218347143381834	0	0.0218347143381834	0	0.0218347143381834	0.01959682442247868	0.0419735498726368	0.08913343399763107	0.09094152599573135	0.03422406315803528	0.0306373592466116	0.0343492217361927	0.0343492217361927	0.1216584891080856	0.02714952640235424	0.0343492217361927	0.02714952640235424	0.003604683093726635	0	0.003604690777137876	0	0.02896691672503948	0.0218347143381834	0.02714952640235424	0.0218347143381834	0.02767385169863701	0.02714952640235424	0.0343492217361927	0.0218347143381834	0.0343492217361927	0.0218347143381834	0.09219168126583099	0.06880096346139908	0.09839514642953873	0.07826942950487137	0.005433451849967241	0.02714952640235424	0.02714952640235424	0.02714952640235424	0.09308785200119019	0.0343492217361927	0.08913343399763107	0.0218347143381834	0.0736045241355896	0.0218347143381834	0.0218347143381834	0.02714952640235424	0.08632610738277435	0.0306373592466116	0.07826942205429077	0.1047165244817734	0.07826942205429077	0.08133279532194138	0.1047165244817734	0.0218347143381834	0.03422406315803528	0.08133278787136078	0.1292169541120529	0.1687800735235214	0.1002006158232689	0.1002006232738495	0.09685893356800079	0.0736045241355896	0.1050675809383392	0.1050675809383392	0.1512341946363449	0.1673766076564789	0.1002006158232689	0.0218347143381834	0.1242387592792511	0.0218347143381834	0.08581516891717911	0.04699054732918739	0.03740305081009865	0.0218347143381834	0.0218347143381834	0.07669892162084579	0.06625582277774811	0.0218347143381834	0.03223095834255219	0.0603308379650116	0.0613880343735218	0.09494421631097794	0.03223241493105888	0.05177269876003265	0.05676798895001411	0.05177269876003265	0.0218347143381834	0.1231598779559135	0.1200860291719437	0.05508650466799736	0.06625582277774811	0.0218347143381834	0.1053537875413895	0.1367256343364716	0	0.0218347143381834	0.106851689517498	0.03223241493105888	0.04903293028473854	0.1023989766836166	0.1024002432823181	0.0218347143381834	0.106851689517498	0	0.003604683093726635
S2014m_E9-3-B-M	0.1259409487247467	0.1231062337756157	0.2120698988437653	0.1763011366128922	0.1164983063936234	0.1231062337756157	0.1259409487247467	0.1977554112672806	0.1259409487247467	0.1193144023418427	0.1231062337756157	0.1309781074523926	0.2086055874824524	0.2165682762861252	0.2327885031700134	0.1814115643501282	0.1231062337756157	0.2400845736265182	0.1291750222444534	0	0.1309781074523926	0.1309781074523926	0.1309781074523926	0.1337468773126602	0.1309781074523926	0.1744501292705536	0.1814115643501282	0.1965219229459763	0.1656649261713028	0.169450655579567	0.127379909157753	0.1338378340005875	0.1079011857509613	0.127379909157753	0.127379909157753	0.1079011857509613	0.2294069975614548	0.223717212677002	0.1656649261713028	0.1965218931436539	0.1965218931436539	0.1965218931436539	0.1264128983020782	0.1079011857509613	0.1669475883245468	0.1669475883245468	0.1035321205854416	0	0.1669475883245468	0.1079011857509613	0.1338378340005875	0.1338378340005875	0.1338378340005875	0.1231062337756157	0.1035321205854416	0.1231062337756157	0.1035321205854416	0.1231062337756157	0.1193132251501083	0.1374115943908691	0.1775791794061661	0.1793488711118698	0.1334054619073868	0.1301871091127396	0.1338378340005875	0.1338378340005875	0.04659698903560638	0.127379909157753	0.1338378340005875	0.127379909157753	0.1064301207661629	0.1035321205854416	0.1064300984144211	0.1035321205854416	0.1291750222444534	0.1231062337756157	0.127379909157753	0.1231062337756157	0.1258362233638763	0.127379909157753	0.1338378340005875	0.1231062337756157	0.1338378340005875	0.1231062337756157	0.1800731420516968	0.1592210084199905	0.1851370334625244	0.1669475883245468	0.1079011857509613	0.127379909157753	0.127379909157753	0.127379909157753	0.1813946068286896	0.1338378340005875	0.1775791794061661	0.1231062337756157	0.1631389707326889	0.1231062337756157	0.1231062337756157	0.127379909157753	0.1752912551164627	0.1301871091127396	0.1669475883245468	0.190591424703598	0.1669475883245468	0.169450655579567	0.190591424703598	0.1231062337756157	0.1334054619073868	0.169450655579567	0.03551946580410004	0.1142900884151459	0.1869020909070969	0.1869020909070969	0.183882400393486	0.1631389707326889	0.1911675184965134	0.1911675184965134	0.2288036644458771	0.1341310441493988	0.1869020909070969	0.1231062337756157	0.2046781927347183	0.1231062337756157	0.1731161028146744	0.1414809226989746	0.1351496875286102	0.1231062337756157	0.1231062337756157	0.1656649559736252	0.1585114002227783	0.1231062337756157	0.1309769451618195	0.1541704088449478	0.1545600146055222	0.1805919408798218	0.1309781074523926	0.1472425311803818	0.1512847244739532	0.1472425311803818	0.1231062337756157	0.2050064206123352	0.2012547701597214	0.1499235928058624	0.1585114002227783	0.1231062337756157	0.1903970390558243	0.2149900496006012	0.1035321205854416	0.1231062337756157	0.1916239112615585	0.1309781074523926	0.1431387364864349	0.1879780441522598	0.1879790872335434	0.1231062337756157	0.1916239112615585	0.1035321205854416	0.1064301207661629
S2014m_E9-A-1-F	0.1013916283845901	0.09839515388011932	0.05678784474730492	0.03853537887334824	0.09197111427783966	0.09839515388011932	0.1013916283845901	0.05017635598778725	0.1013916283845901	0.09494547545909882	0.09839515388011932	0.1068529412150383	0.06160901486873627	0.07455103099346161	0.08190629631280899	0.02516126818954945	0.09839515388011932	0.1015643030405045	0.1047165244817734	0.1669475883245468	0.1068529337644577	0.1068529337644577	0.1068529337644577	0.1097773164510727	0.1068529337644577	0.01982721500098705	0.02516126818954945	0.0418039970099926	0.008342288434505463	0.003323484444990754	0.09335961192846298	0.1000320315361023	0.07323389500379562	0.09335961192846298	0.09335961192846298	0.07323388755321503	0.08860081434249878	0.08036210387945175	0.008342288434505463	0.0418039932847023	0.0418039932847023	0.0418039932847023	0.1024405732750893	0.07323388755321503	0	0	0.07826942950487137	0.1669475883245468	0	0.07323389500379562	0.1000320315361023	0.1000320315361023	0.1000320315361023	0.09839515388011932	0.07826942950487137	0.09839515388011932	0.07826942950487137	0.09839515388011932	0.09494422376155853	0.1140471696853638	0.03029377572238445	0.04186028242111206	0.09969771653413773	0.0963728278875351	0.1000320315361023	0.1000320315361023	0.1755711883306503	0.09335961192846298	0.1000320315361023	0.09335961192846298	0.08133279532194138	0.07826942950487137	0.08133278787136078	0.07826942950487137	0.1047165244817734	0.09839515388011932	0.09335961192846298	0.09839515388011932	0.1018318086862564	0.09335961192846298	0.1000320315361023	0.09839515388011932	0.1000320315361023	0.09839515388011932	0.03351657837629318	0.01016805320978165	0.0201257299631834	1.428056695118585e-08	0.07323389500379562	0.09335961192846298	0.09335961192846298	0.09335961192846298	0.1509932726621628	0.1000320315361023	0.03029377572238445	0.09839515388011932	0.005035546142607927	0.09839515388011932	0.09839515388011932	0.09335961192846298	0.1446986794471741	0.0963728278875351	7.140283475592923e-09	0.02670722454786301	7.140283475592923e-09	0.003323484444990754	0.02670722454786301	0.09839515388011932	0.09969771653413773	0.003323491429910064	0.1823807507753372	0.0966208428144455	0.03172602877020836	0.03172603622078896	0.02840113081037998	0.005035546142607927	0.02679814957082272	0.02679814957082272	0.08638319373130798	0.1039128825068474	0.03172602877020836	0.09839515388011932	0.04987285658717155	0.09839515388011932	0.03777511045336723	0.04901399090886116	0.1112587600946426	0.09839515388011932	0.09839515388011932	0.00834229588508606	0.1269211620092392	0.09839515388011932	0.106851689517498	0.1312020272016525	0.1317435801029205	0.018090745434165	0.1068529412150383	0.1238911673426628	0.1189980208873749	0.1238911673426628	0.09839515388011932	0.04746183380484581	0.05471863970160484	0.1267208307981491	0.1269211620092392	0.09839515388011932	0.03786838799715042	0.06342005729675293	0.07826942950487137	0.09839515388011932	0.02974576316773891	0.1068529412150383	0.1200876757502556	0.03470644727349281	0.03470779582858086	0.09839515388011932	0.02974576316773891	0.07826942950487137	0.08133279532194138
S2017t1_E11-T1a-Female	0.0306373592466116	0.02714952640235424	0.1269223392009735	0.09219168126583099	0.02136741206049919	0.02714952640235424	0.0306373592466116	0.120087668299675	0.0306373592466116	0.02482141554355621	0.02714952640235424	0.03740647807717323	0.1317435801029205	0.1426682770252228	0.150993287563324	0.09839514642953873	0.02714952640235424	0.1690584868192673	0.03422406315803528	0.1079011857509613	0.03740648552775383	0.03740648552775383	0.03740648552775383	0.04080243781208992	0.03740648552775383	0.09197237342596054	0.09839514642953873	0.1150378957390785	0.08133279532194138	0.07631398737430573	0.02171607315540314	0.0289157722145319	0	0.02171607315540314	0.02171607315540314	7.704515248008192e-09	0.1567180454730988	0.1494490802288055	0.08133279532194138	0.1150378882884979	0.1150378882884979	0.1150378882884979	0.03351739421486855	7.704515248008192e-09	0.07323389500379562	0.07323389500379562	0.005433451849967241	0.1079011857509613	0.07323389500379562	0	0.0289157722145319	0.0289157722145319	0.0289157722145319	0.02714952640235424	0.005433451849967241	0.02714952640235424	0.005433451849967241	0.02714952640235424	0.02481996268033981	0.04696159437298775	0.08404616266489029	0.09555062651634216	0.02881009131669998	0.02522338554263115	0.0289157722145319	0.0289157722145319	0.1167528927326202	0.02171607315540314	0.0289157722145319	0.02171607315540314	0.008999140001833439	0.005433451849967241	0.008999147452414036	0.005433451849967241	0.03422406315803528	0.02714952640235424	0.02171607315540314	0.02714952640235424	0.03281150758266449	0.02171607315540314	0.0289157722145319	0.02714952640235424	0.0289157722145319	0.02714952640235424	0.08712149411439896	0.06371369957923889	0.09335961192846298	0.07323389500379562	0	0.02171607315540314	0.02171607315540314	0.02171607315540314	0.08798491209745407	0.0289157722145319	0.08404616266489029	0.02714952640235424	0.07826942205429077	0.02714952640235424	0.02714952640235424	0.02171607315540314	0.08122316002845764	0.02522338554263115	0.07323388755321503	0.09969772398471832	0.07323388755321503	0.07631398737430573	0.09969772398471832	0.02714952640235424	0.02881009131669998	0.07631397992372513	0.124335490167141	0.1641376316547394	0.1047165244817734	0.1047165244817734	0.1013916283845901	0.07826942205429077	0.1000320464372635	0.1000320464372635	0.1552535444498062	0.1712306141853333	0.1047165244817734	0.02714952640235424	0.1194543465971947	0.02714952640235424	0.09035820513963699	0.0417841300368309	0.0425221212208271	0.02714952640235424	0.02714952640235424	0.08133278787136078	0.06106967106461525	0.02714952640235424	0.03740504011511803	0.06523659825325012	0.06625582277774811	0.08999976515769958	0.03740647807717323	0.05676798895001411	0.05149995908141136	0.05676798895001411	0.02714952640235424	0.1182897686958313	0.1242956221103668	0.06004703789949417	0.06106967106461525	0.02714952640235424	0.1097773164510727	0.1320094466209412	0.005433451849967241	0.02714952640235424	0.101891003549099	0.03740647807717323	0.05394791811704636	0.106851689517498	0.1068529412150383	0.02714952640235424	0.101891003549099	0.005433451849967241	0.008999140001833439
S2017t1_E11-T1a-Male	0.01653071865439415	0.01291358098387718	0.1254696696996689	0.08027247339487076	0.04981992021203041	0.01291358098387718	0.01653071865439415	0.145670011639595	0.01653071865439415	0.05317350476980209	0.01291358098387718	0.03433438390493393	0.1303616911172867	0.1675941050052643	0.1289731115102768	0.08668649196624756	0.01291358098387718	0.1596202850341797	0.01291202288120985	0.1338378340005875	0.03433438017964363	0.03433438017964363	0.03433438017964363	0.0377965085208416	0.03433438017964363	0.1183721199631691	0.08668649196624756	0.09066951274871826	0.1080418676137924	0.103023074567318	0.007359516806900501	0	0.0289157722145319	0.007359516806900501	0.007359516806900501	0.0289157647639513	0.1557323336601257	0.1394043415784836	0.1080418676137924	0.09066949784755707	0.09066949784755707	0.09066949784755707	0.06161664798855782	0.0289157647639513	0.1000320315361023	0.1000320315361023	0.0343492217361927	0.1338378340005875	0.1000320315361023	0.0289157722145319	0	0	0	0.01291358098387718	0.0343492217361927	0.01291358098387718	0.0343492217361927	0.01291358098387718	0.05317209288477898	0.07466998696327209	0.07191693037748337	0.07710841298103333	0.007357949856668711	0.01099700760096312	0	0	0.1057194992899895	0.007359516806900501	0	0.007359516806900501	0.03781124204397202	0.0343492217361927	0.03781123459339142	0.0343492217361927	0.01291202288120985	0.01291358098387718	0.007359516806900501	0.01291358098387718	0.06093128025531769	0.007359516806900501	0	0.01291358098387718	0	0.01291358098387718	0.07509741932153702	0.0907871425151825	0.08154752105474472	0.1000320538878441	0.0289157722145319	0.007359516806900501	0.007359516806900501	0.007359516806900501	0.06252604722976685	0	0.07191693037748337	0.01291358098387718	0.1050675809383392	0.01291358098387718	0.01291358098387718	0.007359516806900501	0.06899698823690414	0.01099700760096312	0.1000320464372635	0.08154618740081787	0.1000320464372635	0.103023074567318	0.08154618740081787	0.01291358098387718	0.007357949856668711	0.103023074567318	0.1072656512260437	0.1546031981706619	0.08668515831232071	0.08668516576290131	0.08978399634361267	0.1050675809383392	0.07525046169757843	0.07525046169757843	0.1394031345844269	0.1618585139513016	0.08668515831232071	0.01291358098387718	0.1449160128831863	0.01291358098387718	0.1168048977851868	0.0694916769862175	0.03954955190420151	0.01291358098387718	0.01291358098387718	0.1080418825149536	0.05846504494547844	0.01291358098387718	0.03433291614055634	0.05238152295351028	0.06373316049575806	0.1163131296634674	0.03433438390493393	0.0436118096113205	0.03823047503829002	0.0436118096113205	0.01291358098387718	0.1166945397853851	0.1497556269168854	0.04700784385204315	0.05846504494547844	0.01291358098387718	0.1080292090773582	0.1571080535650253	0.0343492217361927	0.01291358098387718	0.1000179573893547	0.03433438390493393	0.08145318925380707	0.1050535812973976	0.1050548329949379	0.01291358098387718	0.1000179573893547	0.0343492217361927	0.03781124204397202
S2017t1_E11-T1b-Female	0.01653071865439415	0.01291358098387718	0.1254696696996689	0.08027247339487076	0.04981992021203041	0.01291358098387718	0.01653071865439415	0.145670011639595	0.01653071865439415	0.05317350476980209	0.01291358098387718	0.03433438390493393	0.1303616911172867	0.1675941050052643	0.1289731115102768	0.08668649196624756	0.01291358098387718	0.1596202850341797	0.01291202288120985	0.1338378340005875	0.03433438017964363	0.03433438017964363	0.03433438017964363	0.0377965085208416	0.03433438017964363	0.1183721199631691	0.08668649196624756	0.09066951274871826	0.1080418676137924	0.103023074567318	0.007359516806900501	0	0.0289157722145319	0.007359516806900501	0.007359516806900501	0.0289157647639513	0.1557323336601257	0.1394043415784836	0.1080418676137924	0.09066949784755707	0.09066949784755707	0.09066949784755707	0.06161664798855782	0.0289157647639513	0.1000320315361023	0.1000320315361023	0.0343492217361927	0.1338378340005875	0.1000320315361023	0.0289157722145319	0	0	0	0.01291358098387718	0.0343492217361927	0.01291358098387718	0.0343492217361927	0.01291358098387718	0.05317209288477898	0.07466998696327209	0.07191693037748337	0.07710841298103333	0.007357949856668711	0.01099700760096312	0	0	0.1057194992899895	0.007359516806900501	0	0.007359516806900501	0.03781124204397202	0.0343492217361927	0.03781123459339142	0.0343492217361927	0.01291202288120985	0.01291358098387718	0.007359516806900501	0.01291358098387718	0.06093128025531769	0.007359516806900501	0	0.01291358098387718	0	0.01291358098387718	0.07509741932153702	0.0907871425151825	0.08154752105474472	0.1000320538878441	0.0289157722145319	0.007359516806900501	0.007359516806900501	0.007359516806900501	0.06252604722976685	0	0.07191693037748337	0.01291358098387718	0.1050675809383392	0.01291358098387718	0.01291358098387718	0.007359516806900501	0.06899698823690414	0.01099700760096312	0.1000320464372635	0.08154618740081787	0.1000320464372635	0.103023074567318	0.08154618740081787	0.01291358098387718	0.007357949856668711	0.103023074567318	0.1072656512260437	0.1546031981706619	0.08668515831232071	0.08668516576290131	0.08978399634361267	0.1050675809383392	0.07525046169757843	0.07525046169757843	0.1394031345844269	0.1618585139513016	0.08668515831232071	0.01291358098387718	0.1449160128831863	0.01291358098387718	0.1168048977851868	0.0694916769862175	0.03954955190420151	0.01291358098387718	0.01291358098387718	0.1080418825149536	0.05846504494547844	0.01291358098387718	0.03433291614055634	0.05238152295351028	0.06373316049575806	0.1163131296634674	0.03433438390493393	0.0436118096113205	0.03823047503829002	0.0436118096113205	0.01291358098387718	0.1166945397853851	0.1497556269168854	0.04700784385204315	0.05846504494547844	0.01291358098387718	0.1080292090773582	0.1571080535650253	0.0343492217361927	0.01291358098387718	0.1000179573893547	0.03433438390493393	0.08145318925380707	0.1050535812973976	0.1050548329949379	0.01291358098387718	0.1000179573893547	0.0343492217361927	0.03781124204397202
S2017t1_E11-T1b-Male	0.01653071865439415	0.01291358098387718	0.1254696696996689	0.08027247339487076	0.04981992021203041	0.01291358098387718	0.01653071865439415	0.145670011639595	0.01653071865439415	0.05317350476980209	0.01291358098387718	0.03433438390493393	0.1303616911172867	0.1675941050052643	0.1289731115102768	0.08668649196624756	0.01291358098387718	0.1596202850341797	0.01291202288120985	0.1338378340005875	0.03433438017964363	0.03433438017964363	0.03433438017964363	0.0377965085208416	0.03433438017964363	0.1183721199631691	0.08668649196624756	0.09066951274871826	0.1080418676137924	0.103023074567318	0.007359516806900501	0	0.0289157722145319	0.007359516806900501	0.007359516806900501	0.0289157647639513	0.1557323336601257	0.1394043415784836	0.1080418676137924	0.09066949784755707	0.09066949784755707	0.09066949784755707	0.06161664798855782	0.0289157647639513	0.1000320315361023	0.1000320315361023	0.0343492217361927	0.1338378340005875	0.1000320315361023	0.0289157722145319	0	0	0	0.01291358098387718	0.0343492217361927	0.01291358098387718	0.0343492217361927	0.01291358098387718	0.05317209288477898	0.07466998696327209	0.07191693037748337	0.07710841298103333	0.007357949856668711	0.01099700760096312	0	0	0.1057194992899895	0.007359516806900501	0	0.007359516806900501	0.03781124204397202	0.0343492217361927	0.03781123459339142	0.0343492217361927	0.01291202288120985	0.01291358098387718	0.007359516806900501	0.01291358098387718	0.06093128025531769	0.007359516806900501	0	0.01291358098387718	0	0.01291358098387718	0.07509741932153702	0.0907871425151825	0.08154752105474472	0.1000320538878441	0.0289157722145319	0.007359516806900501	0.007359516806900501	0.007359516806900501	0.06252604722976685	0	0.07191693037748337	0.01291358098387718	0.1050675809383392	0.01291358098387718	0.01291358098387718	0.007359516806900501	0.06899698823690414	0.01099700760096312	0.1000320464372635	0.08154618740081787	0.1000320464372635	0.103023074567318	0.08154618740081787	0.01291358098387718	0.007357949856668711	0.103023074567318	0.1072656512260437	0.1546031981706619	0.08668515831232071	0.08668516576290131	0.08978399634361267	0.1050675809383392	0.07525046169757843	0.07525046169757843	0.1394031345844269	0.1618585139513016	0.08668515831232071	0.01291358098387718	0.1449160128831863	0.01291358098387718	0.1168048977851868	0.0694916769862175	0.03954955190420151	0.01291358098387718	0.01291358098387718	0.1080418825149536	0.05846504494547844	0.01291358098387718	0.03433291614055634	0.05238152295351028	0.06373316049575806	0.1163131296634674	0.03433438390493393	0.0436118096113205	0.03823047503829002	0.0436118096113205	0.01291358098387718	0.1166945397853851	0.1497556269168854	0.04700784385204315	0.05846504494547844	0.01291358098387718	0.1080292090773582	0.1571080535650253	0.0343492217361927	0.01291358098387718	0.1000179573893547	0.03433438390493393	0.08145318925380707	0.1050535812973976	0.1050548329949379	0.01291358098387718	0.1000179573893547	0.0343492217361927	0.03781124204397202
S2017t1_E13-T1a-Female	0.003684850875288248	0	0.1238790526986122	0.06859510391950607	0.037590142339468	0	0.003684850875288248	0.1351428478956223	0.003684850875288248	0.04100508242845535	0	0.02181959897279739	0.1195696890354156	0.157441571354866	0.1394043415784836	0.0751241073012352	0	0.149332121014595	0.007371282670646906	0.1231062337756157	0.02181960642337799	0.02181960642337799	0.02181960642337799	0.02534568123519421	0.02181960642337799	0.1073708459734917	0.0751241073012352	0.09219641983509064	0.09685894101858139	0.1013916283845901	0.005554064642637968	0.01291358098387718	0.02714952640235424	0.005554064642637968	0.005554064642637968	0.02714953199028969	0.1453777998685837	0.1287690997123718	0.09685894101858139	0.09219640493392944	0.09219640493392944	0.09219640493392944	0.04960213974118233	0.02714953199028969	0.09839515388011932	0.09839515388011932	0.0218347143381834	0.1231062337756157	0.09839515388011932	0.02714952640235424	0.01291358098387718	0.01291358098387718	0.01291358098387718	0	0.0218347143381834	0	0.0218347143381834	0	0.04100364446640015	0.06289178133010864	0.07022888958454132	0.07204136252403259	0.01286420412361622	0.009198172017931938	0.01291358098387718	0.01291358098387718	0.1040929481387138	0.005554064642637968	0.01291358098387718	0.005554064642637968	0.02536068670451641	0.0218347143381834	0.02536069601774216	0.0218347143381834	0.007371282670646906	0	0.005554064642637968	0	0.04890431091189384	0.005554064642637968	0.01291358098387718	0	0.01291358098387718	0	0.07341517508029938	0.08913343399763107	0.07987701147794724	0.09839515388011932	0.02714952640235424	0.005554064642637968	0.005554064642637968	0.005554064642637968	0.07420617341995239	0.01291358098387718	0.07022888958454132	0	0.0938321053981781	0	0	0.005554064642637968	0.06730365008115768	0.009198172017931938	0.09839514642953873	0.08639058470726013	0.09839514642953873	0.1013916283845901	0.08639058470726013	0	0.01286420412361622	0.1013916283845901	0.1118900030851364	0.15306556224823	0.08168741315603256	0.08168742060661316	0.07827697694301605	0.0938321053981781	0.08668649196624756	0.08668649196624756	0.1347806602716446	0.151608482003212	0.08168741315603256	0	0.1433607488870621	0	0.1057761311531067	0.06779924035072327	0.02713105641305447	0	0	0.09685893356800079	0.05675254389643669	0	0.02181810326874256	0.04019862413406372	0.0517570897936821	0.1147058382630348	0.02181959897279739	0.03126809746026993	0.03648116812109947	0.03126809746026993	0	0.1150879487395287	0.1392987072467804	0.03472651168704033	0.05675254389643669	0	0.09684604406356812	0.1555749773979187	0.0218347143381834	0	0.09838103502988815	0.02181959897279739	0.06979701668024063	0.09381784498691559	0.09381914138793945	0	0.09838103502988815	0.0218347143381834	0.02536068670451641
S2017t1_E13-T1a-Male	0.02536068670451641	0.0218347143381834	0.131744772195816	0.08756545931100845	0.01610712520778179	0.0218347143381834	0.02536068670451641	0.115837424993515	0.02536068670451641	0.01959829404950142	0.0218347143381834	0.03223241493105888	0.1275361925363541	0.1386338770389557	0.1557436883449554	0.0938321053981781	0.0218347143381834	0.1651841849088669	0.02896691672503948	0.1035321205854416	0.03223241865634918	0.03223241865634918	0.03223241865634918	0.03566491231322289	0.03223241865634918	0.08744549006223679	0.0938321053981781	0.1105590760707855	0.07669892162084579	0.08133279532194138	0.02714952640235424	0.0343492217361927	0.005433451849967241	0.02714952640235424	0.02714952640235424	0.005433459300547838	0.1527497619390488	0.1453893333673477	0.07669892162084579	0.1105590686202049	0.1105590686202049	0.1105590686202049	0.02838725037872791	0.005433459300547838	0.07826942950487137	0.07826942950487137	0	0.1035321205854416	0.07826942950487137	0.005433451849967241	0.0343492217361927	0.0343492217361927	0.0343492217361927	0.0218347143381834	0	0.0218347143381834	0	0.0218347143381834	0.01959682442247868	0.0419735498726368	0.08913343399763107	0.09094152599573135	0.03422406315803528	0.0306373592466116	0.0343492217361927	0.0343492217361927	0.1216584891080856	0.02714952640235424	0.0343492217361927	0.02714952640235424	0.003604683093726635	0	0.003604690777137876	0	0.02896691672503948	0.0218347143381834	0.02714952640235424	0.0218347143381834	0.02767385169863701	0.02714952640235424	0.0343492217361927	0.0218347143381834	0.0343492217361927	0.0218347143381834	0.09219168126583099	0.06880096346139908	0.09839514642953873	0.07826942950487137	0.005433451849967241	0.02714952640235424	0.02714952640235424	0.02714952640235424	0.09308785200119019	0.0343492217361927	0.08913343399763107	0.0218347143381834	0.0736045241355896	0.0218347143381834	0.0218347143381834	0.02714952640235424	0.08632610738277435	0.0306373592466116	0.07826942205429077	0.1047165244817734	0.07826942205429077	0.08133279532194138	0.1047165244817734	0.0218347143381834	0.03422406315803528	0.08133278787136078	0.1292169541120529	0.1687800735235214	0.1002006158232689	0.1002006232738495	0.09685893356800079	0.0736045241355896	0.1050675809383392	0.1050675809383392	0.1512341946363449	0.1673766076564789	0.1002006158232689	0.0218347143381834	0.1242387592792511	0.0218347143381834	0.08581516891717911	0.04699054732918739	0.03740305081009865	0.0218347143381834	0.0218347143381834	0.07669892162084579	0.06625582277774811	0.0218347143381834	0.03223095834255219	0.0603308379650116	0.0613880343735218	0.09494421631097794	0.03223241493105888	0.05177269876003265	0.05676798895001411	0.05177269876003265	0.0218347143381834	0.1231598779559135	0.1200860291719437	0.05508650466799736	0.06625582277774811	0.0218347143381834	0.1053537875413895	0.1367256343364716	0	0.0218347143381834	0.106851689517498	0.03223241493105888	0.04903293028473854	0.1023989766836166	0.1024002432823181	0.0218347143381834	0.106851689517498	0	0.003604683093726635
S2017t1_E13-T1b-Female	0.003684850875288248	0	0.1238790526986122	0.06859510391950607	0.037590142339468	0	0.003684850875288248	0.1351428478956223	0.003684850875288248	0.04100508242845535	0	0.02181959897279739	0.1195696890354156	0.157441571354866	0.1394043415784836	0.0751241073012352	0	0.149332121014595	0.007371282670646906	0.1231062337756157	0.02181960642337799	0.02181960642337799	0.02181960642337799	0.02534568123519421	0.02181960642337799	0.1073708459734917	0.0751241073012352	0.09219641983509064	0.09685894101858139	0.1013916283845901	0.005554064642637968	0.01291358098387718	0.02714952640235424	0.005554064642637968	0.005554064642637968	0.02714953199028969	0.1453777998685837	0.1287690997123718	0.09685894101858139	0.09219640493392944	0.09219640493392944	0.09219640493392944	0.04960213974118233	0.02714953199028969	0.09839515388011932	0.09839515388011932	0.0218347143381834	0.1231062337756157	0.09839515388011932	0.02714952640235424	0.01291358098387718	0.01291358098387718	0.01291358098387718	0	0.0218347143381834	0	0.0218347143381834	0	0.04100364446640015	0.06289178133010864	0.07022888958454132	0.07204136252403259	0.01286420412361622	0.009198172017931938	0.01291358098387718	0.01291358098387718	0.1040929481387138	0.005554064642637968	0.01291358098387718	0.005554064642637968	0.02536068670451641	0.0218347143381834	0.02536069601774216	0.0218347143381834	0.007371282670646906	0	0.005554064642637968	0	0.04890431091189384	0.005554064642637968	0.01291358098387718	0	0.01291358098387718	0	0.07341517508029938	0.08913343399763107	0.07987701147794724	0.09839515388011932	0.02714952640235424	0.005554064642637968	0.005554064642637968	0.005554064642637968	0.07420617341995239	0.01291358098387718	0.07022888958454132	0	0.0938321053981781	0	0	0.005554064642637968	0.06730365008115768	0.009198172017931938	0.09839514642953873	0.08639058470726013	0.09839514642953873	0.1013916283845901	0.08639058470726013	0	0.01286420412361622	0.1013916283845901	0.1118900030851364	0.15306556224823	0.08168741315603256	0.08168742060661316	0.07827697694301605	0.0938321053981781	0.08668649196624756	0.08668649196624756	0.1347806602716446	0.151608482003212	0.08168741315603256	0	0.1433607488870621	0	0.1057761311531067	0.06779924035072327	0.02713105641305447	0	0	0.09685893356800079	0.05675254389643669	0	0.02181810326874256	0.04019862413406372	0.0517570897936821	0.1147058382630348	0.02181959897279739	0.03126809746026993	0.03648116812109947	0.03126809746026993	0	0.1150879487395287	0.1392987072467804	0.03472651168704033	0.05675254389643669	0	0.09684604406356812	0.1555749773979187	0.0218347143381834	0	0.09838103502988815	0.02181959897279739	0.06979701668024063	0.09381784498691559	0.09381914138793945	0	0.09838103502988815	0.0218347143381834	0.02536068670451641
S2017t1_E13-T1b-Male	0.02536068670451641	0.0218347143381834	0.131744772195816	0.08756545931100845	0.01610712520778179	0.0218347143381834	0.02536068670451641	0.115837424993515	0.02536068670451641	0.01959829404950142	0.0218347143381834	0.03223241493105888	0.1275361925363541	0.1386338770389557	0.1557436883449554	0.0938321053981781	0.0218347143381834	0.1651841849088669	0.02896691672503948	0.1035321205854416	0.03223241865634918	0.03223241865634918	0.03223241865634918	0.03566491231322289	0.03223241865634918	0.08744549006223679	0.0938321053981781	0.1105590760707855	0.07669892162084579	0.08133279532194138	0.02714952640235424	0.0343492217361927	0.005433451849967241	0.02714952640235424	0.02714952640235424	0.005433459300547838	0.1527497619390488	0.1453893333673477	0.07669892162084579	0.1105590686202049	0.1105590686202049	0.1105590686202049	0.02838725037872791	0.005433459300547838	0.07826942950487137	0.07826942950487137	0	0.1035321205854416	0.07826942950487137	0.005433451849967241	0.0343492217361927	0.0343492217361927	0.0343492217361927	0.0218347143381834	0	0.0218347143381834	0	0.0218347143381834	0.01959682442247868	0.0419735498726368	0.08913343399763107	0.09094152599573135	0.03422406315803528	0.0306373592466116	0.0343492217361927	0.0343492217361927	0.1216584891080856	0.02714952640235424	0.0343492217361927	0.02714952640235424	0.003604683093726635	0	0.003604690777137876	0	0.02896691672503948	0.0218347143381834	0.02714952640235424	0.0218347143381834	0.02767385169863701	0.02714952640235424	0.0343492217361927	0.0218347143381834	0.0343492217361927	0.0218347143381834	0.09219168126583099	0.06880096346139908	0.09839514642953873	0.07826942950487137	0.005433451849967241	0.02714952640235424	0.02714952640235424	0.02714952640235424	0.09308785200119019	0.0343492217361927	0.08913343399763107	0.0218347143381834	0.0736045241355896	0.0218347143381834	0.0218347143381834	0.02714952640235424	0.08632610738277435	0.0306373592466116	0.07826942205429077	0.1047165244817734	0.07826942205429077	0.08133279532194138	0.1047165244817734	0.0218347143381834	0.03422406315803528	0.08133278787136078	0.1292169541120529	0.1687800735235214	0.1002006158232689	0.1002006232738495	0.09685893356800079	0.0736045241355896	0.1050675809383392	0.1050675809383392	0.1512341946363449	0.1673766076564789	0.1002006158232689	0.0218347143381834	0.1242387592792511	0.0218347143381834	0.08581516891717911	0.04699054732918739	0.03740305081009865	0.0218347143381834	0.0218347143381834	0.07669892162084579	0.06625582277774811	0.0218347143381834	0.03223095834255219	0.0603308379650116	0.0613880343735218	0.09494421631097794	0.03223241493105888	0.05177269876003265	0.05676798895001411	0.05177269876003265	0.0218347143381834	0.1231598779559135	0.1200860291719437	0.05508650466799736	0.06625582277774811	0.0218347143381834	0.1053537875413895	0.1367256343364716	0	0.0218347143381834	0.106851689517498	0.03223241493105888	0.04903293028473854	0.1023989766836166	0.1024002432823181	0.0218347143381834	0.106851689517498	0	0.003604683093726635
S2017t1_E14-T1a-Female	0.003684850875288248	0	0.1238790526986122	0.06859510391950607	0.037590142339468	0	0.003684850875288248	0.1351428478956223	0.003684850875288248	0.04100508242845535	0	0.02181959897279739	0.1195696890354156	0.157441571354866	0.1394043415784836	0.0751241073012352	0	0.149332121014595	0.007371282670646906	0.1231062337756157	0.02181960642337799	0.02181960642337799	0.02181960642337799	0.02534568123519421	0.02181960642337799	0.1073708459734917	0.0751241073012352	0.09219641983509064	0.09685894101858139	0.1013916283845901	0.005554064642637968	0.01291358098387718	0.02714952640235424	0.005554064642637968	0.005554064642637968	0.02714953199028969	0.1453777998685837	0.1287690997123718	0.09685894101858139	0.09219640493392944	0.09219640493392944	0.09219640493392944	0.04960213974118233	0.02714953199028969	0.09839515388011932	0.09839515388011932	0.0218347143381834	0.1231062337756157	0.09839515388011932	0.02714952640235424	0.01291358098387718	0.01291358098387718	0.01291358098387718	0	0.0218347143381834	0	0.0218347143381834	0	0.04100364446640015	0.06289178133010864	0.07022888958454132	0.07204136252403259	0.01286420412361622	0.009198172017931938	0.01291358098387718	0.01291358098387718	0.1040929481387138	0.005554064642637968	0.01291358098387718	0.005554064642637968	0.02536068670451641	0.0218347143381834	0.02536069601774216	0.0218347143381834	0.007371282670646906	0	0.005554064642637968	0	0.04890431091189384	0.005554064642637968	0.01291358098387718	0	0.01291358098387718	0	0.07341517508029938	0.08913343399763107	0.07987701147794724	0.09839515388011932	0.02714952640235424	0.005554064642637968	0.005554064642637968	0.005554064642637968	0.07420617341995239	0.01291358098387718	0.07022888958454132	0	0.0938321053981781	0	0	0.005554064642637968	0.06730365008115768	0.009198172017931938	0.09839514642953873	0.08639058470726013	0.09839514642953873	0.1013916283845901	0.08639058470726013	0	0.01286420412361622	0.1013916283845901	0.1118900030851364	0.15306556224823	0.08168741315603256	0.08168742060661316	0.07827697694301605	0.0938321053981781	0.08668649196624756	0.08668649196624756	0.1347806602716446	0.151608482003212	0.08168741315603256	0	0.1433607488870621	0	0.1057761311531067	0.06779924035072327	0.02713105641305447	0	0	0.09685893356800079	0.05675254389643669	0	0.02181810326874256	0.04019862413406372	0.0517570897936821	0.1147058382630348	0.02181959897279739	0.03126809746026993	0.03648116812109947	0.03126809746026993	0	0.1150879487395287	0.1392987072467804	0.03472651168704033	0.05675254389643669	0	0.09684604406356812	0.1555749773979187	0.0218347143381834	0	0.09838103502988815	0.02181959897279739	0.06979701668024063	0.09381784498691559	0.09381914138793945	0	0.09838103502988815	0.0218347143381834	0.02536068670451641
S2017t1_E14-T1a-Male	0.03745681792497635	0.04100364446640015	0.1290913969278336	0.09796556085348129	0.003546828171238303	0.04100364446640015	0.03745681792497635	0.09816431254148483	0.03745681792497635	0.01064949296414852	0.04100364446640015	0.03015851229429245	0.1158524379134178	0.1359907686710358	0.1701668202877045	0.1103068143129349	0.04100364446640015	0.1791866570711136	0.04100516811013222	0.1193132251501083	0.0301585178822279	0.0301585178822279	0.0301585178822279	0.02663057297468185	0.0301585178822279	0.08506712317466736	0.1103068143129349	0.1267296671867371	0.08715647459030151	0.09166997671127319	0.04611274227499962	0.05317209288477898	0.02481996268033981	0.04611274227499962	0.04611274227499962	0.02481997013092041	0.1499971300363541	0.1600578725337982	0.08715647459030151	0.1267296671867371	0.1267296671867371	0.1267296671867371	0.04689756780862808	0.02481997013092041	0.09494422376155853	0.09494422376155853	0.01959682442247868	0.1193132251501083	0.09494422376155853	0.02481996268033981	0.05317209288477898	0.05317209288477898	0.05317209288477898	0.04100364446640015	0.01959682442247868	0.04100364446640015	0.01959682442247868	0.04100364446640015	0	0.05335455015301704	0.1057778596878052	0.1012908518314362	0.0461142510175705	0.04258480668067932	0.05317209288477898	0.05317209288477898	0.1311817169189453	0.04611274227499962	0.05317209288477898	0.04611274227499962	0.01604999601840973	0.01959682442247868	0.01605000346899033	0.01959682442247868	0.04100516811013222	0.04100364446640015	0.04611274227499962	0.04100364446640015	0.04621110111474991	0.04611274227499962	0.05317209288477898	0.04100364446640015	0.05317209288477898	0.04100364446640015	0.1024705991148949	0.08581693470478058	0.1147058382630348	0.09494422376155853	0.02481996268033981	0.04611274227499962	0.04611274227499962	0.04611274227499962	0.1097101718187332	0.05317209288477898	0.1057778596878052	0.04100364446640015	0.09044697880744934	0.04100364446640015	0.04100364446640015	0.04611274227499962	0.1030723378062248	0.04258480668067932	0.09494421631097794	0.1147072538733482	0.09494421631097794	0.09166997671127319	0.1147072538733482	0.04100364446640015	0.0461142510175705	0.0916699692606926	0.1385849863290787	0.1771528571844101	0.1103082150220871	0.1103082299232483	0.1070162951946259	0.09044697880744934	0.1212575733661652	0.1212575733661652	0.1600591987371445	0.1813062280416489	0.1103082150220871	0.04100364446640015	0.1067335605621338	0.04100364446640015	0.06754195690155029	0.05823579803109169	0.02483450993895531	0.04100364446640015	0.04100364446640015	0.08715647459030151	0.05396397411823273	0.04100364446640015	0.01961347088217735	0.07145822793245316	0.04904907196760178	0.07685347646474838	0.03015851229429245	0.06979701668024063	0.07460468262434006	0.06979701668024063	0.04100364446640015	0.1053411215543747	0.1024978458881378	0.06635668128728867	0.05396397411823273	0.04100364446640015	0.09662476927042007	0.1194700300693512	0.01959682442247868	0.04100364446640015	0.09495958685874939	0.03015851229429245	0.03002448752522469	0.09046242386102676	0.09989901632070541	0.04100364446640015	0.09495958685874939	0.01959682442247868	0.01604999601840973
S2017t1_E14-T1b-Male	0.05942590534687042	0.06289178133010864	0.1640735864639282	0.1172870844602585	0.05676690861582756	0.06289178133010864	0.05942590534687042	0.1430921852588654	0.05942590534687042	0.05335591360926628	0.06289178133010864	0.07222574949264526	0.1601732820272446	0.1699585020542145	0.1867266297340393	0.1291768252849579	0.06289178133010864	0.1952743679285049	0.06289327144622803	0.1374115943908691	0.07222574949264526	0.07222574949264526	0.07222574949264526	0.06881339848041534	0.07222574949264526	0.122527964413166	0.1291768252849579	0.1452513635158539	0.1065175011754036	0.1108420342206955	0.06777091324329376	0.07466998696327209	0.04696159437298775	0.06777091324329376	0.06777091324329376	0.04696159809827805	0.1835610568523407	0.1768964678049088	0.1065175011754036	0.1452513635158539	0.1452513635158539	0.1452513635158539	0.06805887073278427	0.04696159809827805	0.1140471696853638	0.1140471696853638	0.0419735498726368	0.1374115943908691	0.1140471696853638	0.04696159437298775	0.07466998696327209	0.07466998696327209	0.07466998696327209	0.06289178133010864	0.0419735498726368	0.06289178133010864	0.0419735498726368	0.06289178133010864	0.05335455015301704	0	0.1248384192585945	0.1205411478877068	0.06777239590883255	0.06432308256626129	0.07466998696327209	0.07466998696327209	0.1491206139326096	0.06777091324329376	0.07466998696327209	0.06777091324329376	0.03850767388939857	0.0419735498726368	0.03850768133997917	0.0419735498726368	0.06289327144622803	0.06289178133010864	0.06777091324329376	0.06289178133010864	0.06740254908800125	0.06777091324329376	0.07466998696327209	0.06289178133010864	0.07466998696327209	0.06289178133010864	0.1216016635298729	0.1053029745817184	0.1333916783332825	0.1140471696853638	0.04696159437298775	0.06777091324329376	0.06777091324329376	0.06777091324329376	0.1287430971860886	0.07466998696327209	0.1248384192585945	0.06289178133010864	0.1097382158041	0.06289178133010864	0.06289178133010864	0.06777091324329376	0.1222471818327904	0.06432308256626129	0.1140471622347832	0.1333930641412735	0.1140471622347832	0.1108420342206955	0.1333930641412735	0.06289178133010864	0.06777239590883255	0.1108420193195343	0.1562864929437637	0.1932611912488937	0.1291782110929489	0.1291782110929489	0.125956118106842	0.1097382158041	0.1398051232099533	0.1398051232099533	0.1768977642059326	0.197311744093895	0.1291782110929489	0.06289178133010864	0.1509576737880707	0.06289178133010864	0.1150266602635384	0.07882921397686005	0.07697891443967819	0.06289178133010864	0.06289178133010864	0.1065175011754036	0.1035406962037086	0.06289178133010864	0.07222440838813782	0.09191913157701492	0.09905484318733215	0.1235537976026535	0.07222574949264526	0.09040464460849762	0.0950021892786026	0.09040464460849762	0.06289178133010864	0.1503781676292419	0.1470691710710526	0.08704052865505219	0.1035406962037086	0.06289178133010864	0.1337333470582962	0.1626575887203217	0.0419735498726368	0.06289178133010864	0.1410243660211563	0.07222574949264526	0.08073066920042038	0.1369066387414932	0.1369078010320663	0.06289178133010864	0.1410243660211563	0.0419735498726368	0.03850767388939857
S2017t1_E16-T1a-Female	0.07341517508029938	0.07022888958454132	0.05770254135131836	0.008602009154856205	0.1028106287121773	0.07022888958454132	0.07341517508029938	0.07909570634365082	0.07341517508029938	0.1057791188359261	0.07022888958454132	0.08912032097578049	0.0625944510102272	0.1027282476425171	0.07391586154699326	0.01551585271954536	0.07022888958454132	0.09413305670022964	0.07684359699487686	0.1775791794061661	0.08912032842636108	0.08912032842636108	0.08912032842636108	0.09217865765094757	0.08912032842636108	0.04967062547802925	0.01551585271954536	0.03250042349100113	0.03853537887334824	0.03351657837629318	0.06503604352474213	0.07191693037748337	0.08404616266489029	0.06503604352474213	0.06503604352474213	0.08404617011547089	0.08994214981794357	0.07234176993370056	0.03853537887334824	0.03250041976571083	0.03250041976571083	0.03250041976571083	0.1132585629820824	0.08404617011547089	0.03029377572238445	0.03029377572238445	0.08913343399763107	0.1775791794061661	0.03029377572238445	0.08404616266489029	0.07191693037748337	0.07191693037748337	0.07191693037748337	0.07022888958454132	0.08913343399763107	0.07022888958454132	0.08913343399763107	0.07022888958454132	0.1057778596878052	0.1248384192585945	0	0.01203043386340141	0.07166854292154312	0.06824012100696564	0.07191693037748337	0.07191693037748337	0.1522174924612045	0.06503604352474213	0.07191693037748337	0.06503604352474213	0.09219168126583099	0.08913343399763107	0.09219168126583099	0.08913343399763107	0.07684359699487686	0.07022888958454132	0.06503604352474213	0.07022888958454132	0.1126511171460152	0.06503604352474213	0.07191693037748337	0.07022888958454132	0.07191693037748337	0.07022888958454132	0.003426954615861177	0.0203324630856514	0.01037688832730055	0.03029375895857811	0.08404616266489029	0.06503604352474213	0.06503604352474213	0.06503604352474213	0.1260162591934204	0.07191693037748337	0	0.07022888958454132	0.03532930836081505	0.07022888958454132	0.07022888958454132	0.06503604352474213	0.1195364743471146	0.06824012100696564	0.03029376640915871	0.0171261765062809	0.03029376640915871	0.03351657837629318	0.0171261765062809	0.07022888958454132	0.07166854292154312	0.03351657092571259	0.159329429268837	0.08909362554550171	0.02224771305918694	0.02224770560860634	0.01885474473237991	0.03532930836081505	0.0171863678842783	0.0171863678842783	0.07850465923547745	0.09654571115970612	0.02224771305918694	0.07022888958454132	0.07865577191114426	0.07022888958454132	0.04798125103116035	0.05948961898684502	0.09372777491807938	0.07022888958454132	0.07022888958454132	0.03853537514805794	0.1101927384734154	0.07022888958454132	0.08911903202533722	0.1050779446959496	0.1151347905397415	0.04783647134900093	0.08912032097578049	0.0973188504576683	0.09227729588747025	0.0973188504576683	0.07022888958454132	0.04824741929769516	0.08349968492984772	0.1003224551677704	0.1101927384734154	0.07022888958454132	0.03852172940969467	0.09179258346557617	0.08913343399763107	0.07022888958454132	0.03027858957648277	0.08912032097578049	0.130863830447197	0.03531420975923538	0.03531556203961372	0.07022888958454132	0.03027858957648277	0.08913343399763107	0.09219168126583099
S2017t1_E16-T1a-Male	0.06859657913446426	0.07204136252403259	0.06885464489459991	0.003446259303018451	0.104614719748497	0.07204136252403259	0.06859657913446426	0.07464883476495743	0.06859657913446426	0.1012921035289764	0.07204136252403259	0.09092842787504196	0.06428954005241394	0.104414239525795	0.07875692099332809	0.01721434108912945	0.07204136252403259	0.09582147002220154	0.06537562608718872	0.1793488711118698	0.09092841297388077	0.09092841297388077	0.09092841297388077	0.08755376189947128	0.09092841297388077	0.05136740580201149	0.01721434108912945	0.02750136330723763	0.03368705883622169	0.03853679448366165	0.07684359699487686	0.07710841298103333	0.09555062651634216	0.07684359699487686	0.07684359699487686	0.09555062651634216	0.09163165092468262	0.0740351602435112	0.03368705883622169	0.02750135771930218	0.02750135771930218	0.02750135771930218	0.1150591149926186	0.09555062651634216	0.04186028242111206	0.04186028242111206	0.09094152599573135	0.1793488711118698	0.04186028242111206	0.09555062651634216	0.07710841298103333	0.07710841298103333	0.07710841298103333	0.07204136252403259	0.09094152599573135	0.07204136252403259	0.09094152599573135	0.07204136252403259	0.1012908518314362	0.1205411478877068	0.01203043386340141	0	0.07022898644208908	0.07341664284467697	0.07710841298103333	0.07710841298103333	0.1569274663925171	0.07684359699487686	0.07710841298103333	0.07684359699487686	0.08756690472364426	0.09094152599573135	0.08756689727306366	0.09094152599573135	0.06537562608718872	0.07204136252403259	0.07684359699487686	0.07204136252403259	0.1144518777728081	0.07684359699487686	0.07710841298103333	0.07204136252403259	0.07710841298103333	0.07204136252403259	0.008603478781878948	0.03205084428191185	0.02224771305918694	0.04186027497053146	0.09555062651634216	0.07684359699487686	0.07684359699487686	0.07684359699487686	0.1309052109718323	0.07710841298103333	0.01203043386340141	0.07204136252403259	0.03702731430530548	0.07204136252403259	0.07204136252403259	0.07684359699487686	0.1304820626974106	0.07341664284467697	0.04186028242111206	0.01551587600260973	0.04186028242111206	0.03853679448366165	0.01551587600260973	0.07204136252403259	0.07022898644208908	0.03853679820895195	0.1582992374897003	0.09382516890764236	0.01043050456792116	0.01043049711734056	0.01380536798387766	0.03702731430530548	0.02232390642166138	0.02232390642166138	0.067827969789505	0.09823346138000488	0.01043050456792116	0.07204136252403259	0.08344153314828873	0.07204136252403259	0.04322798550128937	0.06453601270914078	0.09553460031747818	0.07204136252403259	0.07204136252403259	0.03368706628680229	0.1212845891714096	0.07204136252403259	0.0909271314740181	0.1005838885903358	0.116934671998024	0.05278231576085091	0.09092842787504196	0.09912464022636414	0.1036513224244118	0.09912464022636414	0.07204136252403259	0.05319112911820412	0.07909535616636276	0.0957803949713707	0.1212845891714096	0.07204136252403259	0.03367328271269798	0.09651011973619461	0.09094152599573135	0.07204136252403259	0.04184533655643463	0.09092842787504196	0.1266256868839264	0.03701221942901611	0.03701356798410416	0.07204136252403259	0.04184533655643463	0.09094152599573135	0.08756690472364426
S2017t1_E16-T1b-Female	0.009199744090437889	0.01286420412361622	0.1250625997781754	0.07341664284467697	0.04964218288660049	0.01286420412361622	0.009199744090437889	0.139301672577858	0.009199744090437889	0.04611567407846451	0.01286420412361622	0.03420927375555038	0.1299388259649277	0.1670741736888885	0.1345608085393906	0.08639058470726013	0.01286420412361622	0.1591202616691589	0.005554073490202427	0.1334054619073868	0.03420927003026009	0.03420927003026009	0.03420927003026009	0.03062405250966549	0.03420927003026009	0.1179827079176903	0.08639058470726013	0.09686025977134705	0.101393036544323	0.09637423604726791	0.00733049213886261	0.007357949856668711	0.02881009131669998	0.00733049213886261	0.00733049213886261	0.02881008572876453	0.1552422046661377	0.1389569491147995	0.101393036544323	0.09686025977134705	0.09686025977134705	0.09686025977134705	0.06140000000596046	0.02881008572876453	0.09969771653413773	0.09969771653413773	0.03422406315803528	0.1334054619073868	0.09969771653413773	0.02881009131669998	0.007357949856668711	0.007357949856668711	0.007357949856668711	0.01286420412361622	0.03422406315803528	0.01286420412361622	0.03422406315803528	0.01286420412361622	0.0461142510175705	0.06777239590883255	0.07166854292154312	0.07022898644208908	0	0.003666031872853637	0.007357949856668711	0.007357949856668711	0.09909065067768097	0.00733049213886261	0.007357949856668711	0.00733049213886261	0.03063889592885971	0.03422406315803528	0.03063889034092426	0.03422406315803528	0.005554073490202427	0.01286420412361622	0.00733049213886261	0.01286420412361622	0.06071687489748001	0.00733049213886261	0.007357949856668711	0.01286420412361622	0.007357949856668711	0.01286420412361622	0.06824158877134323	0.09048044681549072	0.0812690481543541	0.09969773143529892	0.02881009131669998	0.00733049213886261	0.00733049213886261	0.00733049213886261	0.06899560987949371	0.007357949856668711	0.07166854292154312	0.01286420412361622	0.1047165244817734	0.01286420412361622	0.01286420412361622	0.00733049213886261	0.06875786930322647	0.003666031872853637	0.09969772398471832	0.07473815977573395	0.09969772398471832	0.09637423604726791	0.07473815977573395	0.01286420412361622	0	0.09637425094842911	0.1006482616066933	0.1483367085456848	0.07987713068723679	0.07987713068723679	0.08299907296895981	0.1047165244817734	0.08154618740081787	0.08154618740081787	0.1329880803823471	0.1613528579473495	0.07987713068723679	0.01286420412361622	0.1385776996612549	0.01286420412361622	0.1102213859558105	0.06259430199861526	0.03940651938319206	0.01286420412361622	0.01286420412361622	0.1013930439949036	0.05825984477996826	0.01286420412361622	0.03420780971646309	0.04531778767704964	0.06350964307785034	0.1097628027200699	0.03420927375555038	0.04345495253801346	0.0380927249789238	0.04345495253801346	0.01286420412361622	0.1101470440626144	0.1434177309274673	0.03990405052900314	0.05825984477996826	0.01286420412361622	0.101380281150341	0.1508601307868958	0.03422406315803528	0.01286420412361622	0.09968367218971252	0.03420927375555038	0.07460615783929825	0.1047025620937347	0.1047038286924362	0.01286420412361622	0.09968367218971252	0.03422406315803528	0.03063889592885971
S2017t1_E17-T1a-Female	0.005533711984753609	0.009198172017931938	0.1218313798308372	0.06998821347951889	0.04611274227499962	0.009198172017931938	0.005533711984753609	0.1361170262098312	0.005533711984753609	0.04258623346686363	0.009198172017931938	0.03062251582741737	0.1267075836658478	0.1639808416366577	0.1373282670974731	0.08299761265516281	0.009198172017931938	0.1559973955154419	0.009199744090437889	0.1301871091127396	0.03062252141535282	0.03062252141535282	0.03062252141535282	0.02703729271888733	0.03062252141535282	0.1147070899605751	0.08299761265516281	0.09992457926273346	0.09806814789772034	0.09304933995008469	0.003664460033178329	0.01099700760096312	0.02522338554263115	0.003664460033178329	0.003664460033178329	0.02522339299321175	0.1521049290895462	0.1357592046260834	0.09806814789772034	0.09992457926273346	0.09992457926273346	0.09992457926273346	0.05791423842310905	0.02522339299321175	0.0963728278875351	0.0963728278875351	0.0306373592466116	0.1301871091127396	0.0963728278875351	0.02522338554263115	0.01099700760096312	0.01099700760096312	0.01099700760096312	0.009198172017931938	0.0306373592466116	0.009198172017931938	0.0306373592466116	0.009198172017931938	0.04258480668067932	0.06432308256626129	0.06824012100696564	0.07341664284467697	0.003666031872853637	0	0.01099700760096312	0.01099700760096312	0.09577574580907822	0.003664460033178329	0.01099700760096312	0.003664460033178329	0.02705219201743603	0.0306373592466116	0.02705219760537148	0.0306373592466116	0.009199744090437889	0.009198172017931938	0.003664460033178329	0.009198172017931938	0.05722856894135475	0.003664460033178329	0.01099700760096312	0.009198172017931938	0.01099700760096312	0.009198172017931938	0.06481315940618515	0.08712149411439896	0.07787608355283737	0.0963728204369545	0.02522338554263115	0.003664460033178329	0.003664460033178329	0.003664460033178329	0.07219749689102173	0.01099700760096312	0.06824012100696564	0.009198172017931938	0.1013916283845901	0.009198172017931938	0.009198172017931938	0.003664460033178329	0.06531869620084763	0	0.0963728129863739	0.07787753641605377	0.0963728129863739	0.09304933995008469	0.07787753641605377	0.009198172017931938	0.003666031872853637	0.09304933995008469	0.1036145612597466	0.1452029943466187	0.08299907296895981	0.08299908041954041	0.07960610091686249	0.1013916283845901	0.08466246724128723	0.08466246724128723	0.1357605755329132	0.1582382917404175	0.08299907296895981	0.009198172017931938	0.1354080736637115	0.009198172017931938	0.106929138302803	0.05914509668946266	0.03583905845880508	0.009198172017931938	0.009198172017931938	0.09806813299655914	0.05478189513087273	0.009198172017931938	0.03062104806303978	0.04178539663553238	0.0600316971540451	0.1064871549606323	0.03062251582741737	0.03990252688527107	0.03454030305147171	0.03990252688527107	0.009198172017931938	0.1068728119134903	0.1402483284473419	0.03635162487626076	0.05478189513087273	0.009198172017931938	0.09805533289909363	0.1477357000112534	0.0306373592466116	0.009198172017931938	0.09635871648788452	0.03062251582741737	0.07118213176727295	0.1013775989413261	0.1013788729906082	0.009198172017931938	0.09635871648788452	0.0306373592466116	0.02705219201743603
S2017t1_E17-T1a-Male	0.01653071865439415	0.01291358098387718	0.1254696696996689	0.08027247339487076	0.04981992021203041	0.01291358098387718	0.01653071865439415	0.145670011639595	0.01653071865439415	0.05317350476980209	0.01291358098387718	0.03433438390493393	0.1303616911172867	0.1675941050052643	0.1289731115102768	0.08668649196624756	0.01291358098387718	0.1596202850341797	0.01291202288120985	0.1338378340005875	0.03433438017964363	0.03433438017964363	0.03433438017964363	0.0377965085208416	0.03433438017964363	0.1183721199631691	0.08668649196624756	0.09066951274871826	0.1080418676137924	0.103023074567318	0.007359516806900501	0	0.0289157722145319	0.007359516806900501	0.007359516806900501	0.0289157647639513	0.1557323336601257	0.1394043415784836	0.1080418676137924	0.09066949784755707	0.09066949784755707	0.09066949784755707	0.06161664798855782	0.0289157647639513	0.1000320315361023	0.1000320315361023	0.0343492217361927	0.1338378340005875	0.1000320315361023	0.0289157722145319	0	0	0	0.01291358098387718	0.0343492217361927	0.01291358098387718	0.0343492217361927	0.01291358098387718	0.05317209288477898	0.07466998696327209	0.07191693037748337	0.07710841298103333	0.007357949856668711	0.01099700760096312	0	0	0.1057194992899895	0.007359516806900501	0	0.007359516806900501	0.03781124204397202	0.0343492217361927	0.03781123459339142	0.0343492217361927	0.01291202288120985	0.01291358098387718	0.007359516806900501	0.01291358098387718	0.06093128025531769	0.007359516806900501	0	0.01291358098387718	0	0.01291358098387718	0.07509741932153702	0.0907871425151825	0.08154752105474472	0.1000320538878441	0.0289157722145319	0.007359516806900501	0.007359516806900501	0.007359516806900501	0.06252604722976685	0	0.07191693037748337	0.01291358098387718	0.1050675809383392	0.01291358098387718	0.01291358098387718	0.007359516806900501	0.06899698823690414	0.01099700760096312	0.1000320464372635	0.08154618740081787	0.1000320464372635	0.103023074567318	0.08154618740081787	0.01291358098387718	0.007357949856668711	0.103023074567318	0.1072656512260437	0.1546031981706619	0.08668515831232071	0.08668516576290131	0.08978399634361267	0.1050675809383392	0.07525046169757843	0.07525046169757843	0.1394031345844269	0.1618585139513016	0.08668515831232071	0.01291358098387718	0.1449160128831863	0.01291358098387718	0.1168048977851868	0.0694916769862175	0.03954955190420151	0.01291358098387718	0.01291358098387718	0.1080418825149536	0.05846504494547844	0.01291358098387718	0.03433291614055634	0.05238152295351028	0.06373316049575806	0.1163131296634674	0.03433438390493393	0.0436118096113205	0.03823047503829002	0.0436118096113205	0.01291358098387718	0.1166945397853851	0.1497556269168854	0.04700784385204315	0.05846504494547844	0.01291358098387718	0.1080292090773582	0.1571080535650253	0.0343492217361927	0.01291358098387718	0.1000179573893547	0.03433438390493393	0.08145318925380707	0.1050535812973976	0.1050548329949379	0.01291358098387718	0.1000179573893547	0.0343492217361927	0.03781124204397202
S2017t1_E17-T1b-Female	0.01653071865439415	0.01291358098387718	0.1254696696996689	0.08027247339487076	0.04981992021203041	0.01291358098387718	0.01653071865439415	0.145670011639595	0.01653071865439415	0.05317350476980209	0.01291358098387718	0.03433438390493393	0.1303616911172867	0.1675941050052643	0.1289731115102768	0.08668649196624756	0.01291358098387718	0.1596202850341797	0.01291202288120985	0.1338378340005875	0.03433438017964363	0.03433438017964363	0.03433438017964363	0.0377965085208416	0.03433438017964363	0.1183721199631691	0.08668649196624756	0.09066951274871826	0.1080418676137924	0.103023074567318	0.007359516806900501	0	0.0289157722145319	0.007359516806900501	0.007359516806900501	0.0289157647639513	0.1557323336601257	0.1394043415784836	0.1080418676137924	0.09066949784755707	0.09066949784755707	0.09066949784755707	0.06161664798855782	0.0289157647639513	0.1000320315361023	0.1000320315361023	0.0343492217361927	0.1338378340005875	0.1000320315361023	0.0289157722145319	0	0	0	0.01291358098387718	0.0343492217361927	0.01291358098387718	0.0343492217361927	0.01291358098387718	0.05317209288477898	0.07466998696327209	0.07191693037748337	0.07710841298103333	0.007357949856668711	0.01099700760096312	0	0	0.1057194992899895	0.007359516806900501	0	0.007359516806900501	0.03781124204397202	0.0343492217361927	0.03781123459339142	0.0343492217361927	0.01291202288120985	0.01291358098387718	0.007359516806900501	0.01291358098387718	0.06093128025531769	0.007359516806900501	0	0.01291358098387718	0	0.01291358098387718	0.07509741932153702	0.0907871425151825	0.08154752105474472	0.1000320538878441	0.0289157722145319	0.007359516806900501	0.007359516806900501	0.007359516806900501	0.06252604722976685	0	0.07191693037748337	0.01291358098387718	0.1050675809383392	0.01291358098387718	0.01291358098387718	0.007359516806900501	0.06899698823690414	0.01099700760096312	0.1000320464372635	0.08154618740081787	0.1000320464372635	0.103023074567318	0.08154618740081787	0.01291358098387718	0.007357949856668711	0.103023074567318	0.1072656512260437	0.1546031981706619	0.08668515831232071	0.08668516576290131	0.08978399634361267	0.1050675809383392	0.07525046169757843	0.07525046169757843	0.1394031345844269	0.1618585139513016	0.08668515831232071	0.01291358098387718	0.1449160128831863	0.01291358098387718	0.1168048977851868	0.0694916769862175	0.03954955190420151	0.01291358098387718	0.01291358098387718	0.1080418825149536	0.05846504494547844	0.01291358098387718	0.03433291614055634	0.05238152295351028	0.06373316049575806	0.1163131296634674	0.03433438390493393	0.0436118096113205	0.03823047503829002	0.0436118096113205	0.01291358098387718	0.1166945397853851	0.1497556269168854	0.04700784385204315	0.05846504494547844	0.01291358098387718	0.1080292090773582	0.1571080535650253	0.0343492217361927	0.01291358098387718	0.1000179573893547	0.03433438390493393	0.08145318925380707	0.1050535812973976	0.1050548329949379	0.01291358098387718	0.1000179573893547	0.0343492217361927	0.03781124204397202
S2017t1_E17-T1b-Male	0.1007794588804245	0.1040929481387138	0.1968151330947876	0.1538080424070358	0.1343831866979599	0.1040929481387138	0.1007794588804245	0.2089070528745651	0.1007794588804245	0.1311828941106796	0.1040929481387138	0.1216463148593903	0.2012750953435898	0.2325688749551773	0.2102899551391602	0.1648665219545364	0.1040929481387138	0.2258469015359879	0.1040943711996078	0.04659698903560638	0.1216463148593903	0.1216463148593903	0.1216463148593903	0.1183977350592613	0.1216463148593903	0.1912482082843781	0.1648665219545364	0.1802822649478912	0.1771179288625717	0.1725389957427979	0.09908924251794815	0.1057194992899895	0.1167528927326202	0.09908924251794815	0.09908924251794815	0.1167528927326202	0.222573310136795	0.208853617310524	0.1771179288625717	0.1802822649478912	0.1802822649478912	0.1802822649478912	0.1441127210855484	0.1167528927326202	0.1755711883306503	0.1755711883306503	0.1216584891080856	0.04659698903560638	0.1755711883306503	0.1167528927326202	0.1057194992899895	0.1057194992899895	0.1057194992899895	0.1040929481387138	0.1216584891080856	0.1040929481387138	0.1216584891080856	0.1040929481387138	0.1311817169189453	0.1491206139326096	0.1522174924612045	0.1569274663925171	0.09909065067768097	0.09577574580907822	0.1057194992899895	0.1057194992899895	0	0.09908924251794815	0.1057194992899895	0.09908924251794815	0.1184099689126015	0.1216584891080856	0.1184099763631821	0.1216584891080856	0.1040943711996078	0.1040929481387138	0.09908924251794815	0.1040929481387138	0.1435468345880508	0.09908924251794815	0.1057194992899895	0.1040929481387138	0.1057194992899895	0.1040929481387138	0.1490994095802307	0.1678773611783981	0.1602022349834442	0.1755711883306503	0.1167528927326202	0.09908924251794815	0.09908924251794815	0.09908924251794815	0.156056672334671	0.1057194992899895	0.1522174924612045	0.1040929481387138	0.180150106549263	0.1040929481387138	0.1040929481387138	0.09908924251794815	0.1497996151447296	0.09577574580907822	0.1755711883306503	0.1602035462856293	0.1755711883306503	0.1725389957427979	0.1602035462856293	0.1040929481387138	0.09909065067768097	0.1725389957427979	0.01808961667120457	0.08176843822002411	0.1648678481578827	0.1648678481578827	0.1617777943611145	0.180150106549263	0.1663827300071716	0.1663827300071716	0.2088548690080643	0.116936020553112	0.1648678481578827	0.1040929481387138	0.2079429924488068	0.1040929481387138	0.1845000982284546	0.1444095522165298	0.1259313523769379	0.1040929481387138	0.1040929481387138	0.1771179288625717	0.1410903334617615	0.1040929481387138	0.1216451078653336	0.1305234730243683	0.1458607763051987	0.1837390661239624	0.1216463148593903	0.1292722374200821	0.1244091466069221	0.1292722374200821	0.1040929481387138	0.1840609312057495	0.2123728543519974	0.1260518729686737	0.1410903334617615	0.1040929481387138	0.1771072447299957	0.2183013260364532	0.1216584891080856	0.1040929481387138	0.1755594462156296	0.1216463148593903	0.1547965556383133	0.1801384538412094	0.180139496922493	0.1040929481387138	0.1755594462156296	0.1216584891080856	0.1184099689126015
S2017t1_E19-T1a-Female	0.009198172017931938	0.005554064642637968	0.1189858391880989	0.07341517508029938	0.04273557290434837	0.005554064642637968	0.009198172017931938	0.1393003016710281	0.009198172017931938	0.04611416161060333	0.005554064642637968	0.02713457867503166	0.1238778308033943	0.1613878607749939	0.1345620006322861	0.07987701147794724	0.005554064642637968	0.1533545851707458	0.01286420412361622	0.127379909157753	0.02713458426296711	0.02713458426296711	0.02713458426296711	0.03062251582741737	0.02713458426296711	0.1117988973855972	0.07987701147794724	0.0968615785241127	0.1013916283845901	0.0963728278875351	0	0.007359516806900501	0.02171607315540314	0	0	0.02171608060598373	0.1494376510381699	0.132987916469574	0.1013916283845901	0.0968615710735321	0.0968615710735321	0.0968615710735321	0.05462026223540306	0.02171608060598373	0.09335961192846298	0.09335961192846298	0.02714952640235424	0.127379909157753	0.09335961192846298	0.02171607315540314	0.007359516806900501	0.007359516806900501	0.007359516806900501	0.005554064642637968	0.02714952640235424	0.005554064642637968	0.02714952640235424	0.005554064642637968	0.04611274227499962	0.06777091324329376	0.06503604352474213	0.07684359699487686	0.00733049213886261	0.003664460033178329	0.007359516806900501	0.007359516806900501	0.09908924251794815	0	0.007359516806900501	0	0.0306373592466116	0.02714952640235424	0.03063736483454704	0.02714952640235424	0.01286420412361622	0.005554064642637968	0	0.005554064642637968	0.05392978712916374	0	0.007359516806900501	0.005554064642637968	0.007359516806900501	0.005554064642637968	0.06824012100696564	0.08404616266489029	0.07473804801702499	0.09335961192846298	0.02171607315540314	0	0	0	0.06899698823690414	0.007359516806900501	0.06503604352474213	0.005554064642637968	0.09839514642953873	0.005554064642637968	0.005554064642637968	0	0.06209445744752884	0.003664460033178329	0.09335961192846298	0.0812690481543541	0.09335961192846298	0.0963728278875351	0.0812690481543541	0.005554064642637968	0.00733049213886261	0.0963728129863739	0.1069114208221436	0.1483353674411774	0.08639058470726013	0.08639059960842133	0.08299761265516281	0.09839514642953873	0.08154752105474472	0.08154752105474472	0.1389569491147995	0.1556095033884048	0.08639058470726013	0.005554064642637968	0.1385763436555862	0.005554064642637968	0.1102199777960777	0.06259281933307648	0.03238862380385399	0.005554064642637968	0.005554064642637968	0.1013916283845901	0.05148442834615707	0.005554064642637968	0.02713309787213802	0.04531627520918846	0.05675254389643669	0.1097614020109177	0.02713457867503166	0.03648116812109947	0.03109983541071415	0.03648116812109947	0.005554064642637968	0.1101456508040428	0.1434163749217987	0.03990252688527107	0.05148442834615707	0.005554064642637968	0.1013788655400276	0.1508587896823883	0.02714952640235424	0.005554064642637968	0.09334541112184525	0.02713457867503166	0.07460468262434006	0.09838103502988815	0.09838231652975082	0.005554064642637968	0.09334541112184525	0.02714952640235424	0.0306373592466116
S2017t1_E19-T1a-Male	0.01653071865439415	0.01291358098387718	0.1254696696996689	0.08027247339487076	0.04981992021203041	0.01291358098387718	0.01653071865439415	0.145670011639595	0.01653071865439415	0.05317350476980209	0.01291358098387718	0.03433438390493393	0.1303616911172867	0.1675941050052643	0.1289731115102768	0.08668649196624756	0.01291358098387718	0.1596202850341797	0.01291202288120985	0.1338378340005875	0.03433438017964363	0.03433438017964363	0.03433438017964363	0.0377965085208416	0.03433438017964363	0.1183721199631691	0.08668649196624756	0.09066951274871826	0.1080418676137924	0.103023074567318	0.007359516806900501	0	0.0289157722145319	0.007359516806900501	0.007359516806900501	0.0289157647639513	0.1557323336601257	0.1394043415784836	0.1080418676137924	0.09066949784755707	0.09066949784755707	0.09066949784755707	0.06161664798855782	0.0289157647639513	0.1000320315361023	0.1000320315361023	0.0343492217361927	0.1338378340005875	0.1000320315361023	0.0289157722145319	0	0	0	0.01291358098387718	0.0343492217361927	0.01291358098387718	0.0343492217361927	0.01291358098387718	0.05317209288477898	0.07466998696327209	0.07191693037748337	0.07710841298103333	0.007357949856668711	0.01099700760096312	0	0	0.1057194992899895	0.007359516806900501	0	0.007359516806900501	0.03781124204397202	0.0343492217361927	0.03781123459339142	0.0343492217361927	0.01291202288120985	0.01291358098387718	0.007359516806900501	0.01291358098387718	0.06093128025531769	0.007359516806900501	0	0.01291358098387718	0	0.01291358098387718	0.07509741932153702	0.0907871425151825	0.08154752105474472	0.1000320538878441	0.0289157722145319	0.007359516806900501	0.007359516806900501	0.007359516806900501	0.06252604722976685	0	0.07191693037748337	0.01291358098387718	0.1050675809383392	0.01291358098387718	0.01291358098387718	0.007359516806900501	0.06899698823690414	0.01099700760096312	0.1000320464372635	0.08154618740081787	0.1000320464372635	0.103023074567318	0.08154618740081787	0.01291358098387718	0.007357949856668711	0.103023074567318	0.1072656512260437	0.1546031981706619	0.08668515831232071	0.08668516576290131	0.08978399634361267	0.1050675809383392	0.07525046169757843	0.07525046169757843	0.1394031345844269	0.1618585139513016	0.08668515831232071	0.01291358098387718	0.1449160128831863	0.01291358098387718	0.1168048977851868	0.0694916769862175	0.03954955190420151	0.01291358098387718	0.01291358098387718	0.1080418825149536	0.05846504494547844	0.01291358098387718	0.03433291614055634	0.05238152295351028	0.06373316049575806	0.1163131296634674	0.03433438390493393	0.0436118096113205	0.03823047503829002	0.0436118096113205	0.01291358098387718	0.1166945397853851	0.1497556269168854	0.04700784385204315	0.05846504494547844	0.01291358098387718	0.1080292090773582	0.1571080535650253	0.0343492217361927	0.01291358098387718	0.1000179573893547	0.03433438390493393	0.08145318925380707	0.1050535812973976	0.1050548329949379	0.01291358098387718	0.1000179573893547	0.0343492217361927	0.03781124204397202
S2017t1_E19-T1b-Male	0.009198172017931938	0.005554064642637968	0.1189858391880989	0.07341517508029938	0.04273557290434837	0.005554064642637968	0.009198172017931938	0.1393003016710281	0.009198172017931938	0.04611416161060333	0.005554064642637968	0.02713457867503166	0.1238778308033943	0.1613878607749939	0.1345620006322861	0.07987701147794724	0.005554064642637968	0.1533545851707458	0.01286420412361622	0.127379909157753	0.02713458426296711	0.02713458426296711	0.02713458426296711	0.03062251582741737	0.02713458426296711	0.1117988973855972	0.07987701147794724	0.0968615785241127	0.1013916283845901	0.0963728278875351	0	0.007359516806900501	0.02171607315540314	0	0	0.02171608060598373	0.1494376510381699	0.132987916469574	0.1013916283845901	0.0968615710735321	0.0968615710735321	0.0968615710735321	0.05462026223540306	0.02171608060598373	0.09335961192846298	0.09335961192846298	0.02714952640235424	0.127379909157753	0.09335961192846298	0.02171607315540314	0.007359516806900501	0.007359516806900501	0.007359516806900501	0.005554064642637968	0.02714952640235424	0.005554064642637968	0.02714952640235424	0.005554064642637968	0.04611274227499962	0.06777091324329376	0.06503604352474213	0.07684359699487686	0.00733049213886261	0.003664460033178329	0.007359516806900501	0.007359516806900501	0.09908924251794815	0	0.007359516806900501	0	0.0306373592466116	0.02714952640235424	0.03063736483454704	0.02714952640235424	0.01286420412361622	0.005554064642637968	0	0.005554064642637968	0.05392978712916374	0	0.007359516806900501	0.005554064642637968	0.007359516806900501	0.005554064642637968	0.06824012100696564	0.08404616266489029	0.07473804801702499	0.09335961192846298	0.02171607315540314	0	0	0	0.06899698823690414	0.007359516806900501	0.06503604352474213	0.005554064642637968	0.09839514642953873	0.005554064642637968	0.005554064642637968	0	0.06209445744752884	0.003664460033178329	0.09335961192846298	0.0812690481543541	0.09335961192846298	0.0963728278875351	0.0812690481543541	0.005554064642637968	0.00733049213886261	0.0963728129863739	0.1069114208221436	0.1483353674411774	0.08639058470726013	0.08639059960842133	0.08299761265516281	0.09839514642953873	0.08154752105474472	0.08154752105474472	0.1389569491147995	0.1556095033884048	0.08639058470726013	0.005554064642637968	0.1385763436555862	0.005554064642637968	0.1102199777960777	0.06259281933307648	0.03238862380385399	0.005554064642637968	0.005554064642637968	0.1013916283845901	0.05148442834615707	0.005554064642637968	0.02713309787213802	0.04531627520918846	0.05675254389643669	0.1097614020109177	0.02713457867503166	0.03648116812109947	0.03109983541071415	0.03648116812109947	0.005554064642637968	0.1101456508040428	0.1434163749217987	0.03990252688527107	0.05148442834615707	0.005554064642637968	0.1013788655400276	0.1508587896823883	0.02714952640235424	0.005554064642637968	0.09334541112184525	0.02713457867503166	0.07460468262434006	0.09838103502988815	0.09838231652975082	0.005554064642637968	0.09334541112184525	0.02714952640235424	0.0306373592466116
S2017t1_E23-T1a-Female	0.0217560064047575	0.02536068670451641	0.1345086693763733	0.08419083058834076	0.01959682442247868	0.02536068670451641	0.0217560064047575	0.1126387640833855	0.0217560064047575	0.01605147123336792	0.02536068670451641	0.03566491231322289	0.130326896905899	0.1413097232580185	0.1583911627531052	0.09685893356800079	0.02536068670451641	0.1677538007497787	0.02536223456263542	0.1064301207661629	0.03566491976380348	0.03566491976380348	0.03566491976380348	0.03211808949708939	0.03566491976380348	0.09044825285673141	0.09685893356800079	0.1135300323367119	0.0733586773276329	0.07800930738449097	0.0306373592466116	0.03781124204397202	0.008999140001833439	0.0306373592466116	0.0306373592466116	0.008999147452414036	0.1553817540407181	0.148082047700882	0.0733586773276329	0.1135300323367119	0.1135300323367119	0.1135300323367119	0.03179053589701653	0.008999147452414036	0.08133279532194138	0.08133279532194138	0.003604683093726635	0.1064301207661629	0.08133279532194138	0.008999140001833439	0.03781124204397202	0.03781124204397202	0.03781124204397202	0.02536068670451641	0.003604683093726635	0.02536068670451641	0.003604683093726635	0.02536068670451641	0.01604999601840973	0.03850767388939857	0.09219168126583099	0.08756690472364426	0.03063889592885971	0.02705219201743603	0.03781124204397202	0.03781124204397202	0.1184099689126015	0.0306373592466116	0.03781124204397202	0.0306373592466116	0	0.003604683093726635	7.718681693802409e-09	0.003604683093726635	0.02536223456263542	0.02536068670451641	0.0306373592466116	0.02536068670451641	0.03108212538063526	0.0306373592466116	0.03781124204397202	0.02536068670451641	0.03781124204397202	0.02536068670451641	0.08883416652679443	0.07192748039960861	0.1013916283845901	0.08133278787136078	0.008999140001833439	0.0306373592466116	0.0306373592466116	0.0306373592466116	0.09614218026399612	0.03781124204397202	0.09219168126583099	0.02536068670451641	0.07669892162084579	0.02536068670451641	0.02536068670451641	0.0306373592466116	0.08940320461988449	0.02705219201743603	0.08133278787136078	0.1013930439949036	0.08133278787136078	0.07800930738449097	0.1013930439949036	0.02536068670451641	0.03063889592885971	0.07800929993391037	0.1259844154119492	0.1657058149576187	0.096860371530056	0.096860371530056	0.0935186892747879	0.07669892162084579	0.1080418825149536	0.1080418825149536	0.1480833888053894	0.1699327677488327	0.096860371530056	0.02536068670451641	0.1210704892873764	0.02536068670451641	0.0825079008936882	0.04354282468557358	0.04079903289675713	0.02536068670451641	0.02536068670451641	0.07335866987705231	0.06945161521434784	0.02536068670451641	0.03566346690058708	0.05685549229383469	0.06461717933416367	0.0916699692606926	0.03566491231322289	0.05508650466799736	0.06004703789949417	0.05508650466799736	0.02536068670451641	0.1199348568916321	0.1169027388095856	0.05159176141023636	0.06945161521434784	0.02536068670451641	0.1020632907748222	0.1336025446653366	0.003604683093726635	0.02536068670451641	0.1097760871052742	0.03566491231322289	0.04559259116649628	0.1053525432944298	0.1053538024425507	0.02536068670451641	0.1097760871052742	0.003604683093726635	0
S2017t1_E23-T1b-Female	0.02536068670451641	0.0218347143381834	0.131744772195816	0.08756545931100845	0.01610712520778179	0.0218347143381834	0.02536068670451641	0.115837424993515	0.02536068670451641	0.01959829404950142	0.0218347143381834	0.03223241493105888	0.1275361925363541	0.1386338770389557	0.1557436883449554	0.0938321053981781	0.0218347143381834	0.1651841849088669	0.02896691672503948	0.1035321205854416	0.03223241865634918	0.03223241865634918	0.03223241865634918	0.03566491231322289	0.03223241865634918	0.08744549006223679	0.0938321053981781	0.1105590760707855	0.07669892162084579	0.08133279532194138	0.02714952640235424	0.0343492217361927	0.005433451849967241	0.02714952640235424	0.02714952640235424	0.005433459300547838	0.1527497619390488	0.1453893333673477	0.07669892162084579	0.1105590686202049	0.1105590686202049	0.1105590686202049	0.02838725037872791	0.005433459300547838	0.07826942950487137	0.07826942950487137	0	0.1035321205854416	0.07826942950487137	0.005433451849967241	0.0343492217361927	0.0343492217361927	0.0343492217361927	0.0218347143381834	0	0.0218347143381834	0	0.0218347143381834	0.01959682442247868	0.0419735498726368	0.08913343399763107	0.09094152599573135	0.03422406315803528	0.0306373592466116	0.0343492217361927	0.0343492217361927	0.1216584891080856	0.02714952640235424	0.0343492217361927	0.02714952640235424	0.003604683093726635	0	0.003604690777137876	0	0.02896691672503948	0.0218347143381834	0.02714952640235424	0.0218347143381834	0.02767385169863701	0.02714952640235424	0.0343492217361927	0.0218347143381834	0.0343492217361927	0.0218347143381834	0.09219168126583099	0.06880096346139908	0.09839514642953873	0.07826942950487137	0.005433451849967241	0.02714952640235424	0.02714952640235424	0.02714952640235424	0.09308785200119019	0.0343492217361927	0.08913343399763107	0.0218347143381834	0.0736045241355896	0.0218347143381834	0.0218347143381834	0.02714952640235424	0.08632610738277435	0.0306373592466116	0.07826942205429077	0.1047165244817734	0.07826942205429077	0.08133279532194138	0.1047165244817734	0.0218347143381834	0.03422406315803528	0.08133278787136078	0.1292169541120529	0.1687800735235214	0.1002006158232689	0.1002006232738495	0.09685893356800079	0.0736045241355896	0.1050675809383392	0.1050675809383392	0.1512341946363449	0.1673766076564789	0.1002006158232689	0.0218347143381834	0.1242387592792511	0.0218347143381834	0.08581516891717911	0.04699054732918739	0.03740305081009865	0.0218347143381834	0.0218347143381834	0.07669892162084579	0.06625582277774811	0.0218347143381834	0.03223095834255219	0.0603308379650116	0.0613880343735218	0.09494421631097794	0.03223241493105888	0.05177269876003265	0.05676798895001411	0.05177269876003265	0.0218347143381834	0.1231598779559135	0.1200860291719437	0.05508650466799736	0.06625582277774811	0.0218347143381834	0.1053537875413895	0.1367256343364716	0	0.0218347143381834	0.106851689517498	0.03223241493105888	0.04903293028473854	0.1023989766836166	0.1024002432823181	0.0218347143381834	0.106851689517498	0	0.003604683093726635
S2017t1_E23-T1b-Male	0.02175601199269295	0.02536069601774216	0.1345086544752121	0.08419084548950195	0.01959683187305927	0.02536069601774216	0.02175601199269295	0.1126387715339661	0.02175601199269295	0.01605147868394852	0.02536069601774216	0.03566491976380348	0.1303269118070602	0.1413096934556961	0.1583911627531052	0.09685894101858139	0.02536069601774216	0.1677538007497787	0.02536222897469997	0.1064300984144211	0.03566491231322289	0.03566491231322289	0.03566491231322289	0.03211809694766998	0.03566491231322289	0.09044825285673141	0.09685894101858139	0.1135300323367119	0.07335866987705231	0.07800929993391037	0.03063736483454704	0.03781123459339142	0.008999147452414036	0.03063736483454704	0.03063736483454704	0.008999140001833439	0.1553817540407181	0.148082047700882	0.07335866987705231	0.1135300174355507	0.1135300174355507	0.1135300174355507	0.03179052472114563	0.008999140001833439	0.08133278787136078	0.08133278787136078	0.003604690777137876	0.1064300984144211	0.08133278787136078	0.008999147452414036	0.03781123459339142	0.03781123459339142	0.03781123459339142	0.02536069601774216	0.003604690777137876	0.02536069601774216	0.003604690777137876	0.02536069601774216	0.01605000346899033	0.03850768133997917	0.09219168126583099	0.08756689727306366	0.03063889034092426	0.02705219760537148	0.03781123459339142	0.03781123459339142	0.1184099763631821	0.03063736483454704	0.03781123459339142	0.03063736483454704	7.718681693802409e-09	0.003604690777137876	0	0.003604690777137876	0.02536222897469997	0.02536069601774216	0.03063736483454704	0.02536069601774216	0.03108211793005466	0.03063736483454704	0.03781123459339142	0.02536069601774216	0.03781123459339142	0.02536069601774216	0.08883417397737503	0.07192748785018921	0.1013916283845901	0.08133279532194138	0.008999147452414036	0.03063736483454704	0.03063736483454704	0.03063736483454704	0.09614218026399612	0.03781123459339142	0.09219168126583099	0.02536069601774216	0.07669892162084579	0.02536069601774216	0.02536069601774216	0.03063736483454704	0.08940321207046509	0.02705219760537148	0.08133279532194138	0.101393036544323	0.08133279532194138	0.07800929993391037	0.101393036544323	0.02536069601774216	0.03063889034092426	0.07800930738449097	0.125984400510788	0.1657058149576187	0.0968603640794754	0.096860371530056	0.0935186892747879	0.07669892162084579	0.1080418676137924	0.1080418676137924	0.1480833888053894	0.1699327677488327	0.0968603640794754	0.02536069601774216	0.121070496737957	0.02536069601774216	0.0825079083442688	0.04354283586144447	0.04079903662204742	0.02536069601774216	0.02536069601774216	0.0733586773276329	0.06945162266492844	0.02536069601774216	0.03566347435116768	0.05685550346970558	0.06461718678474426	0.09166997671127319	0.03566491976380348	0.05508651584386826	0.06004704907536507	0.05508651584386826	0.02536069601774216	0.1199348643422127	0.1169027537107468	0.05159177258610725	0.06945162266492844	0.02536069601774216	0.1020632982254028	0.1336025446653366	0.003604690777137876	0.02536069601774216	0.1097760871052742	0.03566491976380348	0.04559259861707687	0.1053525432944298	0.1053538098931313	0.02536069601774216	0.1097760871052742	0.003604690777137876	7.718681693802409e-09
S2017t1_E30-T1a-Female	0.02536068670451641	0.0218347143381834	0.131744772195816	0.08756545931100845	0.01610712520778179	0.0218347143381834	0.02536068670451641	0.115837424993515	0.02536068670451641	0.01959829404950142	0.0218347143381834	0.03223241493105888	0.1275361925363541	0.1386338770389557	0.1557436883449554	0.0938321053981781	0.0218347143381834	0.1651841849088669	0.02896691672503948	0.1035321205854416	0.03223241865634918	0.03223241865634918	0.03223241865634918	0.03566491231322289	0.03223241865634918	0.08744549006223679	0.0938321053981781	0.1105590760707855	0.07669892162084579	0.08133279532194138	0.02714952640235424	0.0343492217361927	0.005433451849967241	0.02714952640235424	0.02714952640235424	0.005433459300547838	0.1527497619390488	0.1453893333673477	0.07669892162084579	0.1105590686202049	0.1105590686202049	0.1105590686202049	0.02838725037872791	0.005433459300547838	0.07826942950487137	0.07826942950487137	0	0.1035321205854416	0.07826942950487137	0.005433451849967241	0.0343492217361927	0.0343492217361927	0.0343492217361927	0.0218347143381834	0	0.0218347143381834	0	0.0218347143381834	0.01959682442247868	0.0419735498726368	0.08913343399763107	0.09094152599573135	0.03422406315803528	0.0306373592466116	0.0343492217361927	0.0343492217361927	0.1216584891080856	0.02714952640235424	0.0343492217361927	0.02714952640235424	0.003604683093726635	0	0.003604690777137876	0	0.02896691672503948	0.0218347143381834	0.02714952640235424	0.0218347143381834	0.02767385169863701	0.02714952640235424	0.0343492217361927	0.0218347143381834	0.0343492217361927	0.0218347143381834	0.09219168126583099	0.06880096346139908	0.09839514642953873	0.07826942950487137	0.005433451849967241	0.02714952640235424	0.02714952640235424	0.02714952640235424	0.09308785200119019	0.0343492217361927	0.08913343399763107	0.0218347143381834	0.0736045241355896	0.0218347143381834	0.0218347143381834	0.02714952640235424	0.08632610738277435	0.0306373592466116	0.07826942205429077	0.1047165244817734	0.07826942205429077	0.08133279532194138	0.1047165244817734	0.0218347143381834	0.03422406315803528	0.08133278787136078	0.1292169541120529	0.1687800735235214	0.1002006158232689	0.1002006232738495	0.09685893356800079	0.0736045241355896	0.1050675809383392	0.1050675809383392	0.1512341946363449	0.1673766076564789	0.1002006158232689	0.0218347143381834	0.1242387592792511	0.0218347143381834	0.08581516891717911	0.04699054732918739	0.03740305081009865	0.0218347143381834	0.0218347143381834	0.07669892162084579	0.06625582277774811	0.0218347143381834	0.03223095834255219	0.0603308379650116	0.0613880343735218	0.09494421631097794	0.03223241493105888	0.05177269876003265	0.05676798895001411	0.05177269876003265	0.0218347143381834	0.1231598779559135	0.1200860291719437	0.05508650466799736	0.06625582277774811	0.0218347143381834	0.1053537875413895	0.1367256343364716	0	0.0218347143381834	0.106851689517498	0.03223241493105888	0.04903293028473854	0.1023989766836166	0.1024002432823181	0.0218347143381834	0.106851689517498	0	0.003604683093726635
S2017t1_E30-T1b-Female	0.003686431562528014	0.007371282670646906	0.129940003156662	0.06859657913446426	0.04455199465155602	0.007371282670646906	0.003686431562528014	0.1351442337036133	0.003686431562528014	0.04100660607218742	0.007371282670646906	0.02895196713507175	0.12567438185215	0.1631667912006378	0.1394031345844269	0.08168741315603256	0.007371282670646906	0.1551377475261688	0	0.1291750222444534	0.02895196527242661	0.02895196527242661	0.02895196527242661	0.02534722909331322	0.02895196527242661	0.113599956035614	0.08168741315603256	0.09219507128000259	0.0968603640794754	0.101393036544323	0.01286420412361622	0.01291202288120985	0.03422406315803528	0.01286420412361622	0.01286420412361622	0.03422405570745468	0.1512227803468704	0.1347806602716446	0.0968603640794754	0.092195063829422	0.092195063829422	0.092195063829422	0.05643531307578087	0.03422405570745468	0.1047165244817734	0.1047165244817734	0.02896691672503948	0.1291750222444534	0.1047165244817734	0.03422406315803528	0.01291202288120985	0.01291202288120985	0.01291202288120985	0.007371282670646906	0.02896691672503948	0.007371282670646906	0.02896691672503948	0.007371282670646906	0.04100516811013222	0.06289327144622803	0.07684359699487686	0.06537562608718872	0.005554073490202427	0.009199744090437889	0.01291202288120985	0.01291202288120985	0.1040943711996078	0.01286420412361622	0.01291202288120985	0.01286420412361622	0.02536223456263542	0.02896691672503948	0.02536222897469997	0.02896691672503948	0	0.007371282670646906	0.01286420412361622	0.007371282670646906	0.05574493482708931	0.01286420412361622	0.01291202288120985	0.007371282670646906	0.01291202288120985	0.007371282670646906	0.07341664284467697	0.09555062651634216	0.08639058470726013	0.1047165244817734	0.03422406315803528	0.01286420412361622	0.01286420412361622	0.01286420412361622	0.07420480996370316	0.01291202288120985	0.07684359699487686	0.007371282670646906	0.1002006158232689	0.007371282670646906	0.007371282670646906	0.01286420412361622	0.07394914329051971	0.009199744090437889	0.1047165244817734	0.07987713068723679	0.1047165244817734	0.101393036544323	0.07987713068723679	0.007371282670646906	0.005554073490202427	0.1013930439949036	0.1056433245539665	0.1530669033527374	0.07512421160936356	0.07512421905994415	0.07827844470739365	0.1002006158232689	0.08668515831232071	0.08668515831232071	0.1287692785263062	0.1573915034532547	0.07512421160936356	0.007371282670646906	0.1433621048927307	0.007371282670646906	0.1057775542140007	0.06780071556568146	0.03420579433441162	0.007371282670646906	0.007371282670646906	0.096860371530056	0.06350964307785034	0.007371282670646906	0.02895048819482327	0.04020014777779579	0.05856731161475182	0.1147072538733482	0.02895196713507175	0.03829808905720711	0.04345495253801346	0.03829808905720711	0.007371282670646906	0.1150893568992615	0.139300063252449	0.0347280465066433	0.06350964307785034	0.007371282670646906	0.09684748202562332	0.1555763185024261	0.02896691672503948	0.007371282670646906	0.1047025620937347	0.02895196713507175	0.06979849934577942	0.1001865118741989	0.1001877784729004	0.007371282670646906	0.1047025620937347	0.02896691672503948	0.02536223456263542
S2017t2_E11-T2a-Male	0.003684850875288248	0	0.1238790526986122	0.06859510391950607	0.037590142339468	0	0.003684850875288248	0.1351428478956223	0.003684850875288248	0.04100508242845535	0	0.02181959897279739	0.1195696890354156	0.157441571354866	0.1394043415784836	0.0751241073012352	0	0.149332121014595	0.007371282670646906	0.1231062337756157	0.02181960642337799	0.02181960642337799	0.02181960642337799	0.02534568123519421	0.02181960642337799	0.1073708459734917	0.0751241073012352	0.09219641983509064	0.09685894101858139	0.1013916283845901	0.005554064642637968	0.01291358098387718	0.02714952640235424	0.005554064642637968	0.005554064642637968	0.02714953199028969	0.1453777998685837	0.1287690997123718	0.09685894101858139	0.09219640493392944	0.09219640493392944	0.09219640493392944	0.04960213974118233	0.02714953199028969	0.09839515388011932	0.09839515388011932	0.0218347143381834	0.1231062337756157	0.09839515388011932	0.02714952640235424	0.01291358098387718	0.01291358098387718	0.01291358098387718	0	0.0218347143381834	0	0.0218347143381834	0	0.04100364446640015	0.06289178133010864	0.07022888958454132	0.07204136252403259	0.01286420412361622	0.009198172017931938	0.01291358098387718	0.01291358098387718	0.1040929481387138	0.005554064642637968	0.01291358098387718	0.005554064642637968	0.02536068670451641	0.0218347143381834	0.02536069601774216	0.0218347143381834	0.007371282670646906	0	0.005554064642637968	0	0.04890431091189384	0.005554064642637968	0.01291358098387718	0	0.01291358098387718	0	0.07341517508029938	0.08913343399763107	0.07987701147794724	0.09839515388011932	0.02714952640235424	0.005554064642637968	0.005554064642637968	0.005554064642637968	0.07420617341995239	0.01291358098387718	0.07022888958454132	0	0.0938321053981781	0	0	0.005554064642637968	0.06730365008115768	0.009198172017931938	0.09839514642953873	0.08639058470726013	0.09839514642953873	0.1013916283845901	0.08639058470726013	0	0.01286420412361622	0.1013916283845901	0.1118900030851364	0.15306556224823	0.08168741315603256	0.08168742060661316	0.07827697694301605	0.0938321053981781	0.08668649196624756	0.08668649196624756	0.1347806602716446	0.151608482003212	0.08168741315603256	0	0.1433607488870621	0	0.1057761311531067	0.06779924035072327	0.02713105641305447	0	0	0.09685893356800079	0.05675254389643669	0	0.02181810326874256	0.04019862413406372	0.0517570897936821	0.1147058382630348	0.02181959897279739	0.03126809746026993	0.03648116812109947	0.03126809746026993	0	0.1150879487395287	0.1392987072467804	0.03472651168704033	0.05675254389643669	0	0.09684604406356812	0.1555749773979187	0.0218347143381834	0	0.09838103502988815	0.02181959897279739	0.06979701668024063	0.09381784498691559	0.09381914138793945	0	0.09838103502988815	0.0218347143381834	0.02536068670451641
S2017t2_E11-T2b-Female	0.009198172017931938	0.005554064642637968	0.1189858391880989	0.07341517508029938	0.04273557290434837	0.005554064642637968	0.009198172017931938	0.1393003016710281	0.009198172017931938	0.04611416161060333	0.005554064642637968	0.02713457867503166	0.1238778308033943	0.1613878607749939	0.1345620006322861	0.07987701147794724	0.005554064642637968	0.1533545851707458	0.01286420412361622	0.127379909157753	0.02713458426296711	0.02713458426296711	0.02713458426296711	0.03062251582741737	0.02713458426296711	0.1117988973855972	0.07987701147794724	0.0968615785241127	0.1013916283845901	0.0963728278875351	0	0.007359516806900501	0.02171607315540314	0	0	0.02171608060598373	0.1494376510381699	0.132987916469574	0.1013916283845901	0.0968615710735321	0.0968615710735321	0.0968615710735321	0.05462026223540306	0.02171608060598373	0.09335961192846298	0.09335961192846298	0.02714952640235424	0.127379909157753	0.09335961192846298	0.02171607315540314	0.007359516806900501	0.007359516806900501	0.007359516806900501	0.005554064642637968	0.02714952640235424	0.005554064642637968	0.02714952640235424	0.005554064642637968	0.04611274227499962	0.06777091324329376	0.06503604352474213	0.07684359699487686	0.00733049213886261	0.003664460033178329	0.007359516806900501	0.007359516806900501	0.09908924251794815	0	0.007359516806900501	0	0.0306373592466116	0.02714952640235424	0.03063736483454704	0.02714952640235424	0.01286420412361622	0.005554064642637968	0	0.005554064642637968	0.05392978712916374	0	0.007359516806900501	0.005554064642637968	0.007359516806900501	0.005554064642637968	0.06824012100696564	0.08404616266489029	0.07473804801702499	0.09335961192846298	0.02171607315540314	0	0	0	0.06899698823690414	0.007359516806900501	0.06503604352474213	0.005554064642637968	0.09839514642953873	0.005554064642637968	0.005554064642637968	0	0.06209445744752884	0.003664460033178329	0.09335961192846298	0.0812690481543541	0.09335961192846298	0.0963728278875351	0.0812690481543541	0.005554064642637968	0.00733049213886261	0.0963728129863739	0.1069114208221436	0.1483353674411774	0.08639058470726013	0.08639059960842133	0.08299761265516281	0.09839514642953873	0.08154752105474472	0.08154752105474472	0.1389569491147995	0.1556095033884048	0.08639058470726013	0.005554064642637968	0.1385763436555862	0.005554064642637968	0.1102199777960777	0.06259281933307648	0.03238862380385399	0.005554064642637968	0.005554064642637968	0.1013916283845901	0.05148442834615707	0.005554064642637968	0.02713309787213802	0.04531627520918846	0.05675254389643669	0.1097614020109177	0.02713457867503166	0.03648116812109947	0.03109983541071415	0.03648116812109947	0.005554064642637968	0.1101456508040428	0.1434163749217987	0.03990252688527107	0.05148442834615707	0.005554064642637968	0.1013788655400276	0.1508587896823883	0.02714952640235424	0.005554064642637968	0.09334541112184525	0.02713457867503166	0.07460468262434006	0.09838103502988815	0.09838231652975082	0.005554064642637968	0.09334541112184525	0.02714952640235424	0.0306373592466116
S2017t2_E11-T2b-Male	0.003684850875288248	0	0.1238790526986122	0.06859510391950607	0.037590142339468	0	0.003684850875288248	0.1351428478956223	0.003684850875288248	0.04100508242845535	0	0.02181959897279739	0.1195696890354156	0.157441571354866	0.1394043415784836	0.0751241073012352	0	0.149332121014595	0.007371282670646906	0.1231062337756157	0.02181960642337799	0.02181960642337799	0.02181960642337799	0.02534568123519421	0.02181960642337799	0.1073708459734917	0.0751241073012352	0.09219641983509064	0.09685894101858139	0.1013916283845901	0.005554064642637968	0.01291358098387718	0.02714952640235424	0.005554064642637968	0.005554064642637968	0.02714953199028969	0.1453777998685837	0.1287690997123718	0.09685894101858139	0.09219640493392944	0.09219640493392944	0.09219640493392944	0.04960213974118233	0.02714953199028969	0.09839515388011932	0.09839515388011932	0.0218347143381834	0.1231062337756157	0.09839515388011932	0.02714952640235424	0.01291358098387718	0.01291358098387718	0.01291358098387718	0	0.0218347143381834	0	0.0218347143381834	0	0.04100364446640015	0.06289178133010864	0.07022888958454132	0.07204136252403259	0.01286420412361622	0.009198172017931938	0.01291358098387718	0.01291358098387718	0.1040929481387138	0.005554064642637968	0.01291358098387718	0.005554064642637968	0.02536068670451641	0.0218347143381834	0.02536069601774216	0.0218347143381834	0.007371282670646906	0	0.005554064642637968	0	0.04890431091189384	0.005554064642637968	0.01291358098387718	0	0.01291358098387718	0	0.07341517508029938	0.08913343399763107	0.07987701147794724	0.09839515388011932	0.02714952640235424	0.005554064642637968	0.005554064642637968	0.005554064642637968	0.07420617341995239	0.01291358098387718	0.07022888958454132	0	0.0938321053981781	0	0	0.005554064642637968	0.06730365008115768	0.009198172017931938	0.09839514642953873	0.08639058470726013	0.09839514642953873	0.1013916283845901	0.08639058470726013	0	0.01286420412361622	0.1013916283845901	0.1118900030851364	0.15306556224823	0.08168741315603256	0.08168742060661316	0.07827697694301605	0.0938321053981781	0.08668649196624756	0.08668649196624756	0.1347806602716446	0.151608482003212	0.08168741315603256	0	0.1433607488870621	0	0.1057761311531067	0.06779924035072327	0.02713105641305447	0	0	0.09685893356800079	0.05675254389643669	0	0.02181810326874256	0.04019862413406372	0.0517570897936821	0.1147058382630348	0.02181959897279739	0.03126809746026993	0.03648116812109947	0.03126809746026993	0	0.1150879487395287	0.1392987072467804	0.03472651168704033	0.05675254389643669	0	0.09684604406356812	0.1555749773979187	0.0218347143381834	0	0.09838103502988815	0.02181959897279739	0.06979701668024063	0.09381784498691559	0.09381914138793945	0	0.09838103502988815	0.0218347143381834	0.02536068670451641
S2017t2_E13-T2a-Female	0.05223817005753517	0.04890431091189384	0.1530238091945648	0.1111631318926811	0.04290861263871193	0.04890431091189384	0.05223817005753517	0.1375408470630646	0.05223817005753517	0.04621248692274094	0.04890431091189384	0.05859459936618805	0.1490194797515869	0.1592455953359604	0.1761329919099808	0.1171108856797218	0.04890431091189384	0.1849813908338547	0.05574493482708931	0.1258362233638763	0.05859459936618805	0.05859459936618805	0.05859459936618805	0.06184295564889908	0.05859459936618805	0.1105469390749931	0.1171108856797218	0.1334081590175629	0.1003406271338463	0.1047407910227776	0.05392978712916374	0.06093128025531769	0.03281150758266449	0.05392978712916374	0.05392978712916374	0.03281150013208389	0.1730237007141113	0.1661248505115509	0.1003406271338463	0.1334081441164017	0.1334081441164017	0.1334081441164017	0.05453275516629219	0.03281150013208389	0.1018318086862564	0.1018318086862564	0.02767385169863701	0.1258362233638763	0.1018318086862564	0.03281150758266449	0.06093128025531769	0.06093128025531769	0.06093128025531769	0.04890431091189384	0.02767385169863701	0.04890431091189384	0.02767385169863701	0.04890431091189384	0.04621110111474991	0.06740254908800125	0.1126511171460152	0.1144518777728081	0.06071687489748001	0.05722856894135475	0.06093128025531769	0.06093128025531769	0.1435468345880508	0.05392978712916374	0.06093128025531769	0.05392978712916374	0.03108212538063526	0.02767385169863701	0.03108211793005466	0.02767385169863701	0.05574493482708931	0.04890431091189384	0.05392978712916374	0.04890431091189384	0	0.05392978712916374	0.06093128025531769	0.04890431091189384	0.06093128025531769	0.04890431091189384	0.1155537143349648	0.09284362196922302	0.1214430555701256	0.1018318235874176	0.03281150758266449	0.05392978712916374	0.05392978712916374	0.05392978712916374	0.1165737211704254	0.06093128025531769	0.1126511171460152	0.04890431091189384	0.09740294516086578	0.04890431091189384	0.04890431091189384	0.05392978712916374	0.1099870875477791	0.05722856894135475	0.101831816136837	0.1275287121534348	0.101831816136837	0.1047407910227776	0.1275287121534348	0.04890431091189384	0.06071687489748001	0.1047407910227776	0.1508127152919769	0.1884090900421143	0.1232405379414558	0.123240552842617	0.119984433054924	0.09740294516086578	0.1279449015855789	0.1279449015855789	0.1717645674943924	0.1870711892843246	0.1232405379414558	0.04890431091189384	0.1455366611480713	0.04890431091189384	0.1089981943368912	0.07215742021799088	0.06348809599876404	0.04890431091189384	0.04890431091189384	0.1003406345844269	0.09082050621509552	0.04890431091189384	0.05859322845935822	0.08533892780542374	0.0862061083316803	0.1176723018288612	0.05859459936618805	0.07723221927881241	0.08196353167295456	0.07723221927881241	0.04890431091189384	0.1448565423488617	0.1415839195251465	0.08037076145410538	0.09082050621509552	0.04890431091189384	0.1279292553663254	0.1574276834726334	0.02767385169863701	0.04890431091189384	0.1293525695800781	0.05859459936618805	0.07409344613552094	0.1251219213008881	0.1251230984926224	0.04890431091189384	0.1293525695800781	0.02767385169863701	0.03108212538063526
S2017t2_E13-T2b-Female	0.009198172017931938	0.005554064642637968	0.1189858391880989	0.07341517508029938	0.04273557290434837	0.005554064642637968	0.009198172017931938	0.1393003016710281	0.009198172017931938	0.04611416161060333	0.005554064642637968	0.02713457867503166	0.1238778308033943	0.1613878607749939	0.1345620006322861	0.07987701147794724	0.005554064642637968	0.1533545851707458	0.01286420412361622	0.127379909157753	0.02713458426296711	0.02713458426296711	0.02713458426296711	0.03062251582741737	0.02713458426296711	0.1117988973855972	0.07987701147794724	0.0968615785241127	0.1013916283845901	0.0963728278875351	0	0.007359516806900501	0.02171607315540314	0	0	0.02171608060598373	0.1494376510381699	0.132987916469574	0.1013916283845901	0.0968615710735321	0.0968615710735321	0.0968615710735321	0.05462026223540306	0.02171608060598373	0.09335961192846298	0.09335961192846298	0.02714952640235424	0.127379909157753	0.09335961192846298	0.02171607315540314	0.007359516806900501	0.007359516806900501	0.007359516806900501	0.005554064642637968	0.02714952640235424	0.005554064642637968	0.02714952640235424	0.005554064642637968	0.04611274227499962	0.06777091324329376	0.06503604352474213	0.07684359699487686	0.00733049213886261	0.003664460033178329	0.007359516806900501	0.007359516806900501	0.09908924251794815	0	0.007359516806900501	0	0.0306373592466116	0.02714952640235424	0.03063736483454704	0.02714952640235424	0.01286420412361622	0.005554064642637968	0	0.005554064642637968	0.05392978712916374	0	0.007359516806900501	0.005554064642637968	0.007359516806900501	0.005554064642637968	0.06824012100696564	0.08404616266489029	0.07473804801702499	0.09335961192846298	0.02171607315540314	0	0	0	0.06899698823690414	0.007359516806900501	0.06503604352474213	0.005554064642637968	0.09839514642953873	0.005554064642637968	0.005554064642637968	0	0.06209445744752884	0.003664460033178329	0.09335961192846298	0.0812690481543541	0.09335961192846298	0.0963728278875351	0.0812690481543541	0.005554064642637968	0.00733049213886261	0.0963728129863739	0.1069114208221436	0.1483353674411774	0.08639058470726013	0.08639059960842133	0.08299761265516281	0.09839514642953873	0.08154752105474472	0.08154752105474472	0.1389569491147995	0.1556095033884048	0.08639058470726013	0.005554064642637968	0.1385763436555862	0.005554064642637968	0.1102199777960777	0.06259281933307648	0.03238862380385399	0.005554064642637968	0.005554064642637968	0.1013916283845901	0.05148442834615707	0.005554064642637968	0.02713309787213802	0.04531627520918846	0.05675254389643669	0.1097614020109177	0.02713457867503166	0.03648116812109947	0.03109983541071415	0.03648116812109947	0.005554064642637968	0.1101456508040428	0.1434163749217987	0.03990252688527107	0.05148442834615707	0.005554064642637968	0.1013788655400276	0.1508587896823883	0.02714952640235424	0.005554064642637968	0.09334541112184525	0.02713457867503166	0.07460468262434006	0.09838103502988815	0.09838231652975082	0.005554064642637968	0.09334541112184525	0.02714952640235424	0.0306373592466116
S2017t2_E14-T2a-Female	0.01653071865439415	0.01291358098387718	0.1254696696996689	0.08027247339487076	0.04981992021203041	0.01291358098387718	0.01653071865439415	0.145670011639595	0.01653071865439415	0.05317350476980209	0.01291358098387718	0.03433438390493393	0.1303616911172867	0.1675941050052643	0.1289731115102768	0.08668649196624756	0.01291358098387718	0.1596202850341797	0.01291202288120985	0.1338378340005875	0.03433438017964363	0.03433438017964363	0.03433438017964363	0.0377965085208416	0.03433438017964363	0.1183721199631691	0.08668649196624756	0.09066951274871826	0.1080418676137924	0.103023074567318	0.007359516806900501	0	0.0289157722145319	0.007359516806900501	0.007359516806900501	0.0289157647639513	0.1557323336601257	0.1394043415784836	0.1080418676137924	0.09066949784755707	0.09066949784755707	0.09066949784755707	0.06161664798855782	0.0289157647639513	0.1000320315361023	0.1000320315361023	0.0343492217361927	0.1338378340005875	0.1000320315361023	0.0289157722145319	0	0	0	0.01291358098387718	0.0343492217361927	0.01291358098387718	0.0343492217361927	0.01291358098387718	0.05317209288477898	0.07466998696327209	0.07191693037748337	0.07710841298103333	0.007357949856668711	0.01099700760096312	0	0	0.1057194992899895	0.007359516806900501	0	0.007359516806900501	0.03781124204397202	0.0343492217361927	0.03781123459339142	0.0343492217361927	0.01291202288120985	0.01291358098387718	0.007359516806900501	0.01291358098387718	0.06093128025531769	0.007359516806900501	0	0.01291358098387718	0	0.01291358098387718	0.07509741932153702	0.0907871425151825	0.08154752105474472	0.1000320538878441	0.0289157722145319	0.007359516806900501	0.007359516806900501	0.007359516806900501	0.06252604722976685	0	0.07191693037748337	0.01291358098387718	0.1050675809383392	0.01291358098387718	0.01291358098387718	0.007359516806900501	0.06899698823690414	0.01099700760096312	0.1000320464372635	0.08154618740081787	0.1000320464372635	0.103023074567318	0.08154618740081787	0.01291358098387718	0.007357949856668711	0.103023074567318	0.1072656512260437	0.1546031981706619	0.08668515831232071	0.08668516576290131	0.08978399634361267	0.1050675809383392	0.07525046169757843	0.07525046169757843	0.1394031345844269	0.1618585139513016	0.08668515831232071	0.01291358098387718	0.1449160128831863	0.01291358098387718	0.1168048977851868	0.0694916769862175	0.03954955190420151	0.01291358098387718	0.01291358098387718	0.1080418825149536	0.05846504494547844	0.01291358098387718	0.03433291614055634	0.05238152295351028	0.06373316049575806	0.1163131296634674	0.03433438390493393	0.0436118096113205	0.03823047503829002	0.0436118096113205	0.01291358098387718	0.1166945397853851	0.1497556269168854	0.04700784385204315	0.05846504494547844	0.01291358098387718	0.1080292090773582	0.1571080535650253	0.0343492217361927	0.01291358098387718	0.1000179573893547	0.03433438390493393	0.08145318925380707	0.1050535812973976	0.1050548329949379	0.01291358098387718	0.1000179573893547	0.0343492217361927	0.03781124204397202
S2017t2_E14-T2a-Male	0.003684850875288248	0	0.1238790526986122	0.06859510391950607	0.037590142339468	0	0.003684850875288248	0.1351428478956223	0.003684850875288248	0.04100508242845535	0	0.02181959897279739	0.1195696890354156	0.157441571354866	0.1394043415784836	0.0751241073012352	0	0.149332121014595	0.007371282670646906	0.1231062337756157	0.02181960642337799	0.02181960642337799	0.02181960642337799	0.02534568123519421	0.02181960642337799	0.1073708459734917	0.0751241073012352	0.09219641983509064	0.09685894101858139	0.1013916283845901	0.005554064642637968	0.01291358098387718	0.02714952640235424	0.005554064642637968	0.005554064642637968	0.02714953199028969	0.1453777998685837	0.1287690997123718	0.09685894101858139	0.09219640493392944	0.09219640493392944	0.09219640493392944	0.04960213974118233	0.02714953199028969	0.09839515388011932	0.09839515388011932	0.0218347143381834	0.1231062337756157	0.09839515388011932	0.02714952640235424	0.01291358098387718	0.01291358098387718	0.01291358098387718	0	0.0218347143381834	0	0.0218347143381834	0	0.04100364446640015	0.06289178133010864	0.07022888958454132	0.07204136252403259	0.01286420412361622	0.009198172017931938	0.01291358098387718	0.01291358098387718	0.1040929481387138	0.005554064642637968	0.01291358098387718	0.005554064642637968	0.02536068670451641	0.0218347143381834	0.02536069601774216	0.0218347143381834	0.007371282670646906	0	0.005554064642637968	0	0.04890431091189384	0.005554064642637968	0.01291358098387718	0	0.01291358098387718	0	0.07341517508029938	0.08913343399763107	0.07987701147794724	0.09839515388011932	0.02714952640235424	0.005554064642637968	0.005554064642637968	0.005554064642637968	0.07420617341995239	0.01291358098387718	0.07022888958454132	0	0.0938321053981781	0	0	0.005554064642637968	0.06730365008115768	0.009198172017931938	0.09839514642953873	0.08639058470726013	0.09839514642953873	0.1013916283845901	0.08639058470726013	0	0.01286420412361622	0.1013916283845901	0.1118900030851364	0.15306556224823	0.08168741315603256	0.08168742060661316	0.07827697694301605	0.0938321053981781	0.08668649196624756	0.08668649196624756	0.1347806602716446	0.151608482003212	0.08168741315603256	0	0.1433607488870621	0	0.1057761311531067	0.06779924035072327	0.02713105641305447	0	0	0.09685893356800079	0.05675254389643669	0	0.02181810326874256	0.04019862413406372	0.0517570897936821	0.1147058382630348	0.02181959897279739	0.03126809746026993	0.03648116812109947	0.03126809746026993	0	0.1150879487395287	0.1392987072467804	0.03472651168704033	0.05675254389643669	0	0.09684604406356812	0.1555749773979187	0.0218347143381834	0	0.09838103502988815	0.02181959897279739	0.06979701668024063	0.09381784498691559	0.09381914138793945	0	0.09838103502988815	0.0218347143381834	0.02536068670451641
S2017t2_E14-T2b-Female	0.01653071865439415	0.01291358098387718	0.1254696696996689	0.08027247339487076	0.04981992021203041	0.01291358098387718	0.01653071865439415	0.145670011639595	0.01653071865439415	0.05317350476980209	0.01291358098387718	0.03433438390493393	0.1303616911172867	0.1675941050052643	0.1289731115102768	0.08668649196624756	0.01291358098387718	0.1596202850341797	0.01291202288120985	0.1338378340005875	0.03433438017964363	0.03433438017964363	0.03433438017964363	0.0377965085208416	0.03433438017964363	0.1183721199631691	0.08668649196624756	0.09066951274871826	0.1080418676137924	0.103023074567318	0.007359516806900501	0	0.0289157722145319	0.007359516806900501	0.007359516806900501	0.0289157647639513	0.1557323336601257	0.1394043415784836	0.1080418676137924	0.09066949784755707	0.09066949784755707	0.09066949784755707	0.06161664798855782	0.0289157647639513	0.1000320315361023	0.1000320315361023	0.0343492217361927	0.1338378340005875	0.1000320315361023	0.0289157722145319	0	0	0	0.01291358098387718	0.0343492217361927	0.01291358098387718	0.0343492217361927	0.01291358098387718	0.05317209288477898	0.07466998696327209	0.07191693037748337	0.07710841298103333	0.007357949856668711	0.01099700760096312	0	0	0.1057194992899895	0.007359516806900501	0	0.007359516806900501	0.03781124204397202	0.0343492217361927	0.03781123459339142	0.0343492217361927	0.01291202288120985	0.01291358098387718	0.007359516806900501	0.01291358098387718	0.06093128025531769	0.007359516806900501	0	0.01291358098387718	0	0.01291358098387718	0.07509741932153702	0.0907871425151825	0.08154752105474472	0.1000320538878441	0.0289157722145319	0.007359516806900501	0.007359516806900501	0.007359516806900501	0.06252604722976685	0	0.07191693037748337	0.01291358098387718	0.1050675809383392	0.01291358098387718	0.01291358098387718	0.007359516806900501	0.06899698823690414	0.01099700760096312	0.1000320464372635	0.08154618740081787	0.1000320464372635	0.103023074567318	0.08154618740081787	0.01291358098387718	0.007357949856668711	0.103023074567318	0.1072656512260437	0.1546031981706619	0.08668515831232071	0.08668516576290131	0.08978399634361267	0.1050675809383392	0.07525046169757843	0.07525046169757843	0.1394031345844269	0.1618585139513016	0.08668515831232071	0.01291358098387718	0.1449160128831863	0.01291358098387718	0.1168048977851868	0.0694916769862175	0.03954955190420151	0.01291358098387718	0.01291358098387718	0.1080418825149536	0.05846504494547844	0.01291358098387718	0.03433291614055634	0.05238152295351028	0.06373316049575806	0.1163131296634674	0.03433438390493393	0.0436118096113205	0.03823047503829002	0.0436118096113205	0.01291358098387718	0.1166945397853851	0.1497556269168854	0.04700784385204315	0.05846504494547844	0.01291358098387718	0.1080292090773582	0.1571080535650253	0.0343492217361927	0.01291358098387718	0.1000179573893547	0.03433438390493393	0.08145318925380707	0.1050535812973976	0.1050548329949379	0.01291358098387718	0.1000179573893547	0.0343492217361927	0.03781124204397202
S2017t2_E14-T2b-Male	0.003684850875288248	0	0.1238790526986122	0.06859510391950607	0.037590142339468	0	0.003684850875288248	0.1351428478956223	0.003684850875288248	0.04100508242845535	0	0.02181959897279739	0.1195696890354156	0.157441571354866	0.1394043415784836	0.0751241073012352	0	0.149332121014595	0.007371282670646906	0.1231062337756157	0.02181960642337799	0.02181960642337799	0.02181960642337799	0.02534568123519421	0.02181960642337799	0.1073708459734917	0.0751241073012352	0.09219641983509064	0.09685894101858139	0.1013916283845901	0.005554064642637968	0.01291358098387718	0.02714952640235424	0.005554064642637968	0.005554064642637968	0.02714953199028969	0.1453777998685837	0.1287690997123718	0.09685894101858139	0.09219640493392944	0.09219640493392944	0.09219640493392944	0.04960213974118233	0.02714953199028969	0.09839515388011932	0.09839515388011932	0.0218347143381834	0.1231062337756157	0.09839515388011932	0.02714952640235424	0.01291358098387718	0.01291358098387718	0.01291358098387718	0	0.0218347143381834	0	0.0218347143381834	0	0.04100364446640015	0.06289178133010864	0.07022888958454132	0.07204136252403259	0.01286420412361622	0.009198172017931938	0.01291358098387718	0.01291358098387718	0.1040929481387138	0.005554064642637968	0.01291358098387718	0.005554064642637968	0.02536068670451641	0.0218347143381834	0.02536069601774216	0.0218347143381834	0.007371282670646906	0	0.005554064642637968	0	0.04890431091189384	0.005554064642637968	0.01291358098387718	0	0.01291358098387718	0	0.07341517508029938	0.08913343399763107	0.07987701147794724	0.09839515388011932	0.02714952640235424	0.005554064642637968	0.005554064642637968	0.005554064642637968	0.07420617341995239	0.01291358098387718	0.07022888958454132	0	0.0938321053981781	0	0	0.005554064642637968	0.06730365008115768	0.009198172017931938	0.09839514642953873	0.08639058470726013	0.09839514642953873	0.1013916283845901	0.08639058470726013	0	0.01286420412361622	0.1013916283845901	0.1118900030851364	0.15306556224823	0.08168741315603256	0.08168742060661316	0.07827697694301605	0.0938321053981781	0.08668649196624756	0.08668649196624756	0.1347806602716446	0.151608482003212	0.08168741315603256	0	0.1433607488870621	0	0.1057761311531067	0.06779924035072327	0.02713105641305447	0	0	0.09685893356800079	0.05675254389643669	0	0.02181810326874256	0.04019862413406372	0.0517570897936821	0.1147058382630348	0.02181959897279739	0.03126809746026993	0.03648116812109947	0.03126809746026993	0	0.1150879487395287	0.1392987072467804	0.03472651168704033	0.05675254389643669	0	0.09684604406356812	0.1555749773979187	0.0218347143381834	0	0.09838103502988815	0.02181959897279739	0.06979701668024063	0.09381784498691559	0.09381914138793945	0	0.09838103502988815	0.0218347143381834	0.02536068670451641
S2017t2_E16-T2a-Female	0.06998821347951889	0.07341517508029938	0.06074601784348488	0.005175054538995028	0.1057778596878052	0.07341517508029938	0.06998821347951889	0.07591242343187332	0.06998821347951889	0.1024718582630157	0.07341517508029938	0.09217865765094757	0.06562213599681854	0.105502612888813	0.0768759697675705	0.01885474473237991	0.07341517508029938	0.09696074575185776	0.07341664284467697	0.1800731420516968	0.09217867255210876	0.09217867255210876	0.09217867255210876	0.08882109820842743	0.09217867255210876	0.05278222635388374	0.01885474473237991	0.03578171133995056	0.03521189466118813	0.03019309230148792	0.06824012100696564	0.07509741932153702	0.08712149411439896	0.06824012100696564	0.06824012100696564	0.08712150156497955	0.09279602020978928	0.07530691474676132	0.03521189466118813	0.03578170388936996	0.03578170388936996	0.03578170388936996	0.1161571964621544	0.08712150156497955	0.03351657837629318	0.03351657837629318	0.09219168126583099	0.1800731420516968	0.03351657837629318	0.08712149411439896	0.07509741932153702	0.07509741932153702	0.07509741932153702	0.07341517508029938	0.09219168126583099	0.07341517508029938	0.09219168126583099	0.07341517508029938	0.1024705991148949	0.1216016635298729	0.003426954615861177	0.008603478781878948	0.06824158877134323	0.06481315940618515	0.07509741932153702	0.07509741932153702	0.1490994095802307	0.06824012100696564	0.07509741932153702	0.06824012100696564	0.08883416652679443	0.09219168126583099	0.08883417397737503	0.09219168126583099	0.07341664284467697	0.07341517508029938	0.06824012100696564	0.07341517508029938	0.1155537143349648	0.06824012100696564	0.07509741932153702	0.07341517508029938	0.07509741932153702	0.07341517508029938	0	0.0236217062920332	0.0137332072481513	0.03351655974984169	0.08712149411439896	0.06824012100696564	0.06824012100696564	0.06824012100696564	0.1288373470306396	0.07509741932153702	0.003426954615861177	0.07341517508029938	0.03853537514805794	0.07341517508029938	0.07341517508029938	0.06824012100696564	0.1223784685134888	0.06481315940618515	0.03351657092571259	0.01373466290533543	0.03351657092571259	0.03019309230148792	0.01373466290533543	0.07341517508029938	0.06824158877134323	0.03019308485090733	0.1562260836362839	0.08596125245094299	0.01885619945824146	0.01885619200766087	0.01546323020011187	0.03853537514805794	0.02051959373056889	0.02051959373056889	0.07530828565359116	0.09935837984085083	0.01885619945824146	0.07341517508029938	0.07548750936985016	0.07341517508029938	0.04469041898846626	0.05614880844950676	0.09675528854131699	0.07341517508029938	0.07341517508029938	0.03521189093589783	0.1130952760577202	0.07341517508029938	0.0921773687005043	0.1017680987715721	0.1180212125182152	0.04456222802400589	0.09217865765094757	0.1003224551677704	0.0952976867556572	0.1003224551677704	0.07341517508029938	0.04497458785772324	0.08033163100481033	0.0969950258731842	0.1130952760577202	0.07341517508029938	0.03519819676876068	0.08866950124502182	0.09219168126583099	0.07341517508029938	0.03350149467587471	0.09217865765094757	0.127649337053299	0.03852037712931633	0.03852172195911407	0.07341517508029938	0.03350149467587471	0.09219168126583099	0.08883416652679443
S2017t2_E16-T2a-Male	0.09219168126583099	0.08913343399763107	0.06652555614709854	0.02869189530611038	0.08278346061706543	0.08913343399763107	0.09219168126583099	0.05988307669758797	0.09219168126583099	0.08581821620464325	0.08913343399763107	0.09781587868928909	0.071346715092659	0.08400867134332657	0.09149857610464096	0.03532930836081505	0.08913343399763107	0.1109354123473167	0.09555062651634216	0.1592210084199905	0.09781588613986969	0.09781588613986969	0.09781588613986969	0.1007996425032616	0.09781588613986969	0.02984410524368286	0.03532930836081505	0.05197204649448395	0.01847654581069946	0.01345774158835411	0.08404616266489029	0.0907871425151825	0.06371369957923889	0.08404616266489029	0.08404616266489029	0.06371370702981949	0.09805843234062195	0.08995436877012253	0.01847654581069946	0.05197204649448395	0.05197204649448395	0.05197204649448395	0.09346462786197662	0.06371370702981949	0.01016805320978165	0.01016805320978165	0.06880096346139908	0.1592210084199905	0.01016805320978165	0.06371369957923889	0.0907871425151825	0.0907871425151825	0.0907871425151825	0.08913343399763107	0.06880096346139908	0.08913343399763107	0.06880096346139908	0.08913343399763107	0.08581693470478058	0.1053029745817184	0.0203324630856514	0.03205084428191185	0.09048044681549072	0.08712149411439896	0.0907871425151825	0.0907871425151825	0.1678773611783981	0.08404616266489029	0.0907871425151825	0.08404616266489029	0.07192748039960861	0.06880096346139908	0.07192748785018921	0.06880096346139908	0.09555062651634216	0.08913343399763107	0.08404616266489029	0.08913343399763107	0.09284362196922302	0.08404616266489029	0.0907871425151825	0.08913343399763107	0.0907871425151825	0.08913343399763107	0.0236217062920332	0	0.03029376640915871	0.01016803830862045	0.06371369957923889	0.08404616266489029	0.08404616266489029	0.08404616266489029	0.1427705138921738	0.0907871425151825	0.0203324630856514	0.08913343399763107	0.01520358491688967	0.08913343399763107	0.08913343399763107	0.08404616266489029	0.1364149451255798	0.08712149411439896	0.01016804575920105	0.03684147819876671	0.01016804575920105	0.01345774158835411	0.03684147819876671	0.08913343399763107	0.09048044681549072	0.01345773506909609	0.1747858822345734	0.1059951111674309	0.04186028242111206	0.04186027497053146	0.03853537514805794	0.01520358491688967	0.03696620091795921	0.03696620091795921	0.09594539552927017	0.1132595017552376	0.04186028242111206	0.08913343399763107	0.05953378602862358	0.08913343399763107	0.02811948023736477	0.03932622820138931	0.1023110821843147	0.08913343399763107	0.08913343399763107	0.01847654022276402	0.1183357536792755	0.08913343399763107	0.09781461954116821	0.1226052641868591	0.1232056096196175	0.02807483822107315	0.09781587868928909	0.1151483803987503	0.1102064102888107	0.1151483803987503	0.08913343399763107	0.05729580670595169	0.06437893211841583	0.1180346980690956	0.1183357536792755	0.08913343399763107	0.04785246029496193	0.07294324040412903	0.06880096346139908	0.08913343399763107	0.03976265341043472	0.09781587868928909	0.1114628836512566	0.04472333565354347	0.04472465813159943	0.08913343399763107	0.03976265341043472	0.06880096346139908	0.07192748039960861
S2017t2_E16-T2b-Female	0.08299761265516281	0.07987701147794724	0.04782190918922424	0.01885474473237991	0.1117976531386375	0.07987701147794724	0.08299761265516281	0.0693889781832695	0.08299761265516281	0.1147070750594139	0.07987701147794724	0.09838231652975082	0.05271380767226219	0.09327062964439392	0.06413794308900833	0.005138964857906103	0.07987701147794724	0.08458483219146729	0.08639058470726013	0.1851370334625244	0.09838231652975082	0.09838231652975082	0.09838231652975082	0.1013788655400276	0.09838231652975082	0.03965374454855919	0.005138964857906103	0.0221235379576683	0.02840113081037998	0.02338232658803463	0.07473804801702499	0.08154752105474472	0.09335961192846298	0.07473804801702499	0.07473804801702499	0.09335961192846298	0.08034974336624146	0.06256385892629623	0.02840113081037998	0.02212353050708771	0.02212353050708771	0.02212353050708771	0.1220385283231735	0.09335961192846298	0.0201257299631834	0.0201257299631834	0.09839514642953873	0.1851370334625244	0.0201257299631834	0.09335961192846298	0.08154752105474472	0.08154752105474472	0.08154752105474472	0.07987701147794724	0.09839514642953873	0.07987701147794724	0.09839514642953873	0.07987701147794724	0.1147058382630348	0.1333916783332825	0.01037688832730055	0.02224771305918694	0.0812690481543541	0.07787608355283737	0.08154752105474472	0.08154752105474472	0.1602022349834442	0.07473804801702499	0.08154752105474472	0.07473804801702499	0.1013916283845901	0.09839514642953873	0.1013916283845901	0.09839514642953873	0.08639058470726013	0.07987701147794724	0.07473804801702499	0.07987701147794724	0.1214430555701256	0.07473804801702499	0.08154752105474472	0.07987701147794724	0.08154752105474472	0.07987701147794724	0.0137332072481513	0.03029376640915871	0	0.0201257299631834	0.09335961192846298	0.07473804801702499	0.07473804801702499	0.07473804801702499	0.1345620006322861	0.08154752105474472	0.01037688832730055	0.07987701147794724	0.025161262601614	0.07987701147794724	0.07987701147794724	0.07473804801702499	0.1281455755233765	0.07787608355283737	0.02012572251260281	0.006784483324736357	0.02012572251260281	0.02338232658803463	0.006784483324736357	0.07987701147794724	0.0812690481543541	0.02338231913745403	0.16721011698246	0.0795421376824379	0.01190601848065853	0.01190602593123913	0.008513050153851509	0.025161262601614	0.006809480953961611	0.006809480953961611	0.06875799596309662	0.08702290803194046	0.01190601848065853	0.07987701147794724	0.06899483501911163	0.07987701147794724	0.05743955075740814	0.06897404789924622	0.1028967648744583	0.07987701147794724	0.07987701147794724	0.02840112522244453	0.1189846098423004	0.07987701147794724	0.09838103502988815	0.1140198409557343	0.1238778308033943	0.03785237297415733	0.09838231652975082	0.1064156889915466	0.1014249473810196	0.1064156889915466	0.07987701147794724	0.03826764598488808	0.07383938878774643	0.1093591675162315	0.1189846098423004	0.07987701147794724	0.02838733233511448	0.08226940035820007	0.09839514642953873	0.07987701147794724	0.02011038549244404	0.09838231652975082	0.1393003016710281	0.02514600567519665	0.02514738589525223	0.07987701147794724	0.02011038549244404	0.09839514642953873	0.1013916283845901
S2017t2_E16-T2b-Male	0.1013916283845901	0.09839515388011932	0.05678784847259521	0.03853536769747734	0.09197111427783966	0.09839515388011932	0.1013916283845901	0.05017635598778725	0.1013916283845901	0.09494546800851822	0.09839515388011932	0.1068529412150383	0.06160899996757507	0.07455103844404221	0.08190631121397018	0.0251612700521946	0.09839515388011932	0.1015642955899239	0.1047165244817734	0.1669475883245468	0.1068529486656189	0.1068529486656189	0.1068529486656189	0.1097773090004921	0.1068529486656189	0.01982722990214825	0.0251612700521946	0.04180401191115379	0.008342301473021507	0.00332349818199873	0.09335961192846298	0.1000320538878441	0.07323389500379562	0.09335961192846298	0.09335961192846298	0.07323390245437622	0.08860080689191818	0.08036209642887115	0.008342301473021507	0.0418040044605732	0.0418040044605732	0.0418040044605732	0.1024405956268311	0.07323390245437622	1.428056695118585e-08	1.428056695118585e-08	0.07826942950487137	0.1669475883245468	1.428056695118585e-08	0.07323389500379562	0.1000320538878441	0.1000320538878441	0.1000320538878441	0.09839515388011932	0.07826942950487137	0.09839515388011932	0.07826942950487137	0.09839515388011932	0.09494422376155853	0.1140471696853638	0.03029375895857811	0.04186027497053146	0.09969773143529892	0.0963728204369545	0.1000320538878441	0.1000320538878441	0.1755711883306503	0.09335961192846298	0.1000320538878441	0.09335961192846298	0.08133278787136078	0.07826942950487137	0.08133279532194138	0.07826942950487137	0.1047165244817734	0.09839515388011932	0.09335961192846298	0.09839515388011932	0.1018318235874176	0.09335961192846298	0.1000320538878441	0.09839515388011932	0.1000320538878441	0.09839515388011932	0.03351655974984169	0.01016803830862045	0.0201257299631834	0	0.07323389500379562	0.09335961192846298	0.09335961192846298	0.09335961192846298	0.1509932726621628	0.1000320538878441	0.03029375895857811	0.09839515388011932	0.005035546142607927	0.09839515388011932	0.09839515388011932	0.09335961192846298	0.1446986645460129	0.0963728204369545	7.140283475592923e-09	0.0267072357237339	7.140283475592923e-09	0.00332349818199873	0.0267072357237339	0.09839515388011932	0.09969773143529892	0.00332349119707942	0.1823807507753372	0.09662085026502609	0.03172603994607925	0.03172602877020836	0.02840113081037998	0.005035546142607927	0.02679816447198391	0.02679816447198391	0.08638320863246918	0.1039128825068474	0.03172603994607925	0.09839515388011932	0.04987285286188126	0.09839515388011932	0.03777509927749634	0.04901399090886116	0.1112587600946426	0.09839515388011932	0.09839515388011932	0.008342294953763485	0.126921147108078	0.09839515388011932	0.106851689517498	0.1312020123004913	0.1317435801029205	0.018090745434165	0.1068529412150383	0.1238911524415016	0.1189980208873749	0.1238911524415016	0.09839515388011932	0.04746181890368462	0.05471863225102425	0.1267208158969879	0.126921147108078	0.09839515388011932	0.03786838427186012	0.06342005729675293	0.07826942950487137	0.09839515388011932	0.02974576503038406	0.1068529412150383	0.1200876757502556	0.03470645099878311	0.03470778465270996	0.09839515388011932	0.02974576503038406	0.07826942950487137	0.08133278787136078
S2017t2_E17-T2a-Female	0.0306373592466116	0.02714952640235424	0.1269223392009735	0.09219168126583099	0.02136741206049919	0.02714952640235424	0.0306373592466116	0.120087668299675	0.0306373592466116	0.02482141554355621	0.02714952640235424	0.03740647807717323	0.1317435801029205	0.1426682770252228	0.150993287563324	0.09839514642953873	0.02714952640235424	0.1690584868192673	0.03422406315803528	0.1079011857509613	0.03740648552775383	0.03740648552775383	0.03740648552775383	0.04080243781208992	0.03740648552775383	0.09197237342596054	0.09839514642953873	0.1150378957390785	0.08133279532194138	0.07631398737430573	0.02171607315540314	0.0289157722145319	0	0.02171607315540314	0.02171607315540314	7.704515248008192e-09	0.1567180454730988	0.1494490802288055	0.08133279532194138	0.1150378882884979	0.1150378882884979	0.1150378882884979	0.03351739421486855	7.704515248008192e-09	0.07323389500379562	0.07323389500379562	0.005433451849967241	0.1079011857509613	0.07323389500379562	0	0.0289157722145319	0.0289157722145319	0.0289157722145319	0.02714952640235424	0.005433451849967241	0.02714952640235424	0.005433451849967241	0.02714952640235424	0.02481996268033981	0.04696159437298775	0.08404616266489029	0.09555062651634216	0.02881009131669998	0.02522338554263115	0.0289157722145319	0.0289157722145319	0.1167528927326202	0.02171607315540314	0.0289157722145319	0.02171607315540314	0.008999140001833439	0.005433451849967241	0.008999147452414036	0.005433451849967241	0.03422406315803528	0.02714952640235424	0.02171607315540314	0.02714952640235424	0.03281150758266449	0.02171607315540314	0.0289157722145319	0.02714952640235424	0.0289157722145319	0.02714952640235424	0.08712149411439896	0.06371369957923889	0.09335961192846298	0.07323389500379562	0	0.02171607315540314	0.02171607315540314	0.02171607315540314	0.08798491209745407	0.0289157722145319	0.08404616266489029	0.02714952640235424	0.07826942205429077	0.02714952640235424	0.02714952640235424	0.02171607315540314	0.08122316002845764	0.02522338554263115	0.07323388755321503	0.09969772398471832	0.07323388755321503	0.07631398737430573	0.09969772398471832	0.02714952640235424	0.02881009131669998	0.07631397992372513	0.124335490167141	0.1641376316547394	0.1047165244817734	0.1047165244817734	0.1013916283845901	0.07826942205429077	0.1000320464372635	0.1000320464372635	0.1552535444498062	0.1712306141853333	0.1047165244817734	0.02714952640235424	0.1194543465971947	0.02714952640235424	0.09035820513963699	0.0417841300368309	0.0425221212208271	0.02714952640235424	0.02714952640235424	0.08133278787136078	0.06106967106461525	0.02714952640235424	0.03740504011511803	0.06523659825325012	0.06625582277774811	0.08999976515769958	0.03740647807717323	0.05676798895001411	0.05149995908141136	0.05676798895001411	0.02714952640235424	0.1182897686958313	0.1242956221103668	0.06004703789949417	0.06106967106461525	0.02714952640235424	0.1097773164510727	0.1320094466209412	0.005433451849967241	0.02714952640235424	0.101891003549099	0.03740647807717323	0.05394791811704636	0.106851689517498	0.1068529412150383	0.02714952640235424	0.101891003549099	0.005433451849967241	0.008999140001833439
S2017t2_E17-T2b-Female	0.009198172017931938	0.005554064642637968	0.1189858391880989	0.07341517508029938	0.04273557290434837	0.005554064642637968	0.009198172017931938	0.1393003016710281	0.009198172017931938	0.04611416161060333	0.005554064642637968	0.02713457867503166	0.1238778308033943	0.1613878607749939	0.1345620006322861	0.07987701147794724	0.005554064642637968	0.1533545851707458	0.01286420412361622	0.127379909157753	0.02713458426296711	0.02713458426296711	0.02713458426296711	0.03062251582741737	0.02713458426296711	0.1117988973855972	0.07987701147794724	0.0968615785241127	0.1013916283845901	0.0963728278875351	0	0.007359516806900501	0.02171607315540314	0	0	0.02171608060598373	0.1494376510381699	0.132987916469574	0.1013916283845901	0.0968615710735321	0.0968615710735321	0.0968615710735321	0.05462026223540306	0.02171608060598373	0.09335961192846298	0.09335961192846298	0.02714952640235424	0.127379909157753	0.09335961192846298	0.02171607315540314	0.007359516806900501	0.007359516806900501	0.007359516806900501	0.005554064642637968	0.02714952640235424	0.005554064642637968	0.02714952640235424	0.005554064642637968	0.04611274227499962	0.06777091324329376	0.06503604352474213	0.07684359699487686	0.00733049213886261	0.003664460033178329	0.007359516806900501	0.007359516806900501	0.09908924251794815	0	0.007359516806900501	0	0.0306373592466116	0.02714952640235424	0.03063736483454704	0.02714952640235424	0.01286420412361622	0.005554064642637968	0	0.005554064642637968	0.05392978712916374	0	0.007359516806900501	0.005554064642637968	0.007359516806900501	0.005554064642637968	0.06824012100696564	0.08404616266489029	0.07473804801702499	0.09335961192846298	0.02171607315540314	0	0	0	0.06899698823690414	0.007359516806900501	0.06503604352474213	0.005554064642637968	0.09839514642953873	0.005554064642637968	0.005554064642637968	0	0.06209445744752884	0.003664460033178329	0.09335961192846298	0.0812690481543541	0.09335961192846298	0.0963728278875351	0.0812690481543541	0.005554064642637968	0.00733049213886261	0.0963728129863739	0.1069114208221436	0.1483353674411774	0.08639058470726013	0.08639059960842133	0.08299761265516281	0.09839514642953873	0.08154752105474472	0.08154752105474472	0.1389569491147995	0.1556095033884048	0.08639058470726013	0.005554064642637968	0.1385763436555862	0.005554064642637968	0.1102199777960777	0.06259281933307648	0.03238862380385399	0.005554064642637968	0.005554064642637968	0.1013916283845901	0.05148442834615707	0.005554064642637968	0.02713309787213802	0.04531627520918846	0.05675254389643669	0.1097614020109177	0.02713457867503166	0.03648116812109947	0.03109983541071415	0.03648116812109947	0.005554064642637968	0.1101456508040428	0.1434163749217987	0.03990252688527107	0.05148442834615707	0.005554064642637968	0.1013788655400276	0.1508587896823883	0.02714952640235424	0.005554064642637968	0.09334541112184525	0.02713457867503166	0.07460468262434006	0.09838103502988815	0.09838231652975082	0.005554064642637968	0.09334541112184525	0.02714952640235424	0.0306373592466116
S2017t2_E17-T2b-Male	0.009198172017931938	0.005554064642637968	0.1189858391880989	0.07341517508029938	0.04273557290434837	0.005554064642637968	0.009198172017931938	0.1393003016710281	0.009198172017931938	0.04611416161060333	0.005554064642637968	0.02713457867503166	0.1238778308033943	0.1613878607749939	0.1345620006322861	0.07987701147794724	0.005554064642637968	0.1533545851707458	0.01286420412361622	0.127379909157753	0.02713458426296711	0.02713458426296711	0.02713458426296711	0.03062251582741737	0.02713458426296711	0.1117988973855972	0.07987701147794724	0.0968615785241127	0.1013916283845901	0.0963728278875351	0	0.007359516806900501	0.02171607315540314	0	0	0.02171608060598373	0.1494376510381699	0.132987916469574	0.1013916283845901	0.0968615710735321	0.0968615710735321	0.0968615710735321	0.05462026223540306	0.02171608060598373	0.09335961192846298	0.09335961192846298	0.02714952640235424	0.127379909157753	0.09335961192846298	0.02171607315540314	0.007359516806900501	0.007359516806900501	0.007359516806900501	0.005554064642637968	0.02714952640235424	0.005554064642637968	0.02714952640235424	0.005554064642637968	0.04611274227499962	0.06777091324329376	0.06503604352474213	0.07684359699487686	0.00733049213886261	0.003664460033178329	0.007359516806900501	0.007359516806900501	0.09908924251794815	0	0.007359516806900501	0	0.0306373592466116	0.02714952640235424	0.03063736483454704	0.02714952640235424	0.01286420412361622	0.005554064642637968	0	0.005554064642637968	0.05392978712916374	0	0.007359516806900501	0.005554064642637968	0.007359516806900501	0.005554064642637968	0.06824012100696564	0.08404616266489029	0.07473804801702499	0.09335961192846298	0.02171607315540314	0	0	0	0.06899698823690414	0.007359516806900501	0.06503604352474213	0.005554064642637968	0.09839514642953873	0.005554064642637968	0.005554064642637968	0	0.06209445744752884	0.003664460033178329	0.09335961192846298	0.0812690481543541	0.09335961192846298	0.0963728278875351	0.0812690481543541	0.005554064642637968	0.00733049213886261	0.0963728129863739	0.1069114208221436	0.1483353674411774	0.08639058470726013	0.08639059960842133	0.08299761265516281	0.09839514642953873	0.08154752105474472	0.08154752105474472	0.1389569491147995	0.1556095033884048	0.08639058470726013	0.005554064642637968	0.1385763436555862	0.005554064642637968	0.1102199777960777	0.06259281933307648	0.03238862380385399	0.005554064642637968	0.005554064642637968	0.1013916283845901	0.05148442834615707	0.005554064642637968	0.02713309787213802	0.04531627520918846	0.05675254389643669	0.1097614020109177	0.02713457867503166	0.03648116812109947	0.03109983541071415	0.03648116812109947	0.005554064642637968	0.1101456508040428	0.1434163749217987	0.03990252688527107	0.05148442834615707	0.005554064642637968	0.1013788655400276	0.1508587896823883	0.02714952640235424	0.005554064642637968	0.09334541112184525	0.02713457867503166	0.07460468262434006	0.09838103502988815	0.09838231652975082	0.005554064642637968	0.09334541112184525	0.02714952640235424	0.0306373592466116
S2017t2_E19-T2a-Female	0.009198172017931938	0.005554064642637968	0.1189858391880989	0.07341517508029938	0.04273557290434837	0.005554064642637968	0.009198172017931938	0.1393003016710281	0.009198172017931938	0.04611416161060333	0.005554064642637968	0.02713457867503166	0.1238778308033943	0.1613878607749939	0.1345620006322861	0.07987701147794724	0.005554064642637968	0.1533545851707458	0.01286420412361622	0.127379909157753	0.02713458426296711	0.02713458426296711	0.02713458426296711	0.03062251582741737	0.02713458426296711	0.1117988973855972	0.07987701147794724	0.0968615785241127	0.1013916283845901	0.0963728278875351	0	0.007359516806900501	0.02171607315540314	0	0	0.02171608060598373	0.1494376510381699	0.132987916469574	0.1013916283845901	0.0968615710735321	0.0968615710735321	0.0968615710735321	0.05462026223540306	0.02171608060598373	0.09335961192846298	0.09335961192846298	0.02714952640235424	0.127379909157753	0.09335961192846298	0.02171607315540314	0.007359516806900501	0.007359516806900501	0.007359516806900501	0.005554064642637968	0.02714952640235424	0.005554064642637968	0.02714952640235424	0.005554064642637968	0.04611274227499962	0.06777091324329376	0.06503604352474213	0.07684359699487686	0.00733049213886261	0.003664460033178329	0.007359516806900501	0.007359516806900501	0.09908924251794815	0	0.007359516806900501	0	0.0306373592466116	0.02714952640235424	0.03063736483454704	0.02714952640235424	0.01286420412361622	0.005554064642637968	0	0.005554064642637968	0.05392978712916374	0	0.007359516806900501	0.005554064642637968	0.007359516806900501	0.005554064642637968	0.06824012100696564	0.08404616266489029	0.07473804801702499	0.09335961192846298	0.02171607315540314	0	0	0	0.06899698823690414	0.007359516806900501	0.06503604352474213	0.005554064642637968	0.09839514642953873	0.005554064642637968	0.005554064642637968	0	0.06209445744752884	0.003664460033178329	0.09335961192846298	0.0812690481543541	0.09335961192846298	0.0963728278875351	0.0812690481543541	0.005554064642637968	0.00733049213886261	0.0963728129863739	0.1069114208221436	0.1483353674411774	0.08639058470726013	0.08639059960842133	0.08299761265516281	0.09839514642953873	0.08154752105474472	0.08154752105474472	0.1389569491147995	0.1556095033884048	0.08639058470726013	0.005554064642637968	0.1385763436555862	0.005554064642637968	0.1102199777960777	0.06259281933307648	0.03238862380385399	0.005554064642637968	0.005554064642637968	0.1013916283845901	0.05148442834615707	0.005554064642637968	0.02713309787213802	0.04531627520918846	0.05675254389643669	0.1097614020109177	0.02713457867503166	0.03648116812109947	0.03109983541071415	0.03648116812109947	0.005554064642637968	0.1101456508040428	0.1434163749217987	0.03990252688527107	0.05148442834615707	0.005554064642637968	0.1013788655400276	0.1508587896823883	0.02714952640235424	0.005554064642637968	0.09334541112184525	0.02713457867503166	0.07460468262434006	0.09838103502988815	0.09838231652975082	0.005554064642637968	0.09334541112184525	0.02714952640235424	0.0306373592466116
S2017t2_E19-T2a-Male	0.07738877087831497	0.07420617341995239	0.1736679077148438	0.1337117105722427	0.1067470088601112	0.07420617341995239	0.07738877087831497	0.191971093416214	0.07738877087831497	0.1097114160656929	0.07420617341995239	0.09307476878166199	0.178290382027626	0.1117633208632469	0.07087884098291397	0.1394043415784836	0.07420617341995239	0.1303685903549194	0.07420480996370316	0.1813946068286896	0.09307477623224258	0.09307477623224258	0.09307477623224258	0.09612918645143509	0.09307477623224258	0.1675941050052643	0.1394043415784836	0.1434964090585709	0.1583911627531052	0.1536556631326675	0.06899698823690414	0.06252604722976685	0.08798491209745407	0.06899698823690414	0.06899698823690414	0.08798490464687347	0.09910596162080765	0.08168281614780426	0.1583911627531052	0.1434964090585709	0.1434964090585709	0.1434964090585709	0.1171803027391434	0.08798490464687347	0.1509932726621628	0.1509932726621628	0.09308785200119019	0.1813946068286896	0.1509932726621628	0.08798491209745407	0.06252604722976685	0.06252604722976685	0.06252604722976685	0.07420617341995239	0.09308785200119019	0.07420617341995239	0.09308785200119019	0.07420617341995239	0.1097101718187332	0.1287430971860886	0.1260162591934204	0.1309052109718323	0.06899560987949371	0.07219749689102173	0.06252604722976685	0.06252604722976685	0.156056672334671	0.06899698823690414	0.06252604722976685	0.06899698823690414	0.09614218026399612	0.09308785200119019	0.09614218026399612	0.09308785200119019	0.07420480996370316	0.07420617341995239	0.06899698823690414	0.07420617341995239	0.1165737211704254	0.06899698823690414	0.06252604722976685	0.07420617341995239	0.06252604722976685	0.07420617341995239	0.1288373470306396	0.1427705138921738	0.1345620006322861	0.1509932726621628	0.08798491209745407	0.06899698823690414	0.06899698823690414	0.06899698823690414	0	0.06252604722976685	0.1260162591934204	0.07420617341995239	0.1557436883449554	0.07420617341995239	0.07420617341995239	0.06899698823690414	0.00690253172069788	0.07219749689102173	0.150993287563324	0.1345608085393906	0.150993287563324	0.1536556631326675	0.1345608085393906	0.07420617341995239	0.06899560987949371	0.1536556631326675	0.1574337929487228	0.1997265070676804	0.1394031345844269	0.1394031494855881	0.1421551108360291	0.1557436883449554	0.1289731115102768	0.1289731115102768	0.08168154209852219	0.20646733045578	0.1394031345844269	0.07420617341995239	0.1910511255264282	0.07420617341995239	0.1661971211433411	0.1238658502697945	0.09767627716064453	0.07420617341995239	0.07420617341995239	0.1583911627531052	0.1140970140695572	0.07420617341995239	0.09307347983121872	0.1058708652853966	0.1190538629889488	0.1654975712299347	0.09307476878166199	0.101262629032135	0.0962056964635849	0.101262629032135	0.07420617341995239	0.1630022674798965	0.195626825094223	0.1042622327804565	0.1140970140695572	0.07420617341995239	0.1583798825740814	0.2019714415073395	0.09308785200119019	0.07420617341995239	0.1509807258844376	0.09307476878166199	0.1347592771053314	0.155731201171875	0.1557323485612869	0.07420617341995239	0.1509807258844376	0.09308785200119019	0.09614218026399612
S2017t2_E19-T2b-Female	0.01653071865439415	0.01291358098387718	0.1254696696996689	0.08027247339487076	0.04981992021203041	0.01291358098387718	0.01653071865439415	0.145670011639595	0.01653071865439415	0.05317350476980209	0.01291358098387718	0.03433438390493393	0.1303616911172867	0.1675941050052643	0.1289731115102768	0.08668649196624756	0.01291358098387718	0.1596202850341797	0.01291202288120985	0.1338378340005875	0.03433438017964363	0.03433438017964363	0.03433438017964363	0.0377965085208416	0.03433438017964363	0.1183721199631691	0.08668649196624756	0.09066951274871826	0.1080418676137924	0.103023074567318	0.007359516806900501	0	0.0289157722145319	0.007359516806900501	0.007359516806900501	0.0289157647639513	0.1557323336601257	0.1394043415784836	0.1080418676137924	0.09066949784755707	0.09066949784755707	0.09066949784755707	0.06161664798855782	0.0289157647639513	0.1000320315361023	0.1000320315361023	0.0343492217361927	0.1338378340005875	0.1000320315361023	0.0289157722145319	0	0	0	0.01291358098387718	0.0343492217361927	0.01291358098387718	0.0343492217361927	0.01291358098387718	0.05317209288477898	0.07466998696327209	0.07191693037748337	0.07710841298103333	0.007357949856668711	0.01099700760096312	0	0	0.1057194992899895	0.007359516806900501	0	0.007359516806900501	0.03781124204397202	0.0343492217361927	0.03781123459339142	0.0343492217361927	0.01291202288120985	0.01291358098387718	0.007359516806900501	0.01291358098387718	0.06093128025531769	0.007359516806900501	0	0.01291358098387718	0	0.01291358098387718	0.07509741932153702	0.0907871425151825	0.08154752105474472	0.1000320538878441	0.0289157722145319	0.007359516806900501	0.007359516806900501	0.007359516806900501	0.06252604722976685	0	0.07191693037748337	0.01291358098387718	0.1050675809383392	0.01291358098387718	0.01291358098387718	0.007359516806900501	0.06899698823690414	0.01099700760096312	0.1000320464372635	0.08154618740081787	0.1000320464372635	0.103023074567318	0.08154618740081787	0.01291358098387718	0.007357949856668711	0.103023074567318	0.1072656512260437	0.1546031981706619	0.08668515831232071	0.08668516576290131	0.08978399634361267	0.1050675809383392	0.07525046169757843	0.07525046169757843	0.1394031345844269	0.1618585139513016	0.08668515831232071	0.01291358098387718	0.1449160128831863	0.01291358098387718	0.1168048977851868	0.0694916769862175	0.03954955190420151	0.01291358098387718	0.01291358098387718	0.1080418825149536	0.05846504494547844	0.01291358098387718	0.03433291614055634	0.05238152295351028	0.06373316049575806	0.1163131296634674	0.03433438390493393	0.0436118096113205	0.03823047503829002	0.0436118096113205	0.01291358098387718	0.1166945397853851	0.1497556269168854	0.04700784385204315	0.05846504494547844	0.01291358098387718	0.1080292090773582	0.1571080535650253	0.0343492217361927	0.01291358098387718	0.1000179573893547	0.03433438390493393	0.08145318925380707	0.1050535812973976	0.1050548329949379	0.01291358098387718	0.1000179573893547	0.0343492217361927	0.03781124204397202
S2017t2_E19-T2b-Male	0.07341517508029938	0.07022888958454132	0.05770254135131836	0.008602009154856205	0.1028106287121773	0.07022888958454132	0.07341517508029938	0.07909570634365082	0.07341517508029938	0.1057791188359261	0.07022888958454132	0.08912032097578049	0.0625944510102272	0.1027282476425171	0.07391586154699326	0.01551585271954536	0.07022888958454132	0.09413305670022964	0.07684359699487686	0.1775791794061661	0.08912032842636108	0.08912032842636108	0.08912032842636108	0.09217865765094757	0.08912032842636108	0.04967062547802925	0.01551585271954536	0.03250042349100113	0.03853537887334824	0.03351657837629318	0.06503604352474213	0.07191693037748337	0.08404616266489029	0.06503604352474213	0.06503604352474213	0.08404617011547089	0.08994214981794357	0.07234176993370056	0.03853537887334824	0.03250041976571083	0.03250041976571083	0.03250041976571083	0.1132585629820824	0.08404617011547089	0.03029377572238445	0.03029377572238445	0.08913343399763107	0.1775791794061661	0.03029377572238445	0.08404616266489029	0.07191693037748337	0.07191693037748337	0.07191693037748337	0.07022888958454132	0.08913343399763107	0.07022888958454132	0.08913343399763107	0.07022888958454132	0.1057778596878052	0.1248384192585945	0	0.01203043386340141	0.07166854292154312	0.06824012100696564	0.07191693037748337	0.07191693037748337	0.1522174924612045	0.06503604352474213	0.07191693037748337	0.06503604352474213	0.09219168126583099	0.08913343399763107	0.09219168126583099	0.08913343399763107	0.07684359699487686	0.07022888958454132	0.06503604352474213	0.07022888958454132	0.1126511171460152	0.06503604352474213	0.07191693037748337	0.07022888958454132	0.07191693037748337	0.07022888958454132	0.003426954615861177	0.0203324630856514	0.01037688832730055	0.03029375895857811	0.08404616266489029	0.06503604352474213	0.06503604352474213	0.06503604352474213	0.1260162591934204	0.07191693037748337	0	0.07022888958454132	0.03532930836081505	0.07022888958454132	0.07022888958454132	0.06503604352474213	0.1195364743471146	0.06824012100696564	0.03029376640915871	0.0171261765062809	0.03029376640915871	0.03351657837629318	0.0171261765062809	0.07022888958454132	0.07166854292154312	0.03351657092571259	0.159329429268837	0.08909362554550171	0.02224771305918694	0.02224770560860634	0.01885474473237991	0.03532930836081505	0.0171863678842783	0.0171863678842783	0.07850465923547745	0.09654571115970612	0.02224771305918694	0.07022888958454132	0.07865577191114426	0.07022888958454132	0.04798125103116035	0.05948961898684502	0.09372777491807938	0.07022888958454132	0.07022888958454132	0.03853537514805794	0.1101927384734154	0.07022888958454132	0.08911903202533722	0.1050779446959496	0.1151347905397415	0.04783647134900093	0.08912032097578049	0.0973188504576683	0.09227729588747025	0.0973188504576683	0.07022888958454132	0.04824741929769516	0.08349968492984772	0.1003224551677704	0.1101927384734154	0.07022888958454132	0.03852172940969467	0.09179258346557617	0.08913343399763107	0.07022888958454132	0.03027858957648277	0.08912032097578049	0.130863830447197	0.03531420975923538	0.03531556203961372	0.07022888958454132	0.03027858957648277	0.08913343399763107	0.09219168126583099
S2017t2_E23-T2a-Female	0.003684850875288248	0	0.1238790526986122	0.06859510391950607	0.037590142339468	0	0.003684850875288248	0.1351428478956223	0.003684850875288248	0.04100508242845535	0	0.02181959897279739	0.1195696890354156	0.157441571354866	0.1394043415784836	0.0751241073012352	0	0.149332121014595	0.007371282670646906	0.1231062337756157	0.02181960642337799	0.02181960642337799	0.02181960642337799	0.02534568123519421	0.02181960642337799	0.1073708459734917	0.0751241073012352	0.09219641983509064	0.09685894101858139	0.1013916283845901	0.005554064642637968	0.01291358098387718	0.02714952640235424	0.005554064642637968	0.005554064642637968	0.02714953199028969	0.1453777998685837	0.1287690997123718	0.09685894101858139	0.09219640493392944	0.09219640493392944	0.09219640493392944	0.04960213974118233	0.02714953199028969	0.09839515388011932	0.09839515388011932	0.0218347143381834	0.1231062337756157	0.09839515388011932	0.02714952640235424	0.01291358098387718	0.01291358098387718	0.01291358098387718	0	0.0218347143381834	0	0.0218347143381834	0	0.04100364446640015	0.06289178133010864	0.07022888958454132	0.07204136252403259	0.01286420412361622	0.009198172017931938	0.01291358098387718	0.01291358098387718	0.1040929481387138	0.005554064642637968	0.01291358098387718	0.005554064642637968	0.02536068670451641	0.0218347143381834	0.02536069601774216	0.0218347143381834	0.007371282670646906	0	0.005554064642637968	0	0.04890431091189384	0.005554064642637968	0.01291358098387718	0	0.01291358098387718	0	0.07341517508029938	0.08913343399763107	0.07987701147794724	0.09839515388011932	0.02714952640235424	0.005554064642637968	0.005554064642637968	0.005554064642637968	0.07420617341995239	0.01291358098387718	0.07022888958454132	0	0.0938321053981781	0	0	0.005554064642637968	0.06730365008115768	0.009198172017931938	0.09839514642953873	0.08639058470726013	0.09839514642953873	0.1013916283845901	0.08639058470726013	0	0.01286420412361622	0.1013916283845901	0.1118900030851364	0.15306556224823	0.08168741315603256	0.08168742060661316	0.07827697694301605	0.0938321053981781	0.08668649196624756	0.08668649196624756	0.1347806602716446	0.151608482003212	0.08168741315603256	0	0.1433607488870621	0	0.1057761311531067	0.06779924035072327	0.02713105641305447	0	0	0.09685893356800079	0.05675254389643669	0	0.02181810326874256	0.04019862413406372	0.0517570897936821	0.1147058382630348	0.02181959897279739	0.03126809746026993	0.03648116812109947	0.03126809746026993	0	0.1150879487395287	0.1392987072467804	0.03472651168704033	0.05675254389643669	0	0.09684604406356812	0.1555749773979187	0.0218347143381834	0	0.09838103502988815	0.02181959897279739	0.06979701668024063	0.09381784498691559	0.09381914138793945	0	0.09838103502988815	0.0218347143381834	0.02536068670451641
S2017t2_E23-T2a-Male	0.09685893356800079	0.0938321053981781	0.06161028519272804	0.03368563205003738	0.08744420856237411	0.0938321053981781	0.09685893356800079	0.0455884113907814	0.09685893356800079	0.09044825285673141	0.0938321053981781	0.1024002358317375	0.05706175416707993	0.07019609212875366	0.08665669709444046	0.02022757939994335	0.0938321053981781	0.09737531840801239	0.1002006158232689	0.1631389707326889	0.1024002432823181	0.1024002432823181	0.1024002432823181	0.1053537875413895	0.1024002432823181	0.01494066044688225	0.02022757939994335	0.03695455193519592	0.003340255469083786	0.00834229588508606	0.09839514642953873	0.1050675809383392	0.07826942205429077	0.09839514642953873	0.09839514642953873	0.07826942950487137	0.08431198447942734	0.07597260177135468	0.003340255469083786	0.03695454820990562	0.03695454820990562	0.03695454820990562	0.09801772236824036	0.07826942950487137	0.005035546142607927	0.005035546142607927	0.0736045241355896	0.1631389707326889	0.005035546142607927	0.07826942205429077	0.1050675809383392	0.1050675809383392	0.1050675809383392	0.0938321053981781	0.0736045241355896	0.0938321053981781	0.0736045241355896	0.0938321053981781	0.09044697880744934	0.1097382158041	0.03532930836081505	0.03702731430530548	0.1047165244817734	0.1013916283845901	0.1050675809383392	0.1050675809383392	0.180150106549263	0.09839514642953873	0.1050675809383392	0.09839514642953873	0.07669892162084579	0.0736045241355896	0.07669892162084579	0.0736045241355896	0.1002006158232689	0.0938321053981781	0.09839514642953873	0.0938321053981781	0.09740294516086578	0.09839514642953873	0.1050675809383392	0.0938321053981781	0.1050675809383392	0.0938321053981781	0.03853537514805794	0.01520358491688967	0.025161262601614	0.005035546142607927	0.07826942205429077	0.09839514642953873	0.09839514642953873	0.09839514642953873	0.1557436883449554	0.1050675809383392	0.03532930836081505	0.0938321053981781	0	0.0938321053981781	0.0938321053981781	0.09839514642953873	0.1494490802288055	0.1013916283845901	0.005035539157688618	0.03172603249549866	0.005035539157688618	0.00834229588508606	0.03172603249549866	0.0938321053981781	0.1047165244817734	0.008342288434505463	0.1869386434555054	0.1012632772326469	0.02684194408357143	0.02684195153415203	0.02350026182830334	0	0.03183369711041451	0.03183369711041451	0.08203617483377457	0.09974582493305206	0.02684194408357143	0.0938321053981781	0.05465725436806679	0.0938321053981781	0.03301743045449257	0.05400807037949562	0.1068499907851219	0.0938321053981781	0.0938321053981781	0.003340248484164476	0.1317435801029205	0.0938321053981781	0.1023989766836166	0.1269657909870148	0.1275361925363541	0.02303518168628216	0.1024002358317375	0.1195831447839737	0.123891144990921	0.1195831447839737	0.0938321053981781	0.05233193561434746	0.05017458647489548	0.1224406585097313	0.1317435801029205	0.0938321053981781	0.03308754414319992	0.06813623756170273	0.0736045241355896	0.0938321053981781	0.03470643982291222	0.1024002358317375	0.115837424993515	0.02989405393600464	0.02989541552960873	0.0938321053981781	0.03470643982291222	0.0736045241355896	0.07669892162084579
S2017t2_E23-T2b-Female	0.003684850875288248	0	0.1238790526986122	0.06859510391950607	0.037590142339468	0	0.003684850875288248	0.1351428478956223	0.003684850875288248	0.04100508242845535	0	0.02181959897279739	0.1195696890354156	0.157441571354866	0.1394043415784836	0.0751241073012352	0	0.149332121014595	0.007371282670646906	0.1231062337756157	0.02181960642337799	0.02181960642337799	0.02181960642337799	0.02534568123519421	0.02181960642337799	0.1073708459734917	0.0751241073012352	0.09219641983509064	0.09685894101858139	0.1013916283845901	0.005554064642637968	0.01291358098387718	0.02714952640235424	0.005554064642637968	0.005554064642637968	0.02714953199028969	0.1453777998685837	0.1287690997123718	0.09685894101858139	0.09219640493392944	0.09219640493392944	0.09219640493392944	0.04960213974118233	0.02714953199028969	0.09839515388011932	0.09839515388011932	0.0218347143381834	0.1231062337756157	0.09839515388011932	0.02714952640235424	0.01291358098387718	0.01291358098387718	0.01291358098387718	0	0.0218347143381834	0	0.0218347143381834	0	0.04100364446640015	0.06289178133010864	0.07022888958454132	0.07204136252403259	0.01286420412361622	0.009198172017931938	0.01291358098387718	0.01291358098387718	0.1040929481387138	0.005554064642637968	0.01291358098387718	0.005554064642637968	0.02536068670451641	0.0218347143381834	0.02536069601774216	0.0218347143381834	0.007371282670646906	0	0.005554064642637968	0	0.04890431091189384	0.005554064642637968	0.01291358098387718	0	0.01291358098387718	0	0.07341517508029938	0.08913343399763107	0.07987701147794724	0.09839515388011932	0.02714952640235424	0.005554064642637968	0.005554064642637968	0.005554064642637968	0.07420617341995239	0.01291358098387718	0.07022888958454132	0	0.0938321053981781	0	0	0.005554064642637968	0.06730365008115768	0.009198172017931938	0.09839514642953873	0.08639058470726013	0.09839514642953873	0.1013916283845901	0.08639058470726013	0	0.01286420412361622	0.1013916283845901	0.1118900030851364	0.15306556224823	0.08168741315603256	0.08168742060661316	0.07827697694301605	0.0938321053981781	0.08668649196624756	0.08668649196624756	0.1347806602716446	0.151608482003212	0.08168741315603256	0	0.1433607488870621	0	0.1057761311531067	0.06779924035072327	0.02713105641305447	0	0	0.09685893356800079	0.05675254389643669	0	0.02181810326874256	0.04019862413406372	0.0517570897936821	0.1147058382630348	0.02181959897279739	0.03126809746026993	0.03648116812109947	0.03126809746026993	0	0.1150879487395287	0.1392987072467804	0.03472651168704033	0.05675254389643669	0	0.09684604406356812	0.1555749773979187	0.0218347143381834	0	0.09838103502988815	0.02181959897279739	0.06979701668024063	0.09381784498691559	0.09381914138793945	0	0.09838103502988815	0.0218347143381834	0.02536068670451641
S2017t2_E23-T2b-Male	0.003684850875288248	0	0.1238790526986122	0.06859510391950607	0.037590142339468	0	0.003684850875288248	0.1351428478956223	0.003684850875288248	0.04100508242845535	0	0.02181959897279739	0.1195696890354156	0.157441571354866	0.1394043415784836	0.0751241073012352	0	0.149332121014595	0.007371282670646906	0.1231062337756157	0.02181960642337799	0.02181960642337799	0.02181960642337799	0.02534568123519421	0.02181960642337799	0.1073708459734917	0.0751241073012352	0.09219641983509064	0.09685894101858139	0.1013916283845901	0.005554064642637968	0.01291358098387718	0.02714952640235424	0.005554064642637968	0.005554064642637968	0.02714953199028969	0.1453777998685837	0.1287690997123718	0.09685894101858139	0.09219640493392944	0.09219640493392944	0.09219640493392944	0.04960213974118233	0.02714953199028969	0.09839515388011932	0.09839515388011932	0.0218347143381834	0.1231062337756157	0.09839515388011932	0.02714952640235424	0.01291358098387718	0.01291358098387718	0.01291358098387718	0	0.0218347143381834	0	0.0218347143381834	0	0.04100364446640015	0.06289178133010864	0.07022888958454132	0.07204136252403259	0.01286420412361622	0.009198172017931938	0.01291358098387718	0.01291358098387718	0.1040929481387138	0.005554064642637968	0.01291358098387718	0.005554064642637968	0.02536068670451641	0.0218347143381834	0.02536069601774216	0.0218347143381834	0.007371282670646906	0	0.005554064642637968	0	0.04890431091189384	0.005554064642637968	0.01291358098387718	0	0.01291358098387718	0	0.07341517508029938	0.08913343399763107	0.07987701147794724	0.09839515388011932	0.02714952640235424	0.005554064642637968	0.005554064642637968	0.005554064642637968	0.07420617341995239	0.01291358098387718	0.07022888958454132	0	0.0938321053981781	0	0	0.005554064642637968	0.06730365008115768	0.009198172017931938	0.09839514642953873	0.08639058470726013	0.09839514642953873	0.1013916283845901	0.08639058470726013	0	0.01286420412361622	0.1013916283845901	0.1118900030851364	0.15306556224823	0.08168741315603256	0.08168742060661316	0.07827697694301605	0.0938321053981781	0.08668649196624756	0.08668649196624756	0.1347806602716446	0.151608482003212	0.08168741315603256	0	0.1433607488870621	0	0.1057761311531067	0.06779924035072327	0.02713105641305447	0	0	0.09685893356800079	0.05675254389643669	0	0.02181810326874256	0.04019862413406372	0.0517570897936821	0.1147058382630348	0.02181959897279739	0.03126809746026993	0.03648116812109947	0.03126809746026993	0	0.1150879487395287	0.1392987072467804	0.03472651168704033	0.05675254389643669	0	0.09684604406356812	0.1555749773979187	0.0218347143381834	0	0.09838103502988815	0.02181959897279739	0.06979701668024063	0.09381784498691559	0.09381914138793945	0	0.09838103502988815	0.0218347143381834	0.02536068670451641
S2017t2_E30-T2a-Female	0.009198172017931938	0.005554064642637968	0.1189858391880989	0.07341517508029938	0.04273557290434837	0.005554064642637968	0.009198172017931938	0.1393003016710281	0.009198172017931938	0.04611416161060333	0.005554064642637968	0.02713457867503166	0.1238778308033943	0.1613878607749939	0.1345620006322861	0.07987701147794724	0.005554064642637968	0.1533545851707458	0.01286420412361622	0.127379909157753	0.02713458426296711	0.02713458426296711	0.02713458426296711	0.03062251582741737	0.02713458426296711	0.1117988973855972	0.07987701147794724	0.0968615785241127	0.1013916283845901	0.0963728278875351	0	0.007359516806900501	0.02171607315540314	0	0	0.02171608060598373	0.1494376510381699	0.132987916469574	0.1013916283845901	0.0968615710735321	0.0968615710735321	0.0968615710735321	0.05462026223540306	0.02171608060598373	0.09335961192846298	0.09335961192846298	0.02714952640235424	0.127379909157753	0.09335961192846298	0.02171607315540314	0.007359516806900501	0.007359516806900501	0.007359516806900501	0.005554064642637968	0.02714952640235424	0.005554064642637968	0.02714952640235424	0.005554064642637968	0.04611274227499962	0.06777091324329376	0.06503604352474213	0.07684359699487686	0.00733049213886261	0.003664460033178329	0.007359516806900501	0.007359516806900501	0.09908924251794815	0	0.007359516806900501	0	0.0306373592466116	0.02714952640235424	0.03063736483454704	0.02714952640235424	0.01286420412361622	0.005554064642637968	0	0.005554064642637968	0.05392978712916374	0	0.007359516806900501	0.005554064642637968	0.007359516806900501	0.005554064642637968	0.06824012100696564	0.08404616266489029	0.07473804801702499	0.09335961192846298	0.02171607315540314	0	0	0	0.06899698823690414	0.007359516806900501	0.06503604352474213	0.005554064642637968	0.09839514642953873	0.005554064642637968	0.005554064642637968	0	0.06209445744752884	0.003664460033178329	0.09335961192846298	0.0812690481543541	0.09335961192846298	0.0963728278875351	0.0812690481543541	0.005554064642637968	0.00733049213886261	0.0963728129863739	0.1069114208221436	0.1483353674411774	0.08639058470726013	0.08639059960842133	0.08299761265516281	0.09839514642953873	0.08154752105474472	0.08154752105474472	0.1389569491147995	0.1556095033884048	0.08639058470726013	0.005554064642637968	0.1385763436555862	0.005554064642637968	0.1102199777960777	0.06259281933307648	0.03238862380385399	0.005554064642637968	0.005554064642637968	0.1013916283845901	0.05148442834615707	0.005554064642637968	0.02713309787213802	0.04531627520918846	0.05675254389643669	0.1097614020109177	0.02713457867503166	0.03648116812109947	0.03109983541071415	0.03648116812109947	0.005554064642637968	0.1101456508040428	0.1434163749217987	0.03990252688527107	0.05148442834615707	0.005554064642637968	0.1013788655400276	0.1508587896823883	0.02714952640235424	0.005554064642637968	0.09334541112184525	0.02713457867503166	0.07460468262434006	0.09838103502988815	0.09838231652975082	0.005554064642637968	0.09334541112184525	0.02714952640235424	0.0306373592466116
S2017t2_E30-T2a-Male	0.07050997018814087	0.06730365008115768	0.167541429400444	0.1272528320550919	0.1000871062278748	0.06730365008115768	0.07050997018814087	0.1859465837478638	0.07050997018814087	0.1030736193060875	0.06730365008115768	0.0863129198551178	0.1721638739109039	0.1055570766329765	0.07684047520160675	0.132987916469574	0.06730365008115768	0.1241924688220024	0.07394914329051971	0.1752912551164627	0.08631292730569839	0.08631292730569839	0.08631292730569839	0.0893901064991951	0.08631292730569839	0.1613878607749939	0.132987916469574	0.1489921063184738	0.1521163135766983	0.1473808139562607	0.06209445744752884	0.06899698823690414	0.08122316002845764	0.06209445744752884	0.06209445744752884	0.08122316747903824	0.09281127899885178	0.07526639103889465	0.1521163135766983	0.1489921063184738	0.1489921063184738	0.1489921063184738	0.1105981916189194	0.08122316747903824	0.1446986794471741	0.1446986794471741	0.08632610738277435	0.1752912551164627	0.1446986794471741	0.08122316002845764	0.06899698823690414	0.06899698823690414	0.06899698823690414	0.06730365008115768	0.08632610738277435	0.06730365008115768	0.08632610738277435	0.06730365008115768	0.1030723378062248	0.1222471818327904	0.1195364743471146	0.1304820626974106	0.06875786930322647	0.06531869620084763	0.06899698823690414	0.06899698823690414	0.1497996151447296	0.06209445744752884	0.06899698823690414	0.06209445744752884	0.08940320461988449	0.08632610738277435	0.08940321207046509	0.08632610738277435	0.07394914329051971	0.06730365008115768	0.06209445744752884	0.06730365008115768	0.1099870875477791	0.06209445744752884	0.06899698823690414	0.06730365008115768	0.06899698823690414	0.06730365008115768	0.1223784685134888	0.1364149451255798	0.1281455755233765	0.1446986645460129	0.08122316002845764	0.06209445744752884	0.06209445744752884	0.06209445744752884	0.00690253172069788	0.06899698823690414	0.1195364743471146	0.06730365008115768	0.1494490802288055	0.06730365008115768	0.06730365008115768	0.06209445744752884	0	0.06531869620084763	0.1446986794471741	0.1341300904750824	0.1446986794471741	0.1473808139562607	0.1341300904750824	0.06730365008115768	0.06875786930322647	0.1473808139562607	0.156943216919899	0.1937932074069977	0.1389569491147995	0.1389569491147995	0.1357592046260834	0.1494490802288055	0.1345620006322861	0.1345620006322861	0.0814199298620224	0.20055091381073	0.1389569491147995	0.06730365008115768	0.1850535124540329	0.06730365008115768	0.159980446100235	0.1173701286315918	0.09094874560832977	0.06730365008115768	0.06730365008115768	0.1521163135766983	0.1075288504362106	0.06730365008115768	0.08631161600351334	0.09921680390834808	0.1124856993556023	0.159310519695282	0.0863129198551178	0.09456183761358261	0.08950488269329071	0.09456183761358261	0.06730365008115768	0.1568081676959991	0.1896295696496964	0.09758378565311432	0.1075288504362106	0.06730365008115768	0.1521049290895462	0.1960547864437103	0.08632610738277435	0.06730365008115768	0.1446860432624817	0.0863129198551178	0.1283082067966461	0.1494365036487579	0.1494376510381699	0.06730365008115768	0.1446860432624817	0.08632610738277435	0.08940320461988449
S2017t2_E30-T2b-Female	0.005533711984753609	0.009198172017931938	0.1218313798308372	0.06998821347951889	0.04611274227499962	0.009198172017931938	0.005533711984753609	0.1361170262098312	0.005533711984753609	0.04258623346686363	0.009198172017931938	0.03062251582741737	0.1267075836658478	0.1639808416366577	0.1373282670974731	0.08299761265516281	0.009198172017931938	0.1559973955154419	0.009199744090437889	0.1301871091127396	0.03062252141535282	0.03062252141535282	0.03062252141535282	0.02703729271888733	0.03062252141535282	0.1147070899605751	0.08299761265516281	0.09992457926273346	0.09806814789772034	0.09304933995008469	0.003664460033178329	0.01099700760096312	0.02522338554263115	0.003664460033178329	0.003664460033178329	0.02522339299321175	0.1521049290895462	0.1357592046260834	0.09806814789772034	0.09992457926273346	0.09992457926273346	0.09992457926273346	0.05791423842310905	0.02522339299321175	0.0963728278875351	0.0963728278875351	0.0306373592466116	0.1301871091127396	0.0963728278875351	0.02522338554263115	0.01099700760096312	0.01099700760096312	0.01099700760096312	0.009198172017931938	0.0306373592466116	0.009198172017931938	0.0306373592466116	0.009198172017931938	0.04258480668067932	0.06432308256626129	0.06824012100696564	0.07341664284467697	0.003666031872853637	0	0.01099700760096312	0.01099700760096312	0.09577574580907822	0.003664460033178329	0.01099700760096312	0.003664460033178329	0.02705219201743603	0.0306373592466116	0.02705219760537148	0.0306373592466116	0.009199744090437889	0.009198172017931938	0.003664460033178329	0.009198172017931938	0.05722856894135475	0.003664460033178329	0.01099700760096312	0.009198172017931938	0.01099700760096312	0.009198172017931938	0.06481315940618515	0.08712149411439896	0.07787608355283737	0.0963728204369545	0.02522338554263115	0.003664460033178329	0.003664460033178329	0.003664460033178329	0.07219749689102173	0.01099700760096312	0.06824012100696564	0.009198172017931938	0.1013916283845901	0.009198172017931938	0.009198172017931938	0.003664460033178329	0.06531869620084763	0	0.0963728129863739	0.07787753641605377	0.0963728129863739	0.09304933995008469	0.07787753641605377	0.009198172017931938	0.003666031872853637	0.09304933995008469	0.1036145612597466	0.1452029943466187	0.08299907296895981	0.08299908041954041	0.07960610091686249	0.1013916283845901	0.08466246724128723	0.08466246724128723	0.1357605755329132	0.1582382917404175	0.08299907296895981	0.009198172017931938	0.1354080736637115	0.009198172017931938	0.106929138302803	0.05914509668946266	0.03583905845880508	0.009198172017931938	0.009198172017931938	0.09806813299655914	0.05478189513087273	0.009198172017931938	0.03062104806303978	0.04178539663553238	0.0600316971540451	0.1064871549606323	0.03062251582741737	0.03990252688527107	0.03454030305147171	0.03990252688527107	0.009198172017931938	0.1068728119134903	0.1402483284473419	0.03635162487626076	0.05478189513087273	0.009198172017931938	0.09805533289909363	0.1477357000112534	0.0306373592466116	0.009198172017931938	0.09635871648788452	0.03062251582741737	0.07118213176727295	0.1013775989413261	0.1013788729906082	0.009198172017931938	0.09635871648788452	0.0306373592466116	0.02705219201743603
S2017t2_E30-T2b-Male	0.1013916283845901	0.09839514642953873	0.05678785592317581	0.03853537514805794	0.09197109937667847	0.09839514642953873	0.1013916283845901	0.05017634853720665	0.1013916283845901	0.09494546800851822	0.09839514642953873	0.1068529337644577	0.06160900369286537	0.07455103844404221	0.08190630376338959	0.025161262601614	0.09839514642953873	0.1015643030405045	0.1047165244817734	0.1669475883245468	0.1068529412150383	0.1068529412150383	0.1068529412150383	0.1097773164510727	0.1068529412150383	0.0198272243142128	0.025161262601614	0.0418040044605732	0.00834229588508606	0.003323491429910064	0.09335961192846298	0.1000320464372635	0.07323388755321503	0.09335961192846298	0.09335961192846298	0.07323389500379562	0.08860079944133759	0.08036210387945175	0.00834229588508606	0.0418039970099926	0.0418039970099926	0.0418039970099926	0.1024405732750893	0.07323389500379562	7.140283475592923e-09	7.140283475592923e-09	0.07826942205429077	0.1669475883245468	7.140283475592923e-09	0.07323388755321503	0.1000320464372635	0.1000320464372635	0.1000320464372635	0.09839514642953873	0.07826942205429077	0.09839514642953873	0.07826942205429077	0.09839514642953873	0.09494421631097794	0.1140471622347832	0.03029376640915871	0.04186028242111206	0.09969772398471832	0.0963728129863739	0.1000320464372635	0.1000320464372635	0.1755711883306503	0.09335961192846298	0.1000320464372635	0.09335961192846298	0.08133278787136078	0.07826942205429077	0.08133279532194138	0.07826942205429077	0.1047165244817734	0.09839514642953873	0.09335961192846298	0.09839514642953873	0.101831816136837	0.09335961192846298	0.1000320464372635	0.09839514642953873	0.1000320464372635	0.09839514642953873	0.03351657092571259	0.01016804575920105	0.02012572251260281	7.140283475592923e-09	0.07323388755321503	0.09335961192846298	0.09335961192846298	0.09335961192846298	0.150993287563324	0.1000320464372635	0.03029376640915871	0.09839514642953873	0.005035539157688618	0.09839514642953873	0.09839514642953873	0.09335961192846298	0.1446986794471741	0.0963728129863739	0	0.02670723013579845	0	0.003323491429910064	0.02670723013579845	0.09839514642953873	0.09969772398471832	0.003323484444990754	0.1823807507753372	0.0966208428144455	0.03172603249549866	0.03172603994607925	0.02840112522244453	0.005035539157688618	0.02679815888404846	0.02679815888404846	0.08638319373130798	0.1039128676056862	0.03172603249549866	0.09839514642953873	0.04987284541130066	0.09839514642953873	0.03777510672807693	0.04901398718357086	0.1112587451934814	0.09839514642953873	0.09839514642953873	0.008342288434505463	0.126921147108078	0.09839514642953873	0.106851689517498	0.1312020123004913	0.1317435801029205	0.01809073984622955	0.1068529337644577	0.123891144990921	0.1189980059862137	0.123891144990921	0.09839514642953873	0.04746183007955551	0.05471863597631454	0.1267208158969879	0.126921147108078	0.09839514642953873	0.03786838054656982	0.06342004984617233	0.07826942205429077	0.09839514642953873	0.02974575757980347	0.1068529337644577	0.120087668299675	0.03470643982291222	0.03470779210329056	0.09839514642953873	0.02974575757980347	0.07826942205429077	0.08133278787136078
S2017t3_E11-T3a-Female	0.08299907296895981	0.08639058470726013	0.05412851646542549	0.01885619945824146	0.1179814860224724	0.08639058470726013	0.08299907296895981	0.06939034909009933	0.08299907296895981	0.1147084757685661	0.08639058470726013	0.1047038212418556	0.05900464951992035	0.09916754812002182	0.06413665413856506	0.01190601848065853	0.08639058470726013	0.09056518971920013	0.07987713068723679	0.190591424703598	0.1047038212418556	0.1047038212418556	0.1047038212418556	0.101380281150341	0.1047038212418556	0.04607377573847771	0.01190601848065853	0.0221221074461937	0.0284025426954031	0.0233837403357029	0.0812690481543541	0.08154618740081787	0.09969772398471832	0.0812690481543541	0.0812690481543541	0.09969771653413773	0.08637095242738724	0.06875799596309662	0.0284025426954031	0.02212210185825825	0.02212210185825825	0.02212210185825825	0.1281181424856186	0.09969771653413773	0.02670722454786301	0.02670722454786301	0.1047165244817734	0.190591424703598	0.02670722454786301	0.09969772398471832	0.08154618740081787	0.08154618740081787	0.08154618740081787	0.08639058470726013	0.1047165244817734	0.08639058470726013	0.1047165244817734	0.08639058470726013	0.1147072538733482	0.1333930641412735	0.0171261765062809	0.01551587600260973	0.07473815977573395	0.07787753641605377	0.08154618740081787	0.08154618740081787	0.1602035462856293	0.0812690481543541	0.08154618740081787	0.0812690481543541	0.1013930439949036	0.1047165244817734	0.101393036544323	0.1047165244817734	0.07987713068723679	0.08639058470726013	0.0812690481543541	0.08639058470726013	0.1275287121534348	0.0812690481543541	0.08154618740081787	0.08639058470726013	0.08154618740081787	0.08639058470726013	0.01373466290533543	0.03684147819876671	0.006784483324736357	0.0267072357237339	0.09969772398471832	0.0812690481543541	0.0812690481543541	0.0812690481543541	0.1345608085393906	0.08154618740081787	0.0171261765062809	0.08639058470726013	0.03172603249549866	0.08639058470726013	0.08639058470726013	0.0812690481543541	0.1341300904750824	0.07787753641605377	0.02670723013579845	0	0.02670723013579845	0.0233837403357029	0	0.08639058470726013	0.07473815977573395	0.02338374592363834	0.1615571528673172	0.07954348623752594	0.0051389723084867	0.00513897929340601	0.008514504879713058	0.03172603249549866	0.006808030884712934	0.006808030884712934	0.0625639408826828	0.092979796230793	0.0051389723084867	0.08639058470726013	0.06899619847536087	0.08639058470726013	0.05744094774127007	0.06897546350955963	0.1091717928647995	0.08639058470726013	0.08639058470726013	0.02840254828333855	0.1250614076852798	0.08639058470726013	0.1047025620937347	0.1140212491154671	0.1299388110637665	0.03785377740859985	0.1047038212418556	0.1126545965671539	0.1076802983880043	0.1126545965671539	0.08639058470726013	0.0382690504193306	0.07384075224399567	0.109360583126545	0.1250614076852798	0.08639058470726013	0.02838875725865364	0.08227074146270752	0.1047165244817734	0.08639058470726013	0.02669204398989677	0.1047038212418556	0.139301672577858	0.03171092644333839	0.03171229735016823	0.08639058470726013	0.02669204398989677	0.1047165244817734	0.1013930439949036
S2017t3_E11-T3a-Male	0.1013916283845901	0.09839514642953873	0.05678785592317581	0.03853537514805794	0.09197109937667847	0.09839514642953873	0.1013916283845901	0.05017634853720665	0.1013916283845901	0.09494546800851822	0.09839514642953873	0.1068529337644577	0.06160900369286537	0.07455103844404221	0.08190630376338959	0.025161262601614	0.09839514642953873	0.1015643030405045	0.1047165244817734	0.1669475883245468	0.1068529412150383	0.1068529412150383	0.1068529412150383	0.1097773164510727	0.1068529412150383	0.0198272243142128	0.025161262601614	0.0418040044605732	0.00834229588508606	0.003323491429910064	0.09335961192846298	0.1000320464372635	0.07323388755321503	0.09335961192846298	0.09335961192846298	0.07323389500379562	0.08860079944133759	0.08036210387945175	0.00834229588508606	0.0418039970099926	0.0418039970099926	0.0418039970099926	0.1024405732750893	0.07323389500379562	7.140283475592923e-09	7.140283475592923e-09	0.07826942205429077	0.1669475883245468	7.140283475592923e-09	0.07323388755321503	0.1000320464372635	0.1000320464372635	0.1000320464372635	0.09839514642953873	0.07826942205429077	0.09839514642953873	0.07826942205429077	0.09839514642953873	0.09494421631097794	0.1140471622347832	0.03029376640915871	0.04186028242111206	0.09969772398471832	0.0963728129863739	0.1000320464372635	0.1000320464372635	0.1755711883306503	0.09335961192846298	0.1000320464372635	0.09335961192846298	0.08133278787136078	0.07826942205429077	0.08133279532194138	0.07826942205429077	0.1047165244817734	0.09839514642953873	0.09335961192846298	0.09839514642953873	0.101831816136837	0.09335961192846298	0.1000320464372635	0.09839514642953873	0.1000320464372635	0.09839514642953873	0.03351657092571259	0.01016804575920105	0.02012572251260281	7.140283475592923e-09	0.07323388755321503	0.09335961192846298	0.09335961192846298	0.09335961192846298	0.150993287563324	0.1000320464372635	0.03029376640915871	0.09839514642953873	0.005035539157688618	0.09839514642953873	0.09839514642953873	0.09335961192846298	0.1446986794471741	0.0963728129863739	0	0.02670723013579845	0	0.003323491429910064	0.02670723013579845	0.09839514642953873	0.09969772398471832	0.003323484444990754	0.1823807507753372	0.0966208428144455	0.03172603249549866	0.03172603994607925	0.02840112522244453	0.005035539157688618	0.02679815888404846	0.02679815888404846	0.08638319373130798	0.1039128676056862	0.03172603249549866	0.09839514642953873	0.04987284541130066	0.09839514642953873	0.03777510672807693	0.04901398718357086	0.1112587451934814	0.09839514642953873	0.09839514642953873	0.008342288434505463	0.126921147108078	0.09839514642953873	0.106851689517498	0.1312020123004913	0.1317435801029205	0.01809073984622955	0.1068529337644577	0.123891144990921	0.1189980059862137	0.123891144990921	0.09839514642953873	0.04746183007955551	0.05471863597631454	0.1267208158969879	0.126921147108078	0.09839514642953873	0.03786838054656982	0.06342004984617233	0.07826942205429077	0.09839514642953873	0.02974575757980347	0.1068529337644577	0.120087668299675	0.03470643982291222	0.03470779210329056	0.09839514642953873	0.02974575757980347	0.07826942205429077	0.08133278787136078
S2017t3_E16-T3b-Female	0.09806814789772034	0.1013916283845901	0.05979035049676895	0.03521189466118813	0.09494422376155853	0.1013916283845901	0.09806814789772034	0.04699307307600975	0.09806814789772034	0.09167123585939407	0.1013916283845901	0.1097773164510727	0.06459617614746094	0.07741252332925797	0.0847853347659111	0.02840113081037998	0.1013916283845901	0.1043169349431992	0.101393036544323	0.169450655579567	0.1097773164510727	0.1097773164510727	0.1097773164510727	0.1065030843019485	0.1097773164510727	0.02303653582930565	0.02840113081037998	0.04498855024576187	0.005018803756684065	0	0.0963728278875351	0.103023074567318	0.07631398737430573	0.0963728278875351	0.0963728278875351	0.07631397992372513	0.09141884744167328	0.08324598520994186	0.005018803756684065	0.04498854279518127	0.04498854279518127	0.04498854279518127	0.1053456366062164	0.07631397992372513	0.003323484444990754	0.003323484444990754	0.08133279532194138	0.169450655579567	0.003323484444990754	0.07631398737430573	0.103023074567318	0.103023074567318	0.103023074567318	0.1013916283845901	0.08133279532194138	0.1013916283845901	0.08133279532194138	0.1013916283845901	0.09166997671127319	0.1108420342206955	0.03351657837629318	0.03853679448366165	0.09637423604726791	0.09304933995008469	0.103023074567318	0.103023074567318	0.1725389957427979	0.0963728278875351	0.103023074567318	0.0963728278875351	0.07800930738449097	0.08133279532194138	0.07800929993391037	0.08133279532194138	0.101393036544323	0.1013916283845901	0.0963728278875351	0.1013916283845901	0.1047407910227776	0.0963728278875351	0.103023074567318	0.1013916283845901	0.103023074567318	0.1013916283845901	0.03019309230148792	0.01345774158835411	0.02338232658803463	0.00332349818199873	0.07631398737430573	0.0963728278875351	0.0963728278875351	0.0963728278875351	0.1536556631326675	0.103023074567318	0.03351657837629318	0.1013916283845901	0.00834229588508606	0.1013916283845901	0.1013916283845901	0.0963728278875351	0.1473808139562607	0.09304933995008469	0.003323491429910064	0.0233837403357029	0.003323491429910064	0	0.0233837403357029	0.1013916283845901	0.09637423604726791	7.116553124575375e-09	0.179362490773201	0.09354659914970398	0.0284025426954031	0.0284025501459837	0.02507764473557472	0.00834229588508606	0.0300325732678175	0.0300325732678175	0.08324731886386871	0.1066511645913124	0.0284025426954031	0.1013916283845901	0.04670459032058716	0.1013916283845901	0.03451697528362274	0.04570687562227249	0.1141544058918953	0.1013916283845901	0.1013916283845901	0.005018810741603374	0.1297004222869873	0.1013916283845901	0.1097760871052742	0.127988800406456	0.1345075070858002	0.01481650397181511	0.1097773164510727	0.1267208307981491	0.1218434944748878	0.1267208307981491	0.1013916283845901	0.04423682019114494	0.05155058577656746	0.1234910264611244	0.1297004222869873	0.1013916283845901	0.03459414839744568	0.06029696762561798	0.08133279532194138	0.1013916283845901	0.03292261064052582	0.1097773164510727	0.1169044002890587	0.03786705434322357	0.03786839172244072	0.1013916283845901	0.03292261064052582	0.08133279532194138	0.07800930738449097
S2017t3_E16-T3b-Male	0.08299907296895981	0.08639058470726013	0.05412851646542549	0.01885619945824146	0.1179814860224724	0.08639058470726013	0.08299907296895981	0.06939034909009933	0.08299907296895981	0.1147084757685661	0.08639058470726013	0.1047038212418556	0.05900464951992035	0.09916754812002182	0.06413665413856506	0.01190601848065853	0.08639058470726013	0.09056518971920013	0.07987713068723679	0.190591424703598	0.1047038212418556	0.1047038212418556	0.1047038212418556	0.101380281150341	0.1047038212418556	0.04607377573847771	0.01190601848065853	0.0221221074461937	0.0284025426954031	0.0233837403357029	0.0812690481543541	0.08154618740081787	0.09969772398471832	0.0812690481543541	0.0812690481543541	0.09969771653413773	0.08637095242738724	0.06875799596309662	0.0284025426954031	0.02212210185825825	0.02212210185825825	0.02212210185825825	0.1281181424856186	0.09969771653413773	0.02670722454786301	0.02670722454786301	0.1047165244817734	0.190591424703598	0.02670722454786301	0.09969772398471832	0.08154618740081787	0.08154618740081787	0.08154618740081787	0.08639058470726013	0.1047165244817734	0.08639058470726013	0.1047165244817734	0.08639058470726013	0.1147072538733482	0.1333930641412735	0.0171261765062809	0.01551587600260973	0.07473815977573395	0.07787753641605377	0.08154618740081787	0.08154618740081787	0.1602035462856293	0.0812690481543541	0.08154618740081787	0.0812690481543541	0.1013930439949036	0.1047165244817734	0.101393036544323	0.1047165244817734	0.07987713068723679	0.08639058470726013	0.0812690481543541	0.08639058470726013	0.1275287121534348	0.0812690481543541	0.08154618740081787	0.08639058470726013	0.08154618740081787	0.08639058470726013	0.01373466290533543	0.03684147819876671	0.006784483324736357	0.0267072357237339	0.09969772398471832	0.0812690481543541	0.0812690481543541	0.0812690481543541	0.1345608085393906	0.08154618740081787	0.0171261765062809	0.08639058470726013	0.03172603249549866	0.08639058470726013	0.08639058470726013	0.0812690481543541	0.1341300904750824	0.07787753641605377	0.02670723013579845	0	0.02670723013579845	0.0233837403357029	0	0.08639058470726013	0.07473815977573395	0.02338374592363834	0.1615571528673172	0.07954348623752594	0.0051389723084867	0.00513897929340601	0.008514504879713058	0.03172603249549866	0.006808030884712934	0.006808030884712934	0.0625639408826828	0.092979796230793	0.0051389723084867	0.08639058470726013	0.06899619847536087	0.08639058470726013	0.05744094774127007	0.06897546350955963	0.1091717928647995	0.08639058470726013	0.08639058470726013	0.02840254828333855	0.1250614076852798	0.08639058470726013	0.1047025620937347	0.1140212491154671	0.1299388110637665	0.03785377740859985	0.1047038212418556	0.1126545965671539	0.1076802983880043	0.1126545965671539	0.08639058470726013	0.0382690504193306	0.07384075224399567	0.109360583126545	0.1250614076852798	0.08639058470726013	0.02838875725865364	0.08227074146270752	0.1047165244817734	0.08639058470726013	0.02669204398989677	0.1047038212418556	0.139301672577858	0.03171092644333839	0.03171229735016823	0.08639058470726013	0.02669204398989677	0.1047165244817734	0.1013930439949036
S2017t3_E17-T3a-Female	0.003684850875288248	0	0.1238790526986122	0.06859510391950607	0.037590142339468	0	0.003684850875288248	0.1351428478956223	0.003684850875288248	0.04100508242845535	0	0.02181959897279739	0.1195696890354156	0.157441571354866	0.1394043415784836	0.0751241073012352	0	0.149332121014595	0.007371282670646906	0.1231062337756157	0.02181960642337799	0.02181960642337799	0.02181960642337799	0.02534568123519421	0.02181960642337799	0.1073708459734917	0.0751241073012352	0.09219641983509064	0.09685894101858139	0.1013916283845901	0.005554064642637968	0.01291358098387718	0.02714952640235424	0.005554064642637968	0.005554064642637968	0.02714953199028969	0.1453777998685837	0.1287690997123718	0.09685894101858139	0.09219640493392944	0.09219640493392944	0.09219640493392944	0.04960213974118233	0.02714953199028969	0.09839515388011932	0.09839515388011932	0.0218347143381834	0.1231062337756157	0.09839515388011932	0.02714952640235424	0.01291358098387718	0.01291358098387718	0.01291358098387718	0	0.0218347143381834	0	0.0218347143381834	0	0.04100364446640015	0.06289178133010864	0.07022888958454132	0.07204136252403259	0.01286420412361622	0.009198172017931938	0.01291358098387718	0.01291358098387718	0.1040929481387138	0.005554064642637968	0.01291358098387718	0.005554064642637968	0.02536068670451641	0.0218347143381834	0.02536069601774216	0.0218347143381834	0.007371282670646906	0	0.005554064642637968	0	0.04890431091189384	0.005554064642637968	0.01291358098387718	0	0.01291358098387718	0	0.07341517508029938	0.08913343399763107	0.07987701147794724	0.09839515388011932	0.02714952640235424	0.005554064642637968	0.005554064642637968	0.005554064642637968	0.07420617341995239	0.01291358098387718	0.07022888958454132	0	0.0938321053981781	0	0	0.005554064642637968	0.06730365008115768	0.009198172017931938	0.09839514642953873	0.08639058470726013	0.09839514642953873	0.1013916283845901	0.08639058470726013	0	0.01286420412361622	0.1013916283845901	0.1118900030851364	0.15306556224823	0.08168741315603256	0.08168742060661316	0.07827697694301605	0.0938321053981781	0.08668649196624756	0.08668649196624756	0.1347806602716446	0.151608482003212	0.08168741315603256	0	0.1433607488870621	0	0.1057761311531067	0.06779924035072327	0.02713105641305447	0	0	0.09685893356800079	0.05675254389643669	0	0.02181810326874256	0.04019862413406372	0.0517570897936821	0.1147058382630348	0.02181959897279739	0.03126809746026993	0.03648116812109947	0.03126809746026993	0	0.1150879487395287	0.1392987072467804	0.03472651168704033	0.05675254389643669	0	0.09684604406356812	0.1555749773979187	0.0218347143381834	0	0.09838103502988815	0.02181959897279739	0.06979701668024063	0.09381784498691559	0.09381914138793945	0	0.09838103502988815	0.0218347143381834	0.02536068670451641
S2017t3_E30-T3b-Female	0.009199744090437889	0.01286420412361622	0.1250625997781754	0.07341664284467697	0.04964218288660049	0.01286420412361622	0.009199744090437889	0.139301672577858	0.009199744090437889	0.04611567407846451	0.01286420412361622	0.03420927375555038	0.1299388259649277	0.1670741736888885	0.1345608085393906	0.08639058470726013	0.01286420412361622	0.1591202616691589	0.005554073490202427	0.1334054619073868	0.03420927003026009	0.03420927003026009	0.03420927003026009	0.03062405250966549	0.03420927003026009	0.1179827079176903	0.08639058470726013	0.09686025977134705	0.101393036544323	0.09637423604726791	0.00733049213886261	0.007357949856668711	0.02881009131669998	0.00733049213886261	0.00733049213886261	0.02881008572876453	0.1552422046661377	0.1389569491147995	0.101393036544323	0.09686025977134705	0.09686025977134705	0.09686025977134705	0.06140000000596046	0.02881008572876453	0.09969771653413773	0.09969771653413773	0.03422406315803528	0.1334054619073868	0.09969771653413773	0.02881009131669998	0.007357949856668711	0.007357949856668711	0.007357949856668711	0.01286420412361622	0.03422406315803528	0.01286420412361622	0.03422406315803528	0.01286420412361622	0.0461142510175705	0.06777239590883255	0.07166854292154312	0.07022898644208908	0	0.003666031872853637	0.007357949856668711	0.007357949856668711	0.09909065067768097	0.00733049213886261	0.007357949856668711	0.00733049213886261	0.03063889592885971	0.03422406315803528	0.03063889034092426	0.03422406315803528	0.005554073490202427	0.01286420412361622	0.00733049213886261	0.01286420412361622	0.06071687489748001	0.00733049213886261	0.007357949856668711	0.01286420412361622	0.007357949856668711	0.01286420412361622	0.06824158877134323	0.09048044681549072	0.0812690481543541	0.09969773143529892	0.02881009131669998	0.00733049213886261	0.00733049213886261	0.00733049213886261	0.06899560987949371	0.007357949856668711	0.07166854292154312	0.01286420412361622	0.1047165244817734	0.01286420412361622	0.01286420412361622	0.00733049213886261	0.06875786930322647	0.003666031872853637	0.09969772398471832	0.07473815977573395	0.09969772398471832	0.09637423604726791	0.07473815977573395	0.01286420412361622	0	0.09637425094842911	0.1006482616066933	0.1483367085456848	0.07987713068723679	0.07987713068723679	0.08299907296895981	0.1047165244817734	0.08154618740081787	0.08154618740081787	0.1329880803823471	0.1613528579473495	0.07987713068723679	0.01286420412361622	0.1385776996612549	0.01286420412361622	0.1102213859558105	0.06259430199861526	0.03940651938319206	0.01286420412361622	0.01286420412361622	0.1013930439949036	0.05825984477996826	0.01286420412361622	0.03420780971646309	0.04531778767704964	0.06350964307785034	0.1097628027200699	0.03420927375555038	0.04345495253801346	0.0380927249789238	0.04345495253801346	0.01286420412361622	0.1101470440626144	0.1434177309274673	0.03990405052900314	0.05825984477996826	0.01286420412361622	0.101380281150341	0.1508601307868958	0.03422406315803528	0.01286420412361622	0.09968367218971252	0.03420927375555038	0.07460615783929825	0.1047025620937347	0.1047038286924362	0.01286420412361622	0.09968367218971252	0.03422406315803528	0.03063889592885971
S2017t3F_E11-T3b-Female	0.09806813299655914	0.1013916283845901	0.05979036167263985	0.03521189093589783	0.09494421631097794	0.1013916283845901	0.09806813299655914	0.04699306935071945	0.09806813299655914	0.09167123585939407	0.1013916283845901	0.1097773164510727	0.06459616869688034	0.07741252332925797	0.0847853347659111	0.02840112522244453	0.1013916283845901	0.104316920042038	0.1013930439949036	0.169450655579567	0.1097773164510727	0.1097773164510727	0.1097773164510727	0.1065030694007874	0.1097773164510727	0.02303654327988625	0.02840112522244453	0.04498855024576187	0.005018810741603374	7.116553124575375e-09	0.0963728129863739	0.103023074567318	0.07631397992372513	0.0963728129863739	0.0963728129863739	0.07631398737430573	0.09141884744167328	0.08324597775936127	0.005018810741603374	0.04498855024576187	0.04498855024576187	0.04498855024576187	0.1053456366062164	0.07631398737430573	0.003323491429910064	0.003323491429910064	0.08133278787136078	0.169450655579567	0.003323491429910064	0.07631397992372513	0.103023074567318	0.103023074567318	0.103023074567318	0.1013916283845901	0.08133278787136078	0.1013916283845901	0.08133278787136078	0.1013916283845901	0.0916699692606926	0.1108420193195343	0.03351657092571259	0.03853679820895195	0.09637425094842911	0.09304933995008469	0.103023074567318	0.103023074567318	0.1725389957427979	0.0963728129863739	0.103023074567318	0.0963728129863739	0.07800929993391037	0.08133278787136078	0.07800930738449097	0.08133278787136078	0.1013930439949036	0.1013916283845901	0.0963728129863739	0.1013916283845901	0.1047407910227776	0.0963728129863739	0.103023074567318	0.1013916283845901	0.103023074567318	0.1013916283845901	0.03019308485090733	0.01345773506909609	0.02338231913745403	0.00332349119707942	0.07631397992372513	0.0963728129863739	0.0963728129863739	0.0963728129863739	0.1536556631326675	0.103023074567318	0.03351657092571259	0.1013916283845901	0.008342288434505463	0.1013916283845901	0.1013916283845901	0.0963728129863739	0.1473808139562607	0.09304933995008469	0.003323484444990754	0.02338374592363834	0.003323484444990754	7.116553124575375e-09	0.02338374592363834	0.1013916283845901	0.09637425094842911	0	0.179362490773201	0.09354659914970398	0.02840254828333855	0.02840255387127399	0.02507764101028442	0.008342288434505463	0.03003257885575294	0.03003257885575294	0.08324731886386871	0.1066511496901512	0.02840254828333855	0.1013916283845901	0.04670458287000656	0.1013916283845901	0.03451697155833244	0.0457068644464016	0.1141543984413147	0.1013916283845901	0.1013916283845901	0.005018803756684065	0.1297004222869873	0.1013916283845901	0.1097760871052742	0.1279887706041336	0.1345074772834778	0.01481649745255709	0.1097773164510727	0.1267208158969879	0.1218434721231461	0.1267208158969879	0.1013916283845901	0.04423681274056435	0.05155057832598686	0.1234910041093826	0.1297004222869873	0.1013916283845901	0.03459414467215538	0.06029696762561798	0.08133278787136078	0.1013916283845901	0.03292260691523552	0.1097773164510727	0.1169043928384781	0.03786704689264297	0.03786838427186012	0.1013916283845901	0.03292260691523552	0.08133278787136078	0.07800929993391037
S2017t3F_E14-T3a-Female	0.1085931435227394	0.1118900030851364	0.2033548653125763	0.1609124541282654	0.1417709141969681	0.1118900030851364	0.1085931435227394	0.2153073698282242	0.1085931435227394	0.1385861486196518	0.1118900030851364	0.1292049288749695	0.2077948451042175	0.2386995851993561	0.2114959061145782	0.1718525737524033	0.1118900030851364	0.2320602834224701	0.1056433245539665	0.03551946580410004	0.1292049139738083	0.1292049139738083	0.1292049139738083	0.1259723454713821	0.1292049139738083	0.1978949010372162	0.1718525737524033	0.1816034913063049	0.1839203536510468	0.179362490773201	0.1069114208221436	0.1072656512260437	0.124335490167141	0.1069114208221436	0.1069114208221436	0.124335490167141	0.228827103972435	0.2152781933546066	0.1839203536510468	0.1816034913063049	0.1816034913063049	0.1816034913063049	0.1513711214065552	0.124335490167141	0.1823807507753372	0.1823807507753372	0.1292169541120529	0.03551946580410004	0.1823807507753372	0.124335490167141	0.1072656512260437	0.1072656512260437	0.1072656512260437	0.1118900030851364	0.1292169541120529	0.1118900030851364	0.1292169541120529	0.1118900030851364	0.1385849863290787	0.1562864929437637	0.159329429268837	0.1582992374897003	0.1006482616066933	0.1036145612597466	0.1072656512260437	0.1072656512260437	0.01808961667120457	0.1069114208221436	0.1072656512260437	0.1069114208221436	0.1259844154119492	0.1292169541120529	0.125984400510788	0.1292169541120529	0.1056433245539665	0.1118900030851364	0.1069114208221436	0.1118900030851364	0.1508127152919769	0.1069114208221436	0.1072656512260437	0.1118900030851364	0.1072656512260437	0.1118900030851364	0.1562260836362839	0.1747858822345734	0.16721011698246	0.1823807507753372	0.124335490167141	0.1069114208221436	0.1069114208221436	0.1069114208221436	0.1574337929487228	0.1072656512260437	0.159329429268837	0.1118900030851364	0.1869386434555054	0.1118900030851364	0.1118900030851364	0.1069114208221436	0.156943216919899	0.1036145612597466	0.1823807507753372	0.1615571528673172	0.1823807507753372	0.179362490773201	0.1615571528673172	0.1118900030851364	0.1006482616066933	0.179362490773201	0	0.08914358913898468	0.1662139296531677	0.1662139445543289	0.1687783002853394	0.1869386434555054	0.1677263826131821	0.1677263826131821	0.2100629955530167	0.1240211352705956	0.1662139296531677	0.1118900030851364	0.2143200188875198	0.1118900030851364	0.1912081986665726	0.1515976190567017	0.1334322839975357	0.1118900030851364	0.1118900030851364	0.1839203685522079	0.148348480463028	0.1118900030851364	0.1292037516832352	0.1379355192184448	0.153096079826355	0.1904198527336121	0.1292049288749695	0.1367283314466476	0.1318889707326889	0.1367283314466476	0.1118900030851364	0.1907376199960709	0.2187300175428391	0.1335236728191376	0.148348480463028	0.1118900030851364	0.1839098632335663	0.2245502918958664	0.1292169541120529	0.1118900030851364	0.1823691874742508	0.1292049288749695	0.161888062953949	0.1869271248579025	0.1869281679391861	0.1118900030851364	0.1823691874742508	0.1292169541120529	0.1259844154119492
S2017t3F_E16-T3a-Female	0.1499331891536713	0.15306556224823	0.1202136054635048	0.0906914547085762	0.180184930562973	0.15306556224823	0.1499331891536713	0.1334915161132812	0.1499331891536713	0.1771539151668549	0.15306556224823	0.1687691658735275	0.1247336864471436	0.1594711244106293	0.1346051245927811	0.08427233248949051	0.15306556224823	0.1520125567913055	0.1530669033527374	0.1142900884151459	0.1687691658735275	0.1687691658735275	0.1687691658735275	0.1656948626041412	0.1687691658735275	0.1135956421494484	0.08427233248949051	0.09990591555833817	0.09818903356790543	0.09354659914970398	0.1483353674411774	0.1546031981706619	0.1641376316547394	0.1483353674411774	0.1483353674411774	0.1641376316547394	0.1483796238899231	0.1331495493650436	0.09818903356790543	0.09990591555833817	0.09990591555833817	0.09990591555833817	0.188917264342308	0.1641376316547394	0.0966208428144455	0.0966208428144455	0.1687800735235214	0.1142900884151459	0.0966208428144455	0.1641376316547394	0.1546031981706619	0.1546031981706619	0.1546031981706619	0.15306556224823	0.1687800735235214	0.15306556224823	0.1687800735235214	0.15306556224823	0.1771528571844101	0.1932611912488937	0.08909362554550171	0.09382516890764236	0.1483367085456848	0.1452029943466187	0.1546031981706619	0.1546031981706619	0.08176843822002411	0.1483353674411774	0.1546031981706619	0.1483353674411774	0.1657058149576187	0.1687800735235214	0.1657058149576187	0.1687800735235214	0.1530669033527374	0.15306556224823	0.1483353674411774	0.15306556224823	0.1884090900421143	0.1483353674411774	0.1546031981706619	0.15306556224823	0.1546031981706619	0.15306556224823	0.08596125245094299	0.1059951111674309	0.0795421376824379	0.09662085026502609	0.1641376316547394	0.1483353674411774	0.1483353674411774	0.1483353674411774	0.1997265070676804	0.1546031981706619	0.08909362554550171	0.15306556224823	0.1012632772326469	0.15306556224823	0.15306556224823	0.1483353674411774	0.1937932074069977	0.1452029943466187	0.0966208428144455	0.07954348623752594	0.0966208428144455	0.09354659914970398	0.07954348623752594	0.15306556224823	0.1483367085456848	0.09354659914970398	0.08914358913898468	0	0.08427368104457855	0.08427367359399796	0.08113996684551239	0.1012632772326469	0.08580997586250305	0.08580997586250305	0.1331508308649063	0.03710373118519783	0.08427368104457855	0.15306556224823	0.132844939827919	0.15306556224823	0.1238183304667473	0.1354151666164398	0.1726077646017075	0.15306556224823	0.15306556224823	0.09818902611732483	0.1859660893678665	0.15306556224823	0.1687680929899216	0.1765624433755875	0.1904872953891754	0.105983704328537	0.1687691658735275	0.1756019592285156	0.1709976196289062	0.1756019592285156	0.15306556224823	0.1063410490751266	0.1373381167650223	0.1725529432296753	0.1859660893678665	0.15306556224823	0.09817718714475632	0.1443338394165039	0.1687800735235214	0.15306556224823	0.09660781919956207	0.1687691658735275	0.1983652859926224	0.1012503206729889	0.101251482963562	0.15306556224823	0.09660781919956207	0.1687800735235214	0.1657058149576187
S2017t3F_E19-T3a-Female	0.07827844470739365	0.08168741315603256	0.05900592356920242	0.01380536798387766	0.1135987341403961	0.08168741315603256	0.07827844470739365	0.06489522010087967	0.07827844470739365	0.1103094667196274	0.08168741315603256	0.1001877710223198	0.05439253151416779	0.09494160115718842	0.06897899508476257	0.006819408852607012	0.08168741315603256	0.08625797182321548	0.07512421160936356	0.1869020909070969	0.1001877710223198	0.1001877710223198	0.1001877710223198	0.09684748202562332	0.1001877710223198	0.04133371263742447	0.006819408852607012	0.01707086153328419	0.0235016904771328	0.0284025426954031	0.08639058470726013	0.08668515831232071	0.1047165244817734	0.08639058470726013	0.08639058470726013	0.1047165244817734	0.08202382922172546	0.06424122303724289	0.0235016904771328	0.01707085408270359	0.01707085408270359	0.01707085408270359	0.1238357797265053	0.1047165244817734	0.03172602877020836	0.03172602877020836	0.1002006158232689	0.1869020909070969	0.03172602877020836	0.1047165244817734	0.08668515831232071	0.08668515831232071	0.08668515831232071	0.08168741315603256	0.1002006158232689	0.08168741315603256	0.1002006158232689	0.08168741315603256	0.1103082150220871	0.1291782110929489	0.02224771305918694	0.01043050456792116	0.07987713068723679	0.08299907296895981	0.08668515831232071	0.08668515831232071	0.1648678481578827	0.08639058470726013	0.08668515831232071	0.08639058470726013	0.096860371530056	0.1002006158232689	0.0968603640794754	0.1002006158232689	0.07512421160936356	0.08168741315603256	0.08639058470726013	0.08168741315603256	0.1232405379414558	0.08639058470726013	0.08668515831232071	0.08168741315603256	0.08668515831232071	0.08168741315603256	0.01885619945824146	0.04186028242111206	0.01190601848065853	0.03172603994607925	0.1047165244817734	0.08639058470726013	0.08639058470726013	0.08639058470726013	0.1394031345844269	0.08668515831232071	0.02224771305918694	0.08168741315603256	0.02684194408357143	0.08168741315603256	0.08168741315603256	0.08639058470726013	0.1389569491147995	0.08299907296895981	0.03172603249549866	0.0051389723084867	0.03172603249549866	0.0284025426954031	0.0051389723084867	0.08168741315603256	0.07987713068723679	0.02840254828333855	0.1662139296531677	0.08427368104457855	0	7.324589823554106e-09	0.003410435747355223	0.02684194408357143	0.01194700319319963	0.01194700319319963	0.05800245702266693	0.08869548141956329	0	0.08168741315603256	0.0737806037068367	0.08168741315603256	0.05278051272034645	0.07396955043077469	0.1047008261084557	0.08168741315603256	0.08168741315603256	0.02350169606506824	0.1299388110637665	0.08168741315603256	0.1001865118741989	0.1096153929829597	0.12567438185215	0.04279821738600731	0.1001877710223198	0.108218602836132	0.1126545965671539	0.108218602836132	0.08168741315603256	0.04321135953068733	0.06938862055540085	0.1049081236124039	0.1299388110637665	0.08168741315603256	0.02348776534199715	0.08698692917823792	0.1002006158232689	0.08168741315603256	0.03171092644333839	0.1001877710223198	0.1351442337036133	0.02682668715715408	0.02682806923985481	0.08168741315603256	0.03171092644333839	0.1002006158232689	0.096860371530056
S2017t3F_E19-T3b-Female	0.07827844470739365	0.08168742060661316	0.05900591611862183	0.01380535960197449	0.1135987490415573	0.08168742060661316	0.07827844470739365	0.06489522755146027	0.07827844470739365	0.1103094667196274	0.08168742060661316	0.1001877784729004	0.05439252778887749	0.09494162350893021	0.06897900253534317	0.006819416303187609	0.08168742060661316	0.08625797182321548	0.07512421905994415	0.1869020909070969	0.1001877710223198	0.1001877710223198	0.1001877710223198	0.09684748947620392	0.1001877710223198	0.04133372008800507	0.006819416303187609	0.01707086898386478	0.02350169606506824	0.0284025501459837	0.08639059960842133	0.08668516576290131	0.1047165244817734	0.08639059960842133	0.08639059960842133	0.1047165393829346	0.08202383667230606	0.06424123048782349	0.02350169606506824	0.01707086153328419	0.01707086153328419	0.01707086153328419	0.1238357946276665	0.1047165393829346	0.03172603622078896	0.03172603622078896	0.1002006232738495	0.1869020909070969	0.03172603622078896	0.1047165244817734	0.08668516576290131	0.08668516576290131	0.08668516576290131	0.08168742060661316	0.1002006232738495	0.08168742060661316	0.1002006232738495	0.08168742060661316	0.1103082299232483	0.1291782110929489	0.02224770560860634	0.01043049711734056	0.07987713068723679	0.08299908041954041	0.08668516576290131	0.08668516576290131	0.1648678481578827	0.08639059960842133	0.08668516576290131	0.08639059960842133	0.096860371530056	0.1002006232738495	0.096860371530056	0.1002006232738495	0.07512421905994415	0.08168742060661316	0.08639059960842133	0.08168742060661316	0.123240552842617	0.08639059960842133	0.08668516576290131	0.08168742060661316	0.08668516576290131	0.08168742060661316	0.01885619200766087	0.04186027497053146	0.01190602593123913	0.03172602877020836	0.1047165244817734	0.08639059960842133	0.08639059960842133	0.08639059960842133	0.1394031494855881	0.08668516576290131	0.02224770560860634	0.08168742060661316	0.02684195153415203	0.08168742060661316	0.08168742060661316	0.08639059960842133	0.1389569491147995	0.08299908041954041	0.03172603994607925	0.00513897929340601	0.03172603994607925	0.0284025501459837	0.00513897929340601	0.08168742060661316	0.07987713068723679	0.02840255387127399	0.1662139445543289	0.08427367359399796	7.324589823554106e-09	0	0.003410442732274532	0.02684195153415203	0.01194700971245766	0.01194700971245766	0.05800246819853783	0.08869548141956329	7.324589823554106e-09	0.08168742060661316	0.0737806037068367	0.08168742060661316	0.05278050154447556	0.07396955788135529	0.1047008335590363	0.08168742060661316	0.08168742060661316	0.02350170351564884	0.1299388259649277	0.08168742060661316	0.1001865193247795	0.1096153929829597	0.12567438185215	0.04279822483658791	0.1001877784729004	0.1082186102867126	0.1126546040177345	0.1082186102867126	0.08168742060661316	0.04321134835481644	0.06938862055540085	0.1049081236124039	0.1299388259649277	0.08168742060661316	0.02348777279257774	0.08698693662881851	0.1002006232738495	0.08168742060661316	0.03171093389391899	0.1001877784729004	0.1351442337036133	0.02682669460773468	0.02682805992662907	0.08168742060661316	0.03171093389391899	0.1002006232738495	0.096860371530056
S2017t3F_E23-T3b-Female	0.07486800849437714	0.07827697694301605	0.05577470362186432	0.01039493270218372	0.1103068143129349	0.07827697694301605	0.07486800849437714	0.06169518455862999	0.07486800849437714	0.1070175468921661	0.07827697694301605	0.09684604406356812	0.05114544928073883	0.09183378517627716	0.07195616513490677	0.003408973338082433	0.07827697694301605	0.08312031626701355	0.07827844470739365	0.183882400393486	0.09684605151414871	0.09684605151414871	0.09684605151414871	0.09350574761629105	0.09684605151414871	0.03804180771112442	0.003408973338082433	0.02042307704687119	0.02016002126038074	0.02507764473557472	0.08299761265516281	0.08978399634361267	0.1013916283845901	0.08299761265516281	0.08299761265516281	0.1013916283845901	0.07887163758277893	0.06102796643972397	0.02016002126038074	0.02042307145893574	0.02042307145893574	0.02042307145893574	0.1205818876624107	0.1013916283845901	0.02840113081037998	0.02840113081037998	0.09685893356800079	0.183882400393486	0.02840113081037998	0.1013916283845901	0.08978399634361267	0.08978399634361267	0.08978399634361267	0.07827697694301605	0.09685893356800079	0.07827697694301605	0.09685893356800079	0.07827697694301605	0.1070162951946259	0.125956118106842	0.01885474473237991	0.01380536798387766	0.08299907296895981	0.07960610091686249	0.08978399634361267	0.08978399634361267	0.1617777943611145	0.08299761265516281	0.08978399634361267	0.08299761265516281	0.0935186892747879	0.09685893356800079	0.0935186892747879	0.09685893356800079	0.07827844470739365	0.07827697694301605	0.08299761265516281	0.07827697694301605	0.119984433054924	0.08299761265516281	0.08978399634361267	0.07827697694301605	0.08978399634361267	0.07827697694301605	0.01546323020011187	0.03853537514805794	0.008513050153851509	0.02840113081037998	0.1013916283845901	0.08299761265516281	0.08299761265516281	0.08299761265516281	0.1421551108360291	0.08978399634361267	0.01885474473237991	0.07827697694301605	0.02350026182830334	0.07827697694301605	0.07827697694301605	0.08299761265516281	0.1357592046260834	0.07960610091686249	0.02840112522244453	0.008514504879713058	0.02840112522244453	0.02507764473557472	0.008514504879713058	0.07827697694301605	0.08299907296895981	0.02507764101028442	0.1687783002853394	0.08113996684551239	0.003410435747355223	0.003410442732274532	0	0.02350026182830334	0.01529943477362394	0.01529943477362394	0.0610293410718441	0.0855661928653717	0.003410435747355223	0.07827697694301605	0.07061097770929337	0.07827697694301605	0.04950485378503799	0.07066101580858231	0.1013758555054665	0.07827697694301605	0.07827697694301605	0.0201600156724453	0.1267075836658478	0.07827697694301605	0.09684477746486664	0.1063209027051926	0.122427299618721	0.03952257335186005	0.09684604406356812	0.1049067005515099	0.1093591675162315	0.1049067005515099	0.07827697694301605	0.03993712365627289	0.06620396673679352	0.1015962213277817	0.1267075836658478	0.07827697694301605	0.02014603652060032	0.08386249840259552	0.09685893356800079	0.07827697694301605	0.02838596701622009	0.09684604406356812	0.1319441944360733	0.02348495274782181	0.02348633855581284	0.07827697694301605	0.02838596701622009	0.09685893356800079	0.0935186892747879
S2017t3F_E30-T3a-Female	0.09685893356800079	0.0938321053981781	0.06161028519272804	0.03368563205003738	0.08744420856237411	0.0938321053981781	0.09685893356800079	0.0455884113907814	0.09685893356800079	0.09044825285673141	0.0938321053981781	0.1024002358317375	0.05706175416707993	0.07019609212875366	0.08665669709444046	0.02022757939994335	0.0938321053981781	0.09737531840801239	0.1002006158232689	0.1631389707326889	0.1024002432823181	0.1024002432823181	0.1024002432823181	0.1053537875413895	0.1024002432823181	0.01494066044688225	0.02022757939994335	0.03695455193519592	0.003340255469083786	0.00834229588508606	0.09839514642953873	0.1050675809383392	0.07826942205429077	0.09839514642953873	0.09839514642953873	0.07826942950487137	0.08431198447942734	0.07597260177135468	0.003340255469083786	0.03695454820990562	0.03695454820990562	0.03695454820990562	0.09801772236824036	0.07826942950487137	0.005035546142607927	0.005035546142607927	0.0736045241355896	0.1631389707326889	0.005035546142607927	0.07826942205429077	0.1050675809383392	0.1050675809383392	0.1050675809383392	0.0938321053981781	0.0736045241355896	0.0938321053981781	0.0736045241355896	0.0938321053981781	0.09044697880744934	0.1097382158041	0.03532930836081505	0.03702731430530548	0.1047165244817734	0.1013916283845901	0.1050675809383392	0.1050675809383392	0.180150106549263	0.09839514642953873	0.1050675809383392	0.09839514642953873	0.07669892162084579	0.0736045241355896	0.07669892162084579	0.0736045241355896	0.1002006158232689	0.0938321053981781	0.09839514642953873	0.0938321053981781	0.09740294516086578	0.09839514642953873	0.1050675809383392	0.0938321053981781	0.1050675809383392	0.0938321053981781	0.03853537514805794	0.01520358491688967	0.025161262601614	0.005035546142607927	0.07826942205429077	0.09839514642953873	0.09839514642953873	0.09839514642953873	0.1557436883449554	0.1050675809383392	0.03532930836081505	0.0938321053981781	0	0.0938321053981781	0.0938321053981781	0.09839514642953873	0.1494490802288055	0.1013916283845901	0.005035539157688618	0.03172603249549866	0.005035539157688618	0.00834229588508606	0.03172603249549866	0.0938321053981781	0.1047165244817734	0.008342288434505463	0.1869386434555054	0.1012632772326469	0.02684194408357143	0.02684195153415203	0.02350026182830334	0	0.03183369711041451	0.03183369711041451	0.08203617483377457	0.09974582493305206	0.02684194408357143	0.0938321053981781	0.05465725436806679	0.0938321053981781	0.03301743045449257	0.05400807037949562	0.1068499907851219	0.0938321053981781	0.0938321053981781	0.003340248484164476	0.1317435801029205	0.0938321053981781	0.1023989766836166	0.1269657909870148	0.1275361925363541	0.02303518168628216	0.1024002358317375	0.1195831447839737	0.123891144990921	0.1195831447839737	0.0938321053981781	0.05233193561434746	0.05017458647489548	0.1224406585097313	0.1317435801029205	0.0938321053981781	0.03308754414319992	0.06813623756170273	0.0736045241355896	0.0938321053981781	0.03470643982291222	0.1024002358317375	0.115837424993515	0.02989405393600464	0.02989541552960873	0.0938321053981781	0.03470643982291222	0.0736045241355896	0.07669892162084579
S2017t3M_E11-T3b-Male	0.08978399634361267	0.08668649196624756	0.05430573225021362	0.02564113028347492	0.1183708980679512	0.08668649196624756	0.08978399634361267	0.0757586881518364	0.08978399634361267	0.1212587952613831	0.08668649196624756	0.1050548478960991	0.05919766053557396	0.09947686642408371	0.05809427052736282	0.01194844581186771	0.08668649196624756	0.09085053205490112	0.08668515831232071	0.1911675184965134	0.1050548478960991	0.1050548478960991	0.1050548478960991	0.1080292090773582	0.1050548478960991	0.04622697085142136	0.01194844581186771	0.01541905011981726	0.0350513756275177	0.0300325732678175	0.08154752105474472	0.07525046169757843	0.1000320464372635	0.08154752105474472	0.08154752105474472	0.1000320315361023	0.08664443343877792	0.06898027658462524	0.0350513756275177	0.01541904360055923	0.01541904360055923	0.01541904360055923	0.1285359710454941	0.1000320315361023	0.02679814957082272	0.02679814957082272	0.1050675809383392	0.1911675184965134	0.02679814957082272	0.1000320464372635	0.07525046169757843	0.07525046169757843	0.07525046169757843	0.08668649196624756	0.1050675809383392	0.08668649196624756	0.1050675809383392	0.08668649196624756	0.1212575733661652	0.1398051232099533	0.0171863678842783	0.02232390642166138	0.08154618740081787	0.08466246724128723	0.07525046169757843	0.07525046169757843	0.1663827300071716	0.08154752105474472	0.07525046169757843	0.08154752105474472	0.1080418825149536	0.1050675809383392	0.1080418676137924	0.1050675809383392	0.08668515831232071	0.08668649196624756	0.08154752105474472	0.08668649196624756	0.1279449015855789	0.08154752105474472	0.07525046169757843	0.08668649196624756	0.07525046169757843	0.08668649196624756	0.02051959373056889	0.03696620091795921	0.006809480953961611	0.02679816447198391	0.1000320464372635	0.08154752105474472	0.08154752105474472	0.08154752105474472	0.1289731115102768	0.07525046169757843	0.0171863678842783	0.08668649196624756	0.03183369711041451	0.08668649196624756	0.08668649196624756	0.08154752105474472	0.1345620006322861	0.08466246724128723	0.02679815888404846	0.006808030884712934	0.02679815888404846	0.0300325732678175	0.006808030884712934	0.08668649196624756	0.08154618740081787	0.03003257885575294	0.1677263826131821	0.08580997586250305	0.01194700319319963	0.01194700971245766	0.01529943477362394	0.03183369711041451	0	0	0.06897899508476257	0.09327191859483719	0.01194700319319963	0.08668649196624756	0.07533450424671173	0.08668649196624756	0.06395904719829559	0.0755915492773056	0.1095358803868294	0.08668649196624756	0.08668649196624756	0.035051379352808	0.1254684627056122	0.08668649196624756	0.1050535812973976	0.1205766499042511	0.1303616762161255	0.04440409690141678	0.1050548478960991	0.1130287572741508	0.1080380231142044	0.1130287572741508	0.08668649196624756	0.04481654241681099	0.0801786482334137	0.1159504652023315	0.1254684627056122	0.08668649196624756	0.03503768518567085	0.08851867169141769	0.1050675809383392	0.08668649196624756	0.02678292617201805	0.1050548478960991	0.145670011639595	0.03181854262948036	0.0318199135363102	0.08668649196624756	0.02678292617201805	0.1050675809383392	0.1080418825149536
S2017t3M_E16-T3a-Male	0.08978399634361267	0.08668649196624756	0.05430573225021362	0.02564113028347492	0.1183708980679512	0.08668649196624756	0.08978399634361267	0.0757586881518364	0.08978399634361267	0.1212587952613831	0.08668649196624756	0.1050548478960991	0.05919766053557396	0.09947686642408371	0.05809427052736282	0.01194844581186771	0.08668649196624756	0.09085053205490112	0.08668515831232071	0.1911675184965134	0.1050548478960991	0.1050548478960991	0.1050548478960991	0.1080292090773582	0.1050548478960991	0.04622697085142136	0.01194844581186771	0.01541905011981726	0.0350513756275177	0.0300325732678175	0.08154752105474472	0.07525046169757843	0.1000320464372635	0.08154752105474472	0.08154752105474472	0.1000320315361023	0.08664443343877792	0.06898027658462524	0.0350513756275177	0.01541904360055923	0.01541904360055923	0.01541904360055923	0.1285359710454941	0.1000320315361023	0.02679814957082272	0.02679814957082272	0.1050675809383392	0.1911675184965134	0.02679814957082272	0.1000320464372635	0.07525046169757843	0.07525046169757843	0.07525046169757843	0.08668649196624756	0.1050675809383392	0.08668649196624756	0.1050675809383392	0.08668649196624756	0.1212575733661652	0.1398051232099533	0.0171863678842783	0.02232390642166138	0.08154618740081787	0.08466246724128723	0.07525046169757843	0.07525046169757843	0.1663827300071716	0.08154752105474472	0.07525046169757843	0.08154752105474472	0.1080418825149536	0.1050675809383392	0.1080418676137924	0.1050675809383392	0.08668515831232071	0.08668649196624756	0.08154752105474472	0.08668649196624756	0.1279449015855789	0.08154752105474472	0.07525046169757843	0.08668649196624756	0.07525046169757843	0.08668649196624756	0.02051959373056889	0.03696620091795921	0.006809480953961611	0.02679816447198391	0.1000320464372635	0.08154752105474472	0.08154752105474472	0.08154752105474472	0.1289731115102768	0.07525046169757843	0.0171863678842783	0.08668649196624756	0.03183369711041451	0.08668649196624756	0.08668649196624756	0.08154752105474472	0.1345620006322861	0.08466246724128723	0.02679815888404846	0.006808030884712934	0.02679815888404846	0.0300325732678175	0.006808030884712934	0.08668649196624756	0.08154618740081787	0.03003257885575294	0.1677263826131821	0.08580997586250305	0.01194700319319963	0.01194700971245766	0.01529943477362394	0.03183369711041451	0	0	0.06897899508476257	0.09327191859483719	0.01194700319319963	0.08668649196624756	0.07533450424671173	0.08668649196624756	0.06395904719829559	0.0755915492773056	0.1095358803868294	0.08668649196624756	0.08668649196624756	0.035051379352808	0.1254684627056122	0.08668649196624756	0.1050535812973976	0.1205766499042511	0.1303616762161255	0.04440409690141678	0.1050548478960991	0.1130287572741508	0.1080380231142044	0.1130287572741508	0.08668649196624756	0.04481654241681099	0.0801786482334137	0.1159504652023315	0.1254684627056122	0.08668649196624756	0.03503768518567085	0.08851867169141769	0.1050675809383392	0.08668649196624756	0.02678292617201805	0.1050548478960991	0.145670011639595	0.03181854262948036	0.0318199135363102	0.08668649196624756	0.02678292617201805	0.1050675809383392	0.1080418825149536
S2017t3M_E19-T3b-Male	0.1315687745809555	0.1347806602716446	0.1107089072465897	0.07082328200340271	0.1631657034158707	0.1347806602716446	0.1315687745809555	0.1158054247498512	0.1315687745809555	0.1600602865219116	0.1347806602716446	0.1512227803468704	0.1065896525979042	0.03902235999703407	0.01125740259885788	0.06424122303724289	0.1347806602716446	0.0580105297267437	0.1287692785263062	0.2288036644458771	0.1512227654457092	0.1512227654457092	0.1512227654457092	0.1480719447135925	0.1512227654457092	0.09494160115718842	0.06424122303724289	0.07408317178487778	0.07888536900281906	0.08324731886386871	0.1389569491147995	0.1394031345844269	0.1552535444498062	0.1389569491147995	0.1389569491147995	0.155253529548645	0.02530644461512566	0.006425137631595135	0.07888536900281906	0.07408316433429718	0.07408316433429718	0.07408316433429718	0.1722957789897919	0.155253529548645	0.08638319373130798	0.08638319373130798	0.1512341946363449	0.2288036644458771	0.08638319373130798	0.1552535444498062	0.1394031345844269	0.1394031345844269	0.1394031345844269	0.1347806602716446	0.1512341946363449	0.1347806602716446	0.1512341946363449	0.1347806602716446	0.1600591987371445	0.1768977642059326	0.07850465923547745	0.067827969789505	0.1329880803823471	0.1357605755329132	0.1394031345844269	0.1394031345844269	0.2088548690080643	0.1389569491147995	0.1394031345844269	0.1389569491147995	0.1480833888053894	0.1512341946363449	0.1480833888053894	0.1512341946363449	0.1287692785263062	0.1347806602716446	0.1389569491147995	0.1347806602716446	0.1717645674943924	0.1389569491147995	0.1394031345844269	0.1347806602716446	0.1394031345844269	0.1347806602716446	0.07530828565359116	0.09594539552927017	0.06875799596309662	0.08638320863246918	0.1552535444498062	0.1389569491147995	0.1389569491147995	0.1389569491147995	0.08168154209852219	0.1394031345844269	0.07850465923547745	0.1347806602716446	0.08203617483377457	0.1347806602716446	0.1347806602716446	0.1389569491147995	0.0814199298620224	0.1357605755329132	0.08638319373130798	0.0625639408826828	0.08638319373130798	0.08324731886386871	0.0625639408826828	0.1347806602716446	0.1329880803823471	0.08324731886386871	0.2100629955530167	0.1331508308649063	0.05800245702266693	0.05800246819853783	0.0610293410718441	0.08203617483377457	0.06897899508476257	0.06897899508476257	0	0.1372715383768082	0.05800245702266693	0.1347806602716446	0.1237537562847137	0.1347806602716446	0.1055011674761772	0.1259992122650146	0.1552395522594452	0.1347806602716446	0.1347806602716446	0.07888537645339966	0.1777444630861282	0.1347806602716446	0.1512216329574585	0.1565797179937363	0.1739367693662643	0.09607437252998352	0.1512227803468704	0.158372089266777	0.1623242497444153	0.158372089266777	0.1347806602716446	0.09350008517503738	0.1198239177465439	0.1552477777004242	0.1777444630861282	0.1347806602716446	0.07887298613786697	0.1355825513601303	0.1512341946363449	0.1347806602716446	0.08636975288391113	0.1512227803468704	0.1822298467159271	0.08202259987592697	0.08202383667230606	0.1347806602716446	0.08636975288391113	0.1512341946363449	0.1480833888053894
S2017t3M_E23-T3a-Male	0.1542622148990631	0.151608482003212	0.1272480040788651	0.09510418772697449	0.1788197606801987	0.151608482003212	0.1542622148990631	0.1375961303710938	0.1542622148990631	0.1813072711229324	0.151608482003212	0.1673656702041626	0.1232945173978806	0.158144012093544	0.1415311694145203	0.08269691467285156	0.151608482003212	0.1506617665290833	0.1573915034532547	0.1341310441493988	0.1673656702041626	0.1673656702041626	0.1673656702041626	0.1699218899011612	0.1673656702041626	0.1121195927262306	0.08269691467285156	0.09835739433765411	0.1025096029043198	0.1066511645913124	0.1556095033884048	0.1618585139513016	0.1712306141853333	0.1556095033884048	0.1556095033884048	0.1712306141853333	0.1470172256231308	0.1317379623651505	0.1025096029043198	0.09835738688707352	0.09835738688707352	0.09835738688707352	0.1875810325145721	0.1712306141853333	0.1039128825068474	0.1039128825068474	0.1673766076564789	0.1341310441493988	0.1039128825068474	0.1712306141853333	0.1618585139513016	0.1618585139513016	0.1618585139513016	0.151608482003212	0.1673766076564789	0.151608482003212	0.1673766076564789	0.151608482003212	0.1813062280416489	0.197311744093895	0.09654571115970612	0.09823346138000488	0.1613528579473495	0.1582382917404175	0.1618585139513016	0.1618585139513016	0.116936020553112	0.1556095033884048	0.1618585139513016	0.1556095033884048	0.1699327677488327	0.1673766076564789	0.1699327677488327	0.1673766076564789	0.1573915034532547	0.151608482003212	0.1556095033884048	0.151608482003212	0.1870711892843246	0.1556095033884048	0.1618585139513016	0.151608482003212	0.1618585139513016	0.151608482003212	0.09935837984085083	0.1132595017552376	0.08702290803194046	0.1039128825068474	0.1712306141853333	0.1556095033884048	0.1556095033884048	0.1556095033884048	0.20646733045578	0.1618585139513016	0.09654571115970612	0.151608482003212	0.09974582493305206	0.151608482003212	0.151608482003212	0.1556095033884048	0.20055091381073	0.1582382917404175	0.1039128676056862	0.092979796230793	0.1039128676056862	0.1066511645913124	0.092979796230793	0.151608482003212	0.1613528579473495	0.1066511496901512	0.1240211352705956	0.03710373118519783	0.08869548141956329	0.08869548141956329	0.0855661928653717	0.09974582493305206	0.09327191859483719	0.09327191859483719	0.1372715383768082	0	0.08869548141956329	0.151608482003212	0.1451591849327087	0.151608482003212	0.1280254125595093	0.1482104957103729	0.17121721804142	0.151608482003212	0.151608482003212	0.1025096029043198	0.1928117126226425	0.151608482003212	0.1673645675182343	0.1807195991277695	0.1891562342643738	0.1188359707593918	0.1673656702041626	0.174221470952034	0.1780125051736832	0.174221470952034	0.151608482003212	0.1191861033439636	0.1414194256067276	0.1767358332872391	0.1928117126226425	0.151608482003212	0.1024978384375572	0.1564208269119263	0.1673766076564789	0.151608482003212	0.1038999855518341	0.1673656702041626	0.2023834437131882	0.09973281621932983	0.09973400831222534	0.151608482003212	0.1038999855518341	0.1673766076564789	0.1699327677488327
S2017t3M_E23-T3b-Male	0.07827844470739365	0.08168741315603256	0.05900592356920242	0.01380536798387766	0.1135987341403961	0.08168741315603256	0.07827844470739365	0.06489522010087967	0.07827844470739365	0.1103094667196274	0.08168741315603256	0.1001877710223198	0.05439253151416779	0.09494160115718842	0.06897899508476257	0.006819408852607012	0.08168741315603256	0.08625797182321548	0.07512421160936356	0.1869020909070969	0.1001877710223198	0.1001877710223198	0.1001877710223198	0.09684748202562332	0.1001877710223198	0.04133371263742447	0.006819408852607012	0.01707086153328419	0.0235016904771328	0.0284025426954031	0.08639058470726013	0.08668515831232071	0.1047165244817734	0.08639058470726013	0.08639058470726013	0.1047165244817734	0.08202382922172546	0.06424122303724289	0.0235016904771328	0.01707085408270359	0.01707085408270359	0.01707085408270359	0.1238357797265053	0.1047165244817734	0.03172602877020836	0.03172602877020836	0.1002006158232689	0.1869020909070969	0.03172602877020836	0.1047165244817734	0.08668515831232071	0.08668515831232071	0.08668515831232071	0.08168741315603256	0.1002006158232689	0.08168741315603256	0.1002006158232689	0.08168741315603256	0.1103082150220871	0.1291782110929489	0.02224771305918694	0.01043050456792116	0.07987713068723679	0.08299907296895981	0.08668515831232071	0.08668515831232071	0.1648678481578827	0.08639058470726013	0.08668515831232071	0.08639058470726013	0.096860371530056	0.1002006158232689	0.0968603640794754	0.1002006158232689	0.07512421160936356	0.08168741315603256	0.08639058470726013	0.08168741315603256	0.1232405379414558	0.08639058470726013	0.08668515831232071	0.08168741315603256	0.08668515831232071	0.08168741315603256	0.01885619945824146	0.04186028242111206	0.01190601848065853	0.03172603994607925	0.1047165244817734	0.08639058470726013	0.08639058470726013	0.08639058470726013	0.1394031345844269	0.08668515831232071	0.02224771305918694	0.08168741315603256	0.02684194408357143	0.08168741315603256	0.08168741315603256	0.08639058470726013	0.1389569491147995	0.08299907296895981	0.03172603249549866	0.0051389723084867	0.03172603249549866	0.0284025426954031	0.0051389723084867	0.08168741315603256	0.07987713068723679	0.02840254828333855	0.1662139296531677	0.08427368104457855	0	7.324589823554106e-09	0.003410435747355223	0.02684194408357143	0.01194700319319963	0.01194700319319963	0.05800245702266693	0.08869548141956329	0	0.08168741315603256	0.0737806037068367	0.08168741315603256	0.05278051272034645	0.07396955043077469	0.1047008261084557	0.08168741315603256	0.08168741315603256	0.02350169606506824	0.1299388110637665	0.08168741315603256	0.1001865118741989	0.1096153929829597	0.12567438185215	0.04279821738600731	0.1001877710223198	0.108218602836132	0.1126545965671539	0.108218602836132	0.08168741315603256	0.04321135953068733	0.06938862055540085	0.1049081236124039	0.1299388110637665	0.08168741315603256	0.02348776534199715	0.08698692917823792	0.1002006158232689	0.08168741315603256	0.03171092644333839	0.1001877710223198	0.1351442337036133	0.02682668715715408	0.02682806923985481	0.08168741315603256	0.03171092644333839	0.1002006158232689	0.096860371530056
S3-female-1	0.003684850875288248	0	0.1238790526986122	0.06859510391950607	0.037590142339468	0	0.003684850875288248	0.1351428478956223	0.003684850875288248	0.04100508242845535	0	0.02181959897279739	0.1195696890354156	0.157441571354866	0.1394043415784836	0.0751241073012352	0	0.149332121014595	0.007371282670646906	0.1231062337756157	0.02181960642337799	0.02181960642337799	0.02181960642337799	0.02534568123519421	0.02181960642337799	0.1073708459734917	0.0751241073012352	0.09219641983509064	0.09685894101858139	0.1013916283845901	0.005554064642637968	0.01291358098387718	0.02714952640235424	0.005554064642637968	0.005554064642637968	0.02714953199028969	0.1453777998685837	0.1287690997123718	0.09685894101858139	0.09219640493392944	0.09219640493392944	0.09219640493392944	0.04960213974118233	0.02714953199028969	0.09839515388011932	0.09839515388011932	0.0218347143381834	0.1231062337756157	0.09839515388011932	0.02714952640235424	0.01291358098387718	0.01291358098387718	0.01291358098387718	0	0.0218347143381834	0	0.0218347143381834	0	0.04100364446640015	0.06289178133010864	0.07022888958454132	0.07204136252403259	0.01286420412361622	0.009198172017931938	0.01291358098387718	0.01291358098387718	0.1040929481387138	0.005554064642637968	0.01291358098387718	0.005554064642637968	0.02536068670451641	0.0218347143381834	0.02536069601774216	0.0218347143381834	0.007371282670646906	0	0.005554064642637968	0	0.04890431091189384	0.005554064642637968	0.01291358098387718	0	0.01291358098387718	0	0.07341517508029938	0.08913343399763107	0.07987701147794724	0.09839515388011932	0.02714952640235424	0.005554064642637968	0.005554064642637968	0.005554064642637968	0.07420617341995239	0.01291358098387718	0.07022888958454132	0	0.0938321053981781	0	0	0.005554064642637968	0.06730365008115768	0.009198172017931938	0.09839514642953873	0.08639058470726013	0.09839514642953873	0.1013916283845901	0.08639058470726013	0	0.01286420412361622	0.1013916283845901	0.1118900030851364	0.15306556224823	0.08168741315603256	0.08168742060661316	0.07827697694301605	0.0938321053981781	0.08668649196624756	0.08668649196624756	0.1347806602716446	0.151608482003212	0.08168741315603256	0	0.1433607488870621	0	0.1057761311531067	0.06779924035072327	0.02713105641305447	0	0	0.09685893356800079	0.05675254389643669	0	0.02181810326874256	0.04019862413406372	0.0517570897936821	0.1147058382630348	0.02181959897279739	0.03126809746026993	0.03648116812109947	0.03126809746026993	0	0.1150879487395287	0.1392987072467804	0.03472651168704033	0.05675254389643669	0	0.09684604406356812	0.1555749773979187	0.0218347143381834	0	0.09838103502988815	0.02181959897279739	0.06979701668024063	0.09381784498691559	0.09381914138793945	0	0.09838103502988815	0.0218347143381834	0.02536068670451641
S3-female-3	0.1401924788951874	0.1433607488870621	0.03165008500218391	0.08027191460132599	0.1099018305540085	0.1433607488870621	0.1401924788951874	0.009502020664513111	0.1401924788951874	0.1157437860965729	0.1433607488870621	0.1331804394721985	0.02702208235859871	0.100690983235836	0.1252238154411316	0.07377924025058746	0.1433607488870621	0.1430221050977707	0.1433621048927307	0.2046781927347183	0.1331804543733597	0.1331804543733597	0.1331804543733597	0.1300272643566132	0.1331804543733597	0.04964666068553925	0.07377924025058746	0.08959197252988815	0.05148899555206299	0.04670459032058716	0.1385763436555862	0.1449160128831863	0.1194543465971947	0.1385763436555862	0.1385763436555862	0.1194543614983559	0.1142072826623917	0.1237524747848511	0.05148899555206299	0.08959195762872696	0.08959195762872696	0.08959195762872696	0.1460876315832138	0.1194543614983559	0.04987285658717155	0.04987285658717155	0.1242387592792511	0.2046781927347183	0.04987285658717155	0.1194543465971947	0.1449160128831863	0.1449160128831863	0.1449160128831863	0.1433607488870621	0.1242387592792511	0.1433607488870621	0.1242387592792511	0.1433607488870621	0.1067335605621338	0.1509576737880707	0.07865577191114426	0.08344153314828873	0.1385776996612549	0.1354080736637115	0.1449160128831863	0.1449160128831863	0.2079429924488068	0.1385763436555862	0.1449160128831863	0.1385763436555862	0.1210704892873764	0.1242387592792511	0.121070496737957	0.1242387592792511	0.1433621048927307	0.1433607488870621	0.1385763436555862	0.1433607488870621	0.1455366611480713	0.1385763436555862	0.1449160128831863	0.1433607488870621	0.1449160128831863	0.1433607488870621	0.07548750936985016	0.05953378602862358	0.06899483501911163	0.04987285286188126	0.1194543465971947	0.1385763436555862	0.1385763436555862	0.1385763436555862	0.1910511255264282	0.1449160128831863	0.07865577191114426	0.1433607488870621	0.05465725436806679	0.1433607488870621	0.1433607488870621	0.1385763436555862	0.1850535124540329	0.1354080736637115	0.04987284541130066	0.06899619847536087	0.04987284541130066	0.04670459032058716	0.06899619847536087	0.1433607488870621	0.1385776996612549	0.04670458287000656	0.2143200188875198	0.132844939827919	0.0737806037068367	0.0737806037068367	0.07061097770929337	0.05465725436806679	0.07533450424671173	0.07533450424671173	0.1237537562847137	0.1451591849327087	0.0737806037068367	0.1433607488870621	0	0.1433607488870621	0.05134996771812439	0.0810571163892746	0.1284219920635223	0.1433607488870621	0.1433607488870621	0.05148898437619209	0.09181918203830719	0.1433607488870621	0.1242536157369614	0.1170100644230843	0.09660357981920242	0.03236766159534454	0.1331804394721985	0.1157107055187225	0.1109263002872467	0.1157107055187225	0.1433607488870621	0.0605941116809845	0.01421658881008625	0.1125424355268478	0.09181918203830719	0.1433607488870621	0.06077694892883301	0.01425830647349358	0.1242387592792511	0.1433607488870621	0.04988771677017212	0.1331804394721985	0.07908352464437485	0.05467211455106735	0.06393013894557953	0.1433607488870621	0.04988771677017212	0.1242387592792511	0.1210704892873764
S3-male-1	0.003684850875288248	0	0.1238790526986122	0.06859510391950607	0.037590142339468	0	0.003684850875288248	0.1351428478956223	0.003684850875288248	0.04100508242845535	0	0.02181959897279739	0.1195696890354156	0.157441571354866	0.1394043415784836	0.0751241073012352	0	0.149332121014595	0.007371282670646906	0.1231062337756157	0.02181960642337799	0.02181960642337799	0.02181960642337799	0.02534568123519421	0.02181960642337799	0.1073708459734917	0.0751241073012352	0.09219641983509064	0.09685894101858139	0.1013916283845901	0.005554064642637968	0.01291358098387718	0.02714952640235424	0.005554064642637968	0.005554064642637968	0.02714953199028969	0.1453777998685837	0.1287690997123718	0.09685894101858139	0.09219640493392944	0.09219640493392944	0.09219640493392944	0.04960213974118233	0.02714953199028969	0.09839515388011932	0.09839515388011932	0.0218347143381834	0.1231062337756157	0.09839515388011932	0.02714952640235424	0.01291358098387718	0.01291358098387718	0.01291358098387718	0	0.0218347143381834	0	0.0218347143381834	0	0.04100364446640015	0.06289178133010864	0.07022888958454132	0.07204136252403259	0.01286420412361622	0.009198172017931938	0.01291358098387718	0.01291358098387718	0.1040929481387138	0.005554064642637968	0.01291358098387718	0.005554064642637968	0.02536068670451641	0.0218347143381834	0.02536069601774216	0.0218347143381834	0.007371282670646906	0	0.005554064642637968	0	0.04890431091189384	0.005554064642637968	0.01291358098387718	0	0.01291358098387718	0	0.07341517508029938	0.08913343399763107	0.07987701147794724	0.09839515388011932	0.02714952640235424	0.005554064642637968	0.005554064642637968	0.005554064642637968	0.07420617341995239	0.01291358098387718	0.07022888958454132	0	0.0938321053981781	0	0	0.005554064642637968	0.06730365008115768	0.009198172017931938	0.09839514642953873	0.08639058470726013	0.09839514642953873	0.1013916283845901	0.08639058470726013	0	0.01286420412361622	0.1013916283845901	0.1118900030851364	0.15306556224823	0.08168741315603256	0.08168742060661316	0.07827697694301605	0.0938321053981781	0.08668649196624756	0.08668649196624756	0.1347806602716446	0.151608482003212	0.08168741315603256	0	0.1433607488870621	0	0.1057761311531067	0.06779924035072327	0.02713105641305447	0	0	0.09685893356800079	0.05675254389643669	0	0.02181810326874256	0.04019862413406372	0.0517570897936821	0.1147058382630348	0.02181959897279739	0.03126809746026993	0.03648116812109947	0.03126809746026993	0	0.1150879487395287	0.1392987072467804	0.03472651168704033	0.05675254389643669	0	0.09684604406356812	0.1555749773979187	0.0218347143381834	0	0.09838103502988815	0.02181959897279739	0.06979701668024063	0.09381784498691559	0.09381914138793945	0	0.09838103502988815	0.0218347143381834	0.02536068670451641
S3-male-2	0.1024688705801964	0.1057761311531067	0.06439246982336044	0.03991929814219475	0.0708492249250412	0.1057761311531067	0.1024688705801964	0.04229313507676125	0.1024688705801964	0.06754055619239807	0.1057761311531067	0.08582929521799088	0.05989625677466393	0.07284489274024963	0.1158154010772705	0.05277910083532333	0.1057761311531067	0.1257781833410263	0.1057775542140007	0.1731161028146744	0.08582930266857147	0.08582930266857147	0.08582930266857147	0.08252202719449997	0.08582930266857147	0.01819952949881554	0.05277910083532333	0.06912080198526382	0.02974319085478783	0.03451697528362274	0.1102199777960777	0.1168048977851868	0.09035820513963699	0.1102199777960777	0.1102199777960777	0.09035822004079819	0.08685126900672913	0.1054998263716698	0.02974319085478783	0.06912079453468323	0.06912079453468323	0.06912079453468323	0.1095973029732704	0.09035822004079819	0.03777511045336723	0.03777511045336723	0.08581516891717911	0.1731161028146744	0.03777511045336723	0.09035820513963699	0.1168048977851868	0.1168048977851868	0.1168048977851868	0.1057761311531067	0.08581516891717911	0.1057761311531067	0.08581516891717911	0.1057761311531067	0.06754195690155029	0.1150266602635384	0.04798125103116035	0.04322798550128937	0.1102213859558105	0.106929138302803	0.1168048977851868	0.1168048977851868	0.1845000982284546	0.1102199777960777	0.1168048977851868	0.1102199777960777	0.0825079008936882	0.08581516891717911	0.0825079083442688	0.08581516891717911	0.1057775542140007	0.1057761311531067	0.1102199777960777	0.1057761311531067	0.1089981943368912	0.1102199777960777	0.1168048977851868	0.1057761311531067	0.1168048977851868	0.1057761311531067	0.04469041898846626	0.02811948023736477	0.05743955075740814	0.03777509927749634	0.09035820513963699	0.1102199777960777	0.1102199777960777	0.1102199777960777	0.1661971211433411	0.1168048977851868	0.04798125103116035	0.1057761311531067	0.03301743045449257	0.1057761311531067	0.1057761311531067	0.1102199777960777	0.159980446100235	0.106929138302803	0.03777510672807693	0.05744094774127007	0.03777510672807693	0.03451697528362274	0.05744094774127007	0.1057761311531067	0.1102213859558105	0.03451697155833244	0.1912081986665726	0.1238183304667473	0.05278051272034645	0.05278050154447556	0.04950485378503799	0.03301743045449257	0.06395904719829559	0.06395904719829559	0.1055011674761772	0.1280254125595093	0.05278051272034645	0.1057761311531067	0.05134996771812439	0.1057761311531067	0	0.05998184531927109	0.08083830773830414	0.1057761311531067	0.1057761311531067	0.02974318340420723	0.1157685443758965	0.1057761311531067	0.0858306959271431	0.1321030408143997	0.111476294696331	0.01977334171533585	0.08582929521799088	0.1308622062206268	0.1350608021020889	0.1308622062206268	0.1057761311531067	0.04897695034742355	0.03748789429664612	0.1276477128267288	0.1157685443758965	0.1057761311531067	0.02975716814398766	0.06481264531612396	0.08581516891717911	0.1057761311531067	0.03779039904475212	0.08582929521799088	0.09370063245296478	0.03303280100226402	0.0330314077436924	0.1057761311531067	0.03779039904475212	0.08581516891717911	0.0825079008936882
S3-male-3	0.06435151398181915	0.06779924035072327	0.1032960116863251	0.06119377538561821	0.06163055822253227	0.06779924035072327	0.06435151398181915	0.09055913984775543	0.06435151398181915	0.05823714658617973	0.06779924035072327	0.07700968533754349	0.1080792024731636	0.1195956543087959	0.1275300830602646	0.07396813482046127	0.06779924035072327	0.1459949761629105	0.06780071556568146	0.1414809226989746	0.07700969278812408	0.07700969278812408	0.07700969278812408	0.0736149325966835	0.07700969278812408	0.06795764714479446	0.07396813482046127	0.09047387540340424	0.05070096254348755	0.04570687562227249	0.06259281933307648	0.0694916769862175	0.0417841300368309	0.06259281933307648	0.06259281933307648	0.0417841412127018	0.1335377842187881	0.1259978711605072	0.05070096254348755	0.09047387540340424	0.09047387540340424	0.09047387540340424	0.07280705869197845	0.0417841412127018	0.04901399090886116	0.04901399090886116	0.04699054732918739	0.1414809226989746	0.04901399090886116	0.0417841300368309	0.0694916769862175	0.0694916769862175	0.0694916769862175	0.06779924035072327	0.04699054732918739	0.06779924035072327	0.04699054732918739	0.06779924035072327	0.05823579803109169	0.07882921397686005	0.05948961898684502	0.06453601270914078	0.06259430199861526	0.05914509668946266	0.0694916769862175	0.0694916769862175	0.1444095522165298	0.06259281933307648	0.0694916769862175	0.06259281933307648	0.04354282468557358	0.04699054732918739	0.04354283586144447	0.04699054732918739	0.06780071556568146	0.06779924035072327	0.06259281933307648	0.06779924035072327	0.07215742021799088	0.06259281933307648	0.0694916769862175	0.06779924035072327	0.0694916769862175	0.06779924035072327	0.05614880844950676	0.03932622820138931	0.06897404789924622	0.04901399090886116	0.0417841300368309	0.06259281933307648	0.06259281933307648	0.06259281933307648	0.1238658502697945	0.0694916769862175	0.05948961898684502	0.06779924035072327	0.05400807037949562	0.06779924035072327	0.06779924035072327	0.06259281933307648	0.1173701286315918	0.05914509668946266	0.04901398718357086	0.06897546350955963	0.04901398718357086	0.04570687562227249	0.06897546350955963	0.06779924035072327	0.06259430199861526	0.0457068644464016	0.1515976190567017	0.1354151666164398	0.07396955043077469	0.07396955788135529	0.07066101580858231	0.05400807037949562	0.0755915492773056	0.0755915492773056	0.1259992122650146	0.1482104957103729	0.07396955043077469	0.06779924035072327	0.0810571163892746	0.06779924035072327	0.05998184531927109	0	0.08171407878398895	0.06779924035072327	0.06779924035072327	0.05070095881819725	0.09858783334493637	0.06779924035072327	0.07700836658477783	0.0965111255645752	0.1035667583346367	0.05977754667401314	0.07700968533754349	0.09502888470888138	0.08997455239295959	0.09502888470888138	0.06779924035072327	0.08838453143835068	0.09488788992166519	0.09168187528848648	0.09858783334493637	0.06779924035072327	0.07945917546749115	0.09415968507528305	0.04699054732918739	0.06779924035072327	0.07779580354690552	0.07700968533754349	0.08533436059951782	0.08271626383066177	0.08271753042936325	0.06779924035072327	0.07779580354690552	0.04699054732918739	0.04354282468557358
S4-female-1	0.03061902150511742	0.02713105641305447	0.1086944490671158	0.09217558801174164	0.02138200588524342	0.02713105641305447	0.03061902150511742	0.1201009601354599	0.03061902150511742	0.02483301796019077	0.02713105641305447	0.005429933778941631	0.1043344587087631	0.1426788419485092	0.1597213894128799	0.09837929159402847	0.02713105641305447	0.1690450012683868	0.03420579433441162	0.1351496875286102	0.005429941695183516	0.005429941695183516	0.005429941695183516	0.008995701558887959	0.005429941695183516	0.09198341518640518	0.09837929159402847	0.115022324025631	0.1097743809223175	0.1141544058918953	0.03238862380385399	0.03954955190420151	0.0425221212208271	0.03238862380385399	0.03238862380385399	0.0425221286714077	0.1304619759321213	0.149434968829155	0.1097743809223175	0.1150223165750504	0.1150223165750504	0.1150223165750504	0.06416094303131104	0.0425221286714077	0.1112587600946426	0.1112587600946426	0.03740305081009865	0.1351496875286102	0.1112587600946426	0.0425221212208271	0.03954955190420151	0.03954955190420151	0.03954955190420151	0.02713105641305447	0.03740305081009865	0.02713105641305447	0.03740305081009865	0.02713105641305447	0.02483450993895531	0.07697891443967819	0.09372777491807938	0.09553460031747818	0.03940651938319206	0.03583905845880508	0.03954955190420151	0.03954955190420151	0.1259313523769379	0.03238862380385399	0.03954955190420151	0.03238862380385399	0.04079903289675713	0.03740305081009865	0.04079903662204742	0.03740305081009865	0.03420579433441162	0.02713105641305447	0.03238862380385399	0.02713105641305447	0.06348809599876404	0.03238862380385399	0.03954955190420151	0.02713105641305447	0.03954955190420151	0.02713105641305447	0.09675528854131699	0.1023110821843147	0.1028967648744583	0.1112587600946426	0.0425221212208271	0.03238862380385399	0.03238862380385399	0.03238862380385399	0.09767627716064453	0.03954955190420151	0.09372777491807938	0.02713105641305447	0.1068499907851219	0.02713105641305447	0.02713105641305447	0.03238862380385399	0.09094874560832977	0.03583905845880508	0.1112587451934814	0.1091717928647995	0.1112587451934814	0.1141544058918953	0.1091717928647995	0.02713105641305447	0.03940651938319206	0.1141543984413147	0.1334322839975357	0.1726077646017075	0.1047008261084557	0.1047008335590363	0.1013758555054665	0.1068499907851219	0.1095358803868294	0.1095358803868294	0.1552395522594452	0.17121721804142	0.1047008261084557	0.02713105641305447	0.1284219920635223	0.02713105641305447	0.08083830773830414	0.08171407878398895	0	0.02713105641305447	0.02713105641305447	0.1097743734717369	0.04076505079865456	0.02713105641305447	0.005431454628705978	0.06521955132484436	0.03571167960762978	0.0994107648730278	0.005429933778941631	0.05675062909722328	0.06169374287128448	0.05675062909722328	0.02713105641305447	0.0997975692152977	0.1152957379817963	0.06002979353070259	0.04076505079865456	0.02713105641305447	0.08133085817098618	0.1407909095287323	0.03740305081009865	0.02713105641305447	0.08288709819316864	0.005429933778941631	0.05396208539605141	0.07826885581016541	0.07826745510101318	0.02713105641305447	0.08288709819316864	0.03740305081009865	0.04079903289675713
S4-female-2	0.003684850875288248	0	0.1238790526986122	0.06859510391950607	0.037590142339468	0	0.003684850875288248	0.1351428478956223	0.003684850875288248	0.04100508242845535	0	0.02181959897279739	0.1195696890354156	0.157441571354866	0.1394043415784836	0.0751241073012352	0	0.149332121014595	0.007371282670646906	0.1231062337756157	0.02181960642337799	0.02181960642337799	0.02181960642337799	0.02534568123519421	0.02181960642337799	0.1073708459734917	0.0751241073012352	0.09219641983509064	0.09685894101858139	0.1013916283845901	0.005554064642637968	0.01291358098387718	0.02714952640235424	0.005554064642637968	0.005554064642637968	0.02714953199028969	0.1453777998685837	0.1287690997123718	0.09685894101858139	0.09219640493392944	0.09219640493392944	0.09219640493392944	0.04960213974118233	0.02714953199028969	0.09839515388011932	0.09839515388011932	0.0218347143381834	0.1231062337756157	0.09839515388011932	0.02714952640235424	0.01291358098387718	0.01291358098387718	0.01291358098387718	0	0.0218347143381834	0	0.0218347143381834	0	0.04100364446640015	0.06289178133010864	0.07022888958454132	0.07204136252403259	0.01286420412361622	0.009198172017931938	0.01291358098387718	0.01291358098387718	0.1040929481387138	0.005554064642637968	0.01291358098387718	0.005554064642637968	0.02536068670451641	0.0218347143381834	0.02536069601774216	0.0218347143381834	0.007371282670646906	0	0.005554064642637968	0	0.04890431091189384	0.005554064642637968	0.01291358098387718	0	0.01291358098387718	0	0.07341517508029938	0.08913343399763107	0.07987701147794724	0.09839515388011932	0.02714952640235424	0.005554064642637968	0.005554064642637968	0.005554064642637968	0.07420617341995239	0.01291358098387718	0.07022888958454132	0	0.0938321053981781	0	0	0.005554064642637968	0.06730365008115768	0.009198172017931938	0.09839514642953873	0.08639058470726013	0.09839514642953873	0.1013916283845901	0.08639058470726013	0	0.01286420412361622	0.1013916283845901	0.1118900030851364	0.15306556224823	0.08168741315603256	0.08168742060661316	0.07827697694301605	0.0938321053981781	0.08668649196624756	0.08668649196624756	0.1347806602716446	0.151608482003212	0.08168741315603256	0	0.1433607488870621	0	0.1057761311531067	0.06779924035072327	0.02713105641305447	0	0	0.09685893356800079	0.05675254389643669	0	0.02181810326874256	0.04019862413406372	0.0517570897936821	0.1147058382630348	0.02181959897279739	0.03126809746026993	0.03648116812109947	0.03126809746026993	0	0.1150879487395287	0.1392987072467804	0.03472651168704033	0.05675254389643669	0	0.09684604406356812	0.1555749773979187	0.0218347143381834	0	0.09838103502988815	0.02181959897279739	0.06979701668024063	0.09381784498691559	0.09381914138793945	0	0.09838103502988815	0.0218347143381834	0.02536068670451641
S4-female-3	0.003684850875288248	0	0.1238790526986122	0.06859510391950607	0.037590142339468	0	0.003684850875288248	0.1351428478956223	0.003684850875288248	0.04100508242845535	0	0.02181959897279739	0.1195696890354156	0.157441571354866	0.1394043415784836	0.0751241073012352	0	0.149332121014595	0.007371282670646906	0.1231062337756157	0.02181960642337799	0.02181960642337799	0.02181960642337799	0.02534568123519421	0.02181960642337799	0.1073708459734917	0.0751241073012352	0.09219641983509064	0.09685894101858139	0.1013916283845901	0.005554064642637968	0.01291358098387718	0.02714952640235424	0.005554064642637968	0.005554064642637968	0.02714953199028969	0.1453777998685837	0.1287690997123718	0.09685894101858139	0.09219640493392944	0.09219640493392944	0.09219640493392944	0.04960213974118233	0.02714953199028969	0.09839515388011932	0.09839515388011932	0.0218347143381834	0.1231062337756157	0.09839515388011932	0.02714952640235424	0.01291358098387718	0.01291358098387718	0.01291358098387718	0	0.0218347143381834	0	0.0218347143381834	0	0.04100364446640015	0.06289178133010864	0.07022888958454132	0.07204136252403259	0.01286420412361622	0.009198172017931938	0.01291358098387718	0.01291358098387718	0.1040929481387138	0.005554064642637968	0.01291358098387718	0.005554064642637968	0.02536068670451641	0.0218347143381834	0.02536069601774216	0.0218347143381834	0.007371282670646906	0	0.005554064642637968	0	0.04890431091189384	0.005554064642637968	0.01291358098387718	0	0.01291358098387718	0	0.07341517508029938	0.08913343399763107	0.07987701147794724	0.09839515388011932	0.02714952640235424	0.005554064642637968	0.005554064642637968	0.005554064642637968	0.07420617341995239	0.01291358098387718	0.07022888958454132	0	0.0938321053981781	0	0	0.005554064642637968	0.06730365008115768	0.009198172017931938	0.09839514642953873	0.08639058470726013	0.09839514642953873	0.1013916283845901	0.08639058470726013	0	0.01286420412361622	0.1013916283845901	0.1118900030851364	0.15306556224823	0.08168741315603256	0.08168742060661316	0.07827697694301605	0.0938321053981781	0.08668649196624756	0.08668649196624756	0.1347806602716446	0.151608482003212	0.08168741315603256	0	0.1433607488870621	0	0.1057761311531067	0.06779924035072327	0.02713105641305447	0	0	0.09685893356800079	0.05675254389643669	0	0.02181810326874256	0.04019862413406372	0.0517570897936821	0.1147058382630348	0.02181959897279739	0.03126809746026993	0.03648116812109947	0.03126809746026993	0	0.1150879487395287	0.1392987072467804	0.03472651168704033	0.05675254389643669	0	0.09684604406356812	0.1555749773979187	0.0218347143381834	0	0.09838103502988815	0.02181959897279739	0.06979701668024063	0.09381784498691559	0.09381914138793945	0	0.09838103502988815	0.0218347143381834	0.02536068670451641
S4-male-2	0.0935186892747879	0.09685893356800079	0.06459744274616241	0.03034538589417934	0.09044697880744934	0.09685893356800079	0.0935186892747879	0.04238975420594215	0.0935186892747879	0.08715774118900299	0.09685893356800079	0.1053537875413895	0.06007788702845573	0.07308453321456909	0.08952084183692932	0.02350026182830334	0.09685893356800079	0.1001536473631859	0.096860371530056	0.1656649559736252	0.1053538024425507	0.1053538024425507	0.1053538024425507	0.1020632907748222	0.1053538024425507	0.01818200573325157	0.02350026182830334	0.04017136618494987	7.152450187675186e-09	0.005018810741603374	0.1013916283845901	0.1080418825149536	0.08133278787136078	0.1013916283845901	0.1013916283845901	0.08133279532194138	0.08715655654668808	0.07888402044773102	7.152450187675186e-09	0.04017135873436928	0.04017135873436928	0.04017135873436928	0.1009514182806015	0.08133279532194138	0.00834229588508606	0.00834229588508606	0.07669892162084579	0.1656649559736252	0.00834229588508606	0.08133278787136078	0.1080418825149536	0.1080418825149536	0.1080418825149536	0.09685893356800079	0.07669892162084579	0.09685893356800079	0.07669892162084579	0.09685893356800079	0.08715647459030151	0.1065175011754036	0.03853537514805794	0.03368706628680229	0.1013930439949036	0.09806813299655914	0.1080418825149536	0.1080418825149536	0.1771179288625717	0.1013916283845901	0.1080418825149536	0.1013916283845901	0.07335866987705231	0.07669892162084579	0.0733586773276329	0.07669892162084579	0.096860371530056	0.09685893356800079	0.1013916283845901	0.09685893356800079	0.1003406345844269	0.1013916283845901	0.1080418825149536	0.09685893356800079	0.1080418825149536	0.09685893356800079	0.03521189093589783	0.01847654022276402	0.02840112522244453	0.008342294953763485	0.08133278787136078	0.1013916283845901	0.1013916283845901	0.1013916283845901	0.1583911627531052	0.1080418825149536	0.03853537514805794	0.09685893356800079	0.003340248484164476	0.09685893356800079	0.09685893356800079	0.1013916283845901	0.1521163135766983	0.09806813299655914	0.008342288434505463	0.02840254828333855	0.008342288434505463	0.005018810741603374	0.02840254828333855	0.09685893356800079	0.1013930439949036	0.005018803756684065	0.1839203685522079	0.09818902611732483	0.02350169606506824	0.02350170351564884	0.0201600156724453	0.003340248484164476	0.035051379352808	0.035051379352808	0.07888537645339966	0.1025096029043198	0.02350169606506824	0.09685893356800079	0.05148898437619209	0.09685893356800079	0.02974318340420723	0.05070095881819725	0.1097743734717369	0.09685893356800079	0.09685893356800079	0	0.1345074772834778	0.09685893356800079	0.1053525432944298	0.1237368881702423	0.130326896905899	0.01976094022393227	0.1053537875413895	0.1224406585097313	0.1267208158969879	0.1224406585097313	0.09685893356800079	0.04910692200064659	0.04699129983782768	0.1191950291395187	0.1345074772834778	0.09685893356800079	0.02979703806340694	0.06501314789056778	0.07669892162084579	0.09685893356800079	0.03786704689264297	0.1053537875413895	0.1126387640833855	0.03308619931340218	0.03308755159378052	0.09685893356800079	0.03786704689264297	0.07669892162084579	0.07335866987705231
S4-male-3	0.0600316971540451	0.05675254389643669	0.08055131882429123	0.1180212125182152	0.05071499943733215	0.05675254389643669	0.0600316971540451	0.09232150763273239	0.0600316971540451	0.06396488100290298	0.05675254389643669	0.04600208252668381	0.07605724781751633	0.1736005991697311	0.173666849732399	0.1238778308033943	0.05675254389643669	0.1907513290643692	0.06350964307785034	0.1585114002227783	0.0460020899772644	0.0460020899772644	0.0460020899772644	0.04930129274725914	0.0460020899772644	0.1263235360383987	0.1238778308033943	0.1400502026081085	0.1345075070858002	0.1297004222869873	0.05148442834615707	0.05846504494547844	0.06106967106461525	0.05148442834615707	0.05148442834615707	0.06106968224048615	0.1621917933225632	0.1721638739109039	0.1345075070858002	0.1400501877069473	0.1400501877069473	0.1400501877069473	0.09145466983318329	0.06106968224048615	0.1269211620092392	0.1269211620092392	0.06625582277774811	0.1585114002227783	0.1269211620092392	0.06106967106461525	0.05846504494547844	0.05846504494547844	0.05846504494547844	0.05675254389643669	0.06625582277774811	0.05675254389643669	0.06625582277774811	0.05675254389643669	0.05396397411823273	0.1035406962037086	0.1101927384734154	0.1212845891714096	0.05825984477996826	0.05478189513087273	0.05846504494547844	0.05846504494547844	0.1410903334617615	0.05148442834615707	0.05846504494547844	0.05148442834615707	0.06945161521434784	0.06625582277774811	0.06945162266492844	0.06625582277774811	0.06350964307785034	0.05675254389643669	0.05148442834615707	0.05675254389643669	0.09082050621509552	0.05148442834615707	0.05846504494547844	0.05675254389643669	0.05846504494547844	0.05675254389643669	0.1130952760577202	0.1183357536792755	0.1189846098423004	0.126921147108078	0.06106967106461525	0.05148442834615707	0.05148442834615707	0.05148442834615707	0.1140970140695572	0.05846504494547844	0.1101927384734154	0.05675254389643669	0.1317435801029205	0.05675254389643669	0.05675254389643669	0.05148442834615707	0.1075288504362106	0.05478189513087273	0.126921147108078	0.1250614076852798	0.126921147108078	0.1297004222869873	0.1250614076852798	0.05675254389643669	0.05825984477996826	0.1297004222869873	0.148348480463028	0.1859660893678665	0.1299388110637665	0.1299388259649277	0.1267075836658478	0.1317435801029205	0.1254684627056122	0.1254684627056122	0.1777444630861282	0.1928117126226425	0.1299388110637665	0.05675254389643669	0.09181918203830719	0.05675254389643669	0.1157685443758965	0.09858783334493637	0.04076505079865456	0.05675254389643669	0.05675254389643669	0.1345074772834778	0	0.05675254389643669	0.03571364656090736	0.03504925593733788	0.005268116947263479	0.1152955293655396	0.04600208252668381	0.02630701661109924	0.02103889919817448	0.02630701661109924	0.05675254389643669	0.1156667768955231	0.096662238240242	0.02969201467931271	0	0.05675254389643669	0.1164111271500587	0.104768306016922	0.06625582277774811	0.05675254389643669	0.09944292902946472	0.04600208252668381	0.02409467101097107	0.104336142539978	0.1135619580745697	0.05675254389643669	0.09944292902946472	0.06625582277774811	0.06945161521434784
S5-female-1	0.003684850875288248	0	0.1238790526986122	0.06859510391950607	0.037590142339468	0	0.003684850875288248	0.1351428478956223	0.003684850875288248	0.04100508242845535	0	0.02181959897279739	0.1195696890354156	0.157441571354866	0.1394043415784836	0.0751241073012352	0	0.149332121014595	0.007371282670646906	0.1231062337756157	0.02181960642337799	0.02181960642337799	0.02181960642337799	0.02534568123519421	0.02181960642337799	0.1073708459734917	0.0751241073012352	0.09219641983509064	0.09685894101858139	0.1013916283845901	0.005554064642637968	0.01291358098387718	0.02714952640235424	0.005554064642637968	0.005554064642637968	0.02714953199028969	0.1453777998685837	0.1287690997123718	0.09685894101858139	0.09219640493392944	0.09219640493392944	0.09219640493392944	0.04960213974118233	0.02714953199028969	0.09839515388011932	0.09839515388011932	0.0218347143381834	0.1231062337756157	0.09839515388011932	0.02714952640235424	0.01291358098387718	0.01291358098387718	0.01291358098387718	0	0.0218347143381834	0	0.0218347143381834	0	0.04100364446640015	0.06289178133010864	0.07022888958454132	0.07204136252403259	0.01286420412361622	0.009198172017931938	0.01291358098387718	0.01291358098387718	0.1040929481387138	0.005554064642637968	0.01291358098387718	0.005554064642637968	0.02536068670451641	0.0218347143381834	0.02536069601774216	0.0218347143381834	0.007371282670646906	0	0.005554064642637968	0	0.04890431091189384	0.005554064642637968	0.01291358098387718	0	0.01291358098387718	0	0.07341517508029938	0.08913343399763107	0.07987701147794724	0.09839515388011932	0.02714952640235424	0.005554064642637968	0.005554064642637968	0.005554064642637968	0.07420617341995239	0.01291358098387718	0.07022888958454132	0	0.0938321053981781	0	0	0.005554064642637968	0.06730365008115768	0.009198172017931938	0.09839514642953873	0.08639058470726013	0.09839514642953873	0.1013916283845901	0.08639058470726013	0	0.01286420412361622	0.1013916283845901	0.1118900030851364	0.15306556224823	0.08168741315603256	0.08168742060661316	0.07827697694301605	0.0938321053981781	0.08668649196624756	0.08668649196624756	0.1347806602716446	0.151608482003212	0.08168741315603256	0	0.1433607488870621	0	0.1057761311531067	0.06779924035072327	0.02713105641305447	0	0	0.09685893356800079	0.05675254389643669	0	0.02181810326874256	0.04019862413406372	0.0517570897936821	0.1147058382630348	0.02181959897279739	0.03126809746026993	0.03648116812109947	0.03126809746026993	0	0.1150879487395287	0.1392987072467804	0.03472651168704033	0.05675254389643669	0	0.09684604406356812	0.1555749773979187	0.0218347143381834	0	0.09838103502988815	0.02181959897279739	0.06979701668024063	0.09381784498691559	0.09381914138793945	0	0.09838103502988815	0.0218347143381834	0.02536068670451641
S5-female-2	0.02534419670701027	0.02181810326874256	0.1135619655251503	0.08755100518465042	0.01612382940948009	0.02181810326874256	0.02534419670701027	0.1158524379134178	0.02534419670701027	0.03015851229429245	0.02181810326874256	0.01086138840764761	0.09993191808462143	0.1473607569932938	0.155731201171875	0.09381784498691559	0.02181810326874256	0.1651721000671387	0.02895048819482327	0.1309769451618195	0.01086139678955078	0.01086139678955078	0.01086139678955078	0.01440768409520388	0.01086139678955078	0.09694218635559082	0.09381784498691559	0.1105450838804245	0.1053525432944298	0.1097760871052742	0.02713309787213802	0.03433291614055634	0.03740504011511803	0.02713309787213802	0.02713309787213802	0.03740504384040833	0.1352106332778931	0.1453766673803329	0.1053525432944298	0.1105450838804245	0.1105450838804245	0.1105450838804245	0.0592731237411499	0.03740504384040833	0.106851689517498	0.106851689517498	0.03223095834255219	0.1309769451618195	0.106851689517498	0.03740504011511803	0.03433291614055634	0.03433291614055634	0.03433291614055634	0.02181810326874256	0.03223095834255219	0.02181810326874256	0.03223095834255219	0.02181810326874256	0.01961347088217735	0.07222440838813782	0.08911903202533722	0.0909271314740181	0.03420780971646309	0.03062104806303978	0.03433291614055634	0.03433291614055634	0.1216451078653336	0.02713309787213802	0.03433291614055634	0.02713309787213802	0.03566346690058708	0.03223095834255219	0.03566347435116768	0.03223095834255219	0.02895048819482327	0.02181810326874256	0.02713309787213802	0.02181810326874256	0.05859322845935822	0.02713309787213802	0.03433291614055634	0.02181810326874256	0.03433291614055634	0.02181810326874256	0.0921773687005043	0.09781461954116821	0.09838103502988815	0.106851689517498	0.03740504011511803	0.02713309787213802	0.02713309787213802	0.02713309787213802	0.09307347983121872	0.03433291614055634	0.08911903202533722	0.02181810326874256	0.1023989766836166	0.02181810326874256	0.02181810326874256	0.02713309787213802	0.08631161600351334	0.03062104806303978	0.106851689517498	0.1047025620937347	0.106851689517498	0.1097760871052742	0.1047025620937347	0.02181810326874256	0.03420780971646309	0.1097760871052742	0.1292037516832352	0.1687680929899216	0.1001865118741989	0.1001865193247795	0.09684477746486664	0.1023989766836166	0.1050535812973976	0.1050535812973976	0.1512216329574585	0.1673645675182343	0.1001865118741989	0.02181810326874256	0.1242536157369614	0.02181810326874256	0.0858306959271431	0.07700836658477783	0.005431454628705978	0.02181810326874256	0.02181810326874256	0.1053525432944298	0.03571364656090736	0.02181810326874256	0	0.06031551212072372	0.03060676902532578	0.09495958685874939	0.01086138840764761	0.0517570897936821	0.05675254389643669	0.0517570897936821	0.02181810326874256	0.09535021334886551	0.1201009601354599	0.05507100746035576	0.03571364656090736	0.02181810326874256	0.08634781092405319	0.1367402970790863	0.03223095834255219	0.02181810326874256	0.07827065140008926	0.01086138840764761	0.04904907196760178	0.07360568642616272	0.08330114185810089	0.02181810326874256	0.07827065140008926	0.03223095834255219	0.03566346690058708
S5-male-1	0.03664881736040115	0.04019862413406372	0.1031472310423851	0.09725598245859146	0.07487976551055908	0.04019862413406372	0.03664881736040115	0.108582429587841	0.03664881736040115	0.0714595764875412	0.04019862413406372	0.06031689047813416	0.09877290576696396	0.1834298521280289	0.1667266935110092	0.1096139699220657	0.04019862413406372	0.1758294105529785	0.04020014777779579	0.1541704088449478	0.06031689792871475	0.06031689792871475	0.06031689792871475	0.05684148892760277	0.06031689792871475	0.139539435505867	0.1096139699220657	0.1260496228933334	0.1237369030714035	0.127988800406456	0.04531627520918846	0.05238152295351028	0.06523659825325012	0.04531627520918846	0.04531627520918846	0.06523660570383072	0.1721250116825104	0.15657839179039	0.1237369030714035	0.1260496228933334	0.1260496228933334	0.1260496228933334	0.08598433434963226	0.06523660570383072	0.1312020272016525	0.1312020272016525	0.0603308379650116	0.1541704088449478	0.1312020272016525	0.06523659825325012	0.05238152295351028	0.05238152295351028	0.05238152295351028	0.04019862413406372	0.0603308379650116	0.04019862413406372	0.0603308379650116	0.04019862413406372	0.07145822793245316	0.09191913157701492	0.1050779446959496	0.1005838885903358	0.04531778767704964	0.04178539663553238	0.05238152295351028	0.05238152295351028	0.1305234730243683	0.04531627520918846	0.05238152295351028	0.04531627520918846	0.05685549229383469	0.0603308379650116	0.05685550346970558	0.0603308379650116	0.04020014777779579	0.04019862413406372	0.04531627520918846	0.04019862413406372	0.08533892780542374	0.04531627520918846	0.05238152295351028	0.04019862413406372	0.05238152295351028	0.04019862413406372	0.1017680987715721	0.1226052641868591	0.1140198409557343	0.1312020123004913	0.06523659825325012	0.04531627520918846	0.04531627520918846	0.04531627520918846	0.1058708652853966	0.05238152295351028	0.1050779446959496	0.04019862413406372	0.1269657909870148	0.04019862413406372	0.04019862413406372	0.04531627520918846	0.09921680390834808	0.04178539663553238	0.1312020123004913	0.1140212491154671	0.1312020123004913	0.127988800406456	0.1140212491154671	0.04019862413406372	0.04531778767704964	0.1279887706041336	0.1379355192184448	0.1765624433755875	0.1096153929829597	0.1096153929829597	0.1063209027051926	0.1269657909870148	0.1205766499042511	0.1205766499042511	0.1565797179937363	0.1807195991277695	0.1096153929829597	0.04019862413406372	0.1170100644230843	0.04019862413406372	0.1321030408143997	0.0965111255645752	0.06521955132484436	0.04019862413406372	0.04019862413406372	0.1237368881702423	0.03504925593733788	0.04019862413406372	0.06031551212072372	0	0.0299849845468998	0.1404864639043808	0.06031689047813416	0.009218776598572731	0.01450161263346672	0.009218776598572731	0.04019862413406372	0.1313980370759964	0.1128442361950874	0.005668971221894026	0.03504925593733788	0.04019862413406372	0.1237247958779335	0.1295375227928162	0.0603308379650116	0.04019862413406372	0.1311889141798019	0.06031689047813416	0.04159779846668243	0.1269525587558746	0.1269537359476089	0.04019862413406372	0.1311889141798019	0.0603308379650116	0.05685549229383469
S5-male-2	0.05507100746035576	0.0517570897936821	0.08542072027921677	0.1136551350355148	0.0457661859691143	0.0517570897936821	0.05507100746035576	0.0879371389746666	0.05507100746035576	0.05912706628441811	0.0517570897936821	0.04097629711031914	0.07151396572589874	0.1698319613933563	0.178290382027626	0.1195696890354156	0.0517570897936821	0.1870771199464798	0.05856731161475182	0.1545600146055222	0.04097630828619003	0.04097630828619003	0.04097630828619003	0.0443103052675724	0.04097630828619003	0.1221102923154831	0.1195696890354156	0.1358215808868408	0.130326896905899	0.1345075070858002	0.05675254389643669	0.06373316049575806	0.06625582277774811	0.05675254389643669	0.05675254389643669	0.0662558376789093	0.1583181470632553	0.1683185696601868	0.130326896905899	0.1358215659856796	0.1358215659856796	0.1358215659856796	0.086846724152565	0.0662558376789093	0.1317435801029205	0.1317435801029205	0.0613880343735218	0.1545600146055222	0.1317435801029205	0.06625582277774811	0.06373316049575806	0.06373316049575806	0.06373316049575806	0.0517570897936821	0.0613880343735218	0.0517570897936821	0.0613880343735218	0.0517570897936821	0.04904907196760178	0.09905484318733215	0.1151347905397415	0.116934671998024	0.06350964307785034	0.0600316971540451	0.06373316049575806	0.06373316049575806	0.1458607763051987	0.05675254389643669	0.06373316049575806	0.05675254389643669	0.06461717933416367	0.0613880343735218	0.06461718678474426	0.0613880343735218	0.05856731161475182	0.0517570897936821	0.05675254389643669	0.0517570897936821	0.0862061083316803	0.05675254389643669	0.06373316049575806	0.0517570897936821	0.06373316049575806	0.0517570897936821	0.1180212125182152	0.1232056096196175	0.1238778308033943	0.1317435801029205	0.06625582277774811	0.05675254389643669	0.05675254389643669	0.05675254389643669	0.1190538629889488	0.06373316049575806	0.1151347905397415	0.0517570897936821	0.1275361925363541	0.0517570897936821	0.0517570897936821	0.05675254389643669	0.1124856993556023	0.0600316971540451	0.1317435801029205	0.1299388110637665	0.1317435801029205	0.1345075070858002	0.1299388110637665	0.0517570897936821	0.06350964307785034	0.1345074772834778	0.153096079826355	0.1904872953891754	0.12567438185215	0.12567438185215	0.122427299618721	0.1275361925363541	0.1303616762161255	0.1303616762161255	0.1739367693662643	0.1891562342643738	0.12567438185215	0.0517570897936821	0.09660357981920242	0.0517570897936821	0.111476294696331	0.1035667583346367	0.03571167960762978	0.0517570897936821	0.0517570897936821	0.130326896905899	0.005268116947263479	0.0517570897936821	0.03060676902532578	0.0299849845468998	0	0.1201026067137718	0.04097629711031914	0.02115032263100147	0.02630701661109924	0.02115032263100147	0.0517570897936821	0.120471827685833	0.09231982380151749	0.02457120455801487	0.005268116947263479	0.0517570897936821	0.1121015027165413	0.1094844788312912	0.0613880343735218	0.0517570897936821	0.104336142539978	0.04097629711031914	0.01902458630502224	0.09993191808462143	0.1092244237661362	0.0517570897936821	0.104336142539978	0.0613880343735218	0.06461717933416367
S5-male-3	0.1114316061139107	0.1147058382630348	0.05473032593727112	0.04950667172670364	0.08012771606445312	0.1147058382630348	0.1114316061139107	0.03258818760514259	0.1114316061139107	0.08631055802106857	0.1147058382630348	0.1043276116251945	0.05019129067659378	0.0724150612950325	0.09759087115526199	0.04279681667685509	0.1147058382630348	0.1165650561451912	0.1147072538733482	0.1805919408798218	0.1043276190757751	0.1043276190757751	0.1043276190757751	0.1010694801807404	0.1043276190757751	0.01801333948969841	0.04279681667685509	0.05913848057389259	0.01976094767451286	0.01481650397181511	0.1097614020109177	0.1163131296634674	0.08999976515769958	0.1097614020109177	0.1097614020109177	0.08999978005886078	0.08635632693767548	0.09607303887605667	0.01976094767451286	0.0591384693980217	0.0591384693980217	0.0591384693980217	0.1182597950100899	0.08999978005886078	0.018090745434165	0.018090745434165	0.09494421631097794	0.1805919408798218	0.018090745434165	0.08999976515769958	0.1163131296634674	0.1163131296634674	0.1163131296634674	0.1147058382630348	0.09494421631097794	0.1147058382630348	0.09494421631097794	0.1147058382630348	0.07685347646474838	0.1235537976026535	0.04783647134900093	0.05278231576085091	0.1097628027200699	0.1064871549606323	0.1163131296634674	0.1163131296634674	0.1837390661239624	0.1097614020109177	0.1163131296634674	0.1097614020109177	0.0916699692606926	0.09494421631097794	0.09166997671127319	0.09494421631097794	0.1147072538733482	0.1147058382630348	0.1097614020109177	0.1147058382630348	0.1176723018288612	0.1097614020109177	0.1163131296634674	0.1147058382630348	0.1163131296634674	0.1147058382630348	0.04456222802400589	0.02807483822107315	0.03785237297415733	0.018090745434165	0.08999976515769958	0.1097614020109177	0.1097614020109177	0.1097614020109177	0.1654975712299347	0.1163131296634674	0.04783647134900093	0.1147058382630348	0.02303518168628216	0.1147058382630348	0.1147058382630348	0.1097614020109177	0.159310519695282	0.1064871549606323	0.01809073984622955	0.03785377740859985	0.01809073984622955	0.01481650397181511	0.03785377740859985	0.1147058382630348	0.1097628027200699	0.01481649745255709	0.1904198527336121	0.105983704328537	0.04279821738600731	0.04279822483658791	0.03952257335186005	0.02303518168628216	0.04440409690141678	0.04440409690141678	0.09607437252998352	0.1188359707593918	0.04279821738600731	0.1147058382630348	0.03236766159534454	0.1147058382630348	0.01977334171533585	0.05977754667401314	0.0994107648730278	0.1147058382630348	0.1147058382630348	0.01976094022393227	0.1152955293655396	0.1147058382630348	0.09495958685874939	0.1404864639043808	0.1201026067137718	0	0.1043276116251945	0.1393003016710281	0.1344932168722153	0.1393003016710281	0.1147058382630348	0.02964306622743607	0.03721458837389946	0.1361170262098312	0.1152955293655396	0.1147058382630348	0.02951411157846451	0.04616446048021317	0.09494421631097794	0.1147058382630348	0.01810610666871071	0.1043276116251945	0.1024995073676109	0.02305055037140846	0.0327722579240799	0.1147058382630348	0.01810610666871071	0.09494421631097794	0.0916699692606926
s6-Female-1	0.02534568123519421	0.02181959897279739	0.1043360158801079	0.08755230903625488	0.02672485820949078	0.02181959897279739	0.02534568123519421	0.1249048486351967	0.02534568123519421	0.01961344107985497	0.02181959897279739	0	0.1092244237661362	0.1386471837759018	0.1557323336601257	0.09381913393735886	0.02181959897279739	0.1651731878519058	0.02895196713507175	0.1309781074523926	7.746725927404441e-09	7.746725927404441e-09	7.746725927404441e-09	0.003604738507419825	7.746725927404441e-09	0.08745957911014557	0.09381913393735886	0.110546350479126	0.1053538024425507	0.1097773164510727	0.02713457867503166	0.03433438390493393	0.03740647807717323	0.02713457867503166	0.02713457867503166	0.03740648552775383	0.1263143271207809	0.1453777998685837	0.1053538024425507	0.1105463355779648	0.1105463355779648	0.1105463355779648	0.05927449837327003	0.03740648552775383	0.1068529412150383	0.1068529412150383	0.03223241493105888	0.1309781074523926	0.1068529412150383	0.03740647807717323	0.03433438390493393	0.03433438390493393	0.03433438390493393	0.02181959897279739	0.03223241493105888	0.02181959897279739	0.03223241493105888	0.02181959897279739	0.03015851229429245	0.07222574949264526	0.08912032097578049	0.09092842787504196	0.03420927375555038	0.03062251582741737	0.03433438390493393	0.03433438390493393	0.1216463148593903	0.02713457867503166	0.03433438390493393	0.02713457867503166	0.03566491231322289	0.03223241493105888	0.03566491976380348	0.03223241493105888	0.02895196713507175	0.02181959897279739	0.02713457867503166	0.02181959897279739	0.05859459936618805	0.02713457867503166	0.03433438390493393	0.02181959897279739	0.03433438390493393	0.02181959897279739	0.09217865765094757	0.09781587868928909	0.09838231652975082	0.1068529412150383	0.03740647807717323	0.02713457867503166	0.02713457867503166	0.02713457867503166	0.09307476878166199	0.03433438390493393	0.08912032097578049	0.02181959897279739	0.1024002358317375	0.02181959897279739	0.02181959897279739	0.02713457867503166	0.0863129198551178	0.03062251582741737	0.1068529337644577	0.1047038212418556	0.1068529337644577	0.1097773164510727	0.1047038212418556	0.02181959897279739	0.03420927375555038	0.1097773164510727	0.1292049288749695	0.1687691658735275	0.1001877710223198	0.1001877784729004	0.09684604406356812	0.1024002358317375	0.1050548478960991	0.1050548478960991	0.1512227803468704	0.1673656702041626	0.1001877710223198	0.02181959897279739	0.1331804394721985	0.02181959897279739	0.08582929521799088	0.07700968533754349	0.005429933778941631	0.02181959897279739	0.02181959897279739	0.1053537875413895	0.04600208252668381	0.02181959897279739	0.01086138840764761	0.06031689047813416	0.04097629711031914	0.1043276116251945	0	0.05175849422812462	0.05675393342971802	0.05175849422812462	0.02181959897279739	0.1047123000025749	0.1200996264815331	0.05507240444421768	0.04600208252668381	0.02181959897279739	0.07670000940561295	0.1454818397760391	0.03223241493105888	0.02181959897279739	0.08789414912462234	0	0.05912706628441811	0.08330113440752029	0.07360558211803436	0.02181959897279739	0.08789414912462234	0.03223241493105888	0.03566491231322289
S6-female-2	0.03472651168704033	0.03126809746026993	0.0956001877784729	0.09577896445989609	0.06658575683832169	0.03126809746026993	0.03472651168704033	0.1072275638580322	0.03472651168704033	0.06979836523532867	0.03126809746026993	0.05175849422812462	0.09115174412727356	0.1797487437725067	0.1628323644399643	0.1019336730241776	0.03126809746026993	0.1720649898052216	0.03829808905720711	0.1472425311803818	0.05175850540399551	0.05175850540399551	0.05175850540399551	0.05507240444421768	0.05175850540399551	0.1323687881231308	0.1019336730241776	0.1185110956430435	0.1224406808614731	0.1267208307981491	0.03648116812109947	0.0436118096113205	0.05676798895001411	0.03648116812109947	0.03648116812109947	0.05676800012588501	0.1683196574449539	0.1525989025831223	0.1224406808614731	0.1185110807418823	0.1185110807418823	0.1185110807418823	0.07788911461830139	0.05676800012588501	0.1238911673426628	0.1238911673426628	0.05177269876003265	0.1472425311803818	0.1238911673426628	0.05676798895001411	0.0436118096113205	0.0436118096113205	0.0436118096113205	0.03126809746026993	0.05177269876003265	0.03126809746026993	0.05177269876003265	0.03126809746026993	0.06979701668024063	0.09040464460849762	0.0973188504576683	0.09912464022636414	0.04345495253801346	0.03990252688527107	0.0436118096113205	0.0436118096113205	0.1292722374200821	0.03648116812109947	0.0436118096113205	0.03648116812109947	0.05508650466799736	0.05177269876003265	0.05508651584386826	0.05177269876003265	0.03829808905720711	0.03126809746026993	0.03648116812109947	0.03126809746026993	0.07723221927881241	0.03648116812109947	0.0436118096113205	0.03126809746026993	0.0436118096113205	0.03126809746026993	0.1003224551677704	0.1151483803987503	0.1064156889915466	0.1238911524415016	0.05676798895001411	0.03648116812109947	0.03648116812109947	0.03648116812109947	0.101262629032135	0.0436118096113205	0.0973188504576683	0.03126809746026993	0.1195831447839737	0.03126809746026993	0.03126809746026993	0.03648116812109947	0.09456183761358261	0.03990252688527107	0.123891144990921	0.1126545965671539	0.123891144990921	0.1267208307981491	0.1126545965671539	0.03126809746026993	0.04345495253801346	0.1267208158969879	0.1367283314466476	0.1756019592285156	0.108218602836132	0.1082186102867126	0.1049067005515099	0.1195831447839737	0.1130287572741508	0.1130287572741508	0.158372089266777	0.174221470952034	0.108218602836132	0.03126809746026993	0.1157107055187225	0.03126809746026993	0.1308622062206268	0.09502888470888138	0.05675062909722328	0.03126809746026993	0.03126809746026993	0.1224406585097313	0.02630701661109924	0.03126809746026993	0.0517570897936821	0.009218776598572731	0.02115032263100147	0.1393003016710281	0.05175849422812462	0	0.005381334107369184	0	0.03126809746026993	0.1396614760160446	0.1115175411105156	0.003570043947547674	0.02630701661109924	0.03126809746026993	0.1224284917116165	0.1283191740512848	0.05177269876003265	0.03126809746026993	0.1238778308033943	0.05175849422812462	0.03977253288030624	0.1195696890354156	0.1195709034800529	0.03126809746026993	0.1238778308033943	0.05177269876003265	0.05508650466799736
S6-female-3	0.03990252688527107	0.03648116812109947	0.09070697426795959	0.1003224551677704	0.07142659276723862	0.03648116812109947	0.03990252688527107	0.1115191951394081	0.03990252688527107	0.0746060311794281	0.03648116812109947	0.05675393342971802	0.09559893608093262	0.1834893226623535	0.1581218391656876	0.1064156889915466	0.03648116812109947	0.1758758127689362	0.04345495253801346	0.1512847244739532	0.05675394460558891	0.05675394460558891	0.05675394460558891	0.06003307923674583	0.05675394460558891	0.1365528702735901	0.1064156889915466	0.1229103803634644	0.1267208307981491	0.1218434944748878	0.03109983541071415	0.03823047503829002	0.05149995908141136	0.03109983541071415	0.03109983541071415	0.05149997025728226	0.1721649318933487	0.1565905958414078	0.1267208307981491	0.1229103729128838	0.1229103729128838	0.1229103729128838	0.08261371403932571	0.05149997025728226	0.1189980208873749	0.1189980208873749	0.05676798895001411	0.1512847244739532	0.1189980208873749	0.05149995908141136	0.03823047503829002	0.03823047503829002	0.03823047503829002	0.03648116812109947	0.05676798895001411	0.03648116812109947	0.05676798895001411	0.03648116812109947	0.07460468262434006	0.0950021892786026	0.09227729588747025	0.1036513224244118	0.0380927249789238	0.03454030305147171	0.03823047503829002	0.03823047503829002	0.1244091466069221	0.03109983541071415	0.03823047503829002	0.03109983541071415	0.06004703789949417	0.05676798895001411	0.06004704907536507	0.05676798895001411	0.04345495253801346	0.03648116812109947	0.03109983541071415	0.03648116812109947	0.08196353167295456	0.03109983541071415	0.03823047503829002	0.03648116812109947	0.03823047503829002	0.03648116812109947	0.0952976867556572	0.1102064102888107	0.1014249473810196	0.1189980208873749	0.05149995908141136	0.03109983541071415	0.03109983541071415	0.03109983541071415	0.0962056964635849	0.03823047503829002	0.09227729588747025	0.03648116812109947	0.123891144990921	0.03648116812109947	0.03648116812109947	0.03109983541071415	0.08950488269329071	0.03454030305147171	0.1189980059862137	0.1076802983880043	0.1189980059862137	0.1218434944748878	0.1076802983880043	0.03648116812109947	0.0380927249789238	0.1218434721231461	0.1318889707326889	0.1709976196289062	0.1126545965671539	0.1126546040177345	0.1093591675162315	0.123891144990921	0.1080380231142044	0.1080380231142044	0.1623242497444153	0.1780125051736832	0.1126545965671539	0.03648116812109947	0.1109263002872467	0.03648116812109947	0.1350608021020889	0.08997455239295959	0.06169374287128448	0.03648116812109947	0.03648116812109947	0.1267208158969879	0.02103889919817448	0.03648116812109947	0.05675254389643669	0.01450161263346672	0.02630701661109924	0.1344932168722153	0.05675393342971802	0.005381334107369184	0	0.005381334107369184	0.03648116812109947	0.1348564028739929	0.115768127143383	0.008913125842809677	0.02103889919817448	0.03648116812109947	0.1267087757587433	0.123602993786335	0.05676798895001411	0.03648116812109947	0.1189846098423004	0.05675393342971802	0.0447353832423687	0.1238778308033943	0.1238790303468704	0.03648116812109947	0.1189846098423004	0.05676798895001411	0.06004703789949417
S6-male-1	0.03472651168704033	0.03126809746026993	0.0956001877784729	0.09577896445989609	0.06658575683832169	0.03126809746026993	0.03472651168704033	0.1072275638580322	0.03472651168704033	0.06979836523532867	0.03126809746026993	0.05175849422812462	0.09115174412727356	0.1797487437725067	0.1628323644399643	0.1019336730241776	0.03126809746026993	0.1720649898052216	0.03829808905720711	0.1472425311803818	0.05175850540399551	0.05175850540399551	0.05175850540399551	0.05507240444421768	0.05175850540399551	0.1323687881231308	0.1019336730241776	0.1185110956430435	0.1224406808614731	0.1267208307981491	0.03648116812109947	0.0436118096113205	0.05676798895001411	0.03648116812109947	0.03648116812109947	0.05676800012588501	0.1683196574449539	0.1525989025831223	0.1224406808614731	0.1185110807418823	0.1185110807418823	0.1185110807418823	0.07788911461830139	0.05676800012588501	0.1238911673426628	0.1238911673426628	0.05177269876003265	0.1472425311803818	0.1238911673426628	0.05676798895001411	0.0436118096113205	0.0436118096113205	0.0436118096113205	0.03126809746026993	0.05177269876003265	0.03126809746026993	0.05177269876003265	0.03126809746026993	0.06979701668024063	0.09040464460849762	0.0973188504576683	0.09912464022636414	0.04345495253801346	0.03990252688527107	0.0436118096113205	0.0436118096113205	0.1292722374200821	0.03648116812109947	0.0436118096113205	0.03648116812109947	0.05508650466799736	0.05177269876003265	0.05508651584386826	0.05177269876003265	0.03829808905720711	0.03126809746026993	0.03648116812109947	0.03126809746026993	0.07723221927881241	0.03648116812109947	0.0436118096113205	0.03126809746026993	0.0436118096113205	0.03126809746026993	0.1003224551677704	0.1151483803987503	0.1064156889915466	0.1238911524415016	0.05676798895001411	0.03648116812109947	0.03648116812109947	0.03648116812109947	0.101262629032135	0.0436118096113205	0.0973188504576683	0.03126809746026993	0.1195831447839737	0.03126809746026993	0.03126809746026993	0.03648116812109947	0.09456183761358261	0.03990252688527107	0.123891144990921	0.1126545965671539	0.123891144990921	0.1267208307981491	0.1126545965671539	0.03126809746026993	0.04345495253801346	0.1267208158969879	0.1367283314466476	0.1756019592285156	0.108218602836132	0.1082186102867126	0.1049067005515099	0.1195831447839737	0.1130287572741508	0.1130287572741508	0.158372089266777	0.174221470952034	0.108218602836132	0.03126809746026993	0.1157107055187225	0.03126809746026993	0.1308622062206268	0.09502888470888138	0.05675062909722328	0.03126809746026993	0.03126809746026993	0.1224406585097313	0.02630701661109924	0.03126809746026993	0.0517570897936821	0.009218776598572731	0.02115032263100147	0.1393003016710281	0.05175849422812462	0	0.005381334107369184	0	0.03126809746026993	0.1396614760160446	0.1115175411105156	0.003570043947547674	0.02630701661109924	0.03126809746026993	0.1224284917116165	0.1283191740512848	0.05177269876003265	0.03126809746026993	0.1238778308033943	0.05175849422812462	0.03977253288030624	0.1195696890354156	0.1195709034800529	0.03126809746026993	0.1238778308033943	0.05177269876003265	0.05508650466799736
S6-male-2	0.003684850875288248	0	0.1238790526986122	0.06859510391950607	0.037590142339468	0	0.003684850875288248	0.1351428478956223	0.003684850875288248	0.04100508242845535	0	0.02181959897279739	0.1195696890354156	0.157441571354866	0.1394043415784836	0.0751241073012352	0	0.149332121014595	0.007371282670646906	0.1231062337756157	0.02181960642337799	0.02181960642337799	0.02181960642337799	0.02534568123519421	0.02181960642337799	0.1073708459734917	0.0751241073012352	0.09219641983509064	0.09685894101858139	0.1013916283845901	0.005554064642637968	0.01291358098387718	0.02714952640235424	0.005554064642637968	0.005554064642637968	0.02714953199028969	0.1453777998685837	0.1287690997123718	0.09685894101858139	0.09219640493392944	0.09219640493392944	0.09219640493392944	0.04960213974118233	0.02714953199028969	0.09839515388011932	0.09839515388011932	0.0218347143381834	0.1231062337756157	0.09839515388011932	0.02714952640235424	0.01291358098387718	0.01291358098387718	0.01291358098387718	0	0.0218347143381834	0	0.0218347143381834	0	0.04100364446640015	0.06289178133010864	0.07022888958454132	0.07204136252403259	0.01286420412361622	0.009198172017931938	0.01291358098387718	0.01291358098387718	0.1040929481387138	0.005554064642637968	0.01291358098387718	0.005554064642637968	0.02536068670451641	0.0218347143381834	0.02536069601774216	0.0218347143381834	0.007371282670646906	0	0.005554064642637968	0	0.04890431091189384	0.005554064642637968	0.01291358098387718	0	0.01291358098387718	0	0.07341517508029938	0.08913343399763107	0.07987701147794724	0.09839515388011932	0.02714952640235424	0.005554064642637968	0.005554064642637968	0.005554064642637968	0.07420617341995239	0.01291358098387718	0.07022888958454132	0	0.0938321053981781	0	0	0.005554064642637968	0.06730365008115768	0.009198172017931938	0.09839514642953873	0.08639058470726013	0.09839514642953873	0.1013916283845901	0.08639058470726013	0	0.01286420412361622	0.1013916283845901	0.1118900030851364	0.15306556224823	0.08168741315603256	0.08168742060661316	0.07827697694301605	0.0938321053981781	0.08668649196624756	0.08668649196624756	0.1347806602716446	0.151608482003212	0.08168741315603256	0	0.1433607488870621	0	0.1057761311531067	0.06779924035072327	0.02713105641305447	0	0	0.09685893356800079	0.05675254389643669	0	0.02181810326874256	0.04019862413406372	0.0517570897936821	0.1147058382630348	0.02181959897279739	0.03126809746026993	0.03648116812109947	0.03126809746026993	0	0.1150879487395287	0.1392987072467804	0.03472651168704033	0.05675254389643669	0	0.09684604406356812	0.1555749773979187	0.0218347143381834	0	0.09838103502988815	0.02181959897279739	0.06979701668024063	0.09381784498691559	0.09381914138793945	0	0.09838103502988815	0.0218347143381834	0.02536068670451641
S6-male-3	0.1118151247501373	0.1150879487395287	0.05512507259845734	0.04991690069437027	0.108566127717495	0.1150879487395287	0.1118151247501373	0.06094324588775635	0.1118151247501373	0.1145187094807625	0.1150879487395287	0.1047123000025749	0.05058983713388443	0.09639469534158707	0.09501830488443375	0.04320995509624481	0.1150879487395287	0.1140719726681709	0.1150893568992615	0.2050064206123352	0.1047123074531555	0.1047123074531555	0.1047123074531555	0.1014555618166924	0.1047123074531555	0.04724329337477684	0.04320995509624481	0.05954455956816673	0.04910692572593689	0.04423682019114494	0.1101456508040428	0.1166945397853851	0.1182897686958313	0.1101456508040428	0.1101456508040428	0.1182897761464119	0.08378300815820694	0.09349875897169113	0.04910692572593689	0.05954455584287643	0.05954455584287643	0.05954455584287643	0.1454175859689713	0.1182897761464119	0.04746183380484581	0.04746183380484581	0.1231598779559135	0.2050064206123352	0.04746183380484581	0.1182897686958313	0.1166945397853851	0.1166945397853851	0.1166945397853851	0.1150879487395287	0.1231598779559135	0.1150879487395287	0.1231598779559135	0.1150879487395287	0.1053411215543747	0.1503781676292419	0.04824741929769516	0.05319112911820412	0.1101470440626144	0.1068728119134903	0.1166945397853851	0.1166945397853851	0.1840609312057495	0.1101456508040428	0.1166945397853851	0.1101456508040428	0.1199348568916321	0.1231598779559135	0.1199348643422127	0.1231598779559135	0.1150893568992615	0.1150879487395287	0.1101456508040428	0.1150879487395287	0.1448565423488617	0.1101456508040428	0.1166945397853851	0.1150879487395287	0.1166945397853851	0.1150879487395287	0.04497458785772324	0.05729580670595169	0.03826764598488808	0.04746181890368462	0.1182897686958313	0.1101456508040428	0.1101456508040428	0.1101456508040428	0.1630022674798965	0.1166945397853851	0.04824741929769516	0.1150879487395287	0.05233193561434746	0.1150879487395287	0.1150879487395287	0.1101456508040428	0.1568081676959991	0.1068728119134903	0.04746183007955551	0.0382690504193306	0.04746183007955551	0.04423682019114494	0.0382690504193306	0.1150879487395287	0.1101470440626144	0.04423681274056435	0.1907376199960709	0.1063410490751266	0.04321135953068733	0.04321134835481644	0.03993712365627289	0.05233193561434746	0.04481654241681099	0.04481654241681099	0.09350008517503738	0.1191861033439636	0.04321135953068733	0.1150879487395287	0.0605941116809845	0.1150879487395287	0.04897695034742355	0.08838453143835068	0.0997975692152977	0.1150879487395287	0.1150879487395287	0.04910692200064659	0.1156667768955231	0.1150879487395287	0.09535021334886551	0.1313980370759964	0.120471827685833	0.02964306622743607	0.1047123000025749	0.1396614760160446	0.1348564028739929	0.1396614760160446	0.1150879487395287	0	0.06536868214607239	0.136479526758194	0.1156667768955231	0.1150879487395287	0.02993092313408852	0.07379623502492905	0.1231598779559135	0.1150879487395287	0.01852990128099918	0.1047123000025749	0.1298322826623917	0.02347221225500107	0.03318765759468079	0.1150879487395287	0.01852990128099918	0.1231598779559135	0.1199348568916321
S7-female-1	0.1361154168844223	0.1392987072467804	0.02708391845226288	0.07591070234775543	0.1056811213493347	0.1392987072467804	0.1361154168844223	0.004805237986147404	0.1361154168844223	0.1024964898824692	0.1392987072467804	0.1200996264815331	0.02240836247801781	0.08802571892738342	0.1298035532236099	0.06938724964857101	0.1392987072467804	0.1392635703086853	0.139300063252449	0.2012547701597214	0.1200996339321136	0.1200996339321136	0.1200996339321136	0.1169163286685944	0.1200996339321136	0.03576834499835968	0.06938724964857101	0.08527495712041855	0.04699130356311798	0.05155058577656746	0.1434163749217987	0.1497556269168854	0.1242956221103668	0.1434163749217987	0.1434163749217987	0.1242956221103668	0.1016640588641167	0.1198226287961006	0.04699130356311798	0.08527495712041855	0.08527495712041855	0.08527495712041855	0.1421400010585785	0.1242956221103668	0.05471863970160484	0.05471863970160484	0.1200860291719437	0.2012547701597214	0.05471863970160484	0.1242956221103668	0.1497556269168854	0.1497556269168854	0.1497556269168854	0.1392987072467804	0.1200860291719437	0.1392987072467804	0.1200860291719437	0.1392987072467804	0.1024978458881378	0.1470691710710526	0.08349968492984772	0.07909535616636276	0.1434177309274673	0.1402483284473419	0.1497556269168854	0.1497556269168854	0.2123728543519974	0.1434163749217987	0.1497556269168854	0.1434163749217987	0.1169027388095856	0.1200860291719437	0.1169027537107468	0.1200860291719437	0.139300063252449	0.1392987072467804	0.1434163749217987	0.1392987072467804	0.1415839195251465	0.1434163749217987	0.1497556269168854	0.1392987072467804	0.1497556269168854	0.1392987072467804	0.08033163100481033	0.06437893211841583	0.07383938878774643	0.05471863225102425	0.1242956221103668	0.1434163749217987	0.1434163749217987	0.1434163749217987	0.195626825094223	0.1497556269168854	0.08349968492984772	0.1392987072467804	0.05017458647489548	0.1392987072467804	0.1392987072467804	0.1434163749217987	0.1896295696496964	0.1402483284473419	0.05471863597631454	0.07384075224399567	0.05471863597631454	0.05155058577656746	0.07384075224399567	0.1392987072467804	0.1434177309274673	0.05155057832598686	0.2187300175428391	0.1373381167650223	0.06938862055540085	0.06938862055540085	0.06620396673679352	0.05017458647489548	0.0801786482334137	0.0801786482334137	0.1198239177465439	0.1414194256067276	0.06938862055540085	0.1392987072467804	0.01421658881008625	0.1392987072467804	0.03748789429664612	0.09488788992166519	0.1152957379817963	0.1392987072467804	0.1392987072467804	0.04699129983782768	0.096662238240242	0.1392987072467804	0.1201009601354599	0.1128442361950874	0.09231982380151749	0.03721458837389946	0.1200996264815331	0.1115175411105156	0.115768127143383	0.1115175411105156	0.1392987072467804	0.06536868214607239	0	0.1083342507481575	0.096662238240242	0.1392987072467804	0.04700488969683647	0.0282062403857708	0.1200860291719437	0.1392987072467804	0.05473349988460541	0.1200996264815331	0.07471667975187302	0.05018952116370201	0.05018816888332367	0.1392987072467804	0.05473349988460541	0.1200860291719437	0.1169027388095856
S7-female-2	0.03115646913647652	0.03472651168704033	0.09852126240730286	0.09243471920490265	0.06979701668024063	0.03472651168704033	0.03115646913647652	0.1040289029479027	0.03115646913647652	0.06635803729295731	0.03472651168704033	0.05507240444421768	0.09410158544778824	0.1822295933961868	0.1654356271028519	0.1049067005515099	0.03472651168704033	0.1745924800634384	0.0347280465066433	0.1499235928058624	0.05507241562008858	0.05507241562008858	0.05507241562008858	0.0515776090323925	0.05507241562008858	0.1351440399885178	0.1049067005515099	0.1214292347431183	0.1191950365900993	0.1234910264611244	0.03990252688527107	0.04700784385204315	0.06004703789949417	0.03990252688527107	0.03990252688527107	0.06004704907536507	0.1708700060844421	0.1552464365959167	0.1191950365900993	0.1214292347431183	0.1214292347431183	0.1214292347431183	0.0810232013463974	0.06004704907536507	0.1267208307981491	0.1267208307981491	0.05508650466799736	0.1499235928058624	0.1267208307981491	0.06004703789949417	0.04700784385204315	0.04700784385204315	0.04700784385204315	0.03472651168704033	0.05508650466799736	0.03472651168704033	0.05508650466799736	0.03472651168704033	0.06635668128728867	0.08704052865505219	0.1003224551677704	0.0957803949713707	0.03990405052900314	0.03635162487626076	0.04700784385204315	0.04700784385204315	0.1260518729686737	0.03990252688527107	0.04700784385204315	0.03990252688527107	0.05159176141023636	0.05508650466799736	0.05159177258610725	0.05508650466799736	0.0347280465066433	0.03472651168704033	0.03990252688527107	0.03472651168704033	0.08037076145410538	0.03990252688527107	0.04700784385204315	0.03472651168704033	0.04700784385204315	0.03472651168704033	0.0969950258731842	0.1180346980690956	0.1093591675162315	0.1267208158969879	0.06004703789949417	0.03990252688527107	0.03990252688527107	0.03990252688527107	0.1042622327804565	0.04700784385204315	0.1003224551677704	0.03472651168704033	0.1224406585097313	0.03472651168704033	0.03472651168704033	0.03990252688527107	0.09758378565311432	0.03635162487626076	0.1267208158969879	0.109360583126545	0.1267208158969879	0.1234910264611244	0.109360583126545	0.03472651168704033	0.03990405052900314	0.1234910041093826	0.1335236728191376	0.1725529432296753	0.1049081236124039	0.1049081236124039	0.1015962213277817	0.1224406585097313	0.1159504652023315	0.1159504652023315	0.1552477777004242	0.1767358332872391	0.1049081236124039	0.03472651168704033	0.1125424355268478	0.03472651168704033	0.1276477128267288	0.09168187528848648	0.06002979353070259	0.03472651168704033	0.03472651168704033	0.1191950291395187	0.02969201467931271	0.03472651168704033	0.05507100746035576	0.005668971221894026	0.02457120455801487	0.1361170262098312	0.05507240444421768	0.003570043947547674	0.008913125842809677	0.003570043947547674	0.03472651168704033	0.136479526758194	0.1083342507481575	0	0.02969201467931271	0.03472651168704033	0.1191828101873398	0.125196099281311	0.05508650466799736	0.03472651168704033	0.1267075836658478	0.05507240444421768	0.03633219376206398	0.122427299618721	0.1224284917116165	0.03472651168704033	0.1267075836658478	0.05508650466799736	0.05159176141023636
S7-female-3	0.0600316971540451	0.05675254389643669	0.08055131882429123	0.1180212125182152	0.05071499943733215	0.05675254389643669	0.0600316971540451	0.09232150763273239	0.0600316971540451	0.06396488100290298	0.05675254389643669	0.04600208252668381	0.07605724781751633	0.1736005991697311	0.173666849732399	0.1238778308033943	0.05675254389643669	0.1907513290643692	0.06350964307785034	0.1585114002227783	0.0460020899772644	0.0460020899772644	0.0460020899772644	0.04930129274725914	0.0460020899772644	0.1263235360383987	0.1238778308033943	0.1400502026081085	0.1345075070858002	0.1297004222869873	0.05148442834615707	0.05846504494547844	0.06106967106461525	0.05148442834615707	0.05148442834615707	0.06106968224048615	0.1621917933225632	0.1721638739109039	0.1345075070858002	0.1400501877069473	0.1400501877069473	0.1400501877069473	0.09145466983318329	0.06106968224048615	0.1269211620092392	0.1269211620092392	0.06625582277774811	0.1585114002227783	0.1269211620092392	0.06106967106461525	0.05846504494547844	0.05846504494547844	0.05846504494547844	0.05675254389643669	0.06625582277774811	0.05675254389643669	0.06625582277774811	0.05675254389643669	0.05396397411823273	0.1035406962037086	0.1101927384734154	0.1212845891714096	0.05825984477996826	0.05478189513087273	0.05846504494547844	0.05846504494547844	0.1410903334617615	0.05148442834615707	0.05846504494547844	0.05148442834615707	0.06945161521434784	0.06625582277774811	0.06945162266492844	0.06625582277774811	0.06350964307785034	0.05675254389643669	0.05148442834615707	0.05675254389643669	0.09082050621509552	0.05148442834615707	0.05846504494547844	0.05675254389643669	0.05846504494547844	0.05675254389643669	0.1130952760577202	0.1183357536792755	0.1189846098423004	0.126921147108078	0.06106967106461525	0.05148442834615707	0.05148442834615707	0.05148442834615707	0.1140970140695572	0.05846504494547844	0.1101927384734154	0.05675254389643669	0.1317435801029205	0.05675254389643669	0.05675254389643669	0.05148442834615707	0.1075288504362106	0.05478189513087273	0.126921147108078	0.1250614076852798	0.126921147108078	0.1297004222869873	0.1250614076852798	0.05675254389643669	0.05825984477996826	0.1297004222869873	0.148348480463028	0.1859660893678665	0.1299388110637665	0.1299388259649277	0.1267075836658478	0.1317435801029205	0.1254684627056122	0.1254684627056122	0.1777444630861282	0.1928117126226425	0.1299388110637665	0.05675254389643669	0.09181918203830719	0.05675254389643669	0.1157685443758965	0.09858783334493637	0.04076505079865456	0.05675254389643669	0.05675254389643669	0.1345074772834778	0	0.05675254389643669	0.03571364656090736	0.03504925593733788	0.005268116947263479	0.1152955293655396	0.04600208252668381	0.02630701661109924	0.02103889919817448	0.02630701661109924	0.05675254389643669	0.1156667768955231	0.096662238240242	0.02969201467931271	0	0.05675254389643669	0.1164111271500587	0.104768306016922	0.06625582277774811	0.05675254389643669	0.09944292902946472	0.04600208252668381	0.02409467101097107	0.104336142539978	0.1135619580745697	0.05675254389643669	0.09944292902946472	0.06625582277774811	0.06945161521434784
S7-male-1	0.003684850875288248	0	0.1238790526986122	0.06859510391950607	0.037590142339468	0	0.003684850875288248	0.1351428478956223	0.003684850875288248	0.04100508242845535	0	0.02181959897279739	0.1195696890354156	0.157441571354866	0.1394043415784836	0.0751241073012352	0	0.149332121014595	0.007371282670646906	0.1231062337756157	0.02181960642337799	0.02181960642337799	0.02181960642337799	0.02534568123519421	0.02181960642337799	0.1073708459734917	0.0751241073012352	0.09219641983509064	0.09685894101858139	0.1013916283845901	0.005554064642637968	0.01291358098387718	0.02714952640235424	0.005554064642637968	0.005554064642637968	0.02714953199028969	0.1453777998685837	0.1287690997123718	0.09685894101858139	0.09219640493392944	0.09219640493392944	0.09219640493392944	0.04960213974118233	0.02714953199028969	0.09839515388011932	0.09839515388011932	0.0218347143381834	0.1231062337756157	0.09839515388011932	0.02714952640235424	0.01291358098387718	0.01291358098387718	0.01291358098387718	0	0.0218347143381834	0	0.0218347143381834	0	0.04100364446640015	0.06289178133010864	0.07022888958454132	0.07204136252403259	0.01286420412361622	0.009198172017931938	0.01291358098387718	0.01291358098387718	0.1040929481387138	0.005554064642637968	0.01291358098387718	0.005554064642637968	0.02536068670451641	0.0218347143381834	0.02536069601774216	0.0218347143381834	0.007371282670646906	0	0.005554064642637968	0	0.04890431091189384	0.005554064642637968	0.01291358098387718	0	0.01291358098387718	0	0.07341517508029938	0.08913343399763107	0.07987701147794724	0.09839515388011932	0.02714952640235424	0.005554064642637968	0.005554064642637968	0.005554064642637968	0.07420617341995239	0.01291358098387718	0.07022888958454132	0	0.0938321053981781	0	0	0.005554064642637968	0.06730365008115768	0.009198172017931938	0.09839514642953873	0.08639058470726013	0.09839514642953873	0.1013916283845901	0.08639058470726013	0	0.01286420412361622	0.1013916283845901	0.1118900030851364	0.15306556224823	0.08168741315603256	0.08168742060661316	0.07827697694301605	0.0938321053981781	0.08668649196624756	0.08668649196624756	0.1347806602716446	0.151608482003212	0.08168741315603256	0	0.1433607488870621	0	0.1057761311531067	0.06779924035072327	0.02713105641305447	0	0	0.09685893356800079	0.05675254389643669	0	0.02181810326874256	0.04019862413406372	0.0517570897936821	0.1147058382630348	0.02181959897279739	0.03126809746026993	0.03648116812109947	0.03126809746026993	0	0.1150879487395287	0.1392987072467804	0.03472651168704033	0.05675254389643669	0	0.09684604406356812	0.1555749773979187	0.0218347143381834	0	0.09838103502988815	0.02181959897279739	0.06979701668024063	0.09381784498691559	0.09381914138793945	0	0.09838103502988815	0.0218347143381834	0.02536068670451641
S7-male-2	0.09350574761629105	0.09684604406356812	0.03629479557275772	0.03033155202865601	0.09989900887012482	0.09684604406356812	0.09350574761629105	0.0518101193010807	0.09350574761629105	0.08717179298400879	0.09684604406356812	0.07670000940561295	0.04116719216108322	0.07309780269861221	0.08950864523649216	0.02348633110523224	0.09684604406356812	0.1001418083906174	0.09684748202562332	0.1903970390558243	0.07670001685619354	0.07670001685619354	0.07670001685619354	0.07335971295833588	0.07670001685619354	0.01819605752825737	0.02348633110523224	0.04015767201781273	0.02979704365134239	0.03459414839744568	0.1013788655400276	0.1080292090773582	0.1097773164510727	0.1013788655400276	0.1013788655400276	0.1097773164510727	0.0598682314157486	0.07887163758277893	0.02979704365134239	0.04015766456723213	0.04015766456723213	0.04015766456723213	0.1285127252340317	0.1097773164510727	0.03786838799715042	0.03786838799715042	0.1053537875413895	0.1903970390558243	0.03786838799715042	0.1097773164510727	0.1080292090773582	0.1080292090773582	0.1080292090773582	0.09684604406356812	0.1053537875413895	0.09684604406356812	0.1053537875413895	0.09684604406356812	0.09662476927042007	0.1337333470582962	0.03852172940969467	0.03367328271269798	0.101380281150341	0.09805533289909363	0.1080292090773582	0.1080292090773582	0.1771072447299957	0.1013788655400276	0.1080292090773582	0.1013788655400276	0.1020632907748222	0.1053537875413895	0.1020632982254028	0.1053537875413895	0.09684748202562332	0.09684604406356812	0.1013788655400276	0.09684604406356812	0.1279292553663254	0.1013788655400276	0.1080292090773582	0.09684604406356812	0.1080292090773582	0.09684604406356812	0.03519819676876068	0.04785246029496193	0.02838733233511448	0.03786838427186012	0.1097773164510727	0.1013788655400276	0.1013788655400276	0.1013788655400276	0.1583798825740814	0.1080292090773582	0.03852172940969467	0.09684604406356812	0.03308754414319992	0.09684604406356812	0.09684604406356812	0.1013788655400276	0.1521049290895462	0.09805533289909363	0.03786838054656982	0.02838875725865364	0.03786838054656982	0.03459414839744568	0.02838875725865364	0.09684604406356812	0.101380281150341	0.03459414467215538	0.1839098632335663	0.09817718714475632	0.02348776534199715	0.02348777279257774	0.02014603652060032	0.03308754414319992	0.03503768518567085	0.03503768518567085	0.07887298613786697	0.1024978384375572	0.02348776534199715	0.09684604406356812	0.06077694892883301	0.09684604406356812	0.02975716814398766	0.07945917546749115	0.08133085817098618	0.09684604406356812	0.09684604406356812	0.02979703806340694	0.1164111271500587	0.09684604406356812	0.08634781092405319	0.1237247958779335	0.1121015027165413	0.02951411157846451	0.07670000940561295	0.1224284917116165	0.1267087757587433	0.1224284917116165	0.09684604406356812	0.02993092313408852	0.04700488969683647	0.1191828101873398	0.1164111271500587	0.09684604406356812	0	0.07410585135221481	0.1053537875413895	0.09684604406356812	0.0182831697165966	0.07670000940561295	0.1217215657234192	0.0133560411632061	0.003340303199365735	0.09684604406356812	0.0182831697165966	0.1053537875413895	0.1020632907748222
S7-male-3	0.1524518877267838	0.1555749773979187	0.04539232701063156	0.09338568896055222	0.1225931271910667	0.1555749773979187	0.1524518877267838	0.02362484484910965	0.1524518877267838	0.1282926201820374	0.1555749773979187	0.1454818397760391	0.04089510068297386	0.1127771660685539	0.137032762169838	0.08698559552431107	0.1555749773979187	0.1543397307395935	0.1555763185024261	0.2149900496006012	0.1454818397760391	0.1454818397760391	0.1454818397760391	0.1423733979463577	0.1454818397760391	0.06313351541757584	0.08698559552431107	0.1025728583335876	0.06501315534114838	0.06029696762561798	0.1508587896823883	0.1571080535650253	0.1320094466209412	0.1508587896823883	0.1508587896823883	0.1320094466209412	0.1261118054389954	0.1355812847614288	0.06501315534114838	0.102572850883007	0.102572850883007	0.102572850883007	0.1579634696245193	0.1320094466209412	0.06342005729675293	0.06342005729675293	0.1367256343364716	0.2149900496006012	0.06342005729675293	0.1320094466209412	0.1571080535650253	0.1571080535650253	0.1571080535650253	0.1555749773979187	0.1367256343364716	0.1555749773979187	0.1367256343364716	0.1555749773979187	0.1194700300693512	0.1626575887203217	0.09179258346557617	0.09651011973619461	0.1508601307868958	0.1477357000112534	0.1571080535650253	0.1571080535650253	0.2183013260364532	0.1508587896823883	0.1571080535650253	0.1508587896823883	0.1336025446653366	0.1367256343364716	0.1336025446653366	0.1367256343364716	0.1555763185024261	0.1555749773979187	0.1508587896823883	0.1555749773979187	0.1574276834726334	0.1508587896823883	0.1571080535650253	0.1555749773979187	0.1571080535650253	0.1555749773979187	0.08866950124502182	0.07294324040412903	0.08226940035820007	0.06342005729675293	0.1320094466209412	0.1508587896823883	0.1508587896823883	0.1508587896823883	0.2019714415073395	0.1571080535650253	0.09179258346557617	0.1555749773979187	0.06813623756170273	0.1555749773979187	0.1555749773979187	0.1508587896823883	0.1960547864437103	0.1477357000112534	0.06342004984617233	0.08227074146270752	0.06342004984617233	0.06029696762561798	0.08227074146270752	0.1555749773979187	0.1508601307868958	0.06029696762561798	0.2245502918958664	0.1443338394165039	0.08698692917823792	0.08698693662881851	0.08386249840259552	0.06813623756170273	0.08851867169141769	0.08851867169141769	0.1355825513601303	0.1564208269119263	0.08698692917823792	0.1555749773979187	0.01425830647349358	0.1555749773979187	0.06481264531612396	0.09415968507528305	0.1407909095287323	0.1555749773979187	0.1555749773979187	0.06501314789056778	0.104768306016922	0.1555749773979187	0.1367402970790863	0.1295375227928162	0.1094844788312912	0.04616446048021317	0.1454818397760391	0.1283191740512848	0.123602993786335	0.1283191740512848	0.1555749773979187	0.07379623502492905	0.0282062403857708	0.125196099281311	0.104768306016922	0.1555749773979187	0.07410585135221481	0	0.1367256343364716	0.1555749773979187	0.06343470513820648	0.1454818397760391	0.09221423417329788	0.06815090030431747	0.07721428573131561	0.1555749773979187	0.06343470513820648	0.1367256343364716	0.1336025446653366
S8-female-1	0.02536068670451641	0.0218347143381834	0.131744772195816	0.08756545931100845	0.01610712520778179	0.0218347143381834	0.02536068670451641	0.115837424993515	0.02536068670451641	0.01959829404950142	0.0218347143381834	0.03223241493105888	0.1275361925363541	0.1386338770389557	0.1557436883449554	0.0938321053981781	0.0218347143381834	0.1651841849088669	0.02896691672503948	0.1035321205854416	0.03223241865634918	0.03223241865634918	0.03223241865634918	0.03566491231322289	0.03223241865634918	0.08744549006223679	0.0938321053981781	0.1105590760707855	0.07669892162084579	0.08133279532194138	0.02714952640235424	0.0343492217361927	0.005433451849967241	0.02714952640235424	0.02714952640235424	0.005433459300547838	0.1527497619390488	0.1453893333673477	0.07669892162084579	0.1105590686202049	0.1105590686202049	0.1105590686202049	0.02838725037872791	0.005433459300547838	0.07826942950487137	0.07826942950487137	0	0.1035321205854416	0.07826942950487137	0.005433451849967241	0.0343492217361927	0.0343492217361927	0.0343492217361927	0.0218347143381834	0	0.0218347143381834	0	0.0218347143381834	0.01959682442247868	0.0419735498726368	0.08913343399763107	0.09094152599573135	0.03422406315803528	0.0306373592466116	0.0343492217361927	0.0343492217361927	0.1216584891080856	0.02714952640235424	0.0343492217361927	0.02714952640235424	0.003604683093726635	0	0.003604690777137876	0	0.02896691672503948	0.0218347143381834	0.02714952640235424	0.0218347143381834	0.02767385169863701	0.02714952640235424	0.0343492217361927	0.0218347143381834	0.0343492217361927	0.0218347143381834	0.09219168126583099	0.06880096346139908	0.09839514642953873	0.07826942950487137	0.005433451849967241	0.02714952640235424	0.02714952640235424	0.02714952640235424	0.09308785200119019	0.0343492217361927	0.08913343399763107	0.0218347143381834	0.0736045241355896	0.0218347143381834	0.0218347143381834	0.02714952640235424	0.08632610738277435	0.0306373592466116	0.07826942205429077	0.1047165244817734	0.07826942205429077	0.08133279532194138	0.1047165244817734	0.0218347143381834	0.03422406315803528	0.08133278787136078	0.1292169541120529	0.1687800735235214	0.1002006158232689	0.1002006232738495	0.09685893356800079	0.0736045241355896	0.1050675809383392	0.1050675809383392	0.1512341946363449	0.1673766076564789	0.1002006158232689	0.0218347143381834	0.1242387592792511	0.0218347143381834	0.08581516891717911	0.04699054732918739	0.03740305081009865	0.0218347143381834	0.0218347143381834	0.07669892162084579	0.06625582277774811	0.0218347143381834	0.03223095834255219	0.0603308379650116	0.0613880343735218	0.09494421631097794	0.03223241493105888	0.05177269876003265	0.05676798895001411	0.05177269876003265	0.0218347143381834	0.1231598779559135	0.1200860291719437	0.05508650466799736	0.06625582277774811	0.0218347143381834	0.1053537875413895	0.1367256343364716	0	0.0218347143381834	0.106851689517498	0.03223241493105888	0.04903293028473854	0.1023989766836166	0.1024002432823181	0.0218347143381834	0.106851689517498	0	0.003604683093726635
S8-female-2	0.003684850875288248	0	0.1238790526986122	0.06859510391950607	0.037590142339468	0	0.003684850875288248	0.1351428478956223	0.003684850875288248	0.04100508242845535	0	0.02181959897279739	0.1195696890354156	0.157441571354866	0.1394043415784836	0.0751241073012352	0	0.149332121014595	0.007371282670646906	0.1231062337756157	0.02181960642337799	0.02181960642337799	0.02181960642337799	0.02534568123519421	0.02181960642337799	0.1073708459734917	0.0751241073012352	0.09219641983509064	0.09685894101858139	0.1013916283845901	0.005554064642637968	0.01291358098387718	0.02714952640235424	0.005554064642637968	0.005554064642637968	0.02714953199028969	0.1453777998685837	0.1287690997123718	0.09685894101858139	0.09219640493392944	0.09219640493392944	0.09219640493392944	0.04960213974118233	0.02714953199028969	0.09839515388011932	0.09839515388011932	0.0218347143381834	0.1231062337756157	0.09839515388011932	0.02714952640235424	0.01291358098387718	0.01291358098387718	0.01291358098387718	0	0.0218347143381834	0	0.0218347143381834	0	0.04100364446640015	0.06289178133010864	0.07022888958454132	0.07204136252403259	0.01286420412361622	0.009198172017931938	0.01291358098387718	0.01291358098387718	0.1040929481387138	0.005554064642637968	0.01291358098387718	0.005554064642637968	0.02536068670451641	0.0218347143381834	0.02536069601774216	0.0218347143381834	0.007371282670646906	0	0.005554064642637968	0	0.04890431091189384	0.005554064642637968	0.01291358098387718	0	0.01291358098387718	0	0.07341517508029938	0.08913343399763107	0.07987701147794724	0.09839515388011932	0.02714952640235424	0.005554064642637968	0.005554064642637968	0.005554064642637968	0.07420617341995239	0.01291358098387718	0.07022888958454132	0	0.0938321053981781	0	0	0.005554064642637968	0.06730365008115768	0.009198172017931938	0.09839514642953873	0.08639058470726013	0.09839514642953873	0.1013916283845901	0.08639058470726013	0	0.01286420412361622	0.1013916283845901	0.1118900030851364	0.15306556224823	0.08168741315603256	0.08168742060661316	0.07827697694301605	0.0938321053981781	0.08668649196624756	0.08668649196624756	0.1347806602716446	0.151608482003212	0.08168741315603256	0	0.1433607488870621	0	0.1057761311531067	0.06779924035072327	0.02713105641305447	0	0	0.09685893356800079	0.05675254389643669	0	0.02181810326874256	0.04019862413406372	0.0517570897936821	0.1147058382630348	0.02181959897279739	0.03126809746026993	0.03648116812109947	0.03126809746026993	0	0.1150879487395287	0.1392987072467804	0.03472651168704033	0.05675254389643669	0	0.09684604406356812	0.1555749773979187	0.0218347143381834	0	0.09838103502988815	0.02181959897279739	0.06979701668024063	0.09381784498691559	0.09381914138793945	0	0.09838103502988815	0.0218347143381834	0.02536068670451641
S8-female-3	0.1013775989413261	0.09838103502988815	0.03787493705749512	0.03852037712931633	0.0919865220785141	0.09838103502988815	0.1013775989413261	0.05019128695130348	0.1013775989413261	0.1043276116251945	0.09838103502988815	0.08789414912462234	0.0331721231341362	0.08353579044342041	0.08189274370670319	0.02514600567519665	0.09838103502988815	0.1015513241291046	0.1047025620937347	0.1916239112615585	0.08789416402578354	0.08789416402578354	0.08789416402578354	0.09091043472290039	0.08789416402578354	0.02961059100925922	0.02514600567519665	0.04178900644183159	0.03786705434322357	0.03292261064052582	0.09334541112184525	0.1000179573893547	0.101891003549099	0.09334541112184525	0.09334541112184525	0.1018910109996796	0.07053788751363754	0.08034851402044296	0.03786705434322357	0.04178900271654129	0.04178900271654129	0.04178900271654129	0.1299341470003128	0.1018910109996796	0.02974576316773891	0.02974576316773891	0.106851689517498	0.1916239112615585	0.02974576316773891	0.101891003549099	0.1000179573893547	0.1000179573893547	0.1000179573893547	0.09838103502988815	0.106851689517498	0.09838103502988815	0.106851689517498	0.09838103502988815	0.09495958685874939	0.1410243660211563	0.03027858957648277	0.04184533655643463	0.09968367218971252	0.09635871648788452	0.1000179573893547	0.1000179573893547	0.1755594462156296	0.09334541112184525	0.1000179573893547	0.09334541112184525	0.1097760871052742	0.106851689517498	0.1097760871052742	0.106851689517498	0.1047025620937347	0.09838103502988815	0.09334541112184525	0.09838103502988815	0.1293525695800781	0.09334541112184525	0.1000179573893547	0.09838103502988815	0.1000179573893547	0.09838103502988815	0.03350149467587471	0.03976265341043472	0.02011038549244404	0.02974576503038406	0.101891003549099	0.09334541112184525	0.09334541112184525	0.09334541112184525	0.1509807258844376	0.1000179573893547	0.03027858957648277	0.09838103502988815	0.03470643982291222	0.09838103502988815	0.09838103502988815	0.09334541112184525	0.1446860432624817	0.09635871648788452	0.02974575757980347	0.02669204398989677	0.02974575757980347	0.03292261064052582	0.02669204398989677	0.09838103502988815	0.09968367218971252	0.03292260691523552	0.1823691874742508	0.09660781919956207	0.03171092644333839	0.03171093389391899	0.02838596701622009	0.03470643982291222	0.02678292617201805	0.02678292617201805	0.08636975288391113	0.1038999855518341	0.03171092644333839	0.09838103502988815	0.04988771677017212	0.09838103502988815	0.03779039904475212	0.07779580354690552	0.08288709819316864	0.09838103502988815	0.09838103502988815	0.03786704689264297	0.09944292902946472	0.09838103502988815	0.07827065140008926	0.1311889141798019	0.104336142539978	0.01810610666871071	0.08789414912462234	0.1238778308033943	0.1189846098423004	0.1238778308033943	0.09838103502988815	0.01852990128099918	0.05473349988460541	0.1267075836658478	0.09944292902946472	0.09838103502988815	0.0182831697165966	0.06343470513820648	0.106851689517498	0.09838103502988815	0	0.08789414912462234	0.1201026067137718	0.00503561832010746	0.01502592209726572	0.09838103502988815	0	0.106851689517498	0.1097760871052742
S8-male-1	0.02534568123519421	0.02181959897279739	0.1043360158801079	0.08755230903625488	0.02672485820949078	0.02181959897279739	0.02534568123519421	0.1249048486351967	0.02534568123519421	0.01961344107985497	0.02181959897279739	0	0.1092244237661362	0.1386471837759018	0.1557323336601257	0.09381913393735886	0.02181959897279739	0.1651731878519058	0.02895196713507175	0.1309781074523926	7.746725927404441e-09	7.746725927404441e-09	7.746725927404441e-09	0.003604738507419825	7.746725927404441e-09	0.08745957911014557	0.09381913393735886	0.110546350479126	0.1053538024425507	0.1097773164510727	0.02713457867503166	0.03433438390493393	0.03740647807717323	0.02713457867503166	0.02713457867503166	0.03740648552775383	0.1263143271207809	0.1453777998685837	0.1053538024425507	0.1105463355779648	0.1105463355779648	0.1105463355779648	0.05927449837327003	0.03740648552775383	0.1068529412150383	0.1068529412150383	0.03223241493105888	0.1309781074523926	0.1068529412150383	0.03740647807717323	0.03433438390493393	0.03433438390493393	0.03433438390493393	0.02181959897279739	0.03223241493105888	0.02181959897279739	0.03223241493105888	0.02181959897279739	0.03015851229429245	0.07222574949264526	0.08912032097578049	0.09092842787504196	0.03420927375555038	0.03062251582741737	0.03433438390493393	0.03433438390493393	0.1216463148593903	0.02713457867503166	0.03433438390493393	0.02713457867503166	0.03566491231322289	0.03223241493105888	0.03566491976380348	0.03223241493105888	0.02895196713507175	0.02181959897279739	0.02713457867503166	0.02181959897279739	0.05859459936618805	0.02713457867503166	0.03433438390493393	0.02181959897279739	0.03433438390493393	0.02181959897279739	0.09217865765094757	0.09781587868928909	0.09838231652975082	0.1068529412150383	0.03740647807717323	0.02713457867503166	0.02713457867503166	0.02713457867503166	0.09307476878166199	0.03433438390493393	0.08912032097578049	0.02181959897279739	0.1024002358317375	0.02181959897279739	0.02181959897279739	0.02713457867503166	0.0863129198551178	0.03062251582741737	0.1068529337644577	0.1047038212418556	0.1068529337644577	0.1097773164510727	0.1047038212418556	0.02181959897279739	0.03420927375555038	0.1097773164510727	0.1292049288749695	0.1687691658735275	0.1001877710223198	0.1001877784729004	0.09684604406356812	0.1024002358317375	0.1050548478960991	0.1050548478960991	0.1512227803468704	0.1673656702041626	0.1001877710223198	0.02181959897279739	0.1331804394721985	0.02181959897279739	0.08582929521799088	0.07700968533754349	0.005429933778941631	0.02181959897279739	0.02181959897279739	0.1053537875413895	0.04600208252668381	0.02181959897279739	0.01086138840764761	0.06031689047813416	0.04097629711031914	0.1043276116251945	0	0.05175849422812462	0.05675393342971802	0.05175849422812462	0.02181959897279739	0.1047123000025749	0.1200996264815331	0.05507240444421768	0.04600208252668381	0.02181959897279739	0.07670000940561295	0.1454818397760391	0.03223241493105888	0.02181959897279739	0.08789414912462234	0	0.05912706628441811	0.08330113440752029	0.07360558211803436	0.02181959897279739	0.08789414912462234	0.03223241493105888	0.03566491231322289
S8-male-2	0.06635668128728867	0.06979701668024063	0.1014431565999985	0.1233941316604614	0.03346482291817665	0.06979701668024063	0.06635668128728867	0.07024900615215302	0.06635668128728867	0.04020076990127563	0.06979701668024063	0.05912706628441811	0.08793714642524719	0.1586930751800537	0.191971093416214	0.1351428478956223	0.06979701668024063	0.2003717422485352	0.06979849934577942	0.1431387364864349	0.059127077460289	0.059127077460289	0.059127077460289	0.0557045042514801	0.059127077460289	0.1104850098490715	0.1351428478956223	0.1511072665452957	0.1126387715339661	0.1169044002890587	0.07460468262434006	0.08145318925380707	0.05394791811704636	0.07460468262434006	0.07460468262434006	0.05394792184233665	0.1723314076662064	0.1822285354137421	0.1126387715339661	0.1511072665452957	0.1511072665452957	0.1511072665452957	0.07474039494991302	0.05394792184233665	0.1200876757502556	0.1200876757502556	0.04903293028473854	0.1431387364864349	0.1200876757502556	0.05394791811704636	0.08145318925380707	0.08145318925380707	0.08145318925380707	0.06979701668024063	0.04903293028473854	0.06979701668024063	0.04903293028473854	0.06979701668024063	0.03002448752522469	0.08073066920042038	0.130863830447197	0.1266256868839264	0.07460615783929825	0.07118213176727295	0.08145318925380707	0.08145318925380707	0.1547965556383133	0.07460468262434006	0.08145318925380707	0.07460468262434006	0.04559259116649628	0.04903293028473854	0.04559259861707687	0.04903293028473854	0.06979849934577942	0.06979701668024063	0.07460468262434006	0.06979701668024063	0.07409344613552094	0.07460468262434006	0.08145318925380707	0.06979701668024063	0.08145318925380707	0.06979701668024063	0.127649337053299	0.1114628836512566	0.1393003016710281	0.1200876757502556	0.05394791811704636	0.07460468262434006	0.07460468262434006	0.07460468262434006	0.1347592771053314	0.08145318925380707	0.130863830447197	0.06979701668024063	0.115837424993515	0.06979701668024063	0.06979701668024063	0.07460468262434006	0.1283082067966461	0.07118213176727295	0.120087668299675	0.139301672577858	0.120087668299675	0.1169044002890587	0.139301672577858	0.06979701668024063	0.07460615783929825	0.1169043928384781	0.161888062953949	0.1983652859926224	0.1351442337036133	0.1351442337036133	0.1319441944360733	0.115837424993515	0.145670011639595	0.145670011639595	0.1822298467159271	0.2023834437131882	0.1351442337036133	0.06979701668024063	0.07908352464437485	0.06979701668024063	0.09370063245296478	0.08533436059951782	0.05396208539605141	0.06979701668024063	0.06979701668024063	0.1126387640833855	0.02409467101097107	0.06979701668024063	0.04904907196760178	0.04159779846668243	0.01902458630502224	0.1024995073676109	0.05912706628441811	0.03977253288030624	0.0447353832423687	0.03977253288030624	0.06979701668024063	0.1298322826623917	0.07471667975187302	0.03633219376206398	0.02409467101097107	0.06979701668024063	0.1217215657234192	0.09221423417329788	0.04903293028473854	0.06979701668024063	0.1201026067137718	0.05912706628441811	0	0.1158524379134178	0.1249048560857773	0.06979701668024063	0.1201026067137718	0.04903293028473854	0.04559259116649628
S8-male-3	0.09684477746486664	0.09381784498691559	0.04274433478713036	0.03367048501968384	0.08745970577001572	0.09381784498691559	0.09684477746486664	0.04560342058539391	0.09684477746486664	0.09989900887012482	0.09381784498691559	0.08330113440752029	0.02841796353459358	0.07924330979585648	0.08664321899414062	0.02021216787397861	0.09381784498691559	0.09736223518848419	0.1001865118741989	0.1879780441522598	0.08330114185810089	0.08330114185810089	0.08330114185810089	0.08634781092405319	0.08330114185810089	0.02479678951203823	0.02021216787397861	0.03693940117955208	0.03308620303869247	0.03786705434322357	0.09838103502988815	0.1050535812973976	0.106851689517498	0.09838103502988815	0.09838103502988815	0.106851689517498	0.06612250208854675	0.07595889270305634	0.03308620303869247	0.03693939745426178	0.03693939745426178	0.03693939745426178	0.1257091611623764	0.106851689517498	0.03470644727349281	0.03470644727349281	0.1023989766836166	0.1879780441522598	0.03470644727349281	0.106851689517498	0.1050535812973976	0.1050535812973976	0.1050535812973976	0.09381784498691559	0.1023989766836166	0.09381784498691559	0.1023989766836166	0.09381784498691559	0.09046242386102676	0.1369066387414932	0.03531420975923538	0.03701221942901611	0.1047025620937347	0.1013775989413261	0.1050535812973976	0.1050535812973976	0.1801384538412094	0.09838103502988815	0.1050535812973976	0.09838103502988815	0.1053525432944298	0.1023989766836166	0.1053525432944298	0.1023989766836166	0.1001865118741989	0.09381784498691559	0.09838103502988815	0.09381784498691559	0.1251219213008881	0.09838103502988815	0.1050535812973976	0.09381784498691559	0.1050535812973976	0.09381784498691559	0.03852037712931633	0.04472333565354347	0.02514600567519665	0.03470645099878311	0.106851689517498	0.09838103502988815	0.09838103502988815	0.09838103502988815	0.155731201171875	0.1050535812973976	0.03531420975923538	0.09381784498691559	0.02989405393600464	0.09381784498691559	0.09381784498691559	0.09838103502988815	0.1494365036487579	0.1013775989413261	0.03470643982291222	0.03171092644333839	0.03470643982291222	0.03786705434322357	0.03171092644333839	0.09381784498691559	0.1047025620937347	0.03786704689264297	0.1869271248579025	0.1012503206729889	0.02682668715715408	0.02682669460773468	0.02348495274782181	0.02989405393600464	0.03181854262948036	0.03181854262948036	0.08202259987592697	0.09973281621932983	0.02682668715715408	0.09381784498691559	0.05467211455106735	0.09381784498691559	0.03303280100226402	0.08271626383066177	0.07826885581016541	0.09381784498691559	0.09381784498691559	0.03308619931340218	0.104336142539978	0.09381784498691559	0.07360568642616272	0.1269525587558746	0.09993191808462143	0.02305055037140846	0.08330113440752029	0.1195696890354156	0.1238778308033943	0.1195696890354156	0.09381784498691559	0.02347221225500107	0.05018952116370201	0.122427299618721	0.104336142539978	0.09381784498691559	0.0133560411632061	0.06815090030431747	0.1023989766836166	0.09381784498691559	0.00503561832010746	0.08330113440752029	0.1158524379134178	0	0.01006596069782972	0.09381784498691559	0.00503561832010746	0.1023989766836166	0.1053525432944298
S9-female-1	0.09684605151414871	0.09381914138793945	0.03317208215594292	0.03367184102535248	0.09694217890501022	0.09381914138793945	0.09684605151414871	0.0549934096634388	0.09684605151414871	0.09046231210231781	0.09381914138793945	0.07360558211803436	0.03806025162339211	0.07020940631628036	0.08664443343877792	0.02021356113255024	0.09381914138793945	0.0973634272813797	0.1001877784729004	0.1879790872335434	0.07360558956861496	0.07360558956861496	0.07360558956861496	0.07670001685619354	0.07360558956861496	0.0149547653272748	0.02021356113255024	0.03694077581167221	0.03308755904436111	0.03786839172244072	0.09838231652975082	0.1050548329949379	0.1068529412150383	0.09838231652975082	0.09838231652975082	0.1068529486656189	0.05689666420221329	0.07596012949943542	0.03308755904436111	0.03694076463580132	0.03694076463580132	0.03694076463580132	0.1257103532552719	0.1068529486656189	0.03470779582858086	0.03470779582858086	0.1024002432823181	0.1879790872335434	0.03470779582858086	0.1068529412150383	0.1050548329949379	0.1050548329949379	0.1050548329949379	0.09381914138793945	0.1024002432823181	0.09381914138793945	0.1024002432823181	0.09381914138793945	0.09989901632070541	0.1369078010320663	0.03531556203961372	0.03701356798410416	0.1047038286924362	0.1013788729906082	0.1050548329949379	0.1050548329949379	0.180139496922493	0.09838231652975082	0.1050548329949379	0.09838231652975082	0.1053538024425507	0.1024002432823181	0.1053538098931313	0.1024002432823181	0.1001877784729004	0.09381914138793945	0.09838231652975082	0.09381914138793945	0.1251230984926224	0.09838231652975082	0.1050548329949379	0.09381914138793945	0.1050548329949379	0.09381914138793945	0.03852172195911407	0.04472465813159943	0.02514738589525223	0.03470778465270996	0.1068529412150383	0.09838231652975082	0.09838231652975082	0.09838231652975082	0.1557323485612869	0.1050548329949379	0.03531556203961372	0.09381914138793945	0.02989541552960873	0.09381914138793945	0.09381914138793945	0.09838231652975082	0.1494376510381699	0.1013788729906082	0.03470779210329056	0.03171229735016823	0.03470779210329056	0.03786839172244072	0.03171229735016823	0.09381914138793945	0.1047038286924362	0.03786838427186012	0.1869281679391861	0.101251482963562	0.02682806923985481	0.02682805992662907	0.02348633855581284	0.02989541552960873	0.0318199135363102	0.0318199135363102	0.08202383667230606	0.09973400831222534	0.02682806923985481	0.09381914138793945	0.06393013894557953	0.09381914138793945	0.0330314077436924	0.08271753042936325	0.07826745510101318	0.09381914138793945	0.09381914138793945	0.03308755159378052	0.1135619580745697	0.09381914138793945	0.08330114185810089	0.1269537359476089	0.1092244237661362	0.0327722579240799	0.07360558211803436	0.1195709034800529	0.1238790303468704	0.1195709034800529	0.09381914138793945	0.03318765759468079	0.05018816888332367	0.1224284917116165	0.1135619580745697	0.09381914138793945	0.003340303199365735	0.07721428573131561	0.1024002432823181	0.09381914138793945	0.01502592209726572	0.07360558211803436	0.1249048560857773	0.01006596069782972	0	0.09381914138793945	0.01502592209726572	0.1024002432823181	0.1053538024425507
S9-female-2	0.003684850875288248	0	0.1238790526986122	0.06859510391950607	0.037590142339468	0	0.003684850875288248	0.1351428478956223	0.003684850875288248	0.04100508242845535	0	0.02181959897279739	0.1195696890354156	0.157441571354866	0.1394043415784836	0.0751241073012352	0	0.149332121014595	0.007371282670646906	0.1231062337756157	0.02181960642337799	0.02181960642337799	0.02181960642337799	0.02534568123519421	0.02181960642337799	0.1073708459734917	0.0751241073012352	0.09219641983509064	0.09685894101858139	0.1013916283845901	0.005554064642637968	0.01291358098387718	0.02714952640235424	0.005554064642637968	0.005554064642637968	0.02714953199028969	0.1453777998685837	0.1287690997123718	0.09685894101858139	0.09219640493392944	0.09219640493392944	0.09219640493392944	0.04960213974118233	0.02714953199028969	0.09839515388011932	0.09839515388011932	0.0218347143381834	0.1231062337756157	0.09839515388011932	0.02714952640235424	0.01291358098387718	0.01291358098387718	0.01291358098387718	0	0.0218347143381834	0	0.0218347143381834	0	0.04100364446640015	0.06289178133010864	0.07022888958454132	0.07204136252403259	0.01286420412361622	0.009198172017931938	0.01291358098387718	0.01291358098387718	0.1040929481387138	0.005554064642637968	0.01291358098387718	0.005554064642637968	0.02536068670451641	0.0218347143381834	0.02536069601774216	0.0218347143381834	0.007371282670646906	0	0.005554064642637968	0	0.04890431091189384	0.005554064642637968	0.01291358098387718	0	0.01291358098387718	0	0.07341517508029938	0.08913343399763107	0.07987701147794724	0.09839515388011932	0.02714952640235424	0.005554064642637968	0.005554064642637968	0.005554064642637968	0.07420617341995239	0.01291358098387718	0.07022888958454132	0	0.0938321053981781	0	0	0.005554064642637968	0.06730365008115768	0.009198172017931938	0.09839514642953873	0.08639058470726013	0.09839514642953873	0.1013916283845901	0.08639058470726013	0	0.01286420412361622	0.1013916283845901	0.1118900030851364	0.15306556224823	0.08168741315603256	0.08168742060661316	0.07827697694301605	0.0938321053981781	0.08668649196624756	0.08668649196624756	0.1347806602716446	0.151608482003212	0.08168741315603256	0	0.1433607488870621	0	0.1057761311531067	0.06779924035072327	0.02713105641305447	0	0	0.09685893356800079	0.05675254389643669	0	0.02181810326874256	0.04019862413406372	0.0517570897936821	0.1147058382630348	0.02181959897279739	0.03126809746026993	0.03648116812109947	0.03126809746026993	0	0.1150879487395287	0.1392987072467804	0.03472651168704033	0.05675254389643669	0	0.09684604406356812	0.1555749773979187	0.0218347143381834	0	0.09838103502988815	0.02181959897279739	0.06979701668024063	0.09381784498691559	0.09381914138793945	0	0.09838103502988815	0.0218347143381834	0.02536068670451641
S9-female-3	0.1013775989413261	0.09838103502988815	0.03787493705749512	0.03852037712931633	0.0919865220785141	0.09838103502988815	0.1013775989413261	0.05019128695130348	0.1013775989413261	0.1043276116251945	0.09838103502988815	0.08789414912462234	0.0331721231341362	0.08353579044342041	0.08189274370670319	0.02514600567519665	0.09838103502988815	0.1015513241291046	0.1047025620937347	0.1916239112615585	0.08789416402578354	0.08789416402578354	0.08789416402578354	0.09091043472290039	0.08789416402578354	0.02961059100925922	0.02514600567519665	0.04178900644183159	0.03786705434322357	0.03292261064052582	0.09334541112184525	0.1000179573893547	0.101891003549099	0.09334541112184525	0.09334541112184525	0.1018910109996796	0.07053788751363754	0.08034851402044296	0.03786705434322357	0.04178900271654129	0.04178900271654129	0.04178900271654129	0.1299341470003128	0.1018910109996796	0.02974576316773891	0.02974576316773891	0.106851689517498	0.1916239112615585	0.02974576316773891	0.101891003549099	0.1000179573893547	0.1000179573893547	0.1000179573893547	0.09838103502988815	0.106851689517498	0.09838103502988815	0.106851689517498	0.09838103502988815	0.09495958685874939	0.1410243660211563	0.03027858957648277	0.04184533655643463	0.09968367218971252	0.09635871648788452	0.1000179573893547	0.1000179573893547	0.1755594462156296	0.09334541112184525	0.1000179573893547	0.09334541112184525	0.1097760871052742	0.106851689517498	0.1097760871052742	0.106851689517498	0.1047025620937347	0.09838103502988815	0.09334541112184525	0.09838103502988815	0.1293525695800781	0.09334541112184525	0.1000179573893547	0.09838103502988815	0.1000179573893547	0.09838103502988815	0.03350149467587471	0.03976265341043472	0.02011038549244404	0.02974576503038406	0.101891003549099	0.09334541112184525	0.09334541112184525	0.09334541112184525	0.1509807258844376	0.1000179573893547	0.03027858957648277	0.09838103502988815	0.03470643982291222	0.09838103502988815	0.09838103502988815	0.09334541112184525	0.1446860432624817	0.09635871648788452	0.02974575757980347	0.02669204398989677	0.02974575757980347	0.03292261064052582	0.02669204398989677	0.09838103502988815	0.09968367218971252	0.03292260691523552	0.1823691874742508	0.09660781919956207	0.03171092644333839	0.03171093389391899	0.02838596701622009	0.03470643982291222	0.02678292617201805	0.02678292617201805	0.08636975288391113	0.1038999855518341	0.03171092644333839	0.09838103502988815	0.04988771677017212	0.09838103502988815	0.03779039904475212	0.07779580354690552	0.08288709819316864	0.09838103502988815	0.09838103502988815	0.03786704689264297	0.09944292902946472	0.09838103502988815	0.07827065140008926	0.1311889141798019	0.104336142539978	0.01810610666871071	0.08789414912462234	0.1238778308033943	0.1189846098423004	0.1238778308033943	0.09838103502988815	0.01852990128099918	0.05473349988460541	0.1267075836658478	0.09944292902946472	0.09838103502988815	0.0182831697165966	0.06343470513820648	0.106851689517498	0.09838103502988815	0	0.08789414912462234	0.1201026067137718	0.00503561832010746	0.01502592209726572	0.09838103502988815	0	0.106851689517498	0.1097760871052742
S9-male-1	0.02536068670451641	0.0218347143381834	0.131744772195816	0.08756545931100845	0.01610712520778179	0.0218347143381834	0.02536068670451641	0.115837424993515	0.02536068670451641	0.01959829404950142	0.0218347143381834	0.03223241493105888	0.1275361925363541	0.1386338770389557	0.1557436883449554	0.0938321053981781	0.0218347143381834	0.1651841849088669	0.02896691672503948	0.1035321205854416	0.03223241865634918	0.03223241865634918	0.03223241865634918	0.03566491231322289	0.03223241865634918	0.08744549006223679	0.0938321053981781	0.1105590760707855	0.07669892162084579	0.08133279532194138	0.02714952640235424	0.0343492217361927	0.005433451849967241	0.02714952640235424	0.02714952640235424	0.005433459300547838	0.1527497619390488	0.1453893333673477	0.07669892162084579	0.1105590686202049	0.1105590686202049	0.1105590686202049	0.02838725037872791	0.005433459300547838	0.07826942950487137	0.07826942950487137	0	0.1035321205854416	0.07826942950487137	0.005433451849967241	0.0343492217361927	0.0343492217361927	0.0343492217361927	0.0218347143381834	0	0.0218347143381834	0	0.0218347143381834	0.01959682442247868	0.0419735498726368	0.08913343399763107	0.09094152599573135	0.03422406315803528	0.0306373592466116	0.0343492217361927	0.0343492217361927	0.1216584891080856	0.02714952640235424	0.0343492217361927	0.02714952640235424	0.003604683093726635	0	0.003604690777137876	0	0.02896691672503948	0.0218347143381834	0.02714952640235424	0.0218347143381834	0.02767385169863701	0.02714952640235424	0.0343492217361927	0.0218347143381834	0.0343492217361927	0.0218347143381834	0.09219168126583099	0.06880096346139908	0.09839514642953873	0.07826942950487137	0.005433451849967241	0.02714952640235424	0.02714952640235424	0.02714952640235424	0.09308785200119019	0.0343492217361927	0.08913343399763107	0.0218347143381834	0.0736045241355896	0.0218347143381834	0.0218347143381834	0.02714952640235424	0.08632610738277435	0.0306373592466116	0.07826942205429077	0.1047165244817734	0.07826942205429077	0.08133279532194138	0.1047165244817734	0.0218347143381834	0.03422406315803528	0.08133278787136078	0.1292169541120529	0.1687800735235214	0.1002006158232689	0.1002006232738495	0.09685893356800079	0.0736045241355896	0.1050675809383392	0.1050675809383392	0.1512341946363449	0.1673766076564789	0.1002006158232689	0.0218347143381834	0.1242387592792511	0.0218347143381834	0.08581516891717911	0.04699054732918739	0.03740305081009865	0.0218347143381834	0.0218347143381834	0.07669892162084579	0.06625582277774811	0.0218347143381834	0.03223095834255219	0.0603308379650116	0.0613880343735218	0.09494421631097794	0.03223241493105888	0.05177269876003265	0.05676798895001411	0.05177269876003265	0.0218347143381834	0.1231598779559135	0.1200860291719437	0.05508650466799736	0.06625582277774811	0.0218347143381834	0.1053537875413895	0.1367256343364716	0	0.0218347143381834	0.106851689517498	0.03223241493105888	0.04903293028473854	0.1023989766836166	0.1024002432823181	0.0218347143381834	0.106851689517498	0	0.003604683093726635
S9-male-2	0.0217560064047575	0.02536068670451641	0.1345086693763733	0.08419083058834076	0.01959682442247868	0.02536068670451641	0.0217560064047575	0.1126387640833855	0.0217560064047575	0.01605147123336792	0.02536068670451641	0.03566491231322289	0.130326896905899	0.1413097232580185	0.1583911627531052	0.09685893356800079	0.02536068670451641	0.1677538007497787	0.02536223456263542	0.1064301207661629	0.03566491976380348	0.03566491976380348	0.03566491976380348	0.03211808949708939	0.03566491976380348	0.09044825285673141	0.09685893356800079	0.1135300323367119	0.0733586773276329	0.07800930738449097	0.0306373592466116	0.03781124204397202	0.008999140001833439	0.0306373592466116	0.0306373592466116	0.008999147452414036	0.1553817540407181	0.148082047700882	0.0733586773276329	0.1135300323367119	0.1135300323367119	0.1135300323367119	0.03179053589701653	0.008999147452414036	0.08133279532194138	0.08133279532194138	0.003604683093726635	0.1064301207661629	0.08133279532194138	0.008999140001833439	0.03781124204397202	0.03781124204397202	0.03781124204397202	0.02536068670451641	0.003604683093726635	0.02536068670451641	0.003604683093726635	0.02536068670451641	0.01604999601840973	0.03850767388939857	0.09219168126583099	0.08756690472364426	0.03063889592885971	0.02705219201743603	0.03781124204397202	0.03781124204397202	0.1184099689126015	0.0306373592466116	0.03781124204397202	0.0306373592466116	0	0.003604683093726635	7.718681693802409e-09	0.003604683093726635	0.02536223456263542	0.02536068670451641	0.0306373592466116	0.02536068670451641	0.03108212538063526	0.0306373592466116	0.03781124204397202	0.02536068670451641	0.03781124204397202	0.02536068670451641	0.08883416652679443	0.07192748039960861	0.1013916283845901	0.08133278787136078	0.008999140001833439	0.0306373592466116	0.0306373592466116	0.0306373592466116	0.09614218026399612	0.03781124204397202	0.09219168126583099	0.02536068670451641	0.07669892162084579	0.02536068670451641	0.02536068670451641	0.0306373592466116	0.08940320461988449	0.02705219201743603	0.08133278787136078	0.1013930439949036	0.08133278787136078	0.07800930738449097	0.1013930439949036	0.02536068670451641	0.03063889592885971	0.07800929993391037	0.1259844154119492	0.1657058149576187	0.096860371530056	0.096860371530056	0.0935186892747879	0.07669892162084579	0.1080418825149536	0.1080418825149536	0.1480833888053894	0.1699327677488327	0.096860371530056	0.02536068670451641	0.1210704892873764	0.02536068670451641	0.0825079008936882	0.04354282468557358	0.04079903289675713	0.02536068670451641	0.02536068670451641	0.07335866987705231	0.06945161521434784	0.02536068670451641	0.03566346690058708	0.05685549229383469	0.06461717933416367	0.0916699692606926	0.03566491231322289	0.05508650466799736	0.06004703789949417	0.05508650466799736	0.02536068670451641	0.1199348568916321	0.1169027388095856	0.05159176141023636	0.06945161521434784	0.02536068670451641	0.1020632907748222	0.1336025446653366	0.003604683093726635	0.02536068670451641	0.1097760871052742	0.03566491231322289	0.04559259116649628	0.1053525432944298	0.1053538024425507	0.02536068670451641	0.1097760871052742	0.003604683093726635	0
